レースコード,レース日,レース場コード,レース回,状態,1枠_枠番pt,1枠_寄与_枠番pt,1枠_選手pt,1枠_寄与_選手pt,1枠_モーターpt,1枠_寄与_モーターpt,1枠_展示pt,1枠_寄与_展示pt,1枠_気象pt,1枠_寄与_気象pt,1枠_強さpt,2枠_枠番pt,2枠_寄与_枠番pt,2枠_選手pt,2枠_寄与_選手pt,2枠_モーターpt,2枠_寄与_モーターpt,2枠_展示pt,2枠_寄与_展示pt,2枠_気象pt,2枠_寄与_気象pt,2枠_強さpt,3枠_枠番pt,3枠_寄与_枠番pt,3枠_選手pt,3枠_寄与_選手pt,3枠_モーターpt,3枠_寄与_モーターpt,3枠_展示pt,3枠_寄与_展示pt,3枠_気象pt,3枠_寄与_気象pt,3枠_強さpt,4枠_枠番pt,4枠_寄与_枠番pt,4枠_選手pt,4枠_寄与_選手pt,4枠_モーターpt,4枠_寄与_モーターpt,4枠_展示pt,4枠_寄与_展示pt,4枠_気象pt,4枠_寄与_気象pt,4枠_強さpt,5枠_枠番pt,5枠_寄与_枠番pt,5枠_選手pt,5枠_寄与_選手pt,5枠_モーターpt,5枠_寄与_モーターpt,5枠_展示pt,5枠_寄与_展示pt,5枠_気象pt,5枠_寄与_気象pt,5枠_強さpt,6枠_枠番pt,6枠_寄与_枠番pt,6枠_選手pt,6枠_寄与_選手pt,6枠_モーターpt,6枠_寄与_モーターpt,6枠_展示pt,6枠_寄与_展示pt,6枠_気象pt,6枠_寄与_気象pt,6枠_強さpt
202609090101,2026-09-09,01,1R,daily,68.49,25.96,45.67,8.94,48.88,6.04,50.0,10.9,50.0,4.18,56.02,52.33,19.84,42.06,8.23,56.52,6.98,50.0,10.9,50.0,4.18,50.13,52.57,19.93,43.86,8.59,50.61,6.26,50.0,10.9,50.0,4.18,49.85,47.29,17.93,47.47,9.29,44.63,5.52,50.0,10.9,50.0,4.18,47.81,44.66,16.93,42.06,8.23,43.31,5.35,50.0,10.9,50.0,4.18,45.59,34.48,13.07,33.03,6.47,37.51,4.64,50.0,10.9,50.0,4.18,39.25
202609090101,2026-09-09,01,1R,realtime,68.49,25.96,45.67,8.94,48.88,6.04,58.79,12.82,46.93,3.92,57.68,52.33,19.84,42.06,8.23,56.52,6.99,54.1,11.8,44.01,3.68,50.53,52.57,19.93,43.86,8.59,50.61,6.25,43.37,9.46,42.67,3.56,47.79,47.29,17.93,47.47,9.29,44.63,5.52,55.43,12.09,52.31,4.37,49.19,44.66,16.93,42.06,8.23,43.31,5.35,42.69,9.31,63.74,5.32,45.15,34.48,13.07,33.03,6.47,37.51,4.64,45.54,9.93,50.46,4.21,38.32
202609090102,2026-09-09,01,2R,daily,68.49,25.96,42.06,8.23,54.86,6.78,50.0,10.9,50.0,4.18,56.05,52.33,19.84,45.67,8.94,59.38,7.34,50.0,10.9,50.0,4.18,51.19,52.57,19.93,49.28,9.64,43.3,5.35,50.0,10.9,50.0,4.18,50.0,47.29,17.93,54.69,10.7,48.91,6.05,50.0,10.9,50.0,4.18,49.76,44.66,16.93,45.67,8.94,68.69,8.49,50.0,10.9,50.0,4.18,49.44,34.48,13.07,43.86,8.59,42.85,5.3,50.0,10.9,50.0,4.18,42.03
202609090102,2026-09-09,01,2R,realtime,68.49,25.96,42.06,8.23,54.86,6.78,49.54,10.81,46.93,3.92,55.7,52.33,19.84,45.67,8.94,59.38,7.34,59.55,12.99,44.01,3.68,52.78,52.57,19.93,49.28,9.64,43.3,5.35,53.58,11.69,42.67,3.56,50.17,47.29,17.93,54.69,10.7,48.91,6.04,56.6,12.34,52.31,4.37,51.39,44.66,16.93,45.67,8.94,68.69,8.49,40.78,8.89,63.74,5.32,48.57,34.48,13.07,43.86,8.59,42.85,5.3,39.89,8.7,50.46,4.21,39.86
202609090103,2026-09-09,01,3R,daily,68.49,25.96,43.86,8.59,61.22,7.57,50.0,10.9,50.0,4.18,57.19,52.33,19.84,42.06,8.23,39.42,4.87,50.0,10.9,50.0,4.18,48.02,52.57,19.93,43.86,8.59,46.38,5.73,50.0,10.9,50.0,4.18,49.32,47.29,17.93,60.1,11.76,59.28,7.33,50.0,10.9,50.0,4.18,52.1,44.66,16.93,45.67,8.94,47.6,5.88,50.0,10.9,50.0,4.18,46.83,34.48,13.07,60.1,11.76,47.97,5.93,50.0,10.9,50.0,4.18,45.84
202609090103,2026-09-09,01,3R,realtime,68.49,25.96,43.86,8.59,61.22,7.57,63.47,13.84,49.6,4.14,60.1,52.33,19.84,42.06,8.23,39.42,4.87,41.49,9.05,44.28,3.7,45.69,34.48,13.07,43.86,8.59,46.38,5.73,58.11,12.67,48.26,4.03,44.09,52.57,19.93,60.1,11.76,59.28,7.33,41.33,9.01,43.73,3.65,51.68,47.29,17.93,45.67,8.94,47.6,5.88,49.64,10.83,51.08,4.27,47.84,44.66,16.93,60.1,11.76,47.97,5.93,45.89,10.01,63.18,5.28,49.91
202609090104,2026-09-09,01,4R,daily,68.49,25.96,51.08,10.0,38.01,4.7,50.0,10.9,50.0,4.18,55.74,52.33,19.84,43.86,8.59,45.61,5.64,50.0,10.9,50.0,4.18,49.14,52.57,19.93,47.47,9.29,55.26,6.83,50.0,10.9,50.0,4.18,51.13,47.29,17.93,72.73,14.24,42.93,5.3,50.0,10.9,50.0,4.18,52.55,44.66,16.93,45.67,8.94,38.76,4.79,50.0,10.9,50.0,4.18,45.74,34.48,13.07,61.91,12.12,57.82,7.15,50.0,10.9,50.0,4.18,47.41
202609090104,2026-09-09,01,4R,realtime,68.49,25.96,51.08,10.0,38.01,4.7,59.88,13.06,49.88,4.17,57.88,52.33,19.84,43.86,8.59,45.61,5.64,41.38,9.02,45.01,3.76,46.84,52.57,19.93,47.47,9.29,55.26,6.83,54.67,11.92,42.82,3.58,51.55,47.29,17.93,72.73,14.24,42.93,5.31,53.85,11.74,57.77,4.83,54.04,44.66,16.93,45.67,8.94,38.76,4.79,29.69,6.47,51.17,4.27,41.41,34.48,13.07,61.91,12.12,57.82,7.15,60.46,13.19,53.47,4.47,49.98
202609090105,2026-09-09,01,5R,daily,68.49,25.96,54.69,10.7,33.01,4.08,50.0,10.9,50.0,4.18,55.83,52.33,19.84,43.86,8.59,54.67,6.76,50.0,10.9,50.0,4.18,50.26,52.57,19.93,47.47,9.29,53.06,6.56,50.0,10.9,50.0,4.18,50.86,47.29,17.93,49.28,9.64,38.56,4.77,50.0,10.9,50.0,4.18,47.42,44.66,16.93,42.06,8.23,52.06,6.43,50.0,10.9,50.0,4.18,46.68,34.48,13.07,60.1,11.76,59.04,7.3,50.0,10.9,50.0,4.18,47.21
202609090105,2026-09-09,01,5R,realtime,68.49,25.96,54.69,10.7,33.01,4.08,50.1,10.93,49.41,4.13,55.8,52.57,19.93,43.86,8.59,54.67,6.76,45.68,9.96,39.34,3.29,48.52,47.29,17.93,47.47,9.29,53.06,6.56,54.74,11.94,58.57,4.89,50.6,44.66,16.93,49.28,9.64,38.56,4.77,51.93,11.33,50.63,4.23,46.89,34.48,13.07,42.06,8.23,52.06,6.43,45.05,9.83,53.21,4.44,42.01,52.33,19.84,60.1,11.76,59.04,7.3,52.44,11.44,48.93,4.09,54.42
202609090106,2026-09-09,01,6R,daily,68.49,25.96,63.71,12.47,47.78,5.9,50.0,10.9,50.0,4.18,59.42,52.33,19.84,40.25,7.88,39.79,4.92,50.0,10.9,50.0,4.18,47.71,52.57,19.93,43.86,8.59,56.95,7.04,50.0,10.9,50.0,4.18,50.63,47.29,17.93,43.86,8.59,39.75,4.91,50.0,10.9,50.0,4.18,46.51,44.66,16.93,45.67,8.94,53.52,6.61,50.0,10.9,50.0,4.18,47.56,34.48,13.07,42.06,8.23,55.8,6.9,50.0,10.9,50.0,4.18,43.28
202609090106,2026-09-09,01,6R,realtime,68.49,25.96,63.71,12.47,47.78,5.9,61.56,13.42,49.41,4.13,61.89,52.33,19.84,40.25,7.88,39.79,4.92,41.51,9.05,48.93,4.09,45.77,52.57,19.93,43.86,8.59,56.95,7.04,43.96,9.59,39.34,3.29,48.42,47.29,17.93,43.86,8.59,39.75,4.91,52.93,11.54,58.57,4.89,47.86,44.66,16.93,45.67,8.94,53.52,6.61,52.88,11.53,50.63,4.23,48.24,34.48,13.07,42.06,8.23,55.8,6.9,47.09,10.27,53.21,4.44,42.91
202609090107,2026-09-09,01,7R,daily,68.49,25.96,45.67,8.94,49.19,6.08,50.0,10.9,50.0,4.18,56.06,52.33,19.84,43.86,8.59,40.55,5.01,50.0,10.9,50.0,4.18,48.51,52.57,19.93,49.28,9.64,55.91,6.91,50.0,10.9,50.0,4.18,51.56,47.29,17.93,42.06,8.23,43.31,5.35,50.0,10.9,50.0,4.18,46.59,44.66,16.93,42.06,8.23,39.42,4.87,50.0,10.9,50.0,4.18,45.11,34.48,13.07,43.86,8.59,51.08,6.31,50.0,10.9,50.0,4.18,43.05
202609090108,2026-09-09,01,8R,daily,68.49,25.96,49.28,9.64,31.25,3.86,50.0,10.9,50.0,4.18,54.55,52.33,19.84,45.67,8.94,38.76,4.79,50.0,10.9,50.0,4.18,48.65,52.57,19.93,45.67,8.94,38.68,4.78,50.0,10.9,50.0,4.18,48.73,47.29,17.93,40.25,7.88,43.53,5.38,50.0,10.9,50.0,4.18,46.27,44.66,16.93,47.47,9.29,44.63,5.52,50.0,10.9,50.0,4.18,46.82,34.48,13.07,49.28,9.64,58.54,7.23,50.0,10.9,50.0,4.18,45.03
202609090109,2026-09-09,01,9R,daily,68.49,25.96,60.1,11.76,47.97,5.93,50.0,10.9,50.0,4.18,58.73,52.33,19.84,60.1,11.76,59.28,7.33,50.0,10.9,50.0,4.18,54.01,52.57,19.93,72.73,14.24,42.93,5.3,50.0,10.9,50.0,4.18,54.55,47.29,17.93,47.47,9.29,53.06,6.56,50.0,10.9,50.0,4.18,48.86,44.66,16.93,45.67,8.94,59.38,7.34,50.0,10.9,50.0,4.18,48.29,34.48,13.07,42.06,8.23,54.86,6.78,50.0,10.9,50.0,4.18,43.16
202609090110,2026-09-09,01,10R,daily,68.49,25.96,60.1,11.76,59.04,7.3,50.0,10.9,50.0,4.18,60.1,52.33,19.84,43.86,8.59,46.38,5.73,50.0,10.9,50.0,4.18,49.23,52.57,19.93,63.71,12.47,47.78,5.9,50.0,10.9,50.0,4.18,53.38,47.29,17.93,49.28,9.64,43.3,5.35,50.0,10.9,50.0,4.18,48.0,44.66,16.93,54.69,10.7,33.01,4.08,50.0,10.9,50.0,4.18,46.79,34.48,13.07,51.08,10.0,38.01,4.7,50.0,10.9,50.0,4.18,42.85
202609090111,2026-09-09,01,11R,daily,68.49,25.96,61.91,12.12,57.82,7.15,50.0,10.9,50.0,4.18,60.3,52.33,19.84,45.67,8.94,49.19,6.08,50.0,10.9,50.0,4.18,49.93,52.57,19.93,49.28,9.64,38.56,4.77,50.0,10.9,50.0,4.18,49.42,47.29,17.93,47.47,9.29,55.26,6.83,50.0,10.9,50.0,4.18,49.13,44.66,16.93,54.69,10.7,48.91,6.05,50.0,10.9,50.0,4.18,48.76,34.48,13.07,43.86,8.59,61.22,7.57,50.0,10.9,50.0,4.18,44.3
202609090112,2026-09-09,01,12R,daily,68.49,25.96,45.67,8.94,47.6,5.88,50.0,10.9,50.0,4.18,55.86,52.33,19.84,45.67,8.94,68.69,8.49,50.0,10.9,50.0,4.18,52.34,52.57,19.93,43.86,8.59,45.61,5.64,50.0,10.9,50.0,4.18,49.23,47.29,17.93,49.28,9.64,31.25,3.86,50.0,10.9,50.0,4.18,46.51,44.66,16.93,43.86,8.59,54.67,6.76,50.0,10.9,50.0,4.18,47.35,34.48,13.07,49.28,9.64,55.91,6.91,50.0,10.9,50.0,4.18,44.71
202609090301,2026-09-09,03,1R,daily,67.26,30.43,52.24,14.23,51.54,5.52,50.0,3.6,50.0,4.8,58.58,54.05,24.46,49.65,13.52,47.24,5.06,50.0,3.6,50.0,4.8,51.44,52.8,23.89,49.65,13.52,42.02,4.5,50.0,3.6,50.0,4.8,50.32,46.35,20.97,41.89,11.41,61.22,6.56,50.0,3.6,50.0,4.8,47.34,42.93,19.42,47.07,12.82,59.51,6.37,50.0,3.6,50.0,4.8,47.02,37.66,17.04,49.65,13.52,51.3,5.49,50.0,3.6,50.0,4.8,44.46
202609090302,2026-09-09,03,2R,daily,67.26,30.43,52.24,14.23,56.96,6.1,50.0,3.6,50.0,4.8,59.17,54.05,24.46,57.42,15.64,36.9,3.95,50.0,3.6,50.0,4.8,52.45,52.8,23.89,39.3,10.71,59.57,6.38,50.0,3.6,50.0,4.8,49.38,46.35,20.97,44.48,12.12,58.04,6.22,50.0,3.6,50.0,4.8,47.71,42.93,19.42,47.07,12.82,39.65,4.25,50.0,3.6,50.0,4.8,44.89,37.66,17.04,39.3,10.71,50.49,5.41,50.0,3.6,50.0,4.8,41.56
202609090303,2026-09-09,03,3R,daily,67.26,30.43,52.24,14.23,53.45,5.73,50.0,3.6,50.0,4.8,58.79,54.05,24.46,44.48,12.12,61.34,6.57,50.0,3.6,50.0,4.8,51.54,52.8,23.89,44.48,12.12,51.13,5.48,50.0,3.6,50.0,4.8,49.88,46.35,20.97,39.3,10.71,46.76,5.01,50.0,3.6,50.0,4.8,45.09,42.93,19.42,57.42,15.64,50.98,5.46,50.0,3.6,50.0,4.8,48.92,37.66,17.04,52.24,14.23,27.68,2.96,50.0,3.6,50.0,4.8,42.64
202609090304,2026-09-09,03,4R,daily,67.26,30.43,62.59,17.05,51.05,5.47,50.0,3.6,50.0,4.8,61.35,54.05,24.46,39.3,10.71,53.09,5.69,50.0,3.6,50.0,4.8,49.25,52.8,23.89,49.65,13.52,45.94,4.92,50.0,3.6,50.0,4.8,50.74,46.35,20.97,49.65,13.52,61.06,6.54,50.0,3.6,50.0,4.8,49.44,42.93,19.42,52.24,14.23,53.65,5.75,50.0,3.6,50.0,4.8,47.8,37.66,17.04,54.83,14.93,61.24,6.56,50.0,3.6,50.0,4.8,46.94
202609090305,2026-09-09,03,5R,daily,67.26,30.43,62.59,17.05,50.19,5.38,50.0,3.6,50.0,4.8,61.26,54.05,24.46,52.24,14.23,55.27,5.92,50.0,3.6,50.0,4.8,53.01,52.8,23.89,47.07,12.82,30.31,3.25,50.0,3.6,50.0,4.8,48.36,46.35,20.97,49.65,13.52,66.83,7.16,50.0,3.6,50.0,4.8,50.06,42.93,19.42,49.65,13.52,29.51,3.16,50.0,3.6,50.0,4.8,44.51,37.66,17.04,41.89,11.41,44.16,4.73,50.0,3.6,50.0,4.8,41.58
202609090306,2026-09-09,03,6R,daily,67.26,30.43,44.48,12.12,69.47,7.44,50.0,3.6,50.0,4.8,58.39,54.05,24.46,47.07,12.82,50.98,5.46,50.0,3.6,50.0,4.8,51.14,52.8,23.89,49.65,13.52,37.61,4.03,50.0,3.6,50.0,4.8,49.84,46.35,20.97,54.83,14.93,58.65,6.28,50.0,3.6,50.0,4.8,50.59,42.93,19.42,49.65,13.52,51.3,5.49,50.0,3.6,50.0,4.8,46.84,37.66,17.04,83.29,22.69,37.66,4.03,50.0,3.6,50.0,4.8,52.16
202609090307,2026-09-09,03,7R,daily,67.26,30.43,39.3,10.71,59.57,6.38,50.0,3.6,50.0,4.8,55.92,54.05,24.46,47.07,12.82,53.62,5.74,50.0,3.6,50.0,4.8,51.42,52.8,23.89,52.24,14.23,41.97,4.5,50.0,3.6,50.0,4.8,51.02,46.35,20.97,49.65,13.52,47.24,5.06,50.0,3.6,50.0,4.8,47.96,42.93,19.42,78.12,21.28,67.5,7.23,50.0,3.6,50.0,4.8,56.33,37.66,17.04,52.24,14.23,65.63,7.03,50.0,3.6,50.0,4.8,46.7
202609090308,2026-09-09,03,8R,daily,67.26,30.43,44.48,12.12,56.22,6.02,50.0,3.6,50.0,4.8,56.97,54.05,24.46,49.65,13.52,61.06,6.54,50.0,3.6,50.0,4.8,52.92,52.8,23.89,52.24,14.23,59.15,6.34,50.0,3.6,50.0,4.8,52.86,46.35,20.97,49.65,13.52,39.02,4.18,50.0,3.6,50.0,4.8,47.08,42.93,19.42,52.24,14.23,27.68,2.96,50.0,3.6,50.0,4.8,45.02,37.66,17.04,31.54,8.59,58.75,6.29,50.0,3.6,50.0,4.8,40.33
202609090309,2026-09-09,03,9R,daily,67.26,30.43,44.48,12.12,51.13,5.48,50.0,3.6,50.0,4.8,56.43,54.05,24.46,44.48,12.12,58.04,6.22,50.0,3.6,50.0,4.8,51.19,52.8,23.89,49.65,13.52,29.51,3.16,50.0,3.6,50.0,4.8,48.98,46.35,20.97,49.65,13.52,31.99,3.43,50.0,3.6,50.0,4.8,46.33,42.93,19.42,49.65,13.52,42.02,4.5,50.0,3.6,50.0,4.8,45.85,37.66,17.04,49.65,13.52,45.94,4.92,50.0,3.6,50.0,4.8,43.89
202609090310,2026-09-09,03,10R,daily,67.26,30.43,52.24,14.23,53.65,5.75,50.0,3.6,50.0,4.8,58.81,54.05,24.46,47.07,12.82,59.51,6.37,50.0,3.6,50.0,4.8,52.05,52.8,23.89,52.24,14.23,51.16,5.48,50.0,3.6,50.0,4.8,52.0,46.35,20.97,44.48,12.12,61.34,6.57,50.0,3.6,50.0,4.8,48.06,42.93,19.42,47.07,12.82,30.31,3.25,50.0,3.6,50.0,4.8,43.89,37.66,17.04,39.3,10.71,35.28,3.78,50.0,3.6,50.0,4.8,39.93
202609090311,2026-09-09,03,11R,daily,67.26,30.43,83.29,22.69,37.66,4.03,50.0,3.6,50.0,4.8,65.56,54.05,24.46,57.42,15.64,50.98,5.46,50.0,3.6,50.0,4.8,53.96,52.8,23.89,49.65,13.52,66.83,7.16,50.0,3.6,50.0,4.8,52.97,46.35,20.97,52.24,14.23,41.97,4.5,50.0,3.6,50.0,4.8,48.1,42.93,19.42,57.42,15.64,36.9,3.95,50.0,3.6,50.0,4.8,47.42,37.66,17.04,62.59,17.05,51.05,5.47,50.0,3.6,50.0,4.8,47.96
202609090312,2026-09-09,03,12R,daily,67.26,30.43,54.83,14.93,61.24,6.56,50.0,3.6,50.0,4.8,60.33,54.05,24.46,78.12,21.28,67.5,7.23,50.0,3.6,50.0,4.8,61.37,52.8,23.89,54.83,14.93,58.65,6.28,50.0,3.6,50.0,4.8,53.51,46.35,20.97,52.24,14.23,59.15,6.34,50.0,3.6,50.0,4.8,49.94,42.93,19.42,52.24,14.23,55.27,5.92,50.0,3.6,50.0,4.8,47.98,37.66,17.04,52.24,14.23,53.45,5.73,50.0,3.6,50.0,4.8,45.4
202609090401,2026-09-09,04,1R,daily,68.6,22.21,37.76,11.84,46.04,5.43,50.0,10.36,50.0,1.87,51.72,53.19,17.22,42.54,13.34,55.71,6.57,50.0,10.36,50.0,1.87,49.37,50.76,16.44,47.32,14.84,45.13,5.32,50.0,10.36,50.0,1.87,48.83,48.3,15.64,40.15,12.59,56.9,6.71,50.0,10.36,50.0,1.87,47.17,42.68,13.82,47.32,14.84,33.96,4.0,50.0,10.36,50.0,1.87,44.9,35.78,11.58,49.71,15.59,53.25,6.28,50.0,10.36,50.0,1.87,45.69
202609090401,2026-09-09,04,1R,realtime,68.6,22.21,37.76,11.84,46.04,5.43,64.48,13.36,58.23,2.18,55.03,53.19,17.22,42.54,13.34,55.71,6.57,45.87,9.51,40.08,1.5,48.14,50.76,16.44,47.32,14.84,45.13,5.32,37.48,7.77,54.2,2.03,46.39,48.3,15.64,40.15,12.59,56.9,6.71,37.84,7.84,52.44,1.96,44.75,42.68,13.82,47.32,14.84,33.96,4.0,53.68,11.12,67.14,2.51,46.3,35.78,11.58,49.71,15.59,53.25,6.28,60.69,12.58,27.62,1.03,47.06
202609090402,2026-09-09,04,2R,daily,68.6,22.21,37.76,11.84,32.49,3.83,50.0,10.36,50.0,1.87,50.12,53.19,17.22,44.93,14.09,46.82,5.52,50.0,10.36,50.0,1.87,49.07,50.76,16.44,37.76,11.84,40.63,4.79,50.0,10.36,50.0,1.87,45.3,48.3,15.64,42.54,13.34,45.04,5.31,50.0,10.36,50.0,1.87,46.52,42.68,13.82,61.65,19.34,57.54,6.78,50.0,10.36,50.0,1.87,52.17,35.78,11.58,40.15,12.59,46.54,5.49,50.0,10.36,50.0,1.87,41.9
202609090402,2026-09-09,04,2R,realtime,68.6,22.21,37.76,11.84,32.49,3.83,61.74,12.79,67.98,2.55,53.22,53.19,17.22,44.93,14.09,46.82,5.52,36.19,7.5,30.11,1.13,45.46,50.76,16.44,37.76,11.84,40.63,4.79,46.35,9.61,61.03,2.29,44.96,48.3,15.64,42.54,13.34,45.04,5.31,50.61,10.49,60.64,2.27,47.05,42.68,13.82,61.65,19.34,57.54,6.78,63.36,13.13,79.38,2.97,56.04,35.78,11.58,40.15,12.59,46.54,5.49,41.83,8.67,0.57,0.02,38.35
202609090403,2026-09-09,04,3R,daily,68.6,22.21,52.09,16.34,43.67,5.15,50.0,10.36,50.0,1.87,55.93,53.19,17.22,44.93,14.09,38.63,4.55,50.0,10.36,50.0,1.87,48.1,50.76,16.44,44.93,14.09,51.48,6.07,50.0,10.36,50.0,1.87,48.83,48.3,15.64,47.32,14.84,41.97,4.95,50.0,10.36,50.0,1.87,47.66,42.68,13.82,54.48,17.09,60.27,7.11,50.0,10.36,50.0,1.87,50.25,35.78,11.58,44.93,14.09,64.53,7.61,50.0,10.36,50.0,1.87,45.52
202609090403,2026-09-09,04,3R,realtime,68.6,22.21,52.09,16.34,43.67,5.15,49.28,10.21,67.98,2.55,56.46,53.19,17.22,44.93,14.09,38.63,4.55,43.45,9.01,30.11,1.13,46.0,50.76,16.44,44.93,14.09,51.48,6.07,44.07,9.13,61.03,2.29,48.01,48.3,15.64,47.32,14.84,41.97,4.95,39.05,8.09,60.64,2.27,45.79,42.68,13.82,54.48,17.09,60.27,7.11,60.88,12.62,79.38,2.97,53.6,35.78,11.58,44.93,14.09,64.53,7.61,63.33,13.13,0.57,0.02,46.43
202609090404,2026-09-09,04,4R,daily,68.6,22.21,35.37,11.09,49.8,5.87,50.0,10.36,50.0,1.87,51.41,53.19,17.22,56.87,17.84,43.55,5.13,50.0,10.36,50.0,1.87,52.43,50.76,16.44,54.48,17.09,45.41,5.35,50.0,10.36,50.0,1.87,51.11,48.3,15.64,44.93,14.09,35.57,4.19,50.0,10.36,50.0,1.87,46.16,42.68,13.82,49.71,15.59,63.04,7.43,50.0,10.36,50.0,1.87,49.07,35.78,11.58,30.59,9.59,37.12,4.38,50.0,10.36,50.0,1.87,37.79
202609090404,2026-09-09,04,4R,realtime,68.6,22.21,35.37,11.09,49.8,5.87,68.56,14.21,59.87,2.24,55.63,53.19,17.22,56.87,17.84,43.55,5.13,42.21,8.75,39.08,1.46,50.41,50.76,16.44,54.48,17.09,45.41,5.35,50.03,10.37,54.54,2.04,51.29,48.3,15.64,44.93,14.09,35.57,4.19,44.13,9.15,52.57,1.97,45.04,42.68,13.82,49.71,15.59,63.04,7.43,42.88,8.89,70.65,2.65,48.37,35.78,11.58,30.59,9.59,37.12,4.38,52.25,10.83,23.01,0.86,37.24
202609090405,2026-09-09,04,5R,daily,68.6,22.21,54.48,17.09,53.23,6.28,50.0,10.36,50.0,1.87,57.81,53.19,17.22,42.54,13.34,54.84,6.47,50.0,10.36,50.0,1.87,49.26,50.76,16.44,30.59,9.59,43.12,5.08,50.0,10.36,50.0,1.87,43.35,48.3,15.64,49.71,15.59,60.89,7.18,50.0,10.36,50.0,1.87,50.64,42.68,13.82,61.65,19.34,54.4,6.41,50.0,10.36,50.0,1.87,51.8,35.78,11.58,44.93,14.09,36.65,4.32,50.0,10.36,50.0,1.87,42.23
202609090405,2026-09-09,04,5R,realtime,68.6,22.21,54.48,17.09,53.23,6.28,58.64,12.15,59.21,2.22,59.95,50.76,16.44,42.54,13.34,54.84,6.47,51.35,10.64,54.43,2.04,48.92,48.3,15.64,30.59,9.59,43.12,5.08,46.82,9.7,52.58,1.97,41.99,42.68,13.82,49.71,15.59,60.89,7.18,54.21,11.24,66.12,2.48,50.3,35.78,11.58,61.65,19.34,54.4,6.41,45.98,9.53,27.35,1.02,47.89,53.19,17.22,44.93,14.09,36.65,4.32,43.06,8.92,40.02,1.5,46.06
202609090406,2026-09-09,04,6R,daily,68.6,22.21,52.09,16.34,55.85,6.58,50.0,10.36,50.0,1.87,57.37,53.19,17.22,37.76,11.84,47.27,5.57,50.0,10.36,50.0,1.87,46.87,50.76,16.44,44.93,14.09,46.3,5.46,50.0,10.36,50.0,1.87,48.22,48.3,15.64,52.09,16.34,45.29,5.34,50.0,10.36,50.0,1.87,49.55,42.68,13.82,71.21,22.33,47.66,5.62,50.0,10.36,50.0,1.87,54.01,35.78,11.58,32.98,10.34,41.47,4.89,50.0,10.36,50.0,1.87,39.05
202609090406,2026-09-09,04,6R,realtime,68.6,22.21,52.09,16.34,55.85,6.58,62.76,13.01,59.21,2.22,60.36,53.19,17.22,37.76,11.84,47.27,5.57,48.6,10.07,40.02,1.5,46.21,50.76,16.44,44.93,14.09,46.3,5.46,34.13,7.07,54.43,2.04,45.1,48.3,15.64,52.09,16.34,45.29,5.34,48.87,10.13,52.58,1.97,49.41,42.68,13.82,71.21,22.33,47.66,5.62,60.95,12.63,66.12,2.48,56.88,35.78,11.58,32.98,10.34,41.47,4.89,44.78,9.28,27.35,1.02,37.12
202609090407,2026-09-09,04,7R,daily,68.6,22.21,40.15,12.59,56.9,6.71,50.0,10.36,50.0,1.87,53.75,53.19,17.22,44.93,14.09,40.92,4.82,50.0,10.36,50.0,1.87,48.37,50.76,16.44,49.71,15.59,59.27,6.99,50.0,10.36,50.0,1.87,51.25,48.3,15.64,37.76,11.84,32.49,3.83,50.0,10.36,50.0,1.87,43.55,42.68,13.82,78.38,24.58,50.94,6.01,50.0,10.36,50.0,1.87,56.64,35.78,11.58,42.54,13.34,45.04,5.31,50.0,10.36,50.0,1.87,42.47
202609090407,2026-09-09,04,7R,realtime,68.6,22.21,40.15,12.59,56.9,6.71,69.23,14.35,58.23,2.18,58.04,53.19,17.22,44.93,14.09,40.92,4.82,55.32,11.47,40.08,1.5,49.1,50.76,16.44,49.71,15.59,59.27,6.99,36.53,7.57,54.2,2.03,48.61,48.3,15.64,37.76,11.84,32.49,3.83,41.38,8.58,52.44,1.96,41.85,42.68,13.82,78.38,24.58,50.94,6.01,57.9,12.0,67.14,2.51,58.92,35.78,11.58,42.54,13.34,45.04,5.31,39.69,8.23,27.62,1.03,39.49
202609090408,2026-09-09,04,8R,daily,68.6,22.21,44.93,14.09,51.48,6.07,50.0,10.36,50.0,1.87,54.61,53.19,17.22,42.54,13.34,45.95,5.42,50.0,10.36,50.0,1.87,48.22,50.76,16.44,49.71,15.59,53.25,6.28,50.0,10.36,50.0,1.87,50.54,48.3,15.64,52.09,16.34,25.51,3.01,50.0,10.36,50.0,1.87,47.22,42.68,13.82,44.93,14.09,33.31,3.93,50.0,10.36,50.0,1.87,44.07,35.78,11.58,49.71,15.59,47.33,5.58,50.0,10.36,50.0,1.87,44.99
202609090408,2026-09-09,04,8R,realtime,68.6,22.21,44.93,14.09,51.48,6.07,53.69,11.13,57.49,2.15,55.65,53.19,17.22,42.54,13.34,45.95,5.42,57.64,11.95,45.86,1.72,49.64,50.76,16.44,49.71,15.59,53.25,6.28,52.54,10.89,51.57,1.93,51.12,48.3,15.64,52.09,16.34,25.51,3.01,46.06,9.55,50.58,1.89,46.42,42.68,13.82,44.93,14.09,33.31,3.93,50.42,10.45,62.97,2.36,44.64,35.78,11.58,49.71,15.59,47.33,5.58,39.72,8.23,31.24,1.17,42.16
202609090409,2026-09-09,04,9R,daily,68.6,22.21,44.93,14.09,35.57,4.19,50.0,10.36,50.0,1.87,52.73,53.19,17.22,37.76,11.84,44.46,5.24,50.0,10.36,50.0,1.87,46.54,50.76,16.44,52.09,16.34,41.94,4.95,50.0,10.36,50.0,1.87,49.95,48.3,15.64,37.76,11.84,46.04,5.43,50.0,10.36,50.0,1.87,45.14,42.68,13.82,54.48,17.09,39.58,4.67,50.0,10.36,50.0,1.87,47.81,35.78,11.58,37.76,11.84,40.63,4.79,50.0,10.36,50.0,1.87,40.45
202609090409,2026-09-09,04,9R,realtime,68.6,22.21,44.93,14.09,35.57,4.19,60.87,12.61,58.23,2.18,55.29,53.19,17.22,37.76,11.84,44.46,5.24,36.64,7.59,40.08,1.5,43.4,50.76,16.44,52.09,16.34,41.94,4.94,52.46,10.87,54.2,2.03,50.62,48.3,15.64,37.76,11.84,46.04,5.43,62.26,12.9,52.44,1.96,47.77,42.68,13.82,54.48,17.09,39.58,4.67,47.7,9.89,67.14,2.51,47.97,35.78,11.58,37.76,11.84,40.63,4.79,40.12,8.31,27.62,1.03,37.56
202609090410,2026-09-09,04,10R,daily,68.6,22.21,61.65,19.34,57.54,6.78,50.0,10.36,50.0,1.87,60.57,53.19,17.22,54.48,17.09,60.27,7.11,50.0,10.36,50.0,1.87,53.65,50.76,16.44,49.71,15.59,60.89,7.18,50.0,10.36,50.0,1.87,51.44,48.3,15.64,47.32,14.84,45.13,5.32,50.0,10.36,50.0,1.87,48.03,42.68,13.82,56.87,17.84,43.55,5.13,50.0,10.36,50.0,1.87,49.02,35.78,11.58,52.09,16.34,43.67,5.15,50.0,10.36,50.0,1.87,45.3
202609090410,2026-09-09,04,10R,realtime,68.6,22.21,61.65,19.34,57.54,6.78,70.74,14.66,58.84,2.2,65.2,53.19,17.22,54.48,17.09,60.27,7.11,57.45,11.91,47.6,1.78,55.11,48.3,15.64,49.71,15.59,60.89,7.18,47.93,9.93,52.94,1.98,50.32,42.68,13.82,47.32,14.84,45.13,5.32,48.16,9.98,60.75,2.27,46.23,35.78,11.58,56.87,17.84,43.55,5.13,40.64,8.42,41.31,1.55,44.53,50.76,16.44,52.09,16.34,43.67,5.15,35.14,7.28,38.28,1.43,46.64
202609090411,2026-09-09,04,11R,daily,68.6,22.21,71.21,22.33,47.66,5.62,50.0,10.36,50.0,1.87,62.4,53.19,17.22,61.65,19.34,54.4,6.41,50.0,10.36,50.0,1.87,55.21,50.76,16.44,52.09,16.34,45.29,5.34,50.0,10.36,50.0,1.87,50.35,48.3,15.64,54.48,17.09,45.41,5.35,50.0,10.36,50.0,1.87,50.32,42.68,13.82,44.93,14.09,38.63,4.55,50.0,10.36,50.0,1.87,44.7,35.78,11.58,54.48,17.09,53.23,6.28,50.0,10.36,50.0,1.87,47.18
202609090411,2026-09-09,04,11R,realtime,68.6,22.21,71.21,22.33,47.66,5.62,69.08,14.32,57.86,2.17,66.65,53.19,17.22,61.65,19.34,54.4,6.41,46.96,9.73,47.66,1.78,54.49,50.76,16.44,52.09,16.34,45.29,5.34,55.46,11.49,38.05,1.42,51.03,48.3,15.64,54.48,17.09,45.41,5.35,37.42,7.75,52.8,1.98,47.81,42.68,13.82,44.93,14.09,38.63,4.55,49.62,10.28,61.76,2.31,45.06,35.78,11.58,54.48,17.09,53.23,6.28,41.53,8.61,41.58,1.56,45.11
202609090412,2026-09-09,04,12R,daily,68.6,22.21,78.38,24.58,50.94,6.01,50.0,10.36,50.0,1.87,65.04,53.19,17.22,49.71,15.59,63.04,7.43,50.0,10.36,50.0,1.87,52.48,50.76,16.44,47.32,14.84,41.97,4.95,50.0,10.36,50.0,1.87,48.46,48.3,15.64,49.71,15.59,59.27,6.99,50.0,10.36,50.0,1.87,50.45,42.68,13.82,42.54,13.34,54.84,6.47,50.0,10.36,50.0,1.87,45.86,35.78,11.58,52.09,16.34,55.85,6.58,50.0,10.36,50.0,1.87,46.74
202609090412,2026-09-09,04,12R,realtime,68.6,22.21,78.38,24.58,50.94,6.01,70.2,14.55,52.66,1.97,69.32,53.19,17.22,49.71,15.59,63.04,7.43,43.79,9.07,41.35,1.55,50.87,50.76,16.44,47.32,14.84,41.97,4.95,38.52,7.98,52.93,1.98,46.19,48.3,15.64,49.71,15.59,59.27,6.99,41.86,8.68,51.76,1.94,48.83,42.68,13.82,42.54,13.34,54.84,6.47,49.3,10.22,67.68,2.53,46.38,35.78,11.58,52.09,16.34,55.85,6.58,56.39,11.69,33.32,1.25,47.44
202609090501,2026-09-09,05,1R,daily,68.91,25.09,39.88,10.76,26.85,2.39,50.0,10.1,50.0,3.76,52.09,51.23,18.65,37.47,10.11,51.77,4.62,50.0,10.1,50.0,3.76,47.23,50.59,18.42,44.71,12.06,42.46,3.79,50.0,10.1,50.0,3.76,48.11,48.62,17.7,47.12,12.71,39.12,3.49,50.0,10.1,50.0,3.76,47.75,44.78,16.3,49.53,13.36,48.87,4.36,50.0,10.1,50.0,3.76,47.87,35.65,12.98,44.71,12.06,63.12,5.63,50.0,10.1,50.0,3.76,44.52
202609090501,2026-09-09,05,1R,realtime,68.91,25.09,39.88,10.76,26.85,2.39,52.56,10.61,48.04,3.61,52.46,51.23,18.65,37.47,10.11,51.77,4.62,38.76,7.83,51.89,3.9,45.1,50.59,18.42,44.71,12.06,42.46,3.79,49.58,10.01,67.94,5.11,49.38,48.62,17.7,47.12,12.71,39.12,3.49,53.4,10.78,46.79,3.52,48.2,44.78,16.3,49.53,13.36,48.87,4.36,48.55,9.8,31.89,2.4,46.22,35.65,12.98,44.71,12.06,63.12,5.63,57.05,11.52,53.26,4.0,46.19
202609090502,2026-09-09,05,2R,daily,68.91,25.09,49.53,13.36,61.37,5.47,50.0,10.1,50.0,3.76,57.77,51.23,18.65,49.53,13.36,51.86,4.62,50.0,10.1,50.0,3.76,50.49,50.59,18.42,56.76,15.31,50.23,4.48,50.0,10.1,50.0,3.76,52.06,48.62,17.7,44.71,12.06,46.19,4.12,50.0,10.1,50.0,3.76,47.73,44.78,16.3,54.35,14.66,48.57,4.33,50.0,10.1,50.0,3.76,49.15,35.65,12.98,56.76,15.31,64.51,5.75,50.0,10.1,50.0,3.76,47.89
202609090502,2026-09-09,05,2R,realtime,68.91,25.09,49.53,13.36,61.37,5.47,65.1,13.14,43.77,3.29,60.35,51.23,18.65,49.53,13.36,51.86,4.62,41.98,8.48,59.94,4.51,49.62,48.62,17.7,56.76,15.31,50.23,4.48,60.85,12.29,47.12,3.54,53.32,44.78,16.3,44.71,12.06,46.19,4.12,54.52,11.01,38.06,2.86,46.35,50.59,18.42,54.35,14.66,48.57,4.33,40.16,8.11,66.73,5.02,50.53,35.65,12.98,56.76,15.31,64.51,5.75,37.3,7.53,44.18,3.32,44.89
202609090503,2026-09-09,05,3R,daily,68.91,25.09,39.88,10.76,57.85,5.16,50.0,10.1,50.0,3.76,54.86,51.23,18.65,47.12,12.71,42.61,3.8,50.0,10.1,50.0,3.76,49.01,50.59,18.42,51.94,14.01,44.91,4.0,50.0,10.1,50.0,3.76,50.28,48.62,17.7,47.12,12.71,45.9,4.09,50.0,10.1,50.0,3.76,48.36,44.78,16.3,49.53,13.36,35.8,3.19,50.0,10.1,50.0,3.76,46.71,35.65,12.98,51.94,14.01,53.43,4.76,50.0,10.1,50.0,3.76,45.6
202609090503,2026-09-09,05,3R,realtime,68.91,25.09,39.88,10.76,57.85,5.16,45.45,9.18,43.77,3.29,53.47,51.23,18.65,47.12,12.71,42.61,3.8,42.91,8.66,59.94,4.51,48.33,50.59,18.42,51.94,14.01,44.91,4.0,54.86,11.08,66.73,5.02,52.52,48.62,17.7,47.12,12.71,45.9,4.09,46.62,9.41,47.12,3.54,47.46,44.78,16.3,49.53,13.36,35.8,3.19,48.25,9.74,38.06,2.86,45.46,35.65,12.98,51.94,14.01,53.43,4.76,61.81,12.48,44.18,3.32,47.55
202609090504,2026-09-09,05,4R,daily,68.91,25.09,44.71,12.06,36.53,3.26,50.0,10.1,50.0,3.76,54.26,51.23,18.65,51.94,14.01,56.51,5.04,50.0,10.1,50.0,3.76,51.55,50.59,18.42,61.59,16.61,41.08,3.66,50.0,10.1,50.0,3.76,52.54,48.62,17.7,44.71,12.06,33.87,3.02,50.0,10.1,50.0,3.76,46.63,44.78,16.3,49.53,13.36,46.91,4.18,50.0,10.1,50.0,3.76,47.7,35.65,12.98,49.53,13.36,45.56,4.06,50.0,10.1,50.0,3.76,44.25
202609090504,2026-09-09,05,4R,realtime,68.91,25.09,44.71,12.06,36.53,3.26,48.11,9.71,43.88,3.3,53.41,51.23,18.65,51.94,14.01,56.51,5.04,53.24,10.75,60.53,4.55,53.0,50.59,18.42,61.59,16.61,41.08,3.66,51.26,10.35,66.91,5.03,54.07,48.62,17.7,44.71,12.06,33.87,3.02,29.86,6.03,46.76,3.51,42.32,44.78,16.3,49.53,13.36,46.91,4.18,60.15,12.14,37.96,2.85,48.84,35.65,12.98,49.53,13.36,45.56,4.06,57.31,11.57,43.76,3.29,45.26
202609090505,2026-09-09,05,5R,daily,68.91,25.09,44.71,12.06,51.19,4.56,50.0,10.1,50.0,3.76,55.56,51.23,18.65,51.94,14.01,49.36,4.4,50.0,10.1,50.0,3.76,50.91,50.59,18.42,49.53,13.36,41.06,3.66,50.0,10.1,50.0,3.76,49.29,48.62,17.7,47.12,12.71,42.36,3.78,50.0,10.1,50.0,3.76,48.04,44.78,16.3,44.71,12.06,43.26,3.86,50.0,10.1,50.0,3.76,46.07,35.65,12.98,54.35,14.66,47.61,4.25,50.0,10.1,50.0,3.76,45.74
202609090505,2026-09-09,05,5R,realtime,68.91,25.09,44.71,12.06,51.19,4.56,60.23,12.16,41.03,3.08,56.95,51.23,18.65,51.94,14.01,49.36,4.4,53.31,10.76,65.9,4.95,52.78,50.59,18.42,49.53,13.36,41.06,3.66,47.66,9.62,66.1,4.97,50.03,48.62,17.7,47.12,12.71,42.36,3.78,44.78,9.04,46.98,3.53,46.76,44.78,16.3,44.71,12.06,43.26,3.86,52.37,10.57,42.08,3.16,45.96,35.65,12.98,54.35,14.66,47.61,4.25,41.56,8.39,37.71,2.83,43.11
202609090506,2026-09-09,05,6R,daily,68.91,25.09,54.35,14.66,42.7,3.81,50.0,10.1,50.0,3.76,57.41,51.23,18.65,51.94,14.01,45.29,4.04,50.0,10.1,50.0,3.76,50.55,50.59,18.42,49.53,13.36,35.35,3.15,50.0,10.1,50.0,3.76,48.78,48.62,17.7,35.06,9.46,63.71,5.68,50.0,10.1,50.0,3.76,46.69,44.78,16.3,51.94,14.01,61.04,5.44,50.0,10.1,50.0,3.76,49.61,35.65,12.98,44.71,12.06,42.46,3.79,50.0,10.1,50.0,3.76,42.68
202609090506,2026-09-09,05,6R,realtime,68.91,25.09,54.35,14.66,42.7,3.81,68.82,13.89,48.98,3.68,61.13,51.23,18.65,51.94,14.01,45.29,4.04,35.62,7.19,61.53,4.63,48.51,50.59,18.42,49.53,13.36,35.35,3.15,51.11,10.32,56.77,4.27,49.51,48.62,17.7,35.06,9.46,63.71,5.68,44.49,8.98,51.64,3.88,45.7,44.78,16.3,51.94,14.01,61.04,5.44,42.73,8.63,33.64,2.53,46.91,35.65,12.98,44.71,12.06,42.46,3.79,57.13,11.54,47.25,3.55,43.91
202609090507,2026-09-09,05,7R,daily,68.91,25.09,47.12,12.71,39.12,3.49,50.0,10.1,50.0,3.76,55.14,51.23,18.65,47.12,12.71,39.68,3.54,50.0,10.1,50.0,3.76,48.75,50.59,18.42,44.71,12.06,48.28,4.31,50.0,10.1,50.0,3.76,48.63,48.62,17.7,39.88,10.76,57.85,5.16,50.0,10.1,50.0,3.76,47.47,44.78,16.3,61.59,16.61,44.2,3.94,50.0,10.1,50.0,3.76,50.71,35.65,12.98,54.35,14.66,48.57,4.33,50.0,10.1,50.0,3.76,45.82
202609090507,2026-09-09,05,7R,realtime,68.91,25.09,47.12,12.71,39.12,3.49,60.46,12.21,41.03,3.08,56.58,51.23,18.65,47.12,12.71,39.68,3.54,50.83,10.26,65.9,4.95,50.11,48.62,17.7,44.71,12.06,48.28,4.3,41.23,8.32,46.98,3.53,45.92,44.78,16.3,39.88,10.76,57.85,5.16,42.51,8.58,42.08,3.16,43.96,35.65,12.98,61.59,16.61,44.2,3.94,57.36,11.58,37.71,2.83,47.95,50.59,18.42,54.35,14.66,48.57,4.33,47.53,9.6,66.1,4.97,51.97
202609090508,2026-09-09,05,8R,daily,68.91,25.09,51.94,14.01,44.91,4.0,50.0,10.1,50.0,3.76,56.95,51.23,18.65,42.3,11.41,43.23,3.85,50.0,10.1,50.0,3.76,47.77,50.59,18.42,49.53,13.36,38.68,3.45,50.0,10.1,50.0,3.76,49.08,48.62,17.7,44.71,12.06,63.12,5.63,50.0,10.1,50.0,3.76,49.24,44.78,16.3,44.71,12.06,40.83,3.64,50.0,10.1,50.0,3.76,45.86,35.65,12.98,30.24,8.16,44.68,3.98,50.0,10.1,50.0,3.76,38.97
202609090508,2026-09-09,05,8R,realtime,68.91,25.09,51.94,14.01,44.91,4.0,66.24,13.37,41.03,3.08,59.56,51.23,18.65,42.3,11.41,43.23,3.85,33.96,6.86,65.9,4.95,45.72,50.59,18.42,49.53,13.36,38.68,3.45,40.7,8.22,66.1,4.97,48.41,48.62,17.7,44.71,12.06,63.12,5.63,51.35,10.37,46.98,3.53,49.29,44.78,16.3,44.71,12.06,40.83,3.64,61.72,12.46,42.08,3.16,47.63,35.65,12.98,30.24,8.16,44.68,3.98,45.94,9.28,37.71,2.83,37.23
202609090509,2026-09-09,05,9R,daily,68.91,25.09,49.53,13.36,46.91,4.18,50.0,10.1,50.0,3.76,56.48,51.23,18.65,49.53,13.36,62.79,5.6,50.0,10.1,50.0,3.76,51.46,50.59,18.42,54.35,14.66,47.61,4.25,50.0,10.1,50.0,3.76,51.17,48.62,17.7,42.3,11.41,22.91,2.04,50.0,10.1,50.0,3.76,45.01,44.78,16.3,56.76,15.31,50.23,4.48,50.0,10.1,50.0,3.76,49.95,35.65,12.98,47.12,12.71,45.9,4.09,50.0,10.1,50.0,3.76,43.63
202609090509,2026-09-09,05,9R,realtime,68.91,25.09,49.53,13.36,46.91,4.18,49.46,9.99,44.63,3.36,55.97,51.23,18.65,49.53,13.36,62.79,5.6,48.64,9.82,60.54,4.55,51.98,50.59,18.42,54.35,14.66,47.61,4.25,60.6,12.24,68.08,5.12,54.67,48.62,17.7,42.3,11.41,22.91,2.04,41.51,8.38,45.1,3.39,42.92,44.78,16.3,56.76,15.31,50.23,4.48,57.03,11.51,40.18,3.02,50.63,35.65,12.98,47.12,12.71,45.9,4.09,42.68,8.62,41.25,3.1,41.5
202609090510,2026-09-09,05,10R,daily,68.91,25.09,51.94,14.01,61.04,5.44,50.0,10.1,50.0,3.76,58.39,51.23,18.65,49.53,13.36,45.56,4.06,50.0,10.1,50.0,3.76,49.92,50.59,18.42,47.12,12.71,42.61,3.8,50.0,10.1,50.0,3.76,48.78,48.62,17.7,49.53,13.36,48.87,4.36,50.0,10.1,50.0,3.76,49.27,44.78,16.3,49.53,13.36,41.06,3.66,50.0,10.1,50.0,3.76,47.18,35.65,12.98,49.53,13.36,51.86,4.62,50.0,10.1,50.0,3.76,44.81
202609090510,2026-09-09,05,10R,realtime,68.91,25.09,51.94,14.01,61.04,5.44,51.9,10.48,40.5,3.04,58.06,51.23,18.65,49.53,13.36,45.56,4.06,58.08,11.73,67.99,5.11,52.91,50.59,18.42,47.12,12.71,42.61,3.8,37.92,7.66,64.86,4.88,47.45,48.62,17.7,49.53,13.36,48.87,4.36,36.01,7.27,44.76,3.36,46.05,44.78,16.3,49.53,13.36,41.06,3.66,50.69,10.23,34.76,2.61,46.17,35.65,12.98,49.53,13.36,51.86,4.62,65.35,13.19,46.92,3.53,47.68
202609090511,2026-09-09,05,11R,daily,68.91,25.09,44.71,12.06,43.26,3.86,50.0,10.1,50.0,3.76,54.86,51.23,18.65,42.3,11.41,45.07,4.02,50.0,10.1,50.0,3.76,47.93,50.59,18.42,49.53,13.36,61.37,5.47,50.0,10.1,50.0,3.76,51.1,48.62,17.7,51.94,14.01,56.51,5.04,50.0,10.1,50.0,3.76,50.6,44.78,16.3,54.35,14.66,42.7,3.81,50.0,10.1,50.0,3.76,48.62,35.65,12.98,49.53,13.36,35.8,3.19,50.0,10.1,50.0,3.76,43.38
202609090511,2026-09-09,05,11R,realtime,68.91,25.09,44.71,12.06,43.26,3.86,51.81,10.46,44.53,3.35,54.81,51.23,18.65,42.3,11.41,45.07,4.02,40.96,8.27,59.96,4.51,46.85,50.59,18.42,49.53,13.36,61.37,5.47,63.76,12.87,67.9,5.1,55.22,48.62,17.7,51.94,14.01,56.51,5.04,53.33,10.77,45.46,3.42,50.93,44.78,16.3,54.35,14.66,42.7,3.81,45.66,9.22,40.27,3.03,47.02,35.65,12.98,49.53,13.36,35.8,3.19,44.43,8.97,41.67,3.13,41.63
202609090512,2026-09-09,05,12R,daily,68.91,25.09,51.94,14.01,49.36,4.4,50.0,10.1,50.0,3.76,57.35,51.23,18.65,61.59,16.61,44.2,3.94,50.0,10.1,50.0,3.76,53.06,50.59,18.42,51.94,14.01,53.43,4.76,50.0,10.1,50.0,3.76,51.04,48.62,17.7,56.76,15.31,64.51,5.75,50.0,10.1,50.0,3.76,52.62,44.78,16.3,51.94,14.01,45.29,4.04,50.0,10.1,50.0,3.76,48.2,35.65,12.98,61.59,16.61,41.08,3.66,50.0,10.1,50.0,3.76,47.1
202609090512,2026-09-09,05,12R,realtime,68.91,25.09,51.94,14.01,49.36,4.4,43.01,8.68,48.44,3.64,55.82,51.23,18.65,61.59,16.61,44.2,3.94,64.75,13.07,56.36,4.24,56.51,50.59,18.42,51.94,14.01,53.43,4.76,58.22,11.75,70.42,5.29,54.24,48.62,17.7,56.76,15.31,64.51,5.75,58.18,11.75,42.51,3.2,53.71,44.78,16.3,51.94,14.01,45.29,4.04,27.65,5.58,38.09,2.86,42.8,35.65,12.98,61.59,16.61,41.08,3.66,48.08,9.71,43.97,3.31,46.26
202609091101,2026-09-09,11,1R,daily,68.13,28.67,44.08,9.59,57.54,5.67,50.0,9.74,50.0,3.42,57.09,51.22,21.56,42.1,9.16,50.72,5.0,50.0,9.74,50.0,3.42,48.86,51.69,21.75,44.08,9.59,52.49,5.17,50.0,9.74,50.0,3.42,49.67,48.72,20.5,38.13,8.3,55.43,5.46,50.0,9.74,50.0,3.42,47.41,43.15,18.16,34.16,7.43,29.71,2.93,50.0,9.74,50.0,3.42,41.67,37.34,15.72,40.11,8.73,50.31,4.96,50.0,9.74,50.0,3.42,42.55
202609091101,2026-09-09,11,1R,realtime,68.13,28.67,44.08,9.59,57.54,5.67,67.39,13.12,35.03,2.39,59.45,51.22,21.56,42.1,9.16,50.72,5.0,57.34,11.17,60.89,4.16,51.04,51.69,21.75,44.08,9.59,52.49,5.17,52.17,10.16,59.98,4.1,50.77,48.72,20.5,38.13,8.3,55.43,5.46,41.69,8.12,37.37,2.55,44.93,43.15,18.16,34.16,7.43,29.71,2.93,40.8,7.95,51.92,3.55,40.01,37.34,15.72,40.11,8.73,50.31,4.96,40.61,7.91,54.66,3.73,41.04
202609091102,2026-09-09,11,2R,daily,68.13,28.67,40.11,8.73,48.18,4.75,50.0,9.74,50.0,3.42,55.3,51.22,21.56,44.08,9.59,52.93,5.22,50.0,9.74,50.0,3.42,49.51,51.69,21.75,48.05,10.45,51.51,5.08,50.0,9.74,50.0,3.42,50.44,48.72,20.5,42.1,9.16,42.89,4.23,50.0,9.74,50.0,3.42,47.04,43.15,18.16,40.11,8.73,34.79,3.43,50.0,9.74,50.0,3.42,43.47,37.34,15.72,38.13,8.3,45.51,4.48,50.0,9.74,50.0,3.42,41.65
202609091102,2026-09-09,11,2R,realtime,68.13,28.67,40.11,8.73,48.18,4.75,48.47,9.44,38.31,2.62,54.2,51.22,21.56,44.08,9.59,52.93,5.22,61.18,11.91,61.62,4.21,52.48,51.69,21.75,48.05,10.45,51.51,5.08,47.1,9.17,57.35,3.92,50.37,48.72,20.5,42.1,9.16,42.89,4.23,32.11,6.25,40.73,2.78,42.92,43.15,18.16,40.11,8.73,34.79,3.43,46.58,9.07,50.37,3.44,42.83,37.34,15.72,38.13,8.3,45.51,4.48,64.57,12.57,51.49,3.52,44.59
202609091103,2026-09-09,11,3R,daily,68.13,28.67,48.05,10.45,52.56,5.18,50.0,9.74,50.0,3.42,57.46,51.22,21.56,40.11,8.73,44.24,4.36,50.0,9.74,50.0,3.42,47.79,51.69,21.75,50.03,10.89,53.55,5.28,50.0,9.74,50.0,3.42,51.07,48.72,20.5,44.08,9.59,30.12,2.97,50.0,9.74,50.0,3.42,46.22,43.15,18.16,34.16,7.43,57.43,5.66,50.0,9.74,50.0,3.42,44.4,37.34,15.72,42.1,9.16,47.11,4.64,50.0,9.74,50.0,3.42,42.67
202609091103,2026-09-09,11,3R,realtime,68.13,28.67,48.05,10.45,52.56,5.18,57.81,11.26,37.82,2.58,58.15,51.22,21.56,40.11,8.73,44.24,4.36,66.66,12.98,60.19,4.11,51.73,51.69,21.75,50.03,10.89,53.55,5.28,50.9,9.91,60.93,4.16,51.99,48.72,20.5,44.08,9.59,30.12,2.97,45.86,8.93,37.83,2.58,44.58,37.34,15.72,34.16,7.43,57.43,5.66,29.61,5.77,52.85,3.61,38.18,43.15,18.16,42.1,9.16,47.11,4.64,49.18,9.58,50.23,3.43,44.97
202609091104,2026-09-09,11,4R,daily,68.13,28.67,52.02,11.32,49.5,4.88,50.0,9.74,50.0,3.42,58.02,51.22,21.56,42.1,9.16,61.02,6.01,50.0,9.74,50.0,3.42,49.88,51.69,21.75,46.07,10.02,56.64,5.58,50.0,9.74,50.0,3.42,50.51,48.72,20.5,50.03,10.89,56.67,5.58,50.0,9.74,50.0,3.42,50.13,43.15,18.16,46.07,10.02,46.45,4.58,50.0,9.74,50.0,3.42,45.91,37.34,15.72,50.03,10.89,51.57,5.08,50.0,9.74,50.0,3.42,44.83
202609091104,2026-09-09,11,4R,realtime,68.13,28.67,52.02,11.32,49.5,4.88,48.21,9.39,37.82,2.58,56.84,51.22,21.56,42.1,9.16,61.02,6.01,45.15,8.79,60.19,4.11,49.63,51.69,21.75,46.07,10.02,56.64,5.58,48.63,9.47,60.93,4.16,50.99,48.72,20.5,50.03,10.89,56.67,5.58,68.43,13.32,37.83,2.58,52.88,43.15,18.16,46.07,10.02,46.45,4.58,54.92,10.69,50.23,3.43,46.88,37.34,15.72,50.03,10.89,51.57,5.08,34.67,6.75,52.85,3.61,42.04
202609091105,2026-09-09,11,5R,daily,68.13,28.67,46.07,10.02,55.68,5.49,50.0,9.74,50.0,3.42,57.33,51.22,21.56,46.07,10.02,38.27,3.77,50.0,9.74,50.0,3.42,48.5,51.69,21.75,50.03,10.89,56.75,5.59,50.0,9.74,50.0,3.42,51.38,48.72,20.5,42.1,9.16,50.72,5.0,50.0,9.74,50.0,3.42,47.81,43.15,18.16,48.05,10.45,57.57,5.67,50.0,9.74,50.0,3.42,47.44,37.34,15.72,40.11,8.73,28.91,2.85,50.0,9.74,50.0,3.42,40.44
202609091105,2026-09-09,11,5R,realtime,68.13,28.67,46.07,10.02,55.68,5.49,56.5,11.0,37.34,2.55,57.74,51.22,21.56,46.07,10.02,38.27,3.77,38.8,7.56,58.77,4.02,46.92,51.69,21.75,50.03,10.89,56.75,5.59,45.06,8.77,64.51,4.41,51.41,48.72,20.5,42.1,9.16,50.72,5.0,50.23,9.78,34.93,2.39,46.83,43.15,18.16,48.05,10.45,57.57,5.67,59.18,11.52,50.09,3.42,49.23,37.34,15.72,40.11,8.73,28.91,2.85,50.23,9.78,54.21,3.7,40.78
202609091106,2026-09-09,11,6R,daily,68.13,28.67,48.05,10.45,42.03,4.14,50.0,9.74,50.0,3.42,56.42,51.22,21.56,50.03,10.89,48.21,4.75,50.0,9.74,50.0,3.42,50.34,51.69,21.75,40.11,8.73,50.31,4.96,50.0,9.74,50.0,3.42,48.59,48.72,20.5,50.03,10.89,39.71,3.91,50.0,9.74,50.0,3.42,48.46,43.15,18.16,34.16,7.43,29.71,2.93,50.0,9.74,50.0,3.42,41.67,37.34,15.72,46.07,10.02,65.91,6.49,50.0,9.74,50.0,3.42,45.38
202609091106,2026-09-09,11,6R,realtime,68.13,28.67,48.05,10.45,42.03,4.14,58.99,11.49,37.82,2.58,57.34,51.22,21.56,50.03,10.89,48.21,4.75,56.4,10.98,60.19,4.11,52.29,51.69,21.75,40.11,8.73,50.31,4.96,35.55,6.92,60.93,4.16,46.52,48.72,20.5,50.03,10.89,39.71,3.91,56.36,10.98,37.83,2.58,48.86,43.15,18.16,34.16,7.43,29.71,2.93,27.8,5.41,50.23,3.43,37.36,37.34,15.72,46.07,10.02,65.91,6.49,64.9,12.64,52.85,3.61,48.48
202609091107,2026-09-09,11,7R,daily,68.13,28.67,52.02,11.32,50.17,4.94,50.0,9.74,50.0,3.42,58.09,51.22,21.56,40.11,8.73,34.79,3.43,50.0,9.74,50.0,3.42,46.86,51.69,21.75,42.1,9.16,47.11,4.64,50.0,9.74,50.0,3.42,48.71,48.72,20.5,44.08,9.59,52.49,5.17,50.0,9.74,50.0,3.42,48.42,43.15,18.16,34.16,7.43,57.43,5.66,50.0,9.74,50.0,3.42,44.4,37.34,15.72,42.1,9.16,42.89,4.23,50.0,9.74,50.0,3.42,42.25
202609091107,2026-09-09,11,7R,realtime,68.13,28.67,52.02,11.32,50.17,4.94,62.38,12.15,60.44,4.13,61.21,51.22,21.56,40.11,8.73,34.79,3.43,40.33,7.85,34.27,2.34,43.91,51.69,21.75,42.1,9.16,47.11,4.64,40.86,7.96,70.81,4.84,48.35,48.72,20.5,44.08,9.59,52.49,5.17,43.22,8.42,33.88,2.31,46.0,37.34,15.72,34.16,7.43,57.43,5.66,54.24,10.56,50.78,3.47,42.84,43.15,18.16,42.1,9.16,42.89,4.23,58.97,11.48,49.71,3.4,46.42
202609091108,2026-09-09,11,8R,daily,68.13,28.67,50.03,10.89,56.67,5.58,50.0,9.74,50.0,3.42,58.3,51.22,21.56,46.07,10.02,45.58,4.49,50.0,9.74,50.0,3.42,49.22,51.69,21.75,46.07,10.02,46.45,4.58,50.0,9.74,50.0,3.42,49.51,48.72,20.5,44.08,9.59,47.93,4.72,50.0,9.74,50.0,3.42,47.97,43.15,18.16,50.03,10.89,53.55,5.28,50.0,9.74,50.0,3.42,47.47,37.34,15.72,46.07,10.02,54.9,5.41,50.0,9.74,50.0,3.42,44.3
202609091108,2026-09-09,11,8R,realtime,68.13,28.67,50.03,10.89,56.67,5.58,60.1,11.7,60.92,4.16,61.01,51.22,21.56,46.07,10.02,45.58,4.49,50.85,9.9,35.69,2.44,48.41,51.69,21.75,46.07,10.02,46.45,4.58,52.49,10.22,67.23,4.59,51.17,48.72,20.5,44.08,9.59,47.93,4.72,59.13,11.51,36.77,2.51,48.84,43.15,18.16,50.03,10.89,53.55,5.28,28.96,5.64,49.85,3.41,43.37,37.34,15.72,46.07,10.02,54.9,5.41,48.45,9.44,49.42,3.38,43.96
202609091109,2026-09-09,11,9R,daily,68.13,28.67,48.05,10.45,57.57,5.67,50.0,9.74,50.0,3.42,57.95,51.22,21.56,44.08,9.59,30.12,2.97,50.0,9.74,50.0,3.42,47.27,51.69,21.75,46.07,10.02,38.27,3.77,50.0,9.74,50.0,3.42,48.7,48.72,20.5,46.07,10.02,56.64,5.58,50.0,9.74,50.0,3.42,49.26,43.15,18.16,34.16,7.43,47.97,4.73,50.0,9.74,50.0,3.42,43.47,37.34,15.72,40.11,8.73,55.25,5.44,50.0,9.74,50.0,3.42,43.04
202609091109,2026-09-09,11,9R,realtime,68.13,28.67,48.05,10.45,57.57,5.67,66.81,13.01,36.75,2.51,60.32,51.22,21.56,44.08,9.59,30.12,2.97,28.27,5.5,58.73,4.01,43.63,51.69,21.75,46.07,10.02,38.27,3.77,46.42,9.04,70.94,4.85,49.43,48.72,20.5,46.07,10.02,56.64,5.58,49.93,9.72,38.01,2.6,48.43,37.34,15.72,34.16,7.43,47.97,4.73,62.78,12.22,46.97,3.21,43.31,43.15,18.16,40.11,8.73,55.25,5.44,45.79,8.92,48.45,3.31,44.56
202609091110,2026-09-09,11,10R,daily,68.13,28.67,48.05,10.45,51.51,5.08,50.0,9.74,50.0,3.42,57.36,51.22,21.56,52.02,11.32,49.5,4.88,50.0,9.74,50.0,3.42,50.9,51.69,21.75,44.08,9.59,57.54,5.67,50.0,9.74,50.0,3.42,50.17,48.72,20.5,46.07,10.02,55.68,5.49,50.0,9.74,50.0,3.42,49.17,43.15,18.16,40.11,8.73,44.24,4.36,50.0,9.74,50.0,3.42,44.4,37.34,15.72,50.03,10.89,48.21,4.75,50.0,9.74,50.0,3.42,44.5
202609091110,2026-09-09,11,10R,realtime,68.13,28.67,48.05,10.45,51.51,5.08,53.72,10.46,27.74,1.9,56.56,51.22,21.56,52.02,11.32,49.5,4.88,41.76,8.13,58.48,4.0,49.88,51.69,21.75,44.08,9.59,57.54,5.67,53.81,10.48,71.92,4.91,52.41,48.72,20.5,46.07,10.02,55.68,5.49,48.61,9.47,30.79,2.1,47.58,43.15,18.16,40.11,8.73,44.24,4.36,58.61,11.41,53.85,3.68,46.34,37.34,15.72,50.03,10.89,48.21,4.75,43.48,8.47,57.08,3.9,43.72
202609091111,2026-09-09,11,11R,daily,68.13,28.67,50.03,10.89,56.75,5.59,50.0,9.74,50.0,3.42,58.3,51.22,21.56,48.05,10.45,52.56,5.18,50.0,9.74,50.0,3.42,50.34,51.69,21.75,52.02,11.32,50.17,4.94,50.0,9.74,50.0,3.42,51.17,48.72,20.5,48.05,10.45,42.03,4.14,50.0,9.74,50.0,3.42,48.25,43.15,18.16,44.08,9.59,52.93,5.22,50.0,9.74,50.0,3.42,46.12,37.34,15.72,42.1,9.16,61.02,6.01,50.0,9.74,50.0,3.42,44.04
202609091111,2026-09-09,11,11R,realtime,68.13,28.67,50.03,10.89,56.75,5.59,70.91,13.81,36.49,2.49,61.45,51.22,21.56,48.05,10.45,52.56,5.18,49.2,9.58,56.86,3.89,50.65,51.69,21.75,52.02,11.32,50.17,4.94,46.4,9.04,71.43,4.88,51.93,48.72,20.5,48.05,10.45,42.03,4.14,52.54,10.23,32.1,2.19,47.52,43.15,18.16,44.08,9.59,52.93,5.22,35.1,6.84,49.36,3.37,43.17,37.34,15.72,42.1,9.16,61.02,6.01,45.83,8.92,53.61,3.66,43.47
202609091112,2026-09-09,11,12R,daily,68.13,28.67,52.02,11.32,62.81,6.19,50.0,9.74,50.0,3.42,59.33,51.22,21.56,55.99,12.18,66.96,6.6,50.0,9.74,50.0,3.42,53.49,51.69,21.75,52.02,11.32,48.84,4.81,50.0,9.74,50.0,3.42,51.04,48.72,20.5,44.08,9.59,48.07,4.74,50.0,9.74,50.0,3.42,47.98,43.15,18.16,46.07,10.02,51.18,5.04,50.0,9.74,50.0,3.42,46.38,37.34,15.72,44.08,9.59,62.68,6.18,50.0,9.74,50.0,3.42,44.63
202609091112,2026-09-09,11,12R,realtime,68.13,28.67,52.02,11.32,62.81,6.19,62.92,12.25,35.46,2.42,60.85,51.22,21.56,55.99,12.18,66.96,6.6,44.7,8.7,65.32,4.46,53.5,51.69,21.75,52.02,11.32,48.84,4.81,56.5,11.0,75.08,5.13,54.02,48.72,20.5,44.08,9.59,48.07,4.74,55.22,10.75,37.42,2.56,48.14,43.15,18.16,46.07,10.02,51.18,5.04,45.31,8.82,44.3,3.03,45.07,37.34,15.72,44.08,9.59,62.68,6.18,35.36,6.89,42.3,2.89,41.26
202609091301,2026-09-09,13,1R,daily,69.29,27.07,45.85,9.73,35.05,3.43,50.0,12.01,50.0,2.96,55.19,51.43,20.09,45.85,9.73,59.89,5.86,50.0,12.01,50.0,2.96,50.65,52.22,20.4,56.8,12.05,57.85,5.66,50.0,12.01,50.0,2.96,53.08,48.19,18.83,44.03,9.34,36.71,3.59,50.0,12.01,50.0,2.96,46.73,42.82,16.73,36.73,7.79,74.24,7.26,50.0,12.01,50.0,2.96,46.75,36.43,14.23,47.68,10.11,66.18,6.47,50.0,12.01,50.0,2.96,45.79
202609091301,2026-09-09,13,1R,realtime,69.29,27.07,45.85,9.73,35.05,3.43,50.51,12.13,51.02,3.02,55.38,51.43,20.09,45.85,9.73,59.89,5.86,32.01,7.69,53.82,3.19,46.55,52.22,20.4,56.8,12.05,57.85,5.66,55.56,13.34,40.94,2.42,53.88,48.19,18.83,44.03,9.34,36.71,3.59,56.1,13.47,40.22,2.38,47.61,42.82,16.73,36.73,7.79,74.24,7.26,55.81,13.4,65.76,3.89,49.08,36.43,14.23,47.68,10.11,66.18,6.47,49.97,12.0,48.14,2.85,45.67
202609091302,2026-09-09,13,2R,daily,69.29,27.07,45.85,9.73,30.2,2.95,50.0,12.01,50.0,2.96,54.72,51.43,20.09,49.5,10.5,37.79,3.7,50.0,12.01,50.0,2.96,49.26,52.22,20.4,44.03,9.34,46.99,4.6,50.0,12.01,50.0,2.96,49.31,48.19,18.83,33.07,7.02,39.83,3.9,50.0,12.01,50.0,2.96,44.71,42.82,16.73,53.15,11.28,44.6,4.36,50.0,12.01,50.0,2.96,47.34,36.43,14.23,44.03,9.34,38.96,3.81,50.0,12.01,50.0,2.96,42.35
202609091302,2026-09-09,13,2R,realtime,69.29,27.07,45.85,9.73,30.2,2.95,50.76,12.19,51.78,3.07,55.01,51.43,20.09,49.5,10.5,37.79,3.7,50.99,12.25,53.94,3.19,49.73,52.22,20.4,44.03,9.34,46.99,4.6,46.13,11.08,40.28,2.38,47.8,36.43,14.23,33.07,7.02,39.83,3.9,33.28,7.99,48.04,2.84,35.98,48.19,18.83,53.15,11.28,44.6,4.36,63.28,15.2,39.98,2.37,52.03,42.82,16.73,44.03,9.34,38.96,3.81,55.54,13.34,65.88,3.9,47.12
202609091303,2026-09-09,13,3R,daily,69.29,27.07,45.85,9.73,59.82,5.85,50.0,12.01,50.0,2.96,57.62,51.43,20.09,45.85,9.73,54.49,5.33,50.0,12.01,50.0,2.96,50.12,52.22,20.4,42.2,8.95,59.61,5.83,50.0,12.01,50.0,2.96,50.15,48.19,18.83,45.85,9.73,36.35,3.56,50.0,12.01,50.0,2.96,47.08,42.82,16.73,51.33,10.89,43.25,4.23,50.0,12.01,50.0,2.96,46.82,36.43,14.23,47.68,10.11,57.86,5.66,50.0,12.01,50.0,2.96,44.97
202609091303,2026-09-09,13,3R,realtime,69.29,27.07,45.85,9.73,59.82,5.85,62.53,15.02,59.82,3.54,61.21,51.43,20.09,45.85,9.73,54.49,5.33,52.55,12.62,60.0,3.55,51.32,52.22,20.4,42.2,8.95,59.61,5.83,41.03,9.85,32.82,1.94,46.98,48.19,18.83,45.85,9.73,36.35,3.56,48.31,11.6,34.91,2.07,45.78,42.82,16.73,51.33,10.89,43.25,4.23,59.47,14.28,63.36,3.75,49.88,36.43,14.23,47.68,10.11,57.86,5.66,36.08,8.66,49.0,2.9,41.57
202609091304,2026-09-09,13,4R,daily,69.29,27.07,44.03,9.34,46.1,4.51,50.0,12.01,50.0,2.96,55.89,51.43,20.09,44.03,9.34,38.16,3.73,50.0,12.01,50.0,2.96,48.13,52.22,20.4,49.5,10.5,47.39,4.64,50.0,12.01,50.0,2.96,50.51,48.19,18.83,54.98,11.66,61.36,6.0,50.0,12.01,50.0,2.96,51.46,42.82,16.73,45.85,9.73,34.38,3.36,50.0,12.01,50.0,2.96,44.79,36.43,14.23,47.68,10.11,26.73,2.61,50.0,12.01,50.0,2.96,41.93
202609091304,2026-09-09,13,4R,realtime,69.29,27.07,44.03,9.34,46.1,4.51,63.6,15.27,60.07,3.56,59.75,51.43,20.09,44.03,9.34,38.16,3.73,35.31,8.48,60.04,3.55,45.2,52.22,20.4,49.5,10.5,47.39,4.64,45.06,10.82,32.6,1.93,48.29,48.19,18.83,54.98,11.66,61.36,6.0,51.39,12.34,34.83,2.06,50.9,42.82,16.73,45.85,9.73,34.38,3.36,48.87,11.74,63.4,3.75,45.31,36.43,14.23,47.68,10.11,26.73,2.62,55.75,13.39,48.96,2.9,43.25
202609091305,2026-09-09,13,5R,daily,69.29,27.07,45.85,9.73,64.73,6.33,50.0,12.01,50.0,2.96,58.1,51.43,20.09,53.15,11.28,53.7,5.25,50.0,12.01,50.0,2.96,51.59,52.22,20.4,44.03,9.34,47.05,4.6,50.0,12.01,50.0,2.96,49.31,48.19,18.83,36.73,7.79,74.24,7.26,50.0,12.01,50.0,2.96,48.85,42.82,16.73,49.5,10.5,51.15,5.0,50.0,12.01,50.0,2.96,47.2,36.43,14.23,49.5,10.5,44.52,4.36,50.0,12.01,50.0,2.96,44.06
202609091305,2026-09-09,13,5R,realtime,69.29,27.07,45.85,9.73,64.73,6.33,63.58,15.27,59.98,3.55,61.95,52.22,20.4,53.15,11.28,53.7,5.25,63.2,15.18,27.38,1.62,53.73,48.19,18.83,44.03,9.34,47.05,4.6,51.37,12.34,30.68,1.82,46.92,42.82,16.73,36.73,7.79,74.24,7.26,53.13,12.76,60.01,3.55,48.1,51.43,20.09,49.5,10.5,51.15,5.0,37.68,9.05,55.66,3.29,47.94,36.43,14.23,49.5,10.5,44.52,4.36,31.0,7.45,66.19,3.92,40.45
202609091306,2026-09-09,13,6R,daily,69.29,27.07,49.5,10.5,40.62,3.97,50.0,12.01,50.0,2.96,56.51,51.43,20.09,42.2,8.95,40.0,3.91,50.0,12.01,50.0,2.96,47.93,52.22,20.4,42.2,8.95,53.36,5.22,50.0,12.01,50.0,2.96,49.54,48.19,18.83,49.5,10.5,34.46,3.37,50.0,12.01,50.0,2.96,47.67,42.82,16.73,45.85,9.73,35.05,3.43,50.0,12.01,50.0,2.96,44.85,36.43,14.23,33.07,7.02,39.83,3.9,50.0,12.01,50.0,2.96,40.11
202609091306,2026-09-09,13,6R,realtime,69.29,27.07,49.5,10.5,40.62,3.97,62.13,14.92,58.31,3.45,59.92,51.43,20.09,42.2,8.95,40.0,3.91,55.01,13.21,59.76,3.54,49.71,52.22,20.4,42.2,8.95,53.36,5.22,51.26,12.31,34.14,2.02,48.9,48.19,18.83,49.5,10.5,34.46,3.37,58.24,13.99,35.39,2.09,48.78,42.82,16.73,45.85,9.73,35.05,3.43,37.11,8.91,63.12,3.74,42.53,36.43,14.23,33.07,7.02,39.83,3.9,36.22,8.7,49.19,2.91,36.76
202609091307,2026-09-09,13,7R,daily,69.29,27.07,49.5,10.5,51.69,5.06,50.0,12.01,50.0,2.96,57.6,51.43,20.09,47.68,10.11,66.18,6.47,50.0,12.01,50.0,2.96,51.65,52.22,20.4,51.33,10.89,43.25,4.23,50.0,12.01,50.0,2.96,50.49,48.19,18.83,42.2,8.95,55.22,5.4,50.0,12.01,50.0,2.96,48.15,42.82,16.73,54.98,11.66,59.38,5.81,50.0,12.01,50.0,2.96,49.17,36.43,14.23,44.03,9.34,46.99,4.6,50.0,12.01,50.0,2.96,43.14
202609091307,2026-09-09,13,7R,realtime,69.29,27.07,49.5,10.5,51.69,5.06,64.18,15.41,59.12,3.5,61.54,51.43,20.09,47.68,10.11,66.18,6.47,60.57,14.55,54.06,3.2,54.43,52.22,20.4,51.33,10.89,43.25,4.23,53.53,12.85,26.38,1.56,49.94,48.19,18.83,42.2,8.95,55.22,5.4,45.85,11.01,29.56,1.75,45.94,42.82,16.73,54.98,11.66,59.38,5.81,41.66,10.0,58.75,3.48,47.69,36.43,14.23,44.03,9.34,46.99,4.6,34.19,8.21,72.03,4.26,40.64
202609091308,2026-09-09,13,8R,daily,69.29,27.07,49.5,10.5,47.39,4.64,50.0,12.01,50.0,2.96,57.18,51.43,20.09,44.03,9.34,38.96,3.81,50.0,12.01,50.0,2.96,48.21,52.22,20.4,44.03,9.34,57.97,5.67,50.0,12.01,50.0,2.96,50.38,48.19,18.83,45.85,9.73,45.1,4.41,50.0,12.01,50.0,2.96,47.94,42.82,16.73,44.03,9.34,57.2,5.6,50.0,12.01,50.0,2.96,46.63,36.43,14.23,56.8,12.05,57.85,5.66,50.0,12.01,50.0,2.96,46.91
202609091308,2026-09-09,13,8R,realtime,69.29,27.07,49.5,10.5,47.39,4.64,60.93,14.63,54.56,3.23,60.07,51.43,20.09,44.03,9.34,38.96,3.81,57.39,13.78,56.26,3.33,50.36,52.22,20.4,44.03,9.34,57.97,5.67,53.89,12.94,33.89,2.01,50.36,48.19,18.83,45.85,9.73,45.1,4.41,49.36,11.86,33.79,2.0,46.82,42.82,16.73,44.03,9.34,57.2,5.6,41.45,9.96,60.27,3.57,45.19,36.43,14.23,56.8,12.05,57.85,5.66,36.93,8.87,61.13,3.62,44.43
202609091309,2026-09-09,13,9R,daily,69.29,27.07,44.03,9.34,65.08,6.37,50.0,12.01,50.0,2.96,57.74,51.43,20.09,45.85,9.73,34.38,3.36,50.0,12.01,50.0,2.96,48.15,52.22,20.4,47.68,10.11,57.86,5.66,50.0,12.01,50.0,2.96,51.14,48.19,18.83,42.2,8.95,55.92,5.47,50.0,12.01,50.0,2.96,48.22,42.82,16.73,45.85,9.73,30.2,2.95,50.0,12.01,50.0,2.96,44.38,36.43,14.23,53.15,11.28,53.7,5.25,50.0,12.01,50.0,2.96,45.73
202609091309,2026-09-09,13,9R,realtime,69.29,27.07,44.03,9.34,65.08,6.37,69.25,16.63,52.53,3.11,62.52,51.43,20.09,45.85,9.73,34.38,3.36,55.3,13.28,58.85,3.48,49.95,52.22,20.4,47.68,10.11,57.86,5.66,41.71,10.02,39.2,2.32,48.51,48.19,18.83,42.2,8.95,55.92,5.47,32.94,7.91,37.23,2.2,43.36,42.82,16.73,45.85,9.73,30.2,2.95,42.66,10.25,62.19,3.68,43.34,36.43,14.23,53.15,11.28,53.7,5.25,58.11,13.96,49.91,2.95,47.67
202609091310,2026-09-09,13,10R,daily,69.29,27.07,49.5,10.5,51.15,5.0,50.0,12.01,50.0,2.96,57.54,51.43,20.09,49.5,10.5,40.15,3.93,50.0,12.01,50.0,2.96,49.49,52.22,20.4,53.15,11.28,44.6,4.36,50.0,12.01,50.0,2.96,51.01,48.19,18.83,47.68,10.11,26.73,2.61,50.0,12.01,50.0,2.96,46.52,42.82,16.73,45.85,9.73,59.82,5.85,50.0,12.01,50.0,2.96,47.28,36.43,14.23,44.03,9.34,63.17,6.18,50.0,12.01,50.0,2.96,44.72
202609091310,2026-09-09,13,10R,realtime,69.29,27.07,49.5,10.5,51.15,5.0,59.07,14.19,52.53,3.11,59.87,51.43,20.09,49.5,10.5,40.15,3.93,38.67,9.29,58.85,3.48,47.29,52.22,20.4,53.15,11.28,44.6,4.36,46.26,11.11,39.2,2.32,49.47,48.19,18.83,47.68,10.11,26.73,2.62,52.75,12.67,37.23,2.2,46.43,42.82,16.73,45.85,9.73,59.82,5.85,42.42,10.19,62.19,3.68,46.18,36.43,14.23,44.03,9.34,63.17,6.18,60.81,14.6,49.91,2.95,47.31
202609091311,2026-09-09,13,11R,daily,69.29,27.07,49.5,10.5,34.46,3.37,50.0,12.01,50.0,2.96,55.91,51.43,20.09,45.85,9.73,36.35,3.56,50.0,12.01,50.0,2.96,48.34,52.22,20.4,49.5,10.5,51.69,5.06,50.0,12.01,50.0,2.96,50.93,48.19,18.83,45.85,9.73,59.89,5.86,50.0,12.01,50.0,2.96,49.38,42.82,16.73,45.85,9.73,64.73,6.33,50.0,12.01,50.0,2.96,47.76,36.43,14.23,62.28,13.21,65.83,6.44,50.0,12.01,50.0,2.96,48.85
202609091311,2026-09-09,13,11R,realtime,69.29,27.07,49.5,10.5,34.46,3.37,58.71,14.1,53.28,3.15,58.2,51.43,20.09,45.85,9.73,36.35,3.56,48.13,11.56,58.97,3.49,48.42,52.22,20.4,49.5,10.5,51.69,5.06,54.38,13.06,38.54,2.28,51.3,48.19,18.83,45.85,9.73,59.89,5.86,33.58,8.06,36.99,2.19,44.67,42.82,16.73,45.85,9.73,64.73,6.33,40.86,9.81,62.31,3.69,46.29,36.43,14.23,62.28,13.21,65.83,6.44,64.34,15.45,49.82,2.95,52.28
202609091312,2026-09-09,13,12R,daily,69.29,27.07,54.98,11.66,61.36,6.0,50.0,12.01,50.0,2.96,59.7,51.43,20.09,54.98,11.66,59.38,5.81,50.0,12.01,50.0,2.96,52.53,52.22,20.4,49.5,10.5,44.52,4.36,50.0,12.01,50.0,2.96,50.22,48.19,18.83,49.5,10.5,40.62,3.97,50.0,12.01,50.0,2.96,48.27,42.82,16.73,45.85,9.73,54.49,5.33,50.0,12.01,50.0,2.96,46.76,36.43,14.23,49.5,10.5,37.79,3.7,50.0,12.01,50.0,2.96,43.4
202609091312,2026-09-09,13,12R,realtime,69.29,27.07,54.98,11.66,61.36,6.0,63.96,15.36,53.53,3.17,63.27,51.43,20.09,54.98,11.66,59.38,5.81,50.88,12.22,59.01,3.49,53.28,52.22,20.4,49.5,10.5,44.52,4.36,32.03,7.69,38.32,2.27,45.22,48.19,18.83,49.5,10.5,40.62,3.97,41.43,9.95,36.9,2.18,45.44,42.82,16.73,45.85,9.73,54.49,5.33,60.08,14.43,62.35,3.69,49.91,36.43,14.23,49.5,10.5,37.79,3.7,51.57,12.38,49.78,2.95,43.76
202609091401,2026-09-09,14,1R,daily,69.21,25.5,63.57,12.94,41.28,4.14,50.0,11.52,50.0,4.87,58.97,52.7,19.42,47.48,9.66,37.92,3.8,50.0,11.52,50.0,4.87,49.27,52.59,19.38,38.54,7.84,44.45,4.46,50.0,11.52,50.0,4.87,48.07,48.06,17.71,42.12,8.57,37.78,3.79,50.0,11.52,50.0,4.87,46.46,43.84,16.15,38.54,7.84,41.15,4.13,50.0,11.52,50.0,4.87,44.51,34.9,12.86,49.27,10.03,50.56,5.07,50.0,11.52,50.0,4.87,44.34
202609091401,2026-09-09,14,1R,realtime,69.21,25.5,63.57,12.94,41.28,4.14,61.58,14.18,27.4,2.67,59.43,52.7,19.42,47.48,9.66,37.92,3.8,49.06,11.3,48.3,4.71,48.89,52.59,19.38,38.54,7.84,44.45,4.46,43.84,10.1,68.67,6.69,48.47,48.06,17.71,42.12,8.57,37.78,3.79,38.94,8.97,63.72,6.21,45.25,43.84,16.15,38.54,7.84,41.15,4.13,49.52,11.41,46.49,4.53,44.06,34.9,12.86,49.27,10.03,50.56,5.07,56.9,13.11,45.45,4.43,45.49
202609091402,2026-09-09,14,2R,daily,69.21,25.5,45.69,9.3,46.01,4.61,50.0,11.52,50.0,4.87,55.8,52.7,19.42,51.06,10.39,50.81,5.1,50.0,11.52,50.0,4.87,51.29,52.59,19.38,43.91,8.94,53.93,5.41,50.0,11.52,50.0,4.87,50.11,48.06,17.71,47.48,9.66,55.92,5.61,50.0,11.52,50.0,4.87,49.37,43.84,16.15,56.42,11.48,47.77,4.79,50.0,11.52,50.0,4.87,48.81,34.9,12.86,47.48,9.66,44.24,4.44,50.0,11.52,50.0,4.87,43.35
202609091402,2026-09-09,14,2R,realtime,69.21,25.5,45.69,9.3,46.01,4.61,67.49,15.55,27.4,2.67,57.63,52.7,19.42,51.06,10.39,50.81,5.09,47.5,10.94,48.3,4.71,50.55,52.59,19.38,43.91,8.94,53.93,5.41,48.85,11.25,68.67,6.69,51.66,48.06,17.71,47.48,9.66,55.92,5.61,54.57,12.57,63.72,6.21,51.76,43.84,16.15,56.42,11.48,47.77,4.79,46.12,10.62,46.49,4.53,47.58,34.9,12.86,47.48,9.66,44.24,4.44,35.32,8.13,45.45,4.43,39.52
202609091403,2026-09-09,14,3R,daily,69.21,25.5,58.21,11.85,55.03,5.52,50.0,11.52,50.0,4.87,59.25,52.7,19.42,42.12,8.57,35.73,3.58,50.0,11.52,50.0,4.87,47.96,52.59,19.38,51.06,10.39,51.66,5.18,50.0,11.52,50.0,4.87,51.34,48.06,17.71,47.48,9.66,42.89,4.3,50.0,11.52,50.0,4.87,48.06,43.84,16.15,54.63,11.12,49.04,4.92,50.0,11.52,50.0,4.87,48.58,34.9,12.86,38.54,7.84,48.18,4.83,50.0,11.52,50.0,4.87,41.92
202609091403,2026-09-09,14,3R,realtime,69.21,25.5,58.21,11.85,55.03,5.52,68.18,15.7,31.7,3.09,61.66,52.7,19.42,42.12,8.57,35.73,3.58,44.58,10.27,55.53,5.41,47.25,52.59,19.38,51.06,10.39,51.66,5.18,33.16,7.64,69.41,6.76,49.35,48.06,17.71,47.48,9.66,42.89,4.3,45.53,10.49,38.4,3.74,45.9,43.84,16.15,54.63,11.12,49.04,4.92,54.98,12.66,59.0,5.75,50.6,34.9,12.86,38.54,7.84,48.18,4.83,53.41,12.3,45.97,4.48,42.31
202609091404,2026-09-09,14,4R,daily,69.21,25.5,49.27,10.03,37.62,3.77,50.0,11.52,50.0,4.87,55.69,52.7,19.42,58.21,11.85,50.68,5.08,50.0,11.52,50.0,4.87,52.73,52.59,19.38,61.78,12.57,50.39,5.05,50.0,11.52,50.0,4.87,53.39,48.06,17.71,45.69,9.3,52.52,5.27,50.0,11.52,50.0,4.87,48.66,43.84,16.15,47.48,9.66,27.18,2.72,50.0,11.52,50.0,4.87,44.93,34.9,12.86,42.12,8.57,29.54,2.96,50.0,11.52,50.0,4.87,40.78
202609091404,2026-09-09,14,4R,realtime,69.21,25.5,49.27,10.03,37.62,3.77,66.3,15.27,30.59,2.98,57.55,52.7,19.42,58.21,11.85,50.68,5.08,54.54,12.56,55.53,5.41,54.32,52.59,19.38,61.78,12.57,50.39,5.05,46.54,10.72,71.41,6.96,54.68,48.06,17.71,45.69,9.3,52.52,5.27,33.26,7.66,42.49,4.14,44.08,43.84,16.15,47.48,9.66,27.18,2.73,57.35,13.21,58.04,5.65,47.41,34.9,12.86,42.12,8.57,29.54,2.96,41.84,9.64,41.97,4.09,38.12
202609091405,2026-09-09,14,5R,daily,69.21,25.5,43.91,8.94,41.41,4.15,50.0,11.52,50.0,4.87,54.98,52.7,19.42,38.54,7.84,44.45,4.46,50.0,11.52,50.0,4.87,48.11,52.59,19.38,40.33,8.21,58.59,5.88,50.0,11.52,50.0,4.87,49.85,48.06,17.71,49.27,10.03,37.85,3.8,50.0,11.52,50.0,4.87,47.92,43.84,16.15,51.06,10.39,46.32,4.64,50.0,11.52,50.0,4.87,47.58,34.9,12.86,58.21,11.85,52.63,5.28,50.0,11.52,50.0,4.87,46.37
202609091405,2026-09-09,14,5R,realtime,69.21,25.5,43.91,8.94,41.41,4.15,56.75,13.07,30.59,2.98,54.64,52.7,19.42,38.54,7.84,44.45,4.46,46.99,10.82,55.53,5.41,47.95,52.59,19.38,40.33,8.21,58.59,5.88,56.11,12.92,71.41,6.96,53.34,48.06,17.71,49.27,10.03,37.85,3.8,37.51,8.64,42.49,4.14,44.31,43.84,16.15,51.06,10.39,46.32,4.64,54.51,12.55,58.04,5.65,49.4,34.9,12.86,58.21,11.85,52.63,5.28,48.0,11.06,41.97,4.09,45.13
202609091406,2026-09-09,14,6R,daily,69.21,25.5,42.12,8.57,51.14,5.13,50.0,11.52,50.0,4.87,55.59,52.7,19.42,56.42,11.48,42.35,4.25,50.0,11.52,50.0,4.87,51.53,52.59,19.38,45.69,9.3,45.04,4.52,50.0,11.52,50.0,4.87,49.58,48.06,17.71,51.06,10.39,59.74,5.99,50.0,11.52,50.0,4.87,50.48,43.84,16.15,45.69,9.3,57.67,5.78,50.0,11.52,50.0,4.87,47.62,34.9,12.86,38.54,7.84,40.17,4.03,50.0,11.52,50.0,4.87,41.12
202609091406,2026-09-09,14,6R,realtime,69.21,25.5,42.12,8.57,51.14,5.13,54.69,12.6,24.36,2.37,54.17,52.7,19.42,56.42,11.48,42.35,4.25,32.07,7.39,51.39,5.01,47.54,52.59,19.38,45.69,9.3,45.04,4.52,45.07,10.38,75.38,7.34,50.92,48.06,17.71,51.06,10.39,59.74,5.99,54.49,12.55,44.84,4.37,51.01,43.84,16.15,45.69,9.3,57.67,5.78,42.85,9.87,64.54,6.29,47.39,34.9,12.86,38.54,7.84,40.17,4.03,70.68,16.28,39.52,3.85,44.86
202609091407,2026-09-09,14,7R,daily,69.21,25.5,40.33,8.21,45.76,4.59,50.0,11.52,50.0,4.87,54.68,52.7,19.42,47.48,9.66,42.89,4.3,50.0,11.52,50.0,4.87,49.77,52.59,19.38,51.06,10.39,50.81,5.1,50.0,11.52,50.0,4.87,51.25,48.06,17.71,54.63,11.12,49.1,4.92,50.0,11.52,50.0,4.87,50.14,43.84,16.15,63.57,12.94,41.28,4.14,50.0,11.52,50.0,4.87,49.62,34.9,12.86,34.97,7.12,54.34,5.45,50.0,11.52,50.0,4.87,41.81
202609091407,2026-09-09,14,7R,realtime,69.21,25.5,40.33,8.21,45.76,4.59,44.3,10.2,18.13,1.77,50.27,52.7,19.42,47.48,9.66,42.89,4.3,53.76,12.38,47.25,4.6,50.37,52.59,19.38,51.06,10.39,50.81,5.09,41.97,9.67,79.34,7.73,52.26,48.06,17.71,54.63,11.12,49.1,4.92,45.81,10.55,47.19,4.6,48.9,43.84,16.15,63.57,12.94,41.28,4.14,61.45,14.15,71.05,6.92,54.31,34.9,12.86,34.97,7.12,54.34,5.45,52.55,12.1,37.06,3.61,41.14
202609091408,2026-09-09,14,8R,daily,69.21,25.5,49.27,10.03,43.26,4.34,50.0,11.52,50.0,4.87,56.25,52.7,19.42,49.27,10.03,37.62,3.77,50.0,11.52,50.0,4.87,49.6,52.59,19.38,42.12,8.57,35.73,3.58,50.0,11.52,50.0,4.87,47.92,48.06,17.71,60.0,12.21,55.1,5.53,50.0,11.52,50.0,4.87,51.83,43.84,16.15,43.91,8.94,53.93,5.41,50.0,11.52,50.0,4.87,46.89,34.9,12.86,43.91,8.94,39.93,4.0,50.0,11.52,50.0,4.87,42.19
202609091408,2026-09-09,14,8R,realtime,69.21,25.5,49.27,10.03,43.26,4.34,67.95,15.65,11.9,1.16,56.68,52.7,19.42,49.27,10.03,37.62,3.77,52.6,12.12,43.1,4.2,49.53,52.59,19.38,42.12,8.57,35.73,3.58,37.79,8.71,83.31,8.12,48.35,48.06,17.71,60.0,12.21,55.1,5.53,52.06,11.99,49.54,4.83,52.26,43.84,16.15,43.91,8.94,53.93,5.41,54.57,12.57,77.56,7.56,50.62,34.9,12.86,43.91,8.94,39.93,4.0,34.86,8.03,34.6,3.37,37.2
202609091409,2026-09-09,14,9R,daily,69.21,25.5,54.63,11.12,49.04,4.92,50.0,11.52,50.0,4.87,57.92,52.7,19.42,51.06,10.39,46.32,4.64,50.0,11.52,50.0,4.87,50.84,52.59,19.38,47.48,9.66,27.18,2.72,50.0,11.52,50.0,4.87,48.15,48.06,17.71,33.18,6.75,50.22,5.04,50.0,11.52,50.0,4.87,45.88,43.84,16.15,45.69,9.3,46.01,4.61,50.0,11.52,50.0,4.87,46.46,34.9,12.86,42.12,8.57,37.78,3.79,50.0,11.52,50.0,4.87,41.61
202609091409,2026-09-09,14,9R,realtime,69.21,25.5,54.63,11.12,49.04,4.92,66.35,15.28,5.68,0.55,57.37,52.7,19.42,51.06,10.39,46.32,4.64,58.26,13.42,38.96,3.8,51.67,52.59,19.38,47.48,9.66,27.18,2.73,53.39,12.3,87.28,8.5,52.57,48.06,17.71,33.18,6.75,50.22,5.04,40.81,9.4,51.89,5.06,43.95,43.84,16.15,45.69,9.3,46.01,4.61,44.3,10.2,84.07,8.19,48.46,34.9,12.86,42.12,8.57,37.78,3.79,36.72,8.46,32.14,3.13,36.81
202609091410,2026-09-09,14,10R,daily,69.21,25.5,40.33,8.21,58.59,5.88,50.0,11.52,50.0,4.87,55.97,52.7,19.42,51.06,10.39,59.74,5.99,50.0,11.52,50.0,4.87,52.19,52.59,19.38,38.54,7.84,48.18,4.83,50.0,11.52,50.0,4.87,48.44,48.06,17.71,61.78,12.57,50.39,5.05,50.0,11.52,50.0,4.87,51.72,43.84,16.15,65.36,13.3,45.57,4.57,50.0,11.52,50.0,4.87,50.41,34.9,12.86,43.91,8.94,53.36,5.35,50.0,11.52,50.0,4.87,43.53
202609091410,2026-09-09,14,10R,realtime,69.21,25.5,40.33,8.21,58.59,5.88,59.83,13.78,11.53,1.12,54.49,52.7,19.42,51.06,10.39,59.74,5.99,45.34,10.44,43.1,4.2,50.44,52.59,19.38,38.54,7.84,48.18,4.83,53.26,12.27,83.98,8.18,52.5,48.06,17.71,61.78,12.57,50.39,5.05,41.99,9.67,50.9,4.96,49.97,43.84,16.15,65.36,13.3,45.57,4.57,44.13,10.16,77.24,7.52,51.71,34.9,12.86,43.91,8.94,53.36,5.35,55.3,12.74,33.27,3.24,43.12
202609091411,2026-09-09,14,11R,daily,69.21,25.5,45.69,9.3,45.04,4.52,50.0,11.52,50.0,4.87,55.7,52.7,19.42,58.21,11.85,52.63,5.28,50.0,11.52,50.0,4.87,52.93,52.59,19.38,47.48,9.66,44.24,4.44,50.0,11.52,50.0,4.87,49.86,48.06,17.71,40.33,8.21,45.76,4.59,50.0,11.52,50.0,4.87,46.89,43.84,16.15,58.21,11.85,55.03,5.52,50.0,11.52,50.0,4.87,49.91,34.9,12.86,58.21,11.85,50.68,5.08,50.0,11.52,50.0,4.87,46.17
202609091411,2026-09-09,14,11R,realtime,69.21,25.5,45.69,9.3,45.04,4.52,55.62,12.81,11.9,1.16,53.29,52.7,19.42,58.21,11.85,52.63,5.28,50.53,11.64,43.1,4.2,52.38,52.59,19.38,47.48,9.66,44.24,4.44,41.03,9.45,83.31,8.12,51.04,48.06,17.71,40.33,8.21,45.76,4.59,37.47,8.63,49.54,4.83,43.96,43.84,16.15,58.21,11.85,55.03,5.52,62.3,14.35,77.56,7.56,55.43,34.9,12.86,58.21,11.85,50.68,5.08,52.9,12.19,34.6,3.37,45.34
202609091412,2026-09-09,14,12R,daily,69.21,25.5,60.0,12.21,55.1,5.53,50.0,11.52,50.0,4.87,59.62,52.7,19.42,54.63,11.12,49.1,4.92,50.0,11.52,50.0,4.87,51.85,52.59,19.38,49.27,10.03,42.19,4.23,50.0,11.52,50.0,4.87,50.02,48.06,17.71,51.06,10.39,51.66,5.18,50.0,11.52,50.0,4.87,49.67,43.84,16.15,47.48,9.66,55.92,5.61,50.0,11.52,50.0,4.87,47.81,34.9,12.86,56.42,11.48,42.35,4.25,50.0,11.52,50.0,4.87,44.98
202609091412,2026-09-09,14,12R,realtime,69.21,25.5,60.0,12.21,55.1,5.53,71.47,16.46,11.53,1.12,60.82,52.7,19.42,54.63,11.12,49.1,4.92,49.62,11.43,43.1,4.2,51.09,52.59,19.38,49.27,10.03,42.19,4.23,60.44,13.92,83.98,8.18,55.74,48.06,17.71,51.06,10.39,51.66,5.18,43.64,10.05,50.9,4.96,48.29,43.84,16.15,47.48,9.66,55.92,5.61,51.25,11.81,77.24,7.52,50.76,34.9,12.86,56.42,11.48,42.35,4.25,23.42,5.4,33.27,3.24,37.22
202609091601,2026-09-09,16,1R,daily,66.78,26.29,52.79,11.98,48.82,4.51,50.0,9.39,50.0,4.96,57.13,53.71,21.14,41.88,9.51,38.42,3.55,50.0,9.39,50.0,4.96,48.55,48.8,19.21,37.52,8.52,61.79,5.71,50.0,9.39,50.0,4.96,47.78,49.83,19.61,41.88,9.51,48.4,4.47,50.0,9.39,50.0,4.96,47.94,42.27,16.64,46.25,10.5,41.62,3.84,50.0,9.39,50.0,4.96,45.33,37.78,14.87,44.06,10.0,50.56,4.67,50.0,9.39,50.0,4.96,43.89
202609091601,2026-09-09,16,1R,realtime,66.78,26.29,52.79,11.98,48.82,4.51,71.42,13.41,34.21,3.4,59.59,53.71,21.14,41.88,9.51,38.42,3.55,61.41,11.53,52.82,5.24,50.97,48.8,19.21,37.52,8.52,61.79,5.71,48.37,9.08,37.88,3.76,46.27,49.83,19.61,41.88,9.51,48.4,4.47,38.62,7.25,62.94,6.25,47.09,42.27,16.64,46.25,10.5,41.62,3.84,44.61,8.38,55.28,5.49,44.84,37.78,14.87,44.06,10.0,50.56,4.67,35.54,6.67,56.85,5.64,41.86
202609091602,2026-09-09,16,2R,daily,66.78,26.29,37.52,8.52,38.42,3.55,50.0,9.39,50.0,4.96,52.7,53.71,21.14,41.88,9.51,40.42,3.73,50.0,9.39,50.0,4.96,48.73,48.8,19.21,46.25,10.5,68.11,6.29,50.0,9.39,50.0,4.96,50.35,49.83,19.61,41.88,9.51,36.6,3.38,50.0,9.39,50.0,4.96,46.85,42.27,16.64,39.7,9.01,47.88,4.42,50.0,9.39,50.0,4.96,44.42,37.78,14.87,41.88,9.51,36.61,3.38,50.0,9.39,50.0,4.96,42.11
202609091602,2026-09-09,16,2R,realtime,66.78,26.29,37.52,8.52,38.42,3.55,51.37,9.65,33.4,3.32,51.31,53.71,21.14,41.88,9.51,40.42,3.73,49.32,9.26,55.35,5.49,49.14,48.8,19.21,46.25,10.5,68.11,6.29,53.29,10.01,37.72,3.74,49.75,49.83,19.61,41.88,9.51,36.6,3.38,46.11,8.66,61.17,6.07,47.23,42.27,16.64,39.7,9.01,47.88,4.42,42.06,7.9,55.27,5.49,43.46,37.78,14.87,41.88,9.51,36.61,3.38,57.8,10.86,57.07,5.67,44.28
202609091603,2026-09-09,16,3R,daily,66.78,26.29,44.06,10.0,63.78,5.89,50.0,9.39,50.0,4.96,56.53,53.71,21.14,50.61,11.49,59.2,5.47,50.0,9.39,50.0,4.96,52.45,48.8,19.21,50.61,11.49,30.21,2.79,50.0,9.39,50.0,4.96,47.84,49.83,19.61,48.43,10.99,59.79,5.52,50.0,9.39,50.0,4.96,50.48,42.27,16.64,50.61,11.49,51.96,4.8,50.0,9.39,50.0,4.96,47.28,37.78,14.87,46.25,10.5,61.53,5.68,50.0,9.39,50.0,4.96,45.4
202609091603,2026-09-09,16,3R,realtime,66.78,26.29,44.06,10.0,63.78,5.89,46.52,8.74,33.4,3.32,54.23,53.71,21.14,50.61,11.49,59.2,5.47,50.44,9.47,55.35,5.49,53.06,48.8,19.21,50.61,11.49,30.21,2.79,53.61,10.07,37.72,3.74,47.3,49.83,19.61,48.43,10.99,59.79,5.52,51.55,9.68,61.17,6.07,51.88,42.27,16.64,50.61,11.49,51.96,4.8,42.88,8.05,55.27,5.49,46.46,37.78,14.87,46.25,10.5,61.53,5.68,54.97,10.32,57.07,5.67,47.04
202609091604,2026-09-09,16,4R,daily,66.78,26.29,37.52,8.52,51.75,4.78,50.0,9.39,50.0,4.96,53.94,53.71,21.14,46.25,10.5,66.74,6.16,50.0,9.39,50.0,4.96,52.15,48.8,19.21,52.79,11.98,34.14,3.15,50.0,9.39,50.0,4.96,48.7,49.83,19.61,70.25,15.94,34.64,3.2,50.0,9.39,50.0,4.96,53.11,42.27,16.64,39.7,9.01,50.48,4.66,50.0,9.39,50.0,4.96,44.66,37.78,14.87,44.06,10.0,43.67,4.03,50.0,9.39,50.0,4.96,43.26
202609091604,2026-09-09,16,4R,realtime,66.78,26.29,37.52,8.52,51.75,4.78,52.62,9.88,33.4,3.32,52.78,53.71,21.14,46.25,10.5,66.74,6.16,37.68,7.08,55.35,5.49,50.37,48.8,19.21,52.79,11.98,34.14,3.15,48.87,9.18,37.72,3.74,47.26,49.83,19.61,70.25,15.94,34.64,3.2,57.07,10.72,61.17,6.07,55.55,42.27,16.64,39.7,9.01,50.48,4.66,52.58,9.87,55.27,5.49,45.67,37.78,14.87,44.06,10.0,43.67,4.03,51.15,9.61,57.07,5.67,44.18
202609091605,2026-09-09,16,5R,daily,66.78,26.29,50.61,11.49,56.16,5.19,50.0,9.39,50.0,4.96,57.31,53.71,21.14,48.43,10.99,52.1,4.81,50.0,9.39,50.0,4.96,51.3,48.8,19.21,50.61,11.49,39.58,3.66,50.0,9.39,50.0,4.96,48.7,49.83,19.61,44.06,10.0,40.73,3.76,50.0,9.39,50.0,4.96,47.73,42.27,16.64,63.7,14.46,35.67,3.29,50.0,9.39,50.0,4.96,48.74,37.78,14.87,30.97,7.03,58.34,5.39,50.0,9.39,50.0,4.96,41.64
202609091605,2026-09-09,16,5R,realtime,66.78,26.29,50.61,11.49,56.16,5.19,44.83,8.42,33.4,3.32,54.69,53.71,21.14,48.43,10.99,52.1,4.81,50.91,9.56,55.35,5.49,52.0,48.8,19.21,50.61,11.49,39.58,3.65,41.96,7.88,37.72,3.74,45.97,49.83,19.61,44.06,10.0,40.73,3.76,62.35,11.71,61.17,6.07,51.16,42.27,16.64,63.7,14.46,35.67,3.29,61.98,11.64,55.27,5.49,51.52,37.78,14.87,30.97,7.03,58.34,5.39,37.98,7.13,57.07,5.67,40.09
202609091606,2026-09-09,16,6R,daily,66.78,26.29,46.25,10.5,51.22,4.73,50.0,9.39,50.0,4.96,55.87,53.71,21.14,48.43,10.99,37.15,3.43,50.0,9.39,50.0,4.96,49.92,48.8,19.21,48.43,10.99,49.14,4.54,50.0,9.39,50.0,4.96,49.09,49.83,19.61,44.06,10.0,68.67,6.34,50.0,9.39,50.0,4.96,50.31,42.27,16.64,52.79,11.98,55.34,5.11,50.0,9.39,50.0,4.96,48.08,37.78,14.87,30.97,7.03,50.27,4.64,50.0,9.39,50.0,4.96,40.9
202609091606,2026-09-09,16,6R,realtime,66.78,26.29,46.25,10.5,51.22,4.73,55.84,10.49,31.78,3.15,55.16,53.71,21.14,48.43,10.99,37.15,3.43,59.64,11.2,60.41,6.0,52.76,48.8,19.21,48.43,10.99,49.14,4.54,47.29,8.88,37.39,3.71,47.33,49.83,19.61,44.06,10.0,68.67,6.34,51.4,9.65,57.63,5.72,51.33,42.27,16.64,52.79,11.98,55.34,5.11,48.07,9.03,55.26,5.49,48.24,37.78,14.87,30.97,7.03,50.27,4.64,37.73,7.09,57.53,5.71,39.34
202609091607,2026-09-09,16,7R,daily,66.78,26.29,41.88,9.51,37.64,3.48,50.0,9.39,50.0,4.96,53.62,53.71,21.14,46.25,10.5,68.11,6.29,50.0,9.39,50.0,4.96,52.28,48.8,19.21,44.06,10.0,50.56,4.67,50.0,9.39,50.0,4.96,48.23,49.83,19.61,44.06,10.0,52.9,4.88,50.0,9.39,50.0,4.96,48.85,42.27,16.64,59.34,13.47,50.37,4.65,50.0,9.39,50.0,4.96,49.11,37.78,14.87,52.79,11.98,45.87,4.24,50.0,9.39,50.0,4.96,45.44
202609091607,2026-09-09,16,7R,realtime,66.78,26.29,41.88,9.51,37.64,3.48,52.08,9.78,38.39,3.81,52.86,53.71,21.14,46.25,10.5,68.11,6.29,43.85,8.23,44.16,4.38,50.55,48.8,19.21,44.06,10.0,50.56,4.67,33.56,6.3,48.83,4.85,45.03,49.83,19.61,44.06,10.0,52.9,4.88,46.79,8.79,40.85,4.06,47.34,42.27,16.64,59.34,13.47,50.37,4.65,68.66,12.89,68.06,6.76,54.41,37.78,14.87,52.79,11.98,45.87,4.24,55.04,10.34,59.69,5.93,47.35
202609091608,2026-09-09,16,8R,daily,66.78,26.29,48.43,10.99,48.23,4.45,50.0,9.39,50.0,4.96,56.09,53.71,21.14,46.25,10.5,41.62,3.84,50.0,9.39,50.0,4.96,49.84,48.8,19.21,41.88,9.51,36.6,3.38,50.0,9.39,50.0,4.96,46.45,49.83,19.61,50.61,11.49,59.2,5.47,50.0,9.39,50.0,4.96,50.92,42.27,16.64,44.06,10.0,56.26,5.2,50.0,9.39,50.0,4.96,46.19,37.78,14.87,44.06,10.0,49.62,4.58,50.0,9.39,50.0,4.96,43.81
202609091608,2026-09-09,16,8R,realtime,66.78,26.29,48.43,10.99,48.23,4.45,58.93,11.07,38.39,3.81,56.61,53.71,21.14,46.25,10.5,41.62,3.84,47.55,8.93,44.16,4.38,48.8,48.8,19.21,41.88,9.51,36.6,3.38,47.41,8.9,48.83,4.85,45.84,49.83,19.61,50.61,11.49,59.2,5.47,66.59,12.51,40.85,4.06,53.13,42.27,16.64,44.06,10.0,56.26,5.2,31.28,5.87,68.06,6.76,44.47,37.78,14.87,44.06,10.0,49.62,4.58,48.2,9.05,59.69,5.93,44.43
202609091609,2026-09-09,16,9R,daily,66.78,26.29,52.79,11.98,34.14,3.15,50.0,9.39,50.0,4.96,55.78,53.71,21.14,50.61,11.49,39.58,3.66,50.0,9.39,50.0,4.96,50.64,48.8,19.21,39.7,9.01,47.88,4.42,50.0,9.39,50.0,4.96,46.99,49.83,19.61,50.61,11.49,30.21,2.79,50.0,9.39,50.0,4.96,48.24,42.27,16.64,57.15,12.97,52.14,4.81,50.0,9.39,50.0,4.96,48.78,37.78,14.87,41.88,9.51,48.4,4.47,50.0,9.39,50.0,4.96,43.2
202609091609,2026-09-09,16,9R,realtime,66.78,26.29,52.79,11.98,34.14,3.15,59.39,11.15,41.53,4.12,56.7,53.71,21.14,50.61,11.49,39.58,3.65,53.51,10.05,45.21,4.49,50.82,48.8,19.21,39.7,9.01,47.88,4.42,38.68,7.26,47.9,4.75,44.66,49.83,19.61,50.61,11.49,30.21,2.79,64.61,12.13,40.29,4.0,50.02,42.27,16.64,57.15,12.97,52.14,4.81,46.02,8.64,66.88,6.64,49.71,37.78,14.87,41.88,9.51,48.4,4.47,37.77,7.09,58.17,5.77,41.71
202609091610,2026-09-09,16,10R,daily,66.78,26.29,44.06,10.0,40.73,3.76,50.0,9.39,50.0,4.96,54.4,53.71,21.14,52.79,11.98,48.82,4.51,50.0,9.39,50.0,4.96,51.99,48.8,19.21,50.61,11.49,51.96,4.8,50.0,9.39,50.0,4.96,49.85,49.83,19.61,44.06,10.0,43.67,4.03,50.0,9.39,50.0,4.96,48.0,42.27,16.64,74.61,16.93,32.51,3.0,50.0,9.39,50.0,4.96,50.93,37.78,14.87,41.88,9.51,40.42,3.73,50.0,9.39,50.0,4.96,42.46
202609091610,2026-09-09,16,10R,realtime,66.78,26.29,44.06,10.0,40.73,3.76,53.42,10.03,39.1,3.88,53.96,53.71,21.14,52.79,11.98,48.82,4.51,51.24,9.62,52.79,5.24,52.5,48.8,19.21,50.61,11.49,51.96,4.8,34.75,6.53,47.41,4.71,46.72,49.83,19.61,44.06,10.0,43.67,4.03,55.18,10.36,34.98,3.47,47.48,42.27,16.64,74.61,16.93,32.51,3.0,48.34,9.08,66.86,6.64,52.29,37.78,14.87,41.88,9.51,40.42,3.73,57.02,10.71,58.85,5.84,44.66
202609091611,2026-09-09,16,11R,daily,66.78,26.29,63.7,14.46,35.67,3.29,50.0,9.39,50.0,4.96,58.39,53.71,21.14,52.79,11.98,45.87,4.24,50.0,9.39,50.0,4.96,51.71,48.8,19.21,41.88,9.51,36.61,3.38,50.0,9.39,50.0,4.96,46.45,49.83,19.61,48.43,10.99,49.14,4.54,50.0,9.39,50.0,4.96,49.5,42.27,16.64,46.25,10.5,66.74,6.16,50.0,9.39,50.0,4.96,47.65,37.78,14.87,48.43,10.99,59.79,5.52,50.0,9.39,50.0,4.96,45.74
202609091611,2026-09-09,16,11R,realtime,66.78,26.29,63.7,14.46,35.67,3.29,59.11,11.1,39.1,3.88,59.02,53.71,21.14,52.79,11.98,45.87,4.24,52.9,9.93,52.79,5.24,52.54,48.8,19.21,41.88,9.51,36.61,3.38,50.58,9.5,47.41,4.71,46.3,49.83,19.61,48.43,10.99,49.14,4.54,46.16,8.67,34.98,3.47,47.28,42.27,16.64,46.25,10.5,66.74,6.16,35.95,6.75,66.86,6.64,46.69,37.78,14.87,48.43,10.99,59.79,5.52,55.26,10.38,58.85,5.84,47.6
202609091612,2026-09-09,16,12R,daily,66.78,26.29,59.34,13.47,50.37,4.65,50.0,9.39,50.0,4.96,58.76,53.71,21.14,46.25,10.5,61.53,5.68,50.0,9.39,50.0,4.96,51.67,48.8,19.21,70.25,15.94,34.64,3.2,50.0,9.39,50.0,4.96,52.7,49.83,19.61,48.43,10.99,52.1,4.81,50.0,9.39,50.0,4.96,49.77,42.27,16.64,48.43,10.99,48.23,4.45,50.0,9.39,50.0,4.96,46.44,37.78,14.87,48.43,10.99,37.15,3.43,50.0,9.39,50.0,4.96,43.65
202609091612,2026-09-09,16,12R,realtime,66.78,26.29,59.34,13.47,50.37,4.65,63.15,11.86,39.1,3.88,60.15,53.71,21.14,46.25,10.5,61.53,5.68,54.42,10.22,52.79,5.24,52.78,48.8,19.21,70.25,15.94,34.64,3.2,39.89,7.49,47.41,4.71,50.55,49.83,19.61,48.43,10.99,52.1,4.81,39.78,7.47,34.98,3.47,46.36,42.27,16.64,48.43,10.99,48.23,4.45,59.78,11.23,66.86,6.64,49.95,37.78,14.87,48.43,10.99,37.15,3.43,42.94,8.06,58.85,5.84,43.2
202609091701,2026-09-09,17,1R,daily,68.46,31.03,45.83,9.48,59.85,5.12,50.0,9.53,50.0,3.19,58.35,51.78,23.47,43.93,9.08,43.32,3.7,50.0,9.53,50.0,3.19,48.98,52.98,24.02,45.83,9.48,40.71,3.48,50.0,9.53,50.0,3.19,49.69,48.62,22.04,42.03,8.69,42.94,3.67,50.0,9.53,50.0,3.19,47.12,43.72,19.82,47.73,9.87,62.66,5.36,50.0,9.53,50.0,3.19,47.77,34.4,15.59,43.93,9.08,60.68,5.19,50.0,9.53,50.0,3.19,42.59
202609091701,2026-09-09,17,1R,realtime,68.46,31.03,45.83,9.48,59.85,5.12,51.51,9.81,55.33,3.54,58.97,51.78,23.47,43.93,9.08,43.32,3.7,42.95,8.18,36.88,2.36,46.8,52.98,24.02,45.83,9.48,40.71,3.48,62.74,11.95,43.9,2.81,51.73,48.62,22.04,42.03,8.69,42.94,3.67,39.86,7.59,52.91,3.38,45.38,43.72,19.82,47.73,9.87,62.66,5.36,45.98,8.76,45.99,2.94,46.74,34.4,15.59,43.93,9.08,60.68,5.19,56.93,10.85,65.06,4.16,44.87
202609091702,2026-09-09,17,2R,daily,68.46,31.03,45.83,9.48,53.58,4.58,50.0,9.53,50.0,3.19,57.81,51.78,23.47,47.73,9.87,61.74,5.28,50.0,9.53,50.0,3.19,51.34,52.98,24.02,45.83,9.48,58.81,5.03,50.0,9.53,50.0,3.19,51.24,48.62,22.04,32.53,6.73,57.3,4.9,50.0,9.53,50.0,3.19,46.39,43.72,19.82,47.73,9.87,52.62,4.5,50.0,9.53,50.0,3.19,46.91,34.4,15.59,45.83,9.48,44.6,3.81,50.0,9.53,50.0,3.19,41.6
202609091702,2026-09-09,17,2R,realtime,68.46,31.03,45.83,9.48,53.58,4.58,38.98,7.43,55.33,3.54,56.05,51.78,23.47,47.73,9.87,61.74,5.28,66.15,12.6,36.88,2.36,53.58,52.98,24.02,45.83,9.48,58.81,5.03,34.57,6.59,43.9,2.81,47.91,48.62,22.04,32.53,6.73,57.3,4.9,48.45,9.23,52.91,3.38,46.28,43.72,19.82,47.73,9.87,52.62,4.5,56.85,10.83,45.99,2.94,47.96,34.4,15.59,45.83,9.48,44.6,3.81,54.96,10.47,65.06,4.16,43.51
202609091703,2026-09-09,17,3R,daily,68.46,31.03,49.63,10.26,43.88,3.75,50.0,9.53,50.0,3.19,57.77,51.78,23.47,53.43,11.05,56.3,4.81,50.0,9.53,50.0,3.19,52.06,52.98,24.02,42.03,8.69,52.8,4.51,50.0,9.53,50.0,3.19,49.94,48.62,22.04,61.03,12.62,69.04,5.9,50.0,9.53,50.0,3.19,53.28,43.72,19.82,49.63,10.26,40.12,3.43,50.0,9.53,50.0,3.19,46.23,34.4,15.59,30.63,6.33,50.6,4.33,50.0,9.53,50.0,3.19,38.97
202609091703,2026-09-09,17,3R,realtime,68.46,31.03,49.63,10.26,43.88,3.75,53.71,10.23,56.21,3.59,58.87,51.78,23.47,53.43,11.05,56.3,4.81,48.37,9.22,39.0,2.49,51.04,52.98,24.02,42.03,8.69,52.8,4.51,62.21,11.85,44.23,2.83,51.9,48.62,22.04,61.03,12.62,69.04,5.9,37.84,7.21,52.98,3.39,51.16,43.72,19.82,49.63,10.26,40.12,3.43,44.94,8.56,46.23,2.95,45.03,34.4,15.59,30.63,6.33,50.6,4.33,52.92,10.08,61.42,3.92,40.26
202609091704,2026-09-09,17,4R,daily,68.46,31.03,42.03,8.69,50.91,4.35,50.0,9.53,50.0,3.19,56.8,51.78,23.47,59.13,12.23,68.27,5.84,50.0,9.53,50.0,3.19,54.26,52.98,24.02,43.93,9.08,50.46,4.31,50.0,9.53,50.0,3.19,50.14,48.62,22.04,47.73,9.87,69.62,5.95,50.0,9.53,50.0,3.19,50.58,43.72,19.82,45.83,9.48,72.9,6.23,50.0,9.53,50.0,3.19,48.25,34.4,15.59,49.63,10.26,31.96,2.73,50.0,9.53,50.0,3.19,41.31
202609091704,2026-09-09,17,4R,realtime,68.46,31.03,42.03,8.69,50.91,4.35,44.74,8.52,54.74,3.5,56.09,51.78,23.47,59.13,12.23,68.27,5.84,49.33,9.4,34.3,2.19,53.13,52.98,24.02,43.93,9.08,50.46,4.31,42.93,8.18,43.39,2.77,48.37,48.62,22.04,47.73,9.87,69.62,5.95,57.63,10.98,51.98,3.32,52.16,43.72,19.82,45.83,9.48,72.9,6.23,56.38,10.74,46.12,2.95,49.22,34.4,15.59,49.63,10.26,31.96,2.73,48.97,9.33,69.55,4.44,42.36
202609091705,2026-09-09,17,5R,daily,68.46,31.03,51.53,10.66,38.9,3.33,50.0,9.53,50.0,3.19,57.73,51.78,23.47,43.93,9.08,35.96,3.07,50.0,9.53,50.0,3.19,48.35,52.98,24.02,45.83,9.48,58.88,5.03,50.0,9.53,50.0,3.19,51.25,48.62,22.04,53.43,11.05,55.31,4.73,50.0,9.53,50.0,3.19,50.54,43.72,19.82,47.73,9.87,49.91,4.27,50.0,9.53,50.0,3.19,46.68,34.4,15.59,43.93,9.08,56.13,4.8,50.0,9.53,50.0,3.19,42.2
202609091705,2026-09-09,17,5R,realtime,68.46,31.03,51.53,10.66,38.9,3.33,42.1,8.02,57.39,3.67,56.7,51.78,23.47,43.93,9.08,35.96,3.07,53.6,10.21,40.66,2.6,48.44,52.98,24.02,45.83,9.48,58.88,5.03,68.15,12.98,44.38,2.84,54.35,48.62,22.04,53.43,11.05,55.31,4.73,55.32,10.54,52.2,3.34,51.69,43.72,19.82,47.73,9.87,49.91,4.27,47.99,9.14,46.83,2.99,46.09,34.4,15.59,43.93,9.08,56.13,4.8,32.83,6.25,58.62,3.75,39.47
202609091706,2026-09-09,17,6R,daily,68.46,31.03,47.73,9.87,60.06,5.13,50.0,9.53,50.0,3.19,58.76,51.78,23.47,40.13,8.3,50.89,4.35,50.0,9.53,50.0,3.19,48.84,52.98,24.02,47.73,9.87,55.69,4.76,50.0,9.53,50.0,3.19,51.37,48.62,22.04,51.53,10.66,36.88,3.15,50.0,9.53,50.0,3.19,48.57,43.72,19.82,43.93,9.08,43.32,3.7,50.0,9.53,50.0,3.19,45.33,34.4,15.59,47.73,9.87,59.86,5.12,50.0,9.53,50.0,3.19,43.3
202609091706,2026-09-09,17,6R,realtime,68.46,31.03,47.73,9.87,60.06,5.13,60.13,11.46,56.5,3.61,61.1,51.78,23.47,40.13,8.3,50.89,4.35,54.18,10.32,38.54,2.46,48.91,52.98,24.02,47.73,9.87,55.69,4.76,53.0,10.1,44.05,2.81,51.56,48.62,22.04,51.53,10.66,36.88,3.15,42.9,8.17,52.13,3.33,47.35,43.72,19.82,43.93,9.08,43.32,3.7,35.22,6.71,46.6,2.98,42.29,34.4,15.59,47.73,9.87,59.86,5.12,54.56,10.4,62.26,3.98,44.95
202609091707,2026-09-09,17,7R,daily,68.46,31.03,42.03,8.69,42.94,3.67,50.0,9.53,50.0,3.19,56.11,51.78,23.47,49.63,10.26,42.57,3.64,50.0,9.53,50.0,3.19,50.1,52.98,24.02,51.53,10.66,54.39,4.65,50.0,9.53,50.0,3.19,52.04,48.62,22.04,47.73,9.87,52.62,4.5,50.0,9.53,50.0,3.19,49.13,43.72,19.82,43.93,9.08,56.93,4.87,50.0,9.53,50.0,3.19,46.49,34.4,15.59,34.43,7.12,41.88,3.58,50.0,9.53,50.0,3.19,39.01
202609091707,2026-09-09,17,7R,realtime,68.46,31.03,42.03,8.69,42.94,3.67,29.99,5.71,47.03,3.01,52.11,51.78,23.47,49.63,10.26,42.57,3.64,61.69,11.75,11.91,0.76,49.89,52.98,24.02,51.53,10.66,54.39,4.65,58.66,11.18,28.67,1.83,52.33,48.62,22.04,47.73,9.87,52.62,4.5,67.75,12.91,71.39,4.56,53.88,43.72,19.82,43.93,9.08,56.93,4.87,40.19,7.66,80.39,5.14,46.56,34.4,15.59,34.43,7.12,41.88,3.58,41.7,7.95,60.67,3.88,38.11
202609091708,2026-09-09,17,8R,daily,68.46,31.03,43.93,9.08,39.74,3.4,50.0,9.53,50.0,3.19,56.23,51.78,23.47,43.93,9.08,60.68,5.19,50.0,9.53,50.0,3.19,50.47,52.98,24.02,59.13,12.23,42.81,3.66,50.0,9.53,50.0,3.19,52.62,48.62,22.04,43.93,9.08,61.52,5.26,50.0,9.53,50.0,3.19,49.1,43.72,19.82,32.53,6.73,57.3,4.9,50.0,9.53,50.0,3.19,44.17,34.4,15.59,53.43,11.05,56.3,4.81,50.0,9.53,50.0,3.19,44.17
202609091708,2026-09-09,17,8R,realtime,68.46,31.03,43.93,9.08,39.74,3.4,52.49,10.0,42.9,2.74,56.25,51.78,23.47,43.93,9.08,60.68,5.19,52.4,9.98,1.02,0.07,47.79,52.98,24.02,59.13,12.23,42.81,3.66,53.4,10.17,24.17,1.54,51.62,48.62,22.04,43.93,9.08,61.52,5.26,43.76,8.34,76.07,4.86,49.58,43.72,19.82,32.53,6.73,57.3,4.9,49.17,9.37,88.36,5.65,46.46,34.4,15.59,53.43,11.05,56.3,4.81,48.79,9.3,67.56,4.32,45.07
202609091709,2026-09-09,17,9R,daily,68.46,31.03,43.93,9.08,60.51,5.17,50.0,9.53,50.0,3.19,58.01,51.78,23.47,49.63,10.26,31.96,2.73,50.0,9.53,50.0,3.19,49.19,52.98,24.02,49.63,10.26,43.88,3.75,50.0,9.53,50.0,3.19,50.75,48.62,22.04,45.83,9.48,44.6,3.81,50.0,9.53,50.0,3.19,48.05,43.72,19.82,47.73,9.87,42.98,3.67,50.0,9.53,50.0,3.19,46.08,34.4,15.59,45.83,9.48,40.71,3.48,50.0,9.53,50.0,3.19,41.27
202609091709,2026-09-09,17,9R,realtime,68.46,31.03,43.93,9.08,60.51,5.17,61.91,11.8,39.65,2.53,59.62,52.98,24.02,49.63,10.26,31.96,2.73,49.73,9.48,19.99,1.28,47.76,48.62,22.04,49.63,10.26,43.88,3.75,57.21,10.9,80.81,5.16,52.12,43.72,19.82,45.83,9.48,44.6,3.81,45.05,8.58,96.57,6.17,47.86,51.78,23.47,47.73,9.87,42.98,3.67,34.93,6.66,-7.75,-0.5,43.18,34.4,15.59,45.83,9.48,40.71,3.48,51.16,9.75,70.81,4.52,42.82
202609091710,2026-09-09,17,10R,daily,68.46,31.03,47.73,9.87,62.66,5.36,50.0,9.53,50.0,3.19,58.98,51.78,23.47,49.63,10.26,53.2,4.55,50.0,9.53,50.0,3.19,51.01,52.98,24.02,47.73,9.87,49.91,4.27,50.0,9.53,50.0,3.19,50.87,48.62,22.04,42.03,8.69,52.8,4.51,50.0,9.53,50.0,3.19,47.97,43.72,19.82,45.83,9.48,58.81,5.03,50.0,9.53,50.0,3.19,47.04,34.4,15.59,43.93,9.08,50.46,4.31,50.0,9.53,50.0,3.19,41.71
202609091710,2026-09-09,17,10R,realtime,68.46,31.03,47.73,9.87,62.66,5.36,61.36,11.69,42.9,2.74,60.69,51.78,23.47,49.63,10.26,53.2,4.55,59.3,11.3,1.02,0.07,49.65,52.98,24.02,47.73,9.87,49.91,4.27,50.98,9.71,24.17,1.54,49.41,48.62,22.04,42.03,8.69,52.8,4.51,48.9,9.32,76.07,4.86,49.42,43.72,19.82,45.83,9.48,58.81,5.03,47.77,9.1,88.36,5.65,49.07,34.4,15.59,43.93,9.08,50.46,4.31,31.67,6.03,67.56,4.32,39.34
202609091711,2026-09-09,17,11R,daily,68.46,31.03,49.63,10.26,40.12,3.43,50.0,9.53,50.0,3.19,57.44,51.78,23.47,53.43,11.05,55.31,4.73,50.0,9.53,50.0,3.19,51.97,52.98,24.02,45.83,9.48,59.85,5.12,50.0,9.53,50.0,3.19,51.33,48.62,22.04,47.73,9.87,60.06,5.13,50.0,9.53,50.0,3.19,49.76,43.72,19.82,47.73,9.87,61.74,5.28,50.0,9.53,50.0,3.19,47.69,34.4,15.59,47.73,9.87,69.62,5.95,50.0,9.53,50.0,3.19,44.14
202609091711,2026-09-09,17,11R,realtime,68.46,31.03,49.63,10.26,40.12,3.43,49.75,9.48,46.15,2.95,57.15,51.78,23.47,53.43,11.05,55.31,4.73,61.56,11.73,9.8,0.63,51.6,52.98,24.02,45.83,9.48,59.85,5.12,38.42,7.32,28.34,1.81,47.74,48.62,22.04,47.73,9.87,60.06,5.13,41.67,7.94,71.32,4.56,49.54,43.72,19.82,47.73,9.87,61.74,5.28,58.59,11.16,80.15,5.12,51.25,34.4,15.59,47.73,9.87,69.62,5.95,50.0,9.53,64.32,4.11,45.05
202609091712,2026-09-09,17,12R,daily,68.46,31.03,61.03,12.62,69.04,5.9,50.0,9.53,50.0,3.19,62.27,51.78,23.47,51.53,10.66,36.88,3.15,50.0,9.53,50.0,3.19,50.0,52.98,24.02,49.63,10.26,42.57,3.64,50.0,9.53,50.0,3.19,50.64,48.62,22.04,51.53,10.66,38.9,3.33,50.0,9.53,50.0,3.19,48.74,43.72,19.82,59.13,12.23,68.27,5.84,50.0,9.53,50.0,3.19,50.6,34.4,15.59,59.13,12.23,42.81,3.66,50.0,9.53,50.0,3.19,44.2
202609091712,2026-09-09,17,12R,realtime,68.46,31.03,61.03,12.62,69.04,5.9,55.92,10.65,42.9,2.74,62.95,51.78,23.47,51.53,10.66,36.88,3.15,32.94,6.28,1.02,0.07,43.62,52.98,24.02,49.63,10.26,42.57,3.64,50.36,9.6,24.17,1.54,49.06,48.62,22.04,51.53,10.66,38.9,3.33,41.98,8.0,76.07,4.86,48.88,43.72,19.82,59.13,12.23,68.27,5.84,63.2,12.04,88.36,5.65,55.57,34.4,15.59,59.13,12.23,42.81,3.66,55.57,10.59,67.56,4.32,46.38
202609092001,2026-09-09,20,1R,daily,70.3,27.22,44.67,11.47,30.59,2.11,50.0,9.67,50.0,4.67,55.15,52.16,20.2,42.29,10.86,29.06,2.0,50.0,9.67,50.0,4.67,47.41,52.04,20.15,47.05,12.08,35.82,2.47,50.0,9.67,50.0,4.67,49.05,46.67,18.07,44.67,11.47,66.12,4.56,50.0,9.67,50.0,4.67,48.45,43.57,16.87,44.67,11.47,55.15,3.8,50.0,9.67,50.0,4.67,46.5,35.62,13.79,35.16,9.03,47.61,3.28,50.0,9.67,50.0,4.67,40.46
202609092001,2026-09-09,20,1R,realtime,70.3,27.22,44.67,11.47,30.59,2.11,63.5,12.28,57.66,5.39,58.48,52.16,20.2,42.29,10.86,29.06,2.0,39.25,7.59,59.42,5.55,46.21,52.04,20.15,47.05,12.08,35.82,2.47,44.98,8.7,49.67,4.64,48.05,46.67,18.07,44.67,11.47,66.12,4.56,41.61,8.05,53.24,4.98,47.13,43.57,16.87,44.67,11.47,55.15,3.8,48.88,9.46,39.32,3.68,45.28,35.62,13.79,35.16,9.03,47.61,3.28,61.75,11.95,40.69,3.8,41.86
202609092002,2026-09-09,20,2R,daily,70.3,27.22,47.05,12.08,52.62,3.63,50.0,9.67,50.0,4.67,57.28,52.16,20.2,47.05,12.08,73.14,5.05,50.0,9.67,50.0,4.67,51.67,52.04,20.15,54.18,13.92,45.26,3.12,50.0,9.67,50.0,4.67,51.54,46.67,18.07,49.42,12.7,63.71,4.4,50.0,9.67,50.0,4.67,49.51,43.57,16.87,51.8,13.31,43.68,3.01,50.0,9.67,50.0,4.67,47.54,35.62,13.79,47.05,12.08,70.67,4.88,50.0,9.67,50.0,4.67,45.1
202609092002,2026-09-09,20,2R,realtime,70.3,27.22,47.05,12.08,52.62,3.63,54.11,10.47,55.37,5.18,58.58,52.16,20.2,47.05,12.08,73.14,5.05,56.25,10.88,62.63,5.85,54.06,52.04,20.15,54.18,13.92,45.26,3.12,56.97,11.02,49.59,4.63,52.85,46.67,18.07,49.42,12.7,63.71,4.4,48.79,9.44,56.08,5.24,49.84,43.57,16.87,51.8,13.31,43.68,3.01,51.03,9.87,35.7,3.34,46.4,35.62,13.79,47.05,12.08,70.67,4.88,32.82,6.35,40.63,3.8,40.9
202609092003,2026-09-09,20,3R,daily,70.3,27.22,49.42,12.7,56.73,3.91,50.0,9.67,50.0,4.67,58.18,52.16,20.2,47.05,12.08,36.38,2.51,50.0,9.67,50.0,4.67,49.14,52.04,20.15,51.8,13.31,46.83,3.23,50.0,9.67,50.0,4.67,51.03,46.67,18.07,47.05,12.08,63.17,4.36,50.0,9.67,50.0,4.67,48.86,43.57,16.87,49.42,12.7,52.31,3.61,50.0,9.67,50.0,4.67,47.52,35.62,13.79,30.41,7.81,32.21,2.22,50.0,9.67,50.0,4.67,38.17
202609092003,2026-09-09,20,3R,realtime,70.3,27.22,49.42,12.7,56.73,3.91,46.72,9.04,56.5,5.28,58.15,52.16,20.2,47.05,12.08,36.38,2.51,59.88,11.59,67.67,6.33,52.7,52.04,20.15,51.8,13.31,46.83,3.23,61.28,11.86,54.52,5.1,53.64,46.67,18.07,47.05,12.08,63.17,4.36,56.18,10.87,47.53,4.44,49.83,43.57,16.87,49.42,12.7,52.31,3.61,41.71,8.07,22.44,2.1,43.34,35.62,13.79,30.41,7.81,32.21,2.22,34.2,6.62,51.32,4.8,35.24
202609092004,2026-09-09,20,4R,daily,70.3,27.22,47.05,12.08,57.38,3.96,50.0,9.67,50.0,4.67,57.61,52.16,20.2,39.92,10.25,45.13,3.11,50.0,9.67,50.0,4.67,47.91,52.04,20.15,44.67,11.47,47.75,3.29,50.0,9.67,50.0,4.67,49.27,46.67,18.07,51.8,13.31,44.7,3.08,50.0,9.67,50.0,4.67,48.81,43.57,16.87,51.8,13.31,60.26,4.16,50.0,9.67,50.0,4.67,48.68,35.62,13.79,49.42,12.7,51.21,3.53,50.0,9.67,50.0,4.67,44.37
202609092004,2026-09-09,20,4R,realtime,70.3,27.22,47.05,12.08,57.38,3.96,51.24,9.91,56.5,5.28,58.46,52.16,20.2,39.92,10.25,45.13,3.11,75.15,14.54,67.67,6.33,54.43,52.04,20.15,44.67,11.47,47.75,3.29,34.82,6.74,54.52,5.1,46.75,46.67,18.07,51.8,13.31,44.7,3.08,45.41,8.79,47.53,4.44,47.69,43.57,16.87,51.8,13.31,60.26,4.16,44.78,8.66,22.44,2.1,45.09,35.62,13.79,49.42,12.7,51.21,3.53,48.56,9.4,51.32,4.8,44.21
202609092005,2026-09-09,20,5R,daily,70.3,27.22,54.18,13.92,37.31,2.57,50.0,9.67,50.0,4.67,58.06,52.16,20.2,54.18,13.92,58.34,4.02,50.0,9.67,50.0,4.67,52.48,52.04,20.15,42.29,10.86,40.92,2.82,50.0,9.67,50.0,4.67,48.18,46.67,18.07,66.06,16.97,52.04,3.59,50.0,9.67,50.0,4.67,52.98,43.57,16.87,47.05,12.08,36.47,2.52,50.0,9.67,50.0,4.67,45.82,35.62,13.79,30.41,7.81,45.37,3.13,50.0,9.67,50.0,4.67,39.08
202609092005,2026-09-09,20,5R,realtime,70.3,27.22,54.18,13.92,37.31,2.57,57.65,11.15,55.37,5.18,60.04,52.16,20.2,54.18,13.92,58.34,4.02,57.48,11.12,62.63,5.85,55.11,52.04,20.15,42.29,10.86,40.92,2.82,53.1,10.27,49.59,4.63,48.74,46.67,18.07,66.06,16.97,52.04,3.59,50.05,9.68,56.08,5.24,53.56,43.57,16.87,47.05,12.08,36.47,2.52,34.88,6.75,35.7,3.34,41.56,35.62,13.79,30.41,7.81,45.37,3.13,46.8,9.06,40.63,3.8,37.59
202609092006,2026-09-09,20,6R,daily,70.3,27.22,44.67,11.47,30.03,2.07,50.0,9.67,50.0,4.67,55.11,52.16,20.2,77.95,20.02,47.36,3.27,50.0,9.67,50.0,4.67,57.83,52.04,20.15,44.67,11.47,30.59,2.11,50.0,9.67,50.0,4.67,48.08,46.67,18.07,44.67,11.47,35.41,2.44,50.0,9.67,50.0,4.67,46.34,43.57,16.87,49.42,12.7,54.51,3.76,50.0,9.67,50.0,4.67,47.67,35.62,13.79,42.29,10.86,28.83,1.99,50.0,9.67,50.0,4.67,40.99
202609092006,2026-09-09,20,6R,realtime,70.3,27.22,44.67,11.47,30.03,2.07,50.17,9.71,53.09,4.96,55.43,52.16,20.2,77.95,20.02,47.36,3.27,45.3,8.76,65.85,6.15,58.4,52.04,20.15,44.67,11.47,30.59,2.11,38.23,7.4,49.5,4.63,45.76,46.67,18.07,44.67,11.47,35.41,2.44,59.6,11.53,58.92,5.51,49.03,43.57,16.87,49.42,12.7,54.51,3.76,64.84,12.55,32.07,3.0,48.87,35.62,13.79,42.29,10.86,28.83,1.99,41.84,8.1,40.57,3.79,38.53
202609092007,2026-09-09,20,7R,daily,70.3,27.22,56.55,14.53,48.95,3.38,50.0,9.67,50.0,4.67,59.47,52.16,20.2,44.67,11.47,43.89,3.03,50.0,9.67,50.0,4.67,49.05,52.04,20.15,35.16,9.03,47.61,3.28,50.0,9.67,50.0,4.67,46.81,46.67,18.07,49.42,12.7,32.16,2.22,50.0,9.67,50.0,4.67,47.33,43.57,16.87,47.05,12.08,52.62,3.63,50.0,9.67,50.0,4.67,46.93,35.62,13.79,47.05,12.08,35.21,2.43,50.0,9.67,50.0,4.67,42.65
202609092008,2026-09-09,20,8R,daily,70.3,27.22,58.93,15.14,48.73,3.36,50.0,9.67,50.0,4.67,60.07,52.16,20.2,54.18,13.92,45.26,3.12,50.0,9.67,50.0,4.67,51.58,52.04,20.15,49.42,12.7,51.21,3.53,50.0,9.67,50.0,4.67,50.72,46.67,18.07,47.05,12.08,36.38,2.51,50.0,9.67,50.0,4.67,47.01,43.57,16.87,39.92,10.25,45.43,3.13,50.0,9.67,50.0,4.67,44.6,35.62,13.79,42.29,10.86,29.06,2.0,50.0,9.67,50.0,4.67,41.01
202609092009,2026-09-09,20,9R,daily,70.3,27.22,51.8,13.31,50.74,3.5,50.0,9.67,50.0,4.67,58.37,52.16,20.2,47.05,12.08,37.89,2.61,50.0,9.67,50.0,4.67,49.24,52.04,20.15,44.67,11.47,66.12,4.56,50.0,9.67,50.0,4.67,50.53,46.67,18.07,47.05,12.08,52.88,3.65,50.0,9.67,50.0,4.67,48.15,43.57,16.87,30.41,7.81,45.37,3.13,50.0,9.67,50.0,4.67,42.16,35.62,13.79,56.55,14.53,48.33,3.33,50.0,9.67,50.0,4.67,46.0
202609092010,2026-09-09,20,10R,daily,70.3,27.22,51.8,13.31,43.68,3.01,50.0,9.67,50.0,4.67,57.89,52.16,20.2,44.67,11.47,55.15,3.8,50.0,9.67,50.0,4.67,49.82,52.04,20.15,42.29,10.86,28.83,1.99,50.0,9.67,50.0,4.67,47.35,46.67,18.07,54.18,13.92,37.31,2.57,50.0,9.67,50.0,4.67,48.91,43.57,16.87,49.42,12.7,56.73,3.91,50.0,9.67,50.0,4.67,47.83,35.62,13.79,44.67,11.47,47.75,3.29,50.0,9.67,50.0,4.67,42.91
202609092011,2026-09-09,20,11R,daily,70.3,27.22,51.8,13.31,60.26,4.16,50.0,9.67,50.0,4.67,59.03,52.16,20.2,49.42,12.7,32.16,2.22,50.0,9.67,50.0,4.67,49.46,52.04,20.15,47.05,12.08,63.17,4.36,50.0,9.67,50.0,4.67,50.94,46.67,18.07,49.42,12.7,54.51,3.76,50.0,9.67,50.0,4.67,48.87,43.57,16.87,47.05,12.08,73.14,5.05,50.0,9.67,50.0,4.67,48.35,35.62,13.79,54.18,13.92,58.34,4.02,50.0,9.67,50.0,4.67,46.08
202609092012,2026-09-09,20,12R,daily,70.3,27.22,77.95,20.02,47.36,3.27,50.0,9.67,50.0,4.67,64.86,52.16,20.2,58.93,15.14,48.73,3.36,50.0,9.67,50.0,4.67,53.04,52.04,20.15,66.06,16.97,52.04,3.59,50.0,9.67,50.0,4.67,55.06,46.67,18.07,56.55,14.53,48.95,3.38,50.0,9.67,50.0,4.67,50.32,43.57,16.87,51.8,13.31,46.83,3.23,50.0,9.67,50.0,4.67,47.75,35.62,13.79,51.8,13.31,44.7,3.08,50.0,9.67,50.0,4.67,44.53
202609092101,2026-09-09,21,1R,daily,69.97,28.06,48.0,8.84,38.66,3.87,50.0,10.93,50.0,4.82,56.51,50.5,20.25,38.56,7.1,42.98,4.3,50.0,10.93,50.0,4.82,47.39,49.25,19.75,44.23,8.14,53.75,5.38,50.0,10.93,50.0,4.82,49.01,49.12,19.69,48.0,8.84,52.39,5.24,50.0,10.93,50.0,4.82,49.52,45.87,18.39,48.0,8.84,34.88,3.49,50.0,10.93,50.0,4.82,46.46,35.57,14.26,32.89,6.06,54.19,5.42,50.0,10.93,50.0,4.82,41.48
202609092101,2026-09-09,21,1R,realtime,69.97,28.06,48.0,8.84,38.66,3.87,53.34,11.66,42.92,4.14,56.56,50.5,20.25,38.56,7.1,42.98,4.3,44.54,9.73,64.61,6.23,47.61,49.25,19.75,44.23,8.14,53.75,5.38,58.53,12.79,49.6,4.78,50.84,49.12,19.69,48.0,8.84,52.39,5.24,49.53,10.82,23.89,2.3,46.9,45.87,18.39,48.0,8.84,34.88,3.49,43.58,9.52,48.67,4.69,44.93,35.57,14.26,32.89,6.06,54.19,5.42,50.46,11.03,70.31,6.78,43.54
202609092102,2026-09-09,21,2R,daily,69.97,28.06,55.56,10.23,50.89,5.09,50.0,10.93,50.0,4.82,59.12,50.5,20.25,40.45,7.45,40.82,4.08,50.0,10.93,50.0,4.82,47.52,49.25,19.75,46.11,8.49,50.33,5.03,50.0,10.93,50.0,4.82,49.02,49.12,19.69,66.89,12.32,43.05,4.31,50.0,10.93,50.0,4.82,52.06,45.87,18.39,40.45,7.45,37.03,3.7,50.0,10.93,50.0,4.82,45.29,35.57,14.26,32.89,6.06,41.95,4.2,50.0,10.93,50.0,4.82,40.26
202609092102,2026-09-09,21,2R,realtime,69.97,28.06,55.56,10.23,50.89,5.09,57.88,12.65,37.23,3.59,59.61,50.5,20.25,40.45,7.45,40.82,4.08,50.38,11.01,71.43,6.88,49.67,49.25,19.75,46.11,8.49,50.33,5.03,50.79,11.1,50.52,4.87,49.24,49.12,19.69,66.89,12.32,43.05,4.31,61.33,13.4,19.46,1.88,51.59,45.87,18.39,40.45,7.45,37.03,3.7,55.54,12.14,44.48,4.29,45.97,35.57,14.26,32.89,6.06,41.95,4.2,24.07,5.26,76.87,7.41,37.18
202609092103,2026-09-09,21,3R,daily,69.97,28.06,53.67,9.88,44.34,4.43,50.0,10.93,50.0,4.82,58.12,50.5,20.25,42.34,7.8,50.98,5.1,50.0,10.93,50.0,4.82,48.89,49.25,19.75,53.67,9.88,37.66,3.77,50.0,10.93,50.0,4.82,49.14,49.12,19.69,44.23,8.14,66.57,6.66,50.0,10.93,50.0,4.82,50.24,45.87,18.39,49.89,9.19,70.77,7.08,50.0,10.93,50.0,4.82,50.4,35.57,14.26,40.45,7.45,38.74,3.87,50.0,10.93,50.0,4.82,41.33
202609092103,2026-09-09,21,3R,realtime,69.97,28.06,53.67,9.88,44.34,4.43,64.73,14.14,35.58,3.43,59.95,50.5,20.25,42.34,7.8,50.98,5.1,37.06,8.1,37.2,3.58,44.83,49.25,19.75,53.67,9.88,37.66,3.77,40.33,8.81,55.7,5.37,47.58,49.12,19.69,44.23,8.14,66.57,6.66,47.44,10.37,28.77,2.77,47.64,45.87,18.39,49.89,9.19,70.77,7.08,60.11,13.14,73.01,7.04,54.83,35.57,14.26,40.45,7.45,38.74,3.87,50.32,11.0,69.74,6.72,43.3
202609092104,2026-09-09,21,4R,daily,69.97,28.06,55.56,10.23,49.34,4.93,50.0,10.93,50.0,4.82,58.97,50.5,20.25,46.11,8.49,50.17,5.02,50.0,10.93,50.0,4.82,49.5,49.25,19.75,44.23,8.14,26.96,2.7,50.0,10.93,50.0,4.82,46.33,49.12,19.69,48.0,8.84,48.93,4.89,50.0,10.93,50.0,4.82,49.17,45.87,18.39,42.34,7.8,41.1,4.11,50.0,10.93,50.0,4.82,46.04,35.57,14.26,51.78,9.53,49.97,5.0,50.0,10.93,50.0,4.82,44.54
202609092104,2026-09-09,21,4R,realtime,69.97,28.06,55.56,10.23,49.34,4.93,68.01,14.86,35.58,3.43,61.51,50.5,20.25,46.11,8.49,50.17,5.02,53.07,11.6,37.2,3.58,48.94,49.25,19.75,44.23,8.14,26.96,2.7,33.62,7.35,55.7,5.37,43.3,49.12,19.69,48.0,8.84,48.93,4.89,51.97,11.36,28.77,2.77,47.56,45.87,18.39,42.34,7.8,41.1,4.11,47.61,10.41,73.01,7.04,47.74,35.57,14.26,51.78,9.53,49.97,5.0,45.68,9.98,69.74,6.72,45.5
202609092105,2026-09-09,21,5R,daily,69.97,28.06,51.78,9.53,46.22,4.62,50.0,10.93,50.0,4.82,57.96,50.5,20.25,40.45,7.45,43.15,4.32,50.0,10.93,50.0,4.82,47.76,49.25,19.75,53.67,9.88,23.94,2.39,50.0,10.93,50.0,4.82,47.77,49.12,19.69,46.11,8.49,52.36,5.24,50.0,10.93,50.0,4.82,49.17,45.87,18.39,36.67,6.75,48.03,4.8,50.0,10.93,50.0,4.82,45.69,35.57,14.26,46.11,8.49,51.48,5.15,50.0,10.93,50.0,4.82,43.65
202609092105,2026-09-09,21,5R,realtime,69.97,28.06,51.78,9.53,46.22,4.62,65.44,14.3,42.86,4.13,60.65,50.5,20.25,40.45,7.45,43.15,4.32,48.55,10.61,64.83,6.25,48.87,49.25,19.75,53.67,9.88,23.94,2.39,52.24,11.42,49.98,4.82,48.26,49.12,19.69,46.11,8.49,52.36,5.24,48.15,10.52,23.4,2.26,46.2,45.87,18.39,36.67,6.75,48.03,4.8,45.34,9.91,48.42,4.67,44.52,35.57,14.26,46.11,8.49,51.48,5.15,40.26,8.8,70.51,6.8,43.49
202609092106,2026-09-09,21,6R,daily,69.97,28.06,48.0,8.84,52.39,5.24,50.0,10.93,50.0,4.82,57.88,50.5,20.25,46.11,8.49,55.64,5.57,50.0,10.93,50.0,4.82,50.05,49.25,19.75,53.67,9.88,54.49,5.45,50.0,10.93,50.0,4.82,50.82,49.12,19.69,42.34,7.8,49.55,4.96,50.0,10.93,50.0,4.82,48.19,45.87,18.39,48.0,8.84,60.26,6.03,50.0,10.93,50.0,4.82,49.0,35.57,14.26,46.11,8.49,42.21,4.22,50.0,10.93,50.0,4.82,42.72
202609092106,2026-09-09,21,6R,realtime,69.97,28.06,48.0,8.84,52.39,5.24,49.74,10.87,42.82,4.13,57.13,49.25,19.75,46.11,8.49,55.64,5.57,61.13,13.36,50.24,4.84,52.0,50.5,20.25,53.67,9.88,54.49,5.45,60.73,13.27,64.98,6.26,55.12,49.12,19.69,42.34,7.8,49.55,4.96,44.55,9.74,23.07,2.22,44.41,45.87,18.39,48.0,8.84,60.26,6.03,43.86,9.59,48.26,4.65,47.49,35.57,14.26,46.11,8.49,42.21,4.22,39.97,8.73,70.64,6.81,42.52
202609092107,2026-09-09,21,7R,daily,69.97,28.06,46.11,8.49,50.33,5.03,50.0,10.93,50.0,4.82,57.33,50.5,20.25,46.11,8.49,69.63,6.96,50.0,10.93,50.0,4.82,51.45,49.25,19.75,42.34,7.8,65.78,6.58,50.0,10.93,50.0,4.82,49.87,49.12,19.69,44.23,8.14,53.75,5.38,50.0,10.93,50.0,4.82,48.96,45.87,18.39,51.78,9.53,42.63,4.26,50.0,10.93,50.0,4.82,47.93,35.57,14.26,34.78,6.4,57.54,5.75,50.0,10.93,50.0,4.82,42.16
202609092107,2026-09-09,21,7R,realtime,69.97,28.06,46.11,8.49,50.33,5.03,55.99,12.24,42.79,4.12,57.94,50.5,20.25,46.11,8.49,69.63,6.96,57.62,12.59,65.06,6.27,54.57,49.25,19.75,42.34,7.8,65.78,6.58,39.77,8.69,50.36,4.85,47.67,49.12,19.69,44.23,8.14,53.75,5.38,51.55,11.27,22.91,2.21,46.69,45.87,18.39,51.78,9.53,42.63,4.26,50.73,11.09,48.17,4.64,47.92,35.57,14.26,34.78,6.4,57.54,5.76,44.33,9.69,70.71,6.81,42.92
202609092108,2026-09-09,21,8R,daily,69.97,28.06,44.23,8.14,26.96,2.7,50.0,10.93,50.0,4.82,54.64,50.5,20.25,53.67,9.88,42.86,4.29,50.0,10.93,50.0,4.82,50.16,49.25,19.75,38.56,7.1,43.29,4.33,50.0,10.93,50.0,4.82,46.92,49.12,19.69,42.34,7.8,50.98,5.1,50.0,10.93,50.0,4.82,48.33,45.87,18.39,44.23,8.14,46.22,4.62,50.0,10.93,50.0,4.82,46.9,35.57,14.26,44.23,8.14,39.45,3.95,50.0,10.93,50.0,4.82,42.09
202609092108,2026-09-09,21,8R,realtime,69.97,28.06,44.23,8.14,26.96,2.7,61.27,13.39,42.68,4.11,56.4,50.5,20.25,53.67,9.88,42.86,4.29,56.88,12.43,65.44,6.31,53.16,49.25,19.75,38.56,7.1,43.29,4.33,48.26,10.55,51.0,4.92,46.64,49.12,19.69,42.34,7.8,50.98,5.1,36.72,8.03,22.09,2.13,42.74,45.87,18.39,44.23,8.14,46.22,4.62,45.23,9.88,47.75,4.6,45.64,35.57,14.26,44.23,8.14,39.45,3.95,51.63,11.28,71.04,6.85,44.48
202609092109,2026-09-09,21,9R,daily,69.97,28.06,49.89,9.19,70.77,7.08,50.0,10.93,50.0,4.82,60.07,50.5,20.25,48.0,8.84,34.88,3.49,50.0,10.93,50.0,4.82,48.32,49.25,19.75,40.45,7.45,43.15,4.32,50.0,10.93,50.0,4.82,47.25,49.12,19.69,51.78,9.53,49.97,5.0,50.0,10.93,50.0,4.82,49.97,45.87,18.39,40.45,7.45,40.82,4.08,50.0,10.93,50.0,4.82,45.67,35.57,14.26,46.11,8.49,59.79,5.98,50.0,10.93,50.0,4.82,44.48
202609092109,2026-09-09,21,9R,realtime,69.97,28.06,49.89,9.19,70.77,7.08,66.52,14.54,42.7,4.12,62.97,50.5,20.25,48.0,8.84,34.88,3.49,52.99,11.58,65.36,6.3,50.46,49.25,19.75,40.45,7.45,43.15,4.32,36.98,8.08,50.87,4.9,44.49,49.12,19.69,51.78,9.53,49.97,5.0,49.48,10.81,22.26,2.14,47.18,45.87,18.39,40.45,7.45,40.82,4.08,36.7,8.02,47.84,4.61,42.55,35.57,14.26,46.11,8.49,59.79,5.98,57.33,12.53,70.98,6.84,48.1
202609092110,2026-09-09,21,10R,daily,69.97,28.06,51.78,9.53,47.0,4.7,50.0,10.93,50.0,4.82,58.04,50.5,20.25,40.45,7.45,37.03,3.7,50.0,10.93,50.0,4.82,47.15,49.25,19.75,46.11,8.49,52.36,5.24,50.0,10.93,50.0,4.82,49.22,49.12,19.69,53.67,9.88,44.34,4.43,50.0,10.93,50.0,4.82,49.76,45.87,18.39,38.56,7.1,42.98,4.3,50.0,10.93,50.0,4.82,45.53,35.57,14.26,46.11,8.49,55.64,5.57,50.0,10.93,50.0,4.82,44.06
202609092110,2026-09-09,21,10R,realtime,69.97,28.06,51.78,9.53,47.0,4.7,69.55,15.2,42.68,4.11,61.6,50.5,20.25,40.45,7.45,37.03,3.7,51.85,11.33,65.44,6.31,49.04,49.25,19.75,46.11,8.49,52.36,5.24,49.62,10.84,51.0,4.92,49.23,49.12,19.69,53.67,9.88,44.34,4.43,51.45,11.24,22.09,2.13,47.38,45.87,18.39,38.56,7.1,42.98,4.3,31.67,6.92,47.75,4.6,41.31,35.57,14.26,46.11,8.49,55.64,5.57,45.85,10.02,71.04,6.85,45.18
202609092111,2026-09-09,21,11R,daily,69.97,28.06,48.0,8.84,48.93,4.89,50.0,10.93,50.0,4.82,57.53,50.5,20.25,51.78,9.53,42.63,4.26,50.0,10.93,50.0,4.82,49.79,49.25,19.75,48.0,8.84,60.26,6.03,50.0,10.93,50.0,4.82,50.36,49.12,19.69,48.0,8.84,38.66,3.87,50.0,10.93,50.0,4.82,48.15,45.87,18.39,55.56,10.23,50.89,5.09,50.0,10.93,50.0,4.82,49.46,35.57,14.26,53.67,9.88,23.94,2.39,50.0,10.93,50.0,4.82,42.28
202609092111,2026-09-09,21,11R,realtime,69.97,28.06,48.0,8.84,48.93,4.89,71.92,15.72,42.82,4.13,61.63,50.5,20.25,51.78,9.53,42.63,4.26,49.5,10.82,64.98,6.26,51.13,49.25,19.75,48.0,8.84,60.26,6.03,39.16,8.56,50.24,4.84,48.01,49.12,19.69,48.0,8.84,38.66,3.87,45.54,9.95,23.07,2.22,44.58,45.87,18.39,55.56,10.23,50.89,5.09,44.61,9.75,48.26,4.65,48.11,35.57,14.26,53.67,9.88,23.94,2.39,49.25,10.76,70.64,6.81,44.11
202609092112,2026-09-09,21,12R,daily,69.97,28.06,66.89,12.32,43.05,4.31,50.0,10.93,50.0,4.82,60.42,50.5,20.25,53.67,9.88,54.49,5.45,50.0,10.93,50.0,4.82,51.33,49.25,19.75,51.78,9.53,46.22,4.62,50.0,10.93,50.0,4.82,49.65,49.12,19.69,53.67,9.88,37.66,3.77,50.0,10.93,50.0,4.82,49.09,45.87,18.39,55.56,10.23,49.34,4.93,50.0,10.93,50.0,4.82,49.3,35.57,14.26,53.67,9.88,42.86,4.29,50.0,10.93,50.0,4.82,44.18
202609092112,2026-09-09,21,12R,realtime,69.97,28.06,66.89,12.32,43.05,4.31,70.02,15.3,42.88,4.13,64.11,50.5,20.25,53.67,9.88,54.49,5.45,42.48,9.28,64.75,6.24,51.11,49.25,19.75,51.78,9.53,46.22,4.62,46.99,10.27,49.85,4.8,48.98,49.12,19.69,53.67,9.88,37.66,3.77,35.52,7.76,23.56,2.27,43.38,45.87,18.39,55.56,10.23,49.34,4.93,59.62,13.03,48.5,4.67,51.26,35.57,14.26,53.67,9.88,42.86,4.29,45.37,9.92,70.44,6.79,45.13
202609092401,2026-09-09,24,1R,daily,69.95,30.87,57.2,11.32,54.46,4.68,50.0,10.05,50.0,3.69,60.61,50.25,22.17,59.28,11.74,49.31,4.24,50.0,10.05,50.0,3.69,51.89,52.33,23.09,53.04,10.5,51.44,4.42,50.0,10.05,50.0,3.69,51.75,46.7,20.61,53.04,10.5,47.17,4.05,50.0,10.05,50.0,3.69,48.9,43.87,19.36,53.04,10.5,54.9,4.72,50.0,10.05,50.0,3.69,48.32,36.68,16.19,69.68,13.8,47.0,4.04,50.0,10.05,50.0,3.69,47.76
202609092401,2026-09-09,24,1R,realtime,69.95,30.87,57.2,11.32,54.46,4.68,57.4,11.53,19.66,1.45,59.86,50.25,22.17,59.28,11.74,49.31,4.24,57.27,11.51,108.43,8.01,57.66,52.33,23.09,53.04,10.5,51.44,4.42,54.96,11.04,85.0,6.28,55.34,46.7,20.61,53.04,10.5,47.17,4.05,40.85,8.21,63.58,4.7,48.07,43.87,19.36,53.04,10.5,54.9,4.72,45.37,9.12,-8.68,-0.64,43.05,36.68,16.19,69.68,13.8,47.0,4.04,44.16,8.87,31.98,2.36,45.26
202609092402,2026-09-09,24,2R,daily,69.95,30.87,57.2,11.32,52.89,4.54,50.0,10.05,50.0,3.69,60.48,50.25,22.17,67.6,13.39,50.31,4.32,50.0,10.05,50.0,3.69,53.62,52.33,23.09,86.33,17.09,59.98,5.15,50.0,10.05,50.0,3.69,59.08,46.7,20.61,67.6,13.39,45.61,3.92,50.0,10.05,50.0,3.69,51.65,43.87,19.36,53.04,10.5,36.21,3.11,50.0,10.05,50.0,3.69,46.71,36.68,16.19,78.01,15.45,49.84,4.28,50.0,10.05,50.0,3.69,49.65
202609092402,2026-09-09,24,2R,realtime,69.95,30.87,57.2,11.32,52.89,4.54,52.2,10.49,23.61,1.74,58.97,50.25,22.17,67.6,13.39,50.31,4.32,44.89,9.02,100.88,7.45,56.35,52.33,23.09,86.33,17.09,59.98,5.15,69.0,13.86,80.88,5.98,65.18,46.7,20.61,67.6,13.39,45.61,3.92,45.37,9.12,61.74,4.56,51.59,43.87,19.36,53.04,10.5,36.21,3.11,42.3,8.5,-1.42,-0.1,41.37,36.68,16.19,78.01,15.45,49.84,4.28,46.27,9.3,34.25,2.53,47.74
202609092403,2026-09-09,24,3R,daily,69.95,30.87,53.04,10.5,48.64,4.18,50.0,10.05,50.0,3.69,59.29,50.25,22.17,78.01,15.45,65.27,5.61,50.0,10.05,50.0,3.69,56.97,52.33,23.09,61.36,12.15,44.43,3.82,50.0,10.05,50.0,3.69,52.8,46.7,20.61,61.36,12.15,57.94,4.98,50.0,10.05,50.0,3.69,51.47,43.87,19.36,67.6,13.39,48.74,4.19,50.0,10.05,50.0,3.69,50.67,36.68,16.19,86.33,17.09,57.87,4.97,50.0,10.05,50.0,3.69,51.99
202609092403,2026-09-09,24,3R,realtime,69.95,30.87,53.04,10.5,48.64,4.18,50.89,10.22,27.56,2.04,57.81,50.25,22.17,78.01,15.45,65.27,5.61,60.21,12.1,93.34,6.9,62.22,52.33,23.09,61.36,12.15,44.43,3.82,29.58,5.94,76.77,5.67,50.67,46.7,20.61,61.36,12.15,57.94,4.98,56.56,11.37,59.91,4.43,53.53,43.87,19.36,67.6,13.39,48.74,4.19,47.78,9.6,5.84,0.43,46.96,36.68,16.19,86.33,17.09,57.87,4.97,55.02,11.06,36.53,2.7,52.01
202609092404,2026-09-09,24,4R,daily,69.95,30.87,63.44,12.56,56.72,4.87,50.0,10.05,50.0,3.69,62.04,50.25,22.17,53.04,10.5,66.08,5.68,50.0,10.05,50.0,3.69,52.09,52.33,23.09,63.44,12.56,51.78,4.45,50.0,10.05,50.0,3.69,53.84,46.7,20.61,71.77,14.21,47.39,4.07,50.0,10.05,50.0,3.69,52.63,43.87,19.36,57.2,11.32,51.25,4.4,50.0,10.05,50.0,3.69,48.83,36.68,16.19,71.77,14.21,55.18,4.74,50.0,10.05,50.0,3.69,48.88
202609092404,2026-09-09,24,4R,realtime,69.95,30.87,63.44,12.56,56.72,4.87,69.82,14.03,31.5,2.33,64.66,50.25,22.17,53.04,10.5,66.08,5.68,62.8,12.62,85.8,6.34,57.31,52.33,23.09,63.44,12.56,51.78,4.45,48.2,9.69,72.65,5.37,55.15,46.7,20.61,71.77,14.21,47.39,4.07,35.79,7.19,58.08,4.29,50.37,43.87,19.36,57.2,11.32,51.25,4.4,39.28,7.89,13.1,0.97,43.95,36.68,16.19,71.77,14.21,55.18,4.74,44.13,8.87,38.81,2.87,46.87
202609092405,2026-09-09,24,5R,daily,69.95,30.87,63.44,12.56,39.34,3.38,50.0,10.05,50.0,3.69,60.55,50.25,22.17,67.6,13.39,55.2,4.74,50.0,10.05,50.0,3.69,54.04,52.33,23.09,73.85,14.62,50.72,4.36,50.0,10.05,50.0,3.69,55.81,46.7,20.61,65.52,12.97,75.36,6.48,50.0,10.05,50.0,3.69,53.8,43.87,19.36,61.36,12.15,59.78,5.14,50.0,10.05,50.0,3.69,50.38,36.68,16.19,80.09,15.86,60.22,5.17,50.0,10.05,50.0,3.69,50.96
202609092405,2026-09-09,24,5R,realtime,69.95,30.87,63.44,12.56,39.34,3.38,45.37,9.12,27.56,2.04,57.96,50.25,22.17,67.6,13.39,55.2,4.74,41.0,8.24,93.34,6.9,55.43,52.33,23.09,73.85,14.62,50.72,4.36,36.65,7.36,76.77,5.67,55.11,46.7,20.61,65.52,12.97,75.36,6.48,57.92,11.64,59.91,4.43,56.12,43.87,19.36,61.36,12.15,59.78,5.14,46.46,9.34,5.84,0.43,46.41,36.68,16.19,80.09,15.86,60.22,5.17,72.6,14.59,36.53,2.7,54.5
202609092406,2026-09-09,24,6R,daily,69.95,30.87,75.93,15.03,67.56,5.81,50.0,10.05,50.0,3.69,65.45,50.25,22.17,63.44,12.56,49.24,4.23,50.0,10.05,50.0,3.69,52.7,52.33,23.09,88.41,17.51,54.66,4.7,50.0,10.05,50.0,3.69,59.03,46.7,20.61,59.28,11.74,49.31,4.24,50.0,10.05,50.0,3.69,50.32,43.87,19.36,55.12,10.91,41.78,3.59,50.0,10.05,50.0,3.69,47.6,36.68,16.19,92.58,18.33,47.52,4.08,50.0,10.05,50.0,3.69,52.34
202609092407,2026-09-09,24,7R,daily,69.95,30.87,92.58,18.33,57.56,4.95,50.0,10.05,50.0,3.69,67.88,50.25,22.17,67.6,13.39,60.58,5.2,50.0,10.05,50.0,3.69,54.5,52.33,23.09,69.68,13.8,36.92,3.17,50.0,10.05,50.0,3.69,53.8,46.7,20.61,59.28,11.74,62.28,5.35,50.0,10.05,50.0,3.69,51.44,43.87,19.36,59.28,11.74,55.22,4.74,50.0,10.05,50.0,3.69,49.58,36.68,16.19,67.6,13.39,37.51,3.22,50.0,10.05,50.0,3.69,46.53
202609092408,2026-09-09,24,8R,daily,69.95,30.87,65.52,12.97,68.09,5.85,50.0,10.05,50.0,3.69,63.43,50.25,22.17,53.04,10.5,47.17,4.05,50.0,10.05,50.0,3.69,50.47,52.33,23.09,86.33,17.09,57.87,4.97,50.0,10.05,50.0,3.69,58.9,46.7,20.61,59.28,11.74,64.97,5.58,50.0,10.05,50.0,3.69,51.67,43.87,19.36,86.33,17.09,59.98,5.15,50.0,10.05,50.0,3.69,55.35,36.68,16.19,59.28,11.74,34.62,2.97,50.0,10.05,50.0,3.69,44.64
202609092409,2026-09-09,24,9R,daily,69.95,30.87,84.25,16.68,43.4,3.73,50.0,10.05,50.0,3.69,65.02,50.25,22.17,71.77,14.21,55.18,4.74,50.0,10.05,50.0,3.69,54.86,52.33,23.09,57.2,11.32,52.89,4.54,50.0,10.05,50.0,3.69,52.7,46.7,20.61,84.25,16.68,51.48,4.42,50.0,10.05,50.0,3.69,55.45,43.87,19.36,61.36,12.15,57.94,4.98,50.0,10.05,50.0,3.69,50.23,36.68,16.19,53.04,10.5,51.44,4.42,50.0,10.05,50.0,3.69,44.85
202609092410,2026-09-09,24,10R,daily,69.95,30.87,86.33,17.09,52.08,4.48,50.0,10.05,50.0,3.69,66.18,50.25,22.17,57.2,11.32,54.46,4.68,50.0,10.05,50.0,3.69,51.92,52.33,23.09,80.09,15.86,60.22,5.17,50.0,10.05,50.0,3.69,57.86,46.7,20.61,75.93,15.03,53.21,4.57,50.0,10.05,50.0,3.69,53.95,43.87,19.36,67.6,13.39,50.31,4.32,50.0,10.05,50.0,3.69,50.81,36.68,16.19,53.04,10.5,66.08,5.68,50.0,10.05,50.0,3.69,46.11
202609092411,2026-09-09,24,11R,daily,69.95,30.87,67.6,13.39,45.61,3.92,50.0,10.05,50.0,3.69,61.91,50.25,22.17,92.58,18.33,47.52,4.08,50.0,10.05,50.0,3.69,58.33,52.33,23.09,59.28,11.74,63.27,5.44,50.0,10.05,50.0,3.69,54.01,46.7,20.61,73.85,14.62,50.72,4.36,50.0,10.05,50.0,3.69,53.33,43.87,19.36,55.12,10.91,60.59,5.21,50.0,10.05,50.0,3.69,49.22,36.68,16.19,63.44,12.56,51.78,4.45,50.0,10.05,50.0,3.69,46.94
202609092412,2026-09-09,24,12R,daily,69.95,30.87,88.41,17.51,54.66,4.7,50.0,10.05,50.0,3.69,66.81,50.25,22.17,78.01,15.45,49.84,4.28,50.0,10.05,50.0,3.69,55.64,52.33,23.09,61.36,12.15,59.78,5.14,50.0,10.05,50.0,3.69,54.12,46.7,20.61,61.36,12.15,44.43,3.82,50.0,10.05,50.0,3.69,50.31,43.87,19.36,67.6,13.39,60.58,5.2,50.0,10.05,50.0,3.69,51.69,36.68,16.19,59.28,11.74,64.97,5.58,50.0,10.05,50.0,3.69,47.25
