レースコード,レース日,レース場コード,レース回,状態,荒れ度,P_その他_1,P_その他_2,P_その他_3,P_その他_4,P_その他_5,P_その他_6,P_まくり_2,P_まくり_3,P_まくり_4,P_まくり_5,P_まくり_6,P_まくり差し_3,P_まくり差し_4,P_まくり差し_5,P_まくり差し_6,P_差し_2,P_差し_3,P_差し_4,P_差し_5,P_差し_6,P_抜き_1,P_抜き_2,P_抜き_3,P_抜き_4,P_抜き_5,P_抜き_6,P_恵まれ_2,P_恵まれ_3,P_恵まれ_4,P_恵まれ_5,P_逃げ_1,P_逃げ_2
202609050101,2026-09-05,01,01R,daily,0.7805,0.005393,0.004088,0.001286,0.000448,0.000302,0.001269,0.091588,0.065111,0.134511,0.021665,0.024230,0.042361,0.056813,0.042244,0.039455,0.078384,0.030665,0.028490,0.006016,0.014937,0.012957,0.012752,0.014251,0.013539,0.008655,0.013956,0.001188,0.001947,0.001241,0.002215,0.219450,0.008596
202609050101,2026-09-05,01,01R,realtime,0.6862,0.002997,0.001568,0.000749,0.000442,0.000358,0.001308,0.055327,0.056017,0.124539,0.012519,0.015922,0.046702,0.054695,0.030904,0.043550,0.074184,0.023774,0.032394,0.004868,0.013689,0.016635,0.014252,0.016083,0.010625,0.009104,0.012412,0.000932,0.001316,0.001185,0.002148,0.313823,0.004980
202609050102,2026-09-05,01,02R,daily,0.6397,0.005680,0.002403,0.001121,0.000295,0.000341,0.001120,0.045820,0.073809,0.044899,0.051564,0.011323,0.047429,0.017049,0.080223,0.039473,0.077331,0.022802,0.011217,0.011899,0.009273,0.019645,0.009018,0.016388,0.008705,0.008758,0.007846,0.001332,0.001164,0.000993,0.002070,0.360341,0.008669
202609050102,2026-09-05,01,02R,realtime,0.5747,0.002428,0.001028,0.000989,0.000273,0.000346,0.000956,0.023946,0.088464,0.036166,0.020994,0.012273,0.059582,0.013044,0.083956,0.023599,0.069423,0.020528,0.010742,0.007978,0.012290,0.023759,0.008895,0.020534,0.008168,0.008121,0.007194,0.001066,0.000933,0.000764,0.001868,0.425258,0.004434
202609050103,2026-09-05,01,03R,daily,0.7236,0.004116,0.002971,0.000797,0.000342,0.000298,0.001296,0.034243,0.063685,0.160291,0.024451,0.007178,0.046520,0.089174,0.080842,0.011800,0.044036,0.021456,0.037509,0.006579,0.005799,0.014733,0.006880,0.011387,0.019048,0.012356,0.004234,0.001160,0.001275,0.001560,0.001886,0.276431,0.005664
202609050103,2026-09-05,01,03R,realtime,0.7346,0.002235,0.000958,0.000698,0.000417,0.000416,0.001204,0.063427,0.050632,0.086642,0.021476,0.004896,0.054971,0.060234,0.098894,0.009862,0.090367,0.031207,0.047039,0.006753,0.005509,0.022422,0.010489,0.014276,0.013062,0.023515,0.003042,0.000732,0.001114,0.001581,0.002510,0.265412,0.004009
202609050104,2026-09-05,01,04R,daily,0.7561,0.009506,0.003474,0.001700,0.000395,0.000395,0.001566,0.073951,0.078839,0.064839,0.046641,0.007073,0.066145,0.026147,0.086117,0.041211,0.072407,0.028824,0.023941,0.012491,0.009173,0.020789,0.009144,0.014752,0.013611,0.013973,0.010965,0.001586,0.002418,0.001616,0.002776,0.243915,0.009619
202609050104,2026-09-05,01,04R,realtime,0.6504,0.003051,0.001354,0.001342,0.000493,0.000349,0.001233,0.044938,0.077955,0.033937,0.036919,0.011711,0.091478,0.020712,0.068619,0.051809,0.056131,0.024209,0.011554,0.007601,0.007027,0.022962,0.007881,0.015836,0.010939,0.013303,0.014548,0.002098,0.002098,0.001410,0.002214,0.349566,0.004723
202609050105,2026-09-05,01,05R,daily,0.4449,0.004110,0.001294,0.000547,0.000177,0.000180,0.000585,0.033852,0.051336,0.051298,0.010768,0.001787,0.060966,0.018347,0.023278,0.002879,0.085033,0.018408,0.010545,0.002547,0.000894,0.023217,0.008758,0.013783,0.004552,0.003009,0.000898,0.002295,0.000913,0.001409,0.001263,0.555122,0.005949
202609050106,2026-09-05,01,06R,daily,0.2579,0.002960,0.001213,0.000325,0.000143,0.000132,0.000659,0.011657,0.019384,0.039502,0.014478,0.005091,0.022004,0.016815,0.021566,0.011300,0.024266,0.003433,0.004501,0.002630,0.002010,0.029203,0.003906,0.005084,0.003806,0.004825,0.001388,0.000784,0.000894,0.001443,0.000872,0.742080,0.001645
202609050107,2026-09-05,01,07R,daily,0.4733,0.003072,0.001680,0.000537,0.000170,0.000171,0.001013,0.009697,0.087989,0.036385,0.010001,0.005239,0.142550,0.022035,0.023460,0.011340,0.022007,0.021633,0.007265,0.002661,0.002606,0.015297,0.003105,0.023927,0.004819,0.003489,0.002135,0.001002,0.001580,0.001417,0.001187,0.526704,0.003825
202609050107,2026-09-05,01,07R,realtime,0.4543,0.007929,0.011916,0.001520,0.000256,0.000247,0.000894,0.056805,0.014776,0.024290,0.033174,0.008056,0.011045,0.010734,0.028720,0.017920,0.111367,0.006870,0.003658,0.001760,0.002827,0.019126,0.023476,0.004048,0.001821,0.002224,0.001107,0.001324,0.001522,0.001302,0.003189,0.545709,0.040388
202609050108,2026-09-05,01,08R,daily,0.3894,0.003049,0.001367,0.000501,0.000198,0.000209,0.000822,0.009509,0.034474,0.041782,0.030971,0.004626,0.035956,0.022176,0.078919,0.011972,0.031538,0.007396,0.007716,0.004434,0.002242,0.025635,0.004224,0.005714,0.005649,0.008099,0.001871,0.001220,0.001365,0.001014,0.001125,0.610635,0.003589
202609050109,2026-09-05,01,09R,daily,0.5906,0.005002,0.002125,0.001298,0.000325,0.000269,0.001282,0.058327,0.058860,0.060170,0.015330,0.004907,0.055229,0.028071,0.027173,0.014409,0.116851,0.026140,0.016309,0.003660,0.004189,0.021743,0.015126,0.012952,0.008684,0.004885,0.005122,0.002002,0.002567,0.001864,0.002912,0.409386,0.012828
202609050110,2026-09-05,01,10R,daily,0.6446,0.006110,0.002225,0.000766,0.000301,0.000268,0.001678,0.047994,0.045121,0.136069,0.010808,0.004292,0.038000,0.066991,0.052232,0.014684,0.088805,0.017257,0.022445,0.005839,0.001665,0.012778,0.016323,0.011764,0.015464,0.006213,0.001969,0.002528,0.002118,0.002963,0.002000,0.355402,0.006927
202609050111,2026-09-05,01,11R,daily,0.3714,0.004326,0.001074,0.000504,0.000201,0.000179,0.001530,0.013257,0.027883,0.073999,0.011434,0.004785,0.033969,0.037886,0.038440,0.011803,0.036663,0.007486,0.007148,0.003533,0.002125,0.019017,0.007329,0.006607,0.004851,0.003449,0.001716,0.001602,0.001718,0.001687,0.001734,0.628599,0.003467
202609050112,2026-09-05,01,12R,daily,0.3715,0.003925,0.000909,0.000684,0.000191,0.000182,0.001027,0.012398,0.049806,0.050459,0.013534,0.004128,0.060954,0.020735,0.026869,0.006862,0.029750,0.015934,0.009130,0.003054,0.001434,0.022482,0.007207,0.008237,0.003819,0.003382,0.001048,0.002119,0.002061,0.001096,0.001481,0.628539,0.006565
202609050201,2026-09-05,02,01R,daily,0.5716,0.001680,0.000950,0.000800,0.000253,0.000197,0.000495,0.045033,0.155286,0.035651,0.018044,0.017508,0.054225,0.017302,0.017359,0.019023,0.060124,0.023464,0.013071,0.002913,0.003085,0.022325,0.015827,0.023046,0.004499,0.005369,0.005415,0.001529,0.002119,0.000695,0.001399,0.428379,0.002936
202609050201,2026-09-05,02,01R,realtime,0.5234,0.001431,0.000321,0.000644,0.000249,0.000221,0.000563,0.030639,0.153170,0.018093,0.022868,0.017893,0.053543,0.015338,0.014684,0.018774,0.050678,0.018421,0.013766,0.002228,0.004884,0.026198,0.015732,0.023521,0.003789,0.003436,0.005956,0.001620,0.001705,0.000648,0.000739,0.476603,0.001647
202609050202,2026-09-05,02,02R,daily,0.5179,0.001619,0.000626,0.000604,0.000207,0.000161,0.000528,0.087433,0.046277,0.038070,0.022847,0.025016,0.014135,0.016611,0.026106,0.012405,0.119388,0.006115,0.004685,0.009965,0.005675,0.027270,0.025893,0.006642,0.003517,0.003074,0.004419,0.002494,0.001026,0.000927,0.001540,0.482149,0.002574
202609050202,2026-09-05,02,02R,realtime,0.4809,0.001715,0.000726,0.000441,0.000241,0.000178,0.000592,0.049143,0.049894,0.052204,0.026223,0.013288,0.016424,0.016595,0.019697,0.018092,0.112441,0.004820,0.005424,0.007015,0.005839,0.029392,0.022038,0.007073,0.003983,0.004226,0.004962,0.003119,0.001151,0.000812,0.001072,0.519114,0.002067
202609050203,2026-09-05,02,03R,daily,0.7538,0.003200,0.000756,0.000534,0.000262,0.000248,0.000529,0.037100,0.058771,0.230717,0.035307,0.002841,0.017947,0.045282,0.114054,0.002210,0.041246,0.006047,0.031669,0.022274,0.002614,0.018961,0.011290,0.009062,0.032584,0.018672,0.001058,0.002680,0.001246,0.001909,0.001078,0.246204,0.001648
202609050203,2026-09-05,02,03R,realtime,0.8215,0.003865,0.003090,0.001482,0.000263,0.000263,0.000417,0.226515,0.070660,0.028970,0.086532,0.002670,0.014061,0.010620,0.080922,0.002832,0.168236,0.008199,0.007784,0.010497,0.001358,0.016008,0.023690,0.004395,0.004528,0.022314,0.000897,0.002277,0.003602,0.001585,0.002004,0.178467,0.010996
202609050204,2026-09-05,02,04R,daily,0.9070,0.006073,0.000933,0.000901,0.000338,0.000358,0.001318,0.086458,0.168732,0.110185,0.017438,0.004609,0.078417,0.032944,0.047370,0.008708,0.070747,0.035190,0.086157,0.014954,0.002198,0.006809,0.015682,0.061964,0.013216,0.018176,0.003602,0.002087,0.003317,0.001193,0.002289,0.093008,0.004627
202609050204,2026-09-05,02,04R,realtime,0.9306,0.001581,0.000399,0.001337,0.000351,0.000359,0.001138,0.044949,0.286921,0.038783,0.023062,0.003043,0.139467,0.026014,0.048795,0.005934,0.061814,0.035658,0.058248,0.009855,0.001810,0.006867,0.016935,0.071801,0.008255,0.024330,0.002926,0.001933,0.003267,0.000970,0.001908,0.069416,0.001873
202609050205,2026-09-05,02,05R,daily,0.4594,0.001510,0.000500,0.000245,0.000163,0.000122,0.000594,0.017383,0.049142,0.116448,0.004601,0.007841,0.026393,0.055716,0.012823,0.004575,0.055171,0.004919,0.036748,0.002637,0.001288,0.013218,0.007700,0.011727,0.018291,0.001763,0.001574,0.002454,0.001206,0.000796,0.000703,0.540578,0.001172
202609050205,2026-09-05,02,05R,realtime,0.5481,0.001571,0.000306,0.000296,0.000187,0.000153,0.000482,0.017257,0.053710,0.159536,0.001434,0.006851,0.033937,0.072164,0.008748,0.004066,0.056853,0.006313,0.059165,0.002491,0.001376,0.012585,0.010427,0.009805,0.018085,0.001402,0.001935,0.001993,0.002279,0.000835,0.000570,0.451935,0.001254
202609050206,2026-09-05,02,06R,daily,0.8273,0.004370,0.000819,0.000803,0.000264,0.000192,0.001019,0.247614,0.101563,0.063579,0.013912,0.005472,0.041164,0.015804,0.037200,0.008591,0.139235,0.022419,0.021008,0.011186,0.003374,0.014950,0.023814,0.018642,0.007574,0.003606,0.004358,0.001417,0.001535,0.002289,0.001883,0.172719,0.007625
202609050206,2026-09-05,02,06R,realtime,0.7931,0.000944,0.000574,0.000711,0.000242,0.000199,0.001009,0.237665,0.088915,0.052752,0.007207,0.001695,0.046339,0.012509,0.034390,0.007521,0.164665,0.019528,0.025346,0.008436,0.003621,0.016566,0.019421,0.020149,0.007259,0.004324,0.002464,0.001361,0.000872,0.001522,0.001238,0.206903,0.003653
202609050207,2026-09-05,02,07R,daily,0.2636,0.000514,0.000403,0.000242,0.000108,0.000082,0.000276,0.005642,0.046483,0.047150,0.009636,0.004171,0.020014,0.023592,0.013104,0.003690,0.017205,0.002614,0.005318,0.002089,0.001298,0.037973,0.005007,0.005704,0.003175,0.003649,0.001208,0.000744,0.000893,0.000667,0.000507,0.736369,0.000472
202609050207,2026-09-05,02,07R,realtime,0.2095,0.000833,0.000077,0.000175,0.000068,0.000085,0.000190,0.002351,0.054126,0.026644,0.003058,0.002682,0.019451,0.015067,0.008342,0.002167,0.012597,0.002130,0.005896,0.001461,0.001210,0.035874,0.003687,0.004462,0.002515,0.001841,0.000583,0.000343,0.000468,0.000367,0.000388,0.790545,0.000319
202609050208,2026-09-05,02,08R,daily,0.9128,0.001248,0.000507,0.000577,0.000156,0.000146,0.000338,0.376033,0.092052,0.008184,0.017697,0.004925,0.017722,0.003886,0.013040,0.003445,0.228158,0.021511,0.005588,0.003006,0.000917,0.008214,0.069201,0.009965,0.000800,0.003776,0.001046,0.000994,0.000437,0.000613,0.001621,0.087163,0.017035
202609050208,2026-09-05,02,08R,realtime,0.2501,0.005232,0.000539,0.000299,0.000107,0.000120,0.000403,0.004021,0.055168,0.008505,0.025676,0.002350,0.034362,0.006618,0.020349,0.004536,0.012584,0.006846,0.002706,0.002678,0.001217,0.029570,0.002232,0.013018,0.000551,0.003430,0.001098,0.000587,0.000516,0.000737,0.001104,0.749932,0.002908
202609050209,2026-09-05,02,09R,daily,0.6705,0.003076,0.000317,0.000678,0.000254,0.000187,0.000633,0.153895,0.034446,0.051467,0.017619,0.003623,0.012299,0.019341,0.040382,0.002597,0.216853,0.008994,0.008622,0.004639,0.000938,0.015622,0.044244,0.003951,0.005526,0.008360,0.001125,0.003098,0.001243,0.000991,0.000919,0.329526,0.004534
202609050209,2026-09-05,02,09R,realtime,0.7760,0.000855,0.000416,0.000335,0.000231,0.000148,0.000373,0.267996,0.016673,0.039642,0.008813,0.001416,0.007591,0.013654,0.040424,0.001437,0.276488,0.007065,0.008868,0.002778,0.000479,0.011303,0.040911,0.003089,0.004902,0.009218,0.001000,0.002765,0.001472,0.000879,0.000768,0.224005,0.004005
202609050210,2026-09-05,02,10R,daily,0.7054,0.002597,0.002022,0.001266,0.000329,0.000200,0.000886,0.044537,0.170539,0.047636,0.022127,0.017636,0.070325,0.026793,0.035762,0.051077,0.060370,0.025753,0.023694,0.004700,0.007491,0.016643,0.008615,0.020419,0.003218,0.006384,0.020110,0.001481,0.002512,0.002038,0.003442,0.294582,0.004814
202609050210,2026-09-05,02,10R,realtime,0.7778,0.004740,0.001208,0.001645,0.000244,0.000259,0.000582,0.045460,0.216582,0.042100,0.045617,0.003852,0.059626,0.021050,0.129187,0.005489,0.056483,0.020947,0.015209,0.014417,0.001387,0.012956,0.009908,0.024852,0.004945,0.018595,0.002559,0.001019,0.002082,0.001868,0.003702,0.222245,0.009184
202609050211,2026-09-05,02,11R,daily,0.5226,0.001340,0.000889,0.000988,0.000290,0.000143,0.000875,0.038192,0.081705,0.141447,0.005635,0.020973,0.023969,0.042977,0.010696,0.013166,0.034126,0.007571,0.028649,0.003118,0.004229,0.013455,0.009649,0.005278,0.015830,0.003260,0.006246,0.001113,0.003682,0.000990,0.000940,0.477365,0.001216
202609050211,2026-09-05,02,11R,realtime,0.5879,0.001565,0.000228,0.000659,0.000295,0.000168,0.000525,0.049422,0.053262,0.194503,0.002645,0.045743,0.022596,0.034607,0.011457,0.011055,0.045053,0.011671,0.036154,0.002680,0.003568,0.011835,0.010331,0.004759,0.015362,0.002353,0.006690,0.000894,0.004110,0.001599,0.001051,0.412122,0.001037
202609050212,2026-09-05,02,12R,daily,0.4886,0.001219,0.001127,0.000591,0.000179,0.000192,0.000540,0.029423,0.055204,0.020654,0.061320,0.027436,0.013591,0.014493,0.110054,0.022572,0.041497,0.005158,0.004724,0.013975,0.004271,0.018958,0.008474,0.004395,0.001206,0.018150,0.002688,0.000842,0.001020,0.000950,0.001576,0.511366,0.002157
202609050212,2026-09-05,02,12R,realtime,0.3871,0.001631,0.000518,0.000371,0.000162,0.000179,0.000407,0.025416,0.048504,0.012866,0.038217,0.026188,0.013367,0.009513,0.088527,0.012436,0.036540,0.003046,0.003030,0.011704,0.003791,0.018410,0.006870,0.004084,0.000980,0.011139,0.003075,0.000546,0.000669,0.000794,0.001973,0.612883,0.002165
202609050301,2026-09-05,03,01R,daily,0.5744,0.002017,0.001046,0.000347,0.000214,0.000196,0.000383,0.037961,0.058034,0.088764,0.021267,0.000760,0.048089,0.032554,0.025211,0.002036,0.080472,0.013871,0.038323,0.004457,0.001917,0.039645,0.018383,0.021184,0.015588,0.009253,0.001215,0.001792,0.003007,0.002907,0.001524,0.425605,0.001976
202609050301,2026-09-05,03,01R,realtime,0.5118,0.001736,0.000360,0.000255,0.000225,0.000188,0.000345,0.023728,0.053520,0.122310,0.008434,0.000604,0.057550,0.039422,0.014757,0.001822,0.050600,0.009761,0.029982,0.003543,0.001370,0.029225,0.013473,0.013479,0.019071,0.006062,0.001475,0.001497,0.002812,0.002360,0.001276,0.488151,0.000608
202609050302,2026-09-05,03,02R,daily,0.4998,0.001685,0.000881,0.000361,0.000214,0.000148,0.000517,0.047434,0.040412,0.050191,0.012515,0.004235,0.025336,0.017527,0.021874,0.008780,0.146913,0.009774,0.008728,0.002825,0.001874,0.031029,0.032686,0.008827,0.007994,0.004029,0.002147,0.001938,0.003378,0.002534,0.001126,0.500204,0.001884
202609050302,2026-09-05,03,02R,realtime,0.5473,0.001253,0.000922,0.000337,0.000354,0.000183,0.000604,0.072705,0.058411,0.081315,0.008424,0.008202,0.028683,0.031731,0.011454,0.015852,0.114837,0.008125,0.009323,0.003616,0.002254,0.024244,0.026318,0.008550,0.011064,0.003184,0.002607,0.003391,0.003092,0.003086,0.001209,0.452748,0.001924
202609050303,2026-09-05,03,03R,daily,0.7107,0.001993,0.000993,0.000534,0.000283,0.000177,0.000515,0.138004,0.030167,0.057880,0.015528,0.004951,0.011871,0.017276,0.020218,0.005420,0.249236,0.007577,0.014625,0.003556,0.002964,0.019111,0.068344,0.008322,0.008067,0.007373,0.002517,0.001555,0.002386,0.001545,0.001690,0.289328,0.005991
202609050303,2026-09-05,03,03R,realtime,0.5877,0.002347,0.000939,0.000298,0.000440,0.000209,0.000612,0.069404,0.029843,0.059596,0.021585,0.007207,0.015090,0.021705,0.026732,0.008564,0.187611,0.005383,0.014787,0.002707,0.002452,0.019054,0.047475,0.007539,0.009823,0.009022,0.003792,0.001776,0.003146,0.002287,0.002572,0.412285,0.003719
202609050304,2026-09-05,03,04R,daily,0.8875,0.003422,0.000829,0.001074,0.000332,0.000254,0.000663,0.219784,0.110098,0.034499,0.046745,0.004318,0.058019,0.014884,0.058138,0.006680,0.129274,0.055661,0.011907,0.010481,0.003969,0.013867,0.033381,0.024423,0.007281,0.021768,0.003793,0.001621,0.002497,0.001296,0.001728,0.112462,0.004853
202609050304,2026-09-05,03,04R,realtime,0.8373,0.001178,0.000377,0.000841,0.000454,0.000234,0.000512,0.242578,0.052238,0.046421,0.038514,0.003275,0.061823,0.015565,0.071357,0.009251,0.114566,0.041309,0.009628,0.008812,0.002406,0.012677,0.028660,0.021373,0.006969,0.030438,0.004802,0.001318,0.002734,0.001670,0.003235,0.162737,0.002049
202609050305,2026-09-05,03,05R,daily,0.8326,0.002993,0.000904,0.000593,0.000311,0.000319,0.000745,0.066367,0.084158,0.140004,0.060027,0.001716,0.053162,0.042908,0.090530,0.004809,0.059927,0.025999,0.037342,0.028267,0.003631,0.017762,0.012791,0.032392,0.022561,0.030911,0.002467,0.002005,0.001531,0.001668,0.001851,0.167410,0.001937
202609050305,2026-09-05,03,05R,realtime,0.8722,0.001118,0.000239,0.000554,0.000406,0.000270,0.000461,0.040322,0.092009,0.158978,0.090673,0.000785,0.070904,0.047803,0.116661,0.003988,0.037522,0.020474,0.022636,0.021502,0.001421,0.012327,0.011864,0.024759,0.020197,0.060531,0.003303,0.002000,0.002300,0.001760,0.003396,0.127772,0.001067
202609050306,2026-09-05,03,06R,daily,0.6633,0.003884,0.001055,0.000781,0.000266,0.000276,0.000528,0.055076,0.088713,0.039497,0.062668,0.003893,0.063554,0.012041,0.079571,0.011063,0.084203,0.025082,0.017623,0.010937,0.003027,0.025770,0.016327,0.019237,0.007671,0.015724,0.003305,0.001937,0.002867,0.002103,0.001758,0.336671,0.002890
202609050306,2026-09-05,03,06R,realtime,0.6478,0.001231,0.000456,0.000712,0.000337,0.000252,0.000488,0.063556,0.084403,0.034261,0.068356,0.008090,0.071910,0.010830,0.091500,0.013014,0.063096,0.024614,0.010062,0.012591,0.001822,0.021848,0.011492,0.015039,0.007815,0.014467,0.004290,0.001632,0.002626,0.002266,0.003270,0.352160,0.001513
202609050307,2026-09-05,03,07R,daily,0.4699,0.002393,0.000744,0.000449,0.000214,0.000183,0.000702,0.048525,0.025664,0.055679,0.015196,0.001577,0.018678,0.015030,0.030360,0.005095,0.122587,0.005666,0.008658,0.005024,0.002371,0.034254,0.033270,0.006860,0.008264,0.009350,0.001535,0.001667,0.003342,0.002816,0.001145,0.530078,0.002625
202609050307,2026-09-05,03,07R,realtime,0.3296,0.001312,0.000483,0.000315,0.000230,0.000132,0.000486,0.030936,0.012293,0.072021,0.013673,0.002435,0.015954,0.010846,0.025942,0.006375,0.055437,0.003808,0.002878,0.004623,0.001133,0.019827,0.018993,0.003026,0.007047,0.007808,0.001688,0.001651,0.002507,0.002965,0.001665,0.670424,0.001083
202609050308,2026-09-05,03,08R,daily,0.4901,0.001976,0.000585,0.000287,0.000242,0.000182,0.000527,0.045905,0.016536,0.104681,0.027559,0.004211,0.008419,0.028662,0.034992,0.005983,0.083669,0.004414,0.015594,0.006724,0.002283,0.035304,0.026128,0.003944,0.012017,0.010906,0.001320,0.001533,0.001786,0.001722,0.000918,0.509887,0.001103
202609050308,2026-09-05,03,08R,realtime,0.4687,0.003047,0.000392,0.000119,0.000246,0.000182,0.000446,0.044544,0.010913,0.122814,0.017137,0.004379,0.007100,0.023663,0.050384,0.005467,0.065614,0.003849,0.011804,0.005896,0.001008,0.028008,0.023480,0.002711,0.014330,0.010368,0.001876,0.001700,0.003127,0.001943,0.001301,0.531318,0.000835
202609050309,2026-09-05,03,09R,daily,0.4314,0.001265,0.000505,0.000362,0.000251,0.000166,0.000551,0.027230,0.037218,0.081072,0.021745,0.007323,0.024517,0.027437,0.023329,0.007489,0.049920,0.009094,0.018367,0.004202,0.003875,0.039513,0.011880,0.007369,0.009919,0.006474,0.002805,0.001382,0.002089,0.001448,0.001226,0.568632,0.001345
202609050309,2026-09-05,03,09R,realtime,0.2773,0.001574,0.000155,0.000157,0.000231,0.000126,0.000372,0.018410,0.024351,0.043736,0.011363,0.006698,0.019802,0.021123,0.011482,0.005899,0.030506,0.004879,0.008443,0.001979,0.001350,0.032228,0.009056,0.004365,0.005886,0.004053,0.002935,0.001147,0.001884,0.001363,0.000956,0.722675,0.000816
202609050310,2026-09-05,03,10R,daily,0.4078,0.001939,0.000762,0.000395,0.000232,0.000165,0.000812,0.030966,0.039266,0.038945,0.014638,0.008358,0.045912,0.018889,0.019377,0.014669,0.057143,0.012109,0.007921,0.004449,0.003781,0.039518,0.012162,0.010609,0.005711,0.005493,0.003110,0.001690,0.003564,0.002391,0.001209,0.592237,0.001577
202609050310,2026-09-05,03,10R,realtime,0.4525,0.001855,0.000281,0.000251,0.000371,0.000124,0.000643,0.062922,0.032794,0.022674,0.034323,0.005079,0.072726,0.017552,0.029691,0.029444,0.040668,0.014758,0.003668,0.003117,0.001581,0.028491,0.007799,0.006133,0.005857,0.008408,0.008414,0.003150,0.003789,0.004272,0.001139,0.547510,0.000517
202609050311,2026-09-05,03,11R,daily,0.4163,0.002141,0.000734,0.000309,0.000264,0.000178,0.000755,0.026273,0.033839,0.067341,0.025215,0.009336,0.023139,0.019518,0.033325,0.013242,0.042904,0.009349,0.009098,0.006934,0.004674,0.040194,0.006922,0.012364,0.007954,0.008016,0.003794,0.001546,0.002088,0.002211,0.001403,0.583660,0.001278
202609050311,2026-09-05,03,11R,realtime,0.4269,0.002419,0.000327,0.000265,0.000428,0.000153,0.000608,0.036885,0.020009,0.092253,0.029060,0.006613,0.023246,0.025213,0.041692,0.014795,0.031345,0.007942,0.003683,0.005249,0.002139,0.031618,0.006435,0.009087,0.006831,0.012660,0.005694,0.002066,0.001971,0.003421,0.001597,0.573117,0.001177
202609050312,2026-09-05,03,12R,daily,0.4645,0.001606,0.000581,0.000561,0.000248,0.000198,0.001173,0.014182,0.065831,0.053120,0.014087,0.003942,0.070800,0.028364,0.022397,0.010377,0.048454,0.018371,0.015441,0.003309,0.004599,0.029366,0.010081,0.016511,0.006943,0.006412,0.004132,0.002444,0.004032,0.001524,0.002347,0.535477,0.003088
202609050312,2026-09-05,03,12R,realtime,0.4959,0.001101,0.000222,0.000513,0.000440,0.000180,0.001071,0.014129,0.092615,0.037737,0.029322,0.003156,0.094708,0.046889,0.019068,0.012395,0.031819,0.016136,0.008119,0.002956,0.002485,0.020298,0.008298,0.014550,0.006949,0.009319,0.007491,0.003100,0.004574,0.001869,0.001695,0.504102,0.002692
202609050401,2026-09-05,04,01R,daily,0.5657,0.001919,0.001126,0.000401,0.000199,0.000170,0.000284,0.020717,0.113770,0.039279,0.011952,0.003154,0.058622,0.048114,0.021683,0.001985,0.084126,0.029381,0.049087,0.003414,0.001032,0.021257,0.008480,0.018996,0.008664,0.006412,0.001062,0.002228,0.001549,0.003153,0.001307,0.434327,0.002150
202609050401,2026-09-05,04,01R,realtime,0.4691,0.002167,0.000276,0.000348,0.000160,0.000136,0.000219,0.002007,0.125038,0.018748,0.008269,0.002448,0.084680,0.059378,0.028939,0.001387,0.027849,0.011222,0.031070,0.001721,0.000766,0.015804,0.003060,0.018554,0.010207,0.004711,0.001593,0.002138,0.002526,0.002374,0.000726,0.530883,0.000595
202609050402,2026-09-05,04,02R,daily,0.8711,0.004110,0.000996,0.000663,0.000313,0.000228,0.000577,0.152809,0.052301,0.046027,0.056983,0.013575,0.010859,0.014739,0.096033,0.011633,0.263776,0.017229,0.021111,0.023507,0.001939,0.011420,0.031771,0.007033,0.005999,0.010069,0.003468,0.001831,0.000798,0.002031,0.002222,0.128871,0.005076
202609050402,2026-09-05,04,02R,realtime,0.8569,0.001557,0.001086,0.000432,0.000373,0.000266,0.000555,0.097816,0.064019,0.091483,0.055519,0.008245,0.013493,0.016270,0.085753,0.011652,0.254830,0.015467,0.025642,0.021889,0.002078,0.011506,0.033225,0.007305,0.006601,0.012971,0.004465,0.001928,0.000789,0.001952,0.003394,0.143086,0.004355
202609050403,2026-09-05,04,03R,daily,0.3243,0.001243,0.000654,0.000218,0.000149,0.000098,0.000488,0.014176,0.034403,0.027364,0.005533,0.008018,0.023007,0.016406,0.005535,0.007431,0.090380,0.007457,0.018672,0.001594,0.001409,0.030421,0.005377,0.007656,0.005114,0.001534,0.002357,0.001434,0.001335,0.001917,0.001168,0.675741,0.001715
202609050403,2026-09-05,04,03R,realtime,0.3360,0.001969,0.000482,0.000198,0.000156,0.000133,0.000611,0.010328,0.037413,0.033112,0.004553,0.013741,0.025356,0.016460,0.004439,0.010947,0.076782,0.009590,0.019637,0.001557,0.002293,0.030434,0.008714,0.006987,0.007104,0.000890,0.004433,0.002013,0.001421,0.001953,0.000498,0.664025,0.001772
202609050404,2026-09-05,04,04R,daily,0.3738,0.001006,0.000549,0.000312,0.000143,0.000183,0.000229,0.006642,0.070108,0.006421,0.025372,0.006353,0.035240,0.006227,0.033398,0.004126,0.093367,0.010626,0.005199,0.002238,0.000737,0.012877,0.012167,0.015155,0.002180,0.011346,0.000687,0.001762,0.000924,0.001336,0.000757,0.626164,0.006168
202609050404,2026-09-05,04,04R,realtime,0.3854,0.001096,0.000280,0.000286,0.000150,0.000182,0.000189,0.005896,0.055161,0.005472,0.031187,0.003100,0.044939,0.007201,0.056154,0.003372,0.080148,0.009441,0.005301,0.002439,0.000768,0.016757,0.009765,0.015678,0.001997,0.021052,0.000596,0.001542,0.001301,0.001430,0.000932,0.614624,0.001568
202609050405,2026-09-05,04,05R,daily,0.6786,0.001671,0.000903,0.000471,0.000207,0.000155,0.000525,0.027647,0.132632,0.056175,0.004145,0.005370,0.107214,0.035422,0.005657,0.003408,0.110176,0.050526,0.038409,0.002324,0.001243,0.011217,0.008383,0.048327,0.010005,0.001834,0.002154,0.002663,0.001689,0.002558,0.001814,0.321357,0.003718
202609050405,2026-09-05,04,05R,realtime,0.6856,0.000790,0.000443,0.000740,0.000233,0.000154,0.000456,0.020997,0.113898,0.055478,0.002673,0.003460,0.133424,0.038175,0.004080,0.002738,0.126040,0.050541,0.036582,0.001019,0.001189,0.010868,0.009696,0.048350,0.008756,0.001984,0.002505,0.002492,0.001970,0.003021,0.001121,0.314379,0.001751
202609050406,2026-09-05,04,06R,daily,0.6255,0.002851,0.002138,0.000506,0.000419,0.000240,0.001383,0.021341,0.065605,0.064859,0.015829,0.076850,0.031066,0.064166,0.037663,0.034226,0.062026,0.013154,0.024979,0.006793,0.007807,0.014885,0.010000,0.016770,0.012073,0.012502,0.013322,0.001849,0.001676,0.003609,0.002396,0.374541,0.002472
202609050406,2026-09-05,04,06R,realtime,0.5784,0.003201,0.000399,0.000309,0.000361,0.000273,0.001579,0.010204,0.100091,0.018203,0.013676,0.077114,0.048302,0.052469,0.027834,0.035343,0.057830,0.011910,0.024879,0.004232,0.008879,0.017839,0.008901,0.015928,0.007579,0.011093,0.011530,0.001004,0.001182,0.003202,0.001315,0.421598,0.001741
202609050407,2026-09-05,04,07R,daily,0.7212,0.001406,0.000741,0.000234,0.000260,0.000146,0.000753,0.013531,0.035863,0.225601,0.005664,0.014665,0.018937,0.133930,0.010205,0.010949,0.046097,0.011206,0.107917,0.003871,0.002972,0.008324,0.004942,0.010925,0.036190,0.002550,0.005813,0.001667,0.000888,0.002369,0.001648,0.278790,0.000944
202609050407,2026-09-05,04,07R,realtime,0.6406,0.001046,0.000210,0.000187,0.000269,0.000177,0.000661,0.006948,0.032039,0.138303,0.003972,0.022625,0.027536,0.129191,0.007155,0.013803,0.050241,0.009837,0.110340,0.001837,0.003592,0.009645,0.004031,0.009330,0.040243,0.001999,0.008799,0.001811,0.000961,0.002503,0.000843,0.359428,0.000437
202609050408,2026-09-05,04,08R,daily,0.6565,0.002794,0.000615,0.000567,0.000251,0.000212,0.000547,0.093798,0.061978,0.031004,0.028894,0.009206,0.021172,0.014730,0.027370,0.003798,0.222297,0.024521,0.016715,0.009269,0.000969,0.021278,0.029570,0.010758,0.004189,0.005737,0.001403,0.001751,0.000841,0.002699,0.002475,0.343549,0.005042
202609050408,2026-09-05,04,08R,realtime,0.6708,0.001247,0.000913,0.000348,0.000214,0.000233,0.000568,0.107856,0.052777,0.026899,0.038171,0.005242,0.015053,0.009803,0.032518,0.002823,0.233028,0.023105,0.013367,0.011452,0.001005,0.022635,0.036986,0.008800,0.004505,0.008976,0.001219,0.001289,0.000653,0.002245,0.002439,0.329187,0.004446
202609050409,2026-09-05,04,09R,daily,0.6163,0.003019,0.000690,0.000587,0.000313,0.000238,0.000732,0.049992,0.077125,0.041600,0.023931,0.004529,0.037141,0.034320,0.040864,0.003228,0.153638,0.023603,0.026886,0.008872,0.000978,0.015114,0.018483,0.017731,0.009806,0.009553,0.001689,0.002644,0.001306,0.002160,0.001616,0.383681,0.003931
202609050409,2026-09-05,04,09R,realtime,0.6557,0.001854,0.000607,0.000533,0.000347,0.000307,0.000769,0.042583,0.128188,0.034748,0.018591,0.005849,0.040324,0.032718,0.041627,0.002806,0.154418,0.021998,0.027425,0.008336,0.001651,0.011612,0.019945,0.018176,0.012418,0.012423,0.002263,0.002251,0.001400,0.001913,0.001475,0.344263,0.006183
202609050410,2026-09-05,04,10R,daily,0.4387,0.002043,0.001030,0.000421,0.000197,0.000184,0.000522,0.008319,0.093410,0.020177,0.027789,0.007600,0.054318,0.019071,0.036721,0.006654,0.041385,0.015738,0.018635,0.006141,0.002527,0.027118,0.004822,0.018001,0.003723,0.009188,0.002722,0.001453,0.001216,0.002946,0.002110,0.561328,0.002494
202609050410,2026-09-05,04,10R,realtime,0.4254,0.002018,0.000247,0.000284,0.000153,0.000217,0.000551,0.007771,0.112819,0.011912,0.019427,0.003895,0.058380,0.011694,0.033342,0.005093,0.050068,0.014575,0.016180,0.005171,0.002708,0.026980,0.004698,0.016449,0.003241,0.008530,0.002101,0.000881,0.000796,0.002218,0.001516,0.574572,0.001512
202609050411,2026-09-05,04,11R,daily,0.4218,0.003306,0.000585,0.000449,0.000247,0.000179,0.000894,0.021041,0.047258,0.030162,0.016960,0.009903,0.032918,0.015429,0.033340,0.008843,0.099869,0.010028,0.015824,0.010186,0.002185,0.017755,0.006925,0.009341,0.009383,0.005186,0.003440,0.002032,0.001363,0.002955,0.001191,0.578227,0.002595
202609050411,2026-09-05,04,11R,realtime,0.3353,0.001810,0.000248,0.000284,0.000208,0.000156,0.000567,0.016206,0.023949,0.023947,0.012352,0.004508,0.029479,0.010518,0.035908,0.008251,0.089158,0.006138,0.010274,0.006475,0.001840,0.017314,0.004296,0.006729,0.007829,0.007185,0.002453,0.001736,0.001053,0.002399,0.000907,0.664737,0.001086
202609050412,2026-09-05,04,12R,daily,0.3796,0.001407,0.000633,0.000383,0.000198,0.000150,0.000901,0.006736,0.079114,0.027887,0.009875,0.010184,0.042038,0.023806,0.020762,0.006871,0.047098,0.022837,0.017167,0.003778,0.002626,0.021443,0.004943,0.008518,0.002974,0.004228,0.002500,0.001901,0.001586,0.002207,0.001851,0.620389,0.003008
202609050412,2026-09-05,04,12R,realtime,0.3648,0.001921,0.000186,0.000284,0.000197,0.000174,0.000790,0.007922,0.061011,0.027557,0.005159,0.004390,0.049184,0.023432,0.020195,0.006294,0.050634,0.025800,0.017756,0.003051,0.002340,0.021918,0.006915,0.007114,0.003265,0.004601,0.003635,0.001847,0.001926,0.002464,0.001076,0.635218,0.001742
202609050701,2026-09-05,07,01R,daily,0.7565,0.004122,0.003106,0.000724,0.000425,0.000264,0.001037,0.169667,0.059430,0.101896,0.018560,0.010265,0.051186,0.036245,0.037341,0.022296,0.082670,0.034152,0.036211,0.005182,0.002936,0.014656,0.023606,0.008293,0.007762,0.007843,0.002461,0.001070,0.001266,0.001771,0.002476,0.243455,0.007626
202609050701,2026-09-05,07,01R,realtime,0.7322,0.000968,0.001212,0.000346,0.000422,0.000228,0.000637,0.137674,0.025570,0.180399,0.015949,0.006367,0.038334,0.024407,0.044719,0.029920,0.090701,0.032278,0.024042,0.004530,0.001838,0.013898,0.025558,0.006114,0.006485,0.007833,0.003047,0.001152,0.001335,0.001766,0.002044,0.267769,0.002460
202609050702,2026-09-05,07,02R,daily,0.6335,0.003770,0.002375,0.000712,0.000367,0.000337,0.000840,0.075444,0.033324,0.072238,0.025521,0.010074,0.040066,0.027737,0.070899,0.033042,0.093229,0.014093,0.016286,0.010638,0.005507,0.015611,0.022285,0.016542,0.006856,0.010787,0.002991,0.001747,0.001285,0.001358,0.003660,0.366457,0.013923
202609050702,2026-09-05,07,02R,realtime,0.6291,0.001234,0.001837,0.000550,0.000412,0.000358,0.000709,0.082616,0.024825,0.089426,0.024747,0.007126,0.031744,0.020592,0.068545,0.030254,0.092942,0.013864,0.013342,0.011679,0.007791,0.018748,0.038176,0.011781,0.007224,0.009940,0.003562,0.001838,0.000761,0.001153,0.002693,0.370873,0.008658
202609050703,2026-09-05,07,03R,daily,0.6094,0.002153,0.002760,0.000797,0.000369,0.000171,0.000535,0.102309,0.064323,0.040856,0.005693,0.012599,0.071944,0.030333,0.022568,0.011328,0.100090,0.026659,0.016368,0.001780,0.001878,0.012903,0.020186,0.021533,0.008977,0.004116,0.002147,0.001193,0.003614,0.001887,0.001474,0.390570,0.015890
202609050703,2026-09-05,07,03R,realtime,0.6054,0.002968,0.001447,0.000695,0.000492,0.000207,0.000800,0.100660,0.057986,0.038729,0.003234,0.009311,0.088113,0.024671,0.018635,0.016011,0.108779,0.023051,0.012080,0.001627,0.001504,0.014004,0.019044,0.025095,0.008258,0.007192,0.002911,0.002004,0.003839,0.002972,0.001574,0.394571,0.007536
202609050704,2026-09-05,07,04R,daily,0.6325,0.001369,0.004240,0.000471,0.000407,0.000170,0.000593,0.035862,0.017331,0.104781,0.013480,0.069141,0.010652,0.056731,0.064075,0.107157,0.036596,0.003129,0.008791,0.005995,0.013404,0.017814,0.011845,0.006368,0.013420,0.007329,0.010621,0.000631,0.001136,0.002314,0.001572,0.367518,0.005058
202609050704,2026-09-05,07,04R,realtime,0.5332,0.001638,0.000779,0.000250,0.000387,0.000197,0.000855,0.021580,0.016117,0.074176,0.003813,0.036673,0.011249,0.044947,0.043224,0.146334,0.032187,0.002118,0.009651,0.004638,0.016781,0.019142,0.008454,0.004889,0.011744,0.006346,0.008009,0.000542,0.000576,0.001704,0.001244,0.466780,0.002976
202609050705,2026-09-05,07,05R,daily,0.5924,0.003612,0.001546,0.001128,0.000338,0.000144,0.000339,0.155282,0.024633,0.041056,0.006920,0.016450,0.024345,0.012038,0.013998,0.014861,0.185255,0.011940,0.006329,0.002310,0.002488,0.009915,0.024304,0.006006,0.003268,0.003368,0.002862,0.002598,0.001889,0.001209,0.001828,0.407647,0.010096
202609050706,2026-09-05,07,06R,daily,0.5848,0.003001,0.001239,0.000892,0.000380,0.000181,0.000410,0.105306,0.017664,0.028280,0.023653,0.027123,0.013605,0.009581,0.053704,0.037641,0.166197,0.007718,0.004731,0.003779,0.002834,0.012523,0.026357,0.004887,0.002029,0.007309,0.002742,0.001527,0.001831,0.001124,0.001922,0.415216,0.014614
202609050706,2026-09-05,07,06R,realtime,0.5505,0.001544,0.001096,0.000472,0.000401,0.000186,0.000427,0.110125,0.013787,0.023954,0.011821,0.017624,0.011012,0.009625,0.050611,0.037009,0.172257,0.004402,0.004759,0.003207,0.003049,0.014199,0.029313,0.004631,0.002632,0.006594,0.002624,0.001240,0.001309,0.000879,0.001497,0.449540,0.008175
202609050707,2026-09-05,07,07R,daily,0.4865,0.001832,0.001935,0.000686,0.000219,0.000132,0.000552,0.030367,0.058806,0.035094,0.003480,0.006587,0.166256,0.026101,0.011059,0.008480,0.028870,0.026385,0.018879,0.001594,0.001849,0.013180,0.004740,0.018659,0.005202,0.002497,0.001789,0.001284,0.002050,0.001294,0.001380,0.513499,0.005262
202609050708,2026-09-05,07,08R,daily,0.5003,0.002808,0.002694,0.000443,0.000332,0.000142,0.000453,0.021473,0.027533,0.129468,0.004412,0.030988,0.026617,0.053425,0.015567,0.030895,0.042665,0.007626,0.030275,0.002389,0.005182,0.013565,0.009564,0.009762,0.012224,0.002843,0.004859,0.001348,0.002632,0.002399,0.001832,0.499739,0.003847
202609050709,2026-09-05,07,09R,daily,0.3479,0.001920,0.001410,0.000583,0.000260,0.000151,0.000656,0.018277,0.021613,0.060300,0.008316,0.022104,0.032581,0.020912,0.023900,0.041795,0.025483,0.006265,0.006290,0.005354,0.004977,0.013730,0.003588,0.007959,0.003646,0.004437,0.003854,0.001155,0.001821,0.001004,0.001317,0.652063,0.002279
202609050710,2026-09-05,07,10R,daily,0.1654,0.001018,0.000656,0.000223,0.000109,0.000066,0.000329,0.003598,0.015086,0.018016,0.003845,0.004359,0.039488,0.007507,0.011626,0.008221,0.010522,0.003929,0.003278,0.001391,0.000984,0.015296,0.001161,0.006201,0.001163,0.001775,0.001010,0.000623,0.000998,0.000790,0.000632,0.834618,0.001479
202609050711,2026-09-05,07,11R,daily,0.3496,0.001145,0.000502,0.000124,0.000151,0.000085,0.000694,0.006014,0.006212,0.151034,0.003809,0.002292,0.009295,0.065064,0.035468,0.005019,0.014604,0.001520,0.012003,0.001920,0.001083,0.010992,0.002738,0.001883,0.008279,0.003183,0.000431,0.000784,0.000687,0.000890,0.000531,0.650423,0.001141
202609050712,2026-09-05,07,12R,daily,0.2891,0.002943,0.000809,0.000498,0.000227,0.000124,0.000384,0.012730,0.025945,0.034952,0.007593,0.012462,0.038249,0.014215,0.033972,0.008835,0.028341,0.007534,0.007375,0.002762,0.002345,0.015180,0.003378,0.008937,0.003683,0.004985,0.001538,0.001778,0.001424,0.000831,0.001025,0.710852,0.004093
202609050901,2026-09-05,09,01R,daily,0.5170,0.003812,0.000669,0.000593,0.000253,0.000223,0.000683,0.039272,0.037645,0.038683,0.015438,0.004905,0.057706,0.018625,0.057585,0.010738,0.101574,0.019317,0.028197,0.007270,0.002512,0.023690,0.012960,0.007413,0.004697,0.006744,0.001950,0.002526,0.003806,0.001359,0.001273,0.483006,0.004879
202609050901,2026-09-05,09,01R,realtime,0.4524,0.001852,0.000372,0.000338,0.000231,0.000232,0.000536,0.032277,0.042453,0.023551,0.017909,0.003232,0.061728,0.017799,0.056880,0.010737,0.080890,0.011281,0.021292,0.007297,0.002903,0.022042,0.009612,0.005897,0.004640,0.005483,0.001795,0.002053,0.002816,0.000967,0.000888,0.547596,0.002420
202609050902,2026-09-05,09,02R,daily,0.4241,0.003069,0.000670,0.000449,0.000215,0.000179,0.000745,0.011492,0.035261,0.029315,0.009416,0.003598,0.081320,0.022238,0.039752,0.008117,0.071560,0.013402,0.022301,0.004125,0.002382,0.022865,0.007341,0.010134,0.003764,0.005430,0.001945,0.003278,0.003118,0.001847,0.001506,0.575875,0.003291
202609050902,2026-09-05,09,02R,realtime,0.3785,0.001753,0.000193,0.000316,0.000167,0.000191,0.000601,0.009534,0.033946,0.013935,0.003113,0.001872,0.088052,0.015138,0.026478,0.005882,0.078453,0.012334,0.023123,0.002998,0.002224,0.024199,0.007241,0.010579,0.002918,0.004472,0.001179,0.001625,0.002208,0.001071,0.000983,0.621502,0.001717
202609050903,2026-09-05,09,03R,daily,0.4820,0.003239,0.000588,0.000471,0.000237,0.000204,0.000773,0.026890,0.033522,0.033298,0.010150,0.004257,0.053349,0.019147,0.048260,0.009419,0.123002,0.013318,0.024688,0.004957,0.002035,0.020609,0.015045,0.007266,0.005126,0.005398,0.001800,0.003038,0.003128,0.001504,0.001189,0.517980,0.006112
202609050903,2026-09-05,09,03R,realtime,0.4688,0.001714,0.000331,0.000352,0.000222,0.000235,0.000664,0.028590,0.031954,0.022165,0.006004,0.001882,0.066073,0.016376,0.039948,0.007479,0.134029,0.012119,0.023047,0.004679,0.002504,0.021817,0.017696,0.006315,0.004416,0.005324,0.001713,0.002884,0.003046,0.001106,0.000831,0.531239,0.003249
202609050904,2026-09-05,09,04R,daily,0.4052,0.003287,0.000707,0.000459,0.000197,0.000177,0.000680,0.017926,0.024912,0.032289,0.006596,0.002745,0.046841,0.017480,0.038497,0.012777,0.092432,0.010579,0.022249,0.003918,0.002481,0.027445,0.010158,0.006178,0.004603,0.004413,0.002023,0.002919,0.003464,0.001687,0.001113,0.594797,0.003969
202609050904,2026-09-05,09,04R,realtime,0.5519,0.018068,0.002344,0.001249,0.000339,0.000330,0.001086,0.032531,0.025947,0.035251,0.011025,0.003219,0.073614,0.031457,0.065223,0.011506,0.100448,0.016736,0.015878,0.004394,0.002937,0.023535,0.010577,0.011817,0.003637,0.014731,0.001606,0.004181,0.008093,0.003712,0.002407,0.448054,0.014066
202609050905,2026-09-05,09,05R,daily,0.4713,0.003545,0.000635,0.000564,0.000213,0.000199,0.000778,0.027960,0.042915,0.026581,0.011463,0.004340,0.064928,0.016049,0.048620,0.011121,0.090985,0.020573,0.019719,0.005863,0.002425,0.028892,0.012988,0.006811,0.002499,0.005404,0.001587,0.002818,0.004039,0.001413,0.001395,0.528692,0.003986
202609050905,2026-09-05,09,05R,realtime,0.4249,0.001609,0.000285,0.000422,0.000192,0.000179,0.000538,0.026702,0.025182,0.018186,0.010683,0.001546,0.063679,0.010824,0.058636,0.008337,0.093690,0.016645,0.017680,0.003865,0.001883,0.030709,0.011775,0.005157,0.002064,0.004789,0.001415,0.002077,0.002914,0.000952,0.001057,0.575092,0.001237
202609050906,2026-09-05,09,06R,daily,0.4744,0.004037,0.000672,0.000601,0.000228,0.000184,0.001102,0.026586,0.040150,0.029252,0.007520,0.010304,0.072647,0.029578,0.044004,0.015649,0.089588,0.014011,0.019397,0.005010,0.004305,0.015545,0.010188,0.008660,0.003561,0.005404,0.003626,0.002439,0.002772,0.001580,0.001627,0.525591,0.004180
202609050906,2026-09-05,09,06R,realtime,0.4012,0.001762,0.000328,0.000379,0.000204,0.000190,0.000906,0.026711,0.025342,0.017319,0.005763,0.003183,0.056459,0.021245,0.030458,0.014812,0.102157,0.007961,0.023174,0.003394,0.003689,0.018244,0.010220,0.008115,0.002213,0.006224,0.002306,0.001305,0.001483,0.001337,0.001319,0.598821,0.002976
202609050907,2026-09-05,09,07R,daily,0.3027,0.002214,0.000384,0.000237,0.000170,0.000114,0.000753,0.010539,0.011704,0.044034,0.005584,0.004280,0.019994,0.025648,0.035545,0.008261,0.067608,0.003539,0.009349,0.003301,0.001550,0.019982,0.007419,0.003673,0.003267,0.003542,0.001293,0.002065,0.002272,0.001754,0.000864,0.697332,0.001730
202609050907,2026-09-05,09,07R,realtime,0.2450,0.002015,0.000146,0.000137,0.000138,0.000108,0.000522,0.006802,0.007583,0.030122,0.002847,0.001587,0.020178,0.019428,0.024363,0.007535,0.068112,0.002217,0.007450,0.001886,0.001214,0.019342,0.005280,0.002744,0.002586,0.003353,0.001111,0.001692,0.001923,0.001314,0.000485,0.754984,0.000798
202609050908,2026-09-05,09,08R,daily,0.3746,0.002316,0.000455,0.000431,0.000190,0.000159,0.000656,0.017545,0.019464,0.033530,0.005925,0.001850,0.043329,0.021136,0.026759,0.005021,0.102320,0.008865,0.018404,0.003890,0.002135,0.023225,0.007561,0.005749,0.004730,0.003886,0.001658,0.003408,0.002815,0.001708,0.001310,0.625358,0.004214
202609050908,2026-09-05,09,08R,realtime,0.3041,0.001228,0.000239,0.000272,0.000144,0.000167,0.000459,0.009626,0.014518,0.025895,0.003546,0.000792,0.039999,0.020184,0.020825,0.004184,0.081392,0.004826,0.014301,0.002766,0.002176,0.025558,0.007135,0.004974,0.004582,0.003572,0.001306,0.003156,0.002450,0.001151,0.000671,0.695948,0.001958
202609050909,2026-09-05,09,09R,daily,0.2984,0.002638,0.000358,0.000350,0.000169,0.000133,0.000632,0.010180,0.013731,0.031987,0.005804,0.003575,0.028985,0.017052,0.026777,0.007487,0.071625,0.004601,0.012179,0.004105,0.001929,0.022672,0.007589,0.004626,0.003987,0.003486,0.001846,0.002844,0.002485,0.001377,0.001013,0.701622,0.002157
202609050909,2026-09-05,09,09R,realtime,0.3095,0.002638,0.000211,0.000260,0.000160,0.000156,0.000535,0.008803,0.009354,0.046743,0.002949,0.001940,0.028840,0.013138,0.023278,0.006467,0.083344,0.004700,0.010782,0.002991,0.001466,0.024928,0.009755,0.004633,0.004708,0.004250,0.002284,0.003831,0.002978,0.001349,0.000763,0.690545,0.001221
202609050910,2026-09-05,09,10R,daily,0.3810,0.002840,0.000594,0.000420,0.000193,0.000175,0.000794,0.012831,0.030188,0.034956,0.007672,0.002070,0.052930,0.028112,0.049005,0.005713,0.056723,0.008745,0.012408,0.006578,0.002128,0.024771,0.007375,0.008638,0.004495,0.006802,0.001314,0.003184,0.002938,0.002279,0.001236,0.619018,0.002875
202609050910,2026-09-05,09,10R,realtime,0.3129,0.001914,0.000183,0.000327,0.000157,0.000202,0.000671,0.009963,0.019903,0.028325,0.004673,0.004859,0.044738,0.022334,0.033169,0.009489,0.048240,0.004587,0.006487,0.005885,0.001951,0.029381,0.006587,0.007132,0.004949,0.005652,0.000991,0.003220,0.003207,0.001954,0.000876,0.687059,0.000933
202609050911,2026-09-05,09,11R,daily,0.3576,0.002230,0.000485,0.000500,0.000177,0.000169,0.000569,0.015752,0.028486,0.018589,0.007000,0.002916,0.053716,0.014331,0.025245,0.006902,0.089041,0.010384,0.011693,0.004295,0.002034,0.023655,0.008942,0.007967,0.003008,0.004313,0.001804,0.003004,0.002464,0.001583,0.001340,0.642378,0.005027
202609050911,2026-09-05,09,11R,realtime,0.3325,0.001398,0.000238,0.000396,0.000146,0.000191,0.000494,0.008344,0.035341,0.018783,0.003012,0.001263,0.064107,0.016891,0.017932,0.004966,0.074638,0.006753,0.009989,0.003515,0.002332,0.025476,0.009049,0.008716,0.003129,0.004351,0.001509,0.002821,0.002358,0.001257,0.000808,0.667499,0.002299
202609050912,2026-09-05,09,12R,daily,0.4032,0.003351,0.000596,0.000453,0.000205,0.000175,0.000756,0.016936,0.024801,0.038685,0.009328,0.002206,0.038969,0.022682,0.047302,0.006309,0.083901,0.008442,0.019330,0.006905,0.002473,0.027210,0.010246,0.007074,0.004128,0.005891,0.001742,0.003147,0.002160,0.002130,0.001637,0.596796,0.004035
202609050912,2026-09-05,09,12R,realtime,0.3880,0.001700,0.000291,0.000290,0.000190,0.000198,0.000615,0.019563,0.020905,0.027042,0.006131,0.001059,0.038902,0.017589,0.044913,0.006330,0.097344,0.007334,0.018785,0.005659,0.002751,0.033063,0.011888,0.005397,0.003995,0.005686,0.001614,0.002404,0.001622,0.001630,0.001060,0.611991,0.002061
202609051001,2026-09-05,10,01R,daily,0.1824,0.000632,0.000381,0.000113,0.000101,0.000068,0.000174,0.004656,0.010712,0.010757,0.001674,0.002562,0.017486,0.011796,0.004129,0.001422,0.066360,0.002806,0.007690,0.001053,0.000972,0.021294,0.001731,0.002495,0.004713,0.000726,0.000875,0.001510,0.000508,0.001201,0.000385,0.817614,0.001402
202609051001,2026-09-05,10,01R,realtime,0.1704,0.001029,0.000251,0.000086,0.000103,0.000069,0.000153,0.003789,0.008115,0.010965,0.000967,0.000946,0.015466,0.012160,0.005364,0.001094,0.062652,0.002357,0.008725,0.000956,0.000655,0.018665,0.001542,0.002005,0.004634,0.000796,0.000925,0.001553,0.000781,0.001335,0.000256,0.829591,0.002015
202609051002,2026-09-05,10,02R,daily,0.4501,0.003716,0.001096,0.000379,0.000283,0.000164,0.000496,0.030063,0.029411,0.024392,0.007278,0.004615,0.033565,0.029230,0.035770,0.003687,0.151146,0.009201,0.012792,0.003625,0.002850,0.020816,0.011009,0.007349,0.005759,0.006531,0.001838,0.002404,0.001256,0.002446,0.000966,0.549858,0.006008
202609051002,2026-09-05,10,02R,realtime,0.4508,0.002368,0.000749,0.000238,0.000258,0.000171,0.000425,0.022031,0.039814,0.013165,0.004752,0.002871,0.036025,0.024949,0.030585,0.002332,0.175316,0.007163,0.016117,0.002970,0.002926,0.019633,0.011183,0.008617,0.005048,0.005858,0.001952,0.001913,0.001200,0.002056,0.000579,0.549222,0.007515
202609051003,2026-09-05,10,03R,daily,0.5377,0.003904,0.001400,0.000398,0.000210,0.000171,0.000646,0.014094,0.086496,0.027704,0.006437,0.003555,0.134548,0.036528,0.024754,0.005200,0.057730,0.028913,0.019386,0.005843,0.003212,0.022268,0.004351,0.026951,0.004879,0.005312,0.001916,0.002009,0.001653,0.003075,0.001482,0.462265,0.002708
202609051003,2026-09-05,10,03R,realtime,0.5733,0.002889,0.000460,0.000590,0.000216,0.000194,0.000595,0.014081,0.095954,0.029608,0.003717,0.002596,0.150644,0.028695,0.036317,0.003529,0.063496,0.033760,0.019534,0.004623,0.003384,0.023421,0.005463,0.026939,0.004797,0.004572,0.002639,0.001645,0.001236,0.004219,0.001370,0.426738,0.002076
202609051004,2026-09-05,10,04R,daily,0.4770,0.003799,0.001005,0.000507,0.000227,0.000168,0.000444,0.008887,0.075683,0.012718,0.010994,0.004868,0.130728,0.013528,0.025134,0.007700,0.054271,0.022849,0.012603,0.005282,0.005639,0.031128,0.004206,0.021260,0.003003,0.005484,0.004321,0.002020,0.001458,0.001806,0.001283,0.522976,0.004019
202609051004,2026-09-05,10,04R,realtime,0.5099,0.003660,0.000266,0.000384,0.000202,0.000198,0.000476,0.008057,0.068723,0.009355,0.027693,0.002089,0.138270,0.008079,0.030062,0.008635,0.070308,0.030560,0.008213,0.006931,0.005636,0.031956,0.004532,0.020244,0.002738,0.006643,0.006319,0.002703,0.001626,0.002043,0.000693,0.490137,0.002569
202609051005,2026-09-05,10,05R,daily,0.7276,0.004784,0.001399,0.000537,0.000468,0.000229,0.001136,0.062299,0.048429,0.097876,0.004983,0.014243,0.031478,0.084453,0.023527,0.019312,0.162277,0.014893,0.042326,0.006046,0.006673,0.017293,0.018126,0.010612,0.027934,0.003914,0.008168,0.002483,0.002158,0.002658,0.001516,0.272417,0.005351
202609051005,2026-09-05,10,05R,realtime,0.8013,0.001949,0.000441,0.000242,0.000273,0.000260,0.001013,0.043459,0.026089,0.239369,0.001433,0.011999,0.018207,0.065866,0.010540,0.017561,0.184684,0.015828,0.056411,0.005786,0.006689,0.013488,0.018596,0.007910,0.029539,0.001893,0.009643,0.003346,0.002529,0.002867,0.000732,0.198682,0.002675
202609051006,2026-09-05,10,06R,daily,0.6679,0.003608,0.002199,0.000487,0.000316,0.000210,0.000472,0.011566,0.083464,0.096223,0.007272,0.003968,0.059234,0.126693,0.033950,0.006924,0.044109,0.018302,0.056732,0.008919,0.011313,0.022638,0.005315,0.019962,0.018547,0.008587,0.006854,0.002810,0.001310,0.002481,0.001642,0.332071,0.001824
202609051006,2026-09-05,10,06R,realtime,0.6909,0.002855,0.000233,0.000259,0.000229,0.000305,0.000475,0.006192,0.139679,0.035184,0.006409,0.004105,0.081820,0.107676,0.028620,0.006176,0.055320,0.024952,0.069280,0.007323,0.013165,0.032128,0.006370,0.019262,0.016028,0.009268,0.008892,0.002265,0.001585,0.002875,0.000661,0.309105,0.001301
202609051007,2026-09-05,10,07R,daily,0.6194,0.004263,0.001082,0.000480,0.000317,0.000221,0.000494,0.049639,0.052164,0.033321,0.010677,0.003575,0.036767,0.032201,0.029103,0.004091,0.220139,0.021780,0.029496,0.004905,0.002111,0.020253,0.018365,0.009938,0.010388,0.004598,0.002050,0.002889,0.001121,0.002320,0.001514,0.380597,0.009141
202609051007,2026-09-05,10,07R,realtime,0.7192,0.001466,0.000697,0.000228,0.000271,0.000276,0.000504,0.069937,0.063279,0.034165,0.010980,0.002460,0.033360,0.033127,0.035666,0.003493,0.259260,0.024584,0.049681,0.007807,0.002717,0.019002,0.024526,0.006912,0.014492,0.004288,0.002735,0.002718,0.001351,0.002281,0.000951,0.280779,0.006010
202609051008,2026-09-05,10,08R,daily,0.6975,0.006523,0.003208,0.000708,0.000529,0.000302,0.001276,0.018768,0.074522,0.064378,0.016487,0.025604,0.046432,0.076945,0.066326,0.048748,0.053748,0.016513,0.025458,0.015908,0.024759,0.017782,0.009018,0.019788,0.010906,0.019329,0.018616,0.002088,0.002029,0.004090,0.002888,0.302482,0.003842
202609051008,2026-09-05,10,08R,realtime,0.6706,0.003801,0.000417,0.000381,0.000381,0.000341,0.001147,0.009748,0.071115,0.086313,0.005225,0.025067,0.046669,0.090028,0.051186,0.051201,0.047920,0.010274,0.023845,0.010709,0.032232,0.018448,0.007760,0.018444,0.011201,0.012912,0.022266,0.001989,0.001817,0.004581,0.001394,0.329390,0.001798
202609051009,2026-09-05,10,09R,daily,0.6961,0.003960,0.000951,0.000697,0.000278,0.000266,0.000376,0.058495,0.090210,0.025991,0.022546,0.001965,0.064642,0.025177,0.053597,0.002069,0.155619,0.029312,0.021842,0.011487,0.001573,0.024166,0.026324,0.026695,0.007547,0.015258,0.000800,0.003584,0.000921,0.002036,0.001499,0.303869,0.016248
202609051009,2026-09-05,10,09R,realtime,0.7302,0.002241,0.000380,0.000278,0.000164,0.000278,0.000231,0.021423,0.163164,0.023661,0.017059,0.000546,0.087081,0.023882,0.068919,0.001200,0.132249,0.028417,0.020860,0.016815,0.001591,0.028147,0.021046,0.033018,0.005676,0.017966,0.000674,0.002750,0.001449,0.002096,0.001478,0.269758,0.005503
202609051010,2026-09-05,10,10R,daily,0.5750,0.003647,0.000736,0.000543,0.000278,0.000226,0.000605,0.044376,0.038844,0.020172,0.013447,0.005124,0.024811,0.019140,0.037150,0.006043,0.236073,0.015345,0.009629,0.006690,0.002530,0.023053,0.026850,0.009320,0.003970,0.005977,0.001984,0.002507,0.001016,0.001386,0.001774,0.424982,0.011773
202609051010,2026-09-05,10,10R,realtime,0.7262,0.001454,0.000526,0.000206,0.000180,0.000281,0.000521,0.048153,0.059963,0.018411,0.011838,0.002881,0.025518,0.016474,0.039418,0.003025,0.347701,0.025089,0.013108,0.013888,0.004751,0.024964,0.035926,0.008221,0.004019,0.004514,0.002432,0.002058,0.001257,0.001656,0.001041,0.273773,0.006752
202609051011,2026-09-05,10,11R,daily,0.7620,0.004273,0.001050,0.000716,0.000375,0.000281,0.000944,0.041040,0.096316,0.090799,0.008038,0.003842,0.067136,0.092308,0.033436,0.004326,0.095426,0.035391,0.051044,0.016525,0.005403,0.015855,0.008533,0.038295,0.025781,0.007212,0.004306,0.003941,0.001217,0.001556,0.002540,0.237979,0.004114
202609051011,2026-09-05,10,11R,realtime,0.8307,0.001259,0.000314,0.000498,0.000249,0.000358,0.000696,0.033827,0.125539,0.108328,0.005040,0.000746,0.059424,0.111118,0.032204,0.001145,0.116692,0.024626,0.077100,0.014378,0.007173,0.017356,0.011221,0.032880,0.025453,0.009014,0.003415,0.003214,0.001139,0.001665,0.001523,0.169273,0.003134
202609051012,2026-09-05,10,12R,daily,0.3579,0.002745,0.000705,0.000265,0.000204,0.000154,0.000691,0.010340,0.028048,0.039886,0.006147,0.003494,0.039087,0.043885,0.034249,0.004803,0.042133,0.008355,0.014756,0.007900,0.003958,0.031282,0.003318,0.008513,0.008522,0.005049,0.001585,0.001871,0.001251,0.002034,0.000858,0.642140,0.001772
202609051012,2026-09-05,10,12R,realtime,0.4688,0.003672,0.000257,0.000197,0.000168,0.000253,0.000795,0.010742,0.067059,0.041509,0.005714,0.001548,0.051187,0.057561,0.038826,0.003232,0.051609,0.010642,0.025488,0.017267,0.005718,0.035755,0.004308,0.009224,0.011749,0.004415,0.001822,0.001758,0.001649,0.002128,0.000610,0.531157,0.001978
202609051101,2026-09-05,11,01R,daily,0.4089,0.001646,0.000640,0.000334,0.000110,0.000112,0.000201,0.021955,0.081736,0.007944,0.015431,0.001525,0.099417,0.006824,0.022448,0.006514,0.047482,0.018350,0.004398,0.004481,0.001043,0.029497,0.004431,0.018688,0.001403,0.004462,0.001146,0.001506,0.001550,0.001541,0.000920,0.591138,0.001126
202609051101,2026-09-05,11,01R,realtime,0.4378,0.001166,0.000264,0.000387,0.000104,0.000097,0.000171,0.024468,0.094738,0.002971,0.010041,0.001260,0.129147,0.002993,0.015703,0.006688,0.056768,0.024686,0.002309,0.003060,0.000923,0.025240,0.003942,0.019832,0.001175,0.003303,0.001400,0.001391,0.001107,0.001150,0.000478,0.562217,0.000823
202609051102,2026-09-05,11,02R,daily,0.6279,0.001824,0.001114,0.000528,0.000296,0.000209,0.000490,0.049006,0.054686,0.094517,0.008747,0.003672,0.038911,0.073999,0.027859,0.012368,0.113928,0.017212,0.038026,0.007296,0.003952,0.015825,0.012765,0.013266,0.016971,0.005323,0.003713,0.003498,0.001931,0.001845,0.001670,0.372083,0.002472
202609051102,2026-09-05,11,02R,realtime,0.6897,0.000896,0.000591,0.000471,0.000329,0.000252,0.000442,0.058536,0.045391,0.136714,0.005145,0.002648,0.032107,0.082324,0.023007,0.010953,0.129670,0.016831,0.053893,0.005733,0.003625,0.014816,0.013839,0.009593,0.022237,0.005246,0.003520,0.003673,0.001702,0.001996,0.001449,0.310309,0.002064
202609051103,2026-09-05,11,03R,daily,0.6901,0.002082,0.001469,0.000579,0.000380,0.000208,0.000665,0.069814,0.058072,0.096194,0.009024,0.024562,0.029182,0.053079,0.023881,0.048804,0.132594,0.015771,0.027232,0.005596,0.007469,0.012399,0.019296,0.013293,0.011840,0.005015,0.009858,0.002079,0.001819,0.001871,0.001914,0.309898,0.004062
202609051103,2026-09-05,11,03R,realtime,0.7446,0.001233,0.000888,0.000395,0.000434,0.000244,0.000942,0.086300,0.079014,0.068845,0.005466,0.049989,0.032636,0.045196,0.014645,0.077359,0.135087,0.017519,0.028924,0.004781,0.007922,0.010424,0.021735,0.009190,0.015595,0.003845,0.015200,0.002584,0.001652,0.002250,0.001436,0.255384,0.002887
202609051104,2026-09-05,11,04R,daily,0.7107,0.001790,0.000867,0.000327,0.000261,0.000260,0.000426,0.041587,0.052141,0.070823,0.043396,0.001876,0.032782,0.078852,0.139788,0.008939,0.072912,0.018723,0.048516,0.013729,0.001744,0.018366,0.011410,0.009715,0.017653,0.014368,0.001603,0.001869,0.001026,0.001345,0.001204,0.289339,0.002366
202609051104,2026-09-05,11,04R,realtime,0.6359,0.000740,0.000293,0.000227,0.000264,0.000253,0.000334,0.037024,0.043360,0.043756,0.032977,0.001446,0.039360,0.062099,0.160217,0.007856,0.068090,0.014910,0.036468,0.011769,0.001221,0.017063,0.008016,0.006856,0.018497,0.015015,0.001737,0.001501,0.001131,0.000910,0.001415,0.364058,0.001138
202609051105,2026-09-05,11,05R,daily,0.3731,0.001233,0.000595,0.000192,0.000140,0.000103,0.000284,0.009688,0.027903,0.086190,0.006045,0.003396,0.039558,0.063940,0.017540,0.006359,0.017696,0.006316,0.029085,0.004637,0.001595,0.023419,0.002395,0.005098,0.010700,0.002289,0.001204,0.001856,0.001285,0.001417,0.000651,0.626920,0.000272
202609051105,2026-09-05,11,05R,realtime,0.2960,0.001242,0.000130,0.000135,0.000126,0.000108,0.000190,0.006479,0.026539,0.051397,0.002994,0.002845,0.039141,0.050817,0.012143,0.005242,0.015534,0.004462,0.027073,0.002290,0.000957,0.024591,0.001563,0.003718,0.009435,0.001526,0.000946,0.001467,0.001016,0.001162,0.000560,0.703998,0.000179
202609051106,2026-09-05,11,06R,daily,0.4936,0.001078,0.000637,0.000490,0.000131,0.000105,0.000229,0.043039,0.109587,0.006137,0.007887,0.002949,0.083792,0.006286,0.011384,0.005951,0.106146,0.040296,0.004271,0.002099,0.001102,0.020044,0.007376,0.019815,0.001074,0.002112,0.001558,0.001745,0.001514,0.000914,0.001097,0.506446,0.002710
202609051106,2026-09-05,11,06R,realtime,0.4959,0.000450,0.000377,0.000507,0.000122,0.000091,0.000165,0.063401,0.088603,0.003462,0.005813,0.001685,0.089071,0.003942,0.010256,0.005123,0.118018,0.044032,0.002636,0.001740,0.000977,0.019444,0.008372,0.018160,0.000848,0.001643,0.001589,0.001305,0.000998,0.000896,0.000770,0.504060,0.001443
202609051107,2026-09-05,11,07R,daily,0.3419,0.000905,0.001101,0.000228,0.000174,0.000100,0.000452,0.005537,0.040529,0.037690,0.004204,0.011692,0.050921,0.053649,0.015706,0.020887,0.020230,0.006924,0.010788,0.001433,0.005675,0.022544,0.003676,0.008749,0.003754,0.003727,0.005440,0.001204,0.001168,0.001008,0.000851,0.658109,0.000945
202609051107,2026-09-05,11,07R,realtime,0.4035,0.004171,0.000708,0.000283,0.000161,0.000209,0.000197,0.007454,0.031013,0.029154,0.030647,0.001229,0.042505,0.046258,0.089381,0.004716,0.015994,0.008153,0.010698,0.007688,0.001260,0.027775,0.002126,0.006284,0.005890,0.021464,0.000725,0.001396,0.001020,0.001591,0.001733,0.596514,0.001603
202609051108,2026-09-05,11,08R,daily,0.6257,0.001295,0.000796,0.000596,0.000229,0.000123,0.000407,0.136327,0.045233,0.024751,0.003191,0.006939,0.023783,0.015700,0.004933,0.014828,0.239761,0.016706,0.008987,0.001739,0.002195,0.014756,0.034145,0.007479,0.003961,0.001531,0.003789,0.002362,0.001448,0.001193,0.001307,0.374262,0.005250
202609051108,2026-09-05,11,08R,realtime,0.5641,0.000555,0.000833,0.000350,0.000217,0.000118,0.000339,0.114827,0.038972,0.015742,0.002096,0.006917,0.025349,0.012973,0.004644,0.017584,0.221435,0.017469,0.006829,0.001233,0.002009,0.014778,0.032213,0.006270,0.004067,0.001162,0.004664,0.003190,0.001420,0.001562,0.000748,0.435901,0.003532
202609051109,2026-09-05,11,09R,daily,0.5050,0.002163,0.000553,0.000407,0.000145,0.000143,0.000367,0.077222,0.051400,0.014012,0.012552,0.001722,0.030073,0.016824,0.047577,0.003103,0.144533,0.013230,0.006690,0.004560,0.000347,0.017488,0.028552,0.009376,0.001943,0.010108,0.000311,0.001994,0.001167,0.001664,0.000827,0.495009,0.003937
202609051109,2026-09-05,11,09R,realtime,0.4367,0.001242,0.000485,0.000341,0.000149,0.000119,0.000258,0.077080,0.023183,0.017041,0.006788,0.001055,0.023162,0.012832,0.056966,0.002834,0.129919,0.008690,0.004895,0.004327,0.000217,0.014859,0.023356,0.006217,0.001482,0.010340,0.000304,0.001234,0.001399,0.001871,0.001343,0.563334,0.002675
202609051110,2026-09-05,11,10R,daily,0.4470,0.001377,0.000622,0.000371,0.000146,0.000123,0.000375,0.011802,0.116452,0.011207,0.011607,0.003836,0.110973,0.012933,0.022320,0.007270,0.031849,0.030274,0.008074,0.003150,0.001254,0.023493,0.006120,0.016368,0.001317,0.004753,0.001098,0.001792,0.001599,0.001218,0.001263,0.553021,0.001943
202609051110,2026-09-05,11,10R,realtime,0.5029,0.001044,0.000205,0.000324,0.000132,0.000110,0.000289,0.009104,0.165549,0.005169,0.008159,0.002550,0.152170,0.009277,0.019099,0.005964,0.028070,0.031398,0.005387,0.002646,0.000992,0.021387,0.004899,0.017356,0.001003,0.004083,0.001167,0.001201,0.001342,0.001013,0.000837,0.497128,0.000946
202609051111,2026-09-05,11,11R,daily,0.3164,0.001543,0.000814,0.000302,0.000175,0.000140,0.000480,0.014481,0.037181,0.021318,0.007501,0.004161,0.037551,0.021386,0.033357,0.008008,0.053165,0.010371,0.010439,0.003204,0.001628,0.018746,0.004937,0.006902,0.003488,0.006142,0.001477,0.001935,0.001234,0.001318,0.000837,0.683643,0.002134
202609051111,2026-09-05,11,11R,realtime,0.2925,0.001490,0.000378,0.000226,0.000193,0.000142,0.000410,0.010684,0.037407,0.017303,0.006916,0.002704,0.042024,0.021842,0.035468,0.006889,0.040899,0.008942,0.007638,0.003554,0.001080,0.015466,0.005027,0.005793,0.002619,0.008349,0.001566,0.001272,0.001350,0.001393,0.000913,0.707550,0.002515
202609051112,2026-09-05,11,12R,daily,0.3349,0.001139,0.000376,0.000227,0.000168,0.000127,0.000634,0.016621,0.026005,0.047657,0.005902,0.002961,0.019626,0.043564,0.031117,0.007874,0.064740,0.004950,0.009128,0.004121,0.001128,0.016259,0.009196,0.004722,0.005231,0.003739,0.000867,0.001925,0.001226,0.001318,0.000823,0.665136,0.001490
202609051112,2026-09-05,11,12R,realtime,0.3482,0.001015,0.000283,0.000207,0.000193,0.000158,0.000576,0.015184,0.035829,0.041585,0.004527,0.003760,0.022531,0.042245,0.036365,0.008221,0.064716,0.005058,0.009748,0.003737,0.001164,0.017040,0.008752,0.005022,0.005839,0.005336,0.001050,0.002451,0.001445,0.001774,0.000950,0.651767,0.001471
202609051201,2026-09-05,12,01R,daily,0.4060,0.001449,0.001158,0.000316,0.000176,0.000141,0.000467,0.034900,0.026281,0.060975,0.013115,0.001600,0.023805,0.033715,0.032298,0.004437,0.071803,0.005472,0.015175,0.006678,0.001249,0.032738,0.008749,0.008251,0.008420,0.003603,0.001306,0.002288,0.001512,0.001429,0.000872,0.593969,0.001650
202609051201,2026-09-05,12,01R,realtime,0.4035,0.001105,0.000612,0.000284,0.000153,0.000185,0.000426,0.027845,0.033516,0.035220,0.007247,0.001214,0.031626,0.030449,0.030448,0.004479,0.087450,0.005655,0.019243,0.003812,0.001808,0.039596,0.010188,0.009804,0.009087,0.003220,0.001377,0.002507,0.001729,0.001037,0.000434,0.596530,0.001713
202609051202,2026-09-05,12,02R,daily,0.3333,0.000956,0.001313,0.000283,0.000104,0.000076,0.000320,0.019339,0.054582,0.041849,0.003179,0.004292,0.054953,0.028240,0.008669,0.003761,0.036841,0.008270,0.013633,0.001528,0.000626,0.020972,0.006394,0.010964,0.003878,0.001578,0.000619,0.001315,0.001934,0.001291,0.000457,0.666713,0.001071
202609051202,2026-09-05,12,02R,realtime,0.2814,0.001386,0.000453,0.000285,0.000084,0.000093,0.000255,0.012488,0.034792,0.028471,0.001576,0.003047,0.052776,0.021741,0.007352,0.004498,0.039266,0.005538,0.015664,0.000932,0.000871,0.023225,0.005266,0.011945,0.002816,0.001254,0.000450,0.000781,0.001876,0.001126,0.000313,0.718575,0.000804
202609051203,2026-09-05,12,03R,daily,0.3305,0.000807,0.000588,0.000270,0.000142,0.000102,0.000323,0.037446,0.018249,0.027445,0.009133,0.002326,0.010521,0.011957,0.019980,0.002055,0.115786,0.004592,0.006267,0.002687,0.000366,0.025774,0.016621,0.004093,0.003409,0.001863,0.000460,0.002193,0.000727,0.000679,0.000487,0.669466,0.003184
202609051203,2026-09-05,12,03R,realtime,0.3728,0.000871,0.000648,0.000200,0.000131,0.000120,0.000273,0.030139,0.013524,0.037780,0.008555,0.001249,0.012372,0.009017,0.023178,0.001490,0.153850,0.005448,0.006149,0.002295,0.000327,0.026495,0.020252,0.004386,0.002869,0.003233,0.000525,0.002551,0.001303,0.000736,0.000547,0.627198,0.002290
202609051204,2026-09-05,12,04R,daily,0.4119,0.001371,0.001562,0.000621,0.000218,0.000136,0.000568,0.045421,0.054877,0.021800,0.007792,0.021578,0.040452,0.009204,0.010917,0.025202,0.073980,0.018158,0.009908,0.003039,0.003605,0.022392,0.007307,0.011213,0.002041,0.001344,0.005912,0.002011,0.001909,0.000843,0.001389,0.588144,0.005083
202609051204,2026-09-05,12,04R,realtime,0.3721,0.000989,0.000665,0.000354,0.000142,0.000155,0.000558,0.026956,0.053516,0.010085,0.003440,0.020243,0.043023,0.006801,0.006973,0.020368,0.081496,0.015720,0.011548,0.001562,0.005869,0.025968,0.007230,0.015532,0.001521,0.000680,0.004431,0.001264,0.001161,0.000591,0.000509,0.627933,0.002715
202609051205,2026-09-05,12,05R,daily,0.3704,0.001224,0.001330,0.000328,0.000213,0.000148,0.000903,0.016643,0.021082,0.065311,0.008277,0.021020,0.022460,0.027647,0.020901,0.039089,0.036645,0.004834,0.014384,0.004460,0.004633,0.026438,0.003877,0.006036,0.007412,0.001848,0.006530,0.001535,0.001846,0.000766,0.000984,0.629623,0.001573
202609051206,2026-09-05,12,06R,daily,0.2805,0.000979,0.001284,0.000332,0.000140,0.000104,0.000442,0.010050,0.039923,0.007694,0.014913,0.011903,0.031741,0.004764,0.020309,0.025222,0.046710,0.006271,0.003595,0.002001,0.002372,0.025173,0.004201,0.005756,0.001039,0.001548,0.004578,0.001257,0.001146,0.000724,0.001054,0.719540,0.003235
202609051206,2026-09-05,12,06R,realtime,0.2760,0.000872,0.000615,0.000195,0.000102,0.000133,0.000477,0.006624,0.045842,0.009211,0.009619,0.010555,0.030840,0.003819,0.016768,0.027124,0.044419,0.005526,0.004059,0.001802,0.004809,0.027662,0.004709,0.008155,0.001075,0.001097,0.004673,0.001097,0.000633,0.000515,0.000498,0.724029,0.002447
202609051207,2026-09-05,12,07R,daily,0.3837,0.001803,0.001304,0.000313,0.000227,0.000141,0.000842,0.021394,0.019817,0.077757,0.007262,0.010579,0.016020,0.033856,0.028238,0.023915,0.054048,0.004497,0.017490,0.005353,0.003073,0.019997,0.005512,0.003909,0.012272,0.001811,0.004620,0.001920,0.001619,0.001374,0.000756,0.616292,0.001991
202609051207,2026-09-05,12,07R,realtime,0.4148,0.001347,0.000538,0.000198,0.000187,0.000219,0.000983,0.019756,0.014276,0.100549,0.004439,0.006271,0.012811,0.040450,0.030008,0.024110,0.061554,0.003166,0.026814,0.004112,0.005407,0.023715,0.005553,0.003804,0.012652,0.001778,0.003260,0.002171,0.001335,0.001213,0.000465,0.585174,0.001684
202609051208,2026-09-05,12,08R,daily,0.2640,0.000847,0.001161,0.000265,0.000137,0.000103,0.000395,0.004707,0.035760,0.029427,0.010311,0.006748,0.033939,0.021408,0.021783,0.009653,0.019913,0.006103,0.009171,0.003110,0.001765,0.023669,0.002370,0.007473,0.003636,0.002086,0.003117,0.001429,0.000919,0.000982,0.000744,0.736000,0.000871
202609051208,2026-09-05,12,08R,realtime,0.2708,0.001614,0.000317,0.000235,0.000136,0.000153,0.000444,0.004601,0.027659,0.037321,0.008903,0.006053,0.030301,0.018513,0.021918,0.011302,0.022282,0.005923,0.010297,0.002448,0.002460,0.030788,0.003662,0.008190,0.003526,0.002581,0.004047,0.001617,0.000823,0.001116,0.000520,0.729226,0.001022
202609051209,2026-09-05,12,09R,daily,0.5235,0.002183,0.001345,0.000553,0.000265,0.000220,0.001007,0.032465,0.047029,0.094271,0.013984,0.007843,0.028225,0.042125,0.052658,0.009657,0.073373,0.009944,0.025130,0.011546,0.001878,0.015286,0.013416,0.010528,0.010781,0.004412,0.002891,0.003298,0.001127,0.000976,0.001405,0.476520,0.003660
202609051210,2026-09-05,12,10R,daily,0.4071,0.001545,0.000922,0.000402,0.000186,0.000148,0.000862,0.016456,0.045970,0.064796,0.005401,0.005278,0.048546,0.039187,0.024543,0.006331,0.049614,0.011658,0.032440,0.003689,0.001824,0.014573,0.005067,0.006997,0.008559,0.002061,0.002071,0.002160,0.002013,0.000848,0.000867,0.592926,0.002064
202609051211,2026-09-05,12,11R,daily,0.2688,0.001035,0.000587,0.000262,0.000121,0.000105,0.000467,0.006473,0.037079,0.021239,0.008140,0.001858,0.042112,0.013075,0.026782,0.003076,0.041383,0.007529,0.009096,0.002728,0.000618,0.021550,0.004214,0.006702,0.002384,0.001817,0.000837,0.002114,0.001286,0.000861,0.000740,0.731224,0.002506
202609051212,2026-09-05,12,12R,daily,0.4781,0.002486,0.002411,0.000577,0.000267,0.000184,0.001068,0.020778,0.079877,0.041291,0.008443,0.011528,0.082030,0.031373,0.032135,0.014689,0.039993,0.014103,0.015917,0.005421,0.003876,0.017531,0.005833,0.019502,0.006013,0.003613,0.005711,0.002808,0.001926,0.001684,0.001507,0.521853,0.003571
202609051301,2026-09-05,13,01R,daily,0.5028,0.003257,0.000936,0.000507,0.000216,0.000188,0.000660,0.045808,0.044429,0.054539,0.011404,0.004903,0.069715,0.033829,0.025550,0.007317,0.082537,0.021607,0.021562,0.005413,0.002565,0.012980,0.008620,0.020102,0.008089,0.005676,0.003261,0.001114,0.001314,0.001158,0.001225,0.497236,0.002283
202609051301,2026-09-05,13,01R,realtime,0.5419,0.002460,0.000563,0.000387,0.000187,0.000294,0.000738,0.044781,0.039329,0.063772,0.011311,0.003904,0.052083,0.026314,0.027057,0.006729,0.115061,0.024282,0.027952,0.005717,0.003493,0.021236,0.016622,0.020554,0.006404,0.009221,0.003420,0.000843,0.001047,0.001661,0.001188,0.458056,0.003334
202609051302,2026-09-05,13,02R,daily,0.6278,0.003549,0.001491,0.000529,0.000327,0.000234,0.001076,0.042836,0.073724,0.054917,0.019810,0.012163,0.072218,0.047250,0.071118,0.023070,0.066639,0.016460,0.014072,0.011061,0.007007,0.010583,0.012127,0.028726,0.010829,0.010896,0.007999,0.001104,0.000870,0.001301,0.001182,0.372190,0.002641
202609051302,2026-09-05,13,02R,realtime,0.6100,0.001931,0.000360,0.000351,0.000233,0.000270,0.000940,0.035645,0.087335,0.059244,0.005348,0.012189,0.074408,0.034138,0.059887,0.016357,0.086147,0.015618,0.014512,0.009737,0.008020,0.012225,0.014729,0.029277,0.008054,0.008949,0.008338,0.000678,0.000728,0.001586,0.001018,0.389955,0.001792
202609051303,2026-09-05,13,03R,daily,0.5458,0.002913,0.000986,0.000536,0.000290,0.000173,0.001149,0.068303,0.028637,0.070192,0.007473,0.007489,0.032993,0.042916,0.024046,0.017152,0.135730,0.009606,0.014802,0.004383,0.002474,0.014085,0.019879,0.009795,0.011578,0.004437,0.004815,0.001239,0.001947,0.001873,0.001177,0.454169,0.002762
202609051303,2026-09-05,13,03R,realtime,0.5684,0.002029,0.000479,0.000319,0.000208,0.000230,0.001105,0.042627,0.031558,0.103393,0.003886,0.006555,0.030444,0.041703,0.023137,0.017019,0.156294,0.006436,0.019555,0.003761,0.004197,0.015541,0.017090,0.009965,0.013777,0.004299,0.004680,0.001438,0.001734,0.002282,0.000741,0.431596,0.001919
202609051304,2026-09-05,13,04R,daily,0.3866,0.001961,0.000750,0.000418,0.000219,0.000154,0.000657,0.022001,0.031177,0.052872,0.007434,0.008173,0.037603,0.029518,0.018166,0.013929,0.072469,0.009252,0.009961,0.003908,0.002619,0.015586,0.011380,0.014348,0.007545,0.003387,0.004280,0.001436,0.001251,0.001125,0.001149,0.613441,0.001827
202609051304,2026-09-05,13,04R,realtime,0.4558,0.002225,0.000374,0.000304,0.000187,0.000233,0.000795,0.016543,0.053557,0.071793,0.004698,0.009327,0.044707,0.037044,0.020394,0.016418,0.069017,0.009840,0.012217,0.005025,0.004719,0.020888,0.014000,0.014317,0.010124,0.003960,0.006308,0.001559,0.001409,0.001652,0.000769,0.544183,0.001413
202609051305,2026-09-05,13,05R,daily,0.6791,0.003433,0.001031,0.000437,0.000318,0.000199,0.000558,0.058332,0.036359,0.167126,0.012231,0.004924,0.031704,0.082319,0.041298,0.006612,0.082471,0.015107,0.044234,0.005883,0.002586,0.011454,0.020243,0.011757,0.021008,0.006514,0.002597,0.001489,0.001086,0.001395,0.001116,0.320863,0.003315
202609051305,2026-09-05,13,05R,realtime,0.6598,0.002206,0.000372,0.000188,0.000220,0.000246,0.000531,0.051939,0.024800,0.148556,0.007620,0.002379,0.025467,0.067997,0.042324,0.004923,0.126279,0.009882,0.057557,0.004150,0.002306,0.012409,0.021721,0.010080,0.020169,0.007649,0.002026,0.000824,0.001480,0.001090,0.000651,0.340213,0.001748
202609051306,2026-09-05,13,06R,daily,0.4323,0.001143,0.000559,0.000137,0.000112,0.000082,0.000359,0.008593,0.021051,0.128825,0.003739,0.002298,0.024622,0.122073,0.015334,0.002736,0.021485,0.004607,0.023367,0.001766,0.000592,0.011690,0.005755,0.006985,0.016836,0.002939,0.000516,0.000882,0.000834,0.001486,0.000406,0.567723,0.000467
202609051306,2026-09-05,13,06R,realtime,0.3853,0.002077,0.000128,0.000102,0.000091,0.000110,0.000294,0.006433,0.016468,0.100188,0.002134,0.001429,0.020910,0.115744,0.016990,0.002511,0.022475,0.002851,0.026308,0.001319,0.000583,0.016448,0.005036,0.005782,0.011840,0.002899,0.000369,0.000523,0.000875,0.001652,0.000370,0.614732,0.000331
202609051307,2026-09-05,13,07R,daily,0.2925,0.001462,0.000541,0.000208,0.000095,0.000083,0.000377,0.007732,0.043953,0.017150,0.005176,0.001265,0.090267,0.015990,0.015982,0.003259,0.023778,0.010385,0.005240,0.002338,0.000647,0.019318,0.002499,0.014462,0.003035,0.002092,0.001015,0.000860,0.001042,0.001220,0.000457,0.707460,0.000612
202609051307,2026-09-05,13,07R,realtime,0.3221,0.001757,0.000102,0.000259,0.000079,0.000100,0.000364,0.006570,0.046694,0.012508,0.002699,0.000459,0.128016,0.011255,0.015580,0.002858,0.028344,0.010949,0.004764,0.002018,0.000669,0.018473,0.002447,0.015356,0.002791,0.002378,0.001038,0.000744,0.001081,0.000994,0.000285,0.677934,0.000433
202609051308,2026-09-05,13,08R,daily,0.3194,0.001853,0.000598,0.000289,0.000167,0.000121,0.000418,0.019514,0.022262,0.032378,0.009699,0.004023,0.022661,0.018185,0.027823,0.010284,0.073870,0.005206,0.006926,0.003425,0.001641,0.023521,0.008798,0.007662,0.006900,0.002874,0.002694,0.001000,0.000943,0.000957,0.000680,0.680649,0.001980
202609051308,2026-09-05,13,08R,realtime,0.2569,0.001569,0.000210,0.000176,0.000119,0.000126,0.000360,0.010090,0.017258,0.018779,0.003967,0.001807,0.022591,0.013765,0.024577,0.006395,0.070372,0.002625,0.007084,0.001434,0.001881,0.025232,0.006180,0.006757,0.005802,0.002155,0.001940,0.000879,0.000839,0.000629,0.000370,0.743131,0.000904
202609051309,2026-09-05,13,09R,daily,0.2416,0.001415,0.000379,0.000230,0.000122,0.000097,0.000428,0.007680,0.020685,0.032447,0.007190,0.003001,0.029675,0.027937,0.020750,0.003850,0.027649,0.006490,0.008934,0.002017,0.001068,0.016350,0.004499,0.006120,0.004337,0.003323,0.001262,0.000832,0.000872,0.000728,0.000618,0.758355,0.000659
202609051309,2026-09-05,13,09R,realtime,0.2297,0.001692,0.000121,0.000144,0.000092,0.000116,0.000345,0.006338,0.026961,0.014653,0.003063,0.001393,0.036900,0.025917,0.014686,0.001992,0.031069,0.005561,0.012615,0.001478,0.001273,0.022135,0.005152,0.006353,0.003032,0.002894,0.001128,0.000397,0.000769,0.000580,0.000359,0.770266,0.000525
202609051310,2026-09-05,13,10R,daily,0.4765,0.003115,0.000701,0.000574,0.000238,0.000179,0.001034,0.036285,0.047728,0.057492,0.007978,0.003886,0.053027,0.031250,0.018478,0.008750,0.094565,0.019862,0.013772,0.004869,0.002157,0.016216,0.013730,0.017414,0.007144,0.003587,0.003282,0.001764,0.001586,0.001381,0.001753,0.523511,0.002692
202609051310,2026-09-05,13,10R,realtime,0.5091,0.001249,0.000376,0.000471,0.000182,0.000232,0.000948,0.032401,0.051809,0.050780,0.005963,0.001910,0.056289,0.028657,0.017133,0.006229,0.129118,0.020277,0.017177,0.003478,0.003011,0.020960,0.019830,0.020904,0.005853,0.004170,0.002657,0.001474,0.001610,0.001333,0.001018,0.490888,0.001613
202609051311,2026-09-05,13,11R,daily,0.2390,0.001392,0.000441,0.000146,0.000097,0.000094,0.000333,0.003893,0.017187,0.037151,0.004745,0.001025,0.033089,0.031971,0.018499,0.003101,0.021462,0.003598,0.015746,0.001971,0.000793,0.017343,0.002386,0.004786,0.010577,0.002194,0.000842,0.000943,0.001010,0.001180,0.000467,0.760954,0.000585
202609051311,2026-09-05,13,11R,realtime,0.2325,0.001352,0.000088,0.000131,0.000075,0.000120,0.000297,0.002838,0.013913,0.031205,0.002400,0.000398,0.032885,0.031356,0.020229,0.001667,0.023738,0.002338,0.021870,0.001338,0.000926,0.018913,0.002281,0.003800,0.012881,0.001722,0.000647,0.000701,0.001163,0.000674,0.000236,0.767521,0.000295
202609051312,2026-09-05,13,12R,daily,0.2533,0.002195,0.000345,0.000255,0.000128,0.000106,0.000829,0.010741,0.024626,0.022485,0.004385,0.002408,0.038808,0.014969,0.029503,0.003531,0.039855,0.008241,0.005989,0.002050,0.000853,0.016680,0.005502,0.005171,0.003791,0.002292,0.000885,0.001144,0.001563,0.000918,0.000587,0.746748,0.002416
202609051312,2026-09-05,13,12R,realtime,0.3161,0.002207,0.000166,0.000213,0.000125,0.000169,0.000919,0.013764,0.025726,0.021276,0.006536,0.001242,0.048600,0.013015,0.037525,0.003776,0.068438,0.009620,0.010243,0.002776,0.001298,0.021813,0.006492,0.005379,0.003960,0.004380,0.000776,0.000998,0.001824,0.000883,0.000440,0.683914,0.001507
202609051701,2026-09-05,17,01R,daily,0.3222,0.000930,0.000998,0.000269,0.000150,0.000111,0.000254,0.015300,0.037994,0.042072,0.011584,0.004758,0.041941,0.018560,0.023803,0.007138,0.034938,0.007063,0.010416,0.002625,0.001695,0.032800,0.005469,0.007627,0.003826,0.002496,0.001709,0.001002,0.001773,0.001295,0.000592,0.677756,0.001057
202609051701,2026-09-05,17,01R,realtime,0.4161,0.001498,0.000548,0.000272,0.000168,0.000161,0.000297,0.016888,0.065790,0.067540,0.007063,0.004614,0.055444,0.019298,0.020198,0.006008,0.049255,0.010018,0.013993,0.003127,0.002564,0.036988,0.009299,0.008812,0.005003,0.002357,0.002827,0.001166,0.001744,0.001538,0.000423,0.583854,0.001246
202609051702,2026-09-05,17,02R,daily,0.3912,0.000952,0.001119,0.000315,0.000112,0.000132,0.000233,0.013997,0.074067,0.020226,0.018418,0.001893,0.071059,0.011395,0.039608,0.004366,0.036582,0.020687,0.008414,0.002634,0.000814,0.028786,0.006901,0.014758,0.001755,0.004541,0.000787,0.001089,0.001300,0.001570,0.000931,0.608760,0.001797
202609051702,2026-09-05,17,02R,realtime,0.3859,0.000526,0.000437,0.000305,0.000090,0.000125,0.000170,0.010983,0.073065,0.010950,0.020310,0.000467,0.075300,0.007353,0.038237,0.001883,0.042081,0.016459,0.008146,0.001941,0.000941,0.043345,0.007950,0.014410,0.001084,0.004832,0.000562,0.000662,0.000563,0.001171,0.000679,0.614137,0.000835
202609051703,2026-09-05,17,03R,daily,0.2898,0.000831,0.001142,0.000204,0.000125,0.000092,0.000292,0.017789,0.034552,0.041807,0.003877,0.002622,0.026403,0.021129,0.011342,0.004041,0.053716,0.007970,0.012547,0.001051,0.000628,0.022078,0.006608,0.007140,0.003106,0.001665,0.000798,0.001195,0.001567,0.001715,0.000644,0.710151,0.001172
202609051703,2026-09-05,17,03R,realtime,0.3318,0.000772,0.000593,0.000205,0.000117,0.000131,0.000257,0.017970,0.040911,0.039428,0.001370,0.001474,0.028321,0.022572,0.009400,0.002601,0.075457,0.007887,0.021318,0.000929,0.001137,0.030156,0.010368,0.008666,0.002952,0.001058,0.000645,0.000875,0.001151,0.001653,0.000440,0.668221,0.000970
202609051704,2026-09-05,17,04R,daily,0.7806,0.001652,0.001520,0.000497,0.000269,0.000186,0.000374,0.143099,0.057659,0.171689,0.015832,0.003871,0.024631,0.068012,0.034757,0.004040,0.097148,0.023669,0.045356,0.006320,0.001226,0.016079,0.026352,0.008004,0.014701,0.003749,0.001406,0.001369,0.001609,0.002150,0.001126,0.219357,0.002290
202609051704,2026-09-05,17,04R,realtime,0.7712,0.000776,0.000944,0.000297,0.000284,0.000205,0.000313,0.123877,0.042433,0.190199,0.009391,0.003257,0.023121,0.063968,0.031408,0.003572,0.103309,0.022093,0.060532,0.004790,0.001241,0.019860,0.031764,0.005537,0.015616,0.003968,0.001715,0.001040,0.001392,0.002080,0.001040,0.228844,0.001132
202609051705,2026-09-05,17,05R,daily,0.3644,0.001405,0.001714,0.000334,0.000203,0.000141,0.000546,0.009004,0.027171,0.046956,0.015243,0.018430,0.030845,0.025758,0.043663,0.036158,0.026855,0.006167,0.008057,0.004058,0.004744,0.026588,0.004253,0.005244,0.003086,0.003724,0.007691,0.000938,0.001552,0.001970,0.001001,0.635626,0.000875
202609051705,2026-09-05,17,05R,realtime,0.3703,0.001516,0.000446,0.000251,0.000216,0.000169,0.000597,0.008047,0.022819,0.034226,0.009466,0.020189,0.034881,0.018104,0.048333,0.052872,0.027566,0.008749,0.007742,0.004128,0.005587,0.029347,0.006126,0.004640,0.003279,0.003552,0.012151,0.000770,0.001264,0.001796,0.000654,0.629685,0.000832
202609051706,2026-09-05,17,06R,daily,0.7262,0.002567,0.002359,0.001009,0.000350,0.000207,0.000595,0.117682,0.101088,0.052244,0.013972,0.016561,0.052268,0.019342,0.030385,0.026842,0.136306,0.037993,0.014669,0.004208,0.003740,0.018300,0.024375,0.016379,0.005080,0.003439,0.008696,0.001779,0.002244,0.002633,0.002175,0.273839,0.006674
202609051706,2026-09-05,17,06R,realtime,0.7250,0.000894,0.001476,0.000670,0.000327,0.000238,0.000660,0.106878,0.114710,0.043935,0.010218,0.016010,0.053031,0.018456,0.024221,0.033004,0.131605,0.032029,0.015116,0.003659,0.005671,0.022649,0.042241,0.017313,0.005489,0.002937,0.010697,0.001891,0.001535,0.002674,0.001150,0.275048,0.003566
202609051707,2026-09-05,17,07R,daily,0.2764,0.001114,0.000856,0.000158,0.000099,0.000093,0.000263,0.006455,0.036100,0.024754,0.010396,0.002171,0.029304,0.014234,0.054767,0.006587,0.024726,0.005759,0.005791,0.002722,0.000683,0.029583,0.003978,0.005275,0.002527,0.002615,0.000761,0.000872,0.001061,0.001701,0.000398,0.723560,0.000637
202609051707,2026-09-05,17,07R,realtime,0.5328,0.014246,0.004419,0.000898,0.000205,0.000244,0.000486,0.010907,0.141591,0.017385,0.017691,0.009424,0.104426,0.025288,0.026911,0.013791,0.020290,0.017352,0.008628,0.002955,0.003815,0.033934,0.005118,0.022885,0.001770,0.004129,0.003522,0.001251,0.003017,0.002928,0.001434,0.467217,0.011842
202609051708,2026-09-05,17,08R,daily,0.3700,0.000964,0.001031,0.000264,0.000113,0.000107,0.000212,0.009205,0.081429,0.025034,0.012307,0.002679,0.086261,0.013982,0.025052,0.003860,0.021413,0.015728,0.008624,0.003378,0.001346,0.031373,0.003552,0.011313,0.002348,0.002300,0.001113,0.000934,0.001159,0.001405,0.000535,0.630028,0.000949
202609051708,2026-09-05,17,08R,realtime,0.3864,0.001011,0.000322,0.000219,0.000118,0.000121,0.000168,0.011211,0.092251,0.018222,0.004361,0.001421,0.102212,0.014723,0.021776,0.003779,0.024799,0.013656,0.008563,0.002745,0.001887,0.035306,0.003816,0.013463,0.002388,0.002720,0.001157,0.000783,0.001257,0.001061,0.000257,0.613584,0.000644
202609051709,2026-09-05,17,09R,daily,0.7295,0.002276,0.002356,0.000908,0.000254,0.000229,0.000583,0.068335,0.176625,0.029683,0.017209,0.011468,0.119150,0.015740,0.031449,0.028568,0.073907,0.039875,0.016006,0.005843,0.005282,0.016133,0.011318,0.025186,0.006275,0.002944,0.010536,0.001381,0.001890,0.001601,0.001851,0.270513,0.004627
202609051709,2026-09-05,17,09R,realtime,0.6912,0.000485,0.000845,0.000619,0.000241,0.000211,0.000494,0.060858,0.168512,0.018410,0.008845,0.006745,0.139416,0.012001,0.029282,0.031146,0.068946,0.037520,0.015371,0.004390,0.006778,0.016652,0.010728,0.023954,0.006363,0.002307,0.013510,0.001275,0.001307,0.001191,0.000932,0.308780,0.001884
202609051710,2026-09-05,17,10R,daily,0.6037,0.002259,0.001711,0.000567,0.000257,0.000206,0.000568,0.044337,0.110415,0.065771,0.010592,0.006360,0.068196,0.029573,0.048609,0.008645,0.080210,0.026127,0.022947,0.004279,0.001462,0.017453,0.013487,0.014576,0.008599,0.002835,0.002936,0.002143,0.002111,0.001920,0.001177,0.396342,0.003330
202609051710,2026-09-05,17,10R,realtime,0.5522,0.000848,0.000610,0.000555,0.000245,0.000258,0.000532,0.044606,0.069772,0.054817,0.004387,0.016451,0.075132,0.018533,0.035493,0.009548,0.097935,0.026986,0.016421,0.004492,0.001354,0.022089,0.012466,0.015267,0.008787,0.002719,0.002786,0.002331,0.002232,0.001949,0.001458,0.447830,0.001111
202609051711,2026-09-05,17,11R,daily,0.3889,0.001387,0.001270,0.000330,0.000208,0.000125,0.000493,0.032430,0.026032,0.076490,0.003376,0.009178,0.015706,0.025440,0.011703,0.013280,0.083119,0.007185,0.014643,0.001379,0.001424,0.022111,0.017961,0.005065,0.004959,0.001544,0.002292,0.001461,0.001952,0.002343,0.001067,0.611065,0.002983
202609051711,2026-09-05,17,11R,realtime,0.3309,0.002604,0.002238,0.000411,0.000193,0.000191,0.000269,0.024521,0.019094,0.040980,0.010199,0.001551,0.016420,0.027167,0.032431,0.001751,0.067315,0.005289,0.012376,0.002513,0.000485,0.027415,0.011901,0.003576,0.004804,0.004683,0.000277,0.001343,0.001340,0.002298,0.001699,0.669126,0.003541
202609051712,2026-09-05,17,12R,daily,0.1842,0.000707,0.000620,0.000111,0.000091,0.000054,0.000336,0.005306,0.016923,0.036705,0.001984,0.004182,0.018926,0.015722,0.010983,0.005158,0.024659,0.003744,0.003235,0.000719,0.000710,0.019244,0.002604,0.003551,0.001574,0.000626,0.000914,0.000930,0.001193,0.001596,0.000409,0.815769,0.000714
202609051712,2026-09-05,17,12R,realtime,0.1426,0.000815,0.000271,0.000116,0.000088,0.000057,0.000304,0.002298,0.012225,0.025588,0.001172,0.003812,0.017548,0.014912,0.007697,0.006061,0.016580,0.001774,0.002913,0.000415,0.000930,0.016595,0.001797,0.002488,0.001483,0.000424,0.000798,0.000707,0.000699,0.001236,0.000214,0.857424,0.000560
202609051801,2026-09-05,18,01R,daily,0.2321,0.000798,0.000370,0.000190,0.000107,0.000106,0.000180,0.008354,0.022845,0.018688,0.011842,0.001919,0.024460,0.012501,0.015051,0.002543,0.040267,0.005449,0.006298,0.003455,0.000931,0.029727,0.004444,0.009894,0.004490,0.002623,0.000999,0.000823,0.000829,0.000713,0.000470,0.767855,0.000780
202609051801,2026-09-05,18,01R,realtime,0.1912,0.000876,0.000143,0.000109,0.000075,0.000110,0.000153,0.006736,0.018087,0.017448,0.007598,0.001103,0.021230,0.009176,0.012852,0.002416,0.032183,0.004442,0.003443,0.003505,0.000809,0.028234,0.004009,0.006328,0.004166,0.002093,0.001091,0.000559,0.000896,0.000543,0.000272,0.808813,0.000502
202609051802,2026-09-05,18,02R,daily,0.2825,0.000889,0.001238,0.000178,0.000111,0.000095,0.000302,0.002402,0.039565,0.027520,0.003661,0.002862,0.062632,0.020668,0.009125,0.008790,0.011901,0.008136,0.014773,0.001987,0.002946,0.030019,0.001288,0.017043,0.004133,0.003056,0.002893,0.000682,0.001555,0.001139,0.000505,0.717463,0.000444
202609051802,2026-09-05,18,02R,realtime,0.3226,0.002185,0.000215,0.000140,0.000095,0.000135,0.000309,0.003268,0.058325,0.022265,0.001662,0.005537,0.084163,0.016618,0.006059,0.012507,0.011831,0.011809,0.013247,0.002137,0.003336,0.028325,0.001249,0.019725,0.006174,0.001745,0.005215,0.000905,0.001414,0.001355,0.000284,0.677431,0.000335
202609051803,2026-09-05,18,03R,daily,0.3214,0.001394,0.001000,0.000380,0.000197,0.000171,0.000395,0.011451,0.032466,0.015513,0.021918,0.016744,0.029081,0.010972,0.026123,0.020929,0.034528,0.010779,0.007933,0.006195,0.004632,0.032198,0.006034,0.009858,0.002084,0.008092,0.004449,0.000769,0.001769,0.000841,0.000903,0.678563,0.001637
202609051803,2026-09-05,18,03R,realtime,0.2948,0.001627,0.000231,0.000158,0.000122,0.000224,0.000377,0.010129,0.027143,0.011123,0.013232,0.010600,0.027615,0.009733,0.023963,0.020148,0.033921,0.007410,0.007138,0.005801,0.007057,0.042398,0.006473,0.011724,0.001819,0.007874,0.002962,0.000509,0.001262,0.000572,0.000473,0.705223,0.000959
202609051804,2026-09-05,18,04R,daily,0.4176,0.001437,0.000643,0.000359,0.000157,0.000162,0.000430,0.040294,0.043965,0.015250,0.006347,0.005157,0.025476,0.008054,0.010345,0.005700,0.151574,0.016412,0.008341,0.003300,0.001363,0.021810,0.020488,0.016227,0.001817,0.002879,0.001556,0.001113,0.001011,0.000843,0.000982,0.582365,0.004141
202609051804,2026-09-05,18,04R,realtime,0.3596,0.000601,0.000386,0.000188,0.000094,0.000162,0.000357,0.027514,0.031124,0.007376,0.005427,0.001409,0.022609,0.005614,0.008831,0.003361,0.153229,0.010737,0.006090,0.002361,0.001428,0.027242,0.019941,0.013897,0.001064,0.003404,0.000859,0.000694,0.000823,0.000598,0.000450,0.640365,0.001766
202609051805,2026-09-05,18,05R,daily,0.5565,0.001998,0.001204,0.000755,0.000188,0.000164,0.000356,0.040227,0.121841,0.011630,0.007141,0.006387,0.079694,0.007185,0.009489,0.006085,0.106968,0.049194,0.007003,0.004029,0.002834,0.021078,0.015383,0.035726,0.001569,0.002783,0.003626,0.001649,0.001846,0.000984,0.001298,0.443542,0.006144
202609051805,2026-09-05,18,05R,realtime,0.5714,0.002634,0.002013,0.000893,0.000099,0.000282,0.000267,0.031298,0.105492,0.006273,0.012564,0.001141,0.059423,0.004292,0.018861,0.003139,0.117831,0.055935,0.005987,0.007331,0.002997,0.038437,0.015780,0.057746,0.001201,0.008087,0.000579,0.001240,0.002213,0.001109,0.000954,0.428590,0.005312
202609051806,2026-09-05,18,06R,daily,0.4028,0.001452,0.000958,0.000437,0.000203,0.000133,0.000379,0.040897,0.026824,0.030199,0.003472,0.006975,0.017631,0.014954,0.006889,0.011539,0.143098,0.010834,0.008620,0.002031,0.003436,0.029103,0.012527,0.009541,0.004788,0.002191,0.004823,0.001488,0.001604,0.001159,0.000939,0.597223,0.003656
202609051806,2026-09-05,18,06R,realtime,0.4612,0.001348,0.000808,0.000213,0.000137,0.000201,0.000463,0.034322,0.040155,0.025715,0.001627,0.006298,0.020034,0.015134,0.005433,0.010492,0.179429,0.011810,0.011709,0.001469,0.006118,0.034282,0.019284,0.011734,0.005387,0.001912,0.006570,0.001859,0.001604,0.001571,0.000378,0.538799,0.003707
202609051807,2026-09-05,18,07R,daily,0.5572,0.002159,0.001241,0.000484,0.000249,0.000226,0.000346,0.061648,0.054390,0.041507,0.013244,0.002544,0.035793,0.029802,0.030737,0.002929,0.131317,0.021097,0.024847,0.006806,0.001453,0.027533,0.022482,0.017238,0.007519,0.009033,0.001391,0.001484,0.001194,0.001566,0.000997,0.442764,0.003980
202609051807,2026-09-05,18,07R,realtime,0.6333,0.001646,0.000983,0.000219,0.000196,0.000341,0.000388,0.062429,0.071907,0.035363,0.012471,0.002677,0.034138,0.029632,0.033220,0.003299,0.166440,0.018722,0.035010,0.007730,0.002154,0.034952,0.025039,0.019363,0.008268,0.015365,0.001808,0.001425,0.001552,0.001902,0.000725,0.366746,0.003891
202609051808,2026-09-05,18,08R,daily,0.4441,0.001472,0.000922,0.000425,0.000218,0.000162,0.000432,0.053039,0.037155,0.031478,0.009326,0.012622,0.018155,0.013493,0.014460,0.012710,0.133810,0.014383,0.010490,0.004489,0.002865,0.027030,0.017606,0.009072,0.003806,0.002775,0.003554,0.000896,0.001192,0.001262,0.000975,0.555929,0.003796
202609051808,2026-09-05,18,08R,realtime,0.5093,0.001386,0.000672,0.000157,0.000152,0.000246,0.000521,0.050347,0.051192,0.035625,0.005171,0.019601,0.017929,0.012900,0.012859,0.015570,0.161519,0.013397,0.011903,0.004294,0.005187,0.034114,0.024156,0.011124,0.004234,0.003099,0.004420,0.001068,0.001329,0.001644,0.000524,0.490690,0.002970
202609051809,2026-09-05,18,09R,daily,0.1495,0.000501,0.000345,0.000111,0.000075,0.000052,0.000235,0.005790,0.018079,0.010376,0.001400,0.002467,0.017606,0.007747,0.003595,0.002162,0.029431,0.005474,0.002357,0.000817,0.000446,0.025172,0.002727,0.006492,0.001545,0.000881,0.000591,0.000588,0.001055,0.000619,0.000220,0.850545,0.000497
202609051809,2026-09-05,18,09R,realtime,0.1978,0.001547,0.000169,0.000112,0.000065,0.000105,0.000345,0.007366,0.021343,0.014275,0.000991,0.004882,0.020820,0.008134,0.004726,0.002830,0.043232,0.007613,0.003222,0.001134,0.000811,0.033767,0.003301,0.008678,0.002149,0.001278,0.000728,0.000719,0.001480,0.001122,0.000192,0.802241,0.000622
202609051810,2026-09-05,18,10R,daily,0.3877,0.001669,0.000637,0.000356,0.000188,0.000178,0.000624,0.026149,0.045743,0.033003,0.007521,0.004956,0.030391,0.018909,0.020395,0.007483,0.090442,0.014819,0.017923,0.004193,0.001666,0.021812,0.008779,0.010379,0.006198,0.002039,0.002311,0.001251,0.001539,0.001003,0.001187,0.612334,0.003923
202609051810,2026-09-05,18,10R,realtime,0.3834,0.000817,0.000268,0.000147,0.000123,0.000265,0.000585,0.018283,0.053079,0.019844,0.008340,0.002961,0.031837,0.018823,0.019941,0.006408,0.089846,0.012132,0.018853,0.004127,0.003225,0.033923,0.012385,0.010707,0.005320,0.002819,0.002165,0.001169,0.001439,0.000893,0.000462,0.616647,0.002168
202609051811,2026-09-05,18,11R,daily,0.2344,0.001155,0.000439,0.000163,0.000137,0.000103,0.000574,0.010784,0.017139,0.034347,0.003533,0.006160,0.012754,0.021464,0.020517,0.004235,0.042749,0.004152,0.007556,0.003212,0.001237,0.020667,0.004488,0.005172,0.003761,0.002568,0.001230,0.000933,0.000941,0.000785,0.000397,0.765587,0.001063
202609051811,2026-09-05,18,11R,realtime,0.2278,0.001733,0.000155,0.000088,0.000100,0.000150,0.000504,0.008150,0.009518,0.031171,0.002767,0.002490,0.011641,0.017411,0.021802,0.003973,0.050781,0.003056,0.008426,0.002958,0.001341,0.028905,0.004545,0.003984,0.002465,0.004781,0.000970,0.000733,0.000987,0.000966,0.000330,0.772174,0.000945
202609051812,2026-09-05,18,12R,daily,0.2910,0.001235,0.000551,0.000259,0.000142,0.000140,0.000457,0.016827,0.024728,0.030109,0.004375,0.001654,0.019233,0.016909,0.012736,0.002778,0.074039,0.008323,0.010409,0.002915,0.000839,0.025376,0.011201,0.010380,0.003515,0.003248,0.000677,0.001240,0.001518,0.001026,0.000879,0.708966,0.003317
202609051812,2026-09-05,18,12R,realtime,0.2957,0.002956,0.001230,0.000267,0.000125,0.000211,0.000400,0.014889,0.024095,0.007740,0.010928,0.001140,0.021468,0.012805,0.021868,0.002683,0.077858,0.008030,0.008489,0.002235,0.001310,0.036188,0.009208,0.010228,0.002300,0.006503,0.000510,0.001269,0.002205,0.001166,0.000881,0.704288,0.004526
202609052001,2026-09-05,20,01R,daily,0.4625,0.002533,0.001429,0.000586,0.000263,0.000208,0.000560,0.029817,0.065240,0.024403,0.016164,0.007475,0.043868,0.013134,0.038269,0.009689,0.089636,0.013712,0.026669,0.005993,0.003222,0.021343,0.009292,0.011408,0.009622,0.005120,0.002863,0.001274,0.001023,0.001807,0.001041,0.537542,0.004795
202609052001,2026-09-05,20,01R,realtime,0.4976,0.001700,0.000611,0.000354,0.000216,0.000272,0.000475,0.026797,0.066713,0.020595,0.015207,0.003661,0.049484,0.008922,0.046280,0.008129,0.108225,0.015608,0.033097,0.005758,0.003883,0.030098,0.011510,0.014380,0.007243,0.008607,0.002248,0.001088,0.000958,0.001578,0.000909,0.502427,0.002968
202609052002,2026-09-05,20,02R,daily,0.5416,0.002542,0.001157,0.000594,0.000319,0.000244,0.000466,0.022864,0.064556,0.030653,0.039780,0.003959,0.042678,0.020476,0.088841,0.008181,0.055312,0.019451,0.025488,0.012214,0.004278,0.033064,0.006571,0.017621,0.011556,0.016731,0.003123,0.001579,0.000967,0.001681,0.001172,0.458422,0.003463
202609052002,2026-09-05,20,02R,realtime,0.5631,0.002008,0.000320,0.000343,0.000230,0.000325,0.000475,0.021666,0.073911,0.022350,0.033687,0.001962,0.053901,0.015690,0.088093,0.007246,0.063700,0.015996,0.028981,0.011787,0.006174,0.045164,0.007488,0.017574,0.011722,0.023405,0.003163,0.001369,0.000836,0.001329,0.000798,0.436877,0.001430
202609052003,2026-09-05,20,03R,daily,0.3454,0.003571,0.001160,0.000406,0.000321,0.000163,0.000766,0.019488,0.016219,0.025300,0.017369,0.012932,0.028873,0.015847,0.058060,0.016735,0.029223,0.005596,0.011262,0.005906,0.003083,0.029172,0.002558,0.010536,0.012866,0.005731,0.005202,0.001791,0.000692,0.002146,0.000782,0.654579,0.001666
202609052003,2026-09-05,20,03R,realtime,0.3522,0.003769,0.000291,0.000244,0.000224,0.000223,0.000804,0.011371,0.021570,0.017682,0.012298,0.008671,0.036894,0.011594,0.066699,0.013308,0.032404,0.004393,0.013447,0.004476,0.005254,0.039582,0.002564,0.015176,0.011229,0.007889,0.004727,0.001442,0.000508,0.001605,0.000495,0.647755,0.001413
202609052004,2026-09-05,20,04R,daily,0.3768,0.002310,0.001129,0.000527,0.000294,0.000195,0.000683,0.014152,0.039050,0.032207,0.014649,0.008138,0.033310,0.020622,0.036875,0.014320,0.049390,0.009794,0.016910,0.006561,0.003750,0.025976,0.006731,0.010088,0.008020,0.009996,0.003286,0.001475,0.001124,0.001684,0.000972,0.623200,0.002581
202609052004,2026-09-05,20,04R,realtime,0.3420,0.002311,0.000228,0.000275,0.000191,0.000231,0.000472,0.007218,0.034005,0.020543,0.009170,0.005337,0.035975,0.016045,0.040635,0.012721,0.046543,0.006926,0.014459,0.004105,0.004492,0.034464,0.006934,0.012157,0.005934,0.012277,0.002516,0.001149,0.001274,0.001468,0.000575,0.657983,0.001389
202609052005,2026-09-05,20,05R,daily,0.4769,0.002915,0.001061,0.000557,0.000333,0.000157,0.000693,0.055511,0.027363,0.074451,0.004241,0.007561,0.021722,0.039104,0.020903,0.007977,0.091389,0.008478,0.027728,0.003218,0.002444,0.021263,0.016933,0.007198,0.016244,0.004811,0.001856,0.001781,0.002243,0.002194,0.000815,0.523063,0.003793
202609052006,2026-09-05,20,06R,daily,0.3182,0.001682,0.000482,0.000243,0.000216,0.000142,0.000650,0.010367,0.016944,0.033886,0.015218,0.004586,0.013557,0.020825,0.070788,0.008326,0.043314,0.003823,0.008881,0.006653,0.001769,0.022679,0.005339,0.004405,0.008452,0.008333,0.001083,0.001243,0.000686,0.001436,0.000538,0.681789,0.001664
202609052006,2026-09-05,20,06R,realtime,0.3367,0.001535,0.000243,0.000158,0.000175,0.000181,0.000564,0.010742,0.014459,0.015778,0.014094,0.002926,0.013457,0.016299,0.098269,0.007043,0.051121,0.002702,0.007313,0.006304,0.002346,0.031946,0.005455,0.005191,0.006558,0.016143,0.000770,0.001048,0.000821,0.001080,0.000376,0.663307,0.001599
202609052007,2026-09-05,20,07R,daily,0.3424,0.001534,0.001559,0.000491,0.000281,0.000143,0.000593,0.008318,0.040677,0.031127,0.007169,0.019758,0.034169,0.021418,0.019658,0.021944,0.039861,0.006822,0.012194,0.002513,0.010500,0.020232,0.004580,0.008095,0.007388,0.004904,0.008324,0.001187,0.000940,0.001703,0.000978,0.657574,0.003369
202609052007,2026-09-05,20,07R,realtime,0.3141,0.001185,0.000335,0.000230,0.000193,0.000160,0.000468,0.004229,0.050075,0.014399,0.002799,0.016459,0.041131,0.020118,0.015400,0.021862,0.033507,0.004475,0.011330,0.001666,0.017640,0.022164,0.004369,0.009183,0.005168,0.003678,0.006798,0.000608,0.000673,0.001317,0.000389,0.685943,0.002048
202609052008,2026-09-05,20,08R,daily,0.3780,0.001069,0.000709,0.000500,0.000255,0.000145,0.000484,0.033914,0.020789,0.013824,0.005807,0.008431,0.017904,0.009659,0.011963,0.007449,0.162905,0.005917,0.009868,0.003338,0.002238,0.023068,0.008446,0.003478,0.009585,0.001801,0.003813,0.001924,0.000727,0.001579,0.000973,0.621954,0.005484
202609052009,2026-09-05,20,09R,daily,0.3208,0.001332,0.000794,0.000392,0.000218,0.000121,0.000388,0.016529,0.036162,0.020459,0.005896,0.005833,0.024783,0.013122,0.015941,0.011498,0.083259,0.006422,0.013962,0.001846,0.001725,0.023530,0.007464,0.008243,0.007399,0.002440,0.002529,0.001067,0.001234,0.001332,0.000681,0.679158,0.004241
202609052010,2026-09-05,20,10R,daily,0.4777,0.002466,0.000702,0.000525,0.000316,0.000147,0.000792,0.055705,0.041327,0.039437,0.005673,0.004662,0.020919,0.024209,0.022044,0.005406,0.137250,0.012057,0.016293,0.003224,0.001352,0.024091,0.026680,0.007000,0.008161,0.003129,0.001566,0.001996,0.001695,0.002372,0.001112,0.522339,0.005354
202609052011,2026-09-05,20,11R,daily,0.3671,0.001862,0.000803,0.000671,0.000264,0.000180,0.000683,0.015951,0.046784,0.018063,0.015556,0.005813,0.036335,0.013178,0.046954,0.012169,0.054070,0.010744,0.010633,0.006614,0.002945,0.027164,0.005798,0.007411,0.004542,0.009914,0.002507,0.001417,0.001298,0.001500,0.000987,0.632933,0.004258
202609052012,2026-09-05,20,12R,daily,0.3251,0.001277,0.000403,0.000427,0.000207,0.000116,0.000449,0.019992,0.043145,0.024824,0.004438,0.003462,0.033602,0.013122,0.017789,0.002723,0.071530,0.011542,0.013648,0.002054,0.000924,0.022940,0.007630,0.008031,0.006586,0.001964,0.000723,0.002038,0.001454,0.001036,0.000608,0.674943,0.006372
202609052201,2026-09-05,22,01R,daily,0.3869,0.001096,0.000928,0.000272,0.000172,0.000133,0.000322,0.041179,0.047954,0.027951,0.014346,0.006358,0.014591,0.010561,0.017469,0.004352,0.092202,0.011076,0.009200,0.001891,0.001409,0.040803,0.015875,0.008646,0.002607,0.006050,0.002896,0.000657,0.001183,0.001637,0.001097,0.613068,0.002019
202609052201,2026-09-05,22,01R,realtime,0.3313,0.001036,0.000543,0.000149,0.000146,0.000153,0.000336,0.027590,0.043950,0.029532,0.015320,0.004180,0.011814,0.010866,0.017397,0.004389,0.067025,0.005365,0.006411,0.002165,0.001756,0.045415,0.012936,0.006365,0.002562,0.005658,0.003025,0.000594,0.000732,0.001625,0.000745,0.668748,0.001472
202609052202,2026-09-05,22,02R,daily,0.6302,0.002528,0.001901,0.000409,0.000243,0.000211,0.000588,0.087154,0.115487,0.062852,0.017970,0.003608,0.034271,0.029878,0.042455,0.004187,0.052719,0.018891,0.017122,0.009395,0.001638,0.035345,0.011007,0.035832,0.012722,0.021952,0.003122,0.001040,0.001446,0.002219,0.000894,0.369822,0.001093
202609052202,2026-09-05,22,02R,realtime,0.6918,0.001562,0.000418,0.000359,0.000241,0.000261,0.000475,0.092269,0.137277,0.053805,0.016992,0.001931,0.043316,0.019233,0.049892,0.004612,0.071424,0.023140,0.019337,0.007415,0.001381,0.038571,0.007408,0.037109,0.011188,0.042115,0.003041,0.001138,0.001155,0.002586,0.001367,0.308164,0.000819
202609052203,2026-09-05,22,03R,daily,0.6454,0.002150,0.001415,0.000512,0.000266,0.000243,0.000426,0.073742,0.078742,0.034476,0.045874,0.005748,0.017697,0.011920,0.087863,0.007686,0.125085,0.014789,0.011297,0.008872,0.003003,0.036590,0.023332,0.013472,0.008067,0.015467,0.005231,0.001365,0.001033,0.001617,0.001413,0.354563,0.006044
202609052203,2026-09-05,22,03R,realtime,0.6303,0.001145,0.000542,0.000221,0.000225,0.000235,0.000360,0.082153,0.050452,0.027444,0.040067,0.006077,0.015955,0.005804,0.098864,0.006968,0.146020,0.014865,0.006818,0.007461,0.002212,0.042669,0.022894,0.009281,0.006883,0.019208,0.007105,0.001415,0.001030,0.001726,0.001276,0.369663,0.002962
202609052204,2026-09-05,22,04R,daily,0.6590,0.002029,0.001577,0.000678,0.000246,0.000231,0.000526,0.046495,0.213574,0.020723,0.023021,0.007584,0.067378,0.010477,0.033585,0.009536,0.061465,0.035556,0.011516,0.004336,0.002942,0.026824,0.011268,0.031634,0.004887,0.013801,0.006988,0.000999,0.002349,0.001301,0.001434,0.341035,0.004006
202609052204,2026-09-05,22,04R,realtime,0.6257,0.001203,0.000298,0.000401,0.000195,0.000249,0.000419,0.026860,0.223271,0.017919,0.018140,0.007510,0.077706,0.008132,0.036036,0.010536,0.052376,0.028458,0.008784,0.003547,0.003075,0.029162,0.007180,0.030290,0.004229,0.014836,0.007949,0.000900,0.001836,0.001507,0.001261,0.374284,0.001451
202609052205,2026-09-05,22,05R,daily,0.2073,0.000501,0.000466,0.000132,0.000073,0.000044,0.000137,0.007552,0.049673,0.014712,0.001874,0.002982,0.024777,0.007175,0.002537,0.001439,0.026983,0.007407,0.004674,0.000297,0.000515,0.031659,0.002998,0.011165,0.001539,0.001050,0.001328,0.000492,0.001131,0.000835,0.000399,0.792715,0.000739
202609052205,2026-09-05,22,05R,realtime,0.2706,0.002417,0.000566,0.000238,0.000077,0.000092,0.000115,0.010746,0.055170,0.016458,0.002677,0.000705,0.024078,0.009540,0.003787,0.000761,0.032456,0.007888,0.005724,0.000599,0.000344,0.060747,0.003167,0.020428,0.002584,0.003140,0.000379,0.000776,0.001469,0.001427,0.000558,0.729362,0.001526
202609052206,2026-09-05,22,06R,daily,0.6305,0.001922,0.001520,0.000522,0.000335,0.000188,0.000672,0.099563,0.037887,0.117405,0.007227,0.014700,0.008805,0.037347,0.013577,0.013969,0.136868,0.010214,0.019700,0.003033,0.004237,0.020861,0.023667,0.011295,0.016125,0.006001,0.011709,0.001552,0.002234,0.002184,0.002236,0.369507,0.002936
202609052206,2026-09-05,22,06R,realtime,0.5995,0.001319,0.000740,0.000250,0.000309,0.000269,0.000845,0.074642,0.033593,0.106907,0.006491,0.015740,0.008179,0.037096,0.008910,0.016254,0.142300,0.006508,0.020761,0.001751,0.007244,0.025288,0.025940,0.008346,0.019461,0.005024,0.016584,0.001890,0.001472,0.002664,0.001167,0.400502,0.001554
202609052207,2026-09-05,22,07R,daily,0.2562,0.000774,0.000425,0.000135,0.000098,0.000097,0.000224,0.007943,0.035163,0.019291,0.022727,0.004355,0.014754,0.009127,0.039603,0.002483,0.012943,0.006025,0.003904,0.003827,0.000867,0.048368,0.003337,0.006589,0.001420,0.008079,0.000734,0.000612,0.000750,0.000598,0.000454,0.743843,0.000449
202609052207,2026-09-05,22,07R,realtime,0.2946,0.002585,0.000126,0.000067,0.000090,0.000123,0.000205,0.006871,0.038299,0.014552,0.042355,0.002587,0.015648,0.007952,0.048680,0.002422,0.009707,0.003912,0.002465,0.004970,0.000984,0.062651,0.003650,0.005055,0.001116,0.014053,0.000945,0.000562,0.000695,0.000586,0.000378,0.705364,0.000342
202609052208,2026-09-05,22,08R,daily,0.4283,0.001050,0.000450,0.000353,0.000135,0.000114,0.000301,0.071683,0.053701,0.013442,0.005620,0.003575,0.018131,0.005737,0.007255,0.001779,0.147078,0.010473,0.004129,0.001621,0.000765,0.030782,0.023788,0.010476,0.002633,0.003442,0.001296,0.001114,0.000959,0.000728,0.000718,0.571679,0.004991
202609052208,2026-09-05,22,08R,realtime,0.5054,0.000930,0.000499,0.000228,0.000129,0.000157,0.000293,0.094833,0.070949,0.008567,0.004921,0.003245,0.021555,0.004869,0.008515,0.001365,0.157496,0.013594,0.004352,0.002071,0.000930,0.039949,0.035944,0.012535,0.002612,0.005686,0.001287,0.001072,0.001020,0.000979,0.000742,0.494578,0.004100
202609052209,2026-09-05,22,09R,daily,0.4612,0.001101,0.001139,0.000447,0.000163,0.000103,0.000375,0.062519,0.080247,0.016066,0.002370,0.014377,0.034297,0.007704,0.002906,0.008022,0.120265,0.021955,0.005886,0.000726,0.001774,0.024043,0.014020,0.020226,0.002699,0.001660,0.006881,0.001078,0.001663,0.001276,0.001234,0.538808,0.003970
202609052209,2026-09-05,22,09R,realtime,0.4701,0.002107,0.001372,0.000441,0.000133,0.000176,0.000190,0.066991,0.064300,0.008498,0.025501,0.000424,0.033859,0.008166,0.020372,0.000752,0.104837,0.018703,0.004789,0.003232,0.000371,0.042042,0.012730,0.019822,0.003771,0.013127,0.000681,0.001584,0.002054,0.001594,0.000938,0.529942,0.006499
202609052210,2026-09-05,22,10R,daily,0.2452,0.001035,0.000684,0.000238,0.000122,0.000084,0.000260,0.015229,0.033070,0.017978,0.007114,0.011725,0.010247,0.006437,0.008137,0.009168,0.036804,0.007039,0.003866,0.001228,0.001513,0.043695,0.009290,0.006753,0.001342,0.003241,0.003409,0.000587,0.001699,0.001277,0.000888,0.754810,0.001030
202609052210,2026-09-05,22,10R,realtime,0.3240,0.007666,0.001091,0.000236,0.000141,0.000148,0.000265,0.012207,0.035431,0.067449,0.003439,0.006551,0.013902,0.038589,0.004904,0.002423,0.028080,0.005993,0.012562,0.000955,0.000702,0.045728,0.005993,0.007002,0.009020,0.002620,0.001193,0.001277,0.004030,0.002474,0.000817,0.675967,0.001146
202609052211,2026-09-05,22,11R,daily,0.2801,0.000846,0.000319,0.000272,0.000085,0.000086,0.000186,0.018935,0.051814,0.009910,0.007762,0.000825,0.025791,0.003915,0.013412,0.000660,0.050658,0.009379,0.002523,0.001557,0.000273,0.049066,0.007875,0.011260,0.001402,0.004569,0.000419,0.001092,0.001395,0.001029,0.000559,0.719851,0.002277
202609052211,2026-09-05,22,11R,realtime,0.3074,0.000960,0.000215,0.000272,0.000073,0.000119,0.000181,0.020248,0.054978,0.013793,0.004418,0.000537,0.029581,0.003483,0.013812,0.000595,0.054907,0.010473,0.002643,0.002181,0.000436,0.060603,0.011238,0.009440,0.001434,0.005264,0.000433,0.000763,0.001234,0.000999,0.000550,0.692613,0.001524
202609052212,2026-09-05,22,12R,daily,0.2034,0.000722,0.000235,0.000183,0.000073,0.000066,0.000190,0.013920,0.028272,0.009468,0.004177,0.001225,0.012576,0.003020,0.006505,0.000713,0.058045,0.005665,0.002239,0.000936,0.000232,0.033646,0.008082,0.004445,0.001202,0.002039,0.000413,0.000801,0.000958,0.000934,0.000438,0.796605,0.001973
