レースコード,レース日,レース場コード,レース回,状態,荒れ度,P_その他_1,P_その他_2,P_その他_3,P_その他_4,P_その他_5,P_その他_6,P_まくり_2,P_まくり_3,P_まくり_4,P_まくり_5,P_まくり_6,P_まくり差し_3,P_まくり差し_4,P_まくり差し_5,P_まくり差し_6,P_差し_2,P_差し_3,P_差し_4,P_差し_5,P_差し_6,P_抜き_1,P_抜き_2,P_抜き_3,P_抜き_4,P_抜き_5,P_抜き_6,P_恵まれ_2,P_恵まれ_3,P_恵まれ_4,P_恵まれ_5,P_逃げ_1,P_逃げ_2
202609120201,2026-09-12,02,01R,daily,0.5363,0.002173,0.001300,0.000500,0.000185,0.000177,0.000600,0.061157,0.083424,0.056209,0.025265,0.005686,0.040473,0.027543,0.054019,0.007134,0.064335,0.008104,0.017665,0.006916,0.001070,0.022923,0.011921,0.013694,0.006071,0.007725,0.001241,0.001375,0.001970,0.002050,0.001137,0.463721,0.002238
202609120201,2026-09-12,02,01R,realtime,0.4148,0.002076,0.000513,0.000434,0.000202,0.000143,0.000378,0.039194,0.036887,0.059683,0.028758,0.002987,0.036797,0.018359,0.053352,0.008592,0.045366,0.005414,0.014668,0.005004,0.000824,0.021536,0.007432,0.008167,0.004001,0.006342,0.001233,0.000993,0.001323,0.001722,0.001365,0.585235,0.001020
202609120202,2026-09-12,02,02R,daily,0.8313,0.001450,0.000767,0.000888,0.000195,0.000124,0.000413,0.224148,0.123157,0.017190,0.007853,0.006077,0.033764,0.007574,0.010826,0.004781,0.271082,0.022797,0.009663,0.001948,0.001003,0.007965,0.044709,0.010965,0.002268,0.002676,0.001870,0.001844,0.001361,0.000789,0.001119,0.168717,0.010017
202609120202,2026-09-12,02,02R,realtime,0.8763,0.002721,0.001312,0.001458,0.000311,0.000196,0.000630,0.022926,0.300893,0.050934,0.005675,0.004008,0.160949,0.069027,0.007157,0.006584,0.025074,0.034116,0.074729,0.001075,0.002149,0.008478,0.004112,0.064460,0.007603,0.003429,0.001931,0.001041,0.001933,0.001825,0.002887,0.123739,0.006639
202609120203,2026-09-12,02,03R,daily,0.6540,0.002379,0.000711,0.000321,0.000318,0.000174,0.000898,0.040996,0.021872,0.275963,0.009892,0.012262,0.007611,0.059762,0.024383,0.009251,0.066532,0.003822,0.038974,0.004647,0.002597,0.013400,0.009555,0.006309,0.024962,0.004954,0.004223,0.002179,0.001363,0.001370,0.001211,0.345952,0.001154
202609120203,2026-09-12,02,03R,realtime,0.7764,0.000976,0.000356,0.000216,0.000330,0.000162,0.000657,0.048510,0.011205,0.425350,0.002869,0.005130,0.005576,0.071273,0.013853,0.006466,0.063276,0.003029,0.053778,0.003081,0.002018,0.008608,0.009258,0.003255,0.025282,0.003411,0.003333,0.001426,0.001085,0.000899,0.000850,0.223568,0.000913
202609120204,2026-09-12,02,04R,daily,0.8068,0.002359,0.000944,0.001265,0.000291,0.000293,0.000564,0.214762,0.077701,0.054708,0.020577,0.003307,0.026846,0.021782,0.036431,0.005673,0.196921,0.017459,0.025713,0.006817,0.002831,0.008384,0.030999,0.007403,0.009276,0.014635,0.002165,0.003084,0.001700,0.001106,0.001391,0.193236,0.009376
202609120204,2026-09-12,02,04R,realtime,0.8330,0.000507,0.000772,0.000886,0.000362,0.000281,0.000353,0.278361,0.041971,0.065125,0.018019,0.003247,0.020302,0.023635,0.032133,0.004775,0.213733,0.012114,0.025896,0.006058,0.002195,0.006789,0.032254,0.006571,0.009702,0.012245,0.001791,0.003236,0.001764,0.000937,0.001498,0.166963,0.005526
202609120205,2026-09-12,02,05R,daily,0.6921,0.001161,0.000821,0.000226,0.000205,0.000135,0.000924,0.023144,0.089179,0.205456,0.005698,0.017872,0.034746,0.123203,0.020167,0.010129,0.026850,0.008335,0.048583,0.002802,0.003242,0.012416,0.006225,0.011595,0.029089,0.002144,0.002663,0.001076,0.001212,0.001031,0.000720,0.307914,0.001036
202609120205,2026-09-12,02,05R,realtime,0.7127,0.000671,0.000168,0.000207,0.000186,0.000111,0.000613,0.010323,0.085579,0.253571,0.001562,0.007912,0.042612,0.180150,0.012963,0.006104,0.014798,0.003611,0.041332,0.001592,0.002211,0.008796,0.003477,0.007686,0.019986,0.001313,0.001799,0.000670,0.001085,0.000790,0.000569,0.287299,0.000255
202609120206,2026-09-12,02,06R,daily,0.8335,0.005971,0.001428,0.001325,0.000469,0.000247,0.001660,0.162104,0.129765,0.078882,0.016396,0.012690,0.054889,0.019216,0.027265,0.019276,0.117376,0.027698,0.027687,0.004944,0.005762,0.013396,0.025167,0.029703,0.003756,0.009171,0.013855,0.002984,0.004327,0.001978,0.005694,0.166490,0.008428
202609120206,2026-09-12,02,06R,realtime,0.8615,0.002973,0.001690,0.001925,0.000382,0.000308,0.000471,0.124339,0.147188,0.058573,0.076227,0.001167,0.052725,0.025111,0.073209,0.001704,0.091329,0.022180,0.020369,0.011381,0.000599,0.009777,0.023077,0.028445,0.004932,0.056453,0.000417,0.002455,0.002835,0.001654,0.004809,0.138530,0.012768
202609120207,2026-09-12,02,07R,daily,0.3372,0.001163,0.000690,0.000282,0.000166,0.000115,0.000316,0.006876,0.063441,0.038733,0.019039,0.011002,0.032509,0.021413,0.038843,0.011025,0.020580,0.005241,0.009089,0.002456,0.002214,0.023616,0.003422,0.008799,0.004062,0.004782,0.002514,0.001136,0.000968,0.000896,0.000649,0.662811,0.001149
202609120207,2026-09-12,02,07R,realtime,0.3109,0.002073,0.000205,0.000314,0.000245,0.000125,0.000345,0.005093,0.056590,0.021799,0.028444,0.014919,0.041407,0.014733,0.028415,0.013656,0.019525,0.004887,0.006078,0.001498,0.001608,0.021825,0.002629,0.007831,0.003104,0.005456,0.003368,0.001439,0.000864,0.000883,0.000689,0.689099,0.000853
202609120208,2026-09-12,02,08R,daily,0.6878,0.004256,0.001076,0.000799,0.000320,0.000320,0.000683,0.070215,0.046164,0.044619,0.069692,0.011961,0.012218,0.014439,0.131848,0.014072,0.117468,0.006024,0.010391,0.027181,0.005137,0.018190,0.024749,0.008378,0.006145,0.023065,0.004140,0.002794,0.001290,0.001380,0.002063,0.312239,0.006685
202609120208,2026-09-12,02,08R,realtime,0.5886,0.006516,0.000999,0.001322,0.000281,0.000311,0.000542,0.014777,0.103505,0.021102,0.056396,0.002859,0.079563,0.013179,0.106357,0.012090,0.029846,0.012858,0.009772,0.011055,0.003560,0.018363,0.004510,0.029666,0.003232,0.028594,0.003927,0.001463,0.001740,0.001298,0.003666,0.411382,0.005269
202609120209,2026-09-12,02,09R,daily,0.6336,0.002078,0.000906,0.000378,0.000207,0.000211,0.000820,0.018086,0.078520,0.125829,0.022457,0.002052,0.042734,0.073504,0.110992,0.003787,0.023188,0.009511,0.034162,0.011784,0.002010,0.019757,0.005227,0.011781,0.012375,0.011829,0.001271,0.001651,0.001055,0.002224,0.001167,0.366389,0.002058
202609120209,2026-09-12,02,09R,realtime,0.6985,0.006801,0.001558,0.001213,0.000313,0.000223,0.000502,0.008406,0.202241,0.088890,0.009643,0.002349,0.091784,0.122049,0.015493,0.003807,0.013498,0.013759,0.039551,0.001942,0.001720,0.013315,0.004190,0.020741,0.009537,0.006843,0.001541,0.002127,0.002637,0.002912,0.002486,0.301462,0.006467
202609120210,2026-09-12,02,10R,daily,0.5576,0.001411,0.000463,0.000787,0.000227,0.000148,0.000679,0.098257,0.095464,0.012067,0.018066,0.012888,0.019902,0.007285,0.026112,0.009105,0.154360,0.012583,0.002496,0.001515,0.000996,0.018479,0.036057,0.006435,0.001633,0.004608,0.001990,0.001378,0.002070,0.000757,0.001131,0.442422,0.008232
202609120210,2026-09-12,02,10R,realtime,0.4498,0.000525,0.000326,0.000544,0.000223,0.000113,0.000514,0.102283,0.051613,0.009299,0.009681,0.007816,0.018571,0.004822,0.022242,0.006577,0.142424,0.009932,0.001981,0.001114,0.000847,0.016042,0.025529,0.004536,0.001297,0.003094,0.001691,0.000997,0.001007,0.000601,0.001119,0.550225,0.002415
202609120211,2026-09-12,02,11R,daily,0.4613,0.003235,0.000816,0.000694,0.000226,0.000204,0.000974,0.017064,0.098986,0.029288,0.021503,0.008863,0.060810,0.011017,0.055219,0.010915,0.039633,0.015383,0.009526,0.006011,0.003410,0.025187,0.007648,0.010332,0.002808,0.007504,0.002895,0.002916,0.002192,0.001187,0.001571,0.538657,0.003325
202609120211,2026-09-12,02,11R,realtime,0.4170,0.002071,0.000425,0.000707,0.000268,0.000204,0.000728,0.017645,0.054599,0.040256,0.031205,0.004807,0.054483,0.007170,0.055244,0.013725,0.039682,0.014669,0.007714,0.005541,0.002850,0.025083,0.008869,0.007601,0.002158,0.007874,0.002944,0.002547,0.001583,0.000901,0.001578,0.583019,0.001850
202609120212,2026-09-12,02,12R,daily,0.4836,0.002953,0.000964,0.000580,0.000232,0.000223,0.000678,0.025029,0.048936,0.050416,0.038384,0.009323,0.016635,0.017941,0.104809,0.011505,0.055878,0.005331,0.010876,0.012373,0.003778,0.022440,0.008815,0.005582,0.003267,0.013818,0.002068,0.002338,0.001615,0.001715,0.001683,0.516373,0.003444
202609120212,2026-09-12,02,12R,realtime,0.4927,0.002692,0.000518,0.000440,0.000338,0.000205,0.000658,0.035091,0.024119,0.044799,0.065579,0.002398,0.015111,0.015990,0.123888,0.009760,0.060885,0.003633,0.006605,0.010533,0.002203,0.021071,0.008628,0.003222,0.002381,0.022093,0.002004,0.001583,0.001473,0.001288,0.001699,0.507277,0.001834
202609120501,2026-09-12,05,01R,daily,0.6610,0.003324,0.001008,0.000623,0.000280,0.000206,0.000362,0.128068,0.058308,0.038377,0.029836,0.009475,0.031276,0.014124,0.039137,0.007961,0.169783,0.018434,0.016858,0.004571,0.002594,0.020356,0.026897,0.012056,0.003901,0.009316,0.002338,0.001724,0.001307,0.001319,0.002419,0.338956,0.004807
202609120501,2026-09-12,05,01R,realtime,0.5785,0.001421,0.000998,0.000507,0.000321,0.000193,0.000336,0.086351,0.050324,0.040555,0.030980,0.006615,0.032871,0.013359,0.035073,0.007356,0.150258,0.011544,0.011979,0.004044,0.002480,0.021264,0.035768,0.010165,0.003729,0.008134,0.003192,0.001509,0.001292,0.001197,0.002108,0.421496,0.002582
202609120502,2026-09-12,05,02R,daily,0.6699,0.002223,0.001665,0.000385,0.000337,0.000229,0.000889,0.041288,0.058506,0.110390,0.030067,0.023804,0.033538,0.068482,0.067355,0.039814,0.046758,0.016084,0.034913,0.006512,0.007613,0.019033,0.008748,0.008684,0.017081,0.009166,0.008446,0.000845,0.001949,0.001845,0.002072,0.330126,0.001153
202609120502,2026-09-12,05,02R,realtime,0.8423,0.003351,0.007146,0.001070,0.000348,0.000330,0.000387,0.259512,0.047941,0.020249,0.060432,0.014967,0.013163,0.016454,0.068165,0.014356,0.162871,0.022065,0.021363,0.006818,0.004868,0.019859,0.023320,0.007115,0.003200,0.013023,0.001140,0.000790,0.001228,0.001151,0.005883,0.157725,0.019706
202609120503,2026-09-12,05,03R,daily,0.4232,0.001211,0.000818,0.000294,0.000212,0.000174,0.000451,0.011105,0.036680,0.077172,0.018586,0.007010,0.035840,0.044098,0.031074,0.009856,0.034059,0.009532,0.022564,0.003737,0.004476,0.029808,0.005239,0.009905,0.013046,0.006033,0.003563,0.001295,0.001244,0.001359,0.001671,0.576834,0.001056
202609120503,2026-09-12,05,03R,realtime,0.8615,0.011770,0.004626,0.001414,0.000486,0.000370,0.000855,0.071365,0.101391,0.038026,0.040696,0.198987,0.065138,0.043858,0.043383,0.065614,0.035947,0.022161,0.017131,0.004604,0.004926,0.014905,0.004796,0.021907,0.008430,0.009531,0.004750,0.001686,0.004766,0.003231,0.007513,0.138506,0.007231
202609120504,2026-09-12,05,04R,daily,0.7103,0.002328,0.001397,0.000675,0.000349,0.000202,0.000775,0.089840,0.060105,0.115988,0.009943,0.022113,0.038307,0.058153,0.019990,0.020376,0.110561,0.020934,0.047722,0.003200,0.006886,0.016563,0.017137,0.008566,0.013994,0.004853,0.008784,0.001474,0.001893,0.001710,0.002688,0.289715,0.002779
202609120504,2026-09-12,05,04R,realtime,0.7157,0.000962,0.000563,0.000433,0.000388,0.000220,0.000766,0.107073,0.044357,0.097103,0.003547,0.014002,0.036493,0.058847,0.011836,0.019217,0.146565,0.019668,0.067390,0.002178,0.005327,0.016249,0.019780,0.007857,0.013115,0.003891,0.009027,0.001213,0.001965,0.001627,0.001881,0.284319,0.002142
202609120505,2026-09-12,05,05R,daily,0.3459,0.001064,0.000423,0.000152,0.000097,0.000087,0.000306,0.015108,0.057709,0.031223,0.004505,0.001659,0.078215,0.025952,0.015684,0.002074,0.038098,0.015123,0.011262,0.001255,0.000411,0.020949,0.003873,0.007566,0.006045,0.001341,0.000350,0.001142,0.001414,0.001586,0.000527,0.654137,0.000661
202609120505,2026-09-12,05,05R,realtime,0.2894,0.000890,0.000112,0.000257,0.000103,0.000081,0.000216,0.007194,0.048949,0.018762,0.002880,0.001558,0.092139,0.021019,0.014122,0.002082,0.026491,0.008711,0.007248,0.000801,0.000422,0.017044,0.002134,0.006042,0.004742,0.000951,0.000304,0.000904,0.001385,0.001194,0.000366,0.710624,0.000272
202609120506,2026-09-12,05,06R,daily,0.4090,0.001759,0.000484,0.000402,0.000158,0.000162,0.000472,0.024076,0.058083,0.024931,0.027834,0.004411,0.067274,0.013394,0.036119,0.005750,0.041539,0.021373,0.010262,0.004306,0.001326,0.029916,0.004297,0.013286,0.002374,0.007217,0.001271,0.001195,0.001349,0.000882,0.001841,0.590990,0.001268
202609120506,2026-09-12,05,06R,realtime,0.4146,0.001239,0.000246,0.000559,0.000192,0.000176,0.000389,0.020558,0.046471,0.039728,0.020020,0.003207,0.074672,0.015265,0.047534,0.004655,0.038496,0.018627,0.008809,0.004703,0.001625,0.028990,0.005672,0.015108,0.002608,0.006995,0.001842,0.000891,0.001530,0.000836,0.001899,0.585436,0.001024
202609120507,2026-09-12,05,07R,daily,0.2087,0.000736,0.000334,0.000262,0.000120,0.000074,0.000230,0.010451,0.020029,0.015811,0.008234,0.009729,0.022681,0.007295,0.009927,0.010580,0.031309,0.004202,0.003527,0.001170,0.001977,0.031314,0.002929,0.004563,0.002382,0.002056,0.002888,0.000681,0.001073,0.000637,0.000719,0.791331,0.000750
202609120507,2026-09-12,05,07R,realtime,0.2523,0.000890,0.000162,0.000291,0.000142,0.000102,0.000283,0.009436,0.034729,0.011379,0.006991,0.007958,0.031119,0.008987,0.012646,0.008568,0.038872,0.005295,0.005695,0.001211,0.003109,0.041399,0.004213,0.006757,0.003026,0.001940,0.003307,0.000704,0.001058,0.000592,0.000473,0.747670,0.000996
202609120508,2026-09-12,05,08R,daily,0.2384,0.000615,0.000350,0.000189,0.000075,0.000069,0.000168,0.006842,0.037013,0.021714,0.004817,0.003783,0.052502,0.010325,0.006568,0.003266,0.025744,0.006011,0.005107,0.000958,0.000720,0.024991,0.003339,0.013703,0.003220,0.001596,0.000755,0.000865,0.000772,0.000861,0.000681,0.761624,0.000758
202609120508,2026-09-12,05,08R,realtime,0.3071,0.001131,0.000181,0.000300,0.000088,0.000100,0.000181,0.006789,0.043112,0.039906,0.002589,0.003524,0.063138,0.012136,0.006989,0.002665,0.028889,0.009135,0.005189,0.001283,0.000904,0.038782,0.007121,0.021213,0.003423,0.002128,0.000998,0.001189,0.001272,0.001293,0.000670,0.692907,0.000775
202609120509,2026-09-12,05,09R,daily,0.6499,0.002477,0.001820,0.000963,0.000279,0.000229,0.000465,0.070350,0.111514,0.018143,0.024638,0.029768,0.077182,0.008616,0.023374,0.033934,0.097014,0.032395,0.008413,0.006113,0.013121,0.022584,0.010212,0.018656,0.003057,0.007056,0.014567,0.001265,0.001142,0.001422,0.003245,0.350133,0.005854
202609120509,2026-09-12,05,09R,realtime,0.7042,0.000949,0.000671,0.000540,0.000258,0.000229,0.000480,0.094905,0.081810,0.011272,0.012930,0.100246,0.065125,0.005700,0.011920,0.050758,0.124441,0.029667,0.005154,0.004831,0.010280,0.027010,0.011129,0.025397,0.002541,0.005301,0.012365,0.001143,0.001040,0.001579,0.002144,0.295828,0.002358
202609120510,2026-09-12,05,10R,daily,0.4220,0.001911,0.000636,0.000336,0.000159,0.000143,0.000402,0.018022,0.055219,0.045484,0.006313,0.003612,0.060915,0.017255,0.026206,0.008248,0.076993,0.016059,0.022895,0.001909,0.001690,0.023452,0.007749,0.006016,0.007419,0.001597,0.001551,0.001709,0.002267,0.001290,0.001105,0.578013,0.003423
202609120510,2026-09-12,05,10R,realtime,0.4090,0.000936,0.000310,0.000350,0.000207,0.000167,0.000497,0.014785,0.045899,0.035556,0.008032,0.033234,0.069674,0.018037,0.019325,0.018887,0.057214,0.009984,0.012065,0.002103,0.001281,0.022262,0.005540,0.005719,0.010935,0.001038,0.002253,0.003979,0.005437,0.001420,0.000979,0.590983,0.000913
202609120511,2026-09-12,05,11R,daily,0.5036,0.002678,0.000552,0.000473,0.000291,0.000184,0.000961,0.045941,0.046270,0.084831,0.013096,0.014607,0.034984,0.030403,0.034402,0.016171,0.067131,0.016122,0.016478,0.005366,0.003435,0.022299,0.013916,0.008039,0.007459,0.003949,0.003254,0.001773,0.002299,0.001506,0.001769,0.496400,0.002961
202609120511,2026-09-12,05,11R,realtime,0.4081,0.001160,0.000239,0.000337,0.000223,0.000181,0.000718,0.027135,0.035826,0.075166,0.007544,0.005211,0.037985,0.023844,0.027199,0.012169,0.059650,0.012895,0.013118,0.004406,0.003159,0.022822,0.012344,0.007043,0.005385,0.003892,0.002192,0.001449,0.001479,0.001042,0.001213,0.591896,0.001080
202609120512,2026-09-12,05,12R,daily,0.3736,0.001486,0.000662,0.000458,0.000185,0.000124,0.000370,0.020646,0.055052,0.024189,0.012029,0.020105,0.055886,0.011259,0.017304,0.016300,0.042406,0.017198,0.006198,0.002053,0.002818,0.031413,0.007658,0.011756,0.001809,0.002703,0.003253,0.001083,0.001968,0.001077,0.001679,0.626420,0.002454
202609120512,2026-09-12,05,12R,realtime,0.4314,0.001800,0.000302,0.000388,0.000220,0.000164,0.000474,0.028257,0.076431,0.026831,0.004029,0.015151,0.071202,0.015299,0.016006,0.017620,0.050825,0.017398,0.010829,0.001981,0.004813,0.034801,0.006660,0.015790,0.002740,0.002395,0.003318,0.000836,0.001335,0.001001,0.001327,0.568609,0.001167
202609120601,2026-09-12,06,01R,daily,0.6162,0.003999,0.002281,0.000646,0.000336,0.000213,0.000619,0.096745,0.036415,0.060555,0.012306,0.006646,0.028424,0.039718,0.055723,0.011269,0.118683,0.012301,0.019669,0.008295,0.000700,0.021169,0.030691,0.011753,0.010790,0.009865,0.001425,0.002110,0.001316,0.004733,0.001474,0.383800,0.005331
202609120601,2026-09-12,06,01R,realtime,0.6019,0.002345,0.001311,0.000449,0.000405,0.000193,0.000483,0.121278,0.025034,0.039241,0.009031,0.003229,0.030387,0.030148,0.063118,0.015770,0.130776,0.009812,0.016477,0.006942,0.000615,0.025086,0.026644,0.009422,0.009153,0.011349,0.001674,0.001938,0.001401,0.004548,0.001369,0.398101,0.002271
202609120602,2026-09-12,06,02R,daily,0.6661,0.005213,0.002977,0.001405,0.000542,0.000295,0.001178,0.042045,0.077557,0.051046,0.012844,0.013967,0.120095,0.034521,0.034834,0.036919,0.049852,0.033293,0.026172,0.008498,0.005708,0.022608,0.008565,0.025039,0.011198,0.008997,0.013925,0.002221,0.002732,0.002595,0.002453,0.333886,0.006823
202609120602,2026-09-12,06,02R,realtime,0.6103,0.002456,0.000728,0.001122,0.000582,0.000278,0.000916,0.042362,0.042022,0.068367,0.009964,0.005338,0.109345,0.030499,0.037336,0.039438,0.054866,0.026871,0.018689,0.006004,0.004436,0.026367,0.013453,0.020341,0.009652,0.009923,0.017061,0.002265,0.002466,0.002716,0.001488,0.389692,0.002957
202609120603,2026-09-12,06,03R,daily,0.6986,0.004486,0.003908,0.001424,0.000505,0.000263,0.000961,0.030106,0.097620,0.042703,0.011143,0.016876,0.138782,0.043180,0.046321,0.039112,0.049107,0.029367,0.023354,0.008110,0.008528,0.018419,0.009027,0.023016,0.008959,0.009523,0.016849,0.001937,0.002731,0.002621,0.002272,0.301444,0.007345
202609120603,2026-09-12,06,03R,realtime,0.7284,0.005897,0.002183,0.001749,0.000446,0.000366,0.000458,0.022152,0.116054,0.026457,0.024394,0.002190,0.140434,0.038446,0.126805,0.014521,0.028955,0.022701,0.019267,0.021566,0.003442,0.025055,0.004515,0.024198,0.010412,0.025965,0.003605,0.002250,0.002933,0.002650,0.002947,0.271586,0.005397
202609120604,2026-09-12,06,04R,daily,0.2791,0.002386,0.000992,0.000480,0.000206,0.000129,0.000399,0.013496,0.021404,0.016977,0.009447,0.004113,0.040311,0.011472,0.027953,0.010220,0.037079,0.007118,0.006730,0.003633,0.001010,0.037532,0.004417,0.004958,0.002466,0.004574,0.001773,0.001327,0.001255,0.001889,0.000907,0.720926,0.002420
202609120604,2026-09-12,06,04R,realtime,0.3499,0.013913,0.006096,0.001375,0.000448,0.000208,0.000549,0.019409,0.014884,0.020778,0.011256,0.018430,0.031581,0.022249,0.022961,0.032454,0.032814,0.006445,0.004312,0.004535,0.002638,0.037939,0.004698,0.005930,0.005344,0.003931,0.004247,0.002401,0.003925,0.003984,0.001304,0.650142,0.008819
202609120605,2026-09-12,06,05R,daily,0.4674,0.003462,0.001716,0.000498,0.000273,0.000180,0.000657,0.010429,0.036428,0.048644,0.011955,0.005307,0.062317,0.048624,0.106904,0.009538,0.017763,0.012762,0.014685,0.008835,0.001785,0.025164,0.003099,0.008082,0.008833,0.009066,0.002618,0.001750,0.001327,0.002345,0.000834,0.532583,0.001539
202609120605,2026-09-12,06,05R,realtime,0.4146,0.008611,0.000830,0.000707,0.000293,0.000221,0.000562,0.005978,0.023794,0.034532,0.006666,0.004536,0.067603,0.046297,0.082129,0.012981,0.017699,0.012888,0.015416,0.005387,0.001364,0.028785,0.001634,0.007707,0.011419,0.004761,0.002176,0.001781,0.002666,0.002685,0.001125,0.585447,0.001322
202609120606,2026-09-12,06,06R,daily,0.8308,0.003815,0.003676,0.001222,0.000409,0.000210,0.000973,0.030671,0.134170,0.048420,0.011084,0.011460,0.180204,0.055671,0.040307,0.041010,0.023653,0.063316,0.045958,0.007195,0.006243,0.015990,0.005445,0.044723,0.005609,0.005915,0.023921,0.001520,0.003493,0.003453,0.006415,0.169241,0.004608
202609120606,2026-09-12,06,06R,realtime,0.8323,0.004969,0.001173,0.001541,0.000341,0.000284,0.000341,0.019900,0.179818,0.041896,0.025325,0.001227,0.177730,0.074447,0.077058,0.005138,0.013728,0.040629,0.033007,0.016679,0.000656,0.016547,0.004840,0.043422,0.008680,0.024448,0.001397,0.001653,0.002037,0.003239,0.004379,0.167706,0.005765
202609120607,2026-09-12,06,07R,daily,0.7921,0.004745,0.002535,0.001619,0.000637,0.000287,0.000983,0.197715,0.052391,0.066082,0.008976,0.014206,0.035497,0.045914,0.031461,0.033717,0.109665,0.023696,0.019362,0.012550,0.005260,0.019627,0.022933,0.015278,0.026821,0.006492,0.012231,0.003309,0.003120,0.002909,0.002438,0.207883,0.009663
202609120607,2026-09-12,06,07R,realtime,0.8609,0.007980,0.010745,0.001992,0.000777,0.000411,0.000649,0.231154,0.042717,0.043505,0.028974,0.020746,0.033375,0.028634,0.097976,0.057839,0.081573,0.028284,0.013733,0.020862,0.005078,0.014644,0.011864,0.009006,0.011647,0.014066,0.008324,0.003374,0.003540,0.002139,0.005085,0.139141,0.020165
202609120608,2026-09-12,06,08R,daily,0.4374,0.002598,0.001542,0.000504,0.000305,0.000165,0.000545,0.013970,0.028424,0.098764,0.005549,0.003302,0.034093,0.053487,0.029245,0.006842,0.027400,0.009041,0.036058,0.004761,0.001450,0.025386,0.004715,0.009257,0.022759,0.004113,0.002550,0.001826,0.001590,0.003269,0.001211,0.562638,0.002641
202609120608,2026-09-12,06,08R,realtime,0.4006,0.001691,0.000547,0.000416,0.000334,0.000164,0.000343,0.011546,0.022180,0.117141,0.001607,0.002528,0.033306,0.062887,0.016148,0.006313,0.018611,0.006024,0.025546,0.004144,0.001441,0.024318,0.004246,0.006785,0.019535,0.003411,0.002117,0.001449,0.000985,0.002534,0.000986,0.599400,0.001317
202609120609,2026-09-12,06,09R,daily,0.6451,0.005591,0.002866,0.001163,0.000330,0.000243,0.000729,0.036311,0.082279,0.034179,0.014056,0.004448,0.156193,0.027498,0.050300,0.018214,0.029000,0.032726,0.019775,0.017766,0.004998,0.033914,0.005052,0.026443,0.011494,0.008801,0.006022,0.001862,0.003164,0.003751,0.001676,0.354891,0.004262
202609120609,2026-09-12,06,09R,realtime,0.5993,0.003753,0.000760,0.001160,0.000355,0.000211,0.000621,0.035814,0.080905,0.026299,0.010721,0.002079,0.175204,0.017766,0.049996,0.017150,0.025288,0.029727,0.010249,0.012382,0.003605,0.030703,0.005867,0.021110,0.010799,0.007310,0.009172,0.002038,0.002126,0.002860,0.000914,0.400700,0.002357
202609120610,2026-09-12,06,10R,daily,0.5097,0.004798,0.001943,0.000922,0.000353,0.000213,0.000764,0.065840,0.034247,0.026655,0.007202,0.006616,0.031282,0.015572,0.032179,0.021392,0.134992,0.014587,0.014101,0.004586,0.001492,0.025728,0.022996,0.006648,0.005284,0.004066,0.003552,0.002411,0.002163,0.002674,0.001835,0.490325,0.012581
202609120610,2026-09-12,06,10R,realtime,0.4328,0.002442,0.001740,0.000628,0.000464,0.000190,0.000725,0.053348,0.031551,0.012673,0.007057,0.011400,0.031911,0.011020,0.033124,0.033694,0.100739,0.013604,0.009148,0.003434,0.001272,0.022708,0.014153,0.005038,0.005306,0.003426,0.005423,0.002734,0.001684,0.002471,0.001490,0.567160,0.008243
202609120611,2026-09-12,06,11R,daily,0.4630,0.002610,0.001461,0.000797,0.000277,0.000154,0.000752,0.011902,0.067282,0.033357,0.004049,0.004721,0.127284,0.030617,0.013898,0.010248,0.027705,0.025588,0.019004,0.002864,0.001639,0.026997,0.004866,0.017509,0.007143,0.002710,0.004009,0.002005,0.003330,0.002493,0.001675,0.537033,0.004020
202609120611,2026-09-12,06,11R,realtime,0.3820,0.001856,0.000321,0.000698,0.000264,0.000140,0.000527,0.008911,0.039236,0.034143,0.001367,0.001700,0.118418,0.027784,0.010879,0.009950,0.022303,0.020817,0.014104,0.001986,0.001276,0.027952,0.004516,0.013727,0.005521,0.002080,0.003681,0.001310,0.002206,0.002043,0.000917,0.617959,0.001409
202609120612,2026-09-12,06,12R,daily,0.3010,0.001960,0.001098,0.000555,0.000279,0.000142,0.000519,0.011846,0.017228,0.040593,0.007134,0.008438,0.017747,0.030121,0.031979,0.013536,0.035865,0.004542,0.007275,0.005279,0.001599,0.029070,0.007293,0.003732,0.006939,0.002957,0.002833,0.002032,0.001493,0.002361,0.001385,0.698959,0.003210
202609120612,2026-09-12,06,12R,realtime,0.2230,0.001739,0.000382,0.000298,0.000268,0.000123,0.000327,0.007646,0.011140,0.022367,0.005327,0.004720,0.017155,0.017286,0.023323,0.011697,0.029519,0.003688,0.004333,0.002895,0.000947,0.032884,0.005523,0.002382,0.004619,0.003073,0.002337,0.001756,0.000888,0.001973,0.001187,0.776977,0.001223
202609120801,2026-09-12,08,01R,daily,0.2507,0.001392,0.000575,0.000219,0.000140,0.000090,0.000295,0.013982,0.019279,0.040551,0.011741,0.008241,0.012907,0.013445,0.025146,0.008969,0.038618,0.003816,0.003963,0.002435,0.001295,0.023991,0.006423,0.003470,0.001855,0.003077,0.000633,0.000750,0.000576,0.001213,0.000575,0.749347,0.000992
202609120801,2026-09-12,08,01R,realtime,0.2210,0.001420,0.000199,0.000147,0.000127,0.000080,0.000184,0.011408,0.010649,0.041391,0.005643,0.004828,0.010519,0.009585,0.028746,0.009243,0.039057,0.002561,0.002438,0.002241,0.001134,0.023220,0.005775,0.002565,0.001453,0.002538,0.000557,0.000574,0.000671,0.001054,0.000413,0.778967,0.000614
202609120802,2026-09-12,08,02R,daily,0.5583,0.003275,0.001201,0.000886,0.000246,0.000187,0.000432,0.073535,0.078678,0.025853,0.020736,0.011968,0.056254,0.009747,0.034696,0.014173,0.101862,0.027201,0.008491,0.004479,0.003024,0.024255,0.016785,0.018171,0.002073,0.005047,0.001819,0.001348,0.001326,0.001246,0.001916,0.441725,0.007365
202609120802,2026-09-12,08,02R,realtime,0.4530,0.001298,0.000671,0.000682,0.000211,0.000151,0.000369,0.053473,0.042457,0.016597,0.015609,0.004638,0.045161,0.005066,0.028246,0.010584,0.126919,0.015175,0.004488,0.002563,0.002748,0.026075,0.019043,0.015534,0.000944,0.004917,0.001357,0.000754,0.001198,0.000937,0.001267,0.546992,0.003873
202609120803,2026-09-12,08,03R,daily,0.5851,0.002903,0.001105,0.000441,0.000205,0.000197,0.000321,0.013404,0.038974,0.025408,0.103207,0.009086,0.020427,0.008613,0.203775,0.018988,0.030238,0.007145,0.004961,0.018440,0.005603,0.029224,0.004508,0.008756,0.002034,0.019296,0.002098,0.000923,0.000439,0.001052,0.001345,0.414857,0.002028
202609120803,2026-09-12,08,03R,realtime,0.7222,0.011557,0.001472,0.000374,0.000276,0.000256,0.000302,0.013520,0.023702,0.280167,0.006514,0.005823,0.016858,0.171287,0.029881,0.003425,0.018370,0.005032,0.061107,0.004626,0.001924,0.017394,0.002771,0.004992,0.024971,0.005915,0.000562,0.001023,0.001039,0.002373,0.002555,0.277772,0.002163
202609120804,2026-09-12,08,04R,daily,0.5481,0.002809,0.000771,0.000380,0.000236,0.000191,0.000318,0.050298,0.029589,0.072083,0.045929,0.002738,0.014921,0.022603,0.111191,0.003893,0.082188,0.011035,0.018598,0.008672,0.000902,0.025032,0.010642,0.007939,0.006865,0.008744,0.000500,0.001289,0.000611,0.001610,0.001262,0.451944,0.004219
202609120804,2026-09-12,08,04R,realtime,0.5093,0.001708,0.000470,0.000222,0.000221,0.000187,0.000215,0.039415,0.024238,0.066942,0.037458,0.000787,0.014084,0.019267,0.117407,0.002593,0.079256,0.006256,0.016684,0.009015,0.000805,0.027896,0.010739,0.006354,0.005490,0.014658,0.000360,0.000850,0.000609,0.000974,0.001361,0.490677,0.002800
202609120805,2026-09-12,08,05R,daily,0.8208,0.003419,0.001892,0.001173,0.000481,0.000299,0.001133,0.094259,0.089880,0.122052,0.015307,0.012110,0.079667,0.073941,0.034021,0.024969,0.061757,0.042531,0.045065,0.005322,0.007247,0.013725,0.009837,0.034583,0.015368,0.008813,0.006987,0.001799,0.002183,0.001549,0.003916,0.179154,0.005557
202609120805,2026-09-12,08,05R,realtime,0.8134,0.000895,0.000465,0.000877,0.000471,0.000346,0.001165,0.124081,0.072305,0.125063,0.011042,0.008003,0.073067,0.065211,0.028543,0.033939,0.063129,0.043051,0.046198,0.005764,0.008017,0.016110,0.019668,0.022955,0.016087,0.007017,0.010640,0.001420,0.001521,0.001376,0.002347,0.186602,0.002623
202609120806,2026-09-12,08,06R,daily,0.3413,0.001137,0.000628,0.000179,0.000124,0.000142,0.000286,0.007703,0.034980,0.036001,0.023472,0.001819,0.033134,0.025938,0.065235,0.003099,0.026331,0.009747,0.013943,0.003191,0.000648,0.030229,0.003371,0.005384,0.003866,0.005624,0.000299,0.000776,0.000446,0.001124,0.000688,0.658747,0.001710
202609120806,2026-09-12,08,06R,realtime,0.3073,0.001648,0.000160,0.000103,0.000122,0.000131,0.000178,0.007797,0.032577,0.019712,0.012297,0.002168,0.036649,0.015775,0.082538,0.002879,0.020707,0.008917,0.009779,0.003351,0.000392,0.030497,0.002217,0.003694,0.003332,0.005324,0.000402,0.000619,0.000483,0.001096,0.000866,0.692726,0.000865
202609120807,2026-09-12,08,07R,daily,0.3377,0.001987,0.001586,0.000499,0.000232,0.000141,0.000434,0.020009,0.038520,0.037410,0.009577,0.018880,0.030495,0.016029,0.013712,0.022378,0.035569,0.012021,0.008997,0.001769,0.003235,0.025970,0.003843,0.015535,0.003845,0.003849,0.003575,0.001021,0.001413,0.001569,0.001679,0.662313,0.001907
202609120807,2026-09-12,08,07R,realtime,0.3116,0.001472,0.000423,0.000386,0.000228,0.000140,0.000365,0.020518,0.031063,0.024461,0.005584,0.011806,0.031683,0.013571,0.014988,0.020744,0.045930,0.010228,0.008515,0.001145,0.003488,0.028623,0.002693,0.017558,0.003693,0.003734,0.003320,0.000674,0.000980,0.001362,0.001048,0.688437,0.001140
202609120808,2026-09-12,08,08R,daily,0.9140,0.004412,0.001306,0.001231,0.000395,0.000335,0.000639,0.217460,0.088847,0.045433,0.064672,0.009810,0.028023,0.019271,0.117484,0.021313,0.093614,0.047788,0.020593,0.016831,0.004177,0.011554,0.023478,0.025880,0.005125,0.022938,0.003102,0.001121,0.000935,0.001141,0.003985,0.085998,0.011111
202609120808,2026-09-12,08,08R,realtime,0.9136,0.000714,0.000624,0.000692,0.000371,0.000279,0.000572,0.283456,0.105742,0.024353,0.041922,0.005846,0.033001,0.014403,0.117603,0.017270,0.099179,0.036756,0.014187,0.014539,0.003722,0.012510,0.022187,0.021175,0.004355,0.024611,0.003791,0.000745,0.000682,0.000916,0.003723,0.086382,0.003693
202609120809,2026-09-12,08,09R,daily,0.6328,0.002773,0.001046,0.000576,0.000176,0.000139,0.000283,0.057771,0.133254,0.028203,0.004461,0.002736,0.132114,0.013679,0.009831,0.003111,0.068319,0.065074,0.019288,0.000974,0.000663,0.022711,0.010465,0.035779,0.003618,0.001996,0.000574,0.001504,0.001632,0.001320,0.001155,0.367197,0.007576
202609120809,2026-09-12,08,09R,realtime,0.6219,0.001348,0.000618,0.000617,0.000179,0.000112,0.000222,0.046576,0.147276,0.016769,0.002404,0.002695,0.166453,0.009534,0.007651,0.002859,0.055016,0.071259,0.011683,0.000727,0.000414,0.020595,0.009554,0.034075,0.002874,0.001447,0.000957,0.001489,0.001561,0.001397,0.000865,0.378108,0.002666
202609120810,2026-09-12,08,10R,daily,0.1401,0.000548,0.000245,0.000099,0.000062,0.000053,0.000122,0.004301,0.009425,0.012562,0.010823,0.001560,0.007982,0.006229,0.021257,0.001642,0.022097,0.002176,0.002930,0.001193,0.000289,0.024463,0.002704,0.001682,0.000766,0.001920,0.000140,0.000421,0.000293,0.000730,0.000401,0.859852,0.001033
202609120810,2026-09-12,08,10R,realtime,0.1317,0.001397,0.000172,0.000055,0.000069,0.000054,0.000094,0.004492,0.007997,0.012517,0.009431,0.001412,0.007031,0.004516,0.020570,0.002171,0.020507,0.001880,0.001818,0.001757,0.000200,0.023271,0.002280,0.001326,0.000714,0.002431,0.000200,0.000421,0.000376,0.000706,0.000406,0.868308,0.001421
202609120811,2026-09-12,08,11R,daily,0.2339,0.000976,0.000643,0.000218,0.000124,0.000076,0.000264,0.004874,0.020169,0.040702,0.006208,0.004160,0.022076,0.027166,0.019416,0.006637,0.016990,0.003544,0.010841,0.001288,0.001901,0.027422,0.001783,0.004836,0.003526,0.002353,0.001330,0.000593,0.000966,0.001007,0.000784,0.766080,0.001049
202609120811,2026-09-12,08,11R,realtime,0.2288,0.002071,0.000166,0.000163,0.000124,0.000094,0.000235,0.002875,0.031235,0.042724,0.002662,0.003842,0.027112,0.022027,0.012302,0.005833,0.014620,0.003470,0.011943,0.001180,0.001648,0.024813,0.001579,0.004838,0.003689,0.001668,0.001882,0.000511,0.000526,0.001015,0.000750,0.771247,0.001157
202609120812,2026-09-12,08,12R,daily,0.3001,0.001149,0.000696,0.000389,0.000168,0.000130,0.000523,0.009867,0.033394,0.038185,0.007007,0.004385,0.030079,0.025832,0.022936,0.008526,0.044676,0.010805,0.011681,0.002134,0.002336,0.014904,0.002735,0.009410,0.005419,0.003379,0.001211,0.001326,0.001505,0.001164,0.001277,0.699877,0.002897
202609120812,2026-09-12,08,12R,realtime,0.2380,0.000834,0.000187,0.000312,0.000152,0.000116,0.000337,0.006732,0.031535,0.027688,0.003424,0.002681,0.025870,0.024210,0.019749,0.005378,0.035014,0.004995,0.009046,0.001269,0.002014,0.014695,0.002331,0.006521,0.004656,0.001820,0.001205,0.000716,0.001035,0.000947,0.000845,0.762014,0.001672
202609120901,2026-09-12,09,01R,daily,0.3146,0.002290,0.000636,0.000243,0.000180,0.000118,0.000357,0.017367,0.014550,0.038009,0.007677,0.007978,0.021761,0.015994,0.022609,0.011771,0.073812,0.004901,0.014455,0.003181,0.002211,0.027624,0.006675,0.004783,0.003383,0.003165,0.002121,0.001515,0.001268,0.001906,0.000877,0.685358,0.001225
202609120901,2026-09-12,09,01R,realtime,0.2869,0.002053,0.000425,0.000168,0.000161,0.000139,0.000344,0.013697,0.011210,0.038636,0.004852,0.003456,0.021107,0.014798,0.015332,0.010714,0.074056,0.003009,0.013809,0.002219,0.002456,0.027429,0.006782,0.005284,0.003439,0.003339,0.001877,0.001947,0.001173,0.001475,0.000578,0.713089,0.000949
202609120902,2026-09-12,09,02R,daily,0.4398,0.003087,0.000799,0.000438,0.000227,0.000169,0.000333,0.028795,0.034572,0.043492,0.013654,0.004704,0.045379,0.026466,0.030498,0.007669,0.086704,0.012845,0.019063,0.005688,0.001724,0.028036,0.012598,0.011256,0.005111,0.005721,0.001958,0.002611,0.001602,0.002075,0.001078,0.560195,0.001454
202609120902,2026-09-12,09,02R,realtime,0.4488,0.002446,0.000434,0.000432,0.000235,0.000197,0.000344,0.040384,0.025752,0.024906,0.007206,0.004460,0.049238,0.016920,0.025022,0.008217,0.124363,0.015544,0.021523,0.004184,0.002059,0.029679,0.014971,0.010585,0.004933,0.005024,0.002242,0.002112,0.001714,0.001707,0.000877,0.551202,0.001087
202609120903,2026-09-12,09,03R,daily,0.7231,0.004984,0.001705,0.001084,0.000339,0.000201,0.000720,0.111891,0.066103,0.021599,0.008713,0.013577,0.071555,0.014468,0.023734,0.024950,0.194189,0.035048,0.019708,0.004701,0.005264,0.016955,0.031631,0.016567,0.002269,0.005272,0.008077,0.003266,0.002395,0.001938,0.002564,0.276873,0.007660
202609120903,2026-09-12,09,03R,realtime,0.6710,0.001603,0.001003,0.000661,0.000274,0.000203,0.000618,0.093475,0.050392,0.017371,0.004142,0.008938,0.068288,0.011790,0.017734,0.027684,0.212982,0.025923,0.015750,0.003806,0.006988,0.018535,0.039576,0.019189,0.001742,0.003246,0.007867,0.002366,0.001679,0.001703,0.001287,0.328971,0.004215
202609120904,2026-09-12,09,04R,daily,0.7080,0.003696,0.000846,0.000563,0.000296,0.000236,0.000459,0.121052,0.035339,0.080764,0.013202,0.006879,0.025034,0.032636,0.050669,0.006621,0.184859,0.015815,0.029684,0.008890,0.003379,0.014513,0.034911,0.009450,0.007454,0.006911,0.001798,0.002570,0.001204,0.001341,0.001401,0.291991,0.005538
202609120904,2026-09-12,09,04R,realtime,0.6368,0.001354,0.000789,0.000260,0.000245,0.000224,0.000347,0.101919,0.025334,0.080699,0.006673,0.003521,0.018726,0.030918,0.040153,0.003889,0.195935,0.007285,0.031605,0.006324,0.003094,0.014889,0.033642,0.007348,0.006533,0.005626,0.001528,0.001641,0.001144,0.001051,0.001161,0.363211,0.002929
202609120905,2026-09-12,09,05R,daily,0.3612,0.001610,0.000559,0.000330,0.000193,0.000139,0.000376,0.019210,0.021059,0.056740,0.008491,0.006821,0.030750,0.037071,0.018183,0.009048,0.051237,0.007410,0.018785,0.004904,0.002529,0.027550,0.009100,0.008831,0.008144,0.003409,0.002398,0.001877,0.001398,0.001222,0.000906,0.638821,0.000898
202609120905,2026-09-12,09,05R,realtime,0.3216,0.001274,0.000247,0.000219,0.000159,0.000137,0.000223,0.016302,0.023874,0.048125,0.001789,0.005691,0.030387,0.037564,0.013692,0.005415,0.042080,0.005647,0.021964,0.002824,0.003056,0.029274,0.007857,0.007837,0.007778,0.001917,0.001857,0.001123,0.000850,0.001016,0.000695,0.678385,0.000742
202609120906,2026-09-12,09,06R,daily,0.4823,0.002469,0.001247,0.000507,0.000224,0.000132,0.000592,0.025157,0.044770,0.044846,0.002412,0.012177,0.069532,0.031203,0.006382,0.015571,0.100781,0.022810,0.025212,0.001804,0.005039,0.019087,0.011244,0.014261,0.004708,0.001518,0.006814,0.002475,0.002687,0.002246,0.001609,0.517686,0.002796
202609120906,2026-09-12,09,06R,realtime,0.4770,0.001836,0.000631,0.000350,0.000210,0.000141,0.000537,0.028302,0.050379,0.025881,0.000608,0.009977,0.076794,0.028851,0.004289,0.017101,0.105403,0.023663,0.024670,0.001039,0.004863,0.021753,0.012502,0.014649,0.003859,0.000768,0.008143,0.001997,0.001859,0.003102,0.000843,0.523003,0.001997
202609120907,2026-09-12,09,07R,daily,0.6910,0.004569,0.001410,0.001065,0.000281,0.000241,0.000662,0.046652,0.119250,0.014687,0.015559,0.015189,0.163276,0.011439,0.037771,0.019839,0.081464,0.049505,0.016031,0.006019,0.006758,0.015830,0.015116,0.018242,0.002279,0.006561,0.005764,0.002227,0.002077,0.001558,0.001982,0.308997,0.007703
202609120907,2026-09-12,09,07R,realtime,0.7199,0.002178,0.000593,0.000474,0.000243,0.000254,0.000603,0.045939,0.148189,0.010887,0.016629,0.007521,0.158621,0.007489,0.041725,0.022316,0.091903,0.050010,0.016529,0.006342,0.005750,0.015240,0.014830,0.027708,0.001947,0.010334,0.005397,0.001720,0.001674,0.001433,0.001535,0.280067,0.003920
202609120908,2026-09-12,09,08R,daily,0.6933,0.003568,0.001267,0.000601,0.000333,0.000251,0.000628,0.054835,0.055986,0.092718,0.009123,0.005228,0.036735,0.064175,0.036430,0.012552,0.142769,0.020031,0.048807,0.005668,0.002699,0.017025,0.036683,0.011111,0.010316,0.005893,0.003082,0.003412,0.002279,0.002441,0.001995,0.306719,0.004644
202609120908,2026-09-12,09,08R,realtime,0.6322,0.001265,0.000465,0.000338,0.000253,0.000298,0.000528,0.041641,0.064292,0.053853,0.002858,0.003614,0.037498,0.061773,0.027255,0.009630,0.158839,0.016098,0.050712,0.003826,0.003184,0.020597,0.033347,0.012531,0.010173,0.003987,0.002572,0.003103,0.002258,0.001951,0.001183,0.367762,0.002316
202609120909,2026-09-12,09,09R,daily,0.4947,0.003911,0.000790,0.000535,0.000265,0.000190,0.000559,0.045993,0.040273,0.036387,0.012797,0.008311,0.033247,0.017840,0.031004,0.009825,0.129010,0.012734,0.011870,0.006720,0.001665,0.026546,0.028560,0.012304,0.003076,0.005007,0.002115,0.003632,0.001442,0.002120,0.001912,0.505265,0.004094
202609120909,2026-09-12,09,09R,realtime,0.5081,0.002580,0.000523,0.000300,0.000203,0.000217,0.000566,0.037962,0.031220,0.037389,0.009949,0.005008,0.025821,0.011456,0.032929,0.008988,0.164327,0.015008,0.010475,0.006312,0.001643,0.035357,0.037392,0.010546,0.002458,0.006016,0.002150,0.002968,0.001469,0.002191,0.001325,0.491940,0.003310
202609120910,2026-09-12,09,10R,daily,0.4689,0.002474,0.000990,0.000665,0.000236,0.000172,0.000445,0.017964,0.070388,0.025944,0.013796,0.015036,0.087140,0.019880,0.042395,0.015700,0.044488,0.020470,0.012437,0.007409,0.005113,0.021672,0.007327,0.014614,0.003137,0.006211,0.004477,0.001658,0.001708,0.001233,0.000994,0.531128,0.002699
202609120910,2026-09-12,09,10R,realtime,0.4939,0.003674,0.000303,0.000394,0.000206,0.000223,0.000431,0.017803,0.065447,0.032695,0.013760,0.014358,0.082691,0.014606,0.056304,0.017674,0.047037,0.022992,0.010727,0.010399,0.004788,0.026166,0.009803,0.015700,0.002808,0.009035,0.005935,0.001405,0.001626,0.001933,0.001163,0.506054,0.001860
202609120911,2026-09-12,09,11R,daily,0.3256,0.002356,0.000525,0.000297,0.000199,0.000123,0.000639,0.016806,0.013411,0.037499,0.005739,0.006011,0.017811,0.029726,0.027665,0.010226,0.078886,0.003668,0.012403,0.003401,0.001727,0.020268,0.013284,0.003043,0.005270,0.003226,0.001766,0.002193,0.002027,0.002661,0.001043,0.674381,0.001720
202609120911,2026-09-12,09,11R,realtime,0.3762,0.002205,0.000387,0.000211,0.000196,0.000186,0.000729,0.015755,0.026105,0.050602,0.002613,0.008788,0.022531,0.030579,0.027107,0.012146,0.086189,0.004686,0.014005,0.004839,0.002473,0.022203,0.014599,0.003999,0.007637,0.002836,0.002384,0.002810,0.001823,0.003146,0.000985,0.623781,0.001467
202609120912,2026-09-12,09,12R,daily,0.3513,0.002313,0.000493,0.000396,0.000175,0.000144,0.000595,0.012429,0.032875,0.042086,0.005319,0.003775,0.050077,0.021779,0.020739,0.007238,0.055745,0.010605,0.019418,0.003996,0.002331,0.024077,0.008333,0.007315,0.004046,0.002791,0.001660,0.002943,0.002292,0.001520,0.001110,0.648699,0.002686
202609120912,2026-09-12,09,12R,realtime,0.4137,0.002067,0.000215,0.000297,0.000162,0.000207,0.000611,0.013808,0.043133,0.038814,0.005198,0.002601,0.057227,0.020223,0.033266,0.007975,0.072381,0.014947,0.024857,0.005214,0.002904,0.030032,0.010641,0.007867,0.004909,0.003517,0.001696,0.002399,0.002441,0.001502,0.000797,0.586257,0.001837
202609121001,2026-09-12,10,01R,daily,0.2473,0.001655,0.000719,0.000167,0.000132,0.000096,0.000255,0.004339,0.023878,0.019492,0.005375,0.002205,0.034625,0.020662,0.015905,0.002700,0.041597,0.005562,0.010660,0.002288,0.001547,0.031160,0.002490,0.006227,0.003386,0.003456,0.000858,0.001284,0.000772,0.001809,0.000577,0.752702,0.001423
202609121001,2026-09-12,10,01R,realtime,0.1609,0.001416,0.000228,0.000138,0.000100,0.000067,0.000149,0.002890,0.014328,0.006267,0.003127,0.001106,0.027753,0.008490,0.016516,0.001468,0.029876,0.003550,0.005075,0.001382,0.000809,0.023608,0.001430,0.003476,0.002003,0.001863,0.000542,0.000591,0.000385,0.001091,0.000498,0.839104,0.000676
202609121002,2026-09-12,10,02R,daily,0.6112,0.003267,0.000766,0.000459,0.000231,0.000177,0.000391,0.077009,0.018162,0.022541,0.015317,0.004292,0.012372,0.016000,0.033259,0.004967,0.293748,0.007377,0.010240,0.009377,0.002401,0.026103,0.022262,0.005069,0.004378,0.006408,0.001723,0.001785,0.000854,0.001847,0.001516,0.388844,0.006858
202609121002,2026-09-12,10,02R,realtime,0.6361,0.000996,0.001208,0.000350,0.000235,0.000146,0.000310,0.106028,0.009814,0.020947,0.009081,0.002116,0.008106,0.010689,0.037003,0.002396,0.334926,0.004386,0.008068,0.005454,0.001798,0.021695,0.023630,0.003835,0.004639,0.004509,0.001666,0.001630,0.000653,0.001421,0.001510,0.363910,0.006847
202609121003,2026-09-12,10,03R,daily,0.3237,0.002243,0.001110,0.000328,0.000190,0.000112,0.000356,0.006790,0.045886,0.022326,0.005138,0.007449,0.051765,0.019621,0.014253,0.009334,0.045540,0.010749,0.010682,0.002470,0.003797,0.032212,0.003495,0.010702,0.002759,0.003724,0.002698,0.001479,0.001364,0.002004,0.001054,0.676316,0.002053
202609121003,2026-09-12,10,03R,realtime,0.2979,0.002511,0.000455,0.000408,0.000188,0.000120,0.000327,0.004555,0.037272,0.028299,0.003229,0.005581,0.046350,0.017052,0.019148,0.007553,0.041029,0.008763,0.012629,0.001863,0.004294,0.026004,0.003501,0.011189,0.003326,0.002286,0.003208,0.001200,0.001010,0.001815,0.000817,0.702051,0.001969
202609121004,2026-09-12,10,04R,daily,0.3335,0.002652,0.001745,0.000243,0.000231,0.000130,0.000405,0.004204,0.032335,0.032850,0.003953,0.008713,0.038965,0.034783,0.022149,0.012043,0.042515,0.006191,0.017877,0.002435,0.008155,0.024320,0.003378,0.010000,0.004991,0.004815,0.004331,0.001484,0.001249,0.002525,0.000972,0.666535,0.002828
202609121004,2026-09-12,10,04R,realtime,0.2310,0.002778,0.000483,0.000161,0.000184,0.000105,0.000326,0.002132,0.022997,0.024032,0.001493,0.007665,0.031132,0.024659,0.011021,0.010660,0.027162,0.004403,0.011535,0.002073,0.005415,0.014792,0.002278,0.007091,0.004393,0.001546,0.004701,0.000949,0.000797,0.001724,0.000542,0.768977,0.001792
202609121005,2026-09-12,10,05R,daily,0.3914,0.003134,0.001323,0.000440,0.000253,0.000138,0.000763,0.014520,0.048901,0.014853,0.004445,0.017648,0.069661,0.020837,0.014693,0.014268,0.067142,0.015713,0.008395,0.002679,0.007466,0.025102,0.004840,0.011115,0.002923,0.003237,0.006726,0.001638,0.001322,0.002082,0.001165,0.608550,0.004025
202609121005,2026-09-12,10,05R,realtime,0.3467,0.002967,0.000395,0.000365,0.000228,0.000126,0.000672,0.009639,0.043354,0.013251,0.001783,0.011751,0.074085,0.015919,0.009906,0.012801,0.066801,0.012636,0.007508,0.001539,0.006674,0.018265,0.004517,0.010834,0.002105,0.002208,0.007828,0.001140,0.001117,0.002154,0.000618,0.653327,0.003488
202609121006,2026-09-12,10,06R,daily,0.8269,0.003783,0.001085,0.000565,0.000427,0.000260,0.000855,0.100987,0.039007,0.141538,0.009560,0.008056,0.012374,0.081200,0.035040,0.008454,0.211349,0.011701,0.050508,0.014195,0.005731,0.011227,0.023745,0.008615,0.021088,0.009285,0.003800,0.002234,0.001034,0.001708,0.002268,0.173051,0.005272
202609121006,2026-09-12,10,06R,realtime,0.8526,0.001094,0.000651,0.000316,0.000356,0.000232,0.000518,0.077774,0.025837,0.246048,0.002756,0.004280,0.010169,0.087661,0.022366,0.003989,0.210823,0.008592,0.053293,0.012389,0.004879,0.007724,0.020039,0.006024,0.025571,0.004187,0.005324,0.001991,0.001433,0.001689,0.001869,0.147407,0.002719
202609121007,2026-09-12,10,07R,daily,0.6021,0.006366,0.001723,0.000692,0.000374,0.000266,0.000618,0.027351,0.049503,0.024726,0.019149,0.013725,0.027067,0.017682,0.064278,0.038988,0.164931,0.018869,0.012678,0.009899,0.009649,0.024829,0.017396,0.010308,0.003405,0.010539,0.008322,0.002675,0.001328,0.002468,0.002281,0.397866,0.010046
202609121007,2026-09-12,10,07R,realtime,0.5634,0.002604,0.001148,0.000529,0.000332,0.000250,0.000600,0.021965,0.042764,0.019374,0.018118,0.010355,0.026085,0.010667,0.054289,0.031795,0.193142,0.019892,0.008983,0.009021,0.011340,0.019124,0.017673,0.010150,0.003167,0.005091,0.010935,0.002902,0.001086,0.001940,0.001483,0.436557,0.006637
202609121008,2026-09-12,10,08R,daily,0.7103,0.004016,0.001086,0.000505,0.000332,0.000227,0.000663,0.045528,0.067173,0.088656,0.005795,0.003804,0.050306,0.075959,0.018112,0.004767,0.150732,0.029181,0.058779,0.005747,0.002943,0.015625,0.017813,0.024890,0.014098,0.004939,0.002420,0.002768,0.001262,0.002463,0.002137,0.289711,0.007564
202609121008,2026-09-12,10,08R,realtime,0.6498,0.001421,0.000762,0.000503,0.000321,0.000227,0.000524,0.028944,0.073743,0.097276,0.001917,0.003653,0.052661,0.102841,0.013110,0.003468,0.101684,0.024100,0.048274,0.006168,0.003408,0.013320,0.016444,0.020655,0.016227,0.002269,0.003174,0.002318,0.001247,0.002392,0.001723,0.350160,0.005065
202609121009,2026-09-12,10,09R,daily,0.5775,0.004366,0.001226,0.000503,0.000315,0.000233,0.000558,0.025475,0.068095,0.044019,0.011270,0.002110,0.055063,0.039980,0.050226,0.002868,0.107971,0.029965,0.039194,0.007635,0.002324,0.021485,0.009292,0.017887,0.009698,0.008646,0.001658,0.003138,0.001307,0.002682,0.001645,0.422487,0.006680
202609121009,2026-09-12,10,09R,realtime,0.5732,0.001847,0.000755,0.000521,0.000292,0.000258,0.000425,0.018787,0.080963,0.060917,0.005728,0.001688,0.060968,0.038715,0.039676,0.001457,0.107387,0.022758,0.038879,0.008354,0.001934,0.019864,0.009064,0.019745,0.009398,0.008021,0.001353,0.002669,0.001102,0.002368,0.002217,0.426791,0.005100
202609121010,2026-09-12,10,10R,daily,0.7242,0.005180,0.001918,0.001133,0.000474,0.000338,0.000761,0.074757,0.076332,0.034069,0.016163,0.011681,0.049279,0.030403,0.053622,0.018078,0.157802,0.031119,0.019036,0.021454,0.013155,0.022234,0.014458,0.021805,0.009063,0.010689,0.009801,0.003697,0.001509,0.001957,0.002733,0.275769,0.009530
202609121010,2026-09-12,10,10R,realtime,0.6724,0.001697,0.001103,0.000847,0.000471,0.000303,0.000634,0.065601,0.063338,0.028711,0.016049,0.011187,0.051639,0.023693,0.058327,0.015369,0.143589,0.038430,0.012390,0.030567,0.012635,0.018293,0.013834,0.017542,0.010003,0.006764,0.014742,0.003053,0.001341,0.001708,0.002121,0.327620,0.006398
202609121011,2026-09-12,10,11R,daily,0.5658,0.004444,0.000926,0.000663,0.000298,0.000201,0.000581,0.015784,0.101776,0.035097,0.009005,0.003197,0.099055,0.033219,0.026678,0.003694,0.071416,0.040946,0.027016,0.005179,0.003092,0.025422,0.008329,0.021116,0.005740,0.005701,0.002695,0.002713,0.002026,0.002310,0.001959,0.434172,0.005550
202609121011,2026-09-12,10,11R,realtime,0.6094,0.001873,0.000351,0.000557,0.000280,0.000188,0.000400,0.014015,0.140319,0.028725,0.004438,0.001402,0.128213,0.036469,0.023089,0.002596,0.064906,0.049562,0.029307,0.006373,0.002544,0.017867,0.006558,0.024556,0.007235,0.003609,0.003409,0.002153,0.002156,0.001753,0.001292,0.390562,0.003242
202609121012,2026-09-12,10,12R,daily,0.4737,0.004169,0.001195,0.000552,0.000322,0.000226,0.000904,0.014542,0.043566,0.041008,0.008068,0.004510,0.047994,0.032213,0.042194,0.007197,0.085944,0.011920,0.022372,0.007975,0.006743,0.029603,0.007036,0.012150,0.008337,0.007724,0.003893,0.002964,0.002097,0.002615,0.002059,0.526339,0.011572
202609121012,2026-09-12,10,12R,realtime,0.4030,0.001898,0.000495,0.000458,0.000284,0.000207,0.000687,0.006665,0.034512,0.054377,0.004488,0.002473,0.047157,0.029378,0.042258,0.004976,0.067091,0.006457,0.017314,0.005256,0.004954,0.021871,0.005395,0.010551,0.009651,0.005898,0.003769,0.002964,0.001760,0.001847,0.001588,0.596955,0.006366
202609121201,2026-09-12,12,01R,daily,0.5784,0.001081,0.001481,0.000450,0.000210,0.000144,0.000419,0.057070,0.080795,0.083494,0.006933,0.002215,0.050338,0.054667,0.012976,0.002323,0.085550,0.015050,0.045495,0.003475,0.001185,0.018865,0.010817,0.014189,0.018042,0.001600,0.001618,0.002301,0.001675,0.001194,0.000954,0.421593,0.001797
202609121201,2026-09-12,12,01R,realtime,0.5223,0.000574,0.000755,0.000488,0.000197,0.000160,0.000334,0.040513,0.071711,0.095019,0.003396,0.002016,0.054551,0.046136,0.010208,0.002173,0.076872,0.014012,0.032863,0.003174,0.000981,0.016464,0.011771,0.009987,0.018562,0.001038,0.001838,0.001746,0.001843,0.000908,0.000710,0.477663,0.001339
202609121202,2026-09-12,12,02R,daily,0.7371,0.001757,0.001828,0.000702,0.000323,0.000266,0.000644,0.043302,0.095024,0.113073,0.033227,0.004827,0.059299,0.064473,0.085800,0.007901,0.037908,0.025528,0.046990,0.019908,0.002952,0.017691,0.007691,0.027093,0.018664,0.007951,0.003293,0.002405,0.001512,0.000897,0.001414,0.262918,0.002739
202609121202,2026-09-12,12,02R,realtime,0.7040,0.000845,0.000523,0.000561,0.000259,0.000296,0.000497,0.039343,0.081948,0.126628,0.023565,0.003619,0.055210,0.058636,0.106305,0.005938,0.033522,0.018018,0.041332,0.021605,0.003450,0.018263,0.008743,0.019824,0.018310,0.007564,0.002884,0.001227,0.001169,0.000700,0.001406,0.296049,0.001759
202609121203,2026-09-12,12,03R,daily,0.7464,0.002495,0.002553,0.000724,0.000288,0.000308,0.000680,0.080258,0.081061,0.044482,0.052451,0.006383,0.032746,0.023729,0.159982,0.012166,0.102940,0.019912,0.027233,0.018453,0.003786,0.013892,0.012605,0.011305,0.008728,0.012619,0.003579,0.001591,0.000933,0.000825,0.001393,0.253650,0.006251
202609121203,2026-09-12,12,03R,realtime,0.6956,0.000946,0.001268,0.000430,0.000289,0.000294,0.000590,0.076874,0.056653,0.040466,0.054665,0.005012,0.025801,0.018460,0.196912,0.007979,0.090978,0.010883,0.022111,0.014668,0.002978,0.013480,0.013383,0.008045,0.006534,0.012204,0.004161,0.000912,0.000745,0.000738,0.001943,0.304370,0.005229
202609121204,2026-09-12,12,04R,daily,0.6787,0.002246,0.002105,0.000885,0.000330,0.000264,0.000867,0.093082,0.088075,0.023537,0.030691,0.009652,0.031503,0.011639,0.063824,0.012631,0.168159,0.015452,0.013435,0.012305,0.002609,0.016399,0.031508,0.015313,0.004570,0.007414,0.003790,0.002308,0.001561,0.000943,0.001741,0.321276,0.009884
202609121204,2026-09-12,12,04R,realtime,0.7511,0.000745,0.001474,0.000486,0.000282,0.000239,0.000650,0.126212,0.077502,0.015342,0.031175,0.004049,0.030524,0.006220,0.088977,0.009438,0.223003,0.018017,0.010971,0.010895,0.001996,0.015098,0.030448,0.015761,0.003304,0.011970,0.003396,0.001894,0.001483,0.000755,0.001502,0.248891,0.007300
202609121205,2026-09-12,12,05R,daily,0.3140,0.001449,0.001535,0.000370,0.000201,0.000143,0.000470,0.013748,0.017078,0.037853,0.014086,0.013190,0.012319,0.015847,0.028697,0.027982,0.049356,0.002727,0.008523,0.006392,0.005099,0.025500,0.005241,0.004130,0.005332,0.003510,0.006915,0.001716,0.001292,0.001093,0.000882,0.685982,0.001341
202609121205,2026-09-12,12,05R,realtime,0.2687,0.001300,0.000785,0.000273,0.000149,0.000174,0.000556,0.008975,0.012869,0.036477,0.007828,0.017808,0.010487,0.011240,0.020251,0.026383,0.042430,0.002261,0.005657,0.005073,0.006160,0.021860,0.005799,0.003507,0.004943,0.002268,0.007329,0.001721,0.000999,0.000821,0.000572,0.731280,0.001765
202609121206,2026-09-12,12,06R,daily,0.6689,0.002218,0.001660,0.000621,0.000283,0.000260,0.001070,0.034568,0.086816,0.041039,0.050335,0.010923,0.044220,0.028325,0.157548,0.023550,0.048196,0.023507,0.012936,0.024746,0.004567,0.016968,0.009429,0.016680,0.004374,0.010464,0.004349,0.002120,0.001542,0.000960,0.001565,0.331130,0.003031
202609121206,2026-09-12,12,06R,realtime,0.6830,0.000995,0.000700,0.000525,0.000296,0.000236,0.000892,0.039816,0.089090,0.038593,0.055488,0.009704,0.049151,0.025977,0.185617,0.026840,0.037292,0.016941,0.007350,0.025585,0.003599,0.014744,0.009854,0.014866,0.003952,0.010277,0.006553,0.002042,0.001407,0.000879,0.001405,0.317038,0.002298
202609121207,2026-09-12,12,07R,daily,0.6179,0.001303,0.001373,0.000429,0.000234,0.000187,0.000676,0.069443,0.048218,0.099484,0.008115,0.003990,0.024297,0.057838,0.024208,0.006390,0.130438,0.016931,0.046201,0.004107,0.001264,0.015720,0.017568,0.009987,0.014131,0.001675,0.002177,0.002536,0.001330,0.001161,0.001636,0.382135,0.004819
202609121207,2026-09-12,12,07R,realtime,0.5945,0.000504,0.001157,0.000314,0.000233,0.000227,0.000626,0.065299,0.064051,0.089411,0.005011,0.005392,0.024786,0.074013,0.021433,0.006729,0.096508,0.013200,0.041861,0.004391,0.001459,0.018237,0.019301,0.008297,0.018453,0.001084,0.002940,0.002628,0.001171,0.001091,0.001169,0.405534,0.003489
202609121208,2026-09-12,12,08R,daily,0.5083,0.001382,0.001381,0.000458,0.000268,0.000148,0.000791,0.045862,0.025233,0.110351,0.005645,0.013180,0.012404,0.050932,0.015827,0.012252,0.112892,0.006162,0.023165,0.003182,0.003268,0.016668,0.013585,0.004547,0.012865,0.001586,0.005224,0.002207,0.001342,0.001098,0.001234,0.491664,0.003196
202609121208,2026-09-12,12,08R,realtime,0.3962,0.000694,0.001098,0.000251,0.000229,0.000155,0.000606,0.029958,0.017957,0.079847,0.002534,0.016236,0.009821,0.040522,0.011124,0.015158,0.086921,0.004027,0.018031,0.001984,0.003029,0.016833,0.013144,0.003406,0.009938,0.001042,0.004700,0.001492,0.000923,0.000970,0.000937,0.603752,0.002681
202609121209,2026-09-12,12,09R,daily,0.5357,0.001664,0.001160,0.000526,0.000247,0.000164,0.000613,0.079538,0.024528,0.050144,0.008929,0.003906,0.013535,0.025111,0.023191,0.005418,0.192283,0.008011,0.017557,0.003638,0.000863,0.019273,0.025825,0.005327,0.006172,0.002766,0.001617,0.002779,0.002082,0.001323,0.001489,0.464264,0.006057
202609121209,2026-09-12,12,09R,realtime,0.4969,0.000632,0.001075,0.000292,0.000173,0.000164,0.000496,0.087624,0.011053,0.048110,0.003494,0.001998,0.007757,0.018848,0.016190,0.002880,0.205604,0.004485,0.017887,0.002559,0.000866,0.017148,0.026096,0.003362,0.006211,0.001376,0.001123,0.001554,0.001222,0.000811,0.000953,0.503127,0.004830
202609121210,2026-09-12,12,10R,daily,0.3169,0.001065,0.000899,0.000367,0.000124,0.000092,0.000351,0.024433,0.028696,0.016940,0.003247,0.004906,0.025017,0.007337,0.008631,0.006691,0.119603,0.007425,0.006159,0.001550,0.000621,0.018897,0.013920,0.004979,0.002234,0.000596,0.001452,0.002338,0.002010,0.000927,0.000700,0.683070,0.004722
202609121210,2026-09-12,12,10R,realtime,0.2422,0.000533,0.000828,0.000276,0.000092,0.000082,0.000313,0.014286,0.025657,0.007982,0.002560,0.004627,0.026264,0.005435,0.007282,0.006652,0.085247,0.005945,0.003450,0.001451,0.000743,0.014942,0.011610,0.003400,0.001818,0.000297,0.001607,0.001874,0.001946,0.000603,0.000272,0.757830,0.004097
202609121211,2026-09-12,12,11R,daily,0.3423,0.001715,0.001223,0.000319,0.000160,0.000128,0.000816,0.006664,0.047343,0.027996,0.009739,0.008737,0.063100,0.019427,0.040585,0.020888,0.016509,0.010465,0.009358,0.004930,0.002468,0.024226,0.002669,0.007692,0.003037,0.002050,0.002974,0.001833,0.002226,0.000968,0.000716,0.657704,0.001335
202609121211,2026-09-12,12,11R,realtime,0.3149,0.001838,0.000291,0.000302,0.000136,0.000154,0.000811,0.006337,0.036093,0.020630,0.008749,0.009280,0.061433,0.011444,0.046089,0.026793,0.015720,0.010842,0.006197,0.004474,0.002846,0.022407,0.002380,0.007178,0.002450,0.001772,0.002999,0.001491,0.001463,0.000705,0.000489,0.685139,0.001068
202609121212,2026-09-12,12,12R,daily,0.4184,0.001849,0.001271,0.000676,0.000249,0.000191,0.001068,0.031139,0.045048,0.036610,0.007495,0.012024,0.033246,0.017970,0.025377,0.016311,0.094401,0.010621,0.008977,0.005432,0.003456,0.017399,0.009415,0.011637,0.003775,0.003211,0.004539,0.003408,0.001677,0.000857,0.001649,0.581561,0.007461
202609121601,2026-09-12,16,01R,daily,0.3251,0.000957,0.001119,0.000275,0.000139,0.000131,0.000255,0.007361,0.016996,0.032489,0.016883,0.002519,0.038400,0.029631,0.037352,0.006519,0.038331,0.005396,0.012500,0.002717,0.002690,0.042062,0.002959,0.009493,0.004203,0.004209,0.002280,0.001535,0.001272,0.002117,0.001543,0.674863,0.000801
202609121601,2026-09-12,16,01R,realtime,0.3396,0.007921,0.002321,0.000360,0.000163,0.000187,0.000231,0.008017,0.033817,0.023448,0.004925,0.008011,0.046221,0.036601,0.025339,0.003802,0.044170,0.008457,0.014958,0.001305,0.001364,0.027385,0.006168,0.011227,0.004057,0.005752,0.001049,0.001104,0.001324,0.002789,0.001218,0.660416,0.005893
202609121602,2026-09-12,16,02R,daily,0.4683,0.001809,0.001070,0.000387,0.000185,0.000214,0.000289,0.046340,0.020739,0.060466,0.025994,0.002419,0.029076,0.030042,0.048482,0.003377,0.074207,0.009266,0.026051,0.006842,0.001646,0.038529,0.010621,0.008084,0.009653,0.005277,0.000869,0.001627,0.000601,0.001772,0.000945,0.531718,0.001404
202609121602,2026-09-12,16,02R,realtime,0.4944,0.001482,0.001069,0.000249,0.000199,0.000227,0.000220,0.050605,0.025757,0.059199,0.012261,0.002106,0.028852,0.024545,0.056552,0.002760,0.093551,0.009963,0.025684,0.004982,0.001348,0.045420,0.012446,0.009052,0.012333,0.006114,0.001124,0.001935,0.000723,0.001435,0.000748,0.505641,0.001419
202609121603,2026-09-12,16,03R,daily,0.6194,0.002957,0.001733,0.000689,0.000329,0.000236,0.000736,0.066469,0.034640,0.051189,0.020683,0.016261,0.026818,0.032500,0.098123,0.021065,0.130688,0.018462,0.009886,0.009237,0.002343,0.019269,0.015721,0.012770,0.006312,0.006361,0.003322,0.003498,0.001049,0.002396,0.001645,0.380555,0.002060
202609121603,2026-09-12,16,03R,realtime,0.6246,0.001997,0.000799,0.000373,0.000300,0.000238,0.000609,0.078545,0.025012,0.038142,0.007950,0.013633,0.022596,0.022322,0.109306,0.025385,0.164697,0.019652,0.009654,0.006739,0.002564,0.023122,0.014841,0.009983,0.006120,0.005929,0.004744,0.002721,0.000982,0.002794,0.001098,0.375402,0.001749
202609121604,2026-09-12,16,04R,daily,0.7465,0.001704,0.001444,0.000741,0.000190,0.000181,0.000481,0.024737,0.121029,0.031001,0.005582,0.004026,0.254591,0.031250,0.021944,0.009719,0.042692,0.076855,0.053166,0.001932,0.002572,0.015059,0.004287,0.018274,0.010347,0.001322,0.002781,0.001903,0.002757,0.001072,0.000934,0.253459,0.001968
202609121604,2026-09-12,16,04R,realtime,0.7704,0.000638,0.000327,0.000680,0.000160,0.000207,0.000386,0.024128,0.136469,0.025956,0.003067,0.002778,0.270260,0.026400,0.017877,0.007746,0.044825,0.098746,0.047815,0.002303,0.002876,0.014118,0.004900,0.018404,0.009180,0.000890,0.003039,0.001570,0.002429,0.000839,0.000478,0.229552,0.000956
202609121605,2026-09-12,16,05R,daily,0.5780,0.002236,0.001587,0.000759,0.000227,0.000185,0.000677,0.020652,0.064845,0.034456,0.008533,0.010463,0.184003,0.032320,0.030598,0.014858,0.035214,0.043700,0.016956,0.003805,0.003352,0.019854,0.003673,0.021898,0.007761,0.002513,0.003957,0.002062,0.002105,0.002239,0.001062,0.422043,0.001407
202609121605,2026-09-12,16,05R,realtime,0.6394,0.001729,0.000351,0.000615,0.000195,0.000215,0.000581,0.024184,0.092611,0.014796,0.004624,0.007373,0.229151,0.024276,0.033718,0.012583,0.044889,0.051206,0.014019,0.003003,0.004589,0.024524,0.003694,0.027257,0.005746,0.002785,0.003742,0.001565,0.001495,0.002506,0.000535,0.360579,0.000866
202609121606,2026-09-12,16,06R,daily,0.3625,0.001800,0.001108,0.000682,0.000230,0.000160,0.000542,0.024866,0.020236,0.018911,0.009496,0.024232,0.033090,0.012578,0.025336,0.029105,0.080857,0.010183,0.005369,0.002248,0.003966,0.022438,0.007587,0.005905,0.004095,0.002776,0.005494,0.001698,0.001706,0.002325,0.001191,0.637495,0.002294
202609121606,2026-09-12,16,06R,realtime,0.3208,0.001373,0.000744,0.000492,0.000191,0.000189,0.000622,0.012409,0.028071,0.021688,0.005512,0.017674,0.034020,0.015819,0.022080,0.029922,0.054883,0.006159,0.004823,0.002366,0.006672,0.022864,0.006201,0.006443,0.004849,0.002185,0.005157,0.001672,0.000934,0.002081,0.000671,0.679215,0.002019
202609121607,2026-09-12,16,07R,daily,0.2992,0.000994,0.000664,0.000258,0.000119,0.000115,0.000233,0.018355,0.015766,0.025002,0.006678,0.002820,0.024965,0.018921,0.023125,0.002803,0.087324,0.007508,0.007737,0.001289,0.000369,0.026299,0.008356,0.005647,0.004852,0.001989,0.000382,0.002352,0.000583,0.001497,0.000528,0.700835,0.001637
202609121607,2026-09-12,16,07R,realtime,0.3012,0.000876,0.000572,0.000180,0.000118,0.000149,0.000213,0.020896,0.012708,0.014017,0.006691,0.001508,0.023012,0.018034,0.027946,0.002994,0.089046,0.006679,0.009283,0.001555,0.000677,0.037390,0.009496,0.004376,0.004328,0.002318,0.000370,0.002061,0.000591,0.001309,0.000405,0.698754,0.001448
202609121608,2026-09-12,16,08R,daily,0.4775,0.002038,0.001674,0.000849,0.000238,0.000242,0.000385,0.031859,0.045084,0.022431,0.024244,0.008497,0.058033,0.015413,0.047812,0.013144,0.091679,0.017630,0.010360,0.006206,0.003899,0.027976,0.009754,0.013832,0.004833,0.006068,0.003711,0.002141,0.001005,0.002197,0.001598,0.522465,0.002704
202609121608,2026-09-12,16,08R,realtime,0.5075,0.000914,0.001045,0.000684,0.000261,0.000267,0.000327,0.026357,0.047409,0.017409,0.022977,0.001782,0.059642,0.015760,0.058823,0.012004,0.117847,0.011485,0.010905,0.003603,0.004853,0.035719,0.009204,0.020922,0.004175,0.012396,0.002498,0.002258,0.000830,0.001529,0.001099,0.492535,0.002478
202609121609,2026-09-12,16,09R,daily,0.3987,0.002110,0.000822,0.000426,0.000173,0.000175,0.000558,0.018429,0.022465,0.019074,0.014833,0.006584,0.044266,0.024570,0.123819,0.006661,0.043103,0.008803,0.006989,0.004605,0.001744,0.021006,0.003901,0.004849,0.005950,0.005674,0.001286,0.001454,0.000888,0.001490,0.000522,0.601270,0.001502
202609121609,2026-09-12,16,09R,realtime,0.5634,0.012877,0.006788,0.001294,0.000239,0.000443,0.000683,0.014323,0.068081,0.013568,0.016674,0.037284,0.074381,0.023820,0.038880,0.077815,0.036214,0.021019,0.007664,0.005560,0.014463,0.035084,0.005360,0.008891,0.007547,0.003534,0.008851,0.003651,0.003483,0.002728,0.001743,0.436613,0.010447
202609121610,2026-09-12,16,10R,daily,0.3567,0.001374,0.000727,0.000375,0.000163,0.000154,0.000555,0.013425,0.018932,0.050529,0.003743,0.002594,0.040598,0.037639,0.023202,0.005074,0.061311,0.009741,0.027645,0.002376,0.001081,0.023764,0.005190,0.006882,0.008712,0.002044,0.001074,0.002418,0.001230,0.001797,0.000915,0.643339,0.001398
202609121610,2026-09-12,16,10R,realtime,0.4777,0.006203,0.002622,0.001047,0.000249,0.000360,0.000588,0.019741,0.018208,0.011553,0.041323,0.013340,0.051129,0.010518,0.103440,0.018819,0.065811,0.019104,0.004158,0.007583,0.001741,0.033572,0.005311,0.008591,0.002579,0.008061,0.001639,0.003796,0.002462,0.001973,0.002057,0.522296,0.010127
202609121611,2026-09-12,16,11R,daily,0.4932,0.002139,0.001158,0.000596,0.000252,0.000231,0.000768,0.033652,0.026365,0.052677,0.009737,0.005950,0.034557,0.045094,0.041309,0.010748,0.102313,0.017952,0.036268,0.003322,0.001829,0.020588,0.012180,0.006133,0.011943,0.002685,0.002629,0.002292,0.001608,0.001963,0.001410,0.506771,0.002881
202609121611,2026-09-12,16,11R,realtime,0.4819,0.001012,0.000499,0.000336,0.000202,0.000257,0.000638,0.044352,0.012136,0.040549,0.003919,0.002200,0.025795,0.030271,0.040500,0.006883,0.141818,0.018085,0.036287,0.002646,0.001608,0.026136,0.019449,0.004639,0.009165,0.002321,0.002275,0.002008,0.001635,0.001459,0.000816,0.518105,0.002001
202609121612,2026-09-12,16,12R,daily,0.5409,0.002389,0.000840,0.000810,0.000249,0.000212,0.000915,0.062490,0.026689,0.028410,0.007568,0.004473,0.042864,0.027240,0.031894,0.008216,0.184911,0.016855,0.013872,0.004095,0.001777,0.018458,0.017413,0.009751,0.007394,0.002740,0.002075,0.003752,0.002109,0.002142,0.001632,0.459086,0.006680
202609121612,2026-09-12,16,12R,realtime,0.4281,0.000976,0.000506,0.000643,0.000195,0.000203,0.000738,0.026083,0.023614,0.028040,0.003046,0.001986,0.053094,0.024603,0.027382,0.006835,0.140982,0.011658,0.011545,0.002584,0.001919,0.018658,0.015123,0.007492,0.007283,0.002067,0.002007,0.002710,0.001467,0.001574,0.000970,0.571852,0.002164
202609121701,2026-09-12,17,01R,daily,0.5032,0.001291,0.002046,0.000364,0.000247,0.000171,0.000444,0.027015,0.044943,0.067259,0.023199,0.005587,0.042611,0.056044,0.058370,0.009718,0.057772,0.009905,0.019256,0.002919,0.002830,0.025835,0.009584,0.010136,0.005819,0.006522,0.004255,0.001256,0.002138,0.002327,0.001816,0.496780,0.001542
202609121701,2026-09-12,17,01R,realtime,0.4631,0.001675,0.002247,0.000489,0.000207,0.000234,0.000254,0.025365,0.049574,0.037336,0.018639,0.002096,0.036866,0.061106,0.044564,0.005293,0.060269,0.007613,0.015133,0.003545,0.002071,0.035347,0.011280,0.012885,0.009829,0.008981,0.000929,0.001173,0.001925,0.002581,0.001201,0.536886,0.002407
202609121702,2026-09-12,17,02R,daily,0.4923,0.001630,0.001173,0.000284,0.000169,0.000176,0.000258,0.019389,0.048903,0.037611,0.050093,0.001445,0.042574,0.022445,0.128300,0.002272,0.036129,0.010791,0.013808,0.006304,0.000570,0.028476,0.008544,0.008864,0.003827,0.011399,0.000508,0.001120,0.001025,0.001977,0.000760,0.507652,0.001523
202609121702,2026-09-12,17,02R,realtime,0.5134,0.001194,0.000549,0.000197,0.000193,0.000167,0.000188,0.017109,0.056497,0.060616,0.029519,0.000675,0.040601,0.026010,0.159340,0.002108,0.027647,0.006843,0.014580,0.008325,0.000413,0.022517,0.006076,0.007247,0.005642,0.013293,0.000619,0.000792,0.000993,0.001343,0.000994,0.486581,0.001131
202609121703,2026-09-12,17,03R,daily,0.5791,0.001731,0.001800,0.000615,0.000223,0.000207,0.000378,0.043211,0.107257,0.026963,0.024213,0.003576,0.079050,0.015696,0.054373,0.006685,0.087663,0.033297,0.011809,0.004478,0.001603,0.020844,0.013630,0.017504,0.002975,0.006526,0.001848,0.001774,0.001774,0.001898,0.001234,0.420900,0.004265
202609121703,2026-09-12,17,03R,realtime,0.5982,0.000803,0.001157,0.000551,0.000254,0.000216,0.000335,0.055004,0.124780,0.013759,0.017740,0.003567,0.081478,0.010547,0.056128,0.007451,0.098454,0.033718,0.009121,0.004393,0.001567,0.023845,0.012163,0.020076,0.002362,0.007917,0.001678,0.001350,0.001247,0.001825,0.001442,0.401848,0.003226
202609121704,2026-09-12,17,04R,daily,0.5791,0.001272,0.002387,0.000479,0.000331,0.000172,0.000600,0.022864,0.059884,0.128422,0.013794,0.028307,0.035631,0.059937,0.038969,0.032210,0.035628,0.014533,0.019664,0.004509,0.007801,0.021667,0.007967,0.010456,0.008628,0.003822,0.011470,0.001298,0.002279,0.001674,0.001221,0.420877,0.001247
202609121704,2026-09-12,17,04R,realtime,0.4885,0.000922,0.000416,0.000280,0.000279,0.000173,0.000486,0.016674,0.051921,0.101991,0.003649,0.035852,0.036862,0.057098,0.022925,0.034649,0.028431,0.008959,0.014302,0.003277,0.008869,0.020892,0.006353,0.007467,0.007513,0.001572,0.011622,0.000821,0.001334,0.001552,0.000776,0.511487,0.000596
202609121705,2026-09-12,17,05R,daily,0.3485,0.001621,0.001332,0.000272,0.000207,0.000117,0.000478,0.014280,0.018252,0.060644,0.013137,0.006808,0.023592,0.026615,0.038321,0.015935,0.037335,0.005517,0.013246,0.002281,0.002662,0.034409,0.005378,0.005422,0.002988,0.003126,0.004405,0.001205,0.002790,0.003060,0.001682,0.651515,0.001371
202609121705,2026-09-12,17,05R,realtime,0.3972,0.002477,0.001420,0.000423,0.000159,0.000155,0.000172,0.021146,0.014147,0.055052,0.016599,0.000764,0.017039,0.021156,0.102489,0.001217,0.049599,0.004997,0.015680,0.003131,0.000317,0.035427,0.005226,0.004965,0.004531,0.009164,0.000170,0.000782,0.001302,0.002638,0.002281,0.602835,0.002541
202609121706,2026-09-12,17,06R,daily,0.2605,0.000797,0.001443,0.000166,0.000148,0.000085,0.000502,0.005878,0.016514,0.051741,0.004001,0.013517,0.020766,0.036189,0.018612,0.016163,0.020758,0.002505,0.007626,0.001122,0.002693,0.016797,0.002945,0.003621,0.005329,0.001931,0.003496,0.000671,0.001387,0.001789,0.000492,0.739488,0.000827
202609121706,2026-09-12,17,06R,realtime,0.2617,0.001537,0.000384,0.000126,0.000160,0.000098,0.000499,0.004990,0.014398,0.064735,0.001456,0.011781,0.021102,0.032052,0.019760,0.016076,0.020221,0.002470,0.008295,0.000936,0.002257,0.015171,0.002940,0.003276,0.005557,0.001746,0.004433,0.000513,0.001060,0.002304,0.000467,0.738346,0.000853
202609121707,2026-09-12,17,07R,daily,0.6108,0.002120,0.001412,0.000763,0.000238,0.000224,0.000450,0.081211,0.085881,0.015297,0.036444,0.009201,0.039551,0.006585,0.065464,0.014399,0.124818,0.024007,0.004639,0.006827,0.002038,0.020141,0.027938,0.017100,0.001353,0.007240,0.002895,0.001394,0.001279,0.001316,0.001697,0.389201,0.006881
202609121707,2026-09-12,17,07R,realtime,0.5586,0.000746,0.001497,0.000633,0.000258,0.000186,0.000412,0.074743,0.079808,0.010716,0.025815,0.009941,0.036959,0.005091,0.079873,0.015671,0.103831,0.016243,0.002449,0.006635,0.002259,0.019986,0.027382,0.015738,0.001178,0.006489,0.003516,0.001033,0.001198,0.001172,0.001442,0.441435,0.005664
202609121708,2026-09-12,17,08R,daily,0.2866,0.000669,0.000672,0.000193,0.000083,0.000081,0.000190,0.007324,0.045782,0.031344,0.004669,0.000932,0.062636,0.020813,0.012364,0.001346,0.022338,0.007862,0.012611,0.000985,0.000293,0.025622,0.004665,0.010889,0.004225,0.002059,0.000357,0.000925,0.001491,0.001738,0.000429,0.713406,0.001006
202609121708,2026-09-12,17,08R,realtime,0.3423,0.001376,0.000278,0.000243,0.000116,0.000100,0.000201,0.007100,0.066473,0.020588,0.004278,0.000447,0.092680,0.020158,0.015687,0.001278,0.025019,0.009904,0.016875,0.000806,0.000273,0.029615,0.004252,0.009955,0.004637,0.003227,0.000542,0.000972,0.001794,0.002048,0.000408,0.657662,0.001010
202609121709,2026-09-12,17,09R,daily,0.6098,0.001585,0.001369,0.000460,0.000217,0.000164,0.000383,0.049744,0.085023,0.107482,0.009275,0.004071,0.053276,0.055534,0.028731,0.003239,0.063575,0.020819,0.040850,0.003206,0.000646,0.014275,0.018503,0.020129,0.013391,0.003201,0.001212,0.001729,0.001421,0.002586,0.001072,0.390155,0.002677
202609121709,2026-09-12,17,09R,realtime,0.5232,0.000768,0.000425,0.000323,0.000200,0.000139,0.000208,0.024749,0.080263,0.064292,0.003468,0.001418,0.069669,0.060422,0.036758,0.002056,0.055696,0.011889,0.039257,0.001904,0.000524,0.016346,0.010807,0.017873,0.012605,0.002779,0.001253,0.001195,0.001868,0.002211,0.000739,0.476844,0.001050
202609121710,2026-09-12,17,10R,daily,0.2168,0.001013,0.000803,0.000219,0.000121,0.000088,0.000413,0.007472,0.021871,0.015054,0.008819,0.007653,0.024585,0.008768,0.021480,0.012891,0.028019,0.003774,0.002640,0.001633,0.001417,0.029871,0.004978,0.003592,0.000647,0.001997,0.002034,0.000795,0.001073,0.001152,0.000706,0.783215,0.001206
202609121710,2026-09-12,17,10R,realtime,0.1892,0.001396,0.000369,0.000143,0.000108,0.000086,0.000380,0.003997,0.023688,0.012190,0.006489,0.004134,0.024394,0.006149,0.022410,0.013102,0.024122,0.002533,0.001663,0.001407,0.001419,0.024190,0.003657,0.002877,0.000621,0.001443,0.002397,0.000688,0.000771,0.000989,0.000413,0.810780,0.000996
202609121711,2026-09-12,17,11R,daily,0.3304,0.001451,0.000822,0.000404,0.000156,0.000111,0.000432,0.025427,0.035634,0.029243,0.003514,0.004063,0.040364,0.015185,0.011736,0.005083,0.079003,0.008620,0.008934,0.001211,0.001360,0.024038,0.012717,0.005717,0.002751,0.001397,0.001627,0.001622,0.001954,0.001366,0.000766,0.669607,0.003687
202609121711,2026-09-12,17,11R,realtime,0.5290,0.008143,0.006576,0.001556,0.000358,0.000277,0.000638,0.022210,0.102855,0.043710,0.020821,0.006050,0.073531,0.049495,0.040559,0.008474,0.026183,0.012612,0.007389,0.004339,0.001646,0.024021,0.005268,0.013921,0.008040,0.004565,0.001753,0.003112,0.006809,0.003487,0.002406,0.471001,0.018196
202609121712,2026-09-12,17,12R,daily,0.2754,0.001229,0.000826,0.000331,0.000158,0.000101,0.000450,0.023113,0.022087,0.019557,0.005125,0.006229,0.023966,0.009382,0.012611,0.008388,0.076168,0.007053,0.004093,0.001183,0.001087,0.024492,0.008771,0.005278,0.001523,0.001501,0.001895,0.001486,0.001833,0.001510,0.000875,0.724590,0.003109
202609121712,2026-09-12,17,12R,realtime,0.2747,0.006673,0.004159,0.000420,0.000218,0.000136,0.000489,0.013828,0.037103,0.015643,0.003670,0.019592,0.028392,0.010474,0.009587,0.017162,0.036671,0.007725,0.001963,0.001328,0.001550,0.019903,0.006268,0.005522,0.001693,0.001320,0.003725,0.003014,0.002545,0.002834,0.001197,0.725302,0.009893
202609121801,2026-09-12,18,01R,daily,0.3189,0.001331,0.000528,0.000351,0.000151,0.000148,0.000470,0.014105,0.027844,0.024364,0.005834,0.001225,0.034863,0.013538,0.017282,0.002968,0.081000,0.011204,0.013786,0.003873,0.001950,0.030700,0.005938,0.007763,0.004238,0.003449,0.001312,0.001818,0.002273,0.000926,0.000759,0.681065,0.002942
202609121801,2026-09-12,18,01R,realtime,0.2726,0.000762,0.000217,0.000216,0.000109,0.000156,0.000354,0.007093,0.022323,0.008543,0.008580,0.000633,0.041426,0.008707,0.017683,0.003538,0.072542,0.008754,0.007537,0.002749,0.001771,0.031494,0.004626,0.007128,0.003272,0.004786,0.001112,0.001615,0.002633,0.000552,0.000298,0.727442,0.001348
202609121802,2026-09-12,18,02R,daily,0.3473,0.001899,0.000760,0.000400,0.000159,0.000170,0.000365,0.020948,0.029849,0.028386,0.007337,0.002048,0.037272,0.015081,0.024899,0.003250,0.070830,0.013079,0.015602,0.005474,0.002104,0.028951,0.010744,0.008629,0.003358,0.004367,0.000976,0.001921,0.002410,0.000955,0.000759,0.652681,0.004337
202609121802,2026-09-12,18,02R,realtime,0.3371,0.002008,0.000514,0.000248,0.000110,0.000230,0.000335,0.016975,0.015253,0.048731,0.004186,0.000827,0.025552,0.010285,0.019790,0.002261,0.082555,0.010098,0.017061,0.004339,0.002191,0.032720,0.015794,0.007946,0.002941,0.005183,0.000678,0.001539,0.001875,0.000674,0.000579,0.662881,0.003640
202609121803,2026-09-12,18,03R,daily,0.3633,0.001278,0.000631,0.000373,0.000165,0.000153,0.000520,0.019476,0.038940,0.031466,0.004351,0.002849,0.040287,0.015885,0.011341,0.004511,0.085347,0.014884,0.017113,0.003427,0.002286,0.028232,0.010125,0.010865,0.004824,0.002491,0.001444,0.001621,0.002758,0.000867,0.000790,0.636702,0.004001
202609121803,2026-09-12,18,03R,realtime,0.3788,0.000997,0.000304,0.000229,0.000129,0.000195,0.000476,0.020958,0.038379,0.015034,0.003365,0.002385,0.049282,0.011967,0.010293,0.004572,0.106668,0.017775,0.015514,0.002793,0.002782,0.037593,0.011636,0.010562,0.003929,0.003098,0.001123,0.001233,0.002716,0.000733,0.000384,0.621180,0.001716
202609121804,2026-09-12,18,04R,daily,0.4124,0.001716,0.000836,0.000431,0.000199,0.000203,0.000756,0.013399,0.054032,0.036491,0.008572,0.002639,0.057071,0.025992,0.028070,0.004964,0.051508,0.019893,0.023651,0.005869,0.002202,0.022650,0.007598,0.019585,0.005791,0.006420,0.001743,0.001554,0.002775,0.001077,0.001180,0.587561,0.003571
202609121804,2026-09-12,18,04R,realtime,0.3890,0.001114,0.000201,0.000271,0.000141,0.000245,0.000651,0.013860,0.046363,0.019360,0.007852,0.000964,0.065552,0.017674,0.023390,0.003179,0.061310,0.024182,0.017389,0.006258,0.001787,0.030474,0.010045,0.017237,0.003949,0.007333,0.001447,0.001001,0.002469,0.000933,0.000813,0.610990,0.001565
202609121805,2026-09-12,18,05R,daily,0.4515,0.001953,0.000819,0.000584,0.000241,0.000202,0.000678,0.030187,0.049800,0.033628,0.006526,0.004333,0.056099,0.017401,0.017296,0.006239,0.090365,0.026841,0.021963,0.004715,0.002544,0.025780,0.010783,0.015833,0.005972,0.003948,0.002175,0.001952,0.004094,0.001087,0.001129,0.548461,0.006371
202609121805,2026-09-12,18,05R,realtime,0.4103,0.001279,0.000340,0.000316,0.000177,0.000242,0.000548,0.021677,0.042169,0.032606,0.005320,0.002450,0.059775,0.020471,0.014985,0.006140,0.079053,0.018771,0.017411,0.004794,0.003108,0.029181,0.011864,0.015930,0.005665,0.003822,0.001830,0.001743,0.004530,0.000917,0.000569,0.589743,0.002574
202609121806,2026-09-12,18,06R,daily,0.3011,0.001123,0.000695,0.000372,0.000154,0.000136,0.000506,0.012368,0.035097,0.019114,0.003734,0.003159,0.039879,0.015829,0.013259,0.003890,0.067811,0.013557,0.011466,0.002247,0.001864,0.021986,0.007133,0.008675,0.003125,0.003211,0.001569,0.001458,0.002167,0.000843,0.000714,0.698902,0.003959
202609121806,2026-09-12,18,06R,realtime,0.3054,0.001170,0.000321,0.000224,0.000126,0.000193,0.000495,0.013143,0.028219,0.020487,0.002465,0.001889,0.039451,0.017112,0.010057,0.004086,0.074025,0.013242,0.014286,0.003012,0.002008,0.024946,0.009167,0.008905,0.003110,0.003367,0.001562,0.001171,0.002566,0.000873,0.000519,0.694634,0.003167
202609121807,2026-09-12,18,07R,daily,0.3934,0.001753,0.000896,0.000390,0.000193,0.000205,0.000899,0.015603,0.059454,0.029549,0.008194,0.003319,0.048636,0.020701,0.029327,0.005344,0.060452,0.017471,0.015576,0.006511,0.001838,0.021179,0.007000,0.017890,0.004002,0.006733,0.001586,0.001711,0.002123,0.000988,0.001145,0.606593,0.002738
202609121807,2026-09-12,18,07R,realtime,0.3914,0.001265,0.000309,0.000313,0.000160,0.000253,0.000673,0.013759,0.057162,0.032155,0.007103,0.001971,0.059395,0.021609,0.029270,0.003792,0.053238,0.017045,0.010427,0.009810,0.002002,0.022095,0.010628,0.016709,0.004125,0.005544,0.002259,0.001672,0.002721,0.001050,0.000851,0.608611,0.002026
202609121808,2026-09-12,18,08R,daily,0.4155,0.002303,0.000796,0.000537,0.000244,0.000211,0.000788,0.029078,0.033492,0.034065,0.006648,0.003765,0.032933,0.018523,0.024205,0.005382,0.110809,0.014443,0.019224,0.005102,0.002864,0.020436,0.011166,0.010560,0.005771,0.005531,0.002232,0.001854,0.002360,0.001067,0.001075,0.584507,0.008032
202609121808,2026-09-12,18,08R,realtime,0.5018,0.001275,0.000496,0.000308,0.000233,0.000280,0.000638,0.048475,0.026822,0.044475,0.003112,0.004263,0.039337,0.022771,0.022587,0.005861,0.149619,0.019312,0.020444,0.007063,0.002469,0.022115,0.016715,0.013773,0.007197,0.005953,0.002688,0.001820,0.004640,0.001352,0.000980,0.498171,0.004756
202609121809,2026-09-12,18,09R,daily,0.3447,0.001335,0.000825,0.000354,0.000192,0.000164,0.000810,0.011574,0.045366,0.027586,0.006367,0.002674,0.039496,0.025571,0.027675,0.005000,0.053838,0.012767,0.011061,0.003698,0.001749,0.022618,0.009410,0.012420,0.004370,0.004994,0.001435,0.001358,0.002795,0.001454,0.001010,0.655348,0.004682
202609121809,2026-09-12,18,09R,realtime,0.3681,0.001211,0.000220,0.000227,0.000158,0.000206,0.000703,0.011363,0.038397,0.034563,0.004700,0.000846,0.044983,0.027461,0.032996,0.004612,0.065679,0.010811,0.012393,0.003561,0.001887,0.022955,0.010400,0.015140,0.005445,0.005442,0.001614,0.001655,0.004297,0.001331,0.000551,0.631887,0.002309
202609121810,2026-09-12,18,10R,daily,0.2859,0.001399,0.000605,0.000334,0.000156,0.000135,0.000591,0.011326,0.025548,0.024119,0.003663,0.002421,0.028574,0.019352,0.015870,0.003576,0.066119,0.009760,0.013897,0.002580,0.001525,0.022988,0.007409,0.006934,0.003651,0.003242,0.001333,0.001499,0.002067,0.000921,0.000703,0.714129,0.003574
202609121810,2026-09-12,18,10R,realtime,0.2919,0.001534,0.000218,0.000178,0.000123,0.000167,0.000529,0.014075,0.012006,0.022712,0.002166,0.001168,0.024605,0.016728,0.018129,0.003177,0.088255,0.009794,0.013643,0.002536,0.001216,0.026481,0.010701,0.005711,0.003178,0.003334,0.001519,0.001059,0.003347,0.001021,0.000426,0.708102,0.002159
202609121811,2026-09-12,18,11R,daily,0.3359,0.001701,0.000550,0.000311,0.000175,0.000164,0.001063,0.013058,0.028453,0.042105,0.006171,0.002743,0.024719,0.031938,0.032039,0.006834,0.055932,0.009428,0.011850,0.006389,0.001626,0.021565,0.008406,0.009579,0.004528,0.005085,0.001410,0.001359,0.002385,0.001227,0.000918,0.664147,0.002145
202609121811,2026-09-12,18,11R,realtime,0.3546,0.001151,0.000225,0.000256,0.000147,0.000211,0.000879,0.015758,0.026602,0.032985,0.004167,0.001642,0.031185,0.025592,0.039023,0.006488,0.070490,0.011746,0.009312,0.006887,0.001617,0.026174,0.012210,0.010208,0.004341,0.006144,0.001619,0.001358,0.002880,0.001230,0.000658,0.645364,0.001449
202609121812,2026-09-12,18,12R,daily,0.2727,0.001445,0.000502,0.000324,0.000124,0.000145,0.000591,0.009988,0.025035,0.017533,0.004022,0.001038,0.037437,0.011882,0.012754,0.002729,0.060244,0.008341,0.012864,0.003795,0.001802,0.028051,0.005443,0.010213,0.003639,0.003178,0.001381,0.001431,0.001814,0.000952,0.000816,0.727293,0.003197
202609121812,2026-09-12,18,12R,realtime,0.2733,0.000724,0.000214,0.000232,0.000098,0.000174,0.000456,0.009749,0.016267,0.024767,0.002812,0.000220,0.035709,0.011914,0.013302,0.002045,0.069769,0.006937,0.012649,0.003078,0.001466,0.030787,0.005718,0.008934,0.003637,0.004709,0.000918,0.001403,0.001670,0.000703,0.000532,0.726711,0.001695
202609122001,2026-09-12,20,01R,daily,0.6293,0.002974,0.001245,0.000594,0.000425,0.000211,0.000465,0.060138,0.045670,0.060269,0.020402,0.003702,0.036400,0.037669,0.045453,0.007417,0.139799,0.019865,0.036650,0.005132,0.002374,0.023408,0.016644,0.022036,0.012048,0.009102,0.003592,0.002749,0.001784,0.002929,0.002168,0.370698,0.005991
202609122001,2026-09-12,20,01R,realtime,0.6336,0.003811,0.001964,0.000782,0.000314,0.000308,0.000396,0.053773,0.046042,0.050360,0.008984,0.004218,0.029718,0.051463,0.033960,0.007644,0.142488,0.018718,0.035768,0.004043,0.002009,0.026238,0.029742,0.028690,0.020388,0.011033,0.001115,0.002338,0.002538,0.003089,0.001194,0.366412,0.010461
202609122002,2026-09-12,20,02R,daily,0.6057,0.002784,0.000920,0.000376,0.000232,0.000199,0.000347,0.032030,0.043039,0.045214,0.030994,0.001624,0.026427,0.030547,0.180566,0.002800,0.085922,0.011455,0.022376,0.010875,0.001215,0.019841,0.009871,0.007182,0.015242,0.014959,0.000672,0.001219,0.000709,0.002059,0.000516,0.394270,0.003518
202609122002,2026-09-12,20,02R,realtime,0.5896,0.001915,0.000346,0.000210,0.000189,0.000241,0.000287,0.023537,0.035980,0.045833,0.022320,0.001459,0.026278,0.027154,0.200091,0.003057,0.082981,0.005357,0.019900,0.010322,0.001204,0.022279,0.009285,0.006697,0.014943,0.020608,0.000707,0.001164,0.001213,0.001773,0.000545,0.410369,0.001757
202609122003,2026-09-12,20,03R,daily,0.5823,0.003295,0.000987,0.000704,0.000330,0.000231,0.000708,0.040560,0.076919,0.028093,0.030269,0.003774,0.048935,0.019954,0.097463,0.008268,0.085627,0.023125,0.018898,0.013147,0.002580,0.020465,0.009489,0.015278,0.008612,0.011925,0.002314,0.001635,0.001091,0.001865,0.001016,0.417730,0.004712
202609122003,2026-09-12,20,03R,realtime,0.6528,0.004602,0.001162,0.000868,0.000401,0.000300,0.000878,0.030334,0.074447,0.055612,0.007437,0.004777,0.059842,0.086734,0.024013,0.013052,0.080279,0.022834,0.076027,0.003118,0.004130,0.018536,0.006711,0.019549,0.034741,0.005083,0.003194,0.002238,0.003167,0.003031,0.000993,0.347213,0.004696
202609122004,2026-09-12,20,04R,daily,0.5288,0.003101,0.001351,0.000842,0.000349,0.000229,0.000737,0.030054,0.067464,0.022748,0.031697,0.013668,0.028040,0.011823,0.068436,0.026193,0.091524,0.014231,0.011081,0.011310,0.006602,0.025517,0.017151,0.011636,0.003480,0.012120,0.005634,0.001407,0.001133,0.001630,0.001725,0.471196,0.005893
202609122004,2026-09-12,20,04R,realtime,0.5907,0.006678,0.001191,0.000624,0.000308,0.000302,0.000479,0.023226,0.050874,0.084885,0.008105,0.002714,0.031560,0.087535,0.048085,0.004286,0.069257,0.011581,0.045327,0.006538,0.001831,0.025522,0.015642,0.011823,0.025611,0.010207,0.001370,0.001884,0.004017,0.002993,0.001225,0.409341,0.004979
202609122005,2026-09-12,20,05R,daily,0.3826,0.001169,0.000505,0.000236,0.000162,0.000095,0.000320,0.030396,0.029292,0.048605,0.002252,0.003535,0.021145,0.025511,0.006014,0.003645,0.103886,0.008136,0.026823,0.001136,0.000524,0.018882,0.017893,0.009042,0.013435,0.001127,0.000495,0.001802,0.001141,0.001313,0.000532,0.617370,0.003580
202609122005,2026-09-12,20,05R,realtime,0.4479,0.000881,0.000436,0.000166,0.000158,0.000144,0.000319,0.043378,0.045805,0.024528,0.000854,0.002427,0.029115,0.044106,0.005665,0.003823,0.114520,0.007187,0.044294,0.001030,0.001228,0.027765,0.016002,0.011725,0.014571,0.001055,0.000358,0.001566,0.001463,0.001101,0.000283,0.552078,0.001967
202609122006,2026-09-12,20,06R,daily,0.4827,0.001498,0.001200,0.000719,0.000268,0.000115,0.000571,0.031470,0.076073,0.025140,0.001964,0.010805,0.087963,0.017844,0.003116,0.017816,0.066500,0.026524,0.022280,0.001123,0.004228,0.028239,0.007479,0.021946,0.007944,0.001025,0.007467,0.001810,0.002789,0.001514,0.001141,0.517293,0.004138
202609122006,2026-09-12,20,06R,realtime,0.5015,0.005680,0.001120,0.000950,0.000192,0.000230,0.000280,0.020224,0.074687,0.023446,0.008638,0.001286,0.096025,0.020120,0.044842,0.001053,0.051355,0.027100,0.025916,0.003608,0.000629,0.030538,0.006590,0.027132,0.007584,0.008693,0.000370,0.001600,0.002636,0.001509,0.001328,0.498521,0.006119
202609122007,2026-09-12,20,07R,daily,0.3860,0.001682,0.000679,0.000438,0.000199,0.000127,0.000379,0.010133,0.069385,0.019336,0.010253,0.003108,0.095896,0.013162,0.027175,0.003753,0.024351,0.020269,0.016035,0.003809,0.001556,0.027689,0.002466,0.016329,0.005571,0.004283,0.001339,0.001146,0.001358,0.001131,0.000570,0.614034,0.002358
202609122007,2026-09-12,20,07R,realtime,0.3605,0.002057,0.000139,0.000314,0.000146,0.000153,0.000279,0.010021,0.060837,0.014455,0.003840,0.001987,0.104083,0.010962,0.021149,0.002659,0.024340,0.015524,0.012457,0.003327,0.001566,0.031596,0.002732,0.020947,0.004623,0.004661,0.001043,0.000807,0.001227,0.000855,0.000372,0.639550,0.001292
202609122008,2026-09-12,20,08R,daily,0.4032,0.002403,0.000637,0.000569,0.000272,0.000150,0.000541,0.031701,0.045227,0.019991,0.005725,0.004609,0.042363,0.009967,0.013606,0.005567,0.111358,0.015170,0.012542,0.002141,0.001334,0.026257,0.014250,0.013655,0.004716,0.003033,0.001799,0.002219,0.001365,0.001537,0.001038,0.596803,0.007451
202609122008,2026-09-12,20,08R,realtime,0.3825,0.001064,0.000383,0.000356,0.000182,0.000174,0.000490,0.033788,0.031937,0.013115,0.002982,0.001693,0.036819,0.008048,0.011268,0.004406,0.127202,0.013403,0.013173,0.002028,0.001562,0.030849,0.016568,0.014236,0.004057,0.003375,0.001127,0.001600,0.001080,0.000998,0.000486,0.617459,0.004092
202609122009,2026-09-12,20,09R,daily,0.3095,0.001221,0.000566,0.000239,0.000209,0.000122,0.000387,0.016871,0.014939,0.022969,0.010828,0.006947,0.009242,0.013719,0.048503,0.007381,0.081878,0.002898,0.009186,0.002712,0.002233,0.027544,0.009948,0.001788,0.004228,0.004079,0.001120,0.000999,0.000662,0.000850,0.000471,0.690495,0.004767
202609122009,2026-09-12,20,09R,realtime,0.2941,0.001582,0.000475,0.000084,0.000165,0.000157,0.000368,0.018238,0.013059,0.018430,0.004946,0.004110,0.008293,0.011028,0.041774,0.006045,0.093233,0.001688,0.009590,0.002693,0.002391,0.028513,0.009849,0.002060,0.004013,0.004239,0.000968,0.001005,0.000690,0.000637,0.000383,0.705934,0.003359
202609122010,2026-09-12,20,10R,daily,0.2946,0.001307,0.000692,0.000347,0.000194,0.000127,0.000508,0.005435,0.039279,0.026186,0.007872,0.007313,0.031385,0.020131,0.025349,0.015876,0.025959,0.005890,0.012353,0.003700,0.004265,0.027956,0.003849,0.008641,0.007794,0.003276,0.003661,0.000962,0.001045,0.000973,0.000695,0.705446,0.001532
202609122010,2026-09-12,20,10R,realtime,0.3701,0.015894,0.002004,0.000571,0.000265,0.000268,0.000844,0.010686,0.016745,0.034159,0.012462,0.010013,0.011857,0.030838,0.055230,0.023733,0.033346,0.003171,0.007984,0.005216,0.008338,0.034583,0.006159,0.004910,0.007531,0.010002,0.002648,0.001174,0.001820,0.002378,0.000986,0.629921,0.014263
202609122011,2026-09-12,20,11R,daily,0.3864,0.001400,0.000511,0.000485,0.000245,0.000144,0.000494,0.028520,0.041083,0.027827,0.004868,0.007540,0.027061,0.017287,0.014044,0.008635,0.109555,0.012084,0.013226,0.002385,0.001912,0.021846,0.017522,0.006355,0.007956,0.001616,0.001871,0.001775,0.001438,0.000885,0.000721,0.613556,0.005152
202609122012,2026-09-12,20,12R,daily,0.3218,0.001896,0.000454,0.000365,0.000194,0.000140,0.000630,0.010797,0.030052,0.035754,0.006037,0.001621,0.037600,0.025609,0.037742,0.003256,0.044080,0.006560,0.012025,0.004723,0.000943,0.023553,0.005909,0.008812,0.009779,0.004281,0.000804,0.001931,0.001322,0.001723,0.000569,0.678233,0.002607
202609122101,2026-09-12,21,01R,daily,0.3632,0.001240,0.000657,0.000266,0.000139,0.000145,0.000382,0.013639,0.041155,0.042980,0.020679,0.004184,0.039231,0.016004,0.035111,0.007562,0.045700,0.007206,0.012040,0.002848,0.000630,0.027172,0.010531,0.014706,0.006079,0.004596,0.000793,0.001770,0.001189,0.001634,0.000830,0.636805,0.002097
202609122101,2026-09-12,21,01R,realtime,0.2989,0.000793,0.000289,0.000239,0.000134,0.000130,0.000243,0.008939,0.026111,0.035086,0.009331,0.001988,0.040023,0.014629,0.036174,0.005559,0.037813,0.003852,0.009241,0.001772,0.000654,0.029251,0.006342,0.014216,0.005052,0.004427,0.000690,0.001594,0.001391,0.001254,0.000791,0.701108,0.000885
202609122102,2026-09-12,21,02R,daily,0.4700,0.000959,0.000886,0.000244,0.000205,0.000123,0.000593,0.007212,0.039606,0.127012,0.012472,0.002744,0.039501,0.055381,0.027590,0.008280,0.022163,0.005587,0.032568,0.001629,0.001918,0.035726,0.005222,0.015336,0.009652,0.004491,0.003064,0.001477,0.003123,0.002355,0.001762,0.530029,0.001090
202609122102,2026-09-12,21,02R,realtime,0.4402,0.004745,0.000736,0.000431,0.000239,0.000171,0.000324,0.005265,0.043754,0.116361,0.008692,0.003728,0.041433,0.056366,0.026249,0.003927,0.016795,0.007942,0.028677,0.001118,0.000449,0.020779,0.004918,0.012606,0.011352,0.009160,0.000894,0.001495,0.002249,0.003520,0.002617,0.559810,0.003198
202609122103,2026-09-12,21,03R,daily,0.6152,0.001166,0.000633,0.000467,0.000167,0.000177,0.000509,0.015620,0.168930,0.022730,0.027856,0.002785,0.128559,0.010479,0.036309,0.005164,0.041325,0.044954,0.011054,0.004695,0.001196,0.021203,0.006975,0.042940,0.002571,0.005615,0.001345,0.001848,0.001320,0.001151,0.001500,0.384826,0.003934
202609122103,2026-09-12,21,03R,realtime,0.5469,0.000523,0.000172,0.000511,0.000149,0.000148,0.000292,0.011440,0.130896,0.013800,0.026762,0.001118,0.148007,0.006783,0.031821,0.003680,0.035416,0.036195,0.005988,0.003628,0.000863,0.026760,0.007290,0.038740,0.001537,0.007501,0.001176,0.001173,0.000900,0.000982,0.001287,0.453080,0.001381
202609122104,2026-09-12,21,04R,daily,0.3006,0.001113,0.000773,0.000201,0.000118,0.000118,0.000409,0.002778,0.034725,0.036070,0.018107,0.004302,0.038843,0.011587,0.044897,0.010762,0.010859,0.006743,0.007647,0.003777,0.001844,0.036573,0.001909,0.011072,0.002528,0.005661,0.001607,0.001227,0.001072,0.001548,0.000819,0.699356,0.000956
202609122104,2026-09-12,21,04R,realtime,0.3042,0.001264,0.000147,0.000194,0.000126,0.000141,0.000330,0.003850,0.026657,0.042075,0.008428,0.001313,0.043231,0.012041,0.046831,0.007794,0.012874,0.007497,0.009400,0.003861,0.001776,0.044213,0.002194,0.011327,0.002637,0.008134,0.001402,0.000952,0.000768,0.001331,0.000786,0.695765,0.000661
202609122105,2026-09-12,21,05R,daily,0.4976,0.001284,0.000739,0.000260,0.000261,0.000177,0.000892,0.017408,0.018071,0.140970,0.025228,0.012545,0.013330,0.035754,0.057805,0.016290,0.049517,0.003376,0.023470,0.005744,0.002079,0.028560,0.009809,0.005670,0.011320,0.005747,0.002806,0.001139,0.001054,0.002130,0.001337,0.502364,0.002867
202609122105,2026-09-12,21,05R,realtime,0.6105,0.010426,0.002461,0.000270,0.000423,0.000352,0.001113,0.015525,0.020867,0.178951,0.051351,0.013453,0.012651,0.033085,0.060422,0.051785,0.032423,0.003460,0.018243,0.007668,0.004164,0.021366,0.007950,0.004615,0.008404,0.019093,0.005713,0.002663,0.001686,0.004367,0.004398,0.389517,0.011137
202609122106,2026-09-12,21,06R,daily,0.6184,0.003565,0.001327,0.000571,0.000391,0.000222,0.001397,0.075675,0.023871,0.087900,0.019779,0.013385,0.021348,0.024385,0.043962,0.038093,0.114815,0.007425,0.011102,0.005791,0.004439,0.033667,0.024016,0.017569,0.006584,0.006674,0.010128,0.003232,0.003433,0.004080,0.003973,0.381554,0.005647
202609122106,2026-09-12,21,06R,realtime,0.7713,0.004684,0.008246,0.002408,0.000366,0.000318,0.000480,0.086253,0.107241,0.026159,0.058588,0.002285,0.058504,0.019903,0.054671,0.005796,0.122263,0.029716,0.008417,0.003596,0.000764,0.021657,0.041389,0.027722,0.004723,0.009914,0.000956,0.009116,0.005331,0.004271,0.004357,0.228717,0.041190
202609122107,2026-09-12,21,07R,daily,0.5103,0.001498,0.001475,0.000476,0.000270,0.000196,0.000570,0.023125,0.075359,0.063876,0.023085,0.016865,0.030368,0.021999,0.036664,0.028641,0.062726,0.015117,0.013882,0.004942,0.003276,0.029780,0.014710,0.016316,0.004834,0.005111,0.005005,0.001646,0.001190,0.002251,0.001875,0.489683,0.003189
202609122107,2026-09-12,21,07R,realtime,0.4580,0.001448,0.000435,0.000324,0.000258,0.000226,0.000556,0.020505,0.044819,0.080388,0.015421,0.006151,0.024147,0.021085,0.035933,0.025513,0.060816,0.011110,0.016375,0.004448,0.003543,0.033361,0.015909,0.012832,0.004330,0.006025,0.004309,0.001204,0.000796,0.002257,0.001535,0.541972,0.001968
202609122108,2026-09-12,21,08R,daily,0.6062,0.002300,0.001759,0.000575,0.000229,0.000157,0.000621,0.011368,0.118279,0.029320,0.017675,0.007362,0.159768,0.012461,0.040506,0.022305,0.025083,0.024520,0.014930,0.002529,0.003227,0.028017,0.004562,0.048228,0.002814,0.003999,0.008282,0.001890,0.004271,0.002664,0.002847,0.393776,0.003677
202609122108,2026-09-12,21,08R,realtime,0.6529,0.004882,0.000784,0.000853,0.000196,0.000229,0.000282,0.007135,0.148728,0.017476,0.040745,0.001622,0.176306,0.012988,0.052993,0.005738,0.017390,0.020779,0.011011,0.003151,0.000728,0.029364,0.003659,0.060512,0.003369,0.015813,0.000765,0.002816,0.002649,0.002959,0.002231,0.347118,0.004730
202609122109,2026-09-12,21,09R,daily,0.3994,0.002534,0.000781,0.000409,0.000164,0.000145,0.001285,0.023073,0.044943,0.027348,0.024065,0.007234,0.023408,0.010557,0.067373,0.027070,0.045390,0.006089,0.003651,0.007849,0.001915,0.039657,0.010394,0.006788,0.001013,0.006803,0.001872,0.001517,0.001275,0.001836,0.001473,0.600593,0.001494
202609122109,2026-09-12,21,09R,realtime,0.4256,0.003555,0.001545,0.001015,0.000178,0.000239,0.000401,0.017938,0.039586,0.039431,0.031263,0.001450,0.036843,0.013144,0.045862,0.003809,0.043556,0.016853,0.008976,0.003360,0.000525,0.056854,0.009259,0.018562,0.003013,0.010313,0.000293,0.002802,0.001815,0.002645,0.003583,0.574422,0.006911
202609122110,2026-09-12,21,10R,daily,0.4219,0.001191,0.000558,0.000312,0.000180,0.000130,0.000547,0.045188,0.015771,0.043355,0.011575,0.007265,0.006577,0.008728,0.025483,0.009512,0.160410,0.003579,0.006355,0.002429,0.000864,0.023066,0.025314,0.004127,0.002354,0.002413,0.001268,0.001603,0.000932,0.001718,0.001437,0.578068,0.007691
202609122110,2026-09-12,21,10R,realtime,0.4229,0.000996,0.000714,0.000194,0.000222,0.000144,0.000481,0.033691,0.017008,0.050258,0.007266,0.006194,0.007840,0.010547,0.029748,0.009993,0.157907,0.002552,0.007134,0.001895,0.000943,0.026242,0.027281,0.004432,0.002830,0.002838,0.001627,0.001856,0.001104,0.002069,0.001413,0.577099,0.005479
202609122111,2026-09-12,21,11R,daily,0.3858,0.001392,0.000701,0.000577,0.000213,0.000143,0.000695,0.016888,0.055413,0.032289,0.007640,0.016799,0.039983,0.008681,0.011698,0.020647,0.065189,0.012352,0.006166,0.001693,0.002065,0.027429,0.017597,0.016349,0.002347,0.002011,0.003962,0.002196,0.001833,0.001703,0.001852,0.614231,0.007266
202609122111,2026-09-12,21,11R,realtime,0.3931,0.001020,0.000376,0.000467,0.000212,0.000158,0.000606,0.014844,0.047888,0.029936,0.005917,0.016168,0.043163,0.007072,0.010886,0.022419,0.068644,0.013553,0.004822,0.001327,0.002437,0.034943,0.027224,0.019088,0.001983,0.002486,0.004181,0.002662,0.001585,0.002269,0.001174,0.606944,0.003545
202609122112,2026-09-12,21,12R,daily,0.3304,0.001284,0.000547,0.000295,0.000202,0.000135,0.000754,0.014252,0.019506,0.070498,0.011025,0.007521,0.012483,0.019658,0.025518,0.013757,0.046984,0.004790,0.010014,0.002340,0.001366,0.031163,0.011795,0.005615,0.003833,0.004078,0.001784,0.001712,0.001410,0.001806,0.001304,0.669619,0.002952
202609122112,2026-09-12,21,12R,realtime,0.3603,0.000976,0.000301,0.000226,0.000211,0.000154,0.000626,0.017449,0.008812,0.101190,0.008270,0.003515,0.010041,0.016808,0.029006,0.013116,0.053572,0.004909,0.010817,0.001916,0.001257,0.037960,0.016890,0.003920,0.003515,0.005322,0.001875,0.001578,0.001013,0.001941,0.001318,0.639661,0.001835
202609122401,2026-09-12,24,01R,daily,0.4213,0.001874,0.000627,0.000368,0.000190,0.000170,0.000971,0.015794,0.033575,0.055244,0.007964,0.005433,0.055377,0.028890,0.038771,0.009824,0.060857,0.011085,0.020266,0.005500,0.002344,0.027385,0.006703,0.008960,0.007010,0.005424,0.001368,0.001967,0.001748,0.000918,0.001392,0.578687,0.003313
202609122401,2026-09-12,24,01R,realtime,0.4307,0.002018,0.000211,0.000198,0.000148,0.000232,0.001060,0.017660,0.030120,0.056900,0.004376,0.021047,0.054121,0.026300,0.022798,0.013992,0.070475,0.008900,0.013234,0.007487,0.001865,0.036589,0.006969,0.009413,0.010320,0.003367,0.001443,0.002542,0.003914,0.001031,0.000954,0.569311,0.001006
202609122402,2026-09-12,24,02R,daily,0.3518,0.002150,0.000667,0.000401,0.000172,0.000137,0.000762,0.016271,0.024923,0.027604,0.005186,0.003394,0.038301,0.017215,0.044514,0.008069,0.078158,0.008008,0.008492,0.003391,0.002076,0.028133,0.006793,0.005064,0.004366,0.005954,0.001148,0.001829,0.001795,0.001291,0.000935,0.648187,0.004617
202609122402,2026-09-12,24,02R,realtime,0.3316,0.002011,0.000269,0.000267,0.000132,0.000162,0.000703,0.011786,0.020215,0.025925,0.004588,0.001743,0.037917,0.017362,0.046298,0.007437,0.074826,0.005348,0.006921,0.004355,0.002186,0.028649,0.007623,0.005010,0.004887,0.005047,0.001068,0.001897,0.002957,0.001153,0.000497,0.668425,0.002334
202609122403,2026-09-12,24,03R,daily,0.3846,0.003195,0.000805,0.000368,0.000171,0.000143,0.000972,0.013952,0.034134,0.027052,0.004929,0.002467,0.057150,0.016758,0.038400,0.011104,0.076703,0.011866,0.014671,0.002799,0.001242,0.028107,0.007146,0.008355,0.003879,0.005198,0.001066,0.002605,0.002371,0.002077,0.001428,0.615365,0.003522
202609122403,2026-09-12,24,03R,realtime,0.3655,0.002367,0.000321,0.000337,0.000131,0.000171,0.000937,0.008654,0.038239,0.027072,0.003287,0.001108,0.065753,0.014451,0.029199,0.009759,0.072981,0.010895,0.015532,0.002970,0.001462,0.024940,0.006295,0.010300,0.004839,0.003862,0.000925,0.002642,0.002118,0.001332,0.000755,0.634532,0.001833
202609122404,2026-09-12,24,04R,daily,0.3303,0.002090,0.000700,0.000396,0.000171,0.000141,0.000794,0.012295,0.025220,0.026294,0.004766,0.003163,0.037158,0.014189,0.033591,0.011356,0.073762,0.007570,0.010728,0.002645,0.001669,0.027833,0.005755,0.007023,0.003476,0.005609,0.001348,0.001947,0.001993,0.001149,0.001197,0.669680,0.004291
202609122404,2026-09-12,24,04R,realtime,0.3459,0.002353,0.000249,0.000274,0.000139,0.000189,0.000878,0.009955,0.023575,0.023692,0.004915,0.002493,0.043454,0.011924,0.032574,0.013284,0.086527,0.007759,0.010022,0.002924,0.001694,0.030850,0.006850,0.007681,0.004788,0.005246,0.001693,0.002719,0.003517,0.001150,0.000687,0.654137,0.001809
202609122405,2026-09-12,24,05R,daily,0.3611,0.002145,0.000710,0.000433,0.000174,0.000139,0.000683,0.014464,0.036213,0.022089,0.005181,0.004980,0.068290,0.015102,0.031747,0.007924,0.060336,0.014258,0.016545,0.001697,0.001806,0.023813,0.005572,0.006354,0.002480,0.004379,0.001169,0.001872,0.001906,0.001009,0.001230,0.638869,0.006430
202609122405,2026-09-12,24,05R,realtime,0.4107,0.007985,0.000924,0.000424,0.000165,0.000243,0.000976,0.017340,0.040291,0.031696,0.006231,0.027250,0.063882,0.014421,0.014713,0.019764,0.062770,0.012628,0.008413,0.004127,0.000983,0.028622,0.004133,0.009726,0.007090,0.003794,0.001261,0.004536,0.007429,0.001939,0.002092,0.589310,0.004842
202609122406,2026-09-12,24,06R,daily,0.1704,0.000933,0.000307,0.000140,0.000083,0.000072,0.000567,0.002730,0.010120,0.009744,0.002517,0.003681,0.025683,0.007620,0.020740,0.009091,0.034673,0.003065,0.002823,0.000849,0.000720,0.020077,0.002661,0.002120,0.001586,0.001628,0.000661,0.001105,0.001155,0.000784,0.000487,0.829563,0.002014
202609122406,2026-09-12,24,06R,realtime,0.1769,0.001162,0.000112,0.000104,0.000063,0.000085,0.000500,0.002500,0.009644,0.010184,0.001597,0.001516,0.030871,0.005962,0.022315,0.006580,0.044381,0.003182,0.002885,0.000887,0.000770,0.018530,0.001725,0.002650,0.001933,0.001444,0.000660,0.001351,0.001460,0.000711,0.000315,0.823066,0.000855
202609122407,2026-09-12,24,07R,daily,0.2444,0.001732,0.000357,0.000250,0.000105,0.000100,0.000596,0.007035,0.016347,0.015926,0.004065,0.002268,0.033877,0.009892,0.023742,0.008000,0.055898,0.005618,0.008046,0.001828,0.000828,0.028832,0.003527,0.003108,0.002819,0.002244,0.000889,0.001495,0.001324,0.000795,0.000678,0.755625,0.002156
202609122407,2026-09-12,24,07R,realtime,0.2550,0.001546,0.000180,0.000215,0.000085,0.000135,0.000643,0.005124,0.022681,0.014302,0.002359,0.001247,0.040657,0.007855,0.022084,0.005478,0.066458,0.006881,0.010170,0.002003,0.000858,0.024634,0.002827,0.004011,0.003640,0.001747,0.000841,0.001598,0.001687,0.000597,0.000563,0.744972,0.001920
202609122408,2026-09-12,24,08R,daily,0.2722,0.002352,0.000502,0.000251,0.000136,0.000114,0.000959,0.009437,0.016698,0.023961,0.003919,0.005365,0.029131,0.014510,0.037914,0.012237,0.055920,0.005205,0.007692,0.001977,0.001220,0.020042,0.004505,0.003175,0.002961,0.003739,0.001127,0.001107,0.001338,0.001024,0.000729,0.727824,0.002928
202609122408,2026-09-12,24,08R,realtime,0.2645,0.001582,0.000212,0.000168,0.000102,0.000135,0.000768,0.008738,0.015816,0.025561,0.002226,0.003600,0.034396,0.011694,0.036233,0.009394,0.061771,0.004250,0.008688,0.001915,0.001294,0.016577,0.003260,0.003082,0.003210,0.003595,0.000996,0.000939,0.001173,0.000975,0.000679,0.735508,0.001461
202609122409,2026-09-12,24,09R,daily,0.3004,0.002404,0.000799,0.000345,0.000161,0.000128,0.000809,0.009758,0.025884,0.023887,0.005765,0.005289,0.036489,0.016181,0.046592,0.007820,0.049808,0.006853,0.009175,0.003014,0.001471,0.021444,0.003682,0.004883,0.002461,0.005794,0.001235,0.002040,0.001130,0.001086,0.001154,0.699572,0.002886
202609122409,2026-09-12,24,09R,realtime,0.2951,0.002367,0.000274,0.000192,0.000129,0.000163,0.000694,0.011014,0.022494,0.017973,0.004490,0.002545,0.035227,0.012016,0.047682,0.006692,0.063106,0.007066,0.008936,0.004312,0.001345,0.020798,0.004054,0.004929,0.002432,0.004898,0.001414,0.001412,0.001467,0.001054,0.000960,0.704879,0.002987
202609122410,2026-09-12,24,10R,daily,0.4525,0.003383,0.000750,0.000504,0.000196,0.000201,0.001010,0.016296,0.029340,0.040145,0.011347,0.001725,0.048309,0.025360,0.083461,0.008585,0.072541,0.009744,0.021179,0.007247,0.001739,0.029364,0.005473,0.005848,0.005203,0.010351,0.001257,0.002267,0.001547,0.001905,0.001759,0.547537,0.004427
202609122410,2026-09-12,24,10R,realtime,0.4153,0.001925,0.000259,0.000328,0.000146,0.000225,0.000798,0.010952,0.035607,0.028806,0.009435,0.000917,0.062436,0.017290,0.073862,0.006569,0.073775,0.008987,0.014241,0.006591,0.001474,0.024800,0.004553,0.005656,0.005710,0.009146,0.001552,0.002384,0.001780,0.001576,0.001348,0.584699,0.002172
202609122411,2026-09-12,24,11R,daily,0.2405,0.001426,0.000364,0.000265,0.000117,0.000100,0.000701,0.005840,0.018369,0.020494,0.002550,0.002203,0.033866,0.012852,0.017286,0.005405,0.054700,0.005206,0.008126,0.001419,0.000874,0.025038,0.004167,0.004731,0.003486,0.002481,0.000811,0.001586,0.001332,0.000966,0.000791,0.759496,0.002954
202609122412,2026-09-12,24,12R,daily,0.2846,0.002084,0.000413,0.000353,0.000142,0.000123,0.000868,0.008353,0.026811,0.015510,0.003887,0.003254,0.048355,0.010846,0.027725,0.008447,0.056904,0.009608,0.008952,0.001722,0.000887,0.023679,0.004840,0.004838,0.002794,0.002783,0.001084,0.001811,0.001756,0.000908,0.000966,0.715412,0.003886
