レースコード,レース日,レース場コード,レース回,状態,荒れ度,P_その他_1,P_その他_2,P_その他_3,P_その他_4,P_その他_5,P_その他_6,P_まくり_2,P_まくり_3,P_まくり_4,P_まくり_5,P_まくり_6,P_まくり差し_3,P_まくり差し_4,P_まくり差し_5,P_まくり差し_6,P_差し_2,P_差し_3,P_差し_4,P_差し_5,P_差し_6,P_抜き_1,P_抜き_2,P_抜き_3,P_抜き_4,P_抜き_5,P_抜き_6,P_恵まれ_2,P_恵まれ_3,P_恵まれ_4,P_恵まれ_5,P_逃げ_1,P_逃げ_2
202609130201,2026-09-13,02,01R,daily,0.6221,0.001466,0.000820,0.000601,0.000302,0.000164,0.000412,0.057402,0.109268,0.093497,0.016663,0.014072,0.034807,0.031708,0.022595,0.010797,0.099780,0.014208,0.018432,0.003648,0.004250,0.022535,0.023583,0.015041,0.008387,0.004090,0.004361,0.002443,0.001457,0.001053,0.001094,0.377898,0.003163
202609130201,2026-09-13,02,01R,realtime,0.6465,0.001468,0.000486,0.000624,0.000414,0.000199,0.000584,0.059334,0.128855,0.074917,0.012797,0.023328,0.046251,0.029964,0.015465,0.016283,0.105720,0.016433,0.018648,0.003118,0.004067,0.021553,0.023942,0.014098,0.009625,0.003989,0.005771,0.002996,0.001726,0.001049,0.000973,0.353470,0.001855
202609130202,2026-09-13,02,02R,daily,0.7892,0.002075,0.001895,0.000733,0.000400,0.000248,0.000741,0.055933,0.077130,0.195203,0.020248,0.043444,0.021091,0.052901,0.047139,0.052749,0.059084,0.009903,0.033251,0.009567,0.016118,0.011069,0.010714,0.014956,0.019247,0.006670,0.015087,0.001581,0.001600,0.001244,0.001844,0.210774,0.005361
202609130202,2026-09-13,02,02R,realtime,0.7042,0.001298,0.000470,0.000478,0.000397,0.000262,0.000700,0.048258,0.047938,0.113972,0.015353,0.103348,0.024803,0.037206,0.033911,0.081479,0.064076,0.008742,0.024230,0.005625,0.016722,0.014440,0.010547,0.009438,0.015716,0.004555,0.013798,0.001168,0.001317,0.001268,0.001425,0.295812,0.001246
202609130203,2026-09-13,02,03R,daily,0.8159,0.003134,0.000574,0.000689,0.000242,0.000210,0.000658,0.223128,0.064518,0.085169,0.011419,0.002484,0.028077,0.035788,0.021694,0.001494,0.148793,0.016420,0.060791,0.004480,0.000728,0.008674,0.055149,0.007713,0.012782,0.008577,0.000603,0.002933,0.001658,0.001113,0.001005,0.184083,0.005220
202609130203,2026-09-13,02,03R,realtime,0.8477,0.000916,0.000609,0.000358,0.000304,0.000162,0.000377,0.362786,0.027141,0.040430,0.013931,0.001177,0.024047,0.026776,0.018926,0.001466,0.178389,0.014320,0.043035,0.003645,0.000348,0.008254,0.048351,0.004260,0.006984,0.011242,0.000566,0.002167,0.002543,0.000901,0.000814,0.152322,0.002452
202609130204,2026-09-13,02,04R,daily,0.7330,0.001898,0.001064,0.000676,0.000254,0.000198,0.000610,0.018436,0.176409,0.096028,0.014168,0.003050,0.107600,0.053395,0.046117,0.007104,0.030171,0.039022,0.039227,0.004682,0.002133,0.012915,0.004635,0.041322,0.010062,0.008328,0.003370,0.002568,0.001783,0.001390,0.001536,0.266963,0.002884
202609130204,2026-09-13,02,04R,realtime,0.7073,0.001111,0.000143,0.000707,0.000268,0.000173,0.000322,0.011665,0.171577,0.095292,0.008073,0.000940,0.137896,0.072067,0.036298,0.004728,0.022232,0.024059,0.044532,0.002500,0.001605,0.012506,0.003503,0.031815,0.007962,0.006420,0.002917,0.001560,0.000922,0.001382,0.001246,0.292669,0.000910
202609130205,2026-09-13,02,05R,daily,0.6515,0.003739,0.000442,0.000306,0.000273,0.000178,0.001083,0.030509,0.024442,0.263974,0.014556,0.004675,0.014152,0.069254,0.055701,0.006143,0.039954,0.004145,0.038854,0.009388,0.001559,0.015929,0.008075,0.005203,0.022509,0.007513,0.001909,0.001822,0.001778,0.001844,0.000885,0.348489,0.000718
202609130205,2026-09-13,02,05R,realtime,0.6266,0.006030,0.001370,0.001335,0.000238,0.000190,0.000647,0.024515,0.215972,0.007990,0.028052,0.007196,0.155650,0.006628,0.015571,0.008220,0.038508,0.031720,0.008469,0.002127,0.001137,0.017537,0.005224,0.020866,0.001772,0.004756,0.002607,0.001905,0.003478,0.001077,0.001963,0.373424,0.003825
202609130206,2026-09-13,02,06R,daily,0.6928,0.001718,0.001278,0.000546,0.000243,0.000166,0.000953,0.018827,0.212636,0.085128,0.007448,0.013859,0.104278,0.054398,0.020805,0.008959,0.033393,0.016888,0.024678,0.002924,0.003158,0.009514,0.006900,0.030520,0.016011,0.003667,0.004187,0.001706,0.002497,0.001941,0.001224,0.307198,0.002354
202609130206,2026-09-13,02,06R,realtime,0.5794,0.001255,0.000148,0.000541,0.000225,0.000138,0.000701,0.006849,0.199429,0.041686,0.003277,0.007038,0.152345,0.038349,0.014250,0.008978,0.021160,0.010479,0.015473,0.001386,0.002420,0.008428,0.003422,0.019578,0.009929,0.003175,0.003272,0.001032,0.001570,0.001481,0.000871,0.420597,0.000518
202609130207,2026-09-13,02,07R,daily,0.2683,0.000876,0.000956,0.000329,0.000104,0.000107,0.000427,0.011755,0.055011,0.011426,0.016147,0.004516,0.029048,0.009070,0.020683,0.006181,0.031158,0.003569,0.004251,0.003352,0.001473,0.032513,0.004296,0.007615,0.001050,0.005654,0.001491,0.000729,0.001111,0.001042,0.001046,0.731734,0.001279
202609130207,2026-09-13,02,07R,realtime,0.2735,0.002152,0.000340,0.000291,0.000126,0.000120,0.000345,0.008896,0.072328,0.010241,0.011294,0.002637,0.037147,0.006559,0.017034,0.007310,0.029586,0.004054,0.004959,0.003129,0.001676,0.029446,0.003436,0.008283,0.001030,0.005074,0.001557,0.000512,0.000633,0.000792,0.001040,0.726549,0.001427
202609130208,2026-09-13,02,08R,daily,0.5020,0.002726,0.001301,0.000520,0.000272,0.000178,0.000822,0.029109,0.070517,0.032825,0.023671,0.035360,0.021924,0.019593,0.062428,0.026983,0.074289,0.008829,0.008003,0.004670,0.004147,0.019061,0.016348,0.010181,0.003089,0.008688,0.005231,0.002060,0.001486,0.001991,0.001736,0.498047,0.003916
202609130208,2026-09-13,02,08R,realtime,0.4513,0.003992,0.000772,0.000432,0.000319,0.000186,0.001091,0.018290,0.070015,0.023038,0.036688,0.019978,0.024255,0.014600,0.052266,0.031433,0.063320,0.005392,0.005843,0.003773,0.004969,0.019808,0.015217,0.008552,0.002394,0.010319,0.005825,0.001761,0.000796,0.001695,0.001268,0.548679,0.003032
202609130209,2026-09-13,02,09R,daily,0.4812,0.001122,0.001282,0.000564,0.000143,0.000104,0.000456,0.022507,0.149149,0.007086,0.007302,0.015000,0.083630,0.007199,0.015920,0.010394,0.072534,0.015302,0.004419,0.001348,0.001767,0.018232,0.005455,0.022176,0.001105,0.002028,0.004330,0.001684,0.001822,0.000765,0.001271,0.518758,0.005149
202609130209,2026-09-13,02,09R,realtime,0.5184,0.001645,0.000468,0.000656,0.000171,0.000117,0.000466,0.017200,0.202695,0.005658,0.002413,0.010728,0.104183,0.007606,0.009804,0.010022,0.059690,0.011567,0.005918,0.001322,0.002992,0.015759,0.004043,0.027747,0.001112,0.000995,0.004598,0.000869,0.000852,0.000622,0.000950,0.481645,0.005485
202609130210,2026-09-13,02,10R,daily,0.5414,0.001965,0.000713,0.000609,0.000230,0.000191,0.000717,0.024288,0.131279,0.042881,0.034907,0.005320,0.044318,0.019016,0.078138,0.004242,0.042358,0.013629,0.012296,0.008791,0.001949,0.026380,0.012661,0.011724,0.003058,0.008486,0.001256,0.002579,0.001284,0.001080,0.001461,0.458644,0.003554
202609130210,2026-09-13,02,10R,realtime,0.5965,0.002484,0.000396,0.000520,0.000285,0.000208,0.000538,0.031143,0.130565,0.046474,0.048429,0.002965,0.049534,0.013360,0.092940,0.003952,0.048877,0.014459,0.009983,0.011491,0.001515,0.030193,0.016202,0.011898,0.002632,0.015580,0.001256,0.002316,0.001365,0.000939,0.001719,0.403509,0.002272
202609130211,2026-09-13,02,11R,daily,0.4735,0.002964,0.000512,0.000476,0.000212,0.000187,0.000848,0.060865,0.029153,0.036876,0.014574,0.015747,0.009043,0.008170,0.026990,0.016060,0.169010,0.003594,0.006604,0.006633,0.002153,0.019574,0.019207,0.003364,0.003371,0.004379,0.002275,0.002480,0.001038,0.001088,0.001208,0.526456,0.004886
202609130211,2026-09-13,02,11R,realtime,0.4882,0.003767,0.000818,0.001040,0.000214,0.000164,0.000601,0.005530,0.154270,0.014204,0.021219,0.008861,0.120548,0.010528,0.022202,0.020764,0.013927,0.014236,0.005374,0.002206,0.002019,0.017010,0.001879,0.026979,0.001496,0.005518,0.002202,0.000896,0.001646,0.001132,0.002156,0.511786,0.004809
202609130212,2026-09-13,02,12R,daily,0.4001,0.002441,0.000901,0.000368,0.000190,0.000203,0.000809,0.014507,0.026571,0.052701,0.023026,0.017469,0.010802,0.016114,0.072481,0.028245,0.040970,0.002456,0.005859,0.012979,0.005589,0.029974,0.004717,0.006982,0.003437,0.008543,0.004104,0.001938,0.000990,0.001214,0.001671,0.599850,0.001897
202609130212,2026-09-13,02,12R,realtime,0.3684,0.002555,0.000494,0.000326,0.000231,0.000212,0.000823,0.014346,0.015875,0.034367,0.019450,0.018334,0.008728,0.011468,0.091905,0.033881,0.034228,0.002135,0.004031,0.009934,0.004859,0.031801,0.002791,0.003678,0.003295,0.008912,0.003247,0.001106,0.000519,0.001054,0.002238,0.631591,0.001588
202609130501,2026-09-13,05,01R,daily,0.7440,0.001852,0.001115,0.000453,0.000304,0.000226,0.000441,0.026802,0.082111,0.158337,0.033170,0.006956,0.057626,0.077976,0.064291,0.009903,0.034873,0.022680,0.066387,0.007327,0.004242,0.018063,0.005798,0.014350,0.025769,0.011020,0.004242,0.001290,0.001357,0.001708,0.002180,0.255957,0.001195
202609130501,2026-09-13,05,01R,realtime,0.7766,0.004887,0.001271,0.000995,0.000410,0.000377,0.000491,0.036905,0.102838,0.035143,0.126240,0.018284,0.064413,0.035164,0.115156,0.030511,0.034927,0.021903,0.017401,0.011694,0.010556,0.026533,0.005368,0.018069,0.009309,0.029849,0.005267,0.001145,0.001615,0.002133,0.004369,0.223377,0.003397
202609130502,2026-09-13,05,02R,daily,0.2488,0.000693,0.000419,0.000137,0.000092,0.000081,0.000164,0.010009,0.018667,0.046108,0.006379,0.002692,0.021723,0.022140,0.011174,0.002528,0.038452,0.003485,0.012891,0.001184,0.000667,0.024581,0.004430,0.005514,0.007125,0.002785,0.000449,0.001005,0.000680,0.001234,0.000596,0.751159,0.000756
202609130502,2026-09-13,05,02R,realtime,0.2076,0.000737,0.000173,0.000133,0.000088,0.000080,0.000113,0.006413,0.010615,0.033652,0.003684,0.000959,0.019539,0.015360,0.009583,0.001389,0.038703,0.002402,0.012599,0.000600,0.000458,0.030283,0.003400,0.004632,0.005153,0.003068,0.000257,0.000807,0.000565,0.001019,0.000753,0.792434,0.000349
202609130503,2026-09-13,05,03R,daily,0.3866,0.001647,0.000600,0.000216,0.000171,0.000127,0.000344,0.035897,0.019338,0.076486,0.009078,0.005132,0.016749,0.026155,0.016804,0.005042,0.083770,0.006117,0.023528,0.002210,0.001463,0.023818,0.007888,0.005872,0.006957,0.003933,0.001202,0.001043,0.001076,0.001315,0.001114,0.613388,0.001518
202609130503,2026-09-13,05,03R,realtime,0.7184,0.006865,0.002295,0.000547,0.000216,0.000153,0.000485,0.009264,0.117689,0.007066,0.018000,0.296364,0.066793,0.015156,0.008166,0.077994,0.017960,0.007810,0.003411,0.001135,0.003517,0.021680,0.002280,0.013357,0.002722,0.001472,0.003665,0.001079,0.004761,0.001929,0.001683,0.281578,0.002907
202609130504,2026-09-13,05,04R,daily,0.7290,0.002604,0.001412,0.000885,0.000406,0.000229,0.000615,0.070331,0.099379,0.116115,0.019646,0.020535,0.063381,0.045278,0.031083,0.020238,0.064083,0.034003,0.032886,0.006195,0.010297,0.018454,0.010374,0.018932,0.014384,0.006544,0.008696,0.002086,0.002759,0.001510,0.002956,0.270987,0.002717
202609130504,2026-09-13,05,04R,realtime,0.7570,0.001535,0.000438,0.000631,0.000440,0.000293,0.000660,0.081675,0.102618,0.130029,0.012930,0.013225,0.060562,0.054101,0.022082,0.023933,0.072970,0.028091,0.039285,0.005771,0.013935,0.020977,0.015001,0.016033,0.016811,0.005875,0.008689,0.001610,0.002420,0.001271,0.001684,0.242994,0.001430
202609130505,2026-09-13,05,05R,daily,0.6180,0.002323,0.001270,0.000855,0.000359,0.000181,0.000524,0.083692,0.053249,0.061091,0.011084,0.037867,0.031465,0.020484,0.011955,0.044712,0.123914,0.019904,0.012729,0.002364,0.007406,0.022313,0.022920,0.010595,0.007044,0.003397,0.013539,0.001501,0.002158,0.001524,0.002564,0.381959,0.003060
202609130505,2026-09-13,05,05R,realtime,0.5847,0.001172,0.000463,0.000513,0.000367,0.000174,0.000536,0.073436,0.042211,0.047757,0.005918,0.025902,0.036359,0.019902,0.009951,0.049335,0.135403,0.019995,0.013513,0.001458,0.007624,0.021490,0.026151,0.009574,0.007425,0.002276,0.017847,0.001491,0.002332,0.001642,0.001289,0.415251,0.001245
202609130506,2026-09-13,05,06R,daily,0.4549,0.001814,0.000632,0.000440,0.000218,0.000149,0.000503,0.072346,0.035193,0.016038,0.016970,0.024365,0.027246,0.007785,0.019978,0.021774,0.120115,0.011152,0.004484,0.003334,0.002653,0.027031,0.016624,0.005995,0.001744,0.003470,0.002895,0.001407,0.001481,0.001275,0.001838,0.545120,0.003931
202609130506,2026-09-13,05,06R,realtime,0.4312,0.001642,0.000607,0.000270,0.000240,0.000158,0.000534,0.056311,0.043562,0.008328,0.021972,0.015868,0.030164,0.006605,0.016484,0.032253,0.111199,0.008133,0.003136,0.002963,0.003692,0.030236,0.013372,0.007223,0.001530,0.004095,0.002663,0.001827,0.001045,0.001082,0.001023,0.568764,0.003020
202609130507,2026-09-13,05,07R,daily,0.6192,0.002575,0.000886,0.000516,0.000218,0.000211,0.000297,0.075079,0.035643,0.057470,0.039016,0.004659,0.023255,0.029001,0.117145,0.004286,0.099505,0.009130,0.018632,0.007328,0.001710,0.025641,0.019467,0.008110,0.009124,0.019511,0.001170,0.001515,0.000621,0.001410,0.001394,0.380822,0.004653
202609130507,2026-09-13,05,07R,realtime,0.5939,0.001746,0.000678,0.000247,0.000213,0.000207,0.000328,0.058040,0.026017,0.046510,0.031033,0.003657,0.019878,0.021359,0.155235,0.004019,0.096793,0.008333,0.017589,0.009901,0.000966,0.028420,0.019206,0.006443,0.006032,0.020185,0.001209,0.000928,0.000640,0.001337,0.002720,0.406124,0.004007
202609130508,2026-09-13,05,08R,daily,0.4308,0.001786,0.000909,0.000436,0.000261,0.000193,0.000689,0.030596,0.037891,0.034976,0.025905,0.017644,0.026149,0.019901,0.041184,0.029145,0.061906,0.009480,0.005996,0.006371,0.006238,0.028718,0.010226,0.006644,0.005124,0.008696,0.006991,0.001024,0.001233,0.001497,0.001587,0.569196,0.001408
202609130508,2026-09-13,05,08R,realtime,0.3958,0.001480,0.000334,0.000303,0.000276,0.000184,0.000642,0.016317,0.026211,0.033407,0.022365,0.046751,0.022142,0.013239,0.024767,0.053570,0.049869,0.005144,0.002423,0.004313,0.004020,0.027080,0.006590,0.007129,0.005268,0.008571,0.006896,0.001821,0.001264,0.001393,0.001359,0.604150,0.000719
202609130509,2026-09-13,05,09R,daily,0.2541,0.000769,0.000342,0.000241,0.000099,0.000078,0.000215,0.017019,0.029660,0.015638,0.005512,0.003661,0.029106,0.008126,0.007150,0.003457,0.066309,0.006642,0.004611,0.001194,0.000786,0.031101,0.006825,0.006356,0.001974,0.001406,0.000902,0.000998,0.001049,0.000801,0.000832,0.745880,0.001260
202609130509,2026-09-13,05,09R,realtime,0.3005,0.001012,0.000353,0.000377,0.000130,0.000095,0.000228,0.021294,0.033362,0.035139,0.002014,0.002835,0.030438,0.008646,0.006859,0.002695,0.079711,0.010578,0.006111,0.001392,0.000737,0.027756,0.010531,0.007007,0.002632,0.001242,0.001209,0.000957,0.001173,0.000951,0.000946,0.699530,0.002060
202609130510,2026-09-13,05,10R,daily,0.3951,0.001705,0.000558,0.000471,0.000206,0.000147,0.000651,0.033286,0.047956,0.042798,0.009429,0.007311,0.042138,0.016112,0.016056,0.009052,0.072695,0.013861,0.010983,0.002598,0.001938,0.029796,0.007844,0.008434,0.003959,0.003636,0.002396,0.001545,0.001632,0.001299,0.001926,0.604905,0.002678
202609130510,2026-09-13,05,10R,realtime,0.5172,0.004313,0.001931,0.000801,0.000266,0.000235,0.000746,0.037806,0.078531,0.027228,0.017176,0.095347,0.040664,0.015317,0.018674,0.023522,0.058452,0.009954,0.005208,0.004552,0.001869,0.030919,0.006640,0.009944,0.005167,0.003174,0.001741,0.002799,0.003636,0.002396,0.004478,0.482820,0.003693
202609130511,2026-09-13,05,11R,daily,0.4178,0.001494,0.000573,0.000511,0.000214,0.000186,0.000865,0.037833,0.037574,0.029514,0.022904,0.016908,0.028672,0.013946,0.036625,0.020087,0.080880,0.010643,0.006304,0.004822,0.003386,0.022798,0.008872,0.009578,0.002599,0.006242,0.003379,0.001352,0.001110,0.000885,0.003031,0.582239,0.003975
202609130511,2026-09-13,05,11R,realtime,0.4649,0.000607,0.000464,0.000398,0.000242,0.000187,0.000794,0.059371,0.054860,0.017188,0.017003,0.014079,0.033801,0.013311,0.043930,0.014434,0.101065,0.011057,0.006250,0.005386,0.004554,0.024930,0.009210,0.009711,0.002927,0.006387,0.003965,0.000780,0.000812,0.000861,0.002741,0.535142,0.003555
202609130512,2026-09-13,05,12R,daily,0.4031,0.002472,0.000382,0.000351,0.000173,0.000162,0.000519,0.033592,0.041387,0.042637,0.014207,0.003741,0.042257,0.018133,0.040465,0.005579,0.064603,0.015599,0.011244,0.003949,0.001040,0.027990,0.010500,0.005622,0.004082,0.003713,0.000765,0.001519,0.001963,0.001243,0.001049,0.596942,0.002120
202609130512,2026-09-13,05,12R,realtime,0.5950,0.008556,0.002189,0.000927,0.000353,0.000289,0.000704,0.067376,0.048101,0.127930,0.014342,0.017983,0.044096,0.039477,0.032827,0.008701,0.057378,0.023019,0.012609,0.005196,0.001857,0.023045,0.012292,0.008557,0.008255,0.007532,0.001463,0.003212,0.003415,0.003196,0.003702,0.405006,0.006414
202609130601,2026-09-13,06,01R,daily,0.7180,0.003583,0.002471,0.000722,0.000316,0.000291,0.000535,0.035905,0.091210,0.051300,0.018381,0.003477,0.090029,0.070617,0.104399,0.014968,0.050543,0.025836,0.036104,0.011156,0.001133,0.016537,0.016271,0.022372,0.024128,0.010757,0.002130,0.002357,0.001925,0.002772,0.001332,0.281998,0.004443
202609130601,2026-09-13,06,01R,realtime,0.6971,0.001742,0.000514,0.000782,0.000385,0.000279,0.000414,0.021830,0.096725,0.027125,0.015788,0.001855,0.121358,0.074009,0.120275,0.013154,0.044502,0.017224,0.036468,0.007982,0.001306,0.020971,0.008657,0.020105,0.020588,0.011723,0.002118,0.002283,0.002128,0.002169,0.001116,0.302921,0.001506
202609130602,2026-09-13,06,02R,daily,0.5563,0.004396,0.001662,0.000608,0.000375,0.000163,0.000660,0.100320,0.024369,0.079831,0.004357,0.003972,0.022006,0.029986,0.026559,0.009049,0.139664,0.016142,0.012126,0.004190,0.001045,0.024187,0.014008,0.007725,0.008629,0.003698,0.002111,0.003377,0.002266,0.003407,0.001287,0.443704,0.004121
202609130602,2026-09-13,06,02R,realtime,0.5593,0.004786,0.004534,0.000998,0.000480,0.000219,0.000551,0.103595,0.014217,0.077303,0.003518,0.027344,0.017239,0.039863,0.014133,0.014193,0.131729,0.009287,0.005962,0.004066,0.000600,0.028321,0.008629,0.008569,0.013971,0.003847,0.000863,0.005554,0.003226,0.005575,0.002417,0.440658,0.003754
202609130603,2026-09-13,06,03R,daily,0.7223,0.005705,0.001953,0.001149,0.000484,0.000373,0.000862,0.061318,0.044733,0.052465,0.040013,0.006480,0.043076,0.028724,0.168058,0.020312,0.070017,0.019133,0.021137,0.024192,0.002555,0.018737,0.014256,0.017464,0.010881,0.026132,0.004391,0.002321,0.001614,0.002131,0.002482,0.277718,0.009135
202609130603,2026-09-13,06,03R,realtime,0.8117,0.012927,0.013172,0.002739,0.000689,0.000363,0.001264,0.182089,0.045236,0.027057,0.021540,0.019092,0.040387,0.019257,0.036591,0.033673,0.159160,0.031987,0.007171,0.008472,0.001635,0.015372,0.028787,0.012877,0.006839,0.009092,0.003983,0.004643,0.004454,0.006498,0.003830,0.188346,0.050779
202609130604,2026-09-13,06,04R,daily,0.1725,0.001090,0.000638,0.000227,0.000117,0.000075,0.000181,0.006159,0.011470,0.017570,0.003983,0.002053,0.021635,0.011340,0.010699,0.003541,0.020911,0.002700,0.004666,0.001936,0.000471,0.033141,0.002786,0.003842,0.003848,0.001816,0.000742,0.001153,0.000767,0.001323,0.000427,0.827466,0.001228
202609130604,2026-09-13,06,04R,realtime,0.1690,0.001773,0.000385,0.000232,0.000142,0.000077,0.000148,0.005370,0.015331,0.010336,0.001795,0.003353,0.024615,0.008905,0.009856,0.002926,0.019257,0.002724,0.002714,0.001457,0.000352,0.039810,0.002628,0.004194,0.003363,0.001500,0.000810,0.001186,0.000692,0.001483,0.000446,0.831039,0.001100
202609130605,2026-09-13,06,05R,daily,0.7470,0.004188,0.002288,0.001181,0.000397,0.000268,0.001048,0.052975,0.118785,0.050309,0.012064,0.005103,0.150074,0.041858,0.042352,0.011968,0.044264,0.053936,0.044084,0.008347,0.002422,0.015468,0.007198,0.033707,0.014750,0.006919,0.004891,0.001657,0.002745,0.002371,0.002710,0.252954,0.006718
202609130605,2026-09-13,06,05R,realtime,0.7455,0.001400,0.000634,0.000983,0.000400,0.000241,0.000740,0.051180,0.150306,0.046249,0.003567,0.003277,0.179676,0.036722,0.034919,0.008683,0.042457,0.048368,0.038397,0.006583,0.001697,0.015244,0.006164,0.033294,0.014345,0.004946,0.005382,0.000947,0.001863,0.002002,0.002469,0.254539,0.002326
202609130606,2026-09-13,06,06R,daily,0.6768,0.006502,0.003107,0.001505,0.000436,0.000248,0.000738,0.093074,0.068765,0.024725,0.014175,0.006000,0.068219,0.012906,0.038466,0.021461,0.139392,0.028038,0.012515,0.006066,0.003120,0.023996,0.024347,0.023298,0.002616,0.009048,0.007143,0.002962,0.003858,0.004320,0.005415,0.323174,0.020365
202609130606,2026-09-13,06,06R,realtime,0.7530,0.014619,0.009100,0.002166,0.000595,0.000327,0.000690,0.073111,0.107532,0.067818,0.029011,0.002338,0.062941,0.057088,0.013360,0.010988,0.093842,0.025967,0.030236,0.003286,0.000709,0.019704,0.031434,0.015209,0.013376,0.009766,0.001879,0.007373,0.004628,0.011278,0.004123,0.247008,0.028500
202609130607,2026-09-13,06,07R,daily,0.6329,0.005137,0.001700,0.001587,0.000466,0.000262,0.000847,0.108825,0.030025,0.028206,0.018581,0.010090,0.027212,0.013089,0.055349,0.029462,0.148990,0.013770,0.007031,0.014099,0.003391,0.035929,0.027248,0.007452,0.004971,0.008237,0.008254,0.002797,0.001854,0.002266,0.002466,0.367124,0.013282
202609130607,2026-09-13,06,07R,realtime,0.5768,0.001726,0.001704,0.001070,0.000455,0.000239,0.000678,0.088720,0.031295,0.033198,0.007019,0.008578,0.025247,0.010692,0.051650,0.023285,0.146112,0.011925,0.005719,0.011919,0.004068,0.037969,0.030032,0.006820,0.004983,0.005504,0.008930,0.002279,0.001057,0.002140,0.002139,0.423248,0.009597
202609130608,2026-09-13,06,08R,daily,0.6083,0.003664,0.001886,0.000830,0.000370,0.000210,0.000590,0.032822,0.082916,0.065489,0.008148,0.005534,0.090944,0.051761,0.029795,0.012849,0.027432,0.037962,0.059371,0.005807,0.002115,0.029579,0.009586,0.015107,0.013706,0.003972,0.002989,0.002167,0.003735,0.001816,0.001395,0.391651,0.003801
202609130608,2026-09-13,06,08R,realtime,0.5826,0.003010,0.000567,0.000581,0.000405,0.000219,0.000481,0.031062,0.112039,0.041338,0.004643,0.004488,0.098270,0.052921,0.020549,0.013095,0.023611,0.029509,0.061894,0.004267,0.001964,0.030917,0.007175,0.013507,0.012384,0.002543,0.002899,0.001761,0.002446,0.001296,0.000865,0.417422,0.001870
202609130609,2026-09-13,06,09R,daily,0.7137,0.004070,0.002065,0.001398,0.000421,0.000201,0.000719,0.172060,0.047477,0.024453,0.003969,0.012216,0.039186,0.014880,0.012383,0.018111,0.203688,0.026324,0.013713,0.002895,0.002153,0.016461,0.035515,0.012209,0.004372,0.003082,0.006229,0.002486,0.001567,0.001973,0.002266,0.286312,0.025146
202609130609,2026-09-13,06,09R,realtime,0.6197,0.001331,0.002817,0.000971,0.000480,0.000191,0.000649,0.128286,0.047029,0.025638,0.001863,0.015333,0.036953,0.015639,0.009655,0.020793,0.164625,0.023250,0.011923,0.002582,0.001685,0.018972,0.036961,0.012993,0.003722,0.002609,0.006416,0.002107,0.000982,0.002689,0.002482,0.380310,0.018063
202609130610,2026-09-13,06,10R,daily,0.3215,0.002879,0.001188,0.000497,0.000207,0.000149,0.000364,0.009756,0.014969,0.024508,0.019132,0.003759,0.017098,0.014042,0.084260,0.014327,0.028372,0.004695,0.005099,0.008303,0.001700,0.036416,0.003569,0.003642,0.004402,0.007656,0.002357,0.001338,0.000960,0.002432,0.001031,0.678532,0.002360
202609130610,2026-09-13,06,10R,realtime,0.3161,0.002527,0.000576,0.000282,0.000216,0.000134,0.000303,0.010745,0.010973,0.013247,0.024072,0.002033,0.013384,0.007240,0.106151,0.011942,0.028849,0.003939,0.003512,0.006233,0.001003,0.040838,0.003333,0.002556,0.003606,0.009440,0.002443,0.001149,0.000576,0.002008,0.001084,0.683909,0.001697
202609130611,2026-09-13,06,11R,daily,0.5282,0.003079,0.001540,0.000740,0.000307,0.000182,0.000806,0.021036,0.055934,0.077947,0.004453,0.002419,0.086564,0.056278,0.018088,0.007743,0.041956,0.021235,0.037683,0.004942,0.001776,0.025958,0.006874,0.014941,0.015417,0.003841,0.003151,0.002300,0.002750,0.002848,0.001550,0.471764,0.003897
202609130611,2026-09-13,06,11R,realtime,0.6979,0.020805,0.003559,0.001285,0.000624,0.000343,0.000820,0.024949,0.029916,0.077483,0.037122,0.003260,0.028518,0.093672,0.185277,0.017977,0.022451,0.010368,0.018448,0.014918,0.001203,0.019648,0.003795,0.005607,0.017764,0.026427,0.002892,0.003039,0.003990,0.006661,0.003911,0.302124,0.011146
202609130612,2026-09-13,06,12R,daily,0.3530,0.002721,0.000992,0.000864,0.000293,0.000184,0.000487,0.027507,0.030214,0.013709,0.017535,0.008262,0.030951,0.008751,0.048242,0.012058,0.045869,0.012430,0.005443,0.006990,0.001451,0.036451,0.008613,0.006581,0.002738,0.006790,0.002375,0.001920,0.001708,0.001562,0.001444,0.647036,0.007829
202609130612,2026-09-13,06,12R,realtime,0.3482,0.002303,0.000828,0.000551,0.000375,0.000169,0.000415,0.041226,0.029131,0.009500,0.014563,0.005520,0.030583,0.007609,0.049796,0.012855,0.042543,0.012419,0.003792,0.009381,0.001212,0.036681,0.006829,0.005684,0.002424,0.007922,0.002405,0.001332,0.001101,0.001311,0.001506,0.651791,0.006243
202609130701,2026-09-13,07,01R,daily,0.7040,0.002953,0.002816,0.000693,0.000408,0.000227,0.000362,0.098454,0.037525,0.120311,0.017745,0.006074,0.041780,0.053104,0.059527,0.016799,0.094697,0.017168,0.026838,0.006179,0.002159,0.016657,0.015983,0.018981,0.020960,0.007640,0.002900,0.001817,0.001549,0.001747,0.001480,0.296016,0.008448
202609130701,2026-09-13,07,01R,realtime,0.7068,0.001378,0.001225,0.000461,0.000415,0.000257,0.000352,0.120145,0.032373,0.147392,0.006238,0.003822,0.036460,0.045804,0.049887,0.016371,0.099829,0.016280,0.027530,0.006128,0.002132,0.017148,0.014956,0.014959,0.023837,0.006772,0.003321,0.002115,0.001010,0.001864,0.001695,0.293153,0.004689
202609130702,2026-09-13,07,02R,daily,0.4787,0.003297,0.001762,0.000331,0.000292,0.000168,0.000408,0.016037,0.017167,0.119263,0.012657,0.005874,0.023149,0.053113,0.099228,0.011302,0.028809,0.005097,0.017072,0.003942,0.003548,0.014183,0.004259,0.003981,0.017422,0.006034,0.001490,0.001449,0.001680,0.002118,0.000922,0.521287,0.002657
202609130702,2026-09-13,07,02R,realtime,0.4787,0.002480,0.000564,0.000240,0.000370,0.000194,0.000417,0.013267,0.014467,0.142226,0.007396,0.004038,0.024733,0.055195,0.085409,0.013863,0.027185,0.003209,0.018857,0.003417,0.003095,0.012984,0.003055,0.003029,0.023527,0.007130,0.001829,0.001552,0.001506,0.001748,0.000909,0.521328,0.000779
202609130703,2026-09-13,07,03R,daily,0.4205,0.001596,0.001278,0.000356,0.000226,0.000094,0.000348,0.054004,0.022554,0.059807,0.001910,0.009797,0.024962,0.017249,0.006610,0.006601,0.141078,0.009636,0.005755,0.001186,0.001190,0.014184,0.014297,0.008200,0.003654,0.000926,0.001081,0.003896,0.000955,0.001369,0.001036,0.579519,0.004645
202609130703,2026-09-13,07,03R,realtime,0.3588,0.000747,0.001337,0.000454,0.000225,0.000093,0.000266,0.030720,0.018815,0.039268,0.000813,0.009025,0.029512,0.013767,0.003769,0.007211,0.137564,0.009071,0.003373,0.001018,0.001197,0.016114,0.014185,0.007149,0.002800,0.000674,0.001045,0.003288,0.000983,0.001254,0.000614,0.641201,0.002447
202609130704,2026-09-13,07,04R,daily,0.5428,0.001322,0.001323,0.000390,0.000256,0.000185,0.000435,0.075797,0.020246,0.119301,0.007740,0.003601,0.024701,0.058598,0.020535,0.005233,0.096654,0.015814,0.018725,0.002874,0.001608,0.017335,0.020658,0.005416,0.006251,0.002760,0.000690,0.002500,0.000783,0.001555,0.002076,0.457213,0.007425
202609130704,2026-09-13,07,04R,realtime,0.5906,0.000578,0.001108,0.000250,0.000293,0.000171,0.000318,0.084983,0.013569,0.189764,0.004366,0.002065,0.017623,0.064182,0.019552,0.004726,0.092377,0.012427,0.018062,0.002498,0.001083,0.016453,0.020004,0.003173,0.008333,0.002562,0.000810,0.001986,0.000653,0.001462,0.001518,0.409397,0.003658
202609130705,2026-09-13,07,05R,daily,0.5089,0.001775,0.002586,0.000400,0.000305,0.000154,0.000527,0.056508,0.027023,0.081707,0.006414,0.006631,0.021330,0.060205,0.029973,0.003578,0.094971,0.008777,0.014977,0.001538,0.001617,0.013082,0.033489,0.006760,0.009071,0.004823,0.000584,0.002068,0.001663,0.002862,0.001944,0.491146,0.011509
202609130705,2026-09-13,07,05R,realtime,0.5289,0.001180,0.002101,0.000248,0.000362,0.000149,0.000445,0.083021,0.017957,0.069379,0.006205,0.001810,0.016389,0.039421,0.023475,0.002934,0.162305,0.006011,0.013757,0.001103,0.000952,0.015234,0.031847,0.005205,0.007475,0.006817,0.000489,0.001742,0.001473,0.002450,0.001465,0.471064,0.005537
202609130706,2026-09-13,07,06R,daily,0.3926,0.002927,0.001188,0.000372,0.000138,0.000125,0.000247,0.007245,0.033035,0.031285,0.016024,0.001416,0.090028,0.018582,0.108054,0.003249,0.010353,0.007835,0.006371,0.005767,0.001652,0.017067,0.001036,0.007553,0.005924,0.008879,0.000566,0.001035,0.001206,0.001151,0.000478,0.607432,0.001779
202609130706,2026-09-13,07,06R,realtime,0.3490,0.002884,0.000324,0.000403,0.000169,0.000122,0.000141,0.006941,0.027561,0.024259,0.008742,0.002120,0.092138,0.010432,0.097311,0.003604,0.010560,0.007208,0.004762,0.005331,0.000884,0.016893,0.000826,0.006836,0.004312,0.008951,0.000562,0.000563,0.000897,0.001128,0.000937,0.650982,0.001218
202609130707,2026-09-13,07,07R,daily,0.1709,0.000682,0.000399,0.000129,0.000091,0.000052,0.000142,0.005356,0.015967,0.017874,0.003076,0.001881,0.036880,0.015572,0.012927,0.001509,0.016289,0.005565,0.003337,0.000558,0.000282,0.017810,0.001873,0.005319,0.001828,0.001385,0.000212,0.000900,0.000620,0.000838,0.000324,0.829070,0.001254
202609130707,2026-09-13,07,07R,realtime,0.1803,0.001242,0.000211,0.000203,0.000123,0.000064,0.000156,0.005951,0.021645,0.014295,0.001967,0.001311,0.043921,0.018220,0.012142,0.001689,0.015391,0.004648,0.003382,0.000745,0.000349,0.018353,0.001879,0.004950,0.001968,0.001519,0.000296,0.000687,0.000498,0.000870,0.000281,0.819704,0.001343
202609130708,2026-09-13,07,08R,daily,0.5815,0.002035,0.000901,0.000713,0.000246,0.000157,0.000217,0.103122,0.030404,0.011261,0.016660,0.006061,0.018359,0.004478,0.038962,0.006935,0.224691,0.013856,0.002999,0.002548,0.000795,0.015398,0.028244,0.009271,0.001814,0.004606,0.000716,0.002457,0.001140,0.000931,0.001480,0.418506,0.030036
202609130708,2026-09-13,07,08R,realtime,0.5881,0.000649,0.001247,0.000477,0.000224,0.000157,0.000239,0.136569,0.030074,0.007053,0.010286,0.006406,0.015297,0.003605,0.035002,0.007552,0.239121,0.010513,0.002497,0.003996,0.000976,0.016618,0.027278,0.007423,0.002146,0.003504,0.000618,0.001602,0.001044,0.000652,0.001199,0.411916,0.014057
202609130709,2026-09-13,07,09R,daily,0.2335,0.001135,0.000676,0.000189,0.000151,0.000086,0.000287,0.004536,0.006636,0.056390,0.007396,0.010059,0.011354,0.031765,0.034785,0.005390,0.017149,0.001301,0.007483,0.002677,0.001262,0.012737,0.001913,0.002173,0.007494,0.003432,0.001047,0.001019,0.000667,0.000718,0.000572,0.766523,0.000998
202609130709,2026-09-13,07,09R,realtime,0.1731,0.002249,0.000186,0.000085,0.000105,0.000079,0.000149,0.002268,0.003879,0.045574,0.001895,0.007602,0.008480,0.017554,0.026296,0.003266,0.015213,0.000686,0.007016,0.002065,0.000635,0.013425,0.001275,0.001628,0.005401,0.002295,0.000805,0.000394,0.000582,0.000644,0.000697,0.826884,0.000689
202609130710,2026-09-13,07,10R,daily,0.3085,0.002486,0.001867,0.000258,0.000176,0.000131,0.000376,0.008713,0.030478,0.020975,0.012066,0.006911,0.058287,0.010590,0.048298,0.015094,0.017772,0.011519,0.007805,0.003586,0.001624,0.022050,0.003448,0.008221,0.001351,0.004460,0.000789,0.001745,0.000801,0.001840,0.001261,0.691522,0.003499
202609130710,2026-09-13,07,10R,realtime,0.4686,0.008850,0.009391,0.000414,0.000369,0.000194,0.000446,0.050875,0.011672,0.129850,0.003542,0.027841,0.010352,0.040194,0.011376,0.020807,0.055574,0.003737,0.010327,0.001718,0.003054,0.016587,0.005948,0.003139,0.007380,0.001671,0.001421,0.004465,0.001955,0.003733,0.002129,0.531438,0.019550
202609130711,2026-09-13,07,11R,daily,0.3670,0.002353,0.002419,0.000621,0.000210,0.000138,0.000247,0.022427,0.040064,0.017450,0.013419,0.010484,0.075269,0.013239,0.030079,0.018828,0.028030,0.021016,0.007653,0.002894,0.003792,0.021328,0.003712,0.009850,0.001410,0.004033,0.002506,0.001561,0.001426,0.001610,0.002081,0.633036,0.006813
202609130711,2026-09-13,07,11R,realtime,0.2711,0.002072,0.000654,0.000300,0.000169,0.000139,0.000232,0.016533,0.030229,0.015266,0.005303,0.005572,0.050679,0.010899,0.016999,0.018979,0.023717,0.012291,0.006701,0.002444,0.002830,0.021982,0.003159,0.009423,0.001291,0.002328,0.002013,0.000830,0.000578,0.001155,0.001246,0.728910,0.005077
202609130712,2026-09-13,07,12R,daily,0.3095,0.002069,0.001563,0.000235,0.000177,0.000131,0.000718,0.010152,0.013282,0.057176,0.006040,0.005254,0.019368,0.023623,0.064220,0.011001,0.030949,0.002963,0.004482,0.005157,0.001762,0.013905,0.003564,0.007192,0.005965,0.004478,0.000816,0.001335,0.001536,0.003253,0.001193,0.690536,0.005908
202609130712,2026-09-13,07,12R,realtime,0.2269,0.001780,0.000369,0.000195,0.000132,0.000109,0.000571,0.005415,0.011041,0.033360,0.002930,0.002780,0.019156,0.012497,0.059751,0.009450,0.023985,0.001698,0.002404,0.003676,0.001327,0.012328,0.002562,0.003471,0.004525,0.003480,0.000568,0.000720,0.000888,0.002309,0.000809,0.773094,0.002622
202609130801,2026-09-13,08,01R,daily,0.3195,0.001742,0.001233,0.000304,0.000169,0.000101,0.000322,0.025533,0.025599,0.051947,0.004536,0.007503,0.019719,0.015460,0.007405,0.010171,0.072323,0.006752,0.011927,0.001158,0.002169,0.023786,0.006751,0.008788,0.003514,0.001816,0.001199,0.001090,0.001171,0.001690,0.001183,0.680486,0.002455
202609130801,2026-09-13,08,01R,realtime,0.3054,0.001211,0.000646,0.000254,0.000176,0.000112,0.000281,0.023041,0.024340,0.046987,0.002494,0.005616,0.020815,0.016063,0.007146,0.013511,0.064946,0.007133,0.012250,0.001149,0.003139,0.026470,0.009294,0.007309,0.003231,0.001200,0.001279,0.000729,0.000939,0.001428,0.000614,0.694559,0.001635
202609130802,2026-09-13,08,02R,daily,0.4943,0.002237,0.001159,0.000506,0.000199,0.000140,0.000275,0.047798,0.079803,0.039641,0.008158,0.008046,0.073742,0.014212,0.011425,0.007094,0.068414,0.033722,0.018303,0.002282,0.001398,0.023452,0.007583,0.027464,0.004438,0.001733,0.001135,0.001891,0.001357,0.001520,0.001422,0.505653,0.003799
202609130802,2026-09-13,08,02R,realtime,0.5068,0.001802,0.000589,0.000446,0.000208,0.000152,0.000244,0.045568,0.084684,0.029879,0.005442,0.005393,0.088647,0.011336,0.007162,0.007919,0.073201,0.037323,0.018557,0.002051,0.001447,0.029927,0.007171,0.033952,0.003583,0.002024,0.001077,0.001851,0.001061,0.001300,0.000996,0.493180,0.001828
202609130803,2026-09-13,08,03R,daily,0.4662,0.002546,0.001456,0.000541,0.000225,0.000184,0.000337,0.019067,0.079314,0.024416,0.032847,0.015598,0.059632,0.013782,0.052172,0.016808,0.034312,0.020393,0.007845,0.004889,0.004911,0.031778,0.006885,0.016102,0.001535,0.008947,0.001978,0.001165,0.000944,0.001085,0.001467,0.533754,0.003081
202609130803,2026-09-13,08,03R,realtime,0.5019,0.008433,0.001861,0.000709,0.000311,0.000224,0.000416,0.019178,0.056565,0.070954,0.006262,0.023917,0.056349,0.044302,0.008862,0.040842,0.028930,0.024227,0.018517,0.001224,0.004769,0.039394,0.006410,0.016616,0.005385,0.002110,0.003096,0.002933,0.002587,0.002648,0.001453,0.498141,0.002377
202609130804,2026-09-13,08,04R,daily,0.7543,0.004059,0.001251,0.000855,0.000290,0.000207,0.000342,0.186085,0.098136,0.044506,0.013075,0.003132,0.048293,0.025725,0.034625,0.002887,0.122897,0.043915,0.016121,0.004435,0.001051,0.020342,0.023306,0.028719,0.006861,0.007981,0.000616,0.002298,0.001271,0.001983,0.001595,0.245729,0.007411
202609130804,2026-09-13,08,04R,realtime,0.7515,0.000733,0.000634,0.000839,0.000235,0.000200,0.000284,0.257889,0.071095,0.023109,0.006731,0.002355,0.040693,0.017764,0.028651,0.002128,0.138367,0.042259,0.012998,0.005451,0.001204,0.026237,0.033326,0.020463,0.004200,0.006453,0.000348,0.000866,0.000778,0.001372,0.001350,0.248500,0.002485
202609130805,2026-09-13,08,05R,daily,0.4316,0.002308,0.000378,0.000272,0.000175,0.000125,0.000247,0.053724,0.008344,0.020141,0.035965,0.006812,0.003245,0.003780,0.056057,0.006414,0.162837,0.002151,0.002415,0.004866,0.000997,0.025183,0.017601,0.001980,0.001235,0.004685,0.000501,0.001249,0.000344,0.000920,0.001042,0.568411,0.005596
202609130805,2026-09-13,08,05R,realtime,0.5202,0.001032,0.000742,0.000107,0.000159,0.000103,0.000259,0.083509,0.004593,0.014410,0.043131,0.003780,0.002027,0.002484,0.094255,0.006091,0.186630,0.002063,0.001320,0.006871,0.000780,0.030904,0.021059,0.001136,0.000755,0.004490,0.000482,0.000804,0.000281,0.000656,0.000837,0.479817,0.004433
202609130806,2026-09-13,08,06R,daily,0.2309,0.000954,0.000583,0.000156,0.000144,0.000096,0.000289,0.007050,0.010661,0.027223,0.015939,0.018296,0.006864,0.011584,0.024783,0.016145,0.036849,0.002177,0.003134,0.001870,0.002780,0.025962,0.003680,0.002551,0.002109,0.002527,0.001305,0.000759,0.000379,0.001190,0.001008,0.769062,0.001889
202609130806,2026-09-13,08,06R,realtime,0.2023,0.001098,0.000290,0.000058,0.000138,0.000081,0.000307,0.006861,0.009550,0.016952,0.005754,0.009608,0.006567,0.010532,0.025580,0.015181,0.041312,0.001926,0.003086,0.001035,0.001974,0.031531,0.002421,0.002073,0.001645,0.001815,0.001476,0.000644,0.000295,0.000930,0.000586,0.797711,0.000981
202609130807,2026-09-13,08,07R,daily,0.6018,0.002242,0.000961,0.000632,0.000251,0.000257,0.000306,0.057979,0.052734,0.059037,0.046791,0.002236,0.031122,0.030657,0.104092,0.003527,0.080361,0.013247,0.018893,0.013663,0.001762,0.023814,0.010074,0.010487,0.010582,0.015517,0.000573,0.002082,0.000879,0.001303,0.001198,0.398234,0.004507
202609130807,2026-09-13,08,07R,realtime,0.6505,0.001398,0.000438,0.000403,0.000273,0.000259,0.000206,0.075729,0.050130,0.059238,0.039038,0.001212,0.028526,0.023111,0.139042,0.002968,0.099528,0.010722,0.015985,0.014533,0.001154,0.025603,0.009339,0.008636,0.009731,0.024320,0.000603,0.001727,0.001152,0.001206,0.001748,0.349528,0.002514
202609130808,2026-09-13,08,08R,daily,0.8008,0.002535,0.000895,0.000942,0.000260,0.000129,0.000294,0.342651,0.038777,0.036076,0.007454,0.017561,0.011234,0.006547,0.007235,0.014155,0.207062,0.014908,0.006961,0.002342,0.002120,0.013958,0.036059,0.008422,0.002485,0.001742,0.002007,0.001082,0.001486,0.001061,0.002056,0.199239,0.010265
202609130808,2026-09-13,08,08R,realtime,0.8727,0.002825,0.004132,0.000606,0.000235,0.000164,0.000197,0.425583,0.043555,0.016886,0.025143,0.007269,0.009306,0.004890,0.026224,0.005380,0.177272,0.021655,0.003685,0.005534,0.000715,0.014660,0.038563,0.008251,0.002354,0.006076,0.000551,0.001564,0.001847,0.001576,0.002262,0.127347,0.013694
202609130809,2026-09-13,08,09R,daily,0.5285,0.002965,0.000860,0.000769,0.000247,0.000164,0.000410,0.102424,0.045713,0.013476,0.026088,0.009622,0.024312,0.007959,0.053100,0.009533,0.135488,0.013336,0.003104,0.004833,0.001935,0.021170,0.025172,0.006220,0.001133,0.005663,0.001072,0.001231,0.001140,0.001078,0.001217,0.471515,0.007050
202609130809,2026-09-13,08,09R,realtime,0.4658,0.002148,0.000705,0.000382,0.000219,0.000153,0.000299,0.072113,0.036232,0.010457,0.019378,0.007714,0.020138,0.004507,0.066867,0.010572,0.122233,0.011216,0.002194,0.004982,0.001906,0.022631,0.024356,0.006587,0.000803,0.007325,0.001024,0.000782,0.000848,0.000915,0.001099,0.534214,0.004998
202609130810,2026-09-13,08,10R,daily,0.2350,0.000879,0.000461,0.000186,0.000115,0.000099,0.000239,0.007671,0.012123,0.013851,0.021068,0.007802,0.007093,0.007002,0.053964,0.011303,0.041274,0.002669,0.002938,0.003621,0.001141,0.022139,0.002858,0.003580,0.001472,0.004052,0.000753,0.000779,0.000347,0.000854,0.000945,0.764972,0.001753
202609130810,2026-09-13,08,10R,realtime,0.2356,0.001075,0.000274,0.000109,0.000115,0.000105,0.000198,0.007026,0.014332,0.008210,0.022832,0.004600,0.007219,0.005439,0.055189,0.010397,0.040324,0.001600,0.002306,0.003478,0.001396,0.031722,0.002494,0.003646,0.001110,0.005861,0.000673,0.000643,0.000227,0.000772,0.000896,0.764414,0.001315
202609130811,2026-09-13,08,11R,daily,0.3497,0.001287,0.000592,0.000117,0.000149,0.000087,0.000331,0.007798,0.008550,0.137493,0.005199,0.003412,0.007263,0.061638,0.017596,0.004109,0.027868,0.002539,0.019792,0.001856,0.000800,0.019003,0.003397,0.002755,0.009295,0.001708,0.000520,0.001263,0.000498,0.001440,0.000696,0.650288,0.000663
202609130811,2026-09-13,08,11R,realtime,0.3456,0.002197,0.000158,0.000066,0.000163,0.000086,0.000246,0.005095,0.005312,0.142531,0.002608,0.002983,0.006054,0.064240,0.024225,0.004136,0.022252,0.001697,0.017581,0.001083,0.000397,0.019728,0.002312,0.001656,0.011796,0.001576,0.000885,0.001201,0.000804,0.001558,0.000540,0.654363,0.000471
202609130812,2026-09-13,08,12R,daily,0.3138,0.001840,0.000469,0.000367,0.000182,0.000104,0.000565,0.010140,0.031827,0.060810,0.004287,0.004346,0.035936,0.024418,0.015622,0.006249,0.033732,0.011200,0.015524,0.001396,0.001378,0.026738,0.003858,0.006812,0.004904,0.001750,0.001047,0.001432,0.002250,0.001336,0.001096,0.686184,0.002199
202609130812,2026-09-13,08,12R,realtime,0.3054,0.001721,0.000185,0.000309,0.000185,0.000126,0.000568,0.009086,0.040510,0.049836,0.002197,0.005319,0.039832,0.025675,0.012423,0.007321,0.028478,0.010780,0.015057,0.001449,0.001494,0.028642,0.003508,0.005647,0.005660,0.001453,0.001408,0.001260,0.001864,0.001337,0.000701,0.694606,0.001362
202609130901,2026-09-13,09,01R,daily,0.4411,0.002579,0.000765,0.000220,0.000231,0.000144,0.000519,0.021348,0.010877,0.089686,0.012141,0.007468,0.013395,0.055253,0.056784,0.009875,0.064592,0.002448,0.023929,0.006370,0.002783,0.020599,0.008929,0.003114,0.011117,0.007453,0.002381,0.001114,0.001145,0.002229,0.000682,0.558943,0.000887
202609130901,2026-09-13,09,01R,realtime,0.3999,0.002215,0.000313,0.000115,0.000193,0.000166,0.000405,0.016350,0.010485,0.082951,0.005119,0.003772,0.013079,0.054359,0.044134,0.007951,0.065422,0.001423,0.025606,0.006290,0.002795,0.021436,0.010338,0.002999,0.009716,0.005778,0.001810,0.000768,0.000995,0.001642,0.000537,0.600059,0.000781
202609130902,2026-09-13,09,02R,daily,0.5740,0.002767,0.001263,0.000445,0.000280,0.000206,0.000416,0.036111,0.030155,0.097693,0.011662,0.006856,0.030409,0.058196,0.031072,0.012871,0.116550,0.009992,0.035722,0.007477,0.003612,0.020362,0.019604,0.009289,0.012563,0.004853,0.004175,0.002474,0.001307,0.002792,0.001339,0.425962,0.001525
202609130902,2026-09-13,09,02R,realtime,0.4723,0.001579,0.000367,0.000231,0.000201,0.000200,0.000287,0.017186,0.020045,0.074274,0.004942,0.001990,0.031631,0.046145,0.026376,0.008617,0.111121,0.007415,0.040965,0.003766,0.003309,0.021811,0.013693,0.008157,0.012837,0.005326,0.003440,0.002005,0.001174,0.001890,0.000757,0.527673,0.000592
202609130903,2026-09-13,09,03R,daily,0.7319,0.004216,0.000782,0.000450,0.000294,0.000267,0.000585,0.044310,0.030913,0.121999,0.029881,0.004473,0.025432,0.063740,0.118668,0.008346,0.096344,0.014147,0.057523,0.019840,0.002709,0.016146,0.019446,0.009551,0.016250,0.014022,0.002067,0.002391,0.001183,0.002158,0.001688,0.268085,0.002093
202609130903,2026-09-13,09,03R,realtime,0.7522,0.001953,0.000379,0.000209,0.000225,0.000299,0.000658,0.053270,0.023436,0.163989,0.007238,0.001951,0.018479,0.063119,0.097221,0.005409,0.119920,0.011389,0.080891,0.017090,0.002134,0.018001,0.019774,0.008163,0.016419,0.010796,0.001964,0.001961,0.001273,0.001527,0.001599,0.247837,0.001426
202609130904,2026-09-13,09,04R,daily,0.7147,0.003300,0.001110,0.000765,0.000298,0.000247,0.000754,0.075757,0.062467,0.039127,0.013696,0.018293,0.045811,0.022152,0.041796,0.038601,0.201785,0.027665,0.019230,0.010270,0.006026,0.015732,0.027063,0.012782,0.004278,0.005069,0.007323,0.002615,0.001745,0.001508,0.002091,0.285306,0.005334
202609130904,2026-09-13,09,04R,realtime,0.7592,0.000945,0.000656,0.000451,0.000237,0.000303,0.000757,0.108822,0.044557,0.035110,0.007254,0.009464,0.035576,0.019059,0.039240,0.037315,0.260316,0.025748,0.019183,0.010511,0.009106,0.022194,0.036175,0.012774,0.003400,0.004915,0.005677,0.002356,0.001371,0.001593,0.001425,0.240784,0.002727
202609130905,2026-09-13,09,05R,daily,0.3267,0.001450,0.000452,0.000218,0.000117,0.000097,0.000215,0.011058,0.028060,0.041204,0.005175,0.000934,0.047588,0.024858,0.013249,0.001617,0.054947,0.008099,0.019727,0.002821,0.000654,0.033856,0.005642,0.008958,0.006041,0.002345,0.000513,0.001930,0.001265,0.001938,0.000660,0.673292,0.001022
202609130905,2026-09-13,09,05R,realtime,0.3722,0.001726,0.000266,0.000207,0.000128,0.000137,0.000216,0.011766,0.038848,0.032630,0.004555,0.000548,0.055087,0.027647,0.017407,0.001843,0.057775,0.010398,0.029896,0.003312,0.001033,0.043115,0.008356,0.008662,0.007199,0.002846,0.000581,0.001554,0.001305,0.001777,0.000444,0.627764,0.000973
202609130906,2026-09-13,09,06R,daily,0.5615,0.002785,0.001052,0.000600,0.000236,0.000190,0.000715,0.015472,0.069532,0.039717,0.008794,0.009706,0.132370,0.034072,0.024238,0.029398,0.050089,0.027592,0.024020,0.005877,0.007533,0.022039,0.005474,0.019244,0.006826,0.002891,0.011135,0.002556,0.002744,0.001431,0.001681,0.438485,0.001504
202609130906,2026-09-13,09,06R,realtime,0.5681,0.001542,0.000221,0.000455,0.000191,0.000258,0.000704,0.019048,0.058325,0.048435,0.005756,0.002885,0.113440,0.031464,0.019753,0.022758,0.078253,0.028789,0.035106,0.004400,0.009555,0.028881,0.005923,0.022390,0.007599,0.002992,0.011041,0.002671,0.002024,0.001380,0.000832,0.431864,0.001068
202609130907,2026-09-13,09,07R,daily,0.7061,0.003324,0.000838,0.000636,0.000354,0.000245,0.000759,0.099840,0.035770,0.088171,0.010908,0.006168,0.024819,0.044930,0.043606,0.009850,0.168377,0.016835,0.042467,0.007887,0.002382,0.019389,0.039395,0.007958,0.007915,0.007607,0.002231,0.002929,0.002614,0.001624,0.001670,0.293915,0.004587
202609130907,2026-09-13,09,07R,realtime,0.7755,0.001844,0.000646,0.000290,0.000263,0.000308,0.000727,0.115922,0.024544,0.102663,0.006354,0.004971,0.015797,0.031995,0.050346,0.009265,0.211896,0.019260,0.047581,0.009921,0.002103,0.023018,0.055516,0.008255,0.008010,0.009329,0.002168,0.003006,0.003041,0.001660,0.001361,0.224515,0.003426
202609130908,2026-09-13,09,08R,daily,0.5810,0.003811,0.000707,0.000691,0.000241,0.000200,0.000507,0.048186,0.069019,0.019533,0.018655,0.003840,0.088851,0.015418,0.071245,0.005560,0.110214,0.027717,0.009887,0.009492,0.001413,0.020636,0.013366,0.016484,0.003245,0.008312,0.001660,0.003433,0.001917,0.002080,0.001240,0.419047,0.003393
202609130908,2026-09-13,09,08R,realtime,0.5407,0.002241,0.000276,0.000478,0.000172,0.000234,0.000421,0.032658,0.072487,0.013451,0.018775,0.002451,0.083519,0.012131,0.073981,0.005216,0.105677,0.016597,0.006898,0.012242,0.002034,0.029008,0.012029,0.015323,0.002485,0.008744,0.001584,0.002848,0.001562,0.002227,0.000905,0.459292,0.002054
202609130909,2026-09-13,09,09R,daily,0.5299,0.003587,0.001062,0.000707,0.000263,0.000218,0.000639,0.024827,0.057413,0.022150,0.021470,0.008281,0.086414,0.017298,0.052471,0.022567,0.084991,0.025505,0.011751,0.008085,0.004074,0.024662,0.009236,0.013455,0.002193,0.009059,0.004955,0.002169,0.002212,0.002344,0.001980,0.470099,0.003861
202609130909,2026-09-13,09,09R,realtime,0.6961,0.003934,0.000324,0.000321,0.000189,0.000338,0.000898,0.022088,0.119777,0.015738,0.024149,0.008596,0.102447,0.013786,0.059050,0.025915,0.134188,0.030903,0.015232,0.008392,0.005667,0.034086,0.011607,0.022633,0.002885,0.013072,0.007627,0.002796,0.002836,0.003283,0.001071,0.303883,0.002289
202609130910,2026-09-13,09,10R,daily,0.5020,0.002900,0.000737,0.000425,0.000295,0.000166,0.000835,0.049373,0.019051,0.074800,0.005965,0.012263,0.014268,0.039129,0.018725,0.018898,0.143314,0.006490,0.015723,0.003842,0.002851,0.022156,0.020444,0.005114,0.006714,0.003274,0.004239,0.002566,0.001261,0.002064,0.001509,0.497993,0.002617
202609130910,2026-09-13,09,10R,realtime,0.5824,0.002224,0.000455,0.000156,0.000205,0.000255,0.000861,0.031223,0.022987,0.130460,0.002113,0.012979,0.011594,0.041806,0.015997,0.021898,0.162490,0.007073,0.024172,0.003160,0.004248,0.027499,0.024131,0.006119,0.008364,0.004104,0.004843,0.003399,0.001493,0.003098,0.001008,0.417593,0.001994
202609130911,2026-09-13,09,11R,daily,0.3882,0.002267,0.000505,0.000422,0.000182,0.000129,0.000486,0.034876,0.026843,0.024149,0.004310,0.008183,0.024276,0.013579,0.009485,0.008966,0.139868,0.008580,0.011031,0.002849,0.001307,0.019481,0.018746,0.009779,0.003360,0.001952,0.001875,0.002679,0.001625,0.001581,0.001489,0.611811,0.003328
202609130911,2026-09-13,09,11R,realtime,0.5301,0.001923,0.000360,0.000203,0.000129,0.000201,0.000604,0.036292,0.052738,0.019521,0.003167,0.004601,0.028281,0.014969,0.011398,0.007939,0.212857,0.014211,0.018770,0.003776,0.002390,0.030946,0.030843,0.013947,0.004249,0.002917,0.002313,0.002499,0.002661,0.002126,0.000629,0.469866,0.002677
202609130912,2026-09-13,09,12R,daily,0.2540,0.001371,0.000628,0.000304,0.000141,0.000094,0.000303,0.007252,0.024105,0.023249,0.003190,0.006734,0.035532,0.017887,0.011979,0.007649,0.045370,0.005133,0.011302,0.001836,0.002764,0.020942,0.005483,0.005544,0.003533,0.001613,0.002825,0.001629,0.001493,0.001511,0.000893,0.746010,0.001702
202609130912,2026-09-13,09,12R,realtime,0.3267,0.002422,0.000233,0.000169,0.000112,0.000177,0.000421,0.006546,0.044338,0.016844,0.003115,0.005945,0.040386,0.016858,0.012886,0.008261,0.070581,0.006605,0.017782,0.002518,0.005218,0.033551,0.007783,0.007601,0.004121,0.002152,0.002916,0.001461,0.001527,0.001964,0.000454,0.673297,0.001755
202609131001,2026-09-13,10,01R,daily,0.3140,0.001882,0.001032,0.000278,0.000199,0.000122,0.000386,0.011118,0.040346,0.018218,0.009078,0.010919,0.029846,0.019103,0.024950,0.008338,0.052380,0.009374,0.008892,0.003785,0.005439,0.029601,0.003986,0.008003,0.003354,0.003194,0.003162,0.000978,0.000951,0.002005,0.000907,0.685997,0.002178
202609131001,2026-09-13,10,01R,realtime,0.2473,0.002530,0.000336,0.000185,0.000208,0.000103,0.000301,0.008348,0.020757,0.012348,0.008948,0.006109,0.026531,0.010085,0.024481,0.010537,0.044686,0.007515,0.005912,0.002683,0.004131,0.028376,0.002923,0.005519,0.002351,0.004031,0.002911,0.000744,0.000539,0.001549,0.000581,0.752678,0.001064
202609131002,2026-09-13,10,02R,daily,0.4808,0.003474,0.000862,0.000363,0.000251,0.000148,0.000511,0.044996,0.019381,0.017806,0.008125,0.005542,0.016384,0.013212,0.028447,0.005962,0.224819,0.007247,0.004770,0.004024,0.002778,0.029397,0.014878,0.005029,0.002205,0.005102,0.001718,0.002214,0.001054,0.002391,0.001177,0.519236,0.006501
202609131002,2026-09-13,10,02R,realtime,0.4292,0.001417,0.000822,0.000246,0.000226,0.000120,0.000373,0.037158,0.011252,0.010264,0.005801,0.002274,0.015248,0.008099,0.021863,0.004986,0.236269,0.005683,0.002596,0.003343,0.002458,0.026167,0.013148,0.003754,0.001532,0.004938,0.001393,0.001529,0.000660,0.001537,0.000668,0.570803,0.003370
202609131003,2026-09-13,10,03R,daily,0.3481,0.001883,0.000755,0.000265,0.000140,0.000114,0.000317,0.005807,0.066514,0.011455,0.009697,0.002831,0.082296,0.015894,0.020286,0.002921,0.037681,0.014075,0.010191,0.003394,0.001924,0.027732,0.003050,0.014769,0.001832,0.004454,0.001180,0.001324,0.000970,0.001444,0.001035,0.651889,0.001882
202609131003,2026-09-13,10,03R,realtime,0.2747,0.001291,0.000199,0.000224,0.000104,0.000082,0.000171,0.002931,0.057038,0.003800,0.006312,0.001070,0.086374,0.008937,0.014665,0.001803,0.026602,0.007231,0.004161,0.002170,0.001506,0.024826,0.002460,0.012702,0.001058,0.002498,0.000995,0.000704,0.000644,0.000730,0.000431,0.725317,0.000965
202609131004,2026-09-13,10,04R,daily,0.2970,0.001472,0.000651,0.000240,0.000149,0.000110,0.000293,0.008254,0.041009,0.012174,0.007926,0.004858,0.048625,0.013077,0.020419,0.003265,0.047743,0.012471,0.008804,0.002876,0.002432,0.036362,0.003241,0.007853,0.001457,0.003236,0.001098,0.001132,0.000847,0.001219,0.000769,0.702966,0.002969
202609131004,2026-09-13,10,04R,realtime,0.2633,0.002156,0.000301,0.000185,0.000164,0.000098,0.000191,0.007747,0.027862,0.007467,0.005042,0.001567,0.051432,0.010734,0.023061,0.002637,0.043851,0.008459,0.006240,0.002251,0.001898,0.038025,0.002426,0.008227,0.001218,0.004418,0.000983,0.000913,0.000681,0.000904,0.000545,0.736727,0.001590
202609131005,2026-09-13,10,05R,daily,0.4450,0.004035,0.001565,0.000420,0.000236,0.000175,0.000684,0.008968,0.056060,0.022187,0.008213,0.009595,0.097548,0.027164,0.037593,0.010901,0.041503,0.018808,0.013025,0.006198,0.007568,0.027535,0.001865,0.017276,0.003691,0.008949,0.004433,0.001983,0.001537,0.001809,0.001257,0.555024,0.002198
202609131005,2026-09-13,10,05R,realtime,0.4773,0.004094,0.000509,0.000353,0.000247,0.000199,0.000741,0.006746,0.083897,0.007823,0.006457,0.038587,0.131696,0.022659,0.023533,0.018104,0.029978,0.010161,0.006398,0.005977,0.007566,0.027687,0.001546,0.018908,0.003943,0.006037,0.006288,0.001751,0.001417,0.001823,0.000982,0.522690,0.001203
202609131006,2026-09-13,10,06R,daily,0.7365,0.005459,0.002276,0.001296,0.000457,0.000303,0.000723,0.052689,0.106642,0.017236,0.017350,0.023208,0.069653,0.023244,0.044126,0.018498,0.160515,0.040889,0.015234,0.009340,0.015536,0.016584,0.016355,0.022103,0.004996,0.012537,0.014908,0.002560,0.001375,0.001993,0.002830,0.263539,0.015548
202609131006,2026-09-13,10,06R,realtime,0.6623,0.002057,0.000895,0.000822,0.000360,0.000286,0.000590,0.023431,0.121270,0.010052,0.009234,0.030113,0.088608,0.016533,0.045903,0.019614,0.121477,0.034505,0.008409,0.010506,0.018500,0.015583,0.014206,0.026530,0.004139,0.008533,0.016056,0.001450,0.001135,0.001717,0.002168,0.337681,0.007637
202609131007,2026-09-13,10,07R,daily,0.5041,0.005453,0.001238,0.000596,0.000382,0.000255,0.000689,0.017784,0.039651,0.038516,0.021047,0.006595,0.044564,0.031949,0.074594,0.009971,0.073197,0.015763,0.019842,0.010411,0.005736,0.028272,0.005490,0.012991,0.007338,0.014243,0.005083,0.002362,0.001681,0.002237,0.001626,0.495893,0.004552
202609131007,2026-09-13,10,07R,realtime,0.5960,0.012528,0.003153,0.001468,0.000441,0.000328,0.000752,0.012059,0.113173,0.029645,0.015629,0.012123,0.112113,0.047053,0.026433,0.011855,0.037659,0.029533,0.014021,0.005554,0.005901,0.024368,0.004187,0.026974,0.006926,0.009853,0.004940,0.003044,0.002445,0.004282,0.003592,0.404044,0.013923
202609131008,2026-09-13,10,08R,daily,0.7916,0.007451,0.001562,0.000906,0.000312,0.000285,0.000513,0.073171,0.113158,0.011662,0.023095,0.005732,0.067042,0.011506,0.079687,0.006550,0.204797,0.048279,0.018208,0.010751,0.004076,0.016410,0.021431,0.015988,0.002917,0.012032,0.002979,0.002427,0.001132,0.001740,0.002142,0.208363,0.023697
202609131008,2026-09-13,10,08R,realtime,0.7443,0.002549,0.001120,0.000553,0.000320,0.000272,0.000464,0.070746,0.116469,0.004889,0.022609,0.004527,0.076248,0.008063,0.084599,0.006003,0.195624,0.033373,0.011972,0.012189,0.003554,0.017126,0.016614,0.015189,0.002374,0.012065,0.003021,0.001676,0.001009,0.001427,0.002173,0.255743,0.015441
202609131009,2026-09-13,10,09R,daily,0.8057,0.004505,0.001926,0.000588,0.000388,0.000289,0.000611,0.025738,0.112810,0.093562,0.018135,0.003007,0.063366,0.092759,0.084497,0.004915,0.056245,0.033774,0.063427,0.022115,0.005891,0.019318,0.006404,0.029947,0.026463,0.019366,0.003806,0.002570,0.001031,0.002526,0.001855,0.194287,0.003878
202609131009,2026-09-13,10,09R,realtime,0.8387,0.013378,0.002862,0.001039,0.000641,0.000503,0.001193,0.026238,0.067813,0.061903,0.052947,0.026327,0.038672,0.112509,0.131369,0.051196,0.036842,0.018628,0.014558,0.036952,0.023196,0.016001,0.004940,0.018193,0.015378,0.027258,0.015025,0.003417,0.001721,0.004908,0.005146,0.161263,0.007984
202609131010,2026-09-13,10,10R,daily,0.7296,0.004510,0.001938,0.001005,0.000570,0.000289,0.001010,0.076370,0.081169,0.037755,0.007387,0.031597,0.040662,0.038968,0.019229,0.024087,0.182078,0.031414,0.021013,0.007877,0.010962,0.017812,0.015592,0.021655,0.011488,0.006940,0.017952,0.003549,0.001342,0.002133,0.002598,0.270448,0.008600
202609131010,2026-09-13,10,10R,realtime,0.7199,0.001316,0.000663,0.000700,0.000511,0.000299,0.000900,0.078680,0.057024,0.014570,0.004693,0.027497,0.046795,0.025694,0.019307,0.026592,0.228827,0.045663,0.016235,0.007580,0.010708,0.018991,0.018346,0.021995,0.009274,0.005344,0.018089,0.003125,0.001471,0.001967,0.001656,0.280131,0.005357
202609131011,2026-09-13,10,11R,daily,0.7957,0.006021,0.001829,0.001231,0.000519,0.000300,0.000741,0.124367,0.058958,0.026222,0.010265,0.021615,0.030089,0.023307,0.033977,0.016940,0.247009,0.030931,0.021914,0.008786,0.011060,0.014529,0.032504,0.011212,0.007349,0.008459,0.008655,0.003306,0.001344,0.001980,0.002480,0.204302,0.027802
202609131011,2026-09-13,10,11R,realtime,0.7952,0.001828,0.001605,0.000681,0.000503,0.000295,0.000682,0.145878,0.028785,0.024968,0.008180,0.019673,0.024923,0.016818,0.037054,0.016213,0.281809,0.031335,0.016880,0.010548,0.009145,0.013013,0.041824,0.013971,0.008113,0.009569,0.008986,0.003495,0.001586,0.001655,0.002204,0.204842,0.012939
202609131012,2026-09-13,10,12R,daily,0.3517,0.003153,0.001004,0.000332,0.000260,0.000134,0.000846,0.014765,0.029376,0.035986,0.002856,0.009631,0.030174,0.033210,0.011834,0.009272,0.078905,0.008485,0.009640,0.003537,0.003982,0.026037,0.005965,0.008653,0.005841,0.002659,0.003334,0.002569,0.001526,0.002926,0.001238,0.648318,0.003554
202609131012,2026-09-13,10,12R,realtime,0.3440,0.002941,0.000557,0.000367,0.000268,0.000154,0.000746,0.011859,0.018254,0.060753,0.001886,0.004187,0.029350,0.032378,0.010595,0.009678,0.074456,0.008142,0.008700,0.003349,0.004237,0.021708,0.007349,0.007379,0.006623,0.002169,0.004065,0.003401,0.001448,0.002912,0.000876,0.655955,0.003259
202609131101,2026-09-13,11,01R,daily,0.6112,0.002527,0.000989,0.000588,0.000311,0.000255,0.000544,0.053707,0.065075,0.036500,0.043860,0.008356,0.059685,0.034714,0.071460,0.017360,0.082655,0.018051,0.020092,0.012474,0.003289,0.017926,0.012245,0.016293,0.006900,0.012735,0.003669,0.002091,0.001421,0.001382,0.001978,0.388763,0.002105
202609131101,2026-09-13,11,01R,realtime,0.5527,0.000947,0.000519,0.000462,0.000331,0.000246,0.000482,0.086012,0.045078,0.023410,0.022623,0.008134,0.046680,0.021147,0.062516,0.016683,0.102194,0.015875,0.015297,0.010322,0.003026,0.017578,0.012974,0.012886,0.005996,0.010475,0.003459,0.001161,0.001012,0.001017,0.002108,0.447287,0.002065
202609131102,2026-09-13,11,02R,daily,0.6665,0.002230,0.000357,0.000388,0.000155,0.000155,0.000264,0.098266,0.062914,0.015030,0.016132,0.000991,0.050594,0.013415,0.028217,0.002614,0.249954,0.032399,0.013346,0.004028,0.000393,0.012304,0.031539,0.012377,0.002512,0.003581,0.000404,0.003843,0.001029,0.000863,0.001155,0.333475,0.005077
202609131102,2026-09-13,11,02R,realtime,0.6523,0.000505,0.000552,0.000306,0.000154,0.000142,0.000187,0.113239,0.059563,0.011157,0.014299,0.000579,0.051732,0.012907,0.030602,0.002490,0.248890,0.025617,0.010651,0.004153,0.000431,0.011282,0.026720,0.010457,0.002929,0.003368,0.000500,0.003326,0.001438,0.000662,0.000815,0.347700,0.002646
202609131103,2026-09-13,11,03R,daily,0.5618,0.003079,0.000831,0.000390,0.000247,0.000241,0.000762,0.036333,0.059733,0.044291,0.022519,0.003516,0.066763,0.038473,0.102119,0.008544,0.049854,0.020084,0.014333,0.012089,0.001506,0.015945,0.007694,0.021005,0.006094,0.015846,0.001272,0.002434,0.001424,0.001458,0.001171,0.438195,0.001757
202609131103,2026-09-13,11,03R,realtime,0.6519,0.001922,0.000269,0.000438,0.000324,0.000264,0.000713,0.064139,0.040990,0.039828,0.028957,0.001149,0.071884,0.032607,0.149289,0.005835,0.075670,0.020377,0.015490,0.010557,0.001237,0.017159,0.010091,0.016996,0.005174,0.031463,0.001330,0.001996,0.001581,0.001543,0.001404,0.348097,0.001225
202609131104,2026-09-13,11,04R,daily,0.7277,0.003984,0.000787,0.000658,0.000242,0.000224,0.000592,0.077618,0.125410,0.021802,0.022555,0.002801,0.110444,0.023234,0.089581,0.004790,0.085906,0.049576,0.016163,0.011853,0.001339,0.014339,0.012622,0.022357,0.003842,0.012702,0.001218,0.002735,0.001899,0.001437,0.001304,0.272295,0.003691
202609131104,2026-09-13,11,04R,realtime,0.7371,0.001692,0.000443,0.000743,0.000296,0.000214,0.000522,0.082362,0.112036,0.023346,0.018924,0.001499,0.129504,0.020402,0.112742,0.004397,0.085729,0.039244,0.012953,0.012617,0.000846,0.011770,0.010821,0.021206,0.003752,0.017728,0.001454,0.002076,0.002132,0.001494,0.001884,0.262937,0.002234
202609131105,2026-09-13,11,05R,daily,0.2854,0.001099,0.000316,0.000215,0.000103,0.000106,0.000163,0.013853,0.022274,0.015797,0.019684,0.000801,0.023963,0.015265,0.047036,0.001956,0.051071,0.004680,0.007584,0.004230,0.000353,0.027433,0.006545,0.005118,0.003232,0.006255,0.000268,0.001703,0.000808,0.001280,0.000622,0.714603,0.001583
202609131105,2026-09-13,11,05R,realtime,0.2915,0.001077,0.000181,0.000136,0.000099,0.000103,0.000108,0.008195,0.013861,0.022040,0.013296,0.000219,0.023434,0.016874,0.081040,0.001288,0.038116,0.003164,0.007374,0.004421,0.000284,0.026998,0.004799,0.004677,0.003968,0.010452,0.000247,0.001535,0.001034,0.000998,0.000685,0.708524,0.000775
202609131106,2026-09-13,11,06R,daily,0.3109,0.001194,0.000472,0.000200,0.000140,0.000107,0.000444,0.010136,0.040628,0.023150,0.006037,0.003013,0.049529,0.036901,0.027485,0.009881,0.035775,0.008306,0.009109,0.002476,0.000972,0.016686,0.004773,0.006509,0.006447,0.003104,0.001132,0.001309,0.002281,0.001587,0.000457,0.689103,0.000658
202609131106,2026-09-13,11,06R,realtime,0.2664,0.000933,0.000129,0.000246,0.000146,0.000088,0.000311,0.008711,0.030840,0.026741,0.002622,0.001274,0.051267,0.042111,0.021161,0.007482,0.025771,0.004742,0.007133,0.001751,0.000787,0.010965,0.003008,0.003877,0.005838,0.002012,0.001176,0.001287,0.001919,0.001371,0.000289,0.733567,0.000445
202609131107,2026-09-13,11,07R,daily,0.5194,0.001841,0.001043,0.000327,0.000262,0.000186,0.000508,0.022507,0.045459,0.080266,0.013226,0.005819,0.030963,0.073325,0.052299,0.018973,0.054666,0.012074,0.025829,0.006821,0.004510,0.023179,0.006084,0.007504,0.014807,0.004734,0.004462,0.002117,0.001653,0.001593,0.001237,0.480631,0.001095
202609131107,2026-09-13,11,07R,realtime,0.4776,0.001054,0.000314,0.000263,0.000302,0.000212,0.000547,0.018459,0.049998,0.045923,0.010878,0.006100,0.040320,0.073270,0.052701,0.021272,0.046204,0.012110,0.023265,0.005224,0.003885,0.020151,0.005092,0.005360,0.017438,0.003650,0.006546,0.002308,0.001810,0.001356,0.000933,0.522352,0.000703
202609131108,2026-09-13,11,08R,daily,0.5718,0.002276,0.000709,0.000432,0.000162,0.000155,0.000287,0.049915,0.100961,0.020692,0.013460,0.001174,0.075682,0.020276,0.036619,0.004502,0.110866,0.040576,0.020785,0.003902,0.000452,0.021202,0.013335,0.014756,0.003295,0.005380,0.000627,0.002471,0.001957,0.001607,0.001073,0.428178,0.002237
202609131108,2026-09-13,11,08R,realtime,0.5090,0.000934,0.000511,0.000461,0.000179,0.000142,0.000257,0.042345,0.087216,0.012504,0.021160,0.000925,0.083980,0.017704,0.042630,0.004929,0.089547,0.031291,0.010066,0.004683,0.000381,0.019125,0.011055,0.010485,0.002715,0.004828,0.000922,0.002297,0.002145,0.001525,0.000893,0.490969,0.001194
202609131109,2026-09-13,11,09R,daily,0.4372,0.001780,0.000769,0.000472,0.000248,0.000195,0.000592,0.028971,0.040522,0.026021,0.025320,0.004946,0.036880,0.032747,0.056877,0.012675,0.065965,0.013967,0.012735,0.006976,0.001982,0.025339,0.010045,0.006452,0.003793,0.010041,0.002283,0.001958,0.001521,0.001532,0.001550,0.562808,0.002038
202609131109,2026-09-13,11,09R,realtime,0.3316,0.000960,0.000226,0.000209,0.000192,0.000166,0.000353,0.018196,0.027831,0.018801,0.012627,0.001907,0.033607,0.028253,0.039844,0.007797,0.061647,0.006541,0.008648,0.003737,0.001645,0.026707,0.009039,0.005401,0.002388,0.007621,0.001706,0.001341,0.001166,0.001185,0.000966,0.668395,0.000902
202609131110,2026-09-13,11,10R,daily,0.5415,0.001753,0.000546,0.000406,0.000205,0.000155,0.000450,0.089581,0.043303,0.048205,0.006086,0.003266,0.034147,0.044279,0.012966,0.004181,0.125201,0.021650,0.033926,0.004177,0.000939,0.020487,0.018180,0.006671,0.007663,0.002481,0.000907,0.002514,0.002100,0.001585,0.001231,0.458455,0.002302
202609131110,2026-09-13,11,10R,realtime,0.4446,0.001071,0.000508,0.000338,0.000216,0.000172,0.000385,0.050618,0.035035,0.035543,0.003046,0.002845,0.037421,0.052298,0.011512,0.003259,0.102346,0.013549,0.024388,0.002905,0.000868,0.025068,0.015630,0.006785,0.006626,0.002386,0.000742,0.002754,0.002579,0.001497,0.001020,0.555410,0.001179
202609131111,2026-09-13,11,11R,daily,0.2761,0.001089,0.000419,0.000143,0.000124,0.000094,0.000343,0.009848,0.014743,0.042608,0.006607,0.004448,0.015620,0.046705,0.022041,0.011854,0.038328,0.003609,0.006964,0.005093,0.001105,0.019425,0.006967,0.004168,0.004362,0.002257,0.000877,0.002467,0.001033,0.001400,0.000768,0.723946,0.000543
202609131111,2026-09-13,11,11R,realtime,0.2319,0.001728,0.000198,0.000087,0.000110,0.000102,0.000272,0.010051,0.009939,0.033151,0.002928,0.003647,0.013779,0.035784,0.014937,0.011033,0.034045,0.003078,0.005710,0.003003,0.001052,0.024151,0.007720,0.002908,0.004011,0.001763,0.000976,0.002624,0.000847,0.001416,0.000460,0.768136,0.000351
202609131112,2026-09-13,11,12R,daily,0.4197,0.002065,0.000522,0.000482,0.000214,0.000179,0.000505,0.021436,0.041311,0.032416,0.012678,0.004960,0.041997,0.027928,0.052466,0.010096,0.070447,0.011942,0.014553,0.009008,0.003300,0.022475,0.009390,0.006143,0.004818,0.005678,0.002031,0.003137,0.002051,0.001127,0.001119,0.580332,0.003194
202609131112,2026-09-13,11,12R,realtime,0.4018,0.001507,0.000320,0.000348,0.000231,0.000200,0.000489,0.029044,0.040568,0.015362,0.008726,0.006187,0.045621,0.019419,0.038628,0.009241,0.086747,0.013871,0.011706,0.007873,0.002603,0.026281,0.010755,0.004894,0.003495,0.006797,0.001877,0.002218,0.001820,0.001144,0.001143,0.598182,0.002702
202609131201,2026-09-13,12,01R,daily,0.6777,0.002322,0.002065,0.000340,0.000302,0.000191,0.000847,0.129114,0.022869,0.142953,0.012448,0.006511,0.009910,0.053796,0.044099,0.009085,0.125204,0.007613,0.032342,0.008030,0.001692,0.015792,0.017668,0.005254,0.012181,0.004192,0.002410,0.002088,0.000993,0.001881,0.001220,0.322295,0.002296
202609131201,2026-09-13,12,01R,realtime,0.6662,0.001034,0.001692,0.000224,0.000324,0.000217,0.000773,0.131127,0.017580,0.162908,0.007118,0.007411,0.008463,0.060274,0.041414,0.010876,0.107834,0.005082,0.026886,0.007187,0.001484,0.015994,0.015267,0.004201,0.015553,0.003629,0.003031,0.002426,0.000843,0.001793,0.001137,0.333828,0.002390
202609131202,2026-09-13,12,02R,daily,0.4334,0.001794,0.001269,0.000360,0.000188,0.000167,0.000570,0.045013,0.023845,0.040738,0.018031,0.002745,0.022316,0.022121,0.066999,0.005462,0.084418,0.007487,0.011537,0.009878,0.001217,0.032720,0.008443,0.007108,0.005285,0.004742,0.001553,0.001850,0.001300,0.001520,0.000815,0.566596,0.001913
202609131202,2026-09-13,12,02R,realtime,0.3662,0.001606,0.000812,0.000298,0.000128,0.000192,0.000541,0.034719,0.022799,0.023992,0.006808,0.002243,0.020910,0.012296,0.056209,0.003533,0.089255,0.005632,0.009222,0.008271,0.001407,0.036959,0.007309,0.006221,0.004699,0.003282,0.001229,0.001280,0.000804,0.001012,0.000645,0.633774,0.001912
202609131203,2026-09-13,12,03R,daily,0.7058,0.001857,0.002489,0.000435,0.000296,0.000205,0.000739,0.018869,0.057694,0.163843,0.015475,0.009504,0.040812,0.117400,0.051156,0.012713,0.023732,0.015078,0.087315,0.007804,0.005120,0.013895,0.005427,0.012780,0.022996,0.005388,0.005334,0.001830,0.001731,0.001063,0.001223,0.294203,0.001596
202609131203,2026-09-13,12,03R,realtime,0.6719,0.001812,0.000434,0.000242,0.000235,0.000243,0.000674,0.014413,0.044688,0.204302,0.004569,0.010905,0.034235,0.113322,0.039229,0.011536,0.021184,0.009609,0.084930,0.005382,0.003667,0.014156,0.006313,0.010931,0.021041,0.003351,0.005102,0.000909,0.001714,0.000887,0.000974,0.328050,0.000962
202609131204,2026-09-13,12,04R,daily,0.7252,0.002673,0.002554,0.001032,0.000279,0.000198,0.000918,0.073239,0.159170,0.032688,0.008328,0.010489,0.109251,0.013686,0.017466,0.017034,0.096289,0.063488,0.020466,0.006518,0.004362,0.015444,0.006814,0.034314,0.003943,0.002627,0.009487,0.003173,0.002299,0.001140,0.001951,0.274767,0.003913
202609131204,2026-09-13,12,04R,realtime,0.7447,0.000910,0.000976,0.000969,0.000223,0.000217,0.000780,0.059413,0.193998,0.020401,0.005234,0.008286,0.117364,0.010640,0.010474,0.014009,0.111854,0.064750,0.019938,0.003619,0.005295,0.016704,0.008977,0.043097,0.002890,0.001865,0.011513,0.002739,0.001637,0.001143,0.000851,0.255262,0.003971
202609131205,2026-09-13,12,05R,daily,0.2975,0.001285,0.001317,0.000257,0.000163,0.000110,0.000569,0.017538,0.018080,0.039944,0.004426,0.016815,0.014325,0.020077,0.015946,0.027337,0.059457,0.004089,0.007318,0.002663,0.002811,0.015632,0.006439,0.004585,0.004965,0.001412,0.004299,0.001375,0.001345,0.000850,0.000604,0.702546,0.001424
202609131205,2026-09-13,12,05R,realtime,0.3517,0.003566,0.002236,0.000281,0.000136,0.000202,0.000317,0.015371,0.016340,0.045085,0.025041,0.001574,0.011173,0.023409,0.088857,0.003958,0.038046,0.002552,0.006230,0.011414,0.000884,0.023526,0.003984,0.003819,0.008698,0.005200,0.000563,0.002525,0.001341,0.000974,0.000800,0.648268,0.003628
202609131206,2026-09-13,12,06R,daily,0.7695,0.002200,0.001886,0.001029,0.000311,0.000253,0.000537,0.166231,0.076562,0.042055,0.035057,0.003661,0.021345,0.019960,0.085067,0.003926,0.158179,0.017973,0.020624,0.012703,0.001630,0.014645,0.031961,0.012205,0.006964,0.011135,0.001703,0.002161,0.001279,0.000975,0.001695,0.230529,0.013560
202609131206,2026-09-13,12,06R,realtime,0.7754,0.001000,0.002107,0.000435,0.000277,0.000268,0.000398,0.193576,0.074061,0.039288,0.029258,0.006065,0.019346,0.015062,0.093521,0.004917,0.136125,0.016182,0.012802,0.019675,0.001651,0.015388,0.043434,0.010594,0.006676,0.014011,0.002346,0.001772,0.001469,0.001091,0.001868,0.224552,0.010786
202609131207,2026-09-13,12,07R,daily,0.6720,0.002569,0.003187,0.000795,0.000280,0.000260,0.000810,0.024030,0.138917,0.030212,0.036701,0.007665,0.061255,0.021843,0.119571,0.023970,0.052791,0.027458,0.024596,0.011605,0.004272,0.018787,0.009725,0.019805,0.004930,0.007911,0.007082,0.001888,0.002042,0.001143,0.001772,0.327977,0.004150
202609131207,2026-09-13,12,07R,realtime,0.5936,0.001871,0.000607,0.000429,0.000238,0.000262,0.000791,0.017566,0.105528,0.018090,0.054048,0.004855,0.061696,0.012894,0.119315,0.032062,0.042457,0.021467,0.016722,0.010272,0.003938,0.019727,0.006199,0.013186,0.003736,0.009805,0.008725,0.001439,0.001436,0.000919,0.001284,0.406438,0.002000
202609131208,2026-09-13,12,08R,daily,0.4719,0.001348,0.001189,0.000406,0.000195,0.000138,0.000506,0.068077,0.041106,0.053461,0.004457,0.002985,0.021228,0.018178,0.010809,0.002774,0.134014,0.012339,0.018175,0.002424,0.000788,0.020088,0.024330,0.010935,0.005581,0.001498,0.000801,0.003084,0.001591,0.001125,0.000987,0.528130,0.007253
202609131208,2026-09-13,12,08R,realtime,0.5353,0.000709,0.001947,0.000349,0.000183,0.000161,0.000444,0.090699,0.047145,0.065444,0.001818,0.002860,0.021993,0.017726,0.008106,0.002138,0.156677,0.013643,0.018444,0.002367,0.001002,0.018193,0.032239,0.010715,0.005734,0.001293,0.000728,0.002684,0.001594,0.000955,0.000752,0.464747,0.006511
202609131209,2026-09-13,12,09R,daily,0.4078,0.001117,0.001749,0.000548,0.000188,0.000128,0.000500,0.015831,0.086633,0.020527,0.008418,0.015091,0.075174,0.012541,0.013578,0.022896,0.032670,0.020838,0.009971,0.002421,0.002973,0.024403,0.005114,0.015733,0.002761,0.001417,0.005763,0.001679,0.002117,0.000765,0.001058,0.592161,0.003238
202609131209,2026-09-13,12,09R,realtime,0.5537,0.008869,0.004169,0.001374,0.000229,0.000247,0.000533,0.017308,0.085594,0.078067,0.004399,0.008092,0.093231,0.064445,0.014356,0.004550,0.024024,0.024941,0.033084,0.002221,0.002041,0.020700,0.004376,0.023910,0.009001,0.001520,0.001517,0.002032,0.004143,0.002065,0.001759,0.446284,0.010918
202609131210,2026-09-13,12,10R,daily,0.3048,0.001061,0.000620,0.000284,0.000137,0.000115,0.000322,0.026433,0.019005,0.024253,0.016509,0.005573,0.008791,0.008519,0.038403,0.007046,0.078972,0.003920,0.004418,0.006460,0.000915,0.024427,0.012786,0.004059,0.001512,0.002323,0.000806,0.001660,0.000794,0.000606,0.000739,0.695208,0.003325
202609131210,2026-09-13,12,10R,realtime,0.3219,0.001082,0.000792,0.000169,0.000127,0.000116,0.000285,0.035504,0.019747,0.016345,0.013854,0.002994,0.008865,0.006330,0.055878,0.005353,0.082513,0.004254,0.003703,0.007469,0.000852,0.026264,0.013900,0.003398,0.001676,0.002530,0.001087,0.001409,0.000793,0.000521,0.000671,0.678103,0.003417
202609131211,2026-09-13,12,11R,daily,0.3331,0.001020,0.000612,0.000288,0.000110,0.000094,0.000355,0.015247,0.047046,0.033464,0.003190,0.000920,0.061130,0.019604,0.009820,0.001815,0.044897,0.013130,0.020173,0.002075,0.000424,0.026766,0.005890,0.009310,0.005614,0.000591,0.000545,0.002910,0.002343,0.000775,0.000580,0.666902,0.002361
202609131211,2026-09-13,12,11R,realtime,0.3077,0.000987,0.000367,0.000270,0.000089,0.000105,0.000260,0.009690,0.067488,0.021514,0.001806,0.001011,0.071513,0.014825,0.006180,0.001702,0.029017,0.014360,0.013293,0.001771,0.000426,0.026229,0.005370,0.007137,0.004700,0.000330,0.000573,0.002513,0.001623,0.000567,0.000345,0.692336,0.001601
202609131212,2026-09-13,12,12R,daily,0.2274,0.000983,0.000751,0.000217,0.000131,0.000084,0.000494,0.002857,0.021403,0.043625,0.003166,0.006423,0.027789,0.026552,0.012212,0.008330,0.014779,0.003922,0.012744,0.001478,0.001937,0.017434,0.001751,0.004262,0.005354,0.001167,0.002647,0.001430,0.001432,0.000746,0.000535,0.772583,0.000782
202609131212,2026-09-13,12,12R,realtime,0.2190,0.001469,0.000232,0.000163,0.000109,0.000119,0.000459,0.002229,0.019700,0.052477,0.001834,0.008356,0.021578,0.026893,0.009310,0.008505,0.011494,0.003353,0.010402,0.001752,0.001786,0.018096,0.002094,0.004134,0.005246,0.000911,0.002251,0.001052,0.001031,0.000744,0.000414,0.781004,0.000803
202609131701,2026-09-13,17,01R,daily,0.4108,0.001391,0.001561,0.000343,0.000213,0.000159,0.000393,0.023828,0.045798,0.053535,0.014261,0.006311,0.041721,0.026965,0.031540,0.008149,0.061243,0.010772,0.013933,0.002757,0.001643,0.024366,0.010411,0.011028,0.004753,0.003851,0.002369,0.001436,0.001597,0.001868,0.000942,0.589222,0.001643
202609131701,2026-09-13,17,01R,realtime,0.3557,0.000984,0.000659,0.000264,0.000209,0.000160,0.000313,0.021544,0.035738,0.041197,0.006371,0.003063,0.042869,0.024015,0.022527,0.007145,0.062256,0.007255,0.013746,0.002002,0.002275,0.027249,0.010981,0.008589,0.003980,0.003005,0.002307,0.000968,0.001112,0.001429,0.000557,0.644266,0.000964
202609131702,2026-09-13,17,02R,daily,0.5416,0.001371,0.001835,0.000395,0.000151,0.000133,0.000280,0.019081,0.123990,0.043628,0.008840,0.003723,0.124917,0.025158,0.022051,0.004931,0.038193,0.028836,0.015112,0.001966,0.000674,0.020280,0.012598,0.027316,0.003529,0.003686,0.000911,0.001597,0.001573,0.002257,0.000808,0.458355,0.001824
202609131702,2026-09-13,17,02R,realtime,0.6013,0.001259,0.000606,0.000482,0.000138,0.000163,0.000246,0.013634,0.165400,0.027456,0.006381,0.001881,0.155446,0.018450,0.025858,0.003360,0.038319,0.031450,0.018570,0.001993,0.001037,0.026485,0.015981,0.033459,0.002828,0.003515,0.000807,0.001120,0.001110,0.002076,0.000730,0.398746,0.001015
202609131703,2026-09-13,17,03R,daily,0.4832,0.001509,0.001252,0.000291,0.000164,0.000137,0.000302,0.044682,0.032932,0.091374,0.009831,0.002113,0.024529,0.051587,0.038226,0.002317,0.081173,0.007215,0.016035,0.002546,0.000774,0.020582,0.023382,0.007453,0.008909,0.004460,0.000616,0.001462,0.001369,0.002780,0.000710,0.516790,0.002502
202609131703,2026-09-13,17,03R,realtime,0.4543,0.000870,0.000847,0.000241,0.000151,0.000149,0.000226,0.033137,0.018974,0.096077,0.004340,0.000912,0.021642,0.045905,0.039109,0.001381,0.090108,0.004621,0.018332,0.002143,0.000905,0.026421,0.022743,0.006257,0.007946,0.004317,0.000423,0.000973,0.001060,0.002251,0.000676,0.545711,0.001152
202609131704,2026-09-13,17,04R,daily,0.7092,0.001764,0.002152,0.000574,0.000359,0.000259,0.000580,0.086081,0.056782,0.104164,0.014470,0.005630,0.032448,0.047383,0.049789,0.010167,0.153292,0.014786,0.029383,0.004798,0.002247,0.012966,0.033278,0.012650,0.010665,0.006229,0.003238,0.001914,0.001674,0.002195,0.001409,0.290797,0.005878
202609131704,2026-09-13,17,04R,realtime,0.6315,0.000649,0.001138,0.000414,0.000378,0.000274,0.000485,0.062777,0.060627,0.067065,0.007407,0.005229,0.043665,0.049708,0.038201,0.010528,0.154299,0.011240,0.028852,0.003647,0.002659,0.016193,0.027832,0.010948,0.009329,0.006742,0.002927,0.001402,0.001362,0.002049,0.001258,0.368500,0.002216
202609131705,2026-09-13,17,05R,daily,0.2447,0.000759,0.000652,0.000162,0.000098,0.000082,0.000239,0.008897,0.031094,0.022788,0.006878,0.003321,0.043009,0.011772,0.019134,0.004788,0.031554,0.007809,0.008143,0.001055,0.000597,0.025070,0.003465,0.005082,0.001688,0.001247,0.000935,0.000643,0.001054,0.001130,0.000433,0.755344,0.001076
202609131705,2026-09-13,17,05R,realtime,0.2898,0.001075,0.000345,0.000179,0.000133,0.000120,0.000282,0.010877,0.032281,0.048254,0.004645,0.002322,0.049215,0.015133,0.015246,0.006855,0.035475,0.008583,0.011868,0.001511,0.000640,0.025074,0.004696,0.005112,0.002447,0.001542,0.001282,0.000773,0.001125,0.001174,0.000442,0.710172,0.001122
202609131706,2026-09-13,17,06R,daily,0.3363,0.001184,0.001203,0.000354,0.000196,0.000119,0.000412,0.027600,0.021092,0.035482,0.006808,0.014539,0.013854,0.012374,0.017273,0.019865,0.093708,0.004479,0.005202,0.001605,0.002126,0.020853,0.015010,0.004648,0.002507,0.002262,0.003416,0.001264,0.001760,0.001567,0.000881,0.663676,0.002686
202609131706,2026-09-13,17,06R,realtime,0.3134,0.000820,0.001047,0.000179,0.000194,0.000097,0.000374,0.030309,0.012388,0.041827,0.001846,0.006607,0.011633,0.014736,0.016155,0.022041,0.090715,0.004399,0.005026,0.001306,0.001705,0.019701,0.011349,0.004083,0.002482,0.000989,0.004727,0.001410,0.001468,0.001492,0.000516,0.686636,0.001741
202609131707,2026-09-13,17,07R,daily,0.2305,0.000730,0.000646,0.000143,0.000110,0.000071,0.000235,0.012628,0.014597,0.046895,0.003621,0.004537,0.012067,0.020858,0.013102,0.003419,0.045678,0.003004,0.011391,0.000783,0.000715,0.016505,0.006952,0.002623,0.002867,0.001079,0.000819,0.000705,0.000796,0.001146,0.000421,0.769457,0.001399
202609131707,2026-09-13,17,07R,realtime,0.2359,0.000807,0.000525,0.000102,0.000133,0.000084,0.000189,0.015554,0.011700,0.043018,0.001494,0.002665,0.011859,0.025135,0.011334,0.003051,0.051470,0.002634,0.013699,0.000883,0.000784,0.018190,0.008699,0.002782,0.003122,0.000869,0.000871,0.000587,0.000867,0.001070,0.000320,0.764127,0.001378
202609131708,2026-09-13,17,08R,daily,0.3350,0.000921,0.000629,0.000186,0.000119,0.000123,0.000285,0.011195,0.027884,0.067747,0.011795,0.001412,0.030474,0.038917,0.037737,0.001881,0.029508,0.006719,0.016967,0.003187,0.000412,0.020890,0.005451,0.005358,0.007082,0.003163,0.000439,0.000979,0.000813,0.001588,0.000501,0.664957,0.000683
202609131708,2026-09-13,17,08R,realtime,0.2979,0.000796,0.000296,0.000176,0.000112,0.000121,0.000180,0.010236,0.024093,0.064708,0.006420,0.000839,0.027028,0.028652,0.036615,0.000968,0.030597,0.004897,0.012136,0.002912,0.000282,0.022133,0.005926,0.004116,0.006178,0.002850,0.000433,0.000727,0.000860,0.001402,0.000588,0.702148,0.000574
202609131709,2026-09-13,17,09R,daily,0.5580,0.002146,0.002567,0.000543,0.000246,0.000194,0.000574,0.022928,0.115772,0.048895,0.015993,0.007887,0.079374,0.026919,0.047839,0.016299,0.038635,0.026411,0.017243,0.003501,0.002003,0.023109,0.012064,0.023350,0.003913,0.006208,0.003425,0.001246,0.002162,0.002519,0.001505,0.441974,0.002556
202609131709,2026-09-13,17,09R,realtime,0.5704,0.001510,0.000915,0.000508,0.000242,0.000213,0.000625,0.020037,0.150313,0.034191,0.021621,0.003785,0.082990,0.017776,0.055623,0.014901,0.039278,0.022986,0.016361,0.003120,0.002461,0.023738,0.015931,0.020442,0.003179,0.006222,0.003993,0.000973,0.001181,0.002194,0.001101,0.429648,0.001941
202609131710,2026-09-13,17,10R,daily,0.5771,0.002363,0.001744,0.000555,0.000325,0.000197,0.000911,0.061450,0.044311,0.107095,0.010192,0.008410,0.025842,0.060714,0.040399,0.014209,0.083443,0.011846,0.018278,0.003718,0.002272,0.017470,0.021908,0.007997,0.011721,0.003961,0.003799,0.001706,0.002805,0.003249,0.001479,0.422871,0.002762
202609131710,2026-09-13,17,10R,realtime,0.5454,0.004661,0.004999,0.001753,0.000281,0.000270,0.000690,0.042861,0.078033,0.020557,0.017168,0.014349,0.083599,0.009278,0.021614,0.014412,0.100619,0.036329,0.007900,0.001581,0.003438,0.018972,0.013959,0.015617,0.002279,0.003510,0.003706,0.001961,0.002878,0.003297,0.003314,0.454597,0.011518
202609131711,2026-09-13,17,11R,daily,0.2543,0.000527,0.000632,0.000134,0.000128,0.000088,0.000286,0.008610,0.010608,0.056720,0.004544,0.001892,0.007968,0.036247,0.018511,0.002355,0.048100,0.001883,0.009782,0.001035,0.000527,0.019279,0.007501,0.001952,0.007391,0.001566,0.000638,0.001073,0.001173,0.001540,0.000465,0.745734,0.001110
202609131711,2026-09-13,17,11R,realtime,0.2763,0.000917,0.000492,0.000099,0.000179,0.000115,0.000335,0.009564,0.012661,0.053265,0.003142,0.001410,0.008822,0.040032,0.023137,0.002489,0.056212,0.001723,0.013108,0.001000,0.000463,0.018716,0.006860,0.001516,0.010579,0.002134,0.000888,0.001227,0.001648,0.001711,0.000480,0.723717,0.001357
202609131712,2026-09-13,17,12R,daily,0.2899,0.001168,0.000615,0.000353,0.000128,0.000105,0.000371,0.020335,0.034453,0.017854,0.005185,0.002332,0.036057,0.007692,0.015504,0.004053,0.073887,0.009107,0.004975,0.001529,0.000807,0.024315,0.009265,0.006220,0.001685,0.001483,0.001022,0.001742,0.001704,0.001235,0.000733,0.710128,0.003956
202609131712,2026-09-13,17,12R,realtime,0.5048,0.006787,0.004314,0.001222,0.000242,0.000208,0.000541,0.007266,0.160649,0.035591,0.002550,0.012729,0.084380,0.060229,0.011126,0.006719,0.015149,0.013474,0.009977,0.001630,0.001843,0.017123,0.003004,0.017095,0.005528,0.001022,0.001611,0.002247,0.003766,0.003447,0.002665,0.495204,0.010663
202609131801,2026-09-13,18,01R,daily,0.3926,0.002412,0.000679,0.000354,0.000212,0.000182,0.000990,0.023072,0.038467,0.029997,0.007210,0.002460,0.041756,0.023549,0.033205,0.007365,0.077899,0.016546,0.011386,0.004893,0.001790,0.023651,0.010327,0.011632,0.004063,0.006366,0.001353,0.001782,0.003426,0.001645,0.000802,0.607395,0.003133
202609131801,2026-09-13,18,01R,realtime,0.3787,0.001731,0.000219,0.000286,0.000161,0.000208,0.000868,0.018093,0.024381,0.023387,0.010260,0.000543,0.044045,0.018738,0.038580,0.007551,0.092179,0.012532,0.009450,0.003583,0.002050,0.024537,0.010442,0.011117,0.003740,0.008876,0.001526,0.002344,0.004161,0.001338,0.000302,0.621288,0.001487
202609131802,2026-09-13,18,02R,daily,0.4698,0.002344,0.000875,0.000510,0.000216,0.000212,0.000712,0.037592,0.039206,0.040988,0.008002,0.001631,0.038342,0.020214,0.021765,0.004309,0.119258,0.019744,0.026458,0.005591,0.002087,0.029455,0.012456,0.012181,0.005622,0.006226,0.001603,0.001868,0.002942,0.001344,0.001275,0.530152,0.004823
202609131802,2026-09-13,18,02R,realtime,0.4755,0.000924,0.000388,0.000294,0.000161,0.000258,0.000560,0.038881,0.028486,0.039457,0.006560,0.000523,0.038053,0.019125,0.020899,0.003633,0.141474,0.018870,0.029071,0.005256,0.002035,0.031737,0.014524,0.011548,0.006504,0.006262,0.001372,0.001646,0.002974,0.000963,0.000737,0.524491,0.002332
202609131803,2026-09-13,18,03R,daily,0.3962,0.001698,0.000874,0.000463,0.000202,0.000195,0.000638,0.015693,0.047699,0.031446,0.007571,0.002524,0.046337,0.019313,0.024677,0.005865,0.075645,0.015763,0.021359,0.004404,0.002216,0.023752,0.010065,0.013010,0.004836,0.006267,0.001730,0.001523,0.003125,0.001304,0.001058,0.603782,0.004967
202609131803,2026-09-13,18,03R,realtime,0.3916,0.001535,0.000357,0.000273,0.000146,0.000256,0.000587,0.017759,0.041713,0.024575,0.004613,0.002269,0.049507,0.012616,0.020918,0.006128,0.094545,0.017365,0.017718,0.004484,0.002341,0.025434,0.009769,0.013302,0.005228,0.006636,0.001931,0.001573,0.003364,0.001293,0.000709,0.608375,0.002679
202609131804,2026-09-13,18,04R,daily,0.4633,0.002191,0.000831,0.000546,0.000188,0.000208,0.000499,0.036133,0.058026,0.018246,0.008650,0.002220,0.048515,0.009787,0.023550,0.006718,0.114779,0.028370,0.018283,0.004940,0.002589,0.027716,0.013621,0.011842,0.003328,0.004141,0.001683,0.001897,0.004038,0.000873,0.001045,0.536698,0.007847
202609131804,2026-09-13,18,04R,realtime,0.4554,0.001090,0.000496,0.000258,0.000145,0.000240,0.000454,0.030885,0.074891,0.009360,0.008837,0.001017,0.061218,0.009296,0.026241,0.006648,0.111024,0.021787,0.017419,0.004089,0.002980,0.027266,0.007101,0.012955,0.004134,0.004182,0.001648,0.002237,0.003580,0.000606,0.000527,0.544571,0.002815
202609131805,2026-09-13,18,05R,daily,0.3354,0.001580,0.000748,0.000372,0.000179,0.000166,0.000585,0.010811,0.036418,0.030717,0.006265,0.002585,0.043972,0.022365,0.023631,0.005257,0.051276,0.013272,0.017265,0.003778,0.001986,0.026025,0.006599,0.009879,0.003959,0.004990,0.001553,0.001519,0.002761,0.001141,0.000832,0.664620,0.002893
202609131805,2026-09-13,18,05R,realtime,0.2930,0.001430,0.000216,0.000247,0.000132,0.000211,0.000553,0.008540,0.019525,0.025053,0.005840,0.001321,0.041764,0.017514,0.027241,0.006054,0.048769,0.010432,0.012592,0.003900,0.001947,0.027658,0.006318,0.007578,0.003910,0.005692,0.001498,0.001339,0.003013,0.000902,0.000512,0.707026,0.001274
202609131806,2026-09-13,18,06R,daily,0.3260,0.001095,0.000503,0.000326,0.000154,0.000157,0.000703,0.013049,0.036496,0.020447,0.006295,0.003467,0.031731,0.014499,0.017579,0.008014,0.085865,0.013280,0.011334,0.003078,0.001838,0.020677,0.009551,0.009090,0.003333,0.002737,0.001742,0.001169,0.002082,0.000631,0.000861,0.673979,0.004237
202609131806,2026-09-13,18,06R,realtime,0.4482,0.015453,0.003413,0.001238,0.000245,0.000344,0.000938,0.013476,0.037518,0.032580,0.010003,0.003306,0.045195,0.023424,0.033210,0.006863,0.084452,0.019398,0.009576,0.002288,0.002955,0.025839,0.007467,0.022705,0.003927,0.010688,0.001359,0.002728,0.006742,0.002678,0.002229,0.551798,0.015965
202609131807,2026-09-13,18,07R,daily,0.3815,0.001809,0.000698,0.000416,0.000185,0.000184,0.000575,0.019664,0.041803,0.035462,0.006521,0.003829,0.044210,0.018663,0.023633,0.007345,0.056353,0.022081,0.023089,0.005286,0.002431,0.028724,0.009258,0.009626,0.004135,0.003123,0.001424,0.001677,0.003725,0.000816,0.000747,0.618481,0.004025
202609131807,2026-09-13,18,07R,realtime,0.3921,0.002007,0.000302,0.000254,0.000143,0.000266,0.000567,0.019043,0.037198,0.031577,0.005083,0.003557,0.055141,0.017363,0.027299,0.008984,0.060422,0.021260,0.020198,0.005577,0.003333,0.033433,0.010959,0.009375,0.004325,0.003304,0.001479,0.001770,0.005045,0.000700,0.000411,0.607908,0.001715
202609131808,2026-09-13,18,08R,daily,0.3404,0.001401,0.000661,0.000402,0.000164,0.000168,0.000601,0.012793,0.039243,0.019880,0.005731,0.001882,0.051323,0.014054,0.019256,0.004429,0.072257,0.015756,0.015081,0.002971,0.001471,0.025560,0.006795,0.008424,0.004789,0.002955,0.001461,0.001594,0.002531,0.001058,0.000829,0.659583,0.004895
202609131808,2026-09-13,18,08R,realtime,0.2953,0.000703,0.000192,0.000209,0.000107,0.000181,0.000383,0.010456,0.026065,0.016649,0.002305,0.000735,0.050342,0.012980,0.018183,0.003088,0.067157,0.011358,0.014306,0.002240,0.001244,0.028547,0.005343,0.008020,0.004124,0.002955,0.000917,0.001106,0.002407,0.000773,0.000531,0.704691,0.001703
202609131809,2026-09-13,18,09R,daily,0.3705,0.002317,0.000719,0.000494,0.000190,0.000183,0.000662,0.021768,0.036401,0.025564,0.006166,0.003388,0.036189,0.012963,0.021410,0.006766,0.094014,0.015088,0.013434,0.005081,0.001951,0.027420,0.009340,0.008926,0.003362,0.004528,0.001811,0.001775,0.002537,0.001358,0.001036,0.629470,0.003687
202609131809,2026-09-13,18,09R,realtime,0.3476,0.001520,0.000379,0.000355,0.000139,0.000223,0.000632,0.020827,0.032613,0.012317,0.004898,0.002329,0.037737,0.008826,0.021239,0.005403,0.107126,0.012771,0.007893,0.004492,0.001947,0.027922,0.009381,0.008825,0.002814,0.004385,0.001697,0.001558,0.002882,0.001127,0.000614,0.652370,0.002761
202609131810,2026-09-13,18,10R,daily,0.2541,0.001128,0.000596,0.000277,0.000146,0.000134,0.000561,0.005355,0.028692,0.022377,0.006080,0.002586,0.027561,0.015770,0.020998,0.005544,0.041215,0.007735,0.010967,0.003277,0.001859,0.021686,0.006117,0.007545,0.002474,0.004073,0.001584,0.001117,0.001905,0.000940,0.000850,0.745914,0.002937
202609131810,2026-09-13,18,10R,realtime,0.2332,0.001076,0.000201,0.000150,0.000111,0.000157,0.000488,0.004704,0.022841,0.021667,0.005133,0.001179,0.025330,0.013449,0.020861,0.006459,0.042841,0.006609,0.009016,0.003567,0.001562,0.018437,0.005520,0.006689,0.002532,0.004021,0.001696,0.000923,0.002295,0.000734,0.000469,0.766770,0.002513
202609131811,2026-09-13,18,11R,daily,0.2417,0.001299,0.000327,0.000235,0.000135,0.000109,0.000595,0.009876,0.017019,0.027298,0.003374,0.001724,0.018308,0.015862,0.015982,0.003307,0.060804,0.006239,0.008017,0.002482,0.000897,0.021636,0.006612,0.005439,0.003623,0.002246,0.000876,0.001223,0.002113,0.001075,0.000540,0.758309,0.002418
202609131811,2026-09-13,18,11R,realtime,0.2383,0.001186,0.000146,0.000160,0.000098,0.000142,0.000529,0.007000,0.015402,0.030984,0.002021,0.001078,0.022632,0.016544,0.014753,0.003187,0.060326,0.005623,0.007366,0.002886,0.001050,0.020700,0.006091,0.005101,0.004001,0.002324,0.000805,0.001089,0.002600,0.000960,0.000331,0.761716,0.001169
202609131812,2026-09-13,18,12R,daily,0.2573,0.001110,0.000496,0.000251,0.000135,0.000119,0.000693,0.012808,0.021781,0.020244,0.003394,0.003107,0.021019,0.017819,0.015929,0.004492,0.066922,0.007435,0.009650,0.002414,0.001036,0.017782,0.007633,0.006735,0.002509,0.002451,0.001179,0.000994,0.001827,0.001232,0.000773,0.742681,0.003351
202609131812,2026-09-13,18,12R,realtime,0.3147,0.001192,0.000215,0.000159,0.000100,0.000194,0.000727,0.013744,0.018437,0.038541,0.001565,0.001352,0.022007,0.017105,0.011615,0.004605,0.103215,0.007386,0.014177,0.002656,0.001223,0.021110,0.009246,0.009144,0.003209,0.003590,0.001054,0.001256,0.002056,0.001263,0.000555,0.685322,0.001980
202609131901,2026-09-13,19,01R,daily,0.5782,0.004288,0.001143,0.000376,0.000283,0.000241,0.000623,0.080492,0.015031,0.064435,0.016968,0.012325,0.014813,0.037821,0.061633,0.019283,0.143850,0.007096,0.011617,0.004480,0.001726,0.023064,0.020953,0.005491,0.007363,0.007975,0.002365,0.001216,0.001015,0.001518,0.001076,0.421783,0.007656
202609131901,2026-09-13,19,01R,realtime,0.5688,0.001473,0.000777,0.000179,0.000216,0.000238,0.000462,0.113074,0.007045,0.059049,0.006233,0.005661,0.010930,0.024677,0.040853,0.016393,0.193479,0.004900,0.012664,0.002954,0.001832,0.023759,0.017573,0.003984,0.006448,0.006460,0.001553,0.000885,0.000663,0.000962,0.000839,0.431204,0.002582
202609131902,2026-09-13,19,02R,daily,0.4934,0.003240,0.001252,0.000560,0.000283,0.000253,0.000834,0.022958,0.041385,0.030519,0.023257,0.022816,0.051126,0.038540,0.049209,0.038519,0.061481,0.015436,0.007105,0.004518,0.004129,0.023186,0.011615,0.010484,0.004667,0.008249,0.006689,0.001266,0.001709,0.001432,0.001957,0.506589,0.004736
202609131902,2026-09-13,19,02R,realtime,0.4575,0.002199,0.000404,0.000256,0.000206,0.000245,0.000935,0.015468,0.039823,0.035814,0.013284,0.015354,0.054226,0.037527,0.049719,0.048070,0.046461,0.017182,0.004298,0.006060,0.003470,0.020020,0.009770,0.010440,0.004207,0.003674,0.010521,0.001441,0.001810,0.001352,0.001069,0.542544,0.002149
202609131903,2026-09-13,19,03R,daily,0.6597,0.003760,0.000742,0.000819,0.000190,0.000215,0.000302,0.131813,0.046251,0.013333,0.010794,0.003178,0.072013,0.012065,0.030764,0.002338,0.196223,0.031129,0.013513,0.002154,0.000525,0.018437,0.019817,0.010226,0.004298,0.006935,0.000980,0.001540,0.001463,0.000608,0.000765,0.340332,0.022480
202609131903,2026-09-13,19,03R,realtime,0.6411,0.000896,0.000667,0.000443,0.000155,0.000194,0.000210,0.121106,0.035921,0.005555,0.012270,0.001250,0.082855,0.008937,0.027422,0.001739,0.225730,0.026267,0.012241,0.002915,0.000408,0.017373,0.018310,0.012607,0.002619,0.005828,0.000901,0.001051,0.002433,0.000459,0.000746,0.358864,0.011624
202609131904,2026-09-13,19,04R,daily,0.7517,0.004229,0.001796,0.001416,0.000387,0.000365,0.001091,0.077675,0.085815,0.030708,0.020312,0.030640,0.101710,0.027087,0.033927,0.054959,0.092757,0.048663,0.014012,0.006353,0.006294,0.017463,0.012913,0.026858,0.005439,0.011815,0.015831,0.001396,0.002411,0.001066,0.003238,0.248253,0.013121
202609131904,2026-09-13,19,04R,realtime,0.7985,0.001140,0.000740,0.000775,0.000280,0.000366,0.001178,0.069924,0.117500,0.027688,0.010635,0.034759,0.123174,0.026968,0.022215,0.054192,0.100974,0.062577,0.009722,0.007681,0.006620,0.014307,0.013467,0.043424,0.005105,0.005347,0.023323,0.001889,0.002733,0.000998,0.001691,0.201473,0.007137
202609131905,2026-09-13,19,05R,daily,0.1918,0.000761,0.000434,0.000153,0.000065,0.000083,0.000133,0.004080,0.014586,0.019546,0.004134,0.001319,0.030258,0.018865,0.011566,0.001746,0.024972,0.003368,0.006635,0.000798,0.000280,0.026863,0.003134,0.004828,0.005966,0.002323,0.000325,0.000669,0.000632,0.000861,0.000277,0.808192,0.002149
202609131905,2026-09-13,19,05R,realtime,0.2199,0.005208,0.000626,0.000262,0.000085,0.000119,0.000101,0.005171,0.013327,0.009927,0.004536,0.001612,0.033717,0.024645,0.020104,0.002326,0.022560,0.004395,0.004703,0.000911,0.000312,0.036753,0.003322,0.006378,0.002615,0.006705,0.000372,0.000688,0.001804,0.001370,0.000647,0.780076,0.004622
202609131906,2026-09-13,19,06R,daily,0.5070,0.002943,0.001159,0.000770,0.000219,0.000184,0.000579,0.043070,0.053922,0.026876,0.004709,0.009779,0.096491,0.022208,0.011075,0.013544,0.090087,0.035855,0.014892,0.001394,0.001807,0.023511,0.010025,0.013734,0.005342,0.002319,0.004314,0.001502,0.002769,0.001122,0.001285,0.493014,0.009502
202609131906,2026-09-13,19,06R,realtime,0.4615,0.001148,0.000403,0.000590,0.000169,0.000197,0.000470,0.028064,0.036711,0.014830,0.003217,0.006761,0.104879,0.014257,0.009383,0.016034,0.105562,0.032788,0.013215,0.000753,0.002009,0.026483,0.009256,0.015367,0.003955,0.002199,0.003669,0.001288,0.002849,0.000845,0.000613,0.538543,0.003490
202609131907,2026-09-13,19,07R,daily,0.4145,0.003141,0.000945,0.000374,0.000160,0.000172,0.000439,0.007401,0.036029,0.028662,0.014459,0.005826,0.086764,0.033586,0.075162,0.007876,0.016937,0.010674,0.008560,0.004671,0.001698,0.033089,0.003114,0.010783,0.004904,0.010783,0.002008,0.001112,0.001011,0.001208,0.000660,0.585467,0.002327
202609131907,2026-09-13,19,07R,realtime,0.4222,0.003904,0.000148,0.000282,0.000132,0.000183,0.000385,0.003845,0.035966,0.019612,0.009933,0.002636,0.116275,0.022130,0.089620,0.006897,0.017717,0.007832,0.006816,0.003702,0.001279,0.030385,0.002279,0.011893,0.003958,0.017345,0.002072,0.000922,0.001362,0.000976,0.000501,0.577762,0.001249
202609131908,2026-09-13,19,08R,daily,0.2964,0.001382,0.000593,0.000294,0.000125,0.000089,0.000339,0.023870,0.016668,0.016689,0.002032,0.007019,0.026574,0.016608,0.004546,0.008172,0.092425,0.006061,0.003435,0.000551,0.000662,0.034630,0.014824,0.005476,0.001838,0.001237,0.001597,0.001034,0.001543,0.001155,0.000810,0.703587,0.004134
202609131908,2026-09-13,19,08R,realtime,0.2368,0.005380,0.001063,0.000407,0.000098,0.000111,0.000196,0.009774,0.013490,0.007260,0.002943,0.002915,0.028742,0.012637,0.011127,0.001294,0.077853,0.005396,0.003650,0.000449,0.000183,0.022781,0.007146,0.005306,0.001671,0.003325,0.000283,0.000908,0.001589,0.001018,0.000828,0.763156,0.007022
202609131909,2026-09-13,19,09R,daily,0.3895,0.003602,0.001125,0.000462,0.000228,0.000188,0.000499,0.020349,0.020070,0.033587,0.014449,0.006839,0.040229,0.027952,0.044779,0.017826,0.047645,0.006963,0.011248,0.003826,0.002897,0.044336,0.006811,0.006389,0.003956,0.007588,0.004035,0.001464,0.003465,0.001317,0.001482,0.610540,0.003852
202609131909,2026-09-13,19,09R,realtime,0.3513,0.002613,0.000514,0.000203,0.000217,0.000202,0.000454,0.020508,0.025595,0.015667,0.009179,0.004994,0.053230,0.027504,0.021649,0.039625,0.038163,0.004352,0.009122,0.002768,0.004311,0.039696,0.004759,0.003909,0.004756,0.003420,0.006950,0.001629,0.002132,0.000683,0.000412,0.648701,0.002081
202609131910,2026-09-13,19,10R,daily,0.4208,0.003068,0.000978,0.000620,0.000238,0.000170,0.000697,0.041098,0.032752,0.030367,0.006768,0.011254,0.038966,0.028360,0.018018,0.012619,0.096997,0.013496,0.006201,0.002361,0.001381,0.025767,0.013331,0.009869,0.004012,0.004043,0.003071,0.001763,0.002062,0.001594,0.001543,0.579193,0.007338
202609131910,2026-09-13,19,10R,realtime,0.3906,0.001291,0.000497,0.000462,0.000194,0.000183,0.000581,0.038793,0.019794,0.028972,0.006976,0.006332,0.034576,0.018297,0.016784,0.015809,0.109579,0.011752,0.005263,0.002092,0.001614,0.026146,0.016575,0.008741,0.003739,0.004077,0.002828,0.001491,0.001489,0.001266,0.000891,0.609380,0.003537
202609131911,2026-09-13,19,11R,daily,0.4724,0.002839,0.000854,0.000866,0.000298,0.000216,0.000531,0.051481,0.033421,0.031364,0.011236,0.021121,0.039060,0.031043,0.029049,0.016995,0.089866,0.016584,0.009592,0.003105,0.002345,0.027298,0.015333,0.006800,0.005934,0.003975,0.004686,0.001830,0.001772,0.001231,0.001555,0.527569,0.010152
202609131911,2026-09-13,19,11R,realtime,0.4810,0.002027,0.000478,0.000410,0.000253,0.000296,0.000631,0.059946,0.031326,0.029169,0.007004,0.014780,0.038459,0.023567,0.025970,0.020172,0.107669,0.016576,0.013647,0.003268,0.002800,0.030429,0.017951,0.006767,0.007660,0.004658,0.004766,0.001935,0.001623,0.000996,0.001107,0.519030,0.004630
202609131912,2026-09-13,19,12R,daily,0.5220,0.003044,0.000754,0.000741,0.000301,0.000229,0.000794,0.057369,0.041321,0.053127,0.008798,0.013817,0.043882,0.040924,0.034330,0.010224,0.083142,0.022515,0.012424,0.005293,0.001640,0.023242,0.016653,0.010223,0.007772,0.004992,0.001958,0.002450,0.003323,0.001105,0.001297,0.478013,0.014302
202609132001,2026-09-13,20,01R,daily,0.5436,0.001660,0.000911,0.000433,0.000309,0.000182,0.000349,0.044501,0.070829,0.047720,0.010390,0.002258,0.047041,0.030943,0.021759,0.002286,0.113441,0.021532,0.037188,0.003718,0.001174,0.020522,0.016732,0.015049,0.016549,0.004706,0.000854,0.002464,0.001173,0.001445,0.000697,0.456383,0.004804
202609132001,2026-09-13,20,01R,realtime,0.5303,0.001512,0.000494,0.000310,0.000248,0.000211,0.000269,0.041678,0.045814,0.071396,0.005624,0.001299,0.046433,0.024515,0.021006,0.001702,0.122515,0.019644,0.033091,0.003575,0.000964,0.022045,0.019566,0.014616,0.017049,0.006346,0.000853,0.002370,0.001461,0.001284,0.000617,0.469669,0.001821
202609132002,2026-09-13,20,02R,daily,0.6036,0.002803,0.001782,0.000707,0.000389,0.000251,0.000663,0.018250,0.070825,0.046149,0.025154,0.014591,0.038987,0.036074,0.092935,0.032165,0.060197,0.016561,0.028616,0.009307,0.013281,0.023129,0.010504,0.012408,0.016280,0.011229,0.009956,0.001461,0.001143,0.001477,0.001140,0.396433,0.005152
202609132002,2026-09-13,20,02R,realtime,0.5737,0.001466,0.000400,0.000345,0.000326,0.000295,0.000569,0.013624,0.060789,0.035307,0.025963,0.008906,0.045684,0.036568,0.099141,0.043593,0.050107,0.013569,0.016255,0.012631,0.014060,0.024041,0.010937,0.013320,0.014719,0.014268,0.009663,0.001466,0.001550,0.001127,0.000648,0.426289,0.002373
202609132003,2026-09-13,20,03R,daily,0.6722,0.003739,0.001759,0.001193,0.000470,0.000268,0.001232,0.052122,0.111546,0.026735,0.019376,0.015532,0.057412,0.021043,0.074865,0.024744,0.090687,0.034721,0.018629,0.010904,0.009282,0.018179,0.013225,0.018507,0.008201,0.014205,0.008884,0.001727,0.002009,0.001784,0.001576,0.327774,0.007671
202609132003,2026-09-13,20,03R,realtime,0.6220,0.001777,0.000542,0.000903,0.000383,0.000278,0.001155,0.035128,0.092308,0.019394,0.017264,0.010406,0.071583,0.013797,0.070720,0.024868,0.100572,0.028807,0.018154,0.007319,0.007999,0.018030,0.013836,0.024204,0.006000,0.017116,0.008952,0.001402,0.001994,0.001617,0.001227,0.377981,0.004287
202609132004,2026-09-13,20,04R,daily,0.4874,0.002428,0.001120,0.000525,0.000359,0.000171,0.000652,0.034173,0.032516,0.074031,0.005918,0.014842,0.025046,0.033166,0.015030,0.022980,0.075632,0.011212,0.047314,0.002887,0.005402,0.021997,0.010915,0.007728,0.022197,0.002771,0.005629,0.001637,0.002629,0.001627,0.001066,0.512620,0.003778
202609132004,2026-09-13,20,04R,realtime,0.6472,0.014754,0.002011,0.001550,0.000307,0.000272,0.000689,0.041341,0.073749,0.085586,0.003045,0.006988,0.105391,0.058591,0.012551,0.003484,0.056686,0.035547,0.034695,0.002281,0.001147,0.019329,0.009875,0.027380,0.022887,0.003267,0.001049,0.003067,0.007513,0.004727,0.001468,0.352793,0.005980
202609132005,2026-09-13,20,05R,daily,0.3565,0.001388,0.000333,0.000254,0.000171,0.000093,0.000277,0.050060,0.013888,0.044742,0.003472,0.002369,0.010497,0.017864,0.008542,0.001531,0.114376,0.005121,0.024674,0.002137,0.000448,0.021068,0.011251,0.003634,0.009712,0.001237,0.000403,0.001840,0.000851,0.001229,0.000516,0.643546,0.002475
202609132005,2026-09-13,20,05R,realtime,0.3479,0.000987,0.000416,0.000185,0.000151,0.000114,0.000212,0.045452,0.010765,0.039760,0.002140,0.001544,0.011705,0.014760,0.009143,0.001358,0.118739,0.005478,0.022184,0.001968,0.000422,0.024351,0.015877,0.003375,0.009190,0.001143,0.000455,0.001813,0.001096,0.001028,0.000389,0.652121,0.001680
202609132006,2026-09-13,20,06R,daily,0.4528,0.002028,0.001248,0.000721,0.000345,0.000183,0.000733,0.019508,0.074484,0.020652,0.010421,0.013426,0.053392,0.015246,0.022174,0.022805,0.072539,0.020383,0.014646,0.003593,0.005909,0.023615,0.008900,0.015316,0.006224,0.005251,0.006600,0.001593,0.001610,0.001452,0.001190,0.547187,0.006624
202609132006,2026-09-13,20,06R,realtime,0.3696,0.001446,0.000407,0.000426,0.000201,0.000194,0.000786,0.011841,0.050877,0.019183,0.003531,0.006088,0.041207,0.012192,0.021104,0.014658,0.068727,0.018046,0.012473,0.002442,0.005050,0.027272,0.010335,0.020100,0.003654,0.003622,0.004520,0.001278,0.001098,0.001104,0.000675,0.630374,0.005092
202609132007,2026-09-13,20,07R,daily,0.4555,0.001822,0.000846,0.000367,0.000230,0.000184,0.000404,0.009626,0.051805,0.051639,0.015447,0.003723,0.038869,0.049071,0.060059,0.003480,0.037119,0.008831,0.030866,0.005541,0.001495,0.017653,0.008922,0.018526,0.017548,0.012429,0.000868,0.001723,0.000682,0.001686,0.000822,0.544471,0.003246
202609132007,2026-09-13,20,07R,realtime,0.5035,0.001286,0.000218,0.000237,0.000186,0.000198,0.000375,0.010954,0.029744,0.049516,0.007970,0.000925,0.033180,0.062181,0.120946,0.001955,0.046894,0.007067,0.039677,0.004565,0.000965,0.024120,0.008442,0.018821,0.011387,0.015066,0.000585,0.000814,0.001046,0.001428,0.000844,0.496519,0.001894
202609132008,2026-09-13,20,08R,daily,0.3262,0.001603,0.000388,0.000426,0.000189,0.000130,0.000467,0.022846,0.036766,0.014554,0.007913,0.003559,0.045291,0.011177,0.031309,0.003873,0.065780,0.009360,0.004948,0.003648,0.001402,0.023274,0.009913,0.009679,0.002879,0.003828,0.000816,0.001905,0.001145,0.000832,0.000602,0.673832,0.005669
202609132008,2026-09-13,20,08R,realtime,0.2964,0.001240,0.000189,0.000279,0.000138,0.000126,0.000335,0.022812,0.019713,0.011040,0.003675,0.001708,0.042335,0.007245,0.029177,0.003174,0.078947,0.007895,0.004098,0.002403,0.001036,0.023809,0.011333,0.009785,0.002175,0.003927,0.000779,0.001329,0.001481,0.000655,0.000341,0.703636,0.003185
202609132009,2026-09-13,20,09R,daily,0.3019,0.001185,0.000455,0.000347,0.000154,0.000108,0.000468,0.010538,0.055833,0.012559,0.003811,0.002604,0.052330,0.010649,0.011051,0.004128,0.056965,0.013338,0.013636,0.001575,0.000972,0.020560,0.005460,0.008724,0.004912,0.001425,0.001121,0.001269,0.001339,0.000899,0.000608,0.698073,0.002902
202609132009,2026-09-13,20,09R,realtime,0.2559,0.000710,0.000136,0.000300,0.000102,0.000109,0.000356,0.006949,0.037215,0.008095,0.003076,0.000922,0.052974,0.006725,0.011579,0.001912,0.054525,0.011627,0.011808,0.001053,0.000758,0.020246,0.005802,0.008345,0.003670,0.001244,0.000936,0.001007,0.001442,0.000649,0.000327,0.744082,0.001321
202609132010,2026-09-13,20,10R,daily,0.3158,0.002077,0.000542,0.000368,0.000220,0.000116,0.000724,0.015443,0.035128,0.025948,0.003981,0.003357,0.042332,0.017096,0.018826,0.004267,0.064222,0.007770,0.011193,0.002001,0.001066,0.020139,0.009323,0.009936,0.005999,0.002510,0.001190,0.001653,0.001568,0.001787,0.000670,0.684221,0.004326
202609132010,2026-09-13,20,10R,realtime,0.2915,0.001183,0.000185,0.000308,0.000169,0.000119,0.000599,0.014330,0.030176,0.013619,0.002182,0.001000,0.052909,0.013411,0.017726,0.003195,0.068825,0.006864,0.012090,0.001371,0.001164,0.018114,0.009311,0.008594,0.004515,0.002215,0.001049,0.001065,0.001486,0.001190,0.000304,0.708465,0.002266
202609132011,2026-09-13,20,11R,daily,0.2947,0.001650,0.000468,0.000349,0.000193,0.000115,0.000529,0.015638,0.037256,0.014548,0.006396,0.002886,0.031588,0.011233,0.025959,0.003509,0.063009,0.010681,0.006392,0.003151,0.000969,0.027293,0.006525,0.008258,0.003768,0.003757,0.000904,0.001544,0.001086,0.001482,0.000590,0.705284,0.002993
202609132011,2026-09-13,20,11R,realtime,0.3115,0.002006,0.000293,0.000393,0.000184,0.000158,0.000513,0.015661,0.034684,0.019262,0.005402,0.001690,0.035807,0.010402,0.024676,0.003032,0.066185,0.010809,0.006691,0.003257,0.001102,0.027875,0.011415,0.010283,0.003823,0.005221,0.001142,0.002152,0.001457,0.001505,0.000428,0.688541,0.003953
202609132012,2026-09-13,20,12R,daily,0.3511,0.001703,0.000753,0.000425,0.000230,0.000131,0.000578,0.015425,0.057451,0.018035,0.005918,0.003914,0.053942,0.021500,0.022618,0.004543,0.047899,0.015570,0.013157,0.002363,0.001594,0.022657,0.007736,0.012863,0.005409,0.003847,0.001682,0.001323,0.001320,0.001738,0.000807,0.648865,0.004001
202609132012,2026-09-13,20,12R,realtime,0.3504,0.001552,0.000253,0.000397,0.000172,0.000164,0.000573,0.010385,0.062551,0.015075,0.003620,0.003165,0.071051,0.015621,0.015254,0.004317,0.049348,0.016137,0.015001,0.002213,0.001686,0.020683,0.009261,0.015445,0.004536,0.003428,0.001666,0.000956,0.001208,0.001320,0.000512,0.649566,0.002885
202609132101,2026-09-13,21,01R,daily,0.5018,0.001914,0.001351,0.000511,0.000230,0.000171,0.000457,0.040273,0.060325,0.032147,0.036566,0.004385,0.037756,0.012011,0.046982,0.012750,0.069646,0.014588,0.010327,0.003822,0.002522,0.049722,0.014337,0.021332,0.001773,0.008790,0.003115,0.001894,0.002631,0.002633,0.003087,0.498197,0.003755
202609132101,2026-09-13,21,01R,realtime,0.4889,0.004524,0.002020,0.000597,0.000209,0.000210,0.000298,0.049198,0.057810,0.015367,0.023470,0.003181,0.038495,0.010488,0.036031,0.005919,0.091713,0.019823,0.008272,0.002450,0.000917,0.039782,0.019553,0.025697,0.001723,0.015143,0.000589,0.001509,0.002229,0.002853,0.002278,0.511146,0.006508
202609132102,2026-09-13,21,02R,daily,0.4363,0.001220,0.000824,0.000177,0.000166,0.000131,0.000642,0.008075,0.030040,0.140729,0.006565,0.004792,0.024721,0.047094,0.030500,0.016697,0.025993,0.006346,0.022821,0.002510,0.001494,0.023921,0.005353,0.011095,0.012723,0.002324,0.001725,0.001609,0.001774,0.002259,0.000895,0.563738,0.001047
202609132102,2026-09-13,21,02R,realtime,0.4889,0.006623,0.006143,0.000723,0.000287,0.000242,0.000909,0.048330,0.031429,0.053279,0.015461,0.017187,0.014892,0.018020,0.025868,0.038448,0.105901,0.006358,0.003765,0.003353,0.002036,0.026249,0.017504,0.007548,0.004840,0.002398,0.002201,0.007272,0.003751,0.004154,0.001994,0.511133,0.011702
202609132103,2026-09-13,21,03R,daily,0.5888,0.002101,0.000617,0.000558,0.000177,0.000186,0.000443,0.030212,0.104412,0.033637,0.031744,0.001638,0.104541,0.012577,0.051280,0.002714,0.054756,0.030340,0.014857,0.004767,0.000454,0.029037,0.012842,0.037680,0.003826,0.009576,0.000548,0.002753,0.001853,0.002080,0.001410,0.411153,0.005233
202609132103,2026-09-13,21,03R,realtime,0.5294,0.001159,0.000288,0.000545,0.000163,0.000167,0.000289,0.027311,0.087467,0.023252,0.018909,0.000467,0.111356,0.010182,0.062467,0.001988,0.051332,0.019347,0.010457,0.003617,0.000413,0.033653,0.011206,0.030826,0.002851,0.009942,0.000572,0.001772,0.001778,0.001802,0.001323,0.470618,0.002481
202609132104,2026-09-13,21,04R,daily,0.3541,0.002228,0.000532,0.000354,0.000173,0.000168,0.000792,0.008639,0.041061,0.024396,0.027001,0.005707,0.043549,0.007168,0.048028,0.017282,0.032957,0.010507,0.007342,0.003873,0.001939,0.038370,0.005772,0.007873,0.001871,0.006545,0.001956,0.001815,0.001862,0.001304,0.001053,0.645880,0.002004
202609132104,2026-09-13,21,04R,realtime,0.3391,0.001277,0.000241,0.000302,0.000158,0.000171,0.000635,0.008660,0.032802,0.017078,0.032602,0.001934,0.039316,0.004982,0.061433,0.017574,0.035745,0.008406,0.004508,0.003229,0.002015,0.035862,0.005973,0.006838,0.001370,0.007842,0.001888,0.001499,0.001680,0.000905,0.000642,0.660872,0.001561
202609132105,2026-09-13,21,05R,daily,0.3335,0.001381,0.000852,0.000249,0.000188,0.000095,0.000715,0.010235,0.015622,0.090340,0.004690,0.014157,0.012248,0.018900,0.011885,0.033440,0.035627,0.003616,0.010382,0.001165,0.002683,0.034096,0.007020,0.005534,0.003406,0.001862,0.004202,0.001518,0.002314,0.002110,0.001378,0.666507,0.001583
202609132105,2026-09-13,21,05R,realtime,0.3458,0.001361,0.000358,0.000170,0.000152,0.000114,0.000812,0.007222,0.008576,0.137062,0.001894,0.008368,0.010134,0.015857,0.005327,0.036998,0.038572,0.003590,0.011238,0.000982,0.003873,0.024883,0.006964,0.004742,0.003895,0.000661,0.005537,0.001631,0.001673,0.001657,0.000600,0.654173,0.000924
202609132106,2026-09-13,21,06R,daily,0.6711,0.002738,0.001215,0.000533,0.000286,0.000213,0.000535,0.039977,0.073072,0.165763,0.025103,0.008349,0.044998,0.046231,0.050021,0.007631,0.040348,0.016233,0.028226,0.004898,0.001401,0.027804,0.015429,0.033744,0.013389,0.009142,0.001884,0.002462,0.000952,0.003005,0.001941,0.328903,0.003576
202609132106,2026-09-13,21,06R,realtime,0.5845,0.001061,0.000355,0.000357,0.000244,0.000220,0.000340,0.028489,0.045634,0.146749,0.012617,0.006419,0.047142,0.049250,0.037325,0.007762,0.040775,0.012222,0.024643,0.004862,0.001283,0.033658,0.014765,0.040123,0.011638,0.006621,0.001541,0.001546,0.001376,0.002487,0.001895,0.415526,0.001073
202609132107,2026-09-13,21,07R,daily,0.6792,0.003536,0.001421,0.000579,0.000344,0.000240,0.001052,0.035311,0.085717,0.105936,0.039592,0.009869,0.042217,0.039530,0.096339,0.021405,0.038301,0.021798,0.019168,0.011005,0.003195,0.029039,0.015143,0.022980,0.007696,0.012380,0.004373,0.001764,0.001679,0.003250,0.002149,0.320792,0.002201
202609132107,2026-09-13,21,07R,realtime,0.6967,0.001715,0.000352,0.000393,0.000298,0.000288,0.001183,0.036285,0.079788,0.131725,0.029441,0.004128,0.040934,0.042200,0.098687,0.019695,0.051510,0.022738,0.018738,0.013888,0.003313,0.029057,0.013898,0.028198,0.006868,0.007386,0.004545,0.002044,0.001613,0.002888,0.001633,0.303268,0.001305
202609132108,2026-09-13,21,08R,daily,0.7070,0.002431,0.001129,0.000769,0.000436,0.000252,0.000878,0.076010,0.041941,0.109821,0.027711,0.017078,0.014638,0.031653,0.054301,0.033884,0.128737,0.012888,0.022542,0.006419,0.004128,0.023360,0.044251,0.009793,0.010007,0.006836,0.006882,0.002325,0.002328,0.002407,0.002914,0.293037,0.008215
202609132108,2026-09-13,21,08R,realtime,0.7486,0.001006,0.000830,0.000360,0.000423,0.000286,0.001202,0.097130,0.058573,0.109606,0.014868,0.013088,0.016654,0.047067,0.048843,0.036039,0.127543,0.014436,0.025463,0.009495,0.005102,0.020234,0.046766,0.010139,0.014229,0.002345,0.012504,0.003541,0.002455,0.002223,0.001726,0.251369,0.004457
202609132109,2026-09-13,21,09R,daily,0.4253,0.001677,0.001257,0.000333,0.000229,0.000171,0.001152,0.012022,0.033913,0.067707,0.012271,0.019447,0.026293,0.030230,0.044900,0.042094,0.036456,0.004727,0.011068,0.004603,0.005710,0.026816,0.007284,0.006799,0.008740,0.003965,0.007224,0.001484,0.001518,0.002101,0.001127,0.574729,0.001956
202609132109,2026-09-13,21,09R,realtime,0.6212,0.006416,0.011921,0.000922,0.000280,0.000353,0.001007,0.058103,0.042658,0.057999,0.051765,0.011357,0.015211,0.020709,0.069151,0.026793,0.091056,0.009003,0.005837,0.011263,0.003378,0.023808,0.021206,0.009261,0.003192,0.003330,0.002696,0.004508,0.003547,0.002698,0.004764,0.378842,0.046966
202609132110,2026-09-13,21,10R,daily,0.3888,0.001207,0.000889,0.000361,0.000197,0.000171,0.000742,0.008801,0.050885,0.067682,0.010623,0.004345,0.044738,0.028685,0.027052,0.009324,0.033560,0.009779,0.019088,0.003077,0.001739,0.024354,0.007801,0.011397,0.005946,0.004776,0.001865,0.001609,0.001995,0.002270,0.001351,0.611227,0.002463
202609132110,2026-09-13,21,10R,realtime,0.3455,0.001461,0.000271,0.000304,0.000174,0.000187,0.000538,0.004556,0.033826,0.089346,0.006904,0.003436,0.040449,0.025097,0.025830,0.008921,0.021304,0.006226,0.013396,0.002849,0.001394,0.022305,0.008386,0.008314,0.005776,0.004104,0.001933,0.001605,0.001941,0.002232,0.001124,0.654480,0.001330
202609132111,2026-09-13,21,11R,daily,0.2868,0.000910,0.000326,0.000275,0.000121,0.000098,0.000421,0.015405,0.026743,0.031430,0.004361,0.001799,0.022057,0.009544,0.011064,0.003100,0.077868,0.006961,0.008019,0.001503,0.000509,0.033222,0.009670,0.006569,0.003399,0.001320,0.000740,0.002198,0.001783,0.001389,0.000819,0.713197,0.003180
202609132111,2026-09-13,21,11R,realtime,0.2953,0.000509,0.000254,0.000288,0.000125,0.000109,0.000396,0.018860,0.020250,0.020448,0.003714,0.000418,0.022696,0.007638,0.010445,0.002273,0.106021,0.006158,0.008714,0.001127,0.000409,0.033549,0.010786,0.006342,0.003214,0.001724,0.000569,0.002514,0.001954,0.001047,0.000573,0.704682,0.002197
202609132112,2026-09-13,21,12R,daily,0.2378,0.000815,0.000299,0.000212,0.000128,0.000090,0.000468,0.007379,0.022618,0.025633,0.007207,0.002957,0.020809,0.010391,0.016452,0.003961,0.043239,0.005757,0.005021,0.001158,0.000450,0.033107,0.009976,0.006698,0.001955,0.001613,0.000671,0.001981,0.001287,0.001212,0.000850,0.762190,0.003418
202609132112,2026-09-13,21,12R,realtime,0.1827,0.000741,0.000166,0.000169,0.000109,0.000082,0.000353,0.004505,0.016900,0.016328,0.002178,0.001856,0.021027,0.008042,0.012748,0.003019,0.034153,0.004082,0.004839,0.000735,0.000391,0.029207,0.006256,0.005789,0.001834,0.001309,0.000485,0.001228,0.001022,0.000761,0.000630,0.817297,0.001759
202609132201,2026-09-13,22,01R,daily,0.1661,0.000355,0.000344,0.000086,0.000065,0.000042,0.000139,0.009740,0.014669,0.023631,0.001657,0.003177,0.007184,0.008317,0.002375,0.001416,0.034050,0.002267,0.003755,0.000293,0.000498,0.037066,0.003977,0.003840,0.002429,0.001322,0.000915,0.000455,0.000621,0.000670,0.000261,0.833921,0.000460
202609132201,2026-09-13,22,01R,realtime,0.1786,0.000622,0.000187,0.000070,0.000052,0.000057,0.000123,0.009007,0.011418,0.036540,0.000310,0.002884,0.006524,0.008601,0.001317,0.001206,0.037480,0.002296,0.006567,0.000217,0.000630,0.036429,0.005860,0.004196,0.002270,0.000709,0.000761,0.000283,0.000574,0.000671,0.000193,0.821374,0.000569
202609132202,2026-09-13,22,02R,daily,0.5957,0.001991,0.000660,0.000474,0.000175,0.000168,0.000279,0.092921,0.110196,0.041165,0.011893,0.001172,0.050394,0.014627,0.015029,0.000811,0.092308,0.030406,0.016487,0.003792,0.000425,0.041466,0.014559,0.027079,0.011244,0.007615,0.001020,0.001750,0.001640,0.001536,0.000790,0.404251,0.001677
202609132202,2026-09-13,22,02R,realtime,0.5587,0.000827,0.000316,0.000400,0.000142,0.000164,0.000212,0.067457,0.087803,0.029702,0.010721,0.000229,0.054536,0.012265,0.021163,0.000466,0.111067,0.028732,0.017986,0.002132,0.000249,0.045157,0.010784,0.031760,0.007600,0.009238,0.000787,0.001776,0.001997,0.001152,0.000751,0.441341,0.001090
202609132203,2026-09-13,22,03R,daily,0.7400,0.002248,0.000878,0.000629,0.000170,0.000143,0.000274,0.100246,0.201154,0.022876,0.009385,0.002695,0.100678,0.013534,0.017510,0.001247,0.072486,0.057776,0.012149,0.002951,0.000590,0.022567,0.014668,0.056928,0.007177,0.007275,0.001521,0.001574,0.001933,0.002140,0.000975,0.259986,0.003635
202609132203,2026-09-13,22,03R,realtime,0.7390,0.003201,0.001455,0.000612,0.000239,0.000305,0.000357,0.087023,0.070092,0.120839,0.009377,0.002776,0.022822,0.078711,0.021978,0.002344,0.084049,0.015440,0.096316,0.002567,0.001071,0.022784,0.017797,0.019078,0.032208,0.010548,0.001326,0.000993,0.004200,0.002539,0.002176,0.260984,0.003790
202609132204,2026-09-13,22,04R,daily,0.6741,0.002277,0.001484,0.000661,0.000303,0.000181,0.000823,0.147183,0.099017,0.036936,0.006020,0.020139,0.034292,0.016793,0.011065,0.008709,0.145996,0.029385,0.011043,0.001807,0.004645,0.018828,0.017162,0.024036,0.004951,0.005421,0.013212,0.001561,0.001660,0.000981,0.001764,0.325909,0.005754
202609132204,2026-09-13,22,04R,realtime,0.6893,0.000982,0.001031,0.000357,0.000260,0.000239,0.001292,0.137102,0.094142,0.039013,0.002676,0.024976,0.030055,0.018278,0.006657,0.010306,0.165178,0.032227,0.015197,0.001728,0.004925,0.018127,0.022351,0.027473,0.003425,0.003434,0.014557,0.000966,0.001212,0.001166,0.001453,0.310739,0.008474
202609132205,2026-09-13,22,05R,daily,0.7228,0.001799,0.001326,0.000678,0.000311,0.000186,0.000520,0.163950,0.058834,0.103733,0.005945,0.006626,0.013391,0.029469,0.008120,0.007129,0.156311,0.015526,0.026293,0.003028,0.002876,0.023452,0.023225,0.015652,0.027725,0.005358,0.009666,0.001600,0.002477,0.002101,0.001763,0.277244,0.003685
202609132205,2026-09-13,22,05R,realtime,0.6990,0.000815,0.000615,0.000462,0.000288,0.000248,0.000520,0.115884,0.063613,0.091635,0.003305,0.006393,0.018987,0.030644,0.005833,0.008192,0.167269,0.016318,0.032646,0.001626,0.003864,0.023525,0.028173,0.017625,0.033058,0.004596,0.012410,0.002140,0.002941,0.002237,0.001000,0.301020,0.002118
202609132206,2026-09-13,22,06R,daily,0.2504,0.000958,0.000292,0.000161,0.000099,0.000085,0.000150,0.024305,0.023288,0.024633,0.014148,0.001296,0.009550,0.007441,0.015752,0.000730,0.048601,0.003975,0.004085,0.002008,0.000310,0.044546,0.006474,0.004490,0.004616,0.003646,0.000457,0.001041,0.000732,0.001030,0.000413,0.749634,0.001053
202609132206,2026-09-13,22,06R,realtime,0.2706,0.002607,0.001128,0.000183,0.000101,0.000088,0.000269,0.032752,0.015770,0.023834,0.000708,0.041026,0.006911,0.006238,0.001283,0.008543,0.062771,0.004364,0.003858,0.000276,0.001970,0.029677,0.007615,0.006256,0.002681,0.000660,0.002646,0.000555,0.001922,0.001104,0.000492,0.729379,0.002334
202609132207,2026-09-13,22,07R,daily,0.3867,0.001447,0.001165,0.000418,0.000220,0.000113,0.000528,0.036168,0.062614,0.035470,0.004236,0.016035,0.021026,0.011529,0.004030,0.011388,0.065453,0.010674,0.008635,0.001146,0.002706,0.036278,0.010156,0.017744,0.004979,0.002610,0.010876,0.001057,0.002865,0.001727,0.001517,0.613344,0.001847
202609132207,2026-09-13,22,07R,realtime,0.5268,0.007830,0.001728,0.001058,0.000163,0.000230,0.000301,0.035997,0.135089,0.031977,0.011258,0.002333,0.062926,0.010099,0.012432,0.001093,0.050598,0.031112,0.009397,0.002274,0.000565,0.038035,0.010908,0.040085,0.004966,0.006856,0.000998,0.001745,0.005455,0.003123,0.001942,0.473151,0.004274
202609132208,2026-09-13,22,08R,daily,0.2666,0.000573,0.000346,0.000124,0.000073,0.000072,0.000152,0.021613,0.030569,0.049153,0.001949,0.000886,0.012361,0.013213,0.003871,0.000643,0.053553,0.004452,0.012454,0.000896,0.000291,0.029315,0.006339,0.006547,0.011764,0.001086,0.000389,0.000854,0.000860,0.000936,0.000270,0.733403,0.000991
202609132208,2026-09-13,22,08R,realtime,0.2041,0.000376,0.000194,0.000116,0.000060,0.000061,0.000090,0.010901,0.013288,0.046929,0.001076,0.000569,0.010835,0.010119,0.004020,0.000298,0.043337,0.003060,0.009534,0.000437,0.000166,0.023815,0.004365,0.005179,0.010439,0.001067,0.000317,0.000828,0.001394,0.000670,0.000207,0.795864,0.000387
202609132209,2026-09-13,22,09R,daily,0.4331,0.001577,0.000727,0.000405,0.000208,0.000177,0.000432,0.047655,0.052895,0.056963,0.012874,0.005717,0.014139,0.019932,0.024515,0.003623,0.074397,0.008795,0.010897,0.003757,0.001161,0.029711,0.025318,0.010915,0.006563,0.010192,0.001667,0.001254,0.001958,0.001295,0.001040,0.566917,0.002325
202609132209,2026-09-13,22,09R,realtime,0.4385,0.001438,0.000291,0.000264,0.000183,0.000211,0.000396,0.055468,0.042495,0.049455,0.006447,0.003315,0.014040,0.019183,0.023691,0.001995,0.093861,0.006404,0.013402,0.002519,0.001228,0.033124,0.035165,0.010062,0.006402,0.008599,0.001650,0.000947,0.002882,0.001106,0.000761,0.561540,0.001478
202609132210,2026-09-13,22,10R,daily,0.3434,0.001259,0.000625,0.000264,0.000140,0.000124,0.000466,0.026656,0.043165,0.018827,0.013086,0.002523,0.014169,0.009622,0.045706,0.003324,0.074999,0.006929,0.003797,0.002645,0.000673,0.037613,0.012202,0.006289,0.002680,0.007458,0.001144,0.000949,0.001450,0.001450,0.000679,0.656602,0.002484
202609132210,2026-09-13,22,10R,realtime,0.3436,0.000850,0.000270,0.000202,0.000125,0.000139,0.000376,0.021938,0.033496,0.019742,0.012616,0.001221,0.015176,0.007611,0.064389,0.003216,0.082132,0.004484,0.004890,0.001989,0.000763,0.034913,0.008531,0.006434,0.002531,0.008975,0.000954,0.000833,0.001511,0.001199,0.000744,0.656400,0.001352
202609132211,2026-09-13,22,11R,daily,0.2323,0.000829,0.000424,0.000185,0.000130,0.000093,0.000302,0.010806,0.026506,0.027560,0.007833,0.007597,0.009721,0.010785,0.013611,0.003997,0.030501,0.004424,0.004970,0.001645,0.001010,0.042554,0.006368,0.006308,0.003048,0.003905,0.002009,0.000721,0.001566,0.001031,0.000691,0.767739,0.001129
202609132211,2026-09-13,22,11R,realtime,0.2286,0.001514,0.000231,0.000133,0.000123,0.000128,0.000375,0.008822,0.022785,0.027427,0.009742,0.004213,0.009683,0.009121,0.011410,0.004086,0.032794,0.003234,0.004620,0.001377,0.001086,0.045321,0.008578,0.006812,0.002858,0.005088,0.001982,0.000974,0.001716,0.000844,0.000444,0.771376,0.001102
202609132212,2026-09-13,22,12R,daily,0.3194,0.001130,0.000341,0.000298,0.000155,0.000124,0.000846,0.026713,0.048634,0.034333,0.004469,0.008732,0.026138,0.017237,0.012636,0.004303,0.054115,0.011781,0.007288,0.002026,0.000943,0.022572,0.009489,0.008511,0.004873,0.002715,0.002205,0.001170,0.002006,0.001039,0.000735,0.680565,0.001877
202609132212,2026-09-13,22,12R,realtime,0.2980,0.000848,0.000133,0.000232,0.000132,0.000142,0.000681,0.024051,0.035771,0.042384,0.001875,0.005729,0.028265,0.016292,0.010682,0.003477,0.052760,0.009414,0.007473,0.001670,0.000759,0.020988,0.008524,0.009388,0.005024,0.003078,0.001966,0.001156,0.002478,0.001002,0.000602,0.702017,0.001007
