レースコード,レース日,レース場コード,レース回,艇1_登録番号,艇1_選手名,艇1_期別,艇1_支部,艇1_出身地,艇1_年齢,艇1_級別,艇1_賞除,艇1_F本数,艇1_L本数,艇1_全国平均ST,艇1_全国勝率,艇1_全国2連対率,艇1_全国3連対率,艇1_当地勝率,艇1_当地2連対率,艇1_当地3連対率,艇1_モーターフラグ,艇1_モーター番号,艇1_モーター2連対率,艇1_モーター3連対率,艇1_ボートフラグ,艇1_ボート番号,艇1_ボート2連対率,艇1_ボート3連対率,艇1_早見,艇1_節D1走1_R番号,艇1_節D1走1_進入,艇1_節D1走1_枠,艇1_節D1走1_ST,艇1_節D1走1_着順,艇1_節D1走2_R番号,艇1_節D1走2_進入,艇1_節D1走2_枠,艇1_節D1走2_ST,艇1_節D1走2_着順,艇1_節D2走1_R番号,艇1_節D2走1_進入,艇1_節D2走1_枠,艇1_節D2走1_ST,艇1_節D2走1_着順,艇1_節D2走2_R番号,艇1_節D2走2_進入,艇1_節D2走2_枠,艇1_節D2走2_ST,艇1_節D2走2_着順,艇1_節D3走1_R番号,艇1_節D3走1_進入,艇1_節D3走1_枠,艇1_節D3走1_ST,艇1_節D3走1_着順,艇1_節D3走2_R番号,艇1_節D3走2_進入,艇1_節D3走2_枠,艇1_節D3走2_ST,艇1_節D3走2_着順,艇1_節D4走1_R番号,艇1_節D4走1_進入,艇1_節D4走1_枠,艇1_節D4走1_ST,艇1_節D4走1_着順,艇1_節D4走2_R番号,艇1_節D4走2_進入,艇1_節D4走2_枠,艇1_節D4走2_ST,艇1_節D4走2_着順,艇1_節D5走1_R番号,艇1_節D5走1_進入,艇1_節D5走1_枠,艇1_節D5走1_ST,艇1_節D5走1_着順,艇1_節D5走2_R番号,艇1_節D5走2_進入,艇1_節D5走2_枠,艇1_節D5走2_ST,艇1_節D5走2_着順,艇1_節D6走1_R番号,艇1_節D6走1_進入,艇1_節D6走1_枠,艇1_節D6走1_ST,艇1_節D6走1_着順,艇1_節D6走2_R番号,艇1_節D6走2_進入,艇1_節D6走2_枠,艇1_節D6走2_ST,艇1_節D6走2_着順,艇1_節D7走1_R番号,艇1_節D7走1_進入,艇1_節D7走1_枠,艇1_節D7走1_ST,艇1_節D7走1_着順,艇1_節D7走2_R番号,艇1_節D7走2_進入,艇1_節D7走2_枠,艇1_節D7走2_ST,艇1_節D7走2_着順,艇2_登録番号,艇2_選手名,艇2_期別,艇2_支部,艇2_出身地,艇2_年齢,艇2_級別,艇2_賞除,艇2_F本数,艇2_L本数,艇2_全国平均ST,艇2_全国勝率,艇2_全国2連対率,艇2_全国3連対率,艇2_当地勝率,艇2_当地2連対率,艇2_当地3連対率,艇2_モーターフラグ,艇2_モーター番号,艇2_モーター2連対率,艇2_モーター3連対率,艇2_ボートフラグ,艇2_ボート番号,艇2_ボート2連対率,艇2_ボート3連対率,艇2_早見,艇2_節D1走1_R番号,艇2_節D1走1_進入,艇2_節D1走1_枠,艇2_節D1走1_ST,艇2_節D1走1_着順,艇2_節D1走2_R番号,艇2_節D1走2_進入,艇2_節D1走2_枠,艇2_節D1走2_ST,艇2_節D1走2_着順,艇2_節D2走1_R番号,艇2_節D2走1_進入,艇2_節D2走1_枠,艇2_節D2走1_ST,艇2_節D2走1_着順,艇2_節D2走2_R番号,艇2_節D2走2_進入,艇2_節D2走2_枠,艇2_節D2走2_ST,艇2_節D2走2_着順,艇2_節D3走1_R番号,艇2_節D3走1_進入,艇2_節D3走1_枠,艇2_節D3走1_ST,艇2_節D3走1_着順,艇2_節D3走2_R番号,艇2_節D3走2_進入,艇2_節D3走2_枠,艇2_節D3走2_ST,艇2_節D3走2_着順,艇2_節D4走1_R番号,艇2_節D4走1_進入,艇2_節D4走1_枠,艇2_節D4走1_ST,艇2_節D4走1_着順,艇2_節D4走2_R番号,艇2_節D4走2_進入,艇2_節D4走2_枠,艇2_節D4走2_ST,艇2_節D4走2_着順,艇2_節D5走1_R番号,艇2_節D5走1_進入,艇2_節D5走1_枠,艇2_節D5走1_ST,艇2_節D5走1_着順,艇2_節D5走2_R番号,艇2_節D5走2_進入,艇2_節D5走2_枠,艇2_節D5走2_ST,艇2_節D5走2_着順,艇2_節D6走1_R番号,艇2_節D6走1_進入,艇2_節D6走1_枠,艇2_節D6走1_ST,艇2_節D6走1_着順,艇2_節D6走2_R番号,艇2_節D6走2_進入,艇2_節D6走2_枠,艇2_節D6走2_ST,艇2_節D6走2_着順,艇2_節D7走1_R番号,艇2_節D7走1_進入,艇2_節D7走1_枠,艇2_節D7走1_ST,艇2_節D7走1_着順,艇2_節D7走2_R番号,艇2_節D7走2_進入,艇2_節D7走2_枠,艇2_節D7走2_ST,艇2_節D7走2_着順,艇3_登録番号,艇3_選手名,艇3_期別,艇3_支部,艇3_出身地,艇3_年齢,艇3_級別,艇3_賞除,艇3_F本数,艇3_L本数,艇3_全国平均ST,艇3_全国勝率,艇3_全国2連対率,艇3_全国3連対率,艇3_当地勝率,艇3_当地2連対率,艇3_当地3連対率,艇3_モーターフラグ,艇3_モーター番号,艇3_モーター2連対率,艇3_モーター3連対率,艇3_ボートフラグ,艇3_ボート番号,艇3_ボート2連対率,艇3_ボート3連対率,艇3_早見,艇3_節D1走1_R番号,艇3_節D1走1_進入,艇3_節D1走1_枠,艇3_節D1走1_ST,艇3_節D1走1_着順,艇3_節D1走2_R番号,艇3_節D1走2_進入,艇3_節D1走2_枠,艇3_節D1走2_ST,艇3_節D1走2_着順,艇3_節D2走1_R番号,艇3_節D2走1_進入,艇3_節D2走1_枠,艇3_節D2走1_ST,艇3_節D2走1_着順,艇3_節D2走2_R番号,艇3_節D2走2_進入,艇3_節D2走2_枠,艇3_節D2走2_ST,艇3_節D2走2_着順,艇3_節D3走1_R番号,艇3_節D3走1_進入,艇3_節D3走1_枠,艇3_節D3走1_ST,艇3_節D3走1_着順,艇3_節D3走2_R番号,艇3_節D3走2_進入,艇3_節D3走2_枠,艇3_節D3走2_ST,艇3_節D3走2_着順,艇3_節D4走1_R番号,艇3_節D4走1_進入,艇3_節D4走1_枠,艇3_節D4走1_ST,艇3_節D4走1_着順,艇3_節D4走2_R番号,艇3_節D4走2_進入,艇3_節D4走2_枠,艇3_節D4走2_ST,艇3_節D4走2_着順,艇3_節D5走1_R番号,艇3_節D5走1_進入,艇3_節D5走1_枠,艇3_節D5走1_ST,艇3_節D5走1_着順,艇3_節D5走2_R番号,艇3_節D5走2_進入,艇3_節D5走2_枠,艇3_節D5走2_ST,艇3_節D5走2_着順,艇3_節D6走1_R番号,艇3_節D6走1_進入,艇3_節D6走1_枠,艇3_節D6走1_ST,艇3_節D6走1_着順,艇3_節D6走2_R番号,艇3_節D6走2_進入,艇3_節D6走2_枠,艇3_節D6走2_ST,艇3_節D6走2_着順,艇3_節D7走1_R番号,艇3_節D7走1_進入,艇3_節D7走1_枠,艇3_節D7走1_ST,艇3_節D7走1_着順,艇3_節D7走2_R番号,艇3_節D7走2_進入,艇3_節D7走2_枠,艇3_節D7走2_ST,艇3_節D7走2_着順,艇4_登録番号,艇4_選手名,艇4_期別,艇4_支部,艇4_出身地,艇4_年齢,艇4_級別,艇4_賞除,艇4_F本数,艇4_L本数,艇4_全国平均ST,艇4_全国勝率,艇4_全国2連対率,艇4_全国3連対率,艇4_当地勝率,艇4_当地2連対率,艇4_当地3連対率,艇4_モーターフラグ,艇4_モーター番号,艇4_モーター2連対率,艇4_モーター3連対率,艇4_ボートフラグ,艇4_ボート番号,艇4_ボート2連対率,艇4_ボート3連対率,艇4_早見,艇4_節D1走1_R番号,艇4_節D1走1_進入,艇4_節D1走1_枠,艇4_節D1走1_ST,艇4_節D1走1_着順,艇4_節D1走2_R番号,艇4_節D1走2_進入,艇4_節D1走2_枠,艇4_節D1走2_ST,艇4_節D1走2_着順,艇4_節D2走1_R番号,艇4_節D2走1_進入,艇4_節D2走1_枠,艇4_節D2走1_ST,艇4_節D2走1_着順,艇4_節D2走2_R番号,艇4_節D2走2_進入,艇4_節D2走2_枠,艇4_節D2走2_ST,艇4_節D2走2_着順,艇4_節D3走1_R番号,艇4_節D3走1_進入,艇4_節D3走1_枠,艇4_節D3走1_ST,艇4_節D3走1_着順,艇4_節D3走2_R番号,艇4_節D3走2_進入,艇4_節D3走2_枠,艇4_節D3走2_ST,艇4_節D3走2_着順,艇4_節D4走1_R番号,艇4_節D4走1_進入,艇4_節D4走1_枠,艇4_節D4走1_ST,艇4_節D4走1_着順,艇4_節D4走2_R番号,艇4_節D4走2_進入,艇4_節D4走2_枠,艇4_節D4走2_ST,艇4_節D4走2_着順,艇4_節D5走1_R番号,艇4_節D5走1_進入,艇4_節D5走1_枠,艇4_節D5走1_ST,艇4_節D5走1_着順,艇4_節D5走2_R番号,艇4_節D5走2_進入,艇4_節D5走2_枠,艇4_節D5走2_ST,艇4_節D5走2_着順,艇4_節D6走1_R番号,艇4_節D6走1_進入,艇4_節D6走1_枠,艇4_節D6走1_ST,艇4_節D6走1_着順,艇4_節D6走2_R番号,艇4_節D6走2_進入,艇4_節D6走2_枠,艇4_節D6走2_ST,艇4_節D6走2_着順,艇4_節D7走1_R番号,艇4_節D7走1_進入,艇4_節D7走1_枠,艇4_節D7走1_ST,艇4_節D7走1_着順,艇4_節D7走2_R番号,艇4_節D7走2_進入,艇4_節D7走2_枠,艇4_節D7走2_ST,艇4_節D7走2_着順,艇5_登録番号,艇5_選手名,艇5_期別,艇5_支部,艇5_出身地,艇5_年齢,艇5_級別,艇5_賞除,艇5_F本数,艇5_L本数,艇5_全国平均ST,艇5_全国勝率,艇5_全国2連対率,艇5_全国3連対率,艇5_当地勝率,艇5_当地2連対率,艇5_当地3連対率,艇5_モーターフラグ,艇5_モーター番号,艇5_モーター2連対率,艇5_モーター3連対率,艇5_ボートフラグ,艇5_ボート番号,艇5_ボート2連対率,艇5_ボート3連対率,艇5_早見,艇5_節D1走1_R番号,艇5_節D1走1_進入,艇5_節D1走1_枠,艇5_節D1走1_ST,艇5_節D1走1_着順,艇5_節D1走2_R番号,艇5_節D1走2_進入,艇5_節D1走2_枠,艇5_節D1走2_ST,艇5_節D1走2_着順,艇5_節D2走1_R番号,艇5_節D2走1_進入,艇5_節D2走1_枠,艇5_節D2走1_ST,艇5_節D2走1_着順,艇5_節D2走2_R番号,艇5_節D2走2_進入,艇5_節D2走2_枠,艇5_節D2走2_ST,艇5_節D2走2_着順,艇5_節D3走1_R番号,艇5_節D3走1_進入,艇5_節D3走1_枠,艇5_節D3走1_ST,艇5_節D3走1_着順,艇5_節D3走2_R番号,艇5_節D3走2_進入,艇5_節D3走2_枠,艇5_節D3走2_ST,艇5_節D3走2_着順,艇5_節D4走1_R番号,艇5_節D4走1_進入,艇5_節D4走1_枠,艇5_節D4走1_ST,艇5_節D4走1_着順,艇5_節D4走2_R番号,艇5_節D4走2_進入,艇5_節D4走2_枠,艇5_節D4走2_ST,艇5_節D4走2_着順,艇5_節D5走1_R番号,艇5_節D5走1_進入,艇5_節D5走1_枠,艇5_節D5走1_ST,艇5_節D5走1_着順,艇5_節D5走2_R番号,艇5_節D5走2_進入,艇5_節D5走2_枠,艇5_節D5走2_ST,艇5_節D5走2_着順,艇5_節D6走1_R番号,艇5_節D6走1_進入,艇5_節D6走1_枠,艇5_節D6走1_ST,艇5_節D6走1_着順,艇5_節D6走2_R番号,艇5_節D6走2_進入,艇5_節D6走2_枠,艇5_節D6走2_ST,艇5_節D6走2_着順,艇5_節D7走1_R番号,艇5_節D7走1_進入,艇5_節D7走1_枠,艇5_節D7走1_ST,艇5_節D7走1_着順,艇5_節D7走2_R番号,艇5_節D7走2_進入,艇5_節D7走2_枠,艇5_節D7走2_ST,艇5_節D7走2_着順,艇6_登録番号,艇6_選手名,艇6_期別,艇6_支部,艇6_出身地,艇6_年齢,艇6_級別,艇6_賞除,艇6_F本数,艇6_L本数,艇6_全国平均ST,艇6_全国勝率,艇6_全国2連対率,艇6_全国3連対率,艇6_当地勝率,艇6_当地2連対率,艇6_当地3連対率,艇6_モーターフラグ,艇6_モーター番号,艇6_モーター2連対率,艇6_モーター3連対率,艇6_ボートフラグ,艇6_ボート番号,艇6_ボート2連対率,艇6_ボート3連対率,艇6_早見,艇6_節D1走1_R番号,艇6_節D1走1_進入,艇6_節D1走1_枠,艇6_節D1走1_ST,艇6_節D1走1_着順,艇6_節D1走2_R番号,艇6_節D1走2_進入,艇6_節D1走2_枠,艇6_節D1走2_ST,艇6_節D1走2_着順,艇6_節D2走1_R番号,艇6_節D2走1_進入,艇6_節D2走1_枠,艇6_節D2走1_ST,艇6_節D2走1_着順,艇6_節D2走2_R番号,艇6_節D2走2_進入,艇6_節D2走2_枠,艇6_節D2走2_ST,艇6_節D2走2_着順,艇6_節D3走1_R番号,艇6_節D3走1_進入,艇6_節D3走1_枠,艇6_節D3走1_ST,艇6_節D3走1_着順,艇6_節D3走2_R番号,艇6_節D3走2_進入,艇6_節D3走2_枠,艇6_節D3走2_ST,艇6_節D3走2_着順,艇6_節D4走1_R番号,艇6_節D4走1_進入,艇6_節D4走1_枠,艇6_節D4走1_ST,艇6_節D4走1_着順,艇6_節D4走2_R番号,艇6_節D4走2_進入,艇6_節D4走2_枠,艇6_節D4走2_ST,艇6_節D4走2_着順,艇6_節D5走1_R番号,艇6_節D5走1_進入,艇6_節D5走1_枠,艇6_節D5走1_ST,艇6_節D5走1_着順,艇6_節D5走2_R番号,艇6_節D5走2_進入,艇6_節D5走2_枠,艇6_節D5走2_ST,艇6_節D5走2_着順,艇6_節D6走1_R番号,艇6_節D6走1_進入,艇6_節D6走1_枠,艇6_節D6走1_ST,艇6_節D6走1_着順,艇6_節D6走2_R番号,艇6_節D6走2_進入,艇6_節D6走2_枠,艇6_節D6走2_ST,艇6_節D6走2_着順,艇6_節D7走1_R番号,艇6_節D7走1_進入,艇6_節D7走1_枠,艇6_節D7走1_ST,艇6_節D7走1_着順,艇6_節D7走2_R番号,艇6_節D7走2_進入,艇6_節D7走2_枠,艇6_節D7走2_ST,艇6_節D7走2_着順
202609070101,2026-09-07,01,01R,5070,中島 航,124期,東京,千葉,32,B1,,0,0,0.22,4.21,20.8,38.8,4.32,22.7,34.0,0,73,50.0,70.2,0,64,28.4,41.4,,,,,,,7,5,6,0.18,3,3,5,5,0.2,落,8,2,2,0.25,6,,,,,,,,,,,,,,,,,,,,,,,,,,,,,,,,,,,,,,,,,,,,,,,,,,,4557,松尾 光広,104期,岡山,岡山,36,B1,,0,0,0.21,3.83,16.2,31.4,4.31,26.9,34.6,0,64,33.3,51.3,0,52,41.8,61.0,,4,1,1,0.13,4,,,,,,1,3,3,0.33,5,7,5,5,0.17,5,,,,,,,,,,,,,,,,,,,,,,,,,,,,,,,,,,,,,,,,,,,,,,,,,,,4562,阪本 勇介,105期,岡山,岡山,38,B1,,0,0,0.19,4.77,27.9,41.4,3.61,5.5,16.6,0,34,37.1,56.9,0,12,30.3,45.5,5,1,3,2,0.22,6,5,5,5,0.06,4,,,,,,9,1,1,0.21,6,,,,,,,,,,,,,,,,,,,,,,,,,,,,,,,,,,,,,,,,,,,,,,,,,,,4195,前川 守嗣,91期,福岡,沖縄,44,B1,,0,0,0.16,5.19,32.8,50.6,5.33,33.3,55.5,0,43,26.1,47.6,0,45,44.3,60.1,8,4,3,3,0.05,2,10,1,1,0.11,5,4,5,5,0.11,6,,,,,,,,,,,,,,,,,,,,,,,,,,,,,,,,,,,,,,,,,,,,,,,,,,,,,,,,3653,品川 賢次,72期,群馬,群馬,52,B2,,1,0,0.2,4.2,13.8,36.9,4.35,19.1,41.1,0,71,32.7,47.8,0,38,36.0,59.4,7,1,1,1,0.24,4,6,3,3,0.32,3,6,4,4,0.13,5,,,,,,,,,,,,,,,,,,,,,,,,,,,,,,,,,,,,,,,,,,,,,,,,,,,,,,,,4025,山本 隆幸,85期,兵庫,兵庫,48,A1,,0,0,0.18,6.44,46.3,63.4,6.92,53.0,71.4,0,41,32.2,45.5,0,27,43.1,59.7,9,,,,,,12,5,5,0.16,6,6,1,1,0.17,2,11,2,2,0.07,2,,,,,,,,,,,,,,,,,,,,,,,,,,,,,,,,,,,,,,,,,,,,,,,,,,
202609070102,2026-09-07,01,02R,5012,加倉 侑征,121期,福岡,福岡,29,B1,,0,0,0.14,4.52,23.2,41.1,4.48,24.2,39.3,0,60,44.0,57.1,0,15,41.0,58.9,9,3,6,6,0.17,3,,,,,,5,2,2,0.13,3,11,3,3,0.1,3,,,,,,,,,,,,,,,,,,,,,,,,,,,,,,,,,,,,,,,,,,,,,,,,,,,4380,鈴木 峻佑,98期,静岡,静岡,42,B1,,0,0,0.17,5.0,30.9,44.3,3.72,27.7,27.7,0,68,21.5,39.6,0,51,35.3,56.1,,2,3,3,0.05,4,,,,,,2,4,4,0.12,3,7,6,6,0.12,6,,,,,,,,,,,,,,,,,,,,,,,,,,,,,,,,,,,,,,,,,,,,,,,,,,,5122,相馬 翔,125期,埼玉,埼玉,25,B1,,1,0,0.17,3.68,15.7,28.0,5.04,25.9,40.7,0,57,29.0,45.8,0,42,34.7,50.2,6,1,5,5,0.2,5,7,4,2,0.17,6,6,6,6,0.09,4,,,,,,,,,,,,,,,,,,,,,,,,,,,,,,,,,,,,,,,,,,,,,,,,,,,,,,,,4943,八木 治樹,119期,愛知,愛知,35,B1,,0,0,0.15,4.48,23.2,38.3,5.31,24.1,55.1,0,17,33.9,51.4,0,39,32.8,48.9,10,4,2,2,0.06,3,8,3,3,0.05,3,,,,,,10,6,6,0.16,6,,,,,,,,,,,,,,,,,,,,,,,,,,,,,,,,,,,,,,,,,,,,,,,,,,,3874,山本 寛久,79期,岡山,岡山,50,A2,,0,0,0.17,7.11,50.9,75.9,6.3,40.0,70.0,0,62,41.5,59.4,0,35,36.4,55.4,11,3,4,4,0.16,1,11,1,1,0.16,1,,,,,,9,4,3,0.17,4,,,,,,,,,,,,,,,,,,,,,,,,,,,,,,,,,,,,,,,,,,,,,,,,,,,4019,笠原 亮,84期,静岡,静岡,46,A1,,0,0,0.17,6.98,54.2,67.6,7.95,67.5,82.5,0,12,38.1,59.3,0,33,34.2,53.5,8,,,,,,12,3,3,0.15,3,5,4,4,0.11,1,12,1,1,0.1,1,,,,,,,,,,,,,,,,,,,,,,,,,,,,,,,,,,,,,,,,,,,,,,,,,,
202609070103,2026-09-07,01,03R,5107,松本 真広,125期,福岡,熊本,27,B1,,1,0,0.16,3.93,8.4,33.9,4.0,5.5,27.7,0,25,27.5,39.1,0,44,40.9,59.0,8,6,5,6,0.28,1,,,,,,7,2,2,0.21,1,12,4,4,0.14,6,,,,,,,,,,,,,,,,,,,,,,,,,,,,,,,,,,,,,,,,,,,,,,,,,,,3852,澤 大介,79期,三重,三重,54,B1,,0,0,0.21,4.79,25.0,42.7,4.38,31.2,31.2,0,69,34.5,52.9,0,62,32.5,47.1,10,2,1,1,0.06,1,7,3,5,0.19,5,,,,,,11,6,6,0.2,4,,,,,,,,,,,,,,,,,,,,,,,,,,,,,,,,,,,,,,,,,,,,,,,,,,,5181,森 智哉,128期,岡山,岡山,28,B1,,1,0,0.16,4.78,30.4,44.9,4.8,10.0,60.0,0,63,23.6,38.9,0,24,34.1,54.7,7,2,2,2,0.14,5,8,5,4,0.12,5,5,6,6,0.26,5,,,,,,,,,,,,,,,,,,,,,,,,,,,,,,,,,,,,,,,,,,,,,,,,,,,,,,,,3686,鳥居塚 孝博,73期,群馬,群馬,51,A2,,1,0,0.15,6.21,37.8,62.2,6.39,39.6,71.7,0,47,29.6,44.9,0,59,37.6,55.3,9,3,5,5,0.17,5,10,3,3,0.12,4,,,,,,7,1,1,0.15,2,,,,,,,,,,,,,,,,,,,,,,,,,,,,,,,,,,,,,,,,,,,,,,,,,,,5048,眞鳥 康太,123期,長崎,長崎,32,B1,,0,0,0.21,4.54,28.5,44.2,2.27,0.0,0.0,0,74,38.5,59.3,0,55,30.6,45.0,11,3,2,2,0.2,4,7,6,4,0.17,4,5,1,1,0.12,4,,,,,,,,,,,,,,,,,,,,,,,,,,,,,,,,,,,,,,,,,,,,,,,,,,,,,,,,3743,林 美憲,75期,徳島,徳島,51,A1,,0,0,0.15,5.41,40.0,51.6,6.33,11.1,55.5,0,70,33.1,46.5,0,40,30.6,46.0,12,6,1,1,0.26,2,12,4,4,0.15,4,,,,,,8,4,5,0.13,2,,,,,,,,,,,,,,,,,,,,,,,,,,,,,,,,,,,,,,,,,,,,,,,,,,
202609070104,2026-09-07,01,04R,4919,吉田 翔悟,118期,長崎,長崎,35,B1,,1,0,0.18,3.94,16.3,32.6,0.0,0.0,0.0,0,72,30.8,50.2,0,50,33.3,48.8,,2,4,4,0.03,6,,,,,,4,6,6,0.18,5,8,3,3,0.14,4,,,,,,,,,,,,,,,,,,,,,,,,,,,,,,,,,,,,,,,,,,,,,,,,,,,4161,黒柳 浩孝,90期,愛知,愛知,44,B1,,0,0,0.16,5.4,35.3,55.1,5.64,30.5,61.1,0,46,36.9,51.8,0,56,38.7,50.5,8,5,1,1,0.09,1,11,5,5,0.09,5,3,6,6,0.22,3,,,,,,,,,,,,,,,,,,,,,,,,,,,,,,,,,,,,,,,,,,,,,,,,,,,,,,,,3202,三品 隆浩,56期,東京,東京,61,B1,,0,0,0.2,4.76,30.9,42.8,2.96,8.0,20.0,0,48,33.1,54.2,0,18,30.0,44.1,,3,1,1,0.24,6,,,,,,1,5,5,0.31,3,6,2,2,0.16,3,,,,,,,,,,,,,,,,,,,,,,,,,,,,,,,,,,,,,,,,,,,,,,,,,,,3946,赤岩 善生,82期,愛知,愛知,50,A1,,1,0,0.15,7.19,54.4,69.9,6.97,62.0,75.8,0,51,32.5,43.5,0,74,34.8,56.0,10,7,2,3,0.18,2,12,1,1,0.11,1,,,,,,9,2,6,0.15,1,,,,,,,,,,,,,,,,,,,,,,,,,,,,,,,,,,,,,,,,,,,,,,,,,,,4232,笠 雅雄,92期,福岡,福岡,43,B1,,0,0,0.17,5.91,39.1,58.7,3.38,17.6,26.4,0,42,25.3,37.9,0,68,32.6,48.3,9,1,4,4,0.15,2,11,6,6,0.13,6,2,3,3,0.09,1,,,,,,,,,,,,,,,,,,,,,,,,,,,,,,,,,,,,,,,,,,,,,,,,,,,,,,,,4513,河野 真也,102期,福岡,宮崎,37,A2,,0,0,0.2,6.0,42.9,63.5,5.96,46.1,61.5,0,36,27.1,42.1,0,20,30.7,45.7,12,2,5,5,0.06,3,9,4,4,0.2,3,,,,,,9,3,2,0.15,2,,,,,,,,,,,,,,,,,,,,,,,,,,,,,,,,,,,,,,,,,,,,,,,,,,
202609070105,2026-09-07,01,05R,5344,谷口 丞,134期,滋賀,滋賀,23,B1,,0,0,0.15,5.46,32.9,52.4,0.0,0.0,0.0,0,32,43.4,55.0,0,21,31.8,52.9,,,,,,,10,6,6,0.17,6,4,3,3,0.03,3,9,6,5,0.11,3,,,,,,,,,,,,,,,,,,,,,,,,,,,,,,,,,,,,,,,,,,,,,,,,,,,3681,山谷 央,73期,東京,東京,53,B1,,1,0,0.15,4.82,28.7,42.4,4.68,15.7,47.3,0,37,32.2,50.7,0,69,34.6,48.8,9,4,4,4,0.09,1,,,,,,3,1,1,0.28,1,12,5,5,0.09,4,,,,,,,,,,,,,,,,,,,,,,,,,,,,,,,,,,,,,,,,,,,,,,,,,,,3305,小野 信樹,60期,岡山,岡山,58,B1,,0,0,0.17,3.57,15.1,26.5,3.94,25.0,34.3,0,11,33.3,54.3,0,71,41.3,54.4,,6,2,2,0.32,4,,,,,,2,1,1,0.1,4,6,5,5,0.06,6,,,,,,,,,,,,,,,,,,,,,,,,,,,,,,,,,,,,,,,,,,,,,,,,,,,4044,湯川 浩司,85期,大阪,大阪,46,A1,,0,0,0.14,6.17,32.9,54.8,6.77,45.7,54.2,0,29,27.4,45.8,0,60,38.1,52.9,12,8,4,5,0.09,4,12,2,2,0.14,2,,,,,,7,3,3,0.18,4,,,,,,,,,,,,,,,,,,,,,,,,,,,,,,,,,,,,,,,,,,,,,,,,,,,4118,宇佐見 淳,88期,愛知,愛知,45,A2,,0,0,0.15,5.87,39.2,63.3,6.38,51.7,62.0,0,27,50.3,67.9,0,47,31.1,47.8,11,,,,,,10,2,2,0.14,1,8,1,1,0.13,3,12,3,3,0.12,2,,,,,,,,,,,,,,,,,,,,,,,,,,,,,,,,,,,,,,,,,,,,,,,,,,,4562,阪本 勇介,105期,岡山,岡山,38,B1,,0,0,0.19,4.77,27.9,41.4,3.61,5.5,16.6,0,34,37.1,56.9,0,12,30.3,45.5,1,1,3,2,0.22,6,5,5,5,0.06,4,,,,,,9,1,1,0.21,6,,,,,,,,,,,,,,,,,,,,,,,,,,,,,,,,,,,,,,,,,,,,,,,,,,
202609070106,2026-09-07,01,06R,4538,笠置 博之,103期,大阪,大阪,36,A1,,1,0,0.15,5.23,39.5,52.0,6.41,59.2,62.9,0,26,31.5,50.0,0,46,28.6,47.9,,4,6,6,0.17,6,11,2,2,0.19,4,3,4,4,0.15,4,11,5,5,0.17,6,,,,,,,,,,,,,,,,,,,,,,,,,,,,,,,,,,,,,,,,,,,,,,,,,,,4992,廣瀬 篤哉,120期,滋賀,京都,28,B1,,0,0,0.16,4.8,31.5,39.4,2.56,0.0,11.1,0,53,35.9,53.0,0,73,38.0,53.4,12,3,3,3,0.19,2,8,6,6,0.13,6,,,,,,10,1,1,0.16,4,,,,,,,,,,,,,,,,,,,,,,,,,,,,,,,,,,,,,,,,,,,,,,,,,,,3867,松浦 勝,79期,愛知,愛知,51,B1,,0,0,0.18,2.85,8.0,18.6,2.44,11.1,11.1,0,40,32.8,50.5,0,41,35.4,53.7,,6,6,4,0.29,5,,,,,,1,1,1,0.26,4,5,5,5,0.18,6,,,,,,,,,,,,,,,,,,,,,,,,,,,,,,,,,,,,,,,,,,,,,,,,,,,5122,相馬 翔,125期,埼玉,埼玉,25,B1,,1,0,0.17,3.68,15.7,28.0,5.04,25.9,40.7,0,57,29.0,45.8,0,42,34.7,50.2,2,1,5,5,0.2,5,7,4,2,0.17,6,6,6,6,0.09,4,,,,,,,,,,,,,,,,,,,,,,,,,,,,,,,,,,,,,,,,,,,,,,,,,,,,,,,,3475,橋本 久和,66期,群馬,群馬,56,B1,,0,0,0.19,5.22,35.4,43.0,5.91,41.5,59.3,0,31,35.5,49.1,0,34,34.4,46.9,,,,,,,9,1,1,0.14,5,2,2,2,0.08,5,8,5,6,0.13,1,,,,,,,,,,,,,,,,,,,,,,,,,,,,,,,,,,,,,,,,,,,,,,,,,,,5430,鳥本 智史,137期,三重,三重,22,B2,,1,0,0.18,1.39,0.0,2.6,1.33,0.0,0.0,0,44,27.6,45.2,0,66,34.4,47.4,,5,6,6,0.03,6,,,,,,1,6,6,0.3,6,8,6,4,0.03,5,,,,,,,,,,,,,,,,,,,,,,,,,,,,,,,,,,,,,,,,,,,,,,,,,,
202609070107,2026-09-07,01,07R,3319,山崎 義明,61期,埼玉,埼玉,59,A2,,0,0,0.16,5.73,38.6,62.2,5.21,35.9,46.1,0,24,36.6,61.8,0,57,41.0,53.7,12,4,5,5,0.1,5,9,3,3,0.21,4,,,,,,10,2,2,0.17,1,,,,,,,,,,,,,,,,,,,,,,,,,,,,,,,,,,,,,,,,,,,,,,,,,,,3653,品川 賢次,72期,群馬,群馬,52,B2,,1,0,0.2,4.2,13.8,36.9,4.35,19.1,41.1,0,71,32.7,47.8,0,38,36.0,59.4,1,1,1,1,0.24,4,6,3,3,0.32,3,6,4,4,0.13,5,,,,,,,,,,,,,,,,,,,,,,,,,,,,,,,,,,,,,,,,,,,,,,,,,,,,,,,,4877,鈴谷 一平,116期,兵庫,兵庫,31,A1,,0,0,0.14,6.2,44.2,60.1,6.47,41.1,64.7,0,20,39.7,61.7,0,54,36.3,54.5,,,,,,,10,4,4,0.1,3,2,6,6,0.07,6,12,2,2,0.1,3,,,,,,,,,,,,,,,,,,,,,,,,,,,,,,,,,,,,,,,,,,,,,,,,,,,3277,齋藤 勇,59期,東京,東京,60,B1,,0,0,0.18,4.56,22.2,38.2,4.32,12.0,40.0,0,52,26.3,37.5,0,31,38.0,60.2,11,1,2,3,0.23,3,8,2,2,0.11,2,4,1,1,0.07,2,,,,,,,,,,,,,,,,,,,,,,,,,,,,,,,,,,,,,,,,,,,,,,,,,,,,,,,,5181,森 智哉,128期,岡山,岡山,28,B1,,1,0,0.16,4.78,30.4,44.9,4.8,10.0,60.0,0,63,23.6,38.9,0,24,34.1,54.7,3,2,2,2,0.14,5,8,5,4,0.12,5,5,6,6,0.26,5,,,,,,,,,,,,,,,,,,,,,,,,,,,,,,,,,,,,,,,,,,,,,,,,,,,,,,,,4181,花本 夏樹,90期,三重,三重,43,B1,,0,0,0.21,3.44,6.8,23.8,4.38,14.7,41.1,0,50,34.7,53.3,0,61,39.0,59.2,,6,4,5,0.31,6,,,,,,3,2,2,0.21,2,7,4,4,0.2,3,,,,,,,,,,,,,,,,,,,,,,,,,,,,,,,,,,,,,,,,,,,,,,,,,,
202609070108,2026-09-07,01,08R,4027,松江 秀徳,85期,佐賀,佐賀,48,A2,,1,0,0.16,5.4,33.8,51.4,5.85,45.0,60.0,0,75,27.9,44.1,0,48,39.3,54.6,,,,,,,9,6,6,0.15,6,5,3,3,0.16,2,10,4,4,0.15,3,,,,,,,,,,,,,,,,,,,,,,,,,,,,,,,,,,,,,,,,,,,,,,,,,,,4440,萩原 知哉,100期,東京,茨城,40,B1,,0,0,0.17,4.6,28.5,39.2,4.34,20.4,40.9,0,49,34.3,48.2,0,36,33.6,52.4,12,5,4,4,0.05,5,9,5,5,0.19,2,6,3,3,0.12,1,,,,,,,,,,,,,,,,,,,,,,,,,,,,,,,,,,,,,,,,,,,,,,,,,,,,,,,,5107,松本 真広,125期,福岡,熊本,27,B1,,1,0,0.16,3.93,8.4,33.9,4.0,5.5,27.7,0,25,27.5,39.1,0,44,40.9,59.0,3,6,5,6,0.28,1,,,,,,7,2,2,0.21,1,12,4,4,0.14,6,,,,,,,,,,,,,,,,,,,,,,,,,,,,,,,,,,,,,,,,,,,,,,,,,,,4161,黒柳 浩孝,90期,愛知,愛知,44,B1,,0,0,0.16,5.4,35.3,55.1,5.64,30.5,61.1,0,46,36.9,51.8,0,56,38.7,50.5,4,5,1,1,0.09,1,11,5,5,0.09,5,3,6,6,0.22,3,,,,,,,,,,,,,,,,,,,,,,,,,,,,,,,,,,,,,,,,,,,,,,,,,,,,,,,,4019,笠原 亮,84期,静岡,静岡,46,A1,,0,0,0.17,6.98,54.2,67.6,7.95,67.5,82.5,0,12,38.1,59.3,0,33,34.2,53.5,2,,,,,,12,3,3,0.15,3,5,4,4,0.11,1,12,1,1,0.1,1,,,,,,,,,,,,,,,,,,,,,,,,,,,,,,,,,,,,,,,,,,,,,,,,,,,4195,前川 守嗣,91期,福岡,沖縄,44,B1,,0,0,0.16,5.19,32.8,50.6,5.33,33.3,55.5,0,43,26.1,47.6,0,45,44.3,60.1,1,4,3,3,0.05,2,10,1,1,0.11,5,4,5,5,0.11,6,,,,,,,,,,,,,,,,,,,,,,,,,,,,,,,,,,,,,,,,,,,,,,,,,,,,,,,
202609070109,2026-09-07,01,09R,4232,笠 雅雄,92期,福岡,福岡,43,B1,,0,0,0.17,5.91,39.1,58.7,3.38,17.6,26.4,0,42,25.3,37.9,0,68,32.6,48.3,4,1,4,4,0.15,2,11,6,6,0.13,6,2,3,3,0.09,1,,,,,,,,,,,,,,,,,,,,,,,,,,,,,,,,,,,,,,,,,,,,,,,,,,,,,,,,3686,鳥居塚 孝博,73期,群馬,群馬,51,A2,,1,0,0.15,6.21,37.8,62.2,6.39,39.6,71.7,0,47,29.6,44.9,0,59,37.6,55.3,3,3,5,5,0.17,5,10,3,3,0.12,4,,,,,,7,1,1,0.15,2,,,,,,,,,,,,,,,,,,,,,,,,,,,,,,,,,,,,,,,,,,,,,,,,,,,4025,山本 隆幸,85期,兵庫,兵庫,48,A1,,0,0,0.18,6.44,46.3,63.4,6.92,53.0,71.4,0,41,32.2,45.5,0,27,43.1,59.7,1,,,,,,12,5,5,0.16,6,6,1,1,0.17,2,11,2,2,0.07,2,,,,,,,,,,,,,,,,,,,,,,,,,,,,,,,,,,,,,,,,,,,,,,,,,,,5012,加倉 侑征,121期,福岡,福岡,29,B1,,0,0,0.14,4.52,23.2,41.1,4.48,24.2,39.3,0,60,44.0,57.1,0,15,41.0,58.9,2,3,6,6,0.17,3,,,,,,5,2,2,0.13,3,11,3,3,0.1,3,,,,,,,,,,,,,,,,,,,,,,,,,,,,,,,,,,,,,,,,,,,,,,,,,,,4033,伊藤 将吉,85期,静岡,静岡,47,A2,,0,0,0.15,5.82,42.5,56.4,6.71,58.8,61.7,0,38,37.4,56.1,0,30,33.1,50.5,,,,,,,8,1,1,0.06,1,3,3,3,0.16,5,9,5,4,0.05,5,,,,,,,,,,,,,,,,,,,,,,,,,,,,,,,,,,,,,,,,,,,,,,,,,,,3681,山谷 央,73期,東京,東京,53,B1,,1,0,0.15,4.82,28.7,42.4,4.68,15.7,47.3,0,37,32.2,50.7,0,69,34.6,48.8,5,4,4,4,0.09,1,,,,,,3,1,1,0.28,1,12,5,5,0.09,4,,,,,,,,,,,,,,,,,,,,,,,,,,,,,,,,,,,,,,,,,,,,,,,,,,
202609070110,2026-09-07,01,10R,5228,若林 樹蘭,129期,東京,山梨,23,A2,,1,0,0.17,5.72,35.5,54.4,5.67,33.3,50.0,0,65,37.4,52.9,0,70,30.4,48.3,,2,6,6,0.08,2,11,3,3,0.13,3,1,2,2,0.27,1,10,5,5,0.13,5,,,,,,,,,,,,,,,,,,,,,,,,,,,,,,,,,,,,,,,,,,,,,,,,,,,3946,赤岩 善生,82期,愛知,愛知,50,A1,,1,0,0.15,7.19,54.4,69.9,6.97,62.0,75.8,0,51,32.5,43.5,0,74,34.8,56.0,4,7,2,3,0.18,2,12,1,1,0.11,1,,,,,,9,2,6,0.15,1,,,,,,,,,,,,,,,,,,,,,,,,,,,,,,,,,,,,,,,,,,,,,,,,,,,4040,廣瀬 将亨,85期,兵庫,兵庫,47,A2,,0,0,0.15,5.83,39.4,54.1,5.57,40.8,51.0,0,21,32.4,49.1,0,19,34.9,47.5,,7,1,1,0.22,1,11,4,4,0.12,2,4,2,2,0.06,1,12,6,6,0.04,5,,,,,,,,,,,,,,,,,,,,,,,,,,,,,,,,,,,,,,,,,,,,,,,,,,,3852,澤 大介,79期,三重,三重,54,B1,,0,0,0.21,4.79,25.0,42.7,4.38,31.2,31.2,0,69,34.5,52.9,0,62,32.5,47.1,3,2,1,1,0.06,1,7,3,5,0.19,5,,,,,,11,6,6,0.2,4,,,,,,,,,,,,,,,,,,,,,,,,,,,,,,,,,,,,,,,,,,,,,,,,,,,4943,八木 治樹,119期,愛知,愛知,35,B1,,0,0,0.15,4.48,23.2,38.3,5.31,24.1,55.1,0,17,33.9,51.4,0,39,32.8,48.9,2,4,2,2,0.06,3,8,3,3,0.05,3,,,,,,10,6,6,0.16,6,,,,,,,,,,,,,,,,,,,,,,,,,,,,,,,,,,,,,,,,,,,,,,,,,,,4531,武富 智亮,103期,佐賀,佐賀,37,A2,,0,0,0.16,6.31,42.9,68.6,0.0,0.0,0.0,0,22,25.2,36.5,0,37,33.3,50.2,,5,3,3,0.08,3,10,5,5,0.13,2,1,4,4,0.32,2,11,1,1,0.08,5,,,,,,,,,,,,,,,,,,,,,,,,,,,,,,,,,,,,,,,,,,,,,,,,,,
202609070111,2026-09-07,01,11R,4028,田村 隆信,85期,徳島,徳島,48,A1,,0,0,0.15,5.54,34.7,50.5,0.0,0.0,0.0,0,13,29.0,48.2,0,17,36.4,56.0,,5,2,2,0.07,2,12,6,6,0.18,5,4,4,4,0.14,4,10,3,3,0.16,2,,,,,,,,,,,,,,,,,,,,,,,,,,,,,,,,,,,,,,,,,,,,,,,,,,,3874,山本 寛久,79期,岡山,岡山,50,A2,,0,0,0.17,7.11,50.9,75.9,6.3,40.0,70.0,0,62,41.5,59.4,0,35,36.4,55.4,2,3,4,4,0.16,1,11,1,1,0.16,1,,,,,,9,4,3,0.17,4,,,,,,,,,,,,,,,,,,,,,,,,,,,,,,,,,,,,,,,,,,,,,,,,,,,4342,谷野 錬志,96期,静岡,静岡,41,A2,,0,0,0.15,6.39,37.5,60.2,7.0,57.8,68.4,0,67,36.0,57.4,0,29,32.4,47.2,,1,6,6,0.23,1,9,2,2,0.16,1,2,5,5,0.09,2,11,4,4,0.09,1,,,,,,,,,,,,,,,,,,,,,,,,,,,,,,,,,,,,,,,,,,,,,,,,,,,4118,宇佐見 淳,88期,愛知,愛知,45,A2,,0,0,0.15,5.87,39.2,63.3,6.38,51.7,62.0,0,27,50.3,67.9,0,47,31.1,47.8,5,,,,,,10,2,2,0.14,1,8,1,1,0.13,3,12,3,3,0.12,2,,,,,,,,,,,,,,,,,,,,,,,,,,,,,,,,,,,,,,,,,,,,,,,,,,,3277,齋藤 勇,59期,東京,東京,60,B1,,0,0,0.18,4.56,22.2,38.2,4.32,12.0,40.0,0,52,26.3,37.5,0,31,38.0,60.2,7,1,2,3,0.23,3,8,2,2,0.11,2,4,1,1,0.07,2,,,,,,,,,,,,,,,,,,,,,,,,,,,,,,,,,,,,,,,,,,,,,,,,,,,,,,,,5048,眞鳥 康太,123期,長崎,長崎,32,B1,,0,0,0.21,4.54,28.5,44.2,2.27,0.0,0.0,0,74,38.5,59.3,0,55,30.6,45.0,3,3,2,2,0.2,4,7,6,4,0.17,4,5,1,1,0.12,4,,,,,,,,,,,,,,,,,,,,,,,,,,,,,,,,,,,,,,,,,,,,,,,,,,,,,,,
202609070112,2026-09-07,01,12R,4044,湯川 浩司,85期,大阪,大阪,46,A1,,0,0,0.14,6.17,32.9,54.8,6.77,45.7,54.2,0,29,27.4,45.8,0,60,38.1,52.9,5,8,4,5,0.09,4,12,2,2,0.14,2,,,,,,7,3,3,0.18,4,,,,,,,,,,,,,,,,,,,,,,,,,,,,,,,,,,,,,,,,,,,,,,,,,,,3743,林 美憲,75期,徳島,徳島,51,A1,,0,0,0.15,5.41,40.0,51.6,6.33,11.1,55.5,0,70,33.1,46.5,0,40,30.6,46.0,3,6,1,1,0.26,2,12,4,4,0.15,4,,,,,,8,4,5,0.13,2,,,,,,,,,,,,,,,,,,,,,,,,,,,,,,,,,,,,,,,,,,,,,,,,,,,4513,河野 真也,102期,福岡,宮崎,37,A2,,0,0,0.2,6.0,42.9,63.5,5.96,46.1,61.5,0,36,27.1,42.1,0,20,30.7,45.7,4,2,5,5,0.06,3,9,4,4,0.2,3,,,,,,9,3,2,0.15,2,,,,,,,,,,,,,,,,,,,,,,,,,,,,,,,,,,,,,,,,,,,,,,,,,,,3319,山崎 義明,61期,埼玉,埼玉,59,A2,,0,0,0.16,5.73,38.6,62.2,5.21,35.9,46.1,0,24,36.6,61.8,0,57,41.0,53.7,7,4,5,5,0.1,5,9,3,3,0.21,4,,,,,,10,2,2,0.17,1,,,,,,,,,,,,,,,,,,,,,,,,,,,,,,,,,,,,,,,,,,,,,,,,,,,4992,廣瀬 篤哉,120期,滋賀,京都,28,B1,,0,0,0.16,4.8,31.5,39.4,2.56,0.0,11.1,0,53,35.9,53.0,0,73,38.0,53.4,6,3,3,3,0.19,2,8,6,6,0.13,6,,,,,,10,1,1,0.16,4,,,,,,,,,,,,,,,,,,,,,,,,,,,,,,,,,,,,,,,,,,,,,,,,,,,4440,萩原 知哉,100期,東京,茨城,40,B1,,0,0,0.17,4.6,28.5,39.2,4.34,20.4,40.9,0,49,34.3,48.2,0,36,33.6,52.4,8,5,4,4,0.05,5,9,5,5,0.19,2,6,3,3,0.12,1,,,,,,,,,,,,,,,,,,,,,,,,,,,,,,,,,,,,,,,,,,,,,,,,,,,,,,,
202609070301,2026-09-07,03,01R,3303,渡辺 豊,60期,東京,神奈川,58,B1,,0,0,0.2,4.35,18.6,34.5,6.13,42.1,65.0,0,11,19.6,32.7,0,37,29.8,49.1,,4,4,4,0.28,4,,,,,,4,3,3,0.24,2,11,5,5,0.32,6,,,,,,,,,,,,,,,,,,,,,,,,,,,,,,,,,,,,,,,,,,,,,,,,,,,5120,山本 稔太朗,125期,愛知,愛知,25,B1,,1,0,0.16,4.63,26.6,41.6,5.0,47.0,52.9,0,33,31.7,46.0,0,25,30.3,50.0,11,2,4,4,0.14,3,11,3,3,0.19,5,,,,,,7,1,1,0.2,2,,,,,,,,,,,,,,,,,,,,,,,,,,,,,,,,,,,,,,,,,,,,,,,,,,,4257,古川 健,93期,広島,広島,42,B1,,0,0,0.16,5.22,34.6,52.5,5.0,34.0,44.6,0,34,50.0,69.3,0,65,24.5,36.8,9,5,4,4,0.05,4,10,2,2,0.26,5,4,1,1,0.15,1,,,,,,,,,,,,,,,,,,,,,,,,,,,,,,,,,,,,,,,,,,,,,,,,,,,,,,,,5315,浅井 翼,133期,埼玉,北海道,25,B2,,0,0,0.21,2.65,13.0,17.3,2.62,11.1,17.2,0,60,27.5,51.7,0,23,19.3,43.8,7,4,1,1,0.13,3,8,3,3,0.04,4,5,6,6,0.3,6,,,,,,,,,,,,,,,,,,,,,,,,,,,,,,,,,,,,,,,,,,,,,,,,,,,,,,,,3839,川合 理司,78期,静岡,静岡,51,B1,賞除,1,0,0.19,2.98,9.6,20.4,4.89,27.7,52.7,0,27,36.8,54.3,0,46,35.7,42.8,6,5,1,1,0.01,F,,,,,,3,5,5,0.26,6,7,6,6,0.32,5,,,,,,,,,,,,,,,,,,,,,,,,,,,,,,,,,,,,,,,,,,,,,,,,,,,4623,中北 将史,107期,三重,三重,41,B1,,0,0,0.16,5.01,34.6,44.5,4.31,21.8,37.5,0,52,40.3,53.2,0,48,27.8,42.6,10,1,3,3,0.18,1,7,4,4,0.22,2,6,1,1,0.21,エ,,,,,,,,,,,,,,,,,,,,,,,,,,,,,,,,,,,,,,,,,,,,,,,,,,,,,,,
202609070302,2026-09-07,03,02R,3859,多羅尾 達之,79期,東京,神奈川,53,B1,,0,0,0.15,3.99,20.7,35.3,0.0,0.0,0.0,0,61,29.6,50.0,0,43,36.8,52.6,7,2,5,5,0.08,6,9,3,3,0.12,2,5,4,4,0.25,5,,,,,,,,,,,,,,,,,,,,,,,,,,,,,,,,,,,,,,,,,,,,,,,,,,,,,,,,4661,中島 昂章,108期,佐賀,佐賀,34,A2,,0,0,0.18,5.54,36.0,58.2,6.29,28.5,71.4,0,50,15.5,34.4,0,22,26.1,40.0,9,5,3,3,0.04,1,11,6,6,0.28,2,5,1,1,0.11,2,,,,,,,,,,,,,,,,,,,,,,,,,,,,,,,,,,,,,,,,,,,,,,,,,,,,,,,,4179,広次 修,90期,山口,山口,43,A2,,0,0,0.15,5.23,27.7,56.4,5.48,43.4,56.5,0,47,23.2,33.9,0,24,32.8,48.4,10,3,4,4,0.14,4,9,5,5,0.21,4,,,,,,8,2,2,0.16,5,,,,,,,,,,,,,,,,,,,,,,,,,,,,,,,,,,,,,,,,,,,,,,,,,,,4173,岡谷 健吾,90期,広島,広島,43,B1,,0,0,0.17,5.39,33.6,51.0,0.0,0.0,0.0,0,51,27.6,36.9,0,70,25.4,34.9,6,6,6,6,0.32,6,11,2,2,0.18,6,,,,,,8,3,3,0.16,6,,,,,,,,,,,,,,,,,,,,,,,,,,,,,,,,,,,,,,,,,,,,,,,,,,,4004,山本 浩輔,84期,長崎,長崎,48,B1,,0,0,0.18,4.89,28.0,44.0,6.29,57.1,57.1,0,35,31.7,50.7,0,17,37.1,46.7,11,3,1,1,0.12,1,10,4,4,0.15,1,3,2,2,0.26,5,,,,,,,,,,,,,,,,,,,,,,,,,,,,,,,,,,,,,,,,,,,,,,,,,,,,,,,,4583,古田 祐貴,105期,香川,香川,37,B1,賞除,1,0,0.15,5.56,36.4,55.2,6.04,40.2,61.0,0,43,36.2,56.9,0,56,40.3,62.9,8,1,4,4,0.21,3,8,2,2,0.01,F,6,6,6,0.23,3,,,,,,,,,,,,,,,,,,,,,,,,,,,,,,,,,,,,,,,,,,,,,,,,,,,,,,,
202609070303,2026-09-07,03,03R,4258,関根 彰人,93期,埼玉,埼玉,42,B1,,0,0,0.18,4.85,32.9,48.2,5.72,39.4,61.9,0,29,19.6,40.9,0,38,26.3,38.6,10,1,2,2,0.18,5,9,6,6,0.27,5,4,5,5,0.24,6,,,,,,,,,,,,,,,,,,,,,,,,,,,,,,,,,,,,,,,,,,,,,,,,,,,,,,,,5071,野見山 拓己,124期,福岡,福岡,32,B1,,1,0,0.13,4.33,20.2,42.0,4.68,26.3,31.5,0,32,39.3,60.6,0,10,44.2,60.6,7,2,3,3,0.17,5,7,6,6,0.16,6,1,5,5,0.18,1,,,,,,,,,,,,,,,,,,,,,,,,,,,,,,,,,,,,,,,,,,,,,,,,,,,,,,,,4888,金児 隆太,117期,群馬,長野,38,B1,,0,0,0.19,6.01,44.8,58.9,5.81,31.2,62.5,0,17,31.7,50.7,0,71,35.9,60.9,,2,1,1,0.14,1,,,,,,3,6,6,0.14,2,11,4,4,0.28,4,,,,,,,,,,,,,,,,,,,,,,,,,,,,,,,,,,,,,,,,,,,,,,,,,,,3944,山口 裕二,81期,長崎,佐賀,47,A1,,1,0,0.17,6.03,40.0,62.8,5.89,44.4,66.6,0,58,22.0,44.0,0,19,36.0,57.3,11,4,3,3,0.19,2,11,1,1,0.18,1,,,,,,11,6,6,0.39,5,,,,,,,,,,,,,,,,,,,,,,,,,,,,,,,,,,,,,,,,,,,,,,,,,,,4604,岩瀬 裕亮,106期,愛知,愛知,38,A1,,0,0,0.14,7.37,53.3,67.5,7.06,37.1,74.2,0,13,40.9,65.5,0,60,35.9,45.3,,,,,,,12,3,3,0.05,1,5,2,2,0.15,1,10,1,1,0.12,1,,,,,,,,,,,,,,,,,,,,,,,,,,,,,,,,,,,,,,,,,,,,,,,,,,,5098,大江 純,125期,愛知,愛知,30,B1,,1,0,0.15,5.09,33.7,53.2,3.5,12.5,25.0,0,24,31.7,50.7,0,14,27.5,37.9,12,3,5,5,0.12,2,,,,,,6,2,2,0.25,4,10,3,3,0.13,3,,,,,,,,,,,,,,,,,,,,,,,,,,,,,,,,,,,,,,,,,,,,,,,,,,
202609070304,2026-09-07,03,04R,5138,村本 大成,126期,福岡,福岡,26,B1,,0,0,0.19,3.73,12.7,34.9,4.0,7.6,38.4,0,37,41.3,60.3,0,63,37.5,51.5,12,3,3,3,0.18,6,8,6,6,0.19,1,,,,,,9,2,2,0.13,3,,,,,,,,,,,,,,,,,,,,,,,,,,,,,,,,,,,,,,,,,,,,,,,,,,,3857,阿波 勝哉,79期,東京,東京,53,B1,,0,0,0.21,4.8,27.3,45.2,4.43,28.5,28.5,0,30,52.4,73.7,0,61,43.1,67.2,8,3,6,6,0.13,5,11,4,4,0.22,4,3,1,1,0.21,4,,,,,,,,,,,,,,,,,,,,,,,,,,,,,,,,,,,,,,,,,,,,,,,,,,,,,,,,5378,鈴木 結平太,135期,静岡,愛知,22,B2,,1,0,0.21,1.67,0.0,3.5,1.43,0.0,0.0,0,68,37.7,50.8,0,33,28.5,46.0,,1,6,6,0.36,6,,,,,,1,4,4,0.25,6,8,1,1,0.16,1,,,,,,,,,,,,,,,,,,,,,,,,,,,,,,,,,,,,,,,,,,,,,,,,,,,3850,小川 知行,79期,群馬,群馬,54,B1,,0,0,0.14,4.3,22.9,35.4,4.53,23.2,42.4,0,62,47.4,67.8,0,16,46.0,60.3,11,1,5,5,0.15,4,6,2,2,0.13,1,5,3,3,0.16,3,,,,,,,,,,,,,,,,,,,,,,,,,,,,,,,,,,,,,,,,,,,,,,,,,,,,,,,,4427,秦 英悟,100期,大阪,大阪,40,A1,,0,0,0.14,7.27,59.2,73.4,7.33,60.0,73.3,0,40,16.1,32.2,0,21,30.1,49.2,9,3,2,2,0.16,3,12,6,6,0.13,4,,,,,,11,1,1,0.1,2,,,,,,,,,,,,,,,,,,,,,,,,,,,,,,,,,,,,,,,,,,,,,,,,,,,3685,荒井 輝年,73期,岡山,岡山,52,A2,賞除,2,0,0.15,6.28,47.4,62.8,5.82,43.6,56.3,0,66,25.8,43.5,0,69,21.8,50.0,,,,,,,8,1,1,0.03,F,2,6,6,0.39,6,8,5,5,0.23,4,,,,,,,,,,,,,,,,,,,,,,,,,,,,,,,,,,,,,,,,,,,,,,,,,,
202609070305,2026-09-07,03,05R,5053,山口 広樹,123期,福岡,福岡,30,B1,,1,0,0.17,3.8,19.7,33.3,5.03,33.3,50.0,0,10,38.7,51.6,0,26,38.3,58.3,,6,4,4,0.16,5,,,,,,1,2,2,0.19,5,9,5,5,0.11,5,,,,,,,,,,,,,,,,,,,,,,,,,,,,,,,,,,,,,,,,,,,,,,,,,,,3655,本橋 克洋,72期,群馬,群馬,52,B1,,1,0,0.17,4.78,22.7,46.5,6.35,44.1,76.4,0,23,37.7,52.4,0,64,46.5,63.7,,,,,,,7,3,3,0.34,4,4,6,6,0.24,5,10,5,5,0.25,6,,,,,,,,,,,,,,,,,,,,,,,,,,,,,,,,,,,,,,,,,,,,,,,,,,,4880,澤崎 雄哉,116期,東京,東京,31,B1,,0,0,0.17,5.39,34.0,56.8,5.5,34.2,53.9,0,59,35.9,48.4,0,40,38.1,55.5,9,1,1,1,0.17,2,10,5,5,0.2,2,,,,,,8,4,4,0.12,3,,,,,,,,,,,,,,,,,,,,,,,,,,,,,,,,,,,,,,,,,,,,,,,,,,,4189,川上 剛,91期,福岡,福岡,45,A1,,1,0,0.16,5.63,32.4,52.2,5.88,37.5,50.0,0,28,38.6,64.9,0,11,17.2,37.9,12,,,,,,9,1,1,0.11,1,3,3,3,0.21,1,10,6,6,0.29,4,,,,,,,,,,,,,,,,,,,,,,,,,,,,,,,,,,,,,,,,,,,,,,,,,,,5427,港 理樹,137期,東京,東京,24,B1,,0,0,0.22,3.05,6.0,20.4,3.06,5.5,22.2,0,16,37.1,56.4,0,47,36.9,50.7,,5,6,6,0.1,5,,,,,,1,6,6,0.22,3,7,4,4,0.28,4,,,,,,,,,,,,,,,,,,,,,,,,,,,,,,,,,,,,,,,,,,,,,,,,,,,4418,茅原 悠紀,99期,岡山,岡山,39,A1,,0,0,0.13,7.49,50.9,69.0,7.63,56.2,68.7,0,48,22.4,34.4,0,15,24.1,41.3,10,5,5,5,0.07,2,12,4,4,0.09,6,,,,,,12,1,1,0.15,2,,,,,,,,,,,,,,,,,,,,,,,,,,,,,,,,,,,,,,,,,,,,,,,,,,
202609070306,2026-09-07,03,06R,4407,鹿島 敏弘,99期,群馬,青森,40,B1,,0,0,0.18,4.66,24.5,44.1,5.31,34.4,54.4,0,45,30.6,51.6,0,29,44.0,66.1,10,4,6,6,0.25,6,9,2,2,0.13,3,1,3,3,0.18,4,,,,,,,,,,,,,,,,,,,,,,,,,,,,,,,,,,,,,,,,,,,,,,,,,,,,,,,,4438,森作 雄大,100期,東京,茨城,40,B1,,0,0,0.13,5.26,38.7,45.9,5.34,36.0,49.1,0,67,22.9,39.3,0,57,25.4,45.7,,,,,,,8,4,4,0.09,3,5,5,5,0.23,4,12,3,3,0.08,1,,,,,,,,,,,,,,,,,,,,,,,,,,,,,,,,,,,,,,,,,,,,,,,,,,,3256,三角 哲男,58期,東京,千葉,59,A1,,0,0,0.15,6.56,50.9,69.0,6.46,48.0,70.0,0,56,45.1,66.1,0,68,23.3,33.3,11,6,5,5,0.18,3,12,1,1,0.19,5,,,,,,9,6,6,0.07,1,,,,,,,,,,,,,,,,,,,,,,,,,,,,,,,,,,,,,,,,,,,,,,,,,,,4000,松本 博昭,84期,広島,広島,49,A2,,0,0,0.17,5.99,40.7,62.3,5.34,31.5,44.7,0,38,28.5,41.0,0,49,40.3,52.6,12,2,2,2,0.14,2,8,5,5,0.17,2,6,3,3,0.24,1,,,,,,,,,,,,,,,,,,,,,,,,,,,,,,,,,,,,,,,,,,,,,,,,,,,,,,,,4173,岡谷 健吾,90期,広島,広島,43,B1,,0,0,0.17,5.39,33.6,51.0,0.0,0.0,0.0,0,51,27.6,36.9,0,70,25.4,34.9,2,6,6,6,0.32,6,11,2,2,0.18,6,,,,,,8,3,3,0.16,6,,,,,,,,,,,,,,,,,,,,,,,,,,,,,,,,,,,,,,,,,,,,,,,,,,,3839,川合 理司,78期,静岡,静岡,51,B1,賞除,1,0,0.19,2.98,9.6,20.4,4.89,27.7,52.7,0,27,36.8,54.3,0,46,35.7,42.8,1,5,1,1,0.01,F,,,,,,3,5,5,0.26,6,7,6,6,0.32,5,,,,,,,,,,,,,,,,,,,,,,,,,,,,,,,,,,,,,,,,,,,,,,,,,,
202609070307,2026-09-07,03,07R,5071,野見山 拓己,124期,福岡,福岡,32,B1,,1,0,0.13,4.33,20.2,42.0,4.68,26.3,31.5,0,32,39.3,60.6,0,10,44.2,60.6,3,2,3,3,0.17,5,7,6,6,0.16,6,1,5,5,0.18,1,,,,,,,,,,,,,,,,,,,,,,,,,,,,,,,,,,,,,,,,,,,,,,,,,,,,,,,,3859,多羅尾 達之,79期,東京,神奈川,53,B1,,0,0,0.15,3.99,20.7,35.3,0.0,0.0,0.0,0,61,29.6,50.0,0,43,36.8,52.6,2,2,5,5,0.08,6,9,3,3,0.12,2,5,4,4,0.25,5,,,,,,,,,,,,,,,,,,,,,,,,,,,,,,,,,,,,,,,,,,,,,,,,,,,,,,,,5087,佐藤 航,124期,埼玉,埼玉,26,A1,,1,0,0.15,6.34,51.3,66.0,5.82,35.2,58.8,0,15,27.8,44.2,0,59,26.5,46.8,,,,,,,10,1,1,0.27,3,6,5,5,0.21,2,12,2,2,0.14,転,,,,,,,,,,,,,,,,,,,,,,,,,,,,,,,,,,,,,,,,,,,,,,,,,,,4471,新田 泰章,101期,広島,広島,39,A1,,0,0,0.15,6.36,47.2,62.9,6.82,51.5,78.7,0,49,36.0,57.3,0,67,33.3,51.5,12,7,2,2,0.32,5,12,5,5,0.09,2,,,,,,8,6,6,0.14,2,,,,,,,,,,,,,,,,,,,,,,,,,,,,,,,,,,,,,,,,,,,,,,,,,,,5315,浅井 翼,133期,埼玉,北海道,25,B2,,0,0,0.21,2.65,13.0,17.3,2.62,11.1,17.2,0,60,27.5,51.7,0,23,19.3,43.8,1,4,1,1,0.13,3,8,3,3,0.04,4,5,6,6,0.3,6,,,,,,,,,,,,,,,,,,,,,,,,,,,,,,,,,,,,,,,,,,,,,,,,,,,,,,,,4896,花本 剛,117期,山口,山口,34,B1,,1,0,0.18,4.15,23.5,38.2,3.69,9.3,31.2,0,12,38.7,54.8,0,50,26.2,40.9,,5,2,2,0.04,3,,,,,,2,1,1,0.38,1,9,4,4,0.34,6,,,,,,,,,,,,,,,,,,,,,,,,,,,,,,,,,,,,,,,,,,,,,,,,,,
202609070308,2026-09-07,03,08R,3956,横澤 剛治,82期,静岡,静岡,49,A2,,0,0,0.17,5.88,38.8,54.3,6.67,38.8,61.1,0,63,30.1,41.2,0,53,49.2,65.0,,6,3,3,0.18,4,,,,,,4,2,2,0.2,4,12,4,4,0.11,3,,,,,,,,,,,,,,,,,,,,,,,,,,,,,,,,,,,,,,,,,,,,,,,,,,,3664,鈴木 賢一,73期,埼玉,埼玉,56,B1,,0,0,0.17,4.5,29.4,41.1,0.0,0.0,0.0,0,65,43.3,53.3,0,12,31.6,50.0,,2,6,6,0.11,4,,,,,,2,3,3,0.36,4,12,5,5,0.18,4,,,,,,,,,,,,,,,,,,,,,,,,,,,,,,,,,,,,,,,,,,,,,,,,,,,3857,阿波 勝哉,79期,東京,東京,53,B1,,0,0,0.21,4.8,27.3,45.2,4.43,28.5,28.5,0,30,52.4,73.7,0,61,43.1,67.2,4,3,6,6,0.13,5,11,4,4,0.22,4,3,1,1,0.21,4,,,,,,,,,,,,,,,,,,,,,,,,,,,,,,,,,,,,,,,,,,,,,,,,,,,,,,,,4598,加藤 政彦,106期,東京,東京,42,B1,,0,0,0.16,6.09,47.6,59.8,6.39,48.0,64.4,0,71,43.5,66.1,0,39,45.9,59.0,,,,,,,7,1,1,0.29,1,2,2,2,0.35,5,11,3,3,0.09,1,,,,,,,,,,,,,,,,,,,,,,,,,,,,,,,,,,,,,,,,,,,,,,,,,,,4583,古田 祐貴,105期,香川,香川,37,B1,賞除,1,0,0.15,5.56,36.4,55.2,6.04,40.2,61.0,0,43,36.2,56.9,0,56,40.3,62.9,2,1,4,4,0.21,3,8,2,2,0.01,F,6,6,6,0.23,3,,,,,,,,,,,,,,,,,,,,,,,,,,,,,,,,,,,,,,,,,,,,,,,,,,,,,,,,4452,松尾 祭,100期,香川,愛媛,38,A2,,0,0,0.17,5.17,33.9,45.8,6.43,46.9,67.3,0,69,40.6,49.1,0,62,30.0,48.3,,,,,,,11,5,5,0.2,3,4,4,4,0.23,3,9,1,1,0.17,2,,,,,,,,,,,,,,,,,,,,,,,,,,,,,,,,,,,,,,,,,,,,,,,,,,
202609070309,2026-09-07,03,09R,4640,山ノ内 雅人,107期,福岡,福岡,35,A2,,1,0,0.14,5.84,37.1,61.1,7.0,50.0,66.6,0,22,32.2,40.6,0,35,26.9,42.8,,,,,,,10,3,3,0.3,6,2,5,5,0.38,2,10,2,2,0.16,5,,,,,,,,,,,,,,,,,,,,,,,,,,,,,,,,,,,,,,,,,,,,,,,,,,,4880,澤崎 雄哉,116期,東京,東京,31,B1,,0,0,0.17,5.39,34.0,56.8,5.5,34.2,53.9,0,59,35.9,48.4,0,40,38.1,55.5,5,1,1,1,0.17,2,10,5,5,0.2,2,,,,,,8,4,4,0.12,3,,,,,,,,,,,,,,,,,,,,,,,,,,,,,,,,,,,,,,,,,,,,,,,,,,,5279,石渡 翔一郎,131期,東京,千葉,23,B1,,0,0,0.16,5.89,40.0,63.0,5.59,39.4,57.2,0,18,30.1,47.6,0,52,32.7,46.5,,4,2,2,0.14,1,,,,,,1,1,1,0.26,2,10,4,4,0.18,2,,,,,,,,,,,,,,,,,,,,,,,,,,,,,,,,,,,,,,,,,,,,,,,,,,,4427,秦 英悟,100期,大阪,大阪,40,A1,,0,0,0.14,7.27,59.2,73.4,7.33,60.0,73.3,0,40,16.1,32.2,0,21,30.1,49.2,4,3,2,2,0.16,3,12,6,6,0.13,4,,,,,,11,1,1,0.1,2,,,,,,,,,,,,,,,,,,,,,,,,,,,,,,,,,,,,,,,,,,,,,,,,,,,4661,中島 昂章,108期,佐賀,佐賀,34,A2,,0,0,0.18,5.54,36.0,58.2,6.29,28.5,71.4,0,50,15.5,34.4,0,22,26.1,40.0,2,5,3,3,0.04,1,11,6,6,0.28,2,5,1,1,0.11,2,,,,,,,,,,,,,,,,,,,,,,,,,,,,,,,,,,,,,,,,,,,,,,,,,,,,,,,,4257,古川 健,93期,広島,広島,42,B1,,0,0,0.16,5.22,34.6,52.5,5.0,34.0,44.6,0,34,50.0,69.3,0,65,24.5,36.8,1,5,4,4,0.05,4,10,2,2,0.26,5,4,1,1,0.15,1,,,,,,,,,,,,,,,,,,,,,,,,,,,,,,,,,,,,,,,,,,,,,,,,,,,,,,,
202609070310,2026-09-07,03,10R,3931,黒崎 竜也,81期,三重,三重,50,A2,,0,0,0.15,6.27,42.0,62.0,4.53,29.4,47.0,0,20,40.3,54.3,0,66,29.3,51.7,,,,,,,10,6,6,0.24,4,7,3,3,0.26,3,11,2,2,0.08,3,,,,,,,,,,,,,,,,,,,,,,,,,,,,,,,,,,,,,,,,,,,,,,,,,,,4418,茅原 悠紀,99期,岡山,岡山,39,A1,,0,0,0.13,7.49,50.9,69.0,7.63,56.2,68.7,0,48,22.4,34.4,0,15,24.1,41.3,5,5,5,5,0.07,2,12,4,4,0.09,6,,,,,,12,1,1,0.15,2,,,,,,,,,,,,,,,,,,,,,,,,,,,,,,,,,,,,,,,,,,,,,,,,,,,4258,関根 彰人,93期,埼玉,埼玉,42,B1,,0,0,0.18,4.85,32.9,48.2,5.72,39.4,61.9,0,29,19.6,40.9,0,38,26.3,38.6,3,1,2,2,0.18,5,9,6,6,0.27,5,4,5,5,0.24,6,,,,,,,,,,,,,,,,,,,,,,,,,,,,,,,,,,,,,,,,,,,,,,,,,,,,,,,,4407,鹿島 敏弘,99期,群馬,青森,40,B1,,0,0,0.18,4.66,24.5,44.1,5.31,34.4,54.4,0,45,30.6,51.6,0,29,44.0,66.1,6,4,6,6,0.25,6,9,2,2,0.13,3,1,3,3,0.18,4,,,,,,,,,,,,,,,,,,,,,,,,,,,,,,,,,,,,,,,,,,,,,,,,,,,,,,,,4623,中北 将史,107期,三重,三重,41,B1,,0,0,0.16,5.01,34.6,44.5,4.31,21.8,37.5,0,52,40.3,53.2,0,48,27.8,42.6,1,1,3,3,0.18,1,7,4,4,0.22,2,6,1,1,0.21,エ,,,,,,,,,,,,,,,,,,,,,,,,,,,,,,,,,,,,,,,,,,,,,,,,,,,,,,,,4179,広次 修,90期,山口,山口,43,A2,,0,0,0.15,5.23,27.7,56.4,5.48,43.4,56.5,0,47,23.2,33.9,0,24,32.8,48.4,2,3,4,4,0.14,4,9,5,5,0.21,4,,,,,,8,2,2,0.16,5,,,,,,,,,,,,,,,,,,,,,,,,,,,,,,,,,,,,,,,,,,,,,,,,,,
202609070311,2026-09-07,03,11R,4142,平野 和明,89期,愛知,愛知,45,A2,,0,0,0.18,5.63,34.6,56.4,5.9,39.0,60.9,0,64,45.1,64.5,0,27,59.6,70.9,,,,,,,7,5,5,0.19,3,3,4,4,0.19,3,9,3,3,0.13,4,,,,,,,,,,,,,,,,,,,,,,,,,,,,,,,,,,,,,,,,,,,,,,,,,,,3944,山口 裕二,81期,長崎,佐賀,47,A1,,1,0,0.17,6.03,40.0,62.8,5.89,44.4,66.6,0,58,22.0,44.0,0,19,36.0,57.3,3,4,3,3,0.19,2,11,1,1,0.18,1,,,,,,11,6,6,0.39,5,,,,,,,,,,,,,,,,,,,,,,,,,,,,,,,,,,,,,,,,,,,,,,,,,,,4004,山本 浩輔,84期,長崎,長崎,48,B1,,0,0,0.18,4.89,28.0,44.0,6.29,57.1,57.1,0,35,31.7,50.7,0,17,37.1,46.7,2,3,1,1,0.12,1,10,4,4,0.15,1,3,2,2,0.26,5,,,,,,,,,,,,,,,,,,,,,,,,,,,,,,,,,,,,,,,,,,,,,,,,,,,,,,,,3256,三角 哲男,58期,東京,千葉,59,A1,,0,0,0.15,6.56,50.9,69.0,6.46,48.0,70.0,0,56,45.1,66.1,0,68,23.3,33.3,6,6,5,5,0.18,3,12,1,1,0.19,5,,,,,,9,6,6,0.07,1,,,,,,,,,,,,,,,,,,,,,,,,,,,,,,,,,,,,,,,,,,,,,,,,,,,5120,山本 稔太朗,125期,愛知,愛知,25,B1,,1,0,0.16,4.63,26.6,41.6,5.0,47.0,52.9,0,33,31.7,46.0,0,25,30.3,50.0,1,2,4,4,0.14,3,11,3,3,0.19,5,,,,,,7,1,1,0.2,2,,,,,,,,,,,,,,,,,,,,,,,,,,,,,,,,,,,,,,,,,,,,,,,,,,,3850,小川 知行,79期,群馬,群馬,54,B1,,0,0,0.14,4.3,22.9,35.4,4.53,23.2,42.4,0,62,47.4,67.8,0,16,46.0,60.3,4,1,5,5,0.15,4,6,2,2,0.13,1,5,3,3,0.16,3,,,,,,,,,,,,,,,,,,,,,,,,,,,,,,,,,,,,,,,,,,,,,,,,,,,,,,,
202609070312,2026-09-07,03,12R,4471,新田 泰章,101期,広島,広島,39,A1,,0,0,0.15,6.36,47.2,62.9,6.82,51.5,78.7,0,49,36.0,57.3,0,67,33.3,51.5,7,7,2,2,0.32,5,12,5,5,0.09,2,,,,,,8,6,6,0.14,2,,,,,,,,,,,,,,,,,,,,,,,,,,,,,,,,,,,,,,,,,,,,,,,,,,,4189,川上 剛,91期,福岡,福岡,45,A1,,1,0,0.16,5.63,32.4,52.2,5.88,37.5,50.0,0,28,38.6,64.9,0,11,17.2,37.9,5,,,,,,9,1,1,0.11,1,3,3,3,0.21,1,10,6,6,0.29,4,,,,,,,,,,,,,,,,,,,,,,,,,,,,,,,,,,,,,,,,,,,,,,,,,,,4981,牧山 敦也,120期,佐賀,佐賀,30,B1,,0,0,0.18,5.22,26.6,55.5,5.2,36.0,52.0,0,14,15.8,34.9,0,13,42.1,57.8,,6,1,1,0.23,2,,,,,,2,4,4,0.35,3,7,2,2,0.25,1,,,,,,,,,,,,,,,,,,,,,,,,,,,,,,,,,,,,,,,,,,,,,,,,,,,5098,大江 純,125期,愛知,愛知,30,B1,,1,0,0.15,5.09,33.7,53.2,3.5,12.5,25.0,0,24,31.7,50.7,0,14,27.5,37.9,3,3,5,5,0.12,2,,,,,,6,2,2,0.25,4,10,3,3,0.13,3,,,,,,,,,,,,,,,,,,,,,,,,,,,,,,,,,,,,,,,,,,,,,,,,,,,5138,村本 大成,126期,福岡,福岡,26,B1,,0,0,0.19,3.73,12.7,34.9,4.0,7.6,38.4,0,37,41.3,60.3,0,63,37.5,51.5,4,3,3,3,0.18,6,8,6,6,0.19,1,,,,,,9,2,2,0.13,3,,,,,,,,,,,,,,,,,,,,,,,,,,,,,,,,,,,,,,,,,,,,,,,,,,,4000,松本 博昭,84期,広島,広島,49,A2,,0,0,0.17,5.99,40.7,62.3,5.34,31.5,44.7,0,38,28.5,41.0,0,49,40.3,52.6,6,2,2,2,0.14,2,8,5,5,0.17,2,6,3,3,0.24,1,,,,,,,,,,,,,,,,,,,,,,,,,,,,,,,,,,,,,,,,,,,,,,,,,,,,,,,
202609070401,2026-09-07,04,01R,4781,西舘 果里,113期,東京,神奈川,39,B2,,1,0,0.18,3.63,22.8,25.7,4.22,22.2,33.3,0,45,24.4,38.7,0,31,23.6,38.1,,2,4,4,0.29,4,7,2,2,0.21,転,6,5,5,0.12,4,,,,,,,,,,,,,,,,,,,,,,,,,,,,,,,,,,,,,,,,,,,,,,,,,,,,,,,,4893,渡邉 真奈美,117期,東京,千葉,35,B1,,0,0,0.16,5.16,34.0,46.5,5.32,36.3,50.0,0,29,44.4,51.8,0,39,29.6,46.3,6,1,1,1,0.11,2,10,5,5,0.04,3,,,,,,10,3,3,0.18,3,,,,,,,,,,,,,,,,,,,,,,,,,,,,,,,,,,,,,,,,,,,,,,,,,,,5357,田中 瀬里奈,134期,埼玉,北海道,21,B2,,0,0,0.19,1.57,0.0,1.4,1.38,0.0,0.0,0,67,18.5,37.0,0,29,32.5,51.1,,3,5,5,0.15,6,8,6,6,0.16,5,,,,,,8,5,4,0.08,6,,,,,,,,,,,,,,,,,,,,,,,,,,,,,,,,,,,,,,,,,,,,,,,,,,,4854,大橋 由珠,115期,東京,茨城,31,B2,,1,0,0.18,3.94,19.1,34.0,4.76,23.5,52.9,0,60,50.0,65.3,0,11,29.6,50.0,9,1,5,5,0.12,4,6,3,3,0.15,3,3,1,1,0.19,2,,,,,,,,,,,,,,,,,,,,,,,,,,,,,,,,,,,,,,,,,,,,,,,,,,,,,,,,4501,樋口 由加里,102期,岡山,岡山,38,B1,,0,0,0.15,5.09,32.6,44.5,5.53,31.5,68.4,0,17,26.6,40.0,0,20,34.5,56.3,11,4,3,3,0.12,2,11,2,2,0.1,1,,,,,,10,1,1,0.16,4,,,,,,,,,,,,,,,,,,,,,,,,,,,,,,,,,,,,,,,,,,,,,,,,,,,4175,川尻 泰輔,90期,埼玉,埼玉,43,A2,,0,0,0.14,5.66,43.7,53.7,4.84,31.8,43.1,0,35,22.6,37.7,0,56,27.0,37.5,10,2,5,5,0.23,2,10,1,1,0.17,6,,,,,,7,2,2,0.06,2,,,,,,,,,,,,,,,,,,,,,,,,,,,,,,,,,,,,,,,,,,,,,,,,,,
202609070402,2026-09-07,04,02R,3551,藤田 美代,69期,福岡,福岡,54,B1,,0,0,0.2,3.85,18.3,26.7,3.8,20.0,20.0,0,40,40.7,57.4,0,27,16.0,32.0,7,,,,,,11,4,4,0.16,5,4,2,2,0.27,2,12,6,6,0.18,3,,,,,,,,,,,,,,,,,,,,,,,,,,,,,,,,,,,,,,,,,,,,,,,,,,,4895,門間 雄大,117期,東京,北海道,35,A2,,1,0,0.15,4.82,22.7,47.7,5.25,23.9,53.5,0,56,17.6,25.4,0,23,38.4,53.8,11,3,6,6,0.12,4,11,3,3,0.27,3,5,1,1,0.26,3,,,,,,,,,,,,,,,,,,,,,,,,,,,,,,,,,,,,,,,,,,,,,,,,,,,,,,,,5277,井上 未都,131期,福岡,福岡,24,B1,,1,0,0.15,4.68,22.7,43.0,5.12,19.2,46.1,0,75,24.0,35.1,0,13,32.5,40.0,12,3,4,4,0.14,3,10,6,6,0.08,2,1,2,2,0.23,4,,,,,,,,,,,,,,,,,,,,,,,,,,,,,,,,,,,,,,,,,,,,,,,,,,,,,,,,5310,土屋 蘭,132期,岡山,岡山,21,B1,,1,0,0.16,4.62,16.9,46.4,2.71,0.0,0.0,0,57,23.9,45.6,0,36,30.4,52.1,,6,5,5,0.09,転,,,,,,4,3,3,0.33,3,9,1,1,0.21,2,,,,,,,,,,,,,,,,,,,,,,,,,,,,,,,,,,,,,,,,,,,,,,,,,,,3993,永井 聖美,83期,東京,愛知,47,B1,,0,0,0.16,5.49,34.5,57.1,5.31,33.8,51.4,0,20,18.3,42.8,0,49,18.0,37.7,9,3,2,2,0.15,2,9,4,4,0.13,1,,,,,,7,1,1,0.07,1,,,,,,,,,,,,,,,,,,,,,,,,,,,,,,,,,,,,,,,,,,,,,,,,,,,5454,谷島 咲希,138期,埼玉,埼玉,20,B2,,0,0,0.0,1.57,1.9,1.9,0.0,0.0,0.0,0,65,32.7,49.1,0,18,35.5,51.1,8,4,6,6,0.18,6,,,,,,6,6,6,0.21,6,,,,,,,,,,,,,,,,,,,,,,,,,,,,,,,,,,,,,,,,,,,,,,,,,,,,,,,
202609070403,2026-09-07,04,03R,5264,登 みひ果,131期,兵庫,兵庫,26,B1,,1,0,0.15,5.13,31.4,46.0,6.0,42.8,57.1,0,72,23.5,41.1,0,28,29.8,57.8,10,5,2,2,0.06,3,11,6,6,0.2,6,3,5,4,0.16,1,,,,,,,,,,,,,,,,,,,,,,,,,,,,,,,,,,,,,,,,,,,,,,,,,,,,,,,,4690,高石 梨菜,109期,東京,東京,32,B2,,0,0,0.0,5.18,31.1,53.3,5.94,39.6,62.2,0,37,37.1,54.8,0,33,32.2,44.0,11,4,1,1,0.11,1,,,,,,4,4,4,0.26,5,11,6,6,0.04,1,,,,,,,,,,,,,,,,,,,,,,,,,,,,,,,,,,,,,,,,,,,,,,,,,,,4882,瀧川 千依,116期,広島,埼玉,30,B2,,0,0,0.24,3.24,14.7,20.5,4.9,20.0,40.0,0,71,28.8,44.0,0,38,50.0,54.1,12,2,1,1,0.1,1,8,4,4,0.16,2,4,5,5,0.26,6,,,,,,,,,,,,,,,,,,,,,,,,,,,,,,,,,,,,,,,,,,,,,,,,,,,,,,,,4289,落合 直子,94期,大阪,大阪,41,A2,,1,0,0.13,5.8,38.2,56.7,4.58,25.0,50.0,0,59,21.2,40.4,0,19,26.9,46.1,9,,,,,,9,2,2,0.19,6,1,5,5,0.15,2,6,3,3,0.11,3,,,,,,,,,,,,,,,,,,,,,,,,,,,,,,,,,,,,,,,,,,,,,,,,,,,4536,喜井 つかさ,103期,岡山,岡山,36,A2,,1,0,0.16,5.81,40.3,57.6,5.91,27.2,72.7,0,53,28.8,51.1,0,45,36.6,50.0,8,,,,,,8,2,2,0.17,1,3,4,3,0.2,4,12,4,4,0.18,4,,,,,,,,,,,,,,,,,,,,,,,,,,,,,,,,,,,,,,,,,,,,,,,,,,,5201,村上 宗太郎,128期,東京,北海道,23,B2,賞除,1,0,0.21,5.35,31.3,54.2,5.68,38.6,56.8,0,33,36.8,52.6,0,53,47.4,62.7,,,,,,,8,5,5,0.15,4,2,2,2,0.1,1,11,4,3,0.04,F,,,,,,,,,,,,,,,,,,,,,,,,,,,,,,,,,,,,,,,,,,,,,,,,,,
202609070404,2026-09-07,04,04R,5003,来田 衣織,121期,兵庫,兵庫,30,B1,,0,0,0.16,4.87,34.0,46.8,4.28,24.0,40.0,0,32,23.2,35.7,0,16,34.0,56.8,12,,,,,,7,5,6,0.13,2,7,3,3,0.08,3,12,5,5,0.15,6,,,,,,,,,,,,,,,,,,,,,,,,,,,,,,,,,,,,,,,,,,,,,,,,,,,5253,藤井 太雅,130期,東京,東京,23,B2,,1,0,0.27,3.36,6.9,20.6,3.73,17.8,27.3,0,69,28.8,51.9,0,24,44.4,59.2,,4,4,4,0.19,3,,,,,,3,6,6,0.18,3,9,5,5,0.23,3,,,,,,,,,,,,,,,,,,,,,,,,,,,,,,,,,,,,,,,,,,,,,,,,,,,5164,森田 梨湖,127期,福岡,福岡,26,B2,,0,0,0.23,2.6,0.0,6.6,2.67,0.0,0.0,0,52,28.5,41.0,0,58,18.8,33.9,11,5,5,5,0.1,5,,,,,,1,4,4,0.19,3,8,1,1,0.17,2,,,,,,,,,,,,,,,,,,,,,,,,,,,,,,,,,,,,,,,,,,,,,,,,,,,4927,関野 文,118期,大阪,大阪,32,A2,,0,0,0.16,6.08,42.4,64.1,5.72,44.8,58.6,0,13,30.3,50.0,0,47,36.7,51.0,10,2,2,2,0.14,5,12,5,5,0.14,5,2,6,6,0.08,5,9,3,3,0.2,1,,,,,,,,,,,,,,,,,,,,,,,,,,,,,,,,,,,,,,,,,,,,,,,,,,,5320,岩崎 麗子,133期,群馬,群馬,25,B1,,0,0,0.18,3.41,14.6,24.0,1.19,0.0,0.0,0,70,17.3,23.0,0,12,25.8,44.8,9,,,,,,7,3,3,0.26,3,1,1,1,0.26,1,11,2,2,0.09,4,,,,,,,,,,,,,,,,,,,,,,,,,,,,,,,,,,,,,,,,,,,,,,,,,,,4874,池田 奈津美,116期,福岡,福岡,32,B1,賞除,1,0,0.15,4.99,27.1,51.8,5.8,60.0,60.0,0,55,23.6,41.8,0,15,19.6,37.2,,,,,,,9,1,1,0.19,5,3,2,5,0.19,5,11,3,4,0.01,F,,,,,,,,,,,,,,,,,,,,,,,,,,,,,,,,,,,,,,,,,,,,,,,,,,
202609070405,2026-09-07,04,05R,4730,土屋 実沙希,111期,静岡,静岡,37,B1,,0,0,0.17,5.38,32.1,50.6,3.89,33.3,33.3,0,16,46.0,50.7,0,52,40.9,59.0,10,5,4,4,0.13,2,10,3,3,0.04,1,,,,,,9,6,6,0.21,4,,,,,,,,,,,,,,,,,,,,,,,,,,,,,,,,,,,,,,,,,,,,,,,,,,,4090,中村 尊,87期,埼玉,埼玉,45,B2,,0,0,0.16,6.07,45.7,58.5,7.08,50.0,91.6,0,48,29.3,43.1,0,54,36.5,52.3,9,1,3,3,0.08,1,9,5,5,0.17,3,4,1,1,0.18,1,,,,,,,,,,,,,,,,,,,,,,,,,,,,,,,,,,,,,,,,,,,,,,,,,,,,,,,,3845,中谷 朋子,78期,兵庫,兵庫,49,A2,,0,0,0.21,6.15,49.2,61.1,4.71,28.5,28.5,0,18,34.6,53.8,0,41,37.0,57.4,11,4,5,5,0.16,4,12,2,2,0.19,4,,,,,,7,4,4,0.18,4,,,,,,,,,,,,,,,,,,,,,,,,,,,,,,,,,,,,,,,,,,,,,,,,,,,4998,中村 かなえ,121期,東京,東京,33,B2,,0,0,0.14,4.71,31.7,42.8,4.83,25.0,41.6,0,15,30.6,48.9,0,17,38.0,52.0,12,5,1,1,0.09,4,,,,,,5,3,3,0.08,1,10,5,5,0.06,2,,,,,,,,,,,,,,,,,,,,,,,,,,,,,,,,,,,,,,,,,,,,,,,,,,,5213,湯淺 紀香,129期,群馬,群馬,27,B1,,0,0,0.2,5.26,36.1,50.4,6.2,40.0,70.0,0,54,20.4,30.6,0,57,52.6,66.6,,4,2,2,0.22,5,9,3,3,0.17,2,5,6,6,0.2,5,,,,,,,,,,,,,,,,,,,,,,,,,,,,,,,,,,,,,,,,,,,,,,,,,,,,,,,,4844,村上 奈穂,115期,広島,島根,33,B1,,0,0,0.18,3.91,17.3,29.3,4.5,25.0,43.7,0,43,42.5,59.2,0,37,23.7,33.9,,3,3,3,0.13,5,,,,,,6,1,1,0.11,5,11,5,5,0.06,3,,,,,,,,,,,,,,,,,,,,,,,,,,,,,,,,,,,,,,,,,,,,,,,,,,
202609070406,2026-09-07,04,06R,4065,金田 幸子,86期,岡山,岡山,46,B1,,0,0,0.17,5.16,35.1,54.0,0.0,0.0,0.0,0,64,30.1,47.1,0,26,35.8,58.4,,2,6,6,0.27,6,,,,,,3,3,2,0.23,6,8,6,5,0.11,4,,,,,,,,,,,,,,,,,,,,,,,,,,,,,,,,,,,,,,,,,,,,,,,,,,,4266,長田 頼宗,93期,東京,神奈川,41,A1,,0,0,0.15,7.24,50.0,67.6,7.13,55.9,67.8,0,23,42.5,66.6,0,21,13.6,31.8,12,7,4,4,0.2,1,12,1,1,0.13,1,,,,,,8,4,6,0.11,1,,,,,,,,,,,,,,,,,,,,,,,,,,,,,,,,,,,,,,,,,,,,,,,,,,,4525,真子 奈津実,103期,福岡,福岡,38,B1,,0,0,0.14,4.69,27.9,39.7,6.09,45.4,72.7,0,28,16.6,38.8,0,40,25.5,38.3,10,6,1,1,0.11,1,,,,,,2,5,5,0.14,4,12,2,2,0.23,5,,,,,,,,,,,,,,,,,,,,,,,,,,,,,,,,,,,,,,,,,,,,,,,,,,,5314,中曽 瑠華,133期,東京,千葉,25,B1,,0,0,0.19,3.11,10.1,18.9,1.91,2.9,5.8,0,34,39.2,62.5,0,44,32.7,44.8,,,,,,,8,3,3,0.16,3,1,6,6,0.15,5,9,2,2,0.19,5,,,,,,,,,,,,,,,,,,,,,,,,,,,,,,,,,,,,,,,,,,,,,,,,,,,5370,日隈 茜,135期,福岡,大分,24,B2,,0,0,0.19,1.27,2.2,2.2,0.0,0.0,0.0,0,49,25.4,47.0,0,50,24.5,49.1,,1,6,6,0.25,6,7,6,5,0.17,4,2,4,4,0.11,6,,,,,,,,,,,,,,,,,,,,,,,,,,,,,,,,,,,,,,,,,,,,,,,,,,,,,,,,4893,渡邉 真奈美,117期,東京,千葉,35,B1,,0,0,0.16,5.16,34.0,46.5,5.32,36.3,50.0,0,29,44.4,51.8,0,39,29.6,46.3,1,1,1,1,0.11,2,10,5,5,0.04,3,,,,,,10,3,3,0.18,3,,,,,,,,,,,,,,,,,,,,,,,,,,,,,,,,,,,,,,,,,,,,,,,,,,
202609070407,2026-09-07,04,07R,4414,大澤 真菜,99期,東京,埼玉,39,B1,,0,0,0.19,3.9,23.8,32.8,4.0,30.7,34.6,0,44,14.8,31.9,0,43,33.8,54.8,,,,,,,10,2,2,0.06,4,5,4,4,0.12,6,12,3,3,0.14,2,,,,,,,,,,,,,,,,,,,,,,,,,,,,,,,,,,,,,,,,,,,,,,,,,,,4387,平山 智加,98期,香川,香川,41,A1,,0,0,0.15,6.73,48.6,67.2,5.18,31.8,54.5,0,21,42.5,66.6,0,30,33.9,56.6,,6,6,6,0.1,5,12,3,3,0.11,2,5,5,5,0.12,2,11,1,1,0.1,2,,,,,,,,,,,,,,,,,,,,,,,,,,,,,,,,,,,,,,,,,,,,,,,,,,,3551,藤田 美代,69期,福岡,福岡,54,B1,,0,0,0.2,3.85,18.3,26.7,3.8,20.0,20.0,0,40,40.7,57.4,0,27,16.0,32.0,2,,,,,,11,4,4,0.16,5,4,2,2,0.27,2,12,6,6,0.18,3,,,,,,,,,,,,,,,,,,,,,,,,,,,,,,,,,,,,,,,,,,,,,,,,,,,4186,小川 時光,91期,埼玉,埼玉,45,B1,,0,0,0.17,3.74,18.3,31.0,2.97,9.6,19.3,0,47,25.8,36.2,0,35,45.1,54.8,,6,2,2,0.07,2,,,,,,1,3,3,0.21,6,10,6,6,0.11,5,,,,,,,,,,,,,,,,,,,,,,,,,,,,,,,,,,,,,,,,,,,,,,,,,,,5361,植竹 玲奈,134期,東京,神奈川,19,B1,,0,0,0.23,2.71,5.7,15.7,2.31,4.9,9.8,0,27,37.5,46.4,0,22,31.3,49.0,,2,3,3,0.16,3,9,6,6,0.2,4,,,,,,10,4,4,0.16,6,,,,,,,,,,,,,,,,,,,,,,,,,,,,,,,,,,,,,,,,,,,,,,,,,,,4240,今井 裕梨,92期,群馬,群馬,42,A2,,0,0,0.15,5.5,33.9,57.2,6.25,46.4,64.2,0,39,12.5,33.3,0,25,53.8,65.3,12,1,4,4,0.11,5,11,1,1,0.1,2,,,,,,8,2,2,0.21,5,,,,,,,,,,,,,,,,,,,,,,,,,,,,,,,,,,,,,,,,,,,,,,,,,,
202609070408,2026-09-07,04,08R,4275,菅野 はやか,94期,広島,広島,43,B1,,0,0,0.22,3.37,13.5,25.4,0.0,0.0,0.0,0,63,28.3,45.0,0,48,23.0,43.5,,5,6,6,0.23,6,,,,,,2,3,3,0.16,2,7,5,5,0.2,6,,,,,,,,,,,,,,,,,,,,,,,,,,,,,,,,,,,,,,,,,,,,,,,,,,,4283,石井 裕美,94期,東京,千葉,42,B1,,0,0,0.17,3.82,7.3,33.8,3.33,0.0,16.6,0,73,33.3,47.0,0,51,47.6,56.9,,,,,,,10,4,4,0.11,5,2,1,1,0.26,3,8,3,3,0.13,3,,,,,,,,,,,,,,,,,,,,,,,,,,,,,,,,,,,,,,,,,,,,,,,,,,,5165,小林 愛実,127期,岡山,岡山,26,B1,,0,0,0.16,4.6,23.1,43.9,5.43,26.6,60.0,0,22,16.9,32.0,0,66,26.3,35.0,,,,,,,7,1,1,0.27,落,5,2,2,0.21,4,9,4,4,0.35,6,,,,,,,,,,,,,,,,,,,,,,,,,,,,,,,,,,,,,,,,,,,,,,,,,,,4847,佐藤 隆太郎,115期,東京,東京,32,A1,,0,0,0.16,6.85,46.9,66.0,7.71,62.5,78.5,0,26,31.0,55.1,0,55,36.2,57.9,,5,3,3,0.04,1,12,6,6,0.04,3,6,2,2,0.11,1,12,1,1,0.05,1,,,,,,,,,,,,,,,,,,,,,,,,,,,,,,,,,,,,,,,,,,,,,,,,,,,5454,谷島 咲希,138期,埼玉,埼玉,20,B2,,0,0,0.0,1.57,1.9,1.9,0.0,0.0,0.0,0,65,32.7,49.1,0,18,35.5,51.1,2,4,6,6,0.18,6,,,,,,6,6,6,0.21,6,,,,,,,,,,,,,,,,,,,,,,,,,,,,,,,,,,,,,,,,,,,,,,,,,,,,,,,,4536,喜井 つかさ,103期,岡山,岡山,36,A2,,1,0,0.16,5.81,40.3,57.6,5.91,27.2,72.7,0,53,28.8,51.1,0,45,36.6,50.0,3,,,,,,8,2,2,0.17,1,3,4,3,0.2,4,12,4,4,0.18,4,,,,,,,,,,,,,,,,,,,,,,,,,,,,,,,,,,,,,,,,,,,,,,,,,,
202609070409,2026-09-07,04,09R,4289,落合 直子,94期,大阪,大阪,41,A2,,1,0,0.13,5.8,38.2,56.7,4.58,25.0,50.0,0,59,21.2,40.4,0,19,26.9,46.1,3,,,,,,9,2,2,0.19,6,1,5,5,0.15,2,6,3,3,0.11,3,,,,,,,,,,,,,,,,,,,,,,,,,,,,,,,,,,,,,,,,,,,,,,,,,,,4854,大橋 由珠,115期,東京,茨城,31,B2,,1,0,0.18,3.94,19.1,34.0,4.76,23.5,52.9,0,60,50.0,65.3,0,11,29.6,50.0,1,1,5,5,0.12,4,6,3,3,0.15,3,3,1,1,0.19,2,,,,,,,,,,,,,,,,,,,,,,,,,,,,,,,,,,,,,,,,,,,,,,,,,,,,,,,,3993,永井 聖美,83期,東京,愛知,47,B1,,0,0,0.16,5.49,34.5,57.1,5.31,33.8,51.4,0,20,18.3,42.8,0,49,18.0,37.7,2,3,2,2,0.15,2,9,4,4,0.13,1,,,,,,7,1,1,0.07,1,,,,,,,,,,,,,,,,,,,,,,,,,,,,,,,,,,,,,,,,,,,,,,,,,,,5320,岩崎 麗子,133期,群馬,群馬,25,B1,,0,0,0.18,3.41,14.6,24.0,1.19,0.0,0.0,0,70,17.3,23.0,0,12,25.8,44.8,4,,,,,,7,3,3,0.26,3,1,1,1,0.26,1,11,2,2,0.09,4,,,,,,,,,,,,,,,,,,,,,,,,,,,,,,,,,,,,,,,,,,,,,,,,,,,4478,櫻本 あゆみ,101期,群馬,栃木,38,A1,,0,0,0.16,5.95,41.6,55.9,6.55,51.5,69.7,0,74,33.9,54.7,0,32,36.0,52.4,,3,1,1,0.15,1,12,4,4,0.08,6,4,6,6,0.3,4,10,2,2,0.11,1,,,,,,,,,,,,,,,,,,,,,,,,,,,,,,,,,,,,,,,,,,,,,,,,,,,4090,中村 尊,87期,埼玉,埼玉,45,B2,,0,0,0.16,6.07,45.7,58.5,7.08,50.0,91.6,0,48,29.3,43.1,0,54,36.5,52.3,5,1,3,3,0.08,1,9,5,5,0.17,3,4,1,1,0.18,1,,,,,,,,,,,,,,,,,,,,,,,,,,,,,,,,,,,,,,,,,,,,,,,,,,,,,,,
202609070410,2026-09-07,04,10R,4927,関野 文,118期,大阪,大阪,32,A2,,0,0,0.16,6.08,42.4,64.1,5.72,44.8,58.6,0,13,30.3,50.0,0,47,36.7,51.0,4,2,2,2,0.14,5,12,5,5,0.14,5,2,6,6,0.08,5,9,3,3,0.2,1,,,,,,,,,,,,,,,,,,,,,,,,,,,,,,,,,,,,,,,,,,,,,,,,,,,4730,土屋 実沙希,111期,静岡,静岡,37,B1,,0,0,0.17,5.38,32.1,50.6,3.89,33.3,33.3,0,16,46.0,50.7,0,52,40.9,59.0,5,5,4,4,0.13,2,10,3,3,0.04,1,,,,,,9,6,6,0.21,4,,,,,,,,,,,,,,,,,,,,,,,,,,,,,,,,,,,,,,,,,,,,,,,,,,,4791,黒澤 めぐみ,113期,東京,神奈川,36,B1,,0,0,0.2,5.88,37.3,63.5,6.25,45.0,60.0,0,66,29.0,49.0,0,14,40.4,59.5,,6,4,4,0.08,4,11,5,5,0.15,4,,,,,,7,6,6,0.25,5,,,,,,,,,,,,,,,,,,,,,,,,,,,,,,,,,,,,,,,,,,,,,,,,,,,4175,川尻 泰輔,90期,埼玉,埼玉,43,A2,,0,0,0.14,5.66,43.7,53.7,4.84,31.8,43.1,0,35,22.6,37.7,0,56,27.0,37.5,1,2,5,5,0.23,2,10,1,1,0.17,6,,,,,,7,2,2,0.06,2,,,,,,,,,,,,,,,,,,,,,,,,,,,,,,,,,,,,,,,,,,,,,,,,,,,5264,登 みひ果,131期,兵庫,兵庫,26,B1,,1,0,0.15,5.13,31.4,46.0,6.0,42.8,57.1,0,72,23.5,41.1,0,28,29.8,57.8,3,5,2,2,0.06,3,11,6,6,0.2,6,3,5,4,0.16,1,,,,,,,,,,,,,,,,,,,,,,,,,,,,,,,,,,,,,,,,,,,,,,,,,,,,,,,,4525,真子 奈津実,103期,福岡,福岡,38,B1,,0,0,0.14,4.69,27.9,39.7,6.09,45.4,72.7,0,28,16.6,38.8,0,40,25.5,38.3,6,6,1,1,0.11,1,,,,,,2,5,5,0.14,4,12,2,2,0.23,5,,,,,,,,,,,,,,,,,,,,,,,,,,,,,,,,,,,,,,,,,,,,,,,,,,
202609070411,2026-09-07,04,11R,3845,中谷 朋子,78期,兵庫,兵庫,49,A2,,0,0,0.21,6.15,49.2,61.1,4.71,28.5,28.5,0,18,34.6,53.8,0,41,37.0,57.4,5,4,5,5,0.16,4,12,2,2,0.19,4,,,,,,7,4,4,0.18,4,,,,,,,,,,,,,,,,,,,,,,,,,,,,,,,,,,,,,,,,,,,,,,,,,,,5164,森田 梨湖,127期,福岡,福岡,26,B2,,0,0,0.23,2.6,0.0,6.6,2.67,0.0,0.0,0,52,28.5,41.0,0,58,18.8,33.9,4,5,5,5,0.1,5,,,,,,1,4,4,0.19,3,8,1,1,0.17,2,,,,,,,,,,,,,,,,,,,,,,,,,,,,,,,,,,,,,,,,,,,,,,,,,,,4690,高石 梨菜,109期,東京,東京,32,B2,,0,0,0.0,5.18,31.1,53.3,5.94,39.6,62.2,0,37,37.1,54.8,0,33,32.2,44.0,3,4,1,1,0.11,1,,,,,,4,4,4,0.26,5,11,6,6,0.04,1,,,,,,,,,,,,,,,,,,,,,,,,,,,,,,,,,,,,,,,,,,,,,,,,,,,4895,門間 雄大,117期,東京,北海道,35,A2,,1,0,0.15,4.82,22.7,47.7,5.25,23.9,53.5,0,56,17.6,25.4,0,23,38.4,53.8,2,3,6,6,0.12,4,11,3,3,0.27,3,5,1,1,0.26,3,,,,,,,,,,,,,,,,,,,,,,,,,,,,,,,,,,,,,,,,,,,,,,,,,,,,,,,,4941,孫崎 百世,119期,滋賀,北海道,37,B1,,0,0,0.21,4.61,27.7,38.8,4.4,13.3,46.6,0,31,31.2,45.8,0,34,29.1,54.1,,1,2,2,0.15,3,8,1,1,0.23,6,6,4,4,0.16,2,,,,,,,,,,,,,,,,,,,,,,,,,,,,,,,,,,,,,,,,,,,,,,,,,,,,,,,,4501,樋口 由加里,102期,岡山,岡山,38,B1,,0,0,0.15,5.09,32.6,44.5,5.53,31.5,68.4,0,17,26.6,40.0,0,20,34.5,56.3,1,4,3,3,0.12,2,11,2,2,0.1,1,,,,,,10,1,1,0.16,4,,,,,,,,,,,,,,,,,,,,,,,,,,,,,,,,,,,,,,,,,,,,,,,,,,
202609070412,2026-09-07,04,12R,4266,長田 頼宗,93期,東京,神奈川,41,A1,,0,0,0.15,7.24,50.0,67.6,7.13,55.9,67.8,0,23,42.5,66.6,0,21,13.6,31.8,6,7,4,4,0.2,1,12,1,1,0.13,1,,,,,,8,4,6,0.11,1,,,,,,,,,,,,,,,,,,,,,,,,,,,,,,,,,,,,,,,,,,,,,,,,,,,4882,瀧川 千依,116期,広島,埼玉,30,B2,,0,0,0.24,3.24,14.7,20.5,4.9,20.0,40.0,0,71,28.8,44.0,0,38,50.0,54.1,3,2,1,1,0.1,1,8,4,4,0.16,2,4,5,5,0.26,6,,,,,,,,,,,,,,,,,,,,,,,,,,,,,,,,,,,,,,,,,,,,,,,,,,,,,,,,4240,今井 裕梨,92期,群馬,群馬,42,A2,,0,0,0.15,5.5,33.9,57.2,6.25,46.4,64.2,0,39,12.5,33.3,0,25,53.8,65.3,7,1,4,4,0.11,5,11,1,1,0.1,2,,,,,,8,2,2,0.21,5,,,,,,,,,,,,,,,,,,,,,,,,,,,,,,,,,,,,,,,,,,,,,,,,,,,5003,来田 衣織,121期,兵庫,兵庫,30,B1,,0,0,0.16,4.87,34.0,46.8,4.28,24.0,40.0,0,32,23.2,35.7,0,16,34.0,56.8,4,,,,,,7,5,6,0.13,2,7,3,3,0.08,3,12,5,5,0.15,6,,,,,,,,,,,,,,,,,,,,,,,,,,,,,,,,,,,,,,,,,,,,,,,,,,,5277,井上 未都,131期,福岡,福岡,24,B1,,1,0,0.15,4.68,22.7,43.0,5.12,19.2,46.1,0,75,24.0,35.1,0,13,32.5,40.0,2,3,4,4,0.14,3,10,6,6,0.08,2,1,2,2,0.23,4,,,,,,,,,,,,,,,,,,,,,,,,,,,,,,,,,,,,,,,,,,,,,,,,,,,,,,,,4998,中村 かなえ,121期,東京,東京,33,B2,,0,0,0.14,4.71,31.7,42.8,4.83,25.0,41.6,0,15,30.6,48.9,0,17,38.0,52.0,5,5,1,1,0.09,4,,,,,,5,3,3,0.08,1,10,5,5,0.06,2,,,,,,,,,,,,,,,,,,,,,,,,,,,,,,,,,,,,,,,,,,,,,,,,,,
202609070701,2026-09-07,07,01R,5349,宮崎 奏磨,134期,静岡,静岡,22,B2,,1,0,0.19,1.31,0.0,1.4,1.25,0.0,0.0,0,16,50.0,68.1,0,46,6.2,25.0,,2,3,3,0.32,6,7,6,6,0.3,6,5,5,5,0.09,6,,,,,,5,2,2,0.21,6,,,,,,,,,,,,,,,,,,,,,,,,,,,,,,,,,,,,,,,,,,,,,,4469,土山 卓也,101期,福井,福井,39,A2,,0,0,0.17,5.66,37.1,54.6,5.85,44.4,59.2,0,61,7.1,14.2,0,53,55.5,61.1,8,,,,,,9,3,3,0.19,4,3,4,4,0.19,5,8,1,1,0.2,1,4,6,6,0.14,6,11,5,5,0.28,3,,,,,,,,,,,,,,,,,,,,,,,,,,,,,,,,,,,,,,,,,3401,上田 隆章,64期,香川,高知,59,B1,,0,0,0.22,4.63,29.0,41.9,4.39,22.2,38.8,0,19,26.3,42.1,0,17,50.0,70.0,,3,4,4,0.21,4,,,,,,1,6,6,0.17,5,8,2,2,0.22,3,1,2,1,0.15,1,5,5,5,0.21,5,,,,,,,,,,,,,,,,,,,,,,,,,,,,,,,,,,,,,,,,,4016,西川 新太郎,84期,愛知,愛知,46,B1,,0,0,0.16,5.46,30.9,51.5,4.6,30.0,45.0,0,24,26.6,33.3,0,37,64.7,82.3,9,1,1,1,0.18,1,,,,,,5,6,6,0.05,5,12,2,2,0.16,2,6,5,5,0.18,4,10,3,3,0.13,1,,,,,,,,,,,,,,,,,,,,,,,,,,,,,,,,,,,,,,,,,3546,中里 昌志,69期,埼玉,埼玉,57,B1,,0,0,0.19,4.61,22.2,44.4,4.77,28.2,41.0,0,27,14.2,42.8,0,16,33.3,38.8,10,3,6,6,0.14,2,7,3,3,0.2,3,6,4,4,0.15,3,,,,,,2,1,1,0.16,1,11,2,2,0.25,6,,,,,,,,,,,,,,,,,,,,,,,,,,,,,,,,,,,,,,,,,3773,津留 浩一郎,76期,長崎,長崎,52,B1,,0,0,0.16,3.85,18.2,34.1,4.15,23.0,30.7,0,57,18.7,18.7,0,47,6.6,20.0,5,5,5,5,0.15,6,10,1,2,0.14,6,5,4,4,0.18,4,,,,,,,,,,,9,3,3,0.2,6,,,,,,,,,,,,,,,,,,,,,,,,,,,,,,,,,,,,,,,,
202609070702,2026-09-07,07,02R,3652,森下 勇,72期,群馬,群馬,53,B1,,0,0,0.19,3.61,13.3,28.0,2.67,0.0,11.1,0,49,59.0,77.2,0,34,41.1,47.0,8,5,4,4,0.12,5,9,5,5,0.21,6,1,3,3,0.14,4,,,,,,2,2,2,0.16,5,,,,,,,,,,,,,,,,,,,,,,,,,,,,,,,,,,,,,,,,,,,,,,4523,中村 辰也,103期,長崎,長崎,38,A2,,0,0,0.15,5.64,35.8,59.7,5.35,30.4,56.5,0,28,31.2,50.0,0,40,58.8,64.7,11,7,4,4,0.21,2,11,3,3,0.22,3,,,,,,10,6,6,0.22,5,7,1,1,0.21,2,12,4,4,0.15,3,,,,,,,,,,,,,,,,,,,,,,,,,,,,,,,,,,,,,,,,,4214,林 祐介,91期,岡山,岡山,42,B1,,1,0,0.16,5.25,29.6,50.5,6.18,39.2,71.4,0,52,40.9,68.1,0,23,50.0,65.0,9,6,5,4,0.14,3,,,,,,2,2,6,0.32,3,11,2,2,0.23,4,3,1,1,0.18,1,7,5,5,0.19,3,,,,,,,,,,,,,,,,,,,,,,,,,,,,,,,,,,,,,,,,,4197,渥美 卓郎,91期,静岡,静岡,44,B1,,0,0,0.19,3.76,16.2,29.0,4.4,15.0,30.0,0,58,31.2,37.5,0,31,36.8,57.8,6,1,3,3,0.21,3,7,2,2,0.23,5,4,5,5,0.27,5,,,,,,3,4,4,0.22,6,,,,,,,,,,,,,,,,,,,,,,,,,,,,,,,,,,,,,,,,,,,,,,4459,片岡 雅裕,101期,香川,高知,40,A2,,1,0,0.12,5.96,36.0,45.3,5.56,33.3,44.4,0,66,41.1,58.8,0,35,61.1,83.3,10,2,4,4,0.09,2,12,4,5,0.12,3,3,3,3,0.19,2,9,1,1,0.19,1,6,2,2,0.15,1,12,6,6,0.21,5,,,,,,,,,,,,,,,,,,,,,,,,,,,,,,,,,,,,,,,,,4527,高野 心吾,103期,愛知,愛知,38,B1,,0,0,0.17,4.53,26.5,40.9,3.49,14.6,24.3,0,62,47.0,58.8,0,18,26.3,42.1,12,,,,,,7,5,5,0.31,4,1,2,2,0.17,6,9,4,4,0.25,6,1,3,3,0.14,2,,,,,,,,,,,,,,,,,,,,,,,,,,,,,,,,,,,,,,,,,,,,,
202609070703,2026-09-07,07,03R,5366,塩嶋 泰空,135期,福井,石川,25,B2,,1,0,0.19,1.46,2.9,4.3,1.27,0.0,0.0,0,77,43.7,62.5,0,54,50.0,72.2,,,,,,,8,3,2,0.19,6,4,3,3,0.28,6,8,6,5,0.2,6,,,,,,7,6,6,0.28,6,,,,,,,,,,,,,,,,,,,,,,,,,,,,,,,,,,,,,,,,,3875,廣中 良一,79期,山口,山口,49,B1,,0,0,0.18,4.72,28.2,47.8,5.06,33.3,45.4,0,65,23.5,58.8,0,43,18.7,31.2,,1,5,6,0.23,5,11,4,4,0.19,6,2,1,1,0.3,4,8,3,3,0.2,4,4,5,5,0.14,4,,,,,,,,,,,,,,,,,,,,,,,,,,,,,,,,,,,,,,,,,,,,,,4323,山田 佑樹,95期,岡山,岡山,39,B1,,0,0,0.17,6.07,51.0,64.1,4.2,25.0,35.0,0,64,41.1,58.8,0,41,5.0,20.0,10,2,6,6,0.09,3,9,2,2,0.16,2,6,5,5,0.1,6,,,,,,5,1,1,0.22,1,12,3,3,0.12,4,,,,,,,,,,,,,,,,,,,,,,,,,,,,,,,,,,,,,,,,,4435,服部 達哉,100期,愛知,愛知,40,A2,,0,0,0.18,5.42,35.5,52.2,5.18,30.3,51.5,0,26,12.5,25.0,0,77,47.0,70.5,11,,,,,,9,1,1,0.07,1,4,4,4,0.23,3,9,3,3,0.25,5,5,6,6,0.24,4,11,3,3,0.2,2,,,,,,,,,,,,,,,,,,,,,,,,,,,,,,,,,,,,,,,,,4914,吉田 裕平,117期,愛知,愛知,29,A1,,1,0,0.12,7.35,52.0,65.3,7.29,57.9,79.7,0,31,88.8,94.4,0,13,11.1,16.6,9,8,4,3,0.22,2,12,1,1,0.13,1,4,6,6,0.25,2,11,4,4,0.14,2,8,2,2,0.17,2,12,1,1,0.12,1,,,,,,,,,,,,,,,,,,,,,,,,,,,,,,,,,,,,,,,,,4219,本岡 勝利,92期,広島,広島,44,B1,,1,0,0.19,3.93,10.2,25.0,3.79,10.5,21.0,0,15,27.7,50.0,0,27,45.4,63.6,12,3,3,3,0.26,5,8,6,4,0.33,5,,,,,,7,5,5,0.21,4,3,2,2,0.26,5,,,,,,,,,,,,,,,,,,,,,,,,,,,,,,,,,,,,,,,,,,,,,
202609070704,2026-09-07,07,04R,3981,今坂 晃広,83期,静岡,静岡,48,B1,,0,0,0.18,4.13,20.5,34.5,3.71,12.5,20.8,0,17,35.0,35.0,0,56,27.2,59.0,,4,4,5,0.25,2,,,,,,2,3,3,0.26,6,10,3,2,0.3,3,1,4,4,0.15,6,10,6,6,0.23,2,,,,,,,,,,,,,,,,,,,,,,,,,,,,,,,,,,,,,,,,,4693,松下 誉士,110期,福岡,福岡,42,B1,,0,0,0.19,4.05,23.8,32.9,4.17,11.1,44.4,0,60,52.9,58.8,0,28,22.2,38.8,10,2,5,5,0.18,1,6,4,3,0.18,2,4,1,1,0.22,1,10,4,4,0.28,6,,,,,,8,6,6,0.11,5,,,,,,,,,,,,,,,,,,,,,,,,,,,,,,,,,,,,,,,,,4151,下河 誉史,89期,福岡,福岡,44,B1,,0,0,0.19,4.9,25.5,50.0,4.47,15.7,42.1,0,11,21.0,47.3,0,20,36.8,47.3,11,4,2,1,0.33,5,11,2,2,0.23,2,,,,,,9,5,5,0.21,2,3,6,6,0.16,3,11,4,4,0.31,5,,,,,,,,,,,,,,,,,,,,,,,,,,,,,,,,,,,,,,,,,4362,土屋 智則,97期,群馬,群馬,41,A1,,0,0,0.15,6.89,44.9,66.9,5.47,17.6,47.0,0,12,15.7,42.1,0,25,52.3,76.1,9,5,6,6,0.15,3,12,2,2,0.15,4,8,4,4,0.17,2,12,1,1,0.15,3,7,3,3,0.21,4,11,1,1,0.22,1,,,,,,,,,,,,,,,,,,,,,,,,,,,,,,,,,,,,,,,,,4365,盛本 真輔,97期,兵庫,兵庫,40,A2,,0,0,0.18,5.94,41.4,60.6,4.5,27.2,45.4,0,56,42.1,47.3,0,36,13.3,26.6,,4,1,3,0.3,6,8,2,5,0.19,3,,,,,,8,5,6,0.16,5,1,1,2,0.14,3,9,1,1,0.23,4,,,,,,,,,,,,,,,,,,,,,,,,,,,,,,,,,,,,,,,,,3660,長谷川 親王,73期,香川,香川,57,B1,,0,0,0.19,3.65,12.7,27.9,3.89,11.1,22.2,0,23,35.2,64.7,0,32,21.0,36.8,12,1,6,4,0.29,6,6,6,5,0.17,4,4,2,2,0.28,4,,,,,,6,3,3,0.16,3,,,,,,,,,,,,,,,,,,,,,,,,,,,,,,,,,,,,,,,,,,,,,
202609070705,2026-09-07,07,05R,3825,宮嵜 隆太郎,78期,福岡,福岡,53,B1,,1,0,0.12,3.36,17.1,28.5,5.33,33.3,33.3,0,14,60.0,70.0,0,11,26.3,57.8,11,1,4,5,0.25,4,,,,,,1,4,4,0.07,1,7,2,2,0.13,2,4,3,3,0.12,1,,,,,,,,,,,,,,,,,,,,,,,,,,,,,,,,,,,,,,,,,,,,,,3680,森林 太,73期,長崎,長崎,53,B1,,0,0,0.22,4.24,21.7,34.9,0.0,0.0,0.0,0,13,0.0,28.5,0,29,11.1,22.2,9,4,6,4,0.38,3,10,6,6,0.16,4,1,1,1,0.16,2,,,,,,2,3,3,0.17,2,12,5,5,0.22,6,,,,,,,,,,,,,,,,,,,,,,,,,,,,,,,,,,,,,,,,,3679,飯島 昌弘,73期,埼玉,埼玉,53,A2,,0,0,0.17,6.79,50.8,75.0,7.38,56.2,78.1,0,50,11.1,22.2,0,33,16.6,25.0,10,,,,,,8,1,1,0.14,1,6,6,6,0.11,4,12,3,3,0.15,4,2,4,4,0.19,3,10,2,2,0.13,エ,,,,,,,,,,,,,,,,,,,,,,,,,,,,,,,,,,,,,,,,,3773,津留 浩一郎,76期,長崎,長崎,52,B1,,0,0,0.16,3.85,18.2,34.1,4.15,23.0,30.7,0,57,18.7,18.7,0,47,6.6,20.0,1,5,5,5,0.15,6,10,1,2,0.14,6,5,4,4,0.18,4,,,,,,,,,,,9,3,3,0.2,6,,,,,,,,,,,,,,,,,,,,,,,,,,,,,,,,,,,,,,,,,3957,大谷 直弘,82期,愛知,愛知,49,B1,,0,0,0.19,4.84,26.7,50.5,5.03,24.1,51.6,0,51,11.1,27.7,0,39,33.3,72.2,,2,2,2,0.13,5,8,5,6,0.24,4,5,1,1,0.07,1,,,,,,1,5,5,0.18,4,8,3,3,0.19,4,,,,,,,,,,,,,,,,,,,,,,,,,,,,,,,,,,,,,,,,,4682,大上 卓人,109期,広島,広島,36,A1,,0,0,0.14,7.29,50.0,68.2,7.79,57.8,68.4,0,25,43.7,56.2,0,12,38.8,55.5,9,4,3,2,0.24,1,12,5,6,0.14,5,7,3,3,0.17,1,11,1,1,0.14,1,5,4,4,0.17,2,10,1,1,0.13,転,,,,,,,,,,,,,,,,,,,,,,,,,,,,,,,,,,,,,,,,
202609070706,2026-09-07,07,06R,5064,品川 二千翔,123期,山口,山口,28,A1,,0,0,0.17,6.6,50.4,69.5,4.06,22.2,27.7,0,20,16.6,33.3,0,14,40.0,60.0,10,3,5,5,0.16,3,11,1,1,0.22,1,,,,,,10,2,3,0.27,2,2,6,6,0.24,4,9,2,2,0.26,1,,,,,,,,,,,,,,,,,,,,,,,,,,,,,,,,,,,,,,,,,3282,池本 輝明,59期,広島,広島,59,B1,,0,0,0.19,4.63,22.9,41.6,3.94,22.2,33.3,0,30,56.2,81.2,0,52,14.2,35.7,,2,1,1,0.17,4,11,5,5,0.25,4,3,6,6,0.2,4,,,,,,4,2,2,0.21,2,10,4,4,0.19,3,,,,,,,,,,,,,,,,,,,,,,,,,,,,,,,,,,,,,,,,,4520,高倉 孝太,103期,福井,石川,39,A2,,1,0,0.13,5.77,37.1,52.5,5.32,36.8,47.3,0,55,5.5,11.1,0,15,42.1,52.6,12,5,2,2,0.09,4,11,6,6,0.23,5,6,1,1,0.19,5,11,5,5,0.19,3,,,,,,7,4,4,0.17,1,,,,,,,,,,,,,,,,,,,,,,,,,,,,,,,,,,,,,,,,,4603,谷川 将太,106期,長崎,長崎,38,B1,,0,0,0.16,6.1,46.1,65.3,5.5,40.0,50.0,0,21,15.7,31.5,0,22,25.0,45.0,,3,1,1,0.21,1,,,,,,3,2,2,0.18,6,12,6,6,0.15,5,5,3,3,0.19,3,9,6,5,0.19,2,,,,,,,,,,,,,,,,,,,,,,,,,,,,,,,,,,,,,,,,,4237,大峯 豊,92期,山口,山口,42,A1,,0,0,0.14,7.25,50.4,73.7,8.0,66.6,77.7,0,59,37.5,43.7,0,55,58.8,70.5,11,6,3,6,0.16,1,12,3,3,0.12,2,6,2,2,0.07,1,10,1,1,0.22,1,4,4,4,0.13,3,12,2,2,0.15,2,,,,,,,,,,,,,,,,,,,,,,,,,,,,,,,,,,,,,,,,,4197,渥美 卓郎,91期,静岡,静岡,44,B1,,0,0,0.19,3.76,16.2,29.0,4.4,15.0,30.0,0,58,31.2,37.5,0,31,36.8,57.8,2,1,3,3,0.21,3,7,2,2,0.23,5,4,5,5,0.27,5,,,,,,3,4,4,0.22,6,,,,,,,,,,,,,,,,,,,,,,,,,,,,,,,,,,,,,,,,,,,,,
202609070707,2026-09-07,07,07R,5196,鰐部 太空海,128期,愛知,愛知,24,A1,,2,0,0.15,5.51,33.7,49.3,5.81,29.6,70.3,0,54,22.2,55.5,0,24,22.2,38.8,11,,,,,,10,2,1,0.19,1,2,4,2,0.21,5,12,5,5,0.19,1,6,4,4,0.17,2,11,6,6,0.28,4,,,,,,,,,,,,,,,,,,,,,,,,,,,,,,,,,,,,,,,,,3945,橋口 真樹,82期,愛知,愛知,50,B1,,0,0,0.21,4.48,22.3,40.3,3.72,23.0,30.7,0,22,26.3,57.8,0,50,58.8,70.5,12,6,2,2,0.33,6,,,,,,1,5,5,0.28,3,6,3,3,0.14,2,,,,,,9,4,4,0.2,3,,,,,,,,,,,,,,,,,,,,,,,,,,,,,,,,,,,,,,,,,4319,三宅 潤,95期,大阪,大阪,41,A2,,0,0,0.18,5.5,31.2,56.8,5.88,37.5,68.7,0,47,42.1,52.6,0,19,40.0,55.0,,1,2,2,0.22,2,9,6,6,0.19,5,7,1,1,0.21,5,12,4,4,0.19,6,,,,,,8,5,5,0.13,3,,,,,,,,,,,,,,,,,,,,,,,,,,,,,,,,,,,,,,,,,3661,柳瀬 興志,73期,山口,山口,57,A2,,0,0,0.18,4.38,23.4,36.1,5.11,33.3,33.3,0,46,11.7,17.6,0,45,35.2,58.8,,3,2,2,0.27,6,10,5,5,0.13,3,5,3,3,0.1,3,11,6,6,0.16,5,,,,,,8,1,1,0.21,1,,,,,,,,,,,,,,,,,,,,,,,,,,,,,,,,,,,,,,,,,4234,野相 弘司,92期,福岡,福岡,42,B1,,0,0,0.17,4.62,27.5,42.0,4.83,22.2,44.4,0,63,17.6,41.1,0,51,38.4,38.4,,,,,,,10,4,4,0.15,2,3,1,1,0.18,1,10,5,5,0.28,4,1,6,6,0.23,5,7,2,2,0.26,5,,,,,,,,,,,,,,,,,,,,,,,,,,,,,,,,,,,,,,,,,4872,山下 流心,116期,広島,広島,33,B1,,1,0,0.18,4.46,25.9,39.5,3.69,11.5,34.6,0,53,52.3,80.9,0,48,41.1,52.9,,5,1,1,0.09,1,,,,,,2,5,4,0.14,2,9,2,2,0.26,4,2,5,5,0.22,6,6,6,6,0.29,5,,,,,,,,,,,,,,,,,,,,,,,,,,,,,,,,,,,,,,,,
202609070708,2026-09-07,07,08R,4469,土山 卓也,101期,福井,福井,39,A2,,0,0,0.17,5.66,37.1,54.6,5.85,44.4,59.2,0,61,7.1,14.2,0,53,55.5,61.1,1,,,,,,9,3,3,0.19,4,3,4,4,0.19,5,8,1,1,0.2,1,4,6,6,0.14,6,11,5,5,0.28,3,,,,,,,,,,,,,,,,,,,,,,,,,,,,,,,,,,,,,,,,,4917,岩橋 裕馬,118期,兵庫,大阪,38,B1,,0,0,0.17,4.89,30.3,40.5,4.0,14.2,28.5,0,32,47.0,58.8,0,49,38.4,53.8,,5,3,3,0.09,2,,,,,,2,6,5,0.07,1,7,6,6,0.22,6,4,1,1,0.17,5,8,4,4,0.16,6,,,,,,,,,,,,,,,,,,,,,,,,,,,,,,,,,,,,,,,,,4041,小林 基樹,85期,山口,山口,47,B1,,1,0,0.21,3.94,17.6,35.2,4.0,0.0,33.3,0,18,36.8,47.3,0,21,50.0,55.0,,4,5,6,0.35,4,9,4,4,0.26,3,3,5,5,0.24,3,11,3,3,0.21,6,6,1,1,0.25,6,,,,,,,,,,,,,,,,,,,,,,,,,,,,,,,,,,,,,,,,,,,,,,3652,森下 勇,72期,群馬,群馬,53,B1,,0,0,0.19,3.61,13.3,28.0,2.67,0.0,11.1,0,49,59.0,77.2,0,34,41.1,47.0,2,5,4,4,0.12,5,9,5,5,0.21,6,1,3,3,0.14,4,,,,,,2,2,2,0.16,5,,,,,,,,,,,,,,,,,,,,,,,,,,,,,,,,,,,,,,,,,,,,,,3876,中辻 崇人,79期,福岡,福岡,49,A1,賞除,0,0,0.15,6.76,48.2,67.2,4.71,0.0,14.2,0,48,30.4,73.9,0,26,55.0,65.0,12,7,1,1,0.16,1,12,6,4,0.15,6,5,2,2,0.06,2,9,6,6,0.17,3,3,3,3,0.15,2,10,5,5,0.14,妨,,,,,,,,,,,,,,,,,,,,,,,,,,,,,,,,,,,,,,,,,3872,岡田 憲行,79期,大阪,大阪,50,A2,,0,0,0.18,5.86,38.0,58.7,6.07,34.8,72.0,0,29,29.4,64.7,0,38,16.6,22.2,,6,1,1,0.25,5,10,3,3,0.14,5,,,,,,7,4,4,0.17,3,3,5,5,0.11,4,9,5,6,0.35,5,,,,,,,,,,,,,,,,,,,,,,,,,,,,,,,,,,,,,,,,
202609070709,2026-09-07,07,09R,4682,大上 卓人,109期,広島,広島,36,A1,,0,0,0.14,7.29,50.0,68.2,7.79,57.8,68.4,0,25,43.7,56.2,0,12,38.8,55.5,5,4,3,2,0.24,1,12,5,6,0.14,5,7,3,3,0.17,1,11,1,1,0.14,1,5,4,4,0.17,2,10,1,1,0.13,転,,,,,,,,,,,,,,,,,,,,,,,,,,,,,,,,,,,,,,,,,4914,吉田 裕平,117期,愛知,愛知,29,A1,,1,0,0.12,7.35,52.0,65.3,7.29,57.9,79.7,0,31,88.8,94.4,0,13,11.1,16.6,3,8,4,3,0.22,2,12,1,1,0.13,1,4,6,6,0.25,2,11,4,4,0.14,2,8,2,2,0.17,2,12,1,1,0.12,1,,,,,,,,,,,,,,,,,,,,,,,,,,,,,,,,,,,,,,,,,3680,森林 太,73期,長崎,長崎,53,B1,,0,0,0.22,4.24,21.7,34.9,0.0,0.0,0.0,0,13,0.0,28.5,0,29,11.1,22.2,5,4,6,4,0.38,3,10,6,6,0.16,4,1,1,1,0.16,2,,,,,,2,3,3,0.17,2,12,5,5,0.22,6,,,,,,,,,,,,,,,,,,,,,,,,,,,,,,,,,,,,,,,,,4214,林 祐介,91期,岡山,岡山,42,B1,,1,0,0.16,5.25,29.6,50.5,6.18,39.2,71.4,0,52,40.9,68.1,0,23,50.0,65.0,2,6,5,4,0.14,3,,,,,,2,2,6,0.32,3,11,2,2,0.23,4,3,1,1,0.18,1,7,5,5,0.19,3,,,,,,,,,,,,,,,,,,,,,,,,,,,,,,,,,,,,,,,,,4362,土屋 智則,97期,群馬,群馬,41,A1,,0,0,0.15,6.89,44.9,66.9,5.47,17.6,47.0,0,12,15.7,42.1,0,25,52.3,76.1,4,5,6,6,0.15,3,12,2,2,0.15,4,8,4,4,0.17,2,12,1,1,0.15,3,7,3,3,0.21,4,11,1,1,0.22,1,,,,,,,,,,,,,,,,,,,,,,,,,,,,,,,,,,,,,,,,,4016,西川 新太郎,84期,愛知,愛知,46,B1,,0,0,0.16,5.46,30.9,51.5,4.6,30.0,45.0,0,24,26.6,33.3,0,37,64.7,82.3,1,1,1,1,0.18,1,,,,,,5,6,6,0.05,5,12,2,2,0.16,2,6,5,5,0.18,4,10,3,3,0.13,1,,,,,,,,,,,,,,,,,,,,,,,,,,,,,,,,,,,,,,,,
202609070710,2026-09-07,07,10R,4459,片岡 雅裕,101期,香川,高知,40,A2,,1,0,0.12,5.96,36.0,45.3,5.56,33.3,44.4,0,66,41.1,58.8,0,35,61.1,83.3,2,2,4,4,0.09,2,12,4,5,0.12,3,3,3,3,0.19,2,9,1,1,0.19,1,6,2,2,0.15,1,12,6,6,0.21,5,,,,,,,,,,,,,,,,,,,,,,,,,,,,,,,,,,,,,,,,,5064,品川 二千翔,123期,山口,山口,28,A1,,0,0,0.17,6.6,50.4,69.5,4.06,22.2,27.7,0,20,16.6,33.3,0,14,40.0,60.0,6,3,5,5,0.16,3,11,1,1,0.22,1,,,,,,10,2,3,0.27,2,2,6,6,0.24,4,9,2,2,0.26,1,,,,,,,,,,,,,,,,,,,,,,,,,,,,,,,,,,,,,,,,,3546,中里 昌志,69期,埼玉,埼玉,57,B1,,0,0,0.19,4.61,22.2,44.4,4.77,28.2,41.0,0,27,14.2,42.8,0,16,33.3,38.8,1,3,6,6,0.14,2,7,3,3,0.2,3,6,4,4,0.15,3,,,,,,2,1,1,0.16,1,11,2,2,0.25,6,,,,,,,,,,,,,,,,,,,,,,,,,,,,,,,,,,,,,,,,,4323,山田 佑樹,95期,岡山,岡山,39,B1,,0,0,0.17,6.07,51.0,64.1,4.2,25.0,35.0,0,64,41.1,58.8,0,41,5.0,20.0,3,2,6,6,0.09,3,9,2,2,0.16,2,6,5,5,0.1,6,,,,,,5,1,1,0.22,1,12,3,3,0.12,4,,,,,,,,,,,,,,,,,,,,,,,,,,,,,,,,,,,,,,,,,4693,松下 誉士,110期,福岡,福岡,42,B1,,0,0,0.19,4.05,23.8,32.9,4.17,11.1,44.4,0,60,52.9,58.8,0,28,22.2,38.8,4,2,5,5,0.18,1,6,4,3,0.18,2,4,1,1,0.22,1,10,4,4,0.28,6,,,,,,8,6,6,0.11,5,,,,,,,,,,,,,,,,,,,,,,,,,,,,,,,,,,,,,,,,,3679,飯島 昌弘,73期,埼玉,埼玉,53,A2,,0,0,0.17,6.79,50.8,75.0,7.38,56.2,78.1,0,50,11.1,22.2,0,33,16.6,25.0,5,,,,,,8,1,1,0.14,1,6,6,6,0.11,4,12,3,3,0.15,4,2,4,4,0.19,3,10,2,2,0.13,エ,,,,,,,,,,,,,,,,,,,,,,,,,,,,,,,,,,,,,,,,
202609070711,2026-09-07,07,11R,4237,大峯 豊,92期,山口,山口,42,A1,,0,0,0.14,7.25,50.4,73.7,8.0,66.6,77.7,0,59,37.5,43.7,0,55,58.8,70.5,6,6,3,6,0.16,1,12,3,3,0.12,2,6,2,2,0.07,1,10,1,1,0.22,1,4,4,4,0.13,3,12,2,2,0.15,2,,,,,,,,,,,,,,,,,,,,,,,,,,,,,,,,,,,,,,,,,3825,宮嵜 隆太郎,78期,福岡,福岡,53,B1,,1,0,0.12,3.36,17.1,28.5,5.33,33.3,33.3,0,14,60.0,70.0,0,11,26.3,57.8,5,1,4,5,0.25,4,,,,,,1,4,4,0.07,1,7,2,2,0.13,2,4,3,3,0.12,1,,,,,,,,,,,,,,,,,,,,,,,,,,,,,,,,,,,,,,,,,,,,,,5196,鰐部 太空海,128期,愛知,愛知,24,A1,,2,0,0.15,5.51,33.7,49.3,5.81,29.6,70.3,0,54,22.2,55.5,0,24,22.2,38.8,7,,,,,,10,2,1,0.19,1,2,4,2,0.21,5,12,5,5,0.19,1,6,4,4,0.17,2,11,6,6,0.28,4,,,,,,,,,,,,,,,,,,,,,,,,,,,,,,,,,,,,,,,,,4151,下河 誉史,89期,福岡,福岡,44,B1,,0,0,0.19,4.9,25.5,50.0,4.47,15.7,42.1,0,11,21.0,47.3,0,20,36.8,47.3,4,4,2,1,0.33,5,11,2,2,0.23,2,,,,,,9,5,5,0.21,2,3,6,6,0.16,3,11,4,4,0.31,5,,,,,,,,,,,,,,,,,,,,,,,,,,,,,,,,,,,,,,,,,4523,中村 辰也,103期,長崎,長崎,38,A2,,0,0,0.15,5.64,35.8,59.7,5.35,30.4,56.5,0,28,31.2,50.0,0,40,58.8,64.7,2,7,4,4,0.21,2,11,3,3,0.22,3,,,,,,10,6,6,0.22,5,7,1,1,0.21,2,12,4,4,0.15,3,,,,,,,,,,,,,,,,,,,,,,,,,,,,,,,,,,,,,,,,,4435,服部 達哉,100期,愛知,愛知,40,A2,,0,0,0.18,5.42,35.5,52.2,5.18,30.3,51.5,0,26,12.5,25.0,0,77,47.0,70.5,3,,,,,,9,1,1,0.07,1,4,4,4,0.23,3,9,3,3,0.25,5,5,6,6,0.24,4,11,3,3,0.2,2,,,,,,,,,,,,,,,,,,,,,,,,,,,,,,,,,,,,,,,,
202609070712,2026-09-07,07,12R,3876,中辻 崇人,79期,福岡,福岡,49,A1,賞除,0,0,0.15,6.76,48.2,67.2,4.71,0.0,14.2,0,48,30.4,73.9,0,26,55.0,65.0,8,7,1,1,0.16,1,12,6,4,0.15,6,5,2,2,0.06,2,9,6,6,0.17,3,3,3,3,0.15,2,10,5,5,0.14,妨,,,,,,,,,,,,,,,,,,,,,,,,,,,,,,,,,,,,,,,,,4527,高野 心吾,103期,愛知,愛知,38,B1,,0,0,0.17,4.53,26.5,40.9,3.49,14.6,24.3,0,62,47.0,58.8,0,18,26.3,42.1,2,,,,,,7,5,5,0.31,4,1,2,2,0.17,6,9,4,4,0.25,6,1,3,3,0.14,2,,,,,,,,,,,,,,,,,,,,,,,,,,,,,,,,,,,,,,,,,,,,,,3660,長谷川 親王,73期,香川,香川,57,B1,,0,0,0.19,3.65,12.7,27.9,3.89,11.1,22.2,0,23,35.2,64.7,0,32,21.0,36.8,4,1,6,4,0.29,6,6,6,5,0.17,4,4,2,2,0.28,4,,,,,,6,3,3,0.16,3,,,,,,,,,,,,,,,,,,,,,,,,,,,,,,,,,,,,,,,,,,,,,,4520,高倉 孝太,103期,福井,石川,39,A2,,1,0,0.13,5.77,37.1,52.5,5.32,36.8,47.3,0,55,5.5,11.1,0,15,42.1,52.6,6,5,2,2,0.09,4,11,6,6,0.23,5,6,1,1,0.19,5,11,5,5,0.19,3,,,,,,7,4,4,0.17,1,,,,,,,,,,,,,,,,,,,,,,,,,,,,,,,,,,,,,,,,,4219,本岡 勝利,92期,広島,広島,44,B1,,1,0,0.19,3.93,10.2,25.0,3.79,10.5,21.0,0,15,27.7,50.0,0,27,45.4,63.6,3,3,3,3,0.26,5,8,6,4,0.33,5,,,,,,7,5,5,0.21,4,3,2,2,0.26,5,,,,,,,,,,,,,,,,,,,,,,,,,,,,,,,,,,,,,,,,,,,,,,3945,橋口 真樹,82期,愛知,愛知,50,B1,,0,0,0.21,4.48,22.3,40.3,3.72,23.0,30.7,0,22,26.3,57.8,0,50,58.8,70.5,7,6,2,2,0.33,6,,,,,,1,5,5,0.28,3,6,3,3,0.14,2,,,,,,9,4,4,0.2,3,,,,,,,,,,,,,,,,,,,,,,,,,,,,,,,,,,,,,,,,
202609070901,2026-09-07,09,01R,4547,中田 竜太,104期,埼玉,福島,38,A1,,0,0,0.16,6.88,43.5,62.3,6.12,23.0,50.0,0,66,25.1,37.0,0,61,27.4,40.4,6,,,,,,7,1,1,0.1,1,1,6,6,0.11,6,11,2,2,0.13,2,,,,,,9,3,3,0.09,6,,,,,,9,5,5,0.22,4,,,,,,,,,,,,,,,,,,,,,,,,,,,,,,,4713,白神 優,110期,岡山,岡山,36,A1,,0,0,0.14,6.35,42.0,63.0,7.2,60.0,70.0,0,33,29.0,46.6,0,57,36.7,52.4,5,4,2,2,0.12,3,,,,,,2,3,3,0.16,4,7,6,6,0.05,6,6,4,4,0.15,6,,,,,,6,1,1,0.04,1,,,,,,,,,,,,,,,,,,,,,,,,,,,,,,,,,,,,4804,高田 ひかる,113期,三重,三重,32,A1,,1,0,0.19,6.04,40.0,58.1,6.34,45.0,61.2,0,50,34.6,50.0,0,56,38.5,56.7,7,5,6,6,0.16,5,,,,,,1,1,1,0.07,1,10,2,2,0.1,3,,,,,,7,3,3,0.19,5,5,5,5,0.12,5,,,,,,,,,,,,,,,,,,,,,,,,,,,,,,,,,,,,4743,木村 仁紀,111期,滋賀,京都,33,A1,,0,0,0.14,6.33,41.6,60.6,7.09,50.0,63.6,0,52,31.2,44.5,0,66,31.5,50.7,7,3,6,6,0.13,5,,,,,,,,,,,7,2,2,0.02,3,3,1,1,0.08,1,7,5,5,0.13,3,,,,,,11,3,3,0.07,5,,,,,,,,,,,,,,,,,,,,,,,,,,,,,,,4980,佐々木 完太,120期,山口,山口,30,A1,,0,0,0.16,7.31,55.7,67.3,3.63,12.5,25.0,0,22,40.2,61.7,0,22,35.2,55.5,5,2,2,2,0.17,3,7,4,4,0.14,4,6,6,6,0.04,3,,,,,,4,4,5,0.15,6,,,,,,1,1,1,0.11,2,7,3,3,0.04,5,,,,,,,,,,,,,,,,,,,,,,,,,,,,,,,4468,大池 佑来,101期,東京,神奈川,39,A1,,1,0,0.13,7.35,59.4,77.2,7.36,59.0,72.7,0,53,34.4,51.2,0,29,35.9,58.9,6,,,,,,10,3,3,0.2,5,2,6,5,0.17,5,,,,,,4,6,4,0.25,3,9,6,6,0.15,5,3,1,1,0.06,5,,,,,,,,,,,,,,,,,,,,,,,,,,,,,,,,,,,
202609070902,2026-09-07,09,02R,4415,下出 卓矢,99期,福井,石川,39,A1,,1,0,0.14,6.07,47.9,58.8,6.48,48.2,62.5,0,67,36.2,51.9,0,15,41.2,58.7,6,6,4,5,0.07,6,,,,,,2,1,1,0.1,1,,,,,,5,4,4,0.09,5,10,6,6,0.17,6,1,3,3,0.09,1,,,,,,,,,,,,,,,,,,,,,,,,,,,,,,,,,,,,4472,尾嶋 一広,101期,兵庫,兵庫,39,A1,,0,0,0.16,6.61,45.4,64.6,5.44,33.3,44.4,0,60,26.7,48.5,0,16,43.3,59.3,7,,,,,,8,5,5,0.07,6,3,4,4,0.12,4,,,,,,1,3,3,0.09,3,6,1,1,0.1,2,,,,,,7,6,6,0.1,6,,,,,,,,,,,,,,,,,,,,,,,,,,,,,,,4537,渡邉 和将,103期,岡山,岡山,36,A1,,0,0,0.14,7.26,52.0,77.6,7.26,52.6,78.9,0,59,29.8,47.5,0,46,43.0,62.2,8,5,4,4,0.11,4,,,,,,3,3,3,0.2,5,8,2,2,0.18,3,5,6,6,0.16,6,,,,,,4,4,4,0.22,5,8,1,1,0.06,1,,,,,,,,,,,,,,,,,,,,,,,,,,,,,,,5017,澤田 尚也,121期,滋賀,京都,27,A1,,0,0,0.13,6.83,52.8,69.1,6.58,50.0,58.3,0,38,38.8,57.6,0,26,37.9,51.7,6,2,3,3,0.31,5,,,,,,,,,,,9,4,4,0.08,2,1,5,5,0.11,5,8,1,1,0.08,1,,,,,,9,6,6,0.17,2,,,,,,,,,,,,,,,,,,,,,,,,,,,,,,,4013,中島 孝平,84期,福井,福井,46,A1,,0,0,0.14,7.14,49.4,66.6,6.66,45.2,66.0,0,14,28.6,43.3,0,40,31.1,49.6,7,,,,,,12,4,4,0.19,5,5,1,1,0.23,6,,,,,,1,2,2,0.09,4,9,5,5,0.14,3,2,6,6,0.09,4,10,3,3,0.14,3,,,,,,,,,,,,,,,,,,,,,,,,,,,,,,,5034,若林 義人,122期,静岡,静岡,28,A1,,0,0,0.12,6.44,48.8,66.1,6.18,42.2,64.4,0,40,46.6,60.6,0,59,31.4,41.3,8,3,1,1,0.12,2,,,,,,,,,,,8,5,5,0.25,6,3,6,6,0.16,6,12,3,4,0.02,3,,,,,,10,2,2,0.12,4,,,,,,,,,,,,,,,,,,,,,,,,,,,,,,
202609070903,2026-09-07,09,03R,4772,石丸 海渡,112期,香川,愛媛,33,A1,,0,0,0.11,6.8,53.3,67.6,7.43,60.0,86.6,0,13,36.9,55.0,0,21,31.6,46.4,7,4,3,3,0.08,2,,,,,,5,4,4,0.14,4,,,,,,4,2,2,0.23,4,12,5,5,0.06,5,4,3,3,0.09,3,,,,,,,,,,,,,,,,,,,,,,,,,,,,,,,,,,,,4528,黒井 達矢,103期,埼玉,埼玉,38,A1,,0,0,0.17,6.73,46.8,67.0,6.62,46.1,57.6,0,56,37.9,62.7,0,70,32.1,45.0,8,,,,,,9,6,6,0.14,3,3,1,1,0.15,2,10,5,5,0.26,5,,,,,,12,4,3,0.03,4,2,2,2,0.19,5,,,,,,,,,,,,,,,,,,,,,,,,,,,,,,,,,,,,4391,松田 祐季,98期,福井,福井,40,A1,,0,0,0.15,7.19,56.7,73.8,7.77,63.3,76.6,0,31,42.2,60.3,0,63,32.6,51.7,9,,,,,,7,3,3,0.12,6,,,,,,8,4,4,0.21,4,2,5,5,0.19,3,11,2,2,0.05,5,4,1,1,0.11,1,,,,,,,,,,,,,,,,,,,,,,,,,,,,,,,,,,,,4337,平本 真之,96期,愛知,愛知,42,A1,,0,0,0.13,7.35,47.2,70.5,6.94,52.9,64.7,0,27,32.8,47.8,0,45,36.1,51.5,8,1,2,2,0.12,2,7,6,6,0.14,5,,,,,,12,5,5,0.19,5,2,4,4,0.13,5,8,3,3,0.04,5,,,,,,9,1,1,0.14,1,,,,,,,,,,,,,,,,,,,,,,,,,,,,,,,4796,春園 功太,113期,三重,三重,35,A1,,0,0,0.15,6.02,45.3,59.2,6.79,53.4,68.2,0,70,33.5,50.6,0,75,50.0,70.4,9,1,1,1,0.1,1,,,,,,,,,,,7,5,5,0.06,5,1,6,6,0.12,6,11,4,4,0.07,6,1,2,2,0.14,3,,,,,,,,,,,,,,,,,,,,,,,,,,,,,,,,,,,,4361,柳生 泰二,97期,山口,山口,41,A1,賞除,1,0,0.14,7.5,58.4,72.6,7.31,50.0,72.2,0,37,41.4,57.2,0,55,31.3,51.9,,1,5,5,0.08,4,10,2,2,0.1,1,,,,,,10,1,1,0.09,1,,,,,,8,4,4,0.02,4,6,3,3,0.02,F,12,6,6,0.28,6,,,,,,,,,,,,,,,,,,,,,,,,,,,,,,
202609070904,2026-09-07,09,04R,4477,篠崎 仁志,101期,福岡,福岡,38,A1,,0,0,0.13,7.22,42.8,67.6,6.13,33.3,53.3,0,54,27.2,46.4,0,37,31.0,47.3,9,4,1,1,0.11,1,9,4,4,0.19,6,,,,,,11,5,5,0.07,4,2,2,2,0.18,4,,,,,,5,3,3,0.11,3,10,6,6,0.21,5,,,,,,,,,,,,,,,,,,,,,,,,,,,,,,,4856,豊田 健士郎,115期,三重,三重,30,A1,,0,0,0.14,7.23,57.6,73.0,7.58,63.7,75.2,0,32,35.8,54.2,0,28,36.3,49.6,8,,,,,,8,1,1,0.11,2,5,5,5,0.14,2,11,4,4,0.07,3,3,2,2,0.1,2,,,,,,3,6,6,0.12,3,8,3,3,0.05,6,,,,,,,,,,,,,,,,,,,,,,,,,,,,,,,4852,川原 祐明,115期,香川,愛媛,31,A1,,1,0,0.15,7.2,58.2,77.0,7.23,58.0,74.1,0,64,32.8,50.6,0,12,29.3,38.4,,5,2,2,0.09,6,10,6,6,0.11,6,4,5,5,0.14,3,,,,,,3,4,4,0.13,5,,,,,,2,1,1,0.18,1,9,3,3,0.19,6,,,,,,,,,,,,,,,,,,,,,,,,,,,,,,,3941,池田 浩二,81期,愛知,愛知,48,A1,,0,0,0.12,7.8,50.4,67.8,7.15,33.3,59.2,0,12,29.6,40.0,0,31,39.2,60.0,9,,,,,,12,1,1,0.35,6,4,6,6,0.11,4,10,4,4,0.2,4,5,5,5,0.08,3,11,3,3,0.05,2,,,,,,8,2,2,0.06,3,,,,,,,,,,,,,,,,,,,,,,,,,,,,,,,4456,鎌倉 涼,100期,大阪,大阪,37,A1,,1,0,0.16,6.3,36.8,56.5,7.0,60.0,80.0,0,71,30.7,46.4,0,19,31.7,49.6,8,,,,,,9,2,2,0.16,4,2,4,4,0.16,6,9,3,3,0.16,3,1,1,1,0.09,1,,,,,,1,5,5,0.13,5,11,6,6,0.12,6,,,,,,,,,,,,,,,,,,,,,,,,,,,,,,,4953,尾上 雅也,119期,埼玉,埼玉,31,A1,,0,0,0.16,6.67,52.1,68.3,7.79,68.4,84.2,0,72,35.0,52.6,0,34,40.4,58.1,,6,3,4,0.06,3,,,,,,4,2,2,0.2,6,9,1,1,0.18,6,4,3,3,0.2,5,,,,,,4,5,5,0.15,6,10,4,4,0.14,6,,,,,,,,,,,,,,,,,,,,,,,,,,,,,,
202609070905,2026-09-07,09,05R,4445,宮地 元輝,100期,佐賀,佐賀,39,A1,,0,0,0.12,7.28,50.0,62.5,7.55,51.5,66.6,0,20,29.5,41.7,0,33,44.1,62.7,9,5,1,1,0.16,1,,,,,,,,,,,12,4,4,0.14,4,3,5,5,0.17,4,9,2,2,0.14,4,2,3,3,0.13,3,8,6,6,0.1,4,,,,,,,,,,,,,,,,,,,,,,,,,,,,,,,4980,佐々木 完太,120期,山口,山口,30,A1,,0,0,0.16,7.31,55.7,67.3,3.63,12.5,25.0,0,22,40.2,61.7,0,22,35.2,55.5,1,2,2,2,0.17,3,7,4,4,0.14,4,6,6,6,0.04,3,,,,,,4,4,5,0.15,6,,,,,,1,1,1,0.11,2,7,3,3,0.04,5,,,,,,,,,,,,,,,,,,,,,,,,,,,,,,,4760,山崎 郡,112期,大阪,大阪,36,A1,,0,0,0.14,7.63,55.2,71.5,8.33,61.1,83.3,0,39,42.0,56.5,0,48,30.3,45.4,,2,4,4,0.17,4,10,1,1,0.11,4,,,,,,8,6,6,0.23,5,2,3,3,0.21,2,10,5,5,0.15,5,3,2,2,0.1,6,,,,,,,,,,,,,,,,,,,,,,,,,,,,,,,,,,,,4857,加藤 翔馬,115期,兵庫,兵庫,29,A1,,0,0,0.16,7.18,58.9,74.1,8.3,80.0,90.0,0,16,39.8,57.2,0,67,34.2,51.3,9,2,1,1,0.27,6,9,5,5,0.2,5,5,6,6,0.15,3,,,,,,5,3,3,0.03,4,,,,,,3,3,3,0.1,1,9,2,2,0.14,5,,,,,,,,,,,,,,,,,,,,,,,,,,,,,,,4713,白神 優,110期,岡山,岡山,36,A1,,0,0,0.14,6.35,42.0,63.0,7.2,60.0,70.0,0,33,29.0,46.6,0,57,36.7,52.4,1,4,2,2,0.12,3,,,,,,2,3,3,0.16,4,7,6,6,0.05,6,6,4,4,0.15,6,,,,,,6,1,1,0.04,1,,,,,,,,,,,,,,,,,,,,,,,,,,,,,,,,,,,,5256,中山 翔太,130期,三重,三重,22,A1,賞除,2,0,0.14,6.18,46.9,60.2,6.35,45.7,62.7,0,15,38.3,55.6,0,62,31.5,53.0,,3,2,2,0.17,6,11,6,6,0.07,6,6,4,4,0.04,F,,,,,,6,5,5,0.15,4,,,,,,2,5,5,0.1,6,7,4,4,0.08,4,,,,,,,,,,,,,,,,,,,,,,,,,,,,,,
202609070906,2026-09-07,09,06R,5017,澤田 尚也,121期,滋賀,京都,27,A1,,0,0,0.13,6.83,52.8,69.1,6.58,50.0,58.3,0,38,38.8,57.6,0,26,37.9,51.7,2,2,3,3,0.31,5,,,,,,,,,,,9,4,4,0.08,2,1,5,5,0.11,5,8,1,1,0.08,1,,,,,,9,6,6,0.17,2,,,,,,,,,,,,,,,,,,,,,,,,,,,,,,,4468,大池 佑来,101期,東京,神奈川,39,A1,,1,0,0.13,7.35,59.4,77.2,7.36,59.0,72.7,0,53,34.4,51.2,0,29,35.9,58.9,1,,,,,,10,3,3,0.2,5,2,6,5,0.17,5,,,,,,4,6,4,0.25,3,9,6,6,0.15,5,3,1,1,0.06,5,,,,,,,,,,,,,,,,,,,,,,,,,,,,,,,,,,,,4205,山口 剛,91期,広島,広島,44,A1,,0,0,0.14,7.83,52.3,72.0,6.56,44.4,50.0,0,55,29.5,41.0,0,38,32.4,51.5,,,,,,,12,5,5,0.21,2,6,3,3,0.06,4,11,1,1,0.15,6,2,6,6,0.25,6,7,2,2,0.16,4,1,4,4,0.1,4,,,,,,,,,,,,,,,,,,,,,,,,,,,,,,,,,,,,4547,中田 竜太,104期,埼玉,福島,38,A1,,0,0,0.16,6.88,43.5,62.3,6.12,23.0,50.0,0,66,25.1,37.0,0,61,27.4,40.4,1,,,,,,7,1,1,0.1,1,1,6,6,0.11,6,11,2,2,0.13,2,,,,,,9,3,3,0.09,6,,,,,,9,5,5,0.22,4,,,,,,,,,,,,,,,,,,,,,,,,,,,,,,,4415,下出 卓矢,99期,福井,石川,39,A1,,1,0,0.14,6.07,47.9,58.8,6.48,48.2,62.5,0,67,36.2,51.9,0,15,41.2,58.7,2,6,4,5,0.07,6,,,,,,2,1,1,0.1,1,,,,,,5,4,4,0.09,5,10,6,6,0.17,6,1,3,3,0.09,1,,,,,,,,,,,,,,,,,,,,,,,,,,,,,,,,,,,,4739,中村 晃朋,111期,香川,香川,34,A1,賞除,1,0,0.15,6.57,55.3,70.5,5.91,39.5,62.7,0,61,29.8,45.1,0,30,36.1,50.3,,6,5,6,0.02,5,,,,,,1,2,2,0.14,4,6,5,5,0.04,F,1,4,4,0.1,2,,,,,,,,,,,8,5,5,0.13,5,,,,,,,,,,,,,,,,,,,,,,,,,,,,,,
202609070907,2026-09-07,09,07R,4743,木村 仁紀,111期,滋賀,京都,33,A1,,0,0,0.14,6.33,41.6,60.6,7.09,50.0,63.6,0,52,31.2,44.5,0,66,31.5,50.7,1,3,6,6,0.13,5,,,,,,,,,,,7,2,2,0.02,3,3,1,1,0.08,1,7,5,5,0.13,3,,,,,,11,3,3,0.07,5,,,,,,,,,,,,,,,,,,,,,,,,,,,,,,,5112,砂長 知輝,125期,埼玉,埼玉,26,A1,,1,0,0.16,6.85,53.4,73.7,6.97,55.8,76.4,0,25,39.3,56.5,0,73,32.4,50.3,,1,3,3,0.09,6,11,5,5,0.12,5,5,2,2,0.18,5,,,,,,5,1,1,0.03,2,,,,,,1,6,6,0.14,6,6,4,4,0.09,2,,,,,,,,,,,,,,,,,,,,,,,,,,,,,,,4013,中島 孝平,84期,福井,福井,46,A1,,0,0,0.14,7.14,49.4,66.6,6.66,45.2,66.0,0,14,28.6,43.3,0,40,31.1,49.6,2,,,,,,12,4,4,0.19,5,5,1,1,0.23,6,,,,,,1,2,2,0.09,4,9,5,5,0.14,3,2,6,6,0.09,4,10,3,3,0.14,3,,,,,,,,,,,,,,,,,,,,,,,,,,,,,,,4804,高田 ひかる,113期,三重,三重,32,A1,,1,0,0.19,6.04,40.0,58.1,6.34,45.0,61.2,0,50,34.6,50.0,0,56,38.5,56.7,1,5,6,6,0.16,5,,,,,,1,1,1,0.07,1,10,2,2,0.1,3,,,,,,7,3,3,0.19,5,5,5,5,0.12,5,,,,,,,,,,,,,,,,,,,,,,,,,,,,,,,,,,,,4772,石丸 海渡,112期,香川,愛媛,33,A1,,0,0,0.11,6.8,53.3,67.6,7.43,60.0,86.6,0,13,36.9,55.0,0,21,31.6,46.4,3,4,3,3,0.08,2,,,,,,5,4,4,0.14,4,,,,,,4,2,2,0.23,4,12,5,5,0.06,5,4,3,3,0.09,3,,,,,,,,,,,,,,,,,,,,,,,,,,,,,,,,,,,,4472,尾嶋 一広,101期,兵庫,兵庫,39,A1,,0,0,0.16,6.61,45.4,64.6,5.44,33.3,44.4,0,60,26.7,48.5,0,16,43.3,59.3,2,,,,,,8,5,5,0.07,6,3,4,4,0.12,4,,,,,,1,3,3,0.09,3,6,1,1,0.1,2,,,,,,7,6,6,0.1,6,,,,,,,,,,,,,,,,,,,,,,,,,,,,,,
202609070908,2026-09-07,09,08R,4337,平本 真之,96期,愛知,愛知,42,A1,,0,0,0.13,7.35,47.2,70.5,6.94,52.9,64.7,0,27,32.8,47.8,0,45,36.1,51.5,3,1,2,2,0.12,2,7,6,6,0.14,5,,,,,,12,5,5,0.19,5,2,4,4,0.13,5,8,3,3,0.04,5,,,,,,9,1,1,0.14,1,,,,,,,,,,,,,,,,,,,,,,,,,,,,,,,4456,鎌倉 涼,100期,大阪,大阪,37,A1,,1,0,0.16,6.3,36.8,56.5,7.0,60.0,80.0,0,71,30.7,46.4,0,19,31.7,49.6,4,,,,,,9,2,2,0.16,4,2,4,4,0.16,6,9,3,3,0.16,3,1,1,1,0.09,1,,,,,,1,5,5,0.13,5,11,6,6,0.12,6,,,,,,,,,,,,,,,,,,,,,,,,,,,,,,,5034,若林 義人,122期,静岡,静岡,28,A1,,0,0,0.12,6.44,48.8,66.1,6.18,42.2,64.4,0,40,46.6,60.6,0,59,31.4,41.3,2,3,1,1,0.12,2,,,,,,,,,,,8,5,5,0.25,6,3,6,6,0.16,6,12,3,4,0.02,3,,,,,,10,2,2,0.12,4,,,,,,,,,,,,,,,,,,,,,,,,,,,,,,,4528,黒井 達矢,103期,埼玉,埼玉,38,A1,,0,0,0.17,6.73,46.8,67.0,6.62,46.1,57.6,0,56,37.9,62.7,0,70,32.1,45.0,3,,,,,,9,6,6,0.14,3,3,1,1,0.15,2,10,5,5,0.26,5,,,,,,12,4,3,0.03,4,2,2,2,0.19,5,,,,,,,,,,,,,,,,,,,,,,,,,,,,,,,,,,,,4537,渡邉 和将,103期,岡山,岡山,36,A1,,0,0,0.14,7.26,52.0,77.6,7.26,52.6,78.9,0,59,29.8,47.5,0,46,43.0,62.2,2,5,4,4,0.11,4,,,,,,3,3,3,0.2,5,8,2,2,0.18,3,5,6,6,0.16,6,,,,,,4,4,4,0.22,5,8,1,1,0.06,1,,,,,,,,,,,,,,,,,,,,,,,,,,,,,,,4856,豊田 健士郎,115期,三重,三重,30,A1,,0,0,0.14,7.23,57.6,73.0,7.58,63.7,75.2,0,32,35.8,54.2,0,28,36.3,49.6,4,,,,,,8,1,1,0.11,2,5,5,5,0.14,2,11,4,4,0.07,3,3,2,2,0.1,2,,,,,,3,6,6,0.12,3,8,3,3,0.05,6,,,,,,,,,,,,,,,,,,,,,,,,,,,,,,
202609070909,2026-09-07,09,09R,3941,池田 浩二,81期,愛知,愛知,48,A1,,0,0,0.12,7.8,50.4,67.8,7.15,33.3,59.2,0,12,29.6,40.0,0,31,39.2,60.0,4,,,,,,12,1,1,0.35,6,4,6,6,0.11,4,10,4,4,0.2,4,5,5,5,0.08,3,11,3,3,0.05,2,,,,,,8,2,2,0.06,3,,,,,,,,,,,,,,,,,,,,,,,,,,,,,,,4857,加藤 翔馬,115期,兵庫,兵庫,29,A1,,0,0,0.16,7.18,58.9,74.1,8.3,80.0,90.0,0,16,39.8,57.2,0,67,34.2,51.3,5,2,1,1,0.27,6,9,5,5,0.2,5,5,6,6,0.15,3,,,,,,5,3,3,0.03,4,,,,,,3,3,3,0.1,1,9,2,2,0.14,5,,,,,,,,,,,,,,,,,,,,,,,,,,,,,,,4796,春園 功太,113期,三重,三重,35,A1,,0,0,0.15,6.02,45.3,59.2,6.79,53.4,68.2,0,70,33.5,50.6,0,75,50.0,70.4,3,1,1,1,0.1,1,,,,,,,,,,,7,5,5,0.06,5,1,6,6,0.12,6,11,4,4,0.07,6,1,2,2,0.14,3,,,,,,,,,,,,,,,,,,,,,,,,,,,,,,,,,,,,4445,宮地 元輝,100期,佐賀,佐賀,39,A1,,0,0,0.12,7.28,50.0,62.5,7.55,51.5,66.6,0,20,29.5,41.7,0,33,44.1,62.7,5,5,1,1,0.16,1,,,,,,,,,,,12,4,4,0.14,4,3,5,5,0.17,4,9,2,2,0.14,4,2,3,3,0.13,3,8,6,6,0.1,4,,,,,,,,,,,,,,,,,,,,,,,,,,,,,,,4477,篠崎 仁志,101期,福岡,福岡,38,A1,,0,0,0.13,7.22,42.8,67.6,6.13,33.3,53.3,0,54,27.2,46.4,0,37,31.0,47.3,4,4,1,1,0.11,1,9,4,4,0.19,6,,,,,,11,5,5,0.07,4,2,2,2,0.18,4,,,,,,5,3,3,0.11,3,10,6,6,0.21,5,,,,,,,,,,,,,,,,,,,,,,,,,,,,,,,4391,松田 祐季,98期,福井,福井,40,A1,,0,0,0.15,7.19,56.7,73.8,7.77,63.3,76.6,0,31,42.2,60.3,0,63,32.6,51.7,3,,,,,,7,3,3,0.12,6,,,,,,8,4,4,0.21,4,2,5,5,0.19,3,11,2,2,0.05,5,4,1,1,0.11,1,,,,,,,,,,,,,,,,,,,,,,,,,,,,,,,,,,,
202609070910,2026-09-07,09,10R,4444,桐生 順平,100期,埼玉,福島,39,A1,,0,0,0.13,7.17,38.5,60.2,8.13,37.5,62.5,0,51,41.1,58.8,0,39,32.6,47.9,,,,,,,12,2,2,0.2,1,2,5,6,0.13,3,8,3,3,0.16,2,,,,,,8,5,5,0.06,3,3,4,4,0.09,2,12,1,1,0.11,2,,,,,,,,,,,,,,,,,,,,,,,,,,,,,,,4586,磯部 誠,105期,愛知,愛知,35,A1,,0,0,0.13,7.69,54.7,71.3,7.68,48.7,78.0,0,11,26.4,42.8,0,76,40.0,59.2,,5,3,3,0.1,3,11,4,4,0.06,4,,,,,,9,5,5,0.15,1,,,,,,9,1,1,0.15,1,6,6,6,0.13,3,11,2,2,0.08,2,,,,,,,,,,,,,,,,,,,,,,,,,,,,,,,4024,井口 佳典,85期,三重,三重,49,A1,,0,0,0.16,6.89,47.0,60.0,7.7,64.9,77.7,0,68,38.0,49.7,0,60,31.2,45.5,,,,,,,12,3,3,0.25,3,3,5,5,0.06,3,9,2,2,0.17,4,,,,,,12,1,1,0.04,1,4,6,6,0.13,4,9,4,4,0.18,3,,,,,,,,,,,,,,,,,,,,,,,,,,,,,,,4512,高野 哲史,102期,兵庫,兵庫,37,A1,,0,0,0.15,6.83,57.4,70.9,6.59,40.7,62.9,0,30,31.4,45.9,0,25,36.6,53.4,,,,,,,7,2,2,0.14,2,1,3,3,0.13,2,9,6,6,0.1,5,2,1,1,0.17,1,,,,,,,,,,,12,4,4,0.13,4,,,,,,,,,,,,,,,,,,,,,,,,,,,,,,,4566,塩田 北斗,105期,福岡,福岡,38,A1,,1,0,0.14,6.84,45.8,64.7,8.1,63.4,78.0,0,49,39.0,52.4,0,44,32.1,41.7,,,,,,,7,5,5,0.14,3,4,1,1,0.13,1,,,,,,6,2,2,0.13,3,12,6,6,0.12,6,,,,,,8,4,4,0.05,2,,,,,,,,,,,,,,,,,,,,,,,,,,,,,,,4826,井上 一輝,114期,大阪,大阪,32,A1,,0,0,0.13,7.02,54.8,71.1,7.84,67.7,77.4,0,47,30.0,44.0,0,11,35.8,52.2,,1,6,6,0.07,3,8,3,3,0.07,1,,,,,,7,1,1,0.05,1,,,,,,9,4,4,0.11,2,5,2,2,0.08,6,12,5,5,0.2,5,,,,,,,,,,,,,,,,,,,,,,,,,,,,,,
202609070911,2026-09-07,09,11R,4851,関 浩哉,115期,群馬,群馬,31,A1,,0,0,0.13,7.54,47.1,64.4,7.06,33.3,61.1,0,35,34.8,55.2,0,64,31.5,50.0,,6,2,3,0.09,1,11,1,1,0.12,1,,,,,,12,6,6,0.12,6,7,4,4,0.14,1,12,2,2,0.06,2,,,,,,10,5,5,0.13,2,,,,,,,,,,,,,,,,,,,,,,,,,,,,,,,5267,石本 裕武,131期,大阪,大阪,26,A1,,0,0,0.15,6.76,53.6,64.2,6.17,41.3,65.5,0,23,29.6,45.9,0,13,32.4,52.7,,5,5,5,0.15,2,,,,,,3,2,2,0.13,1,11,6,6,0.12,5,3,3,3,0.09,3,,,,,,,,,,,7,1,1,0.03,1,,,,,,,,,,,,,,,,,,,,,,,,,,,,,,,4305,金子 拓矢,95期,群馬,栃木,42,A1,,0,0,0.15,6.81,53.1,67.0,8.0,65.9,82.9,0,24,38.4,61.5,0,72,30.4,50.4,,3,4,4,0.11,1,8,2,2,0.03,5,4,3,3,0.13,2,,,,,,4,1,1,0.16,1,11,5,5,0.09,3,5,6,6,0.09,4,,,,,,,,,,,,,,,,,,,,,,,,,,,,,,,,,,,,5015,高橋 竜矢,121期,広島,広島,28,A1,,0,0,0.14,6.91,54.9,75.4,7.0,53.8,76.9,0,41,42.1,62.5,0,32,43.8,57.8,,4,6,6,0.1,5,,,,,,2,2,2,0.09,2,10,3,3,0.12,2,,,,,,10,4,4,0.12,4,5,1,1,0.11,1,,,,,,,,,,,,,,,,,,,,,,,,,,,,,,,,,,,,4397,西村 拓也,98期,大阪,大阪,39,A1,,0,0,0.13,7.38,60.9,78.0,6.81,53.8,69.2,0,73,34.0,54.8,0,49,40.8,54.9,,6,6,2,0.03,4,,,,,,5,3,3,0.14,1,10,6,6,0.21,6,,,,,,7,1,1,0.17,2,2,4,4,0.09,2,,,,,,,,,,,,,,,,,,,,,,,,,,,,,,,,,,,,4502,遠藤 エミ,102期,滋賀,滋賀,38,A1,,0,0,0.14,7.34,50.8,71.4,7.07,41.3,68.9,0,44,45.6,63.7,0,23,37.5,51.8,,4,4,4,0.06,4,11,3,3,0.07,2,3,6,6,0.13,6,,,,,,5,2,2,0.02,1,,,,,,3,5,5,0.09,4,10,1,1,0.13,1,,,,,,,,,,,,,,,,,,,,,,,,,,,,,,
202609070912,2026-09-07,09,12R,3960,菊地 孝平,82期,静岡,岩手,48,A1,,0,0,0.11,6.72,40.5,59.4,6.87,50.0,60.0,0,48,35.4,53.8,0,65,30.7,47.2,,2,6,6,0.05,1,8,4,4,0.01,3,,,,,,12,3,3,0.09,2,,,,,,11,1,1,0.06,1,7,5,5,0.07,3,12,2,2,0.1,1,,,,,,,,,,,,,,,,,,,,,,,,,,,,,,,4256,渡辺 浩司,93期,福岡,大分,42,A1,,1,0,0.13,7.08,47.2,79.0,7.94,47.0,76.4,0,43,25.9,37.7,0,20,35.8,55.9,,3,3,3,0.15,3,10,5,5,0.09,3,6,1,1,0.05,1,,,,,,,,,,,8,6,6,0.1,2,4,2,2,0.16,2,11,4,4,0.09,4,,,,,,,,,,,,,,,,,,,,,,,,,,,,,,,3897,白井 英治,80期,山口,山口,49,A1,,0,0,0.13,7.77,52.4,67.9,7.76,52.0,68.0,0,69,21.7,37.7,0,69,34.6,52.2,,3,5,5,0.12,4,9,3,3,0.13,2,,,,,,12,2,2,0.1,3,6,6,6,0.14,5,,,,,,5,4,4,0.08,2,11,1,1,0.07,1,,,,,,,,,,,,,,,,,,,,,,,,,,,,,,,4448,青木 玄太,100期,滋賀,滋賀,39,A1,,0,0,0.16,7.06,56.6,74.3,6.0,50.0,50.0,0,26,31.1,52.5,0,18,38.0,54.5,,,,,,,8,6,6,0.09,4,1,5,5,0.08,3,8,1,1,0.15,1,,,,,,10,2,2,0.14,3,,,,,,12,3,3,0.15,3,,,,,,,,,,,,,,,,,,,,,,,,,,,,,,,4083,福島 勇樹,87期,東京,東京,47,A1,,1,0,0.14,6.92,54.1,71.6,6.29,51.6,67.7,0,28,34.0,52.0,0,17,32.2,44.9,,1,4,4,0.13,5,9,1,1,0.14,1,6,2,2,0.13,2,,,,,,6,3,3,0.09,1,11,6,6,0.21,4,6,5,5,0.08,4,,,,,,,,,,,,,,,,,,,,,,,,,,,,,,,,,,,,5084,末永 和也,124期,佐賀,佐賀,27,A1,,0,0,0.13,6.6,47.1,66.0,7.62,45.9,70.2,0,36,42.8,60.0,0,24,32.7,44.0,,,,,,,12,6,6,0.3,4,1,4,4,0.09,5,7,3,3,0.07,4,,,,,,10,1,1,0.13,1,7,2,2,0.06,2,11,5,5,0.1,3,,,,,,,,,,,,,,,,,,,,,,,,,,,,,,
202609071001,2026-09-07,10,01R,4394,永嶋 裕一,98期,福岡,福岡,40,A2,,0,0,0.15,5.91,37.1,64.9,6.64,50.0,72.7,0,61,31.7,44.4,0,43,27.2,42.1,10,,,,,,7,4,5,0.08,3,8,6,6,0.12,4,12,3,3,0.18,3,2,1,1,0.05,1,9,2,2,0.12,4,4,4,4,0.09,2,11,3,3,0.19,3,,,,,,,,,,,,,,,,,,,,,,,,,,,,,,,4552,杉山 勝匡,104期,佐賀,佐賀,37,B1,,1,0,0.14,4.16,25.3,40.3,4.63,25.0,50.0,0,22,23.7,33.6,0,59,28.0,44.0,8,2,3,4,0.15,5,7,3,3,0.08,転,1,5,5,0.15,3,,,,,,,,,,,9,1,1,0.13,1,3,5,5,0.13,6,7,2,2,0.12,4,,,,,,,,,,,,,,,,,,,,,,,,,,,,,,,5115,香川 颯太,125期,滋賀,京都,26,B1,,0,0,0.16,5.54,38.3,52.1,5.44,32.3,55.8,0,25,31.3,43.2,0,37,35.8,50.0,10,5,1,1,0.12,1,11,4,4,0.07,1,3,6,6,0.11,4,8,3,3,0.11,6,4,5,5,0.12,3,,,,,,3,2,2,0.14,2,,,,,,,,,,,,,,,,,,,,,,,,,,,,,,,,,,,,4879,山崎 鉄平,116期,佐賀,佐賀,31,B1,,0,0,0.17,5.19,29.6,55.5,3.77,15.3,23.0,0,58,33.8,47.6,0,50,33.3,49.5,,4,2,2,0.23,2,,,,,,4,3,3,0.15,6,12,4,4,0.17,6,,,,,,10,6,6,0.14,4,2,5,5,0.17,4,10,1,1,0.11,3,,,,,,,,,,,,,,,,,,,,,,,,,,,,,,,4128,川口 貴久,89期,東京,東京,46,B1,,1,0,0.14,5.08,30.1,47.6,4.83,27.5,48.2,0,30,46.3,63.4,0,44,40.3,53.8,7,2,4,3,0.18,4,10,6,6,0.11,4,1,4,4,0.15,2,,,,,,2,5,5,0.11,4,12,4,2,0.28,5,6,1,1,0.13,1,,,,,,,,,,,,,,,,,,,,,,,,,,,,,,,,,,,,4169,多田 有佑,90期,東京,山形,44,B1,,0,0,0.23,4.08,20.0,29.4,0.0,0.0,0.0,0,37,34.2,49.1,0,32,38.3,51.4,6,3,5,5,0.17,4,7,1,1,0.16,5,2,4,4,0.13,5,,,,,,1,6,6,0.19,6,6,2,2,0.19,4,4,3,3,0.14,5,,,,,,,,,,,,,,,,,,,,,,,,,,,,,,,,,,,
202609071002,2026-09-07,10,02R,4061,萩原 秀人,86期,福井,福井,47,A1,,0,0,0.14,7.55,56.3,70.8,7.53,57.5,81.2,0,28,27.8,49.1,0,60,30.2,46.2,11,3,3,3,0.19,2,12,1,1,0.05,2,4,6,6,0.12,1,8,2,2,0.16,5,6,4,4,0.18,3,,,,,,1,1,1,0.12,1,11,5,5,0.21,4,,,,,,,,,,,,,,,,,,,,,,,,,,,,,,,4509,平見 真彦,102期,愛知,愛知,37,A2,,0,0,0.18,6.27,41.7,67.0,6.75,37.5,87.5,0,56,25.0,42.8,0,65,29.5,47.8,12,4,6,6,0.23,6,9,3,3,0.22,5,,,,,,10,4,4,0.16,2,3,1,1,0.21,2,11,5,5,0.16,3,4,2,2,0.18,1,8,3,3,0.19,1,,,,,,,,,,,,,,,,,,,,,,,,,,,,,,,4340,土性 雅也,96期,三重,三重,42,B2,,0,0,0.0,3.33,16.2,23.2,0.0,0.0,0.0,0,48,29.4,44.5,0,42,31.3,50.8,,2,6,6,0.32,6,9,4,4,0.27,6,6,1,1,0.3,2,,,,,,1,3,3,0.12,5,,,,,,1,2,2,0.15,3,10,5,5,0.22,6,,,,,,,,,,,,,,,,,,,,,,,,,,,,,,,4252,松下 哲也,93期,福岡,福岡,43,B1,,1,0,0.19,5.0,29.1,47.9,7.71,71.4,85.7,0,31,36.5,52.0,0,22,30.6,48.3,7,2,5,5,0.23,3,8,1,1,0.23,4,6,4,4,0.24,3,,,,,,8,3,3,0.11,5,12,6,6,0.26,4,,,,,,8,2,2,0.19,2,,,,,,,,,,,,,,,,,,,,,,,,,,,,,,,4489,岩川 仁士,102期,大阪,大阪,39,B1,,0,0,0.15,4.97,28.8,45.1,4.43,23.8,42.8,0,44,38.0,56.2,0,19,40.5,56.9,8,6,1,1,0.31,2,,,,,,7,2,3,0.14,2,11,6,6,0.28,5,3,4,4,0.18,3,8,5,5,0.11,6,5,2,2,0.08,3,,,,,,,,,,,,,,,,,,,,,,,,,,,,,,,,,,,,4346,前田 健太郎,96期,福岡,福岡,41,B1,,1,0,0.17,4.4,28.5,38.7,4.75,35.7,42.8,0,41,25.6,44.2,0,33,33.9,53.2,6,3,4,4,0.16,3,9,1,1,0.14,1,,,,,,9,2,2,0.09,2,5,3,3,0.11,6,11,6,6,0.25,6,4,6,5,0.2,3,,,,,,,,,,,,,,,,,,,,,,,,,,,,,,,,,,,
202609071003,2026-09-07,10,03R,4215,吉島 祥之,91期,愛知,愛知,42,A2,,0,0,0.16,5.3,34.9,49.5,6.52,43.4,69.5,0,65,35.5,52.5,0,48,33.0,55.9,10,2,1,1,0.1,2,11,3,3,0.13,3,4,4,4,0.14,5,9,6,6,0.15,3,5,2,2,0.12,4,9,3,3,0.18,3,,,,,,7,5,5,0.11,2,,,,,,,,,,,,,,,,,,,,,,,,,,,,,,,5027,重冨 勇哉,122期,山口,山口,29,B1,,0,0,0.2,4.09,18.1,36.3,5.47,31.5,57.8,0,18,31.9,40.5,0,69,28.1,46.2,8,4,5,5,0.22,5,8,3,3,0.22,2,4,2,2,0.21,4,,,,,,4,4,4,0.18,6,11,1,1,0.17,4,,,,,,9,6,6,0.11,5,,,,,,,,,,,,,,,,,,,,,,,,,,,,,,,3959,坪井 康晴,82期,静岡,静岡,48,A1,,0,0,0.13,7.18,48.4,67.6,7.25,58.3,79.1,0,24,35.2,51.6,0,24,38.3,60.8,11,7,5,6,0.11,2,12,2,2,0.08,3,,,,,,7,4,5,0.16,失,1,1,1,0.13,3,11,4,4,0.15,1,3,1,1,0.13,1,10,3,3,0.13,2,,,,,,,,,,,,,,,,,,,,,,,,,,,,,,,4580,長谷川 雅和,105期,岡山,岡山,37,B1,,0,0,0.17,6.03,42.6,62.6,4.95,36.3,40.9,0,32,22.6,45.2,0,41,16.6,25.6,12,,,,,,9,2,2,0.19,2,4,5,5,0.14,2,11,3,3,0.2,2,2,4,4,0.16,3,10,1,1,0.23,1,7,6,6,0.16,3,12,5,5,0.15,4,,,,,,,,,,,,,,,,,,,,,,,,,,,,,,,5037,田頭 虎親,122期,香川,兵庫,28,B1,,0,0,0.18,5.69,45.0,57.5,5.67,38.8,61.1,0,55,35.9,50.8,0,61,40.8,48.7,9,6,5,5,0.18,3,,,,,,6,6,6,0.33,5,12,2,2,0.21,5,6,3,3,0.19,1,,,,,,3,4,4,0.15,3,8,1,1,0.13,5,,,,,,,,,,,,,,,,,,,,,,,,,,,,,,,5470,坂口 諒宗,138期,兵庫,兵庫,17,B2,,1,0,0.0,1.26,0.0,0.0,0.0,0.0,0.0,0,50,32.3,50.0,0,68,28.3,50.8,,3,6,6,0.17,6,,,,,,1,6,6,0.31,5,7,,6,,欠,,,,,,9,6,6,0.23,5,1,6,6,0.21,4,6,6,6,0.45,6,,,,,,,,,,,,,,,,,,,,,,,,,,,,,,
202609071004,2026-09-07,10,04R,4822,百武 翔,114期,佐賀,佐賀,33,A2,,0,0,0.17,6.43,51.5,67.6,4.96,29.1,41.6,0,70,36.0,50.4,0,53,29.7,43.8,12,3,1,1,0.07,1,11,5,5,0.17,6,3,3,3,0.1,2,,,,,,5,5,6,0.13,3,12,3,4,0.24,6,5,4,4,0.07,2,10,2,2,0.18,1,,,,,,,,,,,,,,,,,,,,,,,,,,,,,,,3730,塩崎 優司,75期,愛知,愛知,54,B1,,0,0,0.17,3.81,17.5,29.6,4.35,26.9,30.7,0,68,11.9,27.1,0,28,43.5,57.2,9,3,2,2,0.12,5,8,6,6,0.36,5,,,,,,8,1,1,0.15,3,5,6,5,0.13,5,,,,,,2,4,4,0.19,6,6,3,3,0.23,4,,,,,,,,,,,,,,,,,,,,,,,,,,,,,,,4669,井上 茂,109期,福岡,福岡,41,B1,,0,0,0.16,4.17,14.7,35.2,5.35,34.6,50.0,0,66,30.2,47.9,0,52,34.6,52.4,,1,4,4,0.25,2,11,6,6,0.26,4,5,6,5,0.25,5,,,,,,4,2,2,0.11,4,8,1,1,0.11,2,5,3,3,0.06,6,,,,,,,,,,,,,,,,,,,,,,,,,,,,,,,,,,,,4575,戸塚 邦好,105期,東京,東京,37,A2,,0,0,0.16,5.86,41.0,55.7,7.0,64.0,76.0,0,38,26.1,39.6,0,55,31.2,50.8,10,4,3,3,0.21,4,11,2,2,0.14,2,,,,,,7,3,4,0.21,1,4,1,1,0.1,1,10,5,5,0.16,6,6,4,4,0.17,2,12,6,6,0.15,3,,,,,,,,,,,,,,,,,,,,,,,,,,,,,,,4166,吉田 拡郎,90期,岡山,岡山,44,A1,,0,0,0.12,7.7,57.7,74.1,7.24,57.1,71.4,0,49,36.1,52.9,0,21,38.3,50.4,11,8,5,5,0.15,1,12,3,3,0.06,5,2,2,2,0.12,2,12,1,1,0.15,1,,,,,,8,6,6,0.13,4,8,4,4,0.11,4,12,1,1,0.1,1,,,,,,,,,,,,,,,,,,,,,,,,,,,,,,,3812,山崎 聖司,77期,東京,千葉,50,B1,,0,0,0.18,4.15,14.9,38.8,4.41,11.7,47.0,0,20,39.6,57.0,0,49,25.0,47.5,,5,2,2,0.17,6,,,,,,5,1,1,0.19,4,9,5,5,0.17,4,,,,,,9,4,4,0.21,6,2,3,3,0.18,3,8,6,6,0.18,6,,,,,,,,,,,,,,,,,,,,,,,,,,,,,,
202609071005,2026-09-07,10,05R,4709,岡村 将也,110期,福岡,福岡,37,A2,,1,0,0.15,5.32,31.7,52.4,5.47,31.5,47.3,0,69,29.8,45.1,0,29,26.8,46.3,,6,6,6,0.17,4,10,2,2,0.18,3,4,1,1,0.18,3,10,3,3,0.26,3,,,,,,7,4,4,0.15,3,5,6,5,0.15,4,12,4,4,0.13,6,,,,,,,,,,,,,,,,,,,,,,,,,,,,,,,3804,中渡 修作,77期,福岡,鹿児島,52,B1,,0,0,0.16,4.96,31.1,46.7,2.58,10.5,15.7,0,26,18.6,35.2,0,35,31.4,50.0,9,5,5,5,0.13,5,,,,,,1,3,3,0.22,4,8,4,4,0.11,1,,,,,,7,1,1,0.12,1,3,6,6,0.19,5,11,2,2,0.18,5,,,,,,,,,,,,,,,,,,,,,,,,,,,,,,,4731,間野 兼礼,111期,愛知,愛知,37,B1,,1,0,0.16,4.74,21.6,43.2,4.86,28.5,57.1,0,62,35.2,61.3,0,23,35.2,58.4,,5,3,3,0.16,3,,,,,,2,5,5,0.12,3,11,1,1,0.17,1,3,2,2,0.21,6,10,4,4,0.28,5,4,5,6,0.13,6,,,,,,,,,,,,,,,,,,,,,,,,,,,,,,,,,,,,5023,久永 祥平,122期,東京,神奈川,31,A2,,1,0,0.16,5.74,36.6,57.7,5.7,50.0,60.0,0,39,31.7,57.0,0,39,28.0,42.4,11,,,,,,9,5,5,0.27,3,6,2,2,0.28,1,11,4,4,0.21,3,4,6,6,0.19,5,12,2,3,0.24,2,4,1,1,0.18,4,9,2,2,0.04,1,,,,,,,,,,,,,,,,,,,,,,,,,,,,,,,4073,大橋 純一郎,86期,静岡,静岡,45,A1,,0,0,0.15,6.59,53.8,68.2,6.6,53.3,66.6,0,67,22.8,35.2,0,67,33.0,46.2,10,6,4,4,0.17,1,12,6,6,0.18,6,3,1,1,0.1,1,11,2,2,0.23,4,4,3,3,0.11,2,9,5,5,0.19,2,2,2,2,0.15,2,,,,,,,,,,,,,,,,,,,,,,,,,,,,,,,,,,,,4270,岸本 雄貴,94期,三重,三重,44,B1,,0,0,0.18,4.95,31.5,47.3,3.5,9.0,27.2,0,23,43.3,57.5,0,17,25.4,45.7,,,,,,,10,1,1,0.15,6,5,4,4,0.18,6,10,2,2,0.17,6,3,5,5,0.22,5,,,,,,1,3,3,0.19,2,8,5,5,0.19,3,,,,,,,,,,,,,,,,,,,,,,,,,,,,,,
202609071006,2026-09-07,10,06R,4346,前田 健太郎,96期,福岡,福岡,41,B1,,1,0,0.17,4.4,28.5,38.7,4.75,35.7,42.8,0,41,25.6,44.2,0,33,33.9,53.2,2,3,4,4,0.16,3,9,1,1,0.14,1,,,,,,9,2,2,0.09,2,5,3,3,0.11,6,11,6,6,0.25,6,4,6,5,0.2,3,,,,,,,,,,,,,,,,,,,,,,,,,,,,,,,,,,,,4169,多田 有佑,90期,東京,山形,44,B1,,0,0,0.23,4.08,20.0,29.4,0.0,0.0,0.0,0,37,34.2,49.1,0,32,38.3,51.4,1,3,5,5,0.17,4,7,1,1,0.16,5,2,4,4,0.13,5,,,,,,1,6,6,0.19,6,6,2,2,0.19,4,4,3,3,0.14,5,,,,,,,,,,,,,,,,,,,,,,,,,,,,,,,,,,,,4982,中村 将隆,120期,兵庫,兵庫,30,B1,,1,0,0.15,4.84,27.1,50.0,3.54,12.5,20.8,0,34,35.6,48.0,0,38,33.3,49.5,,1,6,6,0.26,4,7,2,2,0.16,1,,,,,,7,1,1,0.23,3,2,3,3,0.11,5,6,5,5,0.25,5,,,,,,10,4,4,0.2,5,,,,,,,,,,,,,,,,,,,,,,,,,,,,,,,4933,板橋 侑我,118期,静岡,静岡,30,A2,,0,0,0.14,6.38,41.1,56.4,5.3,30.0,50.0,0,29,26.3,40.9,0,31,38.4,51.9,10,5,6,6,0.12,4,10,4,4,0.04,1,1,1,1,0.17,1,12,5,5,0.12,2,2,2,2,0.09,2,11,3,3,0.13,2,,,,,,7,3,3,0.11,1,,,,,,,,,,,,,,,,,,,,,,,,,,,,,,,4685,島村 隆幸,109期,徳島,高知,35,A1,,1,0,0.14,7.2,51.7,71.7,8.04,73.0,84.6,0,11,23.2,39.3,0,36,30.8,41.4,11,1,1,1,0.23,1,12,5,5,0.12,1,6,3,3,0.25,4,10,6,6,0.16,4,5,4,4,0.1,2,10,2,2,0.21,2,,,,,,11,1,1,0.13,1,,,,,,,,,,,,,,,,,,,,,,,,,,,,,,,3776,横井 健太,76期,愛知,愛知,51,B1,,0,0,0.2,3.28,10.4,24.4,3.56,14.5,22.9,0,16,23.0,39.4,0,70,31.5,48.2,,,,,,,10,3,3,0.12,5,3,5,4,0.13,6,7,5,2,0.23,4,,,,,,7,6,6,0.19,6,1,5,5,0.26,6,7,1,1,0.08,5,,,,,,,,,,,,,,,,,,,,,,,,,,,,,,
202609071007,2026-09-07,10,07R,4633,森 智也,107期,兵庫,兵庫,37,A2,,0,0,0.17,5.46,31.7,57.9,5.56,33.3,55.5,0,19,34.1,53.8,0,57,31.2,45.5,11,4,1,1,0.25,1,10,5,5,0.14,2,5,2,2,0.21,2,12,6,6,0.21,4,,,,,,8,4,4,0.15,3,3,3,3,0.17,4,12,2,2,0.18,5,,,,,,,,,,,,,,,,,,,,,,,,,,,,,,,4128,川口 貴久,89期,東京,東京,46,B1,,1,0,0.14,5.08,30.1,47.6,4.83,27.5,48.2,0,30,46.3,63.4,0,44,40.3,53.8,1,2,4,3,0.18,4,10,6,6,0.11,4,1,4,4,0.15,2,,,,,,2,5,5,0.11,4,12,4,2,0.28,5,6,1,1,0.13,1,,,,,,,,,,,,,,,,,,,,,,,,,,,,,,,,,,,,4252,松下 哲也,93期,福岡,福岡,43,B1,,1,0,0.19,5.0,29.1,47.9,7.71,71.4,85.7,0,31,36.5,52.0,0,22,30.6,48.3,2,2,5,5,0.23,3,8,1,1,0.23,4,6,4,4,0.24,3,,,,,,8,3,3,0.11,5,12,6,6,0.26,4,,,,,,8,2,2,0.19,2,,,,,,,,,,,,,,,,,,,,,,,,,,,,,,,3989,熊本 英一,83期,佐賀,佐賀,48,B1,,0,0,0.21,3.95,19.4,33.7,3.88,15.6,21.8,0,33,35.4,48.6,0,58,39.3,57.2,12,1,3,3,0.29,3,9,6,6,0.37,4,,,,,,10,1,1,0.18,1,1,5,5,0.19,2,8,2,2,0.15,1,6,5,5,0.31,5,11,4,4,0.23,2,,,,,,,,,,,,,,,,,,,,,,,,,,,,,,,4168,石野 貴之,90期,大阪,大阪,44,A1,,1,0,0.14,6.82,51.4,63.5,7.14,85.7,85.7,0,43,40.0,60.8,0,20,29.7,46.2,12,2,2,2,0.11,1,12,4,4,0.06,4,5,5,6,0.17,3,,,,,,3,3,3,0.18,1,12,1,1,0.21,1,5,1,1,0.1,1,9,5,5,0.03,2,,,,,,,,,,,,,,,,,,,,,,,,,,,,,,,5282,中本 大樹,131期,福井,石川,23,B1,,0,0,0.17,5.33,38.1,54.5,4.13,21.8,36.9,0,60,32.2,46.4,0,51,32.0,51.2,,7,6,4,0.13,4,11,1,1,0.11,5,2,6,6,0.28,6,,,,,,1,2,2,0.13,4,7,5,5,0.14,2,,,,,,9,3,3,0.02,6,,,,,,,,,,,,,,,,,,,,,,,,,,,,,,
202609071008,2026-09-07,10,08R,3692,竹腰 正樹,74期,福井,石川,55,B1,,0,0,0.18,5.14,30.8,52.3,4.88,28.9,46.2,0,46,37.9,59.6,0,40,37.1,54.8,12,1,2,2,0.25,6,,,,,,3,4,5,0.07,5,9,1,1,0.03,1,1,4,4,0.06,1,,,,,,2,6,6,0.18,5,12,3,3,0.13,2,,,,,,,,,,,,,,,,,,,,,,,,,,,,,,,4489,岩川 仁士,102期,大阪,大阪,39,B1,,0,0,0.15,4.97,28.8,45.1,4.43,23.8,42.8,0,44,38.0,56.2,0,19,40.5,56.9,2,6,1,1,0.31,2,,,,,,7,2,3,0.14,2,11,6,6,0.28,5,3,4,4,0.18,3,8,5,5,0.11,6,5,2,2,0.08,3,,,,,,,,,,,,,,,,,,,,,,,,,,,,,,,,,,,,4664,東口 晃,109期,福井,石川,43,B1,,0,0,0.2,4.28,20.6,34.4,3.95,21.8,32.7,0,17,38.1,58.7,0,66,35.2,58.2,,6,3,3,0.22,6,,,,,,1,2,2,0.27,6,6,5,5,0.29,6,3,6,6,0.24,4,,,,,,1,4,4,0.23,5,9,1,1,0.11,3,,,,,,,,,,,,,,,,,,,,,,,,,,,,,,,4511,中岡 健人,102期,香川,高知,37,B1,,0,0,0.18,4.74,23.7,45.0,5.88,12.5,87.5,0,14,35.1,45.9,0,56,31.1,46.7,,1,5,5,0.25,5,8,2,2,0.21,3,,,,,,9,4,4,0.14,5,6,1,1,0.18,2,10,3,3,0.21,3,5,5,6,0.11,5,,,,,,,,,,,,,,,,,,,,,,,,,,,,,,,,,,,,5027,重冨 勇哉,122期,山口,山口,29,B1,,0,0,0.2,4.09,18.1,36.3,5.47,31.5,57.8,0,18,31.9,40.5,0,69,28.1,46.2,3,4,5,5,0.22,5,8,3,3,0.22,2,4,2,2,0.21,4,,,,,,4,4,4,0.18,6,11,1,1,0.17,4,,,,,,9,6,6,0.11,5,,,,,,,,,,,,,,,,,,,,,,,,,,,,,,,4552,杉山 勝匡,104期,佐賀,佐賀,37,B1,,1,0,0.14,4.16,25.3,40.3,4.63,25.0,50.0,0,22,23.7,33.6,0,59,28.0,44.0,1,2,3,4,0.15,5,7,3,3,0.08,転,1,5,5,0.15,3,,,,,,,,,,,9,1,1,0.13,1,3,5,5,0.13,6,7,2,2,0.12,4,,,,,,,,,,,,,,,,,,,,,,,,,,,,,,
202609071009,2026-09-07,10,09R,4718,北川 太一,110期,佐賀,佐賀,33,A2,,2,0,0.14,6.08,40.3,67.7,0.0,0.0,0.0,0,47,18.6,36.4,0,46,38.0,54.8,,5,4,4,0.16,2,,,,,,5,3,3,0.21,1,11,5,5,0.29,6,6,6,6,0.24,6,11,2,2,0.24,5,2,1,1,0.17,1,9,4,4,0.05,4,,,,,,,,,,,,,,,,,,,,,,,,,,,,,,,5037,田頭 虎親,122期,香川,兵庫,28,B1,,0,0,0.18,5.69,45.0,57.5,5.67,38.8,61.1,0,55,35.9,50.8,0,61,40.8,48.7,3,6,5,5,0.18,3,,,,,,6,6,6,0.33,5,12,2,2,0.21,5,6,3,3,0.19,1,,,,,,3,4,4,0.15,3,8,1,1,0.13,5,,,,,,,,,,,,,,,,,,,,,,,,,,,,,,,4196,田中 太一郎,91期,佐賀,佐賀,44,B1,,0,0,0.17,3.91,19.3,29.5,2.69,0.0,7.6,0,53,33.3,48.7,0,15,36.8,52.4,,6,2,2,0.41,5,,,,,,2,3,3,0.1,4,8,5,5,0.14,2,5,1,1,0.15,1,,,,,,7,4,4,0.09,6,11,6,6,0.18,6,,,,,,,,,,,,,,,,,,,,,,,,,,,,,,,5161,登玉 隼百,127期,兵庫,兵庫,27,A2,,0,0,0.15,5.92,45.6,60.8,5.9,30.0,70.0,0,59,25.9,47.2,0,63,33.6,42.8,,,,,,,8,4,4,0.23,6,2,1,1,0.06,1,9,3,3,0.06,6,7,2,2,0.11,4,12,5,5,0.25,3,6,2,2,0.15,3,10,6,6,0.18,4,,,,,,,,,,,,,,,,,,,,,,,,,,,,,,,3804,中渡 修作,77期,福岡,鹿児島,52,B1,,0,0,0.16,4.96,31.1,46.7,2.58,10.5,15.7,0,26,18.6,35.2,0,35,31.4,50.0,5,5,5,5,0.13,5,,,,,,1,3,3,0.22,4,8,4,4,0.11,1,,,,,,7,1,1,0.12,1,3,6,6,0.19,5,11,2,2,0.18,5,,,,,,,,,,,,,,,,,,,,,,,,,,,,,,,3730,塩崎 優司,75期,愛知,愛知,54,B1,,0,0,0.17,3.81,17.5,29.6,4.35,26.9,30.7,0,68,11.9,27.1,0,28,43.5,57.2,4,3,2,2,0.12,5,8,6,6,0.36,5,,,,,,8,1,1,0.15,3,5,6,5,0.13,5,,,,,,2,4,4,0.19,6,6,3,3,0.23,4,,,,,,,,,,,,,,,,,,,,,,,,,,,,,,
202609071010,2026-09-07,10,10R,4933,板橋 侑我,118期,静岡,静岡,30,A2,,0,0,0.14,6.38,41.1,56.4,5.3,30.0,50.0,0,29,26.3,40.9,0,31,38.4,51.9,6,5,6,6,0.12,4,10,4,4,0.04,1,1,1,1,0.17,1,12,5,5,0.12,2,2,2,2,0.09,2,11,3,3,0.13,2,,,,,,7,3,3,0.11,1,,,,,,,,,,,,,,,,,,,,,,,,,,,,,,,4073,大橋 純一郎,86期,静岡,静岡,45,A1,,0,0,0.15,6.59,53.8,68.2,6.6,53.3,66.6,0,67,22.8,35.2,0,67,33.0,46.2,5,6,4,4,0.17,1,12,6,6,0.18,6,3,1,1,0.1,1,11,2,2,0.23,4,4,3,3,0.11,2,9,5,5,0.19,2,2,2,2,0.15,2,,,,,,,,,,,,,,,,,,,,,,,,,,,,,,,,,,,,4575,戸塚 邦好,105期,東京,東京,37,A2,,0,0,0.16,5.86,41.0,55.7,7.0,64.0,76.0,0,38,26.1,39.6,0,55,31.2,50.8,4,4,3,3,0.21,4,11,2,2,0.14,2,,,,,,7,3,4,0.21,1,4,1,1,0.1,1,10,5,5,0.16,6,6,4,4,0.17,2,12,6,6,0.15,3,,,,,,,,,,,,,,,,,,,,,,,,,,,,,,,5115,香川 颯太,125期,滋賀,京都,26,B1,,0,0,0.16,5.54,38.3,52.1,5.44,32.3,55.8,0,25,31.3,43.2,0,37,35.8,50.0,1,5,1,1,0.12,1,11,4,4,0.07,1,3,6,6,0.11,4,8,3,3,0.11,6,4,5,5,0.12,3,,,,,,3,2,2,0.14,2,,,,,,,,,,,,,,,,,,,,,,,,,,,,,,,,,,,,4394,永嶋 裕一,98期,福岡,福岡,40,A2,,0,0,0.15,5.91,37.1,64.9,6.64,50.0,72.7,0,61,31.7,44.4,0,43,27.2,42.1,1,,,,,,7,4,5,0.08,3,8,6,6,0.12,4,12,3,3,0.18,3,2,1,1,0.05,1,9,2,2,0.12,4,4,4,4,0.09,2,11,3,3,0.19,3,,,,,,,,,,,,,,,,,,,,,,,,,,,,,,,4215,吉島 祥之,91期,愛知,愛知,42,A2,,0,0,0.16,5.3,34.9,49.5,6.52,43.4,69.5,0,65,35.5,52.5,0,48,33.0,55.9,3,2,1,1,0.1,2,11,3,3,0.13,3,4,4,4,0.14,5,9,6,6,0.15,3,5,2,2,0.12,4,9,3,3,0.18,3,,,,,,7,5,5,0.11,2,,,,,,,,,,,,,,,,,,,,,,,,,,,,,,
202609071011,2026-09-07,10,11R,4685,島村 隆幸,109期,徳島,高知,35,A1,,1,0,0.14,7.2,51.7,71.7,8.04,73.0,84.6,0,11,23.2,39.3,0,36,30.8,41.4,6,1,1,1,0.23,1,12,5,5,0.12,1,6,3,3,0.25,4,10,6,6,0.16,4,5,4,4,0.1,2,10,2,2,0.21,2,,,,,,11,1,1,0.13,1,,,,,,,,,,,,,,,,,,,,,,,,,,,,,,,4166,吉田 拡郎,90期,岡山,岡山,44,A1,,0,0,0.12,7.7,57.7,74.1,7.24,57.1,71.4,0,49,36.1,52.9,0,21,38.3,50.4,4,8,5,5,0.15,1,12,3,3,0.06,5,2,2,2,0.12,2,12,1,1,0.15,1,,,,,,8,6,6,0.13,4,8,4,4,0.11,4,12,1,1,0.1,1,,,,,,,,,,,,,,,,,,,,,,,,,,,,,,,5023,久永 祥平,122期,東京,神奈川,31,A2,,1,0,0.16,5.74,36.6,57.7,5.7,50.0,60.0,0,39,31.7,57.0,0,39,28.0,42.4,5,,,,,,9,5,5,0.27,3,6,2,2,0.28,1,11,4,4,0.21,3,4,6,6,0.19,5,12,2,3,0.24,2,4,1,1,0.18,4,9,2,2,0.04,1,,,,,,,,,,,,,,,,,,,,,,,,,,,,,,,3959,坪井 康晴,82期,静岡,静岡,48,A1,,0,0,0.13,7.18,48.4,67.6,7.25,58.3,79.1,0,24,35.2,51.6,0,24,38.3,60.8,3,7,5,6,0.11,2,12,2,2,0.08,3,,,,,,7,4,5,0.16,失,1,1,1,0.13,3,11,4,4,0.15,1,3,1,1,0.13,1,10,3,3,0.13,2,,,,,,,,,,,,,,,,,,,,,,,,,,,,,,,4633,森 智也,107期,兵庫,兵庫,37,A2,,0,0,0.17,5.46,31.7,57.9,5.56,33.3,55.5,0,19,34.1,53.8,0,57,31.2,45.5,7,4,1,1,0.25,1,10,5,5,0.14,2,5,2,2,0.21,2,12,6,6,0.21,4,,,,,,8,4,4,0.15,3,3,3,3,0.17,4,12,2,2,0.18,5,,,,,,,,,,,,,,,,,,,,,,,,,,,,,,,4061,萩原 秀人,86期,福井,福井,47,A1,,0,0,0.14,7.55,56.3,70.8,7.53,57.5,81.2,0,28,27.8,49.1,0,60,30.2,46.2,2,3,3,3,0.19,2,12,1,1,0.05,2,4,6,6,0.12,1,8,2,2,0.16,5,6,4,4,0.18,3,,,,,,1,1,1,0.12,1,11,5,5,0.21,4,,,,,,,,,,,,,,,,,,,,,,,,,,,,,,
202609071012,2026-09-07,10,12R,4168,石野 貴之,90期,大阪,大阪,44,A1,,1,0,0.14,6.82,51.4,63.5,7.14,85.7,85.7,0,43,40.0,60.8,0,20,29.7,46.2,7,2,2,2,0.11,1,12,4,4,0.06,4,5,5,6,0.17,3,,,,,,3,3,3,0.18,1,12,1,1,0.21,1,5,1,1,0.1,1,9,5,5,0.03,2,,,,,,,,,,,,,,,,,,,,,,,,,,,,,,,4580,長谷川 雅和,105期,岡山,岡山,37,B1,,0,0,0.17,6.03,42.6,62.6,4.95,36.3,40.9,0,32,22.6,45.2,0,41,16.6,25.6,3,,,,,,9,2,2,0.19,2,4,5,5,0.14,2,11,3,3,0.2,2,2,4,4,0.16,3,10,1,1,0.23,1,7,6,6,0.16,3,12,5,5,0.15,4,,,,,,,,,,,,,,,,,,,,,,,,,,,,,,,3989,熊本 英一,83期,佐賀,佐賀,48,B1,,0,0,0.21,3.95,19.4,33.7,3.88,15.6,21.8,0,33,35.4,48.6,0,58,39.3,57.2,7,1,3,3,0.29,3,9,6,6,0.37,4,,,,,,10,1,1,0.18,1,1,5,5,0.19,2,8,2,2,0.15,1,6,5,5,0.31,5,11,4,4,0.23,2,,,,,,,,,,,,,,,,,,,,,,,,,,,,,,,4509,平見 真彦,102期,愛知,愛知,37,A2,,0,0,0.18,6.27,41.7,67.0,6.75,37.5,87.5,0,56,25.0,42.8,0,65,29.5,47.8,2,4,6,6,0.23,6,9,3,3,0.22,5,,,,,,10,4,4,0.16,2,3,1,1,0.21,2,11,5,5,0.16,3,4,2,2,0.18,1,8,3,3,0.19,1,,,,,,,,,,,,,,,,,,,,,,,,,,,,,,,4822,百武 翔,114期,佐賀,佐賀,33,A2,,0,0,0.17,6.43,51.5,67.6,4.96,29.1,41.6,0,70,36.0,50.4,0,53,29.7,43.8,4,3,1,1,0.07,1,11,5,5,0.17,6,3,3,3,0.1,2,,,,,,5,5,6,0.13,3,12,3,4,0.24,6,5,4,4,0.07,2,10,2,2,0.18,1,,,,,,,,,,,,,,,,,,,,,,,,,,,,,,,3692,竹腰 正樹,74期,福井,石川,55,B1,,0,0,0.18,5.14,30.8,52.3,4.88,28.9,46.2,0,46,37.9,59.6,0,40,37.1,54.8,8,1,2,2,0.25,6,,,,,,3,4,5,0.07,5,9,1,1,0.03,1,1,4,4,0.06,1,,,,,,2,6,6,0.18,5,12,3,3,0.13,2,,,,,,,,,,,,,,,,,,,,,,,,,,,,,,
202609071101,2026-09-07,11,01R,5379,廣部 大明,135期,滋賀,滋賀,22,B1,,0,0,0.2,3.34,10.9,23.2,2.5,5.8,12.7,0,17,28.4,40.9,0,36,28.5,46.1,8,5,4,4,0.18,5,,,,,,3,5,5,0.15,4,7,2,2,0.1,6,,,,,,7,3,3,0.32,6,,,,,,,,,,,,,,,,,,,,,,,,,,,,,,,,,,,,,,,,,5271,杉山 太陽,131期,福岡,福岡,25,B1,,0,0,0.19,4.04,17.9,34.8,3.11,11.1,33.3,0,14,37.5,62.5,0,21,32.1,51.7,6,2,5,6,0.29,落,7,3,3,0.14,4,5,5,5,0.19,6,,,,,,3,1,1,0.05,1,,,,,,,,,,,,,,,,,,,,,,,,,,,,,,,,,,,,,,,,,,,,,,5368,宮崎 心之介,135期,埼玉,埼玉,24,B1,,0,0,0.17,6.65,50.6,67.5,1.75,0.0,0.0,0,26,37.7,54.7,0,40,25.5,37.2,12,,,,,,7,1,1,0.12,2,6,2,2,0.19,3,11,4,4,0.12,6,,,,,,9,3,3,0.15,5,,,,,,,,,,,,,,,,,,,,,,,,,,,,,,,,,,,,,,,,,5298,水谷 理人,132期,香川,香川,24,A1,,0,0,0.16,7.21,57.2,72.6,5.7,40.0,60.0,0,52,36.1,51.0,0,43,44.0,55.9,7,2,2,2,0.08,4,12,6,6,0.18,5,6,3,3,0.18,2,,,,,,4,4,4,0.06,3,10,1,1,0.16,1,,,,,,,,,,,,,,,,,,,,,,,,,,,,,,,,,,,,,,,,,5343,小林 礼央,134期,広島,広島,23,B1,,0,0,0.16,4.13,19.7,37.3,2.2,8.0,8.0,0,27,27.6,43.4,0,26,34.3,48.9,5,6,2,2,0.2,5,,,,,,3,1,1,0.24,3,9,4,4,0.18,4,,,,,,10,3,3,0.13,2,,,,,,,,,,,,,,,,,,,,,,,,,,,,,,,,,,,,,,,,,5273,山下 拓巳,131期,兵庫,兵庫,25,B1,賞除,1,0,0.17,3.8,20.2,28.0,2.98,9.5,11.9,0,63,31.5,46.7,0,16,23.0,40.6,,1,4,4,0.33,6,10,2,2,0.22,6,4,1,1,0.01,F,,,,,,,,,,,7,6,6,0.29,5,,,,,,,,,,,,,,,,,,,,,,,,,,,,,,,,,,,,,,,,
202609071102,2026-09-07,11,02R,5234,塚越 海斗,130期,群馬,群馬,28,A1,,0,0,0.15,6.72,54.3,69.8,5.88,37.5,56.2,0,45,42.1,61.0,0,65,27.5,47.1,11,5,1,1,0.18,2,12,5,5,0.21,6,,,,,,8,2,2,0.2,4,8,5,6,0.22,4,12,3,3,0.07,2,,,,,,,,,,,,,,,,,,,,,,,,,,,,,,,,,,,,,,,,,5157,市川 健太,127期,滋賀,京都,28,B1,,0,0,0.17,4.24,27.0,37.5,4.74,23.9,43.5,0,41,35.5,54.4,0,25,40.4,59.5,7,1,1,1,0.27,2,7,5,5,0.08,3,,,,,,8,3,3,0.2,1,2,2,2,0.16,3,6,4,4,0.18,2,,,,,,,,,,,,,,,,,,,,,,,,,,,,,,,,,,,,,,,,,5179,藤本 元輝,128期,兵庫,兵庫,29,B1,,0,0,0.2,4.81,31.9,46.8,4.43,25.0,39.2,0,30,28.4,44.3,0,47,40.6,58.3,,1,3,3,0.31,5,9,5,5,0.03,2,,,,,,10,2,2,0.15,3,4,1,1,0.19,5,8,4,4,0.24,5,,,,,,,,,,,,,,,,,,,,,,,,,,,,,,,,,,,,,,,,,5290,坂本 一真,132期,東京,福島,25,B1,,0,0,0.17,3.04,9.2,20.3,1.17,0.0,0.0,0,13,44.7,64.5,0,52,45.9,74.4,,4,4,4,0.16,1,,,,,,1,5,5,0.17,5,5,2,2,0.14,5,2,1,1,0.1,5,11,3,3,0.25,2,,,,,,,,,,,,,,,,,,,,,,,,,,,,,,,,,,,,,,,,,5388,佐野 優都,135期,徳島,高知,19,B1,,2,0,0.14,3.22,10.2,22.4,0.0,0.0,0.0,0,60,13.9,33.7,0,20,46.2,59.1,,5,6,6,0.24,4,,,,,,1,6,6,0.22,3,7,6,5,0.18,3,4,6,5,0.17,2,9,6,5,0.32,6,,,,,,,,,,,,,,,,,,,,,,,,,,,,,,,,,,,,,,,,,5216,長谷川 晴哉,129期,群馬,群馬,26,A1,,0,0,0.17,5.91,39.3,61.4,5.17,36.6,43.3,0,48,32.2,55.9,0,56,22.2,40.7,12,4,3,3,0.21,3,11,4,4,0.24,1,,,,,,10,1,1,0.09,1,6,1,1,0.14,1,12,5,5,0.11,4,,,,,,,,,,,,,,,,,,,,,,,,,,,,,,,,,,,,,,,,
202609071103,2026-09-07,11,03R,5186,遠藤 圭吾,128期,東京,神奈川,26,B1,,0,0,0.19,4.51,27.3,41.0,4.73,27.2,45.4,0,49,38.1,52.3,0,28,9.0,25.9,9,6,3,3,0.26,6,,,,,,4,2,2,0.08,4,8,4,4,0.21,5,1,5,5,0.25,5,,,,,,,,,,,,,,,,,,,,,,,,,,,,,,,,,,,,,,,,,,,,,,5106,山崎 祥,125期,山口,山口,27,A2,,0,0,0.19,5.49,34.8,56.1,5.71,50.0,57.1,0,64,29.5,47.7,0,24,40.0,58.0,12,6,4,4,0.19,3,10,1,1,0.2,1,3,2,2,0.18,1,12,5,5,0.45,4,,,,,,8,3,3,0.19,2,,,,,,,,,,,,,,,,,,,,,,,,,,,,,,,,,,,,,,,,,5135,仲 航太,126期,東京,神奈川,26,B1,,1,0,0.19,5.7,43.7,58.7,6.0,45.4,54.5,0,47,34.0,54.0,0,15,41.3,56.3,10,3,4,4,0.22,2,8,1,1,0.17,1,,,,,,9,3,3,0.29,5,7,5,5,0.31,3,12,2,2,0.07,3,,,,,,,,,,,,,,,,,,,,,,,,,,,,,,,,,,,,,,,,,5255,藤原 仙二,130期,滋賀,滋賀,22,A1,,1,0,0.18,6.56,47.0,69.0,6.81,52.6,73.6,0,15,25.5,36.6,0,59,32.6,52.6,11,,,,,,10,5,5,0.28,2,4,5,4,0.1,2,12,2,2,0.33,3,5,3,3,0.13,3,12,1,1,0.06,1,,,,,,,,,,,,,,,,,,,,,,,,,,,,,,,,,,,,,,,,,5268,山本 幸也,131期,福岡,福岡,25,B1,,0,0,0.2,3.87,16.6,28.2,4.67,16.6,16.6,0,46,33.7,55.8,0,32,31.1,51.1,8,4,2,2,0.14,6,,,,,,4,3,3,0.0,5,10,4,4,0.2,4,5,5,5,0.12,1,,,,,,,,,,,,,,,,,,,,,,,,,,,,,,,,,,,,,,,,,,,,,,5010,宇留田 翔平,121期,三重,三重,29,A2,賞除,1,0,0.14,5.75,39.8,62.1,5.59,38.4,56.4,0,29,43.4,60.8,0,49,42.3,54.3,,4,6,6,0.12,5,9,2,2,0.05,F,,,,,,8,6,6,0.23,3,6,6,6,0.17,5,,,,,,,,,,,,,,,,,,,,,,,,,,,,,,,,,,,,,,,,,,,,,
202609071104,2026-09-07,11,04R,5177,松井 貫太,128期,福岡,福岡,30,B1,,0,0,0.2,4.49,20.7,38.7,2.87,8.7,13.0,0,58,27.2,46.5,0,67,22.6,44.0,9,,,,,,7,4,4,0.14,5,1,2,2,0.19,4,6,5,5,0.23,4,4,3,3,0.2,6,,,,,,,,,,,,,,,,,,,,,,,,,,,,,,,,,,,,,,,,,,,,,,5060,数原 魁,123期,兵庫,兵庫,29,A2,,0,0,0.17,5.85,40.2,57.7,5.82,35.2,64.7,0,22,27.0,45.8,0,60,32.9,60.4,11,7,6,6,0.06,6,11,2,2,0.19,3,,,,,,9,1,1,0.12,1,1,3,3,0.07,2,7,4,4,0.25,4,,,,,,,,,,,,,,,,,,,,,,,,,,,,,,,,,,,,,,,,,5222,津田 陸翔,129期,広島,広島,25,A1,,1,0,0.17,6.17,46.3,63.6,4.2,10.0,40.0,0,37,33.7,48.3,0,31,39.3,55.3,10,,,,,,9,4,4,0.04,1,5,1,1,0.14,1,11,5,5,0.16,5,4,5,6,0.14,1,11,2,2,0.26,3,,,,,,,,,,,,,,,,,,,,,,,,,,,,,,,,,,,,,,,,,5421,原田 朱理,137期,兵庫,大阪,24,B2,,0,0,0.24,1.43,1.9,3.9,1.22,0.0,0.0,0,23,30.7,47.2,0,22,36.5,51.6,8,3,6,5,0.22,6,,,,,,1,4,4,0.2,6,8,5,5,0.25,6,,,,,,10,5,5,0.47,6,,,,,,,,,,,,,,,,,,,,,,,,,,,,,,,,,,,,,,,,,5376,吉田 一心,135期,大阪,大阪,22,B1,,0,0,0.17,5.67,42.0,55.1,1.4,0.0,0.0,0,32,37.0,46.0,0,46,41.1,55.8,,2,3,3,0.13,3,10,6,6,0.26,5,6,1,1,0.16,1,,,,,,3,2,2,0.09,6,12,4,4,0.13,5,,,,,,,,,,,,,,,,,,,,,,,,,,,,,,,,,,,,,,,,,5154,村松 栄太,127期,広島,広島,30,B1,,0,0,0.18,4.49,24.7,38.1,4.69,15.3,42.3,0,57,46.4,56.5,0,72,34.4,53.3,12,,,,,,10,4,4,0.25,3,2,1,1,0.23,4,7,3,3,0.15,2,1,2,2,0.07,1,11,5,5,0.22,4,,,,,,,,,,,,,,,,,,,,,,,,,,,,,,,,,,,,,,,,
202609071105,2026-09-07,11,05R,5136,濱野 斗馬,126期,香川,香川,26,A1,,0,0,0.14,6.13,47.5,61.2,6.5,46.0,66.0,0,61,40.6,57.1,0,64,29.0,47.6,10,4,5,5,0.15,4,12,2,2,0.14,2,5,4,4,0.16,4,12,1,1,0.26,1,,,,,,9,5,6,0.18,2,,,,,,,,,,,,,,,,,,,,,,,,,,,,,,,,,,,,,,,,,5212,西川 拓利,129期,福岡,福岡,27,A2,,0,0,0.13,6.29,45.7,67.6,3.17,8.3,20.8,0,21,39.1,56.5,0,30,23.2,38.3,9,,,,,,8,3,3,0.19,2,7,1,1,0.07,1,12,4,4,0.32,2,4,2,2,0.17,4,12,6,6,0.08,6,,,,,,,,,,,,,,,,,,,,,,,,,,,,,,,,,,,,,,,,,5354,渡邊 雄斗,134期,三重,宮崎,21,B1,,0,0,0.19,4.29,23.0,38.4,2.52,11.1,22.2,0,24,22.5,37.1,0,61,37.5,47.7,11,2,6,5,0.19,2,8,2,2,0.29,3,3,3,3,0.14,2,,,,,,7,1,1,0.18,2,11,4,4,0.24,5,,,,,,,,,,,,,,,,,,,,,,,,,,,,,,,,,,,,,,,,,5343,小林 礼央,134期,広島,広島,23,B1,,0,0,0.16,4.13,19.7,37.3,2.2,8.0,8.0,0,27,27.6,43.4,0,26,34.3,48.9,1,6,2,2,0.2,5,,,,,,3,1,1,0.24,3,9,4,4,0.18,4,,,,,,10,3,3,0.13,2,,,,,,,,,,,,,,,,,,,,,,,,,,,,,,,,,,,,,,,,,5329,金子 龍斗,133期,兵庫,兵庫,22,B1,,1,0,0.16,4.64,28.8,40.6,4.04,28.0,32.0,0,54,31.1,46.6,0,53,38.9,57.8,,4,1,1,0.16,2,,,,,,6,6,6,0.22,6,12,3,3,0.34,5,3,4,4,0.22,5,8,2,2,0.22,3,,,,,,,,,,,,,,,,,,,,,,,,,,,,,,,,,,,,,,,,,5210,藤井 公人,129期,福岡,福岡,27,A2,賞除,1,0,0.15,5.69,40.2,54.6,3.67,5.5,27.7,0,20,34.0,52.7,0,11,41.4,60.6,,2,4,4,0.23,5,9,1,1,0.06,F,2,6,6,0.17,3,,,,,,3,6,6,0.18,3,,,,,,,,,,,,,,,,,,,,,,,,,,,,,,,,,,,,,,,,,,,,,
202609071106,2026-09-07,11,06R,5134,大原 祥昌,126期,広島,広島,27,A2,,0,0,0.15,5.61,39.3,58.5,3.33,0.0,33.3,0,33,41.3,55.4,0,54,36.5,59.6,11,,,,,,8,5,5,0.17,4,3,4,4,0.18,6,11,2,2,0.18,2,2,3,3,0.13,1,10,6,6,0.18,4,,,,,,,,,,,,,,,,,,,,,,,,,,,,,,,,,,,,,,,,,5167,小川 竜太朗,127期,埼玉,埼玉,26,B1,,0,0,0.16,5.39,34.7,52.7,4.79,31.5,42.1,0,62,22.8,36.9,0,33,30.0,47.7,10,3,1,1,0.19,3,,,,,,2,3,3,0.19,5,12,6,6,0.42,6,2,4,4,0.09,2,,,,,,,,,,,,,,,,,,,,,,,,,,,,,,,,,,,,,,,,,,,,,,5280,廣瀬 凜,131期,滋賀,京都,23,A1,,0,0,0.16,6.93,52.0,75.2,5.74,35.5,57.9,0,11,45.4,71.7,0,19,26.8,45.1,,6,5,5,0.15,1,12,1,1,0.16,1,2,4,4,0.11,1,9,2,2,0.15,2,3,3,3,0.11,2,11,1,1,0.22,1,,,,,,,,,,,,,,,,,,,,,,,,,,,,,,,,,,,,,,,,,5271,杉山 太陽,131期,福岡,福岡,25,B1,,0,0,0.19,4.04,17.9,34.8,3.11,11.1,33.3,0,14,37.5,62.5,0,21,32.1,51.7,1,2,5,6,0.29,落,7,3,3,0.14,4,5,5,5,0.19,6,,,,,,3,1,1,0.05,1,,,,,,,,,,,,,,,,,,,,,,,,,,,,,,,,,,,,,,,,,,,,,,5460,早川 理稀,138期,滋賀,京都,20,B2,,0,0,0.0,1.56,0.0,4.5,1.29,0.0,0.0,0,65,31.2,39.5,0,44,38.3,51.5,,1,6,6,0.13,1,8,6,6,0.2,6,,,,,,9,6,6,0.21,6,1,6,6,0.21,6,8,6,5,0.25,6,,,,,,,,,,,,,,,,,,,,,,,,,,,,,,,,,,,,,,,,,5276,大島 隆乃介,131期,福岡,福岡,24,B1,,0,0,0.17,4.86,24.1,47.1,3.19,6.2,18.7,0,51,31.1,50.0,0,51,29.0,46.5,,6,1,1,0.14,2,11,5,5,0.2,6,5,3,3,0.07,2,,,,,,6,2,2,0.11,3,10,4,4,0.27,5,,,,,,,,,,,,,,,,,,,,,,,,,,,,,,,,,,,,,,,,
202609071107,2026-09-07,11,07R,5152,丸山 祐也,127期,福岡,福岡,31,B1,,0,0,0.23,3.07,2.7,17.8,3.33,0.0,13.3,0,68,30.0,48.8,0,18,34.8,53.9,11,1,2,2,0.28,4,6,6,6,0.26,4,6,4,4,0.24,5,,,,,,6,5,5,0.19,4,,,,,,,,,,,,,,,,,,,,,,,,,,,,,,,,,,,,,,,,,,,,,,5298,水谷 理人,132期,香川,香川,24,A1,,0,0,0.16,7.21,57.2,72.6,5.7,40.0,60.0,0,52,36.1,51.0,0,43,44.0,55.9,1,2,2,2,0.08,4,12,6,6,0.18,5,6,3,3,0.18,2,,,,,,4,4,4,0.06,3,10,1,1,0.16,1,,,,,,,,,,,,,,,,,,,,,,,,,,,,,,,,,,,,,,,,,5157,市川 健太,127期,滋賀,京都,28,B1,,0,0,0.17,4.24,27.0,37.5,4.74,23.9,43.5,0,41,35.5,54.4,0,25,40.4,59.5,2,1,1,1,0.27,2,7,5,5,0.08,3,,,,,,8,3,3,0.2,1,2,2,2,0.16,3,6,4,4,0.18,2,,,,,,,,,,,,,,,,,,,,,,,,,,,,,,,,,,,,,,,,,5018,竹下 大樹,121期,福岡,福岡,27,A1,,0,0,0.14,6.87,51.5,74.2,6.3,40.0,70.0,0,66,23.4,38.3,0,62,33.7,51.0,12,3,5,6,0.19,1,12,3,3,0.14,4,4,4,5,0.06,1,11,1,1,0.12,1,,,,,,7,2,2,0.25,1,,,,,,,,,,,,,,,,,,,,,,,,,,,,,,,,,,,,,,,,,5130,上野 拓馬,126期,三重,三重,28,B1,,0,0,0.18,4.75,22.1,44.2,3.37,15.7,21.0,0,44,34.0,46.5,0,73,20.7,36.3,,5,3,3,0.22,6,,,,,,2,5,5,0.17,2,8,1,1,0.2,2,5,2,2,0.14,4,9,4,4,0.21,4,,,,,,,,,,,,,,,,,,,,,,,,,,,,,,,,,,,,,,,,,5377,鳥居塚 嶺王,135期,群馬,群馬,22,B1,賞除,1,0,0.18,4.97,29.4,47.4,0.0,0.0,0.0,0,36,29.4,55.7,0,17,42.5,57.4,,,,,,,9,3,3,0.02,F,5,6,6,0.15,3,,,,,,5,6,6,0.14,6,,,,,,,,,,,,,,,,,,,,,,,,,,,,,,,,,,,,,,,,,,,,,
202609071108,2026-09-07,11,08R,5268,山本 幸也,131期,福岡,福岡,25,B1,,0,0,0.2,3.87,16.6,28.2,4.67,16.6,16.6,0,46,33.7,55.8,0,32,31.1,51.1,3,4,2,2,0.14,6,,,,,,4,3,3,0.0,5,10,4,4,0.2,4,5,5,5,0.12,1,,,,,,,,,,,,,,,,,,,,,,,,,,,,,,,,,,,,,,,,,,,,,,5238,笹木 香吾,130期,山口,山口,26,A2,,1,0,0.15,5.98,46.9,54.2,5.38,37.9,41.3,0,53,27.4,43.9,0,69,39.6,65.3,12,5,2,2,0.21,1,11,6,6,0.27,2,1,3,3,0.19,2,9,5,5,0.19,3,5,1,1,0.16,2,,,,,,,,,,,,,,,,,,,,,,,,,,,,,,,,,,,,,,,,,,,,,,5379,廣部 大明,135期,滋賀,滋賀,22,B1,,0,0,0.2,3.34,10.9,23.2,2.5,5.8,12.7,0,17,28.4,40.9,0,36,28.5,46.1,1,5,4,4,0.18,5,,,,,,3,5,5,0.15,4,7,2,2,0.1,6,,,,,,7,3,3,0.32,6,,,,,,,,,,,,,,,,,,,,,,,,,,,,,,,,,,,,,,,,,5421,原田 朱理,137期,兵庫,大阪,24,B2,,0,0,0.24,1.43,1.9,3.9,1.22,0.0,0.0,0,23,30.7,47.2,0,22,36.5,51.6,4,3,6,5,0.22,6,,,,,,1,4,4,0.2,6,8,5,5,0.25,6,,,,,,10,5,5,0.47,6,,,,,,,,,,,,,,,,,,,,,,,,,,,,,,,,,,,,,,,,,5275,松田 淳平,131期,三重,三重,24,A1,,1,0,0.13,6.6,51.5,65.6,4.47,23.6,39.4,0,19,37.3,61.5,0,57,29.2,40.4,,3,3,3,0.12,4,11,1,1,0.22,5,,,,,,7,5,6,0.08,4,1,4,4,0.31,4,10,2,2,0.11,3,,,,,,,,,,,,,,,,,,,,,,,,,,,,,,,,,,,,,,,,,5247,大森 翼,130期,兵庫,兵庫,24,B1,賞除,1,0,0.18,4.42,17.4,45.6,2.56,5.5,11.1,0,35,25.2,42.1,0,13,24.1,39.5,,3,2,2,0.12,5,9,6,6,0.02,F,4,6,6,0.12,3,,,,,,2,6,6,0.17,6,,,,,,,,,,,,,,,,,,,,,,,,,,,,,,,,,,,,,,,,,,,,,
202609071109,2026-09-07,11,09R,5221,竹間 隆晟,129期,大阪,大阪,25,A1,,0,0,0.15,6.7,50.5,67.6,6.3,40.0,70.0,0,18,46.8,59.5,0,48,17.9,42.3,,7,2,2,0.17,1,12,4,4,0.16,3,3,6,6,0.2,5,10,3,3,0.15,2,2,5,5,0.13,4,9,1,1,0.12,1,,,,,,,,,,,,,,,,,,,,,,,,,,,,,,,,,,,,,,,,,5246,楠 将太郎,130期,埼玉,埼玉,24,A2,,0,0,0.17,5.07,34.6,49.3,3.17,16.6,16.6,0,73,29.1,43.0,0,38,47.0,60.7,,,,,,,8,4,4,0.29,5,1,1,1,0.12,1,10,5,5,0.2,5,6,3,3,0.13,転,11,6,6,0.22,6,,,,,,,,,,,,,,,,,,,,,,,,,,,,,,,,,,,,,,,,,5177,松井 貫太,128期,福岡,福岡,30,B1,,0,0,0.2,4.49,20.7,38.7,2.87,8.7,13.0,0,58,27.2,46.5,0,67,22.6,44.0,4,,,,,,7,4,4,0.14,5,1,2,2,0.19,4,6,5,5,0.23,4,4,3,3,0.2,6,,,,,,,,,,,,,,,,,,,,,,,,,,,,,,,,,,,,,,,,,,,,,,5186,遠藤 圭吾,128期,東京,神奈川,26,B1,,0,0,0.19,4.51,27.3,41.0,4.73,27.2,45.4,0,49,38.1,52.3,0,28,9.0,25.9,3,6,3,3,0.26,6,,,,,,4,2,2,0.08,4,8,4,4,0.21,5,1,5,5,0.25,5,,,,,,,,,,,,,,,,,,,,,,,,,,,,,,,,,,,,,,,,,,,,,,5212,西川 拓利,129期,福岡,福岡,27,A2,,0,0,0.13,6.29,45.7,67.6,3.17,8.3,20.8,0,21,39.1,56.5,0,30,23.2,38.3,5,,,,,,8,3,3,0.19,2,7,1,1,0.07,1,12,4,4,0.32,2,4,2,2,0.17,4,12,6,6,0.08,6,,,,,,,,,,,,,,,,,,,,,,,,,,,,,,,,,,,,,,,,,5226,藤田 俊祐,129期,東京,東京,24,B1,,0,0,0.16,5.8,36.6,56.6,6.43,50.0,64.2,0,72,45.4,58.5,0,66,30.8,45.7,,2,1,1,0.07,1,,,,,,7,4,4,0.18,5,11,3,3,0.18,3,3,5,5,0.3,4,9,2,2,0.13,3,,,,,,,,,,,,,,,,,,,,,,,,,,,,,,,,,,,,,,,,
202609071110,2026-09-07,11,10R,5222,津田 陸翔,129期,広島,広島,25,A1,,1,0,0.17,6.17,46.3,63.6,4.2,10.0,40.0,0,37,33.7,48.3,0,31,39.3,55.3,4,,,,,,9,4,4,0.04,1,5,1,1,0.14,1,11,5,5,0.16,5,4,5,6,0.14,1,11,2,2,0.26,3,,,,,,,,,,,,,,,,,,,,,,,,,,,,,,,,,,,,,,,,,5199,垂水 悠,128期,徳島,徳島,24,B1,,0,0,0.11,4.83,31.8,43.1,3.88,5.8,35.2,0,38,31.1,46.2,0,50,32.6,46.7,,1,5,5,0.22,3,11,3,3,0.16,4,,,,,,10,6,6,0.19,6,1,1,1,0.09,3,5,4,4,0.12,5,,,,,,,,,,,,,,,,,,,,,,,,,,,,,,,,,,,,,,,,,5136,濱野 斗馬,126期,香川,香川,26,A1,,0,0,0.14,6.13,47.5,61.2,6.5,46.0,66.0,0,61,40.6,57.1,0,64,29.0,47.6,5,4,5,5,0.15,4,12,2,2,0.14,2,5,4,4,0.16,4,12,1,1,0.26,1,,,,,,9,5,6,0.18,2,,,,,,,,,,,,,,,,,,,,,,,,,,,,,,,,,,,,,,,,,5303,土井 歩夢,132期,福岡,福岡,23,A2,,0,0,0.19,5.98,38.0,62.0,5.57,25.0,57.1,0,34,32.2,51.1,0,23,31.5,40.2,,5,5,5,0.2,3,10,3,3,0.19,4,2,2,2,0.18,6,11,6,6,0.21,4,,,,,,8,1,1,0.24,1,,,,,,,,,,,,,,,,,,,,,,,,,,,,,,,,,,,,,,,,,5167,小川 竜太朗,127期,埼玉,埼玉,26,B1,,0,0,0.16,5.39,34.7,52.7,4.79,31.5,42.1,0,62,22.8,36.9,0,33,30.0,47.7,6,3,1,1,0.19,3,,,,,,2,3,3,0.19,5,12,6,6,0.42,6,2,4,4,0.09,2,,,,,,,,,,,,,,,,,,,,,,,,,,,,,,,,,,,,,,,,,,,,,,5135,仲 航太,126期,東京,神奈川,26,B1,,1,0,0.19,5.7,43.7,58.7,6.0,45.4,54.5,0,47,34.0,54.0,0,15,41.3,56.3,3,3,4,4,0.22,2,8,1,1,0.17,1,,,,,,9,3,3,0.29,5,7,5,5,0.31,3,12,2,2,0.07,3,,,,,,,,,,,,,,,,,,,,,,,,,,,,,,,,,,,,,,,,
202609071111,2026-09-07,11,11R,5255,藤原 仙二,130期,滋賀,滋賀,22,A1,,1,0,0.18,6.56,47.0,69.0,6.81,52.6,73.6,0,15,25.5,36.6,0,59,32.6,52.6,3,,,,,,10,5,5,0.28,2,4,5,4,0.1,2,12,2,2,0.33,3,5,3,3,0.13,3,12,1,1,0.06,1,,,,,,,,,,,,,,,,,,,,,,,,,,,,,,,,,,,,,,,,,5134,大原 祥昌,126期,広島,広島,27,A2,,0,0,0.15,5.61,39.3,58.5,3.33,0.0,33.3,0,33,41.3,55.4,0,54,36.5,59.6,6,,,,,,8,5,5,0.17,4,3,4,4,0.18,6,11,2,2,0.18,2,2,3,3,0.13,1,10,6,6,0.18,4,,,,,,,,,,,,,,,,,,,,,,,,,,,,,,,,,,,,,,,,,5152,丸山 祐也,127期,福岡,福岡,31,B1,,0,0,0.23,3.07,2.7,17.8,3.33,0.0,13.3,0,68,30.0,48.8,0,18,34.8,53.9,7,1,2,2,0.28,4,6,6,6,0.26,4,6,4,4,0.24,5,,,,,,6,5,5,0.19,4,,,,,,,,,,,,,,,,,,,,,,,,,,,,,,,,,,,,,,,,,,,,,,5234,塚越 海斗,130期,群馬,群馬,28,A1,,0,0,0.15,6.72,54.3,69.8,5.88,37.5,56.2,0,45,42.1,61.0,0,65,27.5,47.1,2,5,1,1,0.18,2,12,5,5,0.21,6,,,,,,8,2,2,0.2,4,8,5,6,0.22,4,12,3,3,0.07,2,,,,,,,,,,,,,,,,,,,,,,,,,,,,,,,,,,,,,,,,,5060,数原 魁,123期,兵庫,兵庫,29,A2,,0,0,0.17,5.85,40.2,57.7,5.82,35.2,64.7,0,22,27.0,45.8,0,60,32.9,60.4,4,7,6,6,0.06,6,11,2,2,0.19,3,,,,,,9,1,1,0.12,1,1,3,3,0.07,2,7,4,4,0.25,4,,,,,,,,,,,,,,,,,,,,,,,,,,,,,,,,,,,,,,,,,5354,渡邊 雄斗,134期,三重,宮崎,21,B1,,0,0,0.19,4.29,23.0,38.4,2.52,11.1,22.2,0,24,22.5,37.1,0,61,37.5,47.7,5,2,6,5,0.19,2,8,2,2,0.29,3,3,3,3,0.14,2,,,,,,7,1,1,0.18,2,11,4,4,0.24,5,,,,,,,,,,,,,,,,,,,,,,,,,,,,,,,,,,,,,,,,
202609071112,2026-09-07,11,12R,5018,竹下 大樹,121期,福岡,福岡,27,A1,,0,0,0.14,6.87,51.5,74.2,6.3,40.0,70.0,0,66,23.4,38.3,0,62,33.7,51.0,7,3,5,6,0.19,1,12,3,3,0.14,4,4,4,5,0.06,1,11,1,1,0.12,1,,,,,,7,2,2,0.25,1,,,,,,,,,,,,,,,,,,,,,,,,,,,,,,,,,,,,,,,,,5216,長谷川 晴哉,129期,群馬,群馬,26,A1,,0,0,0.17,5.91,39.3,61.4,5.17,36.6,43.3,0,48,32.2,55.9,0,56,22.2,40.7,2,4,3,3,0.21,3,11,4,4,0.24,1,,,,,,10,1,1,0.09,1,6,1,1,0.14,1,12,5,5,0.11,4,,,,,,,,,,,,,,,,,,,,,,,,,,,,,,,,,,,,,,,,,5154,村松 栄太,127期,広島,広島,30,B1,,0,0,0.18,4.49,24.7,38.1,4.69,15.3,42.3,0,57,46.4,56.5,0,72,34.4,53.3,4,,,,,,10,4,4,0.25,3,2,1,1,0.23,4,7,3,3,0.15,2,1,2,2,0.07,1,11,5,5,0.22,4,,,,,,,,,,,,,,,,,,,,,,,,,,,,,,,,,,,,,,,,,5238,笹木 香吾,130期,山口,山口,26,A2,,1,0,0.15,5.98,46.9,54.2,5.38,37.9,41.3,0,53,27.4,43.9,0,69,39.6,65.3,8,5,2,2,0.21,1,11,6,6,0.27,2,1,3,3,0.19,2,9,5,5,0.19,3,5,1,1,0.16,2,,,,,,,,,,,,,,,,,,,,,,,,,,,,,,,,,,,,,,,,,,,,,,5368,宮崎 心之介,135期,埼玉,埼玉,24,B1,,0,0,0.17,6.65,50.6,67.5,1.75,0.0,0.0,0,26,37.7,54.7,0,40,25.5,37.2,1,,,,,,7,1,1,0.12,2,6,2,2,0.19,3,11,4,4,0.12,6,,,,,,9,3,3,0.15,5,,,,,,,,,,,,,,,,,,,,,,,,,,,,,,,,,,,,,,,,,5106,山崎 祥,125期,山口,山口,27,A2,,0,0,0.19,5.49,34.8,56.1,5.71,50.0,57.1,0,64,29.5,47.7,0,24,40.0,58.0,3,6,4,4,0.19,3,10,1,1,0.2,1,3,2,2,0.18,1,12,5,5,0.45,4,,,,,,8,3,3,0.19,2,,,,,,,,,,,,,,,,,,,,,,,,,,,,,,,,,,,,,,,,
202609071301,2026-09-07,13,01R,4750,井上 尚悟,112期,大阪,大阪,39,B1,,0,0,0.16,5.32,34.4,50.0,4.6,20.0,48.0,0,53,30.4,44.7,0,22,29.1,48.5,8,,,,,,,,,,,,,,,,,,,,,,,,,,,,,,,,,,,,,,,,,,,,,,,,,,,,,,,,,,,,,,,,,,,,,,,5307,富永 夏哉人,132期,佐賀,佐賀,23,B1,,0,0,0.19,4.5,27.6,39.3,0.0,0.0,0.0,0,36,36.4,51.4,0,66,27.7,44.5,7,,,,,,,,,,,,,,,,,,,,,,,,,,,,,,,,,,,,,,,,,,,,,,,,,,,,,,,,,,,,,,,,,,,,,,,4172,森定 晃史,90期,岡山,岡山,43,A2,,0,0,0.17,5.94,38.7,65.7,6.7,60.0,70.0,0,41,17.4,36.0,0,59,38.8,55.3,11,,,,,,,,,,,,,,,,,,,,,,,,,,,,,,,,,,,,,,,,,,,,,,,,,,,,,,,,,,,,,,,,,,,,,,,4902,山川 雄大,117期,兵庫,兵庫,33,B1,,0,0,0.2,4.26,28.7,40.2,4.91,32.0,49.0,0,37,39.0,56.3,0,39,33.3,47.0,10,,,,,,,,,,,,,,,,,,,,,,,,,,,,,,,,,,,,,,,,,,,,,,,,,,,,,,,,,,,,,,,,,,,,,,,3860,松本 浩貴,79期,埼玉,埼玉,53,B1,,0,0,0.2,3.6,13.5,25.9,4.11,22.2,33.3,0,40,43.8,59.0,0,61,30.1,44.3,9,,,,,,,,,,,,,,,,,,,,,,,,,,,,,,,,,,,,,,,,,,,,,,,,,,,,,,,,,,,,,,,,,,,,,,,5372,上岡 巧汰,135期,広島,広島,23,B2,,1,0,0.15,2.08,3.3,10.0,3.0,0.0,25.0,0,61,45.3,55.5,0,57,36.5,52.8,,,,,,,,,,,,,,,,,,,,,,,,,,,,,,,,,,,,,,,,,,,,,,,,,,,,,,,,,,,,,,,,,,,,,,,
202609071302,2026-09-07,13,02R,4176,樋口 喜彦,90期,兵庫,大阪,43,B2,,0,0,0.18,3.35,15.7,26.3,4.27,18.1,34.5,0,26,39.8,58.3,0,15,32.0,52.4,,,,,,,,,,,,,,,,,,,,,,,,,,,,,,,,,,,,,,,,,,,,,,,,,,,,,,,,,,,,,,,,,,,,,,,,4608,荒井 翔伍,106期,東京,千葉,36,A2,,0,0,0.17,5.99,41.9,60.2,7.43,71.4,71.4,0,62,26.5,41.8,0,67,25.9,43.2,10,,,,,,,,,,,,,,,,,,,,,,,,,,,,,,,,,,,,,,,,,,,,,,,,,,,,,,,,,,,,,,,,,,,,,,,2878,富山 弘幸,43期,大阪,大阪,68,B1,,0,0,0.17,5.54,31.7,58.8,6.17,44.4,66.6,0,55,44.4,61.1,0,58,28.0,43.9,11,,,,,,,,,,,,,,,,,,,,,,,,,,,,,,,,,,,,,,,,,,,,,,,,,,,,,,,,,,,,,,,,,,,,,,,3548,室田 泰史,69期,福井,福井,56,A2,,0,0,0.12,5.13,33.0,49.1,5.05,26.3,47.3,0,3,36.3,53.5,0,13,33.3,52.3,8,,,,,,,,,,,,,,,,,,,,,,,,,,,,,,,,,,,,,,,,,,,,,,,,,,,,,,,,,,,,,,,,,,,,,,,4567,上村 慎太郎,105期,山口,山口,38,B1,,0,0,0.23,4.38,17.0,36.5,3.83,33.3,33.3,0,22,21.6,37.1,0,45,37.8,55.3,,,,,,,,,,,,,,,,,,,,,,,,,,,,,,,,,,,,,,,,,,,,,,,,,,,,,,,,,,,,,,,,,,,,,,,,3663,木山 和幸,73期,広島,広島,56,B1,,0,0,0.18,5.38,35.0,52.5,4.57,21.4,42.8,0,43,15.7,31.4,0,28,25.4,40.2,7,,,,,,,,,,,,,,,,,,,,,,,,,,,,,,,,,,,,,,,,,,,,,,,,,,,,,,,,,,,,,,,,,,,,,,
202609071303,2026-09-07,13,03R,3731,高濱 芳久,75期,広島,広島,53,B1,,0,0,0.19,4.76,25.3,49.4,4.4,28.5,34.2,0,60,27.7,49.5,0,12,32.3,50.9,9,,,,,,,,,,,,,,,,,,,,,,,,,,,,,,,,,,,,,,,,,,,,,,,,,,,,,,,,,,,,,,,,,,,,,,,4308,河村 了,95期,愛知,愛知,42,A1,,0,0,0.17,6.73,46.5,70.6,7.14,60.7,71.4,0,12,46.7,64.4,0,33,32.0,50.4,12,,,,,,,,,,,,,,,,,,,,,,,,,,,,,,,,,,,,,,,,,,,,,,,,,,,,,,,,,,,,,,,,,,,,,,,4247,齊藤 優,93期,徳島,徳島,44,B1,,0,0,0.17,5.3,32.5,51.1,4.29,16.6,28.5,0,14,27.5,39.8,0,34,43.1,66.0,8,,,,,,,,,,,,,,,,,,,,,,,,,,,,,,,,,,,,,,,,,,,,,,,,,,,,,,,,,,,,,,,,,,,,,,,4042,丸岡 正典,85期,大阪,大阪,47,A2,,1,0,0.17,6.85,47.8,68.4,5.79,28.5,46.4,0,51,27.1,46.7,0,63,25.4,39.6,10,,,,,,,,,,,,,,,,,,,,,,,,,,,,,,,,,,,,,,,,,,,,,,,,,,,,,,,,,,,,,,,,,,,,,,,5244,黒田 剛,130期,福岡,福岡,26,B1,,1,0,0.16,3.9,18.0,27.7,4.25,12.5,25.0,0,44,36.7,54.7,0,21,46.6,57.1,,,,,,,,,,,,,,,,,,,,,,,,,,,,,,,,,,,,,,,,,,,,,,,,,,,,,,,,,,,,,,,,,,,,,,,,5448,福田 柊人,138期,山口,山口,23,B2,,0,0,0.0,1.14,0.0,0.0,0.0,0.0,0.0,0,29,27.1,40.7,0,44,43.2,59.6,,,,,,,,,,,,,,,,,,,,,,,,,,,,,,,,,,,,,,,,,,,,,,,,,,,,,,,,,,,,,,,,,,,,,,,
202609071304,2026-09-07,13,04R,3577,向所 浩二,70期,兵庫,兵庫,53,B1,,0,0,0.17,4.34,17.1,36.8,4.87,28.8,42.2,0,5,37.0,51.8,0,48,29.8,46.1,,,,,,,,,,,,,,,,,,,,,,,,,,,,,,,,,,,,,,,,,,,,,,,,,,,,,,,,,,,,,,,,,,,,,,,,4121,富永 修一,88期,福岡,福岡,44,A2,,0,0,0.14,5.87,42.1,54.2,6.0,36.8,63.1,0,28,25.7,39.1,0,49,36.4,51.4,10,,,,,,,,,,,,,,,,,,,,,,,,,,,,,,,,,,,,,,,,,,,,,,,,,,,,,,,,,,,,,,,,,,,,,,,3643,米田 隆弘,72期,岡山,岡山,54,B1,,0,0,0.18,5.35,29.7,53.5,5.37,39.1,50.0,0,20,24.3,39.2,0,50,32.3,56.1,9,,,,,,,,,,,,,,,,,,,,,,,,,,,,,,,,,,,,,,,,,,,,,,,,,,,,,,,,,,,,,,,,,,,,,,,3736,岡本 猛,75期,大阪,大阪,52,B2,,0,0,0.0,0.0,0.0,0.0,6.67,55.5,66.6,0,7,35.5,54.2,0,70,29.5,50.4,,,,,,,,,,,,,,,,,,,,,,,,,,,,,,,,,,,,,,,,,,,,,,,,,,,,,,,,,,,,,,,,,,,,,,,,3984,坂口 周,83期,三重,三重,48,A1,,0,0,0.17,6.27,40.1,64.5,6.87,52.1,73.9,0,59,20.0,33.6,0,54,33.9,47.1,12,,,,,,,,,,,,,,,,,,,,,,,,,,,,,,,,,,,,,,,,,,,,,,,,,,,,,,,,,,,,,,,,,,,,,,,5339,石井 伸長,134期,香川,愛媛,26,B1,,0,0,0.18,4.88,31.9,45.8,7.71,71.4,71.4,0,16,42.8,64.7,0,60,31.3,49.0,11,,,,,,,,,,,,,,,,,,,,,,,,,,,,,,,,,,,,,,,,,,,,,,,,,,,,,,,,,,,,,,,,,,,,,,
202609071305,2026-09-07,13,05R,3838,伊藤 啓三,78期,埼玉,埼玉,51,B1,,0,0,0.16,5.44,33.3,56.9,5.15,30.0,50.0,0,9,43.4,66.9,0,27,17.8,32.6,10,,,,,,,,,,,,,,,,,,,,,,,,,,,,,,,,,,,,,,,,,,,,,,,,,,,,,,,,,,,,,,,,,,,,,,,5089,前田 翔,124期,愛知,愛知,26,A1,,0,0,0.16,7.2,57.6,77.1,7.2,53.3,86.6,0,54,40.9,50.9,0,25,29.5,44.7,12,,,,,,,,,,,,,,,,,,,,,,,,,,,,,,,,,,,,,,,,,,,,,,,,,,,,,,,,,,,,,,,,,,,,,,,4515,藤田 浩人,102期,佐賀,佐賀,40,A2,,0,0,0.17,5.53,33.8,59.5,5.36,36.3,63.6,0,23,54.8,66.3,0,17,20.0,41.0,11,,,,,,,,,,,,,,,,,,,,,,,,,,,,,,,,,,,,,,,,,,,,,,,,,,,,,,,,,,,,,,,,,,,,,,,4049,荒川 健太,85期,三重,三重,45,A2,,0,0,0.17,6.16,41.4,63.9,5.03,34.3,37.5,0,46,30.7,50.9,0,19,40.5,63.2,9,,,,,,,,,,,,,,,,,,,,,,,,,,,,,,,,,,,,,,,,,,,,,,,,,,,,,,,,,,,,,,,,,,,,,,,4729,佐藤 謙史朗,111期,福岡,大分,37,B1,,0,0,0.19,4.45,23.0,38.4,3.43,14.2,14.2,0,31,31.4,51.8,0,75,39.0,55.0,,,,,,,,,,,,,,,,,,,,,,,,,,,,,,,,,,,,,,,,,,,,,,,,,,,,,,,,,,,,,,,,,,,,,,,,4251,川崎 誠志,93期,山口,山口,43,B1,,0,0,0.21,4.6,23.6,40.8,4.78,18.5,48.1,0,4,49.5,61.9,0,55,38.6,64.1,,,,,,,,,,,,,,,,,,,,,,,,,,,,,,,,,,,,,,,,,,,,,,,,,,,,,,,,,,,,,,,,,,,,,,,
202609071306,2026-09-07,13,06R,4184,渡邊 雄一郎,90期,大阪,大阪,40,A1,,0,0,0.17,7.2,57.7,74.4,6.52,42.6,72.1,0,63,43.8,61.9,0,23,32.0,43.4,12,,,,,,,,,,,,,,,,,,,,,,,,,,,,,,,,,,,,,,,,,,,,,,,,,,,,,,,,,,,,,,,,,,,,,,,3870,寺嶋 雄,79期,福井,福井,50,B1,,0,0,0.18,4.19,18.9,30.5,4.12,14.7,29.4,0,10,33.0,50.4,0,46,37.3,56.5,,,,,,,,,,,,,,,,,,,,,,,,,,,,,,,,,,,,,,,,,,,,,,,,,,,,,,,,,,,,,,,,,,,,,,,,4672,守屋 大地,109期,岡山,岡山,40,B1,,0,0,0.18,4.44,27.8,41.2,3.79,14.2,28.5,0,39,47.6,65.7,0,52,26.7,47.5,,,,,,,,,,,,,,,,,,,,,,,,,,,,,,,,,,,,,,,,,,,,,,,,,,,,,,,,,,,,,,,,,,,,,,,,4036,金田 諭,85期,埼玉,埼玉,47,A1,,0,0,0.16,6.37,44.2,69.2,6.3,50.0,70.0,0,21,19.8,43.4,0,69,25.7,44.5,11,,,,,,,,,,,,,,,,,,,,,,,,,,,,,,,,,,,,,,,,,,,,,,,,,,,,,,,,,,,,,,,,,,,,,,,5328,井上 慧人,133期,福岡,福岡,22,B1,,0,0,0.19,4.1,18.3,37.9,0.0,0.0,0.0,0,30,25.7,39.1,0,24,26.9,40.3,,,,,,,,,,,,,,,,,,,,,,,,,,,,,,,,,,,,,,,,,,,,,,,,,,,,,,,,,,,,,,,,,,,,,,,,3584,佐々木 英樹,70期,広島,広島,53,B1,,0,0,0.17,4.98,33.6,50.5,5.12,32.0,48.0,0,58,20.6,29.9,0,51,29.5,40.0,10,,,,,,,,,,,,,,,,,,,,,,,,,,,,,,,,,,,,,,,,,,,,,,,,,,,,,,,,,,,,,,,,,,,,,,
202609071307,2026-09-07,13,07R,4039,村上 功祐,85期,大阪,大阪,47,B1,,0,0,0.15,5.84,44.2,60.5,5.26,30.4,56.5,0,27,23.4,42.5,0,26,48.5,57.1,,,,,,,,,,,,,,,,,,,,,,,,,,,,,,,,,,,,,,,,,,,,,,,,,,,,,,,,,,,,,,,,,,,,,,,,4297,山田 哲也,95期,東京,千葉,43,A1,,1,0,0.11,6.3,45.1,63.7,6.69,51.7,62.0,0,17,39.8,50.0,0,41,34.7,47.3,12,,,,,,,,,,,,,,,,,,,,,,,,,,,,,,,,,,,,,,,,,,,,,,,,,,,,,,,,,,,,,,,,,,,,,,,3663,木山 和幸,73期,広島,広島,56,B1,,0,0,0.18,5.38,35.0,52.5,4.57,21.4,42.8,0,43,15.7,31.4,0,28,25.4,40.2,2,,,,,,,,,,,,,,,,,,,,,,,,,,,,,,,,,,,,,,,,,,,,,,,,,,,,,,,,,,,,,,,,,,,,,,,3574,大神 康司,70期,福岡,福岡,54,A1,,0,0,0.16,6.19,47.0,63.7,4.56,31.2,37.5,0,47,22.5,44.1,0,11,29.4,51.9,11,,,,,,,,,,,,,,,,,,,,,,,,,,,,,,,,,,,,,,,,,,,,,,,,,,,,,,,,,,,,,,,,,,,,,,,3975,小野寺 智洋,83期,香川,香川,49,A2,,0,0,0.14,5.47,34.2,50.9,5.69,27.5,58.6,0,42,17.9,33.9,0,53,30.3,42.1,,,,,,,,,,,,,,,,,,,,,,,,,,,,,,,,,,,,,,,,,,,,,,,,,,,,,,,,,,,,,,,,,,,,,,,,5307,富永 夏哉人,132期,佐賀,佐賀,23,B1,,0,0,0.19,4.5,27.6,39.3,0.0,0.0,0.0,0,36,36.4,51.4,0,66,27.7,44.5,1,,,,,,,,,,,,,,,,,,,,,,,,,,,,,,,,,,,,,,,,,,,,,,,,,,,,,,,,,,,,,,,,,,,,,,
202609071308,2026-09-07,13,08R,3548,室田 泰史,69期,福井,福井,56,A2,,0,0,0.12,5.13,33.0,49.1,5.05,26.3,47.3,0,3,36.3,53.5,0,13,33.3,52.3,2,,,,,,,,,,,,,,,,,,,,,,,,,,,,,,,,,,,,,,,,,,,,,,,,,,,,,,,,,,,,,,,,,,,,,,,3581,加木 郁,70期,山口,山口,53,B1,,0,0,0.2,5.55,37.2,54.9,4.81,14.8,33.3,0,33,25.7,45.5,0,32,30.7,50.9,,,,,,,,,,,,,,,,,,,,,,,,,,,,,,,,,,,,,,,,,,,,,,,,,,,,,,,,,,,,,,,,,,,,,,,,4002,古結 宏,84期,兵庫,兵庫,48,A1,,0,0,0.14,6.5,48.6,69.0,7.12,55.9,76.3,0,2,33.6,57.9,0,36,46.3,54.7,12,,,,,,,,,,,,,,,,,,,,,,,,,,,,,,,,,,,,,,,,,,,,,,,,,,,,,,,,,,,,,,,,,,,,,,,3853,岩崎 正哉,79期,福岡,福岡,54,A2,,0,0,0.2,5.9,38.1,53.3,6.35,45.1,58.0,0,19,26.0,38.5,0,35,36.7,55.6,,,,,,,,,,,,,,,,,,,,,,,,,,,,,,,,,,,,,,,,,,,,,,,,,,,,,,,,,,,,,,,,,,,,,,,,4750,井上 尚悟,112期,大阪,大阪,39,B1,,0,0,0.16,5.32,34.4,50.0,4.6,20.0,48.0,0,53,30.4,44.7,0,22,29.1,48.5,1,,,,,,,,,,,,,,,,,,,,,,,,,,,,,,,,,,,,,,,,,,,,,,,,,,,,,,,,,,,,,,,,,,,,,,,4247,齊藤 優,93期,徳島,徳島,44,B1,,0,0,0.17,5.3,32.5,51.1,4.29,16.6,28.5,0,14,27.5,39.8,0,34,43.1,66.0,3,,,,,,,,,,,,,,,,,,,,,,,,,,,,,,,,,,,,,,,,,,,,,,,,,,,,,,,,,,,,,,,,,,,,,,
202609071309,2026-09-07,13,09R,4049,荒川 健太,85期,三重,三重,45,A2,,0,0,0.17,6.16,41.4,63.9,5.03,34.3,37.5,0,46,30.7,50.9,0,19,40.5,63.2,5,,,,,,,,,,,,,,,,,,,,,,,,,,,,,,,,,,,,,,,,,,,,,,,,,,,,,,,,,,,,,,,,,,,,,,,3860,松本 浩貴,79期,埼玉,埼玉,53,B1,,0,0,0.2,3.6,13.5,25.9,4.11,22.2,33.3,0,40,43.8,59.0,0,61,30.1,44.3,1,,,,,,,,,,,,,,,,,,,,,,,,,,,,,,,,,,,,,,,,,,,,,,,,,,,,,,,,,,,,,,,,,,,,,,,4079,出畑 孝典,87期,福岡,福岡,47,A2,,0,0,0.19,6.06,41.1,61.0,5.64,18.1,72.7,0,1,35.2,45.7,0,40,23.7,45.5,,,,,,,,,,,,,,,,,,,,,,,,,,,,,,,,,,,,,,,,,,,,,,,,,,,,,,,,,,,,,,,,,,,,,,,,3643,米田 隆弘,72期,岡山,岡山,54,B1,,0,0,0.18,5.35,29.7,53.5,5.37,39.1,50.0,0,20,24.3,39.2,0,50,32.3,56.1,4,,,,,,,,,,,,,,,,,,,,,,,,,,,,,,,,,,,,,,,,,,,,,,,,,,,,,,,,,,,,,,,,,,,,,,,3731,高濱 芳久,75期,広島,広島,53,B1,,0,0,0.19,4.76,25.3,49.4,4.4,28.5,34.2,0,60,27.7,49.5,0,12,32.3,50.9,3,,,,,,,,,,,,,,,,,,,,,,,,,,,,,,,,,,,,,,,,,,,,,,,,,,,,,,,,,,,,,,,,,,,,,,,4152,深水 慎一郎,90期,東京,神奈川,46,A2,,1,0,0.18,5.27,38.0,45.6,5.82,47.0,58.8,0,24,29.6,49.0,0,68,24.7,35.4,,,,,,,,,,,,,,,,,,,,,,,,,,,,,,,,,,,,,,,,,,,,,,,,,,,,,,,,,,,,,,,,,,,,,,,
202609071310,2026-09-07,13,10R,4042,丸岡 正典,85期,大阪,大阪,47,A2,,1,0,0.17,6.85,47.8,68.4,5.79,28.5,46.4,0,51,27.1,46.7,0,63,25.4,39.6,3,,,,,,,,,,,,,,,,,,,,,,,,,,,,,,,,,,,,,,,,,,,,,,,,,,,,,,,,,,,,,,,,,,,,,,,4902,山川 雄大,117期,兵庫,兵庫,33,B1,,0,0,0.2,4.26,28.7,40.2,4.91,32.0,49.0,0,37,39.0,56.3,0,39,33.3,47.0,1,,,,,,,,,,,,,,,,,,,,,,,,,,,,,,,,,,,,,,,,,,,,,,,,,,,,,,,,,,,,,,,,,,,,,,,3584,佐々木 英樹,70期,広島,広島,53,B1,,0,0,0.17,4.98,33.6,50.5,5.12,32.0,48.0,0,58,20.6,29.9,0,51,29.5,40.0,6,,,,,,,,,,,,,,,,,,,,,,,,,,,,,,,,,,,,,,,,,,,,,,,,,,,,,,,,,,,,,,,,,,,,,,,4608,荒井 翔伍,106期,東京,千葉,36,A2,,0,0,0.17,5.99,41.9,60.2,7.43,71.4,71.4,0,62,26.5,41.8,0,67,25.9,43.2,2,,,,,,,,,,,,,,,,,,,,,,,,,,,,,,,,,,,,,,,,,,,,,,,,,,,,,,,,,,,,,,,,,,,,,,,3838,伊藤 啓三,78期,埼玉,埼玉,51,B1,,0,0,0.16,5.44,33.3,56.9,5.15,30.0,50.0,0,9,43.4,66.9,0,27,17.8,32.6,5,,,,,,,,,,,,,,,,,,,,,,,,,,,,,,,,,,,,,,,,,,,,,,,,,,,,,,,,,,,,,,,,,,,,,,,4121,富永 修一,88期,福岡,福岡,44,A2,,0,0,0.14,5.87,42.1,54.2,6.0,36.8,63.1,0,28,25.7,39.1,0,49,36.4,51.4,4,,,,,,,,,,,,,,,,,,,,,,,,,,,,,,,,,,,,,,,,,,,,,,,,,,,,,,,,,,,,,,,,,,,,,,
202609071311,2026-09-07,13,11R,4036,金田 諭,85期,埼玉,埼玉,47,A1,,0,0,0.16,6.37,44.2,69.2,6.3,50.0,70.0,0,21,19.8,43.4,0,69,25.7,44.5,6,,,,,,,,,,,,,,,,,,,,,,,,,,,,,,,,,,,,,,,,,,,,,,,,,,,,,,,,,,,,,,,,,,,,,,,3574,大神 康司,70期,福岡,福岡,54,A1,,0,0,0.16,6.19,47.0,63.7,4.56,31.2,37.5,0,47,22.5,44.1,0,11,29.4,51.9,7,,,,,,,,,,,,,,,,,,,,,,,,,,,,,,,,,,,,,,,,,,,,,,,,,,,,,,,,,,,,,,,,,,,,,,,5339,石井 伸長,134期,香川,愛媛,26,B1,,0,0,0.18,4.88,31.9,45.8,7.71,71.4,71.4,0,16,42.8,64.7,0,60,31.3,49.0,4,,,,,,,,,,,,,,,,,,,,,,,,,,,,,,,,,,,,,,,,,,,,,,,,,,,,,,,,,,,,,,,,,,,,,,,4515,藤田 浩人,102期,佐賀,佐賀,40,A2,,0,0,0.17,5.53,33.8,59.5,5.36,36.3,63.6,0,23,54.8,66.3,0,17,20.0,41.0,5,,,,,,,,,,,,,,,,,,,,,,,,,,,,,,,,,,,,,,,,,,,,,,,,,,,,,,,,,,,,,,,,,,,,,,,2878,富山 弘幸,43期,大阪,大阪,68,B1,,0,0,0.17,5.54,31.7,58.8,6.17,44.4,66.6,0,55,44.4,61.1,0,58,28.0,43.9,2,,,,,,,,,,,,,,,,,,,,,,,,,,,,,,,,,,,,,,,,,,,,,,,,,,,,,,,,,,,,,,,,,,,,,,,4172,森定 晃史,90期,岡山,岡山,43,A2,,0,0,0.17,5.94,38.7,65.7,6.7,60.0,70.0,0,41,17.4,36.0,0,59,38.8,55.3,1,,,,,,,,,,,,,,,,,,,,,,,,,,,,,,,,,,,,,,,,,,,,,,,,,,,,,,,,,,,,,,,,,,,,,,
202609071312,2026-09-07,13,12R,4002,古結 宏,84期,兵庫,兵庫,48,A1,,0,0,0.14,6.5,48.6,69.0,7.12,55.9,76.3,0,2,33.6,57.9,0,36,46.3,54.7,8,,,,,,,,,,,,,,,,,,,,,,,,,,,,,,,,,,,,,,,,,,,,,,,,,,,,,,,,,,,,,,,,,,,,,,,3984,坂口 周,83期,三重,三重,48,A1,,0,0,0.17,6.27,40.1,64.5,6.87,52.1,73.9,0,59,20.0,33.6,0,54,33.9,47.1,4,,,,,,,,,,,,,,,,,,,,,,,,,,,,,,,,,,,,,,,,,,,,,,,,,,,,,,,,,,,,,,,,,,,,,,,4184,渡邊 雄一郎,90期,大阪,大阪,40,A1,,0,0,0.17,7.2,57.7,74.4,6.52,42.6,72.1,0,63,43.8,61.9,0,23,32.0,43.4,6,,,,,,,,,,,,,,,,,,,,,,,,,,,,,,,,,,,,,,,,,,,,,,,,,,,,,,,,,,,,,,,,,,,,,,,4308,河村 了,95期,愛知,愛知,42,A1,,0,0,0.17,6.73,46.5,70.6,7.14,60.7,71.4,0,12,46.7,64.4,0,33,32.0,50.4,3,,,,,,,,,,,,,,,,,,,,,,,,,,,,,,,,,,,,,,,,,,,,,,,,,,,,,,,,,,,,,,,,,,,,,,,4297,山田 哲也,95期,東京,千葉,43,A1,,1,0,0.11,6.3,45.1,63.7,6.69,51.7,62.0,0,17,39.8,50.0,0,41,34.7,47.3,7,,,,,,,,,,,,,,,,,,,,,,,,,,,,,,,,,,,,,,,,,,,,,,,,,,,,,,,,,,,,,,,,,,,,,,,5089,前田 翔,124期,愛知,愛知,26,A1,,0,0,0.16,7.2,57.6,77.1,7.2,53.3,86.6,0,54,40.9,50.9,0,25,29.5,44.7,5,,,,,,,,,,,,,,,,,,,,,,,,,,,,,,,,,,,,,,,,,,,,,,,,,,,,,,,,,,,,,,,,,,,,,,
202609071401,2026-09-07,14,01R,4347,魚谷 香織,96期,福岡,山口,41,A2,,0,0,0.18,6.06,41.5,60.6,6.55,54.5,72.7,0,76,29.7,44.5,0,67,34.6,49.3,12,,,,,,7,3,3,0.11,2,,,,,,,,,,,,,,,,,,,,,,,,,,,,,,,,,,,,,,,,,,,,,,,,,,,,,,,,,,,,,5108,柴田 愛梨,125期,群馬,群馬,27,B2,,0,0,0.25,3.03,10.0,20.0,0.0,0.0,0.0,0,52,42.1,59.2,0,35,27.4,42.4,6,4,6,4,0.2,6,,,,,,,,,,,,,,,,,,,,,,,,,,,,,,,,,,,,,,,,,,,,,,,,,,,,,,,,,,,,,,,,,,4900,中田 夕貴,117期,埼玉,埼玉,33,B1,,0,1,0.19,5.05,30.5,44.7,4.46,21.4,39.2,0,54,31.9,50.0,0,38,28.3,45.9,9,6,2,2,0.18,4,,,,,,,,,,,,,,,,,,,,,,,,,,,,,,,,,,,,,,,,,,,,,,,,,,,,,,,,,,,,,,,,,,4720,西澤 日花里,110期,長崎,熊本,32,B1,,1,0,0.2,3.38,13.6,30.3,0.0,0.0,0.0,0,59,40.0,52.8,0,24,30.6,53.3,,1,3,3,0.04,4,9,6,6,0.17,6,,,,,,,,,,,,,,,,,,,,,,,,,,,,,,,,,,,,,,,,,,,,,,,,,,,,,,,,,,,,,5380,野田 亜湖,135期,徳島,徳島,22,B2,,0,0,0.28,1.2,0.0,0.0,1.27,0.0,0.0,0,27,33.3,46.1,0,54,40.7,59.2,7,,,,,,8,4,4,0.27,5,,,,,,,,,,,,,,,,,,,,,,,,,,,,,,,,,,,,,,,,,,,,,,,,,,,,,,,,,,,,,5056,西岡 成美,123期,徳島,徳島,30,B2,,0,0,0.0,4.4,24.0,44.0,5.49,32.5,55.8,0,60,30.9,45.0,0,61,32.8,50.0,10,3,3,3,0.19,5,,,,,,,,,,,,,,,,,,,,,,,,,,,,,,,,,,,,,,,,,,,,,,,,,,,,,,,,,,,,,,,,,
202609071402,2026-09-07,14,02R,5334,樫葉 新心,133期,徳島,徳島,22,B1,,1,0,0.18,2.8,5.3,17.3,3.11,12.3,22.2,0,32,27.4,54.7,0,19,31.1,53.2,,4,2,2,0.25,4,10,5,5,0.34,5,,,,,,,,,,,,,,,,,,,,,,,,,,,,,,,,,,,,,,,,,,,,,,,,,,,,,,,,,,,,,4845,前田 紗希,115期,埼玉,埼玉,33,A1,,2,0,0.13,6.04,44.0,59.5,7.78,61.1,72.2,0,36,23.0,33.3,0,33,53.3,65.3,8,5,4,4,0.25,3,12,3,3,0.25,6,,,,,,,,,,,,,,,,,,,,,,,,,,,,,,,,,,,,,,,,,,,,,,,,,,,,,,,,,,,,,4689,豊田 結,109期,静岡,静岡,33,B1,,0,0,0.16,4.85,28.5,47.6,5.91,46.8,53.1,0,78,34.6,51.2,0,62,29.4,41.1,,3,6,6,0.16,4,9,2,2,0.16,2,,,,,,,,,,,,,,,,,,,,,,,,,,,,,,,,,,,,,,,,,,,,,,,,,,,,,,,,,,,,,4784,向井田 真紀,113期,広島,広島,38,B1,,1,0,0.21,3.25,10.0,27.5,4.28,27.7,33.3,0,51,36.1,58.3,0,17,38.9,57.1,,2,2,2,0.13,3,7,5,5,0.19,6,,,,,,,,,,,,,,,,,,,,,,,,,,,,,,,,,,,,,,,,,,,,,,,,,,,,,,,,,,,,,4746,大豆生田 蒼,111期,埼玉,栃木,31,B1,,0,0,0.2,5.67,39.0,59.7,4.5,15.3,30.7,0,24,32.4,45.9,0,82,26.7,42.2,7,,,,,,10,3,3,0.43,6,,,,,,,,,,,,,,,,,,,,,,,,,,,,,,,,,,,,,,,,,,,,,,,,,,,,,,,,,,,,,4974,安井 瑞紀,120期,岡山,岡山,33,A2,,1,0,0.18,5.27,36.4,47.6,5.43,37.2,52.9,0,55,32.8,47.3,0,60,32.0,56.0,11,4,3,3,0.21,1,9,1,1,0.19,4,,,,,,,,,,,,,,,,,,,,,,,,,,,,,,,,,,,,,,,,,,,,,,,,,,,,,,,,,,,,
202609071403,2026-09-07,14,03R,4642,松尾 夏海,107期,香川,愛媛,34,A2,,0,0,0.16,7.17,56.2,76.8,6.24,42.1,63.1,0,35,29.4,48.5,0,66,43.6,64.7,9,7,2,2,0.11,4,12,5,5,0.22,4,,,,,,,,,,,,,,,,,,,,,,,,,,,,,,,,,,,,,,,,,,,,,,,,,,,,,,,,,,,,,5153,佐藤 ほのか,127期,東京,東京,30,B1,,1,0,0.16,3.4,10.1,26.9,0.0,0.0,0.0,0,10,22.5,43.6,0,37,38.9,55.8,10,5,3,3,0.16,4,,,,,,,,,,,,,,,,,,,,,,,,,,,,,,,,,,,,,,,,,,,,,,,,,,,,,,,,,,,,,,,,,,4901,出口 舞有子,117期,愛知,愛知,33,B1,,1,0,0.17,5.73,36.3,60.2,0.0,0.0,0.0,0,28,25.0,44.1,0,74,39.1,58.1,8,,,,,,7,6,6,0.16,3,,,,,,,,,,,,,,,,,,,,,,,,,,,,,,,,,,,,,,,,,,,,,,,,,,,,,,,,,,,,,4678,水野 望美,109期,愛知,愛知,37,B1,,1,0,0.17,4.43,23.5,38.2,6.79,52.6,68.4,0,80,29.0,44.1,0,20,25.0,38.2,11,,,,,,8,5,5,0.24,4,,,,,,,,,,,,,,,,,,,,,,,,,,,,,,,,,,,,,,,,,,,,,,,,,,,,,,,,,,,,,4611,今井 美亜,106期,福井,富山,36,A1,,0,0,0.15,6.09,40.3,57.0,5.84,40.0,48.0,0,71,36.6,54.9,0,32,33.7,59.4,12,1,1,1,0.01,1,10,4,4,0.31,2,,,,,,,,,,,,,,,,,,,,,,,,,,,,,,,,,,,,,,,,,,,,,,,,,,,,,,,,,,,,,4965,福岡 泉水,119期,兵庫,兵庫,28,B1,賞除,1,0,0.19,4.45,20.4,38.7,3.53,21.0,26.3,0,31,35.4,54.4,0,50,36.6,50.7,,1,4,4,0.07,F,8,1,1,0.28,6,,,,,,,,,,,,,,,,,,,,,,,,,,,,,,,,,,,,,,,,,,,,,,,,,,,,,,,,,,,,
202609071404,2026-09-07,14,04R,5193,米丸 乃絵,128期,福岡,熊本,25,A1,,0,0,0.16,6.99,54.8,65.3,6.52,36.0,64.0,0,30,38.6,52.0,0,15,28.7,54.7,,4,5,6,0.16,2,12,2,2,0.22,5,,,,,,,,,,,,,,,,,,,,,,,,,,,,,,,,,,,,,,,,,,,,,,,,,,,,,,,,,,,,,5069,山崎 小葉音,123期,群馬,徳島,25,B1,,0,0,0.17,5.01,28.2,48.9,5.33,27.7,55.5,0,61,30.2,51.3,0,58,25.0,40.2,8,,,,,,9,3,3,0.17,3,,,,,,,,,,,,,,,,,,,,,,,,,,,,,,,,,,,,,,,,,,,,,,,,,,,,,,,,,,,,,4372,原田 佑実,97期,大阪,愛知,39,A2,,0,0,0.17,6.06,40.4,59.5,4.77,35.4,45.1,0,56,23.1,37.6,0,79,24.2,50.0,12,3,2,2,0.2,1,11,4,4,0.17,2,,,,,,,,,,,,,,,,,,,,,,,,,,,,,,,,,,,,,,,,,,,,,,,,,,,,,,,,,,,,,4400,加藤 奈月,98期,福井,福井,38,B1,,0,0,0.18,4.19,13.9,34.1,3.93,6.6,26.6,0,70,40.6,56.2,0,25,21.4,47.1,10,5,1,1,0.31,2,,,,,,,,,,,,,,,,,,,,,,,,,,,,,,,,,,,,,,,,,,,,,,,,,,,,,,,,,,,,,,,,,,4733,赤井 睦,111期,徳島,岡山,37,B1,,0,0,0.15,5.42,37.1,53.2,5.01,27.9,45.5,0,21,24.2,45.7,0,76,33.7,54.0,11,6,6,6,0.07,3,,,,,,,,,,,,,,,,,,,,,,,,,,,,,,,,,,,,,,,,,,,,,,,,,,,,,,,,,,,,,,,,,,4627,藤原 菜希,107期,東京,大阪,40,A2,,0,0,0.15,6.56,47.4,67.8,6.83,55.5,61.1,0,23,28.0,40.0,0,83,35.9,46.1,9,4,1,1,0.18,3,,,,,,,,,,,,,,,,,,,,,,,,,,,,,,,,,,,,,,,,,,,,,,,,,,,,,,,,,,,,,,,,,
202609071405,2026-09-07,14,05R,5342,原村 百那,134期,山口,山口,24,B2,,0,0,0.17,2.64,9.8,14.7,1.18,0.0,0.0,0,79,48.5,60.0,0,77,44.4,59.7,,3,4,4,0.15,6,10,6,6,0.31,4,,,,,,,,,,,,,,,,,,,,,,,,,,,,,,,,,,,,,,,,,,,,,,,,,,,,,,,,,,,,,4885,大山 千広,116期,福岡,福岡,30,A2,,0,0,0.15,7.17,57.9,73.9,0.0,0.0,0.0,0,68,28.0,38.6,0,27,34.2,46.5,11,3,1,1,0.17,2,12,4,4,0.13,1,,,,,,,,,,,,,,,,,,,,,,,,,,,,,,,,,,,,,,,,,,,,,,,,,,,,,,,,,,,,,4843,深尾 巴恵,115期,静岡,群馬,33,B1,,1,0,0.16,3.72,17.2,27.5,5.5,37.5,50.0,0,69,29.8,48.0,0,18,36.8,46.0,,4,4,5,0.18,5,11,2,2,0.27,5,,,,,,,,,,,,,,,,,,,,,,,,,,,,,,,,,,,,,,,,,,,,,,,,,,,,,,,,,,,,,4680,後藤 美翼,109期,東京,東京,36,A2,,0,0,0.21,5.46,31.0,56.0,5.32,28.5,53.5,0,26,29.3,45.3,0,36,22.0,44.1,,6,3,3,0.13,2,11,1,1,0.23,落,,,,,,,,,,,,,,,,,,,,,,,,,,,,,,,,,,,,,,,,,,,,,,,,,,,,,,,,,,,,,4714,喜多須 杏奈,110期,徳島,徳島,35,B1,,0,0,0.17,5.0,27.0,48.2,5.34,29.2,57.3,0,16,35.8,48.1,0,84,29.1,38.8,10,,,,,,7,1,1,0.08,1,,,,,,,,,,,,,,,,,,,,,,,,,,,,,,,,,,,,,,,,,,,,,,,,,,,,,,,,,,,,,4984,森下 愛梨,120期,静岡,静岡,29,B1,,0,0,0.21,4.8,28.9,43.3,6.0,33.3,62.9,0,33,40.2,61.1,0,68,28.1,46.4,9,6,1,1,0.24,1,,,,,,,,,,,,,,,,,,,,,,,,,,,,,,,,,,,,,,,,,,,,,,,,,,,,,,,,,,,,,,,,,
202609071406,2026-09-07,14,06R,5198,奥村 明日香,128期,福岡,福岡,24,B1,,0,0,0.2,5.54,38.0,52.0,4.06,20.3,33.3,0,29,46.0,56.1,0,73,19.7,30.9,,2,4,4,0.15,1,8,6,6,0.22,3,,,,,,,,,,,,,,,,,,,,,,,,,,,,,,,,,,,,,,,,,,,,,,,,,,,,,,,,,,,,,4050,田口 節子,85期,岡山,岡山,45,A1,,0,0,0.15,7.75,61.3,81.1,7.61,61.1,77.7,0,73,18.3,40.8,0,63,28.7,39.7,10,6,5,5,0.08,5,12,1,1,0.23,2,,,,,,,,,,,,,,,,,,,,,,,,,,,,,,,,,,,,,,,,,,,,,,,,,,,,,,,,,,,,,5195,北村 寧々,128期,長崎,長崎,24,A2,,1,0,0.15,5.21,33.7,46.5,5.89,33.3,66.6,0,12,35.9,51.2,0,13,35.0,55.8,11,,,,,,8,2,2,0.08,1,,,,,,,,,,,,,,,,,,,,,,,,,,,,,,,,,,,,,,,,,,,,,,,,,,,,,,,,,,,,,4450,平高 奈菜,100期,香川,愛媛,39,A2,,1,0,0.16,6.63,47.3,70.5,5.94,42.8,57.1,0,38,33.7,53.2,0,39,28.2,48.7,12,5,2,2,0.26,1,11,5,5,0.19,3,,,,,,,,,,,,,,,,,,,,,,,,,,,,,,,,,,,,,,,,,,,,,,,,,,,,,,,,,,,,,5108,柴田 愛梨,125期,群馬,群馬,27,B2,,0,0,0.25,3.03,10.0,20.0,0.0,0.0,0.0,0,52,42.1,59.2,0,35,27.4,42.4,1,4,6,4,0.2,6,,,,,,,,,,,,,,,,,,,,,,,,,,,,,,,,,,,,,,,,,,,,,,,,,,,,,,,,,,,,,,,,,,5390,高橋 涼夏,135期,群馬,群馬,19,B2,賞除,1,0,0.17,2.81,10.3,17.2,1.43,0.0,0.0,0,17,27.7,50.6,0,30,24.6,44.1,,1,5,5,0.03,F,6,4,4,0.16,6,,,,,,,,,,,,,,,,,,,,,,,,,,,,,,,,,,,,,,,,,,,,,,,,,,,,,,,,,,,,
202609071407,2026-09-07,14,07R,4746,大豆生田 蒼,111期,埼玉,栃木,31,B1,,0,0,0.2,5.67,39.0,59.7,4.5,15.3,30.7,0,24,32.4,45.9,0,82,26.7,42.2,2,,,,,,10,3,3,0.43,6,,,,,,,,,,,,,,,,,,,,,,,,,,,,,,,,,,,,,,,,,,,,,,,,,,,,,,,,,,,,,4775,千葉 真弥,112期,静岡,静岡,32,A2,,0,0,0.15,6.22,43.7,60.9,5.2,20.0,60.0,0,53,31.3,38.8,0,80,17.1,35.9,,2,3,3,0.12,5,12,6,6,0.19,3,,,,,,,,,,,,,,,,,,,,,,,,,,,,,,,,,,,,,,,,,,,,,,,,,,,,,,,,,,,,,5180,藤本 紗弥香,128期,山口,山口,28,B2,,0,0,0.21,4.73,26.7,41.0,0.0,0.0,0.0,0,84,21.4,47.1,0,22,25.9,38.9,,1,6,6,0.05,3,7,4,4,0.17,5,,,,,,,,,,,,,,,,,,,,,,,,,,,,,,,,,,,,,,,,,,,,,,,,,,,,,,,,,,,,,5189,藤原 早菜,128期,岡山,岡山,25,A2,,0,0,0.2,5.09,28.3,46.9,3.29,0.0,28.5,0,74,27.6,51.3,0,71,22.5,38.0,11,5,5,5,0.22,5,10,2,2,0.41,3,,,,,,,,,,,,,,,,,,,,,,,,,,,,,,,,,,,,,,,,,,,,,,,,,,,,,,,,,,,,,4530,小野 生奈,103期,福岡,福岡,37,A1,,0,0,0.15,7.23,59.2,71.8,6.13,40.0,53.3,0,39,13.1,32.8,0,56,41.1,53.4,12,,,,,,9,4,4,0.15,1,,,,,,,,,,,,,,,,,,,,,,,,,,,,,,,,,,,,,,,,,,,,,,,,,,,,,,,,,,,,,5380,野田 亜湖,135期,徳島,徳島,22,B2,,0,0,0.28,1.2,0.0,0.0,1.27,0.0,0.0,0,27,33.3,46.1,0,54,40.7,59.2,1,,,,,,8,4,4,0.27,5,,,,,,,,,,,,,,,,,,,,,,,,,,,,,,,,,,,,,,,,,,,,,,,,,,,,,,,,,,,,
202609071408,2026-09-07,14,08R,4901,出口 舞有子,117期,愛知,愛知,33,B1,,1,0,0.17,5.73,36.3,60.2,0.0,0.0,0.0,0,28,25.0,44.1,0,74,39.1,58.1,3,,,,,,7,6,6,0.16,3,,,,,,,,,,,,,,,,,,,,,,,,,,,,,,,,,,,,,,,,,,,,,,,,,,,,,,,,,,,,,4546,浜田 亜理沙,104期,埼玉,広島,38,B1,,0,0,0.17,7.22,57.3,79.7,7.64,64.2,82.1,0,65,34.2,53.4,0,70,35.9,48.7,12,3,5,5,0.13,3,8,3,3,0.11,2,,,,,,,,,,,,,,,,,,,,,,,,,,,,,,,,,,,,,,,,,,,,,,,,,,,,,,,,,,,,,4071,古賀 千晶,86期,兵庫,佐賀,45,B1,,0,0,0.17,4.51,29.8,34.3,6.6,60.0,60.0,0,11,29.3,42.6,0,57,20.9,32.8,,2,5,5,0.13,4,10,1,1,0.32,1,,,,,,,,,,,,,,,,,,,,,,,,,,,,,,,,,,,,,,,,,,,,,,,,,,,,,,,,,,,,,4878,西岡 育未,116期,徳島,徳島,31,B1,,0,0,0.17,4.36,19.7,38.3,5.08,28.8,52.5,0,25,31.4,48.8,0,65,36.2,53.6,,2,1,1,0.24,2,9,5,5,0.13,5,,,,,,,,,,,,,,,,,,,,,,,,,,,,,,,,,,,,,,,,,,,,,,,,,,,,,,,,,,,,,4845,前田 紗希,115期,埼玉,埼玉,33,A1,,2,0,0.13,6.04,44.0,59.5,7.78,61.1,72.2,0,36,23.0,33.3,0,33,53.3,65.3,2,5,4,4,0.25,3,12,3,3,0.25,6,,,,,,,,,,,,,,,,,,,,,,,,,,,,,,,,,,,,,,,,,,,,,,,,,,,,,,,,,,,,,5069,山崎 小葉音,123期,群馬,徳島,25,B1,,0,0,0.17,5.01,28.2,48.9,5.33,27.7,55.5,0,61,30.2,51.3,0,58,25.0,40.2,4,,,,,,9,3,3,0.17,3,,,,,,,,,,,,,,,,,,,,,,,,,,,,,,,,,,,,,,,,,,,,,,,,,,,,,,,,,,,,
202609071409,2026-09-07,14,09R,3470,新田 芳美,66期,徳島,徳島,56,B1,,0,0,0.17,5.19,26.0,46.5,4.92,27.2,46.7,0,83,23.0,34.6,0,26,30.7,48.7,,1,2,2,0.03,2,11,6,6,0.24,4,,,,,,,,,,,,,,,,,,,,,,,,,,,,,,,,,,,,,,,,,,,,,,,,,,,,,,,,,,,,,4984,森下 愛梨,120期,静岡,静岡,29,B1,,0,0,0.21,4.8,28.9,43.3,6.0,33.3,62.9,0,33,40.2,61.1,0,68,28.1,46.4,5,6,1,1,0.24,1,,,,,,,,,,,,,,,,,,,,,,,,,,,,,,,,,,,,,,,,,,,,,,,,,,,,,,,,,,,,,,,,,,4627,藤原 菜希,107期,東京,大阪,40,A2,,0,0,0.15,6.56,47.4,67.8,6.83,55.5,61.1,0,23,28.0,40.0,0,83,35.9,46.1,4,4,1,1,0.18,3,,,,,,,,,,,,,,,,,,,,,,,,,,,,,,,,,,,,,,,,,,,,,,,,,,,,,,,,,,,,,,,,,,4642,松尾 夏海,107期,香川,愛媛,34,A2,,0,0,0.16,7.17,56.2,76.8,6.24,42.1,63.1,0,35,29.4,48.5,0,66,43.6,64.7,3,7,2,2,0.11,4,12,5,5,0.22,4,,,,,,,,,,,,,,,,,,,,,,,,,,,,,,,,,,,,,,,,,,,,,,,,,,,,,,,,,,,,,4900,中田 夕貴,117期,埼玉,埼玉,33,B1,,0,1,0.19,5.05,30.5,44.7,4.46,21.4,39.2,0,54,31.9,50.0,0,38,28.3,45.9,1,6,2,2,0.18,4,,,,,,,,,,,,,,,,,,,,,,,,,,,,,,,,,,,,,,,,,,,,,,,,,,,,,,,,,,,,,,,,,,5440,薗頭 心,137期,兵庫,兵庫,20,B2,,0,0,0.19,1.73,5.3,5.3,2.0,0.0,0.0,0,58,38.2,52.9,0,34,26.5,49.3,,5,6,6,0.21,6,,,,,,,,,,,,,,,,,,,,,,,,,,,,,,,,,,,,,,,,,,,,,,,,,,,,,,,,,,,,,,,,,
202609071410,2026-09-07,14,10R,4738,清埜 翔子,111期,埼玉,埼玉,35,A2,,1,0,0.16,5.93,39.6,59.5,7.33,44.4,55.5,0,75,23.6,38.8,0,14,38.3,47.9,,2,6,6,0.18,6,11,3,3,0.16,1,,,,,,,,,,,,,,,,,,,,,,,,,,,,,,,,,,,,,,,,,,,,,,,,,,,,,,,,,,,,,5056,西岡 成美,123期,徳島,徳島,30,B2,,0,0,0.0,4.4,24.0,44.0,5.49,32.5,55.8,0,60,30.9,45.0,0,61,32.8,50.0,1,3,3,3,0.19,5,,,,,,,,,,,,,,,,,,,,,,,,,,,,,,,,,,,,,,,,,,,,,,,,,,,,,,,,,,,,,,,,,,4714,喜多須 杏奈,110期,徳島,徳島,35,B1,,0,0,0.17,5.0,27.0,48.2,5.34,29.2,57.3,0,16,35.8,48.1,0,84,29.1,38.8,5,,,,,,7,1,1,0.08,1,,,,,,,,,,,,,,,,,,,,,,,,,,,,,,,,,,,,,,,,,,,,,,,,,,,,,,,,,,,,,4050,田口 節子,85期,岡山,岡山,45,A1,,0,0,0.15,7.75,61.3,81.1,7.61,61.1,77.7,0,73,18.3,40.8,0,63,28.7,39.7,6,6,5,5,0.08,5,12,1,1,0.23,2,,,,,,,,,,,,,,,,,,,,,,,,,,,,,,,,,,,,,,,,,,,,,,,,,,,,,,,,,,,,,5153,佐藤 ほのか,127期,東京,東京,30,B1,,1,0,0.16,3.4,10.1,26.9,0.0,0.0,0.0,0,10,22.5,43.6,0,37,38.9,55.8,3,5,3,3,0.16,4,,,,,,,,,,,,,,,,,,,,,,,,,,,,,,,,,,,,,,,,,,,,,,,,,,,,,,,,,,,,,,,,,,4400,加藤 奈月,98期,福井,福井,38,B1,,0,0,0.18,4.19,13.9,34.1,3.93,6.6,26.6,0,70,40.6,56.2,0,25,21.4,47.1,4,5,1,1,0.31,2,,,,,,,,,,,,,,,,,,,,,,,,,,,,,,,,,,,,,,,,,,,,,,,,,,,,,,,,,,,,,,,,,
202609071411,2026-09-07,14,11R,4678,水野 望美,109期,愛知,愛知,37,B1,,1,0,0.17,4.43,23.5,38.2,6.79,52.6,68.4,0,80,29.0,44.1,0,20,25.0,38.2,3,,,,,,8,5,5,0.24,4,,,,,,,,,,,,,,,,,,,,,,,,,,,,,,,,,,,,,,,,,,,,,,,,,,,,,,,,,,,,,4733,赤井 睦,111期,徳島,岡山,37,B1,,0,0,0.15,5.42,37.1,53.2,5.01,27.9,45.5,0,21,24.2,45.7,0,76,33.7,54.0,4,6,6,6,0.07,3,,,,,,,,,,,,,,,,,,,,,,,,,,,,,,,,,,,,,,,,,,,,,,,,,,,,,,,,,,,,,,,,,,5189,藤原 早菜,128期,岡山,岡山,25,A2,,0,0,0.2,5.09,28.3,46.9,3.29,0.0,28.5,0,74,27.6,51.3,0,71,22.5,38.0,7,5,5,5,0.22,5,10,2,2,0.41,3,,,,,,,,,,,,,,,,,,,,,,,,,,,,,,,,,,,,,,,,,,,,,,,,,,,,,,,,,,,,,4974,安井 瑞紀,120期,岡山,岡山,33,A2,,1,0,0.18,5.27,36.4,47.6,5.43,37.2,52.9,0,55,32.8,47.3,0,60,32.0,56.0,2,4,3,3,0.21,1,9,1,1,0.19,4,,,,,,,,,,,,,,,,,,,,,,,,,,,,,,,,,,,,,,,,,,,,,,,,,,,,,,,,,,,,,5195,北村 寧々,128期,長崎,長崎,24,A2,,1,0,0.15,5.21,33.7,46.5,5.89,33.3,66.6,0,12,35.9,51.2,0,13,35.0,55.8,6,,,,,,8,2,2,0.08,1,,,,,,,,,,,,,,,,,,,,,,,,,,,,,,,,,,,,,,,,,,,,,,,,,,,,,,,,,,,,,4885,大山 千広,116期,福岡,福岡,30,A2,,0,0,0.15,7.17,57.9,73.9,0.0,0.0,0.0,0,68,28.0,38.6,0,27,34.2,46.5,5,3,1,1,0.17,2,12,4,4,0.13,1,,,,,,,,,,,,,,,,,,,,,,,,,,,,,,,,,,,,,,,,,,,,,,,,,,,,,,,,,,,,
202609071412,2026-09-07,14,12R,4530,小野 生奈,103期,福岡,福岡,37,A1,,0,0,0.15,7.23,59.2,71.8,6.13,40.0,53.3,0,39,13.1,32.8,0,56,41.1,53.4,7,,,,,,9,4,4,0.15,1,,,,,,,,,,,,,,,,,,,,,,,,,,,,,,,,,,,,,,,,,,,,,,,,,,,,,,,,,,,,,4611,今井 美亜,106期,福井,富山,36,A1,,0,0,0.15,6.09,40.3,57.0,5.84,40.0,48.0,0,71,36.6,54.9,0,32,33.7,59.4,3,1,1,1,0.01,1,10,4,4,0.31,2,,,,,,,,,,,,,,,,,,,,,,,,,,,,,,,,,,,,,,,,,,,,,,,,,,,,,,,,,,,,,4450,平高 奈菜,100期,香川,愛媛,39,A2,,1,0,0.16,6.63,47.3,70.5,5.94,42.8,57.1,0,38,33.7,53.2,0,39,28.2,48.7,6,5,2,2,0.26,1,11,5,5,0.19,3,,,,,,,,,,,,,,,,,,,,,,,,,,,,,,,,,,,,,,,,,,,,,,,,,,,,,,,,,,,,,4347,魚谷 香織,96期,福岡,山口,41,A2,,0,0,0.18,6.06,41.5,60.6,6.55,54.5,72.7,0,76,29.7,44.5,0,67,34.6,49.3,1,,,,,,7,3,3,0.11,2,,,,,,,,,,,,,,,,,,,,,,,,,,,,,,,,,,,,,,,,,,,,,,,,,,,,,,,,,,,,,4372,原田 佑実,97期,大阪,愛知,39,A2,,0,0,0.17,6.06,40.4,59.5,4.77,35.4,45.1,0,56,23.1,37.6,0,79,24.2,50.0,4,3,2,2,0.2,1,11,4,4,0.17,2,,,,,,,,,,,,,,,,,,,,,,,,,,,,,,,,,,,,,,,,,,,,,,,,,,,,,,,,,,,,,4546,浜田 亜理沙,104期,埼玉,広島,38,B1,,0,0,0.17,7.22,57.3,79.7,7.64,64.2,82.1,0,65,34.2,53.4,0,70,35.9,48.7,8,3,5,5,0.13,3,8,3,3,0.11,2,,,,,,,,,,,,,,,,,,,,,,,,,,,,,,,,,,,,,,,,,,,,,,,,,,,,,,,,,,,,
202609071601,2026-09-07,16,01R,4441,末永 由楽,100期,岡山,岡山,40,A2,,0,0,0.14,5.63,33.3,54.7,6.34,43.8,63.7,0,66,33.8,51.7,0,36,34.5,46.4,8,,,,,,,,,,,,,,,,,,,,,,,,,,,,,,,,,,,,,,,,,,,,,,,,,,,,,,,,,,,,,,,,,,,,,,,4924,中北 涼,118期,長崎,愛知,33,B1,,0,0,0.17,4.61,22.0,40.0,4.56,27.7,38.8,0,67,33.1,49.5,0,75,32.1,47.3,9,,,,,,,,,,,,,,,,,,,,,,,,,,,,,,,,,,,,,,,,,,,,,,,,,,,,,,,,,,,,,,,,,,,,,,,5286,坂井 滉哉,132期,福岡,福岡,27,B1,,0,0,0.16,4.67,25.2,44.4,4.68,21.0,36.8,0,52,28.4,43.6,0,39,38.4,53.8,,,,,,,,,,,,,,,,,,,,,,,,,,,,,,,,,,,,,,,,,,,,,,,,,,,,,,,,,,,,,,,,,,,,,,,,3284,渡邊 伸太郎,59期,佐賀,佐賀,58,B1,,1,0,0.18,5.71,36.7,58.2,4.0,10.5,26.3,0,64,33.1,51.2,0,15,40.0,53.5,7,,,,,,,,,,,,,,,,,,,,,,,,,,,,,,,,,,,,,,,,,,,,,,,,,,,,,,,,,,,,,,,,,,,,,,,4343,村岡 賢,96期,広島,広島,41,B1,,0,0,0.17,4.19,15.7,34.7,5.03,36.3,48.4,0,54,31.7,52.6,0,13,29.6,48.9,10,,,,,,,,,,,,,,,,,,,,,,,,,,,,,,,,,,,,,,,,,,,,,,,,,,,,,,,,,,,,,,,,,,,,,,,5423,高橋 嗣穏,137期,徳島,高知,24,B2,,1,0,0.22,1.22,0.0,0.0,1.22,0.0,0.0,0,33,25.8,37.8,0,29,32.9,50.2,6,,,,,,,,,,,,,,,,,,,,,,,,,,,,,,,,,,,,,,,,,,,,,,,,,,,,,,,,,,,,,,,,,,,,,,
202609071602,2026-09-07,16,02R,4410,井上 大輔,99期,岡山,岡山,40,B1,,0,0,0.16,4.29,24.4,36.1,5.01,33.3,43.4,0,24,30.5,48.0,0,20,30.1,43.0,11,,,,,,,,,,,,,,,,,,,,,,,,,,,,,,,,,,,,,,,,,,,,,,,,,,,,,,,,,,,,,,,,,,,,,,,5124,上瀧 絢也,126期,佐賀,佐賀,30,B1,,0,0,0.17,4.35,25.9,39.5,3.2,10.0,20.0,0,11,31.0,42.5,0,51,30.6,47.5,10,,,,,,,,,,,,,,,,,,,,,,,,,,,,,,,,,,,,,,,,,,,,,,,,,,,,,,,,,,,,,,,,,,,,,,,5326,三嶌 さらら,133期,香川,香川,22,B1,,0,0,0.19,5.02,31.1,45.0,4.04,16.0,36.0,0,53,34.6,50.2,0,53,26.0,44.5,9,,,,,,,,,,,,,,,,,,,,,,,,,,,,,,,,,,,,,,,,,,,,,,,,,,,,,,,,,,,,,,,,,,,,,,,4374,永田 義紘,98期,広島,広島,42,B1,,1,0,0.15,4.33,25.0,32.9,4.28,20.0,36.0,0,46,24.8,38.6,0,54,38.5,52.7,8,,,,,,,,,,,,,,,,,,,,,,,,,,,,,,,,,,,,,,,,,,,,,,,,,,,,,,,,,,,,,,,,,,,,,,,5047,國分 将太郎,123期,東京,福島,32,B1,,0,0,0.17,6.11,39.8,63.2,5.48,34.7,56.5,0,15,26.8,41.5,0,59,32.0,46.5,7,,,,,,,,,,,,,,,,,,,,,,,,,,,,,,,,,,,,,,,,,,,,,,,,,,,,,,,,,,,,,,,,,,,,,,,5338,香月 大輝,134期,福岡,福岡,26,B1,,0,0,0.16,4.5,20.0,40.0,3.56,5.5,27.7,0,16,35.9,51.4,0,70,31.3,51.3,,,,,,,,,,,,,,,,,,,,,,,,,,,,,,,,,,,,,,,,,,,,,,,,,,,,,,,,,,,,,,,,,,,,,,,
202609071603,2026-09-07,16,03R,5074,大澤 誠也,124期,愛知,愛知,30,B1,,0,0,0.19,4.23,22.5,32.3,4.86,21.4,42.8,0,38,35.1,50.7,0,38,42.7,60.0,,,,,,,,,,,,,,,,,,,,,,,,,,,,,,,,,,,,,,,,,,,,,,,,,,,,,,,,,,,,,,,,,,,,,,,,4131,原 豊土,89期,静岡,愛知,46,B1,,0,0,0.17,5.7,37.8,57.2,6.6,55.0,70.0,0,39,37.1,53.9,0,34,39.8,54.1,8,,,,,,,,,,,,,,,,,,,,,,,,,,,,,,,,,,,,,,,,,,,,,,,,,,,,,,,,,,,,,,,,,,,,,,,4314,青木 幸太郎,95期,福岡,福岡,42,A2,,0,0,0.16,5.88,39.7,61.4,4.35,11.7,23.5,0,58,33.3,53.5,0,40,31.5,47.2,10,,,,,,,,,,,,,,,,,,,,,,,,,,,,,,,,,,,,,,,,,,,,,,,,,,,,,,,,,,,,,,,,,,,,,,,4460,後藤 翔之,101期,東京,東京,40,A2,,0,0,0.14,6.07,43.2,63.4,5.69,37.9,62.0,0,23,32.5,49.7,0,41,29.5,44.9,11,,,,,,,,,,,,,,,,,,,,,,,,,,,,,,,,,,,,,,,,,,,,,,,,,,,,,,,,,,,,,,,,,,,,,,,4072,森永 淳,86期,佐賀,佐賀,45,A1,,0,0,0.13,7.34,58.8,72.5,7.6,70.0,70.0,0,21,37.8,51.9,0,58,38.5,57.6,12,,,,,,,,,,,,,,,,,,,,,,,,,,,,,,,,,,,,,,,,,,,,,,,,,,,,,,,,,,,,,,,,,,,,,,,4499,滝川 真由子,102期,長崎,愛知,38,B1,,1,0,0.18,5.0,25.8,56.4,2.67,0.0,0.0,0,26,31.5,46.0,0,46,31.8,52.7,9,,,,,,,,,,,,,,,,,,,,,,,,,,,,,,,,,,,,,,,,,,,,,,,,,,,,,,,,,,,,,,,,,,,,,,
202609071604,2026-09-07,16,04R,5076,石原 光,124期,静岡,静岡,30,B1,,0,0,0.17,4.95,32.6,46.1,3.41,13.6,27.2,0,22,35.9,50.2,0,56,32.6,50.2,11,,,,,,,,,,,,,,,,,,,,,,,,,,,,,,,,,,,,,,,,,,,,,,,,,,,,,,,,,,,,,,,,,,,,,,,5109,川崎 智稔,125期,岡山,岡山,27,B1,,1,0,0.15,4.65,28.0,47.0,4.45,22.7,42.4,0,68,32.6,47.0,0,61,31.3,50.5,10,,,,,,,,,,,,,,,,,,,,,,,,,,,,,,,,,,,,,,,,,,,,,,,,,,,,,,,,,,,,,,,,,,,,,,,4286,平田 さやか,94期,東京,東京,42,A2,,0,0,0.15,6.06,43.7,64.8,0.0,0.0,0.0,0,17,38.5,50.5,0,11,27.3,45.9,9,,,,,,,,,,,,,,,,,,,,,,,,,,,,,,,,,,,,,,,,,,,,,,,,,,,,,,,,,,,,,,,,,,,,,,,4828,松山 将吾,114期,滋賀,京都,32,A1,,1,0,0.15,6.56,48.0,65.6,5.45,35.0,50.0,0,42,30.1,46.6,0,67,27.0,42.5,12,,,,,,,,,,,,,,,,,,,,,,,,,,,,,,,,,,,,,,,,,,,,,,,,,,,,,,,,,,,,,,,,,,,,,,,4449,中嶋 達也,100期,兵庫,兵庫,39,B1,,0,0,0.16,3.95,21.8,32.1,4.38,25.0,41.6,0,63,32.2,47.8,0,69,31.9,49.4,,,,,,,,,,,,,,,,,,,,,,,,,,,,,,,,,,,,,,,,,,,,,,,,,,,,,,,,,,,,,,,,,,,,,,,,4789,古賀 智之,113期,福岡,福岡,37,A2,,0,0,0.16,5.63,39.1,56.5,5.31,31.2,50.0,0,37,34.8,54.9,0,12,31.1,43.1,,,,,,,,,,,,,,,,,,,,,,,,,,,,,,,,,,,,,,,,,,,,,,,,,,,,,,,,,,,,,,,,,,,,,,,
202609071605,2026-09-07,16,05R,3988,古川 誠之,83期,愛知,愛知,48,A2,,0,0,0.15,6.2,38.5,66.3,5.73,45.4,54.5,0,61,35.1,53.7,0,52,32.4,51.1,11,,,,,,,,,,,,,,,,,,,,,,,,,,,,,,,,,,,,,,,,,,,,,,,,,,,,,,,,,,,,,,,,,,,,,,,5335,森 陽多,133期,長崎,長崎,21,B1,,0,0,0.18,3.1,13.2,25.0,2.0,11.1,11.1,0,20,49.5,67.3,0,45,37.5,51.0,,,,,,,,,,,,,,,,,,,,,,,,,,,,,,,,,,,,,,,,,,,,,,,,,,,,,,,,,,,,,,,,,,,,,,,,5063,大塚 雅治,123期,東京,神奈川,28,B1,,0,0,0.21,5.0,26.9,49.4,5.75,31.2,68.7,0,34,32.6,46.0,0,23,33.5,48.6,,,,,,,,,,,,,,,,,,,,,,,,,,,,,,,,,,,,,,,,,,,,,,,,,,,,,,,,,,,,,,,,,,,,,,,,5299,西丸 敦基,132期,香川,香川,24,A2,,0,0,0.15,6.07,44.5,59.4,5.24,36.7,51.0,0,62,38.8,58.5,0,37,22.0,35.7,10,,,,,,,,,,,,,,,,,,,,,,,,,,,,,,,,,,,,,,,,,,,,,,,,,,,,,,,,,,,,,,,,,,,,,,,4350,篠崎 元志,96期,福岡,福岡,40,A1,,0,0,0.13,8.09,66.6,78.9,8.75,85.0,95.0,0,28,32.4,47.8,0,28,24.7,37.6,12,,,,,,,,,,,,,,,,,,,,,,,,,,,,,,,,,,,,,,,,,,,,,,,,,,,,,,,,,,,,,,,,,,,,,,,4382,高山 智至,98期,滋賀,京都,41,B1,,0,0,0.19,4.64,21.3,39.8,3.67,5.5,33.3,0,31,34.3,50.7,0,68,40.5,62.1,,,,,,,,,,,,,,,,,,,,,,,,,,,,,,,,,,,,,,,,,,,,,,,,,,,,,,,,,,,,,,,,,,,,,,,
202609071606,2026-09-07,16,06R,4728,山口 亮,111期,東京,神奈川,38,B1,,1,0,0.18,4.53,24.6,39.7,4.22,21.7,34.7,0,60,43.5,60.8,0,33,38.0,53.8,,,,,,,,,,,,,,,,,,,,,,,,,,,,,,,,,,,,,,,,,,,,,,,,,,,,,,,,,,,,,,,,,,,,,,,,4446,和田 兼輔,100期,兵庫,兵庫,39,A1,,1,0,0.13,6.79,47.7,68.8,6.75,35.0,60.0,0,18,30.3,45.5,0,62,33.5,51.0,12,,,,,,,,,,,,,,,,,,,,,,,,,,,,,,,,,,,,,,,,,,,,,,,,,,,,,,,,,,,,,,,,,,,,,,,4549,小林 文彦,104期,福岡,福岡,37,A2,,0,0,0.19,6.22,44.7,64.5,6.05,50.0,55.0,0,43,28.0,50.0,0,63,34.6,54.3,11,,,,,,,,,,,,,,,,,,,,,,,,,,,,,,,,,,,,,,,,,,,,,,,,,,,,,,,,,,,,,,,,,,,,,,,4067,永井 源,86期,愛知,福岡,46,A2,,0,0,0.17,6.5,49.6,68.9,0.0,0.0,0.0,0,14,27.0,45.9,0,14,34.5,56.2,,,,,,,,,,,,,,,,,,,,,,,,,,,,,,,,,,,,,,,,,,,,,,,,,,,,,,,,,,,,,,,,,,,,,,,,5423,高橋 嗣穏,137期,徳島,高知,24,B2,,1,0,0.22,1.22,0.0,0.0,1.22,0.0,0.0,0,33,25.8,37.8,0,29,32.9,50.2,1,,,,,,,,,,,,,,,,,,,,,,,,,,,,,,,,,,,,,,,,,,,,,,,,,,,,,,,,,,,,,,,,,,,,,,,3866,木山 誠一,79期,岡山,岡山,51,B1,,2,0,0.13,4.44,27.8,41.7,3.14,16.0,22.0,0,40,25.0,45.8,0,42,35.4,54.8,,,,,,,,,,,,,,,,,,,,,,,,,,,,,,,,,,,,,,,,,,,,,,,,,,,,,,,,,,,,,,,,,,,,,,,
202609071607,2026-09-07,16,07R,5047,國分 将太郎,123期,東京,福島,32,B1,,0,0,0.17,6.11,39.8,63.2,5.48,34.7,56.5,0,15,26.8,41.5,0,59,32.0,46.5,2,,,,,,,,,,,,,,,,,,,,,,,,,,,,,,,,,,,,,,,,,,,,,,,,,,,,,,,,,,,,,,,,,,,,,,,4788,小池 哲也,113期,大阪,大阪,37,A2,,0,0,0.16,5.4,31.1,53.2,5.94,44.2,61.5,0,56,36.3,49.4,0,49,47.2,61.5,,,,,,,,,,,,,,,,,,,,,,,,,,,,,,,,,,,,,,,,,,,,,,,,,,,,,,,,,,,,,,,,,,,,,,,,3284,渡邊 伸太郎,59期,佐賀,佐賀,58,B1,,1,0,0.18,5.71,36.7,58.2,4.0,10.5,26.3,0,64,33.1,51.2,0,15,40.0,53.5,1,,,,,,,,,,,,,,,,,,,,,,,,,,,,,,,,,,,,,,,,,,,,,,,,,,,,,,,,,,,,,,,,,,,,,,,4359,横川 聖志,97期,徳島,徳島,42,A2,,1,0,0.13,5.37,35.9,53.9,5.13,31.1,53.3,0,36,36.2,62.3,0,31,35.5,53.5,,,,,,,,,,,,,,,,,,,,,,,,,,,,,,,,,,,,,,,,,,,,,,,,,,,,,,,,,,,,,,,,,,,,,,,,4030,森高 一真,85期,香川,香川,48,A1,,0,0,0.14,6.76,37.8,54.9,6.78,33.3,61.1,0,48,21.9,42.7,0,22,30.9,48.6,12,,,,,,,,,,,,,,,,,,,,,,,,,,,,,,,,,,,,,,,,,,,,,,,,,,,,,,,,,,,,,,,,,,,,,,,5464,宮田 栞,138期,福岡,福岡,19,B2,,0,0,0.0,1.24,0.0,0.0,0.0,0.0,0.0,0,65,36.1,55.1,0,16,23.4,41.9,,,,,,,,,,,,,,,,,,,,,,,,,,,,,,,,,,,,,,,,,,,,,,,,,,,,,,,,,,,,,,,,,,,,,,,
202609071608,2026-09-07,16,08R,4374,永田 義紘,98期,広島,広島,42,B1,,1,0,0.15,4.33,25.0,32.9,4.28,20.0,36.0,0,46,24.8,38.6,0,54,38.5,52.7,2,,,,,,,,,,,,,,,,,,,,,,,,,,,,,,,,,,,,,,,,,,,,,,,,,,,,,,,,,,,,,,,,,,,,,,,4441,末永 由楽,100期,岡山,岡山,40,A2,,0,0,0.14,5.63,33.3,54.7,6.34,43.8,63.7,0,66,33.8,51.7,0,36,34.5,46.4,1,,,,,,,,,,,,,,,,,,,,,,,,,,,,,,,,,,,,,,,,,,,,,,,,,,,,,,,,,,,,,,,,,,,,,,,5292,佐藤 右京,132期,東京,宮城,24,B1,,0,0,0.23,4.46,26.0,42.3,3.38,19.2,26.9,0,25,25.7,42.9,0,55,27.8,42.0,,,,,,,,,,,,,,,,,,,,,,,,,,,,,,,,,,,,,,,,,,,,,,,,,,,,,,,,,,,,,,,,,,,,,,,,4754,松尾 充,112期,三重,三重,38,A2,,0,0,0.15,6.44,44.0,64.8,0.0,0.0,0.0,0,32,25.5,43.2,0,25,29.4,47.7,,,,,,,,,,,,,,,,,,,,,,,,,,,,,,,,,,,,,,,,,,,,,,,,,,,,,,,,,,,,,,,,,,,,,,,,4131,原 豊土,89期,静岡,愛知,46,B1,,0,0,0.17,5.7,37.8,57.2,6.6,55.0,70.0,0,39,37.1,53.9,0,34,39.8,54.1,3,,,,,,,,,,,,,,,,,,,,,,,,,,,,,,,,,,,,,,,,,,,,,,,,,,,,,,,,,,,,,,,,,,,,,,,4364,池永 太,97期,福岡,宮崎,41,A1,,0,0,0.13,6.15,43.4,55.4,7.39,60.9,80.4,0,50,39.5,58.0,0,66,32.9,47.7,12,,,,,,,,,,,,,,,,,,,,,,,,,,,,,,,,,,,,,,,,,,,,,,,,,,,,,,,,,,,,,,,,,,,,,,
202609071609,2026-09-07,16,09R,4286,平田 さやか,94期,東京,東京,42,A2,,0,0,0.15,6.06,43.7,64.8,0.0,0.0,0.0,0,17,38.5,50.5,0,11,27.3,45.9,4,,,,,,,,,,,,,,,,,,,,,,,,,,,,,,,,,,,,,,,,,,,,,,,,,,,,,,,,,,,,,,,,,,,,,,,5265,大廣 咲季,131期,香川,香川,26,B1,,0,0,0.15,3.77,16.3,33.7,3.65,17.3,34.7,0,27,35.4,50.7,0,21,27.8,42.6,,,,,,,,,,,,,,,,,,,,,,,,,,,,,,,,,,,,,,,,,,,,,,,,,,,,,,,,,,,,,,,,,,,,,,,,4499,滝川 真由子,102期,長崎,愛知,38,B1,,1,0,0.18,5.0,25.8,56.4,2.67,0.0,0.0,0,26,31.5,46.0,0,46,31.8,52.7,3,,,,,,,,,,,,,,,,,,,,,,,,,,,,,,,,,,,,,,,,,,,,,,,,,,,,,,,,,,,,,,,,,,,,,,,5326,三嶌 さらら,133期,香川,香川,22,B1,,0,0,0.19,5.02,31.1,45.0,4.04,16.0,36.0,0,53,34.6,50.2,0,53,26.0,44.5,2,,,,,,,,,,,,,,,,,,,,,,,,,,,,,,,,,,,,,,,,,,,,,,,,,,,,,,,,,,,,,,,,,,,,,,,4924,中北 涼,118期,長崎,愛知,33,B1,,0,0,0.17,4.61,22.0,40.0,4.56,27.7,38.8,0,67,33.1,49.5,0,75,32.1,47.3,1,,,,,,,,,,,,,,,,,,,,,,,,,,,,,,,,,,,,,,,,,,,,,,,,,,,,,,,,,,,,,,,,,,,,,,,5358,増本 杏珠,134期,福岡,福岡,21,B2,,0,0,0.21,2.83,7.5,13.6,0.0,0.0,0.0,0,41,35.1,48.2,0,47,31.3,47.0,,,,,,,,,,,,,,,,,,,,,,,,,,,,,,,,,,,,,,,,,,,,,,,,,,,,,,,,,,,,,,,,,,,,,,,
202609071610,2026-09-07,16,10R,4314,青木 幸太郎,95期,福岡,福岡,42,A2,,0,0,0.16,5.88,39.7,61.4,4.35,11.7,23.5,0,58,33.3,53.5,0,40,31.5,47.2,3,,,,,,,,,,,,,,,,,,,,,,,,,,,,,,,,,,,,,,,,,,,,,,,,,,,,,,,,,,,,,,,,,,,,,,,4343,村岡 賢,96期,広島,広島,41,B1,,0,0,0.17,4.19,15.7,34.7,5.03,36.3,48.4,0,54,31.7,52.6,0,13,29.6,48.9,1,,,,,,,,,,,,,,,,,,,,,,,,,,,,,,,,,,,,,,,,,,,,,,,,,,,,,,,,,,,,,,,,,,,,,,,5299,西丸 敦基,132期,香川,香川,24,A2,,0,0,0.15,6.07,44.5,59.4,5.24,36.7,51.0,0,62,38.8,58.5,0,37,22.0,35.7,5,,,,,,,,,,,,,,,,,,,,,,,,,,,,,,,,,,,,,,,,,,,,,,,,,,,,,,,,,,,,,,,,,,,,,,,4797,中山 将,113期,三重,三重,34,A1,,2,0,0.13,6.04,44.4,66.6,6.38,47.6,61.9,0,57,35.0,51.0,0,60,29.8,39.6,,,,,,,,,,,,,,,,,,,,,,,,,,,,,,,,,,,,,,,,,,,,,,,,,,,,,,,,,,,,,,,,,,,,,,,,5109,川崎 智稔,125期,岡山,岡山,27,B1,,1,0,0.15,4.65,28.0,47.0,4.45,22.7,42.4,0,68,32.6,47.0,0,61,31.3,50.5,4,,,,,,,,,,,,,,,,,,,,,,,,,,,,,,,,,,,,,,,,,,,,,,,,,,,,,,,,,,,,,,,,,,,,,,,5124,上瀧 絢也,126期,佐賀,佐賀,30,B1,,0,0,0.17,4.35,25.9,39.5,3.2,10.0,20.0,0,11,31.0,42.5,0,51,30.6,47.5,2,,,,,,,,,,,,,,,,,,,,,,,,,,,,,,,,,,,,,,,,,,,,,,,,,,,,,,,,,,,,,,,,,,,,,,
202609071611,2026-09-07,16,11R,4436,渋谷 明憲,100期,大阪,大阪,40,A1,,1,0,0.15,6.34,48.2,70.1,5.38,38.1,52.3,0,12,39.6,54.4,0,35,27.6,45.2,,,,,,,,,,,,,,,,,,,,,,,,,,,,,,,,,,,,,,,,,,,,,,,,,,,,,,,,,,,,,,,,,,,,,,,,3988,古川 誠之,83期,愛知,愛知,48,A2,,0,0,0.15,6.2,38.5,66.3,5.73,45.4,54.5,0,61,35.1,53.7,0,52,32.4,51.1,5,,,,,,,,,,,,,,,,,,,,,,,,,,,,,,,,,,,,,,,,,,,,,,,,,,,,,,,,,,,,,,,,,,,,,,,4410,井上 大輔,99期,岡山,岡山,40,B1,,0,0,0.16,4.29,24.4,36.1,5.01,33.3,43.4,0,24,30.5,48.0,0,20,30.1,43.0,2,,,,,,,,,,,,,,,,,,,,,,,,,,,,,,,,,,,,,,,,,,,,,,,,,,,,,,,,,,,,,,,,,,,,,,,4549,小林 文彦,104期,福岡,福岡,37,A2,,0,0,0.19,6.22,44.7,64.5,6.05,50.0,55.0,0,43,28.0,50.0,0,63,34.6,54.3,6,,,,,,,,,,,,,,,,,,,,,,,,,,,,,,,,,,,,,,,,,,,,,,,,,,,,,,,,,,,,,,,,,,,,,,,5076,石原 光,124期,静岡,静岡,30,B1,,0,0,0.17,4.95,32.6,46.1,3.41,13.6,27.2,0,22,35.9,50.2,0,56,32.6,50.2,4,,,,,,,,,,,,,,,,,,,,,,,,,,,,,,,,,,,,,,,,,,,,,,,,,,,,,,,,,,,,,,,,,,,,,,,4460,後藤 翔之,101期,東京,東京,40,A2,,0,0,0.14,6.07,43.2,63.4,5.69,37.9,62.0,0,23,32.5,49.7,0,41,29.5,44.9,3,,,,,,,,,,,,,,,,,,,,,,,,,,,,,,,,,,,,,,,,,,,,,,,,,,,,,,,,,,,,,,,,,,,,,,
202609071612,2026-09-07,16,12R,4350,篠崎 元志,96期,福岡,福岡,40,A1,,0,0,0.13,8.09,66.6,78.9,8.75,85.0,95.0,0,28,32.4,47.8,0,28,24.7,37.6,5,,,,,,,,,,,,,,,,,,,,,,,,,,,,,,,,,,,,,,,,,,,,,,,,,,,,,,,,,,,,,,,,,,,,,,,4030,森高 一真,85期,香川,香川,48,A1,,0,0,0.14,6.76,37.8,54.9,6.78,33.3,61.1,0,48,21.9,42.7,0,22,30.9,48.6,7,,,,,,,,,,,,,,,,,,,,,,,,,,,,,,,,,,,,,,,,,,,,,,,,,,,,,,,,,,,,,,,,,,,,,,,4072,森永 淳,86期,佐賀,佐賀,45,A1,,0,0,0.13,7.34,58.8,72.5,7.6,70.0,70.0,0,21,37.8,51.9,0,58,38.5,57.6,3,,,,,,,,,,,,,,,,,,,,,,,,,,,,,,,,,,,,,,,,,,,,,,,,,,,,,,,,,,,,,,,,,,,,,,,4364,池永 太,97期,福岡,宮崎,41,A1,,0,0,0.13,6.15,43.4,55.4,7.39,60.9,80.4,0,50,39.5,58.0,0,66,32.9,47.7,8,,,,,,,,,,,,,,,,,,,,,,,,,,,,,,,,,,,,,,,,,,,,,,,,,,,,,,,,,,,,,,,,,,,,,,,4446,和田 兼輔,100期,兵庫,兵庫,39,A1,,1,0,0.13,6.79,47.7,68.8,6.75,35.0,60.0,0,18,30.3,45.5,0,62,33.5,51.0,6,,,,,,,,,,,,,,,,,,,,,,,,,,,,,,,,,,,,,,,,,,,,,,,,,,,,,,,,,,,,,,,,,,,,,,,4828,松山 将吾,114期,滋賀,京都,32,A1,,1,0,0.15,6.56,48.0,65.6,5.45,35.0,50.0,0,42,30.1,46.6,0,67,27.0,42.5,4,,,,,,,,,,,,,,,,,,,,,,,,,,,,,,,,,,,,,,,,,,,,,,,,,,,,,,,,,,,,,,,,,,,,,,
202609072201,2026-09-07,22,01R,3966,作間 章,82期,東京,千葉,47,A1,,0,0,0.17,6.32,43.2,64.8,8.03,74.1,87.1,0,61,37.3,51.4,0,139,35.9,50.4,10,,,,,,10,1,1,0.18,1,8,4,4,0.09,4,12,5,5,0.11,5,1,3,3,0.18,2,7,2,2,0.22,1,6,6,6,0.17,5,12,2,2,0.25,3,4,4,4,0.2,3,10,3,3,0.17,5,,,,,,,,,,,,,,,,,,,,,3467,森 弘行,66期,東京,東京,57,B1,,0,0,0.2,4.45,22.3,44.7,4.25,14.2,42.8,0,49,38.6,54.3,0,171,25.0,36.4,9,5,3,3,0.16,3,,,,,,5,1,1,0.34,2,11,4,4,0.22,2,,,,,,8,2,2,0.23,5,,,,,,7,6,6,0.1,6,3,4,4,0.19,3,9,5,5,0.2,4,,,,,,,,,,,,,,,,,,,,,5133,堀越 雄貴,126期,東京,神奈川,27,B1,,1,0,0.22,6.01,40.3,61.1,5.6,40.0,50.0,0,57,32.4,45.0,0,134,36.8,56.3,6,4,4,4,0.2,5,11,6,6,0.3,4,6,2,2,0.23,6,,,,,,6,1,1,0.24,4,,,,,,2,3,3,0.31,1,8,5,5,0.19,4,6,2,2,0.22,2,,,,,,,,,,,,,,,,,,,,,,,,,,5004,河野 主樹,121期,大阪,大阪,30,A2,,1,0,0.15,5.74,37.8,58.5,4.66,26.3,44.7,0,62,45.5,67.3,0,158,16.3,40.3,8,,,,,,8,1,1,0.19,1,6,4,4,0.23,5,11,3,3,0.18,4,6,6,6,0.29,2,12,2,2,0.24,4,3,6,6,0.22,2,9,2,2,0.29,5,,,,,,9,1,1,0.19,1,,,,,,,,,,,,,,,,,,,,,3928,林 恵祐,81期,福岡,福岡,50,B1,,0,0,0.18,3.89,13.2,33.7,3.78,15.3,27.6,0,74,44.1,59.3,0,128,34.3,48.4,7,5,5,5,0.27,6,,,,,,2,2,2,0.16,1,7,4,4,0.17,6,1,1,1,0.22,落,,,,,,3,3,3,0.11,5,,,,,,1,2,2,0.18,2,5,6,6,0.24,6,,,,,,,,,,,,,,,,,,,,,5381,有山 望,135期,大阪,奈良,21,B1,,1,0,0.17,4.11,17.1,28.9,0.0,0.0,0.0,0,56,41.0,60.0,0,104,32.3,50.5,5,2,5,4,0.33,5,7,6,5,0.19,6,5,3,3,0.32,5,,,,,,2,1,1,0.29,6,,,,,,7,2,2,0.13,5,11,6,6,0.11,6,4,2,2,0.08,5,,,,,,,,,,,,,,,,,,,,,,,,,
202609072202,2026-09-07,22,02R,5289,佃 來紀,132期,大阪,奈良,25,A2,,0,0,0.16,5.73,41.1,58.8,5.95,40.0,60.0,0,34,42.9,54.8,0,138,42.2,60.8,10,4,5,5,0.09,4,9,3,3,0.04,3,7,2,2,0.09,2,12,4,4,0.06,1,6,3,3,0.21,3,10,1,1,0.14,1,4,6,6,0.09,6,,,,,,1,5,5,0.19,4,12,3,3,0.08,6,,,,,,,,,,,,,,,,,,,,,3523,寳田 亮治,68期,福岡,福岡,57,B1,,0,0,0.2,4.42,20.9,43.2,6.0,55.5,55.5,0,35,26.6,40.3,0,106,26.0,36.4,6,6,1,1,0.19,1,,,,,,2,5,5,0.19,6,11,2,2,0.19,6,2,3,3,0.18,4,,,,,,1,6,6,0.18,4,8,4,4,0.16,3,,,,,,7,3,3,0.13,2,,,,,,,,,,,,,,,,,,,,,5007,近藤 雄一郎,121期,東京,福島,29,B1,,1,0,0.18,4.68,21.0,36.8,4.0,21.0,31.5,0,65,41.5,61.3,0,131,21.0,33.6,9,1,1,1,0.26,1,9,5,5,0.18,5,3,2,2,0.04,3,,,,,,7,3,3,0.22,6,11,6,6,0.23,4,3,4,4,0.14,6,,,,,,5,2,2,0.17,2,,,,,,,,,,,,,,,,,,,,,,,,,,4632,長尾 京志郎,107期,福岡,福岡,37,B1,,0,0,0.2,4.84,27.6,50.0,5.14,26.3,50.8,0,15,40.4,55.5,0,124,30.9,41.6,8,3,4,4,0.21,5,,,,,,1,1,1,0.22,2,6,3,3,0.18,3,,,,,,7,5,5,0.16,3,1,2,2,0.16,5,7,3,3,0.12,2,,,,,,8,6,6,0.17,6,,,,,,,,,,,,,,,,,,,,,4114,深澤 達徳,88期,東京,山梨,45,B1,,0,0,0.19,4.89,25.9,48.1,6.16,32.2,64.5,0,37,30.7,49.0,0,122,30.9,47.4,7,2,4,3,0.18,4,,,,,,2,1,1,0.15,2,9,5,5,0.25,6,,,,,,9,4,4,0.34,5,5,4,4,0.21,4,10,2,2,0.21,6,,,,,,9,6,6,0.2,6,,,,,,,,,,,,,,,,,,,,,4095,福来 剛,87期,東京,東京,45,A1,,2,0,0.13,7.07,59.1,71.4,7.33,55.5,72.2,0,39,40.4,64.0,0,101,31.6,47.5,11,2,6,6,0.2,2,12,2,2,0.11,6,5,4,4,0.21,1,10,3,3,0.25,5,4,5,5,0.12,5,12,1,1,0.15,1,,,,,,7,1,1,0.12,1,5,4,4,0.15,3,11,5,2,0.22,3,,,,,,,,,,,,,,,,,,,,
202609072203,2026-09-07,22,03R,3432,宮迫 暢彦,65期,大阪,大阪,58,B1,,1,0,0.18,3.86,15.3,35.3,5.38,38.4,46.1,0,33,41.3,52.8,0,136,35.2,54.9,,4,2,2,0.18,3,,,,,,3,4,4,0.03,4,8,3,3,0.13,3,3,1,1,0.2,2,12,5,5,0.21,6,4,4,4,0.12,5,8,6,6,0.19,5,,,,,,7,5,5,0.17,5,,,,,,,,,,,,,,,,,,,,,4377,濱本 優一,98期,大阪,大阪,42,A1,,0,0,0.15,5.28,34.3,53.9,6.1,47.6,64.2,0,22,33.0,48.8,0,164,27.5,44.9,11,,,,,,11,1,1,0.13,1,4,3,2,0.18,2,10,5,5,0.22,6,4,6,6,0.12,4,11,5,5,0.19,3,8,1,1,0.15,1,12,3,3,0.2,4,1,4,4,0.14,3,11,2,3,0.21,4,,,,,,,,,,,,,,,,,,,,,4368,山口 隆史,97期,福岡,福岡,40,B1,,0,0,0.2,4.38,24.5,34.4,4.75,21.8,43.7,0,20,36.2,50.4,0,114,32.9,45.3,9,1,6,6,0.46,4,8,2,2,0.17,2,,,,,,11,6,5,0.3,5,,,,,,9,3,3,0.21,1,3,1,1,0.12,3,12,4,4,0.17,5,,,,,,8,3,3,0.22,4,,,,,,,,,,,,,,,,,,,,,4379,桑島 和宏,98期,東京,千葉,42,A2,,0,0,0.16,6.06,36.4,63.5,6.57,52.3,66.6,0,67,37.3,59.6,0,111,31.4,46.6,8,,,,,,8,6,6,0.24,5,2,4,4,0.16,4,12,2,2,0.17,3,,,,,,9,1,1,0.2,4,4,5,5,0.12,4,9,3,3,0.2,3,5,5,5,0.23,4,,,,,,,,,,,,,,,,,,,,,,,,,,4792,杉村 賢也,113期,東京,東京,36,B1,,0,0,0.15,4.06,20.0,31.4,3.38,25.0,25.0,0,46,26.7,46.4,0,108,35.9,53.4,7,1,4,4,0.36,3,6,2,2,0.21,6,4,6,6,0.31,4,,,,,,1,5,5,0.21,4,11,3,3,0.18,6,4,1,1,0.12,3,,,,,,4,3,3,0.07,4,8,2,2,0.22,3,,,,,,,,,,,,,,,,,,,,,4904,松本 一毅,117期,大阪,大阪,32,B1,,0,0,0.17,5.34,35.9,51.2,7.22,66.6,66.6,0,13,36.5,57.3,0,129,33.0,51.4,10,6,3,3,0.14,2,10,5,5,0.13,3,2,6,6,0.18,3,10,2,2,0.22,4,3,3,3,0.17,3,7,4,4,0.14,2,1,1,1,0.16,1,,,,,,2,1,1,0.19,1,12,2,2,0.06,3,,,,,,,,,,,,,,,,,,,,
202609072204,2026-09-07,22,04R,4815,伏島 祐介,114期,東京,栃木,36,B1,,0,0,0.2,3.49,12.8,23.0,4.47,28.9,42.1,0,19,33.0,51.4,0,115,40.4,50.5,11,3,5,5,0.15,2,9,2,2,0.11,1,4,4,3,0.3,5,,,,,,5,1,1,0.17,2,,,,,,1,4,4,0.16,2,12,6,6,0.19,6,2,2,2,0.24,5,11,6,4,0.24,5,,,,,,,,,,,,,,,,,,,,,5081,篠原 飛翔,124期,福岡,福岡,27,A2,,0,0,0.17,5.35,37.8,51.3,6.09,46.8,59.3,0,32,24.8,46.5,0,157,36.4,46.8,9,,,,,,9,4,4,0.15,4,5,2,2,0.27,4,9,3,3,0.15,3,,,,,,8,6,6,0.28,4,2,5,5,0.33,5,9,1,1,0.27,1,4,5,5,0.21,2,9,4,4,0.22,2,,,,,,,,,,,,,,,,,,,,,3948,大町 利克,82期,大阪,長崎,50,B1,,0,0,0.18,3.5,12.1,31.0,0.0,0.0,0.0,0,71,41.3,65.5,0,174,40.8,54.0,,2,1,1,0.26,6,11,4,4,0.17,6,5,6,6,0.27,6,,,,,,5,4,4,0.1,6,11,2,2,0.22,5,1,3,3,0.14,6,10,6,5,0.06,4,6,3,3,0.22,4,,,,,,,,,,,,,,,,,,,,,,,,,,4958,溝口 海義也,119期,福岡,福岡,31,A1,,0,0,0.13,6.25,42.6,66.3,5.82,39.2,62.5,0,70,30.2,44.5,0,170,30.8,53.2,10,,,,,,11,2,2,0.19,3,6,6,6,0.22,4,12,3,3,0.16,4,,,,,,11,1,1,0.17,2,6,4,4,0.13,4,11,5,5,0.11,2,3,1,1,0.21,4,10,5,5,0.13,3,,,,,,,,,,,,,,,,,,,,,5371,早川 颯太,135期,東京,長野,24,B2,,1,0,0.22,1.97,1.6,6.6,0.0,0.0,0.0,0,30,42.1,50.6,0,147,26.2,45.4,8,6,6,5,0.26,5,,,,,,1,3,3,0.28,6,,,,,,2,6,6,0.11,5,6,4,4,0.39,5,,,,,,9,6,5,0.1,6,1,6,6,0.19,6,6,4,4,0.26,6,,,,,,,,,,,,,,,,,,,,,5190,大月 遊雅,128期,東京,茨城,25,B1,賞除,1,0,0.18,4.01,16.2,36.2,3.22,11.1,22.2,0,43,62.8,83.5,0,135,41.5,56.4,,,,,,,8,3,3,0.19,3,3,5,5,0.01,F,9,2,2,0.22,2,5,6,6,0.21,5,,,,,,2,6,6,0.39,6,,,,,,3,6,6,0.18,2,,,,,,,,,,,,,,,,,,,,,,,,,
202609072205,2026-09-07,22,05R,3107,平岡 重典,52期,大阪,大阪,62,B1,,0,0,0.18,3.71,9.7,21.9,5.65,35.2,58.8,0,11,36.9,54.6,0,149,33.3,51.5,,1,2,2,0.28,6,,,,,,2,3,3,0.12,5,8,6,6,0.34,6,2,5,5,0.12,2,8,4,4,0.21,2,2,1,1,0.27,2,7,4,4,0.1,3,,,,,,8,5,5,0.19,5,,,,,,,,,,,,,,,,,,,,,3703,鳥飼 眞,74期,福岡,福岡,52,A2,,0,0,0.18,5.96,44.0,62.3,6.19,47.1,62.9,0,21,39.1,55.8,0,117,33.3,52.2,10,2,2,5,0.31,3,10,3,3,0.18,4,,,,,,7,1,1,0.09,1,5,2,2,0.12,1,12,4,4,0.27,3,,,,,,9,5,6,0.18,2,5,1,1,0.07,1,10,6,6,0.21,6,,,,,,,,,,,,,,,,,,,,,5381,有山 望,135期,大阪,奈良,21,B1,,1,0,0.17,4.11,17.1,28.9,0.0,0.0,0.0,0,56,41.0,60.0,0,104,32.3,50.5,1,2,5,4,0.33,5,7,6,5,0.19,6,5,3,3,0.32,5,,,,,,2,1,1,0.29,6,,,,,,7,2,2,0.13,5,11,6,6,0.11,6,4,2,2,0.08,5,,,,,,,,,,,,,,,,,,,,,,,,,,5054,佐々木 大河,123期,大阪,大阪,30,A1,,0,0,0.14,6.57,58.4,69.2,6.5,50.0,60.0,0,52,40.0,54.2,0,119,28.3,49.0,9,7,2,2,0.22,4,12,6,6,0.13,5,,,,,,9,1,1,0.13,1,5,3,3,0.08,3,10,6,6,0.19,沈,3,5,5,0.16,4,11,1,1,0.04,1,,,,,,7,4,4,0.15,3,,,,,,,,,,,,,,,,,,,,,4100,松田 隆司,88期,福岡,福岡,47,B1,,0,0,0.16,4.71,28.2,47.8,5.36,36.1,58.3,0,25,38.1,51.1,0,142,29.1,45.6,11,1,3,3,0.21,2,10,6,6,0.18,6,1,4,4,0.1,1,,,,,,4,1,1,0.12,1,10,2,2,0.15,3,2,4,4,0.29,3,,,,,,1,1,1,0.15,1,10,2,2,0.11,4,,,,,,,,,,,,,,,,,,,,,4944,田代 達也,119期,東京,東京,35,B1,,0,0,0.17,4.25,18.9,36.7,4.16,26.3,42.1,0,12,37.5,56.3,0,109,41.5,59.4,,4,1,1,0.18,2,,,,,,1,6,6,0.1,3,7,3,3,0.07,3,3,2,2,0.21,5,,,,,,1,5,5,0.16,3,11,4,4,0.09,4,1,3,3,0.14,5,9,2,2,0.21,5,,,,,,,,,,,,,,,,,,,,
202609072206,2026-09-07,22,06R,3888,山本 英志,80期,東京,広島,51,A2,,1,0,0.14,6.09,43.9,59.4,4.54,25.0,41.6,0,44,27.8,46.9,0,121,34.7,56.5,,5,6,6,0.19,4,10,4,4,0.16,5,,,,,,8,1,1,0.16,1,3,5,5,0.31,4,10,3,3,0.19,4,6,2,2,0.14,2,,,,,,2,5,5,0.25,3,8,4,4,0.13,2,,,,,,,,,,,,,,,,,,,,,4301,関 裕也,95期,福岡,福岡,43,B1,,0,0,0.2,4.38,21.5,40.0,4.33,20.0,46.6,0,18,33.0,51.0,0,152,30.0,51.0,11,,,,,,7,5,6,0.19,3,4,1,1,0.22,1,8,5,5,0.14,5,4,4,4,0.14,6,,,,,,4,2,2,0.11,1,10,3,3,0.11,2,4,1,1,0.09,1,11,4,6,0.24,6,,,,,,,,,,,,,,,,,,,,,5235,岩田 凌,130期,大阪,和歌山,27,B2,,0,0,0.17,3.9,12.0,31.0,0.0,0.0,0.0,0,16,51.3,67.2,0,113,22.8,41.3,,1,5,5,0.59,5,5,1,1,0.14,1,1,2,2,0.2,5,9,4,4,0.21,5,,,,,,7,6,6,0.13,4,2,2,2,0.34,4,6,5,5,0.09,6,5,3,3,0.13,5,,,,,,,,,,,,,,,,,,,,,,,,,,4759,今泉 友吾,112期,東京,東京,36,A1,,0,0,0.16,6.98,48.3,73.7,7.09,36.3,81.8,0,58,33.3,47.2,0,105,49.5,67.3,10,3,2,2,0.19,3,12,5,5,0.15,3,,,,,,11,1,1,0.19,1,2,4,4,0.23,3,12,6,6,0.16,5,5,1,1,0.1,1,11,3,3,0.1,3,6,1,1,0.16,1,12,6,6,0.1,4,,,,,,,,,,,,,,,,,,,,,3523,寳田 亮治,68期,福岡,福岡,57,B1,,0,0,0.2,4.42,20.9,43.2,6.0,55.5,55.5,0,35,26.6,40.3,0,106,26.0,36.4,2,6,1,1,0.19,1,,,,,,2,5,5,0.19,6,11,2,2,0.19,6,2,3,3,0.18,4,,,,,,1,6,6,0.18,4,8,4,4,0.16,3,,,,,,7,3,3,0.13,2,,,,,,,,,,,,,,,,,,,,,5133,堀越 雄貴,126期,東京,神奈川,27,B1,,1,0,0.22,6.01,40.3,61.1,5.6,40.0,50.0,0,57,32.4,45.0,0,134,36.8,56.3,1,4,4,4,0.2,5,11,6,6,0.3,4,6,2,2,0.23,6,,,,,,6,1,1,0.24,4,,,,,,2,3,3,0.31,1,8,5,5,0.19,4,6,2,2,0.22,2,,,,,,,,,,,,,,,,,,,,,,,,,
202609072207,2026-09-07,22,07R,4148,枝尾 賢,89期,福岡,福岡,44,A2,,0,0,0.14,6.14,40.0,61.9,7.15,60.0,80.0,0,29,28.0,46.0,0,169,35.0,47.4,11,6,4,4,0.15,3,11,5,5,0.19,5,,,,,,8,2,2,0.13,2,7,1,1,0.26,5,12,3,3,0.2,2,,,,,,10,4,6,0.1,1,3,3,3,0.24,6,12,4,4,0.08,5,,,,,,,,,,,,,,,,,,,,,4114,深澤 達徳,88期,東京,山梨,45,B1,,0,0,0.19,4.89,25.9,48.1,6.16,32.2,64.5,0,37,30.7,49.0,0,122,30.9,47.4,2,2,4,3,0.18,4,,,,,,2,1,1,0.15,2,9,5,5,0.25,6,,,,,,9,4,4,0.34,5,5,4,4,0.21,4,10,2,2,0.21,6,,,,,,9,6,6,0.2,6,,,,,,,,,,,,,,,,,,,,,3928,林 恵祐,81期,福岡,福岡,50,B1,,0,0,0.18,3.89,13.2,33.7,3.78,15.3,27.6,0,74,44.1,59.3,0,128,34.3,48.4,1,5,5,5,0.27,6,,,,,,2,2,2,0.16,1,7,4,4,0.17,6,1,1,1,0.22,落,,,,,,3,3,3,0.11,5,,,,,,1,2,2,0.18,2,5,6,6,0.24,6,,,,,,,,,,,,,,,,,,,,,4792,杉村 賢也,113期,東京,東京,36,B1,,0,0,0.15,4.06,20.0,31.4,3.38,25.0,25.0,0,46,26.7,46.4,0,108,35.9,53.4,3,1,4,4,0.36,3,6,2,2,0.21,6,4,6,6,0.31,4,,,,,,1,5,5,0.21,4,11,3,3,0.18,6,4,1,1,0.12,3,,,,,,4,3,3,0.07,4,8,2,2,0.22,3,,,,,,,,,,,,,,,,,,,,,4905,土井 祥伍,117期,大阪,大阪,31,B1,,0,0,0.21,4.67,25.5,43.0,3.75,12.5,37.5,0,53,26.0,40.3,0,151,24.2,39.3,,5,4,4,0.2,5,9,6,6,0.21,6,6,1,1,0.19,1,,,,,,4,3,3,0.14,3,9,5,5,0.24,3,5,2,2,0.16,5,9,4,4,0.17,4,3,2,2,0.28,1,,,,,,,,,,,,,,,,,,,,,,,,,,5426,甲斐 貴大,137期,福岡,福岡,24,B2,賞除,1,0,0.2,2.31,3.2,16.3,2.67,0.0,28.5,0,28,35.7,54.0,0,103,23.5,44.1,,4,6,6,0.12,6,,,,,,3,6,6,0.02,F,,,,,,1,6,6,0.2,妨,6,5,5,0.41,6,5,6,5,0.24,6,,,,,,4,6,6,0.26,6,,,,,,,,,,,,,,,,,,,,,,,,,
202609072208,2026-09-07,22,08R,4379,桑島 和宏,98期,東京,千葉,42,A2,,0,0,0.16,6.06,36.4,63.5,6.57,52.3,66.6,0,67,37.3,59.6,0,111,31.4,46.6,3,,,,,,8,6,6,0.24,5,2,4,4,0.16,4,12,2,2,0.17,3,,,,,,9,1,1,0.2,4,4,5,5,0.12,4,9,3,3,0.2,3,5,5,5,0.23,4,,,,,,,,,,,,,,,,,,,,,,,,,,4632,長尾 京志郎,107期,福岡,福岡,37,B1,,0,0,0.2,4.84,27.6,50.0,5.14,26.3,50.8,0,15,40.4,55.5,0,124,30.9,41.6,2,3,4,4,0.21,5,,,,,,1,1,1,0.22,2,6,3,3,0.18,3,,,,,,7,5,5,0.16,3,1,2,2,0.16,5,7,3,3,0.12,2,,,,,,8,6,6,0.17,6,,,,,,,,,,,,,,,,,,,,,4393,田中 孝明,98期,福岡,福岡,40,B1,,0,0,0.2,4.16,19.1,30.1,4.48,24.1,44.8,0,48,21.9,41.9,0,102,23.5,36.4,,3,1,1,0.13,1,7,3,3,0.25,5,4,5,4,0.36,6,,,,,,2,2,2,0.12,1,10,5,5,0.22,5,5,5,6,0.24,3,,,,,,2,4,4,0.29,6,9,3,3,0.22,3,,,,,,,,,,,,,,,,,,,,,4651,佐藤 大騎,108期,大阪,大阪,41,B1,,0,0,0.18,3.28,7.3,20.5,4.13,12.5,37.5,0,63,28.2,42.7,0,130,43.4,58.4,,3,6,6,0.22,4,,,,,,3,1,1,0.01,1,7,5,5,0.15,4,1,4,4,0.22,3,9,2,2,0.19,2,6,3,3,0.18,3,10,5,4,0.03,5,2,3,3,0.2,2,,,,,,,,,,,,,,,,,,,,,,,,,,5004,河野 主樹,121期,大阪,大阪,30,A2,,1,0,0.15,5.74,37.8,58.5,4.66,26.3,44.7,0,62,45.5,67.3,0,158,16.3,40.3,1,,,,,,8,1,1,0.19,1,6,4,4,0.23,5,11,3,3,0.18,4,6,6,6,0.29,2,12,2,2,0.24,4,3,6,6,0.22,2,9,2,2,0.29,5,,,,,,9,1,1,0.19,1,,,,,,,,,,,,,,,,,,,,,5371,早川 颯太,135期,東京,長野,24,B2,,1,0,0.22,1.97,1.6,6.6,0.0,0.0,0.0,0,30,42.1,50.6,0,147,26.2,45.4,4,6,6,5,0.26,5,,,,,,1,3,3,0.28,6,,,,,,2,6,6,0.11,5,6,4,4,0.39,5,,,,,,9,6,5,0.1,6,1,6,6,0.19,6,6,4,4,0.26,6,,,,,,,,,,,,,,,,,,,,
202609072209,2026-09-07,22,09R,5081,篠原 飛翔,124期,福岡,福岡,27,A2,,0,0,0.17,5.35,37.8,51.3,6.09,46.8,59.3,0,32,24.8,46.5,0,157,36.4,46.8,4,,,,,,9,4,4,0.15,4,5,2,2,0.27,4,9,3,3,0.15,3,,,,,,8,6,6,0.28,4,2,5,5,0.33,5,9,1,1,0.27,1,4,5,5,0.21,2,9,4,4,0.22,2,,,,,,,,,,,,,,,,,,,,,5054,佐々木 大河,123期,大阪,大阪,30,A1,,0,0,0.14,6.57,58.4,69.2,6.5,50.0,60.0,0,52,40.0,54.2,0,119,28.3,49.0,5,7,2,2,0.22,4,12,6,6,0.13,5,,,,,,9,1,1,0.13,1,5,3,3,0.08,3,10,6,6,0.19,沈,3,5,5,0.16,4,11,1,1,0.04,1,,,,,,7,4,4,0.15,3,,,,,,,,,,,,,,,,,,,,,4329,小松 卓司,96期,福岡,福岡,43,B1,,0,0,0.18,4.57,24.0,44.3,5.1,31.0,51.7,0,72,36.5,53.6,0,146,26.8,46.2,,2,3,2,0.16,1,8,5,5,0.19,4,,,,,,10,4,4,0.15,1,3,6,6,0.44,6,8,3,3,0.23,6,6,1,1,0.1,1,,,,,,3,5,5,0.17,5,7,2,2,0.12,6,,,,,,,,,,,,,,,,,,,,,4368,山口 隆史,97期,福岡,福岡,40,B1,,0,0,0.2,4.38,24.5,34.4,4.75,21.8,43.7,0,20,36.2,50.4,0,114,32.9,45.3,3,1,6,6,0.46,4,8,2,2,0.17,2,,,,,,11,6,5,0.3,5,,,,,,9,3,3,0.21,1,3,1,1,0.12,3,12,4,4,0.17,5,,,,,,8,3,3,0.22,4,,,,,,,,,,,,,,,,,,,,,3467,森 弘行,66期,東京,東京,57,B1,,0,0,0.2,4.45,22.3,44.7,4.25,14.2,42.8,0,49,38.6,54.3,0,171,25.0,36.4,1,5,3,3,0.16,3,,,,,,5,1,1,0.34,2,11,4,4,0.22,2,,,,,,8,2,2,0.23,5,,,,,,7,6,6,0.1,6,3,4,4,0.19,3,9,5,5,0.2,4,,,,,,,,,,,,,,,,,,,,,5007,近藤 雄一郎,121期,東京,福島,29,B1,,1,0,0.18,4.68,21.0,36.8,4.0,21.0,31.5,0,65,41.5,61.3,0,131,21.0,33.6,2,1,1,1,0.26,1,9,5,5,0.18,5,3,2,2,0.04,3,,,,,,7,3,3,0.22,6,11,6,6,0.23,4,3,4,4,0.14,6,,,,,,5,2,2,0.17,2,,,,,,,,,,,,,,,,,,,,,,,,,
202609072210,2026-09-07,22,10R,4904,松本 一毅,117期,大阪,大阪,32,B1,,0,0,0.17,5.34,35.9,51.2,7.22,66.6,66.6,0,13,36.5,57.3,0,129,33.0,51.4,3,6,3,3,0.14,2,10,5,5,0.13,3,2,6,6,0.18,3,10,2,2,0.22,4,3,3,3,0.17,3,7,4,4,0.14,2,1,1,1,0.16,1,,,,,,2,1,1,0.19,1,12,2,2,0.06,3,,,,,,,,,,,,,,,,,,,,,4958,溝口 海義也,119期,福岡,福岡,31,A1,,0,0,0.13,6.25,42.6,66.3,5.82,39.2,62.5,0,70,30.2,44.5,0,170,30.8,53.2,4,,,,,,11,2,2,0.19,3,6,6,6,0.22,4,12,3,3,0.16,4,,,,,,11,1,1,0.17,2,6,4,4,0.13,4,11,5,5,0.11,2,3,1,1,0.21,4,10,5,5,0.13,3,,,,,,,,,,,,,,,,,,,,,4759,今泉 友吾,112期,東京,東京,36,A1,,0,0,0.16,6.98,48.3,73.7,7.09,36.3,81.8,0,58,33.3,47.2,0,105,49.5,67.3,6,3,2,2,0.19,3,12,5,5,0.15,3,,,,,,11,1,1,0.19,1,2,4,4,0.23,3,12,6,6,0.16,5,5,1,1,0.1,1,11,3,3,0.1,3,6,1,1,0.16,1,12,6,6,0.1,4,,,,,,,,,,,,,,,,,,,,,3966,作間 章,82期,東京,千葉,47,A1,,0,0,0.17,6.32,43.2,64.8,8.03,74.1,87.1,0,61,37.3,51.4,0,139,35.9,50.4,1,,,,,,10,1,1,0.18,1,8,4,4,0.09,4,12,5,5,0.11,5,1,3,3,0.18,2,7,2,2,0.22,1,6,6,6,0.17,5,12,2,2,0.25,3,4,4,4,0.2,3,10,3,3,0.17,5,,,,,,,,,,,,,,,,,,,,,5289,佃 來紀,132期,大阪,奈良,25,A2,,0,0,0.16,5.73,41.1,58.8,5.95,40.0,60.0,0,34,42.9,54.8,0,138,42.2,60.8,2,4,5,5,0.09,4,9,3,3,0.04,3,7,2,2,0.09,2,12,4,4,0.06,1,6,3,3,0.21,3,10,1,1,0.14,1,4,6,6,0.09,6,,,,,,1,5,5,0.19,4,12,3,3,0.08,6,,,,,,,,,,,,,,,,,,,,,3703,鳥飼 眞,74期,福岡,福岡,52,A2,,0,0,0.18,5.96,44.0,62.3,6.19,47.1,62.9,0,21,39.1,55.8,0,117,33.3,52.2,5,2,2,5,0.31,3,10,3,3,0.18,4,,,,,,7,1,1,0.09,1,5,2,2,0.12,1,12,4,4,0.27,3,,,,,,9,5,6,0.18,2,5,1,1,0.07,1,10,6,6,0.21,6,,,,,,,,,,,,,,,,,,,,
202609072211,2026-09-07,22,11R,4095,福来 剛,87期,東京,東京,45,A1,,2,0,0.13,7.07,59.1,71.4,7.33,55.5,72.2,0,39,40.4,64.0,0,101,31.6,47.5,2,2,6,6,0.2,2,12,2,2,0.11,6,5,4,4,0.21,1,10,3,3,0.25,5,4,5,5,0.12,5,12,1,1,0.15,1,,,,,,7,1,1,0.12,1,5,4,4,0.15,3,11,5,2,0.22,3,,,,,,,,,,,,,,,,,,,,,4100,松田 隆司,88期,福岡,福岡,47,B1,,0,0,0.16,4.71,28.2,47.8,5.36,36.1,58.3,0,25,38.1,51.1,0,142,29.1,45.6,5,1,3,3,0.21,2,10,6,6,0.18,6,1,4,4,0.1,1,,,,,,4,1,1,0.12,1,10,2,2,0.15,3,2,4,4,0.29,3,,,,,,1,1,1,0.15,1,10,2,2,0.11,4,,,,,,,,,,,,,,,,,,,,,4377,濱本 優一,98期,大阪,大阪,42,A1,,0,0,0.15,5.28,34.3,53.9,6.1,47.6,64.2,0,22,33.0,48.8,0,164,27.5,44.9,3,,,,,,11,1,1,0.13,1,4,3,2,0.18,2,10,5,5,0.22,6,4,6,6,0.12,4,11,5,5,0.19,3,8,1,1,0.15,1,12,3,3,0.2,4,1,4,4,0.14,3,11,2,3,0.21,4,,,,,,,,,,,,,,,,,,,,,4815,伏島 祐介,114期,東京,栃木,36,B1,,0,0,0.2,3.49,12.8,23.0,4.47,28.9,42.1,0,19,33.0,51.4,0,115,40.4,50.5,4,3,5,5,0.15,2,9,2,2,0.11,1,4,4,3,0.3,5,,,,,,5,1,1,0.17,2,,,,,,1,4,4,0.16,2,12,6,6,0.19,6,2,2,2,0.24,5,11,6,4,0.24,5,,,,,,,,,,,,,,,,,,,,,4148,枝尾 賢,89期,福岡,福岡,44,A2,,0,0,0.14,6.14,40.0,61.9,7.15,60.0,80.0,0,29,28.0,46.0,0,169,35.0,47.4,7,6,4,4,0.15,3,11,5,5,0.19,5,,,,,,8,2,2,0.13,2,7,1,1,0.26,5,12,3,3,0.2,2,,,,,,10,4,6,0.1,1,3,3,3,0.24,6,12,4,4,0.08,5,,,,,,,,,,,,,,,,,,,,,4301,関 裕也,95期,福岡,福岡,43,B1,,0,0,0.2,4.38,21.5,40.0,4.33,20.0,46.6,0,18,33.0,51.0,0,152,30.0,51.0,6,,,,,,7,5,6,0.19,3,4,1,1,0.22,1,8,5,5,0.14,5,4,4,4,0.14,6,,,,,,4,2,2,0.11,1,10,3,3,0.11,2,4,1,1,0.09,1,11,4,6,0.24,6,,,,,,,,,,,,,,,,,,,,
202609072212,2026-09-07,22,12R,4932,新開 航,118期,福岡,福岡,30,A1,,0,0,0.15,7.51,52.3,70.4,7.43,63.0,73.8,0,59,39.3,54.9,0,168,39.3,54.5,,4,3,3,0.14,1,12,1,1,0.09,1,,,,,,9,6,6,0.31,4,6,2,2,0.27,1,11,4,4,0.19,1,7,5,5,0.13,4,12,1,1,0.2,1,7,6,6,0.22,4,12,1,1,0.12,1,,,,,,,,,,,,,,,,,,,,,4077,品田 直樹,87期,東京,神奈川,47,A2,,0,0,0.17,5.32,30.9,50.5,5.08,27.5,55.0,0,26,31.0,51.0,0,153,28.2,54.5,,,,,,,7,1,1,0.21,1,6,5,5,0.24,2,10,6,6,0.24,2,,,,,,10,4,4,0.2,2,3,2,2,0.14,1,8,3,3,0.17,6,2,6,6,0.3,4,10,1,1,0.15,1,,,,,,,,,,,,,,,,,,,,,4535,北山 康介,103期,東京,神奈川,36,A2,,1,0,0.16,7.11,55.0,77.5,6.43,45.4,65.9,0,51,26.8,44.7,0,161,37.8,56.3,,7,4,4,0.25,2,11,3,3,0.18,2,,,,,,7,6,6,0.19,5,4,2,2,0.19,2,8,5,5,0.27,3,,,,,,10,1,1,0.31,3,7,1,1,0.16,1,11,3,5,0.25,1,,,,,,,,,,,,,,,,,,,,,3915,繁野谷 圭介,81期,大阪,大阪,52,A2,,0,0,0.19,6.23,44.1,64.7,5.63,37.0,51.8,0,36,35.2,52.8,0,127,38.0,52.0,,,,,,,10,2,2,0.15,2,1,5,5,0.11,4,11,5,6,0.21,3,1,2,2,0.25,1,8,1,1,0.25,1,5,3,3,0.17,2,12,5,5,0.2,2,6,6,6,0.2,5,11,1,1,0.23,2,,,,,,,,,,,,,,,,,,,,,4737,竹井 貴史,111期,福岡,福岡,35,A1,,1,0,0.16,6.77,54.6,71.1,6.53,54.7,58.4,0,31,31.7,43.6,0,155,26.8,47.4,,5,2,2,0.19,2,12,4,4,0.16,2,3,3,3,0.07,2,10,1,1,0.25,3,5,5,5,0.12,4,9,6,6,0.19,6,,,,,,8,2,2,0.17,2,6,5,5,0.22,3,10,4,4,0.16,2,,,,,,,,,,,,,,,,,,,,,4155,長野 壮志郎,90期,福岡,福岡,45,A2,,0,0,0.16,6.15,46.4,63.6,6.87,53.1,72.3,0,27,35.0,50.0,0,156,40.8,50.0,,,,,,,9,1,1,0.11,2,5,5,5,0.22,3,12,6,6,0.12,6,3,4,4,0.15,1,,,,,,4,3,3,0.12,2,11,2,2,0.11,5,8,1,1,0.15,1,12,5,5,0.02,2,,,,,,,,,,,,,,,,,,,,
202609072401,2026-09-07,24,01R,4715,村上 遼,110期,長崎,長崎,34,A1,,0,0,0.15,6.67,46.9,60.6,6.92,53.4,68.0,0,57,43.5,64.5,0,37,38.2,55.8,7,,,,,,,,,,,,,,,,,,,,,,,,,,,,,,,,,,,,,,,,,,,,,,,,,,,,,,,,,,,,,,,,,,,,,,,5026,安河内 健,122期,佐賀,佐賀,31,A1,,0,0,0.16,6.73,54.9,71.1,6.91,53.7,72.2,0,69,31.0,50.0,0,60,35.2,51.4,10,,,,,,,,,,,,,,,,,,,,,,,,,,,,,,,,,,,,,,,,,,,,,,,,,,,,,,,,,,,,,,,,,,,,,,,4398,船岡 洋一郎,98期,広島,広島,39,A1,,0,0,0.14,6.68,50.0,63.7,7.38,37.5,62.5,0,68,31.6,40.0,0,32,42.8,49.2,11,,,,,,,,,,,,,,,,,,,,,,,,,,,,,,,,,,,,,,,,,,,,,,,,,,,,,,,,,,,,,,,,,,,,,,,5058,前原 大道,123期,岡山,岡山,29,A1,,1,0,0.17,6.58,48.8,64.8,7.31,46.1,84.6,0,76,31.6,48.3,0,71,32.3,53.5,6,,,,,,,,,,,,,,,,,,,,,,,,,,,,,,,,,,,,,,,,,,,,,,,,,,,,,,,,,,,,,,,,,,,,,,,3909,佐々木 康幸,81期,静岡,静岡,53,A1,,0,0,0.12,6.88,54.5,71.8,7.56,66.6,77.7,0,73,30.8,39.7,0,59,33.3,54.5,9,,,,,,,,,,,,,,,,,,,,,,,,,,,,,,,,,,,,,,,,,,,,,,,,,,,,,,,,,,,,,,,,,,,,,,,4960,黒野 元基,119期,愛知,愛知,30,A1,,0,0,0.14,7.18,55.3,73.5,8.21,71.4,92.8,0,56,31.2,62.5,0,11,40.3,66.1,8,,,,,,,,,,,,,,,,,,,,,,,,,,,,,,,,,,,,,,,,,,,,,,,,,,,,,,,,,,,,,,,,,,,,,,
202609072402,2026-09-07,24,02R,5088,高憧 四季,124期,大阪,大阪,26,A1,,1,0,0.15,6.59,44.1,63.5,6.5,33.3,75.0,0,62,34.2,52.8,0,56,38.1,57.1,10,,,,,,,,,,,,,,,,,,,,,,,,,,,,,,,,,,,,,,,,,,,,,,,,,,,,,,,,,,,,,,,,,,,,,,,4483,北野 輝季,101期,愛知,愛知,37,A1,,0,0,0.15,6.83,53.7,68.9,0.0,0.0,0.0,0,70,41.9,54.8,0,57,38.1,52.3,9,,,,,,,,,,,,,,,,,,,,,,,,,,,,,,,,,,,,,,,,,,,,,,,,,,,,,,,,,,,,,,,,,,,,,,,3822,平尾 崇典,78期,岡山,岡山,53,A1,,0,0,0.15,6.54,50.0,62.9,7.44,60.0,76.0,0,53,36.0,42.6,0,39,31.7,41.2,8,,,,,,,,,,,,,,,,,,,,,,,,,,,,,,,,,,,,,,,,,,,,,,,,,,,,,,,,,,,,,,,,,,,,,,,4096,石橋 道友,87期,長崎,長崎,44,A1,,0,0,0.15,6.56,50.9,61.7,7.45,61.7,76.5,0,19,34.7,58.3,0,55,44.4,65.0,,,,,,,,,,,,,,,,,,,,,,,,,,,,,,,,,,,,,,,,,,,,,,,,,,,,,,,,,,,,,,,,,,,,,,,,4188,久田 敏之,91期,群馬,群馬,45,A1,,0,0,0.12,7.88,65.1,77.6,6.45,36.3,63.6,0,81,38.0,57.7,0,31,36.6,52.1,7,,,,,,,,,,,,,,,,,,,,,,,,,,,,,,,,,,,,,,,,,,,,,,,,,,,,,,,,,,,,,,,,,,,,,,,4524,深谷 知博,103期,静岡,静岡,38,A1,,1,0,0.11,6.69,36.6,59.1,6.52,34.7,47.8,0,55,40.0,55.3,0,17,32.3,51.4,11,,,,,,,,,,,,,,,,,,,,,,,,,,,,,,,,,,,,,,,,,,,,,,,,,,,,,,,,,,,,,,,,,,,,,,
202609072403,2026-09-07,24,03R,4688,永井 彪也,109期,東京,東京,33,A1,,0,0,0.13,6.99,56.4,71.7,5.48,37.0,48.1,0,54,41.2,55.5,0,62,42.6,55.8,11,,,,,,,,,,,,,,,,,,,,,,,,,,,,,,,,,,,,,,,,,,,,,,,,,,,,,,,,,,,,,,,,,,,,,,,4482,守屋 美穂,101期,岡山,岡山,37,A1,,1,0,0.17,6.24,41.0,56.4,6.27,36.6,66.6,0,46,32.7,40.9,0,47,39.3,59.0,,,,,,,,,,,,,,,,,,,,,,,,,,,,,,,,,,,,,,,,,,,,,,,,,,,,,,,,,,,,,,,,,,,,,,,,5224,西岡 顕心,129期,香川,香川,25,A1,,0,0,0.15,7.38,51.3,69.7,7.04,60.0,68.0,0,14,33.3,60.8,0,82,31.8,46.3,,,,,,,,,,,,,,,,,,,,,,,,,,,,,,,,,,,,,,,,,,,,,,,,,,,,,,,,,,,,,,,,,,,,,,,,4704,河野 大,110期,徳島,徳島,38,A1,,0,0,0.14,6.42,46.9,63.0,6.06,34.3,56.2,0,65,44.4,58.3,0,72,33.9,55.3,10,,,,,,,,,,,,,,,,,,,,,,,,,,,,,,,,,,,,,,,,,,,,,,,,,,,,,,,,,,,,,,,,,,,,,,,5028,原田 才一郎,122期,福岡,福岡,29,A1,,0,0,0.18,7.15,57.3,73.5,7.34,55.2,73.6,0,60,28.7,43.9,0,29,37.5,57.1,9,,,,,,,,,,,,,,,,,,,,,,,,,,,,,,,,,,,,,,,,,,,,,,,,,,,,,,,,,,,,,,,,,,,,,,,3415,松井 繁,64期,大阪,大阪,56,A1,,0,0,0.14,7.09,46.0,61.9,7.62,46.1,61.5,0,52,38.4,52.3,0,25,43.5,51.6,8,,,,,,,,,,,,,,,,,,,,,,,,,,,,,,,,,,,,,,,,,,,,,,,,,,,,,,,,,,,,,,,,,,,,,,
202609072404,2026-09-07,24,04R,5191,飛田 江己,128期,埼玉,東京,25,A1,,1,0,0.13,7.23,56.0,75.0,7.43,56.7,70.2,0,59,44.8,58.6,0,19,32.2,54.2,10,,,,,,,,,,,,,,,,,,,,,,,,,,,,,,,,,,,,,,,,,,,,,,,,,,,,,,,,,,,,,,,,,,,,,,,4908,上田 龍星,117期,大阪,大阪,31,A1,,0,0,0.15,6.8,44.9,68.6,8.19,62.5,68.7,0,33,32.2,57.6,0,40,32.1,53.5,,,,,,,,,,,,,,,,,,,,,,,,,,,,,,,,,,,,,,,,,,,,,,,,,,,,,,,,,,,,,,,,,,,,,,,,4776,竹田 和哉,112期,香川,愛媛,32,A1,,0,0,0.16,7.3,53.4,76.7,6.85,50.0,76.4,0,49,31.8,53.0,0,27,30.8,51.4,,,,,,,,,,,,,,,,,,,,,,,,,,,,,,,,,,,,,,,,,,,,,,,,,,,,,,,,,,,,,,,,,,,,,,,,3590,濱野谷 憲吾,70期,東京,東京,52,A1,,0,0,0.14,7.13,49.5,66.0,7.48,55.5,62.9,0,58,37.7,49.1,0,46,36.6,50.0,9,,,,,,,,,,,,,,,,,,,,,,,,,,,,,,,,,,,,,,,,,,,,,,,,,,,,,,,,,,,,,,,,,,,,,,,4494,河合 佑樹,102期,静岡,静岡,39,A1,,1,0,0.15,6.89,47.1,60.9,6.75,25.0,50.0,0,27,29.6,34.3,0,77,33.8,44.1,,,,,,,,,,,,,,,,,,,,,,,,,,,,,,,,,,,,,,,,,,,,,,,,,,,,,,,,,,,,,,,,,,,,,,,,4544,松田 大志郎,104期,福岡,福岡,38,A1,,1,0,0.16,7.61,60.1,74.7,7.65,52.9,70.5,0,74,34.3,47.7,0,68,31.5,45.6,11,,,,,,,,,,,,,,,,,,,,,,,,,,,,,,,,,,,,,,,,,,,,,,,,,,,,,,,,,,,,,,,,,,,,,,
202609072405,2026-09-07,24,05R,4961,西橋 奈未,119期,福井,石川,30,A1,,1,0,0.15,6.78,48.1,61.3,5.27,30.0,36.6,0,38,41.2,63.4,0,48,40.0,58.4,,,,,,,,,,,,,,,,,,,,,,,,,,,,,,,,,,,,,,,,,,,,,,,,,,,,,,,,,,,,,,,,,,,,,,,,3952,中澤 和志,82期,埼玉,岩手,50,A1,,0,0,0.14,6.67,48.3,66.6,6.54,41.0,64.1,0,43,34.2,50.0,0,43,39.3,57.3,,,,,,,,,,,,,,,,,,,,,,,,,,,,,,,,,,,,,,,,,,,,,,,,,,,,,,,,,,,,,,,,,,,,,,,,5016,宮田 龍馬,121期,兵庫,兵庫,28,A1,,0,0,0.14,6.92,45.2,73.6,7.23,57.6,73.0,0,12,28.5,42.8,0,24,37.7,55.7,,,,,,,,,,,,,,,,,,,,,,,,,,,,,,,,,,,,,,,,,,,,,,,,,,,,,,,,,,,,,,,,,,,,,,,,4571,菅 章哉,105期,徳島,徳島,38,A1,,1,0,0.14,6.33,43.4,50.0,6.46,54.1,62.5,0,44,52.9,75.0,0,35,31.7,50.7,,,,,,,,,,,,,,,,,,,,,,,,,,,,,,,,,,,,,,,,,,,,,,,,,,,,,,,,,,,,,,,,,,,,,,,,4497,桑原 悠,102期,長崎,長崎,39,A1,,0,0,0.14,7.66,60.8,72.1,7.68,60.3,79.8,0,63,50.0,69.3,0,85,37.2,50.8,10,,,,,,,,,,,,,,,,,,,,,,,,,,,,,,,,,,,,,,,,,,,,,,,,,,,,,,,,,,,,,,,,,,,,,,,4335,若林 将,96期,東京,千葉,42,A1,,1,0,0.12,6.83,51.4,71.8,7.9,70.0,90.0,0,47,38.9,57.6,0,34,34.7,50.7,,,,,,,,,,,,,,,,,,,,,,,,,,,,,,,,,,,,,,,,,,,,,,,,,,,,,,,,,,,,,,,,,,,,,,,
202609072406,2026-09-07,24,06R,5058,前原 大道,123期,岡山,岡山,29,A1,,1,0,0.17,6.58,48.8,64.8,7.31,46.1,84.6,0,76,31.6,48.3,0,71,32.3,53.5,1,,,,,,,,,,,,,,,,,,,,,,,,,,,,,,,,,,,,,,,,,,,,,,,,,,,,,,,,,,,,,,,,,,,,,,,4504,前田 将太,102期,福岡,福岡,38,A1,,0,0,0.15,6.99,53.0,71.3,6.45,45.4,57.5,0,24,43.2,61.1,0,73,41.6,60.0,,,,,,,,,,,,,,,,,,,,,,,,,,,,,,,,,,,,,,,,,,,,,,,,,,,,,,,,,,,,,,,,,,,,,,,,4907,小池 修平,117期,大阪,大阪,31,A1,,0,0,0.15,7.35,58.7,73.3,5.9,28.5,47.6,0,13,34.9,52.3,0,70,35.5,66.1,,,,,,,,,,,,,,,,,,,,,,,,,,,,,,,,,,,,,,,,,,,,,,,,,,,,,,,,,,,,,,,,,,,,,,,,3983,須藤 博倫,83期,埼玉,埼玉,48,A1,,0,0,0.15,6.78,49.1,71.5,7.11,57.8,68.4,0,75,29.5,45.9,0,15,32.3,49.2,11,,,,,,,,,,,,,,,,,,,,,,,,,,,,,,,,,,,,,,,,,,,,,,,,,,,,,,,,,,,,,,,,,,,,,,,4084,杉山 正樹,87期,愛知,愛知,46,A1,,0,0,0.16,6.46,43.5,63.7,6.96,54.3,71.7,0,41,54.5,71.2,0,75,31.4,48.5,,,,,,,,,,,,,,,,,,,,,,,,,,,,,,,,,,,,,,,,,,,,,,,,,,,,,,,,,,,,,,,,,,,,,,,,4262,馬場 貴也,93期,滋賀,京都,42,A1,,0,0,0.14,7.81,52.0,72.8,7.1,41.9,58.0,0,37,41.2,61.9,0,38,32.3,51.4,,,,,,,,,,,,,,,,,,,,,,,,,,,,,,,,,,,,,,,,,,,,,,,,,,,,,,,,,,,,,,,,,,,,,,,
202609072407,2026-09-07,24,07R,4188,久田 敏之,91期,群馬,群馬,45,A1,,0,0,0.12,7.88,65.1,77.6,6.45,36.3,63.6,0,81,38.0,57.7,0,31,36.6,52.1,2,,,,,,,,,,,,,,,,,,,,,,,,,,,,,,,,,,,,,,,,,,,,,,,,,,,,,,,,,,,,,,,,,,,,,,,4910,中村 泰平,117期,愛知,愛知,30,A1,,0,0,0.15,7.13,59.0,72.3,4.13,12.5,25.0,0,48,37.5,51.5,0,54,34.3,43.7,,,,,,,,,,,,,,,,,,,,,,,,,,,,,,,,,,,,,,,,,,,,,,,,,,,,,,,,,,,,,,,,,,,,,,,,4503,上野 真之介,102期,佐賀,佐賀,38,A1,,0,0,0.11,8.15,64.4,81.8,8.38,75.0,93.7,0,16,47.0,64.7,0,50,47.6,63.4,,,,,,,,,,,,,,,,,,,,,,,,,,,,,,,,,,,,,,,,,,,,,,,,,,,,,,,,,,,,,,,,,,,,,,,,5051,松本 純平,123期,埼玉,兵庫,31,A1,,0,0,0.16,6.45,45.2,66.9,6.0,50.0,62.5,0,23,37.1,54.2,0,81,40.3,59.6,,,,,,,,,,,,,,,,,,,,,,,,,,,,,,,,,,,,,,,,,,,,,,,,,,,,,,,,,,,,,,,,,,,,,,,,4715,村上 遼,110期,長崎,長崎,34,A1,,0,0,0.15,6.67,46.9,60.6,6.92,53.4,68.0,0,57,43.5,64.5,0,37,38.2,55.8,1,,,,,,,,,,,,,,,,,,,,,,,,,,,,,,,,,,,,,,,,,,,,,,,,,,,,,,,,,,,,,,,,,,,,,,,3716,石渡 鉄兵,74期,東京,千葉,51,A1,,0,0,0.12,6.99,45.0,65.0,6.58,45.8,54.1,0,45,46.2,70.1,0,12,38.0,49.3,,,,,,,,,,,,,,,,,,,,,,,,,,,,,,,,,,,,,,,,,,,,,,,,,,,,,,,,,,,,,,,,,,,,,,,
202609072408,2026-09-07,24,08R,3822,平尾 崇典,78期,岡山,岡山,53,A1,,0,0,0.15,6.54,50.0,62.9,7.44,60.0,76.0,0,53,36.0,42.6,0,39,31.7,41.2,2,,,,,,,,,,,,,,,,,,,,,,,,,,,,,,,,,,,,,,,,,,,,,,,,,,,,,,,,,,,,,,,,,,,,,,,3415,松井 繁,64期,大阪,大阪,56,A1,,0,0,0.14,7.09,46.0,61.9,7.62,46.1,61.5,0,52,38.4,52.3,0,25,43.5,51.6,3,,,,,,,,,,,,,,,,,,,,,,,,,,,,,,,,,,,,,,,,,,,,,,,,,,,,,,,,,,,,,,,,,,,,,,,4174,赤坂 俊輔,90期,長崎,長崎,43,A1,,0,0,0.15,6.38,44.4,64.9,6.41,43.0,66.6,0,17,39.3,59.0,0,51,35.8,53.7,,,,,,,,,,,,,,,,,,,,,,,,,,,,,,,,,,,,,,,,,,,,,,,,,,,,,,,,,,,,,,,,,,,,,,,,4960,黒野 元基,119期,愛知,愛知,30,A1,,0,0,0.14,7.18,55.3,73.5,8.21,71.4,92.8,0,56,31.2,62.5,0,11,40.3,66.1,1,,,,,,,,,,,,,,,,,,,,,,,,,,,,,,,,,,,,,,,,,,,,,,,,,,,,,,,,,,,,,,,,,,,,,,,4543,重木 輝彦,104期,兵庫,兵庫,38,A1,,1,0,0.17,6.64,48.1,66.0,5.23,30.7,50.0,0,22,30.3,51.5,0,66,39.3,57.3,,,,,,,,,,,,,,,,,,,,,,,,,,,,,,,,,,,,,,,,,,,,,,,,,,,,,,,,,,,,,,,,,,,,,,,,4075,中野 次郎,86期,東京,東京,45,A1,,0,0,0.13,6.48,40.7,58.2,6.43,41.3,62.0,0,36,36.5,55.5,0,36,32.8,61.4,,,,,,,,,,,,,,,,,,,,,,,,,,,,,,,,,,,,,,,,,,,,,,,,,,,,,,,,,,,,,,,,,,,,,,,
202609072409,2026-09-07,24,09R,3590,濱野谷 憲吾,70期,東京,東京,52,A1,,0,0,0.14,7.13,49.5,66.0,7.48,55.5,62.9,0,58,37.7,49.1,0,46,36.6,50.0,4,,,,,,,,,,,,,,,,,,,,,,,,,,,,,,,,,,,,,,,,,,,,,,,,,,,,,,,,,,,,,,,,,,,,,,,3909,佐々木 康幸,81期,静岡,静岡,53,A1,,0,0,0.12,6.88,54.5,71.8,7.56,66.6,77.7,0,73,30.8,39.7,0,59,33.3,54.5,1,,,,,,,,,,,,,,,,,,,,,,,,,,,,,,,,,,,,,,,,,,,,,,,,,,,,,,,,,,,,,,,,,,,,,,,5028,原田 才一郎,122期,福岡,福岡,29,A1,,0,0,0.18,7.15,57.3,73.5,7.34,55.2,73.6,0,60,28.7,43.9,0,29,37.5,57.1,3,,,,,,,,,,,,,,,,,,,,,,,,,,,,,,,,,,,,,,,,,,,,,,,,,,,,,,,,,,,,,,,,,,,,,,,3719,辻 栄蔵,74期,広島,広島,51,A1,,0,0,0.15,6.7,44.7,62.8,7.31,37.5,68.7,0,20,49.2,63.0,0,64,39.6,55.5,,,,,,,,,,,,,,,,,,,,,,,,,,,,,,,,,,,,,,,,,,,,,,,,,,,,,,,,,,,,,,,,,,,,,,,,4352,下條 雄太郎,96期,長崎,長崎,40,A1,,0,0,0.15,7.45,53.8,80.0,7.64,63.5,75.6,0,25,31.7,47.6,0,20,45.1,58.0,,,,,,,,,,,,,,,,,,,,,,,,,,,,,,,,,,,,,,,,,,,,,,,,,,,,,,,,,,,,,,,,,,,,,,,,4483,北野 輝季,101期,愛知,愛知,37,A1,,0,0,0.15,6.83,53.7,68.9,0.0,0.0,0.0,0,70,41.9,54.8,0,57,38.1,52.3,2,,,,,,,,,,,,,,,,,,,,,,,,,,,,,,,,,,,,,,,,,,,,,,,,,,,,,,,,,,,,,,,,,,,,,,
202609072410,2026-09-07,24,10R,3783,瓜生 正義,76期,福岡,福岡,50,A1,,0,0,0.15,6.84,39.5,56.4,6.55,34.0,50.0,0,26,35.5,54.2,0,58,31.4,51.8,,,,,,,,,,,,,,,,,,,,,,,,,,,,,,,,,,,,,,,,,,,,,,,,,,,,,,,,,,,,,,,,,,,,,,,,4497,桑原 悠,102期,長崎,長崎,39,A1,,0,0,0.14,7.66,60.8,72.1,7.68,60.3,79.8,0,63,50.0,69.3,0,85,37.2,50.8,5,,,,,,,,,,,,,,,,,,,,,,,,,,,,,,,,,,,,,,,,,,,,,,,,,,,,,,,,,,,,,,,,,,,,,,,5088,高憧 四季,124期,大阪,大阪,26,A1,,1,0,0.15,6.59,44.1,63.5,6.5,33.3,75.0,0,62,34.2,52.8,0,56,38.1,57.1,2,,,,,,,,,,,,,,,,,,,,,,,,,,,,,,,,,,,,,,,,,,,,,,,,,,,,,,,,,,,,,,,,,,,,,,,5026,安河内 健,122期,佐賀,佐賀,31,A1,,0,0,0.16,6.73,54.9,71.1,6.91,53.7,72.2,0,69,31.0,50.0,0,60,35.2,51.4,1,,,,,,,,,,,,,,,,,,,,,,,,,,,,,,,,,,,,,,,,,,,,,,,,,,,,,,,,,,,,,,,,,,,,,,,5191,飛田 江己,128期,埼玉,東京,25,A1,,1,0,0.13,7.23,56.0,75.0,7.43,56.7,70.2,0,59,44.8,58.6,0,19,32.2,54.2,4,,,,,,,,,,,,,,,,,,,,,,,,,,,,,,,,,,,,,,,,,,,,,,,,,,,,,,,,,,,,,,,,,,,,,,,4704,河野 大,110期,徳島,徳島,38,A1,,0,0,0.14,6.42,46.9,63.0,6.06,34.3,56.2,0,65,44.4,58.3,0,72,33.9,55.3,3,,,,,,,,,,,,,,,,,,,,,,,,,,,,,,,,,,,,,,,,,,,,,,,,,,,,,,,,,,,,,,,,,,,,,,
202609072411,2026-09-07,24,11R,3983,須藤 博倫,83期,埼玉,埼玉,48,A1,,0,0,0.15,6.78,49.1,71.5,7.11,57.8,68.4,0,75,29.5,45.9,0,15,32.3,49.2,6,,,,,,,,,,,,,,,,,,,,,,,,,,,,,,,,,,,,,,,,,,,,,,,,,,,,,,,,,,,,,,,,,,,,,,,4544,松田 大志郎,104期,福岡,福岡,38,A1,,1,0,0.16,7.61,60.1,74.7,7.65,52.9,70.5,0,74,34.3,47.7,0,68,31.5,45.6,4,,,,,,,,,,,,,,,,,,,,,,,,,,,,,,,,,,,,,,,,,,,,,,,,,,,,,,,,,,,,,,,,,,,,,,,4320,峰 竜太,95期,佐賀,佐賀,41,A1,,0,0,0.13,8.77,62.6,81.3,8.43,61.3,77.2,0,28,31.2,46.8,0,14,38.7,54.8,,,,,,,,,,,,,,,,,,,,,,,,,,,,,,,,,,,,,,,,,,,,,,,,,,,,,,,,,,,,,,,,,,,,,,,,4524,深谷 知博,103期,静岡,静岡,38,A1,,1,0,0.11,6.69,36.6,59.1,6.52,34.7,47.8,0,55,40.0,55.3,0,17,32.3,51.4,2,,,,,,,,,,,,,,,,,,,,,,,,,,,,,,,,,,,,,,,,,,,,,,,,,,,,,,,,,,,,,,,,,,,,,,,4688,永井 彪也,109期,東京,東京,33,A1,,0,0,0.13,6.99,56.4,71.7,5.48,37.0,48.1,0,54,41.2,55.5,0,62,42.6,55.8,3,,,,,,,,,,,,,,,,,,,,,,,,,,,,,,,,,,,,,,,,,,,,,,,,,,,,,,,,,,,,,,,,,,,,,,,4398,船岡 洋一郎,98期,広島,広島,39,A1,,0,0,0.14,6.68,50.0,63.7,7.38,37.5,62.5,0,68,31.6,40.0,0,32,42.8,49.2,1,,,,,,,,,,,,,,,,,,,,,,,,,,,,,,,,,,,,,,,,,,,,,,,,,,,,,,,,,,,,,,,,,,,,,,
202609072412,2026-09-07,24,12R,4238,毒島 誠,92期,群馬,群馬,42,A1,,0,0,0.15,7.85,64.3,80.4,7.05,40.9,59.0,0,61,35.3,46.1,0,74,31.1,53.3,,,,,,,,,,,,,,,,,,,,,,,,,,,,,,,,,,,,,,,,,,,,,,,,,,,,,,,,,,,,,,,,,,,,,,,,4371,西山 貴浩,97期,福岡,福岡,39,A1,,0,0,0.13,7.08,45.9,60.2,7.31,46.8,59.3,0,29,40.0,51.4,0,76,39.0,53.1,,,,,,,,,,,,,,,,,,,,,,,,,,,,,,,,,,,,,,,,,,,,,,,,,,,,,,,,,,,,,,,,,,,,,,,,3779,原田 幸哉,76期,長崎,愛知,50,A1,,1,0,0.12,6.66,40.2,55.6,7.43,54.3,70.6,0,77,28.7,39.3,0,49,41.9,59.6,,,,,,,,,,,,,,,,,,,,,,,,,,,,,,,,,,,,,,,,,,,,,,,,,,,,,,,,,,,,,,,,,,,,,,,,4686,丸野 一樹,109期,滋賀,京都,35,A1,,0,0,0.14,7.94,55.1,74.4,6.19,26.9,42.3,0,31,35.7,51.7,0,69,37.7,57.3,,,,,,,,,,,,,,,,,,,,,,,,,,,,,,,,,,,,,,,,,,,,,,,,,,,,,,,,,,,,,,,,,,,,,,,,4500,山田 康二,102期,佐賀,佐賀,38,A1,,0,0,0.13,7.96,57.6,73.9,7.35,58.8,70.5,0,34,38.5,55.7,0,67,37.7,50.8,,,,,,,,,,,,,,,,,,,,,,,,,,,,,,,,,,,,,,,,,,,,,,,,,,,,,,,,,,,,,,,,,,,,,,,,4719,上條 暢嵩,110期,大阪,大阪,32,A1,,0,0,0.14,7.55,48.6,67.5,7.36,42.4,60.6,0,40,30.1,46.0,0,84,35.1,44.4,,,,,,,,,,,,,,,,,,,,,,,,,,,,,,,,,,,,,,,,,,,,,,,,,,,,,,,,,,,,,,,,,,,,,,,
