レースコード,レース日,レース場コード,レース回,艇1_登録番号,艇1_選手名,艇1_期別,艇1_支部,艇1_出身地,艇1_年齢,艇1_級別,艇1_賞除,艇1_F本数,艇1_L本数,艇1_全国平均ST,艇1_全国勝率,艇1_全国2連対率,艇1_全国3連対率,艇1_当地勝率,艇1_当地2連対率,艇1_当地3連対率,艇1_モーターフラグ,艇1_モーター番号,艇1_モーター2連対率,艇1_モーター3連対率,艇1_ボートフラグ,艇1_ボート番号,艇1_ボート2連対率,艇1_ボート3連対率,艇1_早見,艇1_節D1走1_R番号,艇1_節D1走1_進入,艇1_節D1走1_枠,艇1_節D1走1_ST,艇1_節D1走1_着順,艇1_節D1走2_R番号,艇1_節D1走2_進入,艇1_節D1走2_枠,艇1_節D1走2_ST,艇1_節D1走2_着順,艇1_節D2走1_R番号,艇1_節D2走1_進入,艇1_節D2走1_枠,艇1_節D2走1_ST,艇1_節D2走1_着順,艇1_節D2走2_R番号,艇1_節D2走2_進入,艇1_節D2走2_枠,艇1_節D2走2_ST,艇1_節D2走2_着順,艇1_節D3走1_R番号,艇1_節D3走1_進入,艇1_節D3走1_枠,艇1_節D3走1_ST,艇1_節D3走1_着順,艇1_節D3走2_R番号,艇1_節D3走2_進入,艇1_節D3走2_枠,艇1_節D3走2_ST,艇1_節D3走2_着順,艇1_節D4走1_R番号,艇1_節D4走1_進入,艇1_節D4走1_枠,艇1_節D4走1_ST,艇1_節D4走1_着順,艇1_節D4走2_R番号,艇1_節D4走2_進入,艇1_節D4走2_枠,艇1_節D4走2_ST,艇1_節D4走2_着順,艇1_節D5走1_R番号,艇1_節D5走1_進入,艇1_節D5走1_枠,艇1_節D5走1_ST,艇1_節D5走1_着順,艇1_節D5走2_R番号,艇1_節D5走2_進入,艇1_節D5走2_枠,艇1_節D5走2_ST,艇1_節D5走2_着順,艇1_節D6走1_R番号,艇1_節D6走1_進入,艇1_節D6走1_枠,艇1_節D6走1_ST,艇1_節D6走1_着順,艇1_節D6走2_R番号,艇1_節D6走2_進入,艇1_節D6走2_枠,艇1_節D6走2_ST,艇1_節D6走2_着順,艇1_節D7走1_R番号,艇1_節D7走1_進入,艇1_節D7走1_枠,艇1_節D7走1_ST,艇1_節D7走1_着順,艇1_節D7走2_R番号,艇1_節D7走2_進入,艇1_節D7走2_枠,艇1_節D7走2_ST,艇1_節D7走2_着順,艇2_登録番号,艇2_選手名,艇2_期別,艇2_支部,艇2_出身地,艇2_年齢,艇2_級別,艇2_賞除,艇2_F本数,艇2_L本数,艇2_全国平均ST,艇2_全国勝率,艇2_全国2連対率,艇2_全国3連対率,艇2_当地勝率,艇2_当地2連対率,艇2_当地3連対率,艇2_モーターフラグ,艇2_モーター番号,艇2_モーター2連対率,艇2_モーター3連対率,艇2_ボートフラグ,艇2_ボート番号,艇2_ボート2連対率,艇2_ボート3連対率,艇2_早見,艇2_節D1走1_R番号,艇2_節D1走1_進入,艇2_節D1走1_枠,艇2_節D1走1_ST,艇2_節D1走1_着順,艇2_節D1走2_R番号,艇2_節D1走2_進入,艇2_節D1走2_枠,艇2_節D1走2_ST,艇2_節D1走2_着順,艇2_節D2走1_R番号,艇2_節D2走1_進入,艇2_節D2走1_枠,艇2_節D2走1_ST,艇2_節D2走1_着順,艇2_節D2走2_R番号,艇2_節D2走2_進入,艇2_節D2走2_枠,艇2_節D2走2_ST,艇2_節D2走2_着順,艇2_節D3走1_R番号,艇2_節D3走1_進入,艇2_節D3走1_枠,艇2_節D3走1_ST,艇2_節D3走1_着順,艇2_節D3走2_R番号,艇2_節D3走2_進入,艇2_節D3走2_枠,艇2_節D3走2_ST,艇2_節D3走2_着順,艇2_節D4走1_R番号,艇2_節D4走1_進入,艇2_節D4走1_枠,艇2_節D4走1_ST,艇2_節D4走1_着順,艇2_節D4走2_R番号,艇2_節D4走2_進入,艇2_節D4走2_枠,艇2_節D4走2_ST,艇2_節D4走2_着順,艇2_節D5走1_R番号,艇2_節D5走1_進入,艇2_節D5走1_枠,艇2_節D5走1_ST,艇2_節D5走1_着順,艇2_節D5走2_R番号,艇2_節D5走2_進入,艇2_節D5走2_枠,艇2_節D5走2_ST,艇2_節D5走2_着順,艇2_節D6走1_R番号,艇2_節D6走1_進入,艇2_節D6走1_枠,艇2_節D6走1_ST,艇2_節D6走1_着順,艇2_節D6走2_R番号,艇2_節D6走2_進入,艇2_節D6走2_枠,艇2_節D6走2_ST,艇2_節D6走2_着順,艇2_節D7走1_R番号,艇2_節D7走1_進入,艇2_節D7走1_枠,艇2_節D7走1_ST,艇2_節D7走1_着順,艇2_節D7走2_R番号,艇2_節D7走2_進入,艇2_節D7走2_枠,艇2_節D7走2_ST,艇2_節D7走2_着順,艇3_登録番号,艇3_選手名,艇3_期別,艇3_支部,艇3_出身地,艇3_年齢,艇3_級別,艇3_賞除,艇3_F本数,艇3_L本数,艇3_全国平均ST,艇3_全国勝率,艇3_全国2連対率,艇3_全国3連対率,艇3_当地勝率,艇3_当地2連対率,艇3_当地3連対率,艇3_モーターフラグ,艇3_モーター番号,艇3_モーター2連対率,艇3_モーター3連対率,艇3_ボートフラグ,艇3_ボート番号,艇3_ボート2連対率,艇3_ボート3連対率,艇3_早見,艇3_節D1走1_R番号,艇3_節D1走1_進入,艇3_節D1走1_枠,艇3_節D1走1_ST,艇3_節D1走1_着順,艇3_節D1走2_R番号,艇3_節D1走2_進入,艇3_節D1走2_枠,艇3_節D1走2_ST,艇3_節D1走2_着順,艇3_節D2走1_R番号,艇3_節D2走1_進入,艇3_節D2走1_枠,艇3_節D2走1_ST,艇3_節D2走1_着順,艇3_節D2走2_R番号,艇3_節D2走2_進入,艇3_節D2走2_枠,艇3_節D2走2_ST,艇3_節D2走2_着順,艇3_節D3走1_R番号,艇3_節D3走1_進入,艇3_節D3走1_枠,艇3_節D3走1_ST,艇3_節D3走1_着順,艇3_節D3走2_R番号,艇3_節D3走2_進入,艇3_節D3走2_枠,艇3_節D3走2_ST,艇3_節D3走2_着順,艇3_節D4走1_R番号,艇3_節D4走1_進入,艇3_節D4走1_枠,艇3_節D4走1_ST,艇3_節D4走1_着順,艇3_節D4走2_R番号,艇3_節D4走2_進入,艇3_節D4走2_枠,艇3_節D4走2_ST,艇3_節D4走2_着順,艇3_節D5走1_R番号,艇3_節D5走1_進入,艇3_節D5走1_枠,艇3_節D5走1_ST,艇3_節D5走1_着順,艇3_節D5走2_R番号,艇3_節D5走2_進入,艇3_節D5走2_枠,艇3_節D5走2_ST,艇3_節D5走2_着順,艇3_節D6走1_R番号,艇3_節D6走1_進入,艇3_節D6走1_枠,艇3_節D6走1_ST,艇3_節D6走1_着順,艇3_節D6走2_R番号,艇3_節D6走2_進入,艇3_節D6走2_枠,艇3_節D6走2_ST,艇3_節D6走2_着順,艇3_節D7走1_R番号,艇3_節D7走1_進入,艇3_節D7走1_枠,艇3_節D7走1_ST,艇3_節D7走1_着順,艇3_節D7走2_R番号,艇3_節D7走2_進入,艇3_節D7走2_枠,艇3_節D7走2_ST,艇3_節D7走2_着順,艇4_登録番号,艇4_選手名,艇4_期別,艇4_支部,艇4_出身地,艇4_年齢,艇4_級別,艇4_賞除,艇4_F本数,艇4_L本数,艇4_全国平均ST,艇4_全国勝率,艇4_全国2連対率,艇4_全国3連対率,艇4_当地勝率,艇4_当地2連対率,艇4_当地3連対率,艇4_モーターフラグ,艇4_モーター番号,艇4_モーター2連対率,艇4_モーター3連対率,艇4_ボートフラグ,艇4_ボート番号,艇4_ボート2連対率,艇4_ボート3連対率,艇4_早見,艇4_節D1走1_R番号,艇4_節D1走1_進入,艇4_節D1走1_枠,艇4_節D1走1_ST,艇4_節D1走1_着順,艇4_節D1走2_R番号,艇4_節D1走2_進入,艇4_節D1走2_枠,艇4_節D1走2_ST,艇4_節D1走2_着順,艇4_節D2走1_R番号,艇4_節D2走1_進入,艇4_節D2走1_枠,艇4_節D2走1_ST,艇4_節D2走1_着順,艇4_節D2走2_R番号,艇4_節D2走2_進入,艇4_節D2走2_枠,艇4_節D2走2_ST,艇4_節D2走2_着順,艇4_節D3走1_R番号,艇4_節D3走1_進入,艇4_節D3走1_枠,艇4_節D3走1_ST,艇4_節D3走1_着順,艇4_節D3走2_R番号,艇4_節D3走2_進入,艇4_節D3走2_枠,艇4_節D3走2_ST,艇4_節D3走2_着順,艇4_節D4走1_R番号,艇4_節D4走1_進入,艇4_節D4走1_枠,艇4_節D4走1_ST,艇4_節D4走1_着順,艇4_節D4走2_R番号,艇4_節D4走2_進入,艇4_節D4走2_枠,艇4_節D4走2_ST,艇4_節D4走2_着順,艇4_節D5走1_R番号,艇4_節D5走1_進入,艇4_節D5走1_枠,艇4_節D5走1_ST,艇4_節D5走1_着順,艇4_節D5走2_R番号,艇4_節D5走2_進入,艇4_節D5走2_枠,艇4_節D5走2_ST,艇4_節D5走2_着順,艇4_節D6走1_R番号,艇4_節D6走1_進入,艇4_節D6走1_枠,艇4_節D6走1_ST,艇4_節D6走1_着順,艇4_節D6走2_R番号,艇4_節D6走2_進入,艇4_節D6走2_枠,艇4_節D6走2_ST,艇4_節D6走2_着順,艇4_節D7走1_R番号,艇4_節D7走1_進入,艇4_節D7走1_枠,艇4_節D7走1_ST,艇4_節D7走1_着順,艇4_節D7走2_R番号,艇4_節D7走2_進入,艇4_節D7走2_枠,艇4_節D7走2_ST,艇4_節D7走2_着順,艇5_登録番号,艇5_選手名,艇5_期別,艇5_支部,艇5_出身地,艇5_年齢,艇5_級別,艇5_賞除,艇5_F本数,艇5_L本数,艇5_全国平均ST,艇5_全国勝率,艇5_全国2連対率,艇5_全国3連対率,艇5_当地勝率,艇5_当地2連対率,艇5_当地3連対率,艇5_モーターフラグ,艇5_モーター番号,艇5_モーター2連対率,艇5_モーター3連対率,艇5_ボートフラグ,艇5_ボート番号,艇5_ボート2連対率,艇5_ボート3連対率,艇5_早見,艇5_節D1走1_R番号,艇5_節D1走1_進入,艇5_節D1走1_枠,艇5_節D1走1_ST,艇5_節D1走1_着順,艇5_節D1走2_R番号,艇5_節D1走2_進入,艇5_節D1走2_枠,艇5_節D1走2_ST,艇5_節D1走2_着順,艇5_節D2走1_R番号,艇5_節D2走1_進入,艇5_節D2走1_枠,艇5_節D2走1_ST,艇5_節D2走1_着順,艇5_節D2走2_R番号,艇5_節D2走2_進入,艇5_節D2走2_枠,艇5_節D2走2_ST,艇5_節D2走2_着順,艇5_節D3走1_R番号,艇5_節D3走1_進入,艇5_節D3走1_枠,艇5_節D3走1_ST,艇5_節D3走1_着順,艇5_節D3走2_R番号,艇5_節D3走2_進入,艇5_節D3走2_枠,艇5_節D3走2_ST,艇5_節D3走2_着順,艇5_節D4走1_R番号,艇5_節D4走1_進入,艇5_節D4走1_枠,艇5_節D4走1_ST,艇5_節D4走1_着順,艇5_節D4走2_R番号,艇5_節D4走2_進入,艇5_節D4走2_枠,艇5_節D4走2_ST,艇5_節D4走2_着順,艇5_節D5走1_R番号,艇5_節D5走1_進入,艇5_節D5走1_枠,艇5_節D5走1_ST,艇5_節D5走1_着順,艇5_節D5走2_R番号,艇5_節D5走2_進入,艇5_節D5走2_枠,艇5_節D5走2_ST,艇5_節D5走2_着順,艇5_節D6走1_R番号,艇5_節D6走1_進入,艇5_節D6走1_枠,艇5_節D6走1_ST,艇5_節D6走1_着順,艇5_節D6走2_R番号,艇5_節D6走2_進入,艇5_節D6走2_枠,艇5_節D6走2_ST,艇5_節D6走2_着順,艇5_節D7走1_R番号,艇5_節D7走1_進入,艇5_節D7走1_枠,艇5_節D7走1_ST,艇5_節D7走1_着順,艇5_節D7走2_R番号,艇5_節D7走2_進入,艇5_節D7走2_枠,艇5_節D7走2_ST,艇5_節D7走2_着順,艇6_登録番号,艇6_選手名,艇6_期別,艇6_支部,艇6_出身地,艇6_年齢,艇6_級別,艇6_賞除,艇6_F本数,艇6_L本数,艇6_全国平均ST,艇6_全国勝率,艇6_全国2連対率,艇6_全国3連対率,艇6_当地勝率,艇6_当地2連対率,艇6_当地3連対率,艇6_モーターフラグ,艇6_モーター番号,艇6_モーター2連対率,艇6_モーター3連対率,艇6_ボートフラグ,艇6_ボート番号,艇6_ボート2連対率,艇6_ボート3連対率,艇6_早見,艇6_節D1走1_R番号,艇6_節D1走1_進入,艇6_節D1走1_枠,艇6_節D1走1_ST,艇6_節D1走1_着順,艇6_節D1走2_R番号,艇6_節D1走2_進入,艇6_節D1走2_枠,艇6_節D1走2_ST,艇6_節D1走2_着順,艇6_節D2走1_R番号,艇6_節D2走1_進入,艇6_節D2走1_枠,艇6_節D2走1_ST,艇6_節D2走1_着順,艇6_節D2走2_R番号,艇6_節D2走2_進入,艇6_節D2走2_枠,艇6_節D2走2_ST,艇6_節D2走2_着順,艇6_節D3走1_R番号,艇6_節D3走1_進入,艇6_節D3走1_枠,艇6_節D3走1_ST,艇6_節D3走1_着順,艇6_節D3走2_R番号,艇6_節D3走2_進入,艇6_節D3走2_枠,艇6_節D3走2_ST,艇6_節D3走2_着順,艇6_節D4走1_R番号,艇6_節D4走1_進入,艇6_節D4走1_枠,艇6_節D4走1_ST,艇6_節D4走1_着順,艇6_節D4走2_R番号,艇6_節D4走2_進入,艇6_節D4走2_枠,艇6_節D4走2_ST,艇6_節D4走2_着順,艇6_節D5走1_R番号,艇6_節D5走1_進入,艇6_節D5走1_枠,艇6_節D5走1_ST,艇6_節D5走1_着順,艇6_節D5走2_R番号,艇6_節D5走2_進入,艇6_節D5走2_枠,艇6_節D5走2_ST,艇6_節D5走2_着順,艇6_節D6走1_R番号,艇6_節D6走1_進入,艇6_節D6走1_枠,艇6_節D6走1_ST,艇6_節D6走1_着順,艇6_節D6走2_R番号,艇6_節D6走2_進入,艇6_節D6走2_枠,艇6_節D6走2_ST,艇6_節D6走2_着順,艇6_節D7走1_R番号,艇6_節D7走1_進入,艇6_節D7走1_枠,艇6_節D7走1_ST,艇6_節D7走1_着順,艇6_節D7走2_R番号,艇6_節D7走2_進入,艇6_節D7走2_枠,艇6_節D7走2_ST,艇6_節D7走2_着順
202609110201,2026-09-11,02,01R,3075,中村 裕将,51期,埼玉,埼玉,64,B1,,0,0,0.13,5.07,34.9,44.5,5.18,33.3,50.0,0,60,25.0,43.7,0,28,54.5,59.0,7,,,,,,,,,,,,,,,,,,,,,,,,,,,,,,,,,,,,,,,,,,,,,,,,,,,,,,,,,,,,,,,,,,,,,,,4674,池田 剛規,109期,福岡,福岡,39,B1,,0,0,0.15,5.41,31.0,54.3,5.41,31.0,58.6,0,16,26.0,39.1,0,72,26.6,40.0,5,,,,,,,,,,,,,,,,,,,,,,,,,,,,,,,,,,,,,,,,,,,,,,,,,,,,,,,,,,,,,,,,,,,,,,,4572,渡部 悟,105期,大阪,大阪,38,B1,,0,0,0.16,5.58,36.6,54.1,4.84,36.0,40.0,0,25,26.3,36.8,0,45,40.9,50.0,11,,,,,,,,,,,,,,,,,,,,,,,,,,,,,,,,,,,,,,,,,,,,,,,,,,,,,,,,,,,,,,,,,,,,,,,3834,細川 明人,78期,岡山,岡山,51,B1,,0,0,0.19,4.18,26.4,36.7,4.67,33.3,46.6,0,24,28.5,47.6,0,57,12.5,31.2,,,,,,,,,,,,,,,,,,,,,,,,,,,,,,,,,,,,,,,,,,,,,,,,,,,,,,,,,,,,,,,,,,,,,,,,4555,富永 大一,104期,福岡,福岡,37,B1,,0,0,0.18,5.23,30.9,51.8,4.83,27.5,51.7,0,44,42.8,71.4,0,27,16.6,33.3,8,,,,,,,,,,,,,,,,,,,,,,,,,,,,,,,,,,,,,,,,,,,,,,,,,,,,,,,,,,,,,,,,,,,,,,,4631,新井 英孝,107期,大阪,大阪,39,B1,,1,0,0.16,4.68,28.2,48.7,5.15,50.0,55.0,0,49,25.0,31.2,0,46,23.8,38.1,10,,,,,,,,,,,,,,,,,,,,,,,,,,,,,,,,,,,,,,,,,,,,,,,,,,,,,,,,,,,,,,,,,,,,,,
202609110202,2026-09-11,02,02R,3692,竹腰 正樹,74期,福井,石川,55,B1,,0,0,0.18,5.19,32.7,52.5,5.13,29.1,58.3,0,21,62.5,75.0,0,67,25.0,37.5,11,,,,,,,,,,,,,,,,,,,,,,,,,,,,,,,,,,,,,,,,,,,,,,,,,,,,,,,,,,,,,,,,,,,,,,,5038,金田 智博,122期,福井,石川,28,A2,,0,0,0.16,6.57,52.4,63.1,6.25,37.5,62.5,0,4,47.8,56.5,0,12,21.0,31.5,9,,,,,,,,,,,,,,,,,,,,,,,,,,,,,,,,,,,,,,,,,,,,,,,,,,,,,,,,,,,,,,,,,,,,,,,4325,新出 浩司,96期,大阪,大阪,43,B1,,0,0,0.19,4.46,17.2,40.7,4.33,13.3,46.6,0,65,23.0,38.4,0,68,35.2,41.1,7,,,,,,,,,,,,,,,,,,,,,,,,,,,,,,,,,,,,,,,,,,,,,,,,,,,,,,,,,,,,,,,,,,,,,,,4887,富澤 祐作,117期,群馬,群馬,39,B1,,1,0,0.13,5.09,32.8,50.0,5.49,41.0,51.2,0,51,25.0,50.0,0,44,70.0,80.0,6,,,,,,,,,,,,,,,,,,,,,,,,,,,,,,,,,,,,,,,,,,,,,,,,,,,,,,,,,,,,,,,,,,,,,,,4706,三浦 洋次朗,110期,愛知,愛知,37,A2,,1,0,0.17,5.67,45.3,53.6,5.54,36.5,56.1,0,53,66.6,72.2,0,43,42.8,52.3,10,,,,,,,,,,,,,,,,,,,,,,,,,,,,,,,,,,,,,,,,,,,,,,,,,,,,,,,,,,,,,,,,,,,,,,,4649,和田 操拓,108期,滋賀,京都,42,B1,,0,0,0.13,5.71,41.3,58.6,0.0,0.0,0.0,0,23,23.8,66.6,0,26,36.3,54.5,,,,,,,,,,,,,,,,,,,,,,,,,,,,,,,,,,,,,,,,,,,,,,,,,,,,,,,,,,,,,,,,,,,,,,,
202609110203,2026-09-11,02,03R,3814,金子 貴志,77期,福井,福井,50,B1,,0,0,0.2,5.01,27.3,48.1,4.24,16.0,44.0,0,50,25.0,50.0,0,53,40.0,60.0,7,,,,,,,,,,,,,,,,,,,,,,,,,,,,,,,,,,,,,,,,,,,,,,,,,,,,,,,,,,,,,,,,,,,,,,,4708,半田 尚也,110期,広島,広島,37,B1,,1,0,0.18,4.42,21.7,39.1,4.46,15.3,38.4,0,55,0.0,6.6,0,76,33.3,50.0,,,,,,,,,,,,,,,,,,,,,,,,,,,,,,,,,,,,,,,,,,,,,,,,,,,,,,,,,,,,,,,,,,,,,,,,5220,青木 蓮,129期,埼玉,埼玉,25,A2,,0,0,0.12,6.55,49.5,71.4,6.49,48.2,65.5,0,56,52.9,88.2,0,20,36.3,59.0,11,,,,,,,,,,,,,,,,,,,,,,,,,,,,,,,,,,,,,,,,,,,,,,,,,,,,,,,,,,,,,,,,,,,,,,,5008,羽野 諒,121期,福岡,福岡,29,B1,,0,0,0.15,4.88,23.8,45.2,4.49,22.8,40.0,0,10,30.4,43.4,0,41,33.3,42.8,8,,,,,,,,,,,,,,,,,,,,,,,,,,,,,,,,,,,,,,,,,,,,,,,,,,,,,,,,,,,,,,,,,,,,,,,4388,是澤 孝宏,98期,滋賀,京都,41,A2,,0,0,0.17,6.21,46.5,61.2,6.6,60.0,66.6,0,13,37.5,50.0,0,77,45.4,72.7,9,,,,,,,,,,,,,,,,,,,,,,,,,,,,,,,,,,,,,,,,,,,,,,,,,,,,,,,,,,,,,,,,,,,,,,,4370,山口 達也,97期,岡山,岡山,39,A1,,0,0,0.14,6.6,53.6,64.6,7.69,56.2,68.7,0,15,52.1,73.9,0,65,35.2,64.7,12,,,,,,,,,,,,,,,,,,,,,,,,,,,,,,,,,,,,,,,,,,,,,,,,,,,,,,,,,,,,,,,,,,,,,,
202609110204,2026-09-11,02,04R,4615,板倉 敦史,107期,東京,千葉,46,B1,,0,0,0.19,4.73,26.5,40.5,5.19,33.3,50.0,0,54,41.1,52.9,0,61,0.0,0.0,8,,,,,,,,,,,,,,,,,,,,,,,,,,,,,,,,,,,,,,,,,,,,,,,,,,,,,,,,,,,,,,,,,,,,,,,4467,渡邉 俊介,101期,愛知,岐阜,40,A1,,0,0,0.14,6.32,41.6,65.7,5.63,37.5,50.0,0,3,37.5,58.3,0,66,7.6,38.4,12,,,,,,,,,,,,,,,,,,,,,,,,,,,,,,,,,,,,,,,,,,,,,,,,,,,,,,,,,,,,,,,,,,,,,,,4363,大野 芳顕,97期,福岡,福岡,41,A2,,0,0,0.17,5.42,35.4,55.4,5.19,33.3,50.0,0,22,21.7,47.8,0,23,34.7,47.8,10,,,,,,,,,,,,,,,,,,,,,,,,,,,,,,,,,,,,,,,,,,,,,,,,,,,,,,,,,,,,,,,,,,,,,,,5313,鈴木 唯央,133期,群馬,群馬,26,B1,,1,0,0.16,4.33,15.7,42.1,3.41,9.0,22.7,0,11,47.8,65.2,0,18,36.8,57.8,,,,,,,,,,,,,,,,,,,,,,,,,,,,,,,,,,,,,,,,,,,,,,,,,,,,,,,,,,,,,,,,,,,,,,,,4883,岡部 大輝,116期,東京,東京,30,A2,,0,0,0.16,6.41,50.4,65.1,5.48,33.3,58.3,0,7,21.7,39.1,0,38,31.2,43.7,11,,,,,,,,,,,,,,,,,,,,,,,,,,,,,,,,,,,,,,,,,,,,,,,,,,,,,,,,,,,,,,,,,,,,,,,3161,古場 輝義,55期,大阪,長崎,66,B1,,0,0,0.19,4.97,28.7,49.3,5.63,40.6,59.3,0,61,23.0,30.7,0,62,25.0,56.2,9,,,,,,,,,,,,,,,,,,,,,,,,,,,,,,,,,,,,,,,,,,,,,,,,,,,,,,,,,,,,,,,,,,,,,,
202609110205,2026-09-11,02,05R,3514,山一 鉄也,68期,福岡,福岡,59,A2,,0,0,0.17,5.56,38.4,54.7,5.15,35.0,45.0,0,64,29.4,47.0,0,75,0.0,12.5,9,,,,,,,,,,,,,,,,,,,,,,,,,,,,,,,,,,,,,,,,,,,,,,,,,,,,,,,,,,,,,,,,,,,,,,,4692,酒井 俊弘,110期,福井,福井,42,B1,,1,0,0.12,4.3,25.0,37.5,4.11,22.2,33.3,0,62,25.0,31.2,0,55,0.0,25.0,10,,,,,,,,,,,,,,,,,,,,,,,,,,,,,,,,,,,,,,,,,,,,,,,,,,,,,,,,,,,,,,,,,,,,,,,4846,佐藤 駿介,115期,山口,山口,32,B1,,0,0,0.17,4.31,24.7,39.3,4.32,31.5,39.4,0,58,39.1,69.5,0,17,11.1,50.0,,,,,,,,,,,,,,,,,,,,,,,,,,,,,,,,,,,,,,,,,,,,,,,,,,,,,,,,,,,,,,,,,,,,,,,,4295,小坂 尚哉,94期,兵庫,大阪,39,A1,,0,0,0.14,7.56,61.9,84.1,7.17,61.7,76.6,0,12,17.3,34.7,0,42,40.0,46.6,12,,,,,,,,,,,,,,,,,,,,,,,,,,,,,,,,,,,,,,,,,,,,,,,,,,,,,,,,,,,,,,,,,,,,,,,3589,西村 勝,70期,埼玉,埼玉,53,B1,,1,0,0.16,4.38,27.0,41.8,4.39,26.6,41.3,0,18,47.8,60.8,0,33,23.0,30.7,,,,,,,,,,,,,,,,,,,,,,,,,,,,,,,,,,,,,,,,,,,,,,,,,,,,,,,,,,,,,,,,,,,,,,,,4674,池田 剛規,109期,福岡,福岡,39,B1,,0,0,0.15,5.41,31.0,54.3,5.41,31.0,58.6,0,16,26.0,39.1,0,72,26.6,40.0,1,,,,,,,,,,,,,,,,,,,,,,,,,,,,,,,,,,,,,,,,,,,,,,,,,,,,,,,,,,,,,,,,,,,,,,
202609110206,2026-09-11,02,06R,4887,富澤 祐作,117期,群馬,群馬,39,B1,,1,0,0.13,5.09,32.8,50.0,5.49,41.0,51.2,0,51,25.0,50.0,0,44,70.0,80.0,2,,,,,,,,,,,,,,,,,,,,,,,,,,,,,,,,,,,,,,,,,,,,,,,,,,,,,,,,,,,,,,,,,,,,,,,4451,松崎 祐太郎,100期,福岡,宮崎,38,A2,,0,0,0.16,6.36,48.0,67.3,7.55,55.0,80.0,0,63,44.4,55.5,0,63,50.0,62.5,10,,,,,,,,,,,,,,,,,,,,,,,,,,,,,,,,,,,,,,,,,,,,,,,,,,,,,,,,,,,,,,,,,,,,,,,4578,藤山 雅弘,105期,大阪,大阪,37,A2,,0,0,0.18,5.85,42.5,60.0,5.16,35.4,51.6,0,9,22.7,27.2,0,74,33.3,53.3,11,,,,,,,,,,,,,,,,,,,,,,,,,,,,,,,,,,,,,,,,,,,,,,,,,,,,,,,,,,,,,,,,,,,,,,,5259,野田 昇吾,131期,埼玉,福岡,33,B2,,0,0,0.18,3.39,8.9,26.8,3.17,9.6,20.4,0,1,17.3,34.7,0,73,33.3,41.6,,,,,,,,,,,,,,,,,,,,,,,,,,,,,,,,,,,,,,,,,,,,,,,,,,,,,,,,,,,,,,,,,,,,,,,,4351,里岡 右貴,96期,福岡,福岡,40,A1,,1,0,0.13,6.89,52.1,73.5,6.4,37.2,69.7,0,57,45.4,63.6,0,58,42.8,71.4,12,,,,,,,,,,,,,,,,,,,,,,,,,,,,,,,,,,,,,,,,,,,,,,,,,,,,,,,,,,,,,,,,,,,,,,,5455,澁澤 周羽,138期,群馬,群馬,20,B2,,0,0,0.0,1.49,0.0,3.3,1.29,0.0,0.0,0,17,31.8,40.9,0,69,53.3,60.0,,,,,,,,,,,,,,,,,,,,,,,,,,,,,,,,,,,,,,,,,,,,,,,,,,,,,,,,,,,,,,,,,,,,,,,
202609110207,2026-09-11,02,07R,4762,藤原 啓史朗,112期,岡山,岡山,36,A1,,0,0,0.13,7.36,55.6,74.7,7.21,35.2,55.8,0,14,54.1,70.8,0,71,29.4,41.1,12,,,,,,,,,,,,,,,,,,,,,,,,,,,,,,,,,,,,,,,,,,,,,,,,,,,,,,,,,,,,,,,,,,,,,,,4973,栗原 直也,120期,埼玉,埼玉,34,B1,,1,0,0.17,5.18,32.4,49.3,5.0,30.8,48.1,0,52,53.3,66.6,0,37,72.2,77.7,,,,,,,,,,,,,,,,,,,,,,,,,,,,,,,,,,,,,,,,,,,,,,,,,,,,,,,,,,,,,,,,,,,,,,,,4866,橋本 英一,116期,福岡,福岡,36,B1,,0,0,0.17,4.32,20.9,37.0,3.85,7.6,23.0,0,19,21.7,47.8,0,15,42.8,52.3,,,,,,,,,,,,,,,,,,,,,,,,,,,,,,,,,,,,,,,,,,,,,,,,,,,,,,,,,,,,,,,,,,,,,,,,3075,中村 裕将,51期,埼玉,埼玉,64,B1,,0,0,0.13,5.07,34.9,44.5,5.18,33.3,50.0,0,60,25.0,43.7,0,28,54.5,59.0,1,,,,,,,,,,,,,,,,,,,,,,,,,,,,,,,,,,,,,,,,,,,,,,,,,,,,,,,,,,,,,,,,,,,,,,,3814,金子 貴志,77期,福井,福井,50,B1,,0,0,0.2,5.01,27.3,48.1,4.24,16.0,44.0,0,50,25.0,50.0,0,53,40.0,60.0,3,,,,,,,,,,,,,,,,,,,,,,,,,,,,,,,,,,,,,,,,,,,,,,,,,,,,,,,,,,,,,,,,,,,,,,,4325,新出 浩司,96期,大阪,大阪,43,B1,,0,0,0.19,4.46,17.2,40.7,4.33,13.3,46.6,0,65,23.0,38.4,0,68,35.2,41.1,2,,,,,,,,,,,,,,,,,,,,,,,,,,,,,,,,,,,,,,,,,,,,,,,,,,,,,,,,,,,,,,,,,,,,,,
202609110208,2026-09-11,02,08R,5008,羽野 諒,121期,福岡,福岡,29,B1,,0,0,0.15,4.88,23.8,45.2,4.49,22.8,40.0,0,10,30.4,43.4,0,41,33.3,42.8,3,,,,,,,,,,,,,,,,,,,,,,,,,,,,,,,,,,,,,,,,,,,,,,,,,,,,,,,,,,,,,,,,,,,,,,,4555,富永 大一,104期,福岡,福岡,37,B1,,0,0,0.18,5.23,30.9,51.8,4.83,27.5,51.7,0,44,42.8,71.4,0,27,16.6,33.3,1,,,,,,,,,,,,,,,,,,,,,,,,,,,,,,,,,,,,,,,,,,,,,,,,,,,,,,,,,,,,,,,,,,,,,,,5126,山下 大輝,126期,兵庫,兵庫,30,A1,,0,0,0.15,6.94,54.5,75.0,6.71,57.1,71.4,0,36,50.0,70.0,0,47,40.0,60.0,12,,,,,,,,,,,,,,,,,,,,,,,,,,,,,,,,,,,,,,,,,,,,,,,,,,,,,,,,,,,,,,,,,,,,,,,4615,板倉 敦史,107期,東京,千葉,46,B1,,0,0,0.19,4.73,26.5,40.5,5.19,33.3,50.0,0,54,41.1,52.9,0,61,0.0,0.0,4,,,,,,,,,,,,,,,,,,,,,,,,,,,,,,,,,,,,,,,,,,,,,,,,,,,,,,,,,,,,,,,,,,,,,,,3072,西田 靖,51期,東京,神奈川,64,B1,,0,0,0.17,3.99,21.5,34.4,5.24,39.4,55.2,0,2,20.0,35.0,0,70,0.0,0.0,,,,,,,,,,,,,,,,,,,,,,,,,,,,,,,,,,,,,,,,,,,,,,,,,,,,,,,,,,,,,,,,,,,,,,,,4886,入海 馨,116期,岡山,岡山,30,A2,,0,0,0.14,6.44,40.4,62.7,0.0,0.0,0.0,0,5,29.4,41.1,0,50,0.0,20.0,,,,,,,,,,,,,,,,,,,,,,,,,,,,,,,,,,,,,,,,,,,,,,,,,,,,,,,,,,,,,,,,,,,,,,,
202609110209,2026-09-11,02,09R,4388,是澤 孝宏,98期,滋賀,京都,41,A2,,0,0,0.17,6.21,46.5,61.2,6.6,60.0,66.6,0,13,37.5,50.0,0,77,45.4,72.7,3,,,,,,,,,,,,,,,,,,,,,,,,,,,,,,,,,,,,,,,,,,,,,,,,,,,,,,,,,,,,,,,,,,,,,,,4163,山崎 裕司,90期,広島,広島,44,A2,,0,0,0.16,5.55,36.9,54.6,4.13,31.2,31.2,0,8,54.1,66.6,0,35,18.1,27.2,,,,,,,,,,,,,,,,,,,,,,,,,,,,,,,,,,,,,,,,,,,,,,,,,,,,,,,,,,,,,,,,,,,,,,,,3161,古場 輝義,55期,大阪,長崎,66,B1,,0,0,0.19,4.97,28.7,49.3,5.63,40.6,59.3,0,61,23.0,30.7,0,62,25.0,56.2,4,,,,,,,,,,,,,,,,,,,,,,,,,,,,,,,,,,,,,,,,,,,,,,,,,,,,,,,,,,,,,,,,,,,,,,,3514,山一 鉄也,68期,福岡,福岡,59,A2,,0,0,0.17,5.56,38.4,54.7,5.15,35.0,45.0,0,64,29.4,47.0,0,75,0.0,12.5,5,,,,,,,,,,,,,,,,,,,,,,,,,,,,,,,,,,,,,,,,,,,,,,,,,,,,,,,,,,,,,,,,,,,,,,,4865,立具 敬司,116期,大阪,和歌山,36,B2,,1,0,0.17,3.63,16.6,33.3,4.21,21.4,35.7,0,6,37.5,58.3,0,60,35.2,41.1,,,,,,,,,,,,,,,,,,,,,,,,,,,,,,,,,,,,,,,,,,,,,,,,,,,,,,,,,,,,,,,,,,,,,,,,5038,金田 智博,122期,福井,石川,28,A2,,0,0,0.16,6.57,52.4,63.1,6.25,37.5,62.5,0,4,47.8,56.5,0,12,21.0,31.5,2,,,,,,,,,,,,,,,,,,,,,,,,,,,,,,,,,,,,,,,,,,,,,,,,,,,,,,,,,,,,,,,,,,,,,,
202609110210,2026-09-11,02,10R,4363,大野 芳顕,97期,福岡,福岡,41,A2,,0,0,0.17,5.42,35.4,55.4,5.19,33.3,50.0,0,22,21.7,47.8,0,23,34.7,47.8,4,,,,,,,,,,,,,,,,,,,,,,,,,,,,,,,,,,,,,,,,,,,,,,,,,,,,,,,,,,,,,,,,,,,,,,,4706,三浦 洋次朗,110期,愛知,愛知,37,A2,,1,0,0.17,5.67,45.3,53.6,5.54,36.5,56.1,0,53,66.6,72.2,0,43,42.8,52.3,2,,,,,,,,,,,,,,,,,,,,,,,,,,,,,,,,,,,,,,,,,,,,,,,,,,,,,,,,,,,,,,,,,,,,,,,4631,新井 英孝,107期,大阪,大阪,39,B1,,1,0,0.16,4.68,28.2,48.7,5.15,50.0,55.0,0,49,25.0,31.2,0,46,23.8,38.1,1,,,,,,,,,,,,,,,,,,,,,,,,,,,,,,,,,,,,,,,,,,,,,,,,,,,,,,,,,,,,,,,,,,,,,,,4692,酒井 俊弘,110期,福井,福井,42,B1,,1,0,0.12,4.3,25.0,37.5,4.11,22.2,33.3,0,62,25.0,31.2,0,55,0.0,25.0,5,,,,,,,,,,,,,,,,,,,,,,,,,,,,,,,,,,,,,,,,,,,,,,,,,,,,,,,,,,,,,,,,,,,,,,,4451,松崎 祐太郎,100期,福岡,宮崎,38,A2,,0,0,0.16,6.36,48.0,67.3,7.55,55.0,80.0,0,63,44.4,55.5,0,63,50.0,62.5,6,,,,,,,,,,,,,,,,,,,,,,,,,,,,,,,,,,,,,,,,,,,,,,,,,,,,,,,,,,,,,,,,,,,,,,,3711,江本 真治,74期,山口,山口,52,A2,,1,0,0.15,5.91,39.4,64.0,0.0,0.0,0.0,0,59,36.3,54.5,0,59,33.3,53.3,,,,,,,,,,,,,,,,,,,,,,,,,,,,,,,,,,,,,,,,,,,,,,,,,,,,,,,,,,,,,,,,,,,,,,,
202609110211,2026-09-11,02,11R,5220,青木 蓮,129期,埼玉,埼玉,25,A2,,0,0,0.12,6.55,49.5,71.4,6.49,48.2,65.5,0,56,52.9,88.2,0,20,36.3,59.0,3,,,,,,,,,,,,,,,,,,,,,,,,,,,,,,,,,,,,,,,,,,,,,,,,,,,,,,,,,,,,,,,,,,,,,,,4578,藤山 雅弘,105期,大阪,大阪,37,A2,,0,0,0.18,5.85,42.5,60.0,5.16,35.4,51.6,0,9,22.7,27.2,0,74,33.3,53.3,6,,,,,,,,,,,,,,,,,,,,,,,,,,,,,,,,,,,,,,,,,,,,,,,,,,,,,,,,,,,,,,,,,,,,,,,3692,竹腰 正樹,74期,福井,石川,55,B1,,0,0,0.18,5.19,32.7,52.5,5.13,29.1,58.3,0,21,62.5,75.0,0,67,25.0,37.5,2,,,,,,,,,,,,,,,,,,,,,,,,,,,,,,,,,,,,,,,,,,,,,,,,,,,,,,,,,,,,,,,,,,,,,,,4883,岡部 大輝,116期,東京,東京,30,A2,,0,0,0.16,6.41,50.4,65.1,5.48,33.3,58.3,0,7,21.7,39.1,0,38,31.2,43.7,4,,,,,,,,,,,,,,,,,,,,,,,,,,,,,,,,,,,,,,,,,,,,,,,,,,,,,,,,,,,,,,,,,,,,,,,4572,渡部 悟,105期,大阪,大阪,38,B1,,0,0,0.16,5.58,36.6,54.1,4.84,36.0,40.0,0,25,26.3,36.8,0,45,40.9,50.0,1,,,,,,,,,,,,,,,,,,,,,,,,,,,,,,,,,,,,,,,,,,,,,,,,,,,,,,,,,,,,,,,,,,,,,,,4539,金子 賢志,103期,群馬,群馬,35,A1,,0,0,0.13,6.32,42.6,59.1,3.43,14.2,14.2,0,20,30.4,52.1,0,51,40.0,50.0,,,,,,,,,,,,,,,,,,,,,,,,,,,,,,,,,,,,,,,,,,,,,,,,,,,,,,,,,,,,,,,,,,,,,,,
202609110212,2026-09-11,02,12R,4295,小坂 尚哉,94期,兵庫,大阪,39,A1,,0,0,0.14,7.56,61.9,84.1,7.17,61.7,76.6,0,12,17.3,34.7,0,42,40.0,46.6,5,,,,,,,,,,,,,,,,,,,,,,,,,,,,,,,,,,,,,,,,,,,,,,,,,,,,,,,,,,,,,,,,,,,,,,,4351,里岡 右貴,96期,福岡,福岡,40,A1,,1,0,0.13,6.89,52.1,73.5,6.4,37.2,69.7,0,57,45.4,63.6,0,58,42.8,71.4,6,,,,,,,,,,,,,,,,,,,,,,,,,,,,,,,,,,,,,,,,,,,,,,,,,,,,,,,,,,,,,,,,,,,,,,,4370,山口 達也,97期,岡山,岡山,39,A1,,0,0,0.14,6.6,53.6,64.6,7.69,56.2,68.7,0,15,52.1,73.9,0,65,35.2,64.7,3,,,,,,,,,,,,,,,,,,,,,,,,,,,,,,,,,,,,,,,,,,,,,,,,,,,,,,,,,,,,,,,,,,,,,,,4762,藤原 啓史朗,112期,岡山,岡山,36,A1,,0,0,0.13,7.36,55.6,74.7,7.21,35.2,55.8,0,14,54.1,70.8,0,71,29.4,41.1,7,,,,,,,,,,,,,,,,,,,,,,,,,,,,,,,,,,,,,,,,,,,,,,,,,,,,,,,,,,,,,,,,,,,,,,,4467,渡邉 俊介,101期,愛知,岐阜,40,A1,,0,0,0.14,6.32,41.6,65.7,5.63,37.5,50.0,0,3,37.5,58.3,0,66,7.6,38.4,4,,,,,,,,,,,,,,,,,,,,,,,,,,,,,,,,,,,,,,,,,,,,,,,,,,,,,,,,,,,,,,,,,,,,,,,5126,山下 大輝,126期,兵庫,兵庫,30,A1,,0,0,0.15,6.94,54.5,75.0,6.71,57.1,71.4,0,36,50.0,70.0,0,47,40.0,60.0,8,,,,,,,,,,,,,,,,,,,,,,,,,,,,,,,,,,,,,,,,,,,,,,,,,,,,,,,,,,,,,,,,,,,,,,
202609110301,2026-09-11,03,01R,3859,多羅尾 達之,79期,東京,神奈川,53,B1,,0,0,0.15,3.99,20.7,35.3,0.0,0.0,0.0,0,61,29.6,50.0,0,43,36.8,52.6,6,2,5,5,0.08,6,9,3,3,0.12,2,5,4,4,0.25,5,,,,,,2,1,1,0.03,2,7,2,2,0.23,5,3,2,2,0.14,5,10,6,6,0.13,4,3,4,4,0.16,5,,,,,,,,,,,,,,,,,,,,,,,,,,3303,渡辺 豊,60期,東京,神奈川,58,B1,,0,0,0.2,4.35,18.6,34.5,6.13,42.1,65.0,0,11,19.6,32.7,0,37,29.8,49.1,9,4,4,4,0.28,4,,,,,,4,3,3,0.24,2,11,5,5,0.32,6,1,1,1,0.14,2,,,,,,6,3,3,0.17,6,11,2,2,0.17,4,2,5,5,0.28,4,,,,,,,,,,,,,,,,,,,,,,,,,,3664,鈴木 賢一,73期,埼玉,埼玉,56,B1,,0,0,0.17,4.5,29.4,41.1,0.0,0.0,0.0,0,65,43.3,53.3,0,12,31.6,50.0,10,2,6,6,0.11,4,,,,,,2,3,3,0.36,4,12,5,5,0.18,4,,,,,,8,2,2,0.25,1,1,4,4,0.14,3,7,1,1,0.16,1,5,1,1,0.05,2,,,,,,,,,,,,,,,,,,,,,,,,,,4981,牧山 敦也,120期,佐賀,佐賀,30,B1,,0,0,0.18,5.22,26.6,55.5,5.2,36.0,52.0,0,14,15.8,34.9,0,13,42.1,57.8,7,6,1,1,0.23,2,,,,,,2,4,4,0.35,3,7,2,2,0.25,1,,,,,,12,3,3,0.3,6,3,5,5,0.18,4,7,6,6,0.19,3,6,3,3,0.13,5,,,,,,,,,,,,,,,,,,,,,,,,,,3839,川合 理司,78期,静岡,静岡,51,B1,賞除,1,0,0.19,2.98,9.6,20.4,4.89,27.7,52.7,0,27,36.8,54.3,0,46,35.7,42.8,5,5,1,1,0.01,F,,,,,,3,5,5,0.26,6,7,6,6,0.32,5,1,5,5,0.22,6,6,6,6,0.2,6,4,6,6,0.18,5,,,,,,5,6,6,0.24,6,,,,,,,,,,,,,,,,,,,,,,,,,,3956,横澤 剛治,82期,静岡,静岡,49,A2,賞除,0,0,0.17,5.88,38.8,54.3,6.67,38.8,61.1,0,63,30.1,41.2,0,53,49.2,65.0,,6,3,3,0.18,4,,,,,,4,2,2,0.2,4,12,4,4,0.11,3,,,,,,8,1,1,0.21,4,3,6,6,0.18,6,12,5,5,0.19,2,,,,,,10,3,3,0.15,1,,,,,,,,,,,,,,,,,,,,
202609110302,2026-09-11,03,02R,4142,平野 和明,89期,愛知,愛知,45,A2,,0,0,0.18,5.63,34.6,56.4,5.9,39.0,60.9,0,64,45.1,64.5,0,27,59.6,70.9,11,,,,,,7,5,5,0.19,3,3,4,4,0.19,3,9,3,3,0.13,4,,,,,,11,1,1,0.14,3,2,2,2,0.06,2,9,6,6,0.19,5,2,1,1,0.24,2,,,,,,,,,,,,,,,,,,,,,,,,,,5053,山口 広樹,123期,福岡,福岡,30,B1,,1,0,0.17,3.8,19.7,33.3,5.03,33.3,50.0,0,10,38.7,51.6,0,26,38.3,58.3,9,6,4,4,0.16,5,,,,,,1,2,2,0.19,5,9,5,5,0.11,5,5,1,1,0.17,2,,,,,,7,3,3,0.06,転,11,6,6,0.28,6,1,4,4,0.15,5,,,,,,,,,,,,,,,,,,,,,,,,,,4257,古川 健,93期,広島,広島,42,B1,,0,0,0.16,5.22,34.6,52.5,5.0,34.0,44.6,0,34,50.0,69.3,0,65,24.5,36.8,,5,4,4,0.05,4,10,2,2,0.26,5,4,1,1,0.15,1,,,,,,1,3,3,0.13,4,9,6,6,0.16,6,4,5,5,0.09,3,,,,,,4,4,4,0.16,4,8,2,2,0.09,2,,,,,,,,,,,,,,,,,,,,,4179,広次 修,90期,山口,山口,43,A2,,0,0,0.15,5.23,27.7,56.4,5.48,43.4,56.5,0,47,23.2,33.9,0,24,32.8,48.4,6,3,4,4,0.14,4,9,5,5,0.21,4,,,,,,8,2,2,0.16,5,2,3,3,0.11,6,10,6,6,0.12,5,,,,,,8,1,1,0.22,3,5,5,5,0.11,5,9,3,3,0.14,5,,,,,,,,,,,,,,,,,,,,,5427,港 理樹,137期,東京,東京,24,B1,,0,0,0.22,3.05,6.0,20.4,3.06,5.5,22.2,0,16,37.1,56.4,0,47,36.9,50.7,7,5,6,6,0.1,5,,,,,,1,6,6,0.22,3,7,4,4,0.28,4,5,5,5,0.13,5,,,,,,2,4,4,0.12,6,8,5,5,0.17,6,2,6,6,0.24,6,,,,,,,,,,,,,,,,,,,,,,,,,,4598,加藤 政彦,106期,東京,東京,42,B1,,0,0,0.16,6.09,47.6,59.8,6.39,48.0,64.4,0,71,43.5,66.1,0,39,45.9,59.0,10,,,,,,7,1,1,0.29,1,2,2,2,0.35,5,11,3,3,0.09,1,,,,,,8,4,4,0.14,2,4,4,4,0.07,2,10,5,5,0.13,1,6,4,4,0.04,1,12,3,3,0.07,4,,,,,,,,,,,,,,,,,,,,
202609110303,2026-09-11,03,03R,5378,鈴木 結平太,135期,静岡,愛知,22,B2,,1,0,0.21,1.67,0.0,3.5,1.43,0.0,0.0,0,68,37.7,50.8,0,33,28.5,46.0,8,1,6,6,0.36,6,,,,,,1,4,4,0.25,6,8,1,1,0.16,1,4,3,3,0.16,6,,,,,,1,2,2,0.12,6,11,5,5,0.24,5,,,,,,8,6,6,0.27,6,,,,,,,,,,,,,,,,,,,,,5138,村本 大成,126期,福岡,福岡,26,B1,,0,0,0.19,3.73,12.7,34.9,4.0,7.6,38.4,0,37,41.3,60.3,0,63,37.5,51.5,10,3,3,3,0.18,6,8,6,6,0.19,1,,,,,,9,2,2,0.13,3,4,1,1,0.12,1,12,5,5,0.23,4,5,4,4,0.13,4,,,,,,2,3,3,0.26,3,7,1,1,0.16,2,,,,,,,,,,,,,,,,,,,,,4640,山ノ内 雅人,107期,福岡,福岡,35,A2,,1,0,0.14,5.84,37.1,61.1,7.0,50.0,66.6,0,22,32.2,40.6,0,35,26.9,42.8,9,,,,,,10,3,3,0.3,6,2,5,5,0.38,2,10,2,2,0.16,5,,,,,,9,1,1,0.06,1,6,6,6,0.19,4,10,4,4,0.17,5,6,2,2,0.21,4,,,,,,,,,,,,,,,,,,,,,,,,,,5315,浅井 翼,133期,埼玉,北海道,25,B2,,0,0,0.21,2.65,13.0,17.3,2.62,11.1,17.2,0,60,27.5,51.7,0,58,19.7,36.3,7,4,1,1,0.13,3,8,3,3,0.04,4,5,6,6,0.3,6,,,,,,1,4,4,0.33,5,7,5,5,0.21,6,2,3,3,0.05,4,10,2,2,0.11,3,,,,,,10,6,6,0.12,6,,,,,,,,,,,,,,,,,,,,,3931,黒崎 竜也,81期,三重,三重,50,A2,賞除,1,0,0.15,6.27,42.0,62.0,4.53,29.4,47.0,0,20,40.3,54.3,0,66,29.3,51.7,7,,,,,,10,6,6,0.24,4,7,3,3,0.26,3,11,2,2,0.08,3,,,,,,10,1,1,0.09,1,4,3,3,0.01,F,11,4,4,0.21,3,,,,,,7,6,6,0.14,3,,,,,,,,,,,,,,,,,,,,,4427,秦 英悟,100期,大阪,大阪,40,A1,,0,0,0.14,7.27,59.2,73.4,7.33,60.0,73.3,0,40,16.1,32.2,0,21,30.1,49.2,11,3,2,2,0.16,3,12,6,6,0.13,4,,,,,,11,1,1,0.1,2,4,5,5,0.26,4,9,4,4,0.1,2,,,,,,10,1,1,0.11,2,2,2,2,0.26,1,11,5,5,0.15,4,,,,,,,,,,,,,,,,,,,,
202609110304,2026-09-11,03,04R,4173,岡谷 健吾,90期,広島,広島,43,B1,,0,0,0.17,5.39,33.6,51.0,0.0,0.0,0.0,0,51,27.6,36.9,0,70,25.4,34.9,8,6,6,6,0.32,6,11,2,2,0.18,6,,,,,,8,3,3,0.16,6,2,4,4,0.15,5,6,5,5,0.16,5,4,1,1,0.03,1,,,,,,4,3,3,0.21,2,9,6,6,0.11,4,,,,,,,,,,,,,,,,,,,,,4258,関根 彰人,93期,埼玉,埼玉,42,B1,,0,0,0.18,4.85,32.9,48.2,5.72,39.4,61.9,0,29,19.6,40.9,0,38,26.3,38.6,,1,2,2,0.18,5,9,6,6,0.27,5,4,5,5,0.24,6,,,,,,3,1,1,0.17,1,10,3,3,0.26,4,6,4,4,0.15,5,,,,,,5,3,3,0.09,4,10,5,5,0.16,4,,,,,,,,,,,,,,,,,,,,,4623,中北 将史,107期,三重,三重,41,B1,,0,0,0.16,5.01,34.6,44.5,4.31,21.8,37.5,0,52,40.3,53.2,0,48,27.8,42.6,11,1,3,3,0.18,1,7,4,4,0.22,2,6,1,1,0.21,エ,,,,,,1,6,6,0.28,3,10,5,5,0.13,3,,,,,,8,2,2,0.19,1,3,3,3,0.07,2,9,1,1,0.24,3,,,,,,,,,,,,,,,,,,,,,4000,松本 博昭,84期,広島,広島,49,A2,,0,0,0.17,5.99,40.7,62.3,5.34,31.5,44.7,0,38,28.5,41.0,0,49,40.3,52.6,10,2,2,2,0.14,2,8,5,5,0.17,2,6,3,3,0.24,1,,,,,,6,4,4,0.13,4,12,6,6,0.28,3,6,1,1,0.17,2,,,,,,8,3,3,0.12,1,12,4,4,0.19,6,,,,,,,,,,,,,,,,,,,,,3655,本橋 克洋,72期,群馬,群馬,52,B1,,1,0,0.17,4.78,22.7,46.5,6.35,44.1,76.4,0,23,37.7,52.4,0,64,46.5,63.7,9,,,,,,7,3,3,0.34,4,4,6,6,0.24,5,10,5,5,0.25,6,5,2,2,0.19,4,,,,,,3,1,1,0.11,2,9,4,4,0.17,6,,,,,,8,4,4,0.21,3,,,,,,,,,,,,,,,,,,,,,3685,荒井 輝年,73期,岡山,岡山,52,A2,賞除,2,0,0.15,6.28,47.4,62.8,5.82,43.6,56.3,0,66,25.8,43.5,0,69,21.8,50.0,8,,,,,,8,1,1,0.03,F,2,6,6,0.39,6,8,5,5,0.23,4,4,6,6,0.36,5,,,,,,2,6,6,0.13,3,7,5,5,0.21,5,3,6,6,0.16,3,8,5,5,0.25,4,,,,,,,,,,,,,,,,,,,,
202609110305,2026-09-11,03,05R,4880,澤崎 雄哉,116期,東京,東京,31,B1,,0,0,0.17,5.39,34.0,56.8,5.5,34.2,53.9,0,59,35.9,48.4,0,40,38.1,55.5,9,1,1,1,0.17,2,10,5,5,0.2,2,,,,,,8,4,4,0.12,3,5,3,3,0.22,6,9,2,2,0.06,3,2,5,5,0.09,5,12,3,3,0.14,3,,,,,,7,2,2,0.22,4,,,,,,,,,,,,,,,,,,,,,5279,石渡 翔一郎,131期,東京,千葉,23,B1,,0,0,0.16,5.89,40.0,63.0,5.59,39.4,57.2,0,18,30.1,47.6,0,52,32.7,46.5,11,4,2,2,0.14,1,,,,,,1,1,1,0.26,2,10,4,4,0.18,2,,,,,,9,3,3,0.02,4,1,3,3,0.11,5,5,5,5,0.12,5,1,1,1,0.15,1,,,,,,,,,,,,,,,,,,,,,,,,,,5120,山本 稔太朗,125期,愛知,愛知,25,B1,,1,0,0.16,4.63,26.6,41.6,5.0,47.0,52.9,0,33,31.7,46.0,0,25,30.3,50.0,,2,4,4,0.14,3,11,3,3,0.19,5,,,,,,7,1,1,0.2,2,1,2,2,0.13,1,11,5,5,0.12,6,5,6,6,0.15,6,,,,,,2,4,4,0.3,5,9,2,2,0.22,6,,,,,,,,,,,,,,,,,,,,,5087,佐藤 航,124期,埼玉,埼玉,26,A1,,1,0,0.15,6.34,51.3,66.0,5.82,35.2,58.8,0,15,27.8,44.2,0,59,26.5,46.8,9,,,,,,10,1,1,0.27,3,6,5,5,0.21,2,12,2,2,0.14,転,,,,,,7,3,3,0.25,2,4,2,2,0.03,4,12,6,6,0.2,5,,,,,,9,4,4,0.04,1,,,,,,,,,,,,,,,,,,,,,3944,山口 裕二,81期,長崎,佐賀,47,A1,,1,0,0.17,6.03,40.0,62.8,5.89,44.4,66.6,0,58,22.0,44.0,0,19,36.0,57.3,10,4,3,3,0.19,2,11,1,1,0.18,1,,,,,,11,6,6,0.39,5,3,4,4,0.13,5,11,2,2,0.2,2,5,3,3,0.11,1,9,2,2,0.05,2,4,1,1,0.28,5,11,6,6,0.18,5,,,,,,,,,,,,,,,,,,,,,3839,川合 理司,78期,静岡,静岡,51,B1,賞除,1,0,0.19,2.98,9.6,20.4,4.89,27.7,52.7,0,27,36.8,54.3,0,46,35.7,42.8,1,5,1,1,0.01,F,,,,,,3,5,5,0.26,6,7,6,6,0.32,5,1,5,5,0.22,6,6,6,6,0.2,6,4,6,6,0.18,5,,,,,,5,6,6,0.24,6,,,,,,,,,,,,,,,,,,,,,,,,,
202609110306,2026-09-11,03,06R,3850,小川 知行,79期,群馬,群馬,54,B1,,0,0,0.14,4.3,22.9,35.4,4.53,23.2,42.4,0,62,47.4,67.8,0,16,46.0,60.3,10,1,5,5,0.15,4,6,2,2,0.13,1,5,3,3,0.16,3,,,,,,4,4,4,0.12,3,11,6,6,0.11,4,2,1,1,0.04,1,6,2,2,0.21,3,6,1,1,0.1,6,,,,,,,,,,,,,,,,,,,,,,,,,,4179,広次 修,90期,山口,山口,43,A2,,0,0,0.15,5.23,27.7,56.4,5.48,43.4,56.5,0,47,23.2,33.9,0,24,32.8,48.4,2,3,4,4,0.14,4,9,5,5,0.21,4,,,,,,8,2,2,0.16,5,2,3,3,0.11,6,10,6,6,0.12,5,,,,,,8,1,1,0.22,3,5,5,5,0.11,5,9,3,3,0.14,5,,,,,,,,,,,,,,,,,,,,,5071,野見山 拓己,124期,福岡,福岡,32,B1,,1,0,0.13,4.33,20.2,42.0,4.68,26.3,31.5,0,32,39.3,60.6,0,10,44.2,60.6,,2,3,3,0.17,5,7,6,6,0.16,6,1,5,5,0.18,1,,,,,,3,2,2,0.09,3,7,1,1,0.18,3,,,,,,7,4,4,0.1,4,3,2,2,0.05,6,10,4,4,0.11,2,,,,,,,,,,,,,,,,,,,,,4438,森作 雄大,100期,東京,茨城,40,B1,,0,0,0.13,5.26,38.7,45.9,5.34,36.0,49.1,0,67,22.9,39.3,0,57,25.4,45.7,11,,,,,,8,4,4,0.09,3,5,5,5,0.23,4,12,3,3,0.08,1,6,2,2,0.11,1,,,,,,1,1,1,0.06,1,8,3,3,0.19,4,5,4,4,0.05,3,11,3,3,0.11,6,,,,,,,,,,,,,,,,,,,,,3859,多羅尾 達之,79期,東京,神奈川,53,B1,,0,0,0.15,3.99,20.7,35.3,0.0,0.0,0.0,0,61,29.6,50.0,0,43,36.8,52.6,1,2,5,5,0.08,6,9,3,3,0.12,2,5,4,4,0.25,5,,,,,,2,1,1,0.03,2,7,2,2,0.23,5,3,2,2,0.14,5,10,6,6,0.13,4,3,4,4,0.16,5,,,,,,,,,,,,,,,,,,,,,,,,,,4583,古田 祐貴,105期,香川,香川,37,B1,賞除,1,0,0.15,5.56,36.4,55.2,6.04,40.2,61.0,0,43,36.2,56.9,0,56,40.3,62.9,,1,4,4,0.21,3,8,2,2,0.01,F,6,6,6,0.23,3,,,,,,2,6,6,0.24,3,8,5,5,0.17,5,1,6,6,0.18,2,,,,,,1,6,6,0.25,3,6,5,5,0.05,2,,,,,,,,,,,,,,,,,,,,
202609110307,2026-09-11,03,07R,5315,浅井 翼,133期,埼玉,北海道,25,B2,,0,0,0.21,2.65,13.0,17.3,2.62,11.1,17.2,0,60,27.5,51.7,0,58,19.7,36.3,3,4,1,1,0.13,3,8,3,3,0.04,4,5,6,6,0.3,6,,,,,,1,4,4,0.33,5,7,5,5,0.21,6,2,3,3,0.05,4,10,2,2,0.11,3,,,,,,10,6,6,0.12,6,,,,,,,,,,,,,,,,,,,,,4981,牧山 敦也,120期,佐賀,佐賀,30,B1,,0,0,0.18,5.22,26.6,55.5,5.2,36.0,52.0,0,14,15.8,34.9,0,13,42.1,57.8,1,6,1,1,0.23,2,,,,,,2,4,4,0.35,3,7,2,2,0.25,1,,,,,,12,3,3,0.3,6,3,5,5,0.18,4,7,6,6,0.19,3,6,3,3,0.13,5,,,,,,,,,,,,,,,,,,,,,,,,,,4004,山本 浩輔,84期,長崎,長崎,48,B1,,0,0,0.18,4.89,28.0,44.0,6.29,57.1,57.1,0,35,31.7,50.7,0,17,37.1,46.7,,3,1,1,0.12,1,10,4,4,0.15,1,3,2,2,0.26,5,,,,,,2,5,5,0.16,4,11,3,3,0.16,5,,,,,,8,6,6,0.2,5,1,2,2,0.19,6,7,4,4,0.17,5,,,,,,,,,,,,,,,,,,,,,5427,港 理樹,137期,東京,東京,24,B1,,0,0,0.22,3.05,6.0,20.4,3.06,5.5,22.2,0,16,37.1,56.4,0,47,36.9,50.7,2,5,6,6,0.1,5,,,,,,1,6,6,0.22,3,7,4,4,0.28,4,5,5,5,0.13,5,,,,,,2,4,4,0.12,6,8,5,5,0.17,6,2,6,6,0.24,6,,,,,,,,,,,,,,,,,,,,,,,,,,4888,金児 隆太,117期,群馬,長野,38,B1,,0,0,0.19,6.01,44.8,58.9,5.81,31.2,62.5,0,17,31.7,50.7,0,71,35.9,60.9,11,2,1,1,0.14,1,,,,,,3,6,6,0.14,2,11,4,4,0.28,4,3,3,3,0.11,2,,,,,,6,5,5,0.08,1,12,2,2,0.13,6,3,1,1,0.14,1,12,6,6,0.14,5,,,,,,,,,,,,,,,,,,,,,3931,黒崎 竜也,81期,三重,三重,50,A2,賞除,1,0,0.15,6.27,42.0,62.0,4.53,29.4,47.0,0,20,40.3,54.3,0,66,29.3,51.7,3,,,,,,10,6,6,0.24,4,7,3,3,0.26,3,11,2,2,0.08,3,,,,,,10,1,1,0.09,1,4,3,3,0.01,F,11,4,4,0.21,3,,,,,,7,6,6,0.14,3,,,,,,,,,,,,,,,,,,,,
202609110308,2026-09-11,03,08R,3857,阿波 勝哉,79期,東京,東京,53,B1,,0,0,0.21,4.8,27.3,45.2,4.43,28.5,28.5,0,30,52.4,73.7,0,61,43.1,67.2,,3,6,6,0.13,5,11,4,4,0.22,4,3,1,1,0.21,4,,,,,,4,2,2,0.13,2,8,3,3,0.25,6,3,4,4,0.21,1,,,,,,1,5,5,0.18,2,10,2,2,0.22,3,,,,,,,,,,,,,,,,,,,,,4407,鹿島 敏弘,99期,群馬,青森,40,B1,,0,0,0.18,4.66,24.5,44.1,5.31,34.4,54.4,0,45,30.6,51.6,0,29,44.0,66.1,,4,6,6,0.25,6,9,2,2,0.13,3,1,3,3,0.18,4,,,,,,6,1,1,0.03,3,10,4,4,0.11,6,,,,,,9,5,5,0.17,4,1,3,3,0.18,4,9,5,5,0.08,2,,,,,,,,,,,,,,,,,,,,,5378,鈴木 結平太,135期,静岡,愛知,22,B2,,1,0,0.21,1.67,0.0,3.5,1.43,0.0,0.0,0,68,37.7,50.8,0,33,28.5,46.0,3,1,6,6,0.36,6,,,,,,1,4,4,0.25,6,8,1,1,0.16,1,4,3,3,0.16,6,,,,,,1,2,2,0.12,6,11,5,5,0.24,5,,,,,,8,6,6,0.27,6,,,,,,,,,,,,,,,,,,,,,4173,岡谷 健吾,90期,広島,広島,43,B1,,0,0,0.17,5.39,33.6,51.0,0.0,0.0,0.0,0,51,27.6,36.9,0,70,25.4,34.9,4,6,6,6,0.32,6,11,2,2,0.18,6,,,,,,8,3,3,0.16,6,2,4,4,0.15,5,6,5,5,0.16,5,4,1,1,0.03,1,,,,,,4,3,3,0.21,2,9,6,6,0.11,4,,,,,,,,,,,,,,,,,,,,,3685,荒井 輝年,73期,岡山,岡山,52,A2,賞除,2,0,0.15,6.28,47.4,62.8,5.82,43.6,56.3,0,66,25.8,43.5,0,69,21.8,50.0,4,,,,,,8,1,1,0.03,F,2,6,6,0.39,6,8,5,5,0.23,4,4,6,6,0.36,5,,,,,,2,6,6,0.13,3,7,5,5,0.21,5,3,6,6,0.16,3,8,5,5,0.25,4,,,,,,,,,,,,,,,,,,,,,4189,川上 剛,91期,福岡,福岡,45,A1,,1,0,0.16,5.63,32.4,52.2,5.88,37.5,50.0,0,28,38.6,64.9,0,11,17.2,37.9,,,,,,,9,1,1,0.11,1,3,3,3,0.21,1,10,6,6,0.29,4,5,4,4,0.22,3,12,2,2,0.56,5,,,,,,10,3,3,0.14,不,4,5,5,0.21,3,10,1,1,0.21,5,,,,,,,,,,,,,,,,,,,,
202609110309,2026-09-11,03,09R,3303,渡辺 豊,60期,東京,神奈川,58,B1,,0,0,0.2,4.35,18.6,34.5,6.13,42.1,65.0,0,11,19.6,32.7,0,37,29.8,49.1,1,4,4,4,0.28,4,,,,,,4,3,3,0.24,2,11,5,5,0.32,6,1,1,1,0.14,2,,,,,,6,3,3,0.17,6,11,2,2,0.17,4,2,5,5,0.28,4,,,,,,,,,,,,,,,,,,,,,,,,,,3655,本橋 克洋,72期,群馬,群馬,52,B1,,1,0,0.17,4.78,22.7,46.5,6.35,44.1,76.4,0,23,37.7,52.4,0,64,46.5,63.7,4,,,,,,7,3,3,0.34,4,4,6,6,0.24,5,10,5,5,0.25,6,5,2,2,0.19,4,,,,,,3,1,1,0.11,2,9,4,4,0.17,6,,,,,,8,4,4,0.21,3,,,,,,,,,,,,,,,,,,,,,5087,佐藤 航,124期,埼玉,埼玉,26,A1,,1,0,0.15,6.34,51.3,66.0,5.82,35.2,58.8,0,15,27.8,44.2,0,59,26.5,46.8,5,,,,,,10,1,1,0.27,3,6,5,5,0.21,2,12,2,2,0.14,転,,,,,,7,3,3,0.25,2,4,2,2,0.03,4,12,6,6,0.2,5,,,,,,9,4,4,0.04,1,,,,,,,,,,,,,,,,,,,,,4640,山ノ内 雅人,107期,福岡,福岡,35,A2,,1,0,0.14,5.84,37.1,61.1,7.0,50.0,66.6,0,22,32.2,40.6,0,35,26.9,42.8,3,,,,,,10,3,3,0.3,6,2,5,5,0.38,2,10,2,2,0.16,5,,,,,,9,1,1,0.06,1,6,6,6,0.19,4,10,4,4,0.17,5,6,2,2,0.21,4,,,,,,,,,,,,,,,,,,,,,,,,,,5053,山口 広樹,123期,福岡,福岡,30,B1,,1,0,0.17,3.8,19.7,33.3,5.03,33.3,50.0,0,10,38.7,51.6,0,26,38.3,58.3,2,6,4,4,0.16,5,,,,,,1,2,2,0.19,5,9,5,5,0.11,5,5,1,1,0.17,2,,,,,,7,3,3,0.06,転,11,6,6,0.28,6,1,4,4,0.15,5,,,,,,,,,,,,,,,,,,,,,,,,,,4880,澤崎 雄哉,116期,東京,東京,31,B1,,0,0,0.17,5.39,34.0,56.8,5.5,34.2,53.9,0,59,35.9,48.4,0,40,38.1,55.5,5,1,1,1,0.17,2,10,5,5,0.2,2,,,,,,8,4,4,0.12,3,5,3,3,0.22,6,9,2,2,0.06,3,2,5,5,0.09,5,12,3,3,0.14,3,,,,,,7,2,2,0.22,4,,,,,,,,,,,,,,,,,,,,
202609110310,2026-09-11,03,10R,4598,加藤 政彦,106期,東京,東京,42,B1,,0,0,0.16,6.09,47.6,59.8,6.39,48.0,64.4,0,71,43.5,66.1,0,39,45.9,59.0,2,,,,,,7,1,1,0.29,1,2,2,2,0.35,5,11,3,3,0.09,1,,,,,,8,4,4,0.14,2,4,4,4,0.07,2,10,5,5,0.13,1,6,4,4,0.04,1,12,3,3,0.07,4,,,,,,,,,,,,,,,,,,,,,3944,山口 裕二,81期,長崎,佐賀,47,A1,,1,0,0.17,6.03,40.0,62.8,5.89,44.4,66.6,0,58,22.0,44.0,0,19,36.0,57.3,5,4,3,3,0.19,2,11,1,1,0.18,1,,,,,,11,6,6,0.39,5,3,4,4,0.13,5,11,2,2,0.2,2,5,3,3,0.11,1,9,2,2,0.05,2,4,1,1,0.28,5,11,6,6,0.18,5,,,,,,,,,,,,,,,,,,,,,4000,松本 博昭,84期,広島,広島,49,A2,,0,0,0.17,5.99,40.7,62.3,5.34,31.5,44.7,0,38,28.5,41.0,0,49,40.3,52.6,4,2,2,2,0.14,2,8,5,5,0.17,2,6,3,3,0.24,1,,,,,,6,4,4,0.13,4,12,6,6,0.28,3,6,1,1,0.17,2,,,,,,8,3,3,0.12,1,12,4,4,0.19,6,,,,,,,,,,,,,,,,,,,,,3664,鈴木 賢一,73期,埼玉,埼玉,56,B1,,0,0,0.17,4.5,29.4,41.1,0.0,0.0,0.0,0,65,43.3,53.3,0,12,31.6,50.0,1,2,6,6,0.11,4,,,,,,2,3,3,0.36,4,12,5,5,0.18,4,,,,,,8,2,2,0.25,1,1,4,4,0.14,3,7,1,1,0.16,1,5,1,1,0.05,2,,,,,,,,,,,,,,,,,,,,,,,,,,5138,村本 大成,126期,福岡,福岡,26,B1,,0,0,0.19,3.73,12.7,34.9,4.0,7.6,38.4,0,37,41.3,60.3,0,63,37.5,51.5,3,3,3,3,0.18,6,8,6,6,0.19,1,,,,,,9,2,2,0.13,3,4,1,1,0.12,1,12,5,5,0.23,4,5,4,4,0.13,4,,,,,,2,3,3,0.26,3,7,1,1,0.16,2,,,,,,,,,,,,,,,,,,,,,3850,小川 知行,79期,群馬,群馬,54,B1,,0,0,0.14,4.3,22.9,35.4,4.53,23.2,42.4,0,62,47.4,67.8,0,16,46.0,60.3,6,1,5,5,0.15,4,6,2,2,0.13,1,5,3,3,0.16,3,,,,,,4,4,4,0.12,3,11,6,6,0.11,4,2,1,1,0.04,1,6,2,2,0.21,3,6,1,1,0.1,6,,,,,,,,,,,,,,,,,,,,,,,,,
202609110311,2026-09-11,03,11R,4427,秦 英悟,100期,大阪,大阪,40,A1,,0,0,0.14,7.27,59.2,73.4,7.33,60.0,73.3,0,40,16.1,32.2,0,21,30.1,49.2,3,3,2,2,0.16,3,12,6,6,0.13,4,,,,,,11,1,1,0.1,2,4,5,5,0.26,4,9,4,4,0.1,2,,,,,,10,1,1,0.11,2,2,2,2,0.26,1,11,5,5,0.15,4,,,,,,,,,,,,,,,,,,,,,4888,金児 隆太,117期,群馬,長野,38,B1,,0,0,0.19,6.01,44.8,58.9,5.81,31.2,62.5,0,17,31.7,50.7,0,71,35.9,60.9,7,2,1,1,0.14,1,,,,,,3,6,6,0.14,2,11,4,4,0.28,4,3,3,3,0.11,2,,,,,,6,5,5,0.08,1,12,2,2,0.13,6,3,1,1,0.14,1,12,6,6,0.14,5,,,,,,,,,,,,,,,,,,,,,4438,森作 雄大,100期,東京,茨城,40,B1,,0,0,0.13,5.26,38.7,45.9,5.34,36.0,49.1,0,67,22.9,39.3,0,57,25.4,45.7,6,,,,,,8,4,4,0.09,3,5,5,5,0.23,4,12,3,3,0.08,1,6,2,2,0.11,1,,,,,,1,1,1,0.06,1,8,3,3,0.19,4,5,4,4,0.05,3,11,3,3,0.11,6,,,,,,,,,,,,,,,,,,,,,4623,中北 将史,107期,三重,三重,41,B1,,0,0,0.16,5.01,34.6,44.5,4.31,21.8,37.5,0,52,40.3,53.2,0,48,27.8,42.6,4,1,3,3,0.18,1,7,4,4,0.22,2,6,1,1,0.21,エ,,,,,,1,6,6,0.28,3,10,5,5,0.13,3,,,,,,8,2,2,0.19,1,3,3,3,0.07,2,9,1,1,0.24,3,,,,,,,,,,,,,,,,,,,,,5279,石渡 翔一郎,131期,東京,千葉,23,B1,,0,0,0.16,5.89,40.0,63.0,5.59,39.4,57.2,0,18,30.1,47.6,0,52,32.7,46.5,5,4,2,2,0.14,1,,,,,,1,1,1,0.26,2,10,4,4,0.18,2,,,,,,9,3,3,0.02,4,1,3,3,0.11,5,5,5,5,0.12,5,1,1,1,0.15,1,,,,,,,,,,,,,,,,,,,,,,,,,,4142,平野 和明,89期,愛知,愛知,45,A2,,0,0,0.18,5.63,34.6,56.4,5.9,39.0,60.9,0,64,45.1,64.5,0,27,59.6,70.9,2,,,,,,7,5,5,0.19,3,3,4,4,0.19,3,9,3,3,0.13,4,,,,,,11,1,1,0.14,3,2,2,2,0.06,2,9,6,6,0.19,5,2,1,1,0.24,2,,,,,,,,,,,,,,,,,,,,,,,,,
202609110312,2026-09-11,03,12R,3256,三角 哲男,58期,東京,千葉,59,A1,,0,0,0.15,6.56,50.9,69.0,6.46,48.0,70.0,0,56,45.1,66.1,0,68,23.3,33.3,,6,5,5,0.18,3,12,1,1,0.19,5,,,,,,9,6,6,0.07,1,6,3,3,0.08,2,11,4,4,0.11,1,7,2,2,0.13,2,12,1,1,0.12,1,4,6,6,0.19,1,12,1,1,0.06,1,,,,,,,,,,,,,,,,,,,,,4418,茅原 悠紀,99期,岡山,岡山,39,A1,,0,0,0.13,7.49,50.9,69.0,7.63,56.2,68.7,0,48,22.4,34.4,0,15,24.1,41.3,,5,5,5,0.07,2,12,4,4,0.09,6,,,,,,12,1,1,0.15,2,5,6,6,0.07,1,10,2,2,0.09,2,,,,,,11,1,1,0.08,1,6,6,6,0.06,3,11,1,1,0.08,1,,,,,,,,,,,,,,,,,,,,,4471,新田 泰章,101期,広島,広島,39,A1,,0,0,0.15,6.36,47.2,62.9,6.82,51.5,78.7,0,49,36.0,57.3,0,67,33.3,51.5,,7,2,2,0.32,5,12,5,5,0.09,2,,,,,,8,6,6,0.14,2,7,4,4,0.11,1,12,1,1,0.3,1,,,,,,9,1,1,0.03,1,3,5,5,0.1,4,11,2,2,0.08,2,,,,,,,,,,,,,,,,,,,,,4604,岩瀬 裕亮,106期,愛知,愛知,38,A1,,0,0,0.14,7.37,53.3,67.5,7.06,37.1,74.2,0,13,40.9,65.5,0,60,35.9,45.3,,,,,,,12,3,3,0.05,1,5,2,2,0.15,1,10,1,1,0.12,1,3,5,5,0.15,4,,,,,,3,3,3,0.13,3,8,4,4,0.22,2,7,5,5,0.2,1,12,2,2,0.05,2,,,,,,,,,,,,,,,,,,,,,4661,中島 昂章,108期,佐賀,佐賀,34,A2,,0,0,0.18,5.54,36.0,58.2,6.29,28.5,71.4,0,50,15.5,34.4,0,22,26.1,40.0,,5,3,3,0.04,1,11,6,6,0.28,2,5,1,1,0.11,2,,,,,,2,2,2,0.08,1,9,5,5,0.16,5,,,,,,12,4,4,0.17,4,7,3,3,0.21,6,11,4,4,0.13,3,,,,,,,,,,,,,,,,,,,,,4452,松尾 祭,100期,香川,愛媛,38,A2,,0,0,0.17,5.17,33.9,45.8,6.43,46.9,67.3,0,69,40.6,49.1,0,62,30.0,48.3,,,,,,,11,5,5,0.2,3,4,4,4,0.23,3,9,1,1,0.17,2,,,,,,8,6,6,0.18,3,5,2,2,0.11,2,11,3,3,0.15,2,5,2,2,0.05,1,12,5,5,0.13,3,,,,,,,,,,,,,,,,,,,,
202609110501,2026-09-11,05,01R,3772,一柳 和孝,76期,埼玉,埼玉,52,B1,,0,0,0.16,4.86,22.7,46.8,5.17,30.4,45.6,0,66,35.5,51.1,0,65,19.4,28.3,11,2,2,2,0.22,4,10,6,6,0.16,5,,,,,,7,5,5,0.02,3,,,,,,,,,,,,,,,,,,,,,,,,,,,,,,,,,,,,,,,,,,,,,,,,,,,3947,寺本 昇平,82期,群馬,神奈川,50,B1,,0,0,0.19,4.34,20.0,35.5,4.4,14.2,37.1,0,35,17.8,32.8,0,69,44.9,57.1,8,,,,,,8,4,5,0.12,5,3,3,3,0.24,4,10,4,4,0.13,3,,,,,,,,,,,,,,,,,,,,,,,,,,,,,,,,,,,,,,,,,,,,,,,,,,,3641,一瀬 明,72期,東京,神奈川,55,A1,,0,0,0.17,6.03,41.8,60.6,6.28,40.7,64.4,0,20,35.0,55.6,0,43,25.6,54.8,6,4,2,2,0.44,5,11,4,4,0.07,2,1,5,5,0.18,5,11,1,1,0.2,1,,,,,,,,,,,,,,,,,,,,,,,,,,,,,,,,,,,,,,,,,,,,,,,,,,,4210,松村 康太,91期,福井,福井,43,A2,,0,0,0.17,5.3,27.5,50.4,5.11,26.3,47.3,0,57,48.3,69.2,0,77,39.3,56.5,9,,,,,,9,2,2,0.07,5,5,1,1,0.09,1,11,5,5,0.14,3,,,,,,,,,,,,,,,,,,,,,,,,,,,,,,,,,,,,,,,,,,,,,,,,,,,3463,乙津 康志,66期,東京,東京,59,B1,,0,0,0.19,4.54,24.4,46.6,4.79,23.0,42.3,0,39,32.9,47.2,0,57,26.5,34.1,5,3,2,2,0.23,6,10,3,3,0.16,3,4,1,1,0.1,6,,,,,,,,,,,,,,,,,,,,,,,,,,,,,,,,,,,,,,,,,,,,,,,,,,,,,,,,3977,山本 兼士,83期,大阪,大阪,49,B1,,0,0,0.18,4.3,15.6,37.5,4.75,25.0,44.4,0,24,21.6,36.1,0,39,25.9,61.0,7,5,4,4,0.26,5,,,,,,2,1,1,0.17,6,,,,,,,,,,,,,,,,,,,,,,,,,,,,,,,,,,,,,,,,,,,,,,,,,,,,,,,
202609110502,2026-09-11,05,02R,4281,大澤 大夢,94期,埼玉,埼玉,42,B1,,0,0,0.17,5.27,30.2,51.0,4.75,25.0,46.1,0,48,21.0,42.1,0,66,53.5,68.6,6,3,4,4,0.15,4,9,6,6,0.05,6,,,,,,8,5,5,0.07,6,,,,,,,,,,,,,,,,,,,,,,,,,,,,,,,,,,,,,,,,,,,,,,,,,,,4031,飯島 誠,85期,埼玉,埼玉,48,B1,,0,0,0.17,4.85,28.0,46.0,3.76,14.2,26.5,0,31,38.5,52.0,0,56,37.3,48.4,8,5,1,1,0.22,2,,,,,,6,5,5,0.08,4,11,6,6,0.14,6,,,,,,,,,,,,,,,,,,,,,,,,,,,,,,,,,,,,,,,,,,,,,,,,,,,3740,大澤 普司,75期,群馬,群馬,52,A1,,0,0,0.18,6.08,40.4,61.1,5.04,21.7,47.8,0,43,31.9,48.9,0,83,34.0,54.0,9,2,6,6,0.16,5,12,4,4,0.19,4,7,2,2,0.09,2,12,1,1,0.14,3,,,,,,,,,,,,,,,,,,,,,,,,,,,,,,,,,,,,,,,,,,,,,,,,,,,3965,北中 元樹,82期,滋賀,滋賀,47,A1,賞除,1,0,0.17,5.82,40.3,55.2,6.23,50.0,65.3,0,19,33.7,46.9,0,29,43.6,62.7,7,6,5,5,0.22,2,10,1,1,0.07,1,6,3,3,0.11,6,12,6,6,0.01,F,,,,,,,,,,,,,,,,,,,,,,,,,,,,,,,,,,,,,,,,,,,,,,,,,,,3713,伊藤 誠二,74期,愛知,愛知,51,A1,,1,0,0.15,5.02,35.1,45.7,5.74,37.1,57.1,0,59,25.9,37.0,0,59,33.3,47.4,10,5,3,3,0.22,6,10,5,5,0.15,6,4,4,4,0.17,3,8,2,2,0.11,3,,,,,,,,,,,,,,,,,,,,,,,,,,,,,,,,,,,,,,,,,,,,,,,,,,,4465,大西 賢,101期,東京,茨城,40,B1,,0,0,0.2,4.71,21.5,41.5,3.78,12.2,26.8,0,51,35.6,58.4,0,71,25.0,39.2,,,,,,,7,4,3,0.08,4,1,1,1,0.08,1,9,3,3,0.17,4,,,,,,,,,,,,,,,,,,,,,,,,,,,,,,,,,,,,,,,,,,,,,,,,,,
202609110503,2026-09-11,05,03R,3934,鋤柄 貴俊,81期,愛知,愛知,49,B1,,0,0,0.17,5.03,23.7,48.3,3.94,17.6,29.4,0,64,32.5,48.8,0,68,28.0,48.3,,1,5,6,0.12,4,8,5,4,0.12,2,1,2,2,0.12,2,10,6,5,0.13,5,,,,,,,,,,,,,,,,,,,,,,,,,,,,,,,,,,,,,,,,,,,,,,,,,,,4146,柳橋 宏紀,89期,滋賀,京都,44,A2,,0,0,0.14,4.94,27.9,44.0,4.5,12.5,50.0,0,56,34.3,44.7,0,34,21.4,40.4,11,,,,,,8,3,3,0.16,4,4,5,5,0.15,5,9,1,1,0.12,1,,,,,,,,,,,,,,,,,,,,,,,,,,,,,,,,,,,,,,,,,,,,,,,,,,,5103,芝田 京介,125期,埼玉,埼玉,28,B2,,0,0,0.2,4.04,26.0,32.0,2.65,5.0,25.0,0,34,30.8,47.8,0,28,26.5,40.9,7,1,2,2,0.34,5,,,,,,,,,,,9,5,5,0.19,6,,,,,,,,,,,,,,,,,,,,,,,,,,,,,,,,,,,,,,,,,,,,,,,,,,,3997,北村 征嗣,83期,大阪,大阪,47,A1,,0,0,0.16,6.02,38.2,60.1,6.1,28.5,66.6,0,62,29.4,47.3,0,24,30.6,42.8,10,3,5,6,0.18,2,12,3,3,0.14,3,4,2,2,0.1,2,10,1,1,0.1,1,,,,,,,,,,,,,,,,,,,,,,,,,,,,,,,,,,,,,,,,,,,,,,,,,,,4035,杉江 浩明,85期,愛知,愛知,47,B1,,0,0,0.21,3.59,21.0,32.0,3.29,19.3,22.5,0,38,22.2,32.1,0,44,25.9,48.1,7,,,,,,11,2,2,0.11,6,5,3,3,0.13,6,,,,,,,,,,,,,,,,,,,,,,,,,,,,,,,,,,,,,,,,,,,,,,,,,,,,,,,,4420,津久井 拓也,99期,群馬,栃木,38,A2,,0,0,0.16,5.77,39.5,53.7,5.09,28.5,48.5,0,30,30.2,48.6,0,54,28.8,47.7,9,1,6,5,0.16,3,10,4,4,0.21,2,,,,,,8,1,1,0.14,1,,,,,,,,,,,,,,,,,,,,,,,,,,,,,,,,,,,,,,,,,,,,,,,,,,
202609110504,2026-09-11,05,04R,3990,芹澤 克彦,83期,静岡,静岡,47,B1,,1,0,0.14,5.07,28.2,46.4,3.38,12.5,12.5,0,58,34.5,54.3,0,73,26.5,48.1,,1,3,3,0.22,2,6,6,6,0.32,4,5,4,4,0.09,5,,,,,,,,,,,,,,,,,,,,,,,,,,,,,,,,,,,,,,,,,,,,,,,,,,,,,,,,3792,田中 豪,77期,東京,東京,53,A1,,0,0,0.16,6.07,41.9,64.2,6.17,43.9,69.5,0,70,32.5,47.6,0,82,29.9,43.3,11,5,2,2,0.25,3,12,1,1,0.13,2,3,4,4,0.17,2,8,3,3,0.12,2,,,,,,,,,,,,,,,,,,,,,,,,,,,,,,,,,,,,,,,,,,,,,,,,,,,4565,西村 豪洋,105期,愛知,愛知,38,B1,,0,0,0.18,4.04,14.5,32.2,6.17,38.8,66.6,0,73,23.2,39.5,0,72,37.8,55.7,8,2,5,4,0.13,6,,,,,,6,2,2,0.12,2,,,,,,,,,,,,,,,,,,,,,,,,,,,,,,,,,,,,,,,,,,,,,,,,,,,,,,,,3813,佐藤 大介,77期,愛知,愛知,50,A1,,0,0,0.16,6.55,44.9,70.4,6.53,52.9,70.5,0,40,31.7,48.7,0,70,25.8,47.0,12,6,2,2,0.29,5,12,5,5,0.19,5,2,4,4,0.25,3,11,3,3,0.16,2,,,,,,,,,,,,,,,,,,,,,,,,,,,,,,,,,,,,,,,,,,,,,,,,,,,4656,大崎 翔,108期,兵庫,兵庫,39,A2,,0,0,0.16,4.84,31.1,46.2,5.34,34.2,51.4,0,22,21.4,38.1,0,22,30.8,45.5,10,1,4,4,0.13,1,7,1,1,0.13,2,,,,,,12,2,2,0.13,1,,,,,,,,,,,,,,,,,,,,,,,,,,,,,,,,,,,,,,,,,,,,,,,,,,,5433,米本 圭佑,137期,東京,東京,21,B2,,0,0,0.24,2.16,2.9,7.4,1.17,0.0,0.0,0,21,37.2,54.6,0,25,34.4,55.5,9,6,4,4,0.28,6,,,,,,,,,,,8,6,6,0.04,5,,,,,,,,,,,,,,,,,,,,,,,,,,,,,,,,,,,,,,,,,,,,,,,,,,
202609110505,2026-09-11,05,05R,3519,冨田 秀幸,68期,愛知,愛知,58,B1,,1,0,0.16,3.91,16.2,29.7,3.98,20.0,35.0,0,60,26.6,42.2,0,50,36.4,52.0,,,,,,,9,4,4,0.04,4,1,6,6,0.19,6,7,3,3,0.05,4,,,,,,,,,,,,,,,,,,,,,,,,,,,,,,,,,,,,,,,,,,,,,,,,,,,5262,鈴木 章司,131期,愛知,愛知,28,B1,,1,0,0.19,4.03,17.4,31.7,3.76,8.0,28.0,0,49,42.5,61.1,0,80,34.8,46.0,,3,1,1,0.23,1,7,5,4,0.14,5,6,6,6,0.18,5,,,,,,,,,,,,,,,,,,,,,,,,,,,,,,,,,,,,,,,,,,,,,,,,,,,,,,,,4587,木田 峰由季,105期,福井,石川,35,A1,,1,0,0.17,5.77,43.6,55.1,5.44,29.6,59.2,0,33,21.5,37.5,0,67,28.5,42.8,12,5,5,5,0.26,1,11,1,1,0.08,1,6,4,4,0.11,3,10,5,6,0.12,6,,,,,,,,,,,,,,,,,,,,,,,,,,,,,,,,,,,,,,,,,,,,,,,,,,,4645,上村 純一,108期,群馬,千葉,46,A1,,0,0,0.14,6.56,45.1,68.1,7.03,50.0,68.4,0,26,28.2,43.5,0,81,27.0,41.6,11,4,3,3,0.27,3,12,6,6,0.19,6,5,5,5,0.11,3,9,2,2,0.13,3,,,,,,,,,,,,,,,,,,,,,,,,,,,,,,,,,,,,,,,,,,,,,,,,,,,3647,伊藤 雄二,72期,埼玉,埼玉,53,B1,,0,0,0.18,3.33,10.5,23.1,3.81,16.1,25.8,0,47,29.0,46.5,0,49,35.1,54.2,10,,,,,,8,2,2,0.07,3,1,3,3,0.09,4,,,,,,,,,,,,,,,,,,,,,,,,,,,,,,,,,,,,,,,,,,,,,,,,,,,,,,,,3463,乙津 康志,66期,東京,東京,59,B1,,0,0,0.19,4.54,24.4,46.6,4.79,23.0,42.3,0,39,32.9,47.2,0,57,26.5,34.1,1,3,2,2,0.23,6,10,3,3,0.16,3,4,1,1,0.1,6,,,,,,,,,,,,,,,,,,,,,,,,,,,,,,,,,,,,,,,,,,,,,,,,,,,,,,,
202609110506,2026-09-11,05,06R,3489,大場 敏,67期,静岡,静岡,59,A2,,0,0,0.16,6.02,45.0,58.0,5.55,28.5,50.0,0,65,35.1,50.5,0,84,24.7,41.1,12,4,6,6,0.11,4,10,2,2,0.12,4,3,5,5,0.11,5,,,,,,,,,,,,,,,,,,,,,,,,,,,,,,,,,,,,,,,,,,,,,,,,,,,,,,,,4281,大澤 大夢,94期,埼玉,埼玉,42,B1,,0,0,0.17,5.27,30.2,51.0,4.75,25.0,46.1,0,48,21.0,42.1,0,66,53.5,68.6,2,3,4,4,0.15,4,9,6,6,0.05,6,,,,,,8,5,5,0.07,6,,,,,,,,,,,,,,,,,,,,,,,,,,,,,,,,,,,,,,,,,,,,,,,,,,,2538,高橋 二朗,32期,東京,千葉,77,B1,,0,0,0.21,3.27,5.5,17.7,3.76,12.8,25.7,0,16,23.7,36.0,0,23,30.2,45.8,,1,1,1,0.26,6,,,,,,2,6,6,0.21,5,9,4,4,0.24,5,,,,,,,,,,,,,,,,,,,,,,,,,,,,,,,,,,,,,,,,,,,,,,,,,,,4376,藤田 靖弘,98期,静岡,静岡,42,A2,,0,0,0.15,5.66,41.1,54.6,6.3,43.4,60.8,0,29,22.7,40.9,0,26,48.0,63.0,10,3,6,5,0.19,3,11,6,6,0.11,3,,,,,,7,1,1,0.07,1,,,,,,,,,,,,,,,,,,,,,,,,,,,,,,,,,,,,,,,,,,,,,,,,,,,3641,一瀬 明,72期,東京,神奈川,55,A1,,0,0,0.17,6.03,41.8,60.6,6.28,40.7,64.4,0,20,35.0,55.6,0,43,25.6,54.8,1,4,2,2,0.44,5,11,4,4,0.07,2,1,5,5,0.18,5,11,1,1,0.2,1,,,,,,,,,,,,,,,,,,,,,,,,,,,,,,,,,,,,,,,,,,,,,,,,,,,3848,川上 聡介,78期,愛知,愛知,49,B1,,0,0,0.15,4.46,25.6,39.0,4.91,40.0,48.5,0,25,28.4,43.1,0,42,35.6,56.3,11,4,1,1,0.26,6,,,,,,,,,,,8,4,4,0.1,4,,,,,,,,,,,,,,,,,,,,,,,,,,,,,,,,,,,,,,,,,,,,,,,,,,
202609110507,2026-09-11,05,07R,4227,安達 裕樹,92期,三重,三重,43,A2,,1,0,0.16,5.82,32.2,50.0,5.33,28.2,54.3,0,52,32.9,51.2,0,47,38.1,47.4,,2,4,3,0.11,1,9,5,5,0.03,3,3,2,2,0.25,3,9,6,6,0.21,2,,,,,,,,,,,,,,,,,,,,,,,,,,,,,,,,,,,,,,,,,,,,,,,,,,,3965,北中 元樹,82期,滋賀,滋賀,47,A1,賞除,1,0,0.17,5.82,40.3,55.2,6.23,50.0,65.3,0,19,33.7,46.9,0,29,43.6,62.7,2,6,5,5,0.22,2,10,1,1,0.07,1,6,3,3,0.11,6,12,6,6,0.01,F,,,,,,,,,,,,,,,,,,,,,,,,,,,,,,,,,,,,,,,,,,,,,,,,,,,3977,山本 兼士,83期,大阪,大阪,49,B1,,0,0,0.18,4.3,15.6,37.5,4.75,25.0,44.4,0,24,21.6,36.1,0,39,25.9,61.0,1,5,4,4,0.26,5,,,,,,2,1,1,0.17,6,,,,,,,,,,,,,,,,,,,,,,,,,,,,,,,,,,,,,,,,,,,,,,,,,,,,,,,,4035,杉江 浩明,85期,愛知,愛知,47,B1,,0,0,0.21,3.59,21.0,32.0,3.29,19.3,22.5,0,38,22.2,32.1,0,44,25.9,48.1,3,,,,,,11,2,2,0.11,6,5,3,3,0.13,6,,,,,,,,,,,,,,,,,,,,,,,,,,,,,,,,,,,,,,,,,,,,,,,,,,,,,,,,4430,永田 秀二,100期,東京,東京,40,A2,,0,0,0.17,5.85,37.5,60.7,5.73,39.2,58.9,0,23,32.4,49.3,0,35,30.3,51.6,11,3,3,3,0.15,5,8,1,1,0.11,1,,,,,,11,4,4,0.16,4,,,,,,,,,,,,,,,,,,,,,,,,,,,,,,,,,,,,,,,,,,,,,,,,,,,5103,芝田 京介,125期,埼玉,埼玉,28,B2,,0,0,0.2,4.04,26.0,32.0,2.65,5.0,25.0,0,34,30.8,47.8,0,28,26.5,40.9,3,1,2,2,0.34,5,,,,,,,,,,,9,5,5,0.19,6,,,,,,,,,,,,,,,,,,,,,,,,,,,,,,,,,,,,,,,,,,,,,,,,,,
202609110508,2026-09-11,05,08R,3947,寺本 昇平,82期,群馬,神奈川,50,B1,,0,0,0.19,4.34,20.0,35.5,4.4,14.2,37.1,0,35,17.8,32.8,0,69,44.9,57.1,1,,,,,,8,4,5,0.12,5,3,3,3,0.24,4,10,4,4,0.13,3,,,,,,,,,,,,,,,,,,,,,,,,,,,,,,,,,,,,,,,,,,,,,,,,,,,4470,平田 健之佑,101期,三重,三重,39,A2,,0,0,0.15,6.46,50.0,65.8,6.87,56.6,69.8,0,53,32.5,51.6,0,79,39.3,52.1,,6,1,1,0.16,1,11,5,5,0.09,5,5,6,6,0.09,4,10,3,3,0.18,4,,,,,,,,,,,,,,,,,,,,,,,,,,,,,,,,,,,,,,,,,,,,,,,,,,,5042,畑田 汰一,122期,埼玉,東京,27,A1,,2,0,0.12,6.61,53.1,68.0,5.07,22.2,48.1,0,11,34.0,47.4,0,31,30.6,50.0,12,7,6,5,0.23,6,12,2,2,0.17,1,1,4,4,0.21,3,6,1,1,0.12,1,,,,,,,,,,,,,,,,,,,,,,,,,,,,,,,,,,,,,,,,,,,,,,,,,,,4031,飯島 誠,85期,埼玉,埼玉,48,B1,,0,0,0.17,4.85,28.0,46.0,3.76,14.2,26.5,0,31,38.5,52.0,0,56,37.3,48.4,2,5,1,1,0.22,2,,,,,,6,5,5,0.08,4,11,6,6,0.14,6,,,,,,,,,,,,,,,,,,,,,,,,,,,,,,,,,,,,,,,,,,,,,,,,,,,4565,西村 豪洋,105期,愛知,愛知,38,B1,,0,0,0.18,4.04,14.5,32.2,6.17,38.8,66.6,0,73,23.2,39.5,0,72,37.8,55.7,4,2,5,4,0.13,6,,,,,,6,2,2,0.12,2,,,,,,,,,,,,,,,,,,,,,,,,,,,,,,,,,,,,,,,,,,,,,,,,,,,,,,,,5449,堀井 涼平,138期,東京,長野,23,B2,,1,0,0.0,1.45,5.2,5.2,1.0,0.0,0.0,0,45,37.0,56.0,0,63,23.8,35.7,,,,,,,8,6,6,0.1,6,3,6,6,0.29,6,7,6,6,0.02,6,,,,,,,,,,,,,,,,,,,,,,,,,,,,,,,,,,,,,,,,,,,,,,,,,,
202609110509,2026-09-11,05,09R,3582,吉川 昭男,70期,滋賀,滋賀,53,A2,,0,0,0.17,6.25,47.5,59.2,6.67,58.9,71.7,0,50,37.3,59.8,0,52,40.4,57.5,,2,3,5,0.19,2,7,3,6,0.12,3,2,3,3,0.22,2,10,2,2,0.16,2,,,,,,,,,,,,,,,,,,,,,,,,,,,,,,,,,,,,,,,,,,,,,,,,,,,4420,津久井 拓也,99期,群馬,栃木,38,A2,,0,0,0.16,5.77,39.5,53.7,5.09,28.5,48.5,0,30,30.2,48.6,0,54,28.8,47.7,3,1,6,5,0.16,3,10,4,4,0.21,2,,,,,,8,1,1,0.14,1,,,,,,,,,,,,,,,,,,,,,,,,,,,,,,,,,,,,,,,,,,,,,,,,,,,4619,伏田 裕隆,107期,東京,千葉,43,B1,,0,0,0.17,5.64,41.9,53.3,5.1,37.9,51.7,0,63,38.6,45.2,0,58,21.9,39.7,,2,1,1,0.14,3,11,3,3,0.07,4,4,6,6,0.09,1,,,,,,,,,,,,,,,,,,,,,,,,,,,,,,,,,,,,,,,,,,,,,,,,,,,,,,,,3740,大澤 普司,75期,群馬,群馬,52,A1,,0,0,0.18,6.08,40.4,61.1,5.04,21.7,47.8,0,43,31.9,48.9,0,83,34.0,54.0,2,2,6,6,0.16,5,12,4,4,0.19,4,7,2,2,0.09,2,12,1,1,0.14,3,,,,,,,,,,,,,,,,,,,,,,,,,,,,,,,,,,,,,,,,,,,,,,,,,,,5433,米本 圭佑,137期,東京,東京,21,B2,,0,0,0.24,2.16,2.9,7.4,1.17,0.0,0.0,0,21,37.2,54.6,0,25,34.4,55.5,4,6,4,4,0.28,6,,,,,,,,,,,8,6,6,0.04,5,,,,,,,,,,,,,,,,,,,,,,,,,,,,,,,,,,,,,,,,,,,,,,,,,,,4210,松村 康太,91期,福井,福井,43,A2,,0,0,0.17,5.3,27.5,50.4,5.11,26.3,47.3,0,57,48.3,69.2,0,77,39.3,56.5,1,,,,,,9,2,2,0.07,5,5,1,1,0.09,1,11,5,5,0.14,3,,,,,,,,,,,,,,,,,,,,,,,,,,,,,,,,,,,,,,,,,,,,,,,,,,
202609110510,2026-09-11,05,10R,3713,伊藤 誠二,74期,愛知,愛知,51,A1,,1,0,0.15,5.02,35.1,45.7,5.74,37.1,57.1,0,59,25.9,37.0,0,59,33.3,47.4,2,5,3,3,0.22,6,10,5,5,0.15,6,4,4,4,0.17,3,8,2,2,0.11,3,,,,,,,,,,,,,,,,,,,,,,,,,,,,,,,,,,,,,,,,,,,,,,,,,,,4376,藤田 靖弘,98期,静岡,静岡,42,A2,,0,0,0.15,5.66,41.1,54.6,6.3,43.4,60.8,0,29,22.7,40.9,0,26,48.0,63.0,6,3,6,5,0.19,3,11,6,6,0.11,3,,,,,,7,1,1,0.07,1,,,,,,,,,,,,,,,,,,,,,,,,,,,,,,,,,,,,,,,,,,,,,,,,,,,4491,田中 堅,102期,群馬,群馬,39,B1,,0,0,0.2,4.32,24.4,40.4,5.0,28.5,48.5,0,15,18.4,35.5,0,41,22.8,33.7,,,,,,,7,2,2,0.17,1,2,5,5,0.26,4,7,4,4,0.09,5,,,,,,,,,,,,,,,,,,,,,,,,,,,,,,,,,,,,,,,,,,,,,,,,,,,3647,伊藤 雄二,72期,埼玉,埼玉,53,B1,,0,0,0.18,3.33,10.5,23.1,3.81,16.1,25.8,0,47,29.0,46.5,0,49,35.1,54.2,5,,,,,,8,2,2,0.07,3,1,3,3,0.09,4,,,,,,,,,,,,,,,,,,,,,,,,,,,,,,,,,,,,,,,,,,,,,,,,,,,,,,,,3997,北村 征嗣,83期,大阪,大阪,47,A1,,0,0,0.16,6.02,38.2,60.1,6.1,28.5,66.6,0,62,29.4,47.3,0,24,30.6,42.8,3,3,5,6,0.18,2,12,3,3,0.14,3,4,2,2,0.1,2,10,1,1,0.1,1,,,,,,,,,,,,,,,,,,,,,,,,,,,,,,,,,,,,,,,,,,,,,,,,,,,4656,大崎 翔,108期,兵庫,兵庫,39,A2,,0,0,0.16,4.84,31.1,46.2,5.34,34.2,51.4,0,22,21.4,38.1,0,22,30.8,45.5,4,1,4,4,0.13,1,7,1,1,0.13,2,,,,,,12,2,2,0.13,1,,,,,,,,,,,,,,,,,,,,,,,,,,,,,,,,,,,,,,,,,,,,,,,,,,
202609110511,2026-09-11,05,11R,4645,上村 純一,108期,群馬,千葉,46,A1,,0,0,0.14,6.56,45.1,68.1,7.03,50.0,68.4,0,26,28.2,43.5,0,81,27.0,41.6,5,4,3,3,0.27,3,12,6,6,0.19,6,5,5,5,0.11,3,9,2,2,0.13,3,,,,,,,,,,,,,,,,,,,,,,,,,,,,,,,,,,,,,,,,,,,,,,,,,,,4430,永田 秀二,100期,東京,東京,40,A2,,0,0,0.17,5.85,37.5,60.7,5.73,39.2,58.9,0,23,32.4,49.3,0,35,30.3,51.6,7,3,3,3,0.15,5,8,1,1,0.11,1,,,,,,11,4,4,0.16,4,,,,,,,,,,,,,,,,,,,,,,,,,,,,,,,,,,,,,,,,,,,,,,,,,,,3848,川上 聡介,78期,愛知,愛知,49,B1,,0,0,0.15,4.46,25.6,39.0,4.91,40.0,48.5,0,25,28.4,43.1,0,42,35.6,56.3,6,4,1,1,0.26,6,,,,,,,,,,,8,4,4,0.1,4,,,,,,,,,,,,,,,,,,,,,,,,,,,,,,,,,,,,,,,,,,,,,,,,,,,3772,一柳 和孝,76期,埼玉,埼玉,52,B1,,0,0,0.16,4.86,22.7,46.8,5.17,30.4,45.6,0,66,35.5,51.1,0,65,19.4,28.3,1,2,2,2,0.22,4,10,6,6,0.16,5,,,,,,7,5,5,0.02,3,,,,,,,,,,,,,,,,,,,,,,,,,,,,,,,,,,,,,,,,,,,,,,,,,,,3792,田中 豪,77期,東京,東京,53,A1,,0,0,0.16,6.07,41.9,64.2,6.17,43.9,69.5,0,70,32.5,47.6,0,82,29.9,43.3,4,5,2,2,0.25,3,12,1,1,0.13,2,3,4,4,0.17,2,8,3,3,0.12,2,,,,,,,,,,,,,,,,,,,,,,,,,,,,,,,,,,,,,,,,,,,,,,,,,,,4146,柳橋 宏紀,89期,滋賀,京都,44,A2,,0,0,0.14,4.94,27.9,44.0,4.5,12.5,50.0,0,56,34.3,44.7,0,34,21.4,40.4,3,,,,,,8,3,3,0.16,4,4,5,5,0.15,5,9,1,1,0.12,1,,,,,,,,,,,,,,,,,,,,,,,,,,,,,,,,,,,,,,,,,,,,,,,,,,
202609110512,2026-09-11,05,12R,3813,佐藤 大介,77期,愛知,愛知,50,A1,,0,0,0.16,6.55,44.9,70.4,6.53,52.9,70.5,0,40,31.7,48.7,0,70,25.8,47.0,4,6,2,2,0.29,5,12,5,5,0.19,5,2,4,4,0.25,3,11,3,3,0.16,2,,,,,,,,,,,,,,,,,,,,,,,,,,,,,,,,,,,,,,,,,,,,,,,,,,,4587,木田 峰由季,105期,福井,石川,35,A1,,1,0,0.17,5.77,43.6,55.1,5.44,29.6,59.2,0,33,21.5,37.5,0,67,28.5,42.8,5,5,5,5,0.26,1,11,1,1,0.08,1,6,4,4,0.11,3,10,5,6,0.12,6,,,,,,,,,,,,,,,,,,,,,,,,,,,,,,,,,,,,,,,,,,,,,,,,,,,3489,大場 敏,67期,静岡,静岡,59,A2,,0,0,0.16,6.02,45.0,58.0,5.55,28.5,50.0,0,65,35.1,50.5,0,84,24.7,41.1,6,4,6,6,0.11,4,10,2,2,0.12,4,3,5,5,0.11,5,,,,,,,,,,,,,,,,,,,,,,,,,,,,,,,,,,,,,,,,,,,,,,,,,,,,,,,,4140,梶野 学志,89期,東京,東京,45,A2,,1,0,0.15,6.08,46.7,61.2,5.79,43.9,60.9,0,68,30.0,46.6,0,48,30.9,41.6,,4,5,5,0.14,2,9,1,1,0.08,1,2,2,2,0.23,1,12,3,3,0.13,2,,,,,,,,,,,,,,,,,,,,,,,,,,,,,,,,,,,,,,,,,,,,,,,,,,,3507,藤井 徹,67期,大阪,大阪,55,B1,,0,0,0.2,4.3,24.6,38.3,4.1,20.0,30.0,0,13,28.8,46.3,0,33,33.0,55.0,,4,4,4,0.16,1,,,,,,4,3,3,0.11,4,11,2,2,0.16,5,,,,,,,,,,,,,,,,,,,,,,,,,,,,,,,,,,,,,,,,,,,,,,,,,,,5042,畑田 汰一,122期,埼玉,東京,27,A1,,2,0,0.12,6.61,53.1,68.0,5.07,22.2,48.1,0,11,34.0,47.4,0,31,30.6,50.0,8,7,6,5,0.23,6,12,2,2,0.17,1,1,4,4,0.21,3,6,1,1,0.12,1,,,,,,,,,,,,,,,,,,,,,,,,,,,,,,,,,,,,,,,,,,,,,,,,,,
202609110601,2026-09-11,06,01R,4068,幸田 智裕,86期,静岡,静岡,46,B1,,0,0,0.17,4.74,22.1,46.1,5.07,29.9,47.6,0,48,42.9,57.0,0,66,35.3,54.2,8,,,,,,,,,,,,,,,,,,,,,,,,,,,,,,,,,,,,,,,,,,,,,,,,,,,,,,,,,,,,,,,,,,,,,,,4899,占部 一真,117期,福岡,福岡,34,B1,,0,0,0.16,4.29,26.8,35.3,5.0,37.5,43.7,0,65,21.6,40.5,0,72,34.0,51.3,9,,,,,,,,,,,,,,,,,,,,,,,,,,,,,,,,,,,,,,,,,,,,,,,,,,,,,,,,,,,,,,,,,,,,,,,5369,岡崎 凪汰,135期,長崎,大分,24,B1,,0,0,0.17,3.24,14.4,20.4,0.0,0.0,0.0,0,62,43.4,54.5,0,19,34.2,51.6,7,,,,,,,,,,,,,,,,,,,,,,,,,,,,,,,,,,,,,,,,,,,,,,,,,,,,,,,,,,,,,,,,,,,,,,,4666,日笠 勝弘,109期,大阪,大阪,42,B1,,0,0,0.16,4.02,19.7,33.3,4.77,30.7,42.3,0,14,32.9,55.6,0,33,32.8,53.6,,,,,,,,,,,,,,,,,,,,,,,,,,,,,,,,,,,,,,,,,,,,,,,,,,,,,,,,,,,,,,,,,,,,,,,,3306,武田 正紀,60期,埼玉,東京,58,B1,,0,0,0.16,4.03,20.2,32.9,4.33,11.1,40.7,0,31,30.4,43.9,0,35,36.7,50.9,6,,,,,,,,,,,,,,,,,,,,,,,,,,,,,,,,,,,,,,,,,,,,,,,,,,,,,,,,,,,,,,,,,,,,,,,3392,小森 信雄,64期,三重,三重,61,B1,,0,0,0.21,4.39,18.7,40.6,4.54,26.9,42.3,0,7,36.1,49.0,0,63,36.0,55.4,11,,,,,,,,,,,,,,,,,,,,,,,,,,,,,,,,,,,,,,,,,,,,,,,,,,,,,,,,,,,,,,,,,,,,,,
202609110602,2026-09-11,06,02R,4431,石塚 裕介,100期,三重,三重,40,B1,,0,0,0.18,4.68,29.8,41.5,6.16,47.3,63.1,0,15,27.5,47.5,0,50,33.9,52.0,,,,,,,,,,,,,,,,,,,,,,,,,,,,,,,,,,,,,,,,,,,,,,,,,,,,,,,,,,,,,,,,,,,,,,,,4360,庄司 孝輔,97期,静岡,静岡,41,A2,,0,0,0.18,5.62,33.9,55.6,5.71,34.0,63.0,0,46,49.4,61.6,0,34,39.0,56.8,10,,,,,,,,,,,,,,,,,,,,,,,,,,,,,,,,,,,,,,,,,,,,,,,,,,,,,,,,,,,,,,,,,,,,,,,4811,向井田 佑紀,114期,広島,広島,37,B1,,0,0,0.16,5.02,28.1,49.5,4.73,20.4,47.7,0,45,43.1,58.8,0,71,34.7,52.9,9,,,,,,,,,,,,,,,,,,,,,,,,,,,,,,,,,,,,,,,,,,,,,,,,,,,,,,,,,,,,,,,,,,,,,,,3939,渡辺 真至,81期,愛知,愛知,48,B2,,1,0,0.14,5.07,31.9,45.8,6.03,40.6,68.7,0,54,32.6,48.9,0,57,33.4,46.0,,,,,,,,,,,,,,,,,,,,,,,,,,,,,,,,,,,,,,,,,,,,,,,,,,,,,,,,,,,,,,,,,,,,,,,,4381,田路 朋史,98期,兵庫,兵庫,41,A2,,0,0,0.17,5.69,41.1,52.2,6.73,50.0,77.2,0,17,39.6,54.9,0,53,33.6,50.6,8,,,,,,,,,,,,,,,,,,,,,,,,,,,,,,,,,,,,,,,,,,,,,,,,,,,,,,,,,,,,,,,,,,,,,,,3714,梶原 正,74期,福岡,福岡,51,B1,,0,0,0.16,4.28,26.8,36.5,4.3,20.0,50.0,0,6,34.2,53.3,0,30,39.0,53.9,7,,,,,,,,,,,,,,,,,,,,,,,,,,,,,,,,,,,,,,,,,,,,,,,,,,,,,,,,,,,,,,,,,,,,,,
202609110603,2026-09-11,06,03R,4336,松田 竜馬,96期,福岡,鹿児島,42,B1,,0,0,0.15,5.08,31.4,49.4,5.09,30.3,48.4,0,13,40.6,65.2,0,76,34.8,49.3,,,,,,,,,,,,,,,,,,,,,,,,,,,,,,,,,,,,,,,,,,,,,,,,,,,,,,,,,,,,,,,,,,,,,,,,5091,為本 智也,124期,福井,石川,25,B1,,0,0,0.17,6.05,45.4,63.6,6.13,43.7,68.7,0,11,39.8,57.2,0,70,31.1,51.6,10,,,,,,,,,,,,,,,,,,,,,,,,,,,,,,,,,,,,,,,,,,,,,,,,,,,,,,,,,,,,,,,,,,,,,,,3777,樋口 亮,76期,長崎,長崎,51,A2,,2,0,0.17,5.1,31.0,46.0,7.18,58.8,76.4,0,32,36.4,52.5,0,23,33.6,50.0,11,,,,,,,,,,,,,,,,,,,,,,,,,,,,,,,,,,,,,,,,,,,,,,,,,,,,,,,,,,,,,,,,,,,,,,,4369,丹下 将,97期,愛知,愛知,40,A2,,0,0,0.16,5.64,38.4,56.4,5.9,44.8,55.1,0,16,32.3,48.5,0,17,35.4,54.3,9,,,,,,,,,,,,,,,,,,,,,,,,,,,,,,,,,,,,,,,,,,,,,,,,,,,,,,,,,,,,,,,,,,,,,,,3516,吉原 聖人,68期,広島,広島,58,B1,,0,0,0.19,4.74,33.3,42.5,4.44,22.2,44.4,0,1,41.5,60.1,0,15,35.1,52.2,8,,,,,,,,,,,,,,,,,,,,,,,,,,,,,,,,,,,,,,,,,,,,,,,,,,,,,,,,,,,,,,,,,,,,,,,4677,片橋 幸貴,109期,滋賀,京都,38,A1,,0,0,0.15,6.14,46.6,64.7,7.06,52.7,75.0,0,3,39.5,56.2,0,65,34.0,51.5,12,,,,,,,,,,,,,,,,,,,,,,,,,,,,,,,,,,,,,,,,,,,,,,,,,,,,,,,,,,,,,,,,,,,,,,
202609110604,2026-09-11,06,04R,3811,石田 章央,77期,静岡,静岡,50,A1,,0,0,0.16,6.15,47.6,61.9,6.12,44.9,63.0,0,20,43.2,63.9,0,14,35.7,54.1,12,,,,,,,,,,,,,,,,,,,,,,,,,,,,,,,,,,,,,,,,,,,,,,,,,,,,,,,,,,,,,,,,,,,,,,,4876,梅木 敬太,116期,福井,福井,32,B1,,0,0,0.17,4.96,30.1,48.1,0.0,0.0,0.0,0,41,28.5,44.0,0,21,40.3,55.1,8,,,,,,,,,,,,,,,,,,,,,,,,,,,,,,,,,,,,,,,,,,,,,,,,,,,,,,,,,,,,,,,,,,,,,,,3906,飯山 晃三,80期,長崎,長崎,48,B1,,1,0,0.21,3.64,20.0,30.5,3.56,25.0,25.0,0,23,36.3,55.4,0,13,31.9,49.5,10,,,,,,,,,,,,,,,,,,,,,,,,,,,,,,,,,,,,,,,,,,,,,,,,,,,,,,,,,,,,,,,,,,,,,,,3796,長野 道臣,77期,静岡,静岡,53,B1,,0,0,0.17,4.15,23.9,33.3,5.11,34.2,46.6,0,51,27.3,44.3,0,62,38.1,53.5,,,,,,,,,,,,,,,,,,,,,,,,,,,,,,,,,,,,,,,,,,,,,,,,,,,,,,,,,,,,,,,,,,,,,,,,4358,松本 庸平,97期,三重,三重,42,B1,,0,0,0.22,4.26,25.8,39.3,4.16,18.7,43.7,0,53,31.0,42.0,0,56,36.2,51.3,9,,,,,,,,,,,,,,,,,,,,,,,,,,,,,,,,,,,,,,,,,,,,,,,,,,,,,,,,,,,,,,,,,,,,,,,4639,雑賀 勇貴,107期,大阪,大阪,35,B1,,0,0,0.16,4.14,22.5,33.3,4.0,23.5,38.2,0,49,31.8,46.9,0,46,32.2,48.4,11,,,,,,,,,,,,,,,,,,,,,,,,,,,,,,,,,,,,,,,,,,,,,,,,,,,,,,,,,,,,,,,,,,,,,,
202609110605,2026-09-11,06,05R,3842,星野 太郎,78期,三重,三重,50,B1,,0,0,0.19,5.13,33.7,51.9,5.64,30.5,58.3,0,61,43.1,64.6,0,29,35.2,50.8,,,,,,,,,,,,,,,,,,,,,,,,,,,,,,,,,,,,,,,,,,,,,,,,,,,,,,,,,,,,,,,,,,,,,,,,3715,倉尾 大介,74期,福岡,福岡,51,A2,,1,0,0.17,5.72,39.5,61.7,5.76,35.2,64.7,0,24,28.2,43.4,0,61,37.9,54.6,9,,,,,,,,,,,,,,,,,,,,,,,,,,,,,,,,,,,,,,,,,,,,,,,,,,,,,,,,,,,,,,,,,,,,,,,3286,坂東 満,59期,静岡,静岡,58,B2,,0,0,0.17,3.44,19.3,26.3,5.67,35.9,56.4,0,52,36.4,57.0,0,22,36.4,51.8,,,,,,,,,,,,,,,,,,,,,,,,,,,,,,,,,,,,,,,,,,,,,,,,,,,,,,,,,,,,,,,,,,,,,,,,3627,井上 恵一,72期,福岡,福岡,57,A2,,1,0,0.18,4.54,30.5,41.1,5.74,40.0,60.0,0,4,30.8,48.9,0,69,34.3,51.1,11,,,,,,,,,,,,,,,,,,,,,,,,,,,,,,,,,,,,,,,,,,,,,,,,,,,,,,,,,,,,,,,,,,,,,,,5353,草川 壮良,134期,滋賀,滋賀,22,B1,,1,0,0.17,3.31,13.4,23.0,0.0,0.0,0.0,0,26,41.3,60.3,0,18,35.0,52.0,10,,,,,,,,,,,,,,,,,,,,,,,,,,,,,,,,,,,,,,,,,,,,,,,,,,,,,,,,,,,,,,,,,,,,,,,5066,鈴木 孝明,123期,埼玉,埼玉,28,A1,,0,0,0.17,6.8,54.7,71.7,4.12,18.1,36.3,0,55,50.4,65.7,0,59,31.0,46.5,12,,,,,,,,,,,,,,,,,,,,,,,,,,,,,,,,,,,,,,,,,,,,,,,,,,,,,,,,,,,,,,,,,,,,,,
202609110606,2026-09-11,06,06R,3306,武田 正紀,60期,埼玉,東京,58,B1,,0,0,0.16,4.03,20.2,32.9,4.33,11.1,40.7,0,31,30.4,43.9,0,35,36.7,50.9,1,,,,,,,,,,,,,,,,,,,,,,,,,,,,,,,,,,,,,,,,,,,,,,,,,,,,,,,,,,,,,,,,,,,,,,,4967,中村 魁生,119期,大阪,大阪,28,A1,,1,0,0.15,6.35,42.7,70.0,6.72,46.8,75.0,0,44,36.4,53.2,0,43,30.1,48.7,12,,,,,,,,,,,,,,,,,,,,,,,,,,,,,,,,,,,,,,,,,,,,,,,,,,,,,,,,,,,,,,,,,,,,,,,4434,田中 辰彦,100期,広島,広島,40,A2,,0,0,0.16,6.1,45.1,61.5,5.67,44.4,55.5,0,66,35.4,55.2,0,24,37.3,52.0,11,,,,,,,,,,,,,,,,,,,,,,,,,,,,,,,,,,,,,,,,,,,,,,,,,,,,,,,,,,,,,,,,,,,,,,,3377,塚田 修二,63期,東京,東京,58,B1,,0,0,0.21,4.44,20.2,41.5,3.79,12.5,33.3,0,21,23.8,40.3,0,37,34.3,52.9,,,,,,,,,,,,,,,,,,,,,,,,,,,,,,,,,,,,,,,,,,,,,,,,,,,,,,,,,,,,,,,,,,,,,,,,4066,東本 勝利,86期,三重,三重,46,A2,,0,0,0.18,6.15,41.9,63.8,6.06,41.6,61.1,0,40,31.7,43.9,0,68,35.5,55.1,10,,,,,,,,,,,,,,,,,,,,,,,,,,,,,,,,,,,,,,,,,,,,,,,,,,,,,,,,,,,,,,,,,,,,,,,4684,楠原 翔太,109期,福岡,福岡,35,B1,,0,0,0.17,5.42,33.6,51.8,3.61,16.6,22.2,0,22,42.9,62.6,0,25,36.9,53.2,,,,,,,,,,,,,,,,,,,,,,,,,,,,,,,,,,,,,,,,,,,,,,,,,,,,,,,,,,,,,,,,,,,,,,,
202609110607,2026-09-11,06,07R,4345,西舘 健,96期,東京,神奈川,41,A2,,1,0,0.15,5.11,35.7,47.9,4.85,30.7,46.1,0,10,34.0,47.8,0,64,31.6,48.8,,,,,,,,,,,,,,,,,,,,,,,,,,,,,,,,,,,,,,,,,,,,,,,,,,,,,,,,,,,,,,,,,,,,,,,,3714,梶原 正,74期,福岡,福岡,51,B1,,0,0,0.16,4.28,26.8,36.5,4.3,20.0,50.0,0,6,34.2,53.3,0,30,39.0,53.9,2,,,,,,,,,,,,,,,,,,,,,,,,,,,,,,,,,,,,,,,,,,,,,,,,,,,,,,,,,,,,,,,,,,,,,,,4798,浜先 真範,113期,広島,広島,33,A1,,0,0,0.13,6.64,46.2,66.1,6.24,47.6,66.6,0,5,45.0,68.4,0,60,31.2,46.6,12,,,,,,,,,,,,,,,,,,,,,,,,,,,,,,,,,,,,,,,,,,,,,,,,,,,,,,,,,,,,,,,,,,,,,,,5369,岡崎 凪汰,135期,長崎,大分,24,B1,,0,0,0.17,3.24,14.4,20.4,0.0,0.0,0.0,0,62,43.4,54.5,0,19,34.2,51.6,1,,,,,,,,,,,,,,,,,,,,,,,,,,,,,,,,,,,,,,,,,,,,,,,,,,,,,,,,,,,,,,,,,,,,,,,4269,杉山 裕也,93期,愛知,愛知,40,A2,,0,0,0.15,7.25,60.7,77.6,0.0,0.0,0.0,0,37,44.6,59.8,0,45,42.4,54.3,,,,,,,,,,,,,,,,,,,,,,,,,,,,,,,,,,,,,,,,,,,,,,,,,,,,,,,,,,,,,,,,,,,,,,,,5463,出口 飛龍,138期,大阪,和歌山,19,B2,,0,0,0.0,1.2,0.0,0.0,0.0,0.0,0.0,0,63,44.6,62.1,0,41,31.9,52.3,,,,,,,,,,,,,,,,,,,,,,,,,,,,,,,,,,,,,,,,,,,,,,,,,,,,,,,,,,,,,,,,,,,,,,,
202609110608,2026-09-11,06,08R,4381,田路 朋史,98期,兵庫,兵庫,41,A2,,0,0,0.17,5.69,41.1,52.2,6.73,50.0,77.2,0,17,39.6,54.9,0,53,33.6,50.6,2,,,,,,,,,,,,,,,,,,,,,,,,,,,,,,,,,,,,,,,,,,,,,,,,,,,,,,,,,,,,,,,,,,,,,,,4022,待鳥 雄紀,84期,福岡,福岡,46,B1,,0,0,0.16,4.7,25.2,41.7,3.79,16.6,25.0,0,59,32.6,50.5,0,32,38.1,59.0,,,,,,,,,,,,,,,,,,,,,,,,,,,,,,,,,,,,,,,,,,,,,,,,,,,,,,,,,,,,,,,,,,,,,,,,3516,吉原 聖人,68期,広島,広島,58,B1,,0,0,0.19,4.74,33.3,42.5,4.44,22.2,44.4,0,1,41.5,60.1,0,15,35.1,52.2,3,,,,,,,,,,,,,,,,,,,,,,,,,,,,,,,,,,,,,,,,,,,,,,,,,,,,,,,,,,,,,,,,,,,,,,,3721,守田 俊介,74期,滋賀,京都,51,A1,,0,0,0.13,6.84,50.3,62.0,6.79,42.8,42.8,0,38,40.5,56.0,0,51,30.4,44.2,12,,,,,,,,,,,,,,,,,,,,,,,,,,,,,,,,,,,,,,,,,,,,,,,,,,,,,,,,,,,,,,,,,,,,,,,4068,幸田 智裕,86期,静岡,静岡,46,B1,,0,0,0.17,4.74,22.1,46.1,5.07,29.9,47.6,0,48,42.9,57.0,0,66,35.3,54.2,1,,,,,,,,,,,,,,,,,,,,,,,,,,,,,,,,,,,,,,,,,,,,,,,,,,,,,,,,,,,,,,,,,,,,,,,4876,梅木 敬太,116期,福井,福井,32,B1,,0,0,0.17,4.96,30.1,48.1,0.0,0.0,0.0,0,41,28.5,44.0,0,21,40.3,55.1,4,,,,,,,,,,,,,,,,,,,,,,,,,,,,,,,,,,,,,,,,,,,,,,,,,,,,,,,,,,,,,,,,,,,,,,
202609110609,2026-09-11,06,09R,4150,山田 雄太,89期,静岡,静岡,44,A2,,0,0,0.15,5.95,42.2,59.6,6.09,43.7,63.0,0,34,32.6,56.7,0,44,40.9,53.6,,,,,,,,,,,,,,,,,,,,,,,,,,,,,,,,,,,,,,,,,,,,,,,,,,,,,,,,,,,,,,,,,,,,,,,,4369,丹下 将,97期,愛知,愛知,40,A2,,0,0,0.16,5.64,38.4,56.4,5.9,44.8,55.1,0,16,32.3,48.5,0,17,35.4,54.3,3,,,,,,,,,,,,,,,,,,,,,,,,,,,,,,,,,,,,,,,,,,,,,,,,,,,,,,,,,,,,,,,,,,,,,,,4358,松本 庸平,97期,三重,三重,42,B1,,0,0,0.22,4.26,25.8,39.3,4.16,18.7,43.7,0,53,31.0,42.0,0,56,36.2,51.3,4,,,,,,,,,,,,,,,,,,,,,,,,,,,,,,,,,,,,,,,,,,,,,,,,,,,,,,,,,,,,,,,,,,,,,,,4899,占部 一真,117期,福岡,福岡,34,B1,,0,0,0.16,4.29,26.8,35.3,5.0,37.5,43.7,0,65,21.6,40.5,0,72,34.0,51.3,1,,,,,,,,,,,,,,,,,,,,,,,,,,,,,,,,,,,,,,,,,,,,,,,,,,,,,,,,,,,,,,,,,,,,,,,4811,向井田 佑紀,114期,広島,広島,37,B1,,0,0,0.16,5.02,28.1,49.5,4.73,20.4,47.7,0,45,43.1,58.8,0,71,34.7,52.9,2,,,,,,,,,,,,,,,,,,,,,,,,,,,,,,,,,,,,,,,,,,,,,,,,,,,,,,,,,,,,,,,,,,,,,,,3715,倉尾 大介,74期,福岡,福岡,51,A2,,1,0,0.17,5.72,39.5,61.7,5.76,35.2,64.7,0,24,28.2,43.4,0,61,37.9,54.6,5,,,,,,,,,,,,,,,,,,,,,,,,,,,,,,,,,,,,,,,,,,,,,,,,,,,,,,,,,,,,,,,,,,,,,,
202609110610,2026-09-11,06,10R,4066,東本 勝利,86期,三重,三重,46,A2,,0,0,0.18,6.15,41.9,63.8,6.06,41.6,61.1,0,40,31.7,43.9,0,68,35.5,55.1,6,,,,,,,,,,,,,,,,,,,,,,,,,,,,,,,,,,,,,,,,,,,,,,,,,,,,,,,,,,,,,,,,,,,,,,,5353,草川 壮良,134期,滋賀,滋賀,22,B1,,1,0,0.17,3.31,13.4,23.0,0.0,0.0,0.0,0,26,41.3,60.3,0,18,35.0,52.0,5,,,,,,,,,,,,,,,,,,,,,,,,,,,,,,,,,,,,,,,,,,,,,,,,,,,,,,,,,,,,,,,,,,,,,,,4588,田中 京介,105期,福岡,福岡,35,A2,,0,0,0.15,5.48,39.1,56.6,5.96,45.8,58.3,0,29,28.8,46.3,0,48,35.9,50.6,,,,,,,,,,,,,,,,,,,,,,,,,,,,,,,,,,,,,,,,,,,,,,,,,,,,,,,,,,,,,,,,,,,,,,,,4360,庄司 孝輔,97期,静岡,静岡,41,A2,,0,0,0.18,5.62,33.9,55.6,5.71,34.0,63.0,0,46,49.4,61.6,0,34,39.0,56.8,2,,,,,,,,,,,,,,,,,,,,,,,,,,,,,,,,,,,,,,,,,,,,,,,,,,,,,,,,,,,,,,,,,,,,,,,3906,飯山 晃三,80期,長崎,長崎,48,B1,,1,0,0.21,3.64,20.0,30.5,3.56,25.0,25.0,0,23,36.3,55.4,0,13,31.9,49.5,4,,,,,,,,,,,,,,,,,,,,,,,,,,,,,,,,,,,,,,,,,,,,,,,,,,,,,,,,,,,,,,,,,,,,,,,5091,為本 智也,124期,福井,石川,25,B1,,0,0,0.17,6.05,45.4,63.6,6.13,43.7,68.7,0,11,39.8,57.2,0,70,31.1,51.6,3,,,,,,,,,,,,,,,,,,,,,,,,,,,,,,,,,,,,,,,,,,,,,,,,,,,,,,,,,,,,,,,,,,,,,,
202609110611,2026-09-11,06,11R,4654,篠田 優也,108期,兵庫,兵庫,40,A1,,0,0,0.17,6.49,45.1,72.0,7.18,60.7,71.4,0,19,33.6,48.6,0,58,38.6,55.1,,,,,,,,,,,,,,,,,,,,,,,,,,,,,,,,,,,,,,,,,,,,,,,,,,,,,,,,,,,,,,,,,,,,,,,,3627,井上 恵一,72期,福岡,福岡,57,A2,,1,0,0.18,4.54,30.5,41.1,5.74,40.0,60.0,0,4,30.8,48.9,0,69,34.3,51.1,5,,,,,,,,,,,,,,,,,,,,,,,,,,,,,,,,,,,,,,,,,,,,,,,,,,,,,,,,,,,,,,,,,,,,,,,3392,小森 信雄,64期,三重,三重,61,B1,,0,0,0.21,4.39,18.7,40.6,4.54,26.9,42.3,0,7,36.1,49.0,0,63,36.0,55.4,1,,,,,,,,,,,,,,,,,,,,,,,,,,,,,,,,,,,,,,,,,,,,,,,,,,,,,,,,,,,,,,,,,,,,,,,4639,雑賀 勇貴,107期,大阪,大阪,35,B1,,0,0,0.16,4.14,22.5,33.3,4.0,23.5,38.2,0,49,31.8,46.9,0,46,32.2,48.4,4,,,,,,,,,,,,,,,,,,,,,,,,,,,,,,,,,,,,,,,,,,,,,,,,,,,,,,,,,,,,,,,,,,,,,,,3777,樋口 亮,76期,長崎,長崎,51,A2,,2,0,0.17,5.1,31.0,46.0,7.18,58.8,76.4,0,32,36.4,52.5,0,23,33.6,50.0,3,,,,,,,,,,,,,,,,,,,,,,,,,,,,,,,,,,,,,,,,,,,,,,,,,,,,,,,,,,,,,,,,,,,,,,,4434,田中 辰彦,100期,広島,広島,40,A2,,0,0,0.16,6.1,45.1,61.5,5.67,44.4,55.5,0,66,35.4,55.2,0,24,37.3,52.0,6,,,,,,,,,,,,,,,,,,,,,,,,,,,,,,,,,,,,,,,,,,,,,,,,,,,,,,,,,,,,,,,,,,,,,,
202609110612,2026-09-11,06,12R,3721,守田 俊介,74期,滋賀,京都,51,A1,,0,0,0.13,6.84,50.3,62.0,6.79,42.8,42.8,0,38,40.5,56.0,0,51,30.4,44.2,8,,,,,,,,,,,,,,,,,,,,,,,,,,,,,,,,,,,,,,,,,,,,,,,,,,,,,,,,,,,,,,,,,,,,,,,5066,鈴木 孝明,123期,埼玉,埼玉,28,A1,,0,0,0.17,6.8,54.7,71.7,4.12,18.1,36.3,0,55,50.4,65.7,0,59,31.0,46.5,5,,,,,,,,,,,,,,,,,,,,,,,,,,,,,,,,,,,,,,,,,,,,,,,,,,,,,,,,,,,,,,,,,,,,,,,3811,石田 章央,77期,静岡,静岡,50,A1,,0,0,0.16,6.15,47.6,61.9,6.12,44.9,63.0,0,20,43.2,63.9,0,14,35.7,54.1,4,,,,,,,,,,,,,,,,,,,,,,,,,,,,,,,,,,,,,,,,,,,,,,,,,,,,,,,,,,,,,,,,,,,,,,,4677,片橋 幸貴,109期,滋賀,京都,38,A1,,0,0,0.15,6.14,46.6,64.7,7.06,52.7,75.0,0,3,39.5,56.2,0,65,34.0,51.5,3,,,,,,,,,,,,,,,,,,,,,,,,,,,,,,,,,,,,,,,,,,,,,,,,,,,,,,,,,,,,,,,,,,,,,,,4798,浜先 真範,113期,広島,広島,33,A1,,0,0,0.13,6.64,46.2,66.1,6.24,47.6,66.6,0,5,45.0,68.4,0,60,31.2,46.6,7,,,,,,,,,,,,,,,,,,,,,,,,,,,,,,,,,,,,,,,,,,,,,,,,,,,,,,,,,,,,,,,,,,,,,,,4967,中村 魁生,119期,大阪,大阪,28,A1,,1,0,0.15,6.35,42.7,70.0,6.72,46.8,75.0,0,44,36.4,53.2,0,43,30.1,48.7,6,,,,,,,,,,,,,,,,,,,,,,,,,,,,,,,,,,,,,,,,,,,,,,,,,,,,,,,,,,,,,,,,,,,,,,
202609111201,2026-09-11,12,01R,4047,吉永 浩則,85期,大阪,大阪,46,B1,,1,0,0.18,3.32,16.6,25.0,4.63,32.1,39.2,0,76,17.5,36.2,0,63,27.8,44.2,,,,,,,,,,,,,,,,,,,,,,,,,,,,,,,,,,,,,,,,,,,,,,,,,,,,,,,,,,,,,,,,,,,,,,,,4626,伊藤 紘章,107期,愛知,愛知,40,B1,,0,0,0.22,4.03,23.0,37.1,5.33,33.3,55.5,0,63,25.0,39.1,0,76,33.3,50.0,6,,,,,,,,,,,,,,,,,,,,,,,,,,,,,,,,,,,,,,,,,,,,,,,,,,,,,,,,,,,,,,,,,,,,,,,4727,安部 慎一,111期,福岡,福岡,39,B1,,0,0,0.16,4.14,15.7,35.7,3.5,12.5,25.0,0,32,33.3,47.9,0,25,26.7,44.1,,,,,,,,,,,,,,,,,,,,,,,,,,,,,,,,,,,,,,,,,,,,,,,,,,,,,,,,,,,,,,,,,,,,,,,,3630,黒田 誠司,72期,静岡,静岡,56,B1,,0,0,0.17,3.74,16.6,29.1,4.08,15.3,38.4,0,59,25.0,42.3,0,18,28.0,42.6,7,,,,,,,,,,,,,,,,,,,,,,,,,,,,,,,,,,,,,,,,,,,,,,,,,,,,,,,,,,,,,,,,,,,,,,,4229,市川 美宏,92期,静岡,静岡,43,B1,,0,0,0.19,4.27,19.2,41.0,4.23,15.3,38.4,0,13,28.4,43.1,0,75,34.0,50.5,8,,,,,,,,,,,,,,,,,,,,,,,,,,,,,,,,,,,,,,,,,,,,,,,,,,,,,,,,,,,,,,,,,,,,,,,3558,山本 浩次,69期,岡山,大阪,53,B1,,1,0,0.17,4.91,25.8,48.3,4.09,15.6,34.3,0,30,26.8,45.3,0,20,32.2,46.2,9,,,,,,,,,,,,,,,,,,,,,,,,,,,,,,,,,,,,,,,,,,,,,,,,,,,,,,,,,,,,,,,,,,,,,,
202609111202,2026-09-11,12,02R,4898,菊地 敬介,117期,埼玉,埼玉,34,B1,,1,0,0.16,4.47,22.6,38.6,0.0,0.0,0.0,0,26,26.8,46.3,0,11,34.0,54.2,7,,,,,,,,,,,,,,,,,,,,,,,,,,,,,,,,,,,,,,,,,,,,,,,,,,,,,,,,,,,,,,,,,,,,,,,4724,吉田 祐貴,111期,佐賀,佐賀,40,B1,,0,0,0.18,3.56,9.0,27.2,2.78,11.1,11.1,0,55,40.4,54.5,0,69,42.1,62.6,,,,,,,,,,,,,,,,,,,,,,,,,,,,,,,,,,,,,,,,,,,,,,,,,,,,,,,,,,,,,,,,,,,,,,,,4063,市橋 卓士,86期,徳島,徳島,47,A1,,0,0,0.14,6.13,40.0,60.8,5.84,45.9,59.4,0,33,31.2,41.6,0,29,34.0,50.5,12,,,,,,,,,,,,,,,,,,,,,,,,,,,,,,,,,,,,,,,,,,,,,,,,,,,,,,,,,,,,,,,,,,,,,,,3775,泉 啓文,76期,岡山,岡山,52,B1,,0,0,0.18,3.82,19.5,27.8,4.43,28.5,40.0,0,24,45.7,61.7,0,82,48.1,60.7,10,,,,,,,,,,,,,,,,,,,,,,,,,,,,,,,,,,,,,,,,,,,,,,,,,,,,,,,,,,,,,,,,,,,,,,,3757,畑 和宏,76期,広島,広島,54,A2,,0,0,0.16,5.43,39.7,56.6,0.0,0.0,0.0,0,38,50.5,68.0,0,86,29.4,47.0,11,,,,,,,,,,,,,,,,,,,,,,,,,,,,,,,,,,,,,,,,,,,,,,,,,,,,,,,,,,,,,,,,,,,,,,,4416,三宅 健太,99期,広島,広島,39,B1,,0,0,0.17,5.42,37.3,49.4,0.0,0.0,0.0,0,11,40.5,54.4,0,36,36.3,59.7,,,,,,,,,,,,,,,,,,,,,,,,,,,,,,,,,,,,,,,,,,,,,,,,,,,,,,,,,,,,,,,,,,,,,,,
202609111203,2026-09-11,12,03R,4253,西川 真人,93期,滋賀,滋賀,43,B1,,0,0,0.18,4.35,18.8,39.6,4.47,35.2,41.1,0,39,40.2,52.5,0,13,36.9,57.6,,,,,,,,,,,,,,,,,,,,,,,,,,,,,,,,,,,,,,,,,,,,,,,,,,,,,,,,,,,,,,,,,,,,,,,,4311,岡村 仁,95期,大阪,大阪,42,A1,,1,0,0.15,6.39,50.5,63.4,6.46,47.7,67.9,0,77,34.7,52.6,0,28,37.5,54.5,12,,,,,,,,,,,,,,,,,,,,,,,,,,,,,,,,,,,,,,,,,,,,,,,,,,,,,,,,,,,,,,,,,,,,,,,5321,一色 颯輝,133期,愛知,愛知,24,B1,,1,0,0.2,4.86,31.5,46.5,4.11,33.3,33.3,0,73,35.6,51.4,0,56,31.7,40.0,11,,,,,,,,,,,,,,,,,,,,,,,,,,,,,,,,,,,,,,,,,,,,,,,,,,,,,,,,,,,,,,,,,,,,,,,4962,畑 竜生,119期,三重,三重,30,A2,,0,0,0.17,5.5,37.7,52.6,5.68,37.8,56.7,0,21,21.8,37.5,0,39,28.0,53.6,10,,,,,,,,,,,,,,,,,,,,,,,,,,,,,,,,,,,,,,,,,,,,,,,,,,,,,,,,,,,,,,,,,,,,,,,3955,眞田 英二,82期,徳島,徳島,49,B2,,0,0,0.19,4.75,29.3,45.3,5.54,26.9,50.0,0,75,31.8,46.5,0,59,48.7,59.7,8,,,,,,,,,,,,,,,,,,,,,,,,,,,,,,,,,,,,,,,,,,,,,,,,,,,,,,,,,,,,,,,,,,,,,,,3293,宮内 由紀英,60期,東京,東京,61,B1,,0,0,0.2,3.4,10.7,22.6,2.95,9.0,18.1,0,84,33.0,59.0,0,62,27.7,43.3,7,,,,,,,,,,,,,,,,,,,,,,,,,,,,,,,,,,,,,,,,,,,,,,,,,,,,,,,,,,,,,,,,,,,,,,
202609111204,2026-09-11,12,04R,4060,島田 一生,86期,福岡,福岡,47,B1,,0,0,0.16,4.68,29.6,45.0,4.89,30.4,50.0,0,51,45.6,61.9,0,66,32.9,43.1,,,,,,,,,,,,,,,,,,,,,,,,,,,,,,,,,,,,,,,,,,,,,,,,,,,,,,,,,,,,,,,,,,,,,,,,3477,近藤 稔也,66期,徳島,徳島,56,B1,,0,0,0.19,3.86,13.9,30.3,3.44,22.2,22.2,0,53,35.0,51.5,0,52,30.1,47.3,,,,,,,,,,,,,,,,,,,,,,,,,,,,,,,,,,,,,,,,,,,,,,,,,,,,,,,,,,,,,,,,,,,,,,,,3471,赤峰 和也,66期,佐賀,佐賀,56,B1,,0,0,0.17,4.01,17.2,34.5,4.52,19.0,42.8,0,12,25.0,35.8,0,79,39.7,56.4,8,,,,,,,,,,,,,,,,,,,,,,,,,,,,,,,,,,,,,,,,,,,,,,,,,,,,,,,,,,,,,,,,,,,,,,,3502,渡邉 英児,67期,静岡,静岡,57,A2,,0,0,0.16,5.73,37.1,62.8,5.87,40.3,63.4,0,58,39.1,51.5,0,22,44.8,64.3,11,,,,,,,,,,,,,,,,,,,,,,,,,,,,,,,,,,,,,,,,,,,,,,,,,,,,,,,,,,,,,,,,,,,,,,,4875,大塚 康雅,116期,東京,神奈川,32,B1,,0,0,0.18,5.47,36.4,52.0,5.91,45.4,54.5,0,20,44.3,59.7,0,87,33.7,48.8,10,,,,,,,,,,,,,,,,,,,,,,,,,,,,,,,,,,,,,,,,,,,,,,,,,,,,,,,,,,,,,,,,,,,,,,,4218,吉川 喜継,92期,滋賀,滋賀,45,A1,,1,0,0.15,6.48,50.9,69.2,7.02,49.0,68.6,0,17,36.0,49.4,0,37,30.7,39.5,12,,,,,,,,,,,,,,,,,,,,,,,,,,,,,,,,,,,,,,,,,,,,,,,,,,,,,,,,,,,,,,,,,,,,,,
202609111205,2026-09-11,12,05R,4287,今井 貴士,94期,福岡,福岡,42,A2,,0,0,0.17,6.46,47.6,67.2,7.59,72.4,82.7,0,78,16.6,33.3,0,55,37.6,53.7,11,,,,,,,,,,,,,,,,,,,,,,,,,,,,,,,,,,,,,,,,,,,,,,,,,,,,,,,,,,,,,,,,,,,,,,,5110,杉山 喜一,125期,静岡,静岡,27,B1,,0,0,0.15,4.79,29.1,43.0,4.57,28.5,42.8,0,68,25.5,37.7,0,33,39.7,50.5,,,,,,,,,,,,,,,,,,,,,,,,,,,,,,,,,,,,,,,,,,,,,,,,,,,,,,,,,,,,,,,,,,,,,,,,4404,岸蔭 亮,99期,兵庫,兵庫,41,B1,,1,0,0.2,3.62,13.1,29.5,4.19,28.5,38.1,0,27,41.0,66.3,0,16,29.9,49.4,9,,,,,,,,,,,,,,,,,,,,,,,,,,,,,,,,,,,,,,,,,,,,,,,,,,,,,,,,,,,,,,,,,,,,,,,5187,小坂 風太,128期,福井,石川,26,B2,,1,0,0.21,3.06,4.7,26.9,0.0,0.0,0.0,0,57,41.0,63.0,0,88,35.5,60.0,,,,,,,,,,,,,,,,,,,,,,,,,,,,,,,,,,,,,,,,,,,,,,,,,,,,,,,,,,,,,,,,,,,,,,,,3718,伊達 正利,74期,静岡,静岡,51,B1,,0,0,0.17,4.44,23.6,35.9,0.0,0.0,0.0,0,79,39.1,63.9,0,57,32.9,51.6,,,,,,,,,,,,,,,,,,,,,,,,,,,,,,,,,,,,,,,,,,,,,,,,,,,,,,,,,,,,,,,,,,,,,,,,4375,照屋 厚仁,98期,兵庫,大阪,42,A2,,0,0,0.17,5.85,38.7,58.5,6.07,43.3,63.3,0,82,37.7,63.2,0,80,31.4,37.0,10,,,,,,,,,,,,,,,,,,,,,,,,,,,,,,,,,,,,,,,,,,,,,,,,,,,,,,,,,,,,,,,,,,,,,,
202609111206,2026-09-11,12,06R,4260,中越 博紀,93期,香川,愛媛,42,B1,,0,0,0.19,5.86,45.7,55.9,4.95,38.1,52.3,0,80,50.0,67.3,0,21,34.4,48.8,,,,,,,,,,,,,,,,,,,,,,,,,,,,,,,,,,,,,,,,,,,,,,,,,,,,,,,,,,,,,,,,,,,,,,,,5009,大賀 龍之介,121期,福岡,福岡,29,A2,,1,0,0.16,5.36,36.0,50.6,5.0,37.5,37.5,0,28,30.6,52.4,0,61,29.2,43.8,,,,,,,,,,,,,,,,,,,,,,,,,,,,,,,,,,,,,,,,,,,,,,,,,,,,,,,,,,,,,,,,,,,,,,,,3300,川崎 智幸,60期,岡山,岡山,59,A2,,1,0,0.16,5.88,41.5,62.2,6.0,42.1,63.1,0,72,31.6,44.9,0,74,25.0,40.2,,,,,,,,,,,,,,,,,,,,,,,,,,,,,,,,,,,,,,,,,,,,,,,,,,,,,,,,,,,,,,,,,,,,,,,,4626,伊藤 紘章,107期,愛知,愛知,40,B1,,0,0,0.22,4.03,23.0,37.1,5.33,33.3,55.5,0,63,25.0,39.1,0,76,33.3,50.0,1,,,,,,,,,,,,,,,,,,,,,,,,,,,,,,,,,,,,,,,,,,,,,,,,,,,,,,,,,,,,,,,,,,,,,,,3957,大谷 直弘,82期,愛知,愛知,49,B1,,0,0,0.19,4.82,25.6,48.6,3.29,14.2,14.2,0,60,39.1,54.6,0,70,20.4,33.3,10,,,,,,,,,,,,,,,,,,,,,,,,,,,,,,,,,,,,,,,,,,,,,,,,,,,,,,,,,,,,,,,,,,,,,,,5158,宮脇 遼太,127期,福岡,福岡,28,A1,,0,0,0.16,6.31,52.2,62.8,7.19,62.5,75.0,0,85,35.4,55.2,0,31,37.3,53.8,12,,,,,,,,,,,,,,,,,,,,,,,,,,,,,,,,,,,,,,,,,,,,,,,,,,,,,,,,,,,,,,,,,,,,,,
202609111207,2026-09-11,12,07R,3630,黒田 誠司,72期,静岡,静岡,56,B1,,0,0,0.17,3.74,16.6,29.1,4.08,15.3,38.4,0,59,25.0,42.3,0,18,28.0,42.6,1,,,,,,,,,,,,,,,,,,,,,,,,,,,,,,,,,,,,,,,,,,,,,,,,,,,,,,,,,,,,,,,,,,,,,,,3293,宮内 由紀英,60期,東京,東京,61,B1,,0,0,0.2,3.4,10.7,22.6,2.95,9.0,18.1,0,84,33.0,59.0,0,62,27.7,43.3,3,,,,,,,,,,,,,,,,,,,,,,,,,,,,,,,,,,,,,,,,,,,,,,,,,,,,,,,,,,,,,,,,,,,,,,,3654,武田 光史,72期,福井,福井,52,A2,,0,0,0.16,6.9,57.0,74.7,7.08,57.6,69.2,0,36,15.6,34.3,0,30,41.6,56.9,,,,,,,,,,,,,,,,,,,,,,,,,,,,,,,,,,,,,,,,,,,,,,,,,,,,,,,,,,,,,,,,,,,,,,,,4959,井上 忠政,119期,大阪,大阪,30,A1,,0,0,0.15,7.51,56.3,71.4,6.68,48.4,65.4,0,71,31.6,50.5,0,14,29.4,41.0,12,,,,,,,,,,,,,,,,,,,,,,,,,,,,,,,,,,,,,,,,,,,,,,,,,,,,,,,,,,,,,,,,,,,,,,,4898,菊地 敬介,117期,埼玉,埼玉,34,B1,,1,0,0.16,4.47,22.6,38.6,0.0,0.0,0.0,0,26,26.8,46.3,0,11,34.0,54.2,2,,,,,,,,,,,,,,,,,,,,,,,,,,,,,,,,,,,,,,,,,,,,,,,,,,,,,,,,,,,,,,,,,,,,,,,5093,浦野 海,124期,福岡,福岡,24,B2,,0,0,0.18,3.16,11.1,23.8,5.28,36.0,52.0,0,31,21.8,36.7,0,85,32.2,51.1,,,,,,,,,,,,,,,,,,,,,,,,,,,,,,,,,,,,,,,,,,,,,,,,,,,,,,,,,,,,,,,,,,,,,,,
202609111208,2026-09-11,12,08R,4229,市川 美宏,92期,静岡,静岡,43,B1,,0,0,0.19,4.27,19.2,41.0,4.23,15.3,38.4,0,13,28.4,43.1,0,75,34.0,50.5,1,,,,,,,,,,,,,,,,,,,,,,,,,,,,,,,,,,,,,,,,,,,,,,,,,,,,,,,,,,,,,,,,,,,,,,,4679,植田 太一,109期,福岡,福岡,37,A2,,0,0,0.16,6.2,47.4,64.4,6.89,55.5,72.2,0,81,29.8,47.1,0,84,24.1,43.6,,,,,,,,,,,,,,,,,,,,,,,,,,,,,,,,,,,,,,,,,,,,,,,,,,,,,,,,,,,,,,,,,,,,,,,,3955,眞田 英二,82期,徳島,徳島,49,B2,,0,0,0.19,4.75,29.3,45.3,5.54,26.9,50.0,0,75,31.8,46.5,0,59,48.7,59.7,3,,,,,,,,,,,,,,,,,,,,,,,,,,,,,,,,,,,,,,,,,,,,,,,,,,,,,,,,,,,,,,,,,,,,,,,5285,若林 麗,132期,東京,山梨,27,B1,,0,0,0.19,3.39,10.8,24.3,2.81,7.4,18.5,0,52,31.0,51.0,0,27,26.6,42.5,,,,,,,,,,,,,,,,,,,,,,,,,,,,,,,,,,,,,,,,,,,,,,,,,,,,,,,,,,,,,,,,,,,,,,,,5043,中村 日向,122期,香川,香川,27,A1,,0,0,0.13,7.24,61.1,72.7,5.0,14.2,28.5,0,83,25.8,41.9,0,89,32.9,47.5,12,,,,,,,,,,,,,,,,,,,,,,,,,,,,,,,,,,,,,,,,,,,,,,,,,,,,,,,,,,,,,,,,,,,,,,,3471,赤峰 和也,66期,佐賀,佐賀,56,B1,,0,0,0.17,4.01,17.2,34.5,4.52,19.0,42.8,0,12,25.0,35.8,0,79,39.7,56.4,4,,,,,,,,,,,,,,,,,,,,,,,,,,,,,,,,,,,,,,,,,,,,,,,,,,,,,,,,,,,,,,,,,,,,,,
202609111209,2026-09-11,12,09R,4401,小林 泰,99期,東京,山梨,41,A2,,0,0,0.15,5.85,40.6,59.3,7.08,58.3,83.3,0,15,29.1,45.8,0,19,22.9,42.7,,,,,,,,,,,,,,,,,,,,,,,,,,,,,,,,,,,,,,,,,,,,,,,,,,,,,,,,,,,,,,,,,,,,,,,,4710,福田 宗平,110期,大阪,大阪,36,A2,,0,0,0.14,5.64,35.4,58.8,5.63,46.6,60.0,0,61,32.3,48.4,0,51,39.8,56.1,,,,,,,,,,,,,,,,,,,,,,,,,,,,,,,,,,,,,,,,,,,,,,,,,,,,,,,,,,,,,,,,,,,,,,,,3558,山本 浩次,69期,岡山,大阪,53,B1,,1,0,0.17,4.91,25.8,48.3,4.09,15.6,34.3,0,30,26.8,45.3,0,20,32.2,46.2,1,,,,,,,,,,,,,,,,,,,,,,,,,,,,,,,,,,,,,,,,,,,,,,,,,,,,,,,,,,,,,,,,,,,,,,,4579,中嶋 健一郎,105期,三重,三重,37,A2,,0,0,0.16,6.21,40.3,60.5,6.68,48.0,68.0,0,50,24.2,41.0,0,50,36.0,56.7,,,,,,,,,,,,,,,,,,,,,,,,,,,,,,,,,,,,,,,,,,,,,,,,,,,,,,,,,,,,,,,,,,,,,,,,4404,岸蔭 亮,99期,兵庫,兵庫,41,B1,,1,0,0.2,3.62,13.1,29.5,4.19,28.5,38.1,0,27,41.0,66.3,0,16,29.9,49.4,5,,,,,,,,,,,,,,,,,,,,,,,,,,,,,,,,,,,,,,,,,,,,,,,,,,,,,,,,,,,,,,,,,,,,,,,4836,大谷 健太,115期,埼玉,埼玉,37,B1,,1,0,0.17,4.91,27.6,48.9,4.22,25.0,33.3,0,25,30.6,43.8,0,34,32.1,47.6,,,,,,,,,,,,,,,,,,,,,,,,,,,,,,,,,,,,,,,,,,,,,,,,,,,,,,,,,,,,,,,,,,,,,,,
202609111210,2026-09-11,12,10R,4624,高田 明,107期,佐賀,佐賀,41,A1,,1,0,0.17,6.42,48.4,62.1,6.38,46.1,61.5,0,69,35.8,52.1,0,78,27.3,42.1,,,,,,,,,,,,,,,,,,,,,,,,,,,,,,,,,,,,,,,,,,,,,,,,,,,,,,,,,,,,,,,,,,,,,,,,4875,大塚 康雅,116期,東京,神奈川,32,B1,,0,0,0.18,5.47,36.4,52.0,5.91,45.4,54.5,0,20,44.3,59.7,0,87,33.7,48.8,4,,,,,,,,,,,,,,,,,,,,,,,,,,,,,,,,,,,,,,,,,,,,,,,,,,,,,,,,,,,,,,,,,,,,,,,4375,照屋 厚仁,98期,兵庫,大阪,42,A2,,0,0,0.17,5.85,38.7,58.5,6.07,43.3,63.3,0,82,37.7,63.2,0,80,31.4,37.0,5,,,,,,,,,,,,,,,,,,,,,,,,,,,,,,,,,,,,,,,,,,,,,,,,,,,,,,,,,,,,,,,,,,,,,,,3957,大谷 直弘,82期,愛知,愛知,49,B1,,0,0,0.19,4.82,25.6,48.6,3.29,14.2,14.2,0,60,39.1,54.6,0,70,20.4,33.3,6,,,,,,,,,,,,,,,,,,,,,,,,,,,,,,,,,,,,,,,,,,,,,,,,,,,,,,,,,,,,,,,,,,,,,,,4962,畑 竜生,119期,三重,三重,30,A2,,0,0,0.17,5.5,37.7,52.6,5.68,37.8,56.7,0,21,21.8,37.5,0,39,28.0,53.6,3,,,,,,,,,,,,,,,,,,,,,,,,,,,,,,,,,,,,,,,,,,,,,,,,,,,,,,,,,,,,,,,,,,,,,,,3775,泉 啓文,76期,岡山,岡山,52,B1,,0,0,0.18,3.82,19.5,27.8,4.43,28.5,40.0,0,24,45.7,61.7,0,82,48.1,60.7,2,,,,,,,,,,,,,,,,,,,,,,,,,,,,,,,,,,,,,,,,,,,,,,,,,,,,,,,,,,,,,,,,,,,,,,
202609111211,2026-09-11,12,11R,4794,和田 拓也,113期,兵庫,兵庫,36,A1,,0,0,0.13,6.91,56.7,72.8,6.43,39.2,62.7,0,18,26.8,39.1,0,72,35.7,51.5,,,,,,,,,,,,,,,,,,,,,,,,,,,,,,,,,,,,,,,,,,,,,,,,,,,,,,,,,,,,,,,,,,,,,,,,3502,渡邉 英児,67期,静岡,静岡,57,A2,,0,0,0.16,5.73,37.1,62.8,5.87,40.3,63.4,0,58,39.1,51.5,0,22,44.8,64.3,4,,,,,,,,,,,,,,,,,,,,,,,,,,,,,,,,,,,,,,,,,,,,,,,,,,,,,,,,,,,,,,,,,,,,,,,3757,畑 和宏,76期,広島,広島,54,A2,,0,0,0.16,5.43,39.7,56.6,0.0,0.0,0.0,0,38,50.5,68.0,0,86,29.4,47.0,2,,,,,,,,,,,,,,,,,,,,,,,,,,,,,,,,,,,,,,,,,,,,,,,,,,,,,,,,,,,,,,,,,,,,,,,5139,大場 恒季,126期,愛知,愛知,26,A1,,1,0,0.16,6.73,52.8,73.0,6.04,46.8,68.0,0,70,39.0,60.0,0,81,38.6,59.0,,,,,,,,,,,,,,,,,,,,,,,,,,,,,,,,,,,,,,,,,,,,,,,,,,,,,,,,,,,,,,,,,,,,,,,,4287,今井 貴士,94期,福岡,福岡,42,A2,,0,0,0.17,6.46,47.6,67.2,7.59,72.4,82.7,0,78,16.6,33.3,0,55,37.6,53.7,5,,,,,,,,,,,,,,,,,,,,,,,,,,,,,,,,,,,,,,,,,,,,,,,,,,,,,,,,,,,,,,,,,,,,,,,5321,一色 颯輝,133期,愛知,愛知,24,B1,,1,0,0.2,4.86,31.5,46.5,4.11,33.3,33.3,0,73,35.6,51.4,0,56,31.7,40.0,3,,,,,,,,,,,,,,,,,,,,,,,,,,,,,,,,,,,,,,,,,,,,,,,,,,,,,,,,,,,,,,,,,,,,,,
202609111212,2026-09-11,12,12R,4959,井上 忠政,119期,大阪,大阪,30,A1,,0,0,0.15,7.51,56.3,71.4,6.68,48.4,65.4,0,71,31.6,50.5,0,14,29.4,41.0,7,,,,,,,,,,,,,,,,,,,,,,,,,,,,,,,,,,,,,,,,,,,,,,,,,,,,,,,,,,,,,,,,,,,,,,,4218,吉川 喜継,92期,滋賀,滋賀,45,A1,,1,0,0.15,6.48,50.9,69.2,7.02,49.0,68.6,0,17,36.0,49.4,0,37,30.7,39.5,4,,,,,,,,,,,,,,,,,,,,,,,,,,,,,,,,,,,,,,,,,,,,,,,,,,,,,,,,,,,,,,,,,,,,,,,5158,宮脇 遼太,127期,福岡,福岡,28,A1,,0,0,0.16,6.31,52.2,62.8,7.19,62.5,75.0,0,85,35.4,55.2,0,31,37.3,53.8,6,,,,,,,,,,,,,,,,,,,,,,,,,,,,,,,,,,,,,,,,,,,,,,,,,,,,,,,,,,,,,,,,,,,,,,,5043,中村 日向,122期,香川,香川,27,A1,,0,0,0.13,7.24,61.1,72.7,5.0,14.2,28.5,0,83,25.8,41.9,0,89,32.9,47.5,8,,,,,,,,,,,,,,,,,,,,,,,,,,,,,,,,,,,,,,,,,,,,,,,,,,,,,,,,,,,,,,,,,,,,,,,4063,市橋 卓士,86期,徳島,徳島,47,A1,,0,0,0.14,6.13,40.0,60.8,5.84,45.9,59.4,0,33,31.2,41.6,0,29,34.0,50.5,2,,,,,,,,,,,,,,,,,,,,,,,,,,,,,,,,,,,,,,,,,,,,,,,,,,,,,,,,,,,,,,,,,,,,,,,4311,岡村 仁,95期,大阪,大阪,42,A1,,1,0,0.15,6.39,50.5,63.4,6.46,47.7,67.9,0,77,34.7,52.6,0,28,37.5,54.5,3,,,,,,,,,,,,,,,,,,,,,,,,,,,,,,,,,,,,,,,,,,,,,,,,,,,,,,,,,,,,,,,,,,,,,,
202609111301,2026-09-11,13,01R,5307,富永 夏哉人,132期,佐賀,佐賀,23,B1,,0,0,0.19,4.5,27.6,39.3,0.0,0.0,0.0,0,36,36.4,51.4,0,66,27.7,44.5,5,1,2,2,0.24,3,7,6,6,0.17,5,,,,,,7,6,5,0.12,3,4,1,1,0.28,3,,,,,,5,6,6,0.33,6,9,3,3,0.11,6,,,,,,,,,,,,,,,,,,,,,,,,,,,,,,,4729,佐藤 謙史朗,111期,福岡,大分,37,B1,,0,0,0.19,4.45,23.0,38.4,3.43,14.2,14.2,0,31,31.4,51.8,0,75,39.0,55.0,5,5,5,5,0.06,4,,,,,,5,4,4,0.13,2,12,2,2,0.26,5,5,4,3,0.21,5,,,,,,1,6,6,0.16,4,7,1,1,0.23,2,,,,,,,,,,,,,,,,,,,,,,,,,,,,,,,3984,坂口 周,83期,三重,三重,48,A1,,0,0,0.17,6.27,40.1,64.5,6.87,52.1,73.9,0,59,20.0,33.6,0,54,33.9,47.1,11,4,5,5,0.22,4,12,2,2,0.12,6,2,5,6,0.17,4,8,3,3,0.15,2,6,4,4,0.13,3,11,1,1,0.14,1,4,1,1,0.18,3,11,6,6,0.17,5,,,,,,,,,,,,,,,,,,,,,,,,,,,,,,,4672,守屋 大地,109期,岡山,岡山,40,B1,,0,0,0.18,4.44,27.8,41.2,3.79,14.2,28.5,0,39,47.6,65.7,0,52,26.7,47.5,6,6,3,3,0.15,2,,,,,,2,1,1,0.25,2,12,4,4,0.18,6,,,,,,10,6,6,0.17,5,1,5,5,0.14,5,8,2,2,0.16,3,,,,,,,,,,,,,,,,,,,,,,,,,,,,,,,3663,木山 和幸,73期,広島,広島,56,B1,,0,0,0.18,5.38,35.0,52.5,4.57,21.4,42.8,0,43,15.7,31.4,0,28,25.4,40.2,9,2,5,6,0.28,4,7,4,3,0.15,2,3,1,1,0.26,3,,,,,,3,4,4,0.12,4,11,2,2,0.15,5,2,4,5,0.15,3,,,,,,,,,,,,,,,,,,,,,,,,,,,,,,,,,,,,5448,福田 柊人,138期,山口,山口,23,B2,,0,0,0.0,1.14,0.0,0.0,0.0,0.0,0.0,0,29,27.1,40.7,0,44,43.2,59.6,,3,6,6,0.33,6,,,,,,1,6,5,0.15,5,,,,,,2,6,4,0.09,6,6,6,6,0.15,6,2,6,4,0.22,6,7,6,6,0.27,6,,,,,,,,,,,,,,,,,,,,,,,,,,,,,,
202609111302,2026-09-11,13,02R,4176,樋口 喜彦,90期,兵庫,大阪,43,B2,,0,0,0.18,3.35,15.7,26.3,4.27,18.1,34.5,0,26,39.8,58.3,0,15,32.0,52.4,6,2,1,1,0.37,5,,,,,,1,5,6,0.17,4,6,2,2,0.13,5,6,3,3,0.17,4,,,,,,1,4,4,0.28,3,6,5,5,0.03,5,,,,,,,,,,,,,,,,,,,,,,,,,,,,,,,3584,佐々木 英樹,70期,広島,広島,53,B1,,0,0,0.17,4.98,33.6,50.5,5.12,32.0,48.0,0,58,20.6,29.9,0,51,29.5,40.0,6,6,6,6,0.22,5,10,3,3,0.15,5,1,2,2,0.28,2,,,,,,2,1,1,0.22,5,9,5,5,0.16,4,3,4,4,0.09,3,,,,,,,,,,,,,,,,,,,,,,,,,,,,,,,,,,,,5244,黒田 剛,130期,福岡,福岡,26,B1,,1,0,0.16,3.9,18.0,27.7,4.25,12.5,25.0,0,44,36.7,54.7,0,21,46.6,57.1,8,3,5,5,0.22,5,,,,,,6,3,3,0.09,4,10,2,2,0.03,4,,,,,,7,4,4,0.08,4,2,1,1,0.21,2,6,6,6,0.15,6,,,,,,,,,,,,,,,,,,,,,,,,,,,,,,,3581,加木 郁,70期,山口,山口,53,B1,,0,0,0.2,5.55,37.2,54.9,4.81,14.8,33.3,0,33,25.7,45.5,0,32,30.7,50.9,7,,,,,,8,2,2,0.22,3,2,4,5,0.29,5,9,3,3,0.16,5,,,,,,8,4,4,0.13,6,1,1,1,0.22,2,9,6,6,0.21,5,,,,,,,,,,,,,,,,,,,,,,,,,,,,,,,4750,井上 尚悟,112期,大阪,大阪,39,B1,,0,0,0.16,5.32,34.4,50.0,4.6,20.0,48.0,0,53,30.4,44.7,0,22,29.1,48.5,8,1,1,1,0.14,2,8,5,5,0.27,6,,,,,,8,2,2,0.12,5,2,3,3,0.09,3,7,6,6,0.22,5,4,4,4,0.16,6,,,,,,,,,,,,,,,,,,,,,,,,,,,,,,,,,,,,5372,上岡 巧汰,135期,広島,広島,23,B2,,1,0,0.15,2.08,3.3,10.0,3.0,0.0,25.0,0,61,45.3,55.5,0,57,36.5,52.8,7,1,6,6,0.24,5,,,,,,2,6,4,0.18,6,,,,,,1,5,5,0.07,6,5,5,4,0.19,6,3,5,5,0.04,5,8,6,6,0.11,5,,,,,,,,,,,,,,,,,,,,,,,,,,,,,,
202609111303,2026-09-11,13,03R,4247,齊藤 優,93期,徳島,徳島,44,B1,,0,0,0.17,5.3,32.5,51.1,4.29,16.6,28.5,0,14,27.5,39.8,0,34,43.1,66.0,11,3,3,3,0.16,1,8,6,6,0.24,5,,,,,,7,1,1,0.16,2,3,2,2,0.1,3,12,5,5,0.02,4,6,2,2,0.1,2,12,6,6,0.22,5,,,,,,,,,,,,,,,,,,,,,,,,,,,,,,,4515,藤田 浩人,102期,佐賀,佐賀,40,A2,,0,0,0.17,5.53,33.8,59.5,5.36,36.3,63.6,0,23,54.8,66.3,0,17,20.0,41.0,10,5,3,3,0.09,3,11,4,4,0.12,4,,,,,,8,5,6,0.15,3,3,1,1,0.15,1,10,5,5,0.21,3,7,2,2,0.17,3,11,5,5,0.15,4,,,,,,,,,,,,,,,,,,,,,,,,,,,,,,,3577,向所 浩二,70期,兵庫,兵庫,53,B1,,0,0,0.17,4.34,17.1,36.8,4.87,28.8,42.2,0,5,37.0,51.8,0,48,29.8,46.1,8,4,1,1,0.21,5,,,,,,3,6,5,0.06,5,7,4,3,0.25,6,1,4,4,0.04,1,,,,,,3,6,6,0.04,2,9,2,2,0.06,2,,,,,,,,,,,,,,,,,,,,,,,,,,,,,,,3838,伊藤 啓三,78期,埼玉,埼玉,51,B1,,0,0,0.16,5.44,33.3,56.9,5.15,30.0,50.0,0,9,43.4,66.9,0,27,17.8,32.6,7,5,1,1,0.08,2,10,5,5,0.06,3,4,6,6,0.18,5,,,,,,1,2,2,0.12,4,11,4,4,0.12,6,2,3,3,0.17,1,,,,,,,,,,,,,,,,,,,,,,,,,,,,,,,,,,,,4172,森定 晃史,90期,岡山,岡山,43,A2,,0,0,0.17,5.94,38.7,65.7,6.7,60.0,70.0,0,41,17.4,36.0,0,59,38.8,55.3,9,1,3,3,0.23,4,11,6,6,0.21,6,3,4,4,0.09,4,9,1,1,0.12,1,,,,,,10,2,2,0.2,4,5,5,5,0.22,4,,,,,,,,,,,,,,,,,,,,,,,,,,,,,,,,,,,,4121,富永 修一,88期,福岡,福岡,44,A2,,0,0,0.14,5.87,42.1,54.2,6.0,36.8,63.1,0,28,25.7,39.1,0,49,36.4,51.4,10,4,2,2,0.22,2,10,6,6,0.08,6,,,,,,9,4,4,0.11,2,7,1,1,0.12,2,11,3,3,0.12,2,7,3,3,0.15,4,12,5,5,0.22,3,,,,,,,,,,,,,,,,,,,,,,,,,,,,,,
202609111304,2026-09-11,13,04R,4902,山川 雄大,117期,兵庫,兵庫,33,B1,,0,0,0.2,4.26,28.7,40.2,4.91,32.0,49.0,0,37,39.0,56.3,0,39,33.3,47.0,11,1,4,4,0.26,1,10,2,2,0.14,2,5,1,1,0.22,5,,,,,,,,,,,8,5,5,0.16,3,4,3,3,0.17,5,10,6,6,0.29,6,,,,,,,,,,,,,,,,,,,,,,,,,,,,,,,3853,岩崎 正哉,79期,福岡,福岡,54,A2,,0,0,0.2,5.9,38.1,53.3,6.35,45.1,58.0,0,19,26.0,38.5,0,35,36.7,55.6,9,,,,,,8,4,4,0.29,4,4,2,2,0.14,4,12,6,6,0.26,4,4,3,3,0.21,5,8,1,1,0.11,1,,,,,,9,5,5,0.17,4,,,,,,,,,,,,,,,,,,,,,,,,,,,,,,,4251,川崎 誠志,93期,山口,山口,43,B1,,0,0,0.21,4.6,23.6,40.8,4.78,18.5,48.1,0,4,49.5,61.9,0,55,38.6,64.1,10,5,6,6,0.11,6,,,,,,2,2,2,0.24,1,6,5,5,0.14,2,,,,,,9,1,1,0.31,1,5,4,4,0.22,3,12,3,3,0.51,6,,,,,,,,,,,,,,,,,,,,,,,,,,,,,,,4049,荒川 健太,85期,三重,三重,45,A2,,0,0,0.17,6.16,41.4,63.9,5.03,34.3,37.5,0,46,30.7,50.9,0,19,40.5,63.2,8,5,4,4,0.09,5,9,1,1,0.15,1,,,,,,11,2,2,0.08,5,3,6,6,0.08,5,9,3,3,0.21,5,,,,,,7,5,5,0.15,5,,,,,,,,,,,,,,,,,,,,,,,,,,,,,,,2878,富山 弘幸,43期,大阪,大阪,68,B1,,0,0,0.17,5.54,31.7,58.8,6.17,44.4,66.6,0,55,44.4,61.1,0,58,28.0,43.9,9,2,3,3,0.23,2,11,5,5,0.13,5,4,1,1,0.14,3,,,,,,1,6,6,0.14,2,7,2,2,0.17,6,,,,,,7,4,4,0.14,1,,,,,,,,,,,,,,,,,,,,,,,,,,,,,,,3548,室田 泰史,69期,福井,福井,56,A2,,0,0,0.12,5.13,33.0,49.1,5.05,26.3,47.3,0,3,36.3,53.5,0,13,33.3,52.3,8,2,4,4,0.25,3,8,1,1,0.18,2,7,3,2,0.25,5,11,6,6,0.16,4,,,,,,8,3,3,0.03,4,,,,,,8,5,5,0.08,4,,,,,,,,,,,,,,,,,,,,,,,,,,,,,,
202609111305,2026-09-11,13,05R,4042,丸岡 正典,85期,大阪,大阪,47,A2,,1,0,0.17,6.85,47.8,68.4,5.79,28.5,46.4,0,51,27.1,46.7,0,63,25.4,39.6,10,3,4,4,0.16,2,10,1,1,0.16,1,1,3,3,0.16,1,10,6,5,0.24,5,,,,,,11,6,6,0.19,4,4,2,2,0.16,1,10,4,3,0.26,5,,,,,,,,,,,,,,,,,,,,,,,,,,,,,,,4039,村上 功祐,85期,大阪,大阪,47,B1,,0,0,0.15,5.84,44.2,60.5,5.26,30.4,56.5,0,27,23.4,42.5,0,26,48.5,57.1,9,,,,,,7,1,1,0.19,4,4,5,5,0.13,2,11,3,3,0.1,2,4,6,6,0.19,4,10,4,4,0.22,6,2,2,2,0.23,4,,,,,,,,,,,,,,,,,,,,,,,,,,,,,,,,,,,,3975,小野寺 智洋,83期,香川,香川,49,A2,,0,0,0.14,5.47,34.2,50.9,5.69,27.5,58.6,0,42,17.9,33.9,0,53,30.3,42.1,9,,,,,,7,5,5,0.15,6,5,6,6,0.11,3,9,2,2,0.11,3,6,1,1,0.08,1,12,4,4,0.06,3,,,,,,9,1,1,0.03,1,,,,,,,,,,,,,,,,,,,,,,,,,,,,,,,4729,佐藤 謙史朗,111期,福岡,大分,37,B1,,0,0,0.19,4.45,23.0,38.4,3.43,14.2,14.2,0,31,31.4,51.8,0,75,39.0,55.0,1,5,5,5,0.06,4,,,,,,5,4,4,0.13,2,12,2,2,0.26,5,5,4,3,0.21,5,,,,,,1,6,6,0.16,4,7,1,1,0.23,2,,,,,,,,,,,,,,,,,,,,,,,,,,,,,,,5307,富永 夏哉人,132期,佐賀,佐賀,23,B1,,0,0,0.19,4.5,27.6,39.3,0.0,0.0,0.0,0,36,36.4,51.4,0,66,27.7,44.5,1,1,2,2,0.24,3,7,6,6,0.17,5,,,,,,7,6,5,0.12,3,4,1,1,0.28,3,,,,,,5,6,6,0.33,6,9,3,3,0.11,6,,,,,,,,,,,,,,,,,,,,,,,,,,,,,,,4308,河村 了,95期,愛知,愛知,42,A1,,0,0,0.17,6.73,46.5,70.6,7.14,60.7,71.4,0,12,46.7,64.4,0,33,32.0,50.4,11,3,2,2,0.15,4,12,4,4,0.15,2,5,5,5,0.13,1,11,1,1,0.13,1,1,3,3,0.14,3,8,6,6,0.14,5,5,1,1,0.21,2,11,3,3,0.13,3,,,,,,,,,,,,,,,,,,,,,,,,,,,,,,
202609111306,2026-09-11,13,06R,4079,出畑 孝典,87期,福岡,福岡,47,A2,,0,0,0.19,6.06,41.1,61.0,5.64,18.1,72.7,0,1,35.2,45.7,0,40,23.7,45.5,10,,,,,,9,3,3,0.12,2,6,1,1,0.11,1,11,5,5,0.14,6,2,2,2,0.1,1,12,6,6,0.04,6,3,2,2,0.13,6,11,4,4,0.14,6,,,,,,,,,,,,,,,,,,,,,,,,,,,,,,,3870,寺嶋 雄,79期,福井,福井,50,B1,,0,0,0.18,4.19,18.9,30.5,4.12,14.7,29.4,0,10,33.0,50.4,0,46,37.3,56.5,,6,2,2,0.18,6,,,,,,1,1,1,0.25,6,9,5,5,0.14,6,3,3,3,0.12,6,,,,,,2,5,6,0.19,5,8,4,4,0.12,6,,,,,,,,,,,,,,,,,,,,,,,,,,,,,,,4672,守屋 大地,109期,岡山,岡山,40,B1,,0,0,0.18,4.44,27.8,41.2,3.79,14.2,28.5,0,39,47.6,65.7,0,52,26.7,47.5,1,6,3,3,0.15,2,,,,,,2,1,1,0.25,2,12,4,4,0.18,6,,,,,,10,6,6,0.17,5,1,5,5,0.14,5,8,2,2,0.16,3,,,,,,,,,,,,,,,,,,,,,,,,,,,,,,,4184,渡邊 雄一郎,90期,大阪,大阪,40,A1,,0,0,0.17,7.2,57.7,74.4,6.52,42.6,72.1,0,63,43.8,61.9,0,23,32.0,43.4,10,6,1,1,0.16,1,12,3,3,0.13,3,7,5,4,0.08,1,12,5,5,0.19,2,5,3,2,0.17,3,9,6,6,0.16,3,6,1,1,0.09,1,10,3,2,0.18,4,,,,,,,,,,,,,,,,,,,,,,,,,,,,,,,3584,佐々木 英樹,70期,広島,広島,53,B1,,0,0,0.17,4.98,33.6,50.5,5.12,32.0,48.0,0,58,20.6,29.9,0,51,29.5,40.0,2,6,6,6,0.22,5,10,3,3,0.15,5,1,2,2,0.28,2,,,,,,2,1,1,0.22,5,9,5,5,0.16,4,3,4,4,0.09,3,,,,,,,,,,,,,,,,,,,,,,,,,,,,,,,,,,,,4176,樋口 喜彦,90期,兵庫,大阪,43,B2,,0,0,0.18,3.35,15.7,26.3,4.27,18.1,34.5,0,26,39.8,58.3,0,15,32.0,52.4,2,2,1,1,0.37,5,,,,,,1,5,6,0.17,4,6,2,2,0.13,5,6,3,3,0.17,4,,,,,,1,4,4,0.28,3,6,5,5,0.03,5,,,,,,,,,,,,,,,,,,,,,,,,,,,,,,
202609111307,2026-09-11,13,07R,4608,荒井 翔伍,106期,東京,千葉,36,A2,,0,0,0.17,5.99,41.9,60.2,7.43,71.4,71.4,0,62,26.5,41.8,0,67,25.9,43.2,11,2,2,2,0.19,1,10,4,4,0.05,4,,,,,,10,1,1,0.02,2,5,6,6,0.21,2,12,3,3,0.07,5,4,5,5,0.07,2,12,4,4,0.21,4,,,,,,,,,,,,,,,,,,,,,,,,,,,,,,,3838,伊藤 啓三,78期,埼玉,埼玉,51,B1,,0,0,0.16,5.44,33.3,56.9,5.15,30.0,50.0,0,9,43.4,66.9,0,27,17.8,32.6,3,5,1,1,0.08,2,10,5,5,0.06,3,4,6,6,0.18,5,,,,,,1,2,2,0.12,4,11,4,4,0.12,6,2,3,3,0.17,1,,,,,,,,,,,,,,,,,,,,,,,,,,,,,,,,,,,,3581,加木 郁,70期,山口,山口,53,B1,,0,0,0.2,5.55,37.2,54.9,4.81,14.8,33.3,0,33,25.7,45.5,0,32,30.7,50.9,2,,,,,,8,2,2,0.22,3,2,4,5,0.29,5,9,3,3,0.16,5,,,,,,8,4,4,0.13,6,1,1,1,0.22,2,9,6,6,0.21,5,,,,,,,,,,,,,,,,,,,,,,,,,,,,,,,5089,前田 翔,124期,愛知,愛知,26,A1,,0,0,0.16,7.2,57.6,77.1,7.2,53.3,86.6,0,54,40.9,50.9,0,25,29.5,44.7,11,5,2,2,0.09,1,12,6,6,0.14,5,6,4,4,0.1,3,12,1,1,0.22,1,2,4,5,0.16,2,10,3,3,0.21,2,1,3,3,0.19,1,10,5,5,0.23,3,,,,,,,,,,,,,,,,,,,,,,,,,,,,,,,5372,上岡 巧汰,135期,広島,広島,23,B2,,1,0,0.15,2.08,3.3,10.0,3.0,0.0,25.0,0,61,45.3,55.5,0,57,36.5,52.8,2,1,6,6,0.24,5,,,,,,2,6,4,0.18,6,,,,,,1,5,5,0.07,6,5,5,4,0.19,6,3,5,5,0.04,5,8,6,6,0.11,5,,,,,,,,,,,,,,,,,,,,,,,,,,,,,,,3860,松本 浩貴,79期,埼玉,埼玉,53,B1,賞除,0,0,0.2,3.6,13.5,25.9,4.11,22.2,33.3,0,40,43.8,59.0,0,61,30.1,44.3,,1,5,5,0.24,6,9,2,2,0.25,3,4,3,3,0.16,6,,,,,,,,,,,9,4,4,0.17,6,4,6,6,0.04,4,8,1,1,0.19,1,,,,,,,,,,,,,,,,,,,,,,,,,,,,,,
202609111308,2026-09-11,13,08R,3548,室田 泰史,69期,福井,福井,56,A2,,0,0,0.12,5.13,33.0,49.1,5.05,26.3,47.3,0,3,36.3,53.5,0,13,33.3,52.3,4,2,4,4,0.25,3,8,1,1,0.18,2,7,3,2,0.25,5,11,6,6,0.16,4,,,,,,8,3,3,0.03,4,,,,,,8,5,5,0.08,4,,,,,,,,,,,,,,,,,,,,,,,,,,,,,,,4049,荒川 健太,85期,三重,三重,45,A2,,0,0,0.17,6.16,41.4,63.9,5.03,34.3,37.5,0,46,30.7,50.9,0,19,40.5,63.2,4,5,4,4,0.09,5,9,1,1,0.15,1,,,,,,11,2,2,0.08,5,3,6,6,0.08,5,9,3,3,0.21,5,,,,,,7,5,5,0.15,5,,,,,,,,,,,,,,,,,,,,,,,,,,,,,,,4750,井上 尚悟,112期,大阪,大阪,39,B1,,0,0,0.16,5.32,34.4,50.0,4.6,20.0,48.0,0,53,30.4,44.7,0,22,29.1,48.5,2,1,1,1,0.14,2,8,5,5,0.27,6,,,,,,8,2,2,0.12,5,2,3,3,0.09,3,7,6,6,0.22,5,4,4,4,0.16,6,,,,,,,,,,,,,,,,,,,,,,,,,,,,,,,,,,,,5244,黒田 剛,130期,福岡,福岡,26,B1,,1,0,0.16,3.9,18.0,27.7,4.25,12.5,25.0,0,44,36.7,54.7,0,21,46.6,57.1,2,3,5,5,0.22,5,,,,,,6,3,3,0.09,4,10,2,2,0.03,4,,,,,,7,4,4,0.08,4,2,1,1,0.21,2,6,6,6,0.15,6,,,,,,,,,,,,,,,,,,,,,,,,,,,,,,,3577,向所 浩二,70期,兵庫,兵庫,53,B1,,0,0,0.17,4.34,17.1,36.8,4.87,28.8,42.2,0,5,37.0,51.8,0,48,29.8,46.1,3,4,1,1,0.21,5,,,,,,3,6,5,0.06,5,7,4,3,0.25,6,1,4,4,0.04,1,,,,,,3,6,6,0.04,2,9,2,2,0.06,2,,,,,,,,,,,,,,,,,,,,,,,,,,,,,,,4036,金田 諭,85期,埼玉,埼玉,47,A1,賞除,0,0,0.16,6.37,44.2,69.2,6.3,50.0,70.0,0,21,19.8,43.4,0,69,25.7,44.5,,6,4,4,0.08,4,11,1,1,0.09,1,5,2,2,0.21,4,10,4,6,0.17,6,3,5,5,0.08,2,7,3,3,0.15,3,,,,,,9,4,4,0.2,3,,,,,,,,,,,,,,,,,,,,,,,,,,,,,,
202609111309,2026-09-11,13,09R,4172,森定 晃史,90期,岡山,岡山,43,A2,,0,0,0.17,5.94,38.7,65.7,6.7,60.0,70.0,0,41,17.4,36.0,0,59,38.8,55.3,3,1,3,3,0.23,4,11,6,6,0.21,6,3,4,4,0.09,4,9,1,1,0.12,1,,,,,,10,2,2,0.2,4,5,5,5,0.22,4,,,,,,,,,,,,,,,,,,,,,,,,,,,,,,,,,,,,2878,富山 弘幸,43期,大阪,大阪,68,B1,,0,0,0.17,5.54,31.7,58.8,6.17,44.4,66.6,0,55,44.4,61.1,0,58,28.0,43.9,4,2,3,3,0.23,2,11,5,5,0.13,5,4,1,1,0.14,3,,,,,,1,6,6,0.14,2,7,2,2,0.17,6,,,,,,7,4,4,0.14,1,,,,,,,,,,,,,,,,,,,,,,,,,,,,,,,3663,木山 和幸,73期,広島,広島,56,B1,,0,0,0.18,5.38,35.0,52.5,4.57,21.4,42.8,0,43,15.7,31.4,0,28,25.4,40.2,1,2,5,6,0.28,4,7,4,3,0.15,2,3,1,1,0.26,3,,,,,,3,4,4,0.12,4,11,2,2,0.15,5,2,4,5,0.15,3,,,,,,,,,,,,,,,,,,,,,,,,,,,,,,,,,,,,3853,岩崎 正哉,79期,福岡,福岡,54,A2,,0,0,0.2,5.9,38.1,53.3,6.35,45.1,58.0,0,19,26.0,38.5,0,35,36.7,55.6,4,,,,,,8,4,4,0.29,4,4,2,2,0.14,4,12,6,6,0.26,4,4,3,3,0.21,5,8,1,1,0.11,1,,,,,,9,5,5,0.17,4,,,,,,,,,,,,,,,,,,,,,,,,,,,,,,,4039,村上 功祐,85期,大阪,大阪,47,B1,,0,0,0.15,5.84,44.2,60.5,5.26,30.4,56.5,0,27,23.4,42.5,0,26,48.5,57.1,5,,,,,,7,1,1,0.19,4,4,5,5,0.13,2,11,3,3,0.1,2,4,6,6,0.19,4,10,4,4,0.22,6,2,2,2,0.23,4,,,,,,,,,,,,,,,,,,,,,,,,,,,,,,,,,,,,3975,小野寺 智洋,83期,香川,香川,49,A2,,0,0,0.14,5.47,34.2,50.9,5.69,27.5,58.6,0,42,17.9,33.9,0,53,30.3,42.1,5,,,,,,7,5,5,0.15,6,5,6,6,0.11,3,9,2,2,0.11,3,6,1,1,0.08,1,12,4,4,0.06,3,,,,,,9,1,1,0.03,1,,,,,,,,,,,,,,,,,,,,,,,,,,,,,,
202609111310,2026-09-11,13,10R,4121,富永 修一,88期,福岡,福岡,44,A2,,0,0,0.14,5.87,42.1,54.2,6.0,36.8,63.1,0,28,25.7,39.1,0,49,36.4,51.4,3,4,2,2,0.22,2,10,6,6,0.08,6,,,,,,9,4,4,0.11,2,7,1,1,0.12,2,11,3,3,0.12,2,7,3,3,0.15,4,12,5,5,0.22,3,,,,,,,,,,,,,,,,,,,,,,,,,,,,,,,4184,渡邊 雄一郎,90期,大阪,大阪,40,A1,,0,0,0.17,7.2,57.7,74.4,6.52,42.6,72.1,0,63,43.8,61.9,0,23,32.0,43.4,6,6,1,1,0.16,1,12,3,3,0.13,3,7,5,4,0.08,1,12,5,5,0.19,2,5,3,2,0.17,3,9,6,6,0.16,3,6,1,1,0.09,1,10,3,2,0.18,4,,,,,,,,,,,,,,,,,,,,,,,,,,,,,,,4515,藤田 浩人,102期,佐賀,佐賀,40,A2,,0,0,0.17,5.53,33.8,59.5,5.36,36.3,63.6,0,23,54.8,66.3,0,17,20.0,41.0,3,5,3,3,0.09,3,11,4,4,0.12,4,,,,,,8,5,6,0.15,3,3,1,1,0.15,1,10,5,5,0.21,3,7,2,2,0.17,3,11,5,5,0.15,4,,,,,,,,,,,,,,,,,,,,,,,,,,,,,,,4042,丸岡 正典,85期,大阪,大阪,47,A2,,1,0,0.17,6.85,47.8,68.4,5.79,28.5,46.4,0,51,27.1,46.7,0,63,25.4,39.6,5,3,4,4,0.16,2,10,1,1,0.16,1,1,3,3,0.16,1,10,6,5,0.24,5,,,,,,11,6,6,0.19,4,4,2,2,0.16,1,10,4,3,0.26,5,,,,,,,,,,,,,,,,,,,,,,,,,,,,,,,4251,川崎 誠志,93期,山口,山口,43,B1,,0,0,0.21,4.6,23.6,40.8,4.78,18.5,48.1,0,4,49.5,61.9,0,55,38.6,64.1,4,5,6,6,0.11,6,,,,,,2,2,2,0.24,1,6,5,5,0.14,2,,,,,,9,1,1,0.31,1,5,4,4,0.22,3,12,3,3,0.51,6,,,,,,,,,,,,,,,,,,,,,,,,,,,,,,,4079,出畑 孝典,87期,福岡,福岡,47,A2,,0,0,0.19,6.06,41.1,61.0,5.64,18.1,72.7,0,1,35.2,45.7,0,40,23.7,45.5,6,,,,,,9,3,3,0.12,2,6,1,1,0.11,1,11,5,5,0.14,6,2,2,2,0.1,1,12,6,6,0.04,6,3,2,2,0.13,6,11,4,4,0.14,6,,,,,,,,,,,,,,,,,,,,,,,,,,,,,,
202609111311,2026-09-11,13,11R,4308,河村 了,95期,愛知,愛知,42,A1,,0,0,0.17,6.73,46.5,70.6,7.14,60.7,71.4,0,12,46.7,64.4,0,33,32.0,50.4,5,3,2,2,0.15,4,12,4,4,0.15,2,5,5,5,0.13,1,11,1,1,0.13,1,1,3,3,0.14,3,8,6,6,0.14,5,5,1,1,0.21,2,11,3,3,0.13,3,,,,,,,,,,,,,,,,,,,,,,,,,,,,,,,5089,前田 翔,124期,愛知,愛知,26,A1,,0,0,0.16,7.2,57.6,77.1,7.2,53.3,86.6,0,54,40.9,50.9,0,25,29.5,44.7,7,5,2,2,0.09,1,12,6,6,0.14,5,6,4,4,0.1,3,12,1,1,0.22,1,2,4,5,0.16,2,10,3,3,0.21,2,1,3,3,0.19,1,10,5,5,0.23,3,,,,,,,,,,,,,,,,,,,,,,,,,,,,,,,4608,荒井 翔伍,106期,東京,千葉,36,A2,,0,0,0.17,5.99,41.9,60.2,7.43,71.4,71.4,0,62,26.5,41.8,0,67,25.9,43.2,7,2,2,2,0.19,1,10,4,4,0.05,4,,,,,,10,1,1,0.02,2,5,6,6,0.21,2,12,3,3,0.07,5,4,5,5,0.07,2,12,4,4,0.21,4,,,,,,,,,,,,,,,,,,,,,,,,,,,,,,,3984,坂口 周,83期,三重,三重,48,A1,,0,0,0.17,6.27,40.1,64.5,6.87,52.1,73.9,0,59,20.0,33.6,0,54,33.9,47.1,1,4,5,5,0.22,4,12,2,2,0.12,6,2,5,6,0.17,4,8,3,3,0.15,2,6,4,4,0.13,3,11,1,1,0.14,1,4,1,1,0.18,3,11,6,6,0.17,5,,,,,,,,,,,,,,,,,,,,,,,,,,,,,,,4247,齊藤 優,93期,徳島,徳島,44,B1,,0,0,0.17,5.3,32.5,51.1,4.29,16.6,28.5,0,14,27.5,39.8,0,34,43.1,66.0,3,3,3,3,0.16,1,8,6,6,0.24,5,,,,,,7,1,1,0.16,2,3,2,2,0.1,3,12,5,5,0.02,4,6,2,2,0.1,2,12,6,6,0.22,5,,,,,,,,,,,,,,,,,,,,,,,,,,,,,,,4902,山川 雄大,117期,兵庫,兵庫,33,B1,,0,0,0.2,4.26,28.7,40.2,4.91,32.0,49.0,0,37,39.0,56.3,0,39,33.3,47.0,4,1,4,4,0.26,1,10,2,2,0.14,2,5,1,1,0.22,5,,,,,,,,,,,8,5,5,0.16,3,4,3,3,0.17,5,10,6,6,0.29,6,,,,,,,,,,,,,,,,,,,,,,,,,,,,,,
202609111312,2026-09-11,13,12R,4002,古結 宏,84期,兵庫,兵庫,48,A1,,0,0,0.14,6.5,48.6,69.0,7.12,55.9,76.3,0,2,33.6,57.9,0,36,46.3,54.7,,8,3,3,0.19,1,12,1,1,0.14,1,4,4,4,0.09,1,9,6,6,0.18,4,7,5,5,0.02,1,12,2,2,0.07,2,8,3,3,0.13,2,12,1,1,0.21,1,,,,,,,,,,,,,,,,,,,,,,,,,,,,,,,5339,石井 伸長,134期,香川,愛媛,26,B1,,0,0,0.18,4.88,31.9,45.8,7.71,71.4,71.4,0,16,42.8,64.7,0,60,31.3,49.0,,4,6,6,0.18,1,11,3,3,0.09,2,,,,,,10,5,4,0.18,3,5,1,1,0.27,1,11,5,5,0.18,3,5,2,2,0.16,1,11,1,1,0.16,1,,,,,,,,,,,,,,,,,,,,,,,,,,,,,,,4297,山田 哲也,95期,東京,千葉,43,A1,,1,0,0.11,6.3,45.1,63.7,6.69,51.7,62.0,0,17,39.8,50.0,0,41,34.7,47.3,,7,3,2,0.16,3,12,5,5,0.12,4,3,5,6,0.07,2,10,3,3,0.03,1,4,4,4,0.14,2,12,1,1,0.06,1,3,3,3,0.09,4,10,1,1,0.2,1,,,,,,,,,,,,,,,,,,,,,,,,,,,,,,,4152,深水 慎一郎,90期,東京,神奈川,46,A2,,1,0,0.18,5.27,38.0,45.6,5.82,47.0,58.8,0,24,29.6,49.0,0,68,24.7,35.4,,,,,,,9,6,6,0.15,4,8,1,1,0.16,1,12,3,3,0.24,3,4,5,5,0.19,1,9,2,2,0.29,2,6,4,4,0.11,3,11,2,2,0.15,2,,,,,,,,,,,,,,,,,,,,,,,,,,,,,,,5328,井上 慧人,133期,福岡,福岡,22,B1,,0,0,0.19,4.1,18.3,37.9,0.0,0.0,0.0,0,30,25.7,39.1,0,24,26.9,40.3,,6,5,5,0.18,3,,,,,,3,3,3,0.14,1,11,4,4,0.11,3,6,2,2,0.11,2,,,,,,3,1,1,0.19,1,12,2,2,0.19,2,,,,,,,,,,,,,,,,,,,,,,,,,,,,,,,3574,大神 康司,70期,福岡,福岡,54,A1,,0,0,0.16,6.19,47.0,63.7,4.56,31.2,37.5,0,47,22.5,44.1,0,11,29.4,51.9,,7,2,4,0.18,1,11,2,2,0.11,3,2,3,3,0.17,3,7,2,6,0.23,4,5,2,5,0.29,4,10,1,1,0.22,1,5,3,3,0.19,5,10,2,4,0.16,2,,,,,,,,,,,,,,,,,,,,,,,,,,,,,,
202609111401,2026-09-11,14,01R,4372,原田 佑実,97期,大阪,愛知,39,A2,,0,0,0.17,6.06,40.4,59.5,4.77,35.4,45.1,0,56,23.1,37.6,0,79,24.2,50.0,9,3,2,2,0.2,1,11,4,4,0.17,2,4,3,3,0.16,5,12,5,5,0.08,6,,,,,,9,6,6,0.16,4,4,1,1,0.22,1,8,2,2,0.22,2,5,5,5,0.04,4,,,,,,,,,,,,,,,,,,,,,,,,,,5153,佐藤 ほのか,127期,東京,東京,30,B1,,1,0,0.16,3.4,10.1,26.9,0.0,0.0,0.0,0,10,22.5,43.6,0,37,38.9,55.8,5,5,3,3,0.16,4,,,,,,3,2,2,0.15,3,10,5,5,0.14,6,3,6,6,0.18,6,,,,,,7,1,1,0.12,4,11,4,4,0.15,6,1,3,3,0.14,4,,,,,,,,,,,,,,,,,,,,,,,,,,5334,樫葉 新心,133期,徳島,徳島,22,B1,,1,0,0.18,2.8,5.3,17.3,3.11,12.3,22.2,0,32,27.4,54.7,0,19,31.1,53.2,6,4,2,2,0.25,4,10,5,5,0.34,5,2,1,1,0.17,5,,,,,,1,3,3,0.17,6,8,4,4,0.16,5,1,5,5,0.17,2,,,,,,4,6,6,0.23,4,,,,,,,,,,,,,,,,,,,,,,,,,,4720,西澤 日花里,110期,長崎,熊本,32,B1,,1,0,0.2,3.38,13.6,30.3,0.0,0.0,0.0,0,59,40.0,52.8,0,24,30.6,53.3,9,1,3,3,0.04,4,9,6,6,0.17,6,1,4,4,0.18,4,,,,,,4,2,2,0.37,5,11,5,5,0.15,6,6,1,1,0.18,4,,,,,,,,,,,8,3,3,0.55,6,,,,,,,,,,,,,,,,,,,,,4843,深尾 巴恵,115期,静岡,群馬,33,B1,,1,0,0.16,3.72,17.2,27.5,5.5,37.5,50.0,0,69,29.8,48.0,0,18,36.8,46.0,8,4,4,5,0.18,5,11,2,2,0.27,5,5,3,3,0.16,3,,,,,,,,,,,10,1,1,0.22,3,1,4,4,0.15,6,9,6,6,0.3,6,,,,,,7,2,2,0.11,6,,,,,,,,,,,,,,,,,,,,,5440,薗頭 心,137期,兵庫,兵庫,20,B2,,0,0,0.19,1.73,5.3,5.3,2.0,0.0,0.0,0,58,38.2,52.9,0,34,26.5,49.3,6,5,6,6,0.21,6,,,,,,,,,,,9,6,6,0.15,6,1,6,5,0.15,5,10,6,6,0.35,6,,,,,,7,6,6,0.23,6,3,6,6,0.25,6,9,6,5,0.24,6,,,,,,,,,,,,,,,,,,,,
202609111402,2026-09-11,14,02R,4733,赤井 睦,111期,徳島,岡山,37,B1,,0,0,0.15,5.42,37.1,53.2,5.01,27.9,45.5,0,21,24.2,45.7,0,76,33.7,54.0,10,6,6,6,0.07,3,,,,,,4,5,5,0.14,2,11,2,2,0.14,6,2,1,1,0.13,1,9,4,4,0.14,1,3,3,3,0.08,1,12,4,4,0.16,5,4,4,4,0.16,3,10,3,3,0.12,5,,,,,,,,,,,,,,,,,,,,,5180,藤本 紗弥香,128期,山口,山口,28,B2,,0,0,0.21,4.73,26.7,41.0,0.0,0.0,0.0,0,84,21.4,47.1,0,22,25.9,38.9,,1,6,6,0.05,3,7,4,4,0.17,5,,,,,,7,3,3,0.04,5,1,2,2,0.22,4,9,5,5,0.19,2,5,1,1,0.22,4,,,,,,3,4,4,0.19,5,7,5,5,0.14,4,,,,,,,,,,,,,,,,,,,,,4689,豊田 結,109期,静岡,静岡,33,B1,,0,0,0.16,4.85,28.5,47.6,5.91,46.8,53.1,0,78,34.6,51.2,0,62,29.4,41.1,8,3,6,6,0.16,4,9,2,2,0.16,2,2,3,3,0.15,3,,,,,,1,4,4,0.15,2,7,1,1,0.07,3,6,5,5,0.1,5,,,,,,4,3,3,0.13,1,8,1,1,0.27,3,,,,,,,,,,,,,,,,,,,,,5380,野田 亜湖,135期,徳島,徳島,22,B2,,0,0,0.28,1.2,0.0,0.0,1.27,0.0,0.0,0,27,33.3,46.1,0,54,40.7,59.2,9,,,,,,8,4,4,0.27,5,1,5,5,0.22,6,7,6,6,0.17,6,6,6,6,0.35,6,,,,,,,,,,,9,4,4,0.35,5,1,6,6,0.24,6,6,4,4,0.24,6,,,,,,,,,,,,,,,,,,,,,4400,加藤 奈月,98期,福井,福井,38,B1,,0,0,0.18,4.19,13.9,34.1,3.93,6.6,26.6,0,70,40.6,56.2,0,25,21.4,47.1,6,5,1,1,0.31,2,,,,,,4,4,4,0.17,6,10,6,6,0.21,5,,,,,,8,5,5,0.14,4,3,2,2,0.15,5,8,3,3,0.22,4,1,2,2,0.16,3,,,,,,,,,,,,,,,,,,,,,,,,,,4845,前田 紗希,115期,埼玉,埼玉,33,A1,,2,0,0.13,6.04,44.0,59.5,7.78,61.1,72.2,0,36,23.0,33.3,0,33,53.3,65.3,7,5,4,4,0.25,3,12,3,3,0.25,6,2,2,2,0.19,1,8,5,5,0.23,4,,,,,,9,1,1,0.21,3,3,5,5,0.16,4,9,1,1,0.17,3,2,2,2,0.22,5,8,6,6,0.25,4,,,,,,,,,,,,,,,,,,,,
202609111403,2026-09-11,14,03R,5189,藤原 早菜,128期,岡山,岡山,25,A2,,0,0,0.2,5.09,28.3,46.9,3.29,0.0,28.5,0,74,27.6,51.3,0,71,22.5,38.0,8,5,5,5,0.22,5,10,2,2,0.41,3,7,4,4,0.11,4,11,3,3,0.16,1,4,1,1,0.41,6,,,,,,2,6,6,0.13,4,11,3,3,0.38,4,,,,,,8,4,4,0.17,2,,,,,,,,,,,,,,,,,,,,,3470,新田 芳美,66期,徳島,徳島,56,B1,,0,0,0.17,5.19,26.0,46.5,4.92,27.2,46.7,0,83,23.0,34.6,0,26,30.7,48.7,11,1,2,2,0.03,2,11,6,6,0.24,4,,,,,,9,1,1,0.2,2,2,3,3,0.19,4,7,5,5,0.13,5,5,4,4,0.08,1,,,,,,6,1,1,0.28,5,11,6,6,0.18,4,,,,,,,,,,,,,,,,,,,,,4611,今井 美亜,106期,福井,富山,36,A1,,0,0,0.15,6.09,40.3,57.0,5.84,40.0,48.0,0,71,36.6,54.9,0,32,33.7,59.4,10,1,1,1,0.01,1,10,4,4,0.31,2,3,5,5,0.09,6,12,2,2,0.16,5,8,3,3,0.1,1,12,1,1,0.13,2,2,5,5,0.04,5,,,,,,7,3,3,0.1,3,12,5,5,0.15,3,,,,,,,,,,,,,,,,,,,,,4984,森下 愛梨,120期,静岡,静岡,29,B1,,0,0,0.21,4.8,28.9,43.3,6.0,33.3,62.9,0,33,40.2,61.1,0,68,28.1,46.4,7,6,1,1,0.24,1,,,,,,5,6,6,0.19,4,9,2,2,0.24,3,2,5,5,0.29,6,10,3,3,0.17,4,4,4,4,0.42,6,,,,,,5,3,3,0.08,6,,,,,,,,,,,,,,,,,,,,,,,,,,4901,出口 舞有子,117期,愛知,愛知,33,B1,,1,0,0.17,5.73,36.3,60.2,0.0,0.0,0.0,0,28,25.0,44.1,0,74,39.1,58.1,10,,,,,,7,6,6,0.16,3,3,3,3,0.19,2,8,1,1,0.18,1,4,4,4,0.3,2,12,5,5,0.13,4,3,4,4,0.08,2,7,2,2,0.13,3,3,3,3,0.21,2,10,4,4,0.15,3,,,,,,,,,,,,,,,,,,,,,4546,浜田 亜理沙,104期,埼玉,広島,38,B1,,0,0,0.17,7.22,57.3,79.7,7.64,64.2,82.1,0,65,34.2,53.4,0,70,35.9,48.7,8,3,5,5,0.13,3,8,3,3,0.11,2,8,2,2,0.19,5,12,6,6,0.12,4,6,1,1,0.18,4,,,,,,4,3,3,0.22,4,10,4,4,0.22,2,,,,,,9,1,1,0.16,1,,,,,,,,,,,,,,,,,,,,
202609111404,2026-09-11,14,04R,4627,藤原 菜希,107期,東京,大阪,40,A2,,0,0,0.15,6.56,47.4,67.8,6.83,55.5,61.1,0,23,28.0,40.0,0,83,35.9,46.1,,4,1,1,0.18,3,,,,,,4,6,6,0.11,4,9,3,3,0.21,4,6,5,5,0.17,3,12,2,2,0.16,6,7,4,4,0.14,5,12,2,2,0.11,3,,,,,,9,4,4,0.12,5,,,,,,,,,,,,,,,,,,,,,4680,後藤 美翼,109期,東京,東京,36,A2,,0,0,0.21,5.46,31.0,56.0,5.32,28.5,53.5,0,26,29.3,45.3,0,36,22.0,44.1,10,6,3,3,0.13,2,11,1,1,0.23,落,5,4,4,0.14,2,,,,,,5,2,2,0.01,2,11,6,6,0.21,4,4,5,5,0.27,3,9,3,3,0.26,2,4,1,1,0.23,2,12,6,6,0.21,4,,,,,,,,,,,,,,,,,,,,,5342,原村 百那,134期,山口,山口,24,B2,,0,0,0.17,2.64,9.8,14.7,1.18,0.0,0.0,0,79,48.5,60.0,0,77,44.4,59.7,8,3,4,4,0.15,6,10,6,6,0.31,4,5,1,1,0.2,転,,,,,,4,5,5,0.26,4,,,,,,1,3,3,0.17,5,5,2,2,0.19,6,6,2,2,0.21,4,,,,,,,,,,,,,,,,,,,,,,,,,,4642,松尾 夏海,107期,香川,愛媛,34,A2,,0,0,0.16,7.17,56.2,76.8,6.24,42.1,63.1,0,35,29.4,48.5,0,66,43.6,64.7,11,7,2,2,0.11,4,12,5,5,0.22,4,3,1,1,0.08,1,9,4,4,0.19,1,5,3,3,0.0,5,,,,,,4,2,2,0.24,2,11,6,6,0.16,5,1,1,1,0.15,5,10,5,5,0.15,4,,,,,,,,,,,,,,,,,,,,,4878,西岡 育未,116期,徳島,徳島,31,B1,,0,0,0.17,4.36,19.7,38.3,5.08,28.8,52.5,0,25,31.4,48.8,0,65,36.2,53.6,9,2,1,1,0.24,2,9,5,5,0.13,5,,,,,,8,4,4,0.17,3,3,3,3,0.22,4,8,2,2,0.16,2,,,,,,10,6,6,0.28,5,1,4,4,0.03,1,7,1,1,0.07,1,,,,,,,,,,,,,,,,,,,,,4965,福岡 泉水,119期,兵庫,兵庫,28,B1,賞除,1,0,0.19,4.45,20.4,38.7,3.53,21.0,26.3,0,31,35.4,54.4,0,50,36.6,50.7,,1,4,4,0.07,F,8,1,1,0.28,6,3,6,6,0.12,4,,,,,,,,,,,7,6,6,0.22,6,4,6,6,0.25,5,,,,,,2,6,6,0.21,6,,,,,,,,,,,,,,,,,,,,,,,,,
202609111405,2026-09-11,14,05R,4347,魚谷 香織,96期,福岡,山口,41,A2,,0,0,0.18,6.06,41.5,60.6,6.55,54.5,72.7,0,76,29.7,44.5,0,67,34.6,49.3,10,,,,,,7,3,3,0.11,2,1,1,1,0.12,1,12,4,4,0.15,3,5,5,5,0.08,4,10,2,2,0.19,2,5,6,6,0.07,3,11,2,2,0.15,2,8,5,5,0.13,1,12,2,2,0.26,6,,,,,,,,,,,,,,,,,,,,,4714,喜多須 杏奈,110期,徳島,徳島,35,B1,,0,0,0.17,5.0,27.0,48.2,5.34,29.2,57.3,0,16,35.8,48.1,0,84,29.1,38.8,11,,,,,,7,1,1,0.08,1,5,5,5,0.19,5,10,3,3,0.08,2,1,5,6,0.15,3,11,4,4,0.18,5,2,2,2,0.07,2,7,3,3,0.15,2,5,1,1,0.01,2,10,6,6,0.18,6,,,,,,,,,,,,,,,,,,,,,4746,大豆生田 蒼,111期,埼玉,栃木,31,B1,,0,0,0.2,5.67,39.0,59.7,4.5,15.3,30.7,0,24,32.4,45.9,0,82,26.7,42.2,9,,,,,,10,3,3,0.43,6,2,5,5,0.17,6,7,1,1,0.06,1,3,2,2,0.25,5,7,4,4,0.11,4,1,6,6,0.16,4,,,,,,5,2,2,0.08,1,,,,,,,,,,,,,,,,,,,,,,,,,,5153,佐藤 ほのか,127期,東京,東京,30,B1,,1,0,0.16,3.4,10.1,26.9,0.0,0.0,0.0,0,10,22.5,43.6,0,37,38.9,55.8,1,5,3,3,0.16,4,,,,,,3,2,2,0.15,3,10,5,5,0.14,6,3,6,6,0.18,6,,,,,,7,1,1,0.12,4,11,4,4,0.15,6,1,3,3,0.14,4,,,,,,,,,,,,,,,,,,,,,,,,,,4775,千葉 真弥,112期,静岡,静岡,32,A2,,0,0,0.15,6.22,43.7,60.9,5.2,20.0,60.0,0,53,31.3,38.8,0,80,17.1,35.9,11,2,3,3,0.12,5,12,6,6,0.19,3,,,,,,7,2,2,0.03,2,3,5,5,0.16,3,11,1,1,0.12,3,6,4,4,0.06,3,10,2,2,0.16,1,3,1,1,0.19,1,12,4,4,0.09,5,,,,,,,,,,,,,,,,,,,,,5069,山崎 小葉音,123期,群馬,徳島,25,B1,,0,0,0.17,5.01,28.2,48.9,5.33,27.7,55.5,0,61,30.2,51.3,0,58,25.0,40.2,9,,,,,,9,3,3,0.17,3,4,2,2,0.14,3,8,6,6,0.17,6,6,4,4,0.18,2,,,,,,2,1,1,0.07,6,9,5,5,0.33,4,2,3,3,0.07,1,9,2,2,0.13,2,,,,,,,,,,,,,,,,,,,,
202609111406,2026-09-11,14,06R,5198,奥村 明日香,128期,福岡,福岡,24,B1,,0,0,0.2,5.54,38.0,52.0,4.06,20.3,33.3,0,29,46.0,56.1,0,73,19.7,30.9,10,2,4,4,0.15,1,8,6,6,0.22,3,6,1,1,0.24,2,,,,,,6,3,3,0.21,5,11,2,2,0.11,1,2,3,3,0.13,1,8,5,5,0.24,5,6,3,3,0.19,2,11,4,4,0.12,6,,,,,,,,,,,,,,,,,,,,,5334,樫葉 新心,133期,徳島,徳島,22,B1,,1,0,0.18,2.8,5.3,17.3,3.11,12.3,22.2,0,32,27.4,54.7,0,19,31.1,53.2,1,4,2,2,0.25,4,10,5,5,0.34,5,2,1,1,0.17,5,,,,,,1,3,3,0.17,6,8,4,4,0.16,5,1,5,5,0.17,2,,,,,,4,6,6,0.23,4,,,,,,,,,,,,,,,,,,,,,,,,,,4784,向井田 真紀,113期,広島,広島,38,B1,,1,0,0.21,3.25,10.0,27.5,4.28,27.7,33.3,0,51,36.1,58.3,0,17,38.9,57.1,,2,2,2,0.13,3,7,5,5,0.19,6,2,4,4,0.13,2,,,,,,2,6,6,0.27,3,,,,,,5,3,3,0.26,5,10,1,1,0.16,3,1,5,5,0.04,2,8,2,2,0.26,5,,,,,,,,,,,,,,,,,,,,,4400,加藤 奈月,98期,福井,福井,38,B1,,0,0,0.18,4.19,13.9,34.1,3.93,6.6,26.6,0,70,40.6,56.2,0,25,21.4,47.1,2,5,1,1,0.31,2,,,,,,4,4,4,0.17,6,10,6,6,0.21,5,,,,,,8,5,5,0.14,4,3,2,2,0.15,5,8,3,3,0.22,4,1,2,2,0.16,3,,,,,,,,,,,,,,,,,,,,,,,,,,5440,薗頭 心,137期,兵庫,兵庫,20,B2,,0,0,0.19,1.73,5.3,5.3,2.0,0.0,0.0,0,58,38.2,52.9,0,34,26.5,49.3,1,5,6,6,0.21,6,,,,,,,,,,,9,6,6,0.15,6,1,6,5,0.15,5,10,6,6,0.35,6,,,,,,7,6,6,0.23,6,3,6,6,0.25,6,9,6,5,0.24,6,,,,,,,,,,,,,,,,,,,,,4974,安井 瑞紀,120期,岡山,岡山,33,A2,,1,0,0.18,5.27,36.4,47.6,5.43,37.2,52.9,0,55,32.8,47.3,0,60,32.0,56.0,11,4,3,3,0.21,1,9,1,1,0.19,4,2,6,6,0.15,4,11,4,4,0.12,2,6,2,2,0.13,1,10,5,5,0.13,1,,,,,,12,3,3,0.15,4,5,4,4,0.07,3,11,3,3,0.15,3,,,,,,,,,,,,,,,,,,,,
202609111407,2026-09-11,14,07R,5195,北村 寧々,128期,長崎,長崎,24,A2,,1,0,0.15,5.21,33.7,46.5,5.89,33.3,66.6,0,12,35.9,51.2,0,13,35.0,55.8,11,,,,,,8,2,2,0.08,1,6,3,3,0.25,4,11,6,5,0.08,4,2,4,4,0.15,5,8,6,6,0.13,3,6,3,3,0.06,2,11,1,1,0.17,1,3,2,2,0.24,4,11,5,5,0.09,5,,,,,,,,,,,,,,,,,,,,,4984,森下 愛梨,120期,静岡,静岡,29,B1,,0,0,0.21,4.8,28.9,43.3,6.0,33.3,62.9,0,33,40.2,61.1,0,68,28.1,46.4,3,6,1,1,0.24,1,,,,,,5,6,6,0.19,4,9,2,2,0.24,3,2,5,5,0.29,6,10,3,3,0.17,4,4,4,4,0.42,6,,,,,,5,3,3,0.08,6,,,,,,,,,,,,,,,,,,,,,,,,,,4845,前田 紗希,115期,埼玉,埼玉,33,A1,,2,0,0.13,6.04,44.0,59.5,7.78,61.1,72.2,0,36,23.0,33.3,0,33,53.3,65.3,2,5,4,4,0.25,3,12,3,3,0.25,6,2,2,2,0.19,1,8,5,5,0.23,4,,,,,,9,1,1,0.21,3,3,5,5,0.16,4,9,1,1,0.17,3,2,2,2,0.22,5,8,6,6,0.25,4,,,,,,,,,,,,,,,,,,,,,4900,中田 夕貴,117期,埼玉,埼玉,33,B1,,0,1,0.19,5.05,30.5,44.7,4.46,21.4,39.2,0,54,31.9,50.0,0,38,28.3,45.9,,6,2,2,0.18,4,,,,,,1,3,3,0.13,2,9,5,5,0.14,5,3,4,4,0.13,2,12,6,6,0.16,5,,,,,,8,1,1,0.22,1,4,2,2,0.16,5,9,3,3,0.12,3,,,,,,,,,,,,,,,,,,,,,4678,水野 望美,109期,愛知,愛知,37,B1,,1,0,0.17,4.43,23.5,38.2,6.79,52.6,68.4,0,80,29.0,44.1,0,20,25.0,38.2,,,,,,,8,5,5,0.24,4,3,4,4,0.11,5,11,1,1,0.13,5,4,6,6,0.25,3,9,3,3,0.22,5,1,2,2,0.13,3,,,,,,2,1,1,0.14,3,7,4,4,0.14,5,,,,,,,,,,,,,,,,,,,,,5390,高橋 涼夏,135期,群馬,群馬,19,B2,賞除,1,0,0.17,2.81,10.3,17.2,1.43,0.0,0.0,0,17,27.7,50.6,0,30,24.6,44.1,,1,5,5,0.03,F,6,4,4,0.16,6,6,6,6,0.29,6,,,,,,5,6,6,0.11,3,,,,,,6,6,6,0.19,6,,,,,,5,6,6,0.14,5,,,,,,,,,,,,,,,,,,,,,,,,,
202609111408,2026-09-11,14,08R,5056,西岡 成美,123期,徳島,徳島,30,B2,,0,0,0.0,4.4,24.0,44.0,5.49,32.5,55.8,0,60,30.9,45.0,0,61,32.8,50.0,,3,3,3,0.19,5,,,,,,1,6,6,0.18,3,10,2,2,0.09,4,5,1,1,0.04,1,,,,,,2,4,4,0.06,3,12,5,5,0.12,6,2,4,4,0.11,2,9,5,6,0.18,4,,,,,,,,,,,,,,,,,,,,,4546,浜田 亜理沙,104期,埼玉,広島,38,B1,,0,0,0.17,7.22,57.3,79.7,7.64,64.2,82.1,0,65,34.2,53.4,0,70,35.9,48.7,3,3,5,5,0.13,3,8,3,3,0.11,2,8,2,2,0.19,5,12,6,6,0.12,4,6,1,1,0.18,4,,,,,,4,3,3,0.22,4,10,4,4,0.22,2,,,,,,9,1,1,0.16,1,,,,,,,,,,,,,,,,,,,,,4843,深尾 巴恵,115期,静岡,群馬,33,B1,,1,0,0.16,3.72,17.2,27.5,5.5,37.5,50.0,0,69,29.8,48.0,0,18,36.8,46.0,1,4,4,5,0.18,5,11,2,2,0.27,5,5,3,3,0.16,3,,,,,,,,,,,10,1,1,0.22,3,1,4,4,0.15,6,9,6,6,0.3,6,,,,,,7,2,2,0.11,6,,,,,,,,,,,,,,,,,,,,,5342,原村 百那,134期,山口,山口,24,B2,,0,0,0.17,2.64,9.8,14.7,1.18,0.0,0.0,0,79,48.5,60.0,0,77,44.4,59.7,4,3,4,4,0.15,6,10,6,6,0.31,4,5,1,1,0.2,転,,,,,,4,5,5,0.26,4,,,,,,1,3,3,0.17,5,5,2,2,0.19,6,6,2,2,0.21,4,,,,,,,,,,,,,,,,,,,,,,,,,,5189,藤原 早菜,128期,岡山,岡山,25,A2,,0,0,0.2,5.09,28.3,46.9,3.29,0.0,28.5,0,74,27.6,51.3,0,71,22.5,38.0,3,5,5,5,0.22,5,10,2,2,0.41,3,7,4,4,0.11,4,11,3,3,0.16,1,4,1,1,0.41,6,,,,,,2,6,6,0.13,4,11,3,3,0.38,4,,,,,,8,4,4,0.17,2,,,,,,,,,,,,,,,,,,,,,4689,豊田 結,109期,静岡,静岡,33,B1,,0,0,0.16,4.85,28.5,47.6,5.91,46.8,53.1,0,78,34.6,51.2,0,62,29.4,41.1,2,3,6,6,0.16,4,9,2,2,0.16,2,2,3,3,0.15,3,,,,,,1,4,4,0.15,2,7,1,1,0.07,3,6,5,5,0.1,5,,,,,,4,3,3,0.13,1,8,1,1,0.27,3,,,,,,,,,,,,,,,,,,,,
202609111409,2026-09-11,14,09R,5069,山崎 小葉音,123期,群馬,徳島,25,B1,,0,0,0.17,5.01,28.2,48.9,5.33,27.7,55.5,0,61,30.2,51.3,0,58,25.0,40.2,5,,,,,,9,3,3,0.17,3,4,2,2,0.14,3,8,6,6,0.17,6,6,4,4,0.18,2,,,,,,2,1,1,0.07,6,9,5,5,0.33,4,2,3,3,0.07,1,9,2,2,0.13,2,,,,,,,,,,,,,,,,,,,,,4720,西澤 日花里,110期,長崎,熊本,32,B1,,1,0,0.2,3.38,13.6,30.3,0.0,0.0,0.0,0,59,40.0,52.8,0,24,30.6,53.3,1,1,3,3,0.04,4,9,6,6,0.17,6,1,4,4,0.18,4,,,,,,4,2,2,0.37,5,11,5,5,0.15,6,6,1,1,0.18,4,,,,,,,,,,,8,3,3,0.55,6,,,,,,,,,,,,,,,,,,,,,4878,西岡 育未,116期,徳島,徳島,31,B1,,0,0,0.17,4.36,19.7,38.3,5.08,28.8,52.5,0,25,31.4,48.8,0,65,36.2,53.6,4,2,1,1,0.24,2,9,5,5,0.13,5,,,,,,8,4,4,0.17,3,3,3,3,0.22,4,8,2,2,0.16,2,,,,,,10,6,6,0.28,5,1,4,4,0.03,1,7,1,1,0.07,1,,,,,,,,,,,,,,,,,,,,,4372,原田 佑実,97期,大阪,愛知,39,A2,,0,0,0.17,6.06,40.4,59.5,4.77,35.4,45.1,0,56,23.1,37.6,0,79,24.2,50.0,1,3,2,2,0.2,1,11,4,4,0.17,2,4,3,3,0.16,5,12,5,5,0.08,6,,,,,,9,6,6,0.16,4,4,1,1,0.22,1,8,2,2,0.22,2,5,5,5,0.04,4,,,,,,,,,,,,,,,,,,,,,,,,,,4746,大豆生田 蒼,111期,埼玉,栃木,31,B1,,0,0,0.2,5.67,39.0,59.7,4.5,15.3,30.7,0,24,32.4,45.9,0,82,26.7,42.2,5,,,,,,10,3,3,0.43,6,2,5,5,0.17,6,7,1,1,0.06,1,3,2,2,0.25,5,7,4,4,0.11,4,1,6,6,0.16,4,,,,,,5,2,2,0.08,1,,,,,,,,,,,,,,,,,,,,,,,,,,5380,野田 亜湖,135期,徳島,徳島,22,B2,,0,0,0.28,1.2,0.0,0.0,1.27,0.0,0.0,0,27,33.3,46.1,0,54,40.7,59.2,2,,,,,,8,4,4,0.27,5,1,5,5,0.22,6,7,6,6,0.17,6,6,6,6,0.35,6,,,,,,,,,,,9,4,4,0.35,5,1,6,6,0.24,6,6,4,4,0.24,6,,,,,,,,,,,,,,,,,,,,
202609111410,2026-09-11,14,10R,4901,出口 舞有子,117期,愛知,愛知,33,B1,,1,0,0.17,5.73,36.3,60.2,0.0,0.0,0.0,0,28,25.0,44.1,0,74,39.1,58.1,3,,,,,,7,6,6,0.16,3,3,3,3,0.19,2,8,1,1,0.18,1,4,4,4,0.3,2,12,5,5,0.13,4,3,4,4,0.08,2,7,2,2,0.13,3,3,3,3,0.21,2,10,4,4,0.15,3,,,,,,,,,,,,,,,,,,,,,4611,今井 美亜,106期,福井,富山,36,A1,,0,0,0.15,6.09,40.3,57.0,5.84,40.0,48.0,0,71,36.6,54.9,0,32,33.7,59.4,3,1,1,1,0.01,1,10,4,4,0.31,2,3,5,5,0.09,6,12,2,2,0.16,5,8,3,3,0.1,1,12,1,1,0.13,2,2,5,5,0.04,5,,,,,,7,3,3,0.1,3,12,5,5,0.15,3,,,,,,,,,,,,,,,,,,,,,4680,後藤 美翼,109期,東京,東京,36,A2,,0,0,0.21,5.46,31.0,56.0,5.32,28.5,53.5,0,26,29.3,45.3,0,36,22.0,44.1,4,6,3,3,0.13,2,11,1,1,0.23,落,5,4,4,0.14,2,,,,,,5,2,2,0.01,2,11,6,6,0.21,4,4,5,5,0.27,3,9,3,3,0.26,2,4,1,1,0.23,2,12,6,6,0.21,4,,,,,,,,,,,,,,,,,,,,,4733,赤井 睦,111期,徳島,岡山,37,B1,,0,0,0.15,5.42,37.1,53.2,5.01,27.9,45.5,0,21,24.2,45.7,0,76,33.7,54.0,2,6,6,6,0.07,3,,,,,,4,5,5,0.14,2,11,2,2,0.14,6,2,1,1,0.13,1,9,4,4,0.14,1,3,3,3,0.08,1,12,4,4,0.16,5,4,4,4,0.16,3,10,3,3,0.12,5,,,,,,,,,,,,,,,,,,,,,4347,魚谷 香織,96期,福岡,山口,41,A2,,0,0,0.18,6.06,41.5,60.6,6.55,54.5,72.7,0,76,29.7,44.5,0,67,34.6,49.3,5,,,,,,7,3,3,0.11,2,1,1,1,0.12,1,12,4,4,0.15,3,5,5,5,0.08,4,10,2,2,0.19,2,5,6,6,0.07,3,11,2,2,0.15,2,8,5,5,0.13,1,12,2,2,0.26,6,,,,,,,,,,,,,,,,,,,,,5198,奥村 明日香,128期,福岡,福岡,24,B1,,0,0,0.2,5.54,38.0,52.0,4.06,20.3,33.3,0,29,46.0,56.1,0,73,19.7,30.9,6,2,4,4,0.15,1,8,6,6,0.22,3,6,1,1,0.24,2,,,,,,6,3,3,0.21,5,11,2,2,0.11,1,2,3,3,0.13,1,8,5,5,0.24,5,6,3,3,0.19,2,11,4,4,0.12,6,,,,,,,,,,,,,,,,,,,,
202609111411,2026-09-11,14,11R,4974,安井 瑞紀,120期,岡山,岡山,33,A2,,1,0,0.18,5.27,36.4,47.6,5.43,37.2,52.9,0,55,32.8,47.3,0,60,32.0,56.0,6,4,3,3,0.21,1,9,1,1,0.19,4,2,6,6,0.15,4,11,4,4,0.12,2,6,2,2,0.13,1,10,5,5,0.13,1,,,,,,12,3,3,0.15,4,5,4,4,0.07,3,11,3,3,0.15,3,,,,,,,,,,,,,,,,,,,,,4642,松尾 夏海,107期,香川,愛媛,34,A2,,0,0,0.16,7.17,56.2,76.8,6.24,42.1,63.1,0,35,29.4,48.5,0,66,43.6,64.7,4,7,2,2,0.11,4,12,5,5,0.22,4,3,1,1,0.08,1,9,4,4,0.19,1,5,3,3,0.0,5,,,,,,4,2,2,0.24,2,11,6,6,0.16,5,1,1,1,0.15,5,10,5,5,0.15,4,,,,,,,,,,,,,,,,,,,,,3470,新田 芳美,66期,徳島,徳島,56,B1,,0,0,0.17,5.19,26.0,46.5,4.92,27.2,46.7,0,83,23.0,34.6,0,26,30.7,48.7,3,1,2,2,0.03,2,11,6,6,0.24,4,,,,,,9,1,1,0.2,2,2,3,3,0.19,4,7,5,5,0.13,5,5,4,4,0.08,1,,,,,,6,1,1,0.28,5,11,6,6,0.18,4,,,,,,,,,,,,,,,,,,,,,4775,千葉 真弥,112期,静岡,静岡,32,A2,,0,0,0.15,6.22,43.7,60.9,5.2,20.0,60.0,0,53,31.3,38.8,0,80,17.1,35.9,5,2,3,3,0.12,5,12,6,6,0.19,3,,,,,,7,2,2,0.03,2,3,5,5,0.16,3,11,1,1,0.12,3,6,4,4,0.06,3,10,2,2,0.16,1,3,1,1,0.19,1,12,4,4,0.09,5,,,,,,,,,,,,,,,,,,,,,5195,北村 寧々,128期,長崎,長崎,24,A2,,1,0,0.15,5.21,33.7,46.5,5.89,33.3,66.6,0,12,35.9,51.2,0,13,35.0,55.8,7,,,,,,8,2,2,0.08,1,6,3,3,0.25,4,11,6,5,0.08,4,2,4,4,0.15,5,8,6,6,0.13,3,6,3,3,0.06,2,11,1,1,0.17,1,3,2,2,0.24,4,11,5,5,0.09,5,,,,,,,,,,,,,,,,,,,,,4714,喜多須 杏奈,110期,徳島,徳島,35,B1,,0,0,0.17,5.0,27.0,48.2,5.34,29.2,57.3,0,16,35.8,48.1,0,84,29.1,38.8,5,,,,,,7,1,1,0.08,1,5,5,5,0.19,5,10,3,3,0.08,2,1,5,6,0.15,3,11,4,4,0.18,5,2,2,2,0.07,2,7,3,3,0.15,2,5,1,1,0.01,2,10,6,6,0.18,6,,,,,,,,,,,,,,,,,,,,
202609111412,2026-09-11,14,12R,4885,大山 千広,116期,福岡,福岡,30,A2,,0,0,0.15,7.17,57.9,73.9,0.0,0.0,0.0,0,68,28.0,38.6,0,27,34.2,46.5,,3,1,1,0.17,2,12,4,4,0.13,1,5,2,2,0.17,1,11,5,6,0.03,3,,,,,,7,3,3,0.07,1,3,1,1,0.13,3,11,5,5,0.13,3,2,5,5,0.12,4,11,1,1,0.15,1,,,,,,,,,,,,,,,,,,,,,4530,小野 生奈,103期,福岡,福岡,37,A1,,0,0,0.15,7.23,59.2,71.8,6.13,40.0,53.3,0,39,13.1,32.8,0,56,41.1,53.4,,,,,,,9,4,4,0.15,1,7,5,5,0.04,3,12,1,1,0.19,1,2,2,2,0.12,2,11,3,3,0.09,2,1,1,1,0.13,1,7,5,5,0.17,1,6,6,6,0.15,3,10,1,1,0.1,1,,,,,,,,,,,,,,,,,,,,,4050,田口 節子,85期,岡山,岡山,45,A1,,0,0,0.15,7.75,61.3,81.1,7.61,61.1,77.7,0,73,18.3,40.8,0,63,28.7,39.7,,6,5,5,0.08,5,12,1,1,0.23,2,6,2,2,0.24,1,10,4,4,0.11,3,1,1,1,0.23,1,12,3,3,0.12,1,,,,,,10,5,5,0.21,4,7,6,6,0.12,2,12,3,3,0.12,1,,,,,,,,,,,,,,,,,,,,,4450,平高 奈菜,100期,香川,愛媛,39,A2,,1,0,0.16,6.63,47.3,70.5,5.94,42.8,57.1,0,38,33.7,53.2,0,39,28.2,48.7,,5,2,2,0.26,1,11,5,5,0.19,3,6,4,4,0.27,3,12,3,3,0.17,2,3,1,1,0.28,1,,,,,,6,2,2,0.07,1,12,6,6,0.11,2,6,5,5,0.15,1,12,1,1,0.26,2,,,,,,,,,,,,,,,,,,,,,4738,清埜 翔子,111期,埼玉,埼玉,35,A2,,1,0,0.16,5.93,39.6,59.5,7.33,44.4,55.5,0,75,23.6,38.8,0,14,38.3,47.9,,2,6,6,0.18,6,11,3,3,0.16,1,,,,,,10,1,1,0.08,1,7,2,2,0.09,2,12,4,4,0.12,3,5,5,5,0.09,2,9,2,2,0.19,1,3,5,5,0.2,3,10,2,2,0.2,2,,,,,,,,,,,,,,,,,,,,,5193,米丸 乃絵,128期,福岡,熊本,25,A1,,0,0,0.16,6.99,54.8,65.3,6.52,36.0,64.0,0,30,38.6,52.0,0,15,28.7,54.7,,4,5,6,0.16,2,12,2,2,0.22,5,4,1,1,0.16,1,,,,,,4,3,3,0.26,1,10,4,4,0.12,5,8,4,4,0.25,3,12,1,1,0.11,1,4,5,5,0.22,6,11,2,2,0.15,2,,,,,,,,,,,,,,,,,,,,
202609111601,2026-09-11,16,01R,4754,松尾 充,112期,三重,三重,38,A2,,0,0,0.15,6.44,44.0,64.8,0.0,0.0,0.0,0,32,25.5,43.2,0,25,29.4,47.7,10,,,,,,8,4,4,0.07,6,5,3,3,0.15,2,10,1,1,0.17,1,7,6,6,0.17,2,11,2,2,0.15,2,3,4,4,0.17,4,11,5,5,0.21,2,,,,,,,,,,,,,,,,,,,,,,,,,,,,,,,5124,上瀧 絢也,126期,佐賀,佐賀,30,B1,,0,0,0.17,4.35,25.9,39.5,3.2,10.0,20.0,0,11,31.0,42.5,0,51,30.6,47.5,6,2,2,2,0.15,5,10,6,6,0.1,5,,,,,,8,4,4,0.13,6,2,5,5,0.02,3,9,3,3,0.24,6,4,1,1,0.14,2,,,,,,,,,,,,,,,,,,,,,,,,,,,,,,,,,,,,4410,井上 大輔,99期,岡山,岡山,40,B1,,0,0,0.16,4.29,24.4,36.1,5.01,33.3,43.4,0,24,30.5,48.0,0,20,30.1,43.0,8,2,1,1,0.14,2,11,3,3,0.14,5,5,4,4,0.14,4,,,,,,1,5,5,0.09,2,8,2,2,0.12,1,5,6,6,0.11,6,,,,,,,,,,,,,,,,,,,,,,,,,,,,,,,,,,,,4924,中北 涼,118期,長崎,愛知,33,B1,,0,0,0.17,4.61,22.0,40.0,4.56,27.7,38.8,0,67,33.1,49.5,0,75,32.1,47.3,7,1,2,2,0.3,5,9,5,5,0.18,3,2,3,3,0.28,5,,,,,,1,4,4,0.1,3,9,6,6,0.21,5,,,,,,7,1,1,0.18,4,,,,,,,,,,,,,,,,,,,,,,,,,,,,,,,4374,永田 義紘,98期,広島,広島,42,B1,,1,0,0.15,4.33,25.0,32.9,4.28,20.0,36.0,0,46,24.8,38.6,0,54,38.5,52.7,9,2,4,4,0.13,3,8,1,1,0.06,3,6,5,5,0.14,5,,,,,,2,6,6,0.11,4,11,3,3,0.14,4,1,2,2,0.18,6,,,,,,,,,,,,,,,,,,,,,,,,,,,,,,,,,,,,5423,高橋 嗣穏,137期,徳島,高知,24,B2,賞除,2,0,0.22,1.22,0.0,0.0,1.22,0.0,0.0,0,33,25.8,37.8,0,29,32.9,50.2,,1,6,6,0.43,6,6,6,5,0.32,6,4,6,6,0.03,F,,,,,,6,6,6,0.19,5,,,,,,,,,,,8,6,6,0.32,6,,,,,,,,,,,,,,,,,,,,,,,,,,,,,,
202609111602,2026-09-11,16,02R,3866,木山 誠一,79期,岡山,岡山,51,B1,,2,0,0.13,4.44,27.8,41.7,3.14,16.0,22.0,0,40,25.0,45.8,0,42,35.4,54.8,,6,5,6,0.31,5,,,,,,1,2,2,0.09,5,7,3,3,0.28,5,2,1,1,0.11,6,,,,,,1,4,4,0.21,4,8,5,5,0.3,5,,,,,,,,,,,,,,,,,,,,,,,,,,,,,,,5335,森 陽多,133期,長崎,長崎,21,B1,,0,0,0.18,3.1,13.2,25.0,2.0,11.1,11.1,0,20,49.5,67.3,0,45,37.5,51.0,,5,2,2,0.19,6,,,,,,3,6,5,0.24,6,8,6,6,0.07,5,1,3,3,0.19,6,,,,,,2,1,1,0.22,5,9,6,6,0.07,5,,,,,,,,,,,,,,,,,,,,,,,,,,,,,,,4343,村岡 賢,96期,広島,広島,41,B1,,0,0,0.17,4.19,15.7,34.7,5.03,36.3,48.4,0,54,31.7,52.6,0,13,29.6,48.9,7,1,5,5,0.36,3,10,2,2,0.09,3,1,6,6,0.08,6,,,,,,2,4,4,0.08,2,8,3,3,0.17,4,3,1,1,0.25,3,,,,,,,,,,,,,,,,,,,,,,,,,,,,,,,,,,,,4797,中山 将,113期,三重,三重,34,A1,,2,0,0.13,6.04,44.4,66.6,6.38,47.6,61.9,0,57,35.0,51.0,0,60,29.8,39.6,8,,,,,,10,4,4,0.18,4,3,5,2,0.23,4,9,6,6,0.24,6,8,1,1,0.24,6,12,5,5,0.25,6,2,2,2,0.32,6,7,3,3,0.26,5,,,,,,,,,,,,,,,,,,,,,,,,,,,,,,,5326,三嶌 さらら,133期,香川,香川,22,B1,,0,0,0.19,5.02,31.1,45.0,4.04,16.0,36.0,0,53,34.6,50.2,0,53,26.0,44.5,6,2,3,3,0.13,4,9,4,4,0.19,4,3,1,1,0.2,5,,,,,,2,2,2,0.17,5,10,6,6,0.11,6,5,5,5,0.13,3,,,,,,,,,,,,,,,,,,,,,,,,,,,,,,,,,,,,5109,川崎 智稔,125期,岡山,岡山,27,B1,,1,0,0.15,4.65,28.0,47.0,4.45,22.7,42.4,0,68,32.6,47.0,0,61,31.3,50.5,9,4,2,2,0.11,1,10,5,5,0.11,6,2,1,1,0.14,4,,,,,,4,6,6,0.16,6,10,4,4,0.07,2,6,3,3,0.16,5,,,,,,,,,,,,,,,,,,,,,,,,,,,,,,,,,,,
202609111603,2026-09-11,16,03R,4499,滝川 真由子,102期,長崎,愛知,38,B1,,1,0,0.18,5.0,25.8,56.4,2.67,0.0,0.0,0,26,31.5,46.0,0,46,31.8,52.7,9,3,6,6,0.38,6,9,3,3,0.22,1,5,2,2,0.16,3,,,,,,5,4,4,0.23,4,10,1,1,0.08,1,,,,,,9,5,5,0.08,4,,,,,,,,,,,,,,,,,,,,,,,,,,,,,,,4446,和田 兼輔,100期,兵庫,兵庫,39,A1,,1,0,0.13,6.79,47.7,68.8,6.75,35.0,60.0,0,18,30.3,45.5,0,62,33.5,51.0,12,6,2,2,0.2,4,12,5,5,0.16,3,,,,,,9,3,3,0.1,4,5,5,5,0.21,3,11,1,1,0.07,1,8,1,1,0.16,1,12,4,4,0.12,5,,,,,,,,,,,,,,,,,,,,,,,,,,,,,,,4382,高山 智至,98期,滋賀,京都,41,B1,,0,0,0.19,4.64,21.3,39.8,3.67,5.5,33.3,0,31,34.3,50.7,0,68,40.5,62.1,8,5,6,6,0.1,4,,,,,,1,4,4,0.08,2,8,2,2,0.19,3,,,,,,7,1,1,0.18,6,1,5,5,0.18,3,10,3,3,0.1,1,,,,,,,,,,,,,,,,,,,,,,,,,,,,,,,4460,後藤 翔之,101期,東京,東京,40,A2,,0,0,0.14,6.07,43.2,63.4,5.69,37.9,62.0,0,23,32.5,49.7,0,41,29.5,44.9,11,3,4,4,0.38,1,11,6,6,0.1,6,,,,,,8,5,5,0.12,4,4,3,3,0.08,2,9,1,1,0.23,2,3,3,3,0.24,2,9,2,2,0.1,1,,,,,,,,,,,,,,,,,,,,,,,,,,,,,,,4364,池永 太,97期,福岡,宮崎,41,A1,,0,0,0.13,6.15,43.4,55.4,7.39,60.9,80.4,0,50,39.5,58.0,0,66,32.9,47.7,10,8,6,6,0.09,5,12,4,4,0.08,2,6,2,2,0.13,1,11,1,1,0.19,1,,,,,,9,5,5,0.16,4,1,1,1,0.14,1,11,3,3,0.17,4,,,,,,,,,,,,,,,,,,,,,,,,,,,,,,,4728,山口 亮,111期,東京,神奈川,38,B1,,1,0,0.18,4.53,24.6,39.7,4.22,21.7,34.7,0,60,43.5,60.8,0,33,38.0,53.8,7,6,1,1,0.24,2,,,,,,3,2,3,0.23,1,10,6,6,0.23,4,,,,,,8,5,5,0.12,2,5,2,2,0.23,5,11,4,4,0.25,6,,,,,,,,,,,,,,,,,,,,,,,,,,,,,,
202609111604,2026-09-11,16,04R,4788,小池 哲也,113期,大阪,大阪,37,A2,,0,0,0.16,5.4,31.1,53.2,5.94,44.2,61.5,0,56,36.3,49.4,0,49,47.2,61.5,10,,,,,,7,2,2,0.2,5,1,1,1,0.01,1,10,4,4,0.21,3,3,5,5,0.16,2,10,3,3,0.08,4,5,4,4,0.15,1,12,6,6,0.09,3,,,,,,,,,,,,,,,,,,,,,,,,,,,,,,,5338,香月 大輝,134期,福岡,福岡,26,B1,,0,0,0.16,4.5,20.0,40.0,3.56,5.5,27.7,0,16,35.9,51.4,0,70,31.3,51.3,9,2,6,6,0.06,6,,,,,,1,5,5,0.01,4,9,2,2,0.06,3,6,4,4,0.1,4,,,,,,2,3,3,0.21,1,6,1,1,0.12,1,,,,,,,,,,,,,,,,,,,,,,,,,,,,,,,5076,石原 光,124期,静岡,静岡,30,B1,,0,0,0.17,4.95,32.6,46.1,3.41,13.6,27.2,0,22,35.9,50.2,0,56,32.6,50.2,11,4,1,1,0.4,6,11,5,5,0.13,2,,,,,,9,4,4,0.14,1,1,6,6,0.2,4,7,3,3,0.18,1,,,,,,7,2,2,0.25,2,,,,,,,,,,,,,,,,,,,,,,,,,,,,,,,3988,古川 誠之,83期,愛知,愛知,48,A2,,0,0,0.15,6.2,38.5,66.3,5.73,45.4,54.5,0,61,35.1,53.7,0,52,32.4,51.1,12,5,1,1,0.11,1,11,2,2,0.18,1,6,3,3,0.13,3,,,,,,3,2,2,0.17,1,8,4,4,0.16,3,2,5,5,0.21,3,11,6,6,0.19,5,,,,,,,,,,,,,,,,,,,,,,,,,,,,,,,5047,國分 将太郎,123期,東京,福島,32,B1,,0,0,0.17,6.11,39.8,63.2,5.48,34.7,56.5,0,15,26.8,41.5,0,59,32.0,46.5,11,2,5,5,0.14,1,7,1,1,0.13,1,,,,,,11,6,6,0.16,3,5,3,3,0.17,5,9,2,2,0.33,3,4,3,3,0.12,1,10,4,4,0.1,2,,,,,,,,,,,,,,,,,,,,,,,,,,,,,,,4828,松山 将吾,114期,滋賀,京都,32,A1,,1,0,0.15,6.56,48.0,65.6,5.45,35.0,50.0,0,42,30.1,46.6,0,67,27.0,42.5,10,4,4,4,0.14,2,12,6,6,0.16,5,5,1,1,0.06,1,11,2,2,0.17,2,6,3,3,0.19,1,11,4,4,0.13,3,,,,,,10,2,2,0.13,4,,,,,,,,,,,,,,,,,,,,,,,,,,,,,,
202609111605,2026-09-11,16,05R,4436,渋谷 明憲,100期,大阪,大阪,40,A1,,1,0,0.15,6.34,48.2,70.1,5.38,38.1,52.3,0,12,39.6,54.4,0,35,27.6,45.2,10,,,,,,11,1,1,0.15,3,4,4,4,0.06,1,12,2,2,0.1,2,3,3,3,0.18,4,9,4,4,0.22,1,6,2,2,0.16,2,10,6,6,0.11,6,,,,,,,,,,,,,,,,,,,,,,,,,,,,,,,4072,森永 淳,86期,佐賀,佐賀,45,A1,,0,0,0.13,7.34,58.8,72.5,7.6,70.0,70.0,0,21,37.8,51.9,0,58,38.5,57.6,11,3,5,5,0.31,3,12,3,3,0.11,6,7,2,2,0.15,2,12,4,4,0.09,5,7,5,5,0.15,3,12,1,1,0.18,1,,,,,,9,1,1,0.11,2,,,,,,,,,,,,,,,,,,,,,,,,,,,,,,,5286,坂井 滉哉,132期,福岡,福岡,27,B1,,0,0,0.16,4.67,25.2,44.4,4.68,21.0,36.8,0,52,28.4,43.6,0,39,38.4,53.8,,1,3,3,0.31,2,,,,,,5,5,5,0.14,6,12,6,6,0.13,6,3,1,1,0.19,3,,,,,,3,2,2,0.2,1,7,4,4,0.18,3,,,,,,,,,,,,,,,,,,,,,,,,,,,,,,,4030,森高 一真,85期,香川,香川,48,A1,,0,0,0.14,6.76,37.8,54.9,6.78,33.3,61.1,0,48,21.9,42.7,0,22,30.9,48.6,12,7,5,5,0.3,3,12,2,2,0.12,4,8,3,3,0.13,1,12,1,1,0.1,1,,,,,,10,5,5,0.09,3,4,4,4,0.17,6,11,1,1,0.24,1,,,,,,,,,,,,,,,,,,,,,,,,,,,,,,,4449,中嶋 達也,100期,兵庫,兵庫,39,B1,,0,0,0.16,3.95,21.8,32.1,4.38,25.0,41.6,0,63,32.2,47.8,0,69,31.9,49.4,,4,5,5,0.11,3,,,,,,4,1,1,0.05,5,11,4,4,0.1,6,1,2,2,0.2,5,,,,,,1,3,3,0.14,2,6,5,6,0.22,6,,,,,,,,,,,,,,,,,,,,,,,,,,,,,,,5464,宮田 栞,138期,福岡,福岡,19,B2,,0,0,0.0,1.24,0.0,0.0,0.0,0.0,0.0,0,65,36.1,55.1,0,16,23.4,41.9,,,,,,,7,6,6,0.29,6,2,6,6,0.15,6,7,6,5,0.09,6,5,6,6,0.3,6,,,,,,1,6,6,0.2,5,7,6,5,0.19,6,,,,,,,,,,,,,,,,,,,,,,,,,,,,,,
202609111606,2026-09-11,16,06R,4067,永井 源,86期,愛知,福岡,46,A2,,0,0,0.17,6.5,49.6,68.9,0.0,0.0,0.0,0,14,27.0,45.9,0,14,34.5,56.2,10,6,4,4,0.19,1,,,,,,3,4,6,0.19,3,11,3,3,0.12,4,1,1,1,0.13,1,10,2,2,0.06,5,3,5,5,0.15,5,12,3,3,0.17,2,,,,,,,,,,,,,,,,,,,,,,,,,,,,,,,5326,三嶌 さらら,133期,香川,香川,22,B1,,0,0,0.19,5.02,31.1,45.0,4.04,16.0,36.0,0,53,34.6,50.2,0,53,26.0,44.5,2,2,3,3,0.13,4,9,4,4,0.19,4,3,1,1,0.2,5,,,,,,2,2,2,0.17,5,10,6,6,0.11,6,5,5,5,0.13,3,,,,,,,,,,,,,,,,,,,,,,,,,,,,,,,,,,,,5299,西丸 敦基,132期,香川,香川,24,A2,,0,0,0.15,6.07,44.5,59.4,5.24,36.7,51.0,0,62,38.8,58.5,0,37,22.0,35.7,12,5,4,4,0.04,2,10,3,3,0.03,2,7,5,6,0.07,3,11,5,5,0.14,5,5,1,1,0.12,1,,,,,,6,6,4,0.19,3,11,2,2,0.2,3,,,,,,,,,,,,,,,,,,,,,,,,,,,,,,,5124,上瀧 絢也,126期,佐賀,佐賀,30,B1,,0,0,0.17,4.35,25.9,39.5,3.2,10.0,20.0,0,11,31.0,42.5,0,51,30.6,47.5,1,2,2,2,0.15,5,10,6,6,0.1,5,,,,,,8,4,4,0.13,6,2,5,5,0.02,3,9,3,3,0.24,6,4,1,1,0.14,2,,,,,,,,,,,,,,,,,,,,,,,,,,,,,,,,,,,,5074,大澤 誠也,124期,愛知,愛知,30,B1,,0,0,0.19,4.23,22.5,32.3,4.86,21.4,42.8,0,38,35.1,50.7,0,38,42.7,60.0,,3,1,1,0.34,5,,,,,,2,5,5,0.14,1,10,3,3,0.26,5,,,,,,7,4,4,0.16,4,2,6,6,0.21,4,8,2,2,0.19,2,,,,,,,,,,,,,,,,,,,,,,,,,,,,,,,4350,篠崎 元志,96期,福岡,福岡,40,A1,,0,0,0.13,8.09,66.6,78.9,8.75,85.0,95.0,0,28,32.4,47.8,0,28,24.7,37.6,11,5,5,5,0.06,3,12,1,1,0.08,1,,,,,,10,2,2,0.17,2,4,4,4,0.11,3,12,3,3,0.19,3,6,4,5,0.16,4,12,1,1,0.15,1,,,,,,,,,,,,,,,,,,,,,,,,,,,,,,
202609111607,2026-09-11,16,07R,4314,青木 幸太郎,95期,福岡,福岡,42,A2,,0,0,0.16,5.88,39.7,61.4,4.35,11.7,23.5,0,58,33.3,53.5,0,40,31.5,47.2,11,3,3,3,0.45,4,10,1,1,0.04,1,4,5,5,0.01,2,,,,,,5,2,2,0.12,2,12,4,4,0.2,4,4,6,6,0.16,4,8,3,3,0.18,3,,,,,,,,,,,,,,,,,,,,,,,,,,,,,,,4924,中北 涼,118期,長崎,愛知,33,B1,,0,0,0.17,4.61,22.0,40.0,4.56,27.7,38.8,0,67,33.1,49.5,0,75,32.1,47.3,1,1,2,2,0.3,5,9,5,5,0.18,3,2,3,3,0.28,5,,,,,,1,4,4,0.1,3,9,6,6,0.21,5,,,,,,7,1,1,0.18,4,,,,,,,,,,,,,,,,,,,,,,,,,,,,,,,4728,山口 亮,111期,東京,神奈川,38,B1,,1,0,0.18,4.53,24.6,39.7,4.22,21.7,34.7,0,60,43.5,60.8,0,33,38.0,53.8,3,6,1,1,0.24,2,,,,,,3,2,3,0.23,1,10,6,6,0.23,4,,,,,,8,5,5,0.12,2,5,2,2,0.23,5,11,4,4,0.25,6,,,,,,,,,,,,,,,,,,,,,,,,,,,,,,,4343,村岡 賢,96期,広島,広島,41,B1,,0,0,0.17,4.19,15.7,34.7,5.03,36.3,48.4,0,54,31.7,52.6,0,13,29.6,48.9,2,1,5,5,0.36,3,10,2,2,0.09,3,1,6,6,0.08,6,,,,,,2,4,4,0.08,2,8,3,3,0.17,4,3,1,1,0.25,3,,,,,,,,,,,,,,,,,,,,,,,,,,,,,,,,,,,,5265,大廣 咲季,131期,香川,香川,26,B1,,0,0,0.15,3.77,16.3,33.7,3.65,17.3,34.7,0,27,35.4,50.7,0,21,27.8,42.6,,,,,,,9,2,2,0.18,5,1,3,3,0.02,3,6,6,6,0.16,6,4,5,5,0.14,5,,,,,,2,4,4,0.17,2,10,1,1,0.14,5,,,,,,,,,,,,,,,,,,,,,,,,,,,,,,,4441,末永 由楽,100期,岡山,岡山,40,A2,,0,0,0.14,5.63,33.3,54.7,6.34,43.8,63.7,0,66,33.8,51.7,0,36,34.5,46.4,12,1,1,1,0.22,1,8,2,2,0.03,1,3,3,4,0.19,2,12,3,3,0.07,3,6,5,5,0.14,2,,,,,,7,5,6,0.11,1,12,2,2,0.13,4,,,,,,,,,,,,,,,,,,,,,,,,,,,,,,
202609111608,2026-09-11,16,08R,3284,渡邊 伸太郎,59期,佐賀,佐賀,58,B1,,1,0,0.18,5.71,36.7,58.2,4.0,10.5,26.3,0,64,33.1,51.2,0,15,40.0,53.5,12,1,4,4,0.36,4,7,3,3,0.26,2,6,1,1,0.12,2,,,,,,3,6,6,0.21,5,12,2,2,0.24,2,4,5,5,0.24,3,,,,,,,,,,,,,,,,,,,,,,,,,,,,,,,,,,,,5358,増本 杏珠,134期,福岡,福岡,21,B2,,0,0,0.21,2.83,7.5,13.6,0.0,0.0,0.0,0,41,35.1,48.2,0,47,31.3,47.0,,,,,,,9,6,6,0.35,6,4,2,2,0.19,3,10,5,5,0.2,6,4,1,1,0.11,4,,,,,,3,6,6,0.16,6,8,4,4,0.32,4,,,,,,,,,,,,,,,,,,,,,,,,,,,,,,,4797,中山 将,113期,三重,三重,34,A1,,2,0,0.13,6.04,44.4,66.6,6.38,47.6,61.9,0,57,35.0,51.0,0,60,29.8,39.6,2,,,,,,10,4,4,0.18,4,3,5,2,0.23,4,9,6,6,0.24,6,8,1,1,0.24,6,12,5,5,0.25,6,2,2,2,0.32,6,7,3,3,0.26,5,,,,,,,,,,,,,,,,,,,,,,,,,,,,,,,4382,高山 智至,98期,滋賀,京都,41,B1,,0,0,0.19,4.64,21.3,39.8,3.67,5.5,33.3,0,31,34.3,50.7,0,68,40.5,62.1,3,5,6,6,0.1,4,,,,,,1,4,4,0.08,2,8,2,2,0.19,3,,,,,,7,1,1,0.18,6,1,5,5,0.18,3,10,3,3,0.1,1,,,,,,,,,,,,,,,,,,,,,,,,,,,,,,,5292,佐藤 右京,132期,東京,宮城,24,B1,,0,0,0.23,4.46,26.0,42.3,3.38,19.2,26.9,0,25,25.7,42.9,0,55,27.8,42.0,,,,,,,8,3,3,0.06,2,2,4,4,0.1,3,8,1,1,0.26,2,,,,,,8,6,6,0.06,5,4,2,2,0.13,5,12,5,5,0.04,6,,,,,,,,,,,,,,,,,,,,,,,,,,,,,,,4410,井上 大輔,99期,岡山,岡山,40,B1,,0,0,0.16,4.29,24.4,36.1,5.01,33.3,43.4,0,24,30.5,48.0,0,20,30.1,43.0,1,2,1,1,0.14,2,11,3,3,0.14,5,5,4,4,0.14,4,,,,,,1,5,5,0.09,2,8,2,2,0.12,1,5,6,6,0.11,6,,,,,,,,,,,,,,,,,,,,,,,,,,,,,,,,,,,
202609111609,2026-09-11,16,09R,4286,平田 さやか,94期,東京,東京,42,A2,,0,0,0.15,6.06,43.7,64.8,0.0,0.0,0.0,0,17,38.5,50.5,0,11,27.3,45.9,,4,3,3,0.11,4,9,1,1,0.19,2,,,,,,7,4,4,0.11,4,6,2,2,0.14,3,12,6,6,0.22,5,5,3,3,0.13,2,10,5,5,0.07,3,,,,,,,,,,,,,,,,,,,,,,,,,,,,,,,4374,永田 義紘,98期,広島,広島,42,B1,,1,0,0.15,4.33,25.0,32.9,4.28,20.0,36.0,0,46,24.8,38.6,0,54,38.5,52.7,1,2,4,4,0.13,3,8,1,1,0.06,3,6,5,5,0.14,5,,,,,,2,6,6,0.11,4,11,3,3,0.14,4,1,2,2,0.18,6,,,,,,,,,,,,,,,,,,,,,,,,,,,,,,,,,,,,5109,川崎 智稔,125期,岡山,岡山,27,B1,,1,0,0.15,4.65,28.0,47.0,4.45,22.7,42.4,0,68,32.6,47.0,0,61,31.3,50.5,2,4,2,2,0.11,1,10,5,5,0.11,6,2,1,1,0.14,4,,,,,,4,6,6,0.16,6,10,4,4,0.07,2,6,3,3,0.16,5,,,,,,,,,,,,,,,,,,,,,,,,,,,,,,,,,,,,4499,滝川 真由子,102期,長崎,愛知,38,B1,,1,0,0.18,5.0,25.8,56.4,2.67,0.0,0.0,0,26,31.5,46.0,0,46,31.8,52.7,3,3,6,6,0.38,6,9,3,3,0.22,1,5,2,2,0.16,3,,,,,,5,4,4,0.23,4,10,1,1,0.08,1,,,,,,9,5,5,0.08,4,,,,,,,,,,,,,,,,,,,,,,,,,,,,,,,5338,香月 大輝,134期,福岡,福岡,26,B1,,0,0,0.16,4.5,20.0,40.0,3.56,5.5,27.7,0,16,35.9,51.4,0,70,31.3,51.3,4,2,6,6,0.06,6,,,,,,1,5,5,0.01,4,9,2,2,0.06,3,6,4,4,0.1,4,,,,,,2,3,3,0.21,1,6,1,1,0.12,1,,,,,,,,,,,,,,,,,,,,,,,,,,,,,,,4789,古賀 智之,113期,福岡,福岡,37,A2,,0,0,0.16,5.63,39.1,56.5,5.31,31.2,50.0,0,37,34.8,54.9,0,24,29.2,46.2,,4,6,6,0.28,5,,,,,,6,4,4,0.15,4,12,5,5,0.1,4,2,3,3,0.04,1,7,2,2,0.2,5,5,1,1,0.13,4,9,4,4,0.1,3,,,,,,,,,,,,,,,,,,,,,,,,,,,,,,
202609111610,2026-09-11,16,10R,4828,松山 将吾,114期,滋賀,京都,32,A1,,1,0,0.15,6.56,48.0,65.6,5.45,35.0,50.0,0,42,30.1,46.6,0,67,27.0,42.5,4,4,4,4,0.14,2,12,6,6,0.16,5,5,1,1,0.06,1,11,2,2,0.17,2,6,3,3,0.19,1,11,4,4,0.13,3,,,,,,10,2,2,0.13,4,,,,,,,,,,,,,,,,,,,,,,,,,,,,,,,4364,池永 太,97期,福岡,宮崎,41,A1,,0,0,0.13,6.15,43.4,55.4,7.39,60.9,80.4,0,50,39.5,58.0,0,66,32.9,47.7,3,8,6,6,0.09,5,12,4,4,0.08,2,6,2,2,0.13,1,11,1,1,0.19,1,,,,,,9,5,5,0.16,4,1,1,1,0.14,1,11,3,3,0.17,4,,,,,,,,,,,,,,,,,,,,,,,,,,,,,,,4436,渋谷 明憲,100期,大阪,大阪,40,A1,,1,0,0.15,6.34,48.2,70.1,5.38,38.1,52.3,0,12,39.6,54.4,0,35,27.6,45.2,5,,,,,,11,1,1,0.15,3,4,4,4,0.06,1,12,2,2,0.1,2,3,3,3,0.18,4,9,4,4,0.22,1,6,2,2,0.16,2,10,6,6,0.11,6,,,,,,,,,,,,,,,,,,,,,,,,,,,,,,,4754,松尾 充,112期,三重,三重,38,A2,,0,0,0.15,6.44,44.0,64.8,0.0,0.0,0.0,0,32,25.5,43.2,0,25,29.4,47.7,1,,,,,,8,4,4,0.07,6,5,3,3,0.15,2,10,1,1,0.17,1,7,6,6,0.17,2,11,2,2,0.15,2,3,4,4,0.17,4,11,5,5,0.21,2,,,,,,,,,,,,,,,,,,,,,,,,,,,,,,,4788,小池 哲也,113期,大阪,大阪,37,A2,,0,0,0.16,5.4,31.1,53.2,5.94,44.2,61.5,0,56,36.3,49.4,0,49,47.2,61.5,4,,,,,,7,2,2,0.2,5,1,1,1,0.01,1,10,4,4,0.21,3,3,5,5,0.16,2,10,3,3,0.08,4,5,4,4,0.15,1,12,6,6,0.09,3,,,,,,,,,,,,,,,,,,,,,,,,,,,,,,,4067,永井 源,86期,愛知,福岡,46,A2,,0,0,0.17,6.5,49.6,68.9,0.0,0.0,0.0,0,14,27.0,45.9,0,14,34.5,56.2,6,6,4,4,0.19,1,,,,,,3,4,6,0.19,3,11,3,3,0.12,4,1,1,1,0.13,1,10,2,2,0.06,5,3,5,5,0.15,5,12,3,3,0.17,2,,,,,,,,,,,,,,,,,,,,,,,,,,,,,,
202609111611,2026-09-11,16,11R,4350,篠崎 元志,96期,福岡,福岡,40,A1,,0,0,0.13,8.09,66.6,78.9,8.75,85.0,95.0,0,28,32.4,47.8,0,28,24.7,37.6,6,5,5,5,0.06,3,12,1,1,0.08,1,,,,,,10,2,2,0.17,2,4,4,4,0.11,3,12,3,3,0.19,3,6,4,5,0.16,4,12,1,1,0.15,1,,,,,,,,,,,,,,,,,,,,,,,,,,,,,,,5047,國分 将太郎,123期,東京,福島,32,B1,,0,0,0.17,6.11,39.8,63.2,5.48,34.7,56.5,0,15,26.8,41.5,0,59,32.0,46.5,4,2,5,5,0.14,1,7,1,1,0.13,1,,,,,,11,6,6,0.16,3,5,3,3,0.17,5,9,2,2,0.33,3,4,3,3,0.12,1,10,4,4,0.1,2,,,,,,,,,,,,,,,,,,,,,,,,,,,,,,,4460,後藤 翔之,101期,東京,東京,40,A2,,0,0,0.14,6.07,43.2,63.4,5.69,37.9,62.0,0,23,32.5,49.7,0,41,29.5,44.9,3,3,4,4,0.38,1,11,6,6,0.1,6,,,,,,8,5,5,0.12,4,4,3,3,0.08,2,9,1,1,0.23,2,3,3,3,0.24,2,9,2,2,0.1,1,,,,,,,,,,,,,,,,,,,,,,,,,,,,,,,5076,石原 光,124期,静岡,静岡,30,B1,,0,0,0.17,4.95,32.6,46.1,3.41,13.6,27.2,0,22,35.9,50.2,0,56,32.6,50.2,4,4,1,1,0.4,6,11,5,5,0.13,2,,,,,,9,4,4,0.14,1,1,6,6,0.2,4,7,3,3,0.18,1,,,,,,7,2,2,0.25,2,,,,,,,,,,,,,,,,,,,,,,,,,,,,,,,4072,森永 淳,86期,佐賀,佐賀,45,A1,,0,0,0.13,7.34,58.8,72.5,7.6,70.0,70.0,0,21,37.8,51.9,0,58,38.5,57.6,5,3,5,5,0.31,3,12,3,3,0.11,6,7,2,2,0.15,2,12,4,4,0.09,5,7,5,5,0.15,3,12,1,1,0.18,1,,,,,,9,1,1,0.11,2,,,,,,,,,,,,,,,,,,,,,,,,,,,,,,,4314,青木 幸太郎,95期,福岡,福岡,42,A2,,0,0,0.16,5.88,39.7,61.4,4.35,11.7,23.5,0,58,33.3,53.5,0,40,31.5,47.2,7,3,3,3,0.45,4,10,1,1,0.04,1,4,5,5,0.01,2,,,,,,5,2,2,0.12,2,12,4,4,0.2,4,4,6,6,0.16,4,8,3,3,0.18,3,,,,,,,,,,,,,,,,,,,,,,,,,,,,,,
202609111612,2026-09-11,16,12R,4441,末永 由楽,100期,岡山,岡山,40,A2,,0,0,0.14,5.63,33.3,54.7,6.34,43.8,63.7,0,66,33.8,51.7,0,36,34.5,46.4,7,1,1,1,0.22,1,8,2,2,0.03,1,3,3,4,0.19,2,12,3,3,0.07,3,6,5,5,0.14,2,,,,,,7,5,6,0.11,1,12,2,2,0.13,4,,,,,,,,,,,,,,,,,,,,,,,,,,,,,,,3988,古川 誠之,83期,愛知,愛知,48,A2,,0,0,0.15,6.2,38.5,66.3,5.73,45.4,54.5,0,61,35.1,53.7,0,52,32.4,51.1,4,5,1,1,0.11,1,11,2,2,0.18,1,6,3,3,0.13,3,,,,,,3,2,2,0.17,1,8,4,4,0.16,3,2,5,5,0.21,3,11,6,6,0.19,5,,,,,,,,,,,,,,,,,,,,,,,,,,,,,,,4030,森高 一真,85期,香川,香川,48,A1,,0,0,0.14,6.76,37.8,54.9,6.78,33.3,61.1,0,48,21.9,42.7,0,22,30.9,48.6,5,7,5,5,0.3,3,12,2,2,0.12,4,8,3,3,0.13,1,12,1,1,0.1,1,,,,,,10,5,5,0.09,3,4,4,4,0.17,6,11,1,1,0.24,1,,,,,,,,,,,,,,,,,,,,,,,,,,,,,,,5299,西丸 敦基,132期,香川,香川,24,A2,,0,0,0.15,6.07,44.5,59.4,5.24,36.7,51.0,0,62,38.8,58.5,0,37,22.0,35.7,6,5,4,4,0.04,2,10,3,3,0.03,2,7,5,6,0.07,3,11,5,5,0.14,5,5,1,1,0.12,1,,,,,,6,6,4,0.19,3,11,2,2,0.2,3,,,,,,,,,,,,,,,,,,,,,,,,,,,,,,,4446,和田 兼輔,100期,兵庫,兵庫,39,A1,,1,0,0.13,6.79,47.7,68.8,6.75,35.0,60.0,0,18,30.3,45.5,0,62,33.5,51.0,3,6,2,2,0.2,4,12,5,5,0.16,3,,,,,,9,3,3,0.1,4,5,5,5,0.21,3,11,1,1,0.07,1,8,1,1,0.16,1,12,4,4,0.12,5,,,,,,,,,,,,,,,,,,,,,,,,,,,,,,,3284,渡邊 伸太郎,59期,佐賀,佐賀,58,B1,,1,0,0.18,5.71,36.7,58.2,4.0,10.5,26.3,0,64,33.1,51.2,0,15,40.0,53.5,8,1,4,4,0.36,4,7,3,3,0.26,2,6,1,1,0.12,2,,,,,,3,6,6,0.21,5,12,2,2,0.24,2,4,5,5,0.24,3,,,,,,,,,,,,,,,,,,,,,,,,,,,,,,,,,,,
202609111701,2026-09-11,17,01R,4637,中田 友也,107期,埼玉,埼玉,36,A2,,0,0,0.18,5.77,40.6,56.2,5.8,45.0,55.0,0,70,32.1,44.9,0,66,34.6,52.1,11,4,6,6,0.26,4,9,3,2,0.15,5,,,,,,8,3,3,0.12,1,,,,,,,,,,,,,,,,,,,,,,,,,,,,,,,,,,,,,,,,,,,,,,,,,,,5236,小宮 涼雅,130期,広島,岡山,27,B1,,0,0,0.17,4.55,25.0,43.0,3.8,20.0,34.5,0,80,29.4,42.2,0,36,33.0,49.6,7,2,3,3,0.11,転,10,5,5,0.27,6,2,1,1,0.15,4,,,,,,,,,,,,,,,,,,,,,,,,,,,,,,,,,,,,,,,,,,,,,,,,,,,,,,,,3662,大庭 元明,73期,福岡,福岡,56,B1,,0,0,0.16,4.96,33.3,44.7,6.7,60.0,70.0,0,79,36.6,58.5,0,56,34.9,50.6,10,2,2,2,0.13,2,11,5,5,0.09,4,4,1,1,0.15,2,,,,,,,,,,,,,,,,,,,,,,,,,,,,,,,,,,,,,,,,,,,,,,,,,,,,,,,,4969,町田 洸希,120期,長崎,長崎,35,B1,,0,0,0.18,4.6,22.9,44.8,5.63,36.8,52.6,0,36,33.6,49.8,0,79,29.2,41.1,8,4,5,5,0.22,3,,,,,,3,3,3,0.2,6,,,,,,,,,,,,,,,,,,,,,,,,,,,,,,,,,,,,,,,,,,,,,,,,,,,,,,,,3637,齋藤 和政,72期,愛知,愛知,55,B1,,0,0,0.18,3.62,15.4,26.7,2.53,5.8,11.7,0,18,33.6,51.9,0,75,31.4,52.6,6,4,1,1,0.04,6,,,,,,1,3,2,0.18,4,9,6,6,0.21,4,,,,,,,,,,,,,,,,,,,,,,,,,,,,,,,,,,,,,,,,,,,,,,,,,,,4158,木場 雄二郎,90期,山口,山口,45,B1,,0,0,0.16,4.39,21.0,40.0,4.31,22.3,41.7,0,63,33.1,47.2,0,55,27.5,47.1,9,,,,,,8,4,4,0.1,5,4,5,5,0.14,4,10,1,1,0.16,1,,,,,,,,,,,,,,,,,,,,,,,,,,,,,,,,,,,,,,,,,,,,,,,,,,
202609111702,2026-09-11,17,02R,3497,後藤 浩,67期,埼玉,埼玉,58,B1,,0,0,0.17,4.0,25.6,30.4,5.61,27.7,61.1,0,71,33.9,51.5,0,23,31.3,53.4,8,,,,,,7,5,5,0.27,5,2,2,2,0.13,6,8,6,6,0.08,6,,,,,,,,,,,,,,,,,,,,,,,,,,,,,,,,,,,,,,,,,,,,,,,,,,,3381,滝沢 芳行,63期,埼玉,埼玉,58,B1,,0,0,0.15,5.17,32.1,49.4,4.67,30.5,44.4,0,32,41.6,57.9,0,20,28.8,45.6,9,5,6,6,0.31,6,,,,,,3,1,1,0.18,5,10,3,3,0.17,3,,,,,,,,,,,,,,,,,,,,,,,,,,,,,,,,,,,,,,,,,,,,,,,,,,,4832,権藤 俊光,115期,大阪,大阪,39,A1,,0,0,0.14,6.72,48.3,67.2,7.6,60.0,80.0,0,33,33.3,48.7,0,37,38.9,56.6,10,8,3,3,0.1,2,12,6,6,0.25,5,3,4,4,0.29,3,11,1,1,0.06,1,,,,,,,,,,,,,,,,,,,,,,,,,,,,,,,,,,,,,,,,,,,,,,,,,,,4839,四宮 与寛,115期,徳島,徳島,36,A2,,0,0,0.15,6.21,46.2,61.1,6.38,47.6,66.6,0,15,35.2,52.7,0,17,40.6,54.3,11,4,4,4,0.11,1,11,6,6,0.16,転,6,1,1,0.09,2,,,,,,,,,,,,,,,,,,,,,,,,,,,,,,,,,,,,,,,,,,,,,,,,,,,,,,,,4023,柴田 友和,85期,福岡,福岡,49,B1,,0,0,0.17,3.79,18.5,27.1,5.25,25.0,50.0,0,59,29.9,45.0,0,22,33.0,48.4,7,1,4,4,0.21,3,7,1,1,0.14,4,6,6,6,0.19,5,,,,,,,,,,,,,,,,,,,,,,,,,,,,,,,,,,,,,,,,,,,,,,,,,,,,,,,,3265,今村 暢孝,59期,福岡,福岡,61,A2,,1,0,0.15,5.98,44.0,60.7,6.55,50.0,70.9,0,39,32.4,50.6,0,76,35.3,54.4,12,,,,,,9,2,5,0.11,1,5,1,1,0.04,4,11,2,2,0.05,4,,,,,,,,,,,,,,,,,,,,,,,,,,,,,,,,,,,,,,,,,,,,,,,,,,
202609111703,2026-09-11,17,03R,4231,鈴木 裕隆,92期,愛知,愛知,43,B1,,0,0,0.17,5.4,33.9,53.0,5.55,32.2,58.0,0,82,32.0,48.2,0,61,34.3,51.3,,1,3,3,0.17,2,9,6,6,0.21,2,4,4,4,0.15,6,,,,,,,,,,,,,,,,,,,,,,,,,,,,,,,,,,,,,,,,,,,,,,,,,,,,,,,,4514,上條 嘉嗣,102期,大阪,大阪,36,A1,,0,0,0.19,6.59,54.6,68.7,6.46,48.7,66.6,0,17,38.8,55.7,0,57,35.7,51.2,11,5,1,1,0.28,1,12,4,4,0.27,6,8,5,5,0.12,3,12,4,4,0.22,5,,,,,,,,,,,,,,,,,,,,,,,,,,,,,,,,,,,,,,,,,,,,,,,,,,,3920,正木 聖賢,81期,広島,広島,51,B1,,0,0,0.17,4.47,29.4,35.2,5.5,35.5,51.1,0,66,38.3,54.9,0,69,29.7,50.4,8,2,1,1,0.16,1,,,,,,1,2,5,0.22,3,8,2,2,0.1,2,,,,,,,,,,,,,,,,,,,,,,,,,,,,,,,,,,,,,,,,,,,,,,,,,,,3748,小黒 竜吾,75期,埼玉,埼玉,51,B1,,1,0,0.16,3.97,13.2,29.4,5.78,33.3,55.5,0,72,47.7,64.7,0,63,35.3,54.4,10,1,6,6,0.23,4,8,2,2,0.16,4,5,5,5,0.1,5,,,,,,,,,,,,,,,,,,,,,,,,,,,,,,,,,,,,,,,,,,,,,,,,,,,,,,,,4593,小坂 宗司,106期,大阪,兵庫,45,A2,,0,0,0.17,5.97,36.4,65.4,6.02,38.0,60.0,0,54,35.8,57.2,0,14,28.6,45.7,9,,,,,,10,2,2,0.17,2,5,3,3,0.05,3,12,6,6,0.16,2,,,,,,,,,,,,,,,,,,,,,,,,,,,,,,,,,,,,,,,,,,,,,,,,,,,4428,有賀 達也,100期,埼玉,埼玉,40,A2,,0,0,0.14,6.04,39.2,57.9,7.0,50.0,72.7,0,34,35.6,52.4,0,73,34.1,52.0,12,,,,,,7,3,3,0.18,3,3,5,5,0.12,1,9,1,1,0.2,1,,,,,,,,,,,,,,,,,,,,,,,,,,,,,,,,,,,,,,,,,,,,,,,,,,
202609111704,2026-09-11,17,04R,4650,中山 雄太,108期,愛知,愛知,42,B2,,0,0,0.13,2.92,8.3,12.5,6.27,54.5,72.7,0,30,41.8,59.0,0,78,38.3,56.9,11,6,3,3,0.11,1,,,,,,5,6,6,0.1,6,,,,,,,,,,,,,,,,,,,,,,,,,,,,,,,,,,,,,,,,,,,,,,,,,,,,,,,,4574,東 潤樹,105期,広島,愛媛,37,A2,,0,0,0.17,5.1,34.2,46.6,5.33,35.9,47.4,0,52,35.0,56.5,0,26,27.7,52.2,10,1,1,1,0.15,1,11,3,3,0.12,1,,,,,,7,5,6,0.17,3,,,,,,,,,,,,,,,,,,,,,,,,,,,,,,,,,,,,,,,,,,,,,,,,,,,4570,前田 聖文,105期,愛知,愛知,38,A1,,0,0,0.16,6.07,37.7,63.3,6.13,35.9,53.8,0,55,36.2,55.2,0,33,26.4,41.9,12,3,5,5,0.12,4,11,1,1,0.21,5,,,,,,10,2,2,0.19,4,,,,,,,,,,,,,,,,,,,,,,,,,,,,,,,,,,,,,,,,,,,,,,,,,,,5384,八戸 琉楓,135期,長崎,佐賀,21,B2,,0,0,0.22,1.68,1.1,3.5,1.0,0.0,0.0,0,24,36.4,52.1,0,35,36.8,52.4,,2,4,4,0.18,5,8,5,5,0.31,6,6,5,5,0.13,3,,,,,,,,,,,,,,,,,,,,,,,,,,,,,,,,,,,,,,,,,,,,,,,,,,,,,,,,3333,丸尾 義孝,61期,徳島,徳島,58,A1,,0,0,0.15,6.5,48.2,68.7,7.0,54.5,72.7,0,27,30.7,47.4,0,81,31.1,52.9,9,6,5,4,0.25,3,12,2,2,0.18,4,7,4,4,0.17,2,12,1,1,0.16,1,,,,,,,,,,,,,,,,,,,,,,,,,,,,,,,,,,,,,,,,,,,,,,,,,,,4461,安田 吉宏,101期,三重,岐阜,40,B1,,0,0,0.17,4.51,22.5,41.9,3.83,6.9,37.9,0,78,29.5,46.9,0,24,33.4,51.0,,,,,,,9,1,1,0.18,4,2,3,3,0.09,2,9,4,4,0.28,5,,,,,,,,,,,,,,,,,,,,,,,,,,,,,,,,,,,,,,,,,,,,,,,,,,
202609111705,2026-09-11,17,05R,3684,清水 攻二,73期,山口,山口,52,A2,,0,0,0.18,5.56,34.6,60.2,6.24,48.0,60.0,0,38,47.4,66.9,0,71,32.7,44.9,12,6,6,6,0.26,6,,,,,,3,2,2,0.18,4,12,3,3,0.19,3,,,,,,,,,,,,,,,,,,,,,,,,,,,,,,,,,,,,,,,,,,,,,,,,,,,5041,荒牧 凪沙,122期,福岡,福岡,27,B1,,1,0,0.19,4.88,29.1,44.4,5.92,37.5,58.3,0,21,40.8,57.9,0,77,35.1,52.3,,5,3,3,0.35,2,,,,,,2,4,4,0.09,1,11,5,5,0.19,6,,,,,,,,,,,,,,,,,,,,,,,,,,,,,,,,,,,,,,,,,,,,,,,,,,,4302,西野 翔太,95期,広島,広島,43,A1,,0,0,0.15,6.6,53.2,67.2,6.57,47.2,67.0,0,67,31.9,51.2,0,34,29.7,45.5,11,7,2,2,0.17,1,12,3,3,0.16,3,5,4,4,0.08,2,10,5,6,0.18,2,,,,,,,,,,,,,,,,,,,,,,,,,,,,,,,,,,,,,,,,,,,,,,,,,,,5035,櫻井 優,122期,埼玉,埼玉,28,A2,,0,0,0.17,5.45,36.7,53.7,0.0,0.0,0.0,0,13,27.5,45.5,0,51,37.2,56.9,,6,1,1,0.19,2,11,4,4,0.16,3,4,2,2,0.18,3,11,6,6,0.2,5,,,,,,,,,,,,,,,,,,,,,,,,,,,,,,,,,,,,,,,,,,,,,,,,,,,5249,三木 晴斗,130期,徳島,徳島,24,B1,,0,0,0.16,4.91,27.0,50.0,3.32,9.0,22.7,0,62,28.5,44.2,0,68,34.2,49.8,,5,2,2,0.31,4,,,,,,1,5,4,0.23,5,6,3,3,0.2,4,,,,,,,,,,,,,,,,,,,,,,,,,,,,,,,,,,,,,,,,,,,,,,,,,,,3868,尾形 栄治,79期,東京,東京,51,B1,,0,0,0.21,4.55,22.6,41.6,0.0,0.0,0.0,0,29,31.3,52.4,0,25,36.0,51.2,10,1,5,5,0.15,6,10,1,1,0.14,1,,,,,,9,2,2,0.24,6,,,,,,,,,,,,,,,,,,,,,,,,,,,,,,,,,,,,,,,,,,,,,,,,,,
202609111706,2026-09-11,17,06R,3503,堂原 洋史,67期,埼玉,千葉,56,B1,,0,0,0.16,3.55,16.3,22.8,5.1,30.0,50.0,0,20,29.4,49.1,0,65,32.2,48.7,,4,3,3,0.09,5,10,6,6,0.16,3,2,5,5,0.1,3,7,2,2,0.14,4,,,,,,,,,,,,,,,,,,,,,,,,,,,,,,,,,,,,,,,,,,,,,,,,,,,3556,田中 信一郎,69期,大阪,大阪,53,A1,,0,0,0.14,6.76,52.2,70.6,7.5,64.7,76.4,0,60,37.8,55.3,0,39,33.3,45.8,12,3,4,4,0.11,3,12,1,1,0.16,1,4,3,3,0.13,1,9,5,5,0.19,2,,,,,,,,,,,,,,,,,,,,,,,,,,,,,,,,,,,,,,,,,,,,,,,,,,,3637,齋藤 和政,72期,愛知,愛知,55,B1,,0,0,0.18,3.62,15.4,26.7,2.53,5.8,11.7,0,18,33.6,51.9,0,75,31.4,52.6,1,4,1,1,0.04,6,,,,,,1,3,2,0.18,4,9,6,6,0.21,4,,,,,,,,,,,,,,,,,,,,,,,,,,,,,,,,,,,,,,,,,,,,,,,,,,,4808,松尾 拓,114期,三重,三重,38,A2,,0,0,0.16,6.4,46.8,64.8,5.17,30.5,41.6,0,53,32.6,44.7,0,80,29.1,48.7,11,5,4,4,0.35,3,11,2,2,0.11,2,,,,,,7,1,1,0.18,1,,,,,,,,,,,,,,,,,,,,,,,,,,,,,,,,,,,,,,,,,,,,,,,,,,,4952,吉武 真也,119期,福岡,福岡,32,B1,,0,0,0.19,4.21,20.0,35.0,4.75,25.0,50.0,0,73,29.8,48.4,0,21,33.8,49.7,,6,2,2,0.11,5,,,,,,1,4,3,0.25,2,10,4,4,0.2,5,,,,,,,,,,,,,,,,,,,,,,,,,,,,,,,,,,,,,,,,,,,,,,,,,,,4134,杉山 貴博,89期,東京,千葉,46,A2,,0,0,0.16,5.69,40.1,58.9,5.65,32.5,62.5,0,16,34.0,50.0,0,32,33.7,49.5,,3,1,1,0.1,1,9,4,3,0.17,6,6,2,2,0.18,6,12,5,5,0.18,6,,,,,,,,,,,,,,,,,,,,,,,,,,,,,,,,,,,,,,,,,,,,,,,,,,
202609111707,2026-09-11,17,07R,4241,大串 重幸,92期,長崎,長崎,41,A2,,0,0,0.17,5.8,35.6,58.4,5.85,35.0,60.0,0,65,40.8,54.0,0,50,29.3,48.3,,5,5,5,0.34,5,10,3,3,0.2,4,4,6,6,0.17,5,12,2,2,0.18,4,,,,,,,,,,,,,,,,,,,,,,,,,,,,,,,,,,,,,,,,,,,,,,,,,,,4023,柴田 友和,85期,福岡,福岡,49,B1,,0,0,0.17,3.79,18.5,27.1,5.25,25.0,50.0,0,59,29.9,45.0,0,22,33.0,48.4,2,1,4,4,0.21,3,7,1,1,0.14,4,6,6,6,0.19,5,,,,,,,,,,,,,,,,,,,,,,,,,,,,,,,,,,,,,,,,,,,,,,,,,,,,,,,,4406,幸野 史明,99期,福岡,福岡,41,B1,,0,0,0.16,4.21,18.6,34.3,4.58,26.0,44.0,0,23,32.6,50.8,0,29,43.3,56.2,,,,,,,8,1,1,0.11,3,3,6,6,0.15,2,8,4,4,0.11,5,,,,,,,,,,,,,,,,,,,,,,,,,,,,,,,,,,,,,,,,,,,,,,,,,,,4601,森野 正弘,106期,山口,山口,41,A1,,0,0,0.13,7.05,58.1,73.6,6.78,36.1,69.4,0,25,37.2,57.0,0,53,31.8,47.6,12,4,2,2,0.03,2,12,5,5,0.22,2,6,4,4,0.1,1,11,3,3,0.06,3,,,,,,,,,,,,,,,,,,,,,,,,,,,,,,,,,,,,,,,,,,,,,,,,,,,5450,藤本 遼磨,138期,大阪,大阪,23,B2,,0,0,0.0,2.06,2.0,6.2,0.0,0.0,0.0,0,37,43.0,56.5,0,58,36.3,52.8,,,,,,,7,6,6,0.34,6,1,6,6,0.29,6,7,6,5,0.16,6,,,,,,,,,,,,,,,,,,,,,,,,,,,,,,,,,,,,,,,,,,,,,,,,,,,5236,小宮 涼雅,130期,広島,岡山,27,B1,,0,0,0.17,4.55,25.0,43.0,3.8,20.0,34.5,0,80,29.4,42.2,0,36,33.0,49.6,1,2,3,3,0.11,転,10,5,5,0.27,6,2,1,1,0.15,4,,,,,,,,,,,,,,,,,,,,,,,,,,,,,,,,,,,,,,,,,,,,,,,,,,,,,,,
202609111708,2026-09-11,17,08R,4201,佐竹 友樹,91期,埼玉,宮城,44,B1,,0,0,0.18,4.33,22.0,35.7,4.74,30.4,43.4,0,58,39.4,52.3,0,15,30.8,47.1,,2,6,6,0.08,4,9,5,4,0.13,3,,,,,,7,3,3,0.23,5,,,,,,,,,,,,,,,,,,,,,,,,,,,,,,,,,,,,,,,,,,,,,,,,,,,4969,町田 洸希,120期,長崎,長崎,35,B1,,0,0,0.18,4.6,22.9,44.8,5.63,36.8,52.6,0,36,33.6,49.8,0,79,29.2,41.1,1,4,5,5,0.22,3,,,,,,3,3,3,0.2,6,,,,,,,,,,,,,,,,,,,,,,,,,,,,,,,,,,,,,,,,,,,,,,,,,,,,,,,,3497,後藤 浩,67期,埼玉,埼玉,58,B1,,0,0,0.17,4.0,25.6,30.4,5.61,27.7,61.1,0,71,33.9,51.5,0,23,31.3,53.4,2,,,,,,7,5,5,0.27,5,2,2,2,0.13,6,8,6,6,0.08,6,,,,,,,,,,,,,,,,,,,,,,,,,,,,,,,,,,,,,,,,,,,,,,,,,,,5036,福田 翔吾,122期,大阪,大阪,28,B1,,0,0,0.18,5.64,37.7,60.5,5.09,30.4,65.2,0,57,36.5,53.9,0,60,28.8,42.3,,1,2,2,0.15,5,6,4,5,0.1,4,,,,,,9,3,3,0.19,3,,,,,,,,,,,,,,,,,,,,,,,,,,,,,,,,,,,,,,,,,,,,,,,,,,,5452,上馬場 風依,138期,広島,広島,20,B2,,1,0,0.0,1.16,0.0,0.0,1.18,0.0,0.0,0,19,34.8,57.5,0,27,35.2,49.3,,3,6,6,0.27,6,,,,,,2,6,6,0.27,5,10,6,5,0.17,6,,,,,,,,,,,,,,,,,,,,,,,,,,,,,,,,,,,,,,,,,,,,,,,,,,,3920,正木 聖賢,81期,広島,広島,51,B1,,0,0,0.17,4.47,29.4,35.2,5.5,35.5,51.1,0,66,38.3,54.9,0,69,29.7,50.4,3,2,1,1,0.16,1,,,,,,1,2,5,0.22,3,8,2,2,0.1,2,,,,,,,,,,,,,,,,,,,,,,,,,,,,,,,,,,,,,,,,,,,,,,,,,,
202609111709,2026-09-11,17,09R,4593,小坂 宗司,106期,大阪,兵庫,45,A2,,0,0,0.17,5.97,36.4,65.4,6.02,38.0,60.0,0,54,35.8,57.2,0,14,28.6,45.7,3,,,,,,10,2,2,0.17,2,5,3,3,0.05,3,12,6,6,0.16,2,,,,,,,,,,,,,,,,,,,,,,,,,,,,,,,,,,,,,,,,,,,,,,,,,,,4158,木場 雄二郎,90期,山口,山口,45,B1,,0,0,0.16,4.39,21.0,40.0,4.31,22.3,41.7,0,63,33.1,47.2,0,55,27.5,47.1,1,,,,,,8,4,4,0.1,5,4,5,5,0.14,4,10,1,1,0.16,1,,,,,,,,,,,,,,,,,,,,,,,,,,,,,,,,,,,,,,,,,,,,,,,,,,,3333,丸尾 義孝,61期,徳島,徳島,58,A1,,0,0,0.15,6.5,48.2,68.7,7.0,54.5,72.7,0,27,30.7,47.4,0,81,31.1,52.9,4,6,5,4,0.25,3,12,2,2,0.18,4,7,4,4,0.17,2,12,1,1,0.16,1,,,,,,,,,,,,,,,,,,,,,,,,,,,,,,,,,,,,,,,,,,,,,,,,,,,4732,堀本 和也,111期,徳島,徳島,37,A2,,0,0,0.12,7.06,56.6,75.0,6.0,40.0,60.0,0,51,39.0,56.0,0,18,33.9,53.0,,3,2,2,0.11,5,8,6,6,0.2,1,1,1,1,0.15,1,11,4,4,0.18,2,,,,,,,,,,,,,,,,,,,,,,,,,,,,,,,,,,,,,,,,,,,,,,,,,,,3381,滝沢 芳行,63期,埼玉,埼玉,58,B1,,0,0,0.15,5.17,32.1,49.4,4.67,30.5,44.4,0,32,41.6,57.9,0,20,28.8,45.6,2,5,6,6,0.31,6,,,,,,3,1,1,0.18,5,10,3,3,0.17,3,,,,,,,,,,,,,,,,,,,,,,,,,,,,,,,,,,,,,,,,,,,,,,,,,,,4332,村上 彰一,96期,福岡,福岡,42,B1,,1,0,0.19,4.26,18.0,36.1,4.45,13.6,50.0,0,11,39.4,52.5,0,54,28.2,45.2,,3,3,3,0.1,2,10,4,4,0.23,5,,,,,,8,1,1,0.08,4,,,,,,,,,,,,,,,,,,,,,,,,,,,,,,,,,,,,,,,,,,,,,,,,,,
202609111710,2026-09-11,17,10R,3748,小黒 竜吾,75期,埼玉,埼玉,51,B1,,1,0,0.16,3.97,13.2,29.4,5.78,33.3,55.5,0,72,47.7,64.7,0,63,35.3,54.4,3,1,6,6,0.23,4,8,2,2,0.16,4,5,5,5,0.1,5,,,,,,,,,,,,,,,,,,,,,,,,,,,,,,,,,,,,,,,,,,,,,,,,,,,,,,,,4832,権藤 俊光,115期,大阪,大阪,39,A1,,0,0,0.14,6.72,48.3,67.2,7.6,60.0,80.0,0,33,33.3,48.7,0,37,38.9,56.6,2,8,3,3,0.1,2,12,6,6,0.25,5,3,4,4,0.29,3,11,1,1,0.06,1,,,,,,,,,,,,,,,,,,,,,,,,,,,,,,,,,,,,,,,,,,,,,,,,,,,5311,小林 京平,133期,山口,山口,28,B1,,0,0,0.18,5.34,34.8,47.6,2.83,8.3,33.3,0,61,35.9,49.3,0,70,30.1,39.6,,2,5,5,0.12,3,7,4,4,0.28,2,5,2,2,0.03,1,,,,,,,,,,,,,,,,,,,,,,,,,,,,,,,,,,,,,,,,,,,,,,,,,,,,,,,,3868,尾形 栄治,79期,東京,東京,51,B1,,0,0,0.21,4.55,22.6,41.6,0.0,0.0,0.0,0,29,31.3,52.4,0,25,36.0,51.2,5,1,5,5,0.15,6,10,1,1,0.14,1,,,,,,9,2,2,0.24,6,,,,,,,,,,,,,,,,,,,,,,,,,,,,,,,,,,,,,,,,,,,,,,,,,,,4574,東 潤樹,105期,広島,愛媛,37,A2,,0,0,0.17,5.1,34.2,46.6,5.33,35.9,47.4,0,52,35.0,56.5,0,26,27.7,52.2,4,1,1,1,0.15,1,11,3,3,0.12,1,,,,,,7,5,6,0.17,3,,,,,,,,,,,,,,,,,,,,,,,,,,,,,,,,,,,,,,,,,,,,,,,,,,,3662,大庭 元明,73期,福岡,福岡,56,B1,,0,0,0.16,4.96,33.3,44.7,6.7,60.0,70.0,0,79,36.6,58.5,0,56,34.9,50.6,1,2,2,2,0.13,2,11,5,5,0.09,4,4,1,1,0.15,2,,,,,,,,,,,,,,,,,,,,,,,,,,,,,,,,,,,,,,,,,,,,,,,,,,,,,,,
202609111711,2026-09-11,17,11R,4302,西野 翔太,95期,広島,広島,43,A1,,0,0,0.15,6.6,53.2,67.2,6.57,47.2,67.0,0,67,31.9,51.2,0,34,29.7,45.5,5,7,2,2,0.17,1,12,3,3,0.16,3,5,4,4,0.08,2,10,5,6,0.18,2,,,,,,,,,,,,,,,,,,,,,,,,,,,,,,,,,,,,,,,,,,,,,,,,,,,4839,四宮 与寛,115期,徳島,徳島,36,A2,,0,0,0.15,6.21,46.2,61.1,6.38,47.6,66.6,0,15,35.2,52.7,0,17,40.6,54.3,2,4,4,4,0.11,1,11,6,6,0.16,転,6,1,1,0.09,2,,,,,,,,,,,,,,,,,,,,,,,,,,,,,,,,,,,,,,,,,,,,,,,,,,,,,,,,4514,上條 嘉嗣,102期,大阪,大阪,36,A1,,0,0,0.19,6.59,54.6,68.7,6.46,48.7,66.6,0,17,38.8,55.7,0,57,35.7,51.2,3,5,1,1,0.28,1,12,4,4,0.27,6,8,5,5,0.12,3,12,4,4,0.22,5,,,,,,,,,,,,,,,,,,,,,,,,,,,,,,,,,,,,,,,,,,,,,,,,,,,4650,中山 雄太,108期,愛知,愛知,42,B2,,0,0,0.13,2.92,8.3,12.5,6.27,54.5,72.7,0,30,41.8,59.0,0,78,38.3,56.9,4,6,3,3,0.11,1,,,,,,5,6,6,0.1,6,,,,,,,,,,,,,,,,,,,,,,,,,,,,,,,,,,,,,,,,,,,,,,,,,,,,,,,,4637,中田 友也,107期,埼玉,埼玉,36,A2,,0,0,0.18,5.77,40.6,56.2,5.8,45.0,55.0,0,70,32.1,44.9,0,66,34.6,52.1,1,4,6,6,0.26,4,9,3,2,0.15,5,,,,,,8,3,3,0.12,1,,,,,,,,,,,,,,,,,,,,,,,,,,,,,,,,,,,,,,,,,,,,,,,,,,,4808,松尾 拓,114期,三重,三重,38,A2,,0,0,0.16,6.4,46.8,64.8,5.17,30.5,41.6,0,53,32.6,44.7,0,80,29.1,48.7,6,5,4,4,0.35,3,11,2,2,0.11,2,,,,,,7,1,1,0.18,1,,,,,,,,,,,,,,,,,,,,,,,,,,,,,,,,,,,,,,,,,,,,,,,,,,
202609111712,2026-09-11,17,12R,4601,森野 正弘,106期,山口,山口,41,A1,,0,0,0.13,7.05,58.1,73.6,6.78,36.1,69.4,0,25,37.2,57.0,0,53,31.8,47.6,7,4,2,2,0.03,2,12,5,5,0.22,2,6,4,4,0.1,1,11,3,3,0.06,3,,,,,,,,,,,,,,,,,,,,,,,,,,,,,,,,,,,,,,,,,,,,,,,,,,,4428,有賀 達也,100期,埼玉,埼玉,40,A2,,0,0,0.14,6.04,39.2,57.9,7.0,50.0,72.7,0,34,35.6,52.4,0,73,34.1,52.0,3,,,,,,7,3,3,0.18,3,3,5,5,0.12,1,9,1,1,0.2,1,,,,,,,,,,,,,,,,,,,,,,,,,,,,,,,,,,,,,,,,,,,,,,,,,,,3265,今村 暢孝,59期,福岡,福岡,61,A2,,1,0,0.15,5.98,44.0,60.7,6.55,50.0,70.9,0,39,32.4,50.6,0,76,35.3,54.4,2,,,,,,9,2,5,0.11,1,5,1,1,0.04,4,11,2,2,0.05,4,,,,,,,,,,,,,,,,,,,,,,,,,,,,,,,,,,,,,,,,,,,,,,,,,,,3556,田中 信一郎,69期,大阪,大阪,53,A1,,0,0,0.14,6.76,52.2,70.6,7.5,64.7,76.4,0,60,37.8,55.3,0,39,33.3,45.8,6,3,4,4,0.11,3,12,1,1,0.16,1,4,3,3,0.13,1,9,5,5,0.19,2,,,,,,,,,,,,,,,,,,,,,,,,,,,,,,,,,,,,,,,,,,,,,,,,,,,3684,清水 攻二,73期,山口,山口,52,A2,,0,0,0.18,5.56,34.6,60.2,6.24,48.0,60.0,0,38,47.4,66.9,0,71,32.7,44.9,5,6,6,6,0.26,6,,,,,,3,2,2,0.18,4,12,3,3,0.19,3,,,,,,,,,,,,,,,,,,,,,,,,,,,,,,,,,,,,,,,,,,,,,,,,,,,4570,前田 聖文,105期,愛知,愛知,38,A1,,0,0,0.16,6.07,37.7,63.3,6.13,35.9,53.8,0,55,36.2,55.2,0,33,26.4,41.9,4,3,5,5,0.12,4,11,1,1,0.21,5,,,,,,10,2,2,0.19,4,,,,,,,,,,,,,,,,,,,,,,,,,,,,,,,,,,,,,,,,,,,,,,,,,,
202609112001,2026-09-11,20,01R,4034,西原 明生,85期,香川,愛媛,47,B1,,0,0,0.22,4.04,22.2,30.0,5.11,36.1,52.7,0,13,31.4,44.9,0,55,33.8,48.3,9,5,5,5,0.2,4,,,,,,4,4,4,0.18,6,11,2,2,0.11,6,,,,,,,,,,,,,,,,,,,,,,,,,,,,,,,,,,,,,,,,,,,,,,,,,,,5316,村松 将平,133期,静岡,静岡,25,B1,,1,0,0.15,5.2,32.8,52.6,0.0,0.0,0.0,0,18,32.1,49.1,0,68,35.4,50.0,10,2,2,2,0.17,1,11,5,5,0.14,6,4,3,3,0.14,2,,,,,,,,,,,,,,,,,,,,,,,,,,,,,,,,,,,,,,,,,,,,,,,,,,,,,,,,4076,杉田 篤光,87期,静岡,静岡,48,B1,,0,0,0.21,4.78,25.0,45.0,4.65,23.5,35.2,0,62,24.6,40.2,0,32,32.3,55.8,11,2,1,1,0.22,2,7,5,5,0.26,6,1,5,4,0.16,4,,,,,,,,,,,,,,,,,,,,,,,,,,,,,,,,,,,,,,,,,,,,,,,,,,,,,,,,4873,蒲原 健太,116期,佐賀,佐賀,32,B1,,0,0,0.2,4.86,29.7,47.9,5.11,29.6,44.4,0,26,30.4,49.1,0,63,27.6,41.5,5,4,1,1,0.13,2,,,,,,1,4,6,0.13,5,10,2,2,0.22,2,,,,,,,,,,,,,,,,,,,,,,,,,,,,,,,,,,,,,,,,,,,,,,,,,,,4274,長畑 友輔,94期,東京,東京,44,B1,,0,0,0.16,4.64,27.7,42.5,4.22,19.4,36.1,0,2,31.2,42.0,0,67,45.9,62.3,12,6,1,1,0.15,3,,,,,,6,2,2,0.12,3,10,6,6,0.26,4,,,,,,,,,,,,,,,,,,,,,,,,,,,,,,,,,,,,,,,,,,,,,,,,,,,5373,諏訪 玲奈,135期,岡山,岡山,23,B2,,0,0,0.2,3.09,5.8,21.7,0.0,0.0,0.0,0,37,28.8,42.9,0,25,39.7,61.7,7,,,,,,8,6,5,0.08,5,2,3,3,0.16,5,7,4,4,0.2,3,,,,,,,,,,,,,,,,,,,,,,,,,,,,,,,,,,,,,,,,,,,,,,,,,,
202609112002,2026-09-11,20,02R,4484,稲生 夏季,101期,東京,東京,36,B1,,0,0,0.21,4.72,21.0,43.4,6.2,40.0,60.0,0,58,34.4,48.2,0,45,34.6,53.8,7,2,6,6,0.21,6,,,,,,1,3,3,0.09,6,9,5,5,0.24,4,,,,,,,,,,,,,,,,,,,,,,,,,,,,,,,,,,,,,,,,,,,,,,,,,,,5014,梶山 涼斗,121期,佐賀,佐賀,28,B1,,1,0,0.14,4.34,27.1,38.9,4.92,26.3,42.1,0,57,30.0,47.4,0,57,36.5,52.3,11,1,5,5,0.16,4,10,2,2,0.17,6,6,3,3,0.11,6,,,,,,,,,,,,,,,,,,,,,,,,,,,,,,,,,,,,,,,,,,,,,,,,,,,,,,,,3539,金子 順一,69期,山口,山口,58,B1,,0,0,0.19,4.53,22.6,42.2,4.94,38.8,44.4,0,10,24.1,41.5,0,14,20.3,37.0,8,1,2,2,0.2,6,8,4,6,0.09,3,3,5,5,0.1,5,,,,,,,,,,,,,,,,,,,,,,,,,,,,,,,,,,,,,,,,,,,,,,,,,,,,,,,,4014,片岡 恵里,84期,山口,岡山,46,A2,,1,0,0.17,5.6,38.3,55.3,5.1,25.0,57.6,0,11,25.9,45.7,0,24,31.2,46.8,10,3,5,5,0.26,4,,,,,,7,5,6,0.17,4,12,2,2,0.16,3,,,,,,,,,,,,,,,,,,,,,,,,,,,,,,,,,,,,,,,,,,,,,,,,,,,4094,中島 真二,87期,福岡,福岡,45,B1,,0,0,0.18,4.73,27.7,43.3,4.76,24.4,48.9,0,56,20.8,35.4,0,35,27.1,47.4,,1,1,1,0.17,1,6,3,3,0.16,4,,,,,,7,2,2,0.22,6,,,,,,,,,,,,,,,,,,,,,,,,,,,,,,,,,,,,,,,,,,,,,,,,,,,3880,浅見 宗孝,80期,埼玉,埼玉,53,B1,,1,0,0.19,4.15,16.6,37.1,4.22,22.2,33.3,0,29,26.6,43.6,0,60,37.9,62.0,,6,4,4,0.11,エ,,,,,,2,1,1,0.14,1,8,4,5,0.22,5,,,,,,,,,,,,,,,,,,,,,,,,,,,,,,,,,,,,,,,,,,,,,,,,,,
202609112003,2026-09-11,20,03R,4891,寺島 美里,117期,東京,福島,36,B1,,0,0,0.16,5.11,30.5,47.2,6.5,50.0,75.0,0,59,30.3,45.8,0,16,35.4,56.4,9,5,3,3,0.09,5,,,,,,1,2,2,0.09,1,12,6,6,0.08,6,,,,,,,,,,,,,,,,,,,,,,,,,,,,,,,,,,,,,,,,,,,,,,,,,,,4396,大田 直弥,98期,山口,山口,40,B1,,0,0,0.2,4.79,25.5,40.8,5.02,25.8,53.4,0,38,33.5,54.1,0,75,31.7,57.1,,1,4,4,0.22,3,9,3,3,0.18,4,,,,,,8,5,6,0.18,4,,,,,,,,,,,,,,,,,,,,,,,,,,,,,,,,,,,,,,,,,,,,,,,,,,,4373,若狭 奈美子,97期,岡山,岡山,38,A1,,1,0,0.17,6.25,41.1,65.6,6.21,42.1,68.4,0,50,33.1,47.7,0,27,35.8,56.7,10,,,,,,9,5,6,0.17,3,6,5,5,0.18,4,12,1,1,0.17,1,,,,,,,,,,,,,,,,,,,,,,,,,,,,,,,,,,,,,,,,,,,,,,,,,,,4009,小林 一樹,84期,山口,山口,47,A2,,1,0,0.13,5.61,41.1,56.6,5.82,42.4,63.6,0,39,37.2,58.5,0,47,35.1,48.1,8,4,4,6,0.08,4,8,3,3,0.06,6,6,1,1,0.13,1,,,,,,,,,,,,,,,,,,,,,,,,,,,,,,,,,,,,,,,,,,,,,,,,,,,,,,,,5382,山下 心一,135期,福岡,福岡,21,B1,,0,0,0.17,1.9,1.1,6.9,2.07,3.4,13.7,0,23,40.1,59.8,0,61,32.3,55.8,,1,6,6,0.12,5,7,3,3,0.18,5,2,5,5,0.09,4,,,,,,,,,,,,,,,,,,,,,,,,,,,,,,,,,,,,,,,,,,,,,,,,,,,,,,,,3388,今垣 光太郎,63期,福井,石川,56,A1,,1,0,0.16,6.51,45.6,59.2,5.19,23.8,38.1,0,1,26.7,45.9,0,31,36.3,56.3,11,6,2,2,0.16,1,12,1,1,0.13,1,,,,,,9,4,4,0.25,3,,,,,,,,,,,,,,,,,,,,,,,,,,,,,,,,,,,,,,,,,,,,,,,,,,
202609112004,2026-09-11,20,04R,3175,渡辺 千草,55期,東京,神奈川,62,B1,,0,0,0.17,4.51,23.4,43.2,0.0,0.0,0.0,0,55,20.6,41.2,0,56,23.4,40.6,8,1,3,3,0.15,2,,,,,,2,2,2,0.15,2,12,4,4,0.13,5,,,,,,,,,,,,,,,,,,,,,,,,,,,,,,,,,,,,,,,,,,,,,,,,,,,4043,桐本 康臣,85期,三重,三重,47,A2,,0,0,0.17,5.89,40.3,62.2,7.19,51.1,74.4,0,22,36.3,53.0,0,29,24.5,45.9,,5,2,2,0.08,3,11,6,6,0.19,5,2,4,4,0.12,落,10,1,1,0.21,6,,,,,,,,,,,,,,,,,,,,,,,,,,,,,,,,,,,,,,,,,,,,,,,,,,,4204,柴田 大輔,91期,福岡,福岡,44,B1,,0,0,0.19,5.06,29.4,42.3,5.19,31.4,51.8,0,12,33.5,54.0,0,18,15.7,24.5,10,,,,,,9,2,2,0.2,2,1,1,1,0.17,2,11,5,5,0.16,5,,,,,,,,,,,,,,,,,,,,,,,,,,,,,,,,,,,,,,,,,,,,,,,,,,,3737,上平 真二,75期,広島,広島,52,A1,,0,0,0.17,6.97,49.4,73.0,7.0,42.8,78.5,0,54,29.9,45.5,0,64,33.9,41.5,12,8,1,1,0.08,1,12,2,2,0.17,3,6,6,6,0.13,5,,,,,,,,,,,,,,,,,,,,,,,,,,,,,,,,,,,,,,,,,,,,,,,,,,,,,,,,4462,夏山 亮平,101期,大阪,大阪,40,B1,,0,0,0.15,4.66,28.3,47.7,5.82,41.1,58.8,0,4,35.3,53.3,0,52,22.7,34.8,9,4,5,3,0.12,6,10,6,6,0.13,4,4,1,1,0.13,1,,,,,,,,,,,,,,,,,,,,,,,,,,,,,,,,,,,,,,,,,,,,,,,,,,,,,,,,4424,松尾 昂明,100期,福岡,福岡,41,A2,,0,0,0.16,5.44,34.2,50.0,6.03,40.2,59.7,0,15,33.7,51.6,0,11,29.4,41.1,,2,5,5,0.14,3,10,1,1,0.15,3,3,4,4,0.11,4,8,3,3,0.26,3,,,,,,,,,,,,,,,,,,,,,,,,,,,,,,,,,,,,,,,,,,,,,,,,,,
202609112005,2026-09-11,20,05R,4600,井内 将太郎,106期,広島,広島,41,A1,,1,0,0.12,6.31,47.4,65.3,6.17,38.8,66.6,0,25,38.4,54.4,0,58,21.8,32.8,10,4,3,4,0.07,1,12,6,6,0.27,6,,,,,,7,3,3,0.16,2,,,,,,,,,,,,,,,,,,,,,,,,,,,,,,,,,,,,,,,,,,,,,,,,,,,3833,中辻 博訓,78期,福井,福井,52,A2,,0,0,0.13,6.4,50.4,63.5,5.94,40.0,60.0,0,34,38.1,55.1,0,51,35.9,53.1,11,,,,,,9,1,1,0.16,1,5,4,4,0.06,3,11,6,6,0.14,4,,,,,,,,,,,,,,,,,,,,,,,,,,,,,,,,,,,,,,,,,,,,,,,,,,,4273,佐藤 旭,94期,静岡,静岡,44,B1,,0,0,0.19,4.96,28.4,48.4,5.98,40.0,60.0,0,44,33.8,49.7,0,28,18.7,40.6,,3,1,1,0.29,5,10,5,5,0.07,5,6,4,4,0.11,2,,,,,,,,,,,,,,,,,,,,,,,,,,,,,,,,,,,,,,,,,,,,,,,,,,,,,,,,5085,中村 栄治,124期,福井,福井,27,A2,,0,0,0.22,5.17,33.3,46.4,5.75,25.0,62.5,0,31,33.3,47.9,0,20,29.5,60.6,12,6,6,6,0.13,5,10,3,3,0.06,1,,,,,,9,1,1,0.27,2,,,,,,,,,,,,,,,,,,,,,,,,,,,,,,,,,,,,,,,,,,,,,,,,,,,4873,蒲原 健太,116期,佐賀,佐賀,32,B1,,0,0,0.2,4.86,29.7,47.9,5.11,29.6,44.4,0,26,30.4,49.1,0,63,27.6,41.5,1,4,1,1,0.13,2,,,,,,1,4,6,0.13,5,10,2,2,0.22,2,,,,,,,,,,,,,,,,,,,,,,,,,,,,,,,,,,,,,,,,,,,,,,,,,,,5429,吉川 颯汰,137期,佐賀,佐賀,23,B2,,0,0,0.22,1.12,0.0,1.9,0.0,0.0,0.0,0,8,29.7,48.1,0,50,26.3,40.3,,3,6,6,0.29,6,,,,,,3,6,6,0.09,6,7,6,5,0.22,5,,,,,,,,,,,,,,,,,,,,,,,,,,,,,,,,,,,,,,,,,,,,,,,,,,
202609112006,2026-09-11,20,06R,4230,濱崎 直矢,92期,埼玉,埼玉,43,A2,,1,0,0.16,6.2,47.3,64.4,5.68,45.4,59.0,0,32,35.9,54.5,0,74,29.4,55.8,,2,3,3,0.16,4,8,2,2,0.12,2,4,5,5,0.25,4,10,4,4,0.29,5,,,,,,,,,,,,,,,,,,,,,,,,,,,,,,,,,,,,,,,,,,,,,,,,,,,5033,藤原 孝斗,122期,愛知,愛知,28,B1,,0,0,0.18,4.4,26.3,34.7,4.0,0.0,40.0,0,28,31.9,45.5,0,21,36.8,50.8,10,3,2,2,0.18,3,8,5,4,0.08,4,5,5,5,0.12,5,,,,,,,,,,,,,,,,,,,,,,,,,,,,,,,,,,,,,,,,,,,,,,,,,,,,,,,,5263,花田 凱成,131期,福岡,福岡,27,B1,,0,0,0.17,3.87,13.9,32.5,3.18,4.5,36.3,0,9,31.9,53.7,0,22,23.3,48.3,,4,2,2,0.12,3,,,,,,1,6,5,0.21,3,8,6,4,0.21,6,,,,,,,,,,,,,,,,,,,,,,,,,,,,,,,,,,,,,,,,,,,,,,,,,,,4518,大須賀 友,103期,愛知,愛知,39,A1,,1,0,0.16,6.4,48.6,65.2,5.5,33.3,66.6,0,16,29.4,39.8,0,46,29.5,52.4,11,3,3,3,0.19,2,12,5,5,0.28,4,4,2,2,0.14,3,8,1,1,0.24,1,,,,,,,,,,,,,,,,,,,,,,,,,,,,,,,,,,,,,,,,,,,,,,,,,,,4551,三川 昂暁,104期,福岡,福岡,37,A2,,1,0,0.17,5.63,38.6,56.1,4.97,23.3,43.3,0,3,32.2,49.4,0,42,33.3,46.6,12,,,,,,7,6,6,0.24,3,7,1,1,0.16,1,11,3,3,0.09,2,,,,,,,,,,,,,,,,,,,,,,,,,,,,,,,,,,,,,,,,,,,,,,,,,,,4085,荻野 裕介,87期,東京,東京,46,B1,,0,0,0.2,5.33,37.5,52.5,3.92,15.3,34.6,0,27,26.1,36.0,0,73,28.5,48.2,,,,,,,7,2,2,0.18,4,3,3,3,0.07,3,10,5,5,0.32,3,,,,,,,,,,,,,,,,,,,,,,,,,,,,,,,,,,,,,,,,,,,,,,,,,,
202609112007,2026-09-11,20,07R,4529,嶋 義信,103期,香川,香川,37,A1,,0,0,0.14,5.51,36.0,51.1,5.2,32.0,44.0,0,30,30.1,45.4,0,38,31.3,46.2,12,4,6,5,0.12,5,11,1,1,0.15,1,2,6,6,0.12,3,11,4,4,0.13,3,,,,,,,,,,,,,,,,,,,,,,,,,,,,,,,,,,,,,,,,,,,,,,,,,,,5373,諏訪 玲奈,135期,岡山,岡山,23,B2,,0,0,0.2,3.09,5.8,21.7,0.0,0.0,0.0,0,37,28.8,42.9,0,25,39.7,61.7,1,,,,,,8,6,5,0.08,5,2,3,3,0.16,5,7,4,4,0.2,3,,,,,,,,,,,,,,,,,,,,,,,,,,,,,,,,,,,,,,,,,,,,,,,,,,,4816,村松 修二,114期,広島,広島,35,A2,,0,0,0.16,5.64,38.4,57.2,6.23,45.4,59.0,0,7,28.8,40.1,0,33,26.4,49.0,11,5,1,1,0.06,2,10,4,4,0.05,2,,,,,,8,2,2,0.21,2,,,,,,,,,,,,,,,,,,,,,,,,,,,,,,,,,,,,,,,,,,,,,,,,,,,4484,稲生 夏季,101期,東京,東京,36,B1,,0,0,0.21,4.72,21.0,43.4,6.2,40.0,60.0,0,58,34.4,48.2,0,45,34.6,53.8,2,2,6,6,0.21,6,,,,,,1,3,3,0.09,6,9,5,5,0.24,4,,,,,,,,,,,,,,,,,,,,,,,,,,,,,,,,,,,,,,,,,,,,,,,,,,,5219,森口 和紀,129期,福岡,福岡,25,B1,,0,0,0.2,5.27,37.6,48.3,5.47,35.2,52.9,0,60,32.2,50.2,0,36,38.4,55.3,,3,4,4,0.16,1,11,3,3,0.14,2,5,6,6,0.06,4,9,2,2,0.24,1,,,,,,,,,,,,,,,,,,,,,,,,,,,,,,,,,,,,,,,,,,,,,,,,,,,4357,田中 和也,97期,大阪,大阪,42,A1,,0,0,0.18,6.53,50.4,68.3,7.94,76.4,82.3,0,61,34.4,53.2,0,65,20.6,43.1,,5,4,4,0.12,1,12,3,3,0.19,2,3,2,2,0.12,1,11,1,1,0.09,1,,,,,,,,,,,,,,,,,,,,,,,,,,,,,,,,,,,,,,,,,,,,,,,,,,
202609112008,2026-09-11,20,08R,3999,大瀧 明日香,83期,愛知,静岡,47,A2,,1,0,0.16,6.33,49.1,67.5,5.52,44.4,51.8,0,33,29.8,50.2,0,59,22.6,30.1,,7,4,4,0.21,2,11,2,2,0.15,4,4,6,6,0.23,5,12,3,3,0.16,2,,,,,,,,,,,,,,,,,,,,,,,,,,,,,,,,,,,,,,,,,,,,,,,,,,,4009,小林 一樹,84期,山口,山口,47,A2,,1,0,0.13,5.61,41.1,56.6,5.82,42.4,63.6,0,39,37.2,58.5,0,47,35.1,48.1,3,4,4,6,0.08,4,8,3,3,0.06,6,6,1,1,0.13,1,,,,,,,,,,,,,,,,,,,,,,,,,,,,,,,,,,,,,,,,,,,,,,,,,,,,,,,,4209,藤田 竜弘,91期,静岡,静岡,43,A2,,0,0,0.18,6.16,39.1,61.8,4.62,20.5,38.2,0,41,34.0,51.6,0,12,32.7,46.5,12,6,5,5,0.08,2,11,4,4,0.14,3,5,1,1,0.14,1,,,,,,,,,,,,,,,,,,,,,,,,,,,,,,,,,,,,,,,,,,,,,,,,,,,,,,,,3539,金子 順一,69期,山口,山口,58,B1,,0,0,0.19,4.53,22.6,42.2,4.94,38.8,44.4,0,10,24.1,41.5,0,14,20.3,37.0,2,1,2,2,0.2,6,8,4,6,0.09,3,3,5,5,0.1,5,,,,,,,,,,,,,,,,,,,,,,,,,,,,,,,,,,,,,,,,,,,,,,,,,,,,,,,,3175,渡辺 千草,55期,東京,神奈川,62,B1,,0,0,0.17,4.51,23.4,43.2,0.0,0.0,0.0,0,55,20.6,41.2,0,56,23.4,40.6,4,1,3,3,0.15,2,,,,,,2,2,2,0.15,2,12,4,4,0.13,5,,,,,,,,,,,,,,,,,,,,,,,,,,,,,,,,,,,,,,,,,,,,,,,,,,,5468,山口 隼人,138期,福岡,熊本,19,B2,,0,0,0.0,1.32,0.0,0.0,0.0,0.0,0.0,0,43,34.5,57.8,0,40,20.3,28.8,,5,6,6,0.35,6,9,6,5,0.18,5,,,,,,9,6,6,0.21,6,,,,,,,,,,,,,,,,,,,,,,,,,,,,,,,,,,,,,,,,,,,,,,,,,,
202609112009,2026-09-11,20,09R,4296,岡崎 恭裕,94期,福岡,福岡,39,A2,,0,0,0.14,6.37,44.0,67.8,6.76,54.6,69.3,0,45,35.2,50.8,0,15,40.9,59.0,,7,1,1,0.12,1,12,4,4,0.23,5,5,2,2,0.15,2,10,3,3,0.21,1,,,,,,,,,,,,,,,,,,,,,,,,,,,,,,,,,,,,,,,,,,,,,,,,,,,5248,本田 愛,130期,静岡,静岡,24,B1,,0,0,0.2,5.42,37.3,59.3,3.94,22.5,41.9,0,36,31.1,45.5,0,49,24.0,40.0,,,,,,,9,4,4,0.19,6,5,3,3,0.14,6,12,5,5,0.09,4,,,,,,,,,,,,,,,,,,,,,,,,,,,,,,,,,,,,,,,,,,,,,,,,,,,4034,西原 明生,85期,香川,愛媛,47,B1,,0,0,0.22,4.04,22.2,30.0,5.11,36.1,52.7,0,13,31.4,44.9,0,55,33.8,48.3,1,5,5,5,0.2,4,,,,,,4,4,4,0.18,6,11,2,2,0.11,6,,,,,,,,,,,,,,,,,,,,,,,,,,,,,,,,,,,,,,,,,,,,,,,,,,,4462,夏山 亮平,101期,大阪,大阪,40,B1,,0,0,0.15,4.66,28.3,47.7,5.82,41.1,58.8,0,4,35.3,53.3,0,52,22.7,34.8,4,4,5,3,0.12,6,10,6,6,0.13,4,4,1,1,0.13,1,,,,,,,,,,,,,,,,,,,,,,,,,,,,,,,,,,,,,,,,,,,,,,,,,,,,,,,,4891,寺島 美里,117期,東京,福島,36,B1,,0,0,0.16,5.11,30.5,47.2,6.5,50.0,75.0,0,59,30.3,45.8,0,16,35.4,56.4,3,5,3,3,0.09,5,,,,,,1,2,2,0.09,1,12,6,6,0.08,6,,,,,,,,,,,,,,,,,,,,,,,,,,,,,,,,,,,,,,,,,,,,,,,,,,,3362,間嶋 仁志,62期,三重,大阪,57,B1,,0,0,0.19,5.1,33.6,46.9,6.27,42.3,61.5,0,53,31.6,47.1,0,69,26.1,38.4,,2,4,4,0.22,5,,,,,,3,1,1,0.18,2,9,3,3,0.22,5,,,,,,,,,,,,,,,,,,,,,,,,,,,,,,,,,,,,,,,,,,,,,,,,,,
202609112010,2026-09-11,20,10R,4014,片岡 恵里,84期,山口,岡山,46,A2,,1,0,0.17,5.6,38.3,55.3,5.1,25.0,57.6,0,11,25.9,45.7,0,24,31.2,46.8,2,3,5,5,0.26,4,,,,,,7,5,6,0.17,4,12,2,2,0.16,3,,,,,,,,,,,,,,,,,,,,,,,,,,,,,,,,,,,,,,,,,,,,,,,,,,,4600,井内 将太郎,106期,広島,広島,41,A1,,1,0,0.12,6.31,47.4,65.3,6.17,38.8,66.6,0,25,38.4,54.4,0,58,21.8,32.8,5,4,3,4,0.07,1,12,6,6,0.27,6,,,,,,7,3,3,0.16,2,,,,,,,,,,,,,,,,,,,,,,,,,,,,,,,,,,,,,,,,,,,,,,,,,,,5033,藤原 孝斗,122期,愛知,愛知,28,B1,,0,0,0.18,4.4,26.3,34.7,4.0,0.0,40.0,0,28,31.9,45.5,0,21,36.8,50.8,6,3,2,2,0.18,3,8,5,4,0.08,4,5,5,5,0.12,5,,,,,,,,,,,,,,,,,,,,,,,,,,,,,,,,,,,,,,,,,,,,,,,,,,,,,,,,4373,若狭 奈美子,97期,岡山,岡山,38,A1,,1,0,0.17,6.25,41.1,65.6,6.21,42.1,68.4,0,50,33.1,47.7,0,27,35.8,56.7,3,,,,,,9,5,6,0.17,3,6,5,5,0.18,4,12,1,1,0.17,1,,,,,,,,,,,,,,,,,,,,,,,,,,,,,,,,,,,,,,,,,,,,,,,,,,,5316,村松 将平,133期,静岡,静岡,25,B1,,1,0,0.15,5.2,32.8,52.6,0.0,0.0,0.0,0,18,32.1,49.1,0,68,35.4,50.0,1,2,2,2,0.17,1,11,5,5,0.14,6,4,3,3,0.14,2,,,,,,,,,,,,,,,,,,,,,,,,,,,,,,,,,,,,,,,,,,,,,,,,,,,,,,,,4204,柴田 大輔,91期,福岡,福岡,44,B1,,0,0,0.19,5.06,29.4,42.3,5.19,31.4,51.8,0,12,33.5,54.0,0,18,15.7,24.5,4,,,,,,9,2,2,0.2,2,1,1,1,0.17,2,11,5,5,0.16,5,,,,,,,,,,,,,,,,,,,,,,,,,,,,,,,,,,,,,,,,,,,,,,,,,,
202609112011,2026-09-11,20,11R,4518,大須賀 友,103期,愛知,愛知,39,A1,,1,0,0.16,6.4,48.6,65.2,5.5,33.3,66.6,0,16,29.4,39.8,0,46,29.5,52.4,6,3,3,3,0.19,2,12,5,5,0.28,4,4,2,2,0.14,3,8,1,1,0.24,1,,,,,,,,,,,,,,,,,,,,,,,,,,,,,,,,,,,,,,,,,,,,,,,,,,,4076,杉田 篤光,87期,静岡,静岡,48,B1,,0,0,0.21,4.78,25.0,45.0,4.65,23.5,35.2,0,62,24.6,40.2,0,32,32.3,55.8,1,2,1,1,0.22,2,7,5,5,0.26,6,1,5,4,0.16,4,,,,,,,,,,,,,,,,,,,,,,,,,,,,,,,,,,,,,,,,,,,,,,,,,,,,,,,,3388,今垣 光太郎,63期,福井,石川,56,A1,,1,0,0.16,6.51,45.6,59.2,5.19,23.8,38.1,0,1,26.7,45.9,0,31,36.3,56.3,3,6,2,2,0.16,1,12,1,1,0.13,1,,,,,,9,4,4,0.25,3,,,,,,,,,,,,,,,,,,,,,,,,,,,,,,,,,,,,,,,,,,,,,,,,,,,5014,梶山 涼斗,121期,佐賀,佐賀,28,B1,,1,0,0.14,4.34,27.1,38.9,4.92,26.3,42.1,0,57,30.0,47.4,0,57,36.5,52.3,2,1,5,5,0.16,4,10,2,2,0.17,6,6,3,3,0.11,6,,,,,,,,,,,,,,,,,,,,,,,,,,,,,,,,,,,,,,,,,,,,,,,,,,,,,,,,3833,中辻 博訓,78期,福井,福井,52,A2,,0,0,0.13,6.4,50.4,63.5,5.94,40.0,60.0,0,34,38.1,55.1,0,51,35.9,53.1,5,,,,,,9,1,1,0.16,1,5,4,4,0.06,3,11,6,6,0.14,4,,,,,,,,,,,,,,,,,,,,,,,,,,,,,,,,,,,,,,,,,,,,,,,,,,,4816,村松 修二,114期,広島,広島,35,A2,,0,0,0.16,5.64,38.4,57.2,6.23,45.4,59.0,0,7,28.8,40.1,0,33,26.4,49.0,7,5,1,1,0.06,2,10,4,4,0.05,2,,,,,,8,2,2,0.21,2,,,,,,,,,,,,,,,,,,,,,,,,,,,,,,,,,,,,,,,,,,,,,,,,,,
202609112012,2026-09-11,20,12R,3737,上平 真二,75期,広島,広島,52,A1,,0,0,0.17,6.97,49.4,73.0,7.0,42.8,78.5,0,54,29.9,45.5,0,64,33.9,41.5,4,8,1,1,0.08,1,12,2,2,0.17,3,6,6,6,0.13,5,,,,,,,,,,,,,,,,,,,,,,,,,,,,,,,,,,,,,,,,,,,,,,,,,,,,,,,,4551,三川 昂暁,104期,福岡,福岡,37,A2,,1,0,0.17,5.63,38.6,56.1,4.97,23.3,43.3,0,3,32.2,49.4,0,42,33.3,46.6,6,,,,,,7,6,6,0.24,3,7,1,1,0.16,1,11,3,3,0.09,2,,,,,,,,,,,,,,,,,,,,,,,,,,,,,,,,,,,,,,,,,,,,,,,,,,,4529,嶋 義信,103期,香川,香川,37,A1,,0,0,0.14,5.51,36.0,51.1,5.2,32.0,44.0,0,30,30.1,45.4,0,38,31.3,46.2,7,4,6,5,0.12,5,11,1,1,0.15,1,2,6,6,0.12,3,11,4,4,0.13,3,,,,,,,,,,,,,,,,,,,,,,,,,,,,,,,,,,,,,,,,,,,,,,,,,,,4274,長畑 友輔,94期,東京,東京,44,B1,,0,0,0.16,4.64,27.7,42.5,4.22,19.4,36.1,0,2,31.2,42.0,0,67,45.9,62.3,1,6,1,1,0.15,3,,,,,,6,2,2,0.12,3,10,6,6,0.26,4,,,,,,,,,,,,,,,,,,,,,,,,,,,,,,,,,,,,,,,,,,,,,,,,,,,5085,中村 栄治,124期,福井,福井,27,A2,,0,0,0.22,5.17,33.3,46.4,5.75,25.0,62.5,0,31,33.3,47.9,0,20,29.5,60.6,5,6,6,6,0.13,5,10,3,3,0.06,1,,,,,,9,1,1,0.27,2,,,,,,,,,,,,,,,,,,,,,,,,,,,,,,,,,,,,,,,,,,,,,,,,,,,4209,藤田 竜弘,91期,静岡,静岡,43,A2,,0,0,0.18,6.16,39.1,61.8,4.62,20.5,38.2,0,41,34.0,51.6,0,12,32.7,46.5,8,6,5,5,0.08,2,11,4,4,0.14,3,5,1,1,0.14,1,,,,,,,,,,,,,,,,,,,,,,,,,,,,,,,,,,,,,,,,,,,,,,,,,,,,,,,
202609112101,2026-09-11,21,01R,4834,浜本 裕己,115期,大阪,大阪,38,A2,,1,0,0.15,5.65,38.4,55.3,4.64,24.0,40.0,0,48,41.8,57.1,0,131,32.2,52.0,9,,,,,,9,6,6,0.15,5,5,1,1,0.23,2,12,5,5,0.1,4,,,,,,,,,,,,,,,,,,,,,,,,,,,,,,,,,,,,,,,,,,,,,,,,,,,4020,川上 清人,84期,香川,高知,46,B1,,0,0,0.18,3.93,23.4,30.8,3.4,10.0,30.0,0,53,34.0,46.3,0,148,24.7,40.0,5,3,2,2,0.27,3,8,4,4,0.16,5,2,5,5,0.26,4,,,,,,,,,,,,,,,,,,,,,,,,,,,,,,,,,,,,,,,,,,,,,,,,,,,,,,,,4853,前原 哉,115期,岡山,岡山,31,B1,,0,0,0.22,4.41,18.4,38.0,3.39,5.5,27.7,0,51,30.9,49.4,0,130,23.0,38.4,,5,2,2,0.13,3,9,3,3,0.15,3,,,,,,8,4,4,0.14,4,,,,,,,,,,,,,,,,,,,,,,,,,,,,,,,,,,,,,,,,,,,,,,,,,,,5383,中村 楓,135期,三重,三重,21,B1,,0,0,0.17,2.42,1.3,9.4,0.0,0.0,0.0,0,32,42.2,50.5,0,127,37.3,54.5,7,5,5,5,0.05,5,,,,,,1,2,2,0.18,5,5,4,4,0.1,6,,,,,,,,,,,,,,,,,,,,,,,,,,,,,,,,,,,,,,,,,,,,,,,,,,,3509,池 千夏,67期,香川,愛媛,54,B1,,0,0,0.15,3.3,7.1,24.2,2.86,13.6,18.1,0,18,25.9,43.5,0,143,37.2,48.0,6,,,,,,8,3,3,0.15,4,1,5,6,0.09,4,6,5,4,0.07,5,,,,,,,,,,,,,,,,,,,,,,,,,,,,,,,,,,,,,,,,,,,,,,,,,,,4594,谷川 祐一,106期,滋賀,滋賀,44,B1,,0,0,0.16,6.27,48.6,64.6,6.89,55.5,66.6,0,13,40.4,57.5,0,138,40.3,57.6,10,7,5,5,0.11,2,11,2,2,0.16,5,,,,,,8,1,1,0.15,2,,,,,,,,,,,,,,,,,,,,,,,,,,,,,,,,,,,,,,,,,,,,,,,,,,
202609112102,2026-09-11,21,02R,4850,野中 一平,115期,愛知,岐阜,31,A2,,0,0,0.11,6.38,47.5,61.4,6.14,42.8,57.1,0,14,28.5,42.8,0,166,36.2,49.0,11,3,1,1,0.13,1,10,4,4,0.11,5,6,3,2,0.06,2,12,6,6,0.07,3,,,,,,,,,,,,,,,,,,,,,,,,,,,,,,,,,,,,,,,,,,,,,,,,,,,4443,津田 裕絵,100期,山口,山口,40,B1,,0,0,0.19,5.52,39.0,54.2,5.39,38.8,55.5,0,41,40.5,59.4,0,118,40.0,55.2,7,6,5,5,0.15,2,11,3,3,0.23,6,6,1,1,0.29,4,,,,,,,,,,,,,,,,,,,,,,,,,,,,,,,,,,,,,,,,,,,,,,,,,,,,,,,,3998,冨成 謙児,83期,佐賀,佐賀,47,B1,,0,0,0.17,4.34,26.2,36.3,4.43,25.0,38.6,0,27,30.3,43.1,0,117,34.2,46.3,,6,4,4,0.15,6,,,,,,3,5,6,0.13,4,7,2,2,0.22,3,,,,,,,,,,,,,,,,,,,,,,,,,,,,,,,,,,,,,,,,,,,,,,,,,,,4812,西野 雄貴,114期,徳島,徳島,36,A1,,0,0,0.14,7.69,63.5,83.7,7.63,65.7,82.8,0,5,32.9,50.0,0,129,27.8,48.1,12,4,1,1,0.07,1,12,5,5,0.08,2,,,,,,8,5,6,0.13,1,,,,,,,,,,,,,,,,,,,,,,,,,,,,,,,,,,,,,,,,,,,,,,,,,,,4408,仁科 さやか,99期,長崎,長崎,40,B1,,0,0,0.19,3.5,19.7,25.5,0.0,0.0,0.0,0,22,43.6,60.6,0,122,35.2,55.8,,,,,,,7,3,3,0.19,6,4,2,2,0.08,2,9,4,4,0.2,5,,,,,,,,,,,,,,,,,,,,,,,,,,,,,,,,,,,,,,,,,,,,,,,,,,,3843,上之 晃弘,78期,長崎,長崎,50,B1,,0,0,0.16,4.84,29.9,41.2,4.53,18.7,50.0,0,40,28.1,47.5,0,124,32.2,48.8,8,3,4,4,0.31,5,,,,,,1,4,5,0.15,3,9,2,2,0.2,3,,,,,,,,,,,,,,,,,,,,,,,,,,,,,,,,,,,,,,,,,,,,,,,,,,
202609112103,2026-09-11,21,03R,3541,三嶌 誠司,69期,香川,香川,58,A2,,0,0,0.17,6.27,43.6,67.9,7.82,68.1,81.8,0,42,25.0,44.0,0,139,29.4,48.0,12,,,,,,10,1,1,0.15,1,5,6,6,0.26,5,11,3,4,0.27,5,,,,,,,,,,,,,,,,,,,,,,,,,,,,,,,,,,,,,,,,,,,,,,,,,,,5082,一色 凌雅,124期,愛知,愛知,27,B1,,1,0,0.18,5.51,35.7,57.1,4.0,13.3,33.3,0,11,38.5,61.4,0,126,38.7,53.0,10,5,4,4,0.1,6,10,3,3,0.13,3,,,,,,7,5,5,0.19,2,,,,,,,,,,,,,,,,,,,,,,,,,,,,,,,,,,,,,,,,,,,,,,,,,,,4991,宗行 治哉,120期,広島,広島,29,A1,,0,0,0.18,6.49,43.0,63.4,5.19,23.2,51.1,0,35,48.0,69.0,0,125,31.7,50.0,,4,4,4,0.15,6,11,1,1,0.14,3,5,2,2,0.09,4,10,5,6,0.17,3,,,,,,,,,,,,,,,,,,,,,,,,,,,,,,,,,,,,,,,,,,,,,,,,,,,5208,屋良 龍紀,129期,長崎,長崎,28,B1,,1,0,0.15,4.13,22.0,41.5,3.66,14.2,28.5,0,43,40.2,54.9,0,132,34.6,53.0,7,2,2,2,0.31,3,9,5,5,0.17,6,6,4,3,0.17,6,,,,,,,,,,,,,,,,,,,,,,,,,,,,,,,,,,,,,,,,,,,,,,,,,,,,,,,,4384,鶴本 崇文,98期,大阪,大阪,41,A1,,0,0,0.16,5.63,36.7,58.1,7.39,55.5,94.4,0,25,12.8,28.2,0,134,37.1,55.2,9,3,3,3,0.19,6,12,4,4,0.02,5,4,1,1,0.03,1,,,,,,,,,,,,,,,,,,,,,,,,,,,,,,,,,,,,,,,,,,,,,,,,,,,,,,,,4092,岡部 大輔,87期,佐賀,佐賀,45,B1,,0,0,0.16,4.81,27.5,43.7,5.11,35.7,46.4,0,33,41.0,66.0,0,144,54.9,74.5,,,,,,,7,2,2,0.17,3,4,5,5,0.16,5,12,4,4,0.08,2,,,,,,,,,,,,,,,,,,,,,,,,,,,,,,,,,,,,,,,,,,,,,,,,,,
202609112104,2026-09-11,21,04R,4771,下寺 秀和,112期,広島,広島,33,A1,,0,0,0.16,7.19,54.6,79.6,6.07,46.4,53.5,0,29,38.1,53.6,0,168,35.5,51.1,10,8,2,2,0.15,1,12,6,6,0.07,4,2,4,4,0.23,2,12,1,1,0.12,1,,,,,,,,,,,,,,,,,,,,,,,,,,,,,,,,,,,,,,,,,,,,,,,,,,,3873,別府 昌樹,79期,広島,広島,50,B1,,0,0,0.21,4.96,27.2,48.0,5.89,37.8,56.7,0,12,36.8,49.4,0,165,33.6,46.7,,1,4,4,0.3,2,6,1,1,0.19,1,5,5,5,0.15,3,,,,,,,,,,,,,,,,,,,,,,,,,,,,,,,,,,,,,,,,,,,,,,,,,,,,,,,,4861,田中 宏樹,116期,福岡,宮崎,38,A2,,0,0,0.17,5.15,29.2,50.5,5.16,32.3,54.4,0,50,30.4,44.5,0,164,32.9,48.4,11,6,3,2,0.14,3,10,6,6,0.13,6,,,,,,10,1,1,0.14,1,,,,,,,,,,,,,,,,,,,,,,,,,,,,,,,,,,,,,,,,,,,,,,,,,,,3357,福島 陽子,62期,岡山,岡山,57,B1,,0,0,0.19,3.87,12.9,35.2,3.39,13.8,30.5,0,59,26.0,38.0,0,152,34.0,45.0,8,2,5,5,0.32,5,10,2,2,0.21,4,1,3,3,0.15,2,,,,,,,,,,,,,,,,,,,,,,,,,,,,,,,,,,,,,,,,,,,,,,,,,,,,,,,,4840,鈴木 秀茉,115期,静岡,静岡,35,B1,,0,0,0.16,4.82,28.1,47.5,3.61,16.6,33.3,0,57,38.9,48.4,0,167,31.9,49.4,9,1,3,3,0.32,4,7,4,4,0.11,4,,,,,,10,2,2,0.16,4,,,,,,,,,,,,,,,,,,,,,,,,,,,,,,,,,,,,,,,,,,,,,,,,,,,4793,金子 萌,113期,静岡,静岡,36,A2,,0,0,0.14,6.41,48.5,64.7,5.68,42.1,47.3,0,20,22.7,41.5,0,113,44.2,59.6,12,5,3,3,0.07,4,11,6,6,0.12,4,3,4,5,0.11,3,9,1,1,0.11,1,,,,,,,,,,,,,,,,,,,,,,,,,,,,,,,,,,,,,,,,,,,,,,,,,,
202609112105,2026-09-11,21,05R,4389,伊藤 喜智,98期,大阪,大阪,40,A2,,0,0,0.18,5.46,29.3,59.7,4.63,25.5,44.1,0,38,37.6,54.4,0,128,17.6,35.2,10,5,6,6,0.05,2,,,,,,2,1,1,0.32,1,11,4,3,0.26,6,,,,,,,,,,,,,,,,,,,,,,,,,,,,,,,,,,,,,,,,,,,,,,,,,,,5317,長尾 萌加,133期,岡山,岡山,25,B1,,1,0,0.17,4.63,23.7,45.3,3.35,5.8,23.5,0,2,26.6,36.1,0,147,23.0,36.2,,4,5,5,0.2,3,,,,,,4,4,4,0.13,4,10,3,3,0.19,5,,,,,,,,,,,,,,,,,,,,,,,,,,,,,,,,,,,,,,,,,,,,,,,,,,,4020,川上 清人,84期,香川,高知,46,B1,,0,0,0.18,3.93,23.4,30.8,3.4,10.0,30.0,0,53,34.0,46.3,0,148,24.7,40.0,1,3,2,2,0.27,3,8,4,4,0.16,5,2,5,5,0.26,4,,,,,,,,,,,,,,,,,,,,,,,,,,,,,,,,,,,,,,,,,,,,,,,,,,,,,,,,5457,山田 陽翔,138期,長崎,長崎,20,B2,,0,0,0.0,1.15,0.0,0.0,0.0,0.0,0.0,0,54,27.3,47.3,0,120,31.2,43.7,9,2,6,6,0.32,6,,,,,,1,6,4,0.02,6,7,6,6,0.24,6,,,,,,,,,,,,,,,,,,,,,,,,,,,,,,,,,,,,,,,,,,,,,,,,,,,4675,井手 良太,109期,大阪,大阪,38,A2,,0,0,0.14,5.75,37.5,59.7,4.38,12.5,50.0,0,47,33.3,50.0,0,161,34.3,47.0,12,,,,,,8,6,6,0.12,3,3,1,1,0.04,1,12,2,2,0.16,5,,,,,,,,,,,,,,,,,,,,,,,,,,,,,,,,,,,,,,,,,,,,,,,,,,,4848,仲谷 颯仁,115期,福岡,福岡,32,A1,,0,0,0.15,7.59,52.2,73.4,7.16,51.6,62.9,0,49,24.4,35.1,0,162,32.9,50.5,11,2,4,4,0.33,2,12,1,1,0.02,1,3,3,3,0.12,2,10,4,5,0.19,2,,,,,,,,,,,,,,,,,,,,,,,,,,,,,,,,,,,,,,,,,,,,,,,,,,
202609112106,2026-09-11,21,06R,3509,池 千夏,67期,香川,愛媛,54,B1,,0,0,0.15,3.3,7.1,24.2,2.86,13.6,18.1,0,18,25.9,43.5,0,143,37.2,48.0,1,,,,,,8,3,3,0.15,4,1,5,6,0.09,4,6,5,4,0.07,5,,,,,,,,,,,,,,,,,,,,,,,,,,,,,,,,,,,,,,,,,,,,,,,,,,,5160,藤森 陸斗,127期,福岡,福岡,27,A2,,0,0,0.15,5.84,42.2,57.7,5.44,33.3,58.9,0,6,25.5,45.9,0,156,37.5,56.7,10,6,6,6,0.14,5,,,,,,1,1,1,0.13,1,12,3,3,0.11,6,,,,,,,,,,,,,,,,,,,,,,,,,,,,,,,,,,,,,,,,,,,,,,,,,,,4638,小林 遼太,107期,福岡,福岡,35,B1,,0,0,0.18,5.38,36.5,56.9,4.54,25.7,42.8,0,55,37.7,56.6,0,170,35.9,52.4,,4,2,2,0.13,2,,,,,,7,1,1,0.18,1,11,5,5,0.25,4,,,,,,,,,,,,,,,,,,,,,,,,,,,,,,,,,,,,,,,,,,,,,,,,,,,5447,岡本 亜子,138期,岡山,岡山,24,B2,,0,0,0.0,1.07,0.0,0.0,0.0,0.0,0.0,0,24,16.6,31.3,0,123,31.4,50.5,,1,6,6,0.63,6,,,,,,3,6,4,0.13,6,8,6,5,0.18,6,,,,,,,,,,,,,,,,,,,,,,,,,,,,,,,,,,,,,,,,,,,,,,,,,,,4521,小池 公生,103期,福岡,福岡,39,B1,,1,0,0.21,5.33,29.9,55.6,4.51,22.4,46.9,0,52,32.9,54.9,0,150,26.4,44.8,11,2,3,3,0.35,4,7,1,1,0.14,1,,,,,,9,6,6,0.34,4,,,,,,,,,,,,,,,,,,,,,,,,,,,,,,,,,,,,,,,,,,,,,,,,,,,4137,君島 秀三,89期,滋賀,滋賀,46,A1,,0,0,0.14,6.61,48.0,70.0,6.97,60.5,71.0,0,15,28.8,42.3,0,119,26.4,50.5,,5,1,1,0.13,1,12,3,3,0.01,3,6,6,5,0.13,3,11,2,2,0.22,2,,,,,,,,,,,,,,,,,,,,,,,,,,,,,,,,,,,,,,,,,,,,,,,,,,
202609112107,2026-09-11,21,07R,4744,伊藤 玲奈,111期,福岡,福岡,33,B1,,0,0,0.23,4.55,24.0,38.6,2.67,0.0,11.1,0,7,34.6,62.3,0,111,18.7,32.2,,3,6,6,0.33,4,,,,,,2,2,2,0.26,3,9,3,3,0.21,6,,,,,,,,,,,,,,,,,,,,,,,,,,,,,,,,,,,,,,,,,,,,,,,,,,,4966,田川 大貴,119期,長崎,長崎,28,B1,,1,0,0.16,5.13,33.7,48.3,4.89,29.6,40.7,0,1,23.2,40.7,0,133,32.3,48.4,12,4,3,3,0.13,4,8,1,1,0.15,2,,,,,,7,4,4,0.13,4,,,,,,,,,,,,,,,,,,,,,,,,,,,,,,,,,,,,,,,,,,,,,,,,,,,5383,中村 楓,135期,三重,三重,21,B1,,0,0,0.17,2.42,1.3,9.4,0.0,0.0,0.0,0,32,42.2,50.5,0,127,37.3,54.5,1,5,5,5,0.05,5,,,,,,1,2,2,0.18,5,5,4,4,0.1,6,,,,,,,,,,,,,,,,,,,,,,,,,,,,,,,,,,,,,,,,,,,,,,,,,,,5261,岡 暢祐,131期,長崎,大分,28,B1,,0,0,0.18,4.36,21.4,34.2,3.29,11.7,17.6,0,60,41.1,54.4,0,157,36.8,53.6,11,1,2,2,0.32,3,10,5,5,0.11,2,2,3,3,0.18,6,,,,,,,,,,,,,,,,,,,,,,,,,,,,,,,,,,,,,,,,,,,,,,,,,,,,,,,,5208,屋良 龍紀,129期,長崎,長崎,28,B1,,1,0,0.15,4.13,22.0,41.5,3.66,14.2,28.5,0,43,40.2,54.9,0,132,34.6,53.0,3,2,2,2,0.31,3,9,5,5,0.17,6,6,4,3,0.17,6,,,,,,,,,,,,,,,,,,,,,,,,,,,,,,,,,,,,,,,,,,,,,,,,,,,,,,,,4443,津田 裕絵,100期,山口,山口,40,B1,,0,0,0.19,5.52,39.0,54.2,5.39,38.8,55.5,0,41,40.5,59.4,0,118,40.0,55.2,2,6,5,5,0.15,2,11,3,3,0.23,6,6,1,1,0.29,4,,,,,,,,,,,,,,,,,,,,,,,,,,,,,,,,,,,,,,,,,,,,,,,,,,,,,,,
202609112108,2026-09-11,21,08R,3357,福島 陽子,62期,岡山,岡山,57,B1,,0,0,0.19,3.87,12.9,35.2,3.39,13.8,30.5,0,59,26.0,38.0,0,152,34.0,45.0,4,2,5,5,0.32,5,10,2,2,0.21,4,1,3,3,0.15,2,,,,,,,,,,,,,,,,,,,,,,,,,,,,,,,,,,,,,,,,,,,,,,,,,,,,,,,,4437,中田 元泰,100期,香川,香川,40,A2,,0,0,0.16,5.92,43.2,59.3,6.81,52.3,71.4,0,16,22.9,33.0,0,115,28.1,39.5,12,4,6,6,0.22,5,9,4,4,0.15,2,,,,,,11,1,1,0.2,1,,,,,,,,,,,,,,,,,,,,,,,,,,,,,,,,,,,,,,,,,,,,,,,,,,,3843,上之 晃弘,78期,長崎,長崎,50,B1,,0,0,0.16,4.84,29.9,41.2,4.53,18.7,50.0,0,40,28.1,47.5,0,124,32.2,48.8,2,3,4,4,0.31,5,,,,,,1,4,5,0.15,3,9,2,2,0.2,3,,,,,,,,,,,,,,,,,,,,,,,,,,,,,,,,,,,,,,,,,,,,,,,,,,,4652,酒見 峻介,108期,佐賀,兵庫,41,B1,,0,0,0.17,4.82,23.1,43.9,6.95,50.0,77.2,0,45,29.3,49.5,0,153,32.6,45.5,,1,5,5,0.3,5,9,2,2,0.05,4,,,,,,7,3,3,0.16,5,,,,,,,,,,,,,,,,,,,,,,,,,,,,,,,,,,,,,,,,,,,,,,,,,,,5469,今泉 博人,138期,佐賀,佐賀,17,B2,,0,0,0.0,1.59,0.0,2.0,0.0,0.0,0.0,0,39,39.8,58.1,0,140,27.2,41.4,,,,,,,7,6,6,0.15,5,2,6,6,0.31,5,10,6,4,0.07,6,,,,,,,,,,,,,,,,,,,,,,,,,,,,,,,,,,,,,,,,,,,,,,,,,,,3473,石川 真二,66期,福岡,福岡,56,A1,賞除,1,0,0.14,6.76,55.9,69.2,6.01,43.2,64.2,0,4,40.6,60.4,0,155,40.1,59.8,,6,2,3,0.19,4,12,2,2,0.01,F,6,2,6,0.12,1,,,,,,,,,,,,,,,,,,,,,,,,,,,,,,,,,,,,,,,,,,,,,,,,,,,,,,,
202609112109,2026-09-11,21,09R,4330,奈須 啓太,96期,福岡,福岡,43,A2,,0,0,0.12,5.98,41.2,60.5,6.36,48.2,65.5,0,23,28.8,39.1,0,116,32.0,51.0,,1,1,1,0.26,1,11,4,4,0.11,2,5,3,3,0.07,1,9,5,5,0.19,2,,,,,,,,,,,,,,,,,,,,,,,,,,,,,,,,,,,,,,,,,,,,,,,,,,,4840,鈴木 秀茉,115期,静岡,静岡,35,B1,,0,0,0.16,4.82,28.1,47.5,3.61,16.6,33.3,0,57,38.9,48.4,0,167,31.9,49.4,4,1,3,3,0.32,4,7,4,4,0.11,4,,,,,,10,2,2,0.16,4,,,,,,,,,,,,,,,,,,,,,,,,,,,,,,,,,,,,,,,,,,,,,,,,,,,4834,浜本 裕己,115期,大阪,大阪,38,A2,,1,0,0.15,5.65,38.4,55.3,4.64,24.0,40.0,0,48,41.8,57.1,0,131,32.2,52.0,1,,,,,,9,6,6,0.15,5,5,1,1,0.23,2,12,5,5,0.1,4,,,,,,,,,,,,,,,,,,,,,,,,,,,,,,,,,,,,,,,,,,,,,,,,,,,5143,常盤 海心,126期,徳島,徳島,25,B1,,0,0,0.19,3.8,16.1,33.3,4.32,17.6,35.2,0,58,23.9,41.3,0,163,35.4,54.1,,,,,,,8,5,5,0.14,6,3,2,2,0.12,5,8,3,3,0.13,5,,,,,,,,,,,,,,,,,,,,,,,,,,,,,,,,,,,,,,,,,,,,,,,,,,,5457,山田 陽翔,138期,長崎,長崎,20,B2,,0,0,0.0,1.15,0.0,0.0,0.0,0.0,0.0,0,54,27.3,47.3,0,120,31.2,43.7,5,2,6,6,0.32,6,,,,,,1,6,4,0.02,6,7,6,6,0.24,6,,,,,,,,,,,,,,,,,,,,,,,,,,,,,,,,,,,,,,,,,,,,,,,,,,,4384,鶴本 崇文,98期,大阪,大阪,41,A1,,0,0,0.16,5.63,36.7,58.1,7.39,55.5,94.4,0,25,12.8,28.2,0,134,37.1,55.2,3,3,3,3,0.19,6,12,4,4,0.02,5,4,1,1,0.03,1,,,,,,,,,,,,,,,,,,,,,,,,,,,,,,,,,,,,,,,,,,,,,,,,,,,,,,,
202609112110,2026-09-11,21,10R,4261,岡 祐臣,93期,三重,三重,42,A2,,0,0,0.16,6.0,42.4,56.6,5.95,52.6,52.6,0,3,45.4,65.6,0,154,34.6,53.0,,3,5,5,0.18,2,9,1,1,0.06,1,4,3,3,0.09,3,11,6,6,0.14,3,,,,,,,,,,,,,,,,,,,,,,,,,,,,,,,,,,,,,,,,,,,,,,,,,,,4389,伊藤 喜智,98期,大阪,大阪,40,A2,,0,0,0.18,5.46,29.3,59.7,4.63,25.5,44.1,0,38,37.6,54.4,0,128,17.6,35.2,5,5,6,6,0.05,2,,,,,,2,1,1,0.32,1,11,4,3,0.26,6,,,,,,,,,,,,,,,,,,,,,,,,,,,,,,,,,,,,,,,,,,,,,,,,,,,4594,谷川 祐一,106期,滋賀,滋賀,44,B1,,0,0,0.16,6.27,48.6,64.6,6.89,55.5,66.6,0,13,40.4,57.5,0,138,40.3,57.6,1,7,5,5,0.11,2,11,2,2,0.16,5,,,,,,8,1,1,0.15,2,,,,,,,,,,,,,,,,,,,,,,,,,,,,,,,,,,,,,,,,,,,,,,,,,,,5082,一色 凌雅,124期,愛知,愛知,27,B1,,1,0,0.18,5.51,35.7,57.1,4.0,13.3,33.3,0,11,38.5,61.4,0,126,38.7,53.0,3,5,4,4,0.1,6,10,3,3,0.13,3,,,,,,7,5,5,0.19,2,,,,,,,,,,,,,,,,,,,,,,,,,,,,,,,,,,,,,,,,,,,,,,,,,,,4771,下寺 秀和,112期,広島,広島,33,A1,,0,0,0.16,7.19,54.6,79.6,6.07,46.4,53.5,0,29,38.1,53.6,0,168,35.5,51.1,4,8,2,2,0.15,1,12,6,6,0.07,4,2,4,4,0.23,2,12,1,1,0.12,1,,,,,,,,,,,,,,,,,,,,,,,,,,,,,,,,,,,,,,,,,,,,,,,,,,,5160,藤森 陸斗,127期,福岡,福岡,27,A2,,0,0,0.15,5.84,42.2,57.7,5.44,33.3,58.9,0,6,25.5,45.9,0,156,37.5,56.7,6,6,6,6,0.14,5,,,,,,1,1,1,0.13,1,12,3,3,0.11,6,,,,,,,,,,,,,,,,,,,,,,,,,,,,,,,,,,,,,,,,,,,,,,,,,,
202609112111,2026-09-11,21,11R,3837,秋山 広一,78期,香川,香川,51,A2,,0,0,0.17,6.38,44.6,65.1,7.25,57.1,75.0,0,10,40.0,57.0,0,141,27.0,48.0,,2,1,1,0.17,1,11,5,5,0.12,1,4,6,6,0.21,6,8,2,2,0.11,3,,,,,,,,,,,,,,,,,,,,,,,,,,,,,,,,,,,,,,,,,,,,,,,,,,,4848,仲谷 颯仁,115期,福岡,福岡,32,A1,,0,0,0.15,7.59,52.2,73.4,7.16,51.6,62.9,0,49,24.4,35.1,0,162,32.9,50.5,5,2,4,4,0.33,2,12,1,1,0.02,1,3,3,3,0.12,2,10,4,5,0.19,2,,,,,,,,,,,,,,,,,,,,,,,,,,,,,,,,,,,,,,,,,,,,,,,,,,,5261,岡 暢祐,131期,長崎,大分,28,B1,,0,0,0.18,4.36,21.4,34.2,3.29,11.7,17.6,0,60,41.1,54.4,0,157,36.8,53.6,7,1,2,2,0.32,3,10,5,5,0.11,2,2,3,3,0.18,6,,,,,,,,,,,,,,,,,,,,,,,,,,,,,,,,,,,,,,,,,,,,,,,,,,,,,,,,4521,小池 公生,103期,福岡,福岡,39,B1,,1,0,0.21,5.33,29.9,55.6,4.51,22.4,46.9,0,52,32.9,54.9,0,150,26.4,44.8,6,2,3,3,0.35,4,7,1,1,0.14,1,,,,,,9,6,6,0.34,4,,,,,,,,,,,,,,,,,,,,,,,,,,,,,,,,,,,,,,,,,,,,,,,,,,,4850,野中 一平,115期,愛知,岐阜,31,A2,,0,0,0.11,6.38,47.5,61.4,6.14,42.8,57.1,0,14,28.5,42.8,0,166,36.2,49.0,2,3,1,1,0.13,1,10,4,4,0.11,5,6,3,2,0.06,2,12,6,6,0.07,3,,,,,,,,,,,,,,,,,,,,,,,,,,,,,,,,,,,,,,,,,,,,,,,,,,,4861,田中 宏樹,116期,福岡,宮崎,38,A2,,0,0,0.17,5.15,29.2,50.5,5.16,32.3,54.4,0,50,30.4,44.5,0,164,32.9,48.4,4,6,3,2,0.14,3,10,6,6,0.13,6,,,,,,10,1,1,0.14,1,,,,,,,,,,,,,,,,,,,,,,,,,,,,,,,,,,,,,,,,,,,,,,,,,,
202609112112,2026-09-11,21,12R,4812,西野 雄貴,114期,徳島,徳島,36,A1,,0,0,0.14,7.69,63.5,83.7,7.63,65.7,82.8,0,5,32.9,50.0,0,129,27.8,48.1,2,4,1,1,0.07,1,12,5,5,0.08,2,,,,,,8,5,6,0.13,1,,,,,,,,,,,,,,,,,,,,,,,,,,,,,,,,,,,,,,,,,,,,,,,,,,,4793,金子 萌,113期,静岡,静岡,36,A2,,0,0,0.14,6.41,48.5,64.7,5.68,42.1,47.3,0,20,22.7,41.5,0,113,44.2,59.6,4,5,3,3,0.07,4,11,6,6,0.12,4,3,4,5,0.11,3,9,1,1,0.11,1,,,,,,,,,,,,,,,,,,,,,,,,,,,,,,,,,,,,,,,,,,,,,,,,,,,3541,三嶌 誠司,69期,香川,香川,58,A2,,0,0,0.17,6.27,43.6,67.9,7.82,68.1,81.8,0,42,25.0,44.0,0,139,29.4,48.0,3,,,,,,10,1,1,0.15,1,5,6,6,0.26,5,11,3,4,0.27,5,,,,,,,,,,,,,,,,,,,,,,,,,,,,,,,,,,,,,,,,,,,,,,,,,,,4675,井手 良太,109期,大阪,大阪,38,A2,,0,0,0.14,5.75,37.5,59.7,4.38,12.5,50.0,0,47,33.3,50.0,0,161,34.3,47.0,5,,,,,,8,6,6,0.12,3,3,1,1,0.04,1,12,2,2,0.16,5,,,,,,,,,,,,,,,,,,,,,,,,,,,,,,,,,,,,,,,,,,,,,,,,,,,4966,田川 大貴,119期,長崎,長崎,28,B1,,1,0,0.16,5.13,33.7,48.3,4.89,29.6,40.7,0,1,23.2,40.7,0,133,32.3,48.4,7,4,3,3,0.13,4,8,1,1,0.15,2,,,,,,7,4,4,0.13,4,,,,,,,,,,,,,,,,,,,,,,,,,,,,,,,,,,,,,,,,,,,,,,,,,,,4437,中田 元泰,100期,香川,香川,40,A2,,0,0,0.16,5.92,43.2,59.3,6.81,52.3,71.4,0,16,22.9,33.0,0,115,28.1,39.5,8,4,6,6,0.22,5,9,4,4,0.15,2,,,,,,11,1,1,0.2,1,,,,,,,,,,,,,,,,,,,,,,,,,,,,,,,,,,,,,,,,,,,,,,,,,,
202609112401,2026-09-11,24,01R,4483,北野 輝季,101期,愛知,愛知,37,A1,,0,0,0.15,6.83,53.7,68.9,0.0,0.0,0.0,0,70,41.9,54.8,0,57,38.1,52.3,6,2,2,2,0.21,5,9,6,6,0.15,4,,,,,,7,1,1,0.13,2,1,5,5,0.2,6,,,,,,2,3,3,0.08,1,12,4,4,0.07,2,,,,,,,,,,,,,,,,,,,,,,,,,,,,,,,5051,松本 純平,123期,埼玉,兵庫,31,A1,,0,0,0.16,6.45,45.2,66.9,6.0,50.0,62.5,0,23,37.1,54.2,0,81,40.3,59.6,5,,,,,,7,4,4,0.21,5,2,1,1,0.04,1,6,2,2,0.13,5,2,5,5,0.14,6,,,,,,,,,,,7,6,6,0.0,3,,,,,,,,,,,,,,,,,,,,,,,,,,,,,,,5058,前原 大道,123期,岡山,岡山,29,A1,賞除,1,0,0.17,6.58,48.8,64.8,7.31,46.1,84.6,0,76,31.6,48.3,0,44,29.8,47.3,8,1,4,4,0.1,4,6,1,1,0.12,1,5,2,2,0.11,2,,,,,,1,3,3,0.23,3,9,6,6,0.22,転,6,5,5,0.08,6,,,,,,,,,,,,,,,,,,,,,,,,,,,,,,,,,,,,5191,飛田 江己,128期,埼玉,東京,25,A1,,1,0,0.13,7.23,56.0,75.0,7.43,56.7,70.2,0,59,44.8,58.6,0,19,32.2,54.2,5,4,1,1,0.11,1,10,5,5,0.05,2,4,2,2,0.18,5,,,,,,,,,,,11,3,3,0.05,3,3,4,4,0.1,5,10,6,6,0.02,4,,,,,,,,,,,,,,,,,,,,,,,,,,,,,,,4482,守屋 美穂,101期,岡山,岡山,37,A1,,1,0,0.17,6.24,41.0,56.4,6.27,36.6,66.6,0,46,32.7,40.9,0,47,39.3,59.0,7,3,3,2,0.2,4,,,,,,6,1,1,0.16,2,11,5,5,0.09,4,,,,,,7,3,3,0.11,4,4,3,4,0.18,5,11,6,6,0.12,3,,,,,,,,,,,,,,,,,,,,,,,,,,,,,,,5224,西岡 顕心,129期,香川,香川,25,A1,,0,0,0.15,7.38,51.3,69.7,7.04,60.0,68.0,0,14,33.3,60.8,0,82,31.8,46.3,6,3,4,3,0.26,5,,,,,,5,1,1,0.07,1,,,,,,2,2,2,0.11,3,10,5,5,0.18,4,1,6,6,0.11,3,,,,,,,,,,,,,,,,,,,,,,,,,,,,,,,,,,,
202609112402,2026-09-11,24,02R,5016,宮田 龍馬,121期,兵庫,兵庫,28,A1,,0,0,0.14,6.92,45.2,73.6,7.23,57.6,73.0,0,12,28.5,42.8,0,24,37.7,55.7,5,5,4,3,0.05,6,,,,,,,,,,,7,4,4,0.18,3,1,2,2,0.21,2,6,4,4,0.07,3,,,,,,11,5,5,0.12,5,,,,,,,,,,,,,,,,,,,,,,,,,,,,,,,4908,上田 龍星,117期,大阪,大阪,31,A1,,0,0,0.15,6.8,44.9,68.6,8.19,62.5,68.7,0,33,32.2,57.6,0,65,28.8,42.3,5,4,2,2,0.15,5,,,,,,1,6,6,0.31,5,11,3,3,0.08,1,3,4,4,0.11,1,9,5,5,0.21,落,,,,,,12,1,1,0.05,1,,,,,,,,,,,,,,,,,,,,,,,,,,,,,,,3983,須藤 博倫,83期,埼玉,埼玉,48,A1,,0,0,0.15,6.78,49.1,71.5,7.11,57.8,68.4,0,75,29.5,45.9,0,15,32.3,49.2,7,6,4,4,0.14,4,11,1,1,0.16,1,,,,,,7,5,5,0.17,5,4,3,3,0.12,6,11,6,6,0.23,6,3,2,2,0.07,4,,,,,,,,,,,,,,,,,,,,,,,,,,,,,,,,,,,,4398,船岡 洋一郎,98期,広島,広島,39,A1,,0,0,0.14,6.68,50.0,63.7,7.38,37.5,62.5,0,68,31.6,40.0,0,32,42.8,49.2,6,1,3,3,0.15,2,11,6,6,0.17,5,3,2,2,0.16,6,,,,,,3,5,5,0.09,5,,,,,,6,1,1,0.1,1,12,3,3,0.14,6,,,,,,,,,,,,,,,,,,,,,,,,,,,,,,,3952,中澤 和志,82期,埼玉,岩手,50,A1,,0,0,0.14,6.67,48.3,66.6,6.54,41.0,64.1,0,43,34.2,50.0,0,43,39.3,57.3,6,5,2,2,0.08,5,,,,,,3,1,1,0.09,1,10,6,6,0.19,4,3,3,3,0.07,2,12,4,4,0.06,4,,,,,,8,5,5,0.18,4,,,,,,,,,,,,,,,,,,,,,,,,,,,,,,,3779,原田 幸哉,76期,長崎,愛知,50,A1,,1,0,0.12,6.66,40.2,55.6,7.43,54.3,70.6,0,77,28.7,39.3,0,49,41.9,59.6,8,,,,,,12,3,3,0.13,3,5,5,5,0.06,6,11,1,1,0.13,5,4,4,4,0.09,5,,,,,,3,5,5,0.08,3,8,2,2,0.07,5,,,,,,,,,,,,,,,,,,,,,,,,,,,,,,
202609112403,2026-09-11,24,03R,4075,中野 次郎,86期,東京,東京,45,A1,,0,0,0.13,6.48,40.7,58.2,6.43,41.3,62.0,0,36,36.5,55.5,0,36,32.8,61.4,7,,,,,,8,6,6,0.23,3,4,1,1,0.06,1,11,4,4,0.06,3,5,5,5,0.11,6,12,3,3,0.06,3,,,,,,9,2,2,0.09,4,,,,,,,,,,,,,,,,,,,,,,,,,,,,,,,5026,安河内 健,122期,佐賀,佐賀,31,A1,,0,0,0.16,6.73,54.9,71.1,6.91,53.7,72.2,0,69,31.0,50.0,0,60,35.2,51.4,6,1,2,2,0.13,3,10,4,4,0.08,4,6,3,3,0.11,6,,,,,,,,,,,8,6,6,0.17,4,2,1,1,0.08,5,9,5,5,0.2,6,,,,,,,,,,,,,,,,,,,,,,,,,,,,,,,3415,松井 繁,64期,大阪,大阪,56,A1,,0,0,0.14,7.09,46.0,61.9,7.62,46.1,61.5,0,52,38.4,52.3,0,25,43.5,51.6,8,3,2,6,0.18,2,8,2,2,0.2,5,,,,,,12,3,3,0.08,3,,,,,,9,1,1,0.17,1,5,4,5,0.13,6,11,4,4,0.1,4,,,,,,,,,,,,,,,,,,,,,,,,,,,,,,,4910,中村 泰平,117期,愛知,愛知,30,A1,,0,0,0.15,7.13,59.0,72.3,4.13,12.5,25.0,0,48,37.5,51.5,0,54,34.3,43.7,8,,,,,,7,2,2,0.14,2,1,4,4,0.28,6,8,6,6,0.1,5,,,,,,7,5,5,0.09,5,3,1,1,0.02,1,12,2,2,0.06,4,,,,,,,,,,,,,,,,,,,,,,,,,,,,,,,4571,菅 章哉,105期,徳島,徳島,38,A1,,1,0,0.14,6.33,43.4,50.0,6.46,54.1,62.5,0,44,52.9,75.0,0,35,31.7,50.7,6,5,5,4,0.06,2,,,,,,2,5,5,0.12,4,8,2,2,0.14,6,,,,,,8,1,1,0.3,6,4,4,3,0.23,6,12,6,6,0.13,5,,,,,,,,,,,,,,,,,,,,,,,,,,,,,,,3719,辻 栄蔵,74期,広島,広島,51,A1,賞除,1,0,0.15,6.7,44.7,62.8,7.31,37.5,68.7,0,20,49.2,63.0,0,64,39.6,55.5,,,,,,,9,4,4,0.14,6,,,,,,8,1,1,0.08,1,2,6,6,0.14,4,12,2,2,0.12,6,,,,,,7,5,5,0.01,F,,,,,,,,,,,,,,,,,,,,,,,,,,,,,,
202609112404,2026-09-11,24,04R,4715,村上 遼,110期,長崎,長崎,34,A1,,0,0,0.15,6.67,46.9,60.6,6.92,53.4,68.0,0,57,43.5,64.5,0,37,38.2,55.8,8,1,1,1,0.1,1,7,5,5,0.11,3,4,6,6,0.14,6,10,3,3,0.11,2,,,,,,7,4,4,0.07,3,1,2,2,0.13,5,,,,,,,,,,,,,,,,,,,,,,,,,,,,,,,,,,,,4524,深谷 知博,103期,静岡,静岡,38,A1,,1,0,0.11,6.69,36.6,59.1,6.52,34.7,47.8,0,55,40.0,55.3,0,17,32.3,51.4,12,2,6,6,0.21,4,11,4,4,0.21,6,1,2,2,0.25,3,10,5,5,0.22,5,,,,,,7,1,1,0.11,1,,,,,,9,3,3,0.13,2,,,,,,,,,,,,,,,,,,,,,,,,,,,,,,,4543,重木 輝彦,104期,兵庫,兵庫,38,A1,,1,0,0.17,6.64,48.1,66.0,5.23,30.7,50.0,0,22,30.3,51.5,0,66,39.3,57.3,8,,,,,,8,5,5,0.18,6,,,,,,9,1,1,0.16,1,1,4,4,0.25,4,8,2,2,0.21,5,6,6,6,0.11,3,,,,,,,,,,,,,,,,,,,,,,,,,,,,,,,,,,,,4961,西橋 奈未,119期,福井,石川,30,A1,,1,0,0.15,6.78,48.1,61.3,5.27,30.0,36.6,0,38,41.2,63.4,0,48,40.0,58.4,7,5,1,1,0.04,1,,,,,,1,5,5,0.32,4,7,3,3,0.16,6,8,4,4,0.16,2,12,6,6,0.15,5,5,2,2,0.05,4,,,,,,,,,,,,,,,,,,,,,,,,,,,,,,,,,,,,3783,瓜生 正義,76期,福岡,福岡,50,A1,,0,0,0.15,6.84,39.5,56.4,6.55,34.0,50.0,0,26,35.5,54.2,0,58,31.4,51.8,12,,,,,,10,1,1,0.01,1,,,,,,12,4,4,0.12,4,5,6,6,0.08,4,10,3,3,0.11,5,,,,,,7,3,3,0.07,5,,,,,,,,,,,,,,,,,,,,,,,,,,,,,,,4497,桑原 悠,102期,長崎,長崎,39,A1,賞除,1,0,0.14,7.66,60.8,72.1,7.68,60.3,79.8,0,63,50.0,69.3,0,85,37.2,50.8,,5,3,5,0.06,3,10,2,2,0.01,F,3,6,6,0.18,5,,,,,,5,4,4,0.1,5,,,,,,5,5,4,0.11,3,12,5,5,0.13,3,,,,,,,,,,,,,,,,,,,,,,,,,,,,,,
202609112405,2026-09-11,24,05R,4352,下條 雄太郎,96期,長崎,長崎,40,A1,,0,0,0.15,7.45,53.8,80.0,7.64,63.5,75.6,0,25,31.7,47.6,0,20,45.1,58.0,12,,,,,,9,5,5,0.22,3,1,1,1,0.26,2,9,4,4,0.15,4,5,2,2,0.17,3,,,,,,5,6,6,0.13,5,,,,,,,,,,,,,,,,,,,,,,,,,,,,,,,,,,,,5191,飛田 江己,128期,埼玉,東京,25,A1,,1,0,0.13,7.23,56.0,75.0,7.43,56.7,70.2,0,59,44.8,58.6,0,19,32.2,54.2,1,4,1,1,0.11,1,10,5,5,0.05,2,4,2,2,0.18,5,,,,,,,,,,,11,3,3,0.05,3,3,4,4,0.1,5,10,6,6,0.02,4,,,,,,,,,,,,,,,,,,,,,,,,,,,,,,,4908,上田 龍星,117期,大阪,大阪,31,A1,,0,0,0.15,6.8,44.9,68.6,8.19,62.5,68.7,0,33,32.2,57.6,0,65,28.8,42.3,2,4,2,2,0.15,5,,,,,,1,6,6,0.31,5,11,3,3,0.08,1,3,4,4,0.11,1,9,5,5,0.21,落,,,,,,12,1,1,0.05,1,,,,,,,,,,,,,,,,,,,,,,,,,,,,,,,5051,松本 純平,123期,埼玉,兵庫,31,A1,,0,0,0.16,6.45,45.2,66.9,6.0,50.0,62.5,0,23,37.1,54.2,0,81,40.3,59.6,1,,,,,,7,4,4,0.21,5,2,1,1,0.04,1,6,2,2,0.13,5,2,5,5,0.14,6,,,,,,,,,,,7,6,6,0.0,3,,,,,,,,,,,,,,,,,,,,,,,,,,,,,,,4704,河野 大,110期,徳島,徳島,38,A1,,0,0,0.14,6.42,46.9,63.0,6.06,34.3,56.2,0,65,44.4,58.3,0,72,33.9,55.3,12,3,5,4,0.26,3,10,6,6,0.09,5,5,3,3,0.08,4,,,,,,3,1,1,0.03,4,,,,,,1,5,5,0.11,2,10,2,2,0.12,6,,,,,,,,,,,,,,,,,,,,,,,,,,,,,,,5016,宮田 龍馬,121期,兵庫,兵庫,28,A1,,0,0,0.14,6.92,45.2,73.6,7.23,57.6,73.0,0,12,28.5,42.8,0,24,37.7,55.7,2,5,4,3,0.05,6,,,,,,,,,,,7,4,4,0.18,3,1,2,2,0.21,2,6,4,4,0.07,3,,,,,,11,5,5,0.12,5,,,,,,,,,,,,,,,,,,,,,,,,,,,,,,
202609112406,2026-09-11,24,06R,5224,西岡 顕心,129期,香川,香川,25,A1,,0,0,0.15,7.38,51.3,69.7,7.04,60.0,68.0,0,14,33.3,60.8,0,82,31.8,46.3,1,3,4,3,0.26,5,,,,,,5,1,1,0.07,1,,,,,,2,2,2,0.11,3,10,5,5,0.18,4,1,6,6,0.11,3,,,,,,,,,,,,,,,,,,,,,,,,,,,,,,,,,,,,4571,菅 章哉,105期,徳島,徳島,38,A1,,1,0,0.14,6.33,43.4,50.0,6.46,54.1,62.5,0,44,52.9,75.0,0,35,31.7,50.7,3,5,5,4,0.06,2,,,,,,2,5,5,0.12,4,8,2,2,0.14,6,,,,,,8,1,1,0.3,6,4,4,3,0.23,6,12,6,6,0.13,5,,,,,,,,,,,,,,,,,,,,,,,,,,,,,,,5026,安河内 健,122期,佐賀,佐賀,31,A1,,0,0,0.16,6.73,54.9,71.1,6.91,53.7,72.2,0,69,31.0,50.0,0,60,35.2,51.4,3,1,2,2,0.13,3,10,4,4,0.08,4,6,3,3,0.11,6,,,,,,,,,,,8,6,6,0.17,4,2,1,1,0.08,5,9,5,5,0.2,6,,,,,,,,,,,,,,,,,,,,,,,,,,,,,,,3952,中澤 和志,82期,埼玉,岩手,50,A1,,0,0,0.14,6.67,48.3,66.6,6.54,41.0,64.1,0,43,34.2,50.0,0,43,39.3,57.3,2,5,2,2,0.08,5,,,,,,3,1,1,0.09,1,10,6,6,0.19,4,3,3,3,0.07,2,12,4,4,0.06,4,,,,,,8,5,5,0.18,4,,,,,,,,,,,,,,,,,,,,,,,,,,,,,,,4398,船岡 洋一郎,98期,広島,広島,39,A1,,0,0,0.14,6.68,50.0,63.7,7.38,37.5,62.5,0,68,31.6,40.0,0,32,42.8,49.2,2,1,3,3,0.15,2,11,6,6,0.17,5,3,2,2,0.16,6,,,,,,3,5,5,0.09,5,,,,,,6,1,1,0.1,1,12,3,3,0.14,6,,,,,,,,,,,,,,,,,,,,,,,,,,,,,,,4483,北野 輝季,101期,愛知,愛知,37,A1,,0,0,0.15,6.83,53.7,68.9,0.0,0.0,0.0,0,70,41.9,54.8,0,57,38.1,52.3,1,2,2,2,0.21,5,9,6,6,0.15,4,,,,,,7,1,1,0.13,2,1,5,5,0.2,6,,,,,,2,3,3,0.08,1,12,4,4,0.07,2,,,,,,,,,,,,,,,,,,,,,,,,,,,,,,
202609112407,2026-09-11,24,07R,5088,高憧 四季,124期,大阪,大阪,26,A1,,1,0,0.15,6.59,44.1,63.5,6.5,33.3,75.0,0,62,34.2,52.8,0,56,38.1,57.1,12,2,1,1,0.16,6,10,3,3,0.01,3,5,6,6,0.06,3,,,,,,6,5,5,0.08,4,,,,,,2,2,2,0.04,3,10,4,4,0.03,5,,,,,,,,,,,,,,,,,,,,,,,,,,,,,,,4961,西橋 奈未,119期,福井,石川,30,A1,,1,0,0.15,6.78,48.1,61.3,5.27,30.0,36.6,0,38,41.2,63.4,0,48,40.0,58.4,4,5,1,1,0.04,1,,,,,,1,5,5,0.32,4,7,3,3,0.16,6,8,4,4,0.16,2,12,6,6,0.15,5,5,2,2,0.05,4,,,,,,,,,,,,,,,,,,,,,,,,,,,,,,,,,,,,4482,守屋 美穂,101期,岡山,岡山,37,A1,,1,0,0.17,6.24,41.0,56.4,6.27,36.6,66.6,0,46,32.7,40.9,0,47,39.3,59.0,1,3,3,2,0.2,4,,,,,,6,1,1,0.16,2,11,5,5,0.09,4,,,,,,7,3,3,0.11,4,4,3,4,0.18,5,11,6,6,0.12,3,,,,,,,,,,,,,,,,,,,,,,,,,,,,,,,4688,永井 彪也,109期,東京,東京,33,A1,,0,0,0.13,6.99,56.4,71.7,5.48,37.0,48.1,0,54,41.2,55.5,0,62,42.6,55.8,12,3,1,1,0.19,1,11,5,5,0.15,4,3,4,4,0.09,4,9,2,2,0.15,3,1,6,6,0.25,5,,,,,,,,,,,8,3,3,0.13,3,,,,,,,,,,,,,,,,,,,,,,,,,,,,,,,3983,須藤 博倫,83期,埼玉,埼玉,48,A1,,0,0,0.15,6.78,49.1,71.5,7.11,57.8,68.4,0,75,29.5,45.9,0,15,32.3,49.2,2,6,4,4,0.14,4,11,1,1,0.16,1,,,,,,7,5,5,0.17,5,4,3,3,0.12,6,11,6,6,0.23,6,3,2,2,0.07,4,,,,,,,,,,,,,,,,,,,,,,,,,,,,,,,,,,,,4075,中野 次郎,86期,東京,東京,45,A1,,0,0,0.13,6.48,40.7,58.2,6.43,41.3,62.0,0,36,36.5,55.5,0,36,32.8,61.4,3,,,,,,8,6,6,0.23,3,4,1,1,0.06,1,11,4,4,0.06,3,5,5,5,0.11,6,12,3,3,0.06,3,,,,,,9,2,2,0.09,4,,,,,,,,,,,,,,,,,,,,,,,,,,,,,,
202609112408,2026-09-11,24,08R,3779,原田 幸哉,76期,長崎,愛知,50,A1,,1,0,0.12,6.66,40.2,55.6,7.43,54.3,70.6,0,77,28.7,39.3,0,49,41.9,59.6,2,,,,,,12,3,3,0.13,3,5,5,5,0.06,6,11,1,1,0.13,5,4,4,4,0.09,5,,,,,,3,5,5,0.08,3,8,2,2,0.07,5,,,,,,,,,,,,,,,,,,,,,,,,,,,,,,,5058,前原 大道,123期,岡山,岡山,29,A1,賞除,1,0,0.17,6.58,48.8,64.8,7.31,46.1,84.6,0,76,31.6,48.3,0,44,29.8,47.3,1,1,4,4,0.1,4,6,1,1,0.12,1,5,2,2,0.11,2,,,,,,1,3,3,0.23,3,9,6,6,0.22,転,6,5,5,0.08,6,,,,,,,,,,,,,,,,,,,,,,,,,,,,,,,,,,,,4910,中村 泰平,117期,愛知,愛知,30,A1,,0,0,0.15,7.13,59.0,72.3,4.13,12.5,25.0,0,48,37.5,51.5,0,54,34.3,43.7,3,,,,,,7,2,2,0.14,2,1,4,4,0.28,6,8,6,6,0.1,5,,,,,,7,5,5,0.09,5,3,1,1,0.02,1,12,2,2,0.06,4,,,,,,,,,,,,,,,,,,,,,,,,,,,,,,,3415,松井 繁,64期,大阪,大阪,56,A1,,0,0,0.14,7.09,46.0,61.9,7.62,46.1,61.5,0,52,38.4,52.3,0,25,43.5,51.6,3,3,2,6,0.18,2,8,2,2,0.2,5,,,,,,12,3,3,0.08,3,,,,,,9,1,1,0.17,1,5,4,5,0.13,6,11,4,4,0.1,4,,,,,,,,,,,,,,,,,,,,,,,,,,,,,,,4543,重木 輝彦,104期,兵庫,兵庫,38,A1,,1,0,0.17,6.64,48.1,66.0,5.23,30.7,50.0,0,22,30.3,51.5,0,66,39.3,57.3,4,,,,,,8,5,5,0.18,6,,,,,,9,1,1,0.16,1,1,4,4,0.25,4,8,2,2,0.21,5,6,6,6,0.11,3,,,,,,,,,,,,,,,,,,,,,,,,,,,,,,,,,,,,4715,村上 遼,110期,長崎,長崎,34,A1,,0,0,0.15,6.67,46.9,60.6,6.92,53.4,68.0,0,57,43.5,64.5,0,37,38.2,55.8,4,1,1,1,0.1,1,7,5,5,0.11,3,4,6,6,0.14,6,10,3,3,0.11,2,,,,,,7,4,4,0.07,3,1,2,2,0.13,5,,,,,,,,,,,,,,,,,,,,,,,,,,,,,,,,,,,
202609112409,2026-09-11,24,09R,4371,西山 貴浩,97期,福岡,福岡,39,A1,,0,0,0.13,7.08,45.9,60.2,7.31,46.8,59.3,0,29,40.0,51.4,0,76,39.0,53.1,,,,,,,12,2,2,0.14,2,,,,,,10,1,1,0.08,1,3,6,6,0.12,3,8,3,3,0.21,3,4,5,5,0.22,3,9,4,4,0.22,3,,,,,,,,,,,,,,,,,,,,,,,,,,,,,,,4544,松田 大志郎,104期,福岡,福岡,38,A1,,1,0,0.16,7.61,60.1,74.7,7.65,52.9,70.5,0,74,34.3,47.7,0,68,31.5,45.6,,4,6,6,0.19,4,11,2,2,0.2,2,4,3,3,0.17,4,,,,,,4,1,1,0.11,1,,,,,,2,5,5,0.04,2,8,4,4,0.24,2,,,,,,,,,,,,,,,,,,,,,,,,,,,,,,,4084,杉山 正樹,87期,愛知,愛知,46,A1,,0,0,0.16,6.46,43.5,63.7,6.96,54.3,71.7,0,41,54.5,71.2,0,75,31.4,48.5,,6,5,5,0.12,3,,,,,,2,3,3,0.08,3,10,4,4,0.18,6,4,2,2,0.14,2,10,6,6,0.11,2,4,1,1,0.08,1,,,,,,,,,,,,,,,,,,,,,,,,,,,,,,,,,,,,4503,上野 真之介,102期,佐賀,佐賀,38,A1,,0,0,0.11,8.15,64.4,81.8,8.38,75.0,93.7,0,16,47.0,64.7,0,33,30.3,42.8,,,,,,,7,3,3,0.2,6,,,,,,12,6,6,0.07,6,7,2,2,0.09,2,12,5,5,0.16,2,,,,,,9,1,1,0.09,1,,,,,,,,,,,,,,,,,,,,,,,,,,,,,,,4096,石橋 道友,87期,長崎,長崎,44,A1,,0,0,0.15,6.56,50.9,61.7,7.45,61.7,76.5,0,19,34.7,58.3,0,55,44.4,65.0,,2,4,4,0.23,2,,,,,,,,,,,7,6,6,0.12,4,2,1,1,0.07,1,9,3,3,0.21,3,6,3,3,0.15,5,,,,,,,,,,,,,,,,,,,,,,,,,,,,,,,,,,,,5028,原田 才一郎,122期,福岡,福岡,29,A1,,0,0,0.18,7.15,57.3,73.5,7.34,55.2,73.6,0,60,28.7,43.9,0,29,37.5,57.1,,3,6,5,0.29,6,9,3,3,0.11,2,,,,,,9,6,6,0.15,6,6,2,2,0.09,1,,,,,,1,1,1,0.11,1,7,4,4,0.0,4,,,,,,,,,,,,,,,,,,,,,,,,,,,,,,
202609112410,2026-09-11,24,10R,4188,久田 敏之,91期,群馬,群馬,45,A1,,0,0,0.12,7.88,65.1,77.6,6.45,36.3,63.6,0,81,38.0,57.7,0,31,36.6,52.1,,2,5,5,0.11,3,7,1,1,0.07,1,,,,,,8,4,4,0.19,4,4,6,6,0.02,3,9,2,2,0.11,2,5,3,3,0.04,1,,,,,,,,,,,,,,,,,,,,,,,,,,,,,,,,,,,,4238,毒島 誠,92期,群馬,群馬,42,A1,,0,0,0.15,7.85,64.3,80.4,7.05,40.9,59.0,0,61,35.3,46.1,0,74,31.1,53.3,,,,,,,12,1,1,0.08,1,4,5,5,0.15,3,9,3,3,0.15,2,,,,,,9,4,4,0.16,4,2,6,6,0.11,4,7,2,2,0.06,2,,,,,,,,,,,,,,,,,,,,,,,,,,,,,,,4500,山田 康二,102期,佐賀,佐賀,38,A1,,0,0,0.13,7.96,57.6,73.9,7.35,58.8,70.5,0,34,38.5,55.7,0,67,37.7,50.8,,,,,,,12,5,5,0.18,5,2,6,6,0.14,5,7,2,2,0.16,1,5,3,3,0.11,1,11,4,4,0.09,4,,,,,,10,1,1,0.05,2,,,,,,,,,,,,,,,,,,,,,,,,,,,,,,,3716,石渡 鉄兵,74期,東京,千葉,51,A1,,0,0,0.12,6.99,45.0,65.0,6.58,45.8,54.1,0,45,46.2,70.1,0,12,38.0,49.3,,,,,,,7,6,6,0.11,4,1,3,3,0.27,1,6,5,5,0.11,3,6,1,1,0.11,2,,,,,,2,4,4,0.01,6,11,2,2,0.11,2,,,,,,,,,,,,,,,,,,,,,,,,,,,,,,,4907,小池 修平,117期,大阪,大阪,31,A1,,0,0,0.15,7.35,58.7,73.3,5.9,28.5,47.6,0,13,34.9,52.3,0,70,35.5,66.1,,6,3,3,0.13,2,,,,,,4,4,4,0.12,2,,,,,,2,4,4,0.1,5,11,1,1,0.09,1,,,,,,9,6,6,0.16,5,,,,,,,,,,,,,,,,,,,,,,,,,,,,,,,4494,河合 佑樹,102期,静岡,静岡,39,A1,,1,0,0.15,6.89,47.1,60.9,6.75,25.0,50.0,0,27,29.6,34.3,0,77,33.8,44.1,,4,5,5,0.09,3,,,,,,2,2,2,0.11,2,11,6,6,0.2,6,,,,,,10,4,4,0.18,6,3,3,3,0.07,2,7,1,1,0.08,1,,,,,,,,,,,,,,,,,,,,,,,,,,,,,,
202609112411,2026-09-11,24,11R,4262,馬場 貴也,93期,滋賀,京都,42,A1,,0,0,0.14,7.81,52.0,72.8,7.1,41.9,58.0,0,37,41.2,61.9,0,38,32.3,51.4,,6,6,6,0.14,落,,,,,,,,,,,12,2,2,0.09,2,2,3,3,0.1,2,8,5,5,0.15,1,6,4,4,0.09,2,11,1,1,0.13,1,,,,,,,,,,,,,,,,,,,,,,,,,,,,,,,4174,赤坂 俊輔,90期,長崎,長崎,43,A1,,0,0,0.15,6.38,44.4,64.9,6.41,43.0,66.6,0,17,39.3,59.0,0,51,35.8,53.7,,,,,,,8,3,3,0.3,2,,,,,,8,5,5,0.13,3,1,1,1,0.17,1,10,2,2,0.07,3,4,6,6,0.24,4,,,,,,,,,,,,,,,,,,,,,,,,,,,,,,,,,,,,4960,黒野 元基,119期,愛知,愛知,30,A1,,0,0,0.14,7.18,55.3,73.5,8.21,71.4,92.8,0,56,31.2,62.5,0,11,40.3,66.1,,1,6,6,0.05,5,8,4,4,0.13,1,3,3,3,0.1,2,11,2,2,0.09,2,,,,,,11,5,5,0.1,5,,,,,,8,1,1,0.05,1,,,,,,,,,,,,,,,,,,,,,,,,,,,,,,,4686,丸野 一樹,109期,滋賀,京都,35,A1,,0,0,0.14,7.94,55.1,74.4,6.19,26.9,42.3,0,31,35.7,51.7,0,69,37.7,57.3,,,,,,,12,4,4,0.2,4,6,6,6,0.09,4,,,,,,6,3,3,0.08,5,12,1,1,0.09,1,4,2,2,0.12,2,10,5,5,0.02,3,,,,,,,,,,,,,,,,,,,,,,,,,,,,,,,4719,上條 暢嵩,110期,大阪,大阪,32,A1,,0,0,0.14,7.55,48.6,67.5,7.36,42.4,60.6,0,40,30.1,46.0,0,84,35.1,44.4,,,,,,,12,6,6,0.19,6,3,5,5,0.12,3,8,3,3,0.04,2,,,,,,10,1,1,0.11,1,1,4,4,0.17,4,6,2,2,0.18,4,,,,,,,,,,,,,,,,,,,,,,,,,,,,,,,4335,若林 将,96期,東京,千葉,42,A1,,1,0,0.12,6.83,51.4,71.8,7.9,70.0,90.0,0,47,38.9,57.6,0,34,34.7,50.7,,5,6,6,0.05,4,,,,,,5,4,4,0.05,5,10,2,2,0.15,3,4,5,5,0.08,4,,,,,,5,1,1,0.08,2,10,3,3,0.1,1,,,,,,,,,,,,,,,,,,,,,,,,,,,,,,
202609112412,2026-09-11,24,12R,3783,瓜生 正義,76期,福岡,福岡,50,A1,,0,0,0.15,6.84,39.5,56.4,6.55,34.0,50.0,0,26,35.5,54.2,0,58,31.4,51.8,4,,,,,,10,1,1,0.01,1,,,,,,12,4,4,0.12,4,5,6,6,0.08,4,10,3,3,0.11,5,,,,,,7,3,3,0.07,5,,,,,,,,,,,,,,,,,,,,,,,,,,,,,,,4688,永井 彪也,109期,東京,東京,33,A1,,0,0,0.13,6.99,56.4,71.7,5.48,37.0,48.1,0,54,41.2,55.5,0,62,42.6,55.8,7,3,1,1,0.19,1,11,5,5,0.15,4,3,4,4,0.09,4,9,2,2,0.15,3,1,6,6,0.25,5,,,,,,,,,,,8,3,3,0.13,3,,,,,,,,,,,,,,,,,,,,,,,,,,,,,,,4352,下條 雄太郎,96期,長崎,長崎,40,A1,,0,0,0.15,7.45,53.8,80.0,7.64,63.5,75.6,0,25,31.7,47.6,0,20,45.1,58.0,5,,,,,,9,5,5,0.22,3,1,1,1,0.26,2,9,4,4,0.15,4,5,2,2,0.17,3,,,,,,5,6,6,0.13,5,,,,,,,,,,,,,,,,,,,,,,,,,,,,,,,,,,,,4704,河野 大,110期,徳島,徳島,38,A1,,0,0,0.14,6.42,46.9,63.0,6.06,34.3,56.2,0,65,44.4,58.3,0,72,33.9,55.3,5,3,5,4,0.26,3,10,6,6,0.09,5,5,3,3,0.08,4,,,,,,3,1,1,0.03,4,,,,,,1,5,5,0.11,2,10,2,2,0.12,6,,,,,,,,,,,,,,,,,,,,,,,,,,,,,,,4524,深谷 知博,103期,静岡,静岡,38,A1,,1,0,0.11,6.69,36.6,59.1,6.52,34.7,47.8,0,55,40.0,55.3,0,17,32.3,51.4,4,2,6,6,0.21,4,11,4,4,0.21,6,1,2,2,0.25,3,10,5,5,0.22,5,,,,,,7,1,1,0.11,1,,,,,,9,3,3,0.13,2,,,,,,,,,,,,,,,,,,,,,,,,,,,,,,,5088,高憧 四季,124期,大阪,大阪,26,A1,,1,0,0.15,6.59,44.1,63.5,6.5,33.3,75.0,0,62,34.2,52.8,0,56,38.1,57.1,7,2,1,1,0.16,6,10,3,3,0.01,3,5,6,6,0.06,3,,,,,,6,5,5,0.08,4,,,,,,2,2,2,0.04,3,10,4,4,0.03,5,,,,,,,,,,,,,,,,,,,,,,,,,,,,,,
