レースコード,レース日,レース場コード,レース回,艇1_登録番号,艇1_選手名,艇1_期別,艇1_支部,艇1_出身地,艇1_年齢,艇1_級別,艇1_賞除,艇1_F本数,艇1_L本数,艇1_全国平均ST,艇1_全国勝率,艇1_全国2連対率,艇1_全国3連対率,艇1_当地勝率,艇1_当地2連対率,艇1_当地3連対率,艇1_モーターフラグ,艇1_モーター番号,艇1_モーター2連対率,艇1_モーター3連対率,艇1_ボートフラグ,艇1_ボート番号,艇1_ボート2連対率,艇1_ボート3連対率,艇1_早見,艇1_節D1走1_R番号,艇1_節D1走1_進入,艇1_節D1走1_枠,艇1_節D1走1_ST,艇1_節D1走1_着順,艇1_節D1走2_R番号,艇1_節D1走2_進入,艇1_節D1走2_枠,艇1_節D1走2_ST,艇1_節D1走2_着順,艇1_節D2走1_R番号,艇1_節D2走1_進入,艇1_節D2走1_枠,艇1_節D2走1_ST,艇1_節D2走1_着順,艇1_節D2走2_R番号,艇1_節D2走2_進入,艇1_節D2走2_枠,艇1_節D2走2_ST,艇1_節D2走2_着順,艇1_節D3走1_R番号,艇1_節D3走1_進入,艇1_節D3走1_枠,艇1_節D3走1_ST,艇1_節D3走1_着順,艇1_節D3走2_R番号,艇1_節D3走2_進入,艇1_節D3走2_枠,艇1_節D3走2_ST,艇1_節D3走2_着順,艇1_節D4走1_R番号,艇1_節D4走1_進入,艇1_節D4走1_枠,艇1_節D4走1_ST,艇1_節D4走1_着順,艇1_節D4走2_R番号,艇1_節D4走2_進入,艇1_節D4走2_枠,艇1_節D4走2_ST,艇1_節D4走2_着順,艇1_節D5走1_R番号,艇1_節D5走1_進入,艇1_節D5走1_枠,艇1_節D5走1_ST,艇1_節D5走1_着順,艇1_節D5走2_R番号,艇1_節D5走2_進入,艇1_節D5走2_枠,艇1_節D5走2_ST,艇1_節D5走2_着順,艇1_節D6走1_R番号,艇1_節D6走1_進入,艇1_節D6走1_枠,艇1_節D6走1_ST,艇1_節D6走1_着順,艇1_節D6走2_R番号,艇1_節D6走2_進入,艇1_節D6走2_枠,艇1_節D6走2_ST,艇1_節D6走2_着順,艇1_節D7走1_R番号,艇1_節D7走1_進入,艇1_節D7走1_枠,艇1_節D7走1_ST,艇1_節D7走1_着順,艇1_節D7走2_R番号,艇1_節D7走2_進入,艇1_節D7走2_枠,艇1_節D7走2_ST,艇1_節D7走2_着順,艇2_登録番号,艇2_選手名,艇2_期別,艇2_支部,艇2_出身地,艇2_年齢,艇2_級別,艇2_賞除,艇2_F本数,艇2_L本数,艇2_全国平均ST,艇2_全国勝率,艇2_全国2連対率,艇2_全国3連対率,艇2_当地勝率,艇2_当地2連対率,艇2_当地3連対率,艇2_モーターフラグ,艇2_モーター番号,艇2_モーター2連対率,艇2_モーター3連対率,艇2_ボートフラグ,艇2_ボート番号,艇2_ボート2連対率,艇2_ボート3連対率,艇2_早見,艇2_節D1走1_R番号,艇2_節D1走1_進入,艇2_節D1走1_枠,艇2_節D1走1_ST,艇2_節D1走1_着順,艇2_節D1走2_R番号,艇2_節D1走2_進入,艇2_節D1走2_枠,艇2_節D1走2_ST,艇2_節D1走2_着順,艇2_節D2走1_R番号,艇2_節D2走1_進入,艇2_節D2走1_枠,艇2_節D2走1_ST,艇2_節D2走1_着順,艇2_節D2走2_R番号,艇2_節D2走2_進入,艇2_節D2走2_枠,艇2_節D2走2_ST,艇2_節D2走2_着順,艇2_節D3走1_R番号,艇2_節D3走1_進入,艇2_節D3走1_枠,艇2_節D3走1_ST,艇2_節D3走1_着順,艇2_節D3走2_R番号,艇2_節D3走2_進入,艇2_節D3走2_枠,艇2_節D3走2_ST,艇2_節D3走2_着順,艇2_節D4走1_R番号,艇2_節D4走1_進入,艇2_節D4走1_枠,艇2_節D4走1_ST,艇2_節D4走1_着順,艇2_節D4走2_R番号,艇2_節D4走2_進入,艇2_節D4走2_枠,艇2_節D4走2_ST,艇2_節D4走2_着順,艇2_節D5走1_R番号,艇2_節D5走1_進入,艇2_節D5走1_枠,艇2_節D5走1_ST,艇2_節D5走1_着順,艇2_節D5走2_R番号,艇2_節D5走2_進入,艇2_節D5走2_枠,艇2_節D5走2_ST,艇2_節D5走2_着順,艇2_節D6走1_R番号,艇2_節D6走1_進入,艇2_節D6走1_枠,艇2_節D6走1_ST,艇2_節D6走1_着順,艇2_節D6走2_R番号,艇2_節D6走2_進入,艇2_節D6走2_枠,艇2_節D6走2_ST,艇2_節D6走2_着順,艇2_節D7走1_R番号,艇2_節D7走1_進入,艇2_節D7走1_枠,艇2_節D7走1_ST,艇2_節D7走1_着順,艇2_節D7走2_R番号,艇2_節D7走2_進入,艇2_節D7走2_枠,艇2_節D7走2_ST,艇2_節D7走2_着順,艇3_登録番号,艇3_選手名,艇3_期別,艇3_支部,艇3_出身地,艇3_年齢,艇3_級別,艇3_賞除,艇3_F本数,艇3_L本数,艇3_全国平均ST,艇3_全国勝率,艇3_全国2連対率,艇3_全国3連対率,艇3_当地勝率,艇3_当地2連対率,艇3_当地3連対率,艇3_モーターフラグ,艇3_モーター番号,艇3_モーター2連対率,艇3_モーター3連対率,艇3_ボートフラグ,艇3_ボート番号,艇3_ボート2連対率,艇3_ボート3連対率,艇3_早見,艇3_節D1走1_R番号,艇3_節D1走1_進入,艇3_節D1走1_枠,艇3_節D1走1_ST,艇3_節D1走1_着順,艇3_節D1走2_R番号,艇3_節D1走2_進入,艇3_節D1走2_枠,艇3_節D1走2_ST,艇3_節D1走2_着順,艇3_節D2走1_R番号,艇3_節D2走1_進入,艇3_節D2走1_枠,艇3_節D2走1_ST,艇3_節D2走1_着順,艇3_節D2走2_R番号,艇3_節D2走2_進入,艇3_節D2走2_枠,艇3_節D2走2_ST,艇3_節D2走2_着順,艇3_節D3走1_R番号,艇3_節D3走1_進入,艇3_節D3走1_枠,艇3_節D3走1_ST,艇3_節D3走1_着順,艇3_節D3走2_R番号,艇3_節D3走2_進入,艇3_節D3走2_枠,艇3_節D3走2_ST,艇3_節D3走2_着順,艇3_節D4走1_R番号,艇3_節D4走1_進入,艇3_節D4走1_枠,艇3_節D4走1_ST,艇3_節D4走1_着順,艇3_節D4走2_R番号,艇3_節D4走2_進入,艇3_節D4走2_枠,艇3_節D4走2_ST,艇3_節D4走2_着順,艇3_節D5走1_R番号,艇3_節D5走1_進入,艇3_節D5走1_枠,艇3_節D5走1_ST,艇3_節D5走1_着順,艇3_節D5走2_R番号,艇3_節D5走2_進入,艇3_節D5走2_枠,艇3_節D5走2_ST,艇3_節D5走2_着順,艇3_節D6走1_R番号,艇3_節D6走1_進入,艇3_節D6走1_枠,艇3_節D6走1_ST,艇3_節D6走1_着順,艇3_節D6走2_R番号,艇3_節D6走2_進入,艇3_節D6走2_枠,艇3_節D6走2_ST,艇3_節D6走2_着順,艇3_節D7走1_R番号,艇3_節D7走1_進入,艇3_節D7走1_枠,艇3_節D7走1_ST,艇3_節D7走1_着順,艇3_節D7走2_R番号,艇3_節D7走2_進入,艇3_節D7走2_枠,艇3_節D7走2_ST,艇3_節D7走2_着順,艇4_登録番号,艇4_選手名,艇4_期別,艇4_支部,艇4_出身地,艇4_年齢,艇4_級別,艇4_賞除,艇4_F本数,艇4_L本数,艇4_全国平均ST,艇4_全国勝率,艇4_全国2連対率,艇4_全国3連対率,艇4_当地勝率,艇4_当地2連対率,艇4_当地3連対率,艇4_モーターフラグ,艇4_モーター番号,艇4_モーター2連対率,艇4_モーター3連対率,艇4_ボートフラグ,艇4_ボート番号,艇4_ボート2連対率,艇4_ボート3連対率,艇4_早見,艇4_節D1走1_R番号,艇4_節D1走1_進入,艇4_節D1走1_枠,艇4_節D1走1_ST,艇4_節D1走1_着順,艇4_節D1走2_R番号,艇4_節D1走2_進入,艇4_節D1走2_枠,艇4_節D1走2_ST,艇4_節D1走2_着順,艇4_節D2走1_R番号,艇4_節D2走1_進入,艇4_節D2走1_枠,艇4_節D2走1_ST,艇4_節D2走1_着順,艇4_節D2走2_R番号,艇4_節D2走2_進入,艇4_節D2走2_枠,艇4_節D2走2_ST,艇4_節D2走2_着順,艇4_節D3走1_R番号,艇4_節D3走1_進入,艇4_節D3走1_枠,艇4_節D3走1_ST,艇4_節D3走1_着順,艇4_節D3走2_R番号,艇4_節D3走2_進入,艇4_節D3走2_枠,艇4_節D3走2_ST,艇4_節D3走2_着順,艇4_節D4走1_R番号,艇4_節D4走1_進入,艇4_節D4走1_枠,艇4_節D4走1_ST,艇4_節D4走1_着順,艇4_節D4走2_R番号,艇4_節D4走2_進入,艇4_節D4走2_枠,艇4_節D4走2_ST,艇4_節D4走2_着順,艇4_節D5走1_R番号,艇4_節D5走1_進入,艇4_節D5走1_枠,艇4_節D5走1_ST,艇4_節D5走1_着順,艇4_節D5走2_R番号,艇4_節D5走2_進入,艇4_節D5走2_枠,艇4_節D5走2_ST,艇4_節D5走2_着順,艇4_節D6走1_R番号,艇4_節D6走1_進入,艇4_節D6走1_枠,艇4_節D6走1_ST,艇4_節D6走1_着順,艇4_節D6走2_R番号,艇4_節D6走2_進入,艇4_節D6走2_枠,艇4_節D6走2_ST,艇4_節D6走2_着順,艇4_節D7走1_R番号,艇4_節D7走1_進入,艇4_節D7走1_枠,艇4_節D7走1_ST,艇4_節D7走1_着順,艇4_節D7走2_R番号,艇4_節D7走2_進入,艇4_節D7走2_枠,艇4_節D7走2_ST,艇4_節D7走2_着順,艇5_登録番号,艇5_選手名,艇5_期別,艇5_支部,艇5_出身地,艇5_年齢,艇5_級別,艇5_賞除,艇5_F本数,艇5_L本数,艇5_全国平均ST,艇5_全国勝率,艇5_全国2連対率,艇5_全国3連対率,艇5_当地勝率,艇5_当地2連対率,艇5_当地3連対率,艇5_モーターフラグ,艇5_モーター番号,艇5_モーター2連対率,艇5_モーター3連対率,艇5_ボートフラグ,艇5_ボート番号,艇5_ボート2連対率,艇5_ボート3連対率,艇5_早見,艇5_節D1走1_R番号,艇5_節D1走1_進入,艇5_節D1走1_枠,艇5_節D1走1_ST,艇5_節D1走1_着順,艇5_節D1走2_R番号,艇5_節D1走2_進入,艇5_節D1走2_枠,艇5_節D1走2_ST,艇5_節D1走2_着順,艇5_節D2走1_R番号,艇5_節D2走1_進入,艇5_節D2走1_枠,艇5_節D2走1_ST,艇5_節D2走1_着順,艇5_節D2走2_R番号,艇5_節D2走2_進入,艇5_節D2走2_枠,艇5_節D2走2_ST,艇5_節D2走2_着順,艇5_節D3走1_R番号,艇5_節D3走1_進入,艇5_節D3走1_枠,艇5_節D3走1_ST,艇5_節D3走1_着順,艇5_節D3走2_R番号,艇5_節D3走2_進入,艇5_節D3走2_枠,艇5_節D3走2_ST,艇5_節D3走2_着順,艇5_節D4走1_R番号,艇5_節D4走1_進入,艇5_節D4走1_枠,艇5_節D4走1_ST,艇5_節D4走1_着順,艇5_節D4走2_R番号,艇5_節D4走2_進入,艇5_節D4走2_枠,艇5_節D4走2_ST,艇5_節D4走2_着順,艇5_節D5走1_R番号,艇5_節D5走1_進入,艇5_節D5走1_枠,艇5_節D5走1_ST,艇5_節D5走1_着順,艇5_節D5走2_R番号,艇5_節D5走2_進入,艇5_節D5走2_枠,艇5_節D5走2_ST,艇5_節D5走2_着順,艇5_節D6走1_R番号,艇5_節D6走1_進入,艇5_節D6走1_枠,艇5_節D6走1_ST,艇5_節D6走1_着順,艇5_節D6走2_R番号,艇5_節D6走2_進入,艇5_節D6走2_枠,艇5_節D6走2_ST,艇5_節D6走2_着順,艇5_節D7走1_R番号,艇5_節D7走1_進入,艇5_節D7走1_枠,艇5_節D7走1_ST,艇5_節D7走1_着順,艇5_節D7走2_R番号,艇5_節D7走2_進入,艇5_節D7走2_枠,艇5_節D7走2_ST,艇5_節D7走2_着順,艇6_登録番号,艇6_選手名,艇6_期別,艇6_支部,艇6_出身地,艇6_年齢,艇6_級別,艇6_賞除,艇6_F本数,艇6_L本数,艇6_全国平均ST,艇6_全国勝率,艇6_全国2連対率,艇6_全国3連対率,艇6_当地勝率,艇6_当地2連対率,艇6_当地3連対率,艇6_モーターフラグ,艇6_モーター番号,艇6_モーター2連対率,艇6_モーター3連対率,艇6_ボートフラグ,艇6_ボート番号,艇6_ボート2連対率,艇6_ボート3連対率,艇6_早見,艇6_節D1走1_R番号,艇6_節D1走1_進入,艇6_節D1走1_枠,艇6_節D1走1_ST,艇6_節D1走1_着順,艇6_節D1走2_R番号,艇6_節D1走2_進入,艇6_節D1走2_枠,艇6_節D1走2_ST,艇6_節D1走2_着順,艇6_節D2走1_R番号,艇6_節D2走1_進入,艇6_節D2走1_枠,艇6_節D2走1_ST,艇6_節D2走1_着順,艇6_節D2走2_R番号,艇6_節D2走2_進入,艇6_節D2走2_枠,艇6_節D2走2_ST,艇6_節D2走2_着順,艇6_節D3走1_R番号,艇6_節D3走1_進入,艇6_節D3走1_枠,艇6_節D3走1_ST,艇6_節D3走1_着順,艇6_節D3走2_R番号,艇6_節D3走2_進入,艇6_節D3走2_枠,艇6_節D3走2_ST,艇6_節D3走2_着順,艇6_節D4走1_R番号,艇6_節D4走1_進入,艇6_節D4走1_枠,艇6_節D4走1_ST,艇6_節D4走1_着順,艇6_節D4走2_R番号,艇6_節D4走2_進入,艇6_節D4走2_枠,艇6_節D4走2_ST,艇6_節D4走2_着順,艇6_節D5走1_R番号,艇6_節D5走1_進入,艇6_節D5走1_枠,艇6_節D5走1_ST,艇6_節D5走1_着順,艇6_節D5走2_R番号,艇6_節D5走2_進入,艇6_節D5走2_枠,艇6_節D5走2_ST,艇6_節D5走2_着順,艇6_節D6走1_R番号,艇6_節D6走1_進入,艇6_節D6走1_枠,艇6_節D6走1_ST,艇6_節D6走1_着順,艇6_節D6走2_R番号,艇6_節D6走2_進入,艇6_節D6走2_枠,艇6_節D6走2_ST,艇6_節D6走2_着順,艇6_節D7走1_R番号,艇6_節D7走1_進入,艇6_節D7走1_枠,艇6_節D7走1_ST,艇6_節D7走1_着順,艇6_節D7走2_R番号,艇6_節D7走2_進入,艇6_節D7走2_枠,艇6_節D7走2_ST,艇6_節D7走2_着順
202609130201,2026-09-13,02,01R,3589,西村 勝,70期,埼玉,埼玉,53,B1,,1,0,0.16,4.38,27.0,41.8,4.39,26.6,41.3,0,18,47.8,60.8,0,33,23.0,30.7,8,5,5,5,0.05,2,,,,,,5,2,3,0.24,5,11,4,4,0.13,6,,,,,,,,,,,,,,,,,,,,,,,,,,,,,,,,,,,,,,,,,,,,,,,,,,,3814,金子 貴志,77期,福井,福井,50,B1,,0,0,0.2,5.01,27.3,48.1,4.24,16.0,44.0,0,50,25.0,50.0,0,53,40.0,60.0,5,3,1,1,0.18,6,7,5,5,0.25,3,,,,,,7,3,3,0.19,4,,,,,,,,,,,,,,,,,,,,,,,,,,,,,,,,,,,,,,,,,,,,,,,,,,,4866,橋本 英一,116期,福岡,福岡,36,B1,,0,0,0.17,4.32,20.9,37.0,3.85,7.6,23.0,0,19,21.7,47.8,0,15,42.8,52.3,6,,,,,,7,3,3,0.18,5,3,5,5,0.1,2,8,4,4,0.26,3,,,,,,,,,,,,,,,,,,,,,,,,,,,,,,,,,,,,,,,,,,,,,,,,,,,3834,細川 明人,78期,岡山,岡山,51,B1,,0,0,0.19,4.18,26.4,36.7,4.67,33.3,46.6,0,24,28.5,47.6,0,57,12.5,31.2,12,1,4,4,0.08,3,,,,,,2,5,5,0.2,3,9,2,2,0.16,3,,,,,,,,,,,,,,,,,,,,,,,,,,,,,,,,,,,,,,,,,,,,,,,,,,,5259,野田 昇吾,131期,埼玉,福岡,33,B2,,0,0,0.18,3.39,8.9,26.8,3.17,9.6,20.4,0,1,17.3,34.7,0,73,33.3,41.6,7,6,5,4,0.21,5,,,,,,3,3,3,0.02,4,7,2,2,0.25,3,,,,,,,,,,,,,,,,,,,,,,,,,,,,,,,,,,,,,,,,,,,,,,,,,,,4692,酒井 俊弘,110期,福井,福井,42,B1,,1,0,0.12,4.3,25.0,37.5,4.11,22.2,33.3,0,62,25.0,31.2,0,55,0.0,25.0,9,5,2,2,0.17,4,10,5,4,0.05,4,4,1,1,0.1,5,,,,,,,,,,,,,,,,,,,,,,,,,,,,,,,,,,,,,,,,,,,,,,,,,,,,,,,
202609130202,2026-09-13,02,02R,5313,鈴木 唯央,133期,群馬,群馬,26,B1,,1,0,0.16,4.33,15.7,42.1,3.41,9.0,22.7,0,11,47.8,65.2,0,18,36.8,57.8,11,4,6,4,0.1,6,,,,,,1,3,3,0.12,4,9,6,6,0.27,5,,,,,,,,,,,,,,,,,,,,,,,,,,,,,,,,,,,,,,,,,,,,,,,,,,,3161,古場 輝義,55期,大阪,長崎,66,B1,,0,0,0.19,4.97,28.7,49.3,5.63,40.6,59.3,0,61,23.0,30.7,0,62,25.0,56.2,6,4,3,6,0.06,5,9,3,3,0.17,4,2,1,1,0.09,4,,,,,,,,,,,,,,,,,,,,,,,,,,,,,,,,,,,,,,,,,,,,,,,,,,,,,,,,4325,新出 浩司,96期,大阪,大阪,43,B1,,0,0,0.19,4.46,17.2,40.7,4.33,13.3,46.6,0,65,23.0,38.4,0,68,35.2,41.1,8,2,3,3,0.14,2,7,6,6,0.27,6,6,1,1,0.12,3,,,,,,,,,,,,,,,,,,,,,,,,,,,,,,,,,,,,,,,,,,,,,,,,,,,,,,,,4706,三浦 洋次朗,110期,愛知,愛知,37,A2,,1,0,0.17,5.67,45.3,53.6,5.54,36.5,56.1,0,53,66.6,72.2,0,43,42.8,52.3,10,2,5,5,0.17,5,10,2,2,0.19,3,,,,,,8,6,6,0.27,6,,,,,,,,,,,,,,,,,,,,,,,,,,,,,,,,,,,,,,,,,,,,,,,,,,,4615,板倉 敦史,107期,東京,千葉,46,B1,,0,0,0.19,4.73,26.5,40.5,5.19,33.3,50.0,0,54,41.1,52.9,0,61,0.0,0.0,7,4,1,1,0.08,4,8,5,4,0.24,4,5,5,6,0.29,2,,,,,,,,,,,,,,,,,,,,,,,,,,,,,,,,,,,,,,,,,,,,,,,,,,,,,,,,4762,藤原 啓史朗,112期,岡山,岡山,36,A1,,0,0,0.13,7.36,55.6,74.7,7.21,35.2,55.8,0,14,54.1,70.8,0,71,29.4,41.1,9,7,1,1,0.11,1,12,4,4,0.13,6,2,3,2,0.09,1,12,5,5,0.07,1,,,,,,,,,,,,,,,,,,,,,,,,,,,,,,,,,,,,,,,,,,,,,,,,,,
202609130203,2026-09-13,02,03R,4631,新井 英孝,107期,大阪,大阪,39,B1,,1,0,0.16,4.68,28.2,48.7,5.15,50.0,55.0,0,49,25.0,31.2,0,46,23.8,38.1,,1,6,6,0.09,6,10,3,3,0.15,6,,,,,,7,4,4,0.24,5,,,,,,,,,,,,,,,,,,,,,,,,,,,,,,,,,,,,,,,,,,,,,,,,,,,5220,青木 蓮,129期,埼玉,埼玉,25,A2,,0,0,0.12,6.55,49.5,71.4,6.49,48.2,65.5,0,56,52.9,88.2,0,20,36.3,59.0,9,3,3,3,0.11,2,11,1,1,0.05,1,,,,,,9,4,4,0.16,2,,,,,,,,,,,,,,,,,,,,,,,,,,,,,,,,,,,,,,,,,,,,,,,,,,,4674,池田 剛規,109期,福岡,福岡,39,B1,,0,0,0.15,5.41,31.0,54.3,5.41,31.0,58.6,0,16,26.0,39.1,0,72,26.6,40.0,7,1,2,2,0.11,4,5,6,6,0.07,3,,,,,,8,1,1,0.14,1,,,,,,,,,,,,,,,,,,,,,,,,,,,,,,,,,,,,,,,,,,,,,,,,,,,4467,渡邉 俊介,101期,愛知,岐阜,40,A1,,0,0,0.14,6.32,41.6,65.7,5.63,37.5,50.0,0,3,37.5,58.3,0,66,7.6,38.4,8,4,2,2,0.09,1,12,5,5,0.11,4,7,1,1,0.13,1,11,3,3,0.16,3,,,,,,,,,,,,,,,,,,,,,,,,,,,,,,,,,,,,,,,,,,,,,,,,,,,4887,富澤 祐作,117期,群馬,群馬,39,B1,,1,0,0.13,5.09,32.8,50.0,5.49,41.0,51.2,0,51,25.0,50.0,0,44,70.0,80.0,,2,4,4,0.15,4,6,1,1,0.18,2,4,6,6,0.12,4,,,,,,,,,,,,,,,,,,,,,,,,,,,,,,,,,,,,,,,,,,,,,,,,,,,,,,,,5455,澁澤 周羽,138期,群馬,群馬,20,B2,,0,0,0.0,1.49,0.0,3.3,1.29,0.0,0.0,0,17,31.8,40.9,0,69,53.3,60.0,,6,6,6,0.26,6,,,,,,1,6,6,0.08,5,6,6,5,0.05,6,,,,,,,,,,,,,,,,,,,,,,,,,,,,,,,,,,,,,,,,,,,,,,,,,,
202609130204,2026-09-13,02,04R,4555,富永 大一,104期,福岡,福岡,37,B1,,0,0,0.18,5.23,30.9,51.8,4.83,27.5,51.7,0,44,42.8,71.4,0,27,16.6,33.3,,1,5,5,0.09,5,8,3,2,0.21,1,7,5,6,0.2,2,12,3,3,0.17,5,,,,,,,,,,,,,,,,,,,,,,,,,,,,,,,,,,,,,,,,,,,,,,,,,,,3072,西田 靖,51期,東京,神奈川,64,B1,,0,0,0.17,3.99,21.5,34.4,5.24,39.4,55.2,0,2,20.0,35.0,0,70,0.0,0.0,11,,,,,,8,2,5,0.11,2,2,2,4,0.07,5,8,2,3,0.2,4,,,,,,,,,,,,,,,,,,,,,,,,,,,,,,,,,,,,,,,,,,,,,,,,,,,4295,小坂 尚哉,94期,兵庫,大阪,39,A1,,0,0,0.14,7.56,61.9,84.1,7.17,61.7,76.6,0,12,17.3,34.7,0,42,40.0,46.6,10,5,4,4,0.05,1,12,1,1,0.17,3,6,5,6,0.05,1,10,2,2,0.1,2,,,,,,,,,,,,,,,,,,,,,,,,,,,,,,,,,,,,,,,,,,,,,,,,,,,5038,金田 智博,122期,福井,石川,28,A2,,0,0,0.16,6.57,52.4,63.1,6.25,37.5,62.5,0,4,47.8,56.5,0,12,21.0,31.5,12,2,2,2,0.14,3,9,6,6,0.21,3,,,,,,11,1,1,0.11,1,,,,,,,,,,,,,,,,,,,,,,,,,,,,,,,,,,,,,,,,,,,,,,,,,,,4886,入海 馨,116期,岡山,岡山,30,A2,,0,0,0.14,6.44,40.4,62.7,0.0,0.0,0.0,0,5,29.4,41.1,0,50,0.0,20.0,9,,,,,,8,6,6,0.21,3,4,4,4,0.08,6,10,1,1,0.04,1,,,,,,,,,,,,,,,,,,,,,,,,,,,,,,,,,,,,,,,,,,,,,,,,,,,4572,渡部 悟,105期,大阪,大阪,38,B1,,0,0,0.16,5.58,36.6,54.1,4.84,36.0,40.0,0,25,26.3,36.8,0,45,40.9,50.0,8,1,3,3,0.09,2,11,6,5,0.27,6,3,1,1,0.04,6,,,,,,,,,,,,,,,,,,,,,,,,,,,,,,,,,,,,,,,,,,,,,,,,,,,,,,,
202609130205,2026-09-13,02,05R,4578,藤山 雅弘,105期,大阪,大阪,37,A2,,0,0,0.18,5.85,42.5,60.0,5.16,35.4,51.6,0,9,22.7,27.2,0,74,33.3,53.3,11,6,3,3,0.11,3,11,2,2,0.06,3,,,,,,10,6,6,0.23,5,,,,,,,,,,,,,,,,,,,,,,,,,,,,,,,,,,,,,,,,,,,,,,,,,,,5008,羽野 諒,121期,福岡,福岡,29,B1,,0,0,0.15,4.88,23.8,45.2,4.49,22.8,40.0,0,10,30.4,43.4,0,41,33.3,42.8,10,3,4,4,0.1,5,8,1,1,0.07,6,1,5,5,0.08,1,,,,,,,,,,,,,,,,,,,,,,,,,,,,,,,,,,,,,,,,,,,,,,,,,,,,,,,,4708,半田 尚也,110期,広島,広島,37,B1,,1,0,0.18,4.42,21.7,39.1,4.46,15.3,38.4,0,55,0.0,6.6,0,76,33.3,50.0,9,3,2,2,0.22,4,,,,,,5,4,5,0.27,4,10,4,4,0.22,4,,,,,,,,,,,,,,,,,,,,,,,,,,,,,,,,,,,,,,,,,,,,,,,,,,,4370,山口 達也,97期,岡山,岡山,39,A1,,0,0,0.14,6.6,53.6,64.6,7.69,56.2,68.7,0,15,52.1,73.9,0,65,35.2,64.7,12,3,5,6,0.14,1,12,3,3,0.15,1,4,2,2,0.04,1,8,5,5,0.26,5,,,,,,,,,,,,,,,,,,,,,,,,,,,,,,,,,,,,,,,,,,,,,,,,,,,3075,中村 裕将,51期,埼玉,埼玉,64,B1,,0,0,0.13,5.07,34.9,44.5,5.18,33.3,50.0,0,60,25.0,43.7,0,28,54.5,59.0,,1,1,1,0.08,1,7,4,4,0.15,4,4,3,3,0.02,2,11,2,2,0.15,2,,,,,,,,,,,,,,,,,,,,,,,,,,,,,,,,,,,,,,,,,,,,,,,,,,,3814,金子 貴志,77期,福井,福井,50,B1,,0,0,0.2,5.01,27.3,48.1,4.24,16.0,44.0,0,50,25.0,50.0,0,53,40.0,60.0,1,3,1,1,0.18,6,7,5,5,0.25,3,,,,,,7,3,3,0.19,4,,,,,,,,,,,,,,,,,,,,,,,,,,,,,,,,,,,,,,,,,,,,,,,,,,
202609130206,2026-09-13,02,06R,4649,和田 操拓,108期,滋賀,京都,42,B1,,0,0,0.13,5.71,41.3,58.6,0.0,0.0,0.0,0,23,23.8,66.6,0,26,36.3,54.5,,2,6,6,0.13,6,,,,,,3,2,2,0.02,5,12,4,4,0.19,4,,,,,,,,,,,,,,,,,,,,,,,,,,,,,,,,,,,,,,,,,,,,,,,,,,,4866,橋本 英一,116期,福岡,福岡,36,B1,,0,0,0.17,4.32,20.9,37.0,3.85,7.6,23.0,0,19,21.7,47.8,0,15,42.8,52.3,1,,,,,,7,3,3,0.18,5,3,5,5,0.1,2,8,4,4,0.26,3,,,,,,,,,,,,,,,,,,,,,,,,,,,,,,,,,,,,,,,,,,,,,,,,,,,4351,里岡 右貴,96期,福岡,福岡,40,A1,,1,0,0.13,6.89,52.1,73.5,6.4,37.2,69.7,0,57,45.4,63.6,0,58,42.8,71.4,12,6,4,5,0.19,4,12,2,2,0.11,2,5,3,4,0.14,1,12,1,1,0.15,2,,,,,,,,,,,,,,,,,,,,,,,,,,,,,,,,,,,,,,,,,,,,,,,,,,,4539,金子 賢志,103期,群馬,群馬,35,A1,,0,0,0.13,6.32,42.6,59.1,3.43,14.2,14.2,0,20,30.4,52.1,0,51,40.0,50.0,11,,,,,,11,5,6,0.07,5,6,2,2,0.16,4,11,5,5,0.14,5,,,,,,,,,,,,,,,,,,,,,,,,,,,,,,,,,,,,,,,,,,,,,,,,,,,3161,古場 輝義,55期,大阪,長崎,66,B1,,0,0,0.19,4.97,28.7,49.3,5.63,40.6,59.3,0,61,23.0,30.7,0,62,25.0,56.2,2,4,3,6,0.06,5,9,3,3,0.17,4,2,1,1,0.09,4,,,,,,,,,,,,,,,,,,,,,,,,,,,,,,,,,,,,,,,,,,,,,,,,,,,,,,,,4163,山崎 裕司,90期,広島,広島,44,A2,,0,0,0.16,5.55,36.9,54.6,4.13,31.2,31.2,0,8,54.1,66.6,0,35,18.1,27.2,10,,,,,,9,2,2,0.19,2,4,5,5,0.09,3,9,1,1,0.13,1,,,,,,,,,,,,,,,,,,,,,,,,,,,,,,,,,,,,,,,,,,,,,,,,,,
202609130207,2026-09-13,02,07R,5126,山下 大輝,126期,兵庫,兵庫,30,A1,,0,0,0.15,6.94,54.5,75.0,6.71,57.1,71.4,0,36,50.0,70.0,0,47,40.0,60.0,11,8,4,3,0.22,5,12,6,6,0.11,5,3,4,4,0.02,1,9,5,5,0.18,6,,,,,,,,,,,,,,,,,,,,,,,,,,,,,,,,,,,,,,,,,,,,,,,,,,,4615,板倉 敦史,107期,東京,千葉,46,B1,,0,0,0.19,4.73,26.5,40.5,5.19,33.3,50.0,0,54,41.1,52.9,0,61,0.0,0.0,2,4,1,1,0.08,4,8,5,4,0.24,4,5,5,6,0.29,2,,,,,,,,,,,,,,,,,,,,,,,,,,,,,,,,,,,,,,,,,,,,,,,,,,,,,,,,3692,竹腰 正樹,74期,福井,石川,55,B1,,0,0,0.18,5.19,32.7,52.5,5.13,29.1,58.3,0,21,62.5,75.0,0,67,25.0,37.5,,2,1,1,0.12,1,11,3,3,0.02,4,2,6,6,0.25,6,6,4,4,0.04,2,,,,,,,,,,,,,,,,,,,,,,,,,,,,,,,,,,,,,,,,,,,,,,,,,,,5259,野田 昇吾,131期,埼玉,福岡,33,B2,,0,0,0.18,3.39,8.9,26.8,3.17,9.6,20.4,0,1,17.3,34.7,0,73,33.3,41.6,1,6,5,4,0.21,5,,,,,,3,3,3,0.02,4,7,2,2,0.25,3,,,,,,,,,,,,,,,,,,,,,,,,,,,,,,,,,,,,,,,,,,,,,,,,,,,4674,池田 剛規,109期,福岡,福岡,39,B1,,0,0,0.15,5.41,31.0,54.3,5.41,31.0,58.6,0,16,26.0,39.1,0,72,26.6,40.0,3,1,2,2,0.11,4,5,6,6,0.07,3,,,,,,8,1,1,0.14,1,,,,,,,,,,,,,,,,,,,,,,,,,,,,,,,,,,,,,,,,,,,,,,,,,,,4973,栗原 直也,120期,埼玉,埼玉,34,B1,,1,0,0.17,5.18,32.4,49.3,5.0,30.8,48.1,0,52,53.3,66.6,0,37,72.2,77.7,12,,,,,,7,2,2,0.19,2,1,1,1,0.08,3,10,3,3,0.16,6,,,,,,,,,,,,,,,,,,,,,,,,,,,,,,,,,,,,,,,,,,,,,,,,,,
202609130208,2026-09-13,02,08R,4883,岡部 大輝,116期,東京,東京,30,A2,,0,0,0.16,6.41,50.4,65.1,5.48,33.3,58.3,0,7,21.7,39.1,0,38,31.2,43.7,,4,5,5,0.09,3,11,4,4,0.08,2,8,3,2,0.23,2,12,6,6,0.13,6,,,,,,,,,,,,,,,,,,,,,,,,,,,,,,,,,,,,,,,,,,,,,,,,,,,4572,渡部 悟,105期,大阪,大阪,38,B1,,0,0,0.16,5.58,36.6,54.1,4.84,36.0,40.0,0,25,26.3,36.8,0,45,40.9,50.0,4,1,3,3,0.09,2,11,6,5,0.27,6,3,1,1,0.04,6,,,,,,,,,,,,,,,,,,,,,,,,,,,,,,,,,,,,,,,,,,,,,,,,,,,,,,,,3589,西村 勝,70期,埼玉,埼玉,53,B1,,1,0,0.16,4.38,27.0,41.8,4.39,26.6,41.3,0,18,47.8,60.8,0,33,23.0,30.7,1,5,5,5,0.05,2,,,,,,5,2,3,0.24,5,11,4,4,0.13,6,,,,,,,,,,,,,,,,,,,,,,,,,,,,,,,,,,,,,,,,,,,,,,,,,,,4325,新出 浩司,96期,大阪,大阪,43,B1,,0,0,0.19,4.46,17.2,40.7,4.33,13.3,46.6,0,65,23.0,38.4,0,68,35.2,41.1,2,2,3,3,0.14,2,7,6,6,0.27,6,6,1,1,0.12,3,,,,,,,,,,,,,,,,,,,,,,,,,,,,,,,,,,,,,,,,,,,,,,,,,,,,,,,,3711,江本 真治,74期,山口,山口,52,A2,,1,0,0.15,5.91,39.4,64.0,0.0,0.0,0.0,0,59,36.3,54.5,0,59,33.3,53.3,12,,,,,,10,6,6,0.08,2,5,1,1,0.19,3,9,3,3,0.14,4,,,,,,,,,,,,,,,,,,,,,,,,,,,,,,,,,,,,,,,,,,,,,,,,,,,4467,渡邉 俊介,101期,愛知,岐阜,40,A1,,0,0,0.14,6.32,41.6,65.7,5.63,37.5,50.0,0,3,37.5,58.3,0,66,7.6,38.4,3,4,2,2,0.09,1,12,5,5,0.11,4,7,1,1,0.13,1,11,3,3,0.16,3,,,,,,,,,,,,,,,,,,,,,,,,,,,,,,,,,,,,,,,,,,,,,,,,,,
202609130209,2026-09-13,02,09R,4451,松崎 祐太郎,100期,福岡,宮崎,38,A2,,0,0,0.16,6.36,48.0,67.3,7.55,55.0,80.0,0,63,44.4,55.5,0,63,50.0,62.5,,6,2,2,0.13,1,10,4,5,0.11,5,2,4,3,0.19,2,11,6,6,0.18,4,,,,,,,,,,,,,,,,,,,,,,,,,,,,,,,,,,,,,,,,,,,,,,,,,,,4886,入海 馨,116期,岡山,岡山,30,A2,,0,0,0.14,6.44,40.4,62.7,0.0,0.0,0.0,0,5,29.4,41.1,0,50,0.0,20.0,4,,,,,,8,6,6,0.21,3,4,4,4,0.08,6,10,1,1,0.04,1,,,,,,,,,,,,,,,,,,,,,,,,,,,,,,,,,,,,,,,,,,,,,,,,,,,4762,藤原 啓史朗,112期,岡山,岡山,36,A1,,0,0,0.13,7.36,55.6,74.7,7.21,35.2,55.8,0,14,54.1,70.8,0,71,29.4,41.1,2,7,1,1,0.11,1,12,4,4,0.13,6,2,3,2,0.09,1,12,5,5,0.07,1,,,,,,,,,,,,,,,,,,,,,,,,,,,,,,,,,,,,,,,,,,,,,,,,,,,4708,半田 尚也,110期,広島,広島,37,B1,,1,0,0.18,4.42,21.7,39.1,4.46,15.3,38.4,0,55,0.0,6.6,0,76,33.3,50.0,5,3,2,2,0.22,4,,,,,,5,4,5,0.27,4,10,4,4,0.22,4,,,,,,,,,,,,,,,,,,,,,,,,,,,,,,,,,,,,,,,,,,,,,,,,,,,4692,酒井 俊弘,110期,福井,福井,42,B1,,1,0,0.12,4.3,25.0,37.5,4.11,22.2,33.3,0,62,25.0,31.2,0,55,0.0,25.0,1,5,2,2,0.17,4,10,5,4,0.05,4,4,1,1,0.1,5,,,,,,,,,,,,,,,,,,,,,,,,,,,,,,,,,,,,,,,,,,,,,,,,,,,,,,,,5220,青木 蓮,129期,埼玉,埼玉,25,A2,,0,0,0.12,6.55,49.5,71.4,6.49,48.2,65.5,0,56,52.9,88.2,0,20,36.3,59.0,3,3,3,3,0.11,2,11,1,1,0.05,1,,,,,,9,4,4,0.16,2,,,,,,,,,,,,,,,,,,,,,,,,,,,,,,,,,,,,,,,,,,,,,,,,,,
202609130210,2026-09-13,02,10R,4706,三浦 洋次朗,110期,愛知,愛知,37,A2,,1,0,0.17,5.67,45.3,53.6,5.54,36.5,56.1,0,53,66.6,72.2,0,43,42.8,52.3,2,2,5,5,0.17,5,10,2,2,0.19,3,,,,,,8,6,6,0.27,6,,,,,,,,,,,,,,,,,,,,,,,,,,,,,,,,,,,,,,,,,,,,,,,,,,,4363,大野 芳顕,97期,福岡,福岡,41,A2,,0,0,0.17,5.42,35.4,55.4,5.19,33.3,50.0,0,22,21.7,47.8,0,23,34.7,47.8,,4,4,3,0.11,2,10,1,1,0.12,1,3,6,6,0.07,3,10,5,5,0.14,3,,,,,,,,,,,,,,,,,,,,,,,,,,,,,,,,,,,,,,,,,,,,,,,,,,,4163,山崎 裕司,90期,広島,広島,44,A2,,0,0,0.16,5.55,36.9,54.6,4.13,31.2,31.2,0,8,54.1,66.6,0,35,18.1,27.2,6,,,,,,9,2,2,0.19,2,4,5,5,0.09,3,9,1,1,0.13,1,,,,,,,,,,,,,,,,,,,,,,,,,,,,,,,,,,,,,,,,,,,,,,,,,,,4846,佐藤 駿介,115期,山口,山口,32,B1,,0,0,0.17,4.31,24.7,39.3,4.32,31.5,39.4,0,58,39.1,69.5,0,17,11.1,50.0,,5,3,3,0.15,5,,,,,,1,2,2,0.15,2,7,6,5,0.22,6,,,,,,,,,,,,,,,,,,,,,,,,,,,,,,,,,,,,,,,,,,,,,,,,,,,4295,小坂 尚哉,94期,兵庫,大阪,39,A1,,0,0,0.14,7.56,61.9,84.1,7.17,61.7,76.6,0,12,17.3,34.7,0,42,40.0,46.6,4,5,4,4,0.05,1,12,1,1,0.17,3,6,5,6,0.05,1,10,2,2,0.1,2,,,,,,,,,,,,,,,,,,,,,,,,,,,,,,,,,,,,,,,,,,,,,,,,,,,5008,羽野 諒,121期,福岡,福岡,29,B1,,0,0,0.15,4.88,23.8,45.2,4.49,22.8,40.0,0,10,30.4,43.4,0,41,33.3,42.8,5,3,4,4,0.1,5,8,1,1,0.07,6,1,5,5,0.08,1,,,,,,,,,,,,,,,,,,,,,,,,,,,,,,,,,,,,,,,,,,,,,,,,,,,,,,,
202609130211,2026-09-13,02,11R,4539,金子 賢志,103期,群馬,群馬,35,A1,,0,0,0.13,6.32,42.6,59.1,3.43,14.2,14.2,0,20,30.4,52.1,0,51,40.0,50.0,6,,,,,,11,5,6,0.07,5,6,2,2,0.16,4,11,5,5,0.14,5,,,,,,,,,,,,,,,,,,,,,,,,,,,,,,,,,,,,,,,,,,,,,,,,,,,5126,山下 大輝,126期,兵庫,兵庫,30,A1,,0,0,0.15,6.94,54.5,75.0,6.71,57.1,71.4,0,36,50.0,70.0,0,47,40.0,60.0,7,8,4,3,0.22,5,12,6,6,0.11,5,3,4,4,0.02,1,9,5,5,0.18,6,,,,,,,,,,,,,,,,,,,,,,,,,,,,,,,,,,,,,,,,,,,,,,,,,,,3072,西田 靖,51期,東京,神奈川,64,B1,,0,0,0.17,3.99,21.5,34.4,5.24,39.4,55.2,0,2,20.0,35.0,0,70,0.0,0.0,4,,,,,,8,2,5,0.11,2,2,2,4,0.07,5,8,2,3,0.2,4,,,,,,,,,,,,,,,,,,,,,,,,,,,,,,,,,,,,,,,,,,,,,,,,,,,5313,鈴木 唯央,133期,群馬,群馬,26,B1,,1,0,0.16,4.33,15.7,42.1,3.41,9.0,22.7,0,11,47.8,65.2,0,18,36.8,57.8,2,4,6,4,0.1,6,,,,,,1,3,3,0.12,4,9,6,6,0.27,5,,,,,,,,,,,,,,,,,,,,,,,,,,,,,,,,,,,,,,,,,,,,,,,,,,,4578,藤山 雅弘,105期,大阪,大阪,37,A2,,0,0,0.18,5.85,42.5,60.0,5.16,35.4,51.6,0,9,22.7,27.2,0,74,33.3,53.3,5,6,3,3,0.11,3,11,2,2,0.06,3,,,,,,10,6,6,0.23,5,,,,,,,,,,,,,,,,,,,,,,,,,,,,,,,,,,,,,,,,,,,,,,,,,,,4388,是澤 孝宏,98期,滋賀,京都,41,A2,,0,0,0.17,6.21,46.5,61.2,6.6,60.0,66.6,0,13,37.5,50.0,0,77,45.4,72.7,,3,6,5,0.11,3,9,1,1,0.2,1,6,3,3,0.14,5,12,2,2,0.19,3,,,,,,,,,,,,,,,,,,,,,,,,,,,,,,,,,,,,,,,,,,,,,,,,,,
202609130212,2026-09-13,02,12R,4370,山口 達也,97期,岡山,岡山,39,A1,,0,0,0.14,6.6,53.6,64.6,7.69,56.2,68.7,0,15,52.1,73.9,0,65,35.2,64.7,5,3,5,6,0.14,1,12,3,3,0.15,1,4,2,2,0.04,1,8,5,5,0.26,5,,,,,,,,,,,,,,,,,,,,,,,,,,,,,,,,,,,,,,,,,,,,,,,,,,,3711,江本 真治,74期,山口,山口,52,A2,,1,0,0.15,5.91,39.4,64.0,0.0,0.0,0.0,0,59,36.3,54.5,0,59,33.3,53.3,8,,,,,,10,6,6,0.08,2,5,1,1,0.19,3,9,3,3,0.14,4,,,,,,,,,,,,,,,,,,,,,,,,,,,,,,,,,,,,,,,,,,,,,,,,,,,3834,細川 明人,78期,岡山,岡山,51,B1,,0,0,0.19,4.18,26.4,36.7,4.67,33.3,46.6,0,24,28.5,47.6,0,57,12.5,31.2,1,1,4,4,0.08,3,,,,,,2,5,5,0.2,3,9,2,2,0.16,3,,,,,,,,,,,,,,,,,,,,,,,,,,,,,,,,,,,,,,,,,,,,,,,,,,,4973,栗原 直也,120期,埼玉,埼玉,34,B1,,1,0,0.17,5.18,32.4,49.3,5.0,30.8,48.1,0,52,53.3,66.6,0,37,72.2,77.7,7,,,,,,7,2,2,0.19,2,1,1,1,0.08,3,10,3,3,0.16,6,,,,,,,,,,,,,,,,,,,,,,,,,,,,,,,,,,,,,,,,,,,,,,,,,,,5038,金田 智博,122期,福井,石川,28,A2,,0,0,0.16,6.57,52.4,63.1,6.25,37.5,62.5,0,4,47.8,56.5,0,12,21.0,31.5,4,2,2,2,0.14,3,9,6,6,0.21,3,,,,,,11,1,1,0.11,1,,,,,,,,,,,,,,,,,,,,,,,,,,,,,,,,,,,,,,,,,,,,,,,,,,,4351,里岡 右貴,96期,福岡,福岡,40,A1,,1,0,0.13,6.89,52.1,73.5,6.4,37.2,69.7,0,57,45.4,63.6,0,58,42.8,71.4,6,6,4,5,0.19,4,12,2,2,0.11,2,5,3,4,0.14,1,12,1,1,0.15,2,,,,,,,,,,,,,,,,,,,,,,,,,,,,,,,,,,,,,,,,,,,,,,,,,,
202609130501,2026-09-13,05,01R,4035,杉江 浩明,85期,愛知,愛知,47,B1,,0,0,0.21,3.59,21.0,32.0,3.29,19.3,22.5,0,38,22.2,32.1,0,44,25.9,48.1,8,,,,,,11,2,2,0.11,6,5,3,3,0.13,6,,,,,,3,5,5,0.13,6,7,4,4,0.14,6,1,6,6,0.12,3,,,,,,,,,,,,,,,,,,,,,,,,,,,,,,,,,,,,2538,高橋 二朗,32期,東京,千葉,77,B1,,0,0,0.21,3.27,5.5,17.7,3.76,12.8,25.7,0,16,23.7,36.0,0,23,30.2,45.8,6,1,1,1,0.26,6,,,,,,2,6,6,0.21,5,9,4,4,0.24,5,6,3,3,0.27,4,,,,,,,,,,,8,4,5,0.17,転,,,,,,,,,,,,,,,,,,,,,,,,,,,,,,,3848,川上 聡介,78期,愛知,愛知,49,B1,,0,0,0.15,4.46,25.6,39.0,4.91,40.0,48.5,0,25,28.4,43.1,0,42,35.6,56.3,7,4,1,1,0.26,6,,,,,,,,,,,8,4,4,0.1,4,6,6,6,0.18,3,11,3,3,0.23,6,2,6,5,0.54,5,7,2,2,0.13,4,,,,,,,,,,,,,,,,,,,,,,,,,,,,,,,3641,一瀬 明,72期,東京,神奈川,55,A1,,0,0,0.17,6.03,41.8,60.6,6.28,40.7,64.4,0,20,35.0,55.6,0,43,25.6,54.8,10,4,2,2,0.44,5,11,4,4,0.07,2,1,5,5,0.18,5,11,1,1,0.2,1,1,3,3,0.17,2,6,5,5,0.19,2,6,3,3,0.16,2,11,4,4,0.16,4,,,,,,,,,,,,,,,,,,,,,,,,,,,,,,,4146,柳橋 宏紀,89期,滋賀,京都,44,A2,,0,0,0.14,4.94,27.9,44.0,4.5,12.5,50.0,0,56,34.3,44.7,0,34,21.4,40.4,7,,,,,,8,3,3,0.16,4,4,5,5,0.15,5,9,1,1,0.12,1,3,2,2,0.15,3,11,6,6,0.2,5,,,,,,9,3,3,0.19,6,,,,,,,,,,,,,,,,,,,,,,,,,,,,,,,3507,藤井 徹,67期,大阪,大阪,55,B1,賞除,0,0,0.2,4.3,24.6,38.3,4.1,20.0,30.0,0,13,28.8,46.3,0,33,33.0,55.0,,4,4,4,0.16,1,,,,,,4,3,3,0.11,4,11,2,2,0.16,5,,,,,,12,5,5,0.21,6,4,1,1,0.15,5,,,,,,,,,,,,,,,,,,,,,,,,,,,,,,,,,,,
202609130502,2026-09-13,05,02R,4645,上村 純一,108期,群馬,千葉,46,A1,,0,0,0.14,6.56,45.1,68.1,7.03,50.0,68.4,0,26,28.2,43.5,0,81,27.0,41.6,11,4,3,3,0.27,3,12,6,6,0.19,6,5,5,5,0.11,3,9,2,2,0.13,3,5,4,4,0.06,3,11,1,1,0.15,1,4,4,4,0.1,2,10,3,3,0.13,6,,,,,,,,,,,,,,,,,,,,,,,,,,,,,,,4031,飯島 誠,85期,埼玉,埼玉,48,B1,,0,0,0.17,4.85,28.0,46.0,3.76,14.2,26.5,0,31,38.5,52.0,0,56,37.3,48.4,6,5,1,1,0.22,2,,,,,,6,5,5,0.08,4,11,6,6,0.14,6,2,2,2,0.17,4,8,4,4,0.12,5,4,3,3,0.18,6,,,,,,,,,,,,,,,,,,,,,,,,,,,,,,,,,,,,3934,鋤柄 貴俊,81期,愛知,愛知,49,B1,,0,0,0.17,5.03,23.7,48.3,3.94,17.6,29.4,0,64,32.5,48.8,0,68,28.0,48.3,11,1,5,6,0.12,4,8,5,4,0.12,2,1,2,2,0.12,2,10,6,5,0.13,5,3,1,1,0.19,1,,,,,,5,2,2,0.18,1,12,5,5,0.09,5,,,,,,,,,,,,,,,,,,,,,,,,,,,,,,,4420,津久井 拓也,99期,群馬,栃木,38,A2,,0,0,0.16,5.77,39.5,53.7,5.09,28.5,48.5,0,30,30.2,48.6,0,54,28.8,47.7,9,1,6,5,0.16,3,10,4,4,0.21,2,,,,,,8,1,1,0.14,1,3,6,6,0.13,5,9,2,2,0.11,6,,,,,,8,3,3,0.14,2,,,,,,,,,,,,,,,,,,,,,,,,,,,,,,,4465,大西 賢,101期,東京,茨城,40,B1,,0,0,0.2,4.71,21.5,41.5,3.78,12.2,26.8,0,51,35.6,58.4,0,71,25.0,39.2,8,,,,,,7,4,3,0.08,4,1,1,1,0.08,1,9,3,3,0.17,4,2,6,6,0.2,6,,,,,,5,5,5,0.22,4,9,2,2,0.21,5,,,,,,,,,,,,,,,,,,,,,,,,,,,,,,,5449,堀井 涼平,138期,東京,長野,23,B2,,1,0,0.0,1.45,5.2,5.2,1.0,0.0,0.0,0,45,37.0,56.0,0,63,23.8,35.7,7,,,,,,8,6,6,0.1,6,3,6,6,0.29,6,7,6,6,0.02,6,,,,,,8,6,6,0.16,6,,,,,,8,6,6,0.19,5,,,,,,,,,,,,,,,,,,,,,,,,,,,,,,
202609130503,2026-09-13,05,03R,4376,藤田 靖弘,98期,静岡,静岡,42,A2,,0,0,0.15,5.66,41.1,54.6,6.3,43.4,60.8,0,29,22.7,40.9,0,26,48.0,63.0,10,3,6,5,0.19,3,11,6,6,0.11,3,,,,,,7,1,1,0.07,1,6,4,4,0.16,6,10,2,2,0.16,2,1,2,2,0.16,2,11,5,5,0.14,6,,,,,,,,,,,,,,,,,,,,,,,,,,,,,,,4619,伏田 裕隆,107期,東京,千葉,43,B1,,0,0,0.17,5.64,41.9,53.3,5.1,37.9,51.7,0,63,38.6,45.2,0,58,21.9,39.7,10,2,1,1,0.14,3,11,3,3,0.07,4,4,6,6,0.09,1,,,,,,,,,,,9,6,3,0.06,4,3,6,1,0.07,1,10,6,6,0.1,5,,,,,,,,,,,,,,,,,,,,,,,,,,,,,,,4491,田中 堅,102期,群馬,群馬,39,B1,,0,0,0.2,4.32,24.4,40.4,5.0,28.5,48.5,0,15,18.4,35.5,0,41,22.8,33.7,9,,,,,,7,2,2,0.17,1,2,5,5,0.26,4,7,4,4,0.09,5,,,,,,10,3,3,0.2,3,2,1,1,0.27,2,7,4,4,0.38,5,,,,,,,,,,,,,,,,,,,,,,,,,,,,,,,4210,松村 康太,91期,福井,福井,43,A2,,0,0,0.17,5.3,27.5,50.4,5.11,26.3,47.3,0,57,48.3,69.2,0,77,39.3,56.5,11,,,,,,9,2,2,0.07,5,5,1,1,0.09,1,11,5,5,0.14,3,1,4,4,0.15,3,9,5,6,0.11,3,4,2,2,0.14,1,10,5,5,0.14,4,,,,,,,,,,,,,,,,,,,,,,,,,,,,,,,3519,冨田 秀幸,68期,愛知,愛知,58,B1,,1,0,0.16,3.91,16.2,29.7,3.98,20.0,35.0,0,60,26.6,42.2,0,50,36.4,52.0,8,,,,,,9,4,4,0.04,4,1,6,6,0.19,6,7,3,3,0.05,4,5,1,1,0.08,5,,,,,,4,5,5,0.17,4,8,2,2,0.15,3,,,,,,,,,,,,,,,,,,,,,,,,,,,,,,,3647,伊藤 雄二,72期,埼玉,埼玉,53,B1,,0,0,0.18,3.33,10.5,23.1,3.81,16.1,25.8,0,47,29.0,46.5,0,49,35.1,54.2,7,,,,,,8,2,2,0.07,3,1,3,3,0.09,4,,,,,,5,5,5,0.03,4,10,4,4,0.16,4,1,4,4,0.06,4,9,1,1,0.2,2,,,,,,,,,,,,,,,,,,,,,,,,,,,,,,
202609130504,2026-09-13,05,04R,5262,鈴木 章司,131期,愛知,愛知,28,B1,,1,0,0.19,4.03,17.4,31.7,3.76,8.0,28.0,0,49,42.5,61.1,0,80,34.8,46.0,9,3,1,1,0.23,1,7,5,4,0.14,5,6,6,6,0.18,5,,,,,,5,2,2,0.07,2,,,,,,2,4,3,0.43,4,9,5,5,0.26,3,,,,,,,,,,,,,,,,,,,,,,,,,,,,,,,4281,大澤 大夢,94期,埼玉,埼玉,42,B1,,0,0,0.17,5.27,30.2,51.0,4.75,25.0,46.1,0,48,21.0,42.1,0,66,53.5,68.6,8,3,4,4,0.15,4,9,6,6,0.05,6,,,,,,8,5,5,0.07,6,2,1,1,0.15,3,6,2,2,0.17,5,,,,,,7,3,3,0.16,2,,,,,,,,,,,,,,,,,,,,,,,,,,,,,,,4430,永田 秀二,100期,東京,東京,40,A2,,0,0,0.17,5.85,37.5,60.7,5.73,39.2,58.9,0,23,32.4,49.3,0,35,30.3,51.6,9,3,3,3,0.15,5,8,1,1,0.11,1,,,,,,11,4,4,0.16,4,7,5,5,0.13,3,11,2,2,0.13,3,6,1,1,0.13,1,,,,,,,,,,,,,,,,,,,,,,,,,,,,,,,,,,,,3489,大場 敏,67期,静岡,静岡,59,A2,,0,0,0.16,6.02,45.0,58.0,5.55,28.5,50.0,0,65,35.1,50.5,0,84,24.7,41.1,10,4,6,6,0.11,4,10,2,2,0.12,4,3,5,5,0.11,5,,,,,,6,1,1,0.14,1,12,3,3,0.11,2,5,1,1,0.16,3,12,6,6,0.12,4,,,,,,,,,,,,,,,,,,,,,,,,,,,,,,,3772,一柳 和孝,76期,埼玉,埼玉,52,B1,,0,0,0.16,4.86,22.7,46.8,5.17,30.4,45.6,0,66,35.5,51.1,0,65,19.4,28.3,8,2,2,2,0.22,4,10,6,6,0.16,5,,,,,,7,5,5,0.02,3,1,1,1,0.13,4,11,4,4,0.18,2,3,2,3,0.12,4,,,,,,,,,,,,,,,,,,,,,,,,,,,,,,,,,,,,3792,田中 豪,77期,東京,東京,53,A1,,0,0,0.16,6.07,41.9,64.2,6.17,43.9,69.5,0,70,32.5,47.6,0,82,29.9,43.3,11,5,2,2,0.25,3,12,1,1,0.13,2,3,4,4,0.17,2,8,3,3,0.12,2,4,2,2,0.16,2,11,5,5,0.19,4,4,6,6,0.17,3,11,2,2,0.2,3,,,,,,,,,,,,,,,,,,,,,,,,,,,,,,
202609130505,2026-09-13,05,05R,5103,芝田 京介,125期,埼玉,埼玉,28,B2,,0,0,0.2,4.04,26.0,32.0,2.65,5.0,25.0,0,34,30.8,47.8,0,28,26.5,40.9,,1,2,2,0.34,5,,,,,,,,,,,9,5,5,0.19,6,3,3,3,0.17,4,7,6,6,0.22,5,2,3,2,0.39,6,8,5,4,0.16,4,,,,,,,,,,,,,,,,,,,,,,,,,,,,,,,4656,大崎 翔,108期,兵庫,兵庫,39,A2,,0,0,0.16,4.84,31.1,46.2,5.34,34.2,51.4,0,22,21.4,38.1,0,22,30.8,45.5,10,1,4,4,0.13,1,7,1,1,0.13,2,,,,,,12,2,2,0.13,1,4,5,5,0.09,3,10,6,6,0.17,6,3,4,5,0.15,6,12,2,2,0.14,6,,,,,,,,,,,,,,,,,,,,,,,,,,,,,,,4565,西村 豪洋,105期,愛知,愛知,38,B1,,0,0,0.18,4.04,14.5,32.2,6.17,38.8,66.6,0,73,23.2,39.5,0,72,37.8,55.7,9,2,5,4,0.13,6,,,,,,6,2,2,0.12,2,,,,,,4,3,3,0.07,1,8,5,5,0.06,4,1,1,1,0.02,1,6,4,4,0.18,5,,,,,,,,,,,,,,,,,,,,,,,,,,,,,,,3977,山本 兼士,83期,大阪,大阪,49,B1,,0,0,0.18,4.3,15.6,37.5,4.75,25.0,44.4,0,24,21.6,36.1,0,39,25.9,61.0,,5,4,4,0.26,5,,,,,,2,1,1,0.17,6,,,,,,1,6,6,0.21,5,7,3,3,0.11,4,3,1,2,0.07,3,7,5,5,0.28,6,,,,,,,,,,,,,,,,,,,,,,,,,,,,,,,5433,米本 圭佑,137期,東京,東京,21,B2,,0,0,0.24,2.16,2.9,7.4,1.17,0.0,0.0,0,21,37.2,54.6,0,25,34.4,55.5,,6,4,4,0.28,6,,,,,,,,,,,8,6,6,0.04,5,4,6,6,0.1,5,9,4,5,0.12,5,5,6,6,0.17,6,9,4,4,0.23,4,,,,,,,,,,,,,,,,,,,,,,,,,,,,,,,4470,平田 健之佑,101期,三重,三重,39,A2,,0,0,0.15,6.46,50.0,65.8,6.87,56.6,69.8,0,53,32.5,51.6,0,79,39.3,52.1,9,6,1,1,0.16,1,11,5,5,0.09,5,5,6,6,0.09,4,10,3,3,0.18,4,,,,,,8,2,2,0.02,2,,,,,,8,1,1,0.11,1,,,,,,,,,,,,,,,,,,,,,,,,,,,,,,
202609130506,2026-09-13,05,06R,3713,伊藤 誠二,74期,愛知,愛知,51,A1,,1,0,0.15,5.02,35.1,45.7,5.74,37.1,57.1,0,59,25.9,37.0,0,59,33.3,47.4,,5,3,3,0.22,6,10,5,5,0.15,6,4,4,4,0.17,3,8,2,2,0.11,3,2,5,5,0.16,5,10,1,1,0.19,1,5,4,4,0.2,5,,,,,,,,,,,,,,,,,,,,,,,,,,,,,,,,,,,,3813,佐藤 大介,77期,愛知,愛知,50,A1,,0,0,0.16,6.55,44.9,70.4,6.53,52.9,70.5,0,40,31.7,48.7,0,70,25.8,47.0,11,6,2,2,0.29,5,12,5,5,0.19,5,2,4,4,0.25,3,11,3,3,0.16,2,4,4,4,0.09,4,12,1,1,0.16,1,7,1,1,0.09,1,11,6,6,0.17,5,,,,,,,,,,,,,,,,,,,,,,,,,,,,,,,3990,芹澤 克彦,83期,静岡,静岡,47,B1,,1,0,0.14,5.07,28.2,46.4,3.38,12.5,12.5,0,58,34.5,54.3,0,73,26.5,48.1,,1,3,3,0.22,2,6,6,6,0.32,4,5,4,4,0.09,5,,,,,,4,1,1,0.21,6,,,,,,1,5,5,0.12,5,6,2,2,0.13,6,,,,,,,,,,,,,,,,,,,,,,,,,,,,,,,2538,高橋 二朗,32期,東京,千葉,77,B1,,0,0,0.21,3.27,5.5,17.7,3.76,12.8,25.7,0,16,23.7,36.0,0,23,30.2,45.8,1,1,1,1,0.26,6,,,,,,2,6,6,0.21,5,9,4,4,0.24,5,6,3,3,0.27,4,,,,,,,,,,,8,4,5,0.17,転,,,,,,,,,,,,,,,,,,,,,,,,,,,,,,,4031,飯島 誠,85期,埼玉,埼玉,48,B1,,0,0,0.17,4.85,28.0,46.0,3.76,14.2,26.5,0,31,38.5,52.0,0,56,37.3,48.4,2,5,1,1,0.22,2,,,,,,6,5,5,0.08,4,11,6,6,0.14,6,2,2,2,0.17,4,8,4,4,0.12,5,4,3,3,0.18,6,,,,,,,,,,,,,,,,,,,,,,,,,,,,,,,,,,,,3740,大澤 普司,75期,群馬,群馬,52,A1,,0,0,0.18,6.08,40.4,61.1,5.04,21.7,47.8,0,43,31.9,48.9,0,83,34.0,54.0,10,2,6,6,0.16,5,12,4,4,0.19,4,7,2,2,0.09,2,12,1,1,0.14,3,2,3,3,0.08,1,9,3,4,0.08,2,3,3,4,0.15,2,12,3,3,0.1,3,,,,,,,,,,,,,,,,,,,,,,,,,,,,,,
202609130507,2026-09-13,05,07R,3463,乙津 康志,66期,東京,東京,59,B1,,0,0,0.19,4.54,24.4,46.6,4.79,23.0,42.3,0,39,32.9,47.2,0,57,26.5,34.1,,3,2,2,0.23,6,10,3,3,0.16,3,4,1,1,0.1,6,,,,,,1,5,5,0.14,6,5,6,6,0.1,6,1,3,3,0.11,6,,,,,,,,,,,,,,,,,,,,,,,,,,,,,,,,,,,,4146,柳橋 宏紀,89期,滋賀,京都,44,A2,,0,0,0.14,4.94,27.9,44.0,4.5,12.5,50.0,0,56,34.3,44.7,0,34,21.4,40.4,1,,,,,,8,3,3,0.16,4,4,5,5,0.15,5,9,1,1,0.12,1,3,2,2,0.15,3,11,6,6,0.2,5,,,,,,9,3,3,0.19,6,,,,,,,,,,,,,,,,,,,,,,,,,,,,,,,3647,伊藤 雄二,72期,埼玉,埼玉,53,B1,,0,0,0.18,3.33,10.5,23.1,3.81,16.1,25.8,0,47,29.0,46.5,0,49,35.1,54.2,3,,,,,,8,2,2,0.07,3,1,3,3,0.09,4,,,,,,5,5,5,0.03,4,10,4,4,0.16,4,1,4,4,0.06,4,9,1,1,0.2,2,,,,,,,,,,,,,,,,,,,,,,,,,,,,,,,3848,川上 聡介,78期,愛知,愛知,49,B1,,0,0,0.15,4.46,25.6,39.0,4.91,40.0,48.5,0,25,28.4,43.1,0,42,35.6,56.3,1,4,1,1,0.26,6,,,,,,,,,,,8,4,4,0.1,4,6,6,6,0.18,3,11,3,3,0.23,6,2,6,5,0.54,5,7,2,2,0.13,4,,,,,,,,,,,,,,,,,,,,,,,,,,,,,,,5042,畑田 汰一,122期,埼玉,東京,27,A1,,2,0,0.12,6.61,53.1,68.0,5.07,22.2,48.1,0,11,34.0,47.4,0,31,30.6,50.0,11,7,6,5,0.23,6,12,2,2,0.17,1,1,4,4,0.21,3,6,1,1,0.12,1,8,3,3,0.07,3,12,6,6,0.19,4,5,3,3,0.18,2,10,4,4,0.16,3,,,,,,,,,,,,,,,,,,,,,,,,,,,,,,,5449,堀井 涼平,138期,東京,長野,23,B2,,1,0,0.0,1.45,5.2,5.2,1.0,0.0,0.0,0,45,37.0,56.0,0,63,23.8,35.7,2,,,,,,8,6,6,0.1,6,3,6,6,0.29,6,7,6,6,0.02,6,,,,,,8,6,6,0.16,6,,,,,,8,6,6,0.19,5,,,,,,,,,,,,,,,,,,,,,,,,,,,,,,
202609130508,2026-09-13,05,08R,3772,一柳 和孝,76期,埼玉,埼玉,52,B1,,0,0,0.16,4.86,22.7,46.8,5.17,30.4,45.6,0,66,35.5,51.1,0,65,19.4,28.3,4,2,2,2,0.22,4,10,6,6,0.16,5,,,,,,7,5,5,0.02,3,1,1,1,0.13,4,11,4,4,0.18,2,3,2,3,0.12,4,,,,,,,,,,,,,,,,,,,,,,,,,,,,,,,,,,,,4465,大西 賢,101期,東京,茨城,40,B1,,0,0,0.2,4.71,21.5,41.5,3.78,12.2,26.8,0,51,35.6,58.4,0,71,25.0,39.2,2,,,,,,7,4,3,0.08,4,1,1,1,0.08,1,9,3,3,0.17,4,2,6,6,0.2,6,,,,,,5,5,5,0.22,4,9,2,2,0.21,5,,,,,,,,,,,,,,,,,,,,,,,,,,,,,,,3519,冨田 秀幸,68期,愛知,愛知,58,B1,,1,0,0.16,3.91,16.2,29.7,3.98,20.0,35.0,0,60,26.6,42.2,0,50,36.4,52.0,3,,,,,,9,4,4,0.04,4,1,6,6,0.19,6,7,3,3,0.05,4,5,1,1,0.08,5,,,,,,4,5,5,0.17,4,8,2,2,0.15,3,,,,,,,,,,,,,,,,,,,,,,,,,,,,,,,4035,杉江 浩明,85期,愛知,愛知,47,B1,,0,0,0.21,3.59,21.0,32.0,3.29,19.3,22.5,0,38,22.2,32.1,0,44,25.9,48.1,1,,,,,,11,2,2,0.11,6,5,3,3,0.13,6,,,,,,3,5,5,0.13,6,7,4,4,0.14,6,1,6,6,0.12,3,,,,,,,,,,,,,,,,,,,,,,,,,,,,,,,,,,,,4281,大澤 大夢,94期,埼玉,埼玉,42,B1,,0,0,0.17,5.27,30.2,51.0,4.75,25.0,46.1,0,48,21.0,42.1,0,66,53.5,68.6,4,3,4,4,0.15,4,9,6,6,0.05,6,,,,,,8,5,5,0.07,6,2,1,1,0.15,3,6,2,2,0.17,5,,,,,,7,3,3,0.16,2,,,,,,,,,,,,,,,,,,,,,,,,,,,,,,,3965,北中 元樹,82期,滋賀,滋賀,47,A1,賞除,1,0,0.17,5.82,40.3,55.2,6.23,50.0,65.3,0,19,33.7,46.9,0,29,43.6,62.7,,6,5,5,0.22,2,10,1,1,0.07,1,6,3,3,0.11,6,12,6,6,0.01,F,2,4,4,0.15,2,7,2,2,0.16,2,,,,,,9,6,6,0.19,1,,,,,,,,,,,,,,,,,,,,,,,,,,,,,,
202609130509,2026-09-13,05,09R,4470,平田 健之佑,101期,三重,三重,39,A2,,0,0,0.15,6.46,50.0,65.8,6.87,56.6,69.8,0,53,32.5,51.6,0,79,39.3,52.1,5,6,1,1,0.16,1,11,5,5,0.09,5,5,6,6,0.09,4,10,3,3,0.18,4,,,,,,8,2,2,0.02,2,,,,,,8,1,1,0.11,1,,,,,,,,,,,,,,,,,,,,,,,,,,,,,,,4430,永田 秀二,100期,東京,東京,40,A2,,0,0,0.17,5.85,37.5,60.7,5.73,39.2,58.9,0,23,32.4,49.3,0,35,30.3,51.6,4,3,3,3,0.15,5,8,1,1,0.11,1,,,,,,11,4,4,0.16,4,7,5,5,0.13,3,11,2,2,0.13,3,6,1,1,0.13,1,,,,,,,,,,,,,,,,,,,,,,,,,,,,,,,,,,,,4420,津久井 拓也,99期,群馬,栃木,38,A2,,0,0,0.16,5.77,39.5,53.7,5.09,28.5,48.5,0,30,30.2,48.6,0,54,28.8,47.7,2,1,6,5,0.16,3,10,4,4,0.21,2,,,,,,8,1,1,0.14,1,3,6,6,0.13,5,9,2,2,0.11,6,,,,,,8,3,3,0.14,2,,,,,,,,,,,,,,,,,,,,,,,,,,,,,,,4565,西村 豪洋,105期,愛知,愛知,38,B1,,0,0,0.18,4.04,14.5,32.2,6.17,38.8,66.6,0,73,23.2,39.5,0,72,37.8,55.7,5,2,5,4,0.13,6,,,,,,6,2,2,0.12,2,,,,,,4,3,3,0.07,1,8,5,5,0.06,4,1,1,1,0.02,1,6,4,4,0.18,5,,,,,,,,,,,,,,,,,,,,,,,,,,,,,,,4491,田中 堅,102期,群馬,群馬,39,B1,,0,0,0.2,4.32,24.4,40.4,5.0,28.5,48.5,0,15,18.4,35.5,0,41,22.8,33.7,3,,,,,,7,2,2,0.17,1,2,5,5,0.26,4,7,4,4,0.09,5,,,,,,10,3,3,0.2,3,2,1,1,0.27,2,7,4,4,0.38,5,,,,,,,,,,,,,,,,,,,,,,,,,,,,,,,5262,鈴木 章司,131期,愛知,愛知,28,B1,,1,0,0.19,4.03,17.4,31.7,3.76,8.0,28.0,0,49,42.5,61.1,0,80,34.8,46.0,4,3,1,1,0.23,1,7,5,4,0.14,5,6,6,6,0.18,5,,,,,,5,2,2,0.07,2,,,,,,2,4,3,0.43,4,9,5,5,0.26,3,,,,,,,,,,,,,,,,,,,,,,,,,,,,,,
202609130510,2026-09-13,05,10R,3740,大澤 普司,75期,群馬,群馬,52,A1,,0,0,0.18,6.08,40.4,61.1,5.04,21.7,47.8,0,43,31.9,48.9,0,83,34.0,54.0,6,2,6,6,0.16,5,12,4,4,0.19,4,7,2,2,0.09,2,12,1,1,0.14,3,2,3,3,0.08,1,9,3,4,0.08,2,3,3,4,0.15,2,12,3,3,0.1,3,,,,,,,,,,,,,,,,,,,,,,,,,,,,,,,3641,一瀬 明,72期,東京,神奈川,55,A1,,0,0,0.17,6.03,41.8,60.6,6.28,40.7,64.4,0,20,35.0,55.6,0,43,25.6,54.8,1,4,2,2,0.44,5,11,4,4,0.07,2,1,5,5,0.18,5,11,1,1,0.2,1,1,3,3,0.17,2,6,5,5,0.19,2,6,3,3,0.16,2,11,4,4,0.16,4,,,,,,,,,,,,,,,,,,,,,,,,,,,,,,,3489,大場 敏,67期,静岡,静岡,59,A2,,0,0,0.16,6.02,45.0,58.0,5.55,28.5,50.0,0,65,35.1,50.5,0,84,24.7,41.1,4,4,6,6,0.11,4,10,2,2,0.12,4,3,5,5,0.11,5,,,,,,6,1,1,0.14,1,12,3,3,0.11,2,5,1,1,0.16,3,12,6,6,0.12,4,,,,,,,,,,,,,,,,,,,,,,,,,,,,,,,4619,伏田 裕隆,107期,東京,千葉,43,B1,,0,0,0.17,5.64,41.9,53.3,5.1,37.9,51.7,0,63,38.6,45.2,0,58,21.9,39.7,3,2,1,1,0.14,3,11,3,3,0.07,4,4,6,6,0.09,1,,,,,,,,,,,9,6,3,0.06,4,3,6,1,0.07,1,10,6,6,0.1,5,,,,,,,,,,,,,,,,,,,,,,,,,,,,,,,4656,大崎 翔,108期,兵庫,兵庫,39,A2,,0,0,0.16,4.84,31.1,46.2,5.34,34.2,51.4,0,22,21.4,38.1,0,22,30.8,45.5,5,1,4,4,0.13,1,7,1,1,0.13,2,,,,,,12,2,2,0.13,1,4,5,5,0.09,3,10,6,6,0.17,6,3,4,5,0.15,6,12,2,2,0.14,6,,,,,,,,,,,,,,,,,,,,,,,,,,,,,,,4376,藤田 靖弘,98期,静岡,静岡,42,A2,,0,0,0.15,5.66,41.1,54.6,6.3,43.4,60.8,0,29,22.7,40.9,0,26,48.0,63.0,3,3,6,5,0.19,3,11,6,6,0.11,3,,,,,,7,1,1,0.07,1,6,4,4,0.16,6,10,2,2,0.16,2,1,2,2,0.16,2,11,5,5,0.14,6,,,,,,,,,,,,,,,,,,,,,,,,,,,,,,
202609130511,2026-09-13,05,11R,3792,田中 豪,77期,東京,東京,53,A1,,0,0,0.16,6.07,41.9,64.2,6.17,43.9,69.5,0,70,32.5,47.6,0,82,29.9,43.3,4,5,2,2,0.25,3,12,1,1,0.13,2,3,4,4,0.17,2,8,3,3,0.12,2,4,2,2,0.16,2,11,5,5,0.19,4,4,6,6,0.17,3,11,2,2,0.2,3,,,,,,,,,,,,,,,,,,,,,,,,,,,,,,,5042,畑田 汰一,122期,埼玉,東京,27,A1,,2,0,0.12,6.61,53.1,68.0,5.07,22.2,48.1,0,11,34.0,47.4,0,31,30.6,50.0,7,7,6,5,0.23,6,12,2,2,0.17,1,1,4,4,0.21,3,6,1,1,0.12,1,8,3,3,0.07,3,12,6,6,0.19,4,5,3,3,0.18,2,10,4,4,0.16,3,,,,,,,,,,,,,,,,,,,,,,,,,,,,,,,4210,松村 康太,91期,福井,福井,43,A2,,0,0,0.17,5.3,27.5,50.4,5.11,26.3,47.3,0,57,48.3,69.2,0,77,39.3,56.5,3,,,,,,9,2,2,0.07,5,5,1,1,0.09,1,11,5,5,0.14,3,1,4,4,0.15,3,9,5,6,0.11,3,4,2,2,0.14,1,10,5,5,0.14,4,,,,,,,,,,,,,,,,,,,,,,,,,,,,,,,3934,鋤柄 貴俊,81期,愛知,愛知,49,B1,,0,0,0.17,5.03,23.7,48.3,3.94,17.6,29.4,0,64,32.5,48.8,0,68,28.0,48.3,2,1,5,6,0.12,4,8,5,4,0.12,2,1,2,2,0.12,2,10,6,5,0.13,5,3,1,1,0.19,1,,,,,,5,2,2,0.18,1,12,5,5,0.09,5,,,,,,,,,,,,,,,,,,,,,,,,,,,,,,,3813,佐藤 大介,77期,愛知,愛知,50,A1,,0,0,0.16,6.55,44.9,70.4,6.53,52.9,70.5,0,40,31.7,48.7,0,70,25.8,47.0,6,6,2,2,0.29,5,12,5,5,0.19,5,2,4,4,0.25,3,11,3,3,0.16,2,4,4,4,0.09,4,12,1,1,0.16,1,7,1,1,0.09,1,11,6,6,0.17,5,,,,,,,,,,,,,,,,,,,,,,,,,,,,,,,4645,上村 純一,108期,群馬,千葉,46,A1,,0,0,0.14,6.56,45.1,68.1,7.03,50.0,68.4,0,26,28.2,43.5,0,81,27.0,41.6,2,4,3,3,0.27,3,12,6,6,0.19,6,5,5,5,0.11,3,9,2,2,0.13,3,5,4,4,0.06,3,11,1,1,0.15,1,4,4,4,0.1,2,10,3,3,0.13,6,,,,,,,,,,,,,,,,,,,,,,,,,,,,,,
202609130512,2026-09-13,05,12R,4140,梶野 学志,89期,東京,東京,45,A2,,1,0,0.15,6.08,46.7,61.2,5.79,43.9,60.9,0,68,30.0,46.6,0,48,30.9,41.6,,4,5,5,0.14,2,9,1,1,0.08,1,2,2,2,0.23,1,12,3,3,0.13,2,,,,,,12,4,4,0.19,3,7,6,6,0.25,3,12,1,1,0.1,1,,,,,,,,,,,,,,,,,,,,,,,,,,,,,,,3997,北村 征嗣,83期,大阪,大阪,47,A1,,0,0,0.16,6.02,38.2,60.1,6.1,28.5,66.6,0,62,29.4,47.3,0,24,30.6,42.8,,3,5,6,0.18,2,12,3,3,0.14,3,4,2,2,0.1,2,10,1,1,0.1,1,3,4,4,0.14,2,10,5,5,0.2,5,6,5,5,0.14,3,10,2,2,0.14,1,,,,,,,,,,,,,,,,,,,,,,,,,,,,,,,4587,木田 峰由季,105期,福井,石川,35,A1,,1,0,0.17,5.77,43.6,55.1,5.44,29.6,59.2,0,33,21.5,37.5,0,67,28.5,42.8,,5,5,5,0.26,1,11,1,1,0.08,1,6,4,4,0.11,3,10,5,6,0.12,6,5,3,3,0.08,1,12,2,2,0.14,5,2,5,4,0.44,3,11,3,3,0.18,1,,,,,,,,,,,,,,,,,,,,,,,,,,,,,,,4227,安達 裕樹,92期,三重,三重,43,A2,,1,0,0.16,5.82,32.2,50.0,5.33,28.2,54.3,0,52,32.9,51.2,0,47,38.1,47.4,,2,4,3,0.11,1,9,5,5,0.03,3,3,2,2,0.25,3,9,6,6,0.21,2,,,,,,7,1,1,0.16,1,3,5,6,0.08,5,11,1,1,0.13,2,,,,,,,,,,,,,,,,,,,,,,,,,,,,,,,3582,吉川 昭男,70期,滋賀,滋賀,53,A2,,0,0,0.17,6.25,47.5,59.2,6.67,58.9,71.7,0,50,37.3,59.8,0,52,40.4,57.5,,2,3,5,0.19,2,7,3,6,0.12,3,2,3,3,0.22,2,10,2,2,0.16,2,,,,,,9,1,1,0.1,1,2,2,6,0.24,1,10,1,1,0.12,2,,,,,,,,,,,,,,,,,,,,,,,,,,,,,,,3947,寺本 昇平,82期,群馬,神奈川,50,B1,,0,0,0.19,4.34,20.0,35.5,4.4,14.2,37.1,0,35,17.8,32.8,0,69,44.9,57.1,,,,,,,8,4,5,0.12,5,3,3,3,0.24,4,10,4,4,0.13,3,1,2,2,0.14,1,8,1,1,0.01,1,6,6,6,0.11,4,12,4,4,0.11,2,,,,,,,,,,,,,,,,,,,,,,,,,,,,,,
202609130601,2026-09-13,06,01R,3286,坂東 満,59期,静岡,静岡,58,B2,,0,0,0.17,3.44,19.3,26.3,5.67,35.9,56.4,0,52,36.4,57.0,0,22,36.4,51.8,7,5,3,3,0.16,5,,,,,,4,5,4,0.24,6,9,2,2,0.2,6,,,,,,,,,,,,,,,,,,,,,,,,,,,,,,,,,,,,,,,,,,,,,,,,,,,3906,飯山 晃三,80期,長崎,長崎,48,B1,,1,0,0.21,3.64,20.0,30.5,3.56,25.0,25.0,0,23,36.3,55.4,0,13,31.9,49.5,9,4,3,3,0.11,5,10,6,5,0.27,6,6,2,2,0.19,5,,,,,,,,,,,,,,,,,,,,,,,,,,,,,,,,,,,,,,,,,,,,,,,,,,,,,,,,3939,渡辺 真至,81期,愛知,愛知,48,B2,,1,0,0.14,5.07,31.9,45.8,6.03,40.6,68.7,0,54,32.6,48.9,0,57,33.4,46.0,5,2,4,4,0.11,2,,,,,,3,5,5,0.18,5,7,3,3,0.19,3,,,,,,,,,,,,,,,,,,,,,,,,,,,,,,,,,,,,,,,,,,,,,,,,,,,3777,樋口 亮,76期,長崎,長崎,51,A2,,2,0,0.17,5.1,31.0,46.0,7.18,58.8,76.4,0,32,36.4,52.5,0,23,33.6,50.0,8,3,3,3,0.21,4,11,6,5,0.26,5,,,,,,9,6,6,0.29,5,,,,,,,,,,,,,,,,,,,,,,,,,,,,,,,,,,,,,,,,,,,,,,,,,,,4811,向井田 佑紀,114期,広島,広島,37,B1,,0,0,0.16,5.02,28.1,49.5,4.73,20.4,47.7,0,45,43.1,58.8,0,71,34.7,52.9,10,2,3,3,0.02,6,9,5,5,0.1,5,2,4,4,0.12,6,,,,,,,,,,,,,,,,,,,,,,,,,,,,,,,,,,,,,,,,,,,,,,,,,,,,,,,,5463,出口 飛龍,138期,大阪,和歌山,19,B2,,0,0,0.0,1.2,0.0,0.0,0.0,0.0,0.0,0,63,44.6,62.1,0,41,31.9,52.3,6,,,,,,7,6,6,0.2,4,1,6,6,0.27,6,6,6,5,0.15,6,,,,,,,,,,,,,,,,,,,,,,,,,,,,,,,,,,,,,,,,,,,,,,,,,,
202609130602,2026-09-13,06,02R,4684,楠原 翔太,109期,福岡,福岡,35,B1,,0,0,0.17,5.42,33.6,51.8,3.61,16.6,22.2,0,22,42.9,62.6,0,25,36.9,53.2,9,6,6,6,0.07,4,,,,,,1,2,2,0.13,2,10,5,5,0.06,5,,,,,,,,,,,,,,,,,,,,,,,,,,,,,,,,,,,,,,,,,,,,,,,,,,,4269,杉山 裕也,93期,愛知,愛知,40,A2,,0,0,0.15,7.25,60.7,77.6,0.0,0.0,0.0,0,37,44.6,59.8,0,45,42.4,54.3,10,,,,,,7,4,5,0.15,2,6,3,3,0.12,1,12,6,6,0.12,5,,,,,,,,,,,,,,,,,,,,,,,,,,,,,,,,,,,,,,,,,,,,,,,,,,,3627,井上 恵一,72期,福岡,福岡,57,A2,,1,0,0.18,4.54,30.5,41.1,5.74,40.0,60.0,0,4,30.8,48.9,0,69,34.3,51.1,11,5,4,4,0.13,4,11,2,2,0.2,2,,,,,,9,1,1,0.27,2,,,,,,,,,,,,,,,,,,,,,,,,,,,,,,,,,,,,,,,,,,,,,,,,,,,5091,為本 智也,124期,福井,石川,25,B1,,0,0,0.17,6.05,45.4,63.6,6.13,43.7,68.7,0,11,39.8,57.2,0,70,31.1,51.6,8,3,2,2,0.11,2,10,5,6,0.24,3,5,1,1,0.15,1,12,5,5,0.11,4,,,,,,,,,,,,,,,,,,,,,,,,,,,,,,,,,,,,,,,,,,,,,,,,,,,5369,岡崎 凪汰,135期,長崎,大分,24,B1,,0,0,0.17,3.24,14.4,20.4,0.0,0.0,0.0,0,62,43.4,54.5,0,19,34.2,51.6,6,1,3,3,0.23,4,7,5,4,0.12,5,5,6,2,0.18,6,,,,,,,,,,,,,,,,,,,,,,,,,,,,,,,,,,,,,,,,,,,,,,,,,,,,,,,,4358,松本 庸平,97期,三重,三重,42,B1,,0,0,0.22,4.26,25.8,39.3,4.16,18.7,43.7,0,53,31.0,42.0,0,56,36.2,51.3,12,4,5,5,0.09,2,9,3,3,0.21,2,6,1,1,0.17,2,,,,,,,,,,,,,,,,,,,,,,,,,,,,,,,,,,,,,,,,,,,,,,,,,,,,,,,
202609130603,2026-09-13,06,03R,4899,占部 一真,117期,福岡,福岡,34,B1,,0,0,0.16,4.29,26.8,35.3,5.0,37.5,43.7,0,65,21.6,40.5,0,72,34.0,51.3,11,1,2,2,0.18,5,9,4,4,0.05,1,4,4,6,0.25,5,,,,,,,,,,,,,,,,,,,,,,,,,,,,,,,,,,,,,,,,,,,,,,,,,,,,,,,,4345,西舘 健,96期,東京,神奈川,41,A2,,1,0,0.15,5.11,35.7,47.9,4.85,30.7,46.1,0,10,34.0,47.8,0,64,31.6,48.8,10,,,,,,7,1,1,0.15,6,5,4,3,0.14,5,10,4,4,0.09,6,,,,,,,,,,,,,,,,,,,,,,,,,,,,,,,,,,,,,,,,,,,,,,,,,,,4431,石塚 裕介,100期,三重,三重,40,B1,,0,0,0.18,4.68,29.8,41.5,6.16,47.3,63.1,0,15,27.5,47.5,0,50,33.9,52.0,8,2,1,1,0.03,1,,,,,,2,5,5,0.23,5,11,2,2,0.1,2,,,,,,,,,,,,,,,,,,,,,,,,,,,,,,,,,,,,,,,,,,,,,,,,,,,3516,吉原 聖人,68期,広島,広島,58,B1,,0,0,0.19,4.74,33.3,42.5,4.44,22.2,44.4,0,1,41.5,60.1,0,15,35.1,52.2,7,3,5,5,0.1,5,8,3,3,0.03,2,5,3,6,0.15,4,,,,,,,,,,,,,,,,,,,,,,,,,,,,,,,,,,,,,,,,,,,,,,,,,,,,,,,,3721,守田 俊介,74期,滋賀,京都,51,A1,,0,0,0.13,6.84,50.3,62.0,6.79,42.8,42.8,0,38,40.5,56.0,0,51,30.4,44.2,9,8,4,4,0.01,4,12,1,1,0.21,3,6,5,6,0.1,4,11,3,3,0.11,5,,,,,,,,,,,,,,,,,,,,,,,,,,,,,,,,,,,,,,,,,,,,,,,,,,,4336,松田 竜馬,96期,福岡,鹿児島,42,B1,,0,0,0.15,5.08,31.4,49.4,5.09,30.3,48.4,0,13,40.6,65.2,0,76,34.8,49.3,12,3,1,1,0.11,1,,,,,,3,4,4,0.15,3,9,5,5,0.21,4,,,,,,,,,,,,,,,,,,,,,,,,,,,,,,,,,,,,,,,,,,,,,,,,,,
202609130604,2026-09-13,06,04R,4798,浜先 真範,113期,広島,広島,33,A1,,0,0,0.13,6.64,46.2,66.1,6.24,47.6,66.6,0,5,45.0,68.4,0,60,31.2,46.6,11,7,3,3,0.08,1,12,5,5,0.09,1,3,6,6,0.12,4,10,2,2,0.04,2,,,,,,,,,,,,,,,,,,,,,,,,,,,,,,,,,,,,,,,,,,,,,,,,,,,4639,雑賀 勇貴,107期,大阪,大阪,35,B1,,0,0,0.16,4.14,22.5,33.3,4.0,23.5,38.2,0,49,31.8,46.9,0,46,32.2,48.4,,4,4,6,0.06,1,11,4,4,0.22,6,2,1,1,0.01,2,7,4,5,0.17,6,,,,,,,,,,,,,,,,,,,,,,,,,,,,,,,,,,,,,,,,,,,,,,,,,,,4666,日笠 勝弘,109期,大阪,大阪,42,B1,,0,0,0.16,4.02,19.7,33.3,4.77,30.7,42.3,0,14,32.9,55.6,0,33,32.8,53.6,9,1,4,4,0.16,2,,,,,,2,2,2,0.03,4,8,6,6,0.08,4,,,,,,,,,,,,,,,,,,,,,,,,,,,,,,,,,,,,,,,,,,,,,,,,,,,3796,長野 道臣,77期,静岡,静岡,53,B1,,0,0,0.17,4.15,23.9,33.3,5.11,34.2,46.6,0,51,27.3,44.3,0,62,38.1,53.5,8,4,6,4,0.02,3,,,,,,1,1,1,0.07,1,11,5,5,0.19,4,,,,,,,,,,,,,,,,,,,,,,,,,,,,,,,,,,,,,,,,,,,,,,,,,,,3392,小森 信雄,64期,三重,三重,61,B1,,0,0,0.21,4.39,18.7,40.6,4.54,26.9,42.3,0,7,36.1,49.0,0,63,36.0,55.4,10,1,6,6,0.2,6,11,3,3,0.22,4,3,2,2,0.19,6,,,,,,,,,,,,,,,,,,,,,,,,,,,,,,,,,,,,,,,,,,,,,,,,,,,,,,,,5353,草川 壮良,134期,滋賀,滋賀,22,B1,,1,0,0.17,3.31,13.4,23.0,0.0,0.0,0.0,0,26,41.3,60.3,0,18,35.0,52.0,,5,5,5,0.11,3,10,2,2,0.32,5,1,3,3,0.18,3,7,1,1,0.21,1,,,,,,,,,,,,,,,,,,,,,,,,,,,,,,,,,,,,,,,,,,,,,,,,,,
202609130605,2026-09-13,06,05R,4876,梅木 敬太,116期,福井,福井,32,B1,,0,0,0.17,4.96,30.1,48.1,0.0,0.0,0.0,0,41,28.5,44.0,0,21,40.3,55.1,,4,2,2,0.07,4,8,6,6,0.14,6,1,5,5,0.21,5,9,4,4,0.21,3,,,,,,,,,,,,,,,,,,,,,,,,,,,,,,,,,,,,,,,,,,,,,,,,,,,3939,渡辺 真至,81期,愛知,愛知,48,B2,,1,0,0.14,5.07,31.9,45.8,6.03,40.6,68.7,0,54,32.6,48.9,0,57,33.4,46.0,1,2,4,4,0.11,2,,,,,,3,5,5,0.18,5,7,3,3,0.19,3,,,,,,,,,,,,,,,,,,,,,,,,,,,,,,,,,,,,,,,,,,,,,,,,,,,5066,鈴木 孝明,123期,埼玉,埼玉,28,A1,,0,0,0.17,6.8,54.7,71.7,4.12,18.1,36.3,0,55,50.4,65.7,0,59,31.0,46.5,10,5,6,6,0.08,1,12,2,2,0.27,6,8,4,4,0.07,1,12,1,1,0.08,1,,,,,,,,,,,,,,,,,,,,,,,,,,,,,,,,,,,,,,,,,,,,,,,,,,,4434,田中 辰彦,100期,広島,広島,40,A2,,0,0,0.16,6.1,45.1,61.5,5.67,44.4,55.5,0,66,35.4,55.2,0,24,37.3,52.0,,6,3,3,0.1,2,11,5,6,0.23,3,7,2,2,0.19,4,11,1,1,0.14,1,,,,,,,,,,,,,,,,,,,,,,,,,,,,,,,,,,,,,,,,,,,,,,,,,,,4369,丹下 将,97期,愛知,愛知,40,A2,,0,0,0.16,5.64,38.4,56.4,5.9,44.8,55.1,0,16,32.3,48.5,0,17,35.4,54.3,12,3,4,4,0.15,3,9,2,2,0.16,6,2,3,3,0.04,1,10,1,1,0.02,1,,,,,,,,,,,,,,,,,,,,,,,,,,,,,,,,,,,,,,,,,,,,,,,,,,,3842,星野 太郎,78期,三重,三重,50,B1,,0,0,0.19,5.13,33.7,51.9,5.64,30.5,58.3,0,61,43.1,64.6,0,29,35.2,50.8,11,5,1,1,0.14,2,,,,,,4,6,5,0.31,3,10,3,3,0.07,4,,,,,,,,,,,,,,,,,,,,,,,,,,,,,,,,,,,,,,,,,,,,,,,,,,
202609130606,2026-09-13,06,06R,4022,待鳥 雄紀,84期,福岡,福岡,46,B1,,0,0,0.16,4.7,25.2,41.7,3.79,16.6,25.0,0,59,32.6,50.5,0,32,38.1,59.0,10,,,,,,8,2,2,0.04,5,4,3,3,0.19,2,8,5,5,0.09,2,,,,,,,,,,,,,,,,,,,,,,,,,,,,,,,,,,,,,,,,,,,,,,,,,,,4654,篠田 優也,108期,兵庫,兵庫,40,A1,,0,0,0.17,6.49,45.1,72.0,7.18,60.7,71.4,0,19,33.6,48.6,0,58,38.6,55.1,11,,,,,,11,1,1,0.18,1,2,6,6,0.11,3,12,4,4,0.12,6,,,,,,,,,,,,,,,,,,,,,,,,,,,,,,,,,,,,,,,,,,,,,,,,,,,4381,田路 朋史,98期,兵庫,兵庫,41,A2,,0,0,0.17,5.69,41.1,52.2,6.73,50.0,77.2,0,17,39.6,54.9,0,53,33.6,50.6,,2,5,5,0.05,3,8,1,1,0.08,1,6,4,4,0.12,3,10,6,6,0.09,3,,,,,,,,,,,,,,,,,,,,,,,,,,,,,,,,,,,,,,,,,,,,,,,,,,,5369,岡崎 凪汰,135期,長崎,大分,24,B1,,0,0,0.17,3.24,14.4,20.4,0.0,0.0,0.0,0,62,43.4,54.5,0,19,34.2,51.6,2,1,3,3,0.23,4,7,5,4,0.12,5,5,6,2,0.18,6,,,,,,,,,,,,,,,,,,,,,,,,,,,,,,,,,,,,,,,,,,,,,,,,,,,,,,,,5463,出口 飛龍,138期,大阪,和歌山,19,B2,,0,0,0.0,1.2,0.0,0.0,0.0,0.0,0.0,0,63,44.6,62.1,0,41,31.9,52.3,1,,,,,,7,6,6,0.2,4,1,6,6,0.27,6,6,6,5,0.15,6,,,,,,,,,,,,,,,,,,,,,,,,,,,,,,,,,,,,,,,,,,,,,,,,,,,4150,山田 雄太,89期,静岡,静岡,44,A2,,0,0,0.15,5.95,42.2,59.6,6.09,43.7,63.0,0,34,32.6,56.7,0,44,40.9,53.6,12,,,,,,9,1,1,0.13,3,3,3,3,0.16,1,11,4,4,0.18,3,,,,,,,,,,,,,,,,,,,,,,,,,,,,,,,,,,,,,,,,,,,,,,,,,,
202609130607,2026-09-13,06,07R,3516,吉原 聖人,68期,広島,広島,58,B1,,0,0,0.19,4.74,33.3,42.5,4.44,22.2,44.4,0,1,41.5,60.1,0,15,35.1,52.2,3,3,5,5,0.1,5,8,3,3,0.03,2,5,3,6,0.15,4,,,,,,,,,,,,,,,,,,,,,,,,,,,,,,,,,,,,,,,,,,,,,,,,,,,,,,,,4677,片橋 幸貴,109期,滋賀,京都,38,A1,,0,0,0.15,6.14,46.6,64.7,7.06,52.7,75.0,0,3,39.5,56.2,0,65,34.0,51.5,12,3,6,6,0.11,6,12,4,4,0.2,5,4,1,1,0.18,1,,,,,,,,,,,,,,,,,,,,,,,,,,,,,,,,,,,,,,,,,,,,,,,,,,,,,,,,3306,武田 正紀,60期,埼玉,東京,58,B1,,0,0,0.16,4.03,20.2,32.9,4.33,11.1,40.7,0,31,30.4,43.9,0,35,36.7,50.9,,1,5,5,0.21,3,6,1,1,0.15,6,1,4,4,0.23,4,8,2,2,0.34,6,,,,,,,,,,,,,,,,,,,,,,,,,,,,,,,,,,,,,,,,,,,,,,,,,,,3286,坂東 満,59期,静岡,静岡,58,B2,,0,0,0.17,3.44,19.3,26.3,5.67,35.9,56.4,0,52,36.4,57.0,0,22,36.4,51.8,1,5,3,3,0.16,5,,,,,,4,5,4,0.24,6,9,2,2,0.2,6,,,,,,,,,,,,,,,,,,,,,,,,,,,,,,,,,,,,,,,,,,,,,,,,,,,4588,田中 京介,105期,福岡,福岡,35,A2,,0,0,0.15,5.48,39.1,56.6,5.96,45.8,58.3,0,29,28.8,46.3,0,48,35.9,50.6,11,,,,,,10,3,3,0.1,2,5,5,4,0.17,2,11,6,6,0.19,6,,,,,,,,,,,,,,,,,,,,,,,,,,,,,,,,,,,,,,,,,,,,,,,,,,,3811,石田 章央,77期,静岡,静岡,50,A1,賞除,1,0,0.16,6.15,47.6,61.9,6.12,44.9,63.0,0,20,43.2,63.9,0,14,35.7,54.1,,4,1,1,0.04,F,12,3,3,0.25,4,,,,,,7,5,6,0.14,2,,,,,,,,,,,,,,,,,,,,,,,,,,,,,,,,,,,,,,,,,,,,,,,,,,
202609130608,2026-09-13,06,08R,3777,樋口 亮,76期,長崎,長崎,51,A2,,2,0,0.17,5.1,31.0,46.0,7.18,58.8,76.4,0,32,36.4,52.5,0,23,33.6,50.0,1,3,3,3,0.21,4,11,6,5,0.26,5,,,,,,9,6,6,0.29,5,,,,,,,,,,,,,,,,,,,,,,,,,,,,,,,,,,,,,,,,,,,,,,,,,,,3796,長野 道臣,77期,静岡,静岡,53,B1,,0,0,0.17,4.15,23.9,33.3,5.11,34.2,46.6,0,51,27.3,44.3,0,62,38.1,53.5,4,4,6,4,0.02,3,,,,,,1,1,1,0.07,1,11,5,5,0.19,4,,,,,,,,,,,,,,,,,,,,,,,,,,,,,,,,,,,,,,,,,,,,,,,,,,,5091,為本 智也,124期,福井,石川,25,B1,,0,0,0.17,6.05,45.4,63.6,6.13,43.7,68.7,0,11,39.8,57.2,0,70,31.1,51.6,2,3,2,2,0.11,2,10,5,6,0.24,3,5,1,1,0.15,1,12,5,5,0.11,4,,,,,,,,,,,,,,,,,,,,,,,,,,,,,,,,,,,,,,,,,,,,,,,,,,,4967,中村 魁生,119期,大阪,大阪,28,A1,,1,0,0.15,6.35,42.7,70.0,6.72,46.8,75.0,0,44,36.4,53.2,0,43,30.1,48.7,12,6,2,2,0.08,1,12,6,6,0.12,2,5,2,5,0.14,3,9,3,3,0.21,1,,,,,,,,,,,,,,,,,,,,,,,,,,,,,,,,,,,,,,,,,,,,,,,,,,,3714,梶原 正,74期,福岡,福岡,51,B1,,0,0,0.16,4.28,26.8,36.5,4.3,20.0,50.0,0,6,34.2,53.3,0,30,39.0,53.9,,2,6,6,0.09,4,7,2,2,0.07,3,3,1,1,0.08,2,8,3,3,0.17,3,,,,,,,,,,,,,,,,,,,,,,,,,,,,,,,,,,,,,,,,,,,,,,,,,,,4431,石塚 裕介,100期,三重,三重,40,B1,,0,0,0.18,4.68,29.8,41.5,6.16,47.3,63.1,0,15,27.5,47.5,0,50,33.9,52.0,3,2,1,1,0.03,1,,,,,,2,5,5,0.23,5,11,2,2,0.1,2,,,,,,,,,,,,,,,,,,,,,,,,,,,,,,,,,,,,,,,,,,,,,,,,,,
202609130609,2026-09-13,06,09R,4666,日笠 勝弘,109期,大阪,大阪,42,B1,,0,0,0.16,4.02,19.7,33.3,4.77,30.7,42.3,0,14,32.9,55.6,0,33,32.8,53.6,4,1,4,4,0.16,2,,,,,,2,2,2,0.03,4,8,6,6,0.08,4,,,,,,,,,,,,,,,,,,,,,,,,,,,,,,,,,,,,,,,,,,,,,,,,,,,3721,守田 俊介,74期,滋賀,京都,51,A1,,0,0,0.13,6.84,50.3,62.0,6.79,42.8,42.8,0,38,40.5,56.0,0,51,30.4,44.2,3,8,4,4,0.01,4,12,1,1,0.21,3,6,5,6,0.1,4,11,3,3,0.11,5,,,,,,,,,,,,,,,,,,,,,,,,,,,,,,,,,,,,,,,,,,,,,,,,,,,4684,楠原 翔太,109期,福岡,福岡,35,B1,,0,0,0.17,5.42,33.6,51.8,3.61,16.6,22.2,0,22,42.9,62.6,0,25,36.9,53.2,2,6,6,6,0.07,4,,,,,,1,2,2,0.13,2,10,5,5,0.06,5,,,,,,,,,,,,,,,,,,,,,,,,,,,,,,,,,,,,,,,,,,,,,,,,,,,4068,幸田 智裕,86期,静岡,静岡,46,B1,,0,0,0.17,4.74,22.1,46.1,5.07,29.9,47.6,0,48,42.9,57.0,0,66,35.3,54.2,,1,1,1,0.13,1,8,5,5,0.09,3,4,2,2,0.22,4,12,3,3,0.11,3,,,,,,,,,,,,,,,,,,,,,,,,,,,,,,,,,,,,,,,,,,,,,,,,,,,3906,飯山 晃三,80期,長崎,長崎,48,B1,,1,0,0.21,3.64,20.0,30.5,3.56,25.0,25.0,0,23,36.3,55.4,0,13,31.9,49.5,1,4,3,3,0.11,5,10,6,5,0.27,6,6,2,2,0.19,5,,,,,,,,,,,,,,,,,,,,,,,,,,,,,,,,,,,,,,,,,,,,,,,,,,,,,,,,4066,東本 勝利,86期,三重,三重,46,A2,,0,0,0.18,6.15,41.9,63.8,6.06,41.6,61.1,0,40,31.7,43.9,0,11,29.2,46.4,,6,5,5,0.13,3,10,1,1,0.11,1,7,6,4,0.14,5,12,2,2,0.12,2,,,,,,,,,,,,,,,,,,,,,,,,,,,,,,,,,,,,,,,,,,,,,,,,,,
202609130610,2026-09-13,06,10R,4269,杉山 裕也,93期,愛知,愛知,40,A2,,0,0,0.15,7.25,60.7,77.6,0.0,0.0,0.0,0,37,44.6,59.8,0,45,42.4,54.3,2,,,,,,7,4,5,0.15,2,6,3,3,0.12,1,12,6,6,0.12,5,,,,,,,,,,,,,,,,,,,,,,,,,,,,,,,,,,,,,,,,,,,,,,,,,,,4811,向井田 佑紀,114期,広島,広島,37,B1,,0,0,0.16,5.02,28.1,49.5,4.73,20.4,47.7,0,45,43.1,58.8,0,71,34.7,52.9,1,2,3,3,0.02,6,9,5,5,0.1,5,2,4,4,0.12,6,,,,,,,,,,,,,,,,,,,,,,,,,,,,,,,,,,,,,,,,,,,,,,,,,,,,,,,,3392,小森 信雄,64期,三重,三重,61,B1,,0,0,0.21,4.39,18.7,40.6,4.54,26.9,42.3,0,7,36.1,49.0,0,63,36.0,55.4,4,1,6,6,0.2,6,11,3,3,0.22,4,3,2,2,0.19,6,,,,,,,,,,,,,,,,,,,,,,,,,,,,,,,,,,,,,,,,,,,,,,,,,,,,,,,,4022,待鳥 雄紀,84期,福岡,福岡,46,B1,,0,0,0.16,4.7,25.2,41.7,3.79,16.6,25.0,0,59,32.6,50.5,0,32,38.1,59.0,6,,,,,,8,2,2,0.04,5,4,3,3,0.19,2,8,5,5,0.09,2,,,,,,,,,,,,,,,,,,,,,,,,,,,,,,,,,,,,,,,,,,,,,,,,,,,5066,鈴木 孝明,123期,埼玉,埼玉,28,A1,,0,0,0.17,6.8,54.7,71.7,4.12,18.1,36.3,0,55,50.4,65.7,0,59,31.0,46.5,5,5,6,6,0.08,1,12,2,2,0.27,6,8,4,4,0.07,1,12,1,1,0.08,1,,,,,,,,,,,,,,,,,,,,,,,,,,,,,,,,,,,,,,,,,,,,,,,,,,,4345,西舘 健,96期,東京,神奈川,41,A2,,1,0,0.15,5.11,35.7,47.9,4.85,30.7,46.1,0,10,34.0,47.8,0,64,31.6,48.8,3,,,,,,7,1,1,0.15,6,5,4,3,0.14,5,10,4,4,0.09,6,,,,,,,,,,,,,,,,,,,,,,,,,,,,,,,,,,,,,,,,,,,,,,,,,,
202609130611,2026-09-13,06,11R,4588,田中 京介,105期,福岡,福岡,35,A2,,0,0,0.15,5.48,39.1,56.6,5.96,45.8,58.3,0,29,28.8,46.3,0,48,35.9,50.6,7,,,,,,10,3,3,0.1,2,5,5,4,0.17,2,11,6,6,0.19,6,,,,,,,,,,,,,,,,,,,,,,,,,,,,,,,,,,,,,,,,,,,,,,,,,,,3842,星野 太郎,78期,三重,三重,50,B1,,0,0,0.19,5.13,33.7,51.9,5.64,30.5,58.3,0,61,43.1,64.6,0,29,35.2,50.8,5,5,1,1,0.14,2,,,,,,4,6,5,0.31,3,10,3,3,0.07,4,,,,,,,,,,,,,,,,,,,,,,,,,,,,,,,,,,,,,,,,,,,,,,,,,,,4654,篠田 優也,108期,兵庫,兵庫,40,A1,,0,0,0.17,6.49,45.1,72.0,7.18,60.7,71.4,0,19,33.6,48.6,0,58,38.6,55.1,6,,,,,,11,1,1,0.18,1,2,6,6,0.11,3,12,4,4,0.12,6,,,,,,,,,,,,,,,,,,,,,,,,,,,,,,,,,,,,,,,,,,,,,,,,,,,4798,浜先 真範,113期,広島,広島,33,A1,,0,0,0.13,6.64,46.2,66.1,6.24,47.6,66.6,0,5,45.0,68.4,0,60,31.2,46.6,4,7,3,3,0.08,1,12,5,5,0.09,1,3,6,6,0.12,4,10,2,2,0.04,2,,,,,,,,,,,,,,,,,,,,,,,,,,,,,,,,,,,,,,,,,,,,,,,,,,,4899,占部 一真,117期,福岡,福岡,34,B1,,0,0,0.16,4.29,26.8,35.3,5.0,37.5,43.7,0,65,21.6,40.5,0,72,34.0,51.3,3,1,2,2,0.18,5,9,4,4,0.05,1,4,4,6,0.25,5,,,,,,,,,,,,,,,,,,,,,,,,,,,,,,,,,,,,,,,,,,,,,,,,,,,,,,,,3627,井上 恵一,72期,福岡,福岡,57,A2,,1,0,0.18,4.54,30.5,41.1,5.74,40.0,60.0,0,4,30.8,48.9,0,69,34.3,51.1,2,5,4,4,0.13,4,11,2,2,0.2,2,,,,,,9,1,1,0.27,2,,,,,,,,,,,,,,,,,,,,,,,,,,,,,,,,,,,,,,,,,,,,,,,,,,
202609130612,2026-09-13,06,12R,4967,中村 魁生,119期,大阪,大阪,28,A1,,1,0,0.15,6.35,42.7,70.0,6.72,46.8,75.0,0,44,36.4,53.2,0,43,30.1,48.7,8,6,2,2,0.08,1,12,6,6,0.12,2,5,2,5,0.14,3,9,3,3,0.21,1,,,,,,,,,,,,,,,,,,,,,,,,,,,,,,,,,,,,,,,,,,,,,,,,,,,4150,山田 雄太,89期,静岡,静岡,44,A2,,0,0,0.15,5.95,42.2,59.6,6.09,43.7,63.0,0,34,32.6,56.7,0,44,40.9,53.6,6,,,,,,9,1,1,0.13,3,3,3,3,0.16,1,11,4,4,0.18,3,,,,,,,,,,,,,,,,,,,,,,,,,,,,,,,,,,,,,,,,,,,,,,,,,,,4336,松田 竜馬,96期,福岡,鹿児島,42,B1,,0,0,0.15,5.08,31.4,49.4,5.09,30.3,48.4,0,13,40.6,65.2,0,76,34.8,49.3,3,3,1,1,0.11,1,,,,,,3,4,4,0.15,3,9,5,5,0.21,4,,,,,,,,,,,,,,,,,,,,,,,,,,,,,,,,,,,,,,,,,,,,,,,,,,,4358,松本 庸平,97期,三重,三重,42,B1,,0,0,0.22,4.26,25.8,39.3,4.16,18.7,43.7,0,53,31.0,42.0,0,56,36.2,51.3,2,4,5,5,0.09,2,9,3,3,0.21,2,6,1,1,0.17,2,,,,,,,,,,,,,,,,,,,,,,,,,,,,,,,,,,,,,,,,,,,,,,,,,,,,,,,,4677,片橋 幸貴,109期,滋賀,京都,38,A1,,0,0,0.15,6.14,46.6,64.7,7.06,52.7,75.0,0,3,39.5,56.2,0,65,34.0,51.5,7,3,6,6,0.11,6,12,4,4,0.2,5,4,1,1,0.18,1,,,,,,,,,,,,,,,,,,,,,,,,,,,,,,,,,,,,,,,,,,,,,,,,,,,,,,,,4369,丹下 将,97期,愛知,愛知,40,A2,,0,0,0.16,5.64,38.4,56.4,5.9,44.8,55.1,0,16,32.3,48.5,0,17,35.4,54.3,5,3,4,4,0.15,3,9,2,2,0.16,6,2,3,3,0.04,1,10,1,1,0.02,1,,,,,,,,,,,,,,,,,,,,,,,,,,,,,,,,,,,,,,,,,,,,,,,,,,
202609130701,2026-09-13,07,01R,5169,堀本 翔太,127期,愛知,愛知,25,B2,,0,0,0.19,3.48,8.9,21.4,3.5,13.8,30.5,0,23,25.0,50.0,0,51,35.0,40.0,6,,,,,,,,,,,,,,,,,,,,,,,,,,,,,,,,,,,,,,,,,,,,,,,,,,,,,,,,,,,,,,,,,,,,,,,5240,高橋 龍治,130期,福岡,福岡,26,B1,,0,0,0.17,4.03,23.5,32.3,4.13,37.5,37.5,0,63,20.8,41.6,0,38,15.3,26.9,8,,,,,,,,,,,,,,,,,,,,,,,,,,,,,,,,,,,,,,,,,,,,,,,,,,,,,,,,,,,,,,,,,,,,,,,5128,坪井 爽佑,126期,三重,三重,29,B1,,0,0,0.18,3.93,15.7,34.2,3.88,23.0,30.7,0,71,20.0,26.6,0,49,42.8,52.3,9,,,,,,,,,,,,,,,,,,,,,,,,,,,,,,,,,,,,,,,,,,,,,,,,,,,,,,,,,,,,,,,,,,,,,,,5197,中野 仁照,128期,愛知,愛知,24,B2,,1,0,0.14,5.81,39.5,60.4,6.62,51.1,73.3,0,27,17.3,43.4,0,69,35.2,47.0,,,,,,,,,,,,,,,,,,,,,,,,,,,,,,,,,,,,,,,,,,,,,,,,,,,,,,,,,,,,,,,,,,,,,,,,5175,島崎 丈一朗,127期,東京,東京,22,B1,,0,0,0.18,4.59,16.9,47.8,2.82,0.0,23.5,0,73,31.2,50.0,0,39,26.9,57.6,7,,,,,,,,,,,,,,,,,,,,,,,,,,,,,,,,,,,,,,,,,,,,,,,,,,,,,,,,,,,,,,,,,,,,,,,5434,藤田 康生,137期,静岡,静岡,21,B1,,1,0,0.16,3.32,10.8,28.2,1.17,0.0,0.0,0,70,41.1,64.7,0,32,15.3,30.7,,,,,,,,,,,,,,,,,,,,,,,,,,,,,,,,,,,,,,,,,,,,,,,,,,,,,,,,,,,,,,,,,,,,,,,
202609130702,2026-09-13,07,02R,5279,石渡 翔一郎,131期,東京,千葉,23,B1,,0,0,0.16,5.84,40.3,61.4,0.0,0.0,0.0,0,25,50.0,62.5,0,53,42.3,61.5,,,,,,,,,,,,,,,,,,,,,,,,,,,,,,,,,,,,,,,,,,,,,,,,,,,,,,,,,,,,,,,,,,,,,,,,5308,藤森 拓海,132期,福岡,福岡,22,B1,,0,0,0.17,4.42,23.5,38.6,3.14,0.0,14.2,0,74,18.7,37.5,0,40,52.0,68.0,9,,,,,,,,,,,,,,,,,,,,,,,,,,,,,,,,,,,,,,,,,,,,,,,,,,,,,,,,,,,,,,,,,,,,,,,5332,村松 遥輝,133期,静岡,静岡,22,B1,,1,0,0.16,3.66,17.1,25.7,4.38,29.4,38.2,0,58,21.7,30.4,0,62,31.5,63.1,7,,,,,,,,,,,,,,,,,,,,,,,,,,,,,,,,,,,,,,,,,,,,,,,,,,,,,,,,,,,,,,,,,,,,,,,5275,松田 淳平,131期,三重,三重,24,A1,,1,0,0.13,6.49,49.0,63.8,5.17,27.7,47.2,0,24,33.3,41.6,0,71,43.7,68.7,10,,,,,,,,,,,,,,,,,,,,,,,,,,,,,,,,,,,,,,,,,,,,,,,,,,,,,,,,,,,,,,,,,,,,,,,5232,樅山 拓馬,130期,愛知,愛知,29,B1,,1,0,0.16,5.14,30.1,45.6,4.55,27.5,41.6,0,43,61.1,72.2,0,74,43.7,50.0,,,,,,,,,,,,,,,,,,,,,,,,,,,,,,,,,,,,,,,,,,,,,,,,,,,,,,,,,,,,,,,,,,,,,,,,5337,出畑 孝成,133期,福岡,福岡,20,B1,,0,0,0.2,4.36,21.3,38.2,5.13,33.3,46.6,0,19,25.9,40.7,0,68,27.7,66.6,11,,,,,,,,,,,,,,,,,,,,,,,,,,,,,,,,,,,,,,,,,,,,,,,,,,,,,,,,,,,,,,,,,,,,,,
202609130703,2026-09-13,07,03R,5239,上野 俊樹,130期,福岡,熊本,26,B1,,0,0,0.17,5.91,37.6,65.2,5.59,20.5,64.7,0,32,48.0,56.0,0,63,41.1,64.7,,,,,,,,,,,,,,,,,,,,,,,,,,,,,,,,,,,,,,,,,,,,,,,,,,,,,,,,,,,,,,,,,,,,,,,,5234,塚越 海斗,130期,群馬,群馬,28,A1,,0,0,0.15,6.57,53.5,67.7,0.0,0.0,0.0,0,66,53.8,69.2,0,66,61.1,66.6,12,,,,,,,,,,,,,,,,,,,,,,,,,,,,,,,,,,,,,,,,,,,,,,,,,,,,,,,,,,,,,,,,,,,,,,,5134,大原 祥昌,126期,広島,広島,27,A2,,0,0,0.15,5.66,39.0,58.1,4.13,12.5,50.0,0,36,29.4,52.9,0,70,7.6,15.3,8,,,,,,,,,,,,,,,,,,,,,,,,,,,,,,,,,,,,,,,,,,,,,,,,,,,,,,,,,,,,,,,,,,,,,,,5301,岩下 巧斗,132期,群馬,群馬,23,B1,,0,0,0.15,5.29,34.3,47.9,3.65,13.0,21.7,0,35,37.5,62.5,0,60,12.5,18.7,10,,,,,,,,,,,,,,,,,,,,,,,,,,,,,,,,,,,,,,,,,,,,,,,,,,,,,,,,,,,,,,,,,,,,,,,5411,木下 虎之輔,136期,東京,神奈川,21,B2,,0,0,0.19,2.3,5.0,13.3,1.27,0.0,0.0,0,61,9.0,31.8,0,64,16.6,27.7,7,,,,,,,,,,,,,,,,,,,,,,,,,,,,,,,,,,,,,,,,,,,,,,,,,,,,,,,,,,,,,,,,,,,,,,,5214,田中 宏典,129期,佐賀,福岡,27,B1,,0,0,0.18,4.8,30.9,44.3,2.56,0.0,11.1,0,62,44.0,52.0,0,41,17.2,34.4,11,,,,,,,,,,,,,,,,,,,,,,,,,,,,,,,,,,,,,,,,,,,,,,,,,,,,,,,,,,,,,,,,,,,,,,
202609130704,2026-09-13,07,04R,5325,澁川 夏,133期,大阪,大阪,23,B1,,1,0,0.17,5.87,43.8,60.2,4.06,29.4,29.4,0,64,42.3,61.5,0,65,0.0,7.1,,,,,,,,,,,,,,,,,,,,,,,,,,,,,,,,,,,,,,,,,,,,,,,,,,,,,,,,,,,,,,,,,,,,,,,,5222,津田 陸翔,129期,広島,広島,25,A1,,1,0,0.17,6.27,47.5,65.0,5.0,25.0,50.0,0,39,52.9,76.4,0,31,26.9,46.1,12,,,,,,,,,,,,,,,,,,,,,,,,,,,,,,,,,,,,,,,,,,,,,,,,,,,,,,,,,,,,,,,,,,,,,,,5258,仲本 舜,130期,福岡,沖縄,21,B1,,0,0,0.15,3.9,20.2,30.3,0.0,0.0,0.0,0,59,56.0,64.0,0,56,25.0,53.5,10,,,,,,,,,,,,,,,,,,,,,,,,,,,,,,,,,,,,,,,,,,,,,,,,,,,,,,,,,,,,,,,,,,,,,,,5269,山口 晃朋,131期,静岡,静岡,25,A2,,0,0,0.16,6.32,49.0,60.0,5.17,36.6,50.0,0,30,45.8,66.6,0,59,27.7,44.4,11,,,,,,,,,,,,,,,,,,,,,,,,,,,,,,,,,,,,,,,,,,,,,,,,,,,,,,,,,,,,,,,,,,,,,,,5178,成貞 琳平,128期,愛知,岡山,30,B1,,0,0,0.19,4.24,19.2,36.5,3.75,12.5,37.5,0,34,44.4,66.6,0,34,33.3,37.5,,,,,,,,,,,,,,,,,,,,,,,,,,,,,,,,,,,,,,,,,,,,,,,,,,,,,,,,,,,,,,,,,,,,,,,,5417,小柳 勝希,136期,佐賀,佐賀,20,B1,,1,0,0.2,4.27,17.4,36.5,0.0,0.0,0.0,0,75,12.5,18.7,0,45,37.5,62.5,8,,,,,,,,,,,,,,,,,,,,,,,,,,,,,,,,,,,,,,,,,,,,,,,,,,,,,,,,,,,,,,,,,,,,,,
202609130705,2026-09-13,07,05R,5243,三馬 崇史,130期,広島,広島,26,B1,,0,0,0.17,6.03,47.3,64.5,5.63,36.8,57.8,0,40,38.8,61.1,0,30,20.0,30.0,,,,,,,,,,,,,,,,,,,,,,,,,,,,,,,,,,,,,,,,,,,,,,,,,,,,,,,,,,,,,,,,,,,,,,,,5330,安河内鈴之介,133期,福岡,福岡,22,A2,,0,0,0.15,6.85,55.4,73.1,7.17,61.1,66.6,0,65,20.8,45.8,0,55,69.2,80.7,9,,,,,,,,,,,,,,,,,,,,,,,,,,,,,,,,,,,,,,,,,,,,,,,,,,,,,,,,,,,,,,,,,,,,,,,5288,尾道 佳諭,132期,埼玉,長崎,26,B1,,1,0,0.17,4.02,14.9,34.4,3.23,15.0,17.5,0,31,85.7,92.8,0,43,17.3,26.0,11,,,,,,,,,,,,,,,,,,,,,,,,,,,,,,,,,,,,,,,,,,,,,,,,,,,,,,,,,,,,,,,,,,,,,,,5280,廣瀬 凜,131期,滋賀,京都,23,A1,,0,0,0.16,7.05,53.4,76.3,4.17,16.6,33.3,0,72,25.0,31.2,0,72,29.4,41.1,12,,,,,,,,,,,,,,,,,,,,,,,,,,,,,,,,,,,,,,,,,,,,,,,,,,,,,,,,,,,,,,,,,,,,,,,5266,石田 勇斗,131期,愛知,愛知,26,B1,,1,0,0.15,4.26,22.2,39.5,3.39,13.0,17.3,0,56,37.0,51.8,0,73,31.2,43.7,,,,,,,,,,,,,,,,,,,,,,,,,,,,,,,,,,,,,,,,,,,,,,,,,,,,,,,,,,,,,,,,,,,,,,,,5432,安藤 瑠希,137期,静岡,静岡,21,B1,,0,0,0.17,3.01,8.3,17.8,3.83,0.0,50.0,0,68,50.0,61.1,0,33,25.0,35.0,10,,,,,,,,,,,,,,,,,,,,,,,,,,,,,,,,,,,,,,,,,,,,,,,,,,,,,,,,,,,,,,,,,,,,,,
202609130706,2026-09-13,07,06R,5145,島川 海輝,126期,山口,山口,23,A2,,0,0,0.16,6.18,48.8,64.4,0.0,0.0,0.0,0,60,50.0,57.6,0,37,57.6,73.0,10,,,,,,,,,,,,,,,,,,,,,,,,,,,,,,,,,,,,,,,,,,,,,,,,,,,,,,,,,,,,,,,,,,,,,,,5169,堀本 翔太,127期,愛知,愛知,25,B2,,0,0,0.19,3.48,8.9,21.4,3.5,13.8,30.5,0,23,25.0,50.0,0,51,35.0,40.0,1,,,,,,,,,,,,,,,,,,,,,,,,,,,,,,,,,,,,,,,,,,,,,,,,,,,,,,,,,,,,,,,,,,,,,,,5255,藤原 仙二,130期,滋賀,滋賀,22,A1,,1,0,0.18,6.64,48.1,70.0,6.69,46.8,62.5,0,57,13.0,17.3,0,76,25.0,37.5,11,,,,,,,,,,,,,,,,,,,,,,,,,,,,,,,,,,,,,,,,,,,,,,,,,,,,,,,,,,,,,,,,,,,,,,,5207,高山 敬悟,129期,福岡,福岡,29,B1,,1,0,0.16,5.27,35.9,48.7,3.0,11.1,22.2,0,76,38.8,61.1,0,57,22.2,40.7,,,,,,,,,,,,,,,,,,,,,,,,,,,,,,,,,,,,,,,,,,,,,,,,,,,,,,,,,,,,,,,,,,,,,,,,5256,中山 翔太,130期,三重,三重,22,A1,,2,0,0.14,5.91,43.4,55.6,6.62,42.8,71.4,0,33,48.1,62.9,0,54,36.0,52.0,12,,,,,,,,,,,,,,,,,,,,,,,,,,,,,,,,,,,,,,,,,,,,,,,,,,,,,,,,,,,,,,,,,,,,,,,5364,金子 怜央,135期,群馬,群馬,26,B1,,1,0,0.17,2.12,3.2,9.6,1.83,0.0,8.7,0,28,33.3,58.3,0,35,66.6,85.1,,,,,,,,,,,,,,,,,,,,,,,,,,,,,,,,,,,,,,,,,,,,,,,,,,,,,,,,,,,,,,,,,,,,,,,
202609130707,2026-09-13,07,07R,5221,竹間 隆晟,129期,大阪,大阪,25,A1,,0,0,0.15,6.74,50.9,68.1,6.33,48.1,62.9,0,67,48.1,51.8,0,52,18.1,36.3,12,,,,,,,,,,,,,,,,,,,,,,,,,,,,,,,,,,,,,,,,,,,,,,,,,,,,,,,,,,,,,,,,,,,,,,,5175,島崎 丈一朗,127期,東京,東京,22,B1,,0,0,0.18,4.59,16.9,47.8,2.82,0.0,23.5,0,73,31.2,50.0,0,39,26.9,57.6,1,,,,,,,,,,,,,,,,,,,,,,,,,,,,,,,,,,,,,,,,,,,,,,,,,,,,,,,,,,,,,,,,,,,,,,,5238,笹木 香吾,130期,山口,山口,26,A2,,1,0,0.15,6.1,48.3,58.0,3.22,11.1,22.2,0,26,20.0,32.0,0,61,35.2,70.5,11,,,,,,,,,,,,,,,,,,,,,,,,,,,,,,,,,,,,,,,,,,,,,,,,,,,,,,,,,,,,,,,,,,,,,,,5303,土井 歩夢,132期,福岡,福岡,23,A2,,0,0,0.19,5.88,36.7,60.5,4.0,12.5,37.5,0,69,7.1,28.5,0,75,31.2,50.0,,,,,,,,,,,,,,,,,,,,,,,,,,,,,,,,,,,,,,,,,,,,,,,,,,,,,,,,,,,,,,,,,,,,,,,,5332,村松 遥輝,133期,静岡,静岡,22,B1,,1,0,0.16,3.66,17.1,25.7,4.38,29.4,38.2,0,58,21.7,30.4,0,62,31.5,63.1,2,,,,,,,,,,,,,,,,,,,,,,,,,,,,,,,,,,,,,,,,,,,,,,,,,,,,,,,,,,,,,,,,,,,,,,,5411,木下 虎之輔,136期,東京,神奈川,21,B2,,0,0,0.19,2.3,5.0,13.3,1.27,0.0,0.0,0,61,9.0,31.8,0,64,16.6,27.7,3,,,,,,,,,,,,,,,,,,,,,,,,,,,,,,,,,,,,,,,,,,,,,,,,,,,,,,,,,,,,,,,,,,,,,,
202609130708,2026-09-13,07,08R,5246,楠 将太郎,130期,埼玉,埼玉,24,A2,,0,0,0.17,4.79,32.1,45.2,6.82,50.0,72.7,0,54,29.6,55.5,0,67,23.5,64.7,,,,,,,,,,,,,,,,,,,,,,,,,,,,,,,,,,,,,,,,,,,,,,,,,,,,,,,,,,,,,,,,,,,,,,,,5068,前田 滉,123期,愛知,愛知,26,A1,,0,0,0.14,7.94,68.0,83.5,7.62,65.6,77.7,0,45,12.5,18.7,0,50,52.0,68.0,12,,,,,,,,,,,,,,,,,,,,,,,,,,,,,,,,,,,,,,,,,,,,,,,,,,,,,,,,,,,,,,,,,,,,,,,5331,佐藤 永梧,133期,東京,神奈川,22,B1,,0,0,0.15,5.25,36.2,50.0,4.45,18.1,45.4,0,37,26.6,46.6,0,48,36.0,52.0,,,,,,,,,,,,,,,,,,,,,,,,,,,,,,,,,,,,,,,,,,,,,,,,,,,,,,,,,,,,,,,,,,,,,,,,5417,小柳 勝希,136期,佐賀,佐賀,20,B1,,1,0,0.2,4.27,17.4,36.5,0.0,0.0,0.0,0,75,12.5,18.7,0,45,37.5,62.5,4,,,,,,,,,,,,,,,,,,,,,,,,,,,,,,,,,,,,,,,,,,,,,,,,,,,,,,,,,,,,,,,,,,,,,,,5134,大原 祥昌,126期,広島,広島,27,A2,,0,0,0.15,5.66,39.0,58.1,4.13,12.5,50.0,0,36,29.4,52.9,0,70,7.6,15.3,3,,,,,,,,,,,,,,,,,,,,,,,,,,,,,,,,,,,,,,,,,,,,,,,,,,,,,,,,,,,,,,,,,,,,,,,5240,高橋 龍治,130期,福岡,福岡,26,B1,,0,0,0.17,4.03,23.5,32.3,4.13,37.5,37.5,0,63,20.8,41.6,0,38,15.3,26.9,1,,,,,,,,,,,,,,,,,,,,,,,,,,,,,,,,,,,,,,,,,,,,,,,,,,,,,,,,,,,,,,,,,,,,,,
202609130709,2026-09-13,07,09R,5330,安河内鈴之介,133期,福岡,福岡,22,A2,,0,0,0.15,6.85,55.4,73.1,7.17,61.1,66.6,0,65,20.8,45.8,0,55,69.2,80.7,5,,,,,,,,,,,,,,,,,,,,,,,,,,,,,,,,,,,,,,,,,,,,,,,,,,,,,,,,,,,,,,,,,,,,,,,5128,坪井 爽佑,126期,三重,三重,29,B1,,0,0,0.18,3.93,15.7,34.2,3.88,23.0,30.7,0,71,20.0,26.6,0,49,42.8,52.3,1,,,,,,,,,,,,,,,,,,,,,,,,,,,,,,,,,,,,,,,,,,,,,,,,,,,,,,,,,,,,,,,,,,,,,,,5385,鈴木 柊介,135期,静岡,静岡,21,B1,,0,0,0.14,2.56,5.8,17.6,1.82,0.0,9.0,0,29,24.0,56.0,0,47,4.5,18.1,,,,,,,,,,,,,,,,,,,,,,,,,,,,,,,,,,,,,,,,,,,,,,,,,,,,,,,,,,,,,,,,,,,,,,,,5166,仲道 大輔,127期,愛知,愛知,26,A2,,0,0,0.16,6.06,43.6,59.7,6.13,43.6,66.6,0,55,11.5,23.0,0,58,31.5,63.1,,,,,,,,,,,,,,,,,,,,,,,,,,,,,,,,,,,,,,,,,,,,,,,,,,,,,,,,,,,,,,,,,,,,,,,,5196,鰐部 太空海,128期,愛知,愛知,24,A1,,2,0,0.15,5.55,34.8,50.0,5.83,33.3,66.6,0,38,7.1,14.2,0,36,17.3,39.1,,,,,,,,,,,,,,,,,,,,,,,,,,,,,,,,,,,,,,,,,,,,,,,,,,,,,,,,,,,,,,,,,,,,,,,,5308,藤森 拓海,132期,福岡,福岡,22,B1,,0,0,0.17,4.42,23.5,38.6,3.14,0.0,14.2,0,74,18.7,37.5,0,40,52.0,68.0,2,,,,,,,,,,,,,,,,,,,,,,,,,,,,,,,,,,,,,,,,,,,,,,,,,,,,,,,,,,,,,,,,,,,,,,
202609130710,2026-09-13,07,10R,5275,松田 淳平,131期,三重,三重,24,A1,,1,0,0.13,6.49,49.0,63.8,5.17,27.7,47.2,0,24,33.3,41.6,0,71,43.7,68.7,2,,,,,,,,,,,,,,,,,,,,,,,,,,,,,,,,,,,,,,,,,,,,,,,,,,,,,,,,,,,,,,,,,,,,,,,5258,仲本 舜,130期,福岡,沖縄,21,B1,,0,0,0.15,3.9,20.2,30.3,0.0,0.0,0.0,0,59,56.0,64.0,0,56,25.0,53.5,4,,,,,,,,,,,,,,,,,,,,,,,,,,,,,,,,,,,,,,,,,,,,,,,,,,,,,,,,,,,,,,,,,,,,,,,5252,荒木 颯斗,130期,愛知,愛知,23,A2,,0,0,0.14,5.97,41.5,58.4,4.86,27.2,52.2,0,41,47.0,47.0,0,46,4.3,17.3,,,,,,,,,,,,,,,,,,,,,,,,,,,,,,,,,,,,,,,,,,,,,,,,,,,,,,,,,,,,,,,,,,,,,,,,5432,安藤 瑠希,137期,静岡,静岡,21,B1,,0,0,0.17,3.01,8.3,17.8,3.83,0.0,50.0,0,68,50.0,61.1,0,33,25.0,35.0,5,,,,,,,,,,,,,,,,,,,,,,,,,,,,,,,,,,,,,,,,,,,,,,,,,,,,,,,,,,,,,,,,,,,,,,,5145,島川 海輝,126期,山口,山口,23,A2,,0,0,0.16,6.18,48.8,64.4,0.0,0.0,0.0,0,60,50.0,57.6,0,37,57.6,73.0,6,,,,,,,,,,,,,,,,,,,,,,,,,,,,,,,,,,,,,,,,,,,,,,,,,,,,,,,,,,,,,,,,,,,,,,,5301,岩下 巧斗,132期,群馬,群馬,23,B1,,0,0,0.15,5.29,34.3,47.9,3.65,13.0,21.7,0,35,37.5,62.5,0,60,12.5,18.7,3,,,,,,,,,,,,,,,,,,,,,,,,,,,,,,,,,,,,,,,,,,,,,,,,,,,,,,,,,,,,,,,,,,,,,,
202609130711,2026-09-13,07,11R,5255,藤原 仙二,130期,滋賀,滋賀,22,A1,,1,0,0.18,6.64,48.1,70.0,6.69,46.8,62.5,0,57,13.0,17.3,0,76,25.0,37.5,6,,,,,,,,,,,,,,,,,,,,,,,,,,,,,,,,,,,,,,,,,,,,,,,,,,,,,,,,,,,,,,,,,,,,,,,5214,田中 宏典,129期,佐賀,福岡,27,B1,,0,0,0.18,4.8,30.9,44.3,2.56,0.0,11.1,0,62,44.0,52.0,0,41,17.2,34.4,3,,,,,,,,,,,,,,,,,,,,,,,,,,,,,,,,,,,,,,,,,,,,,,,,,,,,,,,,,,,,,,,,,,,,,,,5269,山口 晃朋,131期,静岡,静岡,25,A2,,0,0,0.16,6.32,49.0,60.0,5.17,36.6,50.0,0,30,45.8,66.6,0,59,27.7,44.4,4,,,,,,,,,,,,,,,,,,,,,,,,,,,,,,,,,,,,,,,,,,,,,,,,,,,,,,,,,,,,,,,,,,,,,,,5337,出畑 孝成,133期,福岡,福岡,20,B1,,0,0,0.2,4.36,21.3,38.2,5.13,33.3,46.6,0,19,25.9,40.7,0,68,27.7,66.6,2,,,,,,,,,,,,,,,,,,,,,,,,,,,,,,,,,,,,,,,,,,,,,,,,,,,,,,,,,,,,,,,,,,,,,,,5288,尾道 佳諭,132期,埼玉,長崎,26,B1,,1,0,0.17,4.02,14.9,34.4,3.23,15.0,17.5,0,31,85.7,92.8,0,43,17.3,26.0,5,,,,,,,,,,,,,,,,,,,,,,,,,,,,,,,,,,,,,,,,,,,,,,,,,,,,,,,,,,,,,,,,,,,,,,,5238,笹木 香吾,130期,山口,山口,26,A2,,1,0,0.15,6.1,48.3,58.0,3.22,11.1,22.2,0,26,20.0,32.0,0,61,35.2,70.5,7,,,,,,,,,,,,,,,,,,,,,,,,,,,,,,,,,,,,,,,,,,,,,,,,,,,,,,,,,,,,,,,,,,,,,,
202609130712,2026-09-13,07,12R,5068,前田 滉,123期,愛知,愛知,26,A1,,0,0,0.14,7.94,68.0,83.5,7.62,65.6,77.7,0,45,12.5,18.7,0,50,52.0,68.0,8,,,,,,,,,,,,,,,,,,,,,,,,,,,,,,,,,,,,,,,,,,,,,,,,,,,,,,,,,,,,,,,,,,,,,,,5280,廣瀬 凜,131期,滋賀,京都,23,A1,,0,0,0.16,7.05,53.4,76.3,4.17,16.6,33.3,0,72,25.0,31.2,0,72,29.4,41.1,5,,,,,,,,,,,,,,,,,,,,,,,,,,,,,,,,,,,,,,,,,,,,,,,,,,,,,,,,,,,,,,,,,,,,,,,5256,中山 翔太,130期,三重,三重,22,A1,,2,0,0.14,5.91,43.4,55.6,6.62,42.8,71.4,0,33,48.1,62.9,0,54,36.0,52.0,6,,,,,,,,,,,,,,,,,,,,,,,,,,,,,,,,,,,,,,,,,,,,,,,,,,,,,,,,,,,,,,,,,,,,,,,5234,塚越 海斗,130期,群馬,群馬,28,A1,,0,0,0.15,6.57,53.5,67.7,0.0,0.0,0.0,0,66,53.8,69.2,0,66,61.1,66.6,3,,,,,,,,,,,,,,,,,,,,,,,,,,,,,,,,,,,,,,,,,,,,,,,,,,,,,,,,,,,,,,,,,,,,,,,5221,竹間 隆晟,129期,大阪,大阪,25,A1,,0,0,0.15,6.74,50.9,68.1,6.33,48.1,62.9,0,67,48.1,51.8,0,52,18.1,36.3,7,,,,,,,,,,,,,,,,,,,,,,,,,,,,,,,,,,,,,,,,,,,,,,,,,,,,,,,,,,,,,,,,,,,,,,,5222,津田 陸翔,129期,広島,広島,25,A1,,1,0,0.17,6.27,47.5,65.0,5.0,25.0,50.0,0,39,52.9,76.4,0,31,26.9,46.1,4,,,,,,,,,,,,,,,,,,,,,,,,,,,,,,,,,,,,,,,,,,,,,,,,,,,,,,,,,,,,,,,,,,,,,,
202609130801,2026-09-13,08,01R,5129,山口 真喜子,126期,長崎,長崎,29,A2,,0,0,0.17,5.95,41.2,58.7,6.48,52.0,60.0,0,13,34.1,49.7,0,40,36.1,55.3,9,5,6,6,0.12,6,,,,,,,,,,,,,,,,,,,,,,,,,,,,,,,,,,,,,,,,,,,,,,,,,,,,,,,,,,,,,,,,,,5203,神里 琴音,128期,福岡,沖縄,22,B1,,0,0,0.16,5.2,27.8,51.9,5.0,23.0,50.0,0,40,33.3,49.7,0,11,34.7,52.1,6,,,,,,7,1,1,0.11,2,,,,,,,,,,,,,,,,,,,,,,,,,,,,,,,,,,,,,,,,,,,,,,,,,,,,,,,,,,,,,4941,孫崎 百世,119期,滋賀,北海道,37,B1,,0,0,0.21,4.57,27.1,38.2,4.71,29.4,47.0,0,12,41.3,60.0,0,51,22.2,33.3,10,4,4,4,0.22,4,10,2,2,0.29,2,,,,,,,,,,,,,,,,,,,,,,,,,,,,,,,,,,,,,,,,,,,,,,,,,,,,,,,,,,,,,5052,赤井 星璃菜,123期,大阪,大阪,31,B1,,0,0,0.16,4.34,24.0,36.0,0.0,0.0,0.0,0,3,45.0,61.8,0,33,22.8,40.0,11,2,6,6,0.13,4,6,3,3,0.11,5,,,,,,,,,,,,,,,,,,,,,,,,,,,,,,,,,,,,,,,,,,,,,,,,,,,,,,,,,,,,,5436,市川 瑚幸,137期,東京,神奈川,21,B2,,0,0,0.22,1.49,0.0,2.6,1.12,0.0,0.0,0,59,40.7,57.8,0,62,23.9,41.3,5,4,6,6,0.22,5,,,,,,,,,,,,,,,,,,,,,,,,,,,,,,,,,,,,,,,,,,,,,,,,,,,,,,,,,,,,,,,,,,5078,山川 波乙,124期,三重,三重,28,B1,,0,0,0.19,4.48,23.4,41.9,5.13,37.5,50.0,0,30,44.1,63.0,0,67,40.4,59.5,7,3,1,1,0.19,3,7,3,3,0.09,3,,,,,,,,,,,,,,,,,,,,,,,,,,,,,,,,,,,,,,,,,,,,,,,,,,,,,,,,,,,,
202609130802,2026-09-13,08,02R,5194,大久保 佑香,128期,埼玉,埼玉,25,B1,,1,0,0.18,4.54,27.6,39.4,3.25,7.1,21.4,0,1,36.1,54.9,0,44,53.0,65.3,9,2,5,5,0.1,5,9,4,4,0.26,3,,,,,,,,,,,,,,,,,,,,,,,,,,,,,,,,,,,,,,,,,,,,,,,,,,,,,,,,,,,,,5340,樋江井 舞,134期,愛知,愛知,25,B1,,0,0,0.16,4.14,20.7,39.6,2.38,6.3,10.6,0,26,33.6,51.6,0,46,22.2,35.5,7,,,,,,9,1,1,0.2,4,,,,,,,,,,,,,,,,,,,,,,,,,,,,,,,,,,,,,,,,,,,,,,,,,,,,,,,,,,,,,5155,内山 七海,127期,福岡,福岡,29,A2,,0,0,0.15,6.16,42.8,62.5,3.33,0.0,0.0,0,60,33.1,50.4,0,12,12.7,36.1,6,6,1,1,0.15,4,12,5,5,0.16,6,,,,,,,,,,,,,,,,,,,,,,,,,,,,,,,,,,,,,,,,,,,,,,,,,,,,,,,,,,,,,5297,南 彩寧,132期,兵庫,兵庫,24,B1,,0,0,0.22,3.89,18.6,30.7,1.25,0.0,0.0,0,37,32.8,49.3,0,17,25.6,43.5,11,4,3,3,0.23,6,,,,,,,,,,,,,,,,,,,,,,,,,,,,,,,,,,,,,,,,,,,,,,,,,,,,,,,,,,,,,,,,,,5324,畑田 希咲,133期,兵庫,兵庫,23,B1,,0,0,0.21,3.09,4.4,16.1,1.12,0.0,0.0,0,52,34.4,51.3,0,35,37.5,47.9,8,3,2,2,0.19,5,,,,,,,,,,,,,,,,,,,,,,,,,,,,,,,,,,,,,,,,,,,,,,,,,,,,,,,,,,,,,,,,,,4726,島田 なぎさ,111期,埼玉,埼玉,39,B2,,0,0,0.14,3.6,10.0,20.0,0.0,0.0,0.0,0,57,33.7,53.6,0,68,32.0,42.0,10,,,,,,7,2,2,0.14,1,,,,,,,,,,,,,,,,,,,,,,,,,,,,,,,,,,,,,,,,,,,,,,,,,,,,,,,,,,,,
202609130803,2026-09-13,08,03R,4764,小池 礼乃,112期,福岡,福岡,36,B1,,1,0,0.16,4.88,30.0,50.0,5.78,27.7,61.1,0,39,37.7,52.5,0,38,29.7,46.8,,3,5,6,0.17,2,8,2,2,0.21,1,,,,,,,,,,,,,,,,,,,,,,,,,,,,,,,,,,,,,,,,,,,,,,,,,,,,,,,,,,,,,5346,中村 紋夕梨,134期,愛知,愛知,23,B1,,0,0,0.22,3.13,6.9,18.0,1.44,0.0,3.8,0,7,36.9,53.4,0,28,31.1,48.8,10,,,,,,7,5,5,0.13,6,,,,,,,,,,,,,,,,,,,,,,,,,,,,,,,,,,,,,,,,,,,,,,,,,,,,,,,,,,,,,4045,佐々木 裕美,85期,山口,山口,46,B1,,0,0,0.17,4.8,32.5,44.1,5.31,25.0,50.0,0,50,33.4,49.5,0,41,22.2,42.2,,4,2,2,0.23,2,8,6,6,0.27,5,,,,,,,,,,,,,,,,,,,,,,,,,,,,,,,,,,,,,,,,,,,,,,,,,,,,,,,,,,,,,5439,志賀 美優,137期,愛知,愛知,20,B2,,0,0,0.21,1.45,0.0,3.2,1.45,0.0,0.0,0,31,39.8,53.5,0,71,38.7,61.2,8,6,6,6,0.45,6,,,,,,,,,,,,,,,,,,,,,,,,,,,,,,,,,,,,,,,,,,,,,,,,,,,,,,,,,,,,,,,,,,4909,薮内 瑞希,117期,岡山,岡山,30,B1,,1,0,0.16,4.72,32.0,43.5,5.61,32.1,53.5,0,41,35.0,50.2,0,53,36.9,47.8,9,2,2,2,0.19,2,11,6,6,0.13,4,,,,,,,,,,,,,,,,,,,,,,,,,,,,,,,,,,,,,,,,,,,,,,,,,,,,,,,,,,,,,5182,宮崎 安奈,128期,埼玉,埼玉,28,B1,,0,0,0.14,4.07,21.7,34.7,4.22,16.6,38.8,0,56,29.8,49.2,0,77,31.4,40.7,7,5,5,5,0.07,5,9,2,2,0.21,1,,,,,,,,,,,,,,,,,,,,,,,,,,,,,,,,,,,,,,,,,,,,,,,,,,,,,,,,,,,,
202609130804,2026-09-13,08,04R,5254,羽田 妃希,130期,愛知,愛知,23,B1,,0,0,0.22,3.33,7.2,25.4,3.41,19.6,27.4,0,35,41.9,61.0,0,31,13.7,34.4,11,6,2,2,0.28,3,10,4,4,0.13,3,,,,,,,,,,,,,,,,,,,,,,,,,,,,,,,,,,,,,,,,,,,,,,,,,,,,,,,,,,,,,5146,野田 彩加,126期,山口,山口,23,A2,,0,0,0.16,5.11,32.5,51.8,4.92,16.6,37.5,0,17,30.3,46.5,0,73,46.9,67.3,12,2,3,3,0.13,3,7,6,6,0.18,5,,,,,,,,,,,,,,,,,,,,,,,,,,,,,,,,,,,,,,,,,,,,,,,,,,,,,,,,,,,,,4190,長嶋 万記,91期,静岡,静岡,45,B2,,1,0,0.16,6.66,45.4,70.4,6.5,45.0,65.0,0,29,34.4,58.8,0,63,35.2,52.9,9,,,,,,12,2,2,0.14,2,,,,,,,,,,,,,,,,,,,,,,,,,,,,,,,,,,,,,,,,,,,,,,,,,,,,,,,,,,,,,5272,松田 真実,131期,愛知,愛知,25,B1,,0,0,0.19,4.98,30.0,45.5,2.71,11.2,19.3,0,51,35.9,52.3,0,23,48.7,68.2,8,4,1,1,0.22,1,11,3,3,0.14,6,,,,,,,,,,,,,,,,,,,,,,,,,,,,,,,,,,,,,,,,,,,,,,,,,,,,,,,,,,,,,5079,大石 真央,124期,静岡,静岡,28,B1,,1,0,0.17,5.07,29.2,51.2,4.03,25.8,32.2,0,16,38.9,56.9,0,20,30.6,48.9,10,6,4,4,0.07,2,,,,,,,,,,,,,,,,,,,,,,,,,,,,,,,,,,,,,,,,,,,,,,,,,,,,,,,,,,,,,,,,,,5438,星田 夢結,137期,福岡,福岡,21,B2,,0,0,0.22,1.56,0.0,1.6,0.0,0.0,0.0,0,5,35.5,55.6,0,45,24.4,44.4,,3,6,4,0.13,6,9,6,6,0.14,6,,,,,,,,,,,,,,,,,,,,,,,,,,,,,,,,,,,,,,,,,,,,,,,,,,,,,,,,,,,,
202609130805,2026-09-13,08,05R,3232,山川 美由紀,57期,香川,香川,59,A2,,0,0,0.16,5.56,33.3,48.6,4.75,0.0,25.0,0,53,36.8,48.6,0,65,42.8,61.9,12,5,3,3,0.21,3,10,5,5,0.14,4,,,,,,,,,,,,,,,,,,,,,,,,,,,,,,,,,,,,,,,,,,,,,,,,,,,,,,,,,,,,,4938,小芦 るり華,118期,佐賀,佐賀,29,A1,,0,0,0.14,6.55,47.6,67.4,5.5,25.0,56.2,0,8,33.6,50.2,0,14,42.8,66.6,10,8,5,5,0.22,3,12,3,3,0.12,4,,,,,,,,,,,,,,,,,,,,,,,,,,,,,,,,,,,,,,,,,,,,,,,,,,,,,,,,,,,,,5347,井澤 聖奈,134期,愛知,長野,22,B2,,0,0,0.21,1.5,0.0,1.5,1.42,0.0,2.2,0,25,30.2,50.0,0,49,18.5,37.0,9,,,,,,8,1,1,0.33,2,,,,,,,,,,,,,,,,,,,,,,,,,,,,,,,,,,,,,,,,,,,,,,,,,,,,,,,,,,,,,5436,市川 瑚幸,137期,東京,神奈川,21,B2,,0,0,0.22,1.49,0.0,2.6,1.12,0.0,0.0,0,59,40.7,57.8,0,62,23.9,41.3,1,4,6,6,0.22,5,,,,,,,,,,,,,,,,,,,,,,,,,,,,,,,,,,,,,,,,,,,,,,,,,,,,,,,,,,,,,,,,,,4964,土屋 南,119期,岡山,岡山,29,A2,,0,0,0.15,6.28,42.8,64.7,6.74,52.6,73.6,0,21,34.2,53.9,0,19,36.9,47.8,11,5,4,4,0.11,1,12,6,6,0.21,5,,,,,,,,,,,,,,,,,,,,,,,,,,,,,,,,,,,,,,,,,,,,,,,,,,,,,,,,,,,,,4897,深見 亜由美,117期,愛知,愛知,34,B1,,0,0,0.21,3.71,15.3,29.4,3.22,0.0,33.3,0,36,30.9,51.8,0,29,18.6,37.2,,3,3,3,0.09,4,11,2,2,0.19,3,,,,,,,,,,,,,,,,,,,,,,,,,,,,,,,,,,,,,,,,,,,,,,,,,,,,,,,,,,,,
202609130806,2026-09-13,08,06R,4825,倉持 莉々,114期,東京,茨城,32,A1,,0,0,0.14,7.16,56.1,74.8,0.0,0.0,0.0,0,55,28.4,46.4,0,54,17.3,41.3,10,,,,,,12,4,4,0.12,3,,,,,,,,,,,,,,,,,,,,,,,,,,,,,,,,,,,,,,,,,,,,,,,,,,,,,,,,,,,,,5230,石原 凪紗,129期,愛知,岐阜,23,B1,,0,0,0.2,4.77,31.5,43.2,4.02,26.6,35.5,0,47,34.9,54.1,0,50,34.7,43.4,11,2,1,1,0.16,1,8,3,3,0.21,4,,,,,,,,,,,,,,,,,,,,,,,,,,,,,,,,,,,,,,,,,,,,,,,,,,,,,,,,,,,,,5251,沼田 七華,130期,福井,石川,24,B2,,0,0,0.17,2.53,2.7,13.8,1.56,0.0,0.0,0,14,46.8,62.9,0,61,15.2,34.7,,1,4,4,0.09,5,5,1,1,0.13,2,,,,,,,,,,,,,,,,,,,,,,,,,,,,,,,,,,,,,,,,,,,,,,,,,,,,,,,,,,,,,4479,矢野 真梨菜,101期,山口,福岡,38,B1,,0,0,0.19,3.72,14.7,23.5,0.0,0.0,0.0,0,9,40.4,56.5,0,55,38.7,57.1,,1,6,6,0.22,4,10,3,3,0.07,5,,,,,,,,,,,,,,,,,,,,,,,,,,,,,,,,,,,,,,,,,,,,,,,,,,,,,,,,,,,,,5203,神里 琴音,128期,福岡,沖縄,22,B1,,0,0,0.16,5.2,27.8,51.9,5.0,23.0,50.0,0,40,33.3,49.7,0,11,34.7,52.1,1,,,,,,7,1,1,0.11,2,,,,,,,,,,,,,,,,,,,,,,,,,,,,,,,,,,,,,,,,,,,,,,,,,,,,,,,,,,,,,5155,内山 七海,127期,福岡,福岡,29,A2,,0,0,0.15,6.16,42.8,62.5,3.33,0.0,0.0,0,60,33.1,50.4,0,12,12.7,36.1,2,6,1,1,0.15,4,12,5,5,0.16,6,,,,,,,,,,,,,,,,,,,,,,,,,,,,,,,,,,,,,,,,,,,,,,,,,,,,,,,,,,,,
202609130807,2026-09-13,08,07R,4765,野田部 宏子,112期,福岡,福岡,36,B1,,1,0,0.13,3.87,15.4,30.9,3.75,12.5,25.0,0,42,38.6,54.8,0,16,29.7,46.8,,5,2,2,0.11,4,11,5,5,0.13,5,,,,,,,,,,,,,,,,,,,,,,,,,,,,,,,,,,,,,,,,,,,,,,,,,,,,,,,,,,,,,5078,山川 波乙,124期,三重,三重,28,B1,,0,0,0.19,4.48,23.4,41.9,5.13,37.5,50.0,0,30,44.1,63.0,0,67,40.4,59.5,1,3,1,1,0.19,3,7,3,3,0.09,3,,,,,,,,,,,,,,,,,,,,,,,,,,,,,,,,,,,,,,,,,,,,,,,,,,,,,,,,,,,,,5182,宮崎 安奈,128期,埼玉,埼玉,28,B1,,0,0,0.14,4.07,21.7,34.7,4.22,16.6,38.8,0,56,29.8,49.2,0,77,31.4,40.7,3,5,5,5,0.07,5,9,2,2,0.21,1,,,,,,,,,,,,,,,,,,,,,,,,,,,,,,,,,,,,,,,,,,,,,,,,,,,,,,,,,,,,,5340,樋江井 舞,134期,愛知,愛知,25,B1,,0,0,0.16,4.14,20.7,39.6,2.38,6.3,10.6,0,26,33.6,51.6,0,46,22.2,35.5,2,,,,,,9,1,1,0.2,4,,,,,,,,,,,,,,,,,,,,,,,,,,,,,,,,,,,,,,,,,,,,,,,,,,,,,,,,,,,,,4502,遠藤 エミ,102期,滋賀,滋賀,38,A1,,0,0,0.14,7.28,50.4,69.4,7.44,58.5,70.7,0,28,32.0,51.0,0,70,17.7,48.8,11,,,,,,12,1,1,0.15,1,,,,,,,,,,,,,,,,,,,,,,,,,,,,,,,,,,,,,,,,,,,,,,,,,,,,,,,,,,,,,5357,田中 瀬里奈,134期,埼玉,北海道,21,B2,賞除,1,0,0.19,1.63,0.0,2.6,1.37,0.0,0.0,0,10,43.9,58.0,0,24,36.9,50.0,,2,4,4,0.13,6,10,6,6,0.09,F,,,,,,,,,,,,,,,,,,,,,,,,,,,,,,,,,,,,,,,,,,,,,,,,,,,,,,,,,,,,
202609130808,2026-09-13,08,08R,5365,石村 日奈那,135期,東京,東京,25,B1,,1,0,0.19,3.0,13.5,17.5,0.0,0.0,0.0,0,54,30.0,47.8,0,39,47.8,60.8,,1,3,3,0.14,6,9,5,5,0.43,5,,,,,,,,,,,,,,,,,,,,,,,,,,,,,,,,,,,,,,,,,,,,,,,,,,,,,,,,,,,,,4556,竹井 奈美,104期,福岡,福岡,37,A1,,0,0,0.16,6.67,52.1,67.3,5.89,44.4,55.5,0,4,30.0,44.7,0,57,40.0,58.0,12,6,5,5,0.12,1,11,1,1,0.1,1,,,,,,,,,,,,,,,,,,,,,,,,,,,,,,,,,,,,,,,,,,,,,,,,,,,,,,,,,,,,,4534,坂 咲友理,103期,大阪,奈良,36,B1,,0,0,0.21,3.93,17.2,32.7,3.65,23.5,23.5,0,24,32.3,48.6,0,32,48.6,67.5,,1,2,2,0.21,2,8,4,4,0.26,6,,,,,,,,,,,,,,,,,,,,,,,,,,,,,,,,,,,,,,,,,,,,,,,,,,,,,,,,,,,,,5324,畑田 希咲,133期,兵庫,兵庫,23,B1,,0,0,0.21,3.09,4.4,16.1,1.12,0.0,0.0,0,52,34.4,51.3,0,35,37.5,47.9,2,3,2,2,0.19,5,,,,,,,,,,,,,,,,,,,,,,,,,,,,,,,,,,,,,,,,,,,,,,,,,,,,,,,,,,,,,,,,,,5439,志賀 美優,137期,愛知,愛知,20,B2,,0,0,0.21,1.45,0.0,3.2,1.45,0.0,0.0,0,31,39.8,53.5,0,71,38.7,61.2,3,6,6,6,0.45,6,,,,,,,,,,,,,,,,,,,,,,,,,,,,,,,,,,,,,,,,,,,,,,,,,,,,,,,,,,,,,,,,,,5272,松田 真実,131期,愛知,愛知,25,B1,,0,0,0.19,4.98,30.0,45.5,2.71,11.2,19.3,0,51,35.9,52.3,0,23,48.7,68.2,4,4,1,1,0.22,1,11,3,3,0.14,6,,,,,,,,,,,,,,,,,,,,,,,,,,,,,,,,,,,,,,,,,,,,,,,,,,,,,,,,,,,,
202609130809,2026-09-13,08,09R,4909,薮内 瑞希,117期,岡山,岡山,30,B1,,1,0,0.16,4.72,32.0,43.5,5.61,32.1,53.5,0,41,35.0,50.2,0,53,36.9,47.8,3,2,2,2,0.19,2,11,6,6,0.13,4,,,,,,,,,,,,,,,,,,,,,,,,,,,,,,,,,,,,,,,,,,,,,,,,,,,,,,,,,,,,,5129,山口 真喜子,126期,長崎,長崎,29,A2,,0,0,0.17,5.95,41.2,58.7,6.48,52.0,60.0,0,13,34.1,49.7,0,40,36.1,55.3,1,5,6,6,0.12,6,,,,,,,,,,,,,,,,,,,,,,,,,,,,,,,,,,,,,,,,,,,,,,,,,,,,,,,,,,,,,,,,,,5194,大久保 佑香,128期,埼玉,埼玉,25,B1,,1,0,0.18,4.54,27.6,39.4,3.25,7.1,21.4,0,1,36.1,54.9,0,44,53.0,65.3,2,2,5,5,0.1,5,9,4,4,0.26,3,,,,,,,,,,,,,,,,,,,,,,,,,,,,,,,,,,,,,,,,,,,,,,,,,,,,,,,,,,,,,5347,井澤 聖奈,134期,愛知,長野,22,B2,,0,0,0.21,1.5,0.0,1.5,1.42,0.0,2.2,0,25,30.2,50.0,0,49,18.5,37.0,5,,,,,,8,1,1,0.33,2,,,,,,,,,,,,,,,,,,,,,,,,,,,,,,,,,,,,,,,,,,,,,,,,,,,,,,,,,,,,,4190,長嶋 万記,91期,静岡,静岡,45,B2,,1,0,0.16,6.66,45.4,70.4,6.5,45.0,65.0,0,29,34.4,58.8,0,63,35.2,52.9,4,,,,,,12,2,2,0.14,2,,,,,,,,,,,,,,,,,,,,,,,,,,,,,,,,,,,,,,,,,,,,,,,,,,,,,,,,,,,,,5296,永田 楽,132期,愛知,愛知,24,B1,,0,0,0.22,4.06,22.3,32.8,2.65,10.7,14.2,0,20,31.5,46.1,0,26,41.3,54.3,,1,5,5,0.06,3,7,4,4,0.11,4,,,,,,,,,,,,,,,,,,,,,,,,,,,,,,,,,,,,,,,,,,,,,,,,,,,,,,,,,,,,
202609130810,2026-09-13,08,10R,4938,小芦 るり華,118期,佐賀,佐賀,29,A1,,0,0,0.14,6.55,47.6,67.4,5.5,25.0,56.2,0,8,33.6,50.2,0,14,42.8,66.6,5,8,5,5,0.22,3,12,3,3,0.12,4,,,,,,,,,,,,,,,,,,,,,,,,,,,,,,,,,,,,,,,,,,,,,,,,,,,,,,,,,,,,,5079,大石 真央,124期,静岡,静岡,28,B1,,1,0,0.17,5.07,29.2,51.2,4.03,25.8,32.2,0,16,38.9,56.9,0,20,30.6,48.9,4,6,4,4,0.07,2,,,,,,,,,,,,,,,,,,,,,,,,,,,,,,,,,,,,,,,,,,,,,,,,,,,,,,,,,,,,,,,,,,4726,島田 なぎさ,111期,埼玉,埼玉,39,B2,,0,0,0.14,3.6,10.0,20.0,0.0,0.0,0.0,0,57,33.7,53.6,0,68,32.0,42.0,2,,,,,,7,2,2,0.14,1,,,,,,,,,,,,,,,,,,,,,,,,,,,,,,,,,,,,,,,,,,,,,,,,,,,,,,,,,,,,,5346,中村 紋夕梨,134期,愛知,愛知,23,B1,,0,0,0.22,3.13,6.9,18.0,1.44,0.0,3.8,0,7,36.9,53.4,0,28,31.1,48.8,3,,,,,,7,5,5,0.13,6,,,,,,,,,,,,,,,,,,,,,,,,,,,,,,,,,,,,,,,,,,,,,,,,,,,,,,,,,,,,,4825,倉持 莉々,114期,東京,茨城,32,A1,,0,0,0.14,7.16,56.1,74.8,0.0,0.0,0.0,0,55,28.4,46.4,0,54,17.3,41.3,6,,,,,,12,4,4,0.12,3,,,,,,,,,,,,,,,,,,,,,,,,,,,,,,,,,,,,,,,,,,,,,,,,,,,,,,,,,,,,,4941,孫崎 百世,119期,滋賀,北海道,37,B1,,0,0,0.21,4.57,27.1,38.2,4.71,29.4,47.0,0,12,41.3,60.0,0,51,22.2,33.3,1,4,4,4,0.22,4,10,2,2,0.29,2,,,,,,,,,,,,,,,,,,,,,,,,,,,,,,,,,,,,,,,,,,,,,,,,,,,,,,,,,,,,
202609130811,2026-09-13,08,11R,4964,土屋 南,119期,岡山,岡山,29,A2,,0,0,0.15,6.28,42.8,64.7,6.74,52.6,73.6,0,21,34.2,53.9,0,19,36.9,47.8,5,5,4,4,0.11,1,12,6,6,0.21,5,,,,,,,,,,,,,,,,,,,,,,,,,,,,,,,,,,,,,,,,,,,,,,,,,,,,,,,,,,,,,5052,赤井 星璃菜,123期,大阪,大阪,31,B1,,0,0,0.16,4.34,24.0,36.0,0.0,0.0,0.0,0,3,45.0,61.8,0,33,22.8,40.0,1,2,6,6,0.13,4,6,3,3,0.11,5,,,,,,,,,,,,,,,,,,,,,,,,,,,,,,,,,,,,,,,,,,,,,,,,,,,,,,,,,,,,,5254,羽田 妃希,130期,愛知,愛知,23,B1,,0,0,0.22,3.33,7.2,25.4,3.41,19.6,27.4,0,35,41.9,61.0,0,31,13.7,34.4,4,6,2,2,0.28,3,10,4,4,0.13,3,,,,,,,,,,,,,,,,,,,,,,,,,,,,,,,,,,,,,,,,,,,,,,,,,,,,,,,,,,,,,4502,遠藤 エミ,102期,滋賀,滋賀,38,A1,,0,0,0.14,7.28,50.4,69.4,7.44,58.5,70.7,0,28,32.0,51.0,0,70,17.7,48.8,7,,,,,,12,1,1,0.15,1,,,,,,,,,,,,,,,,,,,,,,,,,,,,,,,,,,,,,,,,,,,,,,,,,,,,,,,,,,,,,5230,石原 凪紗,129期,愛知,岐阜,23,B1,,0,0,0.2,4.77,31.5,43.2,4.02,26.6,35.5,0,47,34.9,54.1,0,50,34.7,43.4,6,2,1,1,0.16,1,8,3,3,0.21,4,,,,,,,,,,,,,,,,,,,,,,,,,,,,,,,,,,,,,,,,,,,,,,,,,,,,,,,,,,,,,5297,南 彩寧,132期,兵庫,兵庫,24,B1,,0,0,0.22,3.89,18.6,30.7,1.25,0.0,0.0,0,37,32.8,49.3,0,17,25.6,43.5,2,4,3,3,0.23,6,,,,,,,,,,,,,,,,,,,,,,,,,,,,,,,,,,,,,,,,,,,,,,,,,,,,,,,,,,,,,,,,,
202609130812,2026-09-13,08,12R,4433,川野 芽唯,100期,福岡,福岡,40,A1,,0,0,0.17,7.21,55.9,75.3,5.75,25.0,50.0,0,19,34.9,55.0,0,58,34.0,46.0,,4,5,5,0.19,3,9,3,3,0.26,2,,,,,,,,,,,,,,,,,,,,,,,,,,,,,,,,,,,,,,,,,,,,,,,,,,,,,,,,,,,,,3232,山川 美由紀,57期,香川,香川,59,A2,,0,0,0.16,5.56,33.3,48.6,4.75,0.0,25.0,0,53,36.8,48.6,0,65,42.8,61.9,5,5,3,3,0.21,3,10,5,5,0.14,4,,,,,,,,,,,,,,,,,,,,,,,,,,,,,,,,,,,,,,,,,,,,,,,,,,,,,,,,,,,,,4556,竹井 奈美,104期,福岡,福岡,37,A1,,0,0,0.16,6.67,52.1,67.3,5.89,44.4,55.5,0,4,30.0,44.7,0,57,40.0,58.0,8,6,5,5,0.12,1,11,1,1,0.1,1,,,,,,,,,,,,,,,,,,,,,,,,,,,,,,,,,,,,,,,,,,,,,,,,,,,,,,,,,,,,,4208,三浦 永理,91期,静岡,静岡,43,A1,,0,0,0.15,7.27,60.1,78.9,7.41,56.0,77.3,0,38,32.0,49.5,0,52,31.8,43.1,,3,4,5,0.14,1,10,1,1,0.04,1,,,,,,,,,,,,,,,,,,,,,,,,,,,,,,,,,,,,,,,,,,,,,,,,,,,,,,,,,,,,,5146,野田 彩加,126期,山口,山口,23,A2,,0,0,0.16,5.11,32.5,51.8,4.92,16.6,37.5,0,17,30.3,46.5,0,73,46.9,67.3,4,2,3,3,0.13,3,7,6,6,0.18,5,,,,,,,,,,,,,,,,,,,,,,,,,,,,,,,,,,,,,,,,,,,,,,,,,,,,,,,,,,,,,5188,武井 莉里佳,128期,兵庫,兵庫,25,A2,,0,0,0.17,5.97,39.0,57.1,6.47,46.6,66.6,0,58,31.2,44.3,0,66,21.4,35.7,,1,1,1,0.22,1,11,4,4,0.12,2,,,,,,,,,,,,,,,,,,,,,,,,,,,,,,,,,,,,,,,,,,,,,,,,,,,,,,,,,,,,
202609130901,2026-09-13,09,01R,4156,浜野 孝志,90期,三重,三重,45,A2,,0,0,0.17,5.37,30.9,52.2,5.74,39.5,57.1,0,43,26.3,39.5,0,15,40.7,58.5,12,,,,,,9,5,5,0.25,3,,,,,,,,,,,,,,,,,,,,,,,,,,,,,,,,,,,,,,,,,,,,,,,,,,,,,,,,,,,,,3211,北川 敏弘,57期,佐賀,佐賀,64,B1,,0,0,0.18,4.19,19.0,33.0,6.1,50.0,70.0,0,62,29.5,43.4,0,38,31.5,49.7,6,2,4,4,0.1,5,,,,,,,,,,,,,,,,,,,,,,,,,,,,,,,,,,,,,,,,,,,,,,,,,,,,,,,,,,,,,,,,,,5327,西田 和加,133期,埼玉,埼玉,22,B2,,1,0,0.19,1.91,1.8,3.7,1.5,0.0,0.0,0,34,26.4,45.5,0,24,32.9,44.8,5,6,5,5,0.2,6,,,,,,,,,,,,,,,,,,,,,,,,,,,,,,,,,,,,,,,,,,,,,,,,,,,,,,,,,,,,,,,,,,4423,坂口 貴彦,99期,岡山,岡山,37,B1,,0,0,0.17,5.78,39.6,60.4,5.44,25.0,56.2,0,72,33.5,51.4,0,53,24.3,40.1,11,1,6,6,0.09,4,6,2,2,0.2,2,,,,,,,,,,,,,,,,,,,,,,,,,,,,,,,,,,,,,,,,,,,,,,,,,,,,,,,,,,,,,4349,犬童 千秋,96期,福岡,宮崎,40,B1,,1,0,0.15,4.39,25.6,37.8,5.36,39.2,50.0,0,59,29.4,46.8,0,11,36.3,52.9,7,5,2,2,0.22,4,,,,,,,,,,,,,,,,,,,,,,,,,,,,,,,,,,,,,,,,,,,,,,,,,,,,,,,,,,,,,,,,,,4390,松本 弓雄,98期,徳島,高知,40,B1,,0,0,0.2,3.9,17.0,34.0,6.33,44.4,66.6,0,24,39.5,61.8,0,26,38.9,51.9,,3,1,1,0.09,4,,,,,,,,,,,,,,,,,,,,,,,,,,,,,,,,,,,,,,,,,,,,,,,,,,,,,,,,,,,,,,,,,
202609130902,2026-09-13,09,02R,5204,宇恵 有香,129期,三重,三重,29,B2,,0,0,0.18,4.65,21.9,45.0,4.78,25.4,44.4,0,71,30.2,45.6,0,69,35.1,53.0,9,5,3,3,0.17,2,,,,,,,,,,,,,,,,,,,,,,,,,,,,,,,,,,,,,,,,,,,,,,,,,,,,,,,,,,,,,,,,,,4106,坂井 康嗣,88期,佐賀,佐賀,46,B1,,0,0,0.19,4.22,23.3,35.0,4.11,22.2,40.7,0,36,42.5,60.1,0,65,34.3,51.5,8,1,5,5,0.08,5,,,,,,,,,,,,,,,,,,,,,,,,,,,,,,,,,,,,,,,,,,,,,,,,,,,,,,,,,,,,,,,,,,3567,吉岡 誠,70期,山口,山口,56,B1,,0,0,0.18,3.1,17.4,22.2,2.71,14.2,21.4,0,28,34.6,51.6,0,73,32.7,49.6,,2,6,6,0.1,6,7,4,4,0.11,6,,,,,,,,,,,,,,,,,,,,,,,,,,,,,,,,,,,,,,,,,,,,,,,,,,,,,,,,,,,,,4119,泥谷 一毅,88期,大阪,大阪,45,B1,,0,0,0.19,6.02,38.6,62.2,6.11,44.4,69.4,0,53,32.3,48.8,0,50,32.6,47.5,7,6,1,1,0.31,5,,,,,,,,,,,,,,,,,,,,,,,,,,,,,,,,,,,,,,,,,,,,,,,,,,,,,,,,,,,,,,,,,,3901,松田 憲幸,80期,山口,山口,49,B2,,0,0,0.22,4.7,30.1,44.3,4.25,25.0,31.2,0,18,34.6,53.8,0,67,33.5,51.5,10,4,6,6,0.17,5,,,,,,,,,,,,,,,,,,,,,,,,,,,,,,,,,,,,,,,,,,,,,,,,,,,,,,,,,,,,,,,,,,5356,長谷川 暖,134期,岡山,鳥取,21,B1,,1,0,0.15,4.82,27.8,40.9,0.0,0.0,0.0,0,63,29.5,48.5,0,72,32.2,51.6,,3,5,5,0.16,5,7,1,1,0.11,2,,,,,,,,,,,,,,,,,,,,,,,,,,,,,,,,,,,,,,,,,,,,,,,,,,,,,,,,,,,,
202609130903,2026-09-13,09,03R,3973,崎 利仁,83期,群馬,栃木,50,B1,,0,0,0.21,4.57,25.4,42.1,3.4,12.5,20.8,0,55,28.5,39.4,0,12,28.4,37.7,11,4,3,3,0.08,3,,,,,,,,,,,,,,,,,,,,,,,,,,,,,,,,,,,,,,,,,,,,,,,,,,,,,,,,,,,,,,,,,,4318,桑原 将光,95期,東京,東京,42,A2,,1,0,0.16,5.31,26.2,57.5,5.41,40.7,51.8,0,15,36.1,52.4,0,57,36.0,51.4,,4,5,5,0.08,4,10,1,1,0.23,1,,,,,,,,,,,,,,,,,,,,,,,,,,,,,,,,,,,,,,,,,,,,,,,,,,,,,,,,,,,,,3580,水口 由紀,70期,滋賀,京都,53,B1,,0,0,0.2,4.47,17.7,42.2,4.68,21.4,42.8,0,69,23.4,40.0,0,54,22.8,41.7,8,5,5,5,0.16,6,,,,,,,,,,,,,,,,,,,,,,,,,,,,,,,,,,,,,,,,,,,,,,,,,,,,,,,,,,,,,,,,,,5005,石田 貴洋,121期,埼玉,埼玉,30,A1,,0,0,0.15,6.31,43.8,70.4,5.0,20.5,47.0,0,54,26.8,45.5,0,13,34.1,54.1,9,,,,,,9,2,2,0.15,4,,,,,,,,,,,,,,,,,,,,,,,,,,,,,,,,,,,,,,,,,,,,,,,,,,,,,,,,,,,,,4757,山田 祐也,112期,徳島,高知,37,A1,,0,0,0.15,6.61,45.7,58.8,6.17,39.1,54.3,0,27,33.5,48.3,0,18,37.2,55.8,12,6,6,6,0.21,3,12,2,2,0.11,3,,,,,,,,,,,,,,,,,,,,,,,,,,,,,,,,,,,,,,,,,,,,,,,,,,,,,,,,,,,,,3827,今泉 徹,78期,群馬,群馬,53,B1,,0,0,0.17,4.04,14.4,31.9,5.75,37.5,37.5,0,49,38.2,53.0,0,41,19.5,37.4,,3,4,4,0.12,6,8,1,1,0.18,2,,,,,,,,,,,,,,,,,,,,,,,,,,,,,,,,,,,,,,,,,,,,,,,,,,,,,,,,,,,,
202609130904,2026-09-13,09,04R,3448,高山 秀雄,65期,群馬,群馬,56,B1,,0,0,0.19,4.35,21.6,37.8,4.59,20.5,44.1,0,29,31.2,46.8,0,47,28.2,47.5,,2,5,5,0.11,3,10,2,2,0.31,4,,,,,,,,,,,,,,,,,,,,,,,,,,,,,,,,,,,,,,,,,,,,,,,,,,,,,,,,,,,,,5049,松井 友汰,123期,大阪,大阪,31,A2,,1,0,0.19,6.45,48.2,68.9,5.07,26.6,40.0,0,39,41.5,55.1,0,23,38.0,51.4,12,,,,,,7,5,5,0.06,5,,,,,,,,,,,,,,,,,,,,,,,,,,,,,,,,,,,,,,,,,,,,,,,,,,,,,,,,,,,,,4695,尾崎 雄二,110期,長崎,長崎,40,A2,,0,0,0.15,5.26,36.8,50.5,2.67,0.0,33.3,0,17,25.5,39.6,0,29,34.1,56.7,9,,,,,,8,6,6,0.19,5,,,,,,,,,,,,,,,,,,,,,,,,,,,,,,,,,,,,,,,,,,,,,,,,,,,,,,,,,,,,,5277,井上 未都,131期,福岡,福岡,24,B1,,1,0,0.15,4.73,23.8,44.0,4.39,22.2,44.4,0,32,37.1,56.4,0,31,38.1,59.7,,5,6,6,0.12,5,11,3,3,0.31,3,,,,,,,,,,,,,,,,,,,,,,,,,,,,,,,,,,,,,,,,,,,,,,,,,,,,,,,,,,,,,5073,上原 健次郎,124期,福岡,沖縄,31,A2,,0,0,0.18,5.28,31.3,43.4,4.13,13.3,40.0,0,11,27.7,44.5,0,22,33.9,54.3,11,,,,,,9,1,1,0.14,1,,,,,,,,,,,,,,,,,,,,,,,,,,,,,,,,,,,,,,,,,,,,,,,,,,,,,,,,,,,,,4644,山田 亮太,108期,東京,東京,47,A1,,0,0,0.14,6.62,47.5,71.7,5.0,37.5,37.5,0,44,45.5,62.5,0,14,25.4,46.0,10,7,3,3,0.12,1,12,4,4,0.13,2,,,,,,,,,,,,,,,,,,,,,,,,,,,,,,,,,,,,,,,,,,,,,,,,,,,,,,,,,,,,
202609130905,2026-09-13,09,05R,4058,野末 智一,86期,静岡,静岡,47,A1,,0,0,0.19,6.08,43.0,62.6,5.2,32.8,53.1,0,52,30.6,45.2,0,44,31.8,42.8,12,,,,,,8,2,2,0.23,1,,,,,,,,,,,,,,,,,,,,,,,,,,,,,,,,,,,,,,,,,,,,,,,,,,,,,,,,,,,,,3619,長谷川 充,71期,群馬,群馬,52,B1,,0,0,0.19,5.14,30.0,52.2,5.95,36.8,56.1,0,19,17.5,44.1,0,61,27.9,40.4,10,2,3,3,0.11,4,,,,,,,,,,,,,,,,,,,,,,,,,,,,,,,,,,,,,,,,,,,,,,,,,,,,,,,,,,,,,,,,,,3629,浅見 昌克,72期,埼玉,埼玉,56,A2,,0,0,0.14,5.07,27.1,50.8,5.93,37.0,55.5,0,50,33.3,49.0,0,21,31.1,46.3,11,,,,,,7,2,2,0.19,4,,,,,,,,,,,,,,,,,,,,,,,,,,,,,,,,,,,,,,,,,,,,,,,,,,,,,,,,,,,,,4458,抹香 雄三,101期,広島,広島,40,B1,,0,0,0.15,5.49,29.7,57.6,4.27,11.5,42.3,0,58,40.2,52.3,0,25,37.2,53.2,,1,2,2,0.15,2,11,5,5,0.14,1,,,,,,,,,,,,,,,,,,,,,,,,,,,,,,,,,,,,,,,,,,,,,,,,,,,,,,,,,,,,,5354,渡邊 雄斗,134期,三重,宮崎,21,B1,,0,0,0.19,4.44,24.7,42.7,2.92,12.0,18.6,0,33,28.7,45.9,0,36,29.0,45.3,,1,3,3,0.1,3,10,4,4,0.14,3,,,,,,,,,,,,,,,,,,,,,,,,,,,,,,,,,,,,,,,,,,,,,,,,,,,,,,,,,,,,,5327,西田 和加,133期,埼玉,埼玉,22,B2,,1,0,0.19,1.91,1.8,3.7,1.5,0.0,0.0,0,34,26.4,45.5,0,24,32.9,44.8,1,6,5,5,0.2,6,,,,,,,,,,,,,,,,,,,,,,,,,,,,,,,,,,,,,,,,,,,,,,,,,,,,,,,,,,,,,,,,,
202609130906,2026-09-13,09,06R,5172,田村 慶,127期,徳島,徳島,25,B1,,0,0,0.19,5.09,36.2,47.2,5.3,30.0,65.0,0,21,39.3,56.7,0,56,36.9,55.4,,1,4,4,0.17,6,8,3,3,0.22,3,,,,,,,,,,,,,,,,,,,,,,,,,,,,,,,,,,,,,,,,,,,,,,,,,,,,,,,,,,,,,5359,佐藤 世那,134期,東京,宮城,20,B1,,1,0,0.17,4.3,26.8,41.7,2.2,5.0,5.0,0,35,36.8,56.2,0,71,24.7,45.5,12,4,1,1,0.13,1,,,,,,,,,,,,,,,,,,,,,,,,,,,,,,,,,,,,,,,,,,,,,,,,,,,,,,,,,,,,,,,,,,4191,赤羽 克也,91期,埼玉,埼玉,45,A1,,0,0,0.16,6.59,50.0,69.7,6.67,50.0,72.2,0,12,29.1,40.9,0,51,28.1,46.2,10,,,,,,11,1,1,0.22,5,,,,,,,,,,,,,,,,,,,,,,,,,,,,,,,,,,,,,,,,,,,,,,,,,,,,,,,,,,,,,3900,香川 素子,80期,滋賀,大阪,49,A2,,1,0,0.18,6.19,44.9,62.9,6.33,45.4,60.6,0,57,22.1,38.4,0,68,24.5,38.6,,5,1,1,0.22,1,10,5,5,0.16,6,,,,,,,,,,,,,,,,,,,,,,,,,,,,,,,,,,,,,,,,,,,,,,,,,,,,,,,,,,,,,3211,北川 敏弘,57期,佐賀,佐賀,64,B1,,0,0,0.18,4.19,19.0,33.0,6.1,50.0,70.0,0,62,29.5,43.4,0,38,31.5,49.7,1,2,4,4,0.1,5,,,,,,,,,,,,,,,,,,,,,,,,,,,,,,,,,,,,,,,,,,,,,,,,,,,,,,,,,,,,,,,,,,4532,秋元 哲,103期,埼玉,栃木,37,A1,,1,0,0.13,6.98,56.3,72.4,6.51,32.5,60.4,0,66,26.3,37.5,0,34,38.2,56.3,11,8,4,4,0.24,4,12,1,1,0.11,1,,,,,,,,,,,,,,,,,,,,,,,,,,,,,,,,,,,,,,,,,,,,,,,,,,,,,,,,,,,,
202609130907,2026-09-13,09,07R,4349,犬童 千秋,96期,福岡,宮崎,40,B1,,1,0,0.15,4.39,25.6,37.8,5.36,39.2,50.0,0,59,29.4,46.8,0,11,36.3,52.9,1,5,2,2,0.22,4,,,,,,,,,,,,,,,,,,,,,,,,,,,,,,,,,,,,,,,,,,,,,,,,,,,,,,,,,,,,,,,,,,4703,森永 隆,110期,山口,山口,38,A1,,0,0,0.16,6.68,56.6,67.5,5.85,30.0,70.0,0,68,37.7,50.5,0,39,34.9,50.9,,3,6,6,0.16,3,12,3,3,0.13,6,,,,,,,,,,,,,,,,,,,,,,,,,,,,,,,,,,,,,,,,,,,,,,,,,,,,,,,,,,,,,3268,森 竜也,59期,三重,三重,61,B1,,0,0,0.17,4.8,29.8,43.2,4.8,33.9,42.3,0,16,38.7,57.1,0,28,37.5,51.9,,2,1,1,0.1,1,8,5,5,0.26,6,,,,,,,,,,,,,,,,,,,,,,,,,,,,,,,,,,,,,,,,,,,,,,,,,,,,,,,,,,,,,4933,板橋 侑我,118期,静岡,静岡,30,A2,,0,0,0.14,6.54,44.2,58.9,8.13,75.0,100.0,0,64,31.8,49.3,0,76,40.5,60.1,,7,6,6,0.08,3,11,2,2,0.21,4,,,,,,,,,,,,,,,,,,,,,,,,,,,,,,,,,,,,,,,,,,,,,,,,,,,,,,,,,,,,,3349,吉田 一郎,62期,長崎,長崎,58,A1,,0,0,0.17,6.03,40.0,61.2,6.0,57.1,57.1,0,45,25.0,40.5,0,49,42.0,56.0,11,,,,,,10,3,3,0.21,5,,,,,,,,,,,,,,,,,,,,,,,,,,,,,,,,,,,,,,,,,,,,,,,,,,,,,,,,,,,,,4119,泥谷 一毅,88期,大阪,大阪,45,B1,,0,0,0.19,6.02,38.6,62.2,6.11,44.4,69.4,0,53,32.3,48.8,0,50,32.6,47.5,2,6,1,1,0.31,5,,,,,,,,,,,,,,,,,,,,,,,,,,,,,,,,,,,,,,,,,,,,,,,,,,,,,,,,,,,,,,,,,
202609130908,2026-09-13,09,08R,3430,角浜 修,65期,広島,広島,58,B1,,0,0,0.17,4.37,24.7,38.1,4.72,33.3,44.4,0,48,37.3,56.0,0,64,34.0,51.4,,2,2,2,0.07,2,9,4,4,0.23,6,,,,,,,,,,,,,,,,,,,,,,,,,,,,,,,,,,,,,,,,,,,,,,,,,,,,,,,,,,,,,4259,真庭 明志,93期,長崎,長崎,42,A2,,0,0,0.15,5.66,34.9,57.1,3.6,20.0,40.0,0,22,38.6,60.1,0,74,39.8,52.5,12,6,4,4,0.17,4,,,,,,,,,,,,,,,,,,,,,,,,,,,,,,,,,,,,,,,,,,,,,,,,,,,,,,,,,,,,,,,,,,4581,吉村 誠,105期,静岡,静岡,37,A1,,1,0,0.14,6.59,49.0,70.0,5.92,30.5,58.3,0,60,26.0,48.0,0,30,35.1,49.3,,4,2,2,0.1,6,12,6,6,0.09,5,,,,,,,,,,,,,,,,,,,,,,,,,,,,,,,,,,,,,,,,,,,,,,,,,,,,,,,,,,,,,3580,水口 由紀,70期,滋賀,京都,53,B1,,0,0,0.2,4.47,17.7,42.2,4.68,21.4,42.8,0,69,23.4,40.0,0,54,22.8,41.7,3,5,5,5,0.16,6,,,,,,,,,,,,,,,,,,,,,,,,,,,,,,,,,,,,,,,,,,,,,,,,,,,,,,,,,,,,,,,,,,4702,三浦 敬太,110期,東京,北海道,39,A1,,0,0,0.14,5.82,41.4,58.5,6.44,55.5,55.5,0,23,31.6,47.8,0,58,23.0,40.0,,6,3,3,0.16,1,11,4,4,0.13,6,,,,,,,,,,,,,,,,,,,,,,,,,,,,,,,,,,,,,,,,,,,,,,,,,,,,,,,,,,,,,4106,坂井 康嗣,88期,佐賀,佐賀,46,B1,,0,0,0.19,4.22,23.3,35.0,4.11,22.2,40.7,0,36,42.5,60.1,0,65,34.3,51.5,2,1,5,5,0.08,5,,,,,,,,,,,,,,,,,,,,,,,,,,,,,,,,,,,,,,,,,,,,,,,,,,,,,,,,,,,,,,,,,
202609130909,2026-09-13,09,09R,4695,尾崎 雄二,110期,長崎,長崎,40,A2,,0,0,0.15,5.26,36.8,50.5,2.67,0.0,33.3,0,17,25.5,39.6,0,29,34.1,56.7,4,,,,,,8,6,6,0.19,5,,,,,,,,,,,,,,,,,,,,,,,,,,,,,,,,,,,,,,,,,,,,,,,,,,,,,,,,,,,,,4017,向井 美鈴,84期,山口,山口,46,B1,,0,0,0.2,5.61,36.7,58.6,5.91,36.3,63.6,0,41,42.5,61.9,0,35,21.0,35.0,,5,4,4,0.17,3,9,3,3,0.22,2,,,,,,,,,,,,,,,,,,,,,,,,,,,,,,,,,,,,,,,,,,,,,,,,,,,,,,,,,,,,,4136,江夏 満,89期,福岡,福岡,46,A1,,0,0,0.17,6.33,42.1,63.1,5.97,41.3,65.5,0,47,30.8,45.2,0,52,35.1,56.5,,1,1,1,0.05,1,12,5,5,0.2,4,,,,,,,,,,,,,,,,,,,,,,,,,,,,,,,,,,,,,,,,,,,,,,,,,,,,,,,,,,,,,5204,宇恵 有香,129期,三重,三重,29,B2,,0,0,0.18,4.65,21.9,45.0,4.78,25.4,44.4,0,71,30.2,45.6,0,69,35.1,53.0,2,5,3,3,0.17,2,,,,,,,,,,,,,,,,,,,,,,,,,,,,,,,,,,,,,,,,,,,,,,,,,,,,,,,,,,,,,,,,,,4977,馬野 耀,120期,大阪,大阪,32,A2,,0,0,0.16,6.16,41.1,63.7,5.33,27.7,61.1,0,51,42.2,60.2,0,45,36.6,51.8,,3,3,3,0.12,2,10,6,6,0.2,2,,,,,,,,,,,,,,,,,,,,,,,,,,,,,,,,,,,,,,,,,,,,,,,,,,,,,,,,,,,,,5005,石田 貴洋,121期,埼玉,埼玉,30,A1,,0,0,0.15,6.31,43.8,70.4,5.0,20.5,47.0,0,54,26.8,45.5,0,13,34.1,54.1,3,,,,,,9,2,2,0.15,4,,,,,,,,,,,,,,,,,,,,,,,,,,,,,,,,,,,,,,,,,,,,,,,,,,,,,,,,,,,,
202609130910,2026-09-13,09,10R,4949,横田 貴満,119期,佐賀,熊本,33,A2,,0,0,0.16,5.95,38.8,57.6,0.0,0.0,0.0,0,70,34.1,50.9,0,27,27.2,41.3,,4,4,4,0.11,2,9,6,6,0.29,5,,,,,,,,,,,,,,,,,,,,,,,,,,,,,,,,,,,,,,,,,,,,,,,,,,,,,,,,,,,,,4644,山田 亮太,108期,東京,東京,47,A1,,0,0,0.14,6.62,47.5,71.7,5.0,37.5,37.5,0,44,45.5,62.5,0,14,25.4,46.0,4,7,3,3,0.12,1,12,4,4,0.13,2,,,,,,,,,,,,,,,,,,,,,,,,,,,,,,,,,,,,,,,,,,,,,,,,,,,,,,,,,,,,,3901,松田 憲幸,80期,山口,山口,49,B2,,0,0,0.22,4.7,30.1,44.3,4.25,25.0,31.2,0,18,34.6,53.8,0,67,33.5,51.5,2,4,6,6,0.17,5,,,,,,,,,,,,,,,,,,,,,,,,,,,,,,,,,,,,,,,,,,,,,,,,,,,,,,,,,,,,,,,,,,4824,松井 洪弥,114期,三重,三重,33,A2,,0,0,0.12,5.97,45.2,55.6,6.17,46.1,58.4,0,25,39.2,55.3,0,63,31.6,50.3,,3,2,2,0.09,1,11,6,6,0.15,2,,,,,,,,,,,,,,,,,,,,,,,,,,,,,,,,,,,,,,,,,,,,,,,,,,,,,,,,,,,,,3619,長谷川 充,71期,群馬,群馬,52,B1,,0,0,0.19,5.14,30.0,52.2,5.95,36.8,56.1,0,19,17.5,44.1,0,61,27.9,40.4,5,2,3,3,0.11,4,,,,,,,,,,,,,,,,,,,,,,,,,,,,,,,,,,,,,,,,,,,,,,,,,,,,,,,,,,,,,,,,,,4191,赤羽 克也,91期,埼玉,埼玉,45,A1,,0,0,0.16,6.59,50.0,69.7,6.67,50.0,72.2,0,12,29.1,40.9,0,51,28.1,46.2,6,,,,,,11,1,1,0.22,5,,,,,,,,,,,,,,,,,,,,,,,,,,,,,,,,,,,,,,,,,,,,,,,,,,,,,,,,,,,,
202609130911,2026-09-13,09,11R,3349,吉田 一郎,62期,長崎,長崎,58,A1,,0,0,0.17,6.03,40.0,61.2,6.0,57.1,57.1,0,45,25.0,40.5,0,49,42.0,56.0,7,,,,,,10,3,3,0.21,5,,,,,,,,,,,,,,,,,,,,,,,,,,,,,,,,,,,,,,,,,,,,,,,,,,,,,,,,,,,,,4532,秋元 哲,103期,埼玉,栃木,37,A1,,1,0,0.13,6.98,56.3,72.4,6.51,32.5,60.4,0,66,26.3,37.5,0,34,38.2,56.3,6,8,4,4,0.24,4,12,1,1,0.11,1,,,,,,,,,,,,,,,,,,,,,,,,,,,,,,,,,,,,,,,,,,,,,,,,,,,,,,,,,,,,,4423,坂口 貴彦,99期,岡山,岡山,37,B1,,0,0,0.17,5.78,39.6,60.4,5.44,25.0,56.2,0,72,33.5,51.4,0,53,24.3,40.1,1,1,6,6,0.09,4,6,2,2,0.2,2,,,,,,,,,,,,,,,,,,,,,,,,,,,,,,,,,,,,,,,,,,,,,,,,,,,,,,,,,,,,,5073,上原 健次郎,124期,福岡,沖縄,31,A2,,0,0,0.18,5.28,31.3,43.4,4.13,13.3,40.0,0,11,27.7,44.5,0,22,33.9,54.3,4,,,,,,9,1,1,0.14,1,,,,,,,,,,,,,,,,,,,,,,,,,,,,,,,,,,,,,,,,,,,,,,,,,,,,,,,,,,,,,3973,崎 利仁,83期,群馬,栃木,50,B1,,0,0,0.21,4.57,25.4,42.1,3.4,12.5,20.8,0,55,28.5,39.4,0,12,28.4,37.7,3,4,3,3,0.08,3,,,,,,,,,,,,,,,,,,,,,,,,,,,,,,,,,,,,,,,,,,,,,,,,,,,,,,,,,,,,,,,,,,3629,浅見 昌克,72期,埼玉,埼玉,56,A2,,0,0,0.14,5.07,27.1,50.8,5.93,37.0,55.5,0,50,33.3,49.0,0,21,31.1,46.3,5,,,,,,7,2,2,0.19,4,,,,,,,,,,,,,,,,,,,,,,,,,,,,,,,,,,,,,,,,,,,,,,,,,,,,,,,,,,,,
202609130912,2026-09-13,09,12R,4757,山田 祐也,112期,徳島,高知,37,A1,,0,0,0.15,6.61,45.7,58.8,6.17,39.1,54.3,0,27,33.5,48.3,0,18,37.2,55.8,3,6,6,6,0.21,3,12,2,2,0.11,3,,,,,,,,,,,,,,,,,,,,,,,,,,,,,,,,,,,,,,,,,,,,,,,,,,,,,,,,,,,,,4156,浜野 孝志,90期,三重,三重,45,A2,,0,0,0.17,5.37,30.9,52.2,5.74,39.5,57.1,0,43,26.3,39.5,0,15,40.7,58.5,1,,,,,,9,5,5,0.25,3,,,,,,,,,,,,,,,,,,,,,,,,,,,,,,,,,,,,,,,,,,,,,,,,,,,,,,,,,,,,,4259,真庭 明志,93期,長崎,長崎,42,A2,,0,0,0.15,5.66,34.9,57.1,3.6,20.0,40.0,0,22,38.6,60.1,0,74,39.8,52.5,8,6,4,4,0.17,4,,,,,,,,,,,,,,,,,,,,,,,,,,,,,,,,,,,,,,,,,,,,,,,,,,,,,,,,,,,,,,,,,,4058,野末 智一,86期,静岡,静岡,47,A1,,0,0,0.19,6.08,43.0,62.6,5.2,32.8,53.1,0,52,30.6,45.2,0,44,31.8,42.8,5,,,,,,8,2,2,0.23,1,,,,,,,,,,,,,,,,,,,,,,,,,,,,,,,,,,,,,,,,,,,,,,,,,,,,,,,,,,,,,5359,佐藤 世那,134期,東京,宮城,20,B1,,1,0,0.17,4.3,26.8,41.7,2.2,5.0,5.0,0,35,36.8,56.2,0,71,24.7,45.5,6,4,1,1,0.13,1,,,,,,,,,,,,,,,,,,,,,,,,,,,,,,,,,,,,,,,,,,,,,,,,,,,,,,,,,,,,,,,,,,5049,松井 友汰,123期,大阪,大阪,31,A2,,1,0,0.19,6.45,48.2,68.9,5.07,26.6,40.0,0,39,41.5,55.1,0,23,38.0,51.4,4,,,,,,7,5,5,0.06,5,,,,,,,,,,,,,,,,,,,,,,,,,,,,,,,,,,,,,,,,,,,,,,,,,,,,,,,,,,,,
202609131001,2026-09-13,10,01R,5045,平川 香織,122期,埼玉,東京,26,A2,,1,0,0.19,7.05,52.4,76.7,4.1,15.0,35.0,0,40,39.2,58.4,0,19,39.2,57.6,11,6,2,2,0.19,1,10,6,6,0.15,3,,,,,,,,,,,,,,,,,,,,,,,,,,,,,,,,,,,,,,,,,,,,,,,,,,,,,,,,,,,,,3474,松瀬 弘美,66期,静岡,静岡,56,B1,,0,0,0.19,4.73,26.9,45.1,5.46,33.3,53.8,0,26,20.5,36.6,0,65,31.7,49.2,10,,,,,,7,3,3,0.08,6,,,,,,,,,,,,,,,,,,,,,,,,,,,,,,,,,,,,,,,,,,,,,,,,,,,,,,,,,,,,,3645,淺田 千亜希,72期,徳島,徳島,53,B2,,1,0,0.15,4.55,33.3,36.3,0.0,0.0,0.0,0,57,42.7,62.9,0,28,41.2,54.7,5,4,5,5,0.19,6,,,,,,,,,,,,,,,,,,,,,,,,,,,,,,,,,,,,,,,,,,,,,,,,,,,,,,,,,,,,,,,,,,4694,高田 綾,110期,福岡,福岡,41,B1,,0,0,0.2,4.47,20.6,41.3,0.0,0.0,0.0,0,14,34.1,45.8,0,68,26.3,47.2,9,3,5,5,0.11,3,,,,,,,,,,,,,,,,,,,,,,,,,,,,,,,,,,,,,,,,,,,,,,,,,,,,,,,,,,,,,,,,,,4317,木村 紗友希,95期,静岡,静岡,42,B1,,0,0,0.18,4.42,24.7,35.4,5.28,44.4,44.4,0,60,31.6,44.8,0,11,29.5,52.1,,1,2,2,0.21,1,5,4,4,0.14,3,,,,,,,,,,,,,,,,,,,,,,,,,,,,,,,,,,,,,,,,,,,,,,,,,,,,,,,,,,,,,4589,塩崎 桐加,105期,三重,三重,34,B1,,0,0,0.17,5.69,33.3,58.3,6.67,55.5,66.6,0,59,25.4,46.6,0,54,35.8,48.3,7,,,,,,9,1,1,0.11,1,,,,,,,,,,,,,,,,,,,,,,,,,,,,,,,,,,,,,,,,,,,,,,,,,,,,,,,,,,,,
202609131002,2026-09-13,10,02R,4233,亀山 雅幸,92期,群馬,群馬,43,A2,,0,0,0.17,6.05,45.9,63.1,5.88,62.5,62.5,0,42,42.2,59.3,0,49,23.3,45.8,8,4,6,6,0.24,5,9,4,4,0.06,3,,,,,,,,,,,,,,,,,,,,,,,,,,,,,,,,,,,,,,,,,,,,,,,,,,,,,,,,,,,,,5029,中 亮太,122期,福岡,熊本,29,A1,,0,0,0.14,7.01,56.4,70.9,6.1,30.0,70.0,0,20,36.9,54.6,0,14,36.8,54.1,10,1,1,1,0.21,2,12,4,4,0.11,3,,,,,,,,,,,,,,,,,,,,,,,,,,,,,,,,,,,,,,,,,,,,,,,,,,,,,,,,,,,,,3156,金子 良昭,54期,静岡,静岡,61,B1,,1,0,0.17,4.05,21.8,34.4,4.73,23.3,40.0,0,51,38.5,60.6,0,27,32.2,55.0,9,,,,,,10,1,1,0.13,1,,,,,,,,,,,,,,,,,,,,,,,,,,,,,,,,,,,,,,,,,,,,,,,,,,,,,,,,,,,,,5323,香川 陽太,133期,滋賀,京都,23,B2,,0,0,0.18,4.64,25.5,43.6,2.9,5.0,20.0,0,56,27.6,44.7,0,70,29.5,45.0,6,,,,,,9,6,6,0.09,5,,,,,,,,,,,,,,,,,,,,,,,,,,,,,,,,,,,,,,,,,,,,,,,,,,,,,,,,,,,,,3482,金子 猛志,66期,群馬,群馬,55,B1,,0,0,0.15,4.71,27.4,43.3,5.02,31.4,51.8,0,13,38.2,57.0,0,57,31.7,46.3,11,5,2,2,0.24,4,,,,,,,,,,,,,,,,,,,,,,,,,,,,,,,,,,,,,,,,,,,,,,,,,,,,,,,,,,,,,,,,,,4003,表 憲一,84期,福井,石川,48,B1,,0,0,0.18,5.68,35.6,59.7,5.44,29.8,55.1,0,38,27.8,40.9,0,67,35.0,48.7,,4,3,3,0.18,3,11,1,1,0.11,1,,,,,,,,,,,,,,,,,,,,,,,,,,,,,,,,,,,,,,,,,,,,,,,,,,,,,,,,,,,,
202609131003,2026-09-13,10,03R,4953,尾上 雅也,119期,埼玉,埼玉,31,A1,,0,0,0.16,6.46,48.8,65.6,7.08,50.0,75.0,0,64,32.5,50.8,0,66,34.3,56.4,9,5,5,6,0.13,2,11,3,3,0.19,3,,,,,,,,,,,,,,,,,,,,,,,,,,,,,,,,,,,,,,,,,,,,,,,,,,,,,,,,,,,,,3967,鈴木 茂高,82期,愛知,愛知,47,B1,,1,0,0.19,4.31,25.9,38.2,4.29,19.3,35.4,0,67,25.8,38.7,0,37,36.2,51.7,8,5,6,5,0.24,6,,,,,,,,,,,,,,,,,,,,,,,,,,,,,,,,,,,,,,,,,,,,,,,,,,,,,,,,,,,,,,,,,,4155,長野 壮志郎,90期,福岡,福岡,45,A2,,0,0,0.16,6.16,47.2,63.8,4.0,30.0,40.0,0,12,37.4,52.8,0,48,34.1,57.3,12,4,4,4,0.18,2,10,5,5,0.11,4,,,,,,,,,,,,,,,,,,,,,,,,,,,,,,,,,,,,,,,,,,,,,,,,,,,,,,,,,,,,,5294,豊田 祥生,132期,静岡,静岡,24,B1,,0,0,0.17,3.61,17.3,24.0,3.43,13.0,26.0,0,47,19.6,35.9,0,41,19.1,30.3,10,,,,,,8,6,6,0.11,6,,,,,,,,,,,,,,,,,,,,,,,,,,,,,,,,,,,,,,,,,,,,,,,,,,,,,,,,,,,,,4203,小倉 康典,91期,群馬,群馬,44,B1,,0,0,0.14,4.56,29.7,42.8,4.22,22.2,44.4,0,29,30.0,44.1,0,23,33.5,56.7,7,1,4,4,0.22,6,,,,,,,,,,,,,,,,,,,,,,,,,,,,,,,,,,,,,,,,,,,,,,,,,,,,,,,,,,,,,,,,,,3620,信濃 由行,71期,福井,石川,52,B1,,0,0,0.18,3.21,6.6,22.6,3.97,18.8,35.8,0,37,32.5,46.3,0,34,38.1,52.5,,2,3,3,0.15,6,6,1,1,0.16,5,,,,,,,,,,,,,,,,,,,,,,,,,,,,,,,,,,,,,,,,,,,,,,,,,,,,,,,,,,,,
202609131004,2026-09-13,10,04R,5141,大澤 風葵,126期,群馬,群馬,25,A1,,1,0,0.14,6.53,56.2,67.7,7.5,66.6,75.0,0,35,47.0,62.3,0,30,33.6,47.5,8,2,2,2,0.14,2,12,6,6,0.08,5,,,,,,,,,,,,,,,,,,,,,,,,,,,,,,,,,,,,,,,,,,,,,,,,,,,,,,,,,,,,,4081,樋口 範政,87期,愛知,愛知,47,B1,,0,0,0.19,5.52,34.2,53.5,3.95,16.2,35.1,0,39,32.2,57.6,0,69,29.2,46.1,,1,5,5,0.23,4,10,4,4,0.16,5,,,,,,,,,,,,,,,,,,,,,,,,,,,,,,,,,,,,,,,,,,,,,,,,,,,,,,,,,,,,,3613,角谷 健吾,71期,東京,東京,53,A2,,0,0,0.16,5.88,42.6,59.1,0.0,0.0,0.0,0,63,38.5,50.0,0,33,33.9,53.3,10,,,,,,7,5,5,0.13,4,,,,,,,,,,,,,,,,,,,,,,,,,,,,,,,,,,,,,,,,,,,,,,,,,,,,,,,,,,,,,3699,富永 正人,74期,埼玉,埼玉,53,B1,,0,0,0.19,4.39,24.3,37.8,4.48,32.0,40.0,0,48,28.1,43.7,0,16,37.2,52.5,12,3,2,2,0.11,1,,,,,,,,,,,,,,,,,,,,,,,,,,,,,,,,,,,,,,,,,,,,,,,,,,,,,,,,,,,,,,,,,,3746,岡瀬 正人,75期,岡山,岡山,51,A2,,0,0,0.18,5.74,35.0,56.4,7.45,63.6,81.8,0,21,32.3,49.2,0,52,34.5,51.8,9,7,2,2,0.09,2,11,4,4,0.24,2,,,,,,,,,,,,,,,,,,,,,,,,,,,,,,,,,,,,,,,,,,,,,,,,,,,,,,,,,,,,,3442,宮武 英司,65期,香川,香川,57,B1,,0,0,0.16,4.26,21.2,38.3,5.8,30.0,60.0,0,69,28.9,47.3,0,63,32.5,42.6,,3,4,4,0.16,6,8,1,1,0.12,1,,,,,,,,,,,,,,,,,,,,,,,,,,,,,,,,,,,,,,,,,,,,,,,,,,,,,,,,,,,,
202609131005,2026-09-13,10,05R,4931,木谷 賢太,118期,香川,香川,30,A1,,0,0,0.15,6.76,51.9,71.6,5.78,33.3,55.5,0,32,23.9,47.0,0,39,28.5,42.8,9,7,6,6,0.16,5,12,2,2,0.12,4,,,,,,,,,,,,,,,,,,,,,,,,,,,,,,,,,,,,,,,,,,,,,,,,,,,,,,,,,,,,,3645,淺田 千亜希,72期,徳島,徳島,53,B2,,1,0,0.15,4.55,33.3,36.3,0.0,0.0,0.0,0,57,42.7,62.9,0,28,41.2,54.7,1,4,5,5,0.19,6,,,,,,,,,,,,,,,,,,,,,,,,,,,,,,,,,,,,,,,,,,,,,,,,,,,,,,,,,,,,,,,,,,3940,飯山 泰,81期,東京,長野,48,A1,,0,0,0.14,6.3,47.4,63.5,7.4,64.4,77.7,0,50,30.2,46.7,0,43,27.4,44.2,11,6,4,4,0.14,3,12,1,1,0.1,1,,,,,,,,,,,,,,,,,,,,,,,,,,,,,,,,,,,,,,,,,,,,,,,,,,,,,,,,,,,,,3788,一宮 稔弘,77期,徳島,徳島,54,B2,,0,0,0.13,5.52,39.1,52.1,4.2,26.6,40.0,0,22,22.7,32.7,0,12,44.0,55.9,10,6,5,6,0.16,4,,,,,,,,,,,,,,,,,,,,,,,,,,,,,,,,,,,,,,,,,,,,,,,,,,,,,,,,,,,,,,,,,,4890,石川 諒,117期,山口,山口,37,A2,,1,0,0.14,5.93,39.3,64.8,3.67,33.3,33.3,0,45,38.1,56.3,0,62,33.6,47.9,,5,3,3,0.19,5,10,2,2,0.15,6,,,,,,,,,,,,,,,,,,,,,,,,,,,,,,,,,,,,,,,,,,,,,,,,,,,,,,,,,,,,,4930,佐藤 悠,118期,福井,石川,30,A2,,0,0,0.16,6.22,41.7,66.9,5.99,38.7,60.6,0,27,38.1,55.5,0,60,32.3,47.6,12,5,1,1,0.19,1,9,3,3,0.06,2,,,,,,,,,,,,,,,,,,,,,,,,,,,,,,,,,,,,,,,,,,,,,,,,,,,,,,,,,,,,
202609131006,2026-09-13,10,06R,5323,香川 陽太,133期,滋賀,京都,23,B2,,0,0,0.18,4.64,25.5,43.6,2.9,5.0,20.0,0,56,27.6,44.7,0,70,29.5,45.0,2,,,,,,9,6,6,0.09,5,,,,,,,,,,,,,,,,,,,,,,,,,,,,,,,,,,,,,,,,,,,,,,,,,,,,,,,,,,,,,3659,藤生 雄人,72期,群馬,群馬,51,A2,,0,0,0.17,5.53,32.1,56.7,5.75,41.6,58.3,0,58,33.0,46.7,0,46,37.4,52.8,10,3,3,3,0.09,5,11,5,5,0.36,5,,,,,,,,,,,,,,,,,,,,,,,,,,,,,,,,,,,,,,,,,,,,,,,,,,,,,,,,,,,,,3563,堤 昇,70期,静岡,静岡,56,B1,,0,0,0.15,5.94,41.7,63.4,4.6,24.0,40.0,0,53,33.3,48.4,0,13,29.8,47.5,,2,5,5,0.17,4,9,2,2,0.08,4,,,,,,,,,,,,,,,,,,,,,,,,,,,,,,,,,,,,,,,,,,,,,,,,,,,,,,,,,,,,,4564,山本 景士郎,105期,広島,広島,38,B1,,0,0,0.19,4.68,22.2,44.4,4.57,26.6,43.3,0,11,26.3,41.8,0,72,33.3,53.3,,4,2,2,0.24,4,8,5,5,0.11,5,,,,,,,,,,,,,,,,,,,,,,,,,,,,,,,,,,,,,,,,,,,,,,,,,,,,,,,,,,,,,4842,山下 昂大,115期,岡山,岡山,34,A2,,1,0,0.16,5.8,36.2,56.0,6.94,58.8,82.3,0,55,35.2,50.8,0,29,26.3,48.1,12,,,,,,8,2,2,0.13,4,,,,,,,,,,,,,,,,,,,,,,,,,,,,,,,,,,,,,,,,,,,,,,,,,,,,,,,,,,,,,5034,若林 義人,122期,静岡,静岡,28,A1,,0,0,0.12,6.42,47.0,65.4,7.07,48.1,74.0,0,54,41.0,59.8,0,71,39.4,60.5,11,4,1,1,0.15,1,12,5,5,0.09,転,,,,,,,,,,,,,,,,,,,,,,,,,,,,,,,,,,,,,,,,,,,,,,,,,,,,,,,,,,,,
202609131007,2026-09-13,10,07R,3805,高橋 英之,77期,東京,東京,52,B1,,0,0,0.14,5.46,34.8,55.0,5.28,44.4,55.5,0,28,30.0,50.3,0,44,39.8,52.2,,3,6,6,0.14,4,10,3,3,0.17,2,,,,,,,,,,,,,,,,,,,,,,,,,,,,,,,,,,,,,,,,,,,,,,,,,,,,,,,,,,,,,4203,小倉 康典,91期,群馬,群馬,44,B1,,0,0,0.14,4.56,29.7,42.8,4.22,22.2,44.4,0,29,30.0,44.1,0,23,33.5,56.7,3,1,4,4,0.22,6,,,,,,,,,,,,,,,,,,,,,,,,,,,,,,,,,,,,,,,,,,,,,,,,,,,,,,,,,,,,,,,,,,3968,茶谷 信次,83期,滋賀,滋賀,50,A2,,0,0,0.18,5.04,28.9,51.8,6.02,36.1,63.8,0,16,21.4,36.6,0,58,39.8,57.8,,6,6,5,0.22,2,11,2,2,0.15,4,,,,,,,,,,,,,,,,,,,,,,,,,,,,,,,,,,,,,,,,,,,,,,,,,,,,,,,,,,,,,4589,塩崎 桐加,105期,三重,三重,34,B1,,0,0,0.17,5.69,33.3,58.3,6.67,55.5,66.6,0,59,25.4,46.6,0,54,35.8,48.3,1,,,,,,9,1,1,0.11,1,,,,,,,,,,,,,,,,,,,,,,,,,,,,,,,,,,,,,,,,,,,,,,,,,,,,,,,,,,,,,4199,北川 潤二,91期,愛知,愛知,44,A1,,0,0,0.15,6.29,44.4,63.7,6.47,58.8,64.7,0,33,36.2,50.0,0,15,36.6,51.9,12,8,4,4,0.09,3,12,3,3,0.08,2,,,,,,,,,,,,,,,,,,,,,,,,,,,,,,,,,,,,,,,,,,,,,,,,,,,,,,,,,,,,,3251,平石 和男,58期,埼玉,埼玉,60,A2,,0,0,0.2,5.89,37.4,64.2,5.78,42.1,63.1,0,41,26.2,45.0,0,50,33.3,49.1,11,2,1,1,0.19,1,8,3,3,0.15,2,,,,,,,,,,,,,,,,,,,,,,,,,,,,,,,,,,,,,,,,,,,,,,,,,,,,,,,,,,,,
202609131008,2026-09-13,10,08R,4139,丹下 健,89期,愛知,愛知,45,B1,,0,0,0.19,4.55,27.2,45.4,5.08,33.3,50.0,0,68,11.8,26.7,0,32,36.2,48.2,,2,4,4,0.15,5,11,6,6,0.33,6,,,,,,,,,,,,,,,,,,,,,,,,,,,,,,,,,,,,,,,,,,,,,,,,,,,,,,,,,,,,,4950,高岡 竜也,119期,山口,山口,33,A1,,0,0,0.16,6.17,46.6,60.1,5.35,41.1,47.0,0,17,37.0,57.0,0,25,35.7,54.7,12,3,1,1,0.03,2,9,5,5,0.09,6,,,,,,,,,,,,,,,,,,,,,,,,,,,,,,,,,,,,,,,,,,,,,,,,,,,,,,,,,,,,,4233,亀山 雅幸,92期,群馬,群馬,43,A2,,0,0,0.17,6.05,45.9,63.1,5.88,62.5,62.5,0,42,42.2,59.3,0,49,23.3,45.8,2,4,6,6,0.24,5,9,4,4,0.06,3,,,,,,,,,,,,,,,,,,,,,,,,,,,,,,,,,,,,,,,,,,,,,,,,,,,,,,,,,,,,,3967,鈴木 茂高,82期,愛知,愛知,47,B1,,1,0,0.19,4.31,25.9,38.2,4.29,19.3,35.4,0,67,25.8,38.7,0,37,36.2,51.7,3,5,6,5,0.24,6,,,,,,,,,,,,,,,,,,,,,,,,,,,,,,,,,,,,,,,,,,,,,,,,,,,,,,,,,,,,,,,,,,5141,大澤 風葵,126期,群馬,群馬,25,A1,,1,0,0.14,6.53,56.2,67.7,7.5,66.6,75.0,0,35,47.0,62.3,0,30,33.6,47.5,4,2,2,2,0.14,2,12,6,6,0.08,5,,,,,,,,,,,,,,,,,,,,,,,,,,,,,,,,,,,,,,,,,,,,,,,,,,,,,,,,,,,,,4432,黄金井 力良,100期,埼玉,埼玉,40,B1,,0,0,0.16,5.23,28.7,54.2,5.17,31.9,46.8,0,36,31.7,52.7,0,55,32.5,51.2,,1,3,3,0.22,3,7,1,1,0.1,1,,,,,,,,,,,,,,,,,,,,,,,,,,,,,,,,,,,,,,,,,,,,,,,,,,,,,,,,,,,,
202609131009,2026-09-13,10,09R,4429,豊田 泰洋,100期,広島,広島,40,B1,,0,0,0.19,3.22,11.9,21.7,3.93,7.1,42.8,0,15,30.0,43.8,0,53,31.8,45.4,,1,6,6,0.28,5,6,3,3,0.15,6,,,,,,,,,,,,,,,,,,,,,,,,,,,,,,,,,,,,,,,,,,,,,,,,,,,,,,,,,,,,,4694,高田 綾,110期,福岡,福岡,41,B1,,0,0,0.2,4.47,20.6,41.3,0.0,0.0,0.0,0,14,34.1,45.8,0,68,26.3,47.2,1,3,5,5,0.11,3,,,,,,,,,,,,,,,,,,,,,,,,,,,,,,,,,,,,,,,,,,,,,,,,,,,,,,,,,,,,,,,,,,3746,岡瀬 正人,75期,岡山,岡山,51,A2,,0,0,0.18,5.74,35.0,56.4,7.45,63.6,81.8,0,21,32.3,49.2,0,52,34.5,51.8,4,7,2,2,0.09,2,11,4,4,0.24,2,,,,,,,,,,,,,,,,,,,,,,,,,,,,,,,,,,,,,,,,,,,,,,,,,,,,,,,,,,,,,4953,尾上 雅也,119期,埼玉,埼玉,31,A1,,0,0,0.16,6.46,48.8,65.6,7.08,50.0,75.0,0,64,32.5,50.8,0,66,34.3,56.4,3,5,5,6,0.13,2,11,3,3,0.19,3,,,,,,,,,,,,,,,,,,,,,,,,,,,,,,,,,,,,,,,,,,,,,,,,,,,,,,,,,,,,,4931,木谷 賢太,118期,香川,香川,30,A1,,0,0,0.15,6.76,51.9,71.6,5.78,33.3,55.5,0,32,23.9,47.0,0,39,28.5,42.8,5,7,6,6,0.16,5,12,2,2,0.12,4,,,,,,,,,,,,,,,,,,,,,,,,,,,,,,,,,,,,,,,,,,,,,,,,,,,,,,,,,,,,,3156,金子 良昭,54期,静岡,静岡,61,B1,,1,0,0.17,4.05,21.8,34.4,4.73,23.3,40.0,0,51,38.5,60.6,0,27,32.2,55.0,2,,,,,,10,1,1,0.13,1,,,,,,,,,,,,,,,,,,,,,,,,,,,,,,,,,,,,,,,,,,,,,,,,,,,,,,,,,,,,
202609131010,2026-09-13,10,10R,5294,豊田 祥生,132期,静岡,静岡,24,B1,,0,0,0.17,3.61,17.3,24.0,3.43,13.0,26.0,0,47,19.6,35.9,0,41,19.1,30.3,3,,,,,,8,6,6,0.11,6,,,,,,,,,,,,,,,,,,,,,,,,,,,,,,,,,,,,,,,,,,,,,,,,,,,,,,,,,,,,,3613,角谷 健吾,71期,東京,東京,53,A2,,0,0,0.16,5.88,42.6,59.1,0.0,0.0,0.0,0,63,38.5,50.0,0,33,33.9,53.3,4,,,,,,7,5,5,0.13,4,,,,,,,,,,,,,,,,,,,,,,,,,,,,,,,,,,,,,,,,,,,,,,,,,,,,,,,,,,,,,3788,一宮 稔弘,77期,徳島,徳島,54,B2,,0,0,0.13,5.52,39.1,52.1,4.2,26.6,40.0,0,22,22.7,32.7,0,12,44.0,55.9,5,6,5,6,0.16,4,,,,,,,,,,,,,,,,,,,,,,,,,,,,,,,,,,,,,,,,,,,,,,,,,,,,,,,,,,,,,,,,,,3659,藤生 雄人,72期,群馬,群馬,51,A2,,0,0,0.17,5.53,32.1,56.7,5.75,41.6,58.3,0,58,33.0,46.7,0,46,37.4,52.8,6,3,3,3,0.09,5,11,5,5,0.36,5,,,,,,,,,,,,,,,,,,,,,,,,,,,,,,,,,,,,,,,,,,,,,,,,,,,,,,,,,,,,,3474,松瀬 弘美,66期,静岡,静岡,56,B1,,0,0,0.19,4.73,26.9,45.1,5.46,33.3,53.8,0,26,20.5,36.6,0,65,31.7,49.2,1,,,,,,7,3,3,0.08,6,,,,,,,,,,,,,,,,,,,,,,,,,,,,,,,,,,,,,,,,,,,,,,,,,,,,,,,,,,,,,5029,中 亮太,122期,福岡,熊本,29,A1,,0,0,0.14,7.01,56.4,70.9,6.1,30.0,70.0,0,20,36.9,54.6,0,14,36.8,54.1,2,1,1,1,0.21,2,12,4,4,0.11,3,,,,,,,,,,,,,,,,,,,,,,,,,,,,,,,,,,,,,,,,,,,,,,,,,,,,,,,,,,,,
202609131011,2026-09-13,10,11R,3587,武田 信一,70期,徳島,徳島,53,B1,,1,0,0.16,3.76,15.7,30.2,4.27,26.6,40.0,0,52,38.3,54.1,0,47,35.2,51.2,,2,6,6,0.17,3,7,4,4,0.13,3,,,,,,,,,,,,,,,,,,,,,,,,,,,,,,,,,,,,,,,,,,,,,,,,,,,,,,,,,,,,,5034,若林 義人,122期,静岡,静岡,28,A1,,0,0,0.12,6.42,47.0,65.4,7.07,48.1,74.0,0,54,41.0,59.8,0,71,39.4,60.5,6,4,1,1,0.15,1,12,5,5,0.09,転,,,,,,,,,,,,,,,,,,,,,,,,,,,,,,,,,,,,,,,,,,,,,,,,,,,,,,,,,,,,,3482,金子 猛志,66期,群馬,群馬,55,B1,,0,0,0.15,4.71,27.4,43.3,5.02,31.4,51.8,0,13,38.2,57.0,0,57,31.7,46.3,2,5,2,2,0.24,4,,,,,,,,,,,,,,,,,,,,,,,,,,,,,,,,,,,,,,,,,,,,,,,,,,,,,,,,,,,,,,,,,,3251,平石 和男,58期,埼玉,埼玉,60,A2,,0,0,0.2,5.89,37.4,64.2,5.78,42.1,63.1,0,41,26.2,45.0,0,50,33.3,49.1,7,2,1,1,0.19,1,8,3,3,0.15,2,,,,,,,,,,,,,,,,,,,,,,,,,,,,,,,,,,,,,,,,,,,,,,,,,,,,,,,,,,,,,5045,平川 香織,122期,埼玉,東京,26,A2,,1,0,0.19,7.05,52.4,76.7,4.1,15.0,35.0,0,40,39.2,58.4,0,19,39.2,57.6,1,6,2,2,0.19,1,10,6,6,0.15,3,,,,,,,,,,,,,,,,,,,,,,,,,,,,,,,,,,,,,,,,,,,,,,,,,,,,,,,,,,,,,3940,飯山 泰,81期,東京,長野,48,A1,,0,0,0.14,6.3,47.4,63.5,7.4,64.4,77.7,0,50,30.2,46.7,0,43,27.4,44.2,5,6,4,4,0.14,3,12,1,1,0.1,1,,,,,,,,,,,,,,,,,,,,,,,,,,,,,,,,,,,,,,,,,,,,,,,,,,,,,,,,,,,,
202609131012,2026-09-13,10,12R,4199,北川 潤二,91期,愛知,愛知,44,A1,,0,0,0.15,6.29,44.4,63.7,6.47,58.8,64.7,0,33,36.2,50.0,0,15,36.6,51.9,7,8,4,4,0.09,3,12,3,3,0.08,2,,,,,,,,,,,,,,,,,,,,,,,,,,,,,,,,,,,,,,,,,,,,,,,,,,,,,,,,,,,,,4155,長野 壮志郎,90期,福岡,福岡,45,A2,,0,0,0.16,6.16,47.2,63.8,4.0,30.0,40.0,0,12,37.4,52.8,0,48,34.1,57.3,3,4,4,4,0.18,2,10,5,5,0.11,4,,,,,,,,,,,,,,,,,,,,,,,,,,,,,,,,,,,,,,,,,,,,,,,,,,,,,,,,,,,,,4842,山下 昂大,115期,岡山,岡山,34,A2,,1,0,0.16,5.8,36.2,56.0,6.94,58.8,82.3,0,55,35.2,50.8,0,29,26.3,48.1,6,,,,,,8,2,2,0.13,4,,,,,,,,,,,,,,,,,,,,,,,,,,,,,,,,,,,,,,,,,,,,,,,,,,,,,,,,,,,,,4930,佐藤 悠,118期,福井,石川,30,A2,,0,0,0.16,6.22,41.7,66.9,5.99,38.7,60.6,0,27,38.1,55.5,0,60,32.3,47.6,5,5,1,1,0.19,1,9,3,3,0.06,2,,,,,,,,,,,,,,,,,,,,,,,,,,,,,,,,,,,,,,,,,,,,,,,,,,,,,,,,,,,,,3699,富永 正人,74期,埼玉,埼玉,53,B1,,0,0,0.19,4.39,24.3,37.8,4.48,32.0,40.0,0,48,28.1,43.7,0,16,37.2,52.5,4,3,2,2,0.11,1,,,,,,,,,,,,,,,,,,,,,,,,,,,,,,,,,,,,,,,,,,,,,,,,,,,,,,,,,,,,,,,,,,4950,高岡 竜也,119期,山口,山口,33,A1,,0,0,0.16,6.17,46.6,60.1,5.35,41.1,47.0,0,17,37.0,57.0,0,25,35.7,54.7,8,3,1,1,0.03,2,9,5,5,0.09,6,,,,,,,,,,,,,,,,,,,,,,,,,,,,,,,,,,,,,,,,,,,,,,,,,,,,,,,,,,,,
202609131101,2026-09-13,11,01R,4246,喜多 那由夏,93期,静岡,静岡,44,B1,,0,0,0.18,3.96,18.9,34.7,4.85,25.0,50.0,0,23,28.0,43.0,0,50,30.3,44.4,6,,,,,,,,,,,,,,,,,,,,,,,,,,,,,,,,,,,,,,,,,,,,,,,,,,,,,,,,,,,,,,,,,,,,,,,4766,石井 孝之,112期,群馬,群馬,35,B1,,1,0,0.14,3.91,13.3,32.0,5.1,25.0,50.0,0,25,28.5,44.9,0,62,39.2,54.9,8,,,,,,,,,,,,,,,,,,,,,,,,,,,,,,,,,,,,,,,,,,,,,,,,,,,,,,,,,,,,,,,,,,,,,,,4747,山戸 信二,112期,長崎,熊本,41,B1,,0,0,0.17,3.52,13.7,27.5,4.8,20.0,40.0,0,64,31.3,49.4,0,18,32.9,50.5,10,,,,,,,,,,,,,,,,,,,,,,,,,,,,,,,,,,,,,,,,,,,,,,,,,,,,,,,,,,,,,,,,,,,,,,,3797,岩井 繁,77期,広島,広島,53,B1,,0,0,0.2,3.6,13.5,24.2,4.32,26.3,31.5,0,63,29.2,43.4,0,32,30.3,49.4,,,,,,,,,,,,,,,,,,,,,,,,,,,,,,,,,,,,,,,,,,,,,,,,,,,,,,,,,,,,,,,,,,,,,,,,3708,岡部 貴司,74期,岡山,岡山,52,B1,,0,0,0.16,5.2,31.4,48.3,6.13,36.6,70.0,0,34,31.3,50.5,0,40,26.3,37.8,9,,,,,,,,,,,,,,,,,,,,,,,,,,,,,,,,,,,,,,,,,,,,,,,,,,,,,,,,,,,,,,,,,,,,,,,4660,宇田川 信一,108期,東京,神奈川,35,B1,,0,0,0.19,4.37,25.0,38.3,4.0,17.6,29.4,0,15,29.0,41.0,0,51,29.4,47.3,7,,,,,,,,,,,,,,,,,,,,,,,,,,,,,,,,,,,,,,,,,,,,,,,,,,,,,,,,,,,,,,,,,,,,,,
202609131102,2026-09-13,11,02R,4779,伊倉 光,113期,東京,神奈川,40,B1,,0,0,0.18,5.19,25.5,53.1,5.08,20.0,52.0,0,30,26.8,42.2,0,65,29.5,46.9,,,,,,,,,,,,,,,,,,,,,,,,,,,,,,,,,,,,,,,,,,,,,,,,,,,,,,,,,,,,,,,,,,,,,,,,5132,中野 希一,126期,埼玉,埼玉,27,A1,,1,0,0.13,6.74,54.5,68.9,8.27,72.7,100.0,0,51,31.3,50.5,0,17,39.3,54.2,12,,,,,,,,,,,,,,,,,,,,,,,,,,,,,,,,,,,,,,,,,,,,,,,,,,,,,,,,,,,,,,,,,,,,,,,4607,鶴田 勇雄,106期,福岡,福岡,37,A2,,0,0,0.18,5.81,40.6,55.9,6.1,45.0,60.0,0,73,27.2,39.7,0,28,10.4,26.7,9,,,,,,,,,,,,,,,,,,,,,,,,,,,,,,,,,,,,,,,,,,,,,,,,,,,,,,,,,,,,,,,,,,,,,,,4116,川田 正人,88期,徳島,徳島,45,B1,,1,0,0.18,4.42,12.8,46.1,4.71,28.5,42.8,0,71,32.9,54.6,0,14,7.6,17.5,11,,,,,,,,,,,,,,,,,,,,,,,,,,,,,,,,,,,,,,,,,,,,,,,,,,,,,,,,,,,,,,,,,,,,,,,5170,佐藤 太亮,127期,岡山,岡山,25,B1,,0,0,0.15,5.5,33.3,57.7,3.6,20.0,30.0,0,59,30.5,51.5,0,73,20.9,36.0,10,,,,,,,,,,,,,,,,,,,,,,,,,,,,,,,,,,,,,,,,,,,,,,,,,,,,,,,,,,,,,,,,,,,,,,,5410,今泉 澪,136期,愛知,愛知,21,B2,,0,0,0.16,1.6,0.0,0.0,1.78,0.0,11.1,0,60,14.7,35.7,0,63,22.2,42.2,8,,,,,,,,,,,,,,,,,,,,,,,,,,,,,,,,,,,,,,,,,,,,,,,,,,,,,,,,,,,,,,,,,,,,,,
202609131103,2026-09-13,11,03R,4835,橋本 明,115期,広島,広島,38,B1,,0,0,0.15,5.06,27.7,48.1,5.27,13.3,60.0,0,44,32.9,45.3,0,56,25.0,43.4,,,,,,,,,,,,,,,,,,,,,,,,,,,,,,,,,,,,,,,,,,,,,,,,,,,,,,,,,,,,,,,,,,,,,,,,4540,相原 利章,104期,東京,東京,39,A2,,1,0,0.12,5.01,28.1,45.8,0.0,0.0,0.0,0,24,24.6,42.4,0,27,28.8,45.3,11,,,,,,,,,,,,,,,,,,,,,,,,,,,,,,,,,,,,,,,,,,,,,,,,,,,,,,,,,,,,,,,,,,,,,,,4486,野村 誠,102期,群馬,群馬,40,A2,,1,0,0.18,5.8,40.3,57.8,5.0,23.8,52.3,0,36,27.4,52.9,0,58,31.4,53.4,10,,,,,,,,,,,,,,,,,,,,,,,,,,,,,,,,,,,,,,,,,,,,,,,,,,,,,,,,,,,,,,,,,,,,,,,3454,井川 大作,65期,岡山,岡山,55,B1,,0,0,0.17,5.25,35.6,54.0,4.29,25.0,32.1,0,29,40.4,57.5,0,53,37.5,56.7,8,,,,,,,,,,,,,,,,,,,,,,,,,,,,,,,,,,,,,,,,,,,,,,,,,,,,,,,,,,,,,,,,,,,,,,,3918,深井 利寿,81期,滋賀,滋賀,52,A1,,0,0,0.18,6.7,42.9,73.6,6.89,49.3,72.3,0,40,42.4,55.5,0,41,44.5,57.4,12,,,,,,,,,,,,,,,,,,,,,,,,,,,,,,,,,,,,,,,,,,,,,,,,,,,,,,,,,,,,,,,,,,,,,,,5011,高木 圭大,121期,長崎,長崎,29,B1,,0,0,0.15,3.94,19.3,32.2,3.79,7.1,28.5,0,31,40.8,51.6,0,49,39.3,51.5,9,,,,,,,,,,,,,,,,,,,,,,,,,,,,,,,,,,,,,,,,,,,,,,,,,,,,,,,,,,,,,,,,,,,,,,
202609131104,2026-09-13,11,04R,4894,原村 拓也,117期,香川,香川,35,B1,,0,0,0.19,4.52,19.7,39.5,4.75,25.0,50.0,0,55,30.9,51.5,0,61,37.3,50.5,,,,,,,,,,,,,,,,,,,,,,,,,,,,,,,,,,,,,,,,,,,,,,,,,,,,,,,,,,,,,,,,,,,,,,,,4111,奥田 誠,88期,広島,広島,46,A2,,0,0,0.16,5.56,39.8,58.2,3.95,19.0,23.8,0,27,25.8,42.3,0,15,41.2,58.7,9,,,,,,,,,,,,,,,,,,,,,,,,,,,,,,,,,,,,,,,,,,,,,,,,,,,,,,,,,,,,,,,,,,,,,,,5278,田中 駿兵,131期,徳島,徳島,24,A1,,1,0,0.14,6.79,54.9,70.3,4.33,11.1,33.3,0,58,26.8,45.3,0,48,22.4,46.0,12,,,,,,,,,,,,,,,,,,,,,,,,,,,,,,,,,,,,,,,,,,,,,,,,,,,,,,,,,,,,,,,,,,,,,,,4380,鈴木 峻佑,98期,静岡,静岡,42,B1,,0,0,0.17,4.91,30.1,43.4,4.23,25.7,34.2,0,17,25.7,37.1,0,34,43.7,58.3,8,,,,,,,,,,,,,,,,,,,,,,,,,,,,,,,,,,,,,,,,,,,,,,,,,,,,,,,,,,,,,,,,,,,,,,,4786,佐藤 博亮,113期,愛知,愛知,38,A1,,1,0,0.14,6.59,54.8,70.1,7.03,58.0,67.7,0,20,31.6,52.0,0,68,41.7,53.4,11,,,,,,,,,,,,,,,,,,,,,,,,,,,,,,,,,,,,,,,,,,,,,,,,,,,,,,,,,,,,,,,,,,,,,,,4186,小川 時光,91期,埼玉,埼玉,45,B1,,0,0,0.17,3.78,18.7,31.2,3.4,0.0,0.0,0,43,28.8,43.3,0,37,34.3,58.5,,,,,,,,,,,,,,,,,,,,,,,,,,,,,,,,,,,,,,,,,,,,,,,,,,,,,,,,,,,,,,,,,,,,,,,
202609131105,2026-09-13,11,05R,3961,谷村 一哉,82期,山口,山口,47,A1,,0,0,0.17,6.72,50.4,70.7,4.84,21.0,42.1,0,67,36.1,60.6,0,39,33.6,48.4,12,,,,,,,,,,,,,,,,,,,,,,,,,,,,,,,,,,,,,,,,,,,,,,,,,,,,,,,,,,,,,,,,,,,,,,,5055,眞鳥 章太,123期,長崎,長崎,30,A2,,0,0,0.16,5.62,35.9,56.1,5.73,31.8,50.0,0,28,22.9,40.6,0,67,22.5,43.0,11,,,,,,,,,,,,,,,,,,,,,,,,,,,,,,,,,,,,,,,,,,,,,,,,,,,,,,,,,,,,,,,,,,,,,,,3793,高橋 真吾,77期,埼玉,東京,53,B1,,0,0,0.16,4.13,25.0,37.5,3.8,20.0,30.0,0,39,30.6,50.0,0,72,34.6,52.4,,,,,,,,,,,,,,,,,,,,,,,,,,,,,,,,,,,,,,,,,,,,,,,,,,,,,,,,,,,,,,,,,,,,,,,,3441,土屋 太朗,65期,群馬,群馬,57,B1,,0,0,0.18,4.84,25.2,44.4,5.7,30.0,60.0,0,38,28.4,44.1,0,71,31.1,47.3,,,,,,,,,,,,,,,,,,,,,,,,,,,,,,,,,,,,,,,,,,,,,,,,,,,,,,,,,,,,,,,,,,,,,,,,4012,中村 有裕,84期,滋賀,滋賀,46,A2,,0,0,0.16,6.45,48.7,64.6,6.28,47.1,67.2,0,12,49.0,63.7,0,29,35.7,54.7,10,,,,,,,,,,,,,,,,,,,,,,,,,,,,,,,,,,,,,,,,,,,,,,,,,,,,,,,,,,,,,,,,,,,,,,,5472,中川 海虹,138期,愛知,愛知,16,B2,,1,0,0.0,1.0,0.0,0.0,0.0,0.0,0.0,0,69,28.7,37.9,0,64,32.9,49.4,,,,,,,,,,,,,,,,,,,,,,,,,,,,,,,,,,,,,,,,,,,,,,,,,,,,,,,,,,,,,,,,,,,,,,,
202609131106,2026-09-13,11,06R,3435,寺田 千恵,65期,岡山,福岡,57,A2,,0,0,0.15,6.44,43.3,63.7,6.86,50.0,76.1,0,35,23.5,41.1,0,30,28.1,42.7,12,,,,,,,,,,,,,,,,,,,,,,,,,,,,,,,,,,,,,,,,,,,,,,,,,,,,,,,,,,,,,,,,,,,,,,,3518,倉田 郁美,68期,静岡,愛知,58,B1,,0,0,0.19,4.17,17.9,38.4,7.0,66.6,75.0,0,46,32.6,53.6,0,12,40.0,50.0,10,,,,,,,,,,,,,,,,,,,,,,,,,,,,,,,,,,,,,,,,,,,,,,,,,,,,,,,,,,,,,,,,,,,,,,,4183,宇野 弥生,90期,愛知,埼玉,40,B1,,2,0,0.13,5.23,39.5,48.8,7.37,59.2,74.0,0,62,24.5,39.2,0,25,41.9,61.9,,,,,,,,,,,,,,,,,,,,,,,,,,,,,,,,,,,,,,,,,,,,,,,,,,,,,,,,,,,,,,,,,,,,,,,,4974,安井 瑞紀,120期,岡山,岡山,33,A2,,1,0,0.18,5.47,38.1,50.0,4.92,28.0,52.0,0,54,30.3,46.4,0,35,29.3,39.1,11,,,,,,,,,,,,,,,,,,,,,,,,,,,,,,,,,,,,,,,,,,,,,,,,,,,,,,,,,,,,,,,,,,,,,,,4246,喜多 那由夏,93期,静岡,静岡,44,B1,,0,0,0.18,3.96,18.9,34.7,4.85,25.0,50.0,0,23,28.0,43.0,0,50,30.3,44.4,1,,,,,,,,,,,,,,,,,,,,,,,,,,,,,,,,,,,,,,,,,,,,,,,,,,,,,,,,,,,,,,,,,,,,,,,4947,間庭 菜摘,119期,福岡,福岡,34,B1,,0,0,0.17,4.79,22.3,46.2,5.26,31.5,52.6,0,16,30.8,46.8,0,45,30.6,47.9,,,,,,,,,,,,,,,,,,,,,,,,,,,,,,,,,,,,,,,,,,,,,,,,,,,,,,,,,,,,,,,,,,,,,,,
202609131107,2026-09-13,11,07R,4957,竹之内 極,119期,福岡,鹿児島,31,B1,,0,0,0.17,5.44,34.6,55.1,0.0,0.0,0.0,0,18,47.6,60.9,0,21,31.1,49.4,,,,,,,,,,,,,,,,,,,,,,,,,,,,,,,,,,,,,,,,,,,,,,,,,,,,,,,,,,,,,,,,,,,,,,,,4821,妻鳥 晋也,114期,香川,愛媛,34,B1,,0,0,0.19,5.0,28.4,48.8,0.0,0.0,0.0,0,49,36.5,50.5,0,60,33.3,61.7,11,,,,,,,,,,,,,,,,,,,,,,,,,,,,,,,,,,,,,,,,,,,,,,,,,,,,,,,,,,,,,,,,,,,,,,,4660,宇田川 信一,108期,東京,神奈川,35,B1,,0,0,0.19,4.37,25.0,38.3,4.0,17.6,29.4,0,15,29.0,41.0,0,51,29.4,47.3,1,,,,,,,,,,,,,,,,,,,,,,,,,,,,,,,,,,,,,,,,,,,,,,,,,,,,,,,,,,,,,,,,,,,,,,,4983,前田 篤哉,120期,愛知,愛知,29,A1,,1,0,0.15,6.62,52.1,64.7,7.71,58.3,79.1,0,70,32.2,47.9,0,20,44.1,58.8,12,,,,,,,,,,,,,,,,,,,,,,,,,,,,,,,,,,,,,,,,,,,,,,,,,,,,,,,,,,,,,,,,,,,,,,,3896,上田 洋平,80期,滋賀,滋賀,50,B1,,0,0,0.16,5.14,25.0,56.9,5.34,34.1,54.7,0,32,35.3,46.4,0,47,38.1,55.2,,,,,,,,,,,,,,,,,,,,,,,,,,,,,,,,,,,,,,,,,,,,,,,,,,,,,,,,,,,,,,,,,,,,,,,,4124,池田 雄一,88期,静岡,静岡,44,A2,,1,0,0.16,5.97,39.4,63.4,5.52,40.0,56.0,0,14,36.1,59.5,0,55,26.6,41.4,,,,,,,,,,,,,,,,,,,,,,,,,,,,,,,,,,,,,,,,,,,,,,,,,,,,,,,,,,,,,,,,,,,,,,,
202609131108,2026-09-13,11,08R,4380,鈴木 峻佑,98期,静岡,静岡,42,B1,,0,0,0.17,4.91,30.1,43.4,4.23,25.7,34.2,0,17,25.7,37.1,0,34,43.7,58.3,4,,,,,,,,,,,,,,,,,,,,,,,,,,,,,,,,,,,,,,,,,,,,,,,,,,,,,,,,,,,,,,,,,,,,,,,3454,井川 大作,65期,岡山,岡山,55,B1,,0,0,0.17,5.25,35.6,54.0,4.29,25.0,32.1,0,29,40.4,57.5,0,53,37.5,56.7,3,,,,,,,,,,,,,,,,,,,,,,,,,,,,,,,,,,,,,,,,,,,,,,,,,,,,,,,,,,,,,,,,,,,,,,,3905,天野 友和,80期,愛知,愛知,48,A2,,0,0,0.16,5.89,37.8,61.2,6.1,35.4,64.5,0,56,29.9,43.3,0,31,41.3,57.6,,,,,,,,,,,,,,,,,,,,,,,,,,,,,,,,,,,,,,,,,,,,,,,,,,,,,,,,,,,,,,,,,,,,,,,,4766,石井 孝之,112期,群馬,群馬,35,B1,,1,0,0.14,3.91,13.3,32.0,5.1,25.0,50.0,0,25,28.5,44.9,0,62,39.2,54.9,1,,,,,,,,,,,,,,,,,,,,,,,,,,,,,,,,,,,,,,,,,,,,,,,,,,,,,,,,,,,,,,,,,,,,,,,5032,谷口 知優,122期,香川,愛媛,28,A2,,0,0,0.16,4.89,30.7,46.4,0.0,0.0,0.0,0,66,29.8,43.2,0,44,37.0,49.0,,,,,,,,,,,,,,,,,,,,,,,,,,,,,,,,,,,,,,,,,,,,,,,,,,,,,,,,,,,,,,,,,,,,,,,,5410,今泉 澪,136期,愛知,愛知,21,B2,,0,0,0.16,1.6,0.0,0.0,1.78,0.0,11.1,0,60,14.7,35.7,0,63,22.2,42.2,2,,,,,,,,,,,,,,,,,,,,,,,,,,,,,,,,,,,,,,,,,,,,,,,,,,,,,,,,,,,,,,,,,,,,,,
202609131109,2026-09-13,11,09R,4607,鶴田 勇雄,106期,福岡,福岡,37,A2,,0,0,0.18,5.81,40.6,55.9,6.1,45.0,60.0,0,73,27.2,39.7,0,28,10.4,26.7,2,,,,,,,,,,,,,,,,,,,,,,,,,,,,,,,,,,,,,,,,,,,,,,,,,,,,,,,,,,,,,,,,,,,,,,,3708,岡部 貴司,74期,岡山,岡山,52,B1,,0,0,0.16,5.2,31.4,48.3,6.13,36.6,70.0,0,34,31.3,50.5,0,40,26.3,37.8,1,,,,,,,,,,,,,,,,,,,,,,,,,,,,,,,,,,,,,,,,,,,,,,,,,,,,,,,,,,,,,,,,,,,,,,,5011,高木 圭大,121期,長崎,長崎,29,B1,,0,0,0.15,3.94,19.3,32.2,3.79,7.1,28.5,0,31,40.8,51.6,0,49,39.3,51.5,3,,,,,,,,,,,,,,,,,,,,,,,,,,,,,,,,,,,,,,,,,,,,,,,,,,,,,,,,,,,,,,,,,,,,,,,4216,星 栄爾,91期,静岡,福島,41,B1,,0,0,0.15,4.8,25.7,50.5,4.97,21.0,42.1,0,22,28.1,48.9,0,33,31.0,49.0,,,,,,,,,,,,,,,,,,,,,,,,,,,,,,,,,,,,,,,,,,,,,,,,,,,,,,,,,,,,,,,,,,,,,,,,4254,川島 圭司,93期,滋賀,滋賀,43,A2,,0,0,0.15,5.94,40.8,63.2,5.9,40.0,56.4,0,50,32.9,44.6,0,70,37.3,51.5,,,,,,,,,,,,,,,,,,,,,,,,,,,,,,,,,,,,,,,,,,,,,,,,,,,,,,,,,,,,,,,,,,,,,,,,4111,奥田 誠,88期,広島,広島,46,A2,,0,0,0.16,5.56,39.8,58.2,3.95,19.0,23.8,0,27,25.8,42.3,0,15,41.2,58.7,4,,,,,,,,,,,,,,,,,,,,,,,,,,,,,,,,,,,,,,,,,,,,,,,,,,,,,,,,,,,,,,,,,,,,,,
202609131110,2026-09-13,11,10R,4486,野村 誠,102期,群馬,群馬,40,A2,,1,0,0.18,5.8,40.3,57.8,5.0,23.8,52.3,0,36,27.4,52.9,0,58,31.4,53.4,3,,,,,,,,,,,,,,,,,,,,,,,,,,,,,,,,,,,,,,,,,,,,,,,,,,,,,,,,,,,,,,,,,,,,,,,4012,中村 有裕,84期,滋賀,滋賀,46,A2,,0,0,0.16,6.45,48.7,64.6,6.28,47.1,67.2,0,12,49.0,63.7,0,29,35.7,54.7,5,,,,,,,,,,,,,,,,,,,,,,,,,,,,,,,,,,,,,,,,,,,,,,,,,,,,,,,,,,,,,,,,,,,,,,,5170,佐藤 太亮,127期,岡山,岡山,25,B1,,0,0,0.15,5.5,33.3,57.7,3.6,20.0,30.0,0,59,30.5,51.5,0,73,20.9,36.0,2,,,,,,,,,,,,,,,,,,,,,,,,,,,,,,,,,,,,,,,,,,,,,,,,,,,,,,,,,,,,,,,,,,,,,,,4108,吉村 正明,88期,山口,山口,46,A1,,0,0,0.14,5.93,42.3,56.5,6.2,40.0,60.0,0,68,28.5,45.9,0,43,46.1,57.6,,,,,,,,,,,,,,,,,,,,,,,,,,,,,,,,,,,,,,,,,,,,,,,,,,,,,,,,,,,,,,,,,,,,,,,,3518,倉田 郁美,68期,静岡,愛知,58,B1,,0,0,0.19,4.17,17.9,38.4,7.0,66.6,75.0,0,46,32.6,53.6,0,12,40.0,50.0,6,,,,,,,,,,,,,,,,,,,,,,,,,,,,,,,,,,,,,,,,,,,,,,,,,,,,,,,,,,,,,,,,,,,,,,,4747,山戸 信二,112期,長崎,熊本,41,B1,,0,0,0.17,3.52,13.7,27.5,4.8,20.0,40.0,0,64,31.3,49.4,0,18,32.9,50.5,1,,,,,,,,,,,,,,,,,,,,,,,,,,,,,,,,,,,,,,,,,,,,,,,,,,,,,,,,,,,,,,,,,,,,,,
202609131111,2026-09-13,11,11R,4786,佐藤 博亮,113期,愛知,愛知,38,A1,,1,0,0.14,6.59,54.8,70.1,7.03,58.0,67.7,0,20,31.6,52.0,0,68,41.7,53.4,4,,,,,,,,,,,,,,,,,,,,,,,,,,,,,,,,,,,,,,,,,,,,,,,,,,,,,,,,,,,,,,,,,,,,,,,4974,安井 瑞紀,120期,岡山,岡山,33,A2,,1,0,0.18,5.47,38.1,50.0,4.92,28.0,52.0,0,54,30.3,46.4,0,35,29.3,39.1,6,,,,,,,,,,,,,,,,,,,,,,,,,,,,,,,,,,,,,,,,,,,,,,,,,,,,,,,,,,,,,,,,,,,,,,,4116,川田 正人,88期,徳島,徳島,45,B1,,1,0,0.18,4.42,12.8,46.1,4.71,28.5,42.8,0,71,32.9,54.6,0,14,7.6,17.5,2,,,,,,,,,,,,,,,,,,,,,,,,,,,,,,,,,,,,,,,,,,,,,,,,,,,,,,,,,,,,,,,,,,,,,,,5055,眞鳥 章太,123期,長崎,長崎,30,A2,,0,0,0.16,5.62,35.9,56.1,5.73,31.8,50.0,0,28,22.9,40.6,0,67,22.5,43.0,5,,,,,,,,,,,,,,,,,,,,,,,,,,,,,,,,,,,,,,,,,,,,,,,,,,,,,,,,,,,,,,,,,,,,,,,4821,妻鳥 晋也,114期,香川,愛媛,34,B1,,0,0,0.19,5.0,28.4,48.8,0.0,0.0,0.0,0,49,36.5,50.5,0,60,33.3,61.7,7,,,,,,,,,,,,,,,,,,,,,,,,,,,,,,,,,,,,,,,,,,,,,,,,,,,,,,,,,,,,,,,,,,,,,,,4540,相原 利章,104期,東京,東京,39,A2,,1,0,0.12,5.01,28.1,45.8,0.0,0.0,0.0,0,24,24.6,42.4,0,27,28.8,45.3,3,,,,,,,,,,,,,,,,,,,,,,,,,,,,,,,,,,,,,,,,,,,,,,,,,,,,,,,,,,,,,,,,,,,,,,
202609131112,2026-09-13,11,12R,4983,前田 篤哉,120期,愛知,愛知,29,A1,,1,0,0.15,6.62,52.1,64.7,7.71,58.3,79.1,0,70,32.2,47.9,0,20,44.1,58.8,7,,,,,,,,,,,,,,,,,,,,,,,,,,,,,,,,,,,,,,,,,,,,,,,,,,,,,,,,,,,,,,,,,,,,,,,3918,深井 利寿,81期,滋賀,滋賀,52,A1,,0,0,0.18,6.7,42.9,73.6,6.89,49.3,72.3,0,40,42.4,55.5,0,41,44.5,57.4,3,,,,,,,,,,,,,,,,,,,,,,,,,,,,,,,,,,,,,,,,,,,,,,,,,,,,,,,,,,,,,,,,,,,,,,,3435,寺田 千恵,65期,岡山,福岡,57,A2,,0,0,0.15,6.44,43.3,63.7,6.86,50.0,76.1,0,35,23.5,41.1,0,30,28.1,42.7,6,,,,,,,,,,,,,,,,,,,,,,,,,,,,,,,,,,,,,,,,,,,,,,,,,,,,,,,,,,,,,,,,,,,,,,,3961,谷村 一哉,82期,山口,山口,47,A1,,0,0,0.17,6.72,50.4,70.7,4.84,21.0,42.1,0,67,36.1,60.6,0,39,33.6,48.4,5,,,,,,,,,,,,,,,,,,,,,,,,,,,,,,,,,,,,,,,,,,,,,,,,,,,,,,,,,,,,,,,,,,,,,,,5132,中野 希一,126期,埼玉,埼玉,27,A1,,1,0,0.13,6.74,54.5,68.9,8.27,72.7,100.0,0,51,31.3,50.5,0,17,39.3,54.2,2,,,,,,,,,,,,,,,,,,,,,,,,,,,,,,,,,,,,,,,,,,,,,,,,,,,,,,,,,,,,,,,,,,,,,,,5278,田中 駿兵,131期,徳島,徳島,24,A1,,1,0,0.14,6.79,54.9,70.3,4.33,11.1,33.3,0,58,26.8,45.3,0,48,22.4,46.0,4,,,,,,,,,,,,,,,,,,,,,,,,,,,,,,,,,,,,,,,,,,,,,,,,,,,,,,,,,,,,,,,,,,,,,,
202609131201,2026-09-13,12,01R,3477,近藤 稔也,66期,徳島,徳島,56,B1,,0,0,0.19,3.86,13.9,30.3,3.44,22.2,22.2,0,53,35.0,51.5,0,52,30.1,47.3,,4,2,2,0.23,6,,,,,,2,6,6,0.21,5,6,4,4,0.19,3,,,,,,,,,,,,,,,,,,,,,,,,,,,,,,,,,,,,,,,,,,,,,,,,,,,3757,畑 和宏,76期,広島,広島,54,A2,,0,0,0.16,5.43,39.7,56.6,0.0,0.0,0.0,0,38,50.5,68.0,0,86,29.4,47.0,8,2,5,5,0.2,4,11,3,3,0.2,4,,,,,,10,6,6,0.1,6,,,,,,,,,,,,,,,,,,,,,,,,,,,,,,,,,,,,,,,,,,,,,,,,,,,5187,小坂 風太,128期,福井,石川,26,B2,,1,0,0.21,3.06,4.7,26.9,0.0,0.0,0.0,0,57,41.0,63.0,0,88,35.5,60.0,5,5,4,4,0.29,5,,,,,,1,6,6,0.24,6,,,,,,,,,,,,,,,,,,,,,,,,,,,,,,,,,,,,,,,,,,,,,,,,,,,,,,,,4375,照屋 厚仁,98期,兵庫,大阪,42,A2,,0,0,0.17,5.85,38.7,58.5,6.07,43.3,63.3,0,82,37.7,63.2,0,80,31.4,37.0,10,5,6,6,0.27,6,10,3,3,0.1,3,,,,,,8,3,2,0.11,5,,,,,,,,,,,,,,,,,,,,,,,,,,,,,,,,,,,,,,,,,,,,,,,,,,,3775,泉 啓文,76期,岡山,岡山,52,B1,,0,0,0.18,3.82,19.5,27.8,4.43,28.5,40.0,0,24,45.7,61.7,0,82,48.1,60.7,6,2,4,4,0.2,6,10,6,6,0.13,6,5,2,2,0.19,5,,,,,,,,,,,,,,,,,,,,,,,,,,,,,,,,,,,,,,,,,,,,,,,,,,,,,,,,4229,市川 美宏,92期,静岡,静岡,43,B1,,0,0,0.19,4.27,19.2,41.0,4.23,15.3,38.4,0,13,28.4,43.1,0,75,34.0,50.5,7,1,6,5,0.09,4,8,1,1,0.15,1,5,4,4,0.18,6,,,,,,,,,,,,,,,,,,,,,,,,,,,,,,,,,,,,,,,,,,,,,,,,,,,,,,,
202609131202,2026-09-13,12,02R,4875,大塚 康雅,116期,東京,神奈川,32,B1,,0,0,0.18,5.47,36.4,52.0,5.91,45.4,54.5,0,20,44.3,59.7,0,87,33.7,48.8,8,4,6,5,0.13,5,10,2,2,0.13,4,2,4,4,0.23,1,,,,,,,,,,,,,,,,,,,,,,,,,,,,,,,,,,,,,,,,,,,,,,,,,,,,,,,,4060,島田 一生,86期,福岡,福岡,47,B1,,0,0,0.16,4.68,29.6,45.0,4.89,30.4,50.0,0,51,45.6,61.9,0,66,32.9,43.1,,4,1,1,0.18,3,,,,,,4,3,3,0.1,4,9,5,5,0.15,5,,,,,,,,,,,,,,,,,,,,,,,,,,,,,,,,,,,,,,,,,,,,,,,,,,,4898,菊地 敬介,117期,埼玉,埼玉,34,B1,,1,0,0.16,4.47,22.6,38.6,0.0,0.0,0.0,0,26,26.8,46.3,0,11,34.0,54.2,11,2,1,1,0.22,2,7,5,5,0.1,4,3,4,4,0.11,1,,,,,,,,,,,,,,,,,,,,,,,,,,,,,,,,,,,,,,,,,,,,,,,,,,,,,,,,3955,眞田 英二,82期,徳島,徳島,49,B2,,0,0,0.19,4.75,29.3,45.3,5.54,26.9,50.0,0,75,31.8,46.5,0,59,48.7,59.7,7,3,5,5,0.16,4,8,3,3,0.16,3,1,2,2,0.09,4,,,,,,,,,,,,,,,,,,,,,,,,,,,,,,,,,,,,,,,,,,,,,,,,,,,,,,,,4710,福田 宗平,110期,大阪,大阪,36,A2,,0,0,0.14,5.64,35.4,58.8,5.63,46.6,60.0,0,61,32.3,48.4,0,51,39.8,56.1,,,,,,,9,2,2,0.13,1,5,1,1,0.16,1,10,3,3,0.11,4,,,,,,,,,,,,,,,,,,,,,,,,,,,,,,,,,,,,,,,,,,,,,,,,,,,4404,岸蔭 亮,99期,兵庫,兵庫,41,B1,,1,0,0.2,3.62,13.1,29.5,4.19,28.5,38.1,0,27,41.0,66.3,0,16,29.9,49.4,9,5,3,3,0.28,2,9,5,5,0.1,6,2,1,1,0.23,4,,,,,,,,,,,,,,,,,,,,,,,,,,,,,,,,,,,,,,,,,,,,,,,,,,,,,,,
202609131203,2026-09-13,12,03R,3558,山本 浩次,69期,岡山,大阪,53,B1,,1,0,0.17,4.91,25.8,48.3,4.09,15.6,34.3,0,30,26.8,45.3,0,20,32.2,46.2,7,1,2,6,0.28,5,9,3,3,0.11,4,3,2,2,0.2,4,,,,,,,,,,,,,,,,,,,,,,,,,,,,,,,,,,,,,,,,,,,,,,,,,,,,,,,,5093,浦野 海,124期,福岡,福岡,24,B2,,0,0,0.18,3.16,11.1,23.8,5.28,36.0,52.0,0,31,21.8,36.7,0,85,32.2,51.1,,,,,,,7,6,6,0.38,5,1,5,5,0.18,5,5,3,3,0.2,3,,,,,,,,,,,,,,,,,,,,,,,,,,,,,,,,,,,,,,,,,,,,,,,,,,,3957,大谷 直弘,82期,愛知,愛知,49,B1,,0,0,0.19,4.82,25.6,48.6,3.29,14.2,14.2,0,60,39.1,54.6,0,70,20.4,33.3,10,6,5,5,0.18,6,10,4,4,0.14,2,,,,,,7,1,1,0.24,2,,,,,,,,,,,,,,,,,,,,,,,,,,,,,,,,,,,,,,,,,,,,,,,,,,,4794,和田 拓也,113期,兵庫,兵庫,36,A1,,0,0,0.13,6.91,56.7,72.8,6.43,39.2,62.7,0,18,26.8,39.1,0,72,35.7,51.5,8,,,,,,11,1,1,0.18,1,6,5,5,0.05,1,12,6,6,0.18,4,,,,,,,,,,,,,,,,,,,,,,,,,,,,,,,,,,,,,,,,,,,,,,,,,,,5009,大賀 龍之介,121期,福岡,福岡,29,A2,,1,0,0.16,5.36,36.0,50.6,5.0,37.5,37.5,0,28,30.6,52.4,0,61,29.2,43.8,9,6,2,2,0.17,3,,,,,,6,3,3,0.3,6,11,4,4,0.12,4,,,,,,,,,,,,,,,,,,,,,,,,,,,,,,,,,,,,,,,,,,,,,,,,,,,4962,畑 竜生,119期,三重,三重,30,A2,,0,0,0.17,5.5,37.7,52.6,5.68,37.8,56.7,0,21,21.8,37.5,0,39,28.0,53.6,12,3,4,4,0.14,5,10,5,5,0.15,5,,,,,,9,1,1,0.16,2,,,,,,,,,,,,,,,,,,,,,,,,,,,,,,,,,,,,,,,,,,,,,,,,,,
202609131204,2026-09-13,12,04R,4626,伊藤 紘章,107期,愛知,愛知,40,B1,,0,0,0.22,4.03,23.0,37.1,5.33,33.3,55.5,0,63,25.0,39.1,0,76,33.3,50.0,10,1,3,2,0.3,6,6,4,4,0.16,4,3,6,6,0.25,6,,,,,,,,,,,,,,,,,,,,,,,,,,,,,,,,,,,,,,,,,,,,,,,,,,,,,,,,4416,三宅 健太,99期,広島,広島,39,B1,,0,0,0.17,5.42,37.3,49.4,0.0,0.0,0.0,0,11,40.5,54.4,0,36,36.3,59.7,,2,6,6,0.19,5,,,,,,1,3,3,0.1,2,8,1,1,0.15,1,,,,,,,,,,,,,,,,,,,,,,,,,,,,,,,,,,,,,,,,,,,,,,,,,,,5043,中村 日向,122期,香川,香川,27,A1,,0,0,0.13,7.24,61.1,72.7,5.0,14.2,28.5,0,83,25.8,41.9,0,89,32.9,47.5,12,8,5,5,0.13,2,12,4,4,0.09,2,,,,,,11,6,6,0.13,6,,,,,,,,,,,,,,,,,,,,,,,,,,,,,,,,,,,,,,,,,,,,,,,,,,,3718,伊達 正利,74期,静岡,静岡,51,B1,,0,0,0.17,4.44,23.6,35.9,0.0,0.0,0.0,0,79,39.1,63.9,0,57,32.9,51.6,,5,5,5,0.27,4,,,,,,1,1,1,0.1,1,7,4,3,0.26,5,,,,,,,,,,,,,,,,,,,,,,,,,,,,,,,,,,,,,,,,,,,,,,,,,,,3630,黒田 誠司,72期,静岡,静岡,56,B1,,0,0,0.17,3.74,16.6,29.1,4.08,15.3,38.4,0,59,25.0,42.3,0,18,28.0,42.6,9,1,5,4,0.1,2,7,1,1,0.25,6,,,,,,7,6,6,0.2,3,,,,,,,,,,,,,,,,,,,,,,,,,,,,,,,,,,,,,,,,,,,,,,,,,,,3654,武田 光史,72期,福井,福井,52,A2,,0,0,0.16,6.9,57.0,74.7,7.08,57.6,69.2,0,36,15.6,34.3,0,30,41.6,56.9,,,,,,,7,3,3,0.14,3,4,5,5,0.05,2,10,1,1,0.2,1,,,,,,,,,,,,,,,,,,,,,,,,,,,,,,,,,,,,,,,,,,,,,,,,,,
202609131205,2026-09-13,12,05R,4579,中嶋 健一郎,105期,三重,三重,37,A2,,0,0,0.16,6.21,40.3,60.5,6.68,48.0,68.0,0,50,24.2,41.0,0,38,27.0,39.5,,,,,,,9,4,4,0.07,2,4,2,2,0.14,6,8,6,6,0.14,3,,,,,,,,,,,,,,,,,,,,,,,,,,,,,,,,,,,,,,,,,,,,,,,,,,,4836,大谷 健太,115期,埼玉,埼玉,37,B1,,1,0,0.17,4.91,27.6,48.9,4.22,25.0,33.3,0,25,30.6,43.8,0,34,32.1,47.6,,,,,,,9,6,6,0.14,5,6,1,1,0.25,5,10,4,4,0.11,3,,,,,,,,,,,,,,,,,,,,,,,,,,,,,,,,,,,,,,,,,,,,,,,,,,,4047,吉永 浩則,85期,大阪,大阪,46,B1,,1,0,0.18,3.32,16.6,25.0,4.63,32.1,39.2,0,76,17.5,36.2,0,63,27.8,44.2,,1,1,1,0.22,3,,,,,,2,2,2,0.19,6,8,5,5,0.13,6,,,,,,,,,,,,,,,,,,,,,,,,,,,,,,,,,,,,,,,,,,,,,,,,,,,5321,一色 颯輝,133期,愛知,愛知,24,B1,,1,0,0.2,4.86,31.5,46.5,4.11,33.3,33.3,0,73,35.6,51.4,0,56,31.7,40.0,12,3,3,3,0.14,1,11,6,6,0.23,5,6,2,2,0.27,4,,,,,,,,,,,,,,,,,,,,,,,,,,,,,,,,,,,,,,,,,,,,,,,,,,,,,,,,5187,小坂 風太,128期,福井,石川,26,B2,,1,0,0.21,3.06,4.7,26.9,0.0,0.0,0.0,0,57,41.0,63.0,0,88,35.5,60.0,1,5,4,4,0.29,5,,,,,,1,6,6,0.24,6,,,,,,,,,,,,,,,,,,,,,,,,,,,,,,,,,,,,,,,,,,,,,,,,,,,,,,,,3502,渡邉 英児,67期,静岡,静岡,57,A2,,0,0,0.16,5.73,37.1,62.8,5.87,40.3,63.4,0,58,39.1,51.5,0,22,44.8,64.3,9,4,5,4,0.14,2,11,2,2,0.14,2,,,,,,11,5,5,0.11,5,,,,,,,,,,,,,,,,,,,,,,,,,,,,,,,,,,,,,,,,,,,,,,,,,,
202609131206,2026-09-13,12,06R,3293,宮内 由紀英,60期,東京,東京,61,B1,,0,0,0.2,3.4,10.7,22.6,2.95,9.0,18.1,0,84,33.0,59.0,0,35,30.6,48.9,10,3,6,6,0.22,3,7,2,2,0.2,2,4,4,4,0.11,3,,,,,,,,,,,,,,,,,,,,,,,,,,,,,,,,,,,,,,,,,,,,,,,,,,,,,,,,4287,今井 貴士,94期,福岡,福岡,42,A2,,0,0,0.17,6.46,47.6,67.2,7.59,72.4,82.7,0,78,16.6,33.3,0,55,37.6,53.7,12,5,1,1,0.29,1,11,5,5,0.17,6,,,,,,9,4,4,0.15,3,,,,,,,,,,,,,,,,,,,,,,,,,,,,,,,,,,,,,,,,,,,,,,,,,,,3775,泉 啓文,76期,岡山,岡山,52,B1,,0,0,0.18,3.82,19.5,27.8,4.43,28.5,40.0,0,24,45.7,61.7,0,82,48.1,60.7,1,2,4,4,0.2,6,10,6,6,0.13,6,5,2,2,0.19,5,,,,,,,,,,,,,,,,,,,,,,,,,,,,,,,,,,,,,,,,,,,,,,,,,,,,,,,,4253,西川 真人,93期,滋賀,滋賀,43,B1,,0,0,0.18,4.35,18.8,39.6,4.47,35.2,41.1,0,39,40.2,52.5,0,13,36.9,57.6,,3,1,1,0.16,2,,,,,,5,5,5,0.14,2,9,3,3,0.2,6,,,,,,,,,,,,,,,,,,,,,,,,,,,,,,,,,,,,,,,,,,,,,,,,,,,4218,吉川 喜継,92期,滋賀,滋賀,45,A1,,1,0,0.15,6.48,50.9,69.2,7.02,49.0,68.6,0,17,36.0,49.4,0,37,30.7,39.5,11,4,3,6,0.17,4,12,2,2,0.15,3,,,,,,11,1,1,0.12,1,,,,,,,,,,,,,,,,,,,,,,,,,,,,,,,,,,,,,,,,,,,,,,,,,,,4724,吉田 祐貴,111期,佐賀,佐賀,40,B1,,0,0,0.18,3.56,9.0,27.2,2.78,11.1,11.1,0,55,40.4,54.5,0,69,42.1,62.6,,2,3,2,0.47,3,,,,,,3,3,3,0.17,5,10,5,5,0.08,5,,,,,,,,,,,,,,,,,,,,,,,,,,,,,,,,,,,,,,,,,,,,,,,,,,
202609131207,2026-09-13,12,07R,3955,眞田 英二,82期,徳島,徳島,49,B2,,0,0,0.19,4.75,29.3,45.3,5.54,26.9,50.0,0,75,31.8,46.5,0,59,48.7,59.7,2,3,5,5,0.16,4,8,3,3,0.16,3,1,2,2,0.09,4,,,,,,,,,,,,,,,,,,,,,,,,,,,,,,,,,,,,,,,,,,,,,,,,,,,,,,,,4229,市川 美宏,92期,静岡,静岡,43,B1,,0,0,0.19,4.27,19.2,41.0,4.23,15.3,38.4,0,13,28.4,43.1,0,75,34.0,50.5,1,1,6,5,0.09,4,8,1,1,0.15,1,5,4,4,0.18,6,,,,,,,,,,,,,,,,,,,,,,,,,,,,,,,,,,,,,,,,,,,,,,,,,,,,,,,,4260,中越 博紀,93期,香川,愛媛,42,B1,,0,0,0.19,5.86,45.7,55.9,4.95,38.1,52.3,0,80,50.0,67.3,0,21,34.4,48.8,,6,1,1,0.18,1,,,,,,4,6,6,0.12,5,12,4,4,0.12,5,,,,,,,,,,,,,,,,,,,,,,,,,,,,,,,,,,,,,,,,,,,,,,,,,,,3558,山本 浩次,69期,岡山,大阪,53,B1,,1,0,0.17,4.91,25.8,48.3,4.09,15.6,34.3,0,30,26.8,45.3,0,20,32.2,46.2,3,1,2,6,0.28,5,9,3,3,0.11,4,3,2,2,0.2,4,,,,,,,,,,,,,,,,,,,,,,,,,,,,,,,,,,,,,,,,,,,,,,,,,,,,,,,,5158,宮脇 遼太,127期,福岡,福岡,28,A1,,0,0,0.16,6.31,52.2,62.8,7.19,62.5,75.0,0,85,35.4,55.2,0,31,37.3,53.8,12,6,6,6,0.13,2,12,3,3,0.04,1,,,,,,10,2,2,0.18,2,,,,,,,,,,,,,,,,,,,,,,,,,,,,,,,,,,,,,,,,,,,,,,,,,,,4679,植田 太一,109期,福岡,福岡,37,A2,,0,0,0.16,6.2,47.4,64.4,6.89,55.5,72.2,0,81,29.8,47.1,0,84,24.1,43.6,,,,,,,8,2,2,0.15,4,2,5,5,0.23,3,12,3,3,0.11,3,,,,,,,,,,,,,,,,,,,,,,,,,,,,,,,,,,,,,,,,,,,,,,,,,,
202609131208,2026-09-13,12,08R,3300,川崎 智幸,60期,岡山,岡山,59,A2,,1,0,0.16,5.88,41.5,62.2,6.0,42.1,63.1,0,72,31.6,44.9,0,74,25.0,40.2,,6,3,3,0.15,5,,,,,,7,2,2,0.24,4,12,5,5,0.1,6,,,,,,,,,,,,,,,,,,,,,,,,,,,,,,,,,,,,,,,,,,,,,,,,,,,4794,和田 拓也,113期,兵庫,兵庫,36,A1,,0,0,0.13,6.91,56.7,72.8,6.43,39.2,62.7,0,18,26.8,39.1,0,72,35.7,51.5,3,,,,,,11,1,1,0.18,1,6,5,5,0.05,1,12,6,6,0.18,4,,,,,,,,,,,,,,,,,,,,,,,,,,,,,,,,,,,,,,,,,,,,,,,,,,,4875,大塚 康雅,116期,東京,神奈川,32,B1,,0,0,0.18,5.47,36.4,52.0,5.91,45.4,54.5,0,20,44.3,59.7,0,87,33.7,48.8,2,4,6,5,0.13,5,10,2,2,0.13,4,2,4,4,0.23,1,,,,,,,,,,,,,,,,,,,,,,,,,,,,,,,,,,,,,,,,,,,,,,,,,,,,,,,,3757,畑 和宏,76期,広島,広島,54,A2,,0,0,0.16,5.43,39.7,56.6,0.0,0.0,0.0,0,38,50.5,68.0,0,86,29.4,47.0,1,2,5,5,0.2,4,11,3,3,0.2,4,,,,,,10,6,6,0.1,6,,,,,,,,,,,,,,,,,,,,,,,,,,,,,,,,,,,,,,,,,,,,,,,,,,,3471,赤峰 和也,66期,佐賀,佐賀,56,B1,,0,0,0.17,4.01,17.2,34.5,4.52,19.0,42.8,0,12,25.0,35.8,0,79,39.7,56.4,12,4,4,3,0.14,1,8,6,6,0.21,6,4,1,1,0.09,1,,,,,,,,,,,,,,,,,,,,,,,,,,,,,,,,,,,,,,,,,,,,,,,,,,,,,,,,4727,安部 慎一,111期,福岡,福岡,39,B1,,0,0,0.16,4.14,15.7,35.7,3.5,12.5,25.0,0,32,33.3,47.9,0,25,26.7,44.1,,1,4,3,0.12,1,,,,,,7,5,5,0.14,1,11,2,2,0.08,3,,,,,,,,,,,,,,,,,,,,,,,,,,,,,,,,,,,,,,,,,,,,,,,,,,
202609131209,2026-09-13,12,09R,5009,大賀 龍之介,121期,福岡,福岡,29,A2,,1,0,0.16,5.36,36.0,50.6,5.0,37.5,37.5,0,28,30.6,52.4,0,61,29.2,43.8,3,6,2,2,0.17,3,,,,,,6,3,3,0.3,6,11,4,4,0.12,4,,,,,,,,,,,,,,,,,,,,,,,,,,,,,,,,,,,,,,,,,,,,,,,,,,,3630,黒田 誠司,72期,静岡,静岡,56,B1,,0,0,0.17,3.74,16.6,29.1,4.08,15.3,38.4,0,59,25.0,42.3,0,18,28.0,42.6,4,1,5,4,0.1,2,7,1,1,0.25,6,,,,,,7,6,6,0.2,3,,,,,,,,,,,,,,,,,,,,,,,,,,,,,,,,,,,,,,,,,,,,,,,,,,,3502,渡邉 英児,67期,静岡,静岡,57,A2,,0,0,0.16,5.73,37.1,62.8,5.87,40.3,63.4,0,58,39.1,51.5,0,22,44.8,64.3,5,4,5,4,0.14,2,11,2,2,0.14,2,,,,,,11,5,5,0.11,5,,,,,,,,,,,,,,,,,,,,,,,,,,,,,,,,,,,,,,,,,,,,,,,,,,,4404,岸蔭 亮,99期,兵庫,兵庫,41,B1,,1,0,0.2,3.62,13.1,29.5,4.19,28.5,38.1,0,27,41.0,66.3,0,16,29.9,49.4,2,5,3,3,0.28,2,9,5,5,0.1,6,2,1,1,0.23,4,,,,,,,,,,,,,,,,,,,,,,,,,,,,,,,,,,,,,,,,,,,,,,,,,,,,,,,,5285,若林 麗,132期,東京,山梨,27,B1,,0,0,0.19,3.39,10.8,24.3,2.81,7.4,18.5,0,52,31.0,51.0,0,27,26.6,42.5,,,,,,,8,4,4,0.21,5,3,1,1,0.21,3,8,4,3,0.13,2,,,,,,,,,,,,,,,,,,,,,,,,,,,,,,,,,,,,,,,,,,,,,,,,,,,4063,市橋 卓士,86期,徳島,徳島,47,A1,,0,0,0.14,6.13,40.0,60.8,5.84,45.9,59.4,0,33,31.2,41.6,0,29,34.0,50.5,,2,2,3,0.18,1,12,5,5,0.07,5,8,2,4,0.16,4,12,1,1,0.07,1,,,,,,,,,,,,,,,,,,,,,,,,,,,,,,,,,,,,,,,,,,,,,,,,,,
202609131210,2026-09-13,12,10R,4311,岡村 仁,95期,大阪,大阪,42,A1,,1,0,0.15,6.39,50.5,63.4,6.46,47.7,67.9,0,77,34.7,52.6,0,28,37.5,54.5,,3,2,2,0.15,6,12,6,6,0.11,6,,,,,,7,3,4,0.27,6,,,,,,,,,,,,,,,,,,,,,,,,,,,,,,,,,,,,,,,,,,,,,,,,,,,4624,高田 明,107期,佐賀,佐賀,41,A1,,1,0,0.17,6.42,48.4,62.1,6.38,46.1,61.5,0,69,35.8,52.1,0,78,27.3,42.1,,,,,,,10,1,1,0.14,1,5,6,6,0.1,4,11,3,3,0.12,2,,,,,,,,,,,,,,,,,,,,,,,,,,,,,,,,,,,,,,,,,,,,,,,,,,,4626,伊藤 紘章,107期,愛知,愛知,40,B1,,0,0,0.22,4.03,23.0,37.1,5.33,33.3,55.5,0,63,25.0,39.1,0,76,33.3,50.0,4,1,3,2,0.3,6,6,4,4,0.16,4,3,6,6,0.25,6,,,,,,,,,,,,,,,,,,,,,,,,,,,,,,,,,,,,,,,,,,,,,,,,,,,,,,,,3293,宮内 由紀英,60期,東京,東京,61,B1,,0,0,0.2,3.4,10.7,22.6,2.95,9.0,18.1,0,84,33.0,59.0,0,35,30.6,48.9,6,3,6,6,0.22,3,7,2,2,0.2,2,4,4,4,0.11,3,,,,,,,,,,,,,,,,,,,,,,,,,,,,,,,,,,,,,,,,,,,,,,,,,,,,,,,,4375,照屋 厚仁,98期,兵庫,大阪,42,A2,,0,0,0.17,5.85,38.7,58.5,6.07,43.3,63.3,0,82,37.7,63.2,0,80,31.4,37.0,1,5,6,6,0.27,6,10,3,3,0.1,3,,,,,,8,3,2,0.11,5,,,,,,,,,,,,,,,,,,,,,,,,,,,,,,,,,,,,,,,,,,,,,,,,,,,3957,大谷 直弘,82期,愛知,愛知,49,B1,,0,0,0.19,4.82,25.6,48.6,3.29,14.2,14.2,0,60,39.1,54.6,0,70,20.4,33.3,3,6,5,5,0.18,6,10,4,4,0.14,2,,,,,,7,1,1,0.24,2,,,,,,,,,,,,,,,,,,,,,,,,,,,,,,,,,,,,,,,,,,,,,,,,,,
202609131211,2026-09-13,12,11R,5139,大場 恒季,126期,愛知,愛知,26,A1,,1,0,0.16,6.73,52.8,73.0,6.04,46.8,68.0,0,70,39.0,60.0,0,81,38.6,59.0,,,,,,,11,4,4,0.17,3,3,5,5,0.19,2,12,2,2,0.09,2,,,,,,,,,,,,,,,,,,,,,,,,,,,,,,,,,,,,,,,,,,,,,,,,,,,4401,小林 泰,99期,東京,山梨,41,A2,,0,0,0.15,5.85,40.6,59.3,7.08,58.3,83.3,0,15,29.1,45.8,0,19,22.9,42.7,,,,,,,9,1,1,0.12,3,1,4,4,0.11,3,6,6,6,0.05,2,,,,,,,,,,,,,,,,,,,,,,,,,,,,,,,,,,,,,,,,,,,,,,,,,,,4959,井上 忠政,119期,大阪,大阪,30,A1,,0,0,0.15,7.51,56.3,71.4,6.68,48.4,65.4,0,71,31.6,50.5,0,14,29.4,41.0,,7,4,4,0.13,1,12,1,1,0.07,4,,,,,,9,2,2,0.17,1,,,,,,,,,,,,,,,,,,,,,,,,,,,,,,,,,,,,,,,,,,,,,,,,,,,4218,吉川 喜継,92期,滋賀,滋賀,45,A1,,1,0,0.15,6.48,50.9,69.2,7.02,49.0,68.6,0,17,36.0,49.4,0,37,30.7,39.5,6,4,3,6,0.17,4,12,2,2,0.15,3,,,,,,11,1,1,0.12,1,,,,,,,,,,,,,,,,,,,,,,,,,,,,,,,,,,,,,,,,,,,,,,,,,,,5110,杉山 喜一,125期,静岡,静岡,27,B1,,0,0,0.15,4.79,29.1,43.0,4.57,28.5,42.8,0,68,25.5,37.7,0,33,39.7,50.5,,5,2,2,0.25,3,,,,,,2,3,3,0.17,2,9,6,6,0.2,4,,,,,,,,,,,,,,,,,,,,,,,,,,,,,,,,,,,,,,,,,,,,,,,,,,,4898,菊地 敬介,117期,埼玉,埼玉,34,B1,,1,0,0.16,4.47,22.6,38.6,0.0,0.0,0.0,0,26,26.8,46.3,0,11,34.0,54.2,2,2,1,1,0.22,2,7,5,5,0.1,4,3,4,4,0.11,1,,,,,,,,,,,,,,,,,,,,,,,,,,,,,,,,,,,,,,,,,,,,,,,,,,,,,,,
202609131212,2026-09-13,12,12R,5043,中村 日向,122期,香川,香川,27,A1,,0,0,0.13,7.24,61.1,72.7,5.0,14.2,28.5,0,83,25.8,41.9,0,89,32.9,47.5,4,8,5,5,0.13,2,12,4,4,0.09,2,,,,,,11,6,6,0.13,6,,,,,,,,,,,,,,,,,,,,,,,,,,,,,,,,,,,,,,,,,,,,,,,,,,,3471,赤峰 和也,66期,佐賀,佐賀,56,B1,,0,0,0.17,4.01,17.2,34.5,4.52,19.0,42.8,0,12,25.0,35.8,0,79,39.7,56.4,8,4,4,3,0.14,1,8,6,6,0.21,6,4,1,1,0.09,1,,,,,,,,,,,,,,,,,,,,,,,,,,,,,,,,,,,,,,,,,,,,,,,,,,,,,,,,4962,畑 竜生,119期,三重,三重,30,A2,,0,0,0.17,5.5,37.7,52.6,5.68,37.8,56.7,0,21,21.8,37.5,0,39,28.0,53.6,3,3,4,4,0.14,5,10,5,5,0.15,5,,,,,,9,1,1,0.16,2,,,,,,,,,,,,,,,,,,,,,,,,,,,,,,,,,,,,,,,,,,,,,,,,,,,5158,宮脇 遼太,127期,福岡,福岡,28,A1,,0,0,0.16,6.31,52.2,62.8,7.19,62.5,75.0,0,85,35.4,55.2,0,31,37.3,53.8,7,6,6,6,0.13,2,12,3,3,0.04,1,,,,,,10,2,2,0.18,2,,,,,,,,,,,,,,,,,,,,,,,,,,,,,,,,,,,,,,,,,,,,,,,,,,,5321,一色 颯輝,133期,愛知,愛知,24,B1,,1,0,0.2,4.86,31.5,46.5,4.11,33.3,33.3,0,73,35.6,51.4,0,56,31.7,40.0,5,3,3,3,0.14,1,11,6,6,0.23,5,6,2,2,0.27,4,,,,,,,,,,,,,,,,,,,,,,,,,,,,,,,,,,,,,,,,,,,,,,,,,,,,,,,,4287,今井 貴士,94期,福岡,福岡,42,A2,,0,0,0.17,6.46,47.6,67.2,7.59,72.4,82.7,0,78,16.6,33.3,0,55,37.6,53.7,6,5,1,1,0.29,1,11,5,5,0.17,6,,,,,,9,4,4,0.15,3,,,,,,,,,,,,,,,,,,,,,,,,,,,,,,,,,,,,,,,,,,,,,,,,,,
202609131701,2026-09-13,17,01R,3662,大庭 元明,73期,福岡,福岡,56,B1,,0,0,0.16,4.96,33.3,44.7,6.7,60.0,70.0,0,79,36.6,58.5,0,56,34.9,50.6,11,2,2,2,0.13,2,11,5,5,0.09,4,4,1,1,0.15,2,,,,,,1,3,3,0.09,1,10,6,6,0.23,6,5,2,2,0.27,2,10,5,5,0.12,6,,,,,,,,,,,,,,,,,,,,,,,,,,,,,,,5236,小宮 涼雅,130期,広島,岡山,27,B1,,0,0,0.17,4.55,25.0,43.0,3.8,20.0,34.5,0,80,29.4,42.2,0,36,33.0,49.6,6,2,3,3,0.11,転,10,5,5,0.27,6,2,1,1,0.15,4,,,,,,1,2,2,0.08,2,7,5,6,0.09,3,1,5,6,0.1,4,,,,,,,,,,,,,,,,,,,,,,,,,,,,,,,,,,,,4158,木場 雄二郎,90期,山口,山口,45,B1,,0,0,0.16,4.39,21.0,40.0,4.31,22.3,41.7,0,63,33.1,47.2,0,55,27.5,47.1,5,,,,,,8,4,4,0.1,5,4,5,5,0.14,4,10,1,1,0.16,1,1,6,6,0.15,3,9,2,2,0.11,5,6,2,2,0.15,2,,,,,,,,,,,,,,,,,,,,,,,,,,,,,,,,,,,,4461,安田 吉宏,101期,三重,岐阜,40,B1,,0,0,0.17,4.51,22.5,41.9,3.83,6.9,37.9,0,78,29.5,46.9,0,24,33.4,51.0,8,,,,,,9,1,1,0.18,4,2,3,3,0.09,2,9,4,4,0.28,5,4,6,6,0.06,4,,,,,,5,3,3,0.25,1,9,5,5,0.12,4,,,,,,,,,,,,,,,,,,,,,,,,,,,,,,,4023,柴田 友和,85期,福岡,福岡,49,B1,賞除,0,0,0.17,3.79,18.5,27.1,5.25,25.0,50.0,0,59,29.9,45.0,0,22,33.0,48.4,6,1,4,4,0.21,3,7,1,1,0.14,4,6,6,6,0.19,5,,,,,,2,6,5,0.14,6,7,2,2,0.08,6,2,2,2,0.21,4,,,,,,,,,,,,,,,,,,,,,,,,,,,,,,,,,,,,5249,三木 晴斗,130期,徳島,徳島,24,B1,,0,0,0.16,4.91,27.0,50.0,3.32,9.0,22.7,0,62,28.5,44.2,0,68,34.2,49.8,9,5,2,2,0.31,4,,,,,,1,5,4,0.23,5,6,3,3,0.2,4,5,5,5,0.13,2,,,,,,3,6,6,0.06,6,9,2,2,0.13,3,,,,,,,,,,,,,,,,,,,,,,,,,,,,,,
202609131702,2026-09-13,17,02R,3920,正木 聖賢,81期,広島,広島,51,B1,,0,0,0.17,4.47,29.4,35.2,5.5,35.5,51.1,0,66,38.3,54.9,0,69,29.7,50.4,10,2,1,1,0.16,1,,,,,,1,2,5,0.22,3,8,2,2,0.1,2,3,3,3,0.14,6,8,2,6,0.13,2,3,1,1,0.17,4,12,4,5,0.15,6,,,,,,,,,,,,,,,,,,,,,,,,,,,,,,,3637,齋藤 和政,72期,愛知,愛知,55,B1,,0,0,0.18,3.62,15.4,26.7,2.53,5.8,11.7,0,18,33.6,51.9,0,75,31.4,52.6,6,4,1,1,0.04,6,,,,,,1,3,2,0.18,4,9,6,6,0.21,4,1,5,5,0.26,5,6,3,3,0.15,6,3,4,4,0.11,3,,,,,,,,,,,,,,,,,,,,,,,,,,,,,,,,,,,,4570,前田 聖文,105期,愛知,愛知,38,A1,,0,0,0.16,6.07,37.7,63.3,6.13,35.9,53.8,0,55,36.2,55.2,0,33,26.4,41.9,7,3,5,5,0.12,4,11,1,1,0.21,5,,,,,,10,2,2,0.19,4,4,3,3,0.12,6,12,6,6,0.27,6,,,,,,9,4,4,0.11,1,,,,,,,,,,,,,,,,,,,,,,,,,,,,,,,3503,堂原 洋史,67期,埼玉,千葉,56,B1,,0,0,0.16,3.55,16.3,22.8,5.1,30.0,50.0,0,20,29.4,49.1,0,65,32.2,48.7,9,4,3,3,0.09,5,10,6,6,0.16,3,2,5,5,0.1,3,7,2,2,0.14,4,6,1,1,0.13,2,,,,,,4,5,5,0.1,1,,,,,,,,,,,,,,,,,,,,,,,,,,,,,,,,,,,,3868,尾形 栄治,79期,東京,東京,51,B1,,0,0,0.21,4.55,22.6,41.6,0.0,0.0,0.0,0,29,31.3,52.4,0,25,36.0,51.2,7,1,5,5,0.15,6,10,1,1,0.14,1,,,,,,9,2,2,0.24,6,5,6,6,0.13,5,10,4,4,0.3,5,4,2,2,0.19,4,,,,,,,,,,,,,,,,,,,,,,,,,,,,,,,,,,,,5450,藤本 遼磨,138期,大阪,大阪,23,B2,,0,0,0.0,2.06,2.0,6.2,0.0,0.0,0.0,0,37,43.0,56.5,0,58,36.3,52.8,,,,,,,7,6,6,0.34,6,1,6,6,0.29,6,7,6,5,0.16,6,,,,,,7,6,5,0.04,5,5,6,5,0.27,4,9,6,6,0.26,6,,,,,,,,,,,,,,,,,,,,,,,,,,,,,,
202609131703,2026-09-13,17,03R,5036,福田 翔吾,122期,大阪,大阪,28,B1,,0,0,0.18,5.64,37.7,60.5,5.09,30.4,65.2,0,57,36.5,53.9,0,60,28.8,42.3,9,1,2,2,0.15,5,6,4,5,0.1,4,,,,,,9,3,3,0.19,3,,,,,,8,5,4,0.14,4,3,2,2,0.09,2,7,6,6,0.08,5,,,,,,,,,,,,,,,,,,,,,,,,,,,,,,,4637,中田 友也,107期,埼玉,埼玉,36,A2,,0,0,0.18,5.77,40.6,56.2,5.8,45.0,55.0,0,70,32.1,44.9,0,66,34.6,52.1,8,4,6,6,0.26,4,9,3,2,0.15,5,,,,,,8,3,3,0.12,1,1,1,1,0.11,4,11,5,5,0.22,5,,,,,,8,4,4,0.13,4,,,,,,,,,,,,,,,,,,,,,,,,,,,,,,,4332,村上 彰一,96期,福岡,福岡,42,B1,,1,0,0.19,4.26,18.0,36.1,4.45,13.6,50.0,0,11,39.4,52.5,0,54,28.2,45.2,7,3,3,3,0.1,2,10,4,4,0.23,5,,,,,,8,1,1,0.08,4,,,,,,9,6,6,0.09,4,1,2,2,0.12,6,6,5,5,0.29,6,,,,,,,,,,,,,,,,,,,,,,,,,,,,,,,4134,杉山 貴博,89期,東京,千葉,46,A2,,0,0,0.16,5.69,40.1,58.9,5.65,32.5,62.5,0,16,34.0,50.0,0,32,33.7,49.5,7,3,1,1,0.1,1,9,4,3,0.17,6,6,2,2,0.18,6,12,5,5,0.18,6,6,6,6,0.19,4,,,,,,,,,,,7,5,5,0.16,2,,,,,,,,,,,,,,,,,,,,,,,,,,,,,,,3748,小黒 竜吾,75期,埼玉,埼玉,51,B1,,1,0,0.16,3.97,13.2,29.4,5.78,33.3,55.5,0,72,47.7,64.7,0,63,35.3,54.4,8,1,6,6,0.23,4,8,2,2,0.16,4,5,5,5,0.1,5,,,,,,3,4,4,0.12,5,10,1,1,0.2,2,6,3,3,0.12,3,,,,,,,,,,,,,,,,,,,,,,,,,,,,,,,,,,,,5452,上馬場 風依,138期,広島,広島,20,B2,,1,0,0.0,1.16,0.0,0.0,1.18,0.0,0.0,0,19,34.8,57.5,0,27,35.2,49.3,,3,6,6,0.27,6,,,,,,2,6,6,0.27,5,10,6,5,0.17,6,,,,,,8,6,5,0.16,6,1,6,5,0.13,5,8,6,6,0.06,6,,,,,,,,,,,,,,,,,,,,,,,,,,,,,,
202609131704,2026-09-13,17,04R,4650,中山 雄太,108期,愛知,愛知,42,B2,,0,0,0.13,2.92,8.3,12.5,6.27,54.5,72.7,0,30,41.8,59.0,0,78,38.3,56.9,11,6,3,3,0.11,1,,,,,,5,6,6,0.1,6,,,,,,4,1,1,0.09,2,11,4,4,0.2,2,1,3,3,0.09,2,10,4,4,0.12,4,,,,,,,,,,,,,,,,,,,,,,,,,,,,,,,4241,大串 重幸,92期,長崎,長崎,41,A2,,0,0,0.17,5.8,35.6,58.4,5.85,35.0,60.0,0,65,40.8,54.0,0,50,29.3,48.3,8,5,5,5,0.34,5,10,3,3,0.2,4,4,6,6,0.17,5,12,2,2,0.18,4,,,,,,7,1,1,0.01,1,3,5,5,0.09,5,,,,,,,,,,,,,,,,,,,,,,,,,,,,,,,,,,,,4406,幸野 史明,99期,福岡,福岡,41,B1,,0,0,0.16,4.21,18.6,34.3,4.58,26.0,44.0,0,23,32.6,50.8,0,29,43.3,56.2,9,,,,,,8,1,1,0.11,3,3,6,6,0.15,2,8,4,4,0.11,5,,,,,,7,3,3,0.06,4,4,3,3,0.21,5,8,5,5,0.11,5,,,,,,,,,,,,,,,,,,,,,,,,,,,,,,,3684,清水 攻二,73期,山口,山口,52,A2,,0,0,0.18,5.56,34.6,60.2,6.24,48.0,60.0,0,38,47.4,66.9,0,71,32.7,44.9,9,6,6,6,0.26,6,,,,,,3,2,2,0.18,4,12,3,3,0.19,3,5,1,1,0.05,1,12,5,5,0.21,5,5,4,4,0.24,5,,,,,,,,,,,,,,,,,,,,,,,,,,,,,,,,,,,,4231,鈴木 裕隆,92期,愛知,愛知,43,B1,賞除,0,0,0.17,5.4,33.9,53.0,5.55,32.2,58.0,0,82,32.0,48.2,0,61,34.3,51.3,,1,3,3,0.17,2,9,6,6,0.21,2,4,4,4,0.15,6,,,,,,3,1,1,0.18,1,,,,,,7,3,3,0.12,4,12,5,4,0.25,4,,,,,,,,,,,,,,,,,,,,,,,,,,,,,,,5311,小林 京平,133期,山口,山口,28,B1,,0,0,0.18,5.34,34.8,47.6,2.83,8.3,33.3,0,61,35.9,49.3,0,70,30.1,39.6,10,2,5,5,0.12,3,7,4,4,0.28,2,5,2,2,0.03,1,,,,,,,,,,,10,3,3,0.17,3,1,1,1,0.05,1,10,3,3,0.1,3,,,,,,,,,,,,,,,,,,,,,,,,,,,,,,
202609131705,2026-09-13,17,05R,3333,丸尾 義孝,61期,徳島,徳島,58,A1,,0,0,0.15,6.5,48.2,68.7,7.0,54.5,72.7,0,27,30.7,47.4,0,81,31.1,52.9,10,6,5,4,0.25,3,12,2,2,0.18,4,7,4,4,0.17,2,12,1,1,0.16,1,4,5,5,0.05,3,9,3,3,0.06,3,8,1,1,0.12,1,12,6,6,0.29,5,,,,,,,,,,,,,,,,,,,,,,,,,,,,,,,4201,佐竹 友樹,91期,埼玉,宮城,44,B1,,0,0,0.18,4.33,22.0,35.7,4.74,30.4,43.4,0,58,39.4,52.3,0,15,30.8,47.1,11,2,6,6,0.08,4,9,5,4,0.13,3,,,,,,7,3,3,0.23,5,,,,,,8,1,1,0.13,1,2,3,3,0.19,6,8,2,2,0.18,3,,,,,,,,,,,,,,,,,,,,,,,,,,,,,,,5035,櫻井 優,122期,埼玉,埼玉,28,A2,,0,0,0.17,5.45,36.7,53.7,0.0,0.0,0.0,0,13,27.5,45.5,0,51,37.2,56.9,9,6,1,1,0.19,2,11,4,4,0.16,3,4,2,2,0.18,3,11,6,6,0.2,5,5,4,4,0.12,6,,,,,,,,,,,9,3,3,0.06,2,,,,,,,,,,,,,,,,,,,,,,,,,,,,,,,5041,荒牧 凪沙,122期,福岡,福岡,27,B1,,1,0,0.19,4.88,29.1,44.4,5.92,37.5,58.3,0,21,40.8,57.9,0,77,35.1,52.3,10,5,3,3,0.35,2,,,,,,2,4,4,0.09,1,11,5,5,0.19,6,5,2,2,0.08,4,,,,,,4,1,1,0.26,6,11,6,5,0.26,5,,,,,,,,,,,,,,,,,,,,,,,,,,,,,,,4158,木場 雄二郎,90期,山口,山口,45,B1,,0,0,0.16,4.39,21.0,40.0,4.31,22.3,41.7,0,63,33.1,47.2,0,55,27.5,47.1,1,,,,,,8,4,4,0.1,5,4,5,5,0.14,4,10,1,1,0.16,1,1,6,6,0.15,3,9,2,2,0.11,5,6,2,2,0.15,2,,,,,,,,,,,,,,,,,,,,,,,,,,,,,,,,,,,,4952,吉武 真也,119期,福岡,福岡,32,B1,,0,0,0.19,4.21,20.0,35.0,4.75,25.0,50.0,0,73,29.8,48.4,0,21,33.8,49.7,,6,2,2,0.11,5,,,,,,1,4,3,0.25,2,10,4,4,0.2,5,6,5,5,0.15,5,,,,,,2,4,4,0.08,2,9,1,1,0.1,5,,,,,,,,,,,,,,,,,,,,,,,,,,,,,,
202609131706,2026-09-13,17,06R,4428,有賀 達也,100期,埼玉,埼玉,40,A2,,0,0,0.14,6.04,39.2,57.9,7.0,50.0,72.7,0,34,35.6,52.4,0,73,34.1,52.0,10,,,,,,7,3,3,0.18,3,3,5,5,0.12,1,9,1,1,0.2,1,3,6,6,0.14,4,12,3,2,0.06,4,3,3,3,0.12,1,11,5,4,0.2,3,,,,,,,,,,,,,,,,,,,,,,,,,,,,,,,4839,四宮 与寛,115期,徳島,徳島,36,A2,,0,0,0.15,6.21,46.2,61.1,6.38,47.6,66.6,0,15,35.2,52.7,0,17,40.6,54.3,10,4,4,4,0.11,1,11,6,6,0.16,転,6,1,1,0.09,2,,,,,,2,5,4,0.05,2,11,2,2,0.16,3,,,,,,8,3,3,0.18,2,,,,,,,,,,,,,,,,,,,,,,,,,,,,,,,4023,柴田 友和,85期,福岡,福岡,49,B1,賞除,0,0,0.17,3.79,18.5,27.1,5.25,25.0,50.0,0,59,29.9,45.0,0,22,33.0,48.4,1,1,4,4,0.21,3,7,1,1,0.14,4,6,6,6,0.19,5,,,,,,2,6,5,0.14,6,7,2,2,0.08,6,2,2,2,0.21,4,,,,,,,,,,,,,,,,,,,,,,,,,,,,,,,,,,,,5236,小宮 涼雅,130期,広島,岡山,27,B1,,0,0,0.17,4.55,25.0,43.0,3.8,20.0,34.5,0,80,29.4,42.2,0,36,33.0,49.6,1,2,3,3,0.11,転,10,5,5,0.27,6,2,1,1,0.15,4,,,,,,1,2,2,0.08,2,7,5,6,0.09,3,1,5,6,0.1,4,,,,,,,,,,,,,,,,,,,,,,,,,,,,,,,,,,,,3637,齋藤 和政,72期,愛知,愛知,55,B1,,0,0,0.18,3.62,15.4,26.7,2.53,5.8,11.7,0,18,33.6,51.9,0,75,31.4,52.6,2,4,1,1,0.04,6,,,,,,1,3,2,0.18,4,9,6,6,0.21,4,1,5,5,0.26,5,6,3,3,0.15,6,3,4,4,0.11,3,,,,,,,,,,,,,,,,,,,,,,,,,,,,,,,,,,,,4732,堀本 和也,111期,徳島,徳島,37,A2,,0,0,0.12,7.06,56.6,75.0,6.0,40.0,60.0,0,51,39.0,56.0,0,18,33.9,53.0,11,3,2,2,0.11,5,8,6,6,0.2,1,1,1,1,0.15,1,11,4,4,0.18,2,,,,,,9,4,4,0.06,2,2,5,5,0.06,3,12,2,2,0.11,3,,,,,,,,,,,,,,,,,,,,,,,,,,,,,,
202609131707,2026-09-13,17,07R,4832,権藤 俊光,115期,大阪,大阪,39,A1,,0,0,0.14,6.72,48.3,67.2,7.6,60.0,80.0,0,33,33.3,48.7,0,37,38.9,56.6,11,8,3,3,0.1,2,12,6,6,0.25,5,3,4,4,0.29,3,11,1,1,0.06,1,2,4,3,0.07,1,10,2,2,0.19,1,6,1,1,0.15,1,11,3,2,0.33,6,,,,,,,,,,,,,,,,,,,,,,,,,,,,,,,4134,杉山 貴博,89期,東京,千葉,46,A2,,0,0,0.16,5.69,40.1,58.9,5.65,32.5,62.5,0,16,34.0,50.0,0,32,33.7,49.5,3,3,1,1,0.1,1,9,4,3,0.17,6,6,2,2,0.18,6,12,5,5,0.18,6,6,6,6,0.19,4,,,,,,,,,,,7,5,5,0.16,2,,,,,,,,,,,,,,,,,,,,,,,,,,,,,,,3868,尾形 栄治,79期,東京,東京,51,B1,,0,0,0.21,4.55,22.6,41.6,0.0,0.0,0.0,0,29,31.3,52.4,0,25,36.0,51.2,2,1,5,5,0.15,6,10,1,1,0.14,1,,,,,,9,2,2,0.24,6,5,6,6,0.13,5,10,4,4,0.3,5,4,2,2,0.19,4,,,,,,,,,,,,,,,,,,,,,,,,,,,,,,,,,,,,4570,前田 聖文,105期,愛知,愛知,38,A1,,0,0,0.16,6.07,37.7,63.3,6.13,35.9,53.8,0,55,36.2,55.2,0,33,26.4,41.9,2,3,5,5,0.12,4,11,1,1,0.21,5,,,,,,10,2,2,0.19,4,4,3,3,0.12,6,12,6,6,0.27,6,,,,,,9,4,4,0.11,1,,,,,,,,,,,,,,,,,,,,,,,,,,,,,,,4332,村上 彰一,96期,福岡,福岡,42,B1,,1,0,0.19,4.26,18.0,36.1,4.45,13.6,50.0,0,11,39.4,52.5,0,54,28.2,45.2,3,3,3,3,0.1,2,10,4,4,0.23,5,,,,,,8,1,1,0.08,4,,,,,,9,6,6,0.09,4,1,2,2,0.12,6,6,5,5,0.29,6,,,,,,,,,,,,,,,,,,,,,,,,,,,,,,,4969,町田 洸希,120期,長崎,長崎,35,B1,,0,0,0.18,4.6,22.9,44.8,5.63,36.8,52.6,0,36,33.6,49.8,0,79,29.2,41.1,,4,5,5,0.22,3,,,,,,3,3,3,0.2,6,,,,,,1,4,4,0.28,落,8,3,2,0.14,3,1,4,4,0.11,3,7,1,1,0.09,1,,,,,,,,,,,,,,,,,,,,,,,,,,,,,,
202609131708,2026-09-13,17,08R,4808,松尾 拓,114期,三重,三重,38,A2,,0,0,0.16,6.4,46.8,64.8,5.17,30.5,41.6,0,53,32.6,44.7,0,80,29.1,48.7,11,5,4,4,0.35,3,11,2,2,0.11,2,,,,,,7,1,1,0.18,1,6,4,4,0.14,3,11,6,6,0.18,4,6,4,4,0.28,5,11,4,3,0.28,4,,,,,,,,,,,,,,,,,,,,,,,,,,,,,,,3748,小黒 竜吾,75期,埼玉,埼玉,51,B1,,1,0,0.16,3.97,13.2,29.4,5.78,33.3,55.5,0,72,47.7,64.7,0,63,35.3,54.4,3,1,6,6,0.23,4,8,2,2,0.16,4,5,5,5,0.1,5,,,,,,3,4,4,0.12,5,10,1,1,0.2,2,6,3,3,0.12,3,,,,,,,,,,,,,,,,,,,,,,,,,,,,,,,,,,,,4461,安田 吉宏,101期,三重,岐阜,40,B1,,0,0,0.17,4.51,22.5,41.9,3.83,6.9,37.9,0,78,29.5,46.9,0,24,33.4,51.0,1,,,,,,9,1,1,0.18,4,2,3,3,0.09,2,9,4,4,0.28,5,4,6,6,0.06,4,,,,,,5,3,3,0.25,1,9,5,5,0.12,4,,,,,,,,,,,,,,,,,,,,,,,,,,,,,,,4241,大串 重幸,92期,長崎,長崎,41,A2,,0,0,0.17,5.8,35.6,58.4,5.85,35.0,60.0,0,65,40.8,54.0,0,50,29.3,48.3,4,5,5,5,0.34,5,10,3,3,0.2,4,4,6,6,0.17,5,12,2,2,0.18,4,,,,,,7,1,1,0.01,1,3,5,5,0.09,5,,,,,,,,,,,,,,,,,,,,,,,,,,,,,,,,,,,,4637,中田 友也,107期,埼玉,埼玉,36,A2,,0,0,0.18,5.77,40.6,56.2,5.8,45.0,55.0,0,70,32.1,44.9,0,66,34.6,52.1,3,4,6,6,0.26,4,9,3,2,0.15,5,,,,,,8,3,3,0.12,1,1,1,1,0.11,4,11,5,5,0.22,5,,,,,,8,4,4,0.13,4,,,,,,,,,,,,,,,,,,,,,,,,,,,,,,,5384,八戸 琉楓,135期,長崎,佐賀,21,B2,,0,0,0.22,1.68,1.1,3.5,1.0,0.0,0.0,0,24,36.4,52.1,0,35,36.8,52.4,,2,4,4,0.18,5,8,5,5,0.31,6,6,5,5,0.13,3,,,,,,4,4,4,0.14,5,,,,,,2,6,6,0.09,5,7,4,4,0.11,6,,,,,,,,,,,,,,,,,,,,,,,,,,,,,,
202609131709,2026-09-13,17,09R,5249,三木 晴斗,130期,徳島,徳島,24,B1,,0,0,0.16,4.91,27.0,50.0,3.32,9.0,22.7,0,62,28.5,44.2,0,68,34.2,49.8,1,5,2,2,0.31,4,,,,,,1,5,4,0.23,5,6,3,3,0.2,4,5,5,5,0.13,2,,,,,,3,6,6,0.06,6,9,2,2,0.13,3,,,,,,,,,,,,,,,,,,,,,,,,,,,,,,,3503,堂原 洋史,67期,埼玉,千葉,56,B1,,0,0,0.16,3.55,16.3,22.8,5.1,30.0,50.0,0,20,29.4,49.1,0,65,32.2,48.7,2,4,3,3,0.09,5,10,6,6,0.16,3,2,5,5,0.1,3,7,2,2,0.14,4,6,1,1,0.13,2,,,,,,4,5,5,0.1,1,,,,,,,,,,,,,,,,,,,,,,,,,,,,,,,,,,,,3684,清水 攻二,73期,山口,山口,52,A2,,0,0,0.18,5.56,34.6,60.2,6.24,48.0,60.0,0,38,47.4,66.9,0,71,32.7,44.9,4,6,6,6,0.26,6,,,,,,3,2,2,0.18,4,12,3,3,0.19,3,5,1,1,0.05,1,12,5,5,0.21,5,5,4,4,0.24,5,,,,,,,,,,,,,,,,,,,,,,,,,,,,,,,,,,,,4406,幸野 史明,99期,福岡,福岡,41,B1,,0,0,0.16,4.21,18.6,34.3,4.58,26.0,44.0,0,23,32.6,50.8,0,29,43.3,56.2,4,,,,,,8,1,1,0.11,3,3,6,6,0.15,2,8,4,4,0.11,5,,,,,,7,3,3,0.06,4,4,3,3,0.21,5,8,5,5,0.11,5,,,,,,,,,,,,,,,,,,,,,,,,,,,,,,,5035,櫻井 優,122期,埼玉,埼玉,28,A2,,0,0,0.17,5.45,36.7,53.7,0.0,0.0,0.0,0,13,27.5,45.5,0,51,37.2,56.9,5,6,1,1,0.19,2,11,4,4,0.16,3,4,2,2,0.18,3,11,6,6,0.2,5,5,4,4,0.12,6,,,,,,,,,,,9,3,3,0.06,2,,,,,,,,,,,,,,,,,,,,,,,,,,,,,,,5036,福田 翔吾,122期,大阪,大阪,28,B1,,0,0,0.18,5.64,37.7,60.5,5.09,30.4,65.2,0,57,36.5,53.9,0,60,28.8,42.3,3,1,2,2,0.15,5,6,4,5,0.1,4,,,,,,9,3,3,0.19,3,,,,,,8,5,4,0.14,4,3,2,2,0.09,2,7,6,6,0.08,5,,,,,,,,,,,,,,,,,,,,,,,,,,,,,,
202609131710,2026-09-13,17,10R,5311,小林 京平,133期,山口,山口,28,B1,,0,0,0.18,5.34,34.8,47.6,2.83,8.3,33.3,0,61,35.9,49.3,0,70,30.1,39.6,4,2,5,5,0.12,3,7,4,4,0.28,2,5,2,2,0.03,1,,,,,,,,,,,10,3,3,0.17,3,1,1,1,0.05,1,10,3,3,0.1,3,,,,,,,,,,,,,,,,,,,,,,,,,,,,,,,4428,有賀 達也,100期,埼玉,埼玉,40,A2,,0,0,0.14,6.04,39.2,57.9,7.0,50.0,72.7,0,34,35.6,52.4,0,73,34.1,52.0,6,,,,,,7,3,3,0.18,3,3,5,5,0.12,1,9,1,1,0.2,1,3,6,6,0.14,4,12,3,2,0.06,4,3,3,3,0.12,1,11,5,4,0.2,3,,,,,,,,,,,,,,,,,,,,,,,,,,,,,,,5041,荒牧 凪沙,122期,福岡,福岡,27,B1,,1,0,0.19,4.88,29.1,44.4,5.92,37.5,58.3,0,21,40.8,57.9,0,77,35.1,52.3,5,5,3,3,0.35,2,,,,,,2,4,4,0.09,1,11,5,5,0.19,6,5,2,2,0.08,4,,,,,,4,1,1,0.26,6,11,6,5,0.26,5,,,,,,,,,,,,,,,,,,,,,,,,,,,,,,,3333,丸尾 義孝,61期,徳島,徳島,58,A1,,0,0,0.15,6.5,48.2,68.7,7.0,54.5,72.7,0,27,30.7,47.4,0,81,31.1,52.9,5,6,5,4,0.25,3,12,2,2,0.18,4,7,4,4,0.17,2,12,1,1,0.16,1,4,5,5,0.05,3,9,3,3,0.06,3,8,1,1,0.12,1,12,6,6,0.29,5,,,,,,,,,,,,,,,,,,,,,,,,,,,,,,,3920,正木 聖賢,81期,広島,広島,51,B1,,0,0,0.17,4.47,29.4,35.2,5.5,35.5,51.1,0,66,38.3,54.9,0,69,29.7,50.4,2,2,1,1,0.16,1,,,,,,1,2,5,0.22,3,8,2,2,0.1,2,3,3,3,0.14,6,8,2,6,0.13,2,3,1,1,0.17,4,12,4,5,0.15,6,,,,,,,,,,,,,,,,,,,,,,,,,,,,,,,4839,四宮 与寛,115期,徳島,徳島,36,A2,,0,0,0.15,6.21,46.2,61.1,6.38,47.6,66.6,0,15,35.2,52.7,0,17,40.6,54.3,6,4,4,4,0.11,1,11,6,6,0.16,転,6,1,1,0.09,2,,,,,,2,5,4,0.05,2,11,2,2,0.16,3,,,,,,8,3,3,0.18,2,,,,,,,,,,,,,,,,,,,,,,,,,,,,,,
202609131711,2026-09-13,17,11R,4732,堀本 和也,111期,徳島,徳島,37,A2,,0,0,0.12,7.06,56.6,75.0,6.0,40.0,60.0,0,51,39.0,56.0,0,18,33.9,53.0,6,3,2,2,0.11,5,8,6,6,0.2,1,1,1,1,0.15,1,11,4,4,0.18,2,,,,,,9,4,4,0.06,2,2,5,5,0.06,3,12,2,2,0.11,3,,,,,,,,,,,,,,,,,,,,,,,,,,,,,,,4808,松尾 拓,114期,三重,三重,38,A2,,0,0,0.16,6.4,46.8,64.8,5.17,30.5,41.6,0,53,32.6,44.7,0,80,29.1,48.7,8,5,4,4,0.35,3,11,2,2,0.11,2,,,,,,7,1,1,0.18,1,6,4,4,0.14,3,11,6,6,0.18,4,6,4,4,0.28,5,11,4,3,0.28,4,,,,,,,,,,,,,,,,,,,,,,,,,,,,,,,4650,中山 雄太,108期,愛知,愛知,42,B2,,0,0,0.13,2.92,8.3,12.5,6.27,54.5,72.7,0,30,41.8,59.0,0,78,38.3,56.9,4,6,3,3,0.11,1,,,,,,5,6,6,0.1,6,,,,,,4,1,1,0.09,2,11,4,4,0.2,2,1,3,3,0.09,2,10,4,4,0.12,4,,,,,,,,,,,,,,,,,,,,,,,,,,,,,,,4832,権藤 俊光,115期,大阪,大阪,39,A1,,0,0,0.14,6.72,48.3,67.2,7.6,60.0,80.0,0,33,33.3,48.7,0,37,38.9,56.6,7,8,3,3,0.1,2,12,6,6,0.25,5,3,4,4,0.29,3,11,1,1,0.06,1,2,4,3,0.07,1,10,2,2,0.19,1,6,1,1,0.15,1,11,3,2,0.33,6,,,,,,,,,,,,,,,,,,,,,,,,,,,,,,,3662,大庭 元明,73期,福岡,福岡,56,B1,,0,0,0.16,4.96,33.3,44.7,6.7,60.0,70.0,0,79,36.6,58.5,0,56,34.9,50.6,1,2,2,2,0.13,2,11,5,5,0.09,4,4,1,1,0.15,2,,,,,,1,3,3,0.09,1,10,6,6,0.23,6,5,2,2,0.27,2,10,5,5,0.12,6,,,,,,,,,,,,,,,,,,,,,,,,,,,,,,,4201,佐竹 友樹,91期,埼玉,宮城,44,B1,,0,0,0.18,4.33,22.0,35.7,4.74,30.4,43.4,0,58,39.4,52.3,0,15,30.8,47.1,5,2,6,6,0.08,4,9,5,4,0.13,3,,,,,,7,3,3,0.23,5,,,,,,8,1,1,0.13,1,2,3,3,0.19,6,8,2,2,0.18,3,,,,,,,,,,,,,,,,,,,,,,,,,,,,,,
202609131712,2026-09-13,17,12R,3556,田中 信一郎,69期,大阪,大阪,53,A1,,0,0,0.14,6.76,52.2,70.6,7.5,64.7,76.4,0,60,37.8,55.3,0,39,33.3,45.8,,3,4,4,0.11,3,12,1,1,0.16,1,4,3,3,0.13,1,9,5,5,0.19,2,6,2,2,0.14,1,12,4,4,0.16,2,6,6,6,0.24,4,12,1,1,0.08,1,,,,,,,,,,,,,,,,,,,,,,,,,,,,,,,4601,森野 正弘,106期,山口,山口,41,A1,,0,0,0.13,7.05,58.1,73.6,6.78,36.1,69.4,0,25,37.2,57.0,0,53,31.8,47.6,,4,2,2,0.03,2,12,5,5,0.22,2,6,4,4,0.1,1,11,3,3,0.06,3,7,4,4,0.04,2,12,1,1,0.09,1,4,6,6,0.23,3,10,1,1,0.07,1,,,,,,,,,,,,,,,,,,,,,,,,,,,,,,,4302,西野 翔太,95期,広島,広島,43,A1,,0,0,0.15,6.6,53.2,67.2,6.57,47.2,67.0,0,67,31.9,51.2,0,34,29.7,45.5,,7,2,2,0.17,1,12,3,3,0.16,3,5,4,4,0.08,2,10,5,6,0.18,2,5,3,3,0.09,3,11,1,1,0.19,1,5,5,6,0.23,3,11,1,1,0.2,1,,,,,,,,,,,,,,,,,,,,,,,,,,,,,,,4574,東 潤樹,105期,広島,愛媛,37,A2,,0,0,0.17,5.1,34.2,46.6,5.33,35.9,47.4,0,52,35.0,56.5,0,26,27.7,52.2,,1,1,1,0.15,1,11,3,3,0.12,1,,,,,,7,5,6,0.17,3,4,2,2,0.14,1,10,5,5,0.19,4,2,1,1,0.14,1,10,2,2,0.14,2,,,,,,,,,,,,,,,,,,,,,,,,,,,,,,,4593,小坂 宗司,106期,大阪,兵庫,45,A2,,0,0,0.17,5.97,36.4,65.4,6.02,38.0,60.0,0,54,35.8,57.2,0,14,28.6,45.7,,,,,,,10,2,2,0.17,2,5,3,3,0.05,3,12,6,6,0.16,2,3,5,5,0.17,3,9,1,1,0.03,1,4,4,4,0.14,2,12,3,3,0.13,2,,,,,,,,,,,,,,,,,,,,,,,,,,,,,,,3265,今村 暢孝,59期,福岡,福岡,61,A2,,1,0,0.15,5.98,44.0,60.7,6.55,50.0,70.9,0,39,32.4,50.6,0,76,35.3,54.4,,,,,,,9,2,5,0.11,1,5,1,1,0.04,4,11,2,2,0.05,4,2,2,6,0.09,4,12,2,3,0.09,3,7,2,2,0.1,3,11,2,6,0.22,2,,,,,,,,,,,,,,,,,,,,,,,,,,,,,,
202609131801,2026-09-13,18,01R,4713,白神 優,110期,岡山,岡山,36,A1,,0,0,0.14,6.26,40.3,60.5,7.17,52.7,72.2,0,15,41.8,52.3,0,32,29.4,48.7,10,4,6,6,0.02,3,,,,,,,,,,,,,,,,,,,,,,,,,,,,,,,,,,,,,,,,,,,,,,,,,,,,,,,,,,,,,,,,,,5267,石本 裕武,131期,大阪,大阪,26,A1,,0,0,0.15,6.88,54.9,65.6,7.7,70.0,80.0,0,35,36.8,52.4,0,20,33.8,50.0,8,5,6,6,0.16,6,,,,,,,,,,,,,,,,,,,,,,,,,,,,,,,,,,,,,,,,,,,,,,,,,,,,,,,,,,,,,,,,,,4344,新田 雄史,96期,三重,三重,41,A1,,2,0,0.14,7.58,56.0,68.9,7.88,37.5,50.0,0,67,29.6,48.1,0,53,33.3,46.7,7,,,,,,12,6,6,0.34,5,,,,,,,,,,,,,,,,,,,,,,,,,,,,,,,,,,,,,,,,,,,,,,,,,,,,,,,,,,,,,4362,土屋 智則,97期,群馬,群馬,41,A1,,0,0,0.15,6.86,44.9,66.9,6.96,52.1,69.5,0,63,28.0,42.0,0,25,29.9,43.1,11,,,,,,8,3,3,0.07,4,,,,,,,,,,,,,,,,,,,,,,,,,,,,,,,,,,,,,,,,,,,,,,,,,,,,,,,,,,,,,4239,竹田 辰也,92期,山口,山口,42,A1,,0,0,0.15,6.47,51.8,66.3,6.13,40.3,58.6,0,30,38.4,53.8,0,41,37.5,56.1,9,2,4,4,0.11,2,,,,,,,,,,,,,,,,,,,,,,,,,,,,,,,,,,,,,,,,,,,,,,,,,,,,,,,,,,,,,,,,,,4448,青木 玄太,100期,滋賀,滋賀,39,A1,,0,0,0.16,7.07,54.5,74.3,7.52,66.6,74.0,0,43,18.9,31.5,0,17,29.1,45.4,6,,,,,,9,2,2,0.06,2,,,,,,,,,,,,,,,,,,,,,,,,,,,,,,,,,,,,,,,,,,,,,,,,,,,,,,,,,,,,
202609131802,2026-09-13,18,02R,4528,黒井 達矢,103期,埼玉,埼玉,38,A1,,0,0,0.17,6.56,43.1,62.5,6.94,37.5,56.2,0,71,29.5,44.9,0,43,29.4,43.1,10,3,5,5,0.18,5,,,,,,,,,,,,,,,,,,,,,,,,,,,,,,,,,,,,,,,,,,,,,,,,,,,,,,,,,,,,,,,,,,4586,磯部 誠,105期,愛知,愛知,36,A1,,0,0,0.13,7.7,54.4,71.5,6.16,32.4,48.6,0,13,40.2,55.1,0,64,34.9,49.7,7,,,,,,12,3,3,0.23,2,,,,,,,,,,,,,,,,,,,,,,,,,,,,,,,,,,,,,,,,,,,,,,,,,,,,,,,,,,,,,4759,今泉 友吾,112期,東京,東京,36,A1,,0,0,0.16,6.97,48.1,74.4,6.72,55.5,72.2,0,69,41.4,59.5,0,16,38.3,53.4,9,5,4,4,0.16,2,,,,,,,,,,,,,,,,,,,,,,,,,,,,,,,,,,,,,,,,,,,,,,,,,,,,,,,,,,,,,,,,,,4760,山崎 郡,112期,大阪,大阪,36,A1,,0,0,0.14,7.49,53.7,68.9,7.61,51.6,87.1,0,59,38.1,55.9,0,54,36.9,56.9,,4,5,5,0.04,1,10,1,1,0.13,1,,,,,,,,,,,,,,,,,,,,,,,,,,,,,,,,,,,,,,,,,,,,,,,,,,,,,,,,,,,,,4985,井本 昌也,120期,山口,山口,29,A1,,0,0,0.15,6.64,52.4,66.9,6.52,52.0,63.2,0,73,42.5,55.3,0,44,36.4,58.2,8,6,2,2,0.27,3,,,,,,,,,,,,,,,,,,,,,,,,,,,,,,,,,,,,,,,,,,,,,,,,,,,,,,,,,,,,,,,,,,4739,中村 晃朋,111期,香川,香川,34,A1,,1,0,0.15,6.44,52.9,68.0,5.96,26.0,47.8,0,70,24.4,40.0,0,38,41.6,54.0,11,5,1,1,0.15,1,,,,,,,,,,,,,,,,,,,,,,,,,,,,,,,,,,,,,,,,,,,,,,,,,,,,,,,,,,,,,,,,,
202609131803,2026-09-13,18,03R,3942,寺田 祥,81期,山口,山口,47,A1,,0,0,0.14,6.44,44.6,62.7,6.9,46.9,65.0,0,56,39.1,61.8,0,30,36.3,54.5,10,,,,,,7,4,4,0.11,エ,,,,,,,,,,,,,,,,,,,,,,,,,,,,,,,,,,,,,,,,,,,,,,,,,,,,,,,,,,,,,4547,中田 竜太,104期,埼玉,福島,38,A1,,0,0,0.16,6.82,43.6,60.9,8.0,57.1,92.8,0,23,35.5,46.7,0,33,33.8,45.4,11,4,1,1,0.17,2,,,,,,,,,,,,,,,,,,,,,,,,,,,,,,,,,,,,,,,,,,,,,,,,,,,,,,,,,,,,,,,,,,5015,高橋 竜矢,121期,広島,広島,28,A1,,0,0,0.14,6.89,54.6,73.8,6.86,41.3,72.4,0,60,32.6,53.0,0,55,35.4,54.1,9,,,,,,9,4,4,0.13,5,,,,,,,,,,,,,,,,,,,,,,,,,,,,,,,,,,,,,,,,,,,,,,,,,,,,,,,,,,,,,4305,金子 拓矢,95期,群馬,栃木,42,A1,,0,0,0.15,6.88,53.4,66.9,6.96,54.1,75.0,0,38,33.6,43.2,0,56,31.2,44.2,,2,3,3,0.14,4,10,6,6,0.17,6,,,,,,,,,,,,,,,,,,,,,,,,,,,,,,,,,,,,,,,,,,,,,,,,,,,,,,,,,,,,,4928,栗城 匠,118期,東京,東京,31,A1,,0,0,0.14,6.63,50.9,64.8,6.38,50.0,75.0,0,17,40.2,64.3,0,62,38.3,54.3,7,3,4,4,0.13,6,,,,,,,,,,,,,,,,,,,,,,,,,,,,,,,,,,,,,,,,,,,,,,,,,,,,,,,,,,,,,,,,,,3960,菊地 孝平,82期,静岡,岩手,48,A1,,0,0,0.11,6.94,42.9,62.2,6.7,50.0,60.0,0,12,41.6,56.2,0,19,38.3,51.4,8,,,,,,12,2,2,0.15,6,,,,,,,,,,,,,,,,,,,,,,,,,,,,,,,,,,,,,,,,,,,,,,,,,,,,,,,,,,,,
202609131804,2026-09-13,18,04R,4566,塩田 北斗,105期,福岡,福岡,38,A1,,1,0,0.14,6.76,44.0,64.5,6.36,39.2,53.5,0,36,28.5,50.8,0,23,30.7,55.1,,6,5,5,0.22,4,,,,,,,,,,,,,,,,,,,,,,,,,,,,,,,,,,,,,,,,,,,,,,,,,,,,,,,,,,,,,,,,,,4939,宮之原 輝紀,118期,東京,東京,28,A1,,0,0,0.14,7.7,64.7,73.5,7.2,65.0,75.0,0,41,31.4,51.8,0,15,36.9,57.6,11,,,,,,7,5,5,0.13,3,,,,,,,,,,,,,,,,,,,,,,,,,,,,,,,,,,,,,,,,,,,,,,,,,,,,,,,,,,,,,4397,西村 拓也,98期,大阪,大阪,39,A1,,0,0,0.13,7.43,61.0,77.8,7.13,41.6,70.8,0,44,34.9,53.4,0,24,33.8,46.5,10,,,,,,8,2,2,0.08,2,,,,,,,,,,,,,,,,,,,,,,,,,,,,,,,,,,,,,,,,,,,,,,,,,,,,,,,,,,,,,4415,下出 卓矢,99期,福井,石川,39,A1,,1,0,0.14,6.08,46.8,58.5,5.65,35.2,58.8,0,22,30.3,46.0,0,40,38.0,52.2,,4,2,2,0.13,6,,,,,,,,,,,,,,,,,,,,,,,,,,,,,,,,,,,,,,,,,,,,,,,,,,,,,,,,,,,,,,,,,,4444,桐生 順平,100期,埼玉,福島,39,A1,,0,0,0.13,7.29,40.6,62.6,5.67,11.1,22.2,0,33,51.0,72.0,0,67,40.7,57.7,9,,,,,,12,4,4,0.23,3,,,,,,,,,,,,,,,,,,,,,,,,,,,,,,,,,,,,,,,,,,,,,,,,,,,,,,,,,,,,,4361,柳生 泰二,97期,山口,山口,41,A1,,1,0,0.14,7.39,56.1,71.0,6.54,45.1,59.7,0,58,29.1,46.8,0,51,34.3,48.7,,3,1,1,0.18,1,10,5,5,0.16,5,,,,,,,,,,,,,,,,,,,,,,,,,,,,,,,,,,,,,,,,,,,,,,,,,,,,,,,,,,,,
202609131805,2026-09-13,18,05R,4826,井上 一輝,114期,大阪,大阪,32,A1,,0,0,0.13,7.02,53.9,70.8,6.3,37.0,55.5,0,64,38.4,53.8,0,35,29.6,44.6,,3,3,3,0.17,2,9,6,6,0.11,4,,,,,,,,,,,,,,,,,,,,,,,,,,,,,,,,,,,,,,,,,,,,,,,,,,,,,,,,,,,,,4796,春園 功太,113期,三重,三重,35,A1,,0,0,0.15,6.02,45.3,58.9,6.08,45.0,60.0,0,27,44.3,59.4,0,18,39.7,49.2,,,,,,,7,6,6,0.17,4,,,,,,,,,,,,,,,,,,,,,,,,,,,,,,,,,,,,,,,,,,,,,,,,,,,,,,,,,,,,,4831,羽野 直也,114期,福岡,福岡,31,A1,,0,0,0.15,7.36,57.1,70.4,7.14,47.2,72.2,0,31,31.3,54.5,0,37,34.4,51.4,,4,4,4,0.11,5,11,1,1,0.14,1,,,,,,,,,,,,,,,,,,,,,,,,,,,,,,,,,,,,,,,,,,,,,,,,,,,,,,,,,,,,,4851,関 浩哉,115期,群馬,群馬,31,A1,,0,0,0.13,7.63,49.1,65.1,9.0,64.7,76.4,0,39,30.5,48.4,0,58,35.1,55.6,10,,,,,,12,5,5,0.23,4,,,,,,,,,,,,,,,,,,,,,,,,,,,,,,,,,,,,,,,,,,,,,,,,,,,,,,,,,,,,,4537,渡邉 和将,103期,岡山,岡山,36,A1,,0,0,0.14,7.11,50.0,74.6,7.3,54.3,66.6,0,74,42.6,54.8,0,39,32.0,47.0,11,6,1,1,0.22,1,,,,,,,,,,,,,,,,,,,,,,,,,,,,,,,,,,,,,,,,,,,,,,,,,,,,,,,,,,,,,,,,,,4980,佐々木 完太,120期,山口,山口,30,A1,,0,0,0.16,7.1,52.2,64.6,6.8,50.6,65.4,0,19,48.3,63.7,0,27,31.9,48.2,,1,1,1,0.12,1,8,4,4,0.11,5,,,,,,,,,,,,,,,,,,,,,,,,,,,,,,,,,,,,,,,,,,,,,,,,,,,,,,,,,,,,
202609131806,2026-09-13,18,06R,4682,大上 卓人,109期,広島,広島,36,A1,,0,0,0.14,7.29,50.8,68.7,6.46,26.9,50.0,0,55,37.0,51.0,0,57,36.8,51.2,,1,2,2,0.11,2,6,6,6,0.18,6,,,,,,,,,,,,,,,,,,,,,,,,,,,,,,,,,,,,,,,,,,,,,,,,,,,,,,,,,,,,,5142,常住 蓮,126期,佐賀,佐賀,25,A1,,1,0,0.15,7.31,56.2,74.3,8.56,66.6,88.8,0,75,36.8,56.3,0,26,30.6,44.5,,2,1,1,0.25,3,8,5,5,0.06,6,,,,,,,,,,,,,,,,,,,,,,,,,,,,,,,,,,,,,,,,,,,,,,,,,,,,,,,,,,,,,4024,井口 佳典,85期,三重,三重,49,A1,,0,0,0.16,6.92,45.8,60.5,6.67,16.6,66.6,0,48,38.5,55.0,0,42,30.2,47.3,,5,5,5,0.15,3,,,,,,,,,,,,,,,,,,,,,,,,,,,,,,,,,,,,,,,,,,,,,,,,,,,,,,,,,,,,,,,,,,5112,砂長 知輝,125期,埼玉,埼玉,26,A1,賞除,1,0,0.16,6.72,52.2,71.1,6.86,48.2,68.9,0,61,30.0,55.0,0,75,26.8,43.2,,1,6,6,0.18,妨,11,3,3,0.16,3,,,,,,,,,,,,,,,,,,,,,,,,,,,,,,,,,,,,,,,,,,,,,,,,,,,,,,,,,,,,,4448,青木 玄太,100期,滋賀,滋賀,39,A1,,0,0,0.16,7.07,54.5,74.3,7.52,66.6,74.0,0,43,18.9,31.5,0,17,29.1,45.4,1,,,,,,9,2,2,0.06,2,,,,,,,,,,,,,,,,,,,,,,,,,,,,,,,,,,,,,,,,,,,,,,,,,,,,,,,,,,,,,3897,白井 英治,80期,山口,山口,49,A1,,0,0,0.13,7.72,51.7,67.8,8.11,61.3,82.6,0,29,26.8,47.2,0,48,31.5,48.3,11,,,,,,12,1,1,0.18,1,,,,,,,,,,,,,,,,,,,,,,,,,,,,,,,,,,,,,,,,,,,,,,,,,,,,,,,,,,,,
202609131807,2026-09-13,18,07R,4344,新田 雄史,96期,三重,三重,41,A1,,2,0,0.14,7.58,56.0,68.9,7.88,37.5,50.0,0,67,29.6,48.1,0,53,33.3,46.7,1,,,,,,12,6,6,0.34,5,,,,,,,,,,,,,,,,,,,,,,,,,,,,,,,,,,,,,,,,,,,,,,,,,,,,,,,,,,,,,4928,栗城 匠,118期,東京,東京,31,A1,,0,0,0.14,6.63,50.9,64.8,6.38,50.0,75.0,0,17,40.2,64.3,0,62,38.3,54.3,3,3,4,4,0.13,6,,,,,,,,,,,,,,,,,,,,,,,,,,,,,,,,,,,,,,,,,,,,,,,,,,,,,,,,,,,,,,,,,,4324,海野 康志郎,95期,山口,山口,38,A1,,0,0,0.13,7.19,56.4,70.7,7.04,58.3,66.6,0,40,27.6,43.6,0,74,35.7,54.9,,5,2,2,0.11,5,11,5,5,0.1,6,,,,,,,,,,,,,,,,,,,,,,,,,,,,,,,,,,,,,,,,,,,,,,,,,,,,,,,,,,,,,4256,渡辺 浩司,93期,福岡,大分,42,A1,,1,0,0.13,7.09,46.2,78.1,6.88,40.0,80.0,0,68,53.4,65.9,0,59,41.2,60.1,,2,5,5,0.15,6,9,3,3,0.11,6,,,,,,,,,,,,,,,,,,,,,,,,,,,,,,,,,,,,,,,,,,,,,,,,,,,,,,,,,,,,,5017,澤田 尚也,121期,滋賀,京都,27,A1,,0,0,0.13,6.84,53.0,68.1,6.88,37.5,37.5,0,34,38.7,61.2,0,47,33.1,55.2,,,,,,,10,2,2,0.15,2,,,,,,,,,,,,,,,,,,,,,,,,,,,,,,,,,,,,,,,,,,,,,,,,,,,,,,,,,,,,,4586,磯部 誠,105期,愛知,愛知,36,A1,,0,0,0.13,7.7,54.4,71.5,6.16,32.4,48.6,0,13,40.2,55.1,0,64,34.9,49.7,2,,,,,,12,3,3,0.23,2,,,,,,,,,,,,,,,,,,,,,,,,,,,,,,,,,,,,,,,,,,,,,,,,,,,,,,,,,,,,
202609131808,2026-09-13,18,08R,4985,井本 昌也,120期,山口,山口,29,A1,,0,0,0.15,6.64,52.4,66.9,6.52,52.0,63.2,0,73,42.5,55.3,0,44,36.4,58.2,2,6,2,2,0.27,3,,,,,,,,,,,,,,,,,,,,,,,,,,,,,,,,,,,,,,,,,,,,,,,,,,,,,,,,,,,,,,,,,,5084,末永 和也,124期,佐賀,佐賀,27,A1,,0,0,0.13,6.67,45.9,65.5,7.27,46.1,61.5,0,72,36.3,63.6,0,31,31.8,50.4,,1,5,5,0.16,転,10,3,3,0.13,3,,,,,,,,,,,,,,,,,,,,,,,,,,,,,,,,,,,,,,,,,,,,,,,,,,,,,,,,,,,,,3960,菊地 孝平,82期,静岡,岩手,48,A1,,0,0,0.11,6.94,42.9,62.2,6.7,50.0,60.0,0,12,41.6,56.2,0,19,38.3,51.4,3,,,,,,12,2,2,0.15,6,,,,,,,,,,,,,,,,,,,,,,,,,,,,,,,,,,,,,,,,,,,,,,,,,,,,,,,,,,,,,4852,川原 祐明,115期,香川,愛媛,31,A1,,1,0,0.15,7.05,55.3,73.8,6.29,42.8,65.7,0,53,38.2,53.9,0,29,30.2,47.8,,3,6,6,0.14,3,11,2,2,0.12,2,,,,,,,,,,,,,,,,,,,,,,,,,,,,,,,,,,,,,,,,,,,,,,,,,,,,,,,,,,,,,5267,石本 裕武,131期,大阪,大阪,26,A1,,0,0,0.15,6.88,54.9,65.6,7.7,70.0,80.0,0,35,36.8,52.4,0,20,33.8,50.0,1,5,6,6,0.16,6,,,,,,,,,,,,,,,,,,,,,,,,,,,,,,,,,,,,,,,,,,,,,,,,,,,,,,,,,,,,,,,,,,4074,柳沢 一,86期,愛知,愛知,45,A1,,0,0,0.13,6.63,48.3,70.1,6.38,37.5,50.0,0,24,26.0,42.3,0,73,39.3,55.3,,,,,,,7,1,1,0.1,2,,,,,,,,,,,,,,,,,,,,,,,,,,,,,,,,,,,,,,,,,,,,,,,,,,,,,,,,,,,,
202609131809,2026-09-13,18,09R,4239,竹田 辰也,92期,山口,山口,42,A1,,0,0,0.15,6.47,51.8,66.3,6.13,40.3,58.6,0,30,38.4,53.8,0,41,37.5,56.1,1,2,4,4,0.11,2,,,,,,,,,,,,,,,,,,,,,,,,,,,,,,,,,,,,,,,,,,,,,,,,,,,,,,,,,,,,,,,,,,4444,桐生 順平,100期,埼玉,福島,39,A1,,0,0,0.13,7.29,40.6,62.6,5.67,11.1,22.2,0,33,51.0,72.0,0,67,40.7,57.7,4,,,,,,12,4,4,0.23,3,,,,,,,,,,,,,,,,,,,,,,,,,,,,,,,,,,,,,,,,,,,,,,,,,,,,,,,,,,,,,4391,松田 祐季,98期,福井,福井,40,A1,,0,0,0.15,7.03,53.7,70.5,6.45,40.9,59.0,0,62,25.8,43.5,0,34,31.8,48.7,,6,4,4,0.17,2,,,,,,,,,,,,,,,,,,,,,,,,,,,,,,,,,,,,,,,,,,,,,,,,,,,,,,,,,,,,,,,,,,3744,徳増 秀樹,75期,静岡,静岡,51,A1,,0,0,0.14,6.2,45.4,59.8,6.36,46.1,64.1,0,11,31.6,49.5,0,68,41.9,55.7,,,,,,,8,1,1,0.08,1,,,,,,,,,,,,,,,,,,,,,,,,,,,,,,,,,,,,,,,,,,,,,,,,,,,,,,,,,,,,,4759,今泉 友吾,112期,東京,東京,36,A1,,0,0,0.16,6.97,48.1,74.4,6.72,55.5,72.2,0,69,41.4,59.5,0,16,38.3,53.4,2,5,4,4,0.16,2,,,,,,,,,,,,,,,,,,,,,,,,,,,,,,,,,,,,,,,,,,,,,,,,,,,,,,,,,,,,,,,,,,5015,高橋 竜矢,121期,広島,広島,28,A1,,0,0,0.14,6.89,54.6,73.8,6.86,41.3,72.4,0,60,32.6,53.0,0,55,35.4,54.1,3,,,,,,9,4,4,0.13,5,,,,,,,,,,,,,,,,,,,,,,,,,,,,,,,,,,,,,,,,,,,,,,,,,,,,,,,,,,,,
202609131810,2026-09-13,18,10R,4851,関 浩哉,115期,群馬,群馬,31,A1,,0,0,0.13,7.63,49.1,65.1,9.0,64.7,76.4,0,39,30.5,48.4,0,58,35.1,55.6,5,,,,,,12,5,5,0.23,4,,,,,,,,,,,,,,,,,,,,,,,,,,,,,,,,,,,,,,,,,,,,,,,,,,,,,,,,,,,,,4528,黒井 達矢,103期,埼玉,埼玉,38,A1,,0,0,0.17,6.56,43.1,62.5,6.94,37.5,56.2,0,71,29.5,44.9,0,43,29.4,43.1,2,3,5,5,0.18,5,,,,,,,,,,,,,,,,,,,,,,,,,,,,,,,,,,,,,,,,,,,,,,,,,,,,,,,,,,,,,,,,,,3942,寺田 祥,81期,山口,山口,47,A1,,0,0,0.14,6.44,44.6,62.7,6.9,46.9,65.0,0,56,39.1,61.8,0,30,36.3,54.5,3,,,,,,7,4,4,0.11,エ,,,,,,,,,,,,,,,,,,,,,,,,,,,,,,,,,,,,,,,,,,,,,,,,,,,,,,,,,,,,,4713,白神 優,110期,岡山,岡山,36,A1,,0,0,0.14,6.26,40.3,60.5,7.17,52.7,72.2,0,15,41.8,52.3,0,32,29.4,48.7,1,4,6,6,0.02,3,,,,,,,,,,,,,,,,,,,,,,,,,,,,,,,,,,,,,,,,,,,,,,,,,,,,,,,,,,,,,,,,,,3959,坪井 康晴,82期,静岡,静岡,48,A1,,0,0,0.13,7.14,49.5,68.8,7.07,55.1,68.9,0,42,36.6,51.4,0,36,34.6,53.9,,2,2,2,0.16,1,11,6,6,0.08,5,,,,,,,,,,,,,,,,,,,,,,,,,,,,,,,,,,,,,,,,,,,,,,,,,,,,,,,,,,,,,4397,西村 拓也,98期,大阪,大阪,39,A1,,0,0,0.13,7.43,61.0,77.8,7.13,41.6,70.8,0,44,34.9,53.4,0,24,33.8,46.5,4,,,,,,8,2,2,0.08,2,,,,,,,,,,,,,,,,,,,,,,,,,,,,,,,,,,,,,,,,,,,,,,,,,,,,,,,,,,,,
202609131811,2026-09-13,18,11R,4939,宮之原 輝紀,118期,東京,東京,28,A1,,0,0,0.14,7.7,64.7,73.5,7.2,65.0,75.0,0,41,31.4,51.8,0,15,36.9,57.6,4,,,,,,7,5,5,0.13,3,,,,,,,,,,,,,,,,,,,,,,,,,,,,,,,,,,,,,,,,,,,,,,,,,,,,,,,,,,,,,3897,白井 英治,80期,山口,山口,49,A1,,0,0,0.13,7.72,51.7,67.8,8.11,61.3,82.6,0,29,26.8,47.2,0,48,31.5,48.3,6,,,,,,12,1,1,0.18,1,,,,,,,,,,,,,,,,,,,,,,,,,,,,,,,,,,,,,,,,,,,,,,,,,,,,,,,,,,,,,4739,中村 晃朋,111期,香川,香川,34,A1,,1,0,0.15,6.44,52.9,68.0,5.96,26.0,47.8,0,70,24.4,40.0,0,38,41.6,54.0,2,5,1,1,0.15,1,,,,,,,,,,,,,,,,,,,,,,,,,,,,,,,,,,,,,,,,,,,,,,,,,,,,,,,,,,,,,,,,,,4537,渡邉 和将,103期,岡山,岡山,36,A1,,0,0,0.14,7.11,50.0,74.6,7.3,54.3,66.6,0,74,42.6,54.8,0,39,32.0,47.0,5,6,1,1,0.22,1,,,,,,,,,,,,,,,,,,,,,,,,,,,,,,,,,,,,,,,,,,,,,,,,,,,,,,,,,,,,,,,,,,4547,中田 竜太,104期,埼玉,福島,38,A1,,0,0,0.16,6.82,43.6,60.9,8.0,57.1,92.8,0,23,35.5,46.7,0,33,33.8,45.4,3,4,1,1,0.17,2,,,,,,,,,,,,,,,,,,,,,,,,,,,,,,,,,,,,,,,,,,,,,,,,,,,,,,,,,,,,,,,,,,4362,土屋 智則,97期,群馬,群馬,41,A1,,0,0,0.15,6.86,44.9,66.9,6.96,52.1,69.5,0,63,28.0,42.0,0,25,29.9,43.1,1,,,,,,8,3,3,0.07,4,,,,,,,,,,,,,,,,,,,,,,,,,,,,,,,,,,,,,,,,,,,,,,,,,,,,,,,,,,,,
202609131812,2026-09-13,18,12R,3941,池田 浩二,81期,愛知,愛知,48,A1,,0,0,0.12,7.69,48.3,66.9,7.82,52.9,70.5,0,66,31.7,45.8,0,14,35.5,52.4,,5,3,3,0.12,4,10,4,4,0.12,4,,,,,,,,,,,,,,,,,,,,,,,,,,,,,,,,,,,,,,,,,,,,,,,,,,,,,,,,,,,,,4237,大峯 豊,92期,山口,山口,42,A1,,0,0,0.14,7.39,53.5,75.8,7.58,61.5,76.9,0,26,38.4,50.5,0,72,34.1,51.9,,4,3,3,0.12,4,9,5,5,0.06,3,,,,,,,,,,,,,,,,,,,,,,,,,,,,,,,,,,,,,,,,,,,,,,,,,,,,,,,,,,,,,4168,石野 貴之,90期,大阪,大阪,44,A1,,1,0,0.14,6.97,52.9,65.8,0.0,0.0,0.0,0,14,41.5,56.1,0,13,39.6,57.0,,2,6,6,0.19,5,7,2,2,0.14,1,,,,,,,,,,,,,,,,,,,,,,,,,,,,,,,,,,,,,,,,,,,,,,,,,,,,,,,,,,,,,4205,山口 剛,91期,広島,広島,44,A1,,0,0,0.14,7.54,48.9,67.0,7.8,56.0,64.0,0,46,33.0,46.6,0,12,39.3,53.7,,3,2,2,0.15,4,8,6,6,0.14,3,,,,,,,,,,,,,,,,,,,,,,,,,,,,,,,,,,,,,,,,,,,,,,,,,,,,,,,,,,,,,4013,中島 孝平,84期,福井,福井,46,A1,,0,0,0.14,6.99,46.3,63.8,6.76,36.0,52.0,0,54,37.5,57.1,0,70,29.1,49.5,,1,4,4,0.19,3,9,1,1,0.06,1,,,,,,,,,,,,,,,,,,,,,,,,,,,,,,,,,,,,,,,,,,,,,,,,,,,,,,,,,,,,,4445,宮地 元輝,100期,佐賀,佐賀,39,A1,,0,0,0.12,7.26,48.4,60.8,7.11,33.3,55.5,0,50,37.5,52.8,0,66,32.1,48.5,,6,3,3,0.34,5,11,4,4,0.09,4,,,,,,,,,,,,,,,,,,,,,,,,,,,,,,,,,,,,,,,,,,,,,,,,,,,,,,,,,,,,
202609131901,2026-09-13,19,01R,4226,村田 浩司,92期,山口,山口,44,B1,,0,0,0.15,4.09,19.3,38.7,4.0,27.0,33.3,0,48,38.8,58.8,0,73,34.5,48.8,7,,,,,,,,,,,,,,,,,,,,,,,,,,,,,,,,,,,,,,,,,,,,,,,,,,,,,,,,,,,,,,,,,,,,,,,3912,川原 正明,81期,福井,石川,52,B1,,0,0,0.15,5.94,43.3,58.3,5.06,35.2,35.2,0,50,34.1,41.4,0,15,29.0,48.8,11,,,,,,,,,,,,,,,,,,,,,,,,,,,,,,,,,,,,,,,,,,,,,,,,,,,,,,,,,,,,,,,,,,,,,,,4548,篠木 亜衣花,104期,三重,三重,38,B1,,1,0,0.24,3.05,10.5,21.0,0.0,0.0,0.0,0,35,27.3,51.1,0,16,23.4,29.6,,,,,,,,,,,,,,,,,,,,,,,,,,,,,,,,,,,,,,,,,,,,,,,,,,,,,,,,,,,,,,,,,,,,,,,,4978,山田 和佐,120期,広島,島根,32,B1,,1,0,0.17,5.0,27.0,45.0,4.33,11.1,44.4,0,27,40.2,58.6,0,31,36.4,52.9,8,,,,,,,,,,,,,,,,,,,,,,,,,,,,,,,,,,,,,,,,,,,,,,,,,,,,,,,,,,,,,,,,,,,,,,,3742,宮地 秀祈,75期,福岡,福岡,52,B1,,0,0,0.18,5.54,36.4,52.9,4.81,23.0,46.1,0,33,31.4,51.6,0,11,34.8,46.5,6,,,,,,,,,,,,,,,,,,,,,,,,,,,,,,,,,,,,,,,,,,,,,,,,,,,,,,,,,,,,,,,,,,,,,,,4054,福嶋 智之,86期,岡山,岡山,48,B1,,0,0,0.16,4.8,27.7,46.6,4.55,33.3,40.4,0,73,27.5,42.5,0,20,26.2,53.7,10,,,,,,,,,,,,,,,,,,,,,,,,,,,,,,,,,,,,,,,,,,,,,,,,,,,,,,,,,,,,,,,,,,,,,,
202609131902,2026-09-13,19,02R,3606,川北 浩貴,71期,滋賀,滋賀,54,B1,,0,0,0.16,5.63,38.6,52.4,0.0,0.0,0.0,0,66,24.6,43.2,0,54,33.7,54.2,11,,,,,,,,,,,,,,,,,,,,,,,,,,,,,,,,,,,,,,,,,,,,,,,,,,,,,,,,,,,,,,,,,,,,,,,3572,安田 政彦,70期,兵庫,大阪,55,B1,,1,0,0.2,5.2,33.6,48.5,5.86,57.1,64.2,0,20,27.7,46.9,0,66,26.5,38.5,8,,,,,,,,,,,,,,,,,,,,,,,,,,,,,,,,,,,,,,,,,,,,,,,,,,,,,,,,,,,,,,,,,,,,,,,3455,谷本 幸司,65期,愛知,愛知,55,B1,,1,0,0.17,4.68,27.9,43.2,4.86,42.8,42.8,0,38,39.0,48.2,0,18,20.2,44.0,7,,,,,,,,,,,,,,,,,,,,,,,,,,,,,,,,,,,,,,,,,,,,,,,,,,,,,,,,,,,,,,,,,,,,,,,4339,平瀬 城啓,96期,福井,富山,42,B1,,0,0,0.19,3.98,15.2,32.9,4.8,20.0,40.0,0,34,26.1,45.4,0,44,27.5,43.7,6,,,,,,,,,,,,,,,,,,,,,,,,,,,,,,,,,,,,,,,,,,,,,,,,,,,,,,,,,,,,,,,,,,,,,,,4300,加藤 綾,95期,三重,三重,43,B1,,0,0,0.18,5.24,36.6,54.4,4.66,27.5,37.9,0,52,38.1,57.8,0,69,44.1,59.3,9,,,,,,,,,,,,,,,,,,,,,,,,,,,,,,,,,,,,,,,,,,,,,,,,,,,,,,,,,,,,,,,,,,,,,,,4159,向後 龍一,90期,埼玉,茨城,45,A2,,0,0,0.17,6.63,50.0,67.5,5.29,28.5,57.1,0,54,24.1,39.0,0,24,29.2,52.4,10,,,,,,,,,,,,,,,,,,,,,,,,,,,,,,,,,,,,,,,,,,,,,,,,,,,,,,,,,,,,,,,,,,,,,,
202609131903,2026-09-13,19,03R,3882,新田 智彰,80期,大阪,大阪,53,B1,,0,0,0.17,4.23,16.2,41.8,5.54,38.4,53.8,0,23,20.0,28.5,0,65,41.9,56.7,8,,,,,,,,,,,,,,,,,,,,,,,,,,,,,,,,,,,,,,,,,,,,,,,,,,,,,,,,,,,,,,,,,,,,,,,5212,西川 拓利,129期,福岡,福岡,27,A2,,0,0,0.13,6.37,47.8,68.7,5.48,32.2,58.0,0,24,38.2,52.8,0,37,26.5,39.7,11,,,,,,,,,,,,,,,,,,,,,,,,,,,,,,,,,,,,,,,,,,,,,,,,,,,,,,,,,,,,,,,,,,,,,,,4761,山田 晃大,112期,滋賀,滋賀,36,A2,,0,0,0.14,5.73,35.9,54.3,6.03,37.9,55.1,0,22,22.6,38.1,0,55,39.0,54.0,10,,,,,,,,,,,,,,,,,,,,,,,,,,,,,,,,,,,,,,,,,,,,,,,,,,,,,,,,,,,,,,,,,,,,,,,3212,亀本 勇樹,57期,広島,広島,64,B1,,1,0,0.18,4.59,23.8,36.3,3.76,17.0,24.3,0,64,22.3,42.3,0,50,34.5,53.0,,,,,,,,,,,,,,,,,,,,,,,,,,,,,,,,,,,,,,,,,,,,,,,,,,,,,,,,,,,,,,,,,,,,,,,,5217,藤原 碧生,129期,岡山,岡山,26,A1,,2,0,0.14,5.61,31.5,49.4,7.38,62.0,72.4,0,61,27.3,46.4,0,45,44.8,65.5,12,,,,,,,,,,,,,,,,,,,,,,,,,,,,,,,,,,,,,,,,,,,,,,,,,,,,,,,,,,,,,,,,,,,,,,,5409,宮本 琉正,136期,福岡,沖縄,21,B2,,0,0,0.16,2.72,8.7,15.7,1.7,0.0,5.0,0,60,22.3,41.1,0,57,35.7,51.1,,,,,,,,,,,,,,,,,,,,,,,,,,,,,,,,,,,,,,,,,,,,,,,,,,,,,,,,,,,,,,,,,,,,,,,
202609131904,2026-09-13,19,04R,3741,松尾 基成,75期,福岡,福岡,52,B1,,0,0,0.17,3.61,18.5,25.7,2.48,8.7,8.7,0,26,17.5,35.1,0,33,33.7,48.8,,,,,,,,,,,,,,,,,,,,,,,,,,,,,,,,,,,,,,,,,,,,,,,,,,,,,,,,,,,,,,,,,,,,,,,,5013,山下 夏鈴,121期,三重,三重,29,B1,,1,0,0.17,5.48,36.4,49.4,5.26,37.0,40.7,0,56,39.0,54.8,0,52,22.8,37.3,9,,,,,,,,,,,,,,,,,,,,,,,,,,,,,,,,,,,,,,,,,,,,,,,,,,,,,,,,,,,,,,,,,,,,,,,4276,鈴木 勝博,94期,愛知,愛知,43,A2,,0,0,0.16,5.98,44.4,60.6,6.04,50.0,57.1,0,15,31.4,40.7,0,41,39.0,58.5,,,,,,,,,,,,,,,,,,,,,,,,,,,,,,,,,,,,,,,,,,,,,,,,,,,,,,,,,,,,,,,,,,,,,,,,3361,岡部 浩,62期,徳島,徳島,57,B1,,0,0,0.19,4.23,24.3,32.4,3.44,16.0,28.0,0,68,31.4,40.4,0,64,39.5,59.3,,,,,,,,,,,,,,,,,,,,,,,,,,,,,,,,,,,,,,,,,,,,,,,,,,,,,,,,,,,,,,,,,,,,,,,,3717,立間 充宏,74期,岡山,岡山,51,A2,,0,0,0.18,5.47,32.9,48.8,5.69,37.5,56.2,0,29,27.5,47.1,0,67,38.1,50.0,10,,,,,,,,,,,,,,,,,,,,,,,,,,,,,,,,,,,,,,,,,,,,,,,,,,,,,,,,,,,,,,,,,,,,,,,3898,平田 忠則,80期,福岡,福岡,49,A1,,0,0,0.17,7.61,64.3,81.4,6.31,38.8,66.6,0,58,23.1,33.3,0,68,37.6,52.9,12,,,,,,,,,,,,,,,,,,,,,,,,,,,,,,,,,,,,,,,,,,,,,,,,,,,,,,,,,,,,,,,,,,,,,,
202609131905,2026-09-13,19,05R,4857,加藤 翔馬,115期,兵庫,兵庫,29,A1,,0,0,0.16,7.09,56.2,72.7,6.3,51.8,62.9,0,70,26.7,40.7,0,30,25.9,46.9,12,,,,,,,,,,,,,,,,,,,,,,,,,,,,,,,,,,,,,,,,,,,,,,,,,,,,,,,,,,,,,,,,,,,,,,,4113,木村 浩士,88期,群馬,群馬,46,B1,,0,0,0.18,4.56,23.0,39.0,4.58,29.1,45.8,0,19,30.7,38.4,0,48,23.1,30.4,10,,,,,,,,,,,,,,,,,,,,,,,,,,,,,,,,,,,,,,,,,,,,,,,,,,,,,,,,,,,,,,,,,,,,,,,3616,中村 真,71期,福岡,福岡,53,B1,,0,0,0.16,4.8,25.7,53.0,5.59,45.9,54.0,0,28,32.1,47.6,0,56,49.4,60.2,,,,,,,,,,,,,,,,,,,,,,,,,,,,,,,,,,,,,,,,,,,,,,,,,,,,,,,,,,,,,,,,,,,,,,,,4015,前野 竜一,84期,山口,山口,46,A2,,1,0,0.16,5.79,34.7,61.0,0.0,0.0,0.0,0,31,42.5,58.6,0,32,27.3,36.9,11,,,,,,,,,,,,,,,,,,,,,,,,,,,,,,,,,,,,,,,,,,,,,,,,,,,,,,,,,,,,,,,,,,,,,,,4900,中田 夕貴,117期,埼玉,埼玉,33,B1,,0,1,0.19,5.1,31.9,45.7,5.45,40.0,45.0,0,72,26.9,34.8,0,38,31.7,49.4,9,,,,,,,,,,,,,,,,,,,,,,,,,,,,,,,,,,,,,,,,,,,,,,,,,,,,,,,,,,,,,,,,,,,,,,,5451,知念 伶奈,138期,佐賀,沖縄,21,B2,,1,0,0.0,1.3,3.3,3.3,0.0,0.0,0.0,0,65,34.0,54.5,0,22,34.1,52.9,,,,,,,,,,,,,,,,,,,,,,,,,,,,,,,,,,,,,,,,,,,,,,,,,,,,,,,,,,,,,,,,,,,,,,,
202609131906,2026-09-13,19,06R,3742,宮地 秀祈,75期,福岡,福岡,52,B1,,0,0,0.18,5.54,36.4,52.9,4.81,23.0,46.1,0,33,31.4,51.6,0,11,34.8,46.5,1,,,,,,,,,,,,,,,,,,,,,,,,,,,,,,,,,,,,,,,,,,,,,,,,,,,,,,,,,,,,,,,,,,,,,,,3070,山室 展弘,51期,岡山,岡山,65,B1,,0,0,0.14,5.46,42.3,53.8,5.57,36.6,53.3,0,67,44.4,60.4,0,35,31.3,45.7,,,,,,,,,,,,,,,,,,,,,,,,,,,,,,,,,,,,,,,,,,,,,,,,,,,,,,,,,,,,,,,,,,,,,,,,5064,品川 二千翔,123期,山口,山口,28,A1,,0,0,0.17,6.69,51.3,70.8,5.84,40.1,59.8,0,25,29.3,45.6,0,53,33.7,51.8,12,,,,,,,,,,,,,,,,,,,,,,,,,,,,,,,,,,,,,,,,,,,,,,,,,,,,,,,,,,,,,,,,,,,,,,,4383,竹田 吉行,98期,徳島,徳島,41,A2,,1,0,0.17,5.34,35.0,52.5,5.05,35.9,43.5,0,11,37.8,52.4,0,46,27.9,43.0,10,,,,,,,,,,,,,,,,,,,,,,,,,,,,,,,,,,,,,,,,,,,,,,,,,,,,,,,,,,,,,,,,,,,,,,,4339,平瀬 城啓,96期,福井,富山,42,B1,,0,0,0.19,3.98,15.2,32.9,4.8,20.0,40.0,0,34,26.1,45.4,0,44,27.5,43.7,2,,,,,,,,,,,,,,,,,,,,,,,,,,,,,,,,,,,,,,,,,,,,,,,,,,,,,,,,,,,,,,,,,,,,,,,4700,金子 和之,110期,埼玉,新潟,39,A2,,0,0,0.15,6.02,39.2,58.9,7.14,42.8,85.7,0,43,38.3,47.6,0,60,37.8,56.1,11,,,,,,,,,,,,,,,,,,,,,,,,,,,,,,,,,,,,,,,,,,,,,,,,,,,,,,,,,,,,,,,,,,,,,,
202609131907,2026-09-13,19,07R,4099,吉永 則雄,88期,大阪,大阪,47,A2,,0,0,0.17,5.67,40.0,57.0,6.22,33.3,55.5,0,41,22.2,35.8,0,13,26.5,40.9,11,,,,,,,,,,,,,,,,,,,,,,,,,,,,,,,,,,,,,,,,,,,,,,,,,,,,,,,,,,,,,,,,,,,,,,,5355,萩原 丈太朗,134期,福井,福井,21,B1,,0,0,0.17,2.48,7.4,11.9,2.0,0.0,0.0,0,16,32.9,55.2,0,42,35.6,49.4,,,,,,,,,,,,,,,,,,,,,,,,,,,,,,,,,,,,,,,,,,,,,,,,,,,,,,,,,,,,,,,,,,,,,,,,5210,藤井 公人,129期,福岡,福岡,28,A2,,1,0,0.15,5.56,37.5,53.8,4.97,32.4,51.3,0,32,25.8,48.3,0,17,34.8,56.9,,,,,,,,,,,,,,,,,,,,,,,,,,,,,,,,,,,,,,,,,,,,,,,,,,,,,,,,,,,,,,,,,,,,,,,,4226,村田 浩司,92期,山口,山口,44,B1,,0,0,0.15,4.09,19.3,38.7,4.0,27.0,33.3,0,48,38.8,58.8,0,73,34.5,48.8,1,,,,,,,,,,,,,,,,,,,,,,,,,,,,,,,,,,,,,,,,,,,,,,,,,,,,,,,,,,,,,,,,,,,,,,,4292,麻生 慎介,94期,広島,広島,41,A1,,1,0,0.14,6.54,45.0,70.0,5.32,20.0,36.0,0,13,29.7,50.0,0,59,32.5,42.1,12,,,,,,,,,,,,,,,,,,,,,,,,,,,,,,,,,,,,,,,,,,,,,,,,,,,,,,,,,,,,,,,,,,,,,,,3455,谷本 幸司,65期,愛知,愛知,55,B1,,1,0,0.17,4.68,27.9,43.2,4.86,42.8,42.8,0,38,39.0,48.2,0,18,20.2,44.0,2,,,,,,,,,,,,,,,,,,,,,,,,,,,,,,,,,,,,,,,,,,,,,,,,,,,,,,,,,,,,,,,,,,,,,,
202609131908,2026-09-13,19,08R,5111,三村 岳人,125期,岡山,岡山,26,A2,,0,0,0.15,5.98,46.0,59.5,6.59,54.5,72.7,0,51,26.1,34.0,0,70,28.5,50.0,,,,,,,,,,,,,,,,,,,,,,,,,,,,,,,,,,,,,,,,,,,,,,,,,,,,,,,,,,,,,,,,,,,,,,,,5216,長谷川 晴哉,129期,群馬,群馬,26,A1,,0,0,0.17,5.99,39.8,61.6,6.32,39.2,64.2,0,49,34.8,47.1,0,26,28.7,50.5,12,,,,,,,,,,,,,,,,,,,,,,,,,,,,,,,,,,,,,,,,,,,,,,,,,,,,,,,,,,,,,,,,,,,,,,,4978,山田 和佐,120期,広島,島根,32,B1,,1,0,0.17,5.0,27.0,45.0,4.33,11.1,44.4,0,27,40.2,58.6,0,31,36.4,52.9,1,,,,,,,,,,,,,,,,,,,,,,,,,,,,,,,,,,,,,,,,,,,,,,,,,,,,,,,,,,,,,,,,,,,,,,,3882,新田 智彰,80期,大阪,大阪,53,B1,,0,0,0.17,4.23,16.2,41.8,5.54,38.4,53.8,0,23,20.0,28.5,0,65,41.9,56.7,3,,,,,,,,,,,,,,,,,,,,,,,,,,,,,,,,,,,,,,,,,,,,,,,,,,,,,,,,,,,,,,,,,,,,,,,5412,久保田 凪紗,136期,佐賀,福岡,20,B2,,0,0,0.2,1.75,2.6,4.0,1.2,0.0,0.0,0,45,24.6,49.3,0,47,30.4,45.1,,,,,,,,,,,,,,,,,,,,,,,,,,,,,,,,,,,,,,,,,,,,,,,,,,,,,,,,,,,,,,,,,,,,,,,,3572,安田 政彦,70期,兵庫,大阪,55,B1,,1,0,0.2,5.2,33.6,48.5,5.86,57.1,64.2,0,20,27.7,46.9,0,66,26.5,38.5,2,,,,,,,,,,,,,,,,,,,,,,,,,,,,,,,,,,,,,,,,,,,,,,,,,,,,,,,,,,,,,,,,,,,,,,
202609131909,2026-09-13,19,09R,5281,井上 遥妃,131期,徳島,徳島,23,A1,,1,0,0.14,5.75,42.3,47.1,7.2,70.0,80.0,0,44,26.4,45.9,0,28,41.4,62.2,,,,,,,,,,,,,,,,,,,,,,,,,,,,,,,,,,,,,,,,,,,,,,,,,,,,,,,,,,,,,,,,,,,,,,,,4300,加藤 綾,95期,三重,三重,43,B1,,0,0,0.18,5.24,36.6,54.4,4.66,27.5,37.9,0,52,38.1,57.8,0,69,44.1,59.3,2,,,,,,,,,,,,,,,,,,,,,,,,,,,,,,,,,,,,,,,,,,,,,,,,,,,,,,,,,,,,,,,,,,,,,,,4900,中田 夕貴,117期,埼玉,埼玉,33,B1,,0,1,0.19,5.1,31.9,45.7,5.45,40.0,45.0,0,72,26.9,34.8,0,38,31.7,49.4,5,,,,,,,,,,,,,,,,,,,,,,,,,,,,,,,,,,,,,,,,,,,,,,,,,,,,,,,,,,,,,,,,,,,,,,,5013,山下 夏鈴,121期,三重,三重,29,B1,,1,0,0.17,5.48,36.4,49.4,5.26,37.0,40.7,0,56,39.0,54.8,0,52,22.8,37.3,4,,,,,,,,,,,,,,,,,,,,,,,,,,,,,,,,,,,,,,,,,,,,,,,,,,,,,,,,,,,,,,,,,,,,,,,5227,川原 愛未,129期,福岡,福岡,24,B2,,0,0,0.0,3.47,15.6,28.1,2.29,8.3,8.3,0,59,35.0,56.2,0,23,42.8,66.6,,,,,,,,,,,,,,,,,,,,,,,,,,,,,,,,,,,,,,,,,,,,,,,,,,,,,,,,,,,,,,,,,,,,,,,,4994,山本 梨菜,120期,佐賀,佐賀,28,A2,,1,0,0.16,6.35,47.2,64.5,6.02,42.8,64.2,0,55,34.8,55.8,0,21,40.0,52.9,,,,,,,,,,,,,,,,,,,,,,,,,,,,,,,,,,,,,,,,,,,,,,,,,,,,,,,,,,,,,,,,,,,,,,,
202609131910,2026-09-13,19,10R,3717,立間 充宏,74期,岡山,岡山,51,A2,,0,0,0.18,5.47,32.9,48.8,5.69,37.5,56.2,0,29,27.5,47.1,0,67,38.1,50.0,4,,,,,,,,,,,,,,,,,,,,,,,,,,,,,,,,,,,,,,,,,,,,,,,,,,,,,,,,,,,,,,,,,,,,,,,4159,向後 龍一,90期,埼玉,茨城,45,A2,,0,0,0.17,6.63,50.0,67.5,5.29,28.5,57.1,0,54,24.1,39.0,0,24,29.2,52.4,2,,,,,,,,,,,,,,,,,,,,,,,,,,,,,,,,,,,,,,,,,,,,,,,,,,,,,,,,,,,,,,,,,,,,,,,4383,竹田 吉行,98期,徳島,徳島,41,A2,,1,0,0.17,5.34,35.0,52.5,5.05,35.9,43.5,0,11,37.8,52.4,0,46,27.9,43.0,6,,,,,,,,,,,,,,,,,,,,,,,,,,,,,,,,,,,,,,,,,,,,,,,,,,,,,,,,,,,,,,,,,,,,,,,4054,福嶋 智之,86期,岡山,岡山,48,B1,,0,0,0.16,4.8,27.7,46.6,4.55,33.3,40.4,0,73,27.5,42.5,0,20,26.2,53.7,1,,,,,,,,,,,,,,,,,,,,,,,,,,,,,,,,,,,,,,,,,,,,,,,,,,,,,,,,,,,,,,,,,,,,,,,4113,木村 浩士,88期,群馬,群馬,46,B1,,0,0,0.18,4.56,23.0,39.0,4.58,29.1,45.8,0,19,30.7,38.4,0,48,23.1,30.4,5,,,,,,,,,,,,,,,,,,,,,,,,,,,,,,,,,,,,,,,,,,,,,,,,,,,,,,,,,,,,,,,,,,,,,,,4761,山田 晃大,112期,滋賀,滋賀,36,A2,,0,0,0.14,5.73,35.9,54.3,6.03,37.9,55.1,0,22,22.6,38.1,0,55,39.0,54.0,3,,,,,,,,,,,,,,,,,,,,,,,,,,,,,,,,,,,,,,,,,,,,,,,,,,,,,,,,,,,,,,,,,,,,,,
202609131911,2026-09-13,19,11R,4015,前野 竜一,84期,山口,山口,46,A2,,1,0,0.16,5.79,34.7,61.0,0.0,0.0,0.0,0,31,42.5,58.6,0,32,27.3,36.9,5,,,,,,,,,,,,,,,,,,,,,,,,,,,,,,,,,,,,,,,,,,,,,,,,,,,,,,,,,,,,,,,,,,,,,,,4700,金子 和之,110期,埼玉,新潟,39,A2,,0,0,0.15,6.02,39.2,58.9,7.14,42.8,85.7,0,43,38.3,47.6,0,60,37.8,56.1,6,,,,,,,,,,,,,,,,,,,,,,,,,,,,,,,,,,,,,,,,,,,,,,,,,,,,,,,,,,,,,,,,,,,,,,,3606,川北 浩貴,71期,滋賀,滋賀,54,B1,,0,0,0.16,5.63,38.6,52.4,0.0,0.0,0.0,0,66,24.6,43.2,0,54,33.7,54.2,2,,,,,,,,,,,,,,,,,,,,,,,,,,,,,,,,,,,,,,,,,,,,,,,,,,,,,,,,,,,,,,,,,,,,,,,4099,吉永 則雄,88期,大阪,大阪,47,A2,,0,0,0.17,5.67,40.0,57.0,6.22,33.3,55.5,0,41,22.2,35.8,0,13,26.5,40.9,7,,,,,,,,,,,,,,,,,,,,,,,,,,,,,,,,,,,,,,,,,,,,,,,,,,,,,,,,,,,,,,,,,,,,,,,3912,川原 正明,81期,福井,石川,52,B1,,0,0,0.15,5.94,43.3,58.3,5.06,35.2,35.2,0,50,34.1,41.4,0,15,29.0,48.8,1,,,,,,,,,,,,,,,,,,,,,,,,,,,,,,,,,,,,,,,,,,,,,,,,,,,,,,,,,,,,,,,,,,,,,,,5212,西川 拓利,129期,福岡,福岡,27,A2,,0,0,0.13,6.37,47.8,68.7,5.48,32.2,58.0,0,24,38.2,52.8,0,37,26.5,39.7,3,,,,,,,,,,,,,,,,,,,,,,,,,,,,,,,,,,,,,,,,,,,,,,,,,,,,,,,,,,,,,,,,,,,,,,
202609131912,2026-09-13,19,12R,5217,藤原 碧生,129期,岡山,岡山,26,A1,,2,0,0.14,5.61,31.5,49.4,7.38,62.0,72.4,0,61,27.3,46.4,0,45,44.8,65.5,3,,,,,,,,,,,,,,,,,,,,,,,,,,,,,,,,,,,,,,,,,,,,,,,,,,,,,,,,,,,,,,,,,,,,,,,3898,平田 忠則,80期,福岡,福岡,49,A1,,0,0,0.17,7.61,64.3,81.4,6.31,38.8,66.6,0,58,23.1,33.3,0,68,37.6,52.9,4,,,,,,,,,,,,,,,,,,,,,,,,,,,,,,,,,,,,,,,,,,,,,,,,,,,,,,,,,,,,,,,,,,,,,,,4292,麻生 慎介,94期,広島,広島,41,A1,,1,0,0.14,6.54,45.0,70.0,5.32,20.0,36.0,0,13,29.7,50.0,0,59,32.5,42.1,7,,,,,,,,,,,,,,,,,,,,,,,,,,,,,,,,,,,,,,,,,,,,,,,,,,,,,,,,,,,,,,,,,,,,,,,5064,品川 二千翔,123期,山口,山口,28,A1,,0,0,0.17,6.69,51.3,70.8,5.84,40.1,59.8,0,25,29.3,45.6,0,53,33.7,51.8,6,,,,,,,,,,,,,,,,,,,,,,,,,,,,,,,,,,,,,,,,,,,,,,,,,,,,,,,,,,,,,,,,,,,,,,,4857,加藤 翔馬,115期,兵庫,兵庫,29,A1,,0,0,0.16,7.09,56.2,72.7,6.3,51.8,62.9,0,70,26.7,40.7,0,30,25.9,46.9,5,,,,,,,,,,,,,,,,,,,,,,,,,,,,,,,,,,,,,,,,,,,,,,,,,,,,,,,,,,,,,,,,,,,,,,,5216,長谷川 晴哉,129期,群馬,群馬,26,A1,,0,0,0.17,5.99,39.8,61.6,6.32,39.2,64.2,0,49,34.8,47.1,0,26,28.7,50.5,8,,,,,,,,,,,,,,,,,,,,,,,,,,,,,,,,,,,,,,,,,,,,,,,,,,,,,,,,,,,,,,,,,,,,,,
202609132001,2026-09-13,20,01R,5014,梶山 涼斗,121期,佐賀,佐賀,28,B1,,1,0,0.14,4.34,27.1,38.9,4.92,26.3,42.1,0,57,30.0,47.4,0,57,36.5,52.3,12,1,5,5,0.16,4,10,2,2,0.17,6,6,3,3,0.11,6,,,,,,2,2,2,0.23,2,11,4,4,0.17,5,,,,,,9,4,4,0.19,3,,,,,,,,,,,,,,,,,,,,,,,,,,,,,,,4085,荻野 裕介,87期,東京,東京,46,B1,,0,0,0.2,5.33,37.5,52.5,3.92,15.3,34.6,0,27,26.1,36.0,0,73,28.5,48.2,11,,,,,,7,2,2,0.18,4,3,3,3,0.07,3,10,5,5,0.32,3,6,6,6,0.38,4,,,,,,2,1,1,0.15,1,7,4,4,0.12,4,,,,,,,,,,,,,,,,,,,,,,,,,,,,,,,4462,夏山 亮平,101期,大阪,大阪,40,B1,,0,0,0.15,4.66,28.3,47.7,5.82,41.1,58.8,0,4,35.3,53.3,0,52,22.7,34.8,10,4,5,3,0.12,6,10,6,6,0.13,4,4,1,1,0.13,1,,,,,,4,5,5,0.13,6,9,5,4,0.13,2,6,2,2,0.04,3,,,,,,,,,,,,,,,,,,,,,,,,,,,,,,,,,,,,4204,柴田 大輔,91期,福岡,福岡,44,B1,,0,0,0.19,5.06,29.4,42.3,5.19,31.4,51.8,0,12,33.5,54.0,0,18,15.7,24.5,,,,,,,9,2,2,0.2,2,1,1,1,0.17,2,11,5,5,0.16,5,4,3,3,0.15,3,10,6,6,0.31,6,5,3,3,0.26,5,,,,,,,,,,,,,,,,,,,,,,,,,,,,,,,,,,,,4396,大田 直弥,98期,山口,山口,40,B1,,0,0,0.2,4.79,25.5,40.8,5.02,25.8,53.4,0,38,33.5,54.1,0,44,37.9,46.5,,1,4,4,0.22,3,9,3,3,0.18,4,,,,,,8,5,6,0.18,4,3,2,2,0.03,不,,,,,,3,1,1,0.26,5,8,4,4,0.12,4,,,,,,,,,,,,,,,,,,,,,,,,,,,,,,,5429,吉川 颯汰,137期,佐賀,佐賀,23,B2,,0,0,0.22,1.12,0.0,1.9,0.0,0.0,0.0,0,8,29.7,48.1,0,50,26.3,40.3,,3,6,6,0.29,6,,,,,,3,6,6,0.09,6,7,6,5,0.22,5,5,6,6,0.38,6,,,,,,2,6,6,0.14,6,6,6,5,0.17,5,,,,,,,,,,,,,,,,,,,,,,,,,,,,,,
202609132002,2026-09-13,20,02R,5248,本田 愛,130期,静岡,静岡,24,B1,,0,0,0.2,5.42,37.3,59.3,3.94,22.5,41.9,0,36,31.1,45.5,0,49,24.0,40.0,,,,,,,9,4,4,0.19,6,5,3,3,0.14,6,12,5,5,0.09,4,,,,,,9,3,2,0.35,6,1,4,4,0.04,4,11,6,6,0.35,6,,,,,,,,,,,,,,,,,,,,,,,,,,,,,,,4034,西原 明生,85期,香川,愛媛,47,B1,,0,0,0.22,4.04,22.2,30.0,5.11,36.1,52.7,0,13,31.4,44.9,0,55,33.8,48.3,,5,5,5,0.2,4,,,,,,4,4,4,0.18,6,11,2,2,0.11,6,1,1,1,0.18,2,9,4,3,0.12,4,,,,,,7,6,6,0.11,6,,,,,,,,,,,,,,,,,,,,,,,,,,,,,,,4873,蒲原 健太,116期,佐賀,佐賀,32,B1,,0,0,0.2,4.86,29.7,47.9,5.11,29.6,44.4,0,26,30.4,49.1,0,63,27.6,41.5,8,4,1,1,0.13,2,,,,,,1,4,6,0.13,5,10,2,2,0.22,2,1,3,4,0.21,1,5,5,5,0.37,5,4,3,3,0.18,2,,,,,,,,,,,,,,,,,,,,,,,,,,,,,,,,,,,,4551,三川 昂暁,104期,福岡,福岡,37,A2,,1,0,0.17,5.63,38.6,56.1,4.97,23.3,43.3,0,3,32.2,49.4,0,42,33.3,46.6,9,,,,,,7,6,6,0.24,3,7,1,1,0.16,1,11,3,3,0.09,2,6,5,5,0.28,5,12,2,2,0.25,3,6,1,1,0.09,1,10,5,4,0.14,3,,,,,,,,,,,,,,,,,,,,,,,,,,,,,,,3999,大瀧 明日香,83期,愛知,静岡,47,A2,,1,0,0.16,6.33,49.1,67.5,5.52,44.4,51.8,0,33,29.8,50.2,0,59,22.6,30.1,11,7,4,4,0.21,2,11,2,2,0.15,4,4,6,6,0.23,5,12,3,3,0.16,2,,,,,,8,1,1,0.22,1,5,4,4,0.21,2,11,1,1,0.21,5,,,,,,,,,,,,,,,,,,,,,,,,,,,,,,,4600,井内 将太郎,106期,広島,広島,41,A1,,1,0,0.12,6.31,47.4,65.3,6.17,38.8,66.6,0,25,38.4,54.4,0,58,21.8,32.8,8,4,3,4,0.07,1,12,6,6,0.27,6,,,,,,7,3,3,0.16,2,5,1,1,0.24,1,10,2,2,0.15,3,2,5,5,0.16,5,9,1,1,0.19,1,,,,,,,,,,,,,,,,,,,,,,,,,,,,,,
202609132003,2026-09-13,20,03R,4484,稲生 夏季,101期,東京,東京,36,B1,,0,0,0.21,4.72,21.0,43.4,6.2,40.0,60.0,0,58,34.4,48.2,0,45,34.6,53.8,11,2,6,6,0.21,6,,,,,,1,3,3,0.09,6,9,5,5,0.24,4,2,1,1,0.18,1,7,4,4,0.13,3,2,2,2,0.15,2,11,5,5,0.31,3,,,,,,,,,,,,,,,,,,,,,,,,,,,,,,,5219,森口 和紀,129期,福岡,福岡,25,B1,,0,0,0.2,5.27,37.6,48.3,5.47,35.2,52.9,0,60,32.2,50.2,0,36,38.4,55.3,9,3,4,4,0.16,1,11,3,3,0.14,2,5,6,6,0.06,4,9,2,2,0.24,1,,,,,,7,5,5,0.15,2,4,1,1,0.29,4,10,4,3,0.14,5,,,,,,,,,,,,,,,,,,,,,,,,,,,,,,,4009,小林 一樹,84期,山口,山口,47,A2,,1,0,0.13,5.61,41.1,56.6,5.82,42.4,63.6,0,39,37.2,58.5,0,47,35.1,48.1,8,4,4,6,0.08,4,8,3,3,0.06,6,6,1,1,0.13,1,,,,,,3,4,4,0.12,2,8,2,2,0.24,2,,,,,,9,5,5,0.16,5,,,,,,,,,,,,,,,,,,,,,,,,,,,,,,,5033,藤原 孝斗,122期,愛知,愛知,28,B1,,0,0,0.18,4.4,26.3,34.7,4.0,0.0,40.0,0,28,31.9,45.5,0,21,36.8,50.8,12,3,2,2,0.18,3,8,5,4,0.08,4,5,5,5,0.12,5,,,,,,6,2,2,0.18,3,10,3,3,0.16,2,,,,,,8,5,5,0.09,6,,,,,,,,,,,,,,,,,,,,,,,,,,,,,,,3388,今垣 光太郎,63期,福井,石川,56,A1,,1,0,0.16,6.51,45.6,59.2,5.19,23.8,38.1,0,1,26.7,45.9,0,31,36.3,56.3,8,6,2,2,0.16,1,12,1,1,0.13,1,,,,,,9,4,4,0.25,3,3,5,6,0.16,5,11,3,3,0.15,3,5,1,1,0.19,1,12,3,3,0.08,6,,,,,,,,,,,,,,,,,,,,,,,,,,,,,,,3737,上平 真二,75期,広島,広島,52,A1,,0,0,0.17,6.97,49.4,73.0,7.0,42.8,78.5,0,54,29.9,45.5,0,64,33.9,41.5,9,8,1,1,0.08,1,12,2,2,0.17,3,6,6,6,0.13,5,,,,,,4,4,4,0.15,2,12,1,1,0.17,1,7,3,3,0.09,2,12,5,5,0.06,5,,,,,,,,,,,,,,,,,,,,,,,,,,,,,,
202609132004,2026-09-13,20,04R,4014,片岡 恵里,84期,山口,岡山,46,A2,,1,0,0.17,5.6,38.3,55.3,5.1,25.0,57.6,0,11,25.9,45.7,0,24,31.2,46.8,9,3,5,5,0.26,4,,,,,,7,5,6,0.17,4,12,2,2,0.16,3,2,4,4,0.23,3,10,1,1,0.22,1,3,3,3,0.18,3,11,4,4,0.22,4,,,,,,,,,,,,,,,,,,,,,,,,,,,,,,,4891,寺島 美里,117期,東京,福島,36,B1,,0,0,0.16,5.11,30.5,47.2,6.5,50.0,75.0,0,59,30.3,45.8,0,16,35.4,56.4,10,5,3,3,0.09,5,,,,,,1,2,2,0.09,1,12,6,6,0.08,6,3,1,1,0.02,1,9,6,5,0.28,3,6,4,4,0.14,4,11,3,3,0.18,2,,,,,,,,,,,,,,,,,,,,,,,,,,,,,,,3539,金子 順一,69期,山口,山口,58,B1,,0,0,0.19,4.53,22.6,42.2,4.94,38.8,44.4,0,10,24.1,41.5,0,14,20.3,37.0,,1,2,2,0.2,6,8,4,6,0.09,3,3,5,5,0.1,5,,,,,,2,3,3,0.23,5,8,4,4,0.26,4,1,1,1,0.1,2,,,,,,,,,,,,,,,,,,,,,,,,,,,,,,,,,,,,4518,大須賀 友,103期,愛知,愛知,39,A1,,1,0,0.16,6.4,48.6,65.2,5.5,33.3,66.6,0,16,29.4,39.8,0,46,29.5,52.4,8,3,3,3,0.19,2,12,5,5,0.28,4,4,2,2,0.14,3,8,1,1,0.24,1,6,4,4,0.35,2,11,1,1,0.14,1,6,5,6,0.19,6,,,,,,,,,,,,,,,,,,,,,,,,,,,,,,,,,,,,5382,山下 心一,135期,福岡,福岡,21,B1,,0,0,0.17,1.9,1.1,6.9,2.07,3.4,13.7,0,23,40.1,59.8,0,61,32.3,55.8,,1,6,6,0.12,5,7,3,3,0.18,5,2,5,5,0.09,4,,,,,,3,6,5,0.15,4,,,,,,4,5,4,0.15,6,9,3,3,0.13,4,,,,,,,,,,,,,,,,,,,,,,,,,,,,,,,4296,岡崎 恭裕,94期,福岡,福岡,39,A2,,0,0,0.14,6.37,44.0,67.8,6.76,54.6,69.3,0,45,35.2,50.8,0,15,40.9,59.0,10,7,1,1,0.12,1,12,4,4,0.23,5,5,2,2,0.15,2,10,3,3,0.21,1,,,,,,9,1,1,0.11,1,4,4,6,0.11,1,12,4,4,0.07,3,,,,,,,,,,,,,,,,,,,,,,,,,,,,,,
202609132005,2026-09-13,20,05R,4373,若狭 奈美子,97期,岡山,岡山,38,A1,,1,0,0.17,6.25,41.1,65.6,6.21,42.1,68.4,0,50,33.1,47.7,0,27,35.8,56.7,10,,,,,,9,5,6,0.17,3,6,5,5,0.18,4,12,1,1,0.17,1,3,3,3,0.02,3,10,4,4,0.3,5,7,1,1,0.09,1,11,2,2,0.23,1,,,,,,,,,,,,,,,,,,,,,,,,,,,,,,,3833,中辻 博訓,78期,福井,福井,52,A2,,0,0,0.13,6.4,50.4,63.5,5.94,40.0,60.0,0,34,38.1,55.1,0,51,35.9,53.1,9,,,,,,9,1,1,0.16,1,5,4,4,0.06,3,11,6,6,0.14,4,5,2,2,0.24,3,11,5,5,0.14,4,6,3,3,0.01,2,12,1,1,0.07,1,,,,,,,,,,,,,,,,,,,,,,,,,,,,,,,3175,渡辺 千草,55期,東京,神奈川,62,B1,,0,0,0.17,4.51,23.4,43.2,0.0,0.0,0.0,0,55,20.6,41.2,0,56,23.4,40.6,,1,3,3,0.15,2,,,,,,2,2,2,0.15,2,12,4,4,0.13,5,4,1,1,0.13,5,8,5,5,0.22,5,1,5,6,0.08,3,,,,,,,,,,,,,,,,,,,,,,,,,,,,,,,,,,,,4529,嶋 義信,103期,香川,香川,37,A1,,0,0,0.14,5.51,36.0,51.1,5.2,32.0,44.0,0,30,30.1,45.4,0,38,31.3,46.2,10,4,6,5,0.12,5,11,1,1,0.15,1,2,6,6,0.12,3,11,4,4,0.13,3,7,1,1,0.1,1,12,3,3,0.16,2,,,,,,8,2,2,0.05,3,,,,,,,,,,,,,,,,,,,,,,,,,,,,,,,5263,花田 凱成,131期,福岡,福岡,27,B1,,0,0,0.17,3.87,13.9,32.5,3.18,4.5,36.3,0,9,31.9,53.7,0,22,23.3,48.3,,4,2,2,0.12,3,,,,,,1,6,5,0.21,3,8,6,4,0.21,6,6,3,3,0.24,6,,,,,,3,5,4,0.16,6,7,2,2,0.12,5,,,,,,,,,,,,,,,,,,,,,,,,,,,,,,,5373,諏訪 玲奈,135期,岡山,岡山,23,B2,賞除,0,0,0.2,3.09,5.8,21.7,0.0,0.0,0.0,0,37,28.8,42.9,0,25,39.7,61.7,,,,,,,8,6,5,0.08,5,2,3,3,0.16,5,7,4,4,0.2,3,1,6,6,0.21,妨,7,2,2,0.11,5,5,5,5,0.24,4,,,,,,,,,,,,,,,,,,,,,,,,,,,,,,,,,,,
202609132006,2026-09-13,20,06R,4424,松尾 昂明,100期,福岡,福岡,41,A2,,0,0,0.16,5.44,34.2,50.0,6.03,40.2,59.7,0,15,33.7,51.6,0,11,29.4,41.1,10,2,5,5,0.14,3,10,1,1,0.15,3,3,4,4,0.11,4,8,3,3,0.26,3,4,6,6,0.09,4,,,,,,8,1,1,0.12,1,12,2,2,0.13,2,,,,,,,,,,,,,,,,,,,,,,,,,,,,,,,3362,間嶋 仁志,62期,三重,大阪,57,B1,,0,0,0.19,5.1,33.6,46.9,6.27,42.3,61.5,0,53,31.6,47.1,0,69,26.1,38.4,,2,4,4,0.22,5,,,,,,3,1,1,0.18,2,9,3,3,0.22,5,,,,,,9,2,6,0.19,5,1,2,2,0.06,1,10,2,5,0.17,4,,,,,,,,,,,,,,,,,,,,,,,,,,,,,,,4043,桐本 康臣,85期,三重,三重,47,A2,,0,0,0.17,5.89,40.3,62.2,7.19,51.1,74.4,0,22,36.3,53.0,0,29,24.5,45.9,12,5,2,2,0.08,3,11,6,6,0.19,5,2,4,4,0.12,落,10,1,1,0.21,6,4,2,2,0.13,1,,,,,,,,,,,7,5,5,0.12,3,,,,,,,,,,,,,,,,,,,,,,,,,,,,,,,4094,中島 真二,87期,福岡,福岡,45,B1,,0,0,0.18,4.73,27.7,43.3,4.76,24.4,48.9,0,56,20.8,35.4,0,35,27.1,47.4,,1,1,1,0.17,1,6,3,3,0.16,4,,,,,,7,2,2,0.22,6,2,5,5,0.23,6,,,,,,1,3,3,0.12,5,8,6,6,0.2,5,,,,,,,,,,,,,,,,,,,,,,,,,,,,,,,5085,中村 栄治,124期,福井,福井,27,A2,,0,0,0.22,5.17,33.3,46.4,5.75,25.0,62.5,0,31,33.3,47.9,0,20,29.5,60.6,12,6,6,6,0.13,5,10,3,3,0.06,1,,,,,,9,1,1,0.27,2,5,4,4,0.29,4,12,4,5,0.17,5,4,2,2,0.19,5,,,,,,,,,,,,,,,,,,,,,,,,,,,,,,,,,,,,4357,田中 和也,97期,大阪,大阪,42,A1,,0,0,0.18,6.53,50.4,68.3,7.94,76.4,82.3,0,61,34.4,53.2,0,65,20.6,43.1,11,5,4,4,0.12,1,12,3,3,0.19,2,3,2,2,0.12,1,11,1,1,0.09,1,,,,,,7,6,6,0.19,4,3,4,5,0.16,1,10,1,1,0.08,1,,,,,,,,,,,,,,,,,,,,,,,,,,,,,,
202609132007,2026-09-13,20,07R,4816,村松 修二,114期,広島,広島,35,A2,,0,0,0.16,5.64,38.4,57.2,6.23,45.4,59.0,0,7,28.8,40.1,0,33,26.4,49.0,11,5,1,1,0.06,2,10,4,4,0.05,2,,,,,,8,2,2,0.21,2,7,3,3,0.08,6,11,6,6,0.18,6,4,6,5,0.23,3,8,3,3,0.09,2,,,,,,,,,,,,,,,,,,,,,,,,,,,,,,,3880,浅見 宗孝,80期,埼玉,埼玉,53,B1,,1,0,0.19,4.15,16.6,37.1,4.22,22.2,33.3,0,29,26.6,43.6,0,60,37.9,62.0,,6,4,4,0.11,エ,,,,,,2,1,1,0.14,1,8,4,5,0.22,5,2,6,6,0.19,4,,,,,,2,3,3,0.17,3,10,3,2,0.15,2,,,,,,,,,,,,,,,,,,,,,,,,,,,,,,,4273,佐藤 旭,94期,静岡,静岡,44,B1,,0,0,0.19,4.96,28.4,48.4,5.98,40.0,60.0,0,44,33.8,49.7,0,28,18.7,40.6,12,3,1,1,0.29,5,10,5,5,0.07,5,6,4,4,0.11,2,,,,,,5,3,3,0.29,2,,,,,,3,2,2,0.24,2,9,6,6,0.15,6,,,,,,,,,,,,,,,,,,,,,,,,,,,,,,,4209,藤田 竜弘,91期,静岡,静岡,43,A2,,0,0,0.18,6.16,39.1,61.8,4.62,20.5,38.2,0,41,34.0,51.6,0,12,32.7,46.5,11,6,5,5,0.08,2,11,4,4,0.14,3,5,1,1,0.14,1,,,,,,8,3,3,0.23,3,12,5,6,0.15,4,,,,,,9,2,2,0.16,2,,,,,,,,,,,,,,,,,,,,,,,,,,,,,,,4230,濱崎 直矢,92期,埼玉,埼玉,43,A2,,1,0,0.16,6.2,47.3,64.4,5.68,45.4,59.0,0,32,35.9,54.5,0,74,29.4,55.8,12,2,3,3,0.16,4,8,2,2,0.12,2,4,5,5,0.25,4,10,4,4,0.29,5,6,1,1,0.12,1,,,,,,5,2,2,0.21,3,10,6,6,0.21,6,,,,,,,,,,,,,,,,,,,,,,,,,,,,,,,5468,山口 隼人,138期,福岡,熊本,19,B2,,0,0,0.0,1.32,0.0,0.0,0.0,0.0,0.0,0,43,34.5,57.8,0,40,20.3,28.8,,5,6,6,0.35,6,9,6,5,0.18,5,,,,,,9,6,6,0.21,6,,,,,,8,6,6,0.18,6,1,6,5,0.05,6,5,6,6,0.23,6,,,,,,,,,,,,,,,,,,,,,,,,,,,,,,
202609132008,2026-09-13,20,08R,4600,井内 将太郎,106期,広島,広島,41,A1,,1,0,0.12,6.31,47.4,65.3,6.17,38.8,66.6,0,25,38.4,54.4,0,58,21.8,32.8,2,4,3,4,0.07,1,12,6,6,0.27,6,,,,,,7,3,3,0.16,2,5,1,1,0.24,1,10,2,2,0.15,3,2,5,5,0.16,5,9,1,1,0.19,1,,,,,,,,,,,,,,,,,,,,,,,,,,,,,,,4518,大須賀 友,103期,愛知,愛知,39,A1,,1,0,0.16,6.4,48.6,65.2,5.5,33.3,66.6,0,16,29.4,39.8,0,46,29.5,52.4,4,3,3,3,0.19,2,12,5,5,0.28,4,4,2,2,0.14,3,8,1,1,0.24,1,6,4,4,0.35,2,11,1,1,0.14,1,6,5,6,0.19,6,,,,,,,,,,,,,,,,,,,,,,,,,,,,,,,,,,,,3388,今垣 光太郎,63期,福井,石川,56,A1,,1,0,0.16,6.51,45.6,59.2,5.19,23.8,38.1,0,1,26.7,45.9,0,31,36.3,56.3,3,6,2,2,0.16,1,12,1,1,0.13,1,,,,,,9,4,4,0.25,3,3,5,6,0.16,5,11,3,3,0.15,3,5,1,1,0.19,1,12,3,3,0.08,6,,,,,,,,,,,,,,,,,,,,,,,,,,,,,,,4873,蒲原 健太,116期,佐賀,佐賀,32,B1,,0,0,0.2,4.86,29.7,47.9,5.11,29.6,44.4,0,26,30.4,49.1,0,63,27.6,41.5,2,4,1,1,0.13,2,,,,,,1,4,6,0.13,5,10,2,2,0.22,2,1,3,4,0.21,1,5,5,5,0.37,5,4,3,3,0.18,2,,,,,,,,,,,,,,,,,,,,,,,,,,,,,,,,,,,,4009,小林 一樹,84期,山口,山口,47,A2,,1,0,0.13,5.61,41.1,56.6,5.82,42.4,63.6,0,39,37.2,58.5,0,47,35.1,48.1,3,4,4,6,0.08,4,8,3,3,0.06,6,6,1,1,0.13,1,,,,,,3,4,4,0.12,2,8,2,2,0.24,2,,,,,,9,5,5,0.16,5,,,,,,,,,,,,,,,,,,,,,,,,,,,,,,,5316,村松 将平,133期,静岡,静岡,25,B1,,1,0,0.15,5.2,32.8,52.6,0.0,0.0,0.0,0,18,32.1,49.1,0,68,35.4,50.0,,2,2,2,0.17,1,11,5,5,0.14,6,4,3,3,0.14,2,,,,,,1,2,2,0.19,4,10,5,5,0.26,4,2,4,4,0.13,4,12,6,6,0.07,4,,,,,,,,,,,,,,,,,,,,,,,,,,,,,,
202609132009,2026-09-13,20,09R,3737,上平 真二,75期,広島,広島,52,A1,,0,0,0.17,6.97,49.4,73.0,7.0,42.8,78.5,0,54,29.9,45.5,0,64,33.9,41.5,3,8,1,1,0.08,1,12,2,2,0.17,3,6,6,6,0.13,5,,,,,,4,4,4,0.15,2,12,1,1,0.17,1,7,3,3,0.09,2,12,5,5,0.06,5,,,,,,,,,,,,,,,,,,,,,,,,,,,,,,,4551,三川 昂暁,104期,福岡,福岡,37,A2,,1,0,0.17,5.63,38.6,56.1,4.97,23.3,43.3,0,3,32.2,49.4,0,42,33.3,46.6,2,,,,,,7,6,6,0.24,3,7,1,1,0.16,1,11,3,3,0.09,2,6,5,5,0.28,5,12,2,2,0.25,3,6,1,1,0.09,1,10,5,4,0.14,3,,,,,,,,,,,,,,,,,,,,,,,,,,,,,,,3833,中辻 博訓,78期,福井,福井,52,A2,,0,0,0.13,6.4,50.4,63.5,5.94,40.0,60.0,0,34,38.1,55.1,0,51,35.9,53.1,5,,,,,,9,1,1,0.16,1,5,4,4,0.06,3,11,6,6,0.14,4,5,2,2,0.24,3,11,5,5,0.14,4,6,3,3,0.01,2,12,1,1,0.07,1,,,,,,,,,,,,,,,,,,,,,,,,,,,,,,,4014,片岡 恵里,84期,山口,岡山,46,A2,,1,0,0.17,5.6,38.3,55.3,5.1,25.0,57.6,0,11,25.9,45.7,0,24,31.2,46.8,4,3,5,5,0.26,4,,,,,,7,5,6,0.17,4,12,2,2,0.16,3,2,4,4,0.23,3,10,1,1,0.22,1,3,3,3,0.18,3,11,4,4,0.22,4,,,,,,,,,,,,,,,,,,,,,,,,,,,,,,,5219,森口 和紀,129期,福岡,福岡,25,B1,,0,0,0.2,5.27,37.6,48.3,5.47,35.2,52.9,0,60,32.2,50.2,0,36,38.4,55.3,3,3,4,4,0.16,1,11,3,3,0.14,2,5,6,6,0.06,4,9,2,2,0.24,1,,,,,,7,5,5,0.15,2,4,1,1,0.29,4,10,4,3,0.14,5,,,,,,,,,,,,,,,,,,,,,,,,,,,,,,,4076,杉田 篤光,87期,静岡,静岡,48,B1,,0,0,0.21,4.78,25.0,45.0,4.65,23.5,35.2,0,62,24.6,40.2,0,32,32.3,55.8,,2,1,1,0.22,2,7,5,5,0.26,6,1,5,4,0.16,4,,,,,,1,4,3,0.23,3,11,2,2,0.15,2,3,6,6,0.21,4,,,,,,,,,,,,,,,,,,,,,,,,,,,,,,,,,,,
202609132010,2026-09-13,20,10R,4296,岡崎 恭裕,94期,福岡,福岡,39,A2,,0,0,0.14,6.37,44.0,67.8,6.76,54.6,69.3,0,45,35.2,50.8,0,15,40.9,59.0,4,7,1,1,0.12,1,12,4,4,0.23,5,5,2,2,0.15,2,10,3,3,0.21,1,,,,,,9,1,1,0.11,1,4,4,6,0.11,1,12,4,4,0.07,3,,,,,,,,,,,,,,,,,,,,,,,,,,,,,,,4529,嶋 義信,103期,香川,香川,37,A1,,0,0,0.14,5.51,36.0,51.1,5.2,32.0,44.0,0,30,30.1,45.4,0,38,31.3,46.2,5,4,6,5,0.12,5,11,1,1,0.15,1,2,6,6,0.12,3,11,4,4,0.13,3,7,1,1,0.1,1,12,3,3,0.16,2,,,,,,8,2,2,0.05,3,,,,,,,,,,,,,,,,,,,,,,,,,,,,,,,4373,若狭 奈美子,97期,岡山,岡山,38,A1,,1,0,0.17,6.25,41.1,65.6,6.21,42.1,68.4,0,50,33.1,47.7,0,27,35.8,56.7,5,,,,,,9,5,6,0.17,3,6,5,5,0.18,4,12,1,1,0.17,1,3,3,3,0.02,3,10,4,4,0.3,5,7,1,1,0.09,1,11,2,2,0.23,1,,,,,,,,,,,,,,,,,,,,,,,,,,,,,,,4424,松尾 昂明,100期,福岡,福岡,41,A2,,0,0,0.16,5.44,34.2,50.0,6.03,40.2,59.7,0,15,33.7,51.6,0,11,29.4,41.1,6,2,5,5,0.14,3,10,1,1,0.15,3,3,4,4,0.11,4,8,3,3,0.26,3,4,6,6,0.09,4,,,,,,8,1,1,0.12,1,12,2,2,0.13,2,,,,,,,,,,,,,,,,,,,,,,,,,,,,,,,4891,寺島 美里,117期,東京,福島,36,B1,,0,0,0.16,5.11,30.5,47.2,6.5,50.0,75.0,0,59,30.3,45.8,0,16,35.4,56.4,4,5,3,3,0.09,5,,,,,,1,2,2,0.09,1,12,6,6,0.08,6,3,1,1,0.02,1,9,6,5,0.28,3,6,4,4,0.14,4,11,3,3,0.18,2,,,,,,,,,,,,,,,,,,,,,,,,,,,,,,,4462,夏山 亮平,101期,大阪,大阪,40,B1,,0,0,0.15,4.66,28.3,47.7,5.82,41.1,58.8,0,4,35.3,53.3,0,52,22.7,34.8,1,4,5,3,0.12,6,10,6,6,0.13,4,4,1,1,0.13,1,,,,,,4,5,5,0.13,6,9,5,4,0.13,2,6,2,2,0.04,3,,,,,,,,,,,,,,,,,,,,,,,,,,,,,,,,,,,
202609132011,2026-09-13,20,11R,4357,田中 和也,97期,大阪,大阪,42,A1,,0,0,0.18,6.53,50.4,68.3,7.94,76.4,82.3,0,61,34.4,53.2,0,65,20.6,43.1,6,5,4,4,0.12,1,12,3,3,0.19,2,3,2,2,0.12,1,11,1,1,0.09,1,,,,,,7,6,6,0.19,4,3,4,5,0.16,1,10,1,1,0.08,1,,,,,,,,,,,,,,,,,,,,,,,,,,,,,,,4209,藤田 竜弘,91期,静岡,静岡,43,A2,,0,0,0.18,6.16,39.1,61.8,4.62,20.5,38.2,0,41,34.0,51.6,0,12,32.7,46.5,7,6,5,5,0.08,2,11,4,4,0.14,3,5,1,1,0.14,1,,,,,,8,3,3,0.23,3,12,5,6,0.15,4,,,,,,9,2,2,0.16,2,,,,,,,,,,,,,,,,,,,,,,,,,,,,,,,3999,大瀧 明日香,83期,愛知,静岡,47,A2,,1,0,0.16,6.33,49.1,67.5,5.52,44.4,51.8,0,33,29.8,50.2,0,59,22.6,30.1,2,7,4,4,0.21,2,11,2,2,0.15,4,4,6,6,0.23,5,12,3,3,0.16,2,,,,,,8,1,1,0.22,1,5,4,4,0.21,2,11,1,1,0.21,5,,,,,,,,,,,,,,,,,,,,,,,,,,,,,,,4085,荻野 裕介,87期,東京,東京,46,B1,,0,0,0.2,5.33,37.5,52.5,3.92,15.3,34.6,0,27,26.1,36.0,0,73,28.5,48.2,1,,,,,,7,2,2,0.18,4,3,3,3,0.07,3,10,5,5,0.32,3,6,6,6,0.38,4,,,,,,2,1,1,0.15,1,7,4,4,0.12,4,,,,,,,,,,,,,,,,,,,,,,,,,,,,,,,4816,村松 修二,114期,広島,広島,35,A2,,0,0,0.16,5.64,38.4,57.2,6.23,45.4,59.0,0,7,28.8,40.1,0,33,26.4,49.0,7,5,1,1,0.06,2,10,4,4,0.05,2,,,,,,8,2,2,0.21,2,7,3,3,0.08,6,11,6,6,0.18,6,4,6,5,0.23,3,8,3,3,0.09,2,,,,,,,,,,,,,,,,,,,,,,,,,,,,,,,4484,稲生 夏季,101期,東京,東京,36,B1,,0,0,0.21,4.72,21.0,43.4,6.2,40.0,60.0,0,58,34.4,48.2,0,45,34.6,53.8,3,2,6,6,0.21,6,,,,,,1,3,3,0.09,6,9,5,5,0.24,4,2,1,1,0.18,1,7,4,4,0.13,3,2,2,2,0.15,2,11,5,5,0.31,3,,,,,,,,,,,,,,,,,,,,,,,,,,,,,,
202609132012,2026-09-13,20,12R,4043,桐本 康臣,85期,三重,三重,47,A2,,0,0,0.17,5.89,40.3,62.2,7.19,51.1,74.4,0,22,36.3,53.0,0,29,24.5,45.9,6,5,2,2,0.08,3,11,6,6,0.19,5,2,4,4,0.12,落,10,1,1,0.21,6,4,2,2,0.13,1,,,,,,,,,,,7,5,5,0.12,3,,,,,,,,,,,,,,,,,,,,,,,,,,,,,,,4273,佐藤 旭,94期,静岡,静岡,44,B1,,0,0,0.19,4.96,28.4,48.4,5.98,40.0,60.0,0,44,33.8,49.7,0,28,18.7,40.6,7,3,1,1,0.29,5,10,5,5,0.07,5,6,4,4,0.11,2,,,,,,5,3,3,0.29,2,,,,,,3,2,2,0.24,2,9,6,6,0.15,6,,,,,,,,,,,,,,,,,,,,,,,,,,,,,,,4230,濱崎 直矢,92期,埼玉,埼玉,43,A2,,1,0,0.16,6.2,47.3,64.4,5.68,45.4,59.0,0,32,35.9,54.5,0,74,29.4,55.8,7,2,3,3,0.16,4,8,2,2,0.12,2,4,5,5,0.25,4,10,4,4,0.29,5,6,1,1,0.12,1,,,,,,5,2,2,0.21,3,10,6,6,0.21,6,,,,,,,,,,,,,,,,,,,,,,,,,,,,,,,5085,中村 栄治,124期,福井,福井,27,A2,,0,0,0.22,5.17,33.3,46.4,5.75,25.0,62.5,0,31,33.3,47.9,0,20,29.5,60.6,6,6,6,6,0.13,5,10,3,3,0.06,1,,,,,,9,1,1,0.27,2,5,4,4,0.29,4,12,4,5,0.17,5,4,2,2,0.19,5,,,,,,,,,,,,,,,,,,,,,,,,,,,,,,,,,,,,5014,梶山 涼斗,121期,佐賀,佐賀,28,B1,,1,0,0.14,4.34,27.1,38.9,4.92,26.3,42.1,0,57,30.0,47.4,0,57,36.5,52.3,1,1,5,5,0.16,4,10,2,2,0.17,6,6,3,3,0.11,6,,,,,,2,2,2,0.23,2,11,4,4,0.17,5,,,,,,9,4,4,0.19,3,,,,,,,,,,,,,,,,,,,,,,,,,,,,,,,5033,藤原 孝斗,122期,愛知,愛知,28,B1,,0,0,0.18,4.4,26.3,34.7,4.0,0.0,40.0,0,28,31.9,45.5,0,21,36.8,50.8,3,3,2,2,0.18,3,8,5,4,0.08,4,5,5,5,0.12,5,,,,,,6,2,2,0.18,3,10,3,3,0.16,2,,,,,,8,5,5,0.09,6,,,,,,,,,,,,,,,,,,,,,,,,,,,,,,
202609132101,2026-09-13,21,01R,4389,伊藤 喜智,98期,大阪,大阪,40,A2,,0,0,0.18,5.46,29.3,59.7,4.63,25.5,44.1,0,38,37.6,54.4,0,128,17.6,35.2,12,5,6,6,0.05,2,,,,,,2,1,1,0.32,1,11,4,3,0.26,6,5,1,1,0.14,3,10,2,2,0.13,3,5,6,6,0.02,5,10,5,5,0.14,4,,,,,,,,,,,,,,,,,,,,,,,,,,,,,,,4638,小林 遼太,107期,福岡,福岡,35,B1,,0,0,0.18,5.38,36.5,56.9,4.54,25.7,42.8,0,55,37.7,56.6,0,170,35.9,52.4,10,4,2,2,0.13,2,,,,,,7,1,1,0.18,1,11,5,5,0.25,4,6,3,3,0.07,2,,,,,,6,5,4,0.23,5,10,6,6,0.24,5,,,,,,,,,,,,,,,,,,,,,,,,,,,,,,,4443,津田 裕絵,100期,山口,山口,40,B1,,0,0,0.19,5.52,39.0,54.2,5.39,38.8,55.5,0,41,40.5,59.4,0,118,40.0,55.2,6,6,5,5,0.15,2,11,3,3,0.23,6,6,1,1,0.29,4,,,,,,2,2,2,0.13,3,7,6,6,0.16,4,4,4,4,0.24,4,,,,,,,,,,,,,,,,,,,,,,,,,,,,,,,,,,,,3357,福島 陽子,62期,岡山,岡山,57,B1,,0,0,0.19,3.87,12.9,35.2,3.39,13.8,30.5,0,59,26.0,38.0,0,152,34.0,45.0,7,2,5,5,0.32,5,10,2,2,0.21,4,1,3,3,0.15,2,,,,,,4,4,4,0.22,6,8,1,1,0.19,3,3,6,6,0.13,6,,,,,,,,,,,,,,,,,,,,,,,,,,,,,,,,,,,,5469,今泉 博人,138期,佐賀,佐賀,17,B2,,0,0,0.0,1.59,0.0,2.0,0.0,0.0,0.0,0,39,39.8,58.1,0,140,27.2,41.4,,,,,,,7,6,6,0.15,5,2,6,6,0.31,5,10,6,4,0.07,6,,,,,,8,6,5,0.1,6,1,6,6,0.21,6,8,6,5,0.22,6,,,,,,,,,,,,,,,,,,,,,,,,,,,,,,,5082,一色 凌雅,124期,愛知,愛知,27,B1,,1,0,0.18,5.51,35.7,57.1,4.0,13.3,33.3,0,11,38.5,61.4,0,126,38.7,53.0,,5,4,4,0.1,6,10,3,3,0.13,3,,,,,,7,5,5,0.19,2,3,2,2,0.18,6,10,4,4,0.14,4,,,,,,9,3,3,0.16,2,,,,,,,,,,,,,,,,,,,,,,,,,,,,,,
202609132102,2026-09-13,21,02R,4261,岡 祐臣,93期,三重,三重,42,A2,,0,0,0.16,6.0,42.4,56.6,5.95,52.6,52.6,0,3,45.4,65.6,0,154,34.6,53.0,10,3,5,5,0.18,2,9,1,1,0.06,1,4,3,3,0.09,3,11,6,6,0.14,3,,,,,,10,1,1,0.1,1,8,5,6,0.19,4,12,2,2,0.1,6,,,,,,,,,,,,,,,,,,,,,,,,,,,,,,,5317,長尾 萌加,133期,岡山,岡山,25,B1,,1,0,0.17,4.63,23.7,45.3,3.35,5.8,23.5,0,2,26.6,36.1,0,147,23.0,36.2,6,4,5,5,0.2,3,,,,,,4,4,4,0.13,4,10,3,3,0.19,5,5,2,2,0.14,4,,,,,,1,4,4,0.31,3,6,4,3,0.21,2,,,,,,,,,,,,,,,,,,,,,,,,,,,,,,,4966,田川 大貴,119期,長崎,長崎,28,B1,,1,0,0.16,5.13,33.7,48.3,4.89,29.6,40.7,0,1,23.2,40.7,0,133,32.3,48.4,9,4,3,3,0.13,4,8,1,1,0.15,2,,,,,,7,4,4,0.13,4,7,2,2,0.1,1,12,5,5,0.09,6,2,5,6,0.05,5,,,,,,,,,,,,,,,,,,,,,,,,,,,,,,,,,,,,3473,石川 真二,66期,福岡,福岡,56,A1,賞除,1,0,0.14,6.76,55.9,69.2,6.01,43.2,64.2,0,4,40.6,60.4,0,155,40.1,59.8,9,6,2,3,0.19,4,12,2,2,0.01,F,6,2,6,0.12,1,,,,,,,,,,,8,2,6,0.08,1,6,2,6,0.16,4,,,,,,,,,,,,,,,,,,,,,,,,,,,,,,,,,,,,4408,仁科 さやか,99期,長崎,長崎,40,B1,,0,0,0.19,3.5,19.7,25.5,0.0,0.0,0.0,0,22,43.6,60.6,0,122,35.2,55.8,6,,,,,,7,3,3,0.19,6,4,2,2,0.08,2,9,4,4,0.2,5,2,5,5,0.11,4,,,,,,4,2,2,0.19,3,10,3,3,0.16,2,,,,,,,,,,,,,,,,,,,,,,,,,,,,,,,4840,鈴木 秀茉,115期,静岡,静岡,35,B1,,0,0,0.16,4.82,28.1,47.5,3.61,16.6,33.3,0,57,38.9,48.4,0,167,31.9,49.4,8,1,3,3,0.32,4,7,4,4,0.11,4,,,,,,10,2,2,0.16,4,4,5,5,0.22,4,9,2,2,0.26,2,,,,,,10,4,4,0.12,6,,,,,,,,,,,,,,,,,,,,,,,,,,,,,,
202609132103,2026-09-13,21,03R,4861,田中 宏樹,116期,福岡,宮崎,38,A2,,0,0,0.17,5.15,29.2,50.5,5.16,32.3,54.4,0,50,30.4,44.5,0,164,32.9,48.4,11,6,3,2,0.14,3,10,6,6,0.13,6,,,,,,10,1,1,0.14,1,4,3,3,0.16,3,11,6,6,0.01,3,3,1,1,0.12,2,12,5,5,0.05,4,,,,,,,,,,,,,,,,,,,,,,,,,,,,,,,4594,谷川 祐一,106期,欠場,,,B1,,0,0,,,,,,,,,,,,,,,,,7,5,5,0.11,2,11,2,2,0.16,5,,,,,,8,1,1,0.15,2,1,5,6,0.1,3,10,3,3,0.11,2,5,2,4,0.06,4,,,,,,,,,,,,,,,,,,,,,,,,,,,,,,,,,,,,4848,仲谷 颯仁,115期,福岡,福岡,32,A1,,0,0,0.15,7.59,52.2,73.4,7.16,51.6,62.9,0,49,24.4,35.1,0,162,32.9,50.5,11,2,4,4,0.33,2,12,1,1,0.02,1,3,3,3,0.12,2,10,4,5,0.19,2,5,5,6,0.14,1,11,2,2,0.13,2,4,1,1,0.16,1,,,,,,,,,,,,,,,,,,,,,,,,,,,,,,,,,,,,3998,冨成 謙児,83期,佐賀,佐賀,47,B1,,0,0,0.17,4.34,26.2,36.3,4.43,25.0,38.6,0,27,30.3,43.1,0,117,34.2,46.3,,6,4,4,0.15,6,,,,,,3,5,6,0.13,4,7,2,2,0.22,3,2,3,3,0.13,6,,,,,,1,5,5,0.23,4,7,1,1,0.15,1,,,,,,,,,,,,,,,,,,,,,,,,,,,,,,,4330,奈須 啓太,96期,福岡,福岡,43,A2,,0,0,0.12,5.98,41.2,60.5,6.36,48.2,65.5,0,23,28.8,39.1,0,116,32.0,51.0,10,1,1,1,0.26,1,11,4,4,0.11,2,5,3,3,0.07,1,9,5,5,0.19,2,,,,,,9,1,1,0.21,1,6,3,2,0.09,1,12,6,6,0.04,5,,,,,,,,,,,,,,,,,,,,,,,,,,,,,,,5457,山田 陽翔,138期,長崎,長崎,20,B2,,0,0,0.0,1.15,0.0,0.0,0.0,0.0,0.0,0,54,27.3,47.3,0,120,31.2,43.7,,2,6,6,0.32,6,,,,,,1,6,4,0.02,6,7,6,6,0.24,6,5,6,4,0.19,5,9,6,5,0.19,6,6,6,5,0.27,6,,,,,,,,,,,,,,,,,,,,,,,,,,,,,,,,,,,
202609132104,2026-09-13,21,04R,4137,君島 秀三,89期,滋賀,滋賀,46,A1,,0,0,0.14,6.61,48.0,70.0,6.97,60.5,71.0,0,15,28.8,42.3,0,119,26.4,50.5,12,5,1,1,0.13,1,12,3,3,0.01,3,6,6,5,0.13,3,11,2,2,0.22,2,6,5,6,0.06,3,,,,,,2,4,4,0.03,3,12,1,1,0.06,1,,,,,,,,,,,,,,,,,,,,,,,,,,,,,,,4092,岡部 大輔,87期,佐賀,佐賀,45,B1,,0,0,0.16,4.81,27.5,43.7,5.11,35.7,46.4,0,33,41.0,66.0,0,144,54.9,74.5,10,,,,,,7,2,2,0.17,3,4,5,5,0.16,5,12,4,4,0.08,2,3,6,6,0.24,5,,,,,,2,3,3,0.1,4,8,1,1,0.18,1,,,,,,,,,,,,,,,,,,,,,,,,,,,,,,,4437,中田 元泰,100期,香川,香川,40,A2,,0,0,0.16,5.92,43.2,59.3,6.81,52.3,71.4,0,16,22.9,33.0,0,115,28.1,39.5,12,4,6,6,0.22,5,9,4,4,0.15,2,,,,,,11,1,1,0.2,1,8,3,2,0.08,2,12,6,6,0.11,5,3,5,5,0.13,4,11,1,1,0.18,3,,,,,,,,,,,,,,,,,,,,,,,,,,,,,,,5208,屋良 龍紀,129期,長崎,長崎,28,B1,,1,0,0.15,4.13,22.0,41.5,3.66,14.2,28.5,0,43,40.2,54.9,0,132,34.6,53.0,9,2,2,2,0.31,3,9,5,5,0.17,6,6,4,3,0.17,6,,,,,,3,4,4,0.22,3,7,5,5,0.18,2,1,2,2,0.21,5,,,,,,,,,,,,,,,,,,,,,,,,,,,,,,,,,,,,4793,金子 萌,113期,静岡,静岡,36,A2,,0,0,0.14,6.41,48.5,64.7,5.68,42.1,47.3,0,20,22.7,41.5,0,113,44.2,59.6,11,5,3,3,0.07,4,11,6,6,0.12,4,3,4,5,0.11,3,9,1,1,0.11,1,4,6,6,0.22,5,12,2,2,0.14,2,,,,,,10,1,1,0.06,1,,,,,,,,,,,,,,,,,,,,,,,,,,,,,,,4384,鶴本 崇文,98期,大阪,大阪,41,A1,,0,0,0.16,5.63,36.7,58.1,7.39,55.5,94.4,0,25,12.8,28.2,0,134,37.1,55.2,8,3,3,3,0.19,6,12,4,4,0.02,5,4,1,1,0.03,1,,,,,,3,5,5,0.26,2,9,5,6,0.23,5,5,1,1,0.06,1,11,2,2,0.2,2,,,,,,,,,,,,,,,,,,,,,,,,,,,,,,
202609132105,2026-09-13,21,05R,4771,下寺 秀和,112期,広島,広島,33,A1,,0,0,0.16,7.19,54.6,79.6,6.07,46.4,53.5,0,29,38.1,53.6,0,168,35.5,51.1,11,8,2,2,0.15,1,12,6,6,0.07,4,2,4,4,0.23,2,12,1,1,0.12,1,4,1,1,0.12,1,10,5,5,0.12,5,,,,,,8,3,3,0.17,2,,,,,,,,,,,,,,,,,,,,,,,,,,,,,,,4675,井手 良太,109期,大阪,大阪,38,A2,,0,0,0.14,5.75,37.5,59.7,4.38,12.5,50.0,0,47,33.3,50.0,0,161,34.3,47.0,10,,,,,,8,6,6,0.12,3,3,1,1,0.04,1,12,2,2,0.16,5,5,4,5,0.11,2,12,4,4,0.08,3,2,1,1,0.02,1,11,3,3,0.16,4,,,,,,,,,,,,,,,,,,,,,,,,,,,,,,,3873,別府 昌樹,79期,広島,広島,50,B1,,0,0,0.21,4.96,27.2,48.0,5.89,37.8,56.7,0,12,36.8,49.4,0,165,33.6,46.7,10,1,4,4,0.3,2,6,1,1,0.19,1,5,5,5,0.15,3,,,,,,4,2,2,0.15,2,,,,,,7,6,6,0.17,2,12,3,3,0.08,2,,,,,,,,,,,,,,,,,,,,,,,,,,,,,,,4850,野中 一平,115期,愛知,岐阜,31,A2,,0,0,0.11,6.38,47.5,61.4,6.14,42.8,57.1,0,14,28.5,42.8,0,166,36.2,49.0,11,3,1,1,0.13,1,10,4,4,0.11,5,6,3,2,0.06,2,12,6,6,0.07,3,2,1,1,0.08,1,11,5,5,0.01,5,,,,,,11,6,6,0.17,1,,,,,,,,,,,,,,,,,,,,,,,,,,,,,,,5383,中村 楓,135期,三重,三重,21,B1,,0,0,0.17,2.42,1.3,9.4,0.0,0.0,0.0,0,32,42.2,50.5,0,127,37.3,54.5,,5,5,5,0.05,5,,,,,,1,2,2,0.18,5,5,4,4,0.1,6,1,6,4,0.11,6,7,3,3,0.12,5,5,4,3,0.12,6,,,,,,,,,,,,,,,,,,,,,,,,,,,,,,,,,,,,4812,西野 雄貴,114期,徳島,徳島,36,A1,,0,0,0.14,7.69,63.5,83.7,7.63,65.7,82.8,0,5,32.9,50.0,0,129,27.8,48.1,12,4,1,1,0.07,1,12,5,5,0.08,2,,,,,,8,5,6,0.13,1,2,4,4,0.14,2,12,1,1,0.11,1,3,3,3,0.08,1,10,2,2,0.11,3,,,,,,,,,,,,,,,,,,,,,,,,,,,,,,
202609132106,2026-09-13,21,06R,4408,仁科 さやか,99期,長崎,長崎,40,B1,,0,0,0.19,3.5,19.7,25.5,0.0,0.0,0.0,0,22,43.6,60.6,0,122,35.2,55.8,2,,,,,,7,3,3,0.19,6,4,2,2,0.08,2,9,4,4,0.2,5,2,5,5,0.11,4,,,,,,4,2,2,0.19,3,10,3,3,0.16,2,,,,,,,,,,,,,,,,,,,,,,,,,,,,,,,3509,池 千夏,67期,香川,愛媛,54,B1,,0,0,0.15,3.3,7.1,24.2,2.86,13.6,18.1,0,18,25.9,43.5,0,143,37.2,48.0,,,,,,,8,3,3,0.15,4,1,5,6,0.09,4,6,5,4,0.07,5,1,4,5,0.04,4,6,1,1,0.08,4,,,,,,8,2,2,0.2,5,,,,,,,,,,,,,,,,,,,,,,,,,,,,,,,4744,伊藤 玲奈,111期,福岡,福岡,33,B1,,0,0,0.23,4.55,24.0,38.6,2.67,0.0,11.1,0,7,34.6,62.3,0,111,18.7,32.2,,3,6,6,0.33,4,,,,,,2,2,2,0.26,3,9,3,3,0.21,6,,,,,,7,1,1,0.24,3,3,4,4,0.14,3,7,5,5,0.21,4,,,,,,,,,,,,,,,,,,,,,,,,,,,,,,,4443,津田 裕絵,100期,山口,山口,40,B1,,0,0,0.19,5.52,39.0,54.2,5.39,38.8,55.5,0,41,40.5,59.4,0,118,40.0,55.2,1,6,5,5,0.15,2,11,3,3,0.23,6,6,1,1,0.29,4,,,,,,2,2,2,0.13,3,7,6,6,0.16,4,4,4,4,0.24,4,,,,,,,,,,,,,,,,,,,,,,,,,,,,,,,,,,,,5317,長尾 萌加,133期,岡山,岡山,25,B1,,1,0,0.17,4.63,23.7,45.3,3.35,5.8,23.5,0,2,26.6,36.1,0,147,23.0,36.2,2,4,5,5,0.2,3,,,,,,4,4,4,0.13,4,10,3,3,0.19,5,5,2,2,0.14,4,,,,,,1,4,4,0.31,3,6,4,3,0.21,2,,,,,,,,,,,,,,,,,,,,,,,,,,,,,,,5447,岡本 亜子,138期,岡山,岡山,24,B2,,0,0,0.0,1.07,0.0,0.0,0.0,0.0,0.0,0,24,16.6,31.3,0,123,31.4,50.5,,1,6,6,0.63,6,,,,,,3,6,4,0.13,6,8,6,5,0.18,6,6,6,4,0.09,5,,,,,,2,6,5,0.07,6,9,6,4,0.13,6,,,,,,,,,,,,,,,,,,,,,,,,,,,,,,
202609132107,2026-09-13,21,07R,4853,前原 哉,115期,岡山,岡山,31,B1,,0,0,0.22,4.41,18.4,38.0,3.39,5.5,27.7,0,51,30.9,49.4,0,130,23.0,38.4,,5,2,2,0.13,3,9,3,3,0.15,3,,,,,,8,4,4,0.14,4,1,3,3,0.07,2,,,,,,7,2,2,0.16,6,11,5,5,0.32,5,,,,,,,,,,,,,,,,,,,,,,,,,,,,,,,3357,福島 陽子,62期,岡山,岡山,57,B1,,0,0,0.19,3.87,12.9,35.2,3.39,13.8,30.5,0,59,26.0,38.0,0,152,34.0,45.0,1,2,5,5,0.32,5,10,2,2,0.21,4,1,3,3,0.15,2,,,,,,4,4,4,0.22,6,8,1,1,0.19,3,3,6,6,0.13,6,,,,,,,,,,,,,,,,,,,,,,,,,,,,,,,,,,,,4521,小池 公生,103期,福岡,福岡,39,B1,,1,0,0.21,5.33,29.9,55.6,4.51,22.4,46.9,0,52,32.9,54.9,0,150,26.4,44.8,11,2,3,3,0.35,4,7,1,1,0.14,1,,,,,,9,6,6,0.34,4,6,4,5,0.07,1,11,4,4,0.08,6,3,2,2,0.17,5,8,4,4,0.2,3,,,,,,,,,,,,,,,,,,,,,,,,,,,,,,,3843,上之 晃弘,78期,長崎,長崎,50,B1,,0,0,0.16,4.84,29.9,41.2,4.53,18.7,50.0,0,40,28.1,47.5,0,124,32.2,48.8,,3,4,4,0.31,5,,,,,,1,4,5,0.15,3,9,2,2,0.2,3,2,6,6,0.06,5,8,4,3,0.07,4,6,1,1,0.12,3,,,,,,,,,,,,,,,,,,,,,,,,,,,,,,,,,,,,4594,谷川 祐一,106期,欠場,,,B1,,0,0,,,,,,,,,,,,,,,,,7,5,5,0.11,2,11,2,2,0.16,5,,,,,,8,1,1,0.15,2,1,5,6,0.1,3,10,3,3,0.11,2,5,2,4,0.06,4,,,,,,,,,,,,,,,,,,,,,,,,,,,,,,,,,,,,4652,酒見 峻介,108期,佐賀,兵庫,41,B1,,0,0,0.17,4.82,23.1,43.9,6.95,50.0,77.2,0,45,29.3,49.5,0,153,32.6,45.5,,1,5,5,0.3,5,9,2,2,0.05,4,,,,,,7,3,3,0.16,5,,,,,,8,5,4,0.05,5,1,3,3,0.19,2,5,3,2,0.14,3,,,,,,,,,,,,,,,,,,,,,,,,,,,,,,
202609132108,2026-09-13,21,08R,4020,川上 清人,84期,香川,高知,46,B1,,0,0,0.18,3.93,23.4,30.8,3.4,10.0,30.0,0,53,34.0,46.3,0,148,24.7,40.0,,3,2,2,0.27,3,8,4,4,0.16,5,2,5,5,0.26,4,,,,,,1,2,2,0.13,5,5,3,3,0.17,6,,,,,,7,3,3,0.16,5,,,,,,,,,,,,,,,,,,,,,,,,,,,,,,,3541,三嶌 誠司,69期,香川,香川,58,A2,,0,0,0.17,6.27,43.6,67.9,7.82,68.1,81.8,0,42,25.0,44.0,0,139,29.4,48.0,12,,,,,,10,1,1,0.15,1,5,6,6,0.26,5,11,3,4,0.27,5,3,1,1,0.15,1,12,3,3,0.11,4,5,5,5,0.08,2,9,4,6,0.17,3,,,,,,,,,,,,,,,,,,,,,,,,,,,,,,,5143,常盤 海心,126期,徳島,徳島,25,B1,,0,0,0.19,3.8,16.1,33.3,4.32,17.6,35.2,0,58,23.9,41.3,0,163,35.4,54.1,,,,,,,8,5,5,0.14,6,3,2,2,0.12,5,8,3,3,0.13,5,,,,,,9,4,4,0.28,3,2,2,2,0.11,2,7,4,4,0.23,3,,,,,,,,,,,,,,,,,,,,,,,,,,,,,,,4384,鶴本 崇文,98期,大阪,大阪,41,A1,,0,0,0.16,5.63,36.7,58.1,7.39,55.5,94.4,0,25,12.8,28.2,0,134,37.1,55.2,4,3,3,3,0.19,6,12,4,4,0.02,5,4,1,1,0.03,1,,,,,,3,5,5,0.26,2,9,5,6,0.23,5,5,1,1,0.06,1,11,2,2,0.2,2,,,,,,,,,,,,,,,,,,,,,,,,,,,,,,,4840,鈴木 秀茉,115期,静岡,静岡,35,B1,,0,0,0.16,4.82,28.1,47.5,3.61,16.6,33.3,0,57,38.9,48.4,0,167,31.9,49.4,2,1,3,3,0.32,4,7,4,4,0.11,4,,,,,,10,2,2,0.16,4,4,5,5,0.22,4,9,2,2,0.26,2,,,,,,10,4,4,0.12,6,,,,,,,,,,,,,,,,,,,,,,,,,,,,,,,3837,秋山 広一,78期,香川,香川,51,A2,,0,0,0.17,6.38,44.6,65.1,7.25,57.1,75.0,0,10,40.0,57.0,0,141,27.0,48.0,12,2,1,1,0.17,1,11,5,5,0.12,1,4,6,6,0.21,6,8,2,2,0.11,3,,,,,,11,1,1,0.08,1,4,3,3,0.18,2,12,4,4,0.08,3,,,,,,,,,,,,,,,,,,,,,,,,,,,,,,
202609132109,2026-09-13,21,09R,5160,藤森 陸斗,127期,福岡,福岡,27,A2,,0,0,0.15,5.84,42.2,57.7,5.44,33.3,58.9,0,6,25.5,45.9,0,156,37.5,56.7,,6,6,6,0.14,5,,,,,,1,1,1,0.13,1,12,3,3,0.11,6,6,2,2,0.1,6,10,6,6,0.15,6,1,1,1,0.17,1,9,5,5,0.1,5,,,,,,,,,,,,,,,,,,,,,,,,,,,,,,,5261,岡 暢祐,131期,長崎,大分,28,B1,,0,0,0.18,4.36,21.4,34.2,3.29,11.7,17.6,0,60,41.1,54.4,0,157,36.8,53.6,,1,2,2,0.32,3,10,5,5,0.11,2,2,3,3,0.18,6,,,,,,7,4,4,0.15,6,11,3,3,0.15,4,,,,,,11,4,4,0.19,6,,,,,,,,,,,,,,,,,,,,,,,,,,,,,,,5208,屋良 龍紀,129期,長崎,長崎,28,B1,,1,0,0.15,4.13,22.0,41.5,3.66,14.2,28.5,0,43,40.2,54.9,0,132,34.6,53.0,4,2,2,2,0.31,3,9,5,5,0.17,6,6,4,3,0.17,6,,,,,,3,4,4,0.22,3,7,5,5,0.18,2,1,2,2,0.21,5,,,,,,,,,,,,,,,,,,,,,,,,,,,,,,,,,,,,4834,浜本 裕己,115期,大阪,大阪,38,A2,,1,0,0.15,5.65,38.4,55.3,4.64,24.0,40.0,0,48,41.8,57.1,0,131,32.2,52.0,,,,,,,9,6,6,0.15,5,5,1,1,0.23,2,12,5,5,0.1,4,1,1,1,0.05,1,9,3,3,0.29,4,4,6,6,0.13,5,9,2,2,0.13,4,,,,,,,,,,,,,,,,,,,,,,,,,,,,,,,4966,田川 大貴,119期,長崎,長崎,28,B1,,1,0,0.16,5.13,33.7,48.3,4.89,29.6,40.7,0,1,23.2,40.7,0,133,32.3,48.4,2,4,3,3,0.13,4,8,1,1,0.15,2,,,,,,7,4,4,0.13,4,7,2,2,0.1,1,12,5,5,0.09,6,2,5,6,0.05,5,,,,,,,,,,,,,,,,,,,,,,,,,,,,,,,,,,,,3473,石川 真二,66期,福岡,福岡,56,A1,賞除,1,0,0.14,6.76,55.9,69.2,6.01,43.2,64.2,0,4,40.6,60.4,0,155,40.1,59.8,2,6,2,3,0.19,4,12,2,2,0.01,F,6,2,6,0.12,1,,,,,,,,,,,8,2,6,0.08,1,6,2,6,0.16,4,,,,,,,,,,,,,,,,,,,,,,,,,,,,,,,,,,,
202609132110,2026-09-13,21,10R,4330,奈須 啓太,96期,福岡,福岡,43,A2,,0,0,0.12,5.98,41.2,60.5,6.36,48.2,65.5,0,23,28.8,39.1,0,116,32.0,51.0,3,1,1,1,0.26,1,11,4,4,0.11,2,5,3,3,0.07,1,9,5,5,0.19,2,,,,,,9,1,1,0.21,1,6,3,2,0.09,1,12,6,6,0.04,5,,,,,,,,,,,,,,,,,,,,,,,,,,,,,,,3873,別府 昌樹,79期,広島,広島,50,B1,,0,0,0.21,4.96,27.2,48.0,5.89,37.8,56.7,0,12,36.8,49.4,0,165,33.6,46.7,5,1,4,4,0.3,2,6,1,1,0.19,1,5,5,5,0.15,3,,,,,,4,2,2,0.15,2,,,,,,7,6,6,0.17,2,12,3,3,0.08,2,,,,,,,,,,,,,,,,,,,,,,,,,,,,,,,4675,井手 良太,109期,大阪,大阪,38,A2,,0,0,0.14,5.75,37.5,59.7,4.38,12.5,50.0,0,47,33.3,50.0,0,161,34.3,47.0,5,,,,,,8,6,6,0.12,3,3,1,1,0.04,1,12,2,2,0.16,5,5,4,5,0.11,2,12,4,4,0.08,3,2,1,1,0.02,1,11,3,3,0.16,4,,,,,,,,,,,,,,,,,,,,,,,,,,,,,,,4261,岡 祐臣,93期,三重,三重,42,A2,,0,0,0.16,6.0,42.4,56.6,5.95,52.6,52.6,0,3,45.4,65.6,0,154,34.6,53.0,2,3,5,5,0.18,2,9,1,1,0.06,1,4,3,3,0.09,3,11,6,6,0.14,3,,,,,,10,1,1,0.1,1,8,5,6,0.19,4,12,2,2,0.1,6,,,,,,,,,,,,,,,,,,,,,,,,,,,,,,,4638,小林 遼太,107期,福岡,福岡,35,B1,,0,0,0.18,5.38,36.5,56.9,4.54,25.7,42.8,0,55,37.7,56.6,0,170,35.9,52.4,1,4,2,2,0.13,2,,,,,,7,1,1,0.18,1,11,5,5,0.25,4,6,3,3,0.07,2,,,,,,6,5,4,0.23,5,10,6,6,0.24,5,,,,,,,,,,,,,,,,,,,,,,,,,,,,,,,4092,岡部 大輔,87期,佐賀,佐賀,45,B1,,0,0,0.16,4.81,27.5,43.7,5.11,35.7,46.4,0,33,41.0,66.0,0,144,54.9,74.5,4,,,,,,7,2,2,0.17,3,4,5,5,0.16,5,12,4,4,0.08,2,3,6,6,0.24,5,,,,,,2,3,3,0.1,4,8,1,1,0.18,1,,,,,,,,,,,,,,,,,,,,,,,,,,,,,,
202609132111,2026-09-13,21,11R,4848,仲谷 颯仁,115期,福岡,福岡,32,A1,,0,0,0.15,7.59,52.2,73.4,7.16,51.6,62.9,0,49,24.4,35.1,0,162,32.9,50.5,3,2,4,4,0.33,2,12,1,1,0.02,1,3,3,3,0.12,2,10,4,5,0.19,2,5,5,6,0.14,1,11,2,2,0.13,2,4,1,1,0.16,1,,,,,,,,,,,,,,,,,,,,,,,,,,,,,,,,,,,,4771,下寺 秀和,112期,広島,広島,33,A1,,0,0,0.16,7.19,54.6,79.6,6.07,46.4,53.5,0,29,38.1,53.6,0,168,35.5,51.1,5,8,2,2,0.15,1,12,6,6,0.07,4,2,4,4,0.23,2,12,1,1,0.12,1,4,1,1,0.12,1,10,5,5,0.12,5,,,,,,8,3,3,0.17,2,,,,,,,,,,,,,,,,,,,,,,,,,,,,,,,4850,野中 一平,115期,愛知,岐阜,31,A2,,0,0,0.11,6.38,47.5,61.4,6.14,42.8,57.1,0,14,28.5,42.8,0,166,36.2,49.0,5,3,1,1,0.13,1,10,4,4,0.11,5,6,3,2,0.06,2,12,6,6,0.07,3,2,1,1,0.08,1,11,5,5,0.01,5,,,,,,11,6,6,0.17,1,,,,,,,,,,,,,,,,,,,,,,,,,,,,,,,4793,金子 萌,113期,静岡,静岡,36,A2,,0,0,0.14,6.41,48.5,64.7,5.68,42.1,47.3,0,20,22.7,41.5,0,113,44.2,59.6,4,5,3,3,0.07,4,11,6,6,0.12,4,3,4,5,0.11,3,9,1,1,0.11,1,4,6,6,0.22,5,12,2,2,0.14,2,,,,,,10,1,1,0.06,1,,,,,,,,,,,,,,,,,,,,,,,,,,,,,,,4861,田中 宏樹,116期,福岡,宮崎,38,A2,,0,0,0.17,5.15,29.2,50.5,5.16,32.3,54.4,0,50,30.4,44.5,0,164,32.9,48.4,3,6,3,2,0.14,3,10,6,6,0.13,6,,,,,,10,1,1,0.14,1,4,3,3,0.16,3,11,6,6,0.01,3,3,1,1,0.12,2,12,5,5,0.05,4,,,,,,,,,,,,,,,,,,,,,,,,,,,,,,,4521,小池 公生,103期,福岡,福岡,39,B1,,1,0,0.21,5.33,29.9,55.6,4.51,22.4,46.9,0,52,32.9,54.9,0,150,26.4,44.8,7,2,3,3,0.35,4,7,1,1,0.14,1,,,,,,9,6,6,0.34,4,6,4,5,0.07,1,11,4,4,0.08,6,3,2,2,0.17,5,8,4,4,0.2,3,,,,,,,,,,,,,,,,,,,,,,,,,,,,,,
202609132112,2026-09-13,21,12R,4812,西野 雄貴,114期,徳島,徳島,36,A1,,0,0,0.14,7.69,63.5,83.7,7.63,65.7,82.8,0,5,32.9,50.0,0,129,27.8,48.1,5,4,1,1,0.07,1,12,5,5,0.08,2,,,,,,8,5,6,0.13,1,2,4,4,0.14,2,12,1,1,0.11,1,3,3,3,0.08,1,10,2,2,0.11,3,,,,,,,,,,,,,,,,,,,,,,,,,,,,,,,4137,君島 秀三,89期,滋賀,滋賀,46,A1,,0,0,0.14,6.61,48.0,70.0,6.97,60.5,71.0,0,15,28.8,42.3,0,119,26.4,50.5,4,5,1,1,0.13,1,12,3,3,0.01,3,6,6,5,0.13,3,11,2,2,0.22,2,6,5,6,0.06,3,,,,,,2,4,4,0.03,3,12,1,1,0.06,1,,,,,,,,,,,,,,,,,,,,,,,,,,,,,,,3837,秋山 広一,78期,香川,香川,51,A2,,0,0,0.17,6.38,44.6,65.1,7.25,57.1,75.0,0,10,40.0,57.0,0,141,27.0,48.0,8,2,1,1,0.17,1,11,5,5,0.12,1,4,6,6,0.21,6,8,2,2,0.11,3,,,,,,11,1,1,0.08,1,4,3,3,0.18,2,12,4,4,0.08,3,,,,,,,,,,,,,,,,,,,,,,,,,,,,,,,3541,三嶌 誠司,69期,香川,香川,58,A2,,0,0,0.17,6.27,43.6,67.9,7.82,68.1,81.8,0,42,25.0,44.0,0,139,29.4,48.0,8,,,,,,10,1,1,0.15,1,5,6,6,0.26,5,11,3,4,0.27,5,3,1,1,0.15,1,12,3,3,0.11,4,5,5,5,0.08,2,9,4,6,0.17,3,,,,,,,,,,,,,,,,,,,,,,,,,,,,,,,4437,中田 元泰,100期,香川,香川,40,A2,,0,0,0.16,5.92,43.2,59.3,6.81,52.3,71.4,0,16,22.9,33.0,0,115,28.1,39.5,4,4,6,6,0.22,5,9,4,4,0.15,2,,,,,,11,1,1,0.2,1,8,3,2,0.08,2,12,6,6,0.11,5,3,5,5,0.13,4,11,1,1,0.18,3,,,,,,,,,,,,,,,,,,,,,,,,,,,,,,,4389,伊藤 喜智,98期,大阪,大阪,40,A2,,0,0,0.18,5.46,29.3,59.7,4.63,25.5,44.1,0,38,37.6,54.4,0,128,17.6,35.2,1,5,6,6,0.05,2,,,,,,2,1,1,0.32,1,11,4,3,0.26,6,5,1,1,0.14,3,10,2,2,0.13,3,5,6,6,0.02,5,10,5,5,0.14,4,,,,,,,,,,,,,,,,,,,,,,,,,,,,,,
202609132201,2026-09-13,22,01R,5018,竹下 大樹,121期,福岡,福岡,27,A1,,0,0,0.14,7.06,54.3,75.3,6.72,50.4,70.7,0,31,33.0,46.3,0,120,22.7,38.6,10,,,,,,,,,,,,,,,,,,,,,,,,,,,,,,,,,,,,,,,,,,,,,,,,,,,,,,,,,,,,,,,,,,,,,,,4248,岡本 大,93期,長崎,長崎,44,B1,,0,0,0.17,4.54,24.1,41.7,3.93,11.1,37.0,0,21,39.2,56.1,0,126,37.8,49.5,9,,,,,,,,,,,,,,,,,,,,,,,,,,,,,,,,,,,,,,,,,,,,,,,,,,,,,,,,,,,,,,,,,,,,,,,5386,米玉利 大悟,135期,兵庫,兵庫,20,B1,,0,0,0.19,3.48,14.8,24.4,2.6,10.0,10.0,0,27,36.4,51.1,0,132,37.8,50.4,5,,,,,,,,,,,,,,,,,,,,,,,,,,,,,,,,,,,,,,,,,,,,,,,,,,,,,,,,,,,,,,,,,,,,,,,3696,白井 友晴,74期,埼玉,埼玉,54,B1,,0,0,0.17,4.97,27.1,46.7,5.82,54.5,63.6,0,49,37.4,53.6,0,116,32.7,48.6,7,,,,,,,,,,,,,,,,,,,,,,,,,,,,,,,,,,,,,,,,,,,,,,,,,,,,,,,,,,,,,,,,,,,,,,,5404,内田 壮,136期,山口,山口,22,B1,,1,0,0.2,2.32,4.0,12.0,0.0,0.0,0.0,0,42,15.7,35.7,0,113,21.7,38.6,6,,,,,,,,,,,,,,,,,,,,,,,,,,,,,,,,,,,,,,,,,,,,,,,,,,,,,,,,,,,,,,,,,,,,,,,4813,宮内 直哉,114期,東京,東京,36,B1,,1,0,0.18,4.23,15.4,35.2,4.4,20.0,20.0,0,70,31.0,45.7,0,141,35.3,48.4,,,,,,,,,,,,,,,,,,,,,,,,,,,,,,,,,,,,,,,,,,,,,,,,,,,,,,,,,,,,,,,,,,,,,,,
202609132202,2026-09-13,22,02R,4693,松下 誉士,110期,福岡,福岡,42,B1,,0,0,0.19,4.2,25.7,35.0,4.22,24.3,39.0,0,57,32.5,45.0,0,153,32.4,56.4,,,,,,,,,,,,,,,,,,,,,,,,,,,,,,,,,,,,,,,,,,,,,,,,,,,,,,,,,,,,,,,,,,,,,,,,4592,小林 孝弘,106期,山口,山口,45,B1,,0,0,0.15,4.56,21.3,45.3,4.71,25.3,48.1,0,54,33.3,46.8,0,157,37.7,48.1,,,,,,,,,,,,,,,,,,,,,,,,,,,,,,,,,,,,,,,,,,,,,,,,,,,,,,,,,,,,,,,,,,,,,,,,4925,森 悠稀,118期,兵庫,兵庫,33,A2,,0,0,0.16,6.07,39.6,64.3,4.5,10.0,50.0,0,48,21.9,42.1,0,164,28.4,45.8,9,,,,,,,,,,,,,,,,,,,,,,,,,,,,,,,,,,,,,,,,,,,,,,,,,,,,,,,,,,,,,,,,,,,,,,,3712,淺香 文武,74期,三重,三重,52,B1,,0,0,0.17,4.79,36.0,44.1,5.6,60.0,60.0,0,47,21.1,40.3,0,169,36.4,48.6,7,,,,,,,,,,,,,,,,,,,,,,,,,,,,,,,,,,,,,,,,,,,,,,,,,,,,,,,,,,,,,,,,,,,,,,,4630,岩永 雅人,107期,愛知,愛知,39,A2,,0,0,0.19,5.36,34.2,53.4,5.24,38.1,57.1,0,60,22.5,45.1,0,128,33.6,46.7,11,,,,,,,,,,,,,,,,,,,,,,,,,,,,,,,,,,,,,,,,,,,,,,,,,,,,,,,,,,,,,,,,,,,,,,,5418,堀内 亜海,136期,大阪,大阪,20,B2,,1,0,0.2,1.05,0.0,0.0,0.0,0.0,0.0,0,64,27.6,36.1,0,133,42.4,58.4,,,,,,,,,,,,,,,,,,,,,,,,,,,,,,,,,,,,,,,,,,,,,,,,,,,,,,,,,,,,,,,,,,,,,,,
202609132203,2026-09-13,22,03R,5151,山下 奈緒,127期,大阪,香川,31,B1,,0,0,0.23,4.0,17.5,31.2,3.89,7.1,32.1,0,19,33.6,51.3,0,150,35.8,54.7,8,,,,,,,,,,,,,,,,,,,,,,,,,,,,,,,,,,,,,,,,,,,,,,,,,,,,,,,,,,,,,,,,,,,,,,,3863,海老澤 泰行,79期,東京,東京,52,B1,,0,0,0.17,4.46,22.5,36.2,4.83,22.4,44.8,0,11,36.7,53.9,0,117,34.0,53.0,7,,,,,,,,,,,,,,,,,,,,,,,,,,,,,,,,,,,,,,,,,,,,,,,,,,,,,,,,,,,,,,,,,,,,,,,4914,吉田 裕平,117期,愛知,愛知,29,A1,,1,0,0.12,7.43,54.6,67.5,7.11,37.0,55.5,0,69,21.0,32.8,0,125,30.1,48.5,12,,,,,,,,,,,,,,,,,,,,,,,,,,,,,,,,,,,,,,,,,,,,,,,,,,,,,,,,,,,,,,,,,,,,,,,3297,藤丸 光一,60期,福岡,福岡,59,B1,,0,0,0.21,4.67,24.7,41.2,5.83,43.3,56.6,0,58,34.4,50.4,0,160,39.8,57.2,9,,,,,,,,,,,,,,,,,,,,,,,,,,,,,,,,,,,,,,,,,,,,,,,,,,,,,,,,,,,,,,,,,,,,,,,4951,新田 洋一,119期,広島,広島,33,B1,,1,0,0.14,4.75,22.7,46.5,5.2,30.0,56.6,0,14,39.6,60.3,0,143,28.9,50.4,10,,,,,,,,,,,,,,,,,,,,,,,,,,,,,,,,,,,,,,,,,,,,,,,,,,,,,,,,,,,,,,,,,,,,,,,5462,山浦 槙,138期,佐賀,佐賀,19,B2,,0,0,0.0,1.73,0.0,2.4,0.0,0.0,0.0,0,30,38.0,45.6,0,151,24.0,39.8,,,,,,,,,,,,,,,,,,,,,,,,,,,,,,,,,,,,,,,,,,,,,,,,,,,,,,,,,,,,,,,,,,,,,,,
202609132204,2026-09-13,22,04R,3807,岡部 哲,77期,埼玉,埼玉,51,B1,,0,0,0.17,4.89,25.0,46.4,3.68,15.7,31.5,0,66,27.4,41.1,0,114,32.0,44.3,11,,,,,,,,,,,,,,,,,,,,,,,,,,,,,,,,,,,,,,,,,,,,,,,,,,,,,,,,,,,,,,,,,,,,,,,4823,中村 桃佳,114期,香川,香川,33,A2,,1,0,0.13,6.72,51.5,67.0,0.0,0.0,0.0,0,25,38.3,52.4,0,171,24.7,37.1,8,,,,,,,,,,,,,,,,,,,,,,,,,,,,,,,,,,,,,,,,,,,,,,,,,,,,,,,,,,,,,,,,,,,,,,,5050,木下 雄介,123期,滋賀,京都,31,A2,,0,0,0.17,5.75,40.0,56.3,5.2,30.0,50.0,0,15,40.0,55.5,0,174,37.3,49.5,9,,,,,,,,,,,,,,,,,,,,,,,,,,,,,,,,,,,,,,,,,,,,,,,,,,,,,,,,,,,,,,,,,,,,,,,4948,木場 悠介,119期,長崎,鹿児島,33,B1,,0,0,0.15,5.54,38.0,51.0,5.42,38.3,56.1,0,72,36.3,53.0,0,104,29.6,46.3,10,,,,,,,,,,,,,,,,,,,,,,,,,,,,,,,,,,,,,,,,,,,,,,,,,,,,,,,,,,,,,,,,,,,,,,,4059,入澤 友治,86期,東京,東京,47,B1,,2,0,0.16,3.78,19.5,34.7,6.37,52.6,52.6,0,56,37.6,55.0,0,140,38.1,53.3,,,,,,,,,,,,,,,,,,,,,,,,,,,,,,,,,,,,,,,,,,,,,,,,,,,,,,,,,,,,,,,,,,,,,,,,4856,豊田 健士郎,115期,三重,三重,30,A1,,0,0,0.14,7.25,57.5,74.1,5.89,38.8,55.5,0,24,22.1,40.0,0,146,27.4,46.0,12,,,,,,,,,,,,,,,,,,,,,,,,,,,,,,,,,,,,,,,,,,,,,,,,,,,,,,,,,,,,,,,,,,,,,,
202609132205,2026-09-13,22,05R,5386,米玉利 大悟,135期,兵庫,兵庫,20,B1,,0,0,0.19,3.48,14.8,24.4,2.6,10.0,10.0,0,27,36.4,51.1,0,132,37.8,50.4,1,,,,,,,,,,,,,,,,,,,,,,,,,,,,,,,,,,,,,,,,,,,,,,,,,,,,,,,,,,,,,,,,,,,,,,,4553,坪口 竜也,104期,長崎,長崎,37,A2,,0,0,0.16,5.92,38.2,59.8,6.46,48.7,66.6,0,22,33.3,49.2,0,166,26.9,41.3,11,,,,,,,,,,,,,,,,,,,,,,,,,,,,,,,,,,,,,,,,,,,,,,,,,,,,,,,,,,,,,,,,,,,,,,,3614,谷 勝幸,71期,広島,広島,53,B1,,0,0,0.17,4.17,20.3,36.2,5.05,42.1,52.6,0,46,24.5,45.9,0,135,40.7,55.5,,,,,,,,,,,,,,,,,,,,,,,,,,,,,,,,,,,,,,,,,,,,,,,,,,,,,,,,,,,,,,,,,,,,,,,,4505,島田 賢人,102期,埼玉,埼玉,38,A1,,0,0,0.16,6.64,49.5,69.0,6.29,42.8,71.4,0,29,29.5,46.9,0,122,30.1,45.2,12,,,,,,,,,,,,,,,,,,,,,,,,,,,,,,,,,,,,,,,,,,,,,,,,,,,,,,,,,,,,,,,,,,,,,,,5395,日高 龍之介,136期,佐賀,宮崎,24,B1,,0,0,0.19,3.11,12.7,20.6,1.33,0.0,0.0,0,20,35.2,49.1,0,147,24.0,41.6,,,,,,,,,,,,,,,,,,,,,,,,,,,,,,,,,,,,,,,,,,,,,,,,,,,,,,,,,,,,,,,,,,,,,,,,4475,末永 祐輝,101期,山口,山口,38,A1,,1,0,0.16,5.59,32.5,58.1,6.5,46.1,61.5,0,28,33.3,50.4,0,123,48.6,67.2,9,,,,,,,,,,,,,,,,,,,,,,,,,,,,,,,,,,,,,,,,,,,,,,,,,,,,,,,,,,,,,,,,,,,,,,
202609132206,2026-09-13,22,06R,4685,島村 隆幸,109期,徳島,高知,35,A1,,1,0,0.14,7.13,52.0,70.8,0.0,0.0,0.0,0,63,28.5,44.4,0,138,41.6,60.1,12,,,,,,,,,,,,,,,,,,,,,,,,,,,,,,,,,,,,,,,,,,,,,,,,,,,,,,,,,,,,,,,,,,,,,,,3505,山田 竜一,67期,東京,東京,55,A2,,0,0,0.14,5.16,35.0,45.3,5.23,36.6,56.6,0,73,30.9,50.3,0,121,35.6,56.4,11,,,,,,,,,,,,,,,,,,,,,,,,,,,,,,,,,,,,,,,,,,,,,,,,,,,,,,,,,,,,,,,,,,,,,,,3605,中村 守成,71期,三重,三重,54,B1,,0,0,0.19,3.95,14.1,29.4,5.25,37.5,50.0,0,61,37.2,51.7,0,163,33.0,50.0,,,,,,,,,,,,,,,,,,,,,,,,,,,,,,,,,,,,,,,,,,,,,,,,,,,,,,,,,,,,,,,,,,,,,,,,3615,横田 茂,71期,広島,広島,53,B1,,0,0,0.16,4.34,25.8,35.4,3.75,12.5,31.2,0,53,25.7,40.6,0,102,23.4,37.2,,,,,,,,,,,,,,,,,,,,,,,,,,,,,,,,,,,,,,,,,,,,,,,,,,,,,,,,,,,,,,,,,,,,,,,,4089,妹尾 忠幸,87期,岡山,岡山,46,A2,,0,0,0.16,6.35,42.5,67.5,6.55,39.3,75.7,0,36,37.0,54.0,0,112,28.4,45.1,10,,,,,,,,,,,,,,,,,,,,,,,,,,,,,,,,,,,,,,,,,,,,,,,,,,,,,,,,,,,,,,,,,,,,,,,5404,内田 壮,136期,山口,山口,22,B1,,1,0,0.2,2.32,4.0,12.0,0.0,0.0,0.0,0,42,15.7,35.7,0,113,21.7,38.6,1,,,,,,,,,,,,,,,,,,,,,,,,,,,,,,,,,,,,,,,,,,,,,,,,,,,,,,,,,,,,,,,,,,,,,,
202609132207,2026-09-13,22,07R,3769,佐竹 恒彦,76期,滋賀,滋賀,53,A2,,0,0,0.17,5.4,32.9,48.8,5.95,40.0,60.0,0,75,27.8,51.6,0,145,52.4,65.3,11,,,,,,,,,,,,,,,,,,,,,,,,,,,,,,,,,,,,,,,,,,,,,,,,,,,,,,,,,,,,,,,,,,,,,,,3712,淺香 文武,74期,三重,三重,52,B1,,0,0,0.17,4.79,36.0,44.1,5.6,60.0,60.0,0,47,21.1,40.3,0,169,36.4,48.6,2,,,,,,,,,,,,,,,,,,,,,,,,,,,,,,,,,,,,,,,,,,,,,,,,,,,,,,,,,,,,,,,,,,,,,,,3696,白井 友晴,74期,埼玉,埼玉,54,B1,,0,0,0.17,4.97,27.1,46.7,5.82,54.5,63.6,0,49,37.4,53.6,0,116,32.7,48.6,1,,,,,,,,,,,,,,,,,,,,,,,,,,,,,,,,,,,,,,,,,,,,,,,,,,,,,,,,,,,,,,,,,,,,,,,3863,海老澤 泰行,79期,東京,東京,52,B1,,0,0,0.17,4.46,22.5,36.2,4.83,22.4,44.8,0,11,36.7,53.9,0,117,34.0,53.0,3,,,,,,,,,,,,,,,,,,,,,,,,,,,,,,,,,,,,,,,,,,,,,,,,,,,,,,,,,,,,,,,,,,,,,,,5392,安武 一也,136期,福岡,福岡,26,B2,,0,0,0.19,1.76,0.0,2.8,1.78,0.0,5.4,0,17,27.7,44.4,0,118,33.6,52.4,,,,,,,,,,,,,,,,,,,,,,,,,,,,,,,,,,,,,,,,,,,,,,,,,,,,,,,,,,,,,,,,,,,,,,,,3554,仲口 博崇,69期,愛知,愛知,54,A1,,0,0,0.18,6.49,52.3,67.6,7.14,62.0,79.3,0,45,25.2,44.4,0,159,34.9,54.7,12,,,,,,,,,,,,,,,,,,,,,,,,,,,,,,,,,,,,,,,,,,,,,,,,,,,,,,,,,,,,,,,,,,,,,,
202609132208,2026-09-13,22,08R,4590,渡邉 優美,105期,福岡,福岡,33,A1,,1,0,0.14,6.49,41.9,58.9,6.83,45.9,67.8,0,23,40.8,53.9,0,156,42.0,51.4,12,,,,,,,,,,,,,,,,,,,,,,,,,,,,,,,,,,,,,,,,,,,,,,,,,,,,,,,,,,,,,,,,,,,,,,,4313,西村 美智子,95期,香川,香川,42,A2,,1,0,0.15,5.04,32.2,47.7,6.0,50.0,50.0,0,55,32.7,50.0,0,148,35.9,57.2,,,,,,,,,,,,,,,,,,,,,,,,,,,,,,,,,,,,,,,,,,,,,,,,,,,,,,,,,,,,,,,,,,,,,,,,3801,五反田 忍,77期,大阪,大阪,52,B1,,0,0,0.16,4.38,26.1,41.5,3.39,11.1,22.2,0,50,30.4,45.3,0,115,40.4,50.5,,,,,,,,,,,,,,,,,,,,,,,,,,,,,,,,,,,,,,,,,,,,,,,,,,,,,,,,,,,,,,,,,,,,,,,,4823,中村 桃佳,114期,香川,香川,33,A2,,1,0,0.13,6.72,51.5,67.0,0.0,0.0,0.0,0,25,38.3,52.4,0,171,24.7,37.1,4,,,,,,,,,,,,,,,,,,,,,,,,,,,,,,,,,,,,,,,,,,,,,,,,,,,,,,,,,,,,,,,,,,,,,,,5151,山下 奈緒,127期,大阪,香川,31,B1,,0,0,0.23,4.0,17.5,31.2,3.89,7.1,32.1,0,19,33.6,51.3,0,150,35.8,54.7,3,,,,,,,,,,,,,,,,,,,,,,,,,,,,,,,,,,,,,,,,,,,,,,,,,,,,,,,,,,,,,,,,,,,,,,,5428,古園井 綾南,137期,佐賀,福岡,23,B2,,1,0,0.19,1.07,0.0,0.0,1.0,0.0,0.0,0,38,24.7,41.8,0,106,26.6,37.1,,,,,,,,,,,,,,,,,,,,,,,,,,,,,,,,,,,,,,,,,,,,,,,,,,,,,,,,,,,,,,,,,,,,,,,
202609132209,2026-09-13,22,09R,3436,柏野 幸二,65期,岡山,岡山,57,A2,,1,0,0.13,5.69,37.5,61.2,7.0,60.5,76.3,0,37,30.0,46.9,0,165,31.0,48.5,,,,,,,,,,,,,,,,,,,,,,,,,,,,,,,,,,,,,,,,,,,,,,,,,,,,,,,,,,,,,,,,,,,,,,,,4475,末永 祐輝,101期,山口,山口,38,A1,,1,0,0.16,5.59,32.5,58.1,6.5,46.1,61.5,0,28,33.3,50.4,0,123,48.6,67.2,5,,,,,,,,,,,,,,,,,,,,,,,,,,,,,,,,,,,,,,,,,,,,,,,,,,,,,,,,,,,,,,,,,,,,,,,3297,藤丸 光一,60期,福岡,福岡,59,B1,,0,0,0.21,4.67,24.7,41.2,5.83,43.3,56.6,0,58,34.4,50.4,0,160,39.8,57.2,3,,,,,,,,,,,,,,,,,,,,,,,,,,,,,,,,,,,,,,,,,,,,,,,,,,,,,,,,,,,,,,,,,,,,,,,4925,森 悠稀,118期,兵庫,兵庫,33,A2,,0,0,0.16,6.07,39.6,64.3,4.5,10.0,50.0,0,48,21.9,42.1,0,164,28.4,45.8,2,,,,,,,,,,,,,,,,,,,,,,,,,,,,,,,,,,,,,,,,,,,,,,,,,,,,,,,,,,,,,,,,,,,,,,,5050,木下 雄介,123期,滋賀,京都,31,A2,,0,0,0.17,5.75,40.0,56.3,5.2,30.0,50.0,0,15,40.0,55.5,0,174,37.3,49.5,4,,,,,,,,,,,,,,,,,,,,,,,,,,,,,,,,,,,,,,,,,,,,,,,,,,,,,,,,,,,,,,,,,,,,,,,4248,岡本 大,93期,長崎,長崎,44,B1,,0,0,0.17,4.54,24.1,41.7,3.93,11.1,37.0,0,21,39.2,56.1,0,126,37.8,49.5,1,,,,,,,,,,,,,,,,,,,,,,,,,,,,,,,,,,,,,,,,,,,,,,,,,,,,,,,,,,,,,,,,,,,,,,
202609132210,2026-09-13,22,10R,3841,佐々木 和伸,78期,徳島,徳島,50,A2,,0,0,0.16,6.48,50.7,69.8,7.8,70.0,80.0,0,68,39.8,55.2,0,149,33.3,50.9,,,,,,,,,,,,,,,,,,,,,,,,,,,,,,,,,,,,,,,,,,,,,,,,,,,,,,,,,,,,,,,,,,,,,,,,4089,妹尾 忠幸,87期,岡山,岡山,46,A2,,0,0,0.16,6.35,42.5,67.5,6.55,39.3,75.7,0,36,37.0,54.0,0,112,28.4,45.1,6,,,,,,,,,,,,,,,,,,,,,,,,,,,,,,,,,,,,,,,,,,,,,,,,,,,,,,,,,,,,,,,,,,,,,,,5125,高井 雄基,126期,愛知,愛知,30,A2,,1,0,0.17,4.81,26.9,43.2,6.23,45.4,72.7,0,16,48.3,63.1,0,167,45.6,59.2,,,,,,,,,,,,,,,,,,,,,,,,,,,,,,,,,,,,,,,,,,,,,,,,,,,,,,,,,,,,,,,,,,,,,,,,4951,新田 洋一,119期,広島,広島,33,B1,,1,0,0.14,4.75,22.7,46.5,5.2,30.0,56.6,0,14,39.6,60.3,0,143,28.9,50.4,3,,,,,,,,,,,,,,,,,,,,,,,,,,,,,,,,,,,,,,,,,,,,,,,,,,,,,,,,,,,,,,,,,,,,,,,5018,竹下 大樹,121期,福岡,福岡,27,A1,,0,0,0.14,7.06,54.3,75.3,6.72,50.4,70.7,0,31,33.0,46.3,0,120,22.7,38.6,1,,,,,,,,,,,,,,,,,,,,,,,,,,,,,,,,,,,,,,,,,,,,,,,,,,,,,,,,,,,,,,,,,,,,,,,4948,木場 悠介,119期,長崎,鹿児島,33,B1,,0,0,0.15,5.54,38.0,51.0,5.42,38.3,56.1,0,72,36.3,53.0,0,104,29.6,46.3,4,,,,,,,,,,,,,,,,,,,,,,,,,,,,,,,,,,,,,,,,,,,,,,,,,,,,,,,,,,,,,,,,,,,,,,
202609132211,2026-09-13,22,11R,4614,石倉 洋行,107期,福岡,福岡,46,A1,,1,0,0.13,7.18,57.2,78.6,6.19,44.7,64.1,0,32,26.6,47.4,0,110,38.3,58.5,,,,,,,,,,,,,,,,,,,,,,,,,,,,,,,,,,,,,,,,,,,,,,,,,,,,,,,,,,,,,,,,,,,,,,,,4630,岩永 雅人,107期,愛知,愛知,39,A2,,0,0,0.19,5.36,34.2,53.4,5.24,38.1,57.1,0,60,22.5,45.1,0,128,33.6,46.7,2,,,,,,,,,,,,,,,,,,,,,,,,,,,,,,,,,,,,,,,,,,,,,,,,,,,,,,,,,,,,,,,,,,,,,,,3807,岡部 哲,77期,埼玉,埼玉,51,B1,,0,0,0.17,4.89,25.0,46.4,3.68,15.7,31.5,0,66,27.4,41.1,0,114,32.0,44.3,4,,,,,,,,,,,,,,,,,,,,,,,,,,,,,,,,,,,,,,,,,,,,,,,,,,,,,,,,,,,,,,,,,,,,,,,3769,佐竹 恒彦,76期,滋賀,滋賀,53,A2,,0,0,0.17,5.4,32.9,48.8,5.95,40.0,60.0,0,75,27.8,51.6,0,145,52.4,65.3,7,,,,,,,,,,,,,,,,,,,,,,,,,,,,,,,,,,,,,,,,,,,,,,,,,,,,,,,,,,,,,,,,,,,,,,,3505,山田 竜一,67期,東京,東京,55,A2,,0,0,0.14,5.16,35.0,45.3,5.23,36.6,56.6,0,73,30.9,50.3,0,121,35.6,56.4,6,,,,,,,,,,,,,,,,,,,,,,,,,,,,,,,,,,,,,,,,,,,,,,,,,,,,,,,,,,,,,,,,,,,,,,,4553,坪口 竜也,104期,長崎,長崎,37,A2,,0,0,0.16,5.92,38.2,59.8,6.46,48.7,66.6,0,22,33.3,49.2,0,166,26.9,41.3,5,,,,,,,,,,,,,,,,,,,,,,,,,,,,,,,,,,,,,,,,,,,,,,,,,,,,,,,,,,,,,,,,,,,,,,
202609132212,2026-09-13,22,12R,4914,吉田 裕平,117期,愛知,愛知,29,A1,,1,0,0.12,7.43,54.6,67.5,7.11,37.0,55.5,0,69,21.0,32.8,0,125,30.1,48.5,3,,,,,,,,,,,,,,,,,,,,,,,,,,,,,,,,,,,,,,,,,,,,,,,,,,,,,,,,,,,,,,,,,,,,,,,4590,渡邉 優美,105期,福岡,福岡,33,A1,,1,0,0.14,6.49,41.9,58.9,6.83,45.9,67.8,0,23,40.8,53.9,0,156,42.0,51.4,8,,,,,,,,,,,,,,,,,,,,,,,,,,,,,,,,,,,,,,,,,,,,,,,,,,,,,,,,,,,,,,,,,,,,,,,4685,島村 隆幸,109期,徳島,高知,35,A1,,1,0,0.14,7.13,52.0,70.8,0.0,0.0,0.0,0,63,28.5,44.4,0,138,41.6,60.1,6,,,,,,,,,,,,,,,,,,,,,,,,,,,,,,,,,,,,,,,,,,,,,,,,,,,,,,,,,,,,,,,,,,,,,,,4856,豊田 健士郎,115期,三重,三重,30,A1,,0,0,0.14,7.25,57.5,74.1,5.89,38.8,55.5,0,24,22.1,40.0,0,146,27.4,46.0,4,,,,,,,,,,,,,,,,,,,,,,,,,,,,,,,,,,,,,,,,,,,,,,,,,,,,,,,,,,,,,,,,,,,,,,,3554,仲口 博崇,69期,愛知,愛知,54,A1,,0,0,0.18,6.49,52.3,67.6,7.14,62.0,79.3,0,45,25.2,44.4,0,159,34.9,54.7,7,,,,,,,,,,,,,,,,,,,,,,,,,,,,,,,,,,,,,,,,,,,,,,,,,,,,,,,,,,,,,,,,,,,,,,,4505,島田 賢人,102期,埼玉,埼玉,38,A1,,0,0,0.16,6.64,49.5,69.0,6.29,42.8,71.4,0,29,29.5,46.9,0,122,30.1,45.2,5,,,,,,,,,,,,,,,,,,,,,,,,,,,,,,,,,,,,,,,,,,,,,,,,,,,,,,,,,,,,,,,,,,,,,,
