レースコード,レース日,レース場コード,レース回,艇1_ボート番号,艇1_登録番号,艇1_選手名,艇1_期別,艇1_支部,艇1_出身地,艇1_年齢,艇1_級別,艇1_prize_excluded,艇1_F本数,艇1_L本数,艇1_全国平均ST,艇1_全国勝率,艇1_national_double_rate,艇1_national_triple_rate,艇1_当地勝率,艇1_local_double_rate,艇1_local_triple_rate,艇1_モーターフラグ,艇1_モーター番号,艇1_motor_double_rate,艇1_motor_triple_rate,艇1_ボートフラグ,艇1_boat_double_rate,艇1_boat_triple_rate,艇1_早見,艇1_sessions1_race_number,艇1_sessions1_entry_course,艇1_sessions1_waku,艇1_sessions1_start_timing,艇1_sessions1_finish_position,艇1_sessions2_race_number,艇1_sessions2_entry_course,艇1_sessions2_waku,艇1_sessions2_start_timing,艇1_sessions2_finish_position,艇1_sessions3_race_number,艇1_sessions3_entry_course,艇1_sessions3_waku,艇1_sessions3_start_timing,艇1_sessions3_finish_position,艇1_sessions4_race_number,艇1_sessions4_entry_course,艇1_sessions4_waku,艇1_sessions4_start_timing,艇1_sessions4_finish_position,艇1_sessions5_race_number,艇1_sessions5_entry_course,艇1_sessions5_waku,艇1_sessions5_start_timing,艇1_sessions5_finish_position,艇1_sessions6_race_number,艇1_sessions6_entry_course,艇1_sessions6_waku,艇1_sessions6_start_timing,艇1_sessions6_finish_position,艇1_sessions7_race_number,艇1_sessions7_entry_course,艇1_sessions7_waku,艇1_sessions7_start_timing,艇1_sessions7_finish_position,艇1_sessions8_race_number,艇1_sessions8_entry_course,艇1_sessions8_waku,艇1_sessions8_start_timing,艇1_sessions8_finish_position,艇1_sessions9_race_number,艇1_sessions9_entry_course,艇1_sessions9_waku,艇1_sessions9_start_timing,艇1_sessions9_finish_position,艇1_sessions10_race_number,艇1_sessions10_entry_course,艇1_sessions10_waku,艇1_sessions10_start_timing,艇1_sessions10_finish_position,艇1_sessions11_race_number,艇1_sessions11_entry_course,艇1_sessions11_waku,艇1_sessions11_start_timing,艇1_sessions11_finish_position,艇1_sessions12_race_number,艇1_sessions12_entry_course,艇1_sessions12_waku,艇1_sessions12_start_timing,艇1_sessions12_finish_position,艇1_sessions13_race_number,艇1_sessions13_entry_course,艇1_sessions13_waku,艇1_sessions13_start_timing,艇1_sessions13_finish_position,艇1_sessions14_race_number,艇1_sessions14_entry_course,艇1_sessions14_waku,艇1_sessions14_start_timing,艇1_sessions14_finish_position,艇2_ボート番号,艇2_登録番号,艇2_選手名,艇2_期別,艇2_支部,艇2_出身地,艇2_年齢,艇2_級別,艇2_prize_excluded,艇2_F本数,艇2_L本数,艇2_全国平均ST,艇2_全国勝率,艇2_national_double_rate,艇2_national_triple_rate,艇2_当地勝率,艇2_local_double_rate,艇2_local_triple_rate,艇2_モーターフラグ,艇2_モーター番号,艇2_motor_double_rate,艇2_motor_triple_rate,艇2_ボートフラグ,艇2_boat_double_rate,艇2_boat_triple_rate,艇2_早見,艇2_sessions1_race_number,艇2_sessions1_entry_course,艇2_sessions1_waku,艇2_sessions1_start_timing,艇2_sessions1_finish_position,艇2_sessions2_race_number,艇2_sessions2_entry_course,艇2_sessions2_waku,艇2_sessions2_start_timing,艇2_sessions2_finish_position,艇2_sessions3_race_number,艇2_sessions3_entry_course,艇2_sessions3_waku,艇2_sessions3_start_timing,艇2_sessions3_finish_position,艇2_sessions4_race_number,艇2_sessions4_entry_course,艇2_sessions4_waku,艇2_sessions4_start_timing,艇2_sessions4_finish_position,艇2_sessions5_race_number,艇2_sessions5_entry_course,艇2_sessions5_waku,艇2_sessions5_start_timing,艇2_sessions5_finish_position,艇2_sessions6_race_number,艇2_sessions6_entry_course,艇2_sessions6_waku,艇2_sessions6_start_timing,艇2_sessions6_finish_position,艇2_sessions7_race_number,艇2_sessions7_entry_course,艇2_sessions7_waku,艇2_sessions7_start_timing,艇2_sessions7_finish_position,艇2_sessions8_race_number,艇2_sessions8_entry_course,艇2_sessions8_waku,艇2_sessions8_start_timing,艇2_sessions8_finish_position,艇2_sessions9_race_number,艇2_sessions9_entry_course,艇2_sessions9_waku,艇2_sessions9_start_timing,艇2_sessions9_finish_position,艇2_sessions10_race_number,艇2_sessions10_entry_course,艇2_sessions10_waku,艇2_sessions10_start_timing,艇2_sessions10_finish_position,艇2_sessions11_race_number,艇2_sessions11_entry_course,艇2_sessions11_waku,艇2_sessions11_start_timing,艇2_sessions11_finish_position,艇2_sessions12_race_number,艇2_sessions12_entry_course,艇2_sessions12_waku,艇2_sessions12_start_timing,艇2_sessions12_finish_position,艇2_sessions13_race_number,艇2_sessions13_entry_course,艇2_sessions13_waku,艇2_sessions13_start_timing,艇2_sessions13_finish_position,艇2_sessions14_race_number,艇2_sessions14_entry_course,艇2_sessions14_waku,艇2_sessions14_start_timing,艇2_sessions14_finish_position,艇3_ボート番号,艇3_登録番号,艇3_選手名,艇3_期別,艇3_支部,艇3_出身地,艇3_年齢,艇3_級別,艇3_prize_excluded,艇3_F本数,艇3_L本数,艇3_全国平均ST,艇3_全国勝率,艇3_national_double_rate,艇3_national_triple_rate,艇3_当地勝率,艇3_local_double_rate,艇3_local_triple_rate,艇3_モーターフラグ,艇3_モーター番号,艇3_motor_double_rate,艇3_motor_triple_rate,艇3_ボートフラグ,艇3_boat_double_rate,艇3_boat_triple_rate,艇3_早見,艇3_sessions1_race_number,艇3_sessions1_entry_course,艇3_sessions1_waku,艇3_sessions1_start_timing,艇3_sessions1_finish_position,艇3_sessions2_race_number,艇3_sessions2_entry_course,艇3_sessions2_waku,艇3_sessions2_start_timing,艇3_sessions2_finish_position,艇3_sessions3_race_number,艇3_sessions3_entry_course,艇3_sessions3_waku,艇3_sessions3_start_timing,艇3_sessions3_finish_position,艇3_sessions4_race_number,艇3_sessions4_entry_course,艇3_sessions4_waku,艇3_sessions4_start_timing,艇3_sessions4_finish_position,艇3_sessions5_race_number,艇3_sessions5_entry_course,艇3_sessions5_waku,艇3_sessions5_start_timing,艇3_sessions5_finish_position,艇3_sessions6_race_number,艇3_sessions6_entry_course,艇3_sessions6_waku,艇3_sessions6_start_timing,艇3_sessions6_finish_position,艇3_sessions7_race_number,艇3_sessions7_entry_course,艇3_sessions7_waku,艇3_sessions7_start_timing,艇3_sessions7_finish_position,艇3_sessions8_race_number,艇3_sessions8_entry_course,艇3_sessions8_waku,艇3_sessions8_start_timing,艇3_sessions8_finish_position,艇3_sessions9_race_number,艇3_sessions9_entry_course,艇3_sessions9_waku,艇3_sessions9_start_timing,艇3_sessions9_finish_position,艇3_sessions10_race_number,艇3_sessions10_entry_course,艇3_sessions10_waku,艇3_sessions10_start_timing,艇3_sessions10_finish_position,艇3_sessions11_race_number,艇3_sessions11_entry_course,艇3_sessions11_waku,艇3_sessions11_start_timing,艇3_sessions11_finish_position,艇3_sessions12_race_number,艇3_sessions12_entry_course,艇3_sessions12_waku,艇3_sessions12_start_timing,艇3_sessions12_finish_position,艇3_sessions13_race_number,艇3_sessions13_entry_course,艇3_sessions13_waku,艇3_sessions13_start_timing,艇3_sessions13_finish_position,艇3_sessions14_race_number,艇3_sessions14_entry_course,艇3_sessions14_waku,艇3_sessions14_start_timing,艇3_sessions14_finish_position,艇4_ボート番号,艇4_登録番号,艇4_選手名,艇4_期別,艇4_支部,艇4_出身地,艇4_年齢,艇4_級別,艇4_prize_excluded,艇4_F本数,艇4_L本数,艇4_全国平均ST,艇4_全国勝率,艇4_national_double_rate,艇4_national_triple_rate,艇4_当地勝率,艇4_local_double_rate,艇4_local_triple_rate,艇4_モーターフラグ,艇4_モーター番号,艇4_motor_double_rate,艇4_motor_triple_rate,艇4_ボートフラグ,艇4_boat_double_rate,艇4_boat_triple_rate,艇4_早見,艇4_sessions1_race_number,艇4_sessions1_entry_course,艇4_sessions1_waku,艇4_sessions1_start_timing,艇4_sessions1_finish_position,艇4_sessions2_race_number,艇4_sessions2_entry_course,艇4_sessions2_waku,艇4_sessions2_start_timing,艇4_sessions2_finish_position,艇4_sessions3_race_number,艇4_sessions3_entry_course,艇4_sessions3_waku,艇4_sessions3_start_timing,艇4_sessions3_finish_position,艇4_sessions4_race_number,艇4_sessions4_entry_course,艇4_sessions4_waku,艇4_sessions4_start_timing,艇4_sessions4_finish_position,艇4_sessions5_race_number,艇4_sessions5_entry_course,艇4_sessions5_waku,艇4_sessions5_start_timing,艇4_sessions5_finish_position,艇4_sessions6_race_number,艇4_sessions6_entry_course,艇4_sessions6_waku,艇4_sessions6_start_timing,艇4_sessions6_finish_position,艇4_sessions7_race_number,艇4_sessions7_entry_course,艇4_sessions7_waku,艇4_sessions7_start_timing,艇4_sessions7_finish_position,艇4_sessions8_race_number,艇4_sessions8_entry_course,艇4_sessions8_waku,艇4_sessions8_start_timing,艇4_sessions8_finish_position,艇4_sessions9_race_number,艇4_sessions9_entry_course,艇4_sessions9_waku,艇4_sessions9_start_timing,艇4_sessions9_finish_position,艇4_sessions10_race_number,艇4_sessions10_entry_course,艇4_sessions10_waku,艇4_sessions10_start_timing,艇4_sessions10_finish_position,艇4_sessions11_race_number,艇4_sessions11_entry_course,艇4_sessions11_waku,艇4_sessions11_start_timing,艇4_sessions11_finish_position,艇4_sessions12_race_number,艇4_sessions12_entry_course,艇4_sessions12_waku,艇4_sessions12_start_timing,艇4_sessions12_finish_position,艇4_sessions13_race_number,艇4_sessions13_entry_course,艇4_sessions13_waku,艇4_sessions13_start_timing,艇4_sessions13_finish_position,艇4_sessions14_race_number,艇4_sessions14_entry_course,艇4_sessions14_waku,艇4_sessions14_start_timing,艇4_sessions14_finish_position,艇5_ボート番号,艇5_登録番号,艇5_選手名,艇5_期別,艇5_支部,艇5_出身地,艇5_年齢,艇5_級別,艇5_prize_excluded,艇5_F本数,艇5_L本数,艇5_全国平均ST,艇5_全国勝率,艇5_national_double_rate,艇5_national_triple_rate,艇5_当地勝率,艇5_local_double_rate,艇5_local_triple_rate,艇5_モーターフラグ,艇5_モーター番号,艇5_motor_double_rate,艇5_motor_triple_rate,艇5_ボートフラグ,艇5_boat_double_rate,艇5_boat_triple_rate,艇5_早見,艇5_sessions1_race_number,艇5_sessions1_entry_course,艇5_sessions1_waku,艇5_sessions1_start_timing,艇5_sessions1_finish_position,艇5_sessions2_race_number,艇5_sessions2_entry_course,艇5_sessions2_waku,艇5_sessions2_start_timing,艇5_sessions2_finish_position,艇5_sessions3_race_number,艇5_sessions3_entry_course,艇5_sessions3_waku,艇5_sessions3_start_timing,艇5_sessions3_finish_position,艇5_sessions4_race_number,艇5_sessions4_entry_course,艇5_sessions4_waku,艇5_sessions4_start_timing,艇5_sessions4_finish_position,艇5_sessions5_race_number,艇5_sessions5_entry_course,艇5_sessions5_waku,艇5_sessions5_start_timing,艇5_sessions5_finish_position,艇5_sessions6_race_number,艇5_sessions6_entry_course,艇5_sessions6_waku,艇5_sessions6_start_timing,艇5_sessions6_finish_position,艇5_sessions7_race_number,艇5_sessions7_entry_course,艇5_sessions7_waku,艇5_sessions7_start_timing,艇5_sessions7_finish_position,艇5_sessions8_race_number,艇5_sessions8_entry_course,艇5_sessions8_waku,艇5_sessions8_start_timing,艇5_sessions8_finish_position,艇5_sessions9_race_number,艇5_sessions9_entry_course,艇5_sessions9_waku,艇5_sessions9_start_timing,艇5_sessions9_finish_position,艇5_sessions10_race_number,艇5_sessions10_entry_course,艇5_sessions10_waku,艇5_sessions10_start_timing,艇5_sessions10_finish_position,艇5_sessions11_race_number,艇5_sessions11_entry_course,艇5_sessions11_waku,艇5_sessions11_start_timing,艇5_sessions11_finish_position,艇5_sessions12_race_number,艇5_sessions12_entry_course,艇5_sessions12_waku,艇5_sessions12_start_timing,艇5_sessions12_finish_position,艇5_sessions13_race_number,艇5_sessions13_entry_course,艇5_sessions13_waku,艇5_sessions13_start_timing,艇5_sessions13_finish_position,艇5_sessions14_race_number,艇5_sessions14_entry_course,艇5_sessions14_waku,艇5_sessions14_start_timing,艇5_sessions14_finish_position,艇6_ボート番号,艇6_登録番号,艇6_選手名,艇6_期別,艇6_支部,艇6_出身地,艇6_年齢,艇6_級別,艇6_prize_excluded,艇6_F本数,艇6_L本数,艇6_全国平均ST,艇6_全国勝率,艇6_national_double_rate,艇6_national_triple_rate,艇6_当地勝率,艇6_local_double_rate,艇6_local_triple_rate,艇6_モーターフラグ,艇6_モーター番号,艇6_motor_double_rate,艇6_motor_triple_rate,艇6_ボートフラグ,艇6_boat_double_rate,艇6_boat_triple_rate,艇6_早見,艇6_sessions1_race_number,艇6_sessions1_entry_course,艇6_sessions1_waku,艇6_sessions1_start_timing,艇6_sessions1_finish_position,艇6_sessions2_race_number,艇6_sessions2_entry_course,艇6_sessions2_waku,艇6_sessions2_start_timing,艇6_sessions2_finish_position,艇6_sessions3_race_number,艇6_sessions3_entry_course,艇6_sessions3_waku,艇6_sessions3_start_timing,艇6_sessions3_finish_position,艇6_sessions4_race_number,艇6_sessions4_entry_course,艇6_sessions4_waku,艇6_sessions4_start_timing,艇6_sessions4_finish_position,艇6_sessions5_race_number,艇6_sessions5_entry_course,艇6_sessions5_waku,艇6_sessions5_start_timing,艇6_sessions5_finish_position,艇6_sessions6_race_number,艇6_sessions6_entry_course,艇6_sessions6_waku,艇6_sessions6_start_timing,艇6_sessions6_finish_position,艇6_sessions7_race_number,艇6_sessions7_entry_course,艇6_sessions7_waku,艇6_sessions7_start_timing,艇6_sessions7_finish_position,艇6_sessions8_race_number,艇6_sessions8_entry_course,艇6_sessions8_waku,艇6_sessions8_start_timing,艇6_sessions8_finish_position,艇6_sessions9_race_number,艇6_sessions9_entry_course,艇6_sessions9_waku,艇6_sessions9_start_timing,艇6_sessions9_finish_position,艇6_sessions10_race_number,艇6_sessions10_entry_course,艇6_sessions10_waku,艇6_sessions10_start_timing,艇6_sessions10_finish_position,艇6_sessions11_race_number,艇6_sessions11_entry_course,艇6_sessions11_waku,艇6_sessions11_start_timing,艇6_sessions11_finish_position,艇6_sessions12_race_number,艇6_sessions12_entry_course,艇6_sessions12_waku,艇6_sessions12_start_timing,艇6_sessions12_finish_position,艇6_sessions13_race_number,艇6_sessions13_entry_course,艇6_sessions13_waku,艇6_sessions13_start_timing,艇6_sessions13_finish_position,艇6_sessions14_race_number,艇6_sessions14_entry_course,艇6_sessions14_waku,艇6_sessions14_start_timing,艇6_sessions14_finish_position
202609150401,2026-09-15,04,01R,70,5105,富田 恕生,125期,福岡,静岡,27,B1,,0,0,0.18,4.31,22.8,36.8,6.4,50.0,70.0,0,75,25.4,37.2,0,42.1,63.1,11,2,2,2,0.2,6,,,,,,1,1,1,0.13,5,11,3,3,0.16,4,,,,,,,,,,,,,,,,,,,,,,,,,,,,,,,,,,,,,,,,,,,,,,,,,,,26,3105,内山 文典,52期,東京,東京,63,B1,,0,0,0.19,5.03,32.1,50.5,5.69,36.1,52.7,0,11,36.5,51.9,0,35.4,54.8,7,4,3,3,0.16,5,,,,,,1,2,2,0.1,2,7,6,6,0.16,転,,,,,,,,,,,,,,,,,,,,,,,,,,,,,,,,,,,,,,,,,,,,,,,,,,,67,5004,河野 主樹,121期,大阪,大阪,30,A2,,1,0,0.15,5.74,38.0,57.8,5.82,39.2,64.2,0,26,38.2,61.7,0,40.3,56.1,10,,,,,,11,4,4,0.11,3,1,3,3,0.12,1,10,2,2,0.09,1,,,,,,,,,,,,,,,,,,,,,,,,,,,,,,,,,,,,,,,,,,,,,,,,,,,16,5424,熊倉 幹太,137期,東京,東京,24,B2,,0,0,0.22,1.49,2.0,2.0,1.89,11.1,11.1,0,28,17.7,42.2,0,38.8,61.1,,,,,,,7,6,6,0.18,6,1,4,4,0.29,6,,,,,,,,,,,,,,,,,,,,,,,,,,,,,,,,,,,,,,,,,,,,,,,,,,,,,,,,14,3564,桑原 啓,70期,福岡,熊本,56,B1,,0,0,0.16,4.35,27.4,38.2,5.91,54.5,54.5,0,19,33.8,53.8,0,40.3,57.8,8,5,1,1,0.15,6,,,,,,1,5,5,0.17,4,8,3,4,0.22,3,,,,,,,,,,,,,,,,,,,,,,,,,,,,,,,,,,,,,,,,,,,,,,,,,,,34,3904,森 貴洋,80期,大阪,大阪,49,B1,,0,0,0.18,4.99,32.5,53.0,5.17,37.5,54.1,0,62,44.9,63.2,0,28.0,50.8,6,6,3,3,0.11,1,,,,,,1,6,6,0.18,3,6,4,4,0.25,5,,,,,,,,,,,,,,,,,,,,,,,,,,,,,,,,,,,,,,,,,,,,,,,,,,
202609150402,2026-09-15,04,02R,71,4422,永井 亮次,99期,大阪,大阪,38,B1,,0,0,0.18,4.35,22.7,37.9,3.8,13.3,20.0,0,45,21.0,36.8,0,40.0,58.3,7,,,,,,8,2,2,0.27,5,2,1,1,0.05,1,7,5,5,0.16,4,,,,,,,,,,,,,,,,,,,,,,,,,,,,,,,,,,,,,,,,,,,,,,,,,,,17,5031,渡辺 空依,122期,福岡,福岡,28,B1,,0,0,0.18,5.07,31.5,50.0,0.0,0.0,0.0,0,71,29.4,42.6,0,40.6,54.2,,3,6,6,0.15,4,11,3,3,0.11,2,2,2,2,0.04,2,,,,,,,,,,,,,,,,,,,,,,,,,,,,,,,,,,,,,,,,,,,,,,,,,,,,,,,,31,3800,牧 宏次,77期,東京,神奈川,52,A2,,0,0,0.16,5.69,35.1,54.9,5.7,38.6,61.3,0,31,29.8,43.8,0,20.6,36.5,10,,,,,,9,2,2,0.25,4,2,3,3,0.07,転,10,5,5,0.18,6,,,,,,,,,,,,,,,,,,,,,,,,,,,,,,,,,,,,,,,,,,,,,,,,,,,37,3857,阿波 勝哉,79期,東京,東京,53,B1,,0,0,0.21,4.88,29.0,46.2,4.87,27.8,49.1,0,51,34.7,47.8,0,20.5,32.3,12,5,3,3,0.07,4,,,,,,2,4,4,0.11,3,12,6,5,0.06,6,,,,,,,,,,,,,,,,,,,,,,,,,,,,,,,,,,,,,,,,,,,,,,,,,,,11,3439,大平 誉史明,65期,大阪,大阪,57,A1,,0,0,0.16,5.88,42.3,60.3,5.83,40.0,57.5,0,54,22.4,34.4,0,27.4,48.3,9,4,6,6,0.19,4,12,2,2,0.22,5,2,5,5,0.12,5,9,3,3,0.16,6,,,,,,,,,,,,,,,,,,,,,,,,,,,,,,,,,,,,,,,,,,,,,,,,,,,64,4367,山口 修路,97期,福岡,福岡,40,B1,,0,0,0.23,4.45,18.4,45.6,4.8,20.0,48.0,0,17,28.5,40.0,0,22.8,34.2,,1,2,2,0.15,5,6,4,4,0.12,5,2,6,6,0.2,4,,,,,,,,,,,,,,,,,,,,,,,,,,,,,,,,,,,,,,,,,,,,,,,,,,,,,,,
202609150403,2026-09-15,04,03R,,4104,木下 陽介,88期,欠場,,,B1,,0,0,,,,,,,,,,,,,,,,6,5,5,0.06,6,,,,,,3,,1,,欠,8,,2,,欠,,,,,,,,,,,,,,,,,,,,,,,,,,,,,,,,,,,,,,,,,,,,,,,,,,,28,3107,平岡 重典,52期,大阪,大阪,62,B1,,0,0,0.18,3.84,14.0,26.0,4.16,12.0,32.0,0,44,17.8,33.9,0,29.0,56.4,,3,1,1,0.17,6,9,3,3,0.28,5,3,1,2,0.25,5,,,,,,,,,,,,,,,,,,,,,,,,,,,,,,,,,,,,,,,,,,,,,,,,,,,,,,,,62,4288,永田 啓二,94期,福岡,福岡,41,A1,,0,0,0.12,7.6,64.6,79.6,7.5,63.3,80.0,0,58,47.5,65.5,0,30.4,60.8,12,,,,,,11,1,1,0.17,1,3,2,3,0.11,1,12,4,4,0.04,5,,,,,,,,,,,,,,,,,,,,,,,,,,,,,,,,,,,,,,,,,,,,,,,,,,,66,5393,藤原 駿,136期,大阪,奈良,25,B2,,1,0,0.23,1.41,0.0,1.3,0.0,0.0,0.0,0,23,50.0,71.8,0,23.0,32.3,,1,6,6,0.19,6,,,,,,3,4,4,0.25,4,,,,,,,,,,,,,,,,,,,,,,,,,,,,,,,,,,,,,,,,,,,,,,,,,,,,,,,,75,4421,森作 広大,99期,東京,茨城,38,B1,,0,0,0.19,3.35,10.0,25.0,4.12,18.6,35.5,0,49,22.0,40.6,0,39.6,56.9,10,4,1,1,0.11,1,,,,,,3,3,5,0.14,3,10,6,6,0.24,5,,,,,,,,,,,,,,,,,,,,,,,,,,,,,,,,,,,,,,,,,,,,,,,,,,,73,4180,上野 秀和,90期,福岡,福岡,43,A2,,0,0,0.17,5.28,31.6,50.8,4.38,8.3,33.3,0,21,46.8,68.7,0,29.7,48.9,9,,,,,,7,1,1,0.21,1,3,5,6,0.15,2,9,4,4,0.14,3,,,,,,,,,,,,,,,,,,,,,,,,,,,,,,,,,,,,,,,,,,,,,,,,,,
202609150404,2026-09-15,04,04R,27,5209,小野 京平,129期,福岡,大分,28,B1,,0,0,0.21,3.73,13.5,33.7,2.58,0.0,16.6,0,22,14.7,29.5,0,15.2,30.5,8,,,,,,8,6,6,0.27,4,4,1,1,0.14,5,8,4,5,0.19,5,,,,,,,,,,,,,,,,,,,,,,,,,,,,,,,,,,,,,,,,,,,,,,,,,,,74,4200,早川 尚人,91期,大阪,大阪,44,B1,,0,0,0.19,4.27,17.0,37.5,4.28,27.7,33.3,0,56,19.6,34.4,0,31.0,56.9,9,3,4,4,0.1,5,,,,,,4,2,2,0.08,3,9,6,6,0.24,4,,,,,,,,,,,,,,,,,,,,,,,,,,,,,,,,,,,,,,,,,,,,,,,,,,,65,4880,澤崎 雄哉,116期,東京,東京,31,B1,,0,0,0.17,5.36,32.6,57.1,6.05,47.3,63.1,0,63,30.4,44.9,0,26.4,41.5,,2,1,1,0.19,5,11,5,5,0.11,5,4,3,3,0.07,1,,,,,,,,,,,,,,,,,,,,,,,,,,,,,,,,,,,,,,,,,,,,,,,,,,,,,,,,35,4082,濱崎 誠,87期,大阪,大阪,47,B1,,1,0,0.18,5.94,42.8,64.2,6.8,60.0,70.0,0,72,23.3,40.0,0,42.2,52.1,11,,,,,,7,5,5,0.18,5,4,4,4,0.16,6,11,2,2,0.13,3,,,,,,,,,,,,,,,,,,,,,,,,,,,,,,,,,,,,,,,,,,,,,,,,,,,68,3876,中辻 崇人,79期,福岡,福岡,49,A1,,0,0,0.15,6.63,48.5,66.1,6.57,42.8,85.7,0,20,25.8,46.5,0,36.3,50.9,10,5,6,6,0.11,2,12,3,3,0.13,1,4,5,5,0.09,2,10,1,1,0.14,2,,,,,,,,,,,,,,,,,,,,,,,,,,,,,,,,,,,,,,,,,,,,,,,,,,,18,3385,渡邉 睦広,63期,東京,神奈川,57,A2,,0,0,0.16,5.39,37.8,51.4,5.98,46.8,59.3,0,57,23.6,49.0,0,30.1,43.4,12,,,,,,10,4,4,0.08,3,4,6,6,0.13,4,12,2,2,0.05,3,,,,,,,,,,,,,,,,,,,,,,,,,,,,,,,,,,,,,,,,,,,,,,,,,,
202609150405,2026-09-15,04,05R,23,4697,國弘 翔平,110期,福岡,福岡,40,B1,,0,0,0.17,4.39,22.6,42.2,4.36,13.6,40.9,0,70,16.6,23.3,0,37.1,58.0,,1,5,5,0.2,4,9,4,4,0.23,3,5,1,1,0.06,4,,,,,,,,,,,,,,,,,,,,,,,,,,,,,,,,,,,,,,,,,,,,,,,,,,,,,,,,30,4769,馬場 剛,112期,東京,東京,34,A1,,0,0,0.12,6.82,52.0,66.0,6.03,46.4,60.5,0,65,28.9,43.4,0,39.6,60.3,11,3,5,5,0.09,3,12,4,4,0.13,3,5,2,2,0.05,1,11,1,1,0.08,1,,,,,,,,,,,,,,,,,,,,,,,,,,,,,,,,,,,,,,,,,,,,,,,,,,,72,4976,金山 立樹,120期,東京,神奈川,32,B1,,0,0,0.2,4.81,27.4,49.0,5.9,41.9,58.0,0,47,25.3,35.8,0,37.7,60.3,9,5,2,2,0.08,3,,,,,,5,3,3,0.11,5,9,5,5,0.18,5,,,,,,,,,,,,,,,,,,,,,,,,,,,,,,,,,,,,,,,,,,,,,,,,,,,10,3963,原田 秀弥,82期,大阪,奈良,47,A2,,0,0,0.17,5.79,36.6,60.7,5.4,33.3,53.3,0,32,28.7,42.4,0,35.8,50.7,12,,,,,,8,3,3,0.18,6,5,4,4,0.17,2,12,5,6,0.22,4,,,,,,,,,,,,,,,,,,,,,,,,,,,,,,,,,,,,,,,,,,,,,,,,,,,69,3432,宮迫 暢彦,65期,大阪,大阪,58,B1,,1,0,0.18,3.84,14.8,35.1,5.43,38.1,52.3,0,39,17.2,34.4,0,39.2,49.0,,1,1,1,0.14,1,7,2,2,0.17,2,5,5,5,0.3,6,,,,,,,,,,,,,,,,,,,,,,,,,,,,,,,,,,,,,,,,,,,,,,,,,,,,,,,,25,4272,大場 広孝,94期,福岡,福岡,44,B1,,0,0,0.17,4.86,28.9,44.8,4.95,26.3,47.3,0,15,34.4,51.7,0,51.6,61.2,,4,2,2,0.16,2,10,3,3,0.14,6,5,6,6,0.19,3,,,,,,,,,,,,,,,,,,,,,,,,,,,,,,,,,,,,,,,,,,,,,,,,,,,,,,,
202609150406,2026-09-15,04,06R,12,3771,折下 寛法,76期,東京,東京,52,B1,,0,0,0.15,5.18,27.0,50.0,4.37,20.0,36.6,0,41,42.0,56.0,0,24.2,42.4,,3,2,2,0.08,1,8,4,4,0.17,1,6,1,1,0.12,1,,,,,,,,,,,,,,,,,,,,,,,,,,,,,,,,,,,,,,,,,,,,,,,,,,,,,,,,19,5104,山田 丈,125期,福岡,福岡,28,A2,,0,0,0.16,5.88,39.6,54.7,7.64,63.6,81.8,0,74,36.5,53.9,0,29.0,48.3,11,,,,,,9,1,1,0.24,1,6,2,2,0.13,2,11,4,5,0.17,2,,,,,,,,,,,,,,,,,,,,,,,,,,,,,,,,,,,,,,,,,,,,,,,,,,,59,3313,本吉 正樹,61期,東京,東京,61,B1,,0,0,0.18,4.12,19.3,32.2,4.28,25.0,40.6,0,24,35.4,47.9,0,23.2,32.1,,1,4,4,0.14,3,10,6,6,0.13,4,6,3,3,0.2,6,,,,,,,,,,,,,,,,,,,,,,,,,,,,,,,,,,,,,,,,,,,,,,,,,,,,,,,,34,3904,森 貴洋,80期,大阪,大阪,49,B1,,0,0,0.18,4.99,32.5,53.0,5.17,37.5,54.1,0,62,44.9,63.2,0,28.0,50.8,1,6,3,3,0.11,1,,,,,,1,6,6,0.18,3,6,4,4,0.25,5,,,,,,,,,,,,,,,,,,,,,,,,,,,,,,,,,,,,,,,,,,,,,,,,,,,13,4659,木下 翔太,108期,大阪,大阪,35,A1,,0,0,0.15,7.55,55.6,74.4,7.22,48.1,74.0,0,33,34.3,50.0,0,33.3,42.2,12,2,3,3,0.15,1,12,6,6,0.16,2,6,5,5,0.22,4,12,1,1,0.13,1,,,,,,,,,,,,,,,,,,,,,,,,,,,,,,,,,,,,,,,,,,,,,,,,,,,38,5237,永松 良教,130期,福岡,福岡,26,B2,,0,0,0.16,5.02,26.9,49.2,3.0,14.2,21.4,0,48,30.8,45.5,0,47.3,50.8,,4,5,5,0.17,3,,,,,,6,6,6,0.19,3,,,,,,,,,,,,,,,,,,,,,,,,,,,,,,,,,,,,,,,,,,,,,,,,,,,,,,,
202609150407,2026-09-15,04,07R,29,3915,繁野谷 圭介,81期,大阪,大阪,52,A2,,0,0,0.19,6.28,45.5,65.1,5.33,39.5,48.8,0,66,30.7,49.2,0,27.4,45.1,,5,5,5,0.12,1,11,2,2,0.17,6,,,,,,7,1,1,0.21,1,,,,,,,,,,,,,,,,,,,,,,,,,,,,,,,,,,,,,,,,,,,,,,,,,,,36,5022,伊藤 尚汰,122期,福岡,福岡,31,B1,,0,0,0.18,4.27,28.4,37.5,4.3,16.2,39.5,0,67,16.1,33.8,0,29.0,54.5,12,,,,,,7,4,4,0.16,4,7,2,2,0.19,3,12,3,3,0.06,2,,,,,,,,,,,,,,,,,,,,,,,,,,,,,,,,,,,,,,,,,,,,,,,,,,,40,4932,新開 航,118期,福岡,福岡,30,A1,,0,0,0.15,7.58,53.9,70.4,7.38,53.3,71.1,0,35,28.5,44.4,0,25.0,41.0,,6,6,6,0.11,2,12,5,5,0.17,4,,,,,,7,3,3,0.18,2,,,,,,,,,,,,,,,,,,,,,,,,,,,,,,,,,,,,,,,,,,,,,,,,,,,21,4863,三浦 裕貴,116期,東京,北海道,37,B1,,1,0,0.16,4.05,16.4,35.4,4.02,19.2,34.6,0,52,29.2,43.0,0,27.7,44.4,,2,5,5,0.15,3,9,6,6,0.25,6,,,,,,7,4,4,0.18,転,,,,,,,,,,,,,,,,,,,,,,,,,,,,,,,,,,,,,,,,,,,,,,,,,,,71,4422,永井 亮次,99期,大阪,大阪,38,B1,,0,0,0.18,4.35,22.7,37.9,3.8,13.3,20.0,0,45,21.0,36.8,0,40.0,58.3,2,,,,,,8,2,2,0.27,5,2,1,1,0.05,1,7,5,5,0.16,4,,,,,,,,,,,,,,,,,,,,,,,,,,,,,,,,,,,,,,,,,,,,,,,,,,,26,3105,内山 文典,52期,東京,東京,63,B1,,0,0,0.19,5.03,32.1,50.5,5.69,36.1,52.7,0,11,36.5,51.9,0,35.4,54.8,1,4,3,3,0.16,5,,,,,,1,2,2,0.1,2,7,6,6,0.16,転,,,,,,,,,,,,,,,,,,,,,,,,,,,,,,,,,,,,,,,,,,,,,,,,,,
202609150408,2026-09-15,04,08R,24,4508,野間 大樹,102期,大阪,大阪,37,A2,,1,0,0.18,4.89,26.9,47.6,5.57,57.1,57.1,0,14,39.6,54.7,0,44.4,61.9,,4,4,4,0.18,6,9,5,5,0.24,2,,,,,,8,1,1,0.26,4,,,,,,,,,,,,,,,,,,,,,,,,,,,,,,,,,,,,,,,,,,,,,,,,,,,,4104,木下 陽介,88期,欠場,,,B1,,0,0,,,,,,,,,,,,,,,,6,5,5,0.06,6,,,,,,3,,1,,欠,8,,2,,欠,,,,,,,,,,,,,,,,,,,,,,,,,,,,,,,,,,,,,,,,,,,,,,,,,,,32,3951,石川 吉鎬,82期,大阪,奈良,50,B1,,1,0,0.2,4.93,24.5,43.1,6.29,47.0,70.5,0,59,24.5,43.8,0,38.0,52.1,,2,6,6,0.23,4,10,5,5,0.11,1,,,,,,8,2,3,0.29,2,,,,,,,,,,,,,,,,,,,,,,,,,,,,,,,,,,,,,,,,,,,,,,,,,,,14,3564,桑原 啓,70期,福岡,熊本,56,B1,,0,0,0.16,4.35,27.4,38.2,5.91,54.5,54.5,0,19,33.8,53.8,0,40.3,57.8,1,5,1,1,0.15,6,,,,,,1,5,5,0.17,4,8,3,4,0.22,3,,,,,,,,,,,,,,,,,,,,,,,,,,,,,,,,,,,,,,,,,,,,,,,,,,,27,5209,小野 京平,129期,福岡,大分,28,B1,,0,0,0.21,3.73,13.5,33.7,2.58,0.0,16.6,0,22,14.7,29.5,0,15.2,30.5,4,,,,,,8,6,6,0.27,4,4,1,1,0.14,5,8,4,5,0.19,5,,,,,,,,,,,,,,,,,,,,,,,,,,,,,,,,,,,,,,,,,,,,,,,,,,,60,4610,佐藤 大佑,106期,東京,千葉,36,A1,,1,0,0.15,5.92,42.4,53.7,5.56,31.2,43.7,0,69,31.1,55.7,0,41.3,58.6,,7,3,3,0.17,3,12,1,1,0.34,6,,,,,,8,5,6,0.14,1,,,,,,,,,,,,,,,,,,,,,,,,,,,,,,,,,,,,,,,,,,,,,,,,,,
202609150409,2026-09-15,04,09R,63,4053,芦澤 望,86期,東京,千葉,48,A2,,1,0,0.16,5.21,32.9,54.8,5.49,38.3,55.3,0,55,20.9,41.9,0,36.2,48.2,,6,2,2,0.09,3,11,6,6,0.15,4,,,,,,9,1,1,0.12,2,,,,,,,,,,,,,,,,,,,,,,,,,,,,,,,,,,,,,,,,,,,,,,,,,,,33,5081,篠原 飛翔,124期,福岡,福岡,27,A2,,0,0,0.17,5.57,40.4,53.1,0.0,0.0,0.0,0,30,46.2,65.6,0,37.6,47.8,,2,4,4,0.15,2,8,5,5,0.2,3,,,,,,9,2,2,0.16,1,,,,,,,,,,,,,,,,,,,,,,,,,,,,,,,,,,,,,,,,,,,,,,,,,,,11,3439,大平 誉史明,65期,大阪,大阪,57,A1,,0,0,0.16,5.88,42.3,60.3,5.83,40.0,57.5,0,54,22.4,34.4,0,27.4,48.3,2,4,6,6,0.19,4,12,2,2,0.22,5,2,5,5,0.12,5,9,3,3,0.16,6,,,,,,,,,,,,,,,,,,,,,,,,,,,,,,,,,,,,,,,,,,,,,,,,,,,73,4180,上野 秀和,90期,福岡,福岡,43,A2,,0,0,0.17,5.28,31.6,50.8,4.38,8.3,33.3,0,21,46.8,68.7,0,29.7,48.9,3,,,,,,7,1,1,0.21,1,3,5,6,0.15,2,9,4,4,0.14,3,,,,,,,,,,,,,,,,,,,,,,,,,,,,,,,,,,,,,,,,,,,,,,,,,,,72,4976,金山 立樹,120期,東京,神奈川,32,B1,,0,0,0.2,4.81,27.4,49.0,5.9,41.9,58.0,0,47,25.3,35.8,0,37.7,60.3,5,5,2,2,0.08,3,,,,,,5,3,3,0.11,5,9,5,5,0.18,5,,,,,,,,,,,,,,,,,,,,,,,,,,,,,,,,,,,,,,,,,,,,,,,,,,,74,4200,早川 尚人,91期,大阪,大阪,44,B1,,0,0,0.19,4.27,17.0,37.5,4.28,27.7,33.3,0,56,19.6,34.4,0,31.0,56.9,4,3,4,4,0.1,5,,,,,,4,2,2,0.08,3,9,6,6,0.24,4,,,,,,,,,,,,,,,,,,,,,,,,,,,,,,,,,,,,,,,,,,,,,,,,,,
202609150410,2026-09-15,04,10R,68,3876,中辻 崇人,79期,福岡,福岡,49,A1,,0,0,0.15,6.63,48.5,66.1,6.57,42.8,85.7,0,20,25.8,46.5,0,36.3,50.9,4,5,6,6,0.11,2,12,3,3,0.13,1,4,5,5,0.09,2,10,1,1,0.14,2,,,,,,,,,,,,,,,,,,,,,,,,,,,,,,,,,,,,,,,,,,,,,,,,,,,67,5004,河野 主樹,121期,大阪,大阪,30,A2,,1,0,0.15,5.74,38.0,57.8,5.82,39.2,64.2,0,26,38.2,61.7,0,40.3,56.1,1,,,,,,11,4,4,0.11,3,1,3,3,0.12,1,10,2,2,0.09,1,,,,,,,,,,,,,,,,,,,,,,,,,,,,,,,,,,,,,,,,,,,,,,,,,,,20,4651,佐藤 大騎,108期,大阪,大阪,41,B1,,0,0,0.18,3.6,10.3,25.9,4.4,24.0,36.0,0,73,30.0,48.3,0,35.3,53.8,,6,1,1,0.02,3,,,,,,,,,,,10,3,3,0.07,4,,,,,,,,,,,,,,,,,,,,,,,,,,,,,,,,,,,,,,,,,,,,,,,,,,,22,3747,國崎 良春,75期,福岡,福岡,51,A2,,0,0,0.16,5.72,37.2,60.4,5.54,41.6,54.1,0,36,35.8,58.4,0,30.0,46.6,,3,3,3,0.12,2,10,2,2,0.13,5,,,,,,10,4,4,0.21,3,,,,,,,,,,,,,,,,,,,,,,,,,,,,,,,,,,,,,,,,,,,,,,,,,,,31,3800,牧 宏次,77期,東京,神奈川,52,A2,,0,0,0.16,5.69,35.1,54.9,5.7,38.6,61.3,0,31,29.8,43.8,0,20.6,36.5,2,,,,,,9,2,2,0.25,4,2,3,3,0.07,転,10,5,5,0.18,6,,,,,,,,,,,,,,,,,,,,,,,,,,,,,,,,,,,,,,,,,,,,,,,,,,,75,4421,森作 広大,99期,東京,茨城,38,B1,,0,0,0.19,3.35,10.0,25.0,4.12,18.6,35.5,0,49,22.0,40.6,0,39.6,56.9,3,4,1,1,0.11,1,,,,,,3,3,5,0.14,3,10,6,6,0.24,5,,,,,,,,,,,,,,,,,,,,,,,,,,,,,,,,,,,,,,,,,,,,,,,,,,
202609150411,2026-09-15,04,11R,30,4769,馬場 剛,112期,東京,東京,34,A1,,0,0,0.12,6.82,52.0,66.0,6.03,46.4,60.5,0,65,28.9,43.4,0,39.6,60.3,5,3,5,5,0.09,3,12,4,4,0.13,3,5,2,2,0.05,1,11,1,1,0.08,1,,,,,,,,,,,,,,,,,,,,,,,,,,,,,,,,,,,,,,,,,,,,,,,,,,,35,4082,濱崎 誠,87期,大阪,大阪,47,B1,,1,0,0.18,5.94,42.8,64.2,6.8,60.0,70.0,0,72,23.3,40.0,0,42.2,52.1,4,,,,,,7,5,5,0.18,5,4,4,4,0.16,6,11,2,2,0.13,3,,,,,,,,,,,,,,,,,,,,,,,,,,,,,,,,,,,,,,,,,,,,,,,,,,,70,5105,富田 恕生,125期,福岡,静岡,27,B1,,0,0,0.18,4.31,22.8,36.8,6.4,50.0,70.0,0,75,25.4,37.2,0,42.1,63.1,1,2,2,2,0.2,6,,,,,,1,1,1,0.13,5,11,3,3,0.16,4,,,,,,,,,,,,,,,,,,,,,,,,,,,,,,,,,,,,,,,,,,,,,,,,,,,15,5023,久永 祥平,122期,東京,神奈川,31,A2,,1,0,0.16,5.78,36.6,58.4,5.1,26.5,55.1,0,53,30.3,51.7,0,17.2,37.9,,1,3,3,0.14,2,8,1,1,0.32,2,,,,,,11,5,4,0.2,6,,,,,,,,,,,,,,,,,,,,,,,,,,,,,,,,,,,,,,,,,,,,,,,,,,,19,5104,山田 丈,125期,福岡,福岡,28,A2,,0,0,0.16,5.88,39.6,54.7,7.64,63.6,81.8,0,74,36.5,53.9,0,29.0,48.3,6,,,,,,9,1,1,0.24,1,6,2,2,0.13,2,11,4,5,0.17,2,,,,,,,,,,,,,,,,,,,,,,,,,,,,,,,,,,,,,,,,,,,,,,,,,,,61,4377,濱本 優一,98期,大阪,大阪,42,A1,,0,0,0.15,5.35,34.5,53.9,5.45,41.3,58.6,0,46,43.7,66.6,0,30.3,46.4,,5,4,4,0.08,5,10,1,1,0.09,2,,,,,,11,6,6,0.21,5,,,,,,,,,,,,,,,,,,,,,,,,,,,,,,,,,,,,,,,,,,,,,,,,,,
202609150412,2026-09-15,04,12R,13,4659,木下 翔太,108期,大阪,大阪,35,A1,,0,0,0.15,7.55,55.6,74.4,7.22,48.1,74.0,0,33,34.3,50.0,0,33.3,42.2,6,2,3,3,0.15,1,12,6,6,0.16,2,6,5,5,0.22,4,12,1,1,0.13,1,,,,,,,,,,,,,,,,,,,,,,,,,,,,,,,,,,,,,,,,,,,,,,,,,,,18,3385,渡邉 睦広,63期,東京,神奈川,57,A2,,0,0,0.16,5.39,37.8,51.4,5.98,46.8,59.3,0,57,23.6,49.0,0,30.1,43.4,4,,,,,,10,4,4,0.08,3,4,6,6,0.13,4,12,2,2,0.05,3,,,,,,,,,,,,,,,,,,,,,,,,,,,,,,,,,,,,,,,,,,,,,,,,,,,36,5022,伊藤 尚汰,122期,福岡,福岡,31,B1,,0,0,0.18,4.27,28.4,37.5,4.3,16.2,39.5,0,67,16.1,33.8,0,29.0,54.5,7,,,,,,7,4,4,0.16,4,7,2,2,0.19,3,12,3,3,0.06,2,,,,,,,,,,,,,,,,,,,,,,,,,,,,,,,,,,,,,,,,,,,,,,,,,,,62,4288,永田 啓二,94期,福岡,福岡,41,A1,,0,0,0.12,7.6,64.6,79.6,7.5,63.3,80.0,0,58,47.5,65.5,0,30.4,60.8,3,,,,,,11,1,1,0.17,1,3,2,3,0.11,1,12,4,4,0.04,5,,,,,,,,,,,,,,,,,,,,,,,,,,,,,,,,,,,,,,,,,,,,,,,,,,,37,3857,阿波 勝哉,79期,東京,東京,53,B1,,0,0,0.21,4.88,29.0,46.2,4.87,27.8,49.1,0,51,34.7,47.8,0,20.5,32.3,2,5,3,3,0.07,4,,,,,,2,4,4,0.11,3,12,6,5,0.06,6,,,,,,,,,,,,,,,,,,,,,,,,,,,,,,,,,,,,,,,,,,,,,,,,,,,10,3963,原田 秀弥,82期,大阪,奈良,47,A2,,0,0,0.17,5.79,36.6,60.7,5.4,33.3,53.3,0,32,28.7,42.4,0,35.8,50.7,5,,,,,,8,3,3,0.18,6,5,4,4,0.17,2,12,5,6,0.22,4,,,,,,,,,,,,,,,,,,,,,,,,,,,,,,,,,,,,,,,,,,,,,,,,,,
202609150601,2026-09-15,06,01R,62,3796,長野 道臣,77期,静岡,静岡,53,B1,,0,0,0.17,4.15,23.9,33.3,5.11,34.2,46.6,0,51,27.3,44.3,0,38.1,53.5,8,4,6,4,0.02,3,,,,,,1,1,1,0.07,1,11,5,5,0.19,4,4,4,4,0.13,3,8,2,2,0.2,6,3,6,6,0.15,6,7,3,3,0.14,3,1,1,1,0.21,1,8,5,5,0.15,5,,,,,,,,,,,,,,,,,,,,,35,3306,武田 正紀,60期,埼玉,東京,58,B1,,0,0,0.16,4.03,20.2,32.9,4.33,11.1,40.7,0,31,30.4,43.9,0,36.7,50.9,6,1,5,5,0.21,3,6,1,1,0.15,6,1,4,4,0.23,4,8,2,2,0.34,6,,,,,,7,3,3,0.23,5,,,,,,8,6,6,0.18,5,1,2,2,0.17,5,6,6,4,0.26,5,,,,,,,,,,,,,,,,,,,,,22,3286,坂東 満,59期,静岡,静岡,58,B2,,0,0,0.17,3.44,19.3,26.3,5.67,35.9,56.4,0,52,36.4,57.0,0,36.4,51.8,5,5,3,3,0.16,5,,,,,,4,5,4,0.24,6,9,2,2,0.2,6,1,1,1,0.26,1,7,5,4,0.28,6,,,,,,7,5,5,0.12,5,1,3,3,0.15,2,5,2,2,0.28,6,,,,,,,,,,,,,,,,,,,,,30,3714,梶原 正,74期,福岡,福岡,51,B1,,0,0,0.16,4.28,26.8,36.5,4.3,20.0,50.0,0,6,34.2,53.3,0,39.0,53.9,9,2,6,6,0.09,4,7,2,2,0.07,3,3,1,1,0.08,2,8,3,3,0.17,3,,,,,,8,6,5,0.17,5,2,2,2,0.1,6,9,4,5,0.25,6,1,4,4,0.17,4,9,3,3,0.14,4,,,,,,,,,,,,,,,,,,,,,64,4345,西舘 健,96期,東京,神奈川,41,A2,,1,0,0.15,5.11,35.7,47.9,4.85,30.7,46.1,0,10,34.0,47.8,0,31.6,48.8,8,,,,,,7,1,1,0.15,6,5,4,3,0.14,5,10,4,4,0.09,6,3,3,2,0.22,6,10,6,6,0.09,2,,,,,,8,4,4,0.16,3,1,5,5,0.12,3,8,1,1,0.17,2,,,,,,,,,,,,,,,,,,,,,41,5463,出口 飛龍,138期,大阪,和歌山,19,B2,,0,0,0.0,1.2,0.0,0.0,0.0,0.0,0.0,0,63,44.6,62.1,0,31.9,52.3,7,,,,,,7,6,6,0.2,4,1,6,6,0.27,6,6,6,5,0.15,6,1,6,6,0.26,6,6,6,5,0.2,4,4,6,6,0.15,6,,,,,,1,6,6,0.09,6,7,6,5,0.18,6,,,,,,,,,,,,,,,,,,,,
202609150602,2026-09-15,06,02R,66,4068,幸田 智裕,86期,静岡,静岡,46,B1,,0,0,0.17,4.74,22.1,46.1,5.07,29.9,47.6,0,48,42.9,57.0,0,35.3,54.2,10,1,1,1,0.13,1,8,5,5,0.09,3,4,2,2,0.22,4,12,3,3,0.11,3,,,,,,9,4,4,0.12,4,1,6,6,0.09,3,11,5,5,0.11,6,2,1,1,0.17,1,10,4,4,0.13,4,,,,,,,,,,,,,,,,,,,,,19,5369,岡崎 凪汰,135期,長崎,大分,24,B1,,0,0,0.17,3.24,14.4,20.4,0.0,0.0,0.0,0,62,43.4,54.5,0,34.2,51.6,6,1,3,3,0.23,4,7,5,4,0.12,5,5,6,2,0.18,6,,,,,,2,6,5,0.4,転,6,5,4,0.16,6,2,1,1,0.05,1,,,,,,2,2,2,0.25,転,6,3,3,0.07,4,,,,,,,,,,,,,,,,,,,,,13,3906,飯山 晃三,80期,長崎,長崎,48,B1,,1,0,0.21,3.64,20.0,30.5,3.56,25.0,25.0,0,23,36.3,55.4,0,31.9,49.5,7,4,3,3,0.11,5,10,6,5,0.27,6,6,2,2,0.19,5,,,,,,1,2,2,0.25,3,9,5,5,0.16,5,3,1,1,0.11,2,,,,,,2,3,3,0.16,2,7,4,4,0.16,5,,,,,,,,,,,,,,,,,,,,,69,3627,井上 恵一,72期,福岡,福岡,57,A2,,1,0,0.18,4.54,30.5,41.1,5.74,40.0,60.0,0,4,30.8,48.9,0,34.3,51.1,11,5,4,4,0.13,4,11,2,2,0.2,2,,,,,,9,1,1,0.27,2,2,3,3,0.19,3,11,3,6,0.23,6,8,1,1,0.23,2,12,4,6,0.26,6,2,4,4,0.16,4,11,5,5,0.24,5,,,,,,,,,,,,,,,,,,,,,14,3811,石田 章央,77期,静岡,静岡,50,A1,賞除,1,0,0.16,6.15,47.6,61.9,6.12,44.9,63.0,0,20,43.2,63.9,0,35.7,54.1,7,4,1,1,0.04,F,12,3,3,0.25,4,,,,,,7,5,6,0.14,2,,,,,,7,4,6,0.18,1,,,,,,9,5,6,0.3,3,2,5,5,0.15,5,7,5,6,0.15,4,,,,,,,,,,,,,,,,,,,,,32,4022,待鳥 雄紀,84期,福岡,福岡,46,B1,,0,0,0.16,4.7,25.2,41.7,3.79,16.6,25.0,0,59,32.6,50.5,0,38.1,59.0,8,,,,,,8,2,2,0.04,5,4,3,3,0.19,2,8,5,5,0.09,2,6,1,1,0.18,5,10,4,4,0.16,3,1,4,4,0.12,5,9,3,3,0.22,2,2,6,6,0.13,3,8,2,2,0.16,1,,,,,,,,,,,,,,,,,,,,
202609150603,2026-09-15,06,03R,72,4899,占部 一真,117期,福岡,福岡,34,B1,,0,0,0.16,4.29,26.8,35.3,5.0,37.5,43.7,0,65,21.6,40.5,0,34.0,51.3,9,1,2,2,0.18,5,9,4,4,0.05,1,4,4,6,0.25,5,,,,,,3,1,1,0.37,5,11,6,5,0.06,4,6,4,4,0.02,,,,,,,3,1,1,0.08,1,9,4,5,0.3,6,,,,,,,,,,,,,,,,,,,,,23,3777,樋口 亮,76期,長崎,長崎,51,A2,,2,0,0.17,5.1,31.0,46.0,7.18,58.8,76.4,0,32,36.4,52.5,0,33.6,50.0,8,3,3,3,0.21,4,11,6,5,0.26,5,,,,,,9,6,6,0.29,5,1,5,4,0.26,2,8,1,1,0.1,3,5,2,2,0.19,3,,,,,,3,2,2,0.15,5,8,4,4,0.16,3,,,,,,,,,,,,,,,,,,,,,57,3939,渡辺 真至,81期,愛知,愛知,48,B2,,1,0,0.14,5.07,31.9,45.8,6.03,40.6,68.7,0,54,32.6,48.9,0,33.4,46.0,7,2,4,4,0.11,2,,,,,,3,5,5,0.18,5,7,3,3,0.19,3,1,3,3,0.22,5,5,2,2,0.2,2,2,4,4,0.29,4,8,2,2,0.23,4,3,3,3,0.16,6,7,2,2,0.15,2,,,,,,,,,,,,,,,,,,,,,25,4684,楠原 翔太,109期,福岡,福岡,35,B1,,0,0,0.17,5.42,33.6,51.8,3.61,16.6,22.2,0,22,42.9,62.6,0,36.9,53.2,10,6,6,6,0.07,4,,,,,,1,2,2,0.13,2,10,5,5,0.06,5,2,1,1,0.12,1,9,3,3,0.12,3,3,2,2,0.15,3,12,6,5,0.13,4,3,4,4,0.12,4,10,2,2,0.14,3,,,,,,,,,,,,,,,,,,,,,63,3392,小森 信雄,64期,三重,三重,61,B1,賞除,0,0,0.21,4.39,18.7,40.6,4.54,26.9,42.3,0,7,36.1,49.0,0,36.0,55.4,,1,6,6,0.2,6,11,3,3,0.22,4,3,2,2,0.19,6,,,,,,4,5,5,0.21,5,10,3,3,0.22,5,1,1,1,0.14,4,,,,,,3,5,5,0.2,3,,,,,,,,,,,,,,,,,,,,,,,,,,43,4967,中村 魁生,119期,大阪,大阪,28,A1,賞除,2,0,0.15,6.35,42.7,70.0,6.72,46.8,75.0,0,44,36.4,53.2,0,30.1,48.7,,6,2,2,0.08,1,12,6,6,0.12,2,5,2,5,0.14,3,9,3,3,0.21,1,8,4,4,0.08,4,12,1,1,0.12,1,6,6,6,0.01,F,11,1,1,0.11,5,3,6,6,0.17,2,,,,,,,,,,,,,,,,,,,,,,,,,
202609150604,2026-09-15,06,04R,48,4588,田中 京介,105期,福岡,福岡,35,A2,,0,0,0.15,5.48,39.1,56.6,5.96,45.8,58.3,0,29,28.8,46.3,0,35.9,50.6,11,,,,,,10,3,3,0.1,2,5,5,4,0.17,2,11,6,6,0.19,6,7,6,5,0.15,2,11,1,1,0.11,3,2,6,6,0.16,3,7,2,2,0.15,2,4,1,1,0.08,1,11,6,6,0.18,6,,,,,,,,,,,,,,,,,,,,,71,4811,向井田 佑紀,114期,広島,広島,37,B1,,0,0,0.16,5.02,28.1,49.5,4.73,20.4,47.7,0,45,43.1,58.8,0,34.7,52.9,9,2,3,3,0.02,6,9,5,5,0.1,5,2,4,4,0.12,6,,,,,,1,4,5,0.25,4,10,2,2,0.16,6,5,1,1,0.05,1,,,,,,4,2,2,0.14,2,9,5,6,0.09,2,,,,,,,,,,,,,,,,,,,,,76,4336,松田 竜馬,96期,福岡,鹿児島,42,B1,,0,0,0.15,5.08,31.4,49.4,5.09,30.3,48.4,0,13,40.6,65.2,0,34.8,49.3,11,3,1,1,0.11,1,,,,,,3,4,4,0.15,3,9,5,5,0.21,4,3,6,6,0.08,4,12,3,3,0.08,2,4,2,2,0.03,2,10,4,4,0.16,4,4,3,3,0.1,3,11,2,2,0.19,4,,,,,,,,,,,,,,,,,,,,,40,5349,宮崎 奏磨,134期,静岡,静岡,22,B2,,1,0,0.19,1.28,0.0,1.3,1.45,1.5,3.0,0,28,26.5,39.7,0,26.8,44.0,8,,,,,,,,,,,,,,,,,,,,,,,,,,,,,,,1,2,2,0.21,6,8,5,5,0.21,6,4,4,4,0.18,6,8,3,3,0.18,6,,,,,,,,,,,,,,,,,,,,,18,5353,草川 壮良,134期,滋賀,滋賀,22,B1,,1,0,0.17,3.31,13.4,23.0,0.0,0.0,0.0,0,26,41.3,60.3,0,35.0,52.0,9,5,5,5,0.11,3,10,2,2,0.32,5,1,3,3,0.18,3,7,1,1,0.21,1,4,6,6,0.22,4,,,,,,5,3,3,0.05,6,9,6,4,0.29,5,4,5,5,0.14,4,9,6,4,0.13,5,,,,,,,,,,,,,,,,,,,,,15,3516,吉原 聖人,68期,広島,広島,58,B1,賞除,1,0,0.19,4.74,33.3,42.5,4.44,22.2,44.4,0,1,41.5,60.1,0,35.1,52.2,,3,5,5,0.1,5,8,3,3,0.03,2,5,3,6,0.15,4,,,,,,3,5,4,0.12,3,7,1,1,0.17,4,1,5,5,0.1,2,6,2,2,0.09,F,4,6,6,0.14,5,,,,,,,,,,,,,,,,,,,,,,,,,
202609150605,2026-09-15,06,05R,56,4358,松本 庸平,97期,三重,三重,42,B1,,0,0,0.22,4.26,25.8,39.3,4.16,18.7,43.7,0,53,31.0,42.0,0,36.2,51.3,10,4,5,5,0.09,2,9,3,3,0.21,2,6,1,1,0.17,2,,,,,,2,5,6,0.3,5,12,4,4,0.12,6,4,3,3,0.13,3,9,2,2,0.29,4,5,1,1,0.16,1,10,6,6,0.27,6,,,,,,,,,,,,,,,,,,,,,22,3286,坂東 満,59期,静岡,静岡,58,B2,,0,0,0.17,3.44,19.3,26.3,5.67,35.9,56.4,0,52,36.4,57.0,0,36.4,51.8,1,5,3,3,0.16,5,,,,,,4,5,4,0.24,6,9,2,2,0.2,6,1,1,1,0.26,1,7,5,4,0.28,6,,,,,,7,5,5,0.12,5,1,3,3,0.15,2,5,2,2,0.28,6,,,,,,,,,,,,,,,,,,,,,21,4876,梅木 敬太,116期,福井,福井,32,B1,,0,0,0.17,4.96,30.1,48.1,0.0,0.0,0.0,0,41,28.5,44.0,0,40.3,55.1,9,4,2,2,0.07,4,8,6,6,0.14,6,1,5,5,0.21,5,9,4,4,0.21,3,5,1,1,0.16,1,,,,,,1,3,3,0.14,1,7,4,4,0.15,6,5,3,3,0.14,2,9,2,2,0.16,3,,,,,,,,,,,,,,,,,,,,,58,4654,篠田 優也,108期,兵庫,兵庫,40,A1,,0,0,0.17,6.49,45.1,72.0,7.18,60.7,71.4,0,19,33.6,48.6,0,38.6,55.1,10,,,,,,11,1,1,0.18,1,2,6,6,0.11,3,12,4,4,0.12,6,6,2,2,0.18,2,11,4,3,0.03,2,5,5,5,0.08,4,11,3,3,0.12,4,5,4,4,0.12,3,10,1,1,0.13,1,,,,,,,,,,,,,,,,,,,,,29,3842,星野 太郎,78期,三重,三重,50,B1,,0,0,0.19,5.13,33.7,51.9,5.64,30.5,58.3,0,61,43.1,64.6,0,35.2,50.8,9,5,1,1,0.14,2,,,,,,4,6,5,0.31,3,10,3,3,0.07,4,5,6,6,0.16,6,11,2,2,0.27,5,4,4,4,0.14,5,8,3,3,0.18,1,5,5,5,0.17,5,9,1,1,0.11,1,,,,,,,,,,,,,,,,,,,,,17,4369,丹下 将,97期,愛知,愛知,40,A2,賞除,1,0,0.16,5.64,38.4,56.4,5.9,44.8,55.1,0,16,32.3,48.5,0,35.4,54.3,,3,4,4,0.15,3,9,2,2,0.16,6,2,3,3,0.04,1,10,1,1,0.02,1,5,5,5,0.16,3,12,6,6,0.17,5,6,1,1,0.11,F,10,5,5,0.14,3,5,6,6,0.24,4,,,,,,,,,,,,,,,,,,,,,,,,,
202609150606,2026-09-15,06,06R,50,4431,石塚 裕介,100期,三重,三重,40,B1,,0,0,0.18,4.68,29.8,41.5,6.16,47.3,63.1,0,15,27.5,47.5,0,33.9,52.0,11,2,1,1,0.03,1,,,,,,2,5,5,0.23,5,11,2,2,0.1,2,3,4,3,0.12,2,8,5,6,0.11,2,5,4,4,0.1,5,12,2,2,0.18,5,6,1,1,0.08,1,11,3,3,0.21,1,,,,,,,,,,,,,,,,,,,,,53,4381,田路 朋史,98期,兵庫,兵庫,41,A2,,0,0,0.17,5.69,41.1,52.2,6.73,50.0,77.2,0,17,39.6,54.9,0,33.6,50.6,10,2,5,5,0.05,3,8,1,1,0.08,1,6,4,4,0.12,3,10,6,6,0.09,3,6,3,3,0.09,1,,,,,,3,3,3,0.12,1,9,1,1,0.21,1,6,2,2,0.05,3,10,5,5,0.15,2,,,,,,,,,,,,,,,,,,,,,19,5369,岡崎 凪汰,135期,長崎,大分,24,B1,,0,0,0.17,3.24,14.4,20.4,0.0,0.0,0.0,0,62,43.4,54.5,0,34.2,51.6,2,1,3,3,0.23,4,7,5,4,0.12,5,5,6,2,0.18,6,,,,,,2,6,5,0.4,転,6,5,4,0.16,6,2,1,1,0.05,1,,,,,,2,2,2,0.25,転,6,3,3,0.07,4,,,,,,,,,,,,,,,,,,,,,35,3306,武田 正紀,60期,埼玉,東京,58,B1,,0,0,0.16,4.03,20.2,32.9,4.33,11.1,40.7,0,31,30.4,43.9,0,36.7,50.9,1,1,5,5,0.21,3,6,1,1,0.15,6,1,4,4,0.23,4,8,2,2,0.34,6,,,,,,7,3,3,0.23,5,,,,,,8,6,6,0.18,5,1,2,2,0.17,5,6,6,4,0.26,5,,,,,,,,,,,,,,,,,,,,,59,5066,鈴木 孝明,123期,埼玉,埼玉,28,A1,,0,0,0.17,6.8,54.7,71.7,4.12,18.1,36.3,0,55,50.4,65.7,0,31.0,46.5,10,5,6,6,0.08,1,12,2,2,0.27,6,8,4,4,0.07,1,12,1,1,0.08,1,5,3,3,0.14,4,10,5,5,0.11,4,4,1,1,0.08,1,10,2,2,0.12,5,6,4,5,0.28,2,10,3,3,0.18,5,,,,,,,,,,,,,,,,,,,,,24,4434,田中 辰彦,100期,広島,広島,40,A2,賞除,1,0,0.16,6.1,45.1,61.5,5.67,44.4,55.5,0,66,35.4,55.2,0,37.3,52.0,,6,3,3,0.1,2,11,5,6,0.23,3,7,2,2,0.19,4,11,1,1,0.14,1,5,4,4,0.12,5,,,,,,6,5,5,0.03,F,12,5,4,0.21,3,6,5,6,0.27,6,,,,,,,,,,,,,,,,,,,,,,,,,
202609150607,2026-09-15,06,07R,11,4066,東本 勝利,86期,三重,三重,46,A2,,0,0,0.18,6.15,41.9,63.8,6.06,41.6,61.1,0,40,31.7,43.9,0,29.2,46.4,11,6,5,5,0.13,3,10,1,1,0.11,1,7,6,4,0.14,5,12,2,2,0.12,2,,,,,,9,6,6,0.12,6,2,3,3,0.12,2,10,6,6,0.14,6,7,1,1,0.07,1,11,4,4,0.18,3,,,,,,,,,,,,,,,,,,,,,57,3939,渡辺 真至,81期,愛知,愛知,48,B2,,1,0,0.14,5.07,31.9,45.8,6.03,40.6,68.7,0,54,32.6,48.9,0,33.4,46.0,3,2,4,4,0.11,2,,,,,,3,5,5,0.18,5,7,3,3,0.19,3,1,3,3,0.22,5,5,2,2,0.2,2,2,4,4,0.29,4,8,2,2,0.23,4,3,3,3,0.16,6,7,2,2,0.15,2,,,,,,,,,,,,,,,,,,,,,65,4677,片橋 幸貴,109期,滋賀,京都,38,A1,,0,0,0.15,6.14,46.6,64.7,7.06,52.7,75.0,0,3,39.5,56.2,0,34.0,51.5,11,3,6,6,0.11,6,12,4,4,0.2,5,4,1,1,0.18,1,,,,,,7,2,2,0.19,3,12,5,5,0.11,3,3,4,4,0.11,4,11,6,6,0.14,3,7,3,3,0.11,3,11,1,1,0.21,2,,,,,,,,,,,,,,,,,,,,,13,3906,飯山 晃三,80期,長崎,長崎,48,B1,,1,0,0.21,3.64,20.0,30.5,3.56,25.0,25.0,0,23,36.3,55.4,0,31.9,49.5,2,4,3,3,0.11,5,10,6,5,0.27,6,6,2,2,0.19,5,,,,,,1,2,2,0.25,3,9,5,5,0.16,5,3,1,1,0.11,2,,,,,,2,3,3,0.16,2,7,4,4,0.16,5,,,,,,,,,,,,,,,,,,,,,41,5463,出口 飛龍,138期,大阪,和歌山,19,B2,,0,0,0.0,1.2,0.0,0.0,0.0,0.0,0.0,0,63,44.6,62.1,0,31.9,52.3,1,,,,,,7,6,6,0.2,4,1,6,6,0.27,6,6,6,5,0.15,6,1,6,6,0.26,6,6,6,5,0.2,4,4,6,6,0.15,6,,,,,,1,6,6,0.09,6,7,6,5,0.18,6,,,,,,,,,,,,,,,,,,,,,14,3811,石田 章央,77期,静岡,静岡,50,A1,賞除,1,0,0.16,6.15,47.6,61.9,6.12,44.9,63.0,0,20,43.2,63.9,0,35.7,54.1,2,4,1,1,0.04,F,12,3,3,0.25,4,,,,,,7,5,6,0.14,2,,,,,,7,4,6,0.18,1,,,,,,9,5,6,0.3,3,2,5,5,0.15,5,7,5,6,0.15,4,,,,,,,,,,,,,,,,,,,,
202609150608,2026-09-15,06,08R,64,4345,西舘 健,96期,東京,神奈川,41,A2,,1,0,0.15,5.11,35.7,47.9,4.85,30.7,46.1,0,10,34.0,47.8,0,31.6,48.8,1,,,,,,7,1,1,0.15,6,5,4,3,0.14,5,10,4,4,0.09,6,3,3,2,0.22,6,10,6,6,0.09,2,,,,,,8,4,4,0.16,3,1,5,5,0.12,3,8,1,1,0.17,2,,,,,,,,,,,,,,,,,,,,,32,4022,待鳥 雄紀,84期,福岡,福岡,46,B1,,0,0,0.16,4.7,25.2,41.7,3.79,16.6,25.0,0,59,32.6,50.5,0,38.1,59.0,2,,,,,,8,2,2,0.04,5,4,3,3,0.19,2,8,5,5,0.09,2,6,1,1,0.18,5,10,4,4,0.16,3,1,4,4,0.12,5,9,3,3,0.22,2,2,6,6,0.13,3,8,2,2,0.16,1,,,,,,,,,,,,,,,,,,,,,40,5349,宮崎 奏磨,134期,静岡,静岡,22,B2,,1,0,0.19,1.28,0.0,1.3,1.45,1.5,3.0,0,28,26.5,39.7,0,26.8,44.0,4,,,,,,,,,,,,,,,,,,,,,,,,,,,,,,,1,2,2,0.21,6,8,5,5,0.21,6,4,4,4,0.18,6,8,3,3,0.18,6,,,,,,,,,,,,,,,,,,,,,23,3777,樋口 亮,76期,長崎,長崎,51,A2,,2,0,0.17,5.1,31.0,46.0,7.18,58.8,76.4,0,32,36.4,52.5,0,33.6,50.0,3,3,3,3,0.21,4,11,6,5,0.26,5,,,,,,9,6,6,0.29,5,1,5,4,0.26,2,8,1,1,0.1,3,5,2,2,0.19,3,,,,,,3,2,2,0.15,5,8,4,4,0.16,3,,,,,,,,,,,,,,,,,,,,,62,3796,長野 道臣,77期,静岡,静岡,53,B1,,0,0,0.17,4.15,23.9,33.3,5.11,34.2,46.6,0,51,27.3,44.3,0,38.1,53.5,1,4,6,4,0.02,3,,,,,,1,1,1,0.07,1,11,5,5,0.19,4,4,4,4,0.13,3,8,2,2,0.2,6,3,6,6,0.15,6,7,3,3,0.14,3,1,1,1,0.21,1,8,5,5,0.15,5,,,,,,,,,,,,,,,,,,,,,46,4639,雑賀 勇貴,107期,大阪,大阪,35,B1,賞除,1,0,0.16,4.14,22.5,33.3,4.0,23.5,38.2,0,49,31.8,46.9,0,32.2,48.4,,4,4,6,0.06,1,11,4,4,0.22,6,2,1,1,0.01,2,7,4,5,0.17,6,4,2,2,0.16,6,,,,,,6,3,3,0.03,F,,,,,,,,,,,8,6,6,0.19,4,,,,,,,,,,,,,,,,,,,,
202609150609,2026-09-15,06,09R,29,3842,星野 太郎,78期,三重,三重,50,B1,,0,0,0.19,5.13,33.7,51.9,5.64,30.5,58.3,0,61,43.1,64.6,0,35.2,50.8,5,5,1,1,0.14,2,,,,,,4,6,5,0.31,3,10,3,3,0.07,4,5,6,6,0.16,6,11,2,2,0.27,5,4,4,4,0.14,5,8,3,3,0.18,1,5,5,5,0.17,5,9,1,1,0.11,1,,,,,,,,,,,,,,,,,,,,,21,4876,梅木 敬太,116期,福井,福井,32,B1,,0,0,0.17,4.96,30.1,48.1,0.0,0.0,0.0,0,41,28.5,44.0,0,40.3,55.1,5,4,2,2,0.07,4,8,6,6,0.14,6,1,5,5,0.21,5,9,4,4,0.21,3,5,1,1,0.16,1,,,,,,1,3,3,0.14,1,7,4,4,0.15,6,5,3,3,0.14,2,9,2,2,0.16,3,,,,,,,,,,,,,,,,,,,,,30,3714,梶原 正,74期,福岡,福岡,51,B1,,0,0,0.16,4.28,26.8,36.5,4.3,20.0,50.0,0,6,34.2,53.3,0,39.0,53.9,1,2,6,6,0.09,4,7,2,2,0.07,3,3,1,1,0.08,2,8,3,3,0.17,3,,,,,,8,6,5,0.17,5,2,2,2,0.1,6,9,4,5,0.25,6,1,4,4,0.17,4,9,3,3,0.14,4,,,,,,,,,,,,,,,,,,,,,18,5353,草川 壮良,134期,滋賀,滋賀,22,B1,,1,0,0.17,3.31,13.4,23.0,0.0,0.0,0.0,0,26,41.3,60.3,0,35.0,52.0,4,5,5,5,0.11,3,10,2,2,0.32,5,1,3,3,0.18,3,7,1,1,0.21,1,4,6,6,0.22,4,,,,,,5,3,3,0.05,6,9,6,4,0.29,5,4,5,5,0.14,4,9,6,4,0.13,5,,,,,,,,,,,,,,,,,,,,,72,4899,占部 一真,117期,福岡,福岡,34,B1,,0,0,0.16,4.29,26.8,35.3,5.0,37.5,43.7,0,65,21.6,40.5,0,34.0,51.3,3,1,2,2,0.18,5,9,4,4,0.05,1,4,4,6,0.25,5,,,,,,3,1,1,0.37,5,11,6,5,0.06,4,6,4,4,0.02,,,,,,,3,1,1,0.08,1,9,4,5,0.3,6,,,,,,,,,,,,,,,,,,,,,71,4811,向井田 佑紀,114期,広島,広島,37,B1,,0,0,0.16,5.02,28.1,49.5,4.73,20.4,47.7,0,45,43.1,58.8,0,34.7,52.9,4,2,3,3,0.02,6,9,5,5,0.1,5,2,4,4,0.12,6,,,,,,1,4,5,0.25,4,10,2,2,0.16,6,5,1,1,0.05,1,,,,,,4,2,2,0.14,2,9,5,6,0.09,2,,,,,,,,,,,,,,,,,,,,
202609150610,2026-09-15,06,10R,58,4654,篠田 優也,108期,兵庫,兵庫,40,A1,,0,0,0.17,6.49,45.1,72.0,7.18,60.7,71.4,0,19,33.6,48.6,0,38.6,55.1,5,,,,,,11,1,1,0.18,1,2,6,6,0.11,3,12,4,4,0.12,6,6,2,2,0.18,2,11,4,3,0.03,2,5,5,5,0.08,4,11,3,3,0.12,4,5,4,4,0.12,3,10,1,1,0.13,1,,,,,,,,,,,,,,,,,,,,,25,4684,楠原 翔太,109期,福岡,福岡,35,B1,,0,0,0.17,5.42,33.6,51.8,3.61,16.6,22.2,0,22,42.9,62.6,0,36.9,53.2,3,6,6,6,0.07,4,,,,,,1,2,2,0.13,2,10,5,5,0.06,5,2,1,1,0.12,1,9,3,3,0.12,3,3,2,2,0.15,3,12,6,5,0.13,4,3,4,4,0.12,4,10,2,2,0.14,3,,,,,,,,,,,,,,,,,,,,,59,5066,鈴木 孝明,123期,埼玉,埼玉,28,A1,,0,0,0.17,6.8,54.7,71.7,4.12,18.1,36.3,0,55,50.4,65.7,0,31.0,46.5,6,5,6,6,0.08,1,12,2,2,0.27,6,8,4,4,0.07,1,12,1,1,0.08,1,5,3,3,0.14,4,10,5,5,0.11,4,4,1,1,0.08,1,10,2,2,0.12,5,6,4,5,0.28,2,10,3,3,0.18,5,,,,,,,,,,,,,,,,,,,,,66,4068,幸田 智裕,86期,静岡,静岡,46,B1,,0,0,0.17,4.74,22.1,46.1,5.07,29.9,47.6,0,48,42.9,57.0,0,35.3,54.2,2,1,1,1,0.13,1,8,5,5,0.09,3,4,2,2,0.22,4,12,3,3,0.11,3,,,,,,9,4,4,0.12,4,1,6,6,0.09,3,11,5,5,0.11,6,2,1,1,0.17,1,10,4,4,0.13,4,,,,,,,,,,,,,,,,,,,,,53,4381,田路 朋史,98期,兵庫,兵庫,41,A2,,0,0,0.17,5.69,41.1,52.2,6.73,50.0,77.2,0,17,39.6,54.9,0,33.6,50.6,6,2,5,5,0.05,3,8,1,1,0.08,1,6,4,4,0.12,3,10,6,6,0.09,3,6,3,3,0.09,1,,,,,,3,3,3,0.12,1,9,1,1,0.21,1,6,2,2,0.05,3,10,5,5,0.15,2,,,,,,,,,,,,,,,,,,,,,56,4358,松本 庸平,97期,三重,三重,42,B1,,0,0,0.22,4.26,25.8,39.3,4.16,18.7,43.7,0,53,31.0,42.0,0,36.2,51.3,5,4,5,5,0.09,2,9,3,3,0.21,2,6,1,1,0.17,2,,,,,,2,5,6,0.3,5,12,4,4,0.12,6,4,3,3,0.13,3,9,2,2,0.29,4,5,1,1,0.16,1,10,6,6,0.27,6,,,,,,,,,,,,,,,,,,,,
202609150611,2026-09-15,06,11R,65,4677,片橋 幸貴,109期,滋賀,京都,38,A1,,0,0,0.15,6.14,46.6,64.7,7.06,52.7,75.0,0,3,39.5,56.2,0,34.0,51.5,7,3,6,6,0.11,6,12,4,4,0.2,5,4,1,1,0.18,1,,,,,,7,2,2,0.19,3,12,5,5,0.11,3,3,4,4,0.11,4,11,6,6,0.14,3,7,3,3,0.11,3,11,1,1,0.21,2,,,,,,,,,,,,,,,,,,,,,76,4336,松田 竜馬,96期,福岡,鹿児島,42,B1,,0,0,0.15,5.08,31.4,49.4,5.09,30.3,48.4,0,13,40.6,65.2,0,34.8,49.3,4,3,1,1,0.11,1,,,,,,3,4,4,0.15,3,9,5,5,0.21,4,3,6,6,0.08,4,12,3,3,0.08,2,4,2,2,0.03,2,10,4,4,0.16,4,4,3,3,0.1,3,11,2,2,0.19,4,,,,,,,,,,,,,,,,,,,,,50,4431,石塚 裕介,100期,三重,三重,40,B1,,0,0,0.18,4.68,29.8,41.5,6.16,47.3,63.1,0,15,27.5,47.5,0,33.9,52.0,6,2,1,1,0.03,1,,,,,,2,5,5,0.23,5,11,2,2,0.1,2,3,4,3,0.12,2,8,5,6,0.11,2,5,4,4,0.1,5,12,2,2,0.18,5,6,1,1,0.08,1,11,3,3,0.21,1,,,,,,,,,,,,,,,,,,,,,11,4066,東本 勝利,86期,三重,三重,46,A2,,0,0,0.18,6.15,41.9,63.8,6.06,41.6,61.1,0,40,31.7,43.9,0,29.2,46.4,7,6,5,5,0.13,3,10,1,1,0.11,1,7,6,4,0.14,5,12,2,2,0.12,2,,,,,,9,6,6,0.12,6,2,3,3,0.12,2,10,6,6,0.14,6,7,1,1,0.07,1,11,4,4,0.18,3,,,,,,,,,,,,,,,,,,,,,69,3627,井上 恵一,72期,福岡,福岡,57,A2,,1,0,0.18,4.54,30.5,41.1,5.74,40.0,60.0,0,4,30.8,48.9,0,34.3,51.1,2,5,4,4,0.13,4,11,2,2,0.2,2,,,,,,9,1,1,0.27,2,2,3,3,0.19,3,11,3,6,0.23,6,8,1,1,0.23,2,12,4,6,0.26,6,2,4,4,0.16,4,11,5,5,0.24,5,,,,,,,,,,,,,,,,,,,,,48,4588,田中 京介,105期,福岡,福岡,35,A2,,0,0,0.15,5.48,39.1,56.6,5.96,45.8,58.3,0,29,28.8,46.3,0,35.9,50.6,4,,,,,,10,3,3,0.1,2,5,5,4,0.17,2,11,6,6,0.19,6,7,6,5,0.15,2,11,1,1,0.11,3,2,6,6,0.16,3,7,2,2,0.15,2,4,1,1,0.08,1,11,6,6,0.18,6,,,,,,,,,,,,,,,,,,,,
202609150612,2026-09-15,06,12R,45,4269,杉山 裕也,93期,愛知,愛知,40,A2,,0,0,0.15,7.25,60.7,77.6,0.0,0.0,0.0,0,37,44.6,59.8,0,42.4,54.3,,,,,,,7,4,5,0.15,2,6,3,3,0.12,1,12,6,6,0.12,5,2,2,2,0.14,2,10,1,1,0.17,1,5,6,6,0.1,2,10,1,1,0.09,1,,,,,,12,1,1,0.11,2,,,,,,,,,,,,,,,,,,,,,70,5091,為本 智也,124期,福井,石川,25,B1,,0,0,0.17,6.05,45.4,63.6,6.13,43.7,68.7,0,11,39.8,57.2,0,31.1,51.6,,3,2,2,0.11,2,10,5,6,0.24,3,5,1,1,0.15,1,12,5,5,0.11,4,2,4,4,0.21,4,8,3,3,0.14,1,4,5,5,0.13,4,12,3,3,0.2,1,,,,,,12,2,2,0.13,3,,,,,,,,,,,,,,,,,,,,,51,3721,守田 俊介,74期,滋賀,京都,51,A1,,0,0,0.13,6.84,50.3,62.0,6.79,42.8,42.8,0,38,40.5,56.0,0,30.4,44.2,,8,4,4,0.01,4,12,1,1,0.21,3,6,5,6,0.1,4,11,3,3,0.11,5,3,2,5,0.19,1,9,2,2,0.13,2,7,1,1,0.16,1,11,4,4,0.1,1,,,,,,12,3,3,0.14,1,,,,,,,,,,,,,,,,,,,,,60,4798,浜先 真範,113期,広島,広島,33,A1,,0,0,0.13,6.64,46.2,66.1,6.24,47.6,66.6,0,5,45.0,68.4,0,31.2,46.6,,7,3,3,0.08,1,12,5,5,0.09,1,3,6,6,0.12,4,10,2,2,0.04,2,4,1,1,0.11,2,11,5,4,0.04,1,7,6,6,0.11,4,12,1,1,0.13,2,,,,,,12,5,4,0.18,4,,,,,,,,,,,,,,,,,,,,,33,4666,日笠 勝弘,109期,大阪,大阪,42,B1,,0,0,0.16,4.02,19.7,33.3,4.77,30.7,42.3,0,14,32.9,55.6,0,32.8,53.6,,1,4,4,0.16,2,,,,,,2,2,2,0.03,4,8,6,6,0.08,4,4,3,3,0.14,1,9,1,1,0.12,1,2,5,5,0.16,5,11,2,2,0.07,2,,,,,,12,4,5,0.08,6,,,,,,,,,,,,,,,,,,,,,44,4150,山田 雄太,89期,静岡,静岡,44,A2,,0,0,0.15,5.95,42.2,59.6,6.09,43.7,63.0,0,34,32.6,56.7,0,40.9,53.6,,,,,,,9,1,1,0.13,3,3,3,3,0.16,1,11,4,4,0.18,3,6,4,6,0.17,3,12,2,2,0.14,4,3,5,5,0.14,5,10,3,3,0.11,2,,,,,,12,6,6,0.15,5,,,,,,,,,,,,,,,,,,,,
202609150701,2026-09-15,07,01R,40,5308,藤森 拓海,132期,福岡,福岡,22,B1,,0,0,0.17,4.42,23.5,38.6,3.14,0.0,14.2,0,74,18.7,37.5,0,52.0,68.0,6,2,2,2,0.22,6,9,6,6,0.22,3,,,,,,9,3,3,0.17,転,1,1,1,0.41,6,6,5,5,0.1,6,,,,,,,,,,,,,,,,,,,,,,,,,,,,,,,,,,,,,,,,,69,5197,中野 仁照,128期,愛知,愛知,24,B2,,1,0,0.14,5.81,39.5,60.4,6.62,51.1,73.3,0,27,17.3,43.4,0,35.2,47.0,,1,3,4,0.12,3,,,,,,5,2,1,0.25,4,9,5,5,0.2,3,1,2,2,0.15,1,,,,,,,,,,,,,,,,,,,,,,,,,,,,,,,,,,,,,,,,,,,,,,74,5232,樅山 拓馬,130期,愛知,愛知,29,B1,,1,0,0.16,5.14,30.1,45.6,4.55,27.5,41.6,0,43,61.1,72.2,0,43.7,50.0,11,2,5,5,0.36,4,,,,,,2,1,1,0.21,1,7,2,2,0.07,6,1,3,3,0.14,3,11,4,4,0.08,5,,,,,,,,,,,,,,,,,,,,,,,,,,,,,,,,,,,,,,,,,61,5238,笹木 香吾,130期,山口,山口,26,A2,,1,0,0.15,6.1,48.3,58.0,3.22,11.1,22.2,0,26,20.0,32.0,0,35.2,70.5,8,7,3,3,0.15,5,11,6,6,0.21,5,,,,,,8,5,5,0.21,4,1,4,4,0.2,2,8,1,1,0.2,5,,,,,,,,,,,,,,,,,,,,,,,,,,,,,,,,,,,,,,,,,35,5364,金子 怜央,135期,群馬,群馬,26,B1,,1,0,0.17,2.12,3.2,9.6,1.83,0.0,8.7,0,28,33.3,58.3,0,66.6,85.1,,6,6,6,0.14,6,,,,,,4,4,4,0.17,6,8,6,6,0.19,6,1,5,5,0.15,5,,,,,,,,,,,,,,,,,,,,,,,,,,,,,,,,,,,,,,,,,,,,,,43,5288,尾道 佳諭,132期,埼玉,長崎,26,B1,,1,0,0.17,4.02,14.9,34.4,3.23,15.0,17.5,0,31,85.7,92.8,0,17.3,26.0,5,5,3,3,0.02,5,11,4,5,0.21,4,1,4,4,0.16,落,,,,,,1,6,6,0.18,4,5,2,2,0.02,5,,,,,,,,,,,,,,,,,,,,,,,,,,,,,,,,,,,,,,,,
202609150702,2026-09-15,07,02R,38,5240,高橋 龍治,130期,福岡,福岡,26,B1,,0,0,0.17,4.03,23.5,32.3,4.13,37.5,37.5,0,63,20.8,41.6,0,15.3,26.9,,1,2,2,0.08,5,8,6,6,0.21,6,6,4,4,0.14,4,,,,,,2,1,1,0.15,4,,,,,,,,,,,,,,,,,,,,,,,,,,,,,,,,,,,,,,,,,,,,,,54,5256,中山 翔太,130期,三重,三重,22,A1,,2,0,0.14,5.91,43.4,55.6,6.62,42.8,71.4,0,33,48.1,62.9,0,36.0,52.0,10,6,5,5,0.13,2,12,3,3,0.14,5,7,1,1,0.09,1,11,4,4,0.11,4,2,2,2,0.19,2,10,5,5,0.09,1,,,,,,,,,,,,,,,,,,,,,,,,,,,,,,,,,,,,,,,,,58,5166,仲道 大輔,127期,愛知,愛知,26,A2,,0,0,0.16,6.06,43.6,59.7,6.13,43.6,66.6,0,55,11.5,23.0,0,31.5,63.1,9,,,,,,9,4,4,0.16,2,1,5,5,0.25,3,11,2,2,0.19,6,2,3,3,0.2,3,9,1,1,0.21,3,,,,,,,,,,,,,,,,,,,,,,,,,,,,,,,,,,,,,,,,,64,5411,木下 虎之輔,136期,東京,神奈川,21,B2,,0,0,0.19,2.3,5.0,13.3,1.27,0.0,0.0,0,61,9.0,31.8,0,16.6,27.7,,3,5,5,0.09,6,7,6,6,0.08,4,5,6,4,0.03,2,,,,,,2,4,4,0.27,落,,,,,,,,,,,,,,,,,,,,,,,,,,,,,,,,,,,,,,,,,,,,,,51,5169,堀本 翔太,127期,愛知,愛知,25,B2,,0,0,0.19,3.48,8.9,21.4,3.5,13.8,30.5,0,23,25.0,50.0,0,35.0,40.0,6,1,1,1,0.08,1,6,2,2,0.21,5,,,,,,8,4,4,0.11,2,2,5,5,0.27,5,6,3,3,0.16,3,,,,,,,,,,,,,,,,,,,,,,,,,,,,,,,,,,,,,,,,,62,5332,村松 遥輝,133期,静岡,静岡,22,B1,,1,0,0.16,3.66,17.1,25.7,4.38,29.4,38.2,0,58,21.7,30.4,0,31.5,63.1,8,2,3,3,0.19,3,7,5,5,0.1,6,,,,,,10,2,2,0.22,3,2,6,6,0.16,1,8,4,4,0.24,4,,,,,,,,,,,,,,,,,,,,,,,,,,,,,,,,,,,,,,,,
202609150703,2026-09-15,07,03R,60,5301,岩下 巧斗,132期,群馬,群馬,23,B1,,0,0,0.15,5.29,34.3,47.9,3.65,13.0,21.7,0,35,37.5,62.5,0,12.5,18.7,12,3,4,4,0.12,5,10,3,6,0.07,2,4,2,2,0.04,1,,,,,,3,1,1,0.08,1,12,5,3,0.12,4,,,,,,,,,,,,,,,,,,,,,,,,,,,,,,,,,,,,,,,,,70,5134,大原 祥昌,126期,広島,広島,27,A2,,0,0,0.15,5.66,39.0,58.1,4.13,12.5,50.0,0,36,29.4,52.9,0,7.6,15.3,11,3,3,3,0.07,3,8,5,5,0.24,4,,,,,,7,4,4,0.09,2,3,2,2,0.01,エ,11,6,6,0.16,2,,,,,,,,,,,,,,,,,,,,,,,,,,,,,,,,,,,,,,,,,45,5417,小柳 勝希,136期,佐賀,佐賀,20,B1,,1,0,0.2,4.27,17.4,36.5,0.0,0.0,0.0,0,75,12.5,18.7,0,37.5,62.5,7,4,6,6,0.2,5,8,4,4,0.21,5,2,3,3,0.14,5,,,,,,3,3,3,0.03,転,7,,6,,欠,,,,,,,,,,,,,,,,,,,,,,,,,,,,,,,,,,,,,,,,,34,5178,成貞 琳平,128期,愛知,岡山,30,B1,,0,0,0.19,4.24,19.2,36.5,3.75,12.5,37.5,0,34,44.4,66.6,0,33.3,37.5,8,4,5,5,0.18,2,,,,,,3,1,1,0.09,1,11,3,3,0.12,5,3,4,4,0.01,3,8,2,2,0.17,1,,,,,,,,,,,,,,,,,,,,,,,,,,,,,,,,,,,,,,,,,72,5280,廣瀬 凜,131期,滋賀,京都,23,A1,,0,0,0.16,7.05,53.4,76.3,4.17,16.6,33.3,0,72,25.0,31.2,0,29.4,41.1,10,5,4,4,0.02,2,12,2,2,0.11,6,8,3,3,0.13,5,12,1,1,0.05,1,3,5,5,0.01,2,10,1,1,0.15,3,,,,,,,,,,,,,,,,,,,,,,,,,,,,,,,,,,,,,,,,,39,5175,島崎 丈一朗,127期,東京,東京,22,B1,,0,0,0.18,4.59,16.9,47.8,2.82,0.0,23.5,0,73,31.2,50.0,0,26.9,57.6,9,1,5,5,0.11,2,7,2,2,0.01,3,4,1,1,0.04,5,,,,,,3,6,6,0.05,4,9,4,3,0.27,5,,,,,,,,,,,,,,,,,,,,,,,,,,,,,,,,,,,,,,,,
202609150704,2026-09-15,07,04R,57,5207,高山 敬悟,129期,福岡,福岡,29,B1,,1,0,0.16,5.27,35.9,48.7,3.0,11.1,22.2,0,76,38.8,61.1,0,22.2,40.7,11,6,4,4,0.16,4,,,,,,1,3,3,0.17,2,10,6,6,0.21,2,4,1,1,0.25,5,11,5,5,0.13,4,,,,,,,,,,,,,,,,,,,,,,,,,,,,,,,,,,,,,,,,,36,5196,鰐部 太空海,128期,愛知,愛知,24,A1,,2,0,0.15,5.55,34.8,50.0,5.83,33.3,66.6,0,38,7.1,14.2,0,17.3,39.1,9,,,,,,9,5,5,0.28,6,6,1,1,0.21,6,10,4,4,0.31,6,4,2,2,0.21,4,9,5,4,0.27,6,,,,,,,,,,,,,,,,,,,,,,,,,,,,,,,,,,,,,,,,,71,5275,松田 淳平,131期,三重,三重,24,A1,,1,0,0.13,6.49,49.0,63.8,5.17,27.7,47.2,0,24,33.3,41.6,0,43.7,68.7,12,2,4,4,0.24,5,10,1,1,0.09,1,,,,,,9,6,6,0.13,2,4,3,3,0.12,1,12,2,2,0.07,1,,,,,,,,,,,,,,,,,,,,,,,,,,,,,,,,,,,,,,,,,48,5331,佐藤 永梧,133期,東京,神奈川,22,B1,,0,0,0.15,5.25,36.2,50.0,4.45,18.1,45.4,0,37,26.6,46.6,0,36.0,52.0,10,,,,,,8,3,3,0.21,3,1,2,2,0.15,1,7,5,5,0.11,5,4,4,4,0.38,6,10,6,6,0.09,5,,,,,,,,,,,,,,,,,,,,,,,,,,,,,,,,,,,,,,,,,47,5385,鈴木 柊介,135期,静岡,静岡,21,B1,,0,0,0.14,2.56,5.8,17.6,1.82,0.0,9.0,0,29,24.0,56.0,0,4.5,18.1,,,,,,,9,3,3,0.19,5,3,6,6,0.17,6,9,2,2,0.17,5,4,5,5,0.22,3,,,,,,,,,,,,,,,,,,,,,,,,,,,,,,,,,,,,,,,,,,,,,,63,5239,上野 俊樹,130期,福岡,熊本,26,B1,,0,0,0.17,5.91,37.6,65.2,5.59,20.5,64.7,0,32,48.0,56.0,0,41.1,64.7,,3,1,1,0.07,2,,,,,,4,3,3,0.03,2,12,2,2,0.1,3,4,6,6,0.25,2,,,,,,,,,,,,,,,,,,,,,,,,,,,,,,,,,,,,,,,,,,,,,
202609150705,2026-09-15,07,05R,49,5128,坪井 爽佑,126期,三重,三重,29,B1,,0,0,0.18,3.93,15.7,34.2,3.88,23.0,30.7,0,71,20.0,26.6,0,42.8,52.3,,1,4,3,0.09,6,9,2,2,0.19,4,5,4,6,0.09,5,,,,,,5,1,1,0.09,2,,,,,,,,,,,,,,,,,,,,,,,,,,,,,,,,,,,,,,,,,,,,,,43,5288,尾道 佳諭,132期,埼玉,長崎,26,B1,,1,0,0.17,4.02,14.9,34.4,3.23,15.0,17.5,0,31,85.7,92.8,0,17.3,26.0,1,5,3,3,0.02,5,11,4,5,0.21,4,1,4,4,0.16,落,,,,,,1,6,6,0.18,4,5,2,2,0.02,5,,,,,,,,,,,,,,,,,,,,,,,,,,,,,,,,,,,,,,,,,50,5068,前田 滉,123期,愛知,愛知,26,A1,,0,0,0.14,7.94,68.0,83.5,7.62,65.6,77.7,0,45,12.5,18.7,0,52.0,68.0,11,8,2,2,0.19,2,12,1,1,0.15,1,4,5,5,0.11,3,9,4,4,0.16,4,5,3,3,0.03,1,11,1,1,0.12,1,,,,,,,,,,,,,,,,,,,,,,,,,,,,,,,,,,,,,,,,,53,5279,石渡 翔一郎,131期,東京,千葉,23,B1,,0,0,0.16,5.84,40.3,61.4,0.0,0.0,0.0,0,25,50.0,62.5,0,42.3,61.5,9,2,1,1,0.14,1,,,,,,3,2,2,0.09,4,12,6,5,0.07,5,5,4,4,0.02,6,9,3,6,0.33,1,,,,,,,,,,,,,,,,,,,,,,,,,,,,,,,,,,,,,,,,,46,5252,荒木 颯斗,130期,愛知,愛知,23,A2,,0,0,0.14,5.97,41.5,58.4,4.86,27.2,52.2,0,41,47.0,47.0,0,4.3,17.3,10,,,,,,10,4,3,0.04,3,3,4,4,0.05,3,8,1,1,0.07,1,5,5,5,0.03,3,10,2,2,0.15,4,,,,,,,,,,,,,,,,,,,,,,,,,,,,,,,,,,,,,,,,,30,5243,三馬 崇史,130期,広島,広島,26,B1,,0,0,0.17,6.03,47.3,64.5,5.63,36.8,57.8,0,40,38.8,61.1,0,20.0,30.0,12,5,1,1,0.1,1,,,,,,2,2,2,0.16,2,10,3,3,0.25,5,5,6,6,0.15,4,12,6,5,0.15,5,,,,,,,,,,,,,,,,,,,,,,,,,,,,,,,,,,,,,,,,
202609150706,2026-09-15,07,06R,75,5303,土井 歩夢,132期,福岡,福岡,23,A2,,0,0,0.19,5.88,36.7,60.5,4.0,12.5,37.5,0,69,7.1,28.5,0,31.2,50.0,10,,,,,,7,4,4,0.11,2,6,2,2,0.13,1,11,5,5,0.06,2,6,1,1,0.09,1,10,3,3,0.08,2,,,,,,,,,,,,,,,,,,,,,,,,,,,,,,,,,,,,,,,,,59,5269,山口 晃朋,131期,静岡,静岡,25,A2,,0,0,0.16,6.32,49.0,60.0,5.17,36.6,50.0,0,30,45.8,66.6,0,27.7,44.4,12,4,4,4,0.11,1,11,3,3,0.14,2,,,,,,9,1,1,0.18,1,6,2,2,0.08,2,12,3,6,0.09,6,,,,,,,,,,,,,,,,,,,,,,,,,,,,,,,,,,,,,,,,,51,5169,堀本 翔太,127期,愛知,愛知,25,B2,,0,0,0.19,3.48,8.9,21.4,3.5,13.8,30.5,0,23,25.0,50.0,0,35.0,40.0,2,1,1,1,0.08,1,6,2,2,0.21,5,,,,,,8,4,4,0.11,2,2,5,5,0.27,5,6,3,3,0.16,3,,,,,,,,,,,,,,,,,,,,,,,,,,,,,,,,,,,,,,,,,52,5221,竹間 隆晟,129期,大阪,大阪,25,A1,,0,0,0.15,6.74,50.9,68.1,6.33,48.1,62.9,0,67,48.1,51.8,0,18.1,36.3,11,7,1,1,0.05,1,12,5,5,0.19,3,2,4,4,0.18,3,12,3,3,0.09,2,6,4,4,0.1,4,11,2,2,0.12,3,,,,,,,,,,,,,,,,,,,,,,,,,,,,,,,,,,,,,,,,,40,5308,藤森 拓海,132期,福岡,福岡,22,B1,,0,0,0.17,4.42,23.5,38.6,3.14,0.0,14.2,0,74,18.7,37.5,0,52.0,68.0,1,2,2,2,0.22,6,9,6,6,0.22,3,,,,,,9,3,3,0.17,転,1,1,1,0.41,6,6,5,5,0.1,6,,,,,,,,,,,,,,,,,,,,,,,,,,,,,,,,,,,,,,,,,33,5432,安藤 瑠希,137期,静岡,静岡,21,B1,,0,0,0.17,3.01,8.3,17.8,3.83,0.0,50.0,0,68,50.0,61.1,0,25.0,35.0,,5,6,6,0.05,6,10,6,4,0.17,6,6,5,5,0.13,5,,,,,,6,6,6,0.04,5,,,,,,,,,,,,,,,,,,,,,,,,,,,,,,,,,,,,,,,,,,,,,
202609150707,2026-09-15,07,07R,31,5222,津田 陸翔,129期,広島,広島,25,A1,,1,0,0.17,6.27,47.5,65.0,5.0,25.0,50.0,0,39,52.9,76.4,0,26.9,46.1,12,4,2,2,0.2,3,12,6,6,0.2,4,3,3,3,0.08,2,10,1,1,0.24,1,7,1,1,0.14,3,12,4,4,0.06,3,,,,,,,,,,,,,,,,,,,,,,,,,,,,,,,,,,,,,,,,,73,5266,石田 勇斗,131期,愛知,愛知,26,B1,,1,0,0.15,4.26,22.2,39.5,3.39,13.0,17.3,0,56,37.0,51.8,0,31.2,43.7,,5,5,5,0.02,4,,,,,,1,1,1,0.09,4,5,5,3,0.04,3,,,,,,7,2,2,0.19,4,,,,,,,,,,,,,,,,,,,,,,,,,,,,,,,,,,,,,,,,,67,5246,楠 将太郎,130期,埼玉,埼玉,24,A2,,0,0,0.17,4.79,32.1,45.2,6.82,50.0,72.7,0,54,29.6,55.5,0,23.5,64.7,,,,,,,8,1,1,0.12,1,4,6,6,0.24,4,10,5,5,0.18,4,,,,,,7,3,3,0.11,2,,,,,,,,,,,,,,,,,,,,,,,,,,,,,,,,,,,,,,,,,37,5145,島川 海輝,126期,山口,山口,23,A2,,0,0,0.16,6.18,48.8,64.4,0.0,0.0,0.0,0,60,50.0,57.6,0,57.6,73.0,11,6,1,1,0.19,1,10,2,5,0.11,4,5,1,2,0.29,6,,,,,,7,4,4,0.05,1,11,3,3,0.22,6,,,,,,,,,,,,,,,,,,,,,,,,,,,,,,,,,,,,,,,,,68,5337,出畑 孝成,133期,福岡,福岡,20,B1,,0,0,0.2,4.36,21.3,38.2,5.13,33.3,46.6,0,19,25.9,40.7,0,27.7,66.6,,2,6,6,0.23,2,11,5,4,0.15,3,2,6,5,0.15,6,11,6,6,0.1,3,,,,,,7,5,5,0.16,転,,,,,,,,,,,,,,,,,,,,,,,,,,,,,,,,,,,,,,,,,,5417,小柳 勝希,136期,欠場,,,B1,,0,0,,,,,,,,,,,,,,,,4,6,6,0.2,5,8,4,4,0.21,5,2,3,3,0.14,5,,,,,,3,3,3,0.03,転,7,,6,,欠,,,,,,,,,,,,,,,,,,,,,,,,,,,,,,,,,,,,,,,,
202609150708,2026-09-15,07,08R,61,5238,笹木 香吾,130期,山口,山口,26,A2,,1,0,0.15,6.1,48.3,58.0,3.22,11.1,22.2,0,26,20.0,32.0,0,35.2,70.5,1,7,3,3,0.15,5,11,6,6,0.21,5,,,,,,8,5,5,0.21,4,1,4,4,0.2,2,8,1,1,0.2,5,,,,,,,,,,,,,,,,,,,,,,,,,,,,,,,,,,,,,,,,,34,5178,成貞 琳平,128期,愛知,岡山,30,B1,,0,0,0.19,4.24,19.2,36.5,3.75,12.5,37.5,0,34,44.4,66.6,0,33.3,37.5,3,4,5,5,0.18,2,,,,,,3,1,1,0.09,1,11,3,3,0.12,5,3,4,4,0.01,3,8,2,2,0.17,1,,,,,,,,,,,,,,,,,,,,,,,,,,,,,,,,,,,,,,,,,66,5234,塚越 海斗,130期,群馬,群馬,28,A1,,0,0,0.15,6.57,53.5,67.7,0.0,0.0,0.0,0,66,53.8,69.2,0,61.1,66.6,12,3,2,2,0.08,1,12,4,4,0.13,2,5,3,5,0.12,1,11,1,1,0.14,1,8,3,3,0.16,2,12,1,1,0.07,2,,,,,,,,,,,,,,,,,,,,,,,,,,,,,,,,,,,,,,,,,62,5332,村松 遥輝,133期,静岡,静岡,22,B1,,1,0,0.16,3.66,17.1,25.7,4.38,29.4,38.2,0,58,21.7,30.4,0,31.5,63.1,2,2,3,3,0.19,3,7,5,5,0.1,6,,,,,,10,2,2,0.22,3,2,6,6,0.16,1,8,4,4,0.24,4,,,,,,,,,,,,,,,,,,,,,,,,,,,,,,,,,,,,,,,,,55,5330,安河内鈴之介,133期,福岡,福岡,22,A2,,0,0,0.15,6.85,55.4,73.1,7.17,61.1,66.6,0,65,20.8,45.8,0,69.2,80.7,,5,2,2,0.05,3,9,1,1,0.13,1,7,3,3,0.03,3,12,4,6,0.26,6,,,,,,8,5,5,0.19,3,,,,,,,,,,,,,,,,,,,,,,,,,,,,,,,,,,,,,,,,,32,5434,藤田 康生,137期,静岡,静岡,21,B1,,1,0,0.16,3.32,10.8,28.2,1.17,0.0,0.0,0,70,41.1,64.7,0,15.3,30.7,,1,6,6,0.15,4,,,,,,3,5,5,0.12,5,7,6,6,0.17,4,,,,,,8,6,6,0.23,6,,,,,,,,,,,,,,,,,,,,,,,,,,,,,,,,,,,,,,,,
202609150709,2026-09-15,07,09R,58,5166,仲道 大輔,127期,愛知,愛知,26,A2,,0,0,0.16,6.06,43.6,59.7,6.13,43.6,66.6,0,55,11.5,23.0,0,31.5,63.1,2,,,,,,9,4,4,0.16,2,1,5,5,0.25,3,11,2,2,0.19,6,2,3,3,0.2,3,9,1,1,0.21,3,,,,,,,,,,,,,,,,,,,,,,,,,,,,,,,,,,,,,,,,,76,5255,藤原 仙二,130期,滋賀,滋賀,22,A1,,1,0,0.18,6.64,48.1,70.0,6.69,46.8,62.5,0,57,13.0,17.3,0,25.0,37.5,,6,3,3,0.18,3,11,1,1,0.19,1,6,6,6,0.18,3,12,5,4,0.09,4,,,,,,9,2,2,0.29,2,,,,,,,,,,,,,,,,,,,,,,,,,,,,,,,,,,,,,,,,,39,5175,島崎 丈一朗,127期,東京,東京,22,B1,,0,0,0.18,4.59,16.9,47.8,2.82,0.0,23.5,0,73,31.2,50.0,0,26.9,57.6,3,1,5,5,0.11,2,7,2,2,0.01,3,4,1,1,0.04,5,,,,,,3,6,6,0.05,4,9,4,3,0.27,5,,,,,,,,,,,,,,,,,,,,,,,,,,,,,,,,,,,,,,,,,36,5196,鰐部 太空海,128期,愛知,愛知,24,A1,,2,0,0.15,5.55,34.8,50.0,5.83,33.3,66.6,0,38,7.1,14.2,0,17.3,39.1,4,,,,,,9,5,5,0.28,6,6,1,1,0.21,6,10,4,4,0.31,6,4,2,2,0.21,4,9,5,4,0.27,6,,,,,,,,,,,,,,,,,,,,,,,,,,,,,,,,,,,,,,,,,65,5325,澁川 夏,133期,大阪,大阪,23,B1,賞除,1,0,0.17,5.87,43.8,60.2,4.06,29.4,29.4,0,64,42.3,61.5,0,0.0,7.1,,4,1,1,0.22,4,,,,,,2,5,6,0.16,4,8,2,2,0.18,3,,,,,,9,6,5,0.24,4,,,,,,,,,,,,,,,,,,,,,,,,,,,,,,,,,,,,,,,,,53,5279,石渡 翔一郎,131期,東京,千葉,23,B1,,0,0,0.16,5.84,40.3,61.4,0.0,0.0,0.0,0,25,50.0,62.5,0,42.3,61.5,5,2,1,1,0.14,1,,,,,,3,2,2,0.09,4,12,6,5,0.07,5,5,4,4,0.02,6,9,3,6,0.33,1,,,,,,,,,,,,,,,,,,,,,,,,,,,,,,,,,,,,,,,,
202609150710,2026-09-15,07,10R,72,5280,廣瀬 凜,131期,滋賀,京都,23,A1,,0,0,0.16,7.05,53.4,76.3,4.17,16.6,33.3,0,72,25.0,31.2,0,29.4,41.1,3,5,4,4,0.02,2,12,2,2,0.11,6,8,3,3,0.13,5,12,1,1,0.05,1,3,5,5,0.01,2,10,1,1,0.15,3,,,,,,,,,,,,,,,,,,,,,,,,,,,,,,,,,,,,,,,,,46,5252,荒木 颯斗,130期,愛知,愛知,23,A2,,0,0,0.14,5.97,41.5,58.4,4.86,27.2,52.2,0,41,47.0,47.0,0,4.3,17.3,5,,,,,,10,4,3,0.04,3,3,4,4,0.05,3,8,1,1,0.07,1,5,5,5,0.03,3,10,2,2,0.15,4,,,,,,,,,,,,,,,,,,,,,,,,,,,,,,,,,,,,,,,,,75,5303,土井 歩夢,132期,福岡,福岡,23,A2,,0,0,0.19,5.88,36.7,60.5,4.0,12.5,37.5,0,69,7.1,28.5,0,31.2,50.0,6,,,,,,7,4,4,0.11,2,6,2,2,0.13,1,11,5,5,0.06,2,6,1,1,0.09,1,10,3,3,0.08,2,,,,,,,,,,,,,,,,,,,,,,,,,,,,,,,,,,,,,,,,,41,5214,田中 宏典,129期,佐賀,福岡,27,B1,,0,0,0.18,4.8,30.9,44.3,2.56,0.0,11.1,0,62,44.0,52.0,0,17.2,34.4,,3,6,6,0.09,4,11,2,2,0.17,6,6,3,3,0.13,2,,,,,,,,,,,10,4,4,0.07,6,,,,,,,,,,,,,,,,,,,,,,,,,,,,,,,,,,,,,,,,,54,5256,中山 翔太,130期,三重,三重,22,A1,,2,0,0.14,5.91,43.4,55.6,6.62,42.8,71.4,0,33,48.1,62.9,0,36.0,52.0,2,6,5,5,0.13,2,12,3,3,0.14,5,7,1,1,0.09,1,11,4,4,0.11,4,2,2,2,0.19,2,10,5,5,0.09,1,,,,,,,,,,,,,,,,,,,,,,,,,,,,,,,,,,,,,,,,,48,5331,佐藤 永梧,133期,東京,神奈川,22,B1,,0,0,0.15,5.25,36.2,50.0,4.45,18.1,45.4,0,37,26.6,46.6,0,36.0,52.0,4,,,,,,8,3,3,0.21,3,1,2,2,0.15,1,7,5,5,0.11,5,4,4,4,0.38,6,10,6,6,0.09,5,,,,,,,,,,,,,,,,,,,,,,,,,,,,,,,,,,,,,,,,
202609150711,2026-09-15,07,11R,50,5068,前田 滉,123期,愛知,愛知,26,A1,,0,0,0.14,7.94,68.0,83.5,7.62,65.6,77.7,0,45,12.5,18.7,0,52.0,68.0,5,8,2,2,0.19,2,12,1,1,0.15,1,4,5,5,0.11,3,9,4,4,0.16,4,5,3,3,0.03,1,11,1,1,0.12,1,,,,,,,,,,,,,,,,,,,,,,,,,,,,,,,,,,,,,,,,,52,5221,竹間 隆晟,129期,大阪,大阪,25,A1,,0,0,0.15,6.74,50.9,68.1,6.33,48.1,62.9,0,67,48.1,51.8,0,18.1,36.3,6,7,1,1,0.05,1,12,5,5,0.19,3,2,4,4,0.18,3,12,3,3,0.09,2,6,4,4,0.1,4,11,2,2,0.12,3,,,,,,,,,,,,,,,,,,,,,,,,,,,,,,,,,,,,,,,,,37,5145,島川 海輝,126期,山口,山口,23,A2,,0,0,0.16,6.18,48.8,64.4,0.0,0.0,0.0,0,60,50.0,57.6,0,57.6,73.0,7,6,1,1,0.19,1,10,2,5,0.11,4,5,1,2,0.29,6,,,,,,7,4,4,0.05,1,11,3,3,0.22,6,,,,,,,,,,,,,,,,,,,,,,,,,,,,,,,,,,,,,,,,,74,5232,樅山 拓馬,130期,愛知,愛知,29,B1,,1,0,0.16,5.14,30.1,45.6,4.55,27.5,41.6,0,43,61.1,72.2,0,43.7,50.0,1,2,5,5,0.36,4,,,,,,2,1,1,0.21,1,7,2,2,0.07,6,1,3,3,0.14,3,11,4,4,0.08,5,,,,,,,,,,,,,,,,,,,,,,,,,,,,,,,,,,,,,,,,,57,5207,高山 敬悟,129期,福岡,福岡,29,B1,,1,0,0.16,5.27,35.9,48.7,3.0,11.1,22.2,0,76,38.8,61.1,0,22.2,40.7,4,6,4,4,0.16,4,,,,,,1,3,3,0.17,2,10,6,6,0.21,2,4,1,1,0.25,5,11,5,5,0.13,4,,,,,,,,,,,,,,,,,,,,,,,,,,,,,,,,,,,,,,,,,13,5134,大原 祥昌,126期,広島,広島,27,A2,,0,0,0.15,5.66,39.0,58.1,4.13,12.5,50.0,0,36,29.4,52.9,1,35.7,42.8,3,3,3,3,0.07,3,8,5,5,0.24,4,,,,,,7,4,4,0.09,2,3,2,2,0.01,エ,11,6,6,0.16,2,,,,,,,,,,,,,,,,,,,,,,,,,,,,,,,,,,,,,,,,
202609150712,2026-09-15,07,12R,66,5234,塚越 海斗,130期,群馬,群馬,28,A1,,0,0,0.15,6.57,53.5,67.7,0.0,0.0,0.0,0,66,53.8,69.2,0,61.1,66.6,8,3,2,2,0.08,1,12,4,4,0.13,2,5,3,5,0.12,1,11,1,1,0.14,1,8,3,3,0.16,2,12,1,1,0.07,2,,,,,,,,,,,,,,,,,,,,,,,,,,,,,,,,,,,,,,,,,71,5275,松田 淳平,131期,三重,三重,24,A1,,1,0,0.13,6.49,49.0,63.8,5.17,27.7,47.2,0,24,33.3,41.6,0,43.7,68.7,4,2,4,4,0.24,5,10,1,1,0.09,1,,,,,,9,6,6,0.13,2,4,3,3,0.12,1,12,2,2,0.07,1,,,,,,,,,,,,,,,,,,,,,,,,,,,,,,,,,,,,,,,,,60,5301,岩下 巧斗,132期,群馬,群馬,23,B1,,0,0,0.15,5.29,34.3,47.9,3.65,13.0,21.7,0,35,37.5,62.5,0,12.5,18.7,3,3,4,4,0.12,5,10,3,6,0.07,2,4,2,2,0.04,1,,,,,,3,1,1,0.08,1,12,5,3,0.12,4,,,,,,,,,,,,,,,,,,,,,,,,,,,,,,,,,,,,,,,,,31,5222,津田 陸翔,129期,広島,広島,25,A1,,1,0,0.17,6.27,47.5,65.0,5.0,25.0,50.0,0,39,52.9,76.4,0,26.9,46.1,7,4,2,2,0.2,3,12,6,6,0.2,4,3,3,3,0.08,2,10,1,1,0.24,1,7,1,1,0.14,3,12,4,4,0.06,3,,,,,,,,,,,,,,,,,,,,,,,,,,,,,,,,,,,,,,,,,30,5243,三馬 崇史,130期,広島,広島,26,B1,,0,0,0.17,6.03,47.3,64.5,5.63,36.8,57.8,0,40,38.8,61.1,0,20.0,30.0,5,5,1,1,0.1,1,,,,,,2,2,2,0.16,2,10,3,3,0.25,5,5,6,6,0.15,4,12,6,5,0.15,5,,,,,,,,,,,,,,,,,,,,,,,,,,,,,,,,,,,,,,,,,59,5269,山口 晃朋,131期,静岡,静岡,25,A2,,0,0,0.16,6.32,49.0,60.0,5.17,36.6,50.0,0,30,45.8,66.6,0,27.7,44.4,6,4,4,4,0.11,1,11,3,3,0.14,2,,,,,,9,1,1,0.18,1,6,2,2,0.08,2,12,3,6,0.09,6,,,,,,,,,,,,,,,,,,,,,,,,,,,,,,,,,,,,,,,,
202609150801,2026-09-15,08,01R,12,5155,内山 七海,127期,福岡,福岡,29,A2,,0,0,0.15,6.16,42.8,62.5,3.33,0.0,0.0,0,60,33.1,50.4,0,12.7,36.1,11,6,1,1,0.15,4,12,5,5,0.16,6,2,3,3,0.28,2,6,6,6,0.2,2,5,5,5,0.14,6,,,,,,1,1,1,0.1,2,11,2,2,0.16,4,,,,,,,,,,,,,,,,,,,,,,,,,,,,,,,32,4534,坂 咲友理,103期,大阪,奈良,36,B1,,0,0,0.21,3.93,17.2,32.7,3.65,23.5,23.5,0,24,32.3,48.6,0,48.6,67.5,6,1,2,2,0.21,2,8,4,4,0.26,6,,,,,,8,3,3,0.19,2,2,1,1,0.19,2,8,4,5,0.23,4,1,2,2,0.18,1,6,5,6,0.1,2,,,,,,,,,,,,,,,,,,,,,,,,,,,,,,,35,5324,畑田 希咲,133期,兵庫,兵庫,23,B1,,0,0,0.21,3.09,4.4,16.1,1.12,0.0,0.0,0,52,34.4,51.3,0,37.5,47.9,7,3,2,2,0.19,5,,,,,,2,5,5,0.24,6,8,4,4,0.2,5,4,6,6,0.16,6,,,,,,1,3,3,0.16,4,7,1,1,0.14,1,,,,,,,,,,,,,,,,,,,,,,,,,,,,,,,53,4909,薮内 瑞希,117期,岡山,岡山,30,B1,,1,0,0.16,4.72,32.0,43.5,5.61,32.1,53.5,0,41,35.0,50.2,0,36.9,47.8,9,2,2,2,0.19,2,11,6,6,0.13,4,3,4,5,0.2,2,9,1,1,0.08,1,5,3,3,0.12,3,,,,,,1,4,4,0.16,5,9,2,2,0.22,3,,,,,,,,,,,,,,,,,,,,,,,,,,,,,,,29,4897,深見 亜由美,117期,愛知,愛知,34,B1,,0,0,0.21,3.71,15.3,29.4,3.22,0.0,33.3,0,36,30.9,51.8,0,18.6,37.2,10,3,3,3,0.09,4,11,2,2,0.19,3,5,6,6,0.24,4,,,,,,3,1,1,0.19,3,7,4,4,0.2,2,1,5,5,0.28,6,10,3,3,0.18,4,,,,,,,,,,,,,,,,,,,,,,,,,,,,,,,39,5365,石村 日奈那,135期,東京,東京,25,B1,,1,0,0.19,3.0,13.5,17.5,0.0,0.0,0.0,0,54,30.0,47.8,0,47.8,60.8,8,1,3,3,0.14,6,9,5,5,0.43,5,,,,,,8,1,1,0.38,4,1,2,2,0.18,5,10,4,4,0.12,6,1,6,6,0.19,3,8,3,3,0.29,6,,,,,,,,,,,,,,,,,,,,,,,,,,,,,,
202609150802,2026-09-15,08,02R,55,4479,矢野 真梨菜,101期,山口,福岡,38,B1,,0,0,0.19,3.72,14.7,23.5,0.0,0.0,0.0,0,9,40.4,56.5,0,38.7,57.1,12,1,6,6,0.22,4,10,3,3,0.07,5,6,4,4,0.22,3,,,,,,1,5,5,0.22,3,6,2,2,0.2,2,2,1,1,0.12,2,12,2,2,0.06,5,,,,,,,,,,,,,,,,,,,,,,,,,,,,,,,52,4208,三浦 永理,91期,静岡,静岡,43,A1,,0,0,0.15,7.27,60.1,78.9,7.41,56.0,77.3,0,38,32.0,49.5,0,31.8,43.1,11,3,4,5,0.14,1,10,1,1,0.04,1,,,,,,12,4,4,0.22,6,5,6,6,0.15,4,11,4,4,0.14,2,2,2,2,0.16,1,11,1,1,0.17,1,,,,,,,,,,,,,,,,,,,,,,,,,,,,,,,19,4964,土屋 南,119期,岡山,岡山,29,A2,,0,0,0.15,6.28,42.8,64.7,6.74,52.6,73.6,0,21,34.2,53.9,0,36.9,47.8,10,5,4,4,0.11,1,12,6,6,0.21,5,5,5,5,0.22,2,11,1,1,0.13,1,,,,,,7,3,3,0.09,1,2,3,3,0.16,3,10,1,1,0.01,1,,,,,,,,,,,,,,,,,,,,,,,,,,,,,,,45,5438,星田 夢結,137期,福岡,福岡,21,B2,,0,0,0.22,1.56,0.0,1.6,0.0,0.0,0.0,0,5,35.5,55.6,0,24.4,44.4,6,3,6,4,0.13,6,9,6,6,0.14,6,4,6,6,0.12,6,,,,,,4,4,4,0.14,4,9,5,5,0.08,6,2,4,4,0.19,6,6,6,5,0.06,4,,,,,,,,,,,,,,,,,,,,,,,,,,,,,,,41,4045,佐々木 裕美,85期,山口,山口,46,B1,,0,0,0.17,4.8,32.5,44.1,5.31,25.0,50.0,0,50,33.4,49.5,0,22.2,42.2,9,4,2,2,0.23,2,8,6,6,0.27,5,3,3,3,0.1,4,,,,,,3,3,3,0.17,2,12,2,2,0.2,5,2,5,5,0.18,4,9,1,1,0.24,1,,,,,,,,,,,,,,,,,,,,,,,,,,,,,,,49,5347,井澤 聖奈,134期,愛知,長野,22,B2,,0,0,0.21,1.5,0.0,1.5,1.42,0.0,2.2,0,25,30.2,50.0,0,18.5,37.0,7,,,,,,8,1,1,0.33,2,5,3,3,0.38,5,9,4,4,0.12,5,3,4,4,0.19,5,10,2,2,0.1,4,2,6,6,0.22,5,7,5,5,0.16,4,,,,,,,,,,,,,,,,,,,,,,,,,,,,,,
202609150803,2026-09-15,08,03R,68,4726,島田 なぎさ,111期,埼玉,埼玉,39,B2,,0,0,0.14,3.6,10.0,20.0,0.0,0.0,0.0,0,57,33.7,53.6,0,32.0,42.0,8,,,,,,7,2,2,0.14,1,2,6,6,0.2,3,10,3,3,0.21,2,6,4,4,0.17,3,12,5,5,0.16,4,3,1,1,0.03,1,8,2,2,0.39,4,,,,,,,,,,,,,,,,,,,,,,,,,,,,,,,20,5079,大石 真央,124期,静岡,静岡,28,B1,,1,0,0.17,5.07,29.2,51.2,4.03,25.8,32.2,0,16,38.9,56.9,0,30.6,48.9,12,6,4,4,0.07,2,,,,,,4,5,5,0.26,5,10,2,2,0.19,3,4,3,3,0.16,2,8,1,1,0.09,1,3,2,2,0.06,3,12,6,6,0.1,6,,,,,,,,,,,,,,,,,,,,,,,,,,,,,,,11,5203,神里 琴音,128期,福岡,沖縄,22,B1,,0,0,0.16,5.2,27.8,51.9,5.0,23.0,50.0,0,40,33.3,49.7,0,34.7,52.1,7,,,,,,7,1,1,0.11,2,1,2,2,0.06,1,6,5,5,0.17,5,6,3,3,0.13,4,11,6,6,0.09,6,3,3,3,0.12,2,7,4,4,0.19,5,,,,,,,,,,,,,,,,,,,,,,,,,,,,,,,23,5272,松田 真実,131期,愛知,愛知,25,B1,,0,0,0.19,4.98,30.0,45.5,2.71,11.2,19.3,0,51,35.9,52.3,0,48.7,68.2,11,4,1,1,0.22,1,11,3,3,0.14,6,4,4,4,0.3,3,8,6,6,0.21,3,,,,,,9,2,2,0.1,2,3,4,4,0.17,5,11,3,3,0.18,2,,,,,,,,,,,,,,,,,,,,,,,,,,,,,,,62,5436,市川 瑚幸,137期,東京,神奈川,21,B2,,0,0,0.22,1.49,0.0,2.6,1.12,0.0,0.0,0,59,40.7,57.8,0,23.9,41.3,10,4,6,6,0.22,5,,,,,,1,5,5,0.17,6,5,4,4,0.23,6,1,4,4,0.15,6,,,,,,3,5,5,0.47,6,10,4,4,0.12,6,,,,,,,,,,,,,,,,,,,,,,,,,,,,,,,14,4938,小芦 るり華,118期,佐賀,佐賀,29,A1,,0,0,0.14,6.55,47.6,67.4,5.5,25.0,56.2,0,8,33.6,50.2,0,42.8,66.6,9,8,5,5,0.22,3,12,3,3,0.12,4,5,2,2,0.09,1,10,1,1,0.16,1,,,,,,12,1,1,0.14,2,3,6,6,0.22,4,9,5,5,0.26,4,,,,,,,,,,,,,,,,,,,,,,,,,,,,,,
202609150804,2026-09-15,08,04R,28,5346,中村 紋夕梨,134期,愛知,愛知,23,B1,,0,0,0.22,3.13,6.9,18.0,1.44,0.0,3.8,0,7,36.9,53.4,0,31.1,48.8,9,,,,,,7,5,5,0.13,6,3,2,2,0.06,3,10,4,4,0.16,5,2,2,2,0.13,3,9,3,3,0.15,5,4,1,1,0.09,4,9,4,4,0.26,5,,,,,,,,,,,,,,,,,,,,,,,,,,,,,,,61,5251,沼田 七華,130期,福井,石川,24,B2,,0,0,0.17,2.53,2.7,13.8,1.56,0.0,0.0,0,14,46.8,62.9,0,15.2,34.7,11,1,4,4,0.09,5,5,1,1,0.13,2,6,3,3,0.44,6,,,,,,2,5,5,0.08,5,7,2,2,0.17,4,4,2,2,0.14,2,11,6,6,0.13,5,,,,,,,,,,,,,,,,,,,,,,,,,,,,,,,17,5297,南 彩寧,132期,兵庫,兵庫,24,B1,,0,0,0.22,3.89,18.6,30.7,1.25,0.0,0.0,0,37,32.8,49.3,0,25.6,43.5,10,4,3,3,0.23,6,,,,,,2,4,4,0.23,5,11,6,6,0.21,6,3,5,5,0.15,6,9,1,1,0.06,1,4,3,3,0.15,5,10,2,2,0.16,5,,,,,,,,,,,,,,,,,,,,,,,,,,,,,,,71,5439,志賀 美優,137期,愛知,愛知,20,B2,,0,0,0.21,1.45,0.0,3.2,1.45,0.0,0.0,0,31,39.8,53.5,0,38.7,61.2,8,6,6,6,0.45,6,,,,,,3,6,4,0.28,6,8,5,5,0.2,6,6,6,6,0.27,6,,,,,,4,4,4,0.17,6,8,5,5,0.13,5,,,,,,,,,,,,,,,,,,,,,,,,,,,,,,,38,4764,小池 礼乃,112期,福岡,福岡,36,B1,,1,0,0.16,4.88,30.0,50.0,5.78,27.7,61.1,0,39,37.7,52.5,0,29.7,46.8,12,3,5,6,0.17,2,8,2,2,0.21,1,3,1,1,0.04,1,,,,,,2,4,4,0.12,6,10,3,3,0.1,2,4,5,5,0.1,1,12,3,3,0.05,2,,,,,,,,,,,,,,,,,,,,,,,,,,,,,,,65,3232,山川 美由紀,57期,香川,香川,59,A2,,0,0,0.16,5.56,33.3,48.6,4.75,0.0,25.0,0,53,36.8,48.6,0,42.8,61.9,,5,3,3,0.21,3,10,5,5,0.14,4,5,1,1,0.11,3,12,2,2,0.19,4,6,5,5,0.24,5,10,1,1,0.11,1,4,6,6,0.14,3,,,,,,,,,,,,,,,,,,,,,,,,,,,,,,,,,,,
202609150805,2026-09-15,08,05R,58,4433,川野 芽唯,100期,福岡,福岡,40,A1,,0,0,0.17,7.21,55.9,75.3,5.75,25.0,50.0,0,19,34.9,55.0,0,34.0,46.0,12,4,5,5,0.19,3,9,3,3,0.26,2,,,,,,12,1,1,0.15,1,5,2,2,0.16,1,9,6,6,0.11,3,5,1,1,0.06,1,12,5,5,0.11,4,,,,,,,,,,,,,,,,,,,,,,,,,,,,,,,67,5078,山川 波乙,124期,三重,三重,28,B1,,0,0,0.19,4.48,23.4,41.9,5.13,37.5,50.0,0,30,44.1,63.0,0,40.4,59.5,10,3,1,1,0.19,3,7,3,3,0.09,3,1,6,6,0.25,4,7,2,2,0.09,2,5,4,4,0.11,5,,,,,,5,2,2,0.01,F,10,5,5,0.13,3,,,,,,,,,,,,,,,,,,,,,,,,,,,,,,,40,5129,山口 真喜子,126期,長崎,長崎,29,A2,,0,0,0.17,5.95,41.2,58.7,6.48,52.0,60.0,0,13,34.1,49.7,0,36.1,55.3,11,5,6,6,0.12,6,,,,,,1,1,1,0.2,3,9,2,2,0.04,2,4,5,5,0.1,3,12,4,4,0.07,1,5,3,3,0.02,2,11,4,4,0.11,3,,,,,,,,,,,,,,,,,,,,,,,,,,,,,,,77,5182,宮崎 安奈,128期,埼玉,埼玉,28,B1,,0,0,0.14,4.07,21.7,34.7,4.22,16.6,38.8,0,56,29.8,49.2,0,31.4,40.7,,5,5,5,0.07,5,9,2,2,0.21,1,3,5,6,0.19,5,7,3,3,0.18,4,7,1,1,0.06,5,11,3,3,0.13,4,5,4,4,0.3,4,,,,,,,,,,,,,,,,,,,,,,,,,,,,,,,,,,,,66,5188,武井 莉里佳,128期,兵庫,兵庫,25,A2,,0,0,0.17,5.97,39.0,57.1,6.47,46.6,66.6,0,58,31.2,44.3,0,21.4,35.7,9,1,1,1,0.22,1,11,4,4,0.12,2,,,,,,12,6,6,0.13,2,2,3,3,0.21,4,6,1,1,0.14,1,5,5,5,0.24,3,9,3,3,0.28,2,,,,,,,,,,,,,,,,,,,,,,,,,,,,,,,24,5357,田中 瀬里奈,134期,埼玉,北海道,21,B2,賞除,1,0,0.19,1.63,0.0,2.6,1.37,0.0,0.0,0,10,43.9,58.0,0,36.9,50.0,,2,4,4,0.13,6,10,6,6,0.09,F,,,,,,7,6,6,0.13,5,,,,,,8,5,6,0.22,5,5,6,6,0.36,5,,,,,,,,,,,,,,,,,,,,,,,,,,,,,,,,,,,
202609150806,2026-09-15,08,06R,57,4556,竹井 奈美,104期,福岡,福岡,37,A1,,0,0,0.16,6.67,52.1,67.3,5.89,44.4,55.5,0,4,30.0,44.7,0,40.0,58.0,11,6,5,5,0.12,1,11,1,1,0.1,1,8,2,2,0.14,1,12,3,3,0.22,3,,,,,,10,6,6,0.29,3,6,1,1,0.11,3,11,5,5,0.1,6,,,,,,,,,,,,,,,,,,,,,,,,,,,,,,,31,5254,羽田 妃希,130期,愛知,愛知,23,B1,,0,0,0.22,3.33,7.2,25.4,3.41,19.6,27.4,0,35,41.9,61.0,0,13.7,34.4,,6,2,2,0.28,3,10,4,4,0.13,3,4,1,1,0.38,4,11,3,3,0.32,3,1,6,6,0.25,4,7,5,5,0.28,3,6,2,2,0.19,5,,,,,,,,,,,,,,,,,,,,,,,,,,,,,,,,,,,,44,5194,大久保 佑香,128期,埼玉,埼玉,25,B1,,1,0,0.18,4.54,27.6,39.4,3.25,7.1,21.4,0,1,36.1,54.9,0,53.0,65.3,,2,5,5,0.1,5,9,4,4,0.26,3,2,1,1,0.17,4,9,3,3,0.11,4,2,6,6,0.08,1,11,2,2,0.1,3,6,3,3,0.32,6,,,,,,,,,,,,,,,,,,,,,,,,,,,,,,,,,,,,70,4502,遠藤 エミ,102期,滋賀,滋賀,38,A1,,0,0,0.14,7.28,50.4,69.4,7.44,58.5,70.7,0,28,32.0,51.0,0,17.7,48.8,10,,,,,,12,1,1,0.15,1,7,5,5,0.12,3,11,4,4,0.17,2,4,2,2,0.12,1,11,1,1,0.16,1,6,4,4,0.07,1,10,6,6,0.08,2,,,,,,,,,,,,,,,,,,,,,,,,,,,,,,,45,5438,星田 夢結,137期,福岡,福岡,21,B2,,0,0,0.22,1.56,0.0,1.6,0.0,0.0,0.0,0,5,35.5,55.6,0,24.4,44.4,2,3,6,4,0.13,6,9,6,6,0.14,6,4,6,6,0.12,6,,,,,,4,4,4,0.14,4,9,5,5,0.08,6,2,4,4,0.19,6,6,6,5,0.06,4,,,,,,,,,,,,,,,,,,,,,,,,,,,,,,,32,4534,坂 咲友理,103期,大阪,奈良,36,B1,,0,0,0.21,3.93,17.2,32.7,3.65,23.5,23.5,0,24,32.3,48.6,0,48.6,67.5,1,1,2,2,0.21,2,8,4,4,0.26,6,,,,,,8,3,3,0.19,2,2,1,1,0.19,2,8,4,5,0.23,4,1,2,2,0.18,1,6,5,6,0.1,2,,,,,,,,,,,,,,,,,,,,,,,,,,,,,,
202609150807,2026-09-15,08,07R,35,5324,畑田 希咲,133期,兵庫,兵庫,23,B1,,0,0,0.21,3.09,4.4,16.1,1.12,0.0,0.0,0,52,34.4,51.3,0,37.5,47.9,1,3,2,2,0.19,5,,,,,,2,5,5,0.24,6,8,4,4,0.2,5,4,6,6,0.16,6,,,,,,1,3,3,0.16,4,7,1,1,0.14,1,,,,,,,,,,,,,,,,,,,,,,,,,,,,,,,33,5052,赤井 星璃菜,123期,大阪,大阪,31,B1,,0,0,0.16,4.34,24.0,36.0,0.0,0.0,0.0,0,3,45.0,61.8,0,22.8,40.0,,2,6,6,0.13,4,6,3,3,0.11,5,1,4,4,0.26,5,11,2,2,0.15,5,4,1,1,0.3,5,10,5,5,0.13,5,,,,,,7,2,2,0.17,2,,,,,,,,,,,,,,,,,,,,,,,,,,,,,,,73,5146,野田 彩加,126期,山口,山口,23,A2,,0,0,0.16,5.11,32.5,51.8,4.92,16.6,37.5,0,17,30.3,46.5,0,46.9,67.3,,2,3,3,0.13,3,7,6,6,0.18,5,4,2,2,0.2,1,12,5,5,0.18,5,1,1,1,0.1,1,9,4,4,0.11,4,,,,,,7,3,3,0.23,3,,,,,,,,,,,,,,,,,,,,,,,,,,,,,,,11,5203,神里 琴音,128期,福岡,沖縄,22,B1,,0,0,0.16,5.2,27.8,51.9,5.0,23.0,50.0,0,40,33.3,49.7,0,34.7,52.1,3,,,,,,7,1,1,0.11,2,1,2,2,0.06,1,6,5,5,0.17,5,6,3,3,0.13,4,11,6,6,0.09,6,3,3,3,0.12,2,7,4,4,0.19,5,,,,,,,,,,,,,,,,,,,,,,,,,,,,,,,49,5347,井澤 聖奈,134期,愛知,長野,22,B2,,0,0,0.21,1.5,0.0,1.5,1.42,0.0,2.2,0,25,30.2,50.0,0,18.5,37.0,2,,,,,,8,1,1,0.33,2,5,3,3,0.38,5,9,4,4,0.12,5,3,4,4,0.19,5,10,2,2,0.1,4,2,6,6,0.22,5,7,5,5,0.16,4,,,,,,,,,,,,,,,,,,,,,,,,,,,,,,,63,4190,長嶋 万記,91期,静岡,静岡,45,B2,,1,0,0.16,6.66,45.4,70.4,6.5,45.0,65.0,0,29,34.4,58.8,0,35.2,52.9,12,,,,,,12,2,2,0.14,2,4,3,3,0.19,2,9,5,5,0.12,3,5,1,1,0.17,2,12,3,3,0.32,3,7,6,6,0.15,6,12,4,4,0.08,3,,,,,,,,,,,,,,,,,,,,,,,,,,,,,,
202609150808,2026-09-15,08,08R,51,4941,孫崎 百世,119期,滋賀,北海道,37,B1,,0,0,0.21,4.57,27.1,38.2,4.71,29.4,47.0,0,12,41.3,60.0,0,22.2,33.3,,4,4,4,0.22,4,10,2,2,0.29,2,1,3,3,0.12,2,10,6,6,0.18,6,3,2,2,0.17,1,11,5,5,0.19,5,,,,,,8,1,1,0.25,2,,,,,,,,,,,,,,,,,,,,,,,,,,,,,,,68,4726,島田 なぎさ,111期,埼玉,埼玉,39,B2,,0,0,0.14,3.6,10.0,20.0,0.0,0.0,0.0,0,57,33.7,53.6,0,32.0,42.0,3,,,,,,7,2,2,0.14,1,2,6,6,0.2,3,10,3,3,0.21,2,6,4,4,0.17,3,12,5,5,0.16,4,3,1,1,0.03,1,8,2,2,0.39,4,,,,,,,,,,,,,,,,,,,,,,,,,,,,,,,39,5365,石村 日奈那,135期,東京,東京,25,B1,,1,0,0.19,3.0,13.5,17.5,0.0,0.0,0.0,0,54,30.0,47.8,0,47.8,60.8,1,1,3,3,0.14,6,9,5,5,0.43,5,,,,,,8,1,1,0.38,4,1,2,2,0.18,5,10,4,4,0.12,6,1,6,6,0.19,3,8,3,3,0.29,6,,,,,,,,,,,,,,,,,,,,,,,,,,,,,,,54,4825,倉持 莉々,114期,東京,茨城,32,A1,,0,0,0.14,7.16,56.1,74.8,0.0,0.0,0.0,0,55,28.4,46.4,0,17.3,41.3,12,,,,,,12,4,4,0.12,3,6,1,1,0.15,1,10,5,5,0.16,4,3,6,6,0.13,4,8,2,2,0.13,2,8,4,4,0.12,1,12,1,1,0.04,1,,,,,,,,,,,,,,,,,,,,,,,,,,,,,,,71,5439,志賀 美優,137期,愛知,愛知,20,B2,,0,0,0.21,1.45,0.0,3.2,1.45,0.0,0.0,0,31,39.8,53.5,0,38.7,61.2,4,6,6,6,0.45,6,,,,,,3,6,4,0.28,6,8,5,5,0.2,6,6,6,6,0.27,6,,,,,,4,4,4,0.17,6,8,5,5,0.13,5,,,,,,,,,,,,,,,,,,,,,,,,,,,,,,,50,5230,石原 凪紗,129期,愛知,岐阜,23,B1,,0,0,0.2,4.77,31.5,43.2,4.02,26.6,35.5,0,47,34.9,54.1,0,34.7,43.4,,2,1,1,0.16,1,8,3,3,0.21,4,6,2,2,0.35,4,11,5,5,0.16,4,1,3,3,0.12,2,8,3,4,0.27,3,,,,,,8,6,6,0.21,3,,,,,,,,,,,,,,,,,,,,,,,,,,,,,,
202609150809,2026-09-15,08,09R,41,4045,佐々木 裕美,85期,山口,山口,46,B1,,0,0,0.17,4.8,32.5,44.1,5.31,25.0,50.0,0,50,33.4,49.5,0,22.2,42.2,2,4,2,2,0.23,2,8,6,6,0.27,5,3,3,3,0.1,4,,,,,,3,3,3,0.17,2,12,2,2,0.2,5,2,5,5,0.18,4,9,1,1,0.24,1,,,,,,,,,,,,,,,,,,,,,,,,,,,,,,,53,4909,薮内 瑞希,117期,岡山,岡山,30,B1,,1,0,0.16,4.72,32.0,43.5,5.61,32.1,53.5,0,41,35.0,50.2,0,36.9,47.8,1,2,2,2,0.19,2,11,6,6,0.13,4,3,4,5,0.2,2,9,1,1,0.08,1,5,3,3,0.12,3,,,,,,1,4,4,0.16,5,9,2,2,0.22,3,,,,,,,,,,,,,,,,,,,,,,,,,,,,,,,66,5188,武井 莉里佳,128期,兵庫,兵庫,25,A2,,0,0,0.17,5.97,39.0,57.1,6.47,46.6,66.6,0,58,31.2,44.3,0,21.4,35.7,5,1,1,1,0.22,1,11,4,4,0.12,2,,,,,,12,6,6,0.13,2,2,3,3,0.21,4,6,1,1,0.14,1,5,5,5,0.24,3,9,3,3,0.28,2,,,,,,,,,,,,,,,,,,,,,,,,,,,,,,,28,5346,中村 紋夕梨,134期,愛知,愛知,23,B1,,0,0,0.22,3.13,6.9,18.0,1.44,0.0,3.8,0,7,36.9,53.4,0,31.1,48.8,4,,,,,,7,5,5,0.13,6,3,2,2,0.06,3,10,4,4,0.16,5,2,2,2,0.13,3,9,3,3,0.15,5,4,1,1,0.09,4,9,4,4,0.26,5,,,,,,,,,,,,,,,,,,,,,,,,,,,,,,,14,4938,小芦 るり華,118期,佐賀,佐賀,29,A1,,0,0,0.14,6.55,47.6,67.4,5.5,25.0,56.2,0,8,33.6,50.2,0,42.8,66.6,3,8,5,5,0.22,3,12,3,3,0.12,4,5,2,2,0.09,1,10,1,1,0.16,1,,,,,,12,1,1,0.14,2,3,6,6,0.22,4,9,5,5,0.26,4,,,,,,,,,,,,,,,,,,,,,,,,,,,,,,,16,4765,野田部 宏子,112期,福岡,福岡,36,B1,賞除,2,0,0.13,3.87,15.4,30.9,3.75,12.5,25.0,0,42,38.6,54.8,0,29.7,46.8,,5,2,2,0.11,4,11,5,5,0.13,5,,,,,,7,1,1,0.01,F,,,,,,7,6,6,0.26,6,,,,,,9,6,6,0.26,6,,,,,,,,,,,,,,,,,,,,,,,,,,,,,,
202609150810,2026-09-15,08,10R,19,4964,土屋 南,119期,岡山,岡山,29,A2,,0,0,0.15,6.28,42.8,64.7,6.74,52.6,73.6,0,21,34.2,53.9,0,36.9,47.8,2,5,4,4,0.11,1,12,6,6,0.21,5,5,5,5,0.22,2,11,1,1,0.13,1,,,,,,7,3,3,0.09,1,2,3,3,0.16,3,10,1,1,0.01,1,,,,,,,,,,,,,,,,,,,,,,,,,,,,,,,17,5297,南 彩寧,132期,兵庫,兵庫,24,B1,,0,0,0.22,3.89,18.6,30.7,1.25,0.0,0.0,0,37,32.8,49.3,0,25.6,43.5,4,4,3,3,0.23,6,,,,,,2,4,4,0.23,5,11,6,6,0.21,6,3,5,5,0.15,6,9,1,1,0.06,1,4,3,3,0.15,5,10,2,2,0.16,5,,,,,,,,,,,,,,,,,,,,,,,,,,,,,,,29,4897,深見 亜由美,117期,愛知,愛知,34,B1,,0,0,0.21,3.71,15.3,29.4,3.22,0.0,33.3,0,36,30.9,51.8,0,18.6,37.2,1,3,3,3,0.09,4,11,2,2,0.19,3,5,6,6,0.24,4,,,,,,3,1,1,0.19,3,7,4,4,0.2,2,1,5,5,0.28,6,10,3,3,0.18,4,,,,,,,,,,,,,,,,,,,,,,,,,,,,,,,62,5436,市川 瑚幸,137期,東京,神奈川,21,B2,,0,0,0.22,1.49,0.0,2.6,1.12,0.0,0.0,0,59,40.7,57.8,0,23.9,41.3,3,4,6,6,0.22,5,,,,,,1,5,5,0.17,6,5,4,4,0.23,6,1,4,4,0.15,6,,,,,,3,5,5,0.47,6,10,4,4,0.12,6,,,,,,,,,,,,,,,,,,,,,,,,,,,,,,,67,5078,山川 波乙,124期,三重,三重,28,B1,,0,0,0.19,4.48,23.4,41.9,5.13,37.5,50.0,0,30,44.1,63.0,0,40.4,59.5,5,3,1,1,0.19,3,7,3,3,0.09,3,1,6,6,0.25,4,7,2,2,0.09,2,5,4,4,0.11,5,,,,,,5,2,2,0.01,F,10,5,5,0.13,3,,,,,,,,,,,,,,,,,,,,,,,,,,,,,,,70,4502,遠藤 エミ,102期,滋賀,滋賀,38,A1,,0,0,0.14,7.28,50.4,69.4,7.44,58.5,70.7,0,28,32.0,51.0,0,17.7,48.8,6,,,,,,12,1,1,0.15,1,7,5,5,0.12,3,11,4,4,0.17,2,4,2,2,0.12,1,11,1,1,0.16,1,6,4,4,0.07,1,10,6,6,0.08,2,,,,,,,,,,,,,,,,,,,,,,,,,,,,,,
202609150811,2026-09-15,08,11R,52,4208,三浦 永理,91期,静岡,静岡,43,A1,,0,0,0.15,7.27,60.1,78.9,7.41,56.0,77.3,0,38,32.0,49.5,0,31.8,43.1,2,3,4,5,0.14,1,10,1,1,0.04,1,,,,,,12,4,4,0.22,6,5,6,6,0.15,4,11,4,4,0.14,2,2,2,2,0.16,1,11,1,1,0.17,1,,,,,,,,,,,,,,,,,,,,,,,,,,,,,,,12,5155,内山 七海,127期,福岡,福岡,29,A2,,0,0,0.15,6.16,42.8,62.5,3.33,0.0,0.0,0,60,33.1,50.4,0,12.7,36.1,1,6,1,1,0.15,4,12,5,5,0.16,6,2,3,3,0.28,2,6,6,6,0.2,2,5,5,5,0.14,6,,,,,,1,1,1,0.1,2,11,2,2,0.16,4,,,,,,,,,,,,,,,,,,,,,,,,,,,,,,,23,5272,松田 真実,131期,愛知,愛知,25,B1,,0,0,0.19,4.98,30.0,45.5,2.71,11.2,19.3,0,51,35.9,52.3,0,48.7,68.2,3,4,1,1,0.22,1,11,3,3,0.14,6,4,4,4,0.3,3,8,6,6,0.21,3,,,,,,9,2,2,0.1,2,3,4,4,0.17,5,11,3,3,0.18,2,,,,,,,,,,,,,,,,,,,,,,,,,,,,,,,40,5129,山口 真喜子,126期,長崎,長崎,29,A2,,0,0,0.17,5.95,41.2,58.7,6.48,52.0,60.0,0,13,34.1,49.7,0,36.1,55.3,5,5,6,6,0.12,6,,,,,,1,1,1,0.2,3,9,2,2,0.04,2,4,5,5,0.1,3,12,4,4,0.07,1,5,3,3,0.02,2,11,4,4,0.11,3,,,,,,,,,,,,,,,,,,,,,,,,,,,,,,,57,4556,竹井 奈美,104期,福岡,福岡,37,A1,,0,0,0.16,6.67,52.1,67.3,5.89,44.4,55.5,0,4,30.0,44.7,0,40.0,58.0,6,6,5,5,0.12,1,11,1,1,0.1,1,8,2,2,0.14,1,12,3,3,0.22,3,,,,,,10,6,6,0.29,3,6,1,1,0.11,3,11,5,5,0.1,6,,,,,,,,,,,,,,,,,,,,,,,,,,,,,,,61,5251,沼田 七華,130期,福井,石川,24,B2,,0,0,0.17,2.53,2.7,13.8,1.56,0.0,0.0,0,14,46.8,62.9,0,15.2,34.7,4,1,4,4,0.09,5,5,1,1,0.13,2,6,3,3,0.44,6,,,,,,2,5,5,0.08,5,7,2,2,0.17,4,4,2,2,0.14,2,11,6,6,0.13,5,,,,,,,,,,,,,,,,,,,,,,,,,,,,,,
202609150812,2026-09-15,08,12R,54,4825,倉持 莉々,114期,東京,茨城,32,A1,,0,0,0.14,7.16,56.1,74.8,0.0,0.0,0.0,0,55,28.4,46.4,0,17.3,41.3,8,,,,,,12,4,4,0.12,3,6,1,1,0.15,1,10,5,5,0.16,4,3,6,6,0.13,4,8,2,2,0.13,2,8,4,4,0.12,1,12,1,1,0.04,1,,,,,,,,,,,,,,,,,,,,,,,,,,,,,,,55,4479,矢野 真梨菜,101期,山口,福岡,38,B1,,0,0,0.19,3.72,14.7,23.5,0.0,0.0,0.0,0,9,40.4,56.5,0,38.7,57.1,2,1,6,6,0.22,4,10,3,3,0.07,5,6,4,4,0.22,3,,,,,,1,5,5,0.22,3,6,2,2,0.2,2,2,1,1,0.12,2,12,2,2,0.06,5,,,,,,,,,,,,,,,,,,,,,,,,,,,,,,,38,4764,小池 礼乃,112期,福岡,福岡,36,B1,,1,0,0.16,4.88,30.0,50.0,5.78,27.7,61.1,0,39,37.7,52.5,0,29.7,46.8,4,3,5,6,0.17,2,8,2,2,0.21,1,3,1,1,0.04,1,,,,,,2,4,4,0.12,6,10,3,3,0.1,2,4,5,5,0.1,1,12,3,3,0.05,2,,,,,,,,,,,,,,,,,,,,,,,,,,,,,,,63,4190,長嶋 万記,91期,静岡,静岡,45,B2,,1,0,0.16,6.66,45.4,70.4,6.5,45.0,65.0,0,29,34.4,58.8,0,35.2,52.9,7,,,,,,12,2,2,0.14,2,4,3,3,0.19,2,9,5,5,0.12,3,5,1,1,0.17,2,12,3,3,0.32,3,7,6,6,0.15,6,12,4,4,0.08,3,,,,,,,,,,,,,,,,,,,,,,,,,,,,,,,58,4433,川野 芽唯,100期,福岡,福岡,40,A1,,0,0,0.17,7.21,55.9,75.3,5.75,25.0,50.0,0,19,34.9,55.0,0,34.0,46.0,5,4,5,5,0.19,3,9,3,3,0.26,2,,,,,,12,1,1,0.15,1,5,2,2,0.16,1,9,6,6,0.11,3,5,1,1,0.06,1,12,5,5,0.11,4,,,,,,,,,,,,,,,,,,,,,,,,,,,,,,,20,5079,大石 真央,124期,静岡,静岡,28,B1,,1,0,0.17,5.07,29.2,51.2,4.03,25.8,32.2,0,16,38.9,56.9,0,30.6,48.9,3,6,4,4,0.07,2,,,,,,4,5,5,0.26,5,10,2,2,0.19,3,4,3,3,0.16,2,8,1,1,0.09,1,3,2,2,0.06,3,12,6,6,0.1,6,,,,,,,,,,,,,,,,,,,,,,,,,,,,,,
202609150901,2026-09-15,09,01R,21,3629,浅見 昌克,72期,埼玉,埼玉,56,A2,,0,0,0.14,5.07,27.1,50.8,5.93,37.0,55.5,0,50,33.3,49.0,0,31.1,46.3,11,,,,,,7,2,2,0.19,4,5,3,3,0.12,2,11,6,6,0.22,4,,,,,,7,4,4,0.13,1,1,1,1,0.19,1,11,5,5,0.1,5,,,,,,,,,,,,,,,,,,,,,,,,,,,,,,,54,3580,水口 由紀,70期,滋賀,京都,53,B1,,0,0,0.2,4.47,17.7,42.2,4.68,21.4,42.8,0,69,23.4,40.0,0,22.8,41.7,8,5,5,5,0.16,6,,,,,,3,3,3,0.14,6,8,4,4,0.22,5,6,1,1,0.22,4,,,,,,1,2,2,0.2,4,8,6,6,0.06,6,,,,,,,,,,,,,,,,,,,,,,,,,,,,,,,38,3211,北川 敏弘,57期,佐賀,佐賀,64,B1,,0,0,0.18,4.19,19.0,33.0,6.1,50.0,70.0,0,62,29.5,43.4,0,31.5,49.7,7,2,4,4,0.1,5,,,,,,1,2,2,0.19,5,6,5,5,0.16,6,5,6,6,0.17,4,,,,,,1,3,3,0.2,5,7,1,1,0.13,2,,,,,,,,,,,,,,,,,,,,,,,,,,,,,,,67,3901,松田 憲幸,80期,山口,山口,49,B2,,0,0,0.22,4.7,30.1,44.3,4.25,25.0,31.2,0,18,34.6,53.8,0,33.5,51.5,6,4,6,6,0.17,5,,,,,,2,6,5,0.13,2,10,4,3,0.3,6,2,2,2,0.04,5,,,,,,1,4,4,0.21,2,6,1,1,0.09,1,,,,,,,,,,,,,,,,,,,,,,,,,,,,,,,53,4423,坂口 貴彦,99期,岡山,岡山,37,B1,,0,0,0.17,5.78,39.6,60.4,5.44,25.0,56.2,0,72,33.5,51.4,0,24.3,40.1,,1,6,6,0.09,4,6,2,2,0.2,2,1,4,4,0.15,2,11,3,3,0.31,6,3,1,1,0.21,3,,,,,,1,5,5,0.2,3,,,,,,,,,,,,,,,,,,,,,,,,,,,,,,,,,,,,11,4349,犬童 千秋,96期,福岡,宮崎,40,B1,,1,0,0.15,4.39,25.6,37.8,5.36,39.2,50.0,0,59,29.4,46.8,0,36.3,52.9,10,5,2,2,0.22,4,,,,,,1,5,5,0.12,4,7,1,1,0.21,1,,,,,,8,4,4,0.08,4,1,6,6,0.29,6,10,3,3,0.1,6,,,,,,,,,,,,,,,,,,,,,,,,,,,,,,
202609150902,2026-09-15,09,02R,73,3567,吉岡 誠,70期,山口,山口,56,B1,,0,0,0.18,3.1,17.4,22.2,2.71,14.2,21.4,0,28,34.6,51.6,0,32.7,49.6,,2,6,6,0.1,6,7,4,4,0.11,6,2,3,3,0.2,5,,,,,,3,2,2,0.2,6,7,5,5,0.14,6,2,1,1,0.12,1,,,,,,,,,,,,,,,,,,,,,,,,,,,,,,,,,,,,28,3268,森 竜也,59期,三重,三重,61,B1,,0,0,0.17,4.8,29.8,43.2,4.8,33.9,42.3,0,16,38.7,57.1,0,37.5,51.9,,2,1,1,0.1,1,8,5,5,0.26,6,,,,,,7,3,3,0.21,5,5,4,4,0.18,6,9,3,6,0.09,6,2,2,2,0.15,3,,,,,,,,,,,,,,,,,,,,,,,,,,,,,,,,,,,,65,4106,坂井 康嗣,88期,佐賀,佐賀,46,B1,,0,0,0.19,4.22,23.3,35.0,4.11,22.2,40.7,0,36,42.5,60.1,0,34.3,51.5,8,1,5,5,0.08,5,,,,,,2,2,2,0.21,6,8,6,6,0.29,6,1,4,4,0.18,5,,,,,,2,3,3,0.11,2,8,1,1,0.07,4,,,,,,,,,,,,,,,,,,,,,,,,,,,,,,,47,3448,高山 秀雄,65期,群馬,群馬,56,B1,,0,0,0.19,4.35,21.6,37.8,4.59,20.5,44.1,0,29,31.2,46.8,0,28.2,47.5,,2,5,5,0.11,3,10,2,2,0.31,4,4,1,1,0.12,2,,,,,,1,6,6,0.21,4,11,3,3,0.14,6,2,4,4,0.16,不,,,,,,,,,,,,,,,,,,,,,,,,,,,,,,,,,,,,24,5327,西田 和加,133期,埼玉,埼玉,22,B2,,1,0,0.19,1.91,1.8,3.7,1.5,0.0,0.0,0,34,26.4,45.5,0,32.9,44.8,9,6,5,5,0.2,6,,,,,,1,3,3,0.3,6,5,6,6,0.19,6,4,1,1,0.08,3,,,,,,2,5,5,0.2,5,9,2,2,0.06,5,,,,,,,,,,,,,,,,,,,,,,,,,,,,,,,12,3973,崎 利仁,83期,群馬,栃木,50,B1,,0,0,0.21,4.57,25.4,42.1,3.4,12.5,20.8,0,55,28.5,39.4,0,28.4,37.7,7,4,3,3,0.08,3,,,,,,3,1,1,0.11,5,11,5,5,0.25,5,2,4,4,0.07,6,,,,,,2,6,6,0.24,4,7,2,2,0.1,4,,,,,,,,,,,,,,,,,,,,,,,,,,,,,,
202609150903,2026-09-15,09,03R,61,3619,長谷川 充,71期,群馬,群馬,52,B1,,0,0,0.19,5.14,30.0,52.2,5.95,36.8,56.1,0,19,17.5,44.1,0,27.9,40.4,10,2,3,3,0.11,4,,,,,,5,2,2,0.15,4,10,2,5,0.18,4,2,6,6,0.1,4,,,,,,3,1,1,0.16,2,10,4,4,0.15,3,,,,,,,,,,,,,,,,,,,,,,,,,,,,,,,52,4136,江夏 満,89期,福岡,福岡,46,A1,,0,0,0.17,6.33,42.1,63.1,5.97,41.3,65.5,0,47,30.8,45.2,0,35.1,56.5,11,1,1,1,0.05,1,12,5,5,0.2,4,,,,,,9,3,3,0.22,6,7,6,6,0.16,2,11,4,4,0.19,4,3,2,2,0.16,4,11,4,4,0.12,4,,,,,,,,,,,,,,,,,,,,,,,,,,,,,,,64,3430,角浜 修,65期,広島,広島,58,B1,,0,0,0.17,4.37,24.7,38.1,4.72,33.3,44.4,0,48,37.3,56.0,0,34.0,51.4,,2,2,2,0.07,2,9,4,4,0.23,6,,,,,,8,1,1,0.13,3,5,5,5,0.2,5,10,6,6,0.2,6,3,3,3,0.17,3,,,,,,,,,,,,,,,,,,,,,,,,,,,,,,,,,,,,15,4156,浜野 孝志,90期,三重,三重,45,A2,,0,0,0.17,5.37,30.9,52.2,5.74,39.5,57.1,0,43,26.3,39.5,0,40.7,58.5,7,,,,,,9,5,5,0.25,3,1,1,1,0.15,1,12,2,2,0.1,2,6,6,6,0.16,2,,,,,,3,4,4,0.19,1,7,3,3,0.11,1,,,,,,,,,,,,,,,,,,,,,,,,,,,,,,,51,4191,赤羽 克也,91期,埼玉,埼玉,45,A1,,0,0,0.16,6.59,50.0,69.7,6.67,50.0,72.2,0,12,29.1,40.9,0,28.1,46.2,9,,,,,,11,1,1,0.22,5,6,3,3,0.14,3,10,3,6,0.19,1,,,,,,9,2,2,0.12,2,3,5,5,0.23,転,9,,4,,欠,,,,,,,,,,,,,,,,,,,,,,,,,,,,,,,49,3349,吉田 一郎,62期,長崎,長崎,58,A1,,0,0,0.17,6.03,40.0,61.2,6.0,57.1,57.1,0,45,25.0,40.5,0,42.0,56.0,12,,,,,,10,3,3,0.21,5,7,5,5,0.1,4,11,1,1,0.2,1,,,,,,7,2,2,0.12,4,3,6,6,0.26,5,12,4,4,0.2,2,,,,,,,,,,,,,,,,,,,,,,,,,,,,,,
202609150904,2026-09-15,09,04R,31,5277,井上 未都,131期,福岡,福岡,24,B1,,1,0,0.15,4.73,23.8,44.0,4.39,22.2,44.4,0,32,37.1,56.4,0,38.1,59.7,,5,6,6,0.12,5,11,3,3,0.31,3,4,4,4,0.2,6,,,,,,2,5,5,0.07,3,8,2,2,0.05,3,4,1,1,0.1,2,,,,,,,,,,,,,,,,,,,,,,,,,,,,,,,,,,,,58,4702,三浦 敬太,110期,東京,北海道,39,A1,,0,0,0.14,5.82,41.4,58.5,6.44,55.5,55.5,0,23,31.6,47.8,0,23.0,40.0,10,6,3,3,0.16,1,11,4,4,0.13,6,,,,,,8,5,5,0.16,4,,,,,,11,1,1,0.12,1,4,2,2,0.09,1,10,6,6,0.21,5,,,,,,,,,,,,,,,,,,,,,,,,,,,,,,,50,4119,泥谷 一毅,88期,大阪,大阪,45,B1,,0,0,0.19,6.02,38.6,62.2,6.11,44.4,69.4,0,53,32.3,48.8,0,32.6,47.5,12,6,1,1,0.31,5,,,,,,2,4,4,0.14,1,7,6,6,0.11,2,5,2,2,0.21,1,,,,,,4,3,3,0.1,3,12,5,5,0.15,6,,,,,,,,,,,,,,,,,,,,,,,,,,,,,,,30,4581,吉村 誠,105期,静岡,静岡,37,A1,,1,0,0.14,6.59,49.0,70.0,5.92,30.5,58.3,0,60,26.0,48.0,0,35.1,49.3,8,4,2,2,0.1,6,12,6,6,0.09,5,,,,,,8,3,3,0.15,1,5,1,1,0.21,2,12,4,4,0.1,1,4,4,4,0.09,4,8,5,5,0.07,5,,,,,,,,,,,,,,,,,,,,,,,,,,,,,,,74,4259,真庭 明志,93期,長崎,長崎,42,A2,,0,0,0.15,5.66,34.9,57.1,3.6,20.0,40.0,0,22,38.6,60.1,0,39.8,52.5,9,6,4,4,0.17,4,,,,,,8,2,2,0.22,2,12,3,3,0.12,3,4,6,6,0.16,6,,,,,,4,5,5,0.14,6,9,1,1,0.02,1,,,,,,,,,,,,,,,,,,,,,,,,,,,,,,,36,5354,渡邊 雄斗,134期,三重,宮崎,21,B1,,0,0,0.19,4.44,24.7,42.7,2.92,12.0,18.6,0,33,28.7,45.9,0,29.0,45.3,,1,3,3,0.1,3,10,4,4,0.14,3,5,5,5,0.15,3,,,,,,2,1,1,0.05,1,10,2,2,0.04,2,4,6,6,0.19,5,,,,,,,,,,,,,,,,,,,,,,,,,,,,,,,,,,,
202609150905,2026-09-15,09,05R,39,4703,森永 隆,110期,山口,山口,38,A1,,0,0,0.16,6.68,56.6,67.5,5.85,30.0,70.0,0,68,37.7,50.5,0,34.9,50.9,,3,6,6,0.16,3,12,3,3,0.13,6,,,,,,7,2,2,0.21,6,4,4,4,0.15,2,9,6,5,0.08,4,5,1,1,0.09,1,,,,,,,,,,,,,,,,,,,,,,,,,,,,,,,,,,,,69,5204,宇恵 有香,129期,三重,三重,29,B2,,0,0,0.18,4.65,21.9,45.0,4.78,25.4,44.4,0,71,30.2,45.6,0,35.1,53.0,9,5,3,3,0.17,2,,,,,,2,1,1,0.12,3,9,4,4,0.34,5,3,6,6,0.21,4,,,,,,5,2,2,0.07,2,9,4,5,0.05,4,,,,,,,,,,,,,,,,,,,,,,,,,,,,,,,44,4058,野末 智一,86期,静岡,静岡,47,A1,,0,0,0.19,6.08,43.0,62.6,5.2,32.8,53.1,0,52,30.6,45.2,0,31.8,42.8,,,,,,,8,2,2,0.23,1,5,1,1,0.14,1,12,4,4,0.12,4,3,5,5,0.19,5,8,6,6,0.14,6,5,3,3,0.12,4,,,,,,,,,,,,,,,,,,,,,,,,,,,,,,,,,,,,71,5359,佐藤 世那,134期,東京,宮城,20,B1,,1,0,0.17,4.3,26.8,41.7,2.2,5.0,5.0,0,35,36.8,56.2,0,24.7,45.5,11,4,1,1,0.13,1,,,,,,6,2,2,0.15,1,12,5,5,0.11,6,4,3,3,0.14,1,,,,,,5,4,4,0.05,5,11,6,6,0.09,6,,,,,,,,,,,,,,,,,,,,,,,,,,,,,,,56,5172,田村 慶,127期,徳島,徳島,25,B1,,0,0,0.19,5.09,36.2,47.2,5.3,30.0,65.0,0,21,39.3,56.7,0,36.9,55.4,,1,4,4,0.17,6,8,3,3,0.22,3,6,1,1,0.16,2,,,,,,6,2,2,0.22,3,11,6,6,0.13,5,5,5,5,0.06,6,,,,,,,,,,,,,,,,,,,,,,,,,,,,,,,,,,,,72,5356,長谷川 暖,134期,岡山,鳥取,21,B1,,1,0,0.15,4.82,27.8,40.9,0.0,0.0,0.0,0,63,29.5,48.5,0,32.2,51.6,,3,5,5,0.16,5,7,1,1,0.11,2,2,5,6,0.12,4,,,,,,1,2,2,0.35,3,9,4,3,0.11,5,5,6,6,0.16,3,,,,,,,,,,,,,,,,,,,,,,,,,,,,,,,,,,,
202609150906,2026-09-15,09,06R,67,3901,松田 憲幸,80期,山口,山口,49,B2,,0,0,0.22,4.7,30.1,44.3,4.25,25.0,31.2,0,18,34.6,53.8,0,33.5,51.5,1,4,6,6,0.17,5,,,,,,2,6,5,0.13,2,10,4,3,0.3,6,2,2,2,0.04,5,,,,,,1,4,4,0.21,2,6,1,1,0.09,1,,,,,,,,,,,,,,,,,,,,,,,,,,,,,,,41,3827,今泉 徹,78期,群馬,群馬,53,B1,,0,0,0.17,4.04,14.4,31.9,5.75,37.5,37.5,0,49,38.2,53.0,0,19.5,37.4,,3,4,4,0.12,6,8,1,1,0.18,2,3,6,6,0.28,4,,,,,,1,5,5,0.2,6,7,3,3,0.18,5,6,2,2,0.14,3,,,,,,,,,,,,,,,,,,,,,,,,,,,,,,,,,,,,34,4532,秋元 哲,103期,埼玉,栃木,37,A1,,1,0,0.13,6.98,56.3,72.4,6.51,32.5,60.4,0,66,26.3,37.5,0,38.2,56.3,12,8,4,4,0.24,4,12,1,1,0.11,1,6,6,6,0.23,4,11,2,2,0.27,2,,,,,,8,5,5,0.11,2,6,3,3,0.08,2,12,1,1,0.11,1,,,,,,,,,,,,,,,,,,,,,,,,,,,,,,,45,4977,馬野 耀,120期,大阪,大阪,32,A2,,0,0,0.16,6.16,41.1,63.7,5.33,27.7,61.1,0,51,42.2,60.2,0,36.6,51.8,10,3,3,3,0.12,2,10,6,6,0.2,2,,,,,,9,5,5,0.22,2,3,4,4,0.12,1,12,2,2,0.06,3,6,4,4,0.07,4,10,1,1,0.18,2,,,,,,,,,,,,,,,,,,,,,,,,,,,,,,,26,4390,松本 弓雄,98期,徳島,高知,40,B1,,0,0,0.2,3.9,17.0,34.0,6.33,44.4,66.6,0,24,39.5,61.8,0,38.9,51.9,11,3,1,1,0.09,4,,,,,,1,6,6,0.12,3,,,,,,2,3,3,0.05,2,6,4,4,0.13,6,6,5,5,0.11,6,11,2,2,0.13,3,,,,,,,,,,,,,,,,,,,,,,,,,,,,,,,68,3900,香川 素子,80期,滋賀,大阪,49,A2,,1,0,0.18,6.19,44.9,62.9,6.33,45.4,60.6,0,57,22.1,38.4,0,24.5,38.6,,5,1,1,0.22,1,10,5,5,0.16,6,6,4,4,0.17,5,,,,,,5,3,3,0.12,3,11,2,2,0.15,3,6,6,6,0.15,5,,,,,,,,,,,,,,,,,,,,,,,,,,,,,,,,,,,
202609150907,2026-09-15,09,07R,38,3211,北川 敏弘,57期,佐賀,佐賀,64,B1,,0,0,0.18,4.19,19.0,33.0,6.1,50.0,70.0,0,62,29.5,43.4,0,31.5,49.7,1,2,4,4,0.1,5,,,,,,1,2,2,0.19,5,6,5,5,0.16,6,5,6,6,0.17,4,,,,,,1,3,3,0.2,5,7,1,1,0.13,2,,,,,,,,,,,,,,,,,,,,,,,,,,,,,,,12,3973,崎 利仁,83期,群馬,栃木,50,B1,,0,0,0.21,4.57,25.4,42.1,3.4,12.5,20.8,0,55,28.5,39.4,0,28.4,37.7,2,4,3,3,0.08,3,,,,,,3,1,1,0.11,5,11,5,5,0.25,5,2,4,4,0.07,6,,,,,,2,6,6,0.24,4,7,2,2,0.1,4,,,,,,,,,,,,,,,,,,,,,,,,,,,,,,,15,4156,浜野 孝志,90期,三重,三重,45,A2,,0,0,0.17,5.37,30.9,52.2,5.74,39.5,57.1,0,43,26.3,39.5,0,40.7,58.5,3,,,,,,9,5,5,0.25,3,1,1,1,0.15,1,12,2,2,0.1,2,6,6,6,0.16,2,,,,,,3,4,4,0.19,1,7,3,3,0.11,1,,,,,,,,,,,,,,,,,,,,,,,,,,,,,,,23,5049,松井 友汰,123期,大阪,大阪,31,A2,,1,0,0.19,6.45,48.2,68.9,5.07,26.6,40.0,0,39,41.5,55.1,0,38.0,51.4,11,,,,,,7,5,5,0.06,5,4,2,2,0.12,1,12,6,6,0.16,5,,,,,,9,1,1,0.14,1,7,4,4,0.21,3,11,3,3,0.11,2,,,,,,,,,,,,,,,,,,,,,,,,,,,,,,,29,4695,尾崎 雄二,110期,長崎,長崎,40,A2,,0,0,0.15,5.26,36.8,50.5,2.67,0.0,33.3,0,17,25.5,39.6,0,34.1,56.7,12,,,,,,8,6,6,0.19,5,4,3,3,0.13,3,9,1,1,0.22,1,,,,,,9,5,4,0.09,3,7,5,5,0.15,5,12,2,2,0.06,3,,,,,,,,,,,,,,,,,,,,,,,,,,,,,,,35,4017,向井 美鈴,84期,山口,山口,46,B1,,0,0,0.2,5.61,36.7,58.6,5.91,36.3,63.6,0,41,42.5,61.9,0,21.0,35.0,,5,4,4,0.17,3,9,3,3,0.22,2,,,,,,9,2,2,0.23,4,7,1,1,0.21,3,12,5,5,0.15,6,,,,,,7,6,6,0.14,6,,,,,,,,,,,,,,,,,,,,,,,,,,,,,,
202609150908,2026-09-15,09,08R,65,4106,坂井 康嗣,88期,佐賀,佐賀,46,B1,,0,0,0.19,4.22,23.3,35.0,4.11,22.2,40.7,0,36,42.5,60.1,0,34.3,51.5,2,1,5,5,0.08,5,,,,,,2,2,2,0.21,6,8,6,6,0.29,6,1,4,4,0.18,5,,,,,,2,3,3,0.11,2,8,1,1,0.07,4,,,,,,,,,,,,,,,,,,,,,,,,,,,,,,,22,5073,上原 健次郎,124期,福岡,沖縄,31,A2,,0,0,0.18,5.28,31.3,43.4,4.13,13.3,40.0,0,11,27.7,44.5,0,33.9,54.3,12,,,,,,9,1,1,0.14,1,4,5,5,0.17,4,11,4,4,0.27,3,,,,,,10,3,3,0.06,3,8,2,2,0.05,3,12,6,6,0.18,5,,,,,,,,,,,,,,,,,,,,,,,,,,,,,,,27,4949,横田 貴満,119期,佐賀,熊本,33,A2,,0,0,0.16,5.95,38.8,57.6,0.0,0.0,0.0,0,70,34.1,50.9,0,27.2,41.3,,4,4,4,0.11,2,9,6,6,0.29,5,,,,,,10,1,1,0.22,5,4,2,2,0.12,5,11,5,5,0.16,2,,,,,,8,3,3,0.04,1,,,,,,,,,,,,,,,,,,,,,,,,,,,,,,,57,4318,桑原 将光,95期,東京,東京,42,A2,,1,0,0.16,5.31,26.2,57.5,5.41,40.7,51.8,0,15,36.1,52.4,0,36.0,51.4,,4,5,5,0.08,4,10,1,1,0.23,1,3,2,2,0.14,3,,,,,,8,3,3,0.08,5,12,6,6,0.09,5,,,,,,8,4,4,0.03,2,,,,,,,,,,,,,,,,,,,,,,,,,,,,,,,30,4581,吉村 誠,105期,静岡,静岡,37,A1,,1,0,0.14,6.59,49.0,70.0,5.92,30.5,58.3,0,60,26.0,48.0,0,35.1,49.3,4,4,2,2,0.1,6,12,6,6,0.09,5,,,,,,8,3,3,0.15,1,5,1,1,0.21,2,12,4,4,0.1,1,4,4,4,0.09,4,8,5,5,0.07,5,,,,,,,,,,,,,,,,,,,,,,,,,,,,,,,54,3580,水口 由紀,70期,滋賀,京都,53,B1,,0,0,0.2,4.47,17.7,42.2,4.68,21.4,42.8,0,69,23.4,40.0,0,22.8,41.7,1,5,5,5,0.16,6,,,,,,3,3,3,0.14,6,8,4,4,0.22,5,6,1,1,0.22,4,,,,,,1,2,2,0.2,4,8,6,6,0.06,6,,,,,,,,,,,,,,,,,,,,,,,,,,,,,,
202609150909,2026-09-15,09,09R,74,4259,真庭 明志,93期,長崎,長崎,42,A2,,0,0,0.15,5.66,34.9,57.1,3.6,20.0,40.0,0,22,38.6,60.1,0,39.8,52.5,4,6,4,4,0.17,4,,,,,,8,2,2,0.22,2,12,3,3,0.12,3,4,6,6,0.16,6,,,,,,4,5,5,0.14,6,9,1,1,0.02,1,,,,,,,,,,,,,,,,,,,,,,,,,,,,,,,24,5327,西田 和加,133期,埼玉,埼玉,22,B2,,1,0,0.19,1.91,1.8,3.7,1.5,0.0,0.0,0,34,26.4,45.5,0,32.9,44.8,2,6,5,5,0.2,6,,,,,,1,3,3,0.3,6,5,6,6,0.19,6,4,1,1,0.08,3,,,,,,2,5,5,0.2,5,9,2,2,0.06,5,,,,,,,,,,,,,,,,,,,,,,,,,,,,,,,14,4644,山田 亮太,108期,東京,東京,47,A1,,0,0,0.14,6.62,47.5,71.7,5.0,37.5,37.5,0,44,45.5,62.5,0,25.4,46.0,,7,3,3,0.12,1,12,4,4,0.13,2,4,6,6,0.18,5,10,5,2,0.17,3,6,5,5,0.11,1,12,1,1,0.07,2,,,,,,9,3,3,0.06,2,,,,,,,,,,,,,,,,,,,,,,,,,,,,,,,,4191,赤羽 克也,91期,欠場,,,A1,,0,0,,,,,,,,,,,,,,,,,,,,,11,1,1,0.22,5,6,3,3,0.14,3,10,3,6,0.19,1,,,,,,9,2,2,0.12,2,3,5,5,0.23,転,9,,4,,欠,,,,,,,,,,,,,,,,,,,,,,,,,,,,,,,69,5204,宇恵 有香,129期,三重,三重,29,B2,,0,0,0.18,4.65,21.9,45.0,4.78,25.4,44.4,0,71,30.2,45.6,0,35.1,53.0,5,5,3,3,0.17,2,,,,,,2,1,1,0.12,3,9,4,4,0.34,5,3,6,6,0.21,4,,,,,,5,2,2,0.07,2,9,4,5,0.05,4,,,,,,,,,,,,,,,,,,,,,,,,,,,,,,,25,4458,抹香 雄三,101期,広島,広島,40,B1,,0,0,0.15,5.49,29.7,57.6,4.27,11.5,42.3,0,58,40.2,52.3,0,37.2,53.2,,1,2,2,0.15,2,11,5,5,0.14,1,5,4,4,0.16,5,,,,,,1,3,3,0.16,2,8,1,1,0.09,1,,,,,,9,5,6,0.05,3,,,,,,,,,,,,,,,,,,,,,,,,,,,,,,
202609150910,2026-09-15,09,10R,45,4977,馬野 耀,120期,大阪,大阪,32,A2,,0,0,0.16,6.16,41.1,63.7,5.33,27.7,61.1,0,51,42.2,60.2,0,36.6,51.8,6,3,3,3,0.12,2,10,6,6,0.2,2,,,,,,9,5,5,0.22,2,3,4,4,0.12,1,12,2,2,0.06,3,6,4,4,0.07,4,10,1,1,0.18,2,,,,,,,,,,,,,,,,,,,,,,,,,,,,,,,18,4757,山田 祐也,112期,徳島,高知,37,A1,,0,0,0.15,6.61,45.7,58.8,6.17,39.1,54.3,0,27,33.5,48.3,0,37.2,55.8,,6,6,6,0.21,3,12,2,2,0.11,3,3,5,5,0.16,1,12,1,1,0.06,1,3,3,3,0.15,2,10,4,4,0.12,4,,,,,,10,2,2,0.12,1,,,,,,,,,,,,,,,,,,,,,,,,,,,,,,,11,4349,犬童 千秋,96期,福岡,宮崎,40,B1,,1,0,0.15,4.39,25.6,37.8,5.36,39.2,50.0,0,59,29.4,46.8,0,36.3,52.9,1,5,2,2,0.22,4,,,,,,1,5,5,0.12,4,7,1,1,0.21,1,,,,,,8,4,4,0.08,4,1,6,6,0.29,6,10,3,3,0.1,6,,,,,,,,,,,,,,,,,,,,,,,,,,,,,,,61,3619,長谷川 充,71期,群馬,群馬,52,B1,,0,0,0.19,5.14,30.0,52.2,5.95,36.8,56.1,0,19,17.5,44.1,0,27.9,40.4,3,2,3,3,0.11,4,,,,,,5,2,2,0.15,4,10,2,5,0.18,4,2,6,6,0.1,4,,,,,,3,1,1,0.16,2,10,4,4,0.15,3,,,,,,,,,,,,,,,,,,,,,,,,,,,,,,,63,4824,松井 洪弥,114期,三重,三重,33,A2,,0,0,0.12,5.97,45.2,55.6,6.17,46.1,58.4,0,25,39.2,55.3,0,31.6,50.3,,3,2,2,0.09,1,11,6,6,0.15,2,,,,,,10,6,4,0.19,2,1,1,1,0.17,1,12,3,3,0.08,4,,,,,,10,5,5,0.12,4,,,,,,,,,,,,,,,,,,,,,,,,,,,,,,,58,4702,三浦 敬太,110期,東京,北海道,39,A1,,0,0,0.14,5.82,41.4,58.5,6.44,55.5,55.5,0,23,31.6,47.8,0,23.0,40.0,4,6,3,3,0.16,1,11,4,4,0.13,6,,,,,,8,5,5,0.16,4,,,,,,11,1,1,0.12,1,4,2,2,0.09,1,10,6,6,0.21,5,,,,,,,,,,,,,,,,,,,,,,,,,,,,,,
202609150911,2026-09-15,09,11R,19,5005,石田 貴洋,121期,埼玉,埼玉,30,A1,,0,0,0.15,6.31,43.8,70.4,5.0,20.5,47.0,0,54,26.8,45.5,0,31.1,48.5,,,,,,,9,2,2,0.15,4,3,4,4,0.14,2,9,6,6,0.26,3,6,3,3,0.21,5,10,5,5,0.11,5,,,,,,11,1,1,0.11,1,,,,,,,,,,,,,,,,,,,,,,,,,,,,,,,26,4390,松本 弓雄,98期,徳島,高知,40,B1,,0,0,0.2,3.9,17.0,34.0,6.33,44.4,66.6,0,24,39.5,61.8,0,38.9,51.9,6,3,1,1,0.09,4,,,,,,1,6,6,0.12,3,,,,,,2,3,3,0.05,2,6,4,4,0.13,6,6,5,5,0.11,6,11,2,2,0.13,3,,,,,,,,,,,,,,,,,,,,,,,,,,,,,,,23,5049,松井 友汰,123期,大阪,大阪,31,A2,,1,0,0.19,6.45,48.2,68.9,5.07,26.6,40.0,0,39,41.5,55.1,0,38.0,51.4,7,,,,,,7,5,5,0.06,5,4,2,2,0.12,1,12,6,6,0.16,5,,,,,,9,1,1,0.14,1,7,4,4,0.21,3,11,3,3,0.11,2,,,,,,,,,,,,,,,,,,,,,,,,,,,,,,,52,4136,江夏 満,89期,福岡,福岡,46,A1,,0,0,0.17,6.33,42.1,63.1,5.97,41.3,65.5,0,47,30.8,45.2,0,35.1,56.5,3,1,1,1,0.05,1,12,5,5,0.2,4,,,,,,9,3,3,0.22,6,7,6,6,0.16,2,11,4,4,0.19,4,3,2,2,0.16,4,11,4,4,0.12,4,,,,,,,,,,,,,,,,,,,,,,,,,,,,,,,21,3629,浅見 昌克,72期,埼玉,埼玉,56,A2,,0,0,0.14,5.07,27.1,50.8,5.93,37.0,55.5,0,50,33.3,49.0,0,31.1,46.3,1,,,,,,7,2,2,0.19,4,5,3,3,0.12,2,11,6,6,0.22,4,,,,,,7,4,4,0.13,1,1,1,1,0.19,1,11,5,5,0.1,5,,,,,,,,,,,,,,,,,,,,,,,,,,,,,,,71,5359,佐藤 世那,134期,東京,宮城,20,B1,,1,0,0.17,4.3,26.8,41.7,2.2,5.0,5.0,0,35,36.8,56.2,0,24.7,45.5,5,4,1,1,0.13,1,,,,,,6,2,2,0.15,1,12,5,5,0.11,6,4,3,3,0.14,1,,,,,,5,4,4,0.05,5,11,6,6,0.09,6,,,,,,,,,,,,,,,,,,,,,,,,,,,,,,
202609150912,2026-09-15,09,12R,34,4532,秋元 哲,103期,埼玉,栃木,37,A1,,1,0,0.13,6.98,56.3,72.4,6.51,32.5,60.4,0,66,26.3,37.5,0,38.2,56.3,6,8,4,4,0.24,4,12,1,1,0.11,1,6,6,6,0.23,4,11,2,2,0.27,2,,,,,,8,5,5,0.11,2,6,3,3,0.08,2,12,1,1,0.11,1,,,,,,,,,,,,,,,,,,,,,,,,,,,,,,,29,4695,尾崎 雄二,110期,長崎,長崎,40,A2,,0,0,0.15,5.26,36.8,50.5,2.67,0.0,33.3,0,17,25.5,39.6,0,34.1,56.7,7,,,,,,8,6,6,0.19,5,4,3,3,0.13,3,9,1,1,0.22,1,,,,,,9,5,4,0.09,3,7,5,5,0.15,5,12,2,2,0.06,3,,,,,,,,,,,,,,,,,,,,,,,,,,,,,,,76,4933,板橋 侑我,118期,静岡,静岡,30,A2,,0,0,0.14,6.54,44.2,58.9,8.13,75.0,100.0,0,64,31.8,49.3,0,40.5,60.1,,7,6,6,0.08,3,11,2,2,0.21,4,,,,,,7,4,4,0.09,3,4,5,5,0.11,4,10,1,1,0.08,1,,,,,,12,3,3,0.04,4,,,,,,,,,,,,,,,,,,,,,,,,,,,,,,,49,3349,吉田 一郎,62期,長崎,長崎,58,A1,,0,0,0.17,6.03,40.0,61.2,6.0,57.1,57.1,0,45,25.0,40.5,0,42.0,56.0,3,,,,,,10,3,3,0.21,5,7,5,5,0.1,4,11,1,1,0.2,1,,,,,,7,2,2,0.12,4,3,6,6,0.26,5,12,4,4,0.2,2,,,,,,,,,,,,,,,,,,,,,,,,,,,,,,,50,4119,泥谷 一毅,88期,大阪,大阪,45,B1,,0,0,0.19,6.02,38.6,62.2,6.11,44.4,69.4,0,53,32.3,48.8,0,32.6,47.5,4,6,1,1,0.31,5,,,,,,2,4,4,0.14,1,7,6,6,0.11,2,5,2,2,0.21,1,,,,,,4,3,3,0.1,3,12,5,5,0.15,6,,,,,,,,,,,,,,,,,,,,,,,,,,,,,,,22,5073,上原 健次郎,124期,福岡,沖縄,31,A2,,0,0,0.18,5.28,31.3,43.4,4.13,13.3,40.0,0,11,27.7,44.5,0,33.9,54.3,8,,,,,,9,1,1,0.14,1,4,5,5,0.17,4,11,4,4,0.27,3,,,,,,10,3,3,0.06,3,8,2,2,0.05,3,12,6,6,0.18,5,,,,,,,,,,,,,,,,,,,,,,,,,,,,,,
202609151001,2026-09-15,10,01R,43,3940,飯山 泰,81期,東京,長野,48,A1,,0,0,0.14,6.3,47.4,63.5,7.4,64.4,77.7,0,50,30.2,46.7,0,27.4,44.2,11,6,4,4,0.14,3,12,1,1,0.1,1,5,3,3,0.11,3,11,6,6,0.11,4,4,5,5,0.08,3,11,3,3,0.16,6,1,1,1,0.12,1,11,5,5,0.08,6,,,,,,,,,,,,,,,,,,,,,,,,,,,,,,,12,3788,一宮 稔弘,77期,徳島,徳島,54,B2,,0,0,0.13,5.52,39.1,52.1,4.2,26.6,40.0,0,22,22.7,32.7,0,44.0,55.9,6,6,5,6,0.16,4,,,,,,5,4,4,0.08,5,10,3,3,0.15,5,6,3,5,0.09,5,,,,,,1,2,2,0.17,4,6,1,1,0.16,1,,,,,,,,,,,,,,,,,,,,,,,,,,,,,,,47,3587,武田 信一,70期,徳島,徳島,53,B1,,1,0,0.16,3.76,15.7,30.2,4.27,26.6,40.0,0,52,38.3,54.1,0,35.2,51.2,6,2,6,6,0.17,3,7,4,4,0.13,3,,,,,,11,2,1,0.09,5,1,5,5,0.11,3,7,2,2,0.24,4,1,3,3,0.34,5,6,4,4,0.15,2,,,,,,,,,,,,,,,,,,,,,,,,,,,,,,,57,3482,金子 猛志,66期,群馬,群馬,55,B1,,0,0,0.15,4.71,27.4,43.3,5.02,31.4,51.8,0,13,38.2,57.0,0,31.7,46.3,8,5,2,2,0.24,4,,,,,,2,5,5,0.03,1,11,3,3,0.12,6,1,4,4,0.07,2,9,1,1,0.09,2,1,4,4,0.13,3,8,6,6,0.13,2,,,,,,,,,,,,,,,,,,,,,,,,,,,,,,,41,5294,豊田 祥生,132期,静岡,静岡,24,B1,,0,0,0.17,3.61,17.3,24.0,3.43,13.0,26.0,0,47,19.6,35.9,0,19.1,30.3,9,,,,,,8,6,6,0.11,6,3,4,4,0.03,3,10,1,1,0.14,1,2,5,5,0.12,6,7,3,3,0.14,5,1,6,5,0.16,6,9,2,2,0.15,4,,,,,,,,,,,,,,,,,,,,,,,,,,,,,,,23,4203,小倉 康典,91期,群馬,群馬,44,B1,,0,0,0.14,4.56,29.7,42.8,4.22,22.2,44.4,0,29,30.0,44.1,0,33.5,56.7,5,1,4,4,0.22,6,,,,,,3,5,5,0.05,6,7,2,2,0.07,6,4,3,3,0.11,6,,,,,,1,5,6,0.14,2,5,1,1,0.13,3,,,,,,,,,,,,,,,,,,,,,,,,,,,,,,
202609151002,2026-09-15,10,02R,33,3613,角谷 健吾,71期,東京,東京,53,A2,,0,0,0.16,5.88,42.6,59.1,0.0,0.0,0.0,0,63,38.5,50.0,0,33.9,53.3,6,,,,,,7,5,5,0.13,4,4,3,3,0.15,5,10,2,2,0.19,3,,,,,,8,4,4,0.14,3,2,1,1,0.09,1,6,6,6,0.17,3,,,,,,,,,,,,,,,,,,,,,,,,,,,,,,,48,4155,長野 壮志郎,90期,福岡,福岡,45,A2,,0,0,0.16,6.16,47.2,63.8,4.0,30.0,40.0,0,12,37.4,52.8,0,34.1,57.3,10,4,4,4,0.18,2,10,5,5,0.11,4,3,3,3,0.05,1,12,2,2,0.19,4,3,1,1,0.18,1,12,4,4,0.16,6,2,2,2,0.19,2,10,5,5,0.13,6,,,,,,,,,,,,,,,,,,,,,,,,,,,,,,,72,4564,山本 景士郎,105期,広島,広島,38,B1,,0,0,0.19,4.68,22.2,44.4,4.57,26.6,43.3,0,11,26.3,41.8,0,33.3,53.3,9,4,2,2,0.24,4,8,5,5,0.11,5,6,4,4,0.18,5,,,,,,,,,,,7,6,6,0.19,6,2,3,3,0.16,6,9,1,1,0.15,1,,,,,,,,,,,,,,,,,,,,,,,,,,,,,,,69,4081,樋口 範政,87期,愛知,愛知,47,B1,,0,0,0.19,5.52,34.2,53.5,3.95,16.2,35.1,0,39,32.2,57.6,0,29.2,46.1,7,1,5,5,0.23,4,10,4,4,0.16,5,4,2,2,0.15,2,,,,,,1,6,6,0.15,6,6,1,1,0.06,1,2,4,4,0.06,3,7,3,3,0.11,1,,,,,,,,,,,,,,,,,,,,,,,,,,,,,,,68,4694,高田 綾,110期,福岡,福岡,41,B1,,0,0,0.2,4.47,20.6,41.3,0.0,0.0,0.0,0,14,34.1,45.8,0,26.3,47.2,7,3,5,5,0.11,3,,,,,,1,4,4,0.14,5,9,2,2,0.06,2,4,6,6,0.09,5,9,3,3,0.14,3,2,5,5,0.07,5,7,1,1,0.25,4,,,,,,,,,,,,,,,,,,,,,,,,,,,,,,,70,5323,香川 陽太,133期,滋賀,京都,23,B2,,0,0,0.18,4.64,25.5,43.6,2.9,5.0,20.0,0,56,27.6,44.7,0,29.5,45.0,8,,,,,,9,6,6,0.09,5,2,4,4,0.1,3,6,1,1,0.12,4,6,6,3,0.11,6,,,,,,2,6,6,0.08,4,8,3,2,0.11,6,,,,,,,,,,,,,,,,,,,,,,,,,,,,,,
202609151003,2026-09-15,10,03R,52,3746,岡瀬 正人,75期,岡山,岡山,51,A2,,0,0,0.18,5.74,35.0,56.4,7.45,63.6,81.8,0,21,32.3,49.2,0,34.5,51.8,11,7,2,2,0.09,2,11,4,4,0.24,2,4,5,5,0.17,3,9,3,3,0.09,5,4,1,1,0.13,1,10,6,6,0.15,6,3,1,1,0.18,1,11,6,6,0.14,5,,,,,,,,,,,,,,,,,,,,,,,,,,,,,,,53,4429,豊田 泰洋,100期,広島,広島,40,B1,,0,0,0.19,3.22,11.9,21.7,3.93,7.1,42.8,0,15,30.0,43.8,0,31.8,45.4,7,1,6,6,0.28,5,6,3,3,0.15,6,,,,,,9,1,1,0.02,4,3,4,4,0.12,4,,,,,,3,2,2,0.08,4,7,6,6,0.14,5,,,,,,,,,,,,,,,,,,,,,,,,,,,,,,,49,4233,亀山 雅幸,92期,群馬,群馬,43,A2,,0,0,0.17,6.05,45.9,63.1,5.88,62.5,62.5,0,42,42.2,59.3,0,23.3,45.8,9,4,6,6,0.24,5,9,4,4,0.06,3,2,1,1,0.07,5,8,3,3,0.18,2,6,2,2,0.14,4,,,,,,3,3,3,0.14,3,9,5,5,0.2,3,,,,,,,,,,,,,,,,,,,,,,,,,,,,,,,11,4317,木村 紗友希,95期,静岡,静岡,42,B1,,0,0,0.18,4.42,24.7,35.4,5.28,44.4,44.4,0,60,31.6,44.8,0,29.5,52.1,10,1,2,2,0.21,1,5,4,4,0.14,3,1,5,5,0.13,2,,,,,,3,6,6,0.11,6,10,2,2,0.2,3,3,4,4,0.14,2,10,1,1,0.13,1,,,,,,,,,,,,,,,,,,,,,,,,,,,,,,,32,4139,丹下 健,89期,愛知,愛知,45,B1,,0,0,0.19,4.55,27.2,45.4,5.08,33.3,50.0,0,68,11.8,26.7,0,36.2,48.2,7,2,4,4,0.15,5,11,6,6,0.33,6,,,,,,8,1,1,0.15,1,1,3,3,0.09,4,8,5,5,0.19,6,3,5,5,0.23,6,7,2,2,0.19,6,,,,,,,,,,,,,,,,,,,,,,,,,,,,,,,37,3967,鈴木 茂高,82期,愛知,愛知,47,B1,,1,0,0.19,4.31,25.9,38.2,4.29,19.3,35.4,0,67,25.8,38.7,0,36.2,51.7,8,5,6,5,0.24,6,,,,,,3,2,2,0.14,5,8,4,4,0.25,6,2,3,3,0.13,5,,,,,,3,6,6,0.24,5,8,1,1,0.08,1,,,,,,,,,,,,,,,,,,,,,,,,,,,,,,
202609151004,2026-09-15,10,04R,46,3659,藤生 雄人,72期,群馬,群馬,51,A2,,0,0,0.17,5.53,32.1,56.7,5.75,41.6,58.3,0,58,33.0,46.7,0,37.4,52.8,,3,3,3,0.09,5,11,5,5,0.36,5,6,2,2,0.14,3,10,4,4,0.17,2,,,,,,8,6,6,0.18,4,4,2,1,0.11,6,,,,,,,,,,,,,,,,,,,,,,,,,,,,,,,,,,,,13,3563,堤 昇,70期,静岡,静岡,56,B1,,0,0,0.15,5.94,41.7,63.4,4.6,24.0,40.0,0,53,33.3,48.4,0,29.8,47.5,10,2,5,5,0.17,4,9,2,2,0.08,4,6,3,3,0.14,1,,,,,,7,1,1,0.12,1,11,4,6,0.19,5,4,1,2,0.13,1,10,4,4,0.12,2,,,,,,,,,,,,,,,,,,,,,,,,,,,,,,,28,3645,淺田 千亜希,72期,徳島,徳島,53,B2,,1,0,0.15,4.55,33.3,36.3,0.0,0.0,0.0,0,57,42.7,62.9,0,41.2,54.7,8,4,5,5,0.19,6,,,,,,1,3,3,0.13,4,5,2,2,0.19,2,2,6,6,0.11,4,8,1,1,0.12,2,4,3,3,0.07,2,8,4,4,0.09,4,,,,,,,,,,,,,,,,,,,,,,,,,,,,,,,67,4003,表 憲一,84期,福井,石川,48,B1,,0,0,0.18,5.68,35.6,59.7,5.44,29.8,55.1,0,38,27.8,40.9,0,35.0,48.7,10,4,3,3,0.18,3,11,1,1,0.11,1,2,6,6,0.07,4,,,,,,2,4,4,0.13,2,10,3,3,0.19,5,4,4,4,0.09,4,10,3,3,0.16,5,,,,,,,,,,,,,,,,,,,,,,,,,,,,,,,25,4950,高岡 竜也,119期,山口,山口,33,A1,,0,0,0.16,6.17,46.6,60.1,5.35,41.1,47.0,0,17,37.0,57.0,0,35.7,54.7,9,3,1,1,0.03,2,9,5,5,0.09,6,8,2,2,0.2,5,12,6,6,0.06,3,,,,,,9,4,4,0.21,4,4,5,5,0.1,3,9,3,3,0.17,2,,,,,,,,,,,,,,,,,,,,,,,,,,,,,,,19,5045,平川 香織,122期,埼玉,東京,26,A2,賞除,1,0,0.19,7.05,52.4,76.7,4.1,15.0,35.0,0,40,39.2,58.4,0,39.2,57.6,,6,2,2,0.19,1,10,6,6,0.15,3,1,1,1,0.33,1,11,5,5,0.11,2,6,5,4,0.26,3,11,1,1,0.24,4,4,6,6,0.17,5,,,,,,,,,,,,,,,,,,,,,,,,,,,,,,,,,,,
202609151005,2026-09-15,10,05R,23,4203,小倉 康典,91期,群馬,群馬,44,B1,,0,0,0.14,4.56,29.7,42.8,4.22,22.2,44.4,0,29,30.0,44.1,0,33.5,56.7,1,1,4,4,0.22,6,,,,,,3,5,5,0.05,6,7,2,2,0.07,6,4,3,3,0.11,6,,,,,,1,5,6,0.14,2,5,1,1,0.13,3,,,,,,,,,,,,,,,,,,,,,,,,,,,,,,,54,4589,塩崎 桐加,105期,三重,三重,34,B1,,0,0,0.17,5.69,33.3,58.3,6.67,55.5,66.6,0,59,25.4,46.6,0,35.8,48.3,11,,,,,,9,1,1,0.11,1,1,6,6,0.09,3,7,5,4,0.16,3,7,5,5,0.2,3,12,3,3,0.11,3,5,2,2,0.19,2,11,1,1,0.17,2,,,,,,,,,,,,,,,,,,,,,,,,,,,,,,,58,3968,茶谷 信次,83期,滋賀,滋賀,50,A2,,0,0,0.18,5.04,28.9,51.8,6.02,36.1,63.8,0,16,21.4,36.6,0,39.8,57.8,9,6,6,5,0.22,2,11,2,2,0.15,4,,,,,,7,3,3,0.05,1,1,1,1,0.18,1,5,4,4,0.11,2,5,3,3,0.1,5,9,6,6,0.18,5,,,,,,,,,,,,,,,,,,,,,,,,,,,,,,,27,3156,金子 良昭,54期,静岡,静岡,61,B1,,1,0,0.17,4.05,21.8,34.4,4.73,23.3,40.0,0,51,38.5,60.6,0,32.2,55.0,,,,,,,10,1,1,0.13,1,2,3,3,0.15,6,9,4,6,0.11,6,3,5,5,0.08,5,8,2,2,0.21,5,5,4,4,0.19,4,,,,,,,,,,,,,,,,,,,,,,,,,,,,,,,,,,,,30,5141,大澤 風葵,126期,群馬,群馬,25,A1,,1,0,0.14,6.53,56.2,67.7,7.5,66.6,75.0,0,35,47.0,62.3,0,33.6,47.5,10,2,2,2,0.14,2,12,6,6,0.08,5,4,1,1,0.22,1,8,5,5,0.19,3,4,4,4,0.09,2,12,2,2,0.07,4,5,5,5,0.09,1,10,2,2,0.13,3,,,,,,,,,,,,,,,,,,,,,,,,,,,,,,,65,3474,松瀬 弘美,66期,静岡,静岡,56,B1,,0,0,0.19,4.73,26.9,45.1,5.46,33.3,53.8,0,26,20.5,36.6,0,31.7,49.2,9,,,,,,7,3,3,0.08,6,1,2,2,0.19,6,10,5,5,0.18,4,5,1,1,0.11,6,,,,,,5,6,6,0.14,6,9,4,4,0.15,6,,,,,,,,,,,,,,,,,,,,,,,,,,,,,,
202609151006,2026-09-15,10,06R,12,3788,一宮 稔弘,77期,徳島,徳島,54,B2,,0,0,0.13,5.52,39.1,52.1,4.2,26.6,40.0,0,22,22.7,32.7,0,44.0,55.9,1,6,5,6,0.16,4,,,,,,5,4,4,0.08,5,10,3,3,0.15,5,6,3,5,0.09,5,,,,,,1,2,2,0.17,4,6,1,1,0.16,1,,,,,,,,,,,,,,,,,,,,,,,,,,,,,,,60,4930,佐藤 悠,118期,福井,石川,30,A2,,0,0,0.16,6.22,41.7,66.9,5.99,38.7,60.6,0,27,38.1,55.5,0,32.3,47.6,10,5,1,1,0.19,1,9,3,3,0.06,2,5,6,6,0.07,6,12,4,4,0.04,5,,,,,,9,2,2,0.11,1,6,2,2,0.15,落,10,6,6,0.13,4,,,,,,,,,,,,,,,,,,,,,,,,,,,,,,,44,3805,高橋 英之,77期,東京,東京,52,B1,,0,0,0.14,5.46,34.8,55.0,5.28,44.4,55.5,0,28,30.0,50.3,0,39.8,52.2,11,3,6,6,0.14,4,10,3,3,0.17,2,,,,,,7,1,1,0.09,2,5,2,2,0.1,4,12,5,5,0.09,5,6,3,3,0.11,4,11,4,4,0.05,3,,,,,,,,,,,,,,,,,,,,,,,,,,,,,,,47,3587,武田 信一,70期,徳島,徳島,53,B1,,1,0,0.16,3.76,15.7,30.2,4.27,26.6,40.0,0,52,38.3,54.1,0,35.2,51.2,1,2,6,6,0.17,3,7,4,4,0.13,3,,,,,,11,2,1,0.09,5,1,5,5,0.11,3,7,2,2,0.24,4,1,3,3,0.34,5,6,4,4,0.15,2,,,,,,,,,,,,,,,,,,,,,,,,,,,,,,,50,3251,平石 和男,58期,埼玉,埼玉,60,A2,,0,0,0.2,5.89,37.4,64.2,5.78,42.1,63.1,0,41,26.2,45.0,0,33.3,49.1,11,2,1,1,0.19,1,8,3,3,0.15,2,7,6,6,0.24,5,11,4,4,0.12,3,2,2,2,0.17,1,10,4,4,0.16,4,6,5,5,0.22,5,11,3,3,0.1,4,,,,,,,,,,,,,,,,,,,,,,,,,,,,,,,33,3613,角谷 健吾,71期,東京,東京,53,A2,,0,0,0.16,5.88,42.6,59.1,0.0,0.0,0.0,0,63,38.5,50.0,0,33.9,53.3,2,,,,,,7,5,5,0.13,4,4,3,3,0.15,5,10,2,2,0.19,3,,,,,,8,4,4,0.14,3,2,1,1,0.09,1,6,6,6,0.17,3,,,,,,,,,,,,,,,,,,,,,,,,,,,,,,
202609151007,2026-09-15,10,07R,68,4694,高田 綾,110期,福岡,福岡,41,B1,,0,0,0.2,4.47,20.6,41.3,0.0,0.0,0.0,0,14,34.1,45.8,0,26.3,47.2,2,3,5,5,0.11,3,,,,,,1,4,4,0.14,5,9,2,2,0.06,2,4,6,6,0.09,5,9,3,3,0.14,3,2,5,5,0.07,5,7,1,1,0.25,4,,,,,,,,,,,,,,,,,,,,,,,,,,,,,,,32,4139,丹下 健,89期,愛知,愛知,45,B1,,0,0,0.19,4.55,27.2,45.4,5.08,33.3,50.0,0,68,11.8,26.7,0,36.2,48.2,3,2,4,4,0.15,5,11,6,6,0.33,6,,,,,,8,1,1,0.15,1,1,3,3,0.09,4,8,5,5,0.19,6,3,5,5,0.23,6,7,2,2,0.19,6,,,,,,,,,,,,,,,,,,,,,,,,,,,,,,,69,4081,樋口 範政,87期,愛知,愛知,47,B1,,0,0,0.19,5.52,34.2,53.5,3.95,16.2,35.1,0,39,32.2,57.6,0,29.2,46.1,2,1,5,5,0.23,4,10,4,4,0.16,5,4,2,2,0.15,2,,,,,,1,6,6,0.15,6,6,1,1,0.06,1,2,4,4,0.06,3,7,3,3,0.11,1,,,,,,,,,,,,,,,,,,,,,,,,,,,,,,,62,4890,石川 諒,117期,山口,山口,37,A2,,1,0,0.14,5.93,39.3,64.8,3.67,33.3,33.3,0,45,38.1,56.3,0,33.6,47.9,,5,3,3,0.19,5,10,2,2,0.15,6,5,5,5,0.09,4,,,,,,2,1,1,0.21,3,9,6,6,0.22,5,,,,,,7,4,4,0.07,2,,,,,,,,,,,,,,,,,,,,,,,,,,,,,,,14,5029,中 亮太,122期,福岡,熊本,29,A1,,0,0,0.14,7.01,56.4,70.9,6.1,30.0,70.0,0,20,36.9,54.6,0,36.8,54.1,11,1,1,1,0.21,2,12,4,4,0.11,3,2,2,2,0.08,2,10,6,6,0.19,6,3,3,3,0.14,3,11,5,4,0.09,3,7,5,5,0.12,3,11,2,2,0.12,1,,,,,,,,,,,,,,,,,,,,,,,,,,,,,,,53,4429,豊田 泰洋,100期,広島,広島,40,B1,,0,0,0.19,3.22,11.9,21.7,3.93,7.1,42.8,0,15,30.0,43.8,0,31.8,45.4,3,1,6,6,0.28,5,6,3,3,0.15,6,,,,,,9,1,1,0.02,4,3,4,4,0.12,4,,,,,,3,2,2,0.08,4,7,6,6,0.14,5,,,,,,,,,,,,,,,,,,,,,,,,,,,,,,
202609151008,2026-09-15,10,08R,37,3967,鈴木 茂高,82期,愛知,愛知,47,B1,,1,0,0.19,4.31,25.9,38.2,4.29,19.3,35.4,0,67,25.8,38.7,0,36.2,51.7,3,5,6,5,0.24,6,,,,,,3,2,2,0.14,5,8,4,4,0.25,6,2,3,3,0.13,5,,,,,,3,6,6,0.24,5,8,1,1,0.08,1,,,,,,,,,,,,,,,,,,,,,,,,,,,,,,,70,5323,香川 陽太,133期,滋賀,京都,23,B2,,0,0,0.18,4.64,25.5,43.6,2.9,5.0,20.0,0,56,27.6,44.7,0,29.5,45.0,2,,,,,,9,6,6,0.09,5,2,4,4,0.1,3,6,1,1,0.12,4,6,6,3,0.11,6,,,,,,2,6,6,0.08,4,8,3,2,0.11,6,,,,,,,,,,,,,,,,,,,,,,,,,,,,,,,63,3442,宮武 英司,65期,香川,香川,57,B1,,0,0,0.16,4.26,21.2,38.3,5.8,30.0,60.0,0,69,28.9,47.3,0,32.5,42.6,,3,4,4,0.16,6,8,1,1,0.12,1,4,6,6,0.15,6,,,,,,3,2,2,0.15,2,9,5,5,0.19,6,,,,,,8,2,3,0.09,3,,,,,,,,,,,,,,,,,,,,,,,,,,,,,,,28,3645,淺田 千亜希,72期,徳島,徳島,53,B2,,1,0,0.15,4.55,33.3,36.3,0.0,0.0,0.0,0,57,42.7,62.9,0,41.2,54.7,4,4,5,5,0.19,6,,,,,,1,3,3,0.13,4,5,2,2,0.19,2,2,6,6,0.11,4,8,1,1,0.12,2,4,3,3,0.07,2,8,4,4,0.09,4,,,,,,,,,,,,,,,,,,,,,,,,,,,,,,,34,3620,信濃 由行,71期,福井,石川,52,B1,,0,0,0.18,3.21,6.6,22.6,3.97,18.8,35.8,0,37,32.5,46.3,0,38.1,52.5,,2,3,3,0.15,6,6,1,1,0.16,5,3,6,6,0.09,4,,,,,,1,2,2,0.11,5,7,4,4,0.15,2,,,,,,8,5,5,0.12,5,,,,,,,,,,,,,,,,,,,,,,,,,,,,,,,57,3482,金子 猛志,66期,群馬,群馬,55,B1,,0,0,0.15,4.71,27.4,43.3,5.02,31.4,51.8,0,13,38.2,57.0,0,31.7,46.3,1,5,2,2,0.24,4,,,,,,2,5,5,0.03,1,11,3,3,0.12,6,1,4,4,0.07,2,9,1,1,0.09,2,1,4,4,0.13,3,8,6,6,0.13,2,,,,,,,,,,,,,,,,,,,,,,,,,,,,,,
202609151009,2026-09-15,10,09R,72,4564,山本 景士郎,105期,広島,広島,38,B1,,0,0,0.19,4.68,22.2,44.4,4.57,26.6,43.3,0,11,26.3,41.8,0,33.3,53.3,2,4,2,2,0.24,4,8,5,5,0.11,5,6,4,4,0.18,5,,,,,,,,,,,7,6,6,0.19,6,2,3,3,0.16,6,9,1,1,0.15,1,,,,,,,,,,,,,,,,,,,,,,,,,,,,,,,41,5294,豊田 祥生,132期,静岡,静岡,24,B1,,0,0,0.17,3.61,17.3,24.0,3.43,13.0,26.0,0,47,19.6,35.9,0,19.1,30.3,1,,,,,,8,6,6,0.11,6,3,4,4,0.03,3,10,1,1,0.14,1,2,5,5,0.12,6,7,3,3,0.14,5,1,6,5,0.16,6,9,2,2,0.15,4,,,,,,,,,,,,,,,,,,,,,,,,,,,,,,,25,4950,高岡 竜也,119期,山口,山口,33,A1,,0,0,0.16,6.17,46.6,60.1,5.35,41.1,47.0,0,17,37.0,57.0,0,35.7,54.7,4,3,1,1,0.03,2,9,5,5,0.09,6,8,2,2,0.2,5,12,6,6,0.06,3,,,,,,9,4,4,0.21,4,4,5,5,0.1,3,9,3,3,0.17,2,,,,,,,,,,,,,,,,,,,,,,,,,,,,,,,65,3474,松瀬 弘美,66期,静岡,静岡,56,B1,,0,0,0.19,4.73,26.9,45.1,5.46,33.3,53.8,0,26,20.5,36.6,0,31.7,49.2,5,,,,,,7,3,3,0.08,6,1,2,2,0.19,6,10,5,5,0.18,4,5,1,1,0.11,6,,,,,,5,6,6,0.14,6,9,4,4,0.15,6,,,,,,,,,,,,,,,,,,,,,,,,,,,,,,,49,4233,亀山 雅幸,92期,群馬,群馬,43,A2,,0,0,0.17,6.05,45.9,63.1,5.88,62.5,62.5,0,42,42.2,59.3,0,23.3,45.8,3,4,6,6,0.24,5,9,4,4,0.06,3,2,1,1,0.07,5,8,3,3,0.18,2,6,2,2,0.14,4,,,,,,3,3,3,0.14,3,9,5,5,0.2,3,,,,,,,,,,,,,,,,,,,,,,,,,,,,,,,58,3968,茶谷 信次,83期,滋賀,滋賀,50,A2,,0,0,0.18,5.04,28.9,51.8,6.02,36.1,63.8,0,16,21.4,36.6,0,39.8,57.8,5,6,6,5,0.22,2,11,2,2,0.15,4,,,,,,7,3,3,0.05,1,1,1,1,0.18,1,5,4,4,0.11,2,5,3,3,0.1,5,9,6,6,0.18,5,,,,,,,,,,,,,,,,,,,,,,,,,,,,,,
202609151010,2026-09-15,10,10R,11,4317,木村 紗友希,95期,静岡,静岡,42,B1,,0,0,0.18,4.42,24.7,35.4,5.28,44.4,44.4,0,60,31.6,44.8,0,29.5,52.1,3,1,2,2,0.21,1,5,4,4,0.14,3,1,5,5,0.13,2,,,,,,3,6,6,0.11,6,10,2,2,0.2,3,3,4,4,0.14,2,10,1,1,0.13,1,,,,,,,,,,,,,,,,,,,,,,,,,,,,,,,30,5141,大澤 風葵,126期,群馬,群馬,25,A1,,1,0,0.14,6.53,56.2,67.7,7.5,66.6,75.0,0,35,47.0,62.3,0,33.6,47.5,5,2,2,2,0.14,2,12,6,6,0.08,5,4,1,1,0.22,1,8,5,5,0.19,3,4,4,4,0.09,2,12,2,2,0.07,4,5,5,5,0.09,1,10,2,2,0.13,3,,,,,,,,,,,,,,,,,,,,,,,,,,,,,,,67,4003,表 憲一,84期,福井,石川,48,B1,,0,0,0.18,5.68,35.6,59.7,5.44,29.8,55.1,0,38,27.8,40.9,0,35.0,48.7,4,4,3,3,0.18,3,11,1,1,0.11,1,2,6,6,0.07,4,,,,,,2,4,4,0.13,2,10,3,3,0.19,5,4,4,4,0.09,4,10,3,3,0.16,5,,,,,,,,,,,,,,,,,,,,,,,,,,,,,,,13,3563,堤 昇,70期,静岡,静岡,56,B1,,0,0,0.15,5.94,41.7,63.4,4.6,24.0,40.0,0,53,33.3,48.4,0,29.8,47.5,4,2,5,5,0.17,4,9,2,2,0.08,4,6,3,3,0.14,1,,,,,,7,1,1,0.12,1,11,4,6,0.19,5,4,1,2,0.13,1,10,4,4,0.12,2,,,,,,,,,,,,,,,,,,,,,,,,,,,,,,,48,4155,長野 壮志郎,90期,福岡,福岡,45,A2,,0,0,0.16,6.16,47.2,63.8,4.0,30.0,40.0,0,12,37.4,52.8,0,34.1,57.3,2,4,4,4,0.18,2,10,5,5,0.11,4,3,3,3,0.05,1,12,2,2,0.19,4,3,1,1,0.18,1,12,4,4,0.16,6,2,2,2,0.19,2,10,5,5,0.13,6,,,,,,,,,,,,,,,,,,,,,,,,,,,,,,,24,4930,佐藤 悠,118期,福井,石川,30,A2,,0,0,0.16,6.22,41.7,66.9,5.99,38.7,60.6,0,27,38.1,55.5,1,40.0,62.3,6,5,1,1,0.19,1,9,3,3,0.06,2,5,6,6,0.07,6,12,4,4,0.04,5,,,,,,9,2,2,0.11,1,6,2,2,0.15,落,10,6,6,0.13,4,,,,,,,,,,,,,,,,,,,,,,,,,,,,,,
202609151011,2026-09-15,10,11R,54,4589,塩崎 桐加,105期,三重,三重,34,B1,,0,0,0.17,5.69,33.3,58.3,6.67,55.5,66.6,0,59,25.4,46.6,0,35.8,48.3,5,,,,,,9,1,1,0.11,1,1,6,6,0.09,3,7,5,4,0.16,3,7,5,5,0.2,3,12,3,3,0.11,3,5,2,2,0.19,2,11,1,1,0.17,2,,,,,,,,,,,,,,,,,,,,,,,,,,,,,,,14,5029,中 亮太,122期,福岡,熊本,29,A1,,0,0,0.14,7.01,56.4,70.9,6.1,30.0,70.0,0,20,36.9,54.6,0,36.8,54.1,7,1,1,1,0.21,2,12,4,4,0.11,3,2,2,2,0.08,2,10,6,6,0.19,6,3,3,3,0.14,3,11,5,4,0.09,3,7,5,5,0.12,3,11,2,2,0.12,1,,,,,,,,,,,,,,,,,,,,,,,,,,,,,,,50,3251,平石 和男,58期,埼玉,埼玉,60,A2,,0,0,0.2,5.89,37.4,64.2,5.78,42.1,63.1,0,41,26.2,45.0,0,33.3,49.1,6,2,1,1,0.19,1,8,3,3,0.15,2,7,6,6,0.24,5,11,4,4,0.12,3,2,2,2,0.17,1,10,4,4,0.16,4,6,5,5,0.22,5,11,3,3,0.1,4,,,,,,,,,,,,,,,,,,,,,,,,,,,,,,,17,3805,高橋 英之,77期,東京,東京,52,B1,,0,0,0.14,5.46,34.8,55.0,5.28,44.4,55.5,0,28,30.0,50.3,1,24.4,44.8,6,3,6,6,0.14,4,10,3,3,0.17,2,,,,,,7,1,1,0.09,2,5,2,2,0.1,4,12,5,5,0.09,5,6,3,3,0.11,4,11,4,4,0.05,3,,,,,,,,,,,,,,,,,,,,,,,,,,,,,,,43,3940,飯山 泰,81期,東京,長野,48,A1,,0,0,0.14,6.3,47.4,63.5,7.4,64.4,77.7,0,50,30.2,46.7,0,27.4,44.2,1,6,4,4,0.14,3,12,1,1,0.1,1,5,3,3,0.11,3,11,6,6,0.11,4,4,5,5,0.08,3,11,3,3,0.16,6,1,1,1,0.12,1,11,5,5,0.08,6,,,,,,,,,,,,,,,,,,,,,,,,,,,,,,,52,3746,岡瀬 正人,75期,岡山,岡山,51,A2,,0,0,0.18,5.74,35.0,56.4,7.45,63.6,81.8,0,21,32.3,49.2,0,34.5,51.8,3,7,2,2,0.09,2,11,4,4,0.24,2,4,5,5,0.17,3,9,3,3,0.09,5,4,1,1,0.13,1,10,6,6,0.15,6,3,1,1,0.18,1,11,6,6,0.14,5,,,,,,,,,,,,,,,,,,,,,,,,,,,,,,
202609151012,2026-09-15,10,12R,66,4953,尾上 雅也,119期,埼玉,埼玉,31,A1,,0,0,0.16,6.46,48.8,65.6,7.08,50.0,75.0,0,64,32.5,50.8,0,34.3,56.4,,5,5,6,0.13,2,11,3,3,0.19,3,3,1,1,0.1,2,9,5,4,0.12,1,5,5,5,0.08,5,12,1,1,0.09,1,,,,,,12,1,1,0.19,1,,,,,,,,,,,,,,,,,,,,,,,,,,,,,,,15,4199,北川 潤二,91期,愛知,愛知,44,A1,,0,0,0.15,6.29,44.4,63.7,6.47,58.8,64.7,0,33,36.2,50.0,0,36.6,51.9,,8,4,4,0.09,3,12,3,3,0.08,2,7,4,5,0.04,4,12,1,1,0.15,1,6,4,6,0.12,2,10,1,1,0.18,1,,,,,,12,2,2,0.21,2,,,,,,,,,,,,,,,,,,,,,,,,,,,,,,,55,4432,黄金井 力良,100期,埼玉,埼玉,40,B1,,0,0,0.16,5.23,28.7,54.2,5.17,31.9,46.8,0,36,31.7,52.7,0,32.5,51.2,,1,3,3,0.22,3,7,1,1,0.1,1,,,,,,8,6,6,0.22,4,4,2,2,0.09,4,11,6,5,0.08,1,,,,,,12,5,3,0.29,6,,,,,,,,,,,,,,,,,,,,,,,,,,,,,,,16,3699,富永 正人,74期,埼玉,埼玉,53,B1,,0,0,0.19,4.39,24.3,37.8,4.48,32.0,40.0,0,48,28.1,43.7,0,37.2,52.5,,3,2,2,0.11,1,,,,,,4,4,4,0.15,4,12,5,5,0.05,2,5,6,6,0.09,3,11,2,2,0.22,2,,,,,,12,3,4,0.27,4,,,,,,,,,,,,,,,,,,,,,,,,,,,,,,,39,4931,木谷 賢太,118期,香川,香川,30,A1,,0,0,0.15,6.76,51.9,71.6,5.78,33.3,55.5,0,32,23.9,47.0,0,28.5,42.8,,7,6,6,0.16,5,12,2,2,0.12,4,5,1,1,0.05,1,9,6,5,0.13,3,5,3,3,0.07,1,10,5,5,0.13,2,,,,,,12,6,5,0.22,3,,,,,,,,,,,,,,,,,,,,,,,,,,,,,,,71,5034,若林 義人,122期,静岡,静岡,28,A1,,0,0,0.12,6.42,47.0,65.4,7.07,48.1,74.0,0,54,41.0,59.8,0,39.4,60.5,,4,1,1,0.15,1,12,5,5,0.09,転,6,6,6,0.03,2,11,1,2,0.09,1,8,3,3,0.19,1,12,6,6,0.14,2,,,,,,12,4,6,0.28,5,,,,,,,,,,,,,,,,,,,,,,,,,,,,,,
202609151101,2026-09-15,11,01R,14,4116,川田 正人,88期,徳島,徳島,45,B1,,1,0,0.18,4.42,12.8,46.1,4.71,28.5,42.8,0,71,32.9,54.6,0,7.6,17.5,8,2,4,4,0.22,4,11,3,3,0.23,4,,,,,,9,6,6,0.35,5,1,1,1,0.21,2,8,5,5,0.14,2,,,,,,,,,,,,,,,,,,,,,,,,,,,,,,,,,,,,,,,,,34,4380,鈴木 峻佑,98期,静岡,静岡,42,B1,,0,0,0.17,4.91,30.1,43.4,4.23,25.7,34.2,0,17,25.7,37.1,0,43.7,58.3,11,4,4,4,0.09,4,8,1,1,0.09,1,,,,,,10,6,6,0.28,6,1,2,2,0.25,6,11,5,5,0.09,5,,,,,,,,,,,,,,,,,,,,,,,,,,,,,,,,,,,,,,,,,47,3896,上田 洋平,80期,滋賀,滋賀,50,B1,,0,0,0.16,5.14,25.0,56.9,5.34,34.1,54.7,0,32,35.3,46.4,0,38.1,55.2,,,,,,,7,5,5,0.12,6,1,1,1,0.23,1,7,4,4,0.2,3,1,3,3,0.3,1,,,,,,,,,,,,,,,,,,,,,,,,,,,,,,,,,,,,,,,,,,,,,,61,4894,原村 拓也,117期,香川,香川,35,B1,,0,0,0.19,4.52,19.7,39.5,4.75,25.0,50.0,0,55,30.9,51.5,0,37.3,50.5,10,4,1,1,0.18,3,,,,,,2,2,2,0.17,2,12,5,5,0.14,4,1,4,4,0.29,5,10,3,3,0.27,5,,,,,,,,,,,,,,,,,,,,,,,,,,,,,,,,,,,,,,,,,21,4957,竹之内 極,119期,福岡,鹿児島,31,B1,,0,0,0.17,5.44,34.6,55.1,0.0,0.0,0.0,0,18,47.6,60.9,0,31.1,49.4,5,,,,,,7,1,1,0.12,2,4,4,4,0.14,3,11,3,3,0.14,4,1,5,5,0.36,4,5,2,2,0.08,4,,,,,,,,,,,,,,,,,,,,,,,,,,,,,,,,,,,,,,,,,71,3441,土屋 太朗,65期,群馬,群馬,57,B1,,0,0,0.18,4.84,25.2,44.4,5.7,30.0,60.0,0,38,28.4,44.1,0,31.1,47.3,9,5,4,4,0.12,2,,,,,,1,3,3,0.16,4,8,1,1,0.09,2,1,6,6,0.41,3,9,2,2,0.18,5,,,,,,,,,,,,,,,,,,,,,,,,,,,,,,,,,,,,,,,,
202609151102,2026-09-15,11,02R,35,4974,安井 瑞紀,120期,岡山,岡山,33,A2,,1,0,0.18,5.47,38.1,50.0,4.92,28.0,52.0,0,54,30.3,46.4,0,29.3,39.1,10,6,4,4,0.12,2,11,2,2,0.18,6,4,6,6,0.13,5,,,,,,2,1,1,0.17,2,10,5,5,0.19,4,,,,,,,,,,,,,,,,,,,,,,,,,,,,,,,,,,,,,,,,,25,4183,宇野 弥生,90期,愛知,埼玉,40,B1,,2,0,0.13,5.23,39.5,48.8,7.37,59.2,74.0,0,62,24.5,39.2,0,41.9,61.9,9,6,3,3,0.14,6,,,,,,2,1,1,0.23,6,9,5,5,0.3,6,2,2,2,0.23,4,9,3,3,0.2,2,,,,,,,,,,,,,,,,,,,,,,,,,,,,,,,,,,,,,,,,,12,3518,倉田 郁美,68期,静岡,愛知,58,B1,,0,0,0.19,4.17,17.9,38.4,7.0,66.6,75.0,0,46,32.6,53.6,0,40.0,50.0,8,6,2,2,0.1,3,10,5,5,0.21,6,,,,,,7,1,1,0.22,1,2,3,3,0.18,5,8,4,4,0.11,4,,,,,,,,,,,,,,,,,,,,,,,,,,,,,,,,,,,,,,,,,45,4947,間庭 菜摘,119期,福岡,福岡,34,B1,,0,0,0.17,4.79,22.3,46.2,5.26,31.5,52.6,0,16,30.8,46.8,0,30.6,47.9,6,6,6,6,0.27,5,,,,,,1,2,2,0.21,3,10,5,5,0.27,5,2,4,4,0.13,1,6,1,1,0.04,3,,,,,,,,,,,,,,,,,,,,,,,,,,,,,,,,,,,,,,,,,30,3435,寺田 千恵,65期,岡山,福岡,57,A2,,0,0,0.15,6.44,43.3,63.7,6.86,50.0,76.1,0,35,23.5,41.1,0,28.1,42.7,12,6,1,1,0.1,1,12,3,3,0.18,3,,,,,,8,4,4,0.17,4,2,5,5,0.11,3,12,2,2,0.12,2,,,,,,,,,,,,,,,,,,,,,,,,,,,,,,,,,,,,,,,,,63,5410,今泉 澪,136期,愛知,愛知,21,B2,,0,0,0.16,1.6,0.0,0.0,1.78,0.0,11.1,0,60,14.7,35.7,0,22.2,42.2,7,2,6,6,0.19,6,8,6,6,0.22,6,,,,,,8,6,6,0.21,6,2,6,6,0.11,6,7,6,6,0.16,4,,,,,,,,,,,,,,,,,,,,,,,,,,,,,,,,,,,,,,,,
202609151103,2026-09-15,11,03R,53,3454,井川 大作,65期,岡山,岡山,55,B1,,0,0,0.17,5.25,35.6,54.0,4.29,25.0,32.1,0,29,40.4,57.5,0,37.5,56.7,7,3,4,4,0.15,6,8,2,2,0.08,2,,,,,,7,5,5,0.15,4,3,1,1,0.13,6,7,3,3,0.06,2,,,,,,,,,,,,,,,,,,,,,,,,,,,,,,,,,,,,,,,,,18,4747,山戸 信二,112期,長崎,熊本,41,B1,,0,0,0.17,3.52,13.7,27.5,4.8,20.0,40.0,0,64,31.3,49.4,0,32.9,50.5,,1,3,3,0.23,転,10,6,6,0.26,5,4,5,5,0.15,6,,,,,,3,2,2,0.09,4,,,,,,,,,,,,,,,,,,,,,,,,,,,,,,,,,,,,,,,,,,,,,,55,4124,池田 雄一,88期,静岡,静岡,44,A2,,1,0,0.16,5.97,39.4,63.4,5.52,40.0,56.0,0,14,36.1,59.5,0,26.6,41.4,9,,,,,,7,6,6,0.18,4,6,5,5,0.14,1,12,2,2,0.18,2,3,3,3,0.11,1,9,4,4,0.19,4,,,,,,,,,,,,,,,,,,,,,,,,,,,,,,,,,,,,,,,,,31,3905,天野 友和,80期,愛知,愛知,48,A2,,0,0,0.16,5.89,37.8,61.2,6.1,35.4,64.5,0,56,29.9,43.3,0,41.3,57.6,8,,,,,,8,3,3,0.07,3,5,1,1,0.12,3,11,5,5,0.12,3,3,4,4,0.2,2,8,2,2,0.08,3,,,,,,,,,,,,,,,,,,,,,,,,,,,,,,,,,,,,,,,,,49,5011,高木 圭大,121期,長崎,長崎,29,B1,,0,0,0.15,3.94,19.3,32.2,3.79,7.1,28.5,0,31,40.8,51.6,0,39.3,51.5,,3,6,6,0.18,5,9,3,3,0.17,4,6,4,4,0.14,5,,,,,,3,5,5,0.25,5,,,,,,,,,,,,,,,,,,,,,,,,,,,,,,,,,,,,,,,,,,,,,,39,3961,谷村 一哉,82期,山口,山口,47,A1,,0,0,0.17,6.72,50.4,70.7,4.84,21.0,42.1,0,67,36.1,60.6,0,33.6,48.4,11,5,1,1,0.15,1,12,4,4,0.12,2,,,,,,9,3,3,0.24,1,3,6,6,0.25,3,11,2,2,0.26,6,,,,,,,,,,,,,,,,,,,,,,,,,,,,,,,,,,,,,,,,
202609151104,2026-09-15,11,04R,37,4186,小川 時光,91期,埼玉,埼玉,45,B1,,0,0,0.17,3.78,18.7,31.2,3.4,0.0,0.0,0,43,28.8,43.3,0,34.3,58.5,9,4,6,6,0.15,6,,,,,,1,4,4,0.17,2,9,2,2,0.28,4,4,1,1,0.13,1,9,5,5,0.16,6,,,,,,,,,,,,,,,,,,,,,,,,,,,,,,,,,,,,,,,,,28,4607,鶴田 勇雄,106期,福岡,福岡,37,A2,,0,0,0.18,5.81,40.6,55.9,6.1,45.0,60.0,0,73,27.2,39.7,0,10.4,26.7,12,2,3,3,0.21,2,9,1,1,0.16,1,,,,,,9,4,4,0.22,3,4,2,2,0.19,3,12,5,5,0.14,6,,,,,,,,,,,,,,,,,,,,,,,,,,,,,,,,,,,,,,,,,60,4821,妻鳥 晋也,114期,香川,愛媛,34,B1,,0,0,0.19,5.0,28.4,48.8,0.0,0.0,0.0,0,49,36.5,50.5,0,33.3,61.7,8,7,2,2,0.13,3,11,5,5,0.13,2,5,4,4,0.17,5,,,,,,4,3,3,0.17,沈,8,6,6,0.12,6,,,,,,,,,,,,,,,,,,,,,,,,,,,,,,,,,,,,,,,,,72,3793,高橋 真吾,77期,埼玉,東京,53,B1,,0,0,0.16,4.13,25.0,37.5,3.8,20.0,30.0,0,39,30.6,50.0,0,34.6,52.4,,5,3,3,0.06,5,,,,,,3,6,6,0.15,6,10,2,2,0.27,3,4,4,4,0.1,2,,,,,,,,,,,,,,,,,,,,,,,,,,,,,,,,,,,,,,,,,,,,,,20,4983,前田 篤哉,120期,愛知,愛知,29,A1,,1,0,0.15,6.62,52.1,64.7,7.71,58.3,79.1,0,70,32.2,47.9,0,44.1,58.8,11,7,4,4,0.18,1,12,1,1,0.18,4,7,6,6,0.17,5,12,3,3,0.19,3,4,5,5,0.13,4,11,1,1,0.28,2,,,,,,,,,,,,,,,,,,,,,,,,,,,,,,,,,,,,,,,,,64,5472,中川 海虹,138期,愛知,愛知,16,B2,,1,0,0.0,1.0,0.0,0.0,0.0,0.0,0.0,0,69,28.7,37.9,0,32.9,49.4,,5,6,6,0.34,6,,,,,,1,6,6,0.23,6,5,6,6,0.29,6,4,6,6,0.29,5,,,,,,,,,,,,,,,,,,,,,,,,,,,,,,,,,,,,,,,,,,,,,
202609151105,2026-09-15,11,05R,70,4254,川島 圭司,93期,滋賀,滋賀,43,A2,,0,0,0.15,5.94,40.8,63.2,5.9,40.0,56.4,0,50,32.9,44.6,0,37.3,51.5,11,,,,,,9,5,5,0.16,3,3,4,4,0.16,3,7,2,2,0.17,2,5,1,1,0.07,1,11,3,3,0.14,1,,,,,,,,,,,,,,,,,,,,,,,,,,,,,,,,,,,,,,,,,21,4957,竹之内 極,119期,福岡,鹿児島,31,B1,,0,0,0.17,5.44,34.6,55.1,0.0,0.0,0.0,0,18,47.6,60.9,0,31.1,49.4,1,,,,,,7,1,1,0.12,2,4,4,4,0.14,3,11,3,3,0.14,4,1,5,5,0.36,4,5,2,2,0.08,4,,,,,,,,,,,,,,,,,,,,,,,,,,,,,,,,,,,,,,,,,27,4540,相原 利章,104期,東京,東京,39,A2,,1,0,0.12,5.01,28.1,45.8,0.0,0.0,0.0,0,24,24.6,42.4,0,28.8,45.3,,3,2,2,0.15,1,11,6,6,0.11,3,5,5,5,0.15,2,10,1,1,0.14,1,5,3,3,0.1,3,,,,,,,,,,,,,,,,,,,,,,,,,,,,,,,,,,,,,,,,,,,,,,17,5132,中野 希一,126期,埼玉,埼玉,27,A1,,1,0,0.13,6.74,54.5,68.9,8.27,72.7,100.0,0,51,31.3,50.5,0,39.3,54.2,9,2,2,2,0.17,3,12,5,5,0.17,1,3,3,3,0.14,4,11,1,1,0.14,1,5,4,4,0.15,2,9,6,6,0.22,3,,,,,,,,,,,,,,,,,,,,,,,,,,,,,,,,,,,,,,,,,43,4108,吉村 正明,88期,山口,山口,46,A1,,0,0,0.14,5.93,42.3,56.5,6.2,40.0,60.0,0,68,28.5,45.9,0,46.1,57.6,10,,,,,,10,4,4,0.15,4,6,6,6,0.12,3,11,2,2,0.13,2,5,5,5,0.13,6,10,1,1,0.31,2,,,,,,,,,,,,,,,,,,,,,,,,,,,,,,,,,,,,,,,,,40,3708,岡部 貴司,74期,岡山,岡山,52,B1,,0,0,0.16,5.2,31.4,48.3,6.13,36.6,70.0,0,34,31.3,50.5,0,26.3,37.8,12,1,5,5,0.21,2,9,2,2,0.13,2,6,1,1,0.17,4,,,,,,5,6,6,0.18,5,12,4,4,0.09,3,,,,,,,,,,,,,,,,,,,,,,,,,,,,,,,,,,,,,,,,
202609151106,2026-09-15,11,06R,45,4947,間庭 菜摘,119期,福岡,福岡,34,B1,,0,0,0.17,4.79,22.3,46.2,5.26,31.5,52.6,0,16,30.8,46.8,0,30.6,47.9,2,6,6,6,0.27,5,,,,,,1,2,2,0.21,3,10,5,5,0.27,5,2,4,4,0.13,1,6,1,1,0.04,3,,,,,,,,,,,,,,,,,,,,,,,,,,,,,,,,,,,,,,,,,44,5032,谷口 知優,122期,香川,愛媛,28,A2,,0,0,0.16,4.89,30.7,46.4,0.0,0.0,0.0,0,66,29.8,43.2,0,37.0,49.0,11,,,,,,8,5,5,0.16,4,4,1,1,0.16,1,8,3,3,0.09,3,6,2,2,0.08,1,11,6,6,0.08,4,,,,,,,,,,,,,,,,,,,,,,,,,,,,,,,,,,,,,,,,,33,4216,星 栄爾,91期,静岡,福島,41,B1,,0,0,0.15,4.8,25.7,50.5,4.97,21.0,42.1,0,22,28.1,48.9,0,31.0,49.0,10,,,,,,9,4,4,0.14,5,3,1,1,0.09,2,8,5,5,0.18,5,6,3,3,0.08,2,10,6,6,0.25,6,,,,,,,,,,,,,,,,,,,,,,,,,,,,,,,,,,,,,,,,,19,4486,野村 誠,102期,群馬,群馬,40,A2,,1,0,0.18,5.8,40.3,57.8,5.0,23.8,52.3,0,36,27.4,52.9,0,31.0,49.5,,3,3,3,0.18,2,10,1,1,0.18,2,3,2,2,0.1,1,12,6,6,0.06,5,6,4,4,0.14,4,,,,,,,,,,,,,,,,,,,,,,,,,,,,,,,,,,,,,,,,,,,,,,67,5055,眞鳥 章太,123期,長崎,長崎,30,A2,,0,0,0.16,5.62,35.9,56.1,5.73,31.8,50.0,0,28,22.9,40.6,0,22.5,43.0,,5,2,2,0.06,3,11,4,4,0.15,5,2,6,6,0.09,5,10,3,3,0.22,4,6,5,5,0.11,6,,,,,,,,,,,,,,,,,,,,,,,,,,,,,,,,,,,,,,,,,,,,,,62,4766,石井 孝之,112期,群馬,群馬,35,B1,,1,0,0.14,3.91,13.3,32.0,5.1,25.0,50.0,0,25,28.5,44.9,0,39.2,54.9,12,1,2,2,0.18,1,8,4,4,0.12,5,2,5,5,0.05,3,,,,,,6,6,6,0.08,5,12,3,3,0.09,5,,,,,,,,,,,,,,,,,,,,,,,,,,,,,,,,,,,,,,,,
202609151107,2026-09-15,11,07R,73,5170,佐藤 太亮,127期,岡山,岡山,25,B1,,0,0,0.15,5.5,33.3,57.7,3.6,20.0,30.0,0,59,30.5,51.5,0,20.9,36.0,11,2,5,5,0.22,5,10,3,3,0.12,3,5,2,2,0.12,4,,,,,,7,1,1,0.09,1,11,4,4,0.14,3,,,,,,,,,,,,,,,,,,,,,,,,,,,,,,,,,,,,,,,,,32,3797,岩井 繁,77期,広島,広島,53,B1,,0,0,0.2,3.6,13.5,24.2,4.32,26.3,31.5,0,63,29.2,43.4,0,30.3,49.4,,1,4,4,0.28,4,,,,,,1,5,5,0.2,5,6,3,3,0.21,6,,,,,,7,2,2,0.15,5,,,,,,,,,,,,,,,,,,,,,,,,,,,,,,,,,,,,,,,,,53,3454,井川 大作,65期,岡山,岡山,55,B1,,0,0,0.17,5.25,35.6,54.0,4.29,25.0,32.1,0,29,40.4,57.5,0,37.5,56.7,3,3,4,4,0.15,6,8,2,2,0.08,2,,,,,,7,5,5,0.15,4,3,1,1,0.13,6,7,3,3,0.06,2,,,,,,,,,,,,,,,,,,,,,,,,,,,,,,,,,,,,,,,,,15,4111,奥田 誠,88期,広島,広島,46,A2,,0,0,0.16,5.56,39.8,58.2,3.95,19.0,23.8,0,27,25.8,42.3,0,41.2,58.7,,4,2,2,0.15,2,9,6,6,0.21,6,4,3,3,0.16,2,9,1,1,0.26,2,,,,,,7,4,4,0.12,6,,,,,,,,,,,,,,,,,,,,,,,,,,,,,,,,,,,,,,,,,48,5278,田中 駿兵,131期,徳島,徳島,24,A1,,1,0,0.14,6.79,54.9,70.3,4.33,11.1,33.3,0,58,26.8,45.3,0,22.4,46.0,12,4,3,3,0.14,1,12,6,6,0.19,6,6,2,2,0.2,2,10,4,4,0.19,2,7,5,5,0.07,3,12,1,1,0.04,1,,,,,,,,,,,,,,,,,,,,,,,,,,,,,,,,,,,,,,,,,63,5410,今泉 澪,136期,愛知,愛知,21,B2,,0,0,0.16,1.6,0.0,0.0,1.78,0.0,11.1,0,60,14.7,35.7,0,22.2,42.2,2,2,6,6,0.19,6,8,6,6,0.22,6,,,,,,8,6,6,0.21,6,2,6,6,0.11,6,7,6,6,0.16,4,,,,,,,,,,,,,,,,,,,,,,,,,,,,,,,,,,,,,,,,
202609151108,2026-09-15,11,08R,51,4660,宇田川 信一,108期,東京,神奈川,35,B1,,0,0,0.19,4.37,25.0,38.3,4.0,17.6,29.4,0,15,29.0,41.0,0,29.4,47.3,,1,6,6,0.34,3,7,3,3,0.16,5,3,5,5,0.18,5,,,,,,,,,,,8,1,1,0.05,5,,,,,,,,,,,,,,,,,,,,,,,,,,,,,,,,,,,,,,,,,31,3905,天野 友和,80期,愛知,愛知,48,A2,,0,0,0.16,5.89,37.8,61.2,6.1,35.4,64.5,0,56,29.9,43.3,0,41.3,57.6,3,,,,,,8,3,3,0.07,3,5,1,1,0.12,3,11,5,5,0.12,3,3,4,4,0.2,2,8,2,2,0.08,3,,,,,,,,,,,,,,,,,,,,,,,,,,,,,,,,,,,,,,,,,68,4786,佐藤 博亮,113期,愛知,愛知,38,A1,,1,0,0.14,6.59,54.8,70.1,7.03,58.0,67.7,0,20,31.6,52.0,0,41.7,53.4,12,4,5,5,0.09,5,11,1,1,0.16,1,2,4,4,0.09,1,8,2,2,0.09,1,8,3,3,0.09,1,12,6,6,0.13,4,,,,,,,,,,,,,,,,,,,,,,,,,,,,,,,,,,,,,,,,,12,3518,倉田 郁美,68期,静岡,愛知,58,B1,,0,0,0.19,4.17,17.9,38.4,7.0,66.6,75.0,0,46,32.6,53.6,0,40.0,50.0,2,6,2,2,0.1,3,10,5,5,0.21,6,,,,,,7,1,1,0.22,1,2,3,3,0.18,5,8,4,4,0.11,4,,,,,,,,,,,,,,,,,,,,,,,,,,,,,,,,,,,,,,,,,14,4116,川田 正人,88期,徳島,徳島,45,B1,,1,0,0.18,4.42,12.8,46.1,4.71,28.5,42.8,0,71,32.9,54.6,0,7.6,17.5,1,2,4,4,0.22,4,11,3,3,0.23,4,,,,,,9,6,6,0.35,5,1,1,1,0.21,2,8,5,5,0.14,2,,,,,,,,,,,,,,,,,,,,,,,,,,,,,,,,,,,,,,,,,60,4821,妻鳥 晋也,114期,香川,愛媛,34,B1,,0,0,0.19,5.0,28.4,48.8,0.0,0.0,0.0,0,49,36.5,50.5,0,33.3,61.7,4,7,2,2,0.13,3,11,5,5,0.13,2,5,4,4,0.17,5,,,,,,4,3,3,0.17,沈,8,6,6,0.12,6,,,,,,,,,,,,,,,,,,,,,,,,,,,,,,,,,,,,,,,,
202609151109,2026-09-15,11,09R,29,4012,中村 有裕,84期,滋賀,滋賀,46,A2,,0,0,0.16,6.45,48.7,64.6,6.28,47.1,67.2,0,12,49.0,63.7,0,35.7,54.7,,5,5,5,0.12,4,10,2,2,0.09,1,2,3,3,0.11,4,11,4,4,0.15,5,,,,,,9,1,1,0.18,1,,,,,,,,,,,,,,,,,,,,,,,,,,,,,,,,,,,,,,,,,71,3441,土屋 太朗,65期,群馬,群馬,57,B1,,0,0,0.18,4.84,25.2,44.4,5.7,30.0,60.0,0,38,28.4,44.1,0,31.1,47.3,1,5,4,4,0.12,2,,,,,,1,3,3,0.16,4,8,1,1,0.09,2,1,6,6,0.41,3,9,2,2,0.18,5,,,,,,,,,,,,,,,,,,,,,,,,,,,,,,,,,,,,,,,,,25,4183,宇野 弥生,90期,愛知,埼玉,40,B1,,2,0,0.13,5.23,39.5,48.8,7.37,59.2,74.0,0,62,24.5,39.2,0,41.9,61.9,2,6,3,3,0.14,6,,,,,,2,1,1,0.23,6,9,5,5,0.3,6,2,2,2,0.23,4,9,3,3,0.2,2,,,,,,,,,,,,,,,,,,,,,,,,,,,,,,,,,,,,,,,,,55,4124,池田 雄一,88期,静岡,静岡,44,A2,,1,0,0.16,5.97,39.4,63.4,5.52,40.0,56.0,0,14,36.1,59.5,0,26.6,41.4,3,,,,,,7,6,6,0.18,4,6,5,5,0.14,1,12,2,2,0.18,2,3,3,3,0.11,1,9,4,4,0.19,4,,,,,,,,,,,,,,,,,,,,,,,,,,,,,,,,,,,,,,,,,37,4186,小川 時光,91期,埼玉,埼玉,45,B1,,0,0,0.17,3.78,18.7,31.2,3.4,0.0,0.0,0,43,28.8,43.3,0,34.3,58.5,4,4,6,6,0.15,6,,,,,,1,4,4,0.17,2,9,2,2,0.28,4,4,1,1,0.13,1,9,5,5,0.16,6,,,,,,,,,,,,,,,,,,,,,,,,,,,,,,,,,,,,,,,,,17,5132,中野 希一,126期,埼玉,埼玉,27,A1,,1,0,0.13,6.74,54.5,68.9,8.27,72.7,100.0,0,51,31.3,50.5,0,39.3,54.2,5,2,2,2,0.17,3,12,5,5,0.17,1,3,3,3,0.14,4,11,1,1,0.14,1,5,4,4,0.15,2,9,6,6,0.22,3,,,,,,,,,,,,,,,,,,,,,,,,,,,,,,,,,,,,,,,,
202609151110,2026-09-15,11,10R,43,4108,吉村 正明,88期,山口,山口,46,A1,,0,0,0.14,5.93,42.3,56.5,6.2,40.0,60.0,0,68,28.5,45.9,0,46.1,57.6,5,,,,,,10,4,4,0.15,4,6,6,6,0.12,3,11,2,2,0.13,2,5,5,5,0.13,6,10,1,1,0.31,2,,,,,,,,,,,,,,,,,,,,,,,,,,,,,,,,,,,,,,,,,56,4835,橋本 明,115期,広島,広島,38,B1,,0,0,0.15,5.06,27.7,48.1,5.27,13.3,60.0,0,44,32.9,45.3,0,25.0,43.4,,3,1,1,0.15,4,,,,,,7,3,3,0.25,6,11,6,6,0.14,6,,,,,,10,2,2,0.28,3,,,,,,,,,,,,,,,,,,,,,,,,,,,,,,,,,,,,,,,,,61,4894,原村 拓也,117期,香川,香川,35,B1,,0,0,0.19,4.52,19.7,39.5,4.75,25.0,50.0,0,55,30.9,51.5,0,37.3,50.5,1,4,1,1,0.18,3,,,,,,2,2,2,0.17,2,12,5,5,0.14,4,1,4,4,0.29,5,10,3,3,0.27,5,,,,,,,,,,,,,,,,,,,,,,,,,,,,,,,,,,,,,,,,,41,3918,深井 利寿,81期,滋賀,滋賀,52,A1,,0,0,0.18,6.7,42.9,73.6,6.89,49.3,72.3,0,40,42.4,55.5,0,44.5,57.4,,3,5,5,0.17,3,12,2,2,0.16,5,5,3,3,0.15,1,12,1,1,0.17,1,,,,,,10,4,4,0.26,1,,,,,,,,,,,,,,,,,,,,,,,,,,,,,,,,,,,,,,,,,35,4974,安井 瑞紀,120期,岡山,岡山,33,A2,,1,0,0.18,5.47,38.1,50.0,4.92,28.0,52.0,0,54,30.3,46.4,0,29.3,39.1,2,6,4,4,0.12,2,11,2,2,0.18,6,4,6,6,0.13,5,,,,,,2,1,1,0.17,2,10,5,5,0.19,4,,,,,,,,,,,,,,,,,,,,,,,,,,,,,,,,,,,,,,,,,33,4216,星 栄爾,91期,静岡,福島,41,B1,,0,0,0.15,4.8,25.7,50.5,4.97,21.0,42.1,0,22,28.1,48.9,0,31.0,49.0,6,,,,,,9,4,4,0.14,5,3,1,1,0.09,2,8,5,5,0.18,5,6,3,3,0.08,2,10,6,6,0.25,6,,,,,,,,,,,,,,,,,,,,,,,,,,,,,,,,,,,,,,,,
202609151111,2026-09-15,11,11R,20,4983,前田 篤哉,120期,愛知,愛知,29,A1,,1,0,0.15,6.62,52.1,64.7,7.71,58.3,79.1,0,70,32.2,47.9,0,44.1,58.8,4,7,4,4,0.18,1,12,1,1,0.18,4,7,6,6,0.17,5,12,3,3,0.19,3,4,5,5,0.13,4,11,1,1,0.28,2,,,,,,,,,,,,,,,,,,,,,,,,,,,,,,,,,,,,,,,,,39,3961,谷村 一哉,82期,山口,山口,47,A1,,0,0,0.17,6.72,50.4,70.7,4.84,21.0,42.1,0,67,36.1,60.6,0,33.6,48.4,3,5,1,1,0.15,1,12,4,4,0.12,2,,,,,,9,3,3,0.24,1,3,6,6,0.25,3,11,2,2,0.26,6,,,,,,,,,,,,,,,,,,,,,,,,,,,,,,,,,,,,,,,,,70,4254,川島 圭司,93期,滋賀,滋賀,43,A2,,0,0,0.15,5.94,40.8,63.2,5.9,40.0,56.4,0,50,32.9,44.6,0,37.3,51.5,5,,,,,,9,5,5,0.16,3,3,4,4,0.16,3,7,2,2,0.17,2,5,1,1,0.07,1,11,3,3,0.14,1,,,,,,,,,,,,,,,,,,,,,,,,,,,,,,,,,,,,,,,,,73,5170,佐藤 太亮,127期,岡山,岡山,25,B1,,0,0,0.15,5.5,33.3,57.7,3.6,20.0,30.0,0,59,30.5,51.5,0,20.9,36.0,7,2,5,5,0.22,5,10,3,3,0.12,3,5,2,2,0.12,4,,,,,,7,1,1,0.09,1,11,4,4,0.14,3,,,,,,,,,,,,,,,,,,,,,,,,,,,,,,,,,,,,,,,,,34,4380,鈴木 峻佑,98期,静岡,静岡,42,B1,,0,0,0.17,4.91,30.1,43.4,4.23,25.7,34.2,0,17,25.7,37.1,0,43.7,58.3,1,4,4,4,0.09,4,8,1,1,0.09,1,,,,,,10,6,6,0.28,6,1,2,2,0.25,6,11,5,5,0.09,5,,,,,,,,,,,,,,,,,,,,,,,,,,,,,,,,,,,,,,,,,44,5032,谷口 知優,122期,香川,愛媛,28,A2,,0,0,0.16,4.89,30.7,46.4,0.0,0.0,0.0,0,66,29.8,43.2,0,37.0,49.0,6,,,,,,8,5,5,0.16,4,4,1,1,0.16,1,8,3,3,0.09,3,6,2,2,0.08,1,11,6,6,0.08,4,,,,,,,,,,,,,,,,,,,,,,,,,,,,,,,,,,,,,,,,
202609151112,2026-09-15,11,12R,48,5278,田中 駿兵,131期,徳島,徳島,24,A1,,1,0,0.14,6.79,54.9,70.3,4.33,11.1,33.3,0,58,26.8,45.3,0,22.4,46.0,7,4,3,3,0.14,1,12,6,6,0.19,6,6,2,2,0.2,2,10,4,4,0.19,2,7,5,5,0.07,3,12,1,1,0.04,1,,,,,,,,,,,,,,,,,,,,,,,,,,,,,,,,,,,,,,,,,30,3435,寺田 千恵,65期,岡山,福岡,57,A2,,0,0,0.15,6.44,43.3,63.7,6.86,50.0,76.1,0,35,23.5,41.1,0,28.1,42.7,2,6,1,1,0.1,1,12,3,3,0.18,3,,,,,,8,4,4,0.17,4,2,5,5,0.11,3,12,2,2,0.12,2,,,,,,,,,,,,,,,,,,,,,,,,,,,,,,,,,,,,,,,,,62,4766,石井 孝之,112期,群馬,群馬,35,B1,,1,0,0.14,3.91,13.3,32.0,5.1,25.0,50.0,0,25,28.5,44.9,0,39.2,54.9,6,1,2,2,0.18,1,8,4,4,0.12,5,2,5,5,0.05,3,,,,,,6,6,6,0.08,5,12,3,3,0.09,5,,,,,,,,,,,,,,,,,,,,,,,,,,,,,,,,,,,,,,,,,40,3708,岡部 貴司,74期,岡山,岡山,52,B1,,0,0,0.16,5.2,31.4,48.3,6.13,36.6,70.0,0,34,31.3,50.5,0,26.3,37.8,5,1,5,5,0.21,2,9,2,2,0.13,2,6,1,1,0.17,4,,,,,,5,6,6,0.18,5,12,4,4,0.09,3,,,,,,,,,,,,,,,,,,,,,,,,,,,,,,,,,,,,,,,,,28,4607,鶴田 勇雄,106期,福岡,福岡,37,A2,,0,0,0.18,5.81,40.6,55.9,6.1,45.0,60.0,0,73,27.2,39.7,0,10.4,26.7,4,2,3,3,0.21,2,9,1,1,0.16,1,,,,,,9,4,4,0.22,3,4,2,2,0.19,3,12,5,5,0.14,6,,,,,,,,,,,,,,,,,,,,,,,,,,,,,,,,,,,,,,,,,68,4786,佐藤 博亮,113期,愛知,愛知,38,A1,,1,0,0.14,6.59,54.8,70.1,7.03,58.0,67.7,0,20,31.6,52.0,0,41.7,53.4,8,4,5,5,0.09,5,11,1,1,0.16,1,2,4,4,0.09,1,8,2,2,0.09,1,8,3,3,0.09,1,12,6,6,0.13,4,,,,,,,,,,,,,,,,,,,,,,,,,,,,,,,,,,,,,,,,
202609151201,2026-09-15,12,01R,55,4287,今井 貴士,94期,福岡,福岡,42,A2,,0,0,0.17,6.46,47.6,67.2,7.59,72.4,82.7,0,78,16.6,33.3,0,37.6,53.7,11,5,1,1,0.29,1,11,5,5,0.17,6,,,,,,9,4,4,0.15,3,6,2,2,0.24,1,12,6,6,0.09,4,6,3,3,0.3,1,,,,,,1,1,1,0.13,1,11,3,3,0.08,5,,,,,,,,,,,,,,,,,,,,,33,5110,杉山 喜一,125期,静岡,静岡,27,B1,,0,0,0.15,4.79,29.1,43.0,4.57,28.5,42.8,0,68,25.5,37.7,0,39.7,50.5,,5,2,2,0.25,3,,,,,,2,3,3,0.17,2,9,6,6,0.2,4,,,,,,11,6,5,0.16,6,3,1,1,0.16,3,8,4,4,0.13,3,1,2,2,0.17,2,,,,,,,,,,,,,,,,,,,,,,,,,,63,4047,吉永 浩則,85期,大阪,大阪,46,B1,,1,0,0.18,3.32,16.6,25.0,4.63,32.1,39.2,0,76,17.5,36.2,0,27.8,44.2,,1,1,1,0.22,3,,,,,,2,2,2,0.19,6,8,5,5,0.13,6,5,3,3,0.22,3,,,,,,3,4,4,0.2,4,9,6,6,0.34,6,1,3,3,0.17,3,,,,,,,,,,,,,,,,,,,,,,,,,,70,3957,大谷 直弘,82期,愛知,愛知,49,B1,,0,0,0.19,4.82,25.6,48.6,3.29,14.2,14.2,0,60,39.1,54.6,0,20.4,33.3,,6,5,5,0.18,6,10,4,4,0.14,2,,,,,,7,1,1,0.24,2,3,3,3,0.24,4,10,6,6,0.11,5,,,,,,8,2,2,0.2,6,1,4,4,0.18,4,,,,,,,,,,,,,,,,,,,,,,,,,,69,4724,吉田 祐貴,111期,佐賀,佐賀,40,B1,,0,0,0.18,3.56,9.0,27.2,2.78,11.1,11.1,0,55,40.4,54.5,0,42.1,62.6,,2,3,2,0.47,3,,,,,,3,3,3,0.17,5,10,5,5,0.08,5,6,6,6,0.15,5,,,,,,4,1,1,0.18,2,9,4,4,0.24,3,1,5,5,0.19,5,,,,,,,,,,,,,,,,,,,,,,,,,,88,5187,小坂 風太,128期,福井,石川,26,B2,,1,0,0.21,3.06,4.7,26.9,0.0,0.0,0.0,0,57,41.0,63.0,0,35.5,60.0,8,5,4,4,0.29,5,,,,,,1,6,6,0.24,6,,,,,,1,3,3,0.05,2,5,6,5,0.11,4,4,2,2,0.29,5,,,,,,1,6,6,0.2,6,8,1,1,0.35,5,,,,,,,,,,,,,,,,,,,,
202609151202,2026-09-15,12,02R,51,4710,福田 宗平,110期,大阪,大阪,36,A2,,0,0,0.14,5.64,35.4,58.8,5.63,46.6,60.0,0,61,32.3,48.4,0,39.8,56.1,11,,,,,,9,2,2,0.13,1,5,1,1,0.16,1,10,3,3,0.11,4,2,5,5,0.15,2,,,,,,1,6,6,0.11,2,7,4,4,0.18,3,2,1,1,0.19,1,11,2,2,0.09,3,,,,,,,,,,,,,,,,,,,,,57,3718,伊達 正利,74期,静岡,静岡,51,B1,,0,0,0.17,4.44,23.6,35.9,0.0,0.0,0.0,0,79,39.1,63.9,0,32.9,51.6,12,5,5,5,0.27,4,,,,,,1,1,1,0.1,1,7,4,3,0.26,5,4,6,4,0.12,5,,,,,,1,2,2,0.2,1,6,6,6,0.38,5,2,2,2,0.17,4,12,3,3,0.21,3,,,,,,,,,,,,,,,,,,,,,66,4060,島田 一生,86期,福岡,福岡,47,B1,,0,0,0.16,4.68,29.6,45.0,4.89,30.4,50.0,0,51,45.6,61.9,0,32.9,43.1,,4,1,1,0.18,3,,,,,,4,3,3,0.1,4,9,5,5,0.15,5,2,2,2,0.25,1,,,,,,3,6,6,0.13,6,10,4,4,0.33,5,2,3,3,0.14,5,,,,,,,,,,,,,,,,,,,,,,,,,,22,3502,渡邉 英児,67期,静岡,静岡,57,A2,,0,0,0.16,5.73,37.1,62.8,5.87,40.3,63.4,0,58,39.1,51.5,0,44.8,64.3,10,4,5,4,0.14,2,11,2,2,0.14,2,,,,,,11,5,5,0.11,5,5,5,6,0.14,1,9,3,3,0.09,1,,,,,,9,1,1,0.27,1,2,4,4,0.12,3,10,2,2,0.13,2,,,,,,,,,,,,,,,,,,,,,53,4875,大塚 康雅,116期,東京,神奈川,32,B1,,0,0,0.18,5.47,36.4,52.0,5.91,45.4,54.5,0,20,44.3,59.7,0,30.2,42.7,,4,6,5,0.13,5,10,2,2,0.13,4,2,4,4,0.23,1,,,,,,2,1,1,0.13,4,8,4,3,0.21,5,,,,,,8,6,6,0.19,4,2,5,5,0.16,2,,,,,,,,,,,,,,,,,,,,,,,,,,34,4836,大谷 健太,115期,埼玉,埼玉,37,B1,,1,0,0.17,4.91,27.6,48.9,4.22,25.0,33.3,0,25,30.6,43.8,0,32.1,47.6,,,,,,,9,6,6,0.14,5,6,1,1,0.25,5,10,4,4,0.11,3,5,2,2,0.42,5,,,,,,2,3,3,0.23,5,6,5,5,0.35,6,2,6,6,0.19,6,,,,,,,,,,,,,,,,,,,,,,,,,
202609151203,2026-09-15,12,03R,78,4624,高田 明,107期,佐賀,佐賀,41,A1,,1,0,0.17,6.42,48.4,62.1,6.38,46.1,61.5,0,69,35.8,52.1,0,27.3,42.1,9,,,,,,10,1,1,0.14,1,5,6,6,0.1,4,11,3,3,0.12,2,,,,,,10,2,2,0.12,2,6,4,4,0.29,3,11,5,5,0.19,4,3,1,1,0.24,2,9,3,3,0.07,4,,,,,,,,,,,,,,,,,,,,,21,4260,中越 博紀,93期,香川,愛媛,42,B1,,0,0,0.19,5.86,45.7,55.9,4.95,38.1,52.3,0,80,50.0,67.3,0,34.4,48.8,12,6,1,1,0.18,1,,,,,,4,6,6,0.12,5,12,4,4,0.12,5,,,,,,7,2,3,0.1,1,2,2,2,0.25,6,7,5,5,0.13,5,3,2,2,0.18,1,12,4,4,0.23,6,,,,,,,,,,,,,,,,,,,,,35,3293,宮内 由紀英,60期,東京,東京,61,B1,,0,0,0.2,3.4,10.7,22.6,2.95,9.0,18.1,0,84,33.0,59.0,0,30.6,48.9,9,3,6,6,0.22,3,7,2,2,0.2,2,4,4,4,0.11,3,,,,,,6,1,1,0.28,4,10,4,4,0.09,3,,,,,,7,3,3,0.17,2,3,3,3,0.18,6,9,5,5,0.12,6,,,,,,,,,,,,,,,,,,,,,85,5093,浦野 海,124期,福岡,福岡,24,B2,,0,0,0.18,3.16,11.1,23.8,5.28,36.0,52.0,0,31,21.8,36.7,0,32.2,51.1,,,,,,,7,6,6,0.38,5,1,5,5,0.18,5,5,3,3,0.2,3,3,2,2,0.21,6,,,,,,1,1,1,0.25,6,9,5,5,0.25,4,3,4,4,0.13,3,,,,,,,,,,,,,,,,,,,,,,,,,,84,4679,植田 太一,109期,福岡,福岡,37,A2,,0,0,0.16,6.2,47.4,64.4,6.89,55.5,72.2,0,81,29.8,47.1,0,24.1,43.6,12,,,,,,8,2,2,0.15,4,2,5,5,0.23,3,12,3,3,0.11,3,,,,,,7,5,6,0.07,5,1,4,4,0.13,4,8,1,1,0.18,5,3,5,5,0.08,4,12,2,2,0.13,1,,,,,,,,,,,,,,,,,,,,,18,3630,黒田 誠司,72期,静岡,静岡,56,B1,,0,0,0.17,3.74,16.6,29.1,4.08,15.3,38.4,0,59,25.0,42.3,0,28.0,42.6,,1,5,4,0.1,2,7,1,1,0.25,6,,,,,,7,6,6,0.2,3,4,4,5,0.14,6,9,2,2,0.15,5,5,3,3,0.31,5,,,,,,3,6,6,0.12,5,,,,,,,,,,,,,,,,,,,,,,,,,
202609151204,2026-09-15,12,04R,89,5043,中村 日向,122期,香川,香川,27,A1,,0,0,0.13,7.24,61.1,72.7,5.0,14.2,28.5,0,83,25.8,41.9,0,32.9,47.5,9,8,5,5,0.13,2,12,4,4,0.09,2,,,,,,11,6,6,0.13,6,4,3,3,0.11,1,12,1,1,0.09,1,7,2,2,0.15,1,12,6,6,0.08,3,4,1,1,0.19,2,9,2,2,0.06,3,,,,,,,,,,,,,,,,,,,,,81,5139,大場 恒季,126期,愛知,愛知,26,A1,,1,0,0.16,6.73,52.8,73.0,6.04,46.8,68.0,0,70,39.0,60.0,0,38.6,59.0,9,,,,,,11,4,4,0.17,3,3,5,5,0.19,2,12,2,2,0.09,2,,,,,,11,1,1,0.23,5,4,6,6,0.01,1,10,3,3,0.24,4,4,2,2,0.12,1,9,4,4,0.01,2,,,,,,,,,,,,,,,,,,,,,30,3654,武田 光史,72期,福井,福井,52,A2,,0,0,0.16,6.9,57.0,74.7,7.08,57.6,69.2,0,36,15.6,34.3,0,41.6,56.9,11,,,,,,7,3,3,0.14,3,4,5,5,0.05,2,10,1,1,0.2,1,4,5,6,0.11,2,,,,,,4,4,4,0.11,6,11,2,2,0.15,3,4,3,3,0.09,3,11,4,4,0.11,2,,,,,,,,,,,,,,,,,,,,,52,3477,近藤 稔也,66期,徳島,徳島,56,B1,,0,0,0.19,3.86,13.9,30.3,3.44,22.2,22.2,0,53,35.0,51.5,0,30.1,47.3,,4,2,2,0.23,6,,,,,,2,6,6,0.21,5,6,4,4,0.19,3,1,1,1,0.17,5,,,,,,1,3,3,0.2,3,5,5,5,0.23,2,4,4,4,0.11,5,,,,,,,,,,,,,,,,,,,,,,,,,,16,4404,岸蔭 亮,99期,兵庫,兵庫,41,B1,,1,0,0.2,3.62,13.1,29.5,4.19,28.5,38.1,0,27,41.0,66.3,0,29.9,49.4,,5,3,3,0.28,2,9,5,5,0.1,6,2,1,1,0.23,4,,,,,,2,6,6,0.27,5,9,5,4,0.17,2,5,2,2,0.32,4,,,,,,4,5,5,0.16,6,,,,,,,,,,,,,,,,,,,,,,,,,,72,4794,和田 拓也,113期,兵庫,兵庫,36,A1,,0,0,0.13,6.91,56.7,72.8,6.43,39.2,62.7,0,18,26.8,39.1,0,35.7,51.5,10,,,,,,11,1,1,0.18,1,6,5,5,0.05,1,12,6,6,0.18,4,3,4,4,0.2,1,8,2,2,0.15,2,8,3,3,0.12,1,12,5,5,0.06,1,4,6,6,0.12,4,10,1,1,0.2,1,,,,,,,,,,,,,,,,,,,,
202609151205,2026-09-15,12,05R,37,4218,吉川 喜継,92期,滋賀,滋賀,45,A1,,1,0,0.15,6.48,50.9,69.2,7.02,49.0,68.6,0,17,36.0,49.4,0,30.7,39.5,10,4,3,6,0.17,4,12,2,2,0.15,3,,,,,,11,1,1,0.12,1,6,5,5,0.2,6,11,4,4,0.1,2,,,,,,9,3,3,0.25,2,5,1,1,0.2,1,10,4,4,0.17,3,,,,,,,,,,,,,,,,,,,,,75,4229,市川 美宏,92期,静岡,静岡,43,B1,,0,0,0.19,4.27,19.2,41.0,4.23,15.3,38.4,0,13,28.4,43.1,0,34.0,50.5,9,1,6,5,0.09,4,8,1,1,0.15,1,5,4,4,0.18,6,,,,,,1,6,6,0.11,3,7,1,2,0.19,3,3,3,3,0.2,1,,,,,,5,2,2,0.19,3,9,6,6,0.19,5,,,,,,,,,,,,,,,,,,,,,36,4416,三宅 健太,99期,広島,広島,39,B1,,0,0,0.17,5.42,37.3,49.4,0.0,0.0,0.0,0,11,40.5,54.4,0,36.3,59.7,,2,6,6,0.19,5,,,,,,1,3,3,0.1,2,8,1,1,0.15,1,4,2,2,0.16,4,,,,,,5,4,4,0.26,6,10,5,5,0.27,3,5,3,3,0.18,2,,,,,,,,,,,,,,,,,,,,,,,,,,25,4727,安部 慎一,111期,福岡,福岡,39,B1,,0,0,0.16,4.14,15.7,35.7,3.5,12.5,25.0,0,32,33.3,47.9,0,26.7,44.1,10,1,4,3,0.12,1,,,,,,7,5,5,0.14,1,11,2,2,0.08,3,,,,,,8,6,6,0.12,6,6,1,1,0.38,2,12,4,4,0.07,5,5,4,4,0.17,4,10,3,3,0.12,6,,,,,,,,,,,,,,,,,,,,,76,4626,伊藤 紘章,107期,愛知,愛知,40,B1,,0,0,0.22,4.03,23.0,37.1,5.33,33.3,55.5,0,63,25.0,39.1,0,33.3,50.0,,1,3,2,0.3,6,6,4,4,0.16,4,3,6,6,0.25,6,,,,,,4,1,1,0.13,3,10,3,3,0.09,4,4,5,5,0.17,3,,,,,,5,5,5,0.23,6,,,,,,,,,,,,,,,,,,,,,,,,,,14,4959,井上 忠政,119期,大阪,大阪,30,A1,,0,0,0.15,7.51,56.3,71.4,6.68,48.4,65.4,0,71,31.6,50.5,0,29.4,41.0,9,7,4,4,0.13,1,12,1,1,0.07,4,,,,,,9,2,2,0.17,1,,,,,,11,3,3,0.12,1,5,6,6,0.17,3,12,1,1,0.16,2,5,6,6,0.3,5,9,1,1,0.06,1,,,,,,,,,,,,,,,,,,,,
202609151206,2026-09-15,12,06R,28,4311,岡村 仁,95期,大阪,大阪,42,A1,,1,0,0.15,6.39,50.5,63.4,6.46,47.7,67.9,0,77,34.7,52.6,0,37.5,54.5,10,3,2,2,0.15,6,12,6,6,0.11,6,,,,,,7,3,4,0.27,6,,,,,,10,1,1,0.08,1,2,5,5,0.17,1,11,3,3,0.13,2,6,1,1,0.2,1,10,6,6,0.14,4,,,,,,,,,,,,,,,,,,,,,56,5321,一色 颯輝,133期,愛知,愛知,24,B1,,1,0,0.2,4.86,31.5,46.5,4.11,33.3,33.3,0,73,35.6,51.4,0,31.7,40.0,12,3,3,3,0.14,1,11,6,6,0.23,5,6,2,2,0.27,4,,,,,,5,4,4,0.14,6,12,5,5,0.16,3,,,,,,7,1,1,0.27,6,6,2,2,0.28,6,12,6,6,0.29,4,,,,,,,,,,,,,,,,,,,,,11,4898,菊地 敬介,117期,埼玉,埼玉,34,B1,,1,0,0.16,4.47,22.6,38.6,0.0,0.0,0.0,0,26,26.8,46.3,0,34.0,54.2,10,2,1,1,0.22,2,7,5,5,0.1,4,3,4,4,0.11,1,,,,,,2,3,3,0.14,3,11,5,6,0.01,3,6,2,2,0.34,4,,,,,,6,3,3,0.16,3,10,5,5,0.17,5,,,,,,,,,,,,,,,,,,,,,38,4579,中嶋 健一郎,105期,三重,三重,37,A2,,0,0,0.16,6.21,40.3,60.5,6.68,48.0,68.0,0,50,24.2,41.0,0,27.0,39.5,,,,,,,9,4,4,0.07,2,4,2,2,0.14,6,8,6,6,0.14,3,5,1,1,0.28,2,,,,,,4,3,3,0.13,4,8,5,5,0.1,2,6,4,4,0.14,5,,,,,,,,,,,,,,,,,,,,,,,,,,27,5285,若林 麗,132期,東京,山梨,27,B1,,0,0,0.19,3.39,10.8,24.3,2.81,7.4,18.5,0,52,31.0,51.0,0,26.6,42.5,,,,,,,8,4,4,0.21,5,3,1,1,0.21,3,8,4,3,0.13,2,,,,,,9,6,5,0.13,4,2,6,6,0.15,4,12,2,2,0.26,4,6,5,5,0.13,4,,,,,,,,,,,,,,,,,,,,,,,,,,31,5158,宮脇 遼太,127期,福岡,福岡,28,A1,,0,0,0.16,6.31,52.2,62.8,7.19,62.5,75.0,0,85,35.4,55.2,0,37.3,53.8,11,6,6,6,0.13,2,12,3,3,0.04,1,,,,,,10,2,2,0.18,2,7,4,5,0.06,2,12,4,4,0.09,2,,,,,,11,1,1,0.09,1,6,6,6,0.1,2,11,1,1,0.16,1,,,,,,,,,,,,,,,,,,,,
202609151207,2026-09-15,12,07R,29,4063,市橋 卓士,86期,徳島,徳島,47,A1,,0,0,0.14,6.13,40.0,60.8,5.84,45.9,59.4,0,33,31.2,41.6,0,34.0,50.5,11,2,2,3,0.18,1,12,5,5,0.07,5,8,2,4,0.16,4,12,1,1,0.07,1,,,,,,9,4,6,0.09,3,,,,,,10,2,2,0.25,2,7,1,1,0.25,2,11,5,6,0.12,4,,,,,,,,,,,,,,,,,,,,,19,4401,小林 泰,99期,東京,山梨,41,A2,,0,0,0.15,5.85,40.6,59.3,7.08,58.3,83.3,0,15,29.1,45.8,0,22.9,42.7,11,,,,,,9,1,1,0.12,3,1,4,4,0.11,3,6,6,6,0.05,2,,,,,,11,2,2,0.19,4,3,5,5,0.16,2,12,3,3,0.19,6,7,2,2,0.21,3,11,6,5,0.11,6,,,,,,,,,,,,,,,,,,,,,86,3757,畑 和宏,76期,広島,広島,54,A2,,0,0,0.16,5.43,39.7,56.6,0.0,0.0,0.0,0,38,50.5,68.0,0,29.4,47.0,12,2,5,5,0.2,4,11,3,3,0.2,4,,,,,,10,6,6,0.1,6,1,2,2,0.06,1,8,3,4,0.16,4,,,,,,10,1,1,0.26,1,7,3,3,0.15,1,12,5,5,0.17,5,,,,,,,,,,,,,,,,,,,,,13,4253,西川 真人,93期,滋賀,滋賀,43,B1,,0,0,0.18,4.35,18.8,39.6,4.47,35.2,41.1,0,39,40.2,52.5,0,36.9,57.6,,3,1,1,0.16,2,,,,,,5,5,5,0.14,2,9,3,3,0.2,6,6,4,4,0.19,3,,,,,,3,2,2,0.18,5,7,6,6,0.2,4,,,,,,7,4,4,0.18,6,,,,,,,,,,,,,,,,,,,,,82,3775,泉 啓文,76期,岡山,岡山,52,B1,,0,0,0.18,3.82,19.5,27.8,4.43,28.5,40.0,0,24,45.7,61.7,0,48.1,60.7,,2,4,4,0.2,6,10,6,6,0.13,6,5,2,2,0.19,5,,,,,,1,5,5,0.06,4,6,3,3,0.21,2,2,1,1,0.18,2,,,,,,,,,,,7,5,5,0.13,5,,,,,,,,,,,,,,,,,,,,,61,5009,大賀 龍之介,121期,福岡,福岡,29,A2,,1,0,0.16,5.36,36.0,50.6,5.0,37.5,37.5,0,28,30.6,52.4,0,29.2,43.8,,6,2,2,0.17,3,,,,,,6,3,3,0.3,6,11,4,4,0.12,4,3,5,5,0.22,2,9,1,1,0.15,6,,,,,,11,6,6,0.13,6,,,,,,7,6,6,0.17,4,,,,,,,,,,,,,,,,,,,,
202609151208,2026-09-15,12,08R,88,5187,小坂 風太,128期,福井,石川,26,B2,,1,0,0.21,3.06,4.7,26.9,0.0,0.0,0.0,0,57,41.0,63.0,0,35.5,60.0,1,5,4,4,0.29,5,,,,,,1,6,6,0.24,6,,,,,,1,3,3,0.05,2,5,6,5,0.11,4,4,2,2,0.29,5,,,,,,1,6,6,0.2,6,8,1,1,0.35,5,,,,,,,,,,,,,,,,,,,,,79,3471,赤峰 和也,66期,佐賀,佐賀,56,B1,,0,0,0.17,4.01,17.2,34.5,4.52,19.0,42.8,0,12,25.0,35.8,0,39.7,56.4,,4,4,3,0.14,1,8,6,6,0.21,6,4,1,1,0.09,1,,,,,,8,5,5,0.15,3,12,2,2,0.08,6,,,,,,11,4,4,0.12,5,,,,,,8,2,2,0.23,3,,,,,,,,,,,,,,,,,,,,,20,3558,山本 浩次,69期,岡山,大阪,53,B1,,1,0,0.17,4.91,25.8,48.3,4.09,15.6,34.3,0,30,26.8,45.3,0,32.2,46.2,,1,2,6,0.28,5,9,3,3,0.11,4,3,2,2,0.2,4,,,,,,3,1,1,0.17,3,7,3,4,0.08,4,1,5,5,0.1,5,,,,,,,,,,,8,3,3,0.21,4,,,,,,,,,,,,,,,,,,,,,80,4375,照屋 厚仁,98期,兵庫,大阪,42,A2,,0,0,0.17,5.85,38.7,58.5,6.07,43.3,63.3,0,82,37.7,63.2,0,31.4,37.0,,5,6,6,0.27,6,10,3,3,0.1,3,,,,,,8,3,2,0.11,5,1,4,4,0.04,6,10,5,5,0.09,6,5,1,1,0.22,1,,,,,,,,,,,8,4,4,0.13,2,,,,,,,,,,,,,,,,,,,,,39,4962,畑 竜生,119期,三重,三重,30,A2,,0,0,0.17,5.5,37.7,52.6,5.68,37.8,56.7,0,21,21.8,37.5,0,28.0,53.6,,3,4,4,0.14,5,10,5,5,0.15,5,,,,,,9,1,1,0.16,2,3,6,6,0.24,5,12,3,3,0.11,5,,,,,,9,2,2,0.29,5,,,,,,8,5,5,0.14,1,,,,,,,,,,,,,,,,,,,,,74,3300,川崎 智幸,60期,岡山,岡山,59,A2,,1,0,0.16,5.88,41.5,62.2,6.0,42.1,63.1,0,72,31.6,44.9,0,25.0,40.2,12,6,3,3,0.15,5,,,,,,7,2,2,0.24,4,12,5,5,0.1,6,,,,,,8,1,1,0.14,1,2,4,4,0.13,3,10,6,6,0.3,6,8,6,6,0.16,6,12,1,1,0.14,2,,,,,,,,,,,,,,,,,,,,
202609151209,2026-09-15,12,09R,14,4959,井上 忠政,119期,大阪,大阪,30,A1,,0,0,0.15,7.51,56.3,71.4,6.68,48.4,65.4,0,71,31.6,50.5,0,29.4,41.0,5,7,4,4,0.13,1,12,1,1,0.07,4,,,,,,9,2,2,0.17,1,,,,,,11,3,3,0.12,1,5,6,6,0.17,3,12,1,1,0.16,2,5,6,6,0.3,5,9,1,1,0.06,1,,,,,,,,,,,,,,,,,,,,,89,5043,中村 日向,122期,香川,香川,27,A1,,0,0,0.13,7.24,61.1,72.7,5.0,14.2,28.5,0,83,25.8,41.9,0,32.9,47.5,4,8,5,5,0.13,2,12,4,4,0.09,2,,,,,,11,6,6,0.13,6,4,3,3,0.11,1,12,1,1,0.09,1,7,2,2,0.15,1,12,6,6,0.08,3,4,1,1,0.19,2,9,2,2,0.06,3,,,,,,,,,,,,,,,,,,,,,78,4624,高田 明,107期,佐賀,佐賀,41,A1,,1,0,0.17,6.42,48.4,62.1,6.38,46.1,61.5,0,69,35.8,52.1,0,27.3,42.1,3,,,,,,10,1,1,0.14,1,5,6,6,0.1,4,11,3,3,0.12,2,,,,,,10,2,2,0.12,2,6,4,4,0.29,3,11,5,5,0.19,4,3,1,1,0.24,2,9,3,3,0.07,4,,,,,,,,,,,,,,,,,,,,,81,5139,大場 恒季,126期,愛知,愛知,26,A1,,1,0,0.16,6.73,52.8,73.0,6.04,46.8,68.0,0,70,39.0,60.0,0,38.6,59.0,4,,,,,,11,4,4,0.17,3,3,5,5,0.19,2,12,2,2,0.09,2,,,,,,11,1,1,0.23,5,4,6,6,0.01,1,10,3,3,0.24,4,4,2,2,0.12,1,9,4,4,0.01,2,,,,,,,,,,,,,,,,,,,,,35,3293,宮内 由紀英,60期,東京,東京,61,B1,,0,0,0.2,3.4,10.7,22.6,2.95,9.0,18.1,0,84,33.0,59.0,0,30.6,48.9,3,3,6,6,0.22,3,7,2,2,0.2,2,4,4,4,0.11,3,,,,,,6,1,1,0.28,4,10,4,4,0.09,3,,,,,,7,3,3,0.17,2,3,3,3,0.18,6,9,5,5,0.12,6,,,,,,,,,,,,,,,,,,,,,75,4229,市川 美宏,92期,静岡,静岡,43,B1,,0,0,0.19,4.27,19.2,41.0,4.23,15.3,38.4,0,13,28.4,43.1,0,34.0,50.5,5,1,6,5,0.09,4,8,1,1,0.15,1,5,4,4,0.18,6,,,,,,1,6,6,0.11,3,7,1,2,0.19,3,3,3,3,0.2,1,,,,,,5,2,2,0.19,3,9,6,6,0.19,5,,,,,,,,,,,,,,,,,,,,
202609151210,2026-09-15,12,10R,72,4794,和田 拓也,113期,兵庫,兵庫,36,A1,,0,0,0.13,6.91,56.7,72.8,6.43,39.2,62.7,0,18,26.8,39.1,0,35.7,51.5,4,,,,,,11,1,1,0.18,1,6,5,5,0.05,1,12,6,6,0.18,4,3,4,4,0.2,1,8,2,2,0.15,2,8,3,3,0.12,1,12,5,5,0.06,1,4,6,6,0.12,4,10,1,1,0.2,1,,,,,,,,,,,,,,,,,,,,,22,3502,渡邉 英児,67期,静岡,静岡,57,A2,,0,0,0.16,5.73,37.1,62.8,5.87,40.3,63.4,0,58,39.1,51.5,0,44.8,64.3,2,4,5,4,0.14,2,11,2,2,0.14,2,,,,,,11,5,5,0.11,5,5,5,6,0.14,1,9,3,3,0.09,1,,,,,,9,1,1,0.27,1,2,4,4,0.12,3,10,2,2,0.13,2,,,,,,,,,,,,,,,,,,,,,25,4727,安部 慎一,111期,福岡,福岡,39,B1,,0,0,0.16,4.14,15.7,35.7,3.5,12.5,25.0,0,32,33.3,47.9,0,26.7,44.1,5,1,4,3,0.12,1,,,,,,7,5,5,0.14,1,11,2,2,0.08,3,,,,,,8,6,6,0.12,6,6,1,1,0.38,2,12,4,4,0.07,5,5,4,4,0.17,4,10,3,3,0.12,6,,,,,,,,,,,,,,,,,,,,,37,4218,吉川 喜継,92期,滋賀,滋賀,45,A1,,1,0,0.15,6.48,50.9,69.2,7.02,49.0,68.6,0,17,36.0,49.4,0,30.7,39.5,5,4,3,6,0.17,4,12,2,2,0.15,3,,,,,,11,1,1,0.12,1,6,5,5,0.2,6,11,4,4,0.1,2,,,,,,9,3,3,0.25,2,5,1,1,0.2,1,10,4,4,0.17,3,,,,,,,,,,,,,,,,,,,,,11,4898,菊地 敬介,117期,埼玉,埼玉,34,B1,,1,0,0.16,4.47,22.6,38.6,0.0,0.0,0.0,0,26,26.8,46.3,0,34.0,54.2,6,2,1,1,0.22,2,7,5,5,0.1,4,3,4,4,0.11,1,,,,,,2,3,3,0.14,3,11,5,6,0.01,3,6,2,2,0.34,4,,,,,,6,3,3,0.16,3,10,5,5,0.17,5,,,,,,,,,,,,,,,,,,,,,28,4311,岡村 仁,95期,大阪,大阪,42,A1,,1,0,0.15,6.39,50.5,63.4,6.46,47.7,67.9,0,77,34.7,52.6,0,37.5,54.5,6,3,2,2,0.15,6,12,6,6,0.11,6,,,,,,7,3,4,0.27,6,,,,,,10,1,1,0.08,1,2,5,5,0.17,1,11,3,3,0.13,2,6,1,1,0.2,1,10,6,6,0.14,4,,,,,,,,,,,,,,,,,,,,
202609151211,2026-09-15,12,11R,31,5158,宮脇 遼太,127期,福岡,福岡,28,A1,,0,0,0.16,6.31,52.2,62.8,7.19,62.5,75.0,0,85,35.4,55.2,0,37.3,53.8,6,6,6,6,0.13,2,12,3,3,0.04,1,,,,,,10,2,2,0.18,2,7,4,5,0.06,2,12,4,4,0.09,2,,,,,,11,1,1,0.09,1,6,6,6,0.1,2,11,1,1,0.16,1,,,,,,,,,,,,,,,,,,,,,51,4710,福田 宗平,110期,大阪,大阪,36,A2,,0,0,0.14,5.64,35.4,58.8,5.63,46.6,60.0,0,61,32.3,48.4,0,39.8,56.1,2,,,,,,9,2,2,0.13,1,5,1,1,0.16,1,10,3,3,0.11,4,2,5,5,0.15,2,,,,,,1,6,6,0.11,2,7,4,4,0.18,3,2,1,1,0.19,1,11,2,2,0.09,3,,,,,,,,,,,,,,,,,,,,,55,4287,今井 貴士,94期,福岡,福岡,42,A2,,0,0,0.17,6.46,47.6,67.2,7.59,72.4,82.7,0,78,16.6,33.3,0,37.6,53.7,1,5,1,1,0.29,1,11,5,5,0.17,6,,,,,,9,4,4,0.15,3,6,2,2,0.24,1,12,6,6,0.09,4,6,3,3,0.3,1,,,,,,1,1,1,0.13,1,11,3,3,0.08,5,,,,,,,,,,,,,,,,,,,,,30,3654,武田 光史,72期,福井,福井,52,A2,,0,0,0.16,6.9,57.0,74.7,7.08,57.6,69.2,0,36,15.6,34.3,0,41.6,56.9,4,,,,,,7,3,3,0.14,3,4,5,5,0.05,2,10,1,1,0.2,1,4,5,6,0.11,2,,,,,,4,4,4,0.11,6,11,2,2,0.15,3,4,3,3,0.09,3,11,4,4,0.11,2,,,,,,,,,,,,,,,,,,,,,19,4401,小林 泰,99期,東京,山梨,41,A2,,0,0,0.15,5.85,40.6,59.3,7.08,58.3,83.3,0,15,29.1,45.8,0,22.9,42.7,7,,,,,,9,1,1,0.12,3,1,4,4,0.11,3,6,6,6,0.05,2,,,,,,11,2,2,0.19,4,3,5,5,0.16,2,12,3,3,0.19,6,7,2,2,0.21,3,11,6,5,0.11,6,,,,,,,,,,,,,,,,,,,,,29,4063,市橋 卓士,86期,徳島,徳島,47,A1,,0,0,0.14,6.13,40.0,60.8,5.84,45.9,59.4,0,33,31.2,41.6,0,34.0,50.5,7,2,2,3,0.18,1,12,5,5,0.07,5,8,2,4,0.16,4,12,1,1,0.07,1,,,,,,9,4,6,0.09,3,,,,,,10,2,2,0.25,2,7,1,1,0.25,2,11,5,6,0.12,4,,,,,,,,,,,,,,,,,,,,
202609151212,2026-09-15,12,12R,74,3300,川崎 智幸,60期,岡山,岡山,59,A2,,1,0,0.16,5.88,41.5,62.2,6.0,42.1,63.1,0,72,31.6,44.9,0,25.0,40.2,8,6,3,3,0.15,5,,,,,,7,2,2,0.24,4,12,5,5,0.1,6,,,,,,8,1,1,0.14,1,2,4,4,0.13,3,10,6,6,0.3,6,8,6,6,0.16,6,12,1,1,0.14,2,,,,,,,,,,,,,,,,,,,,,84,4679,植田 太一,109期,福岡,福岡,37,A2,,0,0,0.16,6.2,47.4,64.4,6.89,55.5,72.2,0,81,29.8,47.1,0,24.1,43.6,3,,,,,,8,2,2,0.15,4,2,5,5,0.23,3,12,3,3,0.11,3,,,,,,7,5,6,0.07,5,1,4,4,0.13,4,8,1,1,0.18,5,3,5,5,0.08,4,12,2,2,0.13,1,,,,,,,,,,,,,,,,,,,,,57,3718,伊達 正利,74期,静岡,静岡,51,B1,,0,0,0.17,4.44,23.6,35.9,0.0,0.0,0.0,0,79,39.1,63.9,0,32.9,51.6,2,5,5,5,0.27,4,,,,,,1,1,1,0.1,1,7,4,3,0.26,5,4,6,4,0.12,5,,,,,,1,2,2,0.2,1,6,6,6,0.38,5,2,2,2,0.17,4,12,3,3,0.21,3,,,,,,,,,,,,,,,,,,,,,21,4260,中越 博紀,93期,香川,愛媛,42,B1,,0,0,0.19,5.86,45.7,55.9,4.95,38.1,52.3,0,80,50.0,67.3,0,34.4,48.8,3,6,1,1,0.18,1,,,,,,4,6,6,0.12,5,12,4,4,0.12,5,,,,,,7,2,3,0.1,1,2,2,2,0.25,6,7,5,5,0.13,5,3,2,2,0.18,1,12,4,4,0.23,6,,,,,,,,,,,,,,,,,,,,,86,3757,畑 和宏,76期,広島,広島,54,A2,,0,0,0.16,5.43,39.7,56.6,0.0,0.0,0.0,0,38,50.5,68.0,0,29.4,47.0,7,2,5,5,0.2,4,11,3,3,0.2,4,,,,,,10,6,6,0.1,6,1,2,2,0.06,1,8,3,4,0.16,4,,,,,,10,1,1,0.26,1,7,3,3,0.15,1,12,5,5,0.17,5,,,,,,,,,,,,,,,,,,,,,56,5321,一色 颯輝,133期,愛知,愛知,24,B1,,1,0,0.2,4.86,31.5,46.5,4.11,33.3,33.3,0,73,35.6,51.4,0,31.7,40.0,6,3,3,3,0.14,1,11,6,6,0.23,5,6,2,2,0.27,4,,,,,,5,4,4,0.14,6,12,5,5,0.16,3,,,,,,7,1,1,0.27,6,6,2,2,0.28,6,12,6,6,0.29,4,,,,,,,,,,,,,,,,,,,,
202609151401,2026-09-15,14,01R,52,3304,烏野 賢太,60期,徳島,徳島,58,A1,,0,0,0.18,5.65,34.6,57.2,5.94,37.8,58.9,0,18,33.3,50.0,0,32.9,50.6,12,1,1,1,0.12,1,12,5,5,0.17,3,,,,,,,,,,,,,,,,,,,,,,,,,,,,,,,,,,,,,,,,,,,,,,,,,,,,,,,,,,,,,69,4110,小澤 和也,88期,埼玉,埼玉,46,B1,,1,0,0.18,3.84,16.0,33.3,3.65,17.6,29.4,0,84,20.2,45.5,0,30.3,50.6,6,1,2,2,0.16,5,6,4,4,0.14,5,,,,,,,,,,,,,,,,,,,,,,,,,,,,,,,,,,,,,,,,,,,,,,,,,,,,,,,,,,,,,80,3722,西村 秀樹,75期,福岡,福岡,56,B1,,0,0,0.19,3.49,9.8,20.9,0.0,0.0,0.0,0,19,36.2,53.7,0,20.0,41.3,9,1,3,3,0.2,2,9,4,4,0.16,3,,,,,,,,,,,,,,,,,,,,,,,,,,,,,,,,,,,,,,,,,,,,,,,,,,,,,,,,,,,,,28,5403,藤山 湧太,136期,徳島,徳島,22,B2,,0,0,0.2,2.46,5.8,13.2,2.34,4.9,9.8,0,12,35.9,50.5,0,42.6,54.8,10,1,4,4,0.14,4,10,5,5,0.14,転,,,,,,,,,,,,,,,,,,,,,,,,,,,,,,,,,,,,,,,,,,,,,,,,,,,,,,,,,,,,,18,5389,恵良 琴美,135期,福岡,福岡,19,B1,,0,0,0.19,2.52,3.2,16.1,1.2,0.0,0.0,0,81,29.1,40.2,0,32.9,44.7,5,1,5,5,0.19,3,5,4,4,0.24,5,,,,,,,,,,,,,,,,,,,,,,,,,,,,,,,,,,,,,,,,,,,,,,,,,,,,,,,,,,,,,63,3578,塩田 雄一,70期,香川,香川,53,B1,,0,0,0.18,3.69,17.2,27.5,4.94,33.3,47.2,0,71,39.0,57.3,0,32.5,43.3,,1,6,6,0.21,6,,,,,,,,,,,,,,,,,,,,,,,,,,,,,,,,,,,,,,,,,,,,,,,,,,,,,,,,,,,,,,,,,
202609151402,2026-09-15,14,02R,15,3701,大西 隆洋,74期,香川,愛媛,53,B1,,0,0,0.16,4.13,15.2,33.7,3.07,7.4,25.9,0,27,29.8,41.3,0,31.3,55.4,8,2,1,1,0.16,1,8,4,4,0.11,4,,,,,,,,,,,,,,,,,,,,,,,,,,,,,,,,,,,,,,,,,,,,,,,,,,,,,,,,,,,,,82,4142,平野 和明,89期,愛知,愛知,45,A2,,0,0,0.18,5.65,34.5,57.2,6.04,33.3,75.0,0,76,32.9,48.2,0,26.2,41.2,9,2,2,2,0.17,4,9,5,5,0.11,エ,,,,,,,,,,,,,,,,,,,,,,,,,,,,,,,,,,,,,,,,,,,,,,,,,,,,,,,,,,,,,84,4144,石塚 久也,89期,埼玉,埼玉,45,A2,,0,0,0.18,6.22,45.7,64.8,5.52,41.3,55.1,0,72,33.7,45.4,0,32.5,42.1,11,2,3,3,0.19,3,11,1,1,0.14,1,,,,,,,,,,,,,,,,,,,,,,,,,,,,,,,,,,,,,,,,,,,,,,,,,,,,,,,,,,,,,55,5370,日隈 茜,135期,福岡,大分,24,B2,,0,0,0.19,1.3,1.8,1.8,1.53,5.8,5.8,0,16,38.0,50.0,0,34.1,39.2,,2,4,4,0.19,6,,,,,,,,,,,,,,,,,,,,,,,,,,,,,,,,,,,,,,,,,,,,,,,,,,,,,,,,,,,,,,,,,,79,4102,益田 啓司,88期,福岡,大分,47,A1,,0,0,0.15,6.48,50.3,66.4,7.0,57.1,71.4,0,33,37.0,56.7,0,28.7,51.2,12,2,5,5,0.17,2,12,2,2,0.1,1,,,,,,,,,,,,,,,,,,,,,,,,,,,,,,,,,,,,,,,,,,,,,,,,,,,,,,,,,,,,,21,5375,庄島 潤成,135期,山口,山口,22,B1,,0,0,0.19,2.78,1.0,12.6,2.6,0.0,0.0,0,34,32.1,44.0,0,39.0,53.6,7,2,6,6,0.29,5,7,4,4,0.24,2,,,,,,,,,,,,,,,,,,,,,,,,,,,,,,,,,,,,,,,,,,,,,,,,,,,,,,,,,,,,
202609151403,2026-09-15,14,03R,58,4545,岡村 慶太,104期,福岡,福岡,38,A1,,0,0,0.15,7.0,58.0,72.3,7.22,50.0,72.2,0,63,31.7,57.6,0,26.8,42.6,12,3,1,1,0.13,2,12,4,4,0.16,4,,,,,,,,,,,,,,,,,,,,,,,,,,,,,,,,,,,,,,,,,,,,,,,,,,,,,,,,,,,,,35,3224,栗山 繁洋,57期,佐賀,佐賀,61,B1,,0,0,0.21,3.89,19.3,28.4,4.31,23.0,46.1,0,32,25.6,51.2,0,25.3,39.2,8,3,2,2,0.23,4,8,6,6,0.17,6,,,,,,,,,,,,,,,,,,,,,,,,,,,,,,,,,,,,,,,,,,,,,,,,,,,,,,,,,,,,,51,5289,佃 來紀,132期,大阪,奈良,25,A2,,0,0,0.16,5.71,40.7,58.4,5.13,26.0,52.1,0,37,50.0,58.7,0,34.5,53.5,9,3,3,3,0.13,1,9,6,6,0.07,1,,,,,,,,,,,,,,,,,,,,,,,,,,,,,,,,,,,,,,,,,,,,,,,,,,,,,,,,,,,,,68,5242,高山 弘斗,130期,埼玉,埼玉,26,B1,,1,0,0.18,3.33,13.8,29.1,0.0,0.0,0.0,0,62,36.7,48.1,0,26.2,43.7,7,3,5,4,0.52,5,7,6,6,0.28,6,,,,,,,,,,,,,,,,,,,,,,,,,,,,,,,,,,,,,,,,,,,,,,,,,,,,,,,,,,,,,64,3327,野長瀬 正孝,61期,静岡,静岡,59,A2,,1,0,0.16,6.09,40.9,65.7,6.09,39.3,66.6,0,23,26.1,40.4,0,30.5,49.4,11,3,4,5,0.25,3,11,2,2,0.14,2,,,,,,,,,,,,,,,,,,,,,,,,,,,,,,,,,,,,,,,,,,,,,,,,,,,,,,,,,,,,,38,3907,村越 篤,80期,香川,愛媛,48,B1,,0,0,0.16,5.08,32.0,48.1,5.16,19.3,51.6,0,79,44.3,54.4,0,30.1,46.9,,3,6,6,0.26,6,,,,,,,,,,,,,,,,,,,,,,,,,,,,,,,,,,,,,,,,,,,,,,,,,,,,,,,,,,,,,,,,,
202609151404,2026-09-15,14,04R,53,3885,久田 武,80期,愛知,愛知,52,A2,,0,0,0.17,5.02,30.6,48.9,4.4,13.3,53.3,0,61,31.4,52.3,0,49.3,59.2,,4,1,1,0.14,4,,,,,,,,,,,,,,,,,,,,,,,,,,,,,,,,,,,,,,,,,,,,,,,,,,,,,,,,,,,,,,,,,,62,4348,宮崎 奨,96期,香川,香川,41,A2,,0,0,0.17,5.89,43.7,59.6,6.17,41.6,66.6,0,66,42.5,62.5,0,30.7,44.8,11,4,2,2,0.15,2,11,4,4,0.13,4,,,,,,,,,,,,,,,,,,,,,,,,,,,,,,,,,,,,,,,,,,,,,,,,,,,,,,,,,,,,,72,5341,山道 諄也,134期,群馬,群馬,25,B1,,1,0,0.18,3.34,14.9,22.3,0.0,0.0,0.0,0,54,33.3,50.6,0,35.2,51.7,,4,3,3,0.11,6,,,,,,,,,,,,,,,,,,,,,,,,,,,,,,,,,,,,,,,,,,,,,,,,,,,,,,,,,,,,,,,,,,20,4290,稲田 浩二,94期,兵庫,兵庫,41,A1,,0,0,0.12,6.55,42.8,63.0,0.0,0.0,0.0,0,11,29.6,41.9,0,22.0,38.9,12,4,4,4,0.08,1,12,1,1,0.07,6,,,,,,,,,,,,,,,,,,,,,,,,,,,,,,,,,,,,,,,,,,,,,,,,,,,,,,,,,,,,,25,5000,岡本 翔太郎,121期,山口,山口,32,B1,,1,0,0.12,5.31,37.5,52.5,4.29,23.5,35.2,0,82,61.5,83.3,0,20.2,44.3,8,4,5,5,0.15,3,8,2,2,0.17,2,,,,,,,,,,,,,,,,,,,,,,,,,,,,,,,,,,,,,,,,,,,,,,,,,,,,,,,,,,,,,12,5144,中尾 彩香,126期,福岡,沖縄,25,B1,,0,0,0.17,4.48,22.7,43.1,3.25,6.2,18.7,0,22,31.1,53.3,0,31.3,43.3,10,4,6,6,0.18,5,10,4,4,0.02,2,,,,,,,,,,,,,,,,,,,,,,,,,,,,,,,,,,,,,,,,,,,,,,,,,,,,,,,,,,,,
202609151405,2026-09-15,14,05R,50,3611,岩崎 芳美,71期,徳島,熊本,54,A2,,0,0,0.14,5.89,39.2,59.8,6.07,39.5,61.7,0,13,29.1,56.9,0,33.3,46.1,11,5,1,1,0.26,1,11,5,5,0.14,3,,,,,,,,,,,,,,,,,,,,,,,,,,,,,,,,,,,,,,,,,,,,,,,,,,,,,,,,,,,,,67,5057,上田 紗奈,123期,大阪,大阪,30,B1,,0,0,0.16,5.74,44.4,56.5,4.82,32.3,41.1,0,70,36.9,52.0,0,37.2,52.3,,5,2,2,0.18,2,,,,,,,,,,,,,,,,,,,,,,,,,,,,,,,,,,,,,,,,,,,,,,,,,,,,,,,,,,,,,,,,,,66,5173,谷口 佳蓮,127期,香川,愛媛,24,B1,,1,0,0.15,5.31,36.6,50.0,4.0,20.0,30.0,0,56,27.8,40.5,0,41.4,60.9,,5,3,3,0.16,6,,,,,,,,,,,,,,,,,,,,,,,,,,,,,,,,,,,,,,,,,,,,,,,,,,,,,,,,,,,,,,,,,,18,5389,恵良 琴美,135期,福岡,福岡,19,B1,,0,0,0.19,2.52,3.2,16.1,1.2,0.0,0.0,0,81,29.1,40.2,0,32.9,44.7,1,1,5,5,0.19,3,5,4,4,0.24,5,,,,,,,,,,,,,,,,,,,,,,,,,,,,,,,,,,,,,,,,,,,,,,,,,,,,,,,,,,,,,56,5264,登 みひ果,131期,兵庫,兵庫,26,B1,,1,0,0.15,4.98,30.6,44.9,4.56,0.0,33.3,0,77,33.3,56.7,0,45.7,59.0,9,5,5,5,0.19,3,9,2,2,0.32,4,,,,,,,,,,,,,,,,,,,,,,,,,,,,,,,,,,,,,,,,,,,,,,,,,,,,,,,,,,,,,10,4447,深川 麻奈美,100期,福岡,熊本,39,B1,,0,0,0.19,5.81,38.1,57.9,6.13,31.2,68.7,0,57,40.2,53.2,0,49.4,68.6,10,5,6,6,0.18,4,10,2,2,0.05,1,,,,,,,,,,,,,,,,,,,,,,,,,,,,,,,,,,,,,,,,,,,,,,,,,,,,,,,,,,,,
202609151406,2026-09-15,14,06R,29,3790,佐口 達也,77期,群馬,群馬,54,B1,,0,0,0.2,4.48,23.5,37.2,3.89,11.1,44.4,0,26,32.9,49.4,0,37.9,53.1,,6,1,1,0.09,2,,,,,,,,,,,,,,,,,,,,,,,,,,,,,,,,,,,,,,,,,,,,,,,,,,,,,,,,,,,,,,,,,,31,3612,馬袋 義則,71期,兵庫,兵庫,53,A1,,0,0,0.14,6.95,58.1,72.0,7.18,63.6,72.7,0,24,31.3,44.5,0,30.7,50.0,12,6,2,2,0.13,1,12,3,3,0.1,5,,,,,,,,,,,,,,,,,,,,,,,,,,,,,,,,,,,,,,,,,,,,,,,,,,,,,,,,,,,,,30,4906,鈴木 雅希,117期,東京,神奈川,31,A2,,0,0,0.18,5.53,36.0,56.0,5.14,35.7,50.0,0,58,33.7,46.7,0,22.6,41.6,10,6,3,3,0.08,4,10,6,6,0.18,4,,,,,,,,,,,,,,,,,,,,,,,,,,,,,,,,,,,,,,,,,,,,,,,,,,,,,,,,,,,,,69,4110,小澤 和也,88期,埼玉,埼玉,46,B1,,1,0,0.18,3.84,16.0,33.3,3.65,17.6,29.4,0,84,20.2,45.5,0,30.3,50.6,1,1,2,2,0.16,5,6,4,4,0.14,5,,,,,,,,,,,,,,,,,,,,,,,,,,,,,,,,,,,,,,,,,,,,,,,,,,,,,,,,,,,,,11,4522,古澤 光紀,103期,福岡,福岡,38,A2,,0,0,0.15,6.44,49.0,67.3,0.0,0.0,0.0,0,50,38.2,55.5,0,40.2,59.7,11,6,5,5,0.1,3,11,3,3,0.13,5,,,,,,,,,,,,,,,,,,,,,,,,,,,,,,,,,,,,,,,,,,,,,,,,,,,,,,,,,,,,,23,5471,田中 結,138期,大阪,大阪,17,B2,,0,0,0.0,1.5,0.0,0.0,0.0,0.0,0.0,0,73,23.4,44.4,0,33.7,50.0,,6,6,6,0.04,6,,,,,,,,,,,,,,,,,,,,,,,,,,,,,,,,,,,,,,,,,,,,,,,,,,,,,,,,,,,,,,,,,
202609151407,2026-09-15,14,07R,78,4625,渡邊 裕貴,107期,静岡,静岡,40,B1,,0,0,0.17,5.14,30.8,46.9,5.57,42.8,57.1,0,51,34.5,58.0,0,34.1,45.8,,,,,,,7,1,1,0.24,1,,,,,,,,,,,,,,,,,,,,,,,,,,,,,,,,,,,,,,,,,,,,,,,,,,,,,,,,,,,,,71,4356,長岡 良也,97期,兵庫,兵庫,42,A2,,0,0,0.18,6.15,42.0,67.0,5.85,40.0,55.0,0,52,39.0,54.8,0,22.2,38.2,11,7,2,2,0.25,5,11,6,6,0.21,6,,,,,,,,,,,,,,,,,,,,,,,,,,,,,,,,,,,,,,,,,,,,,,,,,,,,,,,,,,,,,17,4737,竹井 貴史,111期,福岡,福岡,35,A1,,1,0,0.16,6.74,54.2,71.9,6.0,40.0,64.0,0,64,35.5,51.3,0,37.2,56.9,12,7,3,3,0.23,3,12,6,6,0.13,2,,,,,,,,,,,,,,,,,,,,,,,,,,,,,,,,,,,,,,,,,,,,,,,,,,,,,,,,,,,,,21,5375,庄島 潤成,135期,山口,山口,22,B1,,0,0,0.19,2.78,1.0,12.6,2.6,0.0,0.0,0,34,32.1,44.0,0,39.0,53.6,2,2,6,6,0.29,5,7,4,4,0.24,2,,,,,,,,,,,,,,,,,,,,,,,,,,,,,,,,,,,,,,,,,,,,,,,,,,,,,,,,,,,,,81,4550,石岡 将太,104期,群馬,群馬,37,A2,,0,0,0.16,4.92,23.7,48.4,8.13,62.5,100.0,0,65,34.9,54.2,0,32.9,54.1,,,,,,,7,5,5,0.27,4,,,,,,,,,,,,,,,,,,,,,,,,,,,,,,,,,,,,,,,,,,,,,,,,,,,,,,,,,,,,,68,5242,高山 弘斗,130期,埼玉,埼玉,26,B1,,1,0,0.18,3.33,13.8,29.1,0.0,0.0,0.0,0,62,36.7,48.1,0,26.2,43.7,3,3,5,4,0.52,5,7,6,6,0.28,6,,,,,,,,,,,,,,,,,,,,,,,,,,,,,,,,,,,,,,,,,,,,,,,,,,,,,,,,,,,,
202609151408,2026-09-15,14,08R,59,4636,赤池 修平,107期,徳島,徳島,36,B1,,0,0,0.18,3.55,16.6,29.4,4.41,26.6,39.6,0,59,36.7,48.1,0,37.3,50.6,,,,,,,8,1,1,0.18,1,,,,,,,,,,,,,,,,,,,,,,,,,,,,,,,,,,,,,,,,,,,,,,,,,,,,,,,,,,,,,25,5000,岡本 翔太郎,121期,山口,山口,32,B1,,1,0,0.12,5.31,37.5,52.5,4.29,23.5,35.2,0,82,61.5,83.3,0,20.2,44.3,4,4,5,5,0.15,3,8,2,2,0.17,2,,,,,,,,,,,,,,,,,,,,,,,,,,,,,,,,,,,,,,,,,,,,,,,,,,,,,,,,,,,,,73,4413,水摩 敦,99期,福岡,福岡,40,A2,,0,0,0.18,5.9,36.5,61.7,5.4,30.2,51.1,0,15,53.0,69.8,0,25.6,36.5,,,,,,,8,3,3,0.15,3,,,,,,,,,,,,,,,,,,,,,,,,,,,,,,,,,,,,,,,,,,,,,,,,,,,,,,,,,,,,,15,3701,大西 隆洋,74期,香川,愛媛,53,B1,,0,0,0.16,4.13,15.2,33.7,3.07,7.4,25.9,0,27,29.8,41.3,0,31.3,55.4,2,2,1,1,0.16,1,8,4,4,0.11,4,,,,,,,,,,,,,,,,,,,,,,,,,,,,,,,,,,,,,,,,,,,,,,,,,,,,,,,,,,,,,65,4138,中井 俊祐,89期,大阪,大阪,45,B1,,0,0,0.16,4.52,27.2,42.4,4.5,21.0,39.4,0,10,20.0,40.0,0,36.7,55.7,,,,,,,8,5,5,0.13,5,,,,,,,,,,,,,,,,,,,,,,,,,,,,,,,,,,,,,,,,,,,,,,,,,,,,,,,,,,,,,35,3224,栗山 繁洋,57期,佐賀,佐賀,61,B1,,0,0,0.21,3.89,19.3,28.4,4.31,23.0,46.1,0,32,25.6,51.2,0,25.3,39.2,3,3,2,2,0.23,4,8,6,6,0.17,6,,,,,,,,,,,,,,,,,,,,,,,,,,,,,,,,,,,,,,,,,,,,,,,,,,,,,,,,,,,,
202609151409,2026-09-15,14,09R,16,4006,小野 勇作,84期,佐賀,佐賀,48,B1,,0,0,0.17,5.44,35.0,53.0,5.39,31.5,55.2,0,20,37.5,56.2,0,42.3,61.5,,,,,,,9,1,1,0.21,5,,,,,,,,,,,,,,,,,,,,,,,,,,,,,,,,,,,,,,,,,,,,,,,,,,,,,,,,,,,,,56,5264,登 みひ果,131期,兵庫,兵庫,26,B1,,1,0,0.15,4.98,30.6,44.9,4.56,0.0,33.3,0,77,33.3,56.7,0,45.7,59.0,5,5,5,5,0.19,3,9,2,2,0.32,4,,,,,,,,,,,,,,,,,,,,,,,,,,,,,,,,,,,,,,,,,,,,,,,,,,,,,,,,,,,,,75,4748,渡邉 雄朗,112期,東京,千葉,40,A1,,1,0,0.16,6.32,46.3,67.3,0.0,0.0,0.0,0,14,39.0,52.4,0,43.7,66.2,,,,,,,9,3,3,0.12,2,,,,,,,,,,,,,,,,,,,,,,,,,,,,,,,,,,,,,,,,,,,,,,,,,,,,,,,,,,,,,80,3722,西村 秀樹,75期,福岡,福岡,56,B1,,0,0,0.19,3.49,9.8,20.9,0.0,0.0,0.0,0,19,36.2,53.7,0,20.0,41.3,1,1,3,3,0.2,2,9,4,4,0.16,3,,,,,,,,,,,,,,,,,,,,,,,,,,,,,,,,,,,,,,,,,,,,,,,,,,,,,,,,,,,,,82,4142,平野 和明,89期,愛知,愛知,45,A2,,0,0,0.18,5.65,34.5,57.2,6.04,33.3,75.0,0,76,32.9,48.2,0,26.2,41.2,2,2,2,2,0.17,4,9,5,5,0.11,エ,,,,,,,,,,,,,,,,,,,,,,,,,,,,,,,,,,,,,,,,,,,,,,,,,,,,,,,,,,,,,51,5289,佃 來紀,132期,大阪,奈良,25,A2,,0,0,0.16,5.71,40.7,58.4,5.13,26.0,52.1,0,37,50.0,58.7,0,34.5,53.5,3,3,3,3,0.13,1,9,6,6,0.07,1,,,,,,,,,,,,,,,,,,,,,,,,,,,,,,,,,,,,,,,,,,,,,,,,,,,,,,,,,,,,
202609151410,2026-09-15,14,10R,76,3508,久富 政弘,67期,佐賀,佐賀,55,A2,,0,0,0.2,5.15,29.4,52.6,5.33,26.6,40.0,0,35,29.1,46.8,0,35.2,55.2,,,,,,,10,1,1,0.07,妨,,,,,,,,,,,,,,,,,,,,,,,,,,,,,,,,,,,,,,,,,,,,,,,,,,,,,,,,,,,,,10,4447,深川 麻奈美,100期,福岡,熊本,39,B1,,0,0,0.19,5.81,38.1,57.9,6.13,31.2,68.7,0,57,40.2,53.2,0,49.4,68.6,5,5,6,6,0.18,4,10,2,2,0.05,1,,,,,,,,,,,,,,,,,,,,,,,,,,,,,,,,,,,,,,,,,,,,,,,,,,,,,,,,,,,,,57,5039,倉田 茂将,122期,愛知,愛知,28,B1,,1,0,0.16,3.84,17.2,28.7,4.3,20.0,40.0,0,67,38.3,49.3,0,21.9,32.8,,,,,,,10,3,3,0.04,3,,,,,,,,,,,,,,,,,,,,,,,,,,,,,,,,,,,,,,,,,,,,,,,,,,,,,,,,,,,,,12,5144,中尾 彩香,126期,福岡,沖縄,25,B1,,0,0,0.17,4.48,22.7,43.1,3.25,6.2,18.7,0,22,31.1,53.3,0,31.3,43.3,4,4,6,6,0.18,5,10,4,4,0.02,2,,,,,,,,,,,,,,,,,,,,,,,,,,,,,,,,,,,,,,,,,,,,,,,,,,,,,,,,,,,,,28,5403,藤山 湧太,136期,徳島,徳島,22,B2,,0,0,0.2,2.46,5.8,13.2,2.34,4.9,9.8,0,12,35.9,50.5,0,42.6,54.8,1,1,4,4,0.14,4,10,5,5,0.14,転,,,,,,,,,,,,,,,,,,,,,,,,,,,,,,,,,,,,,,,,,,,,,,,,,,,,,,,,,,,,,30,4906,鈴木 雅希,117期,東京,神奈川,31,A2,,0,0,0.18,5.53,36.0,56.0,5.14,35.7,50.0,0,58,33.7,46.7,0,22.6,41.6,6,6,3,3,0.08,4,10,6,6,0.18,4,,,,,,,,,,,,,,,,,,,,,,,,,,,,,,,,,,,,,,,,,,,,,,,,,,,,,,,,,,,,
202609151411,2026-09-15,14,11R,84,4144,石塚 久也,89期,埼玉,埼玉,45,A2,,0,0,0.18,6.22,45.7,64.8,5.52,41.3,55.1,0,72,33.7,45.4,0,32.5,42.1,2,2,3,3,0.19,3,11,1,1,0.14,1,,,,,,,,,,,,,,,,,,,,,,,,,,,,,,,,,,,,,,,,,,,,,,,,,,,,,,,,,,,,,64,3327,野長瀬 正孝,61期,静岡,静岡,59,A2,,1,0,0.16,6.09,40.9,65.7,6.09,39.3,66.6,0,23,26.1,40.4,0,30.5,49.4,3,3,4,5,0.25,3,11,2,2,0.14,2,,,,,,,,,,,,,,,,,,,,,,,,,,,,,,,,,,,,,,,,,,,,,,,,,,,,,,,,,,,,,11,4522,古澤 光紀,103期,福岡,福岡,38,A2,,0,0,0.15,6.44,49.0,67.3,0.0,0.0,0.0,0,50,38.2,55.5,0,40.2,59.7,6,6,5,5,0.1,3,11,3,3,0.13,5,,,,,,,,,,,,,,,,,,,,,,,,,,,,,,,,,,,,,,,,,,,,,,,,,,,,,,,,,,,,,62,4348,宮崎 奨,96期,香川,香川,41,A2,,0,0,0.17,5.89,43.7,59.6,6.17,41.6,66.6,0,66,42.5,62.5,0,30.7,44.8,4,4,2,2,0.15,2,11,4,4,0.13,4,,,,,,,,,,,,,,,,,,,,,,,,,,,,,,,,,,,,,,,,,,,,,,,,,,,,,,,,,,,,,50,3611,岩崎 芳美,71期,徳島,熊本,54,A2,,0,0,0.14,5.89,39.2,59.8,6.07,39.5,61.7,0,13,29.1,56.9,0,33.3,46.1,5,5,1,1,0.26,1,11,5,5,0.14,3,,,,,,,,,,,,,,,,,,,,,,,,,,,,,,,,,,,,,,,,,,,,,,,,,,,,,,,,,,,,,71,4356,長岡 良也,97期,兵庫,兵庫,42,A2,,0,0,0.18,6.15,42.0,67.0,5.85,40.0,55.0,0,52,39.0,54.8,0,22.2,38.2,7,7,2,2,0.25,5,11,6,6,0.21,6,,,,,,,,,,,,,,,,,,,,,,,,,,,,,,,,,,,,,,,,,,,,,,,,,,,,,,,,,,,,
202609151412,2026-09-15,14,12R,20,4290,稲田 浩二,94期,兵庫,兵庫,41,A1,,0,0,0.12,6.55,42.8,63.0,0.0,0.0,0.0,0,11,29.6,41.9,0,22.0,38.9,4,4,4,4,0.08,1,12,1,1,0.07,6,,,,,,,,,,,,,,,,,,,,,,,,,,,,,,,,,,,,,,,,,,,,,,,,,,,,,,,,,,,,,79,4102,益田 啓司,88期,福岡,大分,47,A1,,0,0,0.15,6.48,50.3,66.4,7.0,57.1,71.4,0,33,37.0,56.7,0,28.7,51.2,2,2,5,5,0.17,2,12,2,2,0.1,1,,,,,,,,,,,,,,,,,,,,,,,,,,,,,,,,,,,,,,,,,,,,,,,,,,,,,,,,,,,,,31,3612,馬袋 義則,71期,兵庫,兵庫,53,A1,,0,0,0.14,6.95,58.1,72.0,7.18,63.6,72.7,0,24,31.3,44.5,0,30.7,50.0,6,6,2,2,0.13,1,12,3,3,0.1,5,,,,,,,,,,,,,,,,,,,,,,,,,,,,,,,,,,,,,,,,,,,,,,,,,,,,,,,,,,,,,58,4545,岡村 慶太,104期,福岡,福岡,38,A1,,0,0,0.15,7.0,58.0,72.3,7.22,50.0,72.2,0,63,31.7,57.6,0,26.8,42.6,3,3,1,1,0.13,2,12,4,4,0.16,4,,,,,,,,,,,,,,,,,,,,,,,,,,,,,,,,,,,,,,,,,,,,,,,,,,,,,,,,,,,,,52,3304,烏野 賢太,60期,徳島,徳島,58,A1,,0,0,0.18,5.65,34.6,57.2,5.94,37.8,58.9,0,18,33.3,50.0,0,32.9,50.6,1,1,1,1,0.12,1,12,5,5,0.17,3,,,,,,,,,,,,,,,,,,,,,,,,,,,,,,,,,,,,,,,,,,,,,,,,,,,,,,,,,,,,,17,4737,竹井 貴史,111期,福岡,福岡,35,A1,,1,0,0.16,6.74,54.2,71.9,6.0,40.0,64.0,0,64,35.5,51.3,0,37.2,56.9,7,7,3,3,0.23,3,12,6,6,0.13,2,,,,,,,,,,,,,,,,,,,,,,,,,,,,,,,,,,,,,,,,,,,,,,,,,,,,,,,,,,,,
202609151801,2026-09-15,18,01R,55,5015,高橋 竜矢,121期,広島,広島,28,A1,,0,0,0.14,6.89,54.6,73.8,6.86,41.3,72.4,0,60,32.6,53.0,0,35.4,54.1,6,,,,,,9,4,4,0.13,5,3,3,3,0.05,3,9,6,6,0.09,5,,,,,,7,2,2,0.1,3,1,1,1,0.11,1,6,5,5,0.01,1,,,,,,,,,,,,,,,,,,,,,,,,,,,,,,,51,4361,柳生 泰二,97期,山口,山口,41,A1,,1,0,0.14,7.39,56.1,71.0,6.54,45.1,59.7,0,58,29.1,46.8,0,34.3,48.7,,3,1,1,0.18,1,10,5,5,0.16,5,4,6,6,0.14,5,,,,,,6,4,4,0.14,2,11,3,3,0.13,2,1,2,2,0.13,2,,,,,,,,,,,,,,,,,,,,,,,,,,,,,,,,,,,,39,4537,渡邉 和将,103期,岡山,岡山,36,A1,,0,0,0.14,7.11,50.0,74.6,7.3,54.3,66.6,0,74,42.6,54.8,0,32.0,47.0,9,6,1,1,0.22,1,,,,,,5,5,5,0.15,5,11,4,4,0.06,4,2,6,6,0.11,6,,,,,,1,3,3,0.17,6,9,2,2,0.06,4,,,,,,,,,,,,,,,,,,,,,,,,,,,,,,,17,4448,青木 玄太,100期,滋賀,滋賀,39,A1,,0,0,0.16,7.07,54.5,74.3,7.52,66.6,74.0,0,43,18.9,31.5,0,29.1,45.4,7,,,,,,9,2,2,0.06,2,1,6,6,0.17,3,6,6,5,0.24,5,6,1,1,0.24,4,,,,,,1,4,4,0.08,4,7,3,3,0.05,2,,,,,,,,,,,,,,,,,,,,,,,,,,,,,,,66,4445,宮地 元輝,100期,佐賀,佐賀,39,A1,,0,0,0.12,7.26,48.4,60.8,7.11,33.3,55.5,0,50,37.5,52.8,0,32.1,48.5,8,6,3,3,0.34,5,11,4,4,0.09,4,,,,,,12,6,6,0.04,6,,,,,,8,1,1,0.11,1,1,5,5,0.07,5,8,2,2,0.03,2,,,,,,,,,,,,,,,,,,,,,,,,,,,,,,,37,4831,羽野 直也,114期,福岡,福岡,31,A1,,0,0,0.15,7.36,57.1,70.4,7.14,47.2,72.2,0,31,31.3,54.5,0,34.4,51.4,12,4,4,4,0.11,5,11,1,1,0.14,1,5,3,3,0.08,4,,,,,,3,2,2,0.13,2,,,,,,1,6,6,0.15,3,12,5,5,0.26,5,,,,,,,,,,,,,,,,,,,,,,,,,,,,,,
202609151802,2026-09-15,18,02R,75,5112,砂長 知輝,125期,埼玉,埼玉,26,A1,賞除,1,0,0.16,6.72,52.2,71.1,6.86,48.2,68.9,0,61,30.0,55.0,0,26.8,43.2,10,1,6,6,0.18,妨,11,3,3,0.16,3,6,5,4,0.17,2,,,,,,,,,,,8,2,2,0.17,2,2,1,1,0.05,1,10,5,5,0.18,5,,,,,,,,,,,,,,,,,,,,,,,,,,,,,,,38,4739,中村 晃朋,111期,香川,香川,34,A1,,1,0,0.15,6.44,52.9,68.0,5.96,26.0,47.8,0,70,24.4,40.0,0,41.6,54.0,11,5,1,1,0.15,1,,,,,,2,6,6,0.16,6,11,3,3,0.09,3,1,4,5,0.28,3,,,,,,2,2,2,0.06,2,11,4,4,0.08,5,,,,,,,,,,,,,,,,,,,,,,,,,,,,,,,73,4074,柳沢 一,86期,愛知,愛知,45,A1,,0,0,0.13,6.63,48.3,70.1,6.38,37.5,50.0,0,24,26.0,42.3,0,39.3,55.3,,,,,,,7,1,1,0.1,2,,,,,,8,6,6,0.05,5,1,2,2,0.18,5,11,5,5,0.09,6,2,3,3,0.05,5,,,,,,,,,,,,,,,,,,,,,,,,,,,,,,,,,,,,24,4397,西村 拓也,98期,大阪,大阪,39,A1,,0,0,0.13,7.43,61.0,77.8,7.13,41.6,70.8,0,44,34.9,53.4,0,33.8,46.5,8,,,,,,8,2,2,0.08,2,4,3,3,0.07,4,10,5,6,0.12,5,,,,,,7,5,5,0.14,4,2,4,4,0.08,3,8,1,1,0.07,1,,,,,,,,,,,,,,,,,,,,,,,,,,,,,,,19,3960,菊地 孝平,82期,静岡,岩手,48,A1,,0,0,0.11,6.94,42.9,62.2,6.7,50.0,60.0,0,12,41.6,56.2,0,38.3,51.4,9,,,,,,12,2,2,0.15,6,3,6,6,0.11,6,8,3,3,0.05,4,,,,,,10,1,1,0.21,4,2,5,5,0.08,6,9,4,4,0.09,3,,,,,,,,,,,,,,,,,,,,,,,,,,,,,,,30,3942,寺田 祥,81期,山口,山口,47,A1,,0,0,0.14,6.44,44.6,62.7,6.9,46.9,65.0,0,56,39.1,61.8,0,36.3,54.5,7,,,,,,7,4,4,0.11,エ,3,1,1,0.1,2,10,3,3,0.09,3,,,,,,12,2,2,0.12,4,2,6,6,0.1,4,7,5,5,0.09,4,,,,,,,,,,,,,,,,,,,,,,,,,,,,,,
202609151803,2026-09-15,18,03R,56,4305,金子 拓矢,95期,群馬,栃木,42,A1,,0,0,0.15,6.88,53.4,66.9,6.96,54.1,75.0,0,38,33.6,43.2,0,31.2,44.2,,2,3,3,0.14,4,10,6,6,0.17,6,3,4,4,0.06,5,,,,,,2,5,5,0.09,5,10,2,2,0.25,6,3,1,1,0.13,3,,,,,,,,,,,,,,,,,,,,,,,,,,,,,,,,,,,,70,4013,中島 孝平,84期,福井,福井,46,A1,,0,0,0.14,6.99,46.3,63.8,6.76,36.0,52.0,0,54,37.5,57.1,0,29.1,49.5,10,1,4,4,0.19,3,9,1,1,0.06,1,,,,,,12,5,5,0.05,4,,,,,,12,3,3,0.13,3,3,2,2,0.13,4,10,6,6,0.13,6,,,,,,,,,,,,,,,,,,,,,,,,,,,,,,,44,4985,井本 昌也,120期,山口,山口,29,A1,,0,0,0.15,6.64,52.4,66.9,6.52,52.0,63.2,0,73,42.5,55.3,0,36.4,58.2,8,6,2,2,0.27,3,,,,,,2,5,5,0.09,4,8,1,1,0.09,1,5,6,6,0.13,4,,,,,,3,3,3,0.09,1,8,4,4,0.11,3,,,,,,,,,,,,,,,,,,,,,,,,,,,,,,,57,4682,大上 卓人,109期,広島,広島,36,A1,,0,0,0.14,7.29,50.8,68.7,6.46,26.9,50.0,0,55,37.0,51.0,0,36.8,51.2,11,1,2,2,0.11,2,6,6,6,0.18,6,6,1,1,0.11,3,,,,,,3,3,3,0.18,5,,,,,,3,4,4,0.12,2,11,6,5,0.13,6,,,,,,,,,,,,,,,,,,,,,,,,,,,,,,,25,4362,土屋 智則,97期,群馬,群馬,41,A1,,0,0,0.15,6.86,44.9,66.9,6.96,52.1,69.5,0,63,28.0,42.0,0,29.9,43.1,9,,,,,,8,3,3,0.07,4,1,4,4,0.09,1,11,6,6,0.09,6,5,2,2,0.17,6,,,,,,3,5,5,0.11,6,9,1,1,0.12,6,,,,,,,,,,,,,,,,,,,,,,,,,,,,,,,59,4256,渡辺 浩司,93期,福岡,大分,42,A1,,1,0,0.13,7.09,46.2,78.1,6.88,40.0,80.0,0,68,53.4,65.9,0,41.2,60.1,7,2,5,5,0.15,6,9,3,3,0.11,6,,,,,,7,4,4,0.06,3,1,1,1,0.15,2,,,,,,3,6,6,0.12,5,7,2,2,0.21,6,,,,,,,,,,,,,,,,,,,,,,,,,,,,,,
202609151804,2026-09-15,18,04R,36,3959,坪井 康晴,82期,静岡,静岡,48,A1,,0,0,0.13,7.14,49.5,68.8,7.07,55.1,68.9,0,42,36.6,51.4,0,34.6,53.9,,2,2,2,0.16,1,11,6,6,0.08,5,,,,,,10,6,5,0.11,6,2,3,3,0.07,3,9,4,4,0.11,3,4,1,1,0.08,1,,,,,,,,,,,,,,,,,,,,,,,,,,,,,,,,,,,,27,4980,佐々木 完太,120期,山口,山口,30,A1,,0,0,0.16,7.1,52.2,64.6,6.8,50.6,65.4,0,19,48.3,63.7,0,31.9,48.2,,1,1,1,0.12,1,8,4,4,0.11,5,5,6,6,0.11,6,,,,,,3,4,4,0.17,1,10,3,3,0.19,5,4,2,2,0.1,6,,,,,,,,,,,,,,,,,,,,,,,,,,,,,,,,,,,,26,5142,常住 蓮,126期,佐賀,佐賀,25,A1,,1,0,0.15,7.31,56.2,74.3,8.56,66.6,88.8,0,75,36.8,56.3,0,30.6,44.5,,2,1,1,0.25,3,8,5,5,0.06,6,6,3,2,0.17,4,,,,,,1,6,4,0.2,4,7,6,6,0.12,6,4,3,3,0.08,2,,,,,,,,,,,,,,,,,,,,,,,,,,,,,,,,,,,,35,4826,井上 一輝,114期,大阪,大阪,32,A1,,0,0,0.13,7.02,53.9,70.8,6.3,37.0,55.5,0,64,38.4,53.8,0,29.6,44.6,12,3,3,3,0.17,2,9,6,6,0.11,4,5,1,1,0.12,1,,,,,,5,5,5,0.09,3,,,,,,4,4,4,0.09,3,12,2,2,0.13,3,,,,,,,,,,,,,,,,,,,,,,,,,,,,,,,52,4586,磯部 誠,105期,愛知,愛知,36,A1,,0,0,0.13,7.7,54.4,71.5,6.16,32.4,48.6,0,13,40.2,55.1,0,27.3,40.4,10,,,,,,12,3,3,0.23,2,2,2,2,0.09,3,7,6,6,0.06,5,,,,,,7,4,4,0.09,2,4,5,5,0.07,5,10,1,1,0.08,1,,,,,,,,,,,,,,,,,,,,,,,,,,,,,,,42,4024,井口 佳典,85期,三重,三重,49,A1,,0,0,0.16,6.92,45.8,60.5,6.67,16.6,66.6,0,48,38.5,55.0,0,30.2,47.3,,5,5,5,0.15,3,,,,,,6,4,3,0.21,6,,,,,,5,1,1,0.14,5,12,4,4,0.06,6,4,6,6,0.09,4,,,,,,,,,,,,,,,,,,,,,,,,,,,,,,,,,,,
202609151805,2026-09-15,18,05R,31,5084,末永 和也,124期,佐賀,佐賀,27,A1,,0,0,0.13,6.67,45.9,65.5,7.27,46.1,61.5,0,72,36.3,63.6,0,31.8,50.4,,1,5,5,0.16,転,10,3,3,0.13,3,,,,,,8,2,2,0.07,2,5,4,4,0.12,1,9,6,6,0.17,4,5,1,1,0.18,3,,,,,,,,,,,,,,,,,,,,,,,,,,,,,,,,,,,,16,4759,今泉 友吾,112期,東京,東京,36,A1,,0,0,0.16,6.97,48.1,74.4,6.72,55.5,72.2,0,69,41.4,59.5,0,38.3,53.4,12,5,4,4,0.16,2,,,,,,2,3,3,0.09,2,9,5,5,0.1,3,,,,,,11,1,1,0.11,1,5,3,2,0.09,1,12,6,6,0.09,2,,,,,,,,,,,,,,,,,,,,,,,,,,,,,,,43,4528,黒井 達矢,103期,埼玉,埼玉,38,A1,,0,0,0.17,6.56,43.1,62.5,6.94,37.5,56.2,0,71,29.5,44.9,0,29.4,43.1,10,3,5,5,0.18,5,,,,,,2,1,1,0.09,1,10,2,2,0.08,1,4,6,6,0.11,6,,,,,,5,4,3,0.07,6,10,4,4,0.12,4,,,,,,,,,,,,,,,,,,,,,,,,,,,,,,,47,5017,澤田 尚也,121期,滋賀,京都,27,A1,賞除,1,0,0.13,6.84,53.0,68.1,6.88,37.5,37.5,0,34,38.7,61.2,0,33.1,55.2,,,,,,,10,2,2,0.15,2,,,,,,7,5,5,0.02,F,3,5,5,0.17,4,8,4,4,0.17,4,5,5,4,0.08,2,,,,,,,,,,,,,,,,,,,,,,,,,,,,,,,,,,,,32,4713,白神 優,110期,岡山,岡山,36,A1,,0,0,0.14,6.26,40.3,60.5,7.17,52.7,72.2,0,15,41.8,52.3,0,29.4,48.7,11,4,6,6,0.02,3,,,,,,1,1,1,0.12,5,10,4,4,0.07,4,6,2,2,0.12,5,,,,,,5,6,5,0.11,5,11,3,3,0.08,2,,,,,,,,,,,,,,,,,,,,,,,,,,,,,,,72,4237,大峯 豊,92期,山口,山口,42,A1,,0,0,0.14,7.39,53.5,75.8,7.58,61.5,76.9,0,26,38.4,50.5,0,34.1,51.9,,4,3,3,0.12,4,9,5,5,0.06,3,,,,,,12,2,2,0.08,3,2,4,4,0.07,2,7,1,1,0.16,1,5,2,6,0.11,4,,,,,,,,,,,,,,,,,,,,,,,,,,,,,,,,,,,
202609151806,2026-09-15,18,06R,29,4852,川原 祐明,115期,香川,愛媛,31,A1,,1,0,0.15,7.05,55.3,73.8,6.29,42.8,65.7,0,53,38.2,53.9,0,30.2,47.8,,3,6,6,0.14,3,11,2,2,0.12,2,,,,,,8,4,4,0.08,3,7,3,3,0.12,5,12,5,5,0.11,2,6,1,1,0.12,2,,,,,,,,,,,,,,,,,,,,,,,,,,,,,,,,,,,,58,4851,関 浩哉,115期,群馬,群馬,31,A1,,0,0,0.13,7.63,49.1,65.1,9.0,64.7,76.4,0,39,30.5,48.4,0,35.1,55.6,,,,,,,12,5,5,0.23,4,5,4,4,0.19,3,10,1,1,0.14,2,1,5,3,0.14,1,8,6,6,0.24,6,6,2,2,0.12,3,,,,,,,,,,,,,,,,,,,,,,,,,,,,,,,,,,,,20,5267,石本 裕武,131期,大阪,大阪,26,A1,,0,0,0.15,6.88,54.9,65.6,7.7,70.0,80.0,0,35,36.8,52.4,0,33.8,50.0,,5,6,6,0.16,6,,,,,,1,2,2,0.18,6,8,5,5,0.06,6,4,1,1,0.18,1,,,,,,6,3,3,0.09,6,,,,,,,,,,,,,,,,,,,,,,,,,,,,,,,,,,,,15,4939,宮之原 輝紀,118期,東京,東京,28,A1,,0,0,0.14,7.7,64.7,73.5,7.2,65.0,75.0,0,41,31.4,51.8,0,36.9,57.6,10,,,,,,7,5,5,0.13,3,4,2,2,0.05,2,11,1,1,0.06,1,,,,,,10,6,6,0.13,3,6,4,4,0.09,5,10,3,3,0.07,2,,,,,,,,,,,,,,,,,,,,,,,,,,,,,,,55,5015,高橋 竜矢,121期,広島,広島,28,A1,,0,0,0.14,6.89,54.6,73.8,6.86,41.3,72.4,0,60,32.6,53.0,0,35.4,54.1,1,,,,,,9,4,4,0.13,5,3,3,3,0.05,3,9,6,6,0.09,5,,,,,,7,2,2,0.1,3,1,1,1,0.11,1,6,5,5,0.01,1,,,,,,,,,,,,,,,,,,,,,,,,,,,,,,,41,4239,竹田 辰也,92期,山口,山口,42,A1,,0,0,0.15,6.47,51.8,66.3,6.13,40.3,58.6,0,30,38.4,53.8,0,37.5,56.1,11,2,4,4,0.11,2,,,,,,1,5,5,0.1,4,9,1,1,0.14,1,,,,,,8,3,3,0.16,3,6,6,6,0.03,4,11,2,2,0.12,4,,,,,,,,,,,,,,,,,,,,,,,,,,,,,,
202609151807,2026-09-15,18,07R,18,4796,春園 功太,113期,三重,三重,35,A1,,0,0,0.15,6.02,45.3,58.9,6.08,45.0,60.0,0,27,44.3,59.4,0,39.7,49.2,,,,,,,7,6,6,0.17,4,5,2,2,0.12,2,,,,,,4,3,3,0.16,5,10,4,4,0.07,1,,,,,,7,1,1,0.11,1,,,,,,,,,,,,,,,,,,,,,,,,,,,,,,,59,4256,渡辺 浩司,93期,福岡,大分,42,A1,,1,0,0.13,7.09,46.2,78.1,6.88,40.0,80.0,0,68,53.4,65.9,0,41.2,60.1,3,2,5,5,0.15,6,9,3,3,0.11,6,,,,,,7,4,4,0.06,3,1,1,1,0.15,2,,,,,,3,6,6,0.12,5,7,2,2,0.21,6,,,,,,,,,,,,,,,,,,,,,,,,,,,,,,,17,4448,青木 玄太,100期,滋賀,滋賀,39,A1,,0,0,0.16,7.07,54.5,74.3,7.52,66.6,74.0,0,43,18.9,31.5,0,29.1,45.4,1,,,,,,9,2,2,0.06,2,1,6,6,0.17,3,6,6,5,0.24,5,6,1,1,0.24,4,,,,,,1,4,4,0.08,4,7,3,3,0.05,2,,,,,,,,,,,,,,,,,,,,,,,,,,,,,,,13,4168,石野 貴之,90期,大阪,大阪,44,A1,,1,0,0.14,6.97,52.9,65.8,0.0,0.0,0.0,0,14,41.5,56.1,0,39.6,57.0,12,2,6,6,0.19,5,7,2,2,0.14,1,,,,,,12,3,3,0.06,2,6,5,5,0.16,6,,,,,,7,4,4,0.06,5,12,1,1,0.11,1,,,,,,,,,,,,,,,,,,,,,,,,,,,,,,,30,3942,寺田 祥,81期,山口,山口,47,A1,,0,0,0.14,6.44,44.6,62.7,6.9,46.9,65.0,0,56,39.1,61.8,0,36.3,54.5,2,,,,,,7,4,4,0.11,エ,3,1,1,0.1,2,10,3,3,0.09,3,,,,,,12,2,2,0.12,4,2,6,6,0.1,4,7,5,5,0.09,4,,,,,,,,,,,,,,,,,,,,,,,,,,,,,,,62,4928,栗城 匠,118期,東京,東京,31,A1,,0,0,0.14,6.63,50.9,64.8,6.38,50.0,75.0,0,17,40.2,64.3,0,38.3,54.3,,3,4,4,0.13,6,,,,,,3,5,5,0.04,4,7,3,2,0.02,1,,,,,,9,1,1,0.14,2,,,,,,7,6,6,0.11,3,,,,,,,,,,,,,,,,,,,,,,,,,,,,,,
202609151808,2026-09-15,18,08R,24,4397,西村 拓也,98期,大阪,大阪,39,A1,,0,0,0.13,7.43,61.0,77.8,7.13,41.6,70.8,0,44,34.9,53.4,0,33.8,46.5,2,,,,,,8,2,2,0.08,2,4,3,3,0.07,4,10,5,6,0.12,5,,,,,,7,5,5,0.14,4,2,4,4,0.08,3,8,1,1,0.07,1,,,,,,,,,,,,,,,,,,,,,,,,,,,,,,,66,4445,宮地 元輝,100期,佐賀,佐賀,39,A1,,0,0,0.12,7.26,48.4,60.8,7.11,33.3,55.5,0,50,37.5,52.8,0,32.1,48.5,1,6,3,3,0.34,5,11,4,4,0.09,4,,,,,,12,6,6,0.04,6,,,,,,8,1,1,0.11,1,1,5,5,0.07,5,8,2,2,0.03,2,,,,,,,,,,,,,,,,,,,,,,,,,,,,,,,68,3744,徳増 秀樹,75期,静岡,静岡,51,A1,,0,0,0.14,6.2,45.4,59.8,6.36,46.1,64.1,0,11,31.6,49.5,0,41.9,55.7,,,,,,,8,1,1,0.08,1,,,,,,9,4,4,0.11,6,1,3,6,0.18,6,9,2,2,0.11,6,,,,,,8,3,3,0.06,4,,,,,,,,,,,,,,,,,,,,,,,,,,,,,,,44,4985,井本 昌也,120期,山口,山口,29,A1,,0,0,0.15,6.64,52.4,66.9,6.52,52.0,63.2,0,73,42.5,55.3,0,36.4,58.2,3,6,2,2,0.27,3,,,,,,2,5,5,0.09,4,8,1,1,0.09,1,5,6,6,0.13,4,,,,,,3,3,3,0.09,1,8,4,4,0.11,3,,,,,,,,,,,,,,,,,,,,,,,,,,,,,,,53,4344,新田 雄史,96期,三重,三重,41,A1,,2,0,0.14,7.58,56.0,68.9,7.88,37.5,50.0,0,67,29.6,48.1,0,33.3,46.7,,,,,,,12,6,6,0.34,5,1,3,3,0.17,2,7,1,1,0.08,2,2,2,2,0.19,4,11,4,4,0.23,5,,,,,,8,5,5,0.13,5,,,,,,,,,,,,,,,,,,,,,,,,,,,,,,,40,4415,下出 卓矢,99期,福井,石川,39,A1,,1,0,0.14,6.08,46.8,58.5,5.65,35.2,58.8,0,22,30.3,46.0,0,38.0,52.2,,4,2,2,0.13,6,,,,,,4,4,4,0.12,6,,,,,,3,1,1,0.17,6,9,5,5,0.16,5,,,,,,8,6,6,0.16,6,,,,,,,,,,,,,,,,,,,,,,,,,,,,,,
202609151809,2026-09-15,18,09R,25,4362,土屋 智則,97期,群馬,群馬,41,A1,,0,0,0.15,6.86,44.9,66.9,6.96,52.1,69.5,0,63,28.0,42.0,0,29.9,43.1,3,,,,,,8,3,3,0.07,4,1,4,4,0.09,1,11,6,6,0.09,6,5,2,2,0.17,6,,,,,,3,5,5,0.11,6,9,1,1,0.12,6,,,,,,,,,,,,,,,,,,,,,,,,,,,,,,,39,4537,渡邉 和将,103期,岡山,岡山,36,A1,,0,0,0.14,7.11,50.0,74.6,7.3,54.3,66.6,0,74,42.6,54.8,0,32.0,47.0,1,6,1,1,0.22,1,,,,,,5,5,5,0.15,5,11,4,4,0.06,4,2,6,6,0.11,6,,,,,,1,3,3,0.17,6,9,2,2,0.06,4,,,,,,,,,,,,,,,,,,,,,,,,,,,,,,,54,4760,山崎 郡,112期,大阪,大阪,36,A1,,0,0,0.14,7.49,53.7,68.9,7.61,51.6,87.1,0,59,38.1,55.9,0,36.9,56.9,,4,5,5,0.04,1,10,1,1,0.13,1,2,4,4,0.1,5,,,,,,4,2,2,0.16,2,12,6,6,0.11,5,,,,,,9,3,3,0.07,1,,,,,,,,,,,,,,,,,,,,,,,,,,,,,,,19,3960,菊地 孝平,82期,静岡,岩手,48,A1,,0,0,0.11,6.94,42.9,62.2,6.7,50.0,60.0,0,12,41.6,56.2,0,38.3,51.4,2,,,,,,12,2,2,0.15,6,3,6,6,0.11,6,8,3,3,0.05,4,,,,,,10,1,1,0.21,4,2,5,5,0.08,6,9,4,4,0.09,3,,,,,,,,,,,,,,,,,,,,,,,,,,,,,,,14,3941,池田 浩二,81期,愛知,愛知,48,A1,,0,0,0.12,7.69,48.3,66.9,7.82,52.9,70.5,0,66,31.7,45.8,0,35.5,52.4,,5,3,3,0.12,4,10,4,4,0.12,4,,,,,,12,1,1,0.03,1,3,6,6,0.13,3,11,2,2,0.1,3,,,,,,9,5,5,0.05,2,,,,,,,,,,,,,,,,,,,,,,,,,,,,,,,34,4391,松田 祐季,98期,福井,福井,40,A1,,0,0,0.15,7.03,53.7,70.5,6.45,40.9,59.0,0,62,25.8,43.5,0,31.8,48.7,,6,4,4,0.17,2,,,,,,,,,,,9,3,3,0.09,4,2,1,1,0.12,1,8,5,5,0.23,5,,,,,,9,6,6,0.05,5,,,,,,,,,,,,,,,,,,,,,,,,,,,,,,
202609151810,2026-09-15,18,10R,52,4586,磯部 誠,105期,愛知,愛知,36,A1,,0,0,0.13,7.7,54.4,71.5,6.16,32.4,48.6,0,13,40.2,55.1,0,27.3,40.4,4,,,,,,12,3,3,0.23,2,2,2,2,0.09,3,7,6,6,0.06,5,,,,,,7,4,4,0.09,2,4,5,5,0.07,5,10,1,1,0.08,1,,,,,,,,,,,,,,,,,,,,,,,,,,,,,,,23,4566,塩田 北斗,105期,福岡,福岡,38,A1,,1,0,0.14,6.76,44.0,64.5,6.36,39.2,53.5,0,36,28.5,50.8,0,30.7,55.1,,6,5,5,0.22,4,,,,,,4,1,1,0.03,1,,,,,,4,4,4,0.12,4,11,6,6,0.11,4,,,,,,10,2,2,0.07,3,,,,,,,,,,,,,,,,,,,,,,,,,,,,,,,15,4939,宮之原 輝紀,118期,東京,東京,28,A1,,0,0,0.14,7.7,64.7,73.5,7.2,65.0,75.0,0,41,31.4,51.8,0,36.9,57.6,6,,,,,,7,5,5,0.13,3,4,2,2,0.05,2,11,1,1,0.06,1,,,,,,10,6,6,0.13,3,6,4,4,0.09,5,10,3,3,0.07,2,,,,,,,,,,,,,,,,,,,,,,,,,,,,,,,43,4528,黒井 達矢,103期,埼玉,埼玉,38,A1,,0,0,0.17,6.56,43.1,62.5,6.94,37.5,56.2,0,71,29.5,44.9,0,29.4,43.1,5,3,5,5,0.18,5,,,,,,2,1,1,0.09,1,10,2,2,0.08,1,4,6,6,0.11,6,,,,,,5,4,3,0.07,6,10,4,4,0.12,4,,,,,,,,,,,,,,,,,,,,,,,,,,,,,,,75,5112,砂長 知輝,125期,埼玉,埼玉,26,A1,賞除,1,0,0.16,6.72,52.2,71.1,6.86,48.2,68.9,0,61,30.0,55.0,0,26.8,43.2,2,1,6,6,0.18,妨,11,3,3,0.16,3,6,5,4,0.17,2,,,,,,,,,,,8,2,2,0.17,2,2,1,1,0.05,1,10,5,5,0.18,5,,,,,,,,,,,,,,,,,,,,,,,,,,,,,,,70,4013,中島 孝平,84期,福井,福井,46,A1,,0,0,0.14,6.99,46.3,63.8,6.76,36.0,52.0,0,54,37.5,57.1,0,29.1,49.5,3,1,4,4,0.19,3,9,1,1,0.06,1,,,,,,12,5,5,0.05,4,,,,,,12,3,3,0.13,3,3,2,2,0.13,4,10,6,6,0.13,6,,,,,,,,,,,,,,,,,,,,,,,,,,,,,,
202609151811,2026-09-15,18,11R,12,4205,山口 剛,91期,広島,広島,44,A1,,0,0,0.14,7.54,48.9,67.0,7.8,56.0,64.0,0,46,33.0,46.6,0,39.3,53.7,,3,2,2,0.15,4,8,6,6,0.14,3,,,,,,12,4,4,0.04,5,5,3,3,0.09,2,10,5,5,0.08,2,,,,,,11,1,1,0.12,1,,,,,,,,,,,,,,,,,,,,,,,,,,,,,,,41,4239,竹田 辰也,92期,山口,山口,42,A1,,0,0,0.15,6.47,51.8,66.3,6.13,40.3,58.6,0,30,38.4,53.8,0,37.5,56.1,6,2,4,4,0.11,2,,,,,,1,5,5,0.1,4,9,1,1,0.14,1,,,,,,8,3,3,0.16,3,6,6,6,0.03,4,11,2,2,0.12,4,,,,,,,,,,,,,,,,,,,,,,,,,,,,,,,32,4713,白神 優,110期,岡山,岡山,36,A1,,0,0,0.14,6.26,40.3,60.5,7.17,52.7,72.2,0,15,41.8,52.3,0,29.4,48.7,5,4,6,6,0.02,3,,,,,,1,1,1,0.12,5,10,4,4,0.07,4,6,2,2,0.12,5,,,,,,5,6,5,0.11,5,11,3,3,0.08,2,,,,,,,,,,,,,,,,,,,,,,,,,,,,,,,38,4739,中村 晃朋,111期,香川,香川,34,A1,,1,0,0.15,6.44,52.9,68.0,5.96,26.0,47.8,0,70,24.4,40.0,0,41.6,54.0,2,5,1,1,0.15,1,,,,,,2,6,6,0.16,6,11,3,3,0.09,3,1,4,5,0.28,3,,,,,,2,2,2,0.06,2,11,4,4,0.08,5,,,,,,,,,,,,,,,,,,,,,,,,,,,,,,,57,4682,大上 卓人,109期,広島,広島,36,A1,,0,0,0.14,7.29,50.8,68.7,6.46,26.9,50.0,0,55,37.0,51.0,0,36.8,51.2,3,1,2,2,0.11,2,6,6,6,0.18,6,6,1,1,0.11,3,,,,,,3,3,3,0.18,5,,,,,,3,4,4,0.12,2,11,6,5,0.13,6,,,,,,,,,,,,,,,,,,,,,,,,,,,,,,,67,4444,桐生 順平,100期,埼玉,福島,39,A1,,0,0,0.13,7.29,40.6,62.6,5.67,11.1,22.2,0,33,51.0,72.0,0,40.7,57.7,,,,,,,12,4,4,0.23,3,4,5,5,0.09,3,9,2,2,0.13,2,6,3,3,0.14,1,12,1,1,0.18,1,,,,,,11,5,6,0.09,3,,,,,,,,,,,,,,,,,,,,,,,,,,,,,,
202609151812,2026-09-15,18,12R,13,4168,石野 貴之,90期,大阪,大阪,44,A1,,1,0,0.14,6.97,52.9,65.8,0.0,0.0,0.0,0,14,41.5,56.1,0,39.6,57.0,7,2,6,6,0.19,5,7,2,2,0.14,1,,,,,,12,3,3,0.06,2,6,5,5,0.16,6,,,,,,7,4,4,0.06,5,12,1,1,0.11,1,,,,,,,,,,,,,,,,,,,,,,,,,,,,,,,35,4826,井上 一輝,114期,大阪,大阪,32,A1,,0,0,0.13,7.02,53.9,70.8,6.3,37.0,55.5,0,64,38.4,53.8,0,29.6,44.6,4,3,3,3,0.17,2,9,6,6,0.11,4,5,1,1,0.12,1,,,,,,5,5,5,0.09,3,,,,,,4,4,4,0.09,3,12,2,2,0.13,3,,,,,,,,,,,,,,,,,,,,,,,,,,,,,,,33,4547,中田 竜太,104期,埼玉,福島,38,A1,,0,0,0.16,6.82,43.6,60.9,8.0,57.1,92.8,0,23,35.5,46.7,0,33.8,45.4,,4,1,1,0.17,2,,,,,,3,2,2,0.03,1,11,5,5,0.15,5,6,6,6,0.12,3,,,,,,,,,,,12,3,3,0.16,6,,,,,,,,,,,,,,,,,,,,,,,,,,,,,,,48,3897,白井 英治,80期,山口,山口,49,A1,,0,0,0.13,7.72,51.7,67.8,8.11,61.3,82.6,0,29,26.8,47.2,0,31.5,48.3,,,,,,,12,1,1,0.18,1,6,2,6,0.12,1,11,2,2,0.12,2,4,5,5,0.12,3,9,3,3,0.09,1,,,,,,12,4,4,0.14,4,,,,,,,,,,,,,,,,,,,,,,,,,,,,,,,37,4831,羽野 直也,114期,福岡,福岡,31,A1,,0,0,0.15,7.36,57.1,70.4,7.14,47.2,72.2,0,31,31.3,54.5,0,34.4,51.4,1,4,4,4,0.11,5,11,1,1,0.14,1,5,3,3,0.08,4,,,,,,3,2,2,0.13,2,,,,,,1,6,6,0.15,3,12,5,5,0.26,5,,,,,,,,,,,,,,,,,,,,,,,,,,,,,,,16,4759,今泉 友吾,112期,東京,東京,36,A1,,0,0,0.16,6.97,48.1,74.4,6.72,55.5,72.2,0,69,41.4,59.5,0,38.3,53.4,5,5,4,4,0.16,2,,,,,,2,3,3,0.09,2,9,5,5,0.1,3,,,,,,11,1,1,0.11,1,5,3,2,0.09,1,12,6,6,0.09,2,,,,,,,,,,,,,,,,,,,,,,,,,,,,,,
202609151901,2026-09-15,19,01R,18,3455,谷本 幸司,65期,愛知,愛知,55,B1,,1,0,0.17,4.68,27.9,43.2,4.86,42.8,42.8,0,38,39.0,48.2,0,20.2,44.0,,2,3,3,0.14,1,7,6,6,0.13,4,4,5,5,0.12,5,8,3,2,0.23,1,1,1,1,0.15,1,,,,,,,,,,,,,,,,,,,,,,,,,,,,,,,,,,,,,,,,,,,,,,31,4978,山田 和佐,120期,広島,島根,32,B1,,1,0,0.17,5.0,27.0,45.0,4.33,11.1,44.4,0,27,40.2,58.6,0,36.4,52.9,11,1,4,4,0.26,3,8,3,3,0.41,3,,,,,,9,5,5,0.28,2,1,2,2,0.15,3,11,3,3,0.1,2,,,,,,,,,,,,,,,,,,,,,,,,,,,,,,,,,,,,,,,,,35,3070,山室 展弘,51期,岡山,岡山,65,B1,,0,0,0.14,5.46,42.3,53.8,5.57,36.6,53.3,0,67,44.4,60.4,0,31.3,45.7,8,6,2,2,0.12,1,,,,,,1,2,5,0.26,1,6,1,1,0.2,5,1,3,3,0.15,5,8,4,4,0.08,2,,,,,,,,,,,,,,,,,,,,,,,,,,,,,,,,,,,,,,,,,73,4226,村田 浩司,92期,山口,山口,44,B1,,0,0,0.15,4.09,19.3,38.7,4.0,27.0,33.3,0,48,38.8,58.8,0,34.5,48.8,10,1,1,1,0.1,2,7,4,4,0.08,1,3,2,2,0.14,6,,,,,,1,4,4,0.17,4,10,6,6,0.19,6,,,,,,,,,,,,,,,,,,,,,,,,,,,,,,,,,,,,,,,,,33,3741,松尾 基成,75期,福岡,福岡,52,B1,,0,0,0.17,3.61,18.5,25.7,2.48,8.7,8.7,0,26,17.5,35.1,0,33.7,48.8,6,4,1,1,0.11,3,,,,,,2,2,2,0.18,5,6,6,6,0.19,4,1,5,5,0.18,6,6,3,3,0.14,6,,,,,,,,,,,,,,,,,,,,,,,,,,,,,,,,,,,,,,,,,48,4113,木村 浩士,88期,群馬,群馬,46,B1,,0,0,0.18,4.56,23.0,39.0,4.58,29.1,45.8,0,19,30.7,38.4,0,23.1,30.4,9,5,2,2,0.09,4,10,5,5,0.19,4,2,1,1,0.21,2,,,,,,1,6,6,0.13,2,9,4,4,0.13,5,,,,,,,,,,,,,,,,,,,,,,,,,,,,,,,,,,,,,,,,
202609151902,2026-09-15,19,02R,56,3616,中村 真,71期,福岡,福岡,53,B1,,0,0,0.16,4.8,25.7,53.0,5.59,45.9,54.0,0,28,32.1,47.6,0,49.4,60.2,6,5,3,3,0.08,2,,,,,,1,3,2,0.26,2,10,6,6,0.12,5,2,1,1,0.25,4,6,5,5,0.15,4,,,,,,,,,,,,,,,,,,,,,,,,,,,,,,,,,,,,,,,,,50,3212,亀本 勇樹,57期,広島,広島,64,B1,,1,0,0.18,4.59,23.8,36.3,3.76,17.0,24.3,0,64,22.3,42.3,0,34.5,53.0,7,3,4,4,0.13,5,,,,,,1,1,1,0.25,3,8,1,5,0.25,4,2,2,2,0.27,3,7,2,5,0.21,4,,,,,,,,,,,,,,,,,,,,,,,,,,,,,,,,,,,,,,,,,11,3742,宮地 秀祈,75期,福岡,福岡,52,B1,,0,0,0.18,5.54,36.4,52.9,4.81,23.0,46.1,0,33,31.4,51.6,0,34.8,46.5,9,1,5,5,0.15,4,6,1,1,0.14,3,5,5,6,0.14,4,,,,,,2,3,3,0.27,5,9,2,2,0.22,6,,,,,,,,,,,,,,,,,,,,,,,,,,,,,,,,,,,,,,,,,16,4548,篠木 亜衣花,104期,三重,三重,38,B1,,1,0,0.24,3.05,10.5,21.0,0.0,0.0,0.0,0,35,27.3,51.1,0,23.4,29.6,12,1,3,3,0.32,6,,,,,,4,3,3,0.16,6,10,4,4,0.24,6,2,4,4,0.3,6,12,1,1,0.19,2,,,,,,,,,,,,,,,,,,,,,,,,,,,,,,,,,,,,,,,,,54,3606,川北 浩貴,71期,滋賀,滋賀,54,B1,,0,0,0.16,5.63,38.6,52.4,0.0,0.0,0.0,0,66,24.6,43.2,0,33.7,54.2,8,2,1,1,0.25,2,11,3,3,0.14,1,,,,,,7,2,2,0.04,3,2,5,5,0.23,2,8,6,6,0.07,3,,,,,,,,,,,,,,,,,,,,,,,,,,,,,,,,,,,,,,,,,59,4292,麻生 慎介,94期,広島,広島,41,A1,,1,0,0.14,6.54,45.0,70.0,5.32,20.0,36.0,0,13,29.7,50.0,0,32.5,42.1,10,7,5,5,0.1,3,12,3,3,0.06,4,5,1,1,0.17,2,10,2,2,0.1,4,2,6,6,0.28,1,10,4,4,0.13,4,,,,,,,,,,,,,,,,,,,,,,,,,,,,,,,,,,,,,,,,
202609151903,2026-09-15,19,03R,20,4054,福嶋 智之,86期,岡山,岡山,48,B1,,0,0,0.16,4.8,27.7,46.6,4.55,33.3,40.4,0,73,27.5,42.5,0,26.2,53.7,7,1,6,6,0.14,5,10,4,4,0.12,5,5,3,3,0.16,5,,,,,,3,1,1,0.03,F,7,4,3,0.22,6,,,,,,,,,,,,,,,,,,,,,,,,,,,,,,,,,,,,,,,,,23,5227,川原 愛未,129期,福岡,福岡,24,B2,,0,0,0.0,3.47,15.6,28.1,2.29,8.3,8.3,0,59,35.0,56.2,0,42.8,66.6,12,,,,,,9,5,5,0.17,5,2,3,3,0.16,4,8,5,4,0.18,2,3,2,2,0.02,2,12,4,4,0.13,1,,,,,,,,,,,,,,,,,,,,,,,,,,,,,,,,,,,,,,,,,57,5409,宮本 琉正,136期,福岡,沖縄,21,B2,,0,0,0.16,2.72,8.7,15.7,1.7,0.0,5.0,0,60,22.3,41.1,0,35.7,51.1,,3,6,6,0.19,6,,,,,,3,5,5,0.04,5,7,4,4,0.07,5,3,3,3,0.01,1,,,,,,,,,,,,,,,,,,,,,,,,,,,,,,,,,,,,,,,,,,,,,,32,4015,前野 竜一,84期,山口,山口,46,A2,,1,0,0.16,5.79,34.7,61.0,0.0,0.0,0.0,0,31,42.5,58.6,0,27.3,36.9,10,5,5,4,0.14,3,11,1,1,0.21,3,,,,,,9,2,2,0.22,5,3,4,4,0.21,5,10,5,5,0.14,3,,,,,,,,,,,,,,,,,,,,,,,,,,,,,,,,,,,,,,,,,24,4159,向後 龍一,90期,埼玉,茨城,45,A2,,0,0,0.17,6.63,50.0,67.5,5.29,28.5,57.1,0,54,24.1,39.0,0,29.2,52.4,11,2,6,6,0.19,6,10,2,2,0.15,2,,,,,,9,1,1,0.21,1,3,5,5,0.17,4,11,4,4,0.24,4,,,,,,,,,,,,,,,,,,,,,,,,,,,,,,,,,,,,,,,,,30,4857,加藤 翔馬,115期,兵庫,兵庫,29,A1,,0,0,0.16,7.09,56.2,72.7,6.3,51.8,62.9,0,70,26.7,40.7,0,25.9,46.9,8,5,1,1,0.11,1,12,5,5,0.13,6,8,4,3,0.22,3,12,2,2,0.06,1,3,6,6,0.19,3,8,3,3,0.05,1,,,,,,,,,,,,,,,,,,,,,,,,,,,,,,,,,,,,,,,,
202609151904,2026-09-15,19,04R,64,3361,岡部 浩,62期,徳島,徳島,57,B1,,0,0,0.19,4.23,24.3,32.4,3.44,16.0,28.0,0,68,31.4,40.4,0,39.5,59.3,,4,4,4,0.2,5,,,,,,2,6,6,0.23,3,9,3,3,0.23,4,4,1,1,0.21,5,,,,,,,,,,,,,,,,,,,,,,,,,,,,,,,,,,,,,,,,,,,,,,28,5281,井上 遥妃,131期,徳島,徳島,23,A1,,1,0,0.14,5.75,42.3,47.1,7.2,70.0,80.0,0,44,26.4,45.9,0,41.4,62.2,9,,,,,,9,1,1,0.09,1,5,4,4,0.1,1,12,6,6,0.21,3,4,3,2,0.19,4,9,5,5,0.11,2,,,,,,,,,,,,,,,,,,,,,,,,,,,,,,,,,,,,,,,,,38,4900,中田 夕貴,117期,埼玉,埼玉,33,B1,,0,1,0.19,5.1,31.9,45.7,5.45,40.0,45.0,0,72,26.9,34.8,0,31.7,49.4,,5,4,5,0.09,5,9,3,3,0.16,6,5,2,2,0.19,3,11,4,4,0.18,6,4,2,3,0.19,2,,,,,,,,,,,,,,,,,,,,,,,,,,,,,,,,,,,,,,,,,,,,,,42,5355,萩原 丈太朗,134期,福井,福井,21,B1,賞除,0,0,0.17,2.48,7.4,11.9,2.0,0.0,0.0,0,16,32.9,55.2,0,35.6,49.4,11,,,,,,7,2,2,0.23,5,1,5,4,0.24,5,7,3,3,0.04,4,4,4,4,0.29,6,11,5,5,0.12,6,,,,,,,,,,,,,,,,,,,,,,,,,,,,,,,,,,,,,,,,,68,3898,平田 忠則,80期,福岡,福岡,49,A1,,0,0,0.17,7.61,64.3,81.4,6.31,38.8,66.6,0,58,23.1,33.3,0,37.6,52.9,10,4,6,6,0.22,2,12,2,2,0.11,1,3,3,3,0.14,2,11,1,1,0.22,1,4,5,5,0.18,1,10,1,1,0.08,1,,,,,,,,,,,,,,,,,,,,,,,,,,,,,,,,,,,,,,,,,13,4099,吉永 則雄,88期,大阪,大阪,47,A2,,0,0,0.17,5.67,40.0,57.0,6.22,33.3,55.5,0,41,22.2,35.8,0,26.5,40.9,,7,1,1,0.17,2,11,4,4,0.12,5,4,2,2,0.07,2,12,5,5,0.22,6,4,6,6,0.19,3,,,,,,,,,,,,,,,,,,,,,,,,,,,,,,,,,,,,,,,,,,,,,
202609151905,2026-09-15,19,05R,26,5216,長谷川 晴哉,129期,群馬,群馬,26,A1,,0,0,0.17,5.99,39.8,61.6,6.32,39.2,64.2,0,49,34.8,47.1,0,28.7,50.5,9,8,2,2,0.37,2,12,6,6,0.17,5,2,5,5,0.15,1,10,3,3,0.08,3,5,1,1,0.02,1,9,3,3,0.19,1,,,,,,,,,,,,,,,,,,,,,,,,,,,,,,,,,,,,,,,,,44,4339,平瀬 城啓,96期,福井,富山,42,B1,,0,0,0.19,3.98,15.2,32.9,4.8,20.0,40.0,0,34,26.1,45.4,0,27.5,43.7,10,2,4,4,0.13,3,6,5,5,0.11,5,6,3,3,0.19,6,,,,,,5,2,2,0.05,4,10,3,3,0.07,2,,,,,,,,,,,,,,,,,,,,,,,,,,,,,,,,,,,,,,,,,47,5412,久保田 凪紗,136期,佐賀,福岡,20,B2,,0,0,0.2,1.75,2.6,4.0,1.2,0.0,0.0,0,45,24.6,49.3,0,30.4,45.1,12,,,,,,8,5,5,0.38,5,2,4,4,0.1,6,7,6,6,0.3,6,5,3,3,0.08,6,12,6,6,0.21,5,,,,,,,,,,,,,,,,,,,,,,,,,,,,,,,,,,,,,,,,,70,5111,三村 岳人,125期,岡山,岡山,26,A2,,0,0,0.15,5.98,46.0,59.5,6.59,54.5,72.7,0,51,26.1,34.0,0,28.5,50.0,11,,,,,,8,1,1,0.26,1,3,6,6,0.04,4,12,3,3,0.08,2,5,4,4,0.03,2,11,2,2,0.11,5,,,,,,,,,,,,,,,,,,,,,,,,,,,,,,,,,,,,,,,,,22,5451,知念 伶奈,138期,佐賀,沖縄,21,B2,,1,0,0.0,1.3,3.3,3.3,0.0,0.0,0.0,0,65,34.0,54.5,0,34.1,52.9,,5,6,6,0.24,6,,,,,,5,6,5,0.21,6,9,6,6,0.36,6,5,6,5,0.08,5,,,,,,,,,,,,,,,,,,,,,,,,,,,,,,,,,,,,,,,,,,,,,,15,3912,川原 正明,81期,福井,石川,52,B1,,0,0,0.15,5.94,43.3,58.3,5.06,35.2,35.2,0,50,34.1,41.4,0,29.0,48.8,,1,2,2,0.08,1,11,5,5,0.13,6,3,1,1,0.08,1,9,4,4,0.22,3,5,5,6,0.05,3,,,,,,,,,,,,,,,,,,,,,,,,,,,,,,,,,,,,,,,,,,,,,
202609151906,2026-09-15,19,06R,55,4761,山田 晃大,112期,滋賀,滋賀,36,A2,,0,0,0.14,5.73,35.9,54.3,6.03,37.9,55.1,0,22,22.6,38.1,0,39.0,54.0,,3,3,3,0.08,4,10,6,6,0.15,6,4,4,4,0.05,3,,,,,,6,1,1,0.18,2,,,,,,,,,,,,,,,,,,,,,,,,,,,,,,,,,,,,,,,,,,,,,,53,5064,品川 二千翔,123期,山口,山口,28,A1,,0,0,0.17,6.69,51.3,70.8,5.84,40.1,59.8,0,25,29.3,45.6,0,33.7,51.8,11,6,3,3,0.08,2,12,4,4,0.12,3,7,5,5,0.23,2,12,1,1,0.09,5,6,2,2,0.14,3,11,6,6,0.11,3,,,,,,,,,,,,,,,,,,,,,,,,,,,,,,,,,,,,,,,,,33,3741,松尾 基成,75期,福岡,福岡,52,B1,,0,0,0.17,3.61,18.5,25.7,2.48,8.7,8.7,0,26,17.5,35.1,0,33.7,48.8,1,4,1,1,0.11,3,,,,,,2,2,2,0.18,5,6,6,6,0.19,4,1,5,5,0.18,6,6,3,3,0.14,6,,,,,,,,,,,,,,,,,,,,,,,,,,,,,,,,,,,,,,,,,52,5013,山下 夏鈴,121期,三重,三重,29,B1,,1,0,0.17,5.48,36.4,49.4,5.26,37.0,40.7,0,56,39.0,54.8,0,22.8,37.3,12,4,2,2,0.07,4,9,4,4,0.16,3,1,4,3,0.32,6,,,,,,6,4,4,0.39,1,12,5,5,0.21,4,,,,,,,,,,,,,,,,,,,,,,,,,,,,,,,,,,,,,,,,,56,3616,中村 真,71期,福岡,福岡,53,B1,,0,0,0.16,4.8,25.7,53.0,5.59,45.9,54.0,0,28,32.1,47.6,0,49.4,60.2,2,5,3,3,0.08,2,,,,,,1,3,2,0.26,2,10,6,6,0.12,5,2,1,1,0.25,4,6,5,5,0.15,4,,,,,,,,,,,,,,,,,,,,,,,,,,,,,,,,,,,,,,,,,46,4383,竹田 吉行,98期,徳島,徳島,41,A2,,1,0,0.17,5.34,35.0,52.5,5.05,35.9,43.5,0,11,37.8,52.4,0,27.9,43.0,10,6,4,4,0.11,6,10,3,3,0.14,3,,,,,,8,2,1,0.21,6,6,6,6,0.22,5,10,2,2,0.12,5,,,,,,,,,,,,,,,,,,,,,,,,,,,,,,,,,,,,,,,,
202609151907,2026-09-15,19,07R,60,4700,金子 和之,110期,埼玉,新潟,39,A2,,0,0,0.15,6.02,39.2,58.9,7.14,42.8,85.7,0,43,38.3,47.6,0,37.8,56.1,,6,6,6,0.16,4,11,2,2,0.16,2,3,4,4,0.12,3,10,5,5,0.12,2,,,,,,7,1,1,0.16,1,,,,,,,,,,,,,,,,,,,,,,,,,,,,,,,,,,,,,,,,,45,5217,藤原 碧生,129期,岡山,岡山,26,A1,,2,0,0.14,5.61,31.5,49.4,7.38,62.0,72.4,0,61,27.3,46.4,0,44.8,65.5,11,3,5,5,0.12,3,12,1,1,0.16,2,4,6,6,0.16,4,11,3,3,0.25,3,7,3,2,0.19,2,11,1,1,0.13,1,,,,,,,,,,,,,,,,,,,,,,,,,,,,,,,,,,,,,,,,,20,4054,福嶋 智之,86期,岡山,岡山,48,B1,,0,0,0.16,4.8,27.7,46.6,4.55,33.3,40.4,0,73,27.5,42.5,0,26.2,53.7,3,1,6,6,0.14,5,10,4,4,0.12,5,5,3,3,0.16,5,,,,,,3,1,1,0.03,F,7,4,3,0.22,6,,,,,,,,,,,,,,,,,,,,,,,,,,,,,,,,,,,,,,,,,17,5210,藤井 公人,129期,福岡,福岡,28,A2,,1,0,0.15,5.56,37.5,53.8,4.97,32.4,51.3,0,32,25.8,48.3,0,34.8,56.9,,,,,,,7,3,3,0.09,6,7,1,1,0.03,1,11,6,6,0.16,5,,,,,,7,5,4,0.19,3,,,,,,,,,,,,,,,,,,,,,,,,,,,,,,,,,,,,,,,,,50,3212,亀本 勇樹,57期,広島,広島,64,B1,,1,0,0.18,4.59,23.8,36.3,3.76,17.0,24.3,0,64,22.3,42.3,0,34.5,53.0,2,3,4,4,0.13,5,,,,,,1,1,1,0.25,3,8,1,5,0.25,4,2,2,2,0.27,3,7,2,5,0.21,4,,,,,,,,,,,,,,,,,,,,,,,,,,,,,,,,,,,,,,,,,69,4300,加藤 綾,95期,三重,三重,43,B1,,0,0,0.18,5.24,36.6,54.4,4.66,27.5,37.9,0,52,38.1,57.8,0,44.1,59.3,12,2,5,5,0.14,4,9,2,2,0.18,2,4,1,1,0.19,1,,,,,,7,6,6,0.13,5,12,3,3,0.17,3,,,,,,,,,,,,,,,,,,,,,,,,,,,,,,,,,,,,,,,,
202609151908,2026-09-15,19,08R,21,4994,山本 梨菜,120期,佐賀,佐賀,28,A2,,1,0,0.16,6.35,47.2,64.5,6.02,42.8,64.2,0,55,34.8,55.8,0,40.0,52.9,12,,,,,,9,6,6,0.23,4,6,2,2,0.22,3,11,5,5,0.18,4,8,1,1,0.11,4,12,2,2,0.19,6,,,,,,,,,,,,,,,,,,,,,,,,,,,,,,,,,,,,,,,,,67,3717,立間 充宏,74期,岡山,岡山,51,A2,,0,0,0.18,5.47,32.9,48.8,5.69,37.5,56.2,0,29,27.5,47.1,0,38.1,50.0,,4,5,5,0.27,6,10,1,1,0.15,1,,,,,,8,6,6,0.15,5,,,,,,8,2,2,0.08,6,,,,,,,,,,,,,,,,,,,,,,,,,,,,,,,,,,,,,,,,,30,4857,加藤 翔馬,115期,兵庫,兵庫,29,A1,,0,0,0.16,7.09,56.2,72.7,6.3,51.8,62.9,0,70,26.7,40.7,0,25.9,46.9,3,5,1,1,0.11,1,12,5,5,0.13,6,8,4,3,0.22,3,12,2,2,0.06,1,3,6,6,0.19,3,8,3,3,0.05,1,,,,,,,,,,,,,,,,,,,,,,,,,,,,,,,,,,,,,,,,,35,3070,山室 展弘,51期,岡山,岡山,65,B1,,0,0,0.14,5.46,42.3,53.8,5.57,36.6,53.3,0,67,44.4,60.4,0,31.3,45.7,1,6,2,2,0.12,1,,,,,,1,2,5,0.26,1,6,1,1,0.2,5,1,3,3,0.15,5,8,4,4,0.08,2,,,,,,,,,,,,,,,,,,,,,,,,,,,,,,,,,,,,,,,,,65,3882,新田 智彰,80期,大阪,大阪,53,B1,,0,0,0.17,4.23,16.2,41.8,5.54,38.4,53.8,0,23,20.0,28.5,0,41.9,56.7,,3,1,1,0.07,1,8,4,4,0.33,4,1,6,6,0.32,4,11,2,2,0.21,2,,,,,,8,5,5,0.06,5,,,,,,,,,,,,,,,,,,,,,,,,,,,,,,,,,,,,,,,,,54,3606,川北 浩貴,71期,滋賀,滋賀,54,B1,,0,0,0.16,5.63,38.6,52.4,0.0,0.0,0.0,0,66,24.6,43.2,0,33.7,54.2,2,2,1,1,0.25,2,11,3,3,0.14,1,,,,,,7,2,2,0.04,3,2,5,5,0.23,2,8,6,6,0.07,3,,,,,,,,,,,,,,,,,,,,,,,,,,,,,,,,,,,,,,,,
202609151909,2026-09-15,19,09R,37,5212,西川 拓利,129期,福岡,福岡,27,A2,,0,0,0.13,6.37,47.8,68.7,5.48,32.2,58.0,0,24,38.2,52.8,0,26.5,39.7,,3,2,2,0.05,2,11,6,6,0.13,4,6,5,5,0.07,2,12,4,4,0.14,4,,,,,,9,1,1,0.14,4,,,,,,,,,,,,,,,,,,,,,,,,,,,,,,,,,,,,,,,,,11,3742,宮地 秀祈,75期,福岡,福岡,52,B1,,0,0,0.18,5.54,36.4,52.9,4.81,23.0,46.1,0,33,31.4,51.6,0,34.8,46.5,2,1,5,5,0.15,4,6,1,1,0.14,3,5,5,6,0.14,4,,,,,,2,3,3,0.27,5,9,2,2,0.22,6,,,,,,,,,,,,,,,,,,,,,,,,,,,,,,,,,,,,,,,,,26,5216,長谷川 晴哉,129期,群馬,群馬,26,A1,,0,0,0.17,5.99,39.8,61.6,6.32,39.2,64.2,0,49,34.8,47.1,0,28.7,50.5,5,8,2,2,0.37,2,12,6,6,0.17,5,2,5,5,0.15,1,10,3,3,0.08,3,5,1,1,0.02,1,9,3,3,0.19,1,,,,,,,,,,,,,,,,,,,,,,,,,,,,,,,,,,,,,,,,,48,4113,木村 浩士,88期,群馬,群馬,46,B1,,0,0,0.18,4.56,23.0,39.0,4.58,29.1,45.8,0,19,30.7,38.4,0,23.1,30.4,1,5,2,2,0.09,4,10,5,5,0.19,4,2,1,1,0.21,2,,,,,,1,6,6,0.13,2,9,4,4,0.13,5,,,,,,,,,,,,,,,,,,,,,,,,,,,,,,,,,,,,,,,,,28,5281,井上 遥妃,131期,徳島,徳島,23,A1,,1,0,0.14,5.75,42.3,47.1,7.2,70.0,80.0,0,44,26.4,45.9,0,41.4,62.2,4,,,,,,9,1,1,0.09,1,5,4,4,0.1,1,12,6,6,0.21,3,4,3,2,0.19,4,9,5,5,0.11,2,,,,,,,,,,,,,,,,,,,,,,,,,,,,,,,,,,,,,,,,,41,4276,鈴木 勝博,94期,愛知,愛知,43,A2,,0,0,0.16,5.98,44.4,60.6,6.04,50.0,57.1,0,15,31.4,40.7,0,39.0,58.5,,4,3,3,0.07,1,,,,,,6,4,4,0.08,1,10,1,1,0.01,1,,,,,,9,6,6,0.23,3,,,,,,,,,,,,,,,,,,,,,,,,,,,,,,,,,,,,,,,,
202609151910,2026-09-15,19,10R,68,3898,平田 忠則,80期,福岡,福岡,49,A1,,0,0,0.17,7.61,64.3,81.4,6.31,38.8,66.6,0,58,23.1,33.3,0,37.6,52.9,4,4,6,6,0.22,2,12,2,2,0.11,1,3,3,3,0.14,2,11,1,1,0.22,1,4,5,5,0.18,1,10,1,1,0.08,1,,,,,,,,,,,,,,,,,,,,,,,,,,,,,,,,,,,,,,,,,46,4383,竹田 吉行,98期,徳島,徳島,41,A2,,1,0,0.17,5.34,35.0,52.5,5.05,35.9,43.5,0,11,37.8,52.4,0,27.9,43.0,6,6,4,4,0.11,6,10,3,3,0.14,3,,,,,,8,2,1,0.21,6,6,6,6,0.22,5,10,2,2,0.12,5,,,,,,,,,,,,,,,,,,,,,,,,,,,,,,,,,,,,,,,,,44,4339,平瀬 城啓,96期,福井,富山,42,B1,,0,0,0.19,3.98,15.2,32.9,4.8,20.0,40.0,0,34,26.1,45.4,0,27.5,43.7,5,2,4,4,0.13,3,6,5,5,0.11,5,6,3,3,0.19,6,,,,,,5,2,2,0.05,4,10,3,3,0.07,2,,,,,,,,,,,,,,,,,,,,,,,,,,,,,,,,,,,,,,,,,59,4292,麻生 慎介,94期,広島,広島,41,A1,,1,0,0.14,6.54,45.0,70.0,5.32,20.0,36.0,0,13,29.7,50.0,0,32.5,42.1,2,7,5,5,0.1,3,12,3,3,0.06,4,5,1,1,0.17,2,10,2,2,0.1,4,2,6,6,0.28,1,10,4,4,0.13,4,,,,,,,,,,,,,,,,,,,,,,,,,,,,,,,,,,,,,,,,,32,4015,前野 竜一,84期,山口,山口,46,A2,,1,0,0.16,5.79,34.7,61.0,0.0,0.0,0.0,0,31,42.5,58.6,0,27.3,36.9,3,5,5,4,0.14,3,11,1,1,0.21,3,,,,,,9,2,2,0.22,5,3,4,4,0.21,5,10,5,5,0.14,3,,,,,,,,,,,,,,,,,,,,,,,,,,,,,,,,,,,,,,,,,73,4226,村田 浩司,92期,山口,山口,44,B1,,0,0,0.15,4.09,19.3,38.7,4.0,27.0,33.3,0,48,38.8,58.8,0,34.5,48.8,1,1,1,1,0.1,2,7,4,4,0.08,1,3,2,2,0.14,6,,,,,,1,4,4,0.17,4,10,6,6,0.19,6,,,,,,,,,,,,,,,,,,,,,,,,,,,,,,,,,,,,,,,,
202609151911,2026-09-15,19,11R,45,5217,藤原 碧生,129期,岡山,岡山,26,A1,,2,0,0.14,5.61,31.5,49.4,7.38,62.0,72.4,0,61,27.3,46.4,0,44.8,65.5,7,3,5,5,0.12,3,12,1,1,0.16,2,4,6,6,0.16,4,11,3,3,0.25,3,7,3,2,0.19,2,11,1,1,0.13,1,,,,,,,,,,,,,,,,,,,,,,,,,,,,,,,,,,,,,,,,,70,5111,三村 岳人,125期,岡山,岡山,26,A2,,0,0,0.15,5.98,46.0,59.5,6.59,54.5,72.7,0,51,26.1,34.0,0,28.5,50.0,5,,,,,,8,1,1,0.26,1,3,6,6,0.04,4,12,3,3,0.08,2,5,4,4,0.03,2,11,2,2,0.11,5,,,,,,,,,,,,,,,,,,,,,,,,,,,,,,,,,,,,,,,,,31,4978,山田 和佐,120期,広島,島根,32,B1,,1,0,0.17,5.0,27.0,45.0,4.33,11.1,44.4,0,27,40.2,58.6,0,36.4,52.9,1,1,4,4,0.26,3,8,3,3,0.41,3,,,,,,9,5,5,0.28,2,1,2,2,0.15,3,11,3,3,0.1,2,,,,,,,,,,,,,,,,,,,,,,,,,,,,,,,,,,,,,,,,,24,4159,向後 龍一,90期,埼玉,茨城,45,A2,,0,0,0.17,6.63,50.0,67.5,5.29,28.5,57.1,0,54,24.1,39.0,0,29.2,52.4,3,2,6,6,0.19,6,10,2,2,0.15,2,,,,,,9,1,1,0.21,1,3,5,5,0.17,4,11,4,4,0.24,4,,,,,,,,,,,,,,,,,,,,,,,,,,,,,,,,,,,,,,,,,42,5355,萩原 丈太朗,134期,福井,福井,21,B1,賞除,0,0,0.17,2.48,7.4,11.9,2.0,0.0,0.0,0,16,32.9,55.2,0,35.6,49.4,4,,,,,,7,2,2,0.23,5,1,5,4,0.24,5,7,3,3,0.04,4,4,4,4,0.29,6,11,5,5,0.12,6,,,,,,,,,,,,,,,,,,,,,,,,,,,,,,,,,,,,,,,,,53,5064,品川 二千翔,123期,山口,山口,28,A1,,0,0,0.17,6.69,51.3,70.8,5.84,40.1,59.8,0,25,29.3,45.6,0,33.7,51.8,6,6,3,3,0.08,2,12,4,4,0.12,3,7,5,5,0.23,2,12,1,1,0.09,5,6,2,2,0.14,3,11,6,6,0.11,3,,,,,,,,,,,,,,,,,,,,,,,,,,,,,,,,,,,,,,,,
202609151912,2026-09-15,19,12R,16,4548,篠木 亜衣花,104期,三重,三重,38,B1,,1,0,0.24,3.05,10.5,21.0,0.0,0.0,0.0,0,35,27.3,51.1,0,23.4,29.6,2,1,3,3,0.32,6,,,,,,4,3,3,0.16,6,10,4,4,0.24,6,2,4,4,0.3,6,12,1,1,0.19,2,,,,,,,,,,,,,,,,,,,,,,,,,,,,,,,,,,,,,,,,,21,4994,山本 梨菜,120期,佐賀,佐賀,28,A2,,1,0,0.16,6.35,47.2,64.5,6.02,42.8,64.2,0,55,34.8,55.8,0,40.0,52.9,8,,,,,,9,6,6,0.23,4,6,2,2,0.22,3,11,5,5,0.18,4,8,1,1,0.11,4,12,2,2,0.19,6,,,,,,,,,,,,,,,,,,,,,,,,,,,,,,,,,,,,,,,,,69,4300,加藤 綾,95期,三重,三重,43,B1,,0,0,0.18,5.24,36.6,54.4,4.66,27.5,37.9,0,52,38.1,57.8,0,44.1,59.3,7,2,5,5,0.14,4,9,2,2,0.18,2,4,1,1,0.19,1,,,,,,7,6,6,0.13,5,12,3,3,0.17,3,,,,,,,,,,,,,,,,,,,,,,,,,,,,,,,,,,,,,,,,,23,5227,川原 愛未,129期,福岡,福岡,24,B2,,0,0,0.0,3.47,15.6,28.1,2.29,8.3,8.3,0,59,35.0,56.2,0,42.8,66.6,3,,,,,,9,5,5,0.17,5,2,3,3,0.16,4,8,5,4,0.18,2,3,2,2,0.02,2,12,4,4,0.13,1,,,,,,,,,,,,,,,,,,,,,,,,,,,,,,,,,,,,,,,,,52,5013,山下 夏鈴,121期,三重,三重,29,B1,,1,0,0.17,5.48,36.4,49.4,5.26,37.0,40.7,0,56,39.0,54.8,0,22.8,37.3,6,4,2,2,0.07,4,9,4,4,0.16,3,1,4,3,0.32,6,,,,,,6,4,4,0.39,1,12,5,5,0.21,4,,,,,,,,,,,,,,,,,,,,,,,,,,,,,,,,,,,,,,,,,47,5412,久保田 凪紗,136期,佐賀,福岡,20,B2,,0,0,0.2,1.75,2.6,4.0,1.2,0.0,0.0,0,45,24.6,49.3,0,30.4,45.1,5,,,,,,8,5,5,0.38,5,2,4,4,0.1,6,7,6,6,0.3,6,5,3,3,0.08,6,12,6,6,0.21,5,,,,,,,,,,,,,,,,,,,,,,,,,,,,,,,,,,,,,,,,
202609152001,2026-09-15,20,01R,16,4891,寺島 美里,117期,東京,福島,36,B1,,0,0,0.16,5.11,30.5,47.2,6.5,50.0,75.0,0,59,30.3,45.8,0,35.4,56.4,11,5,3,3,0.09,5,,,,,,1,2,2,0.09,1,12,6,6,0.08,6,3,1,1,0.02,1,9,6,5,0.28,3,6,4,4,0.14,4,11,3,3,0.18,2,4,2,2,0.11,2,10,5,5,0.22,4,2,4,4,0.28,4,11,6,6,0.19,5,1,2,1,0.03,F,11,4,5,0.19,5,63,4873,蒲原 健太,116期,佐賀,佐賀,32,B1,,0,0,0.2,4.86,29.7,47.9,5.11,29.6,44.4,0,26,30.4,49.1,0,27.6,41.5,10,4,1,1,0.13,2,,,,,,1,4,6,0.13,5,10,2,2,0.22,2,1,3,4,0.21,1,5,5,5,0.37,5,4,3,3,0.18,2,,,,,,2,3,3,0.04,4,8,4,4,0.13,4,1,2,2,0.24,4,9,5,5,0.11,5,1,1,2,0.01,1,10,4,4,0.23,3,25,5373,諏訪 玲奈,135期,岡山,岡山,23,B2,賞除,0,0,0.2,3.09,5.8,21.7,0.0,0.0,0.0,0,37,28.8,42.9,0,39.7,61.7,6,,,,,,8,6,5,0.08,5,2,3,3,0.16,5,7,4,4,0.2,3,1,6,6,0.21,妨,7,2,2,0.11,5,5,5,5,0.24,4,,,,,,5,6,6,0.02,4,,,,,,6,6,6,0.22,6,,,,,,1,3,3,0.0,5,6,4,4,0.14,5,61,5382,山下 心一,135期,福岡,福岡,21,B1,,0,0,0.17,1.9,1.1,6.9,2.07,3.4,13.7,0,23,40.1,59.8,0,32.3,55.8,7,1,6,6,0.12,5,7,3,3,0.18,5,2,5,5,0.09,4,,,,,,3,6,5,0.15,4,,,,,,4,5,4,0.15,6,9,3,3,0.13,4,4,6,5,0.16,6,,,,,,,,,,,8,6,6,0.15,5,1,4,4,0.15,3,7,6,6,0.19,5,32,4076,杉田 篤光,87期,静岡,静岡,48,B1,,0,0,0.21,4.78,25.0,45.0,4.65,23.5,35.2,0,62,24.6,40.2,0,32.3,55.8,7,2,1,1,0.22,2,7,5,5,0.26,6,1,5,4,0.16,4,,,,,,1,4,3,0.23,3,11,2,2,0.15,2,3,6,6,0.21,4,,,,,,,,,,,9,6,6,0.18,5,4,1,1,0.07,1,12,4,4,0.29,5,1,5,5,0.22,2,7,2,2,0.15,1,57,5014,梶山 涼斗,121期,佐賀,佐賀,28,B1,,1,0,0.14,4.34,27.1,38.9,4.92,26.3,42.1,0,57,30.0,47.4,0,36.5,52.3,9,1,5,5,0.16,4,10,2,2,0.17,6,6,3,3,0.11,6,,,,,,2,2,2,0.23,2,11,4,4,0.17,5,,,,,,9,4,4,0.19,3,1,1,1,0.17,6,12,5,5,0.16,3,5,3,3,0.15,3,,,,,,1,6,6,0.31,4,9,4,4,0.13,5
202609152002,2026-09-15,20,02R,35,4094,中島 真二,87期,福岡,福岡,45,B1,,0,0,0.18,4.73,27.7,43.3,4.76,24.4,48.9,0,56,20.8,35.4,0,27.1,47.4,7,1,1,1,0.17,1,6,3,3,0.16,4,,,,,,7,2,2,0.22,6,2,5,5,0.23,6,,,,,,1,3,3,0.12,5,8,6,6,0.2,5,6,4,4,0.29,6,,,,,,,,,,,8,5,4,0.24,4,2,1,1,0.11,2,7,5,5,0.22,6,62,3175,渡辺 千草,55期,東京,神奈川,62,B1,,0,0,0.17,4.51,23.4,43.2,0.0,0.0,0.0,0,55,20.6,41.2,1,39.0,57.8,6,1,3,3,0.15,2,,,,,,2,2,2,0.15,2,12,4,4,0.13,5,4,1,1,0.13,5,8,5,5,0.22,5,1,5,6,0.08,3,,,,,,5,3,3,0.07,3,,,,,,7,4,4,0.06,3,12,2,2,0.31,3,2,2,2,0.08,1,6,5,5,0.09,2,49,5248,本田 愛,130期,静岡,静岡,24,B1,,0,0,0.2,5.42,37.3,59.3,3.94,22.5,41.9,0,36,31.1,45.5,0,24.0,40.0,6,,,,,,9,4,4,0.19,6,5,3,3,0.14,6,12,5,5,0.09,4,,,,,,9,3,2,0.35,6,1,4,4,0.04,4,11,6,6,0.35,6,2,1,1,0.07,1,,,,,,,,,,,7,2,2,0.08,4,2,3,3,0.1,3,6,6,6,0.12,3,60,3880,浅見 宗孝,80期,埼玉,埼玉,53,B1,,1,0,0.19,4.15,16.6,37.1,4.22,22.2,33.3,0,29,26.6,43.6,0,37.9,62.0,7,6,4,4,0.11,エ,,,,,,2,1,1,0.14,1,8,4,5,0.22,5,2,6,6,0.19,4,,,,,,2,3,3,0.17,3,10,3,2,0.15,2,,,,,,7,2,2,0.12,3,1,3,3,0.21,3,5,5,5,0.12,5,2,4,4,0.14,4,7,3,3,0.14,3,29,4043,桐本 康臣,85期,三重,三重,47,A2,,0,0,0.17,5.89,40.3,62.2,7.19,51.1,74.4,0,22,36.3,53.0,0,24.5,45.9,9,5,2,2,0.08,3,11,6,6,0.19,5,2,4,4,0.12,落,10,1,1,0.21,6,4,2,2,0.13,1,,,,,,,,,,,7,5,5,0.12,3,6,3,3,0.33,2,12,1,1,0.14,5,2,6,6,0.26,3,,,,,,2,5,5,0.14,6,9,1,1,0.15,1,20,5085,中村 栄治,124期,福井,福井,27,A2,,0,0,0.22,5.17,33.3,46.4,5.75,25.0,62.5,0,31,33.3,47.9,0,29.5,60.6,8,6,6,6,0.13,5,10,3,3,0.06,1,,,,,,9,1,1,0.27,2,5,4,4,0.29,4,12,4,5,0.17,5,4,2,2,0.19,5,,,,,,6,5,5,0.24,4,12,4,4,0.21,1,8,1,1,0.19,3,12,3,3,0.36,6,2,6,6,0.15,5,8,2,2,0.2,2
202609152003,2026-09-15,20,03R,22,5263,花田 凱成,131期,福岡,福岡,27,B1,,0,0,0.17,3.87,13.9,32.5,3.18,4.5,36.3,0,9,31.9,53.7,0,23.3,48.3,,4,2,2,0.12,3,,,,,,1,6,5,0.21,3,8,6,4,0.21,6,6,3,3,0.24,6,,,,,,3,5,4,0.16,6,7,2,2,0.12,5,5,5,5,0.01,6,,,,,,4,3,3,0.34,6,12,6,6,0.19,4,3,1,1,0.11,5,,,,,,69,3362,間嶋 仁志,62期,三重,大阪,57,B1,,0,0,0.19,5.1,33.6,46.9,6.27,42.3,61.5,0,53,31.6,47.1,0,26.1,38.4,9,2,4,4,0.22,5,,,,,,3,1,1,0.18,2,9,3,3,0.22,5,,,,,,9,2,6,0.19,5,1,2,2,0.06,1,10,2,5,0.17,4,6,2,2,0.33,5,,,,,,3,2,5,0.19,2,,,,,,3,2,2,0.04,4,9,3,3,0.11,2,73,4085,荻野 裕介,87期,東京,東京,46,B1,,0,0,0.2,5.33,37.5,52.5,3.92,15.3,34.6,0,27,26.1,36.0,0,28.5,48.2,10,,,,,,7,2,2,0.18,4,3,3,3,0.07,3,10,5,5,0.32,3,6,6,6,0.38,4,,,,,,2,1,1,0.15,1,7,4,4,0.12,4,1,2,2,0.31,2,11,4,4,0.27,5,2,3,3,0.21,2,10,6,6,0.09,3,3,3,3,0.04,2,10,2,2,0.17,2,18,4204,柴田 大輔,91期,福岡,福岡,44,B1,,0,0,0.19,5.06,29.4,42.3,5.19,31.4,51.8,0,12,33.5,54.0,0,15.7,24.5,8,,,,,,9,2,2,0.2,2,1,1,1,0.17,2,11,5,5,0.16,5,4,3,3,0.15,3,10,6,6,0.31,6,5,3,3,0.26,5,,,,,,1,4,4,0.16,1,,,,,,6,2,2,0.25,3,12,5,5,0.23,2,3,4,4,0.02,1,8,3,3,0.21,3,50,5429,吉川 颯汰,137期,佐賀,佐賀,23,B2,,0,0,0.22,1.12,0.0,1.9,0.0,0.0,0.0,0,8,29.7,48.1,0,26.3,40.3,8,3,6,6,0.29,6,,,,,,3,6,6,0.09,6,7,6,5,0.22,5,5,6,6,0.38,6,,,,,,2,6,6,0.14,6,6,6,5,0.17,5,1,6,6,0.12,4,,,,,,5,6,6,0.11,6,,,,,,3,6,5,0.01,6,8,6,6,0.22,5,51,3833,中辻 博訓,78期,福井,福井,52,A2,,0,0,0.13,6.4,50.4,63.5,5.94,40.0,60.0,0,34,38.1,55.1,0,35.9,53.1,10,,,,,,9,1,1,0.16,1,5,4,4,0.06,3,11,6,6,0.14,4,5,2,2,0.24,3,11,5,5,0.14,4,6,3,3,0.01,2,12,1,1,0.07,1,5,2,2,0.06,2,9,3,3,0.1,3,2,5,5,0.17,1,9,3,3,0.1,3,3,5,6,0.02,3,10,1,1,0.11,1
202609152004,2026-09-15,20,04R,31,3388,今垣 光太郎,63期,福井,石川,56,A1,,1,0,0.16,6.51,45.6,59.2,5.19,23.8,38.1,0,1,26.7,45.9,0,36.3,56.3,10,6,2,2,0.16,1,12,1,1,0.13,1,,,,,,9,4,4,0.25,3,3,5,6,0.16,5,11,3,3,0.15,3,5,1,1,0.19,1,12,3,3,0.08,6,3,5,5,0.17,3,8,3,3,0.13,3,5,1,1,0.16,1,9,4,4,0.1,4,4,1,1,0.16,1,10,3,3,0.19,5,68,5316,村松 将平,133期,静岡,静岡,25,B1,,1,0,0.15,5.2,32.8,52.6,0.0,0.0,0.0,0,18,32.1,49.1,0,35.4,50.0,8,2,2,2,0.17,1,11,5,5,0.14,6,4,3,3,0.14,2,,,,,,1,2,2,0.19,4,10,5,5,0.26,4,2,4,4,0.13,4,12,6,6,0.07,4,,,,,,8,6,6,0.13,5,3,1,1,0.21,1,,,,,,4,2,2,0.16,3,8,4,4,0.2,1,28,4273,佐藤 旭,94期,静岡,静岡,44,B1,,0,0,0.19,4.96,28.4,48.4,5.98,40.0,60.0,0,44,33.8,49.7,0,18.7,40.6,8,3,1,1,0.29,5,10,5,5,0.07,5,6,4,4,0.11,2,,,,,,5,3,3,0.29,2,,,,,,3,2,2,0.24,2,9,6,6,0.15,6,7,3,3,0.11,5,12,2,2,0.14,4,1,4,4,0.26,2,,,,,,4,3,3,0.16,2,8,5,5,0.22,4,14,3539,金子 順一,69期,山口,山口,58,B1,,0,0,0.19,4.53,22.6,42.2,4.94,38.8,44.4,0,10,24.1,41.5,0,20.3,37.0,,1,2,2,0.2,6,8,4,6,0.09,3,3,5,5,0.1,5,,,,,,2,3,3,0.23,5,8,4,4,0.26,4,1,1,1,0.1,2,,,,,,4,3,3,0.12,5,,,,,,4,2,2,0.16,5,8,2,5,0.21,6,4,4,4,0.17,6,,,,,,52,4462,夏山 亮平,101期,大阪,大阪,40,B1,,0,0,0.15,4.66,28.3,47.7,5.82,41.1,58.8,0,4,35.3,53.3,0,22.7,34.8,9,4,5,3,0.12,6,10,6,6,0.13,4,4,1,1,0.13,1,,,,,,4,5,5,0.13,6,9,5,4,0.13,2,6,2,2,0.04,3,,,,,,1,3,3,0.27,5,10,6,6,0.25,6,1,1,1,0.21,1,,,,,,4,5,5,0.12,4,9,2,2,0.09,4,38,4529,嶋 義信,103期,香川,香川,37,A1,,0,0,0.14,5.51,36.0,51.1,5.2,32.0,44.0,0,30,30.1,45.4,0,31.3,46.2,11,4,6,5,0.12,5,11,1,1,0.15,1,2,6,6,0.12,3,11,4,4,0.13,3,7,1,1,0.1,1,12,3,3,0.16,2,,,,,,8,2,2,0.05,3,5,4,4,0.05,5,10,2,2,0.12,2,7,1,1,0.05,1,11,3,3,0.12,3,4,6,6,0.12,5,11,1,1,0.17,1
202609152005,2026-09-15,20,05R,59,3999,大瀧 明日香,83期,愛知,静岡,47,A2,,1,0,0.16,6.33,49.1,67.5,5.52,44.4,51.8,0,33,29.8,50.2,0,22.6,30.1,11,7,4,4,0.21,2,11,2,2,0.15,4,4,6,6,0.23,5,12,3,3,0.16,2,,,,,,8,1,1,0.22,1,5,4,4,0.21,2,11,1,1,0.21,5,2,5,5,0.11,3,11,3,3,0.26,4,5,2,2,0.13,2,11,5,5,0.17,4,5,1,1,0.13,2,11,2,3,0.19,2,33,4816,村松 修二,114期,広島,広島,35,A2,賞除,0,0,0.16,5.64,38.4,57.2,6.23,45.4,59.0,0,7,28.8,40.1,0,26.4,49.0,9,5,1,1,0.06,2,10,4,4,0.05,2,,,,,,8,2,2,0.21,2,7,3,3,0.08,6,11,6,6,0.18,6,4,6,5,0.23,3,8,3,3,0.09,2,7,1,1,0.12,1,11,5,5,0.37,6,5,4,4,0.13,4,,,,,,5,2,2,0.16,1,9,5,5,0.14,6,21,5033,藤原 孝斗,122期,愛知,愛知,28,B1,,0,0,0.18,4.4,26.3,34.7,4.0,0.0,40.0,0,28,31.9,45.5,0,36.8,50.8,,3,2,2,0.18,3,8,5,4,0.08,4,5,5,5,0.12,5,,,,,,6,2,2,0.18,3,10,3,3,0.16,2,,,,,,8,5,5,0.09,6,3,4,4,0.16,6,12,6,6,0.16,6,2,1,1,0.22,転,,,,,,5,3,3,0.19,4,,,,,,74,4230,濱崎 直矢,92期,埼玉,埼玉,43,A2,,1,0,0.16,6.2,47.3,64.4,5.68,45.4,59.0,0,32,35.9,54.5,0,29.4,55.8,,2,3,3,0.16,4,8,2,2,0.12,2,4,5,5,0.25,4,10,4,4,0.29,5,6,1,1,0.12,1,,,,,,5,2,2,0.21,3,10,6,6,0.21,6,7,5,5,0.12,2,12,3,3,0.08,2,8,3,2,0.16,1,12,1,1,0.19,1,5,4,4,0.29,3,,,,,,44,4396,大田 直弥,98期,山口,山口,40,B1,,0,0,0.2,4.79,25.5,40.8,5.02,25.8,53.4,0,38,33.5,54.1,0,37.9,46.5,,1,4,4,0.22,3,9,3,3,0.18,4,,,,,,8,5,6,0.18,4,3,2,2,0.03,不,,,,,,3,1,1,0.26,5,8,4,4,0.12,4,1,5,5,0.17,3,,,,,,2,2,2,0.2,5,7,3,3,0.09,5,5,5,5,0.36,5,,,,,,40,5468,山口 隼人,138期,福岡,熊本,19,B2,,0,0,0.0,1.32,0.0,0.0,0.0,0.0,0.0,0,43,34.5,57.8,0,20.3,28.8,,5,6,6,0.35,6,9,6,5,0.18,5,,,,,,9,6,6,0.21,6,,,,,,8,6,6,0.18,6,1,6,5,0.05,6,5,6,6,0.23,6,,,,,,7,6,6,0.15,6,1,6,6,0.24,6,7,6,5,0.07,6,5,6,6,0.29,6,,,,,
202609152006,2026-09-15,20,06R,24,4014,片岡 恵里,84期,山口,岡山,46,A2,,1,0,0.17,5.6,38.3,55.3,5.1,25.0,57.6,0,11,25.9,45.7,0,31.2,46.8,10,3,5,5,0.26,4,,,,,,7,5,6,0.17,4,12,2,2,0.16,3,2,4,4,0.23,3,10,1,1,0.22,1,3,3,3,0.18,3,11,4,4,0.22,4,4,1,1,0.07,1,9,4,4,0.23,6,3,4,3,0.25,6,9,6,6,0.19,6,6,1,1,0.14,1,10,6,6,0.19,6,45,4484,稲生 夏季,101期,東京,東京,36,B1,,0,0,0.21,4.72,21.0,43.4,6.2,40.0,60.0,0,58,34.4,48.2,0,34.6,53.8,11,2,6,6,0.21,6,,,,,,1,3,3,0.09,6,9,5,5,0.24,4,2,1,1,0.18,1,7,4,4,0.13,3,2,2,2,0.15,2,11,5,5,0.31,3,3,1,1,0.23,2,11,6,6,0.28,3,3,3,2,0.23,4,11,4,4,0.14,6,6,2,2,0.16,4,11,5,6,0.19,3,27,4373,若狭 奈美子,97期,岡山,岡山,38,A1,,1,0,0.17,6.25,41.1,65.6,6.21,42.1,68.4,0,50,33.1,47.7,0,35.8,56.7,10,,,,,,9,5,6,0.17,3,6,5,5,0.18,4,12,1,1,0.17,1,3,3,3,0.02,3,10,4,4,0.3,5,7,1,1,0.09,1,11,2,2,0.23,1,5,1,1,0.07,1,10,3,3,0.21,5,3,6,6,0.23,5,10,5,5,0.16,6,6,3,3,0.14,6,10,5,5,0.21,4,25,5373,諏訪 玲奈,135期,岡山,岡山,23,B2,賞除,0,0,0.2,3.09,5.8,21.7,0.0,0.0,0.0,0,37,28.8,42.9,0,39.7,61.7,1,,,,,,8,6,5,0.08,5,2,3,3,0.16,5,7,4,4,0.2,3,1,6,6,0.21,妨,7,2,2,0.11,5,5,5,5,0.24,4,,,,,,5,6,6,0.02,4,,,,,,6,6,6,0.22,6,,,,,,1,3,3,0.0,5,6,4,4,0.14,5,62,3175,渡辺 千草,55期,東京,神奈川,62,B1,,0,0,0.17,4.51,23.4,43.2,0.0,0.0,0.0,0,55,20.6,41.2,1,39.0,57.8,2,1,3,3,0.15,2,,,,,,2,2,2,0.15,2,12,4,4,0.13,5,4,1,1,0.13,5,8,5,5,0.22,5,1,5,6,0.08,3,,,,,,5,3,3,0.07,3,,,,,,7,4,4,0.06,3,12,2,2,0.31,3,2,2,2,0.08,1,6,5,5,0.09,2,49,5248,本田 愛,130期,静岡,静岡,24,B1,,0,0,0.2,5.42,37.3,59.3,3.94,22.5,41.9,0,36,31.1,45.5,0,24.0,40.0,2,,,,,,9,4,4,0.19,6,5,3,3,0.14,6,12,5,5,0.09,4,,,,,,9,3,2,0.35,6,1,4,4,0.04,4,11,6,6,0.35,6,2,1,1,0.07,1,,,,,,,,,,,7,2,2,0.08,4,2,3,3,0.1,3,6,6,6,0.12,3
202609152007,2026-09-15,20,07R,11,4424,松尾 昂明,100期,福岡,福岡,41,A2,,0,0,0.16,5.44,34.2,50.0,6.03,40.2,59.7,0,15,33.7,51.6,0,29.4,41.1,11,2,5,5,0.14,3,10,1,1,0.15,3,3,4,4,0.11,4,8,3,3,0.26,3,4,6,6,0.09,4,,,,,,8,1,1,0.12,1,12,2,2,0.13,2,6,1,1,0.19,1,10,4,4,0.19,3,4,6,6,0.06,4,10,4,4,0.15,5,7,1,1,0.17,2,11,3,4,0.17,4,32,4076,杉田 篤光,87期,静岡,静岡,48,B1,,0,0,0.21,4.78,25.0,45.0,4.65,23.5,35.2,0,62,24.6,40.2,0,32.3,55.8,1,2,1,1,0.22,2,7,5,5,0.26,6,1,5,4,0.16,4,,,,,,1,4,3,0.23,3,11,2,2,0.15,2,3,6,6,0.21,4,,,,,,,,,,,9,6,6,0.18,5,4,1,1,0.07,1,12,4,4,0.29,5,1,5,5,0.22,2,7,2,2,0.15,1,60,3880,浅見 宗孝,80期,埼玉,埼玉,53,B1,,1,0,0.19,4.15,16.6,37.1,4.22,22.2,33.3,0,29,26.6,43.6,0,37.9,62.0,2,6,4,4,0.11,エ,,,,,,2,1,1,0.14,1,8,4,5,0.22,5,2,6,6,0.19,4,,,,,,2,3,3,0.17,3,10,3,2,0.15,2,,,,,,7,2,2,0.12,3,1,3,3,0.21,3,5,5,5,0.12,5,2,4,4,0.14,4,7,3,3,0.14,3,55,4034,西原 明生,85期,香川,愛媛,47,B1,,0,0,0.22,4.04,22.2,30.0,5.11,36.1,52.7,0,13,31.4,44.9,0,33.8,48.3,,5,5,5,0.2,4,,,,,,4,4,4,0.18,6,11,2,2,0.11,6,1,1,1,0.18,2,9,4,3,0.12,4,,,,,,7,6,6,0.11,6,2,2,2,0.09,5,,,,,,1,5,5,0.32,5,6,3,3,0.21,4,,,,,,7,4,4,0.18,4,35,4094,中島 真二,87期,福岡,福岡,45,B1,,0,0,0.18,4.73,27.7,43.3,4.76,24.4,48.9,0,56,20.8,35.4,0,27.1,47.4,2,1,1,1,0.17,1,6,3,3,0.16,4,,,,,,7,2,2,0.22,6,2,5,5,0.23,6,,,,,,1,3,3,0.12,5,8,6,6,0.2,5,6,4,4,0.29,6,,,,,,,,,,,8,5,4,0.24,4,2,1,1,0.11,2,7,5,5,0.22,6,61,5382,山下 心一,135期,福岡,福岡,21,B1,,0,0,0.17,1.9,1.1,6.9,2.07,3.4,13.7,0,23,40.1,59.8,0,32.3,55.8,1,1,6,6,0.12,5,7,3,3,0.18,5,2,5,5,0.09,4,,,,,,3,6,5,0.15,4,,,,,,4,5,4,0.15,6,9,3,3,0.13,4,4,6,5,0.16,6,,,,,,,,,,,8,6,6,0.15,5,1,4,4,0.15,3,7,6,6,0.19,5
202609152008,2026-09-15,20,08R,58,4600,井内 将太郎,106期,広島,広島,41,A1,,1,0,0.12,6.31,47.4,65.3,6.17,38.8,66.6,0,25,38.4,54.4,0,21.8,32.8,11,4,3,4,0.07,1,12,6,6,0.27,6,,,,,,7,3,3,0.16,2,5,1,1,0.24,1,10,2,2,0.15,3,2,5,5,0.16,5,9,1,1,0.19,1,2,6,6,0.13,6,8,1,1,0.11,2,4,5,5,0.08,3,10,2,2,0.17,4,8,1,1,0.15,エ,11,,2,,欠,20,5085,中村 栄治,124期,福井,福井,27,A2,,0,0,0.22,5.17,33.3,46.4,5.75,25.0,62.5,0,31,33.3,47.9,0,29.5,60.6,2,6,6,6,0.13,5,10,3,3,0.06,1,,,,,,9,1,1,0.27,2,5,4,4,0.29,4,12,4,5,0.17,5,4,2,2,0.19,5,,,,,,6,5,5,0.24,4,12,4,4,0.21,1,8,1,1,0.19,3,12,3,3,0.36,6,2,6,6,0.15,5,8,2,2,0.2,2,18,4204,柴田 大輔,91期,福岡,福岡,44,B1,,0,0,0.19,5.06,29.4,42.3,5.19,31.4,51.8,0,12,33.5,54.0,0,15.7,24.5,3,,,,,,9,2,2,0.2,2,1,1,1,0.17,2,11,5,5,0.16,5,4,3,3,0.15,3,10,6,6,0.31,6,5,3,3,0.26,5,,,,,,1,4,4,0.16,1,,,,,,6,2,2,0.25,3,12,5,5,0.23,2,3,4,4,0.02,1,8,3,3,0.21,3,68,5316,村松 将平,133期,静岡,静岡,25,B1,,1,0,0.15,5.2,32.8,52.6,0.0,0.0,0.0,0,18,32.1,49.1,0,35.4,50.0,4,2,2,2,0.17,1,11,5,5,0.14,6,4,3,3,0.14,2,,,,,,1,2,2,0.19,4,10,5,5,0.26,4,2,4,4,0.13,4,12,6,6,0.07,4,,,,,,8,6,6,0.13,5,3,1,1,0.21,1,,,,,,4,2,2,0.16,3,8,4,4,0.2,1,28,4273,佐藤 旭,94期,静岡,静岡,44,B1,,0,0,0.19,4.96,28.4,48.4,5.98,40.0,60.0,0,44,33.8,49.7,0,18.7,40.6,4,3,1,1,0.29,5,10,5,5,0.07,5,6,4,4,0.11,2,,,,,,5,3,3,0.29,2,,,,,,3,2,2,0.24,2,9,6,6,0.15,6,7,3,3,0.11,5,12,2,2,0.14,4,1,4,4,0.26,2,,,,,,4,3,3,0.16,2,8,5,5,0.22,4,50,5429,吉川 颯汰,137期,佐賀,佐賀,23,B2,,0,0,0.22,1.12,0.0,1.9,0.0,0.0,0.0,0,8,29.7,48.1,0,26.3,40.3,3,3,6,6,0.29,6,,,,,,3,6,6,0.09,6,7,6,5,0.22,5,5,6,6,0.38,6,,,,,,2,6,6,0.14,6,6,6,5,0.17,5,1,6,6,0.12,4,,,,,,5,6,6,0.11,6,,,,,,3,6,5,0.01,6,8,6,6,0.22,5
202609152009,2026-09-15,20,09R,29,4043,桐本 康臣,85期,三重,三重,47,A2,,0,0,0.17,5.89,40.3,62.2,7.19,51.1,74.4,0,22,36.3,53.0,0,24.5,45.9,2,5,2,2,0.08,3,11,6,6,0.19,5,2,4,4,0.12,落,10,1,1,0.21,6,4,2,2,0.13,1,,,,,,,,,,,7,5,5,0.12,3,6,3,3,0.33,2,12,1,1,0.14,5,2,6,6,0.26,3,,,,,,2,5,5,0.14,6,9,1,1,0.15,1,52,4462,夏山 亮平,101期,大阪,大阪,40,B1,,0,0,0.15,4.66,28.3,47.7,5.82,41.1,58.8,0,4,35.3,53.3,0,22.7,34.8,4,4,5,3,0.12,6,10,6,6,0.13,4,4,1,1,0.13,1,,,,,,4,5,5,0.13,6,9,5,4,0.13,2,6,2,2,0.04,3,,,,,,1,3,3,0.27,5,10,6,6,0.25,6,1,1,1,0.21,1,,,,,,4,5,5,0.12,4,9,2,2,0.09,4,69,3362,間嶋 仁志,62期,三重,大阪,57,B1,,0,0,0.19,5.1,33.6,46.9,6.27,42.3,61.5,0,53,31.6,47.1,0,26.1,38.4,3,2,4,4,0.22,5,,,,,,3,1,1,0.18,2,9,3,3,0.22,5,,,,,,9,2,6,0.19,5,1,2,2,0.06,1,10,2,5,0.17,4,6,2,2,0.33,5,,,,,,3,2,5,0.19,2,,,,,,3,2,2,0.04,4,9,3,3,0.11,2,57,5014,梶山 涼斗,121期,佐賀,佐賀,28,B1,,1,0,0.14,4.34,27.1,38.9,4.92,26.3,42.1,0,57,30.0,47.4,0,36.5,52.3,1,1,5,5,0.16,4,10,2,2,0.17,6,6,3,3,0.11,6,,,,,,2,2,2,0.23,2,11,4,4,0.17,5,,,,,,9,4,4,0.19,3,1,1,1,0.17,6,12,5,5,0.16,3,5,3,3,0.15,3,,,,,,1,6,6,0.31,4,9,4,4,0.13,5,33,4816,村松 修二,114期,広島,広島,35,A2,賞除,0,0,0.16,5.64,38.4,57.2,6.23,45.4,59.0,0,7,28.8,40.1,0,26.4,49.0,5,5,1,1,0.06,2,10,4,4,0.05,2,,,,,,8,2,2,0.21,2,7,3,3,0.08,6,11,6,6,0.18,6,4,6,5,0.23,3,8,3,3,0.09,2,7,1,1,0.12,1,11,5,5,0.37,6,5,4,4,0.13,4,,,,,,5,2,2,0.16,1,9,5,5,0.14,6,36,5219,森口 和紀,129期,福岡,福岡,25,B1,,0,0,0.2,5.27,37.6,48.3,5.47,35.2,52.9,0,60,32.2,50.2,0,38.4,55.3,,3,4,4,0.16,1,11,3,3,0.14,2,5,6,6,0.06,4,9,2,2,0.24,1,,,,,,7,5,5,0.15,2,4,1,1,0.29,4,10,4,3,0.14,5,3,2,2,0.16,1,9,5,5,0.09,4,,,,,,8,4,3,0.11,2,,,,,,9,6,6,0.09,3
202609152010,2026-09-15,20,10R,51,3833,中辻 博訓,78期,福井,福井,52,A2,,0,0,0.13,6.4,50.4,63.5,5.94,40.0,60.0,0,34,38.1,55.1,0,35.9,53.1,3,,,,,,9,1,1,0.16,1,5,4,4,0.06,3,11,6,6,0.14,4,5,2,2,0.24,3,11,5,5,0.14,4,6,3,3,0.01,2,12,1,1,0.07,1,5,2,2,0.06,2,9,3,3,0.1,3,2,5,5,0.17,1,9,3,3,0.1,3,3,5,6,0.02,3,10,1,1,0.11,1,73,4085,荻野 裕介,87期,東京,東京,46,B1,,0,0,0.2,5.33,37.5,52.5,3.92,15.3,34.6,0,27,26.1,36.0,0,28.5,48.2,3,,,,,,7,2,2,0.18,4,3,3,3,0.07,3,10,5,5,0.32,3,6,6,6,0.38,4,,,,,,2,1,1,0.15,1,7,4,4,0.12,4,1,2,2,0.31,2,11,4,4,0.27,5,2,3,3,0.21,2,10,6,6,0.09,3,3,3,3,0.04,2,10,2,2,0.17,2,31,3388,今垣 光太郎,63期,福井,石川,56,A1,,1,0,0.16,6.51,45.6,59.2,5.19,23.8,38.1,0,1,26.7,45.9,0,36.3,56.3,4,6,2,2,0.16,1,12,1,1,0.13,1,,,,,,9,4,4,0.25,3,3,5,6,0.16,5,11,3,3,0.15,3,5,1,1,0.19,1,12,3,3,0.08,6,3,5,5,0.17,3,8,3,3,0.13,3,5,1,1,0.16,1,9,4,4,0.1,4,4,1,1,0.16,1,10,3,3,0.19,5,63,4873,蒲原 健太,116期,佐賀,佐賀,32,B1,,0,0,0.2,4.86,29.7,47.9,5.11,29.6,44.4,0,26,30.4,49.1,0,27.6,41.5,1,4,1,1,0.13,2,,,,,,1,4,6,0.13,5,10,2,2,0.22,2,1,3,4,0.21,1,5,5,5,0.37,5,4,3,3,0.18,2,,,,,,2,3,3,0.04,4,8,4,4,0.13,4,1,2,2,0.24,4,9,5,5,0.11,5,1,1,2,0.01,1,10,4,4,0.23,3,27,4373,若狭 奈美子,97期,岡山,岡山,38,A1,,1,0,0.17,6.25,41.1,65.6,6.21,42.1,68.4,0,50,33.1,47.7,0,35.8,56.7,6,,,,,,9,5,6,0.17,3,6,5,5,0.18,4,12,1,1,0.17,1,3,3,3,0.02,3,10,4,4,0.3,5,7,1,1,0.09,1,11,2,2,0.23,1,5,1,1,0.07,1,10,3,3,0.21,5,3,6,6,0.23,5,10,5,5,0.16,6,6,3,3,0.14,6,10,5,5,0.21,4,24,4014,片岡 恵里,84期,山口,岡山,46,A2,,1,0,0.17,5.6,38.3,55.3,5.1,25.0,57.6,0,11,25.9,45.7,0,31.2,46.8,6,3,5,5,0.26,4,,,,,,7,5,6,0.17,4,12,2,2,0.16,3,2,4,4,0.23,3,10,1,1,0.22,1,3,3,3,0.18,3,11,4,4,0.22,4,4,1,1,0.07,1,9,4,4,0.23,6,3,4,3,0.25,6,9,6,6,0.19,6,6,1,1,0.14,1,10,6,6,0.19,6
202609152011,2026-09-15,20,11R,38,4529,嶋 義信,103期,香川,香川,37,A1,,0,0,0.14,5.51,36.0,51.1,5.2,32.0,44.0,0,30,30.1,45.4,0,31.3,46.2,4,4,6,5,0.12,5,11,1,1,0.15,1,2,6,6,0.12,3,11,4,4,0.13,3,7,1,1,0.1,1,12,3,3,0.16,2,,,,,,8,2,2,0.05,3,5,4,4,0.05,5,10,2,2,0.12,2,7,1,1,0.05,1,11,3,3,0.12,3,4,6,6,0.12,5,11,1,1,0.17,1,,4600,井内 将太郎,106期,欠場,,,A1,,0,0,,,,,,,,,,,,,,,,4,3,4,0.07,1,12,6,6,0.27,6,,,,,,7,3,3,0.16,2,5,1,1,0.24,1,10,2,2,0.15,3,2,5,5,0.16,5,9,1,1,0.19,1,2,6,6,0.13,6,8,1,1,0.11,2,4,5,5,0.08,3,10,2,2,0.17,4,8,1,1,0.15,エ,11,,2,,欠,59,3999,大瀧 明日香,83期,愛知,静岡,47,A2,,1,0,0.16,6.33,49.1,67.5,5.52,44.4,51.8,0,33,29.8,50.2,0,22.6,30.1,5,7,4,4,0.21,2,11,2,2,0.15,4,4,6,6,0.23,5,12,3,3,0.16,2,,,,,,8,1,1,0.22,1,5,4,4,0.21,2,11,1,1,0.21,5,2,5,5,0.11,3,11,3,3,0.26,4,5,2,2,0.13,2,11,5,5,0.17,4,5,1,1,0.13,2,11,2,3,0.19,2,11,4424,松尾 昂明,100期,福岡,福岡,41,A2,,0,0,0.16,5.44,34.2,50.0,6.03,40.2,59.7,0,15,33.7,51.6,0,29.4,41.1,7,2,5,5,0.14,3,10,1,1,0.15,3,3,4,4,0.11,4,8,3,3,0.26,3,4,6,6,0.09,4,,,,,,8,1,1,0.12,1,12,2,2,0.13,2,6,1,1,0.19,1,10,4,4,0.19,3,4,6,6,0.06,4,10,4,4,0.15,5,7,1,1,0.17,2,11,3,4,0.17,4,16,4891,寺島 美里,117期,東京,福島,36,B1,,0,0,0.16,5.11,30.5,47.2,6.5,50.0,75.0,0,59,30.3,45.8,0,35.4,56.4,1,5,3,3,0.09,5,,,,,,1,2,2,0.09,1,12,6,6,0.08,6,3,1,1,0.02,1,9,6,5,0.28,3,6,4,4,0.14,4,11,3,3,0.18,2,4,2,2,0.11,2,10,5,5,0.22,4,2,4,4,0.28,4,11,6,6,0.19,5,1,2,1,0.03,F,11,4,5,0.19,5,45,4484,稲生 夏季,101期,東京,東京,36,B1,,0,0,0.21,4.72,21.0,43.4,6.2,40.0,60.0,0,58,34.4,48.2,0,34.6,53.8,6,2,6,6,0.21,6,,,,,,1,3,3,0.09,6,9,5,5,0.24,4,2,1,1,0.18,1,7,4,4,0.13,3,2,2,2,0.15,2,11,5,5,0.31,3,3,1,1,0.23,2,11,6,6,0.28,3,3,3,2,0.23,4,11,4,4,0.14,6,6,2,2,0.16,4,11,5,6,0.19,3
202609152012,2026-09-15,20,12R,65,4357,田中 和也,97期,大阪,大阪,42,A1,,0,0,0.18,6.53,50.4,68.3,7.94,76.4,82.3,0,61,34.4,53.2,0,20.6,43.1,,5,4,4,0.12,1,12,3,3,0.19,2,3,2,2,0.12,1,11,1,1,0.09,1,,,,,,7,6,6,0.19,4,3,4,5,0.16,1,10,1,1,0.08,1,6,6,6,0.24,3,11,1,1,0.24,1,6,4,4,0.17,5,11,1,1,0.12,1,,,,,,12,1,1,0.06,1,15,4296,岡崎 恭裕,94期,福岡,福岡,39,A2,,0,0,0.14,6.37,44.0,67.8,6.76,54.6,69.3,0,45,35.2,50.8,0,40.9,59.0,,7,1,1,0.12,1,12,4,4,0.23,5,5,2,2,0.15,2,10,3,3,0.21,1,,,,,,9,1,1,0.11,1,4,4,6,0.11,1,12,4,4,0.07,3,4,4,6,0.11,4,10,1,1,0.1,1,6,5,5,0.17,2,10,1,1,0.17,1,,,,,,12,2,2,0.14,2,64,3737,上平 真二,75期,広島,広島,52,A1,,0,0,0.17,6.97,49.4,73.0,7.0,42.8,78.5,0,54,29.9,45.5,0,33.9,41.5,,8,1,1,0.08,1,12,2,2,0.17,3,6,6,6,0.13,5,,,,,,4,4,4,0.15,2,12,1,1,0.17,1,7,3,3,0.09,2,12,5,5,0.06,5,3,6,6,0.15,5,9,1,1,0.15,1,4,4,4,0.09,2,9,1,1,0.06,1,,,,,,12,3,3,0.16,3,46,4518,大須賀 友,103期,愛知,愛知,39,A1,,1,0,0.16,6.4,48.6,65.2,5.5,33.3,66.6,0,16,29.4,39.8,0,29.5,52.4,,3,3,3,0.19,2,12,5,5,0.28,4,4,2,2,0.14,3,8,1,1,0.24,1,6,4,4,0.35,2,11,1,1,0.14,1,6,5,6,0.19,6,,,,,,4,5,4,0.2,3,8,2,2,0.16,1,3,5,4,0.25,3,9,2,2,0.1,2,,,,,,12,4,4,0.18,5,42,4551,三川 昂暁,104期,福岡,福岡,37,A2,,1,0,0.17,5.63,38.6,56.1,4.97,23.3,43.3,0,3,32.2,49.4,0,33.3,46.6,,,,,,,7,6,6,0.24,3,7,1,1,0.16,1,11,3,3,0.09,2,6,5,5,0.28,5,12,2,2,0.25,3,6,1,1,0.09,1,10,5,4,0.14,3,2,4,4,0.09,2,9,2,2,0.19,2,7,5,6,0.01,2,11,2,2,0.13,2,,,,,,12,5,5,0.18,4,12,4209,藤田 竜弘,91期,静岡,静岡,43,A2,,0,0,0.18,6.16,39.1,61.8,4.62,20.5,38.2,0,41,34.0,51.6,0,32.7,46.5,,6,5,5,0.08,2,11,4,4,0.14,3,5,1,1,0.14,1,,,,,,8,3,3,0.23,3,12,5,6,0.15,4,,,,,,9,2,2,0.16,2,7,4,4,0.11,4,11,2,2,0.29,2,6,1,1,0.15,1,10,3,3,0.15,2,,,,,,12,6,6,0.18,6
202609152201,2026-09-15,22,01R,110,4614,石倉 洋行,107期,福岡,福岡,46,A1,,1,0,0.13,7.18,57.2,78.6,6.19,44.7,64.1,0,32,26.6,47.4,0,38.3,58.5,9,,,,,,11,1,1,0.14,1,4,4,4,0.07,1,12,6,6,0.07,5,1,1,1,0.22,1,9,5,5,0.11,2,,,,,,,,,,,,,,,,,,,,,,,,,,,,,,,,,,,,,,,,,153,4693,松下 誉士,110期,福岡,福岡,42,B1,,0,0,0.19,4.2,25.7,35.0,4.22,24.3,39.0,0,57,32.5,45.0,0,32.4,56.4,7,2,1,1,0.16,4,,,,,,1,3,3,0.11,1,7,5,5,0.16,2,1,2,2,0.23,2,7,4,4,0.24,5,,,,,,,,,,,,,,,,,,,,,,,,,,,,,,,,,,,,,,,,,117,3863,海老澤 泰行,79期,東京,東京,52,B1,,0,0,0.17,4.46,22.5,36.2,4.83,22.4,44.8,0,11,36.7,53.9,0,34.0,53.0,5,3,2,2,0.26,5,7,5,4,0.12,3,4,5,6,0.13,5,,,,,,1,3,3,0.21,4,5,1,1,0.08,1,,,,,,,,,,,,,,,,,,,,,,,,,,,,,,,,,,,,,,,,,141,4813,宮内 直哉,114期,東京,東京,36,B1,,1,0,0.18,4.23,15.4,35.2,4.4,20.0,20.0,0,70,31.0,45.7,0,35.3,48.4,,1,6,6,0.25,2,,,,,,3,2,2,0.16,5,11,3,3,0.14,4,1,4,4,0.27,5,,,,,,,,,,,,,,,,,,,,,,,,,,,,,,,,,,,,,,,,,,,,,,126,4248,岡本 大,93期,長崎,長崎,44,B1,,0,0,0.17,4.54,24.1,41.7,3.93,11.1,37.0,0,21,39.2,56.1,0,37.8,49.5,8,1,2,2,0.22,4,9,6,6,0.13,5,,,,,,10,3,3,0.22,6,1,5,5,0.28,6,8,4,4,0.15,4,,,,,,,,,,,,,,,,,,,,,,,,,,,,,,,,,,,,,,,,,150,5151,山下 奈緒,127期,大阪,香川,31,B1,,0,0,0.23,4.0,17.5,31.2,3.89,7.1,32.1,0,19,33.6,51.3,0,35.8,54.7,6,3,1,1,0.21,3,8,5,5,0.31,5,5,3,3,0.23,3,,,,,,1,6,6,0.29,3,6,2,2,0.15,6,,,,,,,,,,,,,,,,,,,,,,,,,,,,,,,,,,,,,,,,
202609152202,2026-09-15,22,02R,160,3297,藤丸 光一,60期,福岡,福岡,59,B1,,0,0,0.21,4.67,24.7,41.2,5.83,43.3,56.6,0,58,34.4,50.4,0,39.8,57.2,6,3,3,4,0.18,2,9,3,3,0.17,6,,,,,,8,2,2,0.11,3,2,1,1,0.13,2,6,4,5,0.18,4,,,,,,,,,,,,,,,,,,,,,,,,,,,,,,,,,,,,,,,,,114,3807,岡部 哲,77期,埼玉,埼玉,51,B1,,0,0,0.17,4.89,25.0,46.4,3.68,15.7,31.5,0,66,27.4,41.1,0,32.0,44.3,10,4,1,1,0.15,2,11,3,3,0.12,2,3,5,6,0.06,3,,,,,,2,2,2,0.15,1,10,4,4,0.23,5,,,,,,,,,,,,,,,,,,,,,,,,,,,,,,,,,,,,,,,,,164,4925,森 悠稀,118期,兵庫,兵庫,33,A2,,0,0,0.16,6.07,39.6,64.3,4.5,10.0,50.0,0,48,21.9,42.1,0,28.4,45.8,7,2,3,3,0.15,1,9,4,4,0.12,4,5,5,6,0.11,1,11,2,2,0.17,6,2,3,3,0.1,3,7,1,1,0.16,1,,,,,,,,,,,,,,,,,,,,,,,,,,,,,,,,,,,,,,,,,113,5404,内田 壮,136期,山口,山口,22,B1,,1,0,0.2,2.32,4.0,12.0,0.0,0.0,0.0,0,42,15.7,35.7,0,21.7,38.6,8,1,5,5,0.24,6,6,6,6,0.22,6,,,,,,7,4,4,0.16,6,2,4,4,0.16,4,8,5,5,0.18,5,,,,,,,,,,,,,,,,,,,,,,,,,,,,,,,,,,,,,,,,,123,4475,末永 祐輝,101期,山口,山口,38,A1,,1,0,0.16,5.59,32.5,58.1,6.5,46.1,61.5,0,28,33.3,50.4,0,48.6,67.2,12,5,6,6,0.06,4,9,2,2,0.17,2,1,1,1,0.17,2,10,4,4,0.32,4,2,5,5,0.15,5,12,3,3,0.27,3,,,,,,,,,,,,,,,,,,,,,,,,,,,,,,,,,,,,,,,,,106,5428,古園井 綾南,137期,佐賀,福岡,23,B2,,1,0,0.19,1.07,0.0,0.0,1.0,0.0,0.0,0,38,24.7,41.8,0,26.6,37.1,,,,,,,8,6,6,0.3,6,2,6,6,0.16,6,6,6,5,0.22,6,2,6,6,0.32,6,,,,,,,,,,,,,,,,,,,,,,,,,,,,,,,,,,,,,,,,,,,,,
202609152203,2026-09-15,22,03R,157,4592,小林 孝弘,106期,山口,山口,45,B1,,0,0,0.15,4.56,21.3,45.3,4.71,25.3,48.1,0,54,33.3,46.8,0,37.7,48.1,,2,2,2,0.16,2,,,,,,3,4,4,0.04,4,9,5,5,0.13,5,3,1,1,0.17,1,,,,,,,,,,,,,,,,,,,,,,,,,,,,,,,,,,,,,,,,,,,,,,104,4948,木場 悠介,119期,長崎,鹿児島,33,B1,,0,0,0.15,5.54,38.0,51.0,5.42,38.3,56.1,0,72,36.3,53.0,0,29.6,46.3,,4,4,4,0.18,6,10,6,6,0.16,6,,,,,,7,3,3,0.13,1,3,2,2,0.17,3,,,,,,,,,,,,,,,,,,,,,,,,,,,,,,,,,,,,,,,,,,,,,,159,3554,仲口 博崇,69期,愛知,愛知,54,A1,,0,0,0.18,6.49,52.3,67.6,7.14,62.0,79.3,0,45,25.2,44.4,0,34.9,54.7,11,7,4,6,0.11,4,12,5,5,0.21,6,,,,,,10,1,1,0.2,1,3,3,3,0.17,2,11,2,2,0.18,5,,,,,,,,,,,,,,,,,,,,,,,,,,,,,,,,,,,,,,,,,135,3614,谷 勝幸,71期,広島,広島,53,B1,,0,0,0.17,4.17,20.3,36.2,5.05,42.1,52.6,0,46,24.5,45.9,0,40.7,55.5,9,5,3,3,0.11,1,,,,,,3,1,1,0.06,2,8,5,5,0.21,4,3,4,4,0.17,4,9,2,2,0.19,3,,,,,,,,,,,,,,,,,,,,,,,,,,,,,,,,,,,,,,,,,169,3712,淺香 文武,74期,三重,三重,52,B1,,0,0,0.17,4.79,36.0,44.1,5.6,60.0,60.0,0,47,21.1,40.3,0,36.4,48.6,8,2,4,4,0.19,3,7,2,2,0.15,5,6,1,1,0.12,1,,,,,,3,5,5,0.19,5,8,3,3,0.13,3,,,,,,,,,,,,,,,,,,,,,,,,,,,,,,,,,,,,,,,,,133,5418,堀内 亜海,136期,大阪,大阪,20,B2,,1,0,0.2,1.05,0.0,0.0,0.0,0.0,0.0,0,64,27.6,36.1,0,42.4,58.4,7,2,6,6,0.59,6,,,,,,4,6,5,0.21,6,,,,,,3,6,6,0.26,6,7,6,5,0.25,6,,,,,,,,,,,,,,,,,,,,,,,,,,,,,,,,,,,,,,,,
202609152204,2026-09-15,22,04R,163,3605,中村 守成,71期,三重,三重,54,B1,,0,0,0.19,3.95,14.1,29.4,5.25,37.5,50.0,0,61,37.2,51.7,0,33.0,50.0,,6,3,3,0.12,4,,,,,,2,5,5,0.13,4,7,2,2,0.2,3,4,1,1,0.12,4,,,,,,,,,,,,,,,,,,,,,,,,,,,,,,,,,,,,,,,,,,,,,,148,4313,西村 美智子,95期,香川,香川,42,A2,,1,0,0.15,5.04,32.2,47.7,6.0,50.0,50.0,0,55,32.7,50.0,0,35.9,57.2,10,,,,,,8,2,2,0.28,3,7,1,1,0.18,5,11,5,5,0.16,5,4,2,2,0.19,3,10,3,3,0.2,3,,,,,,,,,,,,,,,,,,,,,,,,,,,,,,,,,,,,,,,,,112,4089,妹尾 忠幸,87期,岡山,岡山,46,A2,,0,0,0.16,6.35,42.5,67.5,6.55,39.3,75.7,0,36,37.0,54.0,0,28.4,45.1,12,6,5,5,0.14,3,10,2,2,0.12,5,,,,,,9,1,1,0.07,2,4,3,3,0.09,1,12,4,4,0.25,2,,,,,,,,,,,,,,,,,,,,,,,,,,,,,,,,,,,,,,,,,147,5395,日高 龍之介,136期,佐賀,宮崎,24,B1,,0,0,0.19,3.11,12.7,20.6,1.33,0.0,0.0,0,20,35.2,49.1,0,24.0,41.6,,5,5,5,0.02,2,,,,,,4,1,1,0.12,4,8,3,3,0.2,5,4,4,4,0.11,5,,,,,,,,,,,,,,,,,,,,,,,,,,,,,,,,,,,,,,,,,,,,,,151,5462,山浦 槙,138期,佐賀,佐賀,19,B2,,0,0,0.0,1.73,0.0,2.4,0.0,0.0,0.0,0,30,38.0,45.6,0,24.0,39.8,8,3,6,6,0.28,6,,,,,,3,6,5,0.08,6,,,,,,4,6,5,0.18,6,8,6,6,0.2,6,,,,,,,,,,,,,,,,,,,,,,,,,,,,,,,,,,,,,,,,,149,3841,佐々木 和伸,78期,徳島,徳島,50,A2,,0,0,0.16,6.48,50.7,69.8,7.8,70.0,80.0,0,68,39.8,55.2,0,33.3,50.9,11,,,,,,10,1,1,0.14,1,5,2,2,0.14,4,12,5,5,0.13,6,4,5,6,0.2,2,11,3,3,0.16,1,,,,,,,,,,,,,,,,,,,,,,,,,,,,,,,,,,,,,,,,
202609152205,2026-09-15,22,05R,117,3863,海老澤 泰行,79期,東京,東京,52,B1,,0,0,0.17,4.46,22.5,36.2,4.83,22.4,44.8,0,11,36.7,53.9,0,34.0,53.0,1,3,2,2,0.26,5,7,5,4,0.12,3,4,5,6,0.13,5,,,,,,1,3,3,0.21,4,5,1,1,0.08,1,,,,,,,,,,,,,,,,,,,,,,,,,,,,,,,,,,,,,,,,,165,3436,柏野 幸二,65期,岡山,岡山,57,A2,,1,0,0.13,5.69,37.5,61.2,7.0,60.5,76.3,0,37,30.0,46.9,0,31.0,48.5,11,,,,,,9,1,1,0.07,3,6,4,4,0.12,4,12,2,2,0.1,3,5,2,2,0.1,3,11,6,6,0.16,6,,,,,,,,,,,,,,,,,,,,,,,,,,,,,,,,,,,,,,,,,119,4951,新田 洋一,119期,広島,広島,33,B1,,1,0,0.14,4.75,22.7,46.5,5.2,30.0,56.6,0,14,39.6,60.3,0,29.7,50.4,9,3,5,5,0.23,4,10,4,4,0.17,3,2,2,2,0.12,1,,,,,,5,3,3,0.16,2,9,6,6,0.19,5,,,,,,,,,,,,,,,,,,,,,,,,,,,,,,,,,,,,,,,,,118,5392,安武 一也,136期,福岡,福岡,26,B2,,0,0,0.19,1.76,0.0,2.8,1.78,0.0,5.4,0,17,27.7,44.4,0,33.6,52.4,,,,,,,7,6,5,0.09,6,1,6,6,0.04,5,5,6,4,0.12,6,5,4,4,0.27,5,,,,,,,,,,,,,,,,,,,,,,,,,,,,,,,,,,,,,,,,,,,,,,138,4685,島村 隆幸,109期,徳島,高知,35,A1,,1,0,0.14,7.13,52.0,70.8,0.0,0.0,0.0,0,63,28.5,44.4,0,41.6,60.1,12,6,1,1,0.08,1,12,3,3,0.12,3,,,,,,8,6,6,0.2,2,5,5,5,0.26,4,12,1,1,0.21,1,,,,,,,,,,,,,,,,,,,,,,,,,,,,,,,,,,,,,,,,,115,3801,五反田 忍,77期,大阪,大阪,52,B1,,0,0,0.16,4.38,26.1,41.5,3.39,11.1,22.2,0,50,30.4,45.3,0,40.4,50.5,,,,,,,8,3,3,0.18,4,1,2,2,0.23,6,8,4,4,0.09,6,5,6,6,0.27,6,,,,,,,,,,,,,,,,,,,,,,,,,,,,,,,,,,,,,,,,,,,,,
202609152206,2026-09-15,22,06R,166,4553,坪口 竜也,104期,長崎,長崎,37,A2,,0,0,0.16,5.92,38.2,59.8,6.46,48.7,66.6,0,22,33.3,49.2,0,26.9,41.3,10,5,2,2,0.15,6,11,6,6,0.13,5,4,3,3,0.1,2,9,4,4,0.16,3,6,1,1,0.12,1,10,2,2,0.2,2,,,,,,,,,,,,,,,,,,,,,,,,,,,,,,,,,,,,,,,,,150,5151,山下 奈緒,127期,大阪,香川,31,B1,,0,0,0.23,4.0,17.5,31.2,3.89,7.1,32.1,0,19,33.6,51.3,0,35.8,54.7,1,3,1,1,0.21,3,8,5,5,0.31,5,5,3,3,0.23,3,,,,,,1,6,6,0.29,3,6,2,2,0.15,6,,,,,,,,,,,,,,,,,,,,,,,,,,,,,,,,,,,,,,,,,167,5125,高井 雄基,126期,愛知,愛知,30,A2,,1,0,0.17,4.81,26.9,43.2,6.23,45.4,72.7,0,16,48.3,63.1,0,45.6,59.2,12,,,,,,10,3,3,0.15,4,4,2,2,0.12,3,10,5,5,0.34,5,6,3,3,0.21,3,12,6,6,0.28,4,,,,,,,,,,,,,,,,,,,,,,,,,,,,,,,,,,,,,,,,,140,4059,入澤 友治,86期,東京,東京,47,B1,,2,0,0.16,3.78,19.5,34.7,6.37,52.6,52.6,0,56,37.6,55.0,0,38.1,53.3,,4,5,5,0.16,5,,,,,,1,4,4,0.1,3,6,5,6,0.23,5,6,5,4,0.31,5,,,,,,,,,,,,,,,,,,,,,,,,,,,,,,,,,,,,,,,,,,,,,,160,3297,藤丸 光一,60期,福岡,福岡,59,B1,,0,0,0.21,4.67,24.7,41.2,5.83,43.3,56.6,0,58,34.4,50.4,0,39.8,57.2,2,3,3,4,0.18,2,9,3,3,0.17,6,,,,,,8,2,2,0.11,3,2,1,1,0.13,2,6,4,5,0.18,4,,,,,,,,,,,,,,,,,,,,,,,,,,,,,,,,,,,,,,,,,174,5050,木下 雄介,123期,滋賀,京都,31,A2,,0,0,0.17,5.75,40.0,56.3,5.2,30.0,50.0,0,15,40.0,55.5,0,37.3,49.5,11,4,3,3,0.1,3,9,5,5,0.13,1,,,,,,9,2,2,0.11,1,6,6,6,0.23,2,11,4,4,0.17,3,,,,,,,,,,,,,,,,,,,,,,,,,,,,,,,,,,,,,,,,
202609152207,2026-09-15,22,07R,164,4925,森 悠稀,118期,兵庫,兵庫,33,A2,,0,0,0.16,6.07,39.6,64.3,4.5,10.0,50.0,0,48,21.9,42.1,0,28.4,45.8,2,2,3,3,0.15,1,9,4,4,0.12,4,5,5,6,0.11,1,11,2,2,0.17,6,2,3,3,0.1,3,7,1,1,0.16,1,,,,,,,,,,,,,,,,,,,,,,,,,,,,,,,,,,,,,,,,,116,3696,白井 友晴,74期,埼玉,埼玉,54,B1,,0,0,0.17,4.97,27.1,46.7,5.82,54.5,63.6,0,49,37.4,53.6,0,32.7,48.6,11,1,4,4,0.18,3,7,3,3,0.13,1,2,1,1,0.16,2,,,,,,7,2,2,0.24,3,11,5,5,0.1,4,,,,,,,,,,,,,,,,,,,,,,,,,,,,,,,,,,,,,,,,,122,4505,島田 賢人,102期,埼玉,埼玉,38,A1,,0,0,0.16,6.64,49.5,69.0,6.29,42.8,71.4,0,29,29.5,46.9,0,30.1,45.2,12,5,4,4,0.06,3,12,6,6,0.18,5,,,,,,11,1,1,0.07,1,7,3,3,0.23,2,12,5,5,0.25,6,,,,,,,,,,,,,,,,,,,,,,,,,,,,,,,,,,,,,,,,,153,4693,松下 誉士,110期,福岡,福岡,42,B1,,0,0,0.19,4.2,25.7,35.0,4.22,24.3,39.0,0,57,32.5,45.0,0,32.4,56.4,1,2,1,1,0.16,4,,,,,,1,3,3,0.11,1,7,5,5,0.16,2,1,2,2,0.23,2,7,4,4,0.24,5,,,,,,,,,,,,,,,,,,,,,,,,,,,,,,,,,,,,,,,,,133,5418,堀内 亜海,136期,大阪,大阪,20,B2,,1,0,0.2,1.05,0.0,0.0,0.0,0.0,0.0,0,64,27.6,36.1,0,42.4,58.4,3,2,6,6,0.59,6,,,,,,4,6,5,0.21,6,,,,,,3,6,6,0.26,6,7,6,5,0.25,6,,,,,,,,,,,,,,,,,,,,,,,,,,,,,,,,,,,,,,,,,121,3505,山田 竜一,67期,東京,東京,55,A2,,0,0,0.14,5.16,35.0,45.3,5.23,36.6,56.6,0,73,30.9,50.3,0,35.6,56.4,,6,2,2,0.08,2,11,5,5,0.15,6,8,1,1,0.1,1,12,3,3,0.08,4,,,,,,7,5,6,0.2,4,,,,,,,,,,,,,,,,,,,,,,,,,,,,,,,,,,,,,,,,
202609152208,2026-09-15,22,08R,128,4630,岩永 雅人,107期,愛知,愛知,39,A2,,0,0,0.19,5.36,34.2,53.4,5.24,38.1,57.1,0,60,22.5,45.1,0,33.6,46.7,12,2,5,5,0.18,5,11,2,2,0.19,4,2,3,3,0.19,5,11,6,6,0.11,3,8,1,1,0.11,1,12,2,2,0.25,5,,,,,,,,,,,,,,,,,,,,,,,,,,,,,,,,,,,,,,,,,146,4856,豊田 健士郎,115期,三重,三重,30,A1,,0,0,0.14,7.25,57.5,74.1,5.89,38.8,55.5,0,24,22.1,40.0,0,27.4,46.0,,4,6,6,0.18,4,12,4,4,0.11,4,3,3,3,0.03,1,12,1,1,0.12,1,,,,,,8,2,2,0.14,2,,,,,,,,,,,,,,,,,,,,,,,,,,,,,,,,,,,,,,,,,169,3712,淺香 文武,74期,三重,三重,52,B1,,0,0,0.17,4.79,36.0,44.1,5.6,60.0,60.0,0,47,21.1,40.3,0,36.4,48.6,3,2,4,4,0.19,3,7,2,2,0.15,5,6,1,1,0.12,1,,,,,,3,5,5,0.19,5,8,3,3,0.13,3,,,,,,,,,,,,,,,,,,,,,,,,,,,,,,,,,,,,,,,,,126,4248,岡本 大,93期,長崎,長崎,44,B1,,0,0,0.17,4.54,24.1,41.7,3.93,11.1,37.0,0,21,39.2,56.1,0,37.8,49.5,1,1,2,2,0.22,4,9,6,6,0.13,5,,,,,,10,3,3,0.22,6,1,5,5,0.28,6,8,4,4,0.15,4,,,,,,,,,,,,,,,,,,,,,,,,,,,,,,,,,,,,,,,,,113,5404,内田 壮,136期,山口,山口,22,B1,,1,0,0.2,2.32,4.0,12.0,0.0,0.0,0.0,0,42,15.7,35.7,0,21.7,38.6,2,1,5,5,0.24,6,6,6,6,0.22,6,,,,,,7,4,4,0.16,6,2,4,4,0.16,4,8,5,5,0.18,5,,,,,,,,,,,,,,,,,,,,,,,,,,,,,,,,,,,,,,,,,151,5462,山浦 槙,138期,佐賀,佐賀,19,B2,,0,0,0.0,1.73,0.0,2.4,0.0,0.0,0.0,0,30,38.0,45.6,0,24.0,39.8,4,3,6,6,0.28,6,,,,,,3,6,5,0.08,6,,,,,,4,6,5,0.18,6,8,6,6,0.2,6,,,,,,,,,,,,,,,,,,,,,,,,,,,,,,,,,,,,,,,,
202609152209,2026-09-15,22,09R,171,4823,中村 桃佳,114期,香川,香川,33,A2,,1,0,0.13,6.72,51.5,67.0,0.0,0.0,0.0,0,25,38.3,52.4,0,24.7,37.1,,4,2,2,0.09,1,8,4,4,0.21,2,6,3,3,0.05,2,10,6,6,0.33,3,,,,,,9,1,1,0.21,1,,,,,,,,,,,,,,,,,,,,,,,,,,,,,,,,,,,,,,,,,135,3614,谷 勝幸,71期,広島,広島,53,B1,,0,0,0.17,4.17,20.3,36.2,5.05,42.1,52.6,0,46,24.5,45.9,0,40.7,55.5,3,5,3,3,0.11,1,,,,,,3,1,1,0.06,2,8,5,5,0.21,4,3,4,4,0.17,4,9,2,2,0.19,3,,,,,,,,,,,,,,,,,,,,,,,,,,,,,,,,,,,,,,,,,145,3769,佐竹 恒彦,76期,滋賀,滋賀,53,A2,,0,0,0.17,5.4,32.9,48.8,5.95,40.0,60.0,0,75,27.8,51.6,0,52.4,65.3,,7,1,1,0.1,2,11,4,4,0.08,3,5,4,5,0.1,2,10,2,2,0.21,2,,,,,,9,3,3,0.14,4,,,,,,,,,,,,,,,,,,,,,,,,,,,,,,,,,,,,,,,,,132,5386,米玉利 大悟,135期,兵庫,兵庫,20,B1,,0,0,0.19,3.48,14.8,24.4,2.6,10.0,10.0,0,27,36.4,51.1,0,37.8,50.4,,1,3,3,0.21,5,5,1,1,0.16,5,1,5,5,0.07,4,,,,,,,,,,,9,4,4,0.14,6,,,,,,,,,,,,,,,,,,,,,,,,,,,,,,,,,,,,,,,,,110,4614,石倉 洋行,107期,福岡,福岡,46,A1,,1,0,0.13,7.18,57.2,78.6,6.19,44.7,64.1,0,32,26.6,47.4,0,38.3,58.5,1,,,,,,11,1,1,0.14,1,4,4,4,0.07,1,12,6,6,0.07,5,1,1,1,0.22,1,9,5,5,0.11,2,,,,,,,,,,,,,,,,,,,,,,,,,,,,,,,,,,,,,,,,,119,4951,新田 洋一,119期,広島,広島,33,B1,,1,0,0.14,4.75,22.7,46.5,5.2,30.0,56.6,0,14,39.6,60.3,0,29.7,50.4,5,3,5,5,0.23,4,10,4,4,0.17,3,2,2,2,0.12,1,,,,,,5,3,3,0.16,2,9,6,6,0.19,5,,,,,,,,,,,,,,,,,,,,,,,,,,,,,,,,,,,,,,,,
202609152210,2026-09-15,22,10R,125,4914,吉田 裕平,117期,愛知,愛知,29,A1,,1,0,0.12,7.43,54.6,67.5,7.11,37.0,55.5,0,69,21.0,32.8,0,30.1,48.5,,3,4,3,0.21,1,12,1,1,0.1,1,7,6,6,0.16,4,12,4,4,0.12,2,,,,,,10,1,1,0.17,1,,,,,,,,,,,,,,,,,,,,,,,,,,,,,,,,,,,,,,,,,166,4553,坪口 竜也,104期,長崎,長崎,37,A2,,0,0,0.16,5.92,38.2,59.8,6.46,48.7,66.6,0,22,33.3,49.2,0,26.9,41.3,6,5,2,2,0.15,6,11,6,6,0.13,5,4,3,3,0.1,2,9,4,4,0.16,3,6,1,1,0.12,1,10,2,2,0.2,2,,,,,,,,,,,,,,,,,,,,,,,,,,,,,,,,,,,,,,,,,148,4313,西村 美智子,95期,香川,香川,42,A2,,1,0,0.15,5.04,32.2,47.7,6.0,50.0,50.0,0,55,32.7,50.0,0,35.9,57.2,4,,,,,,8,2,2,0.28,3,7,1,1,0.18,5,11,5,5,0.16,5,4,2,2,0.19,3,10,3,3,0.2,3,,,,,,,,,,,,,,,,,,,,,,,,,,,,,,,,,,,,,,,,,114,3807,岡部 哲,77期,埼玉,埼玉,51,B1,,0,0,0.17,4.89,25.0,46.4,3.68,15.7,31.5,0,66,27.4,41.1,0,32.0,44.3,2,4,1,1,0.15,2,11,3,3,0.12,2,3,5,6,0.06,3,,,,,,2,2,2,0.15,1,10,4,4,0.23,5,,,,,,,,,,,,,,,,,,,,,,,,,,,,,,,,,,,,,,,,,102,3615,横田 茂,71期,広島,広島,53,B1,,0,0,0.16,4.34,25.8,35.4,3.75,12.5,31.2,0,53,25.7,40.6,0,23.4,37.2,,6,4,4,0.14,5,,,,,,5,1,1,0.11,5,9,3,3,0.12,6,,,,,,10,5,5,0.22,4,,,,,,,,,,,,,,,,,,,,,,,,,,,,,,,,,,,,,,,,,120,5018,竹下 大樹,121期,福岡,福岡,27,A1,,0,0,0.14,7.06,54.3,75.3,6.72,50.4,70.7,0,31,33.0,46.3,0,22.7,38.6,,1,1,1,0.17,1,10,5,5,0.11,2,6,2,2,0.09,3,11,4,4,0.11,2,,,,,,10,6,6,0.19,6,,,,,,,,,,,,,,,,,,,,,,,,,,,,,,,,,,,,,,,,
202609152211,2026-09-15,22,11R,156,4590,渡邉 優美,105期,福岡,福岡,33,A1,,1,0,0.14,6.49,41.9,58.9,6.83,45.9,67.8,0,23,40.8,53.9,0,42.0,51.4,,8,1,1,0.14,1,12,2,2,0.12,2,2,4,4,0.11,3,9,6,6,0.15,4,,,,,,11,1,1,0.12,2,,,,,,,,,,,,,,,,,,,,,,,,,,,,,,,,,,,,,,,,,159,3554,仲口 博崇,69期,愛知,愛知,54,A1,,0,0,0.18,6.49,52.3,67.6,7.14,62.0,79.3,0,45,25.2,44.4,0,34.9,54.7,3,7,4,6,0.11,4,12,5,5,0.21,6,,,,,,10,1,1,0.2,1,3,3,3,0.17,2,11,2,2,0.18,5,,,,,,,,,,,,,,,,,,,,,,,,,,,,,,,,,,,,,,,,,149,3841,佐々木 和伸,78期,徳島,徳島,50,A2,,0,0,0.16,6.48,50.7,69.8,7.8,70.0,80.0,0,68,39.8,55.2,0,33.3,50.9,4,,,,,,10,1,1,0.14,1,5,2,2,0.14,4,12,5,5,0.13,6,4,5,6,0.2,2,11,3,3,0.16,1,,,,,,,,,,,,,,,,,,,,,,,,,,,,,,,,,,,,,,,,,174,5050,木下 雄介,123期,滋賀,京都,31,A2,,0,0,0.17,5.75,40.0,56.3,5.2,30.0,50.0,0,15,40.0,55.5,0,37.3,49.5,6,4,3,3,0.1,3,9,5,5,0.13,1,,,,,,9,2,2,0.11,1,6,6,6,0.23,2,11,4,4,0.17,3,,,,,,,,,,,,,,,,,,,,,,,,,,,,,,,,,,,,,,,,,116,3696,白井 友晴,74期,埼玉,埼玉,54,B1,,0,0,0.17,4.97,27.1,46.7,5.82,54.5,63.6,0,49,37.4,53.6,0,32.7,48.6,7,1,4,4,0.18,3,7,3,3,0.13,1,2,1,1,0.16,2,,,,,,7,2,2,0.24,3,11,5,5,0.1,4,,,,,,,,,,,,,,,,,,,,,,,,,,,,,,,,,,,,,,,,,165,3436,柏野 幸二,65期,岡山,岡山,57,A2,,1,0,0.13,5.69,37.5,61.2,7.0,60.5,76.3,0,37,30.0,46.9,0,31.0,48.5,5,,,,,,9,1,1,0.07,3,6,4,4,0.12,4,12,2,2,0.1,3,5,2,2,0.1,3,11,6,6,0.16,6,,,,,,,,,,,,,,,,,,,,,,,,,,,,,,,,,,,,,,,,
202609152212,2026-09-15,22,12R,138,4685,島村 隆幸,109期,徳島,高知,35,A1,,1,0,0.14,7.13,52.0,70.8,0.0,0.0,0.0,0,63,28.5,44.4,0,41.6,60.1,5,6,1,1,0.08,1,12,3,3,0.12,3,,,,,,8,6,6,0.2,2,5,5,5,0.26,4,12,1,1,0.21,1,,,,,,,,,,,,,,,,,,,,,,,,,,,,,,,,,,,,,,,,,128,4630,岩永 雅人,107期,愛知,愛知,39,A2,,0,0,0.19,5.36,34.2,53.4,5.24,38.1,57.1,0,60,22.5,45.1,0,33.6,46.7,8,2,5,5,0.18,5,11,2,2,0.19,4,2,3,3,0.19,5,11,6,6,0.11,3,8,1,1,0.11,1,12,2,2,0.25,5,,,,,,,,,,,,,,,,,,,,,,,,,,,,,,,,,,,,,,,,,123,4475,末永 祐輝,101期,山口,山口,38,A1,,1,0,0.16,5.59,32.5,58.1,6.5,46.1,61.5,0,28,33.3,50.4,0,48.6,67.2,2,5,6,6,0.06,4,9,2,2,0.17,2,1,1,1,0.17,2,10,4,4,0.32,4,2,5,5,0.15,5,12,3,3,0.27,3,,,,,,,,,,,,,,,,,,,,,,,,,,,,,,,,,,,,,,,,,112,4089,妹尾 忠幸,87期,岡山,岡山,46,A2,,0,0,0.16,6.35,42.5,67.5,6.55,39.3,75.7,0,36,37.0,54.0,0,28.4,45.1,4,6,5,5,0.14,3,10,2,2,0.12,5,,,,,,9,1,1,0.07,2,4,3,3,0.09,1,12,4,4,0.25,2,,,,,,,,,,,,,,,,,,,,,,,,,,,,,,,,,,,,,,,,,122,4505,島田 賢人,102期,埼玉,埼玉,38,A1,,0,0,0.16,6.64,49.5,69.0,6.29,42.8,71.4,0,29,29.5,46.9,0,30.1,45.2,7,5,4,4,0.06,3,12,6,6,0.18,5,,,,,,11,1,1,0.07,1,7,3,3,0.23,2,12,5,5,0.25,6,,,,,,,,,,,,,,,,,,,,,,,,,,,,,,,,,,,,,,,,,167,5125,高井 雄基,126期,愛知,愛知,30,A2,,1,0,0.17,4.81,26.9,43.2,6.23,45.4,72.7,0,16,48.3,63.1,0,45.6,59.2,6,,,,,,10,3,3,0.15,4,4,2,2,0.12,3,10,5,5,0.34,5,6,3,3,0.21,3,12,6,6,0.28,4,,,,,,,,,,,,,,,,,,,,,,,,,,,,,,,,,,,,,,,,
