レースコード,レース日,レース場コード,レース回,状態,1枠_枠番pt,1枠_寄与_枠番pt,1枠_選手pt,1枠_寄与_選手pt,1枠_モーターpt,1枠_寄与_モーターpt,1枠_展示pt,1枠_寄与_展示pt,1枠_気象pt,1枠_寄与_気象pt,1枠_強さpt,2枠_枠番pt,2枠_寄与_枠番pt,2枠_選手pt,2枠_寄与_選手pt,2枠_モーターpt,2枠_寄与_モーターpt,2枠_展示pt,2枠_寄与_展示pt,2枠_気象pt,2枠_寄与_気象pt,2枠_強さpt,3枠_枠番pt,3枠_寄与_枠番pt,3枠_選手pt,3枠_寄与_選手pt,3枠_モーターpt,3枠_寄与_モーターpt,3枠_展示pt,3枠_寄与_展示pt,3枠_気象pt,3枠_寄与_気象pt,3枠_強さpt,4枠_枠番pt,4枠_寄与_枠番pt,4枠_選手pt,4枠_寄与_選手pt,4枠_モーターpt,4枠_寄与_モーターpt,4枠_展示pt,4枠_寄与_展示pt,4枠_気象pt,4枠_寄与_気象pt,4枠_強さpt,5枠_枠番pt,5枠_寄与_枠番pt,5枠_選手pt,5枠_寄与_選手pt,5枠_モーターpt,5枠_寄与_モーターpt,5枠_展示pt,5枠_寄与_展示pt,5枠_気象pt,5枠_寄与_気象pt,5枠_強さpt,6枠_枠番pt,6枠_寄与_枠番pt,6枠_選手pt,6枠_寄与_選手pt,6枠_モーターpt,6枠_寄与_モーターpt,6枠_展示pt,6枠_寄与_展示pt,6枠_気象pt,6枠_寄与_気象pt,6枠_強さpt
202609050101,2026-09-05,01,1R,daily,68.49,25.96,42.06,8.23,52.35,6.47,50.0,10.9,50.0,4.18,55.74,52.33,19.84,43.86,8.59,45.8,5.66,50.0,10.9,50.0,4.18,49.16,52.57,19.93,43.86,8.59,58.05,7.17,50.0,10.9,50.0,4.18,50.77,47.29,17.93,43.86,8.59,40.47,5.0,50.0,10.9,50.0,4.18,46.59,44.66,16.93,42.06,8.23,38.3,4.73,50.0,10.9,50.0,4.18,44.98,34.48,13.07,61.91,12.12,51.7,6.39,50.0,10.9,50.0,4.18,46.66
202609050101,2026-09-05,01,1R,realtime,68.49,25.96,42.06,8.23,52.35,6.47,44.37,9.68,50.12,4.19,54.53,52.33,19.84,43.86,8.59,45.8,5.66,55.23,12.04,48.18,4.02,50.15,52.57,19.93,43.86,8.59,58.05,7.17,45.34,9.89,39.92,3.33,48.91,47.29,17.93,43.86,8.59,40.47,5.0,51.79,11.3,57.64,4.81,47.62,44.66,16.93,42.06,8.23,38.3,4.73,56.21,12.26,50.52,4.22,46.37,34.48,13.07,61.91,12.12,51.7,6.39,46.98,10.25,53.73,4.49,46.31
202609050102,2026-09-05,01,2R,daily,68.49,25.96,45.67,8.94,42.53,5.26,50.0,10.9,50.0,4.18,55.24,52.33,19.84,43.86,8.59,51.9,6.41,50.0,10.9,50.0,4.18,49.92,52.57,19.93,43.86,8.59,57.2,7.07,50.0,10.9,50.0,4.18,50.66,47.29,17.93,40.25,7.88,44.19,5.46,50.0,10.9,50.0,4.18,46.35,44.66,16.93,49.28,9.64,38.38,4.74,50.0,10.9,50.0,4.18,46.4,34.48,13.07,45.67,8.94,42.98,5.31,50.0,10.9,50.0,4.18,42.4
202609050102,2026-09-05,01,2R,realtime,68.49,25.96,45.67,8.94,42.53,5.26,51.65,11.26,50.12,4.19,55.61,52.33,19.84,43.86,8.59,51.9,6.41,41.51,9.05,48.18,4.02,47.91,52.57,19.93,43.86,8.59,57.2,7.07,50.54,11.02,39.92,3.33,49.94,47.29,17.93,40.25,7.88,44.19,5.46,44.23,9.65,57.64,4.81,45.73,44.66,16.93,49.28,9.64,38.38,4.74,43.44,9.47,50.52,4.22,45.01,34.48,13.07,45.67,8.94,42.98,5.31,68.57,14.95,53.73,4.49,46.76
202609050103,2026-09-05,01,3R,daily,68.49,25.96,43.86,8.59,58.1,7.18,50.0,10.9,50.0,4.18,56.81,52.33,19.84,45.67,8.94,66.69,8.24,50.0,10.9,50.0,4.18,52.1,52.57,19.93,43.86,8.59,40.97,5.06,50.0,10.9,50.0,4.18,48.66,47.29,17.93,60.1,11.76,56.87,7.03,50.0,10.9,50.0,4.18,51.8,44.66,16.93,49.28,9.64,57.7,7.13,50.0,10.9,50.0,4.18,48.79,34.48,13.07,42.06,8.23,52.14,6.44,50.0,10.9,50.0,4.18,42.83
202609050103,2026-09-05,01,3R,realtime,68.49,25.96,43.86,8.59,58.1,7.18,50.37,10.98,50.83,4.25,56.96,52.33,19.84,45.67,8.94,66.69,8.24,53.42,11.65,47.42,3.96,52.63,52.57,19.93,43.86,8.59,40.97,5.06,46.19,10.07,40.49,3.38,47.03,47.29,17.93,60.1,11.76,56.87,7.03,43.72,9.54,56.71,4.74,50.99,44.66,16.93,49.28,9.64,57.7,7.13,52.92,11.54,50.41,4.21,49.46,34.48,13.07,42.06,8.23,52.14,6.44,53.33,11.63,54.25,4.53,43.91
202609050104,2026-09-05,01,4R,daily,68.49,25.96,43.86,8.59,46.56,5.75,50.0,10.9,50.0,4.18,55.38,52.33,19.84,45.67,8.94,56.92,7.03,50.0,10.9,50.0,4.18,50.89,52.57,19.93,45.67,8.94,45.45,5.62,50.0,10.9,50.0,4.18,49.56,47.29,17.93,45.67,8.94,52.74,6.52,50.0,10.9,50.0,4.18,48.46,44.66,16.93,47.47,9.29,52.14,6.44,50.0,10.9,50.0,4.18,47.75,34.48,13.07,45.67,8.94,56.38,6.97,50.0,10.9,50.0,4.18,44.06
202609050104,2026-09-05,01,4R,realtime,68.49,25.96,43.86,8.59,46.56,5.75,48.88,10.66,50.12,4.19,55.15,52.33,19.84,45.67,8.94,56.92,7.03,48.48,10.57,48.18,4.02,50.41,52.57,19.93,45.67,8.94,45.45,5.62,49.23,10.74,39.92,3.33,48.55,47.29,17.93,45.67,8.94,52.74,6.52,39.67,8.65,57.64,4.81,46.85,44.66,16.93,47.47,9.29,52.14,6.44,57.25,12.49,50.52,4.22,49.37,34.48,13.07,45.67,8.94,56.38,6.97,56.41,12.3,53.73,4.49,45.77
202609050105,2026-09-05,01,5R,daily,68.49,25.96,49.28,9.64,64.34,7.95,50.0,10.9,50.0,4.18,58.64,52.33,19.84,63.71,12.47,47.03,5.81,50.0,10.9,50.0,4.18,53.2,52.57,19.93,51.08,10.0,36.86,4.56,50.0,10.9,50.0,4.18,49.56,47.29,17.93,43.86,8.59,42.34,5.23,50.0,10.9,50.0,4.18,46.82,44.66,16.93,43.86,8.59,45.8,5.66,50.0,10.9,50.0,4.18,46.26,34.48,13.07,33.03,6.47,35.87,4.43,50.0,10.9,50.0,4.18,39.05
202609050106,2026-09-05,01,6R,daily,68.49,25.96,54.69,10.7,39.0,4.82,50.0,10.9,50.0,4.18,56.57,52.33,19.84,42.06,8.23,59.03,7.3,50.0,10.9,50.0,4.18,50.44,52.57,19.93,42.06,8.23,52.35,6.47,50.0,10.9,50.0,4.18,49.71,47.29,17.93,40.25,7.88,40.95,5.06,50.0,10.9,50.0,4.18,45.95,44.66,16.93,42.06,8.23,52.69,6.51,50.0,10.9,50.0,4.18,46.75,34.48,13.07,42.06,8.23,45.06,5.57,50.0,10.9,50.0,4.18,41.95
202609050107,2026-09-05,01,7R,daily,68.49,25.96,49.28,9.64,38.15,4.71,50.0,10.9,50.0,4.18,55.4,52.33,19.84,42.06,8.23,38.3,4.73,50.0,10.9,50.0,4.18,47.88,52.57,19.93,60.1,11.76,56.23,6.95,50.0,10.9,50.0,4.18,53.72,47.29,17.93,45.67,8.94,66.69,8.24,50.0,10.9,50.0,4.18,50.19,44.66,16.93,45.67,8.94,42.53,5.26,50.0,10.9,50.0,4.18,46.2,34.48,13.07,43.86,8.59,61.45,7.59,50.0,10.9,50.0,4.18,44.33
202609050107,2026-09-05,01,7R,realtime,68.49,25.96,49.28,9.64,38.15,4.71,62.0,13.52,49.88,4.17,58.01,47.29,17.93,42.06,8.23,38.3,4.73,53.09,11.58,57.77,4.83,47.3,52.33,19.84,60.1,11.76,56.23,6.95,62.9,13.72,45.01,3.76,56.03,44.66,16.93,45.67,8.94,66.69,8.24,39.07,8.52,51.17,4.27,46.9,52.57,19.93,45.67,8.94,42.53,5.26,44.51,9.71,42.82,3.58,47.41,34.48,13.07,43.86,8.59,61.45,7.59,38.36,8.37,53.47,4.47,42.08
202609050108,2026-09-05,01,8R,daily,68.49,25.96,49.28,9.64,34.61,4.28,50.0,10.9,50.0,4.18,54.96,52.33,19.84,43.86,8.59,58.05,7.17,50.0,10.9,50.0,4.18,50.68,52.57,19.93,45.67,8.94,56.92,7.03,50.0,10.9,50.0,4.18,50.98,47.29,17.93,43.86,8.59,51.9,6.41,50.0,10.9,50.0,4.18,48.01,44.66,16.93,72.73,14.24,42.32,5.23,50.0,10.9,50.0,4.18,51.48,34.48,13.07,43.86,8.59,40.97,5.06,50.0,10.9,50.0,4.18,41.8
202609050109,2026-09-05,01,9R,daily,68.49,25.96,45.67,8.94,45.74,5.65,50.0,10.9,50.0,4.18,55.63,52.33,19.84,61.91,12.12,51.7,6.39,50.0,10.9,50.0,4.18,53.42,52.57,19.93,47.47,9.29,52.14,6.44,50.0,10.9,50.0,4.18,50.74,47.29,17.93,49.28,9.64,38.38,4.74,50.0,10.9,50.0,4.18,47.39,44.66,16.93,43.86,8.59,42.34,5.23,50.0,10.9,50.0,4.18,45.83,34.48,13.07,47.47,9.29,54.29,6.71,50.0,10.9,50.0,4.18,44.15
202609050109,2026-09-05,01,9R,realtime,68.49,25.96,45.67,8.94,45.74,5.65,55.76,12.16,52.54,4.39,57.1,52.33,19.84,61.91,12.12,51.7,6.39,57.17,12.47,45.28,3.78,54.59,52.57,19.93,47.47,9.29,52.14,6.44,65.05,14.19,43.88,3.67,53.51,47.29,17.93,49.28,9.64,38.38,4.74,50.59,11.03,56.53,4.72,48.07,44.66,16.93,43.86,8.59,42.34,5.23,34.67,7.56,50.62,4.23,42.54,34.48,13.07,47.47,9.29,54.29,6.71,36.68,8.0,51.27,4.28,41.35
202609050110,2026-09-05,01,10R,daily,68.49,25.96,45.67,8.94,45.45,5.62,50.0,10.9,50.0,4.18,55.6,52.33,19.84,47.47,9.29,52.79,6.52,50.0,10.9,50.0,4.18,50.73,52.57,19.93,49.28,9.64,57.7,7.13,50.0,10.9,50.0,4.18,51.78,47.29,17.93,54.69,10.7,44.92,5.55,50.0,10.9,50.0,4.18,49.26,44.66,16.93,51.08,10.0,36.86,4.56,50.0,10.9,50.0,4.18,46.56,34.48,13.07,49.28,9.64,50.41,6.23,50.0,10.9,50.0,4.18,44.03
202609050111,2026-09-05,01,11R,daily,68.49,25.96,60.1,11.76,56.87,7.03,50.0,10.9,50.0,4.18,59.83,52.33,19.84,45.67,8.94,56.38,6.97,50.0,10.9,50.0,4.18,50.82,52.57,19.93,45.67,8.94,42.98,5.31,50.0,10.9,50.0,4.18,49.26,47.29,17.93,49.28,9.64,38.15,4.71,50.0,10.9,50.0,4.18,47.37,44.66,16.93,49.28,9.64,64.34,7.95,50.0,10.9,50.0,4.18,49.61,34.48,13.07,43.86,8.59,40.47,5.0,50.0,10.9,50.0,4.18,41.74
202609050112,2026-09-05,01,12R,daily,68.49,25.96,60.1,11.76,56.23,6.95,50.0,10.9,50.0,4.18,59.76,52.33,19.84,72.73,14.24,42.32,5.23,50.0,10.9,50.0,4.18,54.38,52.57,19.93,60.1,11.76,44.82,5.54,50.0,10.9,50.0,4.18,52.31,47.29,17.93,54.69,10.7,39.0,4.82,50.0,10.9,50.0,4.18,48.53,44.66,16.93,54.69,10.7,55.74,6.89,50.0,10.9,50.0,4.18,49.6,34.48,13.07,63.71,12.47,47.03,5.81,50.0,10.9,50.0,4.18,46.43
202609050201,2026-09-05,02,1R,daily,66.74,18.18,44.74,12.23,57.49,7.36,50.0,11.89,50.0,4.42,54.08,53.82,14.66,42.78,11.69,45.03,5.76,50.0,11.89,50.0,4.42,48.43,52.69,14.36,44.74,12.23,55.06,7.05,50.0,11.89,50.0,4.42,49.94,48.72,13.27,42.78,11.69,45.95,5.88,50.0,11.89,50.0,4.42,47.16,43.98,11.98,34.95,9.55,50.32,6.44,50.0,11.89,50.0,4.42,44.29,34.86,9.5,44.74,12.23,62.24,7.97,50.0,11.89,50.0,4.42,46.0
202609050201,2026-09-05,02,1R,realtime,66.74,18.18,44.74,12.23,57.49,7.36,68.54,16.3,45.61,4.03,58.1,53.82,14.66,42.78,11.69,45.03,5.76,47.46,11.29,49.39,4.36,47.77,52.69,14.36,44.74,12.23,55.06,7.05,34.64,8.24,48.0,4.24,46.12,48.72,13.27,42.78,11.69,45.95,5.88,40.22,9.57,51.46,4.55,44.96,43.98,11.98,34.95,9.55,50.32,6.44,54.51,12.97,54.14,4.78,45.73,34.86,9.5,44.74,12.23,62.24,7.97,54.59,12.98,51.18,4.52,47.2
202609050202,2026-09-05,02,2R,daily,66.74,18.18,44.74,12.23,59.27,7.59,50.0,11.89,50.0,4.42,54.31,53.82,14.66,48.66,13.3,48.75,6.24,50.0,11.89,50.0,4.42,50.51,52.69,14.36,36.91,10.09,38.86,4.97,50.0,11.89,50.0,4.42,45.73,48.72,13.27,42.78,11.69,48.64,6.23,50.0,11.89,50.0,4.42,47.5,43.98,11.98,40.82,11.16,44.37,5.68,50.0,11.89,50.0,4.42,45.13,34.86,9.5,46.7,12.76,59.09,7.56,50.0,11.89,50.0,4.42,46.14
202609050202,2026-09-05,02,2R,realtime,66.74,18.18,44.74,12.23,59.27,7.59,60.0,14.27,46.25,4.09,56.36,53.82,14.66,48.66,13.3,48.75,6.24,44.5,10.58,50.47,4.46,49.25,52.69,14.36,36.91,10.09,38.86,4.97,53.75,12.79,47.8,4.22,46.43,48.72,13.27,42.78,11.69,48.64,6.23,40.05,9.52,50.71,4.48,45.2,43.98,11.98,40.82,11.16,44.37,5.68,40.11,9.54,53.06,4.69,43.05,34.86,9.5,46.7,12.76,59.09,7.56,61.58,14.65,51.48,4.55,49.02
202609050203,2026-09-05,02,3R,daily,66.74,18.18,48.66,13.3,44.88,5.74,50.0,11.89,50.0,4.42,53.54,53.82,14.66,42.78,11.69,43.45,5.56,50.0,11.89,50.0,4.42,48.23,52.69,14.36,46.7,12.76,57.82,7.4,50.0,11.89,50.0,4.42,50.83,48.72,13.27,48.66,13.3,62.55,8.01,50.0,11.89,50.0,4.42,50.89,43.98,11.98,58.46,15.98,55.86,7.15,50.0,11.89,50.0,4.42,51.42,34.86,9.5,34.95,9.55,56.24,7.2,50.0,11.89,50.0,4.42,42.56
202609050203,2026-09-05,02,3R,realtime,66.74,18.18,48.66,13.3,44.88,5.74,50.69,12.06,46.25,4.09,53.37,52.69,14.36,42.78,11.69,43.45,5.56,35.79,8.51,47.8,4.22,44.35,48.72,13.27,46.7,12.76,57.82,7.4,45.72,10.87,50.71,4.48,48.8,53.82,14.66,48.66,13.3,62.55,8.01,63.67,15.14,50.47,4.46,55.57,43.98,11.98,58.46,15.98,55.86,7.15,48.98,11.65,53.06,4.69,51.45,34.86,9.5,34.95,9.55,56.24,7.2,55.13,13.11,51.48,4.55,43.91
202609050204,2026-09-05,02,4R,daily,66.74,18.18,48.66,13.3,31.32,4.01,50.0,11.89,50.0,4.42,51.8,53.82,14.66,48.66,13.3,36.37,4.66,50.0,11.89,50.0,4.42,48.93,52.69,14.36,70.21,19.19,42.52,5.44,50.0,11.89,50.0,4.42,55.3,48.72,13.27,50.62,13.84,69.18,8.85,50.0,11.89,50.0,4.42,52.27,43.98,11.98,52.58,14.37,53.96,6.91,50.0,11.89,50.0,4.42,49.57,34.86,9.5,50.62,13.84,45.6,5.84,50.0,11.89,50.0,4.42,45.48
202609050204,2026-09-05,02,4R,realtime,66.74,18.18,48.66,13.3,31.32,4.01,44.22,10.52,46.79,4.13,50.15,53.82,14.66,48.66,13.3,36.37,4.66,44.16,10.5,50.35,4.45,47.57,52.69,14.36,70.21,19.19,42.52,5.44,61.27,14.57,47.91,4.23,57.8,48.72,13.27,50.62,13.84,69.18,8.85,46.69,11.1,50.38,4.45,51.52,43.98,11.98,52.58,14.37,53.96,6.91,61.96,14.74,52.96,4.68,52.68,34.86,9.5,50.62,13.84,45.6,5.84,41.67,9.91,51.39,4.54,43.62
202609050205,2026-09-05,02,5R,daily,66.74,18.18,52.58,14.37,31.55,4.04,50.0,11.89,50.0,4.42,52.9,53.82,14.66,44.74,12.23,50.69,6.49,50.0,11.89,50.0,4.42,49.69,52.69,14.36,48.66,13.3,35.31,4.52,50.0,11.89,50.0,4.42,48.49,48.72,13.27,72.17,19.73,45.32,5.8,50.0,11.89,50.0,4.42,55.11,43.98,11.98,42.78,11.69,45.03,5.76,50.0,11.89,50.0,4.42,45.75,34.86,9.5,44.74,12.23,67.15,8.59,50.0,11.89,50.0,4.42,46.63
202609050205,2026-09-05,02,5R,realtime,66.74,18.18,52.58,14.37,31.55,4.04,57.69,13.72,47.32,4.18,54.5,53.82,14.66,44.74,12.23,50.69,6.49,42.19,10.03,50.23,4.44,47.85,52.69,14.36,48.66,13.3,35.31,4.52,47.66,11.34,48.01,4.24,47.76,48.72,13.27,72.17,19.73,45.32,5.8,65.54,15.59,50.05,4.42,58.81,43.98,11.98,42.78,11.69,45.03,5.76,39.61,9.42,52.86,4.67,43.53,34.86,9.5,44.74,12.23,67.15,8.59,47.29,11.25,51.3,4.53,46.1
202609050206,2026-09-05,02,6R,daily,66.74,18.18,42.78,11.69,65.37,8.37,50.0,11.89,50.0,4.42,54.56,53.82,14.66,50.62,13.84,40.08,5.13,50.0,11.89,50.0,4.42,49.94,52.69,14.36,46.7,12.76,59.09,7.56,50.0,11.89,50.0,4.42,51.0,48.72,13.27,44.74,12.23,70.84,9.07,50.0,11.89,50.0,4.42,50.88,43.98,11.98,46.7,12.76,69.03,8.84,50.0,11.89,50.0,4.42,49.89,34.86,9.5,50.62,13.84,42.95,5.5,50.0,11.89,50.0,4.42,45.14
202609050206,2026-09-05,02,6R,realtime,66.74,18.18,42.78,11.69,65.37,8.37,70.9,16.86,47.76,4.22,59.33,53.82,14.66,50.62,13.84,40.08,5.13,51.03,12.14,51.06,4.51,50.28,52.69,14.36,46.7,12.76,59.09,7.56,48.27,11.48,47.92,4.23,50.4,48.72,13.27,44.74,12.23,70.84,9.07,41.3,9.82,49.71,4.39,48.79,43.98,11.98,46.7,12.76,69.03,8.84,48.61,11.56,52.63,4.65,49.8,34.86,9.5,50.62,13.84,42.95,5.5,39.87,9.48,50.69,4.48,42.79
202609050207,2026-09-05,02,7R,daily,66.74,18.18,54.54,14.91,49.53,6.34,50.0,11.89,50.0,4.42,55.74,53.82,14.66,42.78,11.69,48.64,6.23,50.0,11.89,50.0,4.42,48.89,52.69,14.36,40.82,11.16,58.21,7.45,50.0,11.89,50.0,4.42,49.28,48.72,13.27,44.74,12.23,55.06,7.05,50.0,11.89,50.0,4.42,48.86,43.98,11.98,42.78,11.69,28.57,3.66,50.0,11.89,50.0,4.42,43.64,34.86,9.5,38.86,10.62,48.36,6.19,50.0,11.89,50.0,4.42,42.62
202609050207,2026-09-05,02,7R,realtime,66.74,18.18,54.54,14.91,49.53,6.34,70.98,16.88,47.76,4.22,60.53,53.82,14.66,42.78,11.69,48.64,6.23,44.37,10.55,51.06,4.51,47.65,52.69,14.36,40.82,11.16,58.21,7.45,54.42,12.94,47.92,4.23,50.14,48.72,13.27,44.74,12.23,55.06,7.05,41.53,9.88,49.71,4.39,46.82,43.98,11.98,42.78,11.69,28.57,3.66,39.32,9.35,52.63,4.65,41.34,34.86,9.5,38.86,10.62,48.36,6.19,49.37,11.74,50.69,4.48,42.53
202609050208,2026-09-05,02,8R,daily,66.74,18.18,36.91,10.09,38.86,4.97,50.0,11.89,50.0,4.42,49.56,53.82,14.66,58.46,15.98,58.63,7.5,50.0,11.89,50.0,4.42,54.46,52.69,14.36,48.66,13.3,44.88,5.74,50.0,11.89,50.0,4.42,49.71,48.72,13.27,34.95,9.55,50.32,6.44,50.0,11.89,50.0,4.42,45.58,43.98,11.98,50.62,13.84,45.6,5.84,50.0,11.89,50.0,4.42,47.97,34.86,9.5,42.78,11.69,30.74,3.93,50.0,11.89,50.0,4.42,41.44
202609050208,2026-09-05,02,8R,realtime,53.82,14.66,36.91,10.09,38.86,4.97,49.85,11.86,48.9,4.32,45.9,66.74,18.18,58.46,15.98,58.63,7.5,51.98,12.36,47.74,4.22,58.25,52.69,14.36,48.66,13.3,44.88,5.74,47.26,11.24,48.42,4.28,48.92,48.72,13.27,34.95,9.55,50.32,6.44,48.09,11.44,50.15,4.43,45.14,43.98,11.98,50.62,13.84,45.6,5.84,50.05,11.9,53.75,4.75,48.31,34.86,9.5,42.78,11.69,30.74,3.93,52.75,12.55,50.81,4.49,42.16
202609050209,2026-09-05,02,9R,daily,66.74,18.18,48.66,13.3,35.31,4.52,50.0,11.89,50.0,4.42,52.31,53.82,14.66,58.46,15.98,55.86,7.15,50.0,11.89,50.0,4.42,54.1,52.69,14.36,40.82,11.16,44.37,5.68,50.0,11.89,50.0,4.42,47.51,48.72,13.27,48.66,13.3,36.37,4.66,50.0,11.89,50.0,4.42,47.54,43.98,11.98,70.21,19.19,62.79,8.04,50.0,11.89,50.0,4.42,55.52,34.86,9.5,42.78,11.69,45.95,5.88,50.0,11.89,50.0,4.42,43.38
202609050209,2026-09-05,02,9R,realtime,66.74,18.18,48.66,13.3,35.31,4.52,63.38,15.08,48.99,4.33,55.41,53.82,14.66,58.46,15.98,55.86,7.15,66.17,15.74,49.25,4.35,57.88,52.69,14.36,40.82,11.16,44.37,5.68,41.64,9.9,49.95,4.41,45.51,48.72,13.27,48.66,13.3,36.37,4.66,39.09,9.3,50.63,4.47,45.0,43.98,11.98,70.21,19.19,62.79,8.04,51.84,12.33,50.29,4.44,55.98,34.86,9.5,42.78,11.69,45.95,5.88,37.85,9.0,50.66,4.48,40.55
202609050210,2026-09-05,02,10R,daily,66.74,18.18,46.7,12.76,69.03,8.84,50.0,11.89,50.0,4.42,56.09,53.82,14.66,44.74,12.23,57.49,7.36,50.0,11.89,50.0,4.42,50.56,52.69,14.36,50.62,13.84,64.83,8.3,50.0,11.89,50.0,4.42,52.8,48.72,13.27,46.7,12.76,57.82,7.4,50.0,11.89,50.0,4.42,49.75,43.98,11.98,44.74,12.23,67.15,8.59,50.0,11.89,50.0,4.42,49.12,34.86,9.5,70.21,19.19,42.52,5.44,50.0,11.89,50.0,4.42,50.44
202609050210,2026-09-05,02,10R,realtime,66.74,18.18,46.7,12.76,69.03,8.84,49.74,11.83,49.43,4.37,55.98,53.82,14.66,44.74,12.23,57.49,7.36,58.27,13.86,50.08,4.43,52.54,52.69,14.36,50.62,13.84,64.83,8.3,60.27,14.33,49.86,4.41,55.23,48.72,13.27,46.7,12.76,57.82,7.4,43.98,10.46,50.29,4.44,48.34,34.86,9.5,44.74,12.23,67.15,8.59,31.56,7.51,50.05,4.42,42.25,43.98,11.98,70.21,19.19,42.52,5.44,56.14,13.35,50.06,4.42,54.39
202609050211,2026-09-05,02,11R,daily,66.74,18.18,48.66,13.3,48.75,6.24,50.0,11.89,50.0,4.42,54.03,53.82,14.66,44.74,12.23,62.24,7.97,50.0,11.89,50.0,4.42,51.17,52.69,14.36,42.78,11.69,43.45,5.56,50.0,11.89,50.0,4.42,47.92,48.72,13.27,54.54,14.91,49.53,6.34,50.0,11.89,50.0,4.42,50.83,43.98,11.98,42.78,11.69,65.37,8.37,50.0,11.89,50.0,4.42,48.36,34.86,9.5,50.62,13.84,69.18,8.85,50.0,11.89,50.0,4.42,48.5
202609050211,2026-09-05,02,11R,realtime,66.74,18.18,48.66,13.3,48.75,6.24,56.64,13.47,48.99,4.33,55.52,53.82,14.66,44.74,12.23,62.24,7.97,63.32,15.06,49.25,4.35,54.27,52.69,14.36,42.78,11.69,43.45,5.56,35.79,8.51,49.95,4.41,44.54,48.72,13.27,54.54,14.91,49.53,6.34,44.66,10.62,50.63,4.47,49.62,43.98,11.98,42.78,11.69,65.37,8.37,36.09,8.58,50.29,4.44,45.07,34.86,9.5,50.62,13.84,69.18,8.85,63.48,15.1,50.66,4.48,51.76
202609050212,2026-09-05,02,12R,daily,66.74,18.18,72.17,19.73,45.32,5.8,50.0,11.89,50.0,4.42,60.02,53.82,14.66,44.74,12.23,59.27,7.59,50.0,11.89,50.0,4.42,50.79,52.69,14.36,44.74,12.23,70.84,9.07,50.0,11.89,50.0,4.42,51.96,48.72,13.27,42.78,11.69,28.57,3.66,50.0,11.89,50.0,4.42,44.93,43.98,11.98,58.46,15.98,58.63,7.5,50.0,11.89,50.0,4.42,51.78,34.86,9.5,48.66,13.3,62.55,8.01,50.0,11.89,50.0,4.42,47.11
202609050212,2026-09-05,02,12R,realtime,66.74,18.18,72.17,19.73,45.32,5.8,75.87,18.04,49.52,4.38,66.13,53.82,14.66,44.74,12.23,59.27,7.59,49.11,11.68,49.13,4.34,50.5,52.69,14.36,44.74,12.23,70.84,9.07,46.77,11.12,50.06,4.42,51.2,48.72,13.27,42.78,11.69,28.57,3.66,36.74,8.74,50.3,4.45,41.81,43.98,11.98,58.46,15.98,58.63,7.5,47.03,11.19,50.19,4.44,51.09,34.86,9.5,48.66,13.3,62.55,8.01,44.48,10.58,50.57,4.47,45.85
202609050301,2026-09-05,03,1R,daily,67.26,30.43,47.07,12.82,55.61,5.96,50.0,3.6,50.0,4.8,57.61,54.05,24.46,47.07,12.82,30.61,3.28,50.0,3.6,50.0,4.8,48.96,52.8,23.89,44.48,12.12,46.31,4.96,50.0,3.6,50.0,4.8,49.37,46.35,20.97,49.65,13.52,45.99,4.93,50.0,3.6,50.0,4.8,47.83,42.93,19.42,44.48,12.12,59.22,6.34,50.0,3.6,50.0,4.8,46.28,37.66,17.04,31.54,8.59,57.92,6.2,50.0,3.6,50.0,4.8,40.24
202609050301,2026-09-05,03,1R,realtime,67.26,30.43,47.07,12.82,55.61,5.96,53.0,3.82,55.78,5.35,58.38,54.05,24.46,47.07,12.82,30.61,3.28,40.26,2.9,40.93,3.93,47.38,52.8,23.89,44.48,12.12,46.31,4.96,53.0,3.82,48.97,4.7,49.48,46.35,20.97,49.65,13.52,45.99,4.93,67.56,4.87,40.02,3.84,48.13,42.93,19.42,44.48,12.12,59.22,6.34,36.61,2.64,52.63,5.05,45.57,37.66,17.04,31.54,8.59,57.92,6.2,49.36,3.56,61.92,5.94,41.33
202609050302,2026-09-05,03,2R,daily,67.26,30.43,52.24,14.23,47.39,5.08,50.0,3.6,50.0,4.8,58.14,54.05,24.46,52.24,14.23,54.04,5.79,50.0,3.6,50.0,4.8,52.88,52.8,23.89,44.48,12.12,61.61,6.6,50.0,3.6,50.0,4.8,51.01,46.35,20.97,44.48,12.12,57.27,6.13,50.0,3.6,50.0,4.8,47.62,42.93,19.42,39.3,10.71,52.76,5.65,50.0,3.6,50.0,4.8,44.18,37.66,17.04,62.59,17.05,47.4,5.08,50.0,3.6,50.0,4.8,47.57
202609050302,2026-09-05,03,2R,realtime,67.26,30.43,52.24,14.23,47.39,5.08,48.78,3.52,55.13,5.29,58.54,54.05,24.46,52.24,14.23,54.04,5.79,55.91,4.03,37.97,3.64,52.15,52.8,23.89,44.48,12.12,61.61,6.6,55.91,4.03,50.55,4.85,51.48,46.35,20.97,44.48,12.12,57.27,6.13,64.48,4.65,39.82,3.82,47.69,42.93,19.42,39.3,10.71,52.76,5.65,37.36,2.69,53.13,5.1,43.57,37.66,17.04,62.59,17.05,47.4,5.08,37.36,2.69,63.66,6.11,47.97
202609050303,2026-09-05,03,3R,daily,67.26,30.43,49.65,13.52,48.27,5.17,50.0,3.6,50.0,4.8,57.53,54.05,24.46,57.42,15.64,36.15,3.87,50.0,3.6,50.0,4.8,52.37,52.8,23.89,39.3,10.71,56.67,6.07,50.0,3.6,50.0,4.8,49.07,46.35,20.97,49.65,13.52,35.35,3.79,50.0,3.6,50.0,4.8,46.69,42.93,19.42,44.48,12.12,53.94,5.78,50.0,3.6,50.0,4.8,45.72,37.66,17.04,47.07,12.82,65.53,7.02,50.0,3.6,50.0,4.8,45.28
202609050303,2026-09-05,03,3R,realtime,67.26,30.43,49.65,13.52,48.27,5.17,46.71,3.37,55.13,5.29,57.78,54.05,24.46,57.42,15.64,36.15,3.87,36.06,2.6,37.97,3.64,50.21,52.8,23.89,39.3,10.71,56.67,6.07,52.04,3.75,50.55,4.85,49.27,46.35,20.97,49.65,13.52,35.35,3.79,41.39,2.98,39.82,3.82,45.09,42.93,19.42,44.48,12.12,53.94,5.78,66.23,4.78,53.13,5.1,47.19,37.66,17.04,47.07,12.82,65.53,7.02,57.36,4.14,63.66,6.11,47.12
202609050304,2026-09-05,03,4R,daily,67.26,30.43,39.3,10.71,38.11,4.08,50.0,3.6,50.0,4.8,53.62,54.05,24.46,52.24,14.23,45.05,4.83,50.0,3.6,50.0,4.8,51.91,52.8,23.89,62.59,17.05,54.52,5.84,50.0,3.6,50.0,4.8,55.18,46.35,20.97,47.07,12.82,40.85,4.37,50.0,3.6,50.0,4.8,46.57,42.93,19.42,62.59,17.05,47.32,5.07,50.0,3.6,50.0,4.8,49.94,37.66,17.04,49.65,13.52,45.22,4.84,50.0,3.6,50.0,4.8,43.81
202609050304,2026-09-05,03,4R,realtime,67.26,30.43,39.3,10.71,38.11,4.08,58.47,4.22,55.38,5.31,54.75,54.05,24.46,52.24,14.23,45.05,4.83,61.47,4.43,43.57,4.18,52.12,52.8,23.89,62.59,17.05,54.52,5.84,31.47,2.27,47.88,4.59,53.64,46.35,20.97,47.07,12.82,40.85,4.38,46.46,3.35,40.89,3.92,45.44,42.93,19.42,62.59,17.05,47.32,5.07,46.46,3.35,52.98,5.08,49.97,37.66,17.04,49.65,13.52,45.22,4.84,55.46,4.0,59.56,5.71,45.12
202609050305,2026-09-05,03,5R,daily,67.26,30.43,41.89,11.41,51.46,5.51,50.0,3.6,50.0,4.8,55.76,54.05,24.46,39.3,10.71,51.94,5.56,50.0,3.6,50.0,4.8,49.13,52.8,23.89,52.24,14.23,33.8,3.62,50.0,3.6,50.0,4.8,50.14,46.35,20.97,49.65,13.52,67.81,7.26,50.0,3.6,50.0,4.8,50.16,42.93,19.42,83.29,22.69,34.67,3.71,50.0,3.6,50.0,4.8,54.23,37.66,17.04,39.3,10.71,51.29,5.49,50.0,3.6,50.0,4.8,41.64
202609050305,2026-09-05,03,5R,realtime,67.26,30.43,41.89,11.41,51.46,5.51,37.48,2.7,55.38,5.31,55.37,54.05,24.46,39.3,10.71,51.94,5.56,37.48,2.7,43.57,4.18,47.61,52.8,23.89,52.24,14.23,33.8,3.62,65.01,4.69,47.88,4.59,51.02,46.35,20.97,49.65,13.52,67.81,7.26,49.72,3.58,40.89,3.92,49.27,42.93,19.42,83.29,22.69,34.67,3.71,52.77,3.8,52.98,5.08,54.71,37.66,17.04,39.3,10.71,51.29,5.49,57.36,4.14,59.56,5.71,43.09
202609050306,2026-09-05,03,6R,daily,67.26,30.43,49.65,13.52,32.99,3.53,50.0,3.6,50.0,4.8,55.89,54.05,24.46,44.48,12.12,59.22,6.34,50.0,3.6,50.0,4.8,51.32,52.8,23.89,52.24,14.23,56.44,6.05,50.0,3.6,50.0,4.8,52.57,46.35,20.97,41.89,11.41,62.02,6.64,50.0,3.6,50.0,4.8,47.43,42.93,19.42,54.83,14.93,62.3,6.67,50.0,3.6,50.0,4.8,49.43,37.66,17.04,49.65,13.52,54.02,5.79,50.0,3.6,50.0,4.8,44.75
202609050306,2026-09-05,03,6R,realtime,67.26,30.43,49.65,13.52,32.99,3.53,34.0,2.45,50.29,4.82,54.77,54.05,24.46,44.48,12.12,59.22,6.34,51.11,3.68,39.56,3.8,50.4,52.8,23.89,52.24,14.23,56.44,6.05,54.53,3.93,50.84,4.88,52.97,46.35,20.97,41.89,11.41,62.02,6.64,64.79,4.67,49.58,4.76,48.45,42.93,19.42,54.83,14.93,62.3,6.67,40.84,2.94,48.8,4.68,48.66,37.66,17.04,49.65,13.52,54.02,5.79,54.53,3.93,61.18,5.87,46.15
202609050307,2026-09-05,03,7R,daily,67.26,30.43,54.83,14.93,49.87,5.34,50.0,3.6,50.0,4.8,59.11,54.05,24.46,57.42,15.64,45.74,4.9,50.0,3.6,50.0,4.8,53.4,52.8,23.89,49.65,13.52,40.88,4.38,50.0,3.6,50.0,4.8,50.19,46.35,20.97,44.48,12.12,46.31,4.96,50.0,3.6,50.0,4.8,46.45,42.93,19.42,52.24,14.23,62.13,6.66,50.0,3.6,50.0,4.8,48.71,37.66,17.04,44.48,12.12,61.61,6.6,50.0,3.6,50.0,4.8,44.16
202609050307,2026-09-05,03,7R,realtime,67.26,30.43,54.83,14.93,49.87,5.34,60.12,4.33,50.54,4.85,59.89,54.05,24.46,57.42,15.64,45.74,4.9,38.13,2.75,45.16,4.33,52.08,52.8,23.89,49.65,13.52,40.88,4.38,39.82,2.87,48.16,4.62,49.28,46.35,20.97,44.48,12.12,46.31,4.96,55.04,3.97,50.65,4.86,46.88,42.93,19.42,52.24,14.23,62.13,6.65,43.2,3.11,48.65,4.67,48.09,37.66,17.04,44.48,12.12,61.61,6.6,63.5,4.58,57.09,5.48,45.81
202609050308,2026-09-05,03,8R,daily,67.26,30.43,52.24,14.23,31.26,3.35,50.0,3.6,50.0,4.8,56.41,54.05,24.46,49.65,13.52,45.99,4.93,50.0,3.6,50.0,4.8,51.31,52.8,23.89,39.3,10.71,38.11,4.08,50.0,3.6,50.0,4.8,47.08,46.35,20.97,49.65,13.52,60.31,6.46,50.0,3.6,50.0,4.8,49.36,42.93,19.42,52.24,14.23,54.04,5.79,50.0,3.6,50.0,4.8,47.84,37.66,17.04,39.3,10.71,56.67,6.07,50.0,3.6,50.0,4.8,42.22
202609050308,2026-09-05,03,8R,realtime,67.26,30.43,52.24,14.23,31.26,3.35,50.0,3.6,50.54,4.85,56.46,54.05,24.46,49.65,13.52,45.99,4.93,50.0,3.6,45.16,4.33,50.84,52.8,23.89,39.3,10.71,38.11,4.08,50.0,3.6,48.16,4.62,46.9,46.35,20.97,49.65,13.52,60.31,6.46,50.0,3.6,50.65,4.86,49.42,42.93,19.42,52.24,14.23,54.04,5.79,50.0,3.6,48.65,4.67,47.71,37.66,17.04,39.3,10.71,56.67,6.07,50.0,3.6,57.09,5.48,42.9
202609050309,2026-09-05,03,9R,daily,67.26,30.43,52.24,14.23,54.99,5.89,50.0,3.6,50.0,4.8,58.95,54.05,24.46,49.65,13.52,45.22,4.84,50.0,3.6,50.0,4.8,51.23,52.8,23.89,39.3,10.71,52.76,5.65,50.0,3.6,50.0,4.8,48.65,46.35,20.97,52.24,14.23,50.87,5.45,50.0,3.6,50.0,4.8,49.05,42.93,19.42,49.65,13.52,35.35,3.79,50.0,3.6,50.0,4.8,45.14,37.66,17.04,47.07,12.82,30.61,3.28,50.0,3.6,50.0,4.8,41.54
202609050309,2026-09-05,03,9R,realtime,67.26,30.43,52.24,14.23,54.99,5.89,65.69,4.74,48.83,4.68,59.97,54.05,24.46,49.65,13.52,45.22,4.84,54.88,3.96,41.89,4.02,50.8,52.8,23.89,39.3,10.71,52.76,5.65,55.86,4.03,50.22,4.82,49.09,46.35,20.97,52.24,14.23,50.87,5.45,42.1,3.04,51.12,4.9,48.59,42.93,19.42,49.65,13.52,35.35,3.79,35.22,2.54,49.99,4.79,44.07,37.66,17.04,47.07,12.82,30.61,3.28,46.03,3.32,58.21,5.58,42.04
202609050310,2026-09-05,03,10R,daily,67.26,30.43,49.65,13.52,49.23,5.27,50.0,3.6,50.0,4.8,57.63,54.05,24.46,49.65,13.52,67.81,7.26,50.0,3.6,50.0,4.8,53.65,52.8,23.89,47.07,12.82,52.7,5.64,50.0,3.6,50.0,4.8,50.76,46.35,20.97,49.65,13.52,48.27,5.17,50.0,3.6,50.0,4.8,48.07,42.93,19.42,47.07,12.82,55.61,5.96,50.0,3.6,50.0,4.8,46.6,37.66,17.04,52.24,14.23,67.95,7.28,50.0,3.6,50.0,4.8,46.95
202609050310,2026-09-05,03,10R,realtime,67.26,30.43,49.65,13.52,49.23,5.27,42.28,3.05,48.83,4.68,56.96,54.05,24.46,49.65,13.52,67.81,7.26,58.76,4.24,41.89,4.02,53.5,52.8,23.89,47.07,12.82,52.7,5.64,58.76,4.24,50.22,4.82,51.41,46.35,20.97,49.65,13.52,48.27,5.17,32.39,2.34,51.12,4.9,46.91,42.93,19.42,47.07,12.82,55.61,5.96,48.87,3.52,49.99,4.79,46.52,37.66,17.04,52.24,14.23,67.95,7.28,58.76,4.24,58.21,5.58,48.37
202609050311,2026-09-05,03,11R,daily,67.26,30.43,62.59,17.05,54.52,5.84,50.0,3.6,50.0,4.8,61.72,54.05,24.46,49.65,13.52,54.02,5.79,50.0,3.6,50.0,4.8,52.17,52.8,23.89,44.48,12.12,57.27,6.13,50.0,3.6,50.0,4.8,50.54,46.35,20.97,47.07,12.82,65.53,7.02,50.0,3.6,50.0,4.8,49.21,42.93,19.42,52.24,14.23,52.49,5.62,50.0,3.6,50.0,4.8,47.68,37.66,17.04,52.24,14.23,33.8,3.62,50.0,3.6,50.0,4.8,43.29
202609050311,2026-09-05,03,11R,realtime,67.26,30.43,62.59,17.05,54.52,5.84,47.66,3.44,47.13,4.52,61.28,54.05,24.46,49.65,13.52,54.02,5.79,66.18,4.77,38.62,3.7,52.24,52.8,23.89,44.48,12.12,57.27,6.13,49.97,3.6,52.28,5.01,50.76,46.35,20.97,47.07,12.82,65.53,7.02,56.91,4.1,51.58,4.95,49.86,42.93,19.42,52.24,14.23,52.49,5.62,45.33,3.27,51.32,4.92,47.47,37.66,17.04,52.24,14.23,33.8,3.62,33.75,2.43,59.32,5.69,43.01
202609050312,2026-09-05,03,12R,daily,67.26,30.43,54.83,14.93,62.3,6.67,50.0,3.6,50.0,4.8,60.44,54.05,24.46,62.59,17.05,47.32,5.07,50.0,3.6,50.0,4.8,54.97,52.8,23.89,78.12,21.28,65.72,7.04,50.0,3.6,50.0,4.8,60.61,46.35,20.97,83.29,22.69,34.67,3.71,50.0,3.6,50.0,4.8,55.77,42.93,19.42,57.42,15.64,45.74,4.9,50.0,3.6,50.0,4.8,48.36,37.66,17.04,57.42,15.64,36.15,3.87,50.0,3.6,50.0,4.8,44.95
202609050312,2026-09-05,03,12R,realtime,67.26,30.43,54.83,14.93,62.3,6.67,50.27,3.62,48.18,4.62,60.29,54.05,24.46,62.59,17.05,47.32,5.07,53.83,3.88,38.93,3.73,54.19,52.8,23.89,78.12,21.28,65.72,7.04,66.32,4.78,51.8,4.97,61.96,46.35,20.97,83.29,22.69,34.67,3.71,53.83,3.88,50.91,4.88,56.14,42.93,19.42,57.42,15.64,45.74,4.9,39.56,2.85,50.48,4.84,47.66,37.66,17.04,57.42,15.64,36.15,3.87,35.99,2.6,59.94,5.75,44.9
202609050401,2026-09-05,04,1R,daily,68.6,22.21,52.09,16.34,52.9,6.24,50.0,10.36,50.0,1.87,57.02,53.19,17.22,44.93,14.09,40.33,4.76,50.0,10.36,50.0,1.87,48.3,50.76,16.44,54.48,17.09,54.22,6.39,50.0,10.36,50.0,1.87,52.15,48.3,15.64,52.09,16.34,30.71,3.62,50.0,10.36,50.0,1.87,47.83,42.68,13.82,44.93,14.09,59.55,7.02,50.0,10.36,50.0,1.87,47.16,35.78,11.58,30.59,9.59,42.28,4.99,50.0,10.36,50.0,1.87,38.4
202609050401,2026-09-05,04,1R,realtime,68.6,22.21,52.09,16.34,52.9,6.24,63.09,13.08,49.72,1.86,59.73,53.19,17.22,44.93,14.09,40.33,4.75,32.35,6.7,41.55,1.56,44.33,50.76,16.44,54.48,17.09,54.22,6.39,58.7,12.17,52.23,1.96,54.04,48.3,15.64,52.09,16.34,30.71,3.62,53.5,11.09,51.34,1.92,48.61,42.68,13.82,44.93,14.09,59.55,7.02,46.17,9.57,70.72,2.65,47.15,35.78,11.58,30.59,9.59,42.28,4.98,46.23,9.58,34.14,1.28,37.02
202609050402,2026-09-05,04,2R,daily,68.6,22.21,40.15,12.59,52.69,6.21,50.0,10.36,50.0,1.87,53.25,53.19,17.22,56.87,17.84,47.86,5.64,50.0,10.36,50.0,1.87,52.94,50.76,16.44,37.76,11.84,45.13,5.32,50.0,10.36,50.0,1.87,45.83,48.3,15.64,37.76,11.84,45.64,5.38,50.0,10.36,50.0,1.87,45.1,42.68,13.82,47.32,14.84,43.57,5.14,50.0,10.36,50.0,1.87,46.03,35.78,11.58,52.09,16.34,41.21,4.86,50.0,10.36,50.0,1.87,45.02
202609050402,2026-09-05,04,2R,realtime,68.6,22.21,40.15,12.59,52.69,6.21,67.31,13.95,47.81,1.79,56.76,53.19,17.22,56.87,17.84,47.86,5.64,53.53,11.1,44.86,1.68,53.48,50.76,16.44,37.76,11.84,45.13,5.32,44.21,9.16,57.39,2.15,44.91,48.3,15.64,37.76,11.84,45.64,5.38,46.76,9.69,52.8,1.98,44.53,42.68,13.82,47.32,14.84,43.57,5.14,41.57,8.62,74.84,2.8,45.21,35.78,11.58,52.09,16.34,41.21,4.86,46.68,9.67,22.01,0.82,43.28
202609050403,2026-09-05,04,3R,daily,68.6,22.21,61.65,19.34,51.38,6.06,50.0,10.36,50.0,1.87,59.84,53.19,17.22,49.71,15.59,50.89,6.0,50.0,10.36,50.0,1.87,51.05,50.76,16.44,44.93,14.09,50.25,5.92,50.0,10.36,50.0,1.87,48.68,48.3,15.64,47.32,14.84,41.87,4.94,50.0,10.36,50.0,1.87,47.65,42.68,13.82,30.59,9.59,37.91,4.47,50.0,10.36,50.0,1.87,40.12,35.78,11.58,47.32,14.84,41.19,4.86,50.0,10.36,50.0,1.87,43.51
202609050403,2026-09-05,04,3R,realtime,68.6,22.21,61.65,19.34,51.38,6.06,56.06,11.62,47.81,1.79,61.02,53.19,17.22,49.71,15.59,50.89,6.0,57.5,11.92,44.86,1.68,52.41,50.76,16.44,44.93,14.09,50.25,5.92,37.7,7.81,57.39,2.15,46.41,48.3,15.64,47.32,14.84,41.87,4.94,64.96,13.46,52.8,1.98,50.85,42.68,13.82,30.59,9.59,37.91,4.47,45.9,9.51,74.84,2.8,40.2,35.78,11.58,47.32,14.84,41.19,4.86,37.95,7.87,22.01,0.82,39.97
202609050404,2026-09-05,04,4R,daily,68.6,22.21,49.71,15.59,52.71,6.21,50.0,10.36,50.0,1.87,56.25,53.19,17.22,44.93,14.09,32.93,3.88,50.0,10.36,50.0,1.87,47.43,50.76,16.44,54.48,17.09,35.79,4.22,50.0,10.36,50.0,1.87,49.98,48.3,15.64,42.54,13.34,46.8,5.52,50.0,10.36,50.0,1.87,46.73,42.68,13.82,52.09,16.34,44.63,5.26,50.0,10.36,50.0,1.87,47.65,35.78,11.58,32.98,10.34,47.77,5.63,50.0,10.36,50.0,1.87,39.79
202609050404,2026-09-05,04,4R,realtime,68.6,22.21,49.71,15.59,52.71,6.21,51.56,10.69,49.72,1.86,56.56,53.19,17.22,44.93,14.09,32.93,3.88,38.48,7.97,41.55,1.56,44.73,50.76,16.44,54.48,17.09,35.79,4.22,43.52,9.02,52.23,1.96,48.72,48.3,15.64,42.54,13.34,46.8,5.52,58.69,12.16,51.34,1.92,48.58,42.68,13.82,52.09,16.34,44.63,5.26,53.2,11.03,70.72,2.65,49.09,35.78,11.58,32.98,10.34,47.77,5.63,54.62,11.32,34.14,1.28,40.16
202609050405,2026-09-05,04,5R,daily,68.6,22.21,49.71,15.59,53.62,6.32,50.0,10.36,50.0,1.87,56.36,53.19,17.22,44.93,14.09,39.47,4.65,50.0,10.36,50.0,1.87,48.2,50.76,16.44,71.21,22.33,44.0,5.19,50.0,10.36,50.0,1.87,56.19,48.3,15.64,49.71,15.59,57.46,6.77,50.0,10.36,50.0,1.87,50.24,42.68,13.82,37.76,11.84,44.95,5.3,50.0,10.36,50.0,1.87,43.19,35.78,11.58,44.93,14.09,49.06,5.78,50.0,10.36,50.0,1.87,43.69
202609050405,2026-09-05,04,5R,realtime,68.6,22.21,49.71,15.59,53.62,6.32,53.72,11.13,50.7,1.9,57.16,53.19,17.22,44.93,14.09,39.47,4.65,60.19,12.47,41.49,1.55,49.99,50.76,16.44,71.21,22.33,44.0,5.19,62.07,12.86,52.47,1.96,58.79,48.3,15.64,49.71,15.59,57.46,6.77,50.8,10.53,51.48,1.93,50.46,42.68,13.82,37.76,11.84,44.95,5.3,31.95,6.62,69.71,2.61,40.19,35.78,11.58,44.93,14.09,49.06,5.78,41.35,8.57,33.87,1.27,41.3
202609050406,2026-09-05,04,6R,daily,68.6,22.21,44.93,14.09,47.49,5.6,50.0,10.36,50.0,1.87,54.14,53.19,17.22,37.76,11.84,44.46,5.24,50.0,10.36,50.0,1.87,46.54,50.76,16.44,44.93,14.09,59.55,7.02,50.0,10.36,50.0,1.87,49.78,48.3,15.64,52.09,16.34,45.1,5.32,50.0,10.36,50.0,1.87,49.53,42.68,13.82,42.54,13.34,47.4,5.59,50.0,10.36,50.0,1.87,44.98,35.78,11.58,61.65,19.34,59.46,7.01,50.0,10.36,50.0,1.87,50.16
202609050406,2026-09-05,04,6R,realtime,68.6,22.21,44.93,14.09,47.49,5.6,63.57,13.17,49.43,1.85,56.93,53.19,17.22,37.76,11.84,44.46,5.24,33.18,6.88,43.69,1.64,42.82,50.76,16.44,44.93,14.09,59.55,7.02,50.83,10.54,55.9,2.09,50.17,48.3,15.64,52.09,16.34,45.1,5.32,49.13,10.18,52.45,1.96,49.44,42.68,13.82,42.54,13.34,47.4,5.59,47.66,9.88,72.46,2.71,45.34,35.78,11.58,61.65,19.34,59.46,7.01,55.72,11.55,25.78,0.97,50.44
202609050407,2026-09-05,04,7R,daily,68.6,22.21,47.32,14.84,43.57,5.14,50.0,10.36,50.0,1.87,54.42,53.19,17.22,37.76,11.84,45.64,5.38,50.0,10.36,50.0,1.87,46.68,50.76,16.44,37.76,11.84,26.55,3.13,50.0,10.36,50.0,1.87,43.64,48.3,15.64,78.38,24.58,45.31,5.34,50.0,10.36,50.0,1.87,57.8,42.68,13.82,30.59,9.59,42.28,4.99,50.0,10.36,50.0,1.87,40.63,35.78,11.58,44.93,14.09,32.89,3.88,50.0,10.36,50.0,1.87,41.79
202609050407,2026-09-05,04,7R,realtime,68.6,22.21,47.32,14.84,43.57,5.14,69.41,14.39,49.43,1.85,58.43,53.19,17.22,37.76,11.84,45.64,5.38,56.71,11.75,43.69,1.64,47.83,50.76,16.44,37.76,11.84,26.55,3.13,34.81,7.21,55.9,2.09,40.72,48.3,15.64,78.38,24.58,45.31,5.34,42.16,8.74,52.45,1.96,56.26,42.68,13.82,30.59,9.59,42.28,4.98,42.41,8.79,72.46,2.71,39.9,35.78,11.58,44.93,14.09,32.89,3.88,54.58,11.31,25.78,0.97,41.83
202609050408,2026-09-05,04,8R,daily,68.6,22.21,44.93,14.09,40.33,4.76,50.0,10.36,50.0,1.87,53.29,53.19,17.22,54.48,17.09,51.74,6.1,50.0,10.36,50.0,1.87,52.65,50.76,16.44,35.37,11.09,54.04,6.37,50.0,10.36,50.0,1.87,46.13,48.3,15.64,40.15,12.59,52.69,6.21,50.0,10.36,50.0,1.87,46.68,42.68,13.82,49.71,15.59,44.53,5.25,50.0,10.36,50.0,1.87,46.89,35.78,11.58,30.59,9.59,37.91,4.47,50.0,10.36,50.0,1.87,37.88
202609050408,2026-09-05,04,8R,realtime,68.6,22.21,44.93,14.09,40.33,4.75,56.79,11.77,49.96,1.87,54.7,53.19,17.22,54.48,17.09,51.74,6.1,47.64,9.87,47.26,1.77,52.05,50.76,16.44,35.37,11.09,54.04,6.37,33.82,7.01,49.84,1.87,42.77,48.3,15.64,40.15,12.59,52.69,6.21,55.81,11.57,49.62,1.86,47.87,42.68,13.82,49.71,15.59,44.53,5.25,52.9,10.96,65.55,2.45,48.08,35.78,11.58,30.59,9.59,37.91,4.47,53.11,11.01,37.49,1.4,38.06
202609050409,2026-09-05,04,9R,daily,68.6,22.21,44.93,14.09,39.88,4.7,50.0,10.36,50.0,1.87,53.24,53.19,17.22,54.48,17.09,36.62,4.32,50.0,10.36,50.0,1.87,50.86,50.76,16.44,44.93,14.09,32.93,3.88,50.0,10.36,50.0,1.87,46.64,48.3,15.64,49.71,15.59,50.89,6.0,50.0,10.36,50.0,1.87,49.46,42.68,13.82,54.48,17.09,54.22,6.39,50.0,10.36,50.0,1.87,49.53,35.78,11.58,37.76,11.84,45.13,5.32,50.0,10.36,50.0,1.87,40.98
202609050409,2026-09-05,04,9R,realtime,68.6,22.21,44.93,14.09,39.88,4.7,40.75,8.45,49.32,1.85,51.3,53.19,17.22,54.48,17.09,36.62,4.32,48.78,10.11,48.37,1.81,50.55,50.76,16.44,44.93,14.09,32.93,3.88,33.64,6.97,51.56,1.93,43.31,48.3,15.64,49.71,15.59,50.89,6.0,56.76,11.76,50.11,1.88,50.87,42.68,13.82,54.48,17.09,54.22,6.39,63.19,13.1,66.92,2.51,52.9,35.78,11.58,37.76,11.84,45.13,5.32,56.95,11.8,33.44,1.25,41.8
202609050410,2026-09-05,04,10R,daily,68.6,22.21,47.32,14.84,43.57,5.14,50.0,10.36,50.0,1.87,54.42,53.19,17.22,40.15,12.59,45.61,5.38,50.0,10.36,50.0,1.87,47.43,50.76,16.44,49.71,15.59,57.46,6.77,50.0,10.36,50.0,1.87,51.03,48.3,15.64,42.54,13.34,46.54,5.49,50.0,10.36,50.0,1.87,46.7,42.68,13.82,52.09,16.34,52.9,6.24,50.0,10.36,50.0,1.87,48.63,35.78,11.58,47.32,14.84,41.87,4.94,50.0,10.36,50.0,1.87,43.59
202609050410,2026-09-05,04,10R,realtime,68.6,22.21,47.32,14.84,43.57,5.14,58.34,12.09,49.32,1.85,56.13,53.19,17.22,40.15,12.59,45.61,5.38,42.06,8.72,48.37,1.81,45.72,50.76,16.44,49.71,15.59,57.46,6.77,48.49,10.05,51.56,1.93,50.78,48.3,15.64,42.54,13.34,46.54,5.49,40.06,8.3,50.11,1.88,44.64,42.68,13.82,52.09,16.34,52.9,6.24,55.16,11.43,66.92,2.51,50.33,35.78,11.58,47.32,14.84,41.87,4.94,55.97,11.6,33.44,1.25,44.21
202609050411,2026-09-05,04,11R,daily,68.6,22.21,52.09,16.34,30.71,3.62,50.0,10.36,50.0,1.87,54.41,53.19,17.22,54.48,17.09,35.79,4.22,50.0,10.36,50.0,1.87,50.77,50.76,16.44,47.32,14.84,41.19,4.86,50.0,10.36,50.0,1.87,48.37,48.3,15.64,42.54,13.34,58.05,6.84,50.0,10.36,50.0,1.87,48.06,42.68,13.82,52.09,16.34,45.1,5.32,50.0,10.36,50.0,1.87,47.71,35.78,11.58,44.93,14.09,39.47,4.65,50.0,10.36,50.0,1.87,42.56
202609050411,2026-09-05,04,11R,realtime,68.6,22.21,52.09,16.34,30.71,3.62,69.53,14.41,51.68,1.94,58.52,53.19,17.22,54.48,17.09,35.79,4.22,46.85,9.71,41.42,1.55,49.79,50.76,16.44,47.32,14.84,41.19,4.86,26.23,5.44,52.7,1.97,43.54,48.3,15.64,42.54,13.34,58.05,6.84,58.76,12.18,51.62,1.93,49.94,42.68,13.82,52.09,16.34,45.1,5.32,50.93,10.55,68.7,2.57,48.6,35.78,11.58,44.93,14.09,39.47,4.65,47.77,9.9,33.6,1.26,41.48
202609050412,2026-09-05,04,12R,daily,68.6,22.21,78.38,24.58,45.31,5.34,50.0,10.36,50.0,1.87,64.37,53.19,17.22,52.09,16.34,44.63,5.26,50.0,10.36,50.0,1.87,51.06,50.76,16.44,61.65,19.34,59.46,7.01,50.0,10.36,50.0,1.87,55.02,48.3,15.64,61.65,19.34,51.38,6.06,50.0,10.36,50.0,1.87,53.27,42.68,13.82,56.87,17.84,47.86,5.64,50.0,10.36,50.0,1.87,49.53,35.78,11.58,71.21,22.33,44.0,5.19,50.0,10.36,50.0,1.87,51.34
202609050412,2026-09-05,04,12R,realtime,68.6,22.21,78.38,24.58,45.31,5.34,61.13,12.67,52.03,1.95,66.76,53.19,17.22,52.09,16.34,44.63,5.26,42.66,8.84,42.46,1.59,49.25,50.76,16.44,61.65,19.34,59.46,7.01,50.97,10.56,54.65,2.05,55.39,48.3,15.64,61.65,19.34,51.38,6.06,44.65,9.25,52.25,1.96,52.24,42.68,13.82,56.87,17.84,47.86,5.64,34.21,7.09,69.06,2.59,46.97,35.78,11.58,71.21,22.33,44.0,5.19,66.43,13.77,29.28,1.1,53.97
202609050701,2026-09-05,07,1R,daily,71.22,28.01,46.24,10.7,39.67,2.84,50.0,10.75,50.0,4.44,56.73,52.67,20.71,40.8,9.44,58.22,4.17,50.0,10.75,50.0,4.44,49.51,50.32,19.79,38.98,9.02,48.83,3.5,50.0,10.75,50.0,4.44,47.49,48.67,19.14,40.8,9.44,69.34,4.97,50.0,10.75,50.0,4.44,48.74,43.91,17.27,44.43,10.28,40.58,2.91,50.0,10.75,50.0,4.44,45.64,32.79,12.9,46.24,10.7,68.77,4.93,50.0,10.75,50.0,4.44,43.71
202609050701,2026-09-05,07,1R,realtime,71.22,28.01,46.24,10.7,39.67,2.84,47.58,10.23,48.92,4.34,56.12,52.67,20.71,40.8,9.44,58.22,4.17,58.31,12.54,56.71,5.03,51.89,50.32,19.79,38.98,9.02,48.83,3.5,40.66,8.74,52.64,4.67,45.72,48.67,19.14,40.8,9.44,69.34,4.97,61.36,13.2,39.73,3.52,50.27,43.91,17.27,44.43,10.28,40.58,2.91,38.97,8.38,45.58,4.04,42.88,32.79,12.9,46.24,10.7,68.77,4.93,53.08,11.42,56.55,5.02,44.95
202609050702,2026-09-05,07,2R,daily,71.22,28.01,46.24,10.7,40.19,2.88,50.0,10.75,50.0,4.44,56.77,52.67,20.71,51.69,11.96,18.6,1.33,50.0,10.75,50.0,4.44,49.19,50.32,19.79,44.43,10.28,34.49,2.47,50.0,10.75,50.0,4.44,47.73,48.67,19.14,42.61,9.86,55.3,3.96,50.0,10.75,50.0,4.44,48.15,43.91,17.27,46.24,10.7,61.74,4.42,50.0,10.75,50.0,4.44,47.58,32.79,12.9,48.06,11.12,56.45,4.04,50.0,10.75,50.0,4.44,43.25
202609050702,2026-09-05,07,2R,realtime,71.22,28.01,46.24,10.7,40.19,2.88,63.42,13.64,48.92,4.34,59.56,52.67,20.71,51.69,11.96,18.6,1.33,45.13,9.71,56.71,5.03,48.74,50.32,19.79,44.43,10.28,34.49,2.47,36.12,7.77,52.64,4.67,44.97,48.67,19.14,42.61,9.86,55.3,3.96,46.44,9.99,39.73,3.52,46.47,43.91,17.27,46.24,10.7,61.74,4.42,48.45,10.42,45.58,4.04,46.85,32.79,12.9,48.06,11.12,56.45,4.04,60.39,12.99,56.55,5.02,46.06
202609050703,2026-09-05,07,3R,daily,71.22,28.01,44.43,10.28,44.18,3.17,50.0,10.75,50.0,4.44,56.64,52.67,20.71,46.24,10.7,50.75,3.64,50.0,10.75,50.0,4.44,50.23,50.32,19.79,69.84,16.15,58.28,4.18,50.0,10.75,50.0,4.44,55.31,48.67,19.14,48.06,11.12,36.04,2.58,50.0,10.75,50.0,4.44,48.03,43.91,17.27,44.43,10.28,49.53,3.55,50.0,10.75,50.0,4.44,46.28,32.79,12.9,44.43,10.28,63.78,4.57,50.0,10.75,50.0,4.44,42.93
202609050703,2026-09-05,07,3R,realtime,71.22,28.01,44.43,10.28,44.18,3.17,49.95,10.74,51.82,4.6,56.79,52.67,20.71,46.24,10.7,50.75,3.64,55.42,11.92,56.34,5.0,51.96,50.32,19.79,69.84,16.15,58.28,4.18,55.18,11.87,53.61,4.76,56.74,48.67,19.14,48.06,11.12,36.04,2.58,40.82,8.78,38.87,3.45,45.07,43.91,17.27,44.43,10.28,49.53,3.55,50.7,10.9,44.81,3.98,45.97,32.79,12.9,44.43,10.28,63.78,4.57,47.9,10.3,54.67,4.85,42.89
202609050704,2026-09-05,07,4R,daily,71.22,28.01,42.61,9.86,56.55,4.05,50.0,10.75,50.0,4.44,57.1,52.67,20.71,42.61,9.86,41.06,2.94,50.0,10.75,50.0,4.44,48.7,50.32,19.79,33.54,7.76,55.72,3.99,50.0,10.75,50.0,4.44,46.73,48.67,19.14,46.24,10.7,41.93,3.0,50.0,10.75,50.0,4.44,48.03,43.91,17.27,42.61,9.86,11.65,0.83,50.0,10.75,50.0,4.44,43.15,32.79,12.9,66.21,15.31,74.22,5.32,50.0,10.75,50.0,4.44,48.72
202609050704,2026-09-05,07,4R,realtime,71.22,28.01,42.61,9.86,56.55,4.05,63.82,13.72,48.14,4.27,59.91,52.67,20.71,42.61,9.86,41.06,2.94,48.42,10.41,56.23,4.99,48.91,50.32,19.79,33.54,7.76,55.72,3.99,49.96,10.74,53.93,4.78,47.07,48.67,19.14,46.24,10.7,41.93,3.0,33.59,7.22,40.13,3.56,43.63,43.91,17.27,42.61,9.86,11.65,0.83,41.43,8.91,45.19,4.01,40.88,32.79,12.9,66.21,15.31,74.22,5.32,62.72,13.49,56.51,5.01,52.03
202609050705,2026-09-05,07,5R,daily,71.22,28.01,46.24,10.7,37.48,2.69,50.0,10.75,50.0,4.44,56.58,52.67,20.71,55.32,12.79,47.67,3.42,50.0,10.75,50.0,4.44,52.11,50.32,19.79,44.43,10.28,30.35,2.17,50.0,10.75,50.0,4.44,47.43,48.67,19.14,44.43,10.28,41.99,3.01,50.0,10.75,50.0,4.44,47.62,43.91,17.27,33.54,7.76,54.87,3.93,50.0,10.75,50.0,4.44,44.15,32.79,12.9,46.24,10.7,29.57,2.12,50.0,10.75,50.0,4.44,40.9
202609050706,2026-09-05,07,6R,daily,71.22,28.01,46.24,10.7,39.26,2.81,50.0,10.75,50.0,4.44,56.71,52.67,20.71,73.47,16.99,47.19,3.38,50.0,10.75,50.0,4.44,56.28,50.32,19.79,44.43,10.28,40.58,2.91,50.0,10.75,50.0,4.44,48.16,48.67,19.14,46.24,10.7,57.46,4.12,50.0,10.75,50.0,4.44,49.14,43.91,17.27,48.06,11.12,51.37,3.68,50.0,10.75,50.0,4.44,47.25,32.79,12.9,51.69,11.96,48.24,3.46,50.0,10.75,50.0,4.44,43.5
202609050706,2026-09-05,07,6R,realtime,71.22,28.01,46.24,10.7,39.26,2.81,56.35,12.12,48.14,4.27,57.91,52.67,20.71,73.47,16.99,47.19,3.38,72.8,15.66,56.23,4.99,61.73,50.32,19.79,44.43,10.28,40.58,2.91,59.42,12.78,53.93,4.78,50.54,48.67,19.14,46.24,10.7,57.46,4.12,38.94,8.37,40.13,3.56,45.89,43.91,17.27,48.06,11.12,51.37,3.68,44.88,9.65,45.19,4.01,45.73,32.79,12.9,51.69,11.96,48.24,3.46,27.59,5.93,56.51,5.01,39.26
202609050707,2026-09-05,07,7R,daily,71.22,28.01,46.24,10.7,49.24,3.53,50.0,10.75,50.0,4.44,57.42,52.67,20.71,40.8,9.44,69.34,4.97,50.0,10.75,50.0,4.44,50.31,50.32,19.79,68.03,15.73,50.47,3.62,50.0,10.75,50.0,4.44,54.33,48.67,19.14,48.06,11.12,65.46,4.69,50.0,10.75,50.0,4.44,50.14,43.91,17.27,42.61,9.86,50.1,3.59,50.0,10.75,50.0,4.44,45.9,32.79,12.9,46.24,10.7,61.74,4.42,50.0,10.75,50.0,4.44,43.21
202609050708,2026-09-05,07,8R,daily,71.22,28.01,48.06,11.12,36.04,2.58,50.0,10.75,50.0,4.44,56.9,52.67,20.71,46.24,10.7,68.77,4.93,50.0,10.75,50.0,4.44,51.53,50.32,19.79,46.24,10.7,40.19,2.88,50.0,10.75,50.0,4.44,48.55,48.67,19.14,66.21,15.31,43.73,3.13,50.0,10.75,50.0,4.44,52.78,43.91,17.27,33.54,7.76,55.72,3.99,50.0,10.75,50.0,4.44,44.21,32.79,12.9,46.24,10.7,31.19,2.23,50.0,10.75,50.0,4.44,41.02
202609050708,2026-09-05,07,8R,realtime,71.22,28.01,48.06,11.12,36.04,2.58,51.17,11.0,48.92,4.34,57.05,52.67,20.71,46.24,10.7,68.77,4.93,44.97,9.67,56.71,5.03,51.04,50.32,19.79,46.24,10.7,40.19,2.88,50.67,10.9,52.64,4.67,48.93,48.67,19.14,66.21,15.31,43.73,3.13,57.33,12.33,39.73,3.52,53.44,32.79,12.9,33.54,7.76,55.72,3.99,53.29,11.46,56.55,5.02,41.12,43.91,17.27,46.24,10.7,31.19,2.23,42.53,9.15,45.58,4.04,43.39
202609050709,2026-09-05,07,9R,daily,71.22,28.01,69.84,16.15,58.28,4.18,50.0,10.75,50.0,4.44,63.53,52.67,20.71,42.61,9.86,55.3,3.96,50.0,10.75,50.0,4.44,49.72,50.32,19.79,46.24,10.7,41.93,3.0,50.0,10.75,50.0,4.44,48.68,48.67,19.14,40.8,9.44,58.22,4.17,50.0,10.75,50.0,4.44,47.94,43.91,17.27,48.06,11.12,63.37,4.54,50.0,10.75,50.0,4.44,48.11,32.79,12.9,55.32,12.79,47.67,3.42,50.0,10.75,50.0,4.44,44.3
202609050709,2026-09-05,07,9R,realtime,71.22,28.01,69.84,16.15,58.28,4.18,67.41,14.5,48.92,4.34,67.17,52.67,20.71,42.61,9.86,55.3,3.96,49.37,10.62,56.71,5.03,50.18,50.32,19.79,46.24,10.7,41.93,3.0,34.09,7.33,52.64,4.67,45.49,48.67,19.14,40.8,9.44,58.22,4.17,38.04,8.18,39.73,3.52,44.46,43.91,17.27,48.06,11.12,63.37,4.54,53.55,11.52,45.58,4.04,48.49,32.79,12.9,55.32,12.79,47.67,3.42,57.51,12.37,56.55,5.02,46.49
202609050710,2026-09-05,07,10R,daily,71.22,28.01,73.47,16.99,47.19,3.38,50.0,10.75,50.0,4.44,63.57,52.67,20.71,44.43,10.28,34.49,2.47,50.0,10.75,50.0,4.44,48.65,50.32,19.79,48.06,11.12,35.29,2.53,50.0,10.75,50.0,4.44,48.62,48.67,19.14,42.61,9.86,56.55,4.05,50.0,10.75,50.0,4.44,48.24,43.91,17.27,44.43,10.28,44.18,3.17,50.0,10.75,50.0,4.44,45.9,32.79,12.9,48.06,11.12,54.29,3.89,50.0,10.75,50.0,4.44,43.09
202609050711,2026-09-05,07,11R,daily,71.22,28.01,68.03,15.73,50.47,3.62,50.0,10.75,50.0,4.44,62.55,52.67,20.71,48.06,11.12,56.45,4.04,50.0,10.75,50.0,4.44,51.06,50.32,19.79,44.43,10.28,49.53,3.55,50.0,10.75,50.0,4.44,48.8,48.67,19.14,66.21,15.31,74.22,5.32,50.0,10.75,50.0,4.44,54.96,43.91,17.27,46.24,10.7,39.26,2.81,50.0,10.75,50.0,4.44,45.97,32.79,12.9,44.43,10.28,30.35,2.17,50.0,10.75,50.0,4.44,40.54
202609050712,2026-09-05,07,12R,daily,71.22,28.01,66.21,15.31,43.73,3.13,50.0,10.75,50.0,4.44,61.64,52.67,20.71,46.24,10.7,29.57,2.12,50.0,10.75,50.0,4.44,48.72,50.32,19.79,51.69,11.96,48.24,3.46,50.0,10.75,50.0,4.44,50.39,48.67,19.14,46.24,10.7,49.24,3.53,50.0,10.75,50.0,4.44,48.56,43.91,17.27,51.69,11.96,18.6,1.33,50.0,10.75,50.0,4.44,45.75,32.79,12.9,46.24,10.7,50.75,3.64,50.0,10.75,50.0,4.44,42.42
202609050901,2026-09-05,09,1R,daily,67.29,26.9,66.23,14.56,41.15,3.32,50.0,12.11,50.0,2.87,59.77,52.24,20.88,78.16,17.19,60.08,4.85,50.0,12.11,50.0,2.87,57.9,49.94,19.96,58.27,12.82,27.83,2.24,50.0,12.11,50.0,2.87,50.01,48.74,19.48,56.28,12.38,44.96,3.63,50.0,12.11,50.0,2.87,50.47,44.46,17.77,50.32,11.07,64.84,5.23,50.0,12.11,50.0,2.87,49.05,37.0,14.79,50.32,11.07,44.68,3.6,50.0,12.11,50.0,2.87,44.44
202609050901,2026-09-05,09,1R,realtime,67.29,26.9,66.23,14.56,41.15,3.32,68.28,16.54,36.85,2.12,63.44,52.24,20.88,78.16,17.19,60.08,4.85,43.76,10.6,46.57,2.67,56.19,49.94,19.96,58.27,12.82,27.83,2.24,49.85,12.08,58.46,3.36,50.46,48.74,19.48,56.28,12.38,44.96,3.63,44.8,10.85,50.51,2.9,49.24,44.46,17.77,50.32,11.07,64.84,5.23,48.56,11.76,57.76,3.32,49.15,37.0,14.79,50.32,11.07,44.68,3.6,44.82,10.86,49.91,2.87,43.18
202609050902,2026-09-05,09,2R,daily,67.29,26.9,56.28,12.38,60.67,4.89,50.0,12.11,50.0,2.87,59.15,52.24,20.88,78.16,17.19,55.8,4.5,50.0,12.11,50.0,2.87,57.55,49.94,19.96,72.19,15.88,57.06,4.6,50.0,12.11,50.0,2.87,55.43,48.74,19.48,78.16,17.19,54.55,4.4,50.0,12.11,50.0,2.87,56.06,44.46,17.77,64.24,14.13,54.59,4.4,50.0,12.11,50.0,2.87,51.29,37.0,14.79,80.14,17.63,44.56,3.59,50.0,12.11,50.0,2.87,51.0
202609050902,2026-09-05,09,2R,realtime,67.29,26.9,56.28,12.38,60.67,4.89,65.11,15.77,37.9,2.18,62.12,52.24,20.88,78.16,17.19,55.8,4.5,43.99,10.66,64.38,3.7,56.92,49.94,19.96,72.19,15.88,57.06,4.6,55.83,13.53,41.63,2.39,56.36,48.74,19.48,78.16,17.19,54.55,4.4,47.86,11.6,58.18,3.34,56.01,44.46,17.77,64.24,14.13,54.59,4.4,36.0,8.72,56.83,3.26,48.29,37.0,14.79,80.14,17.63,44.56,3.59,51.27,12.42,41.14,2.36,50.79
202609050903,2026-09-05,09,3R,daily,67.29,26.9,56.28,12.38,46.7,3.77,50.0,12.11,50.0,2.87,58.03,52.24,20.88,60.26,13.25,53.52,4.32,50.0,12.11,50.0,2.87,53.43,49.94,19.96,54.3,11.94,49.06,3.96,50.0,12.11,50.0,2.87,50.85,48.74,19.48,58.27,12.82,47.98,3.87,50.0,12.11,50.0,2.87,51.15,44.46,17.77,90.09,19.81,38.93,3.14,50.0,12.11,50.0,2.87,55.71,37.0,14.79,54.3,11.94,67.56,5.45,50.0,12.11,50.0,2.87,47.16
202609050903,2026-09-05,09,3R,realtime,67.29,26.9,56.28,12.38,46.7,3.77,49.24,11.93,37.9,2.18,57.15,52.24,20.88,60.26,13.25,53.52,4.32,66.08,16.01,64.38,3.7,58.16,49.94,19.96,54.3,11.94,49.06,3.96,55.96,13.56,41.63,2.39,51.81,48.74,19.48,58.27,12.82,47.98,3.87,36.79,8.91,58.18,3.34,48.42,44.46,17.77,90.09,19.81,38.93,3.14,34.43,8.34,56.83,3.26,52.33,37.0,14.79,54.3,11.94,67.56,5.45,57.57,13.95,41.14,2.36,48.49
202609050904,2026-09-05,09,4R,daily,67.29,26.9,60.26,13.25,55.3,4.46,50.0,12.11,50.0,2.87,59.59,52.24,20.88,62.25,13.69,40.64,3.28,50.0,12.11,50.0,2.87,52.83,49.94,19.96,54.3,11.94,43.09,3.48,50.0,12.11,50.0,2.87,50.36,48.74,19.48,58.27,12.82,47.36,3.82,50.0,12.11,50.0,2.87,51.1,44.46,17.77,68.21,15.0,44.66,3.6,50.0,12.11,50.0,2.87,51.36,37.0,14.79,72.19,15.88,49.73,4.01,50.0,12.11,50.0,2.87,49.66
202609050904,2026-09-05,09,4R,realtime,67.29,26.9,60.26,13.25,55.3,4.46,48.92,11.85,40.58,2.33,58.79,52.24,20.88,62.25,13.69,40.64,3.28,62.98,15.26,66.34,3.81,56.92,48.74,19.48,54.3,11.94,43.09,3.48,61.42,14.88,57.97,3.33,53.11,44.46,17.77,58.27,12.82,47.36,3.82,41.65,10.09,55.83,3.21,47.7,37.0,14.79,68.21,15.0,44.66,3.6,41.09,9.96,41.65,2.39,45.74,49.94,19.96,72.19,15.88,49.73,4.01,44.01,10.66,37.71,2.17,52.68
202609050905,2026-09-05,09,5R,daily,67.29,26.9,52.31,11.5,55.2,4.45,50.0,12.11,50.0,2.87,57.84,52.24,20.88,76.17,16.75,57.8,4.66,50.0,12.11,50.0,2.87,57.28,49.94,19.96,56.28,12.38,33.01,2.66,50.0,12.11,50.0,2.87,49.99,48.74,19.48,52.31,11.5,53.85,4.34,50.0,12.11,50.0,2.87,50.31,44.46,17.77,78.16,17.19,57.51,4.64,50.0,12.11,50.0,2.87,54.58,37.0,14.79,54.3,11.94,28.49,2.3,50.0,12.11,50.0,2.87,44.01
202609050905,2026-09-05,09,5R,realtime,67.29,26.9,52.31,11.5,55.2,4.45,60.51,14.66,37.9,2.18,59.69,52.24,20.88,76.17,16.75,57.8,4.66,61.96,15.01,64.38,3.7,61.0,49.94,19.96,56.28,12.38,33.01,2.66,49.69,12.04,41.63,2.39,49.43,48.74,19.48,52.31,11.5,53.85,4.34,37.76,9.15,58.18,3.34,47.82,44.46,17.77,78.16,17.19,57.51,4.64,48.47,11.74,56.83,3.26,54.61,37.0,14.79,54.3,11.94,28.49,2.3,41.66,10.09,41.14,2.36,41.49
202609050906,2026-09-05,09,6R,daily,67.29,26.9,58.27,12.82,27.83,2.24,50.0,12.11,50.0,2.87,56.94,52.24,20.88,70.2,15.44,46.28,3.73,50.0,12.11,50.0,2.87,55.04,49.94,19.96,54.3,11.94,36.65,2.96,50.0,12.11,50.0,2.87,49.85,48.74,19.48,54.3,11.94,48.8,3.94,50.0,12.11,50.0,2.87,50.35,44.46,17.77,58.27,12.82,48.25,3.89,50.0,12.11,50.0,2.87,49.46,37.0,14.79,72.19,15.88,41.4,3.34,50.0,12.11,50.0,2.87,48.99
202609050906,2026-09-05,09,6R,realtime,67.29,26.9,58.27,12.82,27.83,2.24,65.6,15.89,41.28,2.37,60.22,52.24,20.88,70.2,15.44,46.28,3.73,55.23,13.38,63.61,3.65,57.08,49.94,19.96,54.3,11.94,36.65,2.96,47.5,11.51,39.41,2.26,48.63,48.74,19.48,54.3,11.94,48.8,3.94,38.42,9.31,60.81,3.49,48.16,44.46,17.77,58.27,12.82,48.25,3.89,43.74,10.6,52.12,2.99,48.07,37.0,14.79,72.19,15.88,41.4,3.34,49.56,12.01,42.84,2.46,48.47
202609050907,2026-09-05,09,7R,daily,67.29,26.9,58.27,12.82,63.84,5.15,50.0,12.11,50.0,2.87,59.85,52.24,20.88,80.14,17.63,44.56,3.59,50.0,12.11,50.0,2.87,57.08,49.94,19.96,58.27,12.82,44.06,3.55,50.0,12.11,50.0,2.87,51.32,48.74,19.48,80.14,17.63,56.45,4.55,50.0,12.11,50.0,2.87,56.65,44.46,17.77,56.28,12.38,46.7,3.77,50.0,12.11,50.0,2.87,48.9,37.0,14.79,70.2,15.44,59.36,4.79,50.0,12.11,50.0,2.87,50.0
202609050907,2026-09-05,09,7R,realtime,67.29,26.9,58.27,12.82,63.84,5.15,68.09,16.5,41.28,2.37,63.73,52.24,20.88,80.14,17.63,44.56,3.59,55.51,13.45,63.61,3.65,59.2,49.94,19.96,58.27,12.82,44.06,3.55,50.07,12.13,39.41,2.26,50.73,48.74,19.48,80.14,17.63,56.45,4.55,53.2,12.89,60.81,3.49,58.04,44.46,17.77,56.28,12.38,46.7,3.77,39.05,9.46,52.12,2.99,46.37,37.0,14.79,70.2,15.44,59.36,4.79,34.16,8.28,42.84,2.46,45.75
202609050908,2026-09-05,09,8R,daily,67.29,26.9,50.32,11.07,64.84,5.23,50.0,12.11,50.0,2.87,58.18,52.24,20.88,70.2,15.44,46.99,3.79,50.0,12.11,50.0,2.87,55.09,49.94,19.96,78.16,17.19,54.55,4.4,50.0,12.11,50.0,2.87,56.54,48.74,19.48,72.19,15.88,50.72,4.09,50.0,12.11,50.0,2.87,54.44,44.46,17.77,84.12,18.5,51.94,4.19,50.0,12.11,50.0,2.87,55.45,37.0,14.79,60.26,13.25,48.71,3.93,50.0,12.11,50.0,2.87,46.96
202609050908,2026-09-05,09,8R,realtime,67.29,26.9,50.32,11.07,64.84,5.23,71.45,17.31,41.28,2.37,62.87,52.24,20.88,70.2,15.44,46.99,3.79,48.76,11.81,63.61,3.65,55.57,49.94,19.96,78.16,17.19,54.55,4.4,23.79,5.76,39.41,2.26,49.58,48.74,19.48,72.19,15.88,50.72,4.09,47.77,11.57,60.81,3.49,54.52,44.46,17.77,84.12,18.5,51.94,4.19,55.64,13.48,52.12,2.99,56.93,37.0,14.79,60.26,13.25,48.71,3.93,52.66,12.76,42.84,2.46,47.19
202609050909,2026-09-05,09,9R,daily,67.29,26.9,86.11,18.94,53.38,4.31,50.0,12.11,50.0,2.87,65.12,52.24,20.88,90.09,19.81,38.93,3.14,50.0,12.11,50.0,2.87,58.82,49.94,19.96,68.21,15.0,54.31,4.38,50.0,12.11,50.0,2.87,54.33,48.74,19.48,58.27,12.82,43.62,3.52,50.0,12.11,50.0,2.87,50.8,44.46,17.77,78.16,17.19,60.08,4.85,50.0,12.11,50.0,2.87,54.79,37.0,14.79,58.27,12.82,47.36,3.82,50.0,12.11,50.0,2.87,46.41
202609050909,2026-09-05,09,9R,realtime,67.29,26.9,86.11,18.94,53.38,4.31,58.93,14.28,41.28,2.37,66.79,52.24,20.88,90.09,19.81,38.93,3.14,53.86,13.05,63.61,3.65,60.53,49.94,19.96,68.21,15.0,54.31,4.38,51.07,12.37,39.41,2.26,53.98,48.74,19.48,58.27,12.82,43.62,3.52,45.53,11.03,60.81,3.49,50.34,44.46,17.77,78.16,17.19,60.08,4.85,39.32,9.53,52.12,2.99,52.32,37.0,14.79,58.27,12.82,47.36,3.82,51.36,12.44,42.84,2.46,46.33
202609050910,2026-09-05,09,10R,daily,67.29,26.9,74.18,16.31,60.99,4.92,50.0,12.11,50.0,2.87,63.11,52.24,20.88,56.28,12.38,65.48,5.28,50.0,12.11,50.0,2.87,53.52,49.94,19.96,72.19,15.88,49.73,4.01,50.0,12.11,50.0,2.87,54.84,48.74,19.48,52.31,11.5,46.1,3.72,50.0,12.11,50.0,2.87,49.69,44.46,17.77,72.19,15.88,57.06,4.6,50.0,12.11,50.0,2.87,53.24,37.0,14.79,52.31,11.5,53.85,4.34,50.0,12.11,50.0,2.87,45.62
202609050910,2026-09-05,09,10R,realtime,67.29,26.9,74.18,16.31,60.99,4.92,58.92,14.27,41.28,2.37,64.77,52.24,20.88,56.28,12.38,65.48,5.28,51.66,12.52,63.61,3.65,54.71,49.94,19.96,72.19,15.88,49.73,4.01,42.02,10.18,39.41,2.26,52.3,48.74,19.48,52.31,11.5,46.1,3.72,56.3,13.64,60.81,3.49,51.84,44.46,17.77,72.19,15.88,57.06,4.6,48.33,11.71,52.12,2.99,52.95,37.0,14.79,52.31,11.5,53.85,4.34,42.86,10.38,42.84,2.46,43.48
202609050911,2026-09-05,09,11R,daily,67.29,26.9,76.17,16.75,59.24,4.78,50.0,12.11,50.0,2.87,63.41,52.24,20.88,64.24,14.13,54.59,4.4,50.0,12.11,50.0,2.87,54.4,49.94,19.96,78.16,17.19,57.51,4.64,50.0,12.11,50.0,2.87,56.78,48.74,19.48,50.32,11.07,44.68,3.6,50.0,12.11,50.0,2.87,49.14,44.46,17.77,60.26,13.25,55.3,4.46,50.0,12.11,50.0,2.87,50.47,37.0,14.79,54.3,11.94,36.65,2.96,50.0,12.11,50.0,2.87,44.67
202609050911,2026-09-05,09,11R,realtime,67.29,26.9,76.17,16.75,59.24,4.78,68.5,16.6,31.51,1.81,66.83,52.24,20.88,64.24,14.13,54.59,4.4,39.19,9.5,59.4,3.41,52.32,49.94,19.96,78.16,17.19,57.51,4.64,50.42,12.22,45.64,2.62,56.63,48.74,19.48,50.32,11.07,44.68,3.6,53.09,12.86,63.94,3.67,50.69,44.46,17.77,60.26,13.25,55.3,4.46,42.54,10.31,55.16,3.17,48.96,37.0,14.79,54.3,11.94,36.65,2.96,46.3,11.22,44.43,2.55,43.46
202609050912,2026-09-05,09,12R,daily,67.29,26.9,62.25,13.69,56.35,4.54,50.0,12.11,50.0,2.87,60.12,52.24,20.88,80.14,17.63,56.45,4.55,50.0,12.11,50.0,2.87,58.04,49.94,19.96,68.21,15.0,67.31,5.43,50.0,12.11,50.0,2.87,55.38,48.74,19.48,54.3,11.94,67.56,5.45,50.0,12.11,50.0,2.87,51.86,44.46,17.77,62.25,13.69,40.64,3.28,50.0,12.11,50.0,2.87,49.72,37.0,14.79,70.2,15.44,46.28,3.73,50.0,12.11,50.0,2.87,48.95
202609050912,2026-09-05,09,12R,realtime,67.29,26.9,62.25,13.69,56.35,4.54,61.92,15.0,31.51,1.81,61.94,52.24,20.88,80.14,17.63,56.45,4.55,63.41,15.36,59.4,3.41,61.83,49.94,19.96,68.21,15.0,67.31,5.43,26.65,6.46,45.64,2.62,49.47,48.74,19.48,54.3,11.94,67.56,5.45,59.67,14.46,63.94,3.67,55.0,44.46,17.77,62.25,13.69,40.64,3.28,46.47,11.26,55.16,3.17,49.16,37.0,14.79,70.2,15.44,46.28,3.73,41.95,10.16,44.43,2.55,46.68
202609051001,2026-09-05,10,1R,daily,66.67,25.75,76.86,22.11,51.79,4.51,50.0,8.44,50.0,3.5,64.32,52.63,20.32,47.48,13.66,41.28,3.6,50.0,8.44,50.0,3.5,49.53,52.81,20.4,42.13,12.12,50.85,4.43,50.0,8.44,50.0,3.5,48.9,47.3,18.27,47.48,13.66,52.45,4.57,50.0,8.44,50.0,3.5,48.44,43.92,16.96,44.8,12.89,47.93,4.18,50.0,8.44,50.0,3.5,45.98,36.48,14.09,44.8,12.89,58.89,5.13,50.0,8.44,50.0,3.5,44.06
202609051001,2026-09-05,10,1R,realtime,66.67,25.75,76.86,22.11,51.79,4.51,73.6,12.43,44.08,3.09,67.89,52.63,20.32,47.48,13.66,41.28,3.6,40.97,6.92,53.0,3.71,48.21,52.81,20.4,42.13,12.12,50.85,4.43,48.41,8.18,49.86,3.49,48.62,47.3,18.27,47.48,13.66,52.45,4.57,54.0,9.12,47.26,3.31,48.93,43.92,16.96,44.8,12.89,47.93,4.18,36.67,6.19,51.39,3.6,43.82,36.48,14.09,44.8,12.89,58.89,5.13,46.42,7.84,54.41,3.81,43.76
202609051002,2026-09-05,10,2R,daily,66.67,25.75,52.82,15.2,37.88,3.3,50.0,8.44,50.0,3.5,56.19,52.63,20.32,60.83,17.5,31.14,2.71,50.0,8.44,50.0,3.5,52.49,52.81,20.4,44.8,12.89,64.82,5.65,50.0,8.44,50.0,3.5,50.88,47.3,18.27,50.15,14.43,44.34,3.87,50.0,8.44,50.0,3.5,48.51,43.92,16.96,47.48,13.66,58.73,5.12,50.0,8.44,50.0,3.5,47.69,36.48,14.09,44.8,12.89,53.77,4.69,50.0,8.44,50.0,3.5,43.61
202609051002,2026-09-05,10,2R,realtime,66.67,25.75,52.82,15.2,37.88,3.3,54.37,9.18,39.34,2.75,56.18,52.63,20.32,60.83,17.5,31.14,2.71,58.7,9.91,55.88,3.91,54.37,52.81,20.4,44.8,12.89,64.82,5.65,52.18,8.81,51.48,3.6,51.35,47.3,18.27,50.15,14.43,44.34,3.87,59.67,10.08,43.21,3.03,49.66,43.92,16.96,47.48,13.66,58.73,5.12,38.22,6.45,51.71,3.62,45.82,36.48,14.09,44.8,12.89,53.77,4.69,36.93,6.24,58.38,4.09,41.99
202609051003,2026-09-05,10,3R,daily,66.67,25.75,52.82,15.2,34.89,3.04,50.0,8.44,50.0,3.5,55.93,52.63,20.32,47.48,13.66,46.52,4.05,50.0,8.44,50.0,3.5,49.98,52.81,20.4,74.19,21.34,58.85,5.13,50.0,8.44,50.0,3.5,58.82,47.3,18.27,44.8,12.89,53.5,4.66,50.0,8.44,50.0,3.5,47.77,43.92,16.96,47.48,13.66,20.22,1.76,50.0,8.44,50.0,3.5,44.33,36.48,14.09,42.13,12.12,46.18,4.03,50.0,8.44,50.0,3.5,42.18
202609051003,2026-09-05,10,3R,realtime,66.67,25.75,52.82,15.2,34.89,3.04,32.93,5.56,39.34,2.75,52.3,52.63,20.32,47.48,13.66,46.52,4.06,50.39,8.51,55.88,3.91,50.46,52.81,20.4,74.19,21.34,58.85,5.13,59.91,10.12,51.48,3.6,60.59,47.3,18.27,44.8,12.89,53.5,4.66,58.34,9.85,43.21,3.03,48.7,43.92,16.96,47.48,13.66,20.22,1.76,47.73,8.06,51.71,3.62,44.07,36.48,14.09,42.13,12.12,46.18,4.03,50.76,8.57,58.38,4.09,42.9
202609051004,2026-09-05,10,4R,daily,66.67,25.75,52.82,15.2,43.62,3.8,50.0,8.44,50.0,3.5,56.69,52.63,20.32,44.8,12.89,45.41,3.96,50.0,8.44,50.0,3.5,49.12,52.81,20.4,60.83,17.5,39.39,3.43,50.0,8.44,50.0,3.5,53.28,47.3,18.27,42.13,12.12,38.72,3.38,50.0,8.44,50.0,3.5,45.71,43.92,16.96,50.15,14.43,33.46,2.92,50.0,8.44,50.0,3.5,46.25,36.48,14.09,44.8,12.89,47.83,4.17,50.0,8.44,50.0,3.5,43.1
202609051004,2026-09-05,10,4R,realtime,66.67,25.75,52.82,15.2,43.62,3.8,52.71,8.9,36.97,2.59,56.24,52.63,20.32,44.8,12.89,45.41,3.96,59.01,9.97,57.31,4.01,51.15,52.81,20.4,60.83,17.5,39.39,3.43,43.67,7.37,52.29,3.66,52.37,47.3,18.27,42.13,12.12,38.72,3.38,32.92,5.56,41.18,2.88,42.21,43.92,16.96,50.15,14.43,33.46,2.92,65.73,11.1,51.87,3.63,49.04,36.48,14.09,44.8,12.89,47.83,4.17,46.04,7.78,60.36,4.23,43.15
202609051005,2026-09-05,10,5R,daily,66.67,25.75,42.13,12.12,33.65,2.93,50.0,8.44,50.0,3.5,52.75,52.63,20.32,50.15,14.43,54.03,4.71,50.0,8.44,50.0,3.5,51.41,52.81,20.4,44.8,12.89,52.25,4.55,50.0,8.44,50.0,3.5,49.79,47.3,18.27,71.52,20.58,43.55,3.8,50.0,8.44,50.0,3.5,54.58,43.92,16.96,42.13,12.12,28.28,2.46,50.0,8.44,50.0,3.5,43.5,36.48,14.09,52.82,15.2,49.63,4.33,50.0,8.44,50.0,3.5,45.56
202609051005,2026-09-05,10,5R,realtime,66.67,25.75,42.13,12.12,33.65,2.93,58.12,9.82,32.23,2.26,52.88,52.63,20.32,50.15,14.43,54.03,4.71,41.64,7.03,60.19,4.21,50.71,52.81,20.4,44.8,12.89,52.25,4.55,31.97,5.4,53.91,3.77,47.02,47.3,18.27,71.52,20.58,43.55,3.8,58.52,9.88,37.13,2.6,55.12,43.92,16.96,42.13,12.12,28.28,2.47,43.79,7.4,52.2,3.65,42.6,36.48,14.09,52.82,15.2,49.63,4.33,66.03,11.15,64.34,4.5,49.27
202609051006,2026-09-05,10,6R,daily,66.67,25.75,44.8,12.89,54.33,4.74,50.0,8.44,50.0,3.5,55.32,52.63,20.32,44.8,12.89,58.89,5.13,50.0,8.44,50.0,3.5,50.3,52.81,20.4,47.48,13.66,54.47,4.75,50.0,8.44,50.0,3.5,50.75,47.3,18.27,68.84,19.81,33.77,2.94,50.0,8.44,50.0,3.5,52.96,43.92,16.96,44.8,12.89,64.82,5.65,50.0,8.44,50.0,3.5,47.45,36.48,14.09,47.48,13.66,42.64,3.72,50.0,8.44,50.0,3.5,43.41
202609051006,2026-09-05,10,6R,realtime,66.67,25.75,44.8,12.89,54.33,4.74,56.29,9.51,29.86,2.09,54.97,52.63,20.32,44.8,12.89,58.89,5.13,35.1,5.93,61.63,4.32,48.59,52.81,20.4,47.48,13.66,54.47,4.75,56.49,9.54,54.72,3.83,52.18,47.3,18.27,68.84,19.81,33.77,2.94,43.62,7.37,35.1,2.46,50.84,43.92,16.96,44.8,12.89,64.82,5.65,43.94,7.42,52.36,3.67,46.59,36.48,14.09,47.48,13.66,42.64,3.72,64.64,10.92,66.32,4.64,47.03
202609051007,2026-09-05,10,7R,daily,66.67,25.75,44.8,12.89,45.85,4.0,50.0,8.44,50.0,3.5,54.58,52.63,20.32,47.48,13.66,42.82,3.73,50.0,8.44,50.0,3.5,49.66,52.81,20.4,44.8,12.89,53.77,4.69,50.0,8.44,50.0,3.5,49.92,47.3,18.27,47.48,13.66,57.37,5.0,50.0,8.44,50.0,3.5,48.87,43.92,16.96,47.48,13.66,41.28,3.6,50.0,8.44,50.0,3.5,46.17,36.48,14.09,39.46,11.35,39.73,3.46,50.0,8.44,50.0,3.5,40.85
202609051007,2026-09-05,10,7R,realtime,66.67,25.75,44.8,12.89,45.85,4.0,47.51,8.02,34.6,2.42,53.08,52.63,20.32,47.48,13.66,42.82,3.73,61.76,10.43,58.75,4.11,52.26,52.81,20.4,44.8,12.89,53.77,4.69,42.22,7.13,53.1,3.72,48.82,47.3,18.27,47.48,13.66,57.37,5.0,63.28,10.69,39.16,2.74,50.36,43.92,16.96,47.48,13.66,41.28,3.6,52.16,8.81,52.04,3.64,46.67,36.48,14.09,39.46,11.35,39.73,3.46,33.15,5.6,62.35,4.37,38.87
202609051008,2026-09-05,10,8R,daily,66.67,25.75,44.8,12.89,45.41,3.96,50.0,8.44,50.0,3.5,54.54,52.63,20.32,44.8,12.89,47.93,4.18,50.0,8.44,50.0,3.5,49.34,52.81,20.4,44.8,12.89,65.2,5.68,50.0,8.44,50.0,3.5,50.92,47.3,18.27,50.15,14.43,65.51,5.71,50.0,8.44,50.0,3.5,50.35,43.92,16.96,44.8,12.89,53.5,4.66,50.0,8.44,50.0,3.5,46.46,36.48,14.09,87.54,25.19,53.98,4.71,50.0,8.44,50.0,3.5,55.93
202609051008,2026-09-05,10,8R,realtime,66.67,25.75,44.8,12.89,45.41,3.96,69.5,11.74,34.6,2.42,56.76,52.63,20.32,44.8,12.89,47.93,4.18,41.26,6.97,58.75,4.11,48.48,52.81,20.4,44.8,12.89,65.2,5.68,39.58,6.68,53.1,3.72,49.37,47.3,18.27,50.15,14.43,65.51,5.71,56.96,9.62,39.16,2.74,50.77,43.92,16.96,44.8,12.89,53.5,4.66,43.46,7.34,52.04,3.64,45.5,36.48,14.09,87.54,25.19,53.98,4.71,49.32,8.33,62.35,4.37,56.68
202609051009,2026-09-05,10,9R,daily,66.67,25.75,42.13,12.12,37.97,3.31,50.0,8.44,50.0,3.5,53.13,52.63,20.32,52.82,15.2,37.88,3.3,50.0,8.44,50.0,3.5,50.77,52.81,20.4,50.15,14.43,54.03,4.71,50.0,8.44,50.0,3.5,51.48,47.3,18.27,44.8,12.89,50.83,4.43,50.0,8.44,50.0,3.5,47.53,43.92,16.96,60.83,17.5,39.39,3.43,50.0,8.44,50.0,3.5,49.85,36.48,14.09,26.11,7.51,37.96,3.31,50.0,8.44,50.0,3.5,36.86
202609051009,2026-09-05,10,9R,realtime,66.67,25.75,42.13,12.12,37.97,3.31,55.73,9.41,32.23,2.26,52.85,52.63,20.32,52.82,15.2,37.88,3.3,21.01,3.55,60.19,4.21,46.59,52.81,20.4,50.15,14.43,54.03,4.71,57.32,9.68,53.91,3.77,52.99,47.3,18.27,44.8,12.89,50.83,4.43,53.38,9.02,37.13,2.6,47.2,43.92,16.96,60.83,17.5,39.39,3.43,57.69,9.74,52.2,3.65,51.3,36.48,14.09,26.11,7.51,37.96,3.31,54.96,9.28,64.34,4.5,38.7
202609051010,2026-09-05,10,10R,daily,66.67,25.75,50.15,14.43,44.34,3.87,50.0,8.44,50.0,3.5,55.99,52.63,20.32,71.52,20.58,43.55,3.8,50.0,8.44,50.0,3.5,56.64,52.81,20.4,44.8,12.89,54.33,4.74,50.0,8.44,50.0,3.5,49.97,47.3,18.27,47.48,13.66,46.52,4.05,50.0,8.44,50.0,3.5,47.93,43.92,16.96,52.82,15.2,43.62,3.8,50.0,8.44,50.0,3.5,47.91,36.48,14.09,47.48,13.66,48.97,4.27,50.0,8.44,50.0,3.5,43.96
202609051010,2026-09-05,10,10R,realtime,66.67,25.75,50.15,14.43,44.34,3.87,44.73,7.55,26.31,1.84,53.44,52.63,20.32,71.52,20.58,43.55,3.8,37.27,6.3,63.19,4.42,55.42,52.81,20.4,44.8,12.89,54.33,4.74,60.77,10.26,53.77,3.76,52.05,47.3,18.27,47.48,13.66,46.52,4.06,45.63,7.71,34.39,2.41,46.1,43.92,16.96,52.82,15.2,43.62,3.8,64.51,10.9,53.59,3.75,50.61,36.48,14.09,47.48,13.66,48.97,4.27,47.16,7.96,68.74,4.81,44.8
202609051011,2026-09-05,10,11R,daily,66.67,25.75,42.13,12.12,38.72,3.38,50.0,8.44,50.0,3.5,53.19,52.63,20.32,47.48,13.66,42.64,3.72,50.0,8.44,50.0,3.5,49.65,52.81,20.4,60.83,17.5,31.14,2.71,50.0,8.44,50.0,3.5,52.56,47.3,18.27,76.86,22.11,51.79,4.51,50.0,8.44,50.0,3.5,56.84,43.92,16.96,52.82,15.2,34.89,3.04,50.0,8.44,50.0,3.5,47.15,36.48,14.09,44.8,12.89,52.25,4.55,50.0,8.44,50.0,3.5,43.48
202609051011,2026-09-05,10,11R,realtime,66.67,25.75,42.13,12.12,38.72,3.38,51.5,8.7,35.79,2.51,52.45,52.63,20.32,47.48,13.66,42.64,3.72,59.44,10.04,57.44,4.02,51.76,52.81,20.4,60.83,17.5,31.14,2.71,55.59,9.39,50.53,3.54,53.54,47.3,18.27,76.86,22.11,51.79,4.51,59.86,10.11,42.5,2.98,57.98,43.92,16.96,52.82,15.2,34.89,3.04,51.14,8.64,52.94,3.71,47.55,36.48,14.09,44.8,12.89,52.25,4.55,22.55,3.81,60.8,4.26,39.6
202609051012,2026-09-05,10,12R,daily,66.67,25.75,74.19,21.34,58.85,5.13,50.0,8.44,50.0,3.5,64.17,52.63,20.32,47.48,13.66,58.73,5.12,50.0,8.44,50.0,3.5,51.05,52.81,20.4,44.8,12.89,47.83,4.17,50.0,8.44,50.0,3.5,49.4,47.3,18.27,52.82,15.2,49.63,4.33,50.0,8.44,50.0,3.5,49.74,43.92,16.96,47.48,13.66,42.82,3.73,50.0,8.44,50.0,3.5,46.3,36.48,14.09,44.8,12.89,65.2,5.68,50.0,8.44,50.0,3.5,44.61
202609051012,2026-09-05,10,12R,realtime,66.67,25.75,74.19,21.34,58.85,5.13,62.38,10.53,33.42,2.34,65.1,52.63,20.32,47.48,13.66,58.73,5.12,40.93,6.91,58.88,4.12,50.14,52.81,20.4,44.8,12.89,47.83,4.17,53.04,8.96,51.34,3.59,50.01,47.3,18.27,52.82,15.2,49.63,4.33,54.2,9.15,40.47,2.83,49.78,43.92,16.96,47.48,13.66,42.82,3.73,52.66,8.89,53.1,3.72,46.97,36.48,14.09,44.8,12.89,65.2,5.68,36.87,6.23,62.79,4.4,43.29
202609051101,2026-09-05,11,1R,daily,68.13,28.67,44.08,9.59,47.28,4.66,50.0,9.74,50.0,3.42,56.08,51.22,21.56,42.1,9.16,54.9,5.41,50.0,9.74,50.0,3.42,49.28,51.69,21.75,46.07,10.02,41.24,4.06,50.0,9.74,50.0,3.42,48.99,48.72,20.5,34.16,7.43,34.0,3.35,50.0,9.74,50.0,3.42,44.44,43.15,18.16,38.13,8.3,54.24,5.35,50.0,9.74,50.0,3.42,44.95,37.34,15.72,34.16,7.43,38.13,3.76,50.0,9.74,50.0,3.42,40.06
202609051101,2026-09-05,11,1R,realtime,68.13,28.67,44.08,9.59,47.28,4.66,51.34,10.0,48.16,3.29,56.21,51.22,21.56,42.1,9.16,54.9,5.41,64.93,12.64,45.23,3.09,51.86,51.69,21.75,46.07,10.02,41.24,4.06,66.66,12.98,64.06,4.38,53.2,48.72,20.5,34.16,7.43,34.0,3.35,24.64,4.8,41.35,2.83,38.91,43.15,18.16,38.13,8.3,54.24,5.34,39.66,7.72,48.97,3.35,42.87,37.34,15.72,34.16,7.43,38.13,3.76,52.78,10.28,52.1,3.56,40.74
202609051102,2026-09-05,11,2R,daily,68.13,28.67,42.1,9.16,61.47,6.06,50.0,9.74,50.0,3.42,57.04,51.22,21.56,50.03,10.89,41.34,4.07,50.0,9.74,50.0,3.42,49.67,51.69,21.75,44.08,9.59,51.2,5.05,50.0,9.74,50.0,3.42,49.54,48.72,20.5,55.99,12.18,64.68,6.37,50.0,9.74,50.0,3.42,52.21,43.15,18.16,40.11,8.73,52.57,5.18,50.0,9.74,50.0,3.42,45.22,37.34,15.72,46.07,10.02,62.82,6.19,50.0,9.74,50.0,3.42,45.08
202609051102,2026-09-05,11,2R,realtime,68.13,28.67,42.1,9.16,61.47,6.06,43.52,8.47,47.8,3.27,55.63,51.22,21.56,50.03,10.89,41.34,4.07,54.75,10.66,44.74,3.06,50.23,51.69,21.75,44.08,9.59,51.2,5.05,36.68,7.14,67.39,4.6,48.14,48.72,20.5,55.99,12.18,64.68,6.37,60.29,11.74,41.41,2.83,53.63,43.15,18.16,40.11,8.73,52.57,5.18,62.34,12.14,48.38,3.31,47.51,37.34,15.72,46.07,10.02,62.82,6.19,42.4,8.26,50.14,3.43,43.61
202609051103,2026-09-05,11,3R,daily,68.13,28.67,40.11,8.73,48.82,4.81,50.0,9.74,50.0,3.42,55.36,51.22,21.56,46.07,10.02,48.21,4.75,50.0,9.74,50.0,3.42,49.48,51.69,21.75,40.11,8.73,37.28,3.67,50.0,9.74,50.0,3.42,47.31,48.72,20.5,48.05,10.45,52.85,5.21,50.0,9.74,50.0,3.42,49.32,43.15,18.16,40.11,8.73,41.22,4.06,50.0,9.74,50.0,3.42,44.1,37.34,15.72,50.03,10.89,56.35,5.55,50.0,9.74,50.0,3.42,45.31
202609051103,2026-09-05,11,3R,realtime,68.13,28.67,40.11,8.73,48.82,4.81,41.64,8.11,48.16,3.29,53.61,51.22,21.56,46.07,10.02,48.21,4.75,55.48,10.8,45.23,3.09,50.22,51.69,21.75,40.11,8.73,37.28,3.67,61.18,11.91,64.06,4.38,50.44,48.72,20.5,48.05,10.45,52.85,5.21,46.75,9.1,41.35,2.83,48.09,43.15,18.16,40.11,8.73,41.22,4.06,39.76,7.74,48.97,3.35,42.04,37.34,15.72,50.03,10.89,56.35,5.55,55.2,10.75,52.1,3.56,46.46
202609051104,2026-09-05,11,4R,daily,68.13,28.67,40.11,8.73,31.73,3.13,50.0,9.74,50.0,3.42,53.68,51.22,21.56,46.07,10.02,36.22,3.57,50.0,9.74,50.0,3.42,48.3,51.69,21.75,42.1,9.16,46.69,4.6,50.0,9.74,50.0,3.42,48.67,48.72,20.5,52.02,11.32,45.96,4.53,50.0,9.74,50.0,3.42,49.5,43.15,18.16,52.02,11.32,53.97,5.32,50.0,9.74,50.0,3.42,47.95,37.34,15.72,38.13,8.3,44.43,4.38,50.0,9.74,50.0,3.42,41.54
202609051104,2026-09-05,11,4R,realtime,68.13,28.67,40.11,8.73,31.73,3.13,58.28,11.35,49.13,3.36,55.23,51.22,21.56,46.07,10.02,36.22,3.57,54.56,10.62,48.07,3.28,49.05,51.69,21.75,42.1,9.16,46.69,4.6,50.12,9.76,56.9,3.89,49.16,48.72,20.5,52.02,11.32,45.96,4.53,50.7,9.87,47.14,3.22,49.44,43.15,18.16,52.02,11.32,53.97,5.32,36.61,7.13,49.25,3.37,45.29,37.34,15.72,38.13,8.3,44.43,4.38,49.76,9.69,49.38,3.37,41.45
202609051105,2026-09-05,11,5R,daily,68.13,28.67,44.08,9.59,45.96,4.53,50.0,9.74,50.0,3.42,55.94,51.22,21.56,38.13,8.3,54.24,5.35,50.0,9.74,50.0,3.42,48.35,51.69,21.75,46.07,10.02,47.5,4.68,50.0,9.74,50.0,3.42,49.61,48.72,20.5,52.02,11.32,48.8,4.81,50.0,9.74,50.0,3.42,49.78,43.15,18.16,40.11,8.73,58.93,5.81,50.0,9.74,50.0,3.42,45.85,37.34,15.72,50.03,10.89,52.21,5.14,50.0,9.74,50.0,3.42,44.9
202609051105,2026-09-05,11,5R,realtime,68.13,28.67,44.08,9.59,45.96,4.53,81.76,15.92,48.29,3.3,62.01,51.22,21.56,38.13,8.3,54.24,5.34,49.77,9.69,46.16,3.15,48.04,51.69,21.75,46.07,10.02,47.5,4.68,45.9,8.94,63.81,4.36,49.75,48.72,20.5,52.02,11.32,48.8,4.81,37.38,7.28,44.31,3.03,46.94,43.15,18.16,40.11,8.73,58.93,5.81,44.25,8.62,48.52,3.32,44.62,37.34,15.72,50.03,10.89,52.21,5.14,40.94,7.97,48.78,3.33,43.05
202609051106,2026-09-05,11,6R,daily,68.13,28.67,48.05,10.45,55.36,5.45,50.0,9.74,50.0,3.42,57.73,51.22,21.56,50.03,10.89,56.57,5.57,50.0,9.74,50.0,3.42,51.17,51.69,21.75,52.02,11.32,51.01,5.03,50.0,9.74,50.0,3.42,51.25,48.72,20.5,40.11,8.73,54.32,5.35,50.0,9.74,50.0,3.42,47.74,43.15,18.16,42.1,9.16,54.9,5.41,50.0,9.74,50.0,3.42,45.88,37.34,15.72,44.08,9.59,59.0,5.81,50.0,9.74,50.0,3.42,44.27
202609051106,2026-09-05,11,6R,realtime,68.13,28.67,48.05,10.45,55.36,5.45,49.44,9.63,48.65,3.32,57.53,51.22,21.56,50.03,10.89,56.57,5.57,53.58,10.43,46.65,3.19,51.64,51.69,21.75,52.02,11.32,51.01,5.03,63.89,12.44,60.48,4.13,54.67,48.72,20.5,40.11,8.73,54.32,5.35,35.4,6.89,44.25,3.02,44.5,43.15,18.16,42.1,9.16,54.9,5.41,47.43,9.24,49.11,3.36,45.32,37.34,15.72,44.08,9.59,59.0,5.81,50.24,9.78,50.74,3.47,44.37
202609051107,2026-09-05,11,7R,daily,68.13,28.67,46.07,10.02,48.4,4.77,50.0,9.74,50.0,3.42,56.62,51.22,21.56,40.11,8.73,41.22,4.06,50.0,9.74,50.0,3.42,47.5,51.69,21.75,42.1,9.16,61.47,6.06,50.0,9.74,50.0,3.42,50.12,48.72,20.5,50.03,10.89,52.99,5.22,50.0,9.74,50.0,3.42,49.76,43.15,18.16,34.16,7.43,38.13,3.76,50.0,9.74,50.0,3.42,42.5,37.34,15.72,46.07,10.02,62.82,6.19,50.0,9.74,50.0,3.42,45.08
202609051107,2026-09-05,11,7R,realtime,68.13,28.67,46.07,10.02,48.4,4.77,64.59,12.58,49.13,3.36,59.4,51.22,21.56,40.11,8.73,41.22,4.06,39.69,7.73,48.07,3.28,45.36,51.69,21.75,42.1,9.16,61.47,6.06,36.68,7.14,56.9,3.89,48.0,48.72,20.5,50.03,10.89,52.99,5.22,44.18,8.6,47.14,3.22,48.43,37.34,15.72,34.16,7.43,38.13,3.76,63.61,12.39,49.38,3.37,42.67,43.15,18.16,46.07,10.02,62.82,6.19,51.25,9.98,49.25,3.37,47.72
202609051108,2026-09-05,11,8R,daily,68.13,28.67,40.11,8.73,52.57,5.18,50.0,9.74,50.0,3.42,55.73,51.22,21.56,50.03,10.89,61.6,6.07,50.0,9.74,50.0,3.42,51.66,51.69,21.75,44.08,9.59,51.4,5.06,50.0,9.74,50.0,3.42,49.56,48.72,20.5,46.07,10.02,36.22,3.57,50.0,9.74,50.0,3.42,47.25,43.15,18.16,34.16,7.43,34.0,3.35,50.0,9.74,50.0,3.42,42.09,37.34,15.72,46.07,10.02,57.84,5.7,50.0,9.74,50.0,3.42,44.59
202609051108,2026-09-05,11,8R,realtime,68.13,28.67,40.11,8.73,52.57,5.18,64.71,12.6,49.62,3.39,58.57,51.22,21.56,50.03,10.89,61.6,6.07,47.22,9.19,49.49,3.38,51.09,51.69,21.75,44.08,9.59,51.4,5.06,49.04,9.55,53.31,3.64,49.6,48.72,20.5,46.07,10.02,36.22,3.57,43.92,8.55,50.04,3.42,46.07,43.15,18.16,34.16,7.43,34.0,3.35,49.81,9.7,49.38,3.37,42.01,37.34,15.72,46.07,10.02,57.84,5.7,45.29,8.82,48.02,3.28,43.54
202609051109,2026-09-05,11,9R,daily,68.13,28.67,48.05,10.45,39.4,3.88,50.0,9.74,50.0,3.42,56.16,51.22,21.56,55.99,12.18,64.68,6.37,50.0,9.74,50.0,3.42,53.26,51.69,21.75,44.08,9.59,55.82,5.5,50.0,9.74,50.0,3.42,50.0,48.72,20.5,40.11,8.73,48.82,4.81,50.0,9.74,50.0,3.42,47.19,43.15,18.16,46.07,10.02,41.24,4.06,50.0,9.74,50.0,3.42,45.4,37.34,15.72,34.16,7.43,54.98,5.42,50.0,9.74,50.0,3.42,41.72
202609051109,2026-09-05,11,9R,realtime,68.13,28.67,48.05,10.45,39.4,3.88,56.54,11.01,49.13,3.36,57.38,51.22,21.56,55.99,12.18,64.68,6.37,46.31,9.02,48.07,3.28,52.41,51.69,21.75,44.08,9.59,55.82,5.5,39.29,7.65,56.9,3.89,48.38,48.72,20.5,40.11,8.73,48.82,4.81,56.17,10.94,47.14,3.22,48.2,43.15,18.16,46.07,10.02,41.24,4.06,61.53,11.98,49.25,3.37,47.59,37.34,15.72,34.16,7.43,54.98,5.42,40.14,7.82,49.38,3.37,39.76
202609051110,2026-09-05,11,10R,daily,68.13,28.67,48.05,10.45,47.64,4.69,50.0,9.74,50.0,3.42,56.97,51.22,21.56,42.1,9.16,45.81,4.51,50.0,9.74,50.0,3.42,48.38,51.69,21.75,50.03,10.89,56.35,5.55,50.0,9.74,50.0,3.42,51.34,48.72,20.5,42.1,9.16,46.69,4.6,50.0,9.74,50.0,3.42,47.42,43.15,18.16,44.08,9.59,47.28,4.66,50.0,9.74,50.0,3.42,45.56,37.34,15.72,44.08,9.59,52.26,5.15,50.0,9.74,50.0,3.42,43.61
202609051110,2026-09-05,11,10R,realtime,68.13,28.67,48.05,10.45,47.64,4.69,53.46,10.41,48.78,3.33,57.56,51.22,21.56,42.1,9.16,45.81,4.51,43.01,8.38,47.58,3.25,46.86,51.69,21.75,50.03,10.89,56.35,5.55,66.46,12.94,60.23,4.12,55.25,48.72,20.5,42.1,9.16,46.69,4.6,41.53,8.09,47.2,3.23,45.58,43.15,18.16,44.08,9.59,47.28,4.66,35.31,6.88,48.66,3.32,42.61,37.34,15.72,44.08,9.59,52.26,5.15,60.22,11.73,47.42,3.24,45.42
202609051111,2026-09-05,11,11R,daily,68.13,28.67,52.02,11.32,53.97,5.32,50.0,9.74,50.0,3.42,58.46,51.22,21.56,48.05,10.45,52.85,5.21,50.0,9.74,50.0,3.42,50.37,51.69,21.75,50.03,10.89,52.99,5.22,50.0,9.74,50.0,3.42,51.01,48.72,20.5,50.03,10.89,56.57,5.57,50.0,9.74,50.0,3.42,50.12,43.15,18.16,44.08,9.59,45.96,4.53,50.0,9.74,50.0,3.42,45.43,37.34,15.72,50.03,10.89,41.34,4.07,50.0,9.74,50.0,3.42,43.83
202609051111,2026-09-05,11,11R,realtime,68.13,28.67,52.02,11.32,53.97,5.32,63.18,12.3,48.78,3.33,60.94,51.22,21.56,48.05,10.45,52.85,5.21,46.02,8.96,47.58,3.25,49.43,51.69,21.75,50.03,10.89,52.99,5.22,43.12,8.4,60.23,4.12,50.37,48.72,20.5,50.03,10.89,56.57,5.57,44.45,8.66,47.2,3.23,48.85,43.15,18.16,44.08,9.59,45.96,4.53,55.74,10.85,48.66,3.32,46.46,37.34,15.72,50.03,10.89,41.34,4.07,47.48,9.25,47.42,3.24,43.16
202609051112,2026-09-05,11,12R,daily,68.13,28.67,52.02,11.32,48.8,4.81,50.0,9.74,50.0,3.42,57.95,51.22,21.56,52.02,11.32,45.96,4.53,50.0,9.74,50.0,3.42,50.55,51.69,21.75,44.08,9.59,59.0,5.81,50.0,9.74,50.0,3.42,50.31,48.72,20.5,46.07,10.02,48.4,4.77,50.0,9.74,50.0,3.42,48.45,43.15,18.16,46.07,10.02,48.21,4.75,50.0,9.74,50.0,3.42,46.09,37.34,15.72,44.08,9.59,51.2,5.05,50.0,9.74,50.0,3.42,43.5
202609051112,2026-09-05,11,12R,realtime,68.13,28.67,52.02,11.32,48.8,4.81,45.15,8.79,48.78,3.33,56.92,51.22,21.56,52.02,11.32,45.96,4.53,58.1,11.31,47.58,3.25,51.97,51.69,21.75,44.08,9.59,59.0,5.81,55.65,10.84,60.23,4.12,52.11,48.72,20.5,46.07,10.02,48.4,4.77,42.63,8.3,47.2,3.23,46.82,43.15,18.16,46.07,10.02,48.21,4.75,40.84,7.95,48.66,3.32,44.21,37.34,15.72,44.08,9.59,51.2,5.05,57.65,11.23,47.42,3.24,44.82
202609051201,2026-09-05,12,1R,daily,67.51,28.3,45.69,9.98,62.0,6.99,50.0,9.62,50.0,2.85,57.75,53.82,22.57,47.39,10.35,54.4,6.13,50.0,9.62,50.0,2.85,51.53,50.27,21.08,43.99,9.61,55.32,6.23,50.0,9.62,50.0,2.85,49.4,48.53,20.35,45.69,9.98,52.89,5.96,50.0,9.62,50.0,2.85,48.77,42.56,17.84,42.29,9.24,45.93,5.18,50.0,9.62,50.0,2.85,44.74,36.8,15.43,38.89,8.5,44.11,4.97,50.0,9.62,50.0,2.85,41.37
202609051201,2026-09-05,12,1R,realtime,67.51,28.3,45.69,9.98,62.0,6.99,63.64,12.25,32.4,1.85,59.37,53.82,22.57,47.39,10.35,54.4,6.13,61.2,11.78,63.64,3.63,54.46,50.27,21.08,43.99,9.61,55.32,6.23,46.69,8.98,59.31,3.39,49.29,48.53,20.35,45.69,9.98,52.89,5.96,33.41,6.43,47.15,2.69,45.41,42.56,17.84,42.29,9.24,45.93,5.18,49.06,9.44,47.64,2.72,44.42,36.8,15.43,38.89,8.5,44.11,4.97,45.97,8.85,49.81,2.84,40.59
202609051202,2026-09-05,12,2R,daily,67.51,28.3,49.09,10.73,40.19,4.53,50.0,9.62,50.0,2.85,56.04,53.82,22.57,42.29,9.24,51.42,5.79,50.0,9.62,50.0,2.85,50.08,50.27,21.08,47.39,10.35,54.08,6.1,50.0,9.62,50.0,2.85,50.0,48.53,20.35,43.99,9.61,52.68,5.94,50.0,9.62,50.0,2.85,48.37,42.56,17.84,32.09,7.01,43.53,4.91,50.0,9.62,50.0,2.85,42.24,36.8,15.43,35.49,7.75,54.77,6.17,50.0,9.62,50.0,2.85,41.83
202609051202,2026-09-05,12,2R,realtime,67.51,28.3,49.09,10.73,40.19,4.53,64.12,12.34,34.65,1.98,57.88,53.82,22.57,42.29,9.24,51.42,5.79,62.2,11.97,62.87,3.59,53.16,50.27,21.08,47.39,10.35,54.08,6.09,41.96,8.08,58.43,3.34,48.94,48.53,20.35,43.99,9.61,52.68,5.94,39.91,7.68,48.64,2.78,46.35,42.56,17.84,32.09,7.01,43.53,4.91,46.75,9.0,45.73,2.61,41.37,36.8,15.43,35.49,7.75,54.77,6.17,45.03,8.66,49.64,2.83,40.85
202609051203,2026-09-05,12,3R,daily,67.51,28.3,49.09,10.73,58.19,6.56,50.0,9.62,50.0,2.85,58.06,53.82,22.57,59.3,12.96,50.5,5.69,50.0,9.62,50.0,2.85,53.69,50.27,21.08,40.59,8.87,46.87,5.28,50.0,9.62,50.0,2.85,47.71,48.53,20.35,43.99,9.61,39.97,4.5,50.0,9.62,50.0,2.85,46.94,42.56,17.84,49.09,10.73,40.91,4.61,50.0,9.62,50.0,2.85,45.66,36.8,15.43,40.59,8.87,55.11,6.21,50.0,9.62,50.0,2.85,42.98
202609051203,2026-09-05,12,3R,realtime,67.51,28.3,49.09,10.73,58.19,6.56,55.47,10.68,29.84,1.7,57.97,53.82,22.57,59.3,12.96,50.5,5.69,66.0,12.7,64.64,3.69,57.61,50.27,21.08,40.59,8.87,46.87,5.28,37.65,7.25,59.04,3.37,45.84,48.53,20.35,43.99,9.61,39.97,4.5,58.52,11.26,49.04,2.8,48.52,42.56,17.84,49.09,10.73,40.91,4.61,41.06,7.9,47.68,2.72,43.8,36.8,15.43,40.59,8.87,55.11,6.21,41.26,7.94,49.73,2.84,41.29
202609051204,2026-09-05,12,4R,daily,67.51,28.3,49.09,10.73,33.98,3.83,50.0,9.62,50.0,2.85,55.34,53.82,22.57,47.39,10.35,57.49,6.48,50.0,9.62,50.0,2.85,51.88,50.27,21.08,45.69,9.98,46.57,5.25,50.0,9.62,50.0,2.85,48.79,48.53,20.35,38.89,8.5,49.35,5.56,50.0,9.62,50.0,2.85,46.88,42.56,17.84,40.59,8.87,55.66,6.27,50.0,9.62,50.0,2.85,45.46,36.8,15.43,55.9,12.21,56.9,6.41,50.0,9.62,50.0,2.85,46.53
202609051204,2026-09-05,12,4R,realtime,67.51,28.3,49.09,10.73,33.98,3.83,60.85,11.71,27.43,1.57,56.14,53.82,22.57,47.39,10.35,57.49,6.48,56.93,10.96,65.52,3.74,54.1,50.27,21.08,45.69,9.98,46.57,5.25,52.74,10.15,59.34,3.39,49.85,48.53,20.35,38.89,8.5,49.35,5.56,29.82,5.74,49.23,2.81,42.95,42.56,17.84,40.59,8.87,55.66,6.27,39.56,7.61,48.66,2.78,43.38,36.8,15.43,55.9,12.21,56.9,6.41,60.07,11.56,49.78,2.84,48.45
202609051205,2026-09-05,12,5R,daily,67.51,28.3,43.99,9.61,43.24,4.87,50.0,9.62,50.0,2.85,55.27,53.82,22.57,40.59,8.87,62.57,7.05,50.0,9.62,50.0,2.85,50.96,50.27,21.08,42.29,9.24,48.34,5.45,50.0,9.62,50.0,2.85,48.24,48.53,20.35,47.39,10.35,50.83,5.73,50.0,9.62,50.0,2.85,48.91,42.56,17.84,43.99,9.61,55.84,6.29,50.0,9.62,50.0,2.85,46.23,36.8,15.43,57.6,12.58,42.9,4.83,50.0,9.62,50.0,2.85,45.32
202609051206,2026-09-05,12,6R,daily,67.51,28.3,47.39,10.35,54.19,6.11,50.0,9.62,50.0,2.85,57.24,53.82,22.57,43.99,9.61,45.88,5.17,50.0,9.62,50.0,2.85,49.83,50.27,21.08,42.29,9.24,58.27,6.57,50.0,9.62,50.0,2.85,49.36,48.53,20.35,32.09,7.01,43.53,4.91,50.0,9.62,50.0,2.85,44.74,42.56,17.84,43.99,9.61,51.16,5.77,50.0,9.62,50.0,2.85,45.7,36.8,15.43,50.79,11.1,45.85,5.17,50.0,9.62,50.0,2.85,44.17
202609051206,2026-09-05,12,6R,realtime,67.51,28.3,47.39,10.35,54.19,6.11,54.78,10.54,37.21,2.12,57.43,53.82,22.57,43.99,9.61,45.88,5.17,57.09,10.99,61.87,3.53,51.87,50.27,21.08,42.29,9.24,58.27,6.57,42.1,8.1,58.71,3.35,48.34,48.53,20.35,32.09,7.01,43.53,4.91,49.39,9.5,46.76,2.67,44.44,42.56,17.84,43.99,9.61,51.16,5.77,40.7,7.83,45.69,2.61,43.66,36.8,15.43,50.79,11.1,45.85,5.17,55.89,10.76,49.72,2.84,45.29
202609051207,2026-09-05,12,7R,daily,67.51,28.3,47.39,10.35,52.69,5.94,50.0,9.62,50.0,2.85,57.07,53.82,22.57,47.39,10.35,41.14,4.64,50.0,9.62,50.0,2.85,50.03,50.27,21.08,40.59,8.87,39.26,4.42,50.0,9.62,50.0,2.85,46.85,48.53,20.35,49.09,10.73,30.51,3.44,50.0,9.62,50.0,2.85,46.99,42.56,17.84,42.29,9.24,51.42,5.79,50.0,9.62,50.0,2.85,45.35,36.8,15.43,54.2,11.84,45.14,5.09,50.0,9.62,50.0,2.85,44.83
202609051207,2026-09-05,12,7R,realtime,67.51,28.3,47.39,10.35,52.69,5.94,60.28,11.6,37.21,2.12,58.32,53.82,22.57,47.39,10.35,41.14,4.64,47.63,9.17,61.87,3.53,50.26,50.27,21.08,40.59,8.87,39.26,4.42,36.71,7.06,58.71,3.35,44.79,48.53,20.35,49.09,10.73,30.51,3.44,55.53,10.69,46.76,2.67,47.87,42.56,17.84,42.29,9.24,51.42,5.79,66.45,12.79,45.69,2.61,48.27,36.8,15.43,54.2,11.84,45.14,5.09,33.38,6.42,49.72,2.84,41.62
202609051208,2026-09-05,12,8R,daily,67.51,28.3,43.99,9.61,36.76,4.14,50.0,9.62,50.0,2.85,54.54,53.82,22.57,38.89,8.5,45.68,5.15,50.0,9.62,50.0,2.85,48.69,50.27,21.08,43.99,9.61,52.68,5.94,50.0,9.62,50.0,2.85,49.1,48.53,20.35,42.29,9.24,44.45,5.01,50.0,9.62,50.0,2.85,47.07,42.56,17.84,43.99,9.61,39.97,4.5,50.0,9.62,50.0,2.85,44.44,36.8,15.43,45.69,9.98,47.9,5.4,50.0,9.62,50.0,2.85,43.29
202609051208,2026-09-05,12,8R,realtime,67.51,28.3,43.99,9.61,36.76,4.14,56.35,10.84,39.77,2.27,55.17,53.82,22.57,38.89,8.5,45.68,5.15,50.01,9.62,60.87,3.47,49.31,50.27,21.08,43.99,9.61,52.68,5.94,33.08,6.37,58.98,3.37,46.36,48.53,20.35,42.29,9.24,44.45,5.01,52.15,10.04,44.87,2.56,47.19,42.56,17.84,43.99,9.61,39.97,4.5,49.1,9.45,45.65,2.61,44.02,36.8,15.43,45.69,9.98,47.9,5.4,59.26,11.4,49.8,2.84,45.06
202609051209,2026-09-05,12,9R,daily,67.51,28.3,49.09,10.73,40.91,4.61,50.0,9.62,50.0,2.85,56.12,53.82,22.57,49.09,10.73,33.98,3.83,50.0,9.62,50.0,2.85,49.6,50.27,21.08,47.39,10.35,54.4,6.13,50.0,9.62,50.0,2.85,50.04,48.53,20.35,49.09,10.73,58.19,6.56,50.0,9.62,50.0,2.85,50.11,42.56,17.84,49.09,10.73,40.19,4.53,50.0,9.62,50.0,2.85,45.58,36.8,15.43,45.69,9.98,46.57,5.25,50.0,9.62,50.0,2.85,43.14
202609051209,2026-09-05,12,9R,realtime,67.51,28.3,49.09,10.73,40.91,4.61,50.08,9.64,39.77,2.27,55.55,53.82,22.57,49.09,10.73,33.98,3.83,70.48,13.56,60.87,3.47,54.16,50.27,21.08,47.39,10.35,54.4,6.13,46.13,8.88,58.98,3.37,49.81,48.53,20.35,49.09,10.73,58.19,6.56,42.83,8.24,44.87,2.56,48.43,42.56,17.84,49.09,10.73,40.19,4.53,53.35,10.27,45.65,2.61,45.97,36.8,15.43,45.69,9.98,46.57,5.25,37.08,7.14,49.8,2.84,40.64
202609051210,2026-09-05,12,10R,daily,67.51,28.3,50.79,11.1,45.85,5.17,50.0,9.62,50.0,2.85,57.05,53.82,22.57,47.39,10.35,50.83,5.73,50.0,9.62,50.0,2.85,51.13,50.27,21.08,47.39,10.35,54.19,6.11,50.0,9.62,50.0,2.85,50.02,48.53,20.35,57.6,12.58,42.9,4.83,50.0,9.62,50.0,2.85,50.24,42.56,17.84,47.39,10.35,54.08,6.1,50.0,9.62,50.0,2.85,46.77,36.8,15.43,47.39,10.35,57.49,6.48,50.0,9.62,50.0,2.85,44.74
202609051210,2026-09-05,12,10R,realtime,67.51,28.3,50.79,11.1,45.85,5.17,53.71,10.34,39.77,2.27,57.18,53.82,22.57,47.39,10.35,50.83,5.73,65.48,12.6,60.87,3.47,54.73,50.27,21.08,47.39,10.35,54.19,6.11,36.72,7.07,58.98,3.37,47.97,48.53,20.35,57.6,12.58,42.9,4.83,55.12,10.61,44.87,2.56,50.93,42.56,17.84,47.39,10.35,54.08,6.09,37.01,7.12,45.65,2.61,44.02,36.8,15.43,47.39,10.35,57.49,6.48,51.91,9.99,49.8,2.84,45.1
202609051211,2026-09-05,12,11R,daily,67.51,28.3,55.9,12.21,56.9,6.41,50.0,9.62,50.0,2.85,59.41,53.82,22.57,47.39,10.35,52.69,5.94,50.0,9.62,50.0,2.85,51.34,50.27,21.08,54.2,11.84,45.14,5.09,50.0,9.62,50.0,2.85,50.48,48.53,20.35,45.69,9.98,62.0,6.99,50.0,9.62,50.0,2.85,49.79,42.56,17.84,59.3,12.96,50.5,5.69,50.0,9.62,50.0,2.85,48.97,36.8,15.43,43.99,9.61,45.88,5.17,50.0,9.62,50.0,2.85,42.69
202609051212,2026-09-05,12,12R,daily,67.51,28.3,45.69,9.98,47.9,5.4,50.0,9.62,50.0,2.85,56.16,53.82,22.57,43.99,9.61,55.84,6.29,50.0,9.62,50.0,2.85,50.95,50.27,21.08,49.09,10.73,30.51,3.44,50.0,9.62,50.0,2.85,47.72,48.53,20.35,42.29,9.24,58.27,6.57,50.0,9.62,50.0,2.85,48.63,42.56,17.84,40.59,8.87,62.57,7.05,50.0,9.62,50.0,2.85,46.24,36.8,15.43,43.99,9.61,36.76,4.14,50.0,9.62,50.0,2.85,41.66
202609051301,2026-09-05,13,1R,daily,69.29,27.07,47.68,10.11,48.21,4.72,50.0,12.01,50.0,2.96,56.87,51.43,20.09,44.03,9.34,54.83,5.36,50.0,12.01,50.0,2.96,49.76,52.22,20.4,49.5,10.5,42.24,4.13,50.0,12.01,50.0,2.96,50.0,48.19,18.83,47.68,10.11,59.51,5.82,50.0,12.01,50.0,2.96,49.73,42.82,16.73,44.03,9.34,50.16,4.91,50.0,12.01,50.0,2.96,45.94,36.43,14.23,45.85,9.73,60.62,5.93,50.0,12.01,50.0,2.96,44.86
202609051301,2026-09-05,13,1R,realtime,69.29,27.07,47.68,10.11,48.21,4.72,53.82,12.93,46.22,2.74,57.56,51.43,20.09,44.03,9.34,54.83,5.36,48.42,11.63,43.0,2.55,48.97,52.22,20.4,49.5,10.5,42.24,4.13,34.04,8.18,53.85,3.19,46.4,48.19,18.83,47.68,10.11,59.51,5.82,60.74,14.59,54.53,3.23,52.58,42.82,16.73,44.03,9.34,50.16,4.91,57.21,13.74,54.47,3.22,47.94,36.43,14.23,45.85,9.73,60.62,5.93,45.73,10.98,47.84,2.83,43.7
202609051302,2026-09-05,13,2R,daily,69.29,27.07,42.2,8.95,40.13,3.93,50.0,12.01,50.0,2.96,54.92,51.43,20.09,42.2,8.95,48.62,4.76,50.0,12.01,50.0,2.96,48.77,52.22,20.4,44.03,9.34,46.52,4.55,50.0,12.01,50.0,2.96,49.26,48.19,18.83,44.03,9.34,45.5,4.45,50.0,12.01,50.0,2.96,47.59,42.82,16.73,45.85,9.73,40.56,3.97,50.0,12.01,50.0,2.96,45.39,36.43,14.23,45.85,9.73,58.78,5.75,50.0,12.01,50.0,2.96,44.68
202609051302,2026-09-05,13,2R,realtime,69.29,27.07,42.2,8.95,40.13,3.93,65.59,15.75,48.98,2.9,58.6,51.43,20.09,42.2,8.95,48.62,4.76,53.41,12.83,45.03,2.67,49.29,52.22,20.4,44.03,9.34,46.52,4.55,48.87,11.74,51.28,3.04,49.06,48.19,18.83,44.03,9.34,45.5,4.45,47.11,11.31,52.81,3.13,47.06,42.82,16.73,45.85,9.73,40.56,3.97,32.36,7.77,53.64,3.18,41.37,36.43,14.23,45.85,9.73,58.78,5.75,52.64,12.64,48.14,2.85,45.2
202609051303,2026-09-05,13,3R,daily,69.29,27.07,45.85,9.73,49.63,4.86,50.0,12.01,50.0,2.96,56.62,51.43,20.09,49.5,10.5,46.97,4.59,50.0,12.01,50.0,2.96,50.16,52.22,20.4,44.03,9.34,60.82,5.95,50.0,12.01,50.0,2.96,50.66,48.19,18.83,45.85,9.73,57.1,5.59,50.0,12.01,50.0,2.96,49.11,42.82,16.73,45.85,9.73,41.72,4.08,50.0,12.01,50.0,2.96,45.51,36.43,14.23,49.5,10.5,63.84,6.25,50.0,12.01,50.0,2.96,45.95
202609051303,2026-09-05,13,3R,realtime,69.29,27.07,45.85,9.73,49.63,4.86,60.5,14.53,51.75,3.06,59.25,51.43,20.09,49.5,10.5,46.97,4.6,56.82,13.65,45.47,2.69,51.53,52.22,20.4,44.03,9.34,60.82,5.95,28.77,6.91,48.86,2.89,45.49,48.19,18.83,45.85,9.73,57.1,5.59,51.43,12.35,51.93,3.07,49.57,42.82,16.73,45.85,9.73,41.72,4.08,50.95,12.24,54.08,3.2,45.98,36.43,14.23,49.5,10.5,63.84,6.25,51.5,12.37,47.8,2.83,46.18
202609051304,2026-09-05,13,4R,daily,69.29,27.07,47.68,10.11,67.17,6.57,50.0,12.01,50.0,2.96,58.72,51.43,20.09,45.85,9.73,37.76,3.69,50.0,12.01,50.0,2.96,48.48,52.22,20.4,45.85,9.73,40.96,4.01,50.0,12.01,50.0,2.96,49.1,48.19,18.83,45.85,9.73,43.1,4.22,50.0,12.01,50.0,2.96,47.74,42.82,16.73,40.38,8.57,43.3,4.24,50.0,12.01,50.0,2.96,44.5,36.43,14.23,45.85,9.73,63.75,6.24,50.0,12.01,50.0,2.96,45.16
202609051304,2026-09-05,13,4R,realtime,69.29,27.07,47.68,10.11,67.17,6.57,52.19,12.53,51.75,3.06,59.35,51.43,20.09,45.85,9.73,37.76,3.69,31.11,7.47,45.47,2.69,43.67,52.22,20.4,45.85,9.73,40.96,4.01,36.74,8.82,48.86,2.89,45.85,48.19,18.83,45.85,9.73,43.1,4.22,64.76,15.55,51.93,3.07,51.4,42.82,16.73,40.38,8.57,43.3,4.24,56.14,13.48,54.08,3.2,46.22,36.43,14.23,45.85,9.73,63.75,6.24,59.04,14.18,47.8,2.83,47.2
202609051305,2026-09-05,13,5R,daily,69.29,27.07,42.2,8.95,38.79,3.79,50.0,12.01,50.0,2.96,54.79,51.43,20.09,45.85,9.73,40.71,3.98,50.0,12.01,50.0,2.96,48.77,52.22,20.4,42.2,8.95,43.7,4.28,50.0,12.01,50.0,2.96,48.6,48.19,18.83,56.8,12.05,48.96,4.79,50.0,12.01,50.0,2.96,50.64,42.82,16.73,44.03,9.34,54.83,5.36,50.0,12.01,50.0,2.96,46.4,36.43,14.23,40.38,8.57,42.21,4.13,50.0,12.01,50.0,2.96,41.89
202609051305,2026-09-05,13,5R,realtime,69.29,27.07,42.2,8.95,38.79,3.8,56.35,13.53,59.54,3.52,56.87,51.43,20.09,45.85,9.73,40.71,3.98,53.42,12.83,51.49,3.05,49.68,52.22,20.4,42.2,8.95,43.7,4.28,52.08,12.51,41.61,2.46,48.6,48.19,18.83,56.8,12.05,48.96,4.79,64.08,15.39,46.94,2.78,53.84,42.82,16.73,44.03,9.34,54.83,5.36,44.61,10.71,51.51,3.05,45.2,36.43,14.23,40.38,8.57,42.21,4.13,29.43,7.07,48.79,2.89,36.88
202609051306,2026-09-05,13,6R,daily,69.29,27.07,49.5,10.5,66.2,6.48,50.0,12.01,50.0,2.96,59.02,51.43,20.09,42.2,8.95,49.14,4.81,50.0,12.01,50.0,2.96,48.82,52.22,20.4,44.03,9.34,50.16,4.91,50.0,12.01,50.0,2.96,49.61,48.19,18.83,62.28,13.21,41.45,4.06,50.0,12.01,50.0,2.96,51.06,42.82,16.73,42.2,8.95,48.62,4.76,50.0,12.01,50.0,2.96,45.41,36.43,14.23,33.07,7.02,31.83,3.11,50.0,12.01,50.0,2.96,39.33
202609051306,2026-09-05,13,6R,realtime,69.29,27.07,49.5,10.5,66.2,6.48,52.1,12.51,58.79,3.48,60.04,51.43,20.09,42.2,8.95,49.14,4.81,43.02,10.33,51.37,3.04,47.23,52.22,20.4,44.03,9.34,50.16,4.91,53.68,12.89,42.28,2.5,50.04,48.19,18.83,62.28,13.21,41.45,4.06,55.57,13.35,47.18,2.79,52.23,42.82,16.73,42.2,8.95,48.62,4.76,42.03,10.09,51.39,3.04,43.58,36.43,14.23,33.07,7.02,31.83,3.11,53.56,12.86,48.88,2.89,40.12
202609051307,2026-09-05,13,7R,daily,69.29,27.07,49.5,10.5,63.84,6.25,50.0,12.01,50.0,2.96,58.78,51.43,20.09,44.03,9.34,45.5,4.45,50.0,12.01,50.0,2.96,48.85,52.22,20.4,47.68,10.11,38.59,3.78,50.0,12.01,50.0,2.96,49.26,48.19,18.83,44.03,9.34,55.73,5.45,50.0,12.01,50.0,2.96,48.59,42.82,16.73,45.85,9.73,49.63,4.86,50.0,12.01,50.0,2.96,46.28,36.43,14.23,44.03,9.34,42.36,4.14,50.0,12.01,50.0,2.96,42.68
202609051307,2026-09-05,13,7R,realtime,69.29,27.07,49.5,10.5,63.84,6.25,57.78,13.88,68.68,4.07,61.76,51.43,20.09,44.03,9.34,45.5,4.45,49.62,11.92,46.78,2.77,48.57,52.22,20.4,47.68,10.11,38.59,3.78,62.71,15.06,31.72,1.88,51.23,48.19,18.83,44.03,9.34,55.73,5.45,52.68,12.65,45.58,2.7,48.97,42.82,16.73,45.85,9.73,49.63,4.86,51.55,12.38,60.78,3.6,47.29,36.43,14.23,44.03,9.34,42.36,4.14,25.62,6.15,46.37,2.74,36.61
202609051308,2026-09-05,13,8R,daily,69.29,27.07,45.85,9.73,63.75,6.24,50.0,12.01,50.0,2.96,58.0,51.43,20.09,45.85,9.73,29.51,2.89,50.0,12.01,50.0,2.96,47.67,52.22,20.4,45.85,9.73,41.72,4.08,50.0,12.01,50.0,2.96,49.18,48.19,18.83,44.03,9.34,46.52,4.55,50.0,12.01,50.0,2.96,47.69,42.82,16.73,45.85,9.73,40.96,4.01,50.0,12.01,50.0,2.96,45.43,36.43,14.23,45.85,9.73,45.44,4.45,50.0,12.01,50.0,2.96,43.37
202609051308,2026-09-05,13,8R,realtime,69.29,27.07,45.85,9.73,63.75,6.24,72.92,17.51,68.18,4.04,64.58,51.43,20.09,45.85,9.73,29.51,2.89,49.85,11.97,46.69,2.76,47.44,52.22,20.4,45.85,9.73,41.72,4.08,49.71,11.94,32.16,1.9,48.05,48.19,18.83,44.03,9.34,46.52,4.55,44.24,10.62,45.74,2.71,46.05,42.82,16.73,45.85,9.73,40.96,4.01,44.25,10.63,60.7,3.59,44.68,36.43,14.23,45.85,9.73,45.44,4.45,39.02,9.37,46.43,2.75,40.52
202609051309,2026-09-05,13,9R,daily,69.29,27.07,56.8,12.05,48.96,4.79,50.0,12.01,50.0,2.96,58.88,51.43,20.09,44.03,9.34,60.82,5.95,50.0,12.01,50.0,2.96,50.35,52.22,20.4,45.85,9.73,43.1,4.22,50.0,12.01,50.0,2.96,49.31,48.19,18.83,49.5,10.5,42.24,4.13,50.0,12.01,50.0,2.96,48.43,42.82,16.73,45.85,9.73,37.76,3.69,50.0,12.01,50.0,2.96,45.12,36.43,14.23,44.03,9.34,36.43,3.56,50.0,12.01,50.0,2.96,42.1
202609051309,2026-09-05,13,9R,realtime,69.29,27.07,56.8,12.05,48.96,4.79,56.49,13.57,68.18,4.04,61.51,51.43,20.09,44.03,9.34,60.82,5.95,37.25,8.95,46.69,2.76,47.09,52.22,20.4,45.85,9.73,43.1,4.22,62.02,14.89,32.16,1.9,51.14,48.19,18.83,49.5,10.5,42.24,4.13,52.39,12.58,45.74,2.71,48.75,42.82,16.73,45.85,9.73,37.76,3.69,41.74,10.02,60.7,3.59,43.77,36.43,14.23,44.03,9.34,36.43,3.56,50.06,12.02,46.43,2.75,41.91
202609051310,2026-09-05,13,10R,daily,69.29,27.07,47.68,10.11,59.51,5.82,50.0,12.01,50.0,2.96,57.97,51.43,20.09,49.5,10.5,66.2,6.48,50.0,12.01,50.0,2.96,52.04,52.22,20.4,49.5,10.5,46.97,4.59,50.0,12.01,50.0,2.96,50.46,48.19,18.83,47.68,10.11,67.17,6.57,50.0,12.01,50.0,2.96,50.48,42.82,16.73,47.68,10.11,48.21,4.72,50.0,12.01,50.0,2.96,46.53,36.43,14.23,45.85,9.73,40.71,3.98,50.0,12.01,50.0,2.96,42.91
202609051310,2026-09-05,13,10R,realtime,69.29,27.07,47.68,10.11,59.51,5.82,69.4,16.67,82.3,4.87,64.55,51.43,20.09,49.5,10.5,66.2,6.48,42.16,10.13,34.63,2.05,49.25,52.22,20.4,49.5,10.5,46.97,4.6,52.24,12.55,27.4,1.62,49.66,48.19,18.83,47.68,10.11,67.17,6.57,47.03,11.3,35.84,2.12,48.93,42.82,16.73,47.68,10.11,48.21,4.72,46.75,11.23,64.74,3.83,46.62,36.43,14.23,45.85,9.73,40.71,3.98,42.39,10.18,54.98,3.25,41.38
202609051311,2026-09-05,13,11R,daily,69.29,27.07,62.28,13.21,41.45,4.06,50.0,12.01,50.0,2.96,59.31,51.43,20.09,45.85,9.73,60.62,5.93,50.0,12.01,50.0,2.96,50.72,52.22,20.4,45.85,9.73,57.1,5.59,50.0,12.01,50.0,2.96,50.68,48.19,18.83,47.68,10.11,38.59,3.78,50.0,12.01,50.0,2.96,47.69,42.82,16.73,45.85,9.73,58.78,5.75,50.0,12.01,50.0,2.96,47.18,36.43,14.23,42.2,8.95,38.79,3.79,50.0,12.01,50.0,2.96,41.95
202609051311,2026-09-05,13,11R,realtime,69.29,27.07,62.28,13.21,41.45,4.06,56.4,13.54,68.18,4.04,61.92,51.43,20.09,45.85,9.73,60.62,5.93,48.01,11.53,46.69,2.76,50.04,52.22,20.4,45.85,9.73,57.1,5.59,48.14,11.56,32.16,1.9,49.18,48.19,18.83,47.68,10.11,38.59,3.78,63.23,15.18,45.74,2.71,50.61,42.82,16.73,45.85,9.73,58.78,5.75,55.75,13.39,60.7,3.59,49.19,36.43,14.23,42.2,8.95,38.79,3.8,28.44,6.83,46.43,2.75,36.56
202609051312,2026-09-05,13,12R,daily,69.29,27.07,53.15,11.28,63.73,6.23,50.0,12.01,50.0,2.96,59.55,51.43,20.09,49.5,10.5,62.4,6.11,50.0,12.01,50.0,2.96,51.67,52.22,20.4,49.5,10.5,61.84,6.05,50.0,12.01,50.0,2.96,51.92,48.19,18.83,49.5,10.5,76.03,7.44,50.0,12.01,50.0,2.96,51.74,42.82,16.73,54.98,11.66,52.68,5.15,50.0,12.01,50.0,2.96,48.51,36.43,14.23,49.5,10.5,46.37,4.54,50.0,12.01,50.0,2.96,44.24
202609051312,2026-09-05,13,12R,realtime,69.29,27.07,53.15,11.28,63.73,6.24,50.03,12.02,66.42,3.93,60.53,51.43,20.09,49.5,10.5,62.4,6.1,67.17,16.13,46.42,2.75,55.58,52.22,20.4,49.5,10.5,61.84,6.05,48.68,11.69,33.7,2.0,50.64,48.19,18.83,49.5,10.5,76.03,7.44,54.94,13.2,46.3,2.74,52.7,42.82,16.73,54.98,11.66,52.68,5.15,43.28,10.39,60.42,3.58,47.52,36.43,14.23,49.5,10.5,46.37,4.54,35.86,8.61,46.65,2.76,40.64
202609051701,2026-09-05,17,1R,daily,68.46,31.03,51.53,10.66,42.01,3.59,50.0,9.53,50.0,3.19,58.0,51.78,23.47,47.73,9.87,75.95,6.49,50.0,9.53,50.0,3.19,52.56,52.98,24.02,43.93,9.08,36.22,3.1,50.0,9.53,50.0,3.19,48.92,48.62,22.04,43.93,9.08,71.81,6.14,50.0,9.53,50.0,3.19,49.98,43.72,19.82,43.93,9.08,39.31,3.36,50.0,9.53,50.0,3.19,44.99,34.4,15.59,43.93,9.08,48.94,4.18,50.0,9.53,50.0,3.19,41.58
202609051701,2026-09-05,17,1R,realtime,68.46,31.03,51.53,10.66,42.01,3.59,51.82,9.87,36.72,2.35,57.5,51.78,23.47,47.73,9.87,75.95,6.49,56.9,10.84,15.38,0.98,51.66,52.98,24.02,43.93,9.08,36.22,3.1,51.81,9.87,33.49,2.14,48.21,48.62,22.04,43.93,9.08,71.81,6.14,64.78,12.34,69.85,4.46,54.07,43.72,19.82,43.93,9.08,39.31,3.36,25.59,4.88,82.49,5.27,42.41,34.4,15.59,43.93,9.08,48.94,4.18,49.07,9.35,62.15,3.97,42.18
202609051702,2026-09-05,17,2R,daily,68.46,31.03,47.73,9.87,53.53,4.58,50.0,9.53,50.0,3.19,58.2,51.78,23.47,42.03,8.69,50.69,4.33,50.0,9.53,50.0,3.19,49.22,52.98,24.02,47.73,9.87,58.53,5.0,50.0,9.53,50.0,3.19,51.61,48.62,22.04,40.13,8.3,60.06,5.13,50.0,9.53,50.0,3.19,48.19,43.72,19.82,47.73,9.87,54.27,4.64,50.0,9.53,50.0,3.19,47.05,34.4,15.59,38.23,7.91,62.03,5.3,50.0,9.53,50.0,3.19,41.52
202609051702,2026-09-05,17,2R,realtime,68.46,31.03,47.73,9.87,53.53,4.58,71.31,13.59,46.74,2.99,62.05,51.78,23.47,42.03,8.69,50.69,4.33,43.88,8.36,12.38,0.79,45.65,52.98,24.02,47.73,9.87,58.53,5.0,42.18,8.04,28.86,1.84,48.77,48.62,22.04,40.13,8.3,60.06,5.13,38.85,7.4,72.25,4.62,47.49,43.72,19.82,47.73,9.87,54.27,4.64,57.01,10.86,80.02,5.11,50.3,34.4,15.59,38.23,7.91,62.03,5.3,46.75,8.91,59.83,3.82,41.53
202609051703,2026-09-05,17,3R,daily,68.46,31.03,49.63,10.26,53.99,4.62,50.0,9.53,50.0,3.19,58.63,51.78,23.47,49.63,10.26,40.36,3.45,50.0,9.53,50.0,3.19,49.91,52.98,24.02,47.73,9.87,53.63,4.58,50.0,9.53,50.0,3.19,51.19,48.62,22.04,43.93,9.08,53.48,4.57,50.0,9.53,50.0,3.19,48.42,43.72,19.82,38.23,7.91,40.98,3.5,50.0,9.53,50.0,3.19,43.95,34.4,15.59,47.73,9.87,61.89,5.29,50.0,9.53,50.0,3.19,43.47
202609051703,2026-09-05,17,3R,realtime,68.46,31.03,49.63,10.26,53.99,4.62,55.77,10.63,46.74,2.99,59.52,51.78,23.47,49.63,10.26,40.36,3.45,59.29,11.3,12.38,0.79,49.27,52.98,24.02,47.73,9.87,53.63,4.58,72.29,13.77,28.86,1.84,54.09,48.62,22.04,43.93,9.08,53.48,4.57,43.91,8.37,72.25,4.62,48.68,43.72,19.82,38.23,7.91,40.98,3.5,33.89,6.46,80.02,5.11,42.8,34.4,15.59,47.73,9.87,61.89,5.29,34.83,6.64,59.83,3.82,41.21
202609051704,2026-09-05,17,4R,daily,68.46,31.03,38.23,7.91,55.83,4.77,50.0,9.53,50.0,3.19,56.43,51.78,23.47,49.63,10.26,58.53,5.0,50.0,9.53,50.0,3.19,51.46,52.98,24.02,40.13,8.3,57.03,4.88,50.0,9.53,50.0,3.19,49.91,48.62,22.04,53.43,11.05,60.57,5.18,50.0,9.53,50.0,3.19,50.99,43.72,19.82,47.73,9.87,45.22,3.87,50.0,9.53,50.0,3.19,46.28,34.4,15.59,42.03,8.69,46.95,4.01,50.0,9.53,50.0,3.19,41.02
202609051704,2026-09-05,17,4R,realtime,68.46,31.03,38.23,7.91,55.83,4.77,57.01,10.86,46.74,2.99,57.56,51.78,23.47,49.63,10.26,58.53,5.0,42.81,8.16,12.38,0.79,47.69,52.98,24.02,40.13,8.3,57.03,4.88,35.9,6.84,28.86,1.84,45.87,48.62,22.04,53.43,11.05,60.57,5.18,63.09,12.02,72.25,4.62,54.9,43.72,19.82,47.73,9.87,45.22,3.87,50.0,9.53,80.02,5.11,48.19,43.72,19.82,42.03,8.69,46.95,4.01,51.17,9.75,80.02,5.11,47.39
202609051705,2026-09-05,17,5R,daily,68.46,31.03,51.53,10.66,42.84,3.66,50.0,9.53,50.0,3.19,58.07,51.78,23.47,43.93,9.08,65.73,5.62,50.0,9.53,50.0,3.19,50.9,52.98,24.02,43.93,9.08,41.34,3.53,50.0,9.53,50.0,3.19,49.36,48.62,22.04,45.83,9.48,34.04,2.91,50.0,9.53,50.0,3.19,47.15,43.72,19.82,45.83,9.48,68.04,5.82,50.0,9.53,50.0,3.19,47.83,34.4,15.59,61.03,12.62,67.33,5.76,50.0,9.53,50.0,3.19,46.69
202609051705,2026-09-05,17,5R,realtime,68.46,31.03,51.53,10.66,42.84,3.66,48.87,9.31,52.36,3.35,58.0,51.78,23.47,43.93,9.08,65.73,5.62,50.78,9.67,27.81,1.78,49.63,52.98,24.02,43.93,9.08,41.34,3.53,32.81,6.25,36.88,2.36,45.24,48.62,22.04,45.83,9.48,34.04,2.91,42.17,8.03,62.68,4.01,46.47,43.72,19.82,45.83,9.48,68.04,5.82,53.7,10.23,63.36,4.05,49.39,34.4,15.59,61.03,12.62,67.33,5.76,71.66,13.65,56.98,3.64,51.26
202609051706,2026-09-05,17,6R,daily,68.46,31.03,43.93,9.08,55.33,4.73,50.0,9.53,50.0,3.19,57.57,51.78,23.47,49.63,10.26,47.73,4.08,50.0,9.53,50.0,3.19,50.54,52.98,24.02,40.13,8.3,30.92,2.64,50.0,9.53,50.0,3.19,47.68,48.62,22.04,47.73,9.87,75.95,6.49,50.0,9.53,50.0,3.19,51.12,43.72,19.82,43.93,9.08,53.77,4.6,50.0,9.53,50.0,3.19,46.22,34.4,15.59,49.63,10.26,61.41,5.25,50.0,9.53,50.0,3.19,43.83
202609051706,2026-09-05,17,6R,realtime,68.46,31.03,43.93,9.08,55.33,4.73,51.67,9.85,52.36,3.35,58.04,51.78,23.47,49.63,10.26,47.73,4.08,47.71,9.09,27.81,1.78,48.68,52.98,24.02,40.13,8.3,30.92,2.64,44.8,8.54,36.88,2.36,45.85,48.62,22.04,47.73,9.87,75.95,6.49,52.14,9.93,62.68,4.01,52.34,43.72,19.82,43.93,9.08,53.77,4.6,55.59,10.59,63.36,4.05,48.14,34.4,15.59,49.63,10.26,61.41,5.25,48.09,9.16,56.98,3.64,43.91
202609051707,2026-09-05,17,7R,daily,68.46,31.03,59.13,12.23,49.57,4.24,50.0,9.53,50.0,3.19,60.22,51.78,23.47,43.93,9.08,41.71,3.57,50.0,9.53,50.0,3.19,48.84,52.98,24.02,43.93,9.08,48.94,4.18,50.0,9.53,50.0,3.19,50.01,48.62,22.04,42.03,8.69,50.69,4.33,50.0,9.53,50.0,3.19,47.78,43.72,19.82,51.53,10.66,61.0,5.21,50.0,9.53,50.0,3.19,48.41,34.4,15.59,42.03,8.69,47.38,4.05,50.0,9.53,50.0,3.19,41.05
202609051707,2026-09-05,17,7R,realtime,68.46,31.03,59.13,12.23,49.57,4.24,62.47,11.9,52.36,3.35,62.74,48.62,22.04,43.93,9.08,41.71,3.57,50.33,9.59,62.68,4.01,48.28,34.4,15.59,43.93,9.08,48.94,4.18,54.01,10.29,56.98,3.64,42.79,43.72,19.82,42.03,8.69,50.69,4.33,32.66,6.22,63.36,4.05,43.11,52.98,24.02,51.53,10.66,61.0,5.21,65.49,12.48,36.88,2.36,54.72,51.78,23.47,42.03,8.69,47.38,4.05,35.02,6.67,27.81,1.78,44.66
202609051708,2026-09-05,17,8R,daily,68.46,31.03,45.83,9.48,38.89,3.32,50.0,9.53,50.0,3.19,56.55,51.78,23.47,40.13,8.3,60.06,5.13,50.0,9.53,50.0,3.19,49.63,52.98,24.02,49.63,10.26,41.12,3.52,50.0,9.53,50.0,3.19,50.52,48.62,22.04,38.23,7.91,40.98,3.5,50.0,9.53,50.0,3.19,46.17,43.72,19.82,43.93,9.08,36.22,3.1,50.0,9.53,50.0,3.19,44.72,34.4,15.59,38.23,7.91,55.83,4.77,50.0,9.53,50.0,3.19,40.99
202609051708,2026-09-05,17,8R,realtime,68.46,31.03,45.83,9.48,38.89,3.32,42.88,8.17,52.36,3.35,55.35,51.78,23.47,40.13,8.3,60.06,5.13,50.01,9.53,27.81,1.78,48.21,52.98,24.02,49.63,10.26,41.12,3.52,56.02,10.67,36.88,2.36,50.82,48.62,22.04,38.23,7.91,40.98,3.5,61.1,11.64,62.68,4.01,49.09,43.72,19.82,43.93,9.08,36.22,3.1,43.21,8.23,63.36,4.05,44.28,34.4,15.59,38.23,7.91,55.83,4.77,46.76,8.91,56.98,3.64,40.82
202609051709,2026-09-05,17,9R,daily,68.46,31.03,42.03,8.69,46.95,4.01,50.0,9.53,50.0,3.19,56.46,51.78,23.47,38.23,7.91,49.93,4.27,50.0,9.53,50.0,3.19,48.37,52.98,24.02,43.93,9.08,53.48,4.57,50.0,9.53,50.0,3.19,50.39,48.62,22.04,38.23,7.91,62.03,5.3,50.0,9.53,50.0,3.19,47.97,43.72,19.82,40.13,8.3,57.03,4.88,50.0,9.53,50.0,3.19,45.71,34.4,15.59,49.63,10.26,43.1,3.68,50.0,9.53,50.0,3.19,42.26
202609051709,2026-09-05,17,9R,realtime,68.46,31.03,42.03,8.69,46.95,4.01,65.92,12.56,55.9,3.57,59.87,52.98,24.02,38.23,7.91,49.93,4.27,59.69,11.37,40.87,2.61,50.17,52.98,24.02,43.93,9.08,53.48,4.57,50.0,9.53,40.87,2.61,49.81,48.62,22.04,38.23,7.91,62.03,5.3,51.56,9.82,57.08,3.65,48.72,43.72,19.82,40.13,8.3,57.03,4.88,36.63,6.98,55.52,3.55,43.52,51.78,23.47,49.63,10.26,43.1,3.68,36.21,6.9,36.12,2.31,46.63
202609051710,2026-09-05,17,10R,daily,68.46,31.03,47.73,9.87,61.89,5.29,50.0,9.53,50.0,3.19,58.91,51.78,23.47,47.73,9.87,54.27,4.64,50.0,9.53,50.0,3.19,50.7,52.98,24.02,53.43,11.05,60.57,5.18,50.0,9.53,50.0,3.19,52.96,48.62,22.04,51.53,10.66,42.01,3.59,50.0,9.53,50.0,3.19,49.01,43.72,19.82,49.63,10.26,47.73,4.08,50.0,9.53,50.0,3.19,46.88,34.4,15.59,47.73,9.87,53.63,4.58,50.0,9.53,50.0,3.19,42.77
202609051710,2026-09-05,17,10R,realtime,68.46,31.03,47.73,9.87,61.89,5.29,47.19,8.99,55.9,3.57,58.75,51.78,23.47,47.73,9.87,54.27,4.64,40.87,7.79,36.12,2.31,48.08,52.98,24.02,53.43,11.05,60.57,5.18,43.83,8.35,40.87,2.61,51.2,48.62,22.04,51.53,10.66,42.01,3.59,51.81,9.87,57.08,3.65,49.8,43.72,19.82,49.63,10.26,47.73,4.08,55.77,10.63,55.52,3.55,48.34,34.4,15.59,47.73,9.87,53.63,4.58,60.5,11.53,54.58,3.49,45.06
202609051711,2026-09-05,17,11R,daily,68.46,31.03,49.63,10.26,61.41,5.25,50.0,9.53,50.0,3.19,59.26,51.78,23.47,49.63,10.26,53.99,4.62,50.0,9.53,50.0,3.19,51.07,52.98,24.02,43.93,9.08,71.81,6.14,50.0,9.53,50.0,3.19,51.96,48.62,22.04,59.13,12.23,49.57,4.24,50.0,9.53,50.0,3.19,51.23,43.72,19.82,43.93,9.08,55.33,4.73,50.0,9.53,50.0,3.19,46.35,34.4,15.59,51.53,10.66,42.84,3.66,50.0,9.53,50.0,3.19,42.63
202609051711,2026-09-05,17,11R,realtime,68.46,31.03,49.63,10.26,61.41,5.25,55.44,10.56,55.9,3.57,60.68,51.78,23.47,49.63,10.26,53.99,4.62,31.05,5.92,36.12,2.31,46.58,52.98,24.02,43.93,9.08,71.81,6.14,63.12,12.03,40.87,2.61,53.88,48.62,22.04,59.13,12.23,49.57,4.24,54.61,10.4,57.08,3.65,52.56,34.4,15.59,43.93,9.08,55.33,4.73,42.96,8.19,54.58,3.49,41.08,43.72,19.82,51.53,10.66,42.84,3.66,52.82,10.06,55.52,3.55,47.75
202609051712,2026-09-05,17,12R,daily,68.46,31.03,61.03,12.62,67.33,5.76,50.0,9.53,50.0,3.19,62.13,51.78,23.47,51.53,10.66,61.0,5.21,50.0,9.53,50.0,3.19,52.06,52.98,24.02,45.83,9.48,38.89,3.32,50.0,9.53,50.0,3.19,49.54,48.62,22.04,47.73,9.87,58.53,5.0,50.0,9.53,50.0,3.19,49.63,43.72,19.82,43.93,9.08,65.73,5.62,50.0,9.53,50.0,3.19,47.24,34.4,15.59,47.73,9.87,53.53,4.58,50.0,9.53,50.0,3.19,42.76
202609051712,2026-09-05,17,12R,realtime,68.46,31.03,61.03,12.62,67.33,5.76,73.19,13.94,55.9,3.57,66.92,51.78,23.47,51.53,10.66,61.0,5.21,38.72,7.38,36.12,2.31,49.03,52.98,24.02,45.83,9.48,38.89,3.32,33.39,6.36,40.87,2.61,45.79,48.62,22.04,47.73,9.87,58.53,5.0,38.95,7.42,57.08,3.65,47.98,43.72,19.82,43.93,9.08,65.73,5.62,53.18,10.13,55.52,3.55,48.2,34.4,15.59,47.73,9.87,53.53,4.58,62.57,11.92,54.58,3.49,45.45
202609051801,2026-09-05,18,1R,daily,66.88,29.03,59.35,15.37,55.93,4.26,50.0,9.24,50.0,2.3,60.2,50.78,22.04,41.97,10.87,46.39,3.53,50.0,9.24,50.0,2.3,47.98,51.63,22.41,41.97,10.87,34.65,2.64,50.0,9.24,50.0,2.3,47.46,49.9,21.66,44.45,11.51,34.89,2.66,50.0,9.24,50.0,2.3,47.37,43.48,18.87,46.94,12.16,52.33,3.98,50.0,9.24,50.0,2.3,46.55,36.97,16.05,34.52,8.94,37.01,2.82,50.0,9.24,50.0,2.3,39.34
202609051801,2026-09-05,18,1R,realtime,66.88,29.03,59.35,15.37,55.93,4.26,65.11,12.03,44.42,2.04,62.74,50.78,22.04,41.97,10.87,46.39,3.53,49.83,9.21,47.83,2.2,47.85,51.63,22.41,41.97,10.87,34.65,2.64,41.83,7.73,53.44,2.46,46.11,49.9,21.66,44.45,11.51,34.89,2.66,36.32,6.71,56.39,2.59,45.14,43.48,18.87,46.94,12.16,52.33,3.98,53.59,9.9,45.9,2.11,47.03,36.97,16.05,34.52,8.94,37.01,2.82,53.21,9.83,51.99,2.39,40.03
202609051802,2026-09-05,18,2R,daily,66.88,29.03,51.9,13.44,57.47,4.37,50.0,9.24,50.0,2.3,58.39,50.78,22.04,34.52,8.94,38.63,2.94,50.0,9.24,50.0,2.3,45.46,51.63,22.41,51.9,13.44,45.42,3.46,50.0,9.24,50.0,2.3,50.85,49.9,21.66,44.45,11.51,51.66,3.93,50.0,9.24,50.0,2.3,48.65,43.48,18.87,41.97,10.87,44.58,3.39,50.0,9.24,50.0,2.3,44.68,36.97,16.05,51.9,13.44,44.82,3.41,50.0,9.24,50.0,2.3,44.44
202609051802,2026-09-05,18,2R,realtime,66.88,29.03,51.9,13.44,57.47,4.37,63.01,11.65,44.42,2.04,60.54,50.78,22.04,34.52,8.94,38.63,2.94,57.31,10.59,47.83,2.2,46.71,51.63,22.41,51.9,13.44,45.42,3.46,47.75,8.82,53.44,2.46,50.59,49.9,21.66,44.45,11.51,51.66,3.93,41.57,7.68,56.39,2.59,47.38,43.48,18.87,41.97,10.87,44.58,3.39,34.65,6.4,45.9,2.11,41.65,36.97,16.05,51.9,13.44,44.82,3.41,55.6,10.27,51.99,2.39,45.57
202609051803,2026-09-05,18,3R,daily,66.88,29.03,56.87,14.73,34.23,2.61,50.0,9.24,50.0,2.3,57.91,50.78,22.04,44.45,11.51,52.3,3.98,50.0,9.24,50.0,2.3,49.08,51.63,22.41,46.94,12.16,41.21,3.14,50.0,9.24,50.0,2.3,49.24,49.9,21.66,46.94,12.16,46.71,3.56,50.0,9.24,50.0,2.3,48.91,43.48,18.87,51.9,13.44,48.19,3.67,50.0,9.24,50.0,2.3,47.53,36.97,16.05,51.9,13.44,41.51,3.16,50.0,9.24,50.0,2.3,44.19
202609051803,2026-09-05,18,3R,realtime,66.88,29.03,56.87,14.73,34.23,2.61,53.7,9.92,41.85,1.92,58.21,50.78,22.04,44.45,11.51,52.3,3.98,61.52,11.37,57.37,2.64,51.55,51.63,22.41,46.94,12.16,41.21,3.14,44.85,8.29,68.51,3.15,49.14,49.9,21.66,46.94,12.16,46.71,3.56,40.74,7.53,41.09,1.89,46.79,43.48,18.87,51.9,13.44,48.19,3.67,44.07,8.14,51.64,2.38,46.51,36.97,16.05,51.9,13.44,41.51,3.16,55.0,10.16,39.5,1.82,44.63
202609051804,2026-09-05,18,4R,daily,66.88,29.03,54.39,14.09,36.97,2.81,50.0,9.24,50.0,2.3,57.47,50.78,22.04,64.32,16.66,37.79,2.88,50.0,9.24,50.0,2.3,53.12,51.63,22.41,49.42,12.8,33.99,2.59,50.0,9.24,50.0,2.3,49.34,49.9,21.66,41.97,10.87,52.72,4.01,50.0,9.24,50.0,2.3,48.08,43.48,18.87,49.42,12.8,61.84,4.71,50.0,9.24,50.0,2.3,47.92,36.97,16.05,44.45,11.51,29.72,2.26,50.0,9.24,50.0,2.3,41.36
202609051804,2026-09-05,18,4R,realtime,66.88,29.03,54.39,14.09,36.97,2.81,65.37,12.08,42.33,1.95,59.96,50.78,22.04,64.32,16.66,37.79,2.88,57.39,10.61,58.05,2.67,54.85,51.63,22.41,49.42,12.8,33.99,2.59,45.06,8.33,68.29,3.14,49.27,49.9,21.66,41.97,10.87,52.72,4.01,35.15,6.5,39.56,1.82,44.86,43.48,18.87,49.42,12.8,61.84,4.71,55.39,10.24,52.88,2.43,49.05,36.97,16.05,44.45,11.51,29.72,2.26,41.54,7.68,38.87,1.79,39.29
202609051805,2026-09-05,18,5R,daily,66.88,29.03,46.94,12.16,58.47,4.45,50.0,9.24,50.0,2.3,57.18,50.78,22.04,49.42,12.8,40.24,3.06,50.0,9.24,50.0,2.3,49.45,51.63,22.41,54.39,14.09,39.95,3.04,50.0,9.24,50.0,2.3,51.08,49.9,21.66,39.48,10.23,40.37,3.07,50.0,9.24,50.0,2.3,46.5,43.48,18.87,41.97,10.87,46.39,3.53,50.0,9.24,50.0,2.3,44.81,36.97,16.05,51.9,13.44,41.33,3.15,50.0,9.24,50.0,2.3,44.18
202609051805,2026-09-05,18,5R,realtime,66.88,29.03,46.94,12.16,58.47,4.45,68.84,12.72,39.12,1.8,60.16,50.78,22.04,49.42,12.8,40.24,3.06,43.75,8.08,59.23,2.72,48.71,51.63,22.41,54.39,14.09,39.95,3.04,37.93,7.01,70.62,3.25,49.8,49.9,21.66,39.48,10.23,40.37,3.07,43.93,8.12,38.32,1.76,44.84,36.97,16.05,41.97,10.87,46.39,3.53,50.21,9.28,37.7,1.73,41.46,43.48,18.87,51.9,13.44,41.33,3.15,55.24,10.21,54.97,2.53,48.2
202609051806,2026-09-05,18,6R,daily,66.88,29.03,46.94,12.16,48.01,3.65,50.0,9.24,50.0,2.3,56.38,50.78,22.04,49.42,12.8,50.23,3.82,50.0,9.24,50.0,2.3,50.21,51.63,22.41,46.94,12.16,52.33,3.98,50.0,9.24,50.0,2.3,50.09,49.9,21.66,49.42,12.8,38.71,2.95,50.0,9.24,50.0,2.3,48.95,43.48,18.87,34.52,8.94,37.01,2.82,50.0,9.24,50.0,2.3,42.17,36.97,16.05,51.9,13.44,46.73,3.56,50.0,9.24,50.0,2.3,44.59
202609051806,2026-09-05,18,6R,realtime,66.88,29.03,46.94,12.16,48.01,3.65,50.53,9.34,35.27,1.62,55.8,50.78,22.04,49.42,12.8,50.23,3.82,55.26,10.21,52.06,2.39,51.27,51.63,22.41,46.94,12.16,52.33,3.98,63.56,11.75,60.21,2.77,53.07,49.9,21.66,49.42,12.8,38.71,2.95,40.58,7.5,51.15,2.35,47.26,43.48,18.87,34.52,8.94,37.01,2.82,52.26,9.66,53.42,2.46,42.75,36.97,16.05,51.9,13.44,46.73,3.56,37.7,6.97,47.85,2.2,42.21
202609051807,2026-09-05,18,7R,daily,66.88,29.03,41.97,10.87,56.46,4.3,50.0,9.24,50.0,2.3,55.74,50.78,22.04,46.94,12.16,41.21,3.14,50.0,9.24,50.0,2.3,48.88,51.63,22.41,41.97,10.87,39.23,2.99,50.0,9.24,50.0,2.3,47.81,49.9,21.66,44.45,11.51,52.3,3.98,50.0,9.24,50.0,2.3,48.69,43.48,18.87,41.97,10.87,32.69,2.49,50.0,9.24,50.0,2.3,43.77,36.97,16.05,34.52,8.94,38.63,2.94,50.0,9.24,50.0,2.3,39.47
202609051807,2026-09-05,18,7R,realtime,66.88,29.03,41.97,10.87,56.46,4.3,59.75,11.04,28.86,1.33,56.57,50.78,22.04,46.94,12.16,41.21,3.14,59.56,11.01,54.44,2.5,50.85,51.63,22.41,41.97,10.87,39.23,2.99,32.53,6.01,64.88,2.98,45.26,49.9,21.66,44.45,11.51,52.3,3.98,61.15,11.3,48.68,2.24,50.69,43.48,18.87,41.97,10.87,32.69,2.49,43.87,8.11,57.6,2.65,42.99,36.97,16.05,34.52,8.94,38.63,2.94,43.04,7.95,45.51,2.09,37.97
202609051808,2026-09-05,18,8R,daily,66.88,29.03,51.9,13.44,53.78,4.09,50.0,9.24,50.0,2.3,58.11,50.78,22.04,51.9,13.44,48.19,3.67,50.0,9.24,50.0,2.3,50.69,51.63,22.41,41.97,10.87,52.72,4.01,50.0,9.24,50.0,2.3,48.83,49.9,21.66,41.97,10.87,44.58,3.39,50.0,9.24,50.0,2.3,47.46,43.48,18.87,41.97,10.87,34.65,2.64,50.0,9.24,50.0,2.3,43.92,36.97,16.05,54.39,14.09,36.97,2.81,50.0,9.24,50.0,2.3,44.49
202609051808,2026-09-05,18,8R,realtime,66.88,29.03,51.9,13.44,53.78,4.09,40.74,7.53,28.38,1.31,55.4,50.78,22.04,51.9,13.44,48.19,3.67,41.6,7.69,53.77,2.47,49.31,51.63,22.41,41.97,10.87,52.72,4.01,48.03,8.88,65.1,2.99,49.16,49.9,21.66,41.97,10.87,44.58,3.39,48.94,9.04,50.2,2.31,47.28,43.48,18.87,41.97,10.87,34.65,2.64,56.08,10.36,56.37,2.59,45.34,36.97,16.05,54.39,14.09,36.97,2.81,64.52,11.92,46.15,2.12,46.99
202609051809,2026-09-05,18,9R,daily,66.88,29.03,54.39,14.09,39.95,3.04,50.0,9.24,50.0,2.3,57.7,50.78,22.04,49.42,12.8,33.99,2.59,50.0,9.24,50.0,2.3,48.97,51.63,22.41,51.9,13.44,44.82,3.41,50.0,9.24,50.0,2.3,50.81,49.9,21.66,49.42,12.8,61.84,4.71,50.0,9.24,50.0,2.3,50.71,43.48,18.87,46.94,12.16,46.71,3.56,50.0,9.24,50.0,2.3,46.13,36.97,16.05,46.94,12.16,58.47,4.45,50.0,9.24,50.0,2.3,44.19
202609051809,2026-09-05,18,9R,realtime,66.88,29.03,54.39,14.09,39.95,3.04,51.25,9.47,36.22,1.67,57.29,50.78,22.04,49.42,12.8,33.99,2.59,63.56,11.75,53.4,2.46,51.63,51.63,22.41,51.9,13.44,44.82,3.41,35.86,6.63,59.77,2.75,48.64,49.9,21.66,49.42,12.8,61.84,4.71,57.09,10.55,48.1,2.21,51.93,43.48,18.87,46.94,12.16,46.71,3.56,47.72,8.82,55.89,2.57,45.98,36.97,16.05,46.94,12.16,58.47,4.45,44.42,8.21,46.58,2.14,43.0
202609051810,2026-09-05,18,10R,daily,66.88,29.03,51.9,13.44,41.33,3.15,50.0,9.24,50.0,2.3,57.16,50.78,22.04,51.9,13.44,46.73,3.56,50.0,9.24,50.0,2.3,50.58,51.63,22.41,46.94,12.16,48.01,3.65,50.0,9.24,50.0,2.3,49.76,49.9,21.66,64.32,16.66,37.79,2.88,50.0,9.24,50.0,2.3,52.74,43.48,18.87,51.9,13.44,45.42,3.46,50.0,9.24,50.0,2.3,47.31,36.97,16.05,49.42,12.8,40.24,3.06,50.0,9.24,50.0,2.3,43.45
202609051810,2026-09-05,18,10R,realtime,66.88,29.03,51.9,13.44,41.33,3.15,69.06,12.76,29.5,1.36,59.74,50.78,22.04,51.9,13.44,46.73,3.56,43.15,7.97,62.8,2.89,49.91,51.63,22.41,46.94,12.16,48.01,3.65,48.37,8.94,77.62,3.57,50.73,49.9,21.66,64.32,16.66,37.79,2.88,46.78,8.64,34.61,1.59,51.43,43.48,18.87,51.9,13.44,45.42,3.46,49.51,9.15,61.25,2.82,47.74,36.97,16.05,49.42,12.8,40.24,3.06,43.03,7.95,34.19,1.57,41.43
202609051811,2026-09-05,18,11R,daily,66.88,29.03,51.9,13.44,41.51,3.16,50.0,9.24,50.0,2.3,57.17,50.78,22.04,59.35,15.37,55.93,4.26,50.0,9.24,50.0,2.3,53.21,51.63,22.41,51.9,13.44,53.78,4.09,50.0,9.24,50.0,2.3,51.49,49.9,21.66,51.9,13.44,57.47,4.37,50.0,9.24,50.0,2.3,51.02,43.48,18.87,56.87,14.73,34.23,2.61,50.0,9.24,50.0,2.3,47.75,36.97,16.05,49.42,12.8,50.23,3.82,50.0,9.24,50.0,2.3,44.21
202609051811,2026-09-05,18,11R,realtime,66.88,29.03,51.9,13.44,41.51,3.16,68.36,12.63,32.7,1.5,59.77,50.78,22.04,59.35,15.37,55.93,4.26,60.42,11.17,61.61,2.83,55.67,51.63,22.41,51.9,13.44,53.78,4.09,35.03,6.47,75.29,3.46,49.88,49.9,21.66,51.9,13.44,57.47,4.37,45.14,8.34,35.85,1.65,49.47,43.48,18.87,56.87,14.73,34.23,2.61,43.65,8.07,59.16,2.72,47.0,36.97,16.05,49.42,12.8,50.23,3.82,47.31,8.74,35.36,1.63,43.04
202609051812,2026-09-05,18,12R,daily,66.88,29.03,64.32,16.66,59.55,4.53,50.0,9.24,50.0,2.3,61.76,50.78,22.04,56.87,14.73,39.74,3.02,50.0,9.24,50.0,2.3,51.34,51.63,22.41,54.39,14.09,50.52,3.85,50.0,9.24,50.0,2.3,51.88,49.9,21.66,51.9,13.44,63.67,4.85,50.0,9.24,50.0,2.3,51.49,43.48,18.87,56.87,14.73,59.73,4.55,50.0,9.24,50.0,2.3,49.69,36.97,16.05,46.94,12.16,64.95,4.94,50.0,9.24,50.0,2.3,44.69
202609051812,2026-09-05,18,12R,realtime,66.88,29.03,64.32,16.66,59.55,4.53,64.5,11.92,40.54,1.86,64.01,50.78,22.04,56.87,14.73,39.74,3.02,60.39,11.16,61.25,2.82,53.78,51.63,22.41,54.39,14.09,50.52,3.85,43.23,7.99,69.96,3.22,51.55,43.48,18.87,51.9,13.44,63.67,4.85,48.72,9.0,58.69,2.7,48.87,49.9,21.66,56.87,14.73,59.73,4.55,35.61,6.58,33.74,1.55,49.07,36.97,16.05,46.94,12.16,64.95,4.94,47.44,8.77,35.79,1.65,43.56
202609052001,2026-09-05,20,1R,daily,70.3,27.22,47.05,12.08,43.27,2.99,50.0,9.67,50.0,4.67,56.64,52.16,20.2,47.05,12.08,59.01,4.07,50.0,9.67,50.0,4.67,50.7,52.04,20.15,42.29,10.86,68.25,4.71,50.0,9.67,50.0,4.67,50.07,46.67,18.07,42.29,10.86,50.49,3.48,50.0,9.67,50.0,4.67,46.77,43.57,16.87,47.05,12.08,46.73,3.22,50.0,9.67,50.0,4.67,46.53,35.62,13.79,44.67,11.47,55.13,3.8,50.0,9.67,50.0,4.67,43.42
202609052001,2026-09-05,20,1R,realtime,70.3,27.22,47.05,12.08,43.27,2.99,62.31,12.05,50.93,4.76,59.11,52.16,20.2,47.05,12.08,59.01,4.07,36.49,7.06,57.53,5.38,48.79,52.04,20.15,42.29,10.86,68.25,4.71,48.41,9.37,49.71,4.65,49.73,46.67,18.07,42.29,10.86,50.49,3.48,49.78,9.63,55.53,5.19,47.24,43.57,16.87,47.05,12.08,46.73,3.22,47.03,9.1,46.65,4.36,45.64,35.62,13.79,44.67,11.47,55.13,3.8,55.95,10.83,39.64,3.71,43.6
202609052002,2026-09-05,20,2R,daily,70.3,27.22,44.67,11.47,62.58,4.32,50.0,9.67,50.0,4.67,57.36,52.16,20.2,39.92,10.25,61.69,4.26,50.0,9.67,50.0,4.67,49.05,52.04,20.15,47.05,12.08,45.65,3.15,50.0,9.67,50.0,4.67,49.73,46.67,18.07,39.92,10.25,35.11,2.42,50.0,9.67,50.0,4.67,45.09,43.57,16.87,61.31,15.75,48.4,3.34,50.0,9.67,50.0,4.67,50.3,35.62,13.79,42.29,10.86,34.4,2.37,50.0,9.67,50.0,4.67,41.38
202609052002,2026-09-05,20,2R,realtime,70.3,27.22,44.67,11.47,62.58,4.32,58.15,11.25,50.93,4.76,59.02,52.16,20.2,39.92,10.25,61.69,4.26,44.25,8.56,57.53,5.38,48.64,52.04,20.15,47.05,12.08,45.65,3.15,38.99,7.54,49.71,4.65,47.57,46.67,18.07,39.92,10.25,35.11,2.42,59.5,11.51,55.53,5.19,47.45,43.57,16.87,61.31,15.75,48.4,3.34,41.66,8.06,46.65,4.36,48.38,35.62,13.79,42.29,10.86,34.4,2.37,57.43,11.11,39.64,3.71,41.84
202609052003,2026-09-05,20,3R,daily,70.3,27.22,47.05,12.08,67.72,4.67,50.0,9.67,50.0,4.67,58.33,52.16,20.2,47.05,12.08,51.51,3.55,50.0,9.67,50.0,4.67,50.18,52.04,20.15,42.29,10.86,59.76,4.12,50.0,9.67,50.0,4.67,49.48,46.67,18.07,44.67,11.47,32.11,2.21,50.0,9.67,50.0,4.67,46.11,43.57,16.87,47.05,12.08,37.79,2.61,50.0,9.67,50.0,4.67,45.91,35.62,13.79,49.42,12.7,55.53,3.83,50.0,9.67,50.0,4.67,44.66
202609052003,2026-09-05,20,3R,realtime,70.3,27.22,47.05,12.08,67.72,4.67,65.89,12.75,50.93,4.76,61.49,52.16,20.2,47.05,12.08,51.51,3.55,35.98,6.96,57.53,5.38,48.17,52.04,20.15,42.29,10.86,59.76,4.12,59.11,11.44,49.71,4.65,51.22,46.67,18.07,44.67,11.47,32.11,2.22,49.46,9.57,55.53,5.19,46.52,43.57,16.87,47.05,12.08,37.79,2.61,44.22,8.56,46.65,4.36,44.48,35.62,13.79,49.42,12.7,55.53,3.83,45.32,8.77,39.64,3.71,42.79
202609052004,2026-09-05,20,4R,daily,70.3,27.22,49.42,12.7,63.58,4.39,50.0,9.67,50.0,4.67,58.65,52.16,20.2,44.67,11.47,45.68,3.15,50.0,9.67,50.0,4.67,49.17,52.04,20.15,47.05,12.08,59.27,4.09,50.0,9.67,50.0,4.67,50.67,46.67,18.07,44.67,11.47,61.82,4.27,50.0,9.67,50.0,4.67,48.16,43.57,16.87,51.8,13.31,42.6,2.94,50.0,9.67,50.0,4.67,47.46,35.62,13.79,47.05,12.08,52.15,3.6,50.0,9.67,50.0,4.67,43.82
202609052004,2026-09-05,20,4R,realtime,70.3,27.22,49.42,12.7,63.58,4.39,56.35,10.9,50.93,4.76,59.96,52.16,20.2,44.67,11.47,45.68,3.15,55.74,10.78,57.53,5.38,50.98,52.04,20.15,47.05,12.08,59.27,4.09,54.05,10.46,49.71,4.65,51.43,46.67,18.07,44.67,11.47,61.82,4.26,37.67,7.29,55.53,5.19,46.29,43.57,16.87,51.8,13.31,42.6,2.94,41.88,8.1,46.65,4.36,45.58,35.62,13.79,47.05,12.08,52.15,3.6,54.28,10.5,39.64,3.71,43.68
202609052005,2026-09-05,20,5R,daily,70.3,27.22,49.42,12.7,72.07,4.97,50.0,9.67,50.0,4.67,59.24,52.16,20.2,51.8,13.31,48.39,3.34,50.0,9.67,50.0,4.67,51.19,52.04,20.15,42.29,10.86,43.07,2.97,50.0,9.67,50.0,4.67,48.33,46.67,18.07,56.55,14.53,54.42,3.75,50.0,9.67,50.0,4.67,50.7,43.57,16.87,42.29,10.86,50.49,3.48,50.0,9.67,50.0,4.67,45.56,35.62,13.79,44.67,11.47,52.56,3.63,50.0,9.67,50.0,4.67,43.24
202609052006,2026-09-05,20,6R,daily,70.3,27.22,51.8,13.31,52.64,3.63,50.0,9.67,50.0,4.67,58.51,52.16,20.2,44.67,11.47,64.09,4.42,50.0,9.67,50.0,4.67,50.44,52.04,20.15,42.29,10.86,34.4,2.37,50.0,9.67,50.0,4.67,47.73,46.67,18.07,49.42,12.7,45.48,3.14,50.0,9.67,50.0,4.67,48.25,43.57,16.87,70.82,18.19,44.71,3.08,50.0,9.67,50.0,4.67,52.49,35.62,13.79,47.05,12.08,37.17,2.56,50.0,9.67,50.0,4.67,42.79
202609052006,2026-09-05,20,6R,realtime,70.3,27.22,51.8,13.31,52.64,3.63,54.6,10.56,53.21,4.97,59.7,52.16,20.2,44.67,11.47,64.09,4.42,69.61,13.47,54.32,5.08,54.64,52.04,20.15,42.29,10.86,34.4,2.37,40.96,7.93,49.79,4.65,45.97,46.67,18.07,49.42,12.7,45.48,3.14,38.27,7.4,52.69,4.92,46.23,43.57,16.87,70.82,18.19,44.71,3.08,46.08,8.92,50.28,4.7,51.76,35.62,13.79,47.05,12.08,37.17,2.56,50.45,9.76,39.7,3.71,41.91
202609052007,2026-09-05,20,7R,daily,70.3,27.22,49.42,12.7,55.53,3.83,50.0,9.67,50.0,4.67,58.09,52.16,20.2,39.92,10.25,35.11,2.42,50.0,9.67,50.0,4.67,47.22,52.04,20.15,47.05,12.08,65.22,4.5,50.0,9.67,50.0,4.67,51.08,46.67,18.07,42.29,10.86,68.25,4.71,50.0,9.67,50.0,4.67,47.99,43.57,16.87,42.29,10.86,59.76,4.12,50.0,9.67,50.0,4.67,46.2,35.62,13.79,54.18,13.92,27.11,1.87,50.0,9.67,50.0,4.67,43.93
202609052007,2026-09-05,20,7R,realtime,70.3,27.22,49.42,12.7,55.53,3.83,55.6,10.76,50.93,4.76,59.26,52.16,20.2,39.92,10.25,35.11,2.42,46.54,9.0,57.53,5.38,47.25,52.04,20.15,47.05,12.08,65.22,4.5,57.17,11.06,49.71,4.65,52.44,46.67,18.07,42.29,10.86,68.25,4.71,48.49,9.38,55.53,5.19,48.22,43.57,16.87,42.29,10.86,59.76,4.12,43.98,8.51,46.65,4.36,44.73,35.62,13.79,54.18,13.92,27.11,1.87,48.21,9.33,39.64,3.71,42.61
202609052008,2026-09-05,20,8R,daily,70.3,27.22,47.05,12.08,46.73,3.22,50.0,9.67,50.0,4.67,56.88,52.16,20.2,47.05,12.08,37.79,2.61,50.0,9.67,50.0,4.67,49.23,52.04,20.15,47.05,12.08,51.51,3.55,50.0,9.67,50.0,4.67,50.14,46.67,18.07,39.92,10.25,61.69,4.26,50.0,9.67,50.0,4.67,46.93,43.57,16.87,44.67,11.47,45.68,3.15,50.0,9.67,50.0,4.67,45.84,35.62,13.79,47.05,12.08,43.27,2.99,50.0,9.67,50.0,4.67,43.21
202609052008,2026-09-05,20,8R,realtime,70.3,27.22,47.05,12.08,46.73,3.22,58.7,11.36,50.93,4.76,58.65,52.16,20.2,47.05,12.08,37.79,2.61,49.68,9.61,57.53,5.38,49.88,52.04,20.15,47.05,12.08,51.51,3.55,30.27,5.86,49.71,4.65,46.29,46.67,18.07,39.92,10.25,61.69,4.26,45.16,8.74,55.53,5.19,46.51,43.57,16.87,44.67,11.47,45.68,3.15,61.53,11.9,46.65,4.36,47.76,35.62,13.79,47.05,12.08,43.27,2.99,54.63,10.57,39.64,3.71,43.14
202609052009,2026-09-05,20,9R,daily,70.3,27.22,47.05,12.08,52.15,3.6,50.0,9.67,50.0,4.67,57.25,52.16,20.2,47.05,12.08,59.27,4.09,50.0,9.67,50.0,4.67,50.72,52.04,20.15,47.05,12.08,59.01,4.07,50.0,9.67,50.0,4.67,50.65,46.67,18.07,42.29,10.86,43.07,2.97,50.0,9.67,50.0,4.67,46.25,43.57,16.87,44.67,11.47,32.11,2.21,50.0,9.67,50.0,4.67,44.91,35.62,13.79,47.05,12.08,45.65,3.15,50.0,9.67,50.0,4.67,43.37
202609052009,2026-09-05,20,9R,realtime,70.3,27.22,47.05,12.08,52.15,3.6,59.68,11.55,53.21,4.97,59.42,52.16,20.2,47.05,12.08,59.27,4.09,69.3,13.41,54.32,5.08,54.85,52.04,20.15,47.05,12.08,59.01,4.07,37.16,7.19,49.79,4.65,48.15,46.67,18.07,42.29,10.86,43.07,2.97,44.9,8.69,52.69,4.92,45.52,43.57,16.87,44.67,11.47,32.11,2.22,43.56,8.43,50.28,4.7,43.69,35.62,13.79,47.05,12.08,45.65,3.15,45.39,8.78,39.7,3.71,41.52
202609052010,2026-09-05,20,10R,daily,70.3,27.22,51.8,13.31,42.6,2.94,50.0,9.67,50.0,4.67,57.81,52.16,20.2,70.82,18.19,44.71,3.08,50.0,9.67,50.0,4.67,55.82,52.04,20.15,44.67,11.47,64.09,4.42,50.0,9.67,50.0,4.67,50.39,46.67,18.07,49.42,12.7,63.58,4.39,50.0,9.67,50.0,4.67,49.5,43.57,16.87,44.67,11.47,52.56,3.63,50.0,9.67,50.0,4.67,46.32,35.62,13.79,44.67,11.47,62.58,4.32,50.0,9.67,50.0,4.67,43.93
202609052010,2026-09-05,20,10R,realtime,70.3,27.22,51.8,13.31,42.6,2.94,51.98,10.06,54.29,5.07,58.6,52.16,20.2,70.82,18.19,44.71,3.08,45.8,8.86,58.47,5.47,55.8,52.04,20.15,44.67,11.47,64.09,4.42,62.73,12.14,49.69,4.64,52.83,46.67,18.07,49.42,12.7,63.58,4.39,47.33,9.16,54.38,5.08,49.39,43.57,16.87,44.67,11.47,52.56,3.63,51.47,9.96,42.99,4.02,45.95,35.62,13.79,44.67,11.47,62.58,4.32,40.66,7.87,40.17,3.75,41.21
202609052011,2026-09-05,20,11R,daily,70.3,27.22,61.31,15.75,48.4,3.34,50.0,9.67,50.0,4.67,60.65,52.16,20.2,47.05,12.08,67.72,4.67,50.0,9.67,50.0,4.67,51.3,52.04,20.15,51.8,13.31,48.39,3.34,50.0,9.67,50.0,4.67,51.14,46.67,18.07,47.05,12.08,65.22,4.5,50.0,9.67,50.0,4.67,49.0,43.57,16.87,51.8,13.31,52.64,3.63,50.0,9.67,50.0,4.67,48.15,35.62,13.79,56.55,14.53,54.42,3.75,50.0,9.67,50.0,4.67,46.42
202609052012,2026-09-05,20,12R,daily,70.3,27.22,49.42,12.7,50.53,3.49,50.0,9.67,50.0,4.67,57.75,52.16,20.2,56.55,14.53,63.12,4.35,50.0,9.67,50.0,4.67,53.42,52.04,20.15,56.55,14.53,66.78,4.61,50.0,9.67,50.0,4.67,53.63,46.67,18.07,58.93,15.14,51.51,3.55,50.0,9.67,50.0,4.67,51.11,43.57,16.87,63.68,16.36,72.64,5.01,50.0,9.67,50.0,4.67,52.59,35.62,13.79,49.42,12.7,67.4,4.65,50.0,9.67,50.0,4.67,45.48
202609052201,2026-09-05,22,1R,daily,67.18,30.66,52.55,10.66,56.67,3.74,50.0,11.86,50.0,1.88,58.8,54.42,24.84,48.46,9.83,44.74,2.95,50.0,11.86,50.0,1.88,51.36,52.68,24.05,42.33,8.58,41.93,2.77,50.0,11.86,50.0,1.88,49.14,48.28,22.04,42.33,8.58,50.11,3.31,50.0,11.86,50.0,1.88,47.66,42.56,19.43,42.33,8.58,57.87,3.82,50.0,11.86,50.0,1.88,45.57,34.54,15.77,46.42,9.41,32.97,2.18,50.0,11.86,50.0,1.88,41.09
202609052201,2026-09-05,22,1R,realtime,67.18,30.66,52.55,10.66,56.67,3.74,63.05,14.96,31.41,1.18,61.2,54.42,24.84,48.46,9.83,44.74,2.95,46.99,11.15,43.2,1.62,50.39,52.68,24.05,42.33,8.58,41.93,2.77,32.17,7.63,49.95,1.87,44.9,48.28,22.04,42.33,8.58,50.11,3.31,43.45,10.31,52.05,1.95,46.19,42.56,19.43,42.33,8.58,57.87,3.82,65.88,15.63,68.51,2.57,50.03,34.54,15.77,46.42,9.41,32.97,2.18,48.48,11.5,54.93,2.06,40.92
202609052202,2026-09-05,22,2R,daily,67.18,30.66,44.37,9.0,58.78,3.88,50.0,11.86,50.0,1.88,57.28,54.42,24.84,42.33,8.58,52.1,3.44,50.0,11.86,50.0,1.88,50.6,52.68,24.05,46.42,9.41,47.66,3.15,50.0,11.86,50.0,1.88,50.34,48.28,22.04,46.42,9.41,48.75,3.22,50.0,11.86,50.0,1.88,48.4,42.56,19.43,48.46,9.83,40.86,2.7,50.0,11.86,50.0,1.88,45.69,34.54,15.77,42.33,8.58,67.05,4.43,50.0,11.86,50.0,1.88,42.51
202609052202,2026-09-05,22,2R,realtime,67.18,30.66,44.37,9.0,58.78,3.88,53.32,12.65,31.41,1.18,57.37,54.42,24.84,42.33,8.58,52.1,3.44,56.53,13.41,43.2,1.62,51.89,52.68,24.05,46.42,9.41,47.66,3.15,55.67,13.21,49.95,1.87,51.69,48.28,22.04,46.42,9.41,48.75,3.22,37.21,8.83,52.05,1.95,45.45,42.56,19.43,48.46,9.83,40.86,2.7,49.22,11.68,68.51,2.57,46.2,34.54,15.77,42.33,8.58,67.05,4.43,48.08,11.4,54.93,2.06,42.24
202609052203,2026-09-05,22,3R,daily,67.18,30.66,44.37,9.0,61.7,4.07,50.0,11.86,50.0,1.88,57.47,54.42,24.84,46.42,9.41,76.29,5.04,50.0,11.86,50.0,1.88,53.03,52.68,24.05,42.33,8.58,69.97,4.62,50.0,11.86,50.0,1.88,50.99,48.28,22.04,44.37,9.0,50.34,3.32,50.0,11.86,50.0,1.88,48.09,42.56,19.43,50.51,10.24,60.46,3.99,50.0,11.86,50.0,1.88,47.4,34.54,15.77,44.37,9.0,51.4,3.39,50.0,11.86,50.0,1.88,41.9
202609052203,2026-09-05,22,3R,realtime,67.18,30.66,44.37,9.0,61.7,4.07,43.14,10.23,31.71,1.19,55.16,54.42,24.84,46.42,9.41,76.29,5.04,67.41,15.99,42.56,1.6,56.88,52.68,24.05,42.33,8.58,69.97,4.62,36.76,8.72,51.21,1.92,47.89,48.28,22.04,44.37,9.0,50.34,3.32,50.67,12.02,51.79,1.94,48.32,42.56,19.43,50.51,10.24,60.46,3.99,46.68,11.07,67.3,2.52,47.26,34.54,15.77,44.37,9.0,51.4,3.39,55.37,13.14,55.45,2.08,43.37
202609052204,2026-09-05,22,4R,daily,67.18,30.66,38.24,7.75,40.96,2.7,50.0,11.86,50.0,1.88,54.86,54.42,24.84,42.33,8.58,50.54,3.34,50.0,11.86,50.0,1.88,50.5,52.68,24.05,52.55,10.66,33.21,2.19,50.0,11.86,50.0,1.88,50.63,48.28,22.04,42.33,8.58,50.78,3.35,50.0,11.86,50.0,1.88,47.71,42.56,19.43,48.46,9.83,52.01,3.43,50.0,11.86,50.0,1.88,46.43,34.54,15.77,48.46,9.83,67.44,4.45,50.0,11.86,50.0,1.88,43.78
202609052204,2026-09-05,22,4R,realtime,67.18,30.66,38.24,7.75,40.96,2.7,64.83,15.38,31.71,1.19,57.69,54.42,24.84,42.33,8.58,50.54,3.34,42.8,10.15,42.56,1.6,48.51,52.68,24.05,52.55,10.66,33.21,2.19,56.76,13.47,51.21,1.92,52.28,48.28,22.04,42.33,8.58,50.78,3.35,55.67,13.21,51.79,1.94,49.12,42.56,19.43,48.46,9.83,52.01,3.43,45.94,10.9,67.3,2.52,46.11,34.54,15.77,48.46,9.83,67.44,4.45,34.02,8.07,55.45,2.08,40.2
202609052205,2026-09-05,22,5R,daily,67.18,30.66,54.6,11.07,44.81,2.96,50.0,11.86,50.0,1.88,58.43,54.42,24.84,44.37,9.0,51.48,3.4,50.0,11.86,50.0,1.88,50.97,52.68,24.05,52.55,10.66,61.72,4.07,50.0,11.86,50.0,1.88,52.52,48.28,22.04,46.42,9.41,51.11,3.37,50.0,11.86,50.0,1.88,48.56,42.56,19.43,38.24,7.75,48.98,3.23,50.0,11.86,50.0,1.88,44.15,34.54,15.77,44.37,9.0,58.44,3.86,50.0,11.86,50.0,1.88,42.36
202609052205,2026-09-05,22,5R,realtime,67.18,30.66,54.6,11.07,44.81,2.96,67.07,15.91,35.7,1.34,61.94,54.42,24.84,44.37,9.0,51.48,3.4,61.92,14.69,37.22,1.4,53.32,52.68,24.05,52.55,10.66,61.72,4.08,54.05,12.82,65.34,2.45,54.05,48.28,22.04,46.42,9.41,51.11,3.37,38.81,9.21,47.74,1.79,45.82,34.54,15.77,38.24,7.75,48.98,3.23,37.93,9.0,54.96,2.06,37.82,42.56,19.43,44.37,9.0,58.44,3.86,40.23,9.54,59.08,2.22,44.05
202609052206,2026-09-05,22,6R,daily,67.18,30.66,46.42,9.41,53.41,3.53,50.0,11.86,50.0,1.88,57.34,54.42,24.84,50.51,10.24,53.89,3.56,50.0,11.86,50.0,1.88,52.38,52.68,24.05,42.33,8.58,38.97,2.57,50.0,11.86,50.0,1.88,48.94,48.28,22.04,54.6,11.07,42.06,2.78,50.0,11.86,50.0,1.88,49.62,42.56,19.43,42.33,8.58,52.1,3.44,50.0,11.86,50.0,1.88,45.19,34.54,15.77,56.64,11.49,59.94,3.96,50.0,11.86,50.0,1.88,44.95
202609052206,2026-09-05,22,6R,realtime,67.18,30.66,46.42,9.41,53.41,3.53,56.54,13.41,35.7,1.34,58.35,54.42,24.84,50.51,10.24,53.89,3.56,55.39,13.14,37.22,1.4,53.18,52.68,24.05,42.33,8.58,38.97,2.57,44.61,10.58,65.34,2.45,48.24,48.28,22.04,54.6,11.07,42.06,2.78,53.72,12.74,47.74,1.79,50.42,42.56,19.43,42.33,8.58,52.1,3.44,54.93,13.03,59.08,2.22,46.7,34.54,15.77,56.64,11.49,59.94,3.96,34.82,8.26,54.96,2.06,41.53
202609052207,2026-09-05,22,7R,daily,67.18,30.66,58.68,11.9,50.06,3.31,50.0,11.86,50.0,1.88,59.61,54.42,24.84,40.28,8.17,39.9,2.63,50.0,11.86,50.0,1.88,49.38,52.68,24.05,48.46,9.83,44.74,2.95,50.0,11.86,50.0,1.88,50.57,48.28,22.04,44.37,9.0,58.78,3.88,50.0,11.86,50.0,1.88,48.65,42.56,19.43,66.86,13.56,60.4,3.99,50.0,11.86,50.0,1.88,50.71,34.54,15.77,44.37,9.0,62.76,4.14,50.0,11.86,50.0,1.88,42.65
202609052207,2026-09-05,22,7R,realtime,67.18,30.66,58.68,11.9,50.06,3.31,70.11,16.63,35.7,1.34,63.84,54.42,24.84,40.28,8.17,39.9,2.63,51.8,12.29,37.22,1.4,49.33,52.68,24.05,48.46,9.83,44.74,2.95,45.04,10.68,65.34,2.45,49.96,48.28,22.04,44.37,9.0,58.78,3.88,32.11,7.62,47.74,1.79,44.32,42.56,19.43,66.86,13.56,60.4,3.99,57.58,13.66,59.08,2.22,52.85,34.54,15.77,44.37,9.0,62.76,4.14,43.36,10.29,54.96,2.06,41.26
202609052208,2026-09-05,22,8R,daily,67.18,30.66,48.46,9.83,35.19,2.32,50.0,11.86,50.0,1.88,56.55,54.42,24.84,54.6,11.07,47.48,3.13,50.0,11.86,50.0,1.88,52.78,52.68,24.05,46.42,9.41,76.29,5.04,50.0,11.86,50.0,1.88,52.23,48.28,22.04,46.42,9.41,32.97,2.18,50.0,11.86,50.0,1.88,47.36,42.56,19.43,46.42,9.41,47.66,3.15,50.0,11.86,50.0,1.88,45.72,34.54,15.77,42.33,8.58,50.78,3.35,50.0,11.86,50.0,1.88,41.44
202609052208,2026-09-05,22,8R,realtime,67.18,30.66,48.46,9.83,35.19,2.32,51.04,12.11,39.41,1.48,56.4,54.42,24.84,54.6,11.07,47.48,3.13,58.8,13.95,38.58,1.45,54.44,52.68,24.05,46.42,9.41,76.29,5.04,60.69,14.4,65.36,2.45,55.35,48.28,22.04,46.42,9.41,32.97,2.18,39.43,9.35,47.33,1.78,44.76,42.56,19.43,46.42,9.41,47.66,3.15,42.28,10.03,55.38,2.08,44.09,34.54,15.77,42.33,8.58,50.78,3.35,47.76,11.33,53.97,2.02,41.06
202609052209,2026-09-05,22,9R,daily,67.18,30.66,48.46,9.83,40.86,2.7,50.0,11.86,50.0,1.88,56.92,54.42,24.84,44.37,9.0,51.4,3.39,50.0,11.86,50.0,1.88,50.97,52.68,24.05,48.46,9.83,52.01,3.43,50.0,11.86,50.0,1.88,51.05,48.28,22.04,44.37,9.0,51.48,3.4,50.0,11.86,50.0,1.88,48.17,42.56,19.43,34.15,6.93,50.3,3.32,50.0,11.86,50.0,1.88,43.41,34.54,15.77,50.51,10.24,54.98,3.63,50.0,11.86,50.0,1.88,43.38
202609052209,2026-09-05,22,9R,realtime,67.18,30.66,48.46,9.83,40.86,2.7,64.76,15.36,39.41,1.48,60.03,54.42,24.84,44.37,9.0,51.4,3.39,51.19,12.14,38.58,1.45,50.82,52.68,24.05,48.46,9.83,52.01,3.43,49.88,11.83,65.36,2.45,51.59,48.28,22.04,44.37,9.0,51.48,3.4,38.69,9.18,47.33,1.78,45.39,34.54,15.77,34.15,6.93,50.3,3.32,46.98,11.14,53.97,2.02,39.18,42.56,19.43,50.51,10.24,54.98,3.63,48.52,11.51,55.38,2.08,46.89
202609052210,2026-09-05,22,10R,daily,67.18,30.66,56.64,11.49,71.29,4.71,50.0,11.86,50.0,1.88,60.59,54.42,24.84,46.42,9.41,51.11,3.37,50.0,11.86,50.0,1.88,51.36,52.68,24.05,42.33,8.58,50.54,3.34,50.0,11.86,50.0,1.88,49.71,48.28,22.04,42.33,8.58,38.97,2.57,50.0,11.86,50.0,1.88,46.93,42.56,19.43,42.33,8.58,41.93,2.77,50.0,11.86,50.0,1.88,44.52,34.54,15.77,56.64,11.49,52.41,3.46,50.0,11.86,50.0,1.88,44.45
202609052210,2026-09-05,22,10R,realtime,67.18,30.66,56.64,11.49,71.29,4.71,68.49,16.25,35.7,1.34,64.44,54.42,24.84,46.42,9.41,51.11,3.37,45.33,10.75,37.22,1.4,49.78,52.68,24.05,42.33,8.58,50.54,3.34,57.56,13.66,65.34,2.45,52.08,42.56,19.43,42.33,8.58,38.97,2.57,37.8,8.97,59.08,2.22,41.77,34.54,15.77,42.33,8.58,41.93,2.77,36.6,8.68,54.96,2.06,37.86,48.28,22.04,56.64,11.49,52.41,3.46,54.24,12.87,47.74,1.79,51.64
202609052211,2026-09-05,22,11R,daily,67.18,30.66,50.51,10.24,60.46,3.99,50.0,11.86,50.0,1.88,58.63,54.42,24.84,52.55,10.66,33.21,2.19,50.0,11.86,50.0,1.88,51.43,52.68,24.05,54.6,11.07,44.81,2.96,50.0,11.86,50.0,1.88,51.81,48.28,22.04,42.33,8.58,57.87,3.82,50.0,11.86,50.0,1.88,48.18,42.56,19.43,54.6,11.07,42.06,2.78,50.0,11.86,50.0,1.88,47.01,34.54,15.77,40.28,8.17,39.9,2.63,50.0,11.86,50.0,1.88,40.31
202609052211,2026-09-05,22,11R,realtime,67.18,30.66,50.51,10.24,60.46,3.99,45.72,10.85,35.7,1.34,57.08,54.42,24.84,52.55,10.66,33.21,2.19,47.54,11.28,37.22,1.4,50.36,52.68,24.05,54.6,11.07,44.81,2.96,51.16,12.14,65.34,2.45,52.67,48.28,22.04,42.33,8.58,57.87,3.82,67.16,15.93,47.74,1.79,52.16,42.56,19.43,54.6,11.07,42.06,2.78,40.97,9.72,59.08,2.22,45.21,34.54,15.77,40.28,8.17,39.9,2.63,47.47,11.26,54.96,2.06,39.89
202609052212,2026-09-05,22,12R,daily,67.18,30.66,66.86,13.56,60.4,3.99,50.0,11.86,50.0,1.88,61.95,54.42,24.84,56.64,11.49,59.94,3.96,50.0,11.86,50.0,1.88,54.02,52.68,24.05,48.46,9.83,35.19,2.32,50.0,11.86,50.0,1.88,49.94,48.28,22.04,44.37,9.0,61.7,4.07,50.0,11.86,50.0,1.88,48.84,42.56,19.43,52.55,10.66,61.72,4.07,50.0,11.86,50.0,1.88,47.9,34.54,15.77,42.33,8.58,50.11,3.31,50.0,11.86,50.0,1.88,41.4
