レースコード,レース日,レース場コード,レース回,状態,1枠_枠番pt,1枠_寄与_枠番pt,1枠_選手pt,1枠_寄与_選手pt,1枠_モーターpt,1枠_寄与_モーターpt,1枠_展示pt,1枠_寄与_展示pt,1枠_気象pt,1枠_寄与_気象pt,1枠_強さpt,2枠_枠番pt,2枠_寄与_枠番pt,2枠_選手pt,2枠_寄与_選手pt,2枠_モーターpt,2枠_寄与_モーターpt,2枠_展示pt,2枠_寄与_展示pt,2枠_気象pt,2枠_寄与_気象pt,2枠_強さpt,3枠_枠番pt,3枠_寄与_枠番pt,3枠_選手pt,3枠_寄与_選手pt,3枠_モーターpt,3枠_寄与_モーターpt,3枠_展示pt,3枠_寄与_展示pt,3枠_気象pt,3枠_寄与_気象pt,3枠_強さpt,4枠_枠番pt,4枠_寄与_枠番pt,4枠_選手pt,4枠_寄与_選手pt,4枠_モーターpt,4枠_寄与_モーターpt,4枠_展示pt,4枠_寄与_展示pt,4枠_気象pt,4枠_寄与_気象pt,4枠_強さpt,5枠_枠番pt,5枠_寄与_枠番pt,5枠_選手pt,5枠_寄与_選手pt,5枠_モーターpt,5枠_寄与_モーターpt,5枠_展示pt,5枠_寄与_展示pt,5枠_気象pt,5枠_寄与_気象pt,5枠_強さpt,6枠_枠番pt,6枠_寄与_枠番pt,6枠_選手pt,6枠_寄与_選手pt,6枠_モーターpt,6枠_寄与_モーターpt,6枠_展示pt,6枠_寄与_展示pt,6枠_気象pt,6枠_寄与_気象pt,6枠_強さpt
202609060101,2026-09-06,01,1R,daily,68.49,25.96,40.25,7.88,40.92,5.06,50.0,10.9,50.0,4.18,53.98,52.33,19.84,45.67,8.94,42.97,5.31,50.0,10.9,50.0,4.18,49.17,52.57,19.93,43.86,8.59,46.57,5.76,50.0,10.9,50.0,4.18,49.35,47.29,17.93,51.08,10.0,36.89,4.56,50.0,10.9,50.0,4.18,47.56,44.66,16.93,43.86,8.59,58.09,7.18,50.0,10.9,50.0,4.18,47.77,34.48,13.07,33.03,6.47,35.86,4.43,50.0,10.9,50.0,4.18,39.05
202609060101,2026-09-06,01,1R,realtime,68.49,25.96,40.25,7.88,40.92,5.06,48.58,10.59,61.73,5.16,54.65,52.33,19.84,45.67,8.94,42.97,5.31,54.66,11.92,46.51,3.89,49.89,52.57,19.93,43.86,8.59,46.57,5.76,42.68,9.31,46.45,3.88,47.45,47.29,17.93,51.08,10.0,36.89,4.56,44.2,9.64,51.36,4.29,46.41,44.66,16.93,43.86,8.59,58.09,7.18,49.88,10.88,48.46,4.05,47.62,34.48,13.07,33.03,6.47,35.86,4.43,59.94,13.07,45.6,3.81,40.85
202609060102,2026-09-06,01,2R,daily,68.49,25.96,42.06,8.23,58.93,7.28,50.0,10.9,50.0,4.18,56.56,52.33,19.84,45.67,8.94,45.66,5.64,50.0,10.9,50.0,4.18,49.5,52.57,19.93,43.86,8.59,40.53,5.01,50.0,10.9,50.0,4.18,48.6,47.29,17.93,43.86,8.59,57.09,7.06,50.0,10.9,50.0,4.18,48.65,44.66,16.93,61.91,12.12,51.64,6.38,50.0,10.9,50.0,4.18,50.51,34.48,13.07,54.69,10.7,44.09,5.45,50.0,10.9,50.0,4.18,44.3
202609060102,2026-09-06,01,2R,realtime,68.49,25.96,42.06,8.23,58.93,7.28,49.26,10.74,61.73,5.16,57.38,52.33,19.84,45.67,8.94,45.66,5.64,48.04,10.48,46.51,3.89,48.78,52.57,19.93,43.86,8.59,40.53,5.01,61.94,13.51,46.45,3.88,50.91,47.29,17.93,43.86,8.59,57.09,7.06,49.32,10.76,51.36,4.29,48.61,44.66,16.93,61.91,12.12,51.64,6.38,54.12,11.8,48.46,4.05,51.28,34.48,13.07,54.69,10.7,44.09,5.45,37.23,8.12,45.6,3.81,41.15
202609060103,2026-09-06,01,3R,daily,68.49,25.96,45.67,8.94,52.69,6.51,50.0,10.9,50.0,4.18,56.49,52.33,19.84,42.06,8.23,52.69,6.51,50.0,10.9,50.0,4.18,49.66,52.57,19.93,49.28,9.64,34.68,4.29,50.0,10.9,50.0,4.18,48.94,47.29,17.93,45.67,8.94,56.45,6.98,50.0,10.9,50.0,4.18,48.92,44.66,16.93,43.86,8.59,62.8,7.76,50.0,10.9,50.0,4.18,48.36,34.48,13.07,49.28,9.64,64.44,7.96,50.0,10.9,50.0,4.18,45.76
202609060103,2026-09-06,01,3R,realtime,68.49,25.96,45.67,8.94,52.69,6.51,53.6,11.69,61.22,5.11,58.21,52.33,19.84,42.06,8.23,52.69,6.51,48.69,10.62,47.73,3.99,49.19,52.57,19.93,49.28,9.64,34.68,4.29,47.72,10.41,45.61,3.81,48.08,47.29,17.93,45.67,8.94,56.45,6.98,60.04,13.09,45.07,3.76,50.7,44.66,16.93,43.86,8.59,62.8,7.76,46.4,10.12,60.2,5.03,48.42,34.48,13.07,49.28,9.64,64.44,7.96,43.48,9.48,40.26,3.36,43.52
202609060104,2026-09-06,01,4R,daily,68.49,25.96,43.86,8.59,58.02,7.17,50.0,10.9,50.0,4.18,56.8,52.33,19.84,49.28,9.64,38.15,4.71,50.0,10.9,50.0,4.18,49.28,52.57,19.93,49.28,9.64,56.81,7.02,50.0,10.9,50.0,4.18,51.67,47.29,17.93,63.71,12.47,46.99,5.81,50.0,10.9,50.0,4.18,51.29,44.66,16.93,45.67,8.94,41.71,5.15,50.0,10.9,50.0,4.18,46.1,34.48,13.07,40.25,7.88,44.18,5.46,50.0,10.9,50.0,4.18,41.49
202609060104,2026-09-06,01,4R,realtime,68.49,25.96,43.86,8.59,58.02,7.17,53.56,11.68,71.69,5.99,59.39,52.33,19.84,49.28,9.64,38.15,4.71,65.57,14.3,59.09,4.94,53.43,52.57,19.93,49.28,9.64,56.81,7.02,46.54,10.15,52.64,4.4,51.14,47.29,17.93,63.71,12.47,46.99,5.81,47.2,10.29,39.07,3.26,49.76,44.66,16.93,45.67,8.94,41.71,5.15,36.3,7.92,53.61,4.48,43.42,34.48,13.07,40.25,7.88,44.18,5.46,50.75,11.07,23.99,2.0,39.48
202609060105,2026-09-06,01,5R,daily,68.49,25.96,45.67,8.94,66.68,8.24,50.0,10.9,50.0,4.18,58.22,52.33,19.84,42.06,8.23,51.52,6.37,50.0,10.9,50.0,4.18,49.52,52.57,19.93,47.47,9.29,54.3,6.71,50.0,10.9,50.0,4.18,51.01,47.29,17.93,60.1,11.76,44.36,5.48,50.0,10.9,50.0,4.18,50.25,44.66,16.93,40.25,7.88,40.92,5.06,50.0,10.9,50.0,4.18,44.95,34.48,13.07,43.86,8.59,51.97,6.42,50.0,10.9,50.0,4.18,43.16
202609060105,2026-09-06,01,5R,realtime,68.49,25.96,45.67,8.94,66.68,8.24,55.32,12.07,61.45,5.13,60.34,52.33,19.84,42.06,8.23,51.52,6.37,45.89,10.01,45.77,3.82,48.27,52.57,19.93,47.47,9.29,54.3,6.71,39.91,8.7,47.35,3.96,48.59,47.29,17.93,60.1,11.76,44.36,5.48,57.08,12.45,44.67,3.73,51.35,44.66,16.93,40.25,7.88,40.92,5.06,51.24,11.17,60.47,5.05,46.09,34.48,13.07,43.86,8.59,51.97,6.42,50.49,11.01,40.39,3.37,42.46
202609060106,2026-09-06,01,6R,daily,68.49,25.96,54.69,10.7,55.77,6.89,50.0,10.9,50.0,4.18,58.64,52.33,19.84,43.86,8.59,58.09,7.18,50.0,10.9,50.0,4.18,50.68,52.57,19.93,43.86,8.59,42.37,5.24,50.0,10.9,50.0,4.18,48.83,47.29,17.93,42.06,8.23,52.33,6.47,50.0,10.9,50.0,4.18,47.71,44.66,16.93,42.06,8.23,58.93,7.28,50.0,10.9,50.0,4.18,47.52,34.48,13.07,42.06,8.23,38.43,4.75,50.0,10.9,50.0,4.18,41.13
202609060106,2026-09-06,01,6R,realtime,68.49,25.96,54.69,10.7,55.77,6.89,74.99,16.35,61.45,5.13,65.05,52.33,19.84,43.86,8.59,58.09,7.18,43.91,9.58,45.77,3.82,49.0,52.57,19.93,43.86,8.59,42.37,5.24,48.72,10.63,47.35,3.96,48.33,47.29,17.93,42.06,8.23,52.33,6.47,37.3,8.13,44.67,3.73,44.49,44.66,16.93,42.06,8.23,58.93,7.28,37.91,8.27,60.47,5.05,45.76,34.48,13.07,42.06,8.23,38.43,4.75,57.11,12.46,40.39,3.37,41.88
202609060107,2026-09-06,01,7R,daily,68.49,25.96,49.28,9.64,57.77,7.14,50.0,10.9,50.0,4.18,57.83,52.33,19.84,42.06,8.23,44.91,5.55,50.0,10.9,50.0,4.18,48.7,52.57,19.93,72.73,14.24,42.25,5.22,50.0,10.9,50.0,4.18,54.46,47.29,17.93,42.06,8.23,52.69,6.51,50.0,10.9,50.0,4.18,47.75,44.66,16.93,43.86,8.59,46.57,5.76,50.0,10.9,50.0,4.18,46.35,34.48,13.07,43.86,8.59,57.09,7.06,50.0,10.9,50.0,4.18,43.79
202609060107,2026-09-06,01,7R,realtime,68.49,25.96,49.28,9.64,57.77,7.14,42.53,9.28,61.45,5.13,57.15,52.33,19.84,42.06,8.23,44.91,5.55,49.66,10.83,45.77,3.82,48.27,52.57,19.93,72.73,14.24,42.25,5.22,61.65,13.45,47.35,3.96,56.78,47.29,17.93,42.06,8.23,52.69,6.51,53.53,11.68,44.67,3.73,48.08,44.66,16.93,43.86,8.59,46.57,5.76,42.39,9.25,60.47,5.05,45.57,34.48,13.07,43.86,8.59,57.09,7.06,50.16,10.94,40.39,3.37,43.02
202609060108,2026-09-06,01,8R,daily,68.49,25.96,47.47,9.29,52.76,6.52,50.0,10.9,50.0,4.18,56.85,52.33,19.84,43.86,8.59,62.8,7.76,50.0,10.9,50.0,4.18,51.26,52.57,19.93,40.25,7.88,44.18,5.46,50.0,10.9,50.0,4.18,48.35,47.29,17.93,33.03,6.47,35.86,4.43,50.0,10.9,50.0,4.18,43.9,44.66,16.93,54.69,10.7,39.0,4.82,50.0,10.9,50.0,4.18,47.53,34.48,13.07,45.67,8.94,45.66,5.64,50.0,10.9,50.0,4.18,42.73
202609060108,2026-09-06,01,8R,realtime,68.49,25.96,47.47,9.29,52.76,6.52,60.61,13.22,61.45,5.13,60.12,52.33,19.84,43.86,8.59,62.8,7.76,40.79,8.9,45.77,3.82,48.9,52.57,19.93,40.25,7.88,44.18,5.46,43.39,9.46,47.35,3.96,46.68,34.48,13.07,33.03,6.47,35.86,4.43,63.77,13.91,40.39,3.37,41.25,47.29,17.93,54.69,10.7,39.0,4.82,54.88,11.97,44.67,3.73,49.15,44.66,16.93,45.67,8.94,45.66,5.64,36.47,7.95,60.47,5.05,44.52
202609060109,2026-09-06,01,9R,daily,68.49,25.96,43.86,8.59,45.77,5.66,50.0,10.9,50.0,4.18,55.28,52.33,19.84,49.28,9.64,38.5,4.76,50.0,10.9,50.0,4.18,49.32,52.57,19.93,60.1,11.76,56.77,7.02,50.0,10.9,50.0,4.18,53.79,47.29,17.93,49.28,9.64,34.68,4.29,50.0,10.9,50.0,4.18,46.94,44.66,16.93,49.28,9.64,56.81,7.02,50.0,10.9,50.0,4.18,48.68,34.48,13.07,60.1,11.76,56.17,6.94,50.0,10.9,50.0,4.18,46.86
202609060109,2026-09-06,01,9R,realtime,68.49,25.96,43.86,8.59,45.77,5.66,53.61,11.69,61.45,5.13,57.03,52.57,19.93,49.28,9.64,38.5,4.76,45.05,9.83,47.35,3.96,48.11,47.29,17.93,60.1,11.76,56.77,7.02,56.51,12.32,44.67,3.73,52.76,44.66,16.93,49.28,9.64,34.68,4.29,28.23,6.16,60.47,5.05,42.07,34.48,13.07,49.28,9.64,56.81,7.02,64.58,14.08,40.39,3.37,47.19,52.33,19.84,60.1,11.76,56.17,6.94,51.95,11.33,45.77,3.82,53.7
202609060110,2026-09-06,01,10R,daily,68.49,25.96,43.86,8.59,40.82,5.04,50.0,10.9,50.0,4.18,54.67,52.33,19.84,47.47,9.29,52.14,6.44,50.0,10.9,50.0,4.18,50.65,52.57,19.93,63.71,12.47,46.99,5.81,50.0,10.9,50.0,4.18,53.29,47.29,17.93,47.47,9.29,54.3,6.71,50.0,10.9,50.0,4.18,49.01,44.66,16.93,45.67,8.94,42.97,5.31,50.0,10.9,50.0,4.18,46.26,34.48,13.07,45.67,8.94,57.15,7.06,50.0,10.9,50.0,4.18,44.15
202609060110,2026-09-06,01,10R,realtime,68.49,25.96,43.86,8.59,40.82,5.04,43.88,9.57,60.74,5.07,54.23,52.33,19.84,47.47,9.29,52.14,6.44,65.5,14.28,46.53,3.89,53.74,52.57,19.93,63.71,12.47,46.99,5.81,36.46,7.95,46.78,3.91,50.06,47.29,17.93,47.47,9.29,54.3,6.71,53.85,11.74,45.6,3.81,49.48,44.66,16.93,45.67,8.94,42.97,5.31,55.04,12.0,60.58,5.06,48.24,34.48,13.07,45.67,8.94,57.15,7.06,45.21,9.86,39.87,3.33,42.26
202609060111,2026-09-06,01,11R,daily,68.49,25.96,51.08,10.0,36.89,4.56,50.0,10.9,50.0,4.18,55.6,52.33,19.84,54.69,10.7,55.77,6.89,50.0,10.9,50.0,4.18,52.51,52.57,19.93,42.06,8.23,51.52,6.37,50.0,10.9,50.0,4.18,49.61,47.29,17.93,61.91,12.12,51.64,6.38,50.0,10.9,50.0,4.18,51.51,44.66,16.93,45.67,8.94,56.45,6.98,50.0,10.9,50.0,4.18,47.92,34.48,13.07,45.67,8.94,42.22,5.22,50.0,10.9,50.0,4.18,42.31
202609060111,2026-09-06,01,11R,realtime,68.49,25.96,51.08,10.0,36.89,4.56,52.9,11.54,61.45,5.13,57.19,52.33,19.84,54.69,10.7,55.77,6.89,56.95,12.42,45.77,3.82,53.68,52.57,19.93,42.06,8.23,51.52,6.37,48.37,10.55,47.35,3.96,49.03,47.29,17.93,61.91,12.12,51.64,6.38,43.14,9.41,44.67,3.73,49.56,44.66,16.93,45.67,8.94,56.45,6.98,50.83,11.08,60.47,5.05,48.98,34.48,13.07,45.67,8.94,42.22,5.22,47.74,10.41,40.39,3.37,41.01
202609060112,2026-09-06,01,12R,daily,68.49,25.96,60.1,11.76,44.36,5.48,50.0,10.9,50.0,4.18,58.29,52.33,19.84,54.69,10.7,44.09,5.45,50.0,10.9,50.0,4.18,51.07,52.57,19.93,47.47,9.29,52.76,6.52,50.0,10.9,50.0,4.18,50.82,47.29,17.93,42.06,8.23,44.91,5.55,50.0,10.9,50.0,4.18,46.79,44.66,16.93,45.67,8.94,52.69,6.51,50.0,10.9,50.0,4.18,47.46,34.48,13.07,49.28,9.64,38.15,4.71,50.0,10.9,50.0,4.18,42.51
202609060112,2026-09-06,01,12R,realtime,68.49,25.96,60.1,11.76,44.36,5.48,45.41,9.9,58.55,4.89,58.0,52.33,19.84,54.69,10.7,44.09,5.45,43.63,9.51,47.47,3.97,49.47,52.57,19.93,47.47,9.29,52.76,6.52,62.84,13.7,44.56,3.72,53.16,47.29,17.93,42.06,8.23,44.91,5.55,47.11,10.27,46.31,3.87,45.85,44.66,16.93,45.67,8.94,52.69,6.51,47.19,10.29,60.75,5.07,47.74,34.48,13.07,49.28,9.64,38.15,4.71,53.77,11.73,42.45,3.55,42.7
202609060201,2026-09-06,02,1R,daily,66.74,18.18,42.78,11.69,45.66,5.84,50.0,11.89,50.0,4.42,52.03,53.82,14.66,42.78,11.69,59.54,7.62,50.0,11.89,50.0,4.42,50.29,52.69,14.36,44.74,12.23,52.46,6.71,50.0,11.89,50.0,4.42,49.61,48.72,13.27,46.7,12.76,69.27,8.87,50.0,11.89,50.0,4.42,51.21,43.98,11.98,34.95,9.55,52.69,6.74,50.0,11.89,50.0,4.42,44.59,34.86,9.5,42.78,11.69,33.03,4.23,50.0,11.89,50.0,4.42,41.73
202609060201,2026-09-06,02,1R,realtime,66.74,18.18,42.78,11.69,45.66,5.84,46.35,11.02,50.58,4.47,51.22,53.82,14.66,42.78,11.69,59.54,7.62,60.19,14.32,47.41,4.19,52.48,52.69,14.36,44.74,12.23,52.46,6.71,46.0,10.94,50.72,4.48,48.72,48.72,13.27,46.7,12.76,69.27,8.87,45.72,10.87,54.03,4.77,50.55,43.98,11.98,34.95,9.55,52.69,6.74,39.72,9.45,49.26,4.35,42.08,34.86,9.5,42.78,11.69,33.03,4.23,62.0,14.75,47.78,4.22,44.39
202609060202,2026-09-06,02,2R,daily,66.74,18.18,48.66,13.3,44.81,5.74,50.0,11.89,50.0,4.42,53.53,53.82,14.66,48.66,13.3,46.25,5.92,50.0,11.89,50.0,4.42,50.19,52.69,14.36,44.74,12.23,57.31,7.33,50.0,11.89,50.0,4.42,50.23,48.72,13.27,34.95,9.55,44.97,5.76,50.0,11.89,50.0,4.42,44.89,43.98,11.98,48.66,13.3,34.27,4.39,50.0,11.89,50.0,4.42,45.98,34.86,9.5,44.74,12.23,60.68,7.77,50.0,11.89,50.0,4.42,45.8
202609060202,2026-09-06,02,2R,realtime,66.74,18.18,48.66,13.3,44.81,5.74,67.21,15.98,51.13,4.52,57.72,53.82,14.66,48.66,13.3,46.25,5.92,48.92,11.63,49.45,4.37,49.89,52.69,14.36,44.74,12.23,57.31,7.34,50.35,11.98,50.32,4.45,50.34,48.72,13.27,34.95,9.55,44.97,5.76,58.8,13.99,53.26,4.71,47.27,43.98,11.98,48.66,13.3,34.27,4.39,38.8,9.23,48.05,4.25,43.15,34.86,9.5,44.74,12.23,60.68,7.77,35.9,8.54,47.56,4.2,42.23
202609060203,2026-09-06,02,3R,daily,66.74,18.18,44.74,12.23,70.57,9.03,50.0,11.89,50.0,4.42,55.76,53.82,14.66,42.78,11.69,41.13,5.26,50.0,11.89,50.0,4.42,47.93,52.69,14.36,48.66,13.3,46.07,5.9,50.0,11.89,50.0,4.42,49.86,48.72,13.27,50.62,13.84,64.35,8.24,50.0,11.89,50.0,4.42,51.66,43.98,11.98,44.74,12.23,56.78,7.27,50.0,11.89,50.0,4.42,47.79,34.86,9.5,38.86,10.62,51.57,6.6,50.0,11.89,50.0,4.42,43.03
202609060203,2026-09-06,02,3R,realtime,66.74,18.18,44.74,12.23,70.57,9.03,59.56,14.17,51.13,4.52,58.13,53.82,14.66,42.78,11.69,41.13,5.26,34.47,8.2,49.45,4.37,44.19,52.69,14.36,48.66,13.3,46.07,5.9,54.88,13.05,50.32,4.45,51.06,48.72,13.27,50.62,13.84,64.35,8.24,54.59,12.98,53.26,4.71,53.04,43.98,11.98,44.74,12.23,56.78,7.27,46.01,10.94,48.05,4.25,46.67,34.86,9.5,38.86,10.62,51.57,6.6,50.43,11.99,47.56,4.2,42.92
202609060204,2026-09-06,02,4R,daily,66.74,18.18,40.82,11.16,67.74,8.67,50.0,11.89,50.0,4.42,54.32,53.82,14.66,70.21,19.19,59.4,7.6,50.0,11.89,50.0,4.42,57.77,52.69,14.36,40.82,11.16,42.18,5.4,50.0,11.89,50.0,4.42,47.23,48.72,13.27,50.62,13.84,48.6,6.22,50.0,11.89,50.0,4.42,49.64,43.98,11.98,46.7,12.76,58.32,7.46,50.0,11.89,50.0,4.42,48.52,34.86,9.5,48.66,13.3,30.53,3.91,50.0,11.89,50.0,4.42,43.02
202609060204,2026-09-06,02,4R,realtime,66.74,18.18,40.82,11.16,67.74,8.67,64.14,15.26,50.69,4.48,57.75,53.82,14.66,70.21,19.19,59.4,7.6,60.4,14.37,48.62,4.3,60.12,52.69,14.36,40.82,11.16,42.18,5.4,34.09,8.11,50.42,4.46,43.48,48.72,13.27,50.62,13.84,48.6,6.22,43.88,10.44,53.6,4.74,48.5,43.98,11.98,46.7,12.76,58.32,7.46,43.64,10.38,48.27,4.27,46.86,34.86,9.5,48.66,13.3,30.53,3.91,53.82,12.8,48.17,4.26,43.76
202609060205,2026-09-06,02,5R,daily,66.74,18.18,52.58,14.37,32.87,4.21,50.0,11.89,50.0,4.42,53.07,53.82,14.66,36.91,10.09,36.57,4.68,50.0,11.89,50.0,4.42,45.74,52.69,14.36,42.78,11.69,59.54,7.62,50.0,11.89,50.0,4.42,49.98,48.72,13.27,50.62,13.84,42.06,5.38,50.0,11.89,50.0,4.42,48.8,43.98,11.98,42.78,11.69,33.03,4.23,50.0,11.89,50.0,4.42,44.22,34.86,9.5,42.78,11.69,43.58,5.58,50.0,11.89,50.0,4.42,43.08
202609060205,2026-09-06,02,5R,realtime,66.74,18.18,52.58,14.37,32.87,4.21,51.74,12.31,50.69,4.48,53.55,52.69,14.36,36.91,10.09,36.57,4.68,60.16,14.31,50.42,4.46,47.89,53.82,14.66,42.78,11.69,59.54,7.62,52.25,12.43,48.62,4.3,50.7,48.72,13.27,50.62,13.84,42.06,5.38,57.74,13.73,53.6,4.74,50.96,43.98,11.98,42.78,11.69,33.03,4.23,48.58,11.55,48.27,4.27,43.72,34.86,9.5,42.78,11.69,43.58,5.58,29.51,7.02,48.17,4.26,38.05
202609060206,2026-09-06,02,6R,daily,66.74,18.18,44.74,12.23,59.13,7.57,50.0,11.89,50.0,4.42,54.29,53.82,14.66,48.66,13.3,63.48,8.12,50.0,11.89,50.0,4.42,52.4,52.69,14.36,44.74,12.23,71.69,9.18,50.0,11.89,50.0,4.42,52.07,48.72,13.27,54.54,14.91,52.62,6.74,50.0,11.89,50.0,4.42,51.23,43.98,11.98,34.95,9.55,44.97,5.76,50.0,11.89,50.0,4.42,43.6,34.86,9.5,34.95,9.55,52.69,6.74,50.0,11.89,50.0,4.42,42.1
202609060206,2026-09-06,02,6R,realtime,66.74,18.18,44.74,12.23,59.13,7.57,69.19,16.46,50.69,4.48,58.92,53.82,14.66,48.66,13.3,63.48,8.13,55.09,13.1,48.62,4.3,53.49,34.86,9.5,44.74,12.23,71.69,9.18,49.63,11.8,48.17,4.26,46.96,52.69,14.36,54.54,14.91,52.62,6.74,39.09,9.3,50.42,4.46,49.75,48.72,13.27,34.95,9.55,44.97,5.76,45.58,10.84,53.6,4.74,44.16,43.98,11.98,34.95,9.55,52.69,6.74,41.4,9.85,48.27,4.27,42.39
202609060207,2026-09-06,02,7R,daily,66.74,18.18,46.7,12.76,57.42,7.35,50.0,11.89,50.0,4.42,54.61,53.82,14.66,48.66,13.3,34.27,4.39,50.0,11.89,50.0,4.42,48.66,52.69,14.36,44.74,12.23,56.78,7.27,50.0,11.89,50.0,4.42,50.17,48.72,13.27,44.74,12.23,57.31,7.33,50.0,11.89,50.0,4.42,49.15,43.98,11.98,38.86,10.62,51.57,6.6,50.0,11.89,50.0,4.42,45.52,34.86,9.5,42.78,11.69,25.46,3.26,50.0,11.89,50.0,4.42,40.76
202609060207,2026-09-06,02,7R,realtime,66.74,18.18,46.7,12.76,57.42,7.35,74.35,17.68,51.13,4.52,60.5,53.82,14.66,48.66,13.3,34.27,4.39,42.98,10.22,49.45,4.37,46.94,52.69,14.36,44.74,12.23,56.78,7.27,49.06,11.67,50.32,4.45,49.97,48.72,13.27,44.74,12.23,57.31,7.34,52.17,12.41,53.26,4.71,49.95,43.98,11.98,38.86,10.62,51.57,6.6,52.24,12.42,48.05,4.25,45.88,34.86,9.5,42.78,11.69,25.46,3.26,29.16,6.94,47.56,4.2,35.59
202609060208,2026-09-06,02,8R,daily,66.74,18.18,46.7,12.76,69.27,8.87,50.0,11.89,50.0,4.42,56.12,53.82,14.66,44.74,12.23,60.68,7.77,50.0,11.89,50.0,4.42,50.97,52.69,14.36,48.66,13.3,46.25,5.92,50.0,11.89,50.0,4.42,49.89,48.72,13.27,48.66,13.3,46.07,5.9,50.0,11.89,50.0,4.42,48.78,43.98,11.98,44.74,12.23,52.46,6.71,50.0,11.89,50.0,4.42,47.24,34.86,9.5,42.78,11.69,46.95,6.01,50.0,11.89,50.0,4.42,43.51
202609060208,2026-09-06,02,8R,realtime,66.74,18.18,46.7,12.76,69.27,8.87,59.74,14.21,51.67,4.57,58.59,53.82,14.66,44.74,12.23,60.68,7.77,48.9,11.63,49.32,4.36,50.65,52.69,14.36,48.66,13.3,46.25,5.92,43.8,10.42,50.43,4.46,48.45,48.72,13.27,48.66,13.3,46.07,5.9,57.4,13.65,52.93,4.68,50.8,43.98,11.98,44.74,12.23,52.46,6.71,52.84,12.57,47.95,4.24,47.73,34.86,9.5,42.78,11.69,46.95,6.01,37.29,8.87,47.47,4.19,40.26
202609060209,2026-09-06,02,9R,daily,66.74,18.18,40.82,11.16,42.18,5.4,50.0,11.89,50.0,4.42,51.05,53.82,14.66,50.62,13.84,64.35,8.24,50.0,11.89,50.0,4.42,53.05,52.69,14.36,52.58,14.37,32.87,4.21,50.0,11.89,50.0,4.42,49.25,48.72,13.27,42.78,11.69,41.13,5.26,50.0,11.89,50.0,4.42,46.54,43.98,11.98,36.91,10.09,36.57,4.68,50.0,11.89,50.0,4.42,43.06,34.86,9.5,50.62,13.84,48.6,6.22,50.0,11.89,50.0,4.42,45.86
202609060209,2026-09-06,02,9R,realtime,66.74,18.18,40.82,11.16,42.18,5.4,50.77,12.08,51.22,4.53,51.34,53.82,14.66,50.62,13.84,64.35,8.24,56.53,13.44,48.49,4.29,54.47,52.69,14.36,52.58,14.37,32.87,4.21,56.48,13.43,50.52,4.46,50.83,48.72,13.27,42.78,11.69,41.13,5.26,38.16,9.08,53.27,4.71,44.02,43.98,11.98,36.91,10.09,36.57,4.68,57.35,13.64,48.18,4.26,44.65,34.86,9.5,50.62,13.84,48.6,6.22,40.71,9.68,48.08,4.25,43.48
202609060210,2026-09-06,02,10R,daily,66.74,18.18,54.54,14.91,52.62,6.74,50.0,11.89,50.0,4.42,56.14,53.82,14.66,44.74,12.23,71.69,9.18,50.0,11.89,50.0,4.42,52.38,52.69,14.36,70.21,19.19,59.4,7.6,50.0,11.89,50.0,4.42,57.46,48.72,13.27,40.82,11.16,67.74,8.67,50.0,11.89,50.0,4.42,49.41,43.98,11.98,44.74,12.23,70.57,9.03,50.0,11.89,50.0,4.42,49.56,34.86,9.5,42.78,11.69,45.66,5.84,50.0,11.89,50.0,4.42,43.35
202609060210,2026-09-06,02,10R,realtime,66.74,18.18,54.54,14.91,52.62,6.74,57.53,13.68,51.22,4.53,58.03,34.86,9.5,44.74,12.23,71.69,9.18,53.19,12.65,48.08,4.25,47.8,53.82,14.66,70.21,19.19,59.4,7.6,51.21,12.18,48.49,4.29,57.92,52.69,14.36,40.82,11.16,67.74,8.67,49.71,11.82,50.52,4.46,50.47,48.72,13.27,44.74,12.23,70.57,9.03,59.59,14.17,53.27,4.71,53.42,43.98,11.98,42.78,11.69,45.66,5.84,28.76,6.84,48.18,4.26,40.62
202609060211,2026-09-06,02,11R,daily,66.74,18.18,50.62,13.84,42.06,5.38,50.0,11.89,50.0,4.42,53.71,53.82,14.66,46.7,12.76,58.32,7.46,50.0,11.89,50.0,4.42,51.2,52.69,14.36,48.66,13.3,63.48,8.12,50.0,11.89,50.0,4.42,52.09,48.72,13.27,46.7,12.76,57.42,7.35,50.0,11.89,50.0,4.42,49.7,43.98,11.98,48.66,13.3,44.81,5.74,50.0,11.89,50.0,4.42,47.33,34.86,9.5,44.74,12.23,59.13,7.57,50.0,11.89,50.0,4.42,45.6
202609060211,2026-09-06,02,11R,realtime,66.74,18.18,50.62,13.84,42.06,5.38,67.64,16.09,51.67,4.57,58.06,53.82,14.66,46.7,12.76,58.32,7.46,34.37,8.17,49.32,4.36,47.43,52.69,14.36,48.66,13.3,63.48,8.13,54.63,12.99,50.43,4.46,53.23,48.72,13.27,46.7,12.76,57.42,7.35,44.96,10.69,52.93,4.68,48.76,43.98,11.98,48.66,13.3,44.81,5.74,50.4,11.99,47.95,4.24,47.24,34.86,9.5,44.74,12.23,59.13,7.57,47.96,11.41,47.47,4.19,44.9
202609060212,2026-09-06,02,12R,daily,66.74,18.18,52.58,14.37,59.15,7.57,50.0,11.89,50.0,4.42,56.44,53.82,14.66,58.46,15.98,57.8,7.4,50.0,11.89,50.0,4.42,54.35,52.69,14.36,70.21,19.19,47.9,6.13,50.0,11.89,50.0,4.42,55.99,48.72,13.27,50.62,13.84,73.86,9.45,50.0,11.89,50.0,4.42,52.87,43.98,11.98,58.46,15.98,51.33,6.57,50.0,11.89,50.0,4.42,50.84,34.86,9.5,72.17,19.73,44.23,5.66,50.0,11.89,50.0,4.42,51.19
202609060212,2026-09-06,02,12R,realtime,66.74,18.18,52.58,14.37,59.15,7.57,67.12,15.96,51.22,4.53,60.62,52.69,14.36,58.46,15.98,57.8,7.4,52.45,12.47,50.52,4.46,54.67,48.72,13.27,70.21,19.19,47.9,6.13,45.21,10.75,53.27,4.71,54.06,53.82,14.66,50.62,13.84,73.86,9.45,44.53,10.59,48.49,4.29,52.83,43.98,11.98,58.46,15.98,51.33,6.57,34.0,8.09,48.18,4.26,46.87,34.86,9.5,72.17,19.73,44.23,5.66,56.69,13.48,48.08,4.25,52.62
202609060301,2026-09-06,03,1R,daily,67.26,30.43,52.24,14.23,45.02,4.82,50.0,3.6,50.0,4.8,57.89,54.05,24.46,41.89,11.41,62.01,6.64,50.0,3.6,50.0,4.8,50.91,52.8,23.89,49.65,13.52,45.18,4.84,50.0,3.6,50.0,4.8,50.66,46.35,20.97,31.54,8.59,57.99,6.21,50.0,3.6,50.0,4.8,44.18,42.93,19.42,44.48,12.12,62.78,6.72,50.0,3.6,50.0,4.8,46.67,37.66,17.04,39.3,10.71,51.35,5.5,50.0,3.6,50.0,4.8,41.65
202609060301,2026-09-06,03,1R,realtime,67.26,30.43,52.24,14.23,45.02,4.82,37.95,2.74,47.24,4.53,56.75,54.05,24.46,41.89,11.41,62.01,6.64,62.44,4.5,19.77,1.9,48.91,52.8,23.89,49.65,13.52,45.18,4.84,43.39,3.13,69.76,6.69,52.07,46.35,20.97,31.54,8.59,57.99,6.21,39.31,2.83,56.15,5.39,44.0,42.93,19.42,44.48,12.12,62.78,6.72,59.72,4.31,52.29,5.02,47.58,37.66,17.04,39.3,10.71,51.35,5.5,56.99,4.11,55.04,5.28,42.64
202609060302,2026-09-06,03,2R,daily,67.26,30.43,39.3,10.71,51.89,5.56,50.0,3.6,50.0,4.8,55.1,54.05,24.46,54.83,14.93,49.86,5.34,50.0,3.6,50.0,4.8,53.13,52.8,23.89,62.59,17.05,45.75,4.9,50.0,3.6,50.0,4.8,54.24,46.35,20.97,49.65,13.52,33.0,3.54,50.0,3.6,50.0,4.8,46.43,42.93,19.42,47.07,12.82,53.98,5.78,50.0,3.6,50.0,4.8,46.43,37.66,17.04,52.24,14.23,31.27,3.35,50.0,3.6,50.0,4.8,43.02
202609060302,2026-09-06,03,2R,realtime,67.26,30.43,39.3,10.71,51.89,5.56,43.34,3.12,46.59,4.47,54.29,54.05,24.46,54.83,14.93,49.86,5.34,44.81,3.23,16.82,1.61,49.58,52.8,23.89,62.59,17.05,45.75,4.9,62.48,4.5,71.34,6.84,57.19,46.35,20.97,49.65,13.52,33.0,3.53,43.34,3.12,55.94,5.37,46.52,42.93,19.42,47.07,12.82,53.98,5.78,65.42,4.72,52.78,5.06,47.81,37.66,17.04,52.24,14.23,31.27,3.35,40.4,2.91,56.78,5.45,42.98
202609060303,2026-09-06,03,3R,daily,67.26,30.43,47.07,12.82,64.61,6.92,50.0,3.6,50.0,4.8,58.58,54.05,24.46,49.65,13.52,48.27,5.17,50.0,3.6,50.0,4.8,51.55,52.8,23.89,52.24,14.23,55.02,5.89,50.0,3.6,50.0,4.8,52.41,46.35,20.97,52.24,14.23,60.46,6.48,50.0,3.6,50.0,4.8,50.08,42.93,19.42,41.89,11.41,51.4,5.51,50.0,3.6,50.0,4.8,44.74,37.66,17.04,52.24,14.23,46.19,4.95,50.0,3.6,50.0,4.8,44.62
202609060303,2026-09-06,03,3R,realtime,67.26,30.43,47.07,12.82,64.61,6.92,50.65,3.65,46.59,4.47,58.29,54.05,24.46,49.65,13.52,48.27,5.17,46.57,3.36,16.82,1.61,48.12,52.8,23.89,52.24,14.23,55.02,5.89,57.44,4.14,71.34,6.84,55.0,46.35,20.97,52.24,14.23,60.46,6.48,61.52,4.44,55.94,5.37,51.48,42.93,19.42,41.89,11.41,51.4,5.51,30.26,2.18,52.78,5.06,43.58,37.66,17.04,52.24,14.23,46.19,4.95,53.36,3.85,56.78,5.45,45.51
202609060304,2026-09-06,03,4R,daily,67.26,30.43,49.65,13.52,66.26,7.1,50.0,3.6,50.0,4.8,59.46,54.05,24.46,52.24,14.23,56.91,6.1,50.0,3.6,50.0,4.8,53.18,52.8,23.89,47.07,12.82,40.89,4.38,50.0,3.6,50.0,4.8,49.49,46.35,20.97,52.24,14.23,53.31,5.71,50.0,3.6,50.0,4.8,49.31,42.93,19.42,47.07,12.82,29.11,3.12,50.0,3.6,50.0,4.8,43.76,37.66,17.04,49.65,13.52,40.76,4.37,50.0,3.6,50.0,4.8,43.33
202609060304,2026-09-06,03,4R,realtime,67.26,30.43,49.65,13.52,66.26,7.1,55.74,4.02,46.27,4.44,59.51,54.05,24.46,52.24,14.23,56.91,6.1,58.64,4.23,17.2,1.65,50.66,52.8,23.89,47.07,12.82,40.89,4.38,47.07,3.39,67.27,6.45,50.94,46.35,20.97,52.24,14.23,53.31,5.71,49.97,3.6,58.3,5.59,50.11,42.93,19.42,47.07,12.82,29.11,3.12,29.74,2.14,52.08,5.0,42.5,37.66,17.04,49.65,13.52,40.76,4.37,58.64,4.23,59.11,5.67,44.83
202609060305,2026-09-06,03,5R,daily,67.26,30.43,52.24,14.23,33.82,3.62,50.0,3.6,50.0,4.8,56.69,54.05,24.46,78.12,21.28,65.69,7.04,50.0,3.6,50.0,4.8,61.17,52.8,23.89,44.48,12.12,66.93,7.17,50.0,3.6,50.0,4.8,51.58,46.35,20.97,39.3,10.71,52.8,5.66,50.0,3.6,50.0,4.8,45.74,42.93,19.42,49.65,13.52,61.42,6.58,50.0,3.6,50.0,4.8,47.93,37.66,17.04,39.3,10.71,34.87,3.74,50.0,3.6,50.0,4.8,39.88
202609060305,2026-09-06,03,5R,realtime,67.26,30.43,52.24,14.23,33.82,3.62,50.0,3.6,46.27,4.44,56.33,54.05,24.46,78.12,21.28,65.69,7.04,50.0,3.6,17.2,1.65,58.03,52.8,23.89,44.48,12.12,66.93,7.17,50.0,3.6,67.27,6.45,53.23,46.35,20.97,39.3,10.71,52.8,5.66,50.0,3.6,58.3,5.59,46.53,42.93,19.42,49.65,13.52,61.42,6.58,50.0,3.6,52.08,5.0,48.13,37.66,17.04,39.3,10.71,34.87,3.73,50.0,3.6,59.11,5.67,40.76
202609060306,2026-09-06,03,6R,daily,67.26,30.43,44.48,12.12,51.63,5.53,50.0,3.6,50.0,4.8,56.48,54.05,24.46,44.48,12.12,53.81,5.76,50.0,3.6,50.0,4.8,50.74,52.8,23.89,52.24,14.23,54.09,5.79,50.0,3.6,50.0,4.8,52.31,46.35,20.97,62.59,17.05,51.74,5.54,50.0,3.6,50.0,4.8,51.97,42.93,19.42,49.65,13.52,49.2,5.27,50.0,3.6,50.0,4.8,46.62,37.66,17.04,49.65,13.52,45.97,4.92,50.0,3.6,50.0,4.8,43.89
202609060306,2026-09-06,03,6R,realtime,67.26,30.43,44.48,12.12,51.63,5.53,50.81,3.66,47.24,4.53,56.27,54.05,24.46,44.48,12.12,53.81,5.76,65.87,4.75,19.77,1.9,48.98,52.8,23.89,52.24,14.23,54.09,5.79,53.31,3.84,69.76,6.69,54.45,46.35,20.97,62.59,17.05,51.74,5.54,33.23,2.4,56.15,5.39,51.35,42.93,19.42,49.65,13.52,49.2,5.27,53.31,3.84,52.29,5.02,47.08,37.66,17.04,49.65,13.52,45.97,4.92,43.27,3.12,55.04,5.28,43.89
202609060307,2026-09-06,03,7R,daily,67.26,30.43,44.48,12.12,57.28,6.14,50.0,3.6,50.0,4.8,57.08,54.05,24.46,49.65,13.52,33.0,3.54,50.0,3.6,50.0,4.8,49.92,52.8,23.89,52.24,14.23,67.23,7.2,50.0,3.6,50.0,4.8,53.72,46.35,20.97,39.3,10.71,51.35,5.5,50.0,3.6,50.0,4.8,45.58,42.93,19.42,52.24,14.23,50.86,5.45,50.0,3.6,50.0,4.8,47.5,37.66,17.04,41.89,11.41,51.4,5.51,50.0,3.6,50.0,4.8,42.36
202609060307,2026-09-06,03,7R,realtime,67.26,30.43,44.48,12.12,57.28,6.14,55.5,4.0,47.24,4.53,57.22,54.05,24.46,49.65,13.52,33.0,3.53,49.97,3.6,19.77,1.9,47.02,52.8,23.89,52.24,14.23,67.23,7.2,61.04,4.4,69.76,6.69,56.41,46.35,20.97,39.3,10.71,51.35,5.5,54.12,3.9,56.15,5.39,46.47,42.93,19.42,52.24,14.23,50.86,5.45,49.97,3.6,52.29,5.02,47.72,37.66,17.04,41.89,11.41,51.4,5.51,29.22,2.11,55.04,5.28,41.34
202609060308,2026-09-06,03,8R,daily,67.26,30.43,31.54,8.59,57.99,6.21,50.0,3.6,50.0,4.8,53.64,54.05,24.46,49.65,13.52,34.74,3.72,50.0,3.6,50.0,4.8,50.1,52.8,23.89,49.65,13.52,54.82,5.87,50.0,3.6,50.0,4.8,51.69,46.35,20.97,47.07,12.82,51.9,5.56,50.0,3.6,50.0,4.8,47.75,42.93,19.42,52.24,14.23,31.27,3.35,50.0,3.6,50.0,4.8,45.4,37.66,17.04,57.42,15.64,47.16,5.05,50.0,3.6,50.0,4.8,46.13
202609060308,2026-09-06,03,8R,realtime,67.26,30.43,31.54,8.59,57.99,6.21,58.52,4.22,47.89,4.59,54.05,54.05,24.46,49.65,13.52,34.74,3.72,43.27,3.12,22.72,2.18,47.0,52.8,23.89,49.65,13.52,54.82,5.87,46.04,3.32,68.19,6.54,53.15,46.35,20.97,47.07,12.82,51.9,5.56,68.21,4.92,56.35,5.41,49.68,42.93,19.42,52.24,14.23,31.27,3.35,40.5,2.92,51.79,4.97,44.89,37.66,17.04,57.42,15.64,47.16,5.05,43.27,3.12,53.31,5.11,45.96
202609060309,2026-09-06,03,9R,daily,67.26,30.43,52.24,14.23,53.31,5.71,50.0,3.6,50.0,4.8,58.77,54.05,24.46,39.3,10.71,55.62,5.96,50.0,3.6,50.0,4.8,49.52,52.8,23.89,52.24,14.23,60.46,6.48,50.0,3.6,50.0,4.8,53.0,46.35,20.97,39.3,10.71,51.89,5.56,50.0,3.6,50.0,4.8,45.64,42.93,19.42,41.89,11.41,62.01,6.64,50.0,3.6,50.0,4.8,45.88,37.66,17.04,54.83,14.93,62.1,6.65,50.0,3.6,50.0,4.8,47.03
202609060309,2026-09-06,03,9R,realtime,67.26,30.43,52.24,14.23,53.31,5.71,34.05,2.46,47.89,4.59,57.42,54.05,24.46,39.3,10.71,55.62,5.96,55.01,3.97,22.72,2.18,47.27,52.8,23.89,52.24,14.23,60.46,6.48,66.65,4.81,68.19,6.54,55.94,46.35,20.97,39.3,10.71,51.89,5.56,45.69,3.29,56.35,5.41,45.94,42.93,19.42,41.89,11.41,62.01,6.64,45.69,3.29,51.79,4.97,45.74,37.66,17.04,54.83,14.93,62.1,6.65,52.68,3.8,53.31,5.11,47.54
202609060310,2026-09-06,03,10R,daily,67.26,30.43,78.12,21.28,65.69,7.04,50.0,3.6,50.0,4.8,67.15,54.05,24.46,47.07,12.82,53.98,5.78,50.0,3.6,50.0,4.8,51.46,52.8,23.89,44.48,12.12,53.81,5.76,50.0,3.6,50.0,4.8,50.17,46.35,20.97,52.24,14.23,45.02,4.82,50.0,3.6,50.0,4.8,48.43,42.93,19.42,49.65,13.52,40.76,4.37,50.0,3.6,50.0,4.8,45.72,37.66,17.04,52.24,14.23,55.02,5.89,50.0,3.6,50.0,4.8,45.56
202609060310,2026-09-06,03,10R,realtime,67.26,30.43,78.12,21.28,65.69,7.04,65.67,4.73,48.54,4.66,68.14,54.05,24.46,47.07,12.82,53.98,5.78,47.23,3.41,25.68,2.46,48.93,52.8,23.89,44.48,12.12,53.81,5.76,61.57,4.44,66.61,6.39,52.6,46.35,20.97,52.24,14.23,45.02,4.82,43.14,3.11,56.56,5.42,48.56,42.93,19.42,49.65,13.52,40.76,4.37,39.05,2.82,51.3,4.92,45.05,37.66,17.04,52.24,14.23,55.02,5.89,43.14,3.11,51.57,4.95,45.22
202609060311,2026-09-06,03,11R,daily,67.26,30.43,57.42,15.64,35.58,3.81,50.0,3.6,50.0,4.8,58.28,54.05,24.46,52.24,14.23,67.23,7.2,50.0,3.6,50.0,4.8,54.29,52.8,23.89,54.83,14.93,49.86,5.34,50.0,3.6,50.0,4.8,52.57,46.35,20.97,52.24,14.23,46.19,4.95,50.0,3.6,50.0,4.8,48.55,42.93,19.42,47.07,12.82,40.89,4.38,50.0,3.6,50.0,4.8,45.02,37.66,17.04,62.59,17.05,53.2,5.7,50.0,3.6,50.0,4.8,48.19
202609060311,2026-09-06,03,11R,realtime,67.26,30.43,57.42,15.64,35.58,3.81,48.43,3.49,47.49,4.55,57.93,54.05,24.46,52.24,14.23,67.23,7.2,42.28,3.05,25.36,2.43,51.37,52.8,23.89,54.83,14.93,49.86,5.34,57.65,4.16,67.09,6.44,54.76,46.35,20.97,52.24,14.23,46.19,4.95,66.89,4.82,57.23,5.49,50.46,42.93,19.42,47.07,12.82,40.89,4.38,48.43,3.49,52.14,5.0,45.12,37.66,17.04,62.59,17.05,53.2,5.7,36.12,2.6,50.95,4.89,47.28
202609060312,2026-09-06,03,12R,daily,67.26,30.43,83.29,22.69,33.34,3.57,50.0,3.6,50.0,4.8,65.09,54.05,24.46,49.65,13.52,49.2,5.27,50.0,3.6,50.0,4.8,51.65,52.8,23.89,49.65,13.52,61.42,6.58,50.0,3.6,50.0,4.8,52.4,46.35,20.97,52.24,14.23,56.91,6.1,50.0,3.6,50.0,4.8,49.7,42.93,19.42,62.59,17.05,45.75,4.9,50.0,3.6,50.0,4.8,49.77,37.66,17.04,52.24,14.23,50.86,5.45,50.0,3.6,50.0,4.8,45.12
202609060312,2026-09-06,03,12R,realtime,67.26,30.43,83.29,22.69,33.34,3.57,63.36,4.57,47.49,4.55,65.81,54.05,24.46,49.65,13.52,49.2,5.27,56.31,4.06,25.36,2.43,49.74,52.8,23.89,49.65,13.52,61.42,6.58,49.27,3.55,67.09,6.44,53.98,46.35,20.97,52.24,14.23,56.91,6.1,33.39,2.41,57.23,5.49,49.2,42.93,19.42,62.59,17.05,45.75,4.9,47.5,3.42,52.14,5.0,49.8,37.66,17.04,52.24,14.23,50.86,5.45,50.0,3.6,50.95,4.89,45.21
202609060401,2026-09-06,04,1R,daily,68.6,22.21,37.76,11.84,26.54,3.13,50.0,10.36,50.0,1.87,49.42,53.19,17.22,47.32,14.84,41.87,4.94,50.0,10.36,50.0,1.87,49.23,50.76,16.44,37.76,11.84,44.41,5.24,50.0,10.36,50.0,1.87,45.75,48.3,15.64,37.76,11.84,45.03,5.31,50.0,10.36,50.0,1.87,45.02,42.68,13.82,54.48,17.09,36.71,4.33,50.0,10.36,50.0,1.87,47.47,35.78,11.58,35.37,11.09,53.99,6.37,50.0,10.36,50.0,1.87,41.28
202609060401,2026-09-06,04,1R,realtime,68.6,22.21,37.76,11.84,26.54,3.13,56.79,11.77,55.89,2.09,51.05,53.19,17.22,47.32,14.84,41.87,4.94,73.3,15.19,47.8,1.79,53.98,50.76,16.44,37.76,11.84,44.41,5.24,36.9,7.65,37.59,1.41,42.57,48.3,15.64,37.76,11.84,45.03,5.31,39.95,8.28,52.52,1.97,43.03,42.68,13.82,54.48,17.09,36.71,4.33,53.47,11.08,63.79,2.39,48.7,35.78,11.58,35.37,11.09,53.99,6.37,39.68,8.22,42.12,1.58,38.84
202609060402,2026-09-06,04,2R,daily,68.6,22.21,42.54,13.34,46.59,5.49,50.0,10.36,50.0,1.87,53.28,53.19,17.22,49.71,15.59,44.5,5.25,50.0,10.36,50.0,1.87,50.29,50.76,16.44,44.93,14.09,49.1,5.79,50.0,10.36,50.0,1.87,48.55,48.3,15.64,30.59,9.59,42.31,4.99,50.0,10.36,50.0,1.87,42.46,42.68,13.82,44.93,14.09,47.52,5.6,50.0,10.36,50.0,1.87,45.74,35.78,11.58,56.87,17.84,47.81,5.64,50.0,10.36,50.0,1.87,47.29
202609060402,2026-09-06,04,2R,realtime,68.6,22.21,42.54,13.34,46.59,5.49,51.07,10.58,51.97,1.95,53.58,53.19,17.22,49.71,15.59,44.5,5.25,54.34,11.26,48.06,1.8,51.12,50.76,16.44,44.93,14.09,49.1,5.79,40.33,8.36,36.66,1.37,46.04,48.3,15.64,30.59,9.59,42.31,4.99,40.86,8.47,51.96,1.95,40.63,42.68,13.82,44.93,14.09,47.52,5.6,56.54,11.72,67.84,2.54,47.77,35.78,11.58,56.87,17.84,47.81,5.64,56.92,11.8,43.21,1.62,48.47
202609060403,2026-09-06,04,3R,daily,68.6,22.21,44.93,14.09,59.53,7.02,50.0,10.36,50.0,1.87,55.56,53.19,17.22,52.09,16.34,41.17,4.85,50.0,10.36,50.0,1.87,50.65,50.76,16.44,54.48,17.09,51.75,6.1,50.0,10.36,50.0,1.87,51.86,48.3,15.64,44.93,14.09,39.49,4.66,50.0,10.36,50.0,1.87,46.62,42.68,13.82,44.93,14.09,39.91,4.71,50.0,10.36,50.0,1.87,44.85,35.78,11.58,42.54,13.34,46.77,5.51,50.0,10.36,50.0,1.87,42.67
202609060403,2026-09-06,04,3R,realtime,68.6,22.21,44.93,14.09,59.53,7.02,73.59,15.25,51.97,1.95,60.52,50.76,16.44,52.09,16.34,41.17,4.85,48.65,10.08,36.66,1.37,49.08,48.3,15.64,54.48,17.09,51.75,6.1,39.01,8.09,51.96,1.95,48.86,42.68,13.82,44.93,14.09,39.49,4.66,45.07,9.34,67.84,2.54,44.44,53.19,17.22,44.93,14.09,39.91,4.71,43.77,9.07,48.06,1.8,46.89,35.78,11.58,42.54,13.34,46.77,5.51,50.0,10.36,43.21,1.62,42.42
202609060404,2026-09-06,04,4R,daily,68.6,22.21,54.48,17.09,54.21,6.39,50.0,10.36,50.0,1.87,57.93,53.19,17.22,42.54,13.34,58.07,6.85,50.0,10.36,50.0,1.87,49.64,50.76,16.44,42.54,13.34,47.45,5.59,50.0,10.36,50.0,1.87,47.61,48.3,15.64,49.71,15.59,52.72,6.22,50.0,10.36,50.0,1.87,49.68,42.68,13.82,40.15,12.59,52.68,6.21,50.0,10.36,50.0,1.87,44.85,35.78,11.58,61.65,19.34,51.45,6.07,50.0,10.36,50.0,1.87,49.22
202609060404,2026-09-06,04,4R,realtime,68.6,22.21,54.48,17.09,54.21,6.39,62.05,12.86,51.97,1.95,60.5,53.19,17.22,42.54,13.34,58.07,6.85,68.34,14.16,48.06,1.8,53.37,50.76,16.44,42.54,13.34,47.45,5.59,54.99,11.4,36.66,1.37,48.14,48.3,15.64,49.71,15.59,52.72,6.22,41.95,8.69,51.96,1.95,48.08,42.68,13.82,40.15,12.59,52.68,6.21,38.02,7.88,67.84,2.54,43.04,35.78,11.58,61.65,19.34,51.45,6.07,34.72,7.19,43.21,1.62,45.8
202609060405,2026-09-06,04,5R,daily,68.6,22.21,47.32,14.84,41.24,4.86,50.0,10.36,50.0,1.87,54.15,53.19,17.22,47.32,14.84,43.59,5.14,50.0,10.36,50.0,1.87,49.44,50.76,16.44,49.71,15.59,53.65,6.33,50.0,10.36,50.0,1.87,50.58,48.3,15.64,40.15,12.59,45.67,5.38,50.0,10.36,50.0,1.87,45.85,42.68,13.82,61.65,19.34,59.46,7.01,50.0,10.36,50.0,1.87,52.4,35.78,11.58,44.93,14.09,32.86,3.87,50.0,10.36,50.0,1.87,41.78
202609060405,2026-09-06,04,5R,realtime,68.6,22.21,47.32,14.84,41.24,4.86,58.15,12.05,51.97,1.95,55.91,53.19,17.22,47.32,14.84,43.59,5.14,51.24,10.62,48.06,1.8,49.62,50.76,16.44,49.71,15.59,53.65,6.33,53.25,11.04,36.66,1.37,50.76,48.3,15.64,40.15,12.59,45.67,5.38,29.9,6.2,51.96,1.95,41.76,42.68,13.82,61.65,19.34,59.46,7.01,65.18,13.51,67.84,2.54,56.21,35.78,11.58,44.93,14.09,32.86,3.87,42.36,8.78,43.21,1.62,39.95
202609060406,2026-09-06,04,6R,daily,68.6,22.21,44.93,14.09,50.28,5.93,50.0,10.36,50.0,1.87,54.47,53.19,17.22,71.21,22.33,43.98,5.19,50.0,10.36,50.0,1.87,56.98,50.76,16.44,54.48,17.09,36.71,4.33,50.0,10.36,50.0,1.87,50.09,48.3,15.64,44.93,14.09,40.39,4.76,50.0,10.36,50.0,1.87,46.72,42.68,13.82,37.76,11.84,45.63,5.38,50.0,10.36,50.0,1.87,43.27,35.78,11.58,32.98,10.34,47.72,5.63,50.0,10.36,50.0,1.87,39.79
202609060406,2026-09-06,04,6R,realtime,68.6,22.21,44.93,14.09,50.28,5.93,50.85,10.54,51.97,1.95,54.71,53.19,17.22,71.21,22.33,43.98,5.19,56.08,11.62,48.06,1.8,58.16,50.76,16.44,54.48,17.09,36.71,4.33,48.98,10.15,36.66,1.37,49.38,48.3,15.64,44.93,14.09,40.39,4.76,55.79,11.56,51.96,1.95,48.0,42.68,13.82,37.76,11.84,45.63,5.38,43.06,8.92,67.84,2.54,42.5,35.78,11.58,32.98,10.34,47.72,5.63,45.32,9.39,43.21,1.62,38.56
202609060407,2026-09-06,04,7R,daily,68.6,22.21,49.71,15.59,51.13,6.03,50.0,10.36,50.0,1.87,56.06,53.19,17.22,47.32,14.84,43.62,5.14,50.0,10.36,50.0,1.87,49.44,50.76,16.44,44.93,14.09,32.93,3.88,50.0,10.36,50.0,1.87,46.64,48.3,15.64,52.09,16.34,44.63,5.26,50.0,10.36,50.0,1.87,49.47,42.68,13.82,44.93,14.09,49.1,5.79,50.0,10.36,50.0,1.87,45.93,35.78,11.58,52.09,16.34,45.18,5.33,50.0,10.36,50.0,1.87,45.48
202609060407,2026-09-06,04,7R,realtime,68.6,22.21,49.71,15.59,51.13,6.03,64.09,13.28,52.95,1.98,59.09,53.19,17.22,47.32,14.84,43.62,5.14,40.96,8.49,47.99,1.8,47.49,50.76,16.44,44.93,14.09,32.93,3.88,42.28,8.76,36.89,1.38,44.55,48.3,15.64,52.09,16.34,44.63,5.26,51.88,10.75,52.1,1.95,49.94,42.68,13.82,44.93,14.09,49.1,5.79,39.91,8.27,66.83,2.5,44.47,35.78,11.58,52.09,16.34,45.18,5.33,60.96,12.63,42.94,1.61,47.49
202609060408,2026-09-06,04,8R,daily,68.6,22.21,37.76,11.84,45.03,5.31,50.0,10.36,50.0,1.87,51.6,53.19,17.22,52.09,16.34,30.72,3.62,50.0,10.36,50.0,1.87,49.42,50.76,16.44,42.54,13.34,46.59,5.49,50.0,10.36,50.0,1.87,47.5,48.3,15.64,30.59,9.59,37.95,4.47,50.0,10.36,50.0,1.87,41.94,42.68,13.82,52.09,16.34,41.17,4.85,50.0,10.36,50.0,1.87,47.24,35.78,11.58,78.38,24.58,45.29,5.34,50.0,10.36,50.0,1.87,53.74
202609060408,2026-09-06,04,8R,realtime,68.6,22.21,37.76,11.84,45.03,5.31,61.69,12.79,52.95,1.98,54.13,53.19,17.22,52.09,16.34,30.72,3.62,57.9,12.0,47.99,1.8,50.98,50.76,16.44,42.54,13.34,46.59,5.49,50.52,10.47,36.89,1.38,47.12,42.68,13.82,30.59,9.59,37.95,4.47,47.42,9.83,66.83,2.5,40.22,35.78,11.58,52.09,16.34,41.17,4.85,34.86,7.22,42.94,1.61,41.61,48.3,15.64,78.38,24.58,45.29,5.34,47.7,9.89,52.1,1.95,57.4
202609060409,2026-09-06,04,9R,daily,68.6,22.21,42.54,13.34,47.45,5.59,50.0,10.36,50.0,1.87,53.38,53.19,17.22,35.37,11.09,53.99,6.37,50.0,10.36,50.0,1.87,46.92,50.76,16.44,56.87,17.84,47.81,5.64,50.0,10.36,50.0,1.87,52.15,48.3,15.64,47.32,14.84,43.59,5.14,50.0,10.36,50.0,1.87,47.85,42.68,13.82,42.54,13.34,46.77,5.51,50.0,10.36,50.0,1.87,44.91,35.78,11.58,49.71,15.59,57.43,6.77,50.0,10.36,50.0,1.87,46.18
202609060409,2026-09-06,04,9R,realtime,68.6,22.21,42.54,13.34,47.45,5.59,68.45,14.19,52.95,1.98,57.32,53.19,17.22,35.37,11.09,53.99,6.37,59.44,12.32,47.99,1.8,48.8,50.76,16.44,56.87,17.84,47.81,5.64,40.28,8.35,36.89,1.38,49.64,48.3,15.64,47.32,14.84,43.59,5.14,52.13,10.8,52.1,1.95,48.37,42.68,13.82,42.54,13.34,46.77,5.51,47.78,9.9,66.83,2.5,45.08,35.78,11.58,49.71,15.59,57.43,6.77,31.98,6.63,42.94,1.61,42.18
202609060410,2026-09-06,04,10R,daily,68.6,22.21,54.48,17.09,35.8,4.22,50.0,10.36,50.0,1.87,55.76,53.19,17.22,61.65,19.34,51.45,6.07,50.0,10.36,50.0,1.87,54.86,50.76,16.44,52.09,16.34,52.93,6.24,50.0,10.36,50.0,1.87,51.25,48.3,15.64,37.76,11.84,45.1,5.32,50.0,10.36,50.0,1.87,45.03,42.68,13.82,49.71,15.59,53.65,6.33,50.0,10.36,50.0,1.87,47.97,35.78,11.58,37.76,11.84,44.41,5.24,50.0,10.36,50.0,1.87,40.9
202609060410,2026-09-06,04,10R,realtime,68.6,22.21,54.48,17.09,35.8,4.22,57.01,11.82,52.95,1.98,57.32,53.19,17.22,61.65,19.34,51.45,6.07,59.97,12.43,47.99,1.8,56.85,50.76,16.44,52.09,16.34,52.93,6.24,50.94,10.56,36.89,1.38,50.95,48.3,15.64,37.76,11.84,45.1,5.32,40.8,8.46,52.1,1.95,43.2,42.68,13.82,49.71,15.59,53.65,6.33,61.06,12.65,66.83,2.5,50.89,35.78,11.58,37.76,11.84,44.41,5.24,30.28,6.27,42.94,1.61,36.54
202609060411,2026-09-06,04,11R,daily,68.6,22.21,61.65,19.34,59.46,7.01,50.0,10.36,50.0,1.87,60.79,53.19,17.22,37.76,11.84,26.54,3.13,50.0,10.36,50.0,1.87,44.43,50.76,16.44,49.71,15.59,44.5,5.25,50.0,10.36,50.0,1.87,49.51,48.3,15.64,44.93,14.09,39.91,4.71,50.0,10.36,50.0,1.87,46.67,42.68,13.82,44.93,14.09,50.28,5.93,50.0,10.36,50.0,1.87,46.07,35.78,11.58,49.71,15.59,52.72,6.22,50.0,10.36,50.0,1.87,45.62
202609060411,2026-09-06,04,11R,realtime,68.6,22.21,61.65,19.34,59.46,7.01,73.78,15.29,52.95,1.98,65.83,53.19,17.22,37.76,11.84,26.54,3.13,46.8,9.7,47.99,1.8,43.69,48.3,15.64,49.71,15.59,44.5,5.25,45.54,9.44,52.1,1.95,47.86,50.76,16.44,44.93,14.09,39.91,4.71,48.08,9.97,36.89,1.38,46.58,42.68,13.82,44.93,14.09,50.28,5.93,30.43,6.31,66.83,2.5,42.65,35.78,11.58,49.71,15.59,52.72,6.22,55.45,11.49,42.94,1.61,46.49
202609060412,2026-09-06,04,12R,daily,68.6,22.21,71.21,22.33,43.98,5.19,50.0,10.36,50.0,1.87,61.97,53.19,17.22,44.93,14.09,47.52,5.6,50.0,10.36,50.0,1.87,49.15,50.76,16.44,40.15,12.59,45.67,5.38,50.0,10.36,50.0,1.87,46.65,48.3,15.64,54.48,17.09,51.75,6.1,50.0,10.36,50.0,1.87,51.06,42.68,13.82,44.93,14.09,32.93,3.88,50.0,10.36,50.0,1.87,44.02,35.78,11.58,42.54,13.34,58.07,6.85,50.0,10.36,50.0,1.87,44.01
202609060412,2026-09-06,04,12R,realtime,68.6,22.21,71.21,22.33,43.98,5.19,66.33,13.75,52.95,1.98,65.46,53.19,17.22,44.93,14.09,47.52,5.6,47.23,9.79,47.99,1.8,48.5,50.76,16.44,40.15,12.59,45.67,5.38,32.55,6.75,36.89,1.38,42.54,48.3,15.64,54.48,17.09,51.75,6.1,48.84,10.12,52.1,1.95,50.9,42.68,13.82,44.93,14.09,32.93,3.88,55.0,11.4,66.83,2.5,45.69,35.78,11.58,42.54,13.34,58.07,6.85,50.11,10.38,42.94,1.61,43.76
202609060701,2026-09-06,07,1R,daily,71.22,28.01,46.24,10.7,67.87,4.86,50.0,10.75,50.0,4.44,58.76,52.67,20.71,46.24,10.7,25.7,1.84,50.0,10.75,50.0,4.44,48.44,50.32,19.79,40.8,9.44,58.18,4.17,50.0,10.75,50.0,4.44,48.58,48.67,19.14,44.43,10.28,38.24,2.74,50.0,10.75,50.0,4.44,47.35,43.91,17.27,46.24,10.7,36.99,2.65,50.0,10.75,50.0,4.44,45.8,32.79,12.9,44.43,10.28,48.13,3.45,50.0,10.75,50.0,4.44,41.81
202609060701,2026-09-06,07,1R,realtime,71.22,28.01,46.24,10.7,67.87,4.86,66.57,14.32,22.35,1.98,59.87,52.67,20.71,46.24,10.7,25.7,1.84,42.66,9.17,85.76,7.61,50.03,50.32,19.79,40.8,9.44,58.18,4.17,60.25,12.96,61.17,5.43,51.78,48.67,19.14,44.43,10.28,38.24,2.74,49.09,10.56,34.19,3.03,45.75,43.91,17.27,46.24,10.7,36.99,2.65,50.41,10.84,30.68,2.72,44.18,32.79,12.9,44.43,10.28,48.13,3.45,31.0,6.67,65.97,5.85,39.14
202609060702,2026-09-06,07,2R,daily,71.22,28.01,46.24,10.7,65.65,4.7,50.0,10.75,50.0,4.44,58.6,52.67,20.71,38.98,9.02,45.02,3.23,50.0,10.75,50.0,4.44,48.14,50.32,19.79,46.24,10.7,48.43,3.47,50.0,10.75,50.0,4.44,49.14,48.67,19.14,51.69,11.96,50.09,3.59,50.0,10.75,50.0,4.44,49.88,43.91,17.27,42.61,9.86,57.17,4.1,50.0,10.75,50.0,4.44,46.41,32.79,12.9,48.06,11.12,38.16,2.73,50.0,10.75,50.0,4.44,41.94
202609060702,2026-09-06,07,2R,realtime,71.22,28.01,46.24,10.7,65.65,4.7,64.33,13.84,23.13,2.05,59.3,52.67,20.71,38.98,9.02,45.02,3.23,49.98,10.75,86.24,7.65,51.35,50.32,19.79,46.24,10.7,48.43,3.47,28.56,6.14,59.89,5.31,45.41,48.67,19.14,51.69,11.96,50.09,3.59,50.52,10.87,33.79,3.0,48.55,43.91,17.27,42.61,9.86,57.17,4.1,48.27,10.38,31.07,2.76,44.36,32.79,12.9,48.06,11.12,38.16,2.73,58.3,12.54,66.0,5.86,45.14
202609060703,2026-09-06,07,3R,daily,71.22,28.01,48.06,11.12,58.14,4.17,50.0,10.75,50.0,4.44,58.48,52.67,20.71,42.61,9.86,47.78,3.42,50.0,10.75,50.0,4.44,49.18,50.32,19.79,55.32,12.79,46.03,3.3,50.0,10.75,50.0,4.44,51.07,48.67,19.14,42.61,9.86,14.86,1.06,50.0,10.75,50.0,4.44,45.25,43.91,17.27,48.06,11.12,54.06,3.87,50.0,10.75,50.0,4.44,47.45,32.79,12.9,48.06,11.12,62.68,4.49,50.0,10.75,50.0,4.44,43.69
202609060703,2026-09-06,07,3R,realtime,71.22,28.01,48.06,11.12,58.14,4.17,46.53,10.01,29.89,2.65,55.95,52.67,20.71,42.61,9.86,47.78,3.42,40.85,8.79,79.22,7.03,49.81,50.32,19.79,55.32,12.79,46.03,3.3,65.15,14.01,56.67,5.03,54.92,48.67,19.14,42.61,9.86,14.86,1.06,47.34,10.18,38.22,3.39,43.64,43.91,17.27,48.06,11.12,54.06,3.87,50.96,10.96,33.37,2.96,46.18,32.79,12.9,48.06,11.12,62.68,4.49,49.12,10.56,62.76,5.57,44.64
202609060704,2026-09-06,07,4R,daily,71.22,28.01,46.24,10.7,64.21,4.6,50.0,10.75,50.0,4.44,58.49,52.67,20.71,44.43,10.28,60.29,4.32,50.0,10.75,50.0,4.44,50.5,50.32,19.79,40.8,9.44,68.47,4.91,50.0,10.75,50.0,4.44,49.32,48.67,19.14,73.47,16.99,51.63,3.7,50.0,10.75,50.0,4.44,55.02,43.91,17.27,46.24,10.7,36.47,2.61,50.0,10.75,50.0,4.44,45.77,32.79,12.9,48.06,11.12,35.11,2.52,50.0,10.75,50.0,4.44,41.72
202609060704,2026-09-06,07,4R,realtime,71.22,28.01,46.24,10.7,64.21,4.6,53.63,11.53,29.89,2.65,57.49,52.67,20.71,44.43,10.28,60.29,4.32,50.06,10.77,79.22,7.03,53.1,50.32,19.79,40.8,9.44,68.47,4.91,65.97,14.19,56.67,5.03,53.35,48.67,19.14,73.47,16.99,51.63,3.7,53.39,11.48,38.22,3.39,54.71,43.91,17.27,46.24,10.7,36.47,2.61,47.87,10.29,33.37,2.96,43.83,32.79,12.9,48.06,11.12,35.11,2.52,29.02,6.24,62.76,5.57,38.34
202609060705,2026-09-06,07,5R,daily,71.22,28.01,48.06,11.12,57.84,4.14,50.0,10.75,50.0,4.44,58.46,52.67,20.71,33.54,7.76,51.15,3.66,50.0,10.75,50.0,4.44,47.32,50.32,19.79,46.24,10.7,53.17,3.81,50.0,10.75,50.0,4.44,49.48,48.67,19.14,68.03,15.73,50.48,3.62,50.0,10.75,50.0,4.44,53.68,43.91,17.27,46.24,10.7,67.87,4.86,50.0,10.75,50.0,4.44,48.02,32.79,12.9,46.24,10.7,44.38,3.18,50.0,10.75,50.0,4.44,41.96
202609060705,2026-09-06,07,5R,realtime,71.22,28.01,48.06,11.12,57.84,4.14,67.15,14.44,43.58,3.87,61.58,52.67,20.71,33.54,7.76,51.15,3.66,45.84,9.86,58.4,5.18,47.18,50.32,19.79,46.24,10.7,53.17,3.81,50.61,10.88,46.36,4.11,49.29,48.67,19.14,68.03,15.73,50.48,3.62,60.79,13.07,53.62,4.76,56.32,43.91,17.27,46.24,10.7,67.87,4.86,43.73,9.41,41.41,3.67,45.91,32.79,12.9,46.24,10.7,44.38,3.18,31.84,6.85,56.74,5.03,38.65
202609060706,2026-09-06,07,6R,daily,71.22,28.01,44.43,10.28,51.5,3.69,50.0,10.75,50.0,4.44,57.16,52.67,20.71,69.84,16.15,60.34,4.32,50.0,10.75,50.0,4.44,56.38,50.32,19.79,42.61,9.86,41.05,2.94,50.0,10.75,50.0,4.44,47.78,48.67,19.14,51.69,11.96,22.52,1.61,50.0,10.75,50.0,4.44,47.9,43.91,17.27,46.24,10.7,33.63,2.41,50.0,10.75,50.0,4.44,45.56,32.79,12.9,42.61,9.86,57.17,4.1,50.0,10.75,50.0,4.44,42.04
202609060706,2026-09-06,07,6R,realtime,71.22,28.01,44.43,10.28,51.5,3.69,69.77,15.01,43.58,3.87,60.85,52.67,20.71,69.84,16.15,60.34,4.32,57.75,12.42,58.4,5.18,58.79,50.32,19.79,42.61,9.86,41.05,2.94,45.87,9.87,46.36,4.11,46.57,48.67,19.14,51.69,11.96,22.52,1.61,47.08,10.13,53.62,4.76,47.59,43.91,17.27,46.24,10.7,33.63,2.41,40.16,8.64,41.41,3.67,42.69,32.79,12.9,42.61,9.86,57.17,4.1,39.31,8.45,56.74,5.03,40.34
202609060707,2026-09-06,07,7R,daily,71.22,28.01,48.06,11.12,56.3,4.03,50.0,10.75,50.0,4.44,58.35,52.67,20.71,44.43,10.28,48.13,3.45,50.0,10.75,50.0,4.44,49.63,50.32,19.79,66.21,15.31,43.53,3.12,50.0,10.75,50.0,4.44,53.41,48.67,19.14,46.24,10.7,37.41,2.68,50.0,10.75,50.0,4.44,47.71,43.91,17.27,48.06,11.12,58.14,4.17,50.0,10.75,50.0,4.44,47.74,32.79,12.9,33.54,7.76,51.69,3.7,50.0,10.75,50.0,4.44,39.55
202609060707,2026-09-06,07,7R,realtime,71.22,28.01,48.06,11.12,56.3,4.03,61.19,13.16,43.58,3.87,60.18,52.67,20.71,44.43,10.28,48.13,3.45,37.88,8.15,58.4,5.18,47.76,50.32,19.79,66.21,15.31,43.53,3.12,52.3,11.25,46.36,4.11,53.58,48.67,19.14,46.24,10.7,37.41,2.68,47.72,10.26,53.62,4.76,47.54,43.91,17.27,48.06,11.12,58.14,4.17,56.41,12.13,41.41,3.67,48.36,32.79,12.9,33.54,7.76,51.69,3.7,44.44,9.56,56.74,5.03,38.95
202609060708,2026-09-06,07,8R,daily,71.22,28.01,44.43,10.28,28.69,2.06,50.0,10.75,50.0,4.44,55.53,52.67,20.71,66.21,15.31,74.37,5.33,50.0,10.75,50.0,4.44,56.54,50.32,19.79,46.24,10.7,36.99,2.65,50.0,10.75,50.0,4.44,48.32,48.67,19.14,46.24,10.7,64.21,4.6,50.0,10.75,50.0,4.44,49.63,43.91,17.27,46.24,10.7,49.44,3.54,50.0,10.75,50.0,4.44,46.7,32.79,12.9,42.61,9.86,64.93,4.65,50.0,10.75,50.0,4.44,42.59
202609060708,2026-09-06,07,8R,realtime,71.22,28.01,44.43,10.28,28.69,2.06,58.91,12.67,40.54,3.6,56.6,52.67,20.71,66.21,15.31,74.37,5.33,58.78,12.64,61.71,5.47,59.47,50.32,19.79,46.24,10.7,36.99,2.65,40.24,8.65,39.94,3.54,45.33,48.67,19.14,46.24,10.7,64.21,4.6,46.82,10.07,52.95,4.7,49.21,43.91,17.27,46.24,10.7,49.44,3.54,51.54,11.08,44.88,3.98,46.57,32.79,12.9,42.61,9.86,64.93,4.65,43.67,9.39,60.09,5.33,42.13
202609060709,2026-09-06,07,9R,daily,71.22,28.01,46.24,10.7,25.7,1.84,50.0,10.75,50.0,4.44,55.73,52.67,20.71,48.06,11.12,38.16,2.73,50.0,10.75,50.0,4.44,49.75,50.32,19.79,44.43,10.28,33.9,2.43,50.0,10.75,50.0,4.44,47.68,48.67,19.14,44.43,10.28,37.43,2.68,50.0,10.75,50.0,4.44,47.29,43.91,17.27,46.24,10.7,53.17,3.81,50.0,10.75,50.0,4.44,46.96,32.79,12.9,48.06,11.12,54.06,3.87,50.0,10.75,50.0,4.44,43.07
202609060709,2026-09-06,07,9R,realtime,71.22,28.01,46.24,10.7,25.7,1.84,41.34,8.89,44.36,3.94,53.37,52.67,20.71,48.06,11.12,38.16,2.73,64.19,13.8,58.88,5.22,53.59,50.32,19.79,44.43,10.28,33.9,2.43,43.01,9.25,45.07,4.0,45.74,48.67,19.14,44.43,10.28,37.43,2.68,44.59,9.59,53.22,4.72,46.41,43.91,17.27,46.24,10.7,53.17,3.81,52.07,11.2,41.81,3.71,46.68,32.79,12.9,48.06,11.12,54.06,3.87,54.77,11.78,56.77,5.04,44.7
202609060710,2026-09-06,07,10R,daily,71.22,28.01,68.03,15.73,50.48,3.62,50.0,10.75,50.0,4.44,62.55,52.67,20.71,51.69,11.96,50.09,3.59,50.0,10.75,50.0,4.44,51.45,50.32,19.79,46.24,10.7,33.63,2.41,50.0,10.75,50.0,4.44,48.08,48.67,19.14,44.43,10.28,60.29,4.32,50.0,10.75,50.0,4.44,48.93,43.91,17.27,55.32,12.79,46.03,3.3,50.0,10.75,50.0,4.44,48.55,32.79,12.9,44.43,10.28,38.24,2.74,50.0,10.75,50.0,4.44,41.1
202609060710,2026-09-06,07,10R,realtime,71.22,28.01,68.03,15.73,50.48,3.62,73.65,15.84,41.29,3.66,66.86,52.67,20.71,51.69,11.96,50.09,3.59,42.66,9.17,66.01,5.86,51.29,50.32,19.79,46.24,10.7,33.63,2.41,41.51,8.93,47.98,4.26,46.08,48.67,19.14,44.43,10.28,60.29,4.32,41.46,8.92,47.53,4.22,46.87,43.91,17.27,55.32,12.79,46.03,3.3,58.88,12.66,39.13,3.47,49.5,32.79,12.9,44.43,10.28,38.24,2.74,41.82,8.99,58.18,5.16,40.07
202609060711,2026-09-06,07,11R,daily,71.22,28.01,66.21,15.31,43.53,3.12,50.0,10.75,50.0,4.44,61.63,52.67,20.71,46.24,10.7,65.65,4.7,50.0,10.75,50.0,4.44,51.3,50.32,19.79,46.24,10.7,44.38,3.18,50.0,10.75,50.0,4.44,48.85,48.67,19.14,48.06,11.12,62.68,4.49,50.0,10.75,50.0,4.44,49.94,43.91,17.27,48.06,11.12,35.11,2.52,50.0,10.75,50.0,4.44,46.09,32.79,12.9,51.69,11.96,22.52,1.61,50.0,10.75,50.0,4.44,41.65
202609060711,2026-09-06,07,11R,realtime,71.22,28.01,66.21,15.31,43.53,3.12,63.72,13.7,41.29,3.66,63.81,52.67,20.71,46.24,10.7,65.65,4.7,56.7,12.19,66.01,5.86,54.16,50.32,19.79,46.24,10.7,44.38,3.18,33.87,7.28,47.98,4.26,45.2,48.67,19.14,48.06,11.12,62.68,4.49,46.49,10.0,47.53,4.22,48.96,43.91,17.27,48.06,11.12,35.11,2.52,53.58,11.52,39.13,3.47,45.9,32.79,12.9,51.69,11.96,22.52,1.61,45.62,9.81,58.18,5.16,41.44
202609060712,2026-09-06,07,12R,daily,71.22,28.01,66.21,15.31,74.37,5.33,50.0,10.75,50.0,4.44,63.84,52.67,20.71,73.47,16.99,51.63,3.7,50.0,10.75,50.0,4.44,56.59,50.32,19.79,48.06,11.12,57.84,4.14,50.0,10.75,50.0,4.44,50.24,48.67,19.14,48.06,11.12,56.3,4.03,50.0,10.75,50.0,4.44,49.48,43.91,17.27,46.24,10.7,48.43,3.47,50.0,10.75,50.0,4.44,46.62,32.79,12.9,69.84,16.15,60.34,4.32,50.0,10.75,50.0,4.44,48.56
202609060712,2026-09-06,07,12R,realtime,71.22,28.01,66.21,15.31,74.37,5.33,68.49,14.73,44.36,3.94,67.31,52.67,20.71,73.47,16.99,51.63,3.7,59.68,12.84,58.88,5.22,59.46,50.32,19.79,48.06,11.12,57.84,4.14,48.43,10.42,45.07,4.0,49.46,48.67,19.14,48.06,11.12,56.3,4.03,52.58,11.31,53.22,4.72,50.32,43.91,17.27,46.24,10.7,48.43,3.47,24.74,5.32,41.81,3.71,40.47,32.79,12.9,69.84,16.15,60.34,4.32,46.02,9.9,56.77,5.04,48.31
202609060901,2026-09-06,09,1R,daily,67.29,26.9,68.21,15.0,47.01,3.79,50.0,12.11,50.0,2.87,60.68,52.24,20.88,50.32,11.07,43.47,3.51,50.0,12.11,50.0,2.87,50.44,49.94,19.96,52.31,11.5,55.06,4.44,50.0,12.11,50.0,2.87,50.89,48.74,19.48,80.14,17.63,39.03,3.15,50.0,12.11,50.0,2.87,55.24,44.46,17.77,66.23,14.56,39.89,3.22,50.0,12.11,50.0,2.87,50.54,37.0,14.79,52.31,11.5,53.0,4.27,50.0,12.11,50.0,2.87,45.55
202609060901,2026-09-06,09,1R,realtime,67.29,26.9,68.21,15.0,47.01,3.79,60.46,14.65,45.71,2.62,62.96,52.24,20.88,50.32,11.07,43.47,3.51,61.89,14.99,63.9,3.67,54.12,49.94,19.96,52.31,11.5,55.06,4.44,32.82,7.95,41.01,2.35,46.21,48.74,19.48,80.14,17.63,39.03,3.15,44.37,10.75,58.1,3.34,54.34,44.46,17.77,66.23,14.56,39.89,3.22,52.09,12.62,51.09,2.93,51.11,37.0,14.79,52.31,11.5,53.0,4.27,48.47,11.74,40.24,2.31,44.62
202609060902,2026-09-06,09,2R,daily,67.29,26.9,58.27,12.82,49.05,3.96,50.0,12.11,50.0,2.87,58.65,52.24,20.88,68.21,15.0,64.42,5.2,50.0,12.11,50.0,2.87,56.06,49.94,19.96,90.09,19.81,38.98,3.14,50.0,12.11,50.0,2.87,57.9,48.74,19.48,58.27,12.82,63.52,5.12,50.0,12.11,50.0,2.87,52.41,44.46,17.77,58.27,12.82,48.08,3.88,50.0,12.11,50.0,2.87,49.45,37.0,14.79,78.16,17.19,54.63,4.41,50.0,12.11,50.0,2.87,51.37
202609060902,2026-09-06,09,2R,realtime,67.29,26.9,58.27,12.82,49.05,3.96,54.35,13.17,45.71,2.62,59.46,52.24,20.88,68.21,15.0,64.42,5.2,44.89,10.88,63.9,3.67,55.62,49.94,19.96,90.09,19.81,38.98,3.14,41.5,10.05,41.01,2.35,55.33,48.74,19.48,58.27,12.82,63.52,5.12,53.86,13.05,58.1,3.34,53.81,44.46,17.77,58.27,12.82,48.08,3.88,61.35,14.86,51.09,2.93,52.26,37.0,14.79,78.16,17.19,54.63,4.41,44.1,10.68,40.24,2.31,49.38
202609060903,2026-09-06,09,3R,daily,67.29,26.9,58.27,12.82,46.69,3.77,50.0,12.11,50.0,2.87,58.46,52.24,20.88,72.19,15.88,56.35,4.54,50.0,12.11,50.0,2.87,56.29,49.94,19.96,56.28,12.38,35.55,2.87,50.0,12.11,50.0,2.87,50.19,48.74,19.48,84.12,18.5,53.98,4.35,50.0,12.11,50.0,2.87,57.32,44.46,17.77,76.17,16.75,55.53,4.48,50.0,12.11,50.0,2.87,53.99,37.0,14.79,60.26,13.25,56.08,4.52,50.0,12.11,50.0,2.87,47.55
202609060903,2026-09-06,09,3R,realtime,67.29,26.9,58.27,12.82,46.69,3.77,55.71,13.5,45.71,2.62,59.6,52.24,20.88,72.19,15.88,56.35,4.54,50.23,12.17,63.9,3.67,57.14,49.94,19.96,56.28,12.38,35.55,2.87,32.94,7.98,41.01,2.35,45.54,48.74,19.48,84.12,18.5,53.98,4.35,50.37,12.2,58.1,3.34,57.88,44.46,17.77,76.17,16.75,55.53,4.48,48.27,11.7,51.09,2.93,53.63,37.0,14.79,60.26,13.25,56.08,4.52,62.55,15.15,40.24,2.31,50.03
202609060904,2026-09-06,09,4R,daily,67.29,26.9,64.24,14.13,54.08,4.36,50.0,12.11,50.0,2.87,60.37,52.24,20.88,60.26,13.25,49.78,4.01,50.0,12.11,50.0,2.87,53.13,49.94,19.96,62.25,13.69,40.58,3.27,50.0,12.11,50.0,2.87,51.91,48.74,19.48,54.3,11.94,28.81,2.32,50.0,12.11,50.0,2.87,48.73,44.46,17.77,54.3,11.94,35.79,2.89,50.0,12.11,50.0,2.87,47.58,37.0,14.79,62.25,13.69,56.39,4.55,50.0,12.11,50.0,2.87,48.01
202609060904,2026-09-06,09,4R,realtime,67.29,26.9,64.24,14.13,54.08,4.36,45.96,11.14,45.71,2.62,59.15,52.24,20.88,60.26,13.25,49.78,4.01,56.28,13.64,63.9,3.67,55.45,49.94,19.96,62.25,13.69,40.58,3.27,48.2,11.68,41.01,2.35,50.96,48.74,19.48,54.3,11.94,28.81,2.32,42.43,10.28,58.1,3.34,47.37,44.46,17.77,54.3,11.94,35.79,2.89,58.63,14.2,51.09,2.93,49.74,37.0,14.79,62.25,13.69,56.39,4.55,48.56,11.76,40.24,2.31,47.1
202609060905,2026-09-06,09,5R,daily,67.29,26.9,52.31,11.5,49.42,3.99,50.0,12.11,50.0,2.87,57.37,52.24,20.88,58.27,12.82,44.92,3.62,50.0,12.11,50.0,2.87,52.3,49.94,19.96,78.16,17.19,55.44,4.47,50.0,12.11,50.0,2.87,56.61,48.74,19.48,72.19,15.88,42.21,3.4,50.0,12.11,50.0,2.87,53.75,44.46,17.77,58.27,12.82,45.89,3.7,50.0,12.11,50.0,2.87,49.27,37.0,14.79,60.26,13.25,56.58,4.56,50.0,12.11,50.0,2.87,47.59
202609060905,2026-09-06,09,5R,realtime,67.29,26.9,52.31,11.5,49.42,3.99,63.82,15.46,52.56,3.02,60.87,52.24,20.88,58.27,12.82,44.92,3.62,52.05,12.61,59.96,3.44,53.37,49.94,19.96,78.16,17.19,55.44,4.47,42.88,10.39,30.03,1.72,53.74,48.74,19.48,72.19,15.88,42.21,3.4,53.17,12.88,42.89,2.46,54.11,44.46,17.77,58.27,12.82,45.89,3.7,42.09,10.2,64.91,3.73,48.21,37.0,14.79,60.26,13.25,56.58,4.56,46.05,11.16,49.71,2.85,46.62
202609060906,2026-09-06,09,6R,daily,67.29,26.9,54.3,11.94,46.47,3.75,50.0,12.11,50.0,2.87,57.57,52.24,20.88,72.19,15.88,50.66,4.09,50.0,12.11,50.0,2.87,55.83,49.94,19.96,72.19,15.88,51.7,4.17,50.0,12.11,50.0,2.87,54.99,48.74,19.48,52.31,11.5,53.0,4.27,50.0,12.11,50.0,2.87,50.25,44.46,17.77,54.3,11.94,38.79,3.13,50.0,12.11,50.0,2.87,47.83,37.0,14.79,86.11,18.94,56.38,4.55,50.0,12.11,50.0,2.87,53.26
202609060906,2026-09-06,09,6R,realtime,67.29,26.9,54.3,11.94,46.47,3.75,58.52,14.18,53.27,3.06,59.82,52.24,20.88,72.19,15.88,50.66,4.09,50.94,12.34,57.23,3.29,56.47,49.94,19.96,72.19,15.88,51.7,4.17,49.01,11.87,31.73,1.82,53.71,48.74,19.48,52.31,11.5,53.0,4.27,55.14,13.36,45.73,2.63,51.25,44.46,17.77,54.3,11.94,38.79,3.13,54.78,13.27,61.21,3.51,49.63,37.0,14.79,86.11,18.94,56.38,4.55,31.69,7.68,50.91,2.92,48.88
202609060907,2026-09-06,09,7R,daily,67.29,26.9,54.3,11.94,50.91,4.11,50.0,12.11,50.0,2.87,57.93,52.24,20.88,74.18,16.31,58.84,4.75,50.0,12.11,50.0,2.87,56.92,49.94,19.96,68.21,15.0,47.01,3.79,50.0,12.11,50.0,2.87,53.74,48.74,19.48,58.27,12.82,48.08,3.88,50.0,12.11,50.0,2.87,51.16,44.46,17.77,76.17,16.75,60.36,4.87,50.0,12.11,50.0,2.87,54.38,37.0,14.79,58.27,12.82,28.25,2.28,50.0,12.11,50.0,2.87,44.87
202609060907,2026-09-06,09,7R,realtime,67.29,26.9,54.3,11.94,50.91,4.11,68.7,16.64,53.27,3.06,62.65,52.24,20.88,74.18,16.31,58.84,4.75,54.63,13.24,57.23,3.29,58.46,49.94,19.96,68.21,15.0,47.01,3.79,39.51,9.57,31.73,1.82,50.15,48.74,19.48,58.27,12.82,48.08,3.88,48.87,11.84,45.73,2.63,50.64,44.46,17.77,76.17,16.75,60.36,4.87,46.5,11.27,61.21,3.51,54.17,37.0,14.79,58.27,12.82,28.25,2.28,41.86,10.14,50.91,2.92,42.95
202609060908,2026-09-06,09,8R,daily,67.29,26.9,54.3,11.94,28.81,2.32,50.0,12.11,50.0,2.87,56.15,52.24,20.88,78.16,17.19,57.59,4.64,50.0,12.11,50.0,2.87,57.7,49.94,19.96,60.26,13.25,56.08,4.52,50.0,12.11,50.0,2.87,52.72,48.74,19.48,70.2,15.44,47.41,3.82,50.0,12.11,50.0,2.87,53.73,44.46,17.77,56.28,12.38,44.59,3.6,50.0,12.11,50.0,2.87,48.73,37.0,14.79,90.09,19.81,38.98,3.14,50.0,12.11,50.0,2.87,52.73
202609060908,2026-09-06,09,8R,realtime,67.29,26.9,54.3,11.94,28.81,2.32,52.2,12.65,51.85,2.98,56.79,52.24,20.88,78.16,17.19,57.59,4.64,53.31,12.91,62.69,3.6,59.23,49.94,19.96,60.26,13.25,56.08,4.52,57.66,13.97,28.34,1.63,53.34,48.74,19.48,70.2,15.44,47.41,3.82,46.0,11.14,40.04,2.3,52.19,44.46,17.77,56.28,12.38,44.59,3.6,43.76,10.6,68.62,3.94,48.29,37.0,14.79,90.09,19.81,38.98,3.14,47.16,11.43,48.52,2.79,51.96
202609060909,2026-09-06,09,9R,daily,67.29,26.9,78.16,17.19,52.55,4.24,50.0,12.11,50.0,2.87,63.31,52.24,20.88,56.28,12.38,35.55,2.87,50.0,12.11,50.0,2.87,51.11,49.94,19.96,58.27,12.82,49.05,3.96,50.0,12.11,50.0,2.87,51.72,48.74,19.48,62.25,13.69,56.39,4.55,50.0,12.11,50.0,2.87,52.71,44.46,17.77,68.21,15.0,53.35,4.3,50.0,12.11,50.0,2.87,52.06,37.0,14.79,50.32,11.07,66.03,5.33,50.0,12.11,50.0,2.87,46.17
202609060909,2026-09-06,09,9R,realtime,67.29,26.9,78.16,17.19,52.55,4.24,50.98,12.35,53.27,3.06,63.73,52.24,20.88,56.28,12.38,35.55,2.87,53.99,13.08,57.23,3.29,52.49,49.94,19.96,58.27,12.82,49.05,3.96,45.98,11.14,31.73,1.82,49.7,48.74,19.48,62.25,13.69,56.39,4.55,40.97,9.92,45.73,2.63,50.27,44.46,17.77,68.21,15.0,53.35,4.3,58.63,14.2,61.21,3.51,54.8,37.0,14.79,50.32,11.07,66.03,5.33,49.51,11.99,50.91,2.92,46.1
202609060910,2026-09-06,09,10R,daily,67.29,26.9,76.17,16.75,55.53,4.48,50.0,12.11,50.0,2.87,63.11,52.24,20.88,54.3,11.94,64.88,5.23,50.0,12.11,50.0,2.87,53.04,49.94,19.96,78.16,17.19,54.63,4.41,50.0,12.11,50.0,2.87,56.54,48.74,19.48,54.3,11.94,35.79,2.89,50.0,12.11,50.0,2.87,49.3,44.46,17.77,80.14,17.63,54.57,4.4,50.0,12.11,50.0,2.87,54.78,37.0,14.79,78.16,17.19,55.44,4.47,50.0,12.11,50.0,2.87,51.43
202609060910,2026-09-06,09,10R,realtime,67.29,26.9,76.17,16.75,55.53,4.48,73.07,17.7,53.27,3.06,68.89,52.24,20.88,54.3,11.94,64.88,5.23,53.56,12.98,57.23,3.29,54.32,49.94,19.96,78.16,17.19,54.63,4.41,31.56,7.65,31.73,1.82,51.03,48.74,19.48,54.3,11.94,35.79,2.89,54.26,13.14,45.73,2.63,50.08,44.46,17.77,80.14,17.63,54.57,4.4,49.71,12.04,61.21,3.51,55.36,37.0,14.79,78.16,17.19,55.44,4.47,37.92,9.19,50.91,2.92,48.56
202609060911,2026-09-06,09,11R,daily,67.29,26.9,72.19,15.88,42.21,3.4,50.0,12.11,50.0,2.87,61.16,52.24,20.88,86.11,18.94,56.38,4.55,50.0,12.11,50.0,2.87,59.35,49.94,19.96,56.28,12.38,47.46,3.83,50.0,12.11,50.0,2.87,51.15,48.74,19.48,60.26,13.25,49.78,4.01,50.0,12.11,50.0,2.87,51.74,44.46,17.77,74.18,16.31,58.84,4.75,50.0,12.11,50.0,2.87,53.82,37.0,14.79,66.23,14.56,39.89,3.22,50.0,12.11,50.0,2.87,47.56
202609060911,2026-09-06,09,11R,realtime,67.29,26.9,72.19,15.88,42.21,3.4,55.05,13.34,52.56,3.02,62.53,52.24,20.88,86.11,18.94,56.38,4.55,41.36,10.02,59.96,3.44,57.83,49.94,19.96,56.28,12.38,47.46,3.83,44.33,10.74,30.03,1.72,48.64,48.74,19.48,60.26,13.25,49.78,4.01,46.18,11.19,42.89,2.46,50.4,44.46,17.77,74.18,16.31,58.84,4.75,62.07,15.04,64.91,3.73,57.6,37.0,14.79,66.23,14.56,39.89,3.22,51.07,12.37,49.71,2.85,47.8
202609060912,2026-09-06,09,12R,daily,67.29,26.9,84.12,18.5,53.98,4.35,50.0,12.11,50.0,2.87,64.74,52.24,20.88,76.17,16.75,60.36,4.87,50.0,12.11,50.0,2.87,57.48,49.94,19.96,56.28,12.38,66.39,5.35,50.0,12.11,50.0,2.87,52.68,48.74,19.48,56.28,12.38,60.83,4.91,50.0,12.11,50.0,2.87,51.75,44.46,17.77,58.27,12.82,44.92,3.62,50.0,12.11,50.0,2.87,49.2,37.0,14.79,72.19,15.88,51.7,4.17,50.0,12.11,50.0,2.87,49.82
202609060912,2026-09-06,09,12R,realtime,67.29,26.9,84.12,18.5,53.98,4.35,62.69,15.19,49.18,2.82,67.76,52.24,20.88,76.17,16.75,60.36,4.87,62.96,15.25,60.73,3.49,61.24,49.94,19.96,56.28,12.38,66.39,5.35,48.81,11.83,32.25,1.85,51.37,48.74,19.48,56.28,12.38,60.83,4.91,34.8,8.43,40.26,2.31,47.51,44.46,17.77,58.27,12.82,44.92,3.62,50.37,12.2,69.62,4.0,50.41,37.0,14.79,72.19,15.88,51.7,4.17,40.41,9.79,48.02,2.76,47.38
202609061001,2026-09-06,10,1R,daily,66.67,25.75,68.84,19.81,34.9,3.04,50.0,8.44,50.0,3.5,60.54,52.63,20.32,42.13,12.12,51.41,4.48,50.0,8.44,50.0,3.5,48.87,52.81,20.4,47.48,13.66,17.85,1.56,50.0,8.44,50.0,3.5,47.56,47.3,18.27,42.13,12.12,42.8,3.73,50.0,8.44,50.0,3.5,46.07,43.92,16.96,39.46,11.35,38.57,3.36,50.0,8.44,50.0,3.5,43.63,36.48,14.09,26.11,7.51,39.03,3.4,50.0,8.44,50.0,3.5,36.95
202609061001,2026-09-06,10,1R,realtime,66.67,25.75,68.84,19.81,34.9,3.04,68.97,11.65,52.98,3.71,63.96,52.63,20.32,42.13,12.12,51.41,4.48,49.63,8.38,41.35,2.89,48.21,52.81,20.4,47.48,13.66,17.85,1.56,43.44,7.34,67.21,4.71,47.65,47.3,18.27,42.13,12.12,42.8,3.73,47.85,8.08,59.44,4.16,46.36,43.92,16.96,39.46,11.35,38.57,3.36,33.22,5.61,42.36,2.97,40.26,36.48,14.09,26.11,7.51,39.03,3.4,56.98,9.62,36.65,2.57,37.19
202609061002,2026-09-06,10,2R,daily,66.67,25.75,47.48,13.66,42.71,3.72,50.0,8.44,50.0,3.5,55.08,52.63,20.32,60.83,17.5,39.5,3.44,50.0,8.44,50.0,3.5,53.22,52.81,20.4,44.8,12.89,49.69,4.33,50.0,8.44,50.0,3.5,49.56,47.3,18.27,42.13,12.12,28.79,2.51,50.0,8.44,50.0,3.5,44.84,43.92,16.96,47.48,13.66,45.52,3.97,50.0,8.44,50.0,3.5,46.54,36.48,14.09,47.48,13.66,52.8,4.6,50.0,8.44,50.0,3.5,44.3
202609061002,2026-09-06,10,2R,realtime,66.67,25.75,47.48,13.66,42.71,3.72,68.32,11.54,42.24,2.96,57.63,52.63,20.32,60.83,17.5,39.5,3.44,65.69,11.09,47.83,3.35,55.71,52.81,20.4,44.8,12.89,49.69,4.33,44.44,7.51,68.25,4.78,49.9,47.3,18.27,42.13,12.12,28.79,2.51,37.65,6.36,57.5,4.03,43.28,43.92,16.96,47.48,13.66,45.52,3.97,41.57,7.02,43.98,3.08,44.69,36.48,14.09,47.48,13.66,52.8,4.6,42.39,7.16,40.2,2.81,42.33
202609061003,2026-09-06,10,3R,daily,66.67,25.75,76.86,22.11,51.8,4.52,50.0,8.44,50.0,3.5,64.32,52.63,20.32,50.15,14.43,33.22,2.9,50.0,8.44,50.0,3.5,49.59,52.81,20.4,50.15,14.43,65.74,5.73,50.0,8.44,50.0,3.5,52.5,47.3,18.27,47.48,13.66,52.58,4.58,50.0,8.44,50.0,3.5,48.45,43.92,16.96,42.13,12.12,40.12,3.5,50.0,8.44,50.0,3.5,44.53,36.48,14.09,44.8,12.89,49.58,4.32,50.0,8.44,50.0,3.5,43.25
202609061003,2026-09-06,10,3R,realtime,66.67,25.75,76.86,22.11,51.8,4.52,67.55,11.41,48.8,3.42,67.2,52.63,20.32,50.15,14.43,33.22,2.9,61.88,10.45,43.27,3.03,51.13,52.81,20.4,50.15,14.43,65.74,5.73,46.59,7.87,65.16,4.56,52.98,47.3,18.27,47.48,13.66,52.58,4.58,43.65,7.37,61.81,4.33,48.21,43.92,16.96,42.13,12.12,40.12,3.5,35.67,6.02,44.07,3.09,41.69,36.48,14.09,44.8,12.89,49.58,4.32,44.75,7.56,36.88,2.58,41.44
202609061004,2026-09-06,10,4R,daily,66.67,25.75,44.8,12.89,50.79,4.43,50.0,8.44,50.0,3.5,55.01,52.63,20.32,52.82,15.2,37.05,3.23,50.0,8.44,50.0,3.5,50.7,52.81,20.4,44.8,12.89,57.66,5.03,50.0,8.44,50.0,3.5,50.26,47.3,18.27,52.82,15.2,38.63,3.37,50.0,8.44,50.0,3.5,48.78,43.92,16.96,44.8,12.89,53.81,4.69,50.0,8.44,50.0,3.5,46.49,36.48,14.09,47.48,13.66,49.06,4.28,50.0,8.44,50.0,3.5,43.97
202609061004,2026-09-06,10,4R,realtime,66.67,25.75,44.8,12.89,50.79,4.43,73.97,12.49,43.43,3.04,58.6,52.63,20.32,52.82,15.2,37.05,3.23,38.88,6.57,46.51,3.26,48.57,52.81,20.4,44.8,12.89,57.66,5.03,42.28,7.14,65.67,4.6,50.05,47.3,18.27,52.82,15.2,38.63,3.37,40.9,6.91,60.84,4.26,48.0,43.92,16.96,44.8,12.89,53.81,4.69,45.3,7.65,44.88,3.14,45.34,36.48,14.09,47.48,13.66,49.06,4.28,58.77,9.92,38.65,2.71,44.66
202609061005,2026-09-06,10,5R,daily,66.67,25.75,74.19,21.34,58.81,5.13,50.0,8.44,50.0,3.5,64.17,52.63,20.32,44.8,12.89,54.47,4.75,50.0,8.44,50.0,3.5,49.91,52.81,20.4,44.8,12.89,45.26,3.95,50.0,8.44,50.0,3.5,49.18,47.3,18.27,52.82,15.2,50.46,4.4,50.0,8.44,50.0,3.5,49.81,43.92,16.96,47.48,13.66,54.86,4.78,50.0,8.44,50.0,3.5,47.35,36.48,14.09,44.8,12.89,53.23,4.64,50.0,8.44,50.0,3.5,43.57
202609061005,2026-09-06,10,5R,realtime,66.67,25.75,74.19,21.34,58.81,5.13,61.36,10.36,39.89,2.79,65.38,52.63,20.32,44.8,12.89,54.47,4.75,53.55,9.04,48.07,3.37,50.37,52.81,20.4,44.8,12.89,45.26,3.95,49.3,8.33,64.72,4.53,50.09,47.3,18.27,52.82,15.2,50.46,4.4,35.86,6.06,60.13,4.21,48.13,43.92,16.96,47.48,13.66,54.86,4.78,58.75,9.92,46.11,3.23,48.56,36.48,14.09,44.8,12.89,53.23,4.64,41.26,6.97,41.07,2.88,41.46
202609061006,2026-09-06,10,6R,daily,66.67,25.75,47.48,13.66,60.16,5.24,50.0,8.44,50.0,3.5,56.6,52.63,20.32,47.48,13.66,41.03,3.58,50.0,8.44,50.0,3.5,49.51,52.81,20.4,42.13,12.12,28.79,2.51,50.0,8.44,50.0,3.5,46.97,47.3,18.27,52.82,15.2,46.21,4.03,50.0,8.44,50.0,3.5,49.44,43.92,16.96,44.8,12.89,49.5,4.32,50.0,8.44,50.0,3.5,46.12,36.48,14.09,26.11,7.51,39.03,3.4,50.0,8.44,50.0,3.5,36.95
202609061006,2026-09-06,10,6R,realtime,66.67,25.75,47.48,13.66,60.16,5.24,47.45,8.01,36.32,2.54,55.21,52.63,20.32,47.48,13.66,41.03,3.58,68.94,11.64,50.83,3.56,52.76,52.81,20.4,42.13,12.12,28.79,2.51,33.21,5.61,68.11,4.77,45.4,47.3,18.27,52.82,15.2,46.21,4.03,55.21,9.32,54.76,3.83,50.65,43.92,16.96,44.8,12.89,49.5,4.31,46.96,7.93,45.37,3.18,45.28,36.48,14.09,26.11,7.51,39.03,3.4,48.31,8.16,44.61,3.12,36.29
202609061007,2026-09-06,10,7R,daily,66.67,25.75,39.46,11.35,38.57,3.36,50.0,8.44,50.0,3.5,52.41,52.63,20.32,42.13,12.12,40.12,3.5,50.0,8.44,50.0,3.5,47.89,52.81,20.4,60.83,17.5,35.93,3.13,50.0,8.44,50.0,3.5,52.98,47.3,18.27,42.13,12.12,36.43,3.18,50.0,8.44,50.0,3.5,45.51,43.92,16.96,50.15,14.43,53.55,4.67,50.0,8.44,50.0,3.5,48.01,36.48,14.09,50.15,14.43,49.74,4.34,50.0,8.44,50.0,3.5,44.8
202609061007,2026-09-06,10,7R,realtime,66.67,25.75,39.46,11.35,38.57,3.36,47.85,8.08,37.5,2.63,51.17,52.63,20.32,42.13,12.12,40.12,3.5,54.74,9.24,50.71,3.55,48.74,52.81,20.4,60.83,17.5,35.93,3.13,58.47,9.87,69.87,4.89,55.8,47.3,18.27,42.13,12.12,36.43,3.18,49.4,8.34,53.44,3.74,45.65,43.92,16.96,50.15,14.43,53.55,4.67,44.57,7.53,44.3,3.1,46.69,36.48,14.09,50.15,14.43,49.74,4.34,45.04,7.61,44.17,3.09,43.55
202609061008,2026-09-06,10,8R,daily,66.67,25.75,47.48,13.66,52.58,4.58,50.0,8.44,50.0,3.5,55.94,52.63,20.32,44.8,12.89,65.69,5.73,50.0,8.44,50.0,3.5,50.89,52.81,20.4,52.82,15.2,37.05,3.23,50.0,8.44,50.0,3.5,50.77,47.3,18.27,87.54,25.19,54.95,4.79,50.0,8.44,50.0,3.5,60.19,43.92,16.96,47.48,13.66,17.85,1.56,50.0,8.44,50.0,3.5,44.12,36.48,14.09,44.8,12.89,49.69,4.33,50.0,8.44,50.0,3.5,43.26
202609061008,2026-09-06,10,8R,realtime,66.67,25.75,47.48,13.66,52.58,4.58,64.3,10.86,36.32,2.54,57.39,52.63,20.32,44.8,12.89,65.69,5.73,48.32,8.16,50.83,3.56,50.66,52.81,20.4,52.82,15.2,37.05,3.23,60.33,10.19,68.11,4.77,53.78,47.3,18.27,87.54,25.19,54.95,4.79,55.29,9.34,54.76,3.83,61.42,43.92,16.96,47.48,13.66,17.85,1.56,36.53,6.17,45.37,3.18,41.53,36.48,14.09,44.8,12.89,49.69,4.33,35.31,5.96,44.61,3.12,40.4
202609061009,2026-09-06,10,9R,daily,66.67,25.75,42.13,12.12,42.8,3.73,50.0,8.44,50.0,3.5,53.55,52.63,20.32,44.8,12.89,50.79,4.43,50.0,8.44,50.0,3.5,49.59,52.81,20.4,47.48,13.66,40.15,3.5,50.0,8.44,50.0,3.5,49.5,47.3,18.27,47.48,13.66,42.71,3.72,50.0,8.44,50.0,3.5,47.59,43.92,16.96,74.19,21.34,58.81,5.13,50.0,8.44,50.0,3.5,55.38,36.48,14.09,42.13,12.12,38.78,3.38,50.0,8.44,50.0,3.5,41.54
202609061009,2026-09-06,10,9R,realtime,66.67,25.75,42.13,12.12,42.8,3.73,48.11,8.12,41.06,2.88,52.6,52.63,20.32,44.8,12.89,50.79,4.43,52.55,8.87,47.95,3.36,49.88,52.81,20.4,47.48,13.66,40.15,3.5,37.17,6.28,66.48,4.66,48.49,47.3,18.27,47.48,13.66,42.71,3.72,52.48,8.86,58.81,4.12,48.63,43.92,16.96,74.19,21.34,58.81,5.13,69.38,11.72,45.04,3.15,58.31,36.48,14.09,42.13,12.12,38.78,3.38,40.37,6.82,40.64,2.85,39.26
202609061010,2026-09-06,10,10R,daily,66.67,25.75,47.48,13.66,45.52,3.97,50.0,8.44,50.0,3.5,55.32,52.63,20.32,52.82,15.2,50.46,4.4,50.0,8.44,50.0,3.5,51.87,52.81,20.4,76.86,22.11,51.8,4.52,50.0,8.44,50.0,3.5,58.97,47.3,18.27,44.8,12.89,64.07,5.58,50.0,8.44,50.0,3.5,48.69,43.92,16.96,42.13,12.12,51.41,4.48,50.0,8.44,50.0,3.5,45.51,36.48,14.09,47.48,13.66,41.03,3.58,50.0,8.44,50.0,3.5,43.27
202609061010,2026-09-06,10,10R,realtime,66.67,25.75,47.48,13.66,45.52,3.97,42.69,7.21,36.32,2.54,53.13,52.63,20.32,52.82,15.2,50.46,4.4,47.56,8.03,50.83,3.56,51.51,52.81,20.4,76.86,22.11,51.8,4.52,73.58,12.43,68.11,4.77,64.22,47.3,18.27,44.8,12.89,64.07,5.58,41.36,6.98,54.76,3.83,47.56,43.92,16.96,42.13,12.12,51.41,4.48,44.27,7.48,45.37,3.18,44.22,36.48,14.09,47.48,13.66,41.03,3.58,50.63,8.55,44.61,3.12,43.0
202609061011,2026-09-06,10,11R,daily,66.67,25.75,71.52,20.58,42.47,3.7,50.0,8.44,50.0,3.5,61.97,52.63,20.32,44.8,12.89,49.58,4.32,50.0,8.44,50.0,3.5,49.48,52.81,20.4,52.82,15.2,38.63,3.37,50.0,8.44,50.0,3.5,50.91,47.3,18.27,44.8,12.89,49.5,4.32,50.0,8.44,50.0,3.5,47.42,43.92,16.96,68.84,19.81,34.9,3.04,50.0,8.44,50.0,3.5,51.76,36.48,14.09,42.13,12.12,36.43,3.18,50.0,8.44,50.0,3.5,41.33
202609061011,2026-09-06,10,11R,realtime,66.67,25.75,71.52,20.58,42.47,3.7,56.09,9.47,36.32,2.54,62.04,52.63,20.32,44.8,12.89,49.58,4.32,50.8,8.58,50.83,3.56,49.68,52.81,20.4,52.82,15.2,38.63,3.37,34.95,5.9,68.11,4.77,49.63,47.3,18.27,44.8,12.89,49.5,4.31,37.72,6.37,54.76,3.83,45.68,43.92,16.96,68.84,19.81,34.9,3.04,64.36,10.87,45.37,3.18,53.86,36.48,14.09,42.13,12.12,36.43,3.18,56.16,9.48,44.61,3.12,42.0
202609061012,2026-09-06,10,12R,daily,66.67,25.75,87.54,25.19,54.95,4.79,50.0,8.44,50.0,3.5,67.67,52.63,20.32,50.15,14.43,65.74,5.73,50.0,8.44,50.0,3.5,52.43,52.81,20.4,47.48,13.66,52.8,4.6,50.0,8.44,50.0,3.5,50.6,47.3,18.27,47.48,13.66,54.86,4.78,50.0,8.44,50.0,3.5,48.65,43.92,16.96,50.15,14.43,49.74,4.34,50.0,8.44,50.0,3.5,47.67,36.48,14.09,52.82,15.2,46.21,4.03,50.0,8.44,50.0,3.5,45.26
202609061012,2026-09-06,10,12R,realtime,66.67,25.75,87.54,25.19,54.95,4.79,68.81,11.62,36.32,2.54,69.89,52.63,20.32,50.15,14.43,65.74,5.73,63.07,10.65,50.83,3.56,54.69,52.81,20.4,47.48,13.66,52.8,4.6,43.01,7.26,68.11,4.77,50.69,43.92,16.96,47.48,13.66,54.86,4.78,44.32,7.49,45.37,3.18,46.07,47.3,18.27,50.15,14.43,49.74,4.34,40.1,6.77,54.76,3.83,47.64,36.48,14.09,52.82,15.2,46.21,4.03,40.77,6.89,44.61,3.12,43.32
202609061101,2026-09-06,11,1R,daily,68.13,28.67,44.08,9.59,53.23,5.24,50.0,9.74,50.0,3.42,56.66,51.22,21.56,42.1,9.16,61.0,6.01,50.0,9.74,50.0,3.42,49.88,51.69,21.75,48.05,10.45,37.88,3.73,50.0,9.74,50.0,3.42,49.09,48.72,20.5,46.07,10.02,59.61,5.87,50.0,9.74,50.0,3.42,49.55,43.15,18.16,46.07,10.02,34.1,3.36,50.0,9.74,50.0,3.42,44.69,37.34,15.72,34.16,7.43,61.74,6.08,50.0,9.74,50.0,3.42,42.38
202609061101,2026-09-06,11,1R,realtime,68.13,28.67,44.08,9.59,53.23,5.25,61.98,12.07,66.52,4.55,60.12,51.22,21.56,42.1,9.16,61.0,6.01,50.24,9.78,34.29,2.34,48.85,51.69,21.75,48.05,10.45,37.88,3.73,45.58,8.88,69.13,4.72,49.54,48.72,20.5,46.07,10.02,59.61,5.87,49.46,9.63,37.69,2.58,48.61,43.15,18.16,46.07,10.02,34.1,3.36,36.06,7.02,46.46,3.17,41.74,37.34,15.72,34.16,7.43,61.74,6.08,56.68,11.04,45.8,3.13,43.4
202609061102,2026-09-06,11,2R,daily,68.13,28.67,38.13,8.3,57.33,5.65,50.0,9.74,50.0,3.42,55.77,51.22,21.56,44.08,9.59,53.44,5.27,50.0,9.74,50.0,3.42,49.56,51.69,21.75,48.05,10.45,52.52,5.18,50.0,9.74,50.0,3.42,50.54,48.72,20.5,44.08,9.59,49.66,4.89,50.0,9.74,50.0,3.42,48.14,43.15,18.16,50.03,10.89,57.63,5.68,50.0,9.74,50.0,3.42,47.88,37.34,15.72,38.13,8.3,43.27,4.26,50.0,9.74,50.0,3.42,41.43
202609061102,2026-09-06,11,2R,realtime,68.13,28.67,38.13,8.3,57.33,5.65,46.09,8.97,65.8,4.5,56.09,51.22,21.56,44.08,9.59,53.44,5.27,59.42,11.57,33.32,2.28,50.26,51.69,21.75,48.05,10.45,52.52,5.18,51.15,9.96,75.8,5.18,52.52,48.72,20.5,44.08,9.59,49.66,4.89,48.33,9.41,37.81,2.58,46.98,43.15,18.16,50.03,10.89,57.63,5.68,45.31,8.82,45.27,3.09,46.64,37.34,15.72,38.13,8.3,43.27,4.26,49.74,9.69,41.87,2.86,40.82
202609061103,2026-09-06,11,3R,daily,68.13,28.67,40.11,8.73,52.13,5.14,50.0,9.74,50.0,3.42,55.69,51.22,21.56,48.05,10.45,55.45,5.46,50.0,9.74,50.0,3.42,50.63,51.69,21.75,55.99,12.18,65.82,6.49,50.0,9.74,50.0,3.42,53.57,48.72,20.5,44.08,9.59,59.26,5.84,50.0,9.74,50.0,3.42,49.09,43.15,18.16,50.03,10.89,53.87,5.31,50.0,9.74,50.0,3.42,47.51,37.34,15.72,46.07,10.02,64.44,6.35,50.0,9.74,50.0,3.42,45.24
202609061103,2026-09-06,11,3R,realtime,68.13,28.67,40.11,8.73,52.13,5.14,51.08,9.95,66.29,4.53,57.01,51.22,21.56,48.05,10.45,55.45,5.46,59.28,11.54,34.74,2.37,51.39,51.69,21.75,55.99,12.18,65.82,6.49,56.94,11.09,72.22,4.93,56.44,48.72,20.5,44.08,9.59,59.26,5.84,51.18,9.97,40.7,2.78,48.68,43.15,18.16,50.03,10.89,53.87,5.31,27.8,5.41,45.41,3.1,42.87,37.34,15.72,46.07,10.02,64.44,6.35,53.72,10.46,40.51,2.77,45.32
202609061104,2026-09-06,11,4R,daily,68.13,28.67,42.1,9.16,45.44,4.48,50.0,9.74,50.0,3.42,55.46,51.22,21.56,46.07,10.02,50.29,4.96,50.0,9.74,50.0,3.42,49.69,51.69,21.75,42.1,9.16,53.49,5.27,50.0,9.74,50.0,3.42,49.34,48.72,20.5,52.02,11.32,47.54,4.68,50.0,9.74,50.0,3.42,49.66,43.15,18.16,34.16,7.43,37.68,3.71,50.0,9.74,50.0,3.42,42.46,37.34,15.72,44.08,9.59,48.28,4.76,50.0,9.74,50.0,3.42,43.22
202609061104,2026-09-06,11,4R,realtime,68.13,28.67,42.1,9.16,45.44,4.48,45.24,8.81,66.29,4.53,55.65,51.22,21.56,46.07,10.02,50.29,4.96,38.96,7.59,34.74,2.37,46.49,51.69,21.75,42.1,9.16,53.49,5.27,54.99,10.71,72.22,4.93,51.83,48.72,20.5,52.02,11.32,47.54,4.68,44.82,8.73,40.7,2.78,48.01,37.34,15.72,34.16,7.43,37.68,3.71,60.19,11.72,40.51,2.77,41.35,43.15,18.16,44.08,9.59,48.28,4.76,55.82,10.87,45.41,3.1,46.48
202609061105,2026-09-06,11,5R,daily,68.13,28.67,46.07,10.02,45.83,4.52,50.0,9.74,50.0,3.42,56.36,51.22,21.56,40.11,8.73,54.23,5.34,50.0,9.74,50.0,3.42,48.78,51.69,21.75,52.02,11.32,47.5,4.68,50.0,9.74,50.0,3.42,50.9,48.72,20.5,44.08,9.59,53.23,5.24,50.0,9.74,50.0,3.42,48.49,43.15,18.16,42.1,9.16,44.13,4.35,50.0,9.74,50.0,3.42,44.82,37.34,15.72,50.03,10.89,50.25,4.95,50.0,9.74,50.0,3.42,44.7
202609061105,2026-09-06,11,5R,realtime,68.13,28.67,46.07,10.02,45.83,4.52,63.75,12.41,66.29,4.53,60.16,51.22,21.56,40.11,8.73,54.23,5.34,32.41,6.31,34.74,2.37,44.31,51.69,21.75,52.02,11.32,47.5,4.68,50.35,9.8,72.22,4.93,52.49,48.72,20.5,44.08,9.59,53.23,5.25,60.01,11.69,40.7,2.78,49.81,43.15,18.16,42.1,9.16,44.13,4.35,38.37,7.47,45.41,3.1,42.24,37.34,15.72,50.03,10.89,50.25,4.95,55.13,10.74,40.51,2.77,45.06
202609061106,2026-09-06,11,6R,daily,68.13,28.67,48.05,10.45,50.03,4.93,50.0,9.74,50.0,3.42,57.21,51.22,21.56,46.07,10.02,43.2,4.26,50.0,9.74,50.0,3.42,48.99,51.69,21.75,44.08,9.59,45.44,4.48,50.0,9.74,50.0,3.42,48.97,48.72,20.5,44.08,9.59,53.44,5.27,50.0,9.74,50.0,3.42,48.51,43.15,18.16,40.11,8.73,54.64,5.38,50.0,9.74,50.0,3.42,45.42,37.34,15.72,46.07,10.02,56.56,5.57,50.0,9.74,50.0,3.42,44.46
202609061106,2026-09-06,11,6R,realtime,68.13,28.67,48.05,10.45,50.03,4.93,60.26,11.73,66.29,4.53,60.32,51.22,21.56,46.07,10.02,43.2,4.26,51.9,10.11,34.74,2.37,48.31,51.69,21.75,44.08,9.59,45.44,4.48,42.61,8.3,72.22,4.93,49.05,48.72,20.5,44.08,9.59,53.44,5.27,60.73,11.83,40.7,2.78,49.97,43.15,18.16,40.11,8.73,54.64,5.38,32.62,6.35,45.41,3.1,41.72,37.34,15.72,46.07,10.02,56.56,5.57,51.88,10.1,40.51,2.77,44.18
202609061107,2026-09-06,11,7R,daily,68.13,28.67,40.11,8.73,42.86,4.22,50.0,9.74,50.0,3.42,54.78,51.22,21.56,52.02,11.32,56.85,5.6,50.0,9.74,50.0,3.42,51.63,51.69,21.75,40.11,8.73,40.35,3.98,50.0,9.74,50.0,3.42,47.61,48.72,20.5,48.05,10.45,37.88,3.73,50.0,9.74,50.0,3.42,47.84,43.15,18.16,44.08,9.59,61.08,6.02,50.0,9.74,50.0,3.42,46.92,37.34,15.72,40.11,8.73,28.38,2.8,50.0,9.74,50.0,3.42,40.39
202609061107,2026-09-06,11,7R,realtime,68.13,28.67,40.11,8.73,42.86,4.22,60.43,11.77,66.29,4.53,57.92,51.22,21.56,52.02,11.32,56.85,5.6,54.45,10.6,34.74,2.37,51.45,51.69,21.75,40.11,8.73,40.35,3.98,40.56,7.9,72.22,4.93,47.29,48.72,20.5,48.05,10.45,37.88,3.73,37.38,7.28,40.7,2.78,44.75,43.15,18.16,44.08,9.59,61.08,6.02,45.24,8.81,45.41,3.1,45.68,37.34,15.72,40.11,8.73,28.38,2.8,61.94,12.06,40.51,2.77,42.07
202609061108,2026-09-06,11,8R,daily,68.13,28.67,50.03,10.89,41.78,4.12,50.0,9.74,50.0,3.42,56.83,51.22,21.56,44.08,9.59,59.26,5.84,50.0,9.74,50.0,3.42,50.14,51.69,21.75,46.07,10.02,50.24,4.95,50.0,9.74,50.0,3.42,49.88,48.72,20.5,42.1,9.16,45.44,4.48,50.0,9.74,50.0,3.42,47.29,43.15,18.16,34.16,7.43,61.74,6.08,50.0,9.74,50.0,3.42,44.83,37.34,15.72,50.03,10.89,53.95,5.32,50.0,9.74,50.0,3.42,45.07
202609061108,2026-09-06,11,8R,realtime,68.13,28.67,50.03,10.89,41.78,4.12,60.57,11.79,65.93,4.51,59.98,51.22,21.56,44.08,9.59,59.26,5.84,54.78,10.67,34.25,2.34,49.99,51.69,21.75,46.07,10.02,50.24,4.95,51.36,10.0,75.56,5.16,51.89,48.72,20.5,42.1,9.16,45.44,4.48,42.42,8.26,40.76,2.79,45.19,37.34,15.72,34.16,7.43,61.74,6.08,47.41,9.23,38.55,2.63,41.1,43.15,18.16,50.03,10.89,53.95,5.32,43.48,8.47,44.82,3.06,45.89
202609061109,2026-09-06,11,9R,daily,68.13,28.67,50.03,10.89,57.63,5.68,50.0,9.74,50.0,3.42,58.39,51.22,21.56,50.03,10.89,53.87,5.31,50.0,9.74,50.0,3.42,50.9,51.69,21.75,50.03,10.89,55.07,5.43,50.0,9.74,50.0,3.42,51.22,48.72,20.5,40.11,8.73,54.23,5.34,50.0,9.74,50.0,3.42,47.73,43.15,18.16,34.16,7.43,37.68,3.71,50.0,9.74,50.0,3.42,42.46,37.34,15.72,52.02,11.32,48.82,4.81,50.0,9.74,50.0,3.42,45.0
202609061109,2026-09-06,11,9R,realtime,68.13,28.67,50.03,10.89,57.63,5.68,68.52,13.34,66.29,4.53,63.11,51.22,21.56,50.03,10.89,53.87,5.31,38.86,7.57,34.74,2.37,47.69,51.69,21.75,50.03,10.89,55.07,5.43,44.19,8.61,72.22,4.93,51.61,48.72,20.5,40.11,8.73,54.23,5.34,39.76,7.74,40.7,2.78,45.1,37.34,15.72,34.16,7.43,37.68,3.71,61.75,12.02,40.51,2.77,41.65,43.15,18.16,52.02,11.32,48.82,4.81,46.94,9.14,45.41,3.1,46.53
202609061110,2026-09-06,11,10R,daily,68.13,28.67,52.02,11.32,47.54,4.68,50.0,9.74,50.0,3.42,57.83,51.22,21.56,46.07,10.02,59.61,5.87,50.0,9.74,50.0,3.42,50.6,51.69,21.75,40.11,8.73,48.6,4.79,50.0,9.74,50.0,3.42,48.42,48.72,20.5,46.07,10.02,43.2,4.26,50.0,9.74,50.0,3.42,47.94,43.15,18.16,34.16,7.43,33.22,3.27,50.0,9.74,50.0,3.42,42.02,37.34,15.72,48.05,10.45,52.52,5.18,50.0,9.74,50.0,3.42,44.5
202609061110,2026-09-06,11,10R,realtime,68.13,28.67,52.02,11.32,47.54,4.68,65.99,12.85,66.29,4.53,62.06,51.22,21.56,46.07,10.02,59.61,5.87,55.22,10.75,34.74,2.37,50.58,51.69,21.75,40.11,8.73,48.6,4.79,45.43,8.85,72.22,4.93,49.05,48.72,20.5,46.07,10.02,43.2,4.26,48.99,9.54,40.7,2.78,47.1,43.15,18.16,34.16,7.43,33.22,3.27,35.15,6.85,45.41,3.1,38.81,37.34,15.72,48.05,10.45,52.52,5.18,49.24,9.59,40.51,2.77,43.7
202609061111,2026-09-06,11,11R,daily,68.13,28.67,55.99,12.18,65.82,6.49,50.0,9.74,50.0,3.42,60.49,51.22,21.56,44.08,9.59,48.28,4.76,50.0,9.74,50.0,3.42,49.06,51.69,21.75,38.13,8.3,57.33,5.65,50.0,9.74,50.0,3.42,48.85,48.72,20.5,40.11,8.73,42.86,4.22,50.0,9.74,50.0,3.42,46.61,43.15,18.16,42.1,9.16,61.0,6.01,50.0,9.74,50.0,3.42,46.48,37.34,15.72,44.08,9.59,45.44,4.48,50.0,9.74,50.0,3.42,42.94
202609061111,2026-09-06,11,11R,realtime,68.13,28.67,55.99,12.18,65.82,6.49,62.12,12.1,65.1,4.45,63.88,51.22,21.56,44.08,9.59,48.28,4.76,53.23,10.37,47.9,3.27,49.54,51.69,21.75,38.13,8.3,57.33,5.65,48.51,9.45,74.36,5.08,50.22,48.72,20.5,40.11,8.73,42.86,4.22,48.8,9.5,48.62,3.32,46.28,43.15,18.16,42.1,9.16,61.0,6.01,44.45,8.66,38.41,2.62,44.61,37.34,15.72,44.08,9.59,45.44,4.48,42.89,8.35,25.51,1.74,39.88
202609061112,2026-09-06,11,12R,daily,68.13,28.67,52.02,11.32,47.5,4.68,50.0,9.74,50.0,3.42,57.82,51.22,21.56,44.08,9.59,61.08,6.02,50.0,9.74,50.0,3.42,50.32,51.69,21.75,50.03,10.89,53.95,5.32,50.0,9.74,50.0,3.42,51.11,48.72,20.5,48.05,10.45,55.45,5.46,50.0,9.74,50.0,3.42,49.57,43.15,18.16,48.05,10.45,50.03,4.93,50.0,9.74,50.0,3.42,46.7,37.34,15.72,46.07,10.02,50.29,4.96,50.0,9.74,50.0,3.42,43.85
202609061112,2026-09-06,11,12R,realtime,68.13,28.67,52.02,11.32,47.5,4.68,63.16,12.3,36.88,2.52,59.49,51.22,21.56,44.08,9.59,61.08,6.02,60.45,11.77,59.67,4.08,53.01,51.69,21.75,50.03,10.89,53.95,5.32,48.99,9.54,70.7,4.83,52.33,48.72,20.5,48.05,10.45,55.45,5.46,46.64,9.08,40.97,2.8,48.3,43.15,18.16,48.05,10.45,50.03,4.93,43.27,8.43,47.99,3.28,45.25,37.34,15.72,46.07,10.02,50.29,4.96,37.5,7.3,43.65,2.98,40.98
202609061201,2026-09-06,12,1R,daily,67.51,28.3,42.29,9.24,47.67,5.37,50.0,9.62,50.0,2.85,55.39,53.82,22.57,42.29,9.24,42.25,4.76,50.0,9.62,50.0,2.85,49.04,50.27,21.08,38.89,8.5,43.53,4.91,50.0,9.62,50.0,2.85,46.96,48.53,20.35,40.59,8.87,50.99,5.75,50.0,9.62,50.0,2.85,47.44,42.56,17.84,40.59,8.87,54.52,6.14,50.0,9.62,50.0,2.85,45.33,36.8,15.43,35.49,7.75,54.41,6.13,50.0,9.62,50.0,2.85,41.79
202609061201,2026-09-06,12,1R,realtime,67.51,28.3,42.29,9.24,47.67,5.37,59.03,11.36,18.51,1.06,55.33,53.82,22.57,42.29,9.24,42.25,4.76,43.38,8.35,78.3,4.47,49.39,50.27,21.08,38.89,8.5,43.53,4.91,53.57,10.31,66.12,3.77,48.57,48.53,20.35,40.59,8.87,50.99,5.75,43.1,8.3,42.25,2.41,45.67,42.56,17.84,40.59,8.87,54.52,6.14,58.66,11.29,44.0,2.51,46.66,36.8,15.43,35.49,7.75,54.41,6.13,42.22,8.13,50.79,2.9,40.34
202609061202,2026-09-06,12,2R,daily,67.51,28.3,45.69,9.98,53.5,6.03,50.0,9.62,50.0,2.85,56.79,53.82,22.57,38.89,8.5,48.06,5.42,50.0,9.62,50.0,2.85,48.96,50.27,21.08,43.99,9.61,34.73,3.91,50.0,9.62,50.0,2.85,47.08,48.53,20.35,43.99,9.61,50.39,5.68,50.0,9.62,50.0,2.85,48.11,42.56,17.84,40.59,8.87,38.66,4.36,50.0,9.62,50.0,2.85,43.55,36.8,15.43,38.89,8.5,42.37,4.77,50.0,9.62,50.0,2.85,41.18
202609061202,2026-09-06,12,2R,realtime,67.51,28.3,45.69,9.98,53.5,6.03,58.44,11.25,18.51,1.06,56.62,53.82,22.57,38.89,8.5,48.06,5.42,40.73,7.84,78.3,4.47,48.79,50.27,21.08,43.99,9.61,34.73,3.91,44.37,8.54,66.12,3.77,46.92,48.53,20.35,43.99,9.61,50.39,5.68,42.11,8.1,42.25,2.41,46.15,42.56,17.84,40.59,8.87,38.66,4.36,69.96,13.46,44.0,2.51,47.04,36.8,15.43,38.89,8.5,42.37,4.77,44.34,8.53,50.79,2.9,40.13
202609061203,2026-09-06,12,3R,daily,67.51,28.3,47.39,10.35,56.24,6.34,50.0,9.62,50.0,2.85,57.47,53.82,22.57,50.79,11.1,47.13,5.31,50.0,9.62,50.0,2.85,51.45,50.27,21.08,42.29,9.24,45.72,5.15,50.0,9.62,50.0,2.85,47.95,48.53,20.35,43.99,9.61,48.46,5.46,50.0,9.62,50.0,2.85,47.9,42.56,17.84,40.59,8.87,46.82,5.28,50.0,9.62,50.0,2.85,44.47,36.8,15.43,43.99,9.61,38.52,4.34,50.0,9.62,50.0,2.85,41.86
202609061203,2026-09-06,12,3R,realtime,67.51,28.3,47.39,10.35,56.24,6.34,62.86,12.1,11.99,0.68,57.78,53.82,22.57,50.79,11.1,47.13,5.31,64.58,12.43,90.19,5.15,56.55,50.27,21.08,42.29,9.24,45.72,5.15,53.51,10.3,72.6,4.14,49.91,48.53,20.35,43.99,9.61,48.46,5.46,41.48,7.98,35.06,2.0,45.4,42.56,17.84,40.59,8.87,46.82,5.28,36.67,7.06,38.36,2.19,41.24,36.8,15.43,43.99,9.61,38.52,4.34,40.87,7.87,51.75,2.95,40.2
202609061204,2026-09-06,12,4R,daily,67.51,28.3,43.99,9.61,42.16,4.75,50.0,9.62,50.0,2.85,55.14,53.82,22.57,45.69,9.98,63.37,7.14,50.0,9.62,50.0,2.85,52.17,50.27,21.08,45.69,9.98,47.41,5.34,50.0,9.62,50.0,2.85,48.88,48.53,20.35,43.99,9.61,55.94,6.3,50.0,9.62,50.0,2.85,48.74,42.56,17.84,49.09,10.73,58.78,6.62,50.0,9.62,50.0,2.85,47.67,36.8,15.43,43.99,9.61,52.32,5.9,50.0,9.62,50.0,2.85,43.41
202609061204,2026-09-06,12,4R,realtime,67.51,28.3,43.99,9.61,42.16,4.75,57.7,11.1,33.06,1.89,55.66,53.82,22.57,45.69,9.98,63.37,7.14,68.61,13.2,73.14,4.17,57.07,50.27,21.08,45.69,9.98,47.41,5.34,54.83,10.55,50.79,2.9,49.85,48.53,20.35,43.99,9.61,55.94,6.3,41.89,8.06,52.4,2.99,47.32,42.56,17.84,49.09,10.73,58.78,6.62,41.43,7.97,33.64,1.92,45.09,36.8,15.43,43.99,9.61,52.32,5.9,35.51,6.83,56.92,3.25,41.02
202609061205,2026-09-06,12,5R,daily,67.51,28.3,45.69,9.98,47.75,5.38,50.0,9.62,50.0,2.85,56.15,53.82,22.57,42.29,9.24,60.15,6.78,50.0,9.62,50.0,2.85,51.06,50.27,21.08,42.29,9.24,52.04,5.87,50.0,9.62,50.0,2.85,48.66,48.53,20.35,40.59,8.87,61.91,6.98,50.0,9.62,50.0,2.85,48.67,42.56,17.84,32.09,7.01,42.93,4.84,50.0,9.62,50.0,2.85,42.17,36.8,15.43,47.39,10.35,50.99,5.75,50.0,9.62,50.0,2.85,44.01
202609061205,2026-09-06,12,5R,realtime,67.51,28.3,45.69,9.98,47.75,5.38,57.16,11.0,33.06,1.89,56.56,53.82,22.57,42.29,9.24,60.15,6.78,52.17,10.04,73.14,4.17,52.8,50.27,21.08,42.29,9.24,52.04,5.86,66.68,12.83,50.79,2.9,51.92,48.53,20.35,40.59,8.87,61.91,6.98,52.96,10.19,52.4,2.99,49.37,42.56,17.84,32.09,7.01,42.93,4.84,36.85,7.09,33.64,1.92,38.7,36.8,15.43,47.39,10.35,50.99,5.75,34.13,6.57,56.92,3.25,41.35
202609061206,2026-09-06,12,6R,daily,67.51,28.3,47.39,10.35,55.46,6.25,50.0,9.62,50.0,2.85,57.39,53.82,22.57,40.59,8.87,50.99,5.75,50.0,9.62,50.0,2.85,49.66,50.27,21.08,47.39,10.35,56.08,6.32,50.0,9.62,50.0,2.85,50.23,48.53,20.35,54.2,11.84,44.16,4.98,50.0,9.62,50.0,2.85,49.64,42.56,17.84,38.89,8.5,43.53,4.91,50.0,9.62,50.0,2.85,43.72,36.8,15.43,47.39,10.35,41.3,4.65,50.0,9.62,50.0,2.85,42.91
202609061206,2026-09-06,12,6R,realtime,67.51,28.3,47.39,10.35,55.46,6.25,60.84,11.71,25.84,1.47,58.09,53.82,22.57,40.59,8.87,50.99,5.75,48.32,9.3,75.79,4.33,50.81,50.27,21.08,47.39,10.35,56.08,6.32,62.16,11.96,51.71,2.95,52.67,48.53,20.35,54.2,11.84,44.16,4.98,47.07,9.06,53.0,3.03,49.25,42.56,17.84,38.89,8.5,43.53,4.91,48.09,9.25,36.56,2.09,42.59,36.8,15.43,47.39,10.35,41.3,4.65,33.49,6.44,57.06,3.26,40.14
202609061207,2026-09-06,12,7R,daily,67.51,28.3,59.3,12.96,52.14,5.88,50.0,9.62,50.0,2.85,59.61,53.82,22.57,40.59,8.87,38.66,4.36,50.0,9.62,50.0,2.85,48.27,50.27,21.08,49.09,10.73,45.49,5.13,50.0,9.62,50.0,2.85,49.41,48.53,20.35,43.99,9.61,34.73,3.91,50.0,9.62,50.0,2.85,46.35,42.56,17.84,42.29,9.24,42.25,4.76,50.0,9.62,50.0,2.85,44.32,36.8,15.43,40.59,8.87,54.52,6.14,50.0,9.62,50.0,2.85,42.92
202609061207,2026-09-06,12,7R,realtime,67.51,28.3,59.3,12.96,52.14,5.88,65.45,12.59,16.91,0.97,60.7,53.82,22.57,40.59,8.87,38.66,4.36,47.13,9.07,88.57,5.06,49.92,50.27,21.08,49.09,10.73,45.49,5.13,51.41,9.89,58.49,3.34,50.16,48.53,20.35,43.99,9.61,34.73,3.91,32.3,6.22,46.01,2.63,42.71,42.56,17.84,42.29,9.24,42.25,4.76,51.28,9.87,31.9,1.82,43.54,36.8,15.43,40.59,8.87,54.52,6.14,52.41,10.09,58.07,3.31,43.84
202609061208,2026-09-06,12,8R,daily,67.51,28.3,43.99,9.61,52.32,5.9,50.0,9.62,50.0,2.85,56.29,53.82,22.57,42.29,9.24,45.72,5.15,50.0,9.62,50.0,2.85,49.44,50.27,21.08,43.99,9.61,50.39,5.68,50.0,9.62,50.0,2.85,48.84,48.53,20.35,45.69,9.98,47.41,5.34,50.0,9.62,50.0,2.85,48.15,42.56,17.84,35.49,7.75,54.41,6.13,50.0,9.62,50.0,2.85,44.21,36.8,15.43,42.29,9.24,47.67,5.37,50.0,9.62,50.0,2.85,42.52
202609061208,2026-09-06,12,8R,realtime,67.51,28.3,43.99,9.61,52.32,5.9,33.44,6.44,33.06,1.89,52.13,53.82,22.57,42.29,9.24,45.72,5.15,57.45,11.06,73.14,4.17,52.19,50.27,21.08,43.99,9.61,50.39,5.68,42.67,8.21,50.79,2.9,47.48,48.53,20.35,45.69,9.98,47.41,5.34,62.41,12.01,52.4,2.99,50.67,36.8,15.43,35.49,7.75,54.41,6.13,60.56,11.66,56.92,3.25,44.22,42.56,17.84,42.29,9.24,47.67,5.37,43.43,8.36,33.64,1.92,42.73
202609061209,2026-09-06,12,9R,daily,67.51,28.3,49.09,10.73,31.55,3.56,50.0,9.62,50.0,2.85,55.06,53.82,22.57,40.59,8.87,46.82,5.28,50.0,9.62,50.0,2.85,49.19,50.27,21.08,32.09,7.01,42.93,4.84,50.0,9.62,50.0,2.85,45.4,48.53,20.35,43.99,9.61,38.52,4.34,50.0,9.62,50.0,2.85,46.78,42.56,17.84,38.89,8.5,48.06,5.42,50.0,9.62,50.0,2.85,44.23,36.8,15.43,45.69,9.98,53.5,6.03,50.0,9.62,50.0,2.85,43.92
202609061209,2026-09-06,12,9R,realtime,67.51,28.3,49.09,10.73,31.55,3.56,69.09,13.3,35.61,2.03,57.91,53.82,22.57,40.59,8.87,46.82,5.28,52.83,10.17,72.14,4.12,51.0,50.27,21.08,32.09,7.01,42.93,4.84,44.98,8.66,51.07,2.92,44.5,48.53,20.35,43.99,9.61,38.52,4.34,58.21,11.2,50.52,2.88,48.38,42.56,17.84,38.89,8.5,48.06,5.42,42.65,8.21,33.6,1.92,41.88,36.8,15.43,45.69,9.98,53.5,6.03,32.21,6.2,57.0,3.25,40.89
202609061210,2026-09-06,12,10R,daily,67.51,28.3,47.39,10.35,50.99,5.75,50.0,9.62,50.0,2.85,56.88,53.82,22.57,49.09,10.73,58.78,6.62,50.0,9.62,50.0,2.85,52.39,50.27,21.08,45.69,9.98,47.75,5.38,50.0,9.62,50.0,2.85,48.92,48.53,20.35,50.79,11.1,47.13,5.31,50.0,9.62,50.0,2.85,49.23,42.56,17.84,47.39,10.35,56.24,6.34,50.0,9.62,50.0,2.85,47.01,36.8,15.43,47.39,10.35,56.08,6.32,50.0,9.62,50.0,2.85,44.58
202609061210,2026-09-06,12,10R,realtime,67.51,28.3,47.39,10.35,50.99,5.75,55.57,10.69,28.95,1.65,56.75,53.82,22.57,49.09,10.73,58.78,6.62,45.32,8.72,84.14,4.8,53.44,50.27,21.08,45.69,9.98,47.75,5.38,37.32,7.18,56.97,3.25,46.88,48.53,20.35,50.79,11.1,47.13,5.31,49.6,9.54,45.02,2.57,48.87,42.56,17.84,47.39,10.35,56.24,6.34,46.92,9.03,27.03,1.54,45.11,36.8,15.43,47.39,10.35,56.08,6.32,65.25,12.56,57.85,3.3,47.96
202609061211,2026-09-06,12,11R,daily,67.51,28.3,54.2,11.84,44.16,4.98,50.0,9.62,50.0,2.85,57.6,53.82,22.57,59.3,12.96,52.14,5.88,50.0,9.62,50.0,2.85,53.88,50.27,21.08,47.39,10.35,55.46,6.25,50.0,9.62,50.0,2.85,50.16,48.53,20.35,45.69,9.98,63.37,7.14,50.0,9.62,50.0,2.85,49.95,42.56,17.84,49.09,10.73,45.49,5.13,50.0,9.62,50.0,2.85,46.17,36.8,15.43,43.99,9.61,42.16,4.75,50.0,9.62,50.0,2.85,42.27
202609061211,2026-09-06,12,11R,realtime,67.51,28.3,54.2,11.84,44.16,4.98,45.58,8.77,30.8,1.76,55.65,53.82,22.57,59.3,12.96,52.14,5.88,72.97,14.04,73.91,4.22,59.66,50.27,21.08,47.39,10.35,55.46,6.25,36.82,7.09,51.68,2.95,47.72,48.53,20.35,45.69,9.98,63.37,7.14,50.34,9.69,50.92,2.91,50.07,42.56,17.84,49.09,10.73,45.49,5.13,47.59,9.16,35.55,2.03,44.88,36.8,15.43,43.99,9.61,42.16,4.75,46.67,8.98,57.09,3.26,42.03
202609061212,2026-09-06,12,12R,daily,67.51,28.3,55.9,12.21,58.0,6.54,50.0,9.62,50.0,2.85,59.53,53.82,22.57,49.09,10.73,37.21,4.19,50.0,9.62,50.0,2.85,49.96,50.27,21.08,57.6,12.58,44.51,5.02,50.0,9.62,50.0,2.85,51.15,48.53,20.35,49.09,10.73,45.3,5.1,50.0,9.62,50.0,2.85,48.65,42.56,17.84,47.39,10.35,52.45,5.91,50.0,9.62,50.0,2.85,46.59,36.8,15.43,47.39,10.35,51.16,5.77,50.0,9.62,50.0,2.85,44.02
202609061212,2026-09-06,12,12R,realtime,67.51,28.3,55.9,12.21,58.0,6.54,60.86,11.71,23.62,1.35,60.11,53.82,22.57,49.09,10.73,37.21,4.19,62.84,12.09,76.31,4.36,53.94,50.27,21.08,57.6,12.58,44.51,5.02,41.11,7.91,66.68,3.81,50.4,48.53,20.35,49.09,10.73,45.3,5.11,35.26,6.79,38.48,2.2,45.16,42.56,17.84,47.39,10.35,52.45,5.91,59.61,11.47,43.92,2.51,48.09,36.8,15.43,47.39,10.35,51.16,5.77,40.28,7.75,50.94,2.91,42.21
202609061401,2026-09-06,14,1R,daily,69.21,25.5,56.42,11.48,52.29,5.24,50.0,11.52,50.0,4.87,58.61,52.7,19.42,49.27,10.03,30.43,3.05,50.0,11.52,50.0,4.87,48.88,52.59,19.38,42.12,8.57,54.19,5.43,50.0,11.52,50.0,4.87,49.77,48.06,17.71,42.12,8.57,30.49,3.06,50.0,11.52,50.0,4.87,45.73,43.84,16.15,38.54,7.84,41.87,4.2,50.0,11.52,50.0,4.87,44.58,34.9,12.86,43.91,8.94,36.02,3.61,50.0,11.52,50.0,4.87,41.79
202609061401,2026-09-06,14,1R,realtime,69.21,25.5,56.42,11.48,52.29,5.24,73.34,16.89,41.54,4.05,63.17,52.7,19.42,49.27,10.03,30.43,3.05,37.39,8.61,53.05,5.17,46.28,52.59,19.38,42.12,8.57,54.19,5.43,38.62,8.9,54.49,5.31,47.59,48.06,17.71,42.12,8.57,30.49,3.06,47.51,10.94,51.82,5.05,45.33,43.84,16.15,38.54,7.84,41.87,4.2,62.09,14.3,51.25,4.99,47.49,34.9,12.86,43.91,8.94,36.02,3.61,40.88,9.42,47.87,4.66,39.48
202609061402,2026-09-06,14,2R,daily,69.21,25.5,43.91,8.94,56.0,5.61,50.0,11.52,50.0,4.87,56.44,52.7,19.42,40.33,8.21,58.83,5.9,50.0,11.52,50.0,4.87,49.91,52.59,19.38,51.06,10.39,60.7,6.09,50.0,11.52,50.0,4.87,52.24,48.06,17.71,43.91,8.94,44.4,4.45,50.0,11.52,50.0,4.87,47.48,43.84,16.15,43.91,8.94,32.23,3.23,50.0,11.52,50.0,4.87,44.71,34.9,12.86,51.06,10.39,44.26,4.44,50.0,11.52,50.0,4.87,44.07
202609061402,2026-09-06,14,2R,realtime,69.21,25.5,43.91,8.94,56.0,5.62,60.67,13.97,41.54,4.05,58.07,52.7,19.42,40.33,8.21,58.83,5.9,51.86,11.94,53.05,5.17,50.64,52.59,19.38,51.06,10.39,60.7,6.09,51.86,11.94,54.49,5.31,53.11,48.06,17.71,43.91,8.94,44.4,4.45,52.99,12.2,51.82,5.05,48.35,43.84,16.15,43.91,8.94,32.23,3.23,38.99,8.98,51.25,4.99,42.3,34.9,12.86,51.06,10.39,44.26,4.44,43.47,10.01,47.87,4.66,42.36
202609061403,2026-09-06,14,3R,daily,69.21,25.5,58.21,11.85,50.04,5.02,50.0,11.52,50.0,4.87,58.75,52.7,19.42,49.27,10.03,36.27,3.64,50.0,11.52,50.0,4.87,49.47,52.59,19.38,47.48,9.66,52.82,5.3,50.0,11.52,50.0,4.87,50.72,48.06,17.71,38.54,7.84,51.3,5.14,50.0,11.52,50.0,4.87,47.09,43.84,16.15,61.78,12.57,46.96,4.71,50.0,11.52,50.0,4.87,49.83,34.9,12.86,45.69,9.3,54.84,5.5,50.0,11.52,50.0,4.87,44.04
202609061403,2026-09-06,14,3R,realtime,69.21,25.5,58.21,11.85,50.04,5.02,71.08,16.37,54.95,5.35,64.09,52.7,19.42,49.27,10.03,36.27,3.64,60.35,13.9,48.74,4.75,51.73,52.59,19.38,47.48,9.66,52.82,5.3,55.6,12.81,54.65,5.32,52.47,48.06,17.71,38.54,7.84,51.3,5.14,31.11,7.16,34.29,3.34,41.2,43.84,16.15,61.78,12.57,46.96,4.71,41.35,9.52,60.49,5.89,48.85,34.9,12.86,45.69,9.3,54.84,5.5,40.35,9.29,46.91,4.57,41.52
202609061404,2026-09-06,14,4R,daily,69.21,25.5,54.63,11.12,52.27,5.24,50.0,11.52,50.0,4.87,58.25,52.7,19.42,38.54,7.84,44.79,4.49,50.0,11.52,50.0,4.87,48.14,52.59,19.38,49.27,10.03,38.39,3.85,50.0,11.52,50.0,4.87,49.64,48.06,17.71,38.54,7.84,50.15,5.03,50.0,11.52,50.0,4.87,46.97,43.84,16.15,42.12,8.57,38.53,3.86,50.0,11.52,50.0,4.87,44.98,34.9,12.86,60.0,12.21,57.22,5.74,50.0,11.52,50.0,4.87,47.19
202609061404,2026-09-06,14,4R,realtime,69.21,25.5,54.63,11.12,52.27,5.24,66.28,15.27,46.54,4.53,61.66,52.7,19.42,38.54,7.84,44.79,4.49,51.84,11.94,38.93,3.79,47.49,52.59,19.38,49.27,10.03,38.39,3.85,51.88,11.95,60.68,5.91,51.11,48.06,17.71,38.54,7.84,50.15,5.03,47.21,10.87,38.76,3.78,45.23,43.84,16.15,42.12,8.57,38.53,3.86,37.59,8.66,72.72,7.08,44.33,34.9,12.86,60.0,12.21,57.22,5.74,45.04,10.37,42.39,4.13,45.31
202609061405,2026-09-06,14,5R,daily,69.21,25.5,42.12,8.57,36.08,3.62,50.0,11.52,50.0,4.87,54.08,52.7,19.42,56.42,11.48,35.67,3.58,50.0,11.52,50.0,4.87,50.86,52.59,19.38,40.33,8.21,47.18,4.73,50.0,11.52,50.0,4.87,48.7,48.06,17.71,54.63,11.12,51.33,5.15,50.0,11.52,50.0,4.87,50.36,43.84,16.15,47.48,9.66,43.34,4.35,50.0,11.52,50.0,4.87,46.55,34.9,12.86,34.97,7.12,57.29,5.74,50.0,11.52,50.0,4.87,42.11
202609061405,2026-09-06,14,5R,realtime,69.21,25.5,42.12,8.57,36.08,3.62,57.71,13.29,37.55,3.66,54.64,52.7,19.42,56.42,11.48,35.67,3.58,53.97,12.43,41.72,4.06,50.97,52.59,19.38,40.33,8.21,47.18,4.73,32.59,7.51,57.94,5.64,45.47,48.06,17.71,54.63,11.12,51.33,5.15,50.04,11.53,54.71,5.33,50.83,43.84,16.15,47.48,9.66,43.34,4.35,42.33,9.75,63.02,6.14,46.05,34.9,12.86,34.97,7.12,57.29,5.74,63.25,14.57,45.09,4.39,44.68
202609061406,2026-09-06,14,6R,daily,69.21,25.5,45.69,9.3,48.72,4.89,50.0,11.52,50.0,4.87,56.07,52.7,19.42,49.27,10.03,41.5,4.16,50.0,11.52,50.0,4.87,49.99,52.59,19.38,47.48,9.66,37.5,3.76,50.0,11.52,50.0,4.87,49.19,48.06,17.71,38.54,7.84,41.87,4.2,50.0,11.52,50.0,4.87,46.14,43.84,16.15,65.36,13.3,45.38,4.55,50.0,11.52,50.0,4.87,50.39,34.9,12.86,51.06,10.39,49.31,4.94,50.0,11.52,50.0,4.87,44.58
202609061406,2026-09-06,14,6R,realtime,69.21,25.5,45.69,9.3,48.72,4.89,49.35,11.37,37.87,3.69,54.74,52.7,19.42,49.27,10.03,41.5,4.16,64.48,14.85,54.57,5.32,53.77,52.59,19.38,47.48,9.66,37.5,3.76,48.37,11.14,55.73,5.43,49.37,48.06,17.71,38.54,7.84,41.87,4.2,48.71,11.22,50.68,4.94,45.91,43.84,16.15,65.36,13.3,45.38,4.55,49.18,11.33,52.36,5.1,50.44,34.9,12.86,51.06,10.39,49.31,4.94,39.75,9.16,48.8,4.75,42.1
202609061407,2026-09-06,14,7R,daily,69.21,25.5,51.06,10.39,47.69,4.78,50.0,11.52,50.0,4.87,57.06,52.7,19.42,58.21,11.85,47.33,4.75,50.0,11.52,50.0,4.87,52.4,52.59,19.38,58.21,11.85,49.81,5.0,50.0,11.52,50.0,4.87,52.61,48.06,17.71,43.91,8.94,36.02,3.61,50.0,11.52,50.0,4.87,46.64,43.84,16.15,40.33,8.21,58.83,5.9,50.0,11.52,50.0,4.87,46.65,34.9,12.86,47.48,9.66,34.89,3.5,50.0,11.52,50.0,4.87,42.41
202609061407,2026-09-06,14,7R,realtime,69.21,25.5,51.06,10.39,47.69,4.78,57.25,13.19,54.95,5.35,59.21,52.7,19.42,58.21,11.85,47.33,4.75,47.73,10.99,48.74,4.75,51.75,52.59,19.38,58.21,11.85,49.81,4.99,59.07,13.61,54.65,5.32,55.15,48.06,17.71,43.91,8.94,36.02,3.61,43.22,9.95,34.29,3.34,43.55,43.84,16.15,40.33,8.21,58.83,5.9,48.69,11.22,60.49,5.89,47.37,34.9,12.86,47.48,9.66,34.89,3.5,43.86,10.1,46.91,4.57,40.69
202609061408,2026-09-06,14,8R,daily,69.21,25.5,42.12,8.57,30.49,3.06,50.0,11.52,50.0,4.87,53.52,52.7,19.42,45.69,9.3,42.43,4.25,50.0,11.52,50.0,4.87,49.36,52.59,19.38,61.78,12.57,46.96,4.71,50.0,11.52,50.0,4.87,53.05,48.06,17.71,33.18,6.75,53.56,5.37,50.0,11.52,50.0,4.87,46.22,43.84,16.15,47.48,9.66,40.35,4.05,50.0,11.52,50.0,4.87,46.25,34.9,12.86,43.91,8.94,44.4,4.45,50.0,11.52,50.0,4.87,42.63
202609061408,2026-09-06,14,8R,realtime,69.21,25.5,42.12,8.57,30.49,3.06,65.89,15.18,53.14,5.18,57.48,52.7,19.42,45.69,9.3,42.43,4.25,54.99,12.67,43.08,4.2,49.83,52.59,19.38,61.78,12.57,46.96,4.71,42.02,9.68,56.04,5.46,51.8,43.84,16.15,33.18,6.75,53.56,5.37,29.07,6.7,66.54,6.48,41.46,48.06,17.71,47.48,9.66,40.35,4.05,53.65,12.36,35.05,3.41,47.19,34.9,12.86,43.91,8.94,44.4,4.45,54.22,12.49,46.19,4.5,43.23
202609061409,2026-09-06,14,9R,daily,69.21,25.5,49.27,10.03,38.39,3.85,50.0,11.52,50.0,4.87,55.76,52.7,19.42,45.69,9.3,54.84,5.5,50.0,11.52,50.0,4.87,50.6,52.59,19.38,45.69,9.3,45.69,4.58,50.0,11.52,50.0,4.87,49.65,48.06,17.71,63.57,12.94,36.74,3.68,50.0,11.52,50.0,4.87,50.72,43.84,16.15,43.91,8.94,56.0,5.61,50.0,11.52,50.0,4.87,47.09,34.9,12.86,42.12,8.57,54.19,5.43,50.0,11.52,50.0,4.87,43.25
202609061409,2026-09-06,14,9R,realtime,69.21,25.5,49.27,10.03,38.39,3.85,55.08,12.69,51.28,5.0,57.06,52.7,19.42,45.69,9.3,54.84,5.5,34.02,7.84,50.26,4.9,46.95,52.59,19.38,45.69,9.3,45.69,4.58,52.13,12.01,55.89,5.45,50.71,48.06,17.71,63.57,12.94,36.74,3.68,63.47,14.62,33.15,3.23,52.18,43.84,16.15,43.91,8.94,56.0,5.62,47.14,10.86,61.6,6.0,47.57,34.9,12.86,42.12,8.57,54.19,5.43,48.0,11.06,47.84,4.66,42.58
202609061410,2026-09-06,14,10R,daily,69.21,25.5,43.91,8.94,32.23,3.23,50.0,11.52,50.0,4.87,54.05,52.7,19.42,47.48,9.66,43.34,4.35,50.0,11.52,50.0,4.87,49.81,52.59,19.38,49.27,10.03,54.24,5.44,50.0,11.52,50.0,4.87,51.23,48.06,17.71,56.42,11.48,52.29,5.24,50.0,11.52,50.0,4.87,50.82,43.84,16.15,38.54,7.84,44.79,4.49,50.0,11.52,50.0,4.87,44.88,34.9,12.86,38.54,7.84,51.3,5.14,50.0,11.52,50.0,4.87,42.23
202609061410,2026-09-06,14,10R,realtime,69.21,25.5,43.91,8.94,32.23,3.23,69.97,16.12,43.52,4.24,58.02,52.7,19.42,47.48,9.66,43.34,4.35,48.76,11.23,43.8,4.27,48.92,52.59,19.38,49.27,10.03,54.24,5.44,55.82,12.86,52.48,5.11,52.81,48.06,17.71,56.42,11.48,52.29,5.24,39.56,9.11,61.2,5.96,49.51,43.84,16.15,38.54,7.84,44.79,4.49,56.43,13.0,50.4,4.91,46.4,34.9,12.86,38.54,7.84,51.3,5.14,29.32,6.75,48.63,4.74,37.34
202609061411,2026-09-06,14,11R,daily,69.21,25.5,47.48,9.66,37.5,3.76,50.0,11.52,50.0,4.87,55.31,52.7,19.42,42.12,8.57,38.53,3.86,50.0,11.52,50.0,4.87,48.24,52.59,19.38,51.06,10.39,44.26,4.44,50.0,11.52,50.0,4.87,50.59,48.06,17.71,49.27,10.03,36.27,3.64,50.0,11.52,50.0,4.87,47.76,43.84,16.15,56.42,11.48,35.67,3.58,50.0,11.52,50.0,4.87,47.6,34.9,12.86,49.27,10.03,30.43,3.05,50.0,11.52,50.0,4.87,42.32
202609061411,2026-09-06,14,11R,realtime,69.21,25.5,47.48,9.66,37.5,3.76,70.95,16.34,38.29,3.73,59.0,52.7,19.42,42.12,8.57,38.53,3.86,48.1,11.08,41.72,4.06,47.0,52.59,19.38,51.06,10.39,44.26,4.44,50.56,11.65,56.6,5.51,51.37,48.06,17.71,49.27,10.03,36.27,3.64,55.67,12.82,51.98,5.06,49.26,43.84,16.15,56.42,11.48,35.67,3.58,45.71,10.53,63.67,6.2,47.95,34.9,12.86,49.27,10.03,30.43,3.05,28.85,6.64,47.76,4.65,37.23
202609061412,2026-09-06,14,12R,daily,69.21,25.5,65.36,13.3,45.38,4.55,50.0,11.52,50.0,4.87,59.74,52.7,19.42,60.0,12.21,57.22,5.74,50.0,11.52,50.0,4.87,53.75,52.59,19.38,54.63,11.12,51.33,5.15,50.0,11.52,50.0,4.87,52.03,48.06,17.71,58.21,11.85,50.04,5.02,50.0,11.52,50.0,4.87,50.96,43.84,16.15,58.21,11.85,47.33,4.75,50.0,11.52,50.0,4.87,49.13,34.9,12.86,51.06,10.39,60.7,6.09,50.0,11.52,50.0,4.87,45.72
202609061412,2026-09-06,14,12R,realtime,69.21,25.5,65.36,13.3,45.38,4.55,45.81,10.55,42.66,4.16,58.06,52.7,19.42,60.0,12.21,57.22,5.74,58.43,13.46,53.05,5.17,55.99,52.59,19.38,54.63,11.12,51.33,5.15,56.38,12.98,52.49,5.11,53.74,48.06,17.71,58.21,11.85,50.04,5.02,53.73,12.38,47.73,4.65,51.6,43.84,16.15,58.21,11.85,47.33,4.75,46.39,10.68,52.22,5.09,48.52,34.9,12.86,51.06,10.39,60.7,6.09,39.11,9.01,51.87,5.05,43.4
202609061701,2026-09-06,17,1R,daily,68.46,31.03,43.93,9.08,71.98,6.15,50.0,9.53,50.0,3.19,58.99,51.78,23.47,45.83,9.48,34.0,2.91,50.0,9.53,50.0,3.19,48.58,52.98,24.02,40.13,8.3,58.84,5.03,50.0,9.53,50.0,3.19,50.07,48.62,22.04,38.23,7.91,54.23,4.64,50.0,9.53,50.0,3.19,47.3,43.72,19.82,49.63,10.26,38.45,3.29,50.0,9.53,50.0,3.19,46.09,34.4,15.59,38.23,7.91,62.92,5.38,50.0,9.53,50.0,3.19,41.6
202609061701,2026-09-06,17,1R,realtime,68.46,31.03,43.93,9.08,71.98,6.15,73.6,14.02,34.05,2.18,62.47,51.78,23.47,45.83,9.48,34.0,2.91,41.65,7.94,5.68,0.36,44.16,48.62,22.04,40.13,8.3,58.84,5.03,44.97,8.57,72.89,4.66,48.59,43.72,19.82,38.23,7.91,54.23,4.64,44.62,8.5,91.43,5.84,46.7,52.98,24.02,49.63,10.26,38.45,3.29,44.87,8.55,28.95,1.85,47.97,34.4,15.59,38.23,7.91,62.92,5.38,50.26,9.58,67.09,4.29,42.74
202609061702,2026-09-06,17,2R,daily,68.46,31.03,43.93,9.08,36.41,3.11,50.0,9.53,50.0,3.19,55.95,51.78,23.47,43.93,9.08,54.38,4.65,50.0,9.53,50.0,3.19,49.93,52.98,24.02,47.73,9.87,74.65,6.38,50.0,9.53,50.0,3.19,52.99,48.62,22.04,40.13,8.3,56.87,4.86,50.0,9.53,50.0,3.19,47.92,43.72,19.82,42.03,8.69,51.91,4.44,50.0,9.53,50.0,3.19,45.67,34.4,15.59,45.83,9.48,39.1,3.34,50.0,9.53,50.0,3.19,41.13
202609061702,2026-09-06,17,2R,realtime,68.46,31.03,43.93,9.08,36.41,3.11,63.85,12.17,40.26,2.57,57.96,51.78,23.47,43.93,9.08,54.38,4.65,43.78,8.34,23.69,1.51,47.06,52.98,24.02,47.73,9.87,74.65,6.38,51.84,9.88,37.48,2.4,52.54,48.62,22.04,40.13,8.3,56.87,4.86,42.86,8.17,64.25,4.11,47.47,43.72,19.82,42.03,8.69,51.91,4.44,45.83,8.73,74.64,4.77,46.45,34.4,15.59,45.83,9.48,39.1,3.34,51.81,9.87,59.75,3.82,42.1
202609061703,2026-09-06,17,3R,daily,68.46,31.03,53.43,11.05,60.57,5.18,50.0,9.53,50.0,3.19,59.98,51.78,23.47,43.93,9.08,40.28,3.44,50.0,9.53,50.0,3.19,48.72,52.98,24.02,38.23,7.91,51.09,4.37,50.0,9.53,50.0,3.19,49.01,48.62,22.04,38.23,7.91,40.08,3.43,50.0,9.53,50.0,3.19,46.09,43.72,19.82,40.13,8.3,33.08,2.83,50.0,9.53,50.0,3.19,43.67,34.4,15.59,42.03,8.69,44.18,3.78,50.0,9.53,50.0,3.19,40.78
202609061703,2026-09-06,17,3R,realtime,68.46,31.03,53.43,11.05,60.57,5.18,64.65,12.32,46.74,2.99,62.56,51.78,23.47,43.93,9.08,40.28,3.44,33.71,6.42,12.38,0.79,43.21,48.62,22.04,38.23,7.91,51.09,4.37,58.77,11.2,72.25,4.62,50.13,43.72,19.82,38.23,7.91,40.08,3.43,50.49,9.62,80.02,5.11,45.88,34.4,15.59,40.13,8.3,33.08,2.83,58.86,11.21,59.83,3.82,41.75,52.98,24.02,42.03,8.69,44.18,3.78,33.51,6.38,28.86,1.84,44.71
202609061704,2026-09-06,17,4R,daily,68.46,31.03,51.53,10.66,43.7,3.74,50.0,9.53,50.0,3.19,58.14,51.78,23.47,45.83,9.48,66.97,5.73,50.0,9.53,50.0,3.19,51.4,52.98,24.02,42.03,8.69,49.87,4.26,50.0,9.53,50.0,3.19,49.69,48.62,22.04,47.73,9.87,52.42,4.48,50.0,9.53,50.0,3.19,49.11,43.72,19.82,43.93,9.08,43.09,3.68,50.0,9.53,50.0,3.19,45.31,34.4,15.59,43.93,9.08,50.25,4.3,50.0,9.53,50.0,3.19,41.69
202609061704,2026-09-06,17,4R,realtime,68.46,31.03,51.53,10.66,43.7,3.74,55.09,10.5,47.03,3.01,58.92,51.78,23.47,45.83,9.48,66.97,5.73,56.58,10.78,11.91,0.76,50.22,52.98,24.02,42.03,8.69,49.87,4.26,42.85,8.16,28.67,1.83,46.97,48.62,22.04,47.73,9.87,52.42,4.48,62.6,11.93,71.39,4.56,52.88,43.72,19.82,43.93,9.08,43.09,3.68,43.48,8.28,80.39,5.14,46.01,34.4,15.59,43.93,9.08,50.25,4.3,39.38,7.5,60.67,3.88,40.35
202609061705,2026-09-06,17,5R,daily,68.46,31.03,51.53,10.66,42.43,3.63,50.0,9.53,50.0,3.19,58.03,51.78,23.47,43.93,9.08,56.94,4.87,50.0,9.53,50.0,3.19,50.15,52.98,24.02,49.63,10.26,41.02,3.51,50.0,9.53,50.0,3.19,50.51,48.62,22.04,49.63,10.26,38.45,3.29,50.0,9.53,50.0,3.19,48.31,43.72,19.82,49.63,10.26,56.99,4.87,50.0,9.53,50.0,3.19,47.68,34.4,15.59,47.73,9.87,55.45,4.74,50.0,9.53,50.0,3.19,42.92
202609061705,2026-09-06,17,5R,realtime,68.46,31.03,51.53,10.66,42.43,3.63,58.61,11.17,47.03,3.01,59.48,52.98,24.02,43.93,9.08,56.94,4.87,57.74,11.0,28.67,1.83,50.8,48.62,22.04,49.63,10.26,41.02,3.51,40.41,7.7,71.39,4.56,48.07,51.78,23.47,49.63,10.26,38.45,3.29,40.86,7.78,11.91,0.76,45.57,43.72,19.82,49.63,10.26,56.99,4.87,53.86,10.26,80.39,5.14,50.35,34.4,15.59,47.73,9.87,55.45,4.74,48.5,9.24,60.67,3.88,43.32
202609061706,2026-09-06,17,6R,daily,68.46,31.03,43.93,9.08,64.76,5.54,50.0,9.53,50.0,3.19,58.37,51.78,23.47,47.73,9.87,54.58,4.67,50.0,9.53,50.0,3.19,50.73,52.98,24.02,43.93,9.08,54.38,4.65,50.0,9.53,50.0,3.19,50.47,48.62,22.04,42.03,8.69,51.91,4.44,50.0,9.53,50.0,3.19,47.89,43.72,19.82,38.23,7.91,54.23,4.64,50.0,9.53,50.0,3.19,45.08,34.4,15.59,49.63,10.26,42.36,3.62,50.0,9.53,50.0,3.19,42.2
202609061706,2026-09-06,17,6R,realtime,68.46,31.03,43.93,9.08,64.76,5.54,46.31,8.82,50.29,3.21,57.69,51.78,23.47,47.73,9.87,54.58,4.67,60.1,11.45,20.69,1.32,50.78,52.98,24.02,43.93,9.08,54.38,4.65,56.62,10.79,32.85,2.1,50.64,43.72,19.82,42.03,8.69,51.91,4.44,34.17,6.51,72.18,4.61,44.07,34.4,15.59,38.23,7.91,54.23,4.64,53.88,10.27,57.43,3.67,42.07,48.62,22.04,49.63,10.26,42.36,3.62,48.9,9.32,66.65,4.26,49.5
202609061707,2026-09-06,17,7R,daily,68.46,31.03,51.53,10.66,59.23,5.06,50.0,9.53,50.0,3.19,59.47,51.78,23.47,40.13,8.3,56.87,4.86,50.0,9.53,50.0,3.19,49.35,52.98,24.02,40.13,8.3,33.08,2.83,50.0,9.53,50.0,3.19,47.86,48.62,22.04,43.93,9.08,40.28,3.44,50.0,9.53,50.0,3.19,47.29,43.72,19.82,45.83,9.48,34.0,2.91,50.0,9.53,50.0,3.19,44.92,34.4,15.59,43.93,9.08,40.18,3.43,50.0,9.53,50.0,3.19,40.83
202609061707,2026-09-06,17,7R,realtime,68.46,31.03,51.53,10.66,59.23,5.06,69.77,13.29,50.29,3.21,63.26,51.78,23.47,40.13,8.3,56.87,4.86,55.31,10.54,20.69,1.32,48.49,52.98,24.02,40.13,8.3,33.08,2.83,62.49,11.91,32.85,2.1,49.15,48.62,22.04,43.93,9.08,40.28,3.44,33.14,6.31,66.65,4.26,45.14,43.72,19.82,45.83,9.48,34.0,2.91,50.31,9.59,72.18,4.61,46.4,34.4,15.59,43.93,9.08,40.18,3.43,28.96,5.52,57.43,3.67,37.3
202609061708,2026-09-06,17,8R,daily,68.46,31.03,49.63,10.26,53.59,4.58,50.0,9.53,50.0,3.19,58.6,51.78,23.47,38.23,7.91,40.08,3.43,50.0,9.53,50.0,3.19,47.53,52.98,24.02,43.93,9.08,43.09,3.68,50.0,9.53,50.0,3.19,49.51,48.62,22.04,38.23,7.91,62.92,5.38,50.0,9.53,50.0,3.19,48.04,43.72,19.82,47.73,9.87,74.65,6.38,50.0,9.53,50.0,3.19,48.79,34.4,15.59,42.03,8.69,49.87,4.26,50.0,9.53,50.0,3.19,41.27
202609061708,2026-09-06,17,8R,realtime,68.46,31.03,49.63,10.26,53.59,4.58,57.63,10.98,42.9,2.74,59.6,51.78,23.47,38.23,7.91,40.08,3.43,33.22,6.33,1.02,0.07,41.2,52.98,24.02,43.93,9.08,43.09,3.68,44.79,8.53,24.17,1.54,46.86,48.62,22.04,38.23,7.91,62.92,5.38,60.17,11.46,76.07,4.86,51.65,43.72,19.82,47.73,9.87,74.65,6.38,53.63,10.22,88.36,5.65,51.93,34.4,15.59,42.03,8.69,49.87,4.26,50.54,9.63,67.56,4.32,42.49
202609061709,2026-09-06,17,9R,daily,68.46,31.03,43.93,9.08,50.25,4.3,50.0,9.53,50.0,3.19,57.13,51.78,23.47,49.63,10.26,41.02,3.51,50.0,9.53,50.0,3.19,49.96,52.98,24.02,49.63,10.26,56.99,4.87,50.0,9.53,50.0,3.19,51.87,48.62,22.04,45.83,9.48,66.97,5.73,50.0,9.53,50.0,3.19,49.96,43.72,19.82,38.23,7.91,51.09,4.37,50.0,9.53,50.0,3.19,44.81,34.4,15.59,43.93,9.08,36.41,3.11,50.0,9.53,50.0,3.19,40.51
202609061709,2026-09-06,17,9R,realtime,68.46,31.03,43.93,9.08,50.25,4.3,59.5,11.34,33.16,2.12,57.87,51.78,23.47,49.63,10.26,41.02,3.51,52.24,9.95,3.56,0.23,47.42,52.98,24.02,49.63,10.26,56.99,4.87,57.63,10.98,28.61,1.83,51.96,48.62,22.04,45.83,9.48,66.97,5.73,48.12,9.17,72.82,4.65,51.06,43.72,19.82,38.23,7.91,51.09,4.37,56.75,10.81,91.2,5.83,48.73,34.4,15.59,43.93,9.08,36.41,3.11,25.74,4.9,70.73,4.52,37.21
202609061710,2026-09-06,17,10R,daily,68.46,31.03,45.83,9.48,39.1,3.34,50.0,9.53,50.0,3.19,56.57,51.78,23.47,43.93,9.08,71.98,6.15,50.0,9.53,50.0,3.19,51.43,52.98,24.02,47.73,9.87,52.42,4.48,50.0,9.53,50.0,3.19,51.09,48.62,22.04,51.53,10.66,43.7,3.74,50.0,9.53,50.0,3.19,49.15,43.72,19.82,47.73,9.87,54.58,4.67,50.0,9.53,50.0,3.19,47.08,34.4,15.59,51.53,10.66,42.43,3.63,50.0,9.53,50.0,3.19,42.6
202609061710,2026-09-06,17,10R,realtime,68.46,31.03,45.83,9.48,39.1,3.34,35.15,6.7,43.19,2.76,53.31,51.78,23.47,43.93,9.08,71.98,6.15,57.11,10.88,0.56,0.04,49.63,52.98,24.02,47.73,9.87,52.42,4.48,63.53,12.11,23.98,1.53,52.01,48.62,22.04,51.53,10.66,43.7,3.74,42.18,8.04,75.21,4.81,49.27,43.72,19.82,47.73,9.87,54.58,4.67,58.96,11.23,88.73,5.67,51.26,34.4,15.59,51.53,10.66,42.43,3.63,43.06,8.2,68.41,4.37,42.45
202609061711,2026-09-06,17,11R,daily,68.46,31.03,47.73,9.87,55.45,4.74,50.0,9.53,50.0,3.19,58.36,51.78,23.47,49.63,10.26,53.59,4.58,50.0,9.53,50.0,3.19,51.04,52.98,24.02,51.53,10.66,59.23,5.06,50.0,9.53,50.0,3.19,52.46,48.62,22.04,43.93,9.08,56.94,4.87,50.0,9.53,50.0,3.19,48.71,43.72,19.82,53.43,11.05,60.57,5.18,50.0,9.53,50.0,3.19,48.77,34.4,15.59,43.93,9.08,64.76,5.54,50.0,9.53,50.0,3.19,42.93
202609061711,2026-09-06,17,11R,realtime,68.46,31.03,47.73,9.87,55.45,4.74,59.39,11.31,36.69,2.34,59.3,51.78,23.47,49.63,10.26,53.59,4.58,49.81,9.49,-16.99,-1.09,46.72,52.98,24.02,51.53,10.66,59.23,5.06,51.94,9.9,15.63,1.0,50.63,48.62,22.04,43.93,9.08,56.94,4.87,46.45,8.85,84.71,5.41,50.25,43.72,19.82,53.43,11.05,60.57,5.18,44.67,8.51,105.15,6.72,51.28,34.4,15.59,43.93,9.08,64.76,5.54,47.71,9.09,74.9,4.79,44.09
202609061712,2026-09-06,17,12R,daily,68.46,31.03,61.03,12.62,68.56,5.86,50.0,9.53,50.0,3.19,62.23,51.78,23.47,49.63,10.26,61.98,5.3,50.0,9.53,50.0,3.19,51.76,52.98,24.02,47.73,9.87,61.27,5.24,50.0,9.53,50.0,3.19,51.85,48.62,22.04,59.13,12.23,49.16,4.2,50.0,9.53,50.0,3.19,51.19,43.72,19.82,47.73,9.87,59.22,5.06,50.0,9.53,50.0,3.19,47.47,34.4,15.59,49.63,10.26,50.23,4.29,50.0,9.53,50.0,3.19,42.87
202609061712,2026-09-06,17,12R,realtime,68.46,31.03,61.03,12.62,68.56,5.86,74.13,14.12,44.07,2.82,66.45,51.78,23.47,49.63,10.26,61.98,5.3,43.26,8.24,2.68,0.17,47.45,52.98,24.02,47.73,9.87,61.27,5.24,42.8,8.15,24.31,1.55,48.83,48.62,22.04,59.13,12.23,49.16,4.2,58.62,11.17,75.29,4.81,54.45,43.72,19.82,47.73,9.87,59.22,5.06,34.12,6.5,88.97,5.68,46.94,34.4,15.59,49.63,10.26,50.23,4.29,47.06,8.97,64.77,4.14,43.25
202609062201,2026-09-06,22,1R,daily,67.18,30.66,46.42,9.41,50.87,3.36,50.0,11.86,50.0,1.88,57.17,54.42,24.84,42.33,8.58,54.28,3.58,50.0,11.86,50.0,1.88,50.74,52.68,24.05,42.33,8.58,56.35,3.72,50.0,11.86,50.0,1.88,50.09,48.28,22.04,48.46,9.83,36.1,2.38,50.0,11.86,50.0,1.88,47.98,42.56,19.43,48.46,9.83,67.54,4.46,50.0,11.86,50.0,1.88,47.45,34.54,15.77,34.15,6.93,50.8,3.35,50.0,11.86,50.0,1.88,39.78
202609062201,2026-09-06,22,1R,realtime,67.18,30.66,46.42,9.41,50.87,3.36,45.51,10.8,52.5,1.97,56.2,54.42,24.84,42.33,8.58,54.28,3.58,43.97,10.43,47.48,1.78,49.22,52.68,24.05,42.33,8.58,56.35,3.72,72.79,17.27,47.12,1.77,55.39,48.28,22.04,48.46,9.83,36.1,2.38,42.52,10.09,43.79,1.64,45.98,42.56,19.43,48.46,9.83,67.54,4.46,50.86,12.07,57.6,2.16,47.94,34.54,15.77,34.15,6.93,50.8,3.35,44.37,10.53,51.58,1.93,38.51
202609062202,2026-09-06,22,2R,daily,67.18,30.66,52.55,10.66,59.15,3.91,50.0,11.86,50.0,1.88,58.96,54.42,24.84,42.33,8.58,50.67,3.35,50.0,11.86,50.0,1.88,50.51,52.68,24.05,42.33,8.58,42.38,2.8,50.0,11.86,50.0,1.88,49.17,48.28,22.04,44.37,9.0,59.75,3.95,50.0,11.86,50.0,1.88,48.72,42.56,19.43,50.51,10.24,52.62,3.47,50.0,11.86,50.0,1.88,46.88,34.54,15.77,46.42,9.41,76.86,5.07,50.0,11.86,50.0,1.88,43.99
202609062202,2026-09-06,22,2R,realtime,67.18,30.66,52.55,10.66,59.15,3.91,56.14,13.32,52.5,1.97,60.51,54.42,24.84,42.33,8.58,50.67,3.35,60.86,14.44,47.48,1.78,52.99,52.68,24.05,42.33,8.58,42.38,2.8,49.81,11.82,47.12,1.77,49.01,48.28,22.04,44.37,9.0,59.75,3.94,33.61,7.97,43.79,1.64,44.59,42.56,19.43,50.51,10.24,52.62,3.47,52.52,12.46,57.6,2.16,47.77,34.54,15.77,46.42,9.41,76.86,5.07,47.1,11.17,51.58,1.93,43.36
202609062203,2026-09-06,22,3R,daily,67.18,30.66,54.6,11.07,41.8,2.76,50.0,11.86,50.0,1.88,58.23,54.42,24.84,44.37,9.0,53.3,3.52,50.0,11.86,50.0,1.88,51.09,52.68,24.05,56.64,11.49,49.79,3.29,50.0,11.86,50.0,1.88,52.56,48.28,22.04,44.37,9.0,61.13,4.04,50.0,11.86,50.0,1.88,48.81,42.56,19.43,46.42,9.41,49.88,3.29,50.0,11.86,50.0,1.88,45.87,34.54,15.77,42.33,8.58,65.87,4.35,50.0,11.86,50.0,1.88,42.44
202609062203,2026-09-06,22,3R,realtime,67.18,30.66,54.6,11.07,41.8,2.76,68.52,16.26,55.89,2.1,62.85,54.42,24.84,44.37,9.0,53.3,3.52,47.41,11.25,47.92,1.8,50.4,52.68,24.05,56.64,11.49,49.79,3.29,52.91,12.55,48.23,1.81,53.18,48.28,22.04,44.37,9.0,61.13,4.04,48.94,11.61,44.2,1.66,48.34,42.56,19.43,46.42,9.41,49.88,3.29,34.09,8.09,54.61,2.05,42.27,34.54,15.77,42.33,8.58,65.87,4.35,48.14,11.42,49.23,1.85,41.97
202609062204,2026-09-06,22,4R,daily,67.18,30.66,42.33,8.58,48.48,3.2,50.0,11.86,50.0,1.88,56.18,54.42,24.84,40.28,8.17,36.23,2.39,50.0,11.86,50.0,1.88,49.14,52.68,24.05,38.24,7.75,39.58,2.61,50.0,11.86,50.0,1.88,48.15,48.28,22.04,56.64,11.49,61.51,4.06,50.0,11.86,50.0,1.88,51.32,42.56,19.43,48.46,9.83,41.26,2.72,50.0,11.86,50.0,1.88,45.72,34.54,15.77,38.24,7.75,47.35,3.13,50.0,11.86,50.0,1.88,40.38
202609062204,2026-09-06,22,4R,realtime,67.18,30.66,42.33,8.58,48.48,3.2,64.98,15.41,49.31,1.85,59.71,54.42,24.84,40.28,8.17,36.23,2.39,60.57,14.37,42.1,1.58,51.35,52.68,24.05,38.24,7.75,39.58,2.61,42.17,10.01,65.04,2.44,46.86,48.28,22.04,56.64,11.49,61.51,4.06,33.61,7.97,48.24,1.81,47.36,42.56,19.43,48.46,9.83,41.26,2.72,58.54,13.89,48.11,1.8,47.67,34.54,15.77,38.24,7.75,47.35,3.13,40.13,9.52,47.24,1.77,37.94
202609062205,2026-09-06,22,5R,daily,67.18,30.66,50.51,10.24,56.88,3.76,50.0,11.86,50.0,1.88,58.4,54.42,24.84,44.37,9.0,48.97,3.23,50.0,11.86,50.0,1.88,50.81,52.68,24.05,42.33,8.58,54.41,3.59,50.0,11.86,50.0,1.88,49.96,48.28,22.04,58.68,11.9,48.97,3.23,50.0,11.86,50.0,1.88,50.91,42.56,19.43,48.46,9.83,48.77,3.22,50.0,11.86,50.0,1.88,46.21,34.54,15.77,42.33,8.58,54.28,3.58,50.0,11.86,50.0,1.88,41.67
202609062205,2026-09-06,22,5R,realtime,67.18,30.66,50.51,10.24,56.88,3.76,49.44,11.73,49.31,1.85,58.24,54.42,24.84,44.37,9.0,48.97,3.23,54.79,13.0,42.1,1.58,51.65,52.68,24.05,42.33,8.58,54.41,3.59,53.25,12.63,65.04,2.44,51.3,48.28,22.04,58.68,11.9,48.97,3.23,68.36,16.22,48.24,1.81,55.2,42.56,19.43,48.46,9.83,48.77,3.22,49.41,11.72,48.11,1.8,46.0,34.54,15.77,42.33,8.58,54.28,3.58,24.77,5.88,47.24,1.77,35.58
202609062206,2026-09-06,22,6R,daily,67.18,30.66,54.6,11.07,44.03,2.91,50.0,11.86,50.0,1.88,58.38,54.42,24.84,46.42,9.41,46.28,3.06,50.0,11.86,50.0,1.88,51.05,52.68,24.05,42.33,8.58,38.51,2.54,50.0,11.86,50.0,1.88,48.91,48.28,22.04,34.15,6.93,50.8,3.35,50.0,11.86,50.0,1.88,46.05,42.56,19.43,54.6,11.07,45.18,2.98,50.0,11.86,50.0,1.88,47.22,34.54,15.77,52.55,10.66,63.79,4.21,50.0,11.86,50.0,1.88,44.37
202609062206,2026-09-06,22,6R,realtime,67.18,30.66,54.6,11.07,44.03,2.91,72.23,17.13,49.28,1.85,63.62,54.42,24.84,46.42,9.41,46.28,3.06,50.54,11.99,40.55,1.52,50.82,52.68,24.05,42.33,8.58,38.51,2.54,27.22,6.46,67.4,2.53,44.16,48.28,22.04,34.15,6.93,50.8,3.35,45.84,10.87,48.81,1.83,45.02,42.56,19.43,54.6,11.07,45.18,2.98,57.1,13.55,47.61,1.79,48.82,34.54,15.77,52.55,10.66,63.79,4.21,47.11,11.18,46.41,1.74,43.55
202609062207,2026-09-06,22,7R,daily,67.18,30.66,56.64,11.49,71.8,4.74,50.0,11.86,50.0,1.88,60.63,54.42,24.84,46.42,9.41,49.88,3.29,50.0,11.86,50.0,1.88,51.28,52.68,24.05,46.42,9.41,33.3,2.2,50.0,11.86,50.0,1.88,49.4,48.28,22.04,50.51,10.24,48.01,3.17,50.0,11.86,50.0,1.88,49.18,42.56,19.43,42.33,8.58,49.24,3.25,50.0,11.86,50.0,1.88,45.0,34.54,15.77,66.86,13.56,63.5,4.19,50.0,11.86,50.0,1.88,47.26
202609062207,2026-09-06,22,7R,realtime,67.18,30.66,56.64,11.49,71.8,4.74,56.26,13.35,49.28,1.85,62.08,54.42,24.84,46.42,9.41,49.88,3.29,36.59,8.68,40.55,1.52,47.75,52.68,24.05,46.42,9.41,33.3,2.2,50.09,11.88,67.4,2.53,50.07,48.28,22.04,50.51,10.24,48.01,3.17,49.32,11.7,48.81,1.83,48.98,42.56,19.43,42.33,8.58,49.24,3.25,53.04,12.58,47.61,1.79,45.63,34.54,15.77,66.86,13.56,63.5,4.19,54.7,12.98,46.41,1.74,48.24
202609062208,2026-09-06,22,8R,daily,67.18,30.66,52.55,10.66,35.84,2.37,50.0,11.86,50.0,1.88,57.42,54.42,24.84,38.24,7.75,39.58,2.61,50.0,11.86,50.0,1.88,48.95,52.68,24.05,44.37,9.0,64.1,4.23,50.0,11.86,50.0,1.88,51.01,48.28,22.04,50.51,10.24,52.62,3.47,50.0,11.86,50.0,1.88,49.49,42.56,19.43,44.37,9.0,62.18,4.11,50.0,11.86,50.0,1.88,46.27,34.54,15.77,48.46,9.83,46.12,3.05,50.0,11.86,50.0,1.88,42.38
202609062208,2026-09-06,22,8R,realtime,67.18,30.66,52.55,10.66,35.84,2.37,59.77,14.18,49.61,1.86,59.73,54.42,24.84,38.24,7.75,39.58,2.61,68.28,16.2,41.47,1.56,52.96,52.68,24.05,44.37,9.0,64.1,4.23,36.27,8.61,66.31,2.49,48.37,48.28,22.04,50.51,10.24,52.62,3.47,45.5,10.79,47.99,1.8,48.35,42.56,19.43,44.37,9.0,62.18,4.11,45.2,10.72,46.9,1.76,45.01,34.54,15.77,48.46,9.83,46.12,3.05,45.01,10.68,47.77,1.79,41.11
202609062209,2026-09-06,22,9R,daily,67.18,30.66,44.37,9.0,53.06,3.5,50.0,11.86,50.0,1.88,56.9,54.42,24.84,42.33,8.58,56.35,3.72,50.0,11.86,50.0,1.88,50.88,52.68,24.05,44.37,9.0,59.75,3.95,50.0,11.86,50.0,1.88,50.73,48.28,22.04,48.46,9.83,41.26,2.72,50.0,11.86,50.0,1.88,48.32,42.56,19.43,44.37,9.0,61.13,4.04,50.0,11.86,50.0,1.88,46.2,34.54,15.77,46.42,9.41,50.01,3.3,50.0,11.86,50.0,1.88,42.22
202609062209,2026-09-06,22,9R,realtime,67.18,30.66,44.37,9.0,53.06,3.5,64.99,15.42,49.61,1.86,60.44,54.42,24.84,42.33,8.58,56.35,3.72,57.98,13.75,41.47,1.56,52.45,52.68,24.05,44.37,9.0,59.75,3.94,40.74,9.66,66.31,2.49,49.14,48.28,22.04,48.46,9.83,41.26,2.72,50.86,12.07,47.99,1.8,48.45,42.56,19.43,44.37,9.0,61.13,4.04,50.82,12.06,46.9,1.76,46.28,34.54,15.77,46.42,9.41,50.01,3.3,34.64,8.22,47.77,1.79,38.49
202609062210,2026-09-06,22,10R,daily,67.18,30.66,46.42,9.41,76.86,5.07,50.0,11.86,50.0,1.88,58.89,54.42,24.84,46.42,9.41,50.87,3.36,50.0,11.86,50.0,1.88,51.35,52.68,24.05,56.64,11.49,61.51,4.06,50.0,11.86,50.0,1.88,53.33,48.28,22.04,54.6,11.07,45.18,2.98,50.0,11.86,50.0,1.88,49.83,42.56,19.43,54.6,11.07,41.8,2.76,50.0,11.86,50.0,1.88,47.0,34.54,15.77,50.51,10.24,56.88,3.76,50.0,11.86,50.0,1.88,43.5
202609062210,2026-09-06,22,10R,realtime,67.18,30.66,46.42,9.41,76.86,5.07,55.18,13.09,49.28,1.85,60.09,54.42,24.84,46.42,9.41,50.87,3.36,36.63,8.69,40.55,1.52,47.82,52.68,24.05,56.64,11.49,61.51,4.06,64.65,15.34,67.4,2.53,57.46,48.28,22.04,54.6,11.07,45.18,2.98,56.69,13.45,48.81,1.83,51.37,42.56,19.43,54.6,11.07,41.8,2.76,53.99,12.81,47.61,1.79,47.85,34.54,15.77,50.51,10.24,56.88,3.76,32.88,7.8,46.41,1.74,39.3
202609062211,2026-09-06,22,11R,daily,67.18,30.66,52.55,10.66,63.79,4.21,50.0,11.86,50.0,1.88,59.27,54.42,24.84,58.68,11.9,48.97,3.23,50.0,11.86,50.0,1.88,53.71,52.68,24.05,48.46,9.83,36.1,2.38,50.0,11.86,50.0,1.88,50.0,48.28,22.04,42.33,8.58,50.67,3.35,50.0,11.86,50.0,1.88,47.7,42.56,19.43,56.64,11.49,71.8,4.74,50.0,11.86,50.0,1.88,49.39,34.54,15.77,42.33,8.58,48.48,3.2,50.0,11.86,50.0,1.88,41.29
202609062211,2026-09-06,22,11R,realtime,67.18,30.66,52.55,10.66,63.79,4.21,50.21,11.91,49.28,1.85,59.29,42.56,19.43,58.68,11.9,48.97,3.23,65.47,15.53,47.61,1.79,51.88,54.42,24.84,48.46,9.83,36.1,2.38,39.82,9.45,40.55,1.52,48.02,34.54,15.77,42.33,8.58,50.67,3.35,49.29,11.69,46.41,1.74,41.13,52.68,24.05,56.64,11.49,71.8,4.74,44.59,10.58,67.4,2.53,53.38,48.28,22.04,42.33,8.58,48.48,3.2,50.64,12.01,48.81,1.83,47.66
202609062212,2026-09-06,22,12R,daily,67.18,30.66,66.86,13.56,63.5,4.19,50.0,11.86,50.0,1.88,62.15,54.42,24.84,52.55,10.66,59.15,3.91,50.0,11.86,50.0,1.88,53.14,52.68,24.05,48.46,9.83,67.54,4.46,50.0,11.86,50.0,1.88,52.07,48.28,22.04,56.64,11.49,49.79,3.29,50.0,11.86,50.0,1.88,50.55,42.56,19.43,52.55,10.66,35.84,2.37,50.0,11.86,50.0,1.88,46.19,34.54,15.77,54.6,11.07,44.03,2.91,50.0,11.86,50.0,1.88,43.48
202609062212,2026-09-06,22,12R,realtime,67.18,30.66,66.86,13.56,63.5,4.19,65.13,15.45,49.28,1.85,65.71,54.42,24.84,52.55,10.66,59.15,3.91,56.54,13.41,40.55,1.52,54.34,52.68,24.05,48.46,9.83,67.54,4.46,46.87,11.12,67.4,2.53,51.98,48.28,22.04,56.64,11.49,49.79,3.29,25.63,6.08,48.81,1.83,44.72,42.56,19.43,52.55,10.66,35.84,2.37,53.37,12.66,47.61,1.79,46.9,34.54,15.77,54.6,11.07,44.03,2.91,52.49,12.45,46.41,1.74,43.94
