レースコード,レース日,レース場コード,レース回,状態,1枠_枠番pt,1枠_寄与_枠番pt,1枠_選手pt,1枠_寄与_選手pt,1枠_モーターpt,1枠_寄与_モーターpt,1枠_展示pt,1枠_寄与_展示pt,1枠_気象pt,1枠_寄与_気象pt,1枠_強さpt,2枠_枠番pt,2枠_寄与_枠番pt,2枠_選手pt,2枠_寄与_選手pt,2枠_モーターpt,2枠_寄与_モーターpt,2枠_展示pt,2枠_寄与_展示pt,2枠_気象pt,2枠_寄与_気象pt,2枠_強さpt,3枠_枠番pt,3枠_寄与_枠番pt,3枠_選手pt,3枠_寄与_選手pt,3枠_モーターpt,3枠_寄与_モーターpt,3枠_展示pt,3枠_寄与_展示pt,3枠_気象pt,3枠_寄与_気象pt,3枠_強さpt,4枠_枠番pt,4枠_寄与_枠番pt,4枠_選手pt,4枠_寄与_選手pt,4枠_モーターpt,4枠_寄与_モーターpt,4枠_展示pt,4枠_寄与_展示pt,4枠_気象pt,4枠_寄与_気象pt,4枠_強さpt,5枠_枠番pt,5枠_寄与_枠番pt,5枠_選手pt,5枠_寄与_選手pt,5枠_モーターpt,5枠_寄与_モーターpt,5枠_展示pt,5枠_寄与_展示pt,5枠_気象pt,5枠_寄与_気象pt,5枠_強さpt,6枠_枠番pt,6枠_寄与_枠番pt,6枠_選手pt,6枠_寄与_選手pt,6枠_モーターpt,6枠_寄与_モーターpt,6枠_展示pt,6枠_寄与_展示pt,6枠_気象pt,6枠_寄与_気象pt,6枠_強さpt
202609070101,2026-09-07,01,1R,daily,68.49,25.96,43.86,8.59,63.68,7.87,50.0,10.9,50.0,4.18,57.5,52.33,19.84,43.86,8.59,43.54,5.38,50.0,10.9,50.0,4.18,48.88,52.57,19.93,43.86,8.59,45.4,5.61,50.0,10.9,50.0,4.18,49.2,47.29,17.93,45.67,8.94,41.63,5.14,50.0,10.9,50.0,4.18,47.09,44.66,16.93,42.06,8.23,55.39,6.85,50.0,10.9,50.0,4.18,47.09,34.48,13.07,54.69,10.7,46.98,5.81,50.0,10.9,50.0,4.18,44.66
202609070101,2026-09-07,01,1R,realtime,68.49,25.96,43.86,8.59,63.68,7.87,48.45,10.57,47.45,3.96,56.95,52.33,19.84,43.86,8.59,43.54,5.38,61.29,13.37,47.92,4.0,51.17,52.57,19.93,43.86,8.59,45.4,5.61,48.01,10.47,38.86,3.25,47.84,44.66,16.93,45.67,8.94,41.63,5.14,43.04,9.39,51.08,4.27,44.67,34.48,13.07,42.06,8.23,55.39,6.85,41.63,9.08,55.93,4.67,41.9,47.29,17.93,54.69,10.7,46.98,5.81,57.52,12.54,58.88,4.92,51.9
202609070102,2026-09-07,01,2R,daily,68.49,25.96,42.06,8.23,53.6,6.62,50.0,10.9,50.0,4.18,55.9,52.33,19.84,43.86,8.59,56.07,6.93,50.0,10.9,50.0,4.18,50.43,52.57,19.93,42.06,8.23,33.03,4.08,50.0,10.9,50.0,4.18,47.32,47.29,17.93,45.67,8.94,58.31,7.21,50.0,10.9,50.0,4.18,49.15,44.66,16.93,60.1,11.76,57.19,7.07,50.0,10.9,50.0,4.18,50.84,34.48,13.07,60.1,11.76,44.19,5.46,50.0,10.9,50.0,4.18,45.37
202609070102,2026-09-07,01,2R,realtime,68.49,25.96,42.06,8.23,53.6,6.62,50.76,11.07,47.45,3.96,55.85,52.33,19.84,43.86,8.59,56.07,6.93,42.99,9.38,47.92,4.0,48.73,52.57,19.93,42.06,8.23,33.03,4.08,33.47,7.3,38.86,3.25,42.79,47.29,17.93,45.67,8.94,58.31,7.21,37.64,8.21,58.88,4.92,47.2,44.66,16.93,60.1,11.76,57.19,7.07,68.26,14.89,51.08,4.27,54.91,34.48,13.07,60.1,11.76,44.19,5.46,66.79,14.57,55.93,4.67,49.53
202609070103,2026-09-07,01,3R,daily,68.49,25.96,42.06,8.23,49.46,6.11,50.0,10.9,50.0,4.18,55.39,52.33,19.84,45.67,8.94,42.92,5.3,50.0,10.9,50.0,4.18,49.16,52.57,19.93,43.86,8.59,50.23,6.21,50.0,10.9,50.0,4.18,49.8,47.29,17.93,49.28,9.64,56.27,6.95,50.0,10.9,50.0,4.18,49.61,44.66,16.93,45.67,8.94,66.52,8.22,50.0,10.9,50.0,4.18,49.17,34.48,13.07,54.69,10.7,31.91,3.94,50.0,10.9,50.0,4.18,42.8
202609070103,2026-09-07,01,3R,realtime,68.49,25.96,42.06,8.23,49.46,6.11,60.81,13.26,50.12,4.19,57.75,52.33,19.84,45.67,8.94,42.92,5.3,65.83,14.36,48.18,4.02,52.46,44.66,16.93,43.86,8.59,50.23,6.21,48.2,10.51,50.52,4.22,46.45,47.29,17.93,49.28,9.64,56.27,6.95,46.66,10.18,57.64,4.81,49.52,34.48,13.07,45.67,8.94,66.52,8.22,40.75,8.89,53.73,4.49,43.6,52.57,19.93,54.69,10.7,31.91,3.94,37.66,8.21,39.92,3.33,46.12
202609070104,2026-09-07,01,4R,daily,68.49,25.96,40.25,7.88,41.9,5.18,50.0,10.9,50.0,4.18,54.1,52.33,19.84,49.28,9.64,64.92,8.02,50.0,10.9,50.0,4.18,52.59,52.57,19.93,43.86,8.59,56.63,7.0,50.0,10.9,50.0,4.18,50.59,47.29,17.93,60.1,11.76,58.08,7.18,50.0,10.9,50.0,4.18,51.95,44.66,16.93,43.86,8.59,38.92,4.81,50.0,10.9,50.0,4.18,45.4,34.48,13.07,49.28,9.64,35.33,4.37,50.0,10.9,50.0,4.18,42.16
202609070104,2026-09-07,01,4R,realtime,68.49,25.96,40.25,7.88,41.9,5.18,69.97,15.26,49.41,4.13,58.41,52.57,19.93,49.28,9.64,64.92,8.02,47.5,10.36,39.34,3.29,51.24,47.29,17.93,43.86,8.59,56.63,7.0,50.73,11.06,58.57,4.89,49.47,52.33,19.84,60.1,11.76,58.08,7.18,56.68,12.36,48.93,4.09,55.23,34.48,13.07,43.86,8.59,38.92,4.81,39.99,8.72,53.21,4.44,39.63,44.66,16.93,49.28,9.64,35.33,4.37,35.05,7.64,50.63,4.23,42.81
202609070105,2026-09-07,01,5R,daily,68.49,25.96,49.28,9.64,55.02,6.8,50.0,10.9,50.0,4.18,57.49,52.33,19.84,45.67,8.94,59.77,7.39,50.0,10.9,50.0,4.18,51.24,52.57,19.93,42.06,8.23,61.71,7.63,50.0,10.9,50.0,4.18,50.87,47.29,17.93,72.73,14.24,42.42,5.24,50.0,10.9,50.0,4.18,52.49,44.66,16.93,47.47,9.29,56.1,6.93,50.0,10.9,50.0,4.18,48.23,34.48,13.07,43.86,8.59,45.4,5.61,50.0,10.9,50.0,4.18,42.35
202609070105,2026-09-07,01,5R,realtime,68.49,25.96,49.28,9.64,55.02,6.8,57.3,12.5,50.55,4.22,59.12,52.33,19.84,45.67,8.94,59.77,7.39,41.05,8.95,46.69,3.9,49.01,52.57,19.93,42.06,8.23,61.71,7.63,36.62,7.99,41.39,3.46,47.23,47.29,17.93,72.73,14.24,42.42,5.24,68.14,14.86,50.02,4.18,56.44,44.66,16.93,47.47,9.29,56.1,6.93,53.55,11.68,62.42,5.21,50.05,34.48,13.07,43.86,8.59,45.4,5.61,43.26,9.44,49.04,4.1,40.8
202609070106,2026-09-07,01,6R,daily,68.49,25.96,45.67,8.94,51.71,6.39,50.0,10.9,50.0,4.18,56.37,52.33,19.84,43.86,8.59,42.15,5.21,50.0,10.9,50.0,4.18,48.71,52.57,19.93,40.25,7.88,42.27,5.22,50.0,10.9,50.0,4.18,48.11,47.29,17.93,42.06,8.23,33.03,4.08,50.0,10.9,50.0,4.18,45.32,44.66,16.93,45.67,8.94,45.17,5.58,50.0,10.9,50.0,4.18,46.53,34.48,13.07,33.03,6.47,37.05,4.58,50.0,10.9,50.0,4.18,39.19
202609070106,2026-09-07,01,6R,realtime,68.49,25.96,45.67,8.94,51.71,6.39,54.05,11.79,53.5,4.47,57.55,52.33,19.84,43.86,8.59,42.15,5.21,44.89,9.79,47.69,3.98,47.4,52.57,19.93,40.25,7.88,42.27,5.22,36.7,8.0,41.54,3.47,44.5,47.29,17.93,42.06,8.23,33.03,4.08,46.81,10.21,55.47,4.63,45.08,44.66,16.93,45.67,8.94,45.17,5.58,64.72,14.12,49.86,4.16,49.73,34.48,13.07,33.03,6.47,37.05,4.58,52.74,11.5,52.06,4.35,39.96
202609070107,2026-09-07,01,7R,daily,68.49,25.96,47.47,9.29,47.33,5.85,50.0,10.9,50.0,4.18,56.18,52.33,19.84,42.06,8.23,55.39,6.85,50.0,10.9,50.0,4.18,49.99,52.57,19.93,54.69,10.7,44.2,5.46,50.0,10.9,50.0,4.18,51.17,47.29,17.93,43.86,8.59,60.86,7.52,50.0,10.9,50.0,4.18,49.11,44.66,16.93,43.86,8.59,50.23,6.21,50.0,10.9,50.0,4.18,46.8,34.48,13.07,42.06,8.23,50.55,6.25,50.0,10.9,50.0,4.18,42.63
202609070108,2026-09-07,01,8R,daily,68.49,25.96,47.47,9.29,50.85,6.28,50.0,10.9,50.0,4.18,56.62,52.33,19.84,43.86,8.59,42.52,5.25,50.0,10.9,50.0,4.18,48.76,52.57,19.93,42.06,8.23,49.46,6.11,50.0,10.9,50.0,4.18,49.35,47.29,17.93,49.28,9.64,64.92,8.02,50.0,10.9,50.0,4.18,50.68,44.66,16.93,60.1,11.76,44.19,5.46,50.0,10.9,50.0,4.18,49.23,34.48,13.07,45.67,8.94,41.63,5.14,50.0,10.9,50.0,4.18,42.23
202609070109,2026-09-07,01,9R,daily,68.49,25.96,43.86,8.59,38.92,4.81,50.0,10.9,50.0,4.18,54.44,52.33,19.84,49.28,9.64,56.27,6.95,50.0,10.9,50.0,4.18,51.52,52.57,19.93,54.69,10.7,46.98,5.81,50.0,10.9,50.0,4.18,51.52,47.29,17.93,42.06,8.23,53.6,6.62,50.0,10.9,50.0,4.18,47.86,44.66,16.93,49.28,9.64,32.19,3.98,50.0,10.9,50.0,4.18,45.63,34.48,13.07,45.67,8.94,59.77,7.39,50.0,10.9,50.0,4.18,44.48
202609070110,2026-09-07,01,10R,daily,68.49,25.96,45.67,8.94,47.42,5.86,50.0,10.9,50.0,4.18,55.84,52.33,19.84,60.1,11.76,58.08,7.18,50.0,10.9,50.0,4.18,53.86,52.57,19.93,49.28,9.64,42.63,5.27,50.0,10.9,50.0,4.18,49.92,47.29,17.93,45.67,8.94,42.92,5.3,50.0,10.9,50.0,4.18,47.25,44.66,16.93,45.67,8.94,58.31,7.21,50.0,10.9,50.0,4.18,48.15,34.48,13.07,51.08,10.0,40.64,5.02,50.0,10.9,50.0,4.18,43.17
202609070111,2026-09-07,01,11R,daily,68.49,25.96,63.71,12.47,47.29,5.84,50.0,10.9,50.0,4.18,59.36,52.33,19.84,60.1,11.76,57.19,7.07,50.0,10.9,50.0,4.18,53.75,52.57,19.93,61.91,12.12,54.41,6.72,50.0,10.9,50.0,4.18,53.85,47.29,17.93,47.47,9.29,56.1,6.93,50.0,10.9,50.0,4.18,49.23,44.66,16.93,43.86,8.59,60.86,7.52,50.0,10.9,50.0,4.18,48.12,34.48,13.07,45.67,8.94,66.52,8.22,50.0,10.9,50.0,4.18,45.31
202609070112,2026-09-07,01,12R,daily,68.49,25.96,72.73,14.24,42.42,5.24,50.0,10.9,50.0,4.18,60.52,52.33,19.84,54.69,10.7,31.91,3.94,50.0,10.9,50.0,4.18,49.57,52.57,19.93,49.28,9.64,35.33,4.37,50.0,10.9,50.0,4.18,49.02,47.29,17.93,47.47,9.29,47.33,5.85,50.0,10.9,50.0,4.18,48.15,44.66,16.93,43.86,8.59,42.15,5.21,50.0,10.9,50.0,4.18,45.8,34.48,13.07,43.86,8.59,42.52,5.25,50.0,10.9,50.0,4.18,41.99
202609070301,2026-09-07,03,1R,daily,67.26,30.43,47.07,12.82,38.1,4.08,50.0,3.6,50.0,4.8,55.74,54.05,24.46,44.48,12.12,57.74,6.18,50.0,3.6,50.0,4.8,51.16,52.8,23.89,49.65,13.52,63.12,6.76,50.0,3.6,50.0,4.8,52.58,46.35,20.97,39.3,10.71,36.53,3.91,50.0,3.6,50.0,4.8,43.99,42.93,19.42,41.89,11.41,51.4,5.51,50.0,3.6,50.0,4.8,44.74,37.66,17.04,44.48,12.12,56.44,6.05,50.0,3.6,50.0,4.8,43.6
202609070301,2026-09-07,03,1R,realtime,67.26,30.43,47.07,12.82,38.1,4.08,35.23,2.54,56.68,5.44,55.31,54.05,24.46,44.48,12.12,57.74,6.18,55.63,4.01,49.47,4.75,51.51,52.8,23.89,49.65,13.52,63.12,6.76,63.8,4.6,44.73,4.29,53.07,46.35,20.97,39.3,10.71,36.53,3.91,58.36,4.21,41.3,3.96,43.76,42.93,19.42,41.89,11.41,51.4,5.51,42.03,3.03,51.99,4.99,44.36,37.66,17.04,44.48,12.12,56.44,6.05,44.75,3.23,56.09,5.38,43.81
202609070302,2026-09-07,03,2R,daily,67.26,30.43,39.3,10.71,48.57,5.2,50.0,3.6,50.0,4.8,54.74,54.05,24.46,52.24,14.23,40.52,4.34,50.0,3.6,50.0,4.8,51.43,52.8,23.89,49.65,13.52,34.88,3.74,50.0,3.6,50.0,4.8,49.55,46.35,20.97,49.65,13.52,50.13,5.37,50.0,3.6,50.0,4.8,48.27,42.93,19.42,49.65,13.52,49.49,5.3,50.0,3.6,50.0,4.8,46.65,37.66,17.04,49.65,13.52,47.29,5.06,50.0,3.6,50.0,4.8,44.03
202609070302,2026-09-07,03,2R,realtime,67.26,30.43,39.3,10.71,48.57,5.2,52.47,3.78,46.94,4.5,54.63,54.05,24.46,52.24,14.23,40.52,4.34,56.75,4.09,30.85,2.96,50.08,52.8,23.89,49.65,13.52,34.88,3.74,37.47,2.7,62.48,5.99,49.85,46.35,20.97,49.65,13.52,50.13,5.37,37.47,2.7,61.27,5.88,48.45,42.93,19.42,49.65,13.52,49.49,5.3,50.33,3.63,53.39,5.12,47.0,37.66,17.04,49.65,13.52,47.29,5.07,65.33,4.71,45.33,4.35,44.69
202609070303,2026-09-07,03,3R,daily,67.26,30.43,47.07,12.82,28.78,3.08,50.0,3.6,50.0,4.8,54.74,54.05,24.46,44.48,12.12,58.82,6.3,50.0,3.6,50.0,4.8,51.27,52.8,23.89,52.24,14.23,48.04,5.15,50.0,3.6,50.0,4.8,51.67,46.35,20.97,62.59,17.05,54.65,5.85,50.0,3.6,50.0,4.8,52.28,42.93,19.42,78.12,21.28,67.87,7.27,50.0,3.6,50.0,4.8,56.37,37.66,17.04,44.48,12.12,56.53,6.05,50.0,3.6,50.0,4.8,43.61
202609070303,2026-09-07,03,3R,realtime,67.26,30.43,47.07,12.82,28.78,3.08,50.0,3.6,46.94,4.5,54.44,54.05,24.46,44.48,12.12,58.82,6.3,50.0,3.6,30.85,2.96,49.44,52.8,23.89,52.24,14.23,48.04,5.15,50.0,3.6,62.48,5.99,52.86,46.35,20.97,62.59,17.05,54.65,5.85,50.0,3.6,61.27,5.88,53.36,42.93,19.42,78.12,21.28,67.87,7.27,50.0,3.6,53.39,5.12,56.7,37.66,17.04,44.48,12.12,56.53,6.05,50.0,3.6,45.33,4.35,43.16
202609070304,2026-09-07,03,4R,daily,67.26,30.43,39.3,10.71,57.95,6.21,50.0,3.6,50.0,4.8,55.75,54.05,24.46,47.07,12.82,63.08,6.76,50.0,3.6,50.0,4.8,52.43,52.8,23.89,31.54,8.59,62.28,6.67,50.0,3.6,50.0,4.8,47.55,46.35,20.97,44.48,12.12,68.91,7.38,50.0,3.6,50.0,4.8,48.87,42.93,19.42,57.42,15.64,36.01,3.86,50.0,3.6,50.0,4.8,47.32,37.66,17.04,52.24,14.23,28.81,3.09,50.0,3.6,50.0,4.8,42.76
202609070304,2026-09-07,03,4R,realtime,67.26,30.43,39.3,10.71,57.95,6.21,57.9,4.17,44.05,4.22,55.75,54.05,24.46,47.07,12.82,63.08,6.76,45.69,3.29,24.73,2.37,49.7,52.8,23.89,31.54,8.59,62.28,6.67,60.35,4.35,61.75,5.92,49.43,46.35,20.97,44.48,12.12,68.91,7.38,60.35,4.35,66.79,6.41,51.23,42.93,19.42,57.42,15.64,36.01,3.86,35.93,2.59,57.18,5.48,47.0,37.66,17.04,52.24,14.23,28.81,3.09,39.59,2.85,45.76,4.39,41.6
202609070305,2026-09-07,03,5R,daily,67.26,30.43,41.89,11.41,64.81,6.94,50.0,3.6,50.0,4.8,57.19,54.05,24.46,49.65,13.52,40.81,4.37,50.0,3.6,50.0,4.8,50.75,52.8,23.89,47.07,12.82,54.77,5.87,50.0,3.6,50.0,4.8,50.98,46.35,20.97,52.24,14.23,55.64,5.96,50.0,3.6,50.0,4.8,49.56,42.93,19.42,39.3,10.71,49.22,5.27,50.0,3.6,50.0,4.8,43.8,37.66,17.04,83.29,22.69,32.38,3.47,50.0,3.6,50.0,4.8,51.6
202609070305,2026-09-07,03,5R,realtime,67.26,30.43,41.89,11.41,64.81,6.94,47.33,3.41,44.05,4.22,56.42,54.05,24.46,49.65,13.52,40.81,4.37,37.27,2.69,24.73,2.37,47.41,52.8,23.89,47.07,12.82,54.77,5.87,53.08,3.83,61.75,5.92,52.33,46.35,20.97,52.24,14.23,55.64,5.96,54.52,3.93,66.79,6.41,51.5,42.93,19.42,39.3,10.71,49.22,5.27,40.15,2.89,57.18,5.48,43.78,37.66,17.04,83.29,22.69,32.38,3.47,67.46,4.86,45.76,4.39,52.45
202609070306,2026-09-07,03,6R,daily,67.26,30.43,49.65,13.52,44.38,4.75,50.0,3.6,50.0,4.8,57.11,54.05,24.46,49.65,13.52,62.12,6.65,50.0,3.6,50.0,4.8,53.04,52.8,23.89,54.83,14.93,56.16,6.02,50.0,3.6,50.0,4.8,53.24,46.35,20.97,52.24,14.23,57.11,6.12,50.0,3.6,50.0,4.8,49.72,42.93,19.42,49.65,13.52,50.13,5.37,50.0,3.6,50.0,4.8,46.72,37.66,17.04,41.89,11.41,51.4,5.51,50.0,3.6,50.0,4.8,42.36
202609070306,2026-09-07,03,6R,realtime,67.26,30.43,49.65,13.52,44.38,4.75,40.32,2.91,44.05,4.22,55.84,54.05,24.46,49.65,13.52,62.12,6.65,52.9,3.81,24.73,2.37,50.82,52.8,23.89,54.83,14.93,56.16,6.02,55.42,4.0,61.75,5.92,54.76,46.35,20.97,52.24,14.23,57.11,6.12,57.94,4.18,66.79,6.41,51.9,42.93,19.42,49.65,13.52,50.13,5.37,60.46,4.36,57.18,5.48,48.16,37.66,17.04,41.89,11.41,51.4,5.51,32.76,2.36,45.76,4.39,40.71
202609070307,2026-09-07,03,7R,daily,67.26,30.43,44.48,12.12,58.82,6.3,50.0,3.6,50.0,4.8,57.25,54.05,24.46,39.3,10.71,48.57,5.2,50.0,3.6,50.0,4.8,48.77,52.8,23.89,49.65,13.52,43.29,4.64,50.0,3.6,50.0,4.8,50.45,46.35,20.97,57.42,15.64,45.82,4.91,50.0,3.6,50.0,4.8,49.92,42.93,19.42,39.3,10.71,36.53,3.91,50.0,3.6,50.0,4.8,42.44,37.66,17.04,39.3,10.71,53.18,5.7,50.0,3.6,50.0,4.8,41.84
202609070307,2026-09-07,03,7R,realtime,67.26,30.43,44.48,12.12,58.82,6.3,54.3,3.91,45.49,4.36,57.13,54.05,24.46,39.3,10.71,48.57,5.2,34.48,2.49,27.79,2.67,45.52,52.8,23.89,49.65,13.52,43.29,4.64,58.02,4.18,62.11,5.96,52.19,46.35,20.97,57.42,15.64,45.82,4.91,46.87,3.38,64.03,6.14,51.04,42.93,19.42,39.3,10.71,36.53,3.91,64.22,4.63,55.29,5.3,43.98,37.66,17.04,39.3,10.71,53.18,5.7,41.91,3.02,45.55,4.37,40.83
202609070308,2026-09-07,03,8R,daily,67.26,30.43,52.24,14.23,55.41,5.93,50.0,3.6,50.0,4.8,59.0,54.05,24.46,62.59,17.05,47.12,5.05,50.0,3.6,50.0,4.8,54.95,52.8,23.89,47.07,12.82,63.08,6.76,50.0,3.6,50.0,4.8,51.87,46.35,20.97,54.83,14.93,55.97,5.99,50.0,3.6,50.0,4.8,50.3,42.93,19.42,49.65,13.52,47.29,5.06,50.0,3.6,50.0,4.8,46.41,37.66,17.04,52.24,14.23,54.03,5.79,50.0,3.6,50.0,4.8,45.46
202609070308,2026-09-07,03,8R,realtime,67.26,30.43,52.24,14.23,55.41,5.94,53.56,3.86,44.05,4.22,58.68,54.05,24.46,62.59,17.05,47.12,5.05,30.06,2.17,24.73,2.37,51.09,52.8,23.89,47.07,12.82,63.08,6.76,49.64,3.58,61.75,5.92,52.97,46.35,20.97,54.83,14.93,55.97,6.0,61.39,4.43,66.79,6.41,52.73,42.93,19.42,49.65,13.52,47.29,5.07,57.47,4.14,57.18,5.48,47.64,37.66,17.04,52.24,14.23,54.03,5.79,47.69,3.44,45.76,4.39,44.89
202609070309,2026-09-07,03,9R,daily,67.26,30.43,47.07,12.82,50.08,5.36,50.0,3.6,50.0,4.8,57.02,54.05,24.46,47.07,12.82,54.77,5.87,50.0,3.6,50.0,4.8,51.54,52.8,23.89,52.24,14.23,48.8,5.23,50.0,3.6,50.0,4.8,51.75,46.35,20.97,57.42,15.64,36.01,3.86,50.0,3.6,50.0,4.8,48.87,42.93,19.42,52.24,14.23,40.52,4.34,50.0,3.6,50.0,4.8,46.39,37.66,17.04,49.65,13.52,63.12,6.76,50.0,3.6,50.0,4.8,45.73
202609070309,2026-09-07,03,9R,realtime,67.26,30.43,47.07,12.82,50.08,5.36,61.48,4.43,44.05,4.22,57.28,54.05,24.46,47.07,12.82,54.77,5.87,51.79,3.73,24.73,2.37,49.25,52.8,23.89,52.24,14.23,48.8,5.23,50.58,3.65,61.75,5.92,52.92,46.35,20.97,57.42,15.64,36.01,3.86,29.98,2.16,66.79,6.41,49.04,42.93,19.42,52.24,14.23,40.52,4.34,48.15,3.47,57.18,5.48,46.95,37.66,17.04,49.65,13.52,63.12,6.76,57.84,4.17,45.76,4.39,45.89
202609070310,2026-09-07,03,10R,daily,67.26,30.43,52.24,14.23,66.61,7.13,50.0,3.6,50.0,4.8,60.2,54.05,24.46,83.29,22.69,32.38,3.47,50.0,3.6,50.0,4.8,59.01,52.8,23.89,47.07,12.82,28.78,3.08,50.0,3.6,50.0,4.8,48.19,46.35,20.97,49.65,13.52,44.38,4.75,50.0,3.6,50.0,4.8,47.65,42.93,19.42,44.48,12.12,56.44,6.05,50.0,3.6,50.0,4.8,45.99,37.66,17.04,49.65,13.52,34.88,3.74,50.0,3.6,50.0,4.8,42.7
202609070310,2026-09-07,03,10R,realtime,67.26,30.43,52.24,14.23,66.61,7.13,66.49,4.79,48.38,4.64,61.23,54.05,24.46,83.29,22.69,32.38,3.47,59.24,4.27,33.91,3.25,58.14,52.8,23.89,47.07,12.82,28.78,3.08,37.48,2.7,62.84,6.03,48.52,46.35,20.97,49.65,13.52,44.38,4.75,42.31,3.05,58.51,5.61,47.91,42.93,19.42,44.48,12.12,56.44,6.05,49.57,3.57,51.49,4.94,46.1,37.66,17.04,49.65,13.52,34.88,3.74,44.73,3.22,45.12,4.33,41.85
202609070311,2026-09-07,03,11R,daily,67.26,30.43,52.24,14.23,60.92,6.53,50.0,3.6,50.0,4.8,59.59,54.05,24.46,62.59,17.05,54.65,5.85,50.0,3.6,50.0,4.8,55.76,52.8,23.89,49.65,13.52,49.49,5.3,50.0,3.6,50.0,4.8,51.12,46.35,20.97,54.83,14.93,56.16,6.02,50.0,3.6,50.0,4.8,50.32,42.93,19.42,44.48,12.12,57.74,6.18,50.0,3.6,50.0,4.8,46.12,37.66,17.04,44.48,12.12,68.91,7.38,50.0,3.6,50.0,4.8,44.94
202609070311,2026-09-07,03,11R,realtime,67.26,30.43,52.24,14.23,60.92,6.53,55.84,4.03,48.38,4.64,59.86,54.05,24.46,62.59,17.05,54.65,5.85,39.98,2.88,33.91,3.25,53.49,52.8,23.89,49.65,13.52,49.49,5.3,32.92,2.37,62.84,6.03,51.12,46.35,20.97,54.83,14.93,56.16,6.02,61.14,4.41,58.51,5.61,51.94,42.93,19.42,44.48,12.12,57.74,6.18,54.08,3.9,51.49,4.94,46.56,37.66,17.04,44.48,12.12,68.91,7.38,55.84,4.03,45.12,4.33,44.89
202609070312,2026-09-07,03,12R,daily,67.26,30.43,57.42,15.64,45.82,4.91,50.0,3.6,50.0,4.8,59.38,54.05,24.46,52.24,14.23,55.64,5.96,50.0,3.6,50.0,4.8,53.05,52.8,23.89,49.65,13.52,34.78,3.73,50.0,3.6,50.0,4.8,49.54,46.35,20.97,44.48,12.12,56.53,6.05,50.0,3.6,50.0,4.8,47.54,42.93,19.42,39.3,10.71,57.95,6.21,50.0,3.6,50.0,4.8,44.74,37.66,17.04,52.24,14.23,57.11,6.12,50.0,3.6,50.0,4.8,45.79
202609070312,2026-09-07,03,12R,realtime,67.26,30.43,57.42,15.64,45.82,4.91,56.83,4.1,46.94,4.5,59.58,54.05,24.46,52.24,14.23,55.64,5.96,56.83,4.1,30.85,2.96,51.7,52.8,23.89,49.65,13.52,34.78,3.73,44.08,3.18,62.48,5.99,50.31,46.35,20.97,44.48,12.12,56.53,6.05,64.69,4.66,61.27,5.88,49.68,42.93,19.42,39.3,10.71,57.95,6.21,39.17,2.82,53.39,5.12,44.28,37.66,17.04,52.24,14.23,57.11,6.12,38.19,2.75,45.33,4.35,44.49
202609070401,2026-09-07,04,1R,daily,68.6,22.21,37.76,11.84,41.15,4.85,50.0,10.36,50.0,1.87,51.14,53.19,17.22,52.09,16.34,54.39,6.41,50.0,10.36,50.0,1.87,52.21,50.76,16.44,30.59,9.59,37.5,4.42,50.0,10.36,50.0,1.87,42.69,48.3,15.64,44.93,14.09,63.89,7.53,50.0,10.36,50.0,1.87,49.5,42.68,13.82,54.48,17.09,43.39,5.12,50.0,10.36,50.0,1.87,48.26,35.78,11.58,47.32,14.84,40.92,4.82,50.0,10.36,50.0,1.87,43.48
202609070401,2026-09-07,04,1R,realtime,68.6,22.21,37.76,11.84,41.15,4.85,62.48,12.95,53.93,2.02,53.87,53.19,17.22,52.09,16.34,54.39,6.41,50.97,10.56,47.93,1.79,52.33,50.76,16.44,30.59,9.59,37.5,4.42,45.33,9.4,37.13,1.39,41.24,48.3,15.64,44.93,14.09,63.89,7.53,54.59,11.31,52.24,1.96,50.53,42.68,13.82,54.48,17.09,43.39,5.12,41.26,8.55,65.82,2.46,47.04,35.78,11.58,47.32,14.84,40.92,4.82,45.43,9.42,42.67,1.6,42.26
202609070402,2026-09-07,04,2R,daily,68.6,22.21,42.54,13.34,56.69,6.68,50.0,10.36,50.0,1.87,54.47,53.19,17.22,47.32,14.84,40.27,4.75,50.0,10.36,50.0,1.87,49.04,50.76,16.44,47.32,14.84,47.94,5.65,50.0,10.36,50.0,1.87,49.16,48.3,15.64,42.54,13.34,42.9,5.06,50.0,10.36,50.0,1.87,46.27,42.68,13.82,49.71,15.59,55.7,6.57,50.0,10.36,50.0,1.87,48.21,35.78,11.58,32.98,10.34,48.96,5.77,50.0,10.36,50.0,1.87,39.93
202609070402,2026-09-07,04,2R,realtime,68.6,22.21,42.54,13.34,56.69,6.68,55.94,11.59,53.93,2.02,55.85,53.19,17.22,47.32,14.84,40.27,4.75,30.07,6.23,47.93,1.79,44.84,50.76,16.44,47.32,14.84,47.94,5.65,60.16,12.47,37.13,1.39,50.78,42.68,13.82,42.54,13.34,42.9,5.06,49.47,10.25,65.82,2.46,44.93,48.3,15.64,49.71,15.59,55.7,6.57,59.67,12.37,52.24,1.96,52.12,35.78,11.58,32.98,10.34,48.96,5.77,44.77,9.28,42.67,1.6,38.57
202609070403,2026-09-07,04,3R,daily,68.6,22.21,44.93,14.09,38.49,4.54,50.0,10.36,50.0,1.87,53.07,53.19,17.22,49.71,15.59,54.27,6.4,50.0,10.36,50.0,1.87,51.45,50.76,16.44,40.15,12.59,56.76,6.69,50.0,10.36,50.0,1.87,47.95,48.3,15.64,54.48,17.09,34.96,4.12,50.0,10.36,50.0,1.87,49.08,42.68,13.82,54.48,17.09,53.89,6.35,50.0,10.36,50.0,1.87,49.49,35.78,11.58,49.71,15.59,45.25,5.33,50.0,10.36,50.0,1.87,44.74
202609070403,2026-09-07,04,3R,realtime,68.6,22.21,44.93,14.09,38.49,4.54,71.28,14.77,53.93,2.02,57.63,53.19,17.22,49.71,15.59,54.27,6.4,56.69,11.75,47.93,1.79,52.75,50.76,16.44,40.15,12.59,56.76,6.69,46.76,9.69,37.13,1.39,46.8,48.3,15.64,54.48,17.09,34.96,4.12,40.36,8.36,52.24,1.96,47.17,42.68,13.82,54.48,17.09,53.89,6.35,41.64,8.63,65.82,2.46,48.35,35.78,11.58,49.71,15.59,45.25,5.33,43.36,8.99,42.67,1.6,43.09
202609070404,2026-09-07,04,4R,daily,68.6,22.21,44.93,14.09,35.07,4.13,50.0,10.36,50.0,1.87,52.67,53.19,17.22,42.54,13.34,50.47,5.95,50.0,10.36,50.0,1.87,48.75,50.76,16.44,37.76,11.84,44.35,5.23,50.0,10.36,50.0,1.87,45.74,48.3,15.64,56.87,17.84,40.25,4.75,50.0,10.36,50.0,1.87,50.46,42.68,13.82,37.76,11.84,29.15,3.44,50.0,10.36,50.0,1.87,41.33,35.78,11.58,44.93,14.09,39.85,4.7,50.0,10.36,50.0,1.87,42.61
202609070404,2026-09-07,04,4R,realtime,68.6,22.21,44.93,14.09,35.07,4.13,69.37,14.38,51.68,1.94,56.75,50.76,16.44,42.54,13.34,50.47,5.95,56.92,11.8,52.7,1.97,49.5,48.3,15.64,37.76,11.84,44.35,5.23,54.85,11.37,51.62,1.93,46.01,42.68,13.82,56.87,17.84,40.25,4.75,29.83,6.18,68.7,2.57,45.16,35.78,11.58,37.76,11.84,29.15,3.44,39.91,8.27,33.6,1.26,36.39,53.19,17.22,44.93,14.09,39.85,4.7,49.21,10.2,41.42,1.55,47.76
202609070405,2026-09-07,04,5R,daily,68.6,22.21,49.71,15.59,59.26,6.99,50.0,10.36,50.0,1.87,57.02,53.19,17.22,54.48,17.09,55.69,6.57,50.0,10.36,50.0,1.87,53.11,50.76,16.44,52.09,16.34,43.6,5.14,50.0,10.36,50.0,1.87,50.15,48.3,15.64,49.71,15.59,52.22,6.16,50.0,10.36,50.0,1.87,49.62,42.68,13.82,44.93,14.09,33.17,3.91,50.0,10.36,50.0,1.87,44.05,35.78,11.58,44.93,14.09,48.97,5.77,50.0,10.36,50.0,1.87,43.68
202609070405,2026-09-07,04,5R,realtime,68.6,22.21,49.71,15.59,59.26,6.99,56.46,11.7,53.93,2.02,58.51,53.19,17.22,54.48,17.09,55.69,6.57,58.39,12.1,47.93,1.79,54.77,50.76,16.44,52.09,16.34,43.6,5.14,41.13,8.52,37.13,1.39,47.83,48.3,15.64,49.71,15.59,52.22,6.16,47.55,9.85,52.24,1.96,49.19,42.68,13.82,44.93,14.09,33.17,3.91,50.86,10.54,65.82,2.46,44.82,35.78,11.58,44.93,14.09,48.97,5.77,45.68,9.47,42.67,1.6,42.51
202609070406,2026-09-07,04,6R,daily,68.6,22.21,52.09,16.34,41.11,4.85,50.0,10.36,50.0,1.87,55.63,53.19,17.22,78.38,24.58,48.09,5.67,50.0,10.36,50.0,1.87,59.71,50.76,16.44,44.93,14.09,51.49,6.07,50.0,10.36,50.0,1.87,48.83,48.3,15.64,35.37,11.09,52.51,6.19,50.0,10.36,50.0,1.87,45.16,42.68,13.82,30.59,9.59,45.68,5.38,50.0,10.36,50.0,1.87,41.03,35.78,11.58,52.09,16.34,54.39,6.41,50.0,10.36,50.0,1.87,46.57
202609070406,2026-09-07,04,6R,realtime,68.6,22.21,52.09,16.34,41.11,4.85,57.61,11.94,52.95,1.98,57.32,53.19,17.22,78.38,24.58,48.09,5.67,56.52,11.71,47.99,1.8,60.99,50.76,16.44,44.93,14.09,51.49,6.07,47.81,9.91,36.89,1.38,47.89,48.3,15.64,35.37,11.09,52.51,6.19,48.18,9.99,52.1,1.95,44.86,42.68,13.82,30.59,9.59,45.68,5.39,52.57,10.9,66.83,2.5,42.19,35.78,11.58,52.09,16.34,54.39,6.41,37.37,7.75,42.94,1.61,43.69
202609070407,2026-09-07,04,7R,daily,68.6,22.21,40.15,12.59,46.04,5.43,50.0,10.36,50.0,1.87,52.47,53.19,17.22,61.65,19.34,58.33,6.88,50.0,10.36,50.0,1.87,55.67,50.76,16.44,42.54,13.34,56.69,6.68,50.0,10.36,50.0,1.87,48.69,48.3,15.64,37.76,11.84,46.66,5.5,50.0,10.36,50.0,1.87,45.22,42.68,13.82,37.76,11.84,44.3,5.22,50.0,10.36,50.0,1.87,43.12,35.78,11.58,52.09,16.34,28.31,3.34,50.0,10.36,50.0,1.87,43.49
202609070407,2026-09-07,04,7R,realtime,68.6,22.21,40.15,12.59,46.04,5.43,51.53,10.68,52.95,1.98,52.89,53.19,17.22,61.65,19.34,58.33,6.88,62.35,12.92,47.99,1.8,58.16,50.76,16.44,42.54,13.34,56.69,6.68,52.65,10.91,36.89,1.38,48.75,48.3,15.64,37.76,11.84,46.66,5.5,39.76,8.24,52.1,1.95,43.17,42.68,13.82,37.76,11.84,44.3,5.22,45.44,9.42,66.83,2.5,42.8,35.78,11.58,52.09,16.34,28.31,3.34,48.34,10.02,42.94,1.61,42.89
202609070408,2026-09-07,04,8R,daily,68.6,22.21,44.93,14.09,48.41,5.71,50.0,10.36,50.0,1.87,54.24,53.19,17.22,42.54,13.34,43.62,5.14,50.0,10.36,50.0,1.87,47.94,50.76,16.44,47.32,14.84,36.2,4.27,50.0,10.36,50.0,1.87,47.78,48.3,15.64,71.21,22.33,43.29,5.1,50.0,10.36,50.0,1.87,55.31,42.68,13.82,32.98,10.34,48.96,5.77,50.0,10.36,50.0,1.87,42.17,35.78,11.58,54.48,17.09,53.89,6.35,50.0,10.36,50.0,1.87,47.26
202609070408,2026-09-07,04,8R,realtime,68.6,22.21,44.93,14.09,48.41,5.71,41.13,8.52,52.95,1.98,52.52,53.19,17.22,42.54,13.34,43.62,5.14,50.77,10.52,47.99,1.8,48.03,48.3,15.64,47.32,14.84,36.2,4.27,55.27,11.46,52.1,1.95,48.15,50.76,16.44,71.21,22.33,43.29,5.1,68.01,14.09,36.89,1.38,59.35,35.78,11.58,32.98,10.34,48.96,5.77,41.92,8.69,42.94,1.61,37.99,42.68,13.82,54.48,17.09,53.89,6.35,42.95,8.9,66.83,2.5,48.66
202609070409,2026-09-07,04,9R,daily,68.6,22.21,54.48,17.09,34.96,4.12,50.0,10.36,50.0,1.87,55.66,53.19,17.22,44.93,14.09,63.89,7.53,50.0,10.36,50.0,1.87,51.08,50.76,16.44,49.71,15.59,55.7,6.57,50.0,10.36,50.0,1.87,50.83,48.3,15.64,37.76,11.84,29.15,3.44,50.0,10.36,50.0,1.87,43.15,42.68,13.82,61.65,19.34,52.22,6.16,50.0,10.36,50.0,1.87,51.55,35.78,11.58,54.48,17.09,55.69,6.57,50.0,10.36,50.0,1.87,47.47
202609070409,2026-09-07,04,9R,realtime,68.6,22.21,54.48,17.09,34.96,4.12,58.2,12.06,52.95,1.98,57.47,53.19,17.22,44.93,14.09,63.89,7.53,57.15,11.85,47.99,1.8,52.49,50.76,16.44,49.71,15.59,55.7,6.57,58.78,12.18,36.89,1.38,52.16,48.3,15.64,37.76,11.84,29.15,3.44,25.84,5.35,52.1,1.95,38.22,42.68,13.82,61.65,19.34,52.22,6.16,50.82,10.53,66.83,2.5,52.34,35.78,11.58,54.48,17.09,55.69,6.57,49.28,10.21,42.94,1.61,47.06
202609070410,2026-09-07,04,10R,daily,68.6,22.21,56.87,17.84,40.25,4.75,50.0,10.36,50.0,1.87,57.03,53.19,17.22,49.71,15.59,59.26,6.99,50.0,10.36,50.0,1.87,52.03,50.76,16.44,52.09,16.34,42.83,5.05,50.0,10.36,50.0,1.87,50.06,48.3,15.64,47.32,14.84,40.92,4.82,50.0,10.36,50.0,1.87,47.54,42.68,13.82,44.93,14.09,38.49,4.54,50.0,10.36,50.0,1.87,44.68,35.78,11.58,44.93,14.09,51.49,6.07,50.0,10.36,50.0,1.87,43.98
202609070410,2026-09-07,04,10R,realtime,68.6,22.21,56.87,17.84,40.25,4.75,55.43,11.49,52.95,1.98,58.27,53.19,17.22,49.71,15.59,59.26,6.99,35.38,7.33,47.99,1.8,48.93,50.76,16.44,52.09,16.34,42.83,5.05,51.35,10.64,36.89,1.38,49.85,48.3,15.64,47.32,14.84,40.92,4.82,44.04,9.13,52.1,1.95,46.38,42.68,13.82,44.93,14.09,38.49,4.54,56.09,11.63,66.83,2.5,46.57,35.78,11.58,44.93,14.09,51.49,6.07,57.77,11.97,42.94,1.61,45.32
202609070411,2026-09-07,04,11R,daily,68.6,22.21,52.09,16.34,43.6,5.14,50.0,10.36,50.0,1.87,55.93,53.19,17.22,37.76,11.84,44.35,5.23,50.0,10.36,50.0,1.87,46.53,50.76,16.44,49.71,15.59,54.27,6.4,50.0,10.36,50.0,1.87,50.66,48.3,15.64,47.32,14.84,40.27,4.75,50.0,10.36,50.0,1.87,47.46,42.68,13.82,44.93,14.09,38.06,4.49,50.0,10.36,50.0,1.87,44.63,35.78,11.58,54.48,17.09,43.39,5.12,50.0,10.36,50.0,1.87,46.02
202609070411,2026-09-07,04,11R,realtime,68.6,22.21,52.09,16.34,43.6,5.14,57.75,11.97,52.95,1.98,57.64,53.19,17.22,37.76,11.84,44.35,5.23,57.15,11.85,47.99,1.8,47.94,50.76,16.44,49.71,15.59,54.27,6.4,39.61,8.21,36.89,1.38,48.01,48.3,15.64,47.32,14.84,40.27,4.75,28.27,5.86,52.1,1.95,43.04,42.68,13.82,44.93,14.09,38.06,4.49,49.54,10.27,66.83,2.5,45.16,35.78,11.58,54.48,17.09,43.39,5.12,67.74,14.04,42.94,1.61,49.43
202609070412,2026-09-07,04,12R,daily,68.6,22.21,78.38,24.58,48.09,5.67,50.0,10.36,50.0,1.87,64.7,53.19,17.22,40.15,12.59,56.76,6.69,50.0,10.36,50.0,1.87,48.74,50.76,16.44,52.09,16.34,28.31,3.34,50.0,10.36,50.0,1.87,48.35,48.3,15.64,44.93,14.09,35.07,4.13,50.0,10.36,50.0,1.87,46.1,42.68,13.82,47.32,14.84,47.94,5.65,50.0,10.36,50.0,1.87,46.54,35.78,11.58,49.71,15.59,52.22,6.16,50.0,10.36,50.0,1.87,45.56
202609070412,2026-09-07,04,12R,realtime,68.6,22.21,78.38,24.58,48.09,5.67,55.46,11.49,52.95,1.98,65.94,53.19,17.22,40.15,12.59,56.76,6.69,54.31,11.26,47.99,1.8,49.56,50.76,16.44,52.09,16.34,28.31,3.34,53.63,11.11,36.89,1.38,48.61,48.3,15.64,44.93,14.09,35.07,4.13,44.2,9.16,52.1,1.95,44.97,42.68,13.82,47.32,14.84,47.94,5.65,53.06,11.0,66.83,2.5,47.81,35.78,11.58,49.71,15.59,52.22,6.16,39.42,8.17,42.94,1.61,43.11
202609070701,2026-09-07,07,1R,daily,71.22,28.01,33.54,7.76,49.39,3.54,50.0,10.75,50.0,4.44,54.49,52.67,20.71,48.06,11.12,35.75,2.56,50.0,10.75,50.0,4.44,49.58,50.32,19.79,46.24,10.7,66.83,4.79,50.0,10.75,50.0,4.44,50.46,48.67,19.14,46.24,10.7,37.6,2.69,50.0,10.75,50.0,4.44,47.72,43.91,17.27,46.24,10.7,66.64,4.78,50.0,10.75,50.0,4.44,47.93,32.79,12.9,44.43,10.28,34.72,2.49,50.0,10.75,50.0,4.44,40.85
202609070701,2026-09-07,07,1R,realtime,71.22,28.01,33.54,7.76,49.39,3.54,62.72,13.49,49.7,4.41,57.2,52.67,20.71,48.06,11.12,35.75,2.56,54.08,11.63,57.18,5.07,51.09,50.32,19.79,46.24,10.7,66.83,4.79,51.7,11.12,51.35,4.56,50.95,48.67,19.14,46.24,10.7,37.6,2.69,46.9,10.09,39.32,3.49,46.11,43.91,17.27,46.24,10.7,66.64,4.77,41.25,8.87,45.97,4.08,45.69,32.79,12.9,44.43,10.28,34.72,2.49,43.3,9.31,56.59,5.02,39.99
202609070702,2026-09-07,07,2R,daily,71.22,28.01,38.98,9.02,44.92,3.22,50.0,10.75,50.0,4.44,55.43,52.67,20.71,48.06,11.12,54.57,3.91,50.0,10.75,50.0,4.44,50.93,50.32,19.79,48.06,11.12,57.83,4.14,50.0,10.75,50.0,4.44,50.24,48.67,19.14,42.61,9.86,15.39,1.1,50.0,10.75,50.0,4.44,45.29,43.91,17.27,69.84,16.15,62.54,4.48,50.0,10.75,50.0,4.44,53.09,32.79,12.9,40.8,9.44,50.17,3.59,50.0,10.75,50.0,4.44,41.12
202609070702,2026-09-07,07,2R,realtime,71.22,28.01,38.98,9.02,44.92,3.22,60.04,12.91,53.38,4.74,57.89,52.67,20.71,48.06,11.12,54.57,3.91,60.21,12.95,57.29,5.08,53.77,50.32,19.79,48.06,11.12,57.83,4.14,44.3,9.53,51.04,4.53,49.1,48.67,19.14,42.61,9.86,15.39,1.1,35.07,7.54,38.06,3.38,41.02,43.91,17.27,69.84,16.15,62.54,4.48,58.89,12.67,45.6,4.05,54.61,32.79,12.9,40.8,9.44,50.17,3.59,41.46,8.92,54.74,4.86,39.7
202609070703,2026-09-07,07,3R,daily,71.22,28.01,33.54,7.76,48.78,3.5,50.0,10.75,50.0,4.44,54.45,52.67,20.71,46.24,10.7,35.25,2.53,50.0,10.75,50.0,4.44,49.12,50.32,19.79,48.06,11.12,54.29,3.89,50.0,10.75,50.0,4.44,49.98,48.67,19.14,46.24,10.7,42.29,3.03,50.0,10.75,50.0,4.44,48.06,43.91,17.27,66.21,15.31,76.16,5.46,50.0,10.75,50.0,4.44,53.23,32.79,12.9,42.61,9.86,48.21,3.45,50.0,10.75,50.0,4.44,41.4
202609070703,2026-09-07,07,3R,realtime,71.22,28.01,33.54,7.76,48.78,3.5,56.85,12.23,42.8,3.8,55.28,52.67,20.71,46.24,10.7,35.25,2.53,57.85,12.44,57.93,5.14,51.51,50.32,19.79,48.06,11.12,54.29,3.89,58.2,12.52,47.65,4.23,51.54,48.67,19.14,46.24,10.7,42.29,3.03,36.83,7.92,54.02,4.79,45.58,43.91,17.27,66.21,15.31,76.16,5.46,57.2,12.3,41.02,3.64,53.98,32.79,12.9,42.61,9.86,48.21,3.45,33.03,7.1,56.7,5.03,38.34
202609070704,2026-09-07,07,4R,daily,71.22,28.01,44.43,10.28,37.22,2.67,50.0,10.75,50.0,4.44,56.14,52.67,20.71,42.61,9.86,62.83,4.5,50.0,10.75,50.0,4.44,50.26,50.32,19.79,48.06,11.12,65.46,4.69,50.0,10.75,50.0,4.44,50.78,48.67,19.14,66.21,15.31,42.83,3.07,50.0,10.75,50.0,4.44,52.71,43.91,17.27,46.24,10.7,24.82,1.78,50.0,10.75,50.0,4.44,44.93,32.79,12.9,42.61,9.86,40.87,2.93,50.0,10.75,50.0,4.44,40.87
202609070704,2026-09-07,07,4R,realtime,71.22,28.01,44.43,10.28,37.22,2.67,49.49,10.64,42.8,3.8,55.39,52.67,20.71,42.61,9.86,62.83,4.5,52.79,11.35,57.93,5.14,51.56,50.32,19.79,48.06,11.12,65.46,4.69,67.07,14.42,47.65,4.23,54.25,43.91,17.27,66.21,15.31,42.83,3.07,62.79,13.5,41.02,3.64,52.79,48.67,19.14,46.24,10.7,24.82,1.78,35.4,7.61,54.02,4.79,44.02,32.79,12.9,42.61,9.86,40.87,2.93,32.42,6.97,56.7,5.03,37.68
202609070705,2026-09-07,07,5R,daily,71.22,28.01,40.8,9.44,73.27,5.25,50.0,10.75,50.0,4.44,57.88,52.67,20.71,46.24,10.7,49.68,3.56,50.0,10.75,50.0,4.44,50.16,50.32,19.79,51.69,11.96,49.03,3.51,50.0,10.75,50.0,4.44,50.45,48.67,19.14,44.43,10.28,34.72,2.49,50.0,10.75,50.0,4.44,47.1,43.91,17.27,46.24,10.7,39.87,2.86,50.0,10.75,50.0,4.44,46.01,32.79,12.9,68.03,15.73,54.22,3.88,50.0,10.75,50.0,4.44,47.7
202609070705,2026-09-07,07,5R,realtime,71.22,28.01,40.8,9.44,73.27,5.25,73.38,15.78,42.8,3.8,62.27,52.67,20.71,46.24,10.7,49.68,3.56,37.02,7.96,57.93,5.14,48.07,50.32,19.79,51.69,11.96,49.03,3.51,40.05,8.61,47.65,4.23,48.1,48.67,19.14,44.43,10.28,34.72,2.49,44.88,9.65,54.02,4.79,46.35,43.91,17.27,46.24,10.7,39.87,2.86,42.96,9.24,41.02,3.64,43.7,32.79,12.9,68.03,15.73,54.22,3.88,61.66,13.26,56.7,5.03,50.81
202609070706,2026-09-07,07,6R,daily,71.22,28.01,48.06,11.12,39.7,2.84,50.0,10.75,50.0,4.44,57.16,52.67,20.71,44.43,10.28,61.31,4.39,50.0,10.75,50.0,4.44,50.57,50.32,19.79,46.24,10.7,34.33,2.46,50.0,10.75,50.0,4.44,48.13,48.67,19.14,46.24,10.7,48.93,3.51,50.0,10.75,50.0,4.44,48.53,43.91,17.27,73.47,16.99,55.23,3.96,50.0,10.75,50.0,4.44,53.41,32.79,12.9,42.61,9.86,15.39,1.1,50.0,10.75,50.0,4.44,39.04
202609070706,2026-09-07,07,6R,realtime,71.22,28.01,48.06,11.12,39.7,2.84,70.46,15.15,42.8,3.8,60.92,52.67,20.71,44.43,10.28,61.31,4.39,56.88,12.23,57.93,5.14,52.75,50.32,19.79,46.24,10.7,34.33,2.46,33.14,7.13,47.65,4.23,44.3,48.67,19.14,46.24,10.7,48.93,3.51,46.03,9.9,54.02,4.79,48.04,43.91,17.27,73.47,16.99,55.23,3.96,48.82,10.5,41.02,3.64,52.36,32.79,12.9,42.61,9.86,15.39,1.1,44.62,9.6,56.7,5.03,38.48
202609070707,2026-09-07,07,7R,daily,71.22,28.01,51.69,11.96,25.0,1.79,50.0,10.75,50.0,4.44,56.94,52.67,20.71,44.43,10.28,42.9,3.07,50.0,10.75,50.0,4.44,49.25,50.32,19.79,46.24,10.7,41.07,2.94,50.0,10.75,50.0,4.44,48.62,48.67,19.14,44.43,10.28,29.4,2.11,50.0,10.75,50.0,4.44,46.71,43.91,17.27,44.43,10.28,51.15,3.66,50.0,10.75,50.0,4.44,46.4,32.79,12.9,42.61,9.86,59.28,4.25,50.0,10.75,50.0,4.44,42.19
202609070708,2026-09-07,07,8R,daily,71.22,28.01,48.06,11.12,35.75,2.56,50.0,10.75,50.0,4.44,56.87,52.67,20.71,46.24,10.7,67.8,4.86,50.0,10.75,50.0,4.44,51.46,50.32,19.79,44.43,10.28,50.12,3.59,50.0,10.75,50.0,4.44,48.84,48.67,19.14,38.98,9.02,44.92,3.22,50.0,10.75,50.0,4.44,46.57,43.91,17.27,55.32,12.79,48.14,3.45,50.0,10.75,50.0,4.44,48.7,32.79,12.9,48.06,11.12,54.47,3.9,50.0,10.75,50.0,4.44,43.1
202609070709,2026-09-07,07,9R,daily,71.22,28.01,68.03,15.73,54.22,3.88,50.0,10.75,50.0,4.44,62.82,52.67,20.71,66.21,15.31,76.16,5.46,50.0,10.75,50.0,4.44,56.67,50.32,19.79,46.24,10.7,49.68,3.56,50.0,10.75,50.0,4.44,49.23,48.67,19.14,48.06,11.12,57.83,4.14,50.0,10.75,50.0,4.44,49.59,43.91,17.27,66.21,15.31,42.83,3.07,50.0,10.75,50.0,4.44,50.84,32.79,12.9,46.24,10.7,37.6,2.69,50.0,10.75,50.0,4.44,41.48
202609070710,2026-09-07,07,10R,daily,71.22,28.01,69.84,16.15,62.54,4.48,50.0,10.75,50.0,4.44,63.83,52.67,20.71,48.06,11.12,39.7,2.84,50.0,10.75,50.0,4.44,49.86,50.32,19.79,46.24,10.7,66.64,4.78,50.0,10.75,50.0,4.44,50.45,48.67,19.14,48.06,11.12,54.29,3.89,50.0,10.75,50.0,4.44,49.34,43.91,17.27,42.61,9.86,62.83,4.5,50.0,10.75,50.0,4.44,46.82,32.79,12.9,51.69,11.96,49.03,3.51,50.0,10.75,50.0,4.44,43.55
202609070711,2026-09-07,07,11R,daily,71.22,28.01,73.47,16.99,55.23,3.96,50.0,10.75,50.0,4.44,64.15,52.67,20.71,40.8,9.44,73.27,5.25,50.0,10.75,50.0,4.44,50.59,50.32,19.79,51.69,11.96,25.0,1.79,50.0,10.75,50.0,4.44,48.72,48.67,19.14,48.06,11.12,65.46,4.69,50.0,10.75,50.0,4.44,50.14,43.91,17.27,48.06,11.12,54.57,3.91,50.0,10.75,50.0,4.44,47.48,32.79,12.9,46.24,10.7,42.29,3.03,50.0,10.75,50.0,4.44,41.81
202609070712,2026-09-07,07,12R,daily,71.22,28.01,55.32,12.79,48.14,3.45,50.0,10.75,50.0,4.44,59.44,52.67,20.71,40.8,9.44,50.17,3.59,50.0,10.75,50.0,4.44,48.93,50.32,19.79,42.61,9.86,40.87,2.93,50.0,10.75,50.0,4.44,47.76,48.67,19.14,46.24,10.7,34.33,2.46,50.0,10.75,50.0,4.44,47.49,43.91,17.27,42.61,9.86,48.21,3.45,50.0,10.75,50.0,4.44,45.77,32.79,12.9,44.43,10.28,42.9,3.07,50.0,10.75,50.0,4.44,41.44
202609070901,2026-09-07,09,1R,daily,67.29,26.9,68.21,15.0,50.43,4.07,50.0,12.11,50.0,2.87,60.95,52.24,20.88,54.3,11.94,44.2,3.56,50.0,12.11,50.0,2.87,51.37,49.94,19.96,58.27,12.82,44.56,3.59,50.0,12.11,50.0,2.87,51.36,48.74,19.48,56.28,12.38,50.0,4.03,50.0,12.11,50.0,2.87,50.88,44.46,17.77,68.21,15.0,44.47,3.59,50.0,12.11,50.0,2.87,51.35,37.0,14.79,58.27,12.82,48.37,3.9,50.0,12.11,50.0,2.87,46.49
202609070901,2026-09-07,09,1R,realtime,67.29,26.9,68.21,15.0,50.43,4.07,53.76,13.02,55.02,3.16,62.15,52.24,20.88,54.3,11.94,44.2,3.56,45.8,11.1,55.56,3.19,50.67,49.94,19.96,58.27,12.82,44.56,3.59,52.84,12.8,37.24,2.14,51.31,48.74,19.48,56.28,12.38,50.0,4.03,43.17,10.46,43.23,2.48,48.84,44.46,17.77,68.21,15.0,44.47,3.59,45.03,10.91,61.18,3.51,50.78,37.0,14.79,58.27,12.82,48.37,3.9,59.47,14.41,47.81,2.75,48.66
202609070902,2026-09-07,09,2R,daily,67.29,26.9,52.31,11.5,50.47,4.07,50.0,12.11,50.0,2.87,57.46,52.24,20.88,58.27,12.82,29.83,2.41,50.0,12.11,50.0,2.87,51.09,49.94,19.96,54.3,11.94,27.7,2.23,50.0,12.11,50.0,2.87,49.12,48.74,19.48,50.32,11.07,64.77,5.22,50.0,12.11,50.0,2.87,50.76,44.46,17.77,78.16,17.19,54.64,4.41,50.0,12.11,50.0,2.87,54.35,37.0,14.79,54.3,11.94,62.78,5.06,50.0,12.11,50.0,2.87,46.78
202609070902,2026-09-07,09,2R,realtime,67.29,26.9,52.31,11.5,50.47,4.07,41.9,10.15,43.03,2.47,55.09,52.24,20.88,58.27,12.82,29.83,2.41,47.41,11.49,61.94,3.56,51.15,49.94,19.96,54.3,11.94,27.7,2.23,46.39,11.24,44.93,2.58,47.96,48.74,19.48,50.32,11.07,64.77,5.22,48.42,11.73,58.31,3.35,50.85,44.46,17.77,78.16,17.19,54.64,4.41,49.33,11.95,52.1,2.99,54.31,37.0,14.79,54.3,11.94,62.78,5.06,66.64,16.14,39.74,2.28,50.22
202609070903,2026-09-07,09,3R,daily,67.29,26.9,62.25,13.69,39.56,3.19,50.0,12.11,50.0,2.87,58.76,52.24,20.88,68.21,15.0,63.48,5.12,50.0,12.11,50.0,2.87,55.99,49.94,19.96,64.24,14.13,53.46,4.31,50.0,12.11,50.0,2.87,53.39,48.74,19.48,78.16,17.19,48.6,3.92,50.0,12.11,50.0,2.87,55.58,44.46,17.77,50.32,11.07,39.67,3.2,50.0,12.11,50.0,2.87,47.02,37.0,14.79,72.19,15.88,51.35,4.14,50.0,12.11,50.0,2.87,49.79
202609070903,2026-09-07,09,3R,realtime,67.29,26.9,62.25,13.69,39.56,3.19,60.89,14.75,43.03,2.47,61.0,52.24,20.88,68.21,15.0,63.48,5.12,43.22,10.47,61.94,3.56,55.03,49.94,19.96,64.24,14.13,53.46,4.31,49.21,11.92,44.93,2.58,52.9,48.74,19.48,78.16,17.19,48.6,3.92,40.54,9.82,58.31,3.35,53.76,44.46,17.77,50.32,11.07,39.67,3.2,57.88,14.02,52.1,2.99,49.05,37.0,14.79,72.19,15.88,51.35,4.14,48.35,11.71,39.74,2.28,48.8
202609070904,2026-09-07,09,4R,daily,67.29,26.9,78.16,17.19,54.8,4.42,50.0,12.11,50.0,2.87,63.49,52.24,20.88,60.26,13.25,57.21,4.61,50.0,12.11,50.0,2.87,53.73,49.94,19.96,58.27,12.82,47.71,3.85,50.0,12.11,50.0,2.87,51.61,48.74,19.48,78.16,17.19,59.5,4.8,50.0,12.11,50.0,2.87,56.46,44.46,17.77,66.23,14.56,41.06,3.31,50.0,12.11,50.0,2.87,50.63,37.0,14.79,54.3,11.94,34.67,2.8,50.0,12.11,50.0,2.87,44.51
202609070904,2026-09-07,09,4R,realtime,67.29,26.9,78.16,17.19,54.8,4.42,45.5,11.02,38.61,2.22,61.75,52.24,20.88,60.26,13.25,57.21,4.61,71.72,17.38,61.65,3.54,59.66,49.94,19.96,58.27,12.82,47.71,3.85,45.96,11.14,43.32,2.49,50.25,48.74,19.48,78.16,17.19,59.5,4.8,45.86,11.11,61.02,3.5,56.08,44.46,17.77,66.23,14.56,41.06,3.31,34.11,8.26,53.13,3.05,46.96,37.0,14.79,54.3,11.94,34.67,2.8,56.94,13.8,42.34,2.43,45.75
202609070905,2026-09-07,09,5R,daily,67.29,26.9,90.09,19.81,39.0,3.15,50.0,12.11,50.0,2.87,64.84,52.24,20.88,68.21,15.0,44.47,3.59,50.0,12.11,50.0,2.87,54.45,49.94,19.96,72.19,15.88,56.08,4.52,50.0,12.11,50.0,2.87,55.35,48.74,19.48,56.28,12.38,35.45,2.86,50.0,12.11,50.0,2.87,49.71,44.46,17.77,54.3,11.94,44.2,3.56,50.0,12.11,50.0,2.87,48.26,37.0,14.79,58.27,12.82,48.0,3.87,50.0,12.11,50.0,2.87,46.46
202609070905,2026-09-07,09,5R,realtime,67.29,26.9,90.09,19.81,39.0,3.15,66.35,16.07,60.37,3.47,69.4,52.24,20.88,68.21,15.0,44.47,3.59,44.17,10.7,59.48,3.42,53.59,49.94,19.96,72.19,15.88,56.08,4.52,57.05,13.82,29.41,1.69,55.87,48.74,19.48,56.28,12.38,35.45,2.86,40.91,9.91,42.81,2.46,47.09,44.46,17.77,54.3,11.94,44.2,3.56,42.79,10.37,59.18,3.4,47.04,37.0,14.79,58.27,12.82,48.0,3.87,48.81,11.83,48.81,2.8,46.11
202609070906,2026-09-07,09,6R,daily,67.29,26.9,50.32,11.07,64.77,5.22,50.0,12.11,50.0,2.87,58.17,52.24,20.88,58.27,12.82,48.37,3.9,50.0,12.11,50.0,2.87,52.58,49.94,19.96,80.14,17.63,37.35,3.01,50.0,12.11,50.0,2.87,55.59,48.74,19.48,68.21,15.0,50.43,4.07,50.0,12.11,50.0,2.87,53.54,44.46,17.77,52.31,11.5,50.47,4.07,50.0,12.11,50.0,2.87,48.33,37.0,14.79,56.28,12.38,47.02,3.79,50.0,12.11,50.0,2.87,45.95
202609070906,2026-09-07,09,6R,realtime,67.29,26.9,50.32,11.07,64.77,5.22,69.86,16.93,37.9,2.18,62.29,52.24,20.88,58.27,12.82,48.37,3.9,50.87,12.32,64.38,3.7,53.62,49.94,19.96,80.14,17.63,37.35,3.01,43.47,10.53,41.63,2.39,53.52,48.74,19.48,68.21,15.0,50.43,4.07,49.17,11.91,58.18,3.34,53.81,44.46,17.77,52.31,11.5,50.47,4.07,40.43,9.79,56.83,3.26,46.4,37.0,14.79,56.28,12.38,47.02,3.79,46.29,11.21,41.14,2.36,44.54
202609070907,2026-09-07,09,7R,daily,67.29,26.9,56.28,12.38,50.0,4.03,50.0,12.11,50.0,2.87,58.29,52.24,20.88,52.31,11.5,52.39,4.23,50.0,12.11,50.0,2.87,51.59,49.94,19.96,78.16,17.19,54.64,4.41,50.0,12.11,50.0,2.87,56.54,48.74,19.48,58.27,12.82,44.56,3.59,50.0,12.11,50.0,2.87,50.88,44.46,17.77,62.25,13.69,39.56,3.19,50.0,12.11,50.0,2.87,49.64,37.0,14.79,58.27,12.82,29.83,2.41,50.0,12.11,50.0,2.87,45.0
202609070907,2026-09-07,09,7R,realtime,67.29,26.9,56.28,12.38,50.0,4.03,54.15,13.12,37.9,2.18,58.6,52.24,20.88,52.31,11.5,52.39,4.23,45.87,11.11,64.38,3.7,51.42,49.94,19.96,78.16,17.19,54.64,4.41,47.4,11.48,41.63,2.39,55.43,48.74,19.48,58.27,12.82,44.56,3.59,43.92,10.64,58.18,3.34,49.87,44.46,17.77,62.25,13.69,39.56,3.19,47.13,11.42,56.83,3.26,49.33,37.0,14.79,58.27,12.82,29.83,2.41,61.58,14.92,41.14,2.36,47.29
202609070908,2026-09-07,09,8R,daily,67.29,26.9,78.16,17.19,48.6,3.92,50.0,12.11,50.0,2.87,62.99,52.24,20.88,66.23,14.56,41.06,3.31,50.0,12.11,50.0,2.87,53.74,49.94,19.96,54.3,11.94,62.78,5.06,50.0,12.11,50.0,2.87,51.95,48.74,19.48,68.21,15.0,63.48,5.12,50.0,12.11,50.0,2.87,54.59,44.46,17.77,54.3,11.94,27.7,2.23,50.0,12.11,50.0,2.87,46.93,37.0,14.79,60.26,13.25,57.21,4.61,50.0,12.11,50.0,2.87,47.64
202609070908,2026-09-07,09,8R,realtime,67.29,26.9,78.16,17.19,48.6,3.92,43.87,10.63,37.9,2.18,60.81,52.24,20.88,66.23,14.56,41.06,3.31,51.61,12.5,64.38,3.7,54.96,49.94,19.96,54.3,11.94,62.78,5.06,63.25,15.32,41.63,2.39,54.68,48.74,19.48,68.21,15.0,63.48,5.12,48.27,11.7,58.18,3.34,54.64,44.46,17.77,54.3,11.94,27.7,2.23,47.84,11.59,56.83,3.26,46.8,37.0,14.79,60.26,13.25,57.21,4.61,45.23,10.96,41.14,2.36,45.98
202609070909,2026-09-07,09,9R,daily,67.29,26.9,78.16,17.19,59.5,4.8,50.0,12.11,50.0,2.87,63.87,52.24,20.88,56.28,12.38,35.45,2.86,50.0,12.11,50.0,2.87,51.1,49.94,19.96,50.32,11.07,39.67,3.2,50.0,12.11,50.0,2.87,49.21,48.74,19.48,90.09,19.81,39.0,3.15,50.0,12.11,50.0,2.87,57.43,44.46,17.77,78.16,17.19,54.8,4.42,50.0,12.11,50.0,2.87,54.36,37.0,14.79,64.24,14.13,53.46,4.31,50.0,12.11,50.0,2.87,48.21
202609070909,2026-09-07,09,9R,realtime,67.29,26.9,78.16,17.19,59.5,4.8,65.51,15.87,37.9,2.18,66.93,52.24,20.88,56.28,12.38,35.45,2.86,52.05,12.61,64.38,3.7,52.43,49.94,19.96,50.32,11.07,39.67,3.2,57.39,13.9,41.63,2.39,50.52,48.74,19.48,90.09,19.81,39.0,3.15,45.98,11.14,58.18,3.34,56.92,44.46,17.77,78.16,17.19,54.8,4.42,42.38,10.27,56.83,3.26,52.91,37.0,14.79,64.24,14.13,53.46,4.31,36.77,8.91,41.14,2.36,44.5
202609070910,2026-09-07,09,10R,daily,67.29,26.9,84.12,18.5,54.73,4.41,50.0,12.11,50.0,2.87,64.8,52.24,20.88,86.11,18.94,57.15,4.61,50.0,12.11,50.0,2.87,59.41,49.94,19.96,62.25,13.69,57.0,4.6,50.0,12.11,50.0,2.87,53.24,48.74,19.48,56.28,12.38,61.37,4.95,50.0,12.11,50.0,2.87,51.8,44.46,17.77,70.2,15.44,46.23,3.73,50.0,12.11,50.0,2.87,51.92,37.0,14.79,58.27,12.82,47.21,3.81,50.0,12.11,50.0,2.87,46.4
202609070910,2026-09-07,09,10R,realtime,67.29,26.9,84.12,18.5,54.73,4.41,67.46,16.34,45.71,2.62,68.78,52.24,20.88,86.11,18.94,57.15,4.61,47.41,11.49,63.9,3.67,59.58,49.94,19.96,62.25,13.69,57.0,4.6,46.41,11.24,41.01,2.35,51.85,48.74,19.48,56.28,12.38,61.37,4.95,43.08,10.44,58.1,3.34,50.58,44.46,17.77,70.2,15.44,46.23,3.73,49.03,11.88,51.09,2.93,51.75,37.0,14.79,58.27,12.82,47.21,3.81,46.68,11.31,40.24,2.31,45.03
202609070911,2026-09-07,09,11R,daily,67.29,26.9,80.14,17.63,58.13,4.69,50.0,12.11,50.0,2.87,64.2,52.24,20.88,54.3,11.94,51.49,4.15,50.0,12.11,50.0,2.87,51.96,49.94,19.96,60.26,13.25,57.94,4.67,50.0,12.11,50.0,2.87,52.87,48.74,19.48,52.31,11.5,49.2,3.97,50.0,12.11,50.0,2.87,49.94,44.46,17.77,58.27,12.82,62.79,5.06,50.0,12.11,50.0,2.87,50.64,37.0,14.79,76.17,16.75,57.83,4.66,50.0,12.11,50.0,2.87,51.19
202609070911,2026-09-07,09,11R,realtime,67.29,26.9,80.14,17.63,58.13,4.69,62.77,15.21,45.71,2.62,67.04,52.24,20.88,54.3,11.94,51.49,4.15,42.18,10.22,63.9,3.67,50.86,49.94,19.96,60.26,13.25,57.94,4.67,39.98,9.69,41.01,2.35,49.93,48.74,19.48,52.31,11.5,49.2,3.97,60.4,14.63,58.1,3.34,52.93,37.0,14.79,58.27,12.82,62.79,5.06,51.18,12.4,40.24,2.31,47.38,44.46,17.77,76.17,16.75,57.83,4.66,43.58,10.56,51.09,2.93,52.68
202609070912,2026-09-07,09,12R,daily,67.29,26.9,76.17,16.75,60.93,4.91,50.0,12.11,50.0,2.87,63.55,52.24,20.88,60.26,13.25,52.99,4.27,50.0,12.11,50.0,2.87,53.39,49.94,19.96,72.19,15.88,41.84,3.37,50.0,12.11,50.0,2.87,54.2,48.74,19.48,56.28,12.38,66.2,5.34,50.0,12.11,50.0,2.87,52.19,44.46,17.77,54.3,11.94,43.18,3.48,50.0,12.11,50.0,2.87,48.18,37.0,14.79,74.18,16.31,59.43,4.79,50.0,12.11,50.0,2.87,50.88
202609070912,2026-09-07,09,12R,realtime,67.29,26.9,76.17,16.75,60.93,4.91,67.6,16.38,45.71,2.62,67.57,52.24,20.88,60.26,13.25,52.99,4.27,48.22,11.68,63.9,3.67,53.76,49.94,19.96,72.19,15.88,41.84,3.37,34.09,8.26,41.01,2.35,49.83,48.74,19.48,56.28,12.38,66.2,5.34,39.89,9.66,58.1,3.34,50.2,44.46,17.77,54.3,11.94,43.18,3.48,54.31,13.16,51.09,2.93,49.29,37.0,14.79,74.18,16.31,59.43,4.79,55.96,13.56,40.24,2.31,51.77
202609071001,2026-09-07,10,1R,daily,66.67,25.75,52.82,15.2,39.17,3.41,50.0,8.44,50.0,3.5,56.31,52.63,20.32,42.13,12.12,42.25,3.68,50.0,8.44,50.0,3.5,48.08,52.81,20.4,50.15,14.43,34.99,3.05,50.0,8.44,50.0,3.5,49.82,47.3,18.27,47.48,13.66,46.38,4.04,50.0,8.44,50.0,3.5,47.91,43.92,16.96,47.48,13.66,58.98,5.14,50.0,8.44,50.0,3.5,47.71,36.48,14.09,44.8,12.89,55.41,4.83,50.0,8.44,50.0,3.5,43.76
202609071001,2026-09-07,10,1R,realtime,66.67,25.75,52.82,15.2,39.17,3.41,49.64,8.38,39.87,2.79,55.54,52.63,20.32,42.13,12.12,42.25,3.68,55.72,9.41,49.27,3.45,48.99,52.81,20.4,50.15,14.43,34.99,3.05,64.76,10.94,69.06,4.84,53.65,47.3,18.27,47.48,13.66,46.38,4.04,45.76,7.73,55.47,3.88,47.58,43.92,16.96,47.48,13.66,58.98,5.14,35.43,5.98,44.14,3.09,44.84,36.48,14.09,44.8,12.89,55.41,4.83,48.79,8.24,42.19,2.95,43.01
202609071002,2026-09-07,10,2R,daily,66.67,25.75,68.84,19.81,35.28,3.08,50.0,8.44,50.0,3.5,60.58,52.63,20.32,52.82,15.2,38.6,3.36,50.0,8.44,50.0,3.5,50.83,52.81,20.4,42.13,12.12,50.65,4.42,50.0,8.44,50.0,3.5,48.88,47.3,18.27,44.8,12.89,64.52,5.62,50.0,8.44,50.0,3.5,48.73,43.92,16.96,44.8,12.89,53.5,4.66,50.0,8.44,50.0,3.5,46.46,36.48,14.09,44.8,12.89,50.02,4.36,50.0,8.44,50.0,3.5,43.29
202609071002,2026-09-07,10,2R,realtime,66.67,25.75,68.84,19.81,35.28,3.08,55.67,9.4,39.87,2.79,60.83,52.63,20.32,52.82,15.2,38.6,3.36,64.99,10.98,49.27,3.45,53.31,52.81,20.4,42.13,12.12,50.65,4.42,38.34,6.47,69.06,4.84,48.24,47.3,18.27,44.8,12.89,64.52,5.62,49.35,8.34,55.47,3.88,49.0,43.92,16.96,44.8,12.89,53.5,4.66,48.74,8.23,44.14,3.09,45.84,36.48,14.09,44.8,12.89,50.02,4.36,42.98,7.26,42.19,2.95,41.55
202609071003,2026-09-07,10,3R,daily,66.67,25.75,50.15,14.43,52.5,4.58,50.0,8.44,50.0,3.5,56.7,52.63,20.32,42.13,12.12,36.18,3.15,50.0,8.44,50.0,3.5,47.55,52.81,20.4,76.86,22.11,51.73,4.51,50.0,8.44,50.0,3.5,58.96,47.3,18.27,50.15,14.43,52.48,4.57,50.0,8.44,50.0,3.5,49.21,43.92,16.96,47.48,13.66,54.9,4.79,50.0,8.44,50.0,3.5,47.35,36.48,14.09,26.11,7.51,39.92,3.48,50.0,8.44,50.0,3.5,37.03
202609071003,2026-09-07,10,3R,realtime,66.67,25.75,50.15,14.43,52.5,4.58,35.76,6.04,38.67,2.71,53.5,52.63,20.32,42.13,12.12,36.18,3.15,48.72,8.23,50.59,3.54,47.37,52.81,20.4,76.86,22.11,51.73,4.51,69.36,11.71,71.63,5.02,63.75,47.3,18.27,50.15,14.43,52.48,4.57,46.69,7.89,52.13,3.65,48.8,43.92,16.96,47.48,13.66,54.9,4.79,45.26,7.64,43.24,3.03,46.08,36.48,14.09,26.11,7.51,39.92,3.48,54.31,9.17,43.74,3.06,37.32
202609071004,2026-09-07,10,4R,daily,66.67,25.75,52.82,15.2,48.67,4.24,50.0,8.44,50.0,3.5,57.13,52.63,20.32,42.13,12.12,29.37,2.56,50.0,8.44,50.0,3.5,46.95,52.81,20.4,44.8,12.89,45.67,3.98,50.0,8.44,50.0,3.5,49.21,47.3,18.27,52.82,15.2,44.89,3.91,50.0,8.44,50.0,3.5,49.32,43.92,16.96,87.54,25.19,54.68,4.77,50.0,8.44,50.0,3.5,58.86,36.48,14.09,44.8,12.89,47.84,4.17,50.0,8.44,50.0,3.5,43.1
202609071004,2026-09-07,10,4R,realtime,66.67,25.75,52.82,15.2,48.67,4.24,62.79,10.6,38.67,2.71,58.5,52.63,20.32,42.13,12.12,29.37,2.56,27.66,4.67,50.59,3.54,43.22,52.81,20.4,44.8,12.89,45.67,3.98,56.15,9.48,71.63,5.02,51.77,47.3,18.27,52.82,15.2,44.89,3.91,58.67,9.91,52.13,3.65,50.93,43.92,16.96,87.54,25.19,54.68,4.77,52.35,8.84,43.24,3.03,58.79,36.48,14.09,44.8,12.89,47.84,4.17,42.46,7.17,43.74,3.06,41.38
202609071005,2026-09-07,10,5R,daily,66.67,25.75,47.48,13.66,55.13,4.81,50.0,8.44,50.0,3.5,56.16,52.63,20.32,44.8,12.89,51.32,4.47,50.0,8.44,50.0,3.5,49.64,52.81,20.4,47.48,13.66,46.26,4.03,50.0,8.44,50.0,3.5,50.03,47.3,18.27,44.8,12.89,50.82,4.43,50.0,8.44,50.0,3.5,47.53,43.92,16.96,60.83,17.5,42.36,3.69,50.0,8.44,50.0,3.5,50.1,36.48,14.09,47.48,13.66,17.96,1.57,50.0,8.44,50.0,3.5,41.26
202609071005,2026-09-07,10,5R,realtime,66.67,25.75,47.48,13.66,55.13,4.81,51.24,8.65,43.43,3.04,55.91,52.63,20.32,44.8,12.89,51.32,4.47,46.53,7.86,46.51,3.26,48.8,52.81,20.4,47.48,13.66,46.26,4.03,68.55,11.58,65.67,4.6,54.26,36.48,14.09,44.8,12.89,50.82,4.43,50.36,8.5,38.65,2.71,42.62,47.3,18.27,60.83,17.5,42.36,3.69,50.63,8.55,60.84,4.26,52.27,43.92,16.96,47.48,13.66,17.96,1.57,32.76,5.53,44.88,3.14,40.86
202609071006,2026-09-07,10,6R,daily,66.67,25.75,44.8,12.89,50.02,4.36,50.0,8.44,50.0,3.5,54.95,52.63,20.32,44.8,12.89,55.41,4.83,50.0,8.44,50.0,3.5,49.99,52.81,20.4,44.8,12.89,61.73,5.38,50.0,8.44,50.0,3.5,50.61,47.3,18.27,60.83,17.5,39.15,3.41,50.0,8.44,50.0,3.5,51.13,43.92,16.96,71.52,20.58,44.69,3.9,50.0,8.44,50.0,3.5,53.38,36.48,14.09,39.46,11.35,37.23,3.25,50.0,8.44,50.0,3.5,40.63
202609071006,2026-09-07,10,6R,realtime,66.67,25.75,44.8,12.89,50.02,4.36,38.82,6.56,48.21,3.38,52.93,52.63,20.32,44.8,12.89,55.41,4.83,58.94,9.95,50.51,3.54,51.54,52.81,20.4,44.8,12.89,61.73,5.38,57.69,9.74,57.96,4.06,52.47,47.3,18.27,60.83,17.5,39.15,3.41,58.42,9.87,58.57,4.1,53.15,43.92,16.96,71.52,20.58,44.69,3.9,49.8,8.41,47.92,3.36,53.2,36.48,14.09,39.46,11.35,37.23,3.25,36.4,6.15,36.82,2.58,37.41
202609071007,2026-09-07,10,7R,daily,66.67,25.75,50.15,14.43,65.6,5.72,50.0,8.44,50.0,3.5,57.84,52.63,20.32,47.48,13.66,58.98,5.14,50.0,8.44,50.0,3.5,51.07,52.81,20.4,44.8,12.89,64.52,5.62,50.0,8.44,50.0,3.5,50.86,47.3,18.27,44.8,12.89,54.24,4.73,50.0,8.44,50.0,3.5,47.83,43.92,16.96,74.19,21.34,60.23,5.25,50.0,8.44,50.0,3.5,55.5,36.48,14.09,47.48,13.66,42.34,3.69,50.0,8.44,50.0,3.5,43.39
202609071007,2026-09-07,10,7R,realtime,66.67,25.75,50.15,14.43,65.6,5.72,59.45,10.04,47.03,3.29,59.23,52.63,20.32,47.48,13.66,58.98,5.14,38.34,6.47,50.63,3.54,49.14,52.81,20.4,44.8,12.89,64.52,5.62,45.33,7.66,56.2,3.93,50.5,47.3,18.27,44.8,12.89,54.24,4.73,38.08,6.43,59.89,4.19,46.51,43.92,16.96,74.19,21.34,60.23,5.25,75.23,12.71,48.99,3.43,59.69,36.48,14.09,47.48,13.66,42.34,3.69,43.65,7.37,37.25,2.61,41.42
202609071008,2026-09-07,10,8R,daily,66.67,25.75,47.48,13.66,55.69,4.85,50.0,8.44,50.0,3.5,56.21,52.63,20.32,44.8,12.89,53.5,4.66,50.0,8.44,50.0,3.5,49.83,52.81,20.4,42.13,12.12,43.7,3.81,50.0,8.44,50.0,3.5,48.27,47.3,18.27,44.8,12.89,54.08,4.71,50.0,8.44,50.0,3.5,47.82,43.92,16.96,42.13,12.12,36.18,3.15,50.0,8.44,50.0,3.5,44.19,36.48,14.09,42.13,12.12,42.25,3.68,50.0,8.44,50.0,3.5,41.84
202609071008,2026-09-07,10,8R,realtime,66.67,25.75,47.48,13.66,55.69,4.85,49.94,8.43,49.43,3.46,56.16,52.63,20.32,44.8,12.89,53.5,4.66,56.79,9.59,56.06,3.93,51.4,52.81,20.4,42.13,12.12,43.7,3.81,43.99,7.43,49.3,3.45,47.21,47.3,18.27,44.8,12.89,54.08,4.71,52.35,8.84,55.59,3.89,48.61,43.92,16.96,42.13,12.12,36.18,3.15,62.09,10.49,52.19,3.65,46.38,36.48,14.09,42.13,12.12,42.25,3.68,34.91,5.9,37.4,2.62,38.41
202609071009,2026-09-07,10,9R,daily,66.67,25.75,47.48,13.66,38.78,3.38,50.0,8.44,50.0,3.5,54.73,52.63,20.32,47.48,13.66,54.9,4.79,50.0,8.44,50.0,3.5,50.72,52.81,20.4,42.13,12.12,38.1,3.32,50.0,8.44,50.0,3.5,47.79,47.3,18.27,47.48,13.66,41.35,3.6,50.0,8.44,50.0,3.5,47.48,43.92,16.96,44.8,12.89,51.32,4.47,50.0,8.44,50.0,3.5,46.27,36.48,14.09,42.13,12.12,29.37,2.56,50.0,8.44,50.0,3.5,40.72
202609071009,2026-09-07,10,9R,realtime,66.67,25.75,47.48,13.66,38.78,3.38,64.68,10.92,47.03,3.29,57.01,52.63,20.32,47.48,13.66,54.9,4.79,57.94,9.78,50.63,3.54,52.1,52.81,20.4,42.13,12.12,38.1,3.32,52.92,8.94,56.2,3.93,48.71,47.3,18.27,47.48,13.66,41.35,3.6,49.45,8.35,59.89,4.19,48.08,43.92,16.96,44.8,12.89,51.32,4.47,44.4,7.5,48.99,3.43,45.26,36.48,14.09,42.13,12.12,29.37,2.56,30.68,5.18,37.25,2.61,36.56
202609071010,2026-09-07,10,10R,daily,66.67,25.75,60.83,17.5,39.15,3.41,50.0,8.44,50.0,3.5,58.61,52.63,20.32,60.83,17.5,42.36,3.69,50.0,8.44,50.0,3.5,53.46,52.81,20.4,52.82,15.2,44.89,3.91,50.0,8.44,50.0,3.5,51.45,47.3,18.27,50.15,14.43,34.99,3.05,50.0,8.44,50.0,3.5,47.69,43.92,16.96,52.82,15.2,39.17,3.41,50.0,8.44,50.0,3.5,47.52,36.48,14.09,50.15,14.43,52.5,4.58,50.0,8.44,50.0,3.5,45.04
202609071010,2026-09-07,10,10R,realtime,66.67,25.75,60.83,17.5,39.15,3.41,61.99,10.47,47.03,3.29,60.43,52.63,20.32,60.83,17.5,42.36,3.69,58.49,9.88,50.63,3.54,54.94,52.81,20.4,52.82,15.2,44.89,3.91,48.74,8.23,56.2,3.93,51.67,47.3,18.27,50.15,14.43,34.99,3.05,59.83,10.1,59.89,4.19,50.04,43.92,16.96,52.82,15.2,39.17,3.41,36.31,6.13,48.99,3.43,45.14,36.48,14.09,50.15,14.43,52.5,4.58,34.71,5.86,37.25,2.61,41.56
202609071011,2026-09-07,10,11R,daily,66.67,25.75,71.52,20.58,44.69,3.9,50.0,8.44,50.0,3.5,62.17,52.63,20.32,87.54,25.19,54.68,4.77,50.0,8.44,50.0,3.5,62.22,52.81,20.4,44.8,12.89,50.82,4.43,50.0,8.44,50.0,3.5,49.66,47.3,18.27,76.86,22.11,51.73,4.51,50.0,8.44,50.0,3.5,56.83,43.92,16.96,50.15,14.43,65.6,5.72,50.0,8.44,50.0,3.5,49.06,36.48,14.09,68.84,19.81,35.28,3.08,50.0,8.44,50.0,3.5,48.92
202609071011,2026-09-07,10,11R,realtime,66.67,25.75,71.52,20.58,44.69,3.9,44.81,7.57,49.43,3.46,61.25,52.63,20.32,87.54,25.19,54.68,4.77,43.54,7.35,56.06,3.93,61.56,52.81,20.4,44.8,12.89,50.82,4.43,46.06,7.78,49.3,3.45,48.95,47.3,18.27,76.86,22.11,51.73,4.51,68.6,11.58,55.59,3.89,60.37,43.92,16.96,50.15,14.43,65.6,5.72,48.22,8.14,52.19,3.65,48.91,36.48,14.09,68.84,19.81,35.28,3.08,48.87,8.25,37.4,2.62,47.84
202609071012,2026-09-07,10,12R,daily,66.67,25.75,74.19,21.34,60.23,5.25,50.0,8.44,50.0,3.5,64.29,52.63,20.32,50.15,14.43,52.48,4.57,50.0,8.44,50.0,3.5,51.27,52.81,20.4,44.8,12.89,54.24,4.73,50.0,8.44,50.0,3.5,49.96,47.3,18.27,52.82,15.2,38.6,3.36,50.0,8.44,50.0,3.5,48.77,43.92,16.96,52.82,15.2,48.67,4.24,50.0,8.44,50.0,3.5,48.35,36.48,14.09,47.48,13.66,55.69,4.85,50.0,8.44,50.0,3.5,44.55
202609071012,2026-09-07,10,12R,realtime,66.67,25.75,74.19,21.34,60.23,5.25,69.07,11.66,48.26,3.38,67.39,52.63,20.32,50.15,14.43,52.48,4.57,50.6,8.55,56.18,3.93,51.81,52.81,20.4,44.8,12.89,54.24,4.73,33.78,5.7,47.54,3.33,47.05,47.3,18.27,52.82,15.2,38.6,3.36,47.78,8.07,56.91,3.98,48.88,43.92,16.96,52.82,15.2,48.67,4.24,56.62,9.56,53.25,3.73,49.69,36.48,14.09,47.48,13.66,55.69,4.85,42.25,7.13,37.84,2.65,42.39
202609071101,2026-09-07,11,1R,daily,68.13,28.67,40.11,8.73,38.66,3.81,50.0,9.74,50.0,3.42,54.36,51.22,21.56,40.11,8.73,50.23,4.95,50.0,9.74,50.0,3.42,48.38,51.69,21.75,50.03,10.89,53.35,5.26,50.0,9.74,50.0,3.42,51.05,48.72,20.5,52.02,11.32,48.27,4.76,50.0,9.74,50.0,3.42,49.73,43.15,18.16,40.11,8.73,48.22,4.75,50.0,9.74,50.0,3.42,44.79,37.34,15.72,40.11,8.73,28.28,2.79,50.0,9.74,50.0,3.42,40.38
202609071101,2026-09-07,11,1R,realtime,68.13,28.67,40.11,8.73,38.66,3.81,38.16,7.43,66.88,4.57,53.21,51.22,21.56,40.11,8.73,50.23,4.95,54.69,10.65,34.77,2.38,48.26,51.69,21.75,50.03,10.89,53.35,5.26,44.19,8.61,65.79,4.5,51.0,48.72,20.5,52.02,11.32,48.27,4.76,57.67,11.23,37.63,2.57,50.38,43.15,18.16,40.11,8.73,48.22,4.75,59.98,11.68,47.05,3.22,46.53,37.34,15.72,40.11,8.73,28.28,2.79,45.31,8.82,47.76,3.26,39.31
202609071102,2026-09-07,11,2R,daily,68.13,28.67,50.03,10.89,52.47,5.17,50.0,9.74,50.0,3.42,57.88,51.22,21.56,44.08,9.59,56.37,5.55,50.0,9.74,50.0,3.42,49.85,51.69,21.75,42.1,9.16,46.34,4.57,50.0,9.74,50.0,3.42,48.63,48.72,20.5,38.13,8.3,54.54,5.37,50.0,9.74,50.0,3.42,47.33,43.15,18.16,34.16,7.43,43.36,4.27,50.0,9.74,50.0,3.42,43.02,37.34,15.72,48.05,10.45,50.8,5.01,50.0,9.74,50.0,3.42,44.33
202609071102,2026-09-07,11,2R,realtime,68.13,28.67,50.03,10.89,52.47,5.17,64.8,12.62,67.36,4.6,61.95,51.22,21.56,44.08,9.59,56.37,5.55,49.46,9.63,36.2,2.47,48.81,51.69,21.75,42.1,9.16,46.34,4.57,39.13,7.62,62.21,4.25,47.35,48.72,20.5,38.13,8.3,54.54,5.37,42.99,8.37,40.52,2.77,45.31,37.34,15.72,34.16,7.43,43.36,4.27,65.8,12.81,46.4,3.17,43.4,43.15,18.16,48.05,10.45,50.8,5.01,37.81,7.36,47.19,3.22,44.21
202609071103,2026-09-07,11,3R,daily,68.13,28.67,46.07,10.02,33.75,3.33,50.0,9.74,50.0,3.42,55.17,51.22,21.56,46.07,10.02,52.23,5.15,50.0,9.74,50.0,3.42,49.88,51.69,21.75,44.08,9.59,59.34,5.85,50.0,9.74,50.0,3.42,50.34,48.72,20.5,52.02,11.32,48.55,4.78,50.0,9.74,50.0,3.42,49.76,43.15,18.16,42.1,9.16,43.23,4.26,50.0,9.74,50.0,3.42,44.73,37.34,15.72,46.07,10.02,57.92,5.71,50.0,9.74,50.0,3.42,44.6
202609071103,2026-09-07,11,3R,realtime,68.13,28.67,46.07,10.02,33.75,3.33,62.05,12.08,67.49,4.61,58.72,51.22,21.56,46.07,10.02,52.23,5.15,56.02,10.91,37.13,2.54,50.17,51.69,21.75,44.08,9.59,59.34,5.85,49.39,9.62,61.97,4.23,51.04,48.72,20.5,52.02,11.32,48.55,4.78,50.43,9.82,43.48,2.97,49.4,43.15,18.16,42.1,9.16,43.23,4.26,37.57,7.32,46.73,3.19,42.09,37.34,15.72,46.07,10.02,57.92,5.71,44.54,8.67,43.08,2.94,43.06
202609071104,2026-09-07,11,4R,daily,68.13,28.67,42.1,9.16,53.04,5.23,50.0,9.74,50.0,3.42,56.21,51.22,21.56,48.05,10.45,39.54,3.9,50.0,9.74,50.0,3.42,49.06,51.69,21.75,44.08,9.59,47.36,4.67,50.0,9.74,50.0,3.42,49.16,48.72,20.5,34.16,7.43,31.59,3.11,50.0,9.74,50.0,3.42,44.2,43.15,18.16,48.05,10.45,56.91,5.61,50.0,9.74,50.0,3.42,47.37,37.34,15.72,42.1,9.16,60.73,5.98,50.0,9.74,50.0,3.42,44.01
202609071104,2026-09-07,11,4R,realtime,68.13,28.67,42.1,9.16,53.04,5.23,68.57,13.35,67.33,4.6,61.01,51.22,21.56,48.05,10.45,39.54,3.9,46.82,9.12,41.84,2.86,47.88,51.69,21.75,44.08,9.59,47.36,4.67,54.52,10.62,60.45,4.13,50.76,48.72,20.5,34.16,7.43,31.59,3.11,38.04,7.41,46.08,3.15,41.6,43.15,18.16,48.05,10.45,56.91,5.61,51.72,10.07,44.79,3.06,47.35,37.34,15.72,42.1,9.16,60.73,5.98,40.33,7.85,39.38,2.69,41.4
202609071105,2026-09-07,11,5R,daily,68.13,28.67,52.02,11.32,48.56,4.78,50.0,9.74,50.0,3.42,57.93,51.22,21.56,46.07,10.02,52.67,5.19,50.0,9.74,50.0,3.42,49.92,51.69,21.75,40.11,8.73,45.02,4.44,50.0,9.74,50.0,3.42,48.07,48.72,20.5,40.11,8.73,48.22,4.75,50.0,9.74,50.0,3.42,47.14,43.15,18.16,44.08,9.59,55.42,5.46,50.0,9.74,50.0,3.42,46.36,37.34,15.72,46.07,10.02,65.39,6.44,50.0,9.74,50.0,3.42,45.33
202609071105,2026-09-07,11,5R,realtime,68.13,28.67,52.02,11.32,48.56,4.78,60.31,11.74,67.85,4.64,61.16,51.22,21.56,46.07,10.02,52.67,5.19,46.38,9.03,37.62,2.57,48.37,51.69,21.75,40.11,8.73,45.02,4.44,42.19,8.22,58.63,4.01,47.14,48.72,20.5,40.11,8.73,48.22,4.75,38.25,7.45,43.42,2.97,44.4,43.15,18.16,44.08,9.59,55.42,5.46,49.15,9.57,47.32,3.23,46.01,37.34,15.72,46.07,10.02,65.39,6.44,63.7,12.4,45.04,3.08,47.66
202609071106,2026-09-07,11,6R,daily,68.13,28.67,48.05,10.45,50.55,4.98,50.0,9.74,50.0,3.42,57.26,51.22,21.56,44.08,9.59,46.53,4.58,50.0,9.74,50.0,3.42,48.88,51.69,21.75,55.99,12.18,67.46,6.65,50.0,9.74,50.0,3.42,53.73,48.72,20.5,40.11,8.73,50.23,4.95,50.0,9.74,50.0,3.42,47.33,43.15,18.16,34.16,7.43,60.6,5.97,50.0,9.74,50.0,3.42,44.72,37.34,15.72,46.07,10.02,45.42,4.48,50.0,9.74,50.0,3.42,43.37
202609071106,2026-09-07,11,6R,realtime,68.13,28.67,48.05,10.45,50.55,4.98,61.13,11.9,68.34,4.67,60.68,51.22,21.56,44.08,9.59,46.53,4.58,49.5,9.64,39.04,2.67,48.04,51.69,21.75,55.99,12.18,67.46,6.65,50.8,9.89,55.05,3.76,54.24,48.72,20.5,40.11,8.73,50.23,4.95,43.39,8.45,46.31,3.16,45.8,37.34,15.72,34.16,7.43,60.6,5.97,38.93,7.58,43.68,2.98,39.68,43.15,18.16,46.07,10.02,45.42,4.48,56.28,10.96,47.46,3.24,46.86
202609071107,2026-09-07,11,7R,daily,68.13,28.67,40.11,8.73,53.22,5.24,50.0,9.74,50.0,3.42,55.8,51.22,21.56,52.02,11.32,48.27,4.76,50.0,9.74,50.0,3.42,50.78,51.69,21.75,44.08,9.59,56.37,5.55,50.0,9.74,50.0,3.42,50.05,48.72,20.5,52.02,11.32,59.34,5.85,50.0,9.74,50.0,3.42,50.82,43.15,18.16,40.11,8.73,57.16,5.63,50.0,9.74,50.0,3.42,45.67,37.34,15.72,50.03,10.89,52.49,5.17,50.0,9.74,50.0,3.42,44.93
202609071107,2026-09-07,11,7R,realtime,68.13,28.67,40.11,8.73,53.22,5.24,31.64,6.16,67.85,4.64,53.44,51.22,21.56,52.02,11.32,48.27,4.76,60.07,11.7,37.62,2.57,51.9,51.69,21.75,44.08,9.59,56.37,5.55,49.13,9.57,58.63,4.01,50.47,48.72,20.5,52.02,11.32,59.34,5.85,61.77,12.03,43.42,2.97,52.66,43.15,18.16,40.11,8.73,57.16,5.63,46.25,9.01,47.32,3.23,44.76,37.34,15.72,50.03,10.89,52.49,5.17,51.17,9.96,45.04,3.08,44.81
202609071108,2026-09-07,11,8R,daily,68.13,28.67,42.1,9.16,43.23,4.26,50.0,9.74,50.0,3.42,55.24,51.22,21.56,46.07,10.02,48.15,4.74,50.0,9.74,50.0,3.42,49.47,51.69,21.75,40.11,8.73,38.66,3.81,50.0,9.74,50.0,3.42,47.44,48.72,20.5,34.16,7.43,31.59,3.11,50.0,9.74,50.0,3.42,44.2,43.15,18.16,46.07,10.02,58.49,5.76,50.0,9.74,50.0,3.42,47.1,37.34,15.72,38.13,8.3,45.89,4.52,50.0,9.74,50.0,3.42,41.69
202609071108,2026-09-07,11,8R,realtime,68.13,28.67,42.1,9.16,43.23,4.26,47.86,9.32,39.28,2.68,54.1,51.22,21.56,46.07,10.02,48.15,4.74,51.83,10.09,64.46,4.4,50.82,51.69,21.75,40.11,8.73,38.66,3.81,37.8,7.36,50.19,3.43,45.08,48.72,20.5,34.16,7.43,31.59,3.11,38.35,7.47,46.52,3.18,41.7,43.15,18.16,46.07,10.02,58.49,5.76,73.05,14.23,50.64,3.46,51.63,37.34,15.72,38.13,8.3,45.89,4.52,51.11,9.95,48.77,3.33,41.82
202609071109,2026-09-07,11,9R,daily,68.13,28.67,50.03,10.89,56.76,5.59,50.0,9.74,50.0,3.42,58.3,51.22,21.56,44.08,9.59,45.38,4.47,50.0,9.74,50.0,3.42,48.77,51.69,21.75,42.1,9.16,53.04,5.23,50.0,9.74,50.0,3.42,49.29,48.72,20.5,46.07,10.02,33.75,3.33,50.0,9.74,50.0,3.42,47.0,43.15,18.16,46.07,10.02,52.67,5.19,50.0,9.74,50.0,3.42,46.52,37.34,15.72,50.03,10.89,53.4,5.26,50.0,9.74,50.0,3.42,45.02
202609071109,2026-09-07,11,9R,realtime,68.13,28.67,50.03,10.89,56.76,5.59,68.12,13.26,67.85,4.64,63.05,51.22,21.56,44.08,9.59,45.38,4.47,42.89,8.35,37.62,2.57,46.54,51.69,21.75,42.1,9.16,53.04,5.23,57.95,11.28,58.63,4.01,51.43,48.72,20.5,46.07,10.02,33.75,3.33,42.06,8.19,43.42,2.97,45.01,43.15,18.16,46.07,10.02,52.67,5.19,43.83,8.53,47.32,3.23,45.14,37.34,15.72,50.03,10.89,53.4,5.26,45.15,8.79,45.04,3.08,43.73
202609071110,2026-09-07,11,10R,daily,68.13,28.67,44.08,9.59,47.36,4.67,50.0,9.74,50.0,3.42,56.08,51.22,21.56,44.08,9.59,51.58,5.08,50.0,9.74,50.0,3.42,49.38,51.69,21.75,52.02,11.32,48.56,4.78,50.0,9.74,50.0,3.42,51.01,48.72,20.5,50.03,10.89,39.42,3.88,50.0,9.74,50.0,3.42,48.43,43.15,18.16,44.08,9.59,46.53,4.58,50.0,9.74,50.0,3.42,45.49,37.34,15.72,44.08,9.59,59.34,5.85,50.0,9.74,50.0,3.42,44.31
202609071110,2026-09-07,11,10R,realtime,68.13,28.67,44.08,9.59,47.36,4.67,63.44,12.35,39.28,2.68,57.97,51.22,21.56,44.08,9.59,51.58,5.08,48.24,9.39,64.46,4.4,50.03,51.69,21.75,52.02,11.32,48.56,4.78,43.95,8.56,50.19,3.43,49.84,48.72,20.5,50.03,10.89,39.42,3.88,47.86,9.32,46.52,3.18,47.77,43.15,18.16,44.08,9.59,46.53,4.58,47.71,9.29,50.64,3.46,45.08,37.34,15.72,44.08,9.59,59.34,5.85,48.8,9.5,48.77,3.33,43.99
202609071111,2026-09-07,11,11R,daily,68.13,28.67,52.02,11.32,48.55,4.78,50.0,9.74,50.0,3.42,57.93,51.22,21.56,48.05,10.45,50.55,4.98,50.0,9.74,50.0,3.42,50.14,51.69,21.75,40.11,8.73,53.22,5.24,50.0,9.74,50.0,3.42,48.88,48.72,20.5,50.03,10.89,52.47,5.17,50.0,9.74,50.0,3.42,49.71,43.15,18.16,48.05,10.45,39.54,3.9,50.0,9.74,50.0,3.42,45.66,37.34,15.72,40.11,8.73,45.02,4.44,50.0,9.74,50.0,3.42,42.03
202609071111,2026-09-07,11,11R,realtime,68.13,28.67,52.02,11.32,48.55,4.78,55.39,10.79,67.36,4.6,60.16,51.22,21.56,48.05,10.45,50.55,4.98,47.24,9.2,36.2,2.47,48.66,51.69,21.75,40.11,8.73,53.22,5.24,46.92,9.14,62.21,4.25,49.11,48.72,20.5,50.03,10.89,52.47,5.17,44.96,8.75,40.52,2.77,48.08,43.15,18.16,48.05,10.45,39.54,3.9,50.02,9.74,47.19,3.22,45.47,37.34,15.72,40.11,8.73,45.02,4.44,55.46,10.8,46.4,3.17,42.85
202609071112,2026-09-07,11,12R,daily,68.13,28.67,52.02,11.32,59.34,5.85,50.0,9.74,50.0,3.42,58.99,51.22,21.56,48.05,10.45,50.8,5.01,50.0,9.74,50.0,3.42,50.17,51.69,21.75,42.1,9.16,60.73,5.98,50.0,9.74,50.0,3.42,50.05,48.72,20.5,46.07,10.02,48.15,4.74,50.0,9.74,50.0,3.42,48.42,43.15,18.16,50.03,10.89,53.35,5.26,50.0,9.74,50.0,3.42,47.45,37.34,15.72,46.07,10.02,52.23,5.15,50.0,9.74,50.0,3.42,44.04
202609071112,2026-09-07,11,12R,realtime,68.13,28.67,52.02,11.32,59.34,5.85,68.83,13.4,67.36,4.6,63.84,51.22,21.56,48.05,10.45,50.8,5.01,50.68,9.87,36.2,2.47,49.36,51.69,21.75,42.1,9.16,60.73,5.98,52.14,10.15,62.21,4.25,51.3,48.72,20.5,46.07,10.02,48.15,4.74,40.82,7.95,40.52,2.77,45.99,43.15,18.16,50.03,10.89,53.35,5.26,46.14,8.98,47.19,3.22,46.51,37.34,15.72,46.07,10.02,52.23,5.15,41.39,8.06,46.4,3.17,42.11
202609071301,2026-09-07,13,1R,daily,69.29,27.07,44.03,9.34,50.97,4.99,50.0,12.01,50.0,2.96,56.36,51.43,20.09,44.03,9.34,49.08,4.8,50.0,12.01,50.0,2.96,49.2,52.22,20.4,49.5,10.5,42.86,4.19,50.0,12.01,50.0,2.96,50.06,48.19,18.83,44.03,9.34,54.69,5.35,50.0,12.01,50.0,2.96,48.49,42.82,16.73,42.2,8.95,59.57,5.83,50.0,12.01,50.0,2.96,46.48,36.43,14.23,36.73,7.79,73.03,7.14,50.0,12.01,50.0,2.96,44.13
202609071301,2026-09-07,13,1R,realtime,69.29,27.07,44.03,9.34,50.97,4.99,58.33,14.01,66.66,3.95,59.35,51.43,20.09,44.03,9.34,49.08,4.8,57.44,13.8,46.46,2.75,50.78,52.22,20.4,49.5,10.5,42.86,4.19,53.44,12.83,33.48,1.98,49.91,48.19,18.83,44.03,9.34,54.69,5.35,52.89,12.7,46.22,2.74,48.96,42.82,16.73,42.2,8.95,59.57,5.83,27.89,6.7,60.46,3.58,41.79,36.43,14.23,36.73,7.79,73.03,7.14,49.98,12.0,46.62,2.76,43.93
202609071302,2026-09-07,13,2R,daily,69.29,27.07,42.2,8.95,52.56,5.14,50.0,12.01,50.0,2.96,56.13,51.43,20.09,49.5,10.5,41.76,4.09,50.0,12.01,50.0,2.96,49.65,52.22,20.4,47.68,10.11,61.43,6.01,50.0,12.01,50.0,2.96,51.49,48.19,18.83,44.03,9.34,58.55,5.73,50.0,12.01,50.0,2.96,48.86,42.82,16.73,44.03,9.34,37.6,3.68,50.0,12.01,50.0,2.96,44.72,36.43,14.23,45.85,9.73,31.27,3.06,50.0,12.01,50.0,2.96,41.99
202609071302,2026-09-07,13,2R,realtime,69.29,27.07,42.2,8.95,52.56,5.14,57.73,13.86,66.66,3.95,58.97,51.43,20.09,49.5,10.5,41.76,4.09,42.93,10.31,46.46,2.75,47.74,52.22,20.4,47.68,10.11,61.43,6.01,59.81,14.36,33.48,1.98,52.87,48.19,18.83,44.03,9.34,58.55,5.73,53.76,12.91,46.22,2.74,49.54,42.82,16.73,44.03,9.34,37.6,3.68,37.16,8.92,60.46,3.58,42.25,36.43,14.23,45.85,9.73,31.27,3.06,48.58,11.67,46.62,2.76,41.44
202609071303,2026-09-07,13,3R,daily,69.29,27.07,44.03,9.34,41.63,4.07,50.0,12.01,50.0,2.96,55.45,51.43,20.09,56.8,12.05,59.68,5.84,50.0,12.01,50.0,2.96,52.95,52.22,20.4,45.85,9.73,49.26,4.82,50.0,12.01,50.0,2.96,49.91,48.19,18.83,62.28,13.21,63.63,6.23,50.0,12.01,50.0,2.96,53.23,42.82,16.73,42.2,8.95,53.04,5.19,50.0,12.01,50.0,2.96,45.84,36.43,14.23,33.07,7.02,39.0,3.82,50.0,12.01,50.0,2.96,40.03
202609071303,2026-09-07,13,3R,realtime,69.29,27.07,44.03,9.34,41.63,4.07,52.82,12.68,69.82,4.13,57.3,51.43,20.09,56.8,12.05,59.68,5.84,47.23,11.34,43.39,2.57,51.89,52.22,20.4,45.85,9.73,49.26,4.82,45.42,10.91,32.62,1.93,47.79,48.19,18.83,62.28,13.21,63.63,6.23,63.65,15.29,43.87,2.6,56.15,42.82,16.73,42.2,8.95,53.04,5.19,60.03,14.42,61.41,3.63,48.92,36.43,14.23,33.07,7.02,39.0,3.82,30.81,7.4,48.81,2.89,35.35
202609071304,2026-09-07,13,4R,daily,69.29,27.07,44.03,9.34,38.3,3.75,50.0,12.01,50.0,2.96,55.13,51.43,20.09,49.5,10.5,50.69,4.96,50.0,12.01,50.0,2.96,50.52,52.22,20.4,45.85,9.73,35.38,3.46,50.0,12.01,50.0,2.96,48.56,48.19,18.83,45.85,9.73,53.98,5.28,50.0,12.01,50.0,2.96,48.8,42.82,16.73,49.5,10.5,36.82,3.6,50.0,12.01,50.0,2.96,45.8,36.43,14.23,45.85,9.73,60.19,5.89,50.0,12.01,50.0,2.96,44.81
202609071304,2026-09-07,13,4R,realtime,69.29,27.07,44.03,9.34,38.3,3.75,58.95,14.16,69.82,4.13,58.45,51.43,20.09,49.5,10.5,50.69,4.96,59.18,14.21,43.39,2.57,52.33,52.22,20.4,45.85,9.73,35.38,3.46,32.15,7.72,32.62,1.93,43.24,48.19,18.83,45.85,9.73,53.98,5.28,44.87,10.78,43.87,2.6,47.21,42.82,16.73,49.5,10.5,36.82,3.6,52.57,12.63,61.41,3.63,47.09,36.43,14.23,45.85,9.73,60.19,5.89,52.26,12.55,48.81,2.89,45.29
202609071305,2026-09-07,13,5R,daily,69.29,27.07,45.85,9.73,58.07,5.68,50.0,12.01,50.0,2.96,57.45,51.43,20.09,53.15,11.28,45.93,4.49,50.0,12.01,50.0,2.96,50.83,52.22,20.4,45.85,9.73,62.13,6.08,50.0,12.01,50.0,2.96,51.17,48.19,18.83,47.68,10.11,64.6,6.32,50.0,12.01,50.0,2.96,50.23,42.82,16.73,44.03,9.34,49.84,4.88,50.0,12.01,50.0,2.96,45.91,36.43,14.23,44.03,9.34,66.14,6.47,50.0,12.01,50.0,2.96,45.01
202609071305,2026-09-07,13,5R,realtime,69.29,27.07,45.85,9.73,58.07,5.68,50.68,12.17,63.09,3.73,58.38,51.43,20.09,53.15,11.28,45.93,4.49,62.34,14.97,60.51,3.58,54.41,52.22,20.4,45.85,9.73,62.13,6.08,55.69,13.37,29.95,1.77,51.35,48.19,18.83,47.68,10.11,64.6,6.32,28.84,6.93,33.87,2.0,44.19,42.82,16.73,44.03,9.34,49.84,4.88,55.15,13.24,63.88,3.78,47.97,36.43,14.23,44.03,9.34,66.14,6.47,47.26,11.35,48.59,2.88,44.27
202609071306,2026-09-07,13,6R,daily,69.29,27.07,53.15,11.28,56.49,5.53,50.0,12.01,50.0,2.96,58.84,51.43,20.09,42.2,8.95,59.5,5.82,50.0,12.01,50.0,2.96,49.83,52.22,20.4,44.03,9.34,63.11,6.17,50.0,12.01,50.0,2.96,50.88,48.19,18.83,51.33,10.89,43.3,4.24,50.0,12.01,50.0,2.96,48.92,42.82,16.73,42.2,8.95,38.11,3.73,50.0,12.01,50.0,2.96,44.38,36.43,14.23,45.85,9.73,29.42,2.88,50.0,12.01,50.0,2.96,41.8
202609071306,2026-09-07,13,6R,realtime,69.29,27.07,53.15,11.28,56.49,5.53,69.18,16.61,64.15,3.8,64.28,51.43,20.09,42.2,8.95,59.5,5.82,40.5,9.73,46.06,2.73,47.32,52.22,20.4,44.03,9.34,63.11,6.17,50.94,12.23,35.68,2.11,50.26,48.19,18.83,51.33,10.89,43.3,4.24,58.81,14.12,47.02,2.78,50.86,42.82,16.73,42.2,8.95,38.11,3.73,48.35,11.61,60.05,3.55,44.58,36.43,14.23,45.85,9.73,29.42,2.88,32.2,7.73,46.93,2.78,37.35
202609071307,2026-09-07,13,7R,daily,69.29,27.07,47.68,10.11,27.55,2.69,50.0,12.01,50.0,2.96,54.85,51.43,20.09,54.98,11.66,64.69,6.33,50.0,12.01,50.0,2.96,53.05,52.22,20.4,45.85,9.73,31.27,3.06,50.0,12.01,50.0,2.96,48.15,48.19,18.83,49.5,10.5,46.45,4.54,50.0,12.01,50.0,2.96,48.84,42.82,16.73,49.5,10.5,44.75,4.38,50.0,12.01,50.0,2.96,46.58,36.43,14.23,44.03,9.34,49.08,4.8,50.0,12.01,50.0,2.96,43.34
202609071307,2026-09-07,13,7R,realtime,69.29,27.07,47.68,10.11,27.55,2.7,55.18,13.25,65.16,3.86,56.99,52.22,20.4,54.98,11.66,64.69,6.33,62.27,14.96,34.81,2.06,55.41,48.19,18.83,45.85,9.73,31.27,3.06,51.05,12.26,46.7,2.76,46.64,51.43,20.09,49.5,10.5,46.45,4.54,41.96,10.08,46.22,2.74,47.95,42.82,16.73,49.5,10.5,44.75,4.38,42.57,10.22,60.21,3.56,45.4,36.43,14.23,44.03,9.34,49.08,4.8,46.93,11.27,46.81,2.77,42.41
202609071308,2026-09-07,13,8R,daily,69.29,27.07,44.03,9.34,58.55,5.73,50.0,12.01,50.0,2.96,57.11,51.43,20.09,45.85,9.73,41.64,4.07,50.0,12.01,50.0,2.96,48.86,52.22,20.4,54.98,11.66,57.42,5.62,50.0,12.01,50.0,2.96,52.65,48.19,18.83,49.5,10.5,47.01,4.6,50.0,12.01,50.0,2.96,48.9,42.82,16.73,44.03,9.34,50.97,4.99,50.0,12.01,50.0,2.96,46.02,36.43,14.23,45.85,9.73,49.26,4.82,50.0,12.01,50.0,2.96,43.75
202609071308,2026-09-07,13,8R,realtime,69.29,27.07,44.03,9.34,58.55,5.73,55.25,13.27,65.66,3.89,59.29,51.43,20.09,45.85,9.73,41.64,4.07,52.68,12.65,46.3,2.74,49.28,52.22,20.4,54.98,11.66,57.42,5.62,43.6,10.47,34.36,2.03,50.19,48.19,18.83,49.5,10.5,47.01,4.6,35.77,8.59,46.54,2.76,45.27,42.82,16.73,44.03,9.34,50.97,4.99,55.21,13.26,60.29,3.57,47.89,36.43,14.23,45.85,9.73,49.26,4.82,57.47,13.8,46.75,2.77,45.35
202609071309,2026-09-07,13,9R,daily,69.29,27.07,47.68,10.11,64.6,6.32,50.0,12.01,50.0,2.96,58.47,51.43,20.09,42.2,8.95,59.57,5.83,50.0,12.01,50.0,2.96,49.84,52.22,20.4,49.5,10.5,36.19,3.54,50.0,12.01,50.0,2.96,49.41,48.19,18.83,45.85,9.73,35.38,3.46,50.0,12.01,50.0,2.96,46.98,42.82,16.73,44.03,9.34,41.63,4.07,50.0,12.01,50.0,2.96,45.11,36.43,14.23,45.85,9.73,36.72,3.59,50.0,12.01,50.0,2.96,42.52
202609071309,2026-09-07,13,9R,realtime,69.29,27.07,47.68,10.11,64.6,6.32,67.98,16.33,66.66,3.95,63.78,51.43,20.09,42.2,8.95,59.57,5.83,44.53,10.69,46.46,2.75,48.32,52.22,20.4,49.5,10.5,36.19,3.54,51.86,12.46,33.48,1.98,48.88,48.19,18.83,45.85,9.73,35.38,3.46,30.87,7.41,46.22,2.74,42.17,42.82,16.73,44.03,9.34,41.63,4.07,44.91,10.78,60.46,3.58,44.51,36.43,14.23,45.85,9.73,36.72,3.59,59.81,14.36,46.62,2.76,44.68
202609071310,2026-09-07,13,10R,daily,69.29,27.07,62.28,13.21,63.63,6.23,50.0,12.01,50.0,2.96,61.48,51.43,20.09,44.03,9.34,54.69,5.35,50.0,12.01,50.0,2.96,49.75,52.22,20.4,45.85,9.73,29.42,2.88,50.0,12.01,50.0,2.96,47.97,48.19,18.83,49.5,10.5,41.76,4.09,50.0,12.01,50.0,2.96,48.38,42.82,16.73,45.85,9.73,58.07,5.68,50.0,12.01,50.0,2.96,47.11,36.43,14.23,49.5,10.5,50.69,4.96,50.0,12.01,50.0,2.96,44.66
202609071310,2026-09-07,13,10R,realtime,69.29,27.07,62.28,13.21,63.63,6.23,67.29,16.16,66.92,3.96,66.63,51.43,20.09,44.03,9.34,54.69,5.35,61.57,14.79,46.5,2.75,52.32,52.22,20.4,45.85,9.73,29.42,2.88,42.88,10.3,33.26,1.97,45.27,48.19,18.83,49.5,10.5,41.76,4.09,36.66,8.8,46.14,2.73,44.95,42.82,16.73,45.85,9.73,58.07,5.68,35.62,8.55,60.5,3.58,44.27,36.43,14.23,49.5,10.5,50.69,4.96,55.97,13.44,46.59,2.76,45.89
202609071311,2026-09-07,13,11R,daily,69.29,27.07,51.33,10.89,43.3,4.24,50.0,12.01,50.0,2.96,57.16,51.43,20.09,49.5,10.5,46.45,4.54,50.0,12.01,50.0,2.96,50.11,52.22,20.4,45.85,9.73,60.19,5.89,50.0,12.01,50.0,2.96,50.98,48.19,18.83,45.85,9.73,62.13,6.08,50.0,12.01,50.0,2.96,49.6,42.82,16.73,47.68,10.11,61.43,6.01,50.0,12.01,50.0,2.96,47.82,36.43,14.23,49.5,10.5,42.86,4.19,50.0,12.01,50.0,2.96,43.89
202609071311,2026-09-07,13,11R,realtime,69.29,27.07,51.33,10.89,43.3,4.24,67.53,16.22,66.42,3.93,62.35,51.43,20.09,49.5,10.5,46.45,4.54,40.4,9.7,46.42,2.75,47.59,52.22,20.4,45.85,9.73,60.19,5.89,46.12,11.08,33.7,2.0,49.09,48.19,18.83,45.85,9.73,62.13,6.08,47.92,11.51,46.3,2.74,48.88,42.82,16.73,47.68,10.11,61.43,6.01,50.58,12.15,60.42,3.58,48.58,36.43,14.23,49.5,10.5,42.86,4.19,47.44,11.39,46.65,2.76,43.08
202609071312,2026-09-07,13,12R,daily,69.29,27.07,54.98,11.66,57.42,5.62,50.0,12.01,50.0,2.96,59.32,51.43,20.09,49.5,10.5,36.82,3.6,50.0,12.01,50.0,2.96,49.16,52.22,20.4,53.15,11.28,56.49,5.53,50.0,12.01,50.0,2.96,52.17,48.19,18.83,56.8,12.05,59.68,5.84,50.0,12.01,50.0,2.96,51.68,42.82,16.73,54.98,11.66,64.69,6.33,50.0,12.01,50.0,2.96,49.69,36.43,14.23,53.15,11.28,45.93,4.49,50.0,12.01,50.0,2.96,44.97
202609071312,2026-09-07,13,12R,realtime,69.29,27.07,54.98,11.66,57.42,5.62,62.62,15.04,67.22,3.98,63.37,51.43,20.09,49.5,10.5,36.82,3.6,36.98,8.88,40.72,2.41,45.49,52.22,20.4,53.15,11.28,56.49,5.53,62.48,15.01,25.94,1.54,53.74,48.19,18.83,56.8,12.05,59.68,5.84,43.86,10.53,40.47,2.4,49.65,42.82,16.73,54.98,11.66,64.69,6.33,43.18,10.37,56.05,3.32,48.41,36.43,14.23,53.15,11.28,45.93,4.49,50.85,12.21,69.5,4.11,46.33
202609071401,2026-09-07,14,1R,daily,69.21,25.5,58.21,11.85,49.88,5.0,50.0,11.52,50.0,4.87,58.74,52.7,19.42,38.54,7.84,50.15,5.03,50.0,11.52,50.0,4.87,48.68,52.59,19.38,49.27,10.03,41.52,4.16,50.0,11.52,50.0,4.87,49.96,48.06,17.71,42.12,8.57,54.13,5.43,50.0,11.52,50.0,4.87,48.1,43.84,16.15,33.18,6.75,53.55,5.37,50.0,11.52,50.0,4.87,44.66,34.9,12.86,47.48,9.66,52.78,5.29,50.0,11.52,50.0,4.87,44.2
202609071401,2026-09-07,14,1R,realtime,69.21,25.5,58.21,11.85,49.88,5.0,73.44,16.92,45.79,4.46,63.72,52.7,19.42,38.54,7.84,50.15,5.03,49.92,11.5,38.93,3.79,47.58,52.59,19.38,49.27,10.03,41.52,4.16,56.46,13.0,62.01,6.04,52.61,48.06,17.71,42.12,8.57,54.13,5.43,43.88,10.11,41.49,4.04,45.86,43.84,16.15,33.18,6.75,53.55,5.37,29.51,6.8,72.08,7.02,42.09,34.9,12.86,47.48,9.66,52.78,5.29,46.66,10.75,39.73,3.87,42.43
202609071402,2026-09-07,14,2R,daily,69.21,25.5,38.54,7.84,44.8,4.49,50.0,11.52,50.0,4.87,54.22,52.7,19.42,54.63,11.12,51.34,5.15,50.0,11.52,50.0,4.87,52.07,52.59,19.38,45.69,9.3,54.79,5.49,50.0,11.52,50.0,4.87,50.56,48.06,17.71,40.33,8.21,58.85,5.9,50.0,11.52,50.0,4.87,48.21,43.84,16.15,49.27,10.03,54.16,5.43,50.0,11.52,50.0,4.87,48.0,34.9,12.86,49.27,10.03,38.41,3.85,50.0,11.52,50.0,4.87,43.12
202609071402,2026-09-07,14,2R,realtime,69.21,25.5,38.54,7.84,44.8,4.49,69.89,16.1,45.79,4.46,58.39,52.7,19.42,54.63,11.12,51.34,5.15,55.41,12.76,38.93,3.79,52.24,52.59,19.38,45.69,9.3,54.79,5.49,39.78,9.16,62.01,6.04,49.37,48.06,17.71,40.33,8.21,58.85,5.9,43.98,10.13,41.49,4.04,45.99,43.84,16.15,49.27,10.03,54.16,5.43,47.14,10.86,72.08,7.02,49.49,34.9,12.86,49.27,10.03,38.41,3.85,43.62,10.05,39.73,3.87,40.65
202609071403,2026-09-07,14,3R,daily,69.21,25.5,58.21,11.85,47.39,4.75,50.0,11.52,50.0,4.87,58.49,52.7,19.42,40.33,8.21,47.17,4.73,50.0,11.52,50.0,4.87,48.74,52.59,19.38,47.48,9.66,34.9,3.5,50.0,11.52,50.0,4.87,48.93,48.06,17.71,47.48,9.66,40.34,4.04,50.0,11.52,50.0,4.87,47.81,43.84,16.15,56.42,11.48,52.26,5.24,50.0,11.52,50.0,4.87,49.26,34.9,12.86,42.12,8.57,30.48,3.06,50.0,11.52,50.0,4.87,40.87
202609071403,2026-09-07,14,3R,realtime,69.21,25.5,58.21,11.85,47.39,4.75,70.0,16.12,45.79,4.46,62.68,52.7,19.42,40.33,8.21,47.17,4.73,48.47,11.16,38.93,3.79,47.31,52.59,19.38,47.48,9.66,34.9,3.5,52.37,12.06,62.01,6.04,50.64,48.06,17.71,47.48,9.66,40.34,4.05,47.5,10.94,41.49,4.04,46.4,43.84,16.15,56.42,11.48,52.26,5.24,46.67,10.75,72.08,7.02,50.65,34.9,12.86,42.12,8.57,30.48,3.06,34.83,8.02,39.73,3.87,36.38
202609071404,2026-09-07,14,4R,daily,69.21,25.5,60.0,12.21,57.26,5.74,50.0,11.52,50.0,4.87,59.84,52.7,19.42,45.69,9.3,45.75,4.59,50.0,11.52,50.0,4.87,49.69,52.59,19.38,49.27,10.03,36.25,3.64,50.0,11.52,50.0,4.87,49.43,48.06,17.71,42.12,8.57,36.09,3.62,50.0,11.52,50.0,4.87,46.29,43.84,16.15,51.06,10.39,49.31,4.94,50.0,11.52,50.0,4.87,47.88,34.9,12.86,54.63,11.12,52.26,5.24,50.0,11.52,50.0,4.87,45.61
202609071404,2026-09-07,14,4R,realtime,69.21,25.5,60.0,12.21,57.26,5.74,68.22,15.71,45.79,4.46,63.63,52.7,19.42,45.69,9.3,45.75,4.59,51.86,11.94,38.93,3.79,49.04,52.59,19.38,49.27,10.03,36.25,3.63,58.5,13.47,62.01,6.04,52.55,48.06,17.71,42.12,8.57,36.09,3.62,36.67,8.45,41.49,4.04,42.39,43.84,16.15,51.06,10.39,49.31,4.94,41.11,9.47,72.08,7.02,47.98,34.9,12.86,54.63,11.12,52.26,5.24,43.49,10.02,39.73,3.87,43.1
202609071405,2026-09-07,14,5R,daily,69.21,25.5,38.54,7.84,51.28,5.14,50.0,11.52,50.0,4.87,54.87,52.7,19.42,58.21,11.85,50.03,5.02,50.0,11.52,50.0,4.87,52.67,52.59,19.38,42.12,8.57,38.52,3.86,50.0,11.52,50.0,4.87,48.2,48.06,17.71,47.48,9.66,37.44,3.75,50.0,11.52,50.0,4.87,47.51,43.84,16.15,51.06,10.39,47.69,4.78,50.0,11.52,50.0,4.87,47.71,34.9,12.86,45.69,9.3,48.77,4.89,50.0,11.52,50.0,4.87,43.44
202609071405,2026-09-07,14,5R,realtime,69.21,25.5,38.54,7.84,51.28,5.14,55.21,12.72,46.16,4.5,55.7,52.7,19.42,58.21,11.85,50.03,5.02,66.5,15.32,38.93,3.79,55.39,52.59,19.38,42.12,8.57,38.52,3.86,52.58,12.11,61.34,5.98,49.9,48.06,17.71,47.48,9.66,37.44,3.75,49.89,11.49,40.13,3.91,46.53,43.84,16.15,51.06,10.39,47.69,4.78,43.69,10.06,72.4,7.05,48.44,34.9,12.86,45.69,9.3,48.77,4.89,31.95,7.36,41.06,4.0,38.41
202609071406,2026-09-07,14,6R,daily,69.21,25.5,43.91,8.94,44.36,4.45,50.0,11.52,50.0,4.87,55.27,52.7,19.42,65.36,13.3,45.44,4.56,50.0,11.52,50.0,4.87,53.66,52.59,19.38,45.69,9.3,42.44,4.26,50.0,11.52,50.0,4.87,49.32,48.06,17.71,56.42,11.48,35.66,3.58,50.0,11.52,50.0,4.87,49.16,43.84,16.15,38.54,7.84,50.15,5.03,50.0,11.52,50.0,4.87,45.41,34.9,12.86,38.54,7.84,41.88,4.2,50.0,11.52,50.0,4.87,41.29
202609071406,2026-09-07,14,6R,realtime,69.21,25.5,43.91,8.94,44.36,4.45,59.61,13.73,46.16,4.5,57.11,52.7,19.42,65.36,13.3,45.44,4.56,64.16,14.78,38.93,3.79,55.85,52.59,19.38,45.69,9.3,42.44,4.26,43.35,9.99,61.34,5.98,48.89,48.06,17.71,56.42,11.48,35.66,3.58,45.41,10.46,40.13,3.91,47.14,43.84,16.15,38.54,7.84,50.15,5.03,40.12,9.24,72.4,7.05,45.32,34.9,12.86,38.54,7.84,41.88,4.2,47.21,10.87,41.06,4.0,39.78
202609071407,2026-09-07,14,7R,daily,69.21,25.5,49.27,10.03,54.16,5.43,50.0,11.52,50.0,4.87,57.35,52.7,19.42,51.06,10.39,60.71,6.09,50.0,11.52,50.0,4.87,52.28,52.59,19.38,43.91,8.94,35.98,3.61,50.0,11.52,50.0,4.87,48.31,48.06,17.71,47.48,9.66,43.33,4.34,50.0,11.52,50.0,4.87,48.1,43.84,16.15,63.57,12.94,36.73,3.68,50.0,11.52,50.0,4.87,49.16,34.9,12.86,33.18,6.75,53.55,5.37,50.0,11.52,50.0,4.87,41.37
202609071407,2026-09-07,14,7R,realtime,69.21,25.5,49.27,10.03,54.16,5.43,61.45,14.15,52.39,5.1,60.21,52.7,19.42,51.06,10.39,60.71,6.09,58.89,13.56,43.08,4.2,53.65,52.59,19.38,43.91,8.94,35.98,3.61,52.7,12.14,57.38,5.59,49.65,48.06,17.71,47.48,9.66,43.33,4.34,33.8,7.79,37.77,3.68,43.18,43.84,16.15,63.57,12.94,36.73,3.68,59.68,13.75,65.89,6.42,52.94,34.9,12.86,33.18,6.75,53.55,5.37,33.33,7.68,43.52,4.24,36.9
202609071408,2026-09-07,14,8R,daily,69.21,25.5,47.48,9.66,34.9,3.5,50.0,11.52,50.0,4.87,55.05,52.7,19.42,61.78,12.57,46.95,4.71,50.0,11.52,50.0,4.87,53.09,52.59,19.38,43.91,8.94,32.24,3.23,50.0,11.52,50.0,4.87,47.93,48.06,17.71,43.91,8.94,56.04,5.62,50.0,11.52,50.0,4.87,48.65,43.84,16.15,54.63,11.12,51.34,5.15,50.0,11.52,50.0,4.87,48.81,34.9,12.86,45.69,9.3,45.75,4.59,50.0,11.52,50.0,4.87,43.13
202609071408,2026-09-07,14,8R,realtime,69.21,25.5,47.48,9.66,34.9,3.5,74.74,17.21,52.76,5.14,61.02,52.7,19.42,61.78,12.57,46.95,4.71,43.98,10.13,43.08,4.2,51.02,52.59,19.38,43.91,8.94,32.24,3.23,38.42,8.85,56.71,5.52,45.92,48.06,17.71,43.91,8.94,56.04,5.62,41.72,9.61,36.41,3.55,45.42,43.84,16.15,54.63,11.12,51.34,5.15,46.55,10.72,66.21,6.45,49.59,34.9,12.86,45.69,9.3,45.75,4.59,54.44,12.54,44.85,4.37,43.65
202609071409,2026-09-07,14,9R,daily,69.21,25.5,49.27,10.03,30.42,3.05,50.0,11.52,50.0,4.87,54.97,52.7,19.42,45.69,9.3,48.77,4.89,50.0,11.52,50.0,4.87,49.99,52.59,19.38,54.63,11.12,52.26,5.24,50.0,11.52,50.0,4.87,52.12,48.06,17.71,58.21,11.85,47.39,4.75,50.0,11.52,50.0,4.87,50.7,43.84,16.15,49.27,10.03,41.52,4.16,50.0,11.52,50.0,4.87,46.73,34.9,12.86,34.97,7.12,57.31,5.75,50.0,11.52,50.0,4.87,42.11
202609071409,2026-09-07,14,9R,realtime,69.21,25.5,49.27,10.03,30.42,3.05,49.45,11.39,52.76,5.14,55.11,52.7,19.42,45.69,9.3,48.77,4.89,28.98,6.68,43.08,4.2,44.48,52.59,19.38,54.63,11.12,52.26,5.24,42.16,9.71,56.71,5.52,50.97,48.06,17.71,58.21,11.85,47.39,4.75,57.82,13.32,36.41,3.55,51.17,43.84,16.15,49.27,10.03,41.52,4.16,60.45,13.92,66.21,6.45,50.72,34.9,12.86,34.97,7.12,57.31,5.75,60.97,14.04,44.85,4.37,44.14
202609071410,2026-09-07,14,10R,daily,69.21,25.5,51.06,10.39,44.36,4.45,50.0,11.52,50.0,4.87,56.73,52.7,19.42,47.48,9.66,52.78,5.29,50.0,11.52,50.0,4.87,50.76,52.59,19.38,51.06,10.39,47.69,4.78,50.0,11.52,50.0,4.87,50.94,48.06,17.71,65.36,13.3,45.44,4.56,50.0,11.52,50.0,4.87,51.96,43.84,16.15,40.33,8.21,47.17,4.73,50.0,11.52,50.0,4.87,45.48,34.9,12.86,42.12,8.57,36.09,3.62,50.0,11.52,50.0,4.87,41.44
202609071410,2026-09-07,14,10R,realtime,69.21,25.5,51.06,10.39,44.36,4.45,70.44,16.22,52.76,5.14,61.7,52.7,19.42,47.48,9.66,52.78,5.29,58.14,13.39,43.08,4.2,51.96,52.59,19.38,51.06,10.39,47.69,4.78,42.75,9.85,56.71,5.52,49.92,48.06,17.71,65.36,13.3,45.44,4.56,51.12,11.77,36.41,3.55,50.89,43.84,16.15,40.33,8.21,47.17,4.73,46.6,10.73,66.21,6.45,46.28,34.9,12.86,42.12,8.57,36.09,3.62,30.8,7.09,44.85,4.37,36.51
202609071411,2026-09-07,14,11R,daily,69.21,25.5,47.48,9.66,40.34,4.04,50.0,11.52,50.0,4.87,55.6,52.7,19.42,51.06,10.39,49.31,4.94,50.0,11.52,50.0,4.87,51.14,52.59,19.38,47.48,9.66,43.33,4.34,50.0,11.52,50.0,4.87,49.77,48.06,17.71,49.27,10.03,38.41,3.85,50.0,11.52,50.0,4.87,47.97,43.84,16.15,45.69,9.3,42.44,4.26,50.0,11.52,50.0,4.87,46.1,34.9,12.86,58.21,11.85,50.03,5.02,50.0,11.52,50.0,4.87,46.11
202609071411,2026-09-07,14,11R,realtime,69.21,25.5,47.48,9.66,40.34,4.05,58.99,13.59,46.54,4.53,57.33,52.7,19.42,51.06,10.39,49.31,4.94,42.73,9.84,38.93,3.79,48.39,52.59,19.38,47.48,9.66,43.33,4.34,30.99,7.14,60.68,5.91,46.43,48.06,17.71,49.27,10.03,38.41,3.85,52.69,12.13,38.76,3.78,47.5,34.9,12.86,45.69,9.3,42.44,4.26,55.16,12.71,42.39,4.13,43.25,43.84,16.15,58.21,11.85,50.03,5.02,59.29,13.66,72.72,7.08,53.76
202609071412,2026-09-07,14,12R,daily,69.21,25.5,63.57,12.94,36.73,3.68,50.0,11.52,50.0,4.87,58.51,52.7,19.42,56.42,11.48,52.26,5.24,50.0,11.52,50.0,4.87,52.53,52.59,19.38,56.42,11.48,35.66,3.58,50.0,11.52,50.0,4.87,50.82,48.06,17.71,58.21,11.85,49.88,5.0,50.0,11.52,50.0,4.87,50.95,43.84,16.15,49.27,10.03,36.25,3.64,50.0,11.52,50.0,4.87,46.2,34.9,12.86,61.78,12.57,46.95,4.71,50.0,11.52,50.0,4.87,46.53
202609071412,2026-09-07,14,12R,realtime,69.21,25.5,63.57,12.94,36.73,3.68,65.49,15.08,46.54,4.53,61.74,52.7,19.42,56.42,11.48,52.26,5.24,57.0,13.13,38.93,3.79,53.06,52.59,19.38,56.42,11.48,35.66,3.58,38.43,8.85,60.68,5.91,49.2,48.06,17.71,58.21,11.85,49.88,5.0,40.46,9.32,38.76,3.78,47.65,43.84,16.15,49.27,10.03,36.25,3.63,59.04,13.6,72.72,7.08,50.5,34.9,12.86,61.78,12.57,46.95,4.71,39.43,9.08,42.39,4.13,43.35
202609071601,2026-09-07,16,1R,daily,66.78,26.29,52.79,11.98,53.99,4.99,50.0,9.39,50.0,4.96,57.61,53.71,21.14,41.88,9.51,46.08,4.26,50.0,9.39,50.0,4.96,49.26,48.8,19.21,44.06,10.0,62.39,5.76,50.0,9.39,50.0,4.96,49.32,49.83,19.61,46.25,10.5,58.8,5.43,50.0,9.39,50.0,4.96,49.89,42.27,16.64,41.88,9.51,35.97,3.32,50.0,9.39,50.0,4.96,43.82,37.78,14.87,30.97,7.03,48.9,4.52,50.0,9.39,50.0,4.96,40.77
202609071601,2026-09-07,16,1R,realtime,66.78,26.29,52.79,11.98,53.99,4.99,68.7,12.9,46.12,4.58,60.73,53.71,21.14,41.88,9.51,46.08,4.26,57.75,10.85,52.06,5.17,50.92,48.8,19.21,44.06,10.0,62.39,5.76,41.3,7.76,49.36,4.9,47.63,49.83,19.61,46.25,10.5,58.8,5.43,45.98,8.64,42.2,4.19,48.36,42.27,16.64,41.88,9.51,35.97,3.32,41.12,7.72,54.38,5.4,42.59,37.78,14.87,30.97,7.03,48.9,4.52,45.13,8.47,55.86,5.54,40.44
202609071602,2026-09-07,16,2R,daily,66.78,26.29,46.25,10.5,41.08,3.79,50.0,9.39,50.0,4.96,54.93,53.71,21.14,39.7,9.01,49.56,4.58,50.0,9.39,50.0,4.96,49.08,48.8,19.21,41.88,9.51,40.55,3.74,50.0,9.39,50.0,4.96,46.81,49.83,19.61,41.88,9.51,34.05,3.14,50.0,9.39,50.0,4.96,46.62,42.27,16.64,50.61,11.49,36.12,3.34,50.0,9.39,50.0,4.96,45.82,37.78,14.87,44.06,10.0,74.3,6.86,50.0,9.39,50.0,4.96,46.09
202609071602,2026-09-07,16,2R,realtime,66.78,26.29,46.25,10.5,41.08,3.79,58.36,10.96,50.13,4.98,56.51,53.71,21.14,39.7,9.01,49.56,4.58,27.48,5.16,50.87,5.05,44.94,48.8,19.21,41.88,9.51,40.55,3.74,40.19,7.55,44.95,4.46,44.47,49.83,19.61,41.88,9.51,34.05,3.14,61.6,11.57,36.83,3.66,47.49,42.27,16.64,50.61,11.49,36.12,3.34,54.19,10.18,63.34,6.29,47.93,37.78,14.87,44.06,10.0,74.3,6.86,58.18,10.93,53.86,5.35,48.0
202609071603,2026-09-07,16,3R,daily,66.78,26.29,44.06,10.0,56.89,5.25,50.0,9.39,50.0,4.96,55.9,53.71,21.14,48.43,10.99,52.83,4.88,50.0,9.39,50.0,4.96,51.37,48.8,19.21,48.43,10.99,52.27,4.83,50.0,9.39,50.0,4.96,49.38,49.83,19.61,52.79,11.98,34.08,3.15,50.0,9.39,50.0,4.96,49.1,42.27,16.64,59.34,13.47,53.4,4.93,50.0,9.39,50.0,4.96,49.39,37.78,14.87,44.06,10.0,36.93,3.41,50.0,9.39,50.0,4.96,42.63
202609071603,2026-09-07,16,3R,realtime,66.78,26.29,44.06,10.0,56.89,5.25,48.05,9.02,50.94,5.06,55.62,53.71,21.14,48.43,10.99,52.83,4.88,55.7,10.46,48.34,4.8,52.27,48.8,19.21,48.43,10.99,52.27,4.83,43.86,8.24,45.11,4.48,47.74,49.83,19.61,52.79,11.98,34.08,3.15,53.29,10.01,38.61,3.83,48.58,42.27,16.64,59.34,13.47,53.4,4.93,45.41,8.53,63.35,6.29,49.86,37.78,14.87,44.06,10.0,36.93,3.41,53.63,10.07,53.63,5.32,43.68
202609071604,2026-09-07,16,4R,daily,66.78,26.29,44.06,10.0,51.62,4.77,50.0,9.39,50.0,4.96,55.41,53.71,21.14,44.06,10.0,42.28,3.9,50.0,9.39,50.0,4.96,49.4,48.8,19.21,48.43,10.99,37.0,3.42,50.0,9.39,50.0,4.96,47.97,49.83,19.61,48.43,10.99,49.65,4.58,50.0,9.39,50.0,4.96,49.54,42.27,16.64,41.88,9.51,37.79,3.49,50.0,9.39,50.0,4.96,43.99,37.78,14.87,46.25,10.5,65.71,6.07,50.0,9.39,50.0,4.96,45.79
202609071604,2026-09-07,16,4R,realtime,66.78,26.29,44.06,10.0,51.62,4.77,56.79,10.66,51.64,5.13,56.85,53.71,21.14,44.06,10.0,42.28,3.9,52.56,9.87,56.97,5.66,50.57,48.8,19.21,48.43,10.99,37.0,3.42,60.69,11.4,43.69,4.34,49.35,49.83,19.61,48.43,10.99,49.65,4.58,43.17,8.11,32.73,3.25,46.55,42.27,16.64,41.88,9.51,37.79,3.49,36.91,6.93,62.15,6.17,42.74,37.78,14.87,46.25,10.5,65.71,6.07,49.84,9.36,52.8,5.24,46.03
202609071605,2026-09-07,16,5R,daily,66.78,26.29,50.61,11.49,56.73,5.24,50.0,9.39,50.0,4.96,57.37,53.71,21.14,37.52,8.52,66.03,6.1,50.0,9.39,50.0,4.96,50.11,48.8,19.21,46.25,10.5,47.99,4.43,50.0,9.39,50.0,4.96,48.49,49.83,19.61,50.61,11.49,53.61,4.95,50.0,9.39,50.0,4.96,50.4,42.27,16.64,70.25,15.94,31.55,2.91,50.0,9.39,50.0,4.96,49.85,37.78,14.87,41.88,9.51,36.74,3.39,50.0,9.39,50.0,4.96,42.12
202609071605,2026-09-07,16,5R,realtime,66.78,26.29,50.61,11.49,56.73,5.24,66.52,12.49,53.27,5.29,60.79,53.71,21.14,37.52,8.52,66.03,6.1,54.27,10.19,51.92,5.15,51.1,48.8,19.21,46.25,10.5,47.99,4.43,38.11,7.16,44.02,4.37,45.66,49.83,19.61,50.61,11.49,53.61,4.95,56.2,10.55,36.27,3.6,50.21,42.27,16.64,70.25,15.94,31.55,2.91,44.11,8.28,62.16,6.17,49.95,37.78,14.87,41.88,9.51,36.74,3.39,40.78,7.66,52.35,5.2,40.62
202609071606,2026-09-07,16,6R,daily,66.78,26.29,44.06,10.0,56.49,5.22,50.0,9.39,50.0,4.96,55.86,53.71,21.14,63.7,14.46,37.55,3.47,50.0,9.39,50.0,4.96,53.42,48.8,19.21,50.61,11.49,60.95,5.63,50.0,9.39,50.0,4.96,50.68,49.83,19.61,52.79,11.98,48.45,4.47,50.0,9.39,50.0,4.96,50.42,42.27,16.64,30.97,7.03,48.9,4.52,50.0,9.39,50.0,4.96,42.54,37.78,14.87,37.52,8.52,38.96,3.6,50.0,9.39,50.0,4.96,41.34
202609071606,2026-09-07,16,6R,realtime,66.78,26.29,44.06,10.0,56.49,5.22,52.01,9.77,54.08,5.37,56.64,53.71,21.14,63.7,14.46,37.55,3.47,49.96,9.38,49.39,4.9,53.35,48.8,19.21,50.61,11.49,60.95,5.63,52.17,9.8,44.18,4.39,50.51,49.83,19.61,52.79,11.98,48.45,4.47,73.65,13.83,38.04,3.78,53.68,37.78,14.87,30.97,7.03,48.9,4.52,40.19,7.55,52.12,5.17,39.14,42.27,16.64,37.52,8.52,38.96,3.6,31.99,6.01,62.17,6.17,40.93
202609071607,2026-09-07,16,7R,daily,66.78,26.29,50.61,11.49,36.12,3.34,50.0,9.39,50.0,4.96,55.46,53.71,21.14,50.61,11.49,52.76,4.87,50.0,9.39,50.0,4.96,51.85,48.8,19.21,46.25,10.5,58.8,5.43,50.0,9.39,50.0,4.96,49.49,49.83,19.61,46.25,10.5,68.52,6.33,50.0,9.39,50.0,4.96,50.79,42.27,16.64,74.61,16.93,32.52,3.0,50.0,9.39,50.0,4.96,50.93,37.78,14.87,30.97,7.03,60.51,5.59,50.0,9.39,50.0,4.96,41.84
202609071607,2026-09-07,16,7R,realtime,66.78,26.29,50.61,11.49,36.12,3.34,58.34,10.96,54.89,5.45,57.51,53.71,21.14,50.61,11.49,52.76,4.87,51.53,9.68,46.86,4.65,51.83,48.8,19.21,46.25,10.5,58.8,5.43,53.58,10.06,44.35,4.4,49.6,49.83,19.61,46.25,10.5,68.52,6.33,39.62,7.44,39.81,3.95,47.83,42.27,16.64,74.61,16.93,32.52,3.0,51.9,9.75,62.18,6.17,52.5,37.78,14.87,30.97,7.03,60.51,5.59,45.0,8.45,51.89,5.15,41.09
202609071608,2026-09-07,16,8R,daily,66.78,26.29,41.88,9.51,34.05,3.14,50.0,9.39,50.0,4.96,53.29,53.71,21.14,52.79,11.98,53.99,4.99,50.0,9.39,50.0,4.96,52.46,48.8,19.21,44.06,10.0,47.79,4.41,50.0,9.39,50.0,4.96,47.97,49.83,19.61,52.79,11.98,48.74,4.5,50.0,9.39,50.0,4.96,50.45,42.27,16.64,48.43,10.99,52.83,4.88,50.0,9.39,50.0,4.96,46.86,37.78,14.87,57.15,12.97,52.26,4.83,50.0,9.39,50.0,4.96,47.02
202609071608,2026-09-07,16,8R,realtime,66.78,26.29,41.88,9.51,34.05,3.14,68.57,12.88,54.08,5.37,57.18,53.71,21.14,52.79,11.98,53.99,4.99,44.93,8.44,49.39,4.9,51.45,48.8,19.21,44.06,10.0,47.79,4.41,31.95,6.0,44.18,4.39,44.01,49.83,19.61,52.79,11.98,48.74,4.5,57.5,10.8,38.04,3.78,50.67,42.27,16.64,48.43,10.99,52.83,4.88,59.16,11.11,62.17,6.17,49.79,37.78,14.87,57.15,12.97,52.26,4.83,37.87,7.11,52.12,5.17,44.96
202609071609,2026-09-07,16,9R,daily,66.78,26.29,48.43,10.99,37.0,3.42,50.0,9.39,50.0,4.96,55.05,53.71,21.14,39.7,9.01,50.53,4.67,50.0,9.39,50.0,4.96,49.17,48.8,19.21,44.06,10.0,36.93,3.41,50.0,9.39,50.0,4.96,46.97,49.83,19.61,41.88,9.51,40.55,3.74,50.0,9.39,50.0,4.96,47.22,42.27,16.64,41.88,9.51,46.08,4.26,50.0,9.39,50.0,4.96,44.75,37.78,14.87,37.52,8.52,53.06,4.9,50.0,9.39,50.0,4.96,42.64
202609071609,2026-09-07,16,9R,realtime,66.78,26.29,48.43,10.99,37.0,3.42,61.6,11.57,55.53,5.51,57.78,53.71,21.14,39.7,9.01,50.53,4.67,52.85,9.92,55.19,5.48,50.22,48.8,19.21,44.06,10.0,36.93,3.41,59.25,11.13,46.58,4.62,48.37,49.83,19.61,41.88,9.51,40.55,3.74,49.44,9.28,40.52,4.02,46.17,42.27,16.64,41.88,9.51,46.08,4.26,31.94,6.0,50.85,5.05,41.45,37.78,14.87,37.52,8.52,53.06,4.9,44.92,8.43,51.32,5.09,41.81
202609071610,2026-09-07,16,10R,daily,66.78,26.29,48.43,10.99,52.27,4.83,50.0,9.39,50.0,4.96,56.46,53.71,21.14,41.88,9.51,35.97,3.32,50.0,9.39,50.0,4.96,48.32,48.8,19.21,50.61,11.49,53.61,4.95,50.0,9.39,50.0,4.96,50.0,49.83,19.61,48.43,10.99,47.28,4.37,50.0,9.39,50.0,4.96,49.32,42.27,16.64,44.06,10.0,42.28,3.9,50.0,9.39,50.0,4.96,44.9,37.78,14.87,39.7,9.01,49.56,4.58,50.0,9.39,50.0,4.96,42.81
202609071610,2026-09-07,16,10R,realtime,66.78,26.29,48.43,10.99,52.27,4.83,58.77,11.04,55.53,5.51,58.65,53.71,21.14,41.88,9.51,35.97,3.32,29.62,5.56,55.19,5.48,45.01,48.8,19.21,50.61,11.49,53.61,4.95,58.13,10.92,46.58,4.62,51.18,49.83,19.61,48.43,10.99,47.28,4.37,56.43,10.6,40.52,4.02,49.59,42.27,16.64,44.06,10.0,42.28,3.9,59.84,11.24,50.85,5.05,46.83,37.78,14.87,39.7,9.01,49.56,4.58,37.21,6.99,51.32,5.09,40.54
202609071611,2026-09-07,16,11R,daily,66.78,26.29,50.61,11.49,32.6,3.01,50.0,9.39,50.0,4.96,55.14,53.71,21.14,50.61,11.49,56.73,5.24,50.0,9.39,50.0,4.96,52.22,48.8,19.21,46.25,10.5,41.08,3.79,50.0,9.39,50.0,4.96,47.85,49.83,19.61,50.61,11.49,60.95,5.63,50.0,9.39,50.0,4.96,51.08,42.27,16.64,44.06,10.0,51.62,4.77,50.0,9.39,50.0,4.96,45.76,37.78,14.87,52.79,11.98,34.08,3.15,50.0,9.39,50.0,4.96,44.35
202609071611,2026-09-07,16,11R,realtime,66.78,26.29,50.61,11.49,32.6,3.01,54.49,10.23,56.34,5.59,56.61,53.71,21.14,50.61,11.49,56.73,5.24,69.57,13.06,52.67,5.23,56.16,48.8,19.21,46.25,10.5,41.08,3.79,43.11,8.1,46.74,4.64,46.23,49.83,19.61,50.61,11.49,60.95,5.63,42.35,7.95,42.29,4.2,48.88,42.27,16.64,44.06,10.0,51.62,4.77,33.54,6.3,50.86,5.05,42.75,37.78,14.87,52.79,11.98,34.08,3.15,56.91,10.69,51.09,5.07,45.76
202609071612,2026-09-07,16,12R,daily,66.78,26.29,70.25,15.94,31.55,2.91,50.0,9.39,50.0,4.96,59.5,53.71,21.14,74.61,16.93,32.52,3.0,50.0,9.39,50.0,4.96,55.43,48.8,19.21,59.34,13.47,53.4,4.93,50.0,9.39,50.0,4.96,51.96,49.83,19.61,57.15,12.97,52.26,4.83,50.0,9.39,50.0,4.96,51.76,42.27,16.64,63.7,14.46,37.55,3.47,50.0,9.39,50.0,4.96,48.92,37.78,14.87,48.43,10.99,49.65,4.58,50.0,9.39,50.0,4.96,44.8
202609071612,2026-09-07,16,12R,realtime,66.78,26.29,70.25,15.94,31.55,2.91,51.07,9.59,52.39,5.2,59.94,53.71,21.14,74.61,16.93,32.52,3.0,56.65,10.64,54.15,5.38,57.09,48.8,19.21,59.34,13.47,53.4,4.93,61.32,11.51,47.51,4.72,53.84,49.83,19.61,57.15,12.97,52.26,4.83,28.32,5.32,41.08,4.08,46.81,42.27,16.64,63.7,14.46,37.55,3.47,60.23,11.31,52.03,5.16,51.04,37.78,14.87,48.43,10.99,49.65,4.58,42.4,7.96,52.83,5.24,43.65
202609072201,2026-09-07,22,1R,daily,67.18,30.66,56.64,11.49,59.63,3.94,50.0,11.86,50.0,1.88,59.82,54.42,24.84,44.37,9.0,59.28,3.91,50.0,11.86,50.0,1.88,51.49,52.68,24.05,46.42,9.41,49.36,3.26,50.0,11.86,50.0,1.88,50.46,48.28,22.04,44.37,9.0,53.38,3.52,50.0,11.86,50.0,1.88,48.3,42.56,19.43,42.33,8.58,51.97,3.43,50.0,11.86,50.0,1.88,45.18,34.54,15.77,40.28,8.17,33.95,2.24,50.0,11.86,50.0,1.88,39.91
202609072201,2026-09-07,22,1R,realtime,67.18,30.66,56.64,11.49,59.63,3.94,57.64,13.67,49.28,1.85,61.61,54.42,24.84,44.37,9.0,59.28,3.91,37.85,8.98,40.55,1.52,48.25,52.68,24.05,46.42,9.41,49.36,3.26,51.78,12.28,67.4,2.53,51.53,48.28,22.04,44.37,9.0,53.38,3.52,64.16,15.22,48.81,1.83,51.61,42.56,19.43,42.33,8.58,51.97,3.43,31.17,7.4,47.61,1.79,40.62,34.54,15.77,40.28,8.17,33.95,2.24,57.42,13.62,46.41,1.74,41.54
202609072202,2026-09-07,22,2R,daily,67.18,30.66,48.46,9.83,65.37,4.32,50.0,11.86,50.0,1.88,58.54,54.42,24.84,46.42,9.41,36.1,2.38,50.0,11.86,50.0,1.88,50.37,52.68,24.05,44.37,9.0,47.03,3.11,50.0,11.86,50.0,1.88,49.89,48.28,22.04,48.46,9.83,46.64,3.08,50.0,11.86,50.0,1.88,48.68,42.56,19.43,46.42,9.41,47.54,3.14,50.0,11.86,50.0,1.88,45.72,34.54,15.77,58.68,11.9,49.84,3.29,50.0,11.86,50.0,1.88,44.7
202609072202,2026-09-07,22,2R,realtime,67.18,30.66,48.46,9.83,65.37,4.32,55.06,13.06,48.95,1.84,59.7,54.42,24.84,46.42,9.41,36.1,2.38,54.67,12.97,39.63,1.49,51.09,52.68,24.05,44.37,9.0,47.03,3.11,43.35,10.28,68.49,2.57,49.0,48.28,22.04,48.46,9.83,46.64,3.08,37.13,8.81,49.62,1.86,45.61,42.56,19.43,46.42,9.41,47.54,3.14,40.62,9.64,48.32,1.81,43.43,34.54,15.77,58.68,11.9,49.84,3.29,69.2,16.42,45.05,1.69,49.06
202609072203,2026-09-07,22,3R,daily,67.18,30.66,42.33,8.58,47.87,3.16,50.0,11.86,50.0,1.88,56.14,54.42,24.84,48.46,9.83,36.56,2.41,50.0,11.86,50.0,1.88,50.82,52.68,24.05,44.37,9.0,61.84,4.08,50.0,11.86,50.0,1.88,50.87,48.28,22.04,48.46,9.83,48.66,3.21,50.0,11.86,50.0,1.88,48.81,42.56,19.43,38.24,7.75,39.51,2.61,50.0,11.86,50.0,1.88,43.53,34.54,15.77,52.55,10.66,60.39,3.99,50.0,11.86,50.0,1.88,44.15
202609072203,2026-09-07,22,3R,realtime,67.18,30.66,42.33,8.58,47.87,3.16,61.7,14.64,48.95,1.84,58.88,54.42,24.84,48.46,9.83,36.56,2.41,44.75,10.62,39.63,1.49,49.19,52.68,24.05,44.37,9.0,61.84,4.08,41.85,9.93,68.49,2.57,49.63,48.28,22.04,48.46,9.83,48.66,3.21,44.78,10.62,49.62,1.86,47.56,42.56,19.43,38.24,7.75,39.51,2.61,60.09,14.25,48.32,1.81,45.86,34.54,15.77,52.55,10.66,60.39,3.99,46.85,11.11,45.05,1.69,43.21
202609072204,2026-09-07,22,4R,daily,67.18,30.66,42.33,8.58,51.04,3.37,50.0,11.86,50.0,1.88,56.35,54.42,24.84,48.46,9.83,41.46,2.74,50.0,11.86,50.0,1.88,51.14,52.68,24.05,42.33,8.58,37.89,2.5,50.0,11.86,50.0,1.88,48.87,48.28,22.04,54.6,11.07,42.43,2.8,50.0,11.86,50.0,1.88,49.65,42.56,19.43,34.15,6.93,49.77,3.29,50.0,11.86,50.0,1.88,43.38,34.54,15.77,42.33,8.58,63.31,4.18,50.0,11.86,50.0,1.88,42.27
202609072204,2026-09-07,22,4R,realtime,67.18,30.66,42.33,8.58,51.04,3.37,59.28,14.06,48.95,1.84,58.52,54.42,24.84,48.46,9.83,41.46,2.74,50.51,11.98,39.63,1.49,50.87,52.68,24.05,42.33,8.58,37.89,2.5,41.15,9.76,68.49,2.57,47.46,48.28,22.04,54.6,11.07,42.43,2.8,54.73,12.98,49.62,1.86,50.75,42.56,19.43,34.15,6.93,49.77,3.29,42.58,10.1,48.32,1.81,41.55,34.54,15.77,42.33,8.58,63.31,4.18,51.77,12.28,45.05,1.69,42.5
202609072205,2026-09-07,22,5R,daily,67.18,30.66,44.37,9.0,62.84,4.15,50.0,11.86,50.0,1.88,57.55,54.42,24.84,50.51,10.24,58.32,3.85,50.0,11.86,50.0,1.88,52.67,52.68,24.05,40.28,8.17,33.95,2.24,50.0,11.86,50.0,1.88,48.2,48.28,22.04,50.51,10.24,48.18,3.18,50.0,11.86,50.0,1.88,49.2,42.56,19.43,46.42,9.41,51.76,3.42,50.0,11.86,50.0,1.88,46.0,34.54,15.77,42.33,8.58,57.18,3.78,50.0,11.86,50.0,1.88,41.86
202609072205,2026-09-07,22,5R,realtime,67.18,30.66,44.37,9.0,62.84,4.15,57.61,13.67,48.95,1.84,59.31,54.42,24.84,50.51,10.24,58.32,3.85,33.0,7.83,39.63,1.49,48.25,52.68,24.05,40.28,8.17,33.95,2.24,62.38,14.8,68.49,2.57,51.83,48.28,22.04,50.51,10.24,48.18,3.18,54.39,12.9,49.62,1.86,50.22,42.56,19.43,46.42,9.41,51.76,3.42,39.95,9.48,48.32,1.81,43.55,34.54,15.77,42.33,8.58,57.18,3.78,52.69,12.5,45.05,1.69,42.31
202609072206,2026-09-07,22,6R,daily,67.18,30.66,50.51,10.24,53.42,3.53,50.0,11.86,50.0,1.88,58.17,54.42,24.84,42.33,8.58,52.83,3.49,50.0,11.86,50.0,1.88,50.65,52.68,24.05,42.33,8.58,53.04,3.5,50.0,11.86,50.0,1.88,49.87,48.28,22.04,54.6,11.07,44.88,2.96,50.0,11.86,50.0,1.88,49.81,42.56,19.43,46.42,9.41,36.1,2.38,50.0,11.86,50.0,1.88,44.96,34.54,15.77,46.42,9.41,49.36,3.26,50.0,11.86,50.0,1.88,42.18
202609072206,2026-09-07,22,6R,realtime,67.18,30.66,50.51,10.24,53.42,3.53,51.52,12.22,48.62,1.82,58.48,54.42,24.84,42.33,8.58,52.83,3.49,54.61,12.96,38.71,1.45,51.32,52.68,24.05,42.33,8.58,53.04,3.5,43.27,10.27,69.59,2.61,49.01,48.28,22.04,54.6,11.07,44.88,2.96,68.05,16.14,50.44,1.89,54.1,42.56,19.43,46.42,9.41,36.1,2.38,29.08,6.9,49.02,1.84,39.96,34.54,15.77,46.42,9.41,49.36,3.26,53.49,12.69,43.69,1.64,42.77
202609072207,2026-09-07,22,7R,daily,67.18,30.66,56.64,11.49,51.99,3.43,50.0,11.86,50.0,1.88,59.32,54.42,24.84,46.42,9.41,47.54,3.14,50.0,11.86,50.0,1.88,51.13,52.68,24.05,42.33,8.58,51.97,3.43,50.0,11.86,50.0,1.88,49.8,48.28,22.04,38.24,7.75,39.51,2.61,50.0,11.86,50.0,1.88,46.14,42.56,19.43,44.37,9.0,51.93,3.43,50.0,11.86,50.0,1.88,45.59,34.54,15.77,38.24,7.75,46.4,3.06,50.0,11.86,50.0,1.88,40.32
202609072207,2026-09-07,22,7R,realtime,67.18,30.66,56.64,11.49,51.99,3.43,69.94,16.59,48.95,1.84,64.01,54.42,24.84,46.42,9.41,47.54,3.14,49.69,11.79,39.63,1.49,50.67,52.68,24.05,42.33,8.58,51.97,3.43,50.42,11.96,68.49,2.57,50.59,48.28,22.04,38.24,7.75,39.51,2.61,52.79,12.52,49.62,1.86,46.78,42.56,19.43,44.37,9.0,51.93,3.43,43.55,10.33,48.32,1.81,44.0,34.54,15.77,38.24,7.75,46.4,3.06,33.62,7.98,45.05,1.69,36.25
202609072208,2026-09-07,22,8R,daily,67.18,30.66,48.46,9.83,48.66,3.21,50.0,11.86,50.0,1.88,57.44,54.42,24.84,48.46,9.83,46.64,3.08,50.0,11.86,50.0,1.88,51.48,52.68,24.05,44.37,9.0,60.67,4.01,50.0,11.86,50.0,1.88,50.79,48.28,22.04,42.33,8.58,42.77,2.82,50.0,11.86,50.0,1.88,47.18,42.56,19.43,44.37,9.0,53.38,3.52,50.0,11.86,50.0,1.88,45.69,34.54,15.77,34.15,6.93,49.77,3.29,50.0,11.86,50.0,1.88,39.72
202609072208,2026-09-07,22,8R,realtime,67.18,30.66,48.46,9.83,48.66,3.21,58.99,13.99,48.95,1.84,59.53,54.42,24.84,48.46,9.83,46.64,3.08,38.78,9.2,39.63,1.49,48.43,52.68,24.05,44.37,9.0,60.67,4.01,54.69,12.97,68.49,2.57,52.59,48.28,22.04,42.33,8.58,42.77,2.82,36.72,8.71,49.62,1.86,44.02,42.56,19.43,44.37,9.0,53.38,3.52,60.41,14.33,48.32,1.81,48.09,34.54,15.77,34.15,6.93,49.77,3.29,50.43,11.96,45.05,1.69,39.63
202609072209,2026-09-07,22,9R,daily,67.18,30.66,48.46,9.83,41.46,2.74,50.0,11.86,50.0,1.88,56.96,54.42,24.84,50.51,10.24,48.18,3.18,50.0,11.86,50.0,1.88,52.0,52.68,24.05,46.42,9.41,51.27,3.39,50.0,11.86,50.0,1.88,50.58,48.28,22.04,44.37,9.0,61.84,4.08,50.0,11.86,50.0,1.88,48.85,42.56,19.43,44.37,9.0,59.28,3.91,50.0,11.86,50.0,1.88,46.08,34.54,15.77,44.37,9.0,47.03,3.11,50.0,11.86,50.0,1.88,41.61
202609072209,2026-09-07,22,9R,realtime,67.18,30.66,48.46,9.83,41.46,2.74,67.94,16.12,48.95,1.84,61.18,54.42,24.84,50.51,10.24,48.18,3.18,47.75,11.33,39.63,1.49,51.08,52.68,24.05,46.42,9.41,51.27,3.39,47.11,11.18,68.49,2.57,50.59,48.28,22.04,44.37,9.0,61.84,4.08,49.56,11.76,49.62,1.86,48.74,42.56,19.43,44.37,9.0,59.28,3.91,49.4,11.72,48.32,1.81,45.87,34.54,15.77,44.37,9.0,47.03,3.11,38.23,9.07,45.05,1.69,38.63
202609072210,2026-09-07,22,10R,daily,67.18,30.66,52.55,10.66,60.39,3.99,50.0,11.86,50.0,1.88,59.04,54.42,24.84,54.6,11.07,42.43,2.8,50.0,11.86,50.0,1.88,52.45,52.68,24.05,54.6,11.07,44.88,2.96,50.0,11.86,50.0,1.88,51.82,48.28,22.04,56.64,11.49,59.63,3.94,50.0,11.86,50.0,1.88,51.2,42.56,19.43,48.46,9.83,65.37,4.32,50.0,11.86,50.0,1.88,47.31,34.54,15.77,50.51,10.24,58.32,3.85,50.0,11.86,50.0,1.88,43.6
202609072210,2026-09-07,22,10R,realtime,67.18,30.66,52.55,10.66,60.39,3.99,58.81,13.95,48.95,1.84,61.09,52.68,24.05,54.6,11.07,42.43,2.8,58.82,13.95,68.49,2.57,54.44,48.28,22.04,54.6,11.07,44.88,2.96,61.33,14.55,49.62,1.86,52.48,42.56,19.43,56.64,11.49,59.63,3.94,40.83,9.68,48.32,1.81,46.35,34.54,15.77,48.46,9.83,65.37,4.32,53.72,12.74,45.05,1.69,44.34,54.42,24.84,50.51,10.24,58.32,3.85,26.5,6.29,39.63,1.49,46.71
202609072211,2026-09-07,22,11R,daily,67.18,30.66,58.68,11.9,49.84,3.29,50.0,11.86,50.0,1.88,59.59,54.42,24.84,46.42,9.41,51.76,3.42,50.0,11.86,50.0,1.88,51.41,52.68,24.05,48.46,9.83,36.56,2.41,50.0,11.86,50.0,1.88,50.03,48.28,22.04,42.33,8.58,51.04,3.37,50.0,11.86,50.0,1.88,47.73,42.56,19.43,56.64,11.49,51.99,3.43,50.0,11.86,50.0,1.88,48.08,34.54,15.77,42.33,8.58,52.83,3.49,50.0,11.86,50.0,1.88,41.58
202609072211,2026-09-07,22,11R,realtime,67.18,30.66,58.68,11.9,49.84,3.29,68.11,16.16,55.2,2.07,64.08,54.42,24.84,46.42,9.41,51.76,3.42,40.81,9.68,44.53,1.67,49.02,52.68,24.05,48.46,9.83,36.56,2.41,43.81,10.39,52.77,1.98,48.66,48.28,22.04,42.33,8.58,51.04,3.37,54.33,12.89,46.4,1.74,48.62,34.54,15.77,56.64,11.49,51.99,3.43,46.18,10.95,45.68,1.71,43.35,42.56,19.43,42.33,8.58,52.83,3.49,46.79,11.1,55.52,2.08,44.68
202609072212,2026-09-07,22,12R,daily,67.18,30.66,66.86,13.56,62.72,4.14,50.0,11.86,50.0,1.88,62.1,54.42,24.84,46.42,9.41,74.47,4.92,50.0,11.86,50.0,1.88,52.91,52.68,24.05,56.64,11.49,70.07,4.63,50.0,11.86,50.0,1.88,53.9,48.28,22.04,52.55,10.66,65.52,4.33,50.0,11.86,50.0,1.88,50.76,42.56,19.43,54.6,11.07,45.88,3.03,50.0,11.86,50.0,1.88,47.27,34.54,15.77,52.55,10.66,35.77,2.36,50.0,11.86,50.0,1.88,42.52
202609072212,2026-09-07,22,12R,realtime,67.18,30.66,66.86,13.56,62.72,4.14,50.54,11.99,55.2,2.07,62.42,54.42,24.84,46.42,9.41,74.47,4.92,59.11,14.02,44.53,1.67,54.86,52.68,24.05,56.64,11.49,70.07,4.63,54.02,12.82,52.77,1.98,54.95,48.28,22.04,52.55,10.66,65.52,4.33,35.44,8.41,46.4,1.74,47.17,42.56,19.43,54.6,11.07,45.88,3.03,59.15,14.03,55.52,2.08,49.64,34.54,15.77,52.55,10.66,35.77,2.36,41.76,9.91,45.68,1.71,40.41
202609072401,2026-09-07,24,1R,daily,69.95,30.87,59.28,11.74,60.84,5.23,50.0,10.05,50.0,3.69,61.57,50.25,22.17,59.28,11.74,34.81,2.99,50.0,10.05,50.0,3.69,50.64,52.33,23.09,67.6,13.39,49.08,4.22,50.0,10.05,50.0,3.69,54.43,46.7,20.61,53.04,10.5,49.2,4.23,50.0,10.05,50.0,3.69,49.08,43.87,19.36,63.44,12.56,41.92,3.6,50.0,10.05,50.0,3.69,49.26,36.68,16.19,55.12,10.91,57.24,4.92,50.0,10.05,50.0,3.69,45.76
202609072401,2026-09-07,24,1R,realtime,69.95,30.87,59.28,11.74,60.84,5.23,56.96,11.44,32.17,2.38,61.66,50.25,22.17,59.28,11.74,34.81,2.99,53.15,10.68,82.05,6.06,53.64,52.33,23.09,67.6,13.39,49.08,4.22,41.72,8.38,68.52,5.06,54.14,46.7,20.61,53.04,10.5,49.2,4.23,52.23,10.49,56.58,4.18,50.01,43.87,19.36,63.44,12.56,41.92,3.6,42.57,8.55,17.45,1.29,45.37,36.68,16.19,55.12,10.91,57.24,4.92,53.39,10.73,43.18,3.19,45.94
202609072402,2026-09-07,24,2R,daily,69.95,30.87,55.12,10.91,47.38,4.07,50.0,10.05,50.0,3.69,59.59,50.25,22.17,53.04,10.5,56.68,4.87,50.0,10.05,50.0,3.69,51.28,52.33,23.09,67.6,13.39,37.56,3.23,50.0,10.05,50.0,3.69,53.44,46.7,20.61,57.2,11.32,47.74,4.1,50.0,10.05,50.0,3.69,49.77,43.87,19.36,71.77,14.21,50.86,4.37,50.0,10.05,50.0,3.69,51.68,36.68,16.19,92.58,18.33,55.32,4.75,50.0,10.05,50.0,3.69,53.01
202609072402,2026-09-07,24,2R,realtime,69.95,30.87,55.12,10.91,47.38,4.07,66.6,13.38,30.25,2.23,61.47,50.25,22.17,53.04,10.5,56.68,4.87,53.1,10.67,87.7,6.48,54.69,52.33,23.09,67.6,13.39,37.56,3.23,44.69,8.98,70.57,5.21,53.9,46.7,20.61,57.2,11.32,47.74,4.1,44.51,8.94,59.15,4.37,49.35,43.87,19.36,71.77,14.21,50.86,4.37,43.47,8.73,13.68,1.01,47.68,36.68,16.19,92.58,18.33,55.32,4.75,47.65,9.57,38.6,2.85,51.7
202609072403,2026-09-07,24,3R,daily,69.95,30.87,69.68,13.8,46.12,3.96,50.0,10.05,50.0,3.69,62.37,50.25,22.17,69.68,13.8,38.64,3.32,50.0,10.05,50.0,3.69,53.03,52.33,23.09,67.6,13.39,52.3,4.49,50.0,10.05,50.0,3.69,54.71,46.7,20.61,53.04,10.5,50.94,4.38,50.0,10.05,50.0,3.69,49.22,43.87,19.36,63.44,12.56,51.68,4.44,50.0,10.05,50.0,3.69,50.1,36.68,16.19,84.25,16.68,40.66,3.49,50.0,10.05,50.0,3.69,50.1
202609072403,2026-09-07,24,3R,realtime,69.95,30.87,69.68,13.8,46.12,3.96,59.83,12.02,26.93,1.99,62.64,52.33,23.09,69.68,13.8,38.64,3.32,50.58,10.16,75.73,5.59,55.97,46.7,20.61,67.6,13.39,52.3,4.49,46.91,9.42,60.45,4.47,52.38,43.87,19.36,53.04,10.5,50.94,4.38,44.59,8.96,6.13,0.45,43.65,36.68,16.19,63.44,12.56,51.68,4.44,59.26,11.91,36.43,2.69,47.79,50.25,22.17,84.25,16.68,40.66,3.49,38.84,7.8,94.29,6.97,57.12
202609072404,2026-09-07,24,4R,daily,69.95,30.87,59.28,11.74,58.45,5.02,50.0,10.05,50.0,3.69,61.37,50.25,22.17,61.36,12.15,57.01,4.9,50.0,10.05,50.0,3.69,52.96,52.33,23.09,55.12,10.91,44.05,3.78,50.0,10.05,50.0,3.69,51.53,46.7,20.61,78.01,15.45,68.92,5.92,50.0,10.05,50.0,3.69,55.71,43.87,19.36,75.93,15.03,52.65,4.52,50.0,10.05,50.0,3.69,52.66,36.68,16.19,63.44,12.56,52.74,4.53,50.0,10.05,50.0,3.69,47.02
202609072404,2026-09-07,24,4R,realtime,69.95,30.87,59.28,11.74,58.45,5.02,54.52,10.95,26.93,1.99,60.57,50.25,22.17,61.36,12.15,57.01,4.9,58.81,11.82,94.29,6.97,58.0,52.33,23.09,55.12,10.91,44.05,3.78,41.61,8.36,75.73,5.59,51.74,46.7,20.61,78.01,15.45,68.92,5.92,41.0,8.24,60.45,4.47,54.68,43.87,19.36,75.93,15.03,52.65,4.52,49.36,9.92,6.13,0.45,49.29,36.68,16.19,63.44,12.56,52.74,4.53,54.72,10.99,36.43,2.69,46.96
202609072405,2026-09-07,24,5R,daily,69.95,30.87,59.28,11.74,62.96,5.41,50.0,10.05,50.0,3.69,61.76,50.25,22.17,61.36,12.15,46.29,3.98,50.0,10.05,50.0,3.69,52.04,52.33,23.09,59.28,11.74,55.59,4.78,50.0,10.05,50.0,3.69,53.35,46.7,20.61,65.52,12.97,66.8,5.74,50.0,10.05,50.0,3.69,53.06,43.87,19.36,65.52,12.97,75.79,6.51,50.0,10.05,50.0,3.69,52.58,36.68,16.19,57.2,11.32,52.34,4.5,50.0,10.05,50.0,3.69,45.75
202609072405,2026-09-07,24,5R,realtime,69.95,30.87,59.28,11.74,62.96,5.41,75.35,15.14,30.87,2.28,65.44,50.25,22.17,61.36,12.15,46.29,3.98,43.47,8.73,86.75,6.41,53.44,52.33,23.09,59.28,11.74,55.59,4.78,51.82,10.41,71.61,5.29,55.31,43.87,19.36,65.52,12.97,66.8,5.74,32.87,6.6,13.39,0.99,45.67,46.7,20.61,65.52,12.97,75.79,6.51,47.01,9.45,58.61,4.33,53.87,36.68,16.19,57.2,11.32,52.34,4.5,49.49,9.94,38.71,2.86,44.81
202609072406,2026-09-07,24,6R,daily,69.95,30.87,53.04,10.5,49.2,4.23,50.0,10.05,50.0,3.69,59.34,50.25,22.17,67.6,13.39,54.45,4.68,50.0,10.05,50.0,3.69,53.98,52.33,23.09,67.6,13.39,46.47,3.99,50.0,10.05,50.0,3.69,54.21,46.7,20.61,63.44,12.56,48.88,4.2,50.0,10.05,50.0,3.69,51.11,43.87,19.36,53.04,10.5,66.29,5.7,50.0,10.05,50.0,3.69,49.3,36.68,16.19,86.33,17.09,64.5,5.54,50.0,10.05,50.0,3.69,52.56
202609072406,2026-09-07,24,6R,realtime,69.95,30.87,53.04,10.5,49.2,4.23,51.58,10.36,31.5,2.33,58.29,50.25,22.17,67.6,13.39,54.45,4.68,53.44,10.74,85.8,6.34,57.31,52.33,23.09,67.6,13.39,46.47,3.99,47.81,9.61,72.65,5.37,55.44,46.7,20.61,63.44,12.56,48.88,4.2,40.29,8.09,58.08,4.29,49.75,43.87,19.36,53.04,10.5,66.29,5.7,55.98,11.25,13.1,0.97,47.77,36.68,16.19,86.33,17.09,64.5,5.54,50.93,10.23,38.81,2.87,51.92
202609072407,2026-09-07,24,7R,daily,69.95,30.87,71.77,14.21,50.86,4.37,50.0,10.05,50.0,3.69,63.19,50.25,22.17,59.28,11.74,56.02,4.81,50.0,10.05,50.0,3.69,52.46,52.33,23.09,67.6,13.39,62.42,5.36,50.0,10.05,50.0,3.69,55.58,46.7,20.61,53.04,10.5,38.97,3.35,50.0,10.05,50.0,3.69,48.2,43.87,19.36,59.28,11.74,60.84,5.23,50.0,10.05,50.0,3.69,50.06,36.68,16.19,75.93,15.03,68.84,5.92,50.0,10.05,50.0,3.69,50.88
202609072408,2026-09-07,24,8R,daily,69.95,30.87,67.6,13.39,37.56,3.23,50.0,10.05,50.0,3.69,61.22,50.25,22.17,84.25,16.68,40.66,3.49,50.0,10.05,50.0,3.69,56.09,52.33,23.09,57.2,11.32,51.33,4.41,50.0,10.05,50.0,3.69,52.57,46.7,20.61,55.12,10.91,57.24,4.92,50.0,10.05,50.0,3.69,50.18,43.87,19.36,53.04,10.5,48.5,4.17,50.0,10.05,50.0,3.69,47.77,36.68,16.19,61.36,12.15,54.79,4.71,50.0,10.05,50.0,3.69,46.78
202609072409,2026-09-07,24,9R,daily,69.95,30.87,78.01,15.45,68.92,5.92,50.0,10.05,50.0,3.69,65.98,50.25,22.17,63.44,12.56,41.92,3.6,50.0,10.05,50.0,3.69,52.08,52.33,23.09,63.44,12.56,51.68,4.44,50.0,10.05,50.0,3.69,53.83,46.7,20.61,78.01,15.45,53.44,4.59,50.0,10.05,50.0,3.69,54.38,43.87,19.36,67.6,13.39,52.15,4.48,50.0,10.05,50.0,3.69,50.97,36.68,16.19,53.04,10.5,56.68,4.87,50.0,10.05,50.0,3.69,45.3
202609072410,2026-09-07,24,10R,daily,69.95,30.87,80.09,15.86,62.93,5.41,50.0,10.05,50.0,3.69,65.87,50.25,22.17,65.52,12.97,75.79,6.51,50.0,10.05,50.0,3.69,55.4,52.33,23.09,55.12,10.91,47.38,4.07,50.0,10.05,50.0,3.69,51.82,46.7,20.61,59.28,11.74,34.81,2.99,50.0,10.05,50.0,3.69,49.07,43.87,19.36,59.28,11.74,58.45,5.02,50.0,10.05,50.0,3.69,49.86,36.68,16.19,53.04,10.5,50.94,4.38,50.0,10.05,50.0,3.69,44.8
202609072411,2026-09-07,24,11R,daily,69.95,30.87,63.44,12.56,48.88,4.2,50.0,10.05,50.0,3.69,61.37,50.25,22.17,63.44,12.56,52.74,4.53,50.0,10.05,50.0,3.69,53.01,52.33,23.09,92.58,18.33,49.17,4.22,50.0,10.05,50.0,3.69,59.39,46.7,20.61,92.58,18.33,55.32,4.75,50.0,10.05,50.0,3.69,57.43,43.87,19.36,69.68,13.8,46.12,3.96,50.0,10.05,50.0,3.69,50.86,36.68,16.19,67.6,13.39,49.08,4.22,50.0,10.05,50.0,3.69,47.53
202609072412,2026-09-07,24,12R,daily,69.95,30.87,84.25,16.68,45.06,3.87,50.0,10.05,50.0,3.69,65.16,50.25,22.17,86.33,17.09,59.25,5.09,50.0,10.05,50.0,3.69,58.1,52.33,23.09,71.77,14.21,44.24,3.8,50.0,10.05,50.0,3.69,54.84,46.7,20.61,88.41,17.51,51.03,4.38,50.0,10.05,50.0,3.69,56.24,43.87,19.36,73.85,14.62,50.55,4.34,50.0,10.05,50.0,3.69,52.06,36.68,16.19,86.33,17.09,48.98,4.21,50.0,10.05,50.0,3.69,51.23
