レースコード,レース日,レース場コード,レース回,状態,1枠_枠番pt,1枠_寄与_枠番pt,1枠_選手pt,1枠_寄与_選手pt,1枠_モーターpt,1枠_寄与_モーターpt,1枠_展示pt,1枠_寄与_展示pt,1枠_気象pt,1枠_寄与_気象pt,1枠_強さpt,2枠_枠番pt,2枠_寄与_枠番pt,2枠_選手pt,2枠_寄与_選手pt,2枠_モーターpt,2枠_寄与_モーターpt,2枠_展示pt,2枠_寄与_展示pt,2枠_気象pt,2枠_寄与_気象pt,2枠_強さpt,3枠_枠番pt,3枠_寄与_枠番pt,3枠_選手pt,3枠_寄与_選手pt,3枠_モーターpt,3枠_寄与_モーターpt,3枠_展示pt,3枠_寄与_展示pt,3枠_気象pt,3枠_寄与_気象pt,3枠_強さpt,4枠_枠番pt,4枠_寄与_枠番pt,4枠_選手pt,4枠_寄与_選手pt,4枠_モーターpt,4枠_寄与_モーターpt,4枠_展示pt,4枠_寄与_展示pt,4枠_気象pt,4枠_寄与_気象pt,4枠_強さpt,5枠_枠番pt,5枠_寄与_枠番pt,5枠_選手pt,5枠_寄与_選手pt,5枠_モーターpt,5枠_寄与_モーターpt,5枠_展示pt,5枠_寄与_展示pt,5枠_気象pt,5枠_寄与_気象pt,5枠_強さpt,6枠_枠番pt,6枠_寄与_枠番pt,6枠_選手pt,6枠_寄与_選手pt,6枠_モーターpt,6枠_寄与_モーターpt,6枠_展示pt,6枠_寄与_展示pt,6枠_気象pt,6枠_寄与_気象pt,6枠_強さpt
202609080101,2026-09-08,01,1R,daily,68.49,25.96,42.06,8.23,52.83,6.53,50.0,10.9,50.0,4.18,55.8,52.33,19.84,49.28,9.64,30.13,3.72,50.0,10.9,50.0,4.18,48.29,52.57,19.93,45.67,8.94,47.62,5.89,50.0,10.9,50.0,4.18,49.83,47.29,17.93,42.06,8.23,57.83,7.15,50.0,10.9,50.0,4.18,48.39,44.66,16.93,49.28,9.64,44.17,5.46,50.0,10.9,50.0,4.18,47.11,34.48,13.07,43.86,8.59,58.14,7.19,50.0,10.9,50.0,4.18,43.92
202609080101,2026-09-08,01,1R,realtime,68.49,25.96,42.06,8.23,52.83,6.53,55.24,12.05,44.78,3.74,56.51,52.33,19.84,49.28,9.64,30.13,3.72,49.24,10.74,47.65,3.98,47.92,52.57,19.93,45.67,8.94,47.62,5.89,55.84,12.18,37.81,3.16,50.09,47.29,17.93,42.06,8.23,57.83,7.15,33.93,7.4,60.12,5.02,45.73,44.66,16.93,49.28,9.64,44.17,5.46,61.21,13.35,51.63,4.31,49.69,34.48,13.07,43.86,8.59,58.14,7.19,44.47,9.7,58.12,4.85,43.39
202609080102,2026-09-08,01,2R,daily,68.49,25.96,45.67,8.94,56.48,6.98,50.0,10.9,50.0,4.18,56.96,52.33,19.84,54.69,10.7,33.3,4.12,50.0,10.9,50.0,4.18,49.74,52.57,19.93,45.67,8.94,60.76,7.51,50.0,10.9,50.0,4.18,51.45,47.29,17.93,45.67,8.94,48.2,5.96,50.0,10.9,50.0,4.18,47.9,44.66,16.93,40.25,7.88,41.87,5.17,50.0,10.9,50.0,4.18,45.06,34.48,13.07,40.25,7.88,39.75,4.91,50.0,10.9,50.0,4.18,40.94
202609080102,2026-09-08,01,2R,realtime,68.49,25.96,45.67,8.94,56.48,6.98,63.42,13.83,45.5,3.8,59.51,52.33,19.84,54.69,10.7,33.3,4.12,50.95,11.11,46.9,3.92,49.69,52.57,19.93,45.67,8.94,60.76,7.51,51.59,11.25,38.38,3.21,50.83,47.29,17.93,45.67,8.94,48.2,5.96,54.43,11.87,59.18,4.94,49.64,44.66,16.93,40.25,7.88,41.87,5.17,55.0,12.0,51.53,4.3,46.28,34.48,13.07,40.25,7.88,39.75,4.91,24.53,5.35,58.64,4.9,36.11
202609080103,2026-09-08,01,3R,daily,68.49,25.96,43.86,8.59,54.38,6.72,50.0,10.9,50.0,4.18,56.35,52.33,19.84,47.47,9.29,52.16,6.45,50.0,10.9,50.0,4.18,50.65,52.57,19.93,63.71,12.47,47.12,5.82,50.0,10.9,50.0,4.18,53.3,47.29,17.93,43.86,8.59,41.21,5.09,50.0,10.9,50.0,4.18,46.68,44.66,16.93,42.06,8.23,54.55,6.74,50.0,10.9,50.0,4.18,46.98,34.48,13.07,43.86,8.59,61.06,7.55,50.0,10.9,50.0,4.18,44.28
202609080103,2026-09-08,01,3R,realtime,68.49,25.96,43.86,8.59,54.38,6.72,56.32,12.28,44.54,3.72,57.27,52.33,19.84,47.47,9.29,52.16,6.45,52.66,11.49,44.49,3.72,50.78,52.57,19.93,63.71,12.47,47.12,5.82,58.44,12.74,40.71,3.4,54.37,47.29,17.93,43.86,8.59,41.21,5.09,37.85,8.25,60.24,5.03,44.89,44.66,16.93,42.06,8.23,54.55,6.74,50.94,11.11,52.29,4.37,47.38,34.48,13.07,43.86,8.59,61.06,7.55,43.72,9.54,57.86,4.83,43.57
202609080104,2026-09-08,01,4R,daily,68.49,25.96,43.86,8.59,49.77,6.15,50.0,10.9,50.0,4.18,55.78,52.33,19.84,60.1,11.76,46.94,5.8,50.0,10.9,50.0,4.18,52.48,52.57,19.93,45.67,8.94,44.01,5.44,50.0,10.9,50.0,4.18,49.38,47.29,17.93,43.86,8.59,41.99,5.19,50.0,10.9,50.0,4.18,46.78,44.66,16.93,33.03,6.47,37.85,4.68,50.0,10.9,50.0,4.18,43.15,34.48,13.07,47.47,9.29,55.45,6.85,50.0,10.9,50.0,4.18,44.29
202609080104,2026-09-08,01,4R,realtime,68.49,25.96,43.86,8.59,49.77,6.15,47.8,10.43,44.54,3.72,54.84,52.33,19.84,60.1,11.76,46.94,5.8,51.17,11.16,44.49,3.72,52.28,52.57,19.93,45.67,8.94,44.01,5.44,53.99,11.78,40.71,3.4,49.48,47.29,17.93,43.86,8.59,41.99,5.19,37.25,8.12,60.24,5.03,44.86,34.48,13.07,33.03,6.47,37.85,4.68,54.77,11.94,57.86,4.83,40.99,44.66,16.93,47.47,9.29,55.45,6.85,54.94,11.98,52.29,4.37,49.42
202609080105,2026-09-08,01,5R,daily,68.49,25.96,43.86,8.59,45.21,5.59,50.0,10.9,50.0,4.18,55.21,52.33,19.84,51.08,10.0,38.62,4.77,50.0,10.9,50.0,4.18,49.69,52.57,19.93,45.67,8.94,64.73,8.0,50.0,10.9,50.0,4.18,51.94,47.29,17.93,49.28,9.64,57.38,7.09,50.0,10.9,50.0,4.18,49.74,44.66,16.93,60.1,11.76,59.36,7.34,50.0,10.9,50.0,4.18,51.11,34.48,13.07,60.1,11.76,56.36,6.97,50.0,10.9,50.0,4.18,46.88
202609080105,2026-09-08,01,5R,realtime,52.33,19.84,43.86,8.59,45.21,5.59,50.45,11.0,46.42,3.88,48.89,52.57,19.93,51.08,10.0,38.62,4.77,48.12,10.49,40.34,3.37,48.56,47.29,17.93,45.67,8.94,64.73,8.0,36.17,7.89,51.25,4.28,47.03,44.66,16.93,49.28,9.64,57.38,7.09,52.11,11.36,62.98,5.26,50.29,68.49,25.96,60.1,11.76,59.36,7.34,54.55,11.9,47.88,4.0,60.96,34.48,13.07,60.1,11.76,56.36,6.97,58.53,12.77,51.24,4.28,48.84
202609080106,2026-09-08,01,6R,daily,68.49,25.96,72.73,14.24,41.51,5.13,50.0,10.9,50.0,4.18,60.41,52.33,19.84,40.25,7.88,41.87,5.17,50.0,10.9,50.0,4.18,47.97,52.57,19.93,49.28,9.64,66.52,8.22,50.0,10.9,50.0,4.18,52.87,47.29,17.93,43.86,8.59,53.24,6.58,50.0,10.9,50.0,4.18,48.17,44.66,16.93,42.06,8.23,50.09,6.19,50.0,10.9,50.0,4.18,46.43,34.48,13.07,42.06,8.23,57.83,7.15,50.0,10.9,50.0,4.18,43.53
202609080106,2026-09-08,01,6R,realtime,68.49,25.96,72.73,14.24,41.51,5.13,58.88,12.84,47.88,4.0,62.17,52.33,19.84,40.25,7.88,41.87,5.17,49.21,10.73,46.42,3.88,47.5,52.57,19.93,49.28,9.64,66.52,8.22,45.83,9.99,40.34,3.37,51.16,47.29,17.93,43.86,8.59,53.24,6.58,57.24,12.48,51.25,4.28,49.85,44.66,16.93,42.06,8.23,50.09,6.19,48.82,10.65,62.98,5.26,47.26,34.48,13.07,42.06,8.23,57.83,7.15,39.96,8.71,51.24,4.28,41.44
202609080107,2026-09-08,01,7R,daily,68.49,25.96,61.91,12.12,57.83,7.15,50.0,10.9,50.0,4.18,60.31,52.33,19.84,43.86,8.59,42.16,5.21,50.0,10.9,50.0,4.18,48.71,52.57,19.93,45.67,8.94,48.15,5.95,50.0,10.9,50.0,4.18,49.9,47.29,17.93,45.67,8.94,47.62,5.89,50.0,10.9,50.0,4.18,47.83,44.66,16.93,43.86,8.59,54.38,6.72,50.0,10.9,50.0,4.18,47.32,34.48,13.07,42.06,8.23,54.75,6.77,50.0,10.9,50.0,4.18,43.15
202609080108,2026-09-08,01,8R,daily,68.49,25.96,54.69,10.7,47.25,5.84,50.0,10.9,50.0,4.18,57.59,52.33,19.84,40.25,7.88,39.75,4.91,50.0,10.9,50.0,4.18,47.71,52.57,19.93,42.06,8.23,52.83,6.53,50.0,10.9,50.0,4.18,49.77,47.29,17.93,43.86,8.59,42.45,5.25,50.0,10.9,50.0,4.18,46.84,44.66,16.93,47.47,9.29,52.16,6.45,50.0,10.9,50.0,4.18,47.75,34.48,13.07,33.03,6.47,37.85,4.68,50.0,10.9,50.0,4.18,39.29
202609080109,2026-09-08,01,9R,daily,68.49,25.96,42.06,8.23,34.34,4.24,50.0,10.9,50.0,4.18,53.52,52.33,19.84,45.67,8.94,39.71,4.91,50.0,10.9,50.0,4.18,48.76,52.57,19.93,54.69,10.7,33.3,4.12,50.0,10.9,50.0,4.18,49.83,47.29,17.93,49.28,9.64,56.0,6.92,50.0,10.9,50.0,4.18,49.57,44.66,16.93,43.86,8.59,41.99,5.19,50.0,10.9,50.0,4.18,45.78,34.48,13.07,49.28,9.64,30.13,3.72,50.0,10.9,50.0,4.18,41.52
202609080110,2026-09-08,01,10R,daily,68.49,25.96,49.28,9.64,36.64,4.53,50.0,10.9,50.0,4.18,55.21,52.33,19.84,49.28,9.64,57.38,7.09,50.0,10.9,50.0,4.18,51.65,52.57,19.93,43.86,8.59,53.24,6.58,50.0,10.9,50.0,4.18,50.17,47.29,17.93,43.86,8.59,58.14,7.19,50.0,10.9,50.0,4.18,48.78,44.66,16.93,63.71,12.47,47.12,5.82,50.0,10.9,50.0,4.18,50.3,34.48,13.07,47.47,9.29,49.38,6.1,50.0,10.9,50.0,4.18,43.54
202609080111,2026-09-08,01,11R,daily,68.49,25.96,60.1,11.76,46.94,5.8,50.0,10.9,50.0,4.18,58.61,52.33,19.84,49.28,9.64,44.17,5.46,50.0,10.9,50.0,4.18,50.02,52.57,19.93,51.08,10.0,38.62,4.77,50.0,10.9,50.0,4.18,49.78,47.29,17.93,42.06,8.23,54.55,6.74,50.0,10.9,50.0,4.18,47.98,44.66,16.93,45.67,8.94,60.76,7.51,50.0,10.9,50.0,4.18,48.46,34.48,13.07,72.73,14.24,41.51,5.13,50.0,10.9,50.0,4.18,47.52
202609080112,2026-09-08,01,12R,daily,68.49,25.96,60.1,11.76,59.36,7.34,50.0,10.9,50.0,4.18,60.14,52.33,19.84,54.69,10.7,47.25,5.84,50.0,10.9,50.0,4.18,51.46,52.57,19.93,47.47,9.29,55.45,6.85,50.0,10.9,50.0,4.18,51.15,47.29,17.93,43.86,8.59,61.06,7.55,50.0,10.9,50.0,4.18,49.14,44.66,16.93,43.86,8.59,42.16,5.21,50.0,10.9,50.0,4.18,45.81,34.48,13.07,45.67,8.94,48.2,5.96,50.0,10.9,50.0,4.18,43.05
202609080301,2026-09-08,03,1R,daily,67.26,30.43,49.65,13.52,64.51,6.91,50.0,3.6,50.0,4.8,59.27,54.05,24.46,31.54,8.59,61.32,6.57,50.0,3.6,50.0,4.8,48.02,52.8,23.89,52.24,14.23,52.01,5.57,50.0,3.6,50.0,4.8,52.09,46.35,20.97,62.59,17.05,47.13,5.05,50.0,3.6,50.0,4.8,51.47,42.93,19.42,39.3,10.71,52.23,5.59,50.0,3.6,50.0,4.8,44.13,37.66,17.04,49.65,13.52,49.87,5.34,50.0,3.6,50.0,4.8,44.31
202609080301,2026-09-08,03,1R,realtime,67.26,30.43,49.65,13.52,64.51,6.91,45.17,3.26,53.52,5.13,59.26,54.05,24.46,31.54,8.59,61.32,6.57,69.51,5.01,48.53,4.65,49.28,52.8,23.89,52.24,14.23,52.01,5.57,49.6,3.58,46.17,4.43,51.69,46.35,20.97,62.59,17.05,47.13,5.05,54.02,3.89,43.31,4.15,51.12,42.93,19.42,39.3,10.71,52.23,5.59,42.96,3.1,54.5,5.23,44.05,37.66,17.04,49.65,13.52,49.87,5.34,38.54,2.78,54.23,5.2,43.89
202609080302,2026-09-08,03,2R,daily,67.26,30.43,44.48,12.12,68.95,7.39,50.0,3.6,50.0,4.8,58.33,54.05,24.46,52.24,14.23,59.05,6.32,50.0,3.6,50.0,4.8,53.41,52.8,23.89,39.3,10.71,36.15,3.87,50.0,3.6,50.0,4.8,46.87,46.35,20.97,39.3,10.71,51.52,5.52,50.0,3.6,50.0,4.8,45.6,42.93,19.42,47.07,12.82,55.55,5.95,50.0,3.6,50.0,4.8,46.6,37.66,17.04,52.24,14.23,27.72,2.97,50.0,3.6,50.0,4.8,42.64
202609080302,2026-09-08,03,2R,realtime,67.26,30.43,44.48,12.12,68.95,7.39,44.53,3.21,50.63,4.86,58.0,54.05,24.46,52.24,14.23,59.05,6.32,57.29,4.13,42.41,4.07,53.21,52.8,23.89,39.3,10.71,36.15,3.87,54.46,3.93,45.44,4.36,46.75,46.35,20.97,39.3,10.71,51.52,5.52,60.13,4.33,48.83,4.68,46.22,42.93,19.42,47.07,12.82,55.55,5.95,53.04,3.82,58.3,5.59,47.61,37.66,17.04,52.24,14.23,27.72,2.97,30.35,2.19,54.65,5.24,41.67
202609080303,2026-09-08,03,3R,daily,67.26,30.43,49.65,13.52,39.1,4.19,50.0,3.6,50.0,4.8,56.55,54.05,24.46,39.3,10.71,47.58,5.1,50.0,3.6,50.0,4.8,48.66,52.8,23.89,78.12,21.28,69.02,7.39,50.0,3.6,50.0,4.8,60.96,46.35,20.97,47.07,12.82,60.96,6.53,50.0,3.6,50.0,4.8,48.72,42.93,19.42,49.65,13.52,39.62,4.24,50.0,3.6,50.0,4.8,45.59,37.66,17.04,52.24,14.23,54.11,5.8,50.0,3.6,50.0,4.8,45.47
202609080303,2026-09-08,03,3R,realtime,67.26,30.43,49.65,13.52,39.1,4.19,39.41,2.84,50.63,4.86,55.84,54.05,24.46,39.3,10.71,47.58,5.1,56.93,4.1,42.41,4.07,48.43,52.8,23.89,78.12,21.28,69.02,7.39,67.71,4.88,45.44,4.36,61.8,46.35,20.97,47.07,12.82,60.96,6.53,42.1,3.04,48.83,4.68,48.04,42.93,19.42,49.65,13.52,39.62,4.24,42.1,3.04,58.3,5.59,45.82,37.66,17.04,52.24,14.23,54.11,5.8,51.54,3.72,54.65,5.24,46.02
202609080304,2026-09-08,03,4R,daily,67.26,30.43,49.65,13.52,47.6,5.1,50.0,3.6,50.0,4.8,57.46,54.05,24.46,49.65,13.52,30.32,3.25,50.0,3.6,50.0,4.8,49.63,52.8,23.89,52.24,14.23,65.11,6.97,50.0,3.6,50.0,4.8,53.5,46.35,20.97,54.83,14.93,56.86,6.09,50.0,3.6,50.0,4.8,50.4,42.93,19.42,49.65,13.52,64.33,6.89,50.0,3.6,50.0,4.8,48.24,37.66,17.04,41.89,11.41,48.31,5.17,50.0,3.6,50.0,4.8,42.03
202609080304,2026-09-08,03,4R,realtime,67.26,30.43,49.65,13.52,47.6,5.1,47.81,3.45,49.58,4.76,57.26,54.05,24.46,49.65,13.52,30.32,3.25,55.22,3.98,42.09,4.04,49.25,52.8,23.89,52.24,14.23,65.11,6.97,42.24,3.05,45.92,4.4,52.54,46.35,20.97,54.83,14.93,56.86,6.09,66.34,4.78,49.5,4.75,51.53,42.93,19.42,49.65,13.52,64.33,6.89,53.37,3.85,59.14,5.67,49.36,37.66,17.04,41.89,11.41,48.31,5.17,34.82,2.51,54.03,5.18,41.32
202609080305,2026-09-08,03,5R,daily,67.26,30.43,44.48,12.12,56.35,6.04,50.0,3.6,50.0,4.8,56.99,54.05,24.46,52.24,14.23,53.89,5.77,50.0,3.6,50.0,4.8,52.86,52.8,23.89,62.59,17.05,53.05,5.68,50.0,3.6,50.0,4.8,55.02,46.35,20.97,39.3,10.71,58.3,6.24,50.0,3.6,50.0,4.8,46.32,42.93,19.42,52.24,14.23,52.01,5.57,50.0,3.6,50.0,4.8,47.63,37.66,17.04,44.48,12.12,57.94,6.21,50.0,3.6,50.0,4.8,43.76
202609080305,2026-09-08,03,5R,realtime,67.26,30.43,44.48,12.12,56.35,6.04,58.38,4.21,49.58,4.76,57.55,54.05,24.46,52.24,14.23,53.89,5.77,50.73,3.66,42.09,4.04,52.15,52.8,23.89,62.59,17.05,53.05,5.68,49.21,3.55,45.92,4.4,54.57,46.35,20.97,39.3,10.71,58.3,6.24,59.9,4.32,49.5,4.75,46.99,42.93,19.42,52.24,14.23,52.01,5.57,52.26,3.77,59.14,5.67,48.66,37.66,17.04,44.48,12.12,57.94,6.21,29.34,2.12,54.03,5.18,42.66
202609080306,2026-09-08,03,6R,daily,67.26,30.43,52.24,14.23,59.18,6.34,50.0,3.6,50.0,4.8,59.4,54.05,24.46,44.48,12.12,68.95,7.39,50.0,3.6,50.0,4.8,52.36,52.8,23.89,47.07,12.82,38.75,4.15,50.0,3.6,50.0,4.8,49.26,46.35,20.97,47.07,12.82,27.42,2.94,50.0,3.6,50.0,4.8,45.13,42.93,19.42,52.24,14.23,51.71,5.54,50.0,3.6,50.0,4.8,47.59,37.66,17.04,47.07,12.82,49.79,5.33,50.0,3.6,50.0,4.8,43.6
202609080306,2026-09-08,03,6R,realtime,67.26,30.43,52.24,14.23,59.18,6.34,59.07,4.26,41.84,4.01,59.27,54.05,24.46,44.48,12.12,68.95,7.39,54.25,3.91,37.56,3.6,51.47,52.8,23.89,47.07,12.82,38.75,4.15,41.41,2.99,45.48,4.36,48.21,46.35,20.97,47.07,12.82,27.42,2.94,33.38,2.41,64.78,6.21,45.35,42.93,19.42,52.24,14.23,51.71,5.54,62.27,4.49,58.61,5.62,49.3,37.66,17.04,47.07,12.82,49.79,5.33,49.44,3.56,51.99,4.99,43.75
202609080307,2026-09-08,03,7R,daily,67.26,30.43,62.59,17.05,47.13,5.05,50.0,3.6,50.0,4.8,60.93,54.05,24.46,54.83,14.93,59.12,6.33,50.0,3.6,50.0,4.8,54.12,52.8,23.89,41.89,11.41,61.11,6.55,50.0,3.6,50.0,4.8,50.25,46.35,20.97,44.48,12.12,62.05,6.65,50.0,3.6,50.0,4.8,48.14,42.93,19.42,52.24,14.23,27.72,2.97,50.0,3.6,50.0,4.8,45.02,37.66,17.04,49.65,13.52,39.62,4.24,50.0,3.6,50.0,4.8,43.21
202609080307,2026-09-08,03,7R,realtime,67.26,30.43,62.59,17.05,47.13,5.05,50.0,3.6,41.84,4.01,60.15,54.05,24.46,54.83,14.93,59.12,6.33,50.0,3.6,37.56,3.6,52.93,52.8,23.89,41.89,11.41,61.11,6.55,50.0,3.6,45.48,4.36,49.81,46.35,20.97,44.48,12.12,62.05,6.65,50.0,3.6,64.78,6.21,49.55,42.93,19.42,52.24,14.23,27.72,2.97,50.0,3.6,58.61,5.62,45.85,37.66,17.04,49.65,13.52,39.62,4.24,50.0,3.6,51.99,4.99,43.4
202609080308,2026-09-08,03,8R,daily,67.26,30.43,49.65,13.52,32.81,3.51,50.0,3.6,50.0,4.8,55.87,54.05,24.46,44.48,12.12,47.69,5.11,50.0,3.6,50.0,4.8,50.08,52.8,23.89,49.65,13.52,64.51,6.91,50.0,3.6,50.0,4.8,52.73,46.35,20.97,78.12,21.28,69.02,7.39,50.0,3.6,50.0,4.8,58.04,42.93,19.42,39.3,10.71,51.52,5.52,50.0,3.6,50.0,4.8,44.05,37.66,17.04,49.65,13.52,48.15,5.16,50.0,3.6,50.0,4.8,44.12
202609080308,2026-09-08,03,8R,realtime,67.26,30.43,49.65,13.52,32.81,3.51,37.75,2.72,38.39,3.68,53.88,54.05,24.46,44.48,12.12,47.69,5.11,50.69,3.65,20.41,1.96,47.29,52.8,23.89,49.65,13.52,64.51,6.91,65.78,4.74,63.31,6.07,55.14,46.35,20.97,78.12,21.28,69.02,7.39,57.15,4.12,72.22,6.93,60.69,42.93,19.42,39.3,10.71,51.52,5.52,50.69,3.65,62.43,5.99,45.29,37.66,17.04,49.65,13.52,48.15,5.16,37.75,2.72,43.49,4.17,42.62
202609080309,2026-09-08,03,9R,daily,67.26,30.43,57.42,15.64,48.09,5.15,50.0,3.6,50.0,4.8,59.62,54.05,24.46,62.59,17.05,53.05,5.68,50.0,3.6,50.0,4.8,55.59,52.8,23.89,39.3,10.71,52.23,5.59,50.0,3.6,50.0,4.8,48.59,46.35,20.97,49.65,13.52,39.1,4.19,50.0,3.6,50.0,4.8,47.09,42.93,19.42,49.65,13.52,44.31,4.75,50.0,3.6,50.0,4.8,46.1,37.66,17.04,52.24,14.23,59.05,6.32,50.0,3.6,50.0,4.8,46.0
202609080309,2026-09-08,03,9R,realtime,67.26,30.43,57.42,15.64,48.09,5.15,45.51,3.28,41.28,3.96,58.46,54.05,24.46,62.59,17.05,53.05,5.68,50.86,3.67,26.53,2.54,53.4,52.8,23.89,39.3,10.71,52.23,5.59,61.55,4.44,64.04,6.14,50.77,46.35,20.97,49.65,13.52,39.1,4.19,31.27,2.25,66.7,6.4,47.34,42.93,19.42,49.65,13.52,44.31,4.75,50.86,3.67,58.64,5.62,46.99,37.66,17.04,52.24,14.23,59.05,6.32,59.77,4.31,43.06,4.13,46.04
202609080310,2026-09-08,03,10R,daily,67.26,30.43,57.42,15.64,35.86,3.84,50.0,3.6,50.0,4.8,58.31,54.05,24.46,39.3,10.71,36.15,3.87,50.0,3.6,50.0,4.8,47.44,52.8,23.89,52.24,14.23,56.85,6.09,50.0,3.6,50.0,4.8,52.61,46.35,20.97,47.07,12.82,49.79,5.33,50.0,3.6,50.0,4.8,47.53,42.93,19.42,54.83,14.93,56.86,6.09,50.0,3.6,50.0,4.8,48.85,37.66,17.04,39.3,10.71,47.58,5.1,50.0,3.6,50.0,4.8,41.24
202609080310,2026-09-08,03,10R,realtime,67.26,30.43,57.42,15.64,35.86,3.84,40.7,2.93,49.58,4.76,57.6,54.05,24.46,39.3,10.71,36.15,3.87,42.84,3.09,42.09,4.04,46.16,52.8,23.89,52.24,14.23,56.85,6.09,40.7,2.93,45.92,4.4,51.55,46.35,20.97,47.07,12.82,49.79,5.33,68.5,4.94,49.5,4.75,48.81,42.93,19.42,54.83,14.93,56.86,6.09,51.39,3.7,59.14,5.67,49.83,37.66,17.04,39.3,10.71,47.58,5.1,55.67,4.01,54.03,5.18,42.04
202609080311,2026-09-08,03,11R,daily,67.26,30.43,83.29,22.69,32.42,3.47,50.0,3.6,50.0,4.8,64.99,54.05,24.46,47.07,12.82,38.75,4.15,50.0,3.6,50.0,4.8,49.83,52.8,23.89,52.24,14.23,53.89,5.77,50.0,3.6,50.0,4.8,52.29,46.35,20.97,52.24,14.23,65.11,6.97,50.0,3.6,50.0,4.8,50.58,42.93,19.42,31.54,8.59,61.32,6.57,50.0,3.6,50.0,4.8,42.98,37.66,17.04,41.89,11.41,61.11,6.55,50.0,3.6,50.0,4.8,43.4
202609080311,2026-09-08,03,11R,realtime,67.26,30.43,83.29,22.69,32.42,3.47,48.17,3.47,51.02,4.89,64.96,54.05,24.46,47.07,12.82,38.75,4.15,40.42,2.91,45.15,4.33,48.67,52.8,23.89,52.24,14.23,53.89,5.77,37.33,2.69,46.28,4.44,51.02,46.35,20.97,52.24,14.23,65.11,6.97,60.55,4.37,46.74,4.48,51.03,42.93,19.42,31.54,8.59,61.32,6.57,65.19,4.7,57.24,5.49,44.77,37.66,17.04,41.89,11.41,61.11,6.55,48.17,3.47,53.82,5.16,43.63
202609080312,2026-09-08,03,12R,daily,67.26,30.43,54.83,14.93,59.12,6.33,50.0,3.6,50.0,4.8,60.1,54.05,24.46,52.24,14.23,51.71,5.54,50.0,3.6,50.0,4.8,52.63,52.8,23.89,47.07,12.82,55.55,5.95,50.0,3.6,50.0,4.8,51.06,46.35,20.97,52.24,14.23,40.73,4.36,50.0,3.6,50.0,4.8,47.97,42.93,19.42,52.24,14.23,54.11,5.8,50.0,3.6,50.0,4.8,47.85,37.66,17.04,49.65,13.52,30.32,3.25,50.0,3.6,50.0,4.8,42.21
202609080312,2026-09-08,03,12R,realtime,67.26,30.43,54.83,14.93,59.12,6.33,47.44,3.42,51.02,4.89,60.01,54.05,24.46,52.24,14.23,51.71,5.54,69.49,5.01,45.15,4.33,53.57,52.8,23.89,47.07,12.82,55.55,5.95,44.68,3.22,46.28,4.44,50.32,46.35,20.97,52.24,14.23,40.73,4.36,40.56,2.92,46.74,4.48,46.97,42.93,19.42,52.24,14.23,54.11,5.8,41.93,3.02,57.24,5.49,47.96,37.66,17.04,49.65,13.52,30.32,3.25,55.7,4.02,53.82,5.16,42.99
202609080401,2026-09-08,04,1R,daily,68.6,22.21,37.76,11.84,44.33,5.23,50.0,10.36,50.0,1.87,51.52,53.19,17.22,54.48,17.09,52.08,6.14,50.0,10.36,50.0,1.87,52.69,50.76,16.44,37.76,11.84,42.26,4.98,50.0,10.36,50.0,1.87,45.49,48.3,15.64,49.71,15.59,56.93,6.71,50.0,10.36,50.0,1.87,50.17,42.68,13.82,40.15,12.59,45.96,5.42,50.0,10.36,50.0,1.87,44.06,35.78,11.58,52.09,16.34,43.06,5.08,50.0,10.36,50.0,1.87,45.23
202609080401,2026-09-08,04,1R,realtime,68.6,22.21,37.76,11.84,44.33,5.23,53.57,11.1,51.68,1.94,52.32,53.19,17.22,54.48,17.09,52.08,6.14,61.25,12.69,41.42,1.55,54.7,42.68,13.82,37.76,11.84,42.26,4.98,39.44,8.17,68.7,2.57,41.39,50.76,16.44,49.71,15.59,56.93,6.71,64.69,13.41,52.7,1.97,54.12,35.78,11.58,40.15,12.59,45.96,5.42,41.62,8.63,33.6,1.26,39.48,48.3,15.64,52.09,16.34,43.06,5.08,39.5,8.19,51.62,1.93,47.17
202609080402,2026-09-08,04,2R,daily,68.6,22.21,52.09,16.34,42.66,5.03,50.0,10.36,50.0,1.87,55.82,53.19,17.22,44.93,14.09,48.13,5.67,50.0,10.36,50.0,1.87,49.22,50.76,16.44,30.59,9.59,44.29,5.22,50.0,10.36,50.0,1.87,43.49,48.3,15.64,54.48,17.09,57.02,6.72,50.0,10.36,50.0,1.87,51.68,42.68,13.82,52.09,16.34,26.91,3.17,50.0,10.36,50.0,1.87,45.56,35.78,11.58,47.32,14.84,34.69,4.09,50.0,10.36,50.0,1.87,42.75
202609080402,2026-09-08,04,2R,realtime,68.6,22.21,52.09,16.34,42.66,5.03,56.74,11.76,52.66,1.97,57.31,53.19,17.22,44.93,14.09,48.13,5.67,45.9,9.51,41.35,1.55,48.05,50.76,16.44,30.59,9.59,44.29,5.22,40.31,8.35,52.93,1.98,41.59,48.3,15.64,54.48,17.09,57.02,6.72,60.5,12.54,51.76,1.94,53.93,42.68,13.82,52.09,16.34,26.91,3.17,48.78,10.11,67.68,2.53,45.97,35.78,11.58,47.32,14.84,34.69,4.09,47.85,9.92,33.32,1.25,41.68
202609080403,2026-09-08,04,3R,daily,68.6,22.21,30.59,9.59,36.55,4.31,50.0,10.36,50.0,1.87,48.35,53.19,17.22,44.93,14.09,34.72,4.09,50.0,10.36,50.0,1.87,47.64,50.76,16.44,42.54,13.34,55.81,6.58,50.0,10.36,50.0,1.87,48.59,48.3,15.64,61.65,19.34,58.18,6.86,50.0,10.36,50.0,1.87,54.07,42.68,13.82,49.71,15.59,59.8,7.05,50.0,10.36,50.0,1.87,48.69,35.78,11.58,32.98,10.34,48.25,5.69,50.0,10.36,50.0,1.87,39.85
202609080403,2026-09-08,04,3R,realtime,68.6,22.21,30.59,9.59,36.55,4.31,50.04,10.37,52.66,1.97,48.46,53.19,17.22,44.93,14.09,34.72,4.09,57.28,11.87,41.35,1.55,48.83,50.76,16.44,42.54,13.34,55.81,6.58,57.86,11.99,52.93,1.98,50.33,48.3,15.64,61.65,19.34,58.18,6.86,48.21,9.99,51.76,1.94,53.76,42.68,13.82,49.71,15.59,59.8,7.05,40.61,8.42,67.68,2.53,47.41,35.78,11.58,32.98,10.34,48.25,5.69,46.05,9.54,33.32,1.25,38.41
202609080404,2026-09-08,04,4R,daily,68.6,22.21,44.93,14.09,33.5,3.95,50.0,10.36,50.0,1.87,52.49,53.19,17.22,42.54,13.34,44.55,5.25,50.0,10.36,50.0,1.87,48.05,50.76,16.44,44.93,14.09,42.38,5.0,50.0,10.36,50.0,1.87,47.76,48.3,15.64,44.93,14.09,47.8,5.64,50.0,10.36,50.0,1.87,47.6,42.68,13.82,78.38,24.58,49.82,5.87,50.0,10.36,50.0,1.87,56.51,35.78,11.58,44.93,14.09,38.75,4.57,50.0,10.36,50.0,1.87,42.48
202609080404,2026-09-08,04,4R,realtime,68.6,22.21,44.93,14.09,33.5,3.95,60.66,12.57,52.66,1.97,54.8,48.3,15.64,42.54,13.34,44.55,5.25,47.23,9.79,51.76,1.94,45.96,35.78,11.58,44.93,14.09,42.38,5.0,50.09,10.38,33.32,1.25,42.3,42.68,13.82,44.93,14.09,47.8,5.64,35.47,7.35,67.68,2.53,43.43,53.19,17.22,78.38,24.58,49.82,5.87,63.92,13.25,41.35,1.55,62.47,50.76,16.44,44.93,14.09,38.75,4.57,42.7,8.85,52.93,1.98,45.92
202609080405,2026-09-08,04,5R,daily,68.6,22.21,37.76,11.84,42.29,4.99,50.0,10.36,50.0,1.87,51.28,53.19,17.22,49.71,15.59,58.23,6.87,50.0,10.36,50.0,1.87,51.91,50.76,16.44,52.09,16.34,40.4,4.76,50.0,10.36,50.0,1.87,49.77,48.3,15.64,44.93,14.09,48.53,5.72,50.0,10.36,50.0,1.87,47.69,42.68,13.82,71.21,22.33,45.82,5.4,50.0,10.36,50.0,1.87,53.79,35.78,11.58,40.15,12.59,55.36,6.53,50.0,10.36,50.0,1.87,42.94
202609080405,2026-09-08,04,5R,realtime,68.6,22.21,37.76,11.84,42.29,4.99,68.58,14.21,51.92,1.94,55.2,53.19,17.22,49.71,15.59,58.23,6.87,51.32,10.64,47.13,1.76,52.08,50.76,16.44,52.09,16.34,40.4,4.76,42.08,8.72,50.3,1.88,48.14,48.3,15.64,44.93,14.09,48.53,5.72,31.29,6.48,49.9,1.87,43.8,42.68,13.82,71.21,22.33,45.82,5.4,61.72,12.79,63.52,2.38,56.72,35.78,11.58,40.15,12.59,55.36,6.53,45.08,9.34,36.94,1.38,41.43
202609080406,2026-09-08,04,6R,daily,68.6,22.21,35.37,11.09,50.84,5.99,50.0,10.36,50.0,1.87,51.53,53.19,17.22,52.09,16.34,42.66,5.03,50.0,10.36,50.0,1.87,50.83,50.76,16.44,61.65,19.34,53.42,6.3,50.0,10.36,50.0,1.87,54.31,48.3,15.64,54.48,17.09,42.23,4.98,50.0,10.36,50.0,1.87,49.94,42.68,13.82,37.76,11.84,44.33,5.23,50.0,10.36,50.0,1.87,43.12,35.78,11.58,54.48,17.09,37.68,4.44,50.0,10.36,50.0,1.87,45.35
202609080406,2026-09-08,04,6R,realtime,68.6,22.21,35.37,11.09,50.84,5.99,65.16,13.51,53.65,2.01,54.81,53.19,17.22,52.09,16.34,42.66,5.03,65.45,13.56,41.29,1.55,53.7,50.76,16.44,61.65,19.34,53.42,6.3,42.87,8.88,53.16,1.99,52.95,48.3,15.64,54.48,17.09,42.23,4.98,47.26,9.8,51.9,1.94,49.44,42.68,13.82,37.76,11.84,44.33,5.23,33.64,6.97,66.67,2.5,40.35,35.78,11.58,54.48,17.09,37.68,4.44,45.7,9.47,33.05,1.24,43.82
202609080407,2026-09-08,04,7R,daily,68.6,22.21,42.54,13.34,55.81,6.58,50.0,10.36,50.0,1.87,54.37,53.19,17.22,52.09,16.34,43.06,5.08,50.0,10.36,50.0,1.87,50.87,50.76,16.44,42.54,13.34,44.33,5.23,50.0,10.36,50.0,1.87,47.24,48.3,15.64,30.59,9.59,44.29,5.22,50.0,10.36,50.0,1.87,42.69,42.68,13.82,42.54,13.34,59.8,7.05,50.0,10.36,50.0,1.87,46.44,35.78,11.58,44.93,14.09,63.99,7.54,50.0,10.36,50.0,1.87,45.45
202609080407,2026-09-08,04,7R,realtime,68.6,22.21,42.54,13.34,55.81,6.58,62.15,12.88,54.91,2.06,57.07,53.19,17.22,52.09,16.34,43.06,5.08,42.21,8.75,47.86,1.79,49.18,50.76,16.44,42.54,13.34,44.33,5.23,48.59,10.07,37.36,1.4,46.47,48.3,15.64,30.59,9.59,44.29,5.22,47.2,9.78,52.38,1.96,42.2,42.68,13.82,42.54,13.34,59.8,7.05,49.36,10.23,64.8,2.43,46.87,35.78,11.58,44.93,14.09,63.99,7.54,50.58,10.48,42.4,1.59,45.29
202609080408,2026-09-08,04,8R,daily,68.6,22.21,56.87,17.84,41.74,4.92,50.0,10.36,50.0,1.87,57.21,53.19,17.22,52.09,16.34,26.91,3.17,50.0,10.36,50.0,1.87,48.97,50.76,16.44,44.93,14.09,40.47,4.77,50.0,10.36,50.0,1.87,47.53,48.3,15.64,37.76,11.84,42.26,4.98,50.0,10.36,50.0,1.87,44.7,42.68,13.82,32.98,10.34,48.25,5.69,50.0,10.36,50.0,1.87,42.08,35.78,11.58,49.71,15.59,48.04,5.66,50.0,10.36,50.0,1.87,45.07
202609080408,2026-09-08,04,8R,realtime,68.6,22.21,56.87,17.84,41.74,4.92,54.56,11.31,53.65,2.01,58.29,53.19,17.22,52.09,16.34,26.91,3.17,58.56,12.14,41.29,1.55,50.42,50.76,16.44,44.93,14.09,40.47,4.77,45.63,9.46,53.16,1.99,46.75,48.3,15.64,37.76,11.84,42.26,4.98,48.08,9.97,51.9,1.94,44.37,35.78,11.58,32.98,10.34,48.25,5.69,45.48,9.43,33.05,1.24,38.28,42.68,13.82,49.71,15.59,48.04,5.66,47.75,9.9,66.67,2.5,47.46
202609080409,2026-09-08,04,9R,daily,68.6,22.21,54.48,17.09,52.08,6.14,50.0,10.36,50.0,1.87,57.67,53.19,17.22,30.59,9.59,36.55,4.31,50.0,10.36,50.0,1.87,43.36,50.76,16.44,78.38,24.58,49.82,5.87,50.0,10.36,50.0,1.87,59.13,48.3,15.64,52.09,16.34,54.93,6.48,50.0,10.36,50.0,1.87,50.69,42.68,13.82,47.32,14.84,34.69,4.09,50.0,10.36,50.0,1.87,44.98,35.78,11.58,37.76,11.84,31.59,3.72,50.0,10.36,50.0,1.87,39.38
202609080409,2026-09-08,04,9R,realtime,68.6,22.21,54.48,17.09,52.08,6.14,70.32,14.57,55.89,2.09,62.11,53.19,17.22,30.59,9.59,36.55,4.31,59.22,12.27,47.8,1.79,45.19,50.76,16.44,78.38,24.58,49.82,5.87,48.65,10.08,37.59,1.41,58.38,48.3,15.64,52.09,16.34,54.93,6.48,39.05,8.09,52.52,1.97,48.51,42.68,13.82,47.32,14.84,34.69,4.09,41.37,8.57,63.79,2.39,43.71,35.78,11.58,37.76,11.84,31.59,3.72,41.46,8.59,42.12,1.58,37.32
202609080410,2026-09-08,04,10R,daily,68.6,22.21,61.65,19.34,58.18,6.86,50.0,10.36,50.0,1.87,60.64,53.19,17.22,44.93,14.09,47.8,5.64,50.0,10.36,50.0,1.87,49.18,50.76,16.44,47.32,14.84,42.17,4.97,50.0,10.36,50.0,1.87,48.48,48.3,15.64,52.09,16.34,40.4,4.76,50.0,10.36,50.0,1.87,48.98,42.68,13.82,35.37,11.09,50.84,5.99,50.0,10.36,50.0,1.87,43.14,35.78,11.58,37.76,11.84,47.08,5.55,50.0,10.36,50.0,1.87,41.21
202609080410,2026-09-08,04,10R,realtime,68.6,22.21,61.65,19.34,58.18,6.86,72.23,14.97,54.63,2.05,65.42,53.19,17.22,44.93,14.09,47.8,5.64,39.05,8.09,41.22,1.54,46.58,50.76,16.44,47.32,14.84,42.17,4.97,37.61,7.79,53.39,2.0,46.04,48.3,15.64,52.09,16.34,40.4,4.76,43.36,8.99,52.04,1.95,47.68,42.68,13.82,35.37,11.09,50.84,5.99,56.98,11.81,65.66,2.46,45.17,35.78,11.58,37.76,11.84,47.08,5.55,50.86,10.54,32.78,1.23,40.74
202609080411,2026-09-08,04,11R,daily,68.6,22.21,61.65,19.34,53.42,6.3,50.0,10.36,50.0,1.87,60.08,53.19,17.22,37.76,11.84,42.29,4.99,50.0,10.36,50.0,1.87,46.29,50.76,16.44,40.15,12.59,45.96,5.42,50.0,10.36,50.0,1.87,46.68,48.3,15.64,44.93,14.09,48.13,5.67,50.0,10.36,50.0,1.87,47.64,42.68,13.82,47.32,14.84,39.29,4.63,50.0,10.36,50.0,1.87,45.52,35.78,11.58,42.54,13.34,44.55,5.25,50.0,10.36,50.0,1.87,42.41
202609080411,2026-09-08,04,11R,realtime,68.6,22.21,61.65,19.34,53.42,6.3,55.46,11.49,56.59,2.12,61.46,53.19,17.22,37.76,11.84,42.29,4.99,68.78,14.26,41.09,1.54,49.84,50.76,16.44,40.15,12.59,45.96,5.42,33.18,6.88,53.85,2.02,43.34,48.3,15.64,44.93,14.09,48.13,5.67,47.4,9.82,52.32,1.96,47.19,42.68,13.82,47.32,14.84,39.29,4.63,37.29,7.73,63.63,2.38,43.4,35.78,11.58,42.54,13.34,44.55,5.25,57.94,12.01,32.23,1.21,43.39
202609080412,2026-09-08,04,12R,daily,68.6,22.21,71.21,22.33,45.82,5.4,50.0,10.36,50.0,1.87,62.18,53.19,17.22,54.48,17.09,37.68,4.44,50.0,10.36,50.0,1.87,50.99,50.76,16.44,49.71,15.59,59.54,7.02,50.0,10.36,50.0,1.87,51.28,48.3,15.64,44.93,14.09,33.5,3.95,50.0,10.36,50.0,1.87,45.91,42.68,13.82,42.54,13.34,44.33,5.23,50.0,10.36,50.0,1.87,44.62,35.78,11.58,44.93,14.09,40.47,4.77,50.0,10.36,50.0,1.87,42.68
202609080412,2026-09-08,04,12R,realtime,68.6,22.21,71.21,22.33,45.82,5.4,69.35,14.37,57.86,2.17,66.49,53.19,17.22,54.48,17.09,37.68,4.44,45.35,9.4,47.66,1.78,49.94,50.76,16.44,49.71,15.59,59.54,7.02,41.08,8.51,38.05,1.42,48.98,48.3,15.64,44.93,14.09,33.5,3.95,46.98,9.74,52.8,1.98,45.39,42.68,13.82,42.54,13.34,44.33,5.23,45.26,9.38,61.76,2.31,44.08,35.78,11.58,44.93,14.09,40.47,4.77,52.05,10.79,41.58,1.56,42.79
202609080701,2026-09-08,07,1R,daily,71.22,28.01,40.8,9.44,52.86,3.79,50.0,10.75,50.0,4.44,56.42,52.67,20.71,46.24,10.7,59.45,4.26,50.0,10.75,50.0,4.44,50.86,50.32,19.79,42.61,9.86,55.76,4.0,50.0,10.75,50.0,4.44,48.83,48.67,19.14,46.24,10.7,40.75,2.92,50.0,10.75,50.0,4.44,47.95,43.91,17.27,33.54,7.76,47.21,3.38,50.0,10.75,50.0,4.44,43.6,32.79,12.9,38.98,9.02,43.36,3.11,50.0,10.75,50.0,4.44,40.21
202609080701,2026-09-08,07,1R,realtime,71.22,28.01,40.8,9.44,52.86,3.79,66.26,14.25,32.31,2.87,58.35,52.67,20.71,46.24,10.7,59.45,4.26,50.28,10.81,55.81,4.95,51.43,50.32,19.79,42.61,9.86,55.76,4.0,52.62,11.32,53.43,4.74,49.7,48.67,19.14,46.24,10.7,40.75,2.92,37.84,8.14,58.16,5.16,46.06,43.91,17.27,33.54,7.76,47.21,3.38,42.57,9.16,40.2,3.57,41.13,32.79,12.9,38.98,9.02,43.36,3.11,50.36,10.83,60.24,5.34,41.2
202609080702,2026-09-08,07,2R,daily,71.22,28.01,44.43,10.28,44.47,3.19,50.0,10.75,50.0,4.44,56.66,52.67,20.71,46.24,10.7,49.41,3.54,50.0,10.75,50.0,4.44,50.14,50.32,19.79,46.24,10.7,67.87,4.86,50.0,10.75,50.0,4.44,50.54,48.67,19.14,48.06,11.12,65.79,4.71,50.0,10.75,50.0,4.44,50.16,43.91,17.27,44.43,10.28,45.55,3.26,50.0,10.75,50.0,4.44,46.0,32.79,12.9,33.54,7.76,47.93,3.43,50.0,10.75,50.0,4.44,39.28
202609080702,2026-09-08,07,2R,realtime,71.22,28.01,44.43,10.28,44.47,3.19,69.56,14.96,33.09,2.94,59.37,52.67,20.71,46.24,10.7,49.41,3.54,52.52,11.29,56.28,4.99,51.24,50.32,19.79,46.24,10.7,67.87,4.86,46.2,9.93,52.14,4.63,49.91,48.67,19.14,48.06,11.12,65.79,4.71,42.38,9.11,57.75,5.12,49.21,43.91,17.27,44.43,10.28,45.55,3.26,42.46,9.13,40.59,3.6,43.54,32.79,12.9,33.54,7.76,47.93,3.43,46.86,10.08,60.28,5.35,39.51
202609080703,2026-09-08,07,3R,daily,71.22,28.01,42.61,9.86,46.38,3.32,50.0,10.75,50.0,4.44,56.38,52.67,20.71,46.24,10.7,21.78,1.56,50.0,10.75,50.0,4.44,48.16,50.32,19.79,42.61,9.86,61.61,4.41,50.0,10.75,50.0,4.44,49.25,48.67,19.14,46.24,10.7,42.4,3.04,50.0,10.75,50.0,4.44,48.07,43.91,17.27,44.43,10.28,64.17,4.6,50.0,10.75,50.0,4.44,47.33,32.79,12.9,40.8,9.44,75.91,5.44,50.0,10.75,50.0,4.44,42.96
202609080703,2026-09-08,07,3R,realtime,71.22,28.01,42.61,9.86,46.38,3.32,64.62,13.9,33.09,2.94,58.02,52.67,20.71,46.24,10.7,21.78,1.56,51.41,11.06,56.28,4.99,49.02,50.32,19.79,42.61,9.86,61.61,4.41,39.37,8.47,52.14,4.63,47.15,48.67,19.14,46.24,10.7,42.4,3.04,42.54,9.15,57.75,5.12,47.15,43.91,17.27,44.43,10.28,64.17,4.6,44.71,9.62,40.59,3.6,45.36,32.79,12.9,40.8,9.44,75.91,5.44,57.3,12.32,60.28,5.35,45.44
202609080704,2026-09-08,07,4R,daily,71.22,28.01,44.43,10.28,32.07,2.3,50.0,10.75,50.0,4.44,55.77,52.67,20.71,46.24,10.7,54.7,3.92,50.0,10.75,50.0,4.44,50.52,50.32,19.79,44.43,10.28,40.02,2.87,50.0,10.75,50.0,4.44,48.12,48.67,19.14,51.69,11.96,35.92,2.57,50.0,10.75,50.0,4.44,48.86,43.91,17.27,48.06,11.12,60.74,4.35,50.0,10.75,50.0,4.44,47.93,32.79,12.9,55.32,12.79,48.98,3.51,50.0,10.75,50.0,4.44,44.39
202609080704,2026-09-08,07,4R,realtime,71.22,28.01,44.43,10.28,32.07,2.3,63.05,13.56,33.09,2.94,57.08,52.67,20.71,46.24,10.7,54.7,3.92,52.09,11.2,56.28,4.99,51.52,50.32,19.79,44.43,10.28,40.02,2.87,35.11,7.55,52.14,4.63,45.11,48.67,19.14,51.69,11.96,35.92,2.57,44.52,9.57,57.75,5.12,48.37,43.91,17.27,48.06,11.12,60.74,4.35,48.58,10.45,40.59,3.6,46.79,32.79,12.9,55.32,12.79,48.98,3.51,56.64,12.18,60.28,5.35,46.73
202609080705,2026-09-08,07,5R,daily,71.22,28.01,42.61,9.86,42.37,3.04,50.0,10.75,50.0,4.44,56.09,52.67,20.71,48.06,11.12,51.5,3.69,50.0,10.75,50.0,4.44,50.71,50.32,19.79,51.69,11.96,28.2,2.02,50.0,10.75,50.0,4.44,48.95,48.67,19.14,46.24,10.7,36.36,2.61,50.0,10.75,50.0,4.44,47.63,43.91,17.27,48.06,11.12,55.77,4.0,50.0,10.75,50.0,4.44,47.57,32.79,12.9,46.24,10.7,59.45,4.26,50.0,10.75,50.0,4.44,43.04
202609080705,2026-09-08,07,5R,realtime,71.22,28.01,42.61,9.86,42.37,3.04,54.34,11.69,47.36,4.2,56.79,52.67,20.71,48.06,11.12,51.5,3.69,34.37,7.39,55.76,4.95,47.86,50.32,19.79,51.69,11.96,28.2,2.02,55.69,11.98,55.21,4.9,50.64,48.67,19.14,46.24,10.7,36.36,2.61,50.44,10.85,40.53,3.6,46.89,43.91,17.27,48.06,11.12,55.77,4.0,57.2,12.3,44.79,3.97,48.66,32.79,12.9,46.24,10.7,59.45,4.26,47.93,10.31,56.48,5.01,43.17
202609080706,2026-09-08,07,6R,daily,71.22,28.01,42.61,9.86,13.96,1.0,50.0,10.75,50.0,4.44,54.05,52.67,20.71,46.24,10.7,63.12,4.52,50.0,10.75,50.0,4.44,51.12,50.32,19.79,44.43,10.28,48.52,3.48,50.0,10.75,50.0,4.44,48.73,48.67,19.14,44.43,10.28,31.69,2.27,50.0,10.75,50.0,4.44,46.88,43.91,17.27,46.24,10.7,67.87,4.86,50.0,10.75,50.0,4.44,48.02,32.79,12.9,66.21,15.31,75.87,5.44,50.0,10.75,50.0,4.44,48.84
202609080706,2026-09-08,07,6R,realtime,71.22,28.01,42.61,9.86,13.96,1.0,50.06,10.77,33.09,2.94,52.57,52.67,20.71,46.24,10.7,63.12,4.52,54.05,11.62,56.28,4.99,52.55,50.32,19.79,44.43,10.28,48.52,3.48,38.65,8.31,52.14,4.63,46.48,48.67,19.14,44.43,10.28,31.69,2.27,43.43,9.34,57.75,5.12,46.15,43.91,17.27,46.24,10.7,67.87,4.86,50.07,10.77,40.59,3.6,47.2,32.79,12.9,66.21,15.31,75.87,5.44,63.69,13.7,60.28,5.35,52.69
202609080707,2026-09-08,07,7R,daily,71.22,28.01,46.24,10.7,43.46,3.11,50.0,10.75,50.0,4.44,57.01,52.67,20.71,44.43,10.28,45.55,3.26,50.0,10.75,50.0,4.44,49.44,50.32,19.79,46.24,10.7,38.44,2.75,50.0,10.75,50.0,4.44,48.43,48.67,19.14,46.24,10.7,21.78,1.56,50.0,10.75,50.0,4.44,46.59,43.91,17.27,40.8,9.44,52.86,3.79,50.0,10.75,50.0,4.44,45.68,32.79,12.9,33.54,7.76,47.21,3.38,50.0,10.75,50.0,4.44,39.23
202609080708,2026-09-08,07,8R,daily,71.22,28.01,46.24,10.7,45.01,3.22,50.0,10.75,50.0,4.44,57.12,52.67,20.71,42.61,9.86,55.76,4.0,50.0,10.75,50.0,4.44,49.75,50.32,19.79,44.43,10.28,64.17,4.6,50.0,10.75,50.0,4.44,49.85,48.67,19.14,44.43,10.28,40.02,2.87,50.0,10.75,50.0,4.44,47.48,43.91,17.27,33.54,7.76,47.93,3.43,50.0,10.75,50.0,4.44,43.65,32.79,12.9,48.06,11.12,35.15,2.52,50.0,10.75,50.0,4.44,41.72
202609080709,2026-09-08,07,9R,daily,71.22,28.01,48.06,11.12,51.5,3.69,50.0,10.75,50.0,4.44,58.0,52.67,20.71,46.24,10.7,40.75,2.92,50.0,10.75,50.0,4.44,49.52,50.32,19.79,46.24,10.7,42.4,3.04,50.0,10.75,50.0,4.44,48.71,48.67,19.14,55.32,12.79,48.98,3.51,50.0,10.75,50.0,4.44,50.64,43.91,17.27,44.43,10.28,44.47,3.19,50.0,10.75,50.0,4.44,45.92,32.79,12.9,46.24,10.7,54.7,3.92,50.0,10.75,50.0,4.44,42.7
202609080710,2026-09-08,07,10R,daily,71.22,28.01,40.8,9.44,75.91,5.44,50.0,10.75,50.0,4.44,58.07,52.67,20.71,48.06,11.12,60.74,4.35,50.0,10.75,50.0,4.44,51.37,50.32,19.79,51.69,11.96,35.92,2.57,50.0,10.75,50.0,4.44,49.51,48.67,19.14,51.69,11.96,28.2,2.02,50.0,10.75,50.0,4.44,48.31,43.91,17.27,46.24,10.7,63.12,4.52,50.0,10.75,50.0,4.44,47.68,32.79,12.9,46.24,10.7,49.41,3.54,50.0,10.75,50.0,4.44,42.32
202609080711,2026-09-08,07,11R,daily,71.22,28.01,66.21,15.31,75.87,5.44,50.0,10.75,50.0,4.44,63.95,52.67,20.71,48.06,11.12,55.77,4.0,50.0,10.75,50.0,4.44,51.01,50.32,19.79,48.06,11.12,65.79,4.71,50.0,10.75,50.0,4.44,50.81,48.67,19.14,42.61,9.86,61.61,4.41,50.0,10.75,50.0,4.44,48.6,43.91,17.27,46.24,10.7,43.46,3.11,50.0,10.75,50.0,4.44,46.27,32.79,12.9,46.24,10.7,45.01,3.22,50.0,10.75,50.0,4.44,42.01
202609080712,2026-09-08,07,12R,daily,71.22,28.01,73.47,16.99,55.58,3.98,50.0,10.75,50.0,4.44,64.17,52.67,20.71,69.84,16.15,63.03,4.52,50.0,10.75,50.0,4.44,56.57,50.32,19.79,68.03,15.73,29.11,2.09,50.0,10.75,50.0,4.44,52.8,48.67,19.14,48.06,11.12,42.49,3.04,50.0,10.75,50.0,4.44,48.49,43.91,17.27,48.06,11.12,54.44,3.9,50.0,10.75,50.0,4.44,47.47,32.79,12.9,66.21,15.31,42.91,3.07,50.0,10.75,50.0,4.44,46.47
202609080901,2026-09-08,09,1R,daily,67.29,26.9,52.31,11.5,50.18,4.05,50.0,12.11,50.0,2.87,57.43,52.24,20.88,54.3,11.94,61.83,4.99,50.0,12.11,50.0,2.87,52.79,49.94,19.96,56.28,12.38,48.32,3.9,50.0,12.11,50.0,2.87,51.22,48.74,19.48,52.31,11.5,53.51,4.32,50.0,12.11,50.0,2.87,50.29,44.46,17.77,56.28,12.38,37.25,3.0,50.0,12.11,50.0,2.87,48.14,37.0,14.79,58.27,12.82,45.48,3.67,50.0,12.11,50.0,2.87,46.26
202609080901,2026-09-08,09,1R,realtime,67.29,26.9,52.31,11.5,50.18,4.05,63.73,15.44,60.37,3.47,61.36,52.24,20.88,54.3,11.94,61.83,4.99,67.82,16.43,59.48,3.42,57.65,49.94,19.96,56.28,12.38,48.32,3.9,45.53,11.03,29.41,1.69,48.96,48.74,19.48,52.31,11.5,53.51,4.32,39.39,9.54,42.81,2.46,47.3,44.46,17.77,56.28,12.38,37.25,3.0,35.72,8.65,59.18,3.4,45.21,37.0,14.79,58.27,12.82,45.48,3.67,47.86,11.6,48.81,2.8,45.67
202609080902,2026-09-08,09,2R,daily,67.29,26.9,56.28,12.38,66.19,5.34,50.0,12.11,50.0,2.87,59.6,52.24,20.88,60.26,13.25,58.23,4.7,50.0,12.11,50.0,2.87,53.81,49.94,19.96,54.3,11.94,45.29,3.65,50.0,12.11,50.0,2.87,50.54,48.74,19.48,72.19,15.88,53.37,4.3,50.0,12.11,50.0,2.87,54.65,44.46,17.77,58.27,12.82,43.54,3.51,50.0,12.11,50.0,2.87,49.08,37.0,14.79,72.19,15.88,49.46,3.99,50.0,12.11,50.0,2.87,49.64
202609080902,2026-09-08,09,2R,realtime,67.29,26.9,56.28,12.38,66.19,5.34,61.78,14.97,52.56,3.02,62.6,52.24,20.88,60.26,13.25,58.23,4.7,45.55,11.04,59.96,3.44,53.31,49.94,19.96,54.3,11.94,45.29,3.65,49.96,12.1,30.03,1.72,49.39,48.74,19.48,72.19,15.88,53.37,4.3,46.39,11.24,42.89,2.46,53.37,44.46,17.77,58.27,12.82,43.54,3.51,52.93,12.82,64.91,3.73,50.65,37.0,14.79,72.19,15.88,49.46,3.99,43.46,10.53,49.71,2.85,48.04
202609080903,2026-09-08,09,3R,daily,67.29,26.9,70.2,15.44,48.09,3.88,50.0,12.11,50.0,2.87,61.2,52.24,20.88,50.32,11.07,40.35,3.25,50.0,12.11,50.0,2.87,50.19,49.94,19.96,54.3,11.94,30.87,2.49,50.0,12.11,50.0,2.87,49.38,48.74,19.48,62.25,13.69,40.54,3.27,50.0,12.11,50.0,2.87,51.43,44.46,17.77,58.27,12.82,64.22,5.18,50.0,12.11,50.0,2.87,50.75,37.0,14.79,80.14,17.63,37.36,3.01,50.0,12.11,50.0,2.87,50.41
202609080903,2026-09-08,09,3R,realtime,67.29,26.9,70.2,15.44,48.09,3.88,58.04,14.06,52.56,3.02,63.29,52.24,20.88,50.32,11.07,40.35,3.25,37.56,9.1,59.96,3.44,47.74,49.94,19.96,54.3,11.94,30.87,2.49,56.98,13.8,30.03,1.72,49.92,48.74,19.48,62.25,13.69,40.54,3.27,48.96,11.86,42.89,2.46,50.77,44.46,17.77,58.27,12.82,64.22,5.18,49.89,12.09,64.91,3.73,51.58,37.0,14.79,80.14,17.63,37.36,3.01,48.63,11.78,49.71,2.85,50.07
202609080904,2026-09-08,09,4R,daily,67.29,26.9,58.27,12.82,43.65,3.52,50.0,12.11,50.0,2.87,58.22,52.24,20.88,58.27,12.82,44.03,3.55,50.0,12.11,50.0,2.87,52.23,49.94,19.96,60.26,13.25,56.25,4.54,50.0,12.11,50.0,2.87,52.74,48.74,19.48,60.26,13.25,53.91,4.35,50.0,12.11,50.0,2.87,52.07,44.46,17.77,68.21,15.0,61.45,4.96,50.0,12.11,50.0,2.87,52.72,37.0,14.79,50.32,11.07,67.05,5.41,50.0,12.11,50.0,2.87,46.25
202609080904,2026-09-08,09,4R,realtime,67.29,26.9,58.27,12.82,43.65,3.52,62.0,15.02,52.56,3.02,61.27,52.24,20.88,58.27,12.82,44.03,3.55,43.4,10.52,59.96,3.44,51.21,49.94,19.96,60.26,13.25,56.25,4.54,57.11,13.84,30.03,1.72,53.31,48.74,19.48,60.26,13.25,53.91,4.35,49.83,12.07,42.89,2.46,51.62,44.46,17.77,68.21,15.0,61.45,4.96,39.3,9.52,64.91,3.73,50.98,37.0,14.79,50.32,11.07,67.05,5.41,48.45,11.74,49.71,2.85,45.86
202609080905,2026-09-08,09,5R,daily,67.29,26.9,62.25,13.69,57.78,4.66,50.0,12.11,50.0,2.87,60.23,52.24,20.88,58.27,12.82,28.75,2.32,50.0,12.11,50.0,2.87,51.0,49.94,19.96,66.23,14.56,38.91,3.14,50.0,12.11,50.0,2.87,52.65,48.74,19.48,58.27,12.82,46.45,3.75,50.0,12.11,50.0,2.87,51.03,44.46,17.77,54.3,11.94,28.68,2.31,50.0,12.11,50.0,2.87,47.01,37.0,14.79,68.21,15.0,50.23,4.05,50.0,12.11,50.0,2.87,48.83
202609080905,2026-09-08,09,5R,realtime,67.29,26.9,62.25,13.69,57.78,4.66,57.66,13.97,44.05,2.53,61.75,52.24,20.88,58.27,12.82,28.75,2.32,60.06,14.55,63.17,3.63,54.19,49.94,19.96,66.23,14.56,38.91,3.14,40.23,9.75,28.96,1.66,49.08,48.74,19.48,58.27,12.82,46.45,3.75,43.85,10.62,40.12,2.3,48.97,44.46,17.77,54.3,11.94,28.68,2.31,47.74,11.57,74.35,4.27,47.86,37.0,14.79,68.21,15.0,50.23,4.05,50.55,12.25,49.42,2.84,48.93
202609080906,2026-09-08,09,6R,daily,67.29,26.9,56.28,12.38,60.77,4.9,50.0,12.11,50.0,2.87,59.16,52.24,20.88,58.27,12.82,43.54,3.51,50.0,12.11,50.0,2.87,52.19,49.94,19.96,54.3,11.94,61.83,4.99,50.0,12.11,50.0,2.87,51.88,48.74,19.48,72.19,15.88,45.48,3.67,50.0,12.11,50.0,2.87,54.01,44.46,17.77,64.24,14.13,54.19,4.37,50.0,12.11,50.0,2.87,51.25,37.0,14.79,52.31,11.5,52.19,4.21,50.0,12.11,50.0,2.87,45.49
202609080906,2026-09-08,09,6R,realtime,67.29,26.9,56.28,12.38,60.77,4.9,60.94,14.76,46.72,2.68,61.62,52.24,20.88,58.27,12.82,43.54,3.51,77.31,18.73,65.13,3.74,59.68,49.94,19.96,54.3,11.94,61.83,4.99,54.38,13.18,25.04,1.44,51.5,48.74,19.48,72.19,15.88,45.48,3.67,34.71,8.41,39.91,2.29,49.73,44.46,17.77,64.24,14.13,54.19,4.37,21.62,5.24,73.35,4.21,45.72,37.0,14.79,52.31,11.5,52.19,4.21,51.1,12.38,49.92,2.87,45.75
202609080907,2026-09-08,09,7R,daily,67.29,26.9,76.17,16.75,58.09,4.68,50.0,12.11,50.0,2.87,63.32,52.24,20.88,52.31,11.5,53.51,4.32,50.0,12.11,50.0,2.87,51.68,49.94,19.96,50.32,11.07,40.35,3.25,50.0,12.11,50.0,2.87,49.27,48.74,19.48,68.21,15.0,43.04,3.47,50.0,12.11,50.0,2.87,52.94,44.46,17.77,54.3,11.94,45.29,3.65,50.0,12.11,50.0,2.87,48.35,37.0,14.79,56.28,12.38,45.69,3.69,50.0,12.11,50.0,2.87,45.84
202609080907,2026-09-08,09,7R,realtime,67.29,26.9,76.17,16.75,58.09,4.69,60.19,14.58,46.02,2.64,65.56,52.24,20.88,52.31,11.5,53.51,4.32,33.26,8.06,67.86,3.9,48.66,49.94,19.96,50.32,11.07,40.35,3.25,56.28,13.64,23.35,1.34,49.26,48.74,19.48,68.21,15.0,43.04,3.47,34.5,8.36,37.07,2.13,48.44,44.46,17.77,54.3,11.94,45.29,3.65,54.2,13.13,77.05,4.42,50.92,37.0,14.79,56.28,12.38,45.69,3.68,61.62,14.93,48.73,2.8,48.58
202609080908,2026-09-08,09,8R,daily,67.29,26.9,54.3,11.94,43.24,3.49,50.0,12.11,50.0,2.87,57.31,52.24,20.88,78.16,17.19,55.23,4.45,50.0,12.11,50.0,2.87,57.51,49.94,19.96,68.21,15.0,61.45,4.96,50.0,12.11,50.0,2.87,54.91,48.74,19.48,78.16,17.19,54.37,4.39,50.0,12.11,50.0,2.87,56.04,44.46,17.77,72.19,15.88,53.37,4.3,50.0,12.11,50.0,2.87,52.94,37.0,14.79,56.28,12.38,48.32,3.9,50.0,12.11,50.0,2.87,46.05
202609080908,2026-09-08,09,8R,realtime,67.29,26.9,54.3,11.94,43.24,3.49,77.22,18.71,48.84,2.8,63.84,52.24,20.88,78.16,17.19,55.23,4.45,54.45,13.19,56.94,3.27,58.99,49.94,19.96,68.21,15.0,61.45,4.96,52.99,12.84,30.13,1.73,54.49,48.74,19.48,78.16,17.19,54.37,4.39,31.44,7.62,48.43,2.78,51.45,44.46,17.77,72.19,15.88,53.37,4.3,45.75,11.08,62.24,3.57,52.61,37.0,14.79,56.28,12.38,48.32,3.9,38.21,9.26,53.5,3.07,43.39
202609080909,2026-09-08,09,9R,daily,67.29,26.9,50.32,11.07,67.05,5.41,50.0,12.11,50.0,2.87,58.36,52.24,20.88,78.16,17.19,59.32,4.78,50.0,12.11,50.0,2.87,57.84,49.94,19.96,68.21,15.0,50.23,4.05,50.0,12.11,50.0,2.87,54.0,48.74,19.48,90.09,19.81,40.59,3.27,50.0,12.11,50.0,2.87,57.55,44.46,17.77,78.16,17.19,49.87,4.02,50.0,12.11,50.0,2.87,53.97,37.0,14.79,62.25,13.69,40.54,3.27,50.0,12.11,50.0,2.87,46.74
202609080909,2026-09-08,09,9R,realtime,67.29,26.9,50.32,11.07,67.05,5.41,66.99,16.23,55.94,3.21,62.81,52.24,20.88,78.16,17.19,59.32,4.78,53.43,12.95,59.19,3.4,59.2,49.94,19.96,68.21,15.0,50.23,4.05,50.48,12.23,27.81,1.6,52.84,48.74,19.48,90.09,19.81,40.59,3.27,39.23,9.5,45.51,2.61,54.69,44.46,17.77,78.16,17.19,49.87,4.02,39.89,9.66,60.2,3.46,52.1,37.0,14.79,62.25,13.69,40.54,3.27,50.05,12.13,51.41,2.95,46.83
202609080910,2026-09-08,09,10R,daily,67.29,26.9,58.27,12.82,64.22,5.18,50.0,12.11,50.0,2.87,59.88,52.24,20.88,58.27,12.82,43.65,3.52,50.0,12.11,50.0,2.87,52.2,49.94,19.96,62.25,13.69,57.78,4.66,50.0,12.11,50.0,2.87,53.3,48.74,19.48,56.28,12.38,60.77,4.9,50.0,12.11,50.0,2.87,51.75,44.46,17.77,52.31,11.5,50.18,4.05,50.0,12.11,50.0,2.87,48.31,37.0,14.79,56.28,12.38,66.19,5.34,50.0,12.11,50.0,2.87,47.49
202609080910,2026-09-08,09,10R,realtime,67.29,26.9,58.27,12.82,64.22,5.18,63.75,15.45,63.04,3.62,63.96,52.24,20.88,58.27,12.82,43.65,3.52,58.43,14.16,61.44,3.53,54.9,49.94,19.96,62.25,13.69,57.78,4.66,34.59,8.38,25.5,1.46,48.16,48.74,19.48,56.28,12.38,60.77,4.9,43.15,10.45,42.59,2.45,49.66,44.46,17.77,52.31,11.5,50.18,4.05,55.98,13.56,58.17,3.34,50.23,37.0,14.79,56.28,12.38,66.19,5.34,44.17,10.7,49.31,2.83,46.04
202609080911,2026-09-08,09,11R,daily,67.29,26.9,72.19,15.88,45.48,3.67,50.0,12.11,50.0,2.87,61.43,52.24,20.88,60.26,13.25,53.91,4.35,50.0,12.11,50.0,2.87,53.47,49.94,19.96,60.26,13.25,58.23,4.7,50.0,12.11,50.0,2.87,52.9,48.74,19.48,54.3,11.94,43.24,3.49,50.0,12.11,50.0,2.87,49.9,44.46,17.77,76.17,16.75,58.09,4.68,50.0,12.11,50.0,2.87,54.19,37.0,14.79,70.2,15.44,48.09,3.88,50.0,12.11,50.0,2.87,49.09
202609080911,2026-09-08,09,11R,realtime,67.29,26.9,72.19,15.88,45.48,3.67,58.99,14.29,48.84,2.8,63.54,52.24,20.88,60.26,13.25,53.91,4.35,63.82,15.46,56.94,3.27,57.21,49.94,19.96,60.26,13.25,58.23,4.7,36.52,8.85,30.13,1.73,48.49,48.74,19.48,54.3,11.94,43.24,3.49,44.44,10.77,48.43,2.78,48.46,44.46,17.77,76.17,16.75,58.09,4.69,44.24,10.72,62.24,3.57,53.5,37.0,14.79,70.2,15.44,48.09,3.88,52.05,12.61,53.5,3.07,49.79
202609080912,2026-09-08,09,12R,daily,67.29,26.9,76.17,16.75,63.1,5.09,50.0,12.11,50.0,2.87,63.72,52.24,20.88,80.14,17.63,59.72,4.82,50.0,12.11,50.0,2.87,58.31,49.94,19.96,84.12,18.5,55.71,4.49,50.0,12.11,50.0,2.87,57.94,48.74,19.48,86.11,18.94,59.68,4.81,50.0,12.11,50.0,2.87,58.22,44.46,17.77,54.3,11.94,52.39,4.23,50.0,12.11,50.0,2.87,48.92,37.0,14.79,74.18,16.31,60.79,4.9,50.0,12.11,50.0,2.87,50.99
202609080912,2026-09-08,09,12R,realtime,67.29,26.9,76.17,16.75,63.1,5.09,68.28,16.54,60.37,3.47,68.75,52.24,20.88,80.14,17.63,59.72,4.82,65.92,15.97,59.48,3.42,62.71,49.94,19.96,84.12,18.5,55.71,4.49,46.07,11.16,29.41,1.69,55.81,48.74,19.48,86.11,18.94,59.68,4.81,28.14,6.82,42.81,2.46,52.51,44.46,17.77,54.3,11.94,52.39,4.23,43.65,10.58,59.18,3.4,47.91,37.0,14.79,74.18,16.31,60.79,4.9,48.01,11.63,48.81,2.8,50.44
202609081001,2026-09-08,10,1R,daily,66.67,25.75,52.82,15.2,47.89,4.17,50.0,8.44,50.0,3.5,57.07,52.63,20.32,47.48,13.66,44.82,3.91,50.0,8.44,50.0,3.5,49.84,52.81,20.4,44.8,12.89,47.18,4.11,50.0,8.44,50.0,3.5,49.34,47.3,18.27,47.48,13.66,40.65,3.54,50.0,8.44,50.0,3.5,47.42,43.92,16.96,42.13,12.12,42.81,3.73,50.0,8.44,50.0,3.5,44.76,36.48,14.09,44.8,12.89,49.29,4.3,50.0,8.44,50.0,3.5,43.22
202609081001,2026-09-08,10,1R,realtime,66.67,25.75,52.82,15.2,47.89,4.17,57.32,9.68,41.33,2.89,57.69,52.63,20.32,47.48,13.66,44.82,3.91,69.58,11.75,34.67,2.43,52.07,52.81,20.4,44.8,12.89,47.18,4.11,42.03,7.1,41.43,2.9,47.4,47.3,18.27,47.48,13.66,40.65,3.54,56.42,9.53,80.37,5.63,50.63,43.92,16.96,42.13,12.12,42.81,3.73,36.77,6.21,54.85,3.84,42.87,36.48,14.09,44.8,12.89,49.29,4.3,37.95,6.41,47.35,3.32,41.0
202609081002,2026-09-08,10,2R,daily,66.67,25.75,47.48,13.66,42.16,3.67,50.0,8.44,50.0,3.5,55.03,52.63,20.32,52.82,15.2,51.22,4.46,50.0,8.44,50.0,3.5,51.93,52.81,20.4,47.48,13.66,22.32,1.95,50.0,8.44,50.0,3.5,47.95,47.3,18.27,42.13,12.12,50.3,4.38,50.0,8.44,50.0,3.5,46.72,43.92,16.96,42.13,12.12,35.64,3.11,50.0,8.44,50.0,3.5,44.14,36.48,14.09,26.11,7.51,41.49,3.62,50.0,8.44,50.0,3.5,37.16
202609081002,2026-09-08,10,2R,realtime,66.67,25.75,47.48,13.66,42.16,3.68,65.64,11.09,45.78,3.21,57.38,52.63,20.32,52.82,15.2,51.22,4.46,45.34,7.66,46.27,3.24,50.88,52.81,20.4,47.48,13.66,22.32,1.95,30.21,5.1,69.2,4.85,45.95,47.3,18.27,42.13,12.12,50.3,4.38,47.02,7.94,58.21,4.08,46.79,43.92,16.96,42.13,12.12,35.64,3.11,52.72,8.9,42.75,2.99,44.09,36.48,14.09,26.11,7.51,41.49,3.62,59.14,9.99,37.78,2.65,37.85
202609081003,2026-09-08,10,3R,daily,66.67,25.75,52.82,15.2,43.45,3.79,50.0,8.44,50.0,3.5,56.68,52.63,20.32,44.8,12.89,53.21,4.64,50.0,8.44,50.0,3.5,49.8,52.81,20.4,47.48,13.66,51.77,4.51,50.0,8.44,50.0,3.5,50.51,47.3,18.27,47.48,13.66,53.47,4.66,50.0,8.44,50.0,3.5,48.53,43.92,16.96,44.8,12.89,60.61,5.28,50.0,8.44,50.0,3.5,47.08,36.48,14.09,44.8,12.89,54.98,4.79,50.0,8.44,50.0,3.5,43.72
202609081003,2026-09-08,10,3R,realtime,66.67,25.75,52.82,15.2,43.45,3.79,68.9,11.64,49.98,3.5,59.87,52.63,20.32,44.8,12.89,53.21,4.64,47.25,7.98,43.15,3.02,48.86,52.81,20.4,47.48,13.66,51.77,4.51,47.16,7.96,66.92,4.69,51.22,47.3,18.27,47.48,13.66,53.47,4.66,52.69,8.9,60.5,4.24,49.72,43.92,16.96,44.8,12.89,60.61,5.28,50.44,8.52,43.01,3.01,46.67,36.48,14.09,44.8,12.89,54.98,4.79,33.64,5.68,36.44,2.55,40.01
202609081004,2026-09-08,10,4R,daily,66.67,25.75,68.84,19.81,35.97,3.14,50.0,8.44,50.0,3.5,60.64,52.63,20.32,47.48,13.66,46.28,4.03,50.0,8.44,50.0,3.5,49.96,52.81,20.4,47.48,13.66,39.87,3.48,50.0,8.44,50.0,3.5,49.48,47.3,18.27,50.15,14.43,53.93,4.7,50.0,8.44,50.0,3.5,49.34,43.92,16.96,44.8,12.89,65.42,5.7,50.0,8.44,50.0,3.5,47.5,36.48,14.09,39.46,11.35,33.61,2.93,50.0,8.44,50.0,3.5,40.32
202609081004,2026-09-08,10,4R,realtime,66.67,25.75,68.84,19.81,35.97,3.14,68.07,11.5,49.98,3.5,63.69,52.63,20.32,47.48,13.66,46.28,4.03,53.42,9.02,43.15,3.02,50.06,52.81,20.4,47.48,13.66,39.87,3.48,52.76,8.91,66.92,4.69,51.13,47.3,18.27,50.15,14.43,53.93,4.7,52.81,8.92,60.5,4.24,50.55,43.92,16.96,44.8,12.89,65.42,5.7,45.27,7.65,43.01,3.01,46.21,36.48,14.09,39.46,11.35,33.61,2.93,27.75,4.69,36.44,2.55,35.61
202609081005,2026-09-08,10,5R,daily,66.67,25.75,44.8,12.89,50.13,4.37,50.0,8.44,50.0,3.5,54.96,52.63,20.32,44.8,12.89,43.76,3.81,50.0,8.44,50.0,3.5,48.98,52.81,20.4,42.13,12.12,28.27,2.46,50.0,8.44,50.0,3.5,46.93,47.3,18.27,44.8,12.89,53.85,4.69,50.0,8.44,50.0,3.5,47.8,43.92,16.96,50.15,14.43,62.05,5.41,50.0,8.44,50.0,3.5,48.75,36.48,14.09,60.83,17.5,43.22,3.77,50.0,8.44,50.0,3.5,47.3
202609081005,2026-09-08,10,5R,realtime,66.67,25.75,44.8,12.89,50.13,4.37,62.88,10.62,46.98,3.29,56.92,52.63,20.32,44.8,12.89,43.76,3.81,48.51,8.19,44.95,3.15,48.37,52.81,20.4,42.13,12.12,28.27,2.46,24.74,4.18,66.63,4.67,43.83,47.3,18.27,44.8,12.89,53.85,4.69,53.52,9.04,61.55,4.31,49.2,43.92,16.96,50.15,14.43,62.05,5.41,54.27,9.17,43.66,3.06,49.02,36.48,14.09,60.83,17.5,43.22,3.77,56.15,9.48,36.23,2.54,47.38
202609081006,2026-09-08,10,6R,daily,66.67,25.75,50.15,14.43,36.84,3.21,50.0,8.44,50.0,3.5,55.33,52.63,20.32,44.8,12.89,47.18,4.11,50.0,8.44,50.0,3.5,49.27,52.81,20.4,71.52,20.58,45.52,3.97,50.0,8.44,50.0,3.5,56.88,47.3,18.27,42.13,12.12,36.29,3.16,50.0,8.44,50.0,3.5,45.5,43.92,16.96,47.48,13.66,44.82,3.91,50.0,8.44,50.0,3.5,46.48,36.48,14.09,47.48,13.66,42.16,3.67,50.0,8.44,50.0,3.5,43.37
202609081006,2026-09-08,10,6R,realtime,66.67,25.75,50.15,14.43,36.84,3.21,63.34,10.7,45.8,3.21,57.29,52.63,20.32,44.8,12.89,47.18,4.11,36.5,6.16,45.07,3.16,46.65,52.81,20.4,71.52,20.58,45.52,3.97,60.77,10.26,64.86,4.54,59.75,47.3,18.27,42.13,12.12,36.29,3.16,53.65,9.06,62.87,4.4,47.02,43.92,16.96,47.48,13.66,44.82,3.91,50.69,8.56,44.72,3.13,46.22,36.48,14.09,47.48,13.66,42.16,3.68,35.14,5.93,36.66,2.57,39.93
202609081007,2026-09-08,10,7R,daily,66.67,25.75,50.15,14.43,54.76,4.77,50.0,8.44,50.0,3.5,56.9,52.63,20.32,42.13,12.12,42.81,3.73,50.0,8.44,50.0,3.5,48.12,52.81,20.4,42.13,12.12,50.3,4.38,50.0,8.44,50.0,3.5,48.85,47.3,18.27,47.48,13.66,59.78,5.21,50.0,8.44,50.0,3.5,49.08,43.92,16.96,44.8,12.89,53.21,4.64,50.0,8.44,50.0,3.5,46.44,36.48,14.09,47.48,13.66,51.77,4.51,50.0,8.44,50.0,3.5,44.21
202609081007,2026-09-08,10,7R,realtime,66.67,25.75,50.15,14.43,54.76,4.77,55.0,9.29,43.43,3.04,57.28,52.63,20.32,42.13,12.12,42.81,3.73,51.46,8.69,46.51,3.26,48.13,52.81,20.4,42.13,12.12,50.3,4.38,53.85,9.09,65.67,4.6,50.6,47.3,18.27,47.48,13.66,59.78,5.21,25.45,4.3,60.84,4.26,45.7,43.92,16.96,44.8,12.89,53.21,4.64,56.15,9.48,44.88,3.14,47.12,36.48,14.09,47.48,13.66,51.77,4.51,58.18,9.83,38.65,2.71,44.79
202609081008,2026-09-08,10,8R,daily,66.67,25.75,47.48,13.66,40.65,3.54,50.0,8.44,50.0,3.5,54.9,52.63,20.32,42.13,12.12,35.64,3.11,50.0,8.44,50.0,3.5,47.5,52.81,20.4,44.8,12.89,54.08,4.71,50.0,8.44,50.0,3.5,49.95,47.3,18.27,44.8,12.89,51.97,4.53,50.0,8.44,50.0,3.5,47.63,43.92,16.96,47.48,13.66,46.28,4.03,50.0,8.44,50.0,3.5,46.6,36.48,14.09,26.11,7.51,41.49,3.62,50.0,8.44,50.0,3.5,37.16
202609081008,2026-09-08,10,8R,realtime,66.67,25.75,47.48,13.66,40.65,3.54,58.22,9.83,43.43,3.04,55.83,52.63,20.32,42.13,12.12,35.64,3.11,41.89,7.07,46.51,3.26,45.89,52.81,20.4,44.8,12.89,54.08,4.71,49.97,8.44,65.67,4.6,51.04,47.3,18.27,44.8,12.89,51.97,4.53,38.18,6.45,60.84,4.26,46.4,43.92,16.96,47.48,13.66,46.28,4.03,41.63,7.03,44.88,3.14,44.83,36.48,14.09,26.11,7.51,41.49,3.62,70.19,11.85,38.65,2.71,39.78
202609081009,2026-09-08,10,9R,daily,66.67,25.75,44.8,12.89,49.29,4.3,50.0,8.44,50.0,3.5,54.88,52.63,20.32,44.8,12.89,60.61,5.28,50.0,8.44,50.0,3.5,50.44,52.81,20.4,42.13,12.12,40.11,3.5,50.0,8.44,50.0,3.5,47.96,47.3,18.27,47.48,13.66,22.32,1.95,50.0,8.44,50.0,3.5,45.82,43.92,16.96,44.8,12.89,43.76,3.81,50.0,8.44,50.0,3.5,45.61,36.48,14.09,47.48,13.66,39.87,3.48,50.0,8.44,50.0,3.5,43.17
202609081009,2026-09-08,10,9R,realtime,66.67,25.75,44.8,12.89,49.29,4.3,42.53,7.18,43.43,3.04,53.16,52.63,20.32,44.8,12.89,60.61,5.28,60.97,10.3,46.51,3.26,52.05,52.81,20.4,42.13,12.12,40.11,3.5,40.96,6.92,65.67,4.6,47.53,47.3,18.27,47.48,13.66,22.32,1.95,35.05,5.92,60.84,4.26,44.05,43.92,16.96,44.8,12.89,43.76,3.81,55.74,9.41,44.88,3.14,46.23,36.48,14.09,47.48,13.66,39.87,3.48,64.81,10.95,38.65,2.71,44.88
202609081010,2026-09-08,10,10R,daily,66.67,25.75,44.8,12.89,54.98,4.79,50.0,8.44,50.0,3.5,55.38,52.63,20.32,50.15,14.43,62.05,5.41,50.0,8.44,50.0,3.5,52.11,52.81,20.4,50.15,14.43,53.93,4.7,50.0,8.44,50.0,3.5,51.47,47.3,18.27,71.52,20.58,45.52,3.97,50.0,8.44,50.0,3.5,54.76,43.92,16.96,50.15,14.43,36.84,3.21,50.0,8.44,50.0,3.5,46.55,36.48,14.09,52.82,15.2,51.22,4.46,50.0,8.44,50.0,3.5,45.7
202609081010,2026-09-08,10,10R,realtime,66.67,25.75,44.8,12.89,54.98,4.79,45.96,7.76,43.43,3.04,54.24,52.63,20.32,50.15,14.43,62.05,5.41,41.99,7.09,46.51,3.26,50.51,52.81,20.4,50.15,14.43,53.93,4.7,39.37,6.65,65.67,4.6,50.77,47.3,18.27,71.52,20.58,45.52,3.97,49.94,8.43,60.84,4.26,55.51,43.92,16.96,50.15,14.43,36.84,3.21,68.32,11.54,44.88,3.14,49.28,36.48,14.09,52.82,15.2,51.22,4.46,54.51,9.21,38.65,2.71,45.66
202609081011,2026-09-08,10,11R,daily,66.67,25.75,60.83,17.5,43.22,3.77,50.0,8.44,50.0,3.5,58.96,52.63,20.32,44.8,12.89,50.13,4.37,50.0,8.44,50.0,3.5,49.53,52.81,20.4,52.82,15.2,43.45,3.79,50.0,8.44,50.0,3.5,51.33,47.3,18.27,50.15,14.43,54.76,4.77,50.0,8.44,50.0,3.5,49.41,43.92,16.96,52.82,15.2,47.89,4.17,50.0,8.44,50.0,3.5,48.28,36.48,14.09,68.84,19.81,35.97,3.14,50.0,8.44,50.0,3.5,48.98
202609081011,2026-09-08,10,11R,realtime,66.67,25.75,60.83,17.5,43.22,3.77,58.39,9.86,41.06,2.88,59.76,52.63,20.32,44.8,12.89,50.13,4.37,51.83,8.75,47.95,3.36,49.7,52.81,20.4,52.82,15.2,43.45,3.79,41.75,7.05,66.48,4.66,51.09,47.3,18.27,50.15,14.43,54.76,4.77,35.01,5.91,58.81,4.12,47.5,43.92,16.96,52.82,15.2,47.89,4.17,54.5,9.2,45.04,3.15,48.69,36.48,14.09,68.84,19.81,35.97,3.14,58.61,9.9,40.64,2.85,49.78
202609081012,2026-09-08,10,12R,daily,66.67,25.75,74.19,21.34,61.1,5.33,50.0,8.44,50.0,3.5,64.37,52.63,20.32,60.83,17.5,41.57,3.62,50.0,8.44,50.0,3.5,53.4,52.81,20.4,76.86,22.11,52.84,4.61,50.0,8.44,50.0,3.5,59.06,47.3,18.27,87.54,25.19,54.04,4.71,50.0,8.44,50.0,3.5,60.11,43.92,16.96,52.82,15.2,40.7,3.55,50.0,8.44,50.0,3.5,47.65,36.48,14.09,47.48,13.66,56.6,4.93,50.0,8.44,50.0,3.5,44.63
202609081012,2026-09-08,10,12R,realtime,66.67,25.75,74.19,21.34,61.1,5.33,68.28,11.53,31.86,2.23,66.18,52.63,20.32,60.83,17.5,41.57,3.62,42.2,7.13,39.23,2.75,51.33,52.81,20.4,76.86,22.11,52.84,4.61,58.39,9.86,40.33,2.82,59.8,47.3,18.27,87.54,25.19,54.04,4.71,50.79,8.58,76.92,5.39,62.13,43.92,16.96,52.82,15.2,40.7,3.55,38.15,6.44,57.47,4.02,46.17,36.48,14.09,47.48,13.66,56.6,4.93,42.25,7.13,54.18,3.79,43.61
202609081101,2026-09-08,11,1R,daily,68.13,28.67,48.05,10.45,52.67,5.19,50.0,9.74,50.0,3.42,57.47,51.22,21.56,44.08,9.59,50.17,4.94,50.0,9.74,50.0,3.42,49.24,51.69,21.75,50.03,10.89,56.36,5.55,50.0,9.74,50.0,3.42,51.35,48.72,20.5,44.08,9.59,58.68,5.78,50.0,9.74,50.0,3.42,49.03,43.15,18.16,34.16,7.43,45.69,4.5,50.0,9.74,50.0,3.42,43.25,37.34,15.72,46.07,10.02,33.43,3.29,50.0,9.74,50.0,3.42,42.18
202609081101,2026-09-08,11,1R,realtime,68.13,28.67,48.05,10.45,52.67,5.19,49.72,9.68,37.6,2.57,56.57,51.22,21.56,44.08,9.59,50.17,4.94,45.78,8.91,60.64,4.14,49.15,51.69,21.75,50.03,10.89,56.36,5.55,52.4,10.2,64.03,4.37,52.77,48.72,20.5,44.08,9.59,58.68,5.78,54.47,10.61,40.85,2.79,49.27,37.34,15.72,34.16,7.43,45.69,4.5,61.47,11.97,47.57,3.25,42.87,43.15,18.16,46.07,10.02,33.43,3.29,36.16,7.04,49.18,3.36,41.88
202609081102,2026-09-08,11,2R,daily,68.13,28.67,44.08,9.59,48.81,4.81,50.0,9.74,50.0,3.42,56.23,51.22,21.56,42.1,9.16,47.04,4.64,50.0,9.74,50.0,3.42,48.5,51.69,21.75,38.13,8.3,53.63,5.28,50.0,9.74,50.0,3.42,48.49,48.72,20.5,46.07,10.02,49.64,4.89,50.0,9.74,50.0,3.42,48.57,43.15,18.16,44.08,9.59,49.28,4.86,50.0,9.74,50.0,3.42,45.76,37.34,15.72,50.03,10.89,50.77,5.0,50.0,9.74,50.0,3.42,44.76
202609081102,2026-09-08,11,2R,realtime,68.13,28.67,44.08,9.59,48.81,4.81,62.41,12.15,37.95,2.59,57.82,51.22,21.56,42.1,9.16,47.04,4.64,38.46,7.49,61.13,4.18,47.01,51.69,21.75,38.13,8.3,53.63,5.28,47.29,9.21,60.69,4.15,48.69,48.72,20.5,46.07,10.02,49.64,4.89,49.72,9.68,40.79,2.79,47.89,43.15,18.16,44.08,9.59,49.28,4.86,51.98,10.12,49.77,3.4,46.13,37.34,15.72,50.03,10.89,50.77,5.0,50.14,9.76,49.53,3.38,44.75
202609081103,2026-09-08,11,3R,daily,68.13,28.67,42.1,9.16,62.76,6.18,50.0,9.74,50.0,3.42,57.17,51.22,21.56,40.11,8.73,56.32,5.55,50.0,9.74,50.0,3.42,48.99,51.69,21.75,48.05,10.45,53.07,5.23,50.0,9.74,50.0,3.42,50.59,48.72,20.5,52.02,11.32,49.86,4.91,50.0,9.74,50.0,3.42,49.89,43.15,18.16,46.07,10.02,53.33,5.25,50.0,9.74,50.0,3.42,46.59,37.34,15.72,38.13,8.3,44.39,4.37,50.0,9.74,50.0,3.42,41.54
202609081103,2026-09-08,11,3R,realtime,68.13,28.67,42.1,9.16,62.76,6.18,62.33,12.14,32.36,2.21,58.36,51.22,21.56,40.11,8.73,56.32,5.55,50.8,9.89,62.53,4.27,50.0,51.69,21.75,48.05,10.45,53.07,5.23,54.14,10.54,58.79,4.02,52.0,48.72,20.5,52.02,11.32,49.86,4.91,54.22,10.56,39.88,2.72,50.02,43.15,18.16,46.07,10.02,53.33,5.25,33.17,6.46,53.16,3.63,43.53,37.34,15.72,38.13,8.3,44.39,4.37,45.34,8.83,53.15,3.63,40.85
202609081104,2026-09-08,11,4R,daily,68.13,28.67,44.08,9.59,60.62,5.97,50.0,9.74,50.0,3.42,57.39,51.22,21.56,50.03,10.89,40.84,4.02,50.0,9.74,50.0,3.42,49.62,51.69,21.75,46.07,10.02,45.28,4.46,50.0,9.74,50.0,3.42,49.39,48.72,20.5,34.16,7.43,31.01,3.06,50.0,9.74,50.0,3.42,44.14,43.15,18.16,55.99,12.18,67.77,6.68,50.0,9.74,50.0,3.42,50.17,37.34,15.72,46.07,10.02,56.61,5.58,50.0,9.74,50.0,3.42,44.47
202609081104,2026-09-08,11,4R,realtime,68.13,28.67,44.08,9.59,60.62,5.97,58.4,11.37,29.2,2.0,57.6,51.22,21.56,50.03,10.89,40.84,4.02,54.54,10.62,62.74,4.29,51.37,51.69,21.75,46.07,10.02,45.28,4.46,58.15,11.32,61.17,4.18,51.74,48.72,20.5,34.16,7.43,31.01,3.06,29.73,5.79,39.48,2.7,39.48,43.15,18.16,55.99,12.18,67.77,6.68,56.17,10.94,54.27,3.71,51.66,37.34,15.72,46.07,10.02,56.61,5.58,43.01,8.38,53.0,3.62,43.31
202609081105,2026-09-08,11,5R,daily,68.13,28.67,52.02,11.32,48.84,4.81,50.0,9.74,50.0,3.42,57.96,51.22,21.56,42.1,9.16,42.89,4.23,50.0,9.74,50.0,3.42,48.09,51.69,21.75,40.11,8.73,53.39,5.26,50.0,9.74,50.0,3.42,48.89,48.72,20.5,50.03,10.89,54.0,5.32,50.0,9.74,50.0,3.42,49.86,43.15,18.16,52.02,11.32,49.19,4.85,50.0,9.74,50.0,3.42,47.48,37.34,15.72,46.07,10.02,66.37,6.54,50.0,9.74,50.0,3.42,45.43
202609081105,2026-09-08,11,5R,realtime,68.13,28.67,52.02,11.32,48.84,4.81,65.94,12.84,37.6,2.57,60.21,51.22,21.56,42.1,9.16,42.89,4.23,51.11,9.95,60.64,4.14,49.04,51.69,21.75,40.11,8.73,53.39,5.26,31.38,6.11,64.03,4.37,46.23,48.72,20.5,50.03,10.89,54.0,5.32,40.58,7.9,40.85,2.79,47.4,43.15,18.16,52.02,11.32,49.19,4.85,54.17,10.55,49.18,3.36,48.23,37.34,15.72,46.07,10.02,66.37,6.54,56.82,11.06,47.57,3.25,46.59
202609081106,2026-09-08,11,6R,daily,68.13,28.67,48.05,10.45,40.71,4.01,50.0,9.74,50.0,3.42,56.29,51.22,21.56,40.11,8.73,49.98,4.92,50.0,9.74,50.0,3.42,48.36,51.69,21.75,44.08,9.59,50.17,4.94,50.0,9.74,50.0,3.42,49.44,48.72,20.5,46.07,10.02,48.1,4.74,50.0,9.74,50.0,3.42,48.42,43.15,18.16,48.05,10.45,50.71,5.0,50.0,9.74,50.0,3.42,46.76,37.34,15.72,40.11,8.73,28.71,2.83,50.0,9.74,50.0,3.42,40.42
202609081106,2026-09-08,11,6R,realtime,68.13,28.67,48.05,10.45,40.71,4.01,53.53,10.42,37.6,2.57,56.13,51.22,21.56,40.11,8.73,49.98,4.92,57.53,11.2,60.64,4.14,50.55,51.69,21.75,44.08,9.59,50.17,4.94,60.47,11.77,64.03,4.37,52.44,48.72,20.5,46.07,10.02,48.1,4.74,52.78,10.28,40.85,2.79,48.34,43.15,18.16,48.05,10.45,50.71,5.0,30.36,5.91,49.18,3.36,42.88,37.34,15.72,40.11,8.73,28.71,2.83,45.32,8.83,47.57,3.25,39.35
202609081107,2026-09-08,11,7R,daily,68.13,28.67,40.11,8.73,44.8,4.41,50.0,9.74,50.0,3.42,54.97,51.22,21.56,44.08,9.59,54.62,5.38,50.0,9.74,50.0,3.42,49.68,51.69,21.75,44.08,9.59,32.81,3.23,50.0,9.74,50.0,3.42,47.73,48.72,20.5,48.05,10.45,53.07,5.23,50.0,9.74,50.0,3.42,49.34,43.15,18.16,52.02,11.32,60.68,5.98,50.0,9.74,50.0,3.42,48.61,37.34,15.72,50.03,10.89,50.77,5.0,50.0,9.74,50.0,3.42,44.76
202609081107,2026-09-08,11,7R,realtime,68.13,28.67,40.11,8.73,44.8,4.41,54.71,10.65,37.6,2.57,55.04,51.22,21.56,44.08,9.59,54.62,5.38,41.86,8.15,60.64,4.14,48.82,51.69,21.75,44.08,9.59,32.81,3.23,41.41,8.06,64.03,4.37,47.02,48.72,20.5,48.05,10.45,53.07,5.23,38.94,7.58,40.85,2.79,46.56,43.15,18.16,52.02,11.32,60.68,5.98,64.1,12.48,49.18,3.36,51.3,37.34,15.72,50.03,10.89,50.77,5.0,58.97,11.48,47.57,3.25,46.34
202609081108,2026-09-08,11,8R,daily,68.13,28.67,50.03,10.89,52.34,5.16,50.0,9.74,50.0,3.42,57.87,51.22,21.56,38.13,8.3,53.63,5.28,50.0,9.74,50.0,3.42,48.29,51.69,21.75,50.03,10.89,40.84,4.02,50.0,9.74,50.0,3.42,49.82,48.72,20.5,40.11,8.73,56.32,5.55,50.0,9.74,50.0,3.42,47.93,43.15,18.16,34.16,7.43,58.53,5.77,50.0,9.74,50.0,3.42,44.51,37.34,15.72,50.03,10.89,52.0,5.12,50.0,9.74,50.0,3.42,44.88
202609081108,2026-09-08,11,8R,realtime,68.13,28.67,50.03,10.89,52.34,5.16,47.01,9.15,37.6,2.57,56.44,51.22,21.56,38.13,8.3,53.63,5.28,51.51,10.03,60.64,4.14,49.31,51.69,21.75,50.03,10.89,40.84,4.02,48.19,9.38,64.03,4.37,50.42,48.72,20.5,40.11,8.73,56.32,5.55,47.36,9.22,40.85,2.79,46.79,37.34,15.72,34.16,7.43,58.53,5.77,41.99,8.18,47.57,3.25,40.34,43.15,18.16,50.03,10.89,52.0,5.12,63.93,12.45,49.18,3.36,49.98
202609081109,2026-09-08,11,9R,daily,68.13,28.67,50.03,10.89,54.0,5.32,50.0,9.74,50.0,3.42,58.03,51.22,21.56,46.07,10.02,56.57,5.57,50.0,9.74,50.0,3.42,50.3,51.69,21.75,40.11,8.73,36.68,3.61,50.0,9.74,50.0,3.42,47.25,48.72,20.5,46.07,10.02,45.28,4.46,50.0,9.74,50.0,3.42,48.14,43.15,18.16,34.16,7.43,45.69,4.5,50.0,9.74,50.0,3.42,43.25,37.34,15.72,42.1,9.16,50.49,4.98,50.0,9.74,50.0,3.42,43.0
202609081109,2026-09-08,11,9R,realtime,68.13,28.67,50.03,10.89,54.0,5.32,50.21,9.78,37.6,2.57,57.23,51.22,21.56,46.07,10.02,56.57,5.57,56.26,10.96,60.64,4.14,52.25,51.69,21.75,40.11,8.73,36.68,3.61,34.27,6.67,64.03,4.37,45.14,48.72,20.5,46.07,10.02,45.28,4.46,45.13,8.79,40.85,2.79,46.57,37.34,15.72,34.16,7.43,45.69,4.5,55.86,10.88,47.57,3.25,41.78,43.15,18.16,42.1,9.16,50.49,4.98,58.28,11.35,49.18,3.36,47.0
202609081110,2026-09-08,11,10R,daily,68.13,28.67,48.05,10.45,50.71,5.0,50.0,9.74,50.0,3.42,57.28,51.22,21.56,52.02,11.32,49.19,4.85,50.0,9.74,50.0,3.42,50.87,51.69,21.75,44.08,9.59,58.68,5.78,50.0,9.74,50.0,3.42,50.28,48.72,20.5,44.08,9.59,60.62,5.97,50.0,9.74,50.0,3.42,49.22,43.15,18.16,42.1,9.16,62.76,6.18,50.0,9.74,50.0,3.42,46.65,37.34,15.72,44.08,9.59,48.81,4.81,50.0,9.74,50.0,3.42,43.27
202609081110,2026-09-08,11,10R,realtime,68.13,28.67,48.05,10.45,50.71,5.0,57.86,11.27,37.95,2.59,57.98,51.22,21.56,52.02,11.32,49.19,4.85,58.87,11.46,61.13,4.18,53.36,51.69,21.75,44.08,9.59,58.68,5.78,51.04,9.94,60.69,4.15,51.21,48.72,20.5,44.08,9.59,60.62,5.97,42.32,8.24,40.79,2.79,47.09,43.15,18.16,42.1,9.16,62.76,6.18,37.87,7.37,49.77,3.4,44.28,37.34,15.72,44.08,9.59,48.81,4.81,52.05,10.14,49.53,3.38,43.64
202609081111,2026-09-08,11,11R,daily,68.13,28.67,55.99,12.18,67.77,6.68,50.0,9.74,50.0,3.42,60.68,51.22,21.56,46.07,10.02,53.33,5.25,50.0,9.74,50.0,3.42,49.99,51.69,21.75,46.07,10.02,49.64,4.89,50.0,9.74,50.0,3.42,49.82,48.72,20.5,50.03,10.89,56.36,5.55,50.0,9.74,50.0,3.42,50.1,43.15,18.16,40.11,8.73,44.8,4.41,50.0,9.74,50.0,3.42,44.45,37.34,15.72,52.02,11.32,48.84,4.81,50.0,9.74,50.0,3.42,45.0
202609081111,2026-09-08,11,11R,realtime,68.13,28.67,55.99,12.18,67.77,6.68,63.58,12.38,37.6,2.57,62.48,51.22,21.56,46.07,10.02,53.33,5.25,48.52,9.45,60.64,4.14,50.43,51.69,21.75,46.07,10.02,49.64,4.89,41.71,8.12,64.03,4.37,49.16,48.72,20.5,50.03,10.89,56.36,5.55,45.76,8.91,40.85,2.79,48.64,43.15,18.16,40.11,8.73,44.8,4.41,61.01,11.88,49.18,3.36,46.54,37.34,15.72,52.02,11.32,48.84,4.81,39.43,7.68,47.57,3.25,42.77
202609081112,2026-09-08,11,12R,daily,68.13,28.67,52.02,11.32,60.68,5.98,50.0,9.74,50.0,3.42,59.12,51.22,21.56,44.08,9.59,49.28,4.86,50.0,9.74,50.0,3.42,49.16,51.69,21.75,52.02,11.32,49.86,4.91,50.0,9.74,50.0,3.42,51.14,48.72,20.5,48.05,10.45,52.67,5.19,50.0,9.74,50.0,3.42,49.3,43.15,18.16,48.05,10.45,40.71,4.01,50.0,9.74,50.0,3.42,45.78,37.34,15.72,50.03,10.89,52.34,5.16,50.0,9.74,50.0,3.42,44.91
202609081112,2026-09-08,11,12R,realtime,68.13,28.67,52.02,11.32,60.68,5.98,74.81,14.57,37.6,2.57,63.11,51.22,21.56,44.08,9.59,49.28,4.86,45.24,8.81,60.64,4.14,48.95,51.69,21.75,52.02,11.32,49.86,4.91,41.06,8.0,64.03,4.37,50.36,48.72,20.5,48.05,10.45,52.67,5.19,43.06,8.39,40.85,2.79,47.32,43.15,18.16,48.05,10.45,40.71,4.01,57.13,11.12,49.18,3.36,47.11,37.34,15.72,50.03,10.89,52.34,5.16,38.7,7.54,47.57,3.25,42.54
202609081301,2026-09-08,13,1R,daily,69.29,27.07,42.2,8.95,59.42,5.81,50.0,12.01,50.0,2.96,56.8,51.43,20.09,45.85,9.73,29.44,2.88,50.0,12.01,50.0,2.96,47.67,52.22,20.4,62.28,13.21,63.47,6.21,50.0,12.01,50.0,2.96,54.79,48.19,18.83,44.03,9.34,37.6,3.68,50.0,12.01,50.0,2.96,46.81,42.82,16.73,33.07,7.02,39.0,3.82,50.0,12.01,50.0,2.96,42.53,36.43,14.23,42.2,8.95,52.54,5.14,50.0,12.01,50.0,2.96,43.29
202609081301,2026-09-08,13,1R,realtime,69.29,27.07,42.2,8.95,59.42,5.81,61.33,14.73,60.83,3.6,60.17,51.43,20.09,45.85,9.73,29.44,2.88,46.72,11.22,60.16,3.56,47.48,52.22,20.4,62.28,13.21,63.47,6.21,68.0,16.33,31.93,1.89,58.04,48.19,18.83,44.03,9.34,37.6,3.68,48.09,11.55,34.59,2.05,45.44,36.43,14.23,33.07,7.02,39.0,3.82,34.5,8.28,48.88,2.89,36.24,42.82,16.73,42.2,8.95,52.54,5.14,41.35,9.93,63.52,3.76,44.51
202609081302,2026-09-08,13,2R,daily,69.29,27.07,44.03,9.34,61.85,6.05,50.0,12.01,50.0,2.96,57.43,51.43,20.09,44.03,9.34,66.09,6.47,50.0,12.01,50.0,2.96,50.86,52.22,20.4,49.5,10.5,46.41,4.54,50.0,12.01,50.0,2.96,50.41,48.19,18.83,36.73,7.79,72.99,7.14,50.0,12.01,50.0,2.96,48.73,42.82,16.73,45.85,9.73,41.63,4.07,50.0,12.01,50.0,2.96,45.5,36.43,14.23,49.5,10.5,36.86,3.61,50.0,12.01,50.0,2.96,43.31
202609081302,2026-09-08,13,2R,realtime,69.29,27.07,44.03,9.34,61.85,6.05,66.02,15.86,60.07,3.56,61.87,51.43,20.09,44.03,9.34,66.09,6.47,52.95,12.72,60.04,3.55,52.17,52.22,20.4,49.5,10.5,46.41,4.54,42.7,10.26,32.6,1.93,47.63,48.19,18.83,36.73,7.79,72.99,7.14,65.15,15.65,34.83,2.06,51.47,42.82,16.73,45.85,9.73,41.63,4.07,39.28,9.43,63.4,3.75,43.71,36.43,14.23,49.5,10.5,36.86,3.61,33.88,8.14,48.96,2.9,39.37
202609081303,2026-09-08,13,3R,daily,69.29,27.07,45.85,9.73,32.27,3.16,50.0,12.01,50.0,2.96,54.92,51.43,20.09,45.85,9.73,53.98,5.28,50.0,12.01,50.0,2.96,50.07,52.22,20.4,42.2,8.95,38.1,3.73,50.0,12.01,50.0,2.96,48.05,48.19,18.83,49.5,10.5,42.9,4.2,50.0,12.01,50.0,2.96,48.49,42.82,16.73,44.03,9.34,38.29,3.75,50.0,12.01,50.0,2.96,44.78,36.43,14.23,54.98,11.66,64.66,6.33,50.0,12.01,50.0,2.96,47.19
202609081303,2026-09-08,13,3R,realtime,69.29,27.07,45.85,9.73,32.27,3.16,57.62,13.84,62.97,3.73,57.52,51.43,20.09,45.85,9.73,53.98,5.28,38.7,9.29,56.92,3.37,47.76,52.22,20.4,42.2,8.95,38.1,3.73,47.87,11.5,31.95,1.89,46.47,48.19,18.83,49.5,10.5,42.9,4.2,41.65,10.0,32.56,1.93,45.46,42.82,16.73,44.03,9.34,38.29,3.75,56.75,13.63,64.31,3.81,47.25,36.43,14.23,54.98,11.66,64.66,6.33,57.39,13.78,51.19,3.03,49.03
202609081304,2026-09-08,13,4R,daily,69.29,27.07,47.68,10.11,61.43,6.01,50.0,12.01,50.0,2.96,58.16,51.43,20.09,49.5,10.5,47.0,4.6,50.0,12.01,50.0,2.96,50.16,52.22,20.4,42.2,8.95,57.6,5.64,50.0,12.01,50.0,2.96,49.96,48.19,18.83,54.98,11.66,57.31,5.61,50.0,12.01,50.0,2.96,51.07,42.82,16.73,47.68,10.11,27.56,2.7,50.0,12.01,50.0,2.96,44.51,36.43,14.23,45.85,9.73,58.52,5.73,50.0,12.01,50.0,2.96,44.65
202609081304,2026-09-08,13,4R,realtime,69.29,27.07,47.68,10.11,61.43,6.01,63.5,15.25,59.57,3.53,61.97,51.43,20.09,49.5,10.5,47.0,4.6,53.99,12.97,59.96,3.55,51.71,52.22,20.4,42.2,8.95,57.6,5.64,27.91,6.7,33.03,1.96,43.65,48.19,18.83,54.98,11.66,57.31,5.61,55.7,13.38,34.99,2.07,51.55,42.82,16.73,47.68,10.11,27.56,2.7,54.74,13.15,63.31,3.75,46.43,36.43,14.23,45.85,9.73,58.52,5.73,44.15,10.6,49.03,2.9,43.19
202609081305,2026-09-08,13,5R,daily,69.29,27.07,44.03,9.34,54.6,5.34,50.0,12.01,50.0,2.96,56.72,51.43,20.09,51.33,10.89,43.26,4.23,50.0,12.01,50.0,2.96,50.18,52.22,20.4,44.03,9.34,37.6,3.68,50.0,12.01,50.0,2.96,48.39,48.19,18.83,44.03,9.34,49.78,4.87,50.0,12.01,50.0,2.96,48.01,42.82,16.73,56.8,12.05,59.59,5.83,50.0,12.01,50.0,2.96,49.58,36.43,14.23,49.5,10.5,44.71,4.37,50.0,12.01,50.0,2.96,44.08
202609081305,2026-09-08,13,5R,realtime,69.29,27.07,44.03,9.34,54.6,5.34,57.87,13.9,59.57,3.53,59.18,51.43,20.09,51.33,10.89,43.26,4.23,60.35,14.49,59.96,3.55,53.26,52.22,20.4,44.03,9.34,37.6,3.68,24.6,5.91,33.03,1.96,41.28,48.19,18.83,44.03,9.34,49.78,4.87,59.34,14.25,34.99,2.07,49.36,42.82,16.73,56.8,12.05,59.59,5.83,49.09,11.79,63.31,3.75,50.15,36.43,14.23,49.5,10.5,44.71,4.37,48.72,11.7,49.03,2.9,43.71
202609081306,2026-09-08,13,6R,daily,69.29,27.07,49.5,10.5,36.15,3.54,50.0,12.01,50.0,2.96,56.08,51.43,20.09,42.2,8.95,52.54,5.14,50.0,12.01,50.0,2.96,49.15,52.22,20.4,42.2,8.95,53.0,5.19,50.0,12.01,50.0,2.96,49.51,48.19,18.83,53.15,11.28,45.91,4.49,50.0,12.01,50.0,2.96,49.56,42.82,16.73,44.03,9.34,66.09,6.47,50.0,12.01,50.0,2.96,47.5,36.43,14.23,45.85,9.73,35.38,3.46,50.0,12.01,50.0,2.96,42.39
202609081306,2026-09-08,13,6R,realtime,69.29,27.07,49.5,10.5,36.15,3.54,62.85,15.1,59.82,3.54,59.74,51.43,20.09,42.2,8.95,52.54,5.14,49.21,11.82,60.0,3.55,49.55,52.22,20.4,42.2,8.95,53.0,5.19,53.53,12.85,32.82,1.94,49.34,48.19,18.83,53.15,11.28,45.91,4.49,51.94,12.47,34.91,2.07,49.14,42.82,16.73,44.03,9.34,66.09,6.47,46.56,11.18,63.36,3.75,47.47,36.43,14.23,45.85,9.73,35.38,3.46,35.89,8.62,49.0,2.9,38.94
202609081307,2026-09-08,13,7R,daily,69.29,27.07,45.85,9.73,49.34,4.83,50.0,12.01,50.0,2.96,56.59,51.43,20.09,44.03,9.34,58.46,5.72,50.0,12.01,50.0,2.96,50.12,52.22,20.4,44.03,9.34,38.29,3.75,50.0,12.01,50.0,2.96,48.45,48.19,18.83,53.15,11.28,56.36,5.51,50.0,12.01,50.0,2.96,50.59,42.82,16.73,44.03,9.34,49.17,4.81,50.0,12.01,50.0,2.96,45.85,36.43,14.23,49.5,10.5,46.41,4.54,50.0,12.01,50.0,2.96,44.24
202609081307,2026-09-08,13,7R,realtime,69.29,27.07,45.85,9.73,49.34,4.83,62.13,14.92,60.33,3.57,60.12,52.22,20.4,44.03,9.34,58.46,5.72,54.07,12.98,32.38,1.92,50.36,48.19,18.83,44.03,9.34,38.29,3.75,48.32,11.6,34.75,2.06,45.58,42.82,16.73,53.15,11.28,56.36,5.51,51.94,12.47,63.44,3.76,49.75,36.43,14.23,44.03,9.34,49.17,4.81,48.76,11.71,48.94,2.9,42.99,51.43,20.09,49.5,10.5,46.41,4.54,34.75,8.35,60.08,3.56,47.04
202609081308,2026-09-08,13,8R,daily,69.29,27.07,45.85,9.73,36.68,3.59,50.0,12.01,50.0,2.96,55.35,51.43,20.09,44.03,9.34,50.84,4.97,50.0,12.01,50.0,2.96,49.37,52.22,20.4,49.5,10.5,36.86,3.61,50.0,12.01,50.0,2.96,49.48,48.19,18.83,44.03,9.34,41.62,4.07,50.0,12.01,50.0,2.96,47.21,42.82,16.73,45.85,9.73,53.98,5.28,50.0,12.01,50.0,2.96,46.71,36.43,14.23,45.85,9.73,62.06,6.07,50.0,12.01,50.0,2.96,45.0
202609081308,2026-09-08,13,8R,realtime,69.29,27.07,45.85,9.73,36.68,3.59,64.22,15.42,60.57,3.59,59.39,51.43,20.09,44.03,9.34,50.84,4.97,46.81,11.24,60.11,3.56,49.21,52.22,20.4,49.5,10.5,36.86,3.61,49.57,11.9,32.15,1.9,48.32,48.19,18.83,44.03,9.34,41.62,4.07,43.17,10.37,34.67,2.05,44.66,42.82,16.73,45.85,9.73,53.98,5.28,50.0,12.01,63.48,3.76,47.5,36.43,14.23,45.85,9.73,62.06,6.07,46.21,11.1,48.9,2.89,44.02
202609081309,2026-09-08,13,9R,daily,69.29,27.07,49.5,10.5,42.9,4.2,50.0,12.01,50.0,2.96,56.74,51.43,20.09,49.5,10.5,44.71,4.37,50.0,12.01,50.0,2.96,49.94,52.22,20.4,45.85,9.73,41.63,4.07,50.0,12.01,50.0,2.96,49.17,48.19,18.83,49.5,10.5,53.07,5.19,50.0,12.01,50.0,2.96,49.49,42.82,16.73,42.2,8.95,59.42,5.81,50.0,12.01,50.0,2.96,46.46,36.43,14.23,54.98,11.66,57.31,5.61,50.0,12.01,50.0,2.96,46.47
202609081309,2026-09-08,13,9R,realtime,69.29,27.07,49.5,10.5,42.9,4.2,58.67,14.09,60.57,3.59,59.44,51.43,20.09,49.5,10.5,44.71,4.37,55.86,13.41,60.11,3.56,51.94,52.22,20.4,45.85,9.73,41.63,4.07,49.51,11.89,32.15,1.9,47.99,48.19,18.83,49.5,10.5,53.07,5.19,57.67,13.85,34.67,2.05,50.42,42.82,16.73,42.2,8.95,59.42,5.81,35.62,8.55,63.48,3.76,43.81,36.43,14.23,54.98,11.66,57.31,5.61,42.65,10.24,48.9,2.89,44.64
202609081310,2026-09-08,13,10R,daily,69.29,27.07,49.5,10.5,41.72,4.08,50.0,12.01,50.0,2.96,56.62,51.43,20.09,42.2,8.95,53.0,5.19,50.0,12.01,50.0,2.96,49.2,52.22,20.4,54.98,11.66,64.66,6.33,50.0,12.01,50.0,2.96,53.36,48.19,18.83,45.85,9.73,60.07,5.88,50.0,12.01,50.0,2.96,49.4,42.82,16.73,62.28,13.21,63.47,6.21,50.0,12.01,50.0,2.96,51.12,36.43,14.23,51.33,10.89,43.26,4.23,50.0,12.01,50.0,2.96,44.32
202609081310,2026-09-08,13,10R,realtime,69.29,27.07,49.5,10.5,41.72,4.08,36.89,8.86,60.57,3.59,54.1,51.43,20.09,42.2,8.95,53.0,5.19,43.33,10.41,60.11,3.56,48.19,52.22,20.4,54.98,11.66,64.66,6.33,47.16,11.33,32.15,1.9,51.62,48.19,18.83,45.85,9.73,60.07,5.88,48.93,11.75,34.67,2.05,48.23,42.82,16.73,62.28,13.21,63.47,6.21,62.52,15.01,63.48,3.76,54.92,36.43,14.23,51.33,10.89,43.26,4.23,61.14,14.68,48.9,2.89,46.93
202609081311,2026-09-08,13,11R,daily,69.29,27.07,56.8,12.05,59.59,5.83,50.0,12.01,50.0,2.96,59.92,51.43,20.09,47.68,10.11,59.04,5.78,50.0,12.01,50.0,2.96,50.95,52.22,20.4,47.68,10.11,27.56,2.7,50.0,12.01,50.0,2.96,48.18,48.19,18.83,42.2,8.95,38.1,3.73,50.0,12.01,50.0,2.96,46.48,42.82,16.73,49.5,10.5,36.15,3.54,50.0,12.01,50.0,2.96,45.74,36.43,14.23,44.03,9.34,58.46,5.72,50.0,12.01,50.0,2.96,44.26
202609081311,2026-09-08,13,11R,realtime,69.29,27.07,56.8,12.05,59.59,5.83,70.47,16.92,60.83,3.6,65.48,51.43,20.09,47.68,10.11,59.04,5.78,42.84,10.29,60.16,3.56,49.83,52.22,20.4,47.68,10.11,27.56,2.7,56.05,13.46,31.93,1.89,48.56,48.19,18.83,42.2,8.95,38.1,3.73,37.88,9.1,34.59,2.05,42.65,42.82,16.73,49.5,10.5,36.15,3.54,49.07,11.78,63.52,3.76,46.31,36.43,14.23,44.03,9.34,58.46,5.72,43.63,10.48,48.88,2.89,42.66
202609081312,2026-09-08,13,12R,daily,69.29,27.07,53.15,11.28,45.91,4.49,50.0,12.01,50.0,2.96,57.81,51.43,20.09,44.03,9.34,49.78,4.87,50.0,12.01,50.0,2.96,49.27,52.22,20.4,45.85,9.73,36.68,3.59,50.0,12.01,50.0,2.96,48.68,48.19,18.83,44.03,9.34,61.85,6.05,50.0,12.01,50.0,2.96,49.19,42.82,16.73,53.15,11.28,56.36,5.51,50.0,12.01,50.0,2.96,48.49,36.43,14.23,49.5,10.5,47.0,4.6,50.0,12.01,50.0,2.96,44.3
202609081312,2026-09-08,13,12R,realtime,69.29,27.07,53.15,11.28,45.91,4.49,70.69,16.98,61.08,3.62,63.43,51.43,20.09,44.03,9.34,49.78,4.87,59.74,14.35,60.2,3.56,52.21,52.22,20.4,45.85,9.73,36.68,3.59,39.96,9.6,31.72,1.88,45.19,48.19,18.83,44.03,9.34,61.85,6.05,35.4,8.5,34.51,2.04,44.76,42.82,16.73,53.15,11.28,56.36,5.51,52.74,12.67,63.56,3.76,49.95,36.43,14.23,49.5,10.5,47.0,4.6,41.45,9.96,48.84,2.89,42.18
202609081401,2026-09-08,14,1R,daily,69.21,25.5,65.36,13.3,42.86,4.3,50.0,11.52,50.0,4.87,59.49,52.7,19.42,43.91,8.94,42.09,4.22,50.0,11.52,50.0,4.87,48.96,52.59,19.38,38.54,7.84,43.83,4.4,50.0,11.52,50.0,4.87,48.0,48.06,17.71,45.69,9.3,57.19,5.73,50.0,11.52,50.0,4.87,49.13,43.84,16.15,34.97,7.12,55.76,5.59,50.0,11.52,50.0,4.87,45.25,34.9,12.86,51.06,10.39,49.79,4.99,50.0,11.52,50.0,4.87,44.63
202609081401,2026-09-08,14,1R,realtime,69.21,25.5,65.36,13.3,42.86,4.3,76.89,17.71,40.36,3.93,64.74,52.7,19.42,43.91,8.94,42.09,4.22,37.98,8.75,60.71,5.91,47.24,52.59,19.38,38.54,7.84,43.83,4.4,39.33,9.06,63.72,6.21,46.88,48.06,17.71,45.69,9.3,57.19,5.73,45.21,10.41,41.33,4.03,47.18,34.9,12.86,34.97,7.12,55.76,5.59,57.55,13.26,48.2,4.7,43.52,43.84,16.15,51.06,10.39,49.79,4.99,42.88,9.88,45.7,4.45,45.87
202609081402,2026-09-08,14,2R,daily,69.21,25.5,51.06,10.39,51.84,5.2,50.0,11.52,50.0,4.87,57.48,52.7,19.42,63.57,12.94,39.51,3.96,50.0,11.52,50.0,4.87,52.7,52.59,19.38,49.27,10.03,36.91,3.7,50.0,11.52,50.0,4.87,49.49,48.06,17.71,45.69,9.3,45.52,4.56,50.0,11.52,50.0,4.87,47.96,43.84,16.15,45.69,9.3,50.75,5.09,50.0,11.52,50.0,4.87,46.93,34.9,12.86,40.33,8.21,56.61,5.68,50.0,11.52,50.0,4.87,43.13
202609081402,2026-09-08,14,2R,realtime,69.21,25.5,51.06,10.39,51.84,5.2,60.72,13.99,40.36,3.93,59.01,52.7,19.42,63.57,12.94,39.51,3.96,61.56,14.18,60.71,5.91,56.41,52.59,19.38,49.27,10.03,36.91,3.7,42.06,9.69,63.72,6.21,49.0,48.06,17.71,45.69,9.3,45.52,4.56,53.33,12.28,41.33,4.03,47.88,43.84,16.15,45.69,9.3,50.75,5.09,39.11,9.01,45.7,4.45,44.0,34.9,12.86,40.33,8.21,56.61,5.68,43.08,9.92,48.2,4.7,41.36
202609081403,2026-09-08,14,3R,daily,69.21,25.5,56.42,11.48,40.1,4.02,50.0,11.52,50.0,4.87,57.39,52.7,19.42,49.27,10.03,51.15,5.13,50.0,11.52,50.0,4.87,50.96,52.59,19.38,43.91,8.94,52.43,5.26,50.0,11.52,50.0,4.87,49.96,48.06,17.71,49.27,10.03,41.39,4.15,50.0,11.52,50.0,4.87,48.27,43.84,16.15,51.06,10.39,58.97,5.91,50.0,11.52,50.0,4.87,48.85,34.9,12.86,40.33,8.21,46.99,4.71,50.0,11.52,50.0,4.87,42.17
202609081403,2026-09-08,14,3R,realtime,69.21,25.5,56.42,11.48,40.1,4.02,61.88,14.25,31.33,3.05,58.31,52.7,19.42,49.27,10.03,51.15,5.13,43.07,9.92,55.53,5.41,49.9,52.59,19.38,43.91,8.94,52.43,5.26,42.85,9.87,70.08,6.83,50.27,48.06,17.71,49.27,10.03,41.39,4.15,72.01,16.59,39.76,3.87,52.35,43.84,16.15,51.06,10.39,58.97,5.91,45.98,10.59,58.68,5.72,48.77,34.9,12.86,40.33,8.21,46.99,4.71,34.07,7.85,44.64,4.35,37.97
202609081404,2026-09-08,14,4R,daily,69.21,25.5,47.48,9.66,42.3,4.24,50.0,11.52,50.0,4.87,55.79,52.7,19.42,42.12,8.57,51.39,5.15,50.0,11.52,50.0,4.87,49.53,52.59,19.38,60.0,12.21,54.17,5.43,50.0,11.52,50.0,4.87,53.41,48.06,17.71,47.48,9.66,38.18,3.83,50.0,11.52,50.0,4.87,47.59,43.84,16.15,38.54,7.84,52.12,5.23,50.0,11.52,50.0,4.87,45.61,34.9,12.86,47.48,9.66,41.05,4.12,50.0,11.52,50.0,4.87,43.03
202609081404,2026-09-08,14,4R,realtime,69.21,25.5,47.48,9.66,42.3,4.24,50.75,11.69,37.56,3.66,54.75,52.7,19.42,42.12,8.57,51.39,5.15,36.06,8.31,59.67,5.81,47.26,52.59,19.38,60.0,12.21,54.17,5.43,62.02,14.28,66.11,6.44,57.74,48.06,17.71,47.48,9.66,38.18,3.83,64.01,14.74,37.41,3.64,49.59,43.84,16.15,38.54,7.84,52.12,5.23,38.55,8.88,52.17,5.08,43.19,34.9,12.86,47.48,9.66,41.05,4.12,48.46,11.16,47.1,4.59,42.39
202609081405,2026-09-08,14,5R,daily,69.21,25.5,47.48,9.66,51.53,5.17,50.0,11.52,50.0,4.87,56.72,52.7,19.42,47.48,9.66,24.45,2.45,50.0,11.52,50.0,4.87,47.92,52.59,19.38,58.21,11.85,45.81,4.59,50.0,11.52,50.0,4.87,52.2,48.06,17.71,43.91,8.94,36.84,3.69,50.0,11.52,50.0,4.87,46.73,43.84,16.15,58.21,11.85,51.08,5.12,50.0,11.52,50.0,4.87,49.51,34.9,12.86,38.54,7.84,40.65,4.08,50.0,11.52,50.0,4.87,41.17
202609081405,2026-09-08,14,5R,realtime,69.21,25.5,47.48,9.66,51.53,5.17,61.33,14.13,37.56,3.66,58.11,52.7,19.42,47.48,9.66,24.45,2.45,43.35,9.99,59.67,5.81,47.33,52.59,19.38,58.21,11.85,45.81,4.59,56.49,13.01,66.11,6.44,55.27,48.06,17.71,43.91,8.94,36.84,3.69,34.43,7.93,37.41,3.64,41.91,43.84,16.15,58.21,11.85,51.08,5.12,48.59,11.19,52.17,5.08,49.4,34.9,12.86,38.54,7.84,40.65,4.08,55.63,12.81,47.1,4.59,42.18
202609081406,2026-09-08,14,6R,daily,69.21,25.5,61.78,12.57,51.22,5.14,50.0,11.52,50.0,4.87,59.6,52.7,19.42,49.27,10.03,39.08,3.92,50.0,11.52,50.0,4.87,49.75,52.59,19.38,43.91,8.94,53.56,5.37,50.0,11.52,50.0,4.87,50.07,48.06,17.71,45.69,9.3,46.92,4.71,50.0,11.52,50.0,4.87,48.1,43.84,16.15,54.63,11.12,50.12,5.03,50.0,11.52,50.0,4.87,48.69,34.9,12.86,33.18,6.75,52.94,5.31,50.0,11.52,50.0,4.87,41.31
202609081406,2026-09-08,14,6R,realtime,69.21,25.5,61.78,12.57,51.22,5.14,70.07,16.14,31.33,3.05,62.4,52.7,19.42,49.27,10.03,39.08,3.92,49.62,11.43,55.53,5.41,50.2,52.59,19.38,43.91,8.94,53.56,5.37,50.04,11.53,70.08,6.83,52.04,48.06,17.71,45.69,9.3,46.92,4.7,50.92,11.73,39.76,3.87,47.31,43.84,16.15,54.63,11.12,50.12,5.03,46.98,10.82,58.68,5.72,48.84,34.9,12.86,33.18,6.75,52.94,5.31,32.2,7.42,44.64,4.35,36.69
202609081407,2026-09-08,14,7R,daily,69.21,25.5,45.69,9.3,57.19,5.73,50.0,11.52,50.0,4.87,56.92,52.7,19.42,51.06,10.39,44.86,4.5,50.0,11.52,50.0,4.87,50.69,52.59,19.38,58.21,11.85,52.41,5.26,50.0,11.52,50.0,4.87,52.87,48.06,17.71,49.27,10.03,51.15,5.13,50.0,11.52,50.0,4.87,49.25,43.84,16.15,49.27,10.03,36.91,3.7,50.0,11.52,50.0,4.87,46.27,34.9,12.86,42.12,8.57,27.71,2.78,50.0,11.52,50.0,4.87,40.6
202609081407,2026-09-08,14,7R,realtime,69.21,25.5,45.69,9.3,57.19,5.73,61.82,14.24,31.33,3.05,57.82,52.7,19.42,51.06,10.39,44.86,4.5,50.61,11.66,55.53,5.41,51.37,52.59,19.38,58.21,11.85,52.41,5.26,57.99,13.36,70.08,6.83,56.66,48.06,17.71,49.27,10.03,51.15,5.13,44.85,10.33,39.76,3.87,47.07,43.84,16.15,49.27,10.03,36.91,3.7,37.2,8.57,58.68,5.72,44.17,34.9,12.86,42.12,8.57,27.71,2.78,47.36,10.91,44.64,4.35,39.47
202609081408,2026-09-08,14,8R,daily,69.21,25.5,38.54,7.84,49.19,4.93,50.0,11.52,50.0,4.87,54.66,52.7,19.42,43.91,8.94,52.43,5.26,50.0,11.52,50.0,4.87,50.0,52.59,19.38,56.42,11.48,54.09,5.42,50.0,11.52,50.0,4.87,52.67,48.06,17.71,38.54,7.84,43.83,4.4,50.0,11.52,50.0,4.87,46.34,43.84,16.15,42.12,8.57,37.58,3.77,50.0,11.52,50.0,4.87,44.88,34.9,12.86,45.69,9.3,45.52,4.56,50.0,11.52,50.0,4.87,43.11
202609081408,2026-09-08,14,8R,realtime,69.21,25.5,38.54,7.84,49.19,4.93,55.16,12.71,31.33,3.05,54.03,52.7,19.42,43.91,8.94,52.43,5.26,42.7,9.83,55.53,5.41,48.85,52.59,19.38,56.42,11.48,54.09,5.42,52.38,12.07,70.08,6.83,55.18,48.06,17.71,38.54,7.84,43.83,4.4,65.37,15.06,39.76,3.87,48.88,43.84,16.15,42.12,8.57,37.58,3.77,40.54,9.34,58.68,5.72,43.55,34.9,12.86,45.69,9.3,45.52,4.56,43.69,10.06,44.64,4.35,41.13
202609081409,2026-09-08,14,9R,daily,69.21,25.5,54.63,11.12,47.79,4.79,50.0,11.52,50.0,4.87,57.8,52.7,19.42,43.91,8.94,36.84,3.69,50.0,11.52,50.0,4.87,48.43,52.59,19.38,47.48,9.66,41.05,4.12,50.0,11.52,50.0,4.87,49.54,48.06,17.71,51.06,10.39,51.84,5.2,50.0,11.52,50.0,4.87,49.69,43.84,16.15,43.91,8.94,42.09,4.22,50.0,11.52,50.0,4.87,45.7,34.9,12.86,49.27,10.03,42.92,4.3,50.0,11.52,50.0,4.87,43.58
202609081409,2026-09-08,14,9R,realtime,69.21,25.5,54.63,11.12,47.79,4.79,66.7,15.36,37.56,3.66,60.43,52.7,19.42,43.91,8.94,36.84,3.69,43.39,9.99,59.67,5.81,47.85,52.59,19.38,47.48,9.66,41.05,4.12,43.5,10.02,66.11,6.44,49.62,48.06,17.71,51.06,10.39,51.84,5.2,51.64,11.89,37.41,3.64,48.84,43.84,16.15,43.91,8.94,42.09,4.22,47.77,11.0,52.17,5.08,45.4,34.9,12.86,49.27,10.03,42.92,4.3,46.84,10.79,47.1,4.59,42.57
202609081410,2026-09-08,14,10R,daily,69.21,25.5,42.12,8.57,36.61,3.67,50.0,11.52,50.0,4.87,54.13,52.7,19.42,58.21,11.85,51.08,5.12,50.0,11.52,50.0,4.87,52.77,52.59,19.38,45.69,9.3,50.75,5.09,50.0,11.52,50.0,4.87,50.15,48.06,17.71,60.0,12.21,54.17,5.43,50.0,11.52,50.0,4.87,51.74,43.84,16.15,49.27,10.03,39.08,3.92,50.0,11.52,50.0,4.87,46.49,34.9,12.86,34.97,7.12,55.76,5.59,50.0,11.52,50.0,4.87,41.95
202609081410,2026-09-08,14,10R,realtime,69.21,25.5,42.12,8.57,36.61,3.67,52.69,12.13,40.36,3.93,53.81,52.7,19.42,58.21,11.85,51.08,5.12,62.51,14.4,60.71,5.91,56.7,52.59,19.38,45.69,9.3,50.75,5.09,27.6,6.36,63.72,6.21,46.33,48.06,17.71,60.0,12.21,54.17,5.43,53.02,12.21,41.33,4.03,51.59,43.84,16.15,49.27,10.03,39.08,3.92,44.63,10.28,45.7,4.45,44.83,34.9,12.86,34.97,7.12,55.76,5.59,59.41,13.68,48.2,4.7,43.95
202609081411,2026-09-08,14,11R,daily,69.21,25.5,51.06,10.39,58.97,5.91,50.0,11.52,50.0,4.87,58.19,52.7,19.42,43.91,8.94,53.56,5.37,50.0,11.52,50.0,4.87,50.11,52.59,19.38,63.57,12.94,39.51,3.96,50.0,11.52,50.0,4.87,52.66,48.06,17.71,51.06,10.39,49.79,4.99,50.0,11.52,50.0,4.87,49.48,43.84,16.15,42.12,8.57,51.39,5.15,50.0,11.52,50.0,4.87,46.27,34.9,12.86,47.48,9.66,24.45,2.45,50.0,11.52,50.0,4.87,41.36
202609081411,2026-09-08,14,11R,realtime,69.21,25.5,51.06,10.39,58.97,5.91,59.86,13.79,37.3,3.63,59.23,52.7,19.42,43.91,8.94,53.56,5.37,55.01,12.67,57.61,5.61,52.01,52.59,19.38,63.57,12.94,39.51,3.96,54.72,12.6,64.62,6.3,55.18,48.06,17.71,51.06,10.39,49.79,4.99,42.04,9.68,46.25,4.51,47.28,43.84,16.15,42.12,8.57,51.39,5.15,33.06,7.61,46.06,4.49,41.98,34.9,12.86,47.48,9.66,24.45,2.45,55.16,12.71,48.18,4.69,42.37
202609081412,2026-09-08,14,12R,daily,69.21,25.5,56.42,11.48,54.09,5.42,50.0,11.52,50.0,4.87,58.79,52.7,19.42,54.63,11.12,50.12,5.03,50.0,11.52,50.0,4.87,51.95,52.59,19.38,65.36,13.3,42.86,4.3,50.0,11.52,50.0,4.87,53.36,48.06,17.71,51.06,10.39,44.86,4.5,50.0,11.52,50.0,4.87,48.99,43.84,16.15,47.48,9.66,38.18,3.83,50.0,11.52,50.0,4.87,46.03,34.9,12.86,49.27,10.03,41.39,4.15,50.0,11.52,50.0,4.87,43.42
202609081412,2026-09-08,14,12R,realtime,69.21,25.5,56.42,11.48,54.09,5.42,54.67,12.59,31.7,3.09,58.09,52.7,19.42,54.63,11.12,50.12,5.03,41.16,9.48,55.53,5.41,50.45,52.59,19.38,65.36,13.3,42.86,4.3,47.19,10.87,69.41,6.76,54.61,48.06,17.71,51.06,10.39,44.86,4.5,44.75,10.31,38.4,3.74,46.65,43.84,16.15,47.48,9.66,38.18,3.83,51.66,11.9,59.0,5.75,47.29,34.9,12.86,49.27,10.03,41.39,4.15,60.4,13.91,45.97,4.48,45.43
202609081601,2026-09-08,16,1R,daily,66.78,26.29,50.61,11.49,52.76,4.87,50.0,9.39,50.0,4.96,57.0,53.71,21.14,37.52,8.52,38.94,3.6,50.0,9.39,50.0,4.96,47.61,48.8,19.21,39.7,9.01,50.5,4.66,50.0,9.39,50.0,4.96,47.23,49.83,19.61,41.88,9.51,36.69,3.39,50.0,9.39,50.0,4.96,46.86,42.27,16.64,44.06,10.0,74.29,6.86,50.0,9.39,50.0,4.96,47.85,37.78,14.87,41.88,9.51,35.86,3.31,50.0,9.39,50.0,4.96,42.04
202609081601,2026-09-08,16,1R,realtime,66.78,26.29,50.61,11.49,52.76,4.87,61.05,11.46,35.4,3.51,57.63,53.71,21.14,37.52,8.52,38.94,3.6,51.15,9.61,53.71,5.33,48.19,48.8,19.21,39.7,9.01,50.5,4.66,57.93,10.88,39.48,3.92,47.68,49.83,19.61,41.88,9.51,36.69,3.39,47.36,8.89,66.64,6.62,48.02,42.27,16.64,44.06,10.0,74.29,6.86,46.59,8.75,45.86,4.55,46.8,37.78,14.87,41.88,9.51,35.86,3.31,35.89,6.74,58.9,5.85,40.28
202609081602,2026-09-08,16,2R,daily,66.78,26.29,44.06,10.0,42.21,3.9,50.0,9.39,50.0,4.96,54.54,53.71,21.14,46.25,10.5,47.97,4.43,50.0,9.39,50.0,4.96,50.42,48.8,19.21,41.88,9.51,46.11,4.26,50.0,9.39,50.0,4.96,47.32,49.83,19.61,44.06,10.0,47.71,4.41,50.0,9.39,50.0,4.96,48.37,42.27,16.64,44.06,10.0,56.82,5.25,50.0,9.39,50.0,4.96,46.24,37.78,14.87,30.97,7.03,60.42,5.58,50.0,9.39,50.0,4.96,41.83
202609081602,2026-09-08,16,2R,realtime,66.78,26.29,44.06,10.0,42.21,3.9,69.91,13.13,31.78,3.15,56.47,53.71,21.14,46.25,10.5,47.97,4.43,56.36,10.58,60.41,6.0,52.65,48.8,19.21,41.88,9.51,46.11,4.26,45.06,8.46,37.39,3.71,45.14,49.83,19.61,44.06,10.0,47.71,4.41,32.45,6.09,57.63,5.72,45.84,42.27,16.64,44.06,10.0,56.82,5.25,57.31,10.76,55.26,5.49,48.13,37.78,14.87,30.97,7.03,60.42,5.58,38.91,7.31,57.53,5.71,40.5
202609081603,2026-09-08,16,3R,daily,66.78,26.29,41.88,9.51,40.56,3.75,50.0,9.39,50.0,4.96,53.89,53.71,21.14,48.43,10.99,47.28,4.37,50.0,9.39,50.0,4.96,50.85,48.8,19.21,44.06,10.0,56.49,5.22,50.0,9.39,50.0,4.96,48.78,49.83,19.61,52.79,11.98,53.91,4.98,50.0,9.39,50.0,4.96,50.93,42.27,16.64,37.52,8.52,65.96,6.09,50.0,9.39,50.0,4.96,45.6,37.78,14.87,52.79,11.98,48.35,4.46,50.0,9.39,50.0,4.96,45.67
202609081603,2026-09-08,16,3R,realtime,66.78,26.29,41.88,9.51,40.56,3.75,57.04,10.71,31.78,3.15,53.4,42.27,16.64,48.43,10.99,47.28,4.37,58.64,11.01,55.26,5.49,48.49,53.71,21.14,44.06,10.0,56.49,5.22,30.26,5.68,60.41,6.0,48.04,48.8,19.21,52.79,11.98,53.91,4.98,51.19,9.61,37.39,3.71,49.49,37.78,14.87,37.52,8.52,65.96,6.09,42.04,7.9,57.53,5.71,43.08,49.83,19.61,52.79,11.98,48.35,4.46,60.82,11.42,57.63,5.72,53.2
202609081604,2026-09-08,16,4R,daily,66.78,26.29,41.88,9.51,37.68,3.48,50.0,9.39,50.0,4.96,53.63,53.71,21.14,37.52,8.52,53.04,4.9,50.0,9.39,50.0,4.96,48.91,48.8,19.21,46.25,10.5,68.42,6.32,50.0,9.39,50.0,4.96,50.37,49.83,19.61,50.61,11.49,32.58,3.01,50.0,9.39,50.0,4.96,48.46,42.27,16.64,48.43,10.99,52.23,4.82,50.0,9.39,50.0,4.96,46.81,37.78,14.87,30.97,7.03,48.86,4.51,50.0,9.39,50.0,4.96,40.77
202609081604,2026-09-08,16,4R,realtime,66.78,26.29,41.88,9.51,37.68,3.48,51.81,9.73,31.78,3.15,52.16,53.71,21.14,37.52,8.52,53.04,4.9,49.07,9.21,60.41,6.0,49.77,48.8,19.21,46.25,10.5,68.42,6.32,34.36,6.45,37.39,3.71,46.19,49.83,19.61,50.61,11.49,32.58,3.01,60.41,11.34,57.63,5.72,51.17,42.27,16.64,48.43,10.99,52.23,4.82,46.06,8.65,55.26,5.49,46.59,37.78,14.87,30.97,7.03,48.86,4.51,58.29,10.95,57.53,5.71,43.07
202609081605,2026-09-08,16,5R,daily,66.78,26.29,48.43,10.99,49.61,4.58,50.0,9.39,50.0,4.96,56.21,53.71,21.14,44.06,10.0,36.98,3.41,50.0,9.39,50.0,4.96,48.91,48.8,19.21,52.79,11.98,48.67,4.49,50.0,9.39,50.0,4.96,50.04,49.83,19.61,46.25,10.5,41.06,3.79,50.0,9.39,50.0,4.96,48.26,42.27,16.64,44.06,10.0,62.37,5.76,50.0,9.39,50.0,4.96,46.75,37.78,14.87,50.61,11.49,60.92,5.63,50.0,9.39,50.0,4.96,46.34
202609081605,2026-09-08,16,5R,realtime,66.78,26.29,48.43,10.99,49.61,4.58,71.83,13.49,34.63,3.44,58.79,53.71,21.14,44.06,10.0,36.98,3.41,46.73,8.78,27.17,2.7,46.03,48.8,19.21,52.79,11.98,48.67,4.49,50.66,9.51,44.36,4.4,49.6,49.83,19.61,46.25,10.5,41.06,3.79,45.16,8.48,41.66,4.14,46.52,42.27,16.64,44.06,10.0,62.37,5.76,39.34,7.39,77.56,7.7,47.49,37.78,14.87,50.61,11.49,60.92,5.63,46.25,8.69,74.64,7.41,48.08
202609081606,2026-09-08,16,6R,daily,66.78,26.29,46.25,10.5,58.84,5.43,50.0,9.39,50.0,4.96,56.57,53.71,21.14,57.15,12.97,52.2,4.82,50.0,9.39,50.0,4.96,53.29,48.8,19.21,50.61,11.49,56.83,5.25,50.0,9.39,50.0,4.96,50.3,49.83,19.61,46.25,10.5,65.66,6.06,50.0,9.39,50.0,4.96,50.53,42.27,16.64,41.88,9.51,34.05,3.14,50.0,9.39,50.0,4.96,43.64,37.78,14.87,39.7,9.01,50.5,4.66,50.0,9.39,50.0,4.96,42.9
202609081606,2026-09-08,16,6R,realtime,66.78,26.29,46.25,10.5,58.84,5.43,60.89,11.43,35.16,3.49,57.14,53.71,21.14,57.15,12.97,52.2,4.82,42.67,8.01,37.0,3.67,50.62,48.8,19.21,50.61,11.49,56.83,5.25,46.15,8.67,45.95,4.56,49.17,49.83,19.61,46.25,10.5,65.66,6.06,35.48,6.66,39.21,3.89,46.73,42.27,16.64,41.88,9.51,34.05,3.14,57.55,10.81,73.75,7.32,47.42,37.78,14.87,39.7,9.01,50.5,4.66,57.25,10.75,68.93,6.84,46.14
202609081607,2026-09-08,16,7R,daily,66.78,26.29,48.43,10.99,52.69,4.87,50.0,9.39,50.0,4.96,56.5,53.71,21.14,59.34,13.47,53.37,4.93,50.0,9.39,50.0,4.96,53.89,48.8,19.21,37.52,8.52,38.94,3.6,50.0,9.39,50.0,4.96,45.67,49.83,19.61,48.43,10.99,36.94,3.41,50.0,9.39,50.0,4.96,48.37,42.27,16.64,30.97,7.03,60.42,5.58,50.0,9.39,50.0,4.96,43.6,37.78,14.87,50.61,11.49,53.49,4.94,50.0,9.39,50.0,4.96,45.65
202609081607,2026-09-08,16,7R,realtime,66.78,26.29,48.43,10.99,52.69,4.87,63.08,11.85,38.3,3.8,57.79,53.71,21.14,59.34,13.47,53.37,4.93,53.22,9.99,38.04,3.78,53.31,48.8,19.21,37.52,8.52,38.94,3.6,40.35,7.58,45.02,4.47,43.37,49.83,19.61,48.43,10.99,36.94,3.41,45.61,8.57,38.65,3.84,46.42,37.78,14.87,30.97,7.03,60.42,5.58,45.06,8.46,67.42,6.69,42.63,42.27,16.64,50.61,11.49,53.49,4.94,52.65,9.89,72.57,7.2,50.16
202609081608,2026-09-08,16,8R,daily,66.78,26.29,44.06,10.0,47.71,4.41,50.0,9.39,50.0,4.96,55.05,53.71,21.14,41.88,9.51,36.69,3.39,50.0,9.39,50.0,4.96,48.39,48.8,19.21,74.61,16.93,32.6,3.01,50.0,9.39,50.0,4.96,53.5,49.83,19.61,39.7,9.01,49.58,4.58,50.0,9.39,50.0,4.96,47.56,42.27,16.64,52.79,11.98,34.03,3.14,50.0,9.39,50.0,4.96,46.12,37.78,14.87,37.52,8.52,65.96,6.09,50.0,9.39,50.0,4.96,43.83
202609081608,2026-09-08,16,8R,realtime,66.78,26.29,44.06,10.0,47.71,4.41,49.21,9.24,38.04,3.78,53.71,53.71,21.14,41.88,9.51,36.69,3.39,51.71,9.71,33.13,3.29,47.04,48.8,19.21,74.61,16.93,32.6,3.01,51.6,9.69,44.22,4.39,53.23,49.83,19.61,39.7,9.01,49.58,4.58,53.12,9.97,39.88,3.96,47.14,42.27,16.64,52.79,11.98,34.03,3.14,51.8,9.73,74.47,7.39,48.88,37.78,14.87,37.52,8.52,65.96,6.09,42.56,7.99,70.28,6.98,44.45
202609081609,2026-09-08,16,9R,daily,66.78,26.29,46.25,10.5,68.42,6.32,50.0,9.39,50.0,4.96,57.46,53.71,21.14,44.06,10.0,74.29,6.86,50.0,9.39,50.0,4.96,52.36,48.8,19.21,63.7,14.46,37.46,3.46,50.0,9.39,50.0,4.96,51.48,49.83,19.61,44.06,10.0,51.75,4.78,50.0,9.39,50.0,4.96,48.75,42.27,16.64,46.25,10.5,47.97,4.43,50.0,9.39,50.0,4.96,45.92,37.78,14.87,48.43,10.99,47.28,4.37,50.0,9.39,50.0,4.96,44.58
202609081609,2026-09-08,16,9R,realtime,66.78,26.29,46.25,10.5,68.42,6.32,41.56,7.81,38.57,3.83,54.74,53.71,21.14,44.06,10.0,74.29,6.86,52.26,9.81,42.96,4.26,52.08,48.8,19.21,63.7,14.46,37.46,3.46,50.12,9.41,45.81,4.55,51.08,49.83,19.61,44.06,10.0,51.75,4.78,36.71,6.89,37.43,3.72,45.0,42.27,16.64,46.25,10.5,47.97,4.43,51.76,9.72,70.67,7.01,48.3,37.78,14.87,48.43,10.99,47.28,4.37,67.56,12.69,64.56,6.41,49.32
202609081610,2026-09-08,16,10R,daily,66.78,26.29,52.79,11.98,48.67,4.49,50.0,9.39,50.0,4.96,57.12,53.71,21.14,70.25,15.94,31.5,2.91,50.0,9.39,50.0,4.96,54.35,48.8,19.21,44.06,10.0,56.82,5.25,50.0,9.39,50.0,4.96,48.81,49.83,19.61,50.61,11.49,52.76,4.87,50.0,9.39,50.0,4.96,50.33,42.27,16.64,37.52,8.52,53.04,4.9,50.0,9.39,50.0,4.96,44.41,37.78,14.87,44.06,10.0,56.49,5.22,50.0,9.39,50.0,4.96,44.44
202609081610,2026-09-08,16,10R,realtime,66.78,26.29,52.79,11.98,48.67,4.49,64.31,12.08,38.3,3.8,58.64,53.71,21.14,70.25,15.94,31.5,2.91,47.61,8.94,38.04,3.78,52.71,48.8,19.21,44.06,10.0,56.82,5.25,58.54,10.99,45.02,4.47,49.92,49.83,19.61,50.61,11.49,52.76,4.87,49.5,9.29,38.65,3.84,49.1,42.27,16.64,37.52,8.52,53.04,4.9,48.21,9.05,72.57,7.2,46.31,37.78,14.87,44.06,10.0,56.49,5.22,31.79,5.97,67.42,6.69,42.75
202609081611,2026-09-08,16,11R,daily,66.78,26.29,57.15,12.97,52.2,4.82,50.0,9.39,50.0,4.96,58.43,53.71,21.14,48.43,10.99,49.61,4.58,50.0,9.39,50.0,4.96,51.07,48.8,19.21,52.79,11.98,48.35,4.46,50.0,9.39,50.0,4.96,50.01,49.83,19.61,41.88,9.51,37.68,3.48,50.0,9.39,50.0,4.96,46.95,42.27,16.64,50.61,11.49,53.49,4.94,50.0,9.39,50.0,4.96,47.42,37.78,14.87,50.61,11.49,36.18,3.34,50.0,9.39,50.0,4.96,44.05
202609081611,2026-09-08,16,11R,realtime,66.78,26.29,57.15,12.97,52.2,4.82,38.52,7.23,42.23,4.19,55.51,53.71,21.14,48.43,10.99,49.61,4.58,51.05,9.59,53.84,5.34,51.65,48.8,19.21,52.79,11.98,48.35,4.46,59.89,11.25,46.48,4.61,51.51,49.83,19.61,41.88,9.51,37.68,3.48,41.31,7.76,34.42,3.42,43.77,42.27,16.64,50.61,11.49,53.49,4.94,60.96,11.45,65.68,6.52,51.03,37.78,14.87,50.61,11.49,36.18,3.34,48.25,9.06,57.34,5.69,44.45
202609081612,2026-09-08,16,12R,daily,66.78,26.29,74.61,16.93,32.6,3.01,50.0,9.39,50.0,4.96,60.59,53.71,21.14,50.61,11.49,32.58,3.01,50.0,9.39,50.0,4.96,49.99,48.8,19.21,52.79,11.98,53.91,4.98,50.0,9.39,50.0,4.96,50.52,49.83,19.61,59.34,13.47,53.37,4.93,50.0,9.39,50.0,4.96,52.36,42.27,16.64,46.25,10.5,65.66,6.06,50.0,9.39,50.0,4.96,47.55,37.78,14.87,44.06,10.0,62.37,5.76,50.0,9.39,50.0,4.96,44.98
202609081612,2026-09-08,16,12R,realtime,66.78,26.29,74.61,16.93,32.6,3.01,49.89,9.37,41.44,4.11,59.71,53.71,21.14,50.61,11.49,32.58,3.01,56.57,10.62,39.09,3.88,50.14,48.8,19.21,52.79,11.98,53.91,4.98,58.23,10.94,44.09,4.38,51.48,49.83,19.61,59.34,13.47,53.37,4.93,51.9,9.75,38.09,3.78,51.54,42.27,16.64,46.25,10.5,65.66,6.06,45.31,8.51,71.39,7.09,48.79,37.78,14.87,44.06,10.0,62.37,5.76,38.09,7.15,65.91,6.54,44.33
202609082401,2026-09-08,24,1R,daily,69.95,30.87,67.6,13.39,54.07,4.65,50.0,10.05,50.0,3.69,62.64,50.25,22.17,92.58,18.33,55.27,4.75,50.0,10.05,50.0,3.69,58.99,52.33,23.09,75.93,15.03,67.65,5.81,50.0,10.05,50.0,3.69,57.68,46.7,20.61,59.28,11.74,56.0,4.81,50.0,10.05,50.0,3.69,50.9,43.87,19.36,59.28,11.74,64.46,5.54,50.0,10.05,50.0,3.69,50.38,36.68,16.19,61.36,12.15,60.8,5.22,50.0,10.05,50.0,3.69,47.3
202609082401,2026-09-08,24,1R,realtime,69.95,30.87,67.6,13.39,54.07,4.65,45.26,9.09,30.25,2.23,60.23,50.25,22.17,92.58,18.33,55.27,4.75,58.23,11.7,87.7,6.48,63.43,52.33,23.09,75.93,15.03,67.65,5.81,39.97,8.03,70.57,5.21,57.18,46.7,20.61,59.28,11.74,56.0,4.81,34.56,6.94,59.15,4.37,48.47,43.87,19.36,59.28,11.74,64.46,5.54,60.3,12.12,13.68,1.01,49.76,36.68,16.19,61.36,12.15,60.8,5.22,61.71,12.4,38.6,2.85,48.81
202609082402,2026-09-08,24,2R,daily,69.95,30.87,53.04,10.5,38.9,3.34,50.0,10.05,50.0,3.69,58.45,50.25,22.17,75.93,15.03,52.63,4.52,50.0,10.05,50.0,3.69,55.47,52.33,23.09,53.04,10.5,65.64,5.64,50.0,10.05,50.0,3.69,52.97,46.7,20.61,67.6,13.39,37.05,3.18,50.0,10.05,50.0,3.69,50.92,43.87,19.36,65.52,12.97,66.56,5.72,50.0,10.05,50.0,3.69,51.79,36.68,16.19,73.85,14.62,50.47,4.34,50.0,10.05,50.0,3.69,48.88
202609082402,2026-09-08,24,2R,realtime,69.95,30.87,53.04,10.5,38.9,3.34,57.16,11.48,28.22,2.08,58.28,50.25,22.17,75.93,15.03,52.63,4.52,54.84,11.02,89.6,6.62,59.37,52.33,23.09,53.04,10.5,65.64,5.64,55.8,11.21,72.64,5.37,55.81,46.7,20.61,67.6,13.39,37.05,3.18,48.43,9.73,58.41,4.31,51.22,43.87,19.36,65.52,12.97,66.56,5.72,41.2,8.28,10.19,0.75,47.08,36.68,16.19,73.85,14.62,50.47,4.34,42.59,8.56,40.9,3.02,46.72
202609082403,2026-09-08,24,3R,daily,69.95,30.87,61.36,12.15,46.25,3.97,50.0,10.05,50.0,3.69,60.73,50.25,22.17,67.6,13.39,48.99,4.21,50.0,10.05,50.0,3.69,53.51,52.33,23.09,55.12,10.91,58.61,5.04,50.0,10.05,50.0,3.69,52.78,46.7,20.61,69.68,13.8,45.82,3.94,50.0,10.05,50.0,3.69,52.08,43.87,19.36,86.33,17.09,54.19,4.66,50.0,10.05,50.0,3.69,54.85,36.68,16.19,65.52,12.97,75.93,6.52,50.0,10.05,50.0,3.69,49.42
202609082403,2026-09-08,24,3R,realtime,69.95,30.87,61.36,12.15,46.25,3.97,56.52,11.36,19.03,1.41,59.75,50.25,22.17,67.6,13.39,48.99,4.21,50.48,10.14,109.38,8.08,57.99,52.33,23.09,55.12,10.91,58.61,5.04,50.1,10.07,83.96,6.2,55.31,46.7,20.61,69.68,13.8,45.82,3.94,46.77,9.4,64.11,4.74,52.47,43.87,19.36,86.33,17.09,54.19,4.66,53.42,10.73,-8.39,-0.62,51.22,36.68,16.19,65.52,12.97,75.93,6.52,42.74,8.59,31.88,2.35,46.63
202609082404,2026-09-08,24,4R,daily,69.95,30.87,61.36,12.15,57.83,4.97,50.0,10.05,50.0,3.69,61.73,50.25,22.17,59.28,11.74,60.83,5.23,50.0,10.05,50.0,3.69,52.88,52.33,23.09,63.44,12.56,52.71,4.53,50.0,10.05,50.0,3.69,53.92,46.7,20.61,67.6,13.39,43.75,3.76,50.0,10.05,50.0,3.69,51.49,43.87,19.36,84.25,16.68,50.56,4.34,50.0,10.05,50.0,3.69,54.13,36.68,16.19,59.28,11.74,61.19,5.26,50.0,10.05,50.0,3.69,46.92
202609082404,2026-09-08,24,4R,realtime,69.95,30.87,61.36,12.15,57.83,4.97,35.53,7.14,26.93,1.99,57.11,50.25,22.17,59.28,11.74,60.83,5.23,44.28,8.9,94.29,6.97,55.0,52.33,23.09,63.44,12.56,52.71,4.53,52.57,10.56,75.73,5.59,56.34,46.7,20.61,67.6,13.39,43.75,3.76,64.28,12.92,60.45,4.47,55.13,43.87,19.36,84.25,16.68,50.56,4.34,56.63,11.38,6.13,0.45,52.22,36.68,16.19,59.28,11.74,61.19,5.26,46.72,9.39,36.43,2.69,45.26
202609082405,2026-09-08,24,5R,daily,69.95,30.87,67.6,13.39,52.29,4.49,50.0,10.05,50.0,3.69,62.49,50.25,22.17,53.04,10.5,50.79,4.36,50.0,10.05,50.0,3.69,50.78,52.33,23.09,53.04,10.5,50.83,4.37,50.0,10.05,50.0,3.69,51.7,46.7,20.61,57.2,11.32,50.63,4.35,50.0,10.05,50.0,3.69,50.02,43.87,19.36,71.77,14.21,44.26,3.8,50.0,10.05,50.0,3.69,51.11,36.68,16.19,55.12,10.91,47.33,4.07,50.0,10.05,50.0,3.69,44.91
202609082405,2026-09-08,24,5R,realtime,69.95,30.87,67.6,13.39,52.29,4.49,54.31,10.91,30.87,2.28,61.94,50.25,22.17,53.04,10.5,50.79,4.36,58.94,11.84,86.75,6.41,55.29,52.33,23.09,53.04,10.5,50.83,4.37,37.86,7.61,71.61,5.29,50.86,46.7,20.61,57.2,11.32,50.63,4.35,41.86,8.41,58.61,4.33,49.02,43.87,19.36,71.77,14.21,44.26,3.8,58.99,11.85,13.39,0.99,50.21,36.68,16.19,55.12,10.91,47.33,4.07,48.08,9.66,38.71,2.86,43.69
202609082406,2026-09-08,24,6R,daily,69.95,30.87,69.68,13.8,36.87,3.17,50.0,10.05,50.0,3.69,61.57,50.25,22.17,53.04,10.5,38.9,3.34,50.0,10.05,50.0,3.69,49.76,52.33,23.09,59.28,11.74,34.76,2.99,50.0,10.05,50.0,3.69,51.56,46.7,20.61,63.44,12.56,41.98,3.61,50.0,10.05,50.0,3.69,50.51,43.87,19.36,75.93,15.03,67.65,5.81,50.0,10.05,50.0,3.69,53.95,36.68,16.19,88.41,17.51,55.21,4.74,50.0,10.05,50.0,3.69,52.18
202609082406,2026-09-08,24,6R,realtime,69.95,30.87,69.68,13.8,36.87,3.17,64.3,12.92,26.93,1.99,62.74,50.25,22.17,53.04,10.5,38.9,3.34,60.67,12.19,94.29,6.97,55.17,52.33,23.09,59.28,11.74,34.76,2.99,54.2,10.89,75.73,5.59,54.3,46.7,20.61,63.44,12.56,41.98,3.61,37.86,7.61,60.45,4.47,48.85,43.87,19.36,75.93,15.03,67.65,5.81,35.16,7.06,6.13,0.45,47.72,36.68,16.19,88.41,17.51,55.21,4.74,47.85,9.61,36.43,2.69,50.74
202609082407,2026-09-08,24,7R,daily,69.95,30.87,53.04,10.5,56.26,4.83,50.0,10.05,50.0,3.69,59.94,50.25,22.17,73.85,14.62,50.47,4.34,50.0,10.05,50.0,3.69,54.87,52.33,23.09,59.28,11.74,64.46,5.54,50.0,10.05,50.0,3.69,54.11,46.7,20.61,59.28,11.74,55.51,4.77,50.0,10.05,50.0,3.69,50.85,43.87,19.36,63.44,12.56,48.87,4.2,50.0,10.05,50.0,3.69,49.86,36.68,16.19,57.2,11.32,47.75,4.1,50.0,10.05,50.0,3.69,45.35
202609082408,2026-09-08,24,8R,daily,69.95,30.87,78.01,15.45,52.43,4.5,50.0,10.05,50.0,3.69,64.56,50.25,22.17,65.52,12.97,66.56,5.72,50.0,10.05,50.0,3.69,54.61,52.33,23.09,86.33,17.09,54.19,4.66,50.0,10.05,50.0,3.69,58.58,46.7,20.61,71.77,14.21,50.79,4.36,50.0,10.05,50.0,3.69,52.92,43.87,19.36,57.2,11.32,53.0,4.55,50.0,10.05,50.0,3.69,48.98,36.68,16.19,59.28,11.74,56.0,4.81,50.0,10.05,50.0,3.69,46.48
202609082409,2026-09-08,24,9R,daily,69.95,30.87,53.04,10.5,48.43,4.16,50.0,10.05,50.0,3.69,59.27,50.25,22.17,69.68,13.8,45.82,3.94,50.0,10.05,50.0,3.69,53.65,52.33,23.09,84.25,16.68,50.56,4.34,50.0,10.05,50.0,3.69,57.86,46.7,20.61,67.6,13.39,54.07,4.65,50.0,10.05,50.0,3.69,52.38,43.87,19.36,67.6,13.39,37.05,3.18,50.0,10.05,50.0,3.69,49.67,36.68,16.19,63.44,12.56,51.66,4.44,50.0,10.05,50.0,3.69,46.93
202609082410,2026-09-08,24,10R,daily,69.95,30.87,86.33,17.09,59.21,5.09,50.0,10.05,50.0,3.69,66.79,50.25,22.17,57.2,11.32,50.63,4.35,50.0,10.05,50.0,3.69,51.59,52.33,23.09,59.28,11.74,61.19,5.26,50.0,10.05,50.0,3.69,53.83,46.7,20.61,53.04,10.5,65.64,5.64,50.0,10.05,50.0,3.69,50.49,43.87,19.36,92.58,18.33,55.27,4.75,50.0,10.05,50.0,3.69,56.18,36.68,16.19,61.36,12.15,46.25,3.97,50.0,10.05,50.0,3.69,46.05
202609082411,2026-09-08,24,11R,daily,69.95,30.87,71.77,14.21,44.26,3.8,50.0,10.05,50.0,3.69,62.62,50.25,22.17,55.12,10.91,58.61,5.04,50.0,10.05,50.0,3.69,51.86,52.33,23.09,61.36,12.15,60.8,5.22,50.0,10.05,50.0,3.69,54.2,46.7,20.61,61.36,12.15,57.83,4.97,50.0,10.05,50.0,3.69,51.46,43.87,19.36,69.68,13.8,36.87,3.17,50.0,10.05,50.0,3.69,50.06,36.68,16.19,75.93,15.03,52.63,4.52,50.0,10.05,50.0,3.69,49.48
202609082412,2026-09-08,24,12R,daily,69.95,30.87,92.58,18.33,49.16,4.22,50.0,10.05,50.0,3.69,67.16,50.25,22.17,86.33,17.09,69.08,5.94,50.0,10.05,50.0,3.69,58.94,52.33,23.09,84.25,16.68,42.96,3.69,50.0,10.05,50.0,3.69,57.2,46.7,20.61,80.09,15.86,62.81,5.4,50.0,10.05,50.0,3.69,55.6,43.87,19.36,78.01,15.45,68.81,5.91,50.0,10.05,50.0,3.69,54.46,36.68,16.19,67.6,13.39,62.36,5.36,50.0,10.05,50.0,3.69,48.67
