レースコード,レース日,レース場コード,レース回,艇1_登録番号,艇1_選手名,艇1_前1節_開始日,艇1_前1節_終了日,艇1_前1節_場コード,艇1_前1節_場名,艇1_前1節_グレード,艇1_前1節_着順列,艇1_前2節_開始日,艇1_前2節_終了日,艇1_前2節_場コード,艇1_前2節_場名,艇1_前2節_グレード,艇1_前2節_着順列,艇1_前3節_開始日,艇1_前3節_終了日,艇1_前3節_場コード,艇1_前3節_場名,艇1_前3節_グレード,艇1_前3節_着順列,艇1_前4節_開始日,艇1_前4節_終了日,艇1_前4節_場コード,艇1_前4節_場名,艇1_前4節_グレード,艇1_前4節_着順列,艇1_前5節_開始日,艇1_前5節_終了日,艇1_前5節_場コード,艇1_前5節_場名,艇1_前5節_グレード,艇1_前5節_着順列,艇2_登録番号,艇2_選手名,艇2_前1節_開始日,艇2_前1節_終了日,艇2_前1節_場コード,艇2_前1節_場名,艇2_前1節_グレード,艇2_前1節_着順列,艇2_前2節_開始日,艇2_前2節_終了日,艇2_前2節_場コード,艇2_前2節_場名,艇2_前2節_グレード,艇2_前2節_着順列,艇2_前3節_開始日,艇2_前3節_終了日,艇2_前3節_場コード,艇2_前3節_場名,艇2_前3節_グレード,艇2_前3節_着順列,艇2_前4節_開始日,艇2_前4節_終了日,艇2_前4節_場コード,艇2_前4節_場名,艇2_前4節_グレード,艇2_前4節_着順列,艇2_前5節_開始日,艇2_前5節_終了日,艇2_前5節_場コード,艇2_前5節_場名,艇2_前5節_グレード,艇2_前5節_着順列,艇3_登録番号,艇3_選手名,艇3_前1節_開始日,艇3_前1節_終了日,艇3_前1節_場コード,艇3_前1節_場名,艇3_前1節_グレード,艇3_前1節_着順列,艇3_前2節_開始日,艇3_前2節_終了日,艇3_前2節_場コード,艇3_前2節_場名,艇3_前2節_グレード,艇3_前2節_着順列,艇3_前3節_開始日,艇3_前3節_終了日,艇3_前3節_場コード,艇3_前3節_場名,艇3_前3節_グレード,艇3_前3節_着順列,艇3_前4節_開始日,艇3_前4節_終了日,艇3_前4節_場コード,艇3_前4節_場名,艇3_前4節_グレード,艇3_前4節_着順列,艇3_前5節_開始日,艇3_前5節_終了日,艇3_前5節_場コード,艇3_前5節_場名,艇3_前5節_グレード,艇3_前5節_着順列,艇4_登録番号,艇4_選手名,艇4_前1節_開始日,艇4_前1節_終了日,艇4_前1節_場コード,艇4_前1節_場名,艇4_前1節_グレード,艇4_前1節_着順列,艇4_前2節_開始日,艇4_前2節_終了日,艇4_前2節_場コード,艇4_前2節_場名,艇4_前2節_グレード,艇4_前2節_着順列,艇4_前3節_開始日,艇4_前3節_終了日,艇4_前3節_場コード,艇4_前3節_場名,艇4_前3節_グレード,艇4_前3節_着順列,艇4_前4節_開始日,艇4_前4節_終了日,艇4_前4節_場コード,艇4_前4節_場名,艇4_前4節_グレード,艇4_前4節_着順列,艇4_前5節_開始日,艇4_前5節_終了日,艇4_前5節_場コード,艇4_前5節_場名,艇4_前5節_グレード,艇4_前5節_着順列,艇5_登録番号,艇5_選手名,艇5_前1節_開始日,艇5_前1節_終了日,艇5_前1節_場コード,艇5_前1節_場名,艇5_前1節_グレード,艇5_前1節_着順列,艇5_前2節_開始日,艇5_前2節_終了日,艇5_前2節_場コード,艇5_前2節_場名,艇5_前2節_グレード,艇5_前2節_着順列,艇5_前3節_開始日,艇5_前3節_終了日,艇5_前3節_場コード,艇5_前3節_場名,艇5_前3節_グレード,艇5_前3節_着順列,艇5_前4節_開始日,艇5_前4節_終了日,艇5_前4節_場コード,艇5_前4節_場名,艇5_前4節_グレード,艇5_前4節_着順列,艇5_前5節_開始日,艇5_前5節_終了日,艇5_前5節_場コード,艇5_前5節_場名,艇5_前5節_グレード,艇5_前5節_着順列,艇6_登録番号,艇6_選手名,艇6_前1節_開始日,艇6_前1節_終了日,艇6_前1節_場コード,艇6_前1節_場名,艇6_前1節_グレード,艇6_前1節_着順列,艇6_前2節_開始日,艇6_前2節_終了日,艇6_前2節_場コード,艇6_前2節_場名,艇6_前2節_グレード,艇6_前2節_着順列,艇6_前3節_開始日,艇6_前3節_終了日,艇6_前3節_場コード,艇6_前3節_場名,艇6_前3節_グレード,艇6_前3節_着順列,艇6_前4節_開始日,艇6_前4節_終了日,艇6_前4節_場コード,艇6_前4節_場名,艇6_前4節_グレード,艇6_前4節_着順列,艇6_前5節_開始日,艇6_前5節_終了日,艇6_前5節_場コード,艇6_前5節_場名,艇6_前5節_グレード,艇6_前5節_着順列
202609070101,2026-09-07,01,01R,5070,中島 航,2026-08-20,2026-08-23,02,戸田,一般,６　３５６４３２,2026-08-09,2026-08-15,03,江戸川,一般,１　２２３　５２１　[６],2026-07-25,2026-07-29,20,若松,一般,６４４　３３５　３４,2026-07-09,2026-07-13,14,鳴門,一般,３　６４６　２５５５,2026-06-24,2026-06-29,03,江戸川,一般,２　３４５　６２４　３３,4557,松尾 光広,2026-08-19,2026-08-24,19,下関,一般,５　４５５６２４２　３,2026-08-04,2026-08-09,10,三国,一般,５　４５６　３２５　４,2026-07-19,2026-07-23,05,多摩川,一般,５５５　４　５４５５,2026-07-03,2026-07-08,12,住之江,一般,６６１　４５４　２　４３,2026-06-24,2026-06-28,04,平和島,一般,３　３２５欠,4562,阪本 勇介,2026-08-29,2026-09-03,19,下関,一般,３３５　５６５３５　５,2026-08-21,2026-08-24,07,蒲郡,一般,３４２２５　１４,2026-08-08,2026-08-13,16,児島,一般,４　４４６　５５５　２４,2026-07-23,2026-07-28,21,芦屋,一般,６　５４２　２６３２２１,2026-07-11,2026-07-16,03,江戸川,一般,４　３５５　１５４　３４,4195,前川 守嗣,2026-08-04,2026-08-09,12,住之江,一般,４５１　４３４　２　６３,2026-07-22,2026-07-26,13,尼崎,一般,３３５,2026-07-10,2026-07-15,06,浜名湖,一般,２１４　４　３５２６２５,2026-06-28,2026-07-01,10,三国,一般,５２１　１３５１,2026-06-11,2026-06-16,16,児島,一般,４４１　１３５　４５２２,3653,品川 賢次,2026-08-23,2026-08-27,18,徳山,一般,６４５　５　５５３６,2026-08-04,2026-08-09,12,住之江,一般,５　４４４　３５６　６,2026-06-29,2026-07-03,11,びわこ,一般,４３３　５３２　５４,2026-06-21,2026-06-25,08,常滑,一般,５　４５４４３　４３,2026-06-03,2026-06-07,03,江戸川,一般,３４５３１　落欠,4025,山本 隆幸,2026-08-20,2026-08-25,21,芦屋,一般,４１６５３４１２３４１５,2026-08-09,2026-08-14,13,尼崎,一般,３１１　２４３　２　[４],2026-07-31,2026-08-05,06,浜名湖,ＧⅢ,１２２　１１４１３６３５,2026-07-22,2026-07-25,24,大村,一般,３４１１１５２４,2026-06-30,2026-07-04,19,下関,一般,２５転欠
202609070102,2026-09-07,01,02R,5012,加倉 侑征,2026-08-22,2026-08-26,20,若松,一般,１４５　３２２６３４,2026-08-10,2026-08-15,21,芦屋,一般,３４４　５３２　４４４５,2026-07-19,2026-07-24,22,福岡,ＧⅢ,２　４５６　６５４６４,2026-05-27,2026-06-01,08,常滑,一般,３　６５５　５６６　６,2026-05-13,2026-05-18,19,下関,一般,４　３３３５４　３１４１,4380,鈴木 峻佑,2026-08-28,2026-08-31,23,からつ,一般,３　３２１６５６,2026-08-11,2026-08-16,07,蒲郡,一般,５３５　２６４　６　４４,2026-07-27,2026-08-01,10,三国,一般,５３５　４　３６１　５２,2026-07-12,2026-07-16,05,多摩川,一般,３２１　６　３４１５,2026-06-30,2026-07-04,19,下関,一般,４３２　５２３　４３,5122,相馬 翔,2026-08-21,2026-08-24,07,蒲郡,一般,５４４　６５６５,2026-07-10,2026-07-13,19,下関,一般,５　５４３　２６,2026-06-21,2026-06-25,08,常滑,一般,３４６　６　５６６１,2026-06-03,2026-06-07,03,江戸川,一般,５　４６４F３４,2026-05-19,2026-05-24,01,桐生,一般,４３６　１４２　５６５４,4943,八木 治樹,2026-08-21,2026-08-26,03,江戸川,一般,１４６　４５３　３２５２,2026-08-08,2026-08-11,05,多摩川,一般,５４３　１６５４,2026-07-24,2026-07-29,17,宮島,一般,２　２５１　５５６　１６,2026-07-15,2026-07-19,08,常滑,一般,５　５１４４５　５,2026-06-16,2026-06-21,09,津,一般,５　３２３　２５４１１４,3874,山本 寛久,2026-08-22,2026-08-27,08,常滑,ＧⅢ,２１３　１３３　１３１３,2026-08-08,2026-08-13,16,児島,一般,１　５６５３３　４４１,2026-07-27,2026-08-01,09,津,一般,２１２,2026-07-13,2026-07-18,07,蒲郡,ＧⅡ,４　１　２４３　１　[５],2026-06-30,2026-07-05,16,児島,ＧⅡ,５６１　１　２２４　１２,4019,笠原 亮,2026-08-24,2026-08-28,15,丸亀,一般,４２２４２１４３４１,2026-07-29,2026-08-03,22,福岡,一般,２４３２６２２　３４２２,2026-07-15,2026-07-20,18,徳山,一般,２１２　５３２１不１[３],2026-07-05,2026-07-09,24,大村,一般,２１２　３２１２[２],2026-06-20,2026-06-25,06,浜名湖,一般,１１１１１２２１３１[２]
202609070103,2026-09-07,01,03R,5107,松本 真広,2026-07-23,2026-07-28,03,江戸川,ＧⅢ,６　４６１　４４４３３４,2026-07-07,2026-07-12,20,若松,ＧⅢ,６６４　４　５３５　６３,2026-06-25,2026-06-29,18,徳山,一般,２　３５５３３３３,2026-06-16,2026-06-21,09,津,一般,６４３　４５５　５　F５,2026-05-11,2026-05-14,12,住之江,一般,４３４　１　３４,3852,澤 大介,2026-08-24,2026-08-29,13,尼崎,一般,２４１　４４２　４５１４,2026-08-15,2026-08-20,09,津,一般,５５２　４　４４５　４４,2026-08-07,2026-08-11,15,丸亀,一般,３　１６６５４　３６,2026-07-27,2026-08-01,09,津,一般,１６１,2026-07-18,2026-07-22,10,三国,一般,５　６５１　５　３６,5181,森 智哉,2026-08-21,2026-08-26,03,江戸川,一般,６　５６５　５６４　３１,2026-08-08,2026-08-13,16,児島,一般,１５５　３２４　１４F,2026-07-22,2026-07-26,13,尼崎,一般,６６５　１２２　５３,2026-07-03,2026-07-08,12,住之江,一般,１　６２１　３３４５６６,2026-06-25,2026-06-29,18,徳山,一般,４３２　４１５１[６],3686,鳥居塚 孝博,2026-08-23,2026-08-27,18,徳山,一般,５４２　３５５　４４,2026-07-17,2026-07-22,16,児島,ＧⅢ,３　１４３５１２４３５２,2026-07-07,2026-07-12,10,三国,ＧⅢ,４　３１２４１３４２[４],2026-06-29,2026-07-03,11,びわこ,一般,３３４　１３５４１２,2026-06-17,2026-06-22,13,尼崎,一般,１　２５F５２　２　２,5048,眞鳥 康太,2026-08-21,2026-08-26,03,江戸川,一般,３３３　転２２　６６１,2026-08-06,2026-08-10,24,大村,一般,１　３２５５１４２５,2026-07-27,2026-08-01,10,三国,一般,３　２３２２５６１４４６,2026-07-14,2026-07-17,24,大村,一般,３　２５４２２,2026-06-16,2026-06-21,09,津,一般,３６４　３６２　３　２５,3743,林 美憲,2026-08-20,2026-08-25,21,芦屋,一般,２４６２１　２３４３１５,2026-08-05,2026-08-10,14,鳴門,一般,２６１　４２１４２６３４,2026-07-24,2026-07-27,02,戸田,一般,１５４４１３１２,2026-07-15,2026-07-19,08,常滑,一般,６３６４６４２２４２,2026-07-04,2026-07-09,18,徳山,一般,１６１２２　１３６５２４
202609070104,2026-09-07,01,04R,4919,吉田 翔悟,2026-07-18,2026-07-22,10,三国,一般,５　１３２６１　６４,2026-07-02,2026-07-06,21,芦屋,一般,２　３２３６１４４５,2026-05-27,2026-05-31,18,徳山,一般,５５４　４　５４６,2026-05-07,2026-05-11,24,大村,一般,３５４　F５５　６,2026-04-24,2026-04-29,08,常滑,一般,４　５２４３５　３３５,4161,黒柳 浩孝,2026-08-21,2026-08-26,03,江戸川,一般,１　５１５　１３２５３２,2026-08-08,2026-08-11,05,多摩川,一般,２　２５２５２２,2026-07-24,2026-07-29,17,宮島,一般,２４３　５５４　３３６,2026-07-14,2026-07-17,24,大村,一般,２６２　２　１２,2026-07-04,2026-07-09,01,桐生,一般,６３２　１２３　２３６５,3202,三品 隆浩,2026-08-20,2026-08-23,04,平和島,一般,２５２　２２２３,2026-08-09,2026-08-15,03,江戸川,一般,４３４　３６１　１５５,2026-07-24,2026-07-27,02,戸田,一般,５１４　２１５６,2026-07-11,2026-07-16,03,江戸川,一般,１６６　３２２３４　１４,2026-06-24,2026-06-29,09,津,一般,６　５６５　５１３５２,3946,赤岩 善生,2026-08-22,2026-08-27,08,常滑,ＧⅢ,４４１４４１１３１２[５],2026-08-11,2026-08-16,07,蒲郡,一般,１３１１１２１１１１[F],2026-08-03,2026-08-08,19,下関,一般,２１１　２１３１２１[１],2026-07-23,2026-07-28,03,江戸川,ＧⅢ,１３３　６４２　４５１１,2026-07-13,2026-07-18,07,蒲郡,ＧⅡ,２２１　２２５　５　１４,4232,笠 雅雄,2026-08-20,2026-08-23,23,からつ,一般,６　２４２３２６,2026-08-10,2026-08-15,21,芦屋,一般,１６３　４　４６２　５５,2026-07-31,2026-08-03,20,若松,一般,　　　　　　２４,2026-07-22,2026-07-25,24,大村,一般,１３４　４　１２,2026-07-10,2026-07-15,22,福岡,一般,４４４　２２４　３２６２,4513,河野 真也,2026-08-25,2026-08-30,09,津,一般,２４５　５２４　５　２５,2026-08-10,2026-08-15,21,芦屋,一般,１　３３３６１　妨３２,2026-07-29,2026-08-03,23,からつ,一般,３　５４１４２１２１[３],2026-07-17,2026-07-20,02,戸田,一般,１　１１３３[３],2026-07-07,2026-07-12,08,常滑,一般,２３３　４４５１１　３５
202609070105,2026-09-07,01,05R,5344,谷口 丞,2026-08-15,2026-08-20,09,津,一般,２　３６１３５　１６１３,2026-07-28,2026-08-02,16,児島,一般,６　１１３１３４２２[１],2026-07-14,2026-07-19,21,芦屋,一般,１２４　２４３　６３４,2026-06-30,2026-07-05,23,からつ,一般,４３２　４１３　４６１３,2026-06-20,2026-06-25,06,浜名湖,一般,３　２３１　４４４６１５,3681,山谷 央,2026-08-20,2026-08-25,21,芦屋,一般,１　２転５　４２５　６３,2026-08-08,2026-08-11,05,多摩川,一般,１５１５３　３３,2026-06-27,2026-07-01,02,戸田,一般,３　１４３２２５４２,2026-06-17,2026-06-22,05,多摩川,一般,４　５６５５４　５　２,2026-05-30,2026-06-03,12,住之江,一般,４　２F６　５　５,3305,小野 信樹,2026-08-19,2026-08-24,19,下関,一般,１　１４５２４５３５１６,2026-08-05,2026-08-10,14,鳴門,一般,４　５６６　６６６　４６,2026-07-23,2026-07-28,21,芦屋,一般,３　６４５６５　６６５,2026-07-11,2026-07-14,04,平和島,一般,６６５　５　５,2026-06-29,2026-07-03,11,びわこ,一般,５　４２２　５６１,4044,湯川 浩司,2026-08-24,2026-08-29,13,尼崎,一般,２４３　３１１１３２[６],2026-08-13,2026-08-18,12,住之江,一般,３３５　３　４４,2026-08-06,2026-08-09,02,戸田,一般,１１２５４４３２,2026-07-28,2026-08-02,11,びわこ,ＳＧ,３２３　２　４２４　１５,2026-05-20,2026-05-25,11,びわこ,ＧⅡ,６　４５落欠,4118,宇佐見 淳,2026-08-21,2026-08-26,03,江戸川,一般,２　２３３　３５１　１１,2026-08-10,2026-08-15,08,常滑,一般,１３６３５　１３３５２５,2026-07-29,2026-08-03,23,からつ,一般,２　３５１６２４１６５４,2026-07-16,2026-07-21,11,びわこ,一般,２４３５２４３　３５３６,2026-07-05,2026-07-09,05,多摩川,一般,３５３４２　３　３３,4562,阪本 勇介,2026-08-29,2026-09-03,19,下関,一般,３３５　５６５３５　５,2026-08-21,2026-08-24,07,蒲郡,一般,３４２２５　１４,2026-08-08,2026-08-13,16,児島,一般,４　４４６　５５５　２４,2026-07-23,2026-07-28,21,芦屋,一般,６　５４２　２６３２２１,2026-07-11,2026-07-16,03,江戸川,一般,４　３５５　１５４　３４
202609070106,2026-09-07,01,06R,4538,笠置 博之,2026-06-01,2026-06-04,24,大村,一般,３　　　３６６２,2026-05-17,2026-05-23,15,丸亀,一般,４４２６５　５６３　２　F１,2026-05-03,2026-05-08,12,住之江,一般,６４３　３５５　３　５１,2026-04-22,2026-04-25,14,鳴門,一般,１１１F１　１,2026-04-11,2026-04-14,04,平和島,一般,１２５　５６６１,4992,廣瀬 篤哉,2026-08-19,2026-08-24,19,下関,一般,６６４　２２５　５１６,2026-07-31,2026-08-04,13,尼崎,一般,４４４　６６,2026-07-18,2026-07-21,20,若松,一般,６１１６１４６４,2026-07-09,2026-07-13,16,児島,一般,６２２　２５１６３６,2026-06-09,2026-06-14,11,びわこ,一般,４６１　１４２　１５３４,3867,松浦 勝,2026-08-21,2026-08-26,06,浜名湖,一般,６６５　６６５　６　５,2026-08-08,2026-08-11,05,多摩川,一般,５　６４５　４５,2026-07-29,2026-08-03,22,福岡,一般,６　４３３　３３３２４５,2026-07-18,2026-07-21,04,平和島,一般,５６６　６　６,2026-07-02,2026-07-06,21,芦屋,一般,６　５６５　３５６,5122,相馬 翔,2026-08-21,2026-08-24,07,蒲郡,一般,５４４　６５６５,2026-07-10,2026-07-13,19,下関,一般,５　５４３　２６,2026-06-21,2026-06-25,08,常滑,一般,３４６　６　５６６１,2026-06-03,2026-06-07,03,江戸川,一般,５　４６４F３４,2026-05-19,2026-05-24,01,桐生,一般,４３６　１４２　５６５４,3475,橋本 久和,2026-08-22,2026-08-27,22,福岡,一般,１２１　４５１４１転４,2026-08-11,2026-08-16,01,桐生,一般,５２４　５　４５１　５５,2026-07-27,2026-08-01,09,津,一般,２３６,2026-07-17,2026-07-20,02,戸田,一般,６４４　３４４２,2026-07-07,2026-07-12,20,若松,ＧⅢ,４６４　６６５　４　３５,5430,鳥本 智史,2026-08-20,2026-08-23,02,戸田,一般,６　６６３５４,2026-08-05,2026-08-10,09,津,一般,６　６６６　４６６　６４,2026-05-29,2026-06-03,11,びわこ,一般,転　F６６　６　６　６,2026-04-30,2026-05-06,09,津,一般,６　６　６６６　６　６６,2026-04-17,2026-04-22,13,尼崎,一般,６　５６６　５６６　６
202609070107,2026-09-07,01,07R,3319,山崎 義明,2026-08-22,2026-08-27,22,福岡,一般,３　３３３２６４１５１４,2026-08-11,2026-08-16,04,平和島,一般,４２４　１２２６４５３５,2026-07-31,2026-08-05,06,浜名湖,ＧⅢ,１　３３３４５２１２[６],2026-07-22,2026-07-26,08,常滑,一般,２　４３１６３６１５,2026-07-11,2026-07-16,03,江戸川,一般,４　１３３　１３３６１１,3653,品川 賢次,2026-08-23,2026-08-27,18,徳山,一般,６４５　５　５５３６,2026-08-04,2026-08-09,12,住之江,一般,５　４４４　３５６　６,2026-06-29,2026-07-03,11,びわこ,一般,４３３　５３２　５４,2026-06-21,2026-06-25,08,常滑,一般,５　４５４４３　４３,2026-06-03,2026-06-07,03,江戸川,一般,３４５３１　落欠,4877,鈴谷 一平,2026-08-21,2026-08-26,06,浜名湖,一般,１　５３２４１５２　３１,2026-08-09,2026-08-14,13,尼崎,一般,２　３３１５６　３１４１,2026-07-24,2026-07-27,12,住之江,一般,３５２　１３１,2026-07-15,2026-07-19,08,常滑,一般,１６１５６１１４１３,2026-07-01,2026-07-06,22,福岡,一般,３６１　５１１６３４１１,3277,齋藤 勇,2026-08-20,2026-08-23,04,平和島,一般,４　６４３　６２,2026-08-09,2026-08-15,03,江戸川,一般,４　１４４　３５２　３１,2026-07-24,2026-07-27,06,浜名湖,一般,５４４　３４４,2026-07-09,2026-07-14,15,丸亀,一般,１　４４５　６５４　４３,2026-06-24,2026-06-29,09,津,一般,４６３　２３３　４６２６,5181,森 智哉,2026-08-21,2026-08-26,03,江戸川,一般,６　５６５　５６４　３１,2026-08-08,2026-08-13,16,児島,一般,１５５　３２４　１４F,2026-07-22,2026-07-26,13,尼崎,一般,６６５　１２２　５３,2026-07-03,2026-07-08,12,住之江,一般,１　６２１　３３４５６６,2026-06-25,2026-06-29,18,徳山,一般,４３２　４１５１[６],4181,花本 夏樹,2026-08-15,2026-08-20,09,津,一般,４　５５２　５３４　５６,2026-08-04,2026-08-09,10,三国,一般,６３４　３４６　４５４２,2026-07-24,2026-07-27,12,住之江,一般,５　３６４　２４,2026-07-15,2026-07-19,08,常滑,一般,５４６　６３,2026-07-02,2026-07-06,21,芦屋,一般,５　４５５　４５３
202609070108,2026-09-07,01,08R,4027,松江 秀徳,2026-07-23,2026-07-28,21,芦屋,一般,４　２４６３５６４　１４,2026-07-13,2026-07-18,07,蒲郡,ＧⅡ,６　６　５６３　５６６,2026-06-26,2026-07-02,24,大村,一般,３６３　６３１　１４５　４１,2026-06-17,2026-06-22,17,宮島,ＧⅢ,６　F欠,2026-06-01,2026-06-05,19,下関,一般,４２１　２１１１[１],4440,萩原 知哉,2026-08-20,2026-08-25,21,芦屋,一般,６５６　２５,2026-08-09,2026-08-15,03,江戸川,一般,３　６３４　２５４　１６,2026-07-29,2026-08-03,23,からつ,一般,５　４１５　４２５６２６,2026-07-14,2026-07-17,24,大村,一般,５５６　３４２,2026-06-30,2026-07-05,06,浜名湖,一般,６４４　６,5107,松本 真広,2026-07-23,2026-07-28,03,江戸川,ＧⅢ,６　４６１　４４４３３４,2026-07-07,2026-07-12,20,若松,ＧⅢ,６６４　４　５３５　６３,2026-06-25,2026-06-29,18,徳山,一般,２　３５５３３３３,2026-06-16,2026-06-21,09,津,一般,６４３　４５５　５　F５,2026-05-11,2026-05-14,12,住之江,一般,４３４　１　３４,4161,黒柳 浩孝,2026-08-21,2026-08-26,03,江戸川,一般,１　５１５　１３２５３２,2026-08-08,2026-08-11,05,多摩川,一般,２　２５２５２２,2026-07-24,2026-07-29,17,宮島,一般,２４３　５５４　３３６,2026-07-14,2026-07-17,24,大村,一般,２６２　２　１２,2026-07-04,2026-07-09,01,桐生,一般,６３２　１２３　２３６５,4019,笠原 亮,2026-08-24,2026-08-28,15,丸亀,一般,４２２４２１４３４１,2026-07-29,2026-08-03,22,福岡,一般,２４３２６２２　３４２２,2026-07-15,2026-07-20,18,徳山,一般,２１２　５３２１不１[３],2026-07-05,2026-07-09,24,大村,一般,２１２　３２１２[２],2026-06-20,2026-06-25,06,浜名湖,一般,１１１１１２２１３１[２],4195,前川 守嗣,2026-08-04,2026-08-09,12,住之江,一般,４５１　４３４　２　６３,2026-07-22,2026-07-26,13,尼崎,一般,３３５,2026-07-10,2026-07-15,06,浜名湖,一般,２１４　４　３５２６２５,2026-06-28,2026-07-01,10,三国,一般,５２１　１３５１,2026-06-11,2026-06-16,16,児島,一般,４４１　１３５　４５２２
202609070109,2026-09-07,01,09R,4232,笠 雅雄,2026-08-20,2026-08-23,23,からつ,一般,６　２４２３２６,2026-08-10,2026-08-15,21,芦屋,一般,１６３　４　４６２　５５,2026-07-31,2026-08-03,20,若松,一般,　　　　　　２４,2026-07-22,2026-07-25,24,大村,一般,１３４　４　１２,2026-07-10,2026-07-15,22,福岡,一般,４４４　２２４　３２６２,3686,鳥居塚 孝博,2026-08-23,2026-08-27,18,徳山,一般,５４２　３５５　４４,2026-07-17,2026-07-22,16,児島,ＧⅢ,３　１４３５１２４３５２,2026-07-07,2026-07-12,10,三国,ＧⅢ,４　３１２４１３４２[４],2026-06-29,2026-07-03,11,びわこ,一般,３３４　１３５４１２,2026-06-17,2026-06-22,13,尼崎,一般,１　２５F５２　２　２,4025,山本 隆幸,2026-08-20,2026-08-25,21,芦屋,一般,４１６５３４１２３４１５,2026-08-09,2026-08-14,13,尼崎,一般,３１１　２４３　２　[４],2026-07-31,2026-08-05,06,浜名湖,ＧⅢ,１２２　１１４１３６３５,2026-07-22,2026-07-25,24,大村,一般,３４１１１５２４,2026-06-30,2026-07-04,19,下関,一般,２５転欠,5012,加倉 侑征,2026-08-22,2026-08-26,20,若松,一般,１４５　３２２６３４,2026-08-10,2026-08-15,21,芦屋,一般,３４４　５３２　４４４５,2026-07-19,2026-07-24,22,福岡,ＧⅢ,２　４５６　６５４６４,2026-05-27,2026-06-01,08,常滑,一般,３　６５５　５６６　６,2026-05-13,2026-05-18,19,下関,一般,４　３３３５４　３１４１,4033,伊藤 将吉,2026-08-22,2026-08-27,22,福岡,一般,３　２５２３４１１４１２,2026-08-11,2026-08-16,06,浜名湖,一般,３６１　４４６　６１４４,2026-08-03,2026-08-08,04,平和島,ＧⅢ,２５,2026-07-24,2026-07-27,12,住之江,一般,２１４４４５５４,2026-07-14,2026-07-19,21,芦屋,一般,３１３１５　１２３３３２,3681,山谷 央,2026-08-20,2026-08-25,21,芦屋,一般,１　２転５　４２５　６３,2026-08-08,2026-08-11,05,多摩川,一般,１５１５３　３３,2026-06-27,2026-07-01,02,戸田,一般,３　１４３２２５４２,2026-06-17,2026-06-22,05,多摩川,一般,４　５６５５４　５　２,2026-05-30,2026-06-03,12,住之江,一般,４　２F６　５　５
202609070110,2026-09-07,01,10R,5228,若林 樹蘭,2026-08-26,2026-08-31,11,びわこ,一般,１３２４２４３　６４１４,2026-08-11,2026-08-16,04,平和島,一般,３　３４４４１２３６１１,2026-07-30,2026-08-04,08,常滑,一般,３２１３１　１６４F４,2026-07-18,2026-07-21,04,平和島,一般,３４４２５　２２,2026-07-04,2026-07-09,18,徳山,一般,６１１５３２５　４４２４,3946,赤岩 善生,2026-08-22,2026-08-27,08,常滑,ＧⅢ,４４１４４１１３１２[５],2026-08-11,2026-08-16,07,蒲郡,一般,１３１１１２１１１１[F],2026-08-03,2026-08-08,19,下関,一般,２１１　２１３１２１[１],2026-07-23,2026-07-28,03,江戸川,ＧⅢ,１３３　６４２　４５１１,2026-07-13,2026-07-18,07,蒲郡,ＧⅡ,２２１　２２５　５　１４,4040,廣瀬 将亨,2026-08-20,2026-08-23,24,大村,一般,１５６２４　４３,2026-08-09,2026-08-14,13,尼崎,一般,４４５　１１６　２５１４,2026-07-31,2026-08-05,06,浜名湖,ＧⅢ,１　３１３１１６３３５１,2026-07-22,2026-07-26,08,常滑,一般,１　３６４４４２３,2026-07-13,2026-07-18,07,蒲郡,ＧⅡ,４　１６６　６　１４５,3852,澤 大介,2026-08-24,2026-08-29,13,尼崎,一般,２４１　４４２　４５１４,2026-08-15,2026-08-20,09,津,一般,５５２　４　４４５　４４,2026-08-07,2026-08-11,15,丸亀,一般,３　１６６５４　３６,2026-07-27,2026-08-01,09,津,一般,１６１,2026-07-18,2026-07-22,10,三国,一般,５　６５１　５　３６,4943,八木 治樹,2026-08-21,2026-08-26,03,江戸川,一般,１４６　４５３　３２５２,2026-08-08,2026-08-11,05,多摩川,一般,５４３　１６５４,2026-07-24,2026-07-29,17,宮島,一般,２　２５１　５５６　１６,2026-07-15,2026-07-19,08,常滑,一般,５　５１４４５　５,2026-06-16,2026-06-21,09,津,一般,５　３２３　２５４１１４,4531,武富 智亮,2026-08-22,2026-08-27,08,常滑,ＧⅢ,５　５２１　２２１４１２,2026-08-09,2026-08-14,23,からつ,一般,２　１４１４４３３６１３,2026-08-02,2026-08-05,21,芦屋,一般,２１５２２６１４,2026-07-18,2026-07-22,10,三国,一般,２１３　４３３４１３,2026-07-11,2026-07-14,04,平和島,一般,５２１２５　２６
202609070111,2026-09-07,01,11R,4028,田村 隆信,2026-08-21,2026-08-26,03,江戸川,一般,１　４３３　３１３３[５],2026-08-05,2026-08-10,14,鳴門,一般,２２３５２　１３３２[６],2026-07-29,2026-08-01,18,徳山,一般,４５４４４　５１,2026-07-17,2026-07-20,02,戸田,一般,５１６５３１６３,2026-07-03,2026-07-08,12,住之江,一般,６５５１２　１５６３４,3874,山本 寛久,2026-08-22,2026-08-27,08,常滑,ＧⅢ,２１３　１３３　１３１３,2026-08-08,2026-08-13,16,児島,一般,１　５６５３３　４４１,2026-07-27,2026-08-01,09,津,一般,２１２,2026-07-13,2026-07-18,07,蒲郡,ＧⅡ,４　１　２４３　１　[５],2026-06-30,2026-07-05,16,児島,ＧⅡ,５６１　１　２２４　１２,4342,谷野 錬志,2026-08-22,2026-08-27,08,常滑,ＧⅢ,１５１　２３２１４１[１],2026-08-11,2026-08-16,06,浜名湖,一般,５４３　１３３２２４２４,2026-07-22,2026-07-27,14,鳴門,一般,４３４　２２３１３６１５,2026-07-13,2026-07-18,07,蒲郡,ＧⅡ,３　５５１　４　６２４４,2026-05-26,2026-05-31,06,浜名湖,ＳＧ,３　５　３３５　３１３,4118,宇佐見 淳,2026-08-21,2026-08-26,03,江戸川,一般,２　２３３　３５１　１１,2026-08-10,2026-08-15,08,常滑,一般,１３６３５　１３３５２５,2026-07-29,2026-08-03,23,からつ,一般,２　３５１６２４１６５４,2026-07-16,2026-07-21,11,びわこ,一般,２４３５２４３　３５３６,2026-07-05,2026-07-09,05,多摩川,一般,３５３４２　３　３３,3277,齋藤 勇,2026-08-20,2026-08-23,04,平和島,一般,４　６４３　６２,2026-08-09,2026-08-15,03,江戸川,一般,４　１４４　３５２　３１,2026-07-24,2026-07-27,06,浜名湖,一般,５４４　３４４,2026-07-09,2026-07-14,15,丸亀,一般,１　４４５　６５４　４３,2026-06-24,2026-06-29,09,津,一般,４６３　２３３　４６２６,5048,眞鳥 康太,2026-08-21,2026-08-26,03,江戸川,一般,３３３　転２２　６６１,2026-08-06,2026-08-10,24,大村,一般,１　３２５５１４２５,2026-07-27,2026-08-01,10,三国,一般,３　２３２２５６１４４６,2026-07-14,2026-07-17,24,大村,一般,３　２５４２２,2026-06-16,2026-06-21,09,津,一般,３６４　３６２　３　２５
202609070112,2026-09-07,01,12R,4044,湯川 浩司,2026-08-24,2026-08-29,13,尼崎,一般,２４３　３１１１３２[６],2026-08-13,2026-08-18,12,住之江,一般,３３５　３　４４,2026-08-06,2026-08-09,02,戸田,一般,１１２５４４３２,2026-07-28,2026-08-02,11,びわこ,ＳＧ,３２３　２　４２４　１５,2026-05-20,2026-05-25,11,びわこ,ＧⅡ,６　４５落欠,3743,林 美憲,2026-08-20,2026-08-25,21,芦屋,一般,２４６２１　２３４３１５,2026-08-05,2026-08-10,14,鳴門,一般,２６１　４２１４２６３４,2026-07-24,2026-07-27,02,戸田,一般,１５４４１３１２,2026-07-15,2026-07-19,08,常滑,一般,６３６４６４２２４２,2026-07-04,2026-07-09,18,徳山,一般,１６１２２　１３６５２４,4513,河野 真也,2026-08-25,2026-08-30,09,津,一般,２４５　５２４　５　２５,2026-08-10,2026-08-15,21,芦屋,一般,１　３３３６１　妨３２,2026-07-29,2026-08-03,23,からつ,一般,３　５４１４２１２１[３],2026-07-17,2026-07-20,02,戸田,一般,１　１１３３[３],2026-07-07,2026-07-12,08,常滑,一般,２３３　４４５１１　３５,3319,山崎 義明,2026-08-22,2026-08-27,22,福岡,一般,３　３３３２６４１５１４,2026-08-11,2026-08-16,04,平和島,一般,４２４　１２２６４５３５,2026-07-31,2026-08-05,06,浜名湖,ＧⅢ,１　３３３４５２１２[６],2026-07-22,2026-07-26,08,常滑,一般,２　４３１６３６１５,2026-07-11,2026-07-16,03,江戸川,一般,４　１３３　１３３６１１,4992,廣瀬 篤哉,2026-08-19,2026-08-24,19,下関,一般,６６４　２２５　５１６,2026-07-31,2026-08-04,13,尼崎,一般,４４４　６６,2026-07-18,2026-07-21,20,若松,一般,６１１６１４６４,2026-07-09,2026-07-13,16,児島,一般,６２２　２５１６３６,2026-06-09,2026-06-14,11,びわこ,一般,４６１　１４２　１５３４,4440,萩原 知哉,2026-08-20,2026-08-25,21,芦屋,一般,６５６　２５,2026-08-09,2026-08-15,03,江戸川,一般,３　６３４　２５４　１６,2026-07-29,2026-08-03,23,からつ,一般,５　４１５　４２５６２６,2026-07-14,2026-07-17,24,大村,一般,５５６　３４２,2026-06-30,2026-07-05,06,浜名湖,一般,６４４　６
202609070301,2026-09-07,03,01R,3303,渡辺 豊,2026-08-20,2026-08-25,21,芦屋,一般,５４３　４４３　２４２５,2026-08-09,2026-08-15,03,江戸川,一般,４４５　４６１　６５１,2026-07-27,2026-08-01,10,三国,一般,４　５４４　５４３　６,2026-07-14,2026-07-19,01,桐生,一般,６１５　５６２　４　２５,2026-07-07,2026-07-12,10,三国,ＧⅢ,２　４４２　５６１６４,5120,山本 稔太朗,2026-08-20,2026-08-23,02,戸田,一般,６　２３６６４６,2026-08-03,2026-08-08,19,下関,一般,１　１F５　３　６　４２,2026-07-18,2026-07-23,09,津,ＧⅢ,２　３　２５５　１６３４,2026-07-02,2026-07-07,04,平和島,一般,４４２　６５１　５２３,2026-05-26,2026-05-31,15,丸亀,ＧⅢ,４４１　４１５　３４１４,4257,古川 健,2026-08-20,2026-08-25,21,芦屋,一般,１　１３３　６４３５１３,2026-07-29,2026-08-01,18,徳山,一般,６２５　３２５,2026-07-15,2026-07-19,17,宮島,一般,１４２　２６２５２６,2026-06-30,2026-07-05,06,浜名湖,一般,２　５２１　４３２５１５,2026-06-19,2026-06-24,11,びわこ,一般,１４４　３３５　１１５６,5315,浅井 翼,2026-08-28,2026-09-02,05,多摩川,ＧⅢ,　　　　　　　　　　６５,2026-08-21,2026-08-26,06,浜名湖,一般,５５３　５６６　６　転６,2026-08-08,2026-08-11,05,多摩川,一般,２　２　３５１５,2026-07-11,2026-07-16,03,江戸川,一般,１６５　１６転　６６６２,2026-06-30,2026-07-04,19,下関,一般,６　４５２　２４６４,3839,川合 理司,2026-08-17,2026-08-21,13,尼崎,一般,５　５５６　４　５４,2026-07-31,2026-08-03,20,若松,一般,５　１５６６６,2026-07-16,2026-07-21,11,びわこ,一般,２　６　６６２　６　６,2026-07-05,2026-07-09,05,多摩川,一般,５　６　５６４５５,2026-06-24,2026-06-28,04,平和島,一般,５　３５４５３６,4623,中北 将史,2026-08-23,2026-08-27,18,徳山,一般,１２５４５　６５１,2026-08-15,2026-08-20,09,津,一般,２６５　１４２　２２５,2026-08-05,2026-08-10,09,津,一般,４　２３２　５３３６４６,2026-07-22,2026-07-25,24,大村,一般,２２５　１６４６,2026-07-10,2026-07-15,06,浜名湖,一般,５４６　１３６　２　４４
202609070302,2026-09-07,03,02R,3859,多羅尾 達之,2026-08-22,2026-08-27,22,福岡,一般,６　２４２　２６５２１４,2026-08-11,2026-08-16,04,平和島,一般,転　欠,2026-07-25,2026-07-29,20,若松,一般,５　５６５６,2026-07-15,2026-07-19,08,常滑,一般,６２１　３６３３５,2026-06-26,2026-07-02,24,大村,一般,４　４６５　５５６　２５２４,4661,中島 昂章,2026-08-28,2026-08-31,23,からつ,一般,３３１　２５２３,2026-08-20,2026-08-23,04,平和島,一般,４３３３３　２２,2026-08-09,2026-08-14,23,からつ,一般,２３４　１５２　３４２３,2026-07-27,2026-08-01,10,三国,一般,１２１　１３１５４１[５],2026-07-17,2026-07-22,16,児島,ＧⅢ,１６２６１　２５４５１３,4179,広次 修,2026-08-25,2026-08-30,09,津,一般,３３５　４６３　３　３１,2026-08-11,2026-08-16,19,下関,一般,３　１６４６２　１３４６,2026-07-24,2026-07-29,17,宮島,一般,３２３２３４３　１３３３,2026-07-14,2026-07-17,24,大村,一般,２３３　５６１６,2026-07-04,2026-07-09,01,桐生,一般,５２５　１　２２５２[５],4173,岡谷 健吾,2026-08-21,2026-08-24,07,蒲郡,一般,１５３３３５４６,2026-08-08,2026-08-13,16,児島,一般,３２３　４２２　２４３３,2026-07-28,2026-07-31,24,大村,一般,６５６４４　１,2026-07-15,2026-07-21,12,住之江,一般,１４１　３４２　４４３１５１,2026-06-30,2026-07-04,19,下関,一般,３５１４６　５　４４,4004,山本 浩輔,2026-08-22,2026-08-27,08,常滑,ＧⅢ,５　２６４　２５２５３,2026-08-06,2026-08-10,24,大村,一般,４４３　３４３２４３,2026-07-29,2026-08-01,18,徳山,一般,２５２　１　１５,2026-07-14,2026-07-17,24,大村,一般,３　１５４５１５,2026-07-02,2026-07-06,21,芦屋,一般,３５１６４　４５４,4583,古田 祐貴,2026-08-30,2026-09-02,21,芦屋,一般,５４６　５５４,2026-08-17,2026-08-21,15,丸亀,一般,３５２　１６５２[６],2026-08-03,2026-08-08,04,平和島,ＧⅢ,５２４　１６３　２３６３,2026-07-22,2026-07-25,24,大村,一般,１４２　３４２転,2026-07-10,2026-07-15,23,からつ,一般,２４４　２６５　３３５３
202609070303,2026-09-07,03,03R,4258,関根 彰人,2026-08-21,2026-08-26,06,浜名湖,一般,３５４　３　２６２４６６,2026-08-05,2026-08-10,09,津,一般,２　５６１　２５４５２６,2026-07-24,2026-07-27,02,戸田,一般,１３６５２　２２,2026-07-07,2026-07-12,20,若松,ＧⅢ,３４５　３　４４２　５３,2026-06-25,2026-06-30,01,桐生,ＧⅢ,１　６５５５５　５　３４,5071,野見山 拓己,2026-08-21,2026-08-26,06,浜名湖,一般,２　２４１２４３２３５３,2026-07-15,2026-07-19,17,宮島,一般,３６４　４　３６４４,2026-07-02,2026-07-07,04,平和島,一般,５６２　５　４５５　３４,2026-06-16,2026-06-21,18,徳山,ＧⅢ,５　４F６　６　３　４,2026-06-01,2026-06-05,19,下関,一般,２１５　５４２　３２,4888,金児 隆太,2026-08-22,2026-08-26,20,若松,一般,４１２　１２１２[６],2026-08-11,2026-08-16,01,桐生,一般,２２１　３３４４６　２２,2026-07-24,2026-07-27,06,浜名湖,一般,１　３２６２１５,2026-07-14,2026-07-19,01,桐生,一般,４　２５１４１　５２[５],2026-07-03,2026-07-08,12,住之江,一般,１４４　２３６　３５４,3944,山口 裕二,2026-08-24,2026-08-28,15,丸亀,一般,５５５１１１２３３２,2026-06-17,2026-06-22,24,大村,ＧⅡ,６　２５３２３　４２４,2026-06-07,2026-06-12,09,津,一般,１２３　２２５５２３４１,2026-05-27,2026-05-31,18,徳山,一般,３　４３３５１５２,2026-05-16,2026-05-19,06,浜名湖,一般,５　３３１６５２,4604,岩瀬 裕亮,2026-08-25,2026-08-30,01,桐生,ＳＧ,５５１　４　３６３　２,2026-08-10,2026-08-15,08,常滑,一般,２３１５１２３２２１[３],2026-07-28,2026-08-02,11,びわこ,ＳＧ,４　２　４４５　５５６,2026-07-13,2026-07-18,07,蒲郡,ＧⅡ,１５４　１４５　１４３,2026-07-05,2026-07-09,05,多摩川,一般,１４１１４２２５２２,5098,大江 純,2026-08-20,2026-08-23,02,戸田,一般,２５１　５５F３,2026-08-11,2026-08-16,07,蒲郡,一般,４　１２２　３６２５３６,2026-07-24,2026-07-27,12,住之江,一般,６　１２１５１６,2026-07-10,2026-07-13,19,下関,一般,２２３　１６２６,2026-06-26,2026-07-02,24,大村,一般,６５２　３　２６５３４　６転
202609070304,2026-09-07,03,04R,5138,村本 大成,2026-08-20,2026-08-23,04,平和島,一般,５　５６５　４５,2026-08-04,2026-08-09,12,住之江,一般,６　６３６　５　６４３,2026-07-24,2026-07-27,02,戸田,一般,３　６４６６５,2026-07-10,2026-07-15,22,福岡,一般,１　５５６　２６６３５,2026-06-25,2026-06-29,21,芦屋,一般,５　３２３　２４５２,3857,阿波 勝哉,2026-08-22,2026-08-27,22,福岡,一般,４　４３４５３　４２１１,2026-08-11,2026-08-16,04,平和島,一般,５６２　３　３４２３３,2026-07-20,2026-07-25,15,丸亀,一般,４６１　５５６　４３５,2026-07-07,2026-07-12,20,若松,ＧⅢ,２６３　６５１　１１６６,2026-06-26,2026-07-02,24,大村,一般,１　２６２６６　５　３転３４,5378,鈴木 結平太,2026-08-11,2026-08-16,06,浜名湖,一般,６６６　５　５６６　６５,2026-07-23,2026-07-27,01,桐生,一般,６　５４４　６５５,2026-07-15,2026-07-19,08,常滑,一般,　　　　　　　　６６,2026-07-10,2026-07-15,06,浜名湖,一般,　　　　　　　　　　６６,2026-07-02,2026-07-07,04,平和島,一般,６　６６６　５６６　５,3850,小川 知行,2026-08-22,2026-08-27,22,福岡,一般,１　４６４４５　５３３,2026-08-11,2026-08-16,01,桐生,一般,３４４　５　１５３２５,2026-07-31,2026-08-05,05,多摩川,一般,５６４　５６１　６　２３,2026-07-17,2026-07-20,02,戸田,一般,６５３　２５１,2026-07-05,2026-07-09,24,大村,一般,２５５　６　２３６,4427,秦 英悟,2026-08-26,2026-08-31,11,びわこ,一般,１１４６４５３　４３２２,2026-08-13,2026-08-18,12,住之江,一般,１　１１２　３２１３１１,2026-07-29,2026-08-03,22,福岡,一般,１６１１１　１１２１[１],2026-07-15,2026-07-20,18,徳山,一般,１３１２３　１３３１[１],2026-07-02,2026-07-06,21,芦屋,一般,１１１２２３１２[５],3685,荒井 輝年,2026-08-20,2026-08-23,04,平和島,一般,６　３５５１２３,2026-07-13,2026-07-18,07,蒲郡,ＧⅡ,６　４　６５３　５４６,2026-07-05,2026-07-09,05,多摩川,一般,２６１　３１２３４１,2026-06-24,2026-06-29,03,江戸川,一般,２５１　２５４　１１１１,2026-06-03,2026-06-08,21,芦屋,一般,１２５　２４２１２１[F]
202609070305,2026-09-07,03,05R,5053,山口 広樹,2026-08-21,2026-08-26,06,浜名湖,一般,１５２　２６４３３５１６,2026-08-10,2026-08-15,21,芦屋,一般,４５５　５５４　３１３,2026-07-23,2026-07-27,01,桐生,一般,６　６５５　６５２,2026-07-10,2026-07-15,22,福岡,一般,５　６６４　３５６　６５,2026-06-04,2026-06-08,08,常滑,一般,１　２４６２４４４２,3655,本橋 克洋,2026-08-22,2026-08-27,22,福岡,一般,５４３　４３１　６５５１,2026-08-11,2026-08-16,01,桐生,一般,４６６　２　５３２　４３,2026-07-22,2026-07-27,14,鳴門,一般,４３２　３４３６１　２６,2026-06-14,2026-06-18,01,桐生,一般,３　１３６４４　５５,2026-06-03,2026-06-07,03,江戸川,一般,３２２　３３２５,4880,澤崎 雄哉,2026-08-22,2026-08-26,20,若松,一般,３４３４１　２３６１,2026-08-11,2026-08-16,01,桐生,一般,４２５　４６６　５　５６,2026-07-31,2026-08-04,13,尼崎,一般,３４５,2026-07-17,2026-07-22,16,児島,ＧⅢ,５　３６３　２１５３３,2026-06-30,2026-07-05,06,浜名湖,一般,１　３２３２４５３４２２,4189,川上 剛,2026-08-27,2026-08-31,04,平和島,一般,３６５１４３２　３１,2026-08-20,2026-08-23,02,戸田,一般,１４１２３１[４],2026-08-10,2026-08-15,21,芦屋,一般,４　３２２５１４１４１４,2026-07-29,2026-08-03,23,からつ,一般,４５４３３　２４４　６２,2026-07-20,2026-07-25,15,丸亀,一般,４４４３１６２　１１１５,5427,港 理樹,2026-08-26,2026-08-31,11,びわこ,一般,６３６　３２６　３　５６,2026-08-11,2026-08-16,04,平和島,一般,２　３５４６４　６５２,2026-08-03,2026-08-08,04,平和島,ＧⅢ,　　　　　　　　　　６６,2026-07-24,2026-07-27,06,浜名湖,一般,６２６　４６５４,2026-07-11,2026-07-16,03,江戸川,一般,５　３５５５４　５３６,4418,茅原 悠紀,2026-08-25,2026-08-30,01,桐生,ＳＧ,４　３５４２１　２　[５],2026-08-08,2026-08-13,16,児島,一般,３３２　３１１１２１[１],2026-07-28,2026-08-02,11,びわこ,ＳＧ,３　５３２３３　５　１３,2026-07-17,2026-07-22,16,児島,ＧⅢ,２３２１１　２１４１[２],2026-07-02,2026-07-07,04,平和島,一般,１５２　４３１１２２[４]
202609070306,2026-09-07,03,06R,4407,鹿島 敏弘,2026-08-28,2026-09-02,05,多摩川,ＧⅢ,　　　　　　　　３５６３,2026-08-22,2026-08-26,20,若松,一般,３５３６６　５　５６,2026-08-11,2026-08-16,01,桐生,一般,１４５　１６１３６　１５,2026-07-22,2026-07-27,14,鳴門,一般,３　５２３５２２４５２５,2026-07-07,2026-07-12,02,戸田,ＧⅡ,６　２　４６５　６３５,4438,森作 雄大,2026-08-22,2026-08-26,20,若松,一般,２４２１３　１５１３,2026-08-09,2026-08-15,03,江戸川,一般,１４３　６１６　１２６５,2026-07-29,2026-08-03,22,福岡,一般,２１１１４５４　１５１４,2026-07-18,2026-07-21,04,平和島,一般,５５１　２３５６,2026-07-03,2026-07-08,13,尼崎,一般,１　５６５　６５６　１,3256,三角 哲男,2026-08-23,2026-08-27,18,徳山,一般,４２３１２３２２[５],2026-08-11,2026-08-16,04,平和島,一般,１１２１１　３３４３３２,2026-07-31,2026-08-05,05,多摩川,一般,２５５３２１３　４５６２,2026-07-22,2026-07-25,24,大村,一般,１６１２２１[５],2026-07-07,2026-07-12,10,三国,ＧⅢ,１３１１３　２１４１[１],4000,松本 博昭,2026-08-25,2026-08-30,17,宮島,一般,３　２３２２１３１３４３,2026-08-05,2026-08-10,14,鳴門,一般,３５５２３２３　５３４３,2026-07-24,2026-07-27,06,浜名湖,一般,２　１６２４２４,2026-07-14,2026-07-19,21,芦屋,一般,３１２　３３４６３６１４,2026-07-03,2026-07-06,09,津,一般,５１３４５　２４,4173,岡谷 健吾,2026-08-21,2026-08-24,07,蒲郡,一般,１５３３３５４６,2026-08-08,2026-08-13,16,児島,一般,３２３　４２２　２４３３,2026-07-28,2026-07-31,24,大村,一般,６５６４４　１,2026-07-15,2026-07-21,12,住之江,一般,１４１　３４２　４４３１５１,2026-06-30,2026-07-04,19,下関,一般,３５１４６　５　４４,3839,川合 理司,2026-08-17,2026-08-21,13,尼崎,一般,５　５５６　４　５４,2026-07-31,2026-08-03,20,若松,一般,５　１５６６６,2026-07-16,2026-07-21,11,びわこ,一般,２　６　６６２　６　６,2026-07-05,2026-07-09,05,多摩川,一般,５　６　５６４５５,2026-06-24,2026-06-28,04,平和島,一般,５　３５４５３６
202609070307,2026-09-07,03,07R,5071,野見山 拓己,2026-08-21,2026-08-26,06,浜名湖,一般,２　２４１２４３２３５３,2026-07-15,2026-07-19,17,宮島,一般,３６４　４　３６４４,2026-07-02,2026-07-07,04,平和島,一般,５６２　５　４５５　３４,2026-06-16,2026-06-21,18,徳山,ＧⅢ,５　４F６　６　３　４,2026-06-01,2026-06-05,19,下関,一般,２１５　５４２　３２,3859,多羅尾 達之,2026-08-22,2026-08-27,22,福岡,一般,６　２４２　２６５２１４,2026-08-11,2026-08-16,04,平和島,一般,転　欠,2026-07-25,2026-07-29,20,若松,一般,５　５６５６,2026-07-15,2026-07-19,08,常滑,一般,６２１　３６３３５,2026-06-26,2026-07-02,24,大村,一般,４　４６５　５５６　２５２４,5087,佐藤 航,2026-08-22,2026-08-27,08,常滑,ＧⅢ,１５１３２６２　４５２２,2026-08-12,2026-08-17,02,戸田,一般,６　２１３　２１２　[２],2026-08-03,2026-08-08,17,宮島,一般,１２２１１　１６２１[４],2026-07-18,2026-07-23,09,津,ＧⅢ,３F５　２３３　２　３,2026-07-09,2026-07-13,16,児島,一般,２６２２１１３２[３],4471,新田 泰章,2026-08-25,2026-08-30,09,津,一般,４６２　２１１　１１[２],2026-08-14,2026-08-19,17,宮島,一般,５５１　５４４２２　１２,2026-08-03,2026-08-08,04,平和島,ＧⅢ,３４１　５１１３３１[２],2026-07-20,2026-07-25,15,丸亀,一般,２１２６２３２　１３４１,2026-07-07,2026-07-12,08,常滑,一般,２４１４１３６３２５２２,5315,浅井 翼,2026-08-28,2026-09-02,05,多摩川,ＧⅢ,　　　　　　　　　　６５,2026-08-21,2026-08-26,06,浜名湖,一般,５５３　５６６　６　転６,2026-08-08,2026-08-11,05,多摩川,一般,２　２　３５１５,2026-07-11,2026-07-16,03,江戸川,一般,１６５　１６転　６６６２,2026-06-30,2026-07-04,19,下関,一般,６　４５２　２４６４,4896,花本 剛,2026-08-19,2026-08-24,19,下関,一般,５６２　５　１３２　３２,2026-08-04,2026-08-09,10,三国,一般,４　５２２　４６６５３,2026-07-27,2026-07-31,19,下関,一般,１５５　４６２　６,2026-07-15,2026-07-21,12,住之江,一般,３　５６１　２６６６４　３,2026-06-06,2026-06-10,24,大村,一般,６　６４５
202609070308,2026-09-07,03,08R,3956,横澤 剛治,2026-08-23,2026-08-27,18,徳山,一般,１３６５３　４３２１,2026-08-11,2026-08-16,06,浜名湖,一般,６　５６５　４４欠,2026-07-31,2026-08-05,06,浜名湖,ＧⅢ,１　１１３４１３４２[５],2026-07-14,2026-07-17,24,大村,一般,３５６１６　５,2026-07-02,2026-07-07,04,平和島,一般,５　４２,3664,鈴木 賢一,2026-08-20,2026-08-23,02,戸田,一般,５　２３５３５１,2026-08-03,2026-08-08,04,平和島,ＧⅢ,５６５　４　４６５　１５,2026-07-23,2026-07-27,01,桐生,一般,５１３　３６２　３２,2026-06-29,2026-07-03,11,びわこ,一般,４　２６転欠,2026-06-17,2026-06-22,17,宮島,ＧⅢ,４２２　２６３　５６２５,3857,阿波 勝哉,2026-08-22,2026-08-27,22,福岡,一般,４　４３４５３　４２１１,2026-08-11,2026-08-16,04,平和島,一般,５６２　３　３４２３３,2026-07-20,2026-07-25,15,丸亀,一般,４６１　５５６　４３５,2026-07-07,2026-07-12,20,若松,ＧⅢ,２６３　６５１　１１６６,2026-06-26,2026-07-02,24,大村,一般,１　２６２６６　５　３転３４,4598,加藤 政彦,2026-08-20,2026-08-25,21,芦屋,一般,３４４　２３１２３２[５],2026-08-09,2026-08-15,03,江戸川,一般,１　４４１　２５４　６１,2026-07-29,2026-08-03,23,からつ,一般,５　２１１　３６,2026-07-18,2026-07-22,10,三国,一般,６１５　４　転４３,2026-07-05,2026-07-09,05,多摩川,一般,２１２　２４６５１４,4583,古田 祐貴,2026-08-30,2026-09-02,21,芦屋,一般,５４６　５５４,2026-08-17,2026-08-21,15,丸亀,一般,３５２　１６５２[６],2026-08-03,2026-08-08,04,平和島,ＧⅢ,５２４　１６３　２３６３,2026-07-22,2026-07-25,24,大村,一般,１４２　３４２転,2026-07-10,2026-07-15,23,からつ,一般,２４４　２６５　３３５３,4452,松尾 祭,2026-08-26,2026-08-30,14,鳴門,一般,５３１　４２４４４３,2026-08-17,2026-08-21,15,丸亀,一般,６５３３２　２１２１,2026-07-31,2026-08-03,20,若松,一般,２４４　２１５３,2026-07-23,2026-07-27,01,桐生,一般,６５４１６　２　４１,2026-07-14,2026-07-19,21,芦屋,一般,１　５４３６６４５　４１
202609070309,2026-09-07,03,09R,4640,山ノ内 雅人,2026-08-24,2026-08-29,13,尼崎,一般,１　４５３３２５２F４,2026-08-10,2026-08-15,21,芦屋,一般,２３４　４２４４３　１５,2026-07-27,2026-08-01,10,三国,一般,４３１３３５１　５６１５,2026-07-18,2026-07-21,04,平和島,一般,２２３　２５３５,2026-07-10,2026-07-13,19,下関,一般,４５１　３６２６,4880,澤崎 雄哉,2026-08-22,2026-08-26,20,若松,一般,３４３４１　２３６１,2026-08-11,2026-08-16,01,桐生,一般,４２５　４６６　５　５６,2026-07-31,2026-08-04,13,尼崎,一般,３４５,2026-07-17,2026-07-22,16,児島,ＧⅢ,５　３６３　２１５３３,2026-06-30,2026-07-05,06,浜名湖,一般,１　３２３２４５３４２２,5279,石渡 翔一郎,2026-08-26,2026-08-31,11,びわこ,一般,４　３４２　２４１３１３,2026-08-09,2026-08-15,03,江戸川,一般,２　２３４　２１転　３,2026-07-30,2026-08-04,08,常滑,一般,１　１４１４落５２　３４,2026-07-18,2026-07-23,09,津,ＧⅢ,５　２３６　欠　２５２３,2026-07-10,2026-07-13,19,下関,一般,５　３３３　５２,4427,秦 英悟,2026-08-26,2026-08-31,11,びわこ,一般,１１４６４５３　４３２２,2026-08-13,2026-08-18,12,住之江,一般,１　１１２　３２１３１１,2026-07-29,2026-08-03,22,福岡,一般,１６１１１　１１２１[１],2026-07-15,2026-07-20,18,徳山,一般,１３１２３　１３３１[１],2026-07-02,2026-07-06,21,芦屋,一般,１１１２２３１２[５],4661,中島 昂章,2026-08-28,2026-08-31,23,からつ,一般,３３１　２５２３,2026-08-20,2026-08-23,04,平和島,一般,４３３３３　２２,2026-08-09,2026-08-14,23,からつ,一般,２３４　１５２　３４２３,2026-07-27,2026-08-01,10,三国,一般,１２１　１３１５４１[５],2026-07-17,2026-07-22,16,児島,ＧⅢ,１６２６１　２５４５１３,4257,古川 健,2026-08-20,2026-08-25,21,芦屋,一般,１　１３３　６４３５１３,2026-07-29,2026-08-01,18,徳山,一般,６２５　３２５,2026-07-15,2026-07-19,17,宮島,一般,１４２　２６２５２６,2026-06-30,2026-07-05,06,浜名湖,一般,２　５２１　４３２５１５,2026-06-19,2026-06-24,11,びわこ,一般,１４４　３３５　１１５６
202609070310,2026-09-07,03,10R,3931,黒崎 竜也,2026-08-27,2026-08-31,04,平和島,一般,１３３　４２６５１２,2026-08-15,2026-08-20,09,津,一般,１　２２３３２４３４１３,2026-07-31,2026-08-05,06,浜名湖,ＧⅢ,５１６　４３３　１３３２,2026-07-22,2026-07-26,13,尼崎,一般,４　４４１２１６２５,2026-07-13,2026-07-18,07,蒲郡,ＧⅡ,３　２　４５１　１４５４,4418,茅原 悠紀,2026-08-25,2026-08-30,01,桐生,ＳＧ,４　３５４２１　２　[５],2026-08-08,2026-08-13,16,児島,一般,３３２　３１１１２１[１],2026-07-28,2026-08-02,11,びわこ,ＳＧ,３　５３２３３　５　１３,2026-07-17,2026-07-22,16,児島,ＧⅢ,２３２１１　２１４１[２],2026-07-02,2026-07-07,04,平和島,一般,１５２　４３１１２２[４],4258,関根 彰人,2026-08-21,2026-08-26,06,浜名湖,一般,３５４　３　２６２４６６,2026-08-05,2026-08-10,09,津,一般,２　５６１　２５４５２６,2026-07-24,2026-07-27,02,戸田,一般,１３６５２　２２,2026-07-07,2026-07-12,20,若松,ＧⅢ,３４５　３　４４２　５３,2026-06-25,2026-06-30,01,桐生,ＧⅢ,１　６５５５５　５　３４,4407,鹿島 敏弘,2026-08-28,2026-09-02,05,多摩川,ＧⅢ,　　　　　　　　３５６３,2026-08-22,2026-08-26,20,若松,一般,３５３６６　５　５６,2026-08-11,2026-08-16,01,桐生,一般,１４５　１６１３６　１５,2026-07-22,2026-07-27,14,鳴門,一般,３　５２３５２２４５２５,2026-07-07,2026-07-12,02,戸田,ＧⅡ,６　２　４６５　６３５,4623,中北 将史,2026-08-23,2026-08-27,18,徳山,一般,１２５４５　６５１,2026-08-15,2026-08-20,09,津,一般,２６５　１４２　２２５,2026-08-05,2026-08-10,09,津,一般,４　２３２　５３３６４６,2026-07-22,2026-07-25,24,大村,一般,２２５　１６４６,2026-07-10,2026-07-15,06,浜名湖,一般,５４６　１３６　２　４４,4179,広次 修,2026-08-25,2026-08-30,09,津,一般,３３５　４６３　３　３１,2026-08-11,2026-08-16,19,下関,一般,３　１６４６２　１３４６,2026-07-24,2026-07-29,17,宮島,一般,３２３２３４３　１３３３,2026-07-14,2026-07-17,24,大村,一般,２３３　５６１６,2026-07-04,2026-07-09,01,桐生,一般,５２５　１　２２５２[５]
202609070311,2026-09-07,03,11R,4142,平野 和明,2026-08-21,2026-08-24,07,蒲郡,一般,１　２３４２[３],2026-08-10,2026-08-15,08,常滑,一般,６２２　２４２３４６２６,2026-07-28,2026-07-31,24,大村,一般,２６３　３４４,2026-07-02,2026-07-07,04,平和島,一般,３３３　６３４　１４３,2026-06-21,2026-06-26,16,児島,一般,５　３３１１２３６４２４,3944,山口 裕二,2026-08-24,2026-08-28,15,丸亀,一般,５５５１１１２３３２,2026-06-17,2026-06-22,24,大村,ＧⅡ,６　２５３２３　４２４,2026-06-07,2026-06-12,09,津,一般,１２３　２２５５２３４１,2026-05-27,2026-05-31,18,徳山,一般,３　４３３５１５２,2026-05-16,2026-05-19,06,浜名湖,一般,５　３３１６５２,4004,山本 浩輔,2026-08-22,2026-08-27,08,常滑,ＧⅢ,５　２６４　２５２５３,2026-08-06,2026-08-10,24,大村,一般,４４３　３４３２４３,2026-07-29,2026-08-01,18,徳山,一般,２５２　１　１５,2026-07-14,2026-07-17,24,大村,一般,３　１５４５１５,2026-07-02,2026-07-06,21,芦屋,一般,３５１６４　４５４,3256,三角 哲男,2026-08-23,2026-08-27,18,徳山,一般,４２３１２３２２[５],2026-08-11,2026-08-16,04,平和島,一般,１１２１１　３３４３３２,2026-07-31,2026-08-05,05,多摩川,一般,２５５３２１３　４５６２,2026-07-22,2026-07-25,24,大村,一般,１６１２２１[５],2026-07-07,2026-07-12,10,三国,ＧⅢ,１３１１３　２１４１[１],5120,山本 稔太朗,2026-08-20,2026-08-23,02,戸田,一般,６　２３６６４６,2026-08-03,2026-08-08,19,下関,一般,１　１F５　３　６　４２,2026-07-18,2026-07-23,09,津,ＧⅢ,２　３　２５５　１６３４,2026-07-02,2026-07-07,04,平和島,一般,４４２　６５１　５２３,2026-05-26,2026-05-31,15,丸亀,ＧⅢ,４４１　４１５　３４１４,3850,小川 知行,2026-08-22,2026-08-27,22,福岡,一般,１　４６４４５　５３３,2026-08-11,2026-08-16,01,桐生,一般,３４４　５　１５３２５,2026-07-31,2026-08-05,05,多摩川,一般,５６４　５６１　６　２３,2026-07-17,2026-07-20,02,戸田,一般,６５３　２５１,2026-07-05,2026-07-09,24,大村,一般,２５５　６　２３６
202609070312,2026-09-07,03,12R,4471,新田 泰章,2026-08-25,2026-08-30,09,津,一般,４６２　２１１　１１[２],2026-08-14,2026-08-19,17,宮島,一般,５５１　５４４２２　１２,2026-08-03,2026-08-08,04,平和島,ＧⅢ,３４１　５１１３３１[２],2026-07-20,2026-07-25,15,丸亀,一般,２１２６２３２　１３４１,2026-07-07,2026-07-12,08,常滑,一般,２４１４１３６３２５２２,4189,川上 剛,2026-08-27,2026-08-31,04,平和島,一般,３６５１４３２　３１,2026-08-20,2026-08-23,02,戸田,一般,１４１２３１[４],2026-08-10,2026-08-15,21,芦屋,一般,４　３２２５１４１４１４,2026-07-29,2026-08-03,23,からつ,一般,４５４３３　２４４　６２,2026-07-20,2026-07-25,15,丸亀,一般,４４４３１６２　１１１５,4981,牧山 敦也,2026-08-22,2026-08-26,20,若松,一般,１　２４２４５３５１,2026-08-11,2026-08-16,19,下関,一般,２　２２１４５　３４５２,2026-07-31,2026-08-03,20,若松,一般,　　　　　　２５,2026-07-22,2026-07-25,24,大村,一般,３　３３１４１２,2026-07-10,2026-07-15,06,浜名湖,一般,１　２５６　２２６５５６,5098,大江 純,2026-08-20,2026-08-23,02,戸田,一般,２５１　５５F３,2026-08-11,2026-08-16,07,蒲郡,一般,４　１２２　３６２５３６,2026-07-24,2026-07-27,12,住之江,一般,６　１２１５１６,2026-07-10,2026-07-13,19,下関,一般,２２３　１６２６,2026-06-26,2026-07-02,24,大村,一般,６５２　３　２６５３４　６転,5138,村本 大成,2026-08-20,2026-08-23,04,平和島,一般,５　５６５　４５,2026-08-04,2026-08-09,12,住之江,一般,６　６３６　５　６４３,2026-07-24,2026-07-27,02,戸田,一般,３　６４６６５,2026-07-10,2026-07-15,22,福岡,一般,１　５５６　２６６３５,2026-06-25,2026-06-29,21,芦屋,一般,５　３２３　２４５２,4000,松本 博昭,2026-08-25,2026-08-30,17,宮島,一般,３　２３２２１３１３４３,2026-08-05,2026-08-10,14,鳴門,一般,３５５２３２３　５３４３,2026-07-24,2026-07-27,06,浜名湖,一般,２　１６２４２４,2026-07-14,2026-07-19,21,芦屋,一般,３１２　３３４６３６１４,2026-07-03,2026-07-06,09,津,一般,５１３４５　２４
202609070401,2026-09-07,04,01R,4781,西舘 果里,2026-08-17,2026-08-20,20,若松,一般,５　５６６　５６,2026-07-12,2026-07-16,05,多摩川,一般,４６１　４５３　６６,2026-06-17,2026-06-20,07,蒲郡,一般,６　５４４F２,2026-05-31,2026-06-05,13,尼崎,一般,６　２２５６,2026-05-18,2026-05-23,18,徳山,ＧⅢ,５２１　５４４２妨　２４,4893,渡邉 真奈美,2026-08-18,2026-08-23,16,児島,一般,１３２　３６２　１６１４,2026-08-06,2026-08-11,18,徳山,ＧⅠ,６　４　２４５　１２６,2026-07-25,2026-07-30,04,平和島,一般,６５４　３　２２５　２２,2026-07-10,2026-07-15,06,浜名湖,一般,２６４　５２６　２　６６,2026-06-17,2026-06-20,07,蒲郡,一般,５　４３５１５１,5357,田中 瀬里奈,2026-08-12,2026-08-17,02,戸田,一般,６　４６４　６６５６６,2026-07-22,2026-07-26,08,常滑,一般,６　６６５　６６６６,2026-07-11,2026-07-14,04,平和島,一般,６　５　６４５６,2026-06-20,2026-06-25,06,浜名湖,一般,６　６５６　６５６　４,2026-05-30,2026-06-04,05,多摩川,ＧⅢ,５　６６L　６６６　６,4854,大橋 由珠,2026-08-24,2026-08-29,13,尼崎,一般,６　２６４５６　４　２,2026-07-12,2026-07-16,05,多摩川,一般,６　３４５２６　５,2026-06-30,2026-07-05,23,からつ,一般,６　３４２　３転３３５２,2026-06-09,2026-06-13,07,蒲郡,一般,５　F４６　４　４,2026-05-12,2026-05-16,04,平和島,一般,２５２　６３５　４３,4501,樋口 由加里,2026-08-25,2026-08-30,17,宮島,一般,４　４６１　４６４４６２,2026-08-12,2026-08-17,24,大村,ＧⅢ,１６２　２６５　２６３,2026-07-23,2026-07-28,21,芦屋,一般,５　３５５　６１６　５２,2026-07-01,2026-07-06,07,蒲郡,一般,４　１３１６４　６　６４,2026-06-18,2026-06-23,02,戸田,一般,５４５　４１４　６４１１,4175,川尻 泰輔,2026-08-16,2026-08-19,14,鳴門,一般,１４３１６４２２,2026-08-04,2026-08-09,12,住之江,一般,５　１２５　２２４５１５,2026-07-27,2026-07-31,19,下関,一般,１６２　２５４４１３,2026-07-12,2026-07-16,05,多摩川,一般,３４５　４１１　３１,2026-06-19,2026-06-24,11,びわこ,一般,１　２２６５６　１３４
202609070402,2026-09-07,04,02R,3551,藤田 美代,2026-08-18,2026-08-23,16,児島,一般,５　３４４　２４２　５３,2026-07-28,2026-08-02,15,丸亀,一般,２　２６５　５５５　１３,2026-07-14,2026-07-19,21,芦屋,一般,５４４　３１６　４４５,2026-06-03,2026-06-08,21,芦屋,一般,４　６６６　５６４　２６,2026-05-25,2026-05-30,17,宮島,一般,５６３　４６４　５５１４,4895,門間 雄大,2026-08-21,2026-08-26,03,江戸川,一般,４　４５F　３５５　２２,2026-08-11,2026-08-16,04,平和島,一般,１６３　３４転３１　６５,2026-07-27,2026-08-01,10,三国,一般,４４４６２６６　２　３４,2026-07-17,2026-07-22,16,児島,ＧⅢ,２５１３４　５２１４３６,2026-07-07,2026-07-12,02,戸田,ＧⅡ,５　５　２４３　４２３,5277,井上 未都,2026-08-24,2026-08-29,10,三国,一般,３１１　５６５　４　４４,2026-08-10,2026-08-15,21,芦屋,一般,４　５５３　３４４　５６,2026-07-19,2026-07-24,22,福岡,ＧⅢ,３　２　５２４　５　４５,2026-07-07,2026-07-12,08,常滑,一般,５３５　４６１　６２４３,2026-05-24,2026-05-29,24,大村,一般,１　３２６　１３４３４２,5310,土屋 蘭,2026-08-24,2026-08-29,13,尼崎,一般,１３２　２３５　３６３２,2026-08-07,2026-08-11,15,丸亀,一般,４　３４２　６１４５,2026-07-21,2026-07-26,23,からつ,一般,３４６　F　３　４　４,2026-07-05,2026-07-09,24,大村,一般,６３３　４３６　３１,2026-05-29,2026-06-02,14,鳴門,一般,３　５３６　４６４,3993,永井 聖美,2026-08-12,2026-08-17,24,大村,ＧⅢ,３５３　２２妨　１　２１,2026-07-31,2026-08-04,13,尼崎,一般,５　２１５５４　６４,2026-07-14,2026-07-19,21,芦屋,一般,３３３　６６３　３　４５,2026-06-24,2026-06-28,04,平和島,一般,２２１　３５５１,2026-06-13,2026-06-16,06,浜名湖,一般,３６６５４　２２,5454,谷島 咲希,2026-08-12,2026-08-17,02,戸田,一般,５　５６６　５５６５５,2026-07-31,2026-08-05,05,多摩川,一般,６　６６６　６６６　６６,2026-07-07,2026-07-12,08,常滑,一般,２４６　６５６　６６６,2026-06-20,2026-06-25,06,浜名湖,一般,６　６５５　５４６　６６,2026-05-28,2026-06-02,01,桐生,一般,６　５　６６６４６
202609070403,2026-09-07,04,03R,5264,登 みひ果,2026-08-25,2026-08-30,17,宮島,一般,３５６　１　１１１２[５],2026-07-13,2026-07-18,13,尼崎,ＧⅢ,１５５　３１４　６４４４,2026-07-03,2026-07-08,13,尼崎,一般,６３３　６４６　６　２,2026-06-18,2026-06-23,02,戸田,一般,１　１６F　５　６　５,2026-06-09,2026-06-14,11,びわこ,一般,２４１　６５５　３２３４,4690,高石 梨菜,2026-08-17,2026-08-20,20,若松,一般,３４３５３　５１,2026-07-24,2026-07-27,06,浜名湖,一般,５５２　２５２３,2026-07-11,2026-07-14,04,平和島,一般,１３５　６２６,2026-06-14,2026-06-18,01,桐生,一般,３　２　３５４１４２,2026-05-30,2026-06-04,05,多摩川,ＧⅢ,１　５４３　５３６　４２,4882,瀧川 千依,2026-08-18,2026-08-23,16,児島,一般,３　１５２　１６４３１６,2026-07-23,2026-07-28,21,芦屋,一般,６　５６４　４６４　４６,2026-05-09,2026-05-12,20,若松,一般,５５６２６　４,2026-04-01,2026-04-06,22,福岡,一般,６　６６６　６６６　６４,2026-03-17,2026-03-22,17,宮島,一般,３　２４３　F６４　４,4289,落合 直子,2026-08-17,2026-08-20,20,若松,一般,４１２６２４３２,2026-08-06,2026-08-11,18,徳山,ＧⅠ,３　２　３５２　６　４６,2026-07-21,2026-07-26,23,からつ,一般,１２３　１３４　１４２５,2026-06-12,2026-06-17,22,福岡,ＧⅢ,５　１１４３１５３５１６,2026-05-30,2026-06-04,05,多摩川,ＧⅢ,４１６　１２４　５２１,4536,喜井 つかさ,2026-08-18,2026-08-23,16,児島,一般,２　２１２２１３３F落,2026-08-06,2026-08-11,18,徳山,ＧⅠ,４　５５４　２　５５６,2026-07-28,2026-08-02,15,丸亀,一般,２　３３４４４６１４１２,2026-07-19,2026-07-24,19,下関,ＧⅢ,１　１４２２２４２４３３,2026-07-09,2026-07-13,16,児島,一般,１５６　４１３４１３,5201,村上 宗太郎,2026-08-15,2026-08-20,05,多摩川,一般,６１２　３４４　２３３４,2026-07-30,2026-08-04,08,常滑,一般,３　３６３　３１１５３４,2026-07-18,2026-07-21,04,平和島,一般,１３３　２３４１,2026-07-12,2026-07-16,05,多摩川,一般,５３６　３５４　５,2026-06-30,2026-07-05,23,からつ,一般,５　１５３５５　６３エ２
202609070404,2026-09-07,04,04R,5003,来田 衣織,2026-08-18,2026-08-23,16,児島,一般,５５２　１６２,2026-08-09,2026-08-14,13,尼崎,一般,６５６　５　２３５　６,2026-07-31,2026-08-05,01,桐生,ＧⅢ,５１３　転３６　６　１１,2026-07-19,2026-07-24,19,下関,ＧⅢ,落　１３５　１４４３３,2026-07-07,2026-07-12,11,びわこ,一般,３５４　６４２　６５２,5253,藤井 太雅,2026-08-21,2026-08-26,03,江戸川,一般,４　３３１　５４６３４６,2026-08-11,2026-08-16,04,平和島,一般,４　５６３　５４５５４４,2026-07-30,2026-08-04,08,常滑,一般,４２３　４１６　２６４,2026-07-10,2026-07-14,09,津,一般,４落６　４５４　３５,2026-06-03,2026-06-07,07,蒲郡,一般,５４６　６６４,5164,森田 梨湖,2026-08-18,2026-08-23,16,児島,一般,５　５５６,2026-07-28,2026-08-02,15,丸亀,一般,５　４５４　６５４　４,2026-07-19,2026-07-24,19,下関,ＧⅢ,４６５　４６６　５　６５,2026-05-24,2026-05-29,24,大村,一般,４　６６３　３４４　５５,2026-03-17,2026-03-22,17,宮島,一般,５１４　４２３　６　４,4927,関野 文,2026-08-24,2026-08-29,10,三国,一般,１３６　２３２５５　４１,2026-08-12,2026-08-17,24,大村,ＧⅢ,１６３　４１３１２４４２,2026-07-31,2026-08-05,01,桐生,ＧⅢ,５　１３１５３２１２[３],2026-07-17,2026-07-20,02,戸田,一般,５　１６６５４,2026-07-03,2026-07-08,13,尼崎,一般,４　２１２３２　３３２３,5320,岩崎 麗子,2026-08-24,2026-08-29,10,三国,一般,転　６６２　１　６５４,2026-08-11,2026-08-16,01,桐生,一般,６　３　５５６　５１４,2026-07-25,2026-07-29,20,若松,一般,３６６　１６５６４,2026-07-13,2026-07-18,13,尼崎,ＧⅢ,４　３５２　４５６　４,2026-06-24,2026-06-29,12,住之江,一般,４３４　３５４　４　４４,4874,池田 奈津美,2026-08-18,2026-08-23,16,児島,一般,妨６,2026-08-07,2026-08-12,20,若松,一般,４３２２４　５２１　６１,2026-07-24,2026-07-27,06,浜名湖,一般,６６５　６５,2026-07-14,2026-07-19,01,桐生,一般,３　４６３　３５３　４５,2026-06-24,2026-06-29,12,住之江,一般,３　２４５　３２２５２
202609070405,2026-09-07,04,05R,4730,土屋 実沙希,2026-08-16,2026-08-19,14,鳴門,一般,４１２　２３２２,2026-08-07,2026-08-11,15,丸亀,一般,３２６　１１３５１５,2026-07-22,2026-07-26,08,常滑,一般,３６４４３　１　３２,2026-07-03,2026-07-08,12,住之江,一般,１　３２３　４５１２５４,2026-06-19,2026-06-24,11,びわこ,一般,４　３転４４４　１　２５,4090,中村 尊,2026-08-27,2026-09-01,07,蒲郡,一般,３２１　１３３５４２[４],2026-08-16,2026-08-19,14,鳴門,一般,３１２２３６４６,2026-07-18,2026-07-21,04,平和島,一般,２２,2026-06-30,2026-07-04,19,下関,一般,２１１５２　２１[４],2026-06-19,2026-06-24,11,びわこ,一般,５２１　２１２５２４１４,3845,中谷 朋子,2026-08-25,2026-08-30,09,津,一般,２　２５２　３６１２[４],2026-07-31,2026-08-05,01,桐生,ＧⅢ,１　２４４　２２３５１５,2026-07-13,2026-07-18,13,尼崎,ＧⅢ,２　１１１２４　３１[１],2026-07-05,2026-07-09,24,大村,一般,４２１６５５欠,2026-06-17,2026-06-20,07,蒲郡,一般,２　５３６２３２,4998,中村 かなえ,2026-08-18,2026-08-23,16,児島,一般,エ　２４３５５　６６２２,2026-08-03,2026-08-08,17,宮島,一般,５２２　５２２４６５１５,2026-07-03,2026-07-08,13,尼崎,一般,２　３３３６４　３５４１,2026-06-18,2026-06-23,02,戸田,一般,４　４５４　４６２　２２,2026-05-24,2026-05-29,24,大村,一般,１　１４５　５６６　１６,5213,湯淺 紀香,2026-08-24,2026-08-29,10,三国,一般,４　５４５　２　２２２２,2026-08-12,2026-08-17,24,大村,ＧⅢ,１５４　２５１　１５１６,2026-07-18,2026-07-23,09,津,ＧⅢ,６　３５６　６４５　５６,2026-07-07,2026-07-12,11,びわこ,一般,１　３４３転５　２３３５,2026-06-18,2026-06-23,02,戸田,一般,４６４　３２５　２３４１,4844,村上 奈穂,2026-08-18,2026-08-23,16,児島,一般,５５５　１５４　６５３,2026-08-03,2026-08-08,17,宮島,一般,１４１　２４５　２４３６,2026-07-19,2026-07-24,19,下関,ＧⅢ,２６２　５３６５２　２３,2026-07-07,2026-07-12,02,戸田,ＧⅡ,６　３　４５６　５５３,2026-06-09,2026-06-14,11,びわこ,一般,４　５４５　２６４４６２
202609070406,2026-09-07,04,06R,4065,金田 幸子,2026-08-25,2026-08-30,09,津,一般,４６４　３２６　３　５１,2026-08-12,2026-08-17,24,大村,ＧⅢ,５　１３２　４１１３転４,2026-07-22,2026-07-26,08,常滑,一般,６６２２５　５　６１,2026-06-12,2026-06-17,22,福岡,ＧⅢ,１４６　３３６　５１３,2026-05-29,2026-06-02,14,鳴門,一般,４３５　３１２６２３,4266,長田 頼宗,2026-08-25,2026-08-30,01,桐生,ＳＧ,３　６１５　２　１６５５,2026-08-09,2026-08-15,03,江戸川,一般,４　６１２　１２４　４１,2026-07-28,2026-08-02,11,びわこ,ＳＧ,２　１５３　４６６　６３,2026-07-07,2026-07-12,08,常滑,一般,２３２４３１２１４１[２],2026-06-23,2026-06-28,14,鳴門,ＳＧ,４　５　６１３　１５６,4525,真子 奈津実,2026-08-18,2026-08-23,16,児島,一般,２１４　５５１　１４１５,2026-07-28,2026-07-31,24,大村,一般,２　２５５５４,2026-07-19,2026-07-24,19,下関,ＧⅢ,３４２　６６３　４３６,2026-06-28,2026-07-03,20,若松,一般,５　２５４　３３４　３１,2026-06-12,2026-06-17,22,福岡,ＧⅢ,４５４　１６４　４６４,5314,中曽 瑠華,2026-08-18,2026-08-23,16,児島,一般,６　４５６　４５３　５６,2026-08-08,2026-08-11,05,多摩川,一般,５４６　４　３２,2026-07-25,2026-07-30,04,平和島,一般,５５５　５　６６６　５５,2026-07-18,2026-07-21,20,若松,一般,５３５５６　４,2026-07-07,2026-07-12,11,びわこ,一般,３５５　６　５６１　５３,5370,日隈 茜,2026-08-24,2026-08-29,10,三国,一般,６６６　６　６６６　６,2026-08-10,2026-08-15,21,芦屋,一般,６　６６６　６６６　６,2026-07-28,2026-08-02,15,丸亀,一般,　　　　　　　　６　６５,2026-07-25,2026-07-29,20,若松,一般,６　６５６６６　６５,2026-05-15,2026-05-18,13,尼崎,一般,６,4893,渡邉 真奈美,2026-08-18,2026-08-23,16,児島,一般,１３２　３６２　１６１４,2026-08-06,2026-08-11,18,徳山,ＧⅠ,６　４　２４５　１２６,2026-07-25,2026-07-30,04,平和島,一般,６５４　３　２２５　２２,2026-07-10,2026-07-15,06,浜名湖,一般,２６４　５２６　２　６６,2026-06-17,2026-06-20,07,蒲郡,一般,５　４３５１５１
202609070407,2026-09-07,04,07R,4414,大澤 真菜,2026-08-08,2026-08-11,05,多摩川,一般,１６６　６５６,2026-07-24,2026-07-27,06,浜名湖,一般,６　４５５６５,2026-07-13,2026-07-18,13,尼崎,ＧⅢ,３　６５４　２３５６３６,2026-06-28,2026-07-03,20,若松,一般,２　５６２６４　５　５６,2026-06-14,2026-06-18,01,桐生,一般,５　６４５　６　６１,4387,平山 智加,2026-08-24,2026-08-29,10,三国,一般,５２１２１４１　３２[２],2026-08-06,2026-08-11,18,徳山,ＧⅠ,２２４　１３１　１　[５],2026-07-27,2026-07-31,19,下関,一般,１　３５１３５５２２,2026-07-15,2026-07-19,17,宮島,一般,１５５５２４４　３２,2026-07-03,2026-07-08,13,尼崎,一般,１６４　３１５１３６１５,3551,藤田 美代,2026-08-18,2026-08-23,16,児島,一般,５　３４４　２４２　５３,2026-07-28,2026-08-02,15,丸亀,一般,２　２６５　５５５　１３,2026-07-14,2026-07-19,21,芦屋,一般,５４４　３１６　４４５,2026-06-03,2026-06-08,21,芦屋,一般,４　６６６　５６４　２６,2026-05-25,2026-05-30,17,宮島,一般,５６３　４６４　５５１４,4186,小川 時光,2026-08-30,2026-09-03,08,常滑,一般,３　３３６　１４６,2026-08-20,2026-08-23,02,戸田,一般,　　　　　　１５,2026-08-12,2026-08-17,02,戸田,一般,５　６２１　５６４６６５,2026-08-03,2026-08-08,19,下関,一般,５３６　６６２　６　５,2026-07-20,2026-07-25,15,丸亀,一般,６　３６５　２６６　４５,5361,植竹 玲奈,2026-08-18,2026-08-23,16,児島,一般,６　６６３　５５４　５５,2026-08-08,2026-08-11,05,多摩川,一般,６　６　６６５６,2026-07-25,2026-07-30,04,平和島,一般,３　６２４　２５５５３５,2026-07-09,2026-07-13,14,鳴門,一般,３　３６４６４　６,2026-06-24,2026-06-28,04,平和島,一般,６　５６２４５４,4240,今井 裕梨,2026-08-24,2026-08-29,10,三国,一般,４４３１１４２　３３５１,2026-08-11,2026-08-16,01,桐生,一般,２１１　４２４３４　１３,2026-07-31,2026-08-05,01,桐生,ＧⅢ,２６５　１１１３１５３３,2026-07-24,2026-07-27,06,浜名湖,一般,２６１　５６５３,2026-07-12,2026-07-16,05,多摩川,一般,６６５
202609070408,2026-09-07,04,08R,4275,菅野 はやか,2026-07-31,2026-08-05,01,桐生,ＧⅢ,４　５４６　４２転　５４,2026-07-13,2026-07-18,13,尼崎,ＧⅢ,６３４　２３６　２　２２,2026-06-26,2026-07-01,17,宮島,一般,　　　　　　　　３５３,2026-06-13,2026-06-16,06,浜名湖,一般,６４５　４５４５,2026-05-30,2026-06-03,12,住之江,一般,６　６５５６３　６,4283,石井 裕美,2026-08-25,2026-08-30,09,津,一般,３４３　６　５６４　５４,2026-08-11,2026-08-16,04,平和島,一般,３５４　５　４５４　４５,2026-07-19,2026-07-24,19,下関,ＧⅢ,３５６　１　５４２　６５,2026-07-09,2026-07-13,16,児島,一般,３５４５５　６　３,2026-05-30,2026-06-04,05,多摩川,ＧⅢ,３５３　５６３　４　３３,5165,小林 愛実,2026-08-25,2026-08-30,09,津,一般,３　３３３　２３１６１２,2026-08-18,2026-08-23,16,児島,一般,　　　　　　　　　　３５,2026-08-08,2026-08-13,16,児島,一般,６２２　４１３　１５６４,2026-07-25,2026-07-30,04,平和島,一般,３　２５５３１　４４１３,2026-07-07,2026-07-12,11,びわこ,一般,５落２　４　３４２　５１,4847,佐藤 隆太郎,2026-08-25,2026-08-30,01,桐生,ＳＧ,５　６　４６６　５６６,2026-08-09,2026-08-15,03,江戸川,一般,３６１　２１３　１　[１],2026-07-28,2026-08-02,11,びわこ,ＳＧ,５　６　２２６　１３５,2026-07-22,2026-07-26,13,尼崎,一般,２１２２１２５１[５],2026-07-13,2026-07-18,07,蒲郡,ＧⅡ,６　５３２　３１３　１２,5454,谷島 咲希,2026-08-12,2026-08-17,02,戸田,一般,５　５６６　５５６５５,2026-07-31,2026-08-05,05,多摩川,一般,６　６６６　６６６　６６,2026-07-07,2026-07-12,08,常滑,一般,２４６　６５６　６６６,2026-06-20,2026-06-25,06,浜名湖,一般,６　６５５　５４６　６６,2026-05-28,2026-06-02,01,桐生,一般,６　５　６６６４６,4536,喜井 つかさ,2026-08-18,2026-08-23,16,児島,一般,２　２１２２１３３F落,2026-08-06,2026-08-11,18,徳山,ＧⅠ,４　５５４　２　５５６,2026-07-28,2026-08-02,15,丸亀,一般,２　３３４４４６１４１２,2026-07-19,2026-07-24,19,下関,ＧⅢ,１　１４２２２４２４３３,2026-07-09,2026-07-13,16,児島,一般,１５６　４１３４１３
202609070409,2026-09-07,04,09R,4289,落合 直子,2026-08-17,2026-08-20,20,若松,一般,４１２６２４３２,2026-08-06,2026-08-11,18,徳山,ＧⅠ,３　２　３５２　６　４６,2026-07-21,2026-07-26,23,からつ,一般,１２３　１３４　１４２５,2026-06-12,2026-06-17,22,福岡,ＧⅢ,５　１１４３１５３５１６,2026-05-30,2026-06-04,05,多摩川,ＧⅢ,４１６　１２４　５２１,4854,大橋 由珠,2026-08-24,2026-08-29,13,尼崎,一般,６　２６４５６　４　２,2026-07-12,2026-07-16,05,多摩川,一般,６　３４５２６　５,2026-06-30,2026-07-05,23,からつ,一般,６　３４２　３転３３５２,2026-06-09,2026-06-13,07,蒲郡,一般,５　F４６　４　４,2026-05-12,2026-05-16,04,平和島,一般,２５２　６３５　４３,3993,永井 聖美,2026-08-12,2026-08-17,24,大村,ＧⅢ,３５３　２２妨　１　２１,2026-07-31,2026-08-04,13,尼崎,一般,５　２１５５４　６４,2026-07-14,2026-07-19,21,芦屋,一般,３３３　６６３　３　４５,2026-06-24,2026-06-28,04,平和島,一般,２２１　３５５１,2026-06-13,2026-06-16,06,浜名湖,一般,３６６５４　２２,5320,岩崎 麗子,2026-08-24,2026-08-29,10,三国,一般,転　６６２　１　６５４,2026-08-11,2026-08-16,01,桐生,一般,６　３　５５６　５１４,2026-07-25,2026-07-29,20,若松,一般,３６６　１６５６４,2026-07-13,2026-07-18,13,尼崎,ＧⅢ,４　３５２　４５６　４,2026-06-24,2026-06-29,12,住之江,一般,４３４　３５４　４　４４,4478,櫻本 あゆみ,2026-08-24,2026-08-29,10,三国,一般,１６１２２　２２２２[４],2026-08-06,2026-08-11,18,徳山,ＧⅠ,３　５５３　１　３４５,2026-07-19,2026-07-24,19,下関,ＧⅢ,１６５１１　２１１３２１,2026-07-07,2026-07-12,02,戸田,ＧⅡ,４　６　５４６　５６５,2026-06-20,2026-06-25,06,浜名湖,一般,３　４２６　３６５５エ５,4090,中村 尊,2026-08-27,2026-09-01,07,蒲郡,一般,３２１　１３３５４２[４],2026-08-16,2026-08-19,14,鳴門,一般,３１２２３６４６,2026-07-18,2026-07-21,04,平和島,一般,２２,2026-06-30,2026-07-04,19,下関,一般,２１１５２　２１[４],2026-06-19,2026-06-24,11,びわこ,一般,５２１　２１２５２４１４
202609070410,2026-09-07,04,10R,4927,関野 文,2026-08-24,2026-08-29,10,三国,一般,１３６　２３２５５　４１,2026-08-12,2026-08-17,24,大村,ＧⅢ,１６３　４１３１２４４２,2026-07-31,2026-08-05,01,桐生,ＧⅢ,５　１３１５３２１２[３],2026-07-17,2026-07-20,02,戸田,一般,５　１６６５４,2026-07-03,2026-07-08,13,尼崎,一般,４　２１２３２　３３２３,4730,土屋 実沙希,2026-08-16,2026-08-19,14,鳴門,一般,４１２　２３２２,2026-08-07,2026-08-11,15,丸亀,一般,３２６　１１３５１５,2026-07-22,2026-07-26,08,常滑,一般,３６４４３　１　３２,2026-07-03,2026-07-08,12,住之江,一般,１　３２３　４５１２５４,2026-06-19,2026-06-24,11,びわこ,一般,４　３転４４４　１　２５,4791,黒澤 めぐみ,2026-08-24,2026-08-29,10,三国,一般,１　２３６５１　２６３３,2026-08-12,2026-08-17,24,大村,ＧⅢ,２２２　２３５３２３３１,2026-07-14,2026-07-19,01,桐生,一般,２２２　４５４　２１４,2026-06-28,2026-07-03,20,若松,一般,１　６３３３１１２３３２,2026-06-18,2026-06-23,02,戸田,一般,２５３　３２３１４４５６,4175,川尻 泰輔,2026-08-16,2026-08-19,14,鳴門,一般,１４３１６４２２,2026-08-04,2026-08-09,12,住之江,一般,５　１２５　２２４５１５,2026-07-27,2026-07-31,19,下関,一般,１６２　２５４４１３,2026-07-12,2026-07-16,05,多摩川,一般,３４５　４１１　３１,2026-06-19,2026-06-24,11,びわこ,一般,１　２２６５６　１３４,5264,登 みひ果,2026-08-25,2026-08-30,17,宮島,一般,３５６　１　１１１２[５],2026-07-13,2026-07-18,13,尼崎,ＧⅢ,１５５　３１４　６４４４,2026-07-03,2026-07-08,13,尼崎,一般,６３３　６４６　６　２,2026-06-18,2026-06-23,02,戸田,一般,１　１６F　５　６　５,2026-06-09,2026-06-14,11,びわこ,一般,２４１　６５５　３２３４,4525,真子 奈津実,2026-08-18,2026-08-23,16,児島,一般,２１４　５５１　１４１５,2026-07-28,2026-07-31,24,大村,一般,２　２５５５４,2026-07-19,2026-07-24,19,下関,ＧⅢ,３４２　６６３　４３６,2026-06-28,2026-07-03,20,若松,一般,５　２５４　３３４　３１,2026-06-12,2026-06-17,22,福岡,ＧⅢ,４５４　１６４　４６４
202609070411,2026-09-07,04,11R,3845,中谷 朋子,2026-08-25,2026-08-30,09,津,一般,２　２５２　３６１２[４],2026-07-31,2026-08-05,01,桐生,ＧⅢ,１　２４４　２２３５１５,2026-07-13,2026-07-18,13,尼崎,ＧⅢ,２　１１１２４　３１[１],2026-07-05,2026-07-09,24,大村,一般,４２１６５５欠,2026-06-17,2026-06-20,07,蒲郡,一般,２　５３６２３２,5164,森田 梨湖,2026-08-18,2026-08-23,16,児島,一般,５　５５６,2026-07-28,2026-08-02,15,丸亀,一般,５　４５４　６５４　４,2026-07-19,2026-07-24,19,下関,ＧⅢ,４６５　４６６　５　６５,2026-05-24,2026-05-29,24,大村,一般,４　６６３　３４４　５５,2026-03-17,2026-03-22,17,宮島,一般,５１４　４２３　６　４,4690,高石 梨菜,2026-08-17,2026-08-20,20,若松,一般,３４３５３　５１,2026-07-24,2026-07-27,06,浜名湖,一般,５５２　２５２３,2026-07-11,2026-07-14,04,平和島,一般,１３５　６２６,2026-06-14,2026-06-18,01,桐生,一般,３　２　３５４１４２,2026-05-30,2026-06-04,05,多摩川,ＧⅢ,１　５４３　５３６　４２,4895,門間 雄大,2026-08-21,2026-08-26,03,江戸川,一般,４　４５F　３５５　２２,2026-08-11,2026-08-16,04,平和島,一般,１６３　３４転３１　６５,2026-07-27,2026-08-01,10,三国,一般,４４４６２６６　２　３４,2026-07-17,2026-07-22,16,児島,ＧⅢ,２５１３４　５２１４３６,2026-07-07,2026-07-12,02,戸田,ＧⅡ,５　５　２４３　４２３,4941,孫崎 百世,2026-08-24,2026-08-29,10,三国,一般,５　４４３　６　６３転,2026-08-15,2026-08-20,11,びわこ,一般,６２６　５　２５４　５２,2026-07-19,2026-07-24,19,下関,ＧⅢ,５　５４３５４　４　３５,2026-07-07,2026-07-12,11,びわこ,一般,　　　　　　　　　　５３,2026-07-01,2026-07-06,07,蒲郡,一般,４４１　２　５落６　１,4501,樋口 由加里,2026-08-25,2026-08-30,17,宮島,一般,４　４６１　４６４４６２,2026-08-12,2026-08-17,24,大村,ＧⅢ,１６２　２６５　２６３,2026-07-23,2026-07-28,21,芦屋,一般,５　３５５　６１６　５２,2026-07-01,2026-07-06,07,蒲郡,一般,４　１３１６４　６　６４,2026-06-18,2026-06-23,02,戸田,一般,５４５　４１４　６４１１
202609070412,2026-09-07,04,12R,4266,長田 頼宗,2026-08-25,2026-08-30,01,桐生,ＳＧ,３　６１５　２　１６５５,2026-08-09,2026-08-15,03,江戸川,一般,４　６１２　１２４　４１,2026-07-28,2026-08-02,11,びわこ,ＳＧ,２　１５３　４６６　６３,2026-07-07,2026-07-12,08,常滑,一般,２３２４３１２１４１[２],2026-06-23,2026-06-28,14,鳴門,ＳＧ,４　５　６１３　１５６,4882,瀧川 千依,2026-08-18,2026-08-23,16,児島,一般,３　１５２　１６４３１６,2026-07-23,2026-07-28,21,芦屋,一般,６　５６４　４６４　４６,2026-05-09,2026-05-12,20,若松,一般,５５６２６　４,2026-04-01,2026-04-06,22,福岡,一般,６　６６６　６６６　６４,2026-03-17,2026-03-22,17,宮島,一般,３　２４３　F６４　４,4240,今井 裕梨,2026-08-24,2026-08-29,10,三国,一般,４４３１１４２　３３５１,2026-08-11,2026-08-16,01,桐生,一般,２１１　４２４３４　１３,2026-07-31,2026-08-05,01,桐生,ＧⅢ,２６５　１１１３１５３３,2026-07-24,2026-07-27,06,浜名湖,一般,２６１　５６５３,2026-07-12,2026-07-16,05,多摩川,一般,６６５,5003,来田 衣織,2026-08-18,2026-08-23,16,児島,一般,５５２　１６２,2026-08-09,2026-08-14,13,尼崎,一般,６５６　５　２３５　６,2026-07-31,2026-08-05,01,桐生,ＧⅢ,５１３　転３６　６　１１,2026-07-19,2026-07-24,19,下関,ＧⅢ,落　１３５　１４４３３,2026-07-07,2026-07-12,11,びわこ,一般,３５４　６４２　６５２,5277,井上 未都,2026-08-24,2026-08-29,10,三国,一般,３１１　５６５　４　４４,2026-08-10,2026-08-15,21,芦屋,一般,４　５５３　３４４　５６,2026-07-19,2026-07-24,22,福岡,ＧⅢ,３　２　５２４　５　４５,2026-07-07,2026-07-12,08,常滑,一般,５３５　４６１　６２４３,2026-05-24,2026-05-29,24,大村,一般,１　３２６　１３４３４２,4998,中村 かなえ,2026-08-18,2026-08-23,16,児島,一般,エ　２４３５５　６６２２,2026-08-03,2026-08-08,17,宮島,一般,５２２　５２２４６５１５,2026-07-03,2026-07-08,13,尼崎,一般,２　３３３６４　３５４１,2026-06-18,2026-06-23,02,戸田,一般,４　４５４　４６２　２２,2026-05-24,2026-05-29,24,大村,一般,１　１４５　５６６　１６
202609070701,2026-09-07,07,01R,5349,宮崎 奏磨,2026-08-20,2026-08-23,04,平和島,一般,６　６６５　６６,2026-07-11,2026-07-16,03,江戸川,一般,６５３　６６６６６　６６,2026-06-30,2026-07-05,06,浜名湖,一般,６　５F６　６　転　６,2026-06-16,2026-06-21,09,津,一般,６　６６６　６　６６６６,2026-05-23,2026-05-28,10,三国,一般,５　６４６　６６６　６６,4469,土山 卓也,2026-08-28,2026-08-31,23,からつ,一般,２６５妨５　２３,2026-08-04,2026-08-09,10,三国,一般,２５３３３　１４１６２４,2026-07-27,2026-07-31,19,下関,一般,５５２　３　４４１４,2026-07-14,2026-07-19,21,芦屋,一般,５　１３３２３４１４４１,2026-06-28,2026-07-01,10,三国,一般,５２３　４１１５,3401,上田 隆章,2026-08-19,2026-08-24,19,下関,一般,２　４１２４２　４４１１,2026-08-07,2026-08-11,15,丸亀,一般,２２２　５１４６５３,2026-07-28,2026-08-02,16,児島,一般,６　５６１　３５４３１５,2026-07-18,2026-07-21,20,若松,一般,２６６　２６４２,2026-07-03,2026-07-08,13,尼崎,一般,５４１　６　３６５　６６,4016,西川 新太郎,2026-08-19,2026-08-24,19,下関,一般,１　３３４５３　４４１４,2026-08-10,2026-08-15,08,常滑,一般,６４４　５２１　３４３１,2026-08-02,2026-08-05,21,芦屋,一般,４４１　３６５６,2026-07-18,2026-07-22,10,三国,一般,１３４　３４３２[４],2026-07-03,2026-07-08,13,尼崎,一般,５　５４１４４　５４３４,3546,中里 昌志,2026-08-21,2026-08-26,06,浜名湖,一般,３６２　６５５　１　６３,2026-08-06,2026-08-09,02,戸田,一般,５４４　３　４５,2026-07-20,2026-07-25,15,丸亀,一般,２　１４３　１５３５５２,2026-07-10,2026-07-14,09,津,一般,５　５２１３５４３,2026-06-28,2026-07-03,20,若松,一般,４　５２３５６　３　２３,3773,津留 浩一郎,2026-08-20,2026-08-25,21,芦屋,一般,５　３３４　６３５　１１,2026-08-07,2026-08-11,15,丸亀,一般,６　５５６　５　６,2026-07-22,2026-07-25,24,大村,一般,１　６４５　６５,2026-07-07,2026-07-12,10,三国,ＧⅢ,３４２　５６４　５３１,2026-06-25,2026-06-29,18,徳山,一般,４　５１３　３６２３
202609070702,2026-09-07,07,02R,3652,森下 勇,2026-08-21,2026-08-26,03,江戸川,一般,６３４　４６,2026-08-06,2026-08-09,02,戸田,一般,５　３６５３６５,2026-07-24,2026-07-27,12,住之江,一般,６　４４４　２６,2026-07-09,2026-07-13,16,児島,一般,１６５６６　５６６,2026-06-26,2026-07-01,17,宮島,一般,３６５　５６１　５３４３,4523,中村 辰也,2026-08-20,2026-08-25,21,芦屋,一般,１２３４１４３　１２[２],2026-08-04,2026-08-09,10,三国,一般,４　１４５６４４３　１３,2026-07-22,2026-07-27,14,鳴門,一般,２　３４５３４５５,2026-07-10,2026-07-15,23,からつ,一般,２　３５１３１２１３２２,2026-06-24,2026-06-28,04,平和島,一般,４１５　５２２５,4214,林 祐介,2026-08-21,2026-08-26,06,浜名湖,一般,５２５　５５,2026-08-08,2026-08-13,16,児島,一般,４　３５４　５１３　４３,2026-07-20,2026-07-25,15,丸亀,一般,３　４４１　３４５　F４,2026-07-04,2026-07-09,01,桐生,一般,２３５　３１２５５４１４,2026-06-21,2026-06-26,16,児島,一般,６　１２３１４　１６１５,4197,渥美 卓郎,2026-08-21,2026-08-26,06,浜名湖,一般,５　１６１　６３２５２６,2026-08-06,2026-08-09,02,戸田,一般,５　５２６５１６,2026-07-23,2026-07-28,21,芦屋,一般,５５３　５３４　６　６３,2026-07-11,2026-07-16,03,江戸川,一般,４　５５４４３　４５３,2026-06-26,2026-07-01,17,宮島,一般,６　５６５,4459,片岡 雅裕,2026-07-28,2026-08-02,11,びわこ,ＳＧ,１　６５６　２　１２６,2026-07-18,2026-07-22,10,三国,一般,１１４３３　２６１６,2026-06-23,2026-06-28,14,鳴門,ＳＧ,５４３　５　４６５　４,2026-06-08,2026-06-13,13,尼崎,ＧⅠ,６　４１４　６　４５６,2026-05-29,2026-06-02,14,鳴門,一般,１２２１１２２１[１],4527,高野 心吾,2026-08-20,2026-08-23,24,大村,一般,２　５４６３２,2026-08-10,2026-08-15,08,常滑,一般,６３４　３６６　２　５２,2026-07-29,2026-08-01,18,徳山,一般,２３５１２６５６,2026-07-15,2026-07-19,17,宮島,一般,５　４１４５４　６５,2026-07-03,2026-07-06,09,津,一般,２４６　３５５５
202609070703,2026-09-07,07,03R,5366,塩嶋 泰空,2026-08-14,2026-08-19,10,三国,一般,６　６６F　６　６　４,2026-07-22,2026-07-27,14,鳴門,一般,６　６６１　６６６６５,2026-07-03,2026-07-08,12,住之江,一般,６　５６６　６６６　３,2026-06-20,2026-06-25,06,浜名湖,一般,６６６　６６６　６　６,2026-06-11,2026-06-16,03,江戸川,一般,６　５５６　６５６６６,3875,廣中 良一,2026-08-22,2026-08-26,20,若松,一般,５６２　５５１　１５,2026-08-03,2026-08-08,19,下関,一般,２　１６５　２２３６２４,2026-07-21,2026-07-26,23,からつ,一般,４　３３３４６　３　３２,2026-07-07,2026-07-12,10,三国,ＧⅢ,５　２２５　５６４　６１,2026-06-26,2026-07-02,24,大村,一般,２３２　１２６　３２１３２１,4323,山田 佑樹,2026-08-21,2026-08-26,06,浜名湖,一般,２１６　１２２２３２[５],2026-08-08,2026-08-13,16,児島,一般,３１５　５１３　沈,2026-07-22,2026-07-26,08,常滑,一般,６　２１３１２３４２,2026-07-09,2026-07-14,15,丸亀,一般,２２１３５　１３５５１５,2026-06-24,2026-06-28,04,平和島,一般,３４２　５２３１,4435,服部 達哉,2026-08-21,2026-08-26,06,浜名湖,一般,２３４６５１５　２　４３,2026-08-10,2026-08-15,08,常滑,一般,４　２６１　４５６５１,2026-07-28,2026-08-02,15,丸亀,一般,４５１　６５２　３　５１,2026-07-17,2026-07-22,16,児島,ＧⅢ,１２６　１５３６４５１５,2026-07-10,2026-07-13,19,下関,一般,６２２　２６４,4914,吉田 裕平,2026-07-28,2026-08-02,11,びわこ,ＳＧ,１４５　１　４２６　１５,2026-07-18,2026-07-23,09,津,ＧⅢ,３　２３１１１　１　[２],2026-07-07,2026-07-12,20,若松,ＧⅢ,１５５　４２１１１５４１,2026-06-23,2026-06-28,14,鳴門,ＳＧ,２５６　４　１６５１６,2026-06-13,2026-06-18,08,常滑,ＧⅠ,２１３　４２３　５　１３,4219,本岡 勝利,2026-08-20,2026-08-25,21,芦屋,一般,４５４　３　４５５　４６,2026-08-04,2026-08-09,10,三国,一般,２　４６３２６　５４３４,2026-06-28,2026-07-03,20,若松,一般,５４３　４６２　４　５４,2026-06-09,2026-06-14,23,からつ,一般,６６３　４　４４５４５,2026-05-25,2026-05-31,03,江戸川,一般,F４４　４２４　３　３５４３
202609070704,2026-09-07,07,04R,3981,今坂 晃広,2026-08-21,2026-08-26,06,浜名湖,一般,１１１　２５４４４３１４,2026-08-08,2026-08-11,05,多摩川,一般,３３４　５６２,2026-07-28,2026-07-31,24,大村,一般,４　６５４　６５,2026-07-15,2026-07-19,17,宮島,一般,２２６　５５３　１２,2026-07-02,2026-07-06,21,芦屋,一般,２６３　６６３　４６,4693,松下 誉士,2026-08-21,2026-08-26,03,江戸川,一般,２　２６２　４２５　４２,2026-08-05,2026-08-10,09,津,一般,５　３６３　６５６　６５,2026-07-15,2026-07-20,18,徳山,一般,４４１　６６５　３　５４,2026-06-29,2026-07-04,08,常滑,一般,５４３　５４５　６　４４,2026-06-21,2026-06-24,10,三国,一般,６５５　６　３５,4151,下河 誉史,2026-08-26,2026-08-31,11,びわこ,一般,２５３　４６１　６１５,2026-08-12,2026-08-17,22,福岡,一般,４６１　２３３３３３５２,2026-08-03,2026-08-08,19,下関,一般,３　４２２４５　２３３６,2026-07-27,2026-08-01,09,津,一般,６　１３,2026-07-10,2026-07-15,22,福岡,一般,３　１３２　１２３３３１,4362,土屋 智則,2026-08-25,2026-08-30,01,桐生,ＳＧ,２　２　３３３　３　６１,2026-08-11,2026-08-16,01,桐生,一般,４　２２１１２　３　転２,2026-07-31,2026-08-05,05,多摩川,一般,３　３２２３４１３３１１,2026-07-21,2026-07-26,23,からつ,一般,４６１１３　４１２３６１,2026-07-07,2026-07-12,20,若松,ＧⅢ,３３２４５　６２１　１５,4365,盛本 真輔,2026-08-21,2026-08-26,06,浜名湖,一般,３２５２３１４　６３２３,2026-08-09,2026-08-14,13,尼崎,一般,１　６３４　６５１１３５,2026-08-02,2026-08-05,21,芦屋,一般,５　３１２５５６,2026-07-21,2026-07-26,23,からつ,一般,５　４２４１５　１　２３,2026-07-05,2026-07-09,05,多摩川,一般,２１２５２　４２[６],3660,長谷川 親王,2026-08-17,2026-08-21,15,丸亀,一般,４６６　５　５３５,2026-08-04,2026-08-09,10,三国,一般,６５６　１　４４３２５１,2026-07-22,2026-07-27,14,鳴門,一般,１　４５２５３　３３３３,2026-07-09,2026-07-14,15,丸亀,一般,５４３　５６５　２　４５,2026-06-28,2026-07-03,20,若松,一般,５　６３２　５６２　５
202609070705,2026-09-07,07,05R,3825,宮嵜 隆太郎,2026-08-21,2026-08-26,06,浜名湖,一般,６４５　４F６　６　５５,2026-08-09,2026-08-14,23,からつ,一般,６　６３２３３　６　３３,2026-07-28,2026-08-02,15,丸亀,一般,６　６６４　２６６　３,2026-07-14,2026-07-19,21,芦屋,一般,４　６６６　５６６　６,2026-07-03,2026-07-08,12,住之江,一般,１　３１６　６１６６１１,3680,森林 太,2026-08-22,2026-08-26,20,若松,一般,６１６３３　６３２,2026-08-11,2026-08-16,19,下関,一般,１５５　５２６５５　１,2026-07-29,2026-08-01,18,徳山,一般,５２６　６　３４,2026-07-15,2026-07-21,12,住之江,一般,４４２　４２４　２６５６３,2026-07-07,2026-07-12,10,三国,ＧⅢ,４　２５３３５４２　６欠,3679,飯島 昌弘,2026-08-24,2026-08-28,15,丸亀,一般,１４落　４３４５２１,2026-08-12,2026-08-17,02,戸田,一般,２２１　５２２　３３[３],2026-07-29,2026-08-03,22,福岡,一般,１　４３２２２５２３３１,2026-07-18,2026-07-21,04,平和島,一般,３１３３２　[５],2026-07-07,2026-07-12,20,若松,ＧⅢ,２１４　２３５２３４１３,3773,津留 浩一郎,2026-08-20,2026-08-25,21,芦屋,一般,５　３３４　６３５　１１,2026-08-07,2026-08-11,15,丸亀,一般,６　５５６　５　６,2026-07-22,2026-07-25,24,大村,一般,１　６４５　６５,2026-07-07,2026-07-12,10,三国,ＧⅢ,３４２　５６４　５３１,2026-06-25,2026-06-29,18,徳山,一般,４　５１３　３６２３,3957,大谷 直弘,2026-08-27,2026-08-31,04,平和島,一般,５４６　３５６　５２,2026-08-14,2026-08-19,10,三国,一般,６５３　３３１　１５１６,2026-08-03,2026-08-08,19,下関,一般,１６５　２６５　５５３,2026-07-19,2026-07-23,05,多摩川,一般,４２４　２３２６６６,2026-07-04,2026-07-09,01,桐生,一般,３　５３２　３４２４５４,4682,大上 卓人,2026-08-25,2026-08-30,01,桐生,ＳＧ,１　２５３　５　４　１５,2026-08-14,2026-08-19,17,宮島,一般,２４１１２　１３１４１５,2026-07-28,2026-08-02,11,びわこ,ＳＧ,１　４３５　１　２　[６],2026-07-18,2026-07-21,20,若松,一般,２４２２１２[５],2026-07-09,2026-07-14,15,丸亀,一般,２３６１３　１１５２[２]
202609070706,2026-09-07,07,06R,5064,品川 二千翔,2026-08-26,2026-08-31,11,びわこ,一般,３４１　２１３１３２[３],2026-08-11,2026-08-16,19,下関,一般,４２１５４　３２５３３４,2026-07-19,2026-07-24,22,福岡,ＧⅢ,５１６　４　２５３１３５,2026-07-11,2026-07-14,04,平和島,一般,３１１１１　[１],2026-06-30,2026-07-05,16,児島,ＧⅡ,６　４　５５２　４２４,3282,池本 輝明,2026-08-20,2026-08-23,23,からつ,一般,４３２　２４２３,2026-08-05,2026-08-10,14,鳴門,一般,２　４５３　５６５　３１,2026-07-23,2026-07-28,21,芦屋,一般,３２５　４４４　４３５６,2026-07-07,2026-07-12,10,三国,ＧⅢ,２　５５５　３３６４４,2026-06-28,2026-07-03,20,若松,一般,４６５　４５５　５　４３,4520,高倉 孝太,2026-08-26,2026-08-31,11,びわこ,一般,２　F１４　２　４　３,2026-08-14,2026-08-19,10,三国,一般,３　１４５３２４４　１１,2026-07-28,2026-08-02,16,児島,一般,３４１４４３１　１　３６,2026-07-19,2026-07-23,05,多摩川,一般,４１２４４５２５４４,2026-07-10,2026-07-15,23,からつ,一般,６３１４４６６　１　２２,4603,谷川 将太,2026-08-20,2026-08-23,24,大村,一般,１６１　１５１４,2026-08-07,2026-08-11,15,丸亀,一般,１　５２２６２　１２,2026-07-28,2026-07-31,24,大村,一般,６　１１５３１１,2026-07-18,2026-07-21,04,平和島,一般,５２１　３２２２,2026-07-04,2026-07-09,18,徳山,一般,２　３１６３３３５６２６,4237,大峯 豊,2026-08-25,2026-08-30,01,桐生,ＳＧ,４５３　３　６３３　５,2026-08-15,2026-08-20,18,徳山,一般,３１２１２１１　１２６,2026-08-07,2026-08-11,15,丸亀,一般,２３１１５３３３２１,2026-07-07,2026-07-12,02,戸田,ＧⅡ,３１２　１　２３１　[１],2026-06-23,2026-06-28,14,鳴門,ＳＧ,４２５　２　６２３３４,4197,渥美 卓郎,2026-08-21,2026-08-26,06,浜名湖,一般,５　１６１　６３２５２６,2026-08-06,2026-08-09,02,戸田,一般,５　５２６５１６,2026-07-23,2026-07-28,21,芦屋,一般,５５３　５３４　６　６３,2026-07-11,2026-07-16,03,江戸川,一般,４　５５４４３　４５３,2026-06-26,2026-07-01,17,宮島,一般,６　５６５
202609070707,2026-09-07,07,07R,5196,鰐部 太空海,2026-08-26,2026-08-31,11,びわこ,一般,３　４５６６４　５　５４,2026-07-18,2026-07-23,09,津,ＧⅢ,５F２　３３５　５　４,2026-07-05,2026-07-09,05,多摩川,一般,３５３５落欠,2026-06-13,2026-06-18,08,常滑,ＧⅠ,２　１４１　３４３　６４,2026-06-02,2026-06-08,10,三国,一般,１３４２２４１２１１[６],3945,橋口 真樹,2026-08-19,2026-08-24,19,下関,一般,４１１　４３３　２４転４,2026-08-06,2026-08-09,02,戸田,一般,６５６,2026-07-22,2026-07-25,24,大村,一般,６　３５４　２３,2026-07-07,2026-07-12,10,三国,ＧⅢ,１５５　３６２３２　２３,2026-06-17,2026-06-22,13,尼崎,一般,６　４５５,4319,三宅 潤,2026-08-28,2026-08-31,23,からつ,一般,３２３４３３３２,2026-08-13,2026-08-18,12,住之江,一般,５５５　３３４　２　１６,2026-08-07,2026-08-11,15,丸亀,一般,５４２３２５６５２５,2026-07-31,2026-08-03,20,若松,一般,１　３１５４２４,2026-07-20,2026-07-25,15,丸亀,一般,５５１６１　３５３　５３,3661,柳瀬 興志,2026-08-23,2026-08-27,18,徳山,一般,２６２１６　２５１５,2026-08-11,2026-08-16,19,下関,一般,４１３　４６４　２１５５,2026-07-29,2026-08-03,22,福岡,一般,６３４　５３１５４４２,2026-07-17,2026-07-20,02,戸田,一般,５５４　３５６５,2026-07-07,2026-07-12,10,三国,ＧⅢ,５２２　４５１４１　２５,4234,野相 弘司,2026-08-20,2026-08-23,02,戸田,一般,６４５　６　５,2026-08-04,2026-08-09,12,住之江,一般,１３６　２６６　４３２,2026-07-22,2026-07-26,08,常滑,一般,５　４５１５５　４５,2026-07-09,2026-07-13,14,鳴門,一般,４４２６３　３２２,2026-06-28,2026-07-01,10,三国,一般,４　３転,4872,山下 流心,2026-07-24,2026-07-27,12,住之江,一般,３６４　５　５５,2026-07-14,2026-07-17,24,大村,一般,２　５６５　４３,2026-06-30,2026-07-05,06,浜名湖,一般,５５F　２　５　５　６,2026-06-21,2026-06-26,16,児島,一般,１４４　３６５　２６２,2026-06-05,2026-06-10,01,桐生,一般,２４５　４２２　２５３６
202609070708,2026-09-07,07,08R,4469,土山 卓也,2026-08-28,2026-08-31,23,からつ,一般,２６５妨５　２３,2026-08-04,2026-08-09,10,三国,一般,２５３３３　１４１６２４,2026-07-27,2026-07-31,19,下関,一般,５５２　３　４４１４,2026-07-14,2026-07-19,21,芦屋,一般,５　１３３２３４１４４１,2026-06-28,2026-07-01,10,三国,一般,５２３　４１１５,4917,岩橋 裕馬,2026-08-20,2026-08-23,04,平和島,一般,２１４　３２２３,2026-08-03,2026-08-08,19,下関,一般,３５２　４４６　４　５５,2026-07-22,2026-07-26,13,尼崎,一般,１　１４５　４転,2026-07-05,2026-07-09,05,多摩川,一般,４　５１５　５１１１,2026-06-24,2026-06-29,03,江戸川,一般,４　６１４　２４５　１５,4041,小林 基樹,2026-08-21,2026-08-26,03,江戸川,一般,２５６　４３４５６　６１,2026-08-07,2026-08-11,15,丸亀,一般,１　４３５５F　４,2026-07-27,2026-07-31,19,下関,一般,１２４　３５３５２６,2026-07-15,2026-07-20,18,徳山,一般,５６３　１　３５３　２４,2026-07-02,2026-07-07,04,平和島,一般,３　３６５６５　６　６６,3652,森下 勇,2026-08-21,2026-08-26,03,江戸川,一般,６３４　４６,2026-08-06,2026-08-09,02,戸田,一般,５　３６５３６５,2026-07-24,2026-07-27,12,住之江,一般,６　４４４　２６,2026-07-09,2026-07-13,16,児島,一般,１６５６６　５６６,2026-06-26,2026-07-01,17,宮島,一般,３６５　５６１　５３４３,3876,中辻 崇人,2026-08-21,2026-08-26,06,浜名湖,一般,６５１　３１５５４６２１,2026-08-10,2026-08-15,21,芦屋,一般,１１１　３４３１１１[６],2026-07-29,2026-08-03,23,からつ,一般,３３１　３１１１４３１１,2026-04-21,2026-04-26,17,宮島,ＧⅠ,４　５５１５２　６３６,2026-04-12,2026-04-17,16,児島,一般,３５１　１５１１６１[６],3872,岡田 憲行,2026-08-20,2026-08-25,21,芦屋,一般,２３４４３５４　５　５,2026-08-07,2026-08-11,15,丸亀,一般,３５５４５６３　２,2026-07-27,2026-07-31,19,下関,一般,１　２４４３５４１２,2026-07-18,2026-07-21,20,若松,一般,４３１３１２[３],2026-07-04,2026-07-09,01,桐生,一般,５５１　４２３　１３２
202609070709,2026-09-07,07,09R,4682,大上 卓人,2026-08-25,2026-08-30,01,桐生,ＳＧ,１　２５３　５　４　１５,2026-08-14,2026-08-19,17,宮島,一般,２４１１２　１３１４１５,2026-07-28,2026-08-02,11,びわこ,ＳＧ,１　４３５　１　２　[６],2026-07-18,2026-07-21,20,若松,一般,２４２２１２[５],2026-07-09,2026-07-14,15,丸亀,一般,２３６１３　１１５２[２],4914,吉田 裕平,2026-07-28,2026-08-02,11,びわこ,ＳＧ,１４５　１　４２６　１５,2026-07-18,2026-07-23,09,津,ＧⅢ,３　２３１１１　１　[２],2026-07-07,2026-07-12,20,若松,ＧⅢ,１５５　４２１１１５４１,2026-06-23,2026-06-28,14,鳴門,ＳＧ,２５６　４　１６５１６,2026-06-13,2026-06-18,08,常滑,ＧⅠ,２１３　４２３　５　１３,3680,森林 太,2026-08-22,2026-08-26,20,若松,一般,６１６３３　６３２,2026-08-11,2026-08-16,19,下関,一般,１５５　５２６５５　１,2026-07-29,2026-08-01,18,徳山,一般,５２６　６　３４,2026-07-15,2026-07-21,12,住之江,一般,４４２　４２４　２６５６３,2026-07-07,2026-07-12,10,三国,ＧⅢ,４　２５３３５４２　６欠,4214,林 祐介,2026-08-21,2026-08-26,06,浜名湖,一般,５２５　５５,2026-08-08,2026-08-13,16,児島,一般,４　３５４　５１３　４３,2026-07-20,2026-07-25,15,丸亀,一般,３　４４１　３４５　F４,2026-07-04,2026-07-09,01,桐生,一般,２３５　３１２５５４１４,2026-06-21,2026-06-26,16,児島,一般,６　１２３１４　１６１５,4362,土屋 智則,2026-08-25,2026-08-30,01,桐生,ＳＧ,２　２　３３３　３　６１,2026-08-11,2026-08-16,01,桐生,一般,４　２２１１２　３　転２,2026-07-31,2026-08-05,05,多摩川,一般,３　３２２３４１３３１１,2026-07-21,2026-07-26,23,からつ,一般,４６１１３　４１２３６１,2026-07-07,2026-07-12,20,若松,ＧⅢ,３３２４５　６２１　１５,4016,西川 新太郎,2026-08-19,2026-08-24,19,下関,一般,１　３３４５３　４４１４,2026-08-10,2026-08-15,08,常滑,一般,６４４　５２１　３４３１,2026-08-02,2026-08-05,21,芦屋,一般,４４１　３６５６,2026-07-18,2026-07-22,10,三国,一般,１３４　３４３２[４],2026-07-03,2026-07-08,13,尼崎,一般,５　５４１４４　５４３４
202609070710,2026-09-07,07,10R,4459,片岡 雅裕,2026-07-28,2026-08-02,11,びわこ,ＳＧ,１　６５６　２　１２６,2026-07-18,2026-07-22,10,三国,一般,１１４３３　２６１６,2026-06-23,2026-06-28,14,鳴門,ＳＧ,５４３　５　４６５　４,2026-06-08,2026-06-13,13,尼崎,ＧⅠ,６　４１４　６　４５６,2026-05-29,2026-06-02,14,鳴門,一般,１２２１１２２１[１],5064,品川 二千翔,2026-08-26,2026-08-31,11,びわこ,一般,３４１　２１３１３２[３],2026-08-11,2026-08-16,19,下関,一般,４２１５４　３２５３３４,2026-07-19,2026-07-24,22,福岡,ＧⅢ,５１６　４　２５３１３５,2026-07-11,2026-07-14,04,平和島,一般,３１１１１　[１],2026-06-30,2026-07-05,16,児島,ＧⅡ,６　４　５５２　４２４,3546,中里 昌志,2026-08-21,2026-08-26,06,浜名湖,一般,３６２　６５５　１　６３,2026-08-06,2026-08-09,02,戸田,一般,５４４　３　４５,2026-07-20,2026-07-25,15,丸亀,一般,２　１４３　１５３５５２,2026-07-10,2026-07-14,09,津,一般,５　５２１３５４３,2026-06-28,2026-07-03,20,若松,一般,４　５２３５６　３　２３,4323,山田 佑樹,2026-08-21,2026-08-26,06,浜名湖,一般,２１６　１２２２３２[５],2026-08-08,2026-08-13,16,児島,一般,３１５　５１３　沈,2026-07-22,2026-07-26,08,常滑,一般,６　２１３１２３４２,2026-07-09,2026-07-14,15,丸亀,一般,２２１３５　１３５５１５,2026-06-24,2026-06-28,04,平和島,一般,３４２　５２３１,4693,松下 誉士,2026-08-21,2026-08-26,03,江戸川,一般,２　２６２　４２５　４２,2026-08-05,2026-08-10,09,津,一般,５　３６３　６５６　６５,2026-07-15,2026-07-20,18,徳山,一般,４４１　６６５　３　５４,2026-06-29,2026-07-04,08,常滑,一般,５４３　５４５　６　４４,2026-06-21,2026-06-24,10,三国,一般,６５５　６　３５,3679,飯島 昌弘,2026-08-24,2026-08-28,15,丸亀,一般,１４落　４３４５２１,2026-08-12,2026-08-17,02,戸田,一般,２２１　５２２　３３[３],2026-07-29,2026-08-03,22,福岡,一般,１　４３２２２５２３３１,2026-07-18,2026-07-21,04,平和島,一般,３１３３２　[５],2026-07-07,2026-07-12,20,若松,ＧⅢ,２１４　２３５２３４１３
202609070711,2026-09-07,07,11R,4237,大峯 豊,2026-08-25,2026-08-30,01,桐生,ＳＧ,４５３　３　６３３　５,2026-08-15,2026-08-20,18,徳山,一般,３１２１２１１　１２６,2026-08-07,2026-08-11,15,丸亀,一般,２３１１５３３３２１,2026-07-07,2026-07-12,02,戸田,ＧⅡ,３１２　１　２３１　[１],2026-06-23,2026-06-28,14,鳴門,ＳＧ,４２５　２　６２３３４,3825,宮嵜 隆太郎,2026-08-21,2026-08-26,06,浜名湖,一般,６４５　４F６　６　５５,2026-08-09,2026-08-14,23,からつ,一般,６　６３２３３　６　３３,2026-07-28,2026-08-02,15,丸亀,一般,６　６６４　２６６　３,2026-07-14,2026-07-19,21,芦屋,一般,４　６６６　５６６　６,2026-07-03,2026-07-08,12,住之江,一般,１　３１６　６１６６１１,5196,鰐部 太空海,2026-08-26,2026-08-31,11,びわこ,一般,３　４５６６４　５　５４,2026-07-18,2026-07-23,09,津,ＧⅢ,５F２　３３５　５　４,2026-07-05,2026-07-09,05,多摩川,一般,３５３５落欠,2026-06-13,2026-06-18,08,常滑,ＧⅠ,２　１４１　３４３　６４,2026-06-02,2026-06-08,10,三国,一般,１３４２２４１２１１[６],4151,下河 誉史,2026-08-26,2026-08-31,11,びわこ,一般,２５３　４６１　６１５,2026-08-12,2026-08-17,22,福岡,一般,４６１　２３３３３３５２,2026-08-03,2026-08-08,19,下関,一般,３　４２２４５　２３３６,2026-07-27,2026-08-01,09,津,一般,６　１３,2026-07-10,2026-07-15,22,福岡,一般,３　１３２　１２３３３１,4523,中村 辰也,2026-08-20,2026-08-25,21,芦屋,一般,１２３４１４３　１２[２],2026-08-04,2026-08-09,10,三国,一般,４　１４５６４４３　１３,2026-07-22,2026-07-27,14,鳴門,一般,２　３４５３４５５,2026-07-10,2026-07-15,23,からつ,一般,２　３５１３１２１３２２,2026-06-24,2026-06-28,04,平和島,一般,４１５　５２２５,4435,服部 達哉,2026-08-21,2026-08-26,06,浜名湖,一般,２３４６５１５　２　４３,2026-08-10,2026-08-15,08,常滑,一般,４　２６１　４５６５１,2026-07-28,2026-08-02,15,丸亀,一般,４５１　６５２　３　５１,2026-07-17,2026-07-22,16,児島,ＧⅢ,１２６　１５３６４５１５,2026-07-10,2026-07-13,19,下関,一般,６２２　２６４
202609070712,2026-09-07,07,12R,3876,中辻 崇人,2026-08-21,2026-08-26,06,浜名湖,一般,６５１　３１５５４６２１,2026-08-10,2026-08-15,21,芦屋,一般,１１１　３４３１１１[６],2026-07-29,2026-08-03,23,からつ,一般,３３１　３１１１４３１１,2026-04-21,2026-04-26,17,宮島,ＧⅠ,４　５５１５２　６３６,2026-04-12,2026-04-17,16,児島,一般,３５１　１５１１６１[６],4527,高野 心吾,2026-08-20,2026-08-23,24,大村,一般,２　５４６３２,2026-08-10,2026-08-15,08,常滑,一般,６３４　３６６　２　５２,2026-07-29,2026-08-01,18,徳山,一般,２３５１２６５６,2026-07-15,2026-07-19,17,宮島,一般,５　４１４５４　６５,2026-07-03,2026-07-06,09,津,一般,２４６　３５５５,3660,長谷川 親王,2026-08-17,2026-08-21,15,丸亀,一般,４６６　５　５３５,2026-08-04,2026-08-09,10,三国,一般,６５６　１　４４３２５１,2026-07-22,2026-07-27,14,鳴門,一般,１　４５２５３　３３３３,2026-07-09,2026-07-14,15,丸亀,一般,５４３　５６５　２　４５,2026-06-28,2026-07-03,20,若松,一般,５　６３２　５６２　５,4520,高倉 孝太,2026-08-26,2026-08-31,11,びわこ,一般,２　F１４　２　４　３,2026-08-14,2026-08-19,10,三国,一般,３　１４５３２４４　１１,2026-07-28,2026-08-02,16,児島,一般,３４１４４３１　１　３６,2026-07-19,2026-07-23,05,多摩川,一般,４１２４４５２５４４,2026-07-10,2026-07-15,23,からつ,一般,６３１４４６６　１　２２,4219,本岡 勝利,2026-08-20,2026-08-25,21,芦屋,一般,４５４　３　４５５　４６,2026-08-04,2026-08-09,10,三国,一般,２　４６３２６　５４３４,2026-06-28,2026-07-03,20,若松,一般,５４３　４６２　４　５４,2026-06-09,2026-06-14,23,からつ,一般,６６３　４　４４５４５,2026-05-25,2026-05-31,03,江戸川,一般,F４４　４２４　３　３５４３,3945,橋口 真樹,2026-08-19,2026-08-24,19,下関,一般,４１１　４３３　２４転４,2026-08-06,2026-08-09,02,戸田,一般,６５６,2026-07-22,2026-07-25,24,大村,一般,６　３５４　２３,2026-07-07,2026-07-12,10,三国,ＧⅢ,１５５　３６２３２　２３,2026-06-17,2026-06-22,13,尼崎,一般,６　４５５
202609070901,2026-09-07,09,01R,4547,中田 竜太,2026-08-25,2026-08-30,01,桐生,ＳＧ,５　６　１１４　１３６１,2026-08-12,2026-08-17,02,戸田,一般,１転４　２２３１３　２４,2026-07-28,2026-08-02,11,びわこ,ＳＧ,６　５　６５４　５欠,2026-07-19,2026-07-23,05,多摩川,一般,２３１１２１３２[５],2026-07-07,2026-07-12,02,戸田,ＧⅡ,１　２２３　４６５　４２,4713,白神 優,2026-08-24,2026-08-29,13,尼崎,一般,３１４３３　１４３５１６,2026-08-17,2026-08-20,20,若松,一般,１５３２４３１２,2026-08-08,2026-08-13,16,児島,一般,４　５２１５３３１　１３,2026-07-22,2026-07-27,14,鳴門,一般,転５２　１５２１１２[３],2026-06-13,2026-06-18,08,常滑,ＧⅠ,６　３４２　４１３４４,4804,高田 ひかる,2026-08-24,2026-08-29,13,尼崎,一般,１１３５エ　１３１F３,2026-08-15,2026-08-20,09,津,一般,１５３１１１３　４１[３],2026-08-06,2026-08-11,18,徳山,ＧⅠ,２５５　３　４６３　４２,2026-07-27,2026-08-01,10,三国,一般,２４２　５６３２２　４６,2026-07-13,2026-07-18,13,尼崎,ＧⅢ,６６２２２　３１２２[６],4743,木村 仁紀,2026-08-24,2026-08-28,15,丸亀,一般,２２３５１３４３５１,2026-08-15,2026-08-20,11,びわこ,一般,５５２５１２１　２３１４,2026-08-03,2026-08-08,17,宮島,一般,５４２５４２３　１　４３,2026-07-23,2026-07-27,01,桐生,一般,１４２４１３１３２１,2026-07-12,2026-07-16,05,多摩川,一般,４１２３４１２２[５],4980,佐々木 完太,2026-08-21,2026-08-26,06,浜名湖,一般,１２１１３　１１１１[１],2026-08-11,2026-08-16,19,下関,一般,２４１２２２１　４１[２],2026-07-28,2026-08-02,11,びわこ,ＳＧ,１１１　６　１６５　１６,2026-06-30,2026-07-05,16,児島,ＧⅡ,３１２　２　６５,2026-06-13,2026-06-18,08,常滑,ＧⅠ,４１６　６　１１１　[３],4468,大池 佑来,2026-08-24,2026-08-29,13,尼崎,一般,３３３　４４３４１　５１,2026-08-15,2026-08-20,05,多摩川,一般,２　２２３３２１３２[４],2026-07-07,2026-07-12,02,戸田,ＧⅡ,１２１　６　１４２　[３],2026-06-25,2026-06-30,01,桐生,ＧⅢ,１　２２４２５１５３１１,2026-06-18,2026-06-21,04,平和島,一般,１６２１１２[１]
202609070902,2026-09-07,09,02R,4415,下出 卓矢,2026-08-24,2026-08-29,13,尼崎,一般,５３４　２２３６５１２３,2026-08-14,2026-08-19,10,三国,一般,１４F５４　５　６　２,2026-08-06,2026-08-09,02,戸田,一般,４６５３１３１１,2026-07-27,2026-08-01,10,三国,一般,１３４５１　１１６２[２],2026-07-12,2026-07-16,05,多摩川,一般,１６６６１１２６１２,4472,尾嶋 一広,2026-08-20,2026-08-23,02,戸田,一般,４２５　１５２転,2026-08-09,2026-08-14,13,尼崎,一般,３　１２１４５　１　[３],2026-07-23,2026-07-28,03,江戸川,ＧⅢ,４　１１１　５１３　[３],2026-07-15,2026-07-19,08,常滑,一般,１４５３３３２４４２,2026-07-02,2026-07-06,21,芦屋,一般,６６４１６１２３１２,4537,渡邉 和将,2026-08-22,2026-08-27,08,常滑,ＧⅢ,３６３１３１３３１２[３],2026-08-08,2026-08-13,16,児島,一般,２１３１３２３　３１４,2026-07-29,2026-08-03,22,福岡,一般,１３２　３１２６４１[５],2026-07-20,2026-07-25,15,丸亀,一般,１６２　３２１１５１[４],2026-07-10,2026-07-14,09,津,一般,３１１３３６１３２,5017,澤田 尚也,2026-08-24,2026-08-28,15,丸亀,一般,４２３１３３３２[５],2026-08-15,2026-08-20,11,びわこ,一般,１　１５２６３１６６１５,2026-08-08,2026-08-11,05,多摩川,一般,１１１３２３[２],2026-07-31,2026-08-04,13,尼崎,一般,３１２　５４１３４６,2026-07-18,2026-07-23,09,津,ＧⅢ,１６２　１１３　２　[５],4013,中島 孝平,2026-08-25,2026-08-30,01,桐生,ＳＧ,２４４　３　１５５　３６,2026-08-14,2026-08-19,10,三国,一般,４１２４１　２１３１[１],2026-07-31,2026-08-04,13,尼崎,一般,２１２１３１２１[１],2026-06-23,2026-06-28,14,鳴門,ＳＧ,２５６　３　５２５　５,2026-06-13,2026-06-18,08,常滑,ＧⅠ,３３５　３１５　１５２,5034,若林 義人,2026-08-20,2026-08-23,02,戸田,一般,２６３３２１１１,2026-08-11,2026-08-16,06,浜名湖,一般,１５３２３　２３１２[３],2026-07-30,2026-08-04,08,常滑,一般,１６１４５２２１５５１４,2026-07-18,2026-07-23,09,津,ＧⅢ,３３１　５６５　６２４,2026-07-09,2026-07-13,16,児島,一般,１５２３２１２５５２
202609070903,2026-09-07,09,03R,4772,石丸 海渡,2026-08-26,2026-08-30,14,鳴門,一般,６２１３１６１５２,2026-08-17,2026-08-21,15,丸亀,一般,１４１４６３４２[４],2026-08-03,2026-08-08,19,下関,一般,６１４２１　４１１２[３],2026-07-24,2026-07-27,06,浜名湖,一般,１３１２１２[１],2026-07-15,2026-07-19,17,宮島,一般,２２２１２３１１[３],4528,黒井 達矢,2026-08-24,2026-08-28,15,丸亀,一般,２４１１１２４１[６],2026-08-15,2026-08-20,05,多摩川,一般,６　１１１４１４２２[５],2026-06-08,2026-06-13,13,尼崎,ＧⅠ,５２１　２　１４２　[３],2026-05-29,2026-06-02,14,鳴門,一般,１１３３１４１６１４,2026-05-15,2026-05-20,20,若松,一般,２４５３５　４４５　３２,4391,松田 祐季,2026-08-24,2026-08-28,15,丸亀,一般,５１３３１１１２[２],2026-08-14,2026-08-19,10,三国,一般,１２２３２１１　３２[５],2026-08-05,2026-08-10,09,津,一般,５１１　１１１１１１[１],2026-07-22,2026-07-27,14,鳴門,一般,２５１３１４１　２１[２],2026-07-07,2026-07-12,02,戸田,ＧⅡ,４　４３１　４　１６６,4337,平本 真之,2026-08-25,2026-08-30,01,桐生,ＳＧ,５２５　３　４２３　６,2026-08-11,2026-08-16,07,蒲郡,一般,２１３３１３３５３２[５],2026-07-28,2026-08-02,11,びわこ,ＳＧ,２３５　３　５２３　２１,2026-07-20,2026-07-25,15,丸亀,一般,４２１　１１２１妨１２,2026-07-07,2026-07-12,02,戸田,ＧⅡ,４２３　３　３１２　[５],4796,春園 功太,2026-08-25,2026-08-30,17,宮島,一般,６３２　１２５４,2026-08-15,2026-08-20,09,津,一般,４６１４２　４２１５３４,2026-08-04,2026-08-09,12,住之江,一般,２　６３４　２１１６４４,2026-07-22,2026-07-26,08,常滑,一般,１４６２２１１２[５],2026-07-10,2026-07-15,06,浜名湖,一般,３　３エ４２５１５６１３,4361,柳生 泰二,2026-08-25,2026-08-30,01,桐生,ＳＧ,６１３　６　６５１　５,2026-08-11,2026-08-16,19,下関,一般,１１３１１　２１３１[１],2026-07-31,2026-08-03,20,若松,一般,２６１１１１[２],2026-07-20,2026-07-25,15,丸亀,一般,３１３１２　１３２１[２],2026-07-04,2026-07-09,18,徳山,一般,４１２１１　２３４１[３]
202609070904,2026-09-07,09,04R,4477,篠崎 仁志,2026-08-25,2026-08-30,01,桐生,ＳＧ,１　４４２　３　３　５２,2026-08-10,2026-08-15,21,芦屋,一般,５２２１６　１１３２[５],2026-07-28,2026-08-02,11,びわこ,ＳＧ,２　２　５１５　４　６４,2026-07-13,2026-07-18,07,蒲郡,ＧⅡ,５　３３３　４１３　３１,2026-06-30,2026-07-05,16,児島,ＧⅡ,３２４　２　１１１　[３],4856,豊田 健士郎,2026-08-26,2026-08-30,14,鳴門,一般,１６２１２３２６２２,2026-08-15,2026-08-20,09,津,一般,１２３　１１１２１１[２],2026-08-08,2026-08-11,05,多摩川,一般,２２５２６５１,2026-07-27,2026-07-31,19,下関,一般,２２３１２　３１[４],2026-07-13,2026-07-18,07,蒲郡,ＧⅡ,１３４　３　１５２　[１],4852,川原 祐明,2026-08-22,2026-08-27,08,常滑,ＧⅢ,４２３１６５４F４　６,2026-08-11,2026-08-16,19,下関,一般,３２１　２４３１１２[６],2026-07-28,2026-08-02,15,丸亀,一般,２１４　１１２２２１[１],2026-07-15,2026-07-20,18,徳山,一般,２５１　４１５１２３２１,2026-07-04,2026-07-09,01,桐生,一般,３３１　２２１２３１[１],3941,池田 浩二,2026-08-25,2026-08-30,01,桐生,ＳＧ,３　４６１１２　１　[３],2026-08-10,2026-08-15,08,常滑,一般,２１４１２３３１１１[１],2026-07-28,2026-08-02,11,びわこ,ＳＧ,２　４４５１３　６　１３,2026-07-13,2026-07-18,07,蒲郡,ＧⅡ,１　５２５３２　６　１３,2026-06-23,2026-06-28,14,鳴門,ＳＧ,１　２４３３４　４　４２,4456,鎌倉 涼,2026-08-06,2026-08-11,18,徳山,ＧⅠ,５１６　１　４２４　１２,2026-07-28,2026-08-02,11,びわこ,ＳＧ,４６６　６,2026-07-13,2026-07-18,13,尼崎,ＧⅢ,５１２３４　１１３３３１,2026-06-24,2026-06-29,12,住之江,一般,F　５１３　３　３　３,2026-06-13,2026-06-18,08,常滑,ＧⅠ,２　４４１　５４５１６,4953,尾上 雅也,2026-08-23,2026-08-27,18,徳山,一般,５６５４３１１　２２,2026-08-12,2026-08-17,02,戸田,一般,２２４　１１５　エ　１３,2026-08-05,2026-08-10,09,津,一般,１　１２１３２２１１[４],2026-07-27,2026-08-01,09,津,一般,１１４,2026-07-17,2026-07-22,16,児島,ＧⅢ,５６３　１３４１３３１１
202609070905,2026-09-07,09,05R,4445,宮地 元輝,2026-08-25,2026-08-30,01,桐生,ＳＧ,６　４１２　１　６　２６,2026-08-09,2026-08-14,23,からつ,一般,１６３１３　１転３４２２,2026-07-31,2026-08-03,20,若松,一般,１４１４２１[１],2026-06-23,2026-06-28,14,鳴門,ＳＧ,６　２２３　１２３　４１,2026-06-08,2026-06-13,13,尼崎,ＧⅠ,１４５　５　３４１　２３,4980,佐々木 完太,2026-08-21,2026-08-26,06,浜名湖,一般,１２１１３　１１１１[１],2026-08-11,2026-08-16,19,下関,一般,２４１２２２１　４１[２],2026-07-28,2026-08-02,11,びわこ,ＳＧ,１１１　６　１６５　１６,2026-06-30,2026-07-05,16,児島,ＧⅡ,３１２　２　６５,2026-06-13,2026-06-18,08,常滑,ＧⅠ,４１６　６　１１１　[３],4760,山崎 郡,2026-08-24,2026-08-29,13,尼崎,一般,４１１２３　１１４１[１],2026-08-13,2026-08-18,12,住之江,一般,１２２　１１１　３１[１],2026-07-28,2026-08-02,11,びわこ,ＳＧ,３　１　６５５　２１２,2026-07-14,2026-07-19,01,桐生,一般,２１２１１　２　３１[１],2026-07-05,2026-07-09,05,多摩川,一般,１１１２２２２１[１],4857,加藤 翔馬,2026-08-21,2026-08-26,03,江戸川,一般,１３４　３１２　１１２３,2026-08-09,2026-08-14,13,尼崎,一般,６３４１２　２３６　落不,2026-07-29,2026-08-03,23,からつ,一般,２４１　１３１１５１[５],2026-07-19,2026-07-24,22,福岡,ＧⅢ,４１６　１５２　３　１２,2026-07-09,2026-07-13,14,鳴門,一般,１１４３転欠,4713,白神 優,2026-08-24,2026-08-29,13,尼崎,一般,３１４３３　１４３５１６,2026-08-17,2026-08-20,20,若松,一般,１５３２４３１２,2026-08-08,2026-08-13,16,児島,一般,４　５２１５３３１　１３,2026-07-22,2026-07-27,14,鳴門,一般,転５２　１５２１１２[３],2026-06-13,2026-06-18,08,常滑,ＧⅠ,６　３４２　４１３４４,5256,中山 翔太,2026-08-24,2026-08-29,13,尼崎,一般,４５１　４１３２１２[５],2026-07-18,2026-07-23,09,津,ＧⅢ,５　１２１　１１１　[１],2026-07-07,2026-07-12,08,常滑,一般,１２６１１２１３４１[１],2026-06-29,2026-07-03,11,びわこ,一般,２４３４沈２４　６６,2026-06-17,2026-06-22,24,大村,ＧⅡ,６　４４１　５　５５６６
202609070906,2026-09-07,09,06R,5017,澤田 尚也,2026-08-24,2026-08-28,15,丸亀,一般,４２３１３３３２[５],2026-08-15,2026-08-20,11,びわこ,一般,１　１５２６３１６６１５,2026-08-08,2026-08-11,05,多摩川,一般,１１１３２３[２],2026-07-31,2026-08-04,13,尼崎,一般,３１２　５４１３４６,2026-07-18,2026-07-23,09,津,ＧⅢ,１６２　１１３　２　[５],4468,大池 佑来,2026-08-24,2026-08-29,13,尼崎,一般,３３３　４４３４１　５１,2026-08-15,2026-08-20,05,多摩川,一般,２　２２３３２１３２[４],2026-07-07,2026-07-12,02,戸田,ＧⅡ,１２１　６　１４２　[３],2026-06-25,2026-06-30,01,桐生,ＧⅢ,１　２２４２５１５３１１,2026-06-18,2026-06-21,04,平和島,一般,１６２１１２[１],4205,山口 剛,2026-08-25,2026-08-30,01,桐生,ＳＧ,３６６　３２１　４　２５,2026-08-14,2026-08-19,17,宮島,一般,１１１　２２１１２１[１],2026-07-28,2026-08-02,11,びわこ,ＳＧ,転４２　５　１６エ　５,2026-07-07,2026-07-12,02,戸田,ＧⅡ,５３１　２エ４　３　５１,2026-06-23,2026-06-28,14,鳴門,ＳＧ,３３１　２１６　５　１３,4547,中田 竜太,2026-08-25,2026-08-30,01,桐生,ＳＧ,５　６　１１４　１３６１,2026-08-12,2026-08-17,02,戸田,一般,１転４　２２３１３　２４,2026-07-28,2026-08-02,11,びわこ,ＳＧ,６　５　６５４　５欠,2026-07-19,2026-07-23,05,多摩川,一般,２３１１２１３２[５],2026-07-07,2026-07-12,02,戸田,ＧⅡ,１　２２３　４６５　４２,4415,下出 卓矢,2026-08-24,2026-08-29,13,尼崎,一般,５３４　２２３６５１２３,2026-08-14,2026-08-19,10,三国,一般,１４F５４　５　６　２,2026-08-06,2026-08-09,02,戸田,一般,４６５３１３１１,2026-07-27,2026-08-01,10,三国,一般,１３４５１　１１６２[２],2026-07-12,2026-07-16,05,多摩川,一般,１６６６１１２６１２,4739,中村 晃朋,2026-08-25,2026-08-30,17,宮島,一般,４６５１５　５３６　３３,2026-08-17,2026-08-21,15,丸亀,一般,１６２１２５３１[１],2026-08-06,2026-08-09,02,戸田,一般,１　２２１２[２],2026-07-28,2026-08-02,16,児島,一般,１５２３１２１　３１[２],2026-07-15,2026-07-21,12,住之江,一般,１３２４５　２１１５１２２２
202609070907,2026-09-07,09,07R,4743,木村 仁紀,2026-08-24,2026-08-28,15,丸亀,一般,２２３５１３４３５１,2026-08-15,2026-08-20,11,びわこ,一般,５５２５１２１　２３１４,2026-08-03,2026-08-08,17,宮島,一般,５４２５４２３　１　４３,2026-07-23,2026-07-27,01,桐生,一般,１４２４１３１３２１,2026-07-12,2026-07-16,05,多摩川,一般,４１２３４１２２[５],5112,砂長 知輝,2026-08-24,2026-08-29,13,尼崎,一般,２２３　３１２１４１[２],2026-08-12,2026-08-17,02,戸田,一般,４　１１１　１１４　３５,2026-07-28,2026-08-02,16,児島,一般,５６３２２１１　２６１２,2026-07-18,2026-07-23,09,津,ＧⅢ,１１２　３１２　F　５,2026-07-09,2026-07-14,15,丸亀,一般,３５３１２　３１２３１１,4013,中島 孝平,2026-08-25,2026-08-30,01,桐生,ＳＧ,２４４　３　１５５　３６,2026-08-14,2026-08-19,10,三国,一般,４１２４１　２１３１[１],2026-07-31,2026-08-04,13,尼崎,一般,２１２１３１２１[１],2026-06-23,2026-06-28,14,鳴門,ＳＧ,２５６　３　５２５　５,2026-06-13,2026-06-18,08,常滑,ＧⅠ,３３５　３１５　１５２,4804,高田 ひかる,2026-08-24,2026-08-29,13,尼崎,一般,１１３５エ　１３１F３,2026-08-15,2026-08-20,09,津,一般,１５３１１１３　４１[３],2026-08-06,2026-08-11,18,徳山,ＧⅠ,２５５　３　４６３　４２,2026-07-27,2026-08-01,10,三国,一般,２４２　５６３２２　４６,2026-07-13,2026-07-18,13,尼崎,ＧⅢ,６６２２２　３１２２[６],4772,石丸 海渡,2026-08-26,2026-08-30,14,鳴門,一般,６２１３１６１５２,2026-08-17,2026-08-21,15,丸亀,一般,１４１４６３４２[４],2026-08-03,2026-08-08,19,下関,一般,６１４２１　４１１２[３],2026-07-24,2026-07-27,06,浜名湖,一般,１３１２１２[１],2026-07-15,2026-07-19,17,宮島,一般,２２２１２３１１[３],4472,尾嶋 一広,2026-08-20,2026-08-23,02,戸田,一般,４２５　１５２転,2026-08-09,2026-08-14,13,尼崎,一般,３　１２１４５　１　[３],2026-07-23,2026-07-28,03,江戸川,ＧⅢ,４　１１１　５１３　[３],2026-07-15,2026-07-19,08,常滑,一般,１４５３３３２４４２,2026-07-02,2026-07-06,21,芦屋,一般,６６４１６１２３１２
202609070908,2026-09-07,09,08R,4337,平本 真之,2026-08-25,2026-08-30,01,桐生,ＳＧ,５２５　３　４２３　６,2026-08-11,2026-08-16,07,蒲郡,一般,２１３３１３３５３２[５],2026-07-28,2026-08-02,11,びわこ,ＳＧ,２３５　３　５２３　２１,2026-07-20,2026-07-25,15,丸亀,一般,４２１　１１２１妨１２,2026-07-07,2026-07-12,02,戸田,ＧⅡ,４２３　３　３１２　[５],4456,鎌倉 涼,2026-08-06,2026-08-11,18,徳山,ＧⅠ,５１６　１　４２４　１２,2026-07-28,2026-08-02,11,びわこ,ＳＧ,４６６　６,2026-07-13,2026-07-18,13,尼崎,ＧⅢ,５１２３４　１１３３３１,2026-06-24,2026-06-29,12,住之江,一般,F　５１３　３　３　３,2026-06-13,2026-06-18,08,常滑,ＧⅠ,２　４４１　５４５１６,5034,若林 義人,2026-08-20,2026-08-23,02,戸田,一般,２６３３２１１１,2026-08-11,2026-08-16,06,浜名湖,一般,１５３２３　２３１２[３],2026-07-30,2026-08-04,08,常滑,一般,１６１４５２２１５５１４,2026-07-18,2026-07-23,09,津,ＧⅢ,３３１　５６５　６２４,2026-07-09,2026-07-13,16,児島,一般,１５２３２１２５５２,4528,黒井 達矢,2026-08-24,2026-08-28,15,丸亀,一般,２４１１１２４１[６],2026-08-15,2026-08-20,05,多摩川,一般,６　１１１４１４２２[５],2026-06-08,2026-06-13,13,尼崎,ＧⅠ,５２１　２　１４２　[３],2026-05-29,2026-06-02,14,鳴門,一般,１１３３１４１６１４,2026-05-15,2026-05-20,20,若松,一般,２４５３５　４４５　３２,4537,渡邉 和将,2026-08-22,2026-08-27,08,常滑,ＧⅢ,３６３１３１３３１２[３],2026-08-08,2026-08-13,16,児島,一般,２１３１３２３　３１４,2026-07-29,2026-08-03,22,福岡,一般,１３２　３１２６４１[５],2026-07-20,2026-07-25,15,丸亀,一般,１６２　３２１１５１[４],2026-07-10,2026-07-14,09,津,一般,３１１３３６１３２,4856,豊田 健士郎,2026-08-26,2026-08-30,14,鳴門,一般,１６２１２３２６２２,2026-08-15,2026-08-20,09,津,一般,１２３　１１１２１１[２],2026-08-08,2026-08-11,05,多摩川,一般,２２５２６５１,2026-07-27,2026-07-31,19,下関,一般,２２３１２　３１[４],2026-07-13,2026-07-18,07,蒲郡,ＧⅡ,１３４　３　１５２　[１]
202609070909,2026-09-07,09,09R,3941,池田 浩二,2026-08-25,2026-08-30,01,桐生,ＳＧ,３　４６１１２　１　[３],2026-08-10,2026-08-15,08,常滑,一般,２１４１２３３１１１[１],2026-07-28,2026-08-02,11,びわこ,ＳＧ,２　４４５１３　６　１３,2026-07-13,2026-07-18,07,蒲郡,ＧⅡ,１　５２５３２　６　１３,2026-06-23,2026-06-28,14,鳴門,ＳＧ,１　２４３３４　４　４２,4857,加藤 翔馬,2026-08-21,2026-08-26,03,江戸川,一般,１３４　３１２　１１２３,2026-08-09,2026-08-14,13,尼崎,一般,６３４１２　２３６　落不,2026-07-29,2026-08-03,23,からつ,一般,２４１　１３１１５１[５],2026-07-19,2026-07-24,22,福岡,ＧⅢ,４１６　１５２　３　１２,2026-07-09,2026-07-13,14,鳴門,一般,１１４３転欠,4796,春園 功太,2026-08-25,2026-08-30,17,宮島,一般,６３２　１２５４,2026-08-15,2026-08-20,09,津,一般,４６１４２　４２１５３４,2026-08-04,2026-08-09,12,住之江,一般,２　６３４　２１１６４４,2026-07-22,2026-07-26,08,常滑,一般,１４６２２１１２[５],2026-07-10,2026-07-15,06,浜名湖,一般,３　３エ４２５１５６１３,4445,宮地 元輝,2026-08-25,2026-08-30,01,桐生,ＳＧ,６　４１２　１　６　２６,2026-08-09,2026-08-14,23,からつ,一般,１６３１３　１転３４２２,2026-07-31,2026-08-03,20,若松,一般,１４１４２１[１],2026-06-23,2026-06-28,14,鳴門,ＳＧ,６　２２３　１２３　４１,2026-06-08,2026-06-13,13,尼崎,ＧⅠ,１４５　５　３４１　２３,4477,篠崎 仁志,2026-08-25,2026-08-30,01,桐生,ＳＧ,１　４４２　３　３　５２,2026-08-10,2026-08-15,21,芦屋,一般,５２２１６　１１３２[５],2026-07-28,2026-08-02,11,びわこ,ＳＧ,２　２　５１５　４　６４,2026-07-13,2026-07-18,07,蒲郡,ＧⅡ,５　３３３　４１３　３１,2026-06-30,2026-07-05,16,児島,ＧⅡ,３２４　２　１１１　[３],4391,松田 祐季,2026-08-24,2026-08-28,15,丸亀,一般,５１３３１１１２[２],2026-08-14,2026-08-19,10,三国,一般,１２２３２１１　３２[５],2026-08-05,2026-08-10,09,津,一般,５１１　１１１１１１[１],2026-07-22,2026-07-27,14,鳴門,一般,２５１３１４１　２１[２],2026-07-07,2026-07-12,02,戸田,ＧⅡ,４　４３１　４　１６６
202609070910,2026-09-07,09,10R,4444,桐生 順平,2026-08-25,2026-08-30,01,桐生,ＳＧ,２３５　６　４１２　１３,2026-08-12,2026-08-17,02,戸田,一般,欠欠,2026-07-31,2026-08-05,05,多摩川,一般,１１２　３３１１４１[３],2026-06-23,2026-06-28,14,鳴門,ＳＧ,５　２３３　４１２　[４],2026-06-13,2026-06-18,08,常滑,ＧⅠ,６２１　５３５　５　３３,4586,磯部 誠,2026-08-25,2026-08-30,01,桐生,ＳＧ,２２１　５　３２２　[６],2026-08-11,2026-08-16,07,蒲郡,一般,１２１１１３１２２１[２],2026-07-28,2026-08-02,11,びわこ,ＳＧ,３　３２１　１　３　３１,2026-07-18,2026-07-21,20,若松,一般,２２１２２１[１],2026-07-07,2026-07-12,02,戸田,ＧⅡ,２５１　３　２２５　１４,4024,井口 佳典,2026-08-25,2026-08-30,01,桐生,ＳＧ,４　６　５４３　２２４,2026-08-15,2026-08-20,09,津,一般,１３１　５４２１１２[５],2026-08-08,2026-08-11,05,多摩川,一般,４４１１１３[４],2026-07-28,2026-08-02,11,びわこ,ＳＧ,６　３３６　３　５４６,2026-07-18,2026-07-22,10,三国,一般,１５４１５２２２[１],4512,高野 哲史,2026-08-22,2026-08-27,22,福岡,一般,２５４　１２２１３６６３,2026-08-16,2026-08-19,14,鳴門,一般,５６１３１２[６],2026-08-09,2026-08-14,13,尼崎,一般,３６１１６　３１６　２６,2026-07-29,2026-08-01,18,徳山,一般,４６１１１５３３,2026-07-14,2026-07-19,21,芦屋,一般,１６１１５　２１５２[５],4566,塩田 北斗,2026-08-24,2026-08-29,13,尼崎,一般,４２２　４３４２２１３１,2026-08-12,2026-08-17,22,福岡,一般,５５エ欠,2026-07-31,2026-08-03,20,若松,一般,３１３１３１[３],2026-06-23,2026-06-28,14,鳴門,ＳＧ,３　２　１２５　２　[５],2026-06-13,2026-06-16,06,浜名湖,一般,４１４１１２[３],4826,井上 一輝,2026-08-24,2026-08-28,15,丸亀,一般,２６１２２１４１[３],2026-08-13,2026-08-18,12,住之江,一般,３１４　５５２　１落５,2026-08-04,2026-08-09,10,三国,一般,１４５１５２１　４２[５],2026-07-24,2026-07-27,06,浜名湖,一般,５６２２１　６１,2026-07-15,2026-07-19,17,宮島,一般,１４１１１１１１[１]
202609070911,2026-09-07,09,11R,4851,関 浩哉,2026-08-25,2026-08-30,01,桐生,ＳＧ,４１落　１２６　４　２６,2026-08-11,2026-08-16,01,桐生,一般,１６３１３　１１１　[４],2026-07-28,2026-08-02,11,びわこ,ＳＧ,５１４　３４６　２３１,2026-07-18,2026-07-21,04,平和島,一般,１４２１３１[６],2026-07-07,2026-07-12,02,戸田,ＧⅡ,３１２　１６１　３　３１,5267,石本 裕武,2026-08-25,2026-08-30,17,宮島,一般,１２１１６１１　５１[２],2026-08-13,2026-08-18,12,住之江,一般,１１６　１２１１６４３２,2026-08-04,2026-08-09,10,三国,一般,１６４　１１１５３２[２],2026-07-21,2026-07-26,23,からつ,一般,１２１６１　５５２１[４],2026-06-13,2026-06-18,08,常滑,ＧⅠ,５　５５１　１４６６６,4305,金子 拓矢,2026-08-26,2026-08-30,14,鳴門,一般,１４１２１２２１[１],2026-08-15,2026-08-20,05,多摩川,一般,１４５５１１２　２３１１,2026-08-04,2026-08-09,12,住之江,一般,２２２　２１３１４２[３],2026-07-22,2026-07-25,24,大村,一般,１２１３４２[６],2026-07-11,2026-07-16,03,江戸川,一般,１４４　１５６　６１２,5015,高橋 竜矢,2026-08-26,2026-08-30,14,鳴門,一般,２３１４１３３１[４],2026-08-14,2026-08-19,17,宮島,一般,２５３５２１１　１２[２],2026-08-04,2026-08-09,10,三国,一般,３３５５１１２　１５３２,2026-07-21,2026-07-26,23,からつ,一般,２５４　１６６２,2026-07-07,2026-07-12,20,若松,ＧⅢ,４６１１２３２　１６２２,4397,西村 拓也,2026-08-26,2026-08-30,14,鳴門,一般,５１２２１４１４３２,2026-08-13,2026-08-18,12,住之江,一般,１２３　１　２４２２[４],2026-08-03,2026-08-08,04,平和島,ＧⅢ,１２２３４１２　５３１１,2026-07-23,2026-07-27,01,桐生,一般,２２１１１１２１[１],2026-07-10,2026-07-15,23,からつ,一般,３３１１２　１３２１[３],4502,遠藤 エミ,2026-08-25,2026-08-30,17,宮島,一般,１３１　２２３１５１[１],2026-08-15,2026-08-20,11,びわこ,一般,１２２６４４２　２３５３,2026-08-06,2026-08-11,18,徳山,ＧⅠ,１　５３３６２　５　１４,2026-07-28,2026-08-02,11,びわこ,ＳＧ,５６１　１１６　３１１,2026-07-19,2026-07-24,19,下関,ＧⅢ,１２３　１１３３２１[３]
202609070912,2026-09-07,09,12R,3960,菊地 孝平,2026-08-20,2026-08-23,04,平和島,一般,２２１１２１[４],2026-08-11,2026-08-16,06,浜名湖,一般,３１２　３３３１１１[２],2026-07-28,2026-08-02,11,びわこ,ＳＧ,６　６　６４３　６３３,2026-07-07,2026-07-12,02,戸田,ＧⅡ,４４１　５　３６３　１２,2026-06-13,2026-06-18,08,常滑,ＧⅠ,２１５　５　２５４　５２,4256,渡辺 浩司,2026-08-22,2026-08-27,08,常滑,ＧⅢ,１５５５３１３１３２[６],2026-08-07,2026-08-12,20,若松,一般,４　４３３４２２２１１,2026-07-29,2026-08-01,18,徳山,一般,３１１３３２[３],2026-07-22,2026-07-25,24,大村,一般,F３５,2026-07-10,2026-07-15,22,福岡,一般,２２２　１２３３５１[１],3897,白井 英治,2026-08-25,2026-08-30,01,桐生,ＳＧ,４２４　３　転３,2026-08-15,2026-08-20,18,徳山,一般,１１２４１　２１１１[１],2026-07-28,2026-08-02,11,びわこ,ＳＧ,４　５１２３３　３　２１,2026-07-18,2026-07-22,10,三国,一般,１４３４２２,2026-07-07,2026-07-12,02,戸田,ＧⅡ,６　３３１　４１６　１５,4448,青木 玄太,2026-08-26,2026-08-30,14,鳴門,一般,２２１３６１３５３,2026-08-15,2026-08-20,11,びわこ,一般,５　１４２１４２２　５３,2026-08-02,2026-08-05,21,芦屋,一般,２６３３２３１１,2026-07-22,2026-07-26,08,常滑,一般,１２１１６１３１[２],2026-07-09,2026-07-13,16,児島,一般,２３１４４３２３２１,4083,福島 勇樹,2026-08-24,2026-08-28,15,丸亀,一般,１５２６１４３４１３,2026-08-15,2026-08-20,05,多摩川,一般,４　１２１２１欠４３２２,2026-08-04,2026-08-09,12,住之江,一般,６３４　１３１４３　４１,2026-07-27,2026-07-31,19,下関,一般,１４４１１　３２[２],2026-07-02,2026-07-07,04,平和島,一般,３３１３２　３１３１[２],5084,末永 和也,2026-08-25,2026-08-30,17,宮島,一般,１４１２１３２　５１[３],2026-05-15,2026-05-20,21,芦屋,ＧⅠ,２６６　５　５３１３２,2026-05-01,2026-05-06,23,からつ,一般,１５２２１　１２２２[６],2026-04-20,2026-04-23,11,びわこ,一般,３２４１L欠,2026-04-11,2026-04-16,22,福岡,ＧⅠ,５５２　２　３１４　３１
202609071001,2026-09-07,10,01R,4394,永嶋 裕一,2026-08-20,2026-08-23,02,戸田,一般,３６２６５　２４,2026-08-10,2026-08-15,21,芦屋,一般,５１２　２３５　３１４１,2026-07-31,2026-08-03,20,若松,一般,３　３２１６３３,2026-07-20,2026-07-25,15,丸亀,一般,３　３４４１１４１５１４,2026-07-10,2026-07-15,23,からつ,一般,４６５３１　３３２　６３,4552,杉山 勝匡,2026-08-21,2026-08-24,07,蒲郡,一般,６　３５５　５２,2026-08-09,2026-08-14,23,からつ,一般,５　２６２　６６４　６,2026-07-31,2026-08-03,20,若松,一般,５４３６２　６１,2026-07-16,2026-07-21,11,びわこ,一般,６　４６４　６６３　１２,2026-07-05,2026-07-09,24,大村,一般,６６２３６　３　５２,5115,香川 颯太,2026-08-26,2026-08-30,14,鳴門,一般,４１６　５２３　１５,2026-08-15,2026-08-20,11,びわこ,一般,３　１４３５１４２１[５],2026-08-03,2026-08-08,19,下関,一般,４　３４４　１６４６１４,2026-07-24,2026-07-27,12,住之江,一般,２３１　２４３２,2026-07-09,2026-07-14,15,丸亀,一般,５２転６１　４３２　１４,4879,山崎 鉄平,2026-08-20,2026-08-23,24,大村,一般,３３３　４４１３,2026-08-09,2026-08-14,23,からつ,一般,５３３　３　３５４　１４,2026-07-23,2026-07-28,21,芦屋,一般,１　３２３６２４２６５３,2026-07-11,2026-07-16,03,江戸川,一般,１　２５２　２２４４４２,2026-06-28,2026-07-03,20,若松,一般,３　２１６　３２５　３５,4128,川口 貴久,2026-08-19,2026-08-24,19,下関,一般,６　２５３２５４３　５４,2026-08-03,2026-08-08,04,平和島,ＧⅢ,３５３　１６６　５１４,2026-07-25,2026-07-29,20,若松,一般,６５５　１４１　５２,2026-06-17,2026-06-22,05,多摩川,一般,２４３　２５２　１４４３,2026-06-04,2026-06-08,08,常滑,一般,３５１　３２２２[４],4169,多田 有佑,2026-08-21,2026-08-26,03,江戸川,一般,３５３２５　２５２　５１,2026-08-08,2026-08-11,05,多摩川,一般,５　４５６　２５,2026-07-20,2026-07-25,15,丸亀,一般,５　６５５　４４４　３５,2026-07-07,2026-07-12,02,戸田,ＧⅡ,４　２　２６４　４２６,2026-06-24,2026-06-29,09,津,一般,５５２　５６２　４４５１
202609071002,2026-09-07,10,02R,4061,萩原 秀人,2026-08-25,2026-08-30,01,桐生,ＳＧ,３　５４１　２５５１２,2026-08-14,2026-08-19,10,三国,一般,３３１１１４１　１３１１,2026-07-31,2026-08-05,06,浜名湖,ＧⅢ,１３２１４１１　２１[１],2026-07-18,2026-07-21,20,若松,一般,１３１２４１[２],2026-07-07,2026-07-12,10,三国,ＧⅢ,２１１１１１１　３１[３],4509,平見 真彦,2026-08-23,2026-08-27,18,徳山,一般,１　４３２４１３３１,2026-08-11,2026-08-16,07,蒲郡,一般,５５１　１２２　１３３２,2026-07-27,2026-07-31,19,下関,一般,４３３　５　３３２１,2026-07-15,2026-07-19,17,宮島,一般,３４３６１　１１４,2026-07-02,2026-07-07,04,平和島,一般,３　３６６２３　２１１,4340,土性 雅也,2026-08-17,2026-08-21,13,尼崎,一般,６　６　４６４６６,2026-07-31,2026-08-05,05,多摩川,一般,６　５２６５５　６　６２,2026-07-27,2026-08-01,09,津,一般,３　３５,2026-07-15,2026-07-19,08,常滑,一般,４　４５６　６１６４,2026-06-29,2026-07-03,11,びわこ,一般,６　５６５　６５２,4252,松下 哲也,2026-08-20,2026-08-23,04,平和島,一般,２１３　４６F６,2026-08-09,2026-08-14,23,からつ,一般,３　５６４４２　３２１,2026-07-29,2026-08-01,18,徳山,一般,６　５４４　２３,2026-07-21,2026-07-26,23,からつ,一般,６　２３２　１４１１[１],2026-07-15,2026-07-19,17,宮島,一般,５６４　２５５　２１,4489,岩川 仁士,2026-08-24,2026-08-28,15,丸亀,一般,４　６５４　３４３,2026-08-13,2026-08-18,12,住之江,一般,６６２４３　５　４　４４,2026-07-27,2026-08-01,09,津,一般,６　５１,2026-07-17,2026-07-20,02,戸田,一般,１２４４２　１２,2026-07-05,2026-07-09,05,多摩川,一般,５２４　２１５６１５,4346,前田 健太郎,2026-08-20,2026-08-25,21,芦屋,一般,１　４４６１３　４５２６,2026-08-03,2026-08-08,19,下関,一般,１　４F５１６　３　４,2026-07-22,2026-07-26,08,常滑,一般,５４３　１５５５３,2026-07-07,2026-07-12,20,若松,ＧⅢ,６６６　６　２４２　３２,2026-06-25,2026-06-30,13,尼崎,一般,６　１３５６１　２６３６
202609071003,2026-09-07,10,03R,4215,吉島 祥之,2026-08-20,2026-08-23,02,戸田,一般,４４２　２転,2026-08-11,2026-08-16,07,蒲郡,一般,６　１２１６３　４４１３,2026-08-03,2026-08-08,04,平和島,ＧⅢ,１　１５６３４２２６３４,2026-07-24,2026-07-29,17,宮島,一般,５２５　４２３５３　２５,2026-07-14,2026-07-17,24,大村,一般,６５４　６１５,5027,重冨 勇哉,2026-05-30,2026-06-03,12,住之江,一般,２４４　２４４　６５,2026-05-12,2026-05-16,01,桐生,一般,３　２６１６４６５３,2026-04-29,2026-05-04,19,下関,一般,F　３　３　５４３　４６,2026-04-16,2026-04-21,08,常滑,一般,５　６４１　６３F　２,2026-03-26,2026-03-31,17,宮島,一般,６　４６６　１５２　１６,3959,坪井 康晴,2026-08-25,2026-08-30,01,桐生,ＳＧ,４　１２４　３　６　１４,2026-08-11,2026-08-16,06,浜名湖,一般,１　６１３１２１３１[５],2026-07-28,2026-08-02,11,びわこ,ＳＧ,２４５　５　１４２　３４,2026-07-11,2026-07-16,03,江戸川,一般,３１３　１１５,2026-06-29,2026-07-04,08,常滑,一般,４１２２３１３２１１[２],4580,長谷川 雅和,2026-08-21,2026-08-24,07,蒲郡,一般,２３３２２５１５,2026-08-08,2026-08-13,16,児島,一般,４４１　１６２　４３[６],2026-07-24,2026-07-29,17,宮島,一般,３　５１１　３５６　２３,2026-07-09,2026-07-13,16,児島,一般,２１１　１４５１[４],2026-06-29,2026-07-03,11,びわこ,一般,１　３２５５５６２５,5037,田頭 虎親,2026-08-17,2026-08-21,15,丸亀,一般,５　５５６　１　２３,2026-08-03,2026-08-08,17,宮島,一般,１　２３１　４４４２[６],2026-07-20,2026-07-25,15,丸亀,一般,１３５　２３１　５２[３],2026-07-02,2026-07-07,04,平和島,一般,２２４　１５６　１１４６,2026-06-23,2026-06-28,07,蒲郡,一般,１５１　４３２５１３２２,5470,坂口 諒宗,2026-08-09,2026-08-14,13,尼崎,一般,５　５５６　６　６６６,2026-07-29,2026-08-01,18,徳山,一般,６　６６６　５６,2026-07-15,2026-07-21,12,住之江,一般,６　６　６６６５５　６　６６,2026-06-04,2026-06-08,08,常滑,一般,６転５　６　５　６６,2026-05-04,2026-05-09,13,尼崎,一般,６　６６５　６　４６F
202609071004,2026-09-07,10,04R,4822,百武 翔,2026-08-19,2026-08-24,19,下関,一般,２　２３１２４　１２[５],2026-08-03,2026-08-08,17,宮島,一般,３１２２３４５　１３３１,2026-07-22,2026-07-26,13,尼崎,一般,２　３１３６１３３１,2026-07-10,2026-07-15,06,浜名湖,一般,４２１　２５２６５２[３],2026-06-26,2026-07-02,24,大村,一般,２２５　４２１　２４１４２３,3730,塩崎 優司,2026-08-22,2026-08-26,20,若松,一般,１２５　４４５４５,2026-08-11,2026-08-16,07,蒲郡,一般,５５５　４２６　６　４５,2026-07-31,2026-08-05,06,浜名湖,ＧⅢ,４６５　３５５　５　４６,2026-07-15,2026-07-19,17,宮島,一般,５６５　５５５　５,2026-07-03,2026-07-08,13,尼崎,一般,３　４４３６５　６　６４,4669,井上 茂,2026-08-17,2026-08-21,15,丸亀,一般,６　５　４３５　６５,2026-08-03,2026-08-08,04,平和島,ＧⅢ,４　４１５　４３２５５６,2026-07-15,2026-07-21,12,住之江,一般,３４３　２６５　２　転３３６,2026-07-01,2026-07-06,22,福岡,一般,５　２５４　４１５４４,2026-06-21,2026-06-26,16,児島,一般,４２３　４６５　３５４,4575,戸塚 邦好,2026-08-16,2026-08-19,14,鳴門,一般,５４４３５　３４,2026-07-23,2026-07-28,03,江戸川,ＧⅢ,５　２６２　１２６　２５,2026-07-14,2026-07-17,24,大村,一般,１４１　１５４４,2026-06-28,2026-07-02,05,多摩川,一般,４３２１３３４４３６,2026-06-16,2026-06-21,18,徳山,ＧⅢ,２３５４５　４２５１１１,4166,吉田 拡郎,2026-08-25,2026-08-30,01,桐生,ＳＧ,５３２　１　５５６　４,2026-08-08,2026-08-13,16,児島,一般,１６３２３　２２３６１３,2026-07-28,2026-08-02,11,びわこ,ＳＧ,２６４　３　５１２　３２,2026-07-17,2026-07-22,16,児島,ＧⅢ,１１１　２１２１２１[１],2026-07-07,2026-07-12,02,戸田,ＧⅡ,２１２　１　４２１　[６],3812,山崎 聖司,2026-08-21,2026-08-26,03,江戸川,一般,２　３３４　１４５２６,2026-08-03,2026-08-08,17,宮島,一般,２５３　２３６３５　３６,2026-07-24,2026-07-27,02,戸田,一般,３４５　５４５,2026-07-12,2026-07-16,05,多摩川,一般,５　１６６　６３３,2026-06-30,2026-07-04,19,下関,一般,５　４転
202609071005,2026-09-07,10,05R,4709,岡村 将也,2026-08-21,2026-08-24,07,蒲郡,一般,５６５３４　５６,2026-08-12,2026-08-17,22,福岡,一般,１　３２３６４１６２[５],2026-07-03,2026-07-06,09,津,一般,２　２３３３１１,2026-06-22,2026-06-27,23,からつ,一般,２２４　２４１３１５２５,2026-06-11,2026-06-16,16,児島,一般,６　５４４　２５１　１６,3804,中渡 修作,2026-08-20,2026-08-25,21,芦屋,一般,４　３５１　２５１６２３,2026-08-12,2026-08-17,22,福岡,一般,５６５　６２１　５３２６,2026-08-03,2026-08-08,19,下関,一般,２　２５１　４５１４４５,2026-07-22,2026-07-26,08,常滑,一般,５３２　６３１　３４,2026-07-09,2026-07-13,14,鳴門,一般,５４２　４５２　４２,4731,間野 兼礼,2026-08-22,2026-08-26,20,若松,一般,３　６６４４不　４３,2026-08-11,2026-08-16,07,蒲郡,一般,２　５４５　５６５　４４,2026-06-29,2026-07-04,08,常滑,一般,１２３　４５１３５５１５,2026-06-17,2026-06-22,05,多摩川,一般,３　５３４　１３１４５２,2026-05-31,2026-06-05,13,尼崎,一般,１５４　２２４５F４５,5023,久永 祥平,2026-08-22,2026-08-27,08,常滑,ＧⅢ,５２３　５４F　２　４,2026-08-09,2026-08-15,03,江戸川,一般,３　５２２　６６１　３３,2026-07-28,2026-07-31,24,大村,一般,２　２３１１[２],2026-07-15,2026-07-20,18,徳山,一般,６５５　２３４６４　４１,2026-07-01,2026-07-06,22,福岡,一般,２　４５４３１１１５１５,4073,大橋 純一郎,2026-08-11,2026-08-16,06,浜名湖,一般,２３１５１２４　２４２６,2026-08-03,2026-08-08,04,平和島,ＧⅢ,６６２　３３４１１　４２,2026-07-23,2026-07-27,01,桐生,一般,３１３　２２１３２１,2026-07-10,2026-07-15,06,浜名湖,一般,１２４３３　３１３５１２,2026-06-26,2026-07-02,24,大村,一般,４　５１２２２　３３３６１４,4270,岸本 雄貴,2026-08-15,2026-08-20,09,津,一般,２　６６２２４　１３２,2026-08-07,2026-08-11,15,丸亀,一般,３　２５２　１４６３,2026-07-23,2026-07-28,03,江戸川,ＧⅢ,１　５４４　４６６４６６,2026-07-10,2026-07-15,23,からつ,一般,２　１６３４４　１３３１,2026-06-24,2026-06-29,09,津,一般,１５１　３１２３１３３１
202609071006,2026-09-07,10,06R,4346,前田 健太郎,2026-08-20,2026-08-25,21,芦屋,一般,１　４４６１３　４５２６,2026-08-03,2026-08-08,19,下関,一般,１　４F５１６　３　４,2026-07-22,2026-07-26,08,常滑,一般,５４３　１５５５３,2026-07-07,2026-07-12,20,若松,ＧⅢ,６６６　６　２４２　３２,2026-06-25,2026-06-30,13,尼崎,一般,６　１３５６１　２６３６,4169,多田 有佑,2026-08-21,2026-08-26,03,江戸川,一般,３５３２５　２５２　５１,2026-08-08,2026-08-11,05,多摩川,一般,５　４５６　２５,2026-07-20,2026-07-25,15,丸亀,一般,５　６５５　４４４　３５,2026-07-07,2026-07-12,02,戸田,ＧⅡ,４　２　２６４　４２６,2026-06-24,2026-06-29,09,津,一般,５５２　５６２　４４５１,4982,中村 将隆,2026-08-22,2026-08-26,20,若松,一般,１６５　３６３　２３,2026-08-09,2026-08-14,13,尼崎,一般,５５３　４２１　２２２６,2026-07-24,2026-07-29,17,宮島,一般,１　５１４　１３５３５２,2026-06-16,2026-06-21,18,徳山,ＧⅢ,６６２　４１４　５５６,2026-05-30,2026-06-03,12,住之江,一般,５３１　１４３３３３,4933,板橋 侑我,2026-08-21,2026-08-26,03,江戸川,一般,３　５４２　１２１　２４,2026-08-11,2026-08-16,06,浜名湖,一般,２　４５４６１５４　２１,2026-07-28,2026-08-02,11,びわこ,ＳＧ,５　２６６　４　６６４,2026-07-18,2026-07-21,20,若松,一般,２１２４３５１５,2026-06-30,2026-07-05,16,児島,ＧⅡ,４４１　３　２３５　１４,4685,島村 隆幸,2026-08-25,2026-08-30,01,桐生,ＳＧ,３６１　３　５４３　４,2026-07-07,2026-07-12,02,戸田,ＧⅡ,５５３　１２３　３　４２,2026-06-26,2026-07-01,17,宮島,一般,２２３１１１３　５１[１],2026-06-17,2026-06-22,24,大村,ＧⅡ,２３３　４　５１１３３,2026-06-06,2026-06-10,06,浜名湖,一般,２５４２２３１２[６],3776,横井 健太,2026-08-17,2026-08-21,13,尼崎,一般,５　６４３　４５６,2026-08-03,2026-08-08,19,下関,一般,５５６　５６３　１　６,2026-07-24,2026-07-29,17,宮島,一般,４　５４５　５６妨欠,2026-07-14,2026-07-19,01,桐生,一般,３　３２３６５　４　６２,2026-06-30,2026-07-05,06,浜名湖,一般,３　４５３２５　４６５
202609071007,2026-09-07,10,07R,4633,森 智也,2026-08-20,2026-08-23,24,大村,一般,５２３　１　２２,2026-08-09,2026-08-14,13,尼崎,一般,６　３２５　３６３６１,2026-07-31,2026-08-03,20,若松,一般,１２１４３５２５,2026-07-21,2026-07-26,23,からつ,一般,２６３　２４５　４　２４,2026-07-10,2026-07-13,19,下関,一般,１　２５２４６３,4128,川口 貴久,2026-08-19,2026-08-24,19,下関,一般,６　２５３２５４３　５４,2026-08-03,2026-08-08,04,平和島,ＧⅢ,３５３　１６６　５１４,2026-07-25,2026-07-29,20,若松,一般,６５５　１４１　５２,2026-06-17,2026-06-22,05,多摩川,一般,２４３　２５２　１４４３,2026-06-04,2026-06-08,08,常滑,一般,３５１　３２２２[４],4252,松下 哲也,2026-08-20,2026-08-23,04,平和島,一般,２１３　４６F６,2026-08-09,2026-08-14,23,からつ,一般,３　５６４４２　３２１,2026-07-29,2026-08-01,18,徳山,一般,６　５４４　２３,2026-07-21,2026-07-26,23,からつ,一般,６　２３２　１４１１[１],2026-07-15,2026-07-19,17,宮島,一般,５６４　２５５　２１,3989,熊本 英一,2026-08-21,2026-08-26,03,江戸川,一般,６　４６,2026-08-11,2026-08-16,19,下関,一般,３　４４６３２　２　４４,2026-07-29,2026-08-01,18,徳山,一般,６　３６,2026-07-18,2026-07-21,20,若松,一般,３２５　４２６３,2026-07-09,2026-07-13,14,鳴門,一般,５　２１２５１６６３,4168,石野 貴之,2026-08-25,2026-08-30,17,宮島,一般,１１２５３　１６２４２１,2026-08-13,2026-08-18,12,住之江,一般,４　１６１　２１２６２４,2026-07-25,2026-07-29,20,若松,一般,１６２１５　２６１５,2026-07-13,2026-07-18,07,蒲郡,ＧⅡ,４２１　６　３６１２４,2026-07-03,2026-07-06,09,津,一般,１２２１２１[２],5282,中本 大樹,2026-08-26,2026-08-30,14,鳴門,一般,２６６　５　４転４,2026-08-14,2026-08-19,10,三国,一般,２　６１６　２６１６５２,2026-07-30,2026-08-04,08,常滑,一般,２５３　１２５　６６１６,2026-07-16,2026-07-21,11,びわこ,一般,３　６２１５１５５　１４,2026-07-01,2026-07-06,22,福岡,一般,３６３　２３３　４２４２
202609071008,2026-09-07,10,08R,3692,竹腰 正樹,2026-08-25,2026-08-30,17,宮島,一般,３６１　６３１　３１４３,2026-08-14,2026-08-19,10,三国,一般,４　３４２　４４５５２,2026-08-05,2026-08-10,09,津,一般,２　２３２２３４２６１５,2026-07-22,2026-07-27,14,鳴門,一般,５　６５４１５　１４５１,2026-07-07,2026-07-12,10,三国,ＧⅢ,２　６６６　３１４１３２,4489,岩川 仁士,2026-08-24,2026-08-28,15,丸亀,一般,４　６５４　３４３,2026-08-13,2026-08-18,12,住之江,一般,６６２４３　５　４　４４,2026-07-27,2026-08-01,09,津,一般,６　５１,2026-07-17,2026-07-20,02,戸田,一般,１２４４２　１２,2026-07-05,2026-07-09,05,多摩川,一般,５２４　２１５６１５,4664,東口 晃,2026-08-15,2026-08-20,11,びわこ,一般,６４５　５　１３４　３２,2026-07-27,2026-08-01,10,三国,一般,６　２５６　５　５６２,2026-07-03,2026-07-08,13,尼崎,一般,６　４５５４２　５　６５,2026-06-23,2026-06-28,07,蒲郡,一般,５４６　６　６４５　３４,2026-06-11,2026-06-16,10,三国,一般,５１４　６６４　４　５２,4511,中岡 健人,2026-08-17,2026-08-21,15,丸亀,一般,４４１　３６６　５,2026-08-06,2026-08-09,02,戸田,一般,３３４　５転１２,2026-07-29,2026-08-01,18,徳山,一般,５４４　５　５２,2026-07-10,2026-07-15,23,からつ,一般,４３３　４　６６４　５５,2026-06-26,2026-07-01,17,宮島,一般,５　２４３２１３２４３４,5027,重冨 勇哉,2026-05-30,2026-06-03,12,住之江,一般,２４４　２４４　６５,2026-05-12,2026-05-16,01,桐生,一般,３　２６１６４６５３,2026-04-29,2026-05-04,19,下関,一般,F　３　３　５４３　４６,2026-04-16,2026-04-21,08,常滑,一般,５　６４１　６３F　２,2026-03-26,2026-03-31,17,宮島,一般,６　４６６　１５２　１６,4552,杉山 勝匡,2026-08-21,2026-08-24,07,蒲郡,一般,６　３５５　５２,2026-08-09,2026-08-14,23,からつ,一般,５　２６２　６６４　６,2026-07-31,2026-08-03,20,若松,一般,５４３６２　６１,2026-07-16,2026-07-21,11,びわこ,一般,６　４６４　６６３　１２,2026-07-05,2026-07-09,24,大村,一般,６６２３６　３　５２
202609071009,2026-09-07,10,09R,4718,北川 太一,2026-08-21,2026-08-24,07,蒲郡,一般,３４２　３５１５,2026-08-09,2026-08-14,23,からつ,一般,F４５　２　３　３　３,2026-07-31,2026-08-04,13,尼崎,一般,３５６　２１１　４３,2026-07-15,2026-07-21,12,住之江,一般,２５４　１３３　３３３４１２,2026-05-09,2026-05-14,09,津,ＧⅢ,２１６　４３２　１４３６,5037,田頭 虎親,2026-08-17,2026-08-21,15,丸亀,一般,５　５５６　１　２３,2026-08-03,2026-08-08,17,宮島,一般,１　２３１　４４４２[６],2026-07-20,2026-07-25,15,丸亀,一般,１３５　２３１　５２[３],2026-07-02,2026-07-07,04,平和島,一般,２２４　１５６　１１４６,2026-06-23,2026-06-28,07,蒲郡,一般,１５１　４３２５１３２２,4196,田中 太一郎,2026-08-19,2026-08-24,19,下関,一般,６４１　６　４５６　４５,2026-08-03,2026-08-08,17,宮島,一般,１６３　３４６４６　６４,2026-07-25,2026-07-29,20,若松,一般,４　１５２２４３１１,2026-07-14,2026-07-17,24,大村,一般,２　５３６　２６,2026-07-02,2026-07-06,21,芦屋,一般,２５４　３３６　５２,5161,登玉 隼百,2026-08-22,2026-08-27,08,常滑,ＧⅢ,３　５６１　６２６２２１,2026-08-09,2026-08-14,13,尼崎,一般,１　６５４　５３１４３,2026-08-02,2026-08-05,21,芦屋,一般,６６５２５　３,2026-07-19,2026-07-24,22,福岡,ＧⅢ,２　４４１　２６４　２３,2026-07-01,2026-07-06,07,蒲郡,一般,１　２６４　４１２　２落,3804,中渡 修作,2026-08-20,2026-08-25,21,芦屋,一般,４　３５１　２５１６２３,2026-08-12,2026-08-17,22,福岡,一般,５６５　６２１　５３２６,2026-08-03,2026-08-08,19,下関,一般,２　２５１　４５１４４５,2026-07-22,2026-07-26,08,常滑,一般,５３２　６３１　３４,2026-07-09,2026-07-13,14,鳴門,一般,５４２　４５２　４２,3730,塩崎 優司,2026-08-22,2026-08-26,20,若松,一般,１２５　４４５４５,2026-08-11,2026-08-16,07,蒲郡,一般,５５５　４２６　６　４５,2026-07-31,2026-08-05,06,浜名湖,ＧⅢ,４６５　３５５　５　４６,2026-07-15,2026-07-19,17,宮島,一般,５６５　５５５　５,2026-07-03,2026-07-08,13,尼崎,一般,３　４４３６５　６　６４
202609071010,2026-09-07,10,10R,4933,板橋 侑我,2026-08-21,2026-08-26,03,江戸川,一般,３　５４２　１２１　２４,2026-08-11,2026-08-16,06,浜名湖,一般,２　４５４６１５４　２１,2026-07-28,2026-08-02,11,びわこ,ＳＧ,５　２６６　４　６６４,2026-07-18,2026-07-21,20,若松,一般,２１２４３５１５,2026-06-30,2026-07-05,16,児島,ＧⅡ,４４１　３　２３５　１４,4073,大橋 純一郎,2026-08-11,2026-08-16,06,浜名湖,一般,２３１５１２４　２４２６,2026-08-03,2026-08-08,04,平和島,ＧⅢ,６６２　３３４１１　４２,2026-07-23,2026-07-27,01,桐生,一般,３１３　２２１３２１,2026-07-10,2026-07-15,06,浜名湖,一般,１２４３３　３１３５１２,2026-06-26,2026-07-02,24,大村,一般,４　５１２２２　３３３６１４,4575,戸塚 邦好,2026-08-16,2026-08-19,14,鳴門,一般,５４４３５　３４,2026-07-23,2026-07-28,03,江戸川,ＧⅢ,５　２６２　１２６　２５,2026-07-14,2026-07-17,24,大村,一般,１４１　１５４４,2026-06-28,2026-07-02,05,多摩川,一般,４３２１３３４４３６,2026-06-16,2026-06-21,18,徳山,ＧⅢ,２３５４５　４２５１１１,5115,香川 颯太,2026-08-26,2026-08-30,14,鳴門,一般,４１６　５２３　１５,2026-08-15,2026-08-20,11,びわこ,一般,３　１４３５１４２１[５],2026-08-03,2026-08-08,19,下関,一般,４　３４４　１６４６１４,2026-07-24,2026-07-27,12,住之江,一般,２３１　２４３２,2026-07-09,2026-07-14,15,丸亀,一般,５２転６１　４３２　１４,4394,永嶋 裕一,2026-08-20,2026-08-23,02,戸田,一般,３６２６５　２４,2026-08-10,2026-08-15,21,芦屋,一般,５１２　２３５　３１４１,2026-07-31,2026-08-03,20,若松,一般,３　３２１６３３,2026-07-20,2026-07-25,15,丸亀,一般,３　３４４１１４１５１４,2026-07-10,2026-07-15,23,からつ,一般,４６５３１　３３２　６３,4215,吉島 祥之,2026-08-20,2026-08-23,02,戸田,一般,４４２　２転,2026-08-11,2026-08-16,07,蒲郡,一般,６　１２１６３　４４１３,2026-08-03,2026-08-08,04,平和島,ＧⅢ,１　１５６３４２２６３４,2026-07-24,2026-07-29,17,宮島,一般,５２５　４２３５３　２５,2026-07-14,2026-07-17,24,大村,一般,６５４　６１５
202609071011,2026-09-07,10,11R,4685,島村 隆幸,2026-08-25,2026-08-30,01,桐生,ＳＧ,３６１　３　５４３　４,2026-07-07,2026-07-12,02,戸田,ＧⅡ,５５３　１２３　３　４２,2026-06-26,2026-07-01,17,宮島,一般,２２３１１１３　５１[１],2026-06-17,2026-06-22,24,大村,ＧⅡ,２３３　４　５１１３３,2026-06-06,2026-06-10,06,浜名湖,一般,２５４２２３１２[６],4166,吉田 拡郎,2026-08-25,2026-08-30,01,桐生,ＳＧ,５３２　１　５５６　４,2026-08-08,2026-08-13,16,児島,一般,１６３２３　２２３６１３,2026-07-28,2026-08-02,11,びわこ,ＳＧ,２６４　３　５１２　３２,2026-07-17,2026-07-22,16,児島,ＧⅢ,１１１　２１２１２１[１],2026-07-07,2026-07-12,02,戸田,ＧⅡ,２１２　１　４２１　[６],5023,久永 祥平,2026-08-22,2026-08-27,08,常滑,ＧⅢ,５２３　５４F　２　４,2026-08-09,2026-08-15,03,江戸川,一般,３　５２２　６６１　３３,2026-07-28,2026-07-31,24,大村,一般,２　２３１１[２],2026-07-15,2026-07-20,18,徳山,一般,６５５　２３４６４　４１,2026-07-01,2026-07-06,22,福岡,一般,２　４５４３１１１５１５,3959,坪井 康晴,2026-08-25,2026-08-30,01,桐生,ＳＧ,４　１２４　３　６　１４,2026-08-11,2026-08-16,06,浜名湖,一般,１　６１３１２１３１[５],2026-07-28,2026-08-02,11,びわこ,ＳＧ,２４５　５　１４２　３４,2026-07-11,2026-07-16,03,江戸川,一般,３１３　１１５,2026-06-29,2026-07-04,08,常滑,一般,４１２２３１３２１１[２],4633,森 智也,2026-08-20,2026-08-23,24,大村,一般,５２３　１　２２,2026-08-09,2026-08-14,13,尼崎,一般,６　３２５　３６３６１,2026-07-31,2026-08-03,20,若松,一般,１２１４３５２５,2026-07-21,2026-07-26,23,からつ,一般,２６３　２４５　４　２４,2026-07-10,2026-07-13,19,下関,一般,１　２５２４６３,4061,萩原 秀人,2026-08-25,2026-08-30,01,桐生,ＳＧ,３　５４１　２５５１２,2026-08-14,2026-08-19,10,三国,一般,３３１１１４１　１３１１,2026-07-31,2026-08-05,06,浜名湖,ＧⅢ,１３２１４１１　２１[１],2026-07-18,2026-07-21,20,若松,一般,１３１２４１[２],2026-07-07,2026-07-12,10,三国,ＧⅢ,２１１１１１１　３１[３]
202609071012,2026-09-07,10,12R,4168,石野 貴之,2026-08-25,2026-08-30,17,宮島,一般,１１２５３　１６２４２１,2026-08-13,2026-08-18,12,住之江,一般,４　１６１　２１２６２４,2026-07-25,2026-07-29,20,若松,一般,１６２１５　２６１５,2026-07-13,2026-07-18,07,蒲郡,ＧⅡ,４２１　６　３６１２４,2026-07-03,2026-07-06,09,津,一般,１２２１２１[２],4580,長谷川 雅和,2026-08-21,2026-08-24,07,蒲郡,一般,２３３２２５１５,2026-08-08,2026-08-13,16,児島,一般,４４１　１６２　４３[６],2026-07-24,2026-07-29,17,宮島,一般,３　５１１　３５６　２３,2026-07-09,2026-07-13,16,児島,一般,２１１　１４５１[４],2026-06-29,2026-07-03,11,びわこ,一般,１　３２５５５６２５,3989,熊本 英一,2026-08-21,2026-08-26,03,江戸川,一般,６　４６,2026-08-11,2026-08-16,19,下関,一般,３　４４６３２　２　４４,2026-07-29,2026-08-01,18,徳山,一般,６　３６,2026-07-18,2026-07-21,20,若松,一般,３２５　４２６３,2026-07-09,2026-07-13,14,鳴門,一般,５　２１２５１６６３,4509,平見 真彦,2026-08-23,2026-08-27,18,徳山,一般,１　４３２４１３３１,2026-08-11,2026-08-16,07,蒲郡,一般,５５１　１２２　１３３２,2026-07-27,2026-07-31,19,下関,一般,４３３　５　３３２１,2026-07-15,2026-07-19,17,宮島,一般,３４３６１　１１４,2026-07-02,2026-07-07,04,平和島,一般,３　３６６２３　２１１,4822,百武 翔,2026-08-19,2026-08-24,19,下関,一般,２　２３１２４　１２[５],2026-08-03,2026-08-08,17,宮島,一般,３１２２３４５　１３３１,2026-07-22,2026-07-26,13,尼崎,一般,２　３１３６１３３１,2026-07-10,2026-07-15,06,浜名湖,一般,４２１　２５２６５２[３],2026-06-26,2026-07-02,24,大村,一般,２２５　４２１　２４１４２３,3692,竹腰 正樹,2026-08-25,2026-08-30,17,宮島,一般,３６１　６３１　３１４３,2026-08-14,2026-08-19,10,三国,一般,４　３４２　４４５５２,2026-08-05,2026-08-10,09,津,一般,２　２３２２３４２６１５,2026-07-22,2026-07-27,14,鳴門,一般,５　６５４１５　１４５１,2026-07-07,2026-07-12,10,三国,ＧⅢ,２　６６６　３１４１３２
202609071101,2026-09-07,11,01R,5379,廣部 大明,2026-08-15,2026-08-20,11,びわこ,一般,５　４５６　２６６　２５,2026-07-30,2026-08-04,08,常滑,一般,６６４　１　４５６　５５,2026-07-15,2026-07-21,12,住之江,一般,６　１４３　５４落　４　６６,2026-07-01,2026-07-06,22,福岡,一般,５　３６３　５４４　５４,2026-06-09,2026-06-14,11,びわこ,一般,５６４　３　１４２５５１,5271,杉山 太陽,2026-08-20,2026-08-25,21,芦屋,一般,４５５　２６３６５　３,2026-08-12,2026-08-17,22,福岡,一般,２　５１５５５　４５妨６,2026-07-30,2026-08-04,08,常滑,一般,３　１６５　６６５　３２,2026-07-14,2026-07-17,24,大村,一般,６５３　３　６１,2026-06-30,2026-07-05,23,からつ,一般,４　２４３　４４４５６６,5368,宮崎 心之介,2026-08-12,2026-08-17,02,戸田,一般,１３４　５３５　１２４４,2026-07-30,2026-08-04,08,常滑,一般,２３１　１２１４２１[１],2026-07-17,2026-07-22,16,児島,ＧⅢ,２　１１６３６　２１２,2026-07-11,2026-07-14,04,平和島,一般,１　１２２４[５],2026-07-02,2026-07-07,04,平和島,一般,１３１　１４５　４４６３,5298,水谷 理人,2026-08-28,2026-08-31,23,からつ,一般,１５２２４３４１,2026-08-17,2026-08-21,15,丸亀,一般,２２４５２１２３３１,2026-08-04,2026-08-09,12,住之江,一般,３６４　４１３２２　２２,2026-07-19,2026-07-24,22,福岡,ＧⅢ,４１４　３５１　３４１,2026-07-05,2026-07-09,24,大村,一般,１４４１１　１１[１],5343,小林 礼央,2026-08-20,2026-08-25,21,芦屋,一般,２４５　６　４４３　３３,2026-08-05,2026-08-10,14,鳴門,一般,４　６１４　４６落　３１,2026-07-29,2026-08-01,18,徳山,一般,３　５６４　６５,2026-07-24,2026-07-27,12,住之江,一般,２　３６３　３６,2026-07-14,2026-07-17,24,大村,一般,５　２２６２[６],5273,山下 拓巳,2026-08-20,2026-08-23,23,からつ,一般,３　５４６１２６,2026-08-09,2026-08-14,13,尼崎,一般,６　２６６　４５４　５,2026-07-24,2026-07-27,02,戸田,一般,２６６　５　３５,2026-07-11,2026-07-16,03,江戸川,一般,４　１４２　４５２　６６,2026-07-01,2026-07-06,07,蒲郡,一般,６５５　５５５　４　６
202609071102,2026-09-07,11,02R,5234,塚越 海斗,2026-08-23,2026-08-27,18,徳山,一般,３１３１１２４１[１],2026-08-11,2026-08-16,01,桐生,一般,４３３　３４１６３　１４,2026-07-30,2026-08-04,08,常滑,一般,１２５３３４１２５２[２],2026-07-18,2026-07-23,09,津,ＧⅢ,４４６　６４１　２６５,2026-07-02,2026-07-07,04,平和島,一般,１５２　２６６１１６１６,5157,市川 健太,2026-08-15,2026-08-20,11,びわこ,一般,３３５　１１４６５６１５,2026-08-08,2026-08-11,05,多摩川,一般,１　３６１３３１,2026-07-25,2026-07-29,20,若松,一般,５４６６６　６　１５,2026-07-10,2026-07-13,19,下関,一般,２６５　１６４,2026-06-29,2026-07-03,11,びわこ,一般,４１４　６１１６５６,5179,藤本 元輝,2026-08-23,2026-08-27,18,徳山,一般,６　１６４６６２６６,2026-08-09,2026-08-14,13,尼崎,一般,１　３５２　２３６　５５,2026-07-24,2026-07-27,12,住之江,一般,２３１　１６１６,2026-07-12,2026-07-16,05,多摩川,一般,１　５　５２４４４２,2026-06-30,2026-07-04,19,下関,一般,６５３　６　３５１,5290,坂本 一真,2026-08-21,2026-08-26,03,江戸川,一般,転欠,2026-07-11,2026-07-14,04,平和島,一般,２　６６５　６３,2026-06-24,2026-06-29,09,津,一般,６　６４６　６６５　３３,2026-06-11,2026-06-16,03,江戸川,一般,４　４６３　５４３４５,2026-06-03,2026-06-07,07,蒲郡,一般,４５５　転　６６,5388,佐野 優都,2026-08-21,2026-08-26,03,江戸川,一般,４　５６６６５　６５４,2026-08-05,2026-08-10,14,鳴門,一般,４５６　６　６４５　５６,2026-07-22,2026-07-26,08,常滑,一般,２５６　３４F　１,2026-05-16,2026-05-21,14,鳴門,一般,３　３５３F１　６　６,2026-04-27,2026-05-02,18,徳山,一般,１　６１５６５５,5216,長谷川 晴哉,2026-08-21,2026-08-24,07,蒲郡,一般,２２２１４６１２,2026-08-11,2026-08-16,01,桐生,一般,３　１３１４３　２　[５],2026-07-31,2026-08-05,05,多摩川,一般,６５４４１４２　５　６５,2026-07-18,2026-07-23,09,津,ＧⅢ,２２４　４　１６６　６３,2026-07-10,2026-07-13,19,下関,一般,３２１３４２[４]
202609071103,2026-09-07,11,03R,5186,遠藤 圭吾,2026-08-22,2026-08-26,20,若松,一般,６　６１５　６４２４,2026-08-04,2026-08-09,12,住之江,一般,６　６４１　５４６　２３,2026-07-22,2026-07-26,13,尼崎,一般,２６６　６　３　１５,2026-07-11,2026-07-16,03,江戸川,一般,４　１６２４３　３４４,2026-06-30,2026-07-04,19,下関,一般,４　２５３　５５１４,5106,山崎 祥,2026-08-26,2026-08-30,14,鳴門,一般,２５４２４　３　１４,2026-08-11,2026-08-16,19,下関,一般,５　４４２　４４３６１,2026-07-29,2026-08-01,18,徳山,一般,１５５　３４１６,2026-07-19,2026-07-24,22,福岡,ＧⅢ,３　１２３　６１２　[３],2026-07-04,2026-07-09,18,徳山,一般,　　　　　　　　　　３３,5135,仲 航太,2026-08-20,2026-08-23,23,からつ,一般,１　２３１２[５],2026-08-11,2026-08-16,04,平和島,一般,３１２　F３２　３　２,2026-07-30,2026-08-04,08,常滑,一般,５　２５２　１２１５２６,2026-07-18,2026-07-23,09,津,ＧⅢ,６　１　１６６　３５６４,2026-07-11,2026-07-14,04,平和島,一般,６２１　２２６３,5255,藤原 仙二,2026-08-26,2026-08-31,11,びわこ,一般,１　４１５２３２４　２３,2026-07-18,2026-07-23,09,津,ＧⅢ,４１３　１２６　５　１６,2026-07-04,2026-07-09,01,桐生,一般,６　３１４３５２４６１２,2026-06-20,2026-06-25,15,丸亀,一般,３４２３１　３３１５３５,2026-06-11,2026-06-16,03,江戸川,一般,１２２　４３４　３１１４,5268,山本 幸也,2026-08-21,2026-08-26,06,浜名湖,一般,５５６　６　２３３　２４,2026-08-09,2026-08-14,23,からつ,一般,２４３　６　５５４　４５,2026-07-25,2026-07-29,20,若松,一般,５５２５５６５　５,2026-07-04,2026-07-09,01,桐生,一般,３６転　５　２５６　６４,2026-06-23,2026-06-28,07,蒲郡,一般,２５３　２４４　４６４２,5010,宇留田 翔平,2026-08-27,2026-08-31,04,平和島,一般,３２５３６　２４２２,2026-08-15,2026-08-20,09,津,一般,３４２　３６５　４　５２,2026-07-28,2026-08-02,16,児島,一般,３転,2026-07-18,2026-07-23,09,津,ＧⅢ,３　２５４　４３４５２,2026-07-04,2026-07-09,01,桐生,一般,４　３３１６５　５１３１
202609071104,2026-09-07,11,04R,5177,松井 貫太,2026-08-21,2026-08-24,07,蒲郡,一般,４　５４６６５４,2026-08-16,2026-08-19,14,鳴門,一般,２　２４４６４６,2026-08-07,2026-08-12,20,若松,一般,４　２２２　６６１５１４,2026-07-20,2026-07-25,15,丸亀,一般,５　４５４　６５４　３４,2026-07-11,2026-07-16,03,江戸川,一般,４２３　４４５　３４５３,5060,数原 魁,2026-08-23,2026-08-27,18,徳山,一般,３　４４３４３　１２,2026-08-09,2026-08-14,13,尼崎,一般,３　４６５　５１３１２３,2026-07-28,2026-08-02,15,丸亀,一般,２３１　２４２　４３[５],2026-07-19,2026-07-24,22,福岡,ＧⅢ,１　２２４　３４２　[５],2026-07-02,2026-07-07,04,平和島,一般,３４１　４４１４１５１５,5222,津田 陸翔,2026-08-25,2026-08-30,17,宮島,一般,２　２２２５２１５５１５,2026-08-14,2026-08-19,17,宮島,一般,５６１５３１３　２６１２,2026-07-30,2026-08-04,08,常滑,一般,１　５２６１２３１２[６],2026-07-19,2026-07-24,22,福岡,ＧⅢ,６不２　１　３５５５６,2026-07-07,2026-07-12,20,若松,ＧⅢ,１６４５３　２６F４４,5421,原田 朱理,2026-08-09,2026-08-14,13,尼崎,一般,５　６　６６６　６６６,2026-07-22,2026-07-27,14,鳴門,一般,５６６　６３５　６５６,2026-07-10,2026-07-13,19,下関,一般,６　６６６　６２,2026-06-25,2026-06-29,18,徳山,一般,６６６　６　６５６,2026-05-29,2026-06-03,11,びわこ,一般,６　６６６　６５５　６６,5376,吉田 一心,2026-08-25,2026-08-30,17,宮島,一般,１　３６４　６２２　１２,2026-08-13,2026-08-18,12,住之江,一般,１　１５落　１２１６４２,2026-07-30,2026-08-04,08,常滑,一般,５　６２１　４２１６４５,2026-07-24,2026-07-27,12,住之江,一般,２　２１５３６１,2026-07-17,2026-07-22,16,児島,ＧⅢ,６　１１４６２　３４２２,5154,村松 栄太,2026-08-17,2026-08-21,13,尼崎,一般,４２１　６２５６２５,2026-08-05,2026-08-10,14,鳴門,一般,５　１５５　４５４　４６,2026-07-27,2026-08-01,10,三国,一般,２２１　４２４３５４４６,2026-07-18,2026-07-21,04,平和島,一般,５　５６１４４５,2026-07-03,2026-07-08,12,住之江,一般,２６５　６２３　４　６２
202609071105,2026-09-07,11,05R,5136,濱野 斗馬,2026-08-25,2026-08-30,17,宮島,一般,２４１　１２３３１３５１,2026-08-17,2026-08-21,15,丸亀,一般,２１５２４２２２[５],2026-08-05,2026-08-10,09,津,一般,３１２４６３２　１５１２,2026-07-28,2026-07-31,24,大村,一般,２　３１１６２５,2026-07-19,2026-07-24,22,福岡,ＧⅢ,１６４　３　６５５３２,5212,西川 拓利,2026-08-21,2026-08-24,07,蒲郡,一般,２５５１１１２,2026-08-10,2026-08-15,21,芦屋,一般,３４１１１５６　２２[１],2026-07-30,2026-08-04,08,常滑,一般,３１２４３５３　１４２５,2026-07-19,2026-07-24,22,福岡,ＧⅢ,６　３６６　３３２４３,2026-07-09,2026-07-13,16,児島,一般,２　３４２３３２１３,5354,渡邊 雄斗,2026-08-15,2026-08-20,09,津,一般,２５１　５４１　３３１６,2026-08-04,2026-08-09,12,住之江,一般,５　３５６　４６６　５,2026-07-28,2026-07-31,24,大村,一般,６５４　５　６２,2026-07-19,2026-07-23,05,多摩川,一般,１　２　４３５１[２],2026-07-10,2026-07-15,06,浜名湖,一般,　　　　６６３　６６６,5343,小林 礼央,2026-08-20,2026-08-25,21,芦屋,一般,２４５　６　４４３　３３,2026-08-05,2026-08-10,14,鳴門,一般,４　６１４　４６落　３１,2026-07-29,2026-08-01,18,徳山,一般,３　５６４　６５,2026-07-24,2026-07-27,12,住之江,一般,２　３６３　３６,2026-07-14,2026-07-17,24,大村,一般,５　２２６２[６],5329,金子 龍斗,2026-08-21,2026-08-26,03,江戸川,一般,１４３　４２６４６　５３,2026-08-09,2026-08-14,13,尼崎,一般,３２５　１５１　２　[転],2026-07-28,2026-08-02,15,丸亀,一般,５　１４４６６　４　５１,2026-07-09,2026-07-13,14,鳴門,一般,１１３　６３４　３１,2026-06-02,2026-06-08,10,三国,一般,３　２５６２６　４５５,5210,藤井 公人,2026-08-21,2026-08-26,03,江戸川,一般,１　５４３３４　１２３５,2026-08-10,2026-08-15,21,芦屋,一般,６６１　３　２１落欠,2026-07-22,2026-07-26,08,常滑,一般,２５１　４５２４１２,2026-07-10,2026-07-15,22,福岡,一般,６４３　１３１１１３３５,2026-07-02,2026-07-06,21,芦屋,一般,４　２１２４１３４１
202609071106,2026-09-07,11,06R,5134,大原 祥昌,2026-08-28,2026-08-31,23,からつ,一般,１１４　４２[３],2026-08-14,2026-08-19,17,宮島,一般,１　５６４３３３１　２３,2026-07-30,2026-08-04,08,常滑,一般,１６２　５１４３１３６２,2026-07-15,2026-07-21,12,住之江,一般,転　６３３　５２２　５５１３,2026-07-03,2026-07-06,09,津,一般,３　２２６２６５,5167,小川 竜太朗,2026-08-20,2026-08-23,04,平和島,一般,３２２　１５３１,2026-08-06,2026-08-09,02,戸田,一般,３５４　２４５２,2026-07-23,2026-07-28,03,江戸川,ＧⅢ,４５４　６欠,2026-07-07,2026-07-12,08,常滑,一般,６３２　２　４５３４５１,2026-06-18,2026-06-21,20,若松,一般,３３５　１　２６,5280,廣瀬 凜,2026-08-28,2026-09-02,05,多摩川,ＧⅢ,４１３３１２３　３２[２],2026-08-15,2026-08-20,11,びわこ,一般,３６１　１２１３２６１２,2026-07-30,2026-08-04,08,常滑,一般,１３４１３２２１４２[３],2026-07-18,2026-07-23,09,津,ＧⅢ,４１２　５１４　３　５不,2026-07-05,2026-07-09,24,大村,一般,３落１３２　５１３,5271,杉山 太陽,2026-08-20,2026-08-25,21,芦屋,一般,４５５　２６３６５　３,2026-08-12,2026-08-17,22,福岡,一般,２　５１５５５　４５妨６,2026-07-30,2026-08-04,08,常滑,一般,３　１６５　６６５　３２,2026-07-14,2026-07-17,24,大村,一般,６５３　３　６１,2026-06-30,2026-07-05,23,からつ,一般,４　２４３　４４４５６６,5460,早川 理稀,2026-08-15,2026-08-20,11,びわこ,一般,６６６　６６５　６４転,2026-08-03,2026-08-08,19,下関,一般,５　６６６　５６６　６６,2026-07-24,2026-07-27,12,住之江,一般,６　６６６　６,2026-07-09,2026-07-14,15,丸亀,一般,５　５３６　５６５　６６,2026-06-25,2026-06-30,13,尼崎,一般,６　６６６　６３６　５,5276,大島 隆乃介,2026-08-21,2026-08-26,03,江戸川,一般,４３１　５４１　３６４,2026-08-10,2026-08-15,21,芦屋,一般,４　３５４　５２３　３１,2026-07-21,2026-07-26,23,からつ,一般,１６５　６　２１４　３６,2026-07-01,2026-07-06,07,蒲郡,一般,３　３３１　１２２２[６],2026-06-20,2026-06-25,15,丸亀,一般,２　５４５６２　２３１
202609071107,2026-09-07,11,07R,5152,丸山 祐也,2026-08-20,2026-08-23,04,平和島,一般,６　５６６,2026-08-03,2026-08-08,19,下関,一般,６　３４５　６４３　５６,2026-07-24,2026-07-27,02,戸田,一般,６　４４３　５５,2026-07-10,2026-07-15,22,福岡,一般,５　４５３　４６３　５５,2026-06-26,2026-07-01,17,宮島,一般,２　５４６５３６３　４４,5298,水谷 理人,2026-08-28,2026-08-31,23,からつ,一般,１５２２４３４１,2026-08-17,2026-08-21,15,丸亀,一般,２２４５２１２３３１,2026-08-04,2026-08-09,12,住之江,一般,３６４　４１３２２　２２,2026-07-19,2026-07-24,22,福岡,ＧⅢ,４１４　３５１　３４１,2026-07-05,2026-07-09,24,大村,一般,１４４１１　１１[１],5157,市川 健太,2026-08-15,2026-08-20,11,びわこ,一般,３３５　１１４６５６１５,2026-08-08,2026-08-11,05,多摩川,一般,１　３６１３３１,2026-07-25,2026-07-29,20,若松,一般,５４６６６　６　１５,2026-07-10,2026-07-13,19,下関,一般,２６５　１６４,2026-06-29,2026-07-03,11,びわこ,一般,４１４　６１１６５６,5018,竹下 大樹,2026-08-23,2026-08-27,18,徳山,一般,２３１６４２３　３２,2026-08-12,2026-08-17,22,福岡,一般,３２１３２　４１１４１２,2026-07-28,2026-07-31,24,大村,一般,３１４１２５１２,2026-07-19,2026-07-24,22,福岡,ＧⅢ,２３転　５３３　１３２３,2026-07-07,2026-07-12,08,常滑,一般,４　１５１５２２２２[３],5130,上野 拓馬,2026-08-15,2026-08-20,09,津,一般,５５１　６３５　２　２５,2026-07-31,2026-08-04,13,尼崎,一般,５　４６６　３４５,2026-07-22,2026-07-25,24,大村,一般,４５２　２　５３,2026-07-10,2026-07-15,06,浜名湖,一般,４　１２３４３　４４３１,2026-06-28,2026-07-02,05,多摩川,一般,４　４２６　１５３４,5377,鳥居塚 嶺王,2026-08-17,2026-08-21,13,尼崎,一般,２　１４４　６２[４],2026-07-29,2026-08-03,22,福岡,一般,２４３　１２４６１３１３,2026-07-14,2026-07-19,01,桐生,一般,３　６１２４３　３３３,2026-06-29,2026-07-04,08,常滑,一般,５　４３２　５６２　３１,2026-06-17,2026-06-20,07,蒲郡,一般,１　１４４５１４
202609071108,2026-09-07,11,08R,5268,山本 幸也,2026-08-21,2026-08-26,06,浜名湖,一般,５５６　６　２３３　２４,2026-08-09,2026-08-14,23,からつ,一般,２４３　６　５５４　４５,2026-07-25,2026-07-29,20,若松,一般,５５２５５６５　５,2026-07-04,2026-07-09,01,桐生,一般,３６転　５　２５６　６４,2026-06-23,2026-06-28,07,蒲郡,一般,２５３　２４４　４６４２,5238,笹木 香吾,2026-08-15,2026-08-20,18,徳山,一般,５３１６１５１　F４４,2026-07-28,2026-08-02,16,児島,一般,１転,2026-07-19,2026-07-24,22,福岡,ＧⅢ,３　１５３　５４５４１,2026-07-09,2026-07-13,14,鳴門,一般,２５４２１　１１[５],2026-06-27,2026-07-01,02,戸田,一般,１２１　２２１２[１],5379,廣部 大明,2026-08-15,2026-08-20,11,びわこ,一般,５　４５６　２６６　２５,2026-07-30,2026-08-04,08,常滑,一般,６６４　１　４５６　５５,2026-07-15,2026-07-21,12,住之江,一般,６　１４３　５４落　４　６６,2026-07-01,2026-07-06,22,福岡,一般,５　３６３　５４４　５４,2026-06-09,2026-06-14,11,びわこ,一般,５６４　３　１４２５５１,5421,原田 朱理,2026-08-09,2026-08-14,13,尼崎,一般,５　６　６６６　６６６,2026-07-22,2026-07-27,14,鳴門,一般,５６６　６３５　６５６,2026-07-10,2026-07-13,19,下関,一般,６　６６６　６２,2026-06-25,2026-06-29,18,徳山,一般,６６６　６　６５６,2026-05-29,2026-06-03,11,びわこ,一般,６　６６６　６５５　６６,5275,松田 淳平,2026-08-25,2026-08-30,09,津,一般,５４２　６１２　４４４１,2026-07-18,2026-07-23,09,津,ＧⅢ,１１５　１　３６１　[４],2026-07-09,2026-07-14,15,丸亀,一般,４４１　１２４３３２[４],2026-06-28,2026-07-03,20,若松,一般,１１２　１５３　２２[３],2026-06-16,2026-06-21,09,津,一般,１２５　６２１　F５３,5247,大森 翼,2026-08-21,2026-08-24,07,蒲郡,一般,６　４４３６６５,2026-08-09,2026-08-14,13,尼崎,一般,３　２６４６転　３　２,2026-07-28,2026-07-31,24,大村,一般,６５４　６　６欠,2026-07-18,2026-07-21,20,若松,一般,１４４　３６２６,2026-07-07,2026-07-12,08,常滑,一般,１妨５　３　５３２　４４
202609071109,2026-09-07,11,09R,5221,竹間 隆晟,2026-08-27,2026-08-31,04,平和島,一般,４２１２２６５４１５,2026-07-18,2026-07-23,09,津,ＧⅢ,４転５　３２３　６３１,2026-07-01,2026-07-06,07,蒲郡,一般,４　１４２１２　２５３５,2026-06-20,2026-06-25,15,丸亀,一般,１５１４２　１６３２[２],2026-06-11,2026-06-16,03,江戸川,一般,１　３１４　１１１１[５],5246,楠 将太郎,2026-08-12,2026-08-17,02,戸田,一般,２　４５２　３２５　４５,2026-08-06,2026-08-09,02,戸田,一般,２６３６５　５５,2026-07-29,2026-08-01,18,徳山,一般,４１１　５５２４,2026-07-18,2026-07-23,09,津,ＧⅢ,２　３６２　３　６　１１,2026-07-07,2026-07-12,20,若松,ＧⅢ,５５２４２　１　５６１５,5177,松井 貫太,2026-08-21,2026-08-24,07,蒲郡,一般,４　５４６６５４,2026-08-16,2026-08-19,14,鳴門,一般,２　２４４６４６,2026-08-07,2026-08-12,20,若松,一般,４　２２２　６６１５１４,2026-07-20,2026-07-25,15,丸亀,一般,５　４５４　６５４　３４,2026-07-11,2026-07-16,03,江戸川,一般,４２３　４４５　３４５３,5186,遠藤 圭吾,2026-08-22,2026-08-26,20,若松,一般,６　６１５　６４２４,2026-08-04,2026-08-09,12,住之江,一般,６　６４１　５４６　２３,2026-07-22,2026-07-26,13,尼崎,一般,２６６　６　３　１５,2026-07-11,2026-07-16,03,江戸川,一般,４　１６２４３　３４４,2026-06-30,2026-07-04,19,下関,一般,４　２５３　５５１４,5212,西川 拓利,2026-08-21,2026-08-24,07,蒲郡,一般,２５５１１１２,2026-08-10,2026-08-15,21,芦屋,一般,３４１１１５６　２２[１],2026-07-30,2026-08-04,08,常滑,一般,３１２４３５３　１４２５,2026-07-19,2026-07-24,22,福岡,ＧⅢ,６　３６６　３３２４３,2026-07-09,2026-07-13,16,児島,一般,２　３４２３３２１３,5226,藤田 俊祐,2026-08-23,2026-08-27,18,徳山,一般,２　４６４１６　１４,2026-08-11,2026-08-16,04,平和島,一般,１３１　１３１１２１[４],2026-07-30,2026-08-04,08,常滑,一般,３４３　３１３　２１５４,2026-07-18,2026-07-23,09,津,ＧⅢ,６４６　４　３５４　５６,2026-07-10,2026-07-13,19,下関,一般,３２２　１３１２
202609071110,2026-09-07,11,10R,5222,津田 陸翔,2026-08-25,2026-08-30,17,宮島,一般,２　２２２５２１５５１５,2026-08-14,2026-08-19,17,宮島,一般,５６１５３１３　２６１２,2026-07-30,2026-08-04,08,常滑,一般,１　５２６１２３１２[６],2026-07-19,2026-07-24,22,福岡,ＧⅢ,６不２　１　３５５５６,2026-07-07,2026-07-12,20,若松,ＧⅢ,１６４５３　２６F４４,5199,垂水 悠,2026-08-21,2026-08-26,03,江戸川,一般,２６１　１６１１２６５６,2026-08-05,2026-08-10,14,鳴門,一般,５３１　５１１６２５１６,2026-07-19,2026-07-24,22,福岡,ＧⅢ,４　６　６６５２６　６６,2026-07-11,2026-07-14,04,平和島,一般,５４３　５６１,2026-06-28,2026-07-01,10,三国,一般,２　３３４４５２,5136,濱野 斗馬,2026-08-25,2026-08-30,17,宮島,一般,２４１　１２３３１３５１,2026-08-17,2026-08-21,15,丸亀,一般,２１５２４２２２[５],2026-08-05,2026-08-10,09,津,一般,３１２４６３２　１５１２,2026-07-28,2026-07-31,24,大村,一般,２　３１１６２５,2026-07-19,2026-07-24,22,福岡,ＧⅢ,１６４　３　６５５３２,5303,土井 歩夢,2026-08-23,2026-08-27,18,徳山,一般,１４５　３３４１４３,2026-08-07,2026-08-12,20,若松,一般,２５１２２　１５４　４５,2026-07-28,2026-07-31,24,大村,一般,２３２　１２[５],2026-07-19,2026-07-24,22,福岡,ＧⅢ,２　６２１　４６１５２５,2026-07-10,2026-07-13,19,下関,一般,４　２４３３３１,5167,小川 竜太朗,2026-08-20,2026-08-23,04,平和島,一般,３２２　１５３１,2026-08-06,2026-08-09,02,戸田,一般,３５４　２４５２,2026-07-23,2026-07-28,03,江戸川,ＧⅢ,４５４　６欠,2026-07-07,2026-07-12,08,常滑,一般,６３２　２　４５３４５１,2026-06-18,2026-06-21,20,若松,一般,３３５　１　２６,5135,仲 航太,2026-08-20,2026-08-23,23,からつ,一般,１　２３１２[５],2026-08-11,2026-08-16,04,平和島,一般,３１２　F３２　３　２,2026-07-30,2026-08-04,08,常滑,一般,５　２５２　１２１５２６,2026-07-18,2026-07-23,09,津,ＧⅢ,６　１　１６６　３５６４,2026-07-11,2026-07-14,04,平和島,一般,６２１　２２６３
202609071111,2026-09-07,11,11R,5255,藤原 仙二,2026-08-26,2026-08-31,11,びわこ,一般,１　４１５２３２４　２３,2026-07-18,2026-07-23,09,津,ＧⅢ,４１３　１２６　５　１６,2026-07-04,2026-07-09,01,桐生,一般,６　３１４３５２４６１２,2026-06-20,2026-06-25,15,丸亀,一般,３４２３１　３３１５３５,2026-06-11,2026-06-16,03,江戸川,一般,１２２　４３４　３１１４,5134,大原 祥昌,2026-08-28,2026-08-31,23,からつ,一般,１１４　４２[３],2026-08-14,2026-08-19,17,宮島,一般,１　５６４３３３１　２３,2026-07-30,2026-08-04,08,常滑,一般,１６２　５１４３１３６２,2026-07-15,2026-07-21,12,住之江,一般,転　６３３　５２２　５５１３,2026-07-03,2026-07-06,09,津,一般,３　２２６２６５,5152,丸山 祐也,2026-08-20,2026-08-23,04,平和島,一般,６　５６６,2026-08-03,2026-08-08,19,下関,一般,６　３４５　６４３　５６,2026-07-24,2026-07-27,02,戸田,一般,６　４４３　５５,2026-07-10,2026-07-15,22,福岡,一般,５　４５３　４６３　５５,2026-06-26,2026-07-01,17,宮島,一般,２　５４６５３６３　４４,5234,塚越 海斗,2026-08-23,2026-08-27,18,徳山,一般,３１３１１２４１[１],2026-08-11,2026-08-16,01,桐生,一般,４３３　３４１６３　１４,2026-07-30,2026-08-04,08,常滑,一般,１２５３３４１２５２[２],2026-07-18,2026-07-23,09,津,ＧⅢ,４４６　６４１　２６５,2026-07-02,2026-07-07,04,平和島,一般,１５２　２６６１１６１６,5060,数原 魁,2026-08-23,2026-08-27,18,徳山,一般,３　４４３４３　１２,2026-08-09,2026-08-14,13,尼崎,一般,３　４６５　５１３１２３,2026-07-28,2026-08-02,15,丸亀,一般,２３１　２４２　４３[５],2026-07-19,2026-07-24,22,福岡,ＧⅢ,１　２２４　３４２　[５],2026-07-02,2026-07-07,04,平和島,一般,３４１　４４１４１５１５,5354,渡邊 雄斗,2026-08-15,2026-08-20,09,津,一般,２５１　５４１　３３１６,2026-08-04,2026-08-09,12,住之江,一般,５　３５６　４６６　５,2026-07-28,2026-07-31,24,大村,一般,６５４　５　６２,2026-07-19,2026-07-23,05,多摩川,一般,１　２　４３５１[２],2026-07-10,2026-07-15,06,浜名湖,一般,　　　　６６３　６６６
202609071112,2026-09-07,11,12R,5018,竹下 大樹,2026-08-23,2026-08-27,18,徳山,一般,２３１６４２３　３２,2026-08-12,2026-08-17,22,福岡,一般,３２１３２　４１１４１２,2026-07-28,2026-07-31,24,大村,一般,３１４１２５１２,2026-07-19,2026-07-24,22,福岡,ＧⅢ,２３転　５３３　１３２３,2026-07-07,2026-07-12,08,常滑,一般,４　１５１５２２２２[３],5216,長谷川 晴哉,2026-08-21,2026-08-24,07,蒲郡,一般,２２２１４６１２,2026-08-11,2026-08-16,01,桐生,一般,３　１３１４３　２　[５],2026-07-31,2026-08-05,05,多摩川,一般,６５４４１４２　５　６５,2026-07-18,2026-07-23,09,津,ＧⅢ,２２４　４　１６６　６３,2026-07-10,2026-07-13,19,下関,一般,３２１３４２[４],5154,村松 栄太,2026-08-17,2026-08-21,13,尼崎,一般,４２１　６２５６２５,2026-08-05,2026-08-10,14,鳴門,一般,５　１５５　４５４　４６,2026-07-27,2026-08-01,10,三国,一般,２２１　４２４３５４４６,2026-07-18,2026-07-21,04,平和島,一般,５　５６１４４５,2026-07-03,2026-07-08,12,住之江,一般,２６５　６２３　４　６２,5238,笹木 香吾,2026-08-15,2026-08-20,18,徳山,一般,５３１６１５１　F４４,2026-07-28,2026-08-02,16,児島,一般,１転,2026-07-19,2026-07-24,22,福岡,ＧⅢ,３　１５３　５４５４１,2026-07-09,2026-07-13,14,鳴門,一般,２５４２１　１１[５],2026-06-27,2026-07-01,02,戸田,一般,１２１　２２１２[１],5368,宮崎 心之介,2026-08-12,2026-08-17,02,戸田,一般,１３４　５３５　１２４４,2026-07-30,2026-08-04,08,常滑,一般,２３１　１２１４２１[１],2026-07-17,2026-07-22,16,児島,ＧⅢ,２　１１６３６　２１２,2026-07-11,2026-07-14,04,平和島,一般,１　１２２４[５],2026-07-02,2026-07-07,04,平和島,一般,１３１　１４５　４４６３,5106,山崎 祥,2026-08-26,2026-08-30,14,鳴門,一般,２５４２４　３　１４,2026-08-11,2026-08-16,19,下関,一般,５　４４２　４４３６１,2026-07-29,2026-08-01,18,徳山,一般,１５５　３４１６,2026-07-19,2026-07-24,22,福岡,ＧⅢ,３　１２３　６１２　[３],2026-07-04,2026-07-09,18,徳山,一般,　　　　　　　　　　３３
202609071301,2026-09-07,13,01R,4750,井上 尚悟,2026-08-25,2026-08-30,17,宮島,一般,４　６３４　６３２３２１,2026-08-08,2026-08-11,05,多摩川,一般,３４５５３　２,2026-07-31,2026-08-03,20,若松,一般,４４６　３２６,2026-07-17,2026-07-20,02,戸田,一般,４６５　５４６,2026-07-05,2026-07-09,24,大村,一般,４　２６４　４　２４,5307,富永 夏哉人,2026-08-21,2026-08-26,03,江戸川,一般,６　１５４　５４６　４５,2026-08-09,2026-08-14,23,からつ,一般,２５５　２　５４転　３６,2026-07-28,2026-07-31,24,大村,一般,５　４３３　２４,2026-07-18,2026-07-21,20,若松,一般,２　２１４６２１,2026-07-04,2026-07-09,18,徳山,一般,３５１　５６６６５　６６,4172,森定 晃史,2026-08-22,2026-08-27,22,福岡,一般,３６２　３４１５２４４４,2026-08-11,2026-08-16,19,下関,一般,３４５　２　３５３　６３,2026-07-24,2026-07-27,02,戸田,一般,２５１３３　３１,2026-07-14,2026-07-19,21,芦屋,一般,６５２２６３３　２　１３,2026-07-02,2026-07-07,04,平和島,一般,２５３　２６６　３３３,4902,山川 雄大,2026-08-22,2026-08-27,22,福岡,一般,２　２６１６６６２　２６,2026-08-09,2026-08-14,13,尼崎,一般,５６３　２　１２５５２,2026-07-24,2026-07-27,12,住之江,一般,４５４　４　６６,2026-07-15,2026-07-19,08,常滑,一般,１　２４１６６６５５,2026-07-03,2026-07-08,13,尼崎,一般,４５２　２５３　６６２４,3860,松本 浩貴,2026-08-23,2026-08-27,18,徳山,一般,６　３４３　３６４３,2026-08-11,2026-08-16,01,桐生,一般,６　５４５　３　４５６２,2026-07-28,2026-08-02,16,児島,一般,４　２６２４５　４６５５,2026-07-17,2026-07-20,02,戸田,一般,３　１４３６２６,2026-06-30,2026-07-04,19,下関,一般,５３４　６５４　５,5372,上岡 巧汰,2026-08-14,2026-08-19,17,宮島,一般,５６６　６６６　１　６５,2026-07-29,2026-08-03,22,福岡,一般,５３５　４６６　６５６４,2026-07-20,2026-07-25,15,丸亀,一般,２６６　５６５　５　６６,2026-06-14,2026-06-17,12,住之江,一般,６　６４５　６６,2026-05-22,2026-05-27,13,尼崎,一般,３６６　５５５　４　３
202609071302,2026-09-07,13,02R,4176,樋口 喜彦,2026-08-20,2026-08-23,24,大村,一般,４　５６５　５３,2026-07-22,2026-07-27,14,鳴門,一般,６６２　６　６３５１６３,2026-07-11,2026-07-16,03,江戸川,一般,６　２６１　６６４　２５,2026-06-30,2026-07-04,19,下関,一般,６　６４４５６　６,2026-06-21,2026-06-25,08,常滑,一般,５,4608,荒井 翔伍,2026-08-30,2026-09-03,08,常滑,一般,１３４５５　２１１１,2026-08-21,2026-08-26,06,浜名湖,一般,２　２エ５５３　１２１２,2026-08-09,2026-08-15,03,江戸川,一般,５３５　２４３　２１２２,2026-07-27,2026-08-01,10,三国,一般,６　４３３　１６２５１５,2026-07-17,2026-07-22,16,児島,ＧⅢ,１　３５５２４６５　３４,2878,富山 弘幸,2026-08-28,2026-08-31,23,からつ,一般,４２５　３妨２１,2026-08-15,2026-08-20,09,津,一般,４　４２４　３６２　３４,2026-07-22,2026-07-27,14,鳴門,一般,５　３２４　５６６２１３,2026-07-07,2026-07-12,10,三国,ＧⅢ,４　４４２　２４３１１２,2026-06-28,2026-07-02,05,多摩川,一般,３５５　１６２　１５,3548,室田 泰史,2026-08-28,2026-08-31,23,からつ,一般,５　５１４２１１,2026-08-14,2026-08-19,10,三国,一般,１６５５５　３４３　２３,2026-07-29,2026-08-03,22,福岡,一般,１６２　６６５５５２６,2026-07-18,2026-07-21,04,平和島,一般,６　４３５２５３,2026-07-07,2026-07-12,10,三国,ＧⅢ,１１６４３　２５２４５６,4567,上村 慎太郎,2026-08-24,2026-08-28,15,丸亀,一般,６　１４５　３　３６,2026-08-11,2026-08-16,19,下関,一般,５６５　３５４６６　２,2026-07-29,2026-08-01,18,徳山,一般,３　５５４４１,2026-07-15,2026-07-21,12,住之江,一般,５　２５５　３３４　１　４４,2026-06-30,2026-07-05,06,浜名湖,一般,５　３３２　１１４６１６,3663,木山 和幸,2026-08-23,2026-08-27,18,徳山,一般,５１３　３３１２[２],2026-08-14,2026-08-19,17,宮島,一般,２４５　２３３　５２４,2026-07-27,2026-08-01,09,津,一般,６３４,2026-07-14,2026-07-19,21,芦屋,一般,４６２　１　３１４４６６,2026-07-01,2026-07-06,22,福岡,一般,５２２　６２５　５６２
202609071303,2026-09-07,13,03R,3731,高濱 芳久,2026-08-23,2026-08-27,18,徳山,一般,１５３２２　３３４２,2026-08-11,2026-08-16,19,下関,一般,６　３６１４２　６２６,2026-07-28,2026-08-02,15,丸亀,一般,２１４　３　５１６５４５,2026-07-15,2026-07-19,08,常滑,一般,５３３　２５３３５,2026-07-03,2026-07-08,12,住之江,一般,５　沈４３　４６６　３,4308,河村 了,2026-08-25,2026-08-30,17,宮島,一般,４２３４５１１　３２[４],2026-08-11,2026-08-16,07,蒲郡,一般,３４４１４１１２２３３１,2026-07-27,2026-08-01,10,三国,一般,３２１２３１４　３１[６],2026-07-17,2026-07-22,16,児島,ＧⅢ,１　２２３２３４６３４４,2026-07-10,2026-07-13,19,下関,一般,１５５４３１３,4247,齊藤 優,2026-08-22,2026-08-27,22,福岡,一般,３５１　２４４５１　２６,2026-08-05,2026-08-10,14,鳴門,一般,４　３６２　１４５３５,2026-07-25,2026-07-29,20,若松,一般,２４１３３　４４２,2026-07-09,2026-07-13,14,鳴門,一般,６４２　２５５　５２,2026-06-20,2026-06-25,06,浜名湖,一般,５４４　３４１　４　３１,4042,丸岡 正典,2026-08-02,2026-08-05,21,芦屋,一般,４３４６２　１１,2026-07-24,2026-07-27,06,浜名湖,一般,２３２　２４１２,2026-07-13,2026-07-18,07,蒲郡,ＧⅡ,４　１２３　３　３　４１,2026-06-30,2026-07-05,16,児島,ＧⅡ,２　F３３　３　５　６,2026-06-17,2026-06-22,24,大村,ＧⅡ,１　１２５　４　３　２２,5244,黒田 剛,2026-08-20,2026-08-25,21,芦屋,一般,６　２２６４６　５４６,2026-08-04,2026-08-09,12,住之江,一般,３５１　５４６　３　４５,2026-07-20,2026-07-25,15,丸亀,一般,４　２４１　４４６　４６,2026-06-11,2026-06-16,03,江戸川,一般,５６４　４５３５６　１２,2026-06-02,2026-06-08,10,三国,一般,４６５　６　５４５　２５,5448,福田 柊人,2026-08-11,2026-08-16,19,下関,一般,６　６６５　６６５　６６,2026-07-24,2026-07-29,17,宮島,一般,６　６６６　６６６　６６,2026-07-10,2026-07-15,23,からつ,一般,落６５　６６５　６５６,2026-06-28,2026-07-03,20,若松,一般,６　６　６６６　６　６６,2026-06-11,2026-06-16,16,児島,一般,６　６６６　６６６　６
202609071304,2026-09-07,13,04R,3577,向所 浩二,2026-08-20,2026-08-23,23,からつ,一般,４　６３４　４１,2026-08-09,2026-08-14,13,尼崎,一般,４３２　５　５６１３５,2026-07-27,2026-08-01,10,三国,一般,２１４　５３４　転３４,2026-07-18,2026-07-21,20,若松,一般,６　６６６　５,2026-07-03,2026-07-08,13,尼崎,一般,５　２６５　４４２　５６,4121,富永 修一,2026-08-25,2026-08-30,17,宮島,一般,２　１４１４５５１５３２,2026-08-12,2026-08-17,22,福岡,一般,４３１４４２４　１５１４,2026-08-02,2026-08-05,21,芦屋,一般,１３４５３１２５,2026-07-22,2026-07-27,14,鳴門,一般,１１５４３４４　１４２４,2026-07-11,2026-07-14,04,平和島,一般,６５２　５２２,3643,米田 隆弘,2026-08-24,2026-08-28,15,丸亀,一般,３３４　１６３５６４,2026-08-14,2026-08-19,17,宮島,一般,３　５２６　５３４　３５,2026-07-31,2026-08-05,05,多摩川,一般,５　４５６　５,2026-07-16,2026-07-21,11,びわこ,一般,５　２３１１２１２１[１],2026-06-30,2026-07-05,06,浜名湖,一般,５５１　３　６欠,3736,岡本 猛,2025-08-14,2025-08-19,12,住之江,一般,妨,2025-08-02,2025-08-06,23,からつ,一般,３　３６３１５２１３,2025-07-21,2025-07-26,04,平和島,一般,１２３　６２,2025-07-14,2025-07-17,20,若松,一般,１５２　６４３２,2025-07-03,2025-07-08,12,住之江,一般,１５３　３５２　２５４２,3984,坂口 周,2026-08-26,2026-08-31,11,びわこ,一般,６６１２３　３４１５１５,2026-08-15,2026-08-20,09,津,一般,４　４１３１１３５２[６],2026-07-31,2026-08-05,06,浜名湖,ＧⅢ,２　１６４３４３１３１２,2026-07-18,2026-07-22,10,三国,一般,３４２３４４１３５１,2026-07-07,2026-07-12,20,若松,ＧⅢ,３１５　３４４２４４５,5339,石井 伸長,2026-08-27,2026-09-01,07,蒲郡,一般,１２落２５　３　６　２５,2026-07-18,2026-07-22,10,三国,一般,２２２　１５３６５５,2026-06-30,2026-07-05,06,浜名湖,一般,６　５５６　４４５　４４,2026-06-20,2026-06-25,15,丸亀,一般,２６６３１　４２５　１,2026-05-31,2026-06-05,20,若松,一般,１４３　２　４２転４６６
202609071305,2026-09-07,13,05R,3838,伊藤 啓三,2026-08-22,2026-08-27,08,常滑,ＧⅢ,３６２　４１３　１５６６,2026-08-08,2026-08-11,05,多摩川,一般,２２３６２　２５,2026-07-27,2026-07-31,19,下関,一般,６　１３５４５　２,2026-07-15,2026-07-20,18,徳山,一般,２６３　４３４　１１転,2026-07-03,2026-07-06,09,津,一般,４　５５３４６３,5089,前田 翔,2026-08-28,2026-09-02,05,多摩川,ＧⅢ,２３２　４１３１１１[１],2026-08-16,2026-08-19,14,鳴門,一般,１５１３５３２１,2026-08-03,2026-08-08,17,宮島,一般,１４４１２１１　３１[３],2026-07-18,2026-07-23,09,津,ＧⅢ,２　３５２　１１２　[３],2026-07-07,2026-07-12,08,常滑,一般,３１２３１１３３１１[５],4515,藤田 浩人,2026-08-31,2026-09-05,18,徳山,一般,５６５３２　６　６２５３,2026-08-20,2026-08-23,24,大村,一般,４　３６３　２１,2026-08-09,2026-08-14,23,からつ,一般,３　１５３１５５３４１２,2026-07-31,2026-08-03,20,若松,一般,５　５３３６４１,2026-07-15,2026-07-19,17,宮島,一般,落５６,4049,荒川 健太,2026-08-15,2026-08-20,09,津,一般,５３１５３　１　２５１５,2026-08-04,2026-08-09,10,三国,一般,４２１５５６,2026-07-28,2026-07-31,24,大村,一般,２　５５１　３３,2026-07-19,2026-07-23,05,多摩川,一般,２４４４２４１,2026-07-09,2026-07-14,15,丸亀,一般,１　２２３３３１１５１４,4729,佐藤 謙史朗,2026-08-20,2026-08-23,04,平和島,一般,３６１　２　３５,2026-08-07,2026-08-12,20,若松,一般,２　１４６５４　２５５転,2026-07-20,2026-07-25,15,丸亀,一般,５３２　４４エ　５５５,2026-07-05,2026-07-09,24,大村,一般,５　３２５　３　１５,2026-06-24,2026-06-29,03,江戸川,一般,１４３　１５６　１　６５,4251,川崎 誠志,2026-08-23,2026-08-27,18,徳山,一般,４４６　６２５２３,2026-08-11,2026-08-16,19,下関,一般,５４４　６１４　４　５２,2026-07-23,2026-07-28,03,江戸川,ＧⅢ,２１６　３５４　２３５２,2026-07-10,2026-07-15,23,からつ,一般,１　５４５　１４２２２４,2026-06-30,2026-07-05,06,浜名湖,一般,３５４　４５６　３　３２
202609071306,2026-09-07,13,06R,4184,渡邊 雄一郎,2026-08-26,2026-08-30,14,鳴門,一般,１２１２４３１４,2026-07-24,2026-07-27,12,住之江,一般,１４３１３６２５,2026-07-15,2026-07-19,17,宮島,一般,１１１５２１３１[４],2026-07-03,2026-07-08,13,尼崎,一般,１４３　４３３１２２１,2026-06-25,2026-06-29,21,芦屋,一般,１２３２１１１１[２],3870,寺嶋 雄,2026-08-25,2026-08-30,17,宮島,一般,６１５　４６４　４５４３,2026-08-14,2026-08-19,10,三国,一般,２１５　５６４　４２４２,2026-07-31,2026-08-05,06,浜名湖,ＧⅢ,５　５４５　６６５　６,2026-07-17,2026-07-20,02,戸田,一般,６１２４３　５６,2026-07-03,2026-07-08,13,尼崎,一般,４６４　２　５６３　４５,4672,守屋 大地,2026-08-22,2026-08-27,22,福岡,一般,４５１　５　５６３　５２,2026-08-05,2026-08-10,14,鳴門,一般,３　２３６５２　３２２,2026-07-24,2026-07-29,17,宮島,一般,１１５　６２２　３４３５,2026-07-10,2026-07-14,09,津,一般,４２２６４　３４４２,2026-06-29,2026-07-03,11,びわこ,一般,５４５　２　６６２１,4036,金田 諭,2026-08-23,2026-08-27,18,徳山,一般,エ欠,2026-08-11,2026-08-16,04,平和島,一般,１　１６２５１５２２[６],2026-07-29,2026-08-03,22,福岡,一般,１　２３４３１１６１[３],2026-07-19,2026-07-23,05,多摩川,一般,２４１１６３１３４３,2026-07-10,2026-07-15,06,浜名湖,一般,５６,5328,井上 慧人,2026-08-29,2026-09-03,19,下関,一般,　　　　　　　　４６３,2026-08-22,2026-08-26,20,若松,一般,４６３３４　妨　６４,2026-08-10,2026-08-15,21,芦屋,一般,２　５６２　３２５　４６,2026-07-28,2026-08-02,16,児島,一般,２３５３２　２４１４１転,2026-07-15,2026-07-20,18,徳山,一般,２　６６５　３２,3584,佐々木 英樹,2026-08-22,2026-08-27,08,常滑,ＧⅢ,５　６２２　６４２　４３,2026-08-05,2026-08-10,14,鳴門,一般,４　６６４　３６４　２２,2026-07-23,2026-07-28,21,芦屋,一般,３３１　５２２４６５２３,2026-07-07,2026-07-12,10,三国,ＧⅢ,５３３　２６６　５３１,2026-06-24,2026-06-29,03,江戸川,一般,２　５５４　５５３　４１
202609071307,2026-09-07,13,07R,4039,村上 功祐,2026-08-22,2026-08-27,22,福岡,一般,３１３　５２１３２３４１,2026-08-05,2026-08-10,14,鳴門,一般,２５２　４６３　３５２,2026-07-24,2026-07-27,12,住之江,一般,１　６４５　５,2026-07-12,2026-07-16,05,多摩川,一般,１２２５５　４５２１,2026-06-29,2026-07-03,11,びわこ,一般,１　２４４２３２[５],4297,山田 哲也,2026-08-22,2026-08-27,22,福岡,一般,５１２１３　２２６２[３],2026-08-11,2026-08-16,04,平和島,一般,１６１１１　２１３１[５],2026-08-02,2026-08-05,21,芦屋,一般,１２３１１１[１],2026-07-23,2026-07-28,03,江戸川,ＧⅢ,３５５　３５４　３６３１,2026-07-11,2026-07-14,04,平和島,一般,４１２４４３３２,3663,木山 和幸,2026-08-23,2026-08-27,18,徳山,一般,５１３　３３１２[２],2026-08-14,2026-08-19,17,宮島,一般,２４５　２３３　５２４,2026-07-27,2026-08-01,09,津,一般,６３４,2026-07-14,2026-07-19,21,芦屋,一般,４６２　１　３１４４６６,2026-07-01,2026-07-06,22,福岡,一般,５２２　６２５　５６２,3574,大神 康司,2026-08-24,2026-08-28,15,丸亀,一般,３２３６４５１１２,2026-08-17,2026-08-20,20,若松,一般,２５４　３１２４,2026-08-06,2026-08-10,24,大村,一般,４　４４３３３１２３,2026-07-24,2026-07-29,17,宮島,一般,２　６２５２５３１　１１,2026-07-07,2026-07-12,20,若松,ＧⅢ,１　エ１４２５６２１６,3975,小野寺 智洋,2026-08-26,2026-08-30,14,鳴門,一般,６４５　３３４　１４,2026-08-17,2026-08-21,15,丸亀,一般,１　４５４２６３３１,2026-07-29,2026-08-03,23,からつ,一般,５　２４３５１不４　１５,2026-07-16,2026-07-21,11,びわこ,一般,２３３　２５３２３３５１,2026-07-05,2026-07-09,24,大村,一般,２　４５１４１６１６,5307,富永 夏哉人,2026-08-21,2026-08-26,03,江戸川,一般,６　１５４　５４６　４５,2026-08-09,2026-08-14,23,からつ,一般,２５５　２　５４転　３６,2026-07-28,2026-07-31,24,大村,一般,５　４３３　２４,2026-07-18,2026-07-21,20,若松,一般,２　２１４６２１,2026-07-04,2026-07-09,18,徳山,一般,３５１　５６６６５　６６
202609071308,2026-09-07,13,08R,3548,室田 泰史,2026-08-28,2026-08-31,23,からつ,一般,５　５１４２１１,2026-08-14,2026-08-19,10,三国,一般,１６５５５　３４３　２３,2026-07-29,2026-08-03,22,福岡,一般,１６２　６６５５５２６,2026-07-18,2026-07-21,04,平和島,一般,６　４３５２５３,2026-07-07,2026-07-12,10,三国,ＧⅢ,１１６４３　２５２４５６,3581,加木 郁,2026-08-23,2026-08-27,18,徳山,一般,５２４　４,2026-08-11,2026-08-16,19,下関,一般,１４２　１５５　１６２５,2026-07-27,2026-08-01,10,三国,一般,３５１　３１２６１５５５,2026-07-18,2026-07-21,20,若松,一般,５３２　２３１５,2026-07-05,2026-07-09,24,大村,一般,４３３　６　５３６,4002,古結 宏,2026-08-27,2026-09-01,07,蒲郡,一般,５５３　エ１３　３３１３,2026-08-09,2026-08-14,13,尼崎,一般,２３２　１６１　２２５１,2026-07-28,2026-08-02,16,児島,一般,２１４４２　３５５６１３,2026-07-15,2026-07-21,12,住之江,一般,１６６　５６,2026-07-03,2026-07-06,09,津,一般,３６３５６２１,3853,岩崎 正哉,2026-08-20,2026-08-25,21,芦屋,一般,３　１２４１５１１４２２,2026-08-05,2026-08-10,14,鳴門,一般,２６５４５　２４２　１,2026-07-28,2026-07-31,24,大村,一般,３３１　３４４６,2026-07-18,2026-07-22,10,三国,一般,１６５　４３３　４４,2026-07-07,2026-07-12,20,若松,ＧⅢ,２　１５３　３４４２[４],4750,井上 尚悟,2026-08-25,2026-08-30,17,宮島,一般,４　６３４　６３２３２１,2026-08-08,2026-08-11,05,多摩川,一般,３４５５３　２,2026-07-31,2026-08-03,20,若松,一般,４４６　３２６,2026-07-17,2026-07-20,02,戸田,一般,４６５　５４６,2026-07-05,2026-07-09,24,大村,一般,４　２６４　４　２４,4247,齊藤 優,2026-08-22,2026-08-27,22,福岡,一般,３５１　２４４５１　２６,2026-08-05,2026-08-10,14,鳴門,一般,４　３６２　１４５３５,2026-07-25,2026-07-29,20,若松,一般,２４１３３　４４２,2026-07-09,2026-07-13,14,鳴門,一般,６４２　２５５　５２,2026-06-20,2026-06-25,06,浜名湖,一般,５４４　３４１　４　３１
202609071309,2026-09-07,13,09R,4049,荒川 健太,2026-08-15,2026-08-20,09,津,一般,５３１５３　１　２５１５,2026-08-04,2026-08-09,10,三国,一般,４２１５５６,2026-07-28,2026-07-31,24,大村,一般,２　５５１　３３,2026-07-19,2026-07-23,05,多摩川,一般,２４４４２４１,2026-07-09,2026-07-14,15,丸亀,一般,１　２２３３３１１５１４,3860,松本 浩貴,2026-08-23,2026-08-27,18,徳山,一般,６　３４３　３６４３,2026-08-11,2026-08-16,01,桐生,一般,６　５４５　３　４５６２,2026-07-28,2026-08-02,16,児島,一般,４　２６２４５　４６５５,2026-07-17,2026-07-20,02,戸田,一般,３　１４３６２６,2026-06-30,2026-07-04,19,下関,一般,５３４　６５４　５,4079,出畑 孝典,2026-08-24,2026-08-28,15,丸亀,一般,１　５２４３４４１２,2026-08-12,2026-08-17,22,福岡,一般,５５３５１１４　１６２６,2026-08-03,2026-08-08,19,下関,一般,１　４４２２１　１３４１,2026-07-25,2026-07-29,20,若松,一般,４３２　３４１２２１,2026-07-17,2026-07-20,02,戸田,一般,３　２３２５１１,3643,米田 隆弘,2026-08-24,2026-08-28,15,丸亀,一般,３３４　１６３５６４,2026-08-14,2026-08-19,17,宮島,一般,３　５２６　５３４　３５,2026-07-31,2026-08-05,05,多摩川,一般,５　４５６　５,2026-07-16,2026-07-21,11,びわこ,一般,５　２３１１２１２１[１],2026-06-30,2026-07-05,06,浜名湖,一般,５５１　３　６欠,3731,高濱 芳久,2026-08-23,2026-08-27,18,徳山,一般,１５３２２　３３４２,2026-08-11,2026-08-16,19,下関,一般,６　３６１４２　６２６,2026-07-28,2026-08-02,15,丸亀,一般,２１４　３　５１６５４５,2026-07-15,2026-07-19,08,常滑,一般,５３３　２５３３５,2026-07-03,2026-07-08,12,住之江,一般,５　沈４３　４６６　３,4152,深水 慎一郎,2026-08-25,2026-08-30,09,津,一般,６　５３１　６４４　１２,2026-08-11,2026-08-16,04,平和島,一般,２４１　３６２１１４F６,2026-07-31,2026-08-05,06,浜名湖,ＧⅢ,４５４　２６４　４３１２,2026-07-20,2026-07-25,15,丸亀,一般,１２４２４　４６２５５５,2026-07-09,2026-07-13,14,鳴門,一般,３４２　４１４４１２
202609071310,2026-09-07,13,10R,4042,丸岡 正典,2026-08-02,2026-08-05,21,芦屋,一般,４３４６２　１１,2026-07-24,2026-07-27,06,浜名湖,一般,２３２　２４１２,2026-07-13,2026-07-18,07,蒲郡,ＧⅡ,４　１２３　３　３　４１,2026-06-30,2026-07-05,16,児島,ＧⅡ,２　F３３　３　５　６,2026-06-17,2026-06-22,24,大村,ＧⅡ,１　１２５　４　３　２２,4902,山川 雄大,2026-08-22,2026-08-27,22,福岡,一般,２　２６１６６６２　２６,2026-08-09,2026-08-14,13,尼崎,一般,５６３　２　１２５５２,2026-07-24,2026-07-27,12,住之江,一般,４５４　４　６６,2026-07-15,2026-07-19,08,常滑,一般,１　２４１６６６５５,2026-07-03,2026-07-08,13,尼崎,一般,４５２　２５３　６６２４,3584,佐々木 英樹,2026-08-22,2026-08-27,08,常滑,ＧⅢ,５　６２２　６４２　４３,2026-08-05,2026-08-10,14,鳴門,一般,４　６６４　３６４　２２,2026-07-23,2026-07-28,21,芦屋,一般,３３１　５２２４６５２３,2026-07-07,2026-07-12,10,三国,ＧⅢ,５３３　２６６　５３１,2026-06-24,2026-06-29,03,江戸川,一般,２　５５４　５５３　４１,4608,荒井 翔伍,2026-08-30,2026-09-03,08,常滑,一般,１３４５５　２１１１,2026-08-21,2026-08-26,06,浜名湖,一般,２　２エ５５３　１２１２,2026-08-09,2026-08-15,03,江戸川,一般,５３５　２４３　２１２２,2026-07-27,2026-08-01,10,三国,一般,６　４３３　１６２５１５,2026-07-17,2026-07-22,16,児島,ＧⅢ,１　３５５２４６５　３４,3838,伊藤 啓三,2026-08-22,2026-08-27,08,常滑,ＧⅢ,３６２　４１３　１５６６,2026-08-08,2026-08-11,05,多摩川,一般,２２３６２　２５,2026-07-27,2026-07-31,19,下関,一般,６　１３５４５　２,2026-07-15,2026-07-20,18,徳山,一般,２６３　４３４　１１転,2026-07-03,2026-07-06,09,津,一般,４　５５３４６３,4121,富永 修一,2026-08-25,2026-08-30,17,宮島,一般,２　１４１４５５１５３２,2026-08-12,2026-08-17,22,福岡,一般,４３１４４２４　１５１４,2026-08-02,2026-08-05,21,芦屋,一般,１３４５３１２５,2026-07-22,2026-07-27,14,鳴門,一般,１１５４３４４　１４２４,2026-07-11,2026-07-14,04,平和島,一般,６５２　５２２
202609071311,2026-09-07,13,11R,4036,金田 諭,2026-08-23,2026-08-27,18,徳山,一般,エ欠,2026-08-11,2026-08-16,04,平和島,一般,１　１６２５１５２２[６],2026-07-29,2026-08-03,22,福岡,一般,１　２３４３１１６１[３],2026-07-19,2026-07-23,05,多摩川,一般,２４１１６３１３４３,2026-07-10,2026-07-15,06,浜名湖,一般,５６,3574,大神 康司,2026-08-24,2026-08-28,15,丸亀,一般,３２３６４５１１２,2026-08-17,2026-08-20,20,若松,一般,２５４　３１２４,2026-08-06,2026-08-10,24,大村,一般,４　４４３３３１２３,2026-07-24,2026-07-29,17,宮島,一般,２　６２５２５３１　１１,2026-07-07,2026-07-12,20,若松,ＧⅢ,１　エ１４２５６２１６,5339,石井 伸長,2026-08-27,2026-09-01,07,蒲郡,一般,１２落２５　３　６　２５,2026-07-18,2026-07-22,10,三国,一般,２２２　１５３６５５,2026-06-30,2026-07-05,06,浜名湖,一般,６　５５６　４４５　４４,2026-06-20,2026-06-25,15,丸亀,一般,２６６３１　４２５　１,2026-05-31,2026-06-05,20,若松,一般,１４３　２　４２転４６６,4515,藤田 浩人,2026-08-31,2026-09-05,18,徳山,一般,５６５３２　６　６２５３,2026-08-20,2026-08-23,24,大村,一般,４　３６３　２１,2026-08-09,2026-08-14,23,からつ,一般,３　１５３１５５３４１２,2026-07-31,2026-08-03,20,若松,一般,５　５３３６４１,2026-07-15,2026-07-19,17,宮島,一般,落５６,2878,富山 弘幸,2026-08-28,2026-08-31,23,からつ,一般,４２５　３妨２１,2026-08-15,2026-08-20,09,津,一般,４　４２４　３６２　３４,2026-07-22,2026-07-27,14,鳴門,一般,５　３２４　５６６２１３,2026-07-07,2026-07-12,10,三国,ＧⅢ,４　４４２　２４３１１２,2026-06-28,2026-07-02,05,多摩川,一般,３５５　１６２　１５,4172,森定 晃史,2026-08-22,2026-08-27,22,福岡,一般,３６２　３４１５２４４４,2026-08-11,2026-08-16,19,下関,一般,３４５　２　３５３　６３,2026-07-24,2026-07-27,02,戸田,一般,２５１３３　３１,2026-07-14,2026-07-19,21,芦屋,一般,６５２２６３３　２　１３,2026-07-02,2026-07-07,04,平和島,一般,２５３　２６６　３３３
202609071312,2026-09-07,13,12R,4002,古結 宏,2026-08-27,2026-09-01,07,蒲郡,一般,５５３　エ１３　３３１３,2026-08-09,2026-08-14,13,尼崎,一般,２３２　１６１　２２５１,2026-07-28,2026-08-02,16,児島,一般,２１４４２　３５５６１３,2026-07-15,2026-07-21,12,住之江,一般,１６６　５６,2026-07-03,2026-07-06,09,津,一般,３６３５６２１,3984,坂口 周,2026-08-26,2026-08-31,11,びわこ,一般,６６１２３　３４１５１５,2026-08-15,2026-08-20,09,津,一般,４　４１３１１３５２[６],2026-07-31,2026-08-05,06,浜名湖,ＧⅢ,２　１６４３４３１３１２,2026-07-18,2026-07-22,10,三国,一般,３４２３４４１３５１,2026-07-07,2026-07-12,20,若松,ＧⅢ,３１５　３４４２４４５,4184,渡邊 雄一郎,2026-08-26,2026-08-30,14,鳴門,一般,１２１２４３１４,2026-07-24,2026-07-27,12,住之江,一般,１４３１３６２５,2026-07-15,2026-07-19,17,宮島,一般,１１１５２１３１[４],2026-07-03,2026-07-08,13,尼崎,一般,１４３　４３３１２２１,2026-06-25,2026-06-29,21,芦屋,一般,１２３２１１１１[２],4308,河村 了,2026-08-25,2026-08-30,17,宮島,一般,４２３４５１１　３２[４],2026-08-11,2026-08-16,07,蒲郡,一般,３４４１４１１２２３３１,2026-07-27,2026-08-01,10,三国,一般,３２１２３１４　３１[６],2026-07-17,2026-07-22,16,児島,ＧⅢ,１　２２３２３４６３４４,2026-07-10,2026-07-13,19,下関,一般,１５５４３１３,4297,山田 哲也,2026-08-22,2026-08-27,22,福岡,一般,５１２１３　２２６２[３],2026-08-11,2026-08-16,04,平和島,一般,１６１１１　２１３１[５],2026-08-02,2026-08-05,21,芦屋,一般,１２３１１１[１],2026-07-23,2026-07-28,03,江戸川,ＧⅢ,３５５　３５４　３６３１,2026-07-11,2026-07-14,04,平和島,一般,４１２４４３３２,5089,前田 翔,2026-08-28,2026-09-02,05,多摩川,ＧⅢ,２３２　４１３１１１[１],2026-08-16,2026-08-19,14,鳴門,一般,１５１３５３２１,2026-08-03,2026-08-08,17,宮島,一般,１４４１２１１　３１[３],2026-07-18,2026-07-23,09,津,ＧⅢ,２　３５２　１１２　[３],2026-07-07,2026-07-12,08,常滑,一般,３１２３１１３３１１[５]
202609071401,2026-09-07,14,01R,4347,魚谷 香織,2026-08-28,2026-08-31,23,からつ,一般,２６４３１　１６,2026-08-06,2026-08-11,18,徳山,ＧⅠ,６　１５６　５　３４１,2026-07-24,2026-07-27,06,浜名湖,一般,３　２３６３１１,2026-07-13,2026-07-18,13,尼崎,ＧⅢ,１　３３３１５１１２[３],2026-06-24,2026-06-29,12,住之江,一般,５　１２３２１５２２[４],5108,柴田 愛梨,2026-07-31,2026-08-05,01,桐生,ＧⅢ,６６１　３　６６６　４５,2026-06-18,2026-06-23,02,戸田,一般,６　６６５　４２４　３４,2026-05-30,2026-06-04,05,多摩川,ＧⅢ,６４５　４６３　６　６,2026-05-01,2026-05-06,01,桐生,一般,５　６　５６１　６３６,2026-04-01,2026-04-06,22,福岡,一般,６　２５４　５　５,4900,中田 夕貴,2026-08-30,2026-09-04,06,浜名湖,ＧⅢ,３　１２２４１２５６１６,2026-08-12,2026-08-17,02,戸田,一般,６１６　２５６　４６５４,2026-07-31,2026-08-04,13,尼崎,一般,１６３　４４２　３２,2026-06-18,2026-06-23,02,戸田,一般,３２３６１　１５１５１１,2026-05-30,2026-06-04,05,多摩川,ＧⅢ,５４５６L６,4720,西澤 日花里,2026-08-18,2026-08-23,16,児島,一般,５　２６５　４６５　４３,2026-08-09,2026-08-14,23,からつ,一般,３６２　６　３４６　２５,2026-07-01,2026-07-06,07,蒲郡,一般,４　２３６　４６３６２,2026-06-12,2026-06-17,22,福岡,ＧⅢ,F　６６６　６　３　６,2026-05-24,2026-05-29,24,大村,一般,４６５　３６１　３　３６,5380,野田 亜湖,2026-08-24,2026-08-29,13,尼崎,一般,６　５６６　６６６　５,2026-08-12,2026-08-17,24,大村,ＧⅢ,６　６６６６６　５　５,2026-07-25,2026-07-30,04,平和島,一般,６　６６６　６６６　６６,2026-07-18,2026-07-21,20,若松,一般,６５６　６　６５,2026-06-29,2026-07-04,08,常滑,一般,５６６　６６６　６　４６,5056,西岡 成美,2026-08-27,2026-08-31,04,平和島,一般,６　６　３５３６４,2026-08-12,2026-08-17,24,大村,ＧⅢ,１６１　２６４　２６１５,2026-07-09,2026-07-13,14,鳴門,一般,３　１３妨４６　３６,2024-09-30,2024-10-05,09,津,一般,５３F４４　落,2024-09-18,2024-09-23,01,桐生,ＧⅠ,２　４　６４４　４５２
202609071402,2026-09-07,14,02R,5334,樫葉 新心,2026-08-24,2026-08-29,13,尼崎,一般,６５６　６　４６５　６,2026-07-14,2026-07-19,21,芦屋,一般,６　６１５　６４３　３,2026-06-24,2026-06-29,12,住之江,一般,５５４　４５３　５　４５,2026-06-12,2026-06-17,22,福岡,ＧⅢ,F　６５６　６　６　６,2026-05-31,2026-06-05,20,若松,一般,６６３　６　４３５　４５,4845,前田 紗希,2026-08-24,2026-08-29,10,三国,一般,２　１６５２３３５３５４,2026-08-06,2026-08-11,18,徳山,ＧⅠ,６　６６４３６　５６６,2026-07-25,2026-07-30,04,平和島,一般,５２F３６　５　３　４,2026-07-17,2026-07-20,02,戸田,一般,１３６１２１[４],2026-05-30,2026-06-04,05,多摩川,ＧⅢ,３１１　２３５１３１[６],4689,豊田 結,2026-08-15,2026-08-20,09,津,一般,６２３　６６５　４　６６,2026-07-25,2026-07-30,04,平和島,一般,４　１２４３５４４４３,2026-07-10,2026-07-15,06,浜名湖,一般,６２６　４６６　６　３,2026-07-01,2026-07-06,07,蒲郡,一般,３２４　４３１　４　２４,2026-06-07,2026-06-11,05,多摩川,一般,３５５　２６４　３,4784,向井田 真紀,2026-07-31,2026-08-05,01,桐生,ＧⅢ,４６５　４２６　２　４３,2026-06-18,2026-06-21,20,若松,一般,３５６５６　１,2026-06-06,2026-06-10,24,大村,一般,３　６６６５６　３,2026-05-24,2026-05-28,21,芦屋,一般,３　６６５５６　F６,2026-04-15,2026-04-20,09,津,一般,３５３　５４５　４５２５,4746,大豆生田 蒼,2026-08-24,2026-08-29,10,三国,一般,２２２　２４４５１６２５,2026-07-25,2026-07-30,04,平和島,一般,２　１３１４２６３３４１,2026-07-12,2026-07-16,05,多摩川,一般,３４２　６６６　３,2026-06-18,2026-06-23,02,戸田,一般,４２１３６　４２２２３,2026-06-06,2026-06-11,15,丸亀,一般,５２２１１３２　４４１６,4974,安井 瑞紀,2026-08-28,2026-08-31,23,からつ,一般,１３４　１６５５,2026-08-18,2026-08-23,16,児島,一般,４１６　１３５１１６６４,2026-08-06,2026-08-11,18,徳山,ＧⅠ,６　６　６１３　１２５,2026-07-27,2026-08-01,10,三国,一般,４６４１妨５２　１　２１,2026-06-18,2026-06-23,02,戸田,一般,４　４４２１２１３３２５
202609071403,2026-09-07,14,03R,4642,松尾 夏海,2026-08-24,2026-08-29,10,三国,一般,１５２５２１１　３１[３],2026-08-06,2026-08-11,18,徳山,ＧⅠ,３４２　２　３２５　１５,2026-07-28,2026-08-02,15,丸亀,一般,１２３３１　２　１３[５],2026-07-13,2026-07-18,13,尼崎,ＧⅢ,１　１１３６３２１３１１,2026-07-01,2026-07-06,07,蒲郡,一般,６２３　３　４３１１２３,5153,佐藤 ほのか,2026-08-27,2026-08-31,04,平和島,一般,５　３５２　２３４３,2026-08-11,2026-08-16,01,桐生,一般,５　６５５　３　６４６,2026-07-31,2026-08-05,05,多摩川,一般,３５６　６６６　５　５５,2026-07-24,2026-07-27,06,浜名湖,一般,４５４３５　４４,2026-06-17,2026-06-22,13,尼崎,一般,６　５５６　４３４　６３,4901,出口 舞有子,2026-08-24,2026-08-29,10,三国,一般,１１４　１２４２３１[F],2026-08-10,2026-08-15,08,常滑,一般,５６５　３３２　５　２１,2026-07-31,2026-08-05,01,桐生,ＧⅢ,２　４５３５１　２　３１,2026-07-24,2026-07-27,06,浜名湖,一般,１　１５５４３６,2026-07-12,2026-07-16,05,多摩川,一般,１　１４６　２３１４,4678,水野 望美,2026-08-10,2026-08-15,08,常滑,一般,５　３２２　５４４６４５,2026-07-31,2026-08-04,13,尼崎,一般,４６２　３６５　５５,2026-06-21,2026-06-24,19,下関,一般,４６５１６　２,2026-06-06,2026-06-11,15,丸亀,一般,４４３　５４５　１３６,2026-05-27,2026-06-01,08,常滑,一般,２　３６５　５４４　６２,4611,今井 美亜,2026-08-24,2026-08-29,10,三国,一般,３４１３２　４１２２[５],2026-08-06,2026-08-11,18,徳山,ＧⅠ,６　４３１　１４４　３１,2026-07-28,2026-08-02,16,児島,一般,１３２　６６５６３　３１,2026-07-19,2026-07-24,19,下関,ＧⅢ,５５５２４　２１３２[６],2026-07-07,2026-07-12,02,戸田,ＧⅡ,６　４６１　６　４２２,4965,福岡 泉水,2026-08-18,2026-08-23,16,児島,一般,４　４５４　３５５　４３,2026-08-09,2026-08-14,13,尼崎,一般,２５１　３　４４１３４６,2026-07-31,2026-08-05,01,桐生,ＧⅢ,２　２２６３４５４４２４,2026-07-13,2026-07-18,13,尼崎,ＧⅢ,１　４５５４５　３　６１,2026-06-30,2026-07-05,23,からつ,一般,３５４
202609071404,2026-09-07,14,04R,5193,米丸 乃絵,2026-08-18,2026-08-23,16,児島,一般,２１２　２１３２１２[５],2026-08-06,2026-08-11,18,徳山,ＧⅠ,１５２　２　１４６　１２,2026-07-28,2026-08-02,15,丸亀,一般,１２１１２２３　５１[１],2026-07-19,2026-07-24,22,福岡,ＧⅢ,２１５　４２４　３　５１,2026-07-07,2026-07-12,02,戸田,ＧⅡ,４　２４５　４　４１４,5069,山崎 小葉音,2026-08-24,2026-08-29,10,三国,一般,３５５　３　５４５　１,2026-08-12,2026-08-17,24,大村,ＧⅢ,４４１　３５２５２　２,2026-07-31,2026-08-05,01,桐生,ＧⅢ,２　１５２１５５１５４６,2026-07-13,2026-07-18,13,尼崎,ＧⅢ,３６４　６５１　２　６５,2026-06-24,2026-06-29,12,住之江,一般,６５２　１２４　１４３５,4372,原田 佑実,2026-08-12,2026-08-17,24,大村,ＧⅢ,１　１４３１３４１１[３],2026-07-25,2026-07-29,20,若松,一般,３　４２１５５５３４,2026-07-03,2026-07-08,13,尼崎,一般,５　１４１２４３１２[４],2026-06-24,2026-06-29,12,住之江,一般,１３４　４５４　１１１,2026-06-06,2026-06-11,15,丸亀,一般,４　１６２１３４２１[２],4400,加藤 奈月,2026-08-24,2026-08-29,10,三国,一般,３　４３３　４３４　３４,2026-08-14,2026-08-19,10,三国,一般,５５４　３　５５４　４４,2026-07-28,2026-08-02,15,丸亀,一般,５６６　１５２　２　３３,2026-07-10,2026-07-15,06,浜名湖,一般,３５６　６２６　３　４６,2026-06-19,2026-06-24,11,びわこ,一般,５４６　２　６６４　３３,4733,赤井 睦,2026-08-27,2026-08-31,04,平和島,一般,１３５４２　１　５４,2026-07-31,2026-08-05,01,桐生,ＧⅢ,１１５１３　５１６３６１,2026-07-13,2026-07-18,13,尼崎,ＧⅢ,４５３　２４１　３４３６,2026-06-25,2026-06-29,18,徳山,一般,４　２１６１２４４２,2026-06-06,2026-06-11,15,丸亀,一般,２６６　３６６　５　４２,4627,藤原 菜希,2026-08-24,2026-08-29,10,三国,一般,４　１６３転３　５１２３,2026-08-12,2026-08-17,24,大村,ＧⅢ,３４１１１　３２１１[２],2026-08-03,2026-08-08,17,宮島,一般,４３５３１　１１４２[１],2026-07-25,2026-07-30,04,平和島,一般,６　１２１３３４１２[４],2026-07-09,2026-07-13,16,児島,一般,２３２２２　４４１１
202609071405,2026-09-07,14,05R,5342,原村 百那,2026-08-24,2026-08-29,10,三国,一般,３５４　６　５５６　４,2026-08-12,2026-08-17,24,大村,ＧⅢ,６４６　５５６　６　６５,2026-07-28,2026-08-02,15,丸亀,一般,５６６　１５４　６　４６,2026-07-19,2026-07-24,19,下関,ＧⅢ,６６２　２４３　２４４,2026-06-18,2026-06-23,02,戸田,一般,６　１６２　６３５　６５,4885,大山 千広,2026-08-24,2026-08-29,10,三国,一般,２　１４２４１３１１[１],2026-08-10,2026-08-15,21,芦屋,一般,２５３１４　１５３６２,2026-07-31,2026-08-05,01,桐生,ＧⅢ,２　１１３２１１３１[１],2026-07-19,2026-07-24,19,下関,ＧⅢ,２４１１１　３１４１[４],2026-07-01,2026-07-06,07,蒲郡,一般,１１４　２２４　２１[３],4843,深尾 巴恵,2026-08-25,2026-08-30,09,津,一般,４６６　５６１　６　１５,2026-08-11,2026-08-16,06,浜名湖,一般,３２４　６２４　５５２,2026-07-27,2026-08-01,10,三国,一般,６６６　４　５４６　４,2026-06-19,2026-06-24,11,びわこ,一般,３　６６３　６６４　１５,2026-05-30,2026-06-04,05,多摩川,ＧⅢ,１５６　F４４　３　５,4680,後藤 美翼,2026-08-24,2026-08-29,10,三国,一般,４５５３３　１３６　１３,2026-08-11,2026-08-16,04,平和島,一般,１２４　１６４４１２[３],2026-07-25,2026-07-30,04,平和島,一般,６３１４４　２２３３転３,2026-07-17,2026-07-20,02,戸田,一般,５３３５５　２４,2026-07-09,2026-07-13,14,鳴門,一般,６２５５３　２　３１,4714,喜多須 杏奈,2026-08-18,2026-08-23,16,児島,一般,３３２　１３落　１２[６],2026-08-07,2026-08-11,15,丸亀,一般,４３５　４６２２３,2026-07-25,2026-07-30,04,平和島,一般,３　４６５　５３５　６１,2026-07-07,2026-07-12,11,びわこ,一般,１４２　２２３６４２[６],2026-06-18,2026-06-23,02,戸田,一般,３６４　５４３　６　２２,4984,森下 愛梨,2026-08-24,2026-08-29,10,三国,一般,６２１　３５４　１　５２,2026-08-11,2026-08-16,06,浜名湖,一般,５５３　２３４　４４３,2026-07-18,2026-07-23,09,津,ＧⅢ,６　２３５　２２４４転,2026-07-07,2026-07-12,11,びわこ,一般,２　６１６５４　３４５,2026-06-18,2026-06-23,02,戸田,一般,５　１６５５３６１　５３
202609071406,2026-09-07,14,06R,5198,奥村 明日香,2026-08-16,2026-08-19,14,鳴門,一般,２３４　２６４１,2026-08-07,2026-08-12,20,若松,一般,１４１　１２５１６６１６,2026-04-29,2026-05-04,22,福岡,一般,２　４６５　３１２　４６,2026-04-22,2026-04-27,20,若松,ＧⅢ,　　　　　　　　　　６５,2026-04-09,2026-04-15,15,丸亀,一般,３３５　４１４　１４１３６５,4050,田口 節子,2026-08-18,2026-08-23,16,児島,一般,３　１１２３２１２１[３],2026-08-06,2026-08-11,18,徳山,ＧⅠ,２　１１５４５　４　５１,2026-07-19,2026-07-24,19,下関,ＧⅢ,１１１　落１１２１２[１],2026-07-07,2026-07-12,11,びわこ,一般,３１４１１２１１２１[１],2026-06-24,2026-06-29,12,住之江,一般,１１２　１１１２３１[１],5195,北村 寧々,2026-08-25,2026-08-30,17,宮島,一般,２　４６４１６６４　２１,2026-07-19,2026-07-24,22,福岡,ＧⅢ,２　３６６　２３１６４４,2026-07-07,2026-07-12,11,びわこ,一般,４１３６４６１　２４１３,2026-06-28,2026-07-03,20,若松,一般,６　４４１　１５６　４５,2026-06-15,2026-06-20,21,芦屋,一般,１　３１２５２１６３３１,4450,平高 奈菜,2026-08-25,2026-08-30,09,津,一般,２３３　４F３　３　３,2026-08-12,2026-08-17,24,大村,ＧⅢ,１３２　１１１２３１[１],2026-07-28,2026-08-02,15,丸亀,一般,３１１４３　３２２２[３],2026-07-13,2026-07-18,13,尼崎,ＧⅢ,２妨２　１４１　３　１２,2026-07-01,2026-07-06,07,蒲郡,一般,２　４５１　２１４６１３,5108,柴田 愛梨,2026-07-31,2026-08-05,01,桐生,ＧⅢ,６６１　３　６６６　４５,2026-06-18,2026-06-23,02,戸田,一般,６　６６５　４２４　３４,2026-05-30,2026-06-04,05,多摩川,ＧⅢ,６４５　４６３　６　６,2026-05-01,2026-05-06,01,桐生,一般,５　６　５６１　６３６,2026-04-01,2026-04-06,22,福岡,一般,６　２５４　５　５,5390,高橋 涼夏,2026-08-11,2026-08-16,01,桐生,一般,４　５　２４５　５１３５,2026-07-31,2026-08-05,01,桐生,ＧⅢ,４　４５５　２６３　４６,2026-07-07,2026-07-12,08,常滑,一般,３　５６６　６５６６５,2026-06-07,2026-06-11,05,多摩川,一般,２　６　５６４６１,2026-05-01,2026-05-06,01,桐生,一般,６　３　６６　　４５６６
202609071407,2026-09-07,14,07R,4746,大豆生田 蒼,2026-08-24,2026-08-29,10,三国,一般,２２２　２４４５１６２５,2026-07-25,2026-07-30,04,平和島,一般,２　１３１４２６３３４１,2026-07-12,2026-07-16,05,多摩川,一般,３４２　６６６　３,2026-06-18,2026-06-23,02,戸田,一般,４２１３６　４２２２３,2026-06-06,2026-06-11,15,丸亀,一般,５２２１１３２　４４１６,4775,千葉 真弥,2026-08-24,2026-08-29,13,尼崎,一般,５４５６５　４６３　６,2026-08-06,2026-08-11,18,徳山,ＧⅠ,１　１１１　５　１　[２],2026-07-28,2026-08-02,16,児島,一般,３　６３１２２３１４２４,2026-06-06,2026-06-10,06,浜名湖,一般,３５３５５　４　３５,2026-05-24,2026-05-28,21,芦屋,一般,４　１６４４５１３１,5180,藤本 紗弥香,2026-08-18,2026-08-23,16,児島,一般,１３４　２４４　４４３２,2026-07-31,2026-08-05,01,桐生,ＧⅢ,６５１　４　１５４１１,2026-07-19,2026-07-24,19,下関,ＧⅢ,３　４２２　１２４５１５,2026-06-15,2026-06-20,21,芦屋,一般,６６５　５２２　４　６５,2026-05-31,2026-06-05,20,若松,一般,４　５　６３３６４　３３,5189,藤原 早菜,2026-08-18,2026-08-23,16,児島,一般,２　１４４４５４４２４５,2026-08-06,2026-08-11,18,徳山,ＧⅠ,１　４　６６１　６６３,2026-07-28,2026-08-02,15,丸亀,一般,４３３　６３４５２６１５,2026-07-19,2026-07-24,22,福岡,ＧⅢ,４　５３４　５４４４３,2026-07-10,2026-07-15,06,浜名湖,一般,１６２　６４２　４３[６],4530,小野 生奈,2026-08-25,2026-08-30,09,津,一般,２１２　１１１１５１[２],2026-08-06,2026-08-11,18,徳山,ＧⅠ,４　５６５５１　６２３,2026-07-25,2026-07-29,20,若松,一般,６　２１２１２２[２],2026-07-13,2026-07-18,13,尼崎,ＧⅢ,３２３１４　３２２２[４],2026-06-30,2026-07-05,16,児島,ＧⅡ,６２５　１４４　２２３,5380,野田 亜湖,2026-08-24,2026-08-29,13,尼崎,一般,６　５６６　６６６　５,2026-08-12,2026-08-17,24,大村,ＧⅢ,６　６６６６６　５　５,2026-07-25,2026-07-30,04,平和島,一般,６　６６６　６６６　６６,2026-07-18,2026-07-21,20,若松,一般,６５６　６　６５,2026-06-29,2026-07-04,08,常滑,一般,５６６　６６６　６　４６
202609071408,2026-09-07,14,08R,4901,出口 舞有子,2026-08-24,2026-08-29,10,三国,一般,１１４　１２４２３１[F],2026-08-10,2026-08-15,08,常滑,一般,５６５　３３２　５　２１,2026-07-31,2026-08-05,01,桐生,ＧⅢ,２　４５３５１　２　３１,2026-07-24,2026-07-27,06,浜名湖,一般,１　１５５４３６,2026-07-12,2026-07-16,05,多摩川,一般,１　１４６　２３１４,4546,浜田 亜理沙,2026-08-24,2026-08-29,10,三国,一般,２５２　５３３５４　４１,2026-08-06,2026-08-11,18,徳山,ＧⅠ,３　１３５　４３１　６,2026-07-25,2026-07-30,04,平和島,一般,２５４　２３２　１６１２,2026-07-13,2026-07-18,13,尼崎,ＧⅢ,３３４　３１１１３１[２],2026-06-29,2026-07-04,08,常滑,一般,２５１１２２２１４１[３],4071,古賀 千晶,2026-07-31,2026-08-05,01,桐生,ＧⅢ,１４４　６５５　５　５５,2026-07-13,2026-07-18,13,尼崎,ＧⅢ,１５２　６５６　４　４５,2026-06-30,2026-07-05,23,からつ,一般,５　５５１１１６２６４５,2026-06-12,2026-06-17,22,福岡,ＧⅢ,３６２　５　５４５　２２,2026-05-31,2026-06-05,13,尼崎,一般,６６１　５　５２５　６６,4878,西岡 育未,2026-08-18,2026-08-23,16,児島,一般,４４５　５　１６３　４４,2026-08-07,2026-08-11,15,丸亀,一般,６　２６６　３４６４,2026-07-25,2026-07-30,04,平和島,一般,１６５　６欠,2026-07-07,2026-07-12,11,びわこ,一般,６５５　５　１５４　６,2026-06-24,2026-06-29,12,住之江,一般,２４４　４４４　５　５３,4845,前田 紗希,2026-08-24,2026-08-29,10,三国,一般,２　１６５２３３５３５４,2026-08-06,2026-08-11,18,徳山,ＧⅠ,６　６６４３６　５６６,2026-07-25,2026-07-30,04,平和島,一般,５２F３６　５　３　４,2026-07-17,2026-07-20,02,戸田,一般,１３６１２１[４],2026-05-30,2026-06-04,05,多摩川,ＧⅢ,３１１　２３５１３１[６],5069,山崎 小葉音,2026-08-24,2026-08-29,10,三国,一般,３５５　３　５４５　１,2026-08-12,2026-08-17,24,大村,ＧⅢ,４４１　３５２５２　２,2026-07-31,2026-08-05,01,桐生,ＧⅢ,２　１５２１５５１５４６,2026-07-13,2026-07-18,13,尼崎,ＧⅢ,３６４　６５１　２　６５,2026-06-24,2026-06-29,12,住之江,一般,６５２　１２４　１４３５
202609071409,2026-09-07,14,09R,3470,新田 芳美,2026-08-17,2026-08-20,20,若松,一般,３４６３３　５,2026-07-31,2026-08-05,01,桐生,ＧⅢ,６４１　４５４　６２４,2026-07-13,2026-07-18,13,尼崎,ＧⅢ,４５４　６落,2026-06-25,2026-06-29,18,徳山,一般,１４２　１３３５１３,2026-06-12,2026-06-17,22,福岡,ＧⅢ,４４４　２４４　４３４,4984,森下 愛梨,2026-08-24,2026-08-29,10,三国,一般,６２１　３５４　１　５２,2026-08-11,2026-08-16,06,浜名湖,一般,５５３　２３４　４４３,2026-07-18,2026-07-23,09,津,ＧⅢ,６　２３５　２２４４転,2026-07-07,2026-07-12,11,びわこ,一般,２　６１６５４　３４５,2026-06-18,2026-06-23,02,戸田,一般,５　１６５５３６１　５３,4627,藤原 菜希,2026-08-24,2026-08-29,10,三国,一般,４　１６３転３　５１２３,2026-08-12,2026-08-17,24,大村,ＧⅢ,３４１１１　３２１１[２],2026-08-03,2026-08-08,17,宮島,一般,４３５３１　１１４２[１],2026-07-25,2026-07-30,04,平和島,一般,６　１２１３３４１２[４],2026-07-09,2026-07-13,16,児島,一般,２３２２２　４４１１,4642,松尾 夏海,2026-08-24,2026-08-29,10,三国,一般,１５２５２１１　３１[３],2026-08-06,2026-08-11,18,徳山,ＧⅠ,３４２　２　３２５　１５,2026-07-28,2026-08-02,15,丸亀,一般,１２３３１　２　１３[５],2026-07-13,2026-07-18,13,尼崎,ＧⅢ,１　１１３６３２１３１１,2026-07-01,2026-07-06,07,蒲郡,一般,６２３　３　４３１１２３,4900,中田 夕貴,2026-08-30,2026-09-04,06,浜名湖,ＧⅢ,３　１２２４１２５６１６,2026-08-12,2026-08-17,02,戸田,一般,６１６　２５６　４６５４,2026-07-31,2026-08-04,13,尼崎,一般,１６３　４４２　３２,2026-06-18,2026-06-23,02,戸田,一般,３２３６１　１５１５１１,2026-05-30,2026-06-04,05,多摩川,ＧⅢ,５４５６L６,5440,薗頭 心,2026-08-09,2026-08-14,13,尼崎,一般,６　５　６６６　６６６,2026-07-28,2026-08-02,16,児島,一般,６６６　６　６６６４６,2026-07-13,2026-07-18,13,尼崎,ＧⅢ,６２６　６　５６４　５,2026-06-10,2026-06-13,14,鳴門,一般,４６６　６　４６,2026-05-04,2026-05-09,13,尼崎,一般,６　５　６６６　６６６
202609071410,2026-09-07,14,10R,4738,清埜 翔子,2026-08-25,2026-08-30,09,津,一般,５５１　２６４　３３[６],2026-08-12,2026-08-17,24,大村,ＧⅢ,１５３２１１４　４２[４],2026-07-28,2026-08-02,16,児島,一般,６２３５３　３６２　５５,2026-07-19,2026-07-24,19,下関,ＧⅢ,５２２５３　３　F１４,2026-07-07,2026-07-12,08,常滑,一般,２　３５５１２３６６１３,5056,西岡 成美,2026-08-27,2026-08-31,04,平和島,一般,６　６　３５３６４,2026-08-12,2026-08-17,24,大村,ＧⅢ,１６１　２６４　２６１５,2026-07-09,2026-07-13,14,鳴門,一般,３　１３妨４６　３６,2024-09-30,2024-10-05,09,津,一般,５３F４４　落,2024-09-18,2024-09-23,01,桐生,ＧⅠ,２　４　６４４　４５２,4714,喜多須 杏奈,2026-08-18,2026-08-23,16,児島,一般,３３２　１３落　１２[６],2026-08-07,2026-08-11,15,丸亀,一般,４３５　４６２２３,2026-07-25,2026-07-30,04,平和島,一般,３　４６５　５３５　６１,2026-07-07,2026-07-12,11,びわこ,一般,１４２　２２３６４２[６],2026-06-18,2026-06-23,02,戸田,一般,３６４　５４３　６　２２,4050,田口 節子,2026-08-18,2026-08-23,16,児島,一般,３　１１２３２１２１[３],2026-08-06,2026-08-11,18,徳山,ＧⅠ,２　１１５４５　４　５１,2026-07-19,2026-07-24,19,下関,ＧⅢ,１１１　落１１２１２[１],2026-07-07,2026-07-12,11,びわこ,一般,３１４１１２１１２１[１],2026-06-24,2026-06-29,12,住之江,一般,１１２　１１１２３１[１],5153,佐藤 ほのか,2026-08-27,2026-08-31,04,平和島,一般,５　３５２　２３４３,2026-08-11,2026-08-16,01,桐生,一般,５　６５５　３　６４６,2026-07-31,2026-08-05,05,多摩川,一般,３５６　６６６　５　５５,2026-07-24,2026-07-27,06,浜名湖,一般,４５４３５　４４,2026-06-17,2026-06-22,13,尼崎,一般,６　５５６　４３４　６３,4400,加藤 奈月,2026-08-24,2026-08-29,10,三国,一般,３　４３３　４３４　３４,2026-08-14,2026-08-19,10,三国,一般,５５４　３　５５４　４４,2026-07-28,2026-08-02,15,丸亀,一般,５６６　１５２　２　３３,2026-07-10,2026-07-15,06,浜名湖,一般,３５６　６２６　３　４６,2026-06-19,2026-06-24,11,びわこ,一般,５４６　２　６６４　３３
202609071411,2026-09-07,14,11R,4678,水野 望美,2026-08-10,2026-08-15,08,常滑,一般,５　３２２　５４４６４５,2026-07-31,2026-08-04,13,尼崎,一般,４６２　３６５　５５,2026-06-21,2026-06-24,19,下関,一般,４６５１６　２,2026-06-06,2026-06-11,15,丸亀,一般,４４３　５４５　１３６,2026-05-27,2026-06-01,08,常滑,一般,２　３６５　５４４　６２,4733,赤井 睦,2026-08-27,2026-08-31,04,平和島,一般,１３５４２　１　５４,2026-07-31,2026-08-05,01,桐生,ＧⅢ,１１５１３　５１６３６１,2026-07-13,2026-07-18,13,尼崎,ＧⅢ,４５３　２４１　３４３６,2026-06-25,2026-06-29,18,徳山,一般,４　２１６１２４４２,2026-06-06,2026-06-11,15,丸亀,一般,２６６　３６６　５　４２,5189,藤原 早菜,2026-08-18,2026-08-23,16,児島,一般,２　１４４４５４４２４５,2026-08-06,2026-08-11,18,徳山,ＧⅠ,１　４　６６１　６６３,2026-07-28,2026-08-02,15,丸亀,一般,４３３　６３４５２６１５,2026-07-19,2026-07-24,22,福岡,ＧⅢ,４　５３４　５４４４３,2026-07-10,2026-07-15,06,浜名湖,一般,１６２　６４２　４３[６],4974,安井 瑞紀,2026-08-28,2026-08-31,23,からつ,一般,１３４　１６５５,2026-08-18,2026-08-23,16,児島,一般,４１６　１３５１１６６４,2026-08-06,2026-08-11,18,徳山,ＧⅠ,６　６　６１３　１２５,2026-07-27,2026-08-01,10,三国,一般,４６４１妨５２　１　２１,2026-06-18,2026-06-23,02,戸田,一般,４　４４２１２１３３２５,5195,北村 寧々,2026-08-25,2026-08-30,17,宮島,一般,２　４６４１６６４　２１,2026-07-19,2026-07-24,22,福岡,ＧⅢ,２　３６６　２３１６４４,2026-07-07,2026-07-12,11,びわこ,一般,４１３６４６１　２４１３,2026-06-28,2026-07-03,20,若松,一般,６　４４１　１５６　４５,2026-06-15,2026-06-20,21,芦屋,一般,１　３１２５２１６３３１,4885,大山 千広,2026-08-24,2026-08-29,10,三国,一般,２　１４２４１３１１[１],2026-08-10,2026-08-15,21,芦屋,一般,２５３１４　１５３６２,2026-07-31,2026-08-05,01,桐生,ＧⅢ,２　１１３２１１３１[１],2026-07-19,2026-07-24,19,下関,ＧⅢ,２４１１１　３１４１[４],2026-07-01,2026-07-06,07,蒲郡,一般,１１４　２２４　２１[３]
202609071412,2026-09-07,14,12R,4530,小野 生奈,2026-08-25,2026-08-30,09,津,一般,２１２　１１１１５１[２],2026-08-06,2026-08-11,18,徳山,ＧⅠ,４　５６５５１　６２３,2026-07-25,2026-07-29,20,若松,一般,６　２１２１２２[２],2026-07-13,2026-07-18,13,尼崎,ＧⅢ,３２３１４　３２２２[４],2026-06-30,2026-07-05,16,児島,ＧⅡ,６２５　１４４　２２３,4611,今井 美亜,2026-08-24,2026-08-29,10,三国,一般,３４１３２　４１２２[５],2026-08-06,2026-08-11,18,徳山,ＧⅠ,６　４３１　１４４　３１,2026-07-28,2026-08-02,16,児島,一般,１３２　６６５６３　３１,2026-07-19,2026-07-24,19,下関,ＧⅢ,５５５２４　２１３２[６],2026-07-07,2026-07-12,02,戸田,ＧⅡ,６　４６１　６　４２２,4450,平高 奈菜,2026-08-25,2026-08-30,09,津,一般,２３３　４F３　３　３,2026-08-12,2026-08-17,24,大村,ＧⅢ,１３２　１１１２３１[１],2026-07-28,2026-08-02,15,丸亀,一般,３１１４３　３２２２[３],2026-07-13,2026-07-18,13,尼崎,ＧⅢ,２妨２　１４１　３　１２,2026-07-01,2026-07-06,07,蒲郡,一般,２　４５１　２１４６１３,4347,魚谷 香織,2026-08-28,2026-08-31,23,からつ,一般,２６４３１　１６,2026-08-06,2026-08-11,18,徳山,ＧⅠ,６　１５６　５　３４１,2026-07-24,2026-07-27,06,浜名湖,一般,３　２３６３１１,2026-07-13,2026-07-18,13,尼崎,ＧⅢ,１　３３３１５１１２[３],2026-06-24,2026-06-29,12,住之江,一般,５　１２３２１５２２[４],4372,原田 佑実,2026-08-12,2026-08-17,24,大村,ＧⅢ,１　１４３１３４１１[３],2026-07-25,2026-07-29,20,若松,一般,３　４２１５５５３４,2026-07-03,2026-07-08,13,尼崎,一般,５　１４１２４３１２[４],2026-06-24,2026-06-29,12,住之江,一般,１３４　４５４　１１１,2026-06-06,2026-06-11,15,丸亀,一般,４　１６２１３４２１[２],4546,浜田 亜理沙,2026-08-24,2026-08-29,10,三国,一般,２５２　５３３５４　４１,2026-08-06,2026-08-11,18,徳山,ＧⅠ,３　１３５　４３１　６,2026-07-25,2026-07-30,04,平和島,一般,２５４　２３２　１６１２,2026-07-13,2026-07-18,13,尼崎,ＧⅢ,３３４　３１１１３１[２],2026-06-29,2026-07-04,08,常滑,一般,２５１１２２２１４１[３]
202609071601,2026-09-07,16,01R,4441,末永 由楽,2026-08-30,2026-09-03,08,常滑,一般,２　１４５３１４４３,2026-08-20,2026-08-23,23,からつ,一般,１６５２２５３５,2026-08-08,2026-08-13,16,児島,一般,３５１　１６５　１２２５,2026-07-22,2026-07-27,14,鳴門,一般,３５３１２５１　３３２１,2026-07-11,2026-07-14,04,平和島,一般,３１４４４　１５,4924,中北 涼,2026-08-24,2026-08-29,10,三国,一般,４５４　６　５６３　６,2026-08-12,2026-08-17,24,大村,ＧⅢ,２３３　２３２２４　４,2026-07-28,2026-08-02,15,丸亀,一般,６４５　６６１　５　４６,2026-07-07,2026-07-12,11,びわこ,一般,４３３　５３４　６５２２,2026-06-24,2026-06-29,12,住之江,一般,２３２　１４４　５６３４,5286,坂井 滉哉,2026-08-22,2026-08-26,20,若松,一般,５　１１１５３４６６,2026-08-10,2026-08-15,21,芦屋,一般,５６６　２５１　３　６３,2026-07-30,2026-08-04,08,常滑,一般,６　４６４　３２６　２３,2026-07-18,2026-07-22,10,三国,一般,４　１２５３３５６４,2026-07-04,2026-07-09,18,徳山,一般,５　６２１　２６５４２６,3284,渡邊 伸太郎,2026-08-23,2026-08-27,18,徳山,一般,４　２５２４３６２,2026-08-06,2026-08-10,24,大村,一般,２３５　２３１３３６,2026-07-24,2026-07-27,06,浜名湖,一般,１　３４３２５３,2026-07-09,2026-07-14,15,丸亀,一般,４　１４３５４　１２３５,2026-06-03,2026-06-07,07,蒲郡,一般,６２４　５３４,4343,村岡 賢,2026-08-22,2026-08-27,08,常滑,ＧⅢ,５　４４５　６６５　４４,2026-08-05,2026-08-10,14,鳴門,一般,５６５　５２５　６　４４,2026-07-21,2026-07-26,23,からつ,一般,６２４　５　６４５　２５,2026-07-11,2026-07-14,04,平和島,一般,３５６　４４３,2026-07-04,2026-07-09,01,桐生,一般,４　３６３　４３３　３６,5423,高橋 嗣穏,2026-08-16,2026-08-19,14,鳴門,一般,６　６６６　６６,2026-08-05,2026-08-10,14,鳴門,一般,６　６６６５６　４　６６,2026-07-22,2026-07-26,13,尼崎,一般,５　６　６６６　５６,2026-07-05,2026-07-09,24,大村,一般,６　６６６　５　５６,2026-05-29,2026-06-03,11,びわこ,一般,６　６５６　６６６　６６
202609071602,2026-09-07,16,02R,4410,井上 大輔,2026-08-26,2026-08-30,14,鳴門,一般,２　５５２２６５２６,2026-08-08,2026-08-13,16,児島,一般,５　２２１４４　１１５５,2026-07-23,2026-07-27,01,桐生,一般,６２２　３４２　６５,2026-07-07,2026-07-12,20,若松,ＧⅢ,３　５４１６４　４６２,2026-06-25,2026-06-29,21,芦屋,一般,４４５　４５５　６６,5124,上瀧 絢也,2026-08-20,2026-08-23,24,大村,一般,６２２　４５５,2026-08-09,2026-08-14,23,からつ,一般,３４４　３４６　６　５４,2026-07-27,2026-08-01,10,三国,一般,４２６　５６２　４　５５,2026-07-09,2026-07-13,14,鳴門,一般,５１１　３５６５２６,2026-06-25,2026-06-29,21,芦屋,一般,６　５３２６３　２６,5326,三嶌 さらら,2026-08-26,2026-08-30,14,鳴門,一般,１　３６２６３　５５,2026-08-17,2026-08-21,15,丸亀,一般,５６６　６　６６１,2026-07-25,2026-07-30,04,平和島,一般,４　２６１５４　５２２６,2026-07-13,2026-07-18,13,尼崎,ＧⅢ,２　１２１　３５５１[５],2026-07-03,2026-07-08,13,尼崎,一般,１　６２５６６　３　４５,4374,永田 義紘,2026-08-22,2026-08-27,08,常滑,ＧⅢ,４４４　５５５　３　転５,2026-08-05,2026-08-10,14,鳴門,一般,F　５　５　３　６　５４,2026-07-23,2026-07-28,03,江戸川,ＧⅢ,５４４　６４１　６２４４,2026-07-11,2026-07-14,04,平和島,一般,６　６５１　２４,2026-06-24,2026-06-29,09,津,一般,４２１５６　５　３６５３,5047,國分 将太郎,2026-08-25,2026-08-30,09,津,一般,１２１　５３６　１３[４],2026-08-11,2026-08-16,04,平和島,一般,６　２２２１４　３３５２,2026-07-23,2026-07-28,03,江戸川,ＧⅢ,２　６４３　２１１１６４,2026-07-14,2026-07-19,21,芦屋,一般,５３５　２１１　３５３１,2026-06-30,2026-07-05,06,浜名湖,一般,４６３　４３１　５５４,5338,香月 大輝,2026-08-22,2026-08-26,20,若松,一般,３３２　５５４　３２,2026-08-10,2026-08-15,21,芦屋,一般,３３５　６５６　４４１,2026-07-15,2026-07-21,12,住之江,一般,４　１５３　４１２４４１１転,2026-07-01,2026-07-06,22,福岡,一般,６４３　１４４　６５４,2026-06-21,2026-06-26,16,児島,一般,４　３４３　３２６　６３
202609071603,2026-09-07,16,03R,5074,大澤 誠也,2026-08-22,2026-08-27,22,福岡,一般,４　５６５　６２６　５４,2026-08-10,2026-08-15,08,常滑,一般,５４３　５２４　６３１,2026-07-27,2026-08-01,09,津,一般,４　１,2026-07-10,2026-07-13,19,下関,一般,１　６３４４４,2026-06-28,2026-07-03,20,若松,一般,４　１４５　１３４６６,4131,原 豊土,2026-08-23,2026-08-27,18,徳山,一般,３３１４２　１４６２,2026-08-11,2026-08-16,06,浜名湖,一般,２　６２２　１１４２[４],2026-07-28,2026-08-02,15,丸亀,一般,５６１　５４３　５　３６,2026-07-07,2026-07-12,20,若松,ＧⅢ,３　３１２１６　６２３,2026-06-25,2026-06-30,01,桐生,ＧⅢ,３　４６５　４３４　５３,4314,青木 幸太郎,2026-08-24,2026-08-29,13,尼崎,一般,６　５２３４１　６２４２,2026-08-03,2026-08-08,04,平和島,ＧⅢ,３　３３５２４２５　２３,2026-07-20,2026-07-25,15,丸亀,一般,１　５３１４２　４４１３,2026-07-10,2026-07-15,22,福岡,一般,３４１２２６２　４５１４,2026-06-25,2026-06-29,21,芦屋,一般,１　３４１２５３５１,4460,後藤 翔之,2026-08-25,2026-08-30,17,宮島,一般,４　転４５５４２２　３４,2026-08-11,2026-08-16,04,平和島,一般,２２１１２３１　２１[１],2026-07-31,2026-08-04,13,尼崎,一般,２４２４３　１６３６,2026-07-21,2026-07-26,23,からつ,一般,４　２３３４３６３３４,2026-07-11,2026-07-16,03,江戸川,一般,２２２１４　１２３２[転],4072,森永 淳,2026-08-09,2026-08-14,23,からつ,一般,１２１　３１１２１２[４],2026-08-02,2026-08-05,21,芦屋,一般,１１３４１１[２],2026-07-21,2026-07-26,23,からつ,一般,１１１　１３２１２５１２,2026-06-27,2026-07-01,02,戸田,一般,１４２１３３５２[２],2026-06-17,2026-06-22,17,宮島,ＧⅢ,３４３３１１１　１４１１,4499,滝川 真由子,2026-08-26,2026-08-30,14,鳴門,一般,２３６　５１２　３６,2026-08-09,2026-08-14,23,からつ,一般,３　４３２２３　３５４５,2026-07-01,2026-07-06,07,蒲郡,一般,４２３　４３３　４３３,2026-06-12,2026-06-17,22,福岡,ＧⅢ,５６２　５２４　３３１,2026-05-24,2026-05-29,24,大村,一般,５３１　１２３　５F３
202609071604,2026-09-07,16,04R,5076,石原 光,2026-08-21,2026-08-24,07,蒲郡,一般,１３４２１エ３,2026-08-11,2026-08-16,06,浜名湖,一般,４１４　２４２　１６１５,2026-08-03,2026-08-08,04,平和島,ＧⅢ,４　６２５５２　４４２,2026-07-24,2026-07-27,06,浜名湖,一般,５　６３１５４２,2026-07-17,2026-07-22,16,児島,ＧⅢ,４６３　６　４２５　１３,5109,川崎 智稔,2026-08-22,2026-08-27,08,常滑,ＧⅢ,６３３　３２F　５　５,2026-08-08,2026-08-13,16,児島,一般,６　２３６　１５６　２６,2026-07-24,2026-07-27,12,住之江,一般,４　２２５５２５,2026-07-11,2026-07-16,03,江戸川,一般,３　３６１　３４２　３６,2026-06-28,2026-07-03,20,若松,一般,２　５６３　５６３　５,4286,平田 さやか,2026-08-25,2026-08-30,09,津,一般,２４１　２２２　５２[５],2026-08-12,2026-08-17,24,大村,ＧⅢ,３２２　２３４　４５３１,2026-08-03,2026-08-08,17,宮島,一般,２１１　３３３５１５２４,2026-07-25,2026-07-30,04,平和島,一般,３２５　１５転２３２２４,2026-07-10,2026-07-15,06,浜名湖,一般,３　５６５　５２３　１１,4828,松山 将吾,2026-08-27,2026-08-31,04,平和島,一般,１３２２２１５１[２],2026-08-14,2026-08-19,10,三国,一般,２２５　４３４３２１[３],2026-08-04,2026-08-09,12,住之江,一般,５　３２４　４５５１４４,2026-07-22,2026-07-26,13,尼崎,一般,１６F４２　５　４,2026-07-10,2026-07-14,09,津,一般,１６１　１１５１[１],4449,中嶋 達也,2026-08-24,2026-08-29,13,尼崎,一般,４　６５５　２５５　５１,2026-08-17,2026-08-20,20,若松,一般,６５６　６　６５,2026-08-08,2026-08-11,05,多摩川,一般,５５４４６　５,2026-07-31,2026-08-04,13,尼崎,一般,４６転,2026-07-23,2026-07-27,01,桐生,一般,３　２４２５,4789,古賀 智之,2026-08-25,2026-08-30,17,宮島,一般,１２５３３６４　６　４１,2026-07-23,2026-07-27,01,桐生,一般,３転６転,2026-07-10,2026-07-15,22,福岡,一般,６　１３２５４６５　２５,2026-06-20,2026-06-25,06,浜名湖,一般,４４１　５３５　２２１２,2026-06-11,2026-06-15,20,若松,一般,５　５１３６２　６３
202609071605,2026-09-07,16,05R,3988,古川 誠之,2026-08-24,2026-08-29,13,尼崎,一般,４　４１３３３　２３３３,2026-08-11,2026-08-16,07,蒲郡,一般,４　４３４１１　１６１５,2026-07-31,2026-08-05,06,浜名湖,ＧⅢ,１４４２５　３５１　３３,2026-07-20,2026-07-25,15,丸亀,一般,３３２１２　３３１３[５],2026-07-10,2026-07-14,09,津,一般,５２２４２　２２３５,5335,森 陽多,2026-08-24,2026-08-29,10,三国,一般,６　３６１　３６４　２５,2026-08-12,2026-08-17,24,大村,ＧⅢ,６３６　５２６　６　４５,2026-07-28,2026-08-02,15,丸亀,一般,６　５６３　４６２　５,2026-07-19,2026-07-24,19,下関,ＧⅢ,２　６６３　５６６　４１,2026-06-23,2026-06-28,07,蒲郡,一般,６　６６２　６６６　３３,5063,大塚 雅治,2026-08-21,2026-08-26,03,江戸川,一般,２２１　４２５　１３１３,2026-08-03,2026-08-08,19,下関,一般,５　１３２　４３３６２５,2026-07-22,2026-07-27,14,鳴門,一般,６２６　２　４１２３３５,2026-07-14,2026-07-17,24,大村,一般,５　１５１　６６,2026-06-30,2026-07-05,06,浜名湖,一般,１　６４６　５６４　６６,5299,西丸 敦基,2026-08-27,2026-09-01,07,蒲郡,一般,２　２４１４５６１６１２,2026-08-17,2026-08-21,15,丸亀,一般,２４２　１２２１[２],2026-07-30,2026-08-04,08,常滑,一般,２　５２６　２４３３１,2026-07-19,2026-07-24,22,福岡,ＧⅢ,１　４　６３１　６　１３,2026-07-10,2026-07-13,19,下関,一般,２３１　２３４１,4350,篠崎 元志,2026-08-25,2026-08-30,01,桐生,ＳＧ,６１４　４　２３１４４,2026-08-12,2026-08-17,22,福岡,一般,１２１１１　１２４１[１],2026-08-04,2026-08-09,12,住之江,一般,１１１４２　４１３１[２],2026-07-27,2026-08-01,10,三国,一般,３１２１２　１１３１[４],2026-07-16,2026-07-21,11,びわこ,一般,１１３　３１１２３１[３],4382,高山 智至,2026-08-24,2026-08-29,13,尼崎,一般,４３２　１５３　１４２５,2026-08-15,2026-08-20,11,びわこ,一般,４　５４６　４５３　３６,2026-07-29,2026-08-03,22,福岡,一般,４５３　４６５　２５４３,2026-07-16,2026-07-21,11,びわこ,一般,４４４　３４４５３　４５,2026-06-30,2026-07-05,23,からつ,一般,２５転　４　２妨５　２
202609071606,2026-09-07,16,06R,4728,山口 亮,2026-08-28,2026-08-31,23,からつ,一般,２４２　１２[５],2026-08-11,2026-08-16,04,平和島,一般,５３２　４３６　１５１,2026-07-31,2026-08-05,05,多摩川,一般,２３４　５　４３６６１,2026-06-25,2026-06-29,18,徳山,一般,４３６　５２４　３４,2026-06-11,2026-06-15,20,若松,一般,６２２　３５５　５６,4446,和田 兼輔,2026-08-25,2026-08-30,01,桐生,ＳＧ,１　５４５　５　５２１,2026-08-09,2026-08-14,13,尼崎,一般,２５１　５２４２４　２２,2026-07-24,2026-07-29,17,宮島,一般,３３３　１３２１５２[１],2026-07-15,2026-07-20,18,徳山,一般,１３５２１F３　５　３,2026-06-30,2026-07-05,16,児島,ＧⅡ,５４３　４　４１３１４,4549,小林 文彦,2026-08-24,2026-08-28,15,丸亀,一般,３３５　２５２４４,2026-08-17,2026-08-21,13,尼崎,一般,２４２　２４１４２３,2026-08-03,2026-08-08,04,平和島,ＧⅢ,２　４６４４３　１２５３,2026-07-15,2026-07-19,08,常滑,一般,２２２２１　４２[４],2026-07-04,2026-07-09,18,徳山,一般,２３２４２３１　１２[４],4067,永井 源,2026-08-22,2026-08-26,20,若松,一般,１　１５１３２４１２,2026-08-11,2026-08-16,07,蒲郡,一般,１　５６５　３５６３３,2026-08-03,2026-08-08,04,平和島,ＧⅢ,５　４６２　１４１２５１,2026-07-23,2026-07-28,03,江戸川,ＧⅢ,４２１　１３１　１　[２],2026-07-14,2026-07-17,24,大村,一般,３　１４２４２１,5423,高橋 嗣穏,2026-08-16,2026-08-19,14,鳴門,一般,６　６６６　６６,2026-08-05,2026-08-10,14,鳴門,一般,６　６６６５６　４　６６,2026-07-22,2026-07-26,13,尼崎,一般,５　６　６６６　５６,2026-07-05,2026-07-09,24,大村,一般,６　６６６　５　５６,2026-05-29,2026-06-03,11,びわこ,一般,６　６５６　６６６　６６,3866,木山 誠一,2026-08-24,2026-08-29,13,尼崎,一般,４５１　５F５　４　６,2026-07-17,2026-07-22,16,児島,ＧⅢ,６６３　５　６６２　４,2026-07-05,2026-07-09,05,多摩川,一般,３６６６５　５　５,2026-06-24,2026-06-29,09,津,一般,３　６２２　２４２６４６,2026-06-15,2026-06-20,21,芦屋,一般,２　３１５　３５F３４
202609071607,2026-09-07,16,07R,5047,國分 将太郎,2026-08-25,2026-08-30,09,津,一般,１２１　５３６　１３[４],2026-08-11,2026-08-16,04,平和島,一般,６　２２２１４　３３５２,2026-07-23,2026-07-28,03,江戸川,ＧⅢ,２　６４３　２１１１６４,2026-07-14,2026-07-19,21,芦屋,一般,５３５　２１１　３５３１,2026-06-30,2026-07-05,06,浜名湖,一般,４６３　４３１　５５４,4788,小池 哲也,2026-08-27,2026-09-01,07,蒲郡,一般,５　３１２　４４３１５６,2026-08-13,2026-08-18,12,住之江,一般,３　２６５　４３３　３２,2026-08-02,2026-08-05,21,芦屋,一般,５３５２４　４３,2026-07-20,2026-07-25,15,丸亀,一般,不　１１３２３　２２[６],2026-07-11,2026-07-14,04,平和島,一般,１１３　１５３１,3284,渡邊 伸太郎,2026-08-23,2026-08-27,18,徳山,一般,４　２５２４３６２,2026-08-06,2026-08-10,24,大村,一般,２３５　２３１３３６,2026-07-24,2026-07-27,06,浜名湖,一般,１　３４３２５３,2026-07-09,2026-07-14,15,丸亀,一般,４　１４３５４　１２３５,2026-06-03,2026-06-07,07,蒲郡,一般,６２４　５３４,4359,横川 聖志,2026-08-26,2026-08-30,14,鳴門,一般,２　２６３４５３５３,2026-08-15,2026-08-20,18,徳山,一般,４４５　２３２５４　５１,2026-07-07,2026-07-12,08,常滑,一般,３　３２１１１５１２[６],2026-06-26,2026-07-01,17,宮島,一般,２　３２３５１５１６５６,2026-06-16,2026-06-21,09,津,一般,６　２５６　６５４　６,4030,森高 一真,2026-08-25,2026-08-30,01,桐生,ＳＧ,４　５　２４５　３３５,2026-08-17,2026-08-21,15,丸亀,一般,３２３４３１５３４２,2026-08-06,2026-08-09,02,戸田,一般,３４２６２２２４,2026-07-28,2026-08-02,11,びわこ,ＳＧ,５　２　４４３　４４４,2026-07-13,2026-07-18,07,蒲郡,ＧⅡ,３１４　１　５４２１２,5464,宮田 栞,2026-08-07,2026-08-12,20,若松,一般,５　６５６６６　６　６６,2026-07-14,2026-07-19,21,芦屋,一般,６　６６５　６６６　５,2026-06-25,2026-06-29,18,徳山,一般,６　６　６６６　５６,2026-06-01,2026-06-05,19,下関,一般,６　６６５　６　６５,2026-05-09,2026-05-12,20,若松,一般,６　６５６　５６
202609071608,2026-09-07,16,08R,4374,永田 義紘,2026-08-22,2026-08-27,08,常滑,ＧⅢ,４４４　５５５　３　転５,2026-08-05,2026-08-10,14,鳴門,一般,F　５　５　３　６　５４,2026-07-23,2026-07-28,03,江戸川,ＧⅢ,５４４　６４１　６２４４,2026-07-11,2026-07-14,04,平和島,一般,６　６５１　２４,2026-06-24,2026-06-29,09,津,一般,４２１５６　５　３６５３,4441,末永 由楽,2026-08-30,2026-09-03,08,常滑,一般,２　１４５３１４４３,2026-08-20,2026-08-23,23,からつ,一般,１６５２２５３５,2026-08-08,2026-08-13,16,児島,一般,３５１　１６５　１２２５,2026-07-22,2026-07-27,14,鳴門,一般,３５３１２５１　３３２１,2026-07-11,2026-07-14,04,平和島,一般,３１４４４　１５,5292,佐藤 右京,2026-08-25,2026-08-30,09,津,一般,２　４３１　２２６４５５,2026-08-11,2026-08-16,04,平和島,一般,５　５５落,2026-07-29,2026-08-01,18,徳山,一般,４　６５６　４３,2026-07-15,2026-07-19,08,常滑,一般,３２２６５　２５１,2026-07-02,2026-07-06,21,芦屋,一般,１　１２１４２６１６,4754,松尾 充,2026-08-26,2026-08-31,11,びわこ,一般,２５３１１　２４３３２１,2026-08-15,2026-08-20,09,津,一般,３２１　４１３１４２[４],2026-07-31,2026-08-05,05,多摩川,一般,１　２６５１２６１　２２,2026-07-15,2026-07-20,18,徳山,一般,１３３３１６２　１４５３,2026-07-03,2026-07-06,09,津,一般,３１３２３　[４],4131,原 豊土,2026-08-23,2026-08-27,18,徳山,一般,３３１４２　１４６２,2026-08-11,2026-08-16,06,浜名湖,一般,２　６２２　１１４２[４],2026-07-28,2026-08-02,15,丸亀,一般,５６１　５４３　５　３６,2026-07-07,2026-07-12,20,若松,ＧⅢ,３　３１２１６　６２３,2026-06-25,2026-06-30,01,桐生,ＧⅢ,３　４６５　４３４　５３,4364,池永 太,2026-08-29,2026-09-03,19,下関,一般,３６５欠,2026-08-20,2026-08-25,21,芦屋,一般,１１１４１４５　１３４１,2026-08-07,2026-08-12,20,若松,一般,２４３　２２２２２４１２,2026-07-27,2026-08-01,09,津,一般,１５６,2026-07-07,2026-07-12,02,戸田,ＧⅡ,５２１　１　２３４　３６
202609071609,2026-09-07,16,09R,4286,平田 さやか,2026-08-25,2026-08-30,09,津,一般,２４１　２２２　５２[５],2026-08-12,2026-08-17,24,大村,ＧⅢ,３２２　２３４　４５３１,2026-08-03,2026-08-08,17,宮島,一般,２１１　３３３５１５２４,2026-07-25,2026-07-30,04,平和島,一般,３２５　１５転２３２２４,2026-07-10,2026-07-15,06,浜名湖,一般,３　５６５　５２３　１１,5265,大廣 咲季,2026-08-26,2026-08-30,14,鳴門,一般,６　５４６　５　６４,2026-08-17,2026-08-21,15,丸亀,一般,６３６　６　６５３,2026-08-03,2026-08-08,17,宮島,一般,６６６　４５２　５　３２,2026-07-25,2026-07-30,04,平和島,一般,５６６　２　５５６　１４,2026-07-13,2026-07-18,13,尼崎,ＧⅢ,４　５転５　２４５　３,4499,滝川 真由子,2026-08-26,2026-08-30,14,鳴門,一般,２３６　５１２　３６,2026-08-09,2026-08-14,23,からつ,一般,３　４３２２３　３５４５,2026-07-01,2026-07-06,07,蒲郡,一般,４２３　４３３　４３３,2026-06-12,2026-06-17,22,福岡,ＧⅢ,５６２　５２４　３３１,2026-05-24,2026-05-29,24,大村,一般,５３１　１２３　５F３,5326,三嶌 さらら,2026-08-26,2026-08-30,14,鳴門,一般,１　３６２６３　５５,2026-08-17,2026-08-21,15,丸亀,一般,５６６　６　６６１,2026-07-25,2026-07-30,04,平和島,一般,４　２６１５４　５２２６,2026-07-13,2026-07-18,13,尼崎,ＧⅢ,２　１２１　３５５１[５],2026-07-03,2026-07-08,13,尼崎,一般,１　６２５６６　３　４５,4924,中北 涼,2026-08-24,2026-08-29,10,三国,一般,４５４　６　５６３　６,2026-08-12,2026-08-17,24,大村,ＧⅢ,２３３　２３２２４　４,2026-07-28,2026-08-02,15,丸亀,一般,６４５　６６１　５　４６,2026-07-07,2026-07-12,11,びわこ,一般,４３３　５３４　６５２２,2026-06-24,2026-06-29,12,住之江,一般,２３２　１４４　５６３４,5358,増本 杏珠,2026-08-24,2026-08-29,10,三国,一般,４　５　２５４　２５３,2026-08-12,2026-08-17,24,大村,ＧⅢ,５３４５４　２　５４５,2026-08-03,2026-08-08,17,宮島,一般,６４４　６　５６６　６６,2026-07-25,2026-07-29,20,若松,一般,５　６６６４４４２,2026-07-15,2026-07-19,17,宮島,一般,５　５４６　５５６５
202609071610,2026-09-07,16,10R,4314,青木 幸太郎,2026-08-24,2026-08-29,13,尼崎,一般,６　５２３４１　６２４２,2026-08-03,2026-08-08,04,平和島,ＧⅢ,３　３３５２４２５　２３,2026-07-20,2026-07-25,15,丸亀,一般,１　５３１４２　４４１３,2026-07-10,2026-07-15,22,福岡,一般,３４１２２６２　４５１４,2026-06-25,2026-06-29,21,芦屋,一般,１　３４１２５３５１,4343,村岡 賢,2026-08-22,2026-08-27,08,常滑,ＧⅢ,５　４４５　６６５　４４,2026-08-05,2026-08-10,14,鳴門,一般,５６５　５２５　６　４４,2026-07-21,2026-07-26,23,からつ,一般,６２４　５　６４５　２５,2026-07-11,2026-07-14,04,平和島,一般,３５６　４４３,2026-07-04,2026-07-09,01,桐生,一般,４　３６３　４３３　３６,5299,西丸 敦基,2026-08-27,2026-09-01,07,蒲郡,一般,２　２４１４５６１６１２,2026-08-17,2026-08-21,15,丸亀,一般,２４２　１２２１[２],2026-07-30,2026-08-04,08,常滑,一般,２　５２６　２４３３１,2026-07-19,2026-07-24,22,福岡,ＧⅢ,１　４　６３１　６　１３,2026-07-10,2026-07-13,19,下関,一般,２３１　２３４１,4797,中山 将,2026-08-27,2026-08-31,04,平和島,一般,４２５　１６４６３３,2026-08-14,2026-08-19,10,三国,一般,６　５６２６１６６　６,2026-08-05,2026-08-10,09,津,一般,１３３F２　３　３　３,2026-07-14,2026-07-17,24,大村,一般,６６１１１F４,2026-06-30,2026-07-04,19,下関,一般,３２１　２３３４５６,5109,川崎 智稔,2026-08-22,2026-08-27,08,常滑,ＧⅢ,６３３　３２F　５　５,2026-08-08,2026-08-13,16,児島,一般,６　２３６　１５６　２６,2026-07-24,2026-07-27,12,住之江,一般,４　２２５５２５,2026-07-11,2026-07-16,03,江戸川,一般,３　３６１　３４２　３６,2026-06-28,2026-07-03,20,若松,一般,２　５６３　５６３　５,5124,上瀧 絢也,2026-08-20,2026-08-23,24,大村,一般,６２２　４５５,2026-08-09,2026-08-14,23,からつ,一般,３４４　３４６　６　５４,2026-07-27,2026-08-01,10,三国,一般,４２６　５６２　４　５５,2026-07-09,2026-07-13,14,鳴門,一般,５１１　３５６５２６,2026-06-25,2026-06-29,21,芦屋,一般,６　５３２６３　２６
202609071611,2026-09-07,16,11R,4436,渋谷 明憲,2026-08-28,2026-08-31,23,からつ,一般,１６１２３２[６],2026-08-13,2026-08-18,12,住之江,一般,２２２　１４６　５３１３,2026-08-03,2026-08-08,17,宮島,一般,５２２　４６２４６　５２,2026-07-23,2026-07-28,21,芦屋,一般,３２５　２１３１３２[５],2026-06-18,2026-06-21,20,若松,一般,２１３　３１[１],3988,古川 誠之,2026-08-24,2026-08-29,13,尼崎,一般,４　４１３３３　２３３３,2026-08-11,2026-08-16,07,蒲郡,一般,４　４３４１１　１６１５,2026-07-31,2026-08-05,06,浜名湖,ＧⅢ,１４４２５　３５１　３３,2026-07-20,2026-07-25,15,丸亀,一般,３３２１２　３３１３[５],2026-07-10,2026-07-14,09,津,一般,５２２４２　２２３５,4410,井上 大輔,2026-08-26,2026-08-30,14,鳴門,一般,２　５５２２６５２６,2026-08-08,2026-08-13,16,児島,一般,５　２２１４４　１１５５,2026-07-23,2026-07-27,01,桐生,一般,６２２　３４２　６５,2026-07-07,2026-07-12,20,若松,ＧⅢ,３　５４１６４　４６２,2026-06-25,2026-06-29,21,芦屋,一般,４４５　４５５　６６,4549,小林 文彦,2026-08-24,2026-08-28,15,丸亀,一般,３３５　２５２４４,2026-08-17,2026-08-21,13,尼崎,一般,２４２　２４１４２３,2026-08-03,2026-08-08,04,平和島,ＧⅢ,２　４６４４３　１２５３,2026-07-15,2026-07-19,08,常滑,一般,２２２２１　４２[４],2026-07-04,2026-07-09,18,徳山,一般,２３２４２３１　１２[４],5076,石原 光,2026-08-21,2026-08-24,07,蒲郡,一般,１３４２１エ３,2026-08-11,2026-08-16,06,浜名湖,一般,４１４　２４２　１６１５,2026-08-03,2026-08-08,04,平和島,ＧⅢ,４　６２５５２　４４２,2026-07-24,2026-07-27,06,浜名湖,一般,５　６３１５４２,2026-07-17,2026-07-22,16,児島,ＧⅢ,４６３　６　４２５　１３,4460,後藤 翔之,2026-08-25,2026-08-30,17,宮島,一般,４　転４５５４２２　３４,2026-08-11,2026-08-16,04,平和島,一般,２２１１２３１　２１[１],2026-07-31,2026-08-04,13,尼崎,一般,２４２４３　１６３６,2026-07-21,2026-07-26,23,からつ,一般,４　２３３４３６３３４,2026-07-11,2026-07-16,03,江戸川,一般,２２２１４　１２３２[転]
202609071612,2026-09-07,16,12R,4350,篠崎 元志,2026-08-25,2026-08-30,01,桐生,ＳＧ,６１４　４　２３１４４,2026-08-12,2026-08-17,22,福岡,一般,１２１１１　１２４１[１],2026-08-04,2026-08-09,12,住之江,一般,１１１４２　４１３１[２],2026-07-27,2026-08-01,10,三国,一般,３１２１２　１１３１[４],2026-07-16,2026-07-21,11,びわこ,一般,１１３　３１１２３１[３],4030,森高 一真,2026-08-25,2026-08-30,01,桐生,ＳＧ,４　５　２４５　３３５,2026-08-17,2026-08-21,15,丸亀,一般,３２３４３１５３４２,2026-08-06,2026-08-09,02,戸田,一般,３４２６２２２４,2026-07-28,2026-08-02,11,びわこ,ＳＧ,５　２　４４３　４４４,2026-07-13,2026-07-18,07,蒲郡,ＧⅡ,３１４　１　５４２１２,4072,森永 淳,2026-08-09,2026-08-14,23,からつ,一般,１２１　３１１２１２[４],2026-08-02,2026-08-05,21,芦屋,一般,１１３４１１[２],2026-07-21,2026-07-26,23,からつ,一般,１１１　１３２１２５１２,2026-06-27,2026-07-01,02,戸田,一般,１４２１３３５２[２],2026-06-17,2026-06-22,17,宮島,ＧⅢ,３４３３１１１　１４１１,4364,池永 太,2026-08-29,2026-09-03,19,下関,一般,３６５欠,2026-08-20,2026-08-25,21,芦屋,一般,１１１４１４５　１３４１,2026-08-07,2026-08-12,20,若松,一般,２４３　２２２２２４１２,2026-07-27,2026-08-01,09,津,一般,１５６,2026-07-07,2026-07-12,02,戸田,ＧⅡ,５２１　１　２３４　３６,4446,和田 兼輔,2026-08-25,2026-08-30,01,桐生,ＳＧ,１　５４５　５　５２１,2026-08-09,2026-08-14,13,尼崎,一般,２５１　５２４２４　２２,2026-07-24,2026-07-29,17,宮島,一般,３３３　１３２１５２[１],2026-07-15,2026-07-20,18,徳山,一般,１３５２１F３　５　３,2026-06-30,2026-07-05,16,児島,ＧⅡ,５４３　４　４１３１４,4828,松山 将吾,2026-08-27,2026-08-31,04,平和島,一般,１３２２２１５１[２],2026-08-14,2026-08-19,10,三国,一般,２２５　４３４３２１[３],2026-08-04,2026-08-09,12,住之江,一般,５　３２４　４５５１４４,2026-07-22,2026-07-26,13,尼崎,一般,１６F４２　５　４,2026-07-10,2026-07-14,09,津,一般,１６１　１１５１[１]
202609072201,2026-09-07,22,01R,3966,作間 章,2026-08-22,2026-08-27,08,常滑,ＧⅢ,４５１　２５２１６６３４,2026-08-11,2026-08-16,04,平和島,一般,３５２　５４５１２　２２,2026-07-28,2026-08-02,15,丸亀,一般,３　４３３２４　３４５１,2026-07-15,2026-07-20,18,徳山,一般,３５５４２　４２５　３１,2026-07-03,2026-07-08,13,尼崎,一般,２１５　１４,3467,森 弘行,2026-08-15,2026-08-20,05,多摩川,一般,２６２　４　５６１　３６,2026-08-03,2026-08-08,19,下関,一般,６　３２１　２２２５２６,2026-07-24,2026-07-27,12,住之江,一般,５　３５３　１４,2026-07-14,2026-07-17,24,大村,一般,２５６　６　３６,2026-07-05,2026-07-09,05,多摩川,一般,５　３　６４３４３３,5133,堀越 雄貴,2026-08-17,2026-08-21,13,尼崎,一般,４３１　２６２　４３,2026-07-11,2026-07-16,03,江戸川,一般,５　４２１　４６２　３２,2026-06-25,2026-06-30,01,桐生,ＧⅢ,４６２　１６２　３３１,2026-06-14,2026-06-17,12,住之江,一般,F４４,2026-05-25,2026-05-30,17,宮島,一般,６　２２３　４６１　４４,5004,河野 主樹,2026-08-24,2026-08-29,13,尼崎,一般,F　３　２　５　２　６３,2026-08-13,2026-08-18,12,住之江,一般,４　２５５　５５４　２４,2026-07-31,2026-08-05,05,多摩川,一般,５１３　１３４,2026-07-21,2026-07-26,23,からつ,一般,２　２５４　３２５６１５,2026-07-03,2026-07-08,12,住之江,一般,３１３　１４１　４２[２],3928,林 恵祐,2026-08-17,2026-08-21,13,尼崎,一般,６　４５４　５６３,2026-07-31,2026-08-05,06,浜名湖,ＧⅢ,４　６６６　３２６　５３,2026-07-15,2026-07-20,18,徳山,一般,４　３６６　５１５　３６,2026-07-02,2026-07-07,04,平和島,一般,５　５４３　１４４６５,2026-06-22,2026-06-27,23,からつ,一般,３　３４４　１６４３２５,5381,有山 望,2026-08-24,2026-08-28,15,丸亀,一般,１　５　６６４　１２,2026-07-14,2026-07-17,24,大村,一般,４４４　２６５,2026-07-01,2026-07-06,07,蒲郡,一般,５　４４４３３　５３５,2026-06-22,2026-06-27,23,からつ,一般,４５４　４５１　５３５,2026-06-11,2026-06-16,03,江戸川,一般,３４６６１　５２４　F４
202609072202,2026-09-07,22,02R,5289,佃 來紀,2026-08-24,2026-08-28,15,丸亀,一般,１６５妨４,2026-08-13,2026-08-18,12,住之江,一般,５　２２２　２４３４不３,2026-07-30,2026-08-04,08,常滑,一般,２３２　３　５３１４５２,2026-07-18,2026-07-23,09,津,ＧⅢ,１　１４３　１　２　[６],2026-07-05,2026-07-09,24,大村,一般,２５４　５４１６２,3523,寳田 亮治,2026-08-20,2026-08-23,23,からつ,一般,４５４　１　４３,2026-08-05,2026-08-10,14,鳴門,一般,３４５　５　２２３　６２,2026-07-20,2026-07-25,15,丸亀,一般,４６５　６５２　４３３,2026-06-25,2026-06-30,13,尼崎,一般,５　６３２　１５３２４,2026-06-13,2026-06-16,06,浜名湖,一般,６３６　５３５４,5007,近藤 雄一郎,2026-08-20,2026-08-23,24,大村,一般,４３５　４４４,2026-08-09,2026-08-15,03,江戸川,一般,５　３４２　５１１　４５,2026-07-24,2026-07-27,02,戸田,一般,３３３　１５１５,2026-06-17,2026-06-20,07,蒲郡,一般,４　５５１５６,2026-05-29,2026-06-03,11,びわこ,一般,５　４４４　３４３　１５,4632,長尾 京志郎,2026-08-20,2026-08-23,04,平和島,一般,１３２　６６３３,2026-08-04,2026-08-09,10,三国,一般,４４２　３２４　１６３,2026-07-23,2026-07-27,01,桐生,一般,６５４　５　３４５２,2026-07-10,2026-07-15,22,福岡,一般,４２６　３４５　３４２,2026-06-30,2026-07-05,23,からつ,一般,　　　　　　　　　　２２,4114,深澤 達徳,2026-08-15,2026-08-20,05,多摩川,一般,３４４　４　４６５　６,2026-08-03,2026-08-08,04,平和島,ＧⅢ,５　２１３　５１３２[４],2026-07-22,2026-07-26,08,常滑,一般,３１３４５　３６５６,2026-07-10,2026-07-14,09,津,一般,５　６　６５４３１４,2026-06-25,2026-06-30,01,桐生,ＧⅢ,６　６４６　５５３　６６,4095,福来 剛,2026-08-20,2026-08-23,04,平和島,一般,６１５３３５４５,2026-08-09,2026-08-15,03,江戸川,一般,３２１　F１３　６１２,2026-07-31,2026-08-05,05,多摩川,一般,１２３　１１２１２１[１],2026-07-24,2026-07-27,02,戸田,一般,２１１１１１[２],2026-06-17,2026-06-22,24,大村,ＧⅡ,５　３２１　２　５　４４
202609072203,2026-09-07,22,03R,3432,宮迫 暢彦,2026-08-15,2026-08-20,11,びわこ,一般,４　６３５３４　５　３４,2026-07-04,2026-07-09,01,桐生,一般,６２４　６６３　５　５３,2026-06-25,2026-06-29,18,徳山,一般,３５落　６　４５６２,2026-06-17,2026-06-20,07,蒲郡,一般,２２３４２６１５,2026-05-29,2026-06-04,09,津,ＧⅢ,F　６　５　６６３　６,4377,濱本 優一,2026-08-22,2026-08-27,08,常滑,ＧⅢ,２４６１６　５５３　１１,2026-08-13,2026-08-18,12,住之江,一般,３　３５２　３１５６３６,2026-07-29,2026-08-03,23,からつ,一般,６６２　３５１６１　４５,2026-07-19,2026-07-23,05,多摩川,一般,３１３４５６２　３４,2026-07-10,2026-07-14,09,津,一般,２４３　３３１５１６,4368,山口 隆史,2026-08-17,2026-08-21,13,尼崎,一般,６　５３５　２５４,2026-08-03,2026-08-08,19,下関,一般,６４４　１４５　５６４３,2026-07-21,2026-07-26,23,からつ,一般,３　２１５５３　２３１４,2026-07-02,2026-07-06,21,芦屋,一般,６　６２５５５　２１,2026-05-17,2026-05-23,15,丸亀,一般,６５１　５５１　１６１　６４,4379,桑島 和宏,2026-08-20,2026-08-23,02,戸田,一般,４　５欠,2026-08-09,2026-08-15,03,江戸川,一般,３４３　３５３　２４４,2026-07-31,2026-08-03,20,若松,一般,５２３　２３２１,2026-07-19,2026-07-23,05,多摩川,一般,４３１　２４２４６２,2026-07-10,2026-07-15,23,からつ,一般,１２４　４４３３４４２１,4792,杉村 賢也,2026-05-28,2026-06-02,01,桐生,一般,４２４妨４５１　５,2026-05-10,2026-05-15,16,児島,一般,４６４３１　３５４２６２,2026-04-27,2026-05-02,05,多摩川,一般,１F５　５　６　５　５,2026-04-17,2026-04-22,13,尼崎,一般,３　２５４３４４F　６,2026-04-05,2026-04-10,02,戸田,一般,不,4904,松本 一毅,2026-08-22,2026-08-27,08,常滑,ＧⅢ,２４６　２４６　４６５,2026-08-14,2026-08-19,10,三国,一般,４１２　４６２６５　２,2026-08-08,2026-08-11,05,多摩川,一般,４３１２１　３２,2026-07-24,2026-07-29,17,宮島,一般,３　４５５　６６４　３２,2026-07-14,2026-07-19,21,芦屋,一般,２１３　５６６　３２１
202609072204,2026-09-07,22,04R,4815,伏島 祐介,2026-08-20,2026-08-23,04,平和島,一般,６３４　１３４１,2026-08-09,2026-08-15,03,江戸川,一般,５　５６４　４５５　２３,2026-07-24,2026-07-27,12,住之江,一般,５５４　６　４４,2026-04-19,2026-04-22,06,浜名湖,一般,２６６　５６５５,2026-04-07,2026-04-13,24,大村,一般,６５３　１　５６５６６　４,5081,篠原 飛翔,2026-08-22,2026-08-26,20,若松,一般,４２４　３６５６３６,2026-06-26,2026-07-01,17,宮島,一般,４３６５３　４６１　４２,2026-04-29,2026-05-04,22,福岡,一般,１３２　５２転,2026-04-18,2026-04-23,24,大村,一般,４　２２１２２２１４４２,2026-03-28,2026-04-02,23,からつ,一般,５　３４３５１F６　４,3948,大町 利克,2026-08-20,2026-08-23,23,からつ,一般,６　５６２　５６,2026-08-05,2026-08-10,09,津,一般,４　３５６　２６５　５,2026-07-24,2026-07-27,12,住之江,一般,２３６　５３２,2026-07-09,2026-07-13,16,児島,一般,３４５　６５４　４６,2026-06-26,2026-07-01,17,宮島,一般,４３４　４６６３６　５,4958,溝口 海義也,2026-08-20,2026-08-25,21,芦屋,一般,３６５　３３４３１３１２,2026-08-07,2026-08-12,20,若松,一般,２３２２２５２　１５２３,2026-07-23,2026-07-28,03,江戸川,ＧⅢ,３４３　５６１　１３１５,2026-07-10,2026-07-15,22,福岡,一般,２　１５２５１３２２[６],2026-07-02,2026-07-06,21,芦屋,一般,１５３４２１１１[２],5371,早川 颯太,2026-08-09,2026-08-15,03,江戸川,一般,６５３　４F６　６６５４,2026-07-23,2026-07-27,01,桐生,一般,６　６　４４１　６４,2026-07-10,2026-07-14,09,津,一般,５６６　６５６　６６,2026-06-28,2026-07-02,05,多摩川,一般,６　４　５５５５６,2026-06-11,2026-06-16,03,江戸川,一般,６５６　６５５６３　６５,5190,大月 遊雅,2026-08-20,2026-08-23,24,大村,一般,６　５４１　１３,2026-08-06,2026-08-09,02,戸田,一般,６３５　３　６４,2026-07-24,2026-07-27,12,住之江,一般,６　５５６　４５,2026-06-29,2026-07-03,11,びわこ,一般,６５５　１　１１６５,2026-06-20,2026-06-25,15,丸亀,一般,２４６　３４落　転３３
202609072205,2026-09-07,22,05R,3107,平岡 重典,2026-08-19,2026-08-24,19,下関,一般,３　４１６　１６４５５６,2026-06-07,2026-06-12,09,津,一般,３　４４２　１５４５５４,2026-05-20,2026-05-25,05,多摩川,一般,５６４　５,2026-05-06,2026-05-10,21,芦屋,一般,３　４６５４,2026-04-23,2026-04-28,16,児島,一般,５　６５５　５５,3703,鳥飼 眞,2026-08-22,2026-08-26,20,若松,一般,１　２２５２２５５４,2026-08-07,2026-08-11,15,丸亀,一般,５２６４２　５２４１,2026-07-15,2026-07-19,17,宮島,一般,３５４,2026-07-05,2026-07-09,24,大村,一般,１　３４３３３４１２,2026-06-25,2026-06-29,21,芦屋,一般,１２３　６４５　１２,5381,有山 望,2026-08-24,2026-08-28,15,丸亀,一般,１　５　６６４　１２,2026-07-14,2026-07-17,24,大村,一般,４４４　２６５,2026-07-01,2026-07-06,07,蒲郡,一般,５　４４４３３　５３５,2026-06-22,2026-06-27,23,からつ,一般,４５４　４５１　５３５,2026-06-11,2026-06-16,03,江戸川,一般,３４６６１　５２４　F４,5054,佐々木 大河,2026-08-19,2026-08-24,19,下関,一般,１５２１２　転１４５２２,2026-07-03,2026-07-08,12,住之江,一般,１　欠欠,2026-06-18,2026-06-21,20,若松,一般,１　４１５６１４,2026-06-09,2026-06-14,11,びわこ,一般,１５２　５２３　１１[６],2026-05-29,2026-06-02,14,鳴門,一般,３３２１１　２５１２,4100,松田 隆司,2026-08-20,2026-08-23,24,大村,一般,６　１６６　６６,2026-08-09,2026-08-14,23,からつ,一般,４２３　６６１　１６２４,2026-07-29,2026-08-01,18,徳山,一般,５　４４６　４２,2026-07-16,2026-07-21,11,びわこ,一般,１　１５６３６２１　３３,2026-06-30,2026-07-05,06,浜名湖,一般,６４６　５３６　２　５３,4944,田代 達也,2026-08-27,2026-08-31,04,平和島,一般,３６３　３　２６１３,2026-08-20,2026-08-23,04,平和島,一般,４　６６４　１４,2026-08-04,2026-08-09,12,住之江,一般,６　１５落　１５５　３２,2026-07-20,2026-07-25,15,丸亀,一般,４　４５４　妨５５　３６,2026-07-10,2026-07-13,19,下関,一般,５５５　５　３６
202609072206,2026-09-07,22,06R,3888,山本 英志,2026-08-20,2026-08-23,02,戸田,一般,３　２１５４２５,2026-08-09,2026-08-15,03,江戸川,一般,２　２３F　４４５　６２,2026-08-02,2026-08-05,21,芦屋,一般,１５６　３４３,2026-07-22,2026-07-25,24,大村,一般,１５４２３５１２,2026-07-11,2026-07-16,03,江戸川,一般,２４４　５４２３１　４４,4301,関 裕也,2026-08-17,2026-08-21,13,尼崎,一般,３２４　２２４６１６,2026-08-03,2026-08-08,19,下関,一般,２６６　６　６５,2026-07-22,2026-07-25,24,大村,一般,５　１６４　５６,2026-07-10,2026-07-15,22,福岡,一般,５　２６５　６３４,2026-06-22,2026-06-27,23,からつ,一般,４４５,5235,岩田 凌,2026-08-15,2026-08-20,11,びわこ,一般,４　６３４　転６５　４３,2026-08-04,2026-08-09,12,住之江,一般,５　６３１　４６５　２６,2026-07-18,2026-07-21,04,平和島,一般,６　６５６　３１,2026-07-01,2026-07-06,07,蒲郡,一般,６３１　４　５４３２５,2026-06-11,2026-06-16,16,児島,一般,６４３　６　４２４　５６,4759,今泉 友吾,2026-08-22,2026-08-27,08,常滑,ＧⅢ,３３３２３１１５４３３１,2026-08-11,2026-08-16,04,平和島,一般,２４３　２２３１４３１５,2026-07-31,2026-08-05,05,多摩川,一般,４６３１１　１２２１[２],2026-07-13,2026-07-18,07,蒲郡,ＧⅡ,４１６　６　４３２４２,2026-07-03,2026-07-08,13,尼崎,一般,３３４１１　１２１４２１,3523,寳田 亮治,2026-08-20,2026-08-23,23,からつ,一般,４５４　１　４３,2026-08-05,2026-08-10,14,鳴門,一般,３４５　５　２２３　６２,2026-07-20,2026-07-25,15,丸亀,一般,４６５　６５２　４３３,2026-06-25,2026-06-30,13,尼崎,一般,５　６３２　１５３２４,2026-06-13,2026-06-16,06,浜名湖,一般,６３６　５３５４,5133,堀越 雄貴,2026-08-17,2026-08-21,13,尼崎,一般,４３１　２６２　４３,2026-07-11,2026-07-16,03,江戸川,一般,５　４２１　４６２　３２,2026-06-25,2026-06-30,01,桐生,ＧⅢ,４６２　１６２　３３１,2026-06-14,2026-06-17,12,住之江,一般,F４４,2026-05-25,2026-05-30,17,宮島,一般,６　２２３　４６１　４４
202609072207,2026-09-07,22,07R,4148,枝尾 賢,2026-08-20,2026-08-23,23,からつ,一般,２３転６,2026-08-07,2026-08-12,20,若松,一般,１１３　２３２３３１[３],2026-07-29,2026-08-01,18,徳山,一般,５　１３１３２１,2026-07-13,2026-07-18,07,蒲郡,ＧⅡ,６　２４４　６４３　１,2026-06-30,2026-07-05,16,児島,ＧⅡ,４　２　６３２　１４３４,4114,深澤 達徳,2026-08-15,2026-08-20,05,多摩川,一般,３４４　４　４６５　６,2026-08-03,2026-08-08,04,平和島,ＧⅢ,５　２１３　５１３２[４],2026-07-22,2026-07-26,08,常滑,一般,３１３４５　３６５６,2026-07-10,2026-07-14,09,津,一般,５　６　６５４３１４,2026-06-25,2026-06-30,01,桐生,ＧⅢ,６　６４６　５５３　６６,3928,林 恵祐,2026-08-17,2026-08-21,13,尼崎,一般,６　４５４　５６３,2026-07-31,2026-08-05,06,浜名湖,ＧⅢ,４　６６６　３２６　５３,2026-07-15,2026-07-20,18,徳山,一般,４　３６６　５１５　３６,2026-07-02,2026-07-07,04,平和島,一般,５　５４３　１４４６５,2026-06-22,2026-06-27,23,からつ,一般,３　３４４　１６４３２５,4792,杉村 賢也,2026-05-28,2026-06-02,01,桐生,一般,４２４妨４５１　５,2026-05-10,2026-05-15,16,児島,一般,４６４３１　３５４２６２,2026-04-27,2026-05-02,05,多摩川,一般,１F５　５　６　５　５,2026-04-17,2026-04-22,13,尼崎,一般,３　２５４３４４F　６,2026-04-05,2026-04-10,02,戸田,一般,不,4905,土井 祥伍,2026-08-20,2026-08-23,23,からつ,一般,５　６５５,2026-08-13,2026-08-18,12,住之江,一般,５６５　３５１　２　２２,2026-08-04,2026-08-09,10,三国,一般,１　５６４１３　５２５１,2026-07-21,2026-07-26,23,からつ,一般,４３５　５　５２３６２,2026-07-12,2026-07-16,05,多摩川,一般,３　２　４４４６４２,5426,甲斐 貴大,2026-08-07,2026-08-12,20,若松,一般,６　３５６３６　６　５４,2026-07-29,2026-08-03,22,福岡,一般,　　　　　　　　　　３３,2026-07-23,2026-07-28,21,芦屋,一般,　　　　　　　　　　５６,2026-07-14,2026-07-17,24,大村,一般,６６６　５　６６,2026-07-02,2026-07-06,21,芦屋,一般,６５６　５　６６２
202609072208,2026-09-07,22,08R,4379,桑島 和宏,2026-08-20,2026-08-23,02,戸田,一般,４　５欠,2026-08-09,2026-08-15,03,江戸川,一般,３４３　３５３　２４４,2026-07-31,2026-08-03,20,若松,一般,５２３　２３２１,2026-07-19,2026-07-23,05,多摩川,一般,４３１　２４２４６２,2026-07-10,2026-07-15,23,からつ,一般,１２４　４４３３４４２１,4632,長尾 京志郎,2026-08-20,2026-08-23,04,平和島,一般,１３２　６６３３,2026-08-04,2026-08-09,10,三国,一般,４４２　３２４　１６３,2026-07-23,2026-07-27,01,桐生,一般,６５４　５　３４５２,2026-07-10,2026-07-15,22,福岡,一般,４２６　３４５　３４２,2026-06-30,2026-07-05,23,からつ,一般,　　　　　　　　　　２２,4393,田中 孝明,2026-08-17,2026-08-21,15,丸亀,一般,５６４　３　１５６,2026-08-02,2026-08-05,21,芦屋,一般,１　６４５　４５,2026-07-14,2026-07-19,01,桐生,一般,３　５２４　２５６　４,2026-06-30,2026-07-05,06,浜名湖,一般,５　１４４　５６３　４６,2026-06-17,2026-06-22,13,尼崎,一般,１　１４６４５　５４５４,4651,佐藤 大騎,2026-08-17,2026-08-20,20,若松,一般,６５転,2026-08-04,2026-08-09,12,住之江,一般,５　５６４　６６１,2026-07-24,2026-07-27,02,戸田,一般,１　５４２６６２,2026-07-12,2026-07-16,05,多摩川,一般,３　４　３５４５５４,2026-05-31,2026-06-05,13,尼崎,一般,４６５　２　５４,5004,河野 主樹,2026-08-24,2026-08-29,13,尼崎,一般,F　３　２　５　２　６３,2026-08-13,2026-08-18,12,住之江,一般,４　２５５　５５４　２４,2026-07-31,2026-08-05,05,多摩川,一般,５１３　１３４,2026-07-21,2026-07-26,23,からつ,一般,２　２５４　３２５６１５,2026-07-03,2026-07-08,12,住之江,一般,３１３　１４１　４２[２],5371,早川 颯太,2026-08-09,2026-08-15,03,江戸川,一般,６５３　４F６　６６５４,2026-07-23,2026-07-27,01,桐生,一般,６　６　４４１　６４,2026-07-10,2026-07-14,09,津,一般,５６６　６５６　６６,2026-06-28,2026-07-02,05,多摩川,一般,６　４　５５５５６,2026-06-11,2026-06-16,03,江戸川,一般,６５６　６５５６３　６５
202609072209,2026-09-07,22,09R,5081,篠原 飛翔,2026-08-22,2026-08-26,20,若松,一般,４２４　３６５６３６,2026-06-26,2026-07-01,17,宮島,一般,４３６５３　４６１　４２,2026-04-29,2026-05-04,22,福岡,一般,１３２　５２転,2026-04-18,2026-04-23,24,大村,一般,４　２２１２２２１４４２,2026-03-28,2026-04-02,23,からつ,一般,５　３４３５１F６　４,5054,佐々木 大河,2026-08-19,2026-08-24,19,下関,一般,１５２１２　転１４５２２,2026-07-03,2026-07-08,12,住之江,一般,１　欠欠,2026-06-18,2026-06-21,20,若松,一般,１　４１５６１４,2026-06-09,2026-06-14,11,びわこ,一般,１５２　５２３　１１[６],2026-05-29,2026-06-02,14,鳴門,一般,３３２１１　２５１２,4329,小松 卓司,2026-08-17,2026-08-21,13,尼崎,一般,２　４５５３３　３３,2026-08-03,2026-08-08,04,平和島,ＧⅢ,２　２４６４６　６５２,2026-07-22,2026-07-25,24,大村,一般,３　６３４６５,2026-07-10,2026-07-15,22,福岡,一般,２　６１３　３４２５３６,2026-06-25,2026-06-29,18,徳山,一般,５２２　４６２　２５,4368,山口 隆史,2026-08-17,2026-08-21,13,尼崎,一般,６　５３５　２５４,2026-08-03,2026-08-08,19,下関,一般,６４４　１４５　５６４３,2026-07-21,2026-07-26,23,からつ,一般,３　２１５５３　２３１４,2026-07-02,2026-07-06,21,芦屋,一般,６　６２５５５　２１,2026-05-17,2026-05-23,15,丸亀,一般,６５１　５５１　１６１　６４,3467,森 弘行,2026-08-15,2026-08-20,05,多摩川,一般,２６２　４　５６１　３６,2026-08-03,2026-08-08,19,下関,一般,６　３２１　２２２５２６,2026-07-24,2026-07-27,12,住之江,一般,５　３５３　１４,2026-07-14,2026-07-17,24,大村,一般,２５６　６　３６,2026-07-05,2026-07-09,05,多摩川,一般,５　３　６４３４３３,5007,近藤 雄一郎,2026-08-20,2026-08-23,24,大村,一般,４３５　４４４,2026-08-09,2026-08-15,03,江戸川,一般,５　３４２　５１１　４５,2026-07-24,2026-07-27,02,戸田,一般,３３３　１５１５,2026-06-17,2026-06-20,07,蒲郡,一般,４　５５１５６,2026-05-29,2026-06-03,11,びわこ,一般,５　４４４　３４３　１５
202609072210,2026-09-07,22,10R,4904,松本 一毅,2026-08-22,2026-08-27,08,常滑,ＧⅢ,２４６　２４６　４６５,2026-08-14,2026-08-19,10,三国,一般,４１２　４６２６５　２,2026-08-08,2026-08-11,05,多摩川,一般,４３１２１　３２,2026-07-24,2026-07-29,17,宮島,一般,３　４５５　６６４　３２,2026-07-14,2026-07-19,21,芦屋,一般,２１３　５６６　３２１,4958,溝口 海義也,2026-08-20,2026-08-25,21,芦屋,一般,３６５　３３４３１３１２,2026-08-07,2026-08-12,20,若松,一般,２３２２２５２　１５２３,2026-07-23,2026-07-28,03,江戸川,ＧⅢ,３４３　５６１　１３１５,2026-07-10,2026-07-15,22,福岡,一般,２　１５２５１３２２[６],2026-07-02,2026-07-06,21,芦屋,一般,１５３４２１１１[２],4759,今泉 友吾,2026-08-22,2026-08-27,08,常滑,ＧⅢ,３３３２３１１５４３３１,2026-08-11,2026-08-16,04,平和島,一般,２４３　２２３１４３１５,2026-07-31,2026-08-05,05,多摩川,一般,４６３１１　１２２１[２],2026-07-13,2026-07-18,07,蒲郡,ＧⅡ,４１６　６　４３２４２,2026-07-03,2026-07-08,13,尼崎,一般,３３４１１　１２１４２１,3966,作間 章,2026-08-22,2026-08-27,08,常滑,ＧⅢ,４５１　２５２１６６３４,2026-08-11,2026-08-16,04,平和島,一般,３５２　５４５１２　２２,2026-07-28,2026-08-02,15,丸亀,一般,３　４３３２４　３４５１,2026-07-15,2026-07-20,18,徳山,一般,３５５４２　４２５　３１,2026-07-03,2026-07-08,13,尼崎,一般,２１５　１４,5289,佃 來紀,2026-08-24,2026-08-28,15,丸亀,一般,１６５妨４,2026-08-13,2026-08-18,12,住之江,一般,５　２２２　２４３４不３,2026-07-30,2026-08-04,08,常滑,一般,２３２　３　５３１４５２,2026-07-18,2026-07-23,09,津,ＧⅢ,１　１４３　１　２　[６],2026-07-05,2026-07-09,24,大村,一般,２５４　５４１６２,3703,鳥飼 眞,2026-08-22,2026-08-26,20,若松,一般,１　２２５２２５５４,2026-08-07,2026-08-11,15,丸亀,一般,５２６４２　５２４１,2026-07-15,2026-07-19,17,宮島,一般,３５４,2026-07-05,2026-07-09,24,大村,一般,１　３４３３３４１２,2026-06-25,2026-06-29,21,芦屋,一般,１２３　６４５　１２
202609072211,2026-09-07,22,11R,4095,福来 剛,2026-08-20,2026-08-23,04,平和島,一般,６１５３３５４５,2026-08-09,2026-08-15,03,江戸川,一般,３２１　F１３　６１２,2026-07-31,2026-08-05,05,多摩川,一般,１２３　１１２１２１[１],2026-07-24,2026-07-27,02,戸田,一般,２１１１１１[２],2026-06-17,2026-06-22,24,大村,ＧⅡ,５　３２１　２　５　４４,4100,松田 隆司,2026-08-20,2026-08-23,24,大村,一般,６　１６６　６６,2026-08-09,2026-08-14,23,からつ,一般,４２３　６６１　１６２４,2026-07-29,2026-08-01,18,徳山,一般,５　４４６　４２,2026-07-16,2026-07-21,11,びわこ,一般,１　１５６３６２１　３３,2026-06-30,2026-07-05,06,浜名湖,一般,６４６　５３６　２　５３,4377,濱本 優一,2026-08-22,2026-08-27,08,常滑,ＧⅢ,２４６１６　５５３　１１,2026-08-13,2026-08-18,12,住之江,一般,３　３５２　３１５６３６,2026-07-29,2026-08-03,23,からつ,一般,６６２　３５１６１　４５,2026-07-19,2026-07-23,05,多摩川,一般,３１３４５６２　３４,2026-07-10,2026-07-14,09,津,一般,２４３　３３１５１６,4815,伏島 祐介,2026-08-20,2026-08-23,04,平和島,一般,６３４　１３４１,2026-08-09,2026-08-15,03,江戸川,一般,５　５６４　４５５　２３,2026-07-24,2026-07-27,12,住之江,一般,５５４　６　４４,2026-04-19,2026-04-22,06,浜名湖,一般,２６６　５６５５,2026-04-07,2026-04-13,24,大村,一般,６５３　１　５６５６６　４,4148,枝尾 賢,2026-08-20,2026-08-23,23,からつ,一般,２３転６,2026-08-07,2026-08-12,20,若松,一般,１１３　２３２３３１[３],2026-07-29,2026-08-01,18,徳山,一般,５　１３１３２１,2026-07-13,2026-07-18,07,蒲郡,ＧⅡ,６　２４４　６４３　１,2026-06-30,2026-07-05,16,児島,ＧⅡ,４　２　６３２　１４３４,4301,関 裕也,2026-08-17,2026-08-21,13,尼崎,一般,３２４　２２４６１６,2026-08-03,2026-08-08,19,下関,一般,２６６　６　６５,2026-07-22,2026-07-25,24,大村,一般,５　１６４　５６,2026-07-10,2026-07-15,22,福岡,一般,５　２６５　６３４,2026-06-22,2026-06-27,23,からつ,一般,４４５
202609072212,2026-09-07,22,12R,4932,新開 航,2026-08-20,2026-08-23,24,大村,一般,１１３１３１[４],2026-08-07,2026-08-12,20,若松,一般,１２１１１１３　５１[１],2026-07-28,2026-08-02,11,びわこ,ＳＧ,３５４　２　１５１　３５,2026-07-18,2026-07-21,04,平和島,一般,２５４４１１１１,2026-07-07,2026-07-12,02,戸田,ＧⅡ,１２５　３　転１１　２５,4077,品田 直樹,2026-08-20,2026-08-23,24,大村,一般,２６１　１４２５,2026-08-09,2026-08-15,03,江戸川,一般,２　５２５　４６６６１,2026-07-27,2026-08-01,10,三国,一般,４１４５４４１　３　１３,2026-07-18,2026-07-21,04,平和島,一般,４３３　６４６６,2026-07-05,2026-07-09,05,多摩川,一般,１　６３３５２５５６,4535,北山 康介,2026-08-15,2026-08-20,05,多摩川,一般,１１１　２５２　３１[６],2026-07-10,2026-07-13,19,下関,一般,２３１２１１[３],2026-06-25,2026-06-30,13,尼崎,一般,１２２　２１２４４１[２],2026-06-16,2026-06-21,18,徳山,ＧⅢ,４２１４２２１　２２[６],2026-06-06,2026-06-10,24,大村,一般,２４１１F　２　３,3915,繁野谷 圭介,2026-08-24,2026-08-28,15,丸亀,一般,１１２５２　５５１５,2026-08-15,2026-08-20,18,徳山,一般,１３２　４２２３２３[６],2026-07-31,2026-08-04,13,尼崎,一般,１　１３５４１４１３,2026-07-07,2026-07-12,10,三国,ＧⅢ,２　１２２３４３１３１６,2026-06-28,2026-07-02,05,多摩川,一般,１　２５２４４３２４,4737,竹井 貴史,2026-08-21,2026-08-26,03,江戸川,一般,４　６１２　３１２３[６],2026-08-12,2026-08-17,22,福岡,一般,４　５５６４２１２５１,2026-07-29,2026-08-03,23,からつ,一般,２６２１６　１２４２[６],2026-06-20,2026-06-25,06,浜名湖,一般,１２４２２２３　５２[３],2026-06-06,2026-06-10,24,大村,一般,１３２　３１２３３１,4155,長野 壮志郎,2026-08-21,2026-08-24,07,蒲郡,一般,２１１６４３３１,2026-08-07,2026-08-12,20,若松,一般,５２４２１　４２１３４１,2026-07-27,2026-08-01,09,津,一般,２５２,2026-07-15,2026-07-21,12,住之江,一般,３　１２１　４６２６,2026-07-02,2026-07-07,04,平和島,一般,４　１３３６４３１　３
202609072401,2026-09-07,24,01R,4715,村上 遼,2026-08-28,2026-08-31,23,からつ,一般,３１１６１４３４,2026-08-17,2026-08-21,13,尼崎,一般,４４１１３３２３６１,2026-08-06,2026-08-10,24,大村,一般,２１２６１１３２[４],2026-07-24,2026-07-29,17,宮島,一般,２４１１１１２　２１[３],2026-07-13,2026-07-18,07,蒲郡,ＧⅡ,５４３　５　４６２　５６,5026,安河内 健,2026-08-21,2026-08-26,06,浜名湖,一般,落３３　１４１５５１５１,2026-08-09,2026-08-14,23,からつ,一般,３１２２１　１１５１[１],2026-07-31,2026-08-03,20,若松,一般,１３２３１３１１,2026-07-22,2026-07-26,13,尼崎,一般,４２１　４２１２[２],2026-07-11,2026-07-16,03,江戸川,一般,１　６２２３３　１２[４],4398,船岡 洋一郎,2026-08-29,2026-09-03,19,下関,一般,３１４３１　２１４６３３,2026-08-14,2026-08-19,17,宮島,一般,１３４　６２５１１２[４],2026-08-05,2026-08-10,09,津,一般,４５１１４　１３２４３,2026-07-23,2026-07-28,03,江戸川,ＧⅢ,１４３　１５,2026-07-10,2026-07-15,23,からつ,一般,１２１　１３２１１１[２],5058,前原 大道,2026-08-30,2026-09-02,21,芦屋,一般,３２１１２２[５],2026-08-20,2026-08-23,02,戸田,一般,２１６２４１１２,2026-08-08,2026-08-13,16,児島,一般,４２１４６　１３妨２２,2026-07-31,2026-08-04,13,尼崎,一般,２６１１１３１１[５],2026-07-19,2026-07-24,22,福岡,ＧⅢ,３　２１３３６　５　１５,3909,佐々木 康幸,2026-08-28,2026-09-02,05,多摩川,ＧⅢ,２６２１６　１１２１[３],2026-08-11,2026-08-16,06,浜名湖,一般,３２１　３１１２１１[１],2026-07-31,2026-08-05,06,浜名湖,ＧⅢ,３５２　１６５１３１[２],2026-07-18,2026-07-21,20,若松,一般,１２４４１４１３,2026-07-07,2026-07-12,10,三国,ＧⅢ,２４４３１　２１３２[２],4960,黒野 元基,2026-08-22,2026-08-27,08,常滑,ＧⅢ,３１４１１６１４４１[４],2026-08-11,2026-08-16,07,蒲郡,一般,２５３２１２１１１１[３],2026-07-29,2026-08-03,22,福岡,一般,２２３４５５１　１４１３,2026-07-15,2026-07-21,12,住之江,一般,１５２１１　３２３４１６２３,2026-07-05,2026-07-09,24,大村,一般,３３２　１１１１[３]
202609072402,2026-09-07,24,02R,5088,高憧 四季,2026-08-24,2026-08-29,10,三国,一般,６３４１１　１４３３５６,2026-08-06,2026-08-11,18,徳山,ＧⅠ,５　４３３４５　３　４１,2026-07-28,2026-08-02,15,丸亀,一般,３３２　１４３２３４F１,2026-07-18,2026-07-23,09,津,ＧⅢ,６　５６６６５　３,2026-07-07,2026-07-12,11,びわこ,一般,４１１２２４１３２１[５],4483,北野 輝季,2026-08-26,2026-08-31,11,びわこ,一般,５１２　１１１１３１[５],2026-08-17,2026-08-21,13,尼崎,一般,２５１１１１３１[１],2026-08-03,2026-08-08,04,平和島,ＧⅢ,３２１　３６２２４３１２,2026-07-22,2026-07-27,14,鳴門,一般,５３１２５　１２２３５２,2026-07-07,2026-07-12,20,若松,ＧⅢ,１２２２２　１６２２[６],3822,平尾 崇典,2026-08-30,2026-09-03,08,常滑,一般,エ５,2026-08-20,2026-08-23,23,からつ,一般,２２１１２４２２,2026-08-08,2026-08-13,16,児島,一般,１１２　２２１６落２[４],2026-07-24,2026-07-27,12,住之江,一般,３３１　３１[２],2026-07-12,2026-07-16,05,多摩川,一般,６４４３１３１６１４,4096,石橋 道友,2026-08-30,2026-09-02,21,芦屋,一般,６６,2026-08-19,2026-08-24,19,下関,一般,１４４　４１２２２２[４],2026-08-06,2026-08-10,24,大村,一般,１１１　１１２１[１],2026-07-20,2026-07-25,15,丸亀,一般,１４３５４　２１３３２１,2026-07-05,2026-07-09,24,大村,一般,６２２　３２１３４１,4188,久田 敏之,2026-08-25,2026-08-30,01,桐生,ＳＧ,６　４１４　１２６　１４,2026-08-11,2026-08-16,01,桐生,一般,１２１１１　２２１　[２],2026-08-03,2026-08-08,04,平和島,ＧⅢ,３１１　４１１１３１[５],2026-07-25,2026-07-29,20,若松,一般,２２２４１　２２[３],2026-07-09,2026-07-14,15,丸亀,一般,１１２　１１１１２１[１],4524,深谷 知博,2026-08-29,2026-09-03,19,下関,一般,３１５　２１１２４１[３],2026-06-23,2026-06-28,14,鳴門,ＳＧ,３　１５５　５　３５５,2026-06-08,2026-06-13,13,尼崎,ＧⅠ,４　６４５３１　３　１,2026-05-26,2026-05-31,06,浜名湖,ＳＧ,５４３　２　５１３　５５,2026-05-15,2026-05-20,21,芦屋,ＧⅠ,５１３　４　６１４　３５
202609072403,2026-09-07,24,03R,4688,永井 彪也,2026-08-27,2026-08-31,04,平和島,一般,１１１２５４１２[１],2026-08-15,2026-08-20,05,多摩川,一般,３３４６１　５１１４２２,2026-08-04,2026-08-09,10,三国,一般,３２３１２５２　３４１２,2026-07-23,2026-07-28,03,江戸川,ＧⅢ,２６２　１１４　５　３３,2026-07-10,2026-07-15,06,浜名湖,一般,３１３２１　２１４１[１],4482,守屋 美穂,2026-08-27,2026-08-31,04,平和島,一般,１４３３１１４１[３],2026-08-18,2026-08-23,16,児島,一般,１２２　１２３１３１[１],2026-08-06,2026-08-11,18,徳山,ＧⅠ,６２１　１　６１２　[４],2026-06-30,2026-07-05,16,児島,ＧⅡ,５　３３３２４　３　１４,2026-06-21,2026-06-24,10,三国,一般,５５２１３６５５,5224,西岡 顕心,2026-08-25,2026-08-30,01,桐生,ＳＧ,３２３　４　６６２　２,2026-08-17,2026-08-21,15,丸亀,一般,３５３１２５２５１１,2026-08-06,2026-08-09,02,戸田,一般,１５１１３１[４],2026-07-28,2026-08-02,11,びわこ,ＳＧ,２　１６３　２３２　[４],2026-07-19,2026-07-24,22,福岡,ＧⅢ,４　５３,4704,河野 大,2026-08-30,2026-09-03,08,常滑,一般,４６６２２　１３１３,2026-08-20,2026-08-23,23,からつ,一般,５１１３１２[３],2026-08-05,2026-08-10,14,鳴門,一般,１４１５２　３４１６６５,2026-07-24,2026-07-27,02,戸田,一般,２４１２１２[６],2026-07-14,2026-07-19,21,芦屋,一般,４４２　１１２２１５３３,5028,原田 才一郎,2026-08-30,2026-09-03,08,常滑,一般,５４１１４１３２[６],2026-08-21,2026-08-26,03,江戸川,一般,１６１　２１２１５１[４],2026-08-07,2026-08-12,20,若松,一般,１　２３３４６１２２[４],2026-07-28,2026-07-31,24,大村,一般,１４１２１１[１],2026-07-19,2026-07-24,22,福岡,ＧⅢ,３１２　４４２　２６３１,3415,松井 繁,2026-08-25,2026-08-30,01,桐生,ＳＧ,５　１　５５４　１６３,2026-08-13,2026-08-18,12,住之江,一般,２３１　２５１　２２[５],2026-07-28,2026-08-02,11,びわこ,ＳＧ,６　６２５１４　３６２,2026-07-13,2026-07-18,07,蒲郡,ＧⅡ,３　５１４３２　５　１３,2026-07-03,2026-07-08,13,尼崎,一般,１１１２１　１６２１[２]
202609072404,2026-09-07,24,04R,5191,飛田 江己,2026-08-22,2026-08-27,22,福岡,一般,１　２５６１３１３３４１,2026-08-12,2026-08-17,02,戸田,一般,１４２１４　１１１　[４],2026-08-03,2026-08-08,19,下関,一般,１２１F３　４　３　３,2026-07-18,2026-07-23,09,津,ＧⅢ,４３５　２３２　１１１３,2026-07-01,2026-07-06,07,蒲郡,一般,６　１１４　３１４４１１,4908,上田 龍星,2026-08-26,2026-08-30,14,鳴門,一般,１５３６１３６２[６],2026-08-15,2026-08-20,18,徳山,一般,１　２６２１４１３１[３],2026-08-07,2026-08-11,15,丸亀,一般,２２１２２３３１[４],2026-07-27,2026-08-01,09,津,一般,４３５,2026-07-18,2026-07-21,20,若松,一般,２５１１１２[６],4776,竹田 和哉,2026-08-30,2026-09-02,21,芦屋,一般,１３３２１２[４],2026-08-16,2026-08-19,14,鳴門,一般,２３３１転１[１],2026-08-07,2026-08-11,15,丸亀,一般,１１１２３４３１[１],2026-07-29,2026-08-03,22,福岡,一般,３５１　１２２４４３２１,2026-07-15,2026-07-19,17,宮島,一般,４３１１１１１２[２],3590,濱野谷 憲吾,2026-08-25,2026-08-30,01,桐生,ＳＧ,２　２６６　６　２４６,2026-08-15,2026-08-20,05,多摩川,一般,２２３　１２１１４１[３],2026-08-03,2026-08-08,04,平和島,ＧⅢ,４４５　１１２５４２[３],2026-07-22,2026-07-26,08,常滑,一般,３１２２３３１２[４],2026-07-07,2026-07-12,02,戸田,ＧⅡ,１３１　５　１３２　[４],4494,河合 佑樹,2026-08-25,2026-08-30,01,桐生,ＳＧ,５　２６６　１　６４４,2026-08-15,2026-08-20,09,津,一般,１１１２２　１２２１[１],2026-07-07,2026-07-12,02,戸田,ＧⅡ,５５２　５　６３５　２４,2026-06-23,2026-06-28,14,鳴門,ＳＧ,５６４　２　２３１　３５,2026-06-08,2026-06-13,13,尼崎,ＧⅠ,３　６５３　２　３２３,4544,松田 大志郎,2026-08-30,2026-09-03,08,常滑,一般,１１４２１２５１[１],2026-08-21,2026-08-24,07,蒲郡,一般,２１２４３１[１],2026-08-10,2026-08-15,21,芦屋,一般,１３４２２１５　１１[３],2026-06-30,2026-07-05,16,児島,ＧⅡ,４　２１４１５　５　１１,2026-06-19,2026-06-24,11,びわこ,一般,２１１２１２２２３３[４]
202609072405,2026-09-07,24,05R,4961,西橋 奈未,2026-08-24,2026-08-29,10,三国,一般,２１２　３３５１４４１５,2026-08-06,2026-08-11,18,徳山,ＧⅠ,３２２　３　５１２　[６],2026-07-25,2026-07-30,04,平和島,一般,２２１１２　１２３１[３],2026-07-18,2026-07-21,20,若松,一般,１６３１２３４２,2026-07-07,2026-07-12,02,戸田,ＧⅡ,４６５　４　５５３　１,3952,中澤 和志,2026-08-30,2026-09-03,08,常滑,一般,１６１１２３１４１５,2026-08-21,2026-08-24,07,蒲郡,一般,３３１４４３３１,2026-08-12,2026-08-17,02,戸田,一般,３１１　４３５　１　１,2026-07-27,2026-08-01,09,津,一般,２２１,2026-07-18,2026-07-21,04,平和島,一般,４６２６１５３１,5016,宮田 龍馬,2026-08-26,2026-08-31,11,びわこ,一般,１５２１３２１　３１[１],2026-08-17,2026-08-21,13,尼崎,一般,１１１３３４１２[３],2026-08-05,2026-08-10,14,鳴門,一般,１　３５２４４２１４３２,2026-07-19,2026-07-24,22,福岡,ＧⅢ,３４１　４４５　４３３,2026-06-08,2026-06-13,13,尼崎,ＧⅠ,１　３３６　３　１２３６,4571,菅 章哉,2026-08-25,2026-08-30,01,桐生,ＳＧ,１　６　６６２　４４５,2026-08-17,2026-08-21,13,尼崎,一般,１３２３１１１１[２],2026-08-05,2026-08-10,14,鳴門,一般,１５１１１３１　１１[１],2026-06-23,2026-06-28,14,鳴門,ＳＧ,６　F　５４６　６　６,2026-06-08,2026-06-13,13,尼崎,ＧⅠ,５１６　１　４４６　１６,4497,桑原 悠,2026-08-25,2026-08-30,01,桐生,ＳＧ,５　１　６５４　５２３,2026-08-17,2026-08-20,20,若松,一般,１２２１６１[１],2026-08-06,2026-08-10,24,大村,一般,１１２１４　４１[２],2026-07-21,2026-07-26,23,からつ,一般,１３３　２１１３３１[２],2026-07-07,2026-07-12,02,戸田,ＧⅡ,１　５３１　１　３　３１,4335,若林 将,2026-08-15,2026-08-20,05,多摩川,一般,３２５４６　４３４　４,2026-08-04,2026-08-09,12,住之江,一般,３４２　３２４２１３５１,2026-07-23,2026-07-28,03,江戸川,ＧⅢ,２　２２２　２２１　[F],2026-07-10,2026-07-15,06,浜名湖,一般,１４１６１１３　３１[２],2026-07-01,2026-07-06,22,福岡,一般,１５１１５３１　３１[３]
202609072406,2026-09-07,24,06R,5058,前原 大道,2026-08-30,2026-09-02,21,芦屋,一般,３２１１２２[５],2026-08-20,2026-08-23,02,戸田,一般,２１６２４１１２,2026-08-08,2026-08-13,16,児島,一般,４２１４６　１３妨２２,2026-07-31,2026-08-04,13,尼崎,一般,２６１１１３１１[５],2026-07-19,2026-07-24,22,福岡,ＧⅢ,３　２１３３６　５　１５,4504,前田 将太,2026-08-21,2026-08-26,03,江戸川,一般,２　１２３１１　４１[３],2026-08-12,2026-08-17,22,福岡,一般,１２２　１２２３１１[４],2026-08-03,2026-08-08,04,平和島,ＧⅢ,６３４１２３４　３４２２,2026-07-25,2026-07-29,20,若松,一般,１１３　２１３１[１],2026-07-10,2026-07-15,22,福岡,一般,２３１６１　１３３１[４],4907,小池 修平,2026-08-28,2026-08-31,23,からつ,一般,２２２１５１[２],2026-08-13,2026-08-18,12,住之江,一般,５　３４４１５３４１４,2026-08-06,2026-08-09,02,戸田,一般,１２１２４　[５],2026-07-23,2026-07-28,03,江戸川,ＧⅢ,１　３１２　２落,2026-07-07,2026-07-12,20,若松,ＧⅢ,３４１３３１１　３２[５],3983,須藤 博倫,2026-08-26,2026-08-30,14,鳴門,一般,１４２１４１１２[２],2026-08-12,2026-08-17,02,戸田,一般,１３３２３６１　５　１２,2026-07-31,2026-08-05,06,浜名湖,ＧⅢ,３１４３２５４　３６１３,2026-07-24,2026-07-27,02,戸田,一般,４２１６４１２６,2026-07-13,2026-07-18,07,蒲郡,ＧⅡ,５４２　１　２３１　[６],4084,杉山 正樹,2026-08-21,2026-08-24,07,蒲郡,一般,１６１５１４１３,2026-08-10,2026-08-15,08,常滑,一般,５４１１２１３２３４１２,2026-07-31,2026-08-05,05,多摩川,一般,４　４１１２２３５４４１,2026-07-18,2026-07-21,20,若松,一般,３２４５１６３５,2026-07-03,2026-07-08,12,住之江,一般,４２２　４　３３２６２２,4262,馬場 貴也,2026-08-25,2026-08-30,01,桐生,ＳＧ,２４２　５２１　３　３１,2026-08-15,2026-08-20,11,びわこ,一般,２１３２２　２１３１[４],2026-08-08,2026-08-11,05,多摩川,一般,２１６２２１[５],2026-07-28,2026-08-02,11,びわこ,ＳＧ,５３１　１　６３５　１４,2026-07-07,2026-07-12,02,戸田,ＧⅡ,２６１　２６２　１　４３
202609072407,2026-09-07,24,07R,4188,久田 敏之,2026-08-25,2026-08-30,01,桐生,ＳＧ,６　４１４　１２６　１４,2026-08-11,2026-08-16,01,桐生,一般,１２１１１　２２１　[２],2026-08-03,2026-08-08,04,平和島,ＧⅢ,３１１　４１１１３１[５],2026-07-25,2026-07-29,20,若松,一般,２２２４１　２２[３],2026-07-09,2026-07-14,15,丸亀,一般,１１２　１１１１２１[１],4910,中村 泰平,2026-08-28,2026-09-02,05,多摩川,ＧⅢ,４５２１３　５５１　４４,2026-08-20,2026-08-23,23,からつ,一般,１６１２４２[４],2026-08-10,2026-08-15,08,常滑,一般,３１６４５　２１２３６１,2026-07-24,2026-07-27,02,戸田,一般,３３２１３３[５],2026-07-15,2026-07-19,08,常滑,一般,４１２１１１２１[１],4503,上野 真之介,2026-08-27,2026-09-01,07,蒲郡,一般,１１２３１２３２３１[２],2026-08-20,2026-08-23,04,平和島,一般,２３３２１１[５],2026-08-09,2026-08-14,23,からつ,一般,２１１１１　２４２３２１,2026-07-28,2026-08-02,11,びわこ,ＳＧ,１３５　４　１５１　６２,2026-07-10,2026-07-15,23,からつ,一般,２１１１１　２１１１[１],5051,松本 純平,2026-08-12,2026-08-17,02,戸田,一般,３２２３２１２　４　６２,2026-08-03,2026-08-08,04,平和島,ＧⅢ,２６５５,2026-07-22,2026-07-26,13,尼崎,一般,３３３２２３３３１１,2026-07-09,2026-07-13,14,鳴門,一般,１３３１３２５１[３],2026-06-28,2026-07-01,10,三国,一般,２転１２２　１５,4715,村上 遼,2026-08-28,2026-08-31,23,からつ,一般,３１１６１４３４,2026-08-17,2026-08-21,13,尼崎,一般,４４１１３３２３６１,2026-08-06,2026-08-10,24,大村,一般,２１２６１１３２[４],2026-07-24,2026-07-29,17,宮島,一般,２４１１１１２　２１[３],2026-07-13,2026-07-18,07,蒲郡,ＧⅡ,５４３　５　４６２　５６,3716,石渡 鉄兵,2026-08-25,2026-08-30,01,桐生,ＳＧ,３　２　３５４　１５４３,2026-08-09,2026-08-15,03,江戸川,一般,１　１６２　３１５　４４,2026-07-28,2026-08-02,11,びわこ,ＳＧ,３３４　３　６５４　６,2026-07-18,2026-07-21,04,平和島,一般,２２３１２１[３],2026-07-07,2026-07-12,02,戸田,ＧⅡ,３　４３４　５　５３５
202609072408,2026-09-07,24,08R,3822,平尾 崇典,2026-08-30,2026-09-03,08,常滑,一般,エ５,2026-08-20,2026-08-23,23,からつ,一般,２２１１２４２２,2026-08-08,2026-08-13,16,児島,一般,１１２　２２１６落２[４],2026-07-24,2026-07-27,12,住之江,一般,３３１　３１[２],2026-07-12,2026-07-16,05,多摩川,一般,６４４３１３１６１４,3415,松井 繁,2026-08-25,2026-08-30,01,桐生,ＳＧ,５　１　５５４　１６３,2026-08-13,2026-08-18,12,住之江,一般,２３１　２５１　２２[５],2026-07-28,2026-08-02,11,びわこ,ＳＧ,６　６２５１４　３６２,2026-07-13,2026-07-18,07,蒲郡,ＧⅡ,３　５１４３２　５　１３,2026-07-03,2026-07-08,13,尼崎,一般,１１１２１　１６２１[２],4174,赤坂 俊輔,2026-08-29,2026-09-03,16,児島,一般,１５４転,2026-08-20,2026-08-23,24,大村,一般,４２１５２５２５,2026-08-07,2026-08-11,15,丸亀,一般,２６４３１２２６４,2026-07-28,2026-07-31,24,大村,一般,２２１２４１[４],2026-07-18,2026-07-21,04,平和島,一般,１３１２１３[１],4960,黒野 元基,2026-08-22,2026-08-27,08,常滑,ＧⅢ,３１４１１６１４４１[４],2026-08-11,2026-08-16,07,蒲郡,一般,２５３２１２１１１１[３],2026-07-29,2026-08-03,22,福岡,一般,２２３４５５１　１４１３,2026-07-15,2026-07-21,12,住之江,一般,１５２１１　３２３４１６２３,2026-07-05,2026-07-09,24,大村,一般,３３２　１１１１[３],4543,重木 輝彦,2026-08-29,2026-09-03,16,児島,一般,４４１２３６１　１３２２,2026-08-20,2026-08-25,21,芦屋,一般,１２３　２２１２３１[４],2026-08-09,2026-08-14,13,尼崎,一般,４３１　４４２　４１２４,2026-07-31,2026-08-04,13,尼崎,一般,６３３１６１２　２１,2026-07-27,2026-08-01,09,津,一般,３６３,4075,中野 次郎,2026-08-30,2026-09-02,21,芦屋,一般,１５４２１３５１,2026-08-20,2026-08-23,04,平和島,一般,４１１１２３[１],2026-08-09,2026-08-15,03,江戸川,一般,３５１　５１２　３　[２],2026-07-28,2026-08-02,11,びわこ,ＳＧ,４４１　５　２６４　５４,2026-07-20,2026-07-25,15,丸亀,一般,１３２１６５１　３２[１]
202609072409,2026-09-07,24,09R,3590,濱野谷 憲吾,2026-08-25,2026-08-30,01,桐生,ＳＧ,２　２６６　６　２４６,2026-08-15,2026-08-20,05,多摩川,一般,２２３　１２１１４１[３],2026-08-03,2026-08-08,04,平和島,ＧⅢ,４４５　１１２５４２[３],2026-07-22,2026-07-26,08,常滑,一般,３１２２３３１２[４],2026-07-07,2026-07-12,02,戸田,ＧⅡ,１３１　５　１３２　[４],3909,佐々木 康幸,2026-08-28,2026-09-02,05,多摩川,ＧⅢ,２６２１６　１１２１[３],2026-08-11,2026-08-16,06,浜名湖,一般,３２１　３１１２１１[１],2026-07-31,2026-08-05,06,浜名湖,ＧⅢ,３５２　１６５１３１[２],2026-07-18,2026-07-21,20,若松,一般,１２４４１４１３,2026-07-07,2026-07-12,10,三国,ＧⅢ,２４４３１　２１３２[２],5028,原田 才一郎,2026-08-30,2026-09-03,08,常滑,一般,５４１１４１３２[６],2026-08-21,2026-08-26,03,江戸川,一般,１６１　２１２１５１[４],2026-08-07,2026-08-12,20,若松,一般,１　２３３４６１２２[４],2026-07-28,2026-07-31,24,大村,一般,１４１２１１[１],2026-07-19,2026-07-24,22,福岡,ＧⅢ,３１２　４４２　２６３１,3719,辻 栄蔵,2026-08-29,2026-09-03,19,下関,一般,２３４１４　１３２３３１,2026-08-14,2026-08-19,17,宮島,一般,１２１１６　１３３１[５],2026-07-28,2026-08-02,11,びわこ,ＳＧ,１　４５４　４　５６５,2026-07-13,2026-07-18,07,蒲郡,ＧⅡ,４５３　４１４　４３１,2026-06-27,2026-07-01,02,戸田,一般,３２５１２３４４２１,4352,下條 雄太郎,2026-08-25,2026-08-30,01,桐生,ＳＧ,３　５　４３３　２３３３,2026-08-17,2026-08-21,13,尼崎,一般,２１３２５　４３１２,2026-08-06,2026-08-10,24,大村,一般,２　４１２２１１[３],2026-07-23,2026-07-28,21,芦屋,一般,１３１２２２３　１３３２,2026-07-11,2026-07-16,03,江戸川,一般,３２１　１１１　２１[１],4483,北野 輝季,2026-08-26,2026-08-31,11,びわこ,一般,５１２　１１１１３１[５],2026-08-17,2026-08-21,13,尼崎,一般,２５１１１１３１[１],2026-08-03,2026-08-08,04,平和島,ＧⅢ,３２１　３６２２４３１２,2026-07-22,2026-07-27,14,鳴門,一般,５３１２５　１２２３５２,2026-07-07,2026-07-12,20,若松,ＧⅢ,１２２２２　１６２２[６]
202609072410,2026-09-07,24,10R,3783,瓜生 正義,2026-08-25,2026-08-30,01,桐生,ＳＧ,３　３２５　４　１３４６,2026-08-07,2026-08-12,20,若松,一般,１３３１３　１１５２[６],2026-07-28,2026-08-02,11,びわこ,ＳＧ,５４１　２　６６４　２,2026-07-13,2026-07-18,07,蒲郡,ＧⅡ,４　２２１３２　１　[４],2026-07-02,2026-07-07,04,平和島,一般,５１５１３２１　４６１４,4497,桑原 悠,2026-08-25,2026-08-30,01,桐生,ＳＧ,５　１　６５４　５２３,2026-08-17,2026-08-20,20,若松,一般,１２２１６１[１],2026-08-06,2026-08-10,24,大村,一般,１１２１４　４１[２],2026-07-21,2026-07-26,23,からつ,一般,１３３　２１１３３１[２],2026-07-07,2026-07-12,02,戸田,ＧⅡ,１　５３１　１　３　３１,5088,高憧 四季,2026-08-24,2026-08-29,10,三国,一般,６３４１１　１４３３５６,2026-08-06,2026-08-11,18,徳山,ＧⅠ,５　４３３４５　３　４１,2026-07-28,2026-08-02,15,丸亀,一般,３３２　１４３２３４F１,2026-07-18,2026-07-23,09,津,ＧⅢ,６　５６６６５　３,2026-07-07,2026-07-12,11,びわこ,一般,４１１２２４１３２１[５],5026,安河内 健,2026-08-21,2026-08-26,06,浜名湖,一般,落３３　１４１５５１５１,2026-08-09,2026-08-14,23,からつ,一般,３１２２１　１１５１[１],2026-07-31,2026-08-03,20,若松,一般,１３２３１３１１,2026-07-22,2026-07-26,13,尼崎,一般,４２１　４２１２[２],2026-07-11,2026-07-16,03,江戸川,一般,１　６２２３３　１２[４],5191,飛田 江己,2026-08-22,2026-08-27,22,福岡,一般,１　２５６１３１３３４１,2026-08-12,2026-08-17,02,戸田,一般,１４２１４　１１１　[４],2026-08-03,2026-08-08,19,下関,一般,１２１F３　４　３　３,2026-07-18,2026-07-23,09,津,ＧⅢ,４３５　２３２　１１１３,2026-07-01,2026-07-06,07,蒲郡,一般,６　１１４　３１４４１１,4704,河野 大,2026-08-30,2026-09-03,08,常滑,一般,４６６２２　１３１３,2026-08-20,2026-08-23,23,からつ,一般,５１１３１２[３],2026-08-05,2026-08-10,14,鳴門,一般,１４１５２　３４１６６５,2026-07-24,2026-07-27,02,戸田,一般,２４１２１２[６],2026-07-14,2026-07-19,21,芦屋,一般,４４２　１１２２１５３３
202609072411,2026-09-07,24,11R,3983,須藤 博倫,2026-08-26,2026-08-30,14,鳴門,一般,１４２１４１１２[２],2026-08-12,2026-08-17,02,戸田,一般,１３３２３６１　５　１２,2026-07-31,2026-08-05,06,浜名湖,ＧⅢ,３１４３２５４　３６１３,2026-07-24,2026-07-27,02,戸田,一般,４２１６４１２６,2026-07-13,2026-07-18,07,蒲郡,ＧⅡ,５４２　１　２３１　[６],4544,松田 大志郎,2026-08-30,2026-09-03,08,常滑,一般,１１４２１２５１[１],2026-08-21,2026-08-24,07,蒲郡,一般,２１２４３１[１],2026-08-10,2026-08-15,21,芦屋,一般,１３４２２１５　１１[３],2026-06-30,2026-07-05,16,児島,ＧⅡ,４　２１４１５　５　１１,2026-06-19,2026-06-24,11,びわこ,一般,２１１２１２２２３３[４],4320,峰 竜太,2026-08-25,2026-08-30,01,桐生,ＳＧ,２　３１３　１２１　[１],2026-08-09,2026-08-14,23,からつ,一般,１１１２１　１１１１[２],2026-07-28,2026-08-02,11,びわこ,ＳＧ,５　４２２２１　１　[２],2026-07-13,2026-07-18,07,蒲郡,ＧⅡ,２　１１１　１１２　[３],2026-06-23,2026-06-28,14,鳴門,ＳＧ,２　５３３１３　６　１６,4524,深谷 知博,2026-08-29,2026-09-03,19,下関,一般,３１５　２１１２４１[３],2026-06-23,2026-06-28,14,鳴門,ＳＧ,３　１５５　５　３５５,2026-06-08,2026-06-13,13,尼崎,ＧⅠ,４　６４５３１　３　１,2026-05-26,2026-05-31,06,浜名湖,ＳＧ,５４３　２　５１３　５５,2026-05-15,2026-05-20,21,芦屋,ＧⅠ,５１３　４　６１４　３５,4688,永井 彪也,2026-08-27,2026-08-31,04,平和島,一般,１１１２５４１２[１],2026-08-15,2026-08-20,05,多摩川,一般,３３４６１　５１１４２２,2026-08-04,2026-08-09,10,三国,一般,３２３１２５２　３４１２,2026-07-23,2026-07-28,03,江戸川,ＧⅢ,２６２　１１４　５　３３,2026-07-10,2026-07-15,06,浜名湖,一般,３１３２１　２１４１[１],4398,船岡 洋一郎,2026-08-29,2026-09-03,19,下関,一般,３１４３１　２１４６３３,2026-08-14,2026-08-19,17,宮島,一般,１３４　６２５１１２[４],2026-08-05,2026-08-10,09,津,一般,４５１１４　１３２４３,2026-07-23,2026-07-28,03,江戸川,ＧⅢ,１４３　１５,2026-07-10,2026-07-15,23,からつ,一般,１２１　１３２１１１[２]
202609072412,2026-09-07,24,12R,4238,毒島 誠,2026-08-25,2026-08-30,01,桐生,ＳＧ,１　３２２２２　１　[２],2026-08-11,2026-08-16,01,桐生,一般,１５２　２２１１１　[１],2026-07-27,2026-07-31,19,下関,一般,４１１２３１１３３１,2026-07-19,2026-07-23,05,多摩川,一般,３１１２２２５２[４],2026-07-07,2026-07-12,02,戸田,ＧⅡ,１　４４４３２　４　５４,4371,西山 貴浩,2026-08-25,2026-08-30,01,桐生,ＳＧ,４　３６２　４　４５２,2026-08-12,2026-08-17,22,福岡,一般,２１６,2026-07-28,2026-08-02,11,びわこ,ＳＧ,１　２４６　５２１　６３,2026-07-07,2026-07-12,20,若松,ＧⅢ,２１２　１１３３３１[２],2026-06-23,2026-06-28,14,鳴門,ＳＧ,４　４３３　４５６　２,3779,原田 幸哉,2026-07-28,2026-08-02,11,びわこ,ＳＧ,６２１　４　２６１　２４,2026-07-13,2026-07-18,07,蒲郡,ＧⅡ,３６５　６　５５１　６６,2026-07-04,2026-07-09,18,徳山,一般,１１３３１　４１２１[２],2026-06-23,2026-06-28,14,鳴門,ＳＧ,１　３６４　３　２２６６,2026-06-13,2026-06-18,08,常滑,ＧⅠ,４５１　５６,4686,丸野 一樹,2026-08-25,2026-08-30,01,桐生,ＳＧ,２１１　６　６５１２２,2026-08-15,2026-08-20,11,びわこ,一般,３１３２６１３　３１[３],2026-07-28,2026-08-02,11,びわこ,ＳＧ,５１３　２　４１２　[５],2026-07-07,2026-07-12,02,戸田,ＧⅡ,２２１　１　１５４　１３,2026-06-23,2026-06-28,14,鳴門,ＳＧ,１　４５５　１　５１３１,4500,山田 康二,2026-08-09,2026-08-14,23,からつ,一般,１２２　１２１２１１[３],2026-07-27,2026-08-01,09,津,一般,１１３１,2026-07-17,2026-07-22,16,児島,ＧⅢ,３５５１１２２　１４１１,2026-07-07,2026-07-12,02,戸田,ＧⅡ,２　２４２４１　５　１２,2026-06-23,2026-06-28,14,鳴門,ＳＧ,６２５　１５５　５３２,4719,上條 暢嵩,2026-08-25,2026-08-30,01,桐生,ＳＧ,５　４２１　２３５　１３,2026-08-13,2026-08-18,12,住之江,一般,１　４１２３１２１１[２],2026-07-28,2026-08-02,11,びわこ,ＳＧ,１５３　５　４１６１４,2026-07-07,2026-07-12,02,戸田,ＧⅡ,３４５　３３２　４　３６,2026-06-23,2026-06-28,14,鳴門,ＳＧ,３４１　４　３６１５１
