レースコード,レース日,レース場コード,レース回,艇1_登録番号,艇1_選手名,艇1_前1節_開始日,艇1_前1節_終了日,艇1_前1節_場コード,艇1_前1節_場名,艇1_前1節_グレード,艇1_前1節_着順列,艇1_前2節_開始日,艇1_前2節_終了日,艇1_前2節_場コード,艇1_前2節_場名,艇1_前2節_グレード,艇1_前2節_着順列,艇1_前3節_開始日,艇1_前3節_終了日,艇1_前3節_場コード,艇1_前3節_場名,艇1_前3節_グレード,艇1_前3節_着順列,艇1_前4節_開始日,艇1_前4節_終了日,艇1_前4節_場コード,艇1_前4節_場名,艇1_前4節_グレード,艇1_前4節_着順列,艇1_前5節_開始日,艇1_前5節_終了日,艇1_前5節_場コード,艇1_前5節_場名,艇1_前5節_グレード,艇1_前5節_着順列,艇2_登録番号,艇2_選手名,艇2_前1節_開始日,艇2_前1節_終了日,艇2_前1節_場コード,艇2_前1節_場名,艇2_前1節_グレード,艇2_前1節_着順列,艇2_前2節_開始日,艇2_前2節_終了日,艇2_前2節_場コード,艇2_前2節_場名,艇2_前2節_グレード,艇2_前2節_着順列,艇2_前3節_開始日,艇2_前3節_終了日,艇2_前3節_場コード,艇2_前3節_場名,艇2_前3節_グレード,艇2_前3節_着順列,艇2_前4節_開始日,艇2_前4節_終了日,艇2_前4節_場コード,艇2_前4節_場名,艇2_前4節_グレード,艇2_前4節_着順列,艇2_前5節_開始日,艇2_前5節_終了日,艇2_前5節_場コード,艇2_前5節_場名,艇2_前5節_グレード,艇2_前5節_着順列,艇3_登録番号,艇3_選手名,艇3_前1節_開始日,艇3_前1節_終了日,艇3_前1節_場コード,艇3_前1節_場名,艇3_前1節_グレード,艇3_前1節_着順列,艇3_前2節_開始日,艇3_前2節_終了日,艇3_前2節_場コード,艇3_前2節_場名,艇3_前2節_グレード,艇3_前2節_着順列,艇3_前3節_開始日,艇3_前3節_終了日,艇3_前3節_場コード,艇3_前3節_場名,艇3_前3節_グレード,艇3_前3節_着順列,艇3_前4節_開始日,艇3_前4節_終了日,艇3_前4節_場コード,艇3_前4節_場名,艇3_前4節_グレード,艇3_前4節_着順列,艇3_前5節_開始日,艇3_前5節_終了日,艇3_前5節_場コード,艇3_前5節_場名,艇3_前5節_グレード,艇3_前5節_着順列,艇4_登録番号,艇4_選手名,艇4_前1節_開始日,艇4_前1節_終了日,艇4_前1節_場コード,艇4_前1節_場名,艇4_前1節_グレード,艇4_前1節_着順列,艇4_前2節_開始日,艇4_前2節_終了日,艇4_前2節_場コード,艇4_前2節_場名,艇4_前2節_グレード,艇4_前2節_着順列,艇4_前3節_開始日,艇4_前3節_終了日,艇4_前3節_場コード,艇4_前3節_場名,艇4_前3節_グレード,艇4_前3節_着順列,艇4_前4節_開始日,艇4_前4節_終了日,艇4_前4節_場コード,艇4_前4節_場名,艇4_前4節_グレード,艇4_前4節_着順列,艇4_前5節_開始日,艇4_前5節_終了日,艇4_前5節_場コード,艇4_前5節_場名,艇4_前5節_グレード,艇4_前5節_着順列,艇5_登録番号,艇5_選手名,艇5_前1節_開始日,艇5_前1節_終了日,艇5_前1節_場コード,艇5_前1節_場名,艇5_前1節_グレード,艇5_前1節_着順列,艇5_前2節_開始日,艇5_前2節_終了日,艇5_前2節_場コード,艇5_前2節_場名,艇5_前2節_グレード,艇5_前2節_着順列,艇5_前3節_開始日,艇5_前3節_終了日,艇5_前3節_場コード,艇5_前3節_場名,艇5_前3節_グレード,艇5_前3節_着順列,艇5_前4節_開始日,艇5_前4節_終了日,艇5_前4節_場コード,艇5_前4節_場名,艇5_前4節_グレード,艇5_前4節_着順列,艇5_前5節_開始日,艇5_前5節_終了日,艇5_前5節_場コード,艇5_前5節_場名,艇5_前5節_グレード,艇5_前5節_着順列,艇6_登録番号,艇6_選手名,艇6_前1節_開始日,艇6_前1節_終了日,艇6_前1節_場コード,艇6_前1節_場名,艇6_前1節_グレード,艇6_前1節_着順列,艇6_前2節_開始日,艇6_前2節_終了日,艇6_前2節_場コード,艇6_前2節_場名,艇6_前2節_グレード,艇6_前2節_着順列,艇6_前3節_開始日,艇6_前3節_終了日,艇6_前3節_場コード,艇6_前3節_場名,艇6_前3節_グレード,艇6_前3節_着順列,艇6_前4節_開始日,艇6_前4節_終了日,艇6_前4節_場コード,艇6_前4節_場名,艇6_前4節_グレード,艇6_前4節_着順列,艇6_前5節_開始日,艇6_前5節_終了日,艇6_前5節_場コード,艇6_前5節_場名,艇6_前5節_グレード,艇6_前5節_着順列
202609100101,2026-09-10,01,01R,3653,品川 賢次,2026-08-23,2026-08-27,18,徳山,一般,６４５　５　５５３６,2026-08-04,2026-08-09,12,住之江,一般,５　４４４　３５６　６,2026-06-29,2026-07-03,11,びわこ,一般,４３３　５３２　５４,2026-06-21,2026-06-25,08,常滑,一般,５　４５４４３　４３,2026-06-03,2026-06-07,03,江戸川,一般,３４５３１　落欠,4919,吉田 翔悟,2026-07-18,2026-07-22,10,三国,一般,５　１３２６１　６４,2026-07-02,2026-07-06,21,芦屋,一般,２　３２３６１４４５,2026-05-27,2026-05-31,18,徳山,一般,５５４　４　５４６,2026-05-07,2026-05-11,24,大村,一般,３５４　F５５　６,2026-04-24,2026-04-29,08,常滑,一般,４　５２４３５　３３５,5181,森 智哉,2026-08-21,2026-08-26,03,江戸川,一般,６　５６５　５６４　３１,2026-08-08,2026-08-13,16,児島,一般,１５５　３２４　１４F,2026-07-22,2026-07-26,13,尼崎,一般,６６５　１２２　５３,2026-07-03,2026-07-08,12,住之江,一般,１　６２１　３３４５６６,2026-06-25,2026-06-29,18,徳山,一般,４３２　４１５１[６],4992,廣瀬 篤哉,2026-08-19,2026-08-24,19,下関,一般,６６４　２２５　５１６,2026-07-31,2026-08-04,13,尼崎,一般,４４４　６６,2026-07-18,2026-07-21,20,若松,一般,６１１６１４６４,2026-07-09,2026-07-13,16,児島,一般,６２２　２５１６３６,2026-06-09,2026-06-14,11,びわこ,一般,４６１　１４２　１５３４,3305,小野 信樹,2026-08-19,2026-08-24,19,下関,一般,１　１４５２４５３５１６,2026-08-05,2026-08-10,14,鳴門,一般,４　５６６　６６６　４６,2026-07-23,2026-07-28,21,芦屋,一般,３　６４５６５　６６５,2026-07-11,2026-07-14,04,平和島,一般,６６５　５　５,2026-06-29,2026-07-03,11,びわこ,一般,５　４２２　５６１,5430,鳥本 智史,2026-08-20,2026-08-23,02,戸田,一般,６　６６３５４,2026-08-05,2026-08-10,09,津,一般,６　６６６　４６６　６４,2026-05-29,2026-06-03,11,びわこ,一般,転　F６６　６　６　６,2026-04-30,2026-05-06,09,津,一般,６　６　６６６　６　６６,2026-04-17,2026-04-22,13,尼崎,一般,６　５６６　５６６　６
202609100102,2026-09-10,01,02R,3681,山谷 央,2026-08-20,2026-08-25,21,芦屋,一般,１　２転５　４２５　６３,2026-08-08,2026-08-11,05,多摩川,一般,１５１５３　３３,2026-06-27,2026-07-01,02,戸田,一般,３　１４３２２５４２,2026-06-17,2026-06-22,05,多摩川,一般,４　５６５５４　５　２,2026-05-30,2026-06-03,12,住之江,一般,４　２F６　５　５,3475,橋本 久和,2026-08-22,2026-08-27,22,福岡,一般,１２１　４５１４１転４,2026-08-11,2026-08-16,01,桐生,一般,５２４　５　４５１　５５,2026-07-27,2026-08-01,09,津,一般,２３６,2026-07-17,2026-07-20,02,戸田,一般,６４４　３４４２,2026-07-07,2026-07-12,20,若松,ＧⅢ,４６４　６６５　４　３５,3319,山崎 義明,2026-08-22,2026-08-27,22,福岡,一般,３　３３３２６４１５１４,2026-08-11,2026-08-16,04,平和島,一般,４２４　１２２６４５３５,2026-07-31,2026-08-05,06,浜名湖,ＧⅢ,１　３３３４５２１２[６],2026-07-22,2026-07-26,08,常滑,一般,２　４３１６３６１５,2026-07-11,2026-07-16,03,江戸川,一般,４　１３３　１３３６１１,4557,松尾 光広,2026-08-19,2026-08-24,19,下関,一般,５　４５５６２４２　３,2026-08-04,2026-08-09,10,三国,一般,５　４５６　３２５　４,2026-07-19,2026-07-23,05,多摩川,一般,５５５　４　５４５５,2026-07-03,2026-07-08,12,住之江,一般,６６１　４５４　２　４３,2026-06-24,2026-06-28,04,平和島,一般,３　３２５欠,3202,三品 隆浩,2026-08-20,2026-08-23,04,平和島,一般,２５２　２２２３,2026-08-09,2026-08-15,03,江戸川,一般,４３４　３６１　１５５,2026-07-24,2026-07-27,02,戸田,一般,５１４　２１５６,2026-07-11,2026-07-16,03,江戸川,一般,１６６　３２２３４　１４,2026-06-24,2026-06-29,09,津,一般,６　５６５　５１３５２,3867,松浦 勝,2026-08-21,2026-08-26,06,浜名湖,一般,６６５　６６５　６　５,2026-08-08,2026-08-11,05,多摩川,一般,５　６４５　４５,2026-07-29,2026-08-03,22,福岡,一般,６　４３３　３３３２４５,2026-07-18,2026-07-21,04,平和島,一般,５６６　６　６,2026-07-02,2026-07-06,21,芦屋,一般,６　５６５　３５６
202609100103,2026-09-10,01,03R,4513,河野 真也,2026-08-25,2026-08-30,09,津,一般,２４５　５２４　５　２５,2026-08-10,2026-08-15,21,芦屋,一般,１　３３３６１　妨３２,2026-07-29,2026-08-03,23,からつ,一般,３　５４１４２１２１[３],2026-07-17,2026-07-20,02,戸田,一般,１　１１３３[３],2026-07-07,2026-07-12,08,常滑,一般,２３３　４４５１１　３５,4943,八木 治樹,2026-08-21,2026-08-26,03,江戸川,一般,１４６　４５３　３２５２,2026-08-08,2026-08-11,05,多摩川,一般,５４３　１６５４,2026-07-24,2026-07-29,17,宮島,一般,２　２５１　５５６　１６,2026-07-15,2026-07-19,08,常滑,一般,５　５１４４５　５,2026-06-16,2026-06-21,09,津,一般,５　３２３　２５４１１４,4181,花本 夏樹,2026-08-15,2026-08-20,09,津,一般,４　５５２　５３４　５６,2026-08-04,2026-08-09,10,三国,一般,６３４　３４６　４５４２,2026-07-24,2026-07-27,12,住之江,一般,５　３６４　２４,2026-07-15,2026-07-19,08,常滑,一般,５４６　６３,2026-07-02,2026-07-06,21,芦屋,一般,５　４５５　４５３,3852,澤 大介,2026-08-24,2026-08-29,13,尼崎,一般,２４１　４４２　４５１４,2026-08-15,2026-08-20,09,津,一般,５５２　４　４４５　４４,2026-08-07,2026-08-11,15,丸亀,一般,３　１６６５４　３６,2026-07-27,2026-08-01,09,津,一般,１６１,2026-07-18,2026-07-22,10,三国,一般,５　６５１　５　３６,5228,若林 樹蘭,2026-08-26,2026-08-31,11,びわこ,一般,１３２４２４３　６４１４,2026-08-11,2026-08-16,04,平和島,一般,３　３４４４１２３６１１,2026-07-30,2026-08-04,08,常滑,一般,３２１３１　１６４F４,2026-07-18,2026-07-21,04,平和島,一般,３４４２５　２２,2026-07-04,2026-07-09,18,徳山,一般,６１１５３２５　４４２４,5048,眞鳥 康太,2026-08-21,2026-08-26,03,江戸川,一般,３３３　転２２　６６１,2026-08-06,2026-08-10,24,大村,一般,１　３２５５１４２５,2026-07-27,2026-08-01,10,三国,一般,３　２３２２５６１４４６,2026-07-14,2026-07-17,24,大村,一般,３　２５４２２,2026-06-16,2026-06-21,09,津,一般,３６４　３６２　３　２５
202609100104,2026-09-10,01,04R,4531,武富 智亮,2026-08-22,2026-08-27,08,常滑,ＧⅢ,５　５２１　２２１４１２,2026-08-09,2026-08-14,23,からつ,一般,２　１４１４４３３６１３,2026-08-02,2026-08-05,21,芦屋,一般,２１５２２６１４,2026-07-18,2026-07-22,10,三国,一般,２１３　４３３４１３,2026-07-11,2026-07-14,04,平和島,一般,５２１２５　２６,4538,笠置 博之,2026-06-01,2026-06-04,24,大村,一般,３　　　３６６２,2026-05-17,2026-05-23,15,丸亀,一般,４４２６５　５６３　２　F１,2026-05-03,2026-05-08,12,住之江,一般,６４３　３５５　３　５１,2026-04-22,2026-04-25,14,鳴門,一般,１１１F１　１,2026-04-11,2026-04-14,04,平和島,一般,１２５　５６６１,4195,前川 守嗣,2026-08-04,2026-08-09,12,住之江,一般,４５１　４３４　２　６３,2026-07-22,2026-07-26,13,尼崎,一般,３３５,2026-07-10,2026-07-15,06,浜名湖,一般,２１４　４　３５２６２５,2026-06-28,2026-07-01,10,三国,一般,５２１　１３５１,2026-06-11,2026-06-16,16,児島,一般,４４１　１３５　４５２２,3686,鳥居塚 孝博,2026-08-23,2026-08-27,18,徳山,一般,５４２　３５５　４４,2026-07-17,2026-07-22,16,児島,ＧⅢ,３　１４３５１２４３５２,2026-07-07,2026-07-12,10,三国,ＧⅢ,４　３１２４１３４２[４],2026-06-29,2026-07-03,11,びわこ,一般,３３４　１３５４１２,2026-06-17,2026-06-22,13,尼崎,一般,１　２５F５２　２　２,4562,阪本 勇介,2026-08-29,2026-09-03,19,下関,一般,３３５　５６５３５　５,2026-08-21,2026-08-24,07,蒲郡,一般,３４２２５　１４,2026-08-08,2026-08-13,16,児島,一般,４　４４６　５５５　２４,2026-07-23,2026-07-28,21,芦屋,一般,６　５４２　２６３２２１,2026-07-11,2026-07-16,03,江戸川,一般,４　３５５　１５４　３４,4232,笠 雅雄,2026-08-20,2026-08-23,23,からつ,一般,６　２４２３２６,2026-08-10,2026-08-15,21,芦屋,一般,１６３　４　４６２　５５,2026-07-31,2026-08-03,20,若松,一般,　　　　　　２４,2026-07-22,2026-07-25,24,大村,一般,１３４　４　１２,2026-07-10,2026-07-15,22,福岡,一般,４４４　２２４　３２６２
202609100105,2026-09-10,01,05R,4118,宇佐見 淳,2026-08-21,2026-08-26,03,江戸川,一般,２　２３３　３５１　１１,2026-08-10,2026-08-15,08,常滑,一般,１３６３５　１３３５２５,2026-07-29,2026-08-03,23,からつ,一般,２　３５１６２４１６５４,2026-07-16,2026-07-21,11,びわこ,一般,２４３５２４３　３５３６,2026-07-05,2026-07-09,05,多摩川,一般,３５３４２　３　３３,5012,加倉 侑征,2026-08-22,2026-08-26,20,若松,一般,１４５　３２２６３４,2026-08-10,2026-08-15,21,芦屋,一般,３４４　５３２　４４４５,2026-07-19,2026-07-24,22,福岡,ＧⅢ,２　４５６　６５４６４,2026-05-27,2026-06-01,08,常滑,一般,３　６５５　５６６　６,2026-05-13,2026-05-18,19,下関,一般,４　３３３５４　３１４１,3277,齋藤 勇,2026-08-20,2026-08-23,04,平和島,一般,４　６４３　６２,2026-08-09,2026-08-15,03,江戸川,一般,４　１４４　３５２　３１,2026-07-24,2026-07-27,06,浜名湖,一般,５４４　３４４,2026-07-09,2026-07-14,15,丸亀,一般,１　４４５　６５４　４３,2026-06-24,2026-06-29,09,津,一般,４６３　２３３　４６２６,3305,小野 信樹,2026-08-19,2026-08-24,19,下関,一般,１　１４５２４５３５１６,2026-08-05,2026-08-10,14,鳴門,一般,４　５６６　６６６　４６,2026-07-23,2026-07-28,21,芦屋,一般,３　６４５６５　６６５,2026-07-11,2026-07-14,04,平和島,一般,６６５　５　５,2026-06-29,2026-07-03,11,びわこ,一般,５　４２２　５６１,4380,鈴木 峻佑,2026-08-28,2026-08-31,23,からつ,一般,３　３２１６５６,2026-08-11,2026-08-16,07,蒲郡,一般,５３５　２６４　６　４４,2026-07-27,2026-08-01,10,三国,一般,５３５　４　３６１　５２,2026-07-12,2026-07-16,05,多摩川,一般,３２１　６　３４１５,2026-06-30,2026-07-04,19,下関,一般,４３２　５２３　４３,4044,湯川 浩司,2026-08-24,2026-08-29,13,尼崎,一般,２４３　３１１１３２[６],2026-08-13,2026-08-18,12,住之江,一般,３３５　３　４４,2026-08-06,2026-08-09,02,戸田,一般,１１２５４４３２,2026-07-28,2026-08-02,11,びわこ,ＳＧ,３２３　２　４２４　１５,2026-05-20,2026-05-25,11,びわこ,ＧⅡ,６　４５落欠
202609100106,2026-09-10,01,06R,3743,林 美憲,2026-08-20,2026-08-25,21,芦屋,一般,２４６２１　２３４３１５,2026-08-05,2026-08-10,14,鳴門,一般,２６１　４２１４２６３４,2026-07-24,2026-07-27,02,戸田,一般,１５４４１３１２,2026-07-15,2026-07-19,08,常滑,一般,６３６４６４２２４２,2026-07-04,2026-07-09,18,徳山,一般,１６１２２　１３６５２４,3202,三品 隆浩,2026-08-20,2026-08-23,04,平和島,一般,２５２　２２２３,2026-08-09,2026-08-15,03,江戸川,一般,４３４　３６１　１５５,2026-07-24,2026-07-27,02,戸田,一般,５１４　２１５６,2026-07-11,2026-07-16,03,江戸川,一般,１６６　３２２３４　１４,2026-06-24,2026-06-29,09,津,一般,６　５６５　５１３５２,3653,品川 賢次,2026-08-23,2026-08-27,18,徳山,一般,６４５　５　５５３６,2026-08-04,2026-08-09,12,住之江,一般,５　４４４　３５６　６,2026-06-29,2026-07-03,11,びわこ,一般,４３３　５３２　５４,2026-06-21,2026-06-25,08,常滑,一般,５　４５４４３　４３,2026-06-03,2026-06-07,03,江戸川,一般,３４５３１　落欠,5070,中島 航,2026-08-20,2026-08-23,02,戸田,一般,６　３５６４３２,2026-08-09,2026-08-15,03,江戸川,一般,１　２２３　５２１　[６],2026-07-25,2026-07-29,20,若松,一般,６４４　３３５　３４,2026-07-09,2026-07-13,14,鳴門,一般,３　６４６　２５５５,2026-06-24,2026-06-29,03,江戸川,一般,２　３４５　６２４　３３,4440,萩原 知哉,2026-08-20,2026-08-25,21,芦屋,一般,６５６　２５,2026-08-09,2026-08-15,03,江戸川,一般,３　６３４　２５４　１６,2026-07-29,2026-08-03,23,からつ,一般,５　４１５　４２５６２６,2026-07-14,2026-07-17,24,大村,一般,５５６　３４２,2026-06-30,2026-07-05,06,浜名湖,一般,６４４　６,4919,吉田 翔悟,2026-07-18,2026-07-22,10,三国,一般,５　１３２６１　６４,2026-07-02,2026-07-06,21,芦屋,一般,２　３２３６１４４５,2026-05-27,2026-05-31,18,徳山,一般,５５４　４　５４６,2026-05-07,2026-05-11,24,大村,一般,３５４　F５５　６,2026-04-24,2026-04-29,08,常滑,一般,４　５２４３５　３３５
202609100107,2026-09-10,01,07R,4040,廣瀬 将亨,2026-08-20,2026-08-23,24,大村,一般,１５６２４　４３,2026-08-09,2026-08-14,13,尼崎,一般,４４５　１１６　２５１４,2026-07-31,2026-08-05,06,浜名湖,ＧⅢ,１　３１３１１６３３５１,2026-07-22,2026-07-26,08,常滑,一般,１　３６４４４２３,2026-07-13,2026-07-18,07,蒲郡,ＧⅡ,４　１６６　６　１４５,5181,森 智哉,2026-08-21,2026-08-26,03,江戸川,一般,６　５６５　５６４　３１,2026-08-08,2026-08-13,16,児島,一般,１５５　３２４　１４F,2026-07-22,2026-07-26,13,尼崎,一般,６６５　１２２　５３,2026-07-03,2026-07-08,12,住之江,一般,１　６２１　３３４５６６,2026-06-25,2026-06-29,18,徳山,一般,４３２　４１５１[６],4033,伊藤 将吉,2026-08-22,2026-08-27,22,福岡,一般,３　２５２３４１１４１２,2026-08-11,2026-08-16,06,浜名湖,一般,３６１　４４６　６１４４,2026-08-03,2026-08-08,04,平和島,ＧⅢ,２５,2026-07-24,2026-07-27,12,住之江,一般,２１４４４５５４,2026-07-14,2026-07-19,21,芦屋,一般,３１３１５　１２３３３２,5122,相馬 翔,2026-08-21,2026-08-24,07,蒲郡,一般,５４４　６５６５,2026-07-10,2026-07-13,19,下関,一般,５　５４３　２６,2026-06-21,2026-06-25,08,常滑,一般,３４６　６　５６６１,2026-06-03,2026-06-07,03,江戸川,一般,５　４６４F３４,2026-05-19,2026-05-24,01,桐生,一般,４３６　１４２　５６５４,5430,鳥本 智史,2026-08-20,2026-08-23,02,戸田,一般,６　６６３５４,2026-08-05,2026-08-10,09,津,一般,６　６６６　４６６　６４,2026-05-29,2026-06-03,11,びわこ,一般,転　F６６　６　６　６,2026-04-30,2026-05-06,09,津,一般,６　６　６６６　６　６６,2026-04-17,2026-04-22,13,尼崎,一般,６　５６６　５６６　６,3475,橋本 久和,2026-08-22,2026-08-27,22,福岡,一般,１２１　４５１４１転４,2026-08-11,2026-08-16,01,桐生,一般,５２４　５　４５１　５５,2026-07-27,2026-08-01,09,津,一般,２３６,2026-07-17,2026-07-20,02,戸田,一般,６４４　３４４２,2026-07-07,2026-07-12,20,若松,ＧⅢ,４６４　６６５　４　３５
202609100108,2026-09-10,01,08R,3319,山崎 義明,2026-08-22,2026-08-27,22,福岡,一般,３　３３３２６４１５１４,2026-08-11,2026-08-16,04,平和島,一般,４２４　１２２６４５３５,2026-07-31,2026-08-05,06,浜名湖,ＧⅢ,１　３３３４５２１２[６],2026-07-22,2026-07-26,08,常滑,一般,２　４３１６３６１５,2026-07-11,2026-07-16,03,江戸川,一般,４　１３３　１３３６１１,5107,松本 真広,2026-07-23,2026-07-28,03,江戸川,ＧⅢ,６　４６１　４４４３３４,2026-07-07,2026-07-12,20,若松,ＧⅢ,６６４　４　５３５　６３,2026-06-25,2026-06-29,18,徳山,一般,２　３５５３３３３,2026-06-16,2026-06-21,09,津,一般,６４３　４５５　５　F５,2026-05-11,2026-05-14,12,住之江,一般,４３４　１　３４,4562,阪本 勇介,2026-08-29,2026-09-03,19,下関,一般,３３５　５６５３５　５,2026-08-21,2026-08-24,07,蒲郡,一般,３４２２５　１４,2026-08-08,2026-08-13,16,児島,一般,４　４４６　５５５　２４,2026-07-23,2026-07-28,21,芦屋,一般,６　５４２　２６３２２１,2026-07-11,2026-07-16,03,江戸川,一般,４　３５５　１５４　３４,4943,八木 治樹,2026-08-21,2026-08-26,03,江戸川,一般,１４６　４５３　３２５２,2026-08-08,2026-08-11,05,多摩川,一般,５４３　１６５４,2026-07-24,2026-07-29,17,宮島,一般,２　２５１　５５６　１６,2026-07-15,2026-07-19,08,常滑,一般,５　５１４４５　５,2026-06-16,2026-06-21,09,津,一般,５　３２３　２５４１１４,4027,松江 秀徳,2026-07-23,2026-07-28,21,芦屋,一般,４　２４６３５６４　１４,2026-07-13,2026-07-18,07,蒲郡,ＧⅡ,６　６　５６３　５６６,2026-06-26,2026-07-02,24,大村,一般,３６３　６３１　１４５　４１,2026-06-17,2026-06-22,17,宮島,ＧⅢ,６　F欠,2026-06-01,2026-06-05,19,下関,一般,４２１　２１１１[１],5344,谷口 丞,2026-08-15,2026-08-20,09,津,一般,２　３６１３５　１６１３,2026-07-28,2026-08-02,16,児島,一般,６　１１３１３４２２[１],2026-07-14,2026-07-19,21,芦屋,一般,１２４　２４３　６３４,2026-06-30,2026-07-05,23,からつ,一般,４３２　４１３　４６１３,2026-06-20,2026-06-25,06,浜名湖,一般,３　２３１　４４４６１５
202609100109,2026-09-10,01,09R,3686,鳥居塚 孝博,2026-08-23,2026-08-27,18,徳山,一般,５４２　３５５　４４,2026-07-17,2026-07-22,16,児島,ＧⅢ,３　１４３５１２４３５２,2026-07-07,2026-07-12,10,三国,ＧⅢ,４　３１２４１３４２[４],2026-06-29,2026-07-03,11,びわこ,一般,３３４　１３５４１２,2026-06-17,2026-06-22,13,尼崎,一般,１　２５F５２　２　２,4557,松尾 光広,2026-08-19,2026-08-24,19,下関,一般,５　４５５６２４２　３,2026-08-04,2026-08-09,10,三国,一般,５　４５６　３２５　４,2026-07-19,2026-07-23,05,多摩川,一般,５５５　４　５４５５,2026-07-03,2026-07-08,12,住之江,一般,６６１　４５４　２　４３,2026-06-24,2026-06-28,04,平和島,一般,３　３２５欠,3852,澤 大介,2026-08-24,2026-08-29,13,尼崎,一般,２４１　４４２　４５１４,2026-08-15,2026-08-20,09,津,一般,５５２　４　４４５　４４,2026-08-07,2026-08-11,15,丸亀,一般,３　１６６５４　３６,2026-07-27,2026-08-01,09,津,一般,１６１,2026-07-18,2026-07-22,10,三国,一般,５　６５１　５　３６,4380,鈴木 峻佑,2026-08-28,2026-08-31,23,からつ,一般,３　３２１６５６,2026-08-11,2026-08-16,07,蒲郡,一般,５３５　２６４　６　４４,2026-07-27,2026-08-01,10,三国,一般,５３５　４　３６１　５２,2026-07-12,2026-07-16,05,多摩川,一般,３２１　６　３４１５,2026-06-30,2026-07-04,19,下関,一般,４３２　５２３　４３,4992,廣瀬 篤哉,2026-08-19,2026-08-24,19,下関,一般,６６４　２２５　５１６,2026-07-31,2026-08-04,13,尼崎,一般,４４４　６６,2026-07-18,2026-07-21,20,若松,一般,６１１６１４６４,2026-07-09,2026-07-13,16,児島,一般,６２２　２５１６３６,2026-06-09,2026-06-14,11,びわこ,一般,４６１　１４２　１５３４,4538,笠置 博之,2026-06-01,2026-06-04,24,大村,一般,３　　　３６６２,2026-05-17,2026-05-23,15,丸亀,一般,４４２６５　５６３　２　F１,2026-05-03,2026-05-08,12,住之江,一般,６４３　３５５　３　５１,2026-04-22,2026-04-25,14,鳴門,一般,１１１F１　１,2026-04-11,2026-04-14,04,平和島,一般,１２５　５６６１
202609100110,2026-09-10,01,10R,4044,湯川 浩司,2026-08-24,2026-08-29,13,尼崎,一般,２４３　３１１１３２[６],2026-08-13,2026-08-18,12,住之江,一般,３３５　３　４４,2026-08-06,2026-08-09,02,戸田,一般,１１２５４４３２,2026-07-28,2026-08-02,11,びわこ,ＳＧ,３２３　２　４２４　１５,2026-05-20,2026-05-25,11,びわこ,ＧⅡ,６　４５落欠,4118,宇佐見 淳,2026-08-21,2026-08-26,03,江戸川,一般,２　２３３　３５１　１１,2026-08-10,2026-08-15,08,常滑,一般,１３６３５　１３３５２５,2026-07-29,2026-08-03,23,からつ,一般,２　３５１６２４１６５４,2026-07-16,2026-07-21,11,びわこ,一般,２４３５２４３　３５３６,2026-07-05,2026-07-09,05,多摩川,一般,３５３４２　３　３３,3743,林 美憲,2026-08-20,2026-08-25,21,芦屋,一般,２４６２１　２３４３１５,2026-08-05,2026-08-10,14,鳴門,一般,２６１　４２１４２６３４,2026-07-24,2026-07-27,02,戸田,一般,１５４４１３１２,2026-07-15,2026-07-19,08,常滑,一般,６３６４６４２２４２,2026-07-04,2026-07-09,18,徳山,一般,１６１２２　１３６５２４,4181,花本 夏樹,2026-08-15,2026-08-20,09,津,一般,４　５５２　５３４　５６,2026-08-04,2026-08-09,10,三国,一般,６３４　３４６　４５４２,2026-07-24,2026-07-27,12,住之江,一般,５　３６４　２４,2026-07-15,2026-07-19,08,常滑,一般,５４６　６３,2026-07-02,2026-07-06,21,芦屋,一般,５　４５５　４５３,4531,武富 智亮,2026-08-22,2026-08-27,08,常滑,ＧⅢ,５　５２１　２２１４１２,2026-08-09,2026-08-14,23,からつ,一般,２　１４１４４３３６１３,2026-08-02,2026-08-05,21,芦屋,一般,２１５２２６１４,2026-07-18,2026-07-22,10,三国,一般,２１３　４３３４１３,2026-07-11,2026-07-14,04,平和島,一般,５２１２５　２６,3681,山谷 央,2026-08-20,2026-08-25,21,芦屋,一般,１　２転５　４２５　６３,2026-08-08,2026-08-11,05,多摩川,一般,１５１５３　３３,2026-06-27,2026-07-01,02,戸田,一般,３　１４３２２５４２,2026-06-17,2026-06-22,05,多摩川,一般,４　５６５５４　５　２,2026-05-30,2026-06-03,12,住之江,一般,４　２F６　５　５
202609100111,2026-09-10,01,11R,4232,笠 雅雄,2026-08-20,2026-08-23,23,からつ,一般,６　２４２３２６,2026-08-10,2026-08-15,21,芦屋,一般,１６３　４　４６２　５５,2026-07-31,2026-08-03,20,若松,一般,　　　　　　２４,2026-07-22,2026-07-25,24,大村,一般,１３４　４　１２,2026-07-10,2026-07-15,22,福岡,一般,４４４　２２４　３２６２,5228,若林 樹蘭,2026-08-26,2026-08-31,11,びわこ,一般,１３２４２４３　６４１４,2026-08-11,2026-08-16,04,平和島,一般,３　３４４４１２３６１１,2026-07-30,2026-08-04,08,常滑,一般,３２１３１　１６４F４,2026-07-18,2026-07-21,04,平和島,一般,３４４２５　２２,2026-07-04,2026-07-09,18,徳山,一般,６１１５３２５　４４２４,4040,廣瀬 将亨,2026-08-20,2026-08-23,24,大村,一般,１５６２４　４３,2026-08-09,2026-08-14,13,尼崎,一般,４４５　１１６　２５１４,2026-07-31,2026-08-05,06,浜名湖,ＧⅢ,１　３１３１１６３３５１,2026-07-22,2026-07-26,08,常滑,一般,１　３６４４４２３,2026-07-13,2026-07-18,07,蒲郡,ＧⅡ,４　１６６　６　１４５,3277,齋藤 勇,2026-08-20,2026-08-23,04,平和島,一般,４　６４３　６２,2026-08-09,2026-08-15,03,江戸川,一般,４　１４４　３５２　３１,2026-07-24,2026-07-27,06,浜名湖,一般,５４４　３４４,2026-07-09,2026-07-14,15,丸亀,一般,１　４４５　６５４　４３,2026-06-24,2026-06-29,09,津,一般,４６３　２３３　４６２６,4513,河野 真也,2026-08-25,2026-08-30,09,津,一般,２４５　５２４　５　２５,2026-08-10,2026-08-15,21,芦屋,一般,１　３３３６１　妨３２,2026-07-29,2026-08-03,23,からつ,一般,３　５４１４２１２１[３],2026-07-17,2026-07-20,02,戸田,一般,１　１１３３[３],2026-07-07,2026-07-12,08,常滑,一般,２３３　４４５１１　３５,4033,伊藤 将吉,2026-08-22,2026-08-27,22,福岡,一般,３　２５２３４１１４１２,2026-08-11,2026-08-16,06,浜名湖,一般,３６１　４４６　６１４４,2026-08-03,2026-08-08,04,平和島,ＧⅢ,２５,2026-07-24,2026-07-27,12,住之江,一般,２１４４４５５４,2026-07-14,2026-07-19,21,芦屋,一般,３１３１５　１２３３３２
202609100112,2026-09-10,01,12R,3874,山本 寛久,2026-08-22,2026-08-27,08,常滑,ＧⅢ,２１３　１３３　１３１３,2026-08-08,2026-08-13,16,児島,一般,１　５６５３３　４４１,2026-07-27,2026-08-01,09,津,一般,２１２,2026-07-13,2026-07-18,07,蒲郡,ＧⅡ,４　１　２４３　１　[５],2026-06-30,2026-07-05,16,児島,ＧⅡ,５６１　１　２２４　１２,4028,田村 隆信,2026-08-21,2026-08-26,03,江戸川,一般,１　４３３　３１３３[５],2026-08-05,2026-08-10,14,鳴門,一般,２２３５２　１３３２[６],2026-07-29,2026-08-01,18,徳山,一般,４５４４４　５１,2026-07-17,2026-07-20,02,戸田,一般,５１６５３１６３,2026-07-03,2026-07-08,12,住之江,一般,６５５１２　１５６３４,4025,山本 隆幸,2026-08-20,2026-08-25,21,芦屋,一般,４１６５３４１２３４１５,2026-08-09,2026-08-14,13,尼崎,一般,３１１　２４３　２　[４],2026-07-31,2026-08-05,06,浜名湖,ＧⅢ,１２２　１１４１３６３５,2026-07-22,2026-07-25,24,大村,一般,３４１１１５２４,2026-06-30,2026-07-04,19,下関,一般,２５転欠,4342,谷野 錬志,2026-08-22,2026-08-27,08,常滑,ＧⅢ,１５１　２３２１４１[１],2026-08-11,2026-08-16,06,浜名湖,一般,５４３　１３３２２４２４,2026-07-22,2026-07-27,14,鳴門,一般,４３４　２２３１３６１５,2026-07-13,2026-07-18,07,蒲郡,ＧⅡ,３　５５１　４　６２４４,2026-05-26,2026-05-31,06,浜名湖,ＳＧ,３　５　３３５　３１３,3946,赤岩 善生,2026-08-22,2026-08-27,08,常滑,ＧⅢ,４４１４４１１３１２[５],2026-08-11,2026-08-16,07,蒲郡,一般,１３１１１２１１１１[F],2026-08-03,2026-08-08,19,下関,一般,２１１　２１３１２１[１],2026-07-23,2026-07-28,03,江戸川,ＧⅢ,１３３　６４２　４５１１,2026-07-13,2026-07-18,07,蒲郡,ＧⅡ,２２１　２２５　５　１４,4019,笠原 亮,2026-08-24,2026-08-28,15,丸亀,一般,４２２４２１４３４１,2026-07-29,2026-08-03,22,福岡,一般,２４３２６２２　３４２２,2026-07-15,2026-07-20,18,徳山,一般,２１２　５３２１不１[３],2026-07-05,2026-07-09,24,大村,一般,２１２　３２１２[２],2026-06-20,2026-06-25,06,浜名湖,一般,１１１１１２２１３１[２]
202609100301,2026-09-10,03,01R,5279,石渡 翔一郎,2026-08-26,2026-08-31,11,びわこ,一般,４　３４２　２４１３１３,2026-08-09,2026-08-15,03,江戸川,一般,２　２３４　２１転　３,2026-07-30,2026-08-04,08,常滑,一般,１　１４１４落５２　３４,2026-07-18,2026-07-23,09,津,ＧⅢ,５　２３６　欠　２５２３,2026-07-10,2026-07-13,19,下関,一般,５　３３３　５２,4004,山本 浩輔,2026-08-22,2026-08-27,08,常滑,ＧⅢ,５　２６４　２５２５３,2026-08-06,2026-08-10,24,大村,一般,４４３　３４３２４３,2026-07-29,2026-08-01,18,徳山,一般,２５２　１　１５,2026-07-14,2026-07-17,24,大村,一般,３　１５４５１５,2026-07-02,2026-07-06,21,芦屋,一般,３５１６４　４５４,4407,鹿島 敏弘,2026-08-28,2026-09-02,05,多摩川,ＧⅢ,　　　　　　　　３５６３,2026-08-22,2026-08-26,20,若松,一般,３５３６６　５　５６,2026-08-11,2026-08-16,01,桐生,一般,１４５　１６１３６　１５,2026-07-22,2026-07-27,14,鳴門,一般,３　５２３５２２４５２５,2026-07-07,2026-07-12,02,戸田,ＧⅡ,６　２　４６５　６３５,5053,山口 広樹,2026-08-21,2026-08-26,06,浜名湖,一般,１５２　２６４３３５１６,2026-08-10,2026-08-15,21,芦屋,一般,４５５　５５４　３１３,2026-07-23,2026-07-27,01,桐生,一般,６　６５５　６５２,2026-07-10,2026-07-15,22,福岡,一般,５　６６４　３５６　６５,2026-06-04,2026-06-08,08,常滑,一般,１　２４６２４４４２,3857,阿波 勝哉,2026-08-22,2026-08-27,22,福岡,一般,４　４３４５３　４２１１,2026-08-11,2026-08-16,04,平和島,一般,５６２　３　３４２３３,2026-07-20,2026-07-25,15,丸亀,一般,４６１　５５６　４３５,2026-07-07,2026-07-12,20,若松,ＧⅢ,２６３　６５１　１１６６,2026-06-26,2026-07-02,24,大村,一般,１　２６２６６　５　３転３４,4583,古田 祐貴,2026-08-30,2026-09-02,21,芦屋,一般,５４６　５５４,2026-08-17,2026-08-21,15,丸亀,一般,３５２　１６５２[６],2026-08-03,2026-08-08,04,平和島,ＧⅢ,５２４　１６３　２３６３,2026-07-22,2026-07-25,24,大村,一般,１４２　３４２転,2026-07-10,2026-07-15,23,からつ,一般,２４４　２６５　３３５３
202609100302,2026-09-10,03,02R,4142,平野 和明,2026-08-21,2026-08-24,07,蒲郡,一般,１　２３４２[３],2026-08-10,2026-08-15,08,常滑,一般,６２２　２４２３４６２６,2026-07-28,2026-07-31,24,大村,一般,２６３　３４４,2026-07-02,2026-07-07,04,平和島,一般,３３３　６３４　１４３,2026-06-21,2026-06-26,16,児島,一般,５　３３１１２３６４２４,4427,秦 英悟,2026-08-26,2026-08-31,11,びわこ,一般,１１４６４５３　４３２２,2026-08-13,2026-08-18,12,住之江,一般,１　１１２　３２１３１１,2026-07-29,2026-08-03,22,福岡,一般,１６１１１　１１２１[１],2026-07-15,2026-07-20,18,徳山,一般,１３１２３　１３３１[１],2026-07-02,2026-07-06,21,芦屋,一般,１１１２２３１２[５],5138,村本 大成,2026-08-20,2026-08-23,04,平和島,一般,５　５６５　４５,2026-08-04,2026-08-09,12,住之江,一般,６　６３６　５　６４３,2026-07-24,2026-07-27,02,戸田,一般,３　６４６６５,2026-07-10,2026-07-15,22,福岡,一般,１　５５６　２６６３５,2026-06-25,2026-06-29,21,芦屋,一般,５　３２３　２４５２,5120,山本 稔太朗,2026-08-20,2026-08-23,02,戸田,一般,６　２３６６４６,2026-08-03,2026-08-08,19,下関,一般,１　１F５　３　６　４２,2026-07-18,2026-07-23,09,津,ＧⅢ,２　３　２５５　１６３４,2026-07-02,2026-07-07,04,平和島,一般,４４２　６５１　５２３,2026-05-26,2026-05-31,15,丸亀,ＧⅢ,４４１　４１５　３４１４,3303,渡辺 豊,2026-08-20,2026-08-25,21,芦屋,一般,５４３　４４３　２４２５,2026-08-09,2026-08-15,03,江戸川,一般,４４５　４６１　６５１,2026-07-27,2026-08-01,10,三国,一般,４　５４４　５４３　６,2026-07-14,2026-07-19,01,桐生,一般,６１５　５６２　４　２５,2026-07-07,2026-07-12,10,三国,ＧⅢ,２　４４２　５６１６４,5427,港 理樹,2026-08-26,2026-08-31,11,びわこ,一般,６３６　３２６　３　５６,2026-08-11,2026-08-16,04,平和島,一般,２　３５４６４　６５２,2026-08-03,2026-08-08,04,平和島,ＧⅢ,　　　　　　　　　　６６,2026-07-24,2026-07-27,06,浜名湖,一般,６２６　４６５４,2026-07-11,2026-07-16,03,江戸川,一般,５　３５５５４　５３６
202609100303,2026-09-10,03,03R,4888,金児 隆太,2026-08-22,2026-08-26,20,若松,一般,４１２　１２１２[６],2026-08-11,2026-08-16,01,桐生,一般,２２１　３３４４６　２２,2026-07-24,2026-07-27,06,浜名湖,一般,１　３２６２１５,2026-07-14,2026-07-19,01,桐生,一般,４　２５１４１　５２[５],2026-07-03,2026-07-08,12,住之江,一般,１４４　２３６　３５４,5071,野見山 拓己,2026-08-21,2026-08-26,06,浜名湖,一般,２　２４１２４３２３５３,2026-07-15,2026-07-19,17,宮島,一般,３６４　４　３６４４,2026-07-02,2026-07-07,04,平和島,一般,５６２　５　４５５　３４,2026-06-16,2026-06-21,18,徳山,ＧⅢ,５　４F６　６　３　４,2026-06-01,2026-06-05,19,下関,一般,２１５　５４２　３２,4623,中北 将史,2026-08-23,2026-08-27,18,徳山,一般,１２５４５　６５１,2026-08-15,2026-08-20,09,津,一般,２６５　１４２　２２５,2026-08-05,2026-08-10,09,津,一般,４　２３２　５３３６４６,2026-07-22,2026-07-25,24,大村,一般,２２５　１６４６,2026-07-10,2026-07-15,06,浜名湖,一般,５４６　１３６　２　４４,3859,多羅尾 達之,2026-08-22,2026-08-27,22,福岡,一般,６　２４２　２６５２１４,2026-08-11,2026-08-16,04,平和島,一般,転　欠,2026-07-25,2026-07-29,20,若松,一般,５　５６５６,2026-07-15,2026-07-19,08,常滑,一般,６２１　３６３３５,2026-06-26,2026-07-02,24,大村,一般,４　４６５　５５６　２５２４,4471,新田 泰章,2026-08-25,2026-08-30,09,津,一般,４６２　２１１　１１[２],2026-08-14,2026-08-19,17,宮島,一般,５５１　５４４２２　１２,2026-08-03,2026-08-08,04,平和島,ＧⅢ,３４１　５１１３３１[２],2026-07-20,2026-07-25,15,丸亀,一般,２１２６２３２　１３４１,2026-07-07,2026-07-12,08,常滑,一般,２４１４１３６３２５２２,3685,荒井 輝年,2026-08-20,2026-08-23,04,平和島,一般,６　３５５１２３,2026-07-13,2026-07-18,07,蒲郡,ＧⅡ,６　４　６５３　５４６,2026-07-05,2026-07-09,05,多摩川,一般,２６１　３１２３４１,2026-06-24,2026-06-29,03,江戸川,一般,２５１　２５４　１１１１,2026-06-03,2026-06-08,21,芦屋,一般,１２５　２４２１２１[F]
202609100304,2026-09-10,03,04R,3944,山口 裕二,2026-08-24,2026-08-28,15,丸亀,一般,５５５１１１２３３２,2026-06-17,2026-06-22,24,大村,ＧⅡ,６　２５３２３　４２４,2026-06-07,2026-06-12,09,津,一般,１２３　２２５５２３４１,2026-05-27,2026-05-31,18,徳山,一般,３　４３３５１５２,2026-05-16,2026-05-19,06,浜名湖,一般,５　３３１６５２,4896,花本 剛,2026-08-19,2026-08-24,19,下関,一般,５６２　５　１３２　３２,2026-08-04,2026-08-09,10,三国,一般,４　５２２　４６６５３,2026-07-27,2026-07-31,19,下関,一般,１５５　４６２　６,2026-07-15,2026-07-21,12,住之江,一般,３　５６１　２６６６４　３,2026-06-06,2026-06-10,24,大村,一般,６　６４５,4173,岡谷 健吾,2026-08-21,2026-08-24,07,蒲郡,一般,１５３３３５４６,2026-08-08,2026-08-13,16,児島,一般,３２３　４２２　２４３３,2026-07-28,2026-07-31,24,大村,一般,６５６４４　１,2026-07-15,2026-07-21,12,住之江,一般,１４１　３４２　４４３１５１,2026-06-30,2026-07-04,19,下関,一般,３５１４６　５　４４,4257,古川 健,2026-08-20,2026-08-25,21,芦屋,一般,１　１３３　６４３５１３,2026-07-29,2026-08-01,18,徳山,一般,６２５　３２５,2026-07-15,2026-07-19,17,宮島,一般,１４２　２６２５２６,2026-06-30,2026-07-05,06,浜名湖,一般,２　５２１　４３２５１５,2026-06-19,2026-06-24,11,びわこ,一般,１４４　３３５　１１５６,4189,川上 剛,2026-08-27,2026-08-31,04,平和島,一般,３６５１４３２　３１,2026-08-20,2026-08-23,02,戸田,一般,１４１２３１[４],2026-08-10,2026-08-15,21,芦屋,一般,４　３２２５１４１４１４,2026-07-29,2026-08-03,23,からつ,一般,４５４３３　２４４　６２,2026-07-20,2026-07-25,15,丸亀,一般,４４４３１６２　１１１５,3256,三角 哲男,2026-08-23,2026-08-27,18,徳山,一般,４２３１２３２２[５],2026-08-11,2026-08-16,04,平和島,一般,１１２１１　３３４３３２,2026-07-31,2026-08-05,05,多摩川,一般,２５５３２１３　４５６２,2026-07-22,2026-07-25,24,大村,一般,１６１２２１[５],2026-07-07,2026-07-12,10,三国,ＧⅢ,１３１１３　２１４１[１]
202609100305,2026-09-10,03,05R,3664,鈴木 賢一,2026-08-20,2026-08-23,02,戸田,一般,５　２３５３５１,2026-08-03,2026-08-08,04,平和島,ＧⅢ,５６５　４　４６５　１５,2026-07-23,2026-07-27,01,桐生,一般,５１３　３６２　３２,2026-06-29,2026-07-03,11,びわこ,一般,４　２６転欠,2026-06-17,2026-06-22,17,宮島,ＧⅢ,４２２　２６３　５６２５,4452,松尾 祭,2026-08-26,2026-08-30,14,鳴門,一般,５３１　４２４４４３,2026-08-17,2026-08-21,15,丸亀,一般,６５３３２　２１２１,2026-07-31,2026-08-03,20,若松,一般,２４４　２１５３,2026-07-23,2026-07-27,01,桐生,一般,６５４１６　２　４１,2026-07-14,2026-07-19,21,芦屋,一般,１　５４３６６４５　４１,4258,関根 彰人,2026-08-21,2026-08-26,06,浜名湖,一般,３５４　３　２６２４６６,2026-08-05,2026-08-10,09,津,一般,２　５６１　２５４５２６,2026-07-24,2026-07-27,02,戸田,一般,１３６５２　２２,2026-07-07,2026-07-12,20,若松,ＧⅢ,３４５　３　４４２　５３,2026-06-25,2026-06-30,01,桐生,ＧⅢ,１　６５５５５　５　３４,4438,森作 雄大,2026-08-22,2026-08-26,20,若松,一般,２４２１３　１５１３,2026-08-09,2026-08-15,03,江戸川,一般,１４３　６１６　１２６５,2026-07-29,2026-08-03,22,福岡,一般,２１１１４５４　１５１４,2026-07-18,2026-07-21,04,平和島,一般,５５１　２３５６,2026-07-03,2026-07-08,13,尼崎,一般,１　５６５　６５６　１,4179,広次 修,2026-08-25,2026-08-30,09,津,一般,３３５　４６３　３　３１,2026-08-11,2026-08-16,19,下関,一般,３　１６４６２　１３４６,2026-07-24,2026-07-29,17,宮島,一般,３２３２３４３　１３３３,2026-07-14,2026-07-17,24,大村,一般,２３３　５６１６,2026-07-04,2026-07-09,01,桐生,一般,５２５　１　２２５２[５],3839,川合 理司,2026-08-17,2026-08-21,13,尼崎,一般,５　５５６　４　５４,2026-07-31,2026-08-03,20,若松,一般,５　１５６６６,2026-07-16,2026-07-21,11,びわこ,一般,２　６　６６２　６　６,2026-07-05,2026-07-09,05,多摩川,一般,５　６　５６４５５,2026-06-24,2026-06-28,04,平和島,一般,５　３５４５３６
202609100306,2026-09-10,03,06R,3850,小川 知行,2026-08-22,2026-08-27,22,福岡,一般,１　４６４４５　５３３,2026-08-11,2026-08-16,01,桐生,一般,３４４　５　１５３２５,2026-07-31,2026-08-05,05,多摩川,一般,５６４　５６１　６　２３,2026-07-17,2026-07-20,02,戸田,一般,６５３　２５１,2026-07-05,2026-07-09,24,大村,一般,２５５　６　２３６,4640,山ノ内 雅人,2026-08-24,2026-08-29,13,尼崎,一般,１　４５３３２５２F４,2026-08-10,2026-08-15,21,芦屋,一般,２３４　４２４４３　１５,2026-07-27,2026-08-01,10,三国,一般,４３１３３５１　５６１５,2026-07-18,2026-07-21,04,平和島,一般,２２３　２５３５,2026-07-10,2026-07-13,19,下関,一般,４５１　３６２６,4981,牧山 敦也,2026-08-22,2026-08-26,20,若松,一般,１　２４２４５３５１,2026-08-11,2026-08-16,19,下関,一般,２　２２１４５　３４５２,2026-07-31,2026-08-03,20,若松,一般,　　　　　　２５,2026-07-22,2026-07-25,24,大村,一般,３　３３１４１２,2026-07-10,2026-07-15,06,浜名湖,一般,１　２５６　２２６５５６,4598,加藤 政彦,2026-08-20,2026-08-25,21,芦屋,一般,３４４　２３１２３２[５],2026-08-09,2026-08-15,03,江戸川,一般,１　４４１　２５４　６１,2026-07-29,2026-08-03,23,からつ,一般,５　２１１　３６,2026-07-18,2026-07-22,10,三国,一般,６１５　４　転４３,2026-07-05,2026-07-09,05,多摩川,一般,２１２　２４６５１４,4583,古田 祐貴,2026-08-30,2026-09-02,21,芦屋,一般,５４６　５５４,2026-08-17,2026-08-21,15,丸亀,一般,３５２　１６５２[６],2026-08-03,2026-08-08,04,平和島,ＧⅢ,５２４　１６３　２３６３,2026-07-22,2026-07-25,24,大村,一般,１４２　３４２転,2026-07-10,2026-07-15,23,からつ,一般,２４４　２６５　３３５３,4418,茅原 悠紀,2026-08-25,2026-08-30,01,桐生,ＳＧ,４　３５４２１　２　[５],2026-08-08,2026-08-13,16,児島,一般,３３２　３１１１２１[１],2026-07-28,2026-08-02,11,びわこ,ＳＧ,３　５３２３３　５　１３,2026-07-17,2026-07-22,16,児島,ＧⅢ,２３２１１　２１４１[２],2026-07-02,2026-07-07,04,平和島,一般,１５２　４３１１２２[４]
202609100307,2026-09-10,03,07R,5138,村本 大成,2026-08-20,2026-08-23,04,平和島,一般,５　５６５　４５,2026-08-04,2026-08-09,12,住之江,一般,６　６３６　５　６４３,2026-07-24,2026-07-27,02,戸田,一般,３　６４６６５,2026-07-10,2026-07-15,22,福岡,一般,１　５５６　２６６３５,2026-06-25,2026-06-29,21,芦屋,一般,５　３２３　２４５２,4880,澤崎 雄哉,2026-08-22,2026-08-26,20,若松,一般,３４３４１　２３６１,2026-08-11,2026-08-16,01,桐生,一般,４２５　４６６　５　５６,2026-07-31,2026-08-04,13,尼崎,一般,３４５,2026-07-17,2026-07-22,16,児島,ＧⅢ,５　３６３　２１５３３,2026-06-30,2026-07-05,06,浜名湖,一般,１　３２３２４５３４２２,4661,中島 昂章,2026-08-28,2026-08-31,23,からつ,一般,３３１　２５２３,2026-08-20,2026-08-23,04,平和島,一般,４３３３３　２２,2026-08-09,2026-08-14,23,からつ,一般,２３４　１５２　３４２３,2026-07-27,2026-08-01,10,三国,一般,１２１　１３１５４１[５],2026-07-17,2026-07-22,16,児島,ＧⅢ,１６２６１　２５４５１３,4004,山本 浩輔,2026-08-22,2026-08-27,08,常滑,ＧⅢ,５　２６４　２５２５３,2026-08-06,2026-08-10,24,大村,一般,４４３　３４３２４３,2026-07-29,2026-08-01,18,徳山,一般,２５２　１　１５,2026-07-14,2026-07-17,24,大村,一般,３　１５４５１５,2026-07-02,2026-07-06,21,芦屋,一般,３５１６４　４５４,4604,岩瀬 裕亮,2026-08-25,2026-08-30,01,桐生,ＳＧ,５５１　４　３６３　２,2026-08-10,2026-08-15,08,常滑,一般,２３１５１２３２２１[３],2026-07-28,2026-08-02,11,びわこ,ＳＧ,４　２　４４５　５５６,2026-07-13,2026-07-18,07,蒲郡,ＧⅡ,１５４　１４５　１４３,2026-07-05,2026-07-09,05,多摩川,一般,１４１１４２２５２２,3931,黒崎 竜也,2026-08-27,2026-08-31,04,平和島,一般,１３３　４２６５１２,2026-08-15,2026-08-20,09,津,一般,１　２２３３２４３４１３,2026-07-31,2026-08-05,06,浜名湖,ＧⅢ,５１６　４３３　１３３２,2026-07-22,2026-07-26,13,尼崎,一般,４　４４１２１６２５,2026-07-13,2026-07-18,07,蒲郡,ＧⅡ,３　２　４５１　１４５４
202609100308,2026-09-10,03,08R,5098,大江 純,2026-08-20,2026-08-23,02,戸田,一般,２５１　５５F３,2026-08-11,2026-08-16,07,蒲郡,一般,４　１２２　３６２５３６,2026-07-24,2026-07-27,12,住之江,一般,６　１２１５１６,2026-07-10,2026-07-13,19,下関,一般,２２３　１６２６,2026-06-26,2026-07-02,24,大村,一般,６５２　３　２６５３４　６転,4257,古川 健,2026-08-20,2026-08-25,21,芦屋,一般,１　１３３　６４３５１３,2026-07-29,2026-08-01,18,徳山,一般,６２５　３２５,2026-07-15,2026-07-19,17,宮島,一般,１４２　２６２５２６,2026-06-30,2026-07-05,06,浜名湖,一般,２　５２１　４３２５１５,2026-06-19,2026-06-24,11,びわこ,一般,１４４　３３５　１１５６,4000,松本 博昭,2026-08-25,2026-08-30,17,宮島,一般,３　２３２２１３１３４３,2026-08-05,2026-08-10,14,鳴門,一般,３５５２３２３　５３４３,2026-07-24,2026-07-27,06,浜名湖,一般,２　１６２４２４,2026-07-14,2026-07-19,21,芦屋,一般,３１２　３３４６３６１４,2026-07-03,2026-07-06,09,津,一般,５１３４５　２４,3655,本橋 克洋,2026-08-22,2026-08-27,22,福岡,一般,５４３　４３１　６５５１,2026-08-11,2026-08-16,01,桐生,一般,４６６　２　５３２　４３,2026-07-22,2026-07-27,14,鳴門,一般,４３２　３４３６１　２６,2026-06-14,2026-06-18,01,桐生,一般,３　１３６４４　５５,2026-06-03,2026-06-07,03,江戸川,一般,３２２　３３２５,3685,荒井 輝年,2026-08-20,2026-08-23,04,平和島,一般,６　３５５１２３,2026-07-13,2026-07-18,07,蒲郡,ＧⅡ,６　４　６５３　５４６,2026-07-05,2026-07-09,05,多摩川,一般,２６１　３１２３４１,2026-06-24,2026-06-29,03,江戸川,一般,２５１　２５４　１１１１,2026-06-03,2026-06-08,21,芦屋,一般,１２５　２４２１２１[F],5378,鈴木 結平太,2026-08-11,2026-08-16,06,浜名湖,一般,６６６　５　５６６　６５,2026-07-23,2026-07-27,01,桐生,一般,６　５４４　６５５,2026-07-15,2026-07-19,08,常滑,一般,　　　　　　　　６６,2026-07-10,2026-07-15,06,浜名湖,一般,　　　　　　　　　　６６,2026-07-02,2026-07-07,04,平和島,一般,６　６６６　５６６　５
202609100309,2026-09-10,03,09R,4623,中北 将史,2026-08-23,2026-08-27,18,徳山,一般,１２５４５　６５１,2026-08-15,2026-08-20,09,津,一般,２６５　１４２　２２５,2026-08-05,2026-08-10,09,津,一般,４　２３２　５３３６４６,2026-07-22,2026-07-25,24,大村,一般,２２５　１６４６,2026-07-10,2026-07-15,06,浜名湖,一般,５４６　１３６　２　４４,5120,山本 稔太朗,2026-08-20,2026-08-23,02,戸田,一般,６　２３６６４６,2026-08-03,2026-08-08,19,下関,一般,１　１F５　３　６　４２,2026-07-18,2026-07-23,09,津,ＧⅢ,２　３　２５５　１６３４,2026-07-02,2026-07-07,04,平和島,一般,４４２　６５１　５２３,2026-05-26,2026-05-31,15,丸亀,ＧⅢ,４４１　４１５　３４１４,4179,広次 修,2026-08-25,2026-08-30,09,津,一般,３３５　４６３　３　３１,2026-08-11,2026-08-16,19,下関,一般,３　１６４６２　１３４６,2026-07-24,2026-07-29,17,宮島,一般,３２３２３４３　１３３３,2026-07-14,2026-07-17,24,大村,一般,２３３　５６１６,2026-07-04,2026-07-09,01,桐生,一般,５２５　１　２２５２[５],5087,佐藤 航,2026-08-22,2026-08-27,08,常滑,ＧⅢ,１５１３２６２　４５２２,2026-08-12,2026-08-17,02,戸田,一般,６　２１３　２１２　[２],2026-08-03,2026-08-08,17,宮島,一般,１２２１１　１６２１[４],2026-07-18,2026-07-23,09,津,ＧⅢ,３F５　２３３　２　３,2026-07-09,2026-07-13,16,児島,一般,２６２２１１３２[３],4407,鹿島 敏弘,2026-08-28,2026-09-02,05,多摩川,ＧⅢ,　　　　　　　　３５６３,2026-08-22,2026-08-26,20,若松,一般,３５３６６　５　５６,2026-08-11,2026-08-16,01,桐生,一般,１４５　１６１３６　１５,2026-07-22,2026-07-27,14,鳴門,一般,３　５２３５２２４５２５,2026-07-07,2026-07-12,02,戸田,ＧⅡ,６　２　４６５　６３５,4173,岡谷 健吾,2026-08-21,2026-08-24,07,蒲郡,一般,１５３３３５４６,2026-08-08,2026-08-13,16,児島,一般,３２３　４２２　２４３３,2026-07-28,2026-07-31,24,大村,一般,６５６４４　１,2026-07-15,2026-07-21,12,住之江,一般,１４１　３４２　４４３１５１,2026-06-30,2026-07-04,19,下関,一般,３５１４６　５　４４
202609100310,2026-09-10,03,10R,4189,川上 剛,2026-08-27,2026-08-31,04,平和島,一般,３６５１４３２　３１,2026-08-20,2026-08-23,02,戸田,一般,１４１２３１[４],2026-08-10,2026-08-15,21,芦屋,一般,４　３２２５１４１４１４,2026-07-29,2026-08-03,23,からつ,一般,４５４３３　２４４　６２,2026-07-20,2026-07-25,15,丸亀,一般,４４４３１６２　１１１５,3857,阿波 勝哉,2026-08-22,2026-08-27,22,福岡,一般,４　４３４５３　４２１１,2026-08-11,2026-08-16,04,平和島,一般,５６２　３　３４２３３,2026-07-20,2026-07-25,15,丸亀,一般,４６１　５５６　４３５,2026-07-07,2026-07-12,20,若松,ＧⅢ,２６３　６５１　１１６６,2026-06-26,2026-07-02,24,大村,一般,１　２６２６６　５　３転３４,3956,横澤 剛治,2026-08-23,2026-08-27,18,徳山,一般,１３６５３　４３２１,2026-08-11,2026-08-16,06,浜名湖,一般,６　５６５　４４欠,2026-07-31,2026-08-05,06,浜名湖,ＧⅢ,１　１１３４１３４２[５],2026-07-14,2026-07-17,24,大村,一般,３５６１６　５,2026-07-02,2026-07-07,04,平和島,一般,５　４２,5071,野見山 拓己,2026-08-21,2026-08-26,06,浜名湖,一般,２　２４１２４３２３５３,2026-07-15,2026-07-19,17,宮島,一般,３６４　４　３６４４,2026-07-02,2026-07-07,04,平和島,一般,５６２　５　４５５　３４,2026-06-16,2026-06-21,18,徳山,ＧⅢ,５　４F６　６　３　４,2026-06-01,2026-06-05,19,下関,一般,２１５　５４２　３２,4258,関根 彰人,2026-08-21,2026-08-26,06,浜名湖,一般,３５４　３　２６２４６６,2026-08-05,2026-08-10,09,津,一般,２　５６１　２５４５２６,2026-07-24,2026-07-27,02,戸田,一般,１３６５２　２２,2026-07-07,2026-07-12,20,若松,ＧⅢ,３４５　３　４４２　５３,2026-06-25,2026-06-30,01,桐生,ＧⅢ,１　６５５５５　５　３４,5315,浅井 翼,2026-08-28,2026-09-02,05,多摩川,ＧⅢ,　　　　　　　　　　６５,2026-08-21,2026-08-26,06,浜名湖,一般,５５３　５６６　６　転６,2026-08-08,2026-08-11,05,多摩川,一般,２　２　３５１５,2026-07-11,2026-07-16,03,江戸川,一般,１６５　１６転　６６６２,2026-06-30,2026-07-04,19,下関,一般,６　４５２　２４６４
202609100311,2026-09-10,03,11R,4418,茅原 悠紀,2026-08-25,2026-08-30,01,桐生,ＳＧ,４　３５４２１　２　[５],2026-08-08,2026-08-13,16,児島,一般,３３２　３１１１２１[１],2026-07-28,2026-08-02,11,びわこ,ＳＧ,３　５３２３３　５　１３,2026-07-17,2026-07-22,16,児島,ＧⅢ,２３２１１　２１４１[２],2026-07-02,2026-07-07,04,平和島,一般,１５２　４３１１２２[４],4471,新田 泰章,2026-08-25,2026-08-30,09,津,一般,４６２　２１１　１１[２],2026-08-14,2026-08-19,17,宮島,一般,５５１　５４４２２　１２,2026-08-03,2026-08-08,04,平和島,ＧⅢ,３４１　５１１３３１[２],2026-07-20,2026-07-25,15,丸亀,一般,２１２６２３２　１３４１,2026-07-07,2026-07-12,08,常滑,一般,２４１４１３６３２５２２,4438,森作 雄大,2026-08-22,2026-08-26,20,若松,一般,２４２１３　１５１３,2026-08-09,2026-08-15,03,江戸川,一般,１４３　６１６　１２６５,2026-07-29,2026-08-03,22,福岡,一般,２１１１４５４　１５１４,2026-07-18,2026-07-21,04,平和島,一般,５５１　２３５６,2026-07-03,2026-07-08,13,尼崎,一般,１　５６５　６５６　１,4661,中島 昂章,2026-08-28,2026-08-31,23,からつ,一般,３３１　２５２３,2026-08-20,2026-08-23,04,平和島,一般,４３３３３　２２,2026-08-09,2026-08-14,23,からつ,一般,２３４　１５２　３４２３,2026-07-27,2026-08-01,10,三国,一般,１２１　１３１５４１[５],2026-07-17,2026-07-22,16,児島,ＧⅢ,１６２６１　２５４５１３,4427,秦 英悟,2026-08-26,2026-08-31,11,びわこ,一般,１１４６４５３　４３２２,2026-08-13,2026-08-18,12,住之江,一般,１　１１２　３２１３１１,2026-07-29,2026-08-03,22,福岡,一般,１６１１１　１１２１[１],2026-07-15,2026-07-20,18,徳山,一般,１３１２３　１３３１[１],2026-07-02,2026-07-06,21,芦屋,一般,１１１２２３１２[５],3944,山口 裕二,2026-08-24,2026-08-28,15,丸亀,一般,５５５１１１２３３２,2026-06-17,2026-06-22,24,大村,ＧⅡ,６　２５３２３　４２４,2026-06-07,2026-06-12,09,津,一般,１２３　２２５５２３４１,2026-05-27,2026-05-31,18,徳山,一般,３　４３３５１５２,2026-05-16,2026-05-19,06,浜名湖,一般,５　３３１６５２
202609100312,2026-09-10,03,12R,3256,三角 哲男,2026-08-23,2026-08-27,18,徳山,一般,４２３１２３２２[５],2026-08-11,2026-08-16,04,平和島,一般,１１２１１　３３４３３２,2026-07-31,2026-08-05,05,多摩川,一般,２５５３２１３　４５６２,2026-07-22,2026-07-25,24,大村,一般,１６１２２１[５],2026-07-07,2026-07-12,10,三国,ＧⅢ,１３１１３　２１４１[１],4604,岩瀬 裕亮,2026-08-25,2026-08-30,01,桐生,ＳＧ,５５１　４　３６３　２,2026-08-10,2026-08-15,08,常滑,一般,２３１５１２３２２１[３],2026-07-28,2026-08-02,11,びわこ,ＳＧ,４　２　４４５　５５６,2026-07-13,2026-07-18,07,蒲郡,ＧⅡ,１５４　１４５　１４３,2026-07-05,2026-07-09,05,多摩川,一般,１４１１４２２５２２,4598,加藤 政彦,2026-08-20,2026-08-25,21,芦屋,一般,３４４　２３１２３２[５],2026-08-09,2026-08-15,03,江戸川,一般,１　４４１　２５４　６１,2026-07-29,2026-08-03,23,からつ,一般,５　２１１　３６,2026-07-18,2026-07-22,10,三国,一般,６１５　４　転４３,2026-07-05,2026-07-09,05,多摩川,一般,２１２　２４６５１４,4000,松本 博昭,2026-08-25,2026-08-30,17,宮島,一般,３　２３２２１３１３４３,2026-08-05,2026-08-10,14,鳴門,一般,３５５２３２３　５３４３,2026-07-24,2026-07-27,06,浜名湖,一般,２　１６２４２４,2026-07-14,2026-07-19,21,芦屋,一般,３１２　３３４６３６１４,2026-07-03,2026-07-06,09,津,一般,５１３４５　２４,4452,松尾 祭,2026-08-26,2026-08-30,14,鳴門,一般,５３１　４２４４４３,2026-08-17,2026-08-21,15,丸亀,一般,６５３３２　２１２１,2026-07-31,2026-08-03,20,若松,一般,２４４　２１５３,2026-07-23,2026-07-27,01,桐生,一般,６５４１６　２　４１,2026-07-14,2026-07-19,21,芦屋,一般,１　５４３６６４５　４１,4888,金児 隆太,2026-08-22,2026-08-26,20,若松,一般,４１２　１２１２[６],2026-08-11,2026-08-16,01,桐生,一般,２２１　３３４４６　２２,2026-07-24,2026-07-27,06,浜名湖,一般,１　３２６２１５,2026-07-14,2026-07-19,01,桐生,一般,４　２５１４１　５２[５],2026-07-03,2026-07-08,12,住之江,一般,１４４　２３６　３５４
202609100401,2026-09-10,04,01R,4414,大澤 真菜,2026-08-08,2026-08-11,05,多摩川,一般,１６６　６５６,2026-07-24,2026-07-27,06,浜名湖,一般,６　４５５６５,2026-07-13,2026-07-18,13,尼崎,ＧⅢ,３　６５４　２３５６３６,2026-06-28,2026-07-03,20,若松,一般,２　５６２６４　５　５６,2026-06-14,2026-06-18,01,桐生,一般,５　６４５　６　６１,4844,村上 奈穂,2026-08-18,2026-08-23,16,児島,一般,５５５　１５４　６５３,2026-08-03,2026-08-08,17,宮島,一般,１４１　２４５　２４３６,2026-07-19,2026-07-24,19,下関,ＧⅢ,２６２　５３６５２　２３,2026-07-07,2026-07-12,02,戸田,ＧⅡ,６　３　４５６　５５３,2026-06-09,2026-06-14,11,びわこ,一般,４　５４５　２６４４６２,5264,登 みひ果,2026-08-25,2026-08-30,17,宮島,一般,３５６　１　１１１２[５],2026-07-13,2026-07-18,13,尼崎,ＧⅢ,１５５　３１４　６４４４,2026-07-03,2026-07-08,13,尼崎,一般,６３３　６４６　６　２,2026-06-18,2026-06-23,02,戸田,一般,１　１６F　５　６　５,2026-06-09,2026-06-14,11,びわこ,一般,２４１　６５５　３２３４,3551,藤田 美代,2026-08-18,2026-08-23,16,児島,一般,５　３４４　２４２　５３,2026-07-28,2026-08-02,15,丸亀,一般,２　２６５　５５５　１３,2026-07-14,2026-07-19,21,芦屋,一般,５４４　３１６　４４５,2026-06-03,2026-06-08,21,芦屋,一般,４　６６６　５６４　２６,2026-05-25,2026-05-30,17,宮島,一般,５６３　４６４　５５１４,4240,今井 裕梨,2026-08-24,2026-08-29,10,三国,一般,４４３１１４２　３３５１,2026-08-11,2026-08-16,01,桐生,一般,２１１　４２４３４　１３,2026-07-31,2026-08-05,01,桐生,ＧⅢ,２６５　１１１３１５３３,2026-07-24,2026-07-27,06,浜名湖,一般,２６１　５６５３,2026-07-12,2026-07-16,05,多摩川,一般,６６５,5314,中曽 瑠華,2026-08-18,2026-08-23,16,児島,一般,６　４５６　４５３　５６,2026-08-08,2026-08-11,05,多摩川,一般,５４６　４　３２,2026-07-25,2026-07-30,04,平和島,一般,５５５　５　６６６　５５,2026-07-18,2026-07-21,20,若松,一般,５３５５６　４,2026-07-07,2026-07-12,11,びわこ,一般,３５５　６　５６１　５３
202609100402,2026-09-10,04,02R,5164,森田 梨湖,2026-08-18,2026-08-23,16,児島,一般,５　５５６,2026-07-28,2026-08-02,15,丸亀,一般,５　４５４　６５４　４,2026-07-19,2026-07-24,19,下関,ＧⅢ,４６５　４６６　５　６５,2026-05-24,2026-05-29,24,大村,一般,４　６６３　３４４　５５,2026-03-17,2026-03-22,17,宮島,一般,５１４　４２３　６　４,4065,金田 幸子,2026-08-25,2026-08-30,09,津,一般,４６４　３２６　３　５１,2026-08-12,2026-08-17,24,大村,ＧⅢ,５　１３２　４１１３転４,2026-07-22,2026-07-26,08,常滑,一般,６６２２５　５　６１,2026-06-12,2026-06-17,22,福岡,ＧⅢ,１４６　３３６　５１３,2026-05-29,2026-06-02,14,鳴門,一般,４３５　３１２６２３,4941,孫崎 百世,2026-08-24,2026-08-29,10,三国,一般,５　４４３　６　６３転,2026-08-15,2026-08-20,11,びわこ,一般,６２６　５　２５４　５２,2026-07-19,2026-07-24,19,下関,ＧⅢ,５　５４３５４　４　３５,2026-07-07,2026-07-12,11,びわこ,一般,　　　　　　　　　　５３,2026-07-01,2026-07-06,07,蒲郡,一般,４４１　２　５落６　１,4289,落合 直子,2026-08-17,2026-08-20,20,若松,一般,４１２６２４３２,2026-08-06,2026-08-11,18,徳山,ＧⅠ,３　２　３５２　６　４６,2026-07-21,2026-07-26,23,からつ,一般,１２３　１３４　１４２５,2026-06-12,2026-06-17,22,福岡,ＧⅢ,５　１１４３１５３５１６,2026-05-30,2026-06-04,05,多摩川,ＧⅢ,４１６　１２４　５２１,4882,瀧川 千依,2026-08-18,2026-08-23,16,児島,一般,３　１５２　１６４３１６,2026-07-23,2026-07-28,21,芦屋,一般,６　５６４　４６４　４６,2026-05-09,2026-05-12,20,若松,一般,５５６２６　４,2026-04-01,2026-04-06,22,福岡,一般,６　６６６　６６６　６４,2026-03-17,2026-03-22,17,宮島,一般,３　２４３　F６４　４,4874,池田 奈津美,2026-08-18,2026-08-23,16,児島,一般,妨６,2026-08-07,2026-08-12,20,若松,一般,４３２２４　５２１　６１,2026-07-24,2026-07-27,06,浜名湖,一般,６６５　６５,2026-07-14,2026-07-19,01,桐生,一般,３　４６３　３５３　４５,2026-06-24,2026-06-29,12,住之江,一般,３　２４５　３２２５２
202609100403,2026-09-10,04,03R,4186,小川 時光,2026-08-30,2026-09-03,08,常滑,一般,３　３３６　１４６,2026-08-20,2026-08-23,02,戸田,一般,　　　　　　１５,2026-08-12,2026-08-17,02,戸田,一般,５　６２１　５６４６６５,2026-08-03,2026-08-08,19,下関,一般,５３６　６６２　６　５,2026-07-20,2026-07-25,15,丸亀,一般,６　３６５　２６６　４５,4893,渡邉 真奈美,2026-08-18,2026-08-23,16,児島,一般,１３２　３６２　１６１４,2026-08-06,2026-08-11,18,徳山,ＧⅠ,６　４　２４５　１２６,2026-07-25,2026-07-30,04,平和島,一般,６５４　３　２２５　２２,2026-07-10,2026-07-15,06,浜名湖,一般,２６４　５２６　２　６６,2026-06-17,2026-06-20,07,蒲郡,一般,５　４３５１５１,4275,菅野 はやか,2026-07-31,2026-08-05,01,桐生,ＧⅢ,４　５４６　４２転　５４,2026-07-13,2026-07-18,13,尼崎,ＧⅢ,６３４　２３６　２　２２,2026-06-26,2026-07-01,17,宮島,一般,　　　　　　　　３５３,2026-06-13,2026-06-16,06,浜名湖,一般,６４５　４５４５,2026-05-30,2026-06-03,12,住之江,一般,６　６５５６３　６,4927,関野 文,2026-08-24,2026-08-29,10,三国,一般,１３６　２３２５５　４１,2026-08-12,2026-08-17,24,大村,ＧⅢ,１６３　４１３１２４４２,2026-07-31,2026-08-05,01,桐生,ＧⅢ,５　１３１５３２１２[３],2026-07-17,2026-07-20,02,戸田,一般,５　１６６５４,2026-07-03,2026-07-08,13,尼崎,一般,４　２１２３２　３３２３,5310,土屋 蘭,2026-08-24,2026-08-29,13,尼崎,一般,１３２　２３５　３６３２,2026-08-07,2026-08-11,15,丸亀,一般,４　３４２　６１４５,2026-07-21,2026-07-26,23,からつ,一般,３４６　F　３　４　４,2026-07-05,2026-07-09,24,大村,一般,６３３　４３６　３１,2026-05-29,2026-06-02,14,鳴門,一般,３　５３６　４６４,5201,村上 宗太郎,2026-08-15,2026-08-20,05,多摩川,一般,６１２　３４４　２３３４,2026-07-30,2026-08-04,08,常滑,一般,３　３６３　３１１５３４,2026-07-18,2026-07-21,04,平和島,一般,１３３　２３４１,2026-07-12,2026-07-16,05,多摩川,一般,５３６　３５４　５,2026-06-30,2026-07-05,23,からつ,一般,５　１５３５５　６３エ２
202609100404,2026-09-10,04,04R,4730,土屋 実沙希,2026-08-16,2026-08-19,14,鳴門,一般,４１２　２３２２,2026-08-07,2026-08-11,15,丸亀,一般,３２６　１１３５１５,2026-07-22,2026-07-26,08,常滑,一般,３６４４３　１　３２,2026-07-03,2026-07-08,12,住之江,一般,１　３２３　４５１２５４,2026-06-19,2026-06-24,11,びわこ,一般,４　３転４４４　１　２５,5165,小林 愛実,2026-08-25,2026-08-30,09,津,一般,３　３３３　２３１６１２,2026-08-18,2026-08-23,16,児島,一般,　　　　　　　　　　３５,2026-08-08,2026-08-13,16,児島,一般,６２２　４１３　１５６４,2026-07-25,2026-07-30,04,平和島,一般,３　２５５３１　４４１３,2026-07-07,2026-07-12,11,びわこ,一般,５落２　４　３４２　５１,3845,中谷 朋子,2026-08-25,2026-08-30,09,津,一般,２　２５２　３６１２[４],2026-07-31,2026-08-05,01,桐生,ＧⅢ,１　２４４　２２３５１５,2026-07-13,2026-07-18,13,尼崎,ＧⅢ,２　１１１２４　３１[１],2026-07-05,2026-07-09,24,大村,一般,４２１６５５欠,2026-06-17,2026-06-20,07,蒲郡,一般,２　５３６２３２,4791,黒澤 めぐみ,2026-08-24,2026-08-29,10,三国,一般,１　２３６５１　２６３３,2026-08-12,2026-08-17,24,大村,ＧⅢ,２２２　２３５３２３３１,2026-07-14,2026-07-19,01,桐生,一般,２２２　４５４　２１４,2026-06-28,2026-07-03,20,若松,一般,１　６３３３１１２３３２,2026-06-18,2026-06-23,02,戸田,一般,２５３　３２３１４４５６,5454,谷島 咲希,2026-08-12,2026-08-17,02,戸田,一般,５　５６６　５５６５５,2026-07-31,2026-08-05,05,多摩川,一般,６　６６６　６６６　６６,2026-07-07,2026-07-12,08,常滑,一般,２４６　６５６　６６６,2026-06-20,2026-06-25,06,浜名湖,一般,６　６５５　５４６　６６,2026-05-28,2026-06-02,01,桐生,一般,６　５　６６６４６,5320,岩崎 麗子,2026-08-24,2026-08-29,10,三国,一般,転　６６２　１　６５４,2026-08-11,2026-08-16,01,桐生,一般,６　３　５５６　５１４,2026-07-25,2026-07-29,20,若松,一般,３６６　１６５６４,2026-07-13,2026-07-18,13,尼崎,ＧⅢ,４　３５２　４５６　４,2026-06-24,2026-06-29,12,住之江,一般,４３４　３５４　４　４４
202609100405,2026-09-10,04,05R,5357,田中 瀬里奈,2026-08-12,2026-08-17,02,戸田,一般,６　４６４　６６５６６,2026-07-22,2026-07-26,08,常滑,一般,６　６６５　６６６６,2026-07-11,2026-07-14,04,平和島,一般,６　５　６４５６,2026-06-20,2026-06-25,06,浜名湖,一般,６　６５６　６５６　４,2026-05-30,2026-06-04,05,多摩川,ＧⅢ,５　６６L　６６６　６,4090,中村 尊,2026-08-27,2026-09-01,07,蒲郡,一般,３２１　１３３５４２[４],2026-08-16,2026-08-19,14,鳴門,一般,３１２２３６４６,2026-07-18,2026-07-21,04,平和島,一般,２２,2026-06-30,2026-07-04,19,下関,一般,２１１５２　２１[４],2026-06-19,2026-06-24,11,びわこ,一般,５２１　２１２５２４１４,5361,植竹 玲奈,2026-08-18,2026-08-23,16,児島,一般,６　６６３　５５４　５５,2026-08-08,2026-08-11,05,多摩川,一般,６　６　６６５６,2026-07-25,2026-07-30,04,平和島,一般,３　６２４　２５５５３５,2026-07-09,2026-07-13,14,鳴門,一般,３　３６４６４　６,2026-06-24,2026-06-28,04,平和島,一般,６　５６２４５４,4844,村上 奈穂,2026-08-18,2026-08-23,16,児島,一般,５５５　１５４　６５３,2026-08-03,2026-08-08,17,宮島,一般,１４１　２４５　２４３６,2026-07-19,2026-07-24,19,下関,ＧⅢ,２６２　５３６５２　２３,2026-07-07,2026-07-12,02,戸田,ＧⅡ,６　３　４５６　５５３,2026-06-09,2026-06-14,11,びわこ,一般,４　５４５　２６４４６２,4690,高石 梨菜,2026-08-17,2026-08-20,20,若松,一般,３４３５３　５１,2026-07-24,2026-07-27,06,浜名湖,一般,５５２　２５２３,2026-07-11,2026-07-14,04,平和島,一般,１３５　６２６,2026-06-14,2026-06-18,01,桐生,一般,３　２　３５４１４２,2026-05-30,2026-06-04,05,多摩川,ＧⅢ,１　５４３　５３６　４２,4895,門間 雄大,2026-08-21,2026-08-26,03,江戸川,一般,４　４５F　３５５　２２,2026-08-11,2026-08-16,04,平和島,一般,１６３　３４転３１　６５,2026-07-27,2026-08-01,10,三国,一般,４４４６２６６　２　３４,2026-07-17,2026-07-22,16,児島,ＧⅢ,２５１３４　５２１４３６,2026-07-07,2026-07-12,02,戸田,ＧⅡ,５　５　２４３　４２３
202609100406,2026-09-10,04,06R,4501,樋口 由加里,2026-08-25,2026-08-30,17,宮島,一般,４　４６１　４６４４６２,2026-08-12,2026-08-17,24,大村,ＧⅢ,１６２　２６５　２６３,2026-07-23,2026-07-28,21,芦屋,一般,５　３５５　６１６　５２,2026-07-01,2026-07-06,07,蒲郡,一般,４　１３１６４　６　６４,2026-06-18,2026-06-23,02,戸田,一般,５４５　４１４　６４１１,4414,大澤 真菜,2026-08-08,2026-08-11,05,多摩川,一般,１６６　６５６,2026-07-24,2026-07-27,06,浜名湖,一般,６　４５５６５,2026-07-13,2026-07-18,13,尼崎,ＧⅢ,３　６５４　２３５６３６,2026-06-28,2026-07-03,20,若松,一般,２　５６２６４　５　５６,2026-06-14,2026-06-18,01,桐生,一般,５　６４５　６　６１,5003,来田 衣織,2026-08-18,2026-08-23,16,児島,一般,５５２　１６２,2026-08-09,2026-08-14,13,尼崎,一般,６５６　５　２３５　６,2026-07-31,2026-08-05,01,桐生,ＧⅢ,５１３　転３６　６　１１,2026-07-19,2026-07-24,19,下関,ＧⅢ,落　１３５　１４４３３,2026-07-07,2026-07-12,11,びわこ,一般,３５４　６４２　６５２,4065,金田 幸子,2026-08-25,2026-08-30,09,津,一般,４６４　３２６　３　５１,2026-08-12,2026-08-17,24,大村,ＧⅢ,５　１３２　４１１３転４,2026-07-22,2026-07-26,08,常滑,一般,６６２２５　５　６１,2026-06-12,2026-06-17,22,福岡,ＧⅢ,１４６　３３６　５１３,2026-05-29,2026-06-02,14,鳴門,一般,４３５　３１２６２３,4941,孫崎 百世,2026-08-24,2026-08-29,10,三国,一般,５　４４３　６　６３転,2026-08-15,2026-08-20,11,びわこ,一般,６２６　５　２５４　５２,2026-07-19,2026-07-24,19,下関,ＧⅢ,５　５４３５４　４　３５,2026-07-07,2026-07-12,11,びわこ,一般,　　　　　　　　　　５３,2026-07-01,2026-07-06,07,蒲郡,一般,４４１　２　５落６　１,4175,川尻 泰輔,2026-08-16,2026-08-19,14,鳴門,一般,１４３１６４２２,2026-08-04,2026-08-09,12,住之江,一般,５　１２５　２２４５１５,2026-07-27,2026-07-31,19,下関,一般,１６２　２５４４１３,2026-07-12,2026-07-16,05,多摩川,一般,３４５　４１１　３１,2026-06-19,2026-06-24,11,びわこ,一般,１　２２６５６　１３４
202609100407,2026-09-10,04,07R,4781,西舘 果里,2026-08-17,2026-08-20,20,若松,一般,５　５６６　５６,2026-07-12,2026-07-16,05,多摩川,一般,４６１　４５３　６６,2026-06-17,2026-06-20,07,蒲郡,一般,６　５４４F２,2026-05-31,2026-06-05,13,尼崎,一般,６　２２５６,2026-05-18,2026-05-23,18,徳山,ＧⅢ,５２１　５４４２妨　２４,5264,登 みひ果,2026-08-25,2026-08-30,17,宮島,一般,３５６　１　１１１２[５],2026-07-13,2026-07-18,13,尼崎,ＧⅢ,１５５　３１４　６４４４,2026-07-03,2026-07-08,13,尼崎,一般,６３３　６４６　６　２,2026-06-18,2026-06-23,02,戸田,一般,１　１６F　５　６　５,2026-06-09,2026-06-14,11,びわこ,一般,２４１　６５５　３２３４,3551,藤田 美代,2026-08-18,2026-08-23,16,児島,一般,５　３４４　２４２　５３,2026-07-28,2026-08-02,15,丸亀,一般,２　２６５　５５５　１３,2026-07-14,2026-07-19,21,芦屋,一般,５４４　３１６　４４５,2026-06-03,2026-06-08,21,芦屋,一般,４　６６６　５６４　２６,2026-05-25,2026-05-30,17,宮島,一般,５６３　４６４　５５１４,4275,菅野 はやか,2026-07-31,2026-08-05,01,桐生,ＧⅢ,４　５４６　４２転　５４,2026-07-13,2026-07-18,13,尼崎,ＧⅢ,６３４　２３６　２　２２,2026-06-26,2026-07-01,17,宮島,一般,　　　　　　　　３５３,2026-06-13,2026-06-16,06,浜名湖,一般,６４５　４５４５,2026-05-30,2026-06-03,12,住之江,一般,６　６５５６３　６,4536,喜井 つかさ,2026-08-18,2026-08-23,16,児島,一般,２　２１２２１３３F落,2026-08-06,2026-08-11,18,徳山,ＧⅠ,４　５５４　２　５５６,2026-07-28,2026-08-02,15,丸亀,一般,２　３３４４４６１４１２,2026-07-19,2026-07-24,19,下関,ＧⅢ,１　１４２２２４２４３３,2026-07-09,2026-07-13,16,児島,一般,１５６　４１３４１３,5370,日隈 茜,2026-08-24,2026-08-29,10,三国,一般,６６６　６　６６６　６,2026-08-10,2026-08-15,21,芦屋,一般,６　６６６　６６６　６,2026-07-28,2026-08-02,15,丸亀,一般,　　　　　　　　６　６５,2026-07-25,2026-07-29,20,若松,一般,６　６５６６６　６５,2026-05-15,2026-05-18,13,尼崎,一般,６
202609100408,2026-09-10,04,08R,4240,今井 裕梨,2026-08-24,2026-08-29,10,三国,一般,４４３１１４２　３３５１,2026-08-11,2026-08-16,01,桐生,一般,２１１　４２４３４　１３,2026-07-31,2026-08-05,01,桐生,ＧⅢ,２６５　１１１３１５３３,2026-07-24,2026-07-27,06,浜名湖,一般,２６１　５６５３,2026-07-12,2026-07-16,05,多摩川,一般,６６５,5314,中曽 瑠華,2026-08-18,2026-08-23,16,児島,一般,６　４５６　４５３　５６,2026-08-08,2026-08-11,05,多摩川,一般,５４６　４　３２,2026-07-25,2026-07-30,04,平和島,一般,５５５　５　６６６　５５,2026-07-18,2026-07-21,20,若松,一般,５３５５６　４,2026-07-07,2026-07-12,11,びわこ,一般,３５５　６　５６１　５３,5310,土屋 蘭,2026-08-24,2026-08-29,13,尼崎,一般,１３２　２３５　３６３２,2026-08-07,2026-08-11,15,丸亀,一般,４　３４２　６１４５,2026-07-21,2026-07-26,23,からつ,一般,３４６　F　３　４　４,2026-07-05,2026-07-09,24,大村,一般,６３３　４３６　３１,2026-05-29,2026-06-02,14,鳴門,一般,３　５３６　４６４,5165,小林 愛実,2026-08-25,2026-08-30,09,津,一般,３　３３３　２３１６１２,2026-08-18,2026-08-23,16,児島,一般,　　　　　　　　　　３５,2026-08-08,2026-08-13,16,児島,一般,６２２　４１３　１５６４,2026-07-25,2026-07-30,04,平和島,一般,３　２５５３１　４４１３,2026-07-07,2026-07-12,11,びわこ,一般,５落２　４　３４２　５１,4186,小川 時光,2026-08-30,2026-09-03,08,常滑,一般,３　３３６　１４６,2026-08-20,2026-08-23,02,戸田,一般,　　　　　　１５,2026-08-12,2026-08-17,02,戸田,一般,５　６２１　５６４６６５,2026-08-03,2026-08-08,19,下関,一般,５３６　６６２　６　５,2026-07-20,2026-07-25,15,丸亀,一般,６　３６５　２６６　４５,4854,大橋 由珠,2026-08-24,2026-08-29,13,尼崎,一般,６　２６４５６　４　２,2026-07-12,2026-07-16,05,多摩川,一般,６　３４５２６　５,2026-06-30,2026-07-05,23,からつ,一般,６　３４２　３転３３５２,2026-06-09,2026-06-13,07,蒲郡,一般,５　F４６　４　４,2026-05-12,2026-05-16,04,平和島,一般,２５２　６３５　４３
202609100409,2026-09-10,04,09R,3993,永井 聖美,2026-08-12,2026-08-17,24,大村,ＧⅢ,３５３　２２妨　１　２１,2026-07-31,2026-08-04,13,尼崎,一般,５　２１５５４　６４,2026-07-14,2026-07-19,21,芦屋,一般,３３３　６６３　３　４５,2026-06-24,2026-06-28,04,平和島,一般,２２１　３５５１,2026-06-13,2026-06-16,06,浜名湖,一般,３６６５４　２２,5213,湯淺 紀香,2026-08-24,2026-08-29,10,三国,一般,４　５４５　２　２２２２,2026-08-12,2026-08-17,24,大村,ＧⅢ,１５４　２５１　１５１６,2026-07-18,2026-07-23,09,津,ＧⅢ,６　３５６　６４５　５６,2026-07-07,2026-07-12,11,びわこ,一般,１　３４３転５　２３３５,2026-06-18,2026-06-23,02,戸田,一般,４６４　３２５　２３４１,4289,落合 直子,2026-08-17,2026-08-20,20,若松,一般,４１２６２４３２,2026-08-06,2026-08-11,18,徳山,ＧⅠ,３　２　３５２　６　４６,2026-07-21,2026-07-26,23,からつ,一般,１２３　１３４　１４２５,2026-06-12,2026-06-17,22,福岡,ＧⅢ,５　１１４３１５３５１６,2026-05-30,2026-06-04,05,多摩川,ＧⅢ,４１６　１２４　５２１,4283,石井 裕美,2026-08-25,2026-08-30,09,津,一般,３４３　６　５６４　５４,2026-08-11,2026-08-16,04,平和島,一般,３５４　５　４５４　４５,2026-07-19,2026-07-24,19,下関,ＧⅢ,３５６　１　５４２　６５,2026-07-09,2026-07-13,16,児島,一般,３５４５５　６　３,2026-05-30,2026-06-04,05,多摩川,ＧⅢ,３５３　５６３　４　３３,4525,真子 奈津実,2026-08-18,2026-08-23,16,児島,一般,２１４　５５１　１４１５,2026-07-28,2026-07-31,24,大村,一般,２　２５５５４,2026-07-19,2026-07-24,19,下関,ＧⅢ,３４２　６６３　４３６,2026-06-28,2026-07-03,20,若松,一般,５　２５４　３３４　３１,2026-06-12,2026-06-17,22,福岡,ＧⅢ,４５４　１６４　４６４,5164,森田 梨湖,2026-08-18,2026-08-23,16,児島,一般,５　５５６,2026-07-28,2026-08-02,15,丸亀,一般,５　４５４　６５４　４,2026-07-19,2026-07-24,19,下関,ＧⅢ,４６５　４６６　５　６５,2026-05-24,2026-05-29,24,大村,一般,４　６６３　３４４　５５,2026-03-17,2026-03-22,17,宮島,一般,５１４　４２３　６　４
202609100410,2026-09-10,04,10R,4175,川尻 泰輔,2026-08-16,2026-08-19,14,鳴門,一般,１４３１６４２２,2026-08-04,2026-08-09,12,住之江,一般,５　１２５　２２４５１５,2026-07-27,2026-07-31,19,下関,一般,１６２　２５４４１３,2026-07-12,2026-07-16,05,多摩川,一般,３４５　４１１　３１,2026-06-19,2026-06-24,11,びわこ,一般,１　２２６５６　１３４,4690,高石 梨菜,2026-08-17,2026-08-20,20,若松,一般,３４３５３　５１,2026-07-24,2026-07-27,06,浜名湖,一般,５５２　２５２３,2026-07-11,2026-07-14,04,平和島,一般,１３５　６２６,2026-06-14,2026-06-18,01,桐生,一般,３　２　３５４１４２,2026-05-30,2026-06-04,05,多摩川,ＧⅢ,１　５４３　５３６　４２,4791,黒澤 めぐみ,2026-08-24,2026-08-29,10,三国,一般,１　２３６５１　２６３３,2026-08-12,2026-08-17,24,大村,ＧⅢ,２２２　２３５３２３３１,2026-07-14,2026-07-19,01,桐生,一般,２２２　４５４　２１４,2026-06-28,2026-07-03,20,若松,一般,１　６３３３１１２３３２,2026-06-18,2026-06-23,02,戸田,一般,２５３　３２３１４４５６,3845,中谷 朋子,2026-08-25,2026-08-30,09,津,一般,２　２５２　３６１２[４],2026-07-31,2026-08-05,01,桐生,ＧⅢ,１　２４４　２２３５１５,2026-07-13,2026-07-18,13,尼崎,ＧⅢ,２　１１１２４　３１[１],2026-07-05,2026-07-09,24,大村,一般,４２１６５５欠,2026-06-17,2026-06-20,07,蒲郡,一般,２　５３６２３２,4090,中村 尊,2026-08-27,2026-09-01,07,蒲郡,一般,３２１　１３３５４２[４],2026-08-16,2026-08-19,14,鳴門,一般,３１２２３６４６,2026-07-18,2026-07-21,04,平和島,一般,２２,2026-06-30,2026-07-04,19,下関,一般,２１１５２　２１[４],2026-06-19,2026-06-24,11,びわこ,一般,５２１　２１２５２４１４,4501,樋口 由加里,2026-08-25,2026-08-30,17,宮島,一般,４　４６１　４６４４６２,2026-08-12,2026-08-17,24,大村,ＧⅢ,１６２　２６５　２６３,2026-07-23,2026-07-28,21,芦屋,一般,５　３５５　６１６　５２,2026-07-01,2026-07-06,07,蒲郡,一般,４　１３１６４　６　６４,2026-06-18,2026-06-23,02,戸田,一般,５４５　４１４　６４１１
202609100411,2026-09-10,04,11R,4895,門間 雄大,2026-08-21,2026-08-26,03,江戸川,一般,４　４５F　３５５　２２,2026-08-11,2026-08-16,04,平和島,一般,１６３　３４転３１　６５,2026-07-27,2026-08-01,10,三国,一般,４４４６２６６　２　３４,2026-07-17,2026-07-22,16,児島,ＧⅢ,２５１３４　５２１４３６,2026-07-07,2026-07-12,02,戸田,ＧⅡ,５　５　２４３　４２３,4536,喜井 つかさ,2026-08-18,2026-08-23,16,児島,一般,２　２１２２１３３F落,2026-08-06,2026-08-11,18,徳山,ＧⅠ,４　５５４　２　５５６,2026-07-28,2026-08-02,15,丸亀,一般,２　３３４４４６１４１２,2026-07-19,2026-07-24,19,下関,ＧⅢ,１　１４２２２４２４３３,2026-07-09,2026-07-13,16,児島,一般,１５６　４１３４１３,4927,関野 文,2026-08-24,2026-08-29,10,三国,一般,１３６　２３２５５　４１,2026-08-12,2026-08-17,24,大村,ＧⅢ,１６３　４１３１２４４２,2026-07-31,2026-08-05,01,桐生,ＧⅢ,５　１３１５３２１２[３],2026-07-17,2026-07-20,02,戸田,一般,５　１６６５４,2026-07-03,2026-07-08,13,尼崎,一般,４　２１２３２　３３２３,5003,来田 衣織,2026-08-18,2026-08-23,16,児島,一般,５５２　１６２,2026-08-09,2026-08-14,13,尼崎,一般,６５６　５　２３５　６,2026-07-31,2026-08-05,01,桐生,ＧⅢ,５１３　転３６　６　１１,2026-07-19,2026-07-24,19,下関,ＧⅢ,落　１３５　１４４３３,2026-07-07,2026-07-12,11,びわこ,一般,３５４　６４２　６５２,4893,渡邉 真奈美,2026-08-18,2026-08-23,16,児島,一般,１３２　３６２　１６１４,2026-08-06,2026-08-11,18,徳山,ＧⅠ,６　４　２４５　１２６,2026-07-25,2026-07-30,04,平和島,一般,６５４　３　２２５　２２,2026-07-10,2026-07-15,06,浜名湖,一般,２６４　５２６　２　６６,2026-06-17,2026-06-20,07,蒲郡,一般,５　４３５１５１,4730,土屋 実沙希,2026-08-16,2026-08-19,14,鳴門,一般,４１２　２３２２,2026-08-07,2026-08-11,15,丸亀,一般,３２６　１１３５１５,2026-07-22,2026-07-26,08,常滑,一般,３６４４３　１　３２,2026-07-03,2026-07-08,12,住之江,一般,１　３２３　４５１２５４,2026-06-19,2026-06-24,11,びわこ,一般,４　３転４４４　１　２５
202609100412,2026-09-10,04,12R,4266,長田 頼宗,2026-08-25,2026-08-30,01,桐生,ＳＧ,３　６１５　２　１６５５,2026-08-09,2026-08-15,03,江戸川,一般,４　６１２　１２４　４１,2026-07-28,2026-08-02,11,びわこ,ＳＧ,２　１５３　４６６　６３,2026-07-07,2026-07-12,08,常滑,一般,２３２４３１２１４１[２],2026-06-23,2026-06-28,14,鳴門,ＳＧ,４　５　６１３　１５６,4847,佐藤 隆太郎,2026-08-25,2026-08-30,01,桐生,ＳＧ,５　６　４６６　５６６,2026-08-09,2026-08-15,03,江戸川,一般,３６１　２１３　１　[１],2026-07-28,2026-08-02,11,びわこ,ＳＧ,５　６　２２６　１３５,2026-07-22,2026-07-26,13,尼崎,一般,２１２２１２５１[５],2026-07-13,2026-07-18,07,蒲郡,ＧⅡ,６　５３２　３１３　１２,4998,中村 かなえ,2026-08-18,2026-08-23,16,児島,一般,エ　２４３５５　６６２２,2026-08-03,2026-08-08,17,宮島,一般,５２２　５２２４６５１５,2026-07-03,2026-07-08,13,尼崎,一般,２　３３３６４　３５４１,2026-06-18,2026-06-23,02,戸田,一般,４　４５４　４６２　２２,2026-05-24,2026-05-29,24,大村,一般,１　１４５　５６６　１６,4387,平山 智加,2026-08-24,2026-08-29,10,三国,一般,５２１２１４１　３２[２],2026-08-06,2026-08-11,18,徳山,ＧⅠ,２２４　１３１　１　[５],2026-07-27,2026-07-31,19,下関,一般,１　３５１３５５２２,2026-07-15,2026-07-19,17,宮島,一般,１５５５２４４　３２,2026-07-03,2026-07-08,13,尼崎,一般,１６４　３１５１３６１５,4478,櫻本 あゆみ,2026-08-24,2026-08-29,10,三国,一般,１６１２２　２２２２[４],2026-08-06,2026-08-11,18,徳山,ＧⅠ,３　５５３　１　３４５,2026-07-19,2026-07-24,19,下関,ＧⅢ,１６５１１　２１１３２１,2026-07-07,2026-07-12,02,戸田,ＧⅡ,４　６　５４６　５６５,2026-06-20,2026-06-25,06,浜名湖,一般,３　４２６　３６５５エ５,5253,藤井 太雅,2026-08-21,2026-08-26,03,江戸川,一般,４　３３１　５４６３４６,2026-08-11,2026-08-16,04,平和島,一般,４　５６３　５４５５４４,2026-07-30,2026-08-04,08,常滑,一般,４２３　４１６　２６４,2026-07-10,2026-07-14,09,津,一般,４落６　４５４　３５,2026-06-03,2026-06-07,07,蒲郡,一般,５４６　６６４
202609100501,2026-09-10,05,01R,4465,大西 賢,2026-08-21,2026-08-26,06,浜名湖,一般,２３５　４３６　３５４２,2026-08-09,2026-08-15,03,江戸川,一般,１　６４３　２４４　３２,2026-07-24,2026-07-27,12,住之江,一般,４　５３１　１５,2026-07-04,2026-07-09,01,桐生,一般,６５４　５５５,2026-06-24,2026-06-29,03,江戸川,一般,３４２　４３３　１６２,3934,鋤柄 貴俊,2026-08-24,2026-08-29,13,尼崎,一般,２　２５４５２　４２４２,2026-08-11,2026-08-16,07,蒲郡,一般,２　１５４３３　３４４４,2026-07-31,2026-08-05,06,浜名湖,ＧⅢ,６　４３５　４４４　３５,2026-07-15,2026-07-19,17,宮島,一般,１４４３１　３３４５,2026-07-04,2026-07-09,01,桐生,一般,３２２５５　３　２２５３,3647,伊藤 雄二,2026-08-30,2026-09-02,21,芦屋,一般,４　６１６　３４,2026-08-12,2026-08-17,02,戸田,一般,４　４５３　５５６５５,2026-08-03,2026-08-08,19,下関,一般,４４５　１５５　６４３６,2026-07-24,2026-07-27,02,戸田,一般,６　２５６６４,2026-07-11,2026-07-16,03,江戸川,一般,２　２４４　４６１　２３,5042,畑田 汰一,2026-08-27,2026-09-01,07,蒲郡,一般,１　３３１３F４１　２,2026-07-18,2026-07-23,09,津,ＧⅢ,２２３　５６６　１３２１,2026-07-09,2026-07-13,16,児島,一般,４１４３１２２２[１],2026-06-27,2026-07-01,02,戸田,一般,１３２１３２１６,2026-06-17,2026-06-22,24,大村,ＧⅡ,１　４１５　４２６　５F,3641,一瀬 明,2026-08-28,2026-08-31,23,からつ,一般,１３３５１３５１,2026-08-15,2026-08-20,05,多摩川,一般,４５３２１　１４６６５６,2026-08-03,2026-08-08,17,宮島,一般,３　４６６５６,2026-07-24,2026-07-27,06,浜名湖,一般,５２１　１６１５,2026-07-14,2026-07-19,01,桐生,一般,２２４　５３２　１転１４,3519,冨田 秀幸,2026-08-25,2026-08-30,17,宮島,一般,６　５４５　６４２２５４,2026-08-11,2026-08-16,07,蒲郡,一般,４　２６３４５　５４３,2026-07-25,2026-07-29,20,若松,一般,１５３５６　５　２１,2026-06-14,2026-06-18,01,桐生,一般,６５５　６　５５２,2026-05-22,2026-05-26,23,からつ,一般,５４５　３３６４６
202609100502,2026-09-10,05,02R,3977,山本 兼士,2026-08-26,2026-08-30,14,鳴門,一般,４　３４４　６４４３,2026-08-13,2026-08-18,12,住之江,一般,５３５　５３３　３　３６,2026-07-23,2026-07-27,01,桐生,一般,２３３　５６４　６６,2026-07-07,2026-07-12,10,三国,ＧⅢ,４６３　３１２４１６２５,2026-06-26,2026-07-01,17,宮島,一般,２　１４５４５３４　６１,4140,梶野 学志,2026-07-15,2026-07-19,17,宮島,一般,２　５６５５,2026-07-04,2026-07-09,18,徳山,一般,１,2026-06-24,2026-06-29,09,津,一般,６２２　３２３６１　４,2026-06-09,2026-06-13,07,蒲郡,一般,４１４　２６３F３,2026-05-28,2026-06-02,01,桐生,一般,６　２４２２１４１２,3582,吉川 昭男,2026-08-26,2026-08-31,11,びわこ,一般,３　１１１１１２４１[２],2026-08-15,2026-08-20,09,津,一般,４　４５２　４５６　５１,2026-08-03,2026-08-08,19,下関,一般,２　５３３６５２１　１３,2026-07-23,2026-07-28,21,芦屋,一般,４１１４１１３　１５１１,2026-07-07,2026-07-12,08,常滑,一般,５４４１２　２２１４１１,3813,佐藤 大介,2026-08-27,2026-09-01,07,蒲郡,一般,１１４　３２２　１４３３,2026-08-16,2026-08-19,14,鳴門,一般,３５３４４　１２,2026-07-23,2026-07-28,03,江戸川,ＧⅢ,５　１２４　３２３　[４],2026-07-14,2026-07-19,01,桐生,一般,１５３　３５１　３４５３,2026-07-03,2026-07-06,09,津,一般,２３１５５　１１,4491,田中 堅,2026-08-23,2026-08-27,18,徳山,一般,２　２６５５３４３１,2026-08-11,2026-08-16,01,桐生,一般,１　２５６　２　６　２５,2026-07-27,2026-08-01,09,津,一般,４５３,2026-07-10,2026-07-15,06,浜名湖,一般,５　６５５　５６４　１,2026-07-02,2026-07-07,04,平和島,一般,２４２　４５２　６３３６,2538,高橋 二朗,2026-08-28,2026-08-31,23,からつ,一般,４６４　６　４２,2026-08-15,2026-08-20,05,多摩川,一般,４　４４５　５５３　６,2026-07-28,2026-08-02,16,児島,一般,４　４６５　５５４　４４,2026-07-15,2026-07-21,12,住之江,一般,１　３３４　５６４６３５５,2026-07-04,2026-07-09,18,徳山,一般,４６４　６６５　４４３
202609100503,2026-09-10,05,03R,3635,石田 政吾,2026-08-14,2026-08-19,10,三国,一般,２１６　２１６２１４５,2026-08-05,2026-08-10,09,津,一般,２　３３１４５６６　２３,2026-07-22,2026-07-26,13,尼崎,一般,１　６５３５２　２３,2026-07-10,2026-07-15,06,浜名湖,一般,３　２３２　６６５１３,2026-06-26,2026-07-01,17,宮島,一般,１　４２３２４３１６２３,4227,安達 裕樹,2026-08-30,2026-09-02,21,芦屋,一般,１５１２４５４５,2026-07-23,2026-07-28,03,江戸川,ＧⅢ,４３６　４２１　２５２３,2026-07-13,2026-07-18,07,蒲郡,ＧⅡ,６　３４４　２３３　１５,2026-06-30,2026-07-05,16,児島,ＧⅡ,１　F４６　３６６　４,2026-06-17,2026-06-22,24,大村,ＧⅡ,４　５４３　２３６　４４,3947,寺本 昇平,2026-08-23,2026-08-27,18,徳山,一般,２　６５４５２４５,2026-08-11,2026-08-16,01,桐生,一般,５　５５１　５　２２５３,2026-07-25,2026-07-29,20,若松,一般,１５５３４　２　５６,2026-07-09,2026-07-14,15,丸亀,一般,１２４　２４６５１６４６,2026-06-25,2026-06-30,01,桐生,ＧⅢ,６　６３３　６６１　５,3792,田中 豪,2026-08-27,2026-08-31,04,平和島,一般,４６２４,2026-08-15,2026-08-20,05,多摩川,一般,５１３３２３２　１３３１,2026-07-22,2026-07-27,14,鳴門,一般,３　１６２６２３１４１３,2026-06-30,2026-07-04,19,下関,一般,４１１３３　５２[６],2026-06-09,2026-06-14,23,からつ,一般,５　２５３４５２６　６,3489,大場 敏,2026-08-31,2026-09-05,20,若松,ＧⅢ,１６５２５　２４２　３１,2026-08-22,2026-08-27,08,常滑,ＧⅢ,４　１２５　６３１６１４,2026-08-11,2026-08-16,06,浜名湖,一般,２　２４１５３１４３２２,2026-07-25,2026-07-29,20,若松,一般,５２３　４５１１４５,2026-07-15,2026-07-20,18,徳山,一般,４　３１１４３４１５１４,5449,堀井 涼平,2026-08-11,2026-08-16,04,平和島,一般,６　６F６　６　６　６,2026-07-10,2026-07-14,09,津,一般,６　落６６　６６６６,2026-06-27,2026-07-01,02,戸田,一般,６　６６６　６５６,2026-06-13,2026-06-16,06,浜名湖,一般,２　５５１６６６,2026-05-20,2026-05-25,05,多摩川,一般,６　６６６　６６６　６６
202609100504,2026-09-10,05,04R,3463,乙津 康志,2026-08-23,2026-08-27,18,徳山,一般,５２５　６６１３３６,2026-08-11,2026-08-16,04,平和島,一般,２　３３１２２　６６１６,2026-07-29,2026-08-03,22,福岡,一般,４　５５３　１２４３３１,2026-07-10,2026-07-14,09,津,一般,５３４　２６６５５,2026-06-27,2026-07-01,02,戸田,一般,２６５　５　１２３６,3997,北村 征嗣,2026-08-27,2026-09-01,07,蒲郡,一般,２２４１３　２３２３２５,2026-08-13,2026-08-18,12,住之江,一般,１４３　４４５　３５５,2026-07-31,2026-08-05,06,浜名湖,ＧⅢ,３１１４２　２２１２[４],2026-07-15,2026-07-21,12,住之江,一般,４　４３１　５３２５３４４３,2026-07-05,2026-07-09,24,大村,一般,１　５４２５３４２４,3507,藤井 徹,2026-08-25,2026-08-30,17,宮島,一般,３３２２５　３　４　５,2026-08-13,2026-08-18,12,住之江,一般,１　５４５　４　６　５,2026-07-28,2026-08-02,16,児島,一般,４２３　３５４２６　４,2026-07-18,2026-07-21,04,平和島,一般,６２６　４５１,2026-06-29,2026-07-03,11,びわこ,一般,６　４４５　５　５,3713,伊藤 誠二,2026-08-27,2026-09-01,07,蒲郡,一般,１　２６４５５５５　２１,2026-08-14,2026-08-19,10,三国,一般,６　３１２４４３２５３３,2026-07-31,2026-08-05,06,浜名湖,ＧⅢ,４　２３６４６４５　１１,2026-07-22,2026-07-26,08,常滑,一般,１　５２４３６　１５,2026-06-09,2026-06-14,23,からつ,一般,４　４５転　６２６３４２,4146,柳橋 宏紀,2026-08-28,2026-08-31,23,からつ,一般,６２１４転欠,2026-08-15,2026-08-20,11,びわこ,一般,５　４６２４５５５　４２,2026-08-05,2026-08-10,09,津,一般,１　４５２６６　６５１,2026-07-29,2026-08-01,18,徳山,一般,１　３５２２[６],2026-07-10,2026-07-15,06,浜名湖,一般,４　４４４　４４５　３２,4619,伏田 裕隆,2026-08-24,2026-08-29,13,尼崎,一般,３６６　１　不５１　５,2026-08-11,2026-08-16,04,平和島,一般,６１５　５　１４６１３,2026-07-29,2026-08-03,23,からつ,一般,３５１　１４２　２５３２,2026-07-15,2026-07-21,12,住之江,一般,１１１　２２５　１３２２[２],2026-07-04,2026-07-09,18,徳山,一般,２　６２２４３４６１５１
202609100505,2026-09-10,05,05R,4210,松村 康太,2026-08-26,2026-08-30,14,鳴門,一般,３３５　１５４　１１,2026-08-14,2026-08-19,10,三国,一般,１４１２５４１　５４５４,2026-08-06,2026-08-09,02,戸田,一般,３４４　５４３３,2026-07-27,2026-08-01,10,三国,一般,２６３４６　３　不３２,2026-07-16,2026-07-21,11,びわこ,一般,１５５５２　４　１２２２,4055,吉田 俊彦,2026-08-24,2026-08-29,13,尼崎,一般,２１２　５２１２１３２１,2026-08-17,2026-08-20,20,若松,一般,２６１　１３６４,2026-08-05,2026-08-10,14,鳴門,一般,１　２２１４５３１２[５],2026-07-24,2026-07-27,02,戸田,一般,３２３４２　２５,2026-07-13,2026-07-18,07,蒲郡,ＧⅡ,３　２６５　４　６６５,4035,杉江 浩明,2026-08-24,2026-08-29,13,尼崎,一般,６　５６２　５５３　５５,2026-08-11,2026-08-16,07,蒲郡,一般,４　６６５５６　６　１６,2026-07-29,2026-08-03,22,福岡,一般,６４４　５３３６３　５６,2026-07-14,2026-07-19,01,桐生,一般,６１６　３２４　２　５２,2026-06-30,2026-07-05,06,浜名湖,一般,６３６　５５２　５　５１,3990,芹澤 克彦,2026-08-22,2026-08-27,22,福岡,一般,５２１　２４４４５　２,2026-08-11,2026-08-16,06,浜名湖,一般,１　５１４６F　５　５,2026-07-31,2026-08-05,06,浜名湖,ＧⅢ,３　５４３　２３５５６,2026-07-14,2026-07-19,21,芦屋,一般,３　４５３　２５４　６４,2026-06-30,2026-07-05,06,浜名湖,一般,４３２　３４３　１４５２,4645,上村 純一,2026-08-26,2026-08-30,14,鳴門,一般,３３１１３１２１[３],2026-08-11,2026-08-16,01,桐生,一般,５５２　２５３　３２４,2026-08-02,2026-08-05,21,芦屋,一般,２３１３１１[４],2026-07-23,2026-07-28,03,江戸川,ＧⅢ,３２３　２６５　３２６,2026-07-13,2026-07-18,07,蒲郡,ＧⅡ,２３１　６　２５１　３５,4470,平田 健之佑,2026-08-25,2026-08-30,09,津,一般,１　１３６　１５２５４４,2026-08-11,2026-08-16,07,蒲郡,一般,１６４４２　４３２　１５,2026-08-03,2026-08-08,17,宮島,一般,２　３１６欠,2026-07-27,2026-08-01,09,津,一般,４　２,2026-07-15,2026-07-21,12,住之江,一般,２３１　５１１１１２４４２４
202609100506,2026-09-10,05,06R,5042,畑田 汰一,2026-08-27,2026-09-01,07,蒲郡,一般,１　３３１３F４１　２,2026-07-18,2026-07-23,09,津,ＧⅢ,２２３　５６６　１３２１,2026-07-09,2026-07-13,16,児島,一般,４１４３１２２２[１],2026-06-27,2026-07-01,02,戸田,一般,１３２１３２１６,2026-06-17,2026-06-22,24,大村,ＧⅡ,１　４１５　４２６　５F,4565,西村 豪洋,2026-08-24,2026-08-29,13,尼崎,一般,４　１５５６４　３　６４,2026-08-11,2026-08-16,07,蒲郡,一般,３　２６６　２４５５５,2026-07-24,2026-07-29,17,宮島,一般,６５５　３４４　５　２６,2026-07-15,2026-07-19,08,常滑,一般,　　　　　　　　３１,2026-07-09,2026-07-13,16,児島,一般,５５６　３　３３４６,3965,北中 元樹,2026-08-27,2026-08-31,04,平和島,一般,４４４１１１１６３１,2026-08-15,2026-08-20,11,びわこ,一般,１３転１５３５　１１４,2026-08-04,2026-08-09,12,住之江,一般,１　５３１　１３２１[５],2026-07-24,2026-07-27,06,浜名湖,一般,５　３６５３３２,2026-07-14,2026-07-19,21,芦屋,一般,２　５１４５３２１２[３],4587,木田 峰由季,2026-08-26,2026-08-31,11,びわこ,一般,４４５４１　３２５　４１,2026-08-14,2026-08-19,10,三国,一般,６６１２６２転　２　F４,2026-07-29,2026-08-03,22,福岡,一般,２　６６,2026-07-18,2026-07-22,10,三国,一般,１３２５５１１６２６,2026-07-09,2026-07-13,14,鳴門,一般,５６１３２１１６４５,4031,飯島 誠,2026-08-23,2026-08-27,18,徳山,一般,６　４１６５４５６,2026-08-12,2026-08-17,02,戸田,一般,６５３　１６４　３４４４,2026-07-27,2026-07-31,19,下関,一般,３２１　６３１５２４,2026-07-16,2026-07-21,11,びわこ,一般,４１６　５２２　４５２６,2026-07-02,2026-07-06,21,芦屋,一般,２３６　６２３　２３,5262,鈴木 章司,2026-07-29,2026-08-03,23,からつ,一般,３　２５４４３　３　５４,2026-07-15,2026-07-21,12,住之江,一般,転６５　４６４　４　４６６２,2026-06-30,2026-07-04,19,下関,一般,５　６３６５１　２,2026-06-20,2026-06-25,15,丸亀,一般,２　４４３　５６６　F３,2026-06-09,2026-06-14,11,びわこ,一般,４　６２６　４２１　４５
202609100507,2026-09-10,05,07R,4376,藤田 靖弘,2026-08-27,2026-08-31,04,平和島,一般,３　４４６３１５４６,2026-08-17,2026-08-21,13,尼崎,一般,４２１　４４１５２３,2026-08-03,2026-08-08,17,宮島,一般,６　１３１５２３１６２５,2026-07-23,2026-07-28,21,芦屋,一般,６　１３５５１５５５３,2026-07-10,2026-07-14,09,津,一般,４２２　１２１２[２],3740,大澤 普司,2026-08-26,2026-08-31,11,びわこ,一般,４３５２２　１３６４４３,2026-08-11,2026-08-16,01,桐生,一般,３３２３１　２　２　[３],2026-08-02,2026-08-05,21,芦屋,一般,４５１５３　１４,2026-07-23,2026-07-28,03,江戸川,ＧⅢ,５　６３２　２５,2026-07-14,2026-07-17,24,大村,一般,４１５３２４１６,3519,冨田 秀幸,2026-08-25,2026-08-30,17,宮島,一般,６　５４５　６４２２５４,2026-08-11,2026-08-16,07,蒲郡,一般,４　２６３４５　５４３,2026-07-25,2026-07-29,20,若松,一般,１５３５６　５　２１,2026-06-14,2026-06-18,01,桐生,一般,６５５　６　５５２,2026-05-22,2026-05-26,23,からつ,一般,５４５　３３６４６,4491,田中 堅,2026-08-23,2026-08-27,18,徳山,一般,２　２６５５３４３１,2026-08-11,2026-08-16,01,桐生,一般,１　２５６　２　６　２５,2026-07-27,2026-08-01,09,津,一般,４５３,2026-07-10,2026-07-15,06,浜名湖,一般,５　６５５　５６４　１,2026-07-02,2026-07-07,04,平和島,一般,２４２　４５２　６３３６,3772,一柳 和孝,2026-08-22,2026-08-27,08,常滑,ＧⅢ,１６２　６４３　３３２３,2026-08-06,2026-08-09,02,戸田,一般,２　１６４３２３,2026-07-20,2026-07-25,15,丸亀,一般,１４３　６１４　２２１４,2026-07-07,2026-07-12,10,三国,ＧⅢ,４１５　５４６　３　４４,2026-06-26,2026-07-02,24,大村,一般,２３４　３３４　５５２３３,5449,堀井 涼平,2026-08-11,2026-08-16,04,平和島,一般,６　６F６　６　６　６,2026-07-10,2026-07-14,09,津,一般,６　落６６　６６６６,2026-06-27,2026-07-01,02,戸田,一般,６　６６６　６５６,2026-06-13,2026-06-16,06,浜名湖,一般,２　５５１６６６,2026-05-20,2026-05-25,05,多摩川,一般,６　６６６　６６６　６６
202609100508,2026-09-10,05,08R,4420,津久井 拓也,2026-08-25,2026-08-30,09,津,一般,６　２４２３４　２６３３,2026-08-11,2026-08-16,01,桐生,一般,３　１４１２１４３　２１,2026-07-23,2026-07-28,21,芦屋,一般,２６１２５　１１１４２５,2026-07-11,2026-07-16,03,江戸川,一般,２３４　４２２１２６２１,2026-06-30,2026-07-05,16,児島,ＧⅡ,４　６　６６６　４５５,3713,伊藤 誠二,2026-08-27,2026-09-01,07,蒲郡,一般,１　２６４５５５５　２１,2026-08-14,2026-08-19,10,三国,一般,６　３１２４４３２５３３,2026-07-31,2026-08-05,06,浜名湖,ＧⅢ,４　２３６４６４５　１１,2026-07-22,2026-07-26,08,常滑,一般,１　５２４３６　１５,2026-06-09,2026-06-14,23,からつ,一般,４　４５転　６２６３４２,3792,田中 豪,2026-08-27,2026-08-31,04,平和島,一般,４６２４,2026-08-15,2026-08-20,05,多摩川,一般,５１３３２３２　１３３１,2026-07-22,2026-07-27,14,鳴門,一般,３　１６２６２３１４１３,2026-06-30,2026-07-04,19,下関,一般,４１１３３　５２[６],2026-06-09,2026-06-14,23,からつ,一般,５　２５３４５２６　６,3848,川上 聡介,2026-08-26,2026-08-30,14,鳴門,一般,３　４５５　６　４２,2026-08-11,2026-08-16,07,蒲郡,一般,２　４５５　４４３　５２,2026-07-22,2026-07-26,08,常滑,一般,２１６　５５５６６,2026-07-09,2026-07-14,15,丸亀,一般,３　２５２３５２１６５６,2026-05-25,2026-05-31,03,江戸川,一般,６　６４５　３４　　３,4281,大澤 大夢,2026-08-24,2026-08-29,13,尼崎,一般,６　３２２４５　２４４４,2026-08-11,2026-08-16,01,桐生,一般,５６１　３　５１３２６,2026-07-27,2026-07-31,19,下関,一般,５３２　５　１５４２,2026-07-15,2026-07-20,18,徳山,一般,４１２　４３１　３３３１,2026-07-05,2026-07-09,05,多摩川,一般,４４１３４　４　５２,5433,米本 圭佑,2026-08-09,2026-08-15,03,江戸川,一般,６２転　６６５　４５４,2026-07-24,2026-07-27,02,戸田,一般,５　３４６５６,2026-07-11,2026-07-16,03,江戸川,一般,転　６５６　５４５　２６,2026-07-04,2026-07-09,01,桐生,一般,５　６６５　６６４　６６,2026-06-24,2026-06-29,09,津,一般,６　４６４　５４５　４４
202609100509,2026-09-10,05,09R,4146,柳橋 宏紀,2026-08-28,2026-08-31,23,からつ,一般,６２１４転欠,2026-08-15,2026-08-20,11,びわこ,一般,５　４６２４５５５　４２,2026-08-05,2026-08-10,09,津,一般,１　４５２６６　６５１,2026-07-29,2026-08-01,18,徳山,一般,１　３５２２[６],2026-07-10,2026-07-15,06,浜名湖,一般,４　４４４　４４５　３２,4645,上村 純一,2026-08-26,2026-08-30,14,鳴門,一般,３３１１３１２１[３],2026-08-11,2026-08-16,01,桐生,一般,５５２　２５３　３２４,2026-08-02,2026-08-05,21,芦屋,一般,２３１３１１[４],2026-07-23,2026-07-28,03,江戸川,ＧⅢ,３２３　２６５　３２６,2026-07-13,2026-07-18,07,蒲郡,ＧⅡ,２３１　６　２５１　３５,4465,大西 賢,2026-08-21,2026-08-26,06,浜名湖,一般,２３５　４３６　３５４２,2026-08-09,2026-08-15,03,江戸川,一般,１　６４３　２４４　３２,2026-07-24,2026-07-27,12,住之江,一般,４　５３１　１５,2026-07-04,2026-07-09,01,桐生,一般,６５４　５５５,2026-06-24,2026-06-29,03,江戸川,一般,３４２　４３３　１６２,2538,高橋 二朗,2026-08-28,2026-08-31,23,からつ,一般,４６４　６　４２,2026-08-15,2026-08-20,05,多摩川,一般,４　４４５　５５３　６,2026-07-28,2026-08-02,16,児島,一般,４　４６５　５５４　４４,2026-07-15,2026-07-21,12,住之江,一般,１　３３４　５６４６３５５,2026-07-04,2026-07-09,18,徳山,一般,４６４　６６５　４４３,5103,芝田 京介,2026-08-21,2026-08-26,03,江戸川,一般,１５４　６１２　２４１６,2026-08-11,2026-08-16,01,桐生,一般,５　５　６５６　２２４２,2026-07-29,2026-08-03,22,福岡,一般,２　１５３４４５６　６３,2026-07-15,2026-07-19,08,常滑,一般,５　４６６　６６３,2026-05-09,2026-05-14,11,びわこ,一般,６５２　４　４４４　２２,4227,安達 裕樹,2026-08-30,2026-09-02,21,芦屋,一般,１５１２４５４５,2026-07-23,2026-07-28,03,江戸川,ＧⅢ,４３６　４２１　２５２３,2026-07-13,2026-07-18,07,蒲郡,ＧⅡ,６　３４４　２３３　１５,2026-06-30,2026-07-05,16,児島,ＧⅡ,１　F４６　３６６　４,2026-06-17,2026-06-22,24,大村,ＧⅡ,４　５４３　２３６　４４
202609100510,2026-09-10,05,10R,3997,北村 征嗣,2026-08-27,2026-09-01,07,蒲郡,一般,２２４１３　２３２３２５,2026-08-13,2026-08-18,12,住之江,一般,１４３　４４５　３５５,2026-07-31,2026-08-05,06,浜名湖,ＧⅢ,３１１４２　２２１２[４],2026-07-15,2026-07-21,12,住之江,一般,４　４３１　５３２５３４４３,2026-07-05,2026-07-09,24,大村,一般,１　５４２５３４２４,3582,吉川 昭男,2026-08-26,2026-08-31,11,びわこ,一般,３　１１１１１２４１[２],2026-08-15,2026-08-20,09,津,一般,４　４５２　４５６　５１,2026-08-03,2026-08-08,19,下関,一般,２　５３３６５２１　１３,2026-07-23,2026-07-28,21,芦屋,一般,４１１４１１３　１５１１,2026-07-07,2026-07-12,08,常滑,一般,５４４１２　２２１４１１,4470,平田 健之佑,2026-08-25,2026-08-30,09,津,一般,１　１３６　１５２５４４,2026-08-11,2026-08-16,07,蒲郡,一般,１６４４２　４３２　１５,2026-08-03,2026-08-08,17,宮島,一般,２　３１６欠,2026-07-27,2026-08-01,09,津,一般,４　２,2026-07-15,2026-07-21,12,住之江,一般,２３１　５１１１１２４４２４,3947,寺本 昇平,2026-08-23,2026-08-27,18,徳山,一般,２　６５４５２４５,2026-08-11,2026-08-16,01,桐生,一般,５　５５１　５　２２５３,2026-07-25,2026-07-29,20,若松,一般,１５５３４　２　５６,2026-07-09,2026-07-14,15,丸亀,一般,１２４　２４６５１６４６,2026-06-25,2026-06-30,01,桐生,ＧⅢ,６　６３３　６６１　５,3934,鋤柄 貴俊,2026-08-24,2026-08-29,13,尼崎,一般,２　２５４５２　４２４２,2026-08-11,2026-08-16,07,蒲郡,一般,２　１５４３３　３４４４,2026-07-31,2026-08-05,06,浜名湖,ＧⅢ,６　４３５　４４４　３５,2026-07-15,2026-07-19,17,宮島,一般,１４４３１　３３４５,2026-07-04,2026-07-09,01,桐生,一般,３２２５５　３　２２５３,4587,木田 峰由季,2026-08-26,2026-08-31,11,びわこ,一般,４４５４１　３２５　４１,2026-08-14,2026-08-19,10,三国,一般,６６１２６２転　２　F４,2026-07-29,2026-08-03,22,福岡,一般,２　６６,2026-07-18,2026-07-22,10,三国,一般,１３２５５１１６２６,2026-07-09,2026-07-13,14,鳴門,一般,５６１３２１１６４５
202609100511,2026-09-10,05,11R,3641,一瀬 明,2026-08-28,2026-08-31,23,からつ,一般,１３３５１３５１,2026-08-15,2026-08-20,05,多摩川,一般,４５３２１　１４６６５６,2026-08-03,2026-08-08,17,宮島,一般,３　４６６５６,2026-07-24,2026-07-27,06,浜名湖,一般,５２１　１６１５,2026-07-14,2026-07-19,01,桐生,一般,２２４　５３２　１転１４,3507,藤井 徹,2026-08-25,2026-08-30,17,宮島,一般,３３２２５　３　４　５,2026-08-13,2026-08-18,12,住之江,一般,１　５４５　４　６　５,2026-07-28,2026-08-02,16,児島,一般,４２３　３５４２６　４,2026-07-18,2026-07-21,04,平和島,一般,６２６　４５１,2026-06-29,2026-07-03,11,びわこ,一般,６　４４５　５　５,3813,佐藤 大介,2026-08-27,2026-09-01,07,蒲郡,一般,１１４　３２２　１４３３,2026-08-16,2026-08-19,14,鳴門,一般,３５３４４　１２,2026-07-23,2026-07-28,03,江戸川,ＧⅢ,５　１２４　３２３　[４],2026-07-14,2026-07-19,01,桐生,一般,１５３　３５１　３４５３,2026-07-03,2026-07-06,09,津,一般,２３１５５　１１,4430,永田 秀二,2026-08-27,2026-08-31,04,平和島,一般,１５１　２１４４６５,2026-08-20,2026-08-23,23,からつ,一般,２５２５１６１６,2026-08-09,2026-08-15,03,江戸川,一般,１　３１２　１３２　[５],2026-07-23,2026-07-28,03,江戸川,ＧⅢ,４　３２６　２６２６４３,2026-07-13,2026-07-18,07,蒲郡,ＧⅡ,６　３　３４６　２５３,4210,松村 康太,2026-08-26,2026-08-30,14,鳴門,一般,３３５　１５４　１１,2026-08-14,2026-08-19,10,三国,一般,１４１２５４１　５４５４,2026-08-06,2026-08-09,02,戸田,一般,３４４　５４３３,2026-07-27,2026-08-01,10,三国,一般,２６３４６　３　不３２,2026-07-16,2026-07-21,11,びわこ,一般,１５５５２　４　１２２２,4031,飯島 誠,2026-08-23,2026-08-27,18,徳山,一般,６　４１６５４５６,2026-08-12,2026-08-17,02,戸田,一般,６５３　１６４　３４４４,2026-07-27,2026-07-31,19,下関,一般,３２１　６３１５２４,2026-07-16,2026-07-21,11,びわこ,一般,４１６　５２２　４５２６,2026-07-02,2026-07-06,21,芦屋,一般,２３６　６２３　２３
202609100512,2026-09-10,05,12R,3740,大澤 普司,2026-08-26,2026-08-31,11,びわこ,一般,４３５２２　１３６４４３,2026-08-11,2026-08-16,01,桐生,一般,３３２３１　２　２　[３],2026-08-02,2026-08-05,21,芦屋,一般,４５１５３　１４,2026-07-23,2026-07-28,03,江戸川,ＧⅢ,５　６３２　２５,2026-07-14,2026-07-17,24,大村,一般,４１５３２４１６,4656,大崎 翔,2026-08-24,2026-08-29,13,尼崎,一般,５　２４６２３　５５５６,2026-08-16,2026-08-19,14,鳴門,一般,４６１５３　１１,2026-08-05,2026-08-10,09,津,一般,５　２６４　２４２　３２,2026-07-23,2026-07-28,03,江戸川,ＧⅢ,５　６２３　５６,2026-07-10,2026-07-15,23,からつ,一般,３　不２２５４５,4140,梶野 学志,2026-07-15,2026-07-19,17,宮島,一般,２　５６５５,2026-07-04,2026-07-09,18,徳山,一般,１,2026-06-24,2026-06-29,09,津,一般,６２２　３２３６１　４,2026-06-09,2026-06-13,07,蒲郡,一般,４１４　２６３F３,2026-05-28,2026-06-02,01,桐生,一般,６　２４２２１４１２,3635,石田 政吾,2026-08-14,2026-08-19,10,三国,一般,２１６　２１６２１４５,2026-08-05,2026-08-10,09,津,一般,２　３３１４５６６　２３,2026-07-22,2026-07-26,13,尼崎,一般,１　６５３５２　２３,2026-07-10,2026-07-15,06,浜名湖,一般,３　２３２　６６５１３,2026-06-26,2026-07-01,17,宮島,一般,１　４２３２４３１６２３,4055,吉田 俊彦,2026-08-24,2026-08-29,13,尼崎,一般,２１２　５２１２１３２１,2026-08-17,2026-08-20,20,若松,一般,２６１　１３６４,2026-08-05,2026-08-10,14,鳴門,一般,１　２２１４５３１２[５],2026-07-24,2026-07-27,02,戸田,一般,３２３４２　２５,2026-07-13,2026-07-18,07,蒲郡,ＧⅡ,３　２６５　４　６６５,3965,北中 元樹,2026-08-27,2026-08-31,04,平和島,一般,４４４１１１１６３１,2026-08-15,2026-08-20,11,びわこ,一般,１３転１５３５　１１４,2026-08-04,2026-08-09,12,住之江,一般,１　５３１　１３２１[５],2026-07-24,2026-07-27,06,浜名湖,一般,５　３６５３３２,2026-07-14,2026-07-19,21,芦屋,一般,２　５１４５３２１２[３]
202609101301,2026-09-10,13,01R,3581,加木 郁,2026-08-23,2026-08-27,18,徳山,一般,５２４　４,2026-08-11,2026-08-16,19,下関,一般,１４２　１５５　１６２５,2026-07-27,2026-08-01,10,三国,一般,３５１　３１２６１５５５,2026-07-18,2026-07-21,20,若松,一般,５３２　２３１５,2026-07-05,2026-07-09,24,大村,一般,４３３　６　５３６,3643,米田 隆弘,2026-08-24,2026-08-28,15,丸亀,一般,３３４　１６３５６４,2026-08-14,2026-08-19,17,宮島,一般,３　５２６　５３４　３５,2026-07-31,2026-08-05,05,多摩川,一般,５　４５６　５,2026-07-16,2026-07-21,11,びわこ,一般,５　２３１１２１２１[１],2026-06-30,2026-07-05,06,浜名湖,一般,５５１　３　６欠,5089,前田 翔,2026-08-28,2026-09-02,05,多摩川,ＧⅢ,２３２　４１３１１１[１],2026-08-16,2026-08-19,14,鳴門,一般,１５１３５３２１,2026-08-03,2026-08-08,17,宮島,一般,１４４１２１１　３１[３],2026-07-18,2026-07-23,09,津,ＧⅢ,２　３５２　１１２　[３],2026-07-07,2026-07-12,08,常滑,一般,３１２３１１３３１１[５],4176,樋口 喜彦,2026-08-20,2026-08-23,24,大村,一般,４　５６５　５３,2026-07-22,2026-07-27,14,鳴門,一般,６６２　６　６３５１６３,2026-07-11,2026-07-16,03,江戸川,一般,６　２６１　６６４　２５,2026-06-30,2026-07-04,19,下関,一般,６　６４４５６　６,2026-06-21,2026-06-25,08,常滑,一般,５,4672,守屋 大地,2026-08-22,2026-08-27,22,福岡,一般,４５１　５　５６３　５２,2026-08-05,2026-08-10,14,鳴門,一般,３　２３６５２　３２２,2026-07-24,2026-07-29,17,宮島,一般,１１５　６２２　３４３５,2026-07-10,2026-07-14,09,津,一般,４２２６４　３４４２,2026-06-29,2026-07-03,11,びわこ,一般,５４５　２　６６２１,4729,佐藤 謙史朗,2026-08-20,2026-08-23,04,平和島,一般,３６１　２　３５,2026-08-07,2026-08-12,20,若松,一般,２　１４６５４　２５５転,2026-07-20,2026-07-25,15,丸亀,一般,５３２　４４エ　５５５,2026-07-05,2026-07-09,24,大村,一般,５　３２５　３　１５,2026-06-24,2026-06-29,03,江戸川,一般,１４３　１５６　１　６５
202609101302,2026-09-10,13,02R,5244,黒田 剛,2026-08-20,2026-08-25,21,芦屋,一般,６　２２６４６　５４６,2026-08-04,2026-08-09,12,住之江,一般,３５１　５４６　３　４５,2026-07-20,2026-07-25,15,丸亀,一般,４　２４１　４４６　４６,2026-06-11,2026-06-16,03,江戸川,一般,５６４　４５３５６　１２,2026-06-02,2026-06-08,10,三国,一般,４６５　６　５４５　２５,4039,村上 功祐,2026-08-22,2026-08-27,22,福岡,一般,３１３　５２１３２３４１,2026-08-05,2026-08-10,14,鳴門,一般,２５２　４６３　３５２,2026-07-24,2026-07-27,12,住之江,一般,１　６４５　５,2026-07-12,2026-07-16,05,多摩川,一般,１２２５５　４５２１,2026-06-29,2026-07-03,11,びわこ,一般,１　２４４２３２[５],3838,伊藤 啓三,2026-08-22,2026-08-27,08,常滑,ＧⅢ,３６２　４１３　１５６６,2026-08-08,2026-08-11,05,多摩川,一般,２２３６２　２５,2026-07-27,2026-07-31,19,下関,一般,６　１３５４５　２,2026-07-15,2026-07-20,18,徳山,一般,２６３　４３４　１１転,2026-07-03,2026-07-06,09,津,一般,４　５５３４６３,5448,福田 柊人,2026-08-11,2026-08-16,19,下関,一般,６　６６５　６６５　６６,2026-07-24,2026-07-29,17,宮島,一般,６　６６６　６６６　６６,2026-07-10,2026-07-15,23,からつ,一般,落６５　６６５　６５６,2026-06-28,2026-07-03,20,若松,一般,６　６　６６６　６　６６,2026-06-11,2026-06-16,16,児島,一般,６　６６６　６６６　６,3663,木山 和幸,2026-08-23,2026-08-27,18,徳山,一般,５１３　３３１２[２],2026-08-14,2026-08-19,17,宮島,一般,２４５　２３３　５２４,2026-07-27,2026-08-01,09,津,一般,６３４,2026-07-14,2026-07-19,21,芦屋,一般,４６２　１　３１４４６６,2026-07-01,2026-07-06,22,福岡,一般,５２２　６２５　５６２,3870,寺嶋 雄,2026-08-25,2026-08-30,17,宮島,一般,６１５　４６４　４５４３,2026-08-14,2026-08-19,10,三国,一般,２１５　５６４　４２４２,2026-07-31,2026-08-05,06,浜名湖,ＧⅢ,５　５４５　６６５　６,2026-07-17,2026-07-20,02,戸田,一般,６１２４３　５６,2026-07-03,2026-07-08,13,尼崎,一般,４６４　２　５６３　４５
202609101303,2026-09-10,13,03R,5328,井上 慧人,2026-08-29,2026-09-03,19,下関,一般,　　　　　　　　４６３,2026-08-22,2026-08-26,20,若松,一般,４６３３４　妨　６４,2026-08-10,2026-08-15,21,芦屋,一般,２　５６２　３２５　４６,2026-07-28,2026-08-02,16,児島,一般,２３５３２　２４１４１転,2026-07-15,2026-07-20,18,徳山,一般,２　６６５　３２,4079,出畑 孝典,2026-08-24,2026-08-28,15,丸亀,一般,１　５２４３４４１２,2026-08-12,2026-08-17,22,福岡,一般,５５３５１１４　１６２６,2026-08-03,2026-08-08,19,下関,一般,１　４４２２１　１３４１,2026-07-25,2026-07-29,20,若松,一般,４３２　３４１２２１,2026-07-17,2026-07-20,02,戸田,一般,３　２３２５１１,4297,山田 哲也,2026-08-22,2026-08-27,22,福岡,一般,５１２１３　２２６２[３],2026-08-11,2026-08-16,04,平和島,一般,１６１１１　２１３１[５],2026-08-02,2026-08-05,21,芦屋,一般,１２３１１１[１],2026-07-23,2026-07-28,03,江戸川,ＧⅢ,３５５　３５４　３６３１,2026-07-11,2026-07-14,04,平和島,一般,４１２４４３３２,3584,佐々木 英樹,2026-08-22,2026-08-27,08,常滑,ＧⅢ,５　６２２　６４２　４３,2026-08-05,2026-08-10,14,鳴門,一般,４　６６４　３６４　２２,2026-07-23,2026-07-28,21,芦屋,一般,３３１　５２２４６５２３,2026-07-07,2026-07-12,10,三国,ＧⅢ,５３３　２６６　５３１,2026-06-24,2026-06-29,03,江戸川,一般,２　５５４　５５３　４１,5372,上岡 巧汰,2026-08-14,2026-08-19,17,宮島,一般,５６６　６６６　１　６５,2026-07-29,2026-08-03,22,福岡,一般,５３５　４６６　６５６４,2026-07-20,2026-07-25,15,丸亀,一般,２６６　５６５　５　６６,2026-06-14,2026-06-17,12,住之江,一般,６　６４５　６６,2026-05-22,2026-05-27,13,尼崎,一般,３６６　５５５　４　３,3577,向所 浩二,2026-08-20,2026-08-23,23,からつ,一般,４　６３４　４１,2026-08-09,2026-08-14,13,尼崎,一般,４３２　５　５６１３５,2026-07-27,2026-08-01,10,三国,一般,２１４　５３４　転３４,2026-07-18,2026-07-21,20,若松,一般,６　６６６　５,2026-07-03,2026-07-08,13,尼崎,一般,５　２６５　４４２　５６
202609101304,2026-09-10,13,04R,3984,坂口 周,2026-08-26,2026-08-31,11,びわこ,一般,６６１２３　３４１５１５,2026-08-15,2026-08-20,09,津,一般,４　４１３１１３５２[６],2026-07-31,2026-08-05,06,浜名湖,ＧⅢ,２　１６４３４３１３１２,2026-07-18,2026-07-22,10,三国,一般,３４２３４４１３５１,2026-07-07,2026-07-12,20,若松,ＧⅢ,３１５　３４４２４４５,4042,丸岡 正典,2026-08-02,2026-08-05,21,芦屋,一般,４３４６２　１１,2026-07-24,2026-07-27,06,浜名湖,一般,２３２　２４１２,2026-07-13,2026-07-18,07,蒲郡,ＧⅡ,４　１２３　３　３　４１,2026-06-30,2026-07-05,16,児島,ＧⅡ,２　F３３　３　５　６,2026-06-17,2026-06-22,24,大村,ＧⅡ,１　１２５　４　３　２２,4902,山川 雄大,2026-08-22,2026-08-27,22,福岡,一般,２　２６１６６６２　２６,2026-08-09,2026-08-14,13,尼崎,一般,５６３　２　１２５５２,2026-07-24,2026-07-27,12,住之江,一般,４５４　４　６６,2026-07-15,2026-07-19,08,常滑,一般,１　２４１６６６５５,2026-07-03,2026-07-08,13,尼崎,一般,４５２　２５３　６６２４,4750,井上 尚悟,2026-08-25,2026-08-30,17,宮島,一般,４　６３４　６３２３２１,2026-08-08,2026-08-11,05,多摩川,一般,３４５５３　２,2026-07-31,2026-08-03,20,若松,一般,４４６　３２６,2026-07-17,2026-07-20,02,戸田,一般,４６５　５４６,2026-07-05,2026-07-09,24,大村,一般,４　２６４　４　２４,4608,荒井 翔伍,2026-08-30,2026-09-03,08,常滑,一般,１３４５５　２１１１,2026-08-21,2026-08-26,06,浜名湖,一般,２　２エ５５３　１２１２,2026-08-09,2026-08-15,03,江戸川,一般,５３５　２４３　２１２２,2026-07-27,2026-08-01,10,三国,一般,６　４３３　１６２５１５,2026-07-17,2026-07-22,16,児島,ＧⅢ,１　３５５２４６５　３４,3860,松本 浩貴,2026-08-23,2026-08-27,18,徳山,一般,６　３４３　３６４３,2026-08-11,2026-08-16,01,桐生,一般,６　５４５　３　４５６２,2026-07-28,2026-08-02,16,児島,一般,４　２６２４５　４６５５,2026-07-17,2026-07-20,02,戸田,一般,３　１４３６２６,2026-06-30,2026-07-04,19,下関,一般,５３４　６５４　５
202609101305,2026-09-10,13,05R,4308,河村 了,2026-08-25,2026-08-30,17,宮島,一般,４２３４５１１　３２[４],2026-08-11,2026-08-16,07,蒲郡,一般,３４４１４１１２２３３１,2026-07-27,2026-08-01,10,三国,一般,３２１２３１４　３１[６],2026-07-17,2026-07-22,16,児島,ＧⅢ,１　２２３２３４６３４４,2026-07-10,2026-07-13,19,下関,一般,１５５４３１３,5339,石井 伸長,2026-08-27,2026-09-01,07,蒲郡,一般,１２落２５　３　６　２５,2026-07-18,2026-07-22,10,三国,一般,２２２　１５３６５５,2026-06-30,2026-07-05,06,浜名湖,一般,６　５５６　４４５　４４,2026-06-20,2026-06-25,15,丸亀,一般,２６６３１　４２５　１,2026-05-31,2026-06-05,20,若松,一般,１４３　２　４２転４６６,3574,大神 康司,2026-08-24,2026-08-28,15,丸亀,一般,３２３６４５１１２,2026-08-17,2026-08-20,20,若松,一般,２５４　３１２４,2026-08-06,2026-08-10,24,大村,一般,４　４４３３３１２３,2026-07-24,2026-07-29,17,宮島,一般,２　６２５２５３１　１１,2026-07-07,2026-07-12,20,若松,ＧⅢ,１　エ１４２５６２１６,4251,川崎 誠志,2026-08-23,2026-08-27,18,徳山,一般,４４６　６２５２３,2026-08-11,2026-08-16,19,下関,一般,５４４　６１４　４　５２,2026-07-23,2026-07-28,03,江戸川,ＧⅢ,２１６　３５４　２３５２,2026-07-10,2026-07-15,23,からつ,一般,１　５４５　１４２２２４,2026-06-30,2026-07-05,06,浜名湖,一般,３５４　４５６　３　３２,4172,森定 晃史,2026-08-22,2026-08-27,22,福岡,一般,３６２　３４１５２４４４,2026-08-11,2026-08-16,19,下関,一般,３４５　２　３５３　６３,2026-07-24,2026-07-27,02,戸田,一般,２５１３３　３１,2026-07-14,2026-07-19,21,芦屋,一般,６５２２６３３　２　１３,2026-07-02,2026-07-07,04,平和島,一般,２５３　２６６　３３３,5307,富永 夏哉人,2026-08-21,2026-08-26,03,江戸川,一般,６　１５４　５４６　４５,2026-08-09,2026-08-14,23,からつ,一般,２５５　２　５４転　３６,2026-07-28,2026-07-31,24,大村,一般,５　４３３　２４,2026-07-18,2026-07-21,20,若松,一般,２　２１４６２１,2026-07-04,2026-07-09,18,徳山,一般,３５１　５６６６５　６６
202609101306,2026-09-10,13,06R,4184,渡邊 雄一郎,2026-08-26,2026-08-30,14,鳴門,一般,１２１２４３１４,2026-07-24,2026-07-27,12,住之江,一般,１４３１３６２５,2026-07-15,2026-07-19,17,宮島,一般,１１１５２１３１[４],2026-07-03,2026-07-08,13,尼崎,一般,１４３　４３３１２２１,2026-06-25,2026-06-29,21,芦屋,一般,１２３２１１１１[２],4247,齊藤 優,2026-08-22,2026-08-27,22,福岡,一般,３５１　２４４５１　２６,2026-08-05,2026-08-10,14,鳴門,一般,４　３６２　１４５３５,2026-07-25,2026-07-29,20,若松,一般,２４１３３　４４２,2026-07-09,2026-07-13,14,鳴門,一般,６４２　２５５　５２,2026-06-20,2026-06-25,06,浜名湖,一般,５４４　３４１　４　３１,3731,高濱 芳久,2026-08-23,2026-08-27,18,徳山,一般,１５３２２　３３４２,2026-08-11,2026-08-16,19,下関,一般,６　３６１４２　６２６,2026-07-28,2026-08-02,15,丸亀,一般,２１４　３　５１６５４５,2026-07-15,2026-07-19,08,常滑,一般,５３３　２５３３５,2026-07-03,2026-07-08,12,住之江,一般,５　沈４３　４６６　３,4152,深水 慎一郎,2026-08-25,2026-08-30,09,津,一般,６　５３１　６４４　１２,2026-08-11,2026-08-16,04,平和島,一般,２４１　３６２１１４F６,2026-07-31,2026-08-05,06,浜名湖,ＧⅢ,４５４　２６４　４３１２,2026-07-20,2026-07-25,15,丸亀,一般,１２４２４　４６２５５５,2026-07-09,2026-07-13,14,鳴門,一般,３４２　４１４４１２,4176,樋口 喜彦,2026-08-20,2026-08-23,24,大村,一般,４　５６５　５３,2026-07-22,2026-07-27,14,鳴門,一般,６６２　６　６３５１６３,2026-07-11,2026-07-16,03,江戸川,一般,６　２６１　６６４　２５,2026-06-30,2026-07-04,19,下関,一般,６　６４４５６　６,2026-06-21,2026-06-25,08,常滑,一般,５,5244,黒田 剛,2026-08-20,2026-08-25,21,芦屋,一般,６　２２６４６　５４６,2026-08-04,2026-08-09,12,住之江,一般,３５１　５４６　３　４５,2026-07-20,2026-07-25,15,丸亀,一般,４　２４１　４４６　４６,2026-06-11,2026-06-16,03,江戸川,一般,５６４　４５３５６　１２,2026-06-02,2026-06-08,10,三国,一般,４６５　６　５４５　２５
202609101307,2026-09-10,13,07R,4729,佐藤 謙史朗,2026-08-20,2026-08-23,04,平和島,一般,３６１　２　３５,2026-08-07,2026-08-12,20,若松,一般,２　１４６５４　２５５転,2026-07-20,2026-07-25,15,丸亀,一般,５３２　４４エ　５５５,2026-07-05,2026-07-09,24,大村,一般,５　３２５　３　１５,2026-06-24,2026-06-29,03,江戸川,一般,１４３　１５６　１　６５,4515,藤田 浩人,2026-08-31,2026-09-05,18,徳山,一般,５６５３２　６　６２５３,2026-08-20,2026-08-23,24,大村,一般,４　３６３　２１,2026-08-09,2026-08-14,23,からつ,一般,３　１５３１５５３４１２,2026-07-31,2026-08-03,20,若松,一般,５　５３３６４１,2026-07-15,2026-07-19,17,宮島,一般,落５６,4121,富永 修一,2026-08-25,2026-08-30,17,宮島,一般,２　１４１４５５１５３２,2026-08-12,2026-08-17,22,福岡,一般,４３１４４２４　１５１４,2026-08-02,2026-08-05,21,芦屋,一般,１３４５３１２５,2026-07-22,2026-07-27,14,鳴門,一般,１１５４３４４　１４２４,2026-07-11,2026-07-14,04,平和島,一般,６５２　５２２,2878,富山 弘幸,2026-08-28,2026-08-31,23,からつ,一般,４２５　３妨２１,2026-08-15,2026-08-20,09,津,一般,４　４２４　３６２　３４,2026-07-22,2026-07-27,14,鳴門,一般,５　３２４　５６６２１３,2026-07-07,2026-07-12,10,三国,ＧⅢ,４　４４２　２４３１１２,2026-06-28,2026-07-02,05,多摩川,一般,３５５　１６２　１５,4049,荒川 健太,2026-08-15,2026-08-20,09,津,一般,５３１５３　１　２５１５,2026-08-04,2026-08-09,10,三国,一般,４２１５５６,2026-07-28,2026-07-31,24,大村,一般,２　５５１　３３,2026-07-19,2026-07-23,05,多摩川,一般,２４４４２４１,2026-07-09,2026-07-14,15,丸亀,一般,１　２２３３３１１５１４,5448,福田 柊人,2026-08-11,2026-08-16,19,下関,一般,６　６６５　６６５　６６,2026-07-24,2026-07-29,17,宮島,一般,６　６６６　６６６　６６,2026-07-10,2026-07-15,23,からつ,一般,落６５　６６５　６５６,2026-06-28,2026-07-03,20,若松,一般,６　６　６６６　６　６６,2026-06-11,2026-06-16,16,児島,一般,６　６６６　６６６　６
202609101308,2026-09-10,13,08R,3860,松本 浩貴,2026-08-23,2026-08-27,18,徳山,一般,６　３４３　３６４３,2026-08-11,2026-08-16,01,桐生,一般,６　５４５　３　４５６２,2026-07-28,2026-08-02,16,児島,一般,４　２６２４５　４６５５,2026-07-17,2026-07-20,02,戸田,一般,３　１４３６２６,2026-06-30,2026-07-04,19,下関,一般,５３４　６５４　５,4672,守屋 大地,2026-08-22,2026-08-27,22,福岡,一般,４５１　５　５６３　５２,2026-08-05,2026-08-10,14,鳴門,一般,３　２３６５２　３２２,2026-07-24,2026-07-29,17,宮島,一般,１１５　６２２　３４３５,2026-07-10,2026-07-14,09,津,一般,４２２６４　３４４２,2026-06-29,2026-07-03,11,びわこ,一般,５４５　２　６６２１,4002,古結 宏,2026-08-27,2026-09-01,07,蒲郡,一般,５５３　エ１３　３３１３,2026-08-09,2026-08-14,13,尼崎,一般,２３２　１６１　２２５１,2026-07-28,2026-08-02,16,児島,一般,２１４４２　３５５６１３,2026-07-15,2026-07-21,12,住之江,一般,１６６　５６,2026-07-03,2026-07-06,09,津,一般,３６３５６２１,3870,寺嶋 雄,2026-08-25,2026-08-30,17,宮島,一般,６１５　４６４　４５４３,2026-08-14,2026-08-19,10,三国,一般,２１５　５６４　４２４２,2026-07-31,2026-08-05,06,浜名湖,ＧⅢ,５　５４５　６６５　６,2026-07-17,2026-07-20,02,戸田,一般,６１２４３　５６,2026-07-03,2026-07-08,13,尼崎,一般,４６４　２　５６３　４５,3548,室田 泰史,2026-08-28,2026-08-31,23,からつ,一般,５　５１４２１１,2026-08-14,2026-08-19,10,三国,一般,１６５５５　３４３　２３,2026-07-29,2026-08-03,22,福岡,一般,１６２　６６５５５２６,2026-07-18,2026-07-21,04,平和島,一般,６　４３５２５３,2026-07-07,2026-07-12,10,三国,ＧⅢ,１１６４３　２５２４５６,5372,上岡 巧汰,2026-08-14,2026-08-19,17,宮島,一般,５６６　６６６　１　６５,2026-07-29,2026-08-03,22,福岡,一般,５３５　４６６　６５６４,2026-07-20,2026-07-25,15,丸亀,一般,２６６　５６５　５　６６,2026-06-14,2026-06-17,12,住之江,一般,６　６４５　６６,2026-05-22,2026-05-27,13,尼崎,一般,３６６　５５５　４　３
202609101309,2026-09-10,13,09R,3975,小野寺 智洋,2026-08-26,2026-08-30,14,鳴門,一般,６４５　３３４　１４,2026-08-17,2026-08-21,15,丸亀,一般,１　４５４２６３３１,2026-07-29,2026-08-03,23,からつ,一般,５　２４３５１不４　１５,2026-07-16,2026-07-21,11,びわこ,一般,２３３　２５３２３３５１,2026-07-05,2026-07-09,24,大村,一般,２　４５１４１６１６,3577,向所 浩二,2026-08-20,2026-08-23,23,からつ,一般,４　６３４　４１,2026-08-09,2026-08-14,13,尼崎,一般,４３２　５　５６１３５,2026-07-27,2026-08-01,10,三国,一般,２１４　５３４　転３４,2026-07-18,2026-07-21,20,若松,一般,６　６６６　５,2026-07-03,2026-07-08,13,尼崎,一般,５　２６５　４４２　５６,5307,富永 夏哉人,2026-08-21,2026-08-26,03,江戸川,一般,６　１５４　５４６　４５,2026-08-09,2026-08-14,23,からつ,一般,２５５　２　５４転　３６,2026-07-28,2026-07-31,24,大村,一般,５　４３３　２４,2026-07-18,2026-07-21,20,若松,一般,２　２１４６２１,2026-07-04,2026-07-09,18,徳山,一般,３５１　５６６６５　６６,4036,金田 諭,2026-08-23,2026-08-27,18,徳山,一般,エ欠,2026-08-11,2026-08-16,04,平和島,一般,１　１６２５１５２２[６],2026-07-29,2026-08-03,22,福岡,一般,１　２３４３１１６１[３],2026-07-19,2026-07-23,05,多摩川,一般,２４１１６３１３４３,2026-07-10,2026-07-15,06,浜名湖,一般,５６,3853,岩崎 正哉,2026-08-20,2026-08-25,21,芦屋,一般,３　１２４１５１１４２２,2026-08-05,2026-08-10,14,鳴門,一般,２６５４５　２４２　１,2026-07-28,2026-07-31,24,大村,一般,３３１　３４４６,2026-07-18,2026-07-22,10,三国,一般,１６５　４３３　４４,2026-07-07,2026-07-12,20,若松,ＧⅢ,２　１５３　３４４２[４],3581,加木 郁,2026-08-23,2026-08-27,18,徳山,一般,５２４　４,2026-08-11,2026-08-16,19,下関,一般,１４２　１５５　１６２５,2026-07-27,2026-08-01,10,三国,一般,３５１　３１２６１５５５,2026-07-18,2026-07-21,20,若松,一般,５３２　２３１５,2026-07-05,2026-07-09,24,大村,一般,４３３　６　５３６
202609101310,2026-09-10,13,10R,4297,山田 哲也,2026-08-22,2026-08-27,22,福岡,一般,５１２１３　２２６２[３],2026-08-11,2026-08-16,04,平和島,一般,１６１１１　２１３１[５],2026-08-02,2026-08-05,21,芦屋,一般,１２３１１１[１],2026-07-23,2026-07-28,03,江戸川,ＧⅢ,３５５　３５４　３６３１,2026-07-11,2026-07-14,04,平和島,一般,４１２４４３３２,4184,渡邊 雄一郎,2026-08-26,2026-08-30,14,鳴門,一般,１２１２４３１４,2026-07-24,2026-07-27,12,住之江,一般,１４３１３６２５,2026-07-15,2026-07-19,17,宮島,一般,１１１５２１３１[４],2026-07-03,2026-07-08,13,尼崎,一般,１４３　４３３１２２１,2026-06-25,2026-06-29,21,芦屋,一般,１２３２１１１１[２],4042,丸岡 正典,2026-08-02,2026-08-05,21,芦屋,一般,４３４６２　１１,2026-07-24,2026-07-27,06,浜名湖,一般,２３２　２４１２,2026-07-13,2026-07-18,07,蒲郡,ＧⅡ,４　１２３　３　３　４１,2026-06-30,2026-07-05,16,児島,ＧⅡ,２　F３３　３　５　６,2026-06-17,2026-06-22,24,大村,ＧⅡ,１　１２５　４　３　２２,3574,大神 康司,2026-08-24,2026-08-28,15,丸亀,一般,３２３６４５１１２,2026-08-17,2026-08-20,20,若松,一般,２５４　３１２４,2026-08-06,2026-08-10,24,大村,一般,４　４４３３３１２３,2026-07-24,2026-07-29,17,宮島,一般,２　６２５２５３１　１１,2026-07-07,2026-07-12,20,若松,ＧⅢ,１　エ１４２５６２１６,5089,前田 翔,2026-08-28,2026-09-02,05,多摩川,ＧⅢ,２３２　４１３１１１[１],2026-08-16,2026-08-19,14,鳴門,一般,１５１３５３２１,2026-08-03,2026-08-08,17,宮島,一般,１４４１２１１　３１[３],2026-07-18,2026-07-23,09,津,ＧⅢ,２　３５２　１１２　[３],2026-07-07,2026-07-12,08,常滑,一般,３１２３１１３３１１[５],4902,山川 雄大,2026-08-22,2026-08-27,22,福岡,一般,２　２６１６６６２　２６,2026-08-09,2026-08-14,13,尼崎,一般,５６３　２　１２５５２,2026-07-24,2026-07-27,12,住之江,一般,４５４　４　６６,2026-07-15,2026-07-19,08,常滑,一般,１　２４１６６６５５,2026-07-03,2026-07-08,13,尼崎,一般,４５２　２５３　６６２４
202609101311,2026-09-10,13,11R,5339,石井 伸長,2026-08-27,2026-09-01,07,蒲郡,一般,１２落２５　３　６　２５,2026-07-18,2026-07-22,10,三国,一般,２２２　１５３６５５,2026-06-30,2026-07-05,06,浜名湖,一般,６　５５６　４４５　４４,2026-06-20,2026-06-25,15,丸亀,一般,２６６３１　４２５　１,2026-05-31,2026-06-05,20,若松,一般,１４３　２　４２転４６６,4152,深水 慎一郎,2026-08-25,2026-08-30,09,津,一般,６　５３１　６４４　１２,2026-08-11,2026-08-16,04,平和島,一般,２４１　３６２１１４F６,2026-07-31,2026-08-05,06,浜名湖,ＧⅢ,４５４　２６４　４３１２,2026-07-20,2026-07-25,15,丸亀,一般,１２４２４　４６２５５５,2026-07-09,2026-07-13,14,鳴門,一般,３４２　４１４４１２,4308,河村 了,2026-08-25,2026-08-30,17,宮島,一般,４２３４５１１　３２[４],2026-08-11,2026-08-16,07,蒲郡,一般,３４４１４１１２２３３１,2026-07-27,2026-08-01,10,三国,一般,３２１２３１４　３１[６],2026-07-17,2026-07-22,16,児島,ＧⅢ,１　２２３２３４６３４４,2026-07-10,2026-07-13,19,下関,一般,１５５４３１３,4079,出畑 孝典,2026-08-24,2026-08-28,15,丸亀,一般,１　５２４３４４１２,2026-08-12,2026-08-17,22,福岡,一般,５５３５１１４　１６２６,2026-08-03,2026-08-08,19,下関,一般,１　４４２２１　１３４１,2026-07-25,2026-07-29,20,若松,一般,４３２　３４１２２１,2026-07-17,2026-07-20,02,戸田,一般,３　２３２５１１,4515,藤田 浩人,2026-08-31,2026-09-05,18,徳山,一般,５６５３２　６　６２５３,2026-08-20,2026-08-23,24,大村,一般,４　３６３　２１,2026-08-09,2026-08-14,23,からつ,一般,３　１５３１５５３４１２,2026-07-31,2026-08-03,20,若松,一般,５　５３３６４１,2026-07-15,2026-07-19,17,宮島,一般,落５６,3984,坂口 周,2026-08-26,2026-08-31,11,びわこ,一般,６６１２３　３４１５１５,2026-08-15,2026-08-20,09,津,一般,４　４１３１１３５２[６],2026-07-31,2026-08-05,06,浜名湖,ＧⅢ,２　１６４３４３１３１２,2026-07-18,2026-07-22,10,三国,一般,３４２３４４１３５１,2026-07-07,2026-07-12,20,若松,ＧⅢ,３１５　３４４２４４５
202609101312,2026-09-10,13,12R,4002,古結 宏,2026-08-27,2026-09-01,07,蒲郡,一般,５５３　エ１３　３３１３,2026-08-09,2026-08-14,13,尼崎,一般,２３２　１６１　２２５１,2026-07-28,2026-08-02,16,児島,一般,２１４４２　３５５６１３,2026-07-15,2026-07-21,12,住之江,一般,１６６　５６,2026-07-03,2026-07-06,09,津,一般,３６３５６２１,5328,井上 慧人,2026-08-29,2026-09-03,19,下関,一般,　　　　　　　　４６３,2026-08-22,2026-08-26,20,若松,一般,４６３３４　妨　６４,2026-08-10,2026-08-15,21,芦屋,一般,２　５６２　３２５　４６,2026-07-28,2026-08-02,16,児島,一般,２３５３２　２４１４１転,2026-07-15,2026-07-20,18,徳山,一般,２　６６５　３２,4251,川崎 誠志,2026-08-23,2026-08-27,18,徳山,一般,４４６　６２５２３,2026-08-11,2026-08-16,19,下関,一般,５４４　６１４　４　５２,2026-07-23,2026-07-28,03,江戸川,ＧⅢ,２１６　３５４　２３５２,2026-07-10,2026-07-15,23,からつ,一般,１　５４５　１４２２２４,2026-06-30,2026-07-05,06,浜名湖,一般,３５４　４５６　３　３２,4608,荒井 翔伍,2026-08-30,2026-09-03,08,常滑,一般,１３４５５　２１１１,2026-08-21,2026-08-26,06,浜名湖,一般,２　２エ５５３　１２１２,2026-08-09,2026-08-15,03,江戸川,一般,５３５　２４３　２１２２,2026-07-27,2026-08-01,10,三国,一般,６　４３３　１６２５１５,2026-07-17,2026-07-22,16,児島,ＧⅢ,１　３５５２４６５　３４,4121,富永 修一,2026-08-25,2026-08-30,17,宮島,一般,２　１４１４５５１５３２,2026-08-12,2026-08-17,22,福岡,一般,４３１４４２４　１５１４,2026-08-02,2026-08-05,21,芦屋,一般,１３４５３１２５,2026-07-22,2026-07-27,14,鳴門,一般,１１５４３４４　１４２４,2026-07-11,2026-07-14,04,平和島,一般,６５２　５２２,4247,齊藤 優,2026-08-22,2026-08-27,22,福岡,一般,３５１　２４４５１　２６,2026-08-05,2026-08-10,14,鳴門,一般,４　３６２　１４５３５,2026-07-25,2026-07-29,20,若松,一般,２４１３３　４４２,2026-07-09,2026-07-13,14,鳴門,一般,６４２　２５５　５２,2026-06-20,2026-06-25,06,浜名湖,一般,５４４　３４１　４　３１
202609101401,2026-09-10,14,01R,4642,松尾 夏海,2026-08-24,2026-08-29,10,三国,一般,１５２５２１１　３１[３],2026-08-06,2026-08-11,18,徳山,ＧⅠ,３４２　２　３２５　１５,2026-07-28,2026-08-02,15,丸亀,一般,１２３３１　２　１３[５],2026-07-13,2026-07-18,13,尼崎,ＧⅢ,１　１１３６３２１３１１,2026-07-01,2026-07-06,07,蒲郡,一般,６２３　３　４３１１２３,4400,加藤 奈月,2026-08-24,2026-08-29,10,三国,一般,３　４３３　４３４　３４,2026-08-14,2026-08-19,10,三国,一般,５５４　３　５５４　４４,2026-07-28,2026-08-02,15,丸亀,一般,５６６　１５２　２　３３,2026-07-10,2026-07-15,06,浜名湖,一般,３５６　６２６　３　４６,2026-06-19,2026-06-24,11,びわこ,一般,５４６　２　６６４　３３,5153,佐藤 ほのか,2026-08-27,2026-08-31,04,平和島,一般,５　３５２　２３４３,2026-08-11,2026-08-16,01,桐生,一般,５　６５５　３　６４６,2026-07-31,2026-08-05,05,多摩川,一般,３５６　６６６　５　５５,2026-07-24,2026-07-27,06,浜名湖,一般,４５４３５　４４,2026-06-17,2026-06-22,13,尼崎,一般,６　５５６　４３４　６３,4878,西岡 育未,2026-08-18,2026-08-23,16,児島,一般,４４５　５　１６３　４４,2026-08-07,2026-08-11,15,丸亀,一般,６　２６６　３４６４,2026-07-25,2026-07-30,04,平和島,一般,１６５　６欠,2026-07-07,2026-07-12,11,びわこ,一般,６５５　５　１５４　６,2026-06-24,2026-06-29,12,住之江,一般,２４４　４４４　５　５３,4784,向井田 真紀,2026-07-31,2026-08-05,01,桐生,ＧⅢ,４６５　４２６　２　４３,2026-06-18,2026-06-21,20,若松,一般,３５６５６　１,2026-06-06,2026-06-10,24,大村,一般,３　６６６５６　３,2026-05-24,2026-05-28,21,芦屋,一般,３　６６５５６　F６,2026-04-15,2026-04-20,09,津,一般,３５３　５４５　４５２５,5380,野田 亜湖,2026-08-24,2026-08-29,13,尼崎,一般,６　５６６　６６６　５,2026-08-12,2026-08-17,24,大村,ＧⅢ,６　６６６６６　５　５,2026-07-25,2026-07-30,04,平和島,一般,６　６６６　６６６　６６,2026-07-18,2026-07-21,20,若松,一般,６５６　６　６５,2026-06-29,2026-07-04,08,常滑,一般,５６６　６６６　６　４６
202609101402,2026-09-10,14,02R,4678,水野 望美,2026-08-10,2026-08-15,08,常滑,一般,５　３２２　５４４６４５,2026-07-31,2026-08-04,13,尼崎,一般,４６２　３６５　５５,2026-06-21,2026-06-24,19,下関,一般,４６５１６　２,2026-06-06,2026-06-11,15,丸亀,一般,４４３　５４５　１３６,2026-05-27,2026-06-01,08,常滑,一般,２　３６５　５４４　６２,4845,前田 紗希,2026-08-24,2026-08-29,10,三国,一般,２　１６５２３３５３５４,2026-08-06,2026-08-11,18,徳山,ＧⅠ,６　６６４３６　５６６,2026-07-25,2026-07-30,04,平和島,一般,５２F３６　５　３　４,2026-07-17,2026-07-20,02,戸田,一般,１３６１２１[４],2026-05-30,2026-06-04,05,多摩川,ＧⅢ,３１１　２３５１３１[６],5069,山崎 小葉音,2026-08-24,2026-08-29,10,三国,一般,３５５　３　５４５　１,2026-08-12,2026-08-17,24,大村,ＧⅢ,４４１　３５２５２　２,2026-07-31,2026-08-05,01,桐生,ＧⅢ,２　１５２１５５１５４６,2026-07-13,2026-07-18,13,尼崎,ＧⅢ,３６４　６５１　２　６５,2026-06-24,2026-06-29,12,住之江,一般,６５２　１２４　１４３５,5056,西岡 成美,2026-08-27,2026-08-31,04,平和島,一般,６　６　３５３６４,2026-08-12,2026-08-17,24,大村,ＧⅢ,１６１　２６４　２６１５,2026-07-09,2026-07-13,14,鳴門,一般,３　１３妨４６　３６,2024-09-30,2024-10-05,09,津,一般,５３F４４　落,2024-09-18,2024-09-23,01,桐生,ＧⅠ,２　４　６４４　４５２,4885,大山 千広,2026-08-24,2026-08-29,10,三国,一般,２　１４２４１３１１[１],2026-08-10,2026-08-15,21,芦屋,一般,２５３１４　１５３６２,2026-07-31,2026-08-05,01,桐生,ＧⅢ,２　１１３２１１３１[１],2026-07-19,2026-07-24,19,下関,ＧⅢ,２４１１１　３１４１[４],2026-07-01,2026-07-06,07,蒲郡,一般,１１４　２２４　２１[３],4965,福岡 泉水,2026-08-18,2026-08-23,16,児島,一般,４　４５４　３５５　４３,2026-08-09,2026-08-14,13,尼崎,一般,２５１　３　４４１３４６,2026-07-31,2026-08-05,01,桐生,ＧⅢ,２　２２６３４５４４２４,2026-07-13,2026-07-18,13,尼崎,ＧⅢ,１　４５５４５　３　６１,2026-06-30,2026-07-05,23,からつ,一般,３５４
202609101403,2026-09-10,14,03R,4775,千葉 真弥,2026-08-24,2026-08-29,13,尼崎,一般,５４５６５　４６３　６,2026-08-06,2026-08-11,18,徳山,ＧⅠ,１　１１１　５　１　[２],2026-07-28,2026-08-02,16,児島,一般,３　６３１２２３１４２４,2026-06-06,2026-06-10,06,浜名湖,一般,３５３５５　４　３５,2026-05-24,2026-05-28,21,芦屋,一般,４　１６４４５１３１,5195,北村 寧々,2026-08-25,2026-08-30,17,宮島,一般,２　４６４１６６４　２１,2026-07-19,2026-07-24,22,福岡,ＧⅢ,２　３６６　２３１６４４,2026-07-07,2026-07-12,11,びわこ,一般,４１３６４６１　２４１３,2026-06-28,2026-07-03,20,若松,一般,６　４４１　１５６　４５,2026-06-15,2026-06-20,21,芦屋,一般,１　３１２５２１６３３１,4901,出口 舞有子,2026-08-24,2026-08-29,10,三国,一般,１１４　１２４２３１[F],2026-08-10,2026-08-15,08,常滑,一般,５６５　３３２　５　２１,2026-07-31,2026-08-05,01,桐生,ＧⅢ,２　４５３５１　２　３１,2026-07-24,2026-07-27,06,浜名湖,一般,１　１５５４３６,2026-07-12,2026-07-16,05,多摩川,一般,１　１４６　２３１４,5180,藤本 紗弥香,2026-08-18,2026-08-23,16,児島,一般,１３４　２４４　４４３２,2026-07-31,2026-08-05,01,桐生,ＧⅢ,６５１　４　１５４１１,2026-07-19,2026-07-24,19,下関,ＧⅢ,３　４２２　１２４５１５,2026-06-15,2026-06-20,21,芦屋,一般,６６５　５２２　４　６５,2026-05-31,2026-06-05,20,若松,一般,４　５　６３３６４　３３,4738,清埜 翔子,2026-08-25,2026-08-30,09,津,一般,５５１　２６４　３３[６],2026-08-12,2026-08-17,24,大村,ＧⅢ,１５３２１１４　４２[４],2026-07-28,2026-08-02,16,児島,一般,６２３５３　３６２　５５,2026-07-19,2026-07-24,19,下関,ＧⅢ,５２２５３　３　F１４,2026-07-07,2026-07-12,08,常滑,一般,２　３５５１２３６６１３,5440,薗頭 心,2026-08-09,2026-08-14,13,尼崎,一般,６　５　６６６　６６６,2026-07-28,2026-08-02,16,児島,一般,６６６　６　６６６４６,2026-07-13,2026-07-18,13,尼崎,ＧⅢ,６２６　６　５６４　５,2026-06-10,2026-06-13,14,鳴門,一般,４６６　６　４６,2026-05-04,2026-05-09,13,尼崎,一般,６　５　６６６　６６６
202609101404,2026-09-10,14,04R,4680,後藤 美翼,2026-08-24,2026-08-29,10,三国,一般,４５５３３　１３６　１３,2026-08-11,2026-08-16,04,平和島,一般,１２４　１６４４１２[３],2026-07-25,2026-07-30,04,平和島,一般,６３１４４　２２３３転３,2026-07-17,2026-07-20,02,戸田,一般,５３３５５　２４,2026-07-09,2026-07-13,14,鳴門,一般,６２５５３　２　３１,4900,中田 夕貴,2026-08-30,2026-09-04,06,浜名湖,ＧⅢ,３　１２２４１２５６１６,2026-08-12,2026-08-17,02,戸田,一般,６１６　２５６　４６５４,2026-07-31,2026-08-04,13,尼崎,一般,１６３　４４２　３２,2026-06-18,2026-06-23,02,戸田,一般,３２３６１　１５１５１１,2026-05-30,2026-06-04,05,多摩川,ＧⅢ,５４５６L６,4689,豊田 結,2026-08-15,2026-08-20,09,津,一般,６２３　６６５　４　６６,2026-07-25,2026-07-30,04,平和島,一般,４　１２４３５４４４３,2026-07-10,2026-07-15,06,浜名湖,一般,６２６　４６６　６　３,2026-07-01,2026-07-06,07,蒲郡,一般,３２４　４３１　４　２４,2026-06-07,2026-06-11,05,多摩川,一般,３５５　２６４　３,4733,赤井 睦,2026-08-27,2026-08-31,04,平和島,一般,１３５４２　１　５４,2026-07-31,2026-08-05,01,桐生,ＧⅢ,１１５１３　５１６３６１,2026-07-13,2026-07-18,13,尼崎,ＧⅢ,４５３　２４１　３４３６,2026-06-25,2026-06-29,18,徳山,一般,４　２１６１２４４２,2026-06-06,2026-06-11,15,丸亀,一般,２６６　３６６　５　４２,5193,米丸 乃絵,2026-08-18,2026-08-23,16,児島,一般,２１２　２１３２１２[５],2026-08-06,2026-08-11,18,徳山,ＧⅠ,１５２　２　１４６　１２,2026-07-28,2026-08-02,15,丸亀,一般,１２１１２２３　５１[１],2026-07-19,2026-07-24,22,福岡,ＧⅢ,２１５　４２４　３　５１,2026-07-07,2026-07-12,02,戸田,ＧⅡ,４　２４５　４　４１４,5334,樫葉 新心,2026-08-24,2026-08-29,13,尼崎,一般,６５６　６　４６５　６,2026-07-14,2026-07-19,21,芦屋,一般,６　６１５　６４３　３,2026-06-24,2026-06-29,12,住之江,一般,５５４　４５３　５　４５,2026-06-12,2026-06-17,22,福岡,ＧⅢ,F　６５６　６　６　６,2026-05-31,2026-06-05,20,若松,一般,６６３　６　４３５　４５
202609101405,2026-09-10,14,05R,4714,喜多須 杏奈,2026-08-18,2026-08-23,16,児島,一般,３３２　１３落　１２[６],2026-08-07,2026-08-11,15,丸亀,一般,４３５　４６２２３,2026-07-25,2026-07-30,04,平和島,一般,３　４６５　５３５　６１,2026-07-07,2026-07-12,11,びわこ,一般,１４２　２２３６４２[６],2026-06-18,2026-06-23,02,戸田,一般,３６４　５４３　６　２２,4746,大豆生田 蒼,2026-08-24,2026-08-29,10,三国,一般,２２２　２４４５１６２５,2026-07-25,2026-07-30,04,平和島,一般,２　１３１４２６３３４１,2026-07-12,2026-07-16,05,多摩川,一般,３４２　６６６　３,2026-06-18,2026-06-23,02,戸田,一般,４２１３６　４２２２３,2026-06-06,2026-06-11,15,丸亀,一般,５２２１１３２　４４１６,4984,森下 愛梨,2026-08-24,2026-08-29,10,三国,一般,６２１　３５４　１　５２,2026-08-11,2026-08-16,06,浜名湖,一般,５５３　２３４　４４３,2026-07-18,2026-07-23,09,津,ＧⅢ,６　２３５　２２４４転,2026-07-07,2026-07-12,11,びわこ,一般,２　６１６５４　３４５,2026-06-18,2026-06-23,02,戸田,一般,５　１６５５３６１　５３,4974,安井 瑞紀,2026-08-28,2026-08-31,23,からつ,一般,１３４　１６５５,2026-08-18,2026-08-23,16,児島,一般,４１６　１３５１１６６４,2026-08-06,2026-08-11,18,徳山,ＧⅠ,６　６　６１３　１２５,2026-07-27,2026-08-01,10,三国,一般,４６４１妨５２　１　２１,2026-06-18,2026-06-23,02,戸田,一般,４　４４２１２１３３２５,4372,原田 佑実,2026-08-12,2026-08-17,24,大村,ＧⅢ,１　１４３１３４１１[３],2026-07-25,2026-07-29,20,若松,一般,３　４２１５５５３４,2026-07-03,2026-07-08,13,尼崎,一般,５　１４１２４３１２[４],2026-06-24,2026-06-29,12,住之江,一般,１３４　４５４　１１１,2026-06-06,2026-06-11,15,丸亀,一般,４　１６２１３４２１[２],5390,高橋 涼夏,2026-08-11,2026-08-16,01,桐生,一般,４　５　２４５　５１３５,2026-07-31,2026-08-05,01,桐生,ＧⅢ,４　４５５　２６３　４６,2026-07-07,2026-07-12,08,常滑,一般,３　５６６　６５６６５,2026-06-07,2026-06-11,05,多摩川,一般,２　６　５６４６１,2026-05-01,2026-05-06,01,桐生,一般,６　３　６６　　４５６６
202609101406,2026-09-10,14,06R,3470,新田 芳美,2026-08-17,2026-08-20,20,若松,一般,３４６３３　５,2026-07-31,2026-08-05,01,桐生,ＧⅢ,６４１　４５４　６２４,2026-07-13,2026-07-18,13,尼崎,ＧⅢ,４５４　６落,2026-06-25,2026-06-29,18,徳山,一般,１４２　１３３５１３,2026-06-12,2026-06-17,22,福岡,ＧⅢ,４４４　２４４　４３４,5342,原村 百那,2026-08-24,2026-08-29,10,三国,一般,３５４　６　５５６　４,2026-08-12,2026-08-17,24,大村,ＧⅢ,６４６　５５６　６　６５,2026-07-28,2026-08-02,15,丸亀,一般,５６６　１５４　６　４６,2026-07-19,2026-07-24,19,下関,ＧⅢ,６６２　２４３　２４４,2026-06-18,2026-06-23,02,戸田,一般,６　１６２　６３５　６５,5198,奥村 明日香,2026-08-16,2026-08-19,14,鳴門,一般,２３４　２６４１,2026-08-07,2026-08-12,20,若松,一般,１４１　１２５１６６１６,2026-04-29,2026-05-04,22,福岡,一般,２　４６５　３１２　４６,2026-04-22,2026-04-27,20,若松,ＧⅢ,　　　　　　　　　　６５,2026-04-09,2026-04-15,15,丸亀,一般,３３５　４１４　１４１３６５,5380,野田 亜湖,2026-08-24,2026-08-29,13,尼崎,一般,６　５６６　６６６　５,2026-08-12,2026-08-17,24,大村,ＧⅢ,６　６６６６６　５　５,2026-07-25,2026-07-30,04,平和島,一般,６　６６６　６６６　６６,2026-07-18,2026-07-21,20,若松,一般,６５６　６　６５,2026-06-29,2026-07-04,08,常滑,一般,５６６　６６６　６　４６,4450,平高 奈菜,2026-08-25,2026-08-30,09,津,一般,２３３　４F３　３　３,2026-08-12,2026-08-17,24,大村,ＧⅢ,１３２　１１１２３１[１],2026-07-28,2026-08-02,15,丸亀,一般,３１１４３　３２２２[３],2026-07-13,2026-07-18,13,尼崎,ＧⅢ,２妨２　１４１　３　１２,2026-07-01,2026-07-06,07,蒲郡,一般,２　４５１　２１４６１３,4530,小野 生奈,2026-08-25,2026-08-30,09,津,一般,２１２　１１１１５１[２],2026-08-06,2026-08-11,18,徳山,ＧⅠ,４　５６５５１　６２３,2026-07-25,2026-07-29,20,若松,一般,６　２１２１２２[２],2026-07-13,2026-07-18,13,尼崎,ＧⅢ,３２３１４　３２２２[４],2026-06-30,2026-07-05,16,児島,ＧⅡ,６２５　１４４　２２３
202609101407,2026-09-10,14,07R,4878,西岡 育未,2026-08-18,2026-08-23,16,児島,一般,４４５　５　１６３　４４,2026-08-07,2026-08-11,15,丸亀,一般,６　２６６　３４６４,2026-07-25,2026-07-30,04,平和島,一般,１６５　６欠,2026-07-07,2026-07-12,11,びわこ,一般,６５５　５　１５４　６,2026-06-24,2026-06-29,12,住之江,一般,２４４　４４４　５　５３,4843,深尾 巴恵,2026-08-25,2026-08-30,09,津,一般,４６６　５６１　６　１５,2026-08-11,2026-08-16,06,浜名湖,一般,３２４　６２４　５５２,2026-07-27,2026-08-01,10,三国,一般,６６６　４　５４６　４,2026-06-19,2026-06-24,11,びわこ,一般,３　６６３　６６４　１５,2026-05-30,2026-06-04,05,多摩川,ＧⅢ,１５６　F４４　３　５,4611,今井 美亜,2026-08-24,2026-08-29,10,三国,一般,３４１３２　４１２２[５],2026-08-06,2026-08-11,18,徳山,ＧⅠ,６　４３１　１４４　３１,2026-07-28,2026-08-02,16,児島,一般,１３２　６６５６３　３１,2026-07-19,2026-07-24,19,下関,ＧⅢ,５５５２４　２１３２[６],2026-07-07,2026-07-12,02,戸田,ＧⅡ,６　４６１　６　４２２,4678,水野 望美,2026-08-10,2026-08-15,08,常滑,一般,５　３２２　５４４６４５,2026-07-31,2026-08-04,13,尼崎,一般,４６２　３６５　５５,2026-06-21,2026-06-24,19,下関,一般,４６５１６　２,2026-06-06,2026-06-11,15,丸亀,一般,４４３　５４５　１３６,2026-05-27,2026-06-01,08,常滑,一般,２　３６５　５４４　６２,5180,藤本 紗弥香,2026-08-18,2026-08-23,16,児島,一般,１３４　２４４　４４３２,2026-07-31,2026-08-05,01,桐生,ＧⅢ,６５１　４　１５４１１,2026-07-19,2026-07-24,19,下関,ＧⅢ,３　４２２　１２４５１５,2026-06-15,2026-06-20,21,芦屋,一般,６６５　５２２　４　６５,2026-05-31,2026-06-05,20,若松,一般,４　５　６３３６４　３３,4050,田口 節子,2026-08-18,2026-08-23,16,児島,一般,３　１１２３２１２１[３],2026-08-06,2026-08-11,18,徳山,ＧⅠ,２　１１５４５　４　５１,2026-07-19,2026-07-24,19,下関,ＧⅢ,１１１　落１１２１２[１],2026-07-07,2026-07-12,11,びわこ,一般,３１４１１２１１２１[１],2026-06-24,2026-06-29,12,住之江,一般,１１２　１１１２３１[１]
202609101408,2026-09-10,14,08R,4689,豊田 結,2026-08-15,2026-08-20,09,津,一般,６２３　６６５　４　６６,2026-07-25,2026-07-30,04,平和島,一般,４　１２４３５４４４３,2026-07-10,2026-07-15,06,浜名湖,一般,６２６　４６６　６　３,2026-07-01,2026-07-06,07,蒲郡,一般,３２４　４３１　４　２４,2026-06-07,2026-06-11,05,多摩川,一般,３５５　２６４　３,4784,向井田 真紀,2026-07-31,2026-08-05,01,桐生,ＧⅢ,４６５　４２６　２　４３,2026-06-18,2026-06-21,20,若松,一般,３５６５６　１,2026-06-06,2026-06-10,24,大村,一般,３　６６６５６　３,2026-05-24,2026-05-28,21,芦屋,一般,３　６６５５６　F６,2026-04-15,2026-04-20,09,津,一般,３５３　５４５　４５２５,4720,西澤 日花里,2026-08-18,2026-08-23,16,児島,一般,５　２６５　４６５　４３,2026-08-09,2026-08-14,23,からつ,一般,３６２　６　３４６　２５,2026-07-01,2026-07-06,07,蒲郡,一般,４　２３６　４６３６２,2026-06-12,2026-06-17,22,福岡,ＧⅢ,F　６６６　６　３　６,2026-05-24,2026-05-29,24,大村,一般,４６５　３６１　３　３６,5189,藤原 早菜,2026-08-18,2026-08-23,16,児島,一般,２　１４４４５４４２４５,2026-08-06,2026-08-11,18,徳山,ＧⅠ,１　４　６６１　６６３,2026-07-28,2026-08-02,15,丸亀,一般,４３３　６３４５２６１５,2026-07-19,2026-07-24,22,福岡,ＧⅢ,４　５３４　５４４４３,2026-07-10,2026-07-15,06,浜名湖,一般,１６２　６４２　４３[６],4347,魚谷 香織,2026-08-28,2026-08-31,23,からつ,一般,２６４３１　１６,2026-08-06,2026-08-11,18,徳山,ＧⅠ,６　１５６　５　３４１,2026-07-24,2026-07-27,06,浜名湖,一般,３　２３６３１１,2026-07-13,2026-07-18,13,尼崎,ＧⅢ,１　３３３１５１１２[３],2026-06-24,2026-06-29,12,住之江,一般,５　１２３２１５２２[４],4845,前田 紗希,2026-08-24,2026-08-29,10,三国,一般,２　１６５２３３５３５４,2026-08-06,2026-08-11,18,徳山,ＧⅠ,６　６６４３６　５６６,2026-07-25,2026-07-30,04,平和島,一般,５２F３６　５　３　４,2026-07-17,2026-07-20,02,戸田,一般,１３６１２１[４],2026-05-30,2026-06-04,05,多摩川,ＧⅢ,３１１　２３５１３１[６]
202609101409,2026-09-10,14,09R,4546,浜田 亜理沙,2026-08-24,2026-08-29,10,三国,一般,２５２　５３３５４　４１,2026-08-06,2026-08-11,18,徳山,ＧⅠ,３　１３５　４３１　６,2026-07-25,2026-07-30,04,平和島,一般,２５４　２３２　１６１２,2026-07-13,2026-07-18,13,尼崎,ＧⅢ,３３４　３１１１３１[２],2026-06-29,2026-07-04,08,常滑,一般,２５１１２２２１４１[３],5069,山崎 小葉音,2026-08-24,2026-08-29,10,三国,一般,３５５　３　５４５　１,2026-08-12,2026-08-17,24,大村,ＧⅢ,４４１　３５２５２　２,2026-07-31,2026-08-05,01,桐生,ＧⅢ,２　１５２１５５１５４６,2026-07-13,2026-07-18,13,尼崎,ＧⅢ,３６４　６５１　２　６５,2026-06-24,2026-06-29,12,住之江,一般,６５２　１２４　１４３５,4900,中田 夕貴,2026-08-30,2026-09-04,06,浜名湖,ＧⅢ,３　１２２４１２５６１６,2026-08-12,2026-08-17,02,戸田,一般,６１６　２５６　４６５４,2026-07-31,2026-08-04,13,尼崎,一般,１６３　４４２　３２,2026-06-18,2026-06-23,02,戸田,一般,３２３６１　１５１５１１,2026-05-30,2026-06-04,05,多摩川,ＧⅢ,５４５６L６,4627,藤原 菜希,2026-08-24,2026-08-29,10,三国,一般,４　１６３転３　５１２３,2026-08-12,2026-08-17,24,大村,ＧⅢ,３４１１１　３２１１[２],2026-08-03,2026-08-08,17,宮島,一般,４３５３１　１１４２[１],2026-07-25,2026-07-30,04,平和島,一般,６　１２１３３４１２[４],2026-07-09,2026-07-13,16,児島,一般,２３２２２　４４１１,5440,薗頭 心,2026-08-09,2026-08-14,13,尼崎,一般,６　５　６６６　６６６,2026-07-28,2026-08-02,16,児島,一般,６６６　６　６６６４６,2026-07-13,2026-07-18,13,尼崎,ＧⅢ,６２６　６　５６４　５,2026-06-10,2026-06-13,14,鳴門,一般,４６６　６　４６,2026-05-04,2026-05-09,13,尼崎,一般,６　５　６６６　６６６,5056,西岡 成美,2026-08-27,2026-08-31,04,平和島,一般,６　６　３５３６４,2026-08-12,2026-08-17,24,大村,ＧⅢ,１６１　２６４　２６１５,2026-07-09,2026-07-13,14,鳴門,一般,３　１３妨４６　３６,2024-09-30,2024-10-05,09,津,一般,５３F４４　落,2024-09-18,2024-09-23,01,桐生,ＧⅠ,２　４　６４４　４５２
202609101410,2026-09-10,14,10R,4530,小野 生奈,2026-08-25,2026-08-30,09,津,一般,２１２　１１１１５１[２],2026-08-06,2026-08-11,18,徳山,ＧⅠ,４　５６５５１　６２３,2026-07-25,2026-07-29,20,若松,一般,６　２１２１２２[２],2026-07-13,2026-07-18,13,尼崎,ＧⅢ,３２３１４　３２２２[４],2026-06-30,2026-07-05,16,児島,ＧⅡ,６２５　１４４　２２３,4738,清埜 翔子,2026-08-25,2026-08-30,09,津,一般,５５１　２６４　３３[６],2026-08-12,2026-08-17,24,大村,ＧⅢ,１５３２１１４　４２[４],2026-07-28,2026-08-02,16,児島,一般,６２３５３　３６２　５５,2026-07-19,2026-07-24,19,下関,ＧⅢ,５２２５３　３　F１４,2026-07-07,2026-07-12,08,常滑,一般,２　３５５１２３６６１３,4733,赤井 睦,2026-08-27,2026-08-31,04,平和島,一般,１３５４２　１　５４,2026-07-31,2026-08-05,01,桐生,ＧⅢ,１１５１３　５１６３６１,2026-07-13,2026-07-18,13,尼崎,ＧⅢ,４５３　２４１　３４３６,2026-06-25,2026-06-29,18,徳山,一般,４　２１６１２４４２,2026-06-06,2026-06-11,15,丸亀,一般,２６６　３６６　５　４２,4901,出口 舞有子,2026-08-24,2026-08-29,10,三国,一般,１１４　１２４２３１[F],2026-08-10,2026-08-15,08,常滑,一般,５６５　３３２　５　２１,2026-07-31,2026-08-05,01,桐生,ＧⅢ,２　４５３５１　２　３１,2026-07-24,2026-07-27,06,浜名湖,一般,１　１５５４３６,2026-07-12,2026-07-16,05,多摩川,一般,１　１４６　２３１４,4642,松尾 夏海,2026-08-24,2026-08-29,10,三国,一般,１５２５２１１　３１[３],2026-08-06,2026-08-11,18,徳山,ＧⅠ,３４２　２　３２５　１５,2026-07-28,2026-08-02,15,丸亀,一般,１２３３１　２　１３[５],2026-07-13,2026-07-18,13,尼崎,ＧⅢ,１　１１３６３２１３１１,2026-07-01,2026-07-06,07,蒲郡,一般,６２３　３　４３１１２３,4714,喜多須 杏奈,2026-08-18,2026-08-23,16,児島,一般,３３２　１３落　１２[６],2026-08-07,2026-08-11,15,丸亀,一般,４３５　４６２２３,2026-07-25,2026-07-30,04,平和島,一般,３　４６５　５３５　６１,2026-07-07,2026-07-12,11,びわこ,一般,１４２　２２３６４２[６],2026-06-18,2026-06-23,02,戸田,一般,３６４　５４３　６　２２
202609101411,2026-09-10,14,11R,4885,大山 千広,2026-08-24,2026-08-29,10,三国,一般,２　１４２４１３１１[１],2026-08-10,2026-08-15,21,芦屋,一般,２５３１４　１５３６２,2026-07-31,2026-08-05,01,桐生,ＧⅢ,２　１１３２１１３１[１],2026-07-19,2026-07-24,19,下関,ＧⅢ,２４１１１　３１４１[４],2026-07-01,2026-07-06,07,蒲郡,一般,１１４　２２４　２１[３],5193,米丸 乃絵,2026-08-18,2026-08-23,16,児島,一般,２１２　２１３２１２[５],2026-08-06,2026-08-11,18,徳山,ＧⅠ,１５２　２　１４６　１２,2026-07-28,2026-08-02,15,丸亀,一般,１２１１２２３　５１[１],2026-07-19,2026-07-24,22,福岡,ＧⅢ,２１５　４２４　３　５１,2026-07-07,2026-07-12,02,戸田,ＧⅡ,４　２４５　４　４１４,4974,安井 瑞紀,2026-08-28,2026-08-31,23,からつ,一般,１３４　１６５５,2026-08-18,2026-08-23,16,児島,一般,４１６　１３５１１６６４,2026-08-06,2026-08-11,18,徳山,ＧⅠ,６　６　６１３　１２５,2026-07-27,2026-08-01,10,三国,一般,４６４１妨５２　１　２１,2026-06-18,2026-06-23,02,戸田,一般,４　４４２１２１３３２５,5198,奥村 明日香,2026-08-16,2026-08-19,14,鳴門,一般,２３４　２６４１,2026-08-07,2026-08-12,20,若松,一般,１４１　１２５１６６１６,2026-04-29,2026-05-04,22,福岡,一般,２　４６５　３１２　４６,2026-04-22,2026-04-27,20,若松,ＧⅢ,　　　　　　　　　　６５,2026-04-09,2026-04-15,15,丸亀,一般,３３５　４１４　１４１３６５,5195,北村 寧々,2026-08-25,2026-08-30,17,宮島,一般,２　４６４１６６４　２１,2026-07-19,2026-07-24,22,福岡,ＧⅢ,２　３６６　２３１６４４,2026-07-07,2026-07-12,11,びわこ,一般,４１３６４６１　２４１３,2026-06-28,2026-07-03,20,若松,一般,６　４４１　１５６　４５,2026-06-15,2026-06-20,21,芦屋,一般,１　３１２５２１６３３１,3470,新田 芳美,2026-08-17,2026-08-20,20,若松,一般,３４６３３　５,2026-07-31,2026-08-05,01,桐生,ＧⅢ,６４１　４５４　６２４,2026-07-13,2026-07-18,13,尼崎,ＧⅢ,４５４　６落,2026-06-25,2026-06-29,18,徳山,一般,１４２　１３３５１３,2026-06-12,2026-06-17,22,福岡,ＧⅢ,４４４　２４４　４３４
202609101412,2026-09-10,14,12R,4450,平高 奈菜,2026-08-25,2026-08-30,09,津,一般,２３３　４F３　３　３,2026-08-12,2026-08-17,24,大村,ＧⅢ,１３２　１１１２３１[１],2026-07-28,2026-08-02,15,丸亀,一般,３１１４３　３２２２[３],2026-07-13,2026-07-18,13,尼崎,ＧⅢ,２妨２　１４１　３　１２,2026-07-01,2026-07-06,07,蒲郡,一般,２　４５１　２１４６１３,4347,魚谷 香織,2026-08-28,2026-08-31,23,からつ,一般,２６４３１　１６,2026-08-06,2026-08-11,18,徳山,ＧⅠ,６　１５６　５　３４１,2026-07-24,2026-07-27,06,浜名湖,一般,３　２３６３１１,2026-07-13,2026-07-18,13,尼崎,ＧⅢ,１　３３３１５１１２[３],2026-06-24,2026-06-29,12,住之江,一般,５　１２３２１５２２[４],4050,田口 節子,2026-08-18,2026-08-23,16,児島,一般,３　１１２３２１２１[３],2026-08-06,2026-08-11,18,徳山,ＧⅠ,２　１１５４５　４　５１,2026-07-19,2026-07-24,19,下関,ＧⅢ,１１１　落１１２１２[１],2026-07-07,2026-07-12,11,びわこ,一般,３１４１１２１１２１[１],2026-06-24,2026-06-29,12,住之江,一般,１１２　１１１２３１[１],4775,千葉 真弥,2026-08-24,2026-08-29,13,尼崎,一般,５４５６５　４６３　６,2026-08-06,2026-08-11,18,徳山,ＧⅠ,１　１１１　５　１　[２],2026-07-28,2026-08-02,16,児島,一般,３　６３１２２３１４２４,2026-06-06,2026-06-10,06,浜名湖,一般,３５３５５　４　３５,2026-05-24,2026-05-28,21,芦屋,一般,４　１６４４５１３１,4611,今井 美亜,2026-08-24,2026-08-29,10,三国,一般,３４１３２　４１２２[５],2026-08-06,2026-08-11,18,徳山,ＧⅠ,６　４３１　１４４　３１,2026-07-28,2026-08-02,16,児島,一般,１３２　６６５６３　３１,2026-07-19,2026-07-24,19,下関,ＧⅢ,５５５２４　２１３２[６],2026-07-07,2026-07-12,02,戸田,ＧⅡ,６　４６１　６　４２２,4680,後藤 美翼,2026-08-24,2026-08-29,10,三国,一般,４５５３３　１３６　１３,2026-08-11,2026-08-16,04,平和島,一般,１２４　１６４４１２[３],2026-07-25,2026-07-30,04,平和島,一般,６３１４４　２２３３転３,2026-07-17,2026-07-20,02,戸田,一般,５３３５５　２４,2026-07-09,2026-07-13,14,鳴門,一般,６２５５３　２　３１
202609101601,2026-09-10,16,01R,4364,池永 太,2026-08-29,2026-09-03,19,下関,一般,３６５欠,2026-08-20,2026-08-25,21,芦屋,一般,１１１４１４５　１３４１,2026-08-07,2026-08-12,20,若松,一般,２４３　２２２２２４１２,2026-07-27,2026-08-01,09,津,一般,１５６,2026-07-07,2026-07-12,02,戸田,ＧⅡ,５２１　１　２３４　３６,4374,永田 義紘,2026-08-22,2026-08-27,08,常滑,ＧⅢ,４４４　５５５　３　転５,2026-08-05,2026-08-10,14,鳴門,一般,F　５　５　３　６　５４,2026-07-23,2026-07-28,03,江戸川,ＧⅢ,５４４　６４１　６２４４,2026-07-11,2026-07-14,04,平和島,一般,６　６５１　２４,2026-06-24,2026-06-29,09,津,一般,４２１５６　５　３６５３,4449,中嶋 達也,2026-08-24,2026-08-29,13,尼崎,一般,４　６５５　２５５　５１,2026-08-17,2026-08-20,20,若松,一般,６５６　６　６５,2026-08-08,2026-08-11,05,多摩川,一般,５５４４６　５,2026-07-31,2026-08-04,13,尼崎,一般,４６転,2026-07-23,2026-07-27,01,桐生,一般,３　２４２５,3866,木山 誠一,2026-08-24,2026-08-29,13,尼崎,一般,４５１　５F５　４　６,2026-07-17,2026-07-22,16,児島,ＧⅢ,６６３　５　６６２　４,2026-07-05,2026-07-09,05,多摩川,一般,３６６６５　５　５,2026-06-24,2026-06-29,09,津,一般,３　６２２　２４２６４６,2026-06-15,2026-06-20,21,芦屋,一般,２　３１５　３５F３４,4382,高山 智至,2026-08-24,2026-08-29,13,尼崎,一般,４３２　１５３　１４２５,2026-08-15,2026-08-20,11,びわこ,一般,４　５４６　４５３　３６,2026-07-29,2026-08-03,22,福岡,一般,４５３　４６５　２５４３,2026-07-16,2026-07-21,11,びわこ,一般,４４４　３４４５３　４５,2026-06-30,2026-07-05,23,からつ,一般,２５転　４　２妨５　２,5464,宮田 栞,2026-08-07,2026-08-12,20,若松,一般,５　６５６６６　６　６６,2026-07-14,2026-07-19,21,芦屋,一般,６　６６５　６６６　５,2026-06-25,2026-06-29,18,徳山,一般,６　６　６６６　５６,2026-06-01,2026-06-05,19,下関,一般,６　６６５　６　６５,2026-05-09,2026-05-12,20,若松,一般,６　６５６　５６
202609101602,2026-09-10,16,02R,5335,森 陽多,2026-08-24,2026-08-29,10,三国,一般,６　３６１　３６４　２５,2026-08-12,2026-08-17,24,大村,ＧⅢ,６３６　５２６　６　４５,2026-07-28,2026-08-02,15,丸亀,一般,６　５６３　４６２　５,2026-07-19,2026-07-24,19,下関,ＧⅢ,２　６６３　５６６　４１,2026-06-23,2026-06-28,07,蒲郡,一般,６　６６２　６６６　３３,4797,中山 将,2026-08-27,2026-08-31,04,平和島,一般,４２５　１６４６３３,2026-08-14,2026-08-19,10,三国,一般,６　５６２６１６６　６,2026-08-05,2026-08-10,09,津,一般,１３３F２　３　３　３,2026-07-14,2026-07-17,24,大村,一般,６６１１１F４,2026-06-30,2026-07-04,19,下関,一般,３２１　２３３４５６,5338,香月 大輝,2026-08-22,2026-08-26,20,若松,一般,３３２　５５４　３２,2026-08-10,2026-08-15,21,芦屋,一般,３３５　６５６　４４１,2026-07-15,2026-07-21,12,住之江,一般,４　１５３　４１２４４１１転,2026-07-01,2026-07-06,22,福岡,一般,６４３　１４４　６５４,2026-06-21,2026-06-26,16,児島,一般,４　３４３　３２６　６３,5265,大廣 咲季,2026-08-26,2026-08-30,14,鳴門,一般,６　５４６　５　６４,2026-08-17,2026-08-21,15,丸亀,一般,６３６　６　６５３,2026-08-03,2026-08-08,17,宮島,一般,６６６　４５２　５　３２,2026-07-25,2026-07-30,04,平和島,一般,５６６　２　５５６　１４,2026-07-13,2026-07-18,13,尼崎,ＧⅢ,４　５転５　２４５　３,3988,古川 誠之,2026-08-24,2026-08-29,13,尼崎,一般,４　４１３３３　２３３３,2026-08-11,2026-08-16,07,蒲郡,一般,４　４３４１１　１６１５,2026-07-31,2026-08-05,06,浜名湖,ＧⅢ,１４４２５　３５１　３３,2026-07-20,2026-07-25,15,丸亀,一般,３３２１２　３３１３[５],2026-07-10,2026-07-14,09,津,一般,５２２４２　２２３５,5074,大澤 誠也,2026-08-22,2026-08-27,22,福岡,一般,４　５６５　６２６　５４,2026-08-10,2026-08-15,08,常滑,一般,５４３　５２４　６３１,2026-07-27,2026-08-01,09,津,一般,４　１,2026-07-10,2026-07-13,19,下関,一般,１　６３４４４,2026-06-28,2026-07-03,20,若松,一般,４　１４５　１３４６６
202609101603,2026-09-10,16,03R,4343,村岡 賢,2026-08-22,2026-08-27,08,常滑,ＧⅢ,５　４４５　６６５　４４,2026-08-05,2026-08-10,14,鳴門,一般,５６５　５２５　６　４４,2026-07-21,2026-07-26,23,からつ,一般,６２４　５　６４５　２５,2026-07-11,2026-07-14,04,平和島,一般,３５６　４４３,2026-07-04,2026-07-09,01,桐生,一般,４　３６３　４３３　３６,5286,坂井 滉哉,2026-08-22,2026-08-26,20,若松,一般,５　１１１５３４６６,2026-08-10,2026-08-15,21,芦屋,一般,５６６　２５１　３　６３,2026-07-30,2026-08-04,08,常滑,一般,６　４６４　３２６　２３,2026-07-18,2026-07-22,10,三国,一般,４　１２５３３５６４,2026-07-04,2026-07-09,18,徳山,一般,５　６２１　２６５４２６,4460,後藤 翔之,2026-08-25,2026-08-30,17,宮島,一般,４　転４５５４２２　３４,2026-08-11,2026-08-16,04,平和島,一般,２２１１２３１　２１[１],2026-07-31,2026-08-04,13,尼崎,一般,２４２４３　１６３６,2026-07-21,2026-07-26,23,からつ,一般,４　２３３４３６３３４,2026-07-11,2026-07-16,03,江戸川,一般,２２２１４　１２３２[転],4754,松尾 充,2026-08-26,2026-08-31,11,びわこ,一般,２５３１１　２４３３２１,2026-08-15,2026-08-20,09,津,一般,３２１　４１３１４２[４],2026-07-31,2026-08-05,05,多摩川,一般,１　２６５１２６１　２２,2026-07-15,2026-07-20,18,徳山,一般,１３３３１６２　１４５３,2026-07-03,2026-07-06,09,津,一般,３１３２３　[４],4067,永井 源,2026-08-22,2026-08-26,20,若松,一般,１　１５１３２４１２,2026-08-11,2026-08-16,07,蒲郡,一般,１　５６５　３５６３３,2026-08-03,2026-08-08,04,平和島,ＧⅢ,５　４６２　１４１２５１,2026-07-23,2026-07-28,03,江戸川,ＧⅢ,４２１　１３１　１　[２],2026-07-14,2026-07-17,24,大村,一般,３　１４２４２１,5358,増本 杏珠,2026-08-24,2026-08-29,10,三国,一般,４　５　２５４　２５３,2026-08-12,2026-08-17,24,大村,ＧⅢ,５３４５４　２　５４５,2026-08-03,2026-08-08,17,宮島,一般,６４４　６　５６６　６６,2026-07-25,2026-07-29,20,若松,一般,５　６６６４４４２,2026-07-15,2026-07-19,17,宮島,一般,５　５４６　５５６５
202609101604,2026-09-10,16,04R,5124,上瀧 絢也,2026-08-20,2026-08-23,24,大村,一般,６２２　４５５,2026-08-09,2026-08-14,23,からつ,一般,３４４　３４６　６　５４,2026-07-27,2026-08-01,10,三国,一般,４２６　５６２　４　５５,2026-07-09,2026-07-13,14,鳴門,一般,５１１　３５６５２６,2026-06-25,2026-06-29,21,芦屋,一般,６　５３２６３　２６,5292,佐藤 右京,2026-08-25,2026-08-30,09,津,一般,２　４３１　２２６４５５,2026-08-11,2026-08-16,04,平和島,一般,５　５５落,2026-07-29,2026-08-01,18,徳山,一般,４　６５６　４３,2026-07-15,2026-07-19,08,常滑,一般,３２２６５　２５１,2026-07-02,2026-07-06,21,芦屋,一般,１　１２１４２６１６,5047,國分 将太郎,2026-08-25,2026-08-30,09,津,一般,１２１　５３６　１３[４],2026-08-11,2026-08-16,04,平和島,一般,６　２２２１４　３３５２,2026-07-23,2026-07-28,03,江戸川,ＧⅢ,２　６４３　２１１１６４,2026-07-14,2026-07-19,21,芦屋,一般,５３５　２１１　３５３１,2026-06-30,2026-07-05,06,浜名湖,一般,４６３　４３１　５５４,4030,森高 一真,2026-08-25,2026-08-30,01,桐生,ＳＧ,４　５　２４５　３３５,2026-08-17,2026-08-21,15,丸亀,一般,３２３４３１５３４２,2026-08-06,2026-08-09,02,戸田,一般,３４２６２２２４,2026-07-28,2026-08-02,11,びわこ,ＳＧ,５　２　４４３　４４４,2026-07-13,2026-07-18,07,蒲郡,ＧⅡ,３１４　１　５４２１２,3284,渡邊 伸太郎,2026-08-23,2026-08-27,18,徳山,一般,４　２５２４３６２,2026-08-06,2026-08-10,24,大村,一般,２３５　２３１３３６,2026-07-24,2026-07-27,06,浜名湖,一般,１　３４３２５３,2026-07-09,2026-07-14,15,丸亀,一般,４　１４３５４　１２３５,2026-06-03,2026-06-07,07,蒲郡,一般,６２４　５３４,4314,青木 幸太郎,2026-08-24,2026-08-29,13,尼崎,一般,６　５２３４１　６２４２,2026-08-03,2026-08-08,04,平和島,ＧⅢ,３　３３５２４２５　２３,2026-07-20,2026-07-25,15,丸亀,一般,１　５３１４２　４４１３,2026-07-10,2026-07-15,22,福岡,一般,３４１２２６２　４５１４,2026-06-25,2026-06-29,21,芦屋,一般,１　３４１２５３５１
202609101605,2026-09-10,16,05R,4789,古賀 智之,2026-08-25,2026-08-30,17,宮島,一般,１２５３３６４　６　４１,2026-07-23,2026-07-27,01,桐生,一般,３転６転,2026-07-10,2026-07-15,22,福岡,一般,６　１３２５４６５　２５,2026-06-20,2026-06-25,06,浜名湖,一般,４４１　５３５　２２１２,2026-06-11,2026-06-15,20,若松,一般,５　５１３６２　６３,4728,山口 亮,2026-08-28,2026-08-31,23,からつ,一般,２４２　１２[５],2026-08-11,2026-08-16,04,平和島,一般,５３２　４３６　１５１,2026-07-31,2026-08-05,05,多摩川,一般,２３４　５　４３６６１,2026-06-25,2026-06-29,18,徳山,一般,４３６　５２４　３４,2026-06-11,2026-06-15,20,若松,一般,６２２　３５５　５６,4286,平田 さやか,2026-08-25,2026-08-30,09,津,一般,２４１　２２２　５２[５],2026-08-12,2026-08-17,24,大村,ＧⅢ,３２２　２３４　４５３１,2026-08-03,2026-08-08,17,宮島,一般,２１１　３３３５１５２４,2026-07-25,2026-07-30,04,平和島,一般,３２５　１５転２３２２４,2026-07-10,2026-07-15,06,浜名湖,一般,３　５６５　５２３　１１,4788,小池 哲也,2026-08-27,2026-09-01,07,蒲郡,一般,５　３１２　４４３１５６,2026-08-13,2026-08-18,12,住之江,一般,３　２６５　４３３　３２,2026-08-02,2026-08-05,21,芦屋,一般,５３５２４　４３,2026-07-20,2026-07-25,15,丸亀,一般,不　１１３２３　２２[６],2026-07-11,2026-07-14,04,平和島,一般,１１３　１５３１,5326,三嶌 さらら,2026-08-26,2026-08-30,14,鳴門,一般,１　３６２６３　５５,2026-08-17,2026-08-21,15,丸亀,一般,５６６　６　６６１,2026-07-25,2026-07-30,04,平和島,一般,４　２６１５４　５２２６,2026-07-13,2026-07-18,13,尼崎,ＧⅢ,２　１２１　３５５１[５],2026-07-03,2026-07-08,13,尼崎,一般,１　６２５６６　３　４５,4410,井上 大輔,2026-08-26,2026-08-30,14,鳴門,一般,２　５５２２６５２６,2026-08-08,2026-08-13,16,児島,一般,５　２２１４４　１１５５,2026-07-23,2026-07-27,01,桐生,一般,６２２　３４２　６５,2026-07-07,2026-07-12,20,若松,ＧⅢ,３　５４１６４　４６２,2026-06-25,2026-06-29,21,芦屋,一般,４４５　４５５　６６
202609101606,2026-09-10,16,06R,5338,香月 大輝,2026-08-22,2026-08-26,20,若松,一般,３３２　５５４　３２,2026-08-10,2026-08-15,21,芦屋,一般,３３５　６５６　４４１,2026-07-15,2026-07-21,12,住之江,一般,４　１５３　４１２４４１１転,2026-07-01,2026-07-06,22,福岡,一般,６４３　１４４　６５４,2026-06-21,2026-06-26,16,児島,一般,４　３４３　３２６　６３,4436,渋谷 明憲,2026-08-28,2026-08-31,23,からつ,一般,１６１２３２[６],2026-08-13,2026-08-18,12,住之江,一般,２２２　１４６　５３１３,2026-08-03,2026-08-08,17,宮島,一般,５２２　４６２４６　５２,2026-07-23,2026-07-28,21,芦屋,一般,３２５　２１３１３２[５],2026-06-18,2026-06-21,20,若松,一般,２１３　３１[１],5109,川崎 智稔,2026-08-22,2026-08-27,08,常滑,ＧⅢ,６３３　３２F　５　５,2026-08-08,2026-08-13,16,児島,一般,６　２３６　１５６　２６,2026-07-24,2026-07-27,12,住之江,一般,４　２２５５２５,2026-07-11,2026-07-16,03,江戸川,一般,３　３６１　３４２　３６,2026-06-28,2026-07-03,20,若松,一般,２　５６３　５６３　５,5299,西丸 敦基,2026-08-27,2026-09-01,07,蒲郡,一般,２　２４１４５６１６１２,2026-08-17,2026-08-21,15,丸亀,一般,２４２　１２２１[２],2026-07-30,2026-08-04,08,常滑,一般,２　５２６　２４３３１,2026-07-19,2026-07-24,22,福岡,ＧⅢ,１　４　６３１　６　１３,2026-07-10,2026-07-13,19,下関,一般,２３１　２３４１,4350,篠崎 元志,2026-08-25,2026-08-30,01,桐生,ＳＧ,６１４　４　２３１４４,2026-08-12,2026-08-17,22,福岡,一般,１２１１１　１２４１[１],2026-08-04,2026-08-09,12,住之江,一般,１１１４２　４１３１[２],2026-07-27,2026-08-01,10,三国,一般,３１２１２　１１３１[４],2026-07-16,2026-07-21,11,びわこ,一般,１１３　３１１２３１[３],4449,中嶋 達也,2026-08-24,2026-08-29,13,尼崎,一般,４　６５５　２５５　５１,2026-08-17,2026-08-20,20,若松,一般,６５６　６　６５,2026-08-08,2026-08-11,05,多摩川,一般,５５４４６　５,2026-07-31,2026-08-04,13,尼崎,一般,４６転,2026-07-23,2026-07-27,01,桐生,一般,３　２４２５
202609101607,2026-09-10,16,07R,4924,中北 涼,2026-08-24,2026-08-29,10,三国,一般,４５４　６　５６３　６,2026-08-12,2026-08-17,24,大村,ＧⅢ,２３３　２３２２４　４,2026-07-28,2026-08-02,15,丸亀,一般,６４５　６６１　５　４６,2026-07-07,2026-07-12,11,びわこ,一般,４３３　５３４　６５２２,2026-06-24,2026-06-29,12,住之江,一般,２３２　１４４　５６３４,5076,石原 光,2026-08-21,2026-08-24,07,蒲郡,一般,１３４２１エ３,2026-08-11,2026-08-16,06,浜名湖,一般,４１４　２４２　１６１５,2026-08-03,2026-08-08,04,平和島,ＧⅢ,４　６２５５２　４４２,2026-07-24,2026-07-27,06,浜名湖,一般,５　６３１５４２,2026-07-17,2026-07-22,16,児島,ＧⅢ,４６３　６　４２５　１３,4797,中山 将,2026-08-27,2026-08-31,04,平和島,一般,４２５　１６４６３３,2026-08-14,2026-08-19,10,三国,一般,６　５６２６１６６　６,2026-08-05,2026-08-10,09,津,一般,１３３F２　３　３　３,2026-07-14,2026-07-17,24,大村,一般,６６１１１F４,2026-06-30,2026-07-04,19,下関,一般,３２１　２３３４５６,5286,坂井 滉哉,2026-08-22,2026-08-26,20,若松,一般,５　１１１５３４６６,2026-08-10,2026-08-15,21,芦屋,一般,５６６　２５１　３　６３,2026-07-30,2026-08-04,08,常滑,一般,６　４６４　３２６　２３,2026-07-18,2026-07-22,10,三国,一般,４　１２５３３５６４,2026-07-04,2026-07-09,18,徳山,一般,５　６２１　２６５４２６,5464,宮田 栞,2026-08-07,2026-08-12,20,若松,一般,５　６５６６６　６　６６,2026-07-14,2026-07-19,21,芦屋,一般,６　６６５　６６６　５,2026-06-25,2026-06-29,18,徳山,一般,６　６　６６６　５６,2026-06-01,2026-06-05,19,下関,一般,６　６６５　６　６５,2026-05-09,2026-05-12,20,若松,一般,６　６５６　５６,4441,末永 由楽,2026-08-30,2026-09-03,08,常滑,一般,２　１４５３１４４３,2026-08-20,2026-08-23,23,からつ,一般,１６５２２５３５,2026-08-08,2026-08-13,16,児島,一般,３５１　１６５　１２２５,2026-07-22,2026-07-27,14,鳴門,一般,３５３１２５１　３３２１,2026-07-11,2026-07-14,04,平和島,一般,３１４４４　１５
202609101608,2026-09-10,16,08R,4446,和田 兼輔,2026-08-25,2026-08-30,01,桐生,ＳＧ,１　５４５　５　５２１,2026-08-09,2026-08-14,13,尼崎,一般,２５１　５２４２４　２２,2026-07-24,2026-07-29,17,宮島,一般,３３３　１３２１５２[１],2026-07-15,2026-07-20,18,徳山,一般,１３５２１F３　５　３,2026-06-30,2026-07-05,16,児島,ＧⅡ,５４３　４　４１３１４,5074,大澤 誠也,2026-08-22,2026-08-27,22,福岡,一般,４　５６５　６２６　５４,2026-08-10,2026-08-15,08,常滑,一般,５４３　５２４　６３１,2026-07-27,2026-08-01,09,津,一般,４　１,2026-07-10,2026-07-13,19,下関,一般,１　６３４４４,2026-06-28,2026-07-03,20,若松,一般,４　１４５　１３４６６,4314,青木 幸太郎,2026-08-24,2026-08-29,13,尼崎,一般,６　５２３４１　６２４２,2026-08-03,2026-08-08,04,平和島,ＧⅢ,３　３３５２４２５　２３,2026-07-20,2026-07-25,15,丸亀,一般,１　５３１４２　４４１３,2026-07-10,2026-07-15,22,福岡,一般,３４１２２６２　４５１４,2026-06-25,2026-06-29,21,芦屋,一般,１　３４１２５３５１,5358,増本 杏珠,2026-08-24,2026-08-29,10,三国,一般,４　５　２５４　２５３,2026-08-12,2026-08-17,24,大村,ＧⅢ,５３４５４　２　５４５,2026-08-03,2026-08-08,17,宮島,一般,６４４　６　５６６　６６,2026-07-25,2026-07-29,20,若松,一般,５　６６６４４４２,2026-07-15,2026-07-19,17,宮島,一般,５　５４６　５５６５,3866,木山 誠一,2026-08-24,2026-08-29,13,尼崎,一般,４５１　５F５　４　６,2026-07-17,2026-07-22,16,児島,ＧⅢ,６６３　５　６６２　４,2026-07-05,2026-07-09,05,多摩川,一般,３６６６５　５　５,2026-06-24,2026-06-29,09,津,一般,３　６２２　２４２６４６,2026-06-15,2026-06-20,21,芦屋,一般,２　３１５　３５F３４,5423,高橋 嗣穏,2026-08-16,2026-08-19,14,鳴門,一般,６　６６６　６６,2026-08-05,2026-08-10,14,鳴門,一般,６　６６６５６　４　６６,2026-07-22,2026-07-26,13,尼崎,一般,５　６　６６６　５６,2026-07-05,2026-07-09,24,大村,一般,６　６６６　５　５６,2026-05-29,2026-06-03,11,びわこ,一般,６　６５６　６６６　６６
202609101609,2026-09-10,16,09R,4072,森永 淳,2026-08-09,2026-08-14,23,からつ,一般,１２１　３１１２１２[４],2026-08-02,2026-08-05,21,芦屋,一般,１１３４１１[２],2026-07-21,2026-07-26,23,からつ,一般,１１１　１３２１２５１２,2026-06-27,2026-07-01,02,戸田,一般,１４２１３３５２[２],2026-06-17,2026-06-22,17,宮島,ＧⅢ,３４３３１１１　１４１１,4460,後藤 翔之,2026-08-25,2026-08-30,17,宮島,一般,４　転４５５４２２　３４,2026-08-11,2026-08-16,04,平和島,一般,２２１１２３１　２１[１],2026-07-31,2026-08-04,13,尼崎,一般,２４２４３　１６３６,2026-07-21,2026-07-26,23,からつ,一般,４　２３３４３６３３４,2026-07-11,2026-07-16,03,江戸川,一般,２２２１４　１２３２[転],4131,原 豊土,2026-08-23,2026-08-27,18,徳山,一般,３３１４２　１４６２,2026-08-11,2026-08-16,06,浜名湖,一般,２　６２２　１１４２[４],2026-07-28,2026-08-02,15,丸亀,一般,５６１　５４３　５　３６,2026-07-07,2026-07-12,20,若松,ＧⅢ,３　３１２１６　６２３,2026-06-25,2026-06-30,01,桐生,ＧⅢ,３　４６５　４３４　５３,4789,古賀 智之,2026-08-25,2026-08-30,17,宮島,一般,１２５３３６４　６　４１,2026-07-23,2026-07-27,01,桐生,一般,３転６転,2026-07-10,2026-07-15,22,福岡,一般,６　１３２５４６５　２５,2026-06-20,2026-06-25,06,浜名湖,一般,４４１　５３５　２２１２,2026-06-11,2026-06-15,20,若松,一般,５　５１３６２　６３,4499,滝川 真由子,2026-08-26,2026-08-30,14,鳴門,一般,２３６　５１２　３６,2026-08-09,2026-08-14,23,からつ,一般,３　４３２２３　３５４５,2026-07-01,2026-07-06,07,蒲郡,一般,４２３　４３３　４３３,2026-06-12,2026-06-17,22,福岡,ＧⅢ,５６２　５２４　３３１,2026-05-24,2026-05-29,24,大村,一般,５３１　１２３　５F３,5335,森 陽多,2026-08-24,2026-08-29,10,三国,一般,６　３６１　３６４　２５,2026-08-12,2026-08-17,24,大村,ＧⅢ,６３６　５２６　６　４５,2026-07-28,2026-08-02,15,丸亀,一般,６　５６３　４６２　５,2026-07-19,2026-07-24,19,下関,ＧⅢ,２　６６３　５６６　４１,2026-06-23,2026-06-28,07,蒲郡,一般,６　６６２　６６６　３３
202609101610,2026-09-10,16,10R,5265,大廣 咲季,2026-08-26,2026-08-30,14,鳴門,一般,６　５４６　５　６４,2026-08-17,2026-08-21,15,丸亀,一般,６３６　６　６５３,2026-08-03,2026-08-08,17,宮島,一般,６６６　４５２　５　３２,2026-07-25,2026-07-30,04,平和島,一般,５６６　２　５５６　１４,2026-07-13,2026-07-18,13,尼崎,ＧⅢ,４　５転５　２４５　３,4828,松山 将吾,2026-08-27,2026-08-31,04,平和島,一般,１３２２２１５１[２],2026-08-14,2026-08-19,10,三国,一般,２２５　４３４３２１[３],2026-08-04,2026-08-09,12,住之江,一般,５　３２４　４５５１４４,2026-07-22,2026-07-26,13,尼崎,一般,１６F４２　５　４,2026-07-10,2026-07-14,09,津,一般,１６１　１１５１[１],4382,高山 智至,2026-08-24,2026-08-29,13,尼崎,一般,４３２　１５３　１４２５,2026-08-15,2026-08-20,11,びわこ,一般,４　５４６　４５３　３６,2026-07-29,2026-08-03,22,福岡,一般,４５３　４６５　２５４３,2026-07-16,2026-07-21,11,びわこ,一般,４４４　３４４５３　４５,2026-06-30,2026-07-05,23,からつ,一般,２５転　４　２妨５　２,5047,國分 将太郎,2026-08-25,2026-08-30,09,津,一般,１２１　５３６　１３[４],2026-08-11,2026-08-16,04,平和島,一般,６　２２２１４　３３５２,2026-07-23,2026-07-28,03,江戸川,ＧⅢ,２　６４３　２１１１６４,2026-07-14,2026-07-19,21,芦屋,一般,５３５　２１１　３５３１,2026-06-30,2026-07-05,06,浜名湖,一般,４６３　４３１　５５４,4286,平田 さやか,2026-08-25,2026-08-30,09,津,一般,２４１　２２２　５２[５],2026-08-12,2026-08-17,24,大村,ＧⅢ,３２２　２３４　４５３１,2026-08-03,2026-08-08,17,宮島,一般,２１１　３３３５１５２４,2026-07-25,2026-07-30,04,平和島,一般,３２５　１５転２３２２４,2026-07-10,2026-07-15,06,浜名湖,一般,３　５６５　５２３　１１,4436,渋谷 明憲,2026-08-28,2026-08-31,23,からつ,一般,１６１２３２[６],2026-08-13,2026-08-18,12,住之江,一般,２２２　１４６　５３１３,2026-08-03,2026-08-08,17,宮島,一般,５２２　４６２４６　５２,2026-07-23,2026-07-28,21,芦屋,一般,３２５　２１３１３２[５],2026-06-18,2026-06-21,20,若松,一般,２１３　３１[１]
202609101611,2026-09-10,16,11R,4030,森高 一真,2026-08-25,2026-08-30,01,桐生,ＳＧ,４　５　２４５　３３５,2026-08-17,2026-08-21,15,丸亀,一般,３２３４３１５３４２,2026-08-06,2026-08-09,02,戸田,一般,３４２６２２２４,2026-07-28,2026-08-02,11,びわこ,ＳＧ,５　２　４４３　４４４,2026-07-13,2026-07-18,07,蒲郡,ＧⅡ,３１４　１　５４２１２,5299,西丸 敦基,2026-08-27,2026-09-01,07,蒲郡,一般,２　２４１４５６１６１２,2026-08-17,2026-08-21,15,丸亀,一般,２４２　１２２１[２],2026-07-30,2026-08-04,08,常滑,一般,２　５２６　２４３３１,2026-07-19,2026-07-24,22,福岡,ＧⅢ,１　４　６３１　６　１３,2026-07-10,2026-07-13,19,下関,一般,２３１　２３４１,4364,池永 太,2026-08-29,2026-09-03,19,下関,一般,３６５欠,2026-08-20,2026-08-25,21,芦屋,一般,１１１４１４５　１３４１,2026-08-07,2026-08-12,20,若松,一般,２４３　２２２２２４１２,2026-07-27,2026-08-01,09,津,一般,１５６,2026-07-07,2026-07-12,02,戸田,ＧⅡ,５２１　１　２３４　３６,4728,山口 亮,2026-08-28,2026-08-31,23,からつ,一般,２４２　１２[５],2026-08-11,2026-08-16,04,平和島,一般,５３２　４３６　１５１,2026-07-31,2026-08-05,05,多摩川,一般,２３４　５　４３６６１,2026-06-25,2026-06-29,18,徳山,一般,４３６　５２４　３４,2026-06-11,2026-06-15,20,若松,一般,６２２　３５５　５６,4754,松尾 充,2026-08-26,2026-08-31,11,びわこ,一般,２５３１１　２４３３２１,2026-08-15,2026-08-20,09,津,一般,３２１　４１３１４２[４],2026-07-31,2026-08-05,05,多摩川,一般,１　２６５１２６１　２２,2026-07-15,2026-07-20,18,徳山,一般,１３３３１６２　１４５３,2026-07-03,2026-07-06,09,津,一般,３１３２３　[４],3988,古川 誠之,2026-08-24,2026-08-29,13,尼崎,一般,４　４１３３３　２３３３,2026-08-11,2026-08-16,07,蒲郡,一般,４　４３４１１　１６１５,2026-07-31,2026-08-05,06,浜名湖,ＧⅢ,１４４２５　３５１　３３,2026-07-20,2026-07-25,15,丸亀,一般,３３２１２　３３１３[５],2026-07-10,2026-07-14,09,津,一般,５２２４２　２２３５
202609101612,2026-09-10,16,12R,4350,篠崎 元志,2026-08-25,2026-08-30,01,桐生,ＳＧ,６１４　４　２３１４４,2026-08-12,2026-08-17,22,福岡,一般,１２１１１　１２４１[１],2026-08-04,2026-08-09,12,住之江,一般,１１１４２　４１３１[２],2026-07-27,2026-08-01,10,三国,一般,３１２１２　１１３１[４],2026-07-16,2026-07-21,11,びわこ,一般,１１３　３１１２３１[３],4441,末永 由楽,2026-08-30,2026-09-03,08,常滑,一般,２　１４５３１４４３,2026-08-20,2026-08-23,23,からつ,一般,１６５２２５３５,2026-08-08,2026-08-13,16,児島,一般,３５１　１６５　１２２５,2026-07-22,2026-07-27,14,鳴門,一般,３５３１２５１　３３２１,2026-07-11,2026-07-14,04,平和島,一般,３１４４４　１５,4067,永井 源,2026-08-22,2026-08-26,20,若松,一般,１　１５１３２４１２,2026-08-11,2026-08-16,07,蒲郡,一般,１　５６５　３５６３３,2026-08-03,2026-08-08,04,平和島,ＧⅢ,５　４６２　１４１２５１,2026-07-23,2026-07-28,03,江戸川,ＧⅢ,４２１　１３１　１　[２],2026-07-14,2026-07-17,24,大村,一般,３　１４２４２１,4446,和田 兼輔,2026-08-25,2026-08-30,01,桐生,ＳＧ,１　５４５　５　５２１,2026-08-09,2026-08-14,13,尼崎,一般,２５１　５２４２４　２２,2026-07-24,2026-07-29,17,宮島,一般,３３３　１３２１５２[１],2026-07-15,2026-07-20,18,徳山,一般,１３５２１F３　５　３,2026-06-30,2026-07-05,16,児島,ＧⅡ,５４３　４　４１３１４,5292,佐藤 右京,2026-08-25,2026-08-30,09,津,一般,２　４３１　２２６４５５,2026-08-11,2026-08-16,04,平和島,一般,５　５５落,2026-07-29,2026-08-01,18,徳山,一般,４　６５６　４３,2026-07-15,2026-07-19,08,常滑,一般,３２２６５　２５１,2026-07-02,2026-07-06,21,芦屋,一般,１　１２１４２６１６,4788,小池 哲也,2026-08-27,2026-09-01,07,蒲郡,一般,５　３１２　４４３１５６,2026-08-13,2026-08-18,12,住之江,一般,３　２６５　４３３　３２,2026-08-02,2026-08-05,21,芦屋,一般,５３５２４　４３,2026-07-20,2026-07-25,15,丸亀,一般,不　１１３２３　２２[６],2026-07-11,2026-07-14,04,平和島,一般,１１３　１５３１
202609101701,2026-09-10,17,01R,4732,堀本 和也,2026-08-25,2026-08-30,09,津,一般,３２１　２　１１２２[１],2026-08-17,2026-08-20,20,若松,一般,２４３１２３４６,2026-08-05,2026-08-10,14,鳴門,一般,３２２　４１３５１４２１,2026-07-22,2026-07-26,13,尼崎,一般,２２３１３　１４１２,2026-07-11,2026-07-14,04,平和島,一般,５　３１５４１１,3637,齋藤 和政,2026-08-11,2026-08-16,07,蒲郡,一般,４５４　５　２４５　５５,2026-07-27,2026-08-01,09,津,一般,５　６５,2026-07-15,2026-07-19,08,常滑,一般,１　６４５６４　６２,2026-06-30,2026-07-05,06,浜名湖,一般,４４６　５４６　５,2026-06-17,2026-06-22,17,宮島,ＧⅢ,６　５６２　５６５　６,4952,吉武 真也,2026-08-20,2026-08-23,23,からつ,一般,５　４２３５６転,2026-08-05,2026-08-10,09,津,一般,６５６　５３６　５　６,2026-07-23,2026-07-27,01,桐生,一般,３　５エ５　１６６４,2026-07-10,2026-07-15,22,福岡,一般,４６１　５４６　５転４,2026-06-24,2026-06-29,03,江戸川,一般,２　２３４　５６１　２５,5249,三木 晴斗,2026-08-21,2026-08-26,03,江戸川,一般,５３３　１２６６１　５２,2026-08-05,2026-08-10,14,鳴門,一般,５　２６４３２　６６２,2026-07-22,2026-07-27,14,鳴門,一般,　　　　　　　　　　５２,2026-07-17,2026-07-22,16,児島,ＧⅢ,６５２　３２４　１　３３,2026-07-09,2026-07-13,14,鳴門,一般,３２３６１　３３１１,3920,正木 聖賢,2026-08-23,2026-08-27,18,徳山,一般,４　６５６　６６６４,2026-05-26,2026-05-31,15,丸亀,ＧⅢ,２　６６２５５転,2026-05-11,2026-05-15,08,常滑,一般,５５５１４　４　４１,2026-04-30,2026-05-05,17,宮島,一般,３　４４１１５４４６４３,2026-04-20,2026-04-24,18,徳山,一般,２　６５１５４　２４,5450,藤本 遼磨,2026-08-13,2026-08-18,12,住之江,一般,５　６　６６６　６６４,2026-07-31,2026-08-04,13,尼崎,一般,１　５　５６３５３６,2026-07-03,2026-07-08,12,住之江,一般,５　妨　５４５５５　５,2026-06-21,2026-06-26,16,児島,一般,５　６６５　６５４　４６,2026-05-29,2026-06-02,14,鳴門,一般,５５６　５　４６６
202609101702,2026-09-10,17,02R,5236,小宮 涼雅,2026-08-28,2026-08-31,23,からつ,一般,２３６　４３４１,2026-08-14,2026-08-19,17,宮島,一般,６３６　６５６　２　３６,2026-07-24,2026-07-27,12,住之江,一般,６　３３２　１５,2026-07-17,2026-07-22,16,児島,ＧⅢ,１４４４５　４　２３２,2026-07-07,2026-07-12,08,常滑,一般,１２２　４３３６１４３４,3497,後藤 浩,2026-08-28,2026-09-02,05,多摩川,ＧⅢ,１４６　５６１　６６６,2026-08-12,2026-08-17,02,戸田,一般,６６４　６６６,2026-07-27,2026-08-01,09,津,一般,６　５５,2026-07-09,2026-07-14,15,丸亀,一般,２　５６５　１６５　５,2026-06-22,2026-06-27,22,福岡,一般,４５４　５６６,4461,安田 吉宏,2026-08-25,2026-08-30,09,津,一般,６５５　５　４２６　６,2026-08-11,2026-08-16,07,蒲郡,一般,４６２　３　２２１５５４,2026-07-27,2026-08-01,10,三国,一般,３２６　３１５　３２６,2026-07-18,2026-07-21,20,若松,一般,２５４　４５１３,2026-07-10,2026-07-14,09,津,一般,　　　　　　　　３５,5041,荒牧 凪沙,2026-08-22,2026-08-27,22,福岡,一般,４６６　６　６５１　２５,2026-08-11,2026-08-16,19,下関,一般,５１３　３　２６１４１１,2026-06-30,2026-07-05,06,浜名湖,一般,３１１　３３４２６２[６],2026-06-21,2026-06-25,08,常滑,一般,１４３　２５６６１５,2026-06-05,2026-06-10,01,桐生,一般,１３F　２５５　４　４,3503,堂原 洋史,2026-08-30,2026-09-02,21,芦屋,一般,２６５６２　２５,2026-08-20,2026-08-23,02,戸田,一般,３５４　４６５５,2026-08-12,2026-08-17,02,戸田,一般,４　５３６６２　２４５２,2026-07-24,2026-07-27,06,浜名湖,一般,４４５　２２転５,2026-07-07,2026-07-12,10,三国,ＧⅢ,２５３　５６６　６　６２,5452,上馬場 風依,2026-07-29,2026-08-03,22,福岡,一般,６　６６６　６６６６６４,2026-07-20,2026-07-25,15,丸亀,一般,６　６６６　６６６　６６,2026-06-26,2026-07-01,17,宮島,一般,６　４５F６６　６　６,2026-06-05,2026-06-10,18,徳山,一般,６　６　６６６　６　６５,2026-05-16,2026-05-21,17,宮島,一般,６　６６６　６６６　６６
202609101703,2026-09-10,17,03R,3381,滝沢 芳行,2026-08-28,2026-09-02,05,多摩川,ＧⅢ,３　４１２１３　６６３５,2026-08-12,2026-08-17,02,戸田,一般,２３６　３３２　１３２４,2026-07-23,2026-07-27,01,桐生,一般,１６１　３２１３１３,2026-07-11,2026-07-14,04,平和島,一般,４４２　落欠,2026-06-26,2026-07-02,24,大村,一般,４２５　６６６３５　４２５,3684,清水 攻二,2026-08-24,2026-08-28,15,丸亀,一般,５　妨２４４６　２２,2026-07-24,2026-07-27,06,浜名湖,一般,２　４３３６３３,2026-07-17,2026-07-20,02,戸田,一般,２３,2026-07-07,2026-07-12,08,常滑,一般,４１４　２１３３２６３６,2026-06-25,2026-06-29,18,徳山,一般,１５５４２１３６１３,4969,町田 洸希,2026-08-22,2026-08-27,08,常滑,ＧⅢ,３１３　６６３　５４２４,2026-08-06,2026-08-10,24,大村,一般,４　４５６１６２５４,2026-07-23,2026-07-28,21,芦屋,一般,２　５２４　１６３６３６,2026-07-10,2026-07-15,23,からつ,一般,５３５　５　４１３５５２,2026-06-28,2026-07-01,10,三国,一般,５５５　５　４３,4832,権藤 俊光,2026-08-28,2026-09-02,05,多摩川,ＧⅢ,５　３３１３１４１２[５],2026-08-13,2026-08-18,12,住之江,一般,６　１３２　２２１２[３],2026-07-28,2026-08-02,11,びわこ,ＳＧ,６　５　１５２　３３６,2026-07-18,2026-07-22,10,三国,一般,１１１３２１３３１１,2026-07-01,2026-07-06,22,福岡,一般,３４１　１２３２２５１２,4428,有賀 達也,2026-08-27,2026-08-31,04,平和島,一般,１　３３１２３３[４],2026-08-12,2026-08-17,02,戸田,一般,５４２　１２４　２　[５],2026-08-02,2026-08-05,21,芦屋,一般,３４５２４　２６,2026-07-22,2026-07-27,14,鳴門,一般,４４３　３５４４３　２２,2026-07-12,2026-07-16,05,多摩川,一般,３１４３２　１５２３,4406,幸野 史明,2026-08-23,2026-08-27,18,徳山,一般,３　４４１１４４５４,2026-08-11,2026-08-16,19,下関,一般,４　１４６　１５４５５,2026-07-29,2026-08-03,22,福岡,一般,３　５４１　３６６４６６,2026-07-18,2026-07-21,04,平和島,一般,３　５１５４６４,2026-07-04,2026-07-09,01,桐生,一般,１１６　３５２４３２[６]
202609101704,2026-09-10,17,04R,3662,大庭 元明,2026-08-23,2026-08-27,18,徳山,一般,３１１３２　４６５４,2026-08-12,2026-08-17,22,福岡,一般,６　３４１　２３６６１６,2026-07-31,2026-08-03,20,若松,一般,３６５　２２１３,2026-07-17,2026-07-22,16,児島,ＧⅢ,４２６　５　５３６　２５,2026-06-30,2026-07-05,06,浜名湖,一般,３　４４１５２６１　５５,5035,櫻井 優,2026-08-29,2026-09-03,19,下関,一般,４６５　３　３１６２４１,2026-08-12,2026-08-17,02,戸田,一般,６　５　２４２４１１３３,2026-07-29,2026-08-03,23,からつ,一般,１１１　３６３　６６４５,2026-07-18,2026-07-23,09,津,ＧⅢ,２　６５２　３６３１１４,2026-07-09,2026-07-14,15,丸亀,一般,２１１４３　２４２６２４,3556,田中 信一郎,2026-08-28,2026-09-02,05,多摩川,ＧⅢ,３１６６５　２１４６３２,2026-08-14,2026-08-19,10,三国,一般,２１２　４２２３３２[６],2026-07-24,2026-07-27,06,浜名湖,一般,６１２　１５１６,2026-07-14,2026-07-19,21,芦屋,一般,４１２２１３１　１１[４],2026-07-01,2026-07-06,22,福岡,一般,２１３１１　１２３１[１],4231,鈴木 裕隆,2026-08-22,2026-08-27,08,常滑,ＧⅢ,２３１　４２２　５４５４,2026-08-04,2026-08-09,12,住之江,一般,２１２　５４４　４５３２,2026-07-24,2026-07-27,02,戸田,一般,５１５　３６１,2026-07-17,2026-07-22,16,児島,ＧⅢ,５３５　６　１５４１４,2026-07-10,2026-07-13,19,下関,一般,３３２５４４５４,4158,木場 雄二郎,2026-08-30,2026-09-02,21,芦屋,一般,１　３４１６１４,2026-08-15,2026-08-20,18,徳山,一般,２３３　３６５　５５４,2026-08-04,2026-08-09,12,住之江,一般,１３２　３６５　４３１４,2026-07-22,2026-07-26,08,常滑,一般,４６６６６,2026-07-09,2026-07-13,16,児島,一般,５２６　５４６　５４,4241,大串 重幸,2026-08-27,2026-08-31,04,平和島,一般,２３１３２　３２[６],2026-08-17,2026-08-20,20,若松,一般,５３２　２５３１,2026-08-06,2026-08-10,24,大村,一般,４５２　４６４１２１,2026-07-23,2026-07-27,01,桐生,一般,４１２４６５２　１,2026-07-11,2026-07-16,03,江戸川,一般,６５３
202609101705,2026-09-10,17,05R,3265,今村 暢孝,2026-08-30,2026-09-02,21,芦屋,一般,４６５６５　３２,2026-08-17,2026-08-21,15,丸亀,一般,４　４４３１４４４２,2026-07-28,2026-08-02,16,児島,一般,１　２５４２１３２５１妨,2026-07-15,2026-07-19,17,宮島,一般,２　２２１１２２[６],2026-07-02,2026-07-06,21,芦屋,一般,５４６　５１１　３３,5311,小林 京平,2026-08-29,2026-09-03,19,下関,一般,３３１１５　３５１５４６,2026-08-23,2026-08-27,18,徳山,一般,　　　　　　　　１２,2026-08-15,2026-08-20,18,徳山,一般,４　５６４３１　４１２,2026-07-23,2026-07-28,03,江戸川,ＧⅢ,４　２３１　６５６１５４,2026-07-14,2026-07-17,24,大村,一般,１　４３１１[１],4593,小坂 宗司,2026-08-27,2026-08-31,04,平和島,一般,４６４　３５６　３２,2026-08-15,2026-08-20,18,徳山,一般,４　１２４３２１３３３１,2026-07-29,2026-08-03,23,からつ,一般,１４２　１２４５３２[４],2026-07-16,2026-07-21,11,びわこ,一般,５２６２１　３３１２[４],2026-07-05,2026-07-09,05,多摩川,一般,４２４２４　１１[２],4302,西野 翔太,2026-08-23,2026-08-27,18,徳山,一般,１３３２転１２６,2026-08-14,2026-08-19,17,宮島,一般,５２１　１６３２妨４２,2026-07-31,2026-08-04,13,尼崎,一般,２５５３１２４２[６],2026-07-20,2026-07-25,15,丸亀,一般,１　５５１６４４２４１,2026-07-09,2026-07-13,16,児島,一般,１４１２１１３１[２],3748,小黒 竜吾,2026-08-27,2026-09-01,07,蒲郡,一般,２　１５４５６　４４４,2026-07-19,2026-07-23,05,多摩川,一般,６６６４４　４　３,2026-07-04,2026-07-09,01,桐生,一般,１４４　５６２　６５３,2026-06-17,2026-06-22,13,尼崎,一般,４　４５３　３４３５６F,2026-05-29,2026-06-04,09,津,ＧⅢ,４４５　５　３５６　３３,4650,中山 雄太,2026-09-03,2026-09-06,02,戸田,一般,５　４６６　５,2026-08-22,2026-08-27,22,福岡,一般,５６６　５　１４４６６３,2026-08-14,2026-08-19,10,三国,一般,４　４６２　５５５６４,2025-12-22,2025-12-25,16,児島,一般,２４１４３落,2025-12-10,2025-12-14,05,多摩川,一般,３４３１１１２１[３]
202609101706,2026-09-10,17,06R,4839,四宮 与寛,2026-08-27,2026-09-01,07,蒲郡,一般,４　３４２　３１３５２２,2026-08-17,2026-08-21,13,尼崎,一般,１５４　２１２５１４,2026-08-05,2026-08-10,14,鳴門,一般,１　１３２３２５１３２２,2026-07-22,2026-07-26,08,常滑,一般,２４４　５１５３３１,2026-07-09,2026-07-13,16,児島,一般,３４４　妨５６　３３,4134,杉山 貴博,2026-08-24,2026-08-28,15,丸亀,一般,５　３４５２２　５２,2026-08-15,2026-08-20,05,多摩川,一般,２　５４６２２　４１６１,2026-08-04,2026-08-09,10,三国,一般,３２１２５　１５１　２,2026-07-27,2026-07-31,19,下関,一般,２１６　２　２３２１,2026-07-10,2026-07-15,06,浜名湖,一般,２６３　３３１　１４１４,5249,三木 晴斗,2026-08-21,2026-08-26,03,江戸川,一般,５３３　１２６６１　５２,2026-08-05,2026-08-10,14,鳴門,一般,５　２６４３２　６６２,2026-07-22,2026-07-27,14,鳴門,一般,　　　　　　　　　　５２,2026-07-17,2026-07-22,16,児島,ＧⅢ,６５２　３２４　１　３３,2026-07-09,2026-07-13,14,鳴門,一般,３２３６１　３３１１,4601,森野 正弘,2026-08-28,2026-08-31,23,からつ,一般,２３１３２４１３,2026-08-15,2026-08-20,18,徳山,一般,１２４　１４３１１１[２],2026-08-03,2026-08-08,19,下関,一般,１３２　３１１３４１[２],2026-07-23,2026-07-27,01,桐生,一般,４３５１１２１２[２],2026-07-07,2026-07-12,20,若松,ＧⅢ,１　５３５５２５５　６５,5384,八戸 琉楓,2026-08-20,2026-08-25,21,芦屋,一般,５６６　５落４　６　６５,2026-08-06,2026-08-10,24,大村,一般,５　６４５６４　６５,2026-07-22,2026-07-25,24,大村,一般,５　６６５　５６,2026-07-10,2026-07-13,19,下関,一般,６　６６５　５５,2026-06-22,2026-06-27,23,からつ,一般,５　６６４６４　６６６６,4023,柴田 友和,2026-08-22,2026-08-27,22,福岡,一般,６　５６４　３５６　６６,2026-08-11,2026-08-16,19,下関,一般,１５５　２６４　２　４４,2026-07-27,2026-08-01,09,津,一般,５６２,2026-07-14,2026-07-19,01,桐生,一般,５２４　４２５　４　３４,2026-06-30,2026-07-05,23,からつ,一般,４　６２６４３６４　６５
202609101707,2026-09-10,17,07R,4808,松尾 拓,2026-08-28,2026-09-02,05,多摩川,ＧⅢ,４３１　１４４４２４２４,2026-08-15,2026-08-20,09,津,一般,４　５４３　３１３１３,2026-07-31,2026-08-04,13,尼崎,一般,３　３２３１２６２３,2026-07-22,2026-07-25,24,大村,一般,２　２４１２[３],2026-07-10,2026-07-15,23,からつ,一般,１１５　１５４２１２[４],3503,堂原 洋史,2026-08-30,2026-09-02,21,芦屋,一般,２６５６２　２５,2026-08-20,2026-08-23,02,戸田,一般,３５４　４６５５,2026-08-12,2026-08-17,02,戸田,一般,４　５３６６２　２４５２,2026-07-24,2026-07-27,06,浜名湖,一般,４４５　２２転５,2026-07-07,2026-07-12,10,三国,ＧⅢ,２５３　５６６　６　６２,4201,佐竹 友樹,2026-08-27,2026-09-01,07,蒲郡,一般,２３５　３１３　２５５４,2026-08-20,2026-08-23,02,戸田,一般,４　５４２２２５,2026-08-12,2026-08-17,02,戸田,一般,４　３４５　４４５４３６,2026-07-29,2026-08-03,23,からつ,一般,３　３４６３５　２　２５,2026-07-18,2026-07-21,04,平和島,一般,１６５　６６６６,3333,丸尾 義孝,2026-08-27,2026-08-31,04,平和島,一般,３２２１１６６５４２,2026-08-17,2026-08-20,20,若松,一般,６３１２１　１４,2026-08-05,2026-08-10,14,鳴門,一般,１　６１２２３１３２[２],2026-07-22,2026-07-26,13,尼崎,一般,５２４４３　３　転１,2026-07-09,2026-07-13,14,鳴門,一般,２５１３３４２４３２,5450,藤本 遼磨,2026-08-13,2026-08-18,12,住之江,一般,５　６　６６６　６６４,2026-07-31,2026-08-04,13,尼崎,一般,１　５　５６３５３６,2026-07-03,2026-07-08,12,住之江,一般,５　妨　５４５５５　５,2026-06-21,2026-06-26,16,児島,一般,５　６６５　６５４　４６,2026-05-29,2026-06-02,14,鳴門,一般,５５６　５　４６６,4574,東 潤樹,2026-08-28,2026-08-31,23,からつ,一般,５　５５６,2026-08-21,2026-08-24,07,蒲郡,一般,２　３４１５４４,2026-08-14,2026-08-19,17,宮島,一般,２　２４４４４６３　４２,2026-08-04,2026-08-09,10,三国,一般,４６４　２３,2026-07-24,2026-07-27,12,住之江,一般,４２１５６２[６]
202609101708,2026-09-10,17,08R,4332,村上 彰一,2026-08-21,2026-08-26,06,浜名湖,一般,６５３　４４３　３　１５,2026-07-17,2026-07-20,02,戸田,一般,３５５　３６６,2026-07-04,2026-07-09,01,桐生,一般,５４５　１３５　６　６５,2026-06-25,2026-06-30,13,尼崎,一般,４　１３４６５　５３５２,2026-06-16,2026-06-21,09,津,一般,６４１　３４４　４２F,3920,正木 聖賢,2026-08-23,2026-08-27,18,徳山,一般,４　６５６　６６６４,2026-05-26,2026-05-31,15,丸亀,ＧⅢ,２　６６２５５転,2026-05-11,2026-05-15,08,常滑,一般,５５５１４　４　４１,2026-04-30,2026-05-05,17,宮島,一般,３　４４１１５４４６４３,2026-04-20,2026-04-24,18,徳山,一般,２　６５１５４　２４,4637,中田 友也,2026-08-26,2026-08-30,14,鳴門,一般,２４５５４　１　２４,2026-08-12,2026-08-17,02,戸田,一般,１　６　１１１５５　１１,2026-08-03,2026-08-08,19,下関,一般,６　３３４２５　４１５１,2026-05-24,2026-05-28,21,芦屋,一般,３４１　３３１５５３,2026-05-10,2026-05-15,16,児島,一般,４２３５１　１４２６２４,4406,幸野 史明,2026-08-23,2026-08-27,18,徳山,一般,３　４４１１４４５４,2026-08-11,2026-08-16,19,下関,一般,４　１４６　１５４５５,2026-07-29,2026-08-03,22,福岡,一般,３　５４１　３６６４６６,2026-07-18,2026-07-21,04,平和島,一般,３　５１５４６４,2026-07-04,2026-07-09,01,桐生,一般,１１６　３５２４３２[６],4514,上條 嘉嗣,2026-08-27,2026-09-01,07,蒲郡,一般,１３２２２１１１３２[６],2026-08-13,2026-08-18,12,住之江,一般,２　４１５　３５１　２３,2026-08-04,2026-08-09,10,三国,一般,４１１３２　３３４３６,2026-07-27,2026-08-01,09,津,一般,２　１,2026-07-12,2026-07-16,05,多摩川,一般,２２５３３２１４５６,3497,後藤 浩,2026-08-28,2026-09-02,05,多摩川,ＧⅢ,１４６　５６１　６６６,2026-08-12,2026-08-17,02,戸田,一般,６６４　６６６,2026-07-27,2026-08-01,09,津,一般,６　５５,2026-07-09,2026-07-14,15,丸亀,一般,２　５６５　１６５　５,2026-06-22,2026-06-27,22,福岡,一般,４５４　５６６
202609101709,2026-09-10,17,09R,4428,有賀 達也,2026-08-27,2026-08-31,04,平和島,一般,１　３３１２３３[４],2026-08-12,2026-08-17,02,戸田,一般,５４２　１２４　２　[５],2026-08-02,2026-08-05,21,芦屋,一般,３４５２４　２６,2026-07-22,2026-07-27,14,鳴門,一般,４４３　３５４４３　２２,2026-07-12,2026-07-16,05,多摩川,一般,３１４３２　１５２３,3868,尾形 栄治,2026-08-26,2026-08-30,14,鳴門,一般,４５６　６　４３３,2026-08-15,2026-08-20,05,多摩川,一般,４６６　３　２５４　５１,2026-08-04,2026-08-09,10,三国,一般,５　６欠,2026-07-19,2026-07-23,05,多摩川,一般,３　２６５４３　１５,2026-07-04,2026-07-09,18,徳山,一般,４　４１３５３４２　２５,5036,福田 翔吾,2026-08-28,2026-09-02,05,多摩川,ＧⅢ,１　６３３２４　１２２６,2026-08-20,2026-08-23,23,からつ,一般,３２３　３５３３,2026-08-13,2026-08-18,12,住之江,一般,６　２３２３１　１５１１,2026-08-06,2026-08-09,02,戸田,一般,２２２　６１３２,2026-07-23,2026-07-28,03,江戸川,ＧⅢ,２３５　３６３　５３５転,4461,安田 吉宏,2026-08-25,2026-08-30,09,津,一般,６５５　５　４２６　６,2026-08-11,2026-08-16,07,蒲郡,一般,４６２　３　２２１５５４,2026-07-27,2026-08-01,10,三国,一般,３２６　３１５　３２６,2026-07-18,2026-07-21,20,若松,一般,２５４　４５１３,2026-07-10,2026-07-14,09,津,一般,　　　　　　　　３５,3556,田中 信一郎,2026-08-28,2026-09-02,05,多摩川,ＧⅢ,３１６６５　２１４６３２,2026-08-14,2026-08-19,10,三国,一般,２１２　４２２３３２[６],2026-07-24,2026-07-27,06,浜名湖,一般,６１２　１５１６,2026-07-14,2026-07-19,21,芦屋,一般,４１２２１３１　１１[４],2026-07-01,2026-07-06,22,福岡,一般,２１３１１　１２３１[１],3637,齋藤 和政,2026-08-11,2026-08-16,07,蒲郡,一般,４５４　５　２４５　５５,2026-07-27,2026-08-01,09,津,一般,５　６５,2026-07-15,2026-07-19,08,常滑,一般,１　６４５６４　６２,2026-06-30,2026-07-05,06,浜名湖,一般,４４６　５４６　５,2026-06-17,2026-06-22,17,宮島,ＧⅢ,６　５６２　５６５　６
202609101710,2026-09-10,17,10R,4158,木場 雄二郎,2026-08-30,2026-09-02,21,芦屋,一般,１　３４１６１４,2026-08-15,2026-08-20,18,徳山,一般,２３３　３６５　５５４,2026-08-04,2026-08-09,12,住之江,一般,１３２　３６５　４３１４,2026-07-22,2026-07-26,08,常滑,一般,４６６６６,2026-07-09,2026-07-13,16,児島,一般,５２６　５４６　５４,4570,前田 聖文,2026-08-24,2026-08-28,15,丸亀,一般,３３２３５６３２１,2026-08-10,2026-08-15,08,常滑,一般,４　５６１４３５,2026-08-02,2026-08-05,21,芦屋,一般,１２２３１５５３,2026-07-22,2026-07-26,13,尼崎,一般,２５３６３１４　３４,2026-07-09,2026-07-13,14,鳴門,一般,３２４３１２３３５１,3381,滝沢 芳行,2026-08-28,2026-09-02,05,多摩川,ＧⅢ,３　４１２１３　６６３５,2026-08-12,2026-08-17,02,戸田,一般,２３６　３３２　１３２４,2026-07-23,2026-07-27,01,桐生,一般,１６１　３２１３１３,2026-07-11,2026-07-14,04,平和島,一般,４４２　落欠,2026-06-26,2026-07-02,24,大村,一般,４２５　６６６３５　４２５,4952,吉武 真也,2026-08-20,2026-08-23,23,からつ,一般,５　４２３５６転,2026-08-05,2026-08-10,09,津,一般,６５６　５３６　５　６,2026-07-23,2026-07-27,01,桐生,一般,３　５エ５　１６６４,2026-07-10,2026-07-15,22,福岡,一般,４６１　５４６　５転４,2026-06-24,2026-06-29,03,江戸川,一般,２　２３４　５６１　２５,5452,上馬場 風依,2026-07-29,2026-08-03,22,福岡,一般,６　６６６　６６６６６４,2026-07-20,2026-07-25,15,丸亀,一般,６　６６６　６６６　６６,2026-06-26,2026-07-01,17,宮島,一般,６　４５F６６　６　６,2026-06-05,2026-06-10,18,徳山,一般,６　６　６６６　６　６５,2026-05-16,2026-05-21,17,宮島,一般,６　６６６　６６６　６６,4302,西野 翔太,2026-08-23,2026-08-27,18,徳山,一般,１３３２転１２６,2026-08-14,2026-08-19,17,宮島,一般,５２１　１６３２妨４２,2026-07-31,2026-08-04,13,尼崎,一般,２５５３１２４２[６],2026-07-20,2026-07-25,15,丸亀,一般,１　５５１６４４２４１,2026-07-09,2026-07-13,16,児島,一般,１４１２１１３１[２]
202609101711,2026-09-10,17,11R,4832,権藤 俊光,2026-08-28,2026-09-02,05,多摩川,ＧⅢ,５　３３１３１４１２[５],2026-08-13,2026-08-18,12,住之江,一般,６　１３２　２２１２[３],2026-07-28,2026-08-02,11,びわこ,ＳＧ,６　５　１５２　３３６,2026-07-18,2026-07-22,10,三国,一般,１１１３２１３３１１,2026-07-01,2026-07-06,22,福岡,一般,３４１　１２３２２５１２,3265,今村 暢孝,2026-08-30,2026-09-02,21,芦屋,一般,４６５６５　３２,2026-08-17,2026-08-21,15,丸亀,一般,４　４４３１４４４２,2026-07-28,2026-08-02,16,児島,一般,１　２５４２１３２５１妨,2026-07-15,2026-07-19,17,宮島,一般,２　２２１１２２[６],2026-07-02,2026-07-06,21,芦屋,一般,５４６　５１１　３３,4601,森野 正弘,2026-08-28,2026-08-31,23,からつ,一般,２３１３２４１３,2026-08-15,2026-08-20,18,徳山,一般,１２４　１４３１１１[２],2026-08-03,2026-08-08,19,下関,一般,１３２　３１１３４１[２],2026-07-23,2026-07-27,01,桐生,一般,４３５１１２１２[２],2026-07-07,2026-07-12,20,若松,ＧⅢ,１　５３５５２５５　６５,4732,堀本 和也,2026-08-25,2026-08-30,09,津,一般,３２１　２　１１２２[１],2026-08-17,2026-08-20,20,若松,一般,２４３１２３４６,2026-08-05,2026-08-10,14,鳴門,一般,３２２　４１３５１４２１,2026-07-22,2026-07-26,13,尼崎,一般,２２３１３　１４１２,2026-07-11,2026-07-14,04,平和島,一般,５　３１５４１１,5041,荒牧 凪沙,2026-08-22,2026-08-27,22,福岡,一般,４６６　６　６５１　２５,2026-08-11,2026-08-16,19,下関,一般,５１３　３　２６１４１１,2026-06-30,2026-07-05,06,浜名湖,一般,３１１　３３４２６２[６],2026-06-21,2026-06-25,08,常滑,一般,１４３　２５６６１５,2026-06-05,2026-06-10,01,桐生,一般,１３F　２５５　４　４,5035,櫻井 優,2026-08-29,2026-09-03,19,下関,一般,４６５　３　３１６２４１,2026-08-12,2026-08-17,02,戸田,一般,６　５　２４２４１１３３,2026-07-29,2026-08-03,23,からつ,一般,１１１　３６３　６６４５,2026-07-18,2026-07-23,09,津,ＧⅢ,２　６５２　３６３１１４,2026-07-09,2026-07-14,15,丸亀,一般,２１１４３　２４２６２４
202609101712,2026-09-10,17,12R,3333,丸尾 義孝,2026-08-27,2026-08-31,04,平和島,一般,３２２１１６６５４２,2026-08-17,2026-08-20,20,若松,一般,６３１２１　１４,2026-08-05,2026-08-10,14,鳴門,一般,１　６１２２３１３２[２],2026-07-22,2026-07-26,13,尼崎,一般,５２４４３　３　転１,2026-07-09,2026-07-13,14,鳴門,一般,２５１３３４２４３２,4241,大串 重幸,2026-08-27,2026-08-31,04,平和島,一般,２３１３２　３２[６],2026-08-17,2026-08-20,20,若松,一般,５３２　２５３１,2026-08-06,2026-08-10,24,大村,一般,４５２　４６４１２１,2026-07-23,2026-07-27,01,桐生,一般,４１２４６５２　１,2026-07-11,2026-07-16,03,江戸川,一般,６５３,3684,清水 攻二,2026-08-24,2026-08-28,15,丸亀,一般,５　妨２４４６　２２,2026-07-24,2026-07-27,06,浜名湖,一般,２　４３３６３３,2026-07-17,2026-07-20,02,戸田,一般,２３,2026-07-07,2026-07-12,08,常滑,一般,４１４　２１３３２６３６,2026-06-25,2026-06-29,18,徳山,一般,１５５４２１３６１３,4514,上條 嘉嗣,2026-08-27,2026-09-01,07,蒲郡,一般,１３２２２１１１３２[６],2026-08-13,2026-08-18,12,住之江,一般,２　４１５　３５１　２３,2026-08-04,2026-08-09,10,三国,一般,４１１３２　３３４３６,2026-07-27,2026-08-01,09,津,一般,２　１,2026-07-12,2026-07-16,05,多摩川,一般,２２５３３２１４５６,4134,杉山 貴博,2026-08-24,2026-08-28,15,丸亀,一般,５　３４５２２　５２,2026-08-15,2026-08-20,05,多摩川,一般,２　５４６２２　４１６１,2026-08-04,2026-08-09,10,三国,一般,３２１２５　１５１　２,2026-07-27,2026-07-31,19,下関,一般,２１６　２　２３２１,2026-07-10,2026-07-15,06,浜名湖,一般,２６３　３３１　１４１４,4593,小坂 宗司,2026-08-27,2026-08-31,04,平和島,一般,４６４　３５６　３２,2026-08-15,2026-08-20,18,徳山,一般,４　１２４３２１３３３１,2026-07-29,2026-08-03,23,からつ,一般,１４２　１２４５３２[４],2026-07-16,2026-07-21,11,びわこ,一般,５２６２１　３３１２[４],2026-07-05,2026-07-09,05,多摩川,一般,４２４２４　１１[２]
202609102001,2026-09-10,20,01R,4204,柴田 大輔,2026-08-22,2026-08-27,08,常滑,ＧⅢ,５　５５６,2026-08-07,2026-08-12,20,若松,一般,１　５３４３１１３６３５,2026-07-23,2026-07-28,03,江戸川,ＧⅢ,２　５５６　２４５５３１,2026-07-10,2026-07-15,22,福岡,一般,２３４　５６４　６６１,2026-06-29,2026-07-03,11,びわこ,一般,２１１　１４２３３１,4891,寺島 美里,2026-08-26,2026-08-30,14,鳴門,一般,４４６　２　２４２３,2026-08-12,2026-08-17,24,大村,ＧⅢ,３　３１４　２１４６１５,2026-07-25,2026-07-30,04,平和島,一般,５１４　２６３　５３４１,2026-07-12,2026-07-16,05,多摩川,一般,５５６　１２４　２３,2026-06-21,2026-06-26,16,児島,一般,２２５　６３４　３５１,4484,稲生 夏季,2026-08-30,2026-09-04,06,浜名湖,ＧⅢ,４　３３２４２　１５３５,2026-08-11,2026-08-16,04,平和島,一般,２６６　５　４５３　４３,2026-07-19,2026-07-24,19,下関,ＧⅢ,３３２　３４１６２５２６,2026-07-09,2026-07-13,14,鳴門,一般,２６４　３１１３３４,2026-06-20,2026-06-25,06,浜名湖,一般,１２６　５６３　３４４,4076,杉田 篤光,2026-08-22,2026-08-27,22,福岡,一般,５４３　３４１　４１３５,2026-08-11,2026-08-16,06,浜名湖,一般,２５１　３４３　３１４４,2026-07-31,2026-08-05,05,多摩川,一般,２４３　３２３　２５３６,2026-07-17,2026-07-22,16,児島,ＧⅢ,４４５　４５２　４５６,2026-07-03,2026-07-06,09,津,一般,５４３　２６４１,5263,花田 凱成,2026-08-21,2026-08-26,06,浜名湖,一般,３　４４６５１　３妨,2026-08-09,2026-08-14,23,からつ,一般,５　４４３５２　３５５,2026-07-23,2026-07-28,21,芦屋,一般,４　４６６　４１６６４５,2026-07-10,2026-07-15,22,福岡,一般,６４６　５３３　２４５,2026-06-28,2026-07-01,10,三国,一般,３１５　４６３６,4873,蒲原 健太,2026-08-31,2026-09-05,18,徳山,一般,４　４４２　２６１　１６,2026-08-24,2026-08-28,15,丸亀,一般,６　３１６　５６５３,2026-08-14,2026-08-19,17,宮島,一般,転　２６５　５６３　１４,2026-07-29,2026-08-03,23,からつ,一般,２１４　２１５　３４２６,2026-07-18,2026-07-21,04,平和島,一般,６　１２２６６３
202609102002,2026-09-10,20,02R,3880,浅見 宗孝,2026-08-28,2026-09-02,05,多摩川,ＧⅢ,５６５　５　４６２　６５,2026-08-12,2026-08-17,02,戸田,一般,３６３　４６６　３４３,2026-07-23,2026-07-28,03,江戸川,ＧⅢ,２　４４５　６５４５６,2026-07-11,2026-07-14,04,平和島,一般,６６３　１３３,2026-06-04,2026-06-08,08,常滑,一般,３　３２３４２５１３,3175,渡辺 千草,2026-08-27,2026-08-31,04,平和島,一般,２３２　４５６　２５,2026-08-12,2026-08-17,24,大村,ＧⅢ,５　３４３　３４１　４２,2026-07-31,2026-08-05,01,桐生,ＧⅢ,５３２　２４３　３６２６,2026-07-19,2026-07-24,19,下関,ＧⅢ,５　４２５　３６５　２６,2026-06-29,2026-07-04,08,常滑,一般,４５３　５６４　４　２３,5373,諏訪 玲奈,2026-08-25,2026-08-30,17,宮島,一般,５５６　６　６落６　４５,2026-07-27,2026-08-01,10,三国,一般,３４６　３　６６２　４,2026-07-09,2026-07-13,16,児島,一般,４　３４２３６　２５,2026-06-18,2026-06-23,02,戸田,一般,６　４６１　５４４　４４,2026-05-22,2026-05-26,23,からつ,一般,４６６　３　５５３４,4043,桐本 康臣,2026-08-25,2026-08-30,17,宮島,一般,４　１４２６３５４　２６,2026-08-17,2026-08-21,13,尼崎,一般,２　２３１１４２[６],2026-08-07,2026-08-11,15,丸亀,一般,３１３４２３２３３１,2026-07-24,2026-07-27,02,戸田,一般,２　２３２４３４,2026-07-14,2026-07-19,21,芦屋,一般,１６６　５　１５,5382,山下 心一,2026-08-23,2026-08-27,18,徳山,一般,５　６６６６５　５５,2026-08-10,2026-08-15,21,芦屋,一般,６　４６６　６６５　６６,2026-07-29,2026-08-03,22,福岡,一般,　　　　　　　　　　４５,2026-07-24,2026-07-27,06,浜名湖,一般,５　６６５　３６,2026-07-17,2026-07-22,16,児島,ＧⅢ,６　６６３　５５６　６５,4529,嶋 義信,2026-08-28,2026-08-31,23,からつ,一般,１４１落,2026-08-17,2026-08-21,15,丸亀,一般,６１１６２５４２３,2026-08-04,2026-08-09,10,三国,一般,１２３　１３１１２１[１],2026-07-22,2026-07-26,13,尼崎,一般,５１４３２　２５４４,2026-07-11,2026-07-14,04,平和島,一般,２１５　４３２５
202609102003,2026-09-10,20,03R,3362,間嶋 仁志,2026-08-24,2026-08-29,13,尼崎,一般,２３１　２　３４５６１４,2026-08-07,2026-08-11,15,丸亀,一般,１１６４３　２６１６,2026-07-27,2026-07-31,19,下関,一般,２４４　３５２　４５,2026-07-17,2026-07-20,02,戸田,一般,２４２　１２３３,2026-07-05,2026-07-09,05,多摩川,一般,５６５　４３５　２２,4357,田中 和也,2026-08-15,2026-08-20,09,津,一般,１１２３４３５　１３１２,2026-08-08,2026-08-11,05,多摩川,一般,４３１５５１６３,2026-07-31,2026-08-04,13,尼崎,一般,１４４５５２２　４１,2026-07-22,2026-07-25,24,大村,一般,２１転４１１４,2026-07-07,2026-07-12,08,常滑,一般,２６４３２２２１２２[４],4085,荻野 裕介,2026-08-28,2026-09-02,05,多摩川,ＧⅢ,５　２４,2026-08-16,2026-08-19,14,鳴門,一般,１　３５１１[３],2026-08-03,2026-08-08,04,平和島,ＧⅢ,２　４　５５５６５　５,2026-07-21,2026-07-26,23,からつ,一般,４５２　２　５５３　２,2026-07-07,2026-07-12,08,常滑,一般,６６２　４　１１４３４１,4424,松尾 昂明,2026-08-26,2026-08-31,11,びわこ,一般,１６２　１３４４４２[６],2026-08-12,2026-08-17,22,福岡,一般,２４６３３１３　２５４４,2026-07-28,2026-08-02,15,丸亀,一般,３　２２４６４　５１４,2026-07-14,2026-07-19,01,桐生,一般,２５１３３　１　５２[６],2026-06-30,2026-07-05,23,からつ,一般,４　６２１４５５５１３,3539,金子 順一,2026-08-23,2026-08-27,18,徳山,一般,６６５　不　２　４５,2026-08-11,2026-08-16,19,下関,一般,４３５　３６５　３　３３,2026-07-28,2026-08-02,16,児島,一般,１　４４１４１５６５３６,2026-07-14,2026-07-19,21,芦屋,一般,６　４２４　３３６　５２,2026-06-30,2026-07-05,06,浜名湖,一般,３　６２１　５５３６４,5429,吉川 颯汰,2026-08-20,2026-08-23,23,からつ,一般,６６６　６６６,2026-07-28,2026-08-02,15,丸亀,一般,６６５　６　６５６　６,2026-07-02,2026-07-06,21,芦屋,一般,６　６３６　転　転６,2026-06-22,2026-06-27,22,福岡,一般,６　６６６　６６６６６,2026-05-10,2026-05-14,23,からつ,一般,６５６　６　６６６６
202609102004,2026-09-10,20,04R,4462,夏山 亮平,2026-08-26,2026-08-30,14,鳴門,一般,５　２２５５５　６３,2026-07-16,2026-07-21,11,びわこ,一般,３１１　５６６６４　２３,2026-07-05,2026-07-09,05,多摩川,一般,２　１２２３５１[３],2026-06-24,2026-06-28,04,平和島,一般,２５３　６４２６,2026-05-26,2026-05-31,15,丸亀,ＧⅢ,６５３　１６６　５６５,4518,大須賀 友,2026-07-31,2026-08-05,05,多摩川,一般,５１３５２　２３１２[６],2026-07-22,2026-07-25,24,大村,一般,１５２１６１[１],2026-06-30,2026-07-05,23,からつ,一般,F３２　４　１　５　３,2026-06-21,2026-06-26,16,児島,一般,１１２　３１３４６１[３],2026-05-16,2026-05-19,06,浜名湖,一般,１３２５２　１２,5316,村松 将平,2026-08-22,2026-08-27,22,福岡,一般,３　１１４６４５５　３２,2026-08-11,2026-08-16,07,蒲郡,一般,３６２　５　６６４　２３,2026-07-27,2026-08-01,10,三国,一般,１６１　転２２　４６２４,2026-07-19,2026-07-23,05,多摩川,一般,１４３３６　２４５２,2026-06-11,2026-06-16,16,児島,一般,６　３２１　３３４６６５,4034,西原 明生,2026-08-24,2026-08-28,15,丸亀,一般,２　４６６　６　２６,2026-08-11,2026-08-16,19,下関,一般,３４５　２４２４４　２,2026-07-29,2026-08-01,18,徳山,一般,４５５　２２５,2026-07-14,2026-07-19,21,芦屋,一般,２　４５５６４　５　３１,2026-06-29,2026-07-04,08,常滑,一般,６　４５２　１３４５４,4230,濱崎 直矢,2026-08-27,2026-08-31,04,平和島,一般,１　４３３５１１４６,2026-08-12,2026-08-17,02,戸田,一般,２　１６６　１１４　１６,2026-08-03,2026-08-08,17,宮島,一般,１　F６４　６　６　３,2026-07-24,2026-07-27,06,浜名湖,一般,２　１６４３２３,2026-07-14,2026-07-19,01,桐生,一般,転１１　１１２　３２[３],3999,大瀧 明日香,2026-08-24,2026-08-29,13,尼崎,一般,３６３　１２４　２６４３,2026-08-10,2026-08-15,08,常滑,一般,１２１２４３２　４２[６],2026-07-03,2026-07-08,12,住之江,一般,２２４　４　１落２３１５,2026-06-21,2026-06-26,16,児島,一般,１５１　６５１５４４２６,2026-06-12,2026-06-17,22,福岡,ＧⅢ,１６２４３　２５１４４
202609102005,2026-09-10,20,05R,4209,藤田 竜弘,2026-08-26,2026-08-31,11,びわこ,一般,４２１　１３３３５６１６,2026-08-11,2026-08-16,07,蒲郡,一般,４　１２３４２　４５３３,2026-07-29,2026-08-01,18,徳山,一般,３　１１３２[５],2026-07-19,2026-07-23,05,多摩川,一般,２１２２２　４１[３],2026-07-10,2026-07-15,06,浜名湖,一般,３　５４５　４５１　４３,4296,岡崎 恭裕,2026-08-24,2026-08-28,15,丸亀,一般,３３２２５２１５１３,2026-08-12,2026-08-17,22,福岡,一般,３４１　４１６１２４１３,2026-08-03,2026-08-08,17,宮島,一般,４３２　１５２１２３２３,2026-07-22,2026-07-26,13,尼崎,一般,１３４３１　２４１３,2026-07-13,2026-07-18,07,蒲郡,ＧⅡ,１　６５３　５　４６３,5248,本田 愛,2026-08-30,2026-09-04,06,浜名湖,ＧⅢ,３　１１５　１２２２[３],2026-08-11,2026-08-16,06,浜名湖,一般,２　３６２　２２１転６,2026-07-23,2026-07-28,21,芦屋,一般,６　６６４　６２５３３１,2026-07-10,2026-07-15,06,浜名湖,一般,４５３　１４１　１５１２,2026-06-21,2026-06-26,16,児島,一般,３　２５２　６６２　５１,3833,中辻 博訓,2026-08-28,2026-08-31,23,からつ,一般,３１２６２５１５,2026-08-03,2026-08-08,04,平和島,ＧⅢ,５５欠,2026-07-24,2026-07-29,17,宮島,一般,２５２４４　１２１４１３,2026-07-14,2026-07-19,21,芦屋,一般,１４４４２　４５１　１２,2026-07-03,2026-07-08,12,住之江,一般,１３１　１２１　４１[５],5033,藤原 孝斗,2026-08-22,2026-08-27,08,常滑,ＧⅢ,３　２６１　２６２６２６,2026-08-05,2026-08-10,09,津,一般,２４５　４５１　５４３,2026-07-24,2026-07-27,02,戸田,一般,５１５　４４３,2026-07-14,2026-07-17,24,大村,一般,４４３　４　２５,2026-07-01,2026-07-06,22,福岡,一般,５　５４６　２３２　１２,5219,森口 和紀,2026-08-29,2026-09-03,19,下関,一般,　　　　　　　　４４２,2026-08-22,2026-08-27,22,福岡,一般,２２３　１１４６５１[５],2026-08-10,2026-08-15,21,芦屋,一般,５３１　６　２３５４２１,2026-07-30,2026-08-04,08,常滑,一般,４　１６４　４４３２１,2026-07-17,2026-07-22,16,児島,ＧⅢ,５　エ５２　５３落　２６
202609102006,2026-09-10,20,06R,4009,小林 一樹,2026-08-27,2026-09-01,07,蒲郡,一般,４３１　２６２　１４１６,2026-08-11,2026-08-16,19,下関,一般,１　２２３　６F４　４,2026-07-29,2026-08-01,18,徳山,一般,６２２　５１３４,2026-07-20,2026-07-25,15,丸亀,一般,２５４　６１３　３４２３,2026-07-04,2026-07-09,01,桐生,一般,２　４６４２１　４５,4274,長畑 友輔,2026-08-30,2026-09-02,21,芦屋,一般,５５４　３　５６,2026-08-15,2026-08-20,05,多摩川,一般,５３２　４　１３５５２６,2026-08-06,2026-08-09,02,戸田,一般,１５２４６　１４,2026-07-15,2026-07-20,18,徳山,一般,１　２５６１４　２６５６,2026-07-05,2026-07-09,05,多摩川,一般,６　１２５３３２１４,5014,梶山 涼斗,2026-08-03,2026-08-08,17,宮島,一般,６　２４４　４６５２３,2026-07-22,2026-07-26,13,尼崎,一般,６５６　６６６　２,2026-06-30,2026-07-05,23,からつ,一般,１２５　F６５　５　５,2026-06-17,2026-06-20,07,蒲郡,一般,３５２　１１４４,2026-05-30,2026-06-03,12,住之江,一般,転６４　３　２　３６,4273,佐藤 旭,2026-08-30,2026-09-02,21,芦屋,一般,６４２　５３３２,2026-08-15,2026-08-20,09,津,一般,２　４３３　３４４６５６,2026-07-28,2026-08-02,16,児島,一般,３　３４４６３　４２２３,2026-07-15,2026-07-19,08,常滑,一般,３１１２５　４３３１,2026-07-05,2026-07-09,05,多摩川,一般,５３５５６　１　４６,4373,若狭 奈美子,2026-08-18,2026-08-23,16,児島,一般,５５３２１　３５５４３１,2026-08-06,2026-08-11,18,徳山,ＧⅠ,４１６　６　３６２　５,2026-07-23,2026-07-28,21,芦屋,一般,２　１３４１１２１２[４],2026-06-12,2026-06-17,22,福岡,ＧⅢ,３４３　１５５３２４３３,2026-06-04,2026-06-08,08,常滑,一般,４２１５１２１　１４,3737,上平 真二,2026-08-25,2026-08-30,17,宮島,一般,６５,2026-08-03,2026-08-08,19,下関,一般,２４１１３　１妨,2026-07-23,2026-07-27,01,桐生,一般,２１１２３４３１[３],2026-07-09,2026-07-13,16,児島,一般,３１１３３６１３２２,2026-06-22,2026-06-27,22,福岡,一般,１１３　１２４３１落４
202609102007,2026-09-10,20,07R,4551,三川 昂暁,2026-08-28,2026-08-31,23,からつ,一般,６３４１１５５４,2026-08-20,2026-08-23,02,戸田,一般,１１４　３３F１,2026-08-10,2026-08-15,21,芦屋,一般,６３５４４　２２５　２３,2026-07-23,2026-07-27,01,桐生,一般,３１１１５３４５１２,2026-07-10,2026-07-15,22,福岡,一般,５５６４１　５４３　４１,4094,中島 真二,2026-08-24,2026-08-28,15,丸亀,一般,６　６３２　１　２３,2026-08-12,2026-08-17,22,福岡,一般,５　４４４　６２６４３,2026-07-24,2026-07-29,17,宮島,一般,５　３３４　３４６２４４,2026-07-15,2026-07-19,08,常滑,一般,３　３６５２４　１６,2026-07-02,2026-07-06,21,芦屋,一般,６６４　５６,4600,井内 将太郎,2026-08-30,2026-09-02,21,芦屋,一般,５６２６１　２４,2026-07-24,2026-07-29,17,宮島,一般,３１１　２６１１３１[４],2026-06-17,2026-06-22,24,大村,ＧⅡ,１４６　２　F４６　５,2026-06-05,2026-06-10,18,徳山,一般,１３４２５　１２１２[５],2026-05-19,2026-05-23,16,児島,一般,１６６３１２１１[６],5373,諏訪 玲奈,2026-08-25,2026-08-30,17,宮島,一般,５５６　６　６落６　４５,2026-07-27,2026-08-01,10,三国,一般,３４６　３　６６２　４,2026-07-09,2026-07-13,16,児島,一般,４　３４２３６　２５,2026-06-18,2026-06-23,02,戸田,一般,６　４６１　５４４　４４,2026-05-22,2026-05-26,23,からつ,一般,４６６　３　５５３４,5429,吉川 颯汰,2026-08-20,2026-08-23,23,からつ,一般,６６６　６６６,2026-07-28,2026-08-02,15,丸亀,一般,６６５　６　６５６　６,2026-07-02,2026-07-06,21,芦屋,一般,６　６３６　転　転６,2026-06-22,2026-06-27,22,福岡,一般,６　６６６　６６６６６,2026-05-10,2026-05-14,23,からつ,一般,６５６　６　６６６６,4014,片岡 恵里,2026-07-31,2026-08-05,01,桐生,ＧⅢ,１４３　２５４６１３３１,2026-07-19,2026-07-24,19,下関,ＧⅢ,１　１２２２１２４１[５],2026-07-07,2026-07-12,11,びわこ,一般,６　５２１４５１３　１４,2026-06-24,2026-06-29,12,住之江,一般,４　１３４　F５３　５,2026-06-15,2026-06-20,21,芦屋,一般,１４２５１　５６５３３５
202609102008,2026-09-10,20,08R,4518,大須賀 友,2026-07-31,2026-08-05,05,多摩川,一般,５１３５２　２３１２[６],2026-07-22,2026-07-25,24,大村,一般,１５２１６１[１],2026-06-30,2026-07-05,23,からつ,一般,F３２　４　１　５　３,2026-06-21,2026-06-26,16,児島,一般,１１２　３１３４６１[３],2026-05-16,2026-05-19,06,浜名湖,一般,１３２５２　１２,4816,村松 修二,2026-08-27,2026-08-31,04,平和島,一般,１　２４６４２１１３,2026-08-14,2026-08-19,17,宮島,一般,１１２６１５５　４２３,2026-07-28,2026-08-02,16,児島,一般,５３２２１２１　３３３４,2026-07-18,2026-07-22,10,三国,一般,６５１　１１１２[３],2026-07-09,2026-07-13,14,鳴門,一般,１６１　６３,4424,松尾 昂明,2026-08-26,2026-08-31,11,びわこ,一般,１６２　１３４４４２[６],2026-08-12,2026-08-17,22,福岡,一般,２４６３３１３　２５４４,2026-07-28,2026-08-02,15,丸亀,一般,３　２２４６４　５１４,2026-07-14,2026-07-19,01,桐生,一般,２５１３３　１　５２[６],2026-06-30,2026-07-05,23,からつ,一般,４　６２１４５５５１３,5263,花田 凱成,2026-08-21,2026-08-26,06,浜名湖,一般,３　４４６５１　３妨,2026-08-09,2026-08-14,23,からつ,一般,５　４４３５２　３５５,2026-07-23,2026-07-28,21,芦屋,一般,４　４６６　４１６６４５,2026-07-10,2026-07-15,22,福岡,一般,６４６　５３３　２４５,2026-06-28,2026-07-01,10,三国,一般,３１５　４６３６,3880,浅見 宗孝,2026-08-28,2026-09-02,05,多摩川,ＧⅢ,５６５　５　４６２　６５,2026-08-12,2026-08-17,02,戸田,一般,３６３　４６６　３４３,2026-07-23,2026-07-28,03,江戸川,ＧⅢ,２　４４５　６５４５６,2026-07-11,2026-07-14,04,平和島,一般,６６３　１３３,2026-06-04,2026-06-08,08,常滑,一般,３　３２３４２５１３,4396,大田 直弥,2026-08-30,2026-09-02,21,芦屋,一般,４　５４４４５４,2026-08-15,2026-08-20,18,徳山,一般,５３４　６　６４３　２６,2026-08-03,2026-08-08,17,宮島,一般,６　３５１　６２４４５,2026-07-22,2026-07-26,13,尼崎,一般,３６４　３４６　２,2026-07-10,2026-07-13,19,下関,一般,４４２６２　４３
202609102009,2026-09-10,20,09R,5085,中村 栄治,2026-08-26,2026-08-31,11,びわこ,一般,４３２　４４５６３　４１,2026-08-14,2026-08-19,10,三国,一般,４６５６４５１　２　６４,2026-07-30,2026-08-04,08,常滑,一般,４　１６４　５３２　３６,2026-07-19,2026-07-23,05,多摩川,一般,１　３４４３６５４１,2026-07-09,2026-07-13,16,児島,一般,３４３４６　４１３１,5219,森口 和紀,2026-08-29,2026-09-03,19,下関,一般,　　　　　　　　４４２,2026-08-22,2026-08-27,22,福岡,一般,２２３　１１４６５１[５],2026-08-10,2026-08-15,21,芦屋,一般,５３１　６　２３５４２１,2026-07-30,2026-08-04,08,常滑,一般,４　１６４　４４３２１,2026-07-17,2026-07-22,16,児島,ＧⅢ,５　エ５２　５３落　２６,3362,間嶋 仁志,2026-08-24,2026-08-29,13,尼崎,一般,２３１　２　３４５６１４,2026-08-07,2026-08-11,15,丸亀,一般,１１６４３　２６１６,2026-07-27,2026-07-31,19,下関,一般,２４４　３５２　４５,2026-07-17,2026-07-20,02,戸田,一般,２４２　１２３３,2026-07-05,2026-07-09,05,多摩川,一般,５６５　４３５　２２,3388,今垣 光太郎,2026-08-29,2026-09-03,16,児島,一般,１２２　２１２６４１[３],2026-06-17,2026-06-22,24,大村,ＧⅡ,３　３　６１２　４　１２,2026-06-05,2026-06-10,01,桐生,一般,１６１　３４３１５３３１,2026-05-26,2026-05-31,06,浜名湖,ＳＧ,４　６３５　４　３４１,2026-05-15,2026-05-20,21,芦屋,ＧⅠ,２　５　２６６　５１６,4484,稲生 夏季,2026-08-30,2026-09-04,06,浜名湖,ＧⅢ,４　３３２４２　１５３５,2026-08-11,2026-08-16,04,平和島,一般,２６６　５　４５３　４３,2026-07-19,2026-07-24,19,下関,ＧⅢ,３３２　３４１６２５２６,2026-07-09,2026-07-13,14,鳴門,一般,２６４　３１１３３４,2026-06-20,2026-06-25,06,浜名湖,一般,１２６　５６３　３４４,5468,山口 隼人,2026-08-12,2026-08-17,22,福岡,一般,６　６　６６６６６　転６,2026-08-02,2026-08-05,21,芦屋,一般,６　６６６　６６,2026-07-04,2026-07-09,18,徳山,一般,６　４５５　６６６６６,2026-06-22,2026-06-27,22,福岡,一般,６　６６６　６６４　６６,2026-06-09,2026-06-14,23,からつ,一般,６　５６６　６６６　６
202609102010,2026-09-10,20,10R,4043,桐本 康臣,2026-08-25,2026-08-30,17,宮島,一般,４　１４２６３５４　２６,2026-08-17,2026-08-21,13,尼崎,一般,２　２３１１４２[６],2026-08-07,2026-08-11,15,丸亀,一般,３１３４２３２３３１,2026-07-24,2026-07-27,02,戸田,一般,２　２３２４３４,2026-07-14,2026-07-19,21,芦屋,一般,１６６　５　１５,4873,蒲原 健太,2026-08-31,2026-09-05,18,徳山,一般,４　４４２　２６１　１６,2026-08-24,2026-08-28,15,丸亀,一般,６　３１６　５６５３,2026-08-14,2026-08-19,17,宮島,一般,転　２６５　５６３　１４,2026-07-29,2026-08-03,23,からつ,一般,２１４　２１５　３４２６,2026-07-18,2026-07-21,04,平和島,一般,６　１２２６６３,4296,岡崎 恭裕,2026-08-24,2026-08-28,15,丸亀,一般,３３２２５２１５１３,2026-08-12,2026-08-17,22,福岡,一般,３４１　４１６１２４１３,2026-08-03,2026-08-08,17,宮島,一般,４３２　１５２１２３２３,2026-07-22,2026-07-26,13,尼崎,一般,１３４３１　２４１３,2026-07-13,2026-07-18,07,蒲郡,ＧⅡ,１　６５３　５　４６３,4230,濱崎 直矢,2026-08-27,2026-08-31,04,平和島,一般,１　４３３５１１４６,2026-08-12,2026-08-17,02,戸田,一般,２　１６６　１１４　１６,2026-08-03,2026-08-08,17,宮島,一般,１　F６４　６　６　３,2026-07-24,2026-07-27,06,浜名湖,一般,２　１６４３２３,2026-07-14,2026-07-19,01,桐生,一般,転１１　１１２　３２[３],4085,荻野 裕介,2026-08-28,2026-09-02,05,多摩川,ＧⅢ,５　２４,2026-08-16,2026-08-19,14,鳴門,一般,１　３５１１[３],2026-08-03,2026-08-08,04,平和島,ＧⅢ,２　４　５５５６５　５,2026-07-21,2026-07-26,23,からつ,一般,４５２　２　５５３　２,2026-07-07,2026-07-12,08,常滑,一般,６６２　４　１１４３４１,4274,長畑 友輔,2026-08-30,2026-09-02,21,芦屋,一般,５５４　３　５６,2026-08-15,2026-08-20,05,多摩川,一般,５３２　４　１３５５２６,2026-08-06,2026-08-09,02,戸田,一般,１５２４６　１４,2026-07-15,2026-07-20,18,徳山,一般,１　２５６１４　２６５６,2026-07-05,2026-07-09,05,多摩川,一般,６　１２５３３２１４
202609102011,2026-09-10,20,11R,4357,田中 和也,2026-08-15,2026-08-20,09,津,一般,１１２３４３５　１３１２,2026-08-08,2026-08-11,05,多摩川,一般,４３１５５１６３,2026-07-31,2026-08-04,13,尼崎,一般,１４４５５２２　４１,2026-07-22,2026-07-25,24,大村,一般,２１転４１１４,2026-07-07,2026-07-12,08,常滑,一般,２６４３２２２１２２[４],4034,西原 明生,2026-08-24,2026-08-28,15,丸亀,一般,２　４６６　６　２６,2026-08-11,2026-08-16,19,下関,一般,３４５　２４２４４　２,2026-07-29,2026-08-01,18,徳山,一般,４５５　２２５,2026-07-14,2026-07-19,21,芦屋,一般,２　４５５６４　５　３１,2026-06-29,2026-07-04,08,常滑,一般,６　４５２　１３４５４,4551,三川 昂暁,2026-08-28,2026-08-31,23,からつ,一般,６３４１１５５４,2026-08-20,2026-08-23,02,戸田,一般,１１４　３３F１,2026-08-10,2026-08-15,21,芦屋,一般,６３５４４　２２５　２３,2026-07-23,2026-07-27,01,桐生,一般,３１１１５３４５１２,2026-07-10,2026-07-15,22,福岡,一般,５５６４１　５４３　４１,4529,嶋 義信,2026-08-28,2026-08-31,23,からつ,一般,１４１落,2026-08-17,2026-08-21,15,丸亀,一般,６１１６２５４２３,2026-08-04,2026-08-09,10,三国,一般,１２３　１３１１２１[１],2026-07-22,2026-07-26,13,尼崎,一般,５１４３２　２５４４,2026-07-11,2026-07-14,04,平和島,一般,２１５　４３２５,4204,柴田 大輔,2026-08-22,2026-08-27,08,常滑,ＧⅢ,５　５５６,2026-08-07,2026-08-12,20,若松,一般,１　５３４３１１３６３５,2026-07-23,2026-07-28,03,江戸川,ＧⅢ,２　５５６　２４５５３１,2026-07-10,2026-07-15,22,福岡,一般,２３４　５６４　６６１,2026-06-29,2026-07-03,11,びわこ,一般,２１１　１４２３３１,3833,中辻 博訓,2026-08-28,2026-08-31,23,からつ,一般,３１２６２５１５,2026-08-03,2026-08-08,04,平和島,ＧⅢ,５５欠,2026-07-24,2026-07-29,17,宮島,一般,２５２４４　１２１４１３,2026-07-14,2026-07-19,21,芦屋,一般,１４４４２　４５１　１２,2026-07-03,2026-07-08,12,住之江,一般,１３１　１２１　４１[５]
202609102012,2026-09-10,20,12R,4373,若狭 奈美子,2026-08-18,2026-08-23,16,児島,一般,５５３２１　３５５４３１,2026-08-06,2026-08-11,18,徳山,ＧⅠ,４１６　６　３６２　５,2026-07-23,2026-07-28,21,芦屋,一般,２　１３４１１２１２[４],2026-06-12,2026-06-17,22,福岡,ＧⅢ,３４３　１５５３２４３３,2026-06-04,2026-06-08,08,常滑,一般,４２１５１２１　１４,4014,片岡 恵里,2026-07-31,2026-08-05,01,桐生,ＧⅢ,１４３　２５４６１３３１,2026-07-19,2026-07-24,19,下関,ＧⅢ,１　１２２２１２４１[５],2026-07-07,2026-07-12,11,びわこ,一般,６　５２１４５１３　１４,2026-06-24,2026-06-29,12,住之江,一般,４　１３４　F５３　５,2026-06-15,2026-06-20,21,芦屋,一般,１４２５１　５６５３３５,3999,大瀧 明日香,2026-08-24,2026-08-29,13,尼崎,一般,３６３　１２４　２６４３,2026-08-10,2026-08-15,08,常滑,一般,１２１２４３２　４２[６],2026-07-03,2026-07-08,12,住之江,一般,２２４　４　１落２３１５,2026-06-21,2026-06-26,16,児島,一般,１５１　６５１５４４２６,2026-06-12,2026-06-17,22,福岡,ＧⅢ,１６２４３　２５１４４,3175,渡辺 千草,2026-08-27,2026-08-31,04,平和島,一般,２３２　４５６　２５,2026-08-12,2026-08-17,24,大村,ＧⅢ,５　３４３　３４１　４２,2026-07-31,2026-08-05,01,桐生,ＧⅢ,５３２　２４３　３６２６,2026-07-19,2026-07-24,19,下関,ＧⅢ,５　４２５　３６５　２６,2026-06-29,2026-07-04,08,常滑,一般,４５３　５６４　４　２３,5248,本田 愛,2026-08-30,2026-09-04,06,浜名湖,ＧⅢ,３　１１５　１２２２[３],2026-08-11,2026-08-16,06,浜名湖,一般,２　３６２　２２１転６,2026-07-23,2026-07-28,21,芦屋,一般,６　６６４　６２５３３１,2026-07-10,2026-07-15,06,浜名湖,一般,４５３　１４１　１５１２,2026-06-21,2026-06-26,16,児島,一般,３　２５２　６６２　５１,4891,寺島 美里,2026-08-26,2026-08-30,14,鳴門,一般,４４６　２　２４２３,2026-08-12,2026-08-17,24,大村,ＧⅢ,３　３１４　２１４６１５,2026-07-25,2026-07-30,04,平和島,一般,５１４　２６３　５３４１,2026-07-12,2026-07-16,05,多摩川,一般,５５６　１２４　２３,2026-06-21,2026-06-26,16,児島,一般,２２５　６３４　３５１
202609102101,2026-09-10,21,01R,5160,藤森 陸斗,2026-08-26,2026-08-31,11,びわこ,一般,１　５５２５１５１５３１,2026-08-20,2026-08-23,24,大村,一般,２　３４１４４１,2026-08-12,2026-08-17,22,福岡,一般,６　３４４４３エ６　３,2026-08-03,2026-08-08,17,宮島,一般,２２５　１５４６４　１５,2026-07-19,2026-07-24,22,福岡,ＧⅢ,６　３２５,5383,中村 楓,2026-08-30,2026-09-03,08,常滑,一般,５　６５６　５６５６,2026-08-20,2026-08-23,02,戸田,一般,６　６４４１６３,2026-07-31,2026-08-05,05,多摩川,一般,６　６５３　５５３　４６,2026-07-15,2026-07-21,12,住之江,一般,５６４　６５４　５　６５５,2026-07-01,2026-07-06,22,福岡,一般,６　５６３　５５４　５６,3357,福島 陽子,2026-08-30,2026-09-04,06,浜名湖,ＧⅢ,２５６　６４３　４　５３,2026-08-08,2026-08-13,16,児島,一般,１　５５３　６６５　５３,2026-07-19,2026-07-24,19,下関,ＧⅢ,１　６６３６５　６　３６,2026-07-05,2026-07-09,24,大村,一般,６　４５２　４　６５,2026-06-12,2026-06-17,22,福岡,ＧⅢ,５４３　６４３　６　５４,5457,山田 陽翔,2026-08-19,2026-08-24,19,下関,一般,６　６６６　５６６　６６,2026-08-06,2026-08-10,24,大村,一般,６　６５５６６　６４,2026-07-24,2026-07-29,17,宮島,一般,６　６６６　６６６　６６,2026-06-26,2026-07-02,24,大村,一般,６　５６欠　６６６　６６６６,2026-06-09,2026-06-14,23,からつ,一般,６　６６６６６　５６６,3843,上之 晃弘,2026-08-22,2026-08-27,08,常滑,ＧⅢ,２６６　３５１　６３６５,2026-08-06,2026-08-10,24,大村,一般,６５６　６３５　４５,2026-07-16,2026-07-21,11,びわこ,一般,３　５６５４５　転４,2026-07-04,2026-07-09,18,徳山,一般,２４６４６　４１６６１,2026-06-22,2026-06-27,22,福岡,一般,５５６　４２２　４４３,3509,池 千夏,2026-08-28,2026-08-31,23,からつ,一般,４　５５６　５３,2026-08-16,2026-08-19,14,鳴門,一般,６　５３５　４５,2026-07-31,2026-08-05,01,桐生,ＧⅢ,１６２　５６４　６５３,2026-07-13,2026-07-18,13,尼崎,ＧⅢ,３　６６５５３　５　４,2026-06-21,2026-06-24,19,下関,一般,６６５５４　３
202609102102,2026-09-10,21,02R,4389,伊藤 喜智,2026-08-25,2026-08-30,17,宮島,一般,３　３５４４４５,2026-08-13,2026-08-18,12,住之江,一般,４２３　４６３　５　６３,2026-07-31,2026-08-05,05,多摩川,一般,２　５３２　１５１２[５],2026-07-24,2026-07-27,06,浜名湖,一般,６６４４３　５,2026-07-14,2026-07-19,01,桐生,一般,３　２２５　３１４３１５,4744,伊藤 玲奈,2026-08-26,2026-08-30,14,鳴門,一般,５５６　４　５１４６,2026-08-12,2026-08-17,24,大村,ＧⅢ,４　２６３　６５３　３６,2026-07-27,2026-08-01,10,三国,一般,５　３６４　２４３　１,2026-07-13,2026-07-18,13,尼崎,ＧⅢ,３４２　１　２３４５１５,2026-06-24,2026-06-29,12,住之江,一般,５　欠欠,5261,岡 暢祐,2026-08-21,2026-08-26,03,江戸川,一般,２　６５２　４２１　１５,2026-08-07,2026-08-11,15,丸亀,一般,５　１３４　２３５４,2026-07-22,2026-07-25,24,大村,一般,６　６６６　３４,2026-07-10,2026-07-14,09,津,一般,３　４６４４５　４４,2026-06-25,2026-06-30,13,尼崎,一般,５４６　３６５　４　２６,4771,下寺 秀和,2026-08-28,2026-08-31,23,からつ,一般,１４３１５１[４],2026-08-14,2026-08-19,17,宮島,一般,１６３２２１３　３１[３],2026-07-28,2026-08-02,15,丸亀,一般,５２１　１２３１４２[３],2026-07-10,2026-07-14,09,津,一般,６３４２１　１６１５,2026-06-26,2026-07-01,17,宮島,一般,３３２　１３２１２１[２],4020,川上 清人,2026-08-17,2026-08-20,20,若松,一般,４４５　６　６４,2026-08-07,2026-08-11,15,丸亀,一般,４６４　６５６　３,2026-07-27,2026-07-31,19,下関,一般,２６１４６　２６３,2026-07-18,2026-07-22,10,三国,一般,４４５　５　４６２,2026-07-05,2026-07-09,24,大村,一般,４５６　２　５５３,5469,今泉 博人,2026-08-20,2026-08-23,23,からつ,一般,６　５６５６５,2026-07-28,2026-08-02,15,丸亀,一般,６　６６５６６　４　４３,2026-07-10,2026-07-15,23,からつ,一般,５　５６６　６６６６４,2026-06-22,2026-06-27,22,福岡,一般,６　６５６　落６６　４５,2026-05-31,2026-06-05,20,若松,一般,６６５　６　６６６　６
202609102103,2026-09-10,21,03R,4675,井手 良太,2026-08-26,2026-08-30,14,鳴門,一般,５　５３２６１　１２,2026-08-14,2026-08-19,17,宮島,一般,６欠,2026-07-29,2026-08-03,23,からつ,一般,４　２３２　５４２　１４,2026-07-22,2026-07-25,24,大村,一般,１　１４５３５５,2026-06-28,2026-07-02,05,多摩川,一般,１３６　２３１１[３],5143,常盤 海心,2026-08-22,2026-08-27,22,福岡,一般,５　４４１　２５３　６３,2026-08-04,2026-08-09,12,住之江,一般,６　３４６　１６６　４,2026-07-22,2026-07-27,14,鳴門,一般,３　２５５６２３６　２６,2026-07-10,2026-07-15,23,からつ,一般,２４２　３３４　４４６６,2026-06-29,2026-07-03,11,びわこ,一般,２６６　６　３３４,4848,仲谷 颯仁,2026-08-25,2026-08-30,01,桐生,ＳＧ,１３６　２　４６６　３,2026-08-17,2026-08-21,13,尼崎,一般,２６２２２１１３１４,2026-08-07,2026-08-12,20,若松,一般,３１３１３１２　３１[２],2026-07-28,2026-08-02,11,びわこ,ＳＧ,４　４１３　３２１　[３],2026-07-18,2026-07-22,10,三国,一般,３２２３１２５１[２],5447,岡本 亜子,2026-08-08,2026-08-13,16,児島,一般,６　６６５　６６６　６６,2026-07-31,2026-08-04,13,尼崎,一般,６　６６６　６６６,2026-07-09,2026-07-13,16,児島,一般,６　６６６　５６６,2026-06-28,2026-07-01,10,三国,一般,６　６６６　６６,2026-06-05,2026-06-10,18,徳山,一般,６　６　６６６　６６６,4793,金子 萌,2026-08-27,2026-09-01,07,蒲郡,一般,１　１５３６２４５５３１,2026-08-11,2026-08-16,06,浜名湖,一般,１　４３３１５２３２[６],2026-07-27,2026-08-01,09,津,一般,５　６３,2026-07-12,2026-07-16,05,多摩川,一般,４６１　２５１　６２,2026-06-30,2026-07-05,16,児島,ＧⅡ,１　１６２　２　４　１６,3998,冨成 謙児,2026-08-24,2026-08-28,15,丸亀,一般,２６４　６　２６１５,2026-08-09,2026-08-14,23,からつ,一般,３　３６４４６　５　５４,2026-07-31,2026-08-05,06,浜名湖,ＧⅢ,３５１　５６５　５　５５,2026-07-21,2026-07-26,23,からつ,一般,５　５２６　２４６２３,2026-07-03,2026-07-08,13,尼崎,一般,５６５　５６４　２　６
202609102104,2026-09-10,21,04R,4384,鶴本 崇文,2026-08-29,2026-09-03,16,児島,一般,４　５４３６６４,2026-08-14,2026-08-19,10,三国,一般,２　５４１３４３３４３２,2026-07-31,2026-08-05,05,多摩川,一般,３２２２６　５４５　５,2026-07-22,2026-07-26,13,尼崎,一般,５２２１４３２２[６],2026-06-24,2026-06-29,09,津,一般,４,4408,仁科 さやか,2026-08-26,2026-08-30,14,鳴門,一般,３　２６６６６　６,2026-08-12,2026-08-17,24,大村,ＧⅢ,６　４３６　１６１　５６,2026-07-31,2026-08-05,01,桐生,ＧⅢ,５　４４５　５６４　６２,2026-07-13,2026-07-18,13,尼崎,ＧⅢ,６　２６１　４６５　３４,2026-06-25,2026-06-29,18,徳山,一般,２　４４６　２６２６,4261,岡 祐臣,2026-08-26,2026-08-31,11,びわこ,一般,１５４３６　４４１　４４,2026-08-15,2026-08-20,09,津,一般,１２３　６５３２１４２４,2026-08-08,2026-08-11,05,多摩川,一般,１１２　５４４６,2026-07-22,2026-07-27,14,鳴門,一般,４６３４１　６欠,2026-07-13,2026-07-18,07,蒲郡,ＧⅡ,５　１３１　２　６　４５,5317,長尾 萌加,2026-08-18,2026-08-23,16,児島,一般,１４１　５５２　１２F３,2026-08-08,2026-08-13,16,児島,一般,３　３６３　３６３　６６,2026-07-25,2026-07-30,04,平和島,一般,４４５　３　１３４３４６,2026-07-15,2026-07-19,17,宮島,一般,６２５　１　２２３３,2026-06-21,2026-06-26,16,児島,一般,２５５　３４４　５　６６,4092,岡部 大輔,2026-08-22,2026-08-26,20,若松,一般,２５１１６　３６３６,2026-08-06,2026-08-10,24,大村,一般,１３２　６４４４１４,2026-07-21,2026-07-26,23,からつ,一般,２１２　２６４　５４４３,2026-07-11,2026-07-14,04,平和島,一般,４６２　４６２,2026-06-26,2026-07-02,24,大村,一般,３２６　４　１５１４３４１６,3837,秋山 広一,2026-08-27,2026-08-31,04,平和島,一般,２５１３４　３１１４,2026-08-17,2026-08-21,15,丸亀,一般,２２５３１４２　３２,2026-07-29,2026-08-03,22,福岡,一般,３５３６２　４,2026-07-16,2026-07-21,11,びわこ,一般,２　４１１５３３４２[６],2026-07-03,2026-07-08,12,住之江,一般,３２３　３１１　２１[３]
202609102105,2026-09-10,21,05R,4834,浜本 裕己,2026-08-27,2026-09-01,07,蒲郡,一般,２４１　３２４　２４２３,2026-08-13,2026-08-18,12,住之江,一般,６４３　３２１　２　F５,2026-07-31,2026-08-05,05,多摩川,一般,３１１　４４５　３３４２,2026-07-24,2026-07-27,12,住之江,一般,１２５　１４３２,2026-07-15,2026-07-21,12,住之江,一般,２１４　１５４　１６２５４５,4991,宗行 治哉,2026-08-25,2026-08-30,17,宮島,一般,２１２６４４１　３３１６,2026-08-17,2026-08-21,13,尼崎,一般,１６４５５,2026-08-04,2026-08-09,10,三国,一般,３５２５４　１４２　１５,2026-07-10,2026-07-14,09,津,一般,３　１１１３１１[４],2026-06-30,2026-07-05,23,からつ,一般,３　３３４４２１２４１５,4330,奈須 啓太,2026-08-25,2026-08-30,17,宮島,一般,１６３３１　２５１５１４,2026-08-12,2026-08-17,22,福岡,一般,４　１４６５５６２　５４,2026-07-31,2026-08-04,13,尼崎,一般,５５５　１６３　３２,2026-07-21,2026-07-26,23,からつ,一般,４４１６１　４６１　１５,2026-07-10,2026-07-15,22,福岡,一般,１　３３６５２２１６１４,5383,中村 楓,2026-08-30,2026-09-03,08,常滑,一般,５　６５６　５６５６,2026-08-20,2026-08-23,02,戸田,一般,６　６４４１６３,2026-07-31,2026-08-05,05,多摩川,一般,６　６５３　５５３　４６,2026-07-15,2026-07-21,12,住之江,一般,５６４　６５４　５　６５５,2026-07-01,2026-07-06,22,福岡,一般,６　５６３　５５４　５６,3873,別府 昌樹,2026-08-24,2026-08-28,15,丸亀,一般,３　２３２　２欠,2026-08-16,2026-08-19,14,鳴門,一般,６　３１３３３４,2026-07-31,2026-08-04,13,尼崎,一般,２　５６２　４５２４,2026-07-15,2026-07-21,12,住之江,一般,３　２５２　１３１５３２６４,2026-06-29,2026-07-04,08,常滑,一般,３１４　２５１４４５３４,3541,三嶌 誠司,2026-08-25,2026-08-30,17,宮島,一般,２３３　２３３２４４１２,2026-08-17,2026-08-20,20,若松,一般,３３４　３２１１,2026-07-31,2026-08-05,06,浜名湖,ＧⅢ,１３６３転　２５５　４１,2026-07-18,2026-07-21,04,平和島,一般,３１４　３３５４,2026-07-07,2026-07-12,08,常滑,一般,３３１３５２４　１５１３
202609102106,2026-09-10,21,06R,4443,津田 裕絵,2026-08-17,2026-08-20,20,若松,一般,１３５　４４４１,2026-08-03,2026-08-08,17,宮島,一般,４２３　２６２　３１１,2026-07-25,2026-07-30,04,平和島,一般,５２４　２６２　１１１５,2026-07-10,2026-07-15,06,浜名湖,一般,４　２５３　５５２　４４,2026-06-21,2026-06-26,16,児島,一般,４　５５２４２　２５３１,4850,野中 一平,2026-08-29,2026-09-03,19,下関,一般,１　１１６６２４１２[６],2026-08-10,2026-08-15,08,常滑,一般,１１１　４２３２３１[５],2026-07-25,2026-07-29,20,若松,一般,１２１　４４２５１２,2026-07-12,2026-07-16,05,多摩川,一般,２１４１３　５１[２],2026-06-30,2026-07-05,16,児島,ＧⅡ,５１１　６　１６３２６,5208,屋良 龍紀,2026-08-22,2026-08-26,20,若松,一般,５３５　６５６　４５,2026-08-11,2026-08-16,19,下関,一般,５　２３５　６１６　２３,2026-07-01,2026-07-06,07,蒲郡,一般,３３３　５　２５３　転２,2026-06-11,2026-06-16,03,江戸川,一般,５５６　３５,2026-06-02,2026-06-08,10,三国,一般,５　２６３２５　５F４,3509,池 千夏,2026-08-28,2026-08-31,23,からつ,一般,４　５５６　５３,2026-08-16,2026-08-19,14,鳴門,一般,６　５３５　４５,2026-07-31,2026-08-05,01,桐生,ＧⅢ,１６２　５６４　６５３,2026-07-13,2026-07-18,13,尼崎,ＧⅢ,３　６６５５３　５　４,2026-06-21,2026-06-24,19,下関,一般,６６５５４　３,4137,君島 秀三,2026-08-24,2026-08-29,13,尼崎,一般,５２１４５　２３,2026-08-15,2026-08-20,11,びわこ,一般,１４１　３２３５１５１６,2026-08-04,2026-08-09,12,住之江,一般,３５３１１　１２２２[６],2026-07-28,2026-07-31,24,大村,一般,１３１４３５１５,2026-07-12,2026-07-16,05,多摩川,一般,４５２１３３４３４１,3473,石川 真二,2026-08-26,2026-08-31,11,びわこ,一般,３５２６１　２３１２[４],2026-08-17,2026-08-20,20,若松,一般,１１１１１２[４],2026-08-06,2026-08-10,24,大村,一般,２　１１２２１４１２,2026-07-22,2026-07-26,13,尼崎,一般,１４１５１１１１[１],2026-07-09,2026-07-13,16,児島,一般,２１２１２４１１[５]
202609102107,2026-09-10,21,07R,4638,小林 遼太,2026-08-22,2026-08-27,08,常滑,ＧⅢ,６　４５２　４５３　６５,2026-08-07,2026-08-12,20,若松,一般,１　２６３５６２１　４５,2026-07-24,2026-07-29,17,宮島,一般,５３４　１３１　１６２６,2026-07-14,2026-07-19,01,桐生,一般,３６１　３４２　１４１３,2026-06-30,2026-07-05,06,浜名湖,一般,１　２２５４３２１４３３,3998,冨成 謙児,2026-08-24,2026-08-28,15,丸亀,一般,２６４　６　２６１５,2026-08-09,2026-08-14,23,からつ,一般,３　３６４４６　５　５４,2026-07-31,2026-08-05,06,浜名湖,ＧⅢ,３５１　５６５　５　５５,2026-07-21,2026-07-26,23,からつ,一般,５　５２６　２４６２３,2026-07-03,2026-07-08,13,尼崎,一般,５６５　５６４　２　６,4652,酒見 峻介,2026-08-22,2026-08-27,22,福岡,一般,５４５　６４６　２６４,2026-08-09,2026-08-14,23,からつ,一般,４６６　５４６　５３１,2026-07-24,2026-07-29,17,宮島,一般,１　３２２　３３２　４４,2026-07-10,2026-07-13,19,下関,一般,４　１６３６４,2026-06-26,2026-07-02,24,大村,一般,６　５６,4966,田川 大貴,2026-08-21,2026-08-26,06,浜名湖,一般,１　４５２６３３４４１５,2026-08-06,2026-08-10,24,大村,一般,３４F５２　３　６,2026-07-19,2026-07-24,22,福岡,ＧⅢ,６　５４２　３６６２２,2026-07-07,2026-07-12,20,若松,ＧⅢ,５４妨　５６２　６　１６,2026-06-27,2026-07-01,02,戸田,一般,３４４４５　１　２３,5082,一色 凌雅,2026-08-22,2026-08-27,22,福岡,一般,１５４　１３３３２６１５,2026-08-10,2026-08-15,08,常滑,一般,２２２　３１４１１３３F,2026-07-31,2026-08-05,05,多摩川,一般,５　１６５４４　５３５,2026-07-18,2026-07-23,09,津,ＧⅢ,５　６　６５２　３５３２,2026-07-11,2026-07-16,03,江戸川,一般,１３５　１２３１４３[５],5457,山田 陽翔,2026-08-19,2026-08-24,19,下関,一般,６　６６６　５６６　６６,2026-08-06,2026-08-10,24,大村,一般,６　６５５６６　６４,2026-07-24,2026-07-29,17,宮島,一般,６　６６６　６６６　６６,2026-06-26,2026-07-02,24,大村,一般,６　５６欠　６６６　６６６６,2026-06-09,2026-06-14,23,からつ,一般,６　６６６６６　５６６
202609102108,2026-09-10,21,08R,4594,谷川 祐一,2026-08-28,2026-09-02,05,多摩川,ＧⅢ,２　１２５２３６４４１３,2026-08-15,2026-08-20,09,津,一般,２２３　５５５　２　４１,2026-07-31,2026-08-03,20,若松,一般,１１４２１３４３,2026-07-17,2026-07-22,16,児島,ＧⅢ,４２３　４　３２２２[６],2026-07-05,2026-07-09,24,大村,一般,３３４　１３２２[６],3837,秋山 広一,2026-08-27,2026-08-31,04,平和島,一般,２５１３４　３１１４,2026-08-17,2026-08-21,15,丸亀,一般,２２５３１４２　３２,2026-07-29,2026-08-03,22,福岡,一般,３５３６２　４,2026-07-16,2026-07-21,11,びわこ,一般,２　４１１５３３４２[６],2026-07-03,2026-07-08,12,住之江,一般,３２３　３１１　２１[３],5143,常盤 海心,2026-08-22,2026-08-27,22,福岡,一般,５　４４１　２５３　６３,2026-08-04,2026-08-09,12,住之江,一般,６　３４６　１６６　４,2026-07-22,2026-07-27,14,鳴門,一般,３　２５５６２３６　２６,2026-07-10,2026-07-15,23,からつ,一般,２４２　３３４　４４６６,2026-06-29,2026-07-03,11,びわこ,一般,２６６　６　３３４,4853,前原 哉,2026-08-30,2026-09-04,06,浜名湖,ＧⅢ,４　５５３　４６５　４３,2026-08-18,2026-08-23,16,児島,一般,６　５４５　６５４　１２,2026-08-08,2026-08-13,16,児島,一般,６５６　６　４６４　１５,2026-07-28,2026-08-02,15,丸亀,一般,　　　　　　　　６　３４,2026-07-25,2026-07-30,04,平和島,一般,３１５　４５４　３４２４,5447,岡本 亜子,2026-08-08,2026-08-13,16,児島,一般,６　６６５　６６６　６６,2026-07-31,2026-08-04,13,尼崎,一般,６　６６６　６６６,2026-07-09,2026-07-13,16,児島,一般,６　６６６　５６６,2026-06-28,2026-07-01,10,三国,一般,６　６６６　６６,2026-06-05,2026-06-10,18,徳山,一般,６　６　６６６　６６６,4812,西野 雄貴,2026-08-27,2026-09-01,07,蒲郡,一般,４４１３１６２１１３１１,2026-08-20,2026-08-23,23,からつ,一般,１３２１１１[１],2026-08-05,2026-08-10,14,鳴門,一般,２１３１３３２　２１[３],2026-07-28,2026-07-31,24,大村,一般,１５２１２２[３],2026-07-04,2026-07-09,01,桐生,一般,６２４　１４１
202609102109,2026-09-10,21,09R,4793,金子 萌,2026-08-27,2026-09-01,07,蒲郡,一般,１　１５３６２４５５３１,2026-08-11,2026-08-16,06,浜名湖,一般,１　４３３１５２３２[６],2026-07-27,2026-08-01,09,津,一般,５　６３,2026-07-12,2026-07-16,05,多摩川,一般,４６１　２５１　６２,2026-06-30,2026-07-05,16,児島,ＧⅡ,１　１６２　２　４　１６,3843,上之 晃弘,2026-08-22,2026-08-27,08,常滑,ＧⅢ,２６６　３５１　６３６５,2026-08-06,2026-08-10,24,大村,一般,６５６　６３５　４５,2026-07-16,2026-07-21,11,びわこ,一般,３　５６５４５　転４,2026-07-04,2026-07-09,18,徳山,一般,２４６４６　４１６６１,2026-06-22,2026-06-27,22,福岡,一般,５５６　４２２　４４３,4744,伊藤 玲奈,2026-08-26,2026-08-30,14,鳴門,一般,５５６　４　５１４６,2026-08-12,2026-08-17,24,大村,ＧⅢ,４　２６３　６５３　３６,2026-07-27,2026-08-01,10,三国,一般,５　３６４　２４３　１,2026-07-13,2026-07-18,13,尼崎,ＧⅢ,３４２　１　２３４５１５,2026-06-24,2026-06-29,12,住之江,一般,５　欠欠,4408,仁科 さやか,2026-08-26,2026-08-30,14,鳴門,一般,３　２６６６６　６,2026-08-12,2026-08-17,24,大村,ＧⅢ,６　４３６　１６１　５６,2026-07-31,2026-08-05,01,桐生,ＧⅢ,５　４４５　５６４　６２,2026-07-13,2026-07-18,13,尼崎,ＧⅢ,６　２６１　４６５　３４,2026-06-25,2026-06-29,18,徳山,一般,２　４４６　２６２６,4330,奈須 啓太,2026-08-25,2026-08-30,17,宮島,一般,１６３３１　２５１５１４,2026-08-12,2026-08-17,22,福岡,一般,４　１４６５５６２　５４,2026-07-31,2026-08-04,13,尼崎,一般,５５５　１６３　３２,2026-07-21,2026-07-26,23,からつ,一般,４４１６１　４６１　１５,2026-07-10,2026-07-15,22,福岡,一般,１　３３６５２２１６１４,4521,小池 公生,2026-08-24,2026-08-28,15,丸亀,一般,６５３　３　６３５３,2026-08-07,2026-08-12,20,若松,一般,３２６　１５３３２３３４,2026-07-28,2026-07-31,24,大村,一般,４　５２４　１３,2026-06-21,2026-06-26,16,児島,一般,１　１６３３２３４６６６,2026-06-11,2026-06-16,10,三国,一般,２　２３６２１４４４２１
202609102110,2026-09-10,21,10R,4861,田中 宏樹,2026-08-26,2026-08-30,14,鳴門,一般,２　２４２５１６５,2026-08-07,2026-08-12,20,若松,一般,２　３３６３３４４６６,2026-07-29,2026-08-03,23,からつ,一般,５３２　４５３２１３１３,2026-07-20,2026-07-25,15,丸亀,一般,４４２　４３５６３　４２,2026-07-10,2026-07-15,22,福岡,一般,４６１５４　１５３　２４,4840,鈴木 秀茉,2026-08-22,2026-08-27,22,福岡,一般,６　５２２　６４４　６３,2026-08-11,2026-08-16,06,浜名湖,一般,１　２４６１２　４５５５,2026-07-23,2026-07-28,03,江戸川,ＧⅢ,６４５　４５５６３６４,2026-07-15,2026-07-19,17,宮島,一般,２　６３６３３　２６,2026-06-30,2026-07-05,23,からつ,一般,３１５　２２５３２６６６,5317,長尾 萌加,2026-08-18,2026-08-23,16,児島,一般,１４１　５５２　１２F３,2026-08-08,2026-08-13,16,児島,一般,３　３６３　３６３　６６,2026-07-25,2026-07-30,04,平和島,一般,４４５　３　１３４３４６,2026-07-15,2026-07-19,17,宮島,一般,６２５　１　２２３３,2026-06-21,2026-06-26,16,児島,一般,２５５　３４４　５　６６,5469,今泉 博人,2026-08-20,2026-08-23,23,からつ,一般,６　５６５６５,2026-07-28,2026-08-02,15,丸亀,一般,６　６６５６６　４　４３,2026-07-10,2026-07-15,23,からつ,一般,５　５６６　６６６６４,2026-06-22,2026-06-27,22,福岡,一般,６　６５６　落６６　４５,2026-05-31,2026-06-05,20,若松,一般,６６５　６　６６６　６,4848,仲谷 颯仁,2026-08-25,2026-08-30,01,桐生,ＳＧ,１３６　２　４６６　３,2026-08-17,2026-08-21,13,尼崎,一般,２６２２２１１３１４,2026-08-07,2026-08-12,20,若松,一般,３１３１３１２　３１[２],2026-07-28,2026-08-02,11,びわこ,ＳＧ,４　４１３　３２１　[３],2026-07-18,2026-07-22,10,三国,一般,３２２３１２５１[２],4991,宗行 治哉,2026-08-25,2026-08-30,17,宮島,一般,２１２６４４１　３３１６,2026-08-17,2026-08-21,13,尼崎,一般,１６４５５,2026-08-04,2026-08-09,10,三国,一般,３５２５４　１４２　１５,2026-07-10,2026-07-14,09,津,一般,３　１１１３１１[４],2026-06-30,2026-07-05,23,からつ,一般,３　３３４４２１２４１５
202609102111,2026-09-10,21,11R,4437,中田 元泰,2026-08-27,2026-08-31,04,平和島,一般,２５１　３３４３[５],2026-08-17,2026-08-21,15,丸亀,一般,１４３４３２１３１４,2026-08-03,2026-08-08,19,下関,一般,３３２　１５１　１４２２,2026-07-22,2026-07-25,24,大村,一般,１　４１３１[２],2026-07-13,2026-07-18,07,蒲郡,ＧⅡ,５　６　３６２２４　６,4137,君島 秀三,2026-08-24,2026-08-29,13,尼崎,一般,５２１４５　２３,2026-08-15,2026-08-20,11,びわこ,一般,１４１　３２３５１５１６,2026-08-04,2026-08-09,12,住之江,一般,３５３１１　１２２２[６],2026-07-28,2026-07-31,24,大村,一般,１３１４３５１５,2026-07-12,2026-07-16,05,多摩川,一般,４５２１３３４３４１,4389,伊藤 喜智,2026-08-25,2026-08-30,17,宮島,一般,３　３５４４４５,2026-08-13,2026-08-18,12,住之江,一般,４２３　４６３　５　６３,2026-07-31,2026-08-05,05,多摩川,一般,２　５３２　１５１２[５],2026-07-24,2026-07-27,06,浜名湖,一般,６６４４３　５,2026-07-14,2026-07-19,01,桐生,一般,３　２２５　３１４３１５,3541,三嶌 誠司,2026-08-25,2026-08-30,17,宮島,一般,２３３　２３３２４４１２,2026-08-17,2026-08-20,20,若松,一般,３３４　３２１１,2026-07-31,2026-08-05,06,浜名湖,ＧⅢ,１３６３転　２５５　４１,2026-07-18,2026-07-21,04,平和島,一般,３１４　３３５４,2026-07-07,2026-07-12,08,常滑,一般,３３１３５２４　１５１３,4638,小林 遼太,2026-08-22,2026-08-27,08,常滑,ＧⅢ,６　４５２　４５３　６５,2026-08-07,2026-08-12,20,若松,一般,１　２６３５６２１　４５,2026-07-24,2026-07-29,17,宮島,一般,５３４　１３１　１６２６,2026-07-14,2026-07-19,01,桐生,一般,３６１　３４２　１４１３,2026-06-30,2026-07-05,06,浜名湖,一般,１　２２５４３２１４３３,4261,岡 祐臣,2026-08-26,2026-08-31,11,びわこ,一般,１５４３６　４４１　４４,2026-08-15,2026-08-20,09,津,一般,１２３　６５３２１４２４,2026-08-08,2026-08-11,05,多摩川,一般,１１２　５４４６,2026-07-22,2026-07-27,14,鳴門,一般,４６３４１　６欠,2026-07-13,2026-07-18,07,蒲郡,ＧⅡ,５　１３１　２　６　４５
202609102112,2026-09-10,21,12R,4771,下寺 秀和,2026-08-28,2026-08-31,23,からつ,一般,１４３１５１[４],2026-08-14,2026-08-19,17,宮島,一般,１６３２２１３　３１[３],2026-07-28,2026-08-02,15,丸亀,一般,５２１　１２３１４２[３],2026-07-10,2026-07-14,09,津,一般,６３４２１　１６１５,2026-06-26,2026-07-01,17,宮島,一般,３３２　１３２１２１[２],4675,井手 良太,2026-08-26,2026-08-30,14,鳴門,一般,５　５３２６１　１２,2026-08-14,2026-08-19,17,宮島,一般,６欠,2026-07-29,2026-08-03,23,からつ,一般,４　２３２　５４２　１４,2026-07-22,2026-07-25,24,大村,一般,１　１４５３５５,2026-06-28,2026-07-02,05,多摩川,一般,１３６　２３１１[３],5160,藤森 陸斗,2026-08-26,2026-08-31,11,びわこ,一般,１　５５２５１５１５３１,2026-08-20,2026-08-23,24,大村,一般,２　３４１４４１,2026-08-12,2026-08-17,22,福岡,一般,６　３４４４３エ６　３,2026-08-03,2026-08-08,17,宮島,一般,２２５　１５４６４　１５,2026-07-19,2026-07-24,22,福岡,ＧⅢ,６　３２５,4092,岡部 大輔,2026-08-22,2026-08-26,20,若松,一般,２５１１６　３６３６,2026-08-06,2026-08-10,24,大村,一般,１３２　６４４４１４,2026-07-21,2026-07-26,23,からつ,一般,２１２　２６４　５４４３,2026-07-11,2026-07-14,04,平和島,一般,４６２　４６２,2026-06-26,2026-07-02,24,大村,一般,３２６　４　１５１４３４１６,4834,浜本 裕己,2026-08-27,2026-09-01,07,蒲郡,一般,２４１　３２４　２４２３,2026-08-13,2026-08-18,12,住之江,一般,６４３　３２１　２　F５,2026-07-31,2026-08-05,05,多摩川,一般,３１１　４４５　３３４２,2026-07-24,2026-07-27,12,住之江,一般,１２５　１４３２,2026-07-15,2026-07-21,12,住之江,一般,２１４　１５４　１６２５４５,4850,野中 一平,2026-08-29,2026-09-03,19,下関,一般,１　１１６６２４１２[６],2026-08-10,2026-08-15,08,常滑,一般,１１１　４２３２３１[５],2026-07-25,2026-07-29,20,若松,一般,１２１　４４２５１２,2026-07-12,2026-07-16,05,多摩川,一般,２１４１３　５１[２],2026-06-30,2026-07-05,16,児島,ＧⅡ,５１１　６　１６３２６
202609102401,2026-09-10,24,01R,5028,原田 才一郎,2026-08-30,2026-09-03,08,常滑,一般,５４１１４１３２[６],2026-08-21,2026-08-26,03,江戸川,一般,１６１　２１２１５１[４],2026-08-07,2026-08-12,20,若松,一般,１　２３３４６１２２[４],2026-07-28,2026-07-31,24,大村,一般,１４１２１１[１],2026-07-19,2026-07-24,22,福岡,ＧⅢ,３１２　４４２　２６３１,4715,村上 遼,2026-08-28,2026-08-31,23,からつ,一般,３１１６１４３４,2026-08-17,2026-08-21,13,尼崎,一般,４４１１３３２３６１,2026-08-06,2026-08-10,24,大村,一般,２１２６１１３２[４],2026-07-24,2026-07-29,17,宮島,一般,２４１１１１２　２１[３],2026-07-13,2026-07-18,07,蒲郡,ＧⅡ,５４３　５　４６２　５６,3590,濱野谷 憲吾,2026-08-25,2026-08-30,01,桐生,ＳＧ,２　２６６　６　２４６,2026-08-15,2026-08-20,05,多摩川,一般,２２３　１２１１４１[３],2026-08-03,2026-08-08,04,平和島,ＧⅢ,４４５　１１２５４２[３],2026-07-22,2026-07-26,08,常滑,一般,３１２２３３１２[４],2026-07-07,2026-07-12,02,戸田,ＧⅡ,１３１　５　１３２　[４],4719,上條 暢嵩,2026-08-25,2026-08-30,01,桐生,ＳＧ,５　４２１　２３５　１３,2026-08-13,2026-08-18,12,住之江,一般,１　４１２３１２１１[２],2026-07-28,2026-08-02,11,びわこ,ＳＧ,１５３　５　４１６１４,2026-07-07,2026-07-12,02,戸田,ＧⅡ,３４５　３３２　４　３６,2026-06-23,2026-06-28,14,鳴門,ＳＧ,３４１　４　３６１５１,4704,河野 大,2026-08-30,2026-09-03,08,常滑,一般,４６６２２　１３１３,2026-08-20,2026-08-23,23,からつ,一般,５１１３１２[３],2026-08-05,2026-08-10,14,鳴門,一般,１４１５２　３４１６６５,2026-07-24,2026-07-27,02,戸田,一般,２４１２１２[６],2026-07-14,2026-07-19,21,芦屋,一般,４４２　１１２２１５３３,5224,西岡 顕心,2026-08-25,2026-08-30,01,桐生,ＳＧ,３２３　４　６６２　２,2026-08-17,2026-08-21,15,丸亀,一般,３５３１２５２５１１,2026-08-06,2026-08-09,02,戸田,一般,１５１１３１[４],2026-07-28,2026-08-02,11,びわこ,ＳＧ,２　１６３　２３２　[４],2026-07-19,2026-07-24,22,福岡,ＧⅢ,４　５３
202609102402,2026-09-10,24,02R,5026,安河内 健,2026-08-21,2026-08-26,06,浜名湖,一般,落３３　１４１５５１５１,2026-08-09,2026-08-14,23,からつ,一般,３１２２１　１１５１[１],2026-07-31,2026-08-03,20,若松,一般,１３２３１３１１,2026-07-22,2026-07-26,13,尼崎,一般,４２１　４２１２[２],2026-07-11,2026-07-16,03,江戸川,一般,１　６２２３３　１２[４],5088,高憧 四季,2026-08-24,2026-08-29,10,三国,一般,６３４１１　１４３３５６,2026-08-06,2026-08-11,18,徳山,ＧⅠ,５　４３３４５　３　４１,2026-07-28,2026-08-02,15,丸亀,一般,３３２　１４３２３４F１,2026-07-18,2026-07-23,09,津,ＧⅢ,６　５６６６５　３,2026-07-07,2026-07-12,11,びわこ,一般,４１１２２４１３２１[５],4483,北野 輝季,2026-08-26,2026-08-31,11,びわこ,一般,５１２　１１１１３１[５],2026-08-17,2026-08-21,13,尼崎,一般,２５１１１１３１[１],2026-08-03,2026-08-08,04,平和島,ＧⅢ,３２１　３６２２４３１２,2026-07-22,2026-07-27,14,鳴門,一般,５３１２５　１２２３５２,2026-07-07,2026-07-12,20,若松,ＧⅢ,１２２２２　１６２２[６],3716,石渡 鉄兵,2026-08-25,2026-08-30,01,桐生,ＳＧ,３　２　３５４　１５４３,2026-08-09,2026-08-15,03,江戸川,一般,１　１６２　３１５　４４,2026-07-28,2026-08-02,11,びわこ,ＳＧ,３３４　３　６５４　６,2026-07-18,2026-07-21,04,平和島,一般,２２３１２１[３],2026-07-07,2026-07-12,02,戸田,ＧⅡ,３　４３４　５　５３５,4544,松田 大志郎,2026-08-30,2026-09-03,08,常滑,一般,１１４２１２５１[１],2026-08-21,2026-08-24,07,蒲郡,一般,２１２４３１[１],2026-08-10,2026-08-15,21,芦屋,一般,１３４２２１５　１１[３],2026-06-30,2026-07-05,16,児島,ＧⅡ,４　２１４１５　５　１１,2026-06-19,2026-06-24,11,びわこ,一般,２１１２１２２２３３[４],4238,毒島 誠,2026-08-25,2026-08-30,01,桐生,ＳＧ,１　３２２２２　１　[２],2026-08-11,2026-08-16,01,桐生,一般,１５２　２２１１１　[１],2026-07-27,2026-07-31,19,下関,一般,４１１２３１１３３１,2026-07-19,2026-07-23,05,多摩川,一般,３１１２２２５２[４],2026-07-07,2026-07-12,02,戸田,ＧⅡ,１　４４４３２　４　５４
202609102403,2026-09-10,24,03R,4910,中村 泰平,2026-08-28,2026-09-02,05,多摩川,ＧⅢ,４５２１３　５５１　４４,2026-08-20,2026-08-23,23,からつ,一般,１６１２４２[４],2026-08-10,2026-08-15,08,常滑,一般,３１６４５　２１２３６１,2026-07-24,2026-07-27,02,戸田,一般,３３２１３３[５],2026-07-15,2026-07-19,08,常滑,一般,４１２１１１２１[１],3983,須藤 博倫,2026-08-26,2026-08-30,14,鳴門,一般,１４２１４１１２[２],2026-08-12,2026-08-17,02,戸田,一般,１３３２３６１　５　１２,2026-07-31,2026-08-05,06,浜名湖,ＧⅢ,３１４３２５４　３６１３,2026-07-24,2026-07-27,02,戸田,一般,４２１６４１２６,2026-07-13,2026-07-18,07,蒲郡,ＧⅡ,５４２　１　２３１　[６],4494,河合 佑樹,2026-08-25,2026-08-30,01,桐生,ＳＧ,５　２６６　１　６４４,2026-08-15,2026-08-20,09,津,一般,１１１２２　１２２１[１],2026-07-07,2026-07-12,02,戸田,ＧⅡ,５５２　５　６３５　２４,2026-06-23,2026-06-28,14,鳴門,ＳＧ,５６４　２　２３１　３５,2026-06-08,2026-06-13,13,尼崎,ＧⅠ,３　６５３　２　３２３,5191,飛田 江己,2026-08-22,2026-08-27,22,福岡,一般,１　２５６１３１３３４１,2026-08-12,2026-08-17,02,戸田,一般,１４２１４　１１１　[４],2026-08-03,2026-08-08,19,下関,一般,１２１F３　４　３　３,2026-07-18,2026-07-23,09,津,ＧⅢ,４３５　２３２　１１１３,2026-07-01,2026-07-06,07,蒲郡,一般,６　１１４　３１４４１１,3779,原田 幸哉,2026-07-28,2026-08-02,11,びわこ,ＳＧ,６２１　４　２６１　２４,2026-07-13,2026-07-18,07,蒲郡,ＧⅡ,３６５　６　５５１　６６,2026-07-04,2026-07-09,18,徳山,一般,１１３３１　４１２１[２],2026-06-23,2026-06-28,14,鳴門,ＳＧ,１　３６４　３　２２６６,2026-06-13,2026-06-18,08,常滑,ＧⅠ,４５１　５６,3909,佐々木 康幸,2026-08-28,2026-09-02,05,多摩川,ＧⅢ,２６２１６　１１２１[３],2026-08-11,2026-08-16,06,浜名湖,一般,３２１　３１１２１１[１],2026-07-31,2026-08-05,06,浜名湖,ＧⅢ,３５２　１６５１３１[２],2026-07-18,2026-07-21,20,若松,一般,１２４４１４１３,2026-07-07,2026-07-12,10,三国,ＧⅢ,２４４３１　２１３２[２]
202609102404,2026-09-10,24,04R,4084,杉山 正樹,2026-08-21,2026-08-24,07,蒲郡,一般,１６１５１４１３,2026-08-10,2026-08-15,08,常滑,一般,５４１１２１３２３４１２,2026-07-31,2026-08-05,05,多摩川,一般,４　４１１２２３５４４１,2026-07-18,2026-07-21,20,若松,一般,３２４５１６３５,2026-07-03,2026-07-08,12,住之江,一般,４２２　４　３３２６２２,4686,丸野 一樹,2026-08-25,2026-08-30,01,桐生,ＳＧ,２１１　６　６５１２２,2026-08-15,2026-08-20,11,びわこ,一般,３１３２６１３　３１[３],2026-07-28,2026-08-02,11,びわこ,ＳＧ,５１３　２　４１２　[５],2026-07-07,2026-07-12,02,戸田,ＧⅡ,２２１　１　１５４　１３,2026-06-23,2026-06-28,14,鳴門,ＳＧ,１　４５５　１　５１３１,4571,菅 章哉,2026-08-25,2026-08-30,01,桐生,ＳＧ,１　６　６６２　４４５,2026-08-17,2026-08-21,13,尼崎,一般,１３２３１１１１[２],2026-08-05,2026-08-10,14,鳴門,一般,１５１１１３１　１１[１],2026-06-23,2026-06-28,14,鳴門,ＳＧ,６　F　５４６　６　６,2026-06-08,2026-06-13,13,尼崎,ＧⅠ,５１６　１　４４６　１６,4482,守屋 美穂,2026-08-27,2026-08-31,04,平和島,一般,１４３３１１４１[３],2026-08-18,2026-08-23,16,児島,一般,１２２　１２３１３１[１],2026-08-06,2026-08-11,18,徳山,ＧⅠ,６２１　１　６１２　[４],2026-06-30,2026-07-05,16,児島,ＧⅡ,５　３３３２４　３　１４,2026-06-21,2026-06-24,10,三国,一般,５５２１３６５５,4371,西山 貴浩,2026-08-25,2026-08-30,01,桐生,ＳＧ,４　３６２　４　４５２,2026-08-12,2026-08-17,22,福岡,一般,２１６,2026-07-28,2026-08-02,11,びわこ,ＳＧ,１　２４６　５２１　６３,2026-07-07,2026-07-12,20,若松,ＧⅢ,２１２　１１３３３１[２],2026-06-23,2026-06-28,14,鳴門,ＳＧ,４　４３３　４５６　２,4174,赤坂 俊輔,2026-08-29,2026-09-03,16,児島,一般,１５４転,2026-08-20,2026-08-23,24,大村,一般,４２１５２５２５,2026-08-07,2026-08-11,15,丸亀,一般,２６４３１２２６４,2026-07-28,2026-07-31,24,大村,一般,２２１２４１[４],2026-07-18,2026-07-21,04,平和島,一般,１３１２１３[１]
202609102405,2026-09-10,24,05R,4335,若林 将,2026-08-15,2026-08-20,05,多摩川,一般,３２５４６　４３４　４,2026-08-04,2026-08-09,12,住之江,一般,３４２　３２４２１３５１,2026-07-23,2026-07-28,03,江戸川,ＧⅢ,２　２２２　２２１　[F],2026-07-10,2026-07-15,06,浜名湖,一般,１４１６１１３　３１[２],2026-07-01,2026-07-06,22,福岡,一般,１５１１５３１　３１[３],4961,西橋 奈未,2026-08-24,2026-08-29,10,三国,一般,２１２　３３５１４４１５,2026-08-06,2026-08-11,18,徳山,ＧⅠ,３２２　３　５１２　[６],2026-07-25,2026-07-30,04,平和島,一般,２２１１２　１２３１[３],2026-07-18,2026-07-21,20,若松,一般,１６３１２３４２,2026-07-07,2026-07-12,02,戸田,ＧⅡ,４６５　４　５５３　１,4188,久田 敏之,2026-08-25,2026-08-30,01,桐生,ＳＧ,６　４１４　１２６　１４,2026-08-11,2026-08-16,01,桐生,一般,１２１１１　２２１　[２],2026-08-03,2026-08-08,04,平和島,ＧⅢ,３１１　４１１１３１[５],2026-07-25,2026-07-29,20,若松,一般,２２２４１　２２[３],2026-07-09,2026-07-14,15,丸亀,一般,１１２　１１１１２１[１],4497,桑原 悠,2026-08-25,2026-08-30,01,桐生,ＳＧ,５　１　６５４　５２３,2026-08-17,2026-08-20,20,若松,一般,１２２１６１[１],2026-08-06,2026-08-10,24,大村,一般,１１２１４　４１[２],2026-07-21,2026-07-26,23,からつ,一般,１３３　２１１３３１[２],2026-07-07,2026-07-12,02,戸田,ＧⅡ,１　５３１　１　３　３１,3415,松井 繁,2026-08-25,2026-08-30,01,桐生,ＳＧ,５　１　５５４　１６３,2026-08-13,2026-08-18,12,住之江,一般,２３１　２５１　２２[５],2026-07-28,2026-08-02,11,びわこ,ＳＧ,６　６２５１４　３６２,2026-07-13,2026-07-18,07,蒲郡,ＧⅡ,３　５１４３２　５　１３,2026-07-03,2026-07-08,13,尼崎,一般,１１１２１　１６２１[２],4352,下條 雄太郎,2026-08-25,2026-08-30,01,桐生,ＳＧ,３　５　４３３　２３３３,2026-08-17,2026-08-21,13,尼崎,一般,２１３２５　４３１２,2026-08-06,2026-08-10,24,大村,一般,２　４１２２１１[３],2026-07-23,2026-07-28,21,芦屋,一般,１３１２２２３　１３３２,2026-07-11,2026-07-16,03,江戸川,一般,３２１　１１１　２１[１]
202609102406,2026-09-10,24,06R,4398,船岡 洋一郎,2026-08-29,2026-09-03,19,下関,一般,３１４３１　２１４６３３,2026-08-14,2026-08-19,17,宮島,一般,１３４　６２５１１２[４],2026-08-05,2026-08-10,09,津,一般,４５１１４　１３２４３,2026-07-23,2026-07-28,03,江戸川,ＧⅢ,１４３　１５,2026-07-10,2026-07-15,23,からつ,一般,１２１　１３２１１１[２],4719,上條 暢嵩,2026-08-25,2026-08-30,01,桐生,ＳＧ,５　４２１　２３５　１３,2026-08-13,2026-08-18,12,住之江,一般,１　４１２３１２１１[２],2026-07-28,2026-08-02,11,びわこ,ＳＧ,１５３　５　４１６１４,2026-07-07,2026-07-12,02,戸田,ＧⅡ,３４５　３３２　４　３６,2026-06-23,2026-06-28,14,鳴門,ＳＧ,３４１　４　３６１５１,4096,石橋 道友,2026-08-30,2026-09-02,21,芦屋,一般,６６,2026-08-19,2026-08-24,19,下関,一般,１４４　４１２２２２[４],2026-08-06,2026-08-10,24,大村,一般,１１１　１１２１[１],2026-07-20,2026-07-25,15,丸亀,一般,１４３５４　２１３３２１,2026-07-05,2026-07-09,24,大村,一般,６２２　３２１３４１,4262,馬場 貴也,2026-08-25,2026-08-30,01,桐生,ＳＧ,２４２　５２１　３　３１,2026-08-15,2026-08-20,11,びわこ,一般,２１３２２　２１３１[４],2026-08-08,2026-08-11,05,多摩川,一般,２１６２２１[５],2026-07-28,2026-08-02,11,びわこ,ＳＧ,５３１　１　６３５　１４,2026-07-07,2026-07-12,02,戸田,ＧⅡ,２６１　２６２　１　４３,5058,前原 大道,2026-08-30,2026-09-02,21,芦屋,一般,３２１１２２[５],2026-08-20,2026-08-23,02,戸田,一般,２１６２４１１２,2026-08-08,2026-08-13,16,児島,一般,４２１４６　１３妨２２,2026-07-31,2026-08-04,13,尼崎,一般,２６１１１３１１[５],2026-07-19,2026-07-24,22,福岡,ＧⅢ,３　２１３３６　５　１５,4543,重木 輝彦,2026-08-29,2026-09-03,16,児島,一般,４４１２３６１　１３２２,2026-08-20,2026-08-25,21,芦屋,一般,１２３　２２１２３１[４],2026-08-09,2026-08-14,13,尼崎,一般,４３１　４４２　４１２４,2026-07-31,2026-08-04,13,尼崎,一般,６３３１６１２　２１,2026-07-27,2026-08-01,09,津,一般,３６３
202609102407,2026-09-10,24,07R,4494,河合 佑樹,2026-08-25,2026-08-30,01,桐生,ＳＧ,５　２６６　１　６４４,2026-08-15,2026-08-20,09,津,一般,１１１２２　１２２１[１],2026-07-07,2026-07-12,02,戸田,ＧⅡ,５５２　５　６３５　２４,2026-06-23,2026-06-28,14,鳴門,ＳＧ,５６４　２　２３１　３５,2026-06-08,2026-06-13,13,尼崎,ＧⅠ,３　６５３　２　３２３,4238,毒島 誠,2026-08-25,2026-08-30,01,桐生,ＳＧ,１　３２２２２　１　[２],2026-08-11,2026-08-16,01,桐生,一般,１５２　２２１１１　[１],2026-07-27,2026-07-31,19,下関,一般,４１１２３１１３３１,2026-07-19,2026-07-23,05,多摩川,一般,３１１２２２５２[４],2026-07-07,2026-07-12,02,戸田,ＧⅡ,１　４４４３２　４　５４,3783,瓜生 正義,2026-08-25,2026-08-30,01,桐生,ＳＧ,３　３２５　４　１３４６,2026-08-07,2026-08-12,20,若松,一般,１３３１３　１１５２[６],2026-07-28,2026-08-02,11,びわこ,ＳＧ,５４１　２　６６４　２,2026-07-13,2026-07-18,07,蒲郡,ＧⅡ,４　２２１３２　１　[４],2026-07-02,2026-07-07,04,平和島,一般,５１５１３２１　４６１４,5028,原田 才一郎,2026-08-30,2026-09-03,08,常滑,一般,５４１１４１３２[６],2026-08-21,2026-08-26,03,江戸川,一般,１６１　２１２１５１[４],2026-08-07,2026-08-12,20,若松,一般,１　２３３４６１２２[４],2026-07-28,2026-07-31,24,大村,一般,１４１２１１[１],2026-07-19,2026-07-24,22,福岡,ＧⅢ,３１２　４４２　２６３１,3719,辻 栄蔵,2026-08-29,2026-09-03,19,下関,一般,２３４１４　１３２３３１,2026-08-14,2026-08-19,17,宮島,一般,１２１１６　１３３１[５],2026-07-28,2026-08-02,11,びわこ,ＳＧ,１　４５４　４　５６５,2026-07-13,2026-07-18,07,蒲郡,ＧⅡ,４５３　４１４　４３１,2026-06-27,2026-07-01,02,戸田,一般,３２５１２３４４２１,5051,松本 純平,2026-08-12,2026-08-17,02,戸田,一般,３２２３２１２　４　６２,2026-08-03,2026-08-08,04,平和島,ＧⅢ,２６５５,2026-07-22,2026-07-26,13,尼崎,一般,３３３２２３３３１１,2026-07-09,2026-07-13,14,鳴門,一般,１３３１３２５１[３],2026-06-28,2026-07-01,10,三国,一般,２転１２２　１５
202609102408,2026-09-10,24,08R,4960,黒野 元基,2026-08-22,2026-08-27,08,常滑,ＧⅢ,３１４１１６１４４１[４],2026-08-11,2026-08-16,07,蒲郡,一般,２５３２１２１１１１[３],2026-07-29,2026-08-03,22,福岡,一般,２２３４５５１　１４１３,2026-07-15,2026-07-21,12,住之江,一般,１５２１１　３２３４１６２３,2026-07-05,2026-07-09,24,大村,一般,３３２　１１１１[３],3779,原田 幸哉,2026-07-28,2026-08-02,11,びわこ,ＳＧ,６２１　４　２６１　２４,2026-07-13,2026-07-18,07,蒲郡,ＧⅡ,３６５　６　５５１　６６,2026-07-04,2026-07-09,18,徳山,一般,１１３３１　４１２１[２],2026-06-23,2026-06-28,14,鳴門,ＳＧ,１　３６４　３　２２６６,2026-06-13,2026-06-18,08,常滑,ＧⅠ,４５１　５６,4688,永井 彪也,2026-08-27,2026-08-31,04,平和島,一般,１１１２５４１２[１],2026-08-15,2026-08-20,05,多摩川,一般,３３４６１　５１１４２２,2026-08-04,2026-08-09,10,三国,一般,３２３１２５２　３４１２,2026-07-23,2026-07-28,03,江戸川,ＧⅢ,２６２　１１４　５　３３,2026-07-10,2026-07-15,06,浜名湖,一般,３１３２１　２１４１[１],4544,松田 大志郎,2026-08-30,2026-09-03,08,常滑,一般,１１４２１２５１[１],2026-08-21,2026-08-24,07,蒲郡,一般,２１２４３１[１],2026-08-10,2026-08-15,21,芦屋,一般,１３４２２１５　１１[３],2026-06-30,2026-07-05,16,児島,ＧⅡ,４　２１４１５　５　１１,2026-06-19,2026-06-24,11,びわこ,一般,２１１２１２２２３３[４],3952,中澤 和志,2026-08-30,2026-09-03,08,常滑,一般,１６１１２３１４１５,2026-08-21,2026-08-24,07,蒲郡,一般,３３１４４３３１,2026-08-12,2026-08-17,02,戸田,一般,３１１　４３５　１　１,2026-07-27,2026-08-01,09,津,一般,２２１,2026-07-18,2026-07-21,04,平和島,一般,４６２６１５３１,3590,濱野谷 憲吾,2026-08-25,2026-08-30,01,桐生,ＳＧ,２　２６６　６　２４６,2026-08-15,2026-08-20,05,多摩川,一般,２２３　１２１１４１[３],2026-08-03,2026-08-08,04,平和島,ＧⅢ,４４５　１１２５４２[３],2026-07-22,2026-07-26,08,常滑,一般,３１２２３３１２[４],2026-07-07,2026-07-12,02,戸田,ＧⅡ,１３１　５　１３２　[４]
202609102409,2026-09-10,24,09R,4503,上野 真之介,2026-08-27,2026-09-01,07,蒲郡,一般,１１２３１２３２３１[２],2026-08-20,2026-08-23,04,平和島,一般,２３３２１１[５],2026-08-09,2026-08-14,23,からつ,一般,２１１１１　２４２３２１,2026-07-28,2026-08-02,11,びわこ,ＳＧ,１３５　４　１５１　６２,2026-07-10,2026-07-15,23,からつ,一般,２１１１１　２１１１[１],4075,中野 次郎,2026-08-30,2026-09-02,21,芦屋,一般,１５４２１３５１,2026-08-20,2026-08-23,04,平和島,一般,４１１１２３[１],2026-08-09,2026-08-15,03,江戸川,一般,３５１　５１２　３　[２],2026-07-28,2026-08-02,11,びわこ,ＳＧ,４４１　５　２６４　５４,2026-07-20,2026-07-25,15,丸亀,一般,１３２１６５１　３２[１],4524,深谷 知博,2026-08-29,2026-09-03,19,下関,一般,３１５　２１１２４１[３],2026-06-23,2026-06-28,14,鳴門,ＳＧ,３　１５５　５　３５５,2026-06-08,2026-06-13,13,尼崎,ＧⅠ,４　６４５３１　３　１,2026-05-26,2026-05-31,06,浜名湖,ＳＧ,５４３　２　５１３　５５,2026-05-15,2026-05-20,21,芦屋,ＧⅠ,５１３　４　６１４　３５,4371,西山 貴浩,2026-08-25,2026-08-30,01,桐生,ＳＧ,４　３６２　４　４５２,2026-08-12,2026-08-17,22,福岡,一般,２１６,2026-07-28,2026-08-02,11,びわこ,ＳＧ,１　２４６　５２１　６３,2026-07-07,2026-07-12,20,若松,ＧⅢ,２１２　１１３３３１[２],2026-06-23,2026-06-28,14,鳴門,ＳＧ,４　４３３　４５６　２,5026,安河内 健,2026-08-21,2026-08-26,06,浜名湖,一般,落３３　１４１５５１５１,2026-08-09,2026-08-14,23,からつ,一般,３１２２１　１１５１[１],2026-07-31,2026-08-03,20,若松,一般,１３２３１３１１,2026-07-22,2026-07-26,13,尼崎,一般,４２１　４２１２[２],2026-07-11,2026-07-16,03,江戸川,一般,１　６２２３３　１２[４],4907,小池 修平,2026-08-28,2026-08-31,23,からつ,一般,２２２１５１[２],2026-08-13,2026-08-18,12,住之江,一般,５　３４４１５３４１４,2026-08-06,2026-08-09,02,戸田,一般,１２１２４　[５],2026-07-23,2026-07-28,03,江戸川,ＧⅢ,１　３１２　２落,2026-07-07,2026-07-12,20,若松,ＧⅢ,３４１３３１１　３２[５]
202609102410,2026-09-10,24,10R,4500,山田 康二,2026-08-09,2026-08-14,23,からつ,一般,１２２　１２１２１１[３],2026-07-27,2026-08-01,09,津,一般,１１３１,2026-07-17,2026-07-22,16,児島,ＧⅢ,３５５１１２２　１４１１,2026-07-07,2026-07-12,02,戸田,ＧⅡ,２　２４２４１　５　１２,2026-06-23,2026-06-28,14,鳴門,ＳＧ,６２５　１５５　５３２,4704,河野 大,2026-08-30,2026-09-03,08,常滑,一般,４６６２２　１３１３,2026-08-20,2026-08-23,23,からつ,一般,５１１３１２[３],2026-08-05,2026-08-10,14,鳴門,一般,１４１５２　３４１６６５,2026-07-24,2026-07-27,02,戸田,一般,２４１２１２[６],2026-07-14,2026-07-19,21,芦屋,一般,４４２　１１２２１５３３,4335,若林 将,2026-08-15,2026-08-20,05,多摩川,一般,３２５４６　４３４　４,2026-08-04,2026-08-09,12,住之江,一般,３４２　３２４２１３５１,2026-07-23,2026-07-28,03,江戸川,ＧⅢ,２　２２２　２２１　[F],2026-07-10,2026-07-15,06,浜名湖,一般,１４１６１１３　３１[２],2026-07-01,2026-07-06,22,福岡,一般,１５１１５３１　３１[３],5088,高憧 四季,2026-08-24,2026-08-29,10,三国,一般,６３４１１　１４３３５６,2026-08-06,2026-08-11,18,徳山,ＧⅠ,５　４３３４５　３　４１,2026-07-28,2026-08-02,15,丸亀,一般,３３２　１４３２３４F１,2026-07-18,2026-07-23,09,津,ＧⅢ,６　５６６６５　３,2026-07-07,2026-07-12,11,びわこ,一般,４１１２２４１３２１[５],4686,丸野 一樹,2026-08-25,2026-08-30,01,桐生,ＳＧ,２１１　６　６５１２２,2026-08-15,2026-08-20,11,びわこ,一般,３１３２６１３　３１[３],2026-07-28,2026-08-02,11,びわこ,ＳＧ,５１３　２　４１２　[５],2026-07-07,2026-07-12,02,戸田,ＧⅡ,２２１　１　１５４　１３,2026-06-23,2026-06-28,14,鳴門,ＳＧ,１　４５５　１　５１３１,5191,飛田 江己,2026-08-22,2026-08-27,22,福岡,一般,１　２５６１３１３３４１,2026-08-12,2026-08-17,02,戸田,一般,１４２１４　１１１　[４],2026-08-03,2026-08-08,19,下関,一般,１２１F３　４　３　３,2026-07-18,2026-07-23,09,津,ＧⅢ,４３５　２３２　１１１３,2026-07-01,2026-07-06,07,蒲郡,一般,６　１１４　３１４４１１
202609102411,2026-09-10,24,11R,4262,馬場 貴也,2026-08-25,2026-08-30,01,桐生,ＳＧ,２４２　５２１　３　３１,2026-08-15,2026-08-20,11,びわこ,一般,２１３２２　２１３１[４],2026-08-08,2026-08-11,05,多摩川,一般,２１６２２１[５],2026-07-28,2026-08-02,11,びわこ,ＳＧ,５３１　１　６３５　１４,2026-07-07,2026-07-12,02,戸田,ＧⅡ,２６１　２６２　１　４３,3716,石渡 鉄兵,2026-08-25,2026-08-30,01,桐生,ＳＧ,３　２　３５４　１５４３,2026-08-09,2026-08-15,03,江戸川,一般,１　１６２　３１５　４４,2026-07-28,2026-08-02,11,びわこ,ＳＧ,３３４　３　６５４　６,2026-07-18,2026-07-21,04,平和島,一般,２２３１２１[３],2026-07-07,2026-07-12,02,戸田,ＧⅡ,３　４３４　５　５３５,3909,佐々木 康幸,2026-08-28,2026-09-02,05,多摩川,ＧⅢ,２６２１６　１１２１[３],2026-08-11,2026-08-16,06,浜名湖,一般,３２１　３１１２１１[１],2026-07-31,2026-08-05,06,浜名湖,ＧⅢ,３５２　１６５１３１[２],2026-07-18,2026-07-21,20,若松,一般,１２４４１４１３,2026-07-07,2026-07-12,10,三国,ＧⅢ,２４４３１　２１３２[２],3415,松井 繁,2026-08-25,2026-08-30,01,桐生,ＳＧ,５　１　５５４　１６３,2026-08-13,2026-08-18,12,住之江,一般,２３１　２５１　２２[５],2026-07-28,2026-08-02,11,びわこ,ＳＧ,６　６２５１４　３６２,2026-07-13,2026-07-18,07,蒲郡,ＧⅡ,３　５１４３２　５　１３,2026-07-03,2026-07-08,13,尼崎,一般,１１１２１　１６２１[２],5016,宮田 龍馬,2026-08-26,2026-08-31,11,びわこ,一般,１５２１３２１　３１[１],2026-08-17,2026-08-21,13,尼崎,一般,１１１３３４１２[３],2026-08-05,2026-08-10,14,鳴門,一般,１　３５２４４２１４３２,2026-07-19,2026-07-24,22,福岡,ＧⅢ,３４１　４４５　４３３,2026-06-08,2026-06-13,13,尼崎,ＧⅠ,１　３３６　３　１２３６,4482,守屋 美穂,2026-08-27,2026-08-31,04,平和島,一般,１４３３１１４１[３],2026-08-18,2026-08-23,16,児島,一般,１２２　１２３１３１[１],2026-08-06,2026-08-11,18,徳山,ＧⅠ,６２１　１　６１２　[４],2026-06-30,2026-07-05,16,児島,ＧⅡ,５　３３３２４　３　１４,2026-06-21,2026-06-24,10,三国,一般,５５２１３６５５
202609102412,2026-09-10,24,12R,4908,上田 龍星,2026-08-26,2026-08-30,14,鳴門,一般,１５３６１３６２[６],2026-08-15,2026-08-20,18,徳山,一般,１　２６２１４１３１[３],2026-08-07,2026-08-11,15,丸亀,一般,２２１２２３３１[４],2026-07-27,2026-08-01,09,津,一般,４３５,2026-07-18,2026-07-21,20,若松,一般,２５１１１２[６],4910,中村 泰平,2026-08-28,2026-09-02,05,多摩川,ＧⅢ,４５２１３　５５１　４４,2026-08-20,2026-08-23,23,からつ,一般,１６１２４２[４],2026-08-10,2026-08-15,08,常滑,一般,３１６４５　２１２３６１,2026-07-24,2026-07-27,02,戸田,一般,３３２１３３[５],2026-07-15,2026-07-19,08,常滑,一般,４１２１１１２１[１],4398,船岡 洋一郎,2026-08-29,2026-09-03,19,下関,一般,３１４３１　２１４６３３,2026-08-14,2026-08-19,17,宮島,一般,１３４　６２５１１２[４],2026-08-05,2026-08-10,09,津,一般,４５１１４　１３２４３,2026-07-23,2026-07-28,03,江戸川,ＧⅢ,１４３　１５,2026-07-10,2026-07-15,23,からつ,一般,１２１　１３２１１１[２],4483,北野 輝季,2026-08-26,2026-08-31,11,びわこ,一般,５１２　１１１１３１[５],2026-08-17,2026-08-21,13,尼崎,一般,２５１１１１３１[１],2026-08-03,2026-08-08,04,平和島,ＧⅢ,３２１　３６２２４３１２,2026-07-22,2026-07-27,14,鳴門,一般,５３１２５　１２２３５２,2026-07-07,2026-07-12,20,若松,ＧⅢ,１２２２２　１６２２[６],4497,桑原 悠,2026-08-25,2026-08-30,01,桐生,ＳＧ,５　１　６５４　５２３,2026-08-17,2026-08-20,20,若松,一般,１２２１６１[１],2026-08-06,2026-08-10,24,大村,一般,１１２１４　４１[２],2026-07-21,2026-07-26,23,からつ,一般,１３３　２１１３３１[２],2026-07-07,2026-07-12,02,戸田,ＧⅡ,１　５３１　１　３　３１,4571,菅 章哉,2026-08-25,2026-08-30,01,桐生,ＳＧ,１　６　６６２　４４５,2026-08-17,2026-08-21,13,尼崎,一般,１３２３１１１１[２],2026-08-05,2026-08-10,14,鳴門,一般,１５１１１３１　１１[１],2026-06-23,2026-06-28,14,鳴門,ＳＧ,６　F　５４６　６　６,2026-06-08,2026-06-13,13,尼崎,ＧⅠ,５１６　１　４４６　１６
