レースコード,レース日,レース場コード,レース回,艇1_登録番号,艇1_選手名,艇1_前1節_開始日,艇1_前1節_終了日,艇1_前1節_場コード,艇1_前1節_場名,艇1_前1節_グレード,艇1_前1節_着順列,艇1_前2節_開始日,艇1_前2節_終了日,艇1_前2節_場コード,艇1_前2節_場名,艇1_前2節_グレード,艇1_前2節_着順列,艇1_前3節_開始日,艇1_前3節_終了日,艇1_前3節_場コード,艇1_前3節_場名,艇1_前3節_グレード,艇1_前3節_着順列,艇1_前4節_開始日,艇1_前4節_終了日,艇1_前4節_場コード,艇1_前4節_場名,艇1_前4節_グレード,艇1_前4節_着順列,艇1_前5節_開始日,艇1_前5節_終了日,艇1_前5節_場コード,艇1_前5節_場名,艇1_前5節_グレード,艇1_前5節_着順列,艇2_登録番号,艇2_選手名,艇2_前1節_開始日,艇2_前1節_終了日,艇2_前1節_場コード,艇2_前1節_場名,艇2_前1節_グレード,艇2_前1節_着順列,艇2_前2節_開始日,艇2_前2節_終了日,艇2_前2節_場コード,艇2_前2節_場名,艇2_前2節_グレード,艇2_前2節_着順列,艇2_前3節_開始日,艇2_前3節_終了日,艇2_前3節_場コード,艇2_前3節_場名,艇2_前3節_グレード,艇2_前3節_着順列,艇2_前4節_開始日,艇2_前4節_終了日,艇2_前4節_場コード,艇2_前4節_場名,艇2_前4節_グレード,艇2_前4節_着順列,艇2_前5節_開始日,艇2_前5節_終了日,艇2_前5節_場コード,艇2_前5節_場名,艇2_前5節_グレード,艇2_前5節_着順列,艇3_登録番号,艇3_選手名,艇3_前1節_開始日,艇3_前1節_終了日,艇3_前1節_場コード,艇3_前1節_場名,艇3_前1節_グレード,艇3_前1節_着順列,艇3_前2節_開始日,艇3_前2節_終了日,艇3_前2節_場コード,艇3_前2節_場名,艇3_前2節_グレード,艇3_前2節_着順列,艇3_前3節_開始日,艇3_前3節_終了日,艇3_前3節_場コード,艇3_前3節_場名,艇3_前3節_グレード,艇3_前3節_着順列,艇3_前4節_開始日,艇3_前4節_終了日,艇3_前4節_場コード,艇3_前4節_場名,艇3_前4節_グレード,艇3_前4節_着順列,艇3_前5節_開始日,艇3_前5節_終了日,艇3_前5節_場コード,艇3_前5節_場名,艇3_前5節_グレード,艇3_前5節_着順列,艇4_登録番号,艇4_選手名,艇4_前1節_開始日,艇4_前1節_終了日,艇4_前1節_場コード,艇4_前1節_場名,艇4_前1節_グレード,艇4_前1節_着順列,艇4_前2節_開始日,艇4_前2節_終了日,艇4_前2節_場コード,艇4_前2節_場名,艇4_前2節_グレード,艇4_前2節_着順列,艇4_前3節_開始日,艇4_前3節_終了日,艇4_前3節_場コード,艇4_前3節_場名,艇4_前3節_グレード,艇4_前3節_着順列,艇4_前4節_開始日,艇4_前4節_終了日,艇4_前4節_場コード,艇4_前4節_場名,艇4_前4節_グレード,艇4_前4節_着順列,艇4_前5節_開始日,艇4_前5節_終了日,艇4_前5節_場コード,艇4_前5節_場名,艇4_前5節_グレード,艇4_前5節_着順列,艇5_登録番号,艇5_選手名,艇5_前1節_開始日,艇5_前1節_終了日,艇5_前1節_場コード,艇5_前1節_場名,艇5_前1節_グレード,艇5_前1節_着順列,艇5_前2節_開始日,艇5_前2節_終了日,艇5_前2節_場コード,艇5_前2節_場名,艇5_前2節_グレード,艇5_前2節_着順列,艇5_前3節_開始日,艇5_前3節_終了日,艇5_前3節_場コード,艇5_前3節_場名,艇5_前3節_グレード,艇5_前3節_着順列,艇5_前4節_開始日,艇5_前4節_終了日,艇5_前4節_場コード,艇5_前4節_場名,艇5_前4節_グレード,艇5_前4節_着順列,艇5_前5節_開始日,艇5_前5節_終了日,艇5_前5節_場コード,艇5_前5節_場名,艇5_前5節_グレード,艇5_前5節_着順列,艇6_登録番号,艇6_選手名,艇6_前1節_開始日,艇6_前1節_終了日,艇6_前1節_場コード,艇6_前1節_場名,艇6_前1節_グレード,艇6_前1節_着順列,艇6_前2節_開始日,艇6_前2節_終了日,艇6_前2節_場コード,艇6_前2節_場名,艇6_前2節_グレード,艇6_前2節_着順列,艇6_前3節_開始日,艇6_前3節_終了日,艇6_前3節_場コード,艇6_前3節_場名,艇6_前3節_グレード,艇6_前3節_着順列,艇6_前4節_開始日,艇6_前4節_終了日,艇6_前4節_場コード,艇6_前4節_場名,艇6_前4節_グレード,艇6_前4節_着順列,艇6_前5節_開始日,艇6_前5節_終了日,艇6_前5節_場コード,艇6_前5節_場名,艇6_前5節_グレード,艇6_前5節_着順列
202609110201,2026-09-11,02,01R,3075,中村 裕将,2026-08-12,2026-08-17,02,戸田,一般,２　２転４　２３３５２５,2026-08-02,2026-08-05,21,芦屋,一般,３４４　６６２,2026-07-19,2026-07-23,05,多摩川,一般,２　５５５　２５５４,2026-07-03,2026-07-08,12,住之江,一般,６５６　５４３　１　４,2026-06-24,2026-06-29,09,津,一般,２１６　２１３　４３１４,4674,池田 剛規,2026-08-25,2026-08-30,09,津,一般,４３２　３５５　４２[３],2026-08-12,2026-08-17,22,福岡,一般,３３６　２３２２１４３５,2026-07-24,2026-07-29,17,宮島,一般,２　１２５　２５３４４４,2026-07-14,2026-07-17,24,大村,一般,５３４　５　１２,2026-06-30,2026-07-04,19,下関,一般,１　５２１５３２[３],4572,渡部 悟,2026-08-28,2026-09-02,05,多摩川,ＧⅢ,４　１５４５６　５３４６,2026-08-13,2026-08-18,12,住之江,一般,２　２２３　５３５５２４,2026-08-03,2026-08-08,17,宮島,一般,３　３３２　１４１４２３,2026-07-22,2026-07-26,13,尼崎,一般,２４３　４５３　１６,2026-07-02,2026-07-07,04,平和島,一般,４２２　１１６　３６５３,3834,細川 明人,2026-08-28,2026-08-31,23,からつ,一般,６５５　４　４２,2026-08-17,2026-08-20,20,若松,一般,６４４　３４６２,2026-08-04,2026-08-09,10,三国,一般,５６３　６　６２３　５１,2026-07-23,2026-07-28,21,芦屋,一般,２４５　６６２　２６,2026-07-09,2026-07-14,15,丸亀,一般,６　５５４　５３４　３１,4555,富永 大一,2026-08-26,2026-08-31,11,びわこ,一般,２　３３２５４６４　１６,2026-08-12,2026-08-17,22,福岡,一般,２６３　４６３　５３４５,2026-07-24,2026-07-29,17,宮島,一般,５３４　６３４　４　３３,2026-07-14,2026-07-19,21,芦屋,一般,１３２　４２５　５１[２],2026-06-25,2026-06-30,13,尼崎,一般,２　３４３１６　３６６４,4631,新井 英孝,2026-08-28,2026-09-02,05,多摩川,ＧⅢ,５６６　転　６５３　３５,2026-08-13,2026-08-18,12,住之江,一般,４６F６２　３　５　４,2026-08-03,2026-08-08,04,平和島,ＧⅢ,５３６　６　６６,2026-07-20,2026-07-25,15,丸亀,一般,１３２　２６３　１６３５,2026-07-09,2026-07-13,16,児島,一般,１３３　４４３　１２
202609110202,2026-09-11,02,02R,3692,竹腰 正樹,2026-09-03,2026-09-08,10,三国,一般,６　５１１　５２２２[６],2026-08-25,2026-08-30,17,宮島,一般,３６１　６３１　３１４３,2026-08-14,2026-08-19,10,三国,一般,４　３４２　４４５５２,2026-08-05,2026-08-10,09,津,一般,２　２３２２３４２６１５,2026-07-22,2026-07-27,14,鳴門,一般,５　６５４１５　１４５１,5038,金田 智博,2026-08-28,2026-09-02,05,多摩川,ＧⅢ,３３２　１５５４２　１２,2026-08-14,2026-08-19,10,三国,一般,２５４　１５１４２３２１,2026-08-05,2026-08-10,09,津,一般,１４２４１　１２１２[３],2026-07-23,2026-07-28,03,江戸川,ＧⅢ,１　２５１　１２２　[５],2026-07-10,2026-07-15,23,からつ,一般,３５２５３４１　１　１６,4325,新出 浩司,2026-08-30,2026-09-02,21,芦屋,一般,６５３　５４５３,2026-08-15,2026-08-20,11,びわこ,一般,４　２３３５３　２４４６,2026-07-25,2026-07-29,20,若松,一般,３６３　４５３　４３,2026-07-10,2026-07-14,09,津,一般,３４１　４３１４２６,2026-06-28,2026-07-01,10,三国,一般,３３４　４５３,4887,富澤 祐作,2026-08-23,2026-08-27,18,徳山,一般,３１３　２６２６エ欠,2026-07-18,2026-07-21,04,平和島,一般,１５３５３　１５,2026-07-03,2026-07-08,12,住之江,一般,２４１　６４６　３５２,2026-06-22,2026-06-27,22,福岡,一般,３　５６F５５　６　６,2026-06-07,2026-06-12,09,津,一般,２４５　１１２　３４１２,4706,三浦 洋次朗,2026-08-31,2026-09-05,18,徳山,一般,１　３５２２３３２４１３,2026-07-24,2026-07-29,17,宮島,一般,４　６６４６２６２　１２,2026-07-14,2026-07-19,01,桐生,一般,２５２　２６５　６６４,2026-06-30,2026-07-05,16,児島,ＧⅡ,４　F　２５６　転,2026-06-21,2026-06-24,10,三国,一般,１５５２２５３６,4649,和田 操拓,2026-08-28,2026-09-02,05,多摩川,ＧⅢ,１４１　１　２５２３転３,2026-08-15,2026-08-20,11,びわこ,一般,３３１　３５３３４５１６,2026-08-05,2026-08-10,09,津,一般,３２１　３５３４２５１３,2026-07-23,2026-07-27,01,桐生,一般,１４４　２５３４１４,2026-07-10,2026-07-15,06,浜名湖,一般,５１６　６６５　６　５
202609110203,2026-09-11,02,03R,3814,金子 貴志,2026-08-25,2026-08-30,17,宮島,一般,５　３５４　３５２４５５,2026-08-14,2026-08-19,10,三国,一般,１　２１２５３３３６５５,2026-08-05,2026-08-10,09,津,一般,３６３　４２５　２５２４,2026-07-22,2026-07-26,13,尼崎,一般,４３６　５４４　３,2026-07-10,2026-07-15,06,浜名湖,一般,６５５　４２１　３　２５,4708,半田 尚也,2026-08-25,2026-08-30,17,宮島,一般,３　４４１　４２１６２３,2026-08-05,2026-08-10,14,鳴門,一般,３　２１５５４　転４３,2026-07-24,2026-07-29,17,宮島,一般,転３４　２　４５３５３１,2026-07-09,2026-07-13,16,児島,一般,３　１２３５２６１５,2026-05-29,2026-06-03,11,びわこ,一般,４５３　６４６　４３５,5220,青木 蓮,2026-09-01,2026-09-04,24,大村,一般,１　３落３１４３,2026-08-22,2026-08-27,08,常滑,ＧⅢ,４６４　１６,2026-08-12,2026-08-17,02,戸田,一般,３１５　１１３　３　３１,2026-07-29,2026-08-01,18,徳山,一般,２　３１２１[４],2026-07-18,2026-07-23,09,津,ＧⅢ,１２４　５　転２１１１６,5008,羽野 諒,2026-08-26,2026-08-30,14,鳴門,一般,４　３４５　３１１１,2026-08-12,2026-08-17,22,福岡,一般,２　１３５４５５３　４５,2026-08-02,2026-08-05,21,芦屋,一般,６４２　３４６,2026-07-17,2026-07-22,16,児島,ＧⅢ,３　３５１４６　６６３,2026-07-02,2026-07-07,04,平和島,一般,１　６４４４１　２４４,4388,是澤 孝宏,2026-08-29,2026-09-03,16,児島,一般,２４２１５　４１４４１５,2026-08-15,2026-08-20,11,びわこ,一般,２１２２４　１２２２[１],2026-08-03,2026-08-08,17,宮島,一般,１　４２３２３３４２[５],2026-07-18,2026-07-22,10,三国,一般,６３１４３　５５１２,2026-07-10,2026-07-13,19,下関,一般,２　４２２２[２],4370,山口 達也,2026-08-19,2026-08-24,19,下関,一般,５１２　１２２１２１[６],2026-08-08,2026-08-13,16,児島,一般,３５３　２１１１２１[２],2026-07-07,2026-07-12,20,若松,ＧⅢ,４２１　１１４１１１[１],2026-06-30,2026-07-05,16,児島,ＧⅡ,１３６　２　３４６　２６,2026-06-17,2026-06-22,24,大村,ＧⅡ,６２４　５６２　３６６
202609110204,2026-09-11,02,04R,4615,板倉 敦史,2026-08-20,2026-08-23,24,大村,一般,４　４２５　５４,2026-08-09,2026-08-15,03,江戸川,一般,５６４　３１３　４３１６,2026-07-25,2026-07-29,20,若松,一般,４　４２１３４５２４,2026-07-14,2026-07-19,21,芦屋,一般,５　５３６　５２２　６４,2026-07-02,2026-07-07,04,平和島,一般,４　４５３　２６４　１４,4467,渡邉 俊介,2026-08-30,2026-09-03,08,常滑,一般,４５３　１６４落５,2026-08-11,2026-08-16,07,蒲郡,一般,３３３　４４１　２６１６,2026-07-28,2026-08-02,15,丸亀,一般,５　３５５　１３３５２３,2026-07-16,2026-07-21,11,びわこ,一般,３５５３２,2026-07-07,2026-07-12,02,戸田,ＧⅡ,２　４５２　４　２４４,4363,大野 芳顕,2026-08-29,2026-09-03,19,下関,一般,４　４５３１３４１　２４,2026-08-20,2026-08-23,24,大村,一般,２４５　３転１,2026-08-10,2026-08-15,21,芦屋,一般,５　２５１６２　５１３３,2026-07-22,2026-07-26,13,尼崎,一般,３５３　１１４５妨４,2026-07-07,2026-07-12,20,若松,ＧⅢ,５　４２５５５４３　４３,5313,鈴木 唯央,2026-08-26,2026-08-31,11,びわこ,一般,５２４　６　４４２　３４,2026-07-22,2026-07-25,24,大村,一般,６　５５３　３３,2026-07-09,2026-07-13,16,児島,一般,５　３３４３２　４４,2026-06-24,2026-06-29,09,津,一般,１　４F３３３　６　５,2026-05-13,2026-05-18,19,下関,一般,５５６　４　５５３　５２,4883,岡部 大輝,2026-08-30,2026-09-03,08,常滑,一般,２１２５１２２５１１,2026-08-15,2026-08-20,05,多摩川,一般,６　３６６　４２５　１５,2026-08-04,2026-08-09,12,住之江,一般,４１１　２２１　１１[４],2026-07-27,2026-07-31,19,下関,一般,１　１６５１３１[３],2026-07-18,2026-07-22,10,三国,一般,３　２５１１１３２２,3161,古場 輝義,2026-08-29,2026-09-03,16,児島,一般,３３３　４６３,2026-08-17,2026-08-20,20,若松,一般,２５２６５５３３,2026-08-03,2026-08-08,04,平和島,ＧⅢ,４１６　４４４　４６６,2026-07-15,2026-07-21,12,住之江,一般,５　５４,2026-07-05,2026-07-09,05,多摩川,一般,２　２３３５２４３５
202609110205,2026-09-11,02,05R,3514,山一 鉄也,2026-08-31,2026-09-05,20,若松,ＧⅢ,１　４３４２３２１５１１,2026-08-10,2026-08-15,21,芦屋,一般,１　２３６　４３５５６６,2026-07-31,2026-08-04,13,尼崎,一般,２　５２２３４６１５,2026-07-17,2026-07-22,16,児島,ＧⅢ,５３４　６　５４５５５１,2026-07-07,2026-07-12,10,三国,ＧⅢ,１４１６２　３５６４４４,4692,酒井 俊弘,2026-08-28,2026-09-02,05,多摩川,ＧⅢ,６　２６３１落,2026-08-15,2026-08-20,11,びわこ,一般,５　６３５　６４６　５６,2026-07-28,2026-08-02,16,児島,一般,５４１３６　４　３２６４,2026-07-18,2026-07-21,04,平和島,一般,４２２　１１２４,2026-06-13,2026-06-16,06,浜名湖,一般,５６５６２　５４,4846,佐藤 駿介,2026-08-26,2026-08-31,11,びわこ,一般,５６３　５　５５４　６５,2026-08-11,2026-08-16,19,下関,一般,３５５　６　２５２　３２,2026-07-28,2026-07-31,24,大村,一般,６４６　２　６２,2026-07-14,2026-07-19,01,桐生,一般,１３２４３　６　１５６６,2026-06-30,2026-07-04,19,下関,一般,１３５６４　５　５３,4295,小坂 尚哉,2026-08-29,2026-09-03,19,下関,一般,２２２１１　１１２１[１],2026-08-20,2026-08-23,04,平和島,一般,５５２３２１３１,2026-08-09,2026-08-14,13,尼崎,一般,１２２　２４２２３　３１,2026-07-29,2026-08-03,23,からつ,一般,１２２２２　１３４１[１],2026-07-15,2026-07-21,12,住之江,一般,５　１１２２３　１１２３[３],3589,西村 勝,2026-08-27,2026-08-31,04,平和島,一般,４　６５４　１４６６,2026-08-16,2026-08-19,14,鳴門,一般,５３５　３２５２,2026-07-07,2026-07-12,08,常滑,一般,１　６６２４４　４６６６,2026-06-27,2026-07-01,02,戸田,一般,４　６３６　６６６,2026-06-14,2026-06-17,12,住之江,一般,２　４６F　６,4674,池田 剛規,2026-08-25,2026-08-30,09,津,一般,４３２　３５５　４２[３],2026-08-12,2026-08-17,22,福岡,一般,３３６　２３２２１４３５,2026-07-24,2026-07-29,17,宮島,一般,２　１２５　２５３４４４,2026-07-14,2026-07-17,24,大村,一般,５３４　５　１２,2026-06-30,2026-07-04,19,下関,一般,１　５２１５３２[３]
202609110206,2026-09-11,02,06R,4887,富澤 祐作,2026-08-23,2026-08-27,18,徳山,一般,３１３　２６２６エ欠,2026-07-18,2026-07-21,04,平和島,一般,１５３５３　１５,2026-07-03,2026-07-08,12,住之江,一般,２４１　６４６　３５２,2026-06-22,2026-06-27,22,福岡,一般,３　５６F５５　６　６,2026-06-07,2026-06-12,09,津,一般,２４５　１１２　３４１２,4451,松崎 祐太郎,2026-08-27,2026-09-01,07,蒲郡,一般,１４２　２３２２１１[３],2026-08-12,2026-08-17,22,福岡,一般,３　妨６,2026-08-03,2026-08-08,19,下関,一般,４　３２５２２３２４１２,2026-07-22,2026-07-27,14,鳴門,一般,妨１,2026-07-10,2026-07-15,22,福岡,一般,３５１　６欠,4578,藤山 雅弘,2026-08-31,2026-09-05,18,徳山,一般,２５４６３１１　１６４６,2026-08-20,2026-08-25,21,芦屋,一般,３　５１４２３６２　６１,2026-07-29,2026-08-03,22,福岡,一般,４３６３２　３３１５１５,2026-07-18,2026-07-22,10,三国,一般,６　１３５６２　４１,2026-07-10,2026-07-14,09,津,一般,１２２５２　２３４１,5259,野田 昇吾,2026-08-21,2026-08-26,03,江戸川,一般,５　５５３　３４２　３不,2026-08-05,2026-08-10,09,津,一般,３　２　３５１　５　４,2026-07-05,2026-07-09,05,多摩川,一般,６　３　５６６３４５,2026-06-21,2026-06-26,16,児島,一般,５　５６６　６３５　５６,2026-06-05,2026-06-10,01,桐生,一般,６　３４４　６５６　３５,4351,里岡 右貴,2026-08-31,2026-09-05,18,徳山,一般,１４４　３１１２４１[２],2026-07-24,2026-07-29,17,宮島,一般,４２２３２　１３２２[２],2026-07-10,2026-07-15,22,福岡,一般,１５１　３２２１５１[３],2026-06-24,2026-06-29,09,津,一般,３２４F３１４　３　４,2026-06-15,2026-06-20,21,芦屋,一般,１２１４２　２４３１[１],5455,澁澤 周羽,2026-08-27,2026-09-01,07,蒲郡,一般,６６６　６　６　６４５６,2026-08-11,2026-08-16,01,桐生,一般,６　４　６６６　６３５,2026-07-24,2026-07-27,06,浜名湖,一般,６　５６６　６６,2026-07-10,2026-07-14,09,津,一般,６６６　６　６５５６,2026-06-27,2026-07-01,02,戸田,一般,６　６６５　６６５
202609110207,2026-09-11,02,07R,4762,藤原 啓史朗,2026-08-29,2026-09-03,19,下関,一般,１５４２２　１３４３４１,2026-08-20,2026-08-23,23,からつ,一般,１１３１４１[転],2026-08-08,2026-08-13,16,児島,一般,３４１１３３１　２３[３],2026-07-25,2026-07-29,20,若松,一般,１４１２２　１２[６],2026-07-14,2026-07-19,21,芦屋,一般,２３２３２　１２４１[１],4973,栗原 直也,2026-08-28,2026-09-02,05,多摩川,ＧⅢ,１２４　２４２３５転,2026-08-19,2026-08-24,19,下関,一般,４６１６３　５　３６２１,2026-06-14,2026-06-18,01,桐生,一般,２　４３３５５２２,2026-05-29,2026-06-03,11,びわこ,一般,１　４１６２３３３エ１３,2026-05-16,2026-05-21,14,鳴門,一般,２　５６４６６３５　４１,4866,橋本 英一,2026-08-26,2026-08-31,11,びわこ,一般,３２５　５２５　６５２,2026-08-12,2026-08-17,22,福岡,一般,４　４４６　１５６　３４,2026-07-24,2026-07-29,17,宮島,一般,１５３　６６１　４　５５,2026-07-14,2026-07-17,24,大村,一般,６　３３４　１６,2026-06-30,2026-07-05,06,浜名湖,一般,２１２　４６３１１６２落,3075,中村 裕将,2026-08-12,2026-08-17,02,戸田,一般,２　２転４　２３３５２５,2026-08-02,2026-08-05,21,芦屋,一般,３４４　６６２,2026-07-19,2026-07-23,05,多摩川,一般,２　５５５　２５５４,2026-07-03,2026-07-08,12,住之江,一般,６５６　５４３　１　４,2026-06-24,2026-06-29,09,津,一般,２１６　２１３　４３１４,3814,金子 貴志,2026-08-25,2026-08-30,17,宮島,一般,５　３５４　３５２４５５,2026-08-14,2026-08-19,10,三国,一般,１　２１２５３３３６５５,2026-08-05,2026-08-10,09,津,一般,３６３　４２５　２５２４,2026-07-22,2026-07-26,13,尼崎,一般,４３６　５４４　３,2026-07-10,2026-07-15,06,浜名湖,一般,６５５　４２１　３　２５,4325,新出 浩司,2026-08-30,2026-09-02,21,芦屋,一般,６５３　５４５３,2026-08-15,2026-08-20,11,びわこ,一般,４　２３３５３　２４４６,2026-07-25,2026-07-29,20,若松,一般,３６３　４５３　４３,2026-07-10,2026-07-14,09,津,一般,３４１　４３１４２６,2026-06-28,2026-07-01,10,三国,一般,３３４　４５３
202609110208,2026-09-11,02,08R,5008,羽野 諒,2026-08-26,2026-08-30,14,鳴門,一般,４　３４５　３１１１,2026-08-12,2026-08-17,22,福岡,一般,２　１３５４５５３　４５,2026-08-02,2026-08-05,21,芦屋,一般,６４２　３４６,2026-07-17,2026-07-22,16,児島,ＧⅢ,３　３５１４６　６６３,2026-07-02,2026-07-07,04,平和島,一般,１　６４４４１　２４４,4555,富永 大一,2026-08-26,2026-08-31,11,びわこ,一般,２　３３２５４６４　１６,2026-08-12,2026-08-17,22,福岡,一般,２６３　４６３　５３４５,2026-07-24,2026-07-29,17,宮島,一般,５３４　６３４　４　３３,2026-07-14,2026-07-19,21,芦屋,一般,１３２　４２５　５１[２],2026-06-25,2026-06-30,13,尼崎,一般,２　３４３１６　３６６４,5126,山下 大輝,2026-08-29,2026-09-03,16,児島,一般,４６,2026-08-20,2026-08-23,24,大村,一般,１４２５２２[３],2026-08-09,2026-08-14,13,尼崎,一般,１　１４３２１　５　１３,2026-07-23,2026-07-27,01,桐生,一般,２３２３１　５１[６],2026-07-12,2026-07-16,05,多摩川,一般,１３３１１２３１[１],4615,板倉 敦史,2026-08-20,2026-08-23,24,大村,一般,４　４２５　５４,2026-08-09,2026-08-15,03,江戸川,一般,５６４　３１３　４３１６,2026-07-25,2026-07-29,20,若松,一般,４　４２１３４５２４,2026-07-14,2026-07-19,21,芦屋,一般,５　５３６　５２２　６４,2026-07-02,2026-07-07,04,平和島,一般,４　４５３　２６４　１４,3072,西田 靖,2026-08-30,2026-09-03,08,常滑,一般,３　１６３６６２３,2026-08-15,2026-08-20,05,多摩川,一般,３５２　２　４３３６５３,2026-08-02,2026-08-05,21,芦屋,一般,６６６　５６６,2026-07-19,2026-07-23,05,多摩川,一般,１　６　１１２４２５,2026-07-07,2026-07-12,10,三国,ＧⅢ,６１６　６５４　６　５６,4886,入海 馨,2026-08-29,2026-09-03,16,児島,一般,６３２　１３１３１２[４],2026-08-20,2026-08-23,04,平和島,一般,３２１１４　[２],2026-08-07,2026-08-11,15,丸亀,一般,４１６５１１４２[３],2026-07-28,2026-08-02,11,びわこ,ＳＧ,６　５４１　３　転２３,2026-07-12,2026-07-16,05,多摩川,一般,１２４２４　２２[３]
202609110209,2026-09-11,02,09R,4388,是澤 孝宏,2026-08-29,2026-09-03,16,児島,一般,２４２１５　４１４４１５,2026-08-15,2026-08-20,11,びわこ,一般,２１２２４　１２２２[１],2026-08-03,2026-08-08,17,宮島,一般,１　４２３２３３４２[５],2026-07-18,2026-07-22,10,三国,一般,６３１４３　５５１２,2026-07-10,2026-07-13,19,下関,一般,２　４２２２[２],4163,山崎 裕司,2026-08-29,2026-09-03,19,下関,一般,１　４２３３３　２４１３,2026-08-14,2026-08-19,17,宮島,一般,５　４３６４５１２　５１,2026-08-05,2026-08-10,09,津,一般,６　６２１　６５１　４１,2026-07-20,2026-07-25,15,丸亀,一般,４　５２２４３２２６３,2026-07-11,2026-07-14,04,平和島,一般,３２３５２　１４,3161,古場 輝義,2026-08-29,2026-09-03,16,児島,一般,３３３　４６３,2026-08-17,2026-08-20,20,若松,一般,２５２６５５３３,2026-08-03,2026-08-08,04,平和島,ＧⅢ,４１６　４４４　４６６,2026-07-15,2026-07-21,12,住之江,一般,５　５４,2026-07-05,2026-07-09,05,多摩川,一般,２　２３３５２４３５,3514,山一 鉄也,2026-08-31,2026-09-05,20,若松,ＧⅢ,１　４３４２３２１５１１,2026-08-10,2026-08-15,21,芦屋,一般,１　２３６　４３５５６６,2026-07-31,2026-08-04,13,尼崎,一般,２　５２２３４６１５,2026-07-17,2026-07-22,16,児島,ＧⅢ,５３４　６　５４５５５１,2026-07-07,2026-07-12,10,三国,ＧⅢ,１４１６２　３５６４４４,4865,立具 敬司,2026-08-05,2026-08-10,14,鳴門,一般,６６２　３１６　６３６,2026-07-22,2026-07-26,13,尼崎,一般,６　６５２　１６５,2026-07-04,2026-07-09,01,桐生,一般,３　F４４　３５４　６,2026-02-22,2026-02-28,12,住之江,一般,１３６　３　５１３　６４３５,2026-02-11,2026-02-14,14,鳴門,一般,３５５　４１５２,5038,金田 智博,2026-08-28,2026-09-02,05,多摩川,ＧⅢ,３３２　１５５４２　１２,2026-08-14,2026-08-19,10,三国,一般,２５４　１５１４２３２１,2026-08-05,2026-08-10,09,津,一般,１４２４１　１２１２[３],2026-07-23,2026-07-28,03,江戸川,ＧⅢ,１　２５１　１２２　[５],2026-07-10,2026-07-15,23,からつ,一般,３５２５３４１　１　１６
202609110210,2026-09-11,02,10R,4363,大野 芳顕,2026-08-29,2026-09-03,19,下関,一般,４　４５３１３４１　２４,2026-08-20,2026-08-23,24,大村,一般,２４５　３転１,2026-08-10,2026-08-15,21,芦屋,一般,５　２５１６２　５１３３,2026-07-22,2026-07-26,13,尼崎,一般,３５３　１１４５妨４,2026-07-07,2026-07-12,20,若松,ＧⅢ,５　４２５５５４３　４３,4706,三浦 洋次朗,2026-08-31,2026-09-05,18,徳山,一般,１　３５２２３３２４１３,2026-07-24,2026-07-29,17,宮島,一般,４　６６４６２６２　１２,2026-07-14,2026-07-19,01,桐生,一般,２５２　２６５　６６４,2026-06-30,2026-07-05,16,児島,ＧⅡ,４　F　２５６　転,2026-06-21,2026-06-24,10,三国,一般,１５５２２５３６,4631,新井 英孝,2026-08-28,2026-09-02,05,多摩川,ＧⅢ,５６６　転　６５３　３５,2026-08-13,2026-08-18,12,住之江,一般,４６F６２　３　５　４,2026-08-03,2026-08-08,04,平和島,ＧⅢ,５３６　６　６６,2026-07-20,2026-07-25,15,丸亀,一般,１３２　２６３　１６３５,2026-07-09,2026-07-13,16,児島,一般,１３３　４４３　１２,4692,酒井 俊弘,2026-08-28,2026-09-02,05,多摩川,ＧⅢ,６　２６３１落,2026-08-15,2026-08-20,11,びわこ,一般,５　６３５　６４６　５６,2026-07-28,2026-08-02,16,児島,一般,５４１３６　４　３２６４,2026-07-18,2026-07-21,04,平和島,一般,４２２　１１２４,2026-06-13,2026-06-16,06,浜名湖,一般,５６５６２　５４,4451,松崎 祐太郎,2026-08-27,2026-09-01,07,蒲郡,一般,１４２　２３２２１１[３],2026-08-12,2026-08-17,22,福岡,一般,３　妨６,2026-08-03,2026-08-08,19,下関,一般,４　３２５２２３２４１２,2026-07-22,2026-07-27,14,鳴門,一般,妨１,2026-07-10,2026-07-15,22,福岡,一般,３５１　６欠,3711,江本 真治,2026-08-31,2026-09-05,18,徳山,一般,４３５　４３３２３１５３,2026-08-19,2026-08-24,19,下関,一般,１　３３２６３３１６１６,2026-07-13,2026-07-18,07,蒲郡,ＧⅡ,２　２４５　６　２５３４,2026-07-04,2026-07-09,18,徳山,一般,１４３４３　４３２３１３,2026-06-21,2026-06-24,19,下関,一般,３　３４２２３２
202609110211,2026-09-11,02,11R,5220,青木 蓮,2026-09-01,2026-09-04,24,大村,一般,１　３落３１４３,2026-08-22,2026-08-27,08,常滑,ＧⅢ,４６４　１６,2026-08-12,2026-08-17,02,戸田,一般,３１５　１１３　３　３１,2026-07-29,2026-08-01,18,徳山,一般,２　３１２１[４],2026-07-18,2026-07-23,09,津,ＧⅢ,１２４　５　転２１１１６,4578,藤山 雅弘,2026-08-31,2026-09-05,18,徳山,一般,２５４６３１１　１６４６,2026-08-20,2026-08-25,21,芦屋,一般,３　５１４２３６２　６１,2026-07-29,2026-08-03,22,福岡,一般,４３６３２　３３１５１５,2026-07-18,2026-07-22,10,三国,一般,６　１３５６２　４１,2026-07-10,2026-07-14,09,津,一般,１２２５２　２３４１,3692,竹腰 正樹,2026-09-03,2026-09-08,10,三国,一般,６　５１１　５２２２[６],2026-08-25,2026-08-30,17,宮島,一般,３６１　６３１　３１４３,2026-08-14,2026-08-19,10,三国,一般,４　３４２　４４５５２,2026-08-05,2026-08-10,09,津,一般,２　２３２２３４２６１５,2026-07-22,2026-07-27,14,鳴門,一般,５　６５４１５　１４５１,4883,岡部 大輝,2026-08-30,2026-09-03,08,常滑,一般,２１２５１２２５１１,2026-08-15,2026-08-20,05,多摩川,一般,６　３６６　４２５　１５,2026-08-04,2026-08-09,12,住之江,一般,４１１　２２１　１１[４],2026-07-27,2026-07-31,19,下関,一般,１　１６５１３１[３],2026-07-18,2026-07-22,10,三国,一般,３　２５１１１３２２,4572,渡部 悟,2026-08-28,2026-09-02,05,多摩川,ＧⅢ,４　１５４５６　５３４６,2026-08-13,2026-08-18,12,住之江,一般,２　２２３　５３５５２４,2026-08-03,2026-08-08,17,宮島,一般,３　３３２　１４１４２３,2026-07-22,2026-07-26,13,尼崎,一般,２４３　４５３　１６,2026-07-02,2026-07-07,04,平和島,一般,４２２　１１６　３６５３,4539,金子 賢志,2026-08-29,2026-09-03,19,下関,一般,４４３３１　２６３２[５],2026-08-11,2026-08-16,01,桐生,一般,１　５２２　２３２　[６],2026-08-03,2026-08-08,04,平和島,ＧⅢ,４　３２１３５５１　４１,2026-07-24,2026-07-27,12,住之江,一般,１６３　３４１３,2026-07-13,2026-07-18,07,蒲郡,ＧⅡ,４６３　３　１５４３６
202609110212,2026-09-11,02,12R,4295,小坂 尚哉,2026-08-29,2026-09-03,19,下関,一般,２２２１１　１１２１[１],2026-08-20,2026-08-23,04,平和島,一般,５５２３２１３１,2026-08-09,2026-08-14,13,尼崎,一般,１２２　２４２２３　３１,2026-07-29,2026-08-03,23,からつ,一般,１２２２２　１３４１[１],2026-07-15,2026-07-21,12,住之江,一般,５　１１２２３　１１２３[３],4351,里岡 右貴,2026-08-31,2026-09-05,18,徳山,一般,１４４　３１１２４１[２],2026-07-24,2026-07-29,17,宮島,一般,４２２３２　１３２２[２],2026-07-10,2026-07-15,22,福岡,一般,１５１　３２２１５１[３],2026-06-24,2026-06-29,09,津,一般,３２４F３１４　３　４,2026-06-15,2026-06-20,21,芦屋,一般,１２１４２　２４３１[１],4370,山口 達也,2026-08-19,2026-08-24,19,下関,一般,５１２　１２２１２１[６],2026-08-08,2026-08-13,16,児島,一般,３５３　２１１１２１[２],2026-07-07,2026-07-12,20,若松,ＧⅢ,４２１　１１４１１１[１],2026-06-30,2026-07-05,16,児島,ＧⅡ,１３６　２　３４６　２６,2026-06-17,2026-06-22,24,大村,ＧⅡ,６２４　５６２　３６６,4762,藤原 啓史朗,2026-08-29,2026-09-03,19,下関,一般,１５４２２　１３４３４１,2026-08-20,2026-08-23,23,からつ,一般,１１３１４１[転],2026-08-08,2026-08-13,16,児島,一般,３４１１３３１　２３[３],2026-07-25,2026-07-29,20,若松,一般,１４１２２　１２[６],2026-07-14,2026-07-19,21,芦屋,一般,２３２３２　１２４１[１],4467,渡邉 俊介,2026-08-30,2026-09-03,08,常滑,一般,４５３　１６４落５,2026-08-11,2026-08-16,07,蒲郡,一般,３３３　４４１　２６１６,2026-07-28,2026-08-02,15,丸亀,一般,５　３５５　１３３５２３,2026-07-16,2026-07-21,11,びわこ,一般,３５５３２,2026-07-07,2026-07-12,02,戸田,ＧⅡ,２　４５２　４　２４４,5126,山下 大輝,2026-08-29,2026-09-03,16,児島,一般,４６,2026-08-20,2026-08-23,24,大村,一般,１４２５２２[３],2026-08-09,2026-08-14,13,尼崎,一般,１　１４３２１　５　１３,2026-07-23,2026-07-27,01,桐生,一般,２３２３１　５１[６],2026-07-12,2026-07-16,05,多摩川,一般,１３３１１２３１[１]
202609110301,2026-09-11,03,01R,3859,多羅尾 達之,2026-08-22,2026-08-27,22,福岡,一般,６　２４２　２６５２１４,2026-08-11,2026-08-16,04,平和島,一般,転　欠,2026-07-25,2026-07-29,20,若松,一般,５　５６５６,2026-07-15,2026-07-19,08,常滑,一般,６２１　３６３３５,2026-06-26,2026-07-02,24,大村,一般,４　４６５　５５６　２５２４,3303,渡辺 豊,2026-08-20,2026-08-25,21,芦屋,一般,５４３　４４３　２４２５,2026-08-09,2026-08-15,03,江戸川,一般,４４５　４６１　６５１,2026-07-27,2026-08-01,10,三国,一般,４　５４４　５４３　６,2026-07-14,2026-07-19,01,桐生,一般,６１５　５６２　４　２５,2026-07-07,2026-07-12,10,三国,ＧⅢ,２　４４２　５６１６４,3664,鈴木 賢一,2026-08-20,2026-08-23,02,戸田,一般,５　２３５３５１,2026-08-03,2026-08-08,04,平和島,ＧⅢ,５６５　４　４６５　１５,2026-07-23,2026-07-27,01,桐生,一般,５１３　３６２　３２,2026-06-29,2026-07-03,11,びわこ,一般,４　２６転欠,2026-06-17,2026-06-22,17,宮島,ＧⅢ,４２２　２６３　５６２５,4981,牧山 敦也,2026-08-22,2026-08-26,20,若松,一般,１　２４２４５３５１,2026-08-11,2026-08-16,19,下関,一般,２　２２１４５　３４５２,2026-07-31,2026-08-03,20,若松,一般,　　　　　　２５,2026-07-22,2026-07-25,24,大村,一般,３　３３１４１２,2026-07-10,2026-07-15,06,浜名湖,一般,１　２５６　２２６５５６,3839,川合 理司,2026-08-17,2026-08-21,13,尼崎,一般,５　５５６　４　５４,2026-07-31,2026-08-03,20,若松,一般,５　１５６６６,2026-07-16,2026-07-21,11,びわこ,一般,２　６　６６２　６　６,2026-07-05,2026-07-09,05,多摩川,一般,５　６　５６４５５,2026-06-24,2026-06-28,04,平和島,一般,５　３５４５３６,3956,横澤 剛治,2026-08-23,2026-08-27,18,徳山,一般,１３６５３　４３２１,2026-08-11,2026-08-16,06,浜名湖,一般,６　５６５　４４欠,2026-07-31,2026-08-05,06,浜名湖,ＧⅢ,１　１１３４１３４２[５],2026-07-14,2026-07-17,24,大村,一般,３５６１６　５,2026-07-02,2026-07-07,04,平和島,一般,５　４２
202609110302,2026-09-11,03,02R,4142,平野 和明,2026-08-21,2026-08-24,07,蒲郡,一般,１　２３４２[３],2026-08-10,2026-08-15,08,常滑,一般,６２２　２４２３４６２６,2026-07-28,2026-07-31,24,大村,一般,２６３　３４４,2026-07-02,2026-07-07,04,平和島,一般,３３３　６３４　１４３,2026-06-21,2026-06-26,16,児島,一般,５　３３１１２３６４２４,5053,山口 広樹,2026-08-21,2026-08-26,06,浜名湖,一般,１５２　２６４３３５１６,2026-08-10,2026-08-15,21,芦屋,一般,４５５　５５４　３１３,2026-07-23,2026-07-27,01,桐生,一般,６　６５５　６５２,2026-07-10,2026-07-15,22,福岡,一般,５　６６４　３５６　６５,2026-06-04,2026-06-08,08,常滑,一般,１　２４６２４４４２,4257,古川 健,2026-08-20,2026-08-25,21,芦屋,一般,１　１３３　６４３５１３,2026-07-29,2026-08-01,18,徳山,一般,６２５　３２５,2026-07-15,2026-07-19,17,宮島,一般,１４２　２６２５２６,2026-06-30,2026-07-05,06,浜名湖,一般,２　５２１　４３２５１５,2026-06-19,2026-06-24,11,びわこ,一般,１４４　３３５　１１５６,4179,広次 修,2026-08-25,2026-08-30,09,津,一般,３３５　４６３　３　３１,2026-08-11,2026-08-16,19,下関,一般,３　１６４６２　１３４６,2026-07-24,2026-07-29,17,宮島,一般,３２３２３４３　１３３３,2026-07-14,2026-07-17,24,大村,一般,２３３　５６１６,2026-07-04,2026-07-09,01,桐生,一般,５２５　１　２２５２[５],5427,港 理樹,2026-08-26,2026-08-31,11,びわこ,一般,６３６　３２６　３　５６,2026-08-11,2026-08-16,04,平和島,一般,２　３５４６４　６５２,2026-08-03,2026-08-08,04,平和島,ＧⅢ,　　　　　　　　　　６６,2026-07-24,2026-07-27,06,浜名湖,一般,６２６　４６５４,2026-07-11,2026-07-16,03,江戸川,一般,５　３５５５４　５３６,4598,加藤 政彦,2026-08-20,2026-08-25,21,芦屋,一般,３４４　２３１２３２[５],2026-08-09,2026-08-15,03,江戸川,一般,１　４４１　２５４　６１,2026-07-29,2026-08-03,23,からつ,一般,５　２１１　３６,2026-07-18,2026-07-22,10,三国,一般,６１５　４　転４３,2026-07-05,2026-07-09,05,多摩川,一般,２１２　２４６５１４
202609110303,2026-09-11,03,03R,5378,鈴木 結平太,2026-08-11,2026-08-16,06,浜名湖,一般,６６６　５　５６６　６５,2026-07-23,2026-07-27,01,桐生,一般,６　５４４　６５５,2026-07-15,2026-07-19,08,常滑,一般,　　　　　　　　６６,2026-07-10,2026-07-15,06,浜名湖,一般,　　　　　　　　　　６６,2026-07-02,2026-07-07,04,平和島,一般,６　６６６　５６６　５,5138,村本 大成,2026-08-20,2026-08-23,04,平和島,一般,５　５６５　４５,2026-08-04,2026-08-09,12,住之江,一般,６　６３６　５　６４３,2026-07-24,2026-07-27,02,戸田,一般,３　６４６６５,2026-07-10,2026-07-15,22,福岡,一般,１　５５６　２６６３５,2026-06-25,2026-06-29,21,芦屋,一般,５　３２３　２４５２,4640,山ノ内 雅人,2026-08-24,2026-08-29,13,尼崎,一般,１　４５３３２５２F４,2026-08-10,2026-08-15,21,芦屋,一般,２３４　４２４４３　１５,2026-07-27,2026-08-01,10,三国,一般,４３１３３５１　５６１５,2026-07-18,2026-07-21,04,平和島,一般,２２３　２５３５,2026-07-10,2026-07-13,19,下関,一般,４５１　３６２６,5315,浅井 翼,2026-08-28,2026-09-02,05,多摩川,ＧⅢ,　　　　　　　　　　６５,2026-08-21,2026-08-26,06,浜名湖,一般,５５３　５６６　６　転６,2026-08-08,2026-08-11,05,多摩川,一般,２　２　３５１５,2026-07-11,2026-07-16,03,江戸川,一般,１６５　１６転　６６６２,2026-06-30,2026-07-04,19,下関,一般,６　４５２　２４６４,3931,黒崎 竜也,2026-08-27,2026-08-31,04,平和島,一般,１３３　４２６５１２,2026-08-15,2026-08-20,09,津,一般,１　２２３３２４３４１３,2026-07-31,2026-08-05,06,浜名湖,ＧⅢ,５１６　４３３　１３３２,2026-07-22,2026-07-26,13,尼崎,一般,４　４４１２１６２５,2026-07-13,2026-07-18,07,蒲郡,ＧⅡ,３　２　４５１　１４５４,4427,秦 英悟,2026-08-26,2026-08-31,11,びわこ,一般,１１４６４５３　４３２２,2026-08-13,2026-08-18,12,住之江,一般,１　１１２　３２１３１１,2026-07-29,2026-08-03,22,福岡,一般,１６１１１　１１２１[１],2026-07-15,2026-07-20,18,徳山,一般,１３１２３　１３３１[１],2026-07-02,2026-07-06,21,芦屋,一般,１１１２２３１２[５]
202609110304,2026-09-11,03,04R,4173,岡谷 健吾,2026-08-21,2026-08-24,07,蒲郡,一般,１５３３３５４６,2026-08-08,2026-08-13,16,児島,一般,３２３　４２２　２４３３,2026-07-28,2026-07-31,24,大村,一般,６５６４４　１,2026-07-15,2026-07-21,12,住之江,一般,１４１　３４２　４４３１５１,2026-06-30,2026-07-04,19,下関,一般,３５１４６　５　４４,4258,関根 彰人,2026-08-21,2026-08-26,06,浜名湖,一般,３５４　３　２６２４６６,2026-08-05,2026-08-10,09,津,一般,２　５６１　２５４５２６,2026-07-24,2026-07-27,02,戸田,一般,１３６５２　２２,2026-07-07,2026-07-12,20,若松,ＧⅢ,３４５　３　４４２　５３,2026-06-25,2026-06-30,01,桐生,ＧⅢ,１　６５５５５　５　３４,4623,中北 将史,2026-08-23,2026-08-27,18,徳山,一般,１２５４５　６５１,2026-08-15,2026-08-20,09,津,一般,２６５　１４２　２２５,2026-08-05,2026-08-10,09,津,一般,４　２３２　５３３６４６,2026-07-22,2026-07-25,24,大村,一般,２２５　１６４６,2026-07-10,2026-07-15,06,浜名湖,一般,５４６　１３６　２　４４,4000,松本 博昭,2026-08-25,2026-08-30,17,宮島,一般,３　２３２２１３１３４３,2026-08-05,2026-08-10,14,鳴門,一般,３５５２３２３　５３４３,2026-07-24,2026-07-27,06,浜名湖,一般,２　１６２４２４,2026-07-14,2026-07-19,21,芦屋,一般,３１２　３３４６３６１４,2026-07-03,2026-07-06,09,津,一般,５１３４５　２４,3655,本橋 克洋,2026-08-22,2026-08-27,22,福岡,一般,５４３　４３１　６５５１,2026-08-11,2026-08-16,01,桐生,一般,４６６　２　５３２　４３,2026-07-22,2026-07-27,14,鳴門,一般,４３２　３４３６１　２６,2026-06-14,2026-06-18,01,桐生,一般,３　１３６４４　５５,2026-06-03,2026-06-07,03,江戸川,一般,３２２　３３２５,3685,荒井 輝年,2026-08-20,2026-08-23,04,平和島,一般,６　３５５１２３,2026-07-13,2026-07-18,07,蒲郡,ＧⅡ,６　４　６５３　５４６,2026-07-05,2026-07-09,05,多摩川,一般,２６１　３１２３４１,2026-06-24,2026-06-29,03,江戸川,一般,２５１　２５４　１１１１,2026-06-03,2026-06-08,21,芦屋,一般,１２５　２４２１２１[F]
202609110305,2026-09-11,03,05R,4880,澤崎 雄哉,2026-08-22,2026-08-26,20,若松,一般,３４３４１　２３６１,2026-08-11,2026-08-16,01,桐生,一般,４２５　４６６　５　５６,2026-07-31,2026-08-04,13,尼崎,一般,３４５,2026-07-17,2026-07-22,16,児島,ＧⅢ,５　３６３　２１５３３,2026-06-30,2026-07-05,06,浜名湖,一般,１　３２３２４５３４２２,5279,石渡 翔一郎,2026-08-26,2026-08-31,11,びわこ,一般,４　３４２　２４１３１３,2026-08-09,2026-08-15,03,江戸川,一般,２　２３４　２１転　３,2026-07-30,2026-08-04,08,常滑,一般,１　１４１４落５２　３４,2026-07-18,2026-07-23,09,津,ＧⅢ,５　２３６　欠　２５２３,2026-07-10,2026-07-13,19,下関,一般,５　３３３　５２,5120,山本 稔太朗,2026-08-20,2026-08-23,02,戸田,一般,６　２３６６４６,2026-08-03,2026-08-08,19,下関,一般,１　１F５　３　６　４２,2026-07-18,2026-07-23,09,津,ＧⅢ,２　３　２５５　１６３４,2026-07-02,2026-07-07,04,平和島,一般,４４２　６５１　５２３,2026-05-26,2026-05-31,15,丸亀,ＧⅢ,４４１　４１５　３４１４,5087,佐藤 航,2026-08-22,2026-08-27,08,常滑,ＧⅢ,１５１３２６２　４５２２,2026-08-12,2026-08-17,02,戸田,一般,６　２１３　２１２　[２],2026-08-03,2026-08-08,17,宮島,一般,１２２１１　１６２１[４],2026-07-18,2026-07-23,09,津,ＧⅢ,３F５　２３３　２　３,2026-07-09,2026-07-13,16,児島,一般,２６２２１１３２[３],3944,山口 裕二,2026-08-24,2026-08-28,15,丸亀,一般,５５５１１１２３３２,2026-06-17,2026-06-22,24,大村,ＧⅡ,６　２５３２３　４２４,2026-06-07,2026-06-12,09,津,一般,１２３　２２５５２３４１,2026-05-27,2026-05-31,18,徳山,一般,３　４３３５１５２,2026-05-16,2026-05-19,06,浜名湖,一般,５　３３１６５２,3839,川合 理司,2026-08-17,2026-08-21,13,尼崎,一般,５　５５６　４　５４,2026-07-31,2026-08-03,20,若松,一般,５　１５６６６,2026-07-16,2026-07-21,11,びわこ,一般,２　６　６６２　６　６,2026-07-05,2026-07-09,05,多摩川,一般,５　６　５６４５５,2026-06-24,2026-06-28,04,平和島,一般,５　３５４５３６
202609110306,2026-09-11,03,06R,3850,小川 知行,2026-08-22,2026-08-27,22,福岡,一般,１　４６４４５　５３３,2026-08-11,2026-08-16,01,桐生,一般,３４４　５　１５３２５,2026-07-31,2026-08-05,05,多摩川,一般,５６４　５６１　６　２３,2026-07-17,2026-07-20,02,戸田,一般,６５３　２５１,2026-07-05,2026-07-09,24,大村,一般,２５５　６　２３６,4179,広次 修,2026-08-25,2026-08-30,09,津,一般,３３５　４６３　３　３１,2026-08-11,2026-08-16,19,下関,一般,３　１６４６２　１３４６,2026-07-24,2026-07-29,17,宮島,一般,３２３２３４３　１３３３,2026-07-14,2026-07-17,24,大村,一般,２３３　５６１６,2026-07-04,2026-07-09,01,桐生,一般,５２５　１　２２５２[５],5071,野見山 拓己,2026-08-21,2026-08-26,06,浜名湖,一般,２　２４１２４３２３５３,2026-07-15,2026-07-19,17,宮島,一般,３６４　４　３６４４,2026-07-02,2026-07-07,04,平和島,一般,５６２　５　４５５　３４,2026-06-16,2026-06-21,18,徳山,ＧⅢ,５　４F６　６　３　４,2026-06-01,2026-06-05,19,下関,一般,２１５　５４２　３２,4438,森作 雄大,2026-08-22,2026-08-26,20,若松,一般,２４２１３　１５１３,2026-08-09,2026-08-15,03,江戸川,一般,１４３　６１６　１２６５,2026-07-29,2026-08-03,22,福岡,一般,２１１１４５４　１５１４,2026-07-18,2026-07-21,04,平和島,一般,５５１　２３５６,2026-07-03,2026-07-08,13,尼崎,一般,１　５６５　６５６　１,3859,多羅尾 達之,2026-08-22,2026-08-27,22,福岡,一般,６　２４２　２６５２１４,2026-08-11,2026-08-16,04,平和島,一般,転　欠,2026-07-25,2026-07-29,20,若松,一般,５　５６５６,2026-07-15,2026-07-19,08,常滑,一般,６２１　３６３３５,2026-06-26,2026-07-02,24,大村,一般,４　４６５　５５６　２５２４,4583,古田 祐貴,2026-08-30,2026-09-02,21,芦屋,一般,５４６　５５４,2026-08-17,2026-08-21,15,丸亀,一般,３５２　１６５２[６],2026-08-03,2026-08-08,04,平和島,ＧⅢ,５２４　１６３　２３６３,2026-07-22,2026-07-25,24,大村,一般,１４２　３４２転,2026-07-10,2026-07-15,23,からつ,一般,２４４　２６５　３３５３
202609110307,2026-09-11,03,07R,5315,浅井 翼,2026-08-28,2026-09-02,05,多摩川,ＧⅢ,　　　　　　　　　　６５,2026-08-21,2026-08-26,06,浜名湖,一般,５５３　５６６　６　転６,2026-08-08,2026-08-11,05,多摩川,一般,２　２　３５１５,2026-07-11,2026-07-16,03,江戸川,一般,１６５　１６転　６６６２,2026-06-30,2026-07-04,19,下関,一般,６　４５２　２４６４,4981,牧山 敦也,2026-08-22,2026-08-26,20,若松,一般,１　２４２４５３５１,2026-08-11,2026-08-16,19,下関,一般,２　２２１４５　３４５２,2026-07-31,2026-08-03,20,若松,一般,　　　　　　２５,2026-07-22,2026-07-25,24,大村,一般,３　３３１４１２,2026-07-10,2026-07-15,06,浜名湖,一般,１　２５６　２２６５５６,4004,山本 浩輔,2026-08-22,2026-08-27,08,常滑,ＧⅢ,５　２６４　２５２５３,2026-08-06,2026-08-10,24,大村,一般,４４３　３４３２４３,2026-07-29,2026-08-01,18,徳山,一般,２５２　１　１５,2026-07-14,2026-07-17,24,大村,一般,３　１５４５１５,2026-07-02,2026-07-06,21,芦屋,一般,３５１６４　４５４,5427,港 理樹,2026-08-26,2026-08-31,11,びわこ,一般,６３６　３２６　３　５６,2026-08-11,2026-08-16,04,平和島,一般,２　３５４６４　６５２,2026-08-03,2026-08-08,04,平和島,ＧⅢ,　　　　　　　　　　６６,2026-07-24,2026-07-27,06,浜名湖,一般,６２６　４６５４,2026-07-11,2026-07-16,03,江戸川,一般,５　３５５５４　５３６,4888,金児 隆太,2026-08-22,2026-08-26,20,若松,一般,４１２　１２１２[６],2026-08-11,2026-08-16,01,桐生,一般,２２１　３３４４６　２２,2026-07-24,2026-07-27,06,浜名湖,一般,１　３２６２１５,2026-07-14,2026-07-19,01,桐生,一般,４　２５１４１　５２[５],2026-07-03,2026-07-08,12,住之江,一般,１４４　２３６　３５４,3931,黒崎 竜也,2026-08-27,2026-08-31,04,平和島,一般,１３３　４２６５１２,2026-08-15,2026-08-20,09,津,一般,１　２２３３２４３４１３,2026-07-31,2026-08-05,06,浜名湖,ＧⅢ,５１６　４３３　１３３２,2026-07-22,2026-07-26,13,尼崎,一般,４　４４１２１６２５,2026-07-13,2026-07-18,07,蒲郡,ＧⅡ,３　２　４５１　１４５４
202609110308,2026-09-11,03,08R,3857,阿波 勝哉,2026-08-22,2026-08-27,22,福岡,一般,４　４３４５３　４２１１,2026-08-11,2026-08-16,04,平和島,一般,５６２　３　３４２３３,2026-07-20,2026-07-25,15,丸亀,一般,４６１　５５６　４３５,2026-07-07,2026-07-12,20,若松,ＧⅢ,２６３　６５１　１１６６,2026-06-26,2026-07-02,24,大村,一般,１　２６２６６　５　３転３４,4407,鹿島 敏弘,2026-08-28,2026-09-02,05,多摩川,ＧⅢ,　　　　　　　　３５６３,2026-08-22,2026-08-26,20,若松,一般,３５３６６　５　５６,2026-08-11,2026-08-16,01,桐生,一般,１４５　１６１３６　１５,2026-07-22,2026-07-27,14,鳴門,一般,３　５２３５２２４５２５,2026-07-07,2026-07-12,02,戸田,ＧⅡ,６　２　４６５　６３５,5378,鈴木 結平太,2026-08-11,2026-08-16,06,浜名湖,一般,６６６　５　５６６　６５,2026-07-23,2026-07-27,01,桐生,一般,６　５４４　６５５,2026-07-15,2026-07-19,08,常滑,一般,　　　　　　　　６６,2026-07-10,2026-07-15,06,浜名湖,一般,　　　　　　　　　　６６,2026-07-02,2026-07-07,04,平和島,一般,６　６６６　５６６　５,4173,岡谷 健吾,2026-08-21,2026-08-24,07,蒲郡,一般,１５３３３５４６,2026-08-08,2026-08-13,16,児島,一般,３２３　４２２　２４３３,2026-07-28,2026-07-31,24,大村,一般,６５６４４　１,2026-07-15,2026-07-21,12,住之江,一般,１４１　３４２　４４３１５１,2026-06-30,2026-07-04,19,下関,一般,３５１４６　５　４４,3685,荒井 輝年,2026-08-20,2026-08-23,04,平和島,一般,６　３５５１２３,2026-07-13,2026-07-18,07,蒲郡,ＧⅡ,６　４　６５３　５４６,2026-07-05,2026-07-09,05,多摩川,一般,２６１　３１２３４１,2026-06-24,2026-06-29,03,江戸川,一般,２５１　２５４　１１１１,2026-06-03,2026-06-08,21,芦屋,一般,１２５　２４２１２１[F],4189,川上 剛,2026-08-27,2026-08-31,04,平和島,一般,３６５１４３２　３１,2026-08-20,2026-08-23,02,戸田,一般,１４１２３１[４],2026-08-10,2026-08-15,21,芦屋,一般,４　３２２５１４１４１４,2026-07-29,2026-08-03,23,からつ,一般,４５４３３　２４４　６２,2026-07-20,2026-07-25,15,丸亀,一般,４４４３１６２　１１１５
202609110309,2026-09-11,03,09R,3303,渡辺 豊,2026-08-20,2026-08-25,21,芦屋,一般,５４３　４４３　２４２５,2026-08-09,2026-08-15,03,江戸川,一般,４４５　４６１　６５１,2026-07-27,2026-08-01,10,三国,一般,４　５４４　５４３　６,2026-07-14,2026-07-19,01,桐生,一般,６１５　５６２　４　２５,2026-07-07,2026-07-12,10,三国,ＧⅢ,２　４４２　５６１６４,3655,本橋 克洋,2026-08-22,2026-08-27,22,福岡,一般,５４３　４３１　６５５１,2026-08-11,2026-08-16,01,桐生,一般,４６６　２　５３２　４３,2026-07-22,2026-07-27,14,鳴門,一般,４３２　３４３６１　２６,2026-06-14,2026-06-18,01,桐生,一般,３　１３６４４　５５,2026-06-03,2026-06-07,03,江戸川,一般,３２２　３３２５,5087,佐藤 航,2026-08-22,2026-08-27,08,常滑,ＧⅢ,１５１３２６２　４５２２,2026-08-12,2026-08-17,02,戸田,一般,６　２１３　２１２　[２],2026-08-03,2026-08-08,17,宮島,一般,１２２１１　１６２１[４],2026-07-18,2026-07-23,09,津,ＧⅢ,３F５　２３３　２　３,2026-07-09,2026-07-13,16,児島,一般,２６２２１１３２[３],4640,山ノ内 雅人,2026-08-24,2026-08-29,13,尼崎,一般,１　４５３３２５２F４,2026-08-10,2026-08-15,21,芦屋,一般,２３４　４２４４３　１５,2026-07-27,2026-08-01,10,三国,一般,４３１３３５１　５６１５,2026-07-18,2026-07-21,04,平和島,一般,２２３　２５３５,2026-07-10,2026-07-13,19,下関,一般,４５１　３６２６,5053,山口 広樹,2026-08-21,2026-08-26,06,浜名湖,一般,１５２　２６４３３５１６,2026-08-10,2026-08-15,21,芦屋,一般,４５５　５５４　３１３,2026-07-23,2026-07-27,01,桐生,一般,６　６５５　６５２,2026-07-10,2026-07-15,22,福岡,一般,５　６６４　３５６　６５,2026-06-04,2026-06-08,08,常滑,一般,１　２４６２４４４２,4880,澤崎 雄哉,2026-08-22,2026-08-26,20,若松,一般,３４３４１　２３６１,2026-08-11,2026-08-16,01,桐生,一般,４２５　４６６　５　５６,2026-07-31,2026-08-04,13,尼崎,一般,３４５,2026-07-17,2026-07-22,16,児島,ＧⅢ,５　３６３　２１５３３,2026-06-30,2026-07-05,06,浜名湖,一般,１　３２３２４５３４２２
202609110310,2026-09-11,03,10R,4598,加藤 政彦,2026-08-20,2026-08-25,21,芦屋,一般,３４４　２３１２３２[５],2026-08-09,2026-08-15,03,江戸川,一般,１　４４１　２５４　６１,2026-07-29,2026-08-03,23,からつ,一般,５　２１１　３６,2026-07-18,2026-07-22,10,三国,一般,６１５　４　転４３,2026-07-05,2026-07-09,05,多摩川,一般,２１２　２４６５１４,3944,山口 裕二,2026-08-24,2026-08-28,15,丸亀,一般,５５５１１１２３３２,2026-06-17,2026-06-22,24,大村,ＧⅡ,６　２５３２３　４２４,2026-06-07,2026-06-12,09,津,一般,１２３　２２５５２３４１,2026-05-27,2026-05-31,18,徳山,一般,３　４３３５１５２,2026-05-16,2026-05-19,06,浜名湖,一般,５　３３１６５２,4000,松本 博昭,2026-08-25,2026-08-30,17,宮島,一般,３　２３２２１３１３４３,2026-08-05,2026-08-10,14,鳴門,一般,３５５２３２３　５３４３,2026-07-24,2026-07-27,06,浜名湖,一般,２　１６２４２４,2026-07-14,2026-07-19,21,芦屋,一般,３１２　３３４６３６１４,2026-07-03,2026-07-06,09,津,一般,５１３４５　２４,3664,鈴木 賢一,2026-08-20,2026-08-23,02,戸田,一般,５　２３５３５１,2026-08-03,2026-08-08,04,平和島,ＧⅢ,５６５　４　４６５　１５,2026-07-23,2026-07-27,01,桐生,一般,５１３　３６２　３２,2026-06-29,2026-07-03,11,びわこ,一般,４　２６転欠,2026-06-17,2026-06-22,17,宮島,ＧⅢ,４２２　２６３　５６２５,5138,村本 大成,2026-08-20,2026-08-23,04,平和島,一般,５　５６５　４５,2026-08-04,2026-08-09,12,住之江,一般,６　６３６　５　６４３,2026-07-24,2026-07-27,02,戸田,一般,３　６４６６５,2026-07-10,2026-07-15,22,福岡,一般,１　５５６　２６６３５,2026-06-25,2026-06-29,21,芦屋,一般,５　３２３　２４５２,3850,小川 知行,2026-08-22,2026-08-27,22,福岡,一般,１　４６４４５　５３３,2026-08-11,2026-08-16,01,桐生,一般,３４４　５　１５３２５,2026-07-31,2026-08-05,05,多摩川,一般,５６４　５６１　６　２３,2026-07-17,2026-07-20,02,戸田,一般,６５３　２５１,2026-07-05,2026-07-09,24,大村,一般,２５５　６　２３６
202609110311,2026-09-11,03,11R,4427,秦 英悟,2026-08-26,2026-08-31,11,びわこ,一般,１１４６４５３　４３２２,2026-08-13,2026-08-18,12,住之江,一般,１　１１２　３２１３１１,2026-07-29,2026-08-03,22,福岡,一般,１６１１１　１１２１[１],2026-07-15,2026-07-20,18,徳山,一般,１３１２３　１３３１[１],2026-07-02,2026-07-06,21,芦屋,一般,１１１２２３１２[５],4888,金児 隆太,2026-08-22,2026-08-26,20,若松,一般,４１２　１２１２[６],2026-08-11,2026-08-16,01,桐生,一般,２２１　３３４４６　２２,2026-07-24,2026-07-27,06,浜名湖,一般,１　３２６２１５,2026-07-14,2026-07-19,01,桐生,一般,４　２５１４１　５２[５],2026-07-03,2026-07-08,12,住之江,一般,１４４　２３６　３５４,4438,森作 雄大,2026-08-22,2026-08-26,20,若松,一般,２４２１３　１５１３,2026-08-09,2026-08-15,03,江戸川,一般,１４３　６１６　１２６５,2026-07-29,2026-08-03,22,福岡,一般,２１１１４５４　１５１４,2026-07-18,2026-07-21,04,平和島,一般,５５１　２３５６,2026-07-03,2026-07-08,13,尼崎,一般,１　５６５　６５６　１,4623,中北 将史,2026-08-23,2026-08-27,18,徳山,一般,１２５４５　６５１,2026-08-15,2026-08-20,09,津,一般,２６５　１４２　２２５,2026-08-05,2026-08-10,09,津,一般,４　２３２　５３３６４６,2026-07-22,2026-07-25,24,大村,一般,２２５　１６４６,2026-07-10,2026-07-15,06,浜名湖,一般,５４６　１３６　２　４４,5279,石渡 翔一郎,2026-08-26,2026-08-31,11,びわこ,一般,４　３４２　２４１３１３,2026-08-09,2026-08-15,03,江戸川,一般,２　２３４　２１転　３,2026-07-30,2026-08-04,08,常滑,一般,１　１４１４落５２　３４,2026-07-18,2026-07-23,09,津,ＧⅢ,５　２３６　欠　２５２３,2026-07-10,2026-07-13,19,下関,一般,５　３３３　５２,4142,平野 和明,2026-08-21,2026-08-24,07,蒲郡,一般,１　２３４２[３],2026-08-10,2026-08-15,08,常滑,一般,６２２　２４２３４６２６,2026-07-28,2026-07-31,24,大村,一般,２６３　３４４,2026-07-02,2026-07-07,04,平和島,一般,３３３　６３４　１４３,2026-06-21,2026-06-26,16,児島,一般,５　３３１１２３６４２４
202609110312,2026-09-11,03,12R,3256,三角 哲男,2026-08-23,2026-08-27,18,徳山,一般,４２３１２３２２[５],2026-08-11,2026-08-16,04,平和島,一般,１１２１１　３３４３３２,2026-07-31,2026-08-05,05,多摩川,一般,２５５３２１３　４５６２,2026-07-22,2026-07-25,24,大村,一般,１６１２２１[５],2026-07-07,2026-07-12,10,三国,ＧⅢ,１３１１３　２１４１[１],4418,茅原 悠紀,2026-08-25,2026-08-30,01,桐生,ＳＧ,４　３５４２１　２　[５],2026-08-08,2026-08-13,16,児島,一般,３３２　３１１１２１[１],2026-07-28,2026-08-02,11,びわこ,ＳＧ,３　５３２３３　５　１３,2026-07-17,2026-07-22,16,児島,ＧⅢ,２３２１１　２１４１[２],2026-07-02,2026-07-07,04,平和島,一般,１５２　４３１１２２[４],4471,新田 泰章,2026-08-25,2026-08-30,09,津,一般,４６２　２１１　１１[２],2026-08-14,2026-08-19,17,宮島,一般,５５１　５４４２２　１２,2026-08-03,2026-08-08,04,平和島,ＧⅢ,３４１　５１１３３１[２],2026-07-20,2026-07-25,15,丸亀,一般,２１２６２３２　１３４１,2026-07-07,2026-07-12,08,常滑,一般,２４１４１３６３２５２２,4604,岩瀬 裕亮,2026-08-25,2026-08-30,01,桐生,ＳＧ,５５１　４　３６３　２,2026-08-10,2026-08-15,08,常滑,一般,２３１５１２３２２１[３],2026-07-28,2026-08-02,11,びわこ,ＳＧ,４　２　４４５　５５６,2026-07-13,2026-07-18,07,蒲郡,ＧⅡ,１５４　１４５　１４３,2026-07-05,2026-07-09,05,多摩川,一般,１４１１４２２５２２,4661,中島 昂章,2026-08-28,2026-08-31,23,からつ,一般,３３１　２５２３,2026-08-20,2026-08-23,04,平和島,一般,４３３３３　２２,2026-08-09,2026-08-14,23,からつ,一般,２３４　１５２　３４２３,2026-07-27,2026-08-01,10,三国,一般,１２１　１３１５４１[５],2026-07-17,2026-07-22,16,児島,ＧⅢ,１６２６１　２５４５１３,4452,松尾 祭,2026-08-26,2026-08-30,14,鳴門,一般,５３１　４２４４４３,2026-08-17,2026-08-21,15,丸亀,一般,６５３３２　２１２１,2026-07-31,2026-08-03,20,若松,一般,２４４　２１５３,2026-07-23,2026-07-27,01,桐生,一般,６５４１６　２　４１,2026-07-14,2026-07-19,21,芦屋,一般,１　５４３６６４５　４１
202609110501,2026-09-11,05,01R,3772,一柳 和孝,2026-08-22,2026-08-27,08,常滑,ＧⅢ,１６２　６４３　３３２３,2026-08-06,2026-08-09,02,戸田,一般,２　１６４３２３,2026-07-20,2026-07-25,15,丸亀,一般,１４３　６１４　２２１４,2026-07-07,2026-07-12,10,三国,ＧⅢ,４１５　５４６　３　４４,2026-06-26,2026-07-02,24,大村,一般,２３４　３３４　５５２３３,3947,寺本 昇平,2026-08-23,2026-08-27,18,徳山,一般,２　６５４５２４５,2026-08-11,2026-08-16,01,桐生,一般,５　５５１　５　２２５３,2026-07-25,2026-07-29,20,若松,一般,１５５３４　２　５６,2026-07-09,2026-07-14,15,丸亀,一般,１２４　２４６５１６４６,2026-06-25,2026-06-30,01,桐生,ＧⅢ,６　６３３　６６１　５,3641,一瀬 明,2026-08-28,2026-08-31,23,からつ,一般,１３３５１３５１,2026-08-15,2026-08-20,05,多摩川,一般,４５３２１　１４６６５６,2026-08-03,2026-08-08,17,宮島,一般,３　４６６５６,2026-07-24,2026-07-27,06,浜名湖,一般,５２１　１６１５,2026-07-14,2026-07-19,01,桐生,一般,２２４　５３２　１転１４,4210,松村 康太,2026-08-26,2026-08-30,14,鳴門,一般,３３５　１５４　１１,2026-08-14,2026-08-19,10,三国,一般,１４１２５４１　５４５４,2026-08-06,2026-08-09,02,戸田,一般,３４４　５４３３,2026-07-27,2026-08-01,10,三国,一般,２６３４６　３　不３２,2026-07-16,2026-07-21,11,びわこ,一般,１５５５２　４　１２２２,3463,乙津 康志,2026-08-23,2026-08-27,18,徳山,一般,５２５　６６１３３６,2026-08-11,2026-08-16,04,平和島,一般,２　３３１２２　６６１６,2026-07-29,2026-08-03,22,福岡,一般,４　５５３　１２４３３１,2026-07-10,2026-07-14,09,津,一般,５３４　２６６５５,2026-06-27,2026-07-01,02,戸田,一般,２６５　５　１２３６,3977,山本 兼士,2026-08-26,2026-08-30,14,鳴門,一般,４　３４４　６４４３,2026-08-13,2026-08-18,12,住之江,一般,５３５　５３３　３　３６,2026-07-23,2026-07-27,01,桐生,一般,２３３　５６４　６６,2026-07-07,2026-07-12,10,三国,ＧⅢ,４６３　３１２４１６２５,2026-06-26,2026-07-01,17,宮島,一般,２　１４５４５３４　６１
202609110502,2026-09-11,05,02R,4281,大澤 大夢,2026-08-24,2026-08-29,13,尼崎,一般,６　３２２４５　２４４４,2026-08-11,2026-08-16,01,桐生,一般,５６１　３　５１３２６,2026-07-27,2026-07-31,19,下関,一般,５３２　５　１５４２,2026-07-15,2026-07-20,18,徳山,一般,４１２　４３１　３３３１,2026-07-05,2026-07-09,05,多摩川,一般,４４１３４　４　５２,4031,飯島 誠,2026-08-23,2026-08-27,18,徳山,一般,６　４１６５４５６,2026-08-12,2026-08-17,02,戸田,一般,６５３　１６４　３４４４,2026-07-27,2026-07-31,19,下関,一般,３２１　６３１５２４,2026-07-16,2026-07-21,11,びわこ,一般,４１６　５２２　４５２６,2026-07-02,2026-07-06,21,芦屋,一般,２３６　６２３　２３,3740,大澤 普司,2026-08-26,2026-08-31,11,びわこ,一般,４３５２２　１３６４４３,2026-08-11,2026-08-16,01,桐生,一般,３３２３１　２　２　[３],2026-08-02,2026-08-05,21,芦屋,一般,４５１５３　１４,2026-07-23,2026-07-28,03,江戸川,ＧⅢ,５　６３２　２５,2026-07-14,2026-07-17,24,大村,一般,４１５３２４１６,3965,北中 元樹,2026-08-27,2026-08-31,04,平和島,一般,４４４１１１１６３１,2026-08-15,2026-08-20,11,びわこ,一般,１３転１５３５　１１４,2026-08-04,2026-08-09,12,住之江,一般,１　５３１　１３２１[５],2026-07-24,2026-07-27,06,浜名湖,一般,５　３６５３３２,2026-07-14,2026-07-19,21,芦屋,一般,２　５１４５３２１２[３],3713,伊藤 誠二,2026-08-27,2026-09-01,07,蒲郡,一般,１　２６４５５５５　２１,2026-08-14,2026-08-19,10,三国,一般,６　３１２４４３２５３３,2026-07-31,2026-08-05,06,浜名湖,ＧⅢ,４　２３６４６４５　１１,2026-07-22,2026-07-26,08,常滑,一般,１　５２４３６　１５,2026-06-09,2026-06-14,23,からつ,一般,４　４５転　６２６３４２,4465,大西 賢,2026-08-21,2026-08-26,06,浜名湖,一般,２３５　４３６　３５４２,2026-08-09,2026-08-15,03,江戸川,一般,１　６４３　２４４　３２,2026-07-24,2026-07-27,12,住之江,一般,４　５３１　１５,2026-07-04,2026-07-09,01,桐生,一般,６５４　５５５,2026-06-24,2026-06-29,03,江戸川,一般,３４２　４３３　１６２
202609110503,2026-09-11,05,03R,3934,鋤柄 貴俊,2026-08-24,2026-08-29,13,尼崎,一般,２　２５４５２　４２４２,2026-08-11,2026-08-16,07,蒲郡,一般,２　１５４３３　３４４４,2026-07-31,2026-08-05,06,浜名湖,ＧⅢ,６　４３５　４４４　３５,2026-07-15,2026-07-19,17,宮島,一般,１４４３１　３３４５,2026-07-04,2026-07-09,01,桐生,一般,３２２５５　３　２２５３,4146,柳橋 宏紀,2026-08-28,2026-08-31,23,からつ,一般,６２１４転欠,2026-08-15,2026-08-20,11,びわこ,一般,５　４６２４５５５　４２,2026-08-05,2026-08-10,09,津,一般,１　４５２６６　６５１,2026-07-29,2026-08-01,18,徳山,一般,１　３５２２[６],2026-07-10,2026-07-15,06,浜名湖,一般,４　４４４　４４５　３２,5103,芝田 京介,2026-08-21,2026-08-26,03,江戸川,一般,１５４　６１２　２４１６,2026-08-11,2026-08-16,01,桐生,一般,５　５　６５６　２２４２,2026-07-29,2026-08-03,22,福岡,一般,２　１５３４４５６　６３,2026-07-15,2026-07-19,08,常滑,一般,５　４６６　６６３,2026-05-09,2026-05-14,11,びわこ,一般,６５２　４　４４４　２２,3997,北村 征嗣,2026-08-27,2026-09-01,07,蒲郡,一般,２２４１３　２３２３２５,2026-08-13,2026-08-18,12,住之江,一般,１４３　４４５　３５５,2026-07-31,2026-08-05,06,浜名湖,ＧⅢ,３１１４２　２２１２[４],2026-07-15,2026-07-21,12,住之江,一般,４　４３１　５３２５３４４３,2026-07-05,2026-07-09,24,大村,一般,１　５４２５３４２４,4035,杉江 浩明,2026-08-24,2026-08-29,13,尼崎,一般,６　５６２　５５３　５５,2026-08-11,2026-08-16,07,蒲郡,一般,４　６６５５６　６　１６,2026-07-29,2026-08-03,22,福岡,一般,６４４　５３３６３　５６,2026-07-14,2026-07-19,01,桐生,一般,６１６　３２４　２　５２,2026-06-30,2026-07-05,06,浜名湖,一般,６３６　５５２　５　５１,4420,津久井 拓也,2026-08-25,2026-08-30,09,津,一般,６　２４２３４　２６３３,2026-08-11,2026-08-16,01,桐生,一般,３　１４１２１４３　２１,2026-07-23,2026-07-28,21,芦屋,一般,２６１２５　１１１４２５,2026-07-11,2026-07-16,03,江戸川,一般,２３４　４２２１２６２１,2026-06-30,2026-07-05,16,児島,ＧⅡ,４　６　６６６　４５５
202609110504,2026-09-11,05,04R,3990,芹澤 克彦,2026-08-22,2026-08-27,22,福岡,一般,５２１　２４４４５　２,2026-08-11,2026-08-16,06,浜名湖,一般,１　５１４６F　５　５,2026-07-31,2026-08-05,06,浜名湖,ＧⅢ,３　５４３　２３５５６,2026-07-14,2026-07-19,21,芦屋,一般,３　４５３　２５４　６４,2026-06-30,2026-07-05,06,浜名湖,一般,４３２　３４３　１４５２,3792,田中 豪,2026-08-27,2026-08-31,04,平和島,一般,４６２４,2026-08-15,2026-08-20,05,多摩川,一般,５１３３２３２　１３３１,2026-07-22,2026-07-27,14,鳴門,一般,３　１６２６２３１４１３,2026-06-30,2026-07-04,19,下関,一般,４１１３３　５２[６],2026-06-09,2026-06-14,23,からつ,一般,５　２５３４５２６　６,4565,西村 豪洋,2026-08-24,2026-08-29,13,尼崎,一般,４　１５５６４　３　６４,2026-08-11,2026-08-16,07,蒲郡,一般,３　２６６　２４５５５,2026-07-24,2026-07-29,17,宮島,一般,６５５　３４４　５　２６,2026-07-15,2026-07-19,08,常滑,一般,　　　　　　　　３１,2026-07-09,2026-07-13,16,児島,一般,５５６　３　３３４６,3813,佐藤 大介,2026-08-27,2026-09-01,07,蒲郡,一般,１１４　３２２　１４３３,2026-08-16,2026-08-19,14,鳴門,一般,３５３４４　１２,2026-07-23,2026-07-28,03,江戸川,ＧⅢ,５　１２４　３２３　[４],2026-07-14,2026-07-19,01,桐生,一般,１５３　３５１　３４５３,2026-07-03,2026-07-06,09,津,一般,２３１５５　１１,4656,大崎 翔,2026-08-24,2026-08-29,13,尼崎,一般,５　２４６２３　５５５６,2026-08-16,2026-08-19,14,鳴門,一般,４６１５３　１１,2026-08-05,2026-08-10,09,津,一般,５　２６４　２４２　３２,2026-07-23,2026-07-28,03,江戸川,ＧⅢ,５　６２３　５６,2026-07-10,2026-07-15,23,からつ,一般,３　不２２５４５,5433,米本 圭佑,2026-08-09,2026-08-15,03,江戸川,一般,６２転　６６５　４５４,2026-07-24,2026-07-27,02,戸田,一般,５　３４６５６,2026-07-11,2026-07-16,03,江戸川,一般,転　６５６　５４５　２６,2026-07-04,2026-07-09,01,桐生,一般,５　６６５　６６４　６６,2026-06-24,2026-06-29,09,津,一般,６　４６４　５４５　４４
202609110505,2026-09-11,05,05R,3519,冨田 秀幸,2026-08-25,2026-08-30,17,宮島,一般,６　５４５　６４２２５４,2026-08-11,2026-08-16,07,蒲郡,一般,４　２６３４５　５４３,2026-07-25,2026-07-29,20,若松,一般,１５３５６　５　２１,2026-06-14,2026-06-18,01,桐生,一般,６５５　６　５５２,2026-05-22,2026-05-26,23,からつ,一般,５４５　３３６４６,5262,鈴木 章司,2026-07-29,2026-08-03,23,からつ,一般,３　２５４４３　３　５４,2026-07-15,2026-07-21,12,住之江,一般,転６５　４６４　４　４６６２,2026-06-30,2026-07-04,19,下関,一般,５　６３６５１　２,2026-06-20,2026-06-25,15,丸亀,一般,２　４４３　５６６　F３,2026-06-09,2026-06-14,11,びわこ,一般,４　６２６　４２１　４５,4587,木田 峰由季,2026-08-26,2026-08-31,11,びわこ,一般,４４５４１　３２５　４１,2026-08-14,2026-08-19,10,三国,一般,６６１２６２転　２　F４,2026-07-29,2026-08-03,22,福岡,一般,２　６６,2026-07-18,2026-07-22,10,三国,一般,１３２５５１１６２６,2026-07-09,2026-07-13,14,鳴門,一般,５６１３２１１６４５,4645,上村 純一,2026-08-26,2026-08-30,14,鳴門,一般,３３１１３１２１[３],2026-08-11,2026-08-16,01,桐生,一般,５５２　２５３　３２４,2026-08-02,2026-08-05,21,芦屋,一般,２３１３１１[４],2026-07-23,2026-07-28,03,江戸川,ＧⅢ,３２３　２６５　３２６,2026-07-13,2026-07-18,07,蒲郡,ＧⅡ,２３１　６　２５１　３５,3647,伊藤 雄二,2026-08-30,2026-09-02,21,芦屋,一般,４　６１６　３４,2026-08-12,2026-08-17,02,戸田,一般,４　４５３　５５６５５,2026-08-03,2026-08-08,19,下関,一般,４４５　１５５　６４３６,2026-07-24,2026-07-27,02,戸田,一般,６　２５６６４,2026-07-11,2026-07-16,03,江戸川,一般,２　２４４　４６１　２３,3463,乙津 康志,2026-08-23,2026-08-27,18,徳山,一般,５２５　６６１３３６,2026-08-11,2026-08-16,04,平和島,一般,２　３３１２２　６６１６,2026-07-29,2026-08-03,22,福岡,一般,４　５５３　１２４３３１,2026-07-10,2026-07-14,09,津,一般,５３４　２６６５５,2026-06-27,2026-07-01,02,戸田,一般,２６５　５　１２３６
202609110506,2026-09-11,05,06R,3489,大場 敏,2026-08-31,2026-09-05,20,若松,ＧⅢ,１６５２５　２４２　３１,2026-08-22,2026-08-27,08,常滑,ＧⅢ,４　１２５　６３１６１４,2026-08-11,2026-08-16,06,浜名湖,一般,２　２４１５３１４３２２,2026-07-25,2026-07-29,20,若松,一般,５２３　４５１１４５,2026-07-15,2026-07-20,18,徳山,一般,４　３１１４３４１５１４,4281,大澤 大夢,2026-08-24,2026-08-29,13,尼崎,一般,６　３２２４５　２４４４,2026-08-11,2026-08-16,01,桐生,一般,５６１　３　５１３２６,2026-07-27,2026-07-31,19,下関,一般,５３２　５　１５４２,2026-07-15,2026-07-20,18,徳山,一般,４１２　４３１　３３３１,2026-07-05,2026-07-09,05,多摩川,一般,４４１３４　４　５２,2538,高橋 二朗,2026-08-28,2026-08-31,23,からつ,一般,４６４　６　４２,2026-08-15,2026-08-20,05,多摩川,一般,４　４４５　５５３　６,2026-07-28,2026-08-02,16,児島,一般,４　４６５　５５４　４４,2026-07-15,2026-07-21,12,住之江,一般,１　３３４　５６４６３５５,2026-07-04,2026-07-09,18,徳山,一般,４６４　６６５　４４３,4376,藤田 靖弘,2026-08-27,2026-08-31,04,平和島,一般,３　４４６３１５４６,2026-08-17,2026-08-21,13,尼崎,一般,４２１　４４１５２３,2026-08-03,2026-08-08,17,宮島,一般,６　１３１５２３１６２５,2026-07-23,2026-07-28,21,芦屋,一般,６　１３５５１５５５３,2026-07-10,2026-07-14,09,津,一般,４２２　１２１２[２],3641,一瀬 明,2026-08-28,2026-08-31,23,からつ,一般,１３３５１３５１,2026-08-15,2026-08-20,05,多摩川,一般,４５３２１　１４６６５６,2026-08-03,2026-08-08,17,宮島,一般,３　４６６５６,2026-07-24,2026-07-27,06,浜名湖,一般,５２１　１６１５,2026-07-14,2026-07-19,01,桐生,一般,２２４　５３２　１転１４,3848,川上 聡介,2026-08-26,2026-08-30,14,鳴門,一般,３　４５５　６　４２,2026-08-11,2026-08-16,07,蒲郡,一般,２　４５５　４４３　５２,2026-07-22,2026-07-26,08,常滑,一般,２１６　５５５６６,2026-07-09,2026-07-14,15,丸亀,一般,３　２５２３５２１６５６,2026-05-25,2026-05-31,03,江戸川,一般,６　６４５　３４　　３
202609110507,2026-09-11,05,07R,4227,安達 裕樹,2026-08-30,2026-09-02,21,芦屋,一般,１５１２４５４５,2026-07-23,2026-07-28,03,江戸川,ＧⅢ,４３６　４２１　２５２３,2026-07-13,2026-07-18,07,蒲郡,ＧⅡ,６　３４４　２３３　１５,2026-06-30,2026-07-05,16,児島,ＧⅡ,１　F４６　３６６　４,2026-06-17,2026-06-22,24,大村,ＧⅡ,４　５４３　２３６　４４,3965,北中 元樹,2026-08-27,2026-08-31,04,平和島,一般,４４４１１１１６３１,2026-08-15,2026-08-20,11,びわこ,一般,１３転１５３５　１１４,2026-08-04,2026-08-09,12,住之江,一般,１　５３１　１３２１[５],2026-07-24,2026-07-27,06,浜名湖,一般,５　３６５３３２,2026-07-14,2026-07-19,21,芦屋,一般,２　５１４５３２１２[３],3977,山本 兼士,2026-08-26,2026-08-30,14,鳴門,一般,４　３４４　６４４３,2026-08-13,2026-08-18,12,住之江,一般,５３５　５３３　３　３６,2026-07-23,2026-07-27,01,桐生,一般,２３３　５６４　６６,2026-07-07,2026-07-12,10,三国,ＧⅢ,４６３　３１２４１６２５,2026-06-26,2026-07-01,17,宮島,一般,２　１４５４５３４　６１,4035,杉江 浩明,2026-08-24,2026-08-29,13,尼崎,一般,６　５６２　５５３　５５,2026-08-11,2026-08-16,07,蒲郡,一般,４　６６５５６　６　１６,2026-07-29,2026-08-03,22,福岡,一般,６４４　５３３６３　５６,2026-07-14,2026-07-19,01,桐生,一般,６１６　３２４　２　５２,2026-06-30,2026-07-05,06,浜名湖,一般,６３６　５５２　５　５１,4430,永田 秀二,2026-08-27,2026-08-31,04,平和島,一般,１５１　２１４４６５,2026-08-20,2026-08-23,23,からつ,一般,２５２５１６１６,2026-08-09,2026-08-15,03,江戸川,一般,１　３１２　１３２　[５],2026-07-23,2026-07-28,03,江戸川,ＧⅢ,４　３２６　２６２６４３,2026-07-13,2026-07-18,07,蒲郡,ＧⅡ,６　３　３４６　２５３,5103,芝田 京介,2026-08-21,2026-08-26,03,江戸川,一般,１５４　６１２　２４１６,2026-08-11,2026-08-16,01,桐生,一般,５　５　６５６　２２４２,2026-07-29,2026-08-03,22,福岡,一般,２　１５３４４５６　６３,2026-07-15,2026-07-19,08,常滑,一般,５　４６６　６６３,2026-05-09,2026-05-14,11,びわこ,一般,６５２　４　４４４　２２
202609110508,2026-09-11,05,08R,3947,寺本 昇平,2026-08-23,2026-08-27,18,徳山,一般,２　６５４５２４５,2026-08-11,2026-08-16,01,桐生,一般,５　５５１　５　２２５３,2026-07-25,2026-07-29,20,若松,一般,１５５３４　２　５６,2026-07-09,2026-07-14,15,丸亀,一般,１２４　２４６５１６４６,2026-06-25,2026-06-30,01,桐生,ＧⅢ,６　６３３　６６１　５,4470,平田 健之佑,2026-08-25,2026-08-30,09,津,一般,１　１３６　１５２５４４,2026-08-11,2026-08-16,07,蒲郡,一般,１６４４２　４３２　１５,2026-08-03,2026-08-08,17,宮島,一般,２　３１６欠,2026-07-27,2026-08-01,09,津,一般,４　２,2026-07-15,2026-07-21,12,住之江,一般,２３１　５１１１１２４４２４,5042,畑田 汰一,2026-08-27,2026-09-01,07,蒲郡,一般,１　３３１３F４１　２,2026-07-18,2026-07-23,09,津,ＧⅢ,２２３　５６６　１３２１,2026-07-09,2026-07-13,16,児島,一般,４１４３１２２２[１],2026-06-27,2026-07-01,02,戸田,一般,１３２１３２１６,2026-06-17,2026-06-22,24,大村,ＧⅡ,１　４１５　４２６　５F,4031,飯島 誠,2026-08-23,2026-08-27,18,徳山,一般,６　４１６５４５６,2026-08-12,2026-08-17,02,戸田,一般,６５３　１６４　３４４４,2026-07-27,2026-07-31,19,下関,一般,３２１　６３１５２４,2026-07-16,2026-07-21,11,びわこ,一般,４１６　５２２　４５２６,2026-07-02,2026-07-06,21,芦屋,一般,２３６　６２３　２３,4565,西村 豪洋,2026-08-24,2026-08-29,13,尼崎,一般,４　１５５６４　３　６４,2026-08-11,2026-08-16,07,蒲郡,一般,３　２６６　２４５５５,2026-07-24,2026-07-29,17,宮島,一般,６５５　３４４　５　２６,2026-07-15,2026-07-19,08,常滑,一般,　　　　　　　　３１,2026-07-09,2026-07-13,16,児島,一般,５５６　３　３３４６,5449,堀井 涼平,2026-08-11,2026-08-16,04,平和島,一般,６　６F６　６　６　６,2026-07-10,2026-07-14,09,津,一般,６　落６６　６６６６,2026-06-27,2026-07-01,02,戸田,一般,６　６６６　６５６,2026-06-13,2026-06-16,06,浜名湖,一般,２　５５１６６６,2026-05-20,2026-05-25,05,多摩川,一般,６　６６６　６６６　６６
202609110509,2026-09-11,05,09R,3582,吉川 昭男,2026-08-26,2026-08-31,11,びわこ,一般,３　１１１１１２４１[２],2026-08-15,2026-08-20,09,津,一般,４　４５２　４５６　５１,2026-08-03,2026-08-08,19,下関,一般,２　５３３６５２１　１３,2026-07-23,2026-07-28,21,芦屋,一般,４１１４１１３　１５１１,2026-07-07,2026-07-12,08,常滑,一般,５４４１２　２２１４１１,4420,津久井 拓也,2026-08-25,2026-08-30,09,津,一般,６　２４２３４　２６３３,2026-08-11,2026-08-16,01,桐生,一般,３　１４１２１４３　２１,2026-07-23,2026-07-28,21,芦屋,一般,２６１２５　１１１４２５,2026-07-11,2026-07-16,03,江戸川,一般,２３４　４２２１２６２１,2026-06-30,2026-07-05,16,児島,ＧⅡ,４　６　６６６　４５５,4619,伏田 裕隆,2026-08-24,2026-08-29,13,尼崎,一般,３６６　１　不５１　５,2026-08-11,2026-08-16,04,平和島,一般,６１５　５　１４６１３,2026-07-29,2026-08-03,23,からつ,一般,３５１　１４２　２５３２,2026-07-15,2026-07-21,12,住之江,一般,１１１　２２５　１３２２[２],2026-07-04,2026-07-09,18,徳山,一般,２　６２２４３４６１５１,3740,大澤 普司,2026-08-26,2026-08-31,11,びわこ,一般,４３５２２　１３６４４３,2026-08-11,2026-08-16,01,桐生,一般,３３２３１　２　２　[３],2026-08-02,2026-08-05,21,芦屋,一般,４５１５３　１４,2026-07-23,2026-07-28,03,江戸川,ＧⅢ,５　６３２　２５,2026-07-14,2026-07-17,24,大村,一般,４１５３２４１６,5433,米本 圭佑,2026-08-09,2026-08-15,03,江戸川,一般,６２転　６６５　４５４,2026-07-24,2026-07-27,02,戸田,一般,５　３４６５６,2026-07-11,2026-07-16,03,江戸川,一般,転　６５６　５４５　２６,2026-07-04,2026-07-09,01,桐生,一般,５　６６５　６６４　６６,2026-06-24,2026-06-29,09,津,一般,６　４６４　５４５　４４,4210,松村 康太,2026-08-26,2026-08-30,14,鳴門,一般,３３５　１５４　１１,2026-08-14,2026-08-19,10,三国,一般,１４１２５４１　５４５４,2026-08-06,2026-08-09,02,戸田,一般,３４４　５４３３,2026-07-27,2026-08-01,10,三国,一般,２６３４６　３　不３２,2026-07-16,2026-07-21,11,びわこ,一般,１５５５２　４　１２２２
202609110510,2026-09-11,05,10R,3713,伊藤 誠二,2026-08-27,2026-09-01,07,蒲郡,一般,１　２６４５５５５　２１,2026-08-14,2026-08-19,10,三国,一般,６　３１２４４３２５３３,2026-07-31,2026-08-05,06,浜名湖,ＧⅢ,４　２３６４６４５　１１,2026-07-22,2026-07-26,08,常滑,一般,１　５２４３６　１５,2026-06-09,2026-06-14,23,からつ,一般,４　４５転　６２６３４２,4376,藤田 靖弘,2026-08-27,2026-08-31,04,平和島,一般,３　４４６３１５４６,2026-08-17,2026-08-21,13,尼崎,一般,４２１　４４１５２３,2026-08-03,2026-08-08,17,宮島,一般,６　１３１５２３１６２５,2026-07-23,2026-07-28,21,芦屋,一般,６　１３５５１５５５３,2026-07-10,2026-07-14,09,津,一般,４２２　１２１２[２],4491,田中 堅,2026-08-23,2026-08-27,18,徳山,一般,２　２６５５３４３１,2026-08-11,2026-08-16,01,桐生,一般,１　２５６　２　６　２５,2026-07-27,2026-08-01,09,津,一般,４５３,2026-07-10,2026-07-15,06,浜名湖,一般,５　６５５　５６４　１,2026-07-02,2026-07-07,04,平和島,一般,２４２　４５２　６３３６,3647,伊藤 雄二,2026-08-30,2026-09-02,21,芦屋,一般,４　６１６　３４,2026-08-12,2026-08-17,02,戸田,一般,４　４５３　５５６５５,2026-08-03,2026-08-08,19,下関,一般,４４５　１５５　６４３６,2026-07-24,2026-07-27,02,戸田,一般,６　２５６６４,2026-07-11,2026-07-16,03,江戸川,一般,２　２４４　４６１　２３,3997,北村 征嗣,2026-08-27,2026-09-01,07,蒲郡,一般,２２４１３　２３２３２５,2026-08-13,2026-08-18,12,住之江,一般,１４３　４４５　３５５,2026-07-31,2026-08-05,06,浜名湖,ＧⅢ,３１１４２　２２１２[４],2026-07-15,2026-07-21,12,住之江,一般,４　４３１　５３２５３４４３,2026-07-05,2026-07-09,24,大村,一般,１　５４２５３４２４,4656,大崎 翔,2026-08-24,2026-08-29,13,尼崎,一般,５　２４６２３　５５５６,2026-08-16,2026-08-19,14,鳴門,一般,４６１５３　１１,2026-08-05,2026-08-10,09,津,一般,５　２６４　２４２　３２,2026-07-23,2026-07-28,03,江戸川,ＧⅢ,５　６２３　５６,2026-07-10,2026-07-15,23,からつ,一般,３　不２２５４５
202609110511,2026-09-11,05,11R,4645,上村 純一,2026-08-26,2026-08-30,14,鳴門,一般,３３１１３１２１[３],2026-08-11,2026-08-16,01,桐生,一般,５５２　２５３　３２４,2026-08-02,2026-08-05,21,芦屋,一般,２３１３１１[４],2026-07-23,2026-07-28,03,江戸川,ＧⅢ,３２３　２６５　３２６,2026-07-13,2026-07-18,07,蒲郡,ＧⅡ,２３１　６　２５１　３５,4430,永田 秀二,2026-08-27,2026-08-31,04,平和島,一般,１５１　２１４４６５,2026-08-20,2026-08-23,23,からつ,一般,２５２５１６１６,2026-08-09,2026-08-15,03,江戸川,一般,１　３１２　１３２　[５],2026-07-23,2026-07-28,03,江戸川,ＧⅢ,４　３２６　２６２６４３,2026-07-13,2026-07-18,07,蒲郡,ＧⅡ,６　３　３４６　２５３,3848,川上 聡介,2026-08-26,2026-08-30,14,鳴門,一般,３　４５５　６　４２,2026-08-11,2026-08-16,07,蒲郡,一般,２　４５５　４４３　５２,2026-07-22,2026-07-26,08,常滑,一般,２１６　５５５６６,2026-07-09,2026-07-14,15,丸亀,一般,３　２５２３５２１６５６,2026-05-25,2026-05-31,03,江戸川,一般,６　６４５　３４　　３,3772,一柳 和孝,2026-08-22,2026-08-27,08,常滑,ＧⅢ,１６２　６４３　３３２３,2026-08-06,2026-08-09,02,戸田,一般,２　１６４３２３,2026-07-20,2026-07-25,15,丸亀,一般,１４３　６１４　２２１４,2026-07-07,2026-07-12,10,三国,ＧⅢ,４１５　５４６　３　４４,2026-06-26,2026-07-02,24,大村,一般,２３４　３３４　５５２３３,3792,田中 豪,2026-08-27,2026-08-31,04,平和島,一般,４６２４,2026-08-15,2026-08-20,05,多摩川,一般,５１３３２３２　１３３１,2026-07-22,2026-07-27,14,鳴門,一般,３　１６２６２３１４１３,2026-06-30,2026-07-04,19,下関,一般,４１１３３　５２[６],2026-06-09,2026-06-14,23,からつ,一般,５　２５３４５２６　６,4146,柳橋 宏紀,2026-08-28,2026-08-31,23,からつ,一般,６２１４転欠,2026-08-15,2026-08-20,11,びわこ,一般,５　４６２４５５５　４２,2026-08-05,2026-08-10,09,津,一般,１　４５２６６　６５１,2026-07-29,2026-08-01,18,徳山,一般,１　３５２２[６],2026-07-10,2026-07-15,06,浜名湖,一般,４　４４４　４４５　３２
202609110512,2026-09-11,05,12R,3813,佐藤 大介,2026-08-27,2026-09-01,07,蒲郡,一般,１１４　３２２　１４３３,2026-08-16,2026-08-19,14,鳴門,一般,３５３４４　１２,2026-07-23,2026-07-28,03,江戸川,ＧⅢ,５　１２４　３２３　[４],2026-07-14,2026-07-19,01,桐生,一般,１５３　３５１　３４５３,2026-07-03,2026-07-06,09,津,一般,２３１５５　１１,4587,木田 峰由季,2026-08-26,2026-08-31,11,びわこ,一般,４４５４１　３２５　４１,2026-08-14,2026-08-19,10,三国,一般,６６１２６２転　２　F４,2026-07-29,2026-08-03,22,福岡,一般,２　６６,2026-07-18,2026-07-22,10,三国,一般,１３２５５１１６２６,2026-07-09,2026-07-13,14,鳴門,一般,５６１３２１１６４５,3489,大場 敏,2026-08-31,2026-09-05,20,若松,ＧⅢ,１６５２５　２４２　３１,2026-08-22,2026-08-27,08,常滑,ＧⅢ,４　１２５　６３１６１４,2026-08-11,2026-08-16,06,浜名湖,一般,２　２４１５３１４３２２,2026-07-25,2026-07-29,20,若松,一般,５２３　４５１１４５,2026-07-15,2026-07-20,18,徳山,一般,４　３１１４３４１５１４,4140,梶野 学志,2026-07-15,2026-07-19,17,宮島,一般,２　５６５５,2026-07-04,2026-07-09,18,徳山,一般,１,2026-06-24,2026-06-29,09,津,一般,６２２　３２３６１　４,2026-06-09,2026-06-13,07,蒲郡,一般,４１４　２６３F３,2026-05-28,2026-06-02,01,桐生,一般,６　２４２２１４１２,3507,藤井 徹,2026-08-25,2026-08-30,17,宮島,一般,３３２２５　３　４　５,2026-08-13,2026-08-18,12,住之江,一般,１　５４５　４　６　５,2026-07-28,2026-08-02,16,児島,一般,４２３　３５４２６　４,2026-07-18,2026-07-21,04,平和島,一般,６２６　４５１,2026-06-29,2026-07-03,11,びわこ,一般,６　４４５　５　５,5042,畑田 汰一,2026-08-27,2026-09-01,07,蒲郡,一般,１　３３１３F４１　２,2026-07-18,2026-07-23,09,津,ＧⅢ,２２３　５６６　１３２１,2026-07-09,2026-07-13,16,児島,一般,４１４３１２２２[１],2026-06-27,2026-07-01,02,戸田,一般,１３２１３２１６,2026-06-17,2026-06-22,24,大村,ＧⅡ,１　４１５　４２６　５F
202609110601,2026-09-11,06,01R,4068,幸田 智裕,2026-08-31,2026-09-05,18,徳山,一般,３　５３４　５４５　６２,2026-08-24,2026-08-28,15,丸亀,一般,６６４　６　２３３,2026-08-11,2026-08-16,06,浜名湖,一般,１　５４４　５６４　２４,2026-07-27,2026-08-01,09,津,一般,４　２５,2026-07-15,2026-07-19,17,宮島,一般,４５６　２４６　４４,4899,占部 一真,2026-08-27,2026-08-31,04,平和島,一般,５５２　６　５４６,2026-08-16,2026-08-19,14,鳴門,一般,６　６１６６５,2026-07-29,2026-08-03,23,からつ,一般,６５５　２５４　５６３,2026-07-17,2026-07-20,02,戸田,一般,６４５　４　１５,2026-07-03,2026-07-08,12,住之江,一般,４　６１４　６６４　１５,5369,岡崎 凪汰,2026-08-24,2026-08-28,15,丸亀,一般,５　４　６５６　１４,2026-08-17,2026-08-20,20,若松,一般,５５１　２５４６,2026-08-04,2026-08-09,10,三国,一般,５６２　６　４２３６４５,2026-07-23,2026-07-28,21,芦屋,一般,６６５　３５６２２　５４,2026-07-11,2026-07-16,03,江戸川,一般,５　２６４６６　６５５,4666,日笠 勝弘,2026-08-29,2026-09-03,16,児島,一般,５　２３１　１２２４６６,2026-08-14,2026-08-19,10,三国,一般,５　４３６　３６６　６３,2026-07-27,2026-07-31,19,下関,一般,３　５４３　１４３,2026-07-15,2026-07-19,17,宮島,一般,５　４１５４４　１６,2026-07-01,2026-07-06,22,福岡,一般,５　２５６　６４５　２５,3306,武田 正紀,2026-08-27,2026-08-31,04,平和島,一般,６４１　１５２　４６,2026-08-12,2026-08-17,02,戸田,一般,４　５２４　２５４３４６,2026-07-31,2026-08-05,05,多摩川,一般,４６２　１６６　４５３,2026-07-16,2026-07-21,11,びわこ,一般,５　２４１４５１２　５４,2026-07-01,2026-07-06,22,福岡,一般,６　５３５　３４３　２５,3392,小森 信雄,2026-08-27,2026-09-01,07,蒲郡,一般,３６５　２４５　４　４４,2026-08-15,2026-08-20,09,津,一般,３　１３５６２　４６２５,2026-08-04,2026-08-09,12,住之江,一般,６５５　２５３　６　１,2026-07-21,2026-07-26,23,からつ,一般,３　３４３３６　１３３３,2026-07-07,2026-07-12,08,常滑,一般,３５２　６５４　４５３１
202609110602,2026-09-11,06,02R,4431,石塚 裕介,2026-08-30,2026-09-02,21,芦屋,一般,４　３６２３６６,2026-08-15,2026-08-20,09,津,一般,５　２５５　１２６５１,2026-07-31,2026-08-04,13,尼崎,一般,１５１　３４３　１５,2026-07-07,2026-07-12,20,若松,ＧⅢ,３　１６２　６５６　５４,2026-06-28,2026-07-02,05,多摩川,一般,５　１４１５１５２４,4360,庄司 孝輔,2026-08-21,2026-08-24,07,蒲郡,一般,３５１５１１[２],2026-08-11,2026-08-16,06,浜名湖,一般,４３１　３２３　５３６１,2026-07-31,2026-08-04,13,尼崎,一般,４１２　４３１５１４,2026-07-22,2026-07-26,08,常滑,一般,２２３　６４３　２４,2026-07-07,2026-07-12,20,若松,ＧⅢ,５６２６６　４５６　６,4811,向井田 佑紀,2026-08-26,2026-08-30,14,鳴門,一般,１６３　３５５　３１,2026-08-14,2026-08-19,17,宮島,一般,２　６３６　６４５　４４,2026-08-06,2026-08-09,02,戸田,一般,１３２３２　５６,2026-07-27,2026-08-01,09,津,一般,４１６,2026-07-15,2026-07-19,17,宮島,一般,１　２３５３２４５６,3939,渡辺 真至,2026-09-01,2026-09-05,13,尼崎,一般,５　４４６　４５２,2026-08-22,2026-08-26,20,若松,一般,５　４２５　４６１４,2026-08-06,2026-08-09,02,戸田,一般,３　４５F４６,2026-07-24,2026-07-27,06,浜名湖,一般,２４３　１２３１,2026-07-14,2026-07-17,24,大村,一般,３３２　５５４４,4381,田路 朋史,2026-08-29,2026-09-03,19,下関,一般,５　１２１４５　３５１６,2026-08-20,2026-08-23,24,大村,一般,３　４３２　４６,2026-08-09,2026-08-14,13,尼崎,一般,２　２４５　２５４２４２,2026-07-22,2026-07-26,08,常滑,一般,１３５　４１２　２２,2026-07-10,2026-07-15,23,からつ,一般,５　４４５　３４２２１１,3714,梶原 正,2026-08-27,2026-09-01,07,蒲郡,一般,４６４　５　２５５　２４,2026-08-16,2026-08-19,14,鳴門,一般,２４６　４４６,2026-07-29,2026-08-03,23,からつ,一般,３４４　６　２６６３３,2026-07-18,2026-07-21,04,平和島,一般,１４２６５　２３,2026-07-04,2026-07-09,18,徳山,一般,６　２５１６６６２　６６
202609110603,2026-09-11,06,03R,4336,松田 竜馬,2026-08-25,2026-08-30,17,宮島,一般,５１４　３３３　５６３２,2026-08-12,2026-08-17,22,福岡,一般,１１２　６６４５２　２２,2026-07-23,2026-07-28,21,芦屋,一般,１　４１５２２４４２[６],2026-07-07,2026-07-12,02,戸田,ＧⅡ,転　６　５２５　３２５,2026-06-30,2026-07-04,19,下関,一般,４　３６１４４６６,5091,為本 智也,2026-08-28,2026-09-02,05,多摩川,ＧⅢ,２　６４２３５　３６１１,2026-08-17,2026-08-20,20,若松,一般,２　１４４６３５,2026-08-04,2026-08-09,10,三国,一般,２　１１５３２５２１[３],2026-07-22,2026-07-26,13,尼崎,一般,２４１　３５２３２２,2026-05-16,2026-05-19,06,浜名湖,一般,２　２２１３[３],3777,樋口 亮,2026-08-27,2026-09-01,07,蒲郡,一般,２３５　１６F４５　５,2026-08-17,2026-08-20,20,若松,一般,３　３５３３５,2026-08-06,2026-08-10,24,大村,一般,４　４３３１２２[６],2026-07-24,2026-07-29,17,宮島,一般,５６２　４４６欠,2026-06-17,2026-06-22,24,大村,ＧⅡ,６６５　４　４５３　３,4369,丹下 将,2026-08-29,2026-09-03,16,児島,一般,１　１３６５４５２　４４,2026-08-14,2026-08-19,10,三国,一般,６２１２５　２６２５３６,2026-08-03,2026-08-08,19,下関,一般,３４１２２　２４２２[５],2026-07-22,2026-07-26,08,常滑,一般,１　１４３３４２[６],2026-07-07,2026-07-12,20,若松,ＧⅢ,６６２　１４１６３５１４,3516,吉原 聖人,2026-08-26,2026-08-31,11,びわこ,一般,２１５　５３５　２１３,2026-08-14,2026-08-19,17,宮島,一般,４　５５２　６４４６６,2026-08-05,2026-08-10,09,津,一般,５１４　３６５　４４１,2026-07-20,2026-07-25,15,丸亀,一般,３５６　３５５　２　２６,2026-07-07,2026-07-12,10,三国,ＧⅢ,６３６　２４４　３４１,4677,片橋 幸貴,2026-08-30,2026-09-03,08,常滑,一般,１３１５２２３３３１,2026-08-15,2026-08-20,11,びわこ,一般,転　１３４６２４６　２１,2026-08-08,2026-08-11,05,多摩川,一般,４６２１４４４１,2026-07-28,2026-08-02,16,児島,一般,５２１２１　２２５１[３],2026-07-15,2026-07-21,12,住之江,一般,３４２　２１１３５２６３[５]
202609110604,2026-09-11,06,04R,3811,石田 章央,2026-08-30,2026-09-03,08,常滑,一般,２　５３５１２５２６,2026-08-17,2026-08-20,20,若松,一般,３６１３１５１４,2026-08-03,2026-08-08,17,宮島,一般,５　１１３３１５１３５２,2026-07-24,2026-07-27,06,浜名湖,一般,１５４２６　６１,2026-07-14,2026-07-19,01,桐生,一般,４　４５１１１　６６１５,4876,梅木 敬太,2026-08-28,2026-09-02,05,多摩川,ＧⅢ,１　６３３　４２６３２２,2026-08-17,2026-08-20,20,若松,一般,４　６６５６５,2026-08-04,2026-08-09,10,三国,一般,２２５　４５１　６１２５,2026-07-27,2026-07-31,19,下関,一般,２３６　５６１　３２,2026-07-14,2026-07-19,01,桐生,一般,４　４１４　３３５　１３,3906,飯山 晃三,2026-08-28,2026-08-31,23,からつ,一般,５　２６２２３６,2026-07-22,2026-07-27,14,鳴門,一般,４　２６６　５５４６５,2026-07-07,2026-07-12,10,三国,ＧⅢ,５６１　６６４　１　６２,2026-06-25,2026-06-30,13,尼崎,一般,６　４５転　６６６　６,2026-06-16,2026-06-21,09,津,一般,５　３６６　５４３　F６,3796,長野 道臣,2026-08-24,2026-08-29,13,尼崎,一般,６５４　１　６６４　２４,2026-08-11,2026-08-16,06,浜名湖,一般,４　４５６　６５５　１３,2026-07-23,2026-07-28,03,江戸川,ＧⅢ,６　１２５　６４２４５,2026-07-07,2026-07-12,10,三国,ＧⅢ,３４２　４１４６２６６４,2026-06-28,2026-07-02,05,多摩川,一般,６５５　１２６　３４,4358,松本 庸平,2026-08-30,2026-09-02,21,芦屋,一般,２５３　６６５６,2026-08-15,2026-08-20,09,津,一般,３４６　１５２　３５３,2026-08-03,2026-08-08,17,宮島,一般,３　６６５　３４６１５５,2026-07-22,2026-07-26,08,常滑,一般,６６３　６　４４５３,2026-06-30,2026-07-05,23,からつ,一般,１３５　３５２　１６４６,4639,雑賀 勇貴,2026-08-28,2026-09-02,05,多摩川,ＧⅢ,６５６　２　６６１　５４,2026-08-13,2026-08-18,12,住之江,一般,５４４　４４６　２　４１,2026-08-03,2026-08-08,04,平和島,ＧⅢ,１　３６６３５　６４６,2026-07-17,2026-07-22,16,児島,ＧⅢ,６　５６６　６５,2026-07-03,2026-07-08,12,住之江,一般,５１５　２３６　１６５
202609110605,2026-09-11,06,05R,3842,星野 太郎,2026-08-30,2026-09-03,08,常滑,一般,２５２２１　６３２６,2026-08-15,2026-08-20,09,津,一般,３　１５１　４５５４３２,2026-08-06,2026-08-09,02,戸田,一般,６　５３６　３１,2026-07-23,2026-07-28,21,芦屋,一般,４　６２２２６６６　３２,2026-07-03,2026-07-06,09,津,一般,３５６　２３２２,3715,倉尾 大介,2026-08-31,2026-09-05,20,若松,ＧⅢ,２４１　２６１４１６１,2026-08-21,2026-08-26,03,江戸川,一般,２　１２２　３５４４３１,2026-08-05,2026-08-10,09,津,一般,３　F４５,2026-07-24,2026-07-27,02,戸田,一般,３　４３４２２４,2026-07-15,2026-07-19,08,常滑,一般,２６,3286,坂東 満,2026-08-20,2026-08-23,02,戸田,一般,１５１２５　２５,2026-08-03,2026-08-08,19,下関,一般,５　６５２　６６５２５,2026-07-16,2026-07-21,11,びわこ,一般,６　６５６　６４６　６,2026-06-26,2026-07-01,17,宮島,一般,２５５　６５２３１　３６,2026-05-20,2026-05-25,09,津,一般,４　５５５　６５６　３,3627,井上 恵一,2026-08-27,2026-09-01,07,蒲郡,一般,５　６５５　４１４２５,2026-08-12,2026-08-17,22,福岡,一般,３５５５４　４６５　６１,2026-08-02,2026-08-05,21,芦屋,一般,２　６６６　１４,2026-06-27,2026-07-01,02,戸田,一般,２２３　１６５３[６],2026-06-16,2026-06-21,18,徳山,ＧⅢ,エ２６５２　６５６６６５,5353,草川 壮良,2026-08-29,2026-09-03,16,児島,一般,１２３　６６５　６３１６,2026-08-17,2026-08-20,20,若松,一般,６　４４５　５６,2026-08-07,2026-08-11,15,丸亀,一般,６　５６４　３　５６,2026-05-27,2026-06-01,08,常滑,一般,４６４　４４６　F　２,2026-05-09,2026-05-14,11,びわこ,一般,５６６　２　６５１　６５,5066,鈴木 孝明,2026-08-28,2026-09-02,05,多摩川,ＧⅢ,３４４３１　１３１４２１,2026-08-12,2026-08-17,02,戸田,一般,２４１　３４４　６　１３,2026-07-30,2026-08-04,08,常滑,一般,４５３１２２２６３３２３,2026-07-18,2026-07-23,09,津,ＧⅢ,１４１　３　２４３　２１,2026-07-09,2026-07-13,14,鳴門,一般,１４２４２６４６５６
202609110606,2026-09-11,06,06R,3306,武田 正紀,2026-08-27,2026-08-31,04,平和島,一般,６４１　１５２　４６,2026-08-12,2026-08-17,02,戸田,一般,４　５２４　２５４３４６,2026-07-31,2026-08-05,05,多摩川,一般,４６２　１６６　４５３,2026-07-16,2026-07-21,11,びわこ,一般,５　２４１４５１２　５４,2026-07-01,2026-07-06,22,福岡,一般,６　５３５　３４３　２５,4967,中村 魁生,2026-08-28,2026-09-02,05,多摩川,ＧⅢ,３５２６４４４　４,2026-08-13,2026-08-18,12,住之江,一般,３　３５６　２３４４１,2026-08-04,2026-08-09,10,三国,一般,６　２２１３６３１６１４,2026-07-28,2026-07-31,24,大村,一般,４１３３３　２２,2026-07-18,2026-07-23,09,津,ＧⅢ,３F６　３３４　３　３,4434,田中 辰彦,2026-08-29,2026-09-03,16,児島,一般,３　４６３４４５５　３,2026-08-14,2026-08-19,17,宮島,一般,３３６　１４１５１５１１,2026-07-27,2026-08-01,09,津,一般,３　１,2026-07-15,2026-07-19,08,常滑,一般,１４４　２６２５１６,2026-06-30,2026-07-05,23,からつ,一般,１　３４２２３５１２[４],3377,塚田 修二,2026-08-29,2026-09-03,16,児島,一般,３６６　６４５　４６４,2026-08-15,2026-08-20,05,多摩川,一般,６　４４３６５　４　５,2026-08-03,2026-08-08,17,宮島,一般,６　５６６,2026-07-24,2026-07-27,02,戸田,一般,３　３２５３２１,2026-07-07,2026-07-12,08,常滑,一般,３　４４６　４５６２５,4066,東本 勝利,2026-08-30,2026-09-03,08,常滑,一般,２２４　２３１３２４,2026-08-20,2026-08-23,02,戸田,一般,２１４　１３[１],2026-08-11,2026-08-16,07,蒲郡,一般,２６３　３５４　５４４,2026-07-24,2026-07-29,17,宮島,一般,１　４６２１３４１５１落,2026-07-15,2026-07-20,18,徳山,一般,３２５２１　１５４２[２],4684,楠原 翔太,2026-08-28,2026-08-31,23,からつ,一般,４５３　２１２２,2026-08-12,2026-08-17,22,福岡,一般,２２４　１３４４１３１１,2026-08-03,2026-08-08,04,平和島,ＧⅢ,４２５　２４１　２５５４,2026-07-22,2026-07-25,24,大村,一般,２　４６６２６,2026-07-10,2026-07-15,22,福岡,一般,３５４　５４３　４２２
202609110607,2026-09-11,06,07R,4345,西舘 健,2026-08-28,2026-09-02,05,多摩川,ＧⅢ,６　５４転欠,2026-08-20,2026-08-23,04,平和島,一般,６２４５４　３１,2026-08-09,2026-08-15,03,江戸川,一般,６　６６F　６２２　６３,2026-07-23,2026-07-28,03,江戸川,ＧⅢ,１１４　２３３　４　２１,2026-07-14,2026-07-19,01,桐生,一般,６　４４１　２５５　２３,3714,梶原 正,2026-08-27,2026-09-01,07,蒲郡,一般,４６４　５　２５５　２４,2026-08-16,2026-08-19,14,鳴門,一般,２４６　４４６,2026-07-29,2026-08-03,23,からつ,一般,３４４　６　２６６３３,2026-07-18,2026-07-21,04,平和島,一般,１４２６５　２３,2026-07-04,2026-07-09,18,徳山,一般,６　２５１６６６２　６６,4798,浜先 真範,2026-08-29,2026-09-03,19,下関,一般,５　１３４３１２１　２２,2026-08-16,2026-08-19,14,鳴門,一般,１４１３３１[２],2026-08-03,2026-08-08,17,宮島,一般,３５３　４４３１２５１４,2026-07-23,2026-07-28,21,芦屋,一般,１４１３１３１　４１[１],2026-07-10,2026-07-15,23,からつ,一般,１１３　１５２２１５１２,5369,岡崎 凪汰,2026-08-24,2026-08-28,15,丸亀,一般,５　４　６５６　１４,2026-08-17,2026-08-20,20,若松,一般,５５１　２５４６,2026-08-04,2026-08-09,10,三国,一般,５６２　６　４２３６４５,2026-07-23,2026-07-28,21,芦屋,一般,６６５　３５６２２　５４,2026-07-11,2026-07-16,03,江戸川,一般,５　２６４６６　６５５,4269,杉山 裕也,2026-08-22,2026-08-27,08,常滑,ＧⅢ,１３２３２　２２３１[２],2026-08-11,2026-08-16,07,蒲郡,一般,２２２３３　２２１３２１,2026-08-03,2026-08-08,04,平和島,ＧⅢ,３１２　３２５４２３３３,2026-07-23,2026-07-28,03,江戸川,ＧⅢ,１　２４２　２５５１１３,2026-07-13,2026-07-18,07,蒲郡,ＧⅡ,２　５　１１２　４　１４,5463,出口 飛龍,2026-08-24,2026-08-29,13,尼崎,一般,５　６６６　５６６　６,2026-08-13,2026-08-18,12,住之江,一般,６　４６６　６　６　５５,2026-07-15,2026-07-20,18,徳山,一般,６　６　６５６６６６６,2026-06-28,2026-07-01,10,三国,一般,６　６６６６６,2026-06-11,2026-06-16,16,児島,一般,６　６６転６６　６　６
202609110608,2026-09-11,06,08R,4381,田路 朋史,2026-08-29,2026-09-03,19,下関,一般,５　１２１４５　３５１６,2026-08-20,2026-08-23,24,大村,一般,３　４３２　４６,2026-08-09,2026-08-14,13,尼崎,一般,２　２４５　２５４２４２,2026-07-22,2026-07-26,08,常滑,一般,１３５　４１２　２２,2026-07-10,2026-07-15,23,からつ,一般,５　４４５　３４２２１１,4022,待鳥 雄紀,2026-08-27,2026-08-31,04,平和島,一般,４　４５４　５５５,2026-08-16,2026-08-19,14,鳴門,一般,２　１４２５４４,2026-07-29,2026-08-03,22,福岡,一般,６　４４１４２　５２５２,2026-07-15,2026-07-19,08,常滑,一般,５２１３４　１５１６,2026-07-03,2026-07-06,09,津,一般,６　４３３５３６,3516,吉原 聖人,2026-08-26,2026-08-31,11,びわこ,一般,２１５　５３５　２１３,2026-08-14,2026-08-19,17,宮島,一般,４　５５２　６４４６６,2026-08-05,2026-08-10,09,津,一般,５１４　３６５　４４１,2026-07-20,2026-07-25,15,丸亀,一般,３５６　３５５　２　２６,2026-07-07,2026-07-12,10,三国,ＧⅢ,６３６　２４４　３４１,3721,守田 俊介,2026-08-29,2026-09-03,19,下関,一般,１２１　２１４２６１[２],2026-08-15,2026-08-20,11,びわこ,一般,２３４１１　１１１２[２],2026-08-04,2026-08-09,10,三国,一般,１１３４６　１１２４１５,2026-07-22,2026-07-26,08,常滑,一般,３６３１１６１４４１,2026-07-13,2026-07-18,07,蒲郡,ＧⅡ,３１２　２　５　４　１６,4068,幸田 智裕,2026-08-31,2026-09-05,18,徳山,一般,３　５３４　５４５　６２,2026-08-24,2026-08-28,15,丸亀,一般,６６４　６　２３３,2026-08-11,2026-08-16,06,浜名湖,一般,１　５４４　５６４　２４,2026-07-27,2026-08-01,09,津,一般,４　２５,2026-07-15,2026-07-19,17,宮島,一般,４５６　２４６　４４,4876,梅木 敬太,2026-08-28,2026-09-02,05,多摩川,ＧⅢ,１　６３３　４２６３２２,2026-08-17,2026-08-20,20,若松,一般,４　６６５６５,2026-08-04,2026-08-09,10,三国,一般,２２５　４５１　６１２５,2026-07-27,2026-07-31,19,下関,一般,２３６　５６１　３２,2026-07-14,2026-07-19,01,桐生,一般,４　４１４　３３５　１３
202609110609,2026-09-11,06,09R,4150,山田 雄太,2026-08-28,2026-09-02,05,多摩川,ＧⅢ,２１１５３　４１２１[４],2026-08-11,2026-08-16,06,浜名湖,一般,１３３２５　１　３　３２,2026-07-28,2026-08-02,15,丸亀,一般,４　３４２　４４１６１４,2026-07-15,2026-07-19,17,宮島,一般,１　１４４５１４１５,2026-07-05,2026-07-09,24,大村,一般,６６２　２１２６１６,4369,丹下 将,2026-08-29,2026-09-03,16,児島,一般,１　１３６５４５２　４４,2026-08-14,2026-08-19,10,三国,一般,６２１２５　２６２５３６,2026-08-03,2026-08-08,19,下関,一般,３４１２２　２４２２[５],2026-07-22,2026-07-26,08,常滑,一般,１　１４３３４２[６],2026-07-07,2026-07-12,20,若松,ＧⅢ,６６２　１４１６３５１４,4358,松本 庸平,2026-08-30,2026-09-02,21,芦屋,一般,２５３　６６５６,2026-08-15,2026-08-20,09,津,一般,３４６　１５２　３５３,2026-08-03,2026-08-08,17,宮島,一般,３　６６５　３４６１５５,2026-07-22,2026-07-26,08,常滑,一般,６６３　６　４４５３,2026-06-30,2026-07-05,23,からつ,一般,１３５　３５２　１６４６,4899,占部 一真,2026-08-27,2026-08-31,04,平和島,一般,５５２　６　５４６,2026-08-16,2026-08-19,14,鳴門,一般,６　６１６６５,2026-07-29,2026-08-03,23,からつ,一般,６５５　２５４　５６３,2026-07-17,2026-07-20,02,戸田,一般,６４５　４　１５,2026-07-03,2026-07-08,12,住之江,一般,４　６１４　６６４　１５,4811,向井田 佑紀,2026-08-26,2026-08-30,14,鳴門,一般,１６３　３５５　３１,2026-08-14,2026-08-19,17,宮島,一般,２　６３６　６４５　４４,2026-08-06,2026-08-09,02,戸田,一般,１３２３２　５６,2026-07-27,2026-08-01,09,津,一般,４１６,2026-07-15,2026-07-19,17,宮島,一般,１　２３５３２４５６,3715,倉尾 大介,2026-08-31,2026-09-05,20,若松,ＧⅢ,２４１　２６１４１６１,2026-08-21,2026-08-26,03,江戸川,一般,２　１２２　３５４４３１,2026-08-05,2026-08-10,09,津,一般,３　F４５,2026-07-24,2026-07-27,02,戸田,一般,３　４３４２２４,2026-07-15,2026-07-19,08,常滑,一般,２６
202609110610,2026-09-11,06,10R,4066,東本 勝利,2026-08-30,2026-09-03,08,常滑,一般,２２４　２３１３２４,2026-08-20,2026-08-23,02,戸田,一般,２１４　１３[１],2026-08-11,2026-08-16,07,蒲郡,一般,２６３　３５４　５４４,2026-07-24,2026-07-29,17,宮島,一般,１　４６２１３４１５１落,2026-07-15,2026-07-20,18,徳山,一般,３２５２１　１５４２[２],5353,草川 壮良,2026-08-29,2026-09-03,16,児島,一般,１２３　６６５　６３１６,2026-08-17,2026-08-20,20,若松,一般,６　４４５　５６,2026-08-07,2026-08-11,15,丸亀,一般,６　５６４　３　５６,2026-05-27,2026-06-01,08,常滑,一般,４６４　４４６　F　２,2026-05-09,2026-05-14,11,びわこ,一般,５６６　２　６５１　６５,4588,田中 京介,2026-08-29,2026-09-03,19,下関,一般,３４２　３５１　６６１４,2026-08-17,2026-08-21,13,尼崎,一般,３　６１２４３６１５,2026-08-06,2026-08-10,24,大村,一般,２１３６５　２４１４,2026-07-23,2026-07-27,01,桐生,一般,６　１６６１４　１２,2026-07-10,2026-07-15,22,福岡,一般,２２５５６３１　５　２１,4360,庄司 孝輔,2026-08-21,2026-08-24,07,蒲郡,一般,３５１５１１[２],2026-08-11,2026-08-16,06,浜名湖,一般,４３１　３２３　５３６１,2026-07-31,2026-08-04,13,尼崎,一般,４１２　４３１５１４,2026-07-22,2026-07-26,08,常滑,一般,２２３　６４３　２４,2026-07-07,2026-07-12,20,若松,ＧⅢ,５６２６６　４５６　６,3906,飯山 晃三,2026-08-28,2026-08-31,23,からつ,一般,５　２６２２３６,2026-07-22,2026-07-27,14,鳴門,一般,４　２６６　５５４６５,2026-07-07,2026-07-12,10,三国,ＧⅢ,５６１　６６４　１　６２,2026-06-25,2026-06-30,13,尼崎,一般,６　４５転　６６６　６,2026-06-16,2026-06-21,09,津,一般,５　３６６　５４３　F６,5091,為本 智也,2026-08-28,2026-09-02,05,多摩川,ＧⅢ,２　６４２３５　３６１１,2026-08-17,2026-08-20,20,若松,一般,２　１４４６３５,2026-08-04,2026-08-09,10,三国,一般,２　１１５３２５２１[３],2026-07-22,2026-07-26,13,尼崎,一般,２４１　３５２３２２,2026-05-16,2026-05-19,06,浜名湖,一般,２　２２１３[３]
202609110611,2026-09-11,06,11R,4654,篠田 優也,2026-08-29,2026-09-03,16,児島,一般,３３,2026-08-09,2026-08-14,13,尼崎,一般,４　１２１６２　４　１４,2026-07-29,2026-08-03,23,からつ,一般,３　５５,2026-07-20,2026-07-25,15,丸亀,一般,２５３３２　１２１　２２,2026-07-10,2026-07-13,19,下関,一般,３４１３１５２３,3627,井上 恵一,2026-08-27,2026-09-01,07,蒲郡,一般,５　６５５　４１４２５,2026-08-12,2026-08-17,22,福岡,一般,３５５５４　４６５　６１,2026-08-02,2026-08-05,21,芦屋,一般,２　６６６　１４,2026-06-27,2026-07-01,02,戸田,一般,２２３　１６５３[６],2026-06-16,2026-06-21,18,徳山,ＧⅢ,エ２６５２　６５６６６５,3392,小森 信雄,2026-08-27,2026-09-01,07,蒲郡,一般,３６５　２４５　４　４４,2026-08-15,2026-08-20,09,津,一般,３　１３５６２　４６２５,2026-08-04,2026-08-09,12,住之江,一般,６５５　２５３　６　１,2026-07-21,2026-07-26,23,からつ,一般,３　３４３３６　１３３３,2026-07-07,2026-07-12,08,常滑,一般,３５２　６５４　４５３１,4639,雑賀 勇貴,2026-08-28,2026-09-02,05,多摩川,ＧⅢ,６５６　２　６６１　５４,2026-08-13,2026-08-18,12,住之江,一般,５４４　４４６　２　４１,2026-08-03,2026-08-08,04,平和島,ＧⅢ,１　３６６３５　６４６,2026-07-17,2026-07-22,16,児島,ＧⅢ,６　５６６　６５,2026-07-03,2026-07-08,12,住之江,一般,５１５　２３６　１６５,3777,樋口 亮,2026-08-27,2026-09-01,07,蒲郡,一般,２３５　１６F４５　５,2026-08-17,2026-08-20,20,若松,一般,３　３５３３５,2026-08-06,2026-08-10,24,大村,一般,４　４３３１２２[６],2026-07-24,2026-07-29,17,宮島,一般,５６２　４４６欠,2026-06-17,2026-06-22,24,大村,ＧⅡ,６６５　４　４５３　３,4434,田中 辰彦,2026-08-29,2026-09-03,16,児島,一般,３　４６３４４５５　３,2026-08-14,2026-08-19,17,宮島,一般,３３６　１４１５１５１１,2026-07-27,2026-08-01,09,津,一般,３　１,2026-07-15,2026-07-19,08,常滑,一般,１４４　２６２５１６,2026-06-30,2026-07-05,23,からつ,一般,１　３４２２３５１２[４]
202609110612,2026-09-11,06,12R,3721,守田 俊介,2026-08-29,2026-09-03,19,下関,一般,１２１　２１４２６１[２],2026-08-15,2026-08-20,11,びわこ,一般,２３４１１　１１１２[２],2026-08-04,2026-08-09,10,三国,一般,１１３４６　１１２４１５,2026-07-22,2026-07-26,08,常滑,一般,３６３１１６１４４１,2026-07-13,2026-07-18,07,蒲郡,ＧⅡ,３１２　２　５　４　１６,5066,鈴木 孝明,2026-08-28,2026-09-02,05,多摩川,ＧⅢ,３４４３１　１３１４２１,2026-08-12,2026-08-17,02,戸田,一般,２４１　３４４　６　１３,2026-07-30,2026-08-04,08,常滑,一般,４５３１２２２６３３２３,2026-07-18,2026-07-23,09,津,ＧⅢ,１４１　３　２４３　２１,2026-07-09,2026-07-13,14,鳴門,一般,１４２４２６４６５６,3811,石田 章央,2026-08-30,2026-09-03,08,常滑,一般,２　５３５１２５２６,2026-08-17,2026-08-20,20,若松,一般,３６１３１５１４,2026-08-03,2026-08-08,17,宮島,一般,５　１１３３１５１３５２,2026-07-24,2026-07-27,06,浜名湖,一般,１５４２６　６１,2026-07-14,2026-07-19,01,桐生,一般,４　４５１１１　６６１５,4677,片橋 幸貴,2026-08-30,2026-09-03,08,常滑,一般,１３１５２２３３３１,2026-08-15,2026-08-20,11,びわこ,一般,転　１３４６２４６　２１,2026-08-08,2026-08-11,05,多摩川,一般,４６２１４４４１,2026-07-28,2026-08-02,16,児島,一般,５２１２１　２２５１[３],2026-07-15,2026-07-21,12,住之江,一般,３４２　２１１３５２６３[５],4798,浜先 真範,2026-08-29,2026-09-03,19,下関,一般,５　１３４３１２１　２２,2026-08-16,2026-08-19,14,鳴門,一般,１４１３３１[２],2026-08-03,2026-08-08,17,宮島,一般,３５３　４４３１２５１４,2026-07-23,2026-07-28,21,芦屋,一般,１４１３１３１　４１[１],2026-07-10,2026-07-15,23,からつ,一般,１１３　１５２２１５１２,4967,中村 魁生,2026-08-28,2026-09-02,05,多摩川,ＧⅢ,３５２６４４４　４,2026-08-13,2026-08-18,12,住之江,一般,３　３５６　２３４４１,2026-08-04,2026-08-09,10,三国,一般,６　２２１３６３１６１４,2026-07-28,2026-07-31,24,大村,一般,４１３３３　２２,2026-07-18,2026-07-23,09,津,ＧⅢ,３F６　３３４　３　３
202609111201,2026-09-11,12,01R,4047,吉永 浩則,2026-08-25,2026-08-30,09,津,一般,２　３６４　５５５,2026-08-16,2026-08-19,14,鳴門,一般,６３４　６１６,2026-07-31,2026-08-03,20,若松,一般,６５６　４　４６,2026-07-15,2026-07-20,18,徳山,一般,４　４６５　３６５　２５,2026-07-05,2026-07-09,05,多摩川,一般,５　６　１２５２６６,4626,伊藤 紘章,2026-08-30,2026-09-03,08,常滑,一般,３６５　１５５　４４,2026-08-15,2026-08-20,05,多摩川,一般,１　６６３　６２３２２５,2026-07-31,2026-08-03,20,若松,一般,６６６,2026-07-14,2026-07-17,24,大村,一般,２　１６３４６１,2026-06-30,2026-07-05,06,浜名湖,一般,４　５６６　５４２　１４,4727,安部 慎一,2026-08-27,2026-09-01,07,蒲郡,一般,５　４４１　４５６　６４,2026-08-12,2026-08-17,22,福岡,一般,４６５　１３２　４３２,2026-07-29,2026-08-01,18,徳山,一般,５　２３４　６１,2026-07-14,2026-07-19,21,芦屋,一般,５　３１４　５３３４２,2026-06-30,2026-07-05,06,浜名湖,一般,２　４５２　３３６６６,3630,黒田 誠司,2026-08-28,2026-08-31,23,からつ,一般,５　４４５　３６,2026-08-17,2026-08-20,20,若松,一般,３５４　５６２,2026-07-31,2026-08-05,06,浜名湖,ＧⅢ,２　２５６　６５６　３６,2026-07-24,2026-07-27,02,戸田,一般,５　６５５　４,2026-07-15,2026-07-19,08,常滑,一般,５　５１２　３６５６,4229,市川 美宏,2026-08-30,2026-09-02,21,芦屋,一般,６　６４６　３３,2026-08-15,2026-08-20,09,津,一般,４４５　６　２６６　２４,2026-07-31,2026-08-04,13,尼崎,一般,６　５４４　１３４４,2026-07-17,2026-07-20,02,戸田,一般,３　３３６５２２,2026-06-28,2026-07-02,05,多摩川,一般,５　６１３　２２３６,3558,山本 浩次,2026-08-29,2026-09-03,19,下関,一般,４　２３１５４　３２３,2026-08-15,2026-08-20,18,徳山,一般,３　６３４　２F６　３,2026-07-28,2026-08-02,16,児島,一般,２　４４６５４　５１２４,2026-07-19,2026-07-23,05,多摩川,一般,５　４６５６３　４,2026-07-07,2026-07-12,20,若松,ＧⅢ,１４６　４　３３３６４
202609111202,2026-09-11,12,02R,4898,菊地 敬介,2026-08-28,2026-09-02,05,多摩川,ＧⅢ,６　１３４　３４５５４,2026-08-12,2026-08-17,02,戸田,一般,４　６４５　６３５４４,2026-08-03,2026-08-08,04,平和島,ＧⅢ,６　F４６　５　５　２,2026-07-22,2026-07-25,24,大村,一般,４２５　２４４１,2026-07-10,2026-07-15,06,浜名湖,一般,転４３　２６２　２　２４,4724,吉田 祐貴,2026-08-27,2026-09-01,07,蒲郡,一般,３５４　妨欠,2026-08-11,2026-08-16,19,下関,一般,６　３３４　５５５　４６,2026-07-23,2026-07-27,01,桐生,一般,４　４６３２２　６４,2026-07-10,2026-07-15,23,からつ,一般,４　６３５４６　転　６４,2026-06-26,2026-07-02,24,大村,一般,５　１３４４５　６６５　１２,4063,市橋 卓士,2026-09-01,2026-09-04,24,大村,一般,２４１１４１[１],2026-08-19,2026-08-24,19,下関,一般,３１３　２３１３１２[３],2026-08-05,2026-08-10,14,鳴門,一般,２３４　１１２１４１[４],2026-07-29,2026-08-01,18,徳山,一般,２３３４１５３５,2026-07-18,2026-07-22,10,三国,一般,２６２５４５５　３３,3775,泉 啓文,2026-08-29,2026-09-03,16,児島,一般,２５５　２２１　６５２２,2026-08-14,2026-08-19,17,宮島,一般,４　５２５　５４５　６４,2026-07-29,2026-08-03,23,からつ,一般,４４４　６　３４３３２,2026-07-16,2026-07-21,11,びわこ,一般,４５５　６　５２４６６,2026-07-05,2026-07-09,05,多摩川,一般,１　１２５　６６６４,3757,畑 和宏,2026-08-29,2026-09-03,16,児島,一般,５５５　５１２６２　２３,2026-08-17,2026-08-20,20,若松,一般,１　５４３２２５,2026-08-05,2026-08-10,14,鳴門,一般,５６３　３１４２１　１６,2026-07-24,2026-07-29,17,宮島,一般,５５２２２１２　１５１２,2026-07-17,2026-07-20,02,戸田,一般,６　５２１４３４,4416,三宅 健太,2026-08-24,2026-08-28,15,丸亀,一般,４４１　３４２４２４,2026-08-14,2026-08-19,17,宮島,一般,３５４　５１２　２１５,2026-08-06,2026-08-09,02,戸田,一般,４４４　１３３５,2026-07-23,2026-07-28,21,芦屋,一般,２５４　４５エ５,2026-07-15,2026-07-19,17,宮島,一般,　　　　　　　　１２
202609111203,2026-09-11,12,03R,4253,西川 真人,2026-09-01,2026-09-05,13,尼崎,一般,６６６　４　１６５,2026-08-15,2026-08-20,11,びわこ,一般,１４５　３５４　５３４,2026-08-02,2026-08-05,21,芦屋,一般,５５５　３　３３,2026-07-22,2026-07-26,08,常滑,一般,３３４　２　１４４４,2026-07-10,2026-07-14,09,津,一般,１６６　２５２４３,4311,岡村 仁,2026-08-26,2026-08-31,11,びわこ,一般,４２４　４２１２１６２５,2026-08-13,2026-08-18,12,住之江,一般,４５２　２４５　４２２,2026-08-06,2026-08-09,02,戸田,一般,４３２　１１[６],2026-07-27,2026-08-01,09,津,一般,２４４,2026-06-21,2026-06-24,19,下関,一般,２４２２３３２１,5321,一色 颯輝,2026-08-30,2026-09-03,08,常滑,一般,　　　　　　　　５３,2026-08-23,2026-08-27,18,徳山,一般,６　２３１４２３５１,2026-08-11,2026-08-16,07,蒲郡,一般,６４６　４　６転転　２２,2026-07-27,2026-08-01,09,津,一般,４　２,2026-06-21,2026-06-24,10,三国,一般,２１３　２４５３,4962,畑 竜生,2026-08-28,2026-09-02,05,多摩川,ＧⅢ,２１１５５　４５１　２１,2026-08-15,2026-08-20,09,津,一般,転　５４２　６１３　１３,2026-08-03,2026-08-08,17,宮島,一般,１６４１５　４５２　６１,2026-07-21,2026-07-26,23,からつ,一般,１３５　１５３４２３４１,2026-07-14,2026-07-17,24,大村,一般,１２５　１６３５,3955,眞田 英二,2026-08-17,2026-08-21,13,尼崎,一般,１　２４４　５４３２,2026-07-31,2026-08-03,20,若松,一般,３６４　６５５４,2026-07-14,2026-07-19,21,芦屋,一般,６２４　２５５　６　４６,2026-06-28,2026-07-01,10,三国,一般,２２妨　２　３６,2026-06-09,2026-06-14,11,びわこ,一般,５２４　６　４４４５５３,3293,宮内 由紀英,2026-08-28,2026-08-31,23,からつ,一般,４４６　３　１４,2026-08-15,2026-08-20,05,多摩川,一般,３　４４６　２６２　５６,2026-07-29,2026-08-03,22,福岡,一般,３４５　４５４　６　２,2026-07-14,2026-07-19,01,桐生,一般,５　２５６　４４２　４６,2026-07-04,2026-07-09,18,徳山,一般,４５５　６５５　４　５
202609111204,2026-09-11,12,04R,4060,島田 一生,2026-08-29,2026-09-03,16,児島,一般,５　３５５　２３５３３６,2026-08-16,2026-08-19,14,鳴門,一般,４１６　２１２６,2026-07-29,2026-08-03,23,からつ,一般,３　６１５２６　４　２２,2026-07-18,2026-07-22,10,三国,一般,２　２２６１３１[６],2026-07-03,2026-07-08,13,尼崎,一般,６　４６４　５２６　２,3477,近藤 稔也,2026-08-30,2026-09-02,21,芦屋,一般,１６４　４２６４,2026-08-19,2026-08-24,19,下関,一般,６　２３１３６　３４６５,2026-08-05,2026-08-10,14,鳴門,一般,１　６４４　５６５　４１,2026-07-18,2026-07-21,04,平和島,一般,６　５２５　３４,2026-07-04,2026-07-09,18,徳山,一般,４　５５４４４　３５５,3471,赤峰 和也,2026-08-28,2026-08-31,23,からつ,一般,５　３５５　３６,2026-08-16,2026-08-19,14,鳴門,一般,６　３４４５５,2026-07-31,2026-08-04,13,尼崎,一般,３　２６５　３５５,2026-07-18,2026-07-22,10,三国,一般,３５６　６　６４３,2026-07-02,2026-07-06,21,芦屋,一般,２４５　４４６　１５,3502,渡邉 英児,2026-09-01,2026-09-05,13,尼崎,一般,６１４　２３４４１２,2026-08-22,2026-08-26,20,若松,一般,５５６　３６２５２１,2026-08-11,2026-08-16,06,浜名湖,一般,１　１３６２２４３５４２,2026-07-24,2026-07-27,02,戸田,一般,２４３　４２５３,2026-07-14,2026-07-19,01,桐生,一般,３　１３５６３　５２１,4875,大塚 康雅,2026-08-29,2026-09-03,16,児島,一般,２６６　２４１　３４４３,2026-08-15,2026-08-20,05,多摩川,一般,３６４　４　６５４　２,2026-07-29,2026-08-03,22,福岡,一般,１５２　６３２５３　５４,2026-07-18,2026-07-21,04,平和島,一般,１　１５妨３２,2026-07-05,2026-07-09,24,大村,一般,１　１　４４１５５３,4218,吉川 喜継,2026-08-27,2026-09-01,07,蒲郡,一般,５２２１２４１１２２[５],2026-08-15,2026-08-20,11,びわこ,一般,１２６F４　５　３　２,2026-08-03,2026-08-08,17,宮島,一般,１３４　１２３３２６１１,2026-07-21,2026-07-26,23,からつ,一般,３４１３２　１３５２[５],2026-07-10,2026-07-15,06,浜名湖,一般,５　２１１３５４４３[４]
202609111205,2026-09-11,12,05R,4287,今井 貴士,2026-08-29,2026-09-03,16,児島,一般,２　４３１２４３４３５４,2026-08-20,2026-08-23,02,戸田,一般,６３５２３　２１,2026-08-06,2026-08-10,24,大村,一般,１６４３２　３６２２,2026-07-25,2026-07-29,20,若松,一般,１５１　２１３１[４],2026-07-15,2026-07-20,18,徳山,一般,４６４　１４４１４　６５,5110,杉山 喜一,2026-08-30,2026-09-03,08,常滑,一般,５４６３１　５６６,2026-07-18,2026-07-23,09,津,ＧⅢ,５　６　６５５　４６３５,2026-07-02,2026-07-07,04,平和島,一般,５４５　１　４５３　２５,2026-06-21,2026-06-24,19,下関,一般,２　３４１４２３,2026-06-06,2026-06-10,06,浜名湖,一般,３　１３２６５　１１,4404,岸蔭 亮,2026-08-29,2026-09-03,19,下関,一般,５５６　５６５欠,2026-07-22,2026-07-27,14,鳴門,一般,６２６　２４６　４６３６,2026-07-09,2026-07-14,15,丸亀,一般,５　６６４　６２３　６４,2026-06-27,2026-07-01,02,戸田,一般,４　３６５４４　１F,2026-06-11,2026-06-16,10,三国,一般,１　６６４４４　５６２,5187,小坂 風太,2026-08-29,2026-09-03,16,児島,一般,６６５　５３３　５５３,2026-07-16,2026-07-21,11,びわこ,一般,４１６　３転６６６　６６,2026-06-27,2026-07-01,02,戸田,一般,６　５６６　４４３,2026-06-11,2026-06-16,03,江戸川,一般,３３３　３３４３５　F６,2026-06-02,2026-06-08,10,三国,一般,５　２５４６６　６　３６,3718,伊達 正利,2026-08-30,2026-09-03,08,常滑,一般,３　３６４６６　５５,2026-08-16,2026-08-19,14,鳴門,一般,５　６１１５３３,2026-07-31,2026-08-05,06,浜名湖,ＧⅢ,４３２　４５５　２６６,2026-07-17,2026-07-20,02,戸田,一般,２６５　１４２４,2026-06-30,2026-07-05,06,浜名湖,一般,２　１４６　２５１４２５,4375,照屋 厚仁,2026-08-30,2026-09-03,08,常滑,一般,１　１２１３５１[２],2026-08-20,2026-08-23,23,からつ,一般,２４３４６　１２,2026-08-09,2026-08-14,13,尼崎,一般,４　４１１　６４１４２３,2026-07-17,2026-07-22,16,児島,ＧⅢ,５４４　２５３３１　６１,2026-07-10,2026-07-13,19,下関,一般,２　３５１５１４
202609111206,2026-09-11,12,06R,4260,中越 博紀,2026-09-01,2026-09-04,24,大村,一般,１１２　６２[４],2026-08-17,2026-08-20,20,若松,一般,２　２２１２[６],2026-08-07,2026-08-11,15,丸亀,一般,２３４　１４１４４６,2026-07-27,2026-07-31,19,下関,一般,６５２　１４２６１５,2026-07-18,2026-07-21,04,平和島,一般,２１１　１２[２],5009,大賀 龍之介,2026-08-27,2026-09-01,07,蒲郡,一般,６４２６３　２　２６３,2026-07-19,2026-07-24,22,福岡,ＧⅢ,６　１　６６４　１４５６,2026-06-30,2026-07-05,23,からつ,一般,１６３　６３４２２４５２,2026-06-21,2026-06-25,08,常滑,一般,４　２４４３１４２４,2026-05-19,2026-05-24,01,桐生,一般,５　F６４　５３３　４,3300,川崎 智幸,2026-08-29,2026-09-03,16,児島,一般,４　４１３２２４２３１６,2026-08-14,2026-08-19,17,宮島,一般,４　４２４６３５３　５３,2026-07-05,2026-07-09,05,多摩川,一般,３５３　４２１　２１,2026-06-25,2026-06-29,18,徳山,一般,１２３２４４１６１５,2026-06-11,2026-06-16,16,児島,一般,１１６　５３５２１　６５,4626,伊藤 紘章,2026-08-30,2026-09-03,08,常滑,一般,３６５　１５５　４４,2026-08-15,2026-08-20,05,多摩川,一般,１　６６３　６２３２２５,2026-07-31,2026-08-03,20,若松,一般,６６６,2026-07-14,2026-07-17,24,大村,一般,２　１６３４６１,2026-06-30,2026-07-05,06,浜名湖,一般,４　５６６　５４２　１４,3957,大谷 直弘,2026-09-04,2026-09-08,07,蒲郡,一般,５４１　４４５　４３,2026-08-27,2026-08-31,04,平和島,一般,５４６　３５６　５２,2026-08-14,2026-08-19,10,三国,一般,６５３　３３１　１５１６,2026-08-03,2026-08-08,19,下関,一般,１６５　２６５　５５３,2026-07-19,2026-07-23,05,多摩川,一般,４２４　２３２６６６,5158,宮脇 遼太,2026-08-30,2026-09-03,08,常滑,一般,４１３６４２１５４２,2026-08-20,2026-08-25,21,芦屋,一般,１５１　２６１５２６１２,2026-08-07,2026-08-12,20,若松,一般,２１１５２６３　５６２３,2026-07-19,2026-07-24,22,福岡,ＧⅢ,４２５　４２６　１１１３,2026-07-10,2026-07-14,09,津,一般,６　５５
202609111207,2026-09-11,12,07R,3630,黒田 誠司,2026-08-28,2026-08-31,23,からつ,一般,５　４４５　３６,2026-08-17,2026-08-20,20,若松,一般,３５４　５６２,2026-07-31,2026-08-05,06,浜名湖,ＧⅢ,２　２５６　６５６　３６,2026-07-24,2026-07-27,02,戸田,一般,５　６５５　４,2026-07-15,2026-07-19,08,常滑,一般,５　５１２　３６５６,3293,宮内 由紀英,2026-08-28,2026-08-31,23,からつ,一般,４４６　３　１４,2026-08-15,2026-08-20,05,多摩川,一般,３　４４６　２６２　５６,2026-07-29,2026-08-03,22,福岡,一般,３４５　４５４　６　２,2026-07-14,2026-07-19,01,桐生,一般,５　２５６　４４２　４６,2026-07-04,2026-07-09,18,徳山,一般,４５５　６５５　４　５,3654,武田 光史,2026-08-28,2026-09-02,05,多摩川,ＧⅢ,６２２　６４３２３　３,2026-08-14,2026-08-19,10,三国,一般,３３５　１２１２３１[２],2026-07-27,2026-08-01,09,津,一般,２　２,2026-07-18,2026-07-21,20,若松,一般,欠,2026-07-07,2026-07-12,10,三国,ＧⅢ,３５６　１３６３４６１１,4959,井上 忠政,2026-09-03,2026-09-06,02,戸田,一般,１１５１２２[１],2026-08-25,2026-08-30,09,津,一般,３　６４３３１　３１[５],2026-08-13,2026-08-18,12,住之江,一般,３　１１１１４　４１[６],2026-07-28,2026-08-02,11,びわこ,ＳＧ,２　３　４２４　６　５６,2026-07-19,2026-07-23,05,多摩川,一般,２２１１１２１１[１],4898,菊地 敬介,2026-08-28,2026-09-02,05,多摩川,ＧⅢ,６　１３４　３４５５４,2026-08-12,2026-08-17,02,戸田,一般,４　６４５　６３５４４,2026-08-03,2026-08-08,04,平和島,ＧⅢ,６　F４６　５　５　２,2026-07-22,2026-07-25,24,大村,一般,４２５　２４４１,2026-07-10,2026-07-15,06,浜名湖,一般,転４３　２６２　２　２４,5093,浦野 海,2026-08-24,2026-08-28,15,丸亀,一般,４４転　４　１６６４,2026-08-10,2026-08-15,21,芦屋,一般,６６４　６５６　６６５,2026-07-25,2026-07-29,20,若松,一般,３３４４５　６　３６,2026-05-19,2026-05-24,08,常滑,一般,５１６　３５１　２６２６,2026-05-08,2026-05-13,22,福岡,一般,４６６５３６３　６　５１
202609111208,2026-09-11,12,08R,4229,市川 美宏,2026-08-30,2026-09-02,21,芦屋,一般,６　６４６　３３,2026-08-15,2026-08-20,09,津,一般,４４５　６　２６６　２４,2026-07-31,2026-08-04,13,尼崎,一般,６　５４４　１３４４,2026-07-17,2026-07-20,02,戸田,一般,３　３３６５２２,2026-06-28,2026-07-02,05,多摩川,一般,５　６１３　２２３６,4679,植田 太一,2026-08-30,2026-09-02,21,芦屋,一般,６１２　２１[２],2026-08-19,2026-08-24,19,下関,一般,２　３欠,2026-08-07,2026-08-12,20,若松,一般,３２１１１１４　１２[５],2026-07-31,2026-08-03,20,若松,一般,２１２　５５１６,2026-07-22,2026-07-25,24,大村,一般,６　１３１２２２,3955,眞田 英二,2026-08-17,2026-08-21,13,尼崎,一般,１　２４４　５４３２,2026-07-31,2026-08-03,20,若松,一般,３６４　６５５４,2026-07-14,2026-07-19,21,芦屋,一般,６２４　２５５　６　４６,2026-06-28,2026-07-01,10,三国,一般,２２妨　２　３６,2026-06-09,2026-06-14,11,びわこ,一般,５２４　６　４４４５５３,5285,若林 麗,2026-08-29,2026-09-03,16,児島,一般,６　３６５　４２６６５,2026-08-15,2026-08-20,05,多摩川,一般,５　１６５　３５５　４４,2026-07-28,2026-08-02,15,丸亀,一般,４５４,2026-07-14,2026-07-19,01,桐生,一般,４６６　６５３　６　６６,2026-06-30,2026-07-05,23,からつ,一般,６　３１６　５５３４３３,5043,中村 日向,2026-08-29,2026-09-03,16,児島,一般,２６２１４　１２１５１１,2026-08-17,2026-08-21,15,丸亀,一般,３１１１２１４１[３],2026-08-03,2026-08-08,17,宮島,一般,５６５４２１１　２６１６,2026-07-19,2026-07-24,22,福岡,ＧⅢ,２３３　５２１　２　[６],2026-07-07,2026-07-12,02,戸田,ＧⅡ,１　４５２　２　６　１６,3471,赤峰 和也,2026-08-28,2026-08-31,23,からつ,一般,５　３５５　３６,2026-08-16,2026-08-19,14,鳴門,一般,６　３４４５５,2026-07-31,2026-08-04,13,尼崎,一般,３　２６５　３５５,2026-07-18,2026-07-22,10,三国,一般,３５６　６　６４３,2026-07-02,2026-07-06,21,芦屋,一般,２４５　４４６　１５
202609111209,2026-09-11,12,09R,4401,小林 泰,2026-08-30,2026-09-03,08,常滑,一般,３　２１３４３２[５],2026-08-05,2026-08-10,09,津,一般,２３２　１３３１３３２４,2026-07-23,2026-07-28,03,江戸川,ＧⅢ,５６１　１５３　１２１６,2026-07-07,2026-07-12,02,戸田,ＧⅡ,６　１　６５６　５６３,2026-06-17,2026-06-22,05,多摩川,一般,４１２　１３２　３４４３,4710,福田 宗平,2026-08-29,2026-09-03,19,下関,一般,２　３６２５３５１６１５,2026-08-16,2026-08-19,14,鳴門,一般,１３２２４２[４],2026-08-03,2026-08-08,04,平和島,ＧⅢ,２３３　３２３４５４１３,2026-07-22,2026-07-26,13,尼崎,一般,５　２２３３５　３１,2026-07-10,2026-07-15,23,からつ,一般,３　１３２１３６６４１５,3558,山本 浩次,2026-08-29,2026-09-03,19,下関,一般,４　２３１５４　３２３,2026-08-15,2026-08-20,18,徳山,一般,３　６３４　２F６　３,2026-07-28,2026-08-02,16,児島,一般,２　４４６５４　５１２４,2026-07-19,2026-07-23,05,多摩川,一般,５　４６５６３　４,2026-07-07,2026-07-12,20,若松,ＧⅢ,１４６　４　３３３６４,4579,中嶋 健一郎,2026-08-26,2026-08-30,14,鳴門,一般,１１４５２　６３２１,2026-08-15,2026-08-20,09,津,一般,１６１　２３１３４３４１,2026-08-08,2026-08-11,05,多摩川,一般,３１２６３　６２,2026-07-27,2026-07-31,19,下関,一般,２　１４１６４２[６],2026-07-10,2026-07-14,09,津,一般,３１２　２２３１[３],4404,岸蔭 亮,2026-08-29,2026-09-03,19,下関,一般,５５６　５６５欠,2026-07-22,2026-07-27,14,鳴門,一般,６２６　２４６　４６３６,2026-07-09,2026-07-14,15,丸亀,一般,５　６６４　６２３　６４,2026-06-27,2026-07-01,02,戸田,一般,４　３６５４４　１F,2026-06-11,2026-06-16,10,三国,一般,１　６６４４４　５６２,4836,大谷 健太,2026-08-29,2026-09-03,19,下関,一般,５６２４３　１４５　５,2026-08-12,2026-08-17,02,戸田,一般,１５２　４５１　１F３,2026-07-31,2026-08-05,05,多摩川,一般,４　１６３　１２５６６５,2026-07-18,2026-07-22,10,三国,一般,２　５１３３２４３４,2026-07-12,2026-07-16,05,多摩川,一般,５　３１４２２５１６
202609111210,2026-09-11,12,10R,4624,高田 明,2026-08-29,2026-09-03,16,児島,一般,４　１５１２エ３１４６３,2026-08-20,2026-08-23,23,からつ,一般,１４１１３１[２],2026-08-06,2026-08-10,24,大村,一般,５５２２３１２４２４,2026-07-31,2026-08-03,20,若松,一般,４　２２４４５２,2026-07-27,2026-08-01,09,津,一般,６　２４,4875,大塚 康雅,2026-08-29,2026-09-03,16,児島,一般,２６６　２４１　３４４３,2026-08-15,2026-08-20,05,多摩川,一般,３６４　４　６５４　２,2026-07-29,2026-08-03,22,福岡,一般,１５２　６３２５３　５４,2026-07-18,2026-07-21,04,平和島,一般,１　１５妨３２,2026-07-05,2026-07-09,24,大村,一般,１　１　４４１５５３,4375,照屋 厚仁,2026-08-30,2026-09-03,08,常滑,一般,１　１２１３５１[２],2026-08-20,2026-08-23,23,からつ,一般,２４３４６　１２,2026-08-09,2026-08-14,13,尼崎,一般,４　４１１　６４１４２３,2026-07-17,2026-07-22,16,児島,ＧⅢ,５４４　２５３３１　６１,2026-07-10,2026-07-13,19,下関,一般,２　３５１５１４,3957,大谷 直弘,2026-09-04,2026-09-08,07,蒲郡,一般,５４１　４４５　４３,2026-08-27,2026-08-31,04,平和島,一般,５４６　３５６　５２,2026-08-14,2026-08-19,10,三国,一般,６５３　３３１　１５１６,2026-08-03,2026-08-08,19,下関,一般,１６５　２６５　５５３,2026-07-19,2026-07-23,05,多摩川,一般,４２４　２３２６６６,4962,畑 竜生,2026-08-28,2026-09-02,05,多摩川,ＧⅢ,２１１５５　４５１　２１,2026-08-15,2026-08-20,09,津,一般,転　５４２　６１３　１３,2026-08-03,2026-08-08,17,宮島,一般,１６４１５　４５２　６１,2026-07-21,2026-07-26,23,からつ,一般,１３５　１５３４２３４１,2026-07-14,2026-07-17,24,大村,一般,１２５　１６３５,3775,泉 啓文,2026-08-29,2026-09-03,16,児島,一般,２５５　２２１　６５２２,2026-08-14,2026-08-19,17,宮島,一般,４　５２５　５４５　６４,2026-07-29,2026-08-03,23,からつ,一般,４４４　６　３４３３２,2026-07-16,2026-07-21,11,びわこ,一般,４５５　６　５２４６６,2026-07-05,2026-07-09,05,多摩川,一般,１　１２５　６６６４
202609111211,2026-09-11,12,11R,4794,和田 拓也,2026-08-31,2026-09-05,18,徳山,一般,４１１６４２１　４３４１,2026-08-19,2026-08-24,19,下関,一般,１３５　２１２２４４１２,2026-08-05,2026-08-10,09,津,一般,１　６２１４２２２４１１,2026-07-22,2026-07-27,14,鳴門,一般,３６３　１６５１１６１３,2026-05-12,2026-05-16,01,桐生,一般,４６６　１１２３１１,3502,渡邉 英児,2026-09-01,2026-09-05,13,尼崎,一般,６１４　２３４４１２,2026-08-22,2026-08-26,20,若松,一般,５５６　３６２５２１,2026-08-11,2026-08-16,06,浜名湖,一般,１　１３６２２４３５４２,2026-07-24,2026-07-27,02,戸田,一般,２４３　４２５３,2026-07-14,2026-07-19,01,桐生,一般,３　１３５６３　５２１,3757,畑 和宏,2026-08-29,2026-09-03,16,児島,一般,５５５　５１２６２　２３,2026-08-17,2026-08-20,20,若松,一般,１　５４３２２５,2026-08-05,2026-08-10,14,鳴門,一般,５６３　３１４２１　１６,2026-07-24,2026-07-29,17,宮島,一般,５５２２２１２　１５１２,2026-07-17,2026-07-20,02,戸田,一般,６　５２１４３４,5139,大場 恒季,2026-08-27,2026-09-01,07,蒲郡,一般,３５２１５４１３３３４３,2026-07-18,2026-07-23,09,津,ＧⅢ,３５１　１　妨５,2026-07-10,2026-07-13,19,下関,一般,１１２２５１[１],2026-06-30,2026-07-05,23,からつ,一般,２　２４１３１５１２[２],2026-06-19,2026-06-24,11,びわこ,一般,１３２　３３５２１４１２,4287,今井 貴士,2026-08-29,2026-09-03,16,児島,一般,２　４３１２４３４３５４,2026-08-20,2026-08-23,02,戸田,一般,６３５２３　２１,2026-08-06,2026-08-10,24,大村,一般,１６４３２　３６２２,2026-07-25,2026-07-29,20,若松,一般,１５１　２１３１[４],2026-07-15,2026-07-20,18,徳山,一般,４６４　１４４１４　６５,5321,一色 颯輝,2026-08-30,2026-09-03,08,常滑,一般,　　　　　　　　５３,2026-08-23,2026-08-27,18,徳山,一般,６　２３１４２３５１,2026-08-11,2026-08-16,07,蒲郡,一般,６４６　４　６転転　２２,2026-07-27,2026-08-01,09,津,一般,４　２,2026-06-21,2026-06-24,10,三国,一般,２１３　２４５３
202609111212,2026-09-11,12,12R,4959,井上 忠政,2026-09-03,2026-09-06,02,戸田,一般,１１５１２２[１],2026-08-25,2026-08-30,09,津,一般,３　６４３３１　３１[５],2026-08-13,2026-08-18,12,住之江,一般,３　１１１１４　４１[６],2026-07-28,2026-08-02,11,びわこ,ＳＧ,２　３　４２４　６　５６,2026-07-19,2026-07-23,05,多摩川,一般,２２１１１２１１[１],4218,吉川 喜継,2026-08-27,2026-09-01,07,蒲郡,一般,５２２１２４１１２２[５],2026-08-15,2026-08-20,11,びわこ,一般,１２６F４　５　３　２,2026-08-03,2026-08-08,17,宮島,一般,１３４　１２３３２６１１,2026-07-21,2026-07-26,23,からつ,一般,３４１３２　１３５２[５],2026-07-10,2026-07-15,06,浜名湖,一般,５　２１１３５４４３[４],5158,宮脇 遼太,2026-08-30,2026-09-03,08,常滑,一般,４１３６４２１５４２,2026-08-20,2026-08-25,21,芦屋,一般,１５１　２６１５２６１２,2026-08-07,2026-08-12,20,若松,一般,２１１５２６３　５６２３,2026-07-19,2026-07-24,22,福岡,ＧⅢ,４２５　４２６　１１１３,2026-07-10,2026-07-14,09,津,一般,６　５５,5043,中村 日向,2026-08-29,2026-09-03,16,児島,一般,２６２１４　１２１５１１,2026-08-17,2026-08-21,15,丸亀,一般,３１１１２１４１[３],2026-08-03,2026-08-08,17,宮島,一般,５６５４２１１　２６１６,2026-07-19,2026-07-24,22,福岡,ＧⅢ,２３３　５２１　２　[６],2026-07-07,2026-07-12,02,戸田,ＧⅡ,１　４５２　２　６　１６,4063,市橋 卓士,2026-09-01,2026-09-04,24,大村,一般,２４１１４１[１],2026-08-19,2026-08-24,19,下関,一般,３１３　２３１３１２[３],2026-08-05,2026-08-10,14,鳴門,一般,２３４　１１２１４１[４],2026-07-29,2026-08-01,18,徳山,一般,２３３４１５３５,2026-07-18,2026-07-22,10,三国,一般,２６２５４５５　３３,4311,岡村 仁,2026-08-26,2026-08-31,11,びわこ,一般,４２４　４２１２１６２５,2026-08-13,2026-08-18,12,住之江,一般,４５２　２４５　４２２,2026-08-06,2026-08-09,02,戸田,一般,４３２　１１[６],2026-07-27,2026-08-01,09,津,一般,２４４,2026-06-21,2026-06-24,19,下関,一般,２４２２３３２１
202609111301,2026-09-11,13,01R,5307,富永 夏哉人,2026-08-21,2026-08-26,03,江戸川,一般,６　１５４　５４６　４５,2026-08-09,2026-08-14,23,からつ,一般,２５５　２　５４転　３６,2026-07-28,2026-07-31,24,大村,一般,５　４３３　２４,2026-07-18,2026-07-21,20,若松,一般,２　２１４６２１,2026-07-04,2026-07-09,18,徳山,一般,３５１　５６６６５　６６,4729,佐藤 謙史朗,2026-08-20,2026-08-23,04,平和島,一般,３６１　２　３５,2026-08-07,2026-08-12,20,若松,一般,２　１４６５４　２５５転,2026-07-20,2026-07-25,15,丸亀,一般,５３２　４４エ　５５５,2026-07-05,2026-07-09,24,大村,一般,５　３２５　３　１５,2026-06-24,2026-06-29,03,江戸川,一般,１４３　１５６　１　６５,3984,坂口 周,2026-08-26,2026-08-31,11,びわこ,一般,６６１２３　３４１５１５,2026-08-15,2026-08-20,09,津,一般,４　４１３１１３５２[６],2026-07-31,2026-08-05,06,浜名湖,ＧⅢ,２　１６４３４３１３１２,2026-07-18,2026-07-22,10,三国,一般,３４２３４４１３５１,2026-07-07,2026-07-12,20,若松,ＧⅢ,３１５　３４４２４４５,4672,守屋 大地,2026-08-22,2026-08-27,22,福岡,一般,４５１　５　５６３　５２,2026-08-05,2026-08-10,14,鳴門,一般,３　２３６５２　３２２,2026-07-24,2026-07-29,17,宮島,一般,１１５　６２２　３４３５,2026-07-10,2026-07-14,09,津,一般,４２２６４　３４４２,2026-06-29,2026-07-03,11,びわこ,一般,５４５　２　６６２１,3663,木山 和幸,2026-08-23,2026-08-27,18,徳山,一般,５１３　３３１２[２],2026-08-14,2026-08-19,17,宮島,一般,２４５　２３３　５２４,2026-07-27,2026-08-01,09,津,一般,６３４,2026-07-14,2026-07-19,21,芦屋,一般,４６２　１　３１４４６６,2026-07-01,2026-07-06,22,福岡,一般,５２２　６２５　５６２,5448,福田 柊人,2026-08-11,2026-08-16,19,下関,一般,６　６６５　６６５　６６,2026-07-24,2026-07-29,17,宮島,一般,６　６６６　６６６　６６,2026-07-10,2026-07-15,23,からつ,一般,落６５　６６５　６５６,2026-06-28,2026-07-03,20,若松,一般,６　６　６６６　６　６６,2026-06-11,2026-06-16,16,児島,一般,６　６６６　６６６　６
202609111302,2026-09-11,13,02R,4176,樋口 喜彦,2026-08-20,2026-08-23,24,大村,一般,４　５６５　５３,2026-07-22,2026-07-27,14,鳴門,一般,６６２　６　６３５１６３,2026-07-11,2026-07-16,03,江戸川,一般,６　２６１　６６４　２５,2026-06-30,2026-07-04,19,下関,一般,６　６４４５６　６,2026-06-21,2026-06-25,08,常滑,一般,５,3584,佐々木 英樹,2026-08-22,2026-08-27,08,常滑,ＧⅢ,５　６２２　６４２　４３,2026-08-05,2026-08-10,14,鳴門,一般,４　６６４　３６４　２２,2026-07-23,2026-07-28,21,芦屋,一般,３３１　５２２４６５２３,2026-07-07,2026-07-12,10,三国,ＧⅢ,５３３　２６６　５３１,2026-06-24,2026-06-29,03,江戸川,一般,２　５５４　５５３　４１,5244,黒田 剛,2026-08-20,2026-08-25,21,芦屋,一般,６　２２６４６　５４６,2026-08-04,2026-08-09,12,住之江,一般,３５１　５４６　３　４５,2026-07-20,2026-07-25,15,丸亀,一般,４　２４１　４４６　４６,2026-06-11,2026-06-16,03,江戸川,一般,５６４　４５３５６　１２,2026-06-02,2026-06-08,10,三国,一般,４６５　６　５４５　２５,3581,加木 郁,2026-08-23,2026-08-27,18,徳山,一般,５２４　４,2026-08-11,2026-08-16,19,下関,一般,１４２　１５５　１６２５,2026-07-27,2026-08-01,10,三国,一般,３５１　３１２６１５５５,2026-07-18,2026-07-21,20,若松,一般,５３２　２３１５,2026-07-05,2026-07-09,24,大村,一般,４３３　６　５３６,4750,井上 尚悟,2026-08-25,2026-08-30,17,宮島,一般,４　６３４　６３２３２１,2026-08-08,2026-08-11,05,多摩川,一般,３４５５３　２,2026-07-31,2026-08-03,20,若松,一般,４４６　３２６,2026-07-17,2026-07-20,02,戸田,一般,４６５　５４６,2026-07-05,2026-07-09,24,大村,一般,４　２６４　４　２４,5372,上岡 巧汰,2026-08-14,2026-08-19,17,宮島,一般,５６６　６６６　１　６５,2026-07-29,2026-08-03,22,福岡,一般,５３５　４６６　６５６４,2026-07-20,2026-07-25,15,丸亀,一般,２６６　５６５　５　６６,2026-06-14,2026-06-17,12,住之江,一般,６　６４５　６６,2026-05-22,2026-05-27,13,尼崎,一般,３６６　５５５　４　３
202609111303,2026-09-11,13,03R,4247,齊藤 優,2026-08-22,2026-08-27,22,福岡,一般,３５１　２４４５１　２６,2026-08-05,2026-08-10,14,鳴門,一般,４　３６２　１４５３５,2026-07-25,2026-07-29,20,若松,一般,２４１３３　４４２,2026-07-09,2026-07-13,14,鳴門,一般,６４２　２５５　５２,2026-06-20,2026-06-25,06,浜名湖,一般,５４４　３４１　４　３１,4515,藤田 浩人,2026-08-31,2026-09-05,18,徳山,一般,５６５３２　６　６２５３,2026-08-20,2026-08-23,24,大村,一般,４　３６３　２１,2026-08-09,2026-08-14,23,からつ,一般,３　１５３１５５３４１２,2026-07-31,2026-08-03,20,若松,一般,５　５３３６４１,2026-07-15,2026-07-19,17,宮島,一般,落５６,3577,向所 浩二,2026-08-20,2026-08-23,23,からつ,一般,４　６３４　４１,2026-08-09,2026-08-14,13,尼崎,一般,４３２　５　５６１３５,2026-07-27,2026-08-01,10,三国,一般,２１４　５３４　転３４,2026-07-18,2026-07-21,20,若松,一般,６　６６６　５,2026-07-03,2026-07-08,13,尼崎,一般,５　２６５　４４２　５６,3838,伊藤 啓三,2026-08-22,2026-08-27,08,常滑,ＧⅢ,３６２　４１３　１５６６,2026-08-08,2026-08-11,05,多摩川,一般,２２３６２　２５,2026-07-27,2026-07-31,19,下関,一般,６　１３５４５　２,2026-07-15,2026-07-20,18,徳山,一般,２６３　４３４　１１転,2026-07-03,2026-07-06,09,津,一般,４　５５３４６３,4172,森定 晃史,2026-08-22,2026-08-27,22,福岡,一般,３６２　３４１５２４４４,2026-08-11,2026-08-16,19,下関,一般,３４５　２　３５３　６３,2026-07-24,2026-07-27,02,戸田,一般,２５１３３　３１,2026-07-14,2026-07-19,21,芦屋,一般,６５２２６３３　２　１３,2026-07-02,2026-07-07,04,平和島,一般,２５３　２６６　３３３,4121,富永 修一,2026-08-25,2026-08-30,17,宮島,一般,２　１４１４５５１５３２,2026-08-12,2026-08-17,22,福岡,一般,４３１４４２４　１５１４,2026-08-02,2026-08-05,21,芦屋,一般,１３４５３１２５,2026-07-22,2026-07-27,14,鳴門,一般,１１５４３４４　１４２４,2026-07-11,2026-07-14,04,平和島,一般,６５２　５２２
202609111304,2026-09-11,13,04R,4902,山川 雄大,2026-08-22,2026-08-27,22,福岡,一般,２　２６１６６６２　２６,2026-08-09,2026-08-14,13,尼崎,一般,５６３　２　１２５５２,2026-07-24,2026-07-27,12,住之江,一般,４５４　４　６６,2026-07-15,2026-07-19,08,常滑,一般,１　２４１６６６５５,2026-07-03,2026-07-08,13,尼崎,一般,４５２　２５３　６６２４,3853,岩崎 正哉,2026-08-20,2026-08-25,21,芦屋,一般,３　１２４１５１１４２２,2026-08-05,2026-08-10,14,鳴門,一般,２６５４５　２４２　１,2026-07-28,2026-07-31,24,大村,一般,３３１　３４４６,2026-07-18,2026-07-22,10,三国,一般,１６５　４３３　４４,2026-07-07,2026-07-12,20,若松,ＧⅢ,２　１５３　３４４２[４],4251,川崎 誠志,2026-08-23,2026-08-27,18,徳山,一般,４４６　６２５２３,2026-08-11,2026-08-16,19,下関,一般,５４４　６１４　４　５２,2026-07-23,2026-07-28,03,江戸川,ＧⅢ,２１６　３５４　２３５２,2026-07-10,2026-07-15,23,からつ,一般,１　５４５　１４２２２４,2026-06-30,2026-07-05,06,浜名湖,一般,３５４　４５６　３　３２,4049,荒川 健太,2026-08-15,2026-08-20,09,津,一般,５３１５３　１　２５１５,2026-08-04,2026-08-09,10,三国,一般,４２１５５６,2026-07-28,2026-07-31,24,大村,一般,２　５５１　３３,2026-07-19,2026-07-23,05,多摩川,一般,２４４４２４１,2026-07-09,2026-07-14,15,丸亀,一般,１　２２３３３１１５１４,2878,富山 弘幸,2026-08-28,2026-08-31,23,からつ,一般,４２５　３妨２１,2026-08-15,2026-08-20,09,津,一般,４　４２４　３６２　３４,2026-07-22,2026-07-27,14,鳴門,一般,５　３２４　５６６２１３,2026-07-07,2026-07-12,10,三国,ＧⅢ,４　４４２　２４３１１２,2026-06-28,2026-07-02,05,多摩川,一般,３５５　１６２　１５,3548,室田 泰史,2026-08-28,2026-08-31,23,からつ,一般,５　５１４２１１,2026-08-14,2026-08-19,10,三国,一般,１６５５５　３４３　２３,2026-07-29,2026-08-03,22,福岡,一般,１６２　６６５５５２６,2026-07-18,2026-07-21,04,平和島,一般,６　４３５２５３,2026-07-07,2026-07-12,10,三国,ＧⅢ,１１６４３　２５２４５６
202609111305,2026-09-11,13,05R,4042,丸岡 正典,2026-08-02,2026-08-05,21,芦屋,一般,４３４６２　１１,2026-07-24,2026-07-27,06,浜名湖,一般,２３２　２４１２,2026-07-13,2026-07-18,07,蒲郡,ＧⅡ,４　１２３　３　３　４１,2026-06-30,2026-07-05,16,児島,ＧⅡ,２　F３３　３　５　６,2026-06-17,2026-06-22,24,大村,ＧⅡ,１　１２５　４　３　２２,4039,村上 功祐,2026-08-22,2026-08-27,22,福岡,一般,３１３　５２１３２３４１,2026-08-05,2026-08-10,14,鳴門,一般,２５２　４６３　３５２,2026-07-24,2026-07-27,12,住之江,一般,１　６４５　５,2026-07-12,2026-07-16,05,多摩川,一般,１２２５５　４５２１,2026-06-29,2026-07-03,11,びわこ,一般,１　２４４２３２[５],3975,小野寺 智洋,2026-08-26,2026-08-30,14,鳴門,一般,６４５　３３４　１４,2026-08-17,2026-08-21,15,丸亀,一般,１　４５４２６３３１,2026-07-29,2026-08-03,23,からつ,一般,５　２４３５１不４　１５,2026-07-16,2026-07-21,11,びわこ,一般,２３３　２５３２３３５１,2026-07-05,2026-07-09,24,大村,一般,２　４５１４１６１６,4729,佐藤 謙史朗,2026-08-20,2026-08-23,04,平和島,一般,３６１　２　３５,2026-08-07,2026-08-12,20,若松,一般,２　１４６５４　２５５転,2026-07-20,2026-07-25,15,丸亀,一般,５３２　４４エ　５５５,2026-07-05,2026-07-09,24,大村,一般,５　３２５　３　１５,2026-06-24,2026-06-29,03,江戸川,一般,１４３　１５６　１　６５,5307,富永 夏哉人,2026-08-21,2026-08-26,03,江戸川,一般,６　１５４　５４６　４５,2026-08-09,2026-08-14,23,からつ,一般,２５５　２　５４転　３６,2026-07-28,2026-07-31,24,大村,一般,５　４３３　２４,2026-07-18,2026-07-21,20,若松,一般,２　２１４６２１,2026-07-04,2026-07-09,18,徳山,一般,３５１　５６６６５　６６,4308,河村 了,2026-08-25,2026-08-30,17,宮島,一般,４２３４５１１　３２[４],2026-08-11,2026-08-16,07,蒲郡,一般,３４４１４１１２２３３１,2026-07-27,2026-08-01,10,三国,一般,３２１２３１４　３１[６],2026-07-17,2026-07-22,16,児島,ＧⅢ,１　２２３２３４６３４４,2026-07-10,2026-07-13,19,下関,一般,１５５４３１３
202609111306,2026-09-11,13,06R,4079,出畑 孝典,2026-08-24,2026-08-28,15,丸亀,一般,１　５２４３４４１２,2026-08-12,2026-08-17,22,福岡,一般,５５３５１１４　１６２６,2026-08-03,2026-08-08,19,下関,一般,１　４４２２１　１３４１,2026-07-25,2026-07-29,20,若松,一般,４３２　３４１２２１,2026-07-17,2026-07-20,02,戸田,一般,３　２３２５１１,3870,寺嶋 雄,2026-08-25,2026-08-30,17,宮島,一般,６１５　４６４　４５４３,2026-08-14,2026-08-19,10,三国,一般,２１５　５６４　４２４２,2026-07-31,2026-08-05,06,浜名湖,ＧⅢ,５　５４５　６６５　６,2026-07-17,2026-07-20,02,戸田,一般,６１２４３　５６,2026-07-03,2026-07-08,13,尼崎,一般,４６４　２　５６３　４５,4672,守屋 大地,2026-08-22,2026-08-27,22,福岡,一般,４５１　５　５６３　５２,2026-08-05,2026-08-10,14,鳴門,一般,３　２３６５２　３２２,2026-07-24,2026-07-29,17,宮島,一般,１１５　６２２　３４３５,2026-07-10,2026-07-14,09,津,一般,４２２６４　３４４２,2026-06-29,2026-07-03,11,びわこ,一般,５４５　２　６６２１,4184,渡邊 雄一郎,2026-08-26,2026-08-30,14,鳴門,一般,１２１２４３１４,2026-07-24,2026-07-27,12,住之江,一般,１４３１３６２５,2026-07-15,2026-07-19,17,宮島,一般,１１１５２１３１[４],2026-07-03,2026-07-08,13,尼崎,一般,１４３　４３３１２２１,2026-06-25,2026-06-29,21,芦屋,一般,１２３２１１１１[２],3584,佐々木 英樹,2026-08-22,2026-08-27,08,常滑,ＧⅢ,５　６２２　６４２　４３,2026-08-05,2026-08-10,14,鳴門,一般,４　６６４　３６４　２２,2026-07-23,2026-07-28,21,芦屋,一般,３３１　５２２４６５２３,2026-07-07,2026-07-12,10,三国,ＧⅢ,５３３　２６６　５３１,2026-06-24,2026-06-29,03,江戸川,一般,２　５５４　５５３　４１,4176,樋口 喜彦,2026-08-20,2026-08-23,24,大村,一般,４　５６５　５３,2026-07-22,2026-07-27,14,鳴門,一般,６６２　６　６３５１６３,2026-07-11,2026-07-16,03,江戸川,一般,６　２６１　６６４　２５,2026-06-30,2026-07-04,19,下関,一般,６　６４４５６　６,2026-06-21,2026-06-25,08,常滑,一般,５
202609111307,2026-09-11,13,07R,4608,荒井 翔伍,2026-08-30,2026-09-03,08,常滑,一般,１３４５５　２１１１,2026-08-21,2026-08-26,06,浜名湖,一般,２　２エ５５３　１２１２,2026-08-09,2026-08-15,03,江戸川,一般,５３５　２４３　２１２２,2026-07-27,2026-08-01,10,三国,一般,６　４３３　１６２５１５,2026-07-17,2026-07-22,16,児島,ＧⅢ,１　３５５２４６５　３４,3838,伊藤 啓三,2026-08-22,2026-08-27,08,常滑,ＧⅢ,３６２　４１３　１５６６,2026-08-08,2026-08-11,05,多摩川,一般,２２３６２　２５,2026-07-27,2026-07-31,19,下関,一般,６　１３５４５　２,2026-07-15,2026-07-20,18,徳山,一般,２６３　４３４　１１転,2026-07-03,2026-07-06,09,津,一般,４　５５３４６３,3581,加木 郁,2026-08-23,2026-08-27,18,徳山,一般,５２４　４,2026-08-11,2026-08-16,19,下関,一般,１４２　１５５　１６２５,2026-07-27,2026-08-01,10,三国,一般,３５１　３１２６１５５５,2026-07-18,2026-07-21,20,若松,一般,５３２　２３１５,2026-07-05,2026-07-09,24,大村,一般,４３３　６　５３６,5089,前田 翔,2026-08-28,2026-09-02,05,多摩川,ＧⅢ,２３２　４１３１１１[１],2026-08-16,2026-08-19,14,鳴門,一般,１５１３５３２１,2026-08-03,2026-08-08,17,宮島,一般,１４４１２１１　３１[３],2026-07-18,2026-07-23,09,津,ＧⅢ,２　３５２　１１２　[３],2026-07-07,2026-07-12,08,常滑,一般,３１２３１１３３１１[５],5372,上岡 巧汰,2026-08-14,2026-08-19,17,宮島,一般,５６６　６６６　１　６５,2026-07-29,2026-08-03,22,福岡,一般,５３５　４６６　６５６４,2026-07-20,2026-07-25,15,丸亀,一般,２６６　５６５　５　６６,2026-06-14,2026-06-17,12,住之江,一般,６　６４５　６６,2026-05-22,2026-05-27,13,尼崎,一般,３６６　５５５　４　３,3860,松本 浩貴,2026-08-23,2026-08-27,18,徳山,一般,６　３４３　３６４３,2026-08-11,2026-08-16,01,桐生,一般,６　５４５　３　４５６２,2026-07-28,2026-08-02,16,児島,一般,４　２６２４５　４６５５,2026-07-17,2026-07-20,02,戸田,一般,３　１４３６２６,2026-06-30,2026-07-04,19,下関,一般,５３４　６５４　５
202609111308,2026-09-11,13,08R,3548,室田 泰史,2026-08-28,2026-08-31,23,からつ,一般,５　５１４２１１,2026-08-14,2026-08-19,10,三国,一般,１６５５５　３４３　２３,2026-07-29,2026-08-03,22,福岡,一般,１６２　６６５５５２６,2026-07-18,2026-07-21,04,平和島,一般,６　４３５２５３,2026-07-07,2026-07-12,10,三国,ＧⅢ,１１６４３　２５２４５６,4049,荒川 健太,2026-08-15,2026-08-20,09,津,一般,５３１５３　１　２５１５,2026-08-04,2026-08-09,10,三国,一般,４２１５５６,2026-07-28,2026-07-31,24,大村,一般,２　５５１　３３,2026-07-19,2026-07-23,05,多摩川,一般,２４４４２４１,2026-07-09,2026-07-14,15,丸亀,一般,１　２２３３３１１５１４,4750,井上 尚悟,2026-08-25,2026-08-30,17,宮島,一般,４　６３４　６３２３２１,2026-08-08,2026-08-11,05,多摩川,一般,３４５５３　２,2026-07-31,2026-08-03,20,若松,一般,４４６　３２６,2026-07-17,2026-07-20,02,戸田,一般,４６５　５４６,2026-07-05,2026-07-09,24,大村,一般,４　２６４　４　２４,5244,黒田 剛,2026-08-20,2026-08-25,21,芦屋,一般,６　２２６４６　５４６,2026-08-04,2026-08-09,12,住之江,一般,３５１　５４６　３　４５,2026-07-20,2026-07-25,15,丸亀,一般,４　２４１　４４６　４６,2026-06-11,2026-06-16,03,江戸川,一般,５６４　４５３５６　１２,2026-06-02,2026-06-08,10,三国,一般,４６５　６　５４５　２５,3577,向所 浩二,2026-08-20,2026-08-23,23,からつ,一般,４　６３４　４１,2026-08-09,2026-08-14,13,尼崎,一般,４３２　５　５６１３５,2026-07-27,2026-08-01,10,三国,一般,２１４　５３４　転３４,2026-07-18,2026-07-21,20,若松,一般,６　６６６　５,2026-07-03,2026-07-08,13,尼崎,一般,５　２６５　４４２　５６,4036,金田 諭,2026-08-23,2026-08-27,18,徳山,一般,エ欠,2026-08-11,2026-08-16,04,平和島,一般,１　１６２５１５２２[６],2026-07-29,2026-08-03,22,福岡,一般,１　２３４３１１６１[３],2026-07-19,2026-07-23,05,多摩川,一般,２４１１６３１３４３,2026-07-10,2026-07-15,06,浜名湖,一般,５６
202609111309,2026-09-11,13,09R,4172,森定 晃史,2026-08-22,2026-08-27,22,福岡,一般,３６２　３４１５２４４４,2026-08-11,2026-08-16,19,下関,一般,３４５　２　３５３　６３,2026-07-24,2026-07-27,02,戸田,一般,２５１３３　３１,2026-07-14,2026-07-19,21,芦屋,一般,６５２２６３３　２　１３,2026-07-02,2026-07-07,04,平和島,一般,２５３　２６６　３３３,2878,富山 弘幸,2026-08-28,2026-08-31,23,からつ,一般,４２５　３妨２１,2026-08-15,2026-08-20,09,津,一般,４　４２４　３６２　３４,2026-07-22,2026-07-27,14,鳴門,一般,５　３２４　５６６２１３,2026-07-07,2026-07-12,10,三国,ＧⅢ,４　４４２　２４３１１２,2026-06-28,2026-07-02,05,多摩川,一般,３５５　１６２　１５,3663,木山 和幸,2026-08-23,2026-08-27,18,徳山,一般,５１３　３３１２[２],2026-08-14,2026-08-19,17,宮島,一般,２４５　２３３　５２４,2026-07-27,2026-08-01,09,津,一般,６３４,2026-07-14,2026-07-19,21,芦屋,一般,４６２　１　３１４４６６,2026-07-01,2026-07-06,22,福岡,一般,５２２　６２５　５６２,3853,岩崎 正哉,2026-08-20,2026-08-25,21,芦屋,一般,３　１２４１５１１４２２,2026-08-05,2026-08-10,14,鳴門,一般,２６５４５　２４２　１,2026-07-28,2026-07-31,24,大村,一般,３３１　３４４６,2026-07-18,2026-07-22,10,三国,一般,１６５　４３３　４４,2026-07-07,2026-07-12,20,若松,ＧⅢ,２　１５３　３４４２[４],4039,村上 功祐,2026-08-22,2026-08-27,22,福岡,一般,３１３　５２１３２３４１,2026-08-05,2026-08-10,14,鳴門,一般,２５２　４６３　３５２,2026-07-24,2026-07-27,12,住之江,一般,１　６４５　５,2026-07-12,2026-07-16,05,多摩川,一般,１２２５５　４５２１,2026-06-29,2026-07-03,11,びわこ,一般,１　２４４２３２[５],3975,小野寺 智洋,2026-08-26,2026-08-30,14,鳴門,一般,６４５　３３４　１４,2026-08-17,2026-08-21,15,丸亀,一般,１　４５４２６３３１,2026-07-29,2026-08-03,23,からつ,一般,５　２４３５１不４　１５,2026-07-16,2026-07-21,11,びわこ,一般,２３３　２５３２３３５１,2026-07-05,2026-07-09,24,大村,一般,２　４５１４１６１６
202609111310,2026-09-11,13,10R,4121,富永 修一,2026-08-25,2026-08-30,17,宮島,一般,２　１４１４５５１５３２,2026-08-12,2026-08-17,22,福岡,一般,４３１４４２４　１５１４,2026-08-02,2026-08-05,21,芦屋,一般,１３４５３１２５,2026-07-22,2026-07-27,14,鳴門,一般,１１５４３４４　１４２４,2026-07-11,2026-07-14,04,平和島,一般,６５２　５２２,4184,渡邊 雄一郎,2026-08-26,2026-08-30,14,鳴門,一般,１２１２４３１４,2026-07-24,2026-07-27,12,住之江,一般,１４３１３６２５,2026-07-15,2026-07-19,17,宮島,一般,１１１５２１３１[４],2026-07-03,2026-07-08,13,尼崎,一般,１４３　４３３１２２１,2026-06-25,2026-06-29,21,芦屋,一般,１２３２１１１１[２],4515,藤田 浩人,2026-08-31,2026-09-05,18,徳山,一般,５６５３２　６　６２５３,2026-08-20,2026-08-23,24,大村,一般,４　３６３　２１,2026-08-09,2026-08-14,23,からつ,一般,３　１５３１５５３４１２,2026-07-31,2026-08-03,20,若松,一般,５　５３３６４１,2026-07-15,2026-07-19,17,宮島,一般,落５６,4042,丸岡 正典,2026-08-02,2026-08-05,21,芦屋,一般,４３４６２　１１,2026-07-24,2026-07-27,06,浜名湖,一般,２３２　２４１２,2026-07-13,2026-07-18,07,蒲郡,ＧⅡ,４　１２３　３　３　４１,2026-06-30,2026-07-05,16,児島,ＧⅡ,２　F３３　３　５　６,2026-06-17,2026-06-22,24,大村,ＧⅡ,１　１２５　４　３　２２,4251,川崎 誠志,2026-08-23,2026-08-27,18,徳山,一般,４４６　６２５２３,2026-08-11,2026-08-16,19,下関,一般,５４４　６１４　４　５２,2026-07-23,2026-07-28,03,江戸川,ＧⅢ,２１６　３５４　２３５２,2026-07-10,2026-07-15,23,からつ,一般,１　５４５　１４２２２４,2026-06-30,2026-07-05,06,浜名湖,一般,３５４　４５６　３　３２,4079,出畑 孝典,2026-08-24,2026-08-28,15,丸亀,一般,１　５２４３４４１２,2026-08-12,2026-08-17,22,福岡,一般,５５３５１１４　１６２６,2026-08-03,2026-08-08,19,下関,一般,１　４４２２１　１３４１,2026-07-25,2026-07-29,20,若松,一般,４３２　３４１２２１,2026-07-17,2026-07-20,02,戸田,一般,３　２３２５１１
202609111311,2026-09-11,13,11R,4308,河村 了,2026-08-25,2026-08-30,17,宮島,一般,４２３４５１１　３２[４],2026-08-11,2026-08-16,07,蒲郡,一般,３４４１４１１２２３３１,2026-07-27,2026-08-01,10,三国,一般,３２１２３１４　３１[６],2026-07-17,2026-07-22,16,児島,ＧⅢ,１　２２３２３４６３４４,2026-07-10,2026-07-13,19,下関,一般,１５５４３１３,5089,前田 翔,2026-08-28,2026-09-02,05,多摩川,ＧⅢ,２３２　４１３１１１[１],2026-08-16,2026-08-19,14,鳴門,一般,１５１３５３２１,2026-08-03,2026-08-08,17,宮島,一般,１４４１２１１　３１[３],2026-07-18,2026-07-23,09,津,ＧⅢ,２　３５２　１１２　[３],2026-07-07,2026-07-12,08,常滑,一般,３１２３１１３３１１[５],4608,荒井 翔伍,2026-08-30,2026-09-03,08,常滑,一般,１３４５５　２１１１,2026-08-21,2026-08-26,06,浜名湖,一般,２　２エ５５３　１２１２,2026-08-09,2026-08-15,03,江戸川,一般,５３５　２４３　２１２２,2026-07-27,2026-08-01,10,三国,一般,６　４３３　１６２５１５,2026-07-17,2026-07-22,16,児島,ＧⅢ,１　３５５２４６５　３４,3984,坂口 周,2026-08-26,2026-08-31,11,びわこ,一般,６６１２３　３４１５１５,2026-08-15,2026-08-20,09,津,一般,４　４１３１１３５２[６],2026-07-31,2026-08-05,06,浜名湖,ＧⅢ,２　１６４３４３１３１２,2026-07-18,2026-07-22,10,三国,一般,３４２３４４１３５１,2026-07-07,2026-07-12,20,若松,ＧⅢ,３１５　３４４２４４５,4247,齊藤 優,2026-08-22,2026-08-27,22,福岡,一般,３５１　２４４５１　２６,2026-08-05,2026-08-10,14,鳴門,一般,４　３６２　１４５３５,2026-07-25,2026-07-29,20,若松,一般,２４１３３　４４２,2026-07-09,2026-07-13,14,鳴門,一般,６４２　２５５　５２,2026-06-20,2026-06-25,06,浜名湖,一般,５４４　３４１　４　３１,4902,山川 雄大,2026-08-22,2026-08-27,22,福岡,一般,２　２６１６６６２　２６,2026-08-09,2026-08-14,13,尼崎,一般,５６３　２　１２５５２,2026-07-24,2026-07-27,12,住之江,一般,４５４　４　６６,2026-07-15,2026-07-19,08,常滑,一般,１　２４１６６６５５,2026-07-03,2026-07-08,13,尼崎,一般,４５２　２５３　６６２４
202609111312,2026-09-11,13,12R,4002,古結 宏,2026-08-27,2026-09-01,07,蒲郡,一般,５５３　エ１３　３３１３,2026-08-09,2026-08-14,13,尼崎,一般,２３２　１６１　２２５１,2026-07-28,2026-08-02,16,児島,一般,２１４４２　３５５６１３,2026-07-15,2026-07-21,12,住之江,一般,１６６　５６,2026-07-03,2026-07-06,09,津,一般,３６３５６２１,5339,石井 伸長,2026-08-27,2026-09-01,07,蒲郡,一般,１２落２５　３　６　２５,2026-07-18,2026-07-22,10,三国,一般,２２２　１５３６５５,2026-06-30,2026-07-05,06,浜名湖,一般,６　５５６　４４５　４４,2026-06-20,2026-06-25,15,丸亀,一般,２６６３１　４２５　１,2026-05-31,2026-06-05,20,若松,一般,１４３　２　４２転４６６,4297,山田 哲也,2026-08-22,2026-08-27,22,福岡,一般,５１２１３　２２６２[３],2026-08-11,2026-08-16,04,平和島,一般,１６１１１　２１３１[５],2026-08-02,2026-08-05,21,芦屋,一般,１２３１１１[１],2026-07-23,2026-07-28,03,江戸川,ＧⅢ,３５５　３５４　３６３１,2026-07-11,2026-07-14,04,平和島,一般,４１２４４３３２,4152,深水 慎一郎,2026-08-25,2026-08-30,09,津,一般,６　５３１　６４４　１２,2026-08-11,2026-08-16,04,平和島,一般,２４１　３６２１１４F６,2026-07-31,2026-08-05,06,浜名湖,ＧⅢ,４５４　２６４　４３１２,2026-07-20,2026-07-25,15,丸亀,一般,１２４２４　４６２５５５,2026-07-09,2026-07-13,14,鳴門,一般,３４２　４１４４１２,5328,井上 慧人,2026-08-29,2026-09-03,19,下関,一般,　　　　　　　　４６３,2026-08-22,2026-08-26,20,若松,一般,４６３３４　妨　６４,2026-08-10,2026-08-15,21,芦屋,一般,２　５６２　３２５　４６,2026-07-28,2026-08-02,16,児島,一般,２３５３２　２４１４１転,2026-07-15,2026-07-20,18,徳山,一般,２　６６５　３２,3574,大神 康司,2026-08-24,2026-08-28,15,丸亀,一般,３２３６４５１１２,2026-08-17,2026-08-20,20,若松,一般,２５４　３１２４,2026-08-06,2026-08-10,24,大村,一般,４　４４３３３１２３,2026-07-24,2026-07-29,17,宮島,一般,２　６２５２５３１　１１,2026-07-07,2026-07-12,20,若松,ＧⅢ,１　エ１４２５６２１６
202609111401,2026-09-11,14,01R,4372,原田 佑実,2026-08-12,2026-08-17,24,大村,ＧⅢ,１　１４３１３４１１[３],2026-07-25,2026-07-29,20,若松,一般,３　４２１５５５３４,2026-07-03,2026-07-08,13,尼崎,一般,５　１４１２４３１２[４],2026-06-24,2026-06-29,12,住之江,一般,１３４　４５４　１１１,2026-06-06,2026-06-11,15,丸亀,一般,４　１６２１３４２１[２],5153,佐藤 ほのか,2026-08-27,2026-08-31,04,平和島,一般,５　３５２　２３４３,2026-08-11,2026-08-16,01,桐生,一般,５　６５５　３　６４６,2026-07-31,2026-08-05,05,多摩川,一般,３５６　６６６　５　５５,2026-07-24,2026-07-27,06,浜名湖,一般,４５４３５　４４,2026-06-17,2026-06-22,13,尼崎,一般,６　５５６　４３４　６３,5334,樫葉 新心,2026-08-24,2026-08-29,13,尼崎,一般,６５６　６　４６５　６,2026-07-14,2026-07-19,21,芦屋,一般,６　６１５　６４３　３,2026-06-24,2026-06-29,12,住之江,一般,５５４　４５３　５　４５,2026-06-12,2026-06-17,22,福岡,ＧⅢ,F　６５６　６　６　６,2026-05-31,2026-06-05,20,若松,一般,６６３　６　４３５　４５,4720,西澤 日花里,2026-08-18,2026-08-23,16,児島,一般,５　２６５　４６５　４３,2026-08-09,2026-08-14,23,からつ,一般,３６２　６　３４６　２５,2026-07-01,2026-07-06,07,蒲郡,一般,４　２３６　４６３６２,2026-06-12,2026-06-17,22,福岡,ＧⅢ,F　６６６　６　３　６,2026-05-24,2026-05-29,24,大村,一般,４６５　３６１　３　３６,4843,深尾 巴恵,2026-08-25,2026-08-30,09,津,一般,４６６　５６１　６　１５,2026-08-11,2026-08-16,06,浜名湖,一般,３２４　６２４　５５２,2026-07-27,2026-08-01,10,三国,一般,６６６　４　５４６　４,2026-06-19,2026-06-24,11,びわこ,一般,３　６６３　６６４　１５,2026-05-30,2026-06-04,05,多摩川,ＧⅢ,１５６　F４４　３　５,5440,薗頭 心,2026-08-09,2026-08-14,13,尼崎,一般,６　５　６６６　６６６,2026-07-28,2026-08-02,16,児島,一般,６６６　６　６６６４６,2026-07-13,2026-07-18,13,尼崎,ＧⅢ,６２６　６　５６４　５,2026-06-10,2026-06-13,14,鳴門,一般,４６６　６　４６,2026-05-04,2026-05-09,13,尼崎,一般,６　５　６６６　６６６
202609111402,2026-09-11,14,02R,4733,赤井 睦,2026-08-27,2026-08-31,04,平和島,一般,１３５４２　１　５４,2026-07-31,2026-08-05,01,桐生,ＧⅢ,１１５１３　５１６３６１,2026-07-13,2026-07-18,13,尼崎,ＧⅢ,４５３　２４１　３４３６,2026-06-25,2026-06-29,18,徳山,一般,４　２１６１２４４２,2026-06-06,2026-06-11,15,丸亀,一般,２６６　３６６　５　４２,5180,藤本 紗弥香,2026-08-18,2026-08-23,16,児島,一般,１３４　２４４　４４３２,2026-07-31,2026-08-05,01,桐生,ＧⅢ,６５１　４　１５４１１,2026-07-19,2026-07-24,19,下関,ＧⅢ,３　４２２　１２４５１５,2026-06-15,2026-06-20,21,芦屋,一般,６６５　５２２　４　６５,2026-05-31,2026-06-05,20,若松,一般,４　５　６３３６４　３３,4689,豊田 結,2026-08-15,2026-08-20,09,津,一般,６２３　６６５　４　６６,2026-07-25,2026-07-30,04,平和島,一般,４　１２４３５４４４３,2026-07-10,2026-07-15,06,浜名湖,一般,６２６　４６６　６　３,2026-07-01,2026-07-06,07,蒲郡,一般,３２４　４３１　４　２４,2026-06-07,2026-06-11,05,多摩川,一般,３５５　２６４　３,5380,野田 亜湖,2026-08-24,2026-08-29,13,尼崎,一般,６　５６６　６６６　５,2026-08-12,2026-08-17,24,大村,ＧⅢ,６　６６６６６　５　５,2026-07-25,2026-07-30,04,平和島,一般,６　６６６　６６６　６６,2026-07-18,2026-07-21,20,若松,一般,６５６　６　６５,2026-06-29,2026-07-04,08,常滑,一般,５６６　６６６　６　４６,4400,加藤 奈月,2026-08-24,2026-08-29,10,三国,一般,３　４３３　４３４　３４,2026-08-14,2026-08-19,10,三国,一般,５５４　３　５５４　４４,2026-07-28,2026-08-02,15,丸亀,一般,５６６　１５２　２　３３,2026-07-10,2026-07-15,06,浜名湖,一般,３５６　６２６　３　４６,2026-06-19,2026-06-24,11,びわこ,一般,５４６　２　６６４　３３,4845,前田 紗希,2026-08-24,2026-08-29,10,三国,一般,２　１６５２３３５３５４,2026-08-06,2026-08-11,18,徳山,ＧⅠ,６　６６４３６　５６６,2026-07-25,2026-07-30,04,平和島,一般,５２F３６　５　３　４,2026-07-17,2026-07-20,02,戸田,一般,１３６１２１[４],2026-05-30,2026-06-04,05,多摩川,ＧⅢ,３１１　２３５１３１[６]
202609111403,2026-09-11,14,03R,5189,藤原 早菜,2026-08-18,2026-08-23,16,児島,一般,２　１４４４５４４２４５,2026-08-06,2026-08-11,18,徳山,ＧⅠ,１　４　６６１　６６３,2026-07-28,2026-08-02,15,丸亀,一般,４３３　６３４５２６１５,2026-07-19,2026-07-24,22,福岡,ＧⅢ,４　５３４　５４４４３,2026-07-10,2026-07-15,06,浜名湖,一般,１６２　６４２　４３[６],3470,新田 芳美,2026-08-17,2026-08-20,20,若松,一般,３４６３３　５,2026-07-31,2026-08-05,01,桐生,ＧⅢ,６４１　４５４　６２４,2026-07-13,2026-07-18,13,尼崎,ＧⅢ,４５４　６落,2026-06-25,2026-06-29,18,徳山,一般,１４２　１３３５１３,2026-06-12,2026-06-17,22,福岡,ＧⅢ,４４４　２４４　４３４,4611,今井 美亜,2026-08-24,2026-08-29,10,三国,一般,３４１３２　４１２２[５],2026-08-06,2026-08-11,18,徳山,ＧⅠ,６　４３１　１４４　３１,2026-07-28,2026-08-02,16,児島,一般,１３２　６６５６３　３１,2026-07-19,2026-07-24,19,下関,ＧⅢ,５５５２４　２１３２[６],2026-07-07,2026-07-12,02,戸田,ＧⅡ,６　４６１　６　４２２,4984,森下 愛梨,2026-08-24,2026-08-29,10,三国,一般,６２１　３５４　１　５２,2026-08-11,2026-08-16,06,浜名湖,一般,５５３　２３４　４４３,2026-07-18,2026-07-23,09,津,ＧⅢ,６　２３５　２２４４転,2026-07-07,2026-07-12,11,びわこ,一般,２　６１６５４　３４５,2026-06-18,2026-06-23,02,戸田,一般,５　１６５５３６１　５３,4901,出口 舞有子,2026-08-24,2026-08-29,10,三国,一般,１１４　１２４２３１[F],2026-08-10,2026-08-15,08,常滑,一般,５６５　３３２　５　２１,2026-07-31,2026-08-05,01,桐生,ＧⅢ,２　４５３５１　２　３１,2026-07-24,2026-07-27,06,浜名湖,一般,１　１５５４３６,2026-07-12,2026-07-16,05,多摩川,一般,１　１４６　２３１４,4546,浜田 亜理沙,2026-08-24,2026-08-29,10,三国,一般,２５２　５３３５４　４１,2026-08-06,2026-08-11,18,徳山,ＧⅠ,３　１３５　４３１　６,2026-07-25,2026-07-30,04,平和島,一般,２５４　２３２　１６１２,2026-07-13,2026-07-18,13,尼崎,ＧⅢ,３３４　３１１１３１[２],2026-06-29,2026-07-04,08,常滑,一般,２５１１２２２１４１[３]
202609111404,2026-09-11,14,04R,4627,藤原 菜希,2026-08-24,2026-08-29,10,三国,一般,４　１６３転３　５１２３,2026-08-12,2026-08-17,24,大村,ＧⅢ,３４１１１　３２１１[２],2026-08-03,2026-08-08,17,宮島,一般,４３５３１　１１４２[１],2026-07-25,2026-07-30,04,平和島,一般,６　１２１３３４１２[４],2026-07-09,2026-07-13,16,児島,一般,２３２２２　４４１１,4680,後藤 美翼,2026-08-24,2026-08-29,10,三国,一般,４５５３３　１３６　１３,2026-08-11,2026-08-16,04,平和島,一般,１２４　１６４４１２[３],2026-07-25,2026-07-30,04,平和島,一般,６３１４４　２２３３転３,2026-07-17,2026-07-20,02,戸田,一般,５３３５５　２４,2026-07-09,2026-07-13,14,鳴門,一般,６２５５３　２　３１,5342,原村 百那,2026-08-24,2026-08-29,10,三国,一般,３５４　６　５５６　４,2026-08-12,2026-08-17,24,大村,ＧⅢ,６４６　５５６　６　６５,2026-07-28,2026-08-02,15,丸亀,一般,５６６　１５４　６　４６,2026-07-19,2026-07-24,19,下関,ＧⅢ,６６２　２４３　２４４,2026-06-18,2026-06-23,02,戸田,一般,６　１６２　６３５　６５,4642,松尾 夏海,2026-08-24,2026-08-29,10,三国,一般,１５２５２１１　３１[３],2026-08-06,2026-08-11,18,徳山,ＧⅠ,３４２　２　３２５　１５,2026-07-28,2026-08-02,15,丸亀,一般,１２３３１　２　１３[５],2026-07-13,2026-07-18,13,尼崎,ＧⅢ,１　１１３６３２１３１１,2026-07-01,2026-07-06,07,蒲郡,一般,６２３　３　４３１１２３,4878,西岡 育未,2026-08-18,2026-08-23,16,児島,一般,４４５　５　１６３　４４,2026-08-07,2026-08-11,15,丸亀,一般,６　２６６　３４６４,2026-07-25,2026-07-30,04,平和島,一般,１６５　６欠,2026-07-07,2026-07-12,11,びわこ,一般,６５５　５　１５４　６,2026-06-24,2026-06-29,12,住之江,一般,２４４　４４４　５　５３,4965,福岡 泉水,2026-08-18,2026-08-23,16,児島,一般,４　４５４　３５５　４３,2026-08-09,2026-08-14,13,尼崎,一般,２５１　３　４４１３４６,2026-07-31,2026-08-05,01,桐生,ＧⅢ,２　２２６３４５４４２４,2026-07-13,2026-07-18,13,尼崎,ＧⅢ,１　４５５４５　３　６１,2026-06-30,2026-07-05,23,からつ,一般,３５４
202609111405,2026-09-11,14,05R,4347,魚谷 香織,2026-08-28,2026-08-31,23,からつ,一般,２６４３１　１６,2026-08-06,2026-08-11,18,徳山,ＧⅠ,６　１５６　５　３４１,2026-07-24,2026-07-27,06,浜名湖,一般,３　２３６３１１,2026-07-13,2026-07-18,13,尼崎,ＧⅢ,１　３３３１５１１２[３],2026-06-24,2026-06-29,12,住之江,一般,５　１２３２１５２２[４],4714,喜多須 杏奈,2026-08-18,2026-08-23,16,児島,一般,３３２　１３落　１２[６],2026-08-07,2026-08-11,15,丸亀,一般,４３５　４６２２３,2026-07-25,2026-07-30,04,平和島,一般,３　４６５　５３５　６１,2026-07-07,2026-07-12,11,びわこ,一般,１４２　２２３６４２[６],2026-06-18,2026-06-23,02,戸田,一般,３６４　５４３　６　２２,4746,大豆生田 蒼,2026-08-24,2026-08-29,10,三国,一般,２２２　２４４５１６２５,2026-07-25,2026-07-30,04,平和島,一般,２　１３１４２６３３４１,2026-07-12,2026-07-16,05,多摩川,一般,３４２　６６６　３,2026-06-18,2026-06-23,02,戸田,一般,４２１３６　４２２２３,2026-06-06,2026-06-11,15,丸亀,一般,５２２１１３２　４４１６,5153,佐藤 ほのか,2026-08-27,2026-08-31,04,平和島,一般,５　３５２　２３４３,2026-08-11,2026-08-16,01,桐生,一般,５　６５５　３　６４６,2026-07-31,2026-08-05,05,多摩川,一般,３５６　６６６　５　５５,2026-07-24,2026-07-27,06,浜名湖,一般,４５４３５　４４,2026-06-17,2026-06-22,13,尼崎,一般,６　５５６　４３４　６３,4775,千葉 真弥,2026-08-24,2026-08-29,13,尼崎,一般,５４５６５　４６３　６,2026-08-06,2026-08-11,18,徳山,ＧⅠ,１　１１１　５　１　[２],2026-07-28,2026-08-02,16,児島,一般,３　６３１２２３１４２４,2026-06-06,2026-06-10,06,浜名湖,一般,３５３５５　４　３５,2026-05-24,2026-05-28,21,芦屋,一般,４　１６４４５１３１,5069,山崎 小葉音,2026-08-24,2026-08-29,10,三国,一般,３５５　３　５４５　１,2026-08-12,2026-08-17,24,大村,ＧⅢ,４４１　３５２５２　２,2026-07-31,2026-08-05,01,桐生,ＧⅢ,２　１５２１５５１５４６,2026-07-13,2026-07-18,13,尼崎,ＧⅢ,３６４　６５１　２　６５,2026-06-24,2026-06-29,12,住之江,一般,６５２　１２４　１４３５
202609111406,2026-09-11,14,06R,5198,奥村 明日香,2026-08-16,2026-08-19,14,鳴門,一般,２３４　２６４１,2026-08-07,2026-08-12,20,若松,一般,１４１　１２５１６６１６,2026-04-29,2026-05-04,22,福岡,一般,２　４６５　３１２　４６,2026-04-22,2026-04-27,20,若松,ＧⅢ,　　　　　　　　　　６５,2026-04-09,2026-04-15,15,丸亀,一般,３３５　４１４　１４１３６５,5334,樫葉 新心,2026-08-24,2026-08-29,13,尼崎,一般,６５６　６　４６５　６,2026-07-14,2026-07-19,21,芦屋,一般,６　６１５　６４３　３,2026-06-24,2026-06-29,12,住之江,一般,５５４　４５３　５　４５,2026-06-12,2026-06-17,22,福岡,ＧⅢ,F　６５６　６　６　６,2026-05-31,2026-06-05,20,若松,一般,６６３　６　４３５　４５,4784,向井田 真紀,2026-07-31,2026-08-05,01,桐生,ＧⅢ,４６５　４２６　２　４３,2026-06-18,2026-06-21,20,若松,一般,３５６５６　１,2026-06-06,2026-06-10,24,大村,一般,３　６６６５６　３,2026-05-24,2026-05-28,21,芦屋,一般,３　６６５５６　F６,2026-04-15,2026-04-20,09,津,一般,３５３　５４５　４５２５,4400,加藤 奈月,2026-08-24,2026-08-29,10,三国,一般,３　４３３　４３４　３４,2026-08-14,2026-08-19,10,三国,一般,５５４　３　５５４　４４,2026-07-28,2026-08-02,15,丸亀,一般,５６６　１５２　２　３３,2026-07-10,2026-07-15,06,浜名湖,一般,３５６　６２６　３　４６,2026-06-19,2026-06-24,11,びわこ,一般,５４６　２　６６４　３３,5440,薗頭 心,2026-08-09,2026-08-14,13,尼崎,一般,６　５　６６６　６６６,2026-07-28,2026-08-02,16,児島,一般,６６６　６　６６６４６,2026-07-13,2026-07-18,13,尼崎,ＧⅢ,６２６　６　５６４　５,2026-06-10,2026-06-13,14,鳴門,一般,４６６　６　４６,2026-05-04,2026-05-09,13,尼崎,一般,６　５　６６６　６６６,4974,安井 瑞紀,2026-08-28,2026-08-31,23,からつ,一般,１３４　１６５５,2026-08-18,2026-08-23,16,児島,一般,４１６　１３５１１６６４,2026-08-06,2026-08-11,18,徳山,ＧⅠ,６　６　６１３　１２５,2026-07-27,2026-08-01,10,三国,一般,４６４１妨５２　１　２１,2026-06-18,2026-06-23,02,戸田,一般,４　４４２１２１３３２５
202609111407,2026-09-11,14,07R,5195,北村 寧々,2026-08-25,2026-08-30,17,宮島,一般,２　４６４１６６４　２１,2026-07-19,2026-07-24,22,福岡,ＧⅢ,２　３６６　２３１６４４,2026-07-07,2026-07-12,11,びわこ,一般,４１３６４６１　２４１３,2026-06-28,2026-07-03,20,若松,一般,６　４４１　１５６　４５,2026-06-15,2026-06-20,21,芦屋,一般,１　３１２５２１６３３１,4984,森下 愛梨,2026-08-24,2026-08-29,10,三国,一般,６２１　３５４　１　５２,2026-08-11,2026-08-16,06,浜名湖,一般,５５３　２３４　４４３,2026-07-18,2026-07-23,09,津,ＧⅢ,６　２３５　２２４４転,2026-07-07,2026-07-12,11,びわこ,一般,２　６１６５４　３４５,2026-06-18,2026-06-23,02,戸田,一般,５　１６５５３６１　５３,4845,前田 紗希,2026-08-24,2026-08-29,10,三国,一般,２　１６５２３３５３５４,2026-08-06,2026-08-11,18,徳山,ＧⅠ,６　６６４３６　５６６,2026-07-25,2026-07-30,04,平和島,一般,５２F３６　５　３　４,2026-07-17,2026-07-20,02,戸田,一般,１３６１２１[４],2026-05-30,2026-06-04,05,多摩川,ＧⅢ,３１１　２３５１３１[６],4900,中田 夕貴,2026-08-30,2026-09-04,06,浜名湖,ＧⅢ,３　１２２４１２５６１６,2026-08-12,2026-08-17,02,戸田,一般,６１６　２５６　４６５４,2026-07-31,2026-08-04,13,尼崎,一般,１６３　４４２　３２,2026-06-18,2026-06-23,02,戸田,一般,３２３６１　１５１５１１,2026-05-30,2026-06-04,05,多摩川,ＧⅢ,５４５６L６,4678,水野 望美,2026-08-10,2026-08-15,08,常滑,一般,５　３２２　５４４６４５,2026-07-31,2026-08-04,13,尼崎,一般,４６２　３６５　５５,2026-06-21,2026-06-24,19,下関,一般,４６５１６　２,2026-06-06,2026-06-11,15,丸亀,一般,４４３　５４５　１３６,2026-05-27,2026-06-01,08,常滑,一般,２　３６５　５４４　６２,5390,高橋 涼夏,2026-08-11,2026-08-16,01,桐生,一般,４　５　２４５　５１３５,2026-07-31,2026-08-05,01,桐生,ＧⅢ,４　４５５　２６３　４６,2026-07-07,2026-07-12,08,常滑,一般,３　５６６　６５６６５,2026-06-07,2026-06-11,05,多摩川,一般,２　６　５６４６１,2026-05-01,2026-05-06,01,桐生,一般,６　３　６６　　４５６６
202609111408,2026-09-11,14,08R,5056,西岡 成美,2026-08-27,2026-08-31,04,平和島,一般,６　６　３５３６４,2026-08-12,2026-08-17,24,大村,ＧⅢ,１６１　２６４　２６１５,2026-07-09,2026-07-13,14,鳴門,一般,３　１３妨４６　３６,2024-09-30,2024-10-05,09,津,一般,５３F４４　落,2024-09-18,2024-09-23,01,桐生,ＧⅠ,２　４　６４４　４５２,4546,浜田 亜理沙,2026-08-24,2026-08-29,10,三国,一般,２５２　５３３５４　４１,2026-08-06,2026-08-11,18,徳山,ＧⅠ,３　１３５　４３１　６,2026-07-25,2026-07-30,04,平和島,一般,２５４　２３２　１６１２,2026-07-13,2026-07-18,13,尼崎,ＧⅢ,３３４　３１１１３１[２],2026-06-29,2026-07-04,08,常滑,一般,２５１１２２２１４１[３],4843,深尾 巴恵,2026-08-25,2026-08-30,09,津,一般,４６６　５６１　６　１５,2026-08-11,2026-08-16,06,浜名湖,一般,３２４　６２４　５５２,2026-07-27,2026-08-01,10,三国,一般,６６６　４　５４６　４,2026-06-19,2026-06-24,11,びわこ,一般,３　６６３　６６４　１５,2026-05-30,2026-06-04,05,多摩川,ＧⅢ,１５６　F４４　３　５,5342,原村 百那,2026-08-24,2026-08-29,10,三国,一般,３５４　６　５５６　４,2026-08-12,2026-08-17,24,大村,ＧⅢ,６４６　５５６　６　６５,2026-07-28,2026-08-02,15,丸亀,一般,５６６　１５４　６　４６,2026-07-19,2026-07-24,19,下関,ＧⅢ,６６２　２４３　２４４,2026-06-18,2026-06-23,02,戸田,一般,６　１６２　６３５　６５,5189,藤原 早菜,2026-08-18,2026-08-23,16,児島,一般,２　１４４４５４４２４５,2026-08-06,2026-08-11,18,徳山,ＧⅠ,１　４　６６１　６６３,2026-07-28,2026-08-02,15,丸亀,一般,４３３　６３４５２６１５,2026-07-19,2026-07-24,22,福岡,ＧⅢ,４　５３４　５４４４３,2026-07-10,2026-07-15,06,浜名湖,一般,１６２　６４２　４３[６],4689,豊田 結,2026-08-15,2026-08-20,09,津,一般,６２３　６６５　４　６６,2026-07-25,2026-07-30,04,平和島,一般,４　１２４３５４４４３,2026-07-10,2026-07-15,06,浜名湖,一般,６２６　４６６　６　３,2026-07-01,2026-07-06,07,蒲郡,一般,３２４　４３１　４　２４,2026-06-07,2026-06-11,05,多摩川,一般,３５５　２６４　３
202609111409,2026-09-11,14,09R,5069,山崎 小葉音,2026-08-24,2026-08-29,10,三国,一般,３５５　３　５４５　１,2026-08-12,2026-08-17,24,大村,ＧⅢ,４４１　３５２５２　２,2026-07-31,2026-08-05,01,桐生,ＧⅢ,２　１５２１５５１５４６,2026-07-13,2026-07-18,13,尼崎,ＧⅢ,３６４　６５１　２　６５,2026-06-24,2026-06-29,12,住之江,一般,６５２　１２４　１４３５,4720,西澤 日花里,2026-08-18,2026-08-23,16,児島,一般,５　２６５　４６５　４３,2026-08-09,2026-08-14,23,からつ,一般,３６２　６　３４６　２５,2026-07-01,2026-07-06,07,蒲郡,一般,４　２３６　４６３６２,2026-06-12,2026-06-17,22,福岡,ＧⅢ,F　６６６　６　３　６,2026-05-24,2026-05-29,24,大村,一般,４６５　３６１　３　３６,4878,西岡 育未,2026-08-18,2026-08-23,16,児島,一般,４４５　５　１６３　４４,2026-08-07,2026-08-11,15,丸亀,一般,６　２６６　３４６４,2026-07-25,2026-07-30,04,平和島,一般,１６５　６欠,2026-07-07,2026-07-12,11,びわこ,一般,６５５　５　１５４　６,2026-06-24,2026-06-29,12,住之江,一般,２４４　４４４　５　５３,4372,原田 佑実,2026-08-12,2026-08-17,24,大村,ＧⅢ,１　１４３１３４１１[３],2026-07-25,2026-07-29,20,若松,一般,３　４２１５５５３４,2026-07-03,2026-07-08,13,尼崎,一般,５　１４１２４３１２[４],2026-06-24,2026-06-29,12,住之江,一般,１３４　４５４　１１１,2026-06-06,2026-06-11,15,丸亀,一般,４　１６２１３４２１[２],4746,大豆生田 蒼,2026-08-24,2026-08-29,10,三国,一般,２２２　２４４５１６２５,2026-07-25,2026-07-30,04,平和島,一般,２　１３１４２６３３４１,2026-07-12,2026-07-16,05,多摩川,一般,３４２　６６６　３,2026-06-18,2026-06-23,02,戸田,一般,４２１３６　４２２２３,2026-06-06,2026-06-11,15,丸亀,一般,５２２１１３２　４４１６,5380,野田 亜湖,2026-08-24,2026-08-29,13,尼崎,一般,６　５６６　６６６　５,2026-08-12,2026-08-17,24,大村,ＧⅢ,６　６６６６６　５　５,2026-07-25,2026-07-30,04,平和島,一般,６　６６６　６６６　６６,2026-07-18,2026-07-21,20,若松,一般,６５６　６　６５,2026-06-29,2026-07-04,08,常滑,一般,５６６　６６６　６　４６
202609111410,2026-09-11,14,10R,4901,出口 舞有子,2026-08-24,2026-08-29,10,三国,一般,１１４　１２４２３１[F],2026-08-10,2026-08-15,08,常滑,一般,５６５　３３２　５　２１,2026-07-31,2026-08-05,01,桐生,ＧⅢ,２　４５３５１　２　３１,2026-07-24,2026-07-27,06,浜名湖,一般,１　１５５４３６,2026-07-12,2026-07-16,05,多摩川,一般,１　１４６　２３１４,4611,今井 美亜,2026-08-24,2026-08-29,10,三国,一般,３４１３２　４１２２[５],2026-08-06,2026-08-11,18,徳山,ＧⅠ,６　４３１　１４４　３１,2026-07-28,2026-08-02,16,児島,一般,１３２　６６５６３　３１,2026-07-19,2026-07-24,19,下関,ＧⅢ,５５５２４　２１３２[６],2026-07-07,2026-07-12,02,戸田,ＧⅡ,６　４６１　６　４２２,4680,後藤 美翼,2026-08-24,2026-08-29,10,三国,一般,４５５３３　１３６　１３,2026-08-11,2026-08-16,04,平和島,一般,１２４　１６４４１２[３],2026-07-25,2026-07-30,04,平和島,一般,６３１４４　２２３３転３,2026-07-17,2026-07-20,02,戸田,一般,５３３５５　２４,2026-07-09,2026-07-13,14,鳴門,一般,６２５５３　２　３１,4733,赤井 睦,2026-08-27,2026-08-31,04,平和島,一般,１３５４２　１　５４,2026-07-31,2026-08-05,01,桐生,ＧⅢ,１１５１３　５１６３６１,2026-07-13,2026-07-18,13,尼崎,ＧⅢ,４５３　２４１　３４３６,2026-06-25,2026-06-29,18,徳山,一般,４　２１６１２４４２,2026-06-06,2026-06-11,15,丸亀,一般,２６６　３６６　５　４２,4347,魚谷 香織,2026-08-28,2026-08-31,23,からつ,一般,２６４３１　１６,2026-08-06,2026-08-11,18,徳山,ＧⅠ,６　１５６　５　３４１,2026-07-24,2026-07-27,06,浜名湖,一般,３　２３６３１１,2026-07-13,2026-07-18,13,尼崎,ＧⅢ,１　３３３１５１１２[３],2026-06-24,2026-06-29,12,住之江,一般,５　１２３２１５２２[４],5198,奥村 明日香,2026-08-16,2026-08-19,14,鳴門,一般,２３４　２６４１,2026-08-07,2026-08-12,20,若松,一般,１４１　１２５１６６１６,2026-04-29,2026-05-04,22,福岡,一般,２　４６５　３１２　４６,2026-04-22,2026-04-27,20,若松,ＧⅢ,　　　　　　　　　　６５,2026-04-09,2026-04-15,15,丸亀,一般,３３５　４１４　１４１３６５
202609111411,2026-09-11,14,11R,4974,安井 瑞紀,2026-08-28,2026-08-31,23,からつ,一般,１３４　１６５５,2026-08-18,2026-08-23,16,児島,一般,４１６　１３５１１６６４,2026-08-06,2026-08-11,18,徳山,ＧⅠ,６　６　６１３　１２５,2026-07-27,2026-08-01,10,三国,一般,４６４１妨５２　１　２１,2026-06-18,2026-06-23,02,戸田,一般,４　４４２１２１３３２５,4642,松尾 夏海,2026-08-24,2026-08-29,10,三国,一般,１５２５２１１　３１[３],2026-08-06,2026-08-11,18,徳山,ＧⅠ,３４２　２　３２５　１５,2026-07-28,2026-08-02,15,丸亀,一般,１２３３１　２　１３[５],2026-07-13,2026-07-18,13,尼崎,ＧⅢ,１　１１３６３２１３１１,2026-07-01,2026-07-06,07,蒲郡,一般,６２３　３　４３１１２３,3470,新田 芳美,2026-08-17,2026-08-20,20,若松,一般,３４６３３　５,2026-07-31,2026-08-05,01,桐生,ＧⅢ,６４１　４５４　６２４,2026-07-13,2026-07-18,13,尼崎,ＧⅢ,４５４　６落,2026-06-25,2026-06-29,18,徳山,一般,１４２　１３３５１３,2026-06-12,2026-06-17,22,福岡,ＧⅢ,４４４　２４４　４３４,4775,千葉 真弥,2026-08-24,2026-08-29,13,尼崎,一般,５４５６５　４６３　６,2026-08-06,2026-08-11,18,徳山,ＧⅠ,１　１１１　５　１　[２],2026-07-28,2026-08-02,16,児島,一般,３　６３１２２３１４２４,2026-06-06,2026-06-10,06,浜名湖,一般,３５３５５　４　３５,2026-05-24,2026-05-28,21,芦屋,一般,４　１６４４５１３１,5195,北村 寧々,2026-08-25,2026-08-30,17,宮島,一般,２　４６４１６６４　２１,2026-07-19,2026-07-24,22,福岡,ＧⅢ,２　３６６　２３１６４４,2026-07-07,2026-07-12,11,びわこ,一般,４１３６４６１　２４１３,2026-06-28,2026-07-03,20,若松,一般,６　４４１　１５６　４５,2026-06-15,2026-06-20,21,芦屋,一般,１　３１２５２１６３３１,4714,喜多須 杏奈,2026-08-18,2026-08-23,16,児島,一般,３３２　１３落　１２[６],2026-08-07,2026-08-11,15,丸亀,一般,４３５　４６２２３,2026-07-25,2026-07-30,04,平和島,一般,３　４６５　５３５　６１,2026-07-07,2026-07-12,11,びわこ,一般,１４２　２２３６４２[６],2026-06-18,2026-06-23,02,戸田,一般,３６４　５４３　６　２２
202609111412,2026-09-11,14,12R,4885,大山 千広,2026-08-24,2026-08-29,10,三国,一般,２　１４２４１３１１[１],2026-08-10,2026-08-15,21,芦屋,一般,２５３１４　１５３６２,2026-07-31,2026-08-05,01,桐生,ＧⅢ,２　１１３２１１３１[１],2026-07-19,2026-07-24,19,下関,ＧⅢ,２４１１１　３１４１[４],2026-07-01,2026-07-06,07,蒲郡,一般,１１４　２２４　２１[３],4530,小野 生奈,2026-08-25,2026-08-30,09,津,一般,２１２　１１１１５１[２],2026-08-06,2026-08-11,18,徳山,ＧⅠ,４　５６５５１　６２３,2026-07-25,2026-07-29,20,若松,一般,６　２１２１２２[２],2026-07-13,2026-07-18,13,尼崎,ＧⅢ,３２３１４　３２２２[４],2026-06-30,2026-07-05,16,児島,ＧⅡ,６２５　１４４　２２３,4050,田口 節子,2026-08-18,2026-08-23,16,児島,一般,３　１１２３２１２１[３],2026-08-06,2026-08-11,18,徳山,ＧⅠ,２　１１５４５　４　５１,2026-07-19,2026-07-24,19,下関,ＧⅢ,１１１　落１１２１２[１],2026-07-07,2026-07-12,11,びわこ,一般,３１４１１２１１２１[１],2026-06-24,2026-06-29,12,住之江,一般,１１２　１１１２３１[１],4450,平高 奈菜,2026-08-25,2026-08-30,09,津,一般,２３３　４F３　３　３,2026-08-12,2026-08-17,24,大村,ＧⅢ,１３２　１１１２３１[１],2026-07-28,2026-08-02,15,丸亀,一般,３１１４３　３２２２[３],2026-07-13,2026-07-18,13,尼崎,ＧⅢ,２妨２　１４１　３　１２,2026-07-01,2026-07-06,07,蒲郡,一般,２　４５１　２１４６１３,4738,清埜 翔子,2026-08-25,2026-08-30,09,津,一般,５５１　２６４　３３[６],2026-08-12,2026-08-17,24,大村,ＧⅢ,１５３２１１４　４２[４],2026-07-28,2026-08-02,16,児島,一般,６２３５３　３６２　５５,2026-07-19,2026-07-24,19,下関,ＧⅢ,５２２５３　３　F１４,2026-07-07,2026-07-12,08,常滑,一般,２　３５５１２３６６１３,5193,米丸 乃絵,2026-08-18,2026-08-23,16,児島,一般,２１２　２１３２１２[５],2026-08-06,2026-08-11,18,徳山,ＧⅠ,１５２　２　１４６　１２,2026-07-28,2026-08-02,15,丸亀,一般,１２１１２２３　５１[１],2026-07-19,2026-07-24,22,福岡,ＧⅢ,２１５　４２４　３　５１,2026-07-07,2026-07-12,02,戸田,ＧⅡ,４　２４５　４　４１４
202609111601,2026-09-11,16,01R,4754,松尾 充,2026-08-26,2026-08-31,11,びわこ,一般,２５３１１　２４３３２１,2026-08-15,2026-08-20,09,津,一般,３２１　４１３１４２[４],2026-07-31,2026-08-05,05,多摩川,一般,１　２６５１２６１　２２,2026-07-15,2026-07-20,18,徳山,一般,１３３３１６２　１４５３,2026-07-03,2026-07-06,09,津,一般,３１３２３　[４],5124,上瀧 絢也,2026-08-20,2026-08-23,24,大村,一般,６２２　４５５,2026-08-09,2026-08-14,23,からつ,一般,３４４　３４６　６　５４,2026-07-27,2026-08-01,10,三国,一般,４２６　５６２　４　５５,2026-07-09,2026-07-13,14,鳴門,一般,５１１　３５６５２６,2026-06-25,2026-06-29,21,芦屋,一般,６　５３２６３　２６,4410,井上 大輔,2026-08-26,2026-08-30,14,鳴門,一般,２　５５２２６５２６,2026-08-08,2026-08-13,16,児島,一般,５　２２１４４　１１５５,2026-07-23,2026-07-27,01,桐生,一般,６２２　３４２　６５,2026-07-07,2026-07-12,20,若松,ＧⅢ,３　５４１６４　４６２,2026-06-25,2026-06-29,21,芦屋,一般,４４５　４５５　６６,4924,中北 涼,2026-08-24,2026-08-29,10,三国,一般,４５４　６　５６３　６,2026-08-12,2026-08-17,24,大村,ＧⅢ,２３３　２３２２４　４,2026-07-28,2026-08-02,15,丸亀,一般,６４５　６６１　５　４６,2026-07-07,2026-07-12,11,びわこ,一般,４３３　５３４　６５２２,2026-06-24,2026-06-29,12,住之江,一般,２３２　１４４　５６３４,4374,永田 義紘,2026-08-22,2026-08-27,08,常滑,ＧⅢ,４４４　５５５　３　転５,2026-08-05,2026-08-10,14,鳴門,一般,F　５　５　３　６　５４,2026-07-23,2026-07-28,03,江戸川,ＧⅢ,５４４　６４１　６２４４,2026-07-11,2026-07-14,04,平和島,一般,６　６５１　２４,2026-06-24,2026-06-29,09,津,一般,４２１５６　５　３６５３,5423,高橋 嗣穏,2026-08-16,2026-08-19,14,鳴門,一般,６　６６６　６６,2026-08-05,2026-08-10,14,鳴門,一般,６　６６６５６　４　６６,2026-07-22,2026-07-26,13,尼崎,一般,５　６　６６６　５６,2026-07-05,2026-07-09,24,大村,一般,６　６６６　５　５６,2026-05-29,2026-06-03,11,びわこ,一般,６　６５６　６６６　６６
202609111602,2026-09-11,16,02R,3866,木山 誠一,2026-08-24,2026-08-29,13,尼崎,一般,４５１　５F５　４　６,2026-07-17,2026-07-22,16,児島,ＧⅢ,６６３　５　６６２　４,2026-07-05,2026-07-09,05,多摩川,一般,３６６６５　５　５,2026-06-24,2026-06-29,09,津,一般,３　６２２　２４２６４６,2026-06-15,2026-06-20,21,芦屋,一般,２　３１５　３５F３４,5335,森 陽多,2026-08-24,2026-08-29,10,三国,一般,６　３６１　３６４　２５,2026-08-12,2026-08-17,24,大村,ＧⅢ,６３６　５２６　６　４５,2026-07-28,2026-08-02,15,丸亀,一般,６　５６３　４６２　５,2026-07-19,2026-07-24,19,下関,ＧⅢ,２　６６３　５６６　４１,2026-06-23,2026-06-28,07,蒲郡,一般,６　６６２　６６６　３３,4343,村岡 賢,2026-08-22,2026-08-27,08,常滑,ＧⅢ,５　４４５　６６５　４４,2026-08-05,2026-08-10,14,鳴門,一般,５６５　５２５　６　４４,2026-07-21,2026-07-26,23,からつ,一般,６２４　５　６４５　２５,2026-07-11,2026-07-14,04,平和島,一般,３５６　４４３,2026-07-04,2026-07-09,01,桐生,一般,４　３６３　４３３　３６,4797,中山 将,2026-08-27,2026-08-31,04,平和島,一般,４２５　１６４６３３,2026-08-14,2026-08-19,10,三国,一般,６　５６２６１６６　６,2026-08-05,2026-08-10,09,津,一般,１３３F２　３　３　３,2026-07-14,2026-07-17,24,大村,一般,６６１１１F４,2026-06-30,2026-07-04,19,下関,一般,３２１　２３３４５６,5326,三嶌 さらら,2026-08-26,2026-08-30,14,鳴門,一般,１　３６２６３　５５,2026-08-17,2026-08-21,15,丸亀,一般,５６６　６　６６１,2026-07-25,2026-07-30,04,平和島,一般,４　２６１５４　５２２６,2026-07-13,2026-07-18,13,尼崎,ＧⅢ,２　１２１　３５５１[５],2026-07-03,2026-07-08,13,尼崎,一般,１　６２５６６　３　４５,5109,川崎 智稔,2026-08-22,2026-08-27,08,常滑,ＧⅢ,６３３　３２F　５　５,2026-08-08,2026-08-13,16,児島,一般,６　２３６　１５６　２６,2026-07-24,2026-07-27,12,住之江,一般,４　２２５５２５,2026-07-11,2026-07-16,03,江戸川,一般,３　３６１　３４２　３６,2026-06-28,2026-07-03,20,若松,一般,２　５６３　５６３　５
202609111603,2026-09-11,16,03R,4499,滝川 真由子,2026-08-26,2026-08-30,14,鳴門,一般,２３６　５１２　３６,2026-08-09,2026-08-14,23,からつ,一般,３　４３２２３　３５４５,2026-07-01,2026-07-06,07,蒲郡,一般,４２３　４３３　４３３,2026-06-12,2026-06-17,22,福岡,ＧⅢ,５６２　５２４　３３１,2026-05-24,2026-05-29,24,大村,一般,５３１　１２３　５F３,4446,和田 兼輔,2026-08-25,2026-08-30,01,桐生,ＳＧ,１　５４５　５　５２１,2026-08-09,2026-08-14,13,尼崎,一般,２５１　５２４２４　２２,2026-07-24,2026-07-29,17,宮島,一般,３３３　１３２１５２[１],2026-07-15,2026-07-20,18,徳山,一般,１３５２１F３　５　３,2026-06-30,2026-07-05,16,児島,ＧⅡ,５４３　４　４１３１４,4382,高山 智至,2026-08-24,2026-08-29,13,尼崎,一般,４３２　１５３　１４２５,2026-08-15,2026-08-20,11,びわこ,一般,４　５４６　４５３　３６,2026-07-29,2026-08-03,22,福岡,一般,４５３　４６５　２５４３,2026-07-16,2026-07-21,11,びわこ,一般,４４４　３４４５３　４５,2026-06-30,2026-07-05,23,からつ,一般,２５転　４　２妨５　２,4460,後藤 翔之,2026-08-25,2026-08-30,17,宮島,一般,４　転４５５４２２　３４,2026-08-11,2026-08-16,04,平和島,一般,２２１１２３１　２１[１],2026-07-31,2026-08-04,13,尼崎,一般,２４２４３　１６３６,2026-07-21,2026-07-26,23,からつ,一般,４　２３３４３６３３４,2026-07-11,2026-07-16,03,江戸川,一般,２２２１４　１２３２[転],4364,池永 太,2026-08-29,2026-09-03,19,下関,一般,３６５欠,2026-08-20,2026-08-25,21,芦屋,一般,１１１４１４５　１３４１,2026-08-07,2026-08-12,20,若松,一般,２４３　２２２２２４１２,2026-07-27,2026-08-01,09,津,一般,１５６,2026-07-07,2026-07-12,02,戸田,ＧⅡ,５２１　１　２３４　３６,4728,山口 亮,2026-08-28,2026-08-31,23,からつ,一般,２４２　１２[５],2026-08-11,2026-08-16,04,平和島,一般,５３２　４３６　１５１,2026-07-31,2026-08-05,05,多摩川,一般,２３４　５　４３６６１,2026-06-25,2026-06-29,18,徳山,一般,４３６　５２４　３４,2026-06-11,2026-06-15,20,若松,一般,６２２　３５５　５６
202609111604,2026-09-11,16,04R,4788,小池 哲也,2026-08-27,2026-09-01,07,蒲郡,一般,５　３１２　４４３１５６,2026-08-13,2026-08-18,12,住之江,一般,３　２６５　４３３　３２,2026-08-02,2026-08-05,21,芦屋,一般,５３５２４　４３,2026-07-20,2026-07-25,15,丸亀,一般,不　１１３２３　２２[６],2026-07-11,2026-07-14,04,平和島,一般,１１３　１５３１,5338,香月 大輝,2026-08-22,2026-08-26,20,若松,一般,３３２　５５４　３２,2026-08-10,2026-08-15,21,芦屋,一般,３３５　６５６　４４１,2026-07-15,2026-07-21,12,住之江,一般,４　１５３　４１２４４１１転,2026-07-01,2026-07-06,22,福岡,一般,６４３　１４４　６５４,2026-06-21,2026-06-26,16,児島,一般,４　３４３　３２６　６３,5076,石原 光,2026-08-21,2026-08-24,07,蒲郡,一般,１３４２１エ３,2026-08-11,2026-08-16,06,浜名湖,一般,４１４　２４２　１６１５,2026-08-03,2026-08-08,04,平和島,ＧⅢ,４　６２５５２　４４２,2026-07-24,2026-07-27,06,浜名湖,一般,５　６３１５４２,2026-07-17,2026-07-22,16,児島,ＧⅢ,４６３　６　４２５　１３,3988,古川 誠之,2026-08-24,2026-08-29,13,尼崎,一般,４　４１３３３　２３３３,2026-08-11,2026-08-16,07,蒲郡,一般,４　４３４１１　１６１５,2026-07-31,2026-08-05,06,浜名湖,ＧⅢ,１４４２５　３５１　３３,2026-07-20,2026-07-25,15,丸亀,一般,３３２１２　３３１３[５],2026-07-10,2026-07-14,09,津,一般,５２２４２　２２３５,5047,國分 将太郎,2026-08-25,2026-08-30,09,津,一般,１２１　５３６　１３[４],2026-08-11,2026-08-16,04,平和島,一般,６　２２２１４　３３５２,2026-07-23,2026-07-28,03,江戸川,ＧⅢ,２　６４３　２１１１６４,2026-07-14,2026-07-19,21,芦屋,一般,５３５　２１１　３５３１,2026-06-30,2026-07-05,06,浜名湖,一般,４６３　４３１　５５４,4828,松山 将吾,2026-08-27,2026-08-31,04,平和島,一般,１３２２２１５１[２],2026-08-14,2026-08-19,10,三国,一般,２２５　４３４３２１[３],2026-08-04,2026-08-09,12,住之江,一般,５　３２４　４５５１４４,2026-07-22,2026-07-26,13,尼崎,一般,１６F４２　５　４,2026-07-10,2026-07-14,09,津,一般,１６１　１１５１[１]
202609111605,2026-09-11,16,05R,4436,渋谷 明憲,2026-08-28,2026-08-31,23,からつ,一般,１６１２３２[６],2026-08-13,2026-08-18,12,住之江,一般,２２２　１４６　５３１３,2026-08-03,2026-08-08,17,宮島,一般,５２２　４６２４６　５２,2026-07-23,2026-07-28,21,芦屋,一般,３２５　２１３１３２[５],2026-06-18,2026-06-21,20,若松,一般,２１３　３１[１],4072,森永 淳,2026-08-09,2026-08-14,23,からつ,一般,１２１　３１１２１２[４],2026-08-02,2026-08-05,21,芦屋,一般,１１３４１１[２],2026-07-21,2026-07-26,23,からつ,一般,１１１　１３２１２５１２,2026-06-27,2026-07-01,02,戸田,一般,１４２１３３５２[２],2026-06-17,2026-06-22,17,宮島,ＧⅢ,３４３３１１１　１４１１,5286,坂井 滉哉,2026-08-22,2026-08-26,20,若松,一般,５　１１１５３４６６,2026-08-10,2026-08-15,21,芦屋,一般,５６６　２５１　３　６３,2026-07-30,2026-08-04,08,常滑,一般,６　４６４　３２６　２３,2026-07-18,2026-07-22,10,三国,一般,４　１２５３３５６４,2026-07-04,2026-07-09,18,徳山,一般,５　６２１　２６５４２６,4030,森高 一真,2026-08-25,2026-08-30,01,桐生,ＳＧ,４　５　２４５　３３５,2026-08-17,2026-08-21,15,丸亀,一般,３２３４３１５３４２,2026-08-06,2026-08-09,02,戸田,一般,３４２６２２２４,2026-07-28,2026-08-02,11,びわこ,ＳＧ,５　２　４４３　４４４,2026-07-13,2026-07-18,07,蒲郡,ＧⅡ,３１４　１　５４２１２,4449,中嶋 達也,2026-08-24,2026-08-29,13,尼崎,一般,４　６５５　２５５　５１,2026-08-17,2026-08-20,20,若松,一般,６５６　６　６５,2026-08-08,2026-08-11,05,多摩川,一般,５５４４６　５,2026-07-31,2026-08-04,13,尼崎,一般,４６転,2026-07-23,2026-07-27,01,桐生,一般,３　２４２５,5464,宮田 栞,2026-08-07,2026-08-12,20,若松,一般,５　６５６６６　６　６６,2026-07-14,2026-07-19,21,芦屋,一般,６　６６５　６６６　５,2026-06-25,2026-06-29,18,徳山,一般,６　６　６６６　５６,2026-06-01,2026-06-05,19,下関,一般,６　６６５　６　６５,2026-05-09,2026-05-12,20,若松,一般,６　６５６　５６
202609111606,2026-09-11,16,06R,4067,永井 源,2026-08-22,2026-08-26,20,若松,一般,１　１５１３２４１２,2026-08-11,2026-08-16,07,蒲郡,一般,１　５６５　３５６３３,2026-08-03,2026-08-08,04,平和島,ＧⅢ,５　４６２　１４１２５１,2026-07-23,2026-07-28,03,江戸川,ＧⅢ,４２１　１３１　１　[２],2026-07-14,2026-07-17,24,大村,一般,３　１４２４２１,5326,三嶌 さらら,2026-08-26,2026-08-30,14,鳴門,一般,１　３６２６３　５５,2026-08-17,2026-08-21,15,丸亀,一般,５６６　６　６６１,2026-07-25,2026-07-30,04,平和島,一般,４　２６１５４　５２２６,2026-07-13,2026-07-18,13,尼崎,ＧⅢ,２　１２１　３５５１[５],2026-07-03,2026-07-08,13,尼崎,一般,１　６２５６６　３　４５,5299,西丸 敦基,2026-08-27,2026-09-01,07,蒲郡,一般,２　２４１４５６１６１２,2026-08-17,2026-08-21,15,丸亀,一般,２４２　１２２１[２],2026-07-30,2026-08-04,08,常滑,一般,２　５２６　２４３３１,2026-07-19,2026-07-24,22,福岡,ＧⅢ,１　４　６３１　６　１３,2026-07-10,2026-07-13,19,下関,一般,２３１　２３４１,5124,上瀧 絢也,2026-08-20,2026-08-23,24,大村,一般,６２２　４５５,2026-08-09,2026-08-14,23,からつ,一般,３４４　３４６　６　５４,2026-07-27,2026-08-01,10,三国,一般,４２６　５６２　４　５５,2026-07-09,2026-07-13,14,鳴門,一般,５１１　３５６５２６,2026-06-25,2026-06-29,21,芦屋,一般,６　５３２６３　２６,5074,大澤 誠也,2026-08-22,2026-08-27,22,福岡,一般,４　５６５　６２６　５４,2026-08-10,2026-08-15,08,常滑,一般,５４３　５２４　６３１,2026-07-27,2026-08-01,09,津,一般,４　１,2026-07-10,2026-07-13,19,下関,一般,１　６３４４４,2026-06-28,2026-07-03,20,若松,一般,４　１４５　１３４６６,4350,篠崎 元志,2026-08-25,2026-08-30,01,桐生,ＳＧ,６１４　４　２３１４４,2026-08-12,2026-08-17,22,福岡,一般,１２１１１　１２４１[１],2026-08-04,2026-08-09,12,住之江,一般,１１１４２　４１３１[２],2026-07-27,2026-08-01,10,三国,一般,３１２１２　１１３１[４],2026-07-16,2026-07-21,11,びわこ,一般,１１３　３１１２３１[３]
202609111607,2026-09-11,16,07R,4314,青木 幸太郎,2026-08-24,2026-08-29,13,尼崎,一般,６　５２３４１　６２４２,2026-08-03,2026-08-08,04,平和島,ＧⅢ,３　３３５２４２５　２３,2026-07-20,2026-07-25,15,丸亀,一般,１　５３１４２　４４１３,2026-07-10,2026-07-15,22,福岡,一般,３４１２２６２　４５１４,2026-06-25,2026-06-29,21,芦屋,一般,１　３４１２５３５１,4924,中北 涼,2026-08-24,2026-08-29,10,三国,一般,４５４　６　５６３　６,2026-08-12,2026-08-17,24,大村,ＧⅢ,２３３　２３２２４　４,2026-07-28,2026-08-02,15,丸亀,一般,６４５　６６１　５　４６,2026-07-07,2026-07-12,11,びわこ,一般,４３３　５３４　６５２２,2026-06-24,2026-06-29,12,住之江,一般,２３２　１４４　５６３４,4728,山口 亮,2026-08-28,2026-08-31,23,からつ,一般,２４２　１２[５],2026-08-11,2026-08-16,04,平和島,一般,５３２　４３６　１５１,2026-07-31,2026-08-05,05,多摩川,一般,２３４　５　４３６６１,2026-06-25,2026-06-29,18,徳山,一般,４３６　５２４　３４,2026-06-11,2026-06-15,20,若松,一般,６２２　３５５　５６,4343,村岡 賢,2026-08-22,2026-08-27,08,常滑,ＧⅢ,５　４４５　６６５　４４,2026-08-05,2026-08-10,14,鳴門,一般,５６５　５２５　６　４４,2026-07-21,2026-07-26,23,からつ,一般,６２４　５　６４５　２５,2026-07-11,2026-07-14,04,平和島,一般,３５６　４４３,2026-07-04,2026-07-09,01,桐生,一般,４　３６３　４３３　３６,5265,大廣 咲季,2026-08-26,2026-08-30,14,鳴門,一般,６　５４６　５　６４,2026-08-17,2026-08-21,15,丸亀,一般,６３６　６　６５３,2026-08-03,2026-08-08,17,宮島,一般,６６６　４５２　５　３２,2026-07-25,2026-07-30,04,平和島,一般,５６６　２　５５６　１４,2026-07-13,2026-07-18,13,尼崎,ＧⅢ,４　５転５　２４５　３,4441,末永 由楽,2026-08-30,2026-09-03,08,常滑,一般,２　１４５３１４４３,2026-08-20,2026-08-23,23,からつ,一般,１６５２２５３５,2026-08-08,2026-08-13,16,児島,一般,３５１　１６５　１２２５,2026-07-22,2026-07-27,14,鳴門,一般,３５３１２５１　３３２１,2026-07-11,2026-07-14,04,平和島,一般,３１４４４　１５
202609111608,2026-09-11,16,08R,3284,渡邊 伸太郎,2026-08-23,2026-08-27,18,徳山,一般,４　２５２４３６２,2026-08-06,2026-08-10,24,大村,一般,２３５　２３１３３６,2026-07-24,2026-07-27,06,浜名湖,一般,１　３４３２５３,2026-07-09,2026-07-14,15,丸亀,一般,４　１４３５４　１２３５,2026-06-03,2026-06-07,07,蒲郡,一般,６２４　５３４,5358,増本 杏珠,2026-08-24,2026-08-29,10,三国,一般,４　５　２５４　２５３,2026-08-12,2026-08-17,24,大村,ＧⅢ,５３４５４　２　５４５,2026-08-03,2026-08-08,17,宮島,一般,６４４　６　５６６　６６,2026-07-25,2026-07-29,20,若松,一般,５　６６６４４４２,2026-07-15,2026-07-19,17,宮島,一般,５　５４６　５５６５,4797,中山 将,2026-08-27,2026-08-31,04,平和島,一般,４２５　１６４６３３,2026-08-14,2026-08-19,10,三国,一般,６　５６２６１６６　６,2026-08-05,2026-08-10,09,津,一般,１３３F２　３　３　３,2026-07-14,2026-07-17,24,大村,一般,６６１１１F４,2026-06-30,2026-07-04,19,下関,一般,３２１　２３３４５６,4382,高山 智至,2026-08-24,2026-08-29,13,尼崎,一般,４３２　１５３　１４２５,2026-08-15,2026-08-20,11,びわこ,一般,４　５４６　４５３　３６,2026-07-29,2026-08-03,22,福岡,一般,４５３　４６５　２５４３,2026-07-16,2026-07-21,11,びわこ,一般,４４４　３４４５３　４５,2026-06-30,2026-07-05,23,からつ,一般,２５転　４　２妨５　２,5292,佐藤 右京,2026-08-25,2026-08-30,09,津,一般,２　４３１　２２６４５５,2026-08-11,2026-08-16,04,平和島,一般,５　５５落,2026-07-29,2026-08-01,18,徳山,一般,４　６５６　４３,2026-07-15,2026-07-19,08,常滑,一般,３２２６５　２５１,2026-07-02,2026-07-06,21,芦屋,一般,１　１２１４２６１６,4410,井上 大輔,2026-08-26,2026-08-30,14,鳴門,一般,２　５５２２６５２６,2026-08-08,2026-08-13,16,児島,一般,５　２２１４４　１１５５,2026-07-23,2026-07-27,01,桐生,一般,６２２　３４２　６５,2026-07-07,2026-07-12,20,若松,ＧⅢ,３　５４１６４　４６２,2026-06-25,2026-06-29,21,芦屋,一般,４４５　４５５　６６
202609111609,2026-09-11,16,09R,4286,平田 さやか,2026-08-25,2026-08-30,09,津,一般,２４１　２２２　５２[５],2026-08-12,2026-08-17,24,大村,ＧⅢ,３２２　２３４　４５３１,2026-08-03,2026-08-08,17,宮島,一般,２１１　３３３５１５２４,2026-07-25,2026-07-30,04,平和島,一般,３２５　１５転２３２２４,2026-07-10,2026-07-15,06,浜名湖,一般,３　５６５　５２３　１１,4374,永田 義紘,2026-08-22,2026-08-27,08,常滑,ＧⅢ,４４４　５５５　３　転５,2026-08-05,2026-08-10,14,鳴門,一般,F　５　５　３　６　５４,2026-07-23,2026-07-28,03,江戸川,ＧⅢ,５４４　６４１　６２４４,2026-07-11,2026-07-14,04,平和島,一般,６　６５１　２４,2026-06-24,2026-06-29,09,津,一般,４２１５６　５　３６５３,5109,川崎 智稔,2026-08-22,2026-08-27,08,常滑,ＧⅢ,６３３　３２F　５　５,2026-08-08,2026-08-13,16,児島,一般,６　２３６　１５６　２６,2026-07-24,2026-07-27,12,住之江,一般,４　２２５５２５,2026-07-11,2026-07-16,03,江戸川,一般,３　３６１　３４２　３６,2026-06-28,2026-07-03,20,若松,一般,２　５６３　５６３　５,4499,滝川 真由子,2026-08-26,2026-08-30,14,鳴門,一般,２３６　５１２　３６,2026-08-09,2026-08-14,23,からつ,一般,３　４３２２３　３５４５,2026-07-01,2026-07-06,07,蒲郡,一般,４２３　４３３　４３３,2026-06-12,2026-06-17,22,福岡,ＧⅢ,５６２　５２４　３３１,2026-05-24,2026-05-29,24,大村,一般,５３１　１２３　５F３,5338,香月 大輝,2026-08-22,2026-08-26,20,若松,一般,３３２　５５４　３２,2026-08-10,2026-08-15,21,芦屋,一般,３３５　６５６　４４１,2026-07-15,2026-07-21,12,住之江,一般,４　１５３　４１２４４１１転,2026-07-01,2026-07-06,22,福岡,一般,６４３　１４４　６５４,2026-06-21,2026-06-26,16,児島,一般,４　３４３　３２６　６３,4789,古賀 智之,2026-08-25,2026-08-30,17,宮島,一般,１２５３３６４　６　４１,2026-07-23,2026-07-27,01,桐生,一般,３転６転,2026-07-10,2026-07-15,22,福岡,一般,６　１３２５４６５　２５,2026-06-20,2026-06-25,06,浜名湖,一般,４４１　５３５　２２１２,2026-06-11,2026-06-15,20,若松,一般,５　５１３６２　６３
202609111610,2026-09-11,16,10R,4828,松山 将吾,2026-08-27,2026-08-31,04,平和島,一般,１３２２２１５１[２],2026-08-14,2026-08-19,10,三国,一般,２２５　４３４３２１[３],2026-08-04,2026-08-09,12,住之江,一般,５　３２４　４５５１４４,2026-07-22,2026-07-26,13,尼崎,一般,１６F４２　５　４,2026-07-10,2026-07-14,09,津,一般,１６１　１１５１[１],4364,池永 太,2026-08-29,2026-09-03,19,下関,一般,３６５欠,2026-08-20,2026-08-25,21,芦屋,一般,１１１４１４５　１３４１,2026-08-07,2026-08-12,20,若松,一般,２４３　２２２２２４１２,2026-07-27,2026-08-01,09,津,一般,１５６,2026-07-07,2026-07-12,02,戸田,ＧⅡ,５２１　１　２３４　３６,4436,渋谷 明憲,2026-08-28,2026-08-31,23,からつ,一般,１６１２３２[６],2026-08-13,2026-08-18,12,住之江,一般,２２２　１４６　５３１３,2026-08-03,2026-08-08,17,宮島,一般,５２２　４６２４６　５２,2026-07-23,2026-07-28,21,芦屋,一般,３２５　２１３１３２[５],2026-06-18,2026-06-21,20,若松,一般,２１３　３１[１],4754,松尾 充,2026-08-26,2026-08-31,11,びわこ,一般,２５３１１　２４３３２１,2026-08-15,2026-08-20,09,津,一般,３２１　４１３１４２[４],2026-07-31,2026-08-05,05,多摩川,一般,１　２６５１２６１　２２,2026-07-15,2026-07-20,18,徳山,一般,１３３３１６２　１４５３,2026-07-03,2026-07-06,09,津,一般,３１３２３　[４],4788,小池 哲也,2026-08-27,2026-09-01,07,蒲郡,一般,５　３１２　４４３１５６,2026-08-13,2026-08-18,12,住之江,一般,３　２６５　４３３　３２,2026-08-02,2026-08-05,21,芦屋,一般,５３５２４　４３,2026-07-20,2026-07-25,15,丸亀,一般,不　１１３２３　２２[６],2026-07-11,2026-07-14,04,平和島,一般,１１３　１５３１,4067,永井 源,2026-08-22,2026-08-26,20,若松,一般,１　１５１３２４１２,2026-08-11,2026-08-16,07,蒲郡,一般,１　５６５　３５６３３,2026-08-03,2026-08-08,04,平和島,ＧⅢ,５　４６２　１４１２５１,2026-07-23,2026-07-28,03,江戸川,ＧⅢ,４２１　１３１　１　[２],2026-07-14,2026-07-17,24,大村,一般,３　１４２４２１
202609111611,2026-09-11,16,11R,4350,篠崎 元志,2026-08-25,2026-08-30,01,桐生,ＳＧ,６１４　４　２３１４４,2026-08-12,2026-08-17,22,福岡,一般,１２１１１　１２４１[１],2026-08-04,2026-08-09,12,住之江,一般,１１１４２　４１３１[２],2026-07-27,2026-08-01,10,三国,一般,３１２１２　１１３１[４],2026-07-16,2026-07-21,11,びわこ,一般,１１３　３１１２３１[３],5047,國分 将太郎,2026-08-25,2026-08-30,09,津,一般,１２１　５３６　１３[４],2026-08-11,2026-08-16,04,平和島,一般,６　２２２１４　３３５２,2026-07-23,2026-07-28,03,江戸川,ＧⅢ,２　６４３　２１１１６４,2026-07-14,2026-07-19,21,芦屋,一般,５３５　２１１　３５３１,2026-06-30,2026-07-05,06,浜名湖,一般,４６３　４３１　５５４,4460,後藤 翔之,2026-08-25,2026-08-30,17,宮島,一般,４　転４５５４２２　３４,2026-08-11,2026-08-16,04,平和島,一般,２２１１２３１　２１[１],2026-07-31,2026-08-04,13,尼崎,一般,２４２４３　１６３６,2026-07-21,2026-07-26,23,からつ,一般,４　２３３４３６３３４,2026-07-11,2026-07-16,03,江戸川,一般,２２２１４　１２３２[転],5076,石原 光,2026-08-21,2026-08-24,07,蒲郡,一般,１３４２１エ３,2026-08-11,2026-08-16,06,浜名湖,一般,４１４　２４２　１６１５,2026-08-03,2026-08-08,04,平和島,ＧⅢ,４　６２５５２　４４２,2026-07-24,2026-07-27,06,浜名湖,一般,５　６３１５４２,2026-07-17,2026-07-22,16,児島,ＧⅢ,４６３　６　４２５　１３,4072,森永 淳,2026-08-09,2026-08-14,23,からつ,一般,１２１　３１１２１２[４],2026-08-02,2026-08-05,21,芦屋,一般,１１３４１１[２],2026-07-21,2026-07-26,23,からつ,一般,１１１　１３２１２５１２,2026-06-27,2026-07-01,02,戸田,一般,１４２１３３５２[２],2026-06-17,2026-06-22,17,宮島,ＧⅢ,３４３３１１１　１４１１,4314,青木 幸太郎,2026-08-24,2026-08-29,13,尼崎,一般,６　５２３４１　６２４２,2026-08-03,2026-08-08,04,平和島,ＧⅢ,３　３３５２４２５　２３,2026-07-20,2026-07-25,15,丸亀,一般,１　５３１４２　４４１３,2026-07-10,2026-07-15,22,福岡,一般,３４１２２６２　４５１４,2026-06-25,2026-06-29,21,芦屋,一般,１　３４１２５３５１
202609111612,2026-09-11,16,12R,4441,末永 由楽,2026-08-30,2026-09-03,08,常滑,一般,２　１４５３１４４３,2026-08-20,2026-08-23,23,からつ,一般,１６５２２５３５,2026-08-08,2026-08-13,16,児島,一般,３５１　１６５　１２２５,2026-07-22,2026-07-27,14,鳴門,一般,３５３１２５１　３３２１,2026-07-11,2026-07-14,04,平和島,一般,３１４４４　１５,3988,古川 誠之,2026-08-24,2026-08-29,13,尼崎,一般,４　４１３３３　２３３３,2026-08-11,2026-08-16,07,蒲郡,一般,４　４３４１１　１６１５,2026-07-31,2026-08-05,06,浜名湖,ＧⅢ,１４４２５　３５１　３３,2026-07-20,2026-07-25,15,丸亀,一般,３３２１２　３３１３[５],2026-07-10,2026-07-14,09,津,一般,５２２４２　２２３５,4030,森高 一真,2026-08-25,2026-08-30,01,桐生,ＳＧ,４　５　２４５　３３５,2026-08-17,2026-08-21,15,丸亀,一般,３２３４３１５３４２,2026-08-06,2026-08-09,02,戸田,一般,３４２６２２２４,2026-07-28,2026-08-02,11,びわこ,ＳＧ,５　２　４４３　４４４,2026-07-13,2026-07-18,07,蒲郡,ＧⅡ,３１４　１　５４２１２,5299,西丸 敦基,2026-08-27,2026-09-01,07,蒲郡,一般,２　２４１４５６１６１２,2026-08-17,2026-08-21,15,丸亀,一般,２４２　１２２１[２],2026-07-30,2026-08-04,08,常滑,一般,２　５２６　２４３３１,2026-07-19,2026-07-24,22,福岡,ＧⅢ,１　４　６３１　６　１３,2026-07-10,2026-07-13,19,下関,一般,２３１　２３４１,4446,和田 兼輔,2026-08-25,2026-08-30,01,桐生,ＳＧ,１　５４５　５　５２１,2026-08-09,2026-08-14,13,尼崎,一般,２５１　５２４２４　２２,2026-07-24,2026-07-29,17,宮島,一般,３３３　１３２１５２[１],2026-07-15,2026-07-20,18,徳山,一般,１３５２１F３　５　３,2026-06-30,2026-07-05,16,児島,ＧⅡ,５４３　４　４１３１４,3284,渡邊 伸太郎,2026-08-23,2026-08-27,18,徳山,一般,４　２５２４３６２,2026-08-06,2026-08-10,24,大村,一般,２３５　２３１３３６,2026-07-24,2026-07-27,06,浜名湖,一般,１　３４３２５３,2026-07-09,2026-07-14,15,丸亀,一般,４　１４３５４　１２３５,2026-06-03,2026-06-07,07,蒲郡,一般,６２４　５３４
202609111701,2026-09-11,17,01R,4637,中田 友也,2026-08-26,2026-08-30,14,鳴門,一般,２４５５４　１　２４,2026-08-12,2026-08-17,02,戸田,一般,１　６　１１１５５　１１,2026-08-03,2026-08-08,19,下関,一般,６　３３４２５　４１５１,2026-05-24,2026-05-28,21,芦屋,一般,３４１　３３１５５３,2026-05-10,2026-05-15,16,児島,一般,４２３５１　１４２６２４,5236,小宮 涼雅,2026-08-28,2026-08-31,23,からつ,一般,２３６　４３４１,2026-08-14,2026-08-19,17,宮島,一般,６３６　６５６　２　３６,2026-07-24,2026-07-27,12,住之江,一般,６　３３２　１５,2026-07-17,2026-07-22,16,児島,ＧⅢ,１４４４５　４　２３２,2026-07-07,2026-07-12,08,常滑,一般,１２２　４３３６１４３４,3662,大庭 元明,2026-08-23,2026-08-27,18,徳山,一般,３１１３２　４６５４,2026-08-12,2026-08-17,22,福岡,一般,６　３４１　２３６６１６,2026-07-31,2026-08-03,20,若松,一般,３６５　２２１３,2026-07-17,2026-07-22,16,児島,ＧⅢ,４２６　５　５３６　２５,2026-06-30,2026-07-05,06,浜名湖,一般,３　４４１５２６１　５５,4969,町田 洸希,2026-08-22,2026-08-27,08,常滑,ＧⅢ,３１３　６６３　５４２４,2026-08-06,2026-08-10,24,大村,一般,４　４５６１６２５４,2026-07-23,2026-07-28,21,芦屋,一般,２　５２４　１６３６３６,2026-07-10,2026-07-15,23,からつ,一般,５３５　５　４１３５５２,2026-06-28,2026-07-01,10,三国,一般,５５５　５　４３,3637,齋藤 和政,2026-08-11,2026-08-16,07,蒲郡,一般,４５４　５　２４５　５５,2026-07-27,2026-08-01,09,津,一般,５　６５,2026-07-15,2026-07-19,08,常滑,一般,１　６４５６４　６２,2026-06-30,2026-07-05,06,浜名湖,一般,４４６　５４６　５,2026-06-17,2026-06-22,17,宮島,ＧⅢ,６　５６２　５６５　６,4158,木場 雄二郎,2026-08-30,2026-09-02,21,芦屋,一般,１　３４１６１４,2026-08-15,2026-08-20,18,徳山,一般,２３３　３６５　５５４,2026-08-04,2026-08-09,12,住之江,一般,１３２　３６５　４３１４,2026-07-22,2026-07-26,08,常滑,一般,４６６６６,2026-07-09,2026-07-13,16,児島,一般,５２６　５４６　５４
202609111702,2026-09-11,17,02R,3497,後藤 浩,2026-08-28,2026-09-02,05,多摩川,ＧⅢ,１４６　５６１　６６６,2026-08-12,2026-08-17,02,戸田,一般,６６４　６６６,2026-07-27,2026-08-01,09,津,一般,６　５５,2026-07-09,2026-07-14,15,丸亀,一般,２　５６５　１６５　５,2026-06-22,2026-06-27,22,福岡,一般,４５４　５６６,3381,滝沢 芳行,2026-08-28,2026-09-02,05,多摩川,ＧⅢ,３　４１２１３　６６３５,2026-08-12,2026-08-17,02,戸田,一般,２３６　３３２　１３２４,2026-07-23,2026-07-27,01,桐生,一般,１６１　３２１３１３,2026-07-11,2026-07-14,04,平和島,一般,４４２　落欠,2026-06-26,2026-07-02,24,大村,一般,４２５　６６６３５　４２５,4832,権藤 俊光,2026-08-28,2026-09-02,05,多摩川,ＧⅢ,５　３３１３１４１２[５],2026-08-13,2026-08-18,12,住之江,一般,６　１３２　２２１２[３],2026-07-28,2026-08-02,11,びわこ,ＳＧ,６　５　１５２　３３６,2026-07-18,2026-07-22,10,三国,一般,１１１３２１３３１１,2026-07-01,2026-07-06,22,福岡,一般,３４１　１２３２２５１２,4839,四宮 与寛,2026-08-27,2026-09-01,07,蒲郡,一般,４　３４２　３１３５２２,2026-08-17,2026-08-21,13,尼崎,一般,１５４　２１２５１４,2026-08-05,2026-08-10,14,鳴門,一般,１　１３２３２５１３２２,2026-07-22,2026-07-26,08,常滑,一般,２４４　５１５３３１,2026-07-09,2026-07-13,16,児島,一般,３４４　妨５６　３３,4023,柴田 友和,2026-08-22,2026-08-27,22,福岡,一般,６　５６４　３５６　６６,2026-08-11,2026-08-16,19,下関,一般,１５５　２６４　２　４４,2026-07-27,2026-08-01,09,津,一般,５６２,2026-07-14,2026-07-19,01,桐生,一般,５２４　４２５　４　３４,2026-06-30,2026-07-05,23,からつ,一般,４　６２６４３６４　６５,3265,今村 暢孝,2026-08-30,2026-09-02,21,芦屋,一般,４６５６５　３２,2026-08-17,2026-08-21,15,丸亀,一般,４　４４３１４４４２,2026-07-28,2026-08-02,16,児島,一般,１　２５４２１３２５１妨,2026-07-15,2026-07-19,17,宮島,一般,２　２２１１２２[６],2026-07-02,2026-07-06,21,芦屋,一般,５４６　５１１　３３
202609111703,2026-09-11,17,03R,4231,鈴木 裕隆,2026-08-22,2026-08-27,08,常滑,ＧⅢ,２３１　４２２　５４５４,2026-08-04,2026-08-09,12,住之江,一般,２１２　５４４　４５３２,2026-07-24,2026-07-27,02,戸田,一般,５１５　３６１,2026-07-17,2026-07-22,16,児島,ＧⅢ,５３５　６　１５４１４,2026-07-10,2026-07-13,19,下関,一般,３３２５４４５４,4514,上條 嘉嗣,2026-08-27,2026-09-01,07,蒲郡,一般,１３２２２１１１３２[６],2026-08-13,2026-08-18,12,住之江,一般,２　４１５　３５１　２３,2026-08-04,2026-08-09,10,三国,一般,４１１３２　３３４３６,2026-07-27,2026-08-01,09,津,一般,２　１,2026-07-12,2026-07-16,05,多摩川,一般,２２５３３２１４５６,3920,正木 聖賢,2026-08-23,2026-08-27,18,徳山,一般,４　６５６　６６６４,2026-05-26,2026-05-31,15,丸亀,ＧⅢ,２　６６２５５転,2026-05-11,2026-05-15,08,常滑,一般,５５５１４　４　４１,2026-04-30,2026-05-05,17,宮島,一般,３　４４１１５４４６４３,2026-04-20,2026-04-24,18,徳山,一般,２　６５１５４　２４,3748,小黒 竜吾,2026-08-27,2026-09-01,07,蒲郡,一般,２　１５４５６　４４４,2026-07-19,2026-07-23,05,多摩川,一般,６６６４４　４　３,2026-07-04,2026-07-09,01,桐生,一般,１４４　５６２　６５３,2026-06-17,2026-06-22,13,尼崎,一般,４　４５３　３４３５６F,2026-05-29,2026-06-04,09,津,ＧⅢ,４４５　５　３５６　３３,4593,小坂 宗司,2026-08-27,2026-08-31,04,平和島,一般,４６４　３５６　３２,2026-08-15,2026-08-20,18,徳山,一般,４　１２４３２１３３３１,2026-07-29,2026-08-03,23,からつ,一般,１４２　１２４５３２[４],2026-07-16,2026-07-21,11,びわこ,一般,５２６２１　３３１２[４],2026-07-05,2026-07-09,05,多摩川,一般,４２４２４　１１[２],4428,有賀 達也,2026-08-27,2026-08-31,04,平和島,一般,１　３３１２３３[４],2026-08-12,2026-08-17,02,戸田,一般,５４２　１２４　２　[５],2026-08-02,2026-08-05,21,芦屋,一般,３４５２４　２６,2026-07-22,2026-07-27,14,鳴門,一般,４４３　３５４４３　２２,2026-07-12,2026-07-16,05,多摩川,一般,３１４３２　１５２３
202609111704,2026-09-11,17,04R,4650,中山 雄太,2026-09-03,2026-09-06,02,戸田,一般,５　４６６　５,2026-08-22,2026-08-27,22,福岡,一般,５６６　５　１４４６６３,2026-08-14,2026-08-19,10,三国,一般,４　４６２　５５５６４,2025-12-22,2025-12-25,16,児島,一般,２４１４３落,2025-12-10,2025-12-14,05,多摩川,一般,３４３１１１２１[３],4574,東 潤樹,2026-08-28,2026-08-31,23,からつ,一般,５　５５６,2026-08-21,2026-08-24,07,蒲郡,一般,２　３４１５４４,2026-08-14,2026-08-19,17,宮島,一般,２　２４４４４６３　４２,2026-08-04,2026-08-09,10,三国,一般,４６４　２３,2026-07-24,2026-07-27,12,住之江,一般,４２１５６２[６],4570,前田 聖文,2026-08-24,2026-08-28,15,丸亀,一般,３３２３５６３２１,2026-08-10,2026-08-15,08,常滑,一般,４　５６１４３５,2026-08-02,2026-08-05,21,芦屋,一般,１２２３１５５３,2026-07-22,2026-07-26,13,尼崎,一般,２５３６３１４　３４,2026-07-09,2026-07-13,14,鳴門,一般,３２４３１２３３５１,5384,八戸 琉楓,2026-08-20,2026-08-25,21,芦屋,一般,５６６　５落４　６　６５,2026-08-06,2026-08-10,24,大村,一般,５　６４５６４　６５,2026-07-22,2026-07-25,24,大村,一般,５　６６５　５６,2026-07-10,2026-07-13,19,下関,一般,６　６６５　５５,2026-06-22,2026-06-27,23,からつ,一般,５　６６４６４　６６６６,3333,丸尾 義孝,2026-08-27,2026-08-31,04,平和島,一般,３２２１１６６５４２,2026-08-17,2026-08-20,20,若松,一般,６３１２１　１４,2026-08-05,2026-08-10,14,鳴門,一般,１　６１２２３１３２[２],2026-07-22,2026-07-26,13,尼崎,一般,５２４４３　３　転１,2026-07-09,2026-07-13,14,鳴門,一般,２５１３３４２４３２,4461,安田 吉宏,2026-08-25,2026-08-30,09,津,一般,６５５　５　４２６　６,2026-08-11,2026-08-16,07,蒲郡,一般,４６２　３　２２１５５４,2026-07-27,2026-08-01,10,三国,一般,３２６　３１５　３２６,2026-07-18,2026-07-21,20,若松,一般,２５４　４５１３,2026-07-10,2026-07-14,09,津,一般,　　　　　　　　３５
202609111705,2026-09-11,17,05R,3684,清水 攻二,2026-08-24,2026-08-28,15,丸亀,一般,５　妨２４４６　２２,2026-07-24,2026-07-27,06,浜名湖,一般,２　４３３６３３,2026-07-17,2026-07-20,02,戸田,一般,２３,2026-07-07,2026-07-12,08,常滑,一般,４１４　２１３３２６３６,2026-06-25,2026-06-29,18,徳山,一般,１５５４２１３６１３,5041,荒牧 凪沙,2026-08-22,2026-08-27,22,福岡,一般,４６６　６　６５１　２５,2026-08-11,2026-08-16,19,下関,一般,５１３　３　２６１４１１,2026-06-30,2026-07-05,06,浜名湖,一般,３１１　３３４２６２[６],2026-06-21,2026-06-25,08,常滑,一般,１４３　２５６６１５,2026-06-05,2026-06-10,01,桐生,一般,１３F　２５５　４　４,4302,西野 翔太,2026-08-23,2026-08-27,18,徳山,一般,１３３２転１２６,2026-08-14,2026-08-19,17,宮島,一般,５２１　１６３２妨４２,2026-07-31,2026-08-04,13,尼崎,一般,２５５３１２４２[６],2026-07-20,2026-07-25,15,丸亀,一般,１　５５１６４４２４１,2026-07-09,2026-07-13,16,児島,一般,１４１２１１３１[２],5035,櫻井 優,2026-08-29,2026-09-03,19,下関,一般,４６５　３　３１６２４１,2026-08-12,2026-08-17,02,戸田,一般,６　５　２４２４１１３３,2026-07-29,2026-08-03,23,からつ,一般,１１１　３６３　６６４５,2026-07-18,2026-07-23,09,津,ＧⅢ,２　６５２　３６３１１４,2026-07-09,2026-07-14,15,丸亀,一般,２１１４３　２４２６２４,5249,三木 晴斗,2026-08-21,2026-08-26,03,江戸川,一般,５３３　１２６６１　５２,2026-08-05,2026-08-10,14,鳴門,一般,５　２６４３２　６６２,2026-07-22,2026-07-27,14,鳴門,一般,　　　　　　　　　　５２,2026-07-17,2026-07-22,16,児島,ＧⅢ,６５２　３２４　１　３３,2026-07-09,2026-07-13,14,鳴門,一般,３２３６１　３３１１,3868,尾形 栄治,2026-08-26,2026-08-30,14,鳴門,一般,４５６　６　４３３,2026-08-15,2026-08-20,05,多摩川,一般,４６６　３　２５４　５１,2026-08-04,2026-08-09,10,三国,一般,５　６欠,2026-07-19,2026-07-23,05,多摩川,一般,３　２６５４３　１５,2026-07-04,2026-07-09,18,徳山,一般,４　４１３５３４２　２５
202609111706,2026-09-11,17,06R,3503,堂原 洋史,2026-08-30,2026-09-02,21,芦屋,一般,２６５６２　２５,2026-08-20,2026-08-23,02,戸田,一般,３５４　４６５５,2026-08-12,2026-08-17,02,戸田,一般,４　５３６６２　２４５２,2026-07-24,2026-07-27,06,浜名湖,一般,４４５　２２転５,2026-07-07,2026-07-12,10,三国,ＧⅢ,２５３　５６６　６　６２,3556,田中 信一郎,2026-08-28,2026-09-02,05,多摩川,ＧⅢ,３１６６５　２１４６３２,2026-08-14,2026-08-19,10,三国,一般,２１２　４２２３３２[６],2026-07-24,2026-07-27,06,浜名湖,一般,６１２　１５１６,2026-07-14,2026-07-19,21,芦屋,一般,４１２２１３１　１１[４],2026-07-01,2026-07-06,22,福岡,一般,２１３１１　１２３１[１],3637,齋藤 和政,2026-08-11,2026-08-16,07,蒲郡,一般,４５４　５　２４５　５５,2026-07-27,2026-08-01,09,津,一般,５　６５,2026-07-15,2026-07-19,08,常滑,一般,１　６４５６４　６２,2026-06-30,2026-07-05,06,浜名湖,一般,４４６　５４６　５,2026-06-17,2026-06-22,17,宮島,ＧⅢ,６　５６２　５６５　６,4808,松尾 拓,2026-08-28,2026-09-02,05,多摩川,ＧⅢ,４３１　１４４４２４２４,2026-08-15,2026-08-20,09,津,一般,４　５４３　３１３１３,2026-07-31,2026-08-04,13,尼崎,一般,３　３２３１２６２３,2026-07-22,2026-07-25,24,大村,一般,２　２４１２[３],2026-07-10,2026-07-15,23,からつ,一般,１１５　１５４２１２[４],4952,吉武 真也,2026-08-20,2026-08-23,23,からつ,一般,５　４２３５６転,2026-08-05,2026-08-10,09,津,一般,６５６　５３６　５　６,2026-07-23,2026-07-27,01,桐生,一般,３　５エ５　１６６４,2026-07-10,2026-07-15,22,福岡,一般,４６１　５４６　５転４,2026-06-24,2026-06-29,03,江戸川,一般,２　２３４　５６１　２５,4134,杉山 貴博,2026-08-24,2026-08-28,15,丸亀,一般,５　３４５２２　５２,2026-08-15,2026-08-20,05,多摩川,一般,２　５４６２２　４１６１,2026-08-04,2026-08-09,10,三国,一般,３２１２５　１５１　２,2026-07-27,2026-07-31,19,下関,一般,２１６　２　２３２１,2026-07-10,2026-07-15,06,浜名湖,一般,２６３　３３１　１４１４
202609111707,2026-09-11,17,07R,4241,大串 重幸,2026-08-27,2026-08-31,04,平和島,一般,２３１３２　３２[６],2026-08-17,2026-08-20,20,若松,一般,５３２　２５３１,2026-08-06,2026-08-10,24,大村,一般,４５２　４６４１２１,2026-07-23,2026-07-27,01,桐生,一般,４１２４６５２　１,2026-07-11,2026-07-16,03,江戸川,一般,６５３,4023,柴田 友和,2026-08-22,2026-08-27,22,福岡,一般,６　５６４　３５６　６６,2026-08-11,2026-08-16,19,下関,一般,１５５　２６４　２　４４,2026-07-27,2026-08-01,09,津,一般,５６２,2026-07-14,2026-07-19,01,桐生,一般,５２４　４２５　４　３４,2026-06-30,2026-07-05,23,からつ,一般,４　６２６４３６４　６５,4406,幸野 史明,2026-08-23,2026-08-27,18,徳山,一般,３　４４１１４４５４,2026-08-11,2026-08-16,19,下関,一般,４　１４６　１５４５５,2026-07-29,2026-08-03,22,福岡,一般,３　５４１　３６６４６６,2026-07-18,2026-07-21,04,平和島,一般,３　５１５４６４,2026-07-04,2026-07-09,01,桐生,一般,１１６　３５２４３２[６],4601,森野 正弘,2026-08-28,2026-08-31,23,からつ,一般,２３１３２４１３,2026-08-15,2026-08-20,18,徳山,一般,１２４　１４３１１１[２],2026-08-03,2026-08-08,19,下関,一般,１３２　３１１３４１[２],2026-07-23,2026-07-27,01,桐生,一般,４３５１１２１２[２],2026-07-07,2026-07-12,20,若松,ＧⅢ,１　５３５５２５５　６５,5450,藤本 遼磨,2026-08-13,2026-08-18,12,住之江,一般,５　６　６６６　６６４,2026-07-31,2026-08-04,13,尼崎,一般,１　５　５６３５３６,2026-07-03,2026-07-08,12,住之江,一般,５　妨　５４５５５　５,2026-06-21,2026-06-26,16,児島,一般,５　６６５　６５４　４６,2026-05-29,2026-06-02,14,鳴門,一般,５５６　５　４６６,5236,小宮 涼雅,2026-08-28,2026-08-31,23,からつ,一般,２３６　４３４１,2026-08-14,2026-08-19,17,宮島,一般,６３６　６５６　２　３６,2026-07-24,2026-07-27,12,住之江,一般,６　３３２　１５,2026-07-17,2026-07-22,16,児島,ＧⅢ,１４４４５　４　２３２,2026-07-07,2026-07-12,08,常滑,一般,１２２　４３３６１４３４
202609111708,2026-09-11,17,08R,4201,佐竹 友樹,2026-08-27,2026-09-01,07,蒲郡,一般,２３５　３１３　２５５４,2026-08-20,2026-08-23,02,戸田,一般,４　５４２２２５,2026-08-12,2026-08-17,02,戸田,一般,４　３４５　４４５４３６,2026-07-29,2026-08-03,23,からつ,一般,３　３４６３５　２　２５,2026-07-18,2026-07-21,04,平和島,一般,１６５　６６６６,4969,町田 洸希,2026-08-22,2026-08-27,08,常滑,ＧⅢ,３１３　６６３　５４２４,2026-08-06,2026-08-10,24,大村,一般,４　４５６１６２５４,2026-07-23,2026-07-28,21,芦屋,一般,２　５２４　１６３６３６,2026-07-10,2026-07-15,23,からつ,一般,５３５　５　４１３５５２,2026-06-28,2026-07-01,10,三国,一般,５５５　５　４３,3497,後藤 浩,2026-08-28,2026-09-02,05,多摩川,ＧⅢ,１４６　５６１　６６６,2026-08-12,2026-08-17,02,戸田,一般,６６４　６６６,2026-07-27,2026-08-01,09,津,一般,６　５５,2026-07-09,2026-07-14,15,丸亀,一般,２　５６５　１６５　５,2026-06-22,2026-06-27,22,福岡,一般,４５４　５６６,5036,福田 翔吾,2026-08-28,2026-09-02,05,多摩川,ＧⅢ,１　６３３２４　１２２６,2026-08-20,2026-08-23,23,からつ,一般,３２３　３５３３,2026-08-13,2026-08-18,12,住之江,一般,６　２３２３１　１５１１,2026-08-06,2026-08-09,02,戸田,一般,２２２　６１３２,2026-07-23,2026-07-28,03,江戸川,ＧⅢ,２３５　３６３　５３５転,5452,上馬場 風依,2026-07-29,2026-08-03,22,福岡,一般,６　６６６　６６６６６４,2026-07-20,2026-07-25,15,丸亀,一般,６　６６６　６６６　６６,2026-06-26,2026-07-01,17,宮島,一般,６　４５F６６　６　６,2026-06-05,2026-06-10,18,徳山,一般,６　６　６６６　６　６５,2026-05-16,2026-05-21,17,宮島,一般,６　６６６　６６６　６６,3920,正木 聖賢,2026-08-23,2026-08-27,18,徳山,一般,４　６５６　６６６４,2026-05-26,2026-05-31,15,丸亀,ＧⅢ,２　６６２５５転,2026-05-11,2026-05-15,08,常滑,一般,５５５１４　４　４１,2026-04-30,2026-05-05,17,宮島,一般,３　４４１１５４４６４３,2026-04-20,2026-04-24,18,徳山,一般,２　６５１５４　２４
202609111709,2026-09-11,17,09R,4593,小坂 宗司,2026-08-27,2026-08-31,04,平和島,一般,４６４　３５６　３２,2026-08-15,2026-08-20,18,徳山,一般,４　１２４３２１３３３１,2026-07-29,2026-08-03,23,からつ,一般,１４２　１２４５３２[４],2026-07-16,2026-07-21,11,びわこ,一般,５２６２１　３３１２[４],2026-07-05,2026-07-09,05,多摩川,一般,４２４２４　１１[２],4158,木場 雄二郎,2026-08-30,2026-09-02,21,芦屋,一般,１　３４１６１４,2026-08-15,2026-08-20,18,徳山,一般,２３３　３６５　５５４,2026-08-04,2026-08-09,12,住之江,一般,１３２　３６５　４３１４,2026-07-22,2026-07-26,08,常滑,一般,４６６６６,2026-07-09,2026-07-13,16,児島,一般,５２６　５４６　５４,3333,丸尾 義孝,2026-08-27,2026-08-31,04,平和島,一般,３２２１１６６５４２,2026-08-17,2026-08-20,20,若松,一般,６３１２１　１４,2026-08-05,2026-08-10,14,鳴門,一般,１　６１２２３１３２[２],2026-07-22,2026-07-26,13,尼崎,一般,５２４４３　３　転１,2026-07-09,2026-07-13,14,鳴門,一般,２５１３３４２４３２,4732,堀本 和也,2026-08-25,2026-08-30,09,津,一般,３２１　２　１１２２[１],2026-08-17,2026-08-20,20,若松,一般,２４３１２３４６,2026-08-05,2026-08-10,14,鳴門,一般,３２２　４１３５１４２１,2026-07-22,2026-07-26,13,尼崎,一般,２２３１３　１４１２,2026-07-11,2026-07-14,04,平和島,一般,５　３１５４１１,3381,滝沢 芳行,2026-08-28,2026-09-02,05,多摩川,ＧⅢ,３　４１２１３　６６３５,2026-08-12,2026-08-17,02,戸田,一般,２３６　３３２　１３２４,2026-07-23,2026-07-27,01,桐生,一般,１６１　３２１３１３,2026-07-11,2026-07-14,04,平和島,一般,４４２　落欠,2026-06-26,2026-07-02,24,大村,一般,４２５　６６６３５　４２５,4332,村上 彰一,2026-08-21,2026-08-26,06,浜名湖,一般,６５３　４４３　３　１５,2026-07-17,2026-07-20,02,戸田,一般,３５５　３６６,2026-07-04,2026-07-09,01,桐生,一般,５４５　１３５　６　６５,2026-06-25,2026-06-30,13,尼崎,一般,４　１３４６５　５３５２,2026-06-16,2026-06-21,09,津,一般,６４１　３４４　４２F
202609111710,2026-09-11,17,10R,3748,小黒 竜吾,2026-08-27,2026-09-01,07,蒲郡,一般,２　１５４５６　４４４,2026-07-19,2026-07-23,05,多摩川,一般,６６６４４　４　３,2026-07-04,2026-07-09,01,桐生,一般,１４４　５６２　６５３,2026-06-17,2026-06-22,13,尼崎,一般,４　４５３　３４３５６F,2026-05-29,2026-06-04,09,津,ＧⅢ,４４５　５　３５６　３３,4832,権藤 俊光,2026-08-28,2026-09-02,05,多摩川,ＧⅢ,５　３３１３１４１２[５],2026-08-13,2026-08-18,12,住之江,一般,６　１３２　２２１２[３],2026-07-28,2026-08-02,11,びわこ,ＳＧ,６　５　１５２　３３６,2026-07-18,2026-07-22,10,三国,一般,１１１３２１３３１１,2026-07-01,2026-07-06,22,福岡,一般,３４１　１２３２２５１２,5311,小林 京平,2026-08-29,2026-09-03,19,下関,一般,３３１１５　３５１５４６,2026-08-23,2026-08-27,18,徳山,一般,　　　　　　　　１２,2026-08-15,2026-08-20,18,徳山,一般,４　５６４３１　４１２,2026-07-23,2026-07-28,03,江戸川,ＧⅢ,４　２３１　６５６１５４,2026-07-14,2026-07-17,24,大村,一般,１　４３１１[１],3868,尾形 栄治,2026-08-26,2026-08-30,14,鳴門,一般,４５６　６　４３３,2026-08-15,2026-08-20,05,多摩川,一般,４６６　３　２５４　５１,2026-08-04,2026-08-09,10,三国,一般,５　６欠,2026-07-19,2026-07-23,05,多摩川,一般,３　２６５４３　１５,2026-07-04,2026-07-09,18,徳山,一般,４　４１３５３４２　２５,4574,東 潤樹,2026-08-28,2026-08-31,23,からつ,一般,５　５５６,2026-08-21,2026-08-24,07,蒲郡,一般,２　３４１５４４,2026-08-14,2026-08-19,17,宮島,一般,２　２４４４４６３　４２,2026-08-04,2026-08-09,10,三国,一般,４６４　２３,2026-07-24,2026-07-27,12,住之江,一般,４２１５６２[６],3662,大庭 元明,2026-08-23,2026-08-27,18,徳山,一般,３１１３２　４６５４,2026-08-12,2026-08-17,22,福岡,一般,６　３４１　２３６６１６,2026-07-31,2026-08-03,20,若松,一般,３６５　２２１３,2026-07-17,2026-07-22,16,児島,ＧⅢ,４２６　５　５３６　２５,2026-06-30,2026-07-05,06,浜名湖,一般,３　４４１５２６１　５５
202609111711,2026-09-11,17,11R,4302,西野 翔太,2026-08-23,2026-08-27,18,徳山,一般,１３３２転１２６,2026-08-14,2026-08-19,17,宮島,一般,５２１　１６３２妨４２,2026-07-31,2026-08-04,13,尼崎,一般,２５５３１２４２[６],2026-07-20,2026-07-25,15,丸亀,一般,１　５５１６４４２４１,2026-07-09,2026-07-13,16,児島,一般,１４１２１１３１[２],4839,四宮 与寛,2026-08-27,2026-09-01,07,蒲郡,一般,４　３４２　３１３５２２,2026-08-17,2026-08-21,13,尼崎,一般,１５４　２１２５１４,2026-08-05,2026-08-10,14,鳴門,一般,１　１３２３２５１３２２,2026-07-22,2026-07-26,08,常滑,一般,２４４　５１５３３１,2026-07-09,2026-07-13,16,児島,一般,３４４　妨５６　３３,4514,上條 嘉嗣,2026-08-27,2026-09-01,07,蒲郡,一般,１３２２２１１１３２[６],2026-08-13,2026-08-18,12,住之江,一般,２　４１５　３５１　２３,2026-08-04,2026-08-09,10,三国,一般,４１１３２　３３４３６,2026-07-27,2026-08-01,09,津,一般,２　１,2026-07-12,2026-07-16,05,多摩川,一般,２２５３３２１４５６,4650,中山 雄太,2026-09-03,2026-09-06,02,戸田,一般,５　４６６　５,2026-08-22,2026-08-27,22,福岡,一般,５６６　５　１４４６６３,2026-08-14,2026-08-19,10,三国,一般,４　４６２　５５５６４,2025-12-22,2025-12-25,16,児島,一般,２４１４３落,2025-12-10,2025-12-14,05,多摩川,一般,３４３１１１２１[３],4637,中田 友也,2026-08-26,2026-08-30,14,鳴門,一般,２４５５４　１　２４,2026-08-12,2026-08-17,02,戸田,一般,１　６　１１１５５　１１,2026-08-03,2026-08-08,19,下関,一般,６　３３４２５　４１５１,2026-05-24,2026-05-28,21,芦屋,一般,３４１　３３１５５３,2026-05-10,2026-05-15,16,児島,一般,４２３５１　１４２６２４,4808,松尾 拓,2026-08-28,2026-09-02,05,多摩川,ＧⅢ,４３１　１４４４２４２４,2026-08-15,2026-08-20,09,津,一般,４　５４３　３１３１３,2026-07-31,2026-08-04,13,尼崎,一般,３　３２３１２６２３,2026-07-22,2026-07-25,24,大村,一般,２　２４１２[３],2026-07-10,2026-07-15,23,からつ,一般,１１５　１５４２１２[４]
202609111712,2026-09-11,17,12R,4601,森野 正弘,2026-08-28,2026-08-31,23,からつ,一般,２３１３２４１３,2026-08-15,2026-08-20,18,徳山,一般,１２４　１４３１１１[２],2026-08-03,2026-08-08,19,下関,一般,１３２　３１１３４１[２],2026-07-23,2026-07-27,01,桐生,一般,４３５１１２１２[２],2026-07-07,2026-07-12,20,若松,ＧⅢ,１　５３５５２５５　６５,4428,有賀 達也,2026-08-27,2026-08-31,04,平和島,一般,１　３３１２３３[４],2026-08-12,2026-08-17,02,戸田,一般,５４２　１２４　２　[５],2026-08-02,2026-08-05,21,芦屋,一般,３４５２４　２６,2026-07-22,2026-07-27,14,鳴門,一般,４４３　３５４４３　２２,2026-07-12,2026-07-16,05,多摩川,一般,３１４３２　１５２３,3265,今村 暢孝,2026-08-30,2026-09-02,21,芦屋,一般,４６５６５　３２,2026-08-17,2026-08-21,15,丸亀,一般,４　４４３１４４４２,2026-07-28,2026-08-02,16,児島,一般,１　２５４２１３２５１妨,2026-07-15,2026-07-19,17,宮島,一般,２　２２１１２２[６],2026-07-02,2026-07-06,21,芦屋,一般,５４６　５１１　３３,3556,田中 信一郎,2026-08-28,2026-09-02,05,多摩川,ＧⅢ,３１６６５　２１４６３２,2026-08-14,2026-08-19,10,三国,一般,２１２　４２２３３２[６],2026-07-24,2026-07-27,06,浜名湖,一般,６１２　１５１６,2026-07-14,2026-07-19,21,芦屋,一般,４１２２１３１　１１[４],2026-07-01,2026-07-06,22,福岡,一般,２１３１１　１２３１[１],3684,清水 攻二,2026-08-24,2026-08-28,15,丸亀,一般,５　妨２４４６　２２,2026-07-24,2026-07-27,06,浜名湖,一般,２　４３３６３３,2026-07-17,2026-07-20,02,戸田,一般,２３,2026-07-07,2026-07-12,08,常滑,一般,４１４　２１３３２６３６,2026-06-25,2026-06-29,18,徳山,一般,１５５４２１３６１３,4570,前田 聖文,2026-08-24,2026-08-28,15,丸亀,一般,３３２３５６３２１,2026-08-10,2026-08-15,08,常滑,一般,４　５６１４３５,2026-08-02,2026-08-05,21,芦屋,一般,１２２３１５５３,2026-07-22,2026-07-26,13,尼崎,一般,２５３６３１４　３４,2026-07-09,2026-07-13,14,鳴門,一般,３２４３１２３３５１
202609112001,2026-09-11,20,01R,4034,西原 明生,2026-08-24,2026-08-28,15,丸亀,一般,２　４６６　６　２６,2026-08-11,2026-08-16,19,下関,一般,３４５　２４２４４　２,2026-07-29,2026-08-01,18,徳山,一般,４５５　２２５,2026-07-14,2026-07-19,21,芦屋,一般,２　４５５６４　５　３１,2026-06-29,2026-07-04,08,常滑,一般,６　４５２　１３４５４,5316,村松 将平,2026-08-22,2026-08-27,22,福岡,一般,３　１１４６４５５　３２,2026-08-11,2026-08-16,07,蒲郡,一般,３６２　５　６６４　２３,2026-07-27,2026-08-01,10,三国,一般,１６１　転２２　４６２４,2026-07-19,2026-07-23,05,多摩川,一般,１４３３６　２４５２,2026-06-11,2026-06-16,16,児島,一般,６　３２１　３３４６６５,4076,杉田 篤光,2026-08-22,2026-08-27,22,福岡,一般,５４３　３４１　４１３５,2026-08-11,2026-08-16,06,浜名湖,一般,２５１　３４３　３１４４,2026-07-31,2026-08-05,05,多摩川,一般,２４３　３２３　２５３６,2026-07-17,2026-07-22,16,児島,ＧⅢ,４４５　４５２　４５６,2026-07-03,2026-07-06,09,津,一般,５４３　２６４１,4873,蒲原 健太,2026-08-31,2026-09-05,18,徳山,一般,４　４４２　２６１　１６,2026-08-24,2026-08-28,15,丸亀,一般,６　３１６　５６５３,2026-08-14,2026-08-19,17,宮島,一般,転　２６５　５６３　１４,2026-07-29,2026-08-03,23,からつ,一般,２１４　２１５　３４２６,2026-07-18,2026-07-21,04,平和島,一般,６　１２２６６３,4274,長畑 友輔,2026-08-30,2026-09-02,21,芦屋,一般,５５４　３　５６,2026-08-15,2026-08-20,05,多摩川,一般,５３２　４　１３５５２６,2026-08-06,2026-08-09,02,戸田,一般,１５２４６　１４,2026-07-15,2026-07-20,18,徳山,一般,１　２５６１４　２６５６,2026-07-05,2026-07-09,05,多摩川,一般,６　１２５３３２１４,5373,諏訪 玲奈,2026-08-25,2026-08-30,17,宮島,一般,５５６　６　６落６　４５,2026-07-27,2026-08-01,10,三国,一般,３４６　３　６６２　４,2026-07-09,2026-07-13,16,児島,一般,４　３４２３６　２５,2026-06-18,2026-06-23,02,戸田,一般,６　４６１　５４４　４４,2026-05-22,2026-05-26,23,からつ,一般,４６６　３　５５３４
202609112002,2026-09-11,20,02R,4484,稲生 夏季,2026-08-30,2026-09-04,06,浜名湖,ＧⅢ,４　３３２４２　１５３５,2026-08-11,2026-08-16,04,平和島,一般,２６６　５　４５３　４３,2026-07-19,2026-07-24,19,下関,ＧⅢ,３３２　３４１６２５２６,2026-07-09,2026-07-13,14,鳴門,一般,２６４　３１１３３４,2026-06-20,2026-06-25,06,浜名湖,一般,１２６　５６３　３４４,5014,梶山 涼斗,2026-08-03,2026-08-08,17,宮島,一般,６　２４４　４６５２３,2026-07-22,2026-07-26,13,尼崎,一般,６５６　６６６　２,2026-06-30,2026-07-05,23,からつ,一般,１２５　F６５　５　５,2026-06-17,2026-06-20,07,蒲郡,一般,３５２　１１４４,2026-05-30,2026-06-03,12,住之江,一般,転６４　３　２　３６,3539,金子 順一,2026-08-23,2026-08-27,18,徳山,一般,６６５　不　２　４５,2026-08-11,2026-08-16,19,下関,一般,４３５　３６５　３　３３,2026-07-28,2026-08-02,16,児島,一般,１　４４１４１５６５３６,2026-07-14,2026-07-19,21,芦屋,一般,６　４２４　３３６　５２,2026-06-30,2026-07-05,06,浜名湖,一般,３　６２１　５５３６４,4014,片岡 恵里,2026-07-31,2026-08-05,01,桐生,ＧⅢ,１４３　２５４６１３３１,2026-07-19,2026-07-24,19,下関,ＧⅢ,１　１２２２１２４１[５],2026-07-07,2026-07-12,11,びわこ,一般,６　５２１４５１３　１４,2026-06-24,2026-06-29,12,住之江,一般,４　１３４　F５３　５,2026-06-15,2026-06-20,21,芦屋,一般,１４２５１　５６５３３５,4094,中島 真二,2026-08-24,2026-08-28,15,丸亀,一般,６　６３２　１　２３,2026-08-12,2026-08-17,22,福岡,一般,５　４４４　６２６４３,2026-07-24,2026-07-29,17,宮島,一般,５　３３４　３４６２４４,2026-07-15,2026-07-19,08,常滑,一般,３　３６５２４　１６,2026-07-02,2026-07-06,21,芦屋,一般,６６４　５６,3880,浅見 宗孝,2026-08-28,2026-09-02,05,多摩川,ＧⅢ,５６５　５　４６２　６５,2026-08-12,2026-08-17,02,戸田,一般,３６３　４６６　３４３,2026-07-23,2026-07-28,03,江戸川,ＧⅢ,２　４４５　６５４５６,2026-07-11,2026-07-14,04,平和島,一般,６６３　１３３,2026-06-04,2026-06-08,08,常滑,一般,３　３２３４２５１３
202609112003,2026-09-11,20,03R,4891,寺島 美里,2026-08-26,2026-08-30,14,鳴門,一般,４４６　２　２４２３,2026-08-12,2026-08-17,24,大村,ＧⅢ,３　３１４　２１４６１５,2026-07-25,2026-07-30,04,平和島,一般,５１４　２６３　５３４１,2026-07-12,2026-07-16,05,多摩川,一般,５５６　１２４　２３,2026-06-21,2026-06-26,16,児島,一般,２２５　６３４　３５１,4396,大田 直弥,2026-08-30,2026-09-02,21,芦屋,一般,４　５４４４５４,2026-08-15,2026-08-20,18,徳山,一般,５３４　６　６４３　２６,2026-08-03,2026-08-08,17,宮島,一般,６　３５１　６２４４５,2026-07-22,2026-07-26,13,尼崎,一般,３６４　３４６　２,2026-07-10,2026-07-13,19,下関,一般,４４２６２　４３,4373,若狭 奈美子,2026-08-18,2026-08-23,16,児島,一般,５５３２１　３５５４３１,2026-08-06,2026-08-11,18,徳山,ＧⅠ,４１６　６　３６２　５,2026-07-23,2026-07-28,21,芦屋,一般,２　１３４１１２１２[４],2026-06-12,2026-06-17,22,福岡,ＧⅢ,３４３　１５５３２４３３,2026-06-04,2026-06-08,08,常滑,一般,４２１５１２１　１４,4009,小林 一樹,2026-08-27,2026-09-01,07,蒲郡,一般,４３１　２６２　１４１６,2026-08-11,2026-08-16,19,下関,一般,１　２２３　６F４　４,2026-07-29,2026-08-01,18,徳山,一般,６２２　５１３４,2026-07-20,2026-07-25,15,丸亀,一般,２５４　６１３　３４２３,2026-07-04,2026-07-09,01,桐生,一般,２　４６４２１　４５,5382,山下 心一,2026-08-23,2026-08-27,18,徳山,一般,５　６６６６５　５５,2026-08-10,2026-08-15,21,芦屋,一般,６　４６６　６６５　６６,2026-07-29,2026-08-03,22,福岡,一般,　　　　　　　　　　４５,2026-07-24,2026-07-27,06,浜名湖,一般,５　６６５　３６,2026-07-17,2026-07-22,16,児島,ＧⅢ,６　６６３　５５６　６５,3388,今垣 光太郎,2026-08-29,2026-09-03,16,児島,一般,１２２　２１２６４１[３],2026-06-17,2026-06-22,24,大村,ＧⅡ,３　３　６１２　４　１２,2026-06-05,2026-06-10,01,桐生,一般,１６１　３４３１５３３１,2026-05-26,2026-05-31,06,浜名湖,ＳＧ,４　６３５　４　３４１,2026-05-15,2026-05-20,21,芦屋,ＧⅠ,２　５　２６６　５１６
202609112004,2026-09-11,20,04R,3175,渡辺 千草,2026-08-27,2026-08-31,04,平和島,一般,２３２　４５６　２５,2026-08-12,2026-08-17,24,大村,ＧⅢ,５　３４３　３４１　４２,2026-07-31,2026-08-05,01,桐生,ＧⅢ,５３２　２４３　３６２６,2026-07-19,2026-07-24,19,下関,ＧⅢ,５　４２５　３６５　２６,2026-06-29,2026-07-04,08,常滑,一般,４５３　５６４　４　２３,4043,桐本 康臣,2026-08-25,2026-08-30,17,宮島,一般,４　１４２６３５４　２６,2026-08-17,2026-08-21,13,尼崎,一般,２　２３１１４２[６],2026-08-07,2026-08-11,15,丸亀,一般,３１３４２３２３３１,2026-07-24,2026-07-27,02,戸田,一般,２　２３２４３４,2026-07-14,2026-07-19,21,芦屋,一般,１６６　５　１５,4204,柴田 大輔,2026-08-22,2026-08-27,08,常滑,ＧⅢ,５　５５６,2026-08-07,2026-08-12,20,若松,一般,１　５３４３１１３６３５,2026-07-23,2026-07-28,03,江戸川,ＧⅢ,２　５５６　２４５５３１,2026-07-10,2026-07-15,22,福岡,一般,２３４　５６４　６６１,2026-06-29,2026-07-03,11,びわこ,一般,２１１　１４２３３１,3737,上平 真二,2026-08-25,2026-08-30,17,宮島,一般,６５,2026-08-03,2026-08-08,19,下関,一般,２４１１３　１妨,2026-07-23,2026-07-27,01,桐生,一般,２１１２３４３１[３],2026-07-09,2026-07-13,16,児島,一般,３１１３３６１３２２,2026-06-22,2026-06-27,22,福岡,一般,１１３　１２４３１落４,4462,夏山 亮平,2026-08-26,2026-08-30,14,鳴門,一般,５　２２５５５　６３,2026-07-16,2026-07-21,11,びわこ,一般,３１１　５６６６４　２３,2026-07-05,2026-07-09,05,多摩川,一般,２　１２２３５１[３],2026-06-24,2026-06-28,04,平和島,一般,２５３　６４２６,2026-05-26,2026-05-31,15,丸亀,ＧⅢ,６５３　１６６　５６５,4424,松尾 昂明,2026-08-26,2026-08-31,11,びわこ,一般,１６２　１３４４４２[６],2026-08-12,2026-08-17,22,福岡,一般,２４６３３１３　２５４４,2026-07-28,2026-08-02,15,丸亀,一般,３　２２４６４　５１４,2026-07-14,2026-07-19,01,桐生,一般,２５１３３　１　５２[６],2026-06-30,2026-07-05,23,からつ,一般,４　６２１４５５５１３
202609112005,2026-09-11,20,05R,4600,井内 将太郎,2026-08-30,2026-09-02,21,芦屋,一般,５６２６１　２４,2026-07-24,2026-07-29,17,宮島,一般,３１１　２６１１３１[４],2026-06-17,2026-06-22,24,大村,ＧⅡ,１４６　２　F４６　５,2026-06-05,2026-06-10,18,徳山,一般,１３４２５　１２１２[５],2026-05-19,2026-05-23,16,児島,一般,１６６３１２１１[６],3833,中辻 博訓,2026-08-28,2026-08-31,23,からつ,一般,３１２６２５１５,2026-08-03,2026-08-08,04,平和島,ＧⅢ,５５欠,2026-07-24,2026-07-29,17,宮島,一般,２５２４４　１２１４１３,2026-07-14,2026-07-19,21,芦屋,一般,１４４４２　４５１　１２,2026-07-03,2026-07-08,12,住之江,一般,１３１　１２１　４１[５],4273,佐藤 旭,2026-08-30,2026-09-02,21,芦屋,一般,６４２　５３３２,2026-08-15,2026-08-20,09,津,一般,２　４３３　３４４６５６,2026-07-28,2026-08-02,16,児島,一般,３　３４４６３　４２２３,2026-07-15,2026-07-19,08,常滑,一般,３１１２５　４３３１,2026-07-05,2026-07-09,05,多摩川,一般,５３５５６　１　４６,5085,中村 栄治,2026-08-26,2026-08-31,11,びわこ,一般,４３２　４４５６３　４１,2026-08-14,2026-08-19,10,三国,一般,４６５６４５１　２　６４,2026-07-30,2026-08-04,08,常滑,一般,４　１６４　５３２　３６,2026-07-19,2026-07-23,05,多摩川,一般,１　３４４３６５４１,2026-07-09,2026-07-13,16,児島,一般,３４３４６　４１３１,4873,蒲原 健太,2026-08-31,2026-09-05,18,徳山,一般,４　４４２　２６１　１６,2026-08-24,2026-08-28,15,丸亀,一般,６　３１６　５６５３,2026-08-14,2026-08-19,17,宮島,一般,転　２６５　５６３　１４,2026-07-29,2026-08-03,23,からつ,一般,２１４　２１５　３４２６,2026-07-18,2026-07-21,04,平和島,一般,６　１２２６６３,5429,吉川 颯汰,2026-08-20,2026-08-23,23,からつ,一般,６６６　６６６,2026-07-28,2026-08-02,15,丸亀,一般,６６５　６　６５６　６,2026-07-02,2026-07-06,21,芦屋,一般,６　６３６　転　転６,2026-06-22,2026-06-27,22,福岡,一般,６　６６６　６６６６６,2026-05-10,2026-05-14,23,からつ,一般,６５６　６　６６６６
202609112006,2026-09-11,20,06R,4230,濱崎 直矢,2026-08-27,2026-08-31,04,平和島,一般,１　４３３５１１４６,2026-08-12,2026-08-17,02,戸田,一般,２　１６６　１１４　１６,2026-08-03,2026-08-08,17,宮島,一般,１　F６４　６　６　３,2026-07-24,2026-07-27,06,浜名湖,一般,２　１６４３２３,2026-07-14,2026-07-19,01,桐生,一般,転１１　１１２　３２[３],5033,藤原 孝斗,2026-08-22,2026-08-27,08,常滑,ＧⅢ,３　２６１　２６２６２６,2026-08-05,2026-08-10,09,津,一般,２４５　４５１　５４３,2026-07-24,2026-07-27,02,戸田,一般,５１５　４４３,2026-07-14,2026-07-17,24,大村,一般,４４３　４　２５,2026-07-01,2026-07-06,22,福岡,一般,５　５４６　２３２　１２,5263,花田 凱成,2026-08-21,2026-08-26,06,浜名湖,一般,３　４４６５１　３妨,2026-08-09,2026-08-14,23,からつ,一般,５　４４３５２　３５５,2026-07-23,2026-07-28,21,芦屋,一般,４　４６６　４１６６４５,2026-07-10,2026-07-15,22,福岡,一般,６４６　５３３　２４５,2026-06-28,2026-07-01,10,三国,一般,３１５　４６３６,4518,大須賀 友,2026-07-31,2026-08-05,05,多摩川,一般,５１３５２　２３１２[６],2026-07-22,2026-07-25,24,大村,一般,１５２１６１[１],2026-06-30,2026-07-05,23,からつ,一般,F３２　４　１　５　３,2026-06-21,2026-06-26,16,児島,一般,１１２　３１３４６１[３],2026-05-16,2026-05-19,06,浜名湖,一般,１３２５２　１２,4551,三川 昂暁,2026-08-28,2026-08-31,23,からつ,一般,６３４１１５５４,2026-08-20,2026-08-23,02,戸田,一般,１１４　３３F１,2026-08-10,2026-08-15,21,芦屋,一般,６３５４４　２２５　２３,2026-07-23,2026-07-27,01,桐生,一般,３１１１５３４５１２,2026-07-10,2026-07-15,22,福岡,一般,５５６４１　５４３　４１,4085,荻野 裕介,2026-08-28,2026-09-02,05,多摩川,ＧⅢ,５　２４,2026-08-16,2026-08-19,14,鳴門,一般,１　３５１１[３],2026-08-03,2026-08-08,04,平和島,ＧⅢ,２　４　５５５６５　５,2026-07-21,2026-07-26,23,からつ,一般,４５２　２　５５３　２,2026-07-07,2026-07-12,08,常滑,一般,６６２　４　１１４３４１
202609112007,2026-09-11,20,07R,4529,嶋 義信,2026-08-28,2026-08-31,23,からつ,一般,１４１落,2026-08-17,2026-08-21,15,丸亀,一般,６１１６２５４２３,2026-08-04,2026-08-09,10,三国,一般,１２３　１３１１２１[１],2026-07-22,2026-07-26,13,尼崎,一般,５１４３２　２５４４,2026-07-11,2026-07-14,04,平和島,一般,２１５　４３２５,5373,諏訪 玲奈,2026-08-25,2026-08-30,17,宮島,一般,５５６　６　６落６　４５,2026-07-27,2026-08-01,10,三国,一般,３４６　３　６６２　４,2026-07-09,2026-07-13,16,児島,一般,４　３４２３６　２５,2026-06-18,2026-06-23,02,戸田,一般,６　４６１　５４４　４４,2026-05-22,2026-05-26,23,からつ,一般,４６６　３　５５３４,4816,村松 修二,2026-08-27,2026-08-31,04,平和島,一般,１　２４６４２１１３,2026-08-14,2026-08-19,17,宮島,一般,１１２６１５５　４２３,2026-07-28,2026-08-02,16,児島,一般,５３２２１２１　３３３４,2026-07-18,2026-07-22,10,三国,一般,６５１　１１１２[３],2026-07-09,2026-07-13,14,鳴門,一般,１６１　６３,4484,稲生 夏季,2026-08-30,2026-09-04,06,浜名湖,ＧⅢ,４　３３２４２　１５３５,2026-08-11,2026-08-16,04,平和島,一般,２６６　５　４５３　４３,2026-07-19,2026-07-24,19,下関,ＧⅢ,３３２　３４１６２５２６,2026-07-09,2026-07-13,14,鳴門,一般,２６４　３１１３３４,2026-06-20,2026-06-25,06,浜名湖,一般,１２６　５６３　３４４,5219,森口 和紀,2026-08-29,2026-09-03,19,下関,一般,　　　　　　　　４４２,2026-08-22,2026-08-27,22,福岡,一般,２２３　１１４６５１[５],2026-08-10,2026-08-15,21,芦屋,一般,５３１　６　２３５４２１,2026-07-30,2026-08-04,08,常滑,一般,４　１６４　４４３２１,2026-07-17,2026-07-22,16,児島,ＧⅢ,５　エ５２　５３落　２６,4357,田中 和也,2026-08-15,2026-08-20,09,津,一般,１１２３４３５　１３１２,2026-08-08,2026-08-11,05,多摩川,一般,４３１５５１６３,2026-07-31,2026-08-04,13,尼崎,一般,１４４５５２２　４１,2026-07-22,2026-07-25,24,大村,一般,２１転４１１４,2026-07-07,2026-07-12,08,常滑,一般,２６４３２２２１２２[４]
202609112008,2026-09-11,20,08R,3999,大瀧 明日香,2026-08-24,2026-08-29,13,尼崎,一般,３６３　１２４　２６４３,2026-08-10,2026-08-15,08,常滑,一般,１２１２４３２　４２[６],2026-07-03,2026-07-08,12,住之江,一般,２２４　４　１落２３１５,2026-06-21,2026-06-26,16,児島,一般,１５１　６５１５４４２６,2026-06-12,2026-06-17,22,福岡,ＧⅢ,１６２４３　２５１４４,4009,小林 一樹,2026-08-27,2026-09-01,07,蒲郡,一般,４３１　２６２　１４１６,2026-08-11,2026-08-16,19,下関,一般,１　２２３　６F４　４,2026-07-29,2026-08-01,18,徳山,一般,６２２　５１３４,2026-07-20,2026-07-25,15,丸亀,一般,２５４　６１３　３４２３,2026-07-04,2026-07-09,01,桐生,一般,２　４６４２１　４５,4209,藤田 竜弘,2026-08-26,2026-08-31,11,びわこ,一般,４２１　１３３３５６１６,2026-08-11,2026-08-16,07,蒲郡,一般,４　１２３４２　４５３３,2026-07-29,2026-08-01,18,徳山,一般,３　１１３２[５],2026-07-19,2026-07-23,05,多摩川,一般,２１２２２　４１[３],2026-07-10,2026-07-15,06,浜名湖,一般,３　５４５　４５１　４３,3539,金子 順一,2026-08-23,2026-08-27,18,徳山,一般,６６５　不　２　４５,2026-08-11,2026-08-16,19,下関,一般,４３５　３６５　３　３３,2026-07-28,2026-08-02,16,児島,一般,１　４４１４１５６５３６,2026-07-14,2026-07-19,21,芦屋,一般,６　４２４　３３６　５２,2026-06-30,2026-07-05,06,浜名湖,一般,３　６２１　５５３６４,3175,渡辺 千草,2026-08-27,2026-08-31,04,平和島,一般,２３２　４５６　２５,2026-08-12,2026-08-17,24,大村,ＧⅢ,５　３４３　３４１　４２,2026-07-31,2026-08-05,01,桐生,ＧⅢ,５３２　２４３　３６２６,2026-07-19,2026-07-24,19,下関,ＧⅢ,５　４２５　３６５　２６,2026-06-29,2026-07-04,08,常滑,一般,４５３　５６４　４　２３,5468,山口 隼人,2026-08-12,2026-08-17,22,福岡,一般,６　６　６６６６６　転６,2026-08-02,2026-08-05,21,芦屋,一般,６　６６６　６６,2026-07-04,2026-07-09,18,徳山,一般,６　４５５　６６６６６,2026-06-22,2026-06-27,22,福岡,一般,６　６６６　６６４　６６,2026-06-09,2026-06-14,23,からつ,一般,６　５６６　６６６　６
202609112009,2026-09-11,20,09R,4296,岡崎 恭裕,2026-08-24,2026-08-28,15,丸亀,一般,３３２２５２１５１３,2026-08-12,2026-08-17,22,福岡,一般,３４１　４１６１２４１３,2026-08-03,2026-08-08,17,宮島,一般,４３２　１５２１２３２３,2026-07-22,2026-07-26,13,尼崎,一般,１３４３１　２４１３,2026-07-13,2026-07-18,07,蒲郡,ＧⅡ,１　６５３　５　４６３,5248,本田 愛,2026-08-30,2026-09-04,06,浜名湖,ＧⅢ,３　１１５　１２２２[３],2026-08-11,2026-08-16,06,浜名湖,一般,２　３６２　２２１転６,2026-07-23,2026-07-28,21,芦屋,一般,６　６６４　６２５３３１,2026-07-10,2026-07-15,06,浜名湖,一般,４５３　１４１　１５１２,2026-06-21,2026-06-26,16,児島,一般,３　２５２　６６２　５１,4034,西原 明生,2026-08-24,2026-08-28,15,丸亀,一般,２　４６６　６　２６,2026-08-11,2026-08-16,19,下関,一般,３４５　２４２４４　２,2026-07-29,2026-08-01,18,徳山,一般,４５５　２２５,2026-07-14,2026-07-19,21,芦屋,一般,２　４５５６４　５　３１,2026-06-29,2026-07-04,08,常滑,一般,６　４５２　１３４５４,4462,夏山 亮平,2026-08-26,2026-08-30,14,鳴門,一般,５　２２５５５　６３,2026-07-16,2026-07-21,11,びわこ,一般,３１１　５６６６４　２３,2026-07-05,2026-07-09,05,多摩川,一般,２　１２２３５１[３],2026-06-24,2026-06-28,04,平和島,一般,２５３　６４２６,2026-05-26,2026-05-31,15,丸亀,ＧⅢ,６５３　１６６　５６５,4891,寺島 美里,2026-08-26,2026-08-30,14,鳴門,一般,４４６　２　２４２３,2026-08-12,2026-08-17,24,大村,ＧⅢ,３　３１４　２１４６１５,2026-07-25,2026-07-30,04,平和島,一般,５１４　２６３　５３４１,2026-07-12,2026-07-16,05,多摩川,一般,５５６　１２４　２３,2026-06-21,2026-06-26,16,児島,一般,２２５　６３４　３５１,3362,間嶋 仁志,2026-08-24,2026-08-29,13,尼崎,一般,２３１　２　３４５６１４,2026-08-07,2026-08-11,15,丸亀,一般,１１６４３　２６１６,2026-07-27,2026-07-31,19,下関,一般,２４４　３５２　４５,2026-07-17,2026-07-20,02,戸田,一般,２４２　１２３３,2026-07-05,2026-07-09,05,多摩川,一般,５６５　４３５　２２
202609112010,2026-09-11,20,10R,4014,片岡 恵里,2026-07-31,2026-08-05,01,桐生,ＧⅢ,１４３　２５４６１３３１,2026-07-19,2026-07-24,19,下関,ＧⅢ,１　１２２２１２４１[５],2026-07-07,2026-07-12,11,びわこ,一般,６　５２１４５１３　１４,2026-06-24,2026-06-29,12,住之江,一般,４　１３４　F５３　５,2026-06-15,2026-06-20,21,芦屋,一般,１４２５１　５６５３３５,4600,井内 将太郎,2026-08-30,2026-09-02,21,芦屋,一般,５６２６１　２４,2026-07-24,2026-07-29,17,宮島,一般,３１１　２６１１３１[４],2026-06-17,2026-06-22,24,大村,ＧⅡ,１４６　２　F４６　５,2026-06-05,2026-06-10,18,徳山,一般,１３４２５　１２１２[５],2026-05-19,2026-05-23,16,児島,一般,１６６３１２１１[６],5033,藤原 孝斗,2026-08-22,2026-08-27,08,常滑,ＧⅢ,３　２６１　２６２６２６,2026-08-05,2026-08-10,09,津,一般,２４５　４５１　５４３,2026-07-24,2026-07-27,02,戸田,一般,５１５　４４３,2026-07-14,2026-07-17,24,大村,一般,４４３　４　２５,2026-07-01,2026-07-06,22,福岡,一般,５　５４６　２３２　１２,4373,若狭 奈美子,2026-08-18,2026-08-23,16,児島,一般,５５３２１　３５５４３１,2026-08-06,2026-08-11,18,徳山,ＧⅠ,４１６　６　３６２　５,2026-07-23,2026-07-28,21,芦屋,一般,２　１３４１１２１２[４],2026-06-12,2026-06-17,22,福岡,ＧⅢ,３４３　１５５３２４３３,2026-06-04,2026-06-08,08,常滑,一般,４２１５１２１　１４,5316,村松 将平,2026-08-22,2026-08-27,22,福岡,一般,３　１１４６４５５　３２,2026-08-11,2026-08-16,07,蒲郡,一般,３６２　５　６６４　２３,2026-07-27,2026-08-01,10,三国,一般,１６１　転２２　４６２４,2026-07-19,2026-07-23,05,多摩川,一般,１４３３６　２４５２,2026-06-11,2026-06-16,16,児島,一般,６　３２１　３３４６６５,4204,柴田 大輔,2026-08-22,2026-08-27,08,常滑,ＧⅢ,５　５５６,2026-08-07,2026-08-12,20,若松,一般,１　５３４３１１３６３５,2026-07-23,2026-07-28,03,江戸川,ＧⅢ,２　５５６　２４５５３１,2026-07-10,2026-07-15,22,福岡,一般,２３４　５６４　６６１,2026-06-29,2026-07-03,11,びわこ,一般,２１１　１４２３３１
202609112011,2026-09-11,20,11R,4518,大須賀 友,2026-07-31,2026-08-05,05,多摩川,一般,５１３５２　２３１２[６],2026-07-22,2026-07-25,24,大村,一般,１５２１６１[１],2026-06-30,2026-07-05,23,からつ,一般,F３２　４　１　５　３,2026-06-21,2026-06-26,16,児島,一般,１１２　３１３４６１[３],2026-05-16,2026-05-19,06,浜名湖,一般,１３２５２　１２,4076,杉田 篤光,2026-08-22,2026-08-27,22,福岡,一般,５４３　３４１　４１３５,2026-08-11,2026-08-16,06,浜名湖,一般,２５１　３４３　３１４４,2026-07-31,2026-08-05,05,多摩川,一般,２４３　３２３　２５３６,2026-07-17,2026-07-22,16,児島,ＧⅢ,４４５　４５２　４５６,2026-07-03,2026-07-06,09,津,一般,５４３　２６４１,3388,今垣 光太郎,2026-08-29,2026-09-03,16,児島,一般,１２２　２１２６４１[３],2026-06-17,2026-06-22,24,大村,ＧⅡ,３　３　６１２　４　１２,2026-06-05,2026-06-10,01,桐生,一般,１６１　３４３１５３３１,2026-05-26,2026-05-31,06,浜名湖,ＳＧ,４　６３５　４　３４１,2026-05-15,2026-05-20,21,芦屋,ＧⅠ,２　５　２６６　５１６,5014,梶山 涼斗,2026-08-03,2026-08-08,17,宮島,一般,６　２４４　４６５２３,2026-07-22,2026-07-26,13,尼崎,一般,６５６　６６６　２,2026-06-30,2026-07-05,23,からつ,一般,１２５　F６５　５　５,2026-06-17,2026-06-20,07,蒲郡,一般,３５２　１１４４,2026-05-30,2026-06-03,12,住之江,一般,転６４　３　２　３６,3833,中辻 博訓,2026-08-28,2026-08-31,23,からつ,一般,３１２６２５１５,2026-08-03,2026-08-08,04,平和島,ＧⅢ,５５欠,2026-07-24,2026-07-29,17,宮島,一般,２５２４４　１２１４１３,2026-07-14,2026-07-19,21,芦屋,一般,１４４４２　４５１　１２,2026-07-03,2026-07-08,12,住之江,一般,１３１　１２１　４１[５],4816,村松 修二,2026-08-27,2026-08-31,04,平和島,一般,１　２４６４２１１３,2026-08-14,2026-08-19,17,宮島,一般,１１２６１５５　４２３,2026-07-28,2026-08-02,16,児島,一般,５３２２１２１　３３３４,2026-07-18,2026-07-22,10,三国,一般,６５１　１１１２[３],2026-07-09,2026-07-13,14,鳴門,一般,１６１　６３
202609112012,2026-09-11,20,12R,3737,上平 真二,2026-08-25,2026-08-30,17,宮島,一般,６５,2026-08-03,2026-08-08,19,下関,一般,２４１１３　１妨,2026-07-23,2026-07-27,01,桐生,一般,２１１２３４３１[３],2026-07-09,2026-07-13,16,児島,一般,３１１３３６１３２２,2026-06-22,2026-06-27,22,福岡,一般,１１３　１２４３１落４,4551,三川 昂暁,2026-08-28,2026-08-31,23,からつ,一般,６３４１１５５４,2026-08-20,2026-08-23,02,戸田,一般,１１４　３３F１,2026-08-10,2026-08-15,21,芦屋,一般,６３５４４　２２５　２３,2026-07-23,2026-07-27,01,桐生,一般,３１１１５３４５１２,2026-07-10,2026-07-15,22,福岡,一般,５５６４１　５４３　４１,4529,嶋 義信,2026-08-28,2026-08-31,23,からつ,一般,１４１落,2026-08-17,2026-08-21,15,丸亀,一般,６１１６２５４２３,2026-08-04,2026-08-09,10,三国,一般,１２３　１３１１２１[１],2026-07-22,2026-07-26,13,尼崎,一般,５１４３２　２５４４,2026-07-11,2026-07-14,04,平和島,一般,２１５　４３２５,4274,長畑 友輔,2026-08-30,2026-09-02,21,芦屋,一般,５５４　３　５６,2026-08-15,2026-08-20,05,多摩川,一般,５３２　４　１３５５２６,2026-08-06,2026-08-09,02,戸田,一般,１５２４６　１４,2026-07-15,2026-07-20,18,徳山,一般,１　２５６１４　２６５６,2026-07-05,2026-07-09,05,多摩川,一般,６　１２５３３２１４,5085,中村 栄治,2026-08-26,2026-08-31,11,びわこ,一般,４３２　４４５６３　４１,2026-08-14,2026-08-19,10,三国,一般,４６５６４５１　２　６４,2026-07-30,2026-08-04,08,常滑,一般,４　１６４　５３２　３６,2026-07-19,2026-07-23,05,多摩川,一般,１　３４４３６５４１,2026-07-09,2026-07-13,16,児島,一般,３４３４６　４１３１,4209,藤田 竜弘,2026-08-26,2026-08-31,11,びわこ,一般,４２１　１３３３５６１６,2026-08-11,2026-08-16,07,蒲郡,一般,４　１２３４２　４５３３,2026-07-29,2026-08-01,18,徳山,一般,３　１１３２[５],2026-07-19,2026-07-23,05,多摩川,一般,２１２２２　４１[３],2026-07-10,2026-07-15,06,浜名湖,一般,３　５４５　４５１　４３
202609112101,2026-09-11,21,01R,4834,浜本 裕己,2026-08-27,2026-09-01,07,蒲郡,一般,２４１　３２４　２４２３,2026-08-13,2026-08-18,12,住之江,一般,６４３　３２１　２　F５,2026-07-31,2026-08-05,05,多摩川,一般,３１１　４４５　３３４２,2026-07-24,2026-07-27,12,住之江,一般,１２５　１４３２,2026-07-15,2026-07-21,12,住之江,一般,２１４　１５４　１６２５４５,4020,川上 清人,2026-08-17,2026-08-20,20,若松,一般,４４５　６　６４,2026-08-07,2026-08-11,15,丸亀,一般,４６４　６５６　３,2026-07-27,2026-07-31,19,下関,一般,２６１４６　２６３,2026-07-18,2026-07-22,10,三国,一般,４４５　５　４６２,2026-07-05,2026-07-09,24,大村,一般,４５６　２　５５３,4853,前原 哉,2026-08-30,2026-09-04,06,浜名湖,ＧⅢ,４　５５３　４６５　４３,2026-08-18,2026-08-23,16,児島,一般,６　５４５　６５４　１２,2026-08-08,2026-08-13,16,児島,一般,６５６　６　４６４　１５,2026-07-28,2026-08-02,15,丸亀,一般,　　　　　　　　６　３４,2026-07-25,2026-07-30,04,平和島,一般,３１５　４５４　３４２４,5383,中村 楓,2026-08-30,2026-09-03,08,常滑,一般,５　６５６　５６５６,2026-08-20,2026-08-23,02,戸田,一般,６　６４４１６３,2026-07-31,2026-08-05,05,多摩川,一般,６　６５３　５５３　４６,2026-07-15,2026-07-21,12,住之江,一般,５６４　６５４　５　６５５,2026-07-01,2026-07-06,22,福岡,一般,６　５６３　５５４　５６,3509,池 千夏,2026-08-28,2026-08-31,23,からつ,一般,４　５５６　５３,2026-08-16,2026-08-19,14,鳴門,一般,６　５３５　４５,2026-07-31,2026-08-05,01,桐生,ＧⅢ,１６２　５６４　６５３,2026-07-13,2026-07-18,13,尼崎,ＧⅢ,３　６６５５３　５　４,2026-06-21,2026-06-24,19,下関,一般,６６５５４　３,4594,谷川 祐一,2026-08-28,2026-09-02,05,多摩川,ＧⅢ,２　１２５２３６４４１３,2026-08-15,2026-08-20,09,津,一般,２２３　５５５　２　４１,2026-07-31,2026-08-03,20,若松,一般,１１４２１３４３,2026-07-17,2026-07-22,16,児島,ＧⅢ,４２３　４　３２２２[６],2026-07-05,2026-07-09,24,大村,一般,３３４　１３２２[６]
202609112102,2026-09-11,21,02R,4850,野中 一平,2026-08-29,2026-09-03,19,下関,一般,１　１１６６２４１２[６],2026-08-10,2026-08-15,08,常滑,一般,１１１　４２３２３１[５],2026-07-25,2026-07-29,20,若松,一般,１２１　４４２５１２,2026-07-12,2026-07-16,05,多摩川,一般,２１４１３　５１[２],2026-06-30,2026-07-05,16,児島,ＧⅡ,５１１　６　１６３２６,4443,津田 裕絵,2026-08-17,2026-08-20,20,若松,一般,１３５　４４４１,2026-08-03,2026-08-08,17,宮島,一般,４２３　２６２　３１１,2026-07-25,2026-07-30,04,平和島,一般,５２４　２６２　１１１５,2026-07-10,2026-07-15,06,浜名湖,一般,４　２５３　５５２　４４,2026-06-21,2026-06-26,16,児島,一般,４　５５２４２　２５３１,3998,冨成 謙児,2026-08-24,2026-08-28,15,丸亀,一般,２６４　６　２６１５,2026-08-09,2026-08-14,23,からつ,一般,３　３６４４６　５　５４,2026-07-31,2026-08-05,06,浜名湖,ＧⅢ,３５１　５６５　５　５５,2026-07-21,2026-07-26,23,からつ,一般,５　５２６　２４６２３,2026-07-03,2026-07-08,13,尼崎,一般,５６５　５６４　２　６,4812,西野 雄貴,2026-08-27,2026-09-01,07,蒲郡,一般,４４１３１６２１１３１１,2026-08-20,2026-08-23,23,からつ,一般,１３２１１１[１],2026-08-05,2026-08-10,14,鳴門,一般,２１３１３３２　２１[３],2026-07-28,2026-07-31,24,大村,一般,１５２１２２[３],2026-07-04,2026-07-09,01,桐生,一般,６２４　１４１,4408,仁科 さやか,2026-08-26,2026-08-30,14,鳴門,一般,３　２６６６６　６,2026-08-12,2026-08-17,24,大村,ＧⅢ,６　４３６　１６１　５６,2026-07-31,2026-08-05,01,桐生,ＧⅢ,５　４４５　５６４　６２,2026-07-13,2026-07-18,13,尼崎,ＧⅢ,６　２６１　４６５　３４,2026-06-25,2026-06-29,18,徳山,一般,２　４４６　２６２６,3843,上之 晃弘,2026-08-22,2026-08-27,08,常滑,ＧⅢ,２６６　３５１　６３６５,2026-08-06,2026-08-10,24,大村,一般,６５６　６３５　４５,2026-07-16,2026-07-21,11,びわこ,一般,３　５６５４５　転４,2026-07-04,2026-07-09,18,徳山,一般,２４６４６　４１６６１,2026-06-22,2026-06-27,22,福岡,一般,５５６　４２２　４４３
202609112103,2026-09-11,21,03R,3541,三嶌 誠司,2026-08-25,2026-08-30,17,宮島,一般,２３３　２３３２４４１２,2026-08-17,2026-08-20,20,若松,一般,３３４　３２１１,2026-07-31,2026-08-05,06,浜名湖,ＧⅢ,１３６３転　２５５　４１,2026-07-18,2026-07-21,04,平和島,一般,３１４　３３５４,2026-07-07,2026-07-12,08,常滑,一般,３３１３５２４　１５１３,5082,一色 凌雅,2026-08-22,2026-08-27,22,福岡,一般,１５４　１３３３２６１５,2026-08-10,2026-08-15,08,常滑,一般,２２２　３１４１１３３F,2026-07-31,2026-08-05,05,多摩川,一般,５　１６５４４　５３５,2026-07-18,2026-07-23,09,津,ＧⅢ,５　６　６５２　３５３２,2026-07-11,2026-07-16,03,江戸川,一般,１３５　１２３１４３[５],4991,宗行 治哉,2026-08-25,2026-08-30,17,宮島,一般,２１２６４４１　３３１６,2026-08-17,2026-08-21,13,尼崎,一般,１６４５５,2026-08-04,2026-08-09,10,三国,一般,３５２５４　１４２　１５,2026-07-10,2026-07-14,09,津,一般,３　１１１３１１[４],2026-06-30,2026-07-05,23,からつ,一般,３　３３４４２１２４１５,5208,屋良 龍紀,2026-08-22,2026-08-26,20,若松,一般,５３５　６５６　４５,2026-08-11,2026-08-16,19,下関,一般,５　２３５　６１６　２３,2026-07-01,2026-07-06,07,蒲郡,一般,３３３　５　２５３　転２,2026-06-11,2026-06-16,03,江戸川,一般,５５６　３５,2026-06-02,2026-06-08,10,三国,一般,５　２６３２５　５F４,4384,鶴本 崇文,2026-08-29,2026-09-03,16,児島,一般,４　５４３６６４,2026-08-14,2026-08-19,10,三国,一般,２　５４１３４３３４３２,2026-07-31,2026-08-05,05,多摩川,一般,３２２２６　５４５　５,2026-07-22,2026-07-26,13,尼崎,一般,５２２１４３２２[６],2026-06-24,2026-06-29,09,津,一般,４,4092,岡部 大輔,2026-08-22,2026-08-26,20,若松,一般,２５１１６　３６３６,2026-08-06,2026-08-10,24,大村,一般,１３２　６４４４１４,2026-07-21,2026-07-26,23,からつ,一般,２１２　２６４　５４４３,2026-07-11,2026-07-14,04,平和島,一般,４６２　４６２,2026-06-26,2026-07-02,24,大村,一般,３２６　４　１５１４３４１６
202609112104,2026-09-11,21,04R,4771,下寺 秀和,2026-08-28,2026-08-31,23,からつ,一般,１４３１５１[４],2026-08-14,2026-08-19,17,宮島,一般,１６３２２１３　３１[３],2026-07-28,2026-08-02,15,丸亀,一般,５２１　１２３１４２[３],2026-07-10,2026-07-14,09,津,一般,６３４２１　１６１５,2026-06-26,2026-07-01,17,宮島,一般,３３２　１３２１２１[２],3873,別府 昌樹,2026-08-24,2026-08-28,15,丸亀,一般,３　２３２　２欠,2026-08-16,2026-08-19,14,鳴門,一般,６　３１３３３４,2026-07-31,2026-08-04,13,尼崎,一般,２　５６２　４５２４,2026-07-15,2026-07-21,12,住之江,一般,３　２５２　１３１５３２６４,2026-06-29,2026-07-04,08,常滑,一般,３１４　２５１４４５３４,4861,田中 宏樹,2026-08-26,2026-08-30,14,鳴門,一般,２　２４２５１６５,2026-08-07,2026-08-12,20,若松,一般,２　３３６３３４４６６,2026-07-29,2026-08-03,23,からつ,一般,５３２　４５３２１３１３,2026-07-20,2026-07-25,15,丸亀,一般,４４２　４３５６３　４２,2026-07-10,2026-07-15,22,福岡,一般,４６１５４　１５３　２４,3357,福島 陽子,2026-08-30,2026-09-04,06,浜名湖,ＧⅢ,２５６　６４３　４　５３,2026-08-08,2026-08-13,16,児島,一般,１　５５３　６６５　５３,2026-07-19,2026-07-24,19,下関,ＧⅢ,１　６６３６５　６　３６,2026-07-05,2026-07-09,24,大村,一般,６　４５２　４　６５,2026-06-12,2026-06-17,22,福岡,ＧⅢ,５４３　６４３　６　５４,4840,鈴木 秀茉,2026-08-22,2026-08-27,22,福岡,一般,６　５２２　６４４　６３,2026-08-11,2026-08-16,06,浜名湖,一般,１　２４６１２　４５５５,2026-07-23,2026-07-28,03,江戸川,ＧⅢ,６４５　４５５６３６４,2026-07-15,2026-07-19,17,宮島,一般,２　６３６３３　２６,2026-06-30,2026-07-05,23,からつ,一般,３１５　２２５３２６６６,4793,金子 萌,2026-08-27,2026-09-01,07,蒲郡,一般,１　１５３６２４５５３１,2026-08-11,2026-08-16,06,浜名湖,一般,１　４３３１５２３２[６],2026-07-27,2026-08-01,09,津,一般,５　６３,2026-07-12,2026-07-16,05,多摩川,一般,４６１　２５１　６２,2026-06-30,2026-07-05,16,児島,ＧⅡ,１　１６２　２　４　１６
202609112105,2026-09-11,21,05R,4389,伊藤 喜智,2026-08-25,2026-08-30,17,宮島,一般,３　３５４４４５,2026-08-13,2026-08-18,12,住之江,一般,４２３　４６３　５　６３,2026-07-31,2026-08-05,05,多摩川,一般,２　５３２　１５１２[５],2026-07-24,2026-07-27,06,浜名湖,一般,６６４４３　５,2026-07-14,2026-07-19,01,桐生,一般,３　２２５　３１４３１５,5317,長尾 萌加,2026-08-18,2026-08-23,16,児島,一般,１４１　５５２　１２F３,2026-08-08,2026-08-13,16,児島,一般,３　３６３　３６３　６６,2026-07-25,2026-07-30,04,平和島,一般,４４５　３　１３４３４６,2026-07-15,2026-07-19,17,宮島,一般,６２５　１　２２３３,2026-06-21,2026-06-26,16,児島,一般,２５５　３４４　５　６６,4020,川上 清人,2026-08-17,2026-08-20,20,若松,一般,４４５　６　６４,2026-08-07,2026-08-11,15,丸亀,一般,４６４　６５６　３,2026-07-27,2026-07-31,19,下関,一般,２６１４６　２６３,2026-07-18,2026-07-22,10,三国,一般,４４５　５　４６２,2026-07-05,2026-07-09,24,大村,一般,４５６　２　５５３,5457,山田 陽翔,2026-08-19,2026-08-24,19,下関,一般,６　６６６　５６６　６６,2026-08-06,2026-08-10,24,大村,一般,６　６５５６６　６４,2026-07-24,2026-07-29,17,宮島,一般,６　６６６　６６６　６６,2026-06-26,2026-07-02,24,大村,一般,６　５６欠　６６６　６６６６,2026-06-09,2026-06-14,23,からつ,一般,６　６６６６６　５６６,4675,井手 良太,2026-08-26,2026-08-30,14,鳴門,一般,５　５３２６１　１２,2026-08-14,2026-08-19,17,宮島,一般,６欠,2026-07-29,2026-08-03,23,からつ,一般,４　２３２　５４２　１４,2026-07-22,2026-07-25,24,大村,一般,１　１４５３５５,2026-06-28,2026-07-02,05,多摩川,一般,１３６　２３１１[３],4848,仲谷 颯仁,2026-08-25,2026-08-30,01,桐生,ＳＧ,１３６　２　４６６　３,2026-08-17,2026-08-21,13,尼崎,一般,２６２２２１１３１４,2026-08-07,2026-08-12,20,若松,一般,３１３１３１２　３１[２],2026-07-28,2026-08-02,11,びわこ,ＳＧ,４　４１３　３２１　[３],2026-07-18,2026-07-22,10,三国,一般,３２２３１２５１[２]
202609112106,2026-09-11,21,06R,3509,池 千夏,2026-08-28,2026-08-31,23,からつ,一般,４　５５６　５３,2026-08-16,2026-08-19,14,鳴門,一般,６　５３５　４５,2026-07-31,2026-08-05,01,桐生,ＧⅢ,１６２　５６４　６５３,2026-07-13,2026-07-18,13,尼崎,ＧⅢ,３　６６５５３　５　４,2026-06-21,2026-06-24,19,下関,一般,６６５５４　３,5160,藤森 陸斗,2026-08-26,2026-08-31,11,びわこ,一般,１　５５２５１５１５３１,2026-08-20,2026-08-23,24,大村,一般,２　３４１４４１,2026-08-12,2026-08-17,22,福岡,一般,６　３４４４３エ６　３,2026-08-03,2026-08-08,17,宮島,一般,２２５　１５４６４　１５,2026-07-19,2026-07-24,22,福岡,ＧⅢ,６　３２５,4638,小林 遼太,2026-08-22,2026-08-27,08,常滑,ＧⅢ,６　４５２　４５３　６５,2026-08-07,2026-08-12,20,若松,一般,１　２６３５６２１　４５,2026-07-24,2026-07-29,17,宮島,一般,５３４　１３１　１６２６,2026-07-14,2026-07-19,01,桐生,一般,３６１　３４２　１４１３,2026-06-30,2026-07-05,06,浜名湖,一般,１　２２５４３２１４３３,5447,岡本 亜子,2026-08-08,2026-08-13,16,児島,一般,６　６６５　６６６　６６,2026-07-31,2026-08-04,13,尼崎,一般,６　６６６　６６６,2026-07-09,2026-07-13,16,児島,一般,６　６６６　５６６,2026-06-28,2026-07-01,10,三国,一般,６　６６６　６６,2026-06-05,2026-06-10,18,徳山,一般,６　６　６６６　６６６,4521,小池 公生,2026-08-24,2026-08-28,15,丸亀,一般,６５３　３　６３５３,2026-08-07,2026-08-12,20,若松,一般,３２６　１５３３２３３４,2026-07-28,2026-07-31,24,大村,一般,４　５２４　１３,2026-06-21,2026-06-26,16,児島,一般,１　１６３３２３４６６６,2026-06-11,2026-06-16,10,三国,一般,２　２３６２１４４４２１,4137,君島 秀三,2026-08-24,2026-08-29,13,尼崎,一般,５２１４５　２３,2026-08-15,2026-08-20,11,びわこ,一般,１４１　３２３５１５１６,2026-08-04,2026-08-09,12,住之江,一般,３５３１１　１２２２[６],2026-07-28,2026-07-31,24,大村,一般,１３１４３５１５,2026-07-12,2026-07-16,05,多摩川,一般,４５２１３３４３４１
202609112107,2026-09-11,21,07R,4744,伊藤 玲奈,2026-08-26,2026-08-30,14,鳴門,一般,５５６　４　５１４６,2026-08-12,2026-08-17,24,大村,ＧⅢ,４　２６３　６５３　３６,2026-07-27,2026-08-01,10,三国,一般,５　３６４　２４３　１,2026-07-13,2026-07-18,13,尼崎,ＧⅢ,３４２　１　２３４５１５,2026-06-24,2026-06-29,12,住之江,一般,５　欠欠,4966,田川 大貴,2026-08-21,2026-08-26,06,浜名湖,一般,１　４５２６３３４４１５,2026-08-06,2026-08-10,24,大村,一般,３４F５２　３　６,2026-07-19,2026-07-24,22,福岡,ＧⅢ,６　５４２　３６６２２,2026-07-07,2026-07-12,20,若松,ＧⅢ,５４妨　５６２　６　１６,2026-06-27,2026-07-01,02,戸田,一般,３４４４５　１　２３,5383,中村 楓,2026-08-30,2026-09-03,08,常滑,一般,５　６５６　５６５６,2026-08-20,2026-08-23,02,戸田,一般,６　６４４１６３,2026-07-31,2026-08-05,05,多摩川,一般,６　６５３　５５３　４６,2026-07-15,2026-07-21,12,住之江,一般,５６４　６５４　５　６５５,2026-07-01,2026-07-06,22,福岡,一般,６　５６３　５５４　５６,5261,岡 暢祐,2026-08-21,2026-08-26,03,江戸川,一般,２　６５２　４２１　１５,2026-08-07,2026-08-11,15,丸亀,一般,５　１３４　２３５４,2026-07-22,2026-07-25,24,大村,一般,６　６６６　３４,2026-07-10,2026-07-14,09,津,一般,３　４６４４５　４４,2026-06-25,2026-06-30,13,尼崎,一般,５４６　３６５　４　２６,5208,屋良 龍紀,2026-08-22,2026-08-26,20,若松,一般,５３５　６５６　４５,2026-08-11,2026-08-16,19,下関,一般,５　２３５　６１６　２３,2026-07-01,2026-07-06,07,蒲郡,一般,３３３　５　２５３　転２,2026-06-11,2026-06-16,03,江戸川,一般,５５６　３５,2026-06-02,2026-06-08,10,三国,一般,５　２６３２５　５F４,4443,津田 裕絵,2026-08-17,2026-08-20,20,若松,一般,１３５　４４４１,2026-08-03,2026-08-08,17,宮島,一般,４２３　２６２　３１１,2026-07-25,2026-07-30,04,平和島,一般,５２４　２６２　１１１５,2026-07-10,2026-07-15,06,浜名湖,一般,４　２５３　５５２　４４,2026-06-21,2026-06-26,16,児島,一般,４　５５２４２　２５３１
202609112108,2026-09-11,21,08R,3357,福島 陽子,2026-08-30,2026-09-04,06,浜名湖,ＧⅢ,２５６　６４３　４　５３,2026-08-08,2026-08-13,16,児島,一般,１　５５３　６６５　５３,2026-07-19,2026-07-24,19,下関,ＧⅢ,１　６６３６５　６　３６,2026-07-05,2026-07-09,24,大村,一般,６　４５２　４　６５,2026-06-12,2026-06-17,22,福岡,ＧⅢ,５４３　６４３　６　５４,4437,中田 元泰,2026-08-27,2026-08-31,04,平和島,一般,２５１　３３４３[５],2026-08-17,2026-08-21,15,丸亀,一般,１４３４３２１３１４,2026-08-03,2026-08-08,19,下関,一般,３３２　１５１　１４２２,2026-07-22,2026-07-25,24,大村,一般,１　４１３１[２],2026-07-13,2026-07-18,07,蒲郡,ＧⅡ,５　６　３６２２４　６,3843,上之 晃弘,2026-08-22,2026-08-27,08,常滑,ＧⅢ,２６６　３５１　６３６５,2026-08-06,2026-08-10,24,大村,一般,６５６　６３５　４５,2026-07-16,2026-07-21,11,びわこ,一般,３　５６５４５　転４,2026-07-04,2026-07-09,18,徳山,一般,２４６４６　４１６６１,2026-06-22,2026-06-27,22,福岡,一般,５５６　４２２　４４３,4652,酒見 峻介,2026-08-22,2026-08-27,22,福岡,一般,５４５　６４６　２６４,2026-08-09,2026-08-14,23,からつ,一般,４６６　５４６　５３１,2026-07-24,2026-07-29,17,宮島,一般,１　３２２　３３２　４４,2026-07-10,2026-07-13,19,下関,一般,４　１６３６４,2026-06-26,2026-07-02,24,大村,一般,６　５６,5469,今泉 博人,2026-08-20,2026-08-23,23,からつ,一般,６　５６５６５,2026-07-28,2026-08-02,15,丸亀,一般,６　６６５６６　４　４３,2026-07-10,2026-07-15,23,からつ,一般,５　５６６　６６６６４,2026-06-22,2026-06-27,22,福岡,一般,６　６５６　落６６　４５,2026-05-31,2026-06-05,20,若松,一般,６６５　６　６６６　６,3473,石川 真二,2026-08-26,2026-08-31,11,びわこ,一般,３５２６１　２３１２[４],2026-08-17,2026-08-20,20,若松,一般,１１１１１２[４],2026-08-06,2026-08-10,24,大村,一般,２　１１２２１４１２,2026-07-22,2026-07-26,13,尼崎,一般,１４１５１１１１[１],2026-07-09,2026-07-13,16,児島,一般,２１２１２４１１[５]
202609112109,2026-09-11,21,09R,4330,奈須 啓太,2026-08-25,2026-08-30,17,宮島,一般,１６３３１　２５１５１４,2026-08-12,2026-08-17,22,福岡,一般,４　１４６５５６２　５４,2026-07-31,2026-08-04,13,尼崎,一般,５５５　１６３　３２,2026-07-21,2026-07-26,23,からつ,一般,４４１６１　４６１　１５,2026-07-10,2026-07-15,22,福岡,一般,１　３３６５２２１６１４,4840,鈴木 秀茉,2026-08-22,2026-08-27,22,福岡,一般,６　５２２　６４４　６３,2026-08-11,2026-08-16,06,浜名湖,一般,１　２４６１２　４５５５,2026-07-23,2026-07-28,03,江戸川,ＧⅢ,６４５　４５５６３６４,2026-07-15,2026-07-19,17,宮島,一般,２　６３６３３　２６,2026-06-30,2026-07-05,23,からつ,一般,３１５　２２５３２６６６,4834,浜本 裕己,2026-08-27,2026-09-01,07,蒲郡,一般,２４１　３２４　２４２３,2026-08-13,2026-08-18,12,住之江,一般,６４３　３２１　２　F５,2026-07-31,2026-08-05,05,多摩川,一般,３１１　４４５　３３４２,2026-07-24,2026-07-27,12,住之江,一般,１２５　１４３２,2026-07-15,2026-07-21,12,住之江,一般,２１４　１５４　１６２５４５,5143,常盤 海心,2026-08-22,2026-08-27,22,福岡,一般,５　４４１　２５３　６３,2026-08-04,2026-08-09,12,住之江,一般,６　３４６　１６６　４,2026-07-22,2026-07-27,14,鳴門,一般,３　２５５６２３６　２６,2026-07-10,2026-07-15,23,からつ,一般,２４２　３３４　４４６６,2026-06-29,2026-07-03,11,びわこ,一般,２６６　６　３３４,5457,山田 陽翔,2026-08-19,2026-08-24,19,下関,一般,６　６６６　５６６　６６,2026-08-06,2026-08-10,24,大村,一般,６　６５５６６　６４,2026-07-24,2026-07-29,17,宮島,一般,６　６６６　６６６　６６,2026-06-26,2026-07-02,24,大村,一般,６　５６欠　６６６　６６６６,2026-06-09,2026-06-14,23,からつ,一般,６　６６６６６　５６６,4384,鶴本 崇文,2026-08-29,2026-09-03,16,児島,一般,４　５４３６６４,2026-08-14,2026-08-19,10,三国,一般,２　５４１３４３３４３２,2026-07-31,2026-08-05,05,多摩川,一般,３２２２６　５４５　５,2026-07-22,2026-07-26,13,尼崎,一般,５２２１４３２２[６],2026-06-24,2026-06-29,09,津,一般,４
202609112110,2026-09-11,21,10R,4261,岡 祐臣,2026-08-26,2026-08-31,11,びわこ,一般,１５４３６　４４１　４４,2026-08-15,2026-08-20,09,津,一般,１２３　６５３２１４２４,2026-08-08,2026-08-11,05,多摩川,一般,１１２　５４４６,2026-07-22,2026-07-27,14,鳴門,一般,４６３４１　６欠,2026-07-13,2026-07-18,07,蒲郡,ＧⅡ,５　１３１　２　６　４５,4389,伊藤 喜智,2026-08-25,2026-08-30,17,宮島,一般,３　３５４４４５,2026-08-13,2026-08-18,12,住之江,一般,４２３　４６３　５　６３,2026-07-31,2026-08-05,05,多摩川,一般,２　５３２　１５１２[５],2026-07-24,2026-07-27,06,浜名湖,一般,６６４４３　５,2026-07-14,2026-07-19,01,桐生,一般,３　２２５　３１４３１５,4594,谷川 祐一,2026-08-28,2026-09-02,05,多摩川,ＧⅢ,２　１２５２３６４４１３,2026-08-15,2026-08-20,09,津,一般,２２３　５５５　２　４１,2026-07-31,2026-08-03,20,若松,一般,１１４２１３４３,2026-07-17,2026-07-22,16,児島,ＧⅢ,４２３　４　３２２２[６],2026-07-05,2026-07-09,24,大村,一般,３３４　１３２２[６],5082,一色 凌雅,2026-08-22,2026-08-27,22,福岡,一般,１５４　１３３３２６１５,2026-08-10,2026-08-15,08,常滑,一般,２２２　３１４１１３３F,2026-07-31,2026-08-05,05,多摩川,一般,５　１６５４４　５３５,2026-07-18,2026-07-23,09,津,ＧⅢ,５　６　６５２　３５３２,2026-07-11,2026-07-16,03,江戸川,一般,１３５　１２３１４３[５],4771,下寺 秀和,2026-08-28,2026-08-31,23,からつ,一般,１４３１５１[４],2026-08-14,2026-08-19,17,宮島,一般,１６３２２１３　３１[３],2026-07-28,2026-08-02,15,丸亀,一般,５２１　１２３１４２[３],2026-07-10,2026-07-14,09,津,一般,６３４２１　１６１５,2026-06-26,2026-07-01,17,宮島,一般,３３２　１３２１２１[２],5160,藤森 陸斗,2026-08-26,2026-08-31,11,びわこ,一般,１　５５２５１５１５３１,2026-08-20,2026-08-23,24,大村,一般,２　３４１４４１,2026-08-12,2026-08-17,22,福岡,一般,６　３４４４３エ６　３,2026-08-03,2026-08-08,17,宮島,一般,２２５　１５４６４　１５,2026-07-19,2026-07-24,22,福岡,ＧⅢ,６　３２５
202609112111,2026-09-11,21,11R,3837,秋山 広一,2026-08-27,2026-08-31,04,平和島,一般,２５１３４　３１１４,2026-08-17,2026-08-21,15,丸亀,一般,２２５３１４２　３２,2026-07-29,2026-08-03,22,福岡,一般,３５３６２　４,2026-07-16,2026-07-21,11,びわこ,一般,２　４１１５３３４２[６],2026-07-03,2026-07-08,12,住之江,一般,３２３　３１１　２１[３],4848,仲谷 颯仁,2026-08-25,2026-08-30,01,桐生,ＳＧ,１３６　２　４６６　３,2026-08-17,2026-08-21,13,尼崎,一般,２６２２２１１３１４,2026-08-07,2026-08-12,20,若松,一般,３１３１３１２　３１[２],2026-07-28,2026-08-02,11,びわこ,ＳＧ,４　４１３　３２１　[３],2026-07-18,2026-07-22,10,三国,一般,３２２３１２５１[２],5261,岡 暢祐,2026-08-21,2026-08-26,03,江戸川,一般,２　６５２　４２１　１５,2026-08-07,2026-08-11,15,丸亀,一般,５　１３４　２３５４,2026-07-22,2026-07-25,24,大村,一般,６　６６６　３４,2026-07-10,2026-07-14,09,津,一般,３　４６４４５　４４,2026-06-25,2026-06-30,13,尼崎,一般,５４６　３６５　４　２６,4521,小池 公生,2026-08-24,2026-08-28,15,丸亀,一般,６５３　３　６３５３,2026-08-07,2026-08-12,20,若松,一般,３２６　１５３３２３３４,2026-07-28,2026-07-31,24,大村,一般,４　５２４　１３,2026-06-21,2026-06-26,16,児島,一般,１　１６３３２３４６６６,2026-06-11,2026-06-16,10,三国,一般,２　２３６２１４４４２１,4850,野中 一平,2026-08-29,2026-09-03,19,下関,一般,１　１１６６２４１２[６],2026-08-10,2026-08-15,08,常滑,一般,１１１　４２３２３１[５],2026-07-25,2026-07-29,20,若松,一般,１２１　４４２５１２,2026-07-12,2026-07-16,05,多摩川,一般,２１４１３　５１[２],2026-06-30,2026-07-05,16,児島,ＧⅡ,５１１　６　１６３２６,4861,田中 宏樹,2026-08-26,2026-08-30,14,鳴門,一般,２　２４２５１６５,2026-08-07,2026-08-12,20,若松,一般,２　３３６３３４４６６,2026-07-29,2026-08-03,23,からつ,一般,５３２　４５３２１３１３,2026-07-20,2026-07-25,15,丸亀,一般,４４２　４３５６３　４２,2026-07-10,2026-07-15,22,福岡,一般,４６１５４　１５３　２４
202609112112,2026-09-11,21,12R,4812,西野 雄貴,2026-08-27,2026-09-01,07,蒲郡,一般,４４１３１６２１１３１１,2026-08-20,2026-08-23,23,からつ,一般,１３２１１１[１],2026-08-05,2026-08-10,14,鳴門,一般,２１３１３３２　２１[３],2026-07-28,2026-07-31,24,大村,一般,１５２１２２[３],2026-07-04,2026-07-09,01,桐生,一般,６２４　１４１,4793,金子 萌,2026-08-27,2026-09-01,07,蒲郡,一般,１　１５３６２４５５３１,2026-08-11,2026-08-16,06,浜名湖,一般,１　４３３１５２３２[６],2026-07-27,2026-08-01,09,津,一般,５　６３,2026-07-12,2026-07-16,05,多摩川,一般,４６１　２５１　６２,2026-06-30,2026-07-05,16,児島,ＧⅡ,１　１６２　２　４　１６,3541,三嶌 誠司,2026-08-25,2026-08-30,17,宮島,一般,２３３　２３３２４４１２,2026-08-17,2026-08-20,20,若松,一般,３３４　３２１１,2026-07-31,2026-08-05,06,浜名湖,ＧⅢ,１３６３転　２５５　４１,2026-07-18,2026-07-21,04,平和島,一般,３１４　３３５４,2026-07-07,2026-07-12,08,常滑,一般,３３１３５２４　１５１３,4675,井手 良太,2026-08-26,2026-08-30,14,鳴門,一般,５　５３２６１　１２,2026-08-14,2026-08-19,17,宮島,一般,６欠,2026-07-29,2026-08-03,23,からつ,一般,４　２３２　５４２　１４,2026-07-22,2026-07-25,24,大村,一般,１　１４５３５５,2026-06-28,2026-07-02,05,多摩川,一般,１３６　２３１１[３],4966,田川 大貴,2026-08-21,2026-08-26,06,浜名湖,一般,１　４５２６３３４４１５,2026-08-06,2026-08-10,24,大村,一般,３４F５２　３　６,2026-07-19,2026-07-24,22,福岡,ＧⅢ,６　５４２　３６６２２,2026-07-07,2026-07-12,20,若松,ＧⅢ,５４妨　５６２　６　１６,2026-06-27,2026-07-01,02,戸田,一般,３４４４５　１　２３,4437,中田 元泰,2026-08-27,2026-08-31,04,平和島,一般,２５１　３３４３[５],2026-08-17,2026-08-21,15,丸亀,一般,１４３４３２１３１４,2026-08-03,2026-08-08,19,下関,一般,３３２　１５１　１４２２,2026-07-22,2026-07-25,24,大村,一般,１　４１３１[２],2026-07-13,2026-07-18,07,蒲郡,ＧⅡ,５　６　３６２２４　６
202609112401,2026-09-11,24,01R,4483,北野 輝季,2026-08-26,2026-08-31,11,びわこ,一般,５１２　１１１１３１[５],2026-08-17,2026-08-21,13,尼崎,一般,２５１１１１３１[１],2026-08-03,2026-08-08,04,平和島,ＧⅢ,３２１　３６２２４３１２,2026-07-22,2026-07-27,14,鳴門,一般,５３１２５　１２２３５２,2026-07-07,2026-07-12,20,若松,ＧⅢ,１２２２２　１６２２[６],5051,松本 純平,2026-08-12,2026-08-17,02,戸田,一般,３２２３２１２　４　６２,2026-08-03,2026-08-08,04,平和島,ＧⅢ,２６５５,2026-07-22,2026-07-26,13,尼崎,一般,３３３２２３３３１１,2026-07-09,2026-07-13,14,鳴門,一般,１３３１３２５１[３],2026-06-28,2026-07-01,10,三国,一般,２転１２２　１５,5058,前原 大道,2026-08-30,2026-09-02,21,芦屋,一般,３２１１２２[５],2026-08-20,2026-08-23,02,戸田,一般,２１６２４１１２,2026-08-08,2026-08-13,16,児島,一般,４２１４６　１３妨２２,2026-07-31,2026-08-04,13,尼崎,一般,２６１１１３１１[５],2026-07-19,2026-07-24,22,福岡,ＧⅢ,３　２１３３６　５　１５,5191,飛田 江己,2026-08-22,2026-08-27,22,福岡,一般,１　２５６１３１３３４１,2026-08-12,2026-08-17,02,戸田,一般,１４２１４　１１１　[４],2026-08-03,2026-08-08,19,下関,一般,１２１F３　４　３　３,2026-07-18,2026-07-23,09,津,ＧⅢ,４３５　２３２　１１１３,2026-07-01,2026-07-06,07,蒲郡,一般,６　１１４　３１４４１１,4482,守屋 美穂,2026-08-27,2026-08-31,04,平和島,一般,１４３３１１４１[３],2026-08-18,2026-08-23,16,児島,一般,１２２　１２３１３１[１],2026-08-06,2026-08-11,18,徳山,ＧⅠ,６２１　１　６１２　[４],2026-06-30,2026-07-05,16,児島,ＧⅡ,５　３３３２４　３　１４,2026-06-21,2026-06-24,10,三国,一般,５５２１３６５５,5224,西岡 顕心,2026-08-25,2026-08-30,01,桐生,ＳＧ,３２３　４　６６２　２,2026-08-17,2026-08-21,15,丸亀,一般,３５３１２５２５１１,2026-08-06,2026-08-09,02,戸田,一般,１５１１３１[４],2026-07-28,2026-08-02,11,びわこ,ＳＧ,２　１６３　２３２　[４],2026-07-19,2026-07-24,22,福岡,ＧⅢ,４　５３
202609112402,2026-09-11,24,02R,5016,宮田 龍馬,2026-08-26,2026-08-31,11,びわこ,一般,１５２１３２１　３１[１],2026-08-17,2026-08-21,13,尼崎,一般,１１１３３４１２[３],2026-08-05,2026-08-10,14,鳴門,一般,１　３５２４４２１４３２,2026-07-19,2026-07-24,22,福岡,ＧⅢ,３４１　４４５　４３３,2026-06-08,2026-06-13,13,尼崎,ＧⅠ,１　３３６　３　１２３６,4908,上田 龍星,2026-08-26,2026-08-30,14,鳴門,一般,１５３６１３６２[６],2026-08-15,2026-08-20,18,徳山,一般,１　２６２１４１３１[３],2026-08-07,2026-08-11,15,丸亀,一般,２２１２２３３１[４],2026-07-27,2026-08-01,09,津,一般,４３５,2026-07-18,2026-07-21,20,若松,一般,２５１１１２[６],3983,須藤 博倫,2026-08-26,2026-08-30,14,鳴門,一般,１４２１４１１２[２],2026-08-12,2026-08-17,02,戸田,一般,１３３２３６１　５　１２,2026-07-31,2026-08-05,06,浜名湖,ＧⅢ,３１４３２５４　３６１３,2026-07-24,2026-07-27,02,戸田,一般,４２１６４１２６,2026-07-13,2026-07-18,07,蒲郡,ＧⅡ,５４２　１　２３１　[６],4398,船岡 洋一郎,2026-08-29,2026-09-03,19,下関,一般,３１４３１　２１４６３３,2026-08-14,2026-08-19,17,宮島,一般,１３４　６２５１１２[４],2026-08-05,2026-08-10,09,津,一般,４５１１４　１３２４３,2026-07-23,2026-07-28,03,江戸川,ＧⅢ,１４３　１５,2026-07-10,2026-07-15,23,からつ,一般,１２１　１３２１１１[２],3952,中澤 和志,2026-08-30,2026-09-03,08,常滑,一般,１６１１２３１４１５,2026-08-21,2026-08-24,07,蒲郡,一般,３３１４４３３１,2026-08-12,2026-08-17,02,戸田,一般,３１１　４３５　１　１,2026-07-27,2026-08-01,09,津,一般,２２１,2026-07-18,2026-07-21,04,平和島,一般,４６２６１５３１,3779,原田 幸哉,2026-07-28,2026-08-02,11,びわこ,ＳＧ,６２１　４　２６１　２４,2026-07-13,2026-07-18,07,蒲郡,ＧⅡ,３６５　６　５５１　６６,2026-07-04,2026-07-09,18,徳山,一般,１１３３１　４１２１[２],2026-06-23,2026-06-28,14,鳴門,ＳＧ,１　３６４　３　２２６６,2026-06-13,2026-06-18,08,常滑,ＧⅠ,４５１　５６
202609112403,2026-09-11,24,03R,4075,中野 次郎,2026-08-30,2026-09-02,21,芦屋,一般,１５４２１３５１,2026-08-20,2026-08-23,04,平和島,一般,４１１１２３[１],2026-08-09,2026-08-15,03,江戸川,一般,３５１　５１２　３　[２],2026-07-28,2026-08-02,11,びわこ,ＳＧ,４４１　５　２６４　５４,2026-07-20,2026-07-25,15,丸亀,一般,１３２１６５１　３２[１],5026,安河内 健,2026-08-21,2026-08-26,06,浜名湖,一般,落３３　１４１５５１５１,2026-08-09,2026-08-14,23,からつ,一般,３１２２１　１１５１[１],2026-07-31,2026-08-03,20,若松,一般,１３２３１３１１,2026-07-22,2026-07-26,13,尼崎,一般,４２１　４２１２[２],2026-07-11,2026-07-16,03,江戸川,一般,１　６２２３３　１２[４],3415,松井 繁,2026-08-25,2026-08-30,01,桐生,ＳＧ,５　１　５５４　１６３,2026-08-13,2026-08-18,12,住之江,一般,２３１　２５１　２２[５],2026-07-28,2026-08-02,11,びわこ,ＳＧ,６　６２５１４　３６２,2026-07-13,2026-07-18,07,蒲郡,ＧⅡ,３　５１４３２　５　１３,2026-07-03,2026-07-08,13,尼崎,一般,１１１２１　１６２１[２],4910,中村 泰平,2026-08-28,2026-09-02,05,多摩川,ＧⅢ,４５２１３　５５１　４４,2026-08-20,2026-08-23,23,からつ,一般,１６１２４２[４],2026-08-10,2026-08-15,08,常滑,一般,３１６４５　２１２３６１,2026-07-24,2026-07-27,02,戸田,一般,３３２１３３[５],2026-07-15,2026-07-19,08,常滑,一般,４１２１１１２１[１],4571,菅 章哉,2026-08-25,2026-08-30,01,桐生,ＳＧ,１　６　６６２　４４５,2026-08-17,2026-08-21,13,尼崎,一般,１３２３１１１１[２],2026-08-05,2026-08-10,14,鳴門,一般,１５１１１３１　１１[１],2026-06-23,2026-06-28,14,鳴門,ＳＧ,６　F　５４６　６　６,2026-06-08,2026-06-13,13,尼崎,ＧⅠ,５１６　１　４４６　１６,3719,辻 栄蔵,2026-08-29,2026-09-03,19,下関,一般,２３４１４　１３２３３１,2026-08-14,2026-08-19,17,宮島,一般,１２１１６　１３３１[５],2026-07-28,2026-08-02,11,びわこ,ＳＧ,１　４５４　４　５６５,2026-07-13,2026-07-18,07,蒲郡,ＧⅡ,４５３　４１４　４３１,2026-06-27,2026-07-01,02,戸田,一般,３２５１２３４４２１
202609112404,2026-09-11,24,04R,4715,村上 遼,2026-08-28,2026-08-31,23,からつ,一般,３１１６１４３４,2026-08-17,2026-08-21,13,尼崎,一般,４４１１３３２３６１,2026-08-06,2026-08-10,24,大村,一般,２１２６１１３２[４],2026-07-24,2026-07-29,17,宮島,一般,２４１１１１２　２１[３],2026-07-13,2026-07-18,07,蒲郡,ＧⅡ,５４３　５　４６２　５６,4524,深谷 知博,2026-08-29,2026-09-03,19,下関,一般,３１５　２１１２４１[３],2026-06-23,2026-06-28,14,鳴門,ＳＧ,３　１５５　５　３５５,2026-06-08,2026-06-13,13,尼崎,ＧⅠ,４　６４５３１　３　１,2026-05-26,2026-05-31,06,浜名湖,ＳＧ,５４３　２　５１３　５５,2026-05-15,2026-05-20,21,芦屋,ＧⅠ,５１３　４　６１４　３５,4543,重木 輝彦,2026-08-29,2026-09-03,16,児島,一般,４４１２３６１　１３２２,2026-08-20,2026-08-25,21,芦屋,一般,１２３　２２１２３１[４],2026-08-09,2026-08-14,13,尼崎,一般,４３１　４４２　４１２４,2026-07-31,2026-08-04,13,尼崎,一般,６３３１６１２　２１,2026-07-27,2026-08-01,09,津,一般,３６３,4961,西橋 奈未,2026-08-24,2026-08-29,10,三国,一般,２１２　３３５１４４１５,2026-08-06,2026-08-11,18,徳山,ＧⅠ,３２２　３　５１２　[６],2026-07-25,2026-07-30,04,平和島,一般,２２１１２　１２３１[３],2026-07-18,2026-07-21,20,若松,一般,１６３１２３４２,2026-07-07,2026-07-12,02,戸田,ＧⅡ,４６５　４　５５３　１,3783,瓜生 正義,2026-08-25,2026-08-30,01,桐生,ＳＧ,３　３２５　４　１３４６,2026-08-07,2026-08-12,20,若松,一般,１３３１３　１１５２[６],2026-07-28,2026-08-02,11,びわこ,ＳＧ,５４１　２　６６４　２,2026-07-13,2026-07-18,07,蒲郡,ＧⅡ,４　２２１３２　１　[４],2026-07-02,2026-07-07,04,平和島,一般,５１５１３２１　４６１４,4497,桑原 悠,2026-08-25,2026-08-30,01,桐生,ＳＧ,５　１　６５４　５２３,2026-08-17,2026-08-20,20,若松,一般,１２２１６１[１],2026-08-06,2026-08-10,24,大村,一般,１１２１４　４１[２],2026-07-21,2026-07-26,23,からつ,一般,１３３　２１１３３１[２],2026-07-07,2026-07-12,02,戸田,ＧⅡ,１　５３１　１　３　３１
202609112405,2026-09-11,24,05R,4352,下條 雄太郎,2026-08-25,2026-08-30,01,桐生,ＳＧ,３　５　４３３　２３３３,2026-08-17,2026-08-21,13,尼崎,一般,２１３２５　４３１２,2026-08-06,2026-08-10,24,大村,一般,２　４１２２１１[３],2026-07-23,2026-07-28,21,芦屋,一般,１３１２２２３　１３３２,2026-07-11,2026-07-16,03,江戸川,一般,３２１　１１１　２１[１],5191,飛田 江己,2026-08-22,2026-08-27,22,福岡,一般,１　２５６１３１３３４１,2026-08-12,2026-08-17,02,戸田,一般,１４２１４　１１１　[４],2026-08-03,2026-08-08,19,下関,一般,１２１F３　４　３　３,2026-07-18,2026-07-23,09,津,ＧⅢ,４３５　２３２　１１１３,2026-07-01,2026-07-06,07,蒲郡,一般,６　１１４　３１４４１１,4908,上田 龍星,2026-08-26,2026-08-30,14,鳴門,一般,１５３６１３６２[６],2026-08-15,2026-08-20,18,徳山,一般,１　２６２１４１３１[３],2026-08-07,2026-08-11,15,丸亀,一般,２２１２２３３１[４],2026-07-27,2026-08-01,09,津,一般,４３５,2026-07-18,2026-07-21,20,若松,一般,２５１１１２[６],5051,松本 純平,2026-08-12,2026-08-17,02,戸田,一般,３２２３２１２　４　６２,2026-08-03,2026-08-08,04,平和島,ＧⅢ,２６５５,2026-07-22,2026-07-26,13,尼崎,一般,３３３２２３３３１１,2026-07-09,2026-07-13,14,鳴門,一般,１３３１３２５１[３],2026-06-28,2026-07-01,10,三国,一般,２転１２２　１５,4704,河野 大,2026-08-30,2026-09-03,08,常滑,一般,４６６２２　１３１３,2026-08-20,2026-08-23,23,からつ,一般,５１１３１２[３],2026-08-05,2026-08-10,14,鳴門,一般,１４１５２　３４１６６５,2026-07-24,2026-07-27,02,戸田,一般,２４１２１２[６],2026-07-14,2026-07-19,21,芦屋,一般,４４２　１１２２１５３３,5016,宮田 龍馬,2026-08-26,2026-08-31,11,びわこ,一般,１５２１３２１　３１[１],2026-08-17,2026-08-21,13,尼崎,一般,１１１３３４１２[３],2026-08-05,2026-08-10,14,鳴門,一般,１　３５２４４２１４３２,2026-07-19,2026-07-24,22,福岡,ＧⅢ,３４１　４４５　４３３,2026-06-08,2026-06-13,13,尼崎,ＧⅠ,１　３３６　３　１２３６
202609112406,2026-09-11,24,06R,5224,西岡 顕心,2026-08-25,2026-08-30,01,桐生,ＳＧ,３２３　４　６６２　２,2026-08-17,2026-08-21,15,丸亀,一般,３５３１２５２５１１,2026-08-06,2026-08-09,02,戸田,一般,１５１１３１[４],2026-07-28,2026-08-02,11,びわこ,ＳＧ,２　１６３　２３２　[４],2026-07-19,2026-07-24,22,福岡,ＧⅢ,４　５３,4571,菅 章哉,2026-08-25,2026-08-30,01,桐生,ＳＧ,１　６　６６２　４４５,2026-08-17,2026-08-21,13,尼崎,一般,１３２３１１１１[２],2026-08-05,2026-08-10,14,鳴門,一般,１５１１１３１　１１[１],2026-06-23,2026-06-28,14,鳴門,ＳＧ,６　F　５４６　６　６,2026-06-08,2026-06-13,13,尼崎,ＧⅠ,５１６　１　４４６　１６,5026,安河内 健,2026-08-21,2026-08-26,06,浜名湖,一般,落３３　１４１５５１５１,2026-08-09,2026-08-14,23,からつ,一般,３１２２１　１１５１[１],2026-07-31,2026-08-03,20,若松,一般,１３２３１３１１,2026-07-22,2026-07-26,13,尼崎,一般,４２１　４２１２[２],2026-07-11,2026-07-16,03,江戸川,一般,１　６２２３３　１２[４],3952,中澤 和志,2026-08-30,2026-09-03,08,常滑,一般,１６１１２３１４１５,2026-08-21,2026-08-24,07,蒲郡,一般,３３１４４３３１,2026-08-12,2026-08-17,02,戸田,一般,３１１　４３５　１　１,2026-07-27,2026-08-01,09,津,一般,２２１,2026-07-18,2026-07-21,04,平和島,一般,４６２６１５３１,4398,船岡 洋一郎,2026-08-29,2026-09-03,19,下関,一般,３１４３１　２１４６３３,2026-08-14,2026-08-19,17,宮島,一般,１３４　６２５１１２[４],2026-08-05,2026-08-10,09,津,一般,４５１１４　１３２４３,2026-07-23,2026-07-28,03,江戸川,ＧⅢ,１４３　１５,2026-07-10,2026-07-15,23,からつ,一般,１２１　１３２１１１[２],4483,北野 輝季,2026-08-26,2026-08-31,11,びわこ,一般,５１２　１１１１３１[５],2026-08-17,2026-08-21,13,尼崎,一般,２５１１１１３１[１],2026-08-03,2026-08-08,04,平和島,ＧⅢ,３２１　３６２２４３１２,2026-07-22,2026-07-27,14,鳴門,一般,５３１２５　１２２３５２,2026-07-07,2026-07-12,20,若松,ＧⅢ,１２２２２　１６２２[６]
202609112407,2026-09-11,24,07R,5088,高憧 四季,2026-08-24,2026-08-29,10,三国,一般,６３４１１　１４３３５６,2026-08-06,2026-08-11,18,徳山,ＧⅠ,５　４３３４５　３　４１,2026-07-28,2026-08-02,15,丸亀,一般,３３２　１４３２３４F１,2026-07-18,2026-07-23,09,津,ＧⅢ,６　５６６６５　３,2026-07-07,2026-07-12,11,びわこ,一般,４１１２２４１３２１[５],4961,西橋 奈未,2026-08-24,2026-08-29,10,三国,一般,２１２　３３５１４４１５,2026-08-06,2026-08-11,18,徳山,ＧⅠ,３２２　３　５１２　[６],2026-07-25,2026-07-30,04,平和島,一般,２２１１２　１２３１[３],2026-07-18,2026-07-21,20,若松,一般,１６３１２３４２,2026-07-07,2026-07-12,02,戸田,ＧⅡ,４６５　４　５５３　１,4482,守屋 美穂,2026-08-27,2026-08-31,04,平和島,一般,１４３３１１４１[３],2026-08-18,2026-08-23,16,児島,一般,１２２　１２３１３１[１],2026-08-06,2026-08-11,18,徳山,ＧⅠ,６２１　１　６１２　[４],2026-06-30,2026-07-05,16,児島,ＧⅡ,５　３３３２４　３　１４,2026-06-21,2026-06-24,10,三国,一般,５５２１３６５５,4688,永井 彪也,2026-08-27,2026-08-31,04,平和島,一般,１１１２５４１２[１],2026-08-15,2026-08-20,05,多摩川,一般,３３４６１　５１１４２２,2026-08-04,2026-08-09,10,三国,一般,３２３１２５２　３４１２,2026-07-23,2026-07-28,03,江戸川,ＧⅢ,２６２　１１４　５　３３,2026-07-10,2026-07-15,06,浜名湖,一般,３１３２１　２１４１[１],3983,須藤 博倫,2026-08-26,2026-08-30,14,鳴門,一般,１４２１４１１２[２],2026-08-12,2026-08-17,02,戸田,一般,１３３２３６１　５　１２,2026-07-31,2026-08-05,06,浜名湖,ＧⅢ,３１４３２５４　３６１３,2026-07-24,2026-07-27,02,戸田,一般,４２１６４１２６,2026-07-13,2026-07-18,07,蒲郡,ＧⅡ,５４２　１　２３１　[６],4075,中野 次郎,2026-08-30,2026-09-02,21,芦屋,一般,１５４２１３５１,2026-08-20,2026-08-23,04,平和島,一般,４１１１２３[１],2026-08-09,2026-08-15,03,江戸川,一般,３５１　５１２　３　[２],2026-07-28,2026-08-02,11,びわこ,ＳＧ,４４１　５　２６４　５４,2026-07-20,2026-07-25,15,丸亀,一般,１３２１６５１　３２[１]
202609112408,2026-09-11,24,08R,3779,原田 幸哉,2026-07-28,2026-08-02,11,びわこ,ＳＧ,６２１　４　２６１　２４,2026-07-13,2026-07-18,07,蒲郡,ＧⅡ,３６５　６　５５１　６６,2026-07-04,2026-07-09,18,徳山,一般,１１３３１　４１２１[２],2026-06-23,2026-06-28,14,鳴門,ＳＧ,１　３６４　３　２２６６,2026-06-13,2026-06-18,08,常滑,ＧⅠ,４５１　５６,5058,前原 大道,2026-08-30,2026-09-02,21,芦屋,一般,３２１１２２[５],2026-08-20,2026-08-23,02,戸田,一般,２１６２４１１２,2026-08-08,2026-08-13,16,児島,一般,４２１４６　１３妨２２,2026-07-31,2026-08-04,13,尼崎,一般,２６１１１３１１[５],2026-07-19,2026-07-24,22,福岡,ＧⅢ,３　２１３３６　５　１５,4910,中村 泰平,2026-08-28,2026-09-02,05,多摩川,ＧⅢ,４５２１３　５５１　４４,2026-08-20,2026-08-23,23,からつ,一般,１６１２４２[４],2026-08-10,2026-08-15,08,常滑,一般,３１６４５　２１２３６１,2026-07-24,2026-07-27,02,戸田,一般,３３２１３３[５],2026-07-15,2026-07-19,08,常滑,一般,４１２１１１２１[１],3415,松井 繁,2026-08-25,2026-08-30,01,桐生,ＳＧ,５　１　５５４　１６３,2026-08-13,2026-08-18,12,住之江,一般,２３１　２５１　２２[５],2026-07-28,2026-08-02,11,びわこ,ＳＧ,６　６２５１４　３６２,2026-07-13,2026-07-18,07,蒲郡,ＧⅡ,３　５１４３２　５　１３,2026-07-03,2026-07-08,13,尼崎,一般,１１１２１　１６２１[２],4543,重木 輝彦,2026-08-29,2026-09-03,16,児島,一般,４４１２３６１　１３２２,2026-08-20,2026-08-25,21,芦屋,一般,１２３　２２１２３１[４],2026-08-09,2026-08-14,13,尼崎,一般,４３１　４４２　４１２４,2026-07-31,2026-08-04,13,尼崎,一般,６３３１６１２　２１,2026-07-27,2026-08-01,09,津,一般,３６３,4715,村上 遼,2026-08-28,2026-08-31,23,からつ,一般,３１１６１４３４,2026-08-17,2026-08-21,13,尼崎,一般,４４１１３３２３６１,2026-08-06,2026-08-10,24,大村,一般,２１２６１１３２[４],2026-07-24,2026-07-29,17,宮島,一般,２４１１１１２　２１[３],2026-07-13,2026-07-18,07,蒲郡,ＧⅡ,５４３　５　４６２　５６
202609112409,2026-09-11,24,09R,4371,西山 貴浩,2026-08-25,2026-08-30,01,桐生,ＳＧ,４　３６２　４　４５２,2026-08-12,2026-08-17,22,福岡,一般,２１６,2026-07-28,2026-08-02,11,びわこ,ＳＧ,１　２４６　５２１　６３,2026-07-07,2026-07-12,20,若松,ＧⅢ,２１２　１１３３３１[２],2026-06-23,2026-06-28,14,鳴門,ＳＧ,４　４３３　４５６　２,4544,松田 大志郎,2026-08-30,2026-09-03,08,常滑,一般,１１４２１２５１[１],2026-08-21,2026-08-24,07,蒲郡,一般,２１２４３１[１],2026-08-10,2026-08-15,21,芦屋,一般,１３４２２１５　１１[３],2026-06-30,2026-07-05,16,児島,ＧⅡ,４　２１４１５　５　１１,2026-06-19,2026-06-24,11,びわこ,一般,２１１２１２２２３３[４],4084,杉山 正樹,2026-08-21,2026-08-24,07,蒲郡,一般,１６１５１４１３,2026-08-10,2026-08-15,08,常滑,一般,５４１１２１３２３４１２,2026-07-31,2026-08-05,05,多摩川,一般,４　４１１２２３５４４１,2026-07-18,2026-07-21,20,若松,一般,３２４５１６３５,2026-07-03,2026-07-08,12,住之江,一般,４２２　４　３３２６２２,4503,上野 真之介,2026-08-27,2026-09-01,07,蒲郡,一般,１１２３１２３２３１[２],2026-08-20,2026-08-23,04,平和島,一般,２３３２１１[５],2026-08-09,2026-08-14,23,からつ,一般,２１１１１　２４２３２１,2026-07-28,2026-08-02,11,びわこ,ＳＧ,１３５　４　１５１　６２,2026-07-10,2026-07-15,23,からつ,一般,２１１１１　２１１１[１],4096,石橋 道友,2026-08-30,2026-09-02,21,芦屋,一般,６６,2026-08-19,2026-08-24,19,下関,一般,１４４　４１２２２２[４],2026-08-06,2026-08-10,24,大村,一般,１１１　１１２１[１],2026-07-20,2026-07-25,15,丸亀,一般,１４３５４　２１３３２１,2026-07-05,2026-07-09,24,大村,一般,６２２　３２１３４１,5028,原田 才一郎,2026-08-30,2026-09-03,08,常滑,一般,５４１１４１３２[６],2026-08-21,2026-08-26,03,江戸川,一般,１６１　２１２１５１[４],2026-08-07,2026-08-12,20,若松,一般,１　２３３４６１２２[４],2026-07-28,2026-07-31,24,大村,一般,１４１２１１[１],2026-07-19,2026-07-24,22,福岡,ＧⅢ,３１２　４４２　２６３１
202609112410,2026-09-11,24,10R,4188,久田 敏之,2026-08-25,2026-08-30,01,桐生,ＳＧ,６　４１４　１２６　１４,2026-08-11,2026-08-16,01,桐生,一般,１２１１１　２２１　[２],2026-08-03,2026-08-08,04,平和島,ＧⅢ,３１１　４１１１３１[５],2026-07-25,2026-07-29,20,若松,一般,２２２４１　２２[３],2026-07-09,2026-07-14,15,丸亀,一般,１１２　１１１１２１[１],4238,毒島 誠,2026-08-25,2026-08-30,01,桐生,ＳＧ,１　３２２２２　１　[２],2026-08-11,2026-08-16,01,桐生,一般,１５２　２２１１１　[１],2026-07-27,2026-07-31,19,下関,一般,４１１２３１１３３１,2026-07-19,2026-07-23,05,多摩川,一般,３１１２２２５２[４],2026-07-07,2026-07-12,02,戸田,ＧⅡ,１　４４４３２　４　５４,4500,山田 康二,2026-08-09,2026-08-14,23,からつ,一般,１２２　１２１２１１[３],2026-07-27,2026-08-01,09,津,一般,１１３１,2026-07-17,2026-07-22,16,児島,ＧⅢ,３５５１１２２　１４１１,2026-07-07,2026-07-12,02,戸田,ＧⅡ,２　２４２４１　５　１２,2026-06-23,2026-06-28,14,鳴門,ＳＧ,６２５　１５５　５３２,3716,石渡 鉄兵,2026-08-25,2026-08-30,01,桐生,ＳＧ,３　２　３５４　１５４３,2026-08-09,2026-08-15,03,江戸川,一般,１　１６２　３１５　４４,2026-07-28,2026-08-02,11,びわこ,ＳＧ,３３４　３　６５４　６,2026-07-18,2026-07-21,04,平和島,一般,２２３１２１[３],2026-07-07,2026-07-12,02,戸田,ＧⅡ,３　４３４　５　５３５,4907,小池 修平,2026-08-28,2026-08-31,23,からつ,一般,２２２１５１[２],2026-08-13,2026-08-18,12,住之江,一般,５　３４４１５３４１４,2026-08-06,2026-08-09,02,戸田,一般,１２１２４　[５],2026-07-23,2026-07-28,03,江戸川,ＧⅢ,１　３１２　２落,2026-07-07,2026-07-12,20,若松,ＧⅢ,３４１３３１１　３２[５],4494,河合 佑樹,2026-08-25,2026-08-30,01,桐生,ＳＧ,５　２６６　１　６４４,2026-08-15,2026-08-20,09,津,一般,１１１２２　１２２１[１],2026-07-07,2026-07-12,02,戸田,ＧⅡ,５５２　５　６３５　２４,2026-06-23,2026-06-28,14,鳴門,ＳＧ,５６４　２　２３１　３５,2026-06-08,2026-06-13,13,尼崎,ＧⅠ,３　６５３　２　３２３
202609112411,2026-09-11,24,11R,4262,馬場 貴也,2026-08-25,2026-08-30,01,桐生,ＳＧ,２４２　５２１　３　３１,2026-08-15,2026-08-20,11,びわこ,一般,２１３２２　２１３１[４],2026-08-08,2026-08-11,05,多摩川,一般,２１６２２１[５],2026-07-28,2026-08-02,11,びわこ,ＳＧ,５３１　１　６３５　１４,2026-07-07,2026-07-12,02,戸田,ＧⅡ,２６１　２６２　１　４３,4174,赤坂 俊輔,2026-08-29,2026-09-03,16,児島,一般,１５４転,2026-08-20,2026-08-23,24,大村,一般,４２１５２５２５,2026-08-07,2026-08-11,15,丸亀,一般,２６４３１２２６４,2026-07-28,2026-07-31,24,大村,一般,２２１２４１[４],2026-07-18,2026-07-21,04,平和島,一般,１３１２１３[１],4960,黒野 元基,2026-08-22,2026-08-27,08,常滑,ＧⅢ,３１４１１６１４４１[４],2026-08-11,2026-08-16,07,蒲郡,一般,２５３２１２１１１１[３],2026-07-29,2026-08-03,22,福岡,一般,２２３４５５１　１４１３,2026-07-15,2026-07-21,12,住之江,一般,１５２１１　３２３４１６２３,2026-07-05,2026-07-09,24,大村,一般,３３２　１１１１[３],4686,丸野 一樹,2026-08-25,2026-08-30,01,桐生,ＳＧ,２１１　６　６５１２２,2026-08-15,2026-08-20,11,びわこ,一般,３１３２６１３　３１[３],2026-07-28,2026-08-02,11,びわこ,ＳＧ,５１３　２　４１２　[５],2026-07-07,2026-07-12,02,戸田,ＧⅡ,２２１　１　１５４　１３,2026-06-23,2026-06-28,14,鳴門,ＳＧ,１　４５５　１　５１３１,4719,上條 暢嵩,2026-08-25,2026-08-30,01,桐生,ＳＧ,５　４２１　２３５　１３,2026-08-13,2026-08-18,12,住之江,一般,１　４１２３１２１１[２],2026-07-28,2026-08-02,11,びわこ,ＳＧ,１５３　５　４１６１４,2026-07-07,2026-07-12,02,戸田,ＧⅡ,３４５　３３２　４　３６,2026-06-23,2026-06-28,14,鳴門,ＳＧ,３４１　４　３６１５１,4335,若林 将,2026-08-15,2026-08-20,05,多摩川,一般,３２５４６　４３４　４,2026-08-04,2026-08-09,12,住之江,一般,３４２　３２４２１３５１,2026-07-23,2026-07-28,03,江戸川,ＧⅢ,２　２２２　２２１　[F],2026-07-10,2026-07-15,06,浜名湖,一般,１４１６１１３　３１[２],2026-07-01,2026-07-06,22,福岡,一般,１５１１５３１　３１[３]
202609112412,2026-09-11,24,12R,3783,瓜生 正義,2026-08-25,2026-08-30,01,桐生,ＳＧ,３　３２５　４　１３４６,2026-08-07,2026-08-12,20,若松,一般,１３３１３　１１５２[６],2026-07-28,2026-08-02,11,びわこ,ＳＧ,５４１　２　６６４　２,2026-07-13,2026-07-18,07,蒲郡,ＧⅡ,４　２２１３２　１　[４],2026-07-02,2026-07-07,04,平和島,一般,５１５１３２１　４６１４,4688,永井 彪也,2026-08-27,2026-08-31,04,平和島,一般,１１１２５４１２[１],2026-08-15,2026-08-20,05,多摩川,一般,３３４６１　５１１４２２,2026-08-04,2026-08-09,10,三国,一般,３２３１２５２　３４１２,2026-07-23,2026-07-28,03,江戸川,ＧⅢ,２６２　１１４　５　３３,2026-07-10,2026-07-15,06,浜名湖,一般,３１３２１　２１４１[１],4352,下條 雄太郎,2026-08-25,2026-08-30,01,桐生,ＳＧ,３　５　４３３　２３３３,2026-08-17,2026-08-21,13,尼崎,一般,２１３２５　４３１２,2026-08-06,2026-08-10,24,大村,一般,２　４１２２１１[３],2026-07-23,2026-07-28,21,芦屋,一般,１３１２２２３　１３３２,2026-07-11,2026-07-16,03,江戸川,一般,３２１　１１１　２１[１],4704,河野 大,2026-08-30,2026-09-03,08,常滑,一般,４６６２２　１３１３,2026-08-20,2026-08-23,23,からつ,一般,５１１３１２[３],2026-08-05,2026-08-10,14,鳴門,一般,１４１５２　３４１６６５,2026-07-24,2026-07-27,02,戸田,一般,２４１２１２[６],2026-07-14,2026-07-19,21,芦屋,一般,４４２　１１２２１５３３,4524,深谷 知博,2026-08-29,2026-09-03,19,下関,一般,３１５　２１１２４１[３],2026-06-23,2026-06-28,14,鳴門,ＳＧ,３　１５５　５　３５５,2026-06-08,2026-06-13,13,尼崎,ＧⅠ,４　６４５３１　３　１,2026-05-26,2026-05-31,06,浜名湖,ＳＧ,５４３　２　５１３　５５,2026-05-15,2026-05-20,21,芦屋,ＧⅠ,５１３　４　６１４　３５,5088,高憧 四季,2026-08-24,2026-08-29,10,三国,一般,６３４１１　１４３３５６,2026-08-06,2026-08-11,18,徳山,ＧⅠ,５　４３３４５　３　４１,2026-07-28,2026-08-02,15,丸亀,一般,３３２　１４３２３４F１,2026-07-18,2026-07-23,09,津,ＧⅢ,６　５６６６５　３,2026-07-07,2026-07-12,11,びわこ,一般,４１１２２４１３２１[５]
