レースコード,レース日,レース場コード,レース回,艇1_登録番号,艇1_選手名,艇1_前1節_開始日,艇1_前1節_終了日,艇1_前1節_場コード,艇1_前1節_場名,艇1_前1節_グレード,艇1_前1節_着順列,艇1_前2節_開始日,艇1_前2節_終了日,艇1_前2節_場コード,艇1_前2節_場名,艇1_前2節_グレード,艇1_前2節_着順列,艇1_前3節_開始日,艇1_前3節_終了日,艇1_前3節_場コード,艇1_前3節_場名,艇1_前3節_グレード,艇1_前3節_着順列,艇1_前4節_開始日,艇1_前4節_終了日,艇1_前4節_場コード,艇1_前4節_場名,艇1_前4節_グレード,艇1_前4節_着順列,艇1_前5節_開始日,艇1_前5節_終了日,艇1_前5節_場コード,艇1_前5節_場名,艇1_前5節_グレード,艇1_前5節_着順列,艇2_登録番号,艇2_選手名,艇2_前1節_開始日,艇2_前1節_終了日,艇2_前1節_場コード,艇2_前1節_場名,艇2_前1節_グレード,艇2_前1節_着順列,艇2_前2節_開始日,艇2_前2節_終了日,艇2_前2節_場コード,艇2_前2節_場名,艇2_前2節_グレード,艇2_前2節_着順列,艇2_前3節_開始日,艇2_前3節_終了日,艇2_前3節_場コード,艇2_前3節_場名,艇2_前3節_グレード,艇2_前3節_着順列,艇2_前4節_開始日,艇2_前4節_終了日,艇2_前4節_場コード,艇2_前4節_場名,艇2_前4節_グレード,艇2_前4節_着順列,艇2_前5節_開始日,艇2_前5節_終了日,艇2_前5節_場コード,艇2_前5節_場名,艇2_前5節_グレード,艇2_前5節_着順列,艇3_登録番号,艇3_選手名,艇3_前1節_開始日,艇3_前1節_終了日,艇3_前1節_場コード,艇3_前1節_場名,艇3_前1節_グレード,艇3_前1節_着順列,艇3_前2節_開始日,艇3_前2節_終了日,艇3_前2節_場コード,艇3_前2節_場名,艇3_前2節_グレード,艇3_前2節_着順列,艇3_前3節_開始日,艇3_前3節_終了日,艇3_前3節_場コード,艇3_前3節_場名,艇3_前3節_グレード,艇3_前3節_着順列,艇3_前4節_開始日,艇3_前4節_終了日,艇3_前4節_場コード,艇3_前4節_場名,艇3_前4節_グレード,艇3_前4節_着順列,艇3_前5節_開始日,艇3_前5節_終了日,艇3_前5節_場コード,艇3_前5節_場名,艇3_前5節_グレード,艇3_前5節_着順列,艇4_登録番号,艇4_選手名,艇4_前1節_開始日,艇4_前1節_終了日,艇4_前1節_場コード,艇4_前1節_場名,艇4_前1節_グレード,艇4_前1節_着順列,艇4_前2節_開始日,艇4_前2節_終了日,艇4_前2節_場コード,艇4_前2節_場名,艇4_前2節_グレード,艇4_前2節_着順列,艇4_前3節_開始日,艇4_前3節_終了日,艇4_前3節_場コード,艇4_前3節_場名,艇4_前3節_グレード,艇4_前3節_着順列,艇4_前4節_開始日,艇4_前4節_終了日,艇4_前4節_場コード,艇4_前4節_場名,艇4_前4節_グレード,艇4_前4節_着順列,艇4_前5節_開始日,艇4_前5節_終了日,艇4_前5節_場コード,艇4_前5節_場名,艇4_前5節_グレード,艇4_前5節_着順列,艇5_登録番号,艇5_選手名,艇5_前1節_開始日,艇5_前1節_終了日,艇5_前1節_場コード,艇5_前1節_場名,艇5_前1節_グレード,艇5_前1節_着順列,艇5_前2節_開始日,艇5_前2節_終了日,艇5_前2節_場コード,艇5_前2節_場名,艇5_前2節_グレード,艇5_前2節_着順列,艇5_前3節_開始日,艇5_前3節_終了日,艇5_前3節_場コード,艇5_前3節_場名,艇5_前3節_グレード,艇5_前3節_着順列,艇5_前4節_開始日,艇5_前4節_終了日,艇5_前4節_場コード,艇5_前4節_場名,艇5_前4節_グレード,艇5_前4節_着順列,艇5_前5節_開始日,艇5_前5節_終了日,艇5_前5節_場コード,艇5_前5節_場名,艇5_前5節_グレード,艇5_前5節_着順列,艇6_登録番号,艇6_選手名,艇6_前1節_開始日,艇6_前1節_終了日,艇6_前1節_場コード,艇6_前1節_場名,艇6_前1節_グレード,艇6_前1節_着順列,艇6_前2節_開始日,艇6_前2節_終了日,艇6_前2節_場コード,艇6_前2節_場名,艇6_前2節_グレード,艇6_前2節_着順列,艇6_前3節_開始日,艇6_前3節_終了日,艇6_前3節_場コード,艇6_前3節_場名,艇6_前3節_グレード,艇6_前3節_着順列,艇6_前4節_開始日,艇6_前4節_終了日,艇6_前4節_場コード,艇6_前4節_場名,艇6_前4節_グレード,艇6_前4節_着順列,艇6_前5節_開始日,艇6_前5節_終了日,艇6_前5節_場コード,艇6_前5節_場名,艇6_前5節_グレード,艇6_前5節_着順列
202609120201,2026-09-12,02,01R,4973,栗原 直也,2026-08-28,2026-09-02,05,多摩川,ＧⅢ,１２４　２４２３５転,2026-08-19,2026-08-24,19,下関,一般,４６１６３　５　３６２１,2026-06-14,2026-06-18,01,桐生,一般,２　４３３５５２２,2026-05-29,2026-06-03,11,びわこ,一般,１　４１６２３３３エ１３,2026-05-16,2026-05-21,14,鳴門,一般,２　５６４６６３５　４１,4846,佐藤 駿介,2026-08-26,2026-08-31,11,びわこ,一般,５６３　５　５５４　６５,2026-08-11,2026-08-16,19,下関,一般,３５５　６　２５２　３２,2026-07-28,2026-07-31,24,大村,一般,６４６　２　６２,2026-07-14,2026-07-19,01,桐生,一般,１３２４３　６　１５６６,2026-06-30,2026-07-04,19,下関,一般,１３５６４　５　５３,5313,鈴木 唯央,2026-08-26,2026-08-31,11,びわこ,一般,５２４　６　４４２　３４,2026-07-22,2026-07-25,24,大村,一般,６　５５３　３３,2026-07-09,2026-07-13,16,児島,一般,５　３３４３２　４４,2026-06-24,2026-06-29,09,津,一般,１　４F３３３　６　５,2026-05-13,2026-05-18,19,下関,一般,５５６　４　５５３　５２,4865,立具 敬司,2026-08-05,2026-08-10,14,鳴門,一般,６６２　３１６　６３６,2026-07-22,2026-07-26,13,尼崎,一般,６　６５２　１６５,2026-07-04,2026-07-09,01,桐生,一般,３　F４４　３５４　６,2026-02-22,2026-02-28,12,住之江,一般,１３６　３　５１３　６４３５,2026-02-11,2026-02-14,14,鳴門,一般,３５５　４１５２,5008,羽野 諒,2026-08-26,2026-08-30,14,鳴門,一般,４　３４５　３１１１,2026-08-12,2026-08-17,22,福岡,一般,２　１３５４５５３　４５,2026-08-02,2026-08-05,21,芦屋,一般,６４２　３４６,2026-07-17,2026-07-22,16,児島,ＧⅢ,３　３５１４６　６６３,2026-07-02,2026-07-07,04,平和島,一般,１　６４４４１　２４４,5455,澁澤 周羽,2026-08-27,2026-09-01,07,蒲郡,一般,６６６　６　６　６４５６,2026-08-11,2026-08-16,01,桐生,一般,６　４　６６６　６３５,2026-07-24,2026-07-27,06,浜名湖,一般,６　５６６　６６,2026-07-10,2026-07-14,09,津,一般,６６６　６　６５５６,2026-06-27,2026-07-01,02,戸田,一般,６　６６５　６６５
202609120202,2026-09-12,02,02R,3161,古場 輝義,2026-08-29,2026-09-03,16,児島,一般,３３３　４６３,2026-08-17,2026-08-20,20,若松,一般,２５２６５５３３,2026-08-03,2026-08-08,04,平和島,ＧⅢ,４１６　４４４　４６６,2026-07-15,2026-07-21,12,住之江,一般,５　５４,2026-07-05,2026-07-09,05,多摩川,一般,２　２３３５２４３５,4762,藤原 啓史朗,2026-08-29,2026-09-03,19,下関,一般,１５４２２　１３４３４１,2026-08-20,2026-08-23,23,からつ,一般,１１３１４１[転],2026-08-08,2026-08-13,16,児島,一般,３４１１３３１　２３[３],2026-07-25,2026-07-29,20,若松,一般,１４１２２　１２[６],2026-07-14,2026-07-19,21,芦屋,一般,２３２３２　１２４１[１],4451,松崎 祐太郎,2026-08-27,2026-09-01,07,蒲郡,一般,１４２　２３２２１１[３],2026-08-12,2026-08-17,22,福岡,一般,３　妨６,2026-08-03,2026-08-08,19,下関,一般,４　３２５２２３２４１２,2026-07-22,2026-07-27,14,鳴門,一般,妨１,2026-07-10,2026-07-15,22,福岡,一般,３５１　６欠,3072,西田 靖,2026-08-30,2026-09-03,08,常滑,一般,３　１６３６６２３,2026-08-15,2026-08-20,05,多摩川,一般,３５２　２　４３３６５３,2026-08-02,2026-08-05,21,芦屋,一般,６６６　５６６,2026-07-19,2026-07-23,05,多摩川,一般,１　６　１１２４２５,2026-07-07,2026-07-12,10,三国,ＧⅢ,６１６　６５４　６　５６,3834,細川 明人,2026-08-28,2026-08-31,23,からつ,一般,６５５　４　４２,2026-08-17,2026-08-20,20,若松,一般,６４４　３４６２,2026-08-04,2026-08-09,10,三国,一般,５６３　６　６２３　５１,2026-07-23,2026-07-28,21,芦屋,一般,２４５　６６２　２６,2026-07-09,2026-07-14,15,丸亀,一般,６　５５４　５３４　３１,3692,竹腰 正樹,2026-09-03,2026-09-08,10,三国,一般,６　５１１　５２２２[６],2026-08-25,2026-08-30,17,宮島,一般,３６１　６３１　３１４３,2026-08-14,2026-08-19,10,三国,一般,４　３４２　４４５５２,2026-08-05,2026-08-10,09,津,一般,２　２３２２３４２６１５,2026-07-22,2026-07-27,14,鳴門,一般,５　６５４１５　１４５１
202609120203,2026-09-12,02,03R,4572,渡部 悟,2026-08-28,2026-09-02,05,多摩川,ＧⅢ,４　１５４５６　５３４６,2026-08-13,2026-08-18,12,住之江,一般,２　２２３　５３５５２４,2026-08-03,2026-08-08,17,宮島,一般,３　３３２　１４１４２３,2026-07-22,2026-07-26,13,尼崎,一般,２４３　４５３　１６,2026-07-02,2026-07-07,04,平和島,一般,４２２　１１６　３６５３,4649,和田 操拓,2026-08-28,2026-09-02,05,多摩川,ＧⅢ,１４１　１　２５２３転３,2026-08-15,2026-08-20,11,びわこ,一般,３３１　３５３３４５１６,2026-08-05,2026-08-10,09,津,一般,３２１　３５３４２５１３,2026-07-23,2026-07-27,01,桐生,一般,１４４　２５３４１４,2026-07-10,2026-07-15,06,浜名湖,一般,５１６　６６５　６　５,5259,野田 昇吾,2026-08-21,2026-08-26,03,江戸川,一般,５　５５３　３４２　３不,2026-08-05,2026-08-10,09,津,一般,３　２　３５１　５　４,2026-07-05,2026-07-09,05,多摩川,一般,６　３　５６６３４５,2026-06-21,2026-06-26,16,児島,一般,５　５６６　６３５　５６,2026-06-05,2026-06-10,01,桐生,一般,６　３４４　６５６　３５,5126,山下 大輝,2026-08-29,2026-09-03,16,児島,一般,４６,2026-08-20,2026-08-23,24,大村,一般,１４２５２２[３],2026-08-09,2026-08-14,13,尼崎,一般,１　１４３２１　５　１３,2026-07-23,2026-07-27,01,桐生,一般,２３２３１　５１[６],2026-07-12,2026-07-16,05,多摩川,一般,１３３１１２３１[１],4866,橋本 英一,2026-08-26,2026-08-31,11,びわこ,一般,３２５　５２５　６５２,2026-08-12,2026-08-17,22,福岡,一般,４　４４６　１５６　３４,2026-07-24,2026-07-29,17,宮島,一般,１５３　６６１　４　５５,2026-07-14,2026-07-17,24,大村,一般,６　３３４　１６,2026-06-30,2026-07-05,06,浜名湖,一般,２１２　４６３１１６２落,4363,大野 芳顕,2026-08-29,2026-09-03,19,下関,一般,４　４５３１３４１　２４,2026-08-20,2026-08-23,24,大村,一般,２４５　３転１,2026-08-10,2026-08-15,21,芦屋,一般,５　２５１６２　５１３３,2026-07-22,2026-07-26,13,尼崎,一般,３５３　１１４５妨４,2026-07-07,2026-07-12,20,若松,ＧⅢ,５　４２５５５４３　４３
202609120204,2026-09-12,02,04R,4692,酒井 俊弘,2026-08-28,2026-09-02,05,多摩川,ＧⅢ,６　２６３１落,2026-08-15,2026-08-20,11,びわこ,一般,５　６３５　６４６　５６,2026-07-28,2026-08-02,16,児島,一般,５４１３６　４　３２６４,2026-07-18,2026-07-21,04,平和島,一般,４２２　１１２４,2026-06-13,2026-06-16,06,浜名湖,一般,５６５６２　５４,4370,山口 達也,2026-08-19,2026-08-24,19,下関,一般,５１２　１２２１２１[６],2026-08-08,2026-08-13,16,児島,一般,３５３　２１１１２１[２],2026-07-07,2026-07-12,20,若松,ＧⅢ,４２１　１１４１１１[１],2026-06-30,2026-07-05,16,児島,ＧⅡ,１３６　２　３４６　２６,2026-06-17,2026-06-22,24,大村,ＧⅡ,６２４　５６２　３６６,3075,中村 裕将,2026-08-12,2026-08-17,02,戸田,一般,２　２転４　２３３５２５,2026-08-02,2026-08-05,21,芦屋,一般,３４４　６６２,2026-07-19,2026-07-23,05,多摩川,一般,２　５５５　２５５４,2026-07-03,2026-07-08,12,住之江,一般,６５６　５４３　１　４,2026-06-24,2026-06-29,09,津,一般,２１６　２１３　４３１４,4886,入海 馨,2026-08-29,2026-09-03,16,児島,一般,６３２　１３１３１２[４],2026-08-20,2026-08-23,04,平和島,一般,３２１１４　[２],2026-08-07,2026-08-11,15,丸亀,一般,４１６５１１４２[３],2026-07-28,2026-08-02,11,びわこ,ＳＧ,６　５４１　３　転２３,2026-07-12,2026-07-16,05,多摩川,一般,１２４２４　２２[３],4163,山崎 裕司,2026-08-29,2026-09-03,19,下関,一般,１　４２３３３　２４１３,2026-08-14,2026-08-19,17,宮島,一般,５　４３６４５１２　５１,2026-08-05,2026-08-10,09,津,一般,６　６２１　６５１　４１,2026-07-20,2026-07-25,15,丸亀,一般,４　５２２４３２２６３,2026-07-11,2026-07-14,04,平和島,一般,３２３５２　１４,4887,富澤 祐作,2026-08-23,2026-08-27,18,徳山,一般,３１３　２６２６エ欠,2026-07-18,2026-07-21,04,平和島,一般,１５３５３　１５,2026-07-03,2026-07-08,12,住之江,一般,２４１　６４６　３５２,2026-06-22,2026-06-27,22,福岡,一般,３　５６F５５　６　６,2026-06-07,2026-06-12,09,津,一般,２４５　１１２　３４１２
202609120205,2026-09-12,02,05R,3711,江本 真治,2026-08-31,2026-09-05,18,徳山,一般,４３５　４３３２３１５３,2026-08-19,2026-08-24,19,下関,一般,１　３３２６３３１６１６,2026-07-13,2026-07-18,07,蒲郡,ＧⅡ,２　２４５　６　２５３４,2026-07-04,2026-07-09,18,徳山,一般,１４３４３　４３２３１３,2026-06-21,2026-06-24,19,下関,一般,３　３４２２３２,4865,立具 敬司,2026-08-05,2026-08-10,14,鳴門,一般,６６２　３１６　６３６,2026-07-22,2026-07-26,13,尼崎,一般,６　６５２　１６５,2026-07-04,2026-07-09,01,桐生,一般,３　F４４　３５４　６,2026-02-22,2026-02-28,12,住之江,一般,１３６　３　５１３　６４３５,2026-02-11,2026-02-14,14,鳴門,一般,３５５　４１５２,3589,西村 勝,2026-08-27,2026-08-31,04,平和島,一般,４　６５４　１４６６,2026-08-16,2026-08-19,14,鳴門,一般,５３５　３２５２,2026-07-07,2026-07-12,08,常滑,一般,１　６６２４４　４６６６,2026-06-27,2026-07-01,02,戸田,一般,４　６３６　６６６,2026-06-14,2026-06-17,12,住之江,一般,２　４６F　６,4351,里岡 右貴,2026-08-31,2026-09-05,18,徳山,一般,１４４　３１１２４１[２],2026-07-24,2026-07-29,17,宮島,一般,４２２３２　１３２２[２],2026-07-10,2026-07-15,22,福岡,一般,１５１　３２２１５１[３],2026-06-24,2026-06-29,09,津,一般,３２４F３１４　３　４,2026-06-15,2026-06-20,21,芦屋,一般,１２１４２　２４３１[１],4708,半田 尚也,2026-08-25,2026-08-30,17,宮島,一般,３　４４１　４２１６２３,2026-08-05,2026-08-10,14,鳴門,一般,３　２１５５４　転４３,2026-07-24,2026-07-29,17,宮島,一般,転３４　２　４５３５３１,2026-07-09,2026-07-13,16,児島,一般,３　１２３５２６１５,2026-05-29,2026-06-03,11,びわこ,一般,４５３　６４６　４３５,4615,板倉 敦史,2026-08-20,2026-08-23,24,大村,一般,４　４２５　５４,2026-08-09,2026-08-15,03,江戸川,一般,５６４　３１３　４３１６,2026-07-25,2026-07-29,20,若松,一般,４　４２１３４５２４,2026-07-14,2026-07-19,21,芦屋,一般,５　５３６　５２２　６４,2026-07-02,2026-07-07,04,平和島,一般,４　４５３　２６４　１４
202609120206,2026-09-12,02,06R,4325,新出 浩司,2026-08-30,2026-09-02,21,芦屋,一般,６５３　５４５３,2026-08-15,2026-08-20,11,びわこ,一般,４　２３３５３　２４４６,2026-07-25,2026-07-29,20,若松,一般,３６３　４５３　４３,2026-07-10,2026-07-14,09,津,一般,３４１　４３１４２６,2026-06-28,2026-07-01,10,三国,一般,３３４　４５３,4539,金子 賢志,2026-08-29,2026-09-03,19,下関,一般,４４３３１　２６３２[５],2026-08-11,2026-08-16,01,桐生,一般,１　５２２　２３２　[６],2026-08-03,2026-08-08,04,平和島,ＧⅢ,４　３２１３５５１　４１,2026-07-24,2026-07-27,12,住之江,一般,１６３　３４１３,2026-07-13,2026-07-18,07,蒲郡,ＧⅡ,４６３　３　１５４３６,4388,是澤 孝宏,2026-08-29,2026-09-03,16,児島,一般,２４２１５　４１４４１５,2026-08-15,2026-08-20,11,びわこ,一般,２１２２４　１２２２[１],2026-08-03,2026-08-08,17,宮島,一般,１　４２３２３３４２[５],2026-07-18,2026-07-22,10,三国,一般,６３１４３　５５１２,2026-07-10,2026-07-13,19,下関,一般,２　４２２２[２],3692,竹腰 正樹,2026-09-03,2026-09-08,10,三国,一般,６　５１１　５２２２[６],2026-08-25,2026-08-30,17,宮島,一般,３６１　６３１　３１４３,2026-08-14,2026-08-19,10,三国,一般,４　３４２　４４５５２,2026-08-05,2026-08-10,09,津,一般,２　２３２２３４２６１５,2026-07-22,2026-07-27,14,鳴門,一般,５　６５４１５　１４５１,5455,澁澤 周羽,2026-08-27,2026-09-01,07,蒲郡,一般,６６６　６　６　６４５６,2026-08-11,2026-08-16,01,桐生,一般,６　４　６６６　６３５,2026-07-24,2026-07-27,06,浜名湖,一般,６　５６６　６６,2026-07-10,2026-07-14,09,津,一般,６６６　６　６５５６,2026-06-27,2026-07-01,02,戸田,一般,６　６６５　６６５,4295,小坂 尚哉,2026-08-29,2026-09-03,19,下関,一般,２２２１１　１１２１[１],2026-08-20,2026-08-23,04,平和島,一般,５５２３２１３１,2026-08-09,2026-08-14,13,尼崎,一般,１２２　２４２２３　３１,2026-07-29,2026-08-03,23,からつ,一般,１２２２２　１３４１[１],2026-07-15,2026-07-21,12,住之江,一般,５　１１２２３　１１２３[３]
202609120207,2026-09-12,02,07R,4467,渡邉 俊介,2026-08-30,2026-09-03,08,常滑,一般,４５３　１６４落５,2026-08-11,2026-08-16,07,蒲郡,一般,３３３　４４１　２６１６,2026-07-28,2026-08-02,15,丸亀,一般,５　３５５　１３３５２３,2026-07-16,2026-07-21,11,びわこ,一般,３５５３２,2026-07-07,2026-07-12,02,戸田,ＧⅡ,２　４５２　４　２４４,5259,野田 昇吾,2026-08-21,2026-08-26,03,江戸川,一般,５　５５３　３４２　３不,2026-08-05,2026-08-10,09,津,一般,３　２　３５１　５　４,2026-07-05,2026-07-09,05,多摩川,一般,６　３　５６６３４５,2026-06-21,2026-06-26,16,児島,一般,５　５６６　６３５　５６,2026-06-05,2026-06-10,01,桐生,一般,６　３４４　６５６　３５,3814,金子 貴志,2026-08-25,2026-08-30,17,宮島,一般,５　３５４　３５２４５５,2026-08-14,2026-08-19,10,三国,一般,１　２１２５３３３６５５,2026-08-05,2026-08-10,09,津,一般,３６３　４２５　２５２４,2026-07-22,2026-07-26,13,尼崎,一般,４３６　５４４　３,2026-07-10,2026-07-15,06,浜名湖,一般,６５５　４２１　３　２５,4631,新井 英孝,2026-08-28,2026-09-02,05,多摩川,ＧⅢ,５６６　転　６５３　３５,2026-08-13,2026-08-18,12,住之江,一般,４６F６２　３　５　４,2026-08-03,2026-08-08,04,平和島,ＧⅢ,５３６　６　６６,2026-07-20,2026-07-25,15,丸亀,一般,１３２　２６３　１６３５,2026-07-09,2026-07-13,16,児島,一般,１３３　４４３　１２,4846,佐藤 駿介,2026-08-26,2026-08-31,11,びわこ,一般,５６３　５　５５４　６５,2026-08-11,2026-08-16,19,下関,一般,３５５　６　２５２　３２,2026-07-28,2026-07-31,24,大村,一般,６４６　２　６２,2026-07-14,2026-07-19,01,桐生,一般,１３２４３　６　１５６６,2026-06-30,2026-07-04,19,下関,一般,１３５６４　５　５３,4555,富永 大一,2026-08-26,2026-08-31,11,びわこ,一般,２　３３２５４６４　１６,2026-08-12,2026-08-17,22,福岡,一般,２６３　４６３　５３４５,2026-07-24,2026-07-29,17,宮島,一般,５３４　６３４　４　３３,2026-07-14,2026-07-19,21,芦屋,一般,１３２　４２５　５１[２],2026-06-25,2026-06-30,13,尼崎,一般,２　３４３１６　３６６４
202609120208,2026-09-12,02,08R,4674,池田 剛規,2026-08-25,2026-08-30,09,津,一般,４３２　３５５　４２[３],2026-08-12,2026-08-17,22,福岡,一般,３３６　２３２２１４３５,2026-07-24,2026-07-29,17,宮島,一般,２　１２５　２５３４４４,2026-07-14,2026-07-17,24,大村,一般,５３４　５　１２,2026-06-30,2026-07-04,19,下関,一般,１　５２１５３２[３],4883,岡部 大輝,2026-08-30,2026-09-03,08,常滑,一般,２１２５１２２５１１,2026-08-15,2026-08-20,05,多摩川,一般,６　３６６　４２５　１５,2026-08-04,2026-08-09,12,住之江,一般,４１１　２２１　１１[４],2026-07-27,2026-07-31,19,下関,一般,１　１６５１３１[３],2026-07-18,2026-07-22,10,三国,一般,３　２５１１１３２２,3072,西田 靖,2026-08-30,2026-09-03,08,常滑,一般,３　１６３６６２３,2026-08-15,2026-08-20,05,多摩川,一般,３５２　２　４３３６５３,2026-08-02,2026-08-05,21,芦屋,一般,６６６　５６６,2026-07-19,2026-07-23,05,多摩川,一般,１　６　１１２４２５,2026-07-07,2026-07-12,10,三国,ＧⅢ,６１６　６５４　６　５６,4866,橋本 英一,2026-08-26,2026-08-31,11,びわこ,一般,３２５　５２５　６５２,2026-08-12,2026-08-17,22,福岡,一般,４　４４６　１５６　３４,2026-07-24,2026-07-29,17,宮島,一般,１５３　６６１　４　５５,2026-07-14,2026-07-17,24,大村,一般,６　３３４　１６,2026-06-30,2026-07-05,06,浜名湖,一般,２１２　４６３１１６２落,4370,山口 達也,2026-08-19,2026-08-24,19,下関,一般,５１２　１２２１２１[６],2026-08-08,2026-08-13,16,児島,一般,３５３　２１１１２１[２],2026-07-07,2026-07-12,20,若松,ＧⅢ,４２１　１１４１１１[１],2026-06-30,2026-07-05,16,児島,ＧⅡ,１３６　２　３４６　２６,2026-06-17,2026-06-22,24,大村,ＧⅡ,６２４　５６２　３６６,4706,三浦 洋次朗,2026-08-31,2026-09-05,18,徳山,一般,１　３５２２３３２４１３,2026-07-24,2026-07-29,17,宮島,一般,４　６６４６２６２　１２,2026-07-14,2026-07-19,01,桐生,一般,２５２　２６５　６６４,2026-06-30,2026-07-05,16,児島,ＧⅡ,４　F　２５６　転,2026-06-21,2026-06-24,10,三国,一般,１５５２２５３６
202609120209,2026-09-12,02,09R,4163,山崎 裕司,2026-08-29,2026-09-03,19,下関,一般,１　４２３３３　２４１３,2026-08-14,2026-08-19,17,宮島,一般,５　４３６４５１２　５１,2026-08-05,2026-08-10,09,津,一般,６　６２１　６５１　４１,2026-07-20,2026-07-25,15,丸亀,一般,４　５２２４３２２６３,2026-07-11,2026-07-14,04,平和島,一般,３２３５２　１４,3834,細川 明人,2026-08-28,2026-08-31,23,からつ,一般,６５５　４　４２,2026-08-17,2026-08-20,20,若松,一般,６４４　３４６２,2026-08-04,2026-08-09,10,三国,一般,５６３　６　６２３　５１,2026-07-23,2026-07-28,21,芦屋,一般,２４５　６６２　２６,2026-07-09,2026-07-14,15,丸亀,一般,６　５５４　５３４　３１,3711,江本 真治,2026-08-31,2026-09-05,18,徳山,一般,４３５　４３３２３１５３,2026-08-19,2026-08-24,19,下関,一般,１　３３２６３３１６１６,2026-07-13,2026-07-18,07,蒲郡,ＧⅡ,２　２４５　６　２５３４,2026-07-04,2026-07-09,18,徳山,一般,１４３４３　４３２３１３,2026-06-21,2026-06-24,19,下関,一般,３　３４２２３２,5220,青木 蓮,2026-09-01,2026-09-04,24,大村,一般,１　３落３１４３,2026-08-22,2026-08-27,08,常滑,ＧⅢ,４６４　１６,2026-08-12,2026-08-17,02,戸田,一般,３１５　１１３　３　３１,2026-07-29,2026-08-01,18,徳山,一般,２　３１２１[４],2026-07-18,2026-07-23,09,津,ＧⅢ,１２４　５　転２１１１６,5126,山下 大輝,2026-08-29,2026-09-03,16,児島,一般,４６,2026-08-20,2026-08-23,24,大村,一般,１４２５２２[３],2026-08-09,2026-08-14,13,尼崎,一般,１　１４３２１　５　１３,2026-07-23,2026-07-27,01,桐生,一般,２３２３１　５１[６],2026-07-12,2026-07-16,05,多摩川,一般,１３３１１２３１[１],5313,鈴木 唯央,2026-08-26,2026-08-31,11,びわこ,一般,５２４　６　４４２　３４,2026-07-22,2026-07-25,24,大村,一般,６　５５３　３３,2026-07-09,2026-07-13,16,児島,一般,５　３３４３２　４４,2026-06-24,2026-06-29,09,津,一般,１　４F３３３　６　５,2026-05-13,2026-05-18,19,下関,一般,５５６　４　５５３　５２
202609120210,2026-09-12,02,10R,4886,入海 馨,2026-08-29,2026-09-03,16,児島,一般,６３２　１３１３１２[４],2026-08-20,2026-08-23,04,平和島,一般,３２１１４　[２],2026-08-07,2026-08-11,15,丸亀,一般,４１６５１１４２[３],2026-07-28,2026-08-02,11,びわこ,ＳＧ,６　５４１　３　転２３,2026-07-12,2026-07-16,05,多摩川,一般,１２４２４　２２[３],4295,小坂 尚哉,2026-08-29,2026-09-03,19,下関,一般,２２２１１　１１２１[１],2026-08-20,2026-08-23,04,平和島,一般,５５２３２１３１,2026-08-09,2026-08-14,13,尼崎,一般,１２２　２４２２３　３１,2026-07-29,2026-08-03,23,からつ,一般,１２２２２　１３４１[１],2026-07-15,2026-07-21,12,住之江,一般,５　１１２２３　１１２３[３],4973,栗原 直也,2026-08-28,2026-09-02,05,多摩川,ＧⅢ,１２４　２４２３５転,2026-08-19,2026-08-24,19,下関,一般,４６１６３　５　３６２１,2026-06-14,2026-06-18,01,桐生,一般,２　４３３５５２２,2026-05-29,2026-06-03,11,びわこ,一般,１　４１６２３３３エ１３,2026-05-16,2026-05-21,14,鳴門,一般,２　５６４６６３５　４１,4708,半田 尚也,2026-08-25,2026-08-30,17,宮島,一般,３　４４１　４２１６２３,2026-08-05,2026-08-10,14,鳴門,一般,３　２１５５４　転４３,2026-07-24,2026-07-29,17,宮島,一般,転３４　２　４５３５３１,2026-07-09,2026-07-13,16,児島,一般,３　１２３５２６１５,2026-05-29,2026-06-03,11,びわこ,一般,４５３　６４６　４３５,4363,大野 芳顕,2026-08-29,2026-09-03,19,下関,一般,４　４５３１３４１　２４,2026-08-20,2026-08-23,24,大村,一般,２４５　３転１,2026-08-10,2026-08-15,21,芦屋,一般,５　２５１６２　５１３３,2026-07-22,2026-07-26,13,尼崎,一般,３５３　１１４５妨４,2026-07-07,2026-07-12,20,若松,ＧⅢ,５　４２５５５４３　４３,4578,藤山 雅弘,2026-08-31,2026-09-05,18,徳山,一般,２５４６３１１　１６４６,2026-08-20,2026-08-25,21,芦屋,一般,３　５１４２３６２　６１,2026-07-29,2026-08-03,22,福岡,一般,４３６３２　３３１５１５,2026-07-18,2026-07-22,10,三国,一般,６　１３５６２　４１,2026-07-10,2026-07-14,09,津,一般,１２２５２　２３４１
202609120211,2026-09-12,02,11R,5038,金田 智博,2026-08-28,2026-09-02,05,多摩川,ＧⅢ,３３２　１５５４２　１２,2026-08-14,2026-08-19,10,三国,一般,２５４　１５１４２３２１,2026-08-05,2026-08-10,09,津,一般,１４２４１　１２１２[３],2026-07-23,2026-07-28,03,江戸川,ＧⅢ,１　２５１　１２２　[５],2026-07-10,2026-07-15,23,からつ,一般,３５２５３４１　１　１６,3075,中村 裕将,2026-08-12,2026-08-17,02,戸田,一般,２　２転４　２３３５２５,2026-08-02,2026-08-05,21,芦屋,一般,３４４　６６２,2026-07-19,2026-07-23,05,多摩川,一般,２　５５５　２５５４,2026-07-03,2026-07-08,12,住之江,一般,６５６　５４３　１　４,2026-06-24,2026-06-29,09,津,一般,２１６　２１３　４３１４,4467,渡邉 俊介,2026-08-30,2026-09-03,08,常滑,一般,４５３　１６４落５,2026-08-11,2026-08-16,07,蒲郡,一般,３３３　４４１　２６１６,2026-07-28,2026-08-02,15,丸亀,一般,５　３５５　１３３５２３,2026-07-16,2026-07-21,11,びわこ,一般,３５５３２,2026-07-07,2026-07-12,02,戸田,ＧⅡ,２　４５２　４　２４４,3589,西村 勝,2026-08-27,2026-08-31,04,平和島,一般,４　６５４　１４６６,2026-08-16,2026-08-19,14,鳴門,一般,５３５　３２５２,2026-07-07,2026-07-12,08,常滑,一般,１　６６２４４　４６６６,2026-06-27,2026-07-01,02,戸田,一般,４　６３６　６６６,2026-06-14,2026-06-17,12,住之江,一般,２　４６F　６,4539,金子 賢志,2026-08-29,2026-09-03,19,下関,一般,４４３３１　２６３２[５],2026-08-11,2026-08-16,01,桐生,一般,１　５２２　２３２　[６],2026-08-03,2026-08-08,04,平和島,ＧⅢ,４　３２１３５５１　４１,2026-07-24,2026-07-27,12,住之江,一般,１６３　３４１３,2026-07-13,2026-07-18,07,蒲郡,ＧⅡ,４６３　３　１５４３６,4451,松崎 祐太郎,2026-08-27,2026-09-01,07,蒲郡,一般,１４２　２３２２１１[３],2026-08-12,2026-08-17,22,福岡,一般,３　妨６,2026-08-03,2026-08-08,19,下関,一般,４　３２５２２３２４１２,2026-07-22,2026-07-27,14,鳴門,一般,妨１,2026-07-10,2026-07-15,22,福岡,一般,３５１　６欠
202609120212,2026-09-12,02,12R,4351,里岡 右貴,2026-08-31,2026-09-05,18,徳山,一般,１４４　３１１２４１[２],2026-07-24,2026-07-29,17,宮島,一般,４２２３２　１３２２[２],2026-07-10,2026-07-15,22,福岡,一般,１５１　３２２１５１[３],2026-06-24,2026-06-29,09,津,一般,３２４F３１４　３　４,2026-06-15,2026-06-20,21,芦屋,一般,１２１４２　２４３１[１],4388,是澤 孝宏,2026-08-29,2026-09-03,16,児島,一般,２４２１５　４１４４１５,2026-08-15,2026-08-20,11,びわこ,一般,２１２２４　１２２２[１],2026-08-03,2026-08-08,17,宮島,一般,１　４２３２３３４２[５],2026-07-18,2026-07-22,10,三国,一般,６３１４３　５５１２,2026-07-10,2026-07-13,19,下関,一般,２　４２２２[２],4555,富永 大一,2026-08-26,2026-08-31,11,びわこ,一般,２　３３２５４６４　１６,2026-08-12,2026-08-17,22,福岡,一般,２６３　４６３　５３４５,2026-07-24,2026-07-29,17,宮島,一般,５３４　６３４　４　３３,2026-07-14,2026-07-19,21,芦屋,一般,１３２　４２５　５１[２],2026-06-25,2026-06-30,13,尼崎,一般,２　３４３１６　３６６４,4649,和田 操拓,2026-08-28,2026-09-02,05,多摩川,ＧⅢ,１４１　１　２５２３転３,2026-08-15,2026-08-20,11,びわこ,一般,３３１　３５３３４５１６,2026-08-05,2026-08-10,09,津,一般,３２１　３５３４２５１３,2026-07-23,2026-07-27,01,桐生,一般,１４４　２５３４１４,2026-07-10,2026-07-15,06,浜名湖,一般,５１６　６６５　６　５,4762,藤原 啓史朗,2026-08-29,2026-09-03,19,下関,一般,１５４２２　１３４３４１,2026-08-20,2026-08-23,23,からつ,一般,１１３１４１[転],2026-08-08,2026-08-13,16,児島,一般,３４１１３３１　２３[３],2026-07-25,2026-07-29,20,若松,一般,１４１２２　１２[６],2026-07-14,2026-07-19,21,芦屋,一般,２３２３２　１２４１[１],4883,岡部 大輝,2026-08-30,2026-09-03,08,常滑,一般,２１２５１２２５１１,2026-08-15,2026-08-20,05,多摩川,一般,６　３６６　４２５　１５,2026-08-04,2026-08-09,12,住之江,一般,４１１　２２１　１１[４],2026-07-27,2026-07-31,19,下関,一般,１　１６５１３１[３],2026-07-18,2026-07-22,10,三国,一般,３　２５１１１３２２
202609120501,2026-09-12,05,01R,4565,西村 豪洋,2026-08-24,2026-08-29,13,尼崎,一般,４　１５５６４　３　６４,2026-08-11,2026-08-16,07,蒲郡,一般,３　２６６　２４５５５,2026-07-24,2026-07-29,17,宮島,一般,６５５　３４４　５　２６,2026-07-15,2026-07-19,08,常滑,一般,　　　　　　　　３１,2026-07-09,2026-07-13,16,児島,一般,５５６　３　３３４６,4376,藤田 靖弘,2026-08-27,2026-08-31,04,平和島,一般,３　４４６３１５４６,2026-08-17,2026-08-21,13,尼崎,一般,４２１　４４１５２３,2026-08-03,2026-08-08,17,宮島,一般,６　１３１５２３１６２５,2026-07-23,2026-07-28,21,芦屋,一般,６　１３５５１５５５３,2026-07-10,2026-07-14,09,津,一般,４２２　１２１２[２],3463,乙津 康志,2026-08-23,2026-08-27,18,徳山,一般,５２５　６６１３３６,2026-08-11,2026-08-16,04,平和島,一般,２　３３１２２　６６１６,2026-07-29,2026-08-03,22,福岡,一般,４　５５３　１２４３３１,2026-07-10,2026-07-14,09,津,一般,５３４　２６６５５,2026-06-27,2026-07-01,02,戸田,一般,２６５　５　１２３６,3647,伊藤 雄二,2026-08-30,2026-09-02,21,芦屋,一般,４　６１６　３４,2026-08-12,2026-08-17,02,戸田,一般,４　４５３　５５６５５,2026-08-03,2026-08-08,19,下関,一般,４４５　１５５　６４３６,2026-07-24,2026-07-27,02,戸田,一般,６　２５６６４,2026-07-11,2026-07-16,03,江戸川,一般,２　２４４　４６１　２３,3990,芹澤 克彦,2026-08-22,2026-08-27,22,福岡,一般,５２１　２４４４５　２,2026-08-11,2026-08-16,06,浜名湖,一般,１　５１４６F　５　５,2026-07-31,2026-08-05,06,浜名湖,ＧⅢ,３　５４３　２３５５６,2026-07-14,2026-07-19,21,芦屋,一般,３　４５３　２５４　６４,2026-06-30,2026-07-05,06,浜名湖,一般,４３２　３４３　１４５２,4035,杉江 浩明,2026-08-24,2026-08-29,13,尼崎,一般,６　５６２　５５３　５５,2026-08-11,2026-08-16,07,蒲郡,一般,４　６６５５６　６　１６,2026-07-29,2026-08-03,22,福岡,一般,６４４　５３３６３　５６,2026-07-14,2026-07-19,01,桐生,一般,６１６　３２４　２　５２,2026-06-30,2026-07-05,06,浜名湖,一般,６３６　５５２　５　５１
202609120502,2026-09-12,05,02R,4491,田中 堅,2026-08-23,2026-08-27,18,徳山,一般,２　２６５５３４３１,2026-08-11,2026-08-16,01,桐生,一般,１　２５６　２　６　２５,2026-07-27,2026-08-01,09,津,一般,４５３,2026-07-10,2026-07-15,06,浜名湖,一般,５　６５５　５６４　１,2026-07-02,2026-07-07,04,平和島,一般,２４２　４５２　６３３６,5103,芝田 京介,2026-08-21,2026-08-26,03,江戸川,一般,１５４　６１２　２４１６,2026-08-11,2026-08-16,01,桐生,一般,５　５　６５６　２２４２,2026-07-29,2026-08-03,22,福岡,一般,２　１５３４４５６　６３,2026-07-15,2026-07-19,08,常滑,一般,５　４６６　６６３,2026-05-09,2026-05-14,11,びわこ,一般,６５２　４　４４４　２２,5262,鈴木 章司,2026-07-29,2026-08-03,23,からつ,一般,３　２５４４３　３　５４,2026-07-15,2026-07-21,12,住之江,一般,転６５　４６４　４　４６６２,2026-06-30,2026-07-04,19,下関,一般,５　６３６５１　２,2026-06-20,2026-06-25,15,丸亀,一般,２　４４３　５６６　F３,2026-06-09,2026-06-14,11,びわこ,一般,４　６２６　４２１　４５,4587,木田 峰由季,2026-08-26,2026-08-31,11,びわこ,一般,４４５４１　３２５　４１,2026-08-14,2026-08-19,10,三国,一般,６６１２６２転　２　F４,2026-07-29,2026-08-03,22,福岡,一般,２　６６,2026-07-18,2026-07-22,10,三国,一般,１３２５５１１６２６,2026-07-09,2026-07-13,14,鳴門,一般,５６１３２１１６４５,3848,川上 聡介,2026-08-26,2026-08-30,14,鳴門,一般,３　４５５　６　４２,2026-08-11,2026-08-16,07,蒲郡,一般,２　４５５　４４３　５２,2026-07-22,2026-07-26,08,常滑,一般,２１６　５５５６６,2026-07-09,2026-07-14,15,丸亀,一般,３　２５２３５２１６５６,2026-05-25,2026-05-31,03,江戸川,一般,６　６４５　３４　　３,3582,吉川 昭男,2026-08-26,2026-08-31,11,びわこ,一般,３　１１１１１２４１[２],2026-08-15,2026-08-20,09,津,一般,４　４５２　４５６　５１,2026-08-03,2026-08-08,19,下関,一般,２　５３３６５２１　１３,2026-07-23,2026-07-28,21,芦屋,一般,４１１４１１３　１５１１,2026-07-07,2026-07-12,08,常滑,一般,５４４１２　２２１４１１
202609120503,2026-09-12,05,03R,4619,伏田 裕隆,2026-08-24,2026-08-29,13,尼崎,一般,３６６　１　不５１　５,2026-08-11,2026-08-16,04,平和島,一般,６１５　５　１４６１３,2026-07-29,2026-08-03,23,からつ,一般,３５１　１４２　２５３２,2026-07-15,2026-07-21,12,住之江,一般,１１１　２２５　１３２２[２],2026-07-04,2026-07-09,18,徳山,一般,２　６２２４３４６１５１,3977,山本 兼士,2026-08-26,2026-08-30,14,鳴門,一般,４　３４４　６４４３,2026-08-13,2026-08-18,12,住之江,一般,５３５　５３３　３　３６,2026-07-23,2026-07-27,01,桐生,一般,２３３　５６４　６６,2026-07-07,2026-07-12,10,三国,ＧⅢ,４６３　３１２４１６２５,2026-06-26,2026-07-01,17,宮島,一般,２　１４５４５３４　６１,3772,一柳 和孝,2026-08-22,2026-08-27,08,常滑,ＧⅢ,１６２　６４３　３３２３,2026-08-06,2026-08-09,02,戸田,一般,２　１６４３２３,2026-07-20,2026-07-25,15,丸亀,一般,１４３　６１４　２２１４,2026-07-07,2026-07-12,10,三国,ＧⅢ,４１５　５４６　３　４４,2026-06-26,2026-07-02,24,大村,一般,２３４　３３４　５５２３３,3740,大澤 普司,2026-08-26,2026-08-31,11,びわこ,一般,４３５２２　１３６４４３,2026-08-11,2026-08-16,01,桐生,一般,３３２３１　２　２　[３],2026-08-02,2026-08-05,21,芦屋,一般,４５１５３　１４,2026-07-23,2026-07-28,03,江戸川,ＧⅢ,５　６３２　２５,2026-07-14,2026-07-17,24,大村,一般,４１５３２４１６,4656,大崎 翔,2026-08-24,2026-08-29,13,尼崎,一般,５　２４６２３　５５５６,2026-08-16,2026-08-19,14,鳴門,一般,４６１５３　１１,2026-08-05,2026-08-10,09,津,一般,５　２６４　２４２　３２,2026-07-23,2026-07-28,03,江戸川,ＧⅢ,５　６２３　５６,2026-07-10,2026-07-15,23,からつ,一般,３　不２２５４５,4227,安達 裕樹,2026-08-30,2026-09-02,21,芦屋,一般,１５１２４５４５,2026-07-23,2026-07-28,03,江戸川,ＧⅢ,４３６　４２１　２５２３,2026-07-13,2026-07-18,07,蒲郡,ＧⅡ,６　３４４　２３３　１５,2026-06-30,2026-07-05,16,児島,ＧⅡ,１　F４６　３６６　４,2026-06-17,2026-06-22,24,大村,ＧⅡ,４　５４３　２３６　４４
202609120504,2026-09-12,05,04R,3507,藤井 徹,2026-08-25,2026-08-30,17,宮島,一般,３３２２５　３　４　５,2026-08-13,2026-08-18,12,住之江,一般,１　５４５　４　６　５,2026-07-28,2026-08-02,16,児島,一般,４２３　３５４２６　４,2026-07-18,2026-07-21,04,平和島,一般,６２６　４５１,2026-06-29,2026-07-03,11,びわこ,一般,６　４４５　５　５,4210,松村 康太,2026-08-26,2026-08-30,14,鳴門,一般,３３５　１５４　１１,2026-08-14,2026-08-19,10,三国,一般,１４１２５４１　５４５４,2026-08-06,2026-08-09,02,戸田,一般,３４４　５４３３,2026-07-27,2026-08-01,10,三国,一般,２６３４６　３　不３２,2026-07-16,2026-07-21,11,びわこ,一般,１５５５２　４　１２２２,4031,飯島 誠,2026-08-23,2026-08-27,18,徳山,一般,６　４１６５４５６,2026-08-12,2026-08-17,02,戸田,一般,６５３　１６４　３４４４,2026-07-27,2026-07-31,19,下関,一般,３２１　６３１５２４,2026-07-16,2026-07-21,11,びわこ,一般,４１６　５２２　４５２６,2026-07-02,2026-07-06,21,芦屋,一般,２３６　６２３　２３,4645,上村 純一,2026-08-26,2026-08-30,14,鳴門,一般,３３１１３１２１[３],2026-08-11,2026-08-16,01,桐生,一般,５５２　２５３　３２４,2026-08-02,2026-08-05,21,芦屋,一般,２３１３１１[４],2026-07-23,2026-07-28,03,江戸川,ＧⅢ,３２３　２６５　３２６,2026-07-13,2026-07-18,07,蒲郡,ＧⅡ,２３１　６　２５１　３５,3519,冨田 秀幸,2026-08-25,2026-08-30,17,宮島,一般,６　５４５　６４２２５４,2026-08-11,2026-08-16,07,蒲郡,一般,４　２６３４５　５４３,2026-07-25,2026-07-29,20,若松,一般,１５３５６　５　２１,2026-06-14,2026-06-18,01,桐生,一般,６５５　６　５５２,2026-05-22,2026-05-26,23,からつ,一般,５４５　３３６４６,3792,田中 豪,2026-08-27,2026-08-31,04,平和島,一般,４６２４,2026-08-15,2026-08-20,05,多摩川,一般,５１３３２３２　１３３１,2026-07-22,2026-07-27,14,鳴門,一般,３　１６２６２３１４１３,2026-06-30,2026-07-04,19,下関,一般,４１１３３　５２[６],2026-06-09,2026-06-14,23,からつ,一般,５　２５３４５２６　６
202609120505,2026-09-12,05,05R,3489,大場 敏,2026-08-31,2026-09-05,20,若松,ＧⅢ,１６５２５　２４２　３１,2026-08-22,2026-08-27,08,常滑,ＧⅢ,４　１２５　６３１６１４,2026-08-11,2026-08-16,06,浜名湖,一般,２　２４１５３１４３２２,2026-07-25,2026-07-29,20,若松,一般,５２３　４５１１４５,2026-07-15,2026-07-20,18,徳山,一般,４　３１１４３４１５１４,3934,鋤柄 貴俊,2026-08-24,2026-08-29,13,尼崎,一般,２　２５４５２　４２４２,2026-08-11,2026-08-16,07,蒲郡,一般,２　１５４３３　３４４４,2026-07-31,2026-08-05,06,浜名湖,ＧⅢ,６　４３５　４４４　３５,2026-07-15,2026-07-19,17,宮島,一般,１４４３１　３３４５,2026-07-04,2026-07-09,01,桐生,一般,３２２５５　３　２２５３,5042,畑田 汰一,2026-08-27,2026-09-01,07,蒲郡,一般,１　３３１３F４１　２,2026-07-18,2026-07-23,09,津,ＧⅢ,２２３　５６６　１３２１,2026-07-09,2026-07-13,16,児島,一般,４１４３１２２２[１],2026-06-27,2026-07-01,02,戸田,一般,１３２１３２１６,2026-06-17,2026-06-22,24,大村,ＧⅡ,１　４１５　４２６　５F,3713,伊藤 誠二,2026-08-27,2026-09-01,07,蒲郡,一般,１　２６４５５５５　２１,2026-08-14,2026-08-19,10,三国,一般,６　３１２４４３２５３３,2026-07-31,2026-08-05,06,浜名湖,ＧⅢ,４　２３６４６４５　１１,2026-07-22,2026-07-26,08,常滑,一般,１　５２４３６　１５,2026-06-09,2026-06-14,23,からつ,一般,４　４５転　６２６３４２,4465,大西 賢,2026-08-21,2026-08-26,06,浜名湖,一般,２３５　４３６　３５４２,2026-08-09,2026-08-15,03,江戸川,一般,１　６４３　２４４　３２,2026-07-24,2026-07-27,12,住之江,一般,４　５３１　１５,2026-07-04,2026-07-09,01,桐生,一般,６５４　５５５,2026-06-24,2026-06-29,03,江戸川,一般,３４２　４３３　１６２,5433,米本 圭佑,2026-08-09,2026-08-15,03,江戸川,一般,６２転　６６５　４５４,2026-07-24,2026-07-27,02,戸田,一般,５　３４６５６,2026-07-11,2026-07-16,03,江戸川,一般,転　６５６　５４５　２６,2026-07-04,2026-07-09,01,桐生,一般,５　６６５　６６４　６６,2026-06-24,2026-06-29,09,津,一般,６　４６４　５４５　４４
202609120506,2026-09-12,05,06R,4430,永田 秀二,2026-08-27,2026-08-31,04,平和島,一般,１５１　２１４４６５,2026-08-20,2026-08-23,23,からつ,一般,２５２５１６１６,2026-08-09,2026-08-15,03,江戸川,一般,１　３１２　１３２　[５],2026-07-23,2026-07-28,03,江戸川,ＧⅢ,４　３２６　２６２６４３,2026-07-13,2026-07-18,07,蒲郡,ＧⅡ,６　３　３４６　２５３,3990,芹澤 克彦,2026-08-22,2026-08-27,22,福岡,一般,５２１　２４４４５　２,2026-08-11,2026-08-16,06,浜名湖,一般,１　５１４６F　５　５,2026-07-31,2026-08-05,06,浜名湖,ＧⅢ,３　５４３　２３５５６,2026-07-14,2026-07-19,21,芦屋,一般,３　４５３　２５４　６４,2026-06-30,2026-07-05,06,浜名湖,一般,４３２　３４３　１４５２,3641,一瀬 明,2026-08-28,2026-08-31,23,からつ,一般,１３３５１３５１,2026-08-15,2026-08-20,05,多摩川,一般,４５３２１　１４６６５６,2026-08-03,2026-08-08,17,宮島,一般,３　４６６５６,2026-07-24,2026-07-27,06,浜名湖,一般,５２１　１６１５,2026-07-14,2026-07-19,01,桐生,一般,２２４　５３２　１転１４,4565,西村 豪洋,2026-08-24,2026-08-29,13,尼崎,一般,４　１５５６４　３　６４,2026-08-11,2026-08-16,07,蒲郡,一般,３　２６６　２４５５５,2026-07-24,2026-07-29,17,宮島,一般,６５５　３４４　５　２６,2026-07-15,2026-07-19,08,常滑,一般,　　　　　　　　３１,2026-07-09,2026-07-13,16,児島,一般,５５６　３　３３４６,3997,北村 征嗣,2026-08-27,2026-09-01,07,蒲郡,一般,２２４１３　２３２３２５,2026-08-13,2026-08-18,12,住之江,一般,１４３　４４５　３５５,2026-07-31,2026-08-05,06,浜名湖,ＧⅢ,３１１４２　２２１２[４],2026-07-15,2026-07-21,12,住之江,一般,４　４３１　５３２５３４４３,2026-07-05,2026-07-09,24,大村,一般,１　５４２５３４２４,3947,寺本 昇平,2026-08-23,2026-08-27,18,徳山,一般,２　６５４５２４５,2026-08-11,2026-08-16,01,桐生,一般,５　５５１　５　２２５３,2026-07-25,2026-07-29,20,若松,一般,１５５３４　２　５６,2026-07-09,2026-07-14,15,丸亀,一般,１２４　２４６５１６４６,2026-06-25,2026-06-30,01,桐生,ＧⅢ,６　６３３　６６１　５
202609120507,2026-09-12,05,07R,3813,佐藤 大介,2026-08-27,2026-09-01,07,蒲郡,一般,１１４　３２２　１４３３,2026-08-16,2026-08-19,14,鳴門,一般,３５３４４　１２,2026-07-23,2026-07-28,03,江戸川,ＧⅢ,５　１２４　３２３　[４],2026-07-14,2026-07-19,01,桐生,一般,１５３　３５１　３４５３,2026-07-03,2026-07-06,09,津,一般,２３１５５　１１,3848,川上 聡介,2026-08-26,2026-08-30,14,鳴門,一般,３　４５５　６　４２,2026-08-11,2026-08-16,07,蒲郡,一般,２　４５５　４４３　５２,2026-07-22,2026-07-26,08,常滑,一般,２１６　５５５６６,2026-07-09,2026-07-14,15,丸亀,一般,３　２５２３５２１６５６,2026-05-25,2026-05-31,03,江戸川,一般,６　６４５　３４　　３,4281,大澤 大夢,2026-08-24,2026-08-29,13,尼崎,一般,６　３２２４５　２４４４,2026-08-11,2026-08-16,01,桐生,一般,５６１　３　５１３２６,2026-07-27,2026-07-31,19,下関,一般,５３２　５　１５４２,2026-07-15,2026-07-20,18,徳山,一般,４１２　４３１　３３３１,2026-07-05,2026-07-09,05,多摩川,一般,４４１３４　４　５２,4491,田中 堅,2026-08-23,2026-08-27,18,徳山,一般,２　２６５５３４３１,2026-08-11,2026-08-16,01,桐生,一般,１　２５６　２　６　２５,2026-07-27,2026-08-01,09,津,一般,４５３,2026-07-10,2026-07-15,06,浜名湖,一般,５　６５５　５６４　１,2026-07-02,2026-07-07,04,平和島,一般,２４２　４５２　６３３６,3977,山本 兼士,2026-08-26,2026-08-30,14,鳴門,一般,４　３４４　６４４３,2026-08-13,2026-08-18,12,住之江,一般,５３５　５３３　３　３６,2026-07-23,2026-07-27,01,桐生,一般,２３３　５６４　６６,2026-07-07,2026-07-12,10,三国,ＧⅢ,４６３　３１２４１６２５,2026-06-26,2026-07-01,17,宮島,一般,２　１４５４５３４　６１,4140,梶野 学志,2026-07-15,2026-07-19,17,宮島,一般,２　５６５５,2026-07-04,2026-07-09,18,徳山,一般,１,2026-06-24,2026-06-29,09,津,一般,６２２　３２３６１　４,2026-06-09,2026-06-13,07,蒲郡,一般,４１４　２６３F３,2026-05-28,2026-06-02,01,桐生,一般,６　２４２２１４１２
202609120508,2026-09-12,05,08R,4470,平田 健之佑,2026-08-25,2026-08-30,09,津,一般,１　１３６　１５２５４４,2026-08-11,2026-08-16,07,蒲郡,一般,１６４４２　４３２　１５,2026-08-03,2026-08-08,17,宮島,一般,２　３１６欠,2026-07-27,2026-08-01,09,津,一般,４　２,2026-07-15,2026-07-21,12,住之江,一般,２３１　５１１１１２４４２４,3519,冨田 秀幸,2026-08-25,2026-08-30,17,宮島,一般,６　５４５　６４２２５４,2026-08-11,2026-08-16,07,蒲郡,一般,４　２６３４５　５４３,2026-07-25,2026-07-29,20,若松,一般,１５３５６　５　２１,2026-06-14,2026-06-18,01,桐生,一般,６５５　６　５５２,2026-05-22,2026-05-26,23,からつ,一般,５４５　３３６４６,4420,津久井 拓也,2026-08-25,2026-08-30,09,津,一般,６　２４２３４　２６３３,2026-08-11,2026-08-16,01,桐生,一般,３　１４１２１４３　２１,2026-07-23,2026-07-28,21,芦屋,一般,２６１２５　１１１４２５,2026-07-11,2026-07-16,03,江戸川,一般,２３４　４２２１２６２１,2026-06-30,2026-07-05,16,児島,ＧⅡ,４　６　６６６　４５５,5103,芝田 京介,2026-08-21,2026-08-26,03,江戸川,一般,１５４　６１２　２４１６,2026-08-11,2026-08-16,01,桐生,一般,５　５　６５６　２２４２,2026-07-29,2026-08-03,22,福岡,一般,２　１５３４４５６　６３,2026-07-15,2026-07-19,08,常滑,一般,５　４６６　６６３,2026-05-09,2026-05-14,11,びわこ,一般,６５２　４　４４４　２２,2538,高橋 二朗,2026-08-28,2026-08-31,23,からつ,一般,４６４　６　４２,2026-08-15,2026-08-20,05,多摩川,一般,４　４４５　５５３　６,2026-07-28,2026-08-02,16,児島,一般,４　４６５　５５４　４４,2026-07-15,2026-07-21,12,住之江,一般,１　３３４　５６４６３５５,2026-07-04,2026-07-09,18,徳山,一般,４６４　６６５　４４３,5449,堀井 涼平,2026-08-11,2026-08-16,04,平和島,一般,６　６F６　６　６　６,2026-07-10,2026-07-14,09,津,一般,６　落６６　６６６６,2026-06-27,2026-07-01,02,戸田,一般,６　６６６　６５６,2026-06-13,2026-06-16,06,浜名湖,一般,２　５５１６６６,2026-05-20,2026-05-25,05,多摩川,一般,６　６６６　６６６　６６
202609120509,2026-09-12,05,09R,3647,伊藤 雄二,2026-08-30,2026-09-02,21,芦屋,一般,４　６１６　３４,2026-08-12,2026-08-17,02,戸田,一般,４　４５３　５５６５５,2026-08-03,2026-08-08,19,下関,一般,４４５　１５５　６４３６,2026-07-24,2026-07-27,02,戸田,一般,６　２５６６４,2026-07-11,2026-07-16,03,江戸川,一般,２　２４４　４６１　２３,4465,大西 賢,2026-08-21,2026-08-26,06,浜名湖,一般,２３５　４３６　３５４２,2026-08-09,2026-08-15,03,江戸川,一般,１　６４３　２４４　３２,2026-07-24,2026-07-27,12,住之江,一般,４　５３１　１５,2026-07-04,2026-07-09,01,桐生,一般,６５４　５５５,2026-06-24,2026-06-29,03,江戸川,一般,３４２　４３３　１６２,4146,柳橋 宏紀,2026-08-28,2026-08-31,23,からつ,一般,６２１４転欠,2026-08-15,2026-08-20,11,びわこ,一般,５　４６２４５５５　４２,2026-08-05,2026-08-10,09,津,一般,１　４５２６６　６５１,2026-07-29,2026-08-01,18,徳山,一般,１　３５２２[６],2026-07-10,2026-07-15,06,浜名湖,一般,４　４４４　４４５　３２,5433,米本 圭佑,2026-08-09,2026-08-15,03,江戸川,一般,６２転　６６５　４５４,2026-07-24,2026-07-27,02,戸田,一般,５　３４６５６,2026-07-11,2026-07-16,03,江戸川,一般,転　６５６　５４５　２６,2026-07-04,2026-07-09,01,桐生,一般,５　６６５　６６４　６６,2026-06-24,2026-06-29,09,津,一般,６　４６４　５４５　４４,5262,鈴木 章司,2026-07-29,2026-08-03,23,からつ,一般,３　２５４４３　３　５４,2026-07-15,2026-07-21,12,住之江,一般,転６５　４６４　４　４６６２,2026-06-30,2026-07-04,19,下関,一般,５　６３６５１　２,2026-06-20,2026-06-25,15,丸亀,一般,２　４４３　５６６　F３,2026-06-09,2026-06-14,11,びわこ,一般,４　６２６　４２１　４５,3965,北中 元樹,2026-08-27,2026-08-31,04,平和島,一般,４４４１１１１６３１,2026-08-15,2026-08-20,11,びわこ,一般,１３転１５３５　１１４,2026-08-04,2026-08-09,12,住之江,一般,１　５３１　１３２１[５],2026-07-24,2026-07-27,06,浜名湖,一般,５　３６５３３２,2026-07-14,2026-07-19,21,芦屋,一般,２　５１４５３２１２[３]
202609120510,2026-09-12,05,10R,3582,吉川 昭男,2026-08-26,2026-08-31,11,びわこ,一般,３　１１１１１２４１[２],2026-08-15,2026-08-20,09,津,一般,４　４５２　４５６　５１,2026-08-03,2026-08-08,19,下関,一般,２　５３３６５２１　１３,2026-07-23,2026-07-28,21,芦屋,一般,４１１４１１３　１５１１,2026-07-07,2026-07-12,08,常滑,一般,５４４１２　２２１４１１,3997,北村 征嗣,2026-08-27,2026-09-01,07,蒲郡,一般,２２４１３　２３２３２５,2026-08-13,2026-08-18,12,住之江,一般,１４３　４４５　３５５,2026-07-31,2026-08-05,06,浜名湖,ＧⅢ,３１１４２　２２１２[４],2026-07-15,2026-07-21,12,住之江,一般,４　４３１　５３２５３４４３,2026-07-05,2026-07-09,24,大村,一般,１　５４２５３４２４,4645,上村 純一,2026-08-26,2026-08-30,14,鳴門,一般,３３１１３１２１[３],2026-08-11,2026-08-16,01,桐生,一般,５５２　２５３　３２４,2026-08-02,2026-08-05,21,芦屋,一般,２３１３１１[４],2026-07-23,2026-07-28,03,江戸川,ＧⅢ,３２３　２６５　３２６,2026-07-13,2026-07-18,07,蒲郡,ＧⅡ,２３１　６　２５１　３５,5042,畑田 汰一,2026-08-27,2026-09-01,07,蒲郡,一般,１　３３１３F４１　２,2026-07-18,2026-07-23,09,津,ＧⅢ,２２３　５６６　１３２１,2026-07-09,2026-07-13,16,児島,一般,４１４３１２２２[１],2026-06-27,2026-07-01,02,戸田,一般,１３２１３２１６,2026-06-17,2026-06-22,24,大村,ＧⅡ,１　４１５　４２６　５F,4210,松村 康太,2026-08-26,2026-08-30,14,鳴門,一般,３３５　１５４　１１,2026-08-14,2026-08-19,10,三国,一般,１４１２５４１　５４５４,2026-08-06,2026-08-09,02,戸田,一般,３４４　５４３３,2026-07-27,2026-08-01,10,三国,一般,２６３４６　３　不３２,2026-07-16,2026-07-21,11,びわこ,一般,１５５５２　４　１２２２,4619,伏田 裕隆,2026-08-24,2026-08-29,13,尼崎,一般,３６６　１　不５１　５,2026-08-11,2026-08-16,04,平和島,一般,６１５　５　１４６１３,2026-07-29,2026-08-03,23,からつ,一般,３５１　１４２　２５３２,2026-07-15,2026-07-21,12,住之江,一般,１１１　２２５　１３２２[２],2026-07-04,2026-07-09,18,徳山,一般,２　６２２４３４６１５１
202609120511,2026-09-12,05,11R,4227,安達 裕樹,2026-08-30,2026-09-02,21,芦屋,一般,１５１２４５４５,2026-07-23,2026-07-28,03,江戸川,ＧⅢ,４３６　４２１　２５２３,2026-07-13,2026-07-18,07,蒲郡,ＧⅡ,６　３４４　２３３　１５,2026-06-30,2026-07-05,16,児島,ＧⅡ,１　F４６　３６６　４,2026-06-17,2026-06-22,24,大村,ＧⅡ,４　５４３　２３６　４４,3792,田中 豪,2026-08-27,2026-08-31,04,平和島,一般,４６２４,2026-08-15,2026-08-20,05,多摩川,一般,５１３３２３２　１３３１,2026-07-22,2026-07-27,14,鳴門,一般,３　１６２６２３１４１３,2026-06-30,2026-07-04,19,下関,一般,４１１３３　５２[６],2026-06-09,2026-06-14,23,からつ,一般,５　２５３４５２６　６,4587,木田 峰由季,2026-08-26,2026-08-31,11,びわこ,一般,４４５４１　３２５　４１,2026-08-14,2026-08-19,10,三国,一般,６６１２６２転　２　F４,2026-07-29,2026-08-03,22,福岡,一般,２　６６,2026-07-18,2026-07-22,10,三国,一般,１３２５５１１６２６,2026-07-09,2026-07-13,14,鳴門,一般,５６１３２１１６４５,3641,一瀬 明,2026-08-28,2026-08-31,23,からつ,一般,１３３５１３５１,2026-08-15,2026-08-20,05,多摩川,一般,４５３２１　１４６６５６,2026-08-03,2026-08-08,17,宮島,一般,３　４６６５６,2026-07-24,2026-07-27,06,浜名湖,一般,５２１　１６１５,2026-07-14,2026-07-19,01,桐生,一般,２２４　５３２　１転１４,4376,藤田 靖弘,2026-08-27,2026-08-31,04,平和島,一般,３　４４６３１５４６,2026-08-17,2026-08-21,13,尼崎,一般,４２１　４４１５２３,2026-08-03,2026-08-08,17,宮島,一般,６　１３１５２３１６２５,2026-07-23,2026-07-28,21,芦屋,一般,６　１３５５１５５５３,2026-07-10,2026-07-14,09,津,一般,４２２　１２１２[２],3813,佐藤 大介,2026-08-27,2026-09-01,07,蒲郡,一般,１１４　３２２　１４３３,2026-08-16,2026-08-19,14,鳴門,一般,３５３４４　１２,2026-07-23,2026-07-28,03,江戸川,ＧⅢ,５　１２４　３２３　[４],2026-07-14,2026-07-19,01,桐生,一般,１５３　３５１　３４５３,2026-07-03,2026-07-06,09,津,一般,２３１５５　１１
202609120512,2026-09-12,05,12R,4140,梶野 学志,2026-07-15,2026-07-19,17,宮島,一般,２　５６５５,2026-07-04,2026-07-09,18,徳山,一般,１,2026-06-24,2026-06-29,09,津,一般,６２２　３２３６１　４,2026-06-09,2026-06-13,07,蒲郡,一般,４１４　２６３F３,2026-05-28,2026-06-02,01,桐生,一般,６　２４２２１４１２,4656,大崎 翔,2026-08-24,2026-08-29,13,尼崎,一般,５　２４６２３　５５５６,2026-08-16,2026-08-19,14,鳴門,一般,４６１５３　１１,2026-08-05,2026-08-10,09,津,一般,５　２６４　２４２　３２,2026-07-23,2026-07-28,03,江戸川,ＧⅢ,５　６２３　５６,2026-07-10,2026-07-15,23,からつ,一般,３　不２２５４５,3740,大澤 普司,2026-08-26,2026-08-31,11,びわこ,一般,４３５２２　１３６４４３,2026-08-11,2026-08-16,01,桐生,一般,３３２３１　２　２　[３],2026-08-02,2026-08-05,21,芦屋,一般,４５１５３　１４,2026-07-23,2026-07-28,03,江戸川,ＧⅢ,５　６３２　２５,2026-07-14,2026-07-17,24,大村,一般,４１５３２４１６,3947,寺本 昇平,2026-08-23,2026-08-27,18,徳山,一般,２　６５４５２４５,2026-08-11,2026-08-16,01,桐生,一般,５　５５１　５　２２５３,2026-07-25,2026-07-29,20,若松,一般,１５５３４　２　５６,2026-07-09,2026-07-14,15,丸亀,一般,１２４　２４６５１６４６,2026-06-25,2026-06-30,01,桐生,ＧⅢ,６　６３３　６６１　５,3934,鋤柄 貴俊,2026-08-24,2026-08-29,13,尼崎,一般,２　２５４５２　４２４２,2026-08-11,2026-08-16,07,蒲郡,一般,２　１５４３３　３４４４,2026-07-31,2026-08-05,06,浜名湖,ＧⅢ,６　４３５　４４４　３５,2026-07-15,2026-07-19,17,宮島,一般,１４４３１　３３４５,2026-07-04,2026-07-09,01,桐生,一般,３２２５５　３　２２５３,3489,大場 敏,2026-08-31,2026-09-05,20,若松,ＧⅢ,１６５２５　２４２　３１,2026-08-22,2026-08-27,08,常滑,ＧⅢ,４　１２５　６３１６１４,2026-08-11,2026-08-16,06,浜名湖,一般,２　２４１５３１４３２２,2026-07-25,2026-07-29,20,若松,一般,５２３　４５１１４５,2026-07-15,2026-07-20,18,徳山,一般,４　３１１４３４１５１４
202609120601,2026-09-12,06,01R,3796,長野 道臣,2026-08-24,2026-08-29,13,尼崎,一般,６５４　１　６６４　２４,2026-08-11,2026-08-16,06,浜名湖,一般,４　４５６　６５５　１３,2026-07-23,2026-07-28,03,江戸川,ＧⅢ,６　１２５　６４２４５,2026-07-07,2026-07-12,10,三国,ＧⅢ,３４２　４１４６２６６４,2026-06-28,2026-07-02,05,多摩川,一般,６５５　１２６　３４,4684,楠原 翔太,2026-08-28,2026-08-31,23,からつ,一般,４５３　２１２２,2026-08-12,2026-08-17,22,福岡,一般,２２４　１３４４１３１１,2026-08-03,2026-08-08,04,平和島,ＧⅢ,４２５　２４１　２５５４,2026-07-22,2026-07-25,24,大村,一般,２　４６６２６,2026-07-10,2026-07-15,22,福岡,一般,３５４　５４３　４２２,5353,草川 壮良,2026-08-29,2026-09-03,16,児島,一般,１２３　６６５　６３１６,2026-08-17,2026-08-20,20,若松,一般,６　４４５　５６,2026-08-07,2026-08-11,15,丸亀,一般,６　５６４　３　５６,2026-05-27,2026-06-01,08,常滑,一般,４６４　４４６　F　２,2026-05-09,2026-05-14,11,びわこ,一般,５６６　２　６５１　６５,3306,武田 正紀,2026-08-27,2026-08-31,04,平和島,一般,６４１　１５２　４６,2026-08-12,2026-08-17,02,戸田,一般,４　５２４　２５４３４６,2026-07-31,2026-08-05,05,多摩川,一般,４６２　１６６　４５３,2026-07-16,2026-07-21,11,びわこ,一般,５　２４１４５１２　５４,2026-07-01,2026-07-06,22,福岡,一般,６　５３５　３４３　２５,4876,梅木 敬太,2026-08-28,2026-09-02,05,多摩川,ＧⅢ,１　６３３　４２６３２２,2026-08-17,2026-08-20,20,若松,一般,４　６６５６５,2026-08-04,2026-08-09,10,三国,一般,２２５　４５１　６１２５,2026-07-27,2026-07-31,19,下関,一般,２３６　５６１　３２,2026-07-14,2026-07-19,01,桐生,一般,４　４１４　３３５　１３,5463,出口 飛龍,2026-08-24,2026-08-29,13,尼崎,一般,５　６６６　５６６　６,2026-08-13,2026-08-18,12,住之江,一般,６　４６６　６　６　５５,2026-07-15,2026-07-20,18,徳山,一般,６　６　６５６６６６６,2026-06-28,2026-07-01,10,三国,一般,６　６６６６６,2026-06-11,2026-06-16,16,児島,一般,６　６６転６６　６　６
202609120602,2026-09-12,06,02R,4639,雑賀 勇貴,2026-08-28,2026-09-02,05,多摩川,ＧⅢ,６５６　２　６６１　５４,2026-08-13,2026-08-18,12,住之江,一般,５４４　４４６　２　４１,2026-08-03,2026-08-08,04,平和島,ＧⅢ,１　３６６３５　６４６,2026-07-17,2026-07-22,16,児島,ＧⅢ,６　５６６　６５,2026-07-03,2026-07-08,12,住之江,一般,５１５　２３６　１６５,4666,日笠 勝弘,2026-08-29,2026-09-03,16,児島,一般,５　２３１　１２２４６６,2026-08-14,2026-08-19,10,三国,一般,５　４３６　３６６　６３,2026-07-27,2026-07-31,19,下関,一般,３　５４３　１４３,2026-07-15,2026-07-19,17,宮島,一般,５　４１５４４　１６,2026-07-01,2026-07-06,22,福岡,一般,５　２５６　６４５　２５,4369,丹下 将,2026-08-29,2026-09-03,16,児島,一般,１　１３６５４５２　４４,2026-08-14,2026-08-19,10,三国,一般,６２１２５　２６２５３６,2026-08-03,2026-08-08,19,下関,一般,３４１２２　２４２２[５],2026-07-22,2026-07-26,08,常滑,一般,１　１４３３４２[６],2026-07-07,2026-07-12,20,若松,ＧⅢ,６６２　１４１６３５１４,4811,向井田 佑紀,2026-08-26,2026-08-30,14,鳴門,一般,１６３　３５５　３１,2026-08-14,2026-08-19,17,宮島,一般,２　６３６　６４５　４４,2026-08-06,2026-08-09,02,戸田,一般,１３２３２　５６,2026-07-27,2026-08-01,09,津,一般,４１６,2026-07-15,2026-07-19,17,宮島,一般,１　２３５３２４５６,4431,石塚 裕介,2026-08-30,2026-09-02,21,芦屋,一般,４　３６２３６６,2026-08-15,2026-08-20,09,津,一般,５　２５５　１２６５１,2026-07-31,2026-08-04,13,尼崎,一般,１５１　３４３　１５,2026-07-07,2026-07-12,20,若松,ＧⅢ,３　１６２　６５６　５４,2026-06-28,2026-07-02,05,多摩川,一般,５　１４１５１５２４,4654,篠田 優也,2026-08-29,2026-09-03,16,児島,一般,３３,2026-08-09,2026-08-14,13,尼崎,一般,４　１２１６２　４　１４,2026-07-29,2026-08-03,23,からつ,一般,３　５５,2026-07-20,2026-07-25,15,丸亀,一般,２５３３２　１２１　２２,2026-07-10,2026-07-13,19,下関,一般,３４１３１５２３
202609120603,2026-09-12,06,03R,3714,梶原 正,2026-08-27,2026-09-01,07,蒲郡,一般,４６４　５　２５５　２４,2026-08-16,2026-08-19,14,鳴門,一般,２４６　４４６,2026-07-29,2026-08-03,23,からつ,一般,３４４　６　２６６３３,2026-07-18,2026-07-21,04,平和島,一般,１４２６５　２３,2026-07-04,2026-07-09,18,徳山,一般,６　２５１６６６２　６６,3392,小森 信雄,2026-08-27,2026-09-01,07,蒲郡,一般,３６５　２４５　４　４４,2026-08-15,2026-08-20,09,津,一般,３　１３５６２　４６２５,2026-08-04,2026-08-09,12,住之江,一般,６５５　２５３　６　１,2026-07-21,2026-07-26,23,からつ,一般,３　３４３３６　１３３３,2026-07-07,2026-07-12,08,常滑,一般,３５２　６５４　４５３１,4150,山田 雄太,2026-08-28,2026-09-02,05,多摩川,ＧⅢ,２１１５３　４１２１[４],2026-08-11,2026-08-16,06,浜名湖,一般,１３３２５　１　３　３２,2026-07-28,2026-08-02,15,丸亀,一般,４　３４２　４４１６１４,2026-07-15,2026-07-19,17,宮島,一般,１　１４４５１４１５,2026-07-05,2026-07-09,24,大村,一般,６６２　２１２６１６,4336,松田 竜馬,2026-08-25,2026-08-30,17,宮島,一般,５１４　３３３　５６３２,2026-08-12,2026-08-17,22,福岡,一般,１１２　６６４５２　２２,2026-07-23,2026-07-28,21,芦屋,一般,１　４１５２２４４２[６],2026-07-07,2026-07-12,02,戸田,ＧⅡ,転　６　５２５　３２５,2026-06-30,2026-07-04,19,下関,一般,４　３６１４４６６,3939,渡辺 真至,2026-09-01,2026-09-05,13,尼崎,一般,５　４４６　４５２,2026-08-22,2026-08-26,20,若松,一般,５　４２５　４６１４,2026-08-06,2026-08-09,02,戸田,一般,３　４５F４６,2026-07-24,2026-07-27,06,浜名湖,一般,２４３　１２３１,2026-07-14,2026-07-17,24,大村,一般,３３２　５５４４,4798,浜先 真範,2026-08-29,2026-09-03,19,下関,一般,５　１３４３１２１　２２,2026-08-16,2026-08-19,14,鳴門,一般,１４１３３１[２],2026-08-03,2026-08-08,17,宮島,一般,３５３　４４３１２５１４,2026-07-23,2026-07-28,21,芦屋,一般,１４１３１３１　４１[１],2026-07-10,2026-07-15,23,からつ,一般,１１３　１５２２１５１２
202609120604,2026-09-12,06,04R,4677,片橋 幸貴,2026-08-30,2026-09-03,08,常滑,一般,１３１５２２３３３１,2026-08-15,2026-08-20,11,びわこ,一般,転　１３４６２４６　２１,2026-08-08,2026-08-11,05,多摩川,一般,４６２１４４４１,2026-07-28,2026-08-02,16,児島,一般,５２１２１　２２５１[３],2026-07-15,2026-07-21,12,住之江,一般,３４２　２１１３５２６３[５],4068,幸田 智裕,2026-08-31,2026-09-05,18,徳山,一般,３　５３４　５４５　６２,2026-08-24,2026-08-28,15,丸亀,一般,６６４　６　２３３,2026-08-11,2026-08-16,06,浜名湖,一般,１　５４４　５６４　２４,2026-07-27,2026-08-01,09,津,一般,４　２５,2026-07-15,2026-07-19,17,宮島,一般,４５６　２４６　４４,4022,待鳥 雄紀,2026-08-27,2026-08-31,04,平和島,一般,４　４５４　５５５,2026-08-16,2026-08-19,14,鳴門,一般,２　１４２５４４,2026-07-29,2026-08-03,22,福岡,一般,６　４４１４２　５２５２,2026-07-15,2026-07-19,08,常滑,一般,５２１３４　１５１６,2026-07-03,2026-07-06,09,津,一般,６　４３３５３６,3286,坂東 満,2026-08-20,2026-08-23,02,戸田,一般,１５１２５　２５,2026-08-03,2026-08-08,19,下関,一般,５　６５２　６６５２５,2026-07-16,2026-07-21,11,びわこ,一般,６　６５６　６４６　６,2026-06-26,2026-07-01,17,宮島,一般,２５５　６５２３１　３６,2026-05-20,2026-05-25,09,津,一般,４　５５５　６５６　３,3842,星野 太郎,2026-08-30,2026-09-03,08,常滑,一般,２５２２１　６３２６,2026-08-15,2026-08-20,09,津,一般,３　１５１　４５５４３２,2026-08-06,2026-08-09,02,戸田,一般,６　５３６　３１,2026-07-23,2026-07-28,21,芦屋,一般,４　６２２２６６６　３２,2026-07-03,2026-07-06,09,津,一般,３５６　２３２２,4899,占部 一真,2026-08-27,2026-08-31,04,平和島,一般,５５２　６　５４６,2026-08-16,2026-08-19,14,鳴門,一般,６　６１６６５,2026-07-29,2026-08-03,23,からつ,一般,６５５　２５４　５６３,2026-07-17,2026-07-20,02,戸田,一般,６４５　４　１５,2026-07-03,2026-07-08,12,住之江,一般,４　６１４　６６４　１５
202609120605,2026-09-12,06,05R,5091,為本 智也,2026-08-28,2026-09-02,05,多摩川,ＧⅢ,２　６４２３５　３６１１,2026-08-17,2026-08-20,20,若松,一般,２　１４４６３５,2026-08-04,2026-08-09,10,三国,一般,２　１１５３２５２１[３],2026-07-22,2026-07-26,13,尼崎,一般,２４１　３５２３２２,2026-05-16,2026-05-19,06,浜名湖,一般,２　２２１３[３],5369,岡崎 凪汰,2026-08-24,2026-08-28,15,丸亀,一般,５　４　６５６　１４,2026-08-17,2026-08-20,20,若松,一般,５５１　２５４６,2026-08-04,2026-08-09,10,三国,一般,５６２　６　４２３６４５,2026-07-23,2026-07-28,21,芦屋,一般,６６５　３５６２２　５４,2026-07-11,2026-07-16,03,江戸川,一般,５　２６４６６　６５５,4345,西舘 健,2026-08-28,2026-09-02,05,多摩川,ＧⅢ,６　５４転欠,2026-08-20,2026-08-23,04,平和島,一般,６２４５４　３１,2026-08-09,2026-08-15,03,江戸川,一般,６　６６F　６２２　６３,2026-07-23,2026-07-28,03,江戸川,ＧⅢ,１１４　２３３　４　２１,2026-07-14,2026-07-19,01,桐生,一般,６　４４１　２５５　２３,4588,田中 京介,2026-08-29,2026-09-03,19,下関,一般,３４２　３５１　６６１４,2026-08-17,2026-08-21,13,尼崎,一般,３　６１２４３６１５,2026-08-06,2026-08-10,24,大村,一般,２１３６５　２４１４,2026-07-23,2026-07-27,01,桐生,一般,６　１６６１４　１２,2026-07-10,2026-07-15,22,福岡,一般,２２５５６３１　５　２１,4967,中村 魁生,2026-08-28,2026-09-02,05,多摩川,ＧⅢ,３５２６４４４　４,2026-08-13,2026-08-18,12,住之江,一般,３　３５６　２３４４１,2026-08-04,2026-08-09,10,三国,一般,６　２２１３６３１６１４,2026-07-28,2026-07-31,24,大村,一般,４１３３３　２２,2026-07-18,2026-07-23,09,津,ＧⅢ,３F６　３３４　３　３,3516,吉原 聖人,2026-08-26,2026-08-31,11,びわこ,一般,２１５　５３５　２１３,2026-08-14,2026-08-19,17,宮島,一般,４　５５２　６４４６６,2026-08-05,2026-08-10,09,津,一般,５１４　３６５　４４１,2026-07-20,2026-07-25,15,丸亀,一般,３５６　３５５　２　２６,2026-07-07,2026-07-12,10,三国,ＧⅢ,６３６　２４４　３４１
202609120606,2026-09-12,06,06R,4358,松本 庸平,2026-08-30,2026-09-02,21,芦屋,一般,２５３　６６５６,2026-08-15,2026-08-20,09,津,一般,３４６　１５２　３５３,2026-08-03,2026-08-08,17,宮島,一般,３　６６５　３４６１５５,2026-07-22,2026-07-26,08,常滑,一般,６６３　６　４４５３,2026-06-30,2026-07-05,23,からつ,一般,１３５　３５２　１６４６,3906,飯山 晃三,2026-08-28,2026-08-31,23,からつ,一般,５　２６２２３６,2026-07-22,2026-07-27,14,鳴門,一般,４　２６６　５５４６５,2026-07-07,2026-07-12,10,三国,ＧⅢ,５６１　６６４　１　６２,2026-06-25,2026-06-30,13,尼崎,一般,６　４５転　６６６　６,2026-06-16,2026-06-21,09,津,一般,５　３６６　５４３　F６,4269,杉山 裕也,2026-08-22,2026-08-27,08,常滑,ＧⅢ,１３２３２　２２３１[２],2026-08-11,2026-08-16,07,蒲郡,一般,２２２３３　２２１３２１,2026-08-03,2026-08-08,04,平和島,ＧⅢ,３１２　３２５４２３３３,2026-07-23,2026-07-28,03,江戸川,ＧⅢ,１　２４２　２５５１１３,2026-07-13,2026-07-18,07,蒲郡,ＧⅡ,２　５　１１２　４　１４,4381,田路 朋史,2026-08-29,2026-09-03,19,下関,一般,５　１２１４５　３５１６,2026-08-20,2026-08-23,24,大村,一般,３　４３２　４６,2026-08-09,2026-08-14,13,尼崎,一般,２　２４５　２５４２４２,2026-07-22,2026-07-26,08,常滑,一般,１３５　４１２　２２,2026-07-10,2026-07-15,23,からつ,一般,５　４４５　３４２２１１,5463,出口 飛龍,2026-08-24,2026-08-29,13,尼崎,一般,５　６６６　５６６　６,2026-08-13,2026-08-18,12,住之江,一般,６　４６６　６　６　５５,2026-07-15,2026-07-20,18,徳山,一般,６　６　６５６６６６６,2026-06-28,2026-07-01,10,三国,一般,６　６６６６６,2026-06-11,2026-06-16,16,児島,一般,６　６６転６６　６　６,3721,守田 俊介,2026-08-29,2026-09-03,19,下関,一般,１２１　２１４２６１[２],2026-08-15,2026-08-20,11,びわこ,一般,２３４１１　１１１２[２],2026-08-04,2026-08-09,10,三国,一般,１１３４６　１１２４１５,2026-07-22,2026-07-26,08,常滑,一般,３６３１１６１４４１,2026-07-13,2026-07-18,07,蒲郡,ＧⅡ,３１２　２　５　４　１６
202609120607,2026-09-12,06,07R,5353,草川 壮良,2026-08-29,2026-09-03,16,児島,一般,１２３　６６５　６３１６,2026-08-17,2026-08-20,20,若松,一般,６　４４５　５６,2026-08-07,2026-08-11,15,丸亀,一般,６　５６４　３　５６,2026-05-27,2026-06-01,08,常滑,一般,４６４　４４６　F　２,2026-05-09,2026-05-14,11,びわこ,一般,５６６　２　６５１　６５,4434,田中 辰彦,2026-08-29,2026-09-03,16,児島,一般,３　４６３４４５５　３,2026-08-14,2026-08-19,17,宮島,一般,３３６　１４１５１５１１,2026-07-27,2026-08-01,09,津,一般,３　１,2026-07-15,2026-07-19,08,常滑,一般,１４４　２６２５１６,2026-06-30,2026-07-05,23,からつ,一般,１　３４２２３５１２[４],3939,渡辺 真至,2026-09-01,2026-09-05,13,尼崎,一般,５　４４６　４５２,2026-08-22,2026-08-26,20,若松,一般,５　４２５　４６１４,2026-08-06,2026-08-09,02,戸田,一般,３　４５F４６,2026-07-24,2026-07-27,06,浜名湖,一般,２４３　１２３１,2026-07-14,2026-07-17,24,大村,一般,３３２　５５４４,4066,東本 勝利,2026-08-30,2026-09-03,08,常滑,一般,２２４　２３１３２４,2026-08-20,2026-08-23,02,戸田,一般,２１４　１３[１],2026-08-11,2026-08-16,07,蒲郡,一般,２６３　３５４　５４４,2026-07-24,2026-07-29,17,宮島,一般,１　４６２１３４１５１落,2026-07-15,2026-07-20,18,徳山,一般,３２５２１　１５４２[２],4639,雑賀 勇貴,2026-08-28,2026-09-02,05,多摩川,ＧⅢ,６５６　２　６６１　５４,2026-08-13,2026-08-18,12,住之江,一般,５４４　４４６　２　４１,2026-08-03,2026-08-08,04,平和島,ＧⅢ,１　３６６３５　６４６,2026-07-17,2026-07-22,16,児島,ＧⅢ,６　５６６　６５,2026-07-03,2026-07-08,12,住之江,一般,５１５　２３６　１６５,3811,石田 章央,2026-08-30,2026-09-03,08,常滑,一般,２　５３５１２５２６,2026-08-17,2026-08-20,20,若松,一般,３６１３１５１４,2026-08-03,2026-08-08,17,宮島,一般,５　１１３３１５１３５２,2026-07-24,2026-07-27,06,浜名湖,一般,１５４２６　６１,2026-07-14,2026-07-19,01,桐生,一般,４　４５１１１　６６１５
202609120608,2026-09-12,06,08R,4360,庄司 孝輔,2026-08-21,2026-08-24,07,蒲郡,一般,３５１５１１[２],2026-08-11,2026-08-16,06,浜名湖,一般,４３１　３２３　５３６１,2026-07-31,2026-08-04,13,尼崎,一般,４１２　４３１５１４,2026-07-22,2026-07-26,08,常滑,一般,２２３　６４３　２４,2026-07-07,2026-07-12,20,若松,ＧⅢ,５６２６６　４５６　６,3306,武田 正紀,2026-08-27,2026-08-31,04,平和島,一般,６４１　１５２　４６,2026-08-12,2026-08-17,02,戸田,一般,４　５２４　２５４３４６,2026-07-31,2026-08-05,05,多摩川,一般,４６２　１６６　４５３,2026-07-16,2026-07-21,11,びわこ,一般,５　２４１４５１２　５４,2026-07-01,2026-07-06,22,福岡,一般,６　５３５　３４３　２５,3714,梶原 正,2026-08-27,2026-09-01,07,蒲郡,一般,４６４　５　２５５　２４,2026-08-16,2026-08-19,14,鳴門,一般,２４６　４４６,2026-07-29,2026-08-03,23,からつ,一般,３４４　６　２６６３３,2026-07-18,2026-07-21,04,平和島,一般,１４２６５　２３,2026-07-04,2026-07-09,18,徳山,一般,６　２５１６６６２　６６,5066,鈴木 孝明,2026-08-28,2026-09-02,05,多摩川,ＧⅢ,３４４３１　１３１４２１,2026-08-12,2026-08-17,02,戸田,一般,２４１　３４４　６　１３,2026-07-30,2026-08-04,08,常滑,一般,４５３１２２２６３３２３,2026-07-18,2026-07-23,09,津,ＧⅢ,１４１　３　２４３　２１,2026-07-09,2026-07-13,14,鳴門,一般,１４２４２６４６５６,4022,待鳥 雄紀,2026-08-27,2026-08-31,04,平和島,一般,４　４５４　５５５,2026-08-16,2026-08-19,14,鳴門,一般,２　１４２５４４,2026-07-29,2026-08-03,22,福岡,一般,６　４４１４２　５２５２,2026-07-15,2026-07-19,08,常滑,一般,５２１３４　１５１６,2026-07-03,2026-07-06,09,津,一般,６　４３３５３６,4666,日笠 勝弘,2026-08-29,2026-09-03,16,児島,一般,５　２３１　１２２４６６,2026-08-14,2026-08-19,10,三国,一般,５　４３６　３６６　６３,2026-07-27,2026-07-31,19,下関,一般,３　５４３　１４３,2026-07-15,2026-07-19,17,宮島,一般,５　４１５４４　１６,2026-07-01,2026-07-06,22,福岡,一般,５　２５６　６４５　２５
202609120609,2026-09-12,06,09R,3627,井上 恵一,2026-08-27,2026-09-01,07,蒲郡,一般,５　６５５　４１４２５,2026-08-12,2026-08-17,22,福岡,一般,３５５５４　４６５　６１,2026-08-02,2026-08-05,21,芦屋,一般,２　６６６　１４,2026-06-27,2026-07-01,02,戸田,一般,２２３　１６５３[６],2026-06-16,2026-06-21,18,徳山,ＧⅢ,エ２６５２　６５６６６５,3286,坂東 満,2026-08-20,2026-08-23,02,戸田,一般,１５１２５　２５,2026-08-03,2026-08-08,19,下関,一般,５　６５２　６６５２５,2026-07-16,2026-07-21,11,びわこ,一般,６　６５６　６４６　６,2026-06-26,2026-07-01,17,宮島,一般,２５５　６５２３１　３６,2026-05-20,2026-05-25,09,津,一般,４　５５５　６５６　３,4967,中村 魁生,2026-08-28,2026-09-02,05,多摩川,ＧⅢ,３５２６４４４　４,2026-08-13,2026-08-18,12,住之江,一般,３　３５６　２３４４１,2026-08-04,2026-08-09,10,三国,一般,６　２２１３６３１６１４,2026-07-28,2026-07-31,24,大村,一般,４１３３３　２２,2026-07-18,2026-07-23,09,津,ＧⅢ,３F６　３３４　３　３,4876,梅木 敬太,2026-08-28,2026-09-02,05,多摩川,ＧⅢ,１　６３３　４２６３２２,2026-08-17,2026-08-20,20,若松,一般,４　６６５６５,2026-08-04,2026-08-09,10,三国,一般,２２５　４５１　６１２５,2026-07-27,2026-07-31,19,下関,一般,２３６　５６１　３２,2026-07-14,2026-07-19,01,桐生,一般,４　４１４　３３５　１３,4336,松田 竜馬,2026-08-25,2026-08-30,17,宮島,一般,５１４　３３３　５６３２,2026-08-12,2026-08-17,22,福岡,一般,１１２　６６４５２　２２,2026-07-23,2026-07-28,21,芦屋,一般,１　４１５２２４４２[６],2026-07-07,2026-07-12,02,戸田,ＧⅡ,転　６　５２５　３２５,2026-06-30,2026-07-04,19,下関,一般,４　３６１４４６６,3777,樋口 亮,2026-08-27,2026-09-01,07,蒲郡,一般,２３５　１６F４５　５,2026-08-17,2026-08-20,20,若松,一般,３　３５３３５,2026-08-06,2026-08-10,24,大村,一般,４　４３３１２２[６],2026-07-24,2026-07-29,17,宮島,一般,５６２　４４６欠,2026-06-17,2026-06-22,24,大村,ＧⅡ,６６５　４　４５３　３
202609120610,2026-09-12,06,10R,4369,丹下 将,2026-08-29,2026-09-03,16,児島,一般,１　１３６５４５２　４４,2026-08-14,2026-08-19,10,三国,一般,６２１２５　２６２５３６,2026-08-03,2026-08-08,19,下関,一般,３４１２２　２４２２[５],2026-07-22,2026-07-26,08,常滑,一般,１　１４３３４２[６],2026-07-07,2026-07-12,20,若松,ＧⅢ,６６２　１４１６３５１４,4798,浜先 真範,2026-08-29,2026-09-03,19,下関,一般,５　１３４３１２１　２２,2026-08-16,2026-08-19,14,鳴門,一般,１４１３３１[２],2026-08-03,2026-08-08,17,宮島,一般,３５３　４４３１２５１４,2026-07-23,2026-07-28,21,芦屋,一般,１４１３１３１　４１[１],2026-07-10,2026-07-15,23,からつ,一般,１１３　１５２２１５１２,3842,星野 太郎,2026-08-30,2026-09-03,08,常滑,一般,２５２２１　６３２６,2026-08-15,2026-08-20,09,津,一般,３　１５１　４５５４３２,2026-08-06,2026-08-09,02,戸田,一般,６　５３６　３１,2026-07-23,2026-07-28,21,芦屋,一般,４　６２２２６６６　３２,2026-07-03,2026-07-06,09,津,一般,３５６　２３２２,4345,西舘 健,2026-08-28,2026-09-02,05,多摩川,ＧⅢ,６　５４転欠,2026-08-20,2026-08-23,04,平和島,一般,６２４５４　３１,2026-08-09,2026-08-15,03,江戸川,一般,６　６６F　６２２　６３,2026-07-23,2026-07-28,03,江戸川,ＧⅢ,１１４　２３３　４　２１,2026-07-14,2026-07-19,01,桐生,一般,６　４４１　２５５　２３,4684,楠原 翔太,2026-08-28,2026-08-31,23,からつ,一般,４５３　２１２２,2026-08-12,2026-08-17,22,福岡,一般,２２４　１３４４１３１１,2026-08-03,2026-08-08,04,平和島,ＧⅢ,４２５　２４１　２５５４,2026-07-22,2026-07-25,24,大村,一般,２　４６６２６,2026-07-10,2026-07-15,22,福岡,一般,３５４　５４３　４２２,4381,田路 朋史,2026-08-29,2026-09-03,19,下関,一般,５　１２１４５　３５１６,2026-08-20,2026-08-23,24,大村,一般,３　４３２　４６,2026-08-09,2026-08-14,13,尼崎,一般,２　２４５　２５４２４２,2026-07-22,2026-07-26,08,常滑,一般,１３５　４１２　２２,2026-07-10,2026-07-15,23,からつ,一般,５　４４５　３４２２１１
202609120611,2026-09-12,06,11R,4434,田中 辰彦,2026-08-29,2026-09-03,16,児島,一般,３　４６３４４５５　３,2026-08-14,2026-08-19,17,宮島,一般,３３６　１４１５１５１１,2026-07-27,2026-08-01,09,津,一般,３　１,2026-07-15,2026-07-19,08,常滑,一般,１４４　２６２５１６,2026-06-30,2026-07-05,23,からつ,一般,１　３４２２３５１２[４],4431,石塚 裕介,2026-08-30,2026-09-02,21,芦屋,一般,４　３６２３６６,2026-08-15,2026-08-20,09,津,一般,５　２５５　１２６５１,2026-07-31,2026-08-04,13,尼崎,一般,１５１　３４３　１５,2026-07-07,2026-07-12,20,若松,ＧⅢ,３　１６２　６５６　５４,2026-06-28,2026-07-02,05,多摩川,一般,５　１４１５１５２４,3721,守田 俊介,2026-08-29,2026-09-03,19,下関,一般,１２１　２１４２６１[２],2026-08-15,2026-08-20,11,びわこ,一般,２３４１１　１１１２[２],2026-08-04,2026-08-09,10,三国,一般,１１３４６　１１２４１５,2026-07-22,2026-07-26,08,常滑,一般,３６３１１６１４４１,2026-07-13,2026-07-18,07,蒲郡,ＧⅡ,３１２　２　５　４　１６,4150,山田 雄太,2026-08-28,2026-09-02,05,多摩川,ＧⅢ,２１１５３　４１２１[４],2026-08-11,2026-08-16,06,浜名湖,一般,１３３２５　１　３　３２,2026-07-28,2026-08-02,15,丸亀,一般,４　３４２　４４１６１４,2026-07-15,2026-07-19,17,宮島,一般,１　１４４５１４１５,2026-07-05,2026-07-09,24,大村,一般,６６２　２１２６１６,3796,長野 道臣,2026-08-24,2026-08-29,13,尼崎,一般,６５４　１　６６４　２４,2026-08-11,2026-08-16,06,浜名湖,一般,４　４５６　６５５　１３,2026-07-23,2026-07-28,03,江戸川,ＧⅢ,６　１２５　６４２４５,2026-07-07,2026-07-12,10,三国,ＧⅢ,３４２　４１４６２６６４,2026-06-28,2026-07-02,05,多摩川,一般,６５５　１２６　３４,4588,田中 京介,2026-08-29,2026-09-03,19,下関,一般,３４２　３５１　６６１４,2026-08-17,2026-08-21,13,尼崎,一般,３　６１２４３６１５,2026-08-06,2026-08-10,24,大村,一般,２１３６５　２４１４,2026-07-23,2026-07-27,01,桐生,一般,６　１６６１４　１２,2026-07-10,2026-07-15,22,福岡,一般,２２５５６３１　５　２１
202609120612,2026-09-12,06,12R,5066,鈴木 孝明,2026-08-28,2026-09-02,05,多摩川,ＧⅢ,３４４３１　１３１４２１,2026-08-12,2026-08-17,02,戸田,一般,２４１　３４４　６　１３,2026-07-30,2026-08-04,08,常滑,一般,４５３１２２２６３３２３,2026-07-18,2026-07-23,09,津,ＧⅢ,１４１　３　２４３　２１,2026-07-09,2026-07-13,14,鳴門,一般,１４２４２６４６５６,4066,東本 勝利,2026-08-30,2026-09-03,08,常滑,一般,２２４　２３１３２４,2026-08-20,2026-08-23,02,戸田,一般,２１４　１３[１],2026-08-11,2026-08-16,07,蒲郡,一般,２６３　３５４　５４４,2026-07-24,2026-07-29,17,宮島,一般,１　４６２１３４１５１落,2026-07-15,2026-07-20,18,徳山,一般,３２５２１　１５４２[２],4068,幸田 智裕,2026-08-31,2026-09-05,18,徳山,一般,３　５３４　５４５　６２,2026-08-24,2026-08-28,15,丸亀,一般,６６４　６　２３３,2026-08-11,2026-08-16,06,浜名湖,一般,１　５４４　５６４　２４,2026-07-27,2026-08-01,09,津,一般,４　２５,2026-07-15,2026-07-19,17,宮島,一般,４５６　２４６　４４,4654,篠田 優也,2026-08-29,2026-09-03,16,児島,一般,３３,2026-08-09,2026-08-14,13,尼崎,一般,４　１２１６２　４　１４,2026-07-29,2026-08-03,23,からつ,一般,３　５５,2026-07-20,2026-07-25,15,丸亀,一般,２５３３２　１２１　２２,2026-07-10,2026-07-13,19,下関,一般,３４１３１５２３,5091,為本 智也,2026-08-28,2026-09-02,05,多摩川,ＧⅢ,２　６４２３５　３６１１,2026-08-17,2026-08-20,20,若松,一般,２　１４４６３５,2026-08-04,2026-08-09,10,三国,一般,２　１１５３２５２１[３],2026-07-22,2026-07-26,13,尼崎,一般,２４１　３５２３２２,2026-05-16,2026-05-19,06,浜名湖,一般,２　２２１３[３],4269,杉山 裕也,2026-08-22,2026-08-27,08,常滑,ＧⅢ,１３２３２　２２３１[２],2026-08-11,2026-08-16,07,蒲郡,一般,２２２３３　２２１３２１,2026-08-03,2026-08-08,04,平和島,ＧⅢ,３１２　３２５４２３３３,2026-07-23,2026-07-28,03,江戸川,ＧⅢ,１　２４２　２５５１１３,2026-07-13,2026-07-18,07,蒲郡,ＧⅡ,２　５　１１２　４　１４
202609120801,2026-09-12,08,01R,5188,武井 莉里佳,2026-08-30,2026-09-04,06,浜名湖,ＧⅢ,１１２４１２３　４１[２],2026-08-18,2026-08-23,16,児島,一般,３５１　１３３４４５１１,2026-08-06,2026-08-11,18,徳山,ＧⅠ,３　３　３５５　２３３,2026-07-19,2026-07-24,22,福岡,ＧⅢ,４　５５６　１６４２５,2026-07-11,2026-07-14,04,平和島,一般,１　１６１１[２],4534,坂 咲友理,2026-08-12,2026-08-17,24,大村,ＧⅢ,２　１５３　２２４６１６,2026-07-13,2026-07-18,13,尼崎,ＧⅢ,４６５　５　１６２　５６,2026-06-24,2026-06-29,12,住之江,一般,３　４５４　５５６　３３,2026-05-30,2026-06-04,05,多摩川,ＧⅢ,６　１３５５５　３　３２,2026-04-29,2026-05-04,14,鳴門,ＧⅢ,２　５　６５４４３　６６,5365,石村 日奈那,2026-08-25,2026-08-30,09,津,一般,５　５１４　６５４　３２,2026-08-11,2026-08-16,04,平和島,一般,５６５　１　２６２５２,2026-07-31,2026-08-04,13,尼崎,一般,５　１５４　５６２６,2026-06-24,2026-06-29,12,住之江,一般,５４６　５５２　４　２５,2026-06-07,2026-06-11,05,多摩川,一般,４６５　５　５F６,5251,沼田 七華,2026-07-25,2026-07-30,04,平和島,一般,６３１　５５４　４転４,2026-06-12,2026-06-17,22,福岡,ＧⅢ,５６５　４６３　５　６５,2026-05-16,2026-05-21,17,宮島,一般,６　３６４　５６落６５,2026-05-02,2026-05-07,10,三国,一般,６　３５５　６６５　５５,2026-02-02,2026-02-07,15,丸亀,一般,４　５　６５５　６　５,5296,永田 楽,2026-08-29,2026-09-03,19,下関,一般,６３６　４６５　６　６５,2026-07-07,2026-07-12,11,びわこ,一般,４３６　３　２５５４５,2026-06-06,2026-06-11,15,丸亀,一般,３　４６２　６４３　１２,2026-05-27,2026-06-01,08,常滑,一般,６６１　６６４　５　３５,2026-05-12,2026-05-17,07,蒲郡,一般,１　５６５　２４４４５,4479,矢野 真梨菜,2026-08-25,2026-08-30,09,津,一般,６　３６１　１３５５４４,2026-08-07,2026-08-11,15,丸亀,一般,１　６４１　４３５４,2026-07-19,2026-07-24,19,下関,ＧⅢ,４　２４３４４６６　５,2026-06-18,2026-06-23,02,戸田,一般,６　５４２４４　転,2026-05-24,2026-05-29,24,大村,一般,５４４　２４２　５３６
202609120802,2026-09-12,08,02R,5230,石原 凪紗,2026-08-24,2026-08-29,10,三国,一般,２４５　４　６６５　３,2026-08-11,2026-08-16,07,蒲郡,一般,４５４　５　１５５　２６,2026-07-31,2026-08-05,05,多摩川,一般,６５１　４５４　４４１,2026-07-19,2026-07-24,19,下関,ＧⅢ,６３２　２３２　１４１２,2026-07-01,2026-07-06,07,蒲郡,一般,６５２　６５５　４　６２,4909,薮内 瑞希,2026-08-27,2026-08-31,04,平和島,一般,エ　４６４　５３３,2026-08-08,2026-08-13,16,児島,一般,５４５　２　５５２　５６,2026-07-31,2026-08-04,13,尼崎,一般,５　２６４６５　３,2026-07-21,2026-07-26,23,からつ,一般,４　２６３　５２６　５２,2026-06-12,2026-06-17,22,福岡,ＧⅢ,３３１　４５１　５６１６,5146,野田 彩加,2026-08-30,2026-09-04,06,浜名湖,ＧⅢ,４　３６５１転,2026-08-15,2026-08-20,18,徳山,一般,２３５５３　４４４　６１,2026-07-28,2026-08-02,15,丸亀,一般,５　２５２　２５４３１,2026-07-19,2026-07-24,22,福岡,ＧⅢ,６　５３２　３２５５３,2026-07-10,2026-07-15,06,浜名湖,一般,６　１３２６４２６６２４,5357,田中 瀬里奈,2026-09-05,2026-09-10,04,平和島,一般,６５６　４　６６６　３,2026-08-12,2026-08-17,02,戸田,一般,６　４６４　６６５６６,2026-07-22,2026-07-26,08,常滑,一般,６　６６５　６６６６,2026-07-11,2026-07-14,04,平和島,一般,６　５　６４５６,2026-06-20,2026-06-25,06,浜名湖,一般,６　６５６　６５６　４,5194,大久保 佑香,2026-08-24,2026-08-29,10,三国,一般,１　２１３５４２３５１２,2026-08-12,2026-08-17,02,戸田,一般,６２４　４５６　６６３,2026-07-25,2026-07-30,04,平和島,一般,１　４３５４１　６３１４,2026-07-03,2026-07-08,12,住之江,一般,５　４６６　２２６　６６,2026-05-27,2026-06-01,08,常滑,一般,４　６３５　６２４　４４,5052,赤井 星璃菜,2026-08-30,2026-09-04,06,浜名湖,ＧⅢ,５６１　３　５６５６４,2026-08-16,2026-08-19,14,鳴門,一般,５　２５４６３,2026-07-07,2026-07-12,11,びわこ,一般,６　５６４　６５,2026-06-24,2026-06-29,12,住之江,一般,３５６　２４１　５　１５,2026-06-06,2026-06-11,15,丸亀,一般,４　３３２　２１２５５４
202609120803,2026-09-12,08,03R,5078,山川 波乙,2026-08-25,2026-08-30,09,津,一般,１５４　６５５　５　６５,2026-08-07,2026-08-11,15,丸亀,一般,６５３　４　６５２５,2026-07-13,2026-07-18,13,尼崎,ＧⅢ,１　３２３６４　１４４６,2026-07-01,2026-07-06,07,蒲郡,一般,３　４６３３４　２５１,2026-06-18,2026-06-21,20,若松,一般,６３５４４　３,5324,畑田 希咲,2026-08-30,2026-09-04,06,浜名湖,ＧⅢ,６４２　３３５　４４４,2026-08-09,2026-08-14,13,尼崎,一般,６　５６４　３４５　３,2026-07-25,2026-07-30,04,平和島,一般,５　５５４　４３２　５５,2026-07-13,2026-07-18,13,尼崎,ＧⅢ,５　５５５　４６４　６,2026-06-18,2026-06-23,02,戸田,一般,４　５５落　６３５　４６,4897,深見 亜由美,2026-08-24,2026-08-29,10,三国,一般,３　２３４５５　２　５６,2026-08-11,2026-08-16,07,蒲郡,一般,１５５　５６３　３　２４,2026-07-19,2026-07-24,19,下関,ＧⅢ,６２３　１６５　５４３,2026-07-09,2026-07-13,14,鳴門,一般,４　４６５４４　５３,2026-06-24,2026-06-28,04,平和島,一般,５　６６５６６５,5438,星田 夢結,2026-08-18,2026-08-23,16,児島,一般,４　６６６　６６６　６５,2026-07-27,2026-07-31,19,下関,一般,５　６６６　６　５５,2026-07-05,2026-07-09,24,大村,一般,５　５５６６４　６,2026-06-15,2026-06-20,21,芦屋,一般,６６６　６６６　６　６６,2026-05-25,2026-05-30,17,宮島,一般,６６６　６３６　６　６５,4208,三浦 永理,2026-08-30,2026-09-04,06,浜名湖,ＧⅢ,２２１１２１４　５１[６],2026-08-18,2026-08-23,16,児島,一般,１　１３３１１３２１[２],2026-08-06,2026-08-11,18,徳山,ＧⅠ,１１６　６　３３１　２５,2026-07-25,2026-07-30,04,平和島,一般,２　３２３１２１２２[２],2026-07-13,2026-07-18,13,尼崎,ＧⅢ,１５３　４２２２１６１３,4764,小池 礼乃,2026-08-28,2026-08-31,23,からつ,一般,４　５２２５１４,2026-08-10,2026-08-15,21,芦屋,一般,３　６２１　５５２　３５,2026-07-18,2026-07-21,20,若松,一般,１５６３５　３２,2026-07-03,2026-07-08,13,尼崎,一般,６　１２２　５３２６３６,2026-05-27,2026-06-01,08,常滑,一般,４　５６３　１５４３３
202609120804,2026-09-12,08,04R,5272,松田 真実,2026-08-25,2026-08-30,09,津,一般,４　２４３　４４２４６１,2026-08-12,2026-08-17,24,大村,ＧⅢ,１　１６４　２３１２[６],2026-07-19,2026-07-24,19,下関,ＧⅢ,１　３６３４４　５６４６,2026-07-01,2026-07-06,07,蒲郡,一般,１５２　６４３　６４１,2026-06-21,2026-06-24,10,三国,一般,６６６　６,4045,佐々木 裕美,2026-08-25,2026-08-30,09,津,一般,転６５　６　２６,2026-08-15,2026-08-20,18,徳山,一般,４２４　４　６２４５４,2026-07-31,2026-08-05,01,桐生,ＧⅢ,１　２３４６１６４１６,2026-07-19,2026-07-24,19,下関,ＧⅢ,１２３５１　３　１６１５,2026-07-07,2026-07-12,11,びわこ,一般,６６２　６　６３６　３４,5297,南 彩寧,2026-08-18,2026-08-23,16,児島,一般,５１６　２４４　１３５６,2026-08-09,2026-08-14,13,尼崎,一般,５　４４６　５４５　５,2026-07-25,2026-07-30,04,平和島,一般,６６６　６,2026-07-07,2026-07-12,11,びわこ,一般,５　６１５３４　６６４,2026-06-18,2026-06-23,02,戸田,一般,５　２４６　３４５　落６,4941,孫崎 百世,2026-09-05,2026-09-10,04,平和島,一般,３６２　４　４６２　４５,2026-08-24,2026-08-29,10,三国,一般,５　４４３　６　６３転,2026-08-15,2026-08-20,11,びわこ,一般,６２６　５　２５４　５２,2026-07-19,2026-07-24,19,下関,ＧⅢ,５　５４３５４　４　３５,2026-07-07,2026-07-12,11,びわこ,一般,　　　　　　　　　　５３,4433,川野 芽唯,2026-08-30,2026-09-04,06,浜名湖,ＧⅢ,１３４２１　５１３３２１,2026-08-17,2026-08-20,20,若松,一般,３３３１４２[５],2026-08-06,2026-08-11,18,徳山,ＧⅠ,３　１１２２２　１　[１],2026-07-28,2026-08-02,15,丸亀,一般,４１１　３１３１３１[４],2026-07-10,2026-07-15,06,浜名湖,一般,４３１　５１１３１２[２],5436,市川 瑚幸,2026-08-30,2026-09-04,06,浜名湖,ＧⅢ,６６４　６６６　６　６６,2026-08-11,2026-08-16,04,平和島,一般,転６６　６　３５５６６,2026-07-25,2026-07-30,04,平和島,一般,６　３６６　５５６　５６,2026-06-29,2026-07-04,08,常滑,一般,６　６５６　６６５６６,2026-06-24,2026-06-28,04,平和島,一般,６６６　４６
202609120805,2026-09-12,08,05R,5251,沼田 七華,2026-07-25,2026-07-30,04,平和島,一般,６３１　５５４　４転４,2026-06-12,2026-06-17,22,福岡,ＧⅢ,５６５　４６３　５　６５,2026-05-16,2026-05-21,17,宮島,一般,６　３６４　５６落６５,2026-05-02,2026-05-07,10,三国,一般,６　３５５　６６５　５５,2026-02-02,2026-02-07,15,丸亀,一般,４　５　６５５　６　５,4765,野田部 宏子,2026-08-18,2026-08-23,16,児島,一般,４　５６６　６６,2026-08-07,2026-08-11,15,丸亀,一般,１　１６１５６２[６],2026-07-25,2026-07-30,04,平和島,一般,４　３１２　４５３４１５,2026-07-18,2026-07-21,20,若松,一般,５５５２５　１,2026-06-09,2026-06-13,07,蒲郡,一般,６　４３４３４３２,3232,山川 美由紀,2026-08-30,2026-09-04,06,浜名湖,ＧⅢ,４１１　２５３４１６１４,2026-08-06,2026-08-11,18,徳山,ＧⅠ,６　４５６　４　３１２,2026-06-30,2026-07-05,23,からつ,一般,５５３５２　６　５　３,2026-06-21,2026-06-24,19,下関,一般,６３１４３　５１,2026-06-06,2026-06-11,15,丸亀,一般,３４４６３　２５４１５２,4964,土屋 南,2026-08-18,2026-08-23,16,児島,一般,２４３　４６２２５１４３,2026-08-06,2026-08-11,18,徳山,ＧⅠ,３　２６２　１　３　２４,2026-07-19,2026-07-24,19,下関,ＧⅢ,５　３３２１４　３５１４,2026-07-07,2026-07-12,11,びわこ,一般,１４３２４１１　３２[３],2026-06-24,2026-06-29,12,住之江,一般,３　４４４　２４４２２,5182,宮崎 安奈,2026-08-12,2026-08-17,02,戸田,一般,６３６　５６６　６１１,2026-07-31,2026-08-05,01,桐生,ＧⅢ,２１６６３　４４１６２４,2026-07-18,2026-07-23,09,津,ＧⅢ,６　５３６　６　２２６３,2026-07-07,2026-07-12,11,びわこ,一般,５　５４２　５２３５４,2026-06-20,2026-06-25,06,浜名湖,一般,６　５６６　６４１　５４,5129,山口 真喜子,2026-08-25,2026-08-30,17,宮島,一般,３５３　３２２４３６２４,2026-08-12,2026-08-17,24,大村,ＧⅢ,１２５６４５１　２３１２,2026-07-31,2026-08-05,01,桐生,ＧⅢ,１　５１２５１２５　１５,2026-07-19,2026-07-24,19,下関,ＧⅢ,５　３４１２６　１２６４,2026-07-07,2026-07-12,11,びわこ,一般,５２３　２４４３１４４１
202609120806,2026-09-12,08,06R,5155,内山 七海,2026-09-02,2026-09-06,17,宮島,一般,２１１６４　４６４４,2026-08-24,2026-08-29,10,三国,一般,１エ１　１２５２１４１６,2026-08-06,2026-08-11,18,徳山,ＧⅠ,６　１　４落３　４３１,2026-07-19,2026-07-24,22,福岡,ＧⅢ,４　３４２　１６,2026-07-10,2026-07-15,06,浜名湖,一般,６４２１６１４　３　３３,5254,羽田 妃希,2026-08-12,2026-08-17,24,大村,ＧⅢ,４３６　１５落　６　４３,2026-07-19,2026-07-24,19,下関,ＧⅢ,４６６　４　６６５　２,2026-07-07,2026-07-12,11,びわこ,一般,　　　　　　　　　　５３,2026-07-01,2026-07-06,07,蒲郡,一般,５４転　５　１３２　５３,2026-06-20,2026-06-25,06,浜名湖,一般,５５５　６６３　３　５５,5052,赤井 星璃菜,2026-08-30,2026-09-04,06,浜名湖,ＧⅢ,５６１　３　５６５６４,2026-08-16,2026-08-19,14,鳴門,一般,５　２５４６３,2026-07-07,2026-07-12,11,びわこ,一般,６　５６４　６５,2026-06-24,2026-06-29,12,住之江,一般,３５６　２４１　５　１５,2026-06-06,2026-06-11,15,丸亀,一般,４　３３２　２１２５５４,5079,大石 真央,2026-08-30,2026-09-04,06,浜名湖,ＧⅢ,５　４５４　３１１　３６,2026-07-07,2026-07-12,11,びわこ,一般,２５５　２　２５５１６３,2026-06-18,2026-06-23,02,戸田,一般,２３３　５６５　５　３３,2026-06-06,2026-06-10,06,浜名湖,一般,３３５　２４２　３F,2026-05-22,2026-05-26,23,からつ,一般,５２５４２　４　２４,4556,竹井 奈美,2026-08-24,2026-08-29,10,三国,一般,２４２　４１１３５５１１,2026-08-06,2026-08-11,18,徳山,ＧⅠ,１５２　２　１６５　１５,2026-07-19,2026-07-24,19,下関,ＧⅢ,４４１　５３２４３４２３,2026-06-30,2026-07-05,23,からつ,一般,２３１　６２２４１３２１,2026-06-12,2026-06-17,22,福岡,ＧⅢ,１　２２３１１３３２[１],5439,志賀 美優,2026-08-30,2026-09-04,06,浜名湖,ＧⅢ,６　６５５　６６６　５６,2026-08-11,2026-08-16,07,蒲郡,一般,６６６　６６５　５　６６,2026-07-14,2026-07-19,01,桐生,一般,６　３６６　５６６　６,2026-07-07,2026-07-12,08,常滑,一般,　　　　　　　　　　６５,2026-06-24,2026-06-29,12,住之江,一般,４６６　５６５　６　６
202609120807,2026-09-12,08,07R,5203,神里 琴音,2026-08-24,2026-08-29,10,三国,一般,５１６　４　４６２　４２,2026-08-10,2026-08-15,21,芦屋,一般,６５４　３４５　２　４４,2026-07-25,2026-07-30,04,平和島,一般,４２３　妨４３　６　２５,2026-07-07,2026-07-12,11,びわこ,一般,６４,2026-06-12,2026-06-17,22,福岡,ＧⅢ,４４１　２５落,4726,島田 なぎさ,2026-04-15,2026-04-20,09,津,一般,４１３　６５４　５４５６,2026-02-12,2026-02-17,04,平和島,ＧⅢ,５　１４３６２　４６６,2026-01-10,2026-01-15,05,多摩川,一般,３２　　５６２３５　５４,2025-11-21,2025-11-24,12,住之江,一般,６５６３５　６２,2025-10-24,2025-10-27,02,戸田,一般,２　４６５５４,5078,山川 波乙,2026-08-25,2026-08-30,09,津,一般,１５４　６５５　５　６５,2026-08-07,2026-08-11,15,丸亀,一般,６５３　４　６５２５,2026-07-13,2026-07-18,13,尼崎,ＧⅢ,１　３２３６４　１４４６,2026-07-01,2026-07-06,07,蒲郡,一般,３　４６３３４　２５１,2026-06-18,2026-06-21,20,若松,一般,６３５４４　３,5296,永田 楽,2026-08-29,2026-09-03,19,下関,一般,６３６　４６５　６　６５,2026-07-07,2026-07-12,11,びわこ,一般,４３６　３　２５５４５,2026-06-06,2026-06-11,15,丸亀,一般,３　４６２　６４３　１２,2026-05-27,2026-06-01,08,常滑,一般,６６１　６６４　５　３５,2026-05-12,2026-05-17,07,蒲郡,一般,１　５６５　２４４４５,5346,中村 紋夕梨,2026-08-30,2026-09-04,06,浜名湖,ＧⅢ,４６５　６４１　４　２６,2026-08-12,2026-08-17,24,大村,ＧⅢ,６４２３５　５１４　４,2026-07-31,2026-08-04,13,尼崎,一般,５　６６５　４６６,2026-07-17,2026-07-20,02,戸田,一般,４　６６４　５４,2026-06-23,2026-06-28,07,蒲郡,一般,４　６５４　３６４　２５,5146,野田 彩加,2026-08-30,2026-09-04,06,浜名湖,ＧⅢ,４　３６５１転,2026-08-15,2026-08-20,18,徳山,一般,２３５５３　４４４　６１,2026-07-28,2026-08-02,15,丸亀,一般,５　２５２　２５４３１,2026-07-19,2026-07-24,22,福岡,ＧⅢ,６　５３２　３２５５３,2026-07-10,2026-07-15,06,浜名湖,一般,６　１３２６４２６６２４
202609120808,2026-09-12,08,08R,5347,井澤 聖奈,2026-08-10,2026-08-15,08,常滑,一般,３　４６５　６６６　６６,2026-07-25,2026-07-30,04,平和島,一般,６　６５４　６６５　６６,2026-07-14,2026-07-19,01,桐生,一般,６６６　６　６６５　６,2026-07-01,2026-07-06,07,蒲郡,一般,５　６６５６６　５　４,2026-06-21,2026-06-24,10,三国,一般,４　６６６　６６,4764,小池 礼乃,2026-08-28,2026-08-31,23,からつ,一般,４　５２２５１４,2026-08-10,2026-08-15,21,芦屋,一般,３　６２１　５５２　３５,2026-07-18,2026-07-21,20,若松,一般,１５６３５　３２,2026-07-03,2026-07-08,13,尼崎,一般,６　１２２　５３２６３６,2026-05-27,2026-06-01,08,常滑,一般,４　５６３　１５４３３,5230,石原 凪紗,2026-08-24,2026-08-29,10,三国,一般,２４５　４　６６５　３,2026-08-11,2026-08-16,07,蒲郡,一般,４５４　５　１５５　２６,2026-07-31,2026-08-05,05,多摩川,一般,６５１　４５４　４４１,2026-07-19,2026-07-24,19,下関,ＧⅢ,６３２　２３２　１４１２,2026-07-01,2026-07-06,07,蒲郡,一般,６５２　６５５　４　６２,4534,坂 咲友理,2026-08-12,2026-08-17,24,大村,ＧⅢ,２　１５３　２２４６１６,2026-07-13,2026-07-18,13,尼崎,ＧⅢ,４６５　５　１６２　５６,2026-06-24,2026-06-29,12,住之江,一般,３　４５４　５５６　３３,2026-05-30,2026-06-04,05,多摩川,ＧⅢ,６　１３５５５　３　３２,2026-04-29,2026-05-04,14,鳴門,ＧⅢ,２　５　６５４４３　６６,4938,小芦 るり華,2026-08-30,2026-09-04,06,浜名湖,ＧⅢ,５５１　１２２１３３３１,2026-08-18,2026-08-23,16,児島,一般,２６５３４４１,2026-08-06,2026-08-11,18,徳山,ＧⅠ,３５３　３　６３４　３４,2026-07-28,2026-08-02,15,丸亀,一般,２６４１２　１１１２[２],2026-07-19,2026-07-24,22,福岡,ＧⅢ,２４５　５５１　５１４,4045,佐々木 裕美,2026-08-25,2026-08-30,09,津,一般,転６５　６　２６,2026-08-15,2026-08-20,18,徳山,一般,４２４　４　６２４５４,2026-07-31,2026-08-05,01,桐生,ＧⅢ,１　２３４６１６４１６,2026-07-19,2026-07-24,19,下関,ＧⅢ,１２３５１　３　１６１５,2026-07-07,2026-07-12,11,びわこ,一般,６６２　６　６３６　３４
202609120809,2026-09-12,08,09R,5340,樋江井 舞,2026-08-30,2026-09-04,06,浜名湖,ＧⅢ,１　５６６　５６６　４３,2026-08-11,2026-08-16,07,蒲郡,一般,６　３３６５５　５　３４,2026-07-31,2026-08-05,01,桐生,ＧⅢ,３３３　２４２　３２[２],2026-07-13,2026-07-18,13,尼崎,ＧⅢ,２４４　３　５６１　２,2026-06-29,2026-07-04,08,常滑,一般,６　５２４　５５５　６５,5182,宮崎 安奈,2026-08-12,2026-08-17,02,戸田,一般,６３６　５６６　６１１,2026-07-31,2026-08-05,01,桐生,ＧⅢ,２１６６３　４４１６２４,2026-07-18,2026-07-23,09,津,ＧⅢ,６　５３６　６　２２６３,2026-07-07,2026-07-12,11,びわこ,一般,５　５４２　５２３５４,2026-06-20,2026-06-25,06,浜名湖,一般,６　５６６　６４１　５４,4433,川野 芽唯,2026-08-30,2026-09-04,06,浜名湖,ＧⅢ,１３４２１　５１３３２１,2026-08-17,2026-08-20,20,若松,一般,３３３１４２[５],2026-08-06,2026-08-11,18,徳山,ＧⅠ,３　１１２２２　１　[１],2026-07-28,2026-08-02,15,丸亀,一般,４１１　３１３１３１[４],2026-07-10,2026-07-15,06,浜名湖,一般,４３１　５１１３１２[２],5194,大久保 佑香,2026-08-24,2026-08-29,10,三国,一般,１　２１３５４２３５１２,2026-08-12,2026-08-17,02,戸田,一般,６２４　４５６　６６３,2026-07-25,2026-07-30,04,平和島,一般,１　４３５４１　６３１４,2026-07-03,2026-07-08,12,住之江,一般,５　４６６　２２６　６６,2026-05-27,2026-06-01,08,常滑,一般,４　６３５　６２４　４４,5365,石村 日奈那,2026-08-25,2026-08-30,09,津,一般,５　５１４　６５４　３２,2026-08-11,2026-08-16,04,平和島,一般,５６５　１　２６２５２,2026-07-31,2026-08-04,13,尼崎,一般,５　１５４　５６２６,2026-06-24,2026-06-29,12,住之江,一般,５４６　５５２　４　２５,2026-06-07,2026-06-11,05,多摩川,一般,４６５　５　５F６,5438,星田 夢結,2026-08-18,2026-08-23,16,児島,一般,４　６６６　６６６　６５,2026-07-27,2026-07-31,19,下関,一般,５　６６６　６　５５,2026-07-05,2026-07-09,24,大村,一般,５　５５６６４　６,2026-06-15,2026-06-20,21,芦屋,一般,６６６　６６６　６　６６,2026-05-25,2026-05-30,17,宮島,一般,６６６　６３６　６　６５
202609120810,2026-09-12,08,10R,4208,三浦 永理,2026-08-30,2026-09-04,06,浜名湖,ＧⅢ,２２１１２１４　５１[６],2026-08-18,2026-08-23,16,児島,一般,１　１３３１１３２１[２],2026-08-06,2026-08-11,18,徳山,ＧⅠ,１１６　６　３３１　２５,2026-07-25,2026-07-30,04,平和島,一般,２　３２３１２１２２[２],2026-07-13,2026-07-18,13,尼崎,ＧⅢ,１５３　４２２２１６１３,4941,孫崎 百世,2026-09-05,2026-09-10,04,平和島,一般,３６２　４　４６２　４５,2026-08-24,2026-08-29,10,三国,一般,５　４４３　６　６３転,2026-08-15,2026-08-20,11,びわこ,一般,６２６　５　２５４　５２,2026-07-19,2026-07-24,19,下関,ＧⅢ,５　５４３５４　４　３５,2026-07-07,2026-07-12,11,びわこ,一般,　　　　　　　　　　５３,4479,矢野 真梨菜,2026-08-25,2026-08-30,09,津,一般,６　３６１　１３５５４４,2026-08-07,2026-08-11,15,丸亀,一般,１　６４１　４３５４,2026-07-19,2026-07-24,19,下関,ＧⅢ,４　２４３４４６６　５,2026-06-18,2026-06-23,02,戸田,一般,６　５４２４４　転,2026-05-24,2026-05-29,24,大村,一般,５４４　２４２　５３６,5254,羽田 妃希,2026-08-12,2026-08-17,24,大村,ＧⅢ,４３６　１５落　６　４３,2026-07-19,2026-07-24,19,下関,ＧⅢ,４６６　４　６６５　２,2026-07-07,2026-07-12,11,びわこ,一般,　　　　　　　　　　５３,2026-07-01,2026-07-06,07,蒲郡,一般,５４転　５　１３２　５３,2026-06-20,2026-06-25,06,浜名湖,一般,５５５　６６３　３　５５,3232,山川 美由紀,2026-08-30,2026-09-04,06,浜名湖,ＧⅢ,４１１　２５３４１６１４,2026-08-06,2026-08-11,18,徳山,ＧⅠ,６　４５６　４　３１２,2026-06-30,2026-07-05,23,からつ,一般,５５３５２　６　５　３,2026-06-21,2026-06-24,19,下関,一般,６３１４３　５１,2026-06-06,2026-06-11,15,丸亀,一般,３４４６３　２５４１５２,5357,田中 瀬里奈,2026-09-05,2026-09-10,04,平和島,一般,６５６　４　６６６　３,2026-08-12,2026-08-17,02,戸田,一般,６　４６４　６６５６６,2026-07-22,2026-07-26,08,常滑,一般,６　６６５　６６６６,2026-07-11,2026-07-14,04,平和島,一般,６　５　６４５６,2026-06-20,2026-06-25,06,浜名湖,一般,６　６５６　６５６　４
202609120811,2026-09-12,08,11R,4556,竹井 奈美,2026-08-24,2026-08-29,10,三国,一般,２４２　４１１３５５１１,2026-08-06,2026-08-11,18,徳山,ＧⅠ,１５２　２　１６５　１５,2026-07-19,2026-07-24,19,下関,ＧⅢ,４４１　５３２４３４２３,2026-06-30,2026-07-05,23,からつ,一般,２３１　６２２４１３２１,2026-06-12,2026-06-17,22,福岡,ＧⅢ,１　２２３１１３３２[１],4897,深見 亜由美,2026-08-24,2026-08-29,10,三国,一般,３　２３４５５　２　５６,2026-08-11,2026-08-16,07,蒲郡,一般,１５５　５６３　３　２４,2026-07-19,2026-07-24,19,下関,ＧⅢ,６２３　１６５　５４３,2026-07-09,2026-07-13,14,鳴門,一般,４　４６５４４　５３,2026-06-24,2026-06-28,04,平和島,一般,５　６６５６６５,5272,松田 真実,2026-08-25,2026-08-30,09,津,一般,４　２４３　４４２４６１,2026-08-12,2026-08-17,24,大村,ＧⅢ,１　１６４　２３１２[６],2026-07-19,2026-07-24,19,下関,ＧⅢ,１　３６３４４　５６４６,2026-07-01,2026-07-06,07,蒲郡,一般,１５２　６４３　６４１,2026-06-21,2026-06-24,10,三国,一般,６６６　６,5188,武井 莉里佳,2026-08-30,2026-09-04,06,浜名湖,ＧⅢ,１１２４１２３　４１[２],2026-08-18,2026-08-23,16,児島,一般,３５１　１３３４４５１１,2026-08-06,2026-08-11,18,徳山,ＧⅠ,３　３　３５５　２３３,2026-07-19,2026-07-24,22,福岡,ＧⅢ,４　５５６　１６４２５,2026-07-11,2026-07-14,04,平和島,一般,１　１６１１[２],4765,野田部 宏子,2026-08-18,2026-08-23,16,児島,一般,４　５６６　６６,2026-08-07,2026-08-11,15,丸亀,一般,１　１６１５６２[６],2026-07-25,2026-07-30,04,平和島,一般,４　３１２　４５３４１５,2026-07-18,2026-07-21,20,若松,一般,５５５２５　１,2026-06-09,2026-06-13,07,蒲郡,一般,６　４３４３４３２,4909,薮内 瑞希,2026-08-27,2026-08-31,04,平和島,一般,エ　４６４　５３３,2026-08-08,2026-08-13,16,児島,一般,５４５　２　５５２　５６,2026-07-31,2026-08-04,13,尼崎,一般,５　２６４６５　３,2026-07-21,2026-07-26,23,からつ,一般,４　２６３　５２６　５２,2026-06-12,2026-06-17,22,福岡,ＧⅢ,３３１　４５１　５６１６
202609120812,2026-09-12,08,12R,4502,遠藤 エミ,2026-09-03,2026-09-08,09,津,ＧⅠ,４２６　１　４１５　１６,2026-08-25,2026-08-30,17,宮島,一般,１３１　２２３１５１[１],2026-08-15,2026-08-20,11,びわこ,一般,１２２６４４２　２３５３,2026-08-06,2026-08-11,18,徳山,ＧⅠ,１　５３３６２　５　１４,2026-07-28,2026-08-02,11,びわこ,ＳＧ,５６１　１１６　３１１,4190,長嶋 万記,2026-08-30,2026-09-04,06,浜名湖,ＧⅢ,２４２　１１２３２４３３,2026-08-18,2026-08-23,16,児島,一般,３２３５３２５　F３４,2026-08-06,2026-08-11,18,徳山,ＧⅠ,２６３　５　５３２　３５,2026-07-25,2026-07-30,04,平和島,一般,２３２　３２１１１５１１,2026-07-10,2026-07-15,06,浜名湖,一般,１５１１３　３１２１[４],4938,小芦 るり華,2026-08-30,2026-09-04,06,浜名湖,ＧⅢ,５５１　１２２１３３３１,2026-08-18,2026-08-23,16,児島,一般,２６５３４４１,2026-08-06,2026-08-11,18,徳山,ＧⅠ,３５３　３　６３４　３４,2026-07-28,2026-08-02,15,丸亀,一般,２６４１２　１１１２[２],2026-07-19,2026-07-24,22,福岡,ＧⅢ,２４５　５５１　５１４,4825,倉持 莉々,2026-08-30,2026-09-04,06,浜名湖,ＧⅢ,１６２１２　１１２１[１],2026-08-18,2026-08-23,16,児島,一般,２３１３３１２　３３２１,2026-08-06,2026-08-11,18,徳山,ＧⅠ,１５２　１　６５１　５４,2026-07-25,2026-07-30,04,平和島,一般,１１３４１２１　２１[１],2026-07-07,2026-07-12,11,びわこ,一般,２４４５１３２２１２[４],5155,内山 七海,2026-09-02,2026-09-06,17,宮島,一般,２１１６４　４６４４,2026-08-24,2026-08-29,10,三国,一般,１エ１　１２５２１４１６,2026-08-06,2026-08-11,18,徳山,ＧⅠ,６　１　４落３　４３１,2026-07-19,2026-07-24,22,福岡,ＧⅢ,４　３４２　１６,2026-07-10,2026-07-15,06,浜名湖,一般,６４２１６１４　３　３３,4964,土屋 南,2026-08-18,2026-08-23,16,児島,一般,２４３　４６２２５１４３,2026-08-06,2026-08-11,18,徳山,ＧⅠ,３　２６２　１　３　２４,2026-07-19,2026-07-24,19,下関,ＧⅢ,５　３３２１４　３５１４,2026-07-07,2026-07-12,11,びわこ,一般,１４３２４１１　３２[３],2026-06-24,2026-06-29,12,住之江,一般,３　４４４　２４４２２
202609120901,2026-09-12,09,01R,4136,江夏 満,2026-08-31,2026-09-05,20,若松,ＧⅢ,１３４　１１２３３２[５],2026-08-22,2026-08-27,22,福岡,一般,１６４４３１３　３３２２,2026-05-11,2026-05-15,08,常滑,一般,４２２１２３３４１３,2026-05-01,2026-05-06,20,若松,一般,３　４２２　４４５６１５,2026-04-21,2026-04-26,17,宮島,ＧⅠ,２４４　１　６５３　５１,4458,抹香 雄三,2026-08-29,2026-09-03,16,児島,一般,３５３　４３５　２３３１,2026-08-14,2026-08-19,17,宮島,一般,６　３１２　３４３６１３,2026-08-04,2026-08-09,12,住之江,一般,５２３　２４２　２５３３,2026-07-23,2026-07-27,01,桐生,一般,３３１　４６４４３５,2026-07-10,2026-07-15,23,からつ,一般,３２２　３２６５３　２５,5354,渡邊 雄斗,2026-09-04,2026-09-09,11,びわこ,一般,２３２　２５３６３６２３,2026-08-15,2026-08-20,09,津,一般,２５１　５４１　３３１６,2026-08-04,2026-08-09,12,住之江,一般,５　３５６　４６６　５,2026-07-28,2026-07-31,24,大村,一般,６５４　５　６２,2026-07-19,2026-07-23,05,多摩川,一般,１　２　４３５１[２],5172,田村 慶,2026-08-27,2026-08-31,04,平和島,一般,１　２６５６６　１１,2026-08-16,2026-08-19,14,鳴門,一般,２　４２５２[５],2026-07-22,2026-07-27,14,鳴門,一般,２３１　５２４２２転,2026-07-15,2026-07-20,18,徳山,一般,４５２　１　４２１４３３,2026-06-29,2026-07-04,08,常滑,一般,２６５　５４１　２３２３,4106,坂井 康嗣,2026-08-21,2026-08-26,06,浜名湖,一般,４　４６２　２２６６６６,2026-08-03,2026-08-08,17,宮島,一般,３　４４３　６２３６４,2026-07-23,2026-07-27,01,桐生,一般,４　４２４４３　４５,2026-07-04,2026-07-09,18,徳山,一般,６　５６,2026-06-24,2026-06-29,09,津,一般,２　２５６　６１３４６６,4423,坂口 貴彦,2026-08-26,2026-08-30,14,鳴門,一般,５３４　１　６４３４,2026-08-14,2026-08-19,17,宮島,一般,２２２　３３１　５４３６,2026-07-31,2026-08-03,20,若松,一般,４　６５,2026-07-15,2026-07-20,18,徳山,一般,６１４　３５４　４２２,2026-06-30,2026-07-05,06,浜名湖,一般,３　２２１　４４３２[４]
202609120902,2026-09-12,09,02R,3268,森 竜也,2026-08-27,2026-09-01,07,蒲郡,一般,３　４２４　１３１６３６,2026-08-15,2026-08-20,09,津,一般,２３５　４２４　１６３,2026-08-03,2026-08-08,04,平和島,ＧⅢ,６　４４２　３３２３４４,2026-07-23,2026-07-28,21,芦屋,一般,５６５　３　５６５　６５,2026-07-10,2026-07-15,23,からつ,一般,３５１　４　５１５４４１,3430,角浜 修,2026-08-26,2026-08-31,11,びわこ,一般,４　５１５５１　２６５,2026-08-14,2026-08-19,17,宮島,一般,４３４　３１６　６６６,2026-08-03,2026-08-08,19,下関,一般,６　５５３　５２６　３４,2026-07-21,2026-07-26,23,からつ,一般,５　６４２　２５１　５１,2026-07-09,2026-07-13,16,児島,一般,３４６６２　４　６５,3619,長谷川 充,2026-08-26,2026-08-31,11,びわこ,一般,６　２３３３６　２６３,2026-08-02,2026-08-05,21,芦屋,一般,２　２４１５５３,2026-07-19,2026-07-23,05,多摩川,一般,１６５４３　４　３１,2026-07-07,2026-07-12,10,三国,ＧⅢ,３　２２３３６６３　２５,2026-06-25,2026-06-30,01,桐生,ＧⅢ,５４４　４２６　６　５４,3211,北川 敏弘,2026-09-01,2026-09-05,13,尼崎,一般,２６５　２　２５３３,2026-08-22,2026-08-26,20,若松,一般,４　６５４　５６６５,2026-08-09,2026-08-14,23,からつ,一般,６　４２２２５　２　４１,2026-07-24,2026-07-29,17,宮島,一般,４６４　５６４　５５５３,2026-07-14,2026-07-17,24,大村,一般,３５６　４　３５,3448,高山 秀雄,2026-08-30,2026-09-03,08,常滑,一般,４　４３４４２　３２,2026-05-19,2026-05-24,08,常滑,一般,６　３５５　３５４　４５,2026-05-01,2026-05-06,01,桐生,一般,６,2026-04-18,2026-04-23,05,多摩川,一般,５　１２３　５５２F５,2026-04-05,2026-04-10,02,戸田,一般,４５４　１５５　３２６２,3567,吉岡 誠,2026-08-27,2026-09-01,07,蒲郡,一般,６　６５６　１　６６６,2026-08-16,2026-08-19,14,鳴門,一般,３６,2026-07-29,2026-08-03,22,福岡,一般,６　落欠,2026-07-22,2026-07-25,24,大村,一般,６３６　６　６４,2026-07-07,2026-07-12,08,常滑,一般,２　６２２　２５５４２２
202609120903,2026-09-12,09,03R,4390,松本 弓雄,2026-08-26,2026-08-30,14,鳴門,一般,３６５　転　３５６５,2026-08-15,2026-08-20,18,徳山,一般,５２３　２２５　４５１６,2026-08-04,2026-08-09,12,住之江,一般,６　４６６,2026-07-22,2026-07-27,14,鳴門,一般,４６５　５４５　２５４５,2026-07-10,2026-07-15,23,からつ,一般,２　３３５　３２４６５４,4824,松井 洪弥,2026-08-30,2026-09-02,21,芦屋,一般,５２１１１１[６],2026-08-14,2026-08-19,10,三国,一般,２４３５６　１５２　１５,2026-08-03,2026-08-08,17,宮島,一般,５２１５１　１２５４１２,2026-07-24,2026-07-27,02,戸田,一般,６６１１３　１３,2026-07-15,2026-07-19,08,常滑,一般,４３５５４,4977,馬野 耀,2026-08-30,2026-09-02,21,芦屋,一般,３３３５,2026-08-22,2026-08-27,08,常滑,ＧⅢ,４　４４２　１１６３３１,2026-08-13,2026-08-18,12,住之江,一般,２　４４２　４３４５１,2026-08-04,2026-08-09,10,三国,一般,４　２２１６４１２３２１,2026-07-22,2026-07-25,24,大村,一般,１　２２１２[４],3827,今泉 徹,2026-08-27,2026-09-01,07,蒲郡,一般,５　１５５５４　６　４５,2026-08-11,2026-08-16,01,桐生,一般,３　６４３　５　１６４４,2026-07-31,2026-08-03,20,若松,一般,６　４５５　１６,2026-07-17,2026-07-20,02,戸田,一般,５　３３４３４１,2026-07-04,2026-07-09,01,桐生,一般,４２３　６６２　３４１２,5356,長谷川 暖,2026-08-29,2026-09-03,19,下関,一般,２　１４２５４５１３１３,2026-08-15,2026-08-20,18,徳山,一般,４　６４１　４６５　４４,2026-07-29,2026-08-03,23,からつ,一般,４　５６４６４　１５２,2026-06-21,2026-06-24,10,三国,一般,６　３５５　４１,2026-06-07,2026-06-11,05,多摩川,一般,５１６　３６２　３１,4703,森永 隆,2026-08-28,2026-08-31,23,からつ,一般,３２１３転４２２,2026-08-15,2026-08-20,18,徳山,一般,１　２５４２４４２４４５,2026-08-07,2026-08-11,15,丸亀,一般,１５２３３４１２[２],2026-07-24,2026-07-29,17,宮島,一般,３６１４２１４　３６４５,2026-07-09,2026-07-13,14,鳴門,一般,２２１２１６２２[２]
202609120904,2026-09-12,09,04R,5359,佐藤 世那,2026-07-31,2026-08-03,20,若松,一般,５６５　６　５３,2026-07-17,2026-07-20,02,戸田,一般,４２２　１１２５,2026-07-01,2026-07-06,22,福岡,一般,５　６５６　５５２　４３,2026-06-20,2026-06-25,15,丸亀,一般,４　２５２　４５３　F６,2026-06-03,2026-06-08,21,芦屋,一般,６　２３１　４６６３１,4581,吉村 誠,2026-08-31,2026-09-05,18,徳山,一般,１６３　１１６４３３１３,2026-08-20,2026-08-23,02,戸田,一般,２　２１２１[３],2026-08-11,2026-08-16,06,浜名湖,一般,２５１４１２５　１４２１,2026-07-31,2026-08-05,05,多摩川,一般,４　１３４３２３１６４３,2026-07-24,2026-07-27,12,住之江,一般,４２３３２２３,3973,崎 利仁,2026-08-27,2026-09-01,07,蒲郡,一般,５３６　６　４５３　５６,2026-08-11,2026-08-16,01,桐生,一般,６　３３４　２　１４１１,2026-07-31,2026-08-03,20,若松,一般,２　６６５５２,2026-07-15,2026-07-20,18,徳山,一般,２４３　２４４　５　５５,2026-07-05,2026-07-09,24,大村,一般,２　４５３　５２２３,4949,横田 貴満,2026-08-29,2026-09-03,16,児島,一般,３　２５５５３４,2026-08-20,2026-08-23,23,からつ,一般,４２４２４３４１,2026-08-06,2026-08-10,24,大村,一般,４１３３３　５３５３,2026-07-23,2026-07-27,01,桐生,一般,５２１３１２３５２４,2026-07-11,2026-07-16,03,江戸川,一般,４５１　４５５,4318,桑原 将光,2026-08-30,2026-09-02,21,芦屋,一般,２２１３３３２１,2026-07-23,2026-07-27,01,桐生,一般,５５２　エ３５３３,2026-07-15,2026-07-19,08,常滑,一般,４　４４３２６　１４,2026-07-05,2026-07-09,05,多摩川,一般,５　３３５３３　４１,2026-06-24,2026-06-29,03,江戸川,一般,３　４F３　４転５　４４,3901,松田 憲幸,2026-08-26,2026-08-30,14,鳴門,一般,６　４５６　４　５５,2026-08-11,2026-08-16,19,下関,一般,１　２３６　３３１６６５,2026-07-29,2026-08-03,23,からつ,一般,６　３６５　４１５　６１,2026-07-18,2026-07-22,10,三国,一般,６　３６２　６　６２,2026-07-04,2026-07-09,18,徳山,一般,５１１　５１６３１５３３
202609120905,2026-09-12,09,05R,3900,香川 素子,2026-08-06,2026-08-11,18,徳山,ＧⅠ,落５３　１　６４４　６,2026-07-28,2026-08-02,15,丸亀,一般,３３４２４　５６６５２４,2026-07-19,2026-07-24,19,下関,ＧⅢ,２１４　４３３１３２[２],2026-07-07,2026-07-12,11,びわこ,一般,２２２４１５３　６６２４,2026-06-17,2026-06-22,13,尼崎,一般,１６１　１１１F２　５,4349,犬童 千秋,2026-08-25,2026-08-30,17,宮島,一般,５５４　５５６　２５３６,2026-07-14,2026-07-19,21,芦屋,一般,４　２６２４５　６２３,2026-06-28,2026-07-03,20,若松,一般,１　２　２２３５４６２５,2026-06-12,2026-06-17,22,福岡,ＧⅢ,２　４４２　２６F６４,2026-05-18,2026-05-23,18,徳山,ＧⅢ,４１５６３　２　５３４３,5204,宇恵 有香,2026-08-26,2026-08-30,14,鳴門,一般,６５４　６　２３６５,2026-08-15,2026-08-20,09,津,一般,５３６　２５４　４　４２,2026-08-08,2026-08-11,05,多摩川,一般,４　１６１　１４,2026-07-31,2026-08-05,01,桐生,ＧⅢ,３　６１６　３１５２[５],2026-07-10,2026-07-15,06,浜名湖,一般,３　５４４　４５５　５,4017,向井 美鈴,2026-08-29,2026-09-03,19,下関,一般,６１５３４　５　３５２,2026-08-15,2026-08-20,18,徳山,一般,５　１１５５３　１３１３,2026-07-10,2026-07-15,06,浜名湖,一般,３１２　４３６　２２[３],2026-06-24,2026-06-28,04,平和島,一般,６３６５３　１２,2026-06-14,2026-06-18,01,桐生,一般,５２６　６６６　５,3580,水口 由紀,2026-08-30,2026-09-04,06,浜名湖,ＧⅢ,２　４３３　２５３５３６,2026-08-15,2026-08-20,11,びわこ,一般,３　３４４４４　１３６,2026-07-19,2026-07-24,19,下関,ＧⅢ,３　３４４　５２３５３,2026-07-07,2026-07-12,11,びわこ,一般,２　１５６３５　５１４５,2026-06-17,2026-06-22,13,尼崎,一般,３４５　４３２６２５３２,5277,井上 未都,2026-09-05,2026-09-10,04,平和島,一般,３２４　２６,2026-08-24,2026-08-29,10,三国,一般,３１１　５６５　４　４４,2026-08-10,2026-08-15,21,芦屋,一般,４　５５３　３４４　５６,2026-07-19,2026-07-24,22,福岡,ＧⅢ,３　２　５２４　５　４５,2026-07-07,2026-07-12,08,常滑,一般,５３５　４６１　６２４３
202609120906,2026-09-12,09,06R,4119,泥谷 一毅,2026-08-30,2026-09-02,21,芦屋,一般,２１２　２４１２,2026-08-15,2026-08-20,11,びわこ,一般,６欠,2026-07-31,2026-08-05,05,多摩川,一般,１３２　１　３４３４３５,2026-07-18,2026-07-22,10,三国,一般,４　４１４３６５２５,2026-07-05,2026-07-09,24,大村,一般,１５３　４５１　２４,4423,坂口 貴彦,2026-08-26,2026-08-30,14,鳴門,一般,５３４　１　６４３４,2026-08-14,2026-08-19,17,宮島,一般,２２２　３３１　５４３６,2026-07-31,2026-08-03,20,若松,一般,４　６５,2026-07-15,2026-07-20,18,徳山,一般,６１４　３５４　４２２,2026-06-30,2026-07-05,06,浜名湖,一般,３　２２１　４４３２[４],4702,三浦 敬太,2026-08-28,2026-09-02,05,多摩川,ＧⅢ,４　４１３５欠欠,2026-08-17,2026-08-21,13,尼崎,一般,４２３２２６１５１１,2026-08-03,2026-08-08,19,下関,一般,１２１　１１４１妨３１,2026-07-24,2026-07-27,02,戸田,一般,４６６６４６３,2026-07-14,2026-07-19,21,芦屋,一般,２２２　３５５５２５１１,4259,真庭 明志,2026-08-30,2026-09-02,21,芦屋,一般,２　３２４５２２,2026-08-17,2026-08-21,13,尼崎,一般,４４４　１３３　５１,2026-08-06,2026-08-10,24,大村,一般,２　１４４４１５１３,2026-07-25,2026-07-29,20,若松,一般,１　２３５３４３１３,2026-07-14,2026-07-17,24,大村,一般,１４１１６３５２,5327,西田 和加,2026-08-12,2026-08-17,24,大村,ＧⅢ,５　５５６　３４５　５６,2026-07-22,2026-07-26,08,常滑,一般,５５６　２　４４５６,2026-07-11,2026-07-14,04,平和島,一般,６　６　６５６６,2026-05-28,2026-06-02,01,桐生,一般,６　６４６　６６６,2026-05-01,2026-05-06,02,戸田,一般,５　６６５　F　６　６,4757,山田 祐也,2026-08-29,2026-09-03,16,児島,一般,１１６　２１４２３１[２],2026-08-16,2026-08-19,14,鳴門,一般,４２５３２　１２,2026-08-07,2026-08-11,15,丸亀,一般,４４１１３４１１[５],2026-07-28,2026-08-02,11,びわこ,ＳＧ,３　６　１６２　５３４３,2026-07-13,2026-07-18,07,蒲郡,ＧⅡ,３５６　６１１１５　２
202609120907,2026-09-12,09,07R,5356,長谷川 暖,2026-08-29,2026-09-03,19,下関,一般,２　１４２５４５１３１３,2026-08-15,2026-08-20,18,徳山,一般,４　６４１　４６５　４４,2026-07-29,2026-08-03,23,からつ,一般,４　５６４６４　１５２,2026-06-21,2026-06-24,10,三国,一般,６　３５５　４１,2026-06-07,2026-06-11,05,多摩川,一般,５１６　３６２　３１,3629,浅見 昌克,2026-08-31,2026-09-05,20,若松,ＧⅢ,５３６２１　１５３４２６,2026-08-20,2026-08-25,21,芦屋,一般,４２３６６　２６６　５４,2026-05-14,2026-05-18,10,三国,一般,１３５５３　４　３２,2026-05-01,2026-05-06,02,戸田,一般,４　３３１　１２３２３４,2026-04-21,2026-04-26,17,宮島,ＧⅠ,２　F　６５６　６　４,4644,山田 亮太,2026-08-30,2026-09-02,21,芦屋,一般,４６１５４　１１,2026-08-15,2026-08-20,05,多摩川,一般,６１２　４１３３４５１５,2026-08-04,2026-08-09,12,住之江,一般,４　１６３５５　２２３１,2026-07-22,2026-07-26,08,常滑,一般,２２２　３３１転３,2026-07-14,2026-07-17,24,大村,一般,２２３２３２[３],3567,吉岡 誠,2026-08-27,2026-09-01,07,蒲郡,一般,６　６５６　１　６６６,2026-08-16,2026-08-19,14,鳴門,一般,３６,2026-07-29,2026-08-03,22,福岡,一般,６　落欠,2026-07-22,2026-07-25,24,大村,一般,６３６　６　６４,2026-07-07,2026-07-12,08,常滑,一般,２　６２２　２５５４２２,5049,松井 友汰,2026-08-30,2026-09-03,08,常滑,一般,４５４　２４３　２１,2026-08-17,2026-08-21,13,尼崎,一般,１　３２１２１１[５],2026-07-11,2026-07-16,03,江戸川,一般,２　１３６　３５２２２５,2026-06-30,2026-07-04,19,下関,一般,４６２　１３１４６５,2026-06-17,2026-06-22,05,多摩川,一般,２３２　６３１　３３１４,4933,板橋 侑我,2026-09-03,2026-09-08,10,三国,一般,４１１２２２１　４１[３],2026-08-21,2026-08-26,03,江戸川,一般,３　５４２　１２１　２４,2026-08-11,2026-08-16,06,浜名湖,一般,２　４５４６１５４　２１,2026-07-28,2026-08-02,11,びわこ,ＳＧ,５　２６６　４　６６４,2026-07-18,2026-07-21,20,若松,一般,２１２４３５１５
202609120908,2026-09-12,09,08R,3827,今泉 徹,2026-08-27,2026-09-01,07,蒲郡,一般,５　１５５５４　６　４５,2026-08-11,2026-08-16,01,桐生,一般,３　６４３　５　１６４４,2026-07-31,2026-08-03,20,若松,一般,６　４５５　１６,2026-07-17,2026-07-20,02,戸田,一般,５　３３４３４１,2026-07-04,2026-07-09,01,桐生,一般,４２３　６６２　３４１２,4058,野末 智一,2026-09-01,2026-09-04,24,大村,一般,２１１３４３３１,2026-08-22,2026-08-26,20,若松,一般,４６５２４,2026-08-11,2026-08-16,06,浜名湖,一般,１６４１２　２転２５５３,2026-07-24,2026-07-27,02,戸田,一般,４４２　３１１１,2026-07-15,2026-07-19,17,宮島,一般,４１３５３　２５６２,5172,田村 慶,2026-08-27,2026-08-31,04,平和島,一般,１　２６５６６　１１,2026-08-16,2026-08-19,14,鳴門,一般,２　４２５２[５],2026-07-22,2026-07-27,14,鳴門,一般,２３１　５２４２２転,2026-07-15,2026-07-20,18,徳山,一般,４５２　１　４２１４３３,2026-06-29,2026-07-04,08,常滑,一般,２６５　５４１　２３２３,4532,秋元 哲,2026-08-28,2026-09-02,05,多摩川,ＧⅢ,２２２　２１２２４３３１,2026-08-12,2026-08-17,02,戸田,一般,３１１　妨２３４２２１,2026-08-03,2026-08-08,04,平和島,ＧⅢ,４　５２４６４６２　２１,2026-06-13,2026-06-18,08,常滑,ＧⅠ,５６,2026-06-04,2026-06-09,17,宮島,ＧⅠ,３４６　４　３５３　３５,3268,森 竜也,2026-08-27,2026-09-01,07,蒲郡,一般,３　４２４　１３１６３６,2026-08-15,2026-08-20,09,津,一般,２３５　４２４　１６３,2026-08-03,2026-08-08,04,平和島,ＧⅢ,６　４４２　３３２３４４,2026-07-23,2026-07-28,21,芦屋,一般,５６５　３　５６５　６５,2026-07-10,2026-07-15,23,からつ,一般,３５１　４　５１５４４１,4695,尾崎 雄二,2026-08-30,2026-09-03,08,常滑,一般,３　６２４３５２３５,2026-08-17,2026-08-21,13,尼崎,一般,１　２５４１３４１６,2026-08-06,2026-08-10,24,大村,一般,３　５３１６３５５２,2026-07-27,2026-08-01,10,三国,一般,５５６５１　３　２６５１,2026-07-16,2026-07-21,11,びわこ,一般,５１４転
202609120909,2026-09-12,09,09R,5073,上原 健次郎,2026-08-30,2026-09-03,08,常滑,一般,４６３１２　４６４３,2026-08-20,2026-08-23,04,平和島,一般,５１２　５６２６,2026-08-10,2026-08-15,21,芦屋,一般,４　４５２　１５６６４４,2026-07-29,2026-08-03,22,福岡,一般,３　２５１５５４１４５２,2026-07-07,2026-07-12,02,戸田,ＧⅡ,３　５　５４５　４４６,5005,石田 貴洋,2026-09-01,2026-09-04,24,大村,一般,１５４２２６１２,2026-08-22,2026-08-26,20,若松,一般,２５４２３４２３３３,2026-08-11,2026-08-16,04,平和島,一般,３３５１４１５　１　５１,2026-07-29,2026-08-03,23,からつ,一般,１２３　２４３３３５５２,2026-07-17,2026-07-20,02,戸田,一般,１１３　３１[２],4017,向井 美鈴,2026-08-29,2026-09-03,19,下関,一般,６１５３４　５　３５２,2026-08-15,2026-08-20,18,徳山,一般,５　１１５５３　１３１３,2026-07-10,2026-07-15,06,浜名湖,一般,３１２　４３６　２２[３],2026-06-24,2026-06-28,04,平和島,一般,６３６５３　１２,2026-06-14,2026-06-18,01,桐生,一般,５２６　６６６　５,3430,角浜 修,2026-08-26,2026-08-31,11,びわこ,一般,４　５１５５１　２６５,2026-08-14,2026-08-19,17,宮島,一般,４３４　３１６　６６６,2026-08-03,2026-08-08,19,下関,一般,６　５５３　５２６　３４,2026-07-21,2026-07-26,23,からつ,一般,５　６４２　２５１　５１,2026-07-09,2026-07-13,16,児島,一般,３４６６２　４　６５,4156,浜野 孝志,2026-08-29,2026-09-03,19,下関,一般,４１５　４５６　３５２１,2026-08-15,2026-08-20,09,津,一般,３　４２４　１３３５５１,2026-08-03,2026-08-08,04,平和島,ＧⅢ,１３５　１５６２１６３５,2026-07-24,2026-07-27,12,住之江,一般,２２３　２３３３,2026-07-14,2026-07-19,21,芦屋,一般,３４５　２１１１１４５２,4949,横田 貴満,2026-08-29,2026-09-03,16,児島,一般,３　２５５５３４,2026-08-20,2026-08-23,23,からつ,一般,４２４２４３４１,2026-08-06,2026-08-10,24,大村,一般,４１３３３　５３５３,2026-07-23,2026-07-27,01,桐生,一般,５２１３１２３５２４,2026-07-11,2026-07-16,03,江戸川,一般,４５１　４５５
202609120910,2026-09-12,09,10R,4318,桑原 将光,2026-08-30,2026-09-02,21,芦屋,一般,２２１３３３２１,2026-07-23,2026-07-27,01,桐生,一般,５５２　エ３５３３,2026-07-15,2026-07-19,08,常滑,一般,４　４４３２６　１４,2026-07-05,2026-07-09,05,多摩川,一般,５　３３５３３　４１,2026-06-24,2026-06-29,03,江戸川,一般,３　４F３　４転５　４４,3448,高山 秀雄,2026-08-30,2026-09-03,08,常滑,一般,４　４３４４２　３２,2026-05-19,2026-05-24,08,常滑,一般,６　３５５　３５４　４５,2026-05-01,2026-05-06,01,桐生,一般,６,2026-04-18,2026-04-23,05,多摩川,一般,５　１２３　５５２F５,2026-04-05,2026-04-10,02,戸田,一般,４５４　１５５　３２６２,3349,吉田 一郎,2026-08-29,2026-09-03,16,児島,一般,２　１４４４３１１２[５],2026-08-17,2026-08-20,20,若松,一般,４２１４１１[２],2026-08-06,2026-08-10,24,大村,一般,２２４　１４３６３５,2026-07-27,2026-07-31,19,下関,一般,５３５５１　３　４３,2026-07-15,2026-07-19,08,常滑,一般,６　１２１４１３４５,5354,渡邊 雄斗,2026-09-04,2026-09-09,11,びわこ,一般,２３２　２５３６３６２３,2026-08-15,2026-08-20,09,津,一般,２５１　５４１　３３１６,2026-08-04,2026-08-09,12,住之江,一般,５　３５６　４６６　５,2026-07-28,2026-07-31,24,大村,一般,６５４　５　６２,2026-07-19,2026-07-23,05,多摩川,一般,１　２　４３５１[２],3900,香川 素子,2026-08-06,2026-08-11,18,徳山,ＧⅠ,落５３　１　６４４　６,2026-07-28,2026-08-02,15,丸亀,一般,３３４２４　５６６５２４,2026-07-19,2026-07-24,19,下関,ＧⅢ,２１４　４３３１３２[２],2026-07-07,2026-07-12,11,びわこ,一般,２２２４１５３　６６２４,2026-06-17,2026-06-22,13,尼崎,一般,１６１　１１１F２　５,4977,馬野 耀,2026-08-30,2026-09-02,21,芦屋,一般,３３３５,2026-08-22,2026-08-27,08,常滑,ＧⅢ,４　４４２　１１６３３１,2026-08-13,2026-08-18,12,住之江,一般,２　４４２　４３４５１,2026-08-04,2026-08-09,10,三国,一般,４　２２１６４１２３２１,2026-07-22,2026-07-25,24,大村,一般,１　２２１２[４]
202609120911,2026-09-12,09,11R,4191,赤羽 克也,2026-08-30,2026-09-02,21,芦屋,一般,２３２３１３１３,2026-08-20,2026-08-23,02,戸田,一般,３２１３１１[２],2026-08-11,2026-08-16,04,平和島,一般,５　５１５５３４２　２１,2026-07-24,2026-07-29,17,宮島,一般,４１２　３４６３エ,2026-07-12,2026-07-16,05,多摩川,一般,４４３１２３１３２５,4933,板橋 侑我,2026-09-03,2026-09-08,10,三国,一般,４１１２２２１　４１[３],2026-08-21,2026-08-26,03,江戸川,一般,３　５４２　１２１　２４,2026-08-11,2026-08-16,06,浜名湖,一般,２　４５４６１５４　２１,2026-07-28,2026-08-02,11,びわこ,ＳＧ,５　２６６　４　６６４,2026-07-18,2026-07-21,20,若松,一般,２１２４３５１５,5277,井上 未都,2026-09-05,2026-09-10,04,平和島,一般,３２４　２６,2026-08-24,2026-08-29,10,三国,一般,３１１　５６５　４　４４,2026-08-10,2026-08-15,21,芦屋,一般,４　５５３　３４４　５６,2026-07-19,2026-07-24,22,福岡,ＧⅢ,３　２　５２４　５　４５,2026-07-07,2026-07-12,08,常滑,一般,５３５　４６１　６２４３,4702,三浦 敬太,2026-08-28,2026-09-02,05,多摩川,ＧⅢ,４　４１３５欠欠,2026-08-17,2026-08-21,13,尼崎,一般,４２３２２６１５１１,2026-08-03,2026-08-08,19,下関,一般,１２１　１１４１妨３１,2026-07-24,2026-07-27,02,戸田,一般,４６６６４６３,2026-07-14,2026-07-19,21,芦屋,一般,２２２　３５５５２５１１,4458,抹香 雄三,2026-08-29,2026-09-03,16,児島,一般,３５３　４３５　２３３１,2026-08-14,2026-08-19,17,宮島,一般,６　３１２　３４３６１３,2026-08-04,2026-08-09,12,住之江,一般,５２３　２４２　２５３３,2026-07-23,2026-07-27,01,桐生,一般,３３１　４６４４３５,2026-07-10,2026-07-15,23,からつ,一般,３２２　３２６５３　２５,4824,松井 洪弥,2026-08-30,2026-09-02,21,芦屋,一般,５２１１１１[６],2026-08-14,2026-08-19,10,三国,一般,２４３５６　１５２　１５,2026-08-03,2026-08-08,17,宮島,一般,５２１５１　１２５４１２,2026-07-24,2026-07-27,02,戸田,一般,６６１１３　１３,2026-07-15,2026-07-19,08,常滑,一般,４３５５４
202609120912,2026-09-12,09,12R,4532,秋元 哲,2026-08-28,2026-09-02,05,多摩川,ＧⅢ,２２２　２１２２４３３１,2026-08-12,2026-08-17,02,戸田,一般,３１１　妨２３４２２１,2026-08-03,2026-08-08,04,平和島,ＧⅢ,４　５２４６４６２　２１,2026-06-13,2026-06-18,08,常滑,ＧⅠ,５６,2026-06-04,2026-06-09,17,宮島,ＧⅠ,３４６　４　３５３　３５,4757,山田 祐也,2026-08-29,2026-09-03,16,児島,一般,１１６　２１４２３１[２],2026-08-16,2026-08-19,14,鳴門,一般,４２５３２　１２,2026-08-07,2026-08-11,15,丸亀,一般,４４１１３４１１[５],2026-07-28,2026-08-02,11,びわこ,ＳＧ,３　６　１６２　５３４３,2026-07-13,2026-07-18,07,蒲郡,ＧⅡ,３５６　６１１１５　２,4703,森永 隆,2026-08-28,2026-08-31,23,からつ,一般,３２１３転４２２,2026-08-15,2026-08-20,18,徳山,一般,１　２５４２４４２４４５,2026-08-07,2026-08-11,15,丸亀,一般,１５２３３４１２[２],2026-07-24,2026-07-29,17,宮島,一般,３６１４２１４　３６４５,2026-07-09,2026-07-13,14,鳴門,一般,２２１２１６２２[２],4644,山田 亮太,2026-08-30,2026-09-02,21,芦屋,一般,４６１５４　１１,2026-08-15,2026-08-20,05,多摩川,一般,６１２　４１３３４５１５,2026-08-04,2026-08-09,12,住之江,一般,４　１６３５５　２２３１,2026-07-22,2026-07-26,08,常滑,一般,２２２　３３１転３,2026-07-14,2026-07-17,24,大村,一般,２２３２３２[３],4136,江夏 満,2026-08-31,2026-09-05,20,若松,ＧⅢ,１３４　１１２３３２[５],2026-08-22,2026-08-27,22,福岡,一般,１６４４３１３　３３２２,2026-05-11,2026-05-15,08,常滑,一般,４２２１２３３４１３,2026-05-01,2026-05-06,20,若松,一般,３　４２２　４４５６１５,2026-04-21,2026-04-26,17,宮島,ＧⅠ,２４４　１　６５３　５１,4581,吉村 誠,2026-08-31,2026-09-05,18,徳山,一般,１６３　１１６４３３１３,2026-08-20,2026-08-23,02,戸田,一般,２　２１２１[３],2026-08-11,2026-08-16,06,浜名湖,一般,２５１４１２５　１４２１,2026-07-31,2026-08-05,05,多摩川,一般,４　１３４３２３１６４３,2026-07-24,2026-07-27,12,住之江,一般,４２３３２２３
202609121001,2026-09-12,10,01R,5029,中 亮太,2026-09-01,2026-09-05,13,尼崎,一般,２１１２１３２１[５],2026-08-22,2026-08-27,08,常滑,ＧⅢ,２　４５３３４２４６１５,2026-08-10,2026-08-15,21,芦屋,一般,１４１　４１３１５５５６,2026-07-29,2026-08-01,18,徳山,一般,２１２４１１[２],2026-07-19,2026-07-24,22,福岡,ＧⅢ,１４１　１４１　１　[１],4317,木村 紗友希,2026-08-30,2026-09-04,06,浜名湖,ＧⅢ,６３２　４６４　１４１４,2026-08-11,2026-08-16,06,浜名湖,一般,６４５　５６１　３　３１,2026-07-22,2026-07-26,08,常滑,一般,４６３　２１２３４４,2026-07-10,2026-07-15,06,浜名湖,一般,５　５４１　３４４４５６,2026-06-18,2026-06-23,02,戸田,一般,４１２　３６４　６５４,4432,黄金井 力良,2026-08-30,2026-09-03,08,常滑,一般,２　２３５２４４１２,2026-08-20,2026-08-23,02,戸田,一般,５１５　３４６３,2026-08-12,2026-08-17,02,戸田,一般,１３５　３３４　３２１５,2026-07-23,2026-07-28,03,江戸川,ＧⅢ,６３４　３４１　６５４４,2026-07-11,2026-07-14,04,平和島,一般,２　６３５５４,4203,小倉 康典,2026-08-30,2026-09-03,08,常滑,一般,２５５　２６５　１２,2026-08-15,2026-08-20,05,多摩川,一般,２６３　１５３　２３６６,2026-08-04,2026-08-09,12,住之江,一般,６３２　６５５　３　６４,2026-07-23,2026-07-27,01,桐生,一般,１２５　６５３　１６,2026-07-09,2026-07-14,15,丸亀,一般,４　４２４　１５２　５,4081,樋口 範政,2026-08-29,2026-09-03,16,児島,一般,２４２　２１２３３５１４,2026-08-15,2026-08-20,05,多摩川,一般,１５３　５３２　１４４３,2026-08-04,2026-08-09,12,住之江,一般,３２１　５６３５５　３,2026-07-22,2026-07-27,14,鳴門,一般,１４４２５　５２４　５１,2026-07-07,2026-07-12,10,三国,ＧⅢ,１　５４６１１２２３３３,4429,豊田 泰洋,2026-08-29,2026-09-03,16,児島,一般,６　４３５　６５２　５６,2026-08-14,2026-08-19,17,宮島,一般,６　４４６　４６６５５,2026-08-05,2026-08-10,09,津,一般,６６５　２　２４３　６４,2026-07-21,2026-07-26,23,からつ,一般,５５６　３５転　５６６,2026-07-09,2026-07-14,15,丸亀,一般,６　１６６　４５５　３５
202609121002,2026-09-12,10,02R,3251,平石 和男,2026-08-31,2026-09-05,20,若松,ＧⅢ,３　１３２３４３１３５４,2026-08-20,2026-08-25,21,芦屋,一般,５２３　５５２１２１２１,2026-08-08,2026-08-11,05,多摩川,一般,６２４３３　１３,2026-07-27,2026-08-01,09,津,一般,５　４３,2026-07-16,2026-07-21,11,びわこ,一般,４４２１４３１　２５１４,5141,大澤 風葵,2026-09-01,2026-09-05,13,尼崎,一般,６６２１３２１５２１,2026-08-22,2026-08-27,22,福岡,一般,２４１２６　１３２２[６],2026-08-11,2026-08-16,01,桐生,一般,５４２　２１６　１５２,2026-07-31,2026-08-03,20,若松,一般,４２２１２２[６],2026-07-18,2026-07-23,09,津,ＧⅢ,６３１　１　２４F　４,3620,信濃 由行,2026-08-14,2026-08-19,10,三国,一般,５　５３４　４３６４５,2026-08-05,2026-08-10,09,津,一般,４５６　４６６　４　３６,2026-07-22,2026-07-26,13,尼崎,一般,４　３　５４３５４６,2026-07-07,2026-07-12,10,三国,ＧⅢ,６６６　６　５６５　４６,2026-06-27,2026-07-01,02,戸田,一般,６５５　６　４６４,4139,丹下 健,2026-08-29,2026-09-03,19,下関,一般,１　３２６５５　３　６３,2026-08-11,2026-08-16,07,蒲郡,一般,５２３　６　５２３　５６,2026-08-02,2026-08-05,21,芦屋,一般,５　２１６６１４,2026-07-15,2026-07-20,18,徳山,一般,１　５３３　２２５６６５,2026-07-01,2026-07-06,22,福岡,一般,１４６　２２６　３５４,3563,堤 昇,2026-08-26,2026-08-31,11,びわこ,一般,３２３　２３２３５５１２,2026-08-11,2026-08-16,06,浜名湖,一般,３３２　５１４　２１１４,2026-07-31,2026-08-05,06,浜名湖,ＧⅢ,２　５２３５４　２２２,2026-07-22,2026-07-27,14,鳴門,一般,３　２１１３５５６２[４],2026-07-07,2026-07-12,20,若松,ＧⅢ,５　２３４　１２５３２２,3587,武田 信一,2026-08-30,2026-09-03,08,常滑,一般,６６５,2026-08-22,2026-08-26,20,若松,一般,６　２５６６２　６,2026-07-17,2026-07-20,02,戸田,一般,５４５　６　５４,2026-07-03,2026-07-08,12,住之江,一般,３　１４１　２３６３５６,2026-06-18,2026-06-21,04,平和島,一般,６　１３F４４
202609121003,2026-09-12,10,03R,4950,高岡 竜也,2026-08-29,2026-09-03,16,児島,一般,５１４４４３妨　１　５５,2026-08-15,2026-08-20,18,徳山,一般,１　４４２１４１１２[５],2026-08-04,2026-08-09,12,住之江,一般,４　２６３２２３５６６６,2026-07-21,2026-07-26,23,からつ,一般,１３１１３　１３４２[３],2026-07-10,2026-07-13,19,下関,一般,５６３１１　５５,3699,富永 正人,2026-08-30,2026-09-03,08,常滑,一般,４　５２３５１６２,2026-08-17,2026-08-20,20,若松,一般,４　４６５５２,2026-08-04,2026-08-09,12,住之江,一般,２　５４３　１３４６１３,2026-07-22,2026-07-26,13,尼崎,一般,６　５６２　４６４,2026-07-07,2026-07-12,10,三国,ＧⅢ,３　５２４　６５５　６,3659,藤生 雄人,2026-09-03,2026-09-06,02,戸田,一般,６５３,2026-08-21,2026-08-24,07,蒲郡,一般,２１２　２４４３,2026-08-11,2026-08-16,01,桐生,一般,転　２３２　２４３３４,2026-07-31,2026-08-05,05,多摩川,一般,３　１２４　３３６４４４,2026-07-23,2026-07-27,01,桐生,一般,４　２１５３２５１３,3442,宮武 英司,2026-08-31,2026-09-05,20,若松,ＧⅢ,１５１　６４１　１５２１,2026-08-22,2026-08-27,08,常滑,ＧⅢ,２　６５４　５５５　３５,2026-08-11,2026-08-16,19,下関,一般,１１６　６４３　６５３,2026-07-28,2026-08-02,16,児島,一般,５６５　６２６,2026-07-15,2026-07-21,12,住之江,一般,３５３　５６６　４　６４４,4694,高田 綾,2026-08-18,2026-08-23,16,児島,一般,６３６　３５３　３５６１,2026-08-07,2026-08-12,20,若松,一般,５　６３４４５３３　２３,2026-07-23,2026-07-28,21,芦屋,一般,１２２　４４４４１５６４,2026-07-07,2026-07-12,11,びわこ,一般,４　２６１３３３１５４３,2026-06-18,2026-06-23,02,戸田,一般,１３３　４５２　４６４３,3805,高橋 英之,2026-08-28,2026-09-02,05,多摩川,ＧⅢ,３２５　３３３　４エ４６,2026-08-11,2026-08-16,01,桐生,一般,３１２　２　４５４　３３,2026-07-29,2026-08-03,23,からつ,一般,３　４２２４５　２５４１,2026-07-14,2026-07-19,21,芦屋,一般,２３５　４２１　４６２５,2026-07-03,2026-07-08,12,住之江,一般,２４４　３４２　３　５１
202609121004,2026-09-12,10,04R,5034,若林 義人,2026-09-03,2026-09-08,09,津,ＧⅠ,２　６　６３４　３１４３,2026-08-20,2026-08-23,02,戸田,一般,２６３３２１１１,2026-08-11,2026-08-16,06,浜名湖,一般,１５３２３　２３１２[３],2026-07-30,2026-08-04,08,常滑,一般,１６１４５２２１５５１４,2026-07-18,2026-07-23,09,津,ＧⅢ,３３１　５６５　６２４,4564,山本 景士郎,2026-09-02,2026-09-06,17,宮島,一般,４　２４６２５３１４,2026-08-20,2026-08-23,23,からつ,一般,１　３５２６１６,2026-08-05,2026-08-10,14,鳴門,一般,２３４４２　３３２６３４,2026-07-23,2026-07-28,03,江戸川,ＧⅢ,５　６５１　３５５６４２,2026-07-11,2026-07-14,04,平和島,一般,４６２　５６３,4003,表 憲一,2026-08-27,2026-08-31,04,平和島,一般,２　３４５２５　２２,2026-08-14,2026-08-19,10,三国,一般,３４２　３５５　２４３３,2026-07-31,2026-08-04,13,尼崎,一般,５　４３３５２　１２,2026-07-18,2026-07-22,10,三国,一般,３　４６４３４　５１,2026-07-04,2026-07-09,18,徳山,一般,４３２２２　６４４３１２,4155,長野 壮志郎,2026-09-02,2026-09-07,22,福岡,一般,２　３６１　２５１２[６],2026-08-21,2026-08-24,07,蒲郡,一般,２１１６４３３１,2026-08-07,2026-08-12,20,若松,一般,５２４２１　４２１３４１,2026-07-27,2026-08-01,09,津,一般,２５２,2026-07-15,2026-07-21,12,住之江,一般,３　１２１　４６２６,3645,淺田 千亜希,2026-07-14,2026-07-19,21,芦屋,一般,１　５６４５６　２５２,2026-06-06,2026-06-11,15,丸亀,一般,６,2026-05-29,2026-06-02,23,からつ,一般,４６４３１　１　６４,2026-04-29,2026-05-04,14,鳴門,ＧⅢ,１　４１２F６,2026-04-14,2026-04-19,20,若松,一般,２　６２４６６１６　４,4233,亀山 雅幸,2026-09-02,2026-09-06,17,宮島,一般,６３１　３３１５１５,2026-08-17,2026-08-21,13,尼崎,一般,５５１　５３１　２４,2026-08-04,2026-08-09,12,住之江,一般,２６６　１１２　１４１５,2026-07-27,2026-07-31,19,下関,一般,３２１　４６４６１６,2026-07-18,2026-07-21,04,平和島,一般,４３２１４　４６
202609121005,2026-09-12,10,05R,4930,佐藤 悠,2026-08-28,2026-09-02,05,多摩川,ＧⅢ,３　４３４３５１１５１５,2026-08-14,2026-08-19,10,三国,一般,３　１３３２２５４２[４],2026-08-03,2026-08-08,04,平和島,ＧⅢ,５　３２２　２４１５３１,2026-07-24,2026-07-29,17,宮島,一般,２　１３２３１４２２[５],2026-07-17,2026-07-20,02,戸田,一般,２１３５３　５２,3482,金子 猛志,2026-08-28,2026-09-02,05,多摩川,ＧⅢ,６　３３４　５３３６５３,2026-08-11,2026-08-16,01,桐生,一般,６　１２１　３６５　１４,2026-08-02,2026-08-05,21,芦屋,一般,２１６　５４６６,2026-07-17,2026-07-22,16,児島,ＧⅢ,６４６　６３４　４　６５,2026-07-03,2026-07-06,09,津,一般,５１５　６４３６,4890,石川 諒,2026-08-30,2026-09-02,21,芦屋,一般,３　５６１F６,2026-08-15,2026-08-20,18,徳山,一般,６５３５１５２　２　３３,2026-08-04,2026-08-09,12,住之江,一般,１２３　１２４　３４５２,2026-07-25,2026-07-29,20,若松,一般,６２４　３１３４不４,2026-07-15,2026-07-20,18,徳山,一般,３１転４５　２１１１２３,4317,木村 紗友希,2026-08-30,2026-09-04,06,浜名湖,ＧⅢ,６３２　４６４　１４１４,2026-08-11,2026-08-16,06,浜名湖,一般,６４５　５６１　３　３１,2026-07-22,2026-07-26,08,常滑,一般,４６３　２１２３４４,2026-07-10,2026-07-15,06,浜名湖,一般,５　５４１　３４４４５６,2026-06-18,2026-06-23,02,戸田,一般,４１２　３６４　６５４,3967,鈴木 茂高,2026-08-29,2026-09-03,19,下関,一般,２５６　５２４６５　６,2026-07-24,2026-07-27,12,住之江,一般,４３２　４２３,2026-07-14,2026-07-17,24,大村,一般,１６６　６　５２,2026-06-30,2026-07-05,06,浜名湖,一般,４　３４５５２　２６４,2026-06-21,2026-06-25,08,常滑,一般,６２５５６　F　５,4953,尾上 雅也,2026-09-03,2026-09-08,09,津,ＧⅠ,３　６６５　６６５　３,2026-08-23,2026-08-27,18,徳山,一般,５６５４３１１　２２,2026-08-12,2026-08-17,02,戸田,一般,２２４　１１５　エ　１３,2026-08-05,2026-08-10,09,津,一般,１　１２１３２２１１[４],2026-07-27,2026-08-01,09,津,一般,１１４
202609121006,2026-09-12,10,06R,3620,信濃 由行,2026-08-14,2026-08-19,10,三国,一般,５　５３４　４３６４５,2026-08-05,2026-08-10,09,津,一般,４５６　４６６　４　３６,2026-07-22,2026-07-26,13,尼崎,一般,４　３　５４３５４６,2026-07-07,2026-07-12,10,三国,ＧⅢ,６６６　６　５６５　４６,2026-06-27,2026-07-01,02,戸田,一般,６５５　６　４６４,5045,平川 香織,2026-08-06,2026-08-11,18,徳山,ＧⅠ,４　３２１　３　３　２３,2026-07-27,2026-07-31,19,下関,一般,３　５３１２１２４,2026-07-18,2026-07-23,09,津,ＧⅢ,４　２１４　転３１４３,2026-07-07,2026-07-12,11,びわこ,一般,１３３３２　１４４３２２,2026-06-18,2026-06-23,02,戸田,一般,１　１２１３３２５５１２,4429,豊田 泰洋,2026-08-29,2026-09-03,16,児島,一般,６　４３５　６５２　５６,2026-08-14,2026-08-19,17,宮島,一般,６　４４６　４６６５５,2026-08-05,2026-08-10,09,津,一般,６６５　２　２４３　６４,2026-07-21,2026-07-26,23,からつ,一般,５５６　３５転　５６６,2026-07-09,2026-07-14,15,丸亀,一般,６　１６６　４５５　３５,3940,飯山 泰,2026-08-31,2026-09-05,20,若松,ＧⅢ,６１６４５６４　２１３,2026-08-20,2026-08-23,04,平和島,一般,２４２２１３[３],2026-08-09,2026-08-15,03,江戸川,一般,５２５　１３１　３　[３],2026-07-31,2026-08-05,06,浜名湖,ＧⅢ,６６２　１１３４１１[３],2026-07-16,2026-07-21,11,びわこ,一般,４２５４２６２　５３１,3968,茶谷 信次,2026-09-01,2026-09-05,13,尼崎,一般,２５２　２４１６３５,2026-08-19,2026-08-24,19,下関,一般,３　２４５５３　２３５,2026-08-07,2026-08-11,15,丸亀,一般,３６１　２３１５２５,2026-07-29,2026-08-03,22,福岡,一般,２２３１３４６,2026-07-18,2026-07-21,20,若松,一般,６６,3788,一宮 稔弘,2026-08-30,2026-09-02,21,芦屋,一般,２　２５１４３５,2026-08-16,2026-08-19,14,鳴門,一般,３２２５２４４５,2026-07-31,2026-08-03,20,若松,一般,１４４２１５３６,2026-03-16,2026-03-19,10,三国,一般,F５５　F,2026-03-06,2026-03-09,23,からつ,一般,１１２６４４１３
202609121007,2026-09-12,10,07R,4432,黄金井 力良,2026-08-30,2026-09-03,08,常滑,一般,２　２３５２４４１２,2026-08-20,2026-08-23,02,戸田,一般,５１５　３４６３,2026-08-12,2026-08-17,02,戸田,一般,１３５　３３４　３２１５,2026-07-23,2026-07-28,03,江戸川,ＧⅢ,６３４　３４１　６５４４,2026-07-11,2026-07-14,04,平和島,一般,２　６３５５４,3746,岡瀬 正人,2026-09-03,2026-09-06,02,戸田,一般,４４３１６　３１,2026-08-22,2026-08-26,20,若松,一般,１３４３２　２１[３],2026-08-08,2026-08-13,16,児島,一般,２　６５５４２　３４１,2026-07-23,2026-07-28,21,芦屋,一般,２３６４２１４　２３２４,2026-07-12,2026-07-16,05,多摩川,一般,３　１３１３５１[６],3474,松瀬 弘美,2026-08-30,2026-09-04,06,浜名湖,ＧⅢ,２６３　１５３　４３２１,2026-08-12,2026-08-17,24,大村,ＧⅢ,２３４　４２５　３３４,2026-07-31,2026-08-05,01,桐生,ＧⅢ,３５３　１２２　２６１２,2026-07-10,2026-07-15,06,浜名湖,一般,５　６５４　６５４　１,2026-06-24,2026-06-29,12,住之江,一般,５４４　２５２　６　５４,3587,武田 信一,2026-08-30,2026-09-03,08,常滑,一般,６６５,2026-08-22,2026-08-26,20,若松,一般,６　２５６６２　６,2026-07-17,2026-07-20,02,戸田,一般,５４５　６　５４,2026-07-03,2026-07-08,12,住之江,一般,３　１４１　２３６３５６,2026-06-18,2026-06-21,04,平和島,一般,６　１３F４４,3613,角谷 健吾,2026-08-29,2026-09-03,19,下関,一般,５２５　５４２　２１２４,2026-08-15,2026-08-20,05,多摩川,一般,２５３　１３２５２６１５,2026-07-29,2026-08-03,23,からつ,一般,２６１５２　６２２４５５,2026-07-19,2026-07-23,05,多摩川,一般,２４２２２１３２[６],2026-07-09,2026-07-14,15,丸亀,一般,２１５３１４２　１３２１,4931,木谷 賢太,2026-09-01,2026-09-06,12,住之江,一般,３５１１１　３１５５１４,2026-08-24,2026-08-28,15,丸亀,一般,１３１１２１２１[１],2026-08-11,2026-08-16,19,下関,一般,２　２３５３１２４５１６,2026-07-29,2026-08-03,23,からつ,一般,１１４　６３１６２５４３,2026-07-17,2026-07-22,16,児島,ＧⅢ,１４２１１　２５６１[４]
202609121008,2026-09-12,10,08R,3442,宮武 英司,2026-08-31,2026-09-05,20,若松,ＧⅢ,１５１　６４１　１５２１,2026-08-22,2026-08-27,08,常滑,ＧⅢ,２　６５４　５５５　３５,2026-08-11,2026-08-16,19,下関,一般,１１６　６４３　６５３,2026-07-28,2026-08-02,16,児島,一般,５６５　６２６,2026-07-15,2026-07-21,12,住之江,一般,３５３　５６６　４　６４４,4842,山下 昂大,2026-08-29,2026-09-03,16,児島,一般,２５５６１３１　１６１３,2026-08-20,2026-08-23,23,からつ,一般,４３１３４３５１,2026-08-11,2026-08-16,19,下関,一般,２　２４１５１　４２[４],2026-07-29,2026-08-03,22,福岡,一般,５　５１２４転３４１２４,2026-06-21,2026-06-25,08,常滑,一般,３　５１４５３１４５,3251,平石 和男,2026-08-31,2026-09-05,20,若松,ＧⅢ,３　１３２３４３１３５４,2026-08-20,2026-08-25,21,芦屋,一般,５２３　５５２１２１２１,2026-08-08,2026-08-11,05,多摩川,一般,６２４３３　１３,2026-07-27,2026-08-01,09,津,一般,５　４３,2026-07-16,2026-07-21,11,びわこ,一般,４４２１４３１　２５１４,4199,北川 潤二,2026-09-02,2026-09-06,17,宮島,一般,３５１１５１１４２６,2026-08-21,2026-08-26,06,浜名湖,一般,６６２３３　５１４エ２,2026-08-11,2026-08-16,07,蒲郡,一般,１　３４４５４３４１１,2026-07-29,2026-08-03,22,福岡,一般,４　１４１３１１３２[６],2026-07-19,2026-07-23,05,多摩川,一般,４５２５３１３４１４,4564,山本 景士郎,2026-09-02,2026-09-06,17,宮島,一般,４　２４６２５３１４,2026-08-20,2026-08-23,23,からつ,一般,１　３５２６１６,2026-08-05,2026-08-10,14,鳴門,一般,２３４４２　３３２６３４,2026-07-23,2026-07-28,03,江戸川,ＧⅢ,５　６５１　３５５６４２,2026-07-11,2026-07-14,04,平和島,一般,４６２　５６３,5294,豊田 祥生,2026-08-26,2026-08-31,11,びわこ,一般,１３５　５１１　６６４６,2026-08-11,2026-08-16,06,浜名湖,一般,４４５　５５５　５　５５,2026-07-21,2026-07-26,23,からつ,一般,５　４５５　５２６　４６,2026-07-11,2026-07-14,04,平和島,一般,３　４６３　１６,2026-06-29,2026-07-04,08,常滑,一般,４６５　１５５　６　２５
202609121009,2026-09-12,10,09R,4589,塩崎 桐加,2026-08-25,2026-08-30,09,津,一般,１１２　５３２　２３[３],2026-08-12,2026-08-17,24,大村,ＧⅢ,２１１　４１５　５５６４,2026-07-31,2026-08-05,01,桐生,ＧⅢ,５３３　５２２　３４１３,2026-07-10,2026-07-15,06,浜名湖,一般,１　３５１　１３１３[５],2026-06-21,2026-06-24,10,三国,一般,３４１３５５４１,3563,堤 昇,2026-08-26,2026-08-31,11,びわこ,一般,３２３　２３２３５５１２,2026-08-11,2026-08-16,06,浜名湖,一般,３３２　５１４　２１１４,2026-07-31,2026-08-05,06,浜名湖,ＧⅢ,２　５２３５４　２２２,2026-07-22,2026-07-27,14,鳴門,一般,３　２１１３５５６２[４],2026-07-07,2026-07-12,20,若松,ＧⅢ,５　２３４　１２５３２２,4930,佐藤 悠,2026-08-28,2026-09-02,05,多摩川,ＧⅢ,３　４３４３５１１５１５,2026-08-14,2026-08-19,10,三国,一般,３　１３３２２５４２[４],2026-08-03,2026-08-08,04,平和島,ＧⅢ,５　３２２　２４１５３１,2026-07-24,2026-07-29,17,宮島,一般,２　１３２３１４２２[５],2026-07-17,2026-07-20,02,戸田,一般,２１３５３　５２,4233,亀山 雅幸,2026-09-02,2026-09-06,17,宮島,一般,６３１　３３１５１５,2026-08-17,2026-08-21,13,尼崎,一般,５５１　５３１　２４,2026-08-04,2026-08-09,12,住之江,一般,２６６　１１２　１４１５,2026-07-27,2026-07-31,19,下関,一般,３２１　４６４６１６,2026-07-18,2026-07-21,04,平和島,一般,４３２１４　４６,4950,高岡 竜也,2026-08-29,2026-09-03,16,児島,一般,５１４４４３妨　１　５５,2026-08-15,2026-08-20,18,徳山,一般,１　４４２１４１１２[５],2026-08-04,2026-08-09,12,住之江,一般,４　２６３２２３５６６６,2026-07-21,2026-07-26,23,からつ,一般,１３１１３　１３４２[３],2026-07-10,2026-07-13,19,下関,一般,５６３１１　５５,5323,香川 陽太,2026-08-15,2026-08-20,11,びわこ,一般,５６６　転　４４５　６５,2026-07-28,2026-08-02,16,児島,一般,５３１　４３４２１２[５],2026-07-18,2026-07-21,20,若松,一般,５５３　３６３３,2026-06-26,2026-07-02,24,大村,一般,３　３５２　４１５　１１[５],2026-06-19,2026-06-24,11,びわこ,一般,２６５　６　１５４　１３
202609121010,2026-09-12,10,10R,3156,金子 良昭,2026-08-26,2026-08-31,11,びわこ,一般,５　F６６　５　５　３,2026-08-11,2026-08-16,06,浜名湖,一般,４　５５６　６４５　５,2026-07-22,2026-07-27,14,鳴門,一般,５６４　５３６　５２４５,2026-07-10,2026-07-15,06,浜名湖,一般,２６５　５４１　２　５６,2026-06-29,2026-07-04,08,常滑,一般,４　６６６　４６,4890,石川 諒,2026-08-30,2026-09-02,21,芦屋,一般,３　５６１F６,2026-08-15,2026-08-20,18,徳山,一般,６５３５１５２　２　３３,2026-08-04,2026-08-09,12,住之江,一般,１２３　１２４　３４５２,2026-07-25,2026-07-29,20,若松,一般,６２４　３１３４不４,2026-07-15,2026-07-20,18,徳山,一般,３１転４５　２１１１２３,3805,高橋 英之,2026-08-28,2026-09-02,05,多摩川,ＧⅢ,３２５　３３３　４エ４６,2026-08-11,2026-08-16,01,桐生,一般,３１２　２　４５４　３３,2026-07-29,2026-08-03,23,からつ,一般,３　４２２４５　２５４１,2026-07-14,2026-07-19,21,芦屋,一般,２３５　４２１　４６２５,2026-07-03,2026-07-08,12,住之江,一般,２４４　３４２　３　５１,4081,樋口 範政,2026-08-29,2026-09-03,16,児島,一般,２４２　２１２３３５１４,2026-08-15,2026-08-20,05,多摩川,一般,１５３　５３２　１４４３,2026-08-04,2026-08-09,12,住之江,一般,３２１　５６３５５　３,2026-07-22,2026-07-27,14,鳴門,一般,１４４２５　５２４　５１,2026-07-07,2026-07-12,10,三国,ＧⅢ,１　５４６１１２２３３３,4155,長野 壮志郎,2026-09-02,2026-09-07,22,福岡,一般,２　３６１　２５１２[６],2026-08-21,2026-08-24,07,蒲郡,一般,２１１６４３３１,2026-08-07,2026-08-12,20,若松,一般,５２４２１　４２１３４１,2026-07-27,2026-08-01,09,津,一般,２５２,2026-07-15,2026-07-21,12,住之江,一般,３　１２１　４６２６,5045,平川 香織,2026-08-06,2026-08-11,18,徳山,ＧⅠ,４　３２１　３　３　２３,2026-07-27,2026-07-31,19,下関,一般,３　５３１２１２４,2026-07-18,2026-07-23,09,津,ＧⅢ,４　２１４　転３１４３,2026-07-07,2026-07-12,11,びわこ,一般,１３３３２　１４４３２２,2026-06-18,2026-06-23,02,戸田,一般,１　１２１３３２５５１２
202609121011,2026-09-12,10,11R,4003,表 憲一,2026-08-27,2026-08-31,04,平和島,一般,２　３４５２５　２２,2026-08-14,2026-08-19,10,三国,一般,３４２　３５５　２４３３,2026-07-31,2026-08-04,13,尼崎,一般,５　４３３５２　１２,2026-07-18,2026-07-22,10,三国,一般,３　４６４３４　５１,2026-07-04,2026-07-09,18,徳山,一般,４３２２２　６４４３１２,3968,茶谷 信次,2026-09-01,2026-09-05,13,尼崎,一般,２５２　２４１６３５,2026-08-19,2026-08-24,19,下関,一般,３　２４５５３　２３５,2026-08-07,2026-08-11,15,丸亀,一般,３６１　２３１５２５,2026-07-29,2026-08-03,22,福岡,一般,２２３１３４６,2026-07-18,2026-07-21,20,若松,一般,６６,4953,尾上 雅也,2026-09-03,2026-09-08,09,津,ＧⅠ,３　６６５　６６５　３,2026-08-23,2026-08-27,18,徳山,一般,５６５４３１１　２２,2026-08-12,2026-08-17,02,戸田,一般,２２４　１１５　エ　１３,2026-08-05,2026-08-10,09,津,一般,１　１２１３２２１１[４],2026-07-27,2026-08-01,09,津,一般,１１４,3746,岡瀬 正人,2026-09-03,2026-09-06,02,戸田,一般,４４３１６　３１,2026-08-22,2026-08-26,20,若松,一般,１３４３２　２１[３],2026-08-08,2026-08-13,16,児島,一般,２　６５５４２　３４１,2026-07-23,2026-07-28,21,芦屋,一般,２３６４２１４　２３２４,2026-07-12,2026-07-16,05,多摩川,一般,３　１３１３５１[６],3659,藤生 雄人,2026-09-03,2026-09-06,02,戸田,一般,６５３,2026-08-21,2026-08-24,07,蒲郡,一般,２１２　２４４３,2026-08-11,2026-08-16,01,桐生,一般,転　２３２　２４３３４,2026-07-31,2026-08-05,05,多摩川,一般,３　１２４　３３６４４４,2026-07-23,2026-07-27,01,桐生,一般,４　２１５３２５１３,4139,丹下 健,2026-08-29,2026-09-03,19,下関,一般,１　３２６５５　３　６３,2026-08-11,2026-08-16,07,蒲郡,一般,５２３　６　５２３　５６,2026-08-02,2026-08-05,21,芦屋,一般,５　２１６６１４,2026-07-15,2026-07-20,18,徳山,一般,１　５３３　２２５６６５,2026-07-01,2026-07-06,22,福岡,一般,１４６　２２６　３５４
202609121012,2026-09-12,10,12R,3940,飯山 泰,2026-08-31,2026-09-05,20,若松,ＧⅢ,６１６４５６４　２１３,2026-08-20,2026-08-23,04,平和島,一般,２４２２１３[３],2026-08-09,2026-08-15,03,江戸川,一般,５２５　１３１　３　[３],2026-07-31,2026-08-05,06,浜名湖,ＧⅢ,６６２　１１３４１１[３],2026-07-16,2026-07-21,11,びわこ,一般,４２５４２６２　５３１,4931,木谷 賢太,2026-09-01,2026-09-06,12,住之江,一般,３５１１１　３１５５１４,2026-08-24,2026-08-28,15,丸亀,一般,１３１１２１２１[１],2026-08-11,2026-08-16,19,下関,一般,２　２３５３１２４５１６,2026-07-29,2026-08-03,23,からつ,一般,１１４　６３１６２５４３,2026-07-17,2026-07-22,16,児島,ＧⅢ,１４２１１　２５６１[４],4199,北川 潤二,2026-09-02,2026-09-06,17,宮島,一般,３５１１５１１４２６,2026-08-21,2026-08-26,06,浜名湖,一般,６６２３３　５１４エ２,2026-08-11,2026-08-16,07,蒲郡,一般,１　３４４５４３４１１,2026-07-29,2026-08-03,22,福岡,一般,４　１４１３１１３２[６],2026-07-19,2026-07-23,05,多摩川,一般,４５２５３１３４１４,5029,中 亮太,2026-09-01,2026-09-05,13,尼崎,一般,２１１２１３２１[５],2026-08-22,2026-08-27,08,常滑,ＧⅢ,２　４５３３４２４６１５,2026-08-10,2026-08-15,21,芦屋,一般,１４１　４１３１５５５６,2026-07-29,2026-08-01,18,徳山,一般,２１２４１１[２],2026-07-19,2026-07-24,22,福岡,ＧⅢ,１４１　１４１　１　[１],5034,若林 義人,2026-09-03,2026-09-08,09,津,ＧⅠ,２　６　６３４　３１４３,2026-08-20,2026-08-23,02,戸田,一般,２６３３２１１１,2026-08-11,2026-08-16,06,浜名湖,一般,１５３２３　２３１２[３],2026-07-30,2026-08-04,08,常滑,一般,１６１４５２２１５５１４,2026-07-18,2026-07-23,09,津,ＧⅢ,３３１　５６５　６２４,5141,大澤 風葵,2026-09-01,2026-09-05,13,尼崎,一般,６６２１３２１５２１,2026-08-22,2026-08-27,22,福岡,一般,２４１２６　１３２２[６],2026-08-11,2026-08-16,01,桐生,一般,５４２　２１６　１５２,2026-07-31,2026-08-03,20,若松,一般,４２２１２２[６],2026-07-18,2026-07-23,09,津,ＧⅢ,６３１　１　２４F　４
202609121201,2026-09-12,12,01R,3718,伊達 正利,2026-08-30,2026-09-03,08,常滑,一般,３　３６４６６　５５,2026-08-16,2026-08-19,14,鳴門,一般,５　６１１５３３,2026-07-31,2026-08-05,06,浜名湖,ＧⅢ,４３２　４５５　２６６,2026-07-17,2026-07-20,02,戸田,一般,２６５　１４２４,2026-06-30,2026-07-05,06,浜名湖,一般,２　１４６　２５１４２５,3955,眞田 英二,2026-08-17,2026-08-21,13,尼崎,一般,１　２４４　５４３２,2026-07-31,2026-08-03,20,若松,一般,３６４　６５５４,2026-07-14,2026-07-19,21,芦屋,一般,６２４　２５５　６　４６,2026-06-28,2026-07-01,10,三国,一般,２２妨　２　３６,2026-06-09,2026-06-14,11,びわこ,一般,５２４　６　４４４５５３,4416,三宅 健太,2026-08-24,2026-08-28,15,丸亀,一般,４４１　３４２４２４,2026-08-14,2026-08-19,17,宮島,一般,３５４　５１２　２１５,2026-08-06,2026-08-09,02,戸田,一般,４４４　１３３５,2026-07-23,2026-07-28,21,芦屋,一般,２５４　４５エ５,2026-07-15,2026-07-19,17,宮島,一般,　　　　　　　　１２,4401,小林 泰,2026-08-30,2026-09-03,08,常滑,一般,３　２１３４３２[５],2026-08-05,2026-08-10,09,津,一般,２３２　１３３１３３２４,2026-07-23,2026-07-28,03,江戸川,ＧⅢ,５６１　１５３　１２１６,2026-07-07,2026-07-12,02,戸田,ＧⅡ,６　１　６５６　５６３,2026-06-17,2026-06-22,05,多摩川,一般,４１２　１３２　３４４３,5093,浦野 海,2026-08-24,2026-08-28,15,丸亀,一般,４４転　４　１６６４,2026-08-10,2026-08-15,21,芦屋,一般,６６４　６５６　６６５,2026-07-25,2026-07-29,20,若松,一般,３３４４５　６　３６,2026-05-19,2026-05-24,08,常滑,一般,５１６　３５１　２６２６,2026-05-08,2026-05-13,22,福岡,一般,４６６５３６３　６　５１,5187,小坂 風太,2026-08-29,2026-09-03,16,児島,一般,６６５　５３３　５５３,2026-07-16,2026-07-21,11,びわこ,一般,４１６　３転６６６　６６,2026-06-27,2026-07-01,02,戸田,一般,６　５６６　４４３,2026-06-11,2026-06-16,03,江戸川,一般,３３３　３３４３５　F６,2026-06-02,2026-06-08,10,三国,一般,５　２５４６６　６　３６
202609121202,2026-09-12,12,02R,4404,岸蔭 亮,2026-08-29,2026-09-03,19,下関,一般,５５６　５６５欠,2026-07-22,2026-07-27,14,鳴門,一般,６２６　２４６　４６３６,2026-07-09,2026-07-14,15,丸亀,一般,５　６６４　６２３　６４,2026-06-27,2026-07-01,02,戸田,一般,４　３６５４４　１F,2026-06-11,2026-06-16,10,三国,一般,１　６６４４４　５６２,4047,吉永 浩則,2026-08-25,2026-08-30,09,津,一般,２　３６４　５５５,2026-08-16,2026-08-19,14,鳴門,一般,６３４　６１６,2026-07-31,2026-08-03,20,若松,一般,６５６　４　４６,2026-07-15,2026-07-20,18,徳山,一般,４　４６５　３６５　２５,2026-07-05,2026-07-09,05,多摩川,一般,５　６　１２５２６６,5110,杉山 喜一,2026-08-30,2026-09-03,08,常滑,一般,５４６３１　５６６,2026-07-18,2026-07-23,09,津,ＧⅢ,５　６　６５５　４６３５,2026-07-02,2026-07-07,04,平和島,一般,５４５　１　４５３　２５,2026-06-21,2026-06-24,19,下関,一般,２　３４１４２３,2026-06-06,2026-06-10,06,浜名湖,一般,３　１３２６５　１１,4875,大塚 康雅,2026-08-29,2026-09-03,16,児島,一般,２６６　２４１　３４４３,2026-08-15,2026-08-20,05,多摩川,一般,３６４　４　６５４　２,2026-07-29,2026-08-03,22,福岡,一般,１５２　６３２５３　５４,2026-07-18,2026-07-21,04,平和島,一般,１　１５妨３２,2026-07-05,2026-07-09,24,大村,一般,１　１　４４１５５３,4679,植田 太一,2026-08-30,2026-09-02,21,芦屋,一般,６１２　２１[２],2026-08-19,2026-08-24,19,下関,一般,２　３欠,2026-08-07,2026-08-12,20,若松,一般,３２１１１１４　１２[５],2026-07-31,2026-08-03,20,若松,一般,２１２　５５１６,2026-07-22,2026-07-25,24,大村,一般,６　１３１２２２,3477,近藤 稔也,2026-08-30,2026-09-02,21,芦屋,一般,１６４　４２６４,2026-08-19,2026-08-24,19,下関,一般,６　２３１３６　３４６５,2026-08-05,2026-08-10,14,鳴門,一般,１　６４４　５６５　４１,2026-07-18,2026-07-21,04,平和島,一般,６　５２５　３４,2026-07-04,2026-07-09,18,徳山,一般,４　５５４４４　３５５
202609121203,2026-09-12,12,03R,5285,若林 麗,2026-08-29,2026-09-03,16,児島,一般,６　３６５　４２６６５,2026-08-15,2026-08-20,05,多摩川,一般,５　１６５　３５５　４４,2026-07-28,2026-08-02,15,丸亀,一般,４５４,2026-07-14,2026-07-19,01,桐生,一般,４６６　６５３　６　６６,2026-06-30,2026-07-05,23,からつ,一般,６　３１６　５５３４３３,3558,山本 浩次,2026-08-29,2026-09-03,19,下関,一般,４　２３１５４　３２３,2026-08-15,2026-08-20,18,徳山,一般,３　６３４　２F６　３,2026-07-28,2026-08-02,16,児島,一般,２　４４６５４　５１２４,2026-07-19,2026-07-23,05,多摩川,一般,５　４６５６３　４,2026-07-07,2026-07-12,20,若松,ＧⅢ,１４６　４　３３３６４,4724,吉田 祐貴,2026-08-27,2026-09-01,07,蒲郡,一般,３５４　妨欠,2026-08-11,2026-08-16,19,下関,一般,６　３３４　５５５　４６,2026-07-23,2026-07-27,01,桐生,一般,４　４６３２２　６４,2026-07-10,2026-07-15,23,からつ,一般,４　６３５４６　転　６４,2026-06-26,2026-07-02,24,大村,一般,５　１３４４５　６６５　１２,4898,菊地 敬介,2026-08-28,2026-09-02,05,多摩川,ＧⅢ,６　１３４　３４５５４,2026-08-12,2026-08-17,02,戸田,一般,４　６４５　６３５４４,2026-08-03,2026-08-08,04,平和島,ＧⅢ,６　F４６　５　５　２,2026-07-22,2026-07-25,24,大村,一般,４２５　２４４１,2026-07-10,2026-07-15,06,浜名湖,一般,転４３　２６２　２　２４,5139,大場 恒季,2026-08-27,2026-09-01,07,蒲郡,一般,３５２１５４１３３３４３,2026-07-18,2026-07-23,09,津,ＧⅢ,３５１　１　妨５,2026-07-10,2026-07-13,19,下関,一般,１１２２５１[１],2026-06-30,2026-07-05,23,からつ,一般,２　２４１３１５１２[２],2026-06-19,2026-06-24,11,びわこ,一般,１３２　３３５２１４１２,4626,伊藤 紘章,2026-08-30,2026-09-03,08,常滑,一般,３６５　１５５　４４,2026-08-15,2026-08-20,05,多摩川,一般,１　６６３　６２３２２５,2026-07-31,2026-08-03,20,若松,一般,６６６,2026-07-14,2026-07-17,24,大村,一般,２　１６３４６１,2026-06-30,2026-07-05,06,浜名湖,一般,４　５６６　５４２　１４
202609121204,2026-09-12,12,04R,3471,赤峰 和也,2026-08-28,2026-08-31,23,からつ,一般,５　３５５　３６,2026-08-16,2026-08-19,14,鳴門,一般,６　３４４５５,2026-07-31,2026-08-04,13,尼崎,一般,３　２６５　３５５,2026-07-18,2026-07-22,10,三国,一般,３５６　６　６４３,2026-07-02,2026-07-06,21,芦屋,一般,２４５　４４６　１５,4579,中嶋 健一郎,2026-08-26,2026-08-30,14,鳴門,一般,１１４５２　６３２１,2026-08-15,2026-08-20,09,津,一般,１６１　２３１３４３４１,2026-08-08,2026-08-11,05,多摩川,一般,３１２６３　６２,2026-07-27,2026-07-31,19,下関,一般,２　１４１６４２[６],2026-07-10,2026-07-14,09,津,一般,３１２　２２３１[３],4060,島田 一生,2026-08-29,2026-09-03,16,児島,一般,５　３５５　２３５３３６,2026-08-16,2026-08-19,14,鳴門,一般,４１６　２１２６,2026-07-29,2026-08-03,23,からつ,一般,３　６１５２６　４　２２,2026-07-18,2026-07-22,10,三国,一般,２　２２６１３１[６],2026-07-03,2026-07-08,13,尼崎,一般,６　４６４　５２６　２,3293,宮内 由紀英,2026-08-28,2026-08-31,23,からつ,一般,４４６　３　１４,2026-08-15,2026-08-20,05,多摩川,一般,３　４４６　２６２　５６,2026-07-29,2026-08-03,22,福岡,一般,３４５　４５４　６　２,2026-07-14,2026-07-19,01,桐生,一般,５　２５６　４４２　４６,2026-07-04,2026-07-09,18,徳山,一般,４５５　６５５　４　５,3654,武田 光史,2026-08-28,2026-09-02,05,多摩川,ＧⅢ,６２２　６４３２３　３,2026-08-14,2026-08-19,10,三国,一般,３３５　１２１２３１[２],2026-07-27,2026-08-01,09,津,一般,２　２,2026-07-18,2026-07-21,20,若松,一般,欠,2026-07-07,2026-07-12,10,三国,ＧⅢ,３５６　１３６３４６１１,4260,中越 博紀,2026-09-01,2026-09-04,24,大村,一般,１１２　６２[４],2026-08-17,2026-08-20,20,若松,一般,２　２２１２[６],2026-08-07,2026-08-11,15,丸亀,一般,２３４　１４１４４６,2026-07-27,2026-07-31,19,下関,一般,６５２　１４２６１５,2026-07-18,2026-07-21,04,平和島,一般,２１１　１２[２]
202609121205,2026-09-12,12,05R,4710,福田 宗平,2026-08-29,2026-09-03,19,下関,一般,２　３６２５３５１６１５,2026-08-16,2026-08-19,14,鳴門,一般,１３２２４２[４],2026-08-03,2026-08-08,04,平和島,ＧⅢ,２３３　３２３４５４１３,2026-07-22,2026-07-26,13,尼崎,一般,５　２２３３５　３１,2026-07-10,2026-07-15,23,からつ,一般,３　１３２１３６６４１５,3775,泉 啓文,2026-08-29,2026-09-03,16,児島,一般,２５５　２２１　６５２２,2026-08-14,2026-08-19,17,宮島,一般,４　５２５　５４５　６４,2026-07-29,2026-08-03,23,からつ,一般,４４４　６　３４３３２,2026-07-16,2026-07-21,11,びわこ,一般,４５５　６　５２４６６,2026-07-05,2026-07-09,05,多摩川,一般,１　１２５　６６６４,5093,浦野 海,2026-08-24,2026-08-28,15,丸亀,一般,４４転　４　１６６４,2026-08-10,2026-08-15,21,芦屋,一般,６６４　６５６　６６５,2026-07-25,2026-07-29,20,若松,一般,３３４４５　６　３６,2026-05-19,2026-05-24,08,常滑,一般,５１６　３５１　２６２６,2026-05-08,2026-05-13,22,福岡,一般,４６６５３６３　６　５１,4229,市川 美宏,2026-08-30,2026-09-02,21,芦屋,一般,６　６４６　３３,2026-08-15,2026-08-20,09,津,一般,４４５　６　２６６　２４,2026-07-31,2026-08-04,13,尼崎,一般,６　５４４　１３４４,2026-07-17,2026-07-20,02,戸田,一般,３　３３６５２２,2026-06-28,2026-07-02,05,多摩川,一般,５　６１３　２２３６,4253,西川 真人,2026-09-01,2026-09-05,13,尼崎,一般,６６６　４　１６５,2026-08-15,2026-08-20,11,びわこ,一般,１４５　３５４　５３４,2026-08-02,2026-08-05,21,芦屋,一般,５５５　３　３３,2026-07-22,2026-07-26,08,常滑,一般,３３４　２　１４４４,2026-07-10,2026-07-14,09,津,一般,１６６　２５２４３,4624,高田 明,2026-08-29,2026-09-03,16,児島,一般,４　１５１２エ３１４６３,2026-08-20,2026-08-23,23,からつ,一般,１４１１３１[２],2026-08-06,2026-08-10,24,大村,一般,５５２２３１２４２４,2026-07-31,2026-08-03,20,若松,一般,４　２２４４５２,2026-07-27,2026-08-01,09,津,一般,６　２４
202609121206,2026-09-12,12,06R,4836,大谷 健太,2026-08-29,2026-09-03,19,下関,一般,５６２４３　１４５　５,2026-08-12,2026-08-17,02,戸田,一般,１５２　４５１　１F３,2026-07-31,2026-08-05,05,多摩川,一般,４　１６３　１２５６６５,2026-07-18,2026-07-22,10,三国,一般,２　５１３３２４３４,2026-07-12,2026-07-16,05,多摩川,一般,５　３１４２２５１６,5321,一色 颯輝,2026-08-30,2026-09-03,08,常滑,一般,　　　　　　　　５３,2026-08-23,2026-08-27,18,徳山,一般,６　２３１４２３５１,2026-08-11,2026-08-16,07,蒲郡,一般,６４６　４　６転転　２２,2026-07-27,2026-08-01,09,津,一般,４　２,2026-06-21,2026-06-24,10,三国,一般,２１３　２４５３,5009,大賀 龍之介,2026-08-27,2026-09-01,07,蒲郡,一般,６４２６３　２　２６３,2026-07-19,2026-07-24,22,福岡,ＧⅢ,６　１　６６４　１４５６,2026-06-30,2026-07-05,23,からつ,一般,１６３　６３４２２４５２,2026-06-21,2026-06-25,08,常滑,一般,４　２４４３１４２４,2026-05-19,2026-05-24,01,桐生,一般,５　F６４　５３３　４,3477,近藤 稔也,2026-08-30,2026-09-02,21,芦屋,一般,１６４　４２６４,2026-08-19,2026-08-24,19,下関,一般,６　２３１３６　３４６５,2026-08-05,2026-08-10,14,鳴門,一般,１　６４４　５６５　４１,2026-07-18,2026-07-21,04,平和島,一般,６　５２５　３４,2026-07-04,2026-07-09,18,徳山,一般,４　５５４４４　３５５,4794,和田 拓也,2026-08-31,2026-09-05,18,徳山,一般,４１１６４２１　４３４１,2026-08-19,2026-08-24,19,下関,一般,１３５　２１２２４４１２,2026-08-05,2026-08-10,09,津,一般,１　６２１４２２２４１１,2026-07-22,2026-07-27,14,鳴門,一般,３６３　１６５１１６１３,2026-05-12,2026-05-16,01,桐生,一般,４６６　１１２３１１,4401,小林 泰,2026-08-30,2026-09-03,08,常滑,一般,３　２１３４３２[５],2026-08-05,2026-08-10,09,津,一般,２３２　１３３１３３２４,2026-07-23,2026-07-28,03,江戸川,ＧⅢ,５６１　１５３　１２１６,2026-07-07,2026-07-12,02,戸田,ＧⅡ,６　１　６５６　５６３,2026-06-17,2026-06-22,05,多摩川,一般,４１２　１３２　３４４３
202609121207,2026-09-12,12,07R,3957,大谷 直弘,2026-09-04,2026-09-08,07,蒲郡,一般,５４１　４４５　４３,2026-08-27,2026-08-31,04,平和島,一般,５４６　３５６　５２,2026-08-14,2026-08-19,10,三国,一般,６５３　３３１　１５１６,2026-08-03,2026-08-08,19,下関,一般,１６５　２６５　５５３,2026-07-19,2026-07-23,05,多摩川,一般,４２４　２３２６６６,3300,川崎 智幸,2026-08-29,2026-09-03,16,児島,一般,４　４１３２２４２３１６,2026-08-14,2026-08-19,17,宮島,一般,４　４２４６３５３　５３,2026-07-05,2026-07-09,05,多摩川,一般,３５３　４２１　２１,2026-06-25,2026-06-29,18,徳山,一般,１２３２４４１６１５,2026-06-11,2026-06-16,16,児島,一般,１１６　５３５２１　６５,3718,伊達 正利,2026-08-30,2026-09-03,08,常滑,一般,３　３６４６６　５５,2026-08-16,2026-08-19,14,鳴門,一般,５　６１１５３３,2026-07-31,2026-08-05,06,浜名湖,ＧⅢ,４３２　４５５　２６６,2026-07-17,2026-07-20,02,戸田,一般,２６５　１４２４,2026-06-30,2026-07-05,06,浜名湖,一般,２　１４６　２５１４２５,4311,岡村 仁,2026-08-26,2026-08-31,11,びわこ,一般,４２４　４２１２１６２５,2026-08-13,2026-08-18,12,住之江,一般,４５２　２４５　４２２,2026-08-06,2026-08-09,02,戸田,一般,４３２　１１[６],2026-07-27,2026-08-01,09,津,一般,２４４,2026-06-21,2026-06-24,19,下関,一般,２４２２３３２１,4727,安部 慎一,2026-08-27,2026-09-01,07,蒲郡,一般,５　４４１　４５６　６４,2026-08-12,2026-08-17,22,福岡,一般,４６５　１３２　４３２,2026-07-29,2026-08-01,18,徳山,一般,５　２３４　６１,2026-07-14,2026-07-19,21,芦屋,一般,５　３１４　５３３４２,2026-06-30,2026-07-05,06,浜名湖,一般,２　４５２　３３６６６,3630,黒田 誠司,2026-08-28,2026-08-31,23,からつ,一般,５　４４５　３６,2026-08-17,2026-08-20,20,若松,一般,３５４　５６２,2026-07-31,2026-08-05,06,浜名湖,ＧⅢ,２　２５６　６５６　３６,2026-07-24,2026-07-27,02,戸田,一般,５　６５５　４,2026-07-15,2026-07-19,08,常滑,一般,５　５１２　３６５６
202609121208,2026-09-12,12,08R,4416,三宅 健太,2026-08-24,2026-08-28,15,丸亀,一般,４４１　３４２４２４,2026-08-14,2026-08-19,17,宮島,一般,３５４　５１２　２１５,2026-08-06,2026-08-09,02,戸田,一般,４４４　１３３５,2026-07-23,2026-07-28,21,芦屋,一般,２５４　４５エ５,2026-07-15,2026-07-19,17,宮島,一般,　　　　　　　　１２,4375,照屋 厚仁,2026-08-30,2026-09-03,08,常滑,一般,１　１２１３５１[２],2026-08-20,2026-08-23,23,からつ,一般,２４３４６　１２,2026-08-09,2026-08-14,13,尼崎,一般,４　４１１　６４１４２３,2026-07-17,2026-07-22,16,児島,ＧⅢ,５４４　２５３３１　６１,2026-07-10,2026-07-13,19,下関,一般,２　３５１５１４,5285,若林 麗,2026-08-29,2026-09-03,16,児島,一般,６　３６５　４２６６５,2026-08-15,2026-08-20,05,多摩川,一般,５　１６５　３５５　４４,2026-07-28,2026-08-02,15,丸亀,一般,４５４,2026-07-14,2026-07-19,01,桐生,一般,４６６　６５３　６　６６,2026-06-30,2026-07-05,23,からつ,一般,６　３１６　５５３４３３,4063,市橋 卓士,2026-09-01,2026-09-04,24,大村,一般,２４１１４１[１],2026-08-19,2026-08-24,19,下関,一般,３１３　２３１３１２[３],2026-08-05,2026-08-10,14,鳴門,一般,２３４　１１２１４１[４],2026-07-29,2026-08-01,18,徳山,一般,２３３４１５３５,2026-07-18,2026-07-22,10,三国,一般,２６２５４５５　３３,4047,吉永 浩則,2026-08-25,2026-08-30,09,津,一般,２　３６４　５５５,2026-08-16,2026-08-19,14,鳴門,一般,６３４　６１６,2026-07-31,2026-08-03,20,若松,一般,６５６　４　４６,2026-07-15,2026-07-20,18,徳山,一般,４　４６５　３６５　２５,2026-07-05,2026-07-09,05,多摩川,一般,５　６　１２５２６６,4579,中嶋 健一郎,2026-08-26,2026-08-30,14,鳴門,一般,１１４５２　６３２１,2026-08-15,2026-08-20,09,津,一般,１６１　２３１３４３４１,2026-08-08,2026-08-11,05,多摩川,一般,３１２６３　６２,2026-07-27,2026-07-31,19,下関,一般,２　１４１６４２[６],2026-07-10,2026-07-14,09,津,一般,３１２　２２３１[３]
202609121209,2026-09-12,12,09R,4962,畑 竜生,2026-08-28,2026-09-02,05,多摩川,ＧⅢ,２１１５５　４５１　２１,2026-08-15,2026-08-20,09,津,一般,転　５４２　６１３　１３,2026-08-03,2026-08-08,17,宮島,一般,１６４１５　４５２　６１,2026-07-21,2026-07-26,23,からつ,一般,１３５　１５３４２３４１,2026-07-14,2026-07-17,24,大村,一般,１２５　１６３５,4959,井上 忠政,2026-09-03,2026-09-06,02,戸田,一般,１１５１２２[１],2026-08-25,2026-08-30,09,津,一般,３　６４３３１　３１[５],2026-08-13,2026-08-18,12,住之江,一般,３　１１１１４　４１[６],2026-07-28,2026-08-02,11,びわこ,ＳＧ,２　３　４２４　６　５６,2026-07-19,2026-07-23,05,多摩川,一般,２２１１１２１１[１],4253,西川 真人,2026-09-01,2026-09-05,13,尼崎,一般,６６６　４　１６５,2026-08-15,2026-08-20,11,びわこ,一般,１４５　３５４　５３４,2026-08-02,2026-08-05,21,芦屋,一般,５５５　３　３３,2026-07-22,2026-07-26,08,常滑,一般,３３４　２　１４４４,2026-07-10,2026-07-14,09,津,一般,１６６　２５２４３,4287,今井 貴士,2026-08-29,2026-09-03,16,児島,一般,２　４３１２４３４３５４,2026-08-20,2026-08-23,02,戸田,一般,６３５２３　２１,2026-08-06,2026-08-10,24,大村,一般,１６４３２　３６２２,2026-07-25,2026-07-29,20,若松,一般,１５１　２１３１[４],2026-07-15,2026-07-20,18,徳山,一般,４６４　１４４１４　６５,4060,島田 一生,2026-08-29,2026-09-03,16,児島,一般,５　３５５　２３５３３６,2026-08-16,2026-08-19,14,鳴門,一般,４１６　２１２６,2026-07-29,2026-08-03,23,からつ,一般,３　６１５２６　４　２２,2026-07-18,2026-07-22,10,三国,一般,２　２２６１３１[６],2026-07-03,2026-07-08,13,尼崎,一般,６　４６４　５２６　２,5110,杉山 喜一,2026-08-30,2026-09-03,08,常滑,一般,５４６３１　５６６,2026-07-18,2026-07-23,09,津,ＧⅢ,５　６　６５５　４６３５,2026-07-02,2026-07-07,04,平和島,一般,５４５　１　４５３　２５,2026-06-21,2026-06-24,19,下関,一般,２　３４１４２３,2026-06-06,2026-06-10,06,浜名湖,一般,３　１３２６５　１１
202609121210,2026-09-12,12,10R,3654,武田 光史,2026-08-28,2026-09-02,05,多摩川,ＧⅢ,６２２　６４３２３　３,2026-08-14,2026-08-19,10,三国,一般,３３５　１２１２３１[２],2026-07-27,2026-08-01,09,津,一般,２　２,2026-07-18,2026-07-21,20,若松,一般,欠,2026-07-07,2026-07-12,10,三国,ＧⅢ,３５６　１３６３４６１１,5158,宮脇 遼太,2026-08-30,2026-09-03,08,常滑,一般,４１３６４２１５４２,2026-08-20,2026-08-25,21,芦屋,一般,１５１　２６１５２６１２,2026-08-07,2026-08-12,20,若松,一般,２１１５２６３　５６２３,2026-07-19,2026-07-24,22,福岡,ＧⅢ,４２５　４２６　１１１３,2026-07-10,2026-07-14,09,津,一般,６　５５,4710,福田 宗平,2026-08-29,2026-09-03,19,下関,一般,２　３６２５３５１６１５,2026-08-16,2026-08-19,14,鳴門,一般,１３２２４２[４],2026-08-03,2026-08-08,04,平和島,ＧⅢ,２３３　３２３４５４１３,2026-07-22,2026-07-26,13,尼崎,一般,５　２２３３５　３１,2026-07-10,2026-07-15,23,からつ,一般,３　１３２１３６６４１５,4836,大谷 健太,2026-08-29,2026-09-03,19,下関,一般,５６２４３　１４５　５,2026-08-12,2026-08-17,02,戸田,一般,１５２　４５１　１F３,2026-07-31,2026-08-05,05,多摩川,一般,４　１６３　１２５６６５,2026-07-18,2026-07-22,10,三国,一般,２　５１３３２４３４,2026-07-12,2026-07-16,05,多摩川,一般,５　３１４２２５１６,4724,吉田 祐貴,2026-08-27,2026-09-01,07,蒲郡,一般,３５４　妨欠,2026-08-11,2026-08-16,19,下関,一般,６　３３４　５５５　４６,2026-07-23,2026-07-27,01,桐生,一般,４　４６３２２　６４,2026-07-10,2026-07-15,23,からつ,一般,４　６３５４６　転　６４,2026-06-26,2026-07-02,24,大村,一般,５　１３４４５　６６５　１２,3757,畑 和宏,2026-08-29,2026-09-03,16,児島,一般,５５５　５１２６２　２３,2026-08-17,2026-08-20,20,若松,一般,１　５４３２２５,2026-08-05,2026-08-10,14,鳴門,一般,５６３　３１４２１　１６,2026-07-24,2026-07-29,17,宮島,一般,５５２２２１２　１５１２,2026-07-17,2026-07-20,02,戸田,一般,６　５２１４３４
202609121211,2026-09-12,12,11R,4218,吉川 喜継,2026-08-27,2026-09-01,07,蒲郡,一般,５２２１２４１１２２[５],2026-08-15,2026-08-20,11,びわこ,一般,１２６F４　５　３　２,2026-08-03,2026-08-08,17,宮島,一般,１３４　１２３３２６１１,2026-07-21,2026-07-26,23,からつ,一般,３４１３２　１３５２[５],2026-07-10,2026-07-15,06,浜名湖,一般,５　２１１３５４４３[４],4727,安部 慎一,2026-08-27,2026-09-01,07,蒲郡,一般,５　４４１　４５６　６４,2026-08-12,2026-08-17,22,福岡,一般,４６５　１３２　４３２,2026-07-29,2026-08-01,18,徳山,一般,５　２３４　６１,2026-07-14,2026-07-19,21,芦屋,一般,５　３１４　５３３４２,2026-06-30,2026-07-05,06,浜名湖,一般,２　４５２　３３６６６,4624,高田 明,2026-08-29,2026-09-03,16,児島,一般,４　１５１２エ３１４６３,2026-08-20,2026-08-23,23,からつ,一般,１４１１３１[２],2026-08-06,2026-08-10,24,大村,一般,５５２２３１２４２４,2026-07-31,2026-08-03,20,若松,一般,４　２２４４５２,2026-07-27,2026-08-01,09,津,一般,６　２４,5009,大賀 龍之介,2026-08-27,2026-09-01,07,蒲郡,一般,６４２６３　２　２６３,2026-07-19,2026-07-24,22,福岡,ＧⅢ,６　１　６６４　１４５６,2026-06-30,2026-07-05,23,からつ,一般,１６３　６３４２２４５２,2026-06-21,2026-06-25,08,常滑,一般,４　２４４３１４２４,2026-05-19,2026-05-24,01,桐生,一般,５　F６４　５３３　４,3502,渡邉 英児,2026-09-01,2026-09-05,13,尼崎,一般,６１４　２３４４１２,2026-08-22,2026-08-26,20,若松,一般,５５６　３６２５２１,2026-08-11,2026-08-16,06,浜名湖,一般,１　１３６２２４３５４２,2026-07-24,2026-07-27,02,戸田,一般,２４３　４２５３,2026-07-14,2026-07-19,01,桐生,一般,３　１３５６３　５２１,5043,中村 日向,2026-08-29,2026-09-03,16,児島,一般,２６２１４　１２１５１１,2026-08-17,2026-08-21,15,丸亀,一般,３１１１２１４１[３],2026-08-03,2026-08-08,17,宮島,一般,５６５４２１１　２６１６,2026-07-19,2026-07-24,22,福岡,ＧⅢ,２３３　５２１　２　[６],2026-07-07,2026-07-12,02,戸田,ＧⅡ,１　４５２　２　６　１６
202609121212,2026-09-12,12,12R,4063,市橋 卓士,2026-09-01,2026-09-04,24,大村,一般,２４１１４１[１],2026-08-19,2026-08-24,19,下関,一般,３１３　２３１３１２[３],2026-08-05,2026-08-10,14,鳴門,一般,２３４　１１２１４１[４],2026-07-29,2026-08-01,18,徳山,一般,２３３４１５３５,2026-07-18,2026-07-22,10,三国,一般,２６２５４５５　３３,5139,大場 恒季,2026-08-27,2026-09-01,07,蒲郡,一般,３５２１５４１３３３４３,2026-07-18,2026-07-23,09,津,ＧⅢ,３５１　１　妨５,2026-07-10,2026-07-13,19,下関,一般,１１２２５１[１],2026-06-30,2026-07-05,23,からつ,一般,２　２４１３１５１２[２],2026-06-19,2026-06-24,11,びわこ,一般,１３２　３３５２１４１２,4679,植田 太一,2026-08-30,2026-09-02,21,芦屋,一般,６１２　２１[２],2026-08-19,2026-08-24,19,下関,一般,２　３欠,2026-08-07,2026-08-12,20,若松,一般,３２１１１１４　１２[５],2026-07-31,2026-08-03,20,若松,一般,２１２　５５１６,2026-07-22,2026-07-25,24,大村,一般,６　１３１２２２,4260,中越 博紀,2026-09-01,2026-09-04,24,大村,一般,１１２　６２[４],2026-08-17,2026-08-20,20,若松,一般,２　２２１２[６],2026-08-07,2026-08-11,15,丸亀,一般,２３４　１４１４４６,2026-07-27,2026-07-31,19,下関,一般,６５２　１４２６１５,2026-07-18,2026-07-21,04,平和島,一般,２１１　１２[２],3300,川崎 智幸,2026-08-29,2026-09-03,16,児島,一般,４　４１３２２４２３１６,2026-08-14,2026-08-19,17,宮島,一般,４　４２４６３５３　５３,2026-07-05,2026-07-09,05,多摩川,一般,３５３　４２１　２１,2026-06-25,2026-06-29,18,徳山,一般,１２３２４４１６１５,2026-06-11,2026-06-16,16,児島,一般,１１６　５３５２１　６５,4794,和田 拓也,2026-08-31,2026-09-05,18,徳山,一般,４１１６４２１　４３４１,2026-08-19,2026-08-24,19,下関,一般,１３５　２１２２４４１２,2026-08-05,2026-08-10,09,津,一般,１　６２１４２２２４１１,2026-07-22,2026-07-27,14,鳴門,一般,３６３　１６５１１６１３,2026-05-12,2026-05-16,01,桐生,一般,４６６　１１２３１１
202609121601,2026-09-12,16,01R,3988,古川 誠之,2026-08-24,2026-08-29,13,尼崎,一般,４　４１３３３　２３３３,2026-08-11,2026-08-16,07,蒲郡,一般,４　４３４１１　１６１５,2026-07-31,2026-08-05,06,浜名湖,ＧⅢ,１４４２５　３５１　３３,2026-07-20,2026-07-25,15,丸亀,一般,３３２１２　３３１３[５],2026-07-10,2026-07-14,09,津,一般,５２２４２　２２３５,5292,佐藤 右京,2026-08-25,2026-08-30,09,津,一般,２　４３１　２２６４５５,2026-08-11,2026-08-16,04,平和島,一般,５　５５落,2026-07-29,2026-08-01,18,徳山,一般,４　６５６　４３,2026-07-15,2026-07-19,08,常滑,一般,３２２６５　２５１,2026-07-02,2026-07-06,21,芦屋,一般,１　１２１４２６１６,5265,大廣 咲季,2026-08-26,2026-08-30,14,鳴門,一般,６　５４６　５　６４,2026-08-17,2026-08-21,15,丸亀,一般,６３６　６　６５３,2026-08-03,2026-08-08,17,宮島,一般,６６６　４５２　５　３２,2026-07-25,2026-07-30,04,平和島,一般,５６６　２　５５６　１４,2026-07-13,2026-07-18,13,尼崎,ＧⅢ,４　５転５　２４５　３,5074,大澤 誠也,2026-08-22,2026-08-27,22,福岡,一般,４　５６５　６２６　５４,2026-08-10,2026-08-15,08,常滑,一般,５４３　５２４　６３１,2026-07-27,2026-08-01,09,津,一般,４　１,2026-07-10,2026-07-13,19,下関,一般,１　６３４４４,2026-06-28,2026-07-03,20,若松,一般,４　１４５　１３４６６,5464,宮田 栞,2026-08-07,2026-08-12,20,若松,一般,５　６５６６６　６　６６,2026-07-14,2026-07-19,21,芦屋,一般,６　６６５　６６６　５,2026-06-25,2026-06-29,18,徳山,一般,６　６　６６６　５６,2026-06-01,2026-06-05,19,下関,一般,６　６６５　６　６５,2026-05-09,2026-05-12,20,若松,一般,６　６５６　５６,3866,木山 誠一,2026-08-24,2026-08-29,13,尼崎,一般,４５１　５F５　４　６,2026-07-17,2026-07-22,16,児島,ＧⅢ,６６３　５　６６２　４,2026-07-05,2026-07-09,05,多摩川,一般,３６６６５　５　５,2026-06-24,2026-06-29,09,津,一般,３　６２２　２４２６４６,2026-06-15,2026-06-20,21,芦屋,一般,２　３１５　３５F３４
202609121602,2026-09-12,16,02R,5109,川崎 智稔,2026-08-22,2026-08-27,08,常滑,ＧⅢ,６３３　３２F　５　５,2026-08-08,2026-08-13,16,児島,一般,６　２３６　１５６　２６,2026-07-24,2026-07-27,12,住之江,一般,４　２２５５２５,2026-07-11,2026-07-16,03,江戸川,一般,３　３６１　３４２　３６,2026-06-28,2026-07-03,20,若松,一般,２　５６３　５６３　５,4449,中嶋 達也,2026-08-24,2026-08-29,13,尼崎,一般,４　６５５　２５５　５１,2026-08-17,2026-08-20,20,若松,一般,６５６　６　６５,2026-08-08,2026-08-11,05,多摩川,一般,５５４４６　５,2026-07-31,2026-08-04,13,尼崎,一般,４６転,2026-07-23,2026-07-27,01,桐生,一般,３　２４２５,5358,増本 杏珠,2026-08-24,2026-08-29,10,三国,一般,４　５　２５４　２５３,2026-08-12,2026-08-17,24,大村,ＧⅢ,５３４５４　２　５４５,2026-08-03,2026-08-08,17,宮島,一般,６４４　６　５６６　６６,2026-07-25,2026-07-29,20,若松,一般,５　６６６４４４２,2026-07-15,2026-07-19,17,宮島,一般,５　５４６　５５６５,5335,森 陽多,2026-08-24,2026-08-29,10,三国,一般,６　３６１　３６４　２５,2026-08-12,2026-08-17,24,大村,ＧⅢ,６３６　５２６　６　４５,2026-07-28,2026-08-02,15,丸亀,一般,６　５６３　４６２　５,2026-07-19,2026-07-24,19,下関,ＧⅢ,２　６６３　５６６　４１,2026-06-23,2026-06-28,07,蒲郡,一般,６　６６２　６６６　３３,5286,坂井 滉哉,2026-08-22,2026-08-26,20,若松,一般,５　１１１５３４６６,2026-08-10,2026-08-15,21,芦屋,一般,５６６　２５１　３　６３,2026-07-30,2026-08-04,08,常滑,一般,６　４６４　３２６　２３,2026-07-18,2026-07-22,10,三国,一般,４　１２５３３５６４,2026-07-04,2026-07-09,18,徳山,一般,５　６２１　２６５４２６,5423,高橋 嗣穏,2026-08-16,2026-08-19,14,鳴門,一般,６　６６６　６６,2026-08-05,2026-08-10,14,鳴門,一般,６　６６６５６　４　６６,2026-07-22,2026-07-26,13,尼崎,一般,５　６　６６６　５６,2026-07-05,2026-07-09,24,大村,一般,６　６６６　５　５６,2026-05-29,2026-06-03,11,びわこ,一般,６　６５６　６６６　６６
202609121603,2026-09-12,16,03R,4382,高山 智至,2026-08-24,2026-08-29,13,尼崎,一般,４３２　１５３　１４２５,2026-08-15,2026-08-20,11,びわこ,一般,４　５４６　４５３　３６,2026-07-29,2026-08-03,22,福岡,一般,４５３　４６５　２５４３,2026-07-16,2026-07-21,11,びわこ,一般,４４４　３４４５３　４５,2026-06-30,2026-07-05,23,からつ,一般,２５転　４　２妨５　２,4067,永井 源,2026-08-22,2026-08-26,20,若松,一般,１　１５１３２４１２,2026-08-11,2026-08-16,07,蒲郡,一般,１　５６５　３５６３３,2026-08-03,2026-08-08,04,平和島,ＧⅢ,５　４６２　１４１２５１,2026-07-23,2026-07-28,03,江戸川,ＧⅢ,４２１　１３１　１　[２],2026-07-14,2026-07-17,24,大村,一般,３　１４２４２１,4499,滝川 真由子,2026-08-26,2026-08-30,14,鳴門,一般,２３６　５１２　３６,2026-08-09,2026-08-14,23,からつ,一般,３　４３２２３　３５４５,2026-07-01,2026-07-06,07,蒲郡,一般,４２３　４３３　４３３,2026-06-12,2026-06-17,22,福岡,ＧⅢ,５６２　５２４　３３１,2026-05-24,2026-05-29,24,大村,一般,５３１　１２３　５F３,4410,井上 大輔,2026-08-26,2026-08-30,14,鳴門,一般,２　５５２２６５２６,2026-08-08,2026-08-13,16,児島,一般,５　２２１４４　１１５５,2026-07-23,2026-07-27,01,桐生,一般,６２２　３４２　６５,2026-07-07,2026-07-12,20,若松,ＧⅢ,３　５４１６４　４６２,2026-06-25,2026-06-29,21,芦屋,一般,４４５　４５５　６６,4754,松尾 充,2026-08-26,2026-08-31,11,びわこ,一般,２５３１１　２４３３２１,2026-08-15,2026-08-20,09,津,一般,３２１　４１３１４２[４],2026-07-31,2026-08-05,05,多摩川,一般,１　２６５１２６１　２２,2026-07-15,2026-07-20,18,徳山,一般,１３３３１６２　１４５３,2026-07-03,2026-07-06,09,津,一般,３１３２３　[４],4286,平田 さやか,2026-08-25,2026-08-30,09,津,一般,２４１　２２２　５２[５],2026-08-12,2026-08-17,24,大村,ＧⅢ,３２２　２３４　４５３１,2026-08-03,2026-08-08,17,宮島,一般,２１１　３３３５１５２４,2026-07-25,2026-07-30,04,平和島,一般,３２５　１５転２３２２４,2026-07-10,2026-07-15,06,浜名湖,一般,３　５６５　５２３　１１
202609121604,2026-09-12,16,04R,4728,山口 亮,2026-08-28,2026-08-31,23,からつ,一般,２４２　１２[５],2026-08-11,2026-08-16,04,平和島,一般,５３２　４３６　１５１,2026-07-31,2026-08-05,05,多摩川,一般,２３４　５　４３６６１,2026-06-25,2026-06-29,18,徳山,一般,４３６　５２４　３４,2026-06-11,2026-06-15,20,若松,一般,６２２　３５５　５６,5338,香月 大輝,2026-08-22,2026-08-26,20,若松,一般,３３２　５５４　３２,2026-08-10,2026-08-15,21,芦屋,一般,３３５　６５６　４４１,2026-07-15,2026-07-21,12,住之江,一般,４　１５３　４１２４４１１転,2026-07-01,2026-07-06,22,福岡,一般,６４３　１４４　６５４,2026-06-21,2026-06-26,16,児島,一般,４　３４３　３２６　６３,4072,森永 淳,2026-08-09,2026-08-14,23,からつ,一般,１２１　３１１２１２[４],2026-08-02,2026-08-05,21,芦屋,一般,１１３４１１[２],2026-07-21,2026-07-26,23,からつ,一般,１１１　１３２１２５１２,2026-06-27,2026-07-01,02,戸田,一般,１４２１３３５２[２],2026-06-17,2026-06-22,17,宮島,ＧⅢ,３４３３１１１　１４１１,4797,中山 将,2026-08-27,2026-08-31,04,平和島,一般,４２５　１６４６３３,2026-08-14,2026-08-19,10,三国,一般,６　５６２６１６６　６,2026-08-05,2026-08-10,09,津,一般,１３３F２　３　３　３,2026-07-14,2026-07-17,24,大村,一般,６６１１１F４,2026-06-30,2026-07-04,19,下関,一般,３２１　２３３４５６,4924,中北 涼,2026-08-24,2026-08-29,10,三国,一般,４５４　６　５６３　６,2026-08-12,2026-08-17,24,大村,ＧⅢ,２３３　２３２２４　４,2026-07-28,2026-08-02,15,丸亀,一般,６４５　６６１　５　４６,2026-07-07,2026-07-12,11,びわこ,一般,４３３　５３４　６５２２,2026-06-24,2026-06-29,12,住之江,一般,２３２　１４４　５６３４,5047,國分 将太郎,2026-08-25,2026-08-30,09,津,一般,１２１　５３６　１３[４],2026-08-11,2026-08-16,04,平和島,一般,６　２２２１４　３３５２,2026-07-23,2026-07-28,03,江戸川,ＧⅢ,２　６４３　２１１１６４,2026-07-14,2026-07-19,21,芦屋,一般,５３５　２１１　３５３１,2026-06-30,2026-07-05,06,浜名湖,一般,４６３　４３１　５５４
202609121605,2026-09-12,16,05R,3284,渡邊 伸太郎,2026-08-23,2026-08-27,18,徳山,一般,４　２５２４３６２,2026-08-06,2026-08-10,24,大村,一般,２３５　２３１３３６,2026-07-24,2026-07-27,06,浜名湖,一般,１　３４３２５３,2026-07-09,2026-07-14,15,丸亀,一般,４　１４３５４　１２３５,2026-06-03,2026-06-07,07,蒲郡,一般,６２４　５３４,5265,大廣 咲季,2026-08-26,2026-08-30,14,鳴門,一般,６　５４６　５　６４,2026-08-17,2026-08-21,15,丸亀,一般,６３６　６　６５３,2026-08-03,2026-08-08,17,宮島,一般,６６６　４５２　５　３２,2026-07-25,2026-07-30,04,平和島,一般,５６６　２　５５６　１４,2026-07-13,2026-07-18,13,尼崎,ＧⅢ,４　５転５　２４５　３,4446,和田 兼輔,2026-08-25,2026-08-30,01,桐生,ＳＧ,１　５４５　５　５２１,2026-08-09,2026-08-14,13,尼崎,一般,２５１　５２４２４　２２,2026-07-24,2026-07-29,17,宮島,一般,３３３　１３２１５２[１],2026-07-15,2026-07-20,18,徳山,一般,１３５２１F３　５　３,2026-06-30,2026-07-05,16,児島,ＧⅡ,５４３　４　４１３１４,5076,石原 光,2026-08-21,2026-08-24,07,蒲郡,一般,１３４２１エ３,2026-08-11,2026-08-16,06,浜名湖,一般,４１４　２４２　１６１５,2026-08-03,2026-08-08,04,平和島,ＧⅢ,４　６２５５２　４４２,2026-07-24,2026-07-27,06,浜名湖,一般,５　６３１５４２,2026-07-17,2026-07-22,16,児島,ＧⅢ,４６３　６　４２５　１３,5326,三嶌 さらら,2026-08-26,2026-08-30,14,鳴門,一般,１　３６２６３　５５,2026-08-17,2026-08-21,15,丸亀,一般,５６６　６　６６１,2026-07-25,2026-07-30,04,平和島,一般,４　２６１５４　５２２６,2026-07-13,2026-07-18,13,尼崎,ＧⅢ,２　１２１　３５５１[５],2026-07-03,2026-07-08,13,尼崎,一般,１　６２５６６　３　４５,4789,古賀 智之,2026-08-25,2026-08-30,17,宮島,一般,１２５３３６４　６　４１,2026-07-23,2026-07-27,01,桐生,一般,３転６転,2026-07-10,2026-07-15,22,福岡,一般,６　１３２５４６５　２５,2026-06-20,2026-06-25,06,浜名湖,一般,４４１　５３５　２２１２,2026-06-11,2026-06-15,20,若松,一般,５　５１３６２　６３
202609121606,2026-09-12,16,06R,4314,青木 幸太郎,2026-08-24,2026-08-29,13,尼崎,一般,６　５２３４１　６２４２,2026-08-03,2026-08-08,04,平和島,ＧⅢ,３　３３５２４２５　２３,2026-07-20,2026-07-25,15,丸亀,一般,１　５３１４２　４４１３,2026-07-10,2026-07-15,22,福岡,一般,３４１２２６２　４５１４,2026-06-25,2026-06-29,21,芦屋,一般,１　３４１２５３５１,4788,小池 哲也,2026-08-27,2026-09-01,07,蒲郡,一般,５　３１２　４４３１５６,2026-08-13,2026-08-18,12,住之江,一般,３　２６５　４３３　３２,2026-08-02,2026-08-05,21,芦屋,一般,５３５２４　４３,2026-07-20,2026-07-25,15,丸亀,一般,不　１１３２３　２２[６],2026-07-11,2026-07-14,04,平和島,一般,１１３　１５３１,4374,永田 義紘,2026-08-22,2026-08-27,08,常滑,ＧⅢ,４４４　５５５　３　転５,2026-08-05,2026-08-10,14,鳴門,一般,F　５　５　３　６　５４,2026-07-23,2026-07-28,03,江戸川,ＧⅢ,５４４　６４１　６２４４,2026-07-11,2026-07-14,04,平和島,一般,６　６５１　２４,2026-06-24,2026-06-29,09,津,一般,４２１５６　５　３６５３,5292,佐藤 右京,2026-08-25,2026-08-30,09,津,一般,２　４３１　２２６４５５,2026-08-11,2026-08-16,04,平和島,一般,５　５５落,2026-07-29,2026-08-01,18,徳山,一般,４　６５６　４３,2026-07-15,2026-07-19,08,常滑,一般,３２２６５　２５１,2026-07-02,2026-07-06,21,芦屋,一般,１　１２１４２６１６,5335,森 陽多,2026-08-24,2026-08-29,10,三国,一般,６　３６１　３６４　２５,2026-08-12,2026-08-17,24,大村,ＧⅢ,６３６　５２６　６　４５,2026-07-28,2026-08-02,15,丸亀,一般,６　５６３　４６２　５,2026-07-19,2026-07-24,19,下関,ＧⅢ,２　６６３　５６６　４１,2026-06-23,2026-06-28,07,蒲郡,一般,６　６６２　６６６　３３,4364,池永 太,2026-08-29,2026-09-03,19,下関,一般,３６５欠,2026-08-20,2026-08-25,21,芦屋,一般,１１１４１４５　１３４１,2026-08-07,2026-08-12,20,若松,一般,２４３　２２２２２４１２,2026-07-27,2026-08-01,09,津,一般,１５６,2026-07-07,2026-07-12,02,戸田,ＧⅡ,５２１　１　２３４　３６
202609121607,2026-09-12,16,07R,5299,西丸 敦基,2026-08-27,2026-09-01,07,蒲郡,一般,２　２４１４５６１６１２,2026-08-17,2026-08-21,15,丸亀,一般,２４２　１２２１[２],2026-07-30,2026-08-04,08,常滑,一般,２　５２６　２４３３１,2026-07-19,2026-07-24,22,福岡,ＧⅢ,１　４　６３１　６　１３,2026-07-10,2026-07-13,19,下関,一般,２３１　２３４１,4286,平田 さやか,2026-08-25,2026-08-30,09,津,一般,２４１　２２２　５２[５],2026-08-12,2026-08-17,24,大村,ＧⅢ,３２２　２３４　４５３１,2026-08-03,2026-08-08,17,宮島,一般,２１１　３３３５１５２４,2026-07-25,2026-07-30,04,平和島,一般,３２５　１５転２３２２４,2026-07-10,2026-07-15,06,浜名湖,一般,３　５６５　５２３　１１,4343,村岡 賢,2026-08-22,2026-08-27,08,常滑,ＧⅢ,５　４４５　６６５　４４,2026-08-05,2026-08-10,14,鳴門,一般,５６５　５２５　６　４４,2026-07-21,2026-07-26,23,からつ,一般,６２４　５　６４５　２５,2026-07-11,2026-07-14,04,平和島,一般,３５６　４４３,2026-07-04,2026-07-09,01,桐生,一般,４　３６３　４３３　３６,5109,川崎 智稔,2026-08-22,2026-08-27,08,常滑,ＧⅢ,６３３　３２F　５　５,2026-08-08,2026-08-13,16,児島,一般,６　２３６　１５６　２６,2026-07-24,2026-07-27,12,住之江,一般,４　２２５５２５,2026-07-11,2026-07-16,03,江戸川,一般,３　３６１　３４２　３６,2026-06-28,2026-07-03,20,若松,一般,２　５６３　５６３　５,5124,上瀧 絢也,2026-08-20,2026-08-23,24,大村,一般,６２２　４５５,2026-08-09,2026-08-14,23,からつ,一般,３４４　３４６　６　５４,2026-07-27,2026-08-01,10,三国,一般,４２６　５６２　４　５５,2026-07-09,2026-07-13,14,鳴門,一般,５１１　３５６５２６,2026-06-25,2026-06-29,21,芦屋,一般,６　５３２６３　２６,5464,宮田 栞,2026-08-07,2026-08-12,20,若松,一般,５　６５６６６　６　６６,2026-07-14,2026-07-19,21,芦屋,一般,６　６６５　６６６　５,2026-06-25,2026-06-29,18,徳山,一般,６　６　６６６　５６,2026-06-01,2026-06-05,19,下関,一般,６　６６５　６　６５,2026-05-09,2026-05-12,20,若松,一般,６　６５６　５６
202609121608,2026-09-12,16,08R,4410,井上 大輔,2026-08-26,2026-08-30,14,鳴門,一般,２　５５２２６５２６,2026-08-08,2026-08-13,16,児島,一般,５　２２１４４　１１５５,2026-07-23,2026-07-27,01,桐生,一般,６２２　３４２　６５,2026-07-07,2026-07-12,20,若松,ＧⅢ,３　５４１６４　４６２,2026-06-25,2026-06-29,21,芦屋,一般,４４５　４５５　６６,5074,大澤 誠也,2026-08-22,2026-08-27,22,福岡,一般,４　５６５　６２６　５４,2026-08-10,2026-08-15,08,常滑,一般,５４３　５２４　６３１,2026-07-27,2026-08-01,09,津,一般,４　１,2026-07-10,2026-07-13,19,下関,一般,１　６３４４４,2026-06-28,2026-07-03,20,若松,一般,４　１４５　１３４６６,4449,中嶋 達也,2026-08-24,2026-08-29,13,尼崎,一般,４　６５５　２５５　５１,2026-08-17,2026-08-20,20,若松,一般,６５６　６　６５,2026-08-08,2026-08-11,05,多摩川,一般,５５４４６　５,2026-07-31,2026-08-04,13,尼崎,一般,４６転,2026-07-23,2026-07-27,01,桐生,一般,３　２４２５,5358,増本 杏珠,2026-08-24,2026-08-29,10,三国,一般,４　５　２５４　２５３,2026-08-12,2026-08-17,24,大村,ＧⅢ,５３４５４　２　５４５,2026-08-03,2026-08-08,17,宮島,一般,６４４　６　５６６　６６,2026-07-25,2026-07-29,20,若松,一般,５　６６６４４４２,2026-07-15,2026-07-19,17,宮島,一般,５　５４６　５５６５,5338,香月 大輝,2026-08-22,2026-08-26,20,若松,一般,３３２　５５４　３２,2026-08-10,2026-08-15,21,芦屋,一般,３３５　６５６　４４１,2026-07-15,2026-07-21,12,住之江,一般,４　１５３　４１２４４１１転,2026-07-01,2026-07-06,22,福岡,一般,６４３　１４４　６５４,2026-06-21,2026-06-26,16,児島,一般,４　３４３　３２６　６３,4499,滝川 真由子,2026-08-26,2026-08-30,14,鳴門,一般,２３６　５１２　３６,2026-08-09,2026-08-14,23,からつ,一般,３　４３２２３　３５４５,2026-07-01,2026-07-06,07,蒲郡,一般,４２３　４３３　４３３,2026-06-12,2026-06-17,22,福岡,ＧⅢ,５６２　５２４　３３１,2026-05-24,2026-05-29,24,大村,一般,５３１　１２３　５F３
202609121609,2026-09-12,16,09R,4789,古賀 智之,2026-08-25,2026-08-30,17,宮島,一般,１２５３３６４　６　４１,2026-07-23,2026-07-27,01,桐生,一般,３転６転,2026-07-10,2026-07-15,22,福岡,一般,６　１３２５４６５　２５,2026-06-20,2026-06-25,06,浜名湖,一般,４４１　５３５　２２１２,2026-06-11,2026-06-15,20,若松,一般,５　５１３６２　６３,5286,坂井 滉哉,2026-08-22,2026-08-26,20,若松,一般,５　１１１５３４６６,2026-08-10,2026-08-15,21,芦屋,一般,５６６　２５１　３　６３,2026-07-30,2026-08-04,08,常滑,一般,６　４６４　３２６　２３,2026-07-18,2026-07-22,10,三国,一般,４　１２５３３５６４,2026-07-04,2026-07-09,18,徳山,一般,５　６２１　２６５４２６,3866,木山 誠一,2026-08-24,2026-08-29,13,尼崎,一般,４５１　５F５　４　６,2026-07-17,2026-07-22,16,児島,ＧⅢ,６６３　５　６６２　４,2026-07-05,2026-07-09,05,多摩川,一般,３６６６５　５　５,2026-06-24,2026-06-29,09,津,一般,３　６２２　２４２６４６,2026-06-15,2026-06-20,21,芦屋,一般,２　３１５　３５F３４,4728,山口 亮,2026-08-28,2026-08-31,23,からつ,一般,２４２　１２[５],2026-08-11,2026-08-16,04,平和島,一般,５３２　４３６　１５１,2026-07-31,2026-08-05,05,多摩川,一般,２３４　５　４３６６１,2026-06-25,2026-06-29,18,徳山,一般,４３６　５２４　３４,2026-06-11,2026-06-15,20,若松,一般,６２２　３５５　５６,4797,中山 将,2026-08-27,2026-08-31,04,平和島,一般,４２５　１６４６３３,2026-08-14,2026-08-19,10,三国,一般,６　５６２６１６６　６,2026-08-05,2026-08-10,09,津,一般,１３３F２　３　３　３,2026-07-14,2026-07-17,24,大村,一般,６６１１１F４,2026-06-30,2026-07-04,19,下関,一般,３２１　２３３４５６,4382,高山 智至,2026-08-24,2026-08-29,13,尼崎,一般,４３２　１５３　１４２５,2026-08-15,2026-08-20,11,びわこ,一般,４　５４６　４５３　３６,2026-07-29,2026-08-03,22,福岡,一般,４５３　４６５　２５４３,2026-07-16,2026-07-21,11,びわこ,一般,４４４　３４４５３　４５,2026-06-30,2026-07-05,23,からつ,一般,２５転　４　２妨５　２
202609121610,2026-09-12,16,10R,4364,池永 太,2026-08-29,2026-09-03,19,下関,一般,３６５欠,2026-08-20,2026-08-25,21,芦屋,一般,１１１４１４５　１３４１,2026-08-07,2026-08-12,20,若松,一般,２４３　２２２２２４１２,2026-07-27,2026-08-01,09,津,一般,１５６,2026-07-07,2026-07-12,02,戸田,ＧⅡ,５２１　１　２３４　３６,3988,古川 誠之,2026-08-24,2026-08-29,13,尼崎,一般,４　４１３３３　２３３３,2026-08-11,2026-08-16,07,蒲郡,一般,４　４３４１１　１６１５,2026-07-31,2026-08-05,06,浜名湖,ＧⅢ,１４４２５　３５１　３３,2026-07-20,2026-07-25,15,丸亀,一般,３３２１２　３３１３[５],2026-07-10,2026-07-14,09,津,一般,５２２４２　２２３５,4754,松尾 充,2026-08-26,2026-08-31,11,びわこ,一般,２５３１１　２４３３２１,2026-08-15,2026-08-20,09,津,一般,３２１　４１３１４２[４],2026-07-31,2026-08-05,05,多摩川,一般,１　２６５１２６１　２２,2026-07-15,2026-07-20,18,徳山,一般,１３３３１６２　１４５３,2026-07-03,2026-07-06,09,津,一般,３１３２３　[４],4072,森永 淳,2026-08-09,2026-08-14,23,からつ,一般,１２１　３１１２１２[４],2026-08-02,2026-08-05,21,芦屋,一般,１１３４１１[２],2026-07-21,2026-07-26,23,からつ,一般,１１１　１３２１２５１２,2026-06-27,2026-07-01,02,戸田,一般,１４２１３３５２[２],2026-06-17,2026-06-22,17,宮島,ＧⅢ,３４３３１１１　１４１１,4067,永井 源,2026-08-22,2026-08-26,20,若松,一般,１　１５１３２４１２,2026-08-11,2026-08-16,07,蒲郡,一般,１　５６５　３５６３３,2026-08-03,2026-08-08,04,平和島,ＧⅢ,５　４６２　１４１２５１,2026-07-23,2026-07-28,03,江戸川,ＧⅢ,４２１　１３１　１　[２],2026-07-14,2026-07-17,24,大村,一般,３　１４２４２１,3284,渡邊 伸太郎,2026-08-23,2026-08-27,18,徳山,一般,４　２５２４３６２,2026-08-06,2026-08-10,24,大村,一般,２３５　２３１３３６,2026-07-24,2026-07-27,06,浜名湖,一般,１　３４３２５３,2026-07-09,2026-07-14,15,丸亀,一般,４　１４３５４　１２３５,2026-06-03,2026-06-07,07,蒲郡,一般,６２４　５３４
202609121611,2026-09-12,16,11R,5047,國分 将太郎,2026-08-25,2026-08-30,09,津,一般,１２１　５３６　１３[４],2026-08-11,2026-08-16,04,平和島,一般,６　２２２１４　３３５２,2026-07-23,2026-07-28,03,江戸川,ＧⅢ,２　６４３　２１１１６４,2026-07-14,2026-07-19,21,芦屋,一般,５３５　２１１　３５３１,2026-06-30,2026-07-05,06,浜名湖,一般,４６３　４３１　５５４,5299,西丸 敦基,2026-08-27,2026-09-01,07,蒲郡,一般,２　２４１４５６１６１２,2026-08-17,2026-08-21,15,丸亀,一般,２４２　１２２１[２],2026-07-30,2026-08-04,08,常滑,一般,２　５２６　２４３３１,2026-07-19,2026-07-24,22,福岡,ＧⅢ,１　４　６３１　６　１３,2026-07-10,2026-07-13,19,下関,一般,２３１　２３４１,5076,石原 光,2026-08-21,2026-08-24,07,蒲郡,一般,１３４２１エ３,2026-08-11,2026-08-16,06,浜名湖,一般,４１４　２４２　１６１５,2026-08-03,2026-08-08,04,平和島,ＧⅢ,４　６２５５２　４４２,2026-07-24,2026-07-27,06,浜名湖,一般,５　６３１５４２,2026-07-17,2026-07-22,16,児島,ＧⅢ,４６３　６　４２５　１３,4446,和田 兼輔,2026-08-25,2026-08-30,01,桐生,ＳＧ,１　５４５　５　５２１,2026-08-09,2026-08-14,13,尼崎,一般,２５１　５２４２４　２２,2026-07-24,2026-07-29,17,宮島,一般,３３３　１３２１５２[１],2026-07-15,2026-07-20,18,徳山,一般,１３５２１F３　５　３,2026-06-30,2026-07-05,16,児島,ＧⅡ,５４３　４　４１３１４,4788,小池 哲也,2026-08-27,2026-09-01,07,蒲郡,一般,５　３１２　４４３１５６,2026-08-13,2026-08-18,12,住之江,一般,３　２６５　４３３　３２,2026-08-02,2026-08-05,21,芦屋,一般,５３５２４　４３,2026-07-20,2026-07-25,15,丸亀,一般,不　１１３２３　２２[６],2026-07-11,2026-07-14,04,平和島,一般,１１３　１５３１,4314,青木 幸太郎,2026-08-24,2026-08-29,13,尼崎,一般,６　５２３４１　６２４２,2026-08-03,2026-08-08,04,平和島,ＧⅢ,３　３３５２４２５　２３,2026-07-20,2026-07-25,15,丸亀,一般,１　５３１４２　４４１３,2026-07-10,2026-07-15,22,福岡,一般,３４１２２６２　４５１４,2026-06-25,2026-06-29,21,芦屋,一般,１　３４１２５３５１
202609121612,2026-09-12,16,12R,4441,末永 由楽,2026-08-30,2026-09-03,08,常滑,一般,２　１４５３１４４３,2026-08-20,2026-08-23,23,からつ,一般,１６５２２５３５,2026-08-08,2026-08-13,16,児島,一般,３５１　１６５　１２２５,2026-07-22,2026-07-27,14,鳴門,一般,３５３１２５１　３３２１,2026-07-11,2026-07-14,04,平和島,一般,３１４４４　１５,4350,篠崎 元志,2026-08-25,2026-08-30,01,桐生,ＳＧ,６１４　４　２３１４４,2026-08-12,2026-08-17,22,福岡,一般,１２１１１　１２４１[１],2026-08-04,2026-08-09,12,住之江,一般,１１１４２　４１３１[２],2026-07-27,2026-08-01,10,三国,一般,３１２１２　１１３１[４],2026-07-16,2026-07-21,11,びわこ,一般,１１３　３１１２３１[３],4828,松山 将吾,2026-08-27,2026-08-31,04,平和島,一般,１３２２２１５１[２],2026-08-14,2026-08-19,10,三国,一般,２２５　４３４３２１[３],2026-08-04,2026-08-09,12,住之江,一般,５　３２４　４５５１４４,2026-07-22,2026-07-26,13,尼崎,一般,１６F４２　５　４,2026-07-10,2026-07-14,09,津,一般,１６１　１１５１[１],4030,森高 一真,2026-08-25,2026-08-30,01,桐生,ＳＧ,４　５　２４５　３３５,2026-08-17,2026-08-21,15,丸亀,一般,３２３４３１５３４２,2026-08-06,2026-08-09,02,戸田,一般,３４２６２２２４,2026-07-28,2026-08-02,11,びわこ,ＳＧ,５　２　４４３　４４４,2026-07-13,2026-07-18,07,蒲郡,ＧⅡ,３１４　１　５４２１２,4460,後藤 翔之,2026-08-25,2026-08-30,17,宮島,一般,４　転４５５４２２　３４,2026-08-11,2026-08-16,04,平和島,一般,２２１１２３１　２１[１],2026-07-31,2026-08-04,13,尼崎,一般,２４２４３　１６３６,2026-07-21,2026-07-26,23,からつ,一般,４　２３３４３６３３４,2026-07-11,2026-07-16,03,江戸川,一般,２２２１４　１２３２[転],4436,渋谷 明憲,2026-08-28,2026-08-31,23,からつ,一般,１６１２３２[６],2026-08-13,2026-08-18,12,住之江,一般,２２２　１４６　５３１３,2026-08-03,2026-08-08,17,宮島,一般,５２２　４６２４６　５２,2026-07-23,2026-07-28,21,芦屋,一般,３２５　２１３１３２[５],2026-06-18,2026-06-21,20,若松,一般,２１３　３１[１]
202609121701,2026-09-12,17,01R,5311,小林 京平,2026-08-29,2026-09-03,19,下関,一般,３３１１５　３５１５４６,2026-08-23,2026-08-27,18,徳山,一般,　　　　　　　　１２,2026-08-15,2026-08-20,18,徳山,一般,４　５６４３１　４１２,2026-07-23,2026-07-28,03,江戸川,ＧⅢ,４　２３１　６５６１５４,2026-07-14,2026-07-17,24,大村,一般,１　４３１１[１],4332,村上 彰一,2026-08-21,2026-08-26,06,浜名湖,一般,６５３　４４３　３　１５,2026-07-17,2026-07-20,02,戸田,一般,３５５　３６６,2026-07-04,2026-07-09,01,桐生,一般,５４５　１３５　６　６５,2026-06-25,2026-06-30,13,尼崎,一般,４　１３４６５　５３５２,2026-06-16,2026-06-21,09,津,一般,６４１　３４４　４２F,4650,中山 雄太,2026-09-03,2026-09-06,02,戸田,一般,５　４６６　５,2026-08-22,2026-08-27,22,福岡,一般,５６６　５　１４４６６３,2026-08-14,2026-08-19,10,三国,一般,４　４６２　５５５６４,2025-12-22,2025-12-25,16,児島,一般,２４１４３落,2025-12-10,2025-12-14,05,多摩川,一般,３４３１１１２１[３],4969,町田 洸希,2026-08-22,2026-08-27,08,常滑,ＧⅢ,３１３　６６３　５４２４,2026-08-06,2026-08-10,24,大村,一般,４　４５６１６２５４,2026-07-23,2026-07-28,21,芦屋,一般,２　５２４　１６３６３６,2026-07-10,2026-07-15,23,からつ,一般,５３５　５　４１３５５２,2026-06-28,2026-07-01,10,三国,一般,５５５　５　４３,5452,上馬場 風依,2026-07-29,2026-08-03,22,福岡,一般,６　６６６　６６６６６４,2026-07-20,2026-07-25,15,丸亀,一般,６　６６６　６６６　６６,2026-06-26,2026-07-01,17,宮島,一般,６　４５F６６　６　６,2026-06-05,2026-06-10,18,徳山,一般,６　６　６６６　６　６５,2026-05-16,2026-05-21,17,宮島,一般,６　６６６　６６６　６６,5236,小宮 涼雅,2026-08-28,2026-08-31,23,からつ,一般,２３６　４３４１,2026-08-14,2026-08-19,17,宮島,一般,６３６　６５６　２　３６,2026-07-24,2026-07-27,12,住之江,一般,６　３３２　１５,2026-07-17,2026-07-22,16,児島,ＧⅢ,１４４４５　４　２３２,2026-07-07,2026-07-12,08,常滑,一般,１２２　４３３６１４３４
202609121702,2026-09-12,17,02R,4574,東 潤樹,2026-08-28,2026-08-31,23,からつ,一般,５　５５６,2026-08-21,2026-08-24,07,蒲郡,一般,２　３４１５４４,2026-08-14,2026-08-19,17,宮島,一般,２　２４４４４６３　４２,2026-08-04,2026-08-09,10,三国,一般,４６４　２３,2026-07-24,2026-07-27,12,住之江,一般,４２１５６２[６],4023,柴田 友和,2026-08-22,2026-08-27,22,福岡,一般,６　５６４　３５６　６６,2026-08-11,2026-08-16,19,下関,一般,１５５　２６４　２　４４,2026-07-27,2026-08-01,09,津,一般,５６２,2026-07-14,2026-07-19,01,桐生,一般,５２４　４２５　４　３４,2026-06-30,2026-07-05,23,からつ,一般,４　６２６４３６４　６５,4201,佐竹 友樹,2026-08-27,2026-09-01,07,蒲郡,一般,２３５　３１３　２５５４,2026-08-20,2026-08-23,02,戸田,一般,４　５４２２２５,2026-08-12,2026-08-17,02,戸田,一般,４　３４５　４４５４３６,2026-07-29,2026-08-03,23,からつ,一般,３　３４６３５　２　２５,2026-07-18,2026-07-21,04,平和島,一般,１６５　６６６６,4952,吉武 真也,2026-08-20,2026-08-23,23,からつ,一般,５　４２３５６転,2026-08-05,2026-08-10,09,津,一般,６５６　５３６　５　６,2026-07-23,2026-07-27,01,桐生,一般,３　５エ５　１６６４,2026-07-10,2026-07-15,22,福岡,一般,４６１　５４６　５転４,2026-06-24,2026-06-29,03,江戸川,一般,２　２３４　５６１　２５,4732,堀本 和也,2026-08-25,2026-08-30,09,津,一般,３２１　２　１１２２[１],2026-08-17,2026-08-20,20,若松,一般,２４３１２３４６,2026-08-05,2026-08-10,14,鳴門,一般,３２２　４１３５１４２１,2026-07-22,2026-07-26,13,尼崎,一般,２２３１３　１４１２,2026-07-11,2026-07-14,04,平和島,一般,５　３１５４１１,5384,八戸 琉楓,2026-08-20,2026-08-25,21,芦屋,一般,５６６　５落４　６　６５,2026-08-06,2026-08-10,24,大村,一般,５　６４５６４　６５,2026-07-22,2026-07-25,24,大村,一般,５　６６５　５６,2026-07-10,2026-07-13,19,下関,一般,６　６６５　５５,2026-06-22,2026-06-27,23,からつ,一般,５　６６４６４　６６６６
202609121703,2026-09-12,17,03R,3920,正木 聖賢,2026-08-23,2026-08-27,18,徳山,一般,４　６５６　６６６４,2026-05-26,2026-05-31,15,丸亀,ＧⅢ,２　６６２５５転,2026-05-11,2026-05-15,08,常滑,一般,５５５１４　４　４１,2026-04-30,2026-05-05,17,宮島,一般,３　４４１１５４４６４３,2026-04-20,2026-04-24,18,徳山,一般,２　６５１５４　２４,5036,福田 翔吾,2026-08-28,2026-09-02,05,多摩川,ＧⅢ,１　６３３２４　１２２６,2026-08-20,2026-08-23,23,からつ,一般,３２３　３５３３,2026-08-13,2026-08-18,12,住之江,一般,６　２３２３１　１５１１,2026-08-06,2026-08-09,02,戸田,一般,２２２　６１３２,2026-07-23,2026-07-28,03,江戸川,ＧⅢ,２３５　３６３　５３５転,4428,有賀 達也,2026-08-27,2026-08-31,04,平和島,一般,１　３３１２３３[４],2026-08-12,2026-08-17,02,戸田,一般,５４２　１２４　２　[５],2026-08-02,2026-08-05,21,芦屋,一般,３４５２４　２６,2026-07-22,2026-07-27,14,鳴門,一般,４４３　３５４４３　２２,2026-07-12,2026-07-16,05,多摩川,一般,３１４３２　１５２３,3637,齋藤 和政,2026-08-11,2026-08-16,07,蒲郡,一般,４５４　５　２４５　５５,2026-07-27,2026-08-01,09,津,一般,５　６５,2026-07-15,2026-07-19,08,常滑,一般,１　６４５６４　６２,2026-06-30,2026-07-05,06,浜名湖,一般,４４６　５４６　５,2026-06-17,2026-06-22,17,宮島,ＧⅢ,６　５６２　５６５　６,4241,大串 重幸,2026-08-27,2026-08-31,04,平和島,一般,２３１３２　３２[６],2026-08-17,2026-08-20,20,若松,一般,５３２　２５３１,2026-08-06,2026-08-10,24,大村,一般,４５２　４６４１２１,2026-07-23,2026-07-27,01,桐生,一般,４１２４６５２　１,2026-07-11,2026-07-16,03,江戸川,一般,６５３,5249,三木 晴斗,2026-08-21,2026-08-26,03,江戸川,一般,５３３　１２６６１　５２,2026-08-05,2026-08-10,14,鳴門,一般,５　２６４３２　６６２,2026-07-22,2026-07-27,14,鳴門,一般,　　　　　　　　　　５２,2026-07-17,2026-07-22,16,児島,ＧⅢ,６５２　３２４　１　３３,2026-07-09,2026-07-13,14,鳴門,一般,３２３６１　３３１１
202609121704,2026-09-12,17,04R,5041,荒牧 凪沙,2026-08-22,2026-08-27,22,福岡,一般,４６６　６　６５１　２５,2026-08-11,2026-08-16,19,下関,一般,５１３　３　２６１４１１,2026-06-30,2026-07-05,06,浜名湖,一般,３１１　３３４２６２[６],2026-06-21,2026-06-25,08,常滑,一般,１４３　２５６６１５,2026-06-05,2026-06-10,01,桐生,一般,１３F　２５５　４　４,3868,尾形 栄治,2026-08-26,2026-08-30,14,鳴門,一般,４５６　６　４３３,2026-08-15,2026-08-20,05,多摩川,一般,４６６　３　２５４　５１,2026-08-04,2026-08-09,10,三国,一般,５　６欠,2026-07-19,2026-07-23,05,多摩川,一般,３　２６５４３　１５,2026-07-04,2026-07-09,18,徳山,一般,４　４１３５３４２　２５,4406,幸野 史明,2026-08-23,2026-08-27,18,徳山,一般,３　４４１１４４５４,2026-08-11,2026-08-16,19,下関,一般,４　１４６　１５４５５,2026-07-29,2026-08-03,22,福岡,一般,３　５４１　３６６４６６,2026-07-18,2026-07-21,04,平和島,一般,３　５１５４６４,2026-07-04,2026-07-09,01,桐生,一般,１１６　３５２４３２[６],4593,小坂 宗司,2026-08-27,2026-08-31,04,平和島,一般,４６４　３５６　３２,2026-08-15,2026-08-20,18,徳山,一般,４　１２４３２１３３３１,2026-07-29,2026-08-03,23,からつ,一般,１４２　１２４５３２[４],2026-07-16,2026-07-21,11,びわこ,一般,５２６２１　３３１２[４],2026-07-05,2026-07-09,05,多摩川,一般,４２４２４　１１[２],3503,堂原 洋史,2026-08-30,2026-09-02,21,芦屋,一般,２６５６２　２５,2026-08-20,2026-08-23,02,戸田,一般,３５４　４６５５,2026-08-12,2026-08-17,02,戸田,一般,４　５３６６２　２４５２,2026-07-24,2026-07-27,06,浜名湖,一般,４４５　２２転５,2026-07-07,2026-07-12,10,三国,ＧⅢ,２５３　５６６　６　６２,4601,森野 正弘,2026-08-28,2026-08-31,23,からつ,一般,２３１３２４１３,2026-08-15,2026-08-20,18,徳山,一般,１２４　１４３１１１[２],2026-08-03,2026-08-08,19,下関,一般,１３２　３１１３４１[２],2026-07-23,2026-07-27,01,桐生,一般,４３５１１２１２[２],2026-07-07,2026-07-12,20,若松,ＧⅢ,１　５３５５２５５　６５
202609121705,2026-09-12,17,05R,4514,上條 嘉嗣,2026-08-27,2026-09-01,07,蒲郡,一般,１３２２２１１１３２[６],2026-08-13,2026-08-18,12,住之江,一般,２　４１５　３５１　２３,2026-08-04,2026-08-09,10,三国,一般,４１１３２　３３４３６,2026-07-27,2026-08-01,09,津,一般,２　１,2026-07-12,2026-07-16,05,多摩川,一般,２２５３３２１４５６,3662,大庭 元明,2026-08-23,2026-08-27,18,徳山,一般,３１１３２　４６５４,2026-08-12,2026-08-17,22,福岡,一般,６　３４１　２３６６１６,2026-07-31,2026-08-03,20,若松,一般,３６５　２２１３,2026-07-17,2026-07-22,16,児島,ＧⅢ,４２６　５　５３６　２５,2026-06-30,2026-07-05,06,浜名湖,一般,３　４４１５２６１　５５,4461,安田 吉宏,2026-08-25,2026-08-30,09,津,一般,６５５　５　４２６　６,2026-08-11,2026-08-16,07,蒲郡,一般,４６２　３　２２１５５４,2026-07-27,2026-08-01,10,三国,一般,３２６　３１５　３２６,2026-07-18,2026-07-21,20,若松,一般,２５４　４５１３,2026-07-10,2026-07-14,09,津,一般,　　　　　　　　３５,3684,清水 攻二,2026-08-24,2026-08-28,15,丸亀,一般,５　妨２４４６　２２,2026-07-24,2026-07-27,06,浜名湖,一般,２　４３３６３３,2026-07-17,2026-07-20,02,戸田,一般,２３,2026-07-07,2026-07-12,08,常滑,一般,４１４　２１３３２６３６,2026-06-25,2026-06-29,18,徳山,一般,１５５４２１３６１３,5450,藤本 遼磨,2026-08-13,2026-08-18,12,住之江,一般,５　６　６６６　６６４,2026-07-31,2026-08-04,13,尼崎,一般,１　５　５６３５３６,2026-07-03,2026-07-08,12,住之江,一般,５　妨　５４５５５　５,2026-06-21,2026-06-26,16,児島,一般,５　６６５　６５４　４６,2026-05-29,2026-06-02,14,鳴門,一般,５５６　５　４６６,4302,西野 翔太,2026-08-23,2026-08-27,18,徳山,一般,１３３２転１２６,2026-08-14,2026-08-19,17,宮島,一般,５２１　１６３２妨４２,2026-07-31,2026-08-04,13,尼崎,一般,２５５３１２４２[６],2026-07-20,2026-07-25,15,丸亀,一般,１　５５１６４４２４１,2026-07-09,2026-07-13,16,児島,一般,１４１２１１３１[２]
202609121706,2026-09-12,17,06R,4832,権藤 俊光,2026-08-28,2026-09-02,05,多摩川,ＧⅢ,５　３３１３１４１２[５],2026-08-13,2026-08-18,12,住之江,一般,６　１３２　２２１２[３],2026-07-28,2026-08-02,11,びわこ,ＳＧ,６　５　１５２　３３６,2026-07-18,2026-07-22,10,三国,一般,１１１３２１３３１１,2026-07-01,2026-07-06,22,福岡,一般,３４１　１２３２２５１２,4158,木場 雄二郎,2026-08-30,2026-09-02,21,芦屋,一般,１　３４１６１４,2026-08-15,2026-08-20,18,徳山,一般,２３３　３６５　５５４,2026-08-04,2026-08-09,12,住之江,一般,１３２　３６５　４３１４,2026-07-22,2026-07-26,08,常滑,一般,４６６６６,2026-07-09,2026-07-13,16,児島,一般,５２６　５４６　５４,3748,小黒 竜吾,2026-08-27,2026-09-01,07,蒲郡,一般,２　１５４５６　４４４,2026-07-19,2026-07-23,05,多摩川,一般,６６６４４　４　３,2026-07-04,2026-07-09,01,桐生,一般,１４４　５６２　６５３,2026-06-17,2026-06-22,13,尼崎,一般,４　４５３　３４３５６F,2026-05-29,2026-06-04,09,津,ＧⅢ,４４５　５　３５６　３３,4808,松尾 拓,2026-08-28,2026-09-02,05,多摩川,ＧⅢ,４３１　１４４４２４２４,2026-08-15,2026-08-20,09,津,一般,４　５４３　３１３１３,2026-07-31,2026-08-04,13,尼崎,一般,３　３２３１２６２３,2026-07-22,2026-07-25,24,大村,一般,２　２４１２[３],2026-07-10,2026-07-15,23,からつ,一般,１１５　１５４２１２[４],4332,村上 彰一,2026-08-21,2026-08-26,06,浜名湖,一般,６５３　４４３　３　１５,2026-07-17,2026-07-20,02,戸田,一般,３５５　３６６,2026-07-04,2026-07-09,01,桐生,一般,５４５　１３５　６　６５,2026-06-25,2026-06-30,13,尼崎,一般,４　１３４６５　５３５２,2026-06-16,2026-06-21,09,津,一般,６４１　３４４　４２F,3556,田中 信一郎,2026-08-28,2026-09-02,05,多摩川,ＧⅢ,３１６６５　２１４６３２,2026-08-14,2026-08-19,10,三国,一般,２１２　４２２３３２[６],2026-07-24,2026-07-27,06,浜名湖,一般,６１２　１５１６,2026-07-14,2026-07-19,21,芦屋,一般,４１２２１３１　１１[４],2026-07-01,2026-07-06,22,福岡,一般,２１３１１　１２３１[１]
202609121707,2026-09-12,17,07R,4969,町田 洸希,2026-08-22,2026-08-27,08,常滑,ＧⅢ,３１３　６６３　５４２４,2026-08-06,2026-08-10,24,大村,一般,４　４５６１６２５４,2026-07-23,2026-07-28,21,芦屋,一般,２　５２４　１６３６３６,2026-07-10,2026-07-15,23,からつ,一般,５３５　５　４１３５５２,2026-06-28,2026-07-01,10,三国,一般,５５５　５　４３,3265,今村 暢孝,2026-08-30,2026-09-02,21,芦屋,一般,４６５６５　３２,2026-08-17,2026-08-21,15,丸亀,一般,４　４４３１４４４２,2026-07-28,2026-08-02,16,児島,一般,１　２５４２１３２５１妨,2026-07-15,2026-07-19,17,宮島,一般,２　２２１１２２[６],2026-07-02,2026-07-06,21,芦屋,一般,５４６　５１１　３３,4231,鈴木 裕隆,2026-08-22,2026-08-27,08,常滑,ＧⅢ,２３１　４２２　５４５４,2026-08-04,2026-08-09,12,住之江,一般,２１２　５４４　４５３２,2026-07-24,2026-07-27,02,戸田,一般,５１５　３６１,2026-07-17,2026-07-22,16,児島,ＧⅢ,５３５　６　１５４１４,2026-07-10,2026-07-13,19,下関,一般,３３２５４４５４,5384,八戸 琉楓,2026-08-20,2026-08-25,21,芦屋,一般,５６６　５落４　６　６５,2026-08-06,2026-08-10,24,大村,一般,５　６４５６４　６５,2026-07-22,2026-07-25,24,大村,一般,５　６６５　５６,2026-07-10,2026-07-13,19,下関,一般,６　６６５　５５,2026-06-22,2026-06-27,23,からつ,一般,５　６６４６４　６６６６,4134,杉山 貴博,2026-08-24,2026-08-28,15,丸亀,一般,５　３４５２２　５２,2026-08-15,2026-08-20,05,多摩川,一般,２　５４６２２　４１６１,2026-08-04,2026-08-09,10,三国,一般,３２１２５　１５１　２,2026-07-27,2026-07-31,19,下関,一般,２１６　２　２３２１,2026-07-10,2026-07-15,06,浜名湖,一般,２６３　３３１　１４１４,5036,福田 翔吾,2026-08-28,2026-09-02,05,多摩川,ＧⅢ,１　６３３２４　１２２６,2026-08-20,2026-08-23,23,からつ,一般,３２３　３５３３,2026-08-13,2026-08-18,12,住之江,一般,６　２３２３１　１５１１,2026-08-06,2026-08-09,02,戸田,一般,２２２　６１３２,2026-07-23,2026-07-28,03,江戸川,ＧⅢ,２３５　３６３　５３５転
202609121708,2026-09-12,17,08R,3333,丸尾 義孝,2026-08-27,2026-08-31,04,平和島,一般,３２２１１６６５４２,2026-08-17,2026-08-20,20,若松,一般,６３１２１　１４,2026-08-05,2026-08-10,14,鳴門,一般,１　６１２２３１３２[２],2026-07-22,2026-07-26,13,尼崎,一般,５２４４３　３　転１,2026-07-09,2026-07-13,14,鳴門,一般,２５１３３４２４３２,4201,佐竹 友樹,2026-08-27,2026-09-01,07,蒲郡,一般,２３５　３１３　２５５４,2026-08-20,2026-08-23,02,戸田,一般,４　５４２２２５,2026-08-12,2026-08-17,02,戸田,一般,４　３４５　４４５４３６,2026-07-29,2026-08-03,23,からつ,一般,３　３４６３５　２　２５,2026-07-18,2026-07-21,04,平和島,一般,１６５　６６６６,4839,四宮 与寛,2026-08-27,2026-09-01,07,蒲郡,一般,４　３４２　３１３５２２,2026-08-17,2026-08-21,13,尼崎,一般,１５４　２１２５１４,2026-08-05,2026-08-10,14,鳴門,一般,１　１３２３２５１３２２,2026-07-22,2026-07-26,08,常滑,一般,２４４　５１５３３１,2026-07-09,2026-07-13,16,児島,一般,３４４　妨５６　３３,4637,中田 友也,2026-08-26,2026-08-30,14,鳴門,一般,２４５５４　１　２４,2026-08-12,2026-08-17,02,戸田,一般,１　６　１１１５５　１１,2026-08-03,2026-08-08,19,下関,一般,６　３３４２５　４１５１,2026-05-24,2026-05-28,21,芦屋,一般,３４１　３３１５５３,2026-05-10,2026-05-15,16,児島,一般,４２３５１　１４２６２４,4406,幸野 史明,2026-08-23,2026-08-27,18,徳山,一般,３　４４１１４４５４,2026-08-11,2026-08-16,19,下関,一般,４　１４６　１５４５５,2026-07-29,2026-08-03,22,福岡,一般,３　５４１　３６６４６６,2026-07-18,2026-07-21,04,平和島,一般,３　５１５４６４,2026-07-04,2026-07-09,01,桐生,一般,１１６　３５２４３２[６],5452,上馬場 風依,2026-07-29,2026-08-03,22,福岡,一般,６　６６６　６６６６６４,2026-07-20,2026-07-25,15,丸亀,一般,６　６６６　６６６　６６,2026-06-26,2026-07-01,17,宮島,一般,６　４５F６６　６　６,2026-06-05,2026-06-10,18,徳山,一般,６　６　６６６　６　６５,2026-05-16,2026-05-21,17,宮島,一般,６　６６６　６６６　６６
202609121709,2026-09-12,17,09R,4952,吉武 真也,2026-08-20,2026-08-23,23,からつ,一般,５　４２３５６転,2026-08-05,2026-08-10,09,津,一般,６５６　５３６　５　６,2026-07-23,2026-07-27,01,桐生,一般,３　５エ５　１６６４,2026-07-10,2026-07-15,22,福岡,一般,４６１　５４６　５転４,2026-06-24,2026-06-29,03,江戸川,一般,２　２３４　５６１　２５,5249,三木 晴斗,2026-08-21,2026-08-26,03,江戸川,一般,５３３　１２６６１　５２,2026-08-05,2026-08-10,14,鳴門,一般,５　２６４３２　６６２,2026-07-22,2026-07-27,14,鳴門,一般,　　　　　　　　　　５２,2026-07-17,2026-07-22,16,児島,ＧⅢ,６５２　３２４　１　３３,2026-07-09,2026-07-13,14,鳴門,一般,３２３６１　３３１１,5035,櫻井 優,2026-08-29,2026-09-03,19,下関,一般,４６５　３　３１６２４１,2026-08-12,2026-08-17,02,戸田,一般,６　５　２４２４１１３３,2026-07-29,2026-08-03,23,からつ,一般,１１１　３６３　６６４５,2026-07-18,2026-07-23,09,津,ＧⅢ,２　６５２　３６３１１４,2026-07-09,2026-07-14,15,丸亀,一般,２１１４３　２４２６２４,4570,前田 聖文,2026-08-24,2026-08-28,15,丸亀,一般,３３２３５６３２１,2026-08-10,2026-08-15,08,常滑,一般,４　５６１４３５,2026-08-02,2026-08-05,21,芦屋,一般,１２２３１５５３,2026-07-22,2026-07-26,13,尼崎,一般,２５３６３１４　３４,2026-07-09,2026-07-13,14,鳴門,一般,３２４３１２３３５１,4461,安田 吉宏,2026-08-25,2026-08-30,09,津,一般,６５５　５　４２６　６,2026-08-11,2026-08-16,07,蒲郡,一般,４６２　３　２２１５５４,2026-07-27,2026-08-01,10,三国,一般,３２６　３１５　３２６,2026-07-18,2026-07-21,20,若松,一般,２５４　４５１３,2026-07-10,2026-07-14,09,津,一般,　　　　　　　　３５,5450,藤本 遼磨,2026-08-13,2026-08-18,12,住之江,一般,５　６　６６６　６６４,2026-07-31,2026-08-04,13,尼崎,一般,１　５　５６３５３６,2026-07-03,2026-07-08,12,住之江,一般,５　妨　５４５５５　５,2026-06-21,2026-06-26,16,児島,一般,５　６６５　６５４　４６,2026-05-29,2026-06-02,14,鳴門,一般,５５６　５　４６６
202609121710,2026-09-12,17,10R,4601,森野 正弘,2026-08-28,2026-08-31,23,からつ,一般,２３１３２４１３,2026-08-15,2026-08-20,18,徳山,一般,１２４　１４３１１１[２],2026-08-03,2026-08-08,19,下関,一般,１３２　３１１３４１[２],2026-07-23,2026-07-27,01,桐生,一般,４３５１１２１２[２],2026-07-07,2026-07-12,20,若松,ＧⅢ,１　５３５５２５５　６５,4574,東 潤樹,2026-08-28,2026-08-31,23,からつ,一般,５　５５６,2026-08-21,2026-08-24,07,蒲郡,一般,２　３４１５４４,2026-08-14,2026-08-19,17,宮島,一般,２　２４４４４６３　４２,2026-08-04,2026-08-09,10,三国,一般,４６４　２３,2026-07-24,2026-07-27,12,住之江,一般,４２１５６２[６],5311,小林 京平,2026-08-29,2026-09-03,19,下関,一般,３３１１５　３５１５４６,2026-08-23,2026-08-27,18,徳山,一般,　　　　　　　　１２,2026-08-15,2026-08-20,18,徳山,一般,４　５６４３１　４１２,2026-07-23,2026-07-28,03,江戸川,ＧⅢ,４　２３１　６５６１５４,2026-07-14,2026-07-17,24,大村,一般,１　４３１１[１],4650,中山 雄太,2026-09-03,2026-09-06,02,戸田,一般,５　４６６　５,2026-08-22,2026-08-27,22,福岡,一般,５６６　５　１４４６６３,2026-08-14,2026-08-19,10,三国,一般,４　４６２　５５５６４,2025-12-22,2025-12-25,16,児島,一般,２４１４３落,2025-12-10,2025-12-14,05,多摩川,一般,３４３１１１２１[３],3662,大庭 元明,2026-08-23,2026-08-27,18,徳山,一般,３１１３２　４６５４,2026-08-12,2026-08-17,22,福岡,一般,６　３４１　２３６６１６,2026-07-31,2026-08-03,20,若松,一般,３６５　２２１３,2026-07-17,2026-07-22,16,児島,ＧⅢ,４２６　５　５３６　２５,2026-06-30,2026-07-05,06,浜名湖,一般,３　４４１５２６１　５５,4514,上條 嘉嗣,2026-08-27,2026-09-01,07,蒲郡,一般,１３２２２１１１３２[６],2026-08-13,2026-08-18,12,住之江,一般,２　４１５　３５１　２３,2026-08-04,2026-08-09,10,三国,一般,４１１３２　３３４３６,2026-07-27,2026-08-01,09,津,一般,２　１,2026-07-12,2026-07-16,05,多摩川,一般,２２５３３２１４５６
202609121711,2026-09-12,17,11R,4302,西野 翔太,2026-08-23,2026-08-27,18,徳山,一般,１３３２転１２６,2026-08-14,2026-08-19,17,宮島,一般,５２１　１６３２妨４２,2026-07-31,2026-08-04,13,尼崎,一般,２５５３１２４２[６],2026-07-20,2026-07-25,15,丸亀,一般,１　５５１６４４２４１,2026-07-09,2026-07-13,16,児島,一般,１４１２１１３１[２],4832,権藤 俊光,2026-08-28,2026-09-02,05,多摩川,ＧⅢ,５　３３１３１４１２[５],2026-08-13,2026-08-18,12,住之江,一般,６　１３２　２２１２[３],2026-07-28,2026-08-02,11,びわこ,ＳＧ,６　５　１５２　３３６,2026-07-18,2026-07-22,10,三国,一般,１１１３２１３３１１,2026-07-01,2026-07-06,22,福岡,一般,３４１　１２３２２５１２,4808,松尾 拓,2026-08-28,2026-09-02,05,多摩川,ＧⅢ,４３１　１４４４２４２４,2026-08-15,2026-08-20,09,津,一般,４　５４３　３１３１３,2026-07-31,2026-08-04,13,尼崎,一般,３　３２３１２６２３,2026-07-22,2026-07-25,24,大村,一般,２　２４１２[３],2026-07-10,2026-07-15,23,からつ,一般,１１５　１５４２１２[４],4428,有賀 達也,2026-08-27,2026-08-31,04,平和島,一般,１　３３１２３３[４],2026-08-12,2026-08-17,02,戸田,一般,５４２　１２４　２　[５],2026-08-02,2026-08-05,21,芦屋,一般,３４５２４　２６,2026-07-22,2026-07-27,14,鳴門,一般,４４３　３５４４３　２２,2026-07-12,2026-07-16,05,多摩川,一般,３１４３２　１５２３,5041,荒牧 凪沙,2026-08-22,2026-08-27,22,福岡,一般,４６６　６　６５１　２５,2026-08-11,2026-08-16,19,下関,一般,５１３　３　２６１４１１,2026-06-30,2026-07-05,06,浜名湖,一般,３１１　３３４２６２[６],2026-06-21,2026-06-25,08,常滑,一般,１４３　２５６６１５,2026-06-05,2026-06-10,01,桐生,一般,１３F　２５５　４　４,3265,今村 暢孝,2026-08-30,2026-09-02,21,芦屋,一般,４６５６５　３２,2026-08-17,2026-08-21,15,丸亀,一般,４　４４３１４４４２,2026-07-28,2026-08-02,16,児島,一般,１　２５４２１３２５１妨,2026-07-15,2026-07-19,17,宮島,一般,２　２２１１２２[６],2026-07-02,2026-07-06,21,芦屋,一般,５４６　５１１　３３
202609121712,2026-09-12,17,12R,3556,田中 信一郎,2026-08-28,2026-09-02,05,多摩川,ＧⅢ,３１６６５　２１４６３２,2026-08-14,2026-08-19,10,三国,一般,２１２　４２２３３２[６],2026-07-24,2026-07-27,06,浜名湖,一般,６１２　１５１６,2026-07-14,2026-07-19,21,芦屋,一般,４１２２１３１　１１[４],2026-07-01,2026-07-06,22,福岡,一般,２１３１１　１２３１[１],4732,堀本 和也,2026-08-25,2026-08-30,09,津,一般,３２１　２　１１２２[１],2026-08-17,2026-08-20,20,若松,一般,２４３１２３４６,2026-08-05,2026-08-10,14,鳴門,一般,３２２　４１３５１４２１,2026-07-22,2026-07-26,13,尼崎,一般,２２３１３　１４１２,2026-07-11,2026-07-14,04,平和島,一般,５　３１５４１１,4593,小坂 宗司,2026-08-27,2026-08-31,04,平和島,一般,４６４　３５６　３２,2026-08-15,2026-08-20,18,徳山,一般,４　１２４３２１３３３１,2026-07-29,2026-08-03,23,からつ,一般,１４２　１２４５３２[４],2026-07-16,2026-07-21,11,びわこ,一般,５２６２１　３３１２[４],2026-07-05,2026-07-09,05,多摩川,一般,４２４２４　１１[２],4231,鈴木 裕隆,2026-08-22,2026-08-27,08,常滑,ＧⅢ,２３１　４２２　５４５４,2026-08-04,2026-08-09,12,住之江,一般,２１２　５４４　４５３２,2026-07-24,2026-07-27,02,戸田,一般,５１５　３６１,2026-07-17,2026-07-22,16,児島,ＧⅢ,５３５　６　１５４１４,2026-07-10,2026-07-13,19,下関,一般,３３２５４４５４,3920,正木 聖賢,2026-08-23,2026-08-27,18,徳山,一般,４　６５６　６６６４,2026-05-26,2026-05-31,15,丸亀,ＧⅢ,２　６６２５５転,2026-05-11,2026-05-15,08,常滑,一般,５５５１４　４　４１,2026-04-30,2026-05-05,17,宮島,一般,３　４４１１５４４６４３,2026-04-20,2026-04-24,18,徳山,一般,２　６５１５４　２４,3333,丸尾 義孝,2026-08-27,2026-08-31,04,平和島,一般,３２２１１６６５４２,2026-08-17,2026-08-20,20,若松,一般,６３１２１　１４,2026-08-05,2026-08-10,14,鳴門,一般,１　６１２２３１３２[２],2026-07-22,2026-07-26,13,尼崎,一般,５２４４３　３　転１,2026-07-09,2026-07-13,14,鳴門,一般,２５１３３４２４３２
202609121801,2026-09-12,18,01R,4980,佐々木 完太,2026-09-03,2026-09-08,09,津,ＧⅠ,３４３　６　２５６４６,2026-08-21,2026-08-26,06,浜名湖,一般,１２１１３　１１１１[１],2026-08-11,2026-08-16,19,下関,一般,２４１２２２１　４１[２],2026-07-28,2026-08-02,11,びわこ,ＳＧ,１１１　６　１６５　１６,2026-06-30,2026-07-05,16,児島,ＧⅡ,３１２　２　６５,4682,大上 卓人,2026-09-04,2026-09-08,07,蒲郡,一般,１５１１２転３１[６],2026-08-25,2026-08-30,01,桐生,ＳＧ,１　２５３　５　４　１５,2026-08-14,2026-08-19,17,宮島,一般,２４１１２　１３１４１５,2026-07-28,2026-08-02,11,びわこ,ＳＧ,１　４３５　１　２　[６],2026-07-18,2026-07-21,20,若松,一般,２４２２１２[５],4772,石丸 海渡,2026-09-03,2026-09-08,09,津,ＧⅠ,２　４　４５３　１３６６,2026-08-26,2026-08-30,14,鳴門,一般,６２１３１６１５２,2026-08-17,2026-08-21,15,丸亀,一般,１４１４６３４２[４],2026-08-03,2026-08-08,19,下関,一般,６１４２１　４１１２[３],2026-07-24,2026-07-27,06,浜名湖,一般,１３１２１２[１],4013,中島 孝平,2026-09-03,2026-09-08,09,津,ＧⅠ,５　６　４３４３５１４,2026-08-25,2026-08-30,01,桐生,ＳＧ,２４４　３　１５５　３６,2026-08-14,2026-08-19,10,三国,一般,４１２４１　２１３１[１],2026-07-31,2026-08-04,13,尼崎,一般,２１２１３１２１[１],2026-06-23,2026-06-28,14,鳴門,ＳＧ,２５６　３　５２５　５,5084,末永 和也,2026-09-03,2026-09-08,09,津,ＧⅠ,４　５４１　２３２　[３],2026-08-25,2026-08-30,17,宮島,一般,１４１２１３２　５１[３],2026-05-15,2026-05-20,21,芦屋,ＧⅠ,２６６　５　５３１３２,2026-05-01,2026-05-06,23,からつ,一般,１５２２１　１２２２[６],2026-04-20,2026-04-23,11,びわこ,一般,３２４１L欠,5112,砂長 知輝,2026-09-03,2026-09-08,09,津,ＧⅠ,６５５　２　６２５　２,2026-08-24,2026-08-29,13,尼崎,一般,２２３　３１２１４１[２],2026-08-12,2026-08-17,02,戸田,一般,４　１１１　１１４　３５,2026-07-28,2026-08-02,16,児島,一般,５６３２２１１　２６１２,2026-07-18,2026-07-23,09,津,ＧⅢ,１１２　３１２　F　５
202609121802,2026-09-12,18,02R,5142,常住 蓮,2026-08-28,2026-08-31,23,からつ,一般,１１２１２１[１],2026-08-20,2026-08-23,02,戸田,一般,２３３１１２１２,2026-08-09,2026-08-14,23,からつ,一般,１５２１F　２　２　２,2026-07-28,2026-08-02,15,丸亀,一般,６　２２２３１　１２[４],2026-07-19,2026-07-24,22,福岡,ＧⅢ,１　６１１５５　３　５１,3959,坪井 康晴,2026-09-03,2026-09-08,10,三国,一般,２３失　３１１２転１[２],2026-08-25,2026-08-30,01,桐生,ＳＧ,４　１２４　３　６　１４,2026-08-11,2026-08-16,06,浜名湖,一般,１　６１３１２１３１[５],2026-07-28,2026-08-02,11,びわこ,ＳＧ,２４５　５　１４２　３４,2026-07-11,2026-07-16,03,江戸川,一般,３１３　１１５,4305,金子 拓矢,2026-09-03,2026-09-08,09,津,ＧⅠ,１５２　１３４　４　２２,2026-08-26,2026-08-30,14,鳴門,一般,１４１２１２２１[１],2026-08-15,2026-08-20,05,多摩川,一般,１４５５１１２　２３１１,2026-08-04,2026-08-09,12,住之江,一般,２２２　２１３１４２[３],2026-07-22,2026-07-25,24,大村,一般,１２１３４２[６],4239,竹田 辰也,2026-08-30,2026-09-03,08,常滑,一般,２２２１３１４１[４],2026-08-15,2026-08-20,18,徳山,一般,３３１６３４２　１５１３,2026-08-04,2026-08-09,10,三国,一般,５３１　１６３１４１[４],2026-07-22,2026-07-27,14,鳴門,一般,２４１６３　２６,2026-07-09,2026-07-13,16,児島,一般,４２３１３３１２[６],4256,渡辺 浩司,2026-09-03,2026-09-08,09,津,ＧⅠ,３３１　２　２４４　３４,2026-08-22,2026-08-27,08,常滑,ＧⅢ,１５５５３１３１３２[６],2026-08-07,2026-08-12,20,若松,一般,４　４３３４２２２１１,2026-07-29,2026-08-01,18,徳山,一般,３１１３３２[３],2026-07-22,2026-07-25,24,大村,一般,F３５,4168,石野 貴之,2026-09-03,2026-09-08,10,三国,一般,１４３　１１１２３１[１],2026-08-25,2026-08-30,17,宮島,一般,１１２５３　１６２４２１,2026-08-13,2026-08-18,12,住之江,一般,４　１６１　２１２６２４,2026-07-25,2026-07-29,20,若松,一般,１６２１５　２６１５,2026-07-13,2026-07-18,07,蒲郡,ＧⅡ,４２１　６　３６１２４
202609121803,2026-09-12,18,03R,4361,柳生 泰二,2026-09-03,2026-09-08,09,津,ＧⅠ,４１１　４　F６３　３,2026-08-25,2026-08-30,01,桐生,ＳＧ,６１３　６　６５１　５,2026-08-11,2026-08-16,19,下関,一般,１１３１１　２１３１[１],2026-07-31,2026-08-03,20,若松,一般,２６１１１１[２],2026-07-20,2026-07-25,15,丸亀,一般,３１３１２　１３２１[２],4205,山口 剛,2026-09-03,2026-09-08,09,津,ＧⅠ,２　４６６４４　５　４,2026-08-25,2026-08-30,01,桐生,ＳＧ,３６６　３２１　４　２５,2026-08-14,2026-08-19,17,宮島,一般,１１１　２２１１２１[１],2026-07-28,2026-08-02,11,びわこ,ＳＧ,転４２　５　１６エ　５,2026-07-07,2026-07-12,02,戸田,ＧⅡ,５３１　２エ４　３　５１,4826,井上 一輝,2026-09-03,2026-09-08,09,津,ＧⅠ,３１１　２　６５３　１６,2026-08-24,2026-08-28,15,丸亀,一般,２６１２２１４１[３],2026-08-13,2026-08-18,12,住之江,一般,３１４　５５２　１落５,2026-08-04,2026-08-09,10,三国,一般,１４５１５２１　４２[５],2026-07-24,2026-07-27,06,浜名湖,一般,５６２２１　６１,4928,栗城 匠,2026-08-27,2026-09-01,07,蒲郡,一般,３６６１２５１２２１[１],2026-08-15,2026-08-20,05,多摩川,一般,２３１１６　５６１２[２],2026-07-29,2026-08-01,18,徳山,一般,１３２３１６１落,2026-07-17,2026-07-20,02,戸田,一般,４４１２２１[１],2026-07-04,2026-07-09,01,桐生,一般,５　１３２２１４１１[２],4528,黒井 達矢,2026-09-03,2026-09-08,09,津,ＧⅠ,３　２５４　５　４４４５,2026-08-24,2026-08-28,15,丸亀,一般,２４１１１２４１[６],2026-08-15,2026-08-20,05,多摩川,一般,６　１１１４１４２２[５],2026-06-08,2026-06-13,13,尼崎,ＧⅠ,５２１　２　１４２　[３],2026-05-29,2026-06-02,14,鳴門,一般,１１３３１４１６１４,4852,川原 祐明,2026-09-03,2026-09-08,09,津,ＧⅠ,６６３　５　１６４　４,2026-08-22,2026-08-27,08,常滑,ＧⅢ,４２３１６５４F４　６,2026-08-11,2026-08-16,19,下関,一般,３２１　２４３１１２[６],2026-07-28,2026-08-02,15,丸亀,一般,２１４　１１２２２１[１],2026-07-15,2026-07-20,18,徳山,一般,２５１　４１５１２３２１
202609121804,2026-09-12,18,04R,4547,中田 竜太,2026-09-03,2026-09-08,09,津,ＧⅠ,１　６２６　４　１２５５,2026-08-25,2026-08-30,01,桐生,ＳＧ,５　６　１１４　１３６１,2026-08-12,2026-08-17,02,戸田,一般,１転４　２２３１３　２４,2026-07-28,2026-08-02,11,びわこ,ＳＧ,６　５　６５４　５欠,2026-07-19,2026-07-23,05,多摩川,一般,２３１１２１３２[５],4415,下出 卓矢,2026-09-03,2026-09-08,09,津,ＧⅠ,６　１　５６１　１６３３,2026-08-24,2026-08-29,13,尼崎,一般,５３４　２２３６５１２３,2026-08-14,2026-08-19,10,三国,一般,１４F５４　５　６　２,2026-08-06,2026-08-09,02,戸田,一般,４６５３１３１１,2026-07-27,2026-08-01,10,三国,一般,１３４５１　１１６２[２],4237,大峯 豊,2026-09-04,2026-09-08,07,蒲郡,一般,１２１１３２２１[１],2026-08-25,2026-08-30,01,桐生,ＳＧ,４５３　３　６３３　５,2026-08-15,2026-08-20,18,徳山,一般,３１２１２１１　１２６,2026-08-07,2026-08-11,15,丸亀,一般,２３１１５３３３２１,2026-07-07,2026-07-12,02,戸田,ＧⅡ,３１２　１　２３１　[１],4831,羽野 直也,2026-09-03,2026-09-08,09,津,ＧⅠ,２３２　落,2026-08-25,2026-08-30,01,桐生,ＳＧ,４　１５２　１　４　５２,2026-08-10,2026-08-15,21,芦屋,一般,２６１３５４２　２６１３,2026-07-31,2026-08-04,13,尼崎,一般,１２４１３１１１[２],2026-07-24,2026-07-27,12,住之江,一般,１１２６１１[１],4760,山崎 郡,2026-09-03,2026-09-08,09,津,ＧⅠ,４４５　２５６　２　４２,2026-08-24,2026-08-29,13,尼崎,一般,４１１２３　１１４１[１],2026-08-13,2026-08-18,12,住之江,一般,１２２　１１１　３１[１],2026-07-28,2026-08-02,11,びわこ,ＳＧ,３　１　６５５　２１２,2026-07-14,2026-07-19,01,桐生,一般,２１２１１　２　３１[１],4713,白神 優,2026-09-03,2026-09-08,09,津,ＧⅠ,３　４６６　１　２５５４,2026-08-24,2026-08-29,13,尼崎,一般,３１４３３　１４３５１６,2026-08-17,2026-08-20,20,若松,一般,１５３２４３１２,2026-08-08,2026-08-13,16,児島,一般,４　５２１５３３１　１３,2026-07-22,2026-07-27,14,鳴門,一般,転５２　１５２１１２[３]
202609121805,2026-09-12,18,05R,4739,中村 晃朋,2026-09-03,2026-09-08,09,津,ＧⅠ,５　４F２　５　３　５,2026-08-25,2026-08-30,17,宮島,一般,４６５１５　５３６　３３,2026-08-17,2026-08-21,15,丸亀,一般,１６２１２５３１[１],2026-08-06,2026-08-09,02,戸田,一般,１　２２１２[２],2026-07-28,2026-08-02,16,児島,一般,１５２３１２１　３１[２],4324,海野 康志郎,2026-09-03,2026-09-06,02,戸田,一般,２２２６１１[３],2026-08-25,2026-08-30,09,津,一般,５１２　３４６３３６１２,2026-08-15,2026-08-20,18,徳山,一般,２６６　４１３２１６１２,2026-07-28,2026-08-02,16,児島,一般,３１１　３４１３１３２１,2026-07-13,2026-07-18,07,蒲郡,ＧⅡ,１２５　２２３　６　３,3941,池田 浩二,2026-09-03,2026-09-08,09,津,ＧⅠ,６　４４３２３　３１４,2026-08-25,2026-08-30,01,桐生,ＳＧ,３　４６１１２　１　[３],2026-08-10,2026-08-15,08,常滑,一般,２１４１２３３１１１[１],2026-07-28,2026-08-02,11,びわこ,ＳＧ,２　４４５１３　６　１３,2026-07-13,2026-07-18,07,蒲郡,ＧⅡ,１　５２５３２　６　１３,4759,今泉 友吾,2026-09-02,2026-09-07,22,福岡,一般,３３１　３５１３１４２２,2026-08-22,2026-08-27,08,常滑,ＧⅢ,３３３２３１１５４３３１,2026-08-11,2026-08-16,04,平和島,一般,２４３　２２３１４３１５,2026-07-31,2026-08-05,05,多摩川,一般,４６３１１　１２２１[２],2026-07-13,2026-07-18,07,蒲郡,ＧⅡ,４１６　６　４３２４２,4024,井口 佳典,2026-09-03,2026-09-08,09,津,ＧⅠ,３　３４１　４３４　２２,2026-08-25,2026-08-30,01,桐生,ＳＧ,４　６　５４３　２２４,2026-08-15,2026-08-20,09,津,一般,１３１　５４２１１２[５],2026-08-08,2026-08-11,05,多摩川,一般,４４１１１３[４],2026-07-28,2026-08-02,11,びわこ,ＳＧ,６　３３６　３　５４６,5267,石本 裕武,2026-09-03,2026-09-08,09,津,ＧⅠ,２　１５３　１　２　[２],2026-08-25,2026-08-30,17,宮島,一般,１２１１６１１　５１[２],2026-08-13,2026-08-18,12,住之江,一般,１１６　１２１１６４３２,2026-08-04,2026-08-09,10,三国,一般,１６４　１１１５３２[２],2026-07-21,2026-07-26,23,からつ,一般,１２１６１　５５２１[４]
202609121806,2026-09-12,18,06R,4537,渡邉 和将,2026-09-03,2026-09-08,09,津,ＧⅠ,４　５３６　５１２５６,2026-08-22,2026-08-27,08,常滑,ＧⅢ,３６３１３１３３１２[３],2026-08-08,2026-08-13,16,児島,一般,２１３１３２３　３１４,2026-07-29,2026-08-03,22,福岡,一般,１３２　３１２６４１[５],2026-07-20,2026-07-25,15,丸亀,一般,１６２　３２１１５１[４],4985,井本 昌也,2026-08-25,2026-08-30,09,津,一般,５　５１６　１３,2026-08-15,2026-08-20,18,徳山,一般,２４１１３　３２３２[４],2026-08-03,2026-08-08,19,下関,一般,２５６１４　１１３５１３,2026-07-19,2026-07-24,22,福岡,ＧⅢ,５３１　５４２　２２４２,2026-07-02,2026-07-07,04,平和島,一般,６　１２２１６２２４２２,4445,宮地 元輝,2026-09-03,2026-09-08,09,津,ＧⅠ,１　４　４４３４１５１,2026-08-25,2026-08-30,01,桐生,ＳＧ,６　４１２　１　６　２６,2026-08-09,2026-08-14,23,からつ,一般,１６３１３　１転３４２２,2026-07-31,2026-08-03,20,若松,一般,１４１４２１[１],2026-06-23,2026-06-28,14,鳴門,ＳＧ,６　２２３　１２３　４１,4391,松田 祐季,2026-09-03,2026-09-08,09,津,ＧⅠ,６　４　３５１　５６４,2026-08-24,2026-08-28,15,丸亀,一般,５１３３１１１２[２],2026-08-14,2026-08-19,10,三国,一般,１２２３２１１　３２[５],2026-08-05,2026-08-10,09,津,一般,５１１　１１１１１１[１],2026-07-22,2026-07-27,14,鳴門,一般,２５１３１４１　２１[２],4566,塩田 北斗,2026-09-03,2026-09-08,09,津,ＧⅠ,３　１　３６２　６　５３,2026-08-24,2026-08-29,13,尼崎,一般,４２２　４３４２２１３１,2026-08-12,2026-08-17,22,福岡,一般,５５エ欠,2026-07-31,2026-08-03,20,若松,一般,３１３１３１[３],2026-06-23,2026-06-28,14,鳴門,ＳＧ,３　２　１２５　２　[５],4682,大上 卓人,2026-09-04,2026-09-08,07,蒲郡,一般,１５１１２転３１[６],2026-08-25,2026-08-30,01,桐生,ＳＧ,１　２５３　５　４　１５,2026-08-14,2026-08-19,17,宮島,一般,２４１１２　１３１４１５,2026-07-28,2026-08-02,11,びわこ,ＳＧ,１　４３５　１　２　[６],2026-07-18,2026-07-21,20,若松,一般,２４２２１２[５]
202609121807,2026-09-12,18,07R,4074,柳沢 一,2026-09-01,2026-09-05,13,尼崎,一般,１３４２５１２３３３,2026-08-21,2026-08-26,06,浜名湖,一般,３４１１１１１　４１[２],2026-08-10,2026-08-15,08,常滑,一般,３２３５１５３１１５１３,2026-07-27,2026-08-01,09,津,一般,３４１,2026-07-15,2026-07-21,12,住之江,一般,１１１　２１４１３３２２[４],4168,石野 貴之,2026-09-03,2026-09-08,10,三国,一般,１４３　１１１２３１[１],2026-08-25,2026-08-30,17,宮島,一般,１１２５３　１６２４２１,2026-08-13,2026-08-18,12,住之江,一般,４　１６１　２１２６２４,2026-07-25,2026-07-29,20,若松,一般,１６２１５　２６１５,2026-07-13,2026-07-18,07,蒲郡,ＧⅡ,４２１　６　３６１２４,4736,高倉 和士,2026-09-01,2026-09-06,12,住之江,一般,１２３　１１２１３１[２],2026-08-20,2026-08-23,24,大村,一般,１６３３５２[５],2026-08-10,2026-08-15,21,芦屋,一般,２２１４１　１２３１[４],2026-07-31,2026-08-03,20,若松,一般,１５２３１２[４],2026-07-22,2026-07-27,14,鳴門,一般,１２２３４１３　４１[６],3942,寺田 祥,2026-08-25,2026-08-30,01,桐生,ＳＧ,６　５　１６４　６５４,2026-08-11,2026-08-16,19,下関,一般,３２１　５１５３３５５３,2026-07-25,2026-07-29,20,若松,一般,１３１　２２３１[５],2026-07-14,2026-07-19,21,芦屋,一般,３５３６１２１　２２[６],2026-06-17,2026-06-22,24,大村,ＧⅡ,２　１　５２２　２　[６],4939,宮之原 輝紀,2026-09-03,2026-09-08,09,津,ＧⅠ,２　５１６,2026-08-25,2026-08-30,01,桐生,ＳＧ,１４５　１　３６５　２５,2026-08-15,2026-08-20,05,多摩川,一般,１　１１１１１１５１[１],2026-08-03,2026-08-08,04,平和島,ＧⅢ,１５２１１１１　６２[転],2026-07-22,2026-07-27,14,鳴門,一般,１１５　１１１３１１[１],4796,春園 功太,2026-09-03,2026-09-08,09,津,ＧⅠ,１　５　６６３　６２２２,2026-08-25,2026-08-30,17,宮島,一般,６３２　１２５４,2026-08-15,2026-08-20,09,津,一般,４６１４２　４２１５３４,2026-08-04,2026-08-09,12,住之江,一般,２　６３４　２１１６４４,2026-07-22,2026-07-26,08,常滑,一般,１４６２２１１２[５]
202609121808,2026-09-12,18,08R,3744,徳増 秀樹,2026-09-01,2026-09-06,12,住之江,一般,５１１２４　１５４３２１,2026-08-22,2026-08-27,08,常滑,ＧⅢ,２２１　３３１５３４１３,2026-08-11,2026-08-16,06,浜名湖,一般,５２２２３　６５,2026-07-31,2026-08-05,06,浜名湖,ＧⅢ,２１６６２　５６２　４４,2026-07-19,2026-07-23,05,多摩川,一般,１６４１２１５３５１,4397,西村 拓也,2026-09-03,2026-09-08,09,津,ＧⅠ,４　１６２　２　３　１１,2026-08-26,2026-08-30,14,鳴門,一般,５１２２１４１４３２,2026-08-13,2026-08-18,12,住之江,一般,１２３　１　２４２２[４],2026-08-03,2026-08-08,04,平和島,ＧⅢ,１２２３４１２　５３１１,2026-07-23,2026-07-27,01,桐生,一般,２２１１１１２１[１],4362,土屋 智則,2026-09-04,2026-09-08,07,蒲郡,一般,３４２３４１２２[５],2026-08-25,2026-08-30,01,桐生,ＳＧ,２　２　３３３　３　６１,2026-08-11,2026-08-16,01,桐生,一般,４　２２１１２　３　転２,2026-07-31,2026-08-05,05,多摩川,一般,３　３２２３４１３３１１,2026-07-21,2026-07-26,23,からつ,一般,４６１１３　４１２３６１,4980,佐々木 完太,2026-09-03,2026-09-08,09,津,ＧⅠ,３４３　６　２５６４６,2026-08-21,2026-08-26,06,浜名湖,一般,１２１１３　１１１１[１],2026-08-11,2026-08-16,19,下関,一般,２４１２２２１　４１[２],2026-07-28,2026-08-02,11,びわこ,ＳＧ,１１１　６　１６５　１６,2026-06-30,2026-07-05,16,児島,ＧⅡ,３１２　２　６５,5142,常住 蓮,2026-08-28,2026-08-31,23,からつ,一般,１１２１２１[１],2026-08-20,2026-08-23,02,戸田,一般,２３３１１２１２,2026-08-09,2026-08-14,23,からつ,一般,１５２１F　２　２　２,2026-07-28,2026-08-02,15,丸亀,一般,６　２２２３１　１２[４],2026-07-19,2026-07-24,22,福岡,ＧⅢ,１　６１１５５　３　５１,4205,山口 剛,2026-09-03,2026-09-08,09,津,ＧⅠ,２　４６６４４　５　４,2026-08-25,2026-08-30,01,桐生,ＳＧ,３６６　３２１　４　２５,2026-08-14,2026-08-19,17,宮島,一般,１１１　２２１１２１[１],2026-07-28,2026-08-02,11,びわこ,ＳＧ,転４２　５　１６エ　５,2026-07-07,2026-07-12,02,戸田,ＧⅡ,５３１　２エ４　３　５１
202609121809,2026-09-12,18,09R,4013,中島 孝平,2026-09-03,2026-09-08,09,津,ＧⅠ,５　６　４３４３５１４,2026-08-25,2026-08-30,01,桐生,ＳＧ,２４４　３　１５５　３６,2026-08-14,2026-08-19,10,三国,一般,４１２４１　２１３１[１],2026-07-31,2026-08-04,13,尼崎,一般,２１２１３１２１[１],2026-06-23,2026-06-28,14,鳴門,ＳＧ,２５６　３　５２５　５,4448,青木 玄太,2026-09-03,2026-09-08,09,津,ＧⅠ,４　３１３　３　６　１３,2026-08-26,2026-08-30,14,鳴門,一般,２２１３６１３５３,2026-08-15,2026-08-20,11,びわこ,一般,５　１４２１４２２　５３,2026-08-02,2026-08-05,21,芦屋,一般,２６３３２３１１,2026-07-22,2026-07-26,08,常滑,一般,１２１１６１３１[２],4256,渡辺 浩司,2026-09-03,2026-09-08,09,津,ＧⅠ,３３１　２　２４４　３４,2026-08-22,2026-08-27,08,常滑,ＧⅢ,１５５５３１３１３２[６],2026-08-07,2026-08-12,20,若松,一般,４　４３３４２２２１１,2026-07-29,2026-08-01,18,徳山,一般,３１１３３２[３],2026-07-22,2026-07-25,24,大村,一般,F３５,5015,高橋 竜矢,2026-09-03,2026-09-08,09,津,ＧⅠ,５　２２４　１　６　１５,2026-08-26,2026-08-30,14,鳴門,一般,２３１４１３３１[４],2026-08-14,2026-08-19,17,宮島,一般,２５３５２１１　１２[２],2026-08-04,2026-08-09,10,三国,一般,３３５５１１２　１５３２,2026-07-21,2026-07-26,23,からつ,一般,２５４　１６６２,4237,大峯 豊,2026-09-04,2026-09-08,07,蒲郡,一般,１２１１３２２１[１],2026-08-25,2026-08-30,01,桐生,ＳＧ,４５３　３　６３３　５,2026-08-15,2026-08-20,18,徳山,一般,３１２１２１１　１２６,2026-08-07,2026-08-11,15,丸亀,一般,２３１１５３３３２１,2026-07-07,2026-07-12,02,戸田,ＧⅡ,３１２　１　２３１　[１],4826,井上 一輝,2026-09-03,2026-09-08,09,津,ＧⅠ,３１１　２　６５３　１６,2026-08-24,2026-08-28,15,丸亀,一般,２６１２２１４１[３],2026-08-13,2026-08-18,12,住之江,一般,３１４　５５２　１落５,2026-08-04,2026-08-09,10,三国,一般,１４５１５２１　４２[５],2026-07-24,2026-07-27,06,浜名湖,一般,５６２２１　６１
202609121810,2026-09-12,18,10R,4760,山崎 郡,2026-09-03,2026-09-08,09,津,ＧⅠ,４４５　２５６　２　４２,2026-08-24,2026-08-29,13,尼崎,一般,４１１２３　１１４１[１],2026-08-13,2026-08-18,12,住之江,一般,１２２　１１１　３１[１],2026-07-28,2026-08-02,11,びわこ,ＳＧ,３　１　６５５　２１２,2026-07-14,2026-07-19,01,桐生,一般,２１２１１　２　３１[１],5017,澤田 尚也,2026-09-03,2026-09-08,09,津,ＧⅠ,５　２　５１２　４１５２,2026-08-24,2026-08-28,15,丸亀,一般,４２３１３３３２[５],2026-08-15,2026-08-20,11,びわこ,一般,１　１５２６３１６６１５,2026-08-08,2026-08-11,05,多摩川,一般,１１１３２３[２],2026-07-31,2026-08-04,13,尼崎,一般,３１２　５４１３４６,5084,末永 和也,2026-09-03,2026-09-08,09,津,ＧⅠ,４　５４１　２３２　[３],2026-08-25,2026-08-30,17,宮島,一般,１４１２１３２　５１[３],2026-05-15,2026-05-20,21,芦屋,ＧⅠ,２６６　５　５３１３２,2026-05-01,2026-05-06,23,からつ,一般,１５２２１　１２２２[６],2026-04-20,2026-04-23,11,びわこ,一般,３２４１L欠,3941,池田 浩二,2026-09-03,2026-09-08,09,津,ＧⅠ,６　４４３２３　３１４,2026-08-25,2026-08-30,01,桐生,ＳＧ,３　４６１１２　１　[３],2026-08-10,2026-08-15,08,常滑,一般,２１４１２３３１１１[１],2026-07-28,2026-08-02,11,びわこ,ＳＧ,２　４４５１３　６　１３,2026-07-13,2026-07-18,07,蒲郡,ＧⅡ,１　５２５３２　６　１３,4361,柳生 泰二,2026-09-03,2026-09-08,09,津,ＧⅠ,４１１　４　F６３　３,2026-08-25,2026-08-30,01,桐生,ＳＧ,６１３　６　６５１　５,2026-08-11,2026-08-16,19,下関,一般,１１３１１　２１３１[１],2026-07-31,2026-08-03,20,若松,一般,２６１１１１[２],2026-07-20,2026-07-25,15,丸亀,一般,３１３１２　１３２１[２],4305,金子 拓矢,2026-09-03,2026-09-08,09,津,ＧⅠ,１５２　１３４　４　２２,2026-08-26,2026-08-30,14,鳴門,一般,１４１２１２２１[１],2026-08-15,2026-08-20,05,多摩川,一般,１４５５１１２　２３１１,2026-08-04,2026-08-09,12,住之江,一般,２２２　２１３１４２[３],2026-07-22,2026-07-25,24,大村,一般,１２１３４２[６]
202609121811,2026-09-12,18,11R,4831,羽野 直也,2026-09-03,2026-09-08,09,津,ＧⅠ,２３２　落,2026-08-25,2026-08-30,01,桐生,ＳＧ,４　１５２　１　４　５２,2026-08-10,2026-08-15,21,芦屋,一般,２６１３５４２　２６１３,2026-07-31,2026-08-04,13,尼崎,一般,１２４１３１１１[２],2026-07-24,2026-07-27,12,住之江,一般,１１２６１１[１],4852,川原 祐明,2026-09-03,2026-09-08,09,津,ＧⅠ,６６３　５　１６４　４,2026-08-22,2026-08-27,08,常滑,ＧⅢ,４２３１６５４F４　６,2026-08-11,2026-08-16,19,下関,一般,３２１　２４３１１２[６],2026-07-28,2026-08-02,15,丸亀,一般,２１４　１１２２２１[１],2026-07-15,2026-07-20,18,徳山,一般,２５１　４１５１２３２１,5112,砂長 知輝,2026-09-03,2026-09-08,09,津,ＧⅠ,６５５　２　６２５　２,2026-08-24,2026-08-29,13,尼崎,一般,２２３　３１２１４１[２],2026-08-12,2026-08-17,02,戸田,一般,４　１１１　１１４　３５,2026-07-28,2026-08-02,16,児島,一般,５６３２２１１　２６１２,2026-07-18,2026-07-23,09,津,ＧⅢ,１１２　３１２　F　５,4445,宮地 元輝,2026-09-03,2026-09-08,09,津,ＧⅠ,１　４　４４３４１５１,2026-08-25,2026-08-30,01,桐生,ＳＧ,６　４１２　１　６　２６,2026-08-09,2026-08-14,23,からつ,一般,１６３１３　１転３４２２,2026-07-31,2026-08-03,20,若松,一般,１４１４２１[１],2026-06-23,2026-06-28,14,鳴門,ＳＧ,６　２２３　１２３　４１,4324,海野 康志郎,2026-09-03,2026-09-06,02,戸田,一般,２２２６１１[３],2026-08-25,2026-08-30,09,津,一般,５１２　３４６３３６１２,2026-08-15,2026-08-20,18,徳山,一般,２６６　４１３２１６１２,2026-07-28,2026-08-02,16,児島,一般,３１１　３４１３１３２１,2026-07-13,2026-07-18,07,蒲郡,ＧⅡ,１２５　２２３　６　３,3959,坪井 康晴,2026-09-03,2026-09-08,10,三国,一般,２３失　３１１２転１[２],2026-08-25,2026-08-30,01,桐生,ＳＧ,４　１２４　３　６　１４,2026-08-11,2026-08-16,06,浜名湖,一般,１　６１３１２１３１[５],2026-07-28,2026-08-02,11,びわこ,ＳＧ,２４５　５　１４２　３４,2026-07-11,2026-07-16,03,江戸川,一般,３１３　１１５
202609121812,2026-09-12,18,12R,3897,白井 英治,2026-09-03,2026-09-08,09,津,ＧⅠ,４２３　５　２１３　５１,2026-08-25,2026-08-30,01,桐生,ＳＧ,４２４　３　転３,2026-08-15,2026-08-20,18,徳山,一般,１１２４１　２１１１[１],2026-07-28,2026-08-02,11,びわこ,ＳＧ,４　５１２３３　３　２１,2026-07-18,2026-07-22,10,三国,一般,１４３４２２,3960,菊地 孝平,2026-09-03,2026-09-08,09,津,ＧⅠ,１３２　１　３１１　[１],2026-08-20,2026-08-23,04,平和島,一般,２２１１２１[４],2026-08-11,2026-08-16,06,浜名湖,一般,３１２　３３３１１１[２],2026-07-28,2026-08-02,11,びわこ,ＳＧ,６　６　６４３　６３３,2026-07-07,2026-07-12,02,戸田,ＧⅡ,４４１　５　３６３　１２,4586,磯部 誠,2026-09-03,2026-09-08,09,津,ＧⅠ,３４１　１　３２２　[６],2026-08-25,2026-08-30,01,桐生,ＳＧ,２２１　５　３２２　[６],2026-08-11,2026-08-16,07,蒲郡,一般,１２１１１３１２２１[２],2026-07-28,2026-08-02,11,びわこ,ＳＧ,３　３２１　１　３　３１,2026-07-18,2026-07-21,20,若松,一般,２２１２２１[１],4444,桐生 順平,2026-09-03,2026-09-08,09,津,ＧⅠ,１　３２３　２２１　[５],2026-08-25,2026-08-30,01,桐生,ＳＧ,２３５　６　４１２　１３,2026-08-12,2026-08-17,02,戸田,一般,欠欠,2026-07-31,2026-08-05,05,多摩川,一般,１１２　３３１１４１[３],2026-06-23,2026-06-28,14,鳴門,ＳＧ,５　２３３　４１２　[４],4851,関 浩哉,2026-09-03,2026-09-08,09,津,ＧⅠ,１１６　１２２　１　[４],2026-08-25,2026-08-30,01,桐生,ＳＧ,４１落　１２６　４　２６,2026-08-11,2026-08-16,01,桐生,一般,１６３１３　１１１　[４],2026-07-28,2026-08-02,11,びわこ,ＳＧ,５１４　３４６　２３１,2026-07-18,2026-07-21,04,平和島,一般,１４２１３１[６],4344,新田 雄史,2026-09-03,2026-09-08,09,津,ＧⅠ,６２１　２２F,2026-08-25,2026-08-30,01,桐生,ＳＧ,６６３　１４５　４　１４,2026-08-15,2026-08-20,09,津,一般,１１４４１　６F２　３,2026-07-28,2026-08-02,11,びわこ,ＳＧ,２２３　２　１５４　２２,2026-07-18,2026-07-21,20,若松,一般,１１３１２１[４]
202609122001,2026-09-12,20,01R,3539,金子 順一,2026-08-23,2026-08-27,18,徳山,一般,６６５　不　２　４５,2026-08-11,2026-08-16,19,下関,一般,４３５　３６５　３　３３,2026-07-28,2026-08-02,16,児島,一般,１　４４１４１５６５３６,2026-07-14,2026-07-19,21,芦屋,一般,６　４２４　３３６　５２,2026-06-30,2026-07-05,06,浜名湖,一般,３　６２１　５５３６４,3362,間嶋 仁志,2026-08-24,2026-08-29,13,尼崎,一般,２３１　２　３４５６１４,2026-08-07,2026-08-11,15,丸亀,一般,１１６４３　２６１６,2026-07-27,2026-07-31,19,下関,一般,２４４　３５２　４５,2026-07-17,2026-07-20,02,戸田,一般,２４２　１２３３,2026-07-05,2026-07-09,05,多摩川,一般,５６５　４３５　２２,4094,中島 真二,2026-08-24,2026-08-28,15,丸亀,一般,６　６３２　１　２３,2026-08-12,2026-08-17,22,福岡,一般,５　４４４　６２６４３,2026-07-24,2026-07-29,17,宮島,一般,５　３３４　３４６２４４,2026-07-15,2026-07-19,08,常滑,一般,３　３６５２４　１６,2026-07-02,2026-07-06,21,芦屋,一般,６６４　５６,5248,本田 愛,2026-08-30,2026-09-04,06,浜名湖,ＧⅢ,３　１１５　１２２２[３],2026-08-11,2026-08-16,06,浜名湖,一般,２　３６２　２２１転６,2026-07-23,2026-07-28,21,芦屋,一般,６　６６４　６２５３３１,2026-07-10,2026-07-15,06,浜名湖,一般,４５３　１４１　１５１２,2026-06-21,2026-06-26,16,児島,一般,３　２５２　６６２　５１,5468,山口 隼人,2026-08-12,2026-08-17,22,福岡,一般,６　６　６６６６６　転６,2026-08-02,2026-08-05,21,芦屋,一般,６　６６６　６６,2026-07-04,2026-07-09,18,徳山,一般,６　４５５　６６６６６,2026-06-22,2026-06-27,22,福岡,一般,６　６６６　６６４　６６,2026-06-09,2026-06-14,23,からつ,一般,６　５６６　６６６　６,3175,渡辺 千草,2026-08-27,2026-08-31,04,平和島,一般,２３２　４５６　２５,2026-08-12,2026-08-17,24,大村,ＧⅢ,５　３４３　３４１　４２,2026-07-31,2026-08-05,01,桐生,ＧⅢ,５３２　２４３　３６２６,2026-07-19,2026-07-24,19,下関,ＧⅢ,５　４２５　３６５　２６,2026-06-29,2026-07-04,08,常滑,一般,４５３　５６４　４　２３
202609122002,2026-09-12,20,02R,4085,荻野 裕介,2026-08-28,2026-09-02,05,多摩川,ＧⅢ,５　２４,2026-08-16,2026-08-19,14,鳴門,一般,１　３５１１[３],2026-08-03,2026-08-08,04,平和島,ＧⅢ,２　４　５５５６５　５,2026-07-21,2026-07-26,23,からつ,一般,４５２　２　５５３　２,2026-07-07,2026-07-12,08,常滑,一般,６６２　４　１１４３４１,4484,稲生 夏季,2026-08-30,2026-09-04,06,浜名湖,ＧⅢ,４　３３２４２　１５３５,2026-08-11,2026-08-16,04,平和島,一般,２６６　５　４５３　４３,2026-07-19,2026-07-24,19,下関,ＧⅢ,３３２　３４１６２５２６,2026-07-09,2026-07-13,14,鳴門,一般,２６４　３１１３３４,2026-06-20,2026-06-25,06,浜名湖,一般,１２６　５６３　３４４,3880,浅見 宗孝,2026-08-28,2026-09-02,05,多摩川,ＧⅢ,５６５　５　４６２　６５,2026-08-12,2026-08-17,02,戸田,一般,３６３　４６６　３４３,2026-07-23,2026-07-28,03,江戸川,ＧⅢ,２　４４５　６５４５６,2026-07-11,2026-07-14,04,平和島,一般,６６３　１３３,2026-06-04,2026-06-08,08,常滑,一般,３　３２３４２５１３,5316,村松 将平,2026-08-22,2026-08-27,22,福岡,一般,３　１１４６４５５　３２,2026-08-11,2026-08-16,07,蒲郡,一般,３６２　５　６６４　２３,2026-07-27,2026-08-01,10,三国,一般,１６１　転２２　４６２４,2026-07-19,2026-07-23,05,多摩川,一般,１４３３６　２４５２,2026-06-11,2026-06-16,16,児島,一般,６　３２１　３３４６６５,4600,井内 将太郎,2026-08-30,2026-09-02,21,芦屋,一般,５６２６１　２４,2026-07-24,2026-07-29,17,宮島,一般,３１１　２６１１３１[４],2026-06-17,2026-06-22,24,大村,ＧⅡ,１４６　２　F４６　５,2026-06-05,2026-06-10,18,徳山,一般,１３４２５　１２１２[５],2026-05-19,2026-05-23,16,児島,一般,１６６３１２１１[６],5429,吉川 颯汰,2026-08-20,2026-08-23,23,からつ,一般,６６６　６６６,2026-07-28,2026-08-02,15,丸亀,一般,６６５　６　６５６　６,2026-07-02,2026-07-06,21,芦屋,一般,６　６３６　転　転６,2026-06-22,2026-06-27,22,福岡,一般,６　６６６　６６６６６,2026-05-10,2026-05-14,23,からつ,一般,６５６　６　６６６６
202609122003,2026-09-12,20,03R,4396,大田 直弥,2026-08-30,2026-09-02,21,芦屋,一般,４　５４４４５４,2026-08-15,2026-08-20,18,徳山,一般,５３４　６　６４３　２６,2026-08-03,2026-08-08,17,宮島,一般,６　３５１　６２４４５,2026-07-22,2026-07-26,13,尼崎,一般,３６４　３４６　２,2026-07-10,2026-07-13,19,下関,一般,４４２６２　４３,4273,佐藤 旭,2026-08-30,2026-09-02,21,芦屋,一般,６４２　５３３２,2026-08-15,2026-08-20,09,津,一般,２　４３３　３４４６５６,2026-07-28,2026-08-02,16,児島,一般,３　３４４６３　４２２３,2026-07-15,2026-07-19,08,常滑,一般,３１１２５　４３３１,2026-07-05,2026-07-09,05,多摩川,一般,５３５５６　１　４６,4014,片岡 恵里,2026-07-31,2026-08-05,01,桐生,ＧⅢ,１４３　２５４６１３３１,2026-07-19,2026-07-24,19,下関,ＧⅢ,１　１２２２１２４１[５],2026-07-07,2026-07-12,11,びわこ,一般,６　５２１４５１３　１４,2026-06-24,2026-06-29,12,住之江,一般,４　１３４　F５３　５,2026-06-15,2026-06-20,21,芦屋,一般,１４２５１　５６５３３５,5263,花田 凱成,2026-08-21,2026-08-26,06,浜名湖,一般,３　４４６５１　３妨,2026-08-09,2026-08-14,23,からつ,一般,５　４４３５２　３５５,2026-07-23,2026-07-28,21,芦屋,一般,４　４６６　４１６６４５,2026-07-10,2026-07-15,22,福岡,一般,６４６　５３３　２４５,2026-06-28,2026-07-01,10,三国,一般,３１５　４６３６,4357,田中 和也,2026-08-15,2026-08-20,09,津,一般,１１２３４３５　１３１２,2026-08-08,2026-08-11,05,多摩川,一般,４３１５５１６３,2026-07-31,2026-08-04,13,尼崎,一般,１４４５５２２　４１,2026-07-22,2026-07-25,24,大村,一般,２１転４１１４,2026-07-07,2026-07-12,08,常滑,一般,２６４３２２２１２２[４],4076,杉田 篤光,2026-08-22,2026-08-27,22,福岡,一般,５４３　３４１　４１３５,2026-08-11,2026-08-16,06,浜名湖,一般,２５１　３４３　３１４４,2026-07-31,2026-08-05,05,多摩川,一般,２４３　３２３　２５３６,2026-07-17,2026-07-22,16,児島,ＧⅢ,４４５　４５２　４５６,2026-07-03,2026-07-06,09,津,一般,５４３　２６４１
202609122004,2026-09-12,20,04R,5219,森口 和紀,2026-08-29,2026-09-03,19,下関,一般,　　　　　　　　４４２,2026-08-22,2026-08-27,22,福岡,一般,２２３　１１４６５１[５],2026-08-10,2026-08-15,21,芦屋,一般,５３１　６　２３５４２１,2026-07-30,2026-08-04,08,常滑,一般,４　１６４　４４３２１,2026-07-17,2026-07-22,16,児島,ＧⅢ,５　エ５２　５３落　２６,5085,中村 栄治,2026-08-26,2026-08-31,11,びわこ,一般,４３２　４４５６３　４１,2026-08-14,2026-08-19,10,三国,一般,４６５６４５１　２　６４,2026-07-30,2026-08-04,08,常滑,一般,４　１６４　５３２　３６,2026-07-19,2026-07-23,05,多摩川,一般,１　３４４３６５４１,2026-07-09,2026-07-13,16,児島,一般,３４３４６　４１３１,4873,蒲原 健太,2026-08-31,2026-09-05,18,徳山,一般,４　４４２　２６１　１６,2026-08-24,2026-08-28,15,丸亀,一般,６　３１６　５６５３,2026-08-14,2026-08-19,17,宮島,一般,転　２６５　５６３　１４,2026-07-29,2026-08-03,23,からつ,一般,２１４　２１５　３４２６,2026-07-18,2026-07-21,04,平和島,一般,６　１２２６６３,5382,山下 心一,2026-08-23,2026-08-27,18,徳山,一般,５　６６６６５　５５,2026-08-10,2026-08-15,21,芦屋,一般,６　４６６　６６５　６６,2026-07-29,2026-08-03,22,福岡,一般,　　　　　　　　　　４５,2026-07-24,2026-07-27,06,浜名湖,一般,５　６６５　３６,2026-07-17,2026-07-22,16,児島,ＧⅢ,６　６６３　５５６　６５,4816,村松 修二,2026-08-27,2026-08-31,04,平和島,一般,１　２４６４２１１３,2026-08-14,2026-08-19,17,宮島,一般,１１２６１５５　４２３,2026-07-28,2026-08-02,16,児島,一般,５３２２１２１　３３３４,2026-07-18,2026-07-22,10,三国,一般,６５１　１１１２[３],2026-07-09,2026-07-13,14,鳴門,一般,１６１　６３,4296,岡崎 恭裕,2026-08-24,2026-08-28,15,丸亀,一般,３３２２５２１５１３,2026-08-12,2026-08-17,22,福岡,一般,３４１　４１６１２４１３,2026-08-03,2026-08-08,17,宮島,一般,４３２　１５２１２３２３,2026-07-22,2026-07-26,13,尼崎,一般,１３４３１　２４１３,2026-07-13,2026-07-18,07,蒲郡,ＧⅡ,１　６５３　５　４６３
202609122005,2026-09-12,20,05R,3388,今垣 光太郎,2026-08-29,2026-09-03,16,児島,一般,１２２　２１２６４１[３],2026-06-17,2026-06-22,24,大村,ＧⅡ,３　３　６１２　４　１２,2026-06-05,2026-06-10,01,桐生,一般,１６１　３４３１５３３１,2026-05-26,2026-05-31,06,浜名湖,ＳＧ,４　６３５　４　３４１,2026-05-15,2026-05-20,21,芦屋,ＧⅠ,２　５　２６６　５１６,4230,濱崎 直矢,2026-08-27,2026-08-31,04,平和島,一般,１　４３３５１１４６,2026-08-12,2026-08-17,02,戸田,一般,２　１６６　１１４　１６,2026-08-03,2026-08-08,17,宮島,一般,１　F６４　６　６　３,2026-07-24,2026-07-27,06,浜名湖,一般,２　１６４３２３,2026-07-14,2026-07-19,01,桐生,一般,転１１　１１２　３２[３],4204,柴田 大輔,2026-08-22,2026-08-27,08,常滑,ＧⅢ,５　５５６,2026-08-07,2026-08-12,20,若松,一般,１　５３４３１１３６３５,2026-07-23,2026-07-28,03,江戸川,ＧⅢ,２　５５６　２４５５３１,2026-07-10,2026-07-15,22,福岡,一般,２３４　５６４　６６１,2026-06-29,2026-07-03,11,びわこ,一般,２１１　１４２３３１,3999,大瀧 明日香,2026-08-24,2026-08-29,13,尼崎,一般,３６３　１２４　２６４３,2026-08-10,2026-08-15,08,常滑,一般,１２１２４３２　４２[６],2026-07-03,2026-07-08,12,住之江,一般,２２４　４　１落２３１５,2026-06-21,2026-06-26,16,児島,一般,１５１　６５１５４４２６,2026-06-12,2026-06-17,22,福岡,ＧⅢ,１６２４３　２５１４４,5373,諏訪 玲奈,2026-08-25,2026-08-30,17,宮島,一般,５５６　６　６落６　４５,2026-07-27,2026-08-01,10,三国,一般,３４６　３　６６２　４,2026-07-09,2026-07-13,16,児島,一般,４　３４２３６　２５,2026-06-18,2026-06-23,02,戸田,一般,６　４６１　５４４　４４,2026-05-22,2026-05-26,23,からつ,一般,４６６　３　５５３４,5468,山口 隼人,2026-08-12,2026-08-17,22,福岡,一般,６　６　６６６６６　転６,2026-08-02,2026-08-05,21,芦屋,一般,６　６６６　６６,2026-07-04,2026-07-09,18,徳山,一般,６　４５５　６６６６６,2026-06-22,2026-06-27,22,福岡,一般,６　６６６　６６４　６６,2026-06-09,2026-06-14,23,からつ,一般,６　５６６　６６６　６
202609122006,2026-09-12,20,06R,4551,三川 昂暁,2026-08-28,2026-08-31,23,からつ,一般,６３４１１５５４,2026-08-20,2026-08-23,02,戸田,一般,１１４　３３F１,2026-08-10,2026-08-15,21,芦屋,一般,６３５４４　２２５　２３,2026-07-23,2026-07-27,01,桐生,一般,３１１１５３４５１２,2026-07-10,2026-07-15,22,福岡,一般,５５６４１　５４３　４１,4462,夏山 亮平,2026-08-26,2026-08-30,14,鳴門,一般,５　２２５５５　６３,2026-07-16,2026-07-21,11,びわこ,一般,３１１　５６６６４　２３,2026-07-05,2026-07-09,05,多摩川,一般,２　１２２３５１[３],2026-06-24,2026-06-28,04,平和島,一般,２５３　６４２６,2026-05-26,2026-05-31,15,丸亀,ＧⅢ,６５３　１６６　５６５,3833,中辻 博訓,2026-08-28,2026-08-31,23,からつ,一般,３１２６２５１５,2026-08-03,2026-08-08,04,平和島,ＧⅢ,５５欠,2026-07-24,2026-07-29,17,宮島,一般,２５２４４　１２１４１３,2026-07-14,2026-07-19,21,芦屋,一般,１４４４２　４５１　１２,2026-07-03,2026-07-08,12,住之江,一般,１３１　１２１　４１[５],4891,寺島 美里,2026-08-26,2026-08-30,14,鳴門,一般,４４６　２　２４２３,2026-08-12,2026-08-17,24,大村,ＧⅢ,３　３１４　２１４６１５,2026-07-25,2026-07-30,04,平和島,一般,５１４　２６３　５３４１,2026-07-12,2026-07-16,05,多摩川,一般,５５６　１２４　２３,2026-06-21,2026-06-26,16,児島,一般,２２５　６３４　３５１,5429,吉川 颯汰,2026-08-20,2026-08-23,23,からつ,一般,６６６　６６６,2026-07-28,2026-08-02,15,丸亀,一般,６６５　６　６５６　６,2026-07-02,2026-07-06,21,芦屋,一般,６　６３６　転　転６,2026-06-22,2026-06-27,22,福岡,一般,６　６６６　６６６６６,2026-05-10,2026-05-14,23,からつ,一般,６５６　６　６６６６,4518,大須賀 友,2026-07-31,2026-08-05,05,多摩川,一般,５１３５２　２３１２[６],2026-07-22,2026-07-25,24,大村,一般,１５２１６１[１],2026-06-30,2026-07-05,23,からつ,一般,F３２　４　１　５　３,2026-06-21,2026-06-26,16,児島,一般,１１２　３１３４６１[３],2026-05-16,2026-05-19,06,浜名湖,一般,１３２５２　１２
202609122007,2026-09-12,20,07R,4373,若狭 奈美子,2026-08-18,2026-08-23,16,児島,一般,５５３２１　３５５４３１,2026-08-06,2026-08-11,18,徳山,ＧⅠ,４１６　６　３６２　５,2026-07-23,2026-07-28,21,芦屋,一般,２　１３４１１２１２[４],2026-06-12,2026-06-17,22,福岡,ＧⅢ,３４３　１５５３２４３３,2026-06-04,2026-06-08,08,常滑,一般,４２１５１２１　１４,5263,花田 凱成,2026-08-21,2026-08-26,06,浜名湖,一般,３　４４６５１　３妨,2026-08-09,2026-08-14,23,からつ,一般,５　４４３５２　３５５,2026-07-23,2026-07-28,21,芦屋,一般,４　４６６　４１６６４５,2026-07-10,2026-07-15,22,福岡,一般,６４６　５３３　２４５,2026-06-28,2026-07-01,10,三国,一般,３１５　４６３６,3737,上平 真二,2026-08-25,2026-08-30,17,宮島,一般,６５,2026-08-03,2026-08-08,19,下関,一般,２４１１３　１妨,2026-07-23,2026-07-27,01,桐生,一般,２１１２３４３１[３],2026-07-09,2026-07-13,16,児島,一般,３１１３３６１３２２,2026-06-22,2026-06-27,22,福岡,一般,１１３　１２４３１落４,4085,荻野 裕介,2026-08-28,2026-09-02,05,多摩川,ＧⅢ,５　２４,2026-08-16,2026-08-19,14,鳴門,一般,１　３５１１[３],2026-08-03,2026-08-08,04,平和島,ＧⅢ,２　４　５５５６５　５,2026-07-21,2026-07-26,23,からつ,一般,４５２　２　５５３　２,2026-07-07,2026-07-12,08,常滑,一般,６６２　４　１１４３４１,4043,桐本 康臣,2026-08-25,2026-08-30,17,宮島,一般,４　１４２６３５４　２６,2026-08-17,2026-08-21,13,尼崎,一般,２　２３１１４２[６],2026-08-07,2026-08-11,15,丸亀,一般,３１３４２３２３３１,2026-07-24,2026-07-27,02,戸田,一般,２　２３２４３４,2026-07-14,2026-07-19,21,芦屋,一般,１６６　５　１５,4034,西原 明生,2026-08-24,2026-08-28,15,丸亀,一般,２　４６６　６　２６,2026-08-11,2026-08-16,19,下関,一般,３４５　２４２４４　２,2026-07-29,2026-08-01,18,徳山,一般,４５５　２２５,2026-07-14,2026-07-19,21,芦屋,一般,２　４５５６４　５　３１,2026-06-29,2026-07-04,08,常滑,一般,６　４５２　１３４５４
202609122008,2026-09-12,20,08R,4424,松尾 昂明,2026-08-26,2026-08-31,11,びわこ,一般,１６２　１３４４４２[６],2026-08-12,2026-08-17,22,福岡,一般,２４６３３１３　２５４４,2026-07-28,2026-08-02,15,丸亀,一般,３　２２４６４　５１４,2026-07-14,2026-07-19,01,桐生,一般,２５１３３　１　５２[６],2026-06-30,2026-07-05,23,からつ,一般,４　６２１４５５５１３,4529,嶋 義信,2026-08-28,2026-08-31,23,からつ,一般,１４１落,2026-08-17,2026-08-21,15,丸亀,一般,６１１６２５４２３,2026-08-04,2026-08-09,10,三国,一般,１２３　１３１１２１[１],2026-07-22,2026-07-26,13,尼崎,一般,５１４３２　２５４４,2026-07-11,2026-07-14,04,平和島,一般,２１５　４３２５,4816,村松 修二,2026-08-27,2026-08-31,04,平和島,一般,１　２４６４２１１３,2026-08-14,2026-08-19,17,宮島,一般,１１２６１５５　４２３,2026-07-28,2026-08-02,16,児島,一般,５３２２１２１　３３３４,2026-07-18,2026-07-22,10,三国,一般,６５１　１１１２[３],2026-07-09,2026-07-13,14,鳴門,一般,１６１　６３,4396,大田 直弥,2026-08-30,2026-09-02,21,芦屋,一般,４　５４４４５４,2026-08-15,2026-08-20,18,徳山,一般,５３４　６　６４３　２６,2026-08-03,2026-08-08,17,宮島,一般,６　３５１　６２４４５,2026-07-22,2026-07-26,13,尼崎,一般,３６４　３４６　２,2026-07-10,2026-07-13,19,下関,一般,４４２６２　４３,5033,藤原 孝斗,2026-08-22,2026-08-27,08,常滑,ＧⅢ,３　２６１　２６２６２６,2026-08-05,2026-08-10,09,津,一般,２４５　４５１　５４３,2026-07-24,2026-07-27,02,戸田,一般,５１５　４４３,2026-07-14,2026-07-17,24,大村,一般,４４３　４　２５,2026-07-01,2026-07-06,22,福岡,一般,５　５４６　２３２　１２,4094,中島 真二,2026-08-24,2026-08-28,15,丸亀,一般,６　６３２　１　２３,2026-08-12,2026-08-17,22,福岡,一般,５　４４４　６２６４３,2026-07-24,2026-07-29,17,宮島,一般,５　３３４　３４６２４４,2026-07-15,2026-07-19,08,常滑,一般,３　３６５２４　１６,2026-07-02,2026-07-06,21,芦屋,一般,６６４　５６
202609122009,2026-09-12,20,09R,4600,井内 将太郎,2026-08-30,2026-09-02,21,芦屋,一般,５６２６１　２４,2026-07-24,2026-07-29,17,宮島,一般,３１１　２６１１３１[４],2026-06-17,2026-06-22,24,大村,ＧⅡ,１４６　２　F４６　５,2026-06-05,2026-06-10,18,徳山,一般,１３４２５　１２１２[５],2026-05-19,2026-05-23,16,児島,一般,１６６３１２１１[６],4209,藤田 竜弘,2026-08-26,2026-08-31,11,びわこ,一般,４２１　１３３３５６１６,2026-08-11,2026-08-16,07,蒲郡,一般,４　１２３４２　４５３３,2026-07-29,2026-08-01,18,徳山,一般,３　１１３２[５],2026-07-19,2026-07-23,05,多摩川,一般,２１２２２　４１[３],2026-07-10,2026-07-15,06,浜名湖,一般,３　５４５　４５１　４３,5382,山下 心一,2026-08-23,2026-08-27,18,徳山,一般,５　６６６６５　５５,2026-08-10,2026-08-15,21,芦屋,一般,６　４６６　６６５　６６,2026-07-29,2026-08-03,22,福岡,一般,　　　　　　　　　　４５,2026-07-24,2026-07-27,06,浜名湖,一般,５　６６５　３６,2026-07-17,2026-07-22,16,児島,ＧⅢ,６　６６３　５５６　６５,5014,梶山 涼斗,2026-08-03,2026-08-08,17,宮島,一般,６　２４４　４６５２３,2026-07-22,2026-07-26,13,尼崎,一般,６５６　６６６　２,2026-06-30,2026-07-05,23,からつ,一般,１２５　F６５　５　５,2026-06-17,2026-06-20,07,蒲郡,一般,３５２　１１４４,2026-05-30,2026-06-03,12,住之江,一般,転６４　３　２　３６,4009,小林 一樹,2026-08-27,2026-09-01,07,蒲郡,一般,４３１　２６２　１４１６,2026-08-11,2026-08-16,19,下関,一般,１　２２３　６F４　４,2026-07-29,2026-08-01,18,徳山,一般,６２２　５１３４,2026-07-20,2026-07-25,15,丸亀,一般,２５４　６１３　３４２３,2026-07-04,2026-07-09,01,桐生,一般,２　４６４２１　４５,4273,佐藤 旭,2026-08-30,2026-09-02,21,芦屋,一般,６４２　５３３２,2026-08-15,2026-08-20,09,津,一般,２　４３３　３４４６５６,2026-07-28,2026-08-02,16,児島,一般,３　３４４６３　４２２３,2026-07-15,2026-07-19,08,常滑,一般,３１１２５　４３３１,2026-07-05,2026-07-09,05,多摩川,一般,５３５５６　１　４６
202609122010,2026-09-12,20,10R,4357,田中 和也,2026-08-15,2026-08-20,09,津,一般,１１２３４３５　１３１２,2026-08-08,2026-08-11,05,多摩川,一般,４３１５５１６３,2026-07-31,2026-08-04,13,尼崎,一般,１４４５５２２　４１,2026-07-22,2026-07-25,24,大村,一般,２１転４１１４,2026-07-07,2026-07-12,08,常滑,一般,２６４３２２２１２２[４],3880,浅見 宗孝,2026-08-28,2026-09-02,05,多摩川,ＧⅢ,５６５　５　４６２　６５,2026-08-12,2026-08-17,02,戸田,一般,３６３　４６６　３４３,2026-07-23,2026-07-28,03,江戸川,ＧⅢ,２　４４５　６５４５６,2026-07-11,2026-07-14,04,平和島,一般,６６３　１３３,2026-06-04,2026-06-08,08,常滑,一般,３　３２３４２５１３,5219,森口 和紀,2026-08-29,2026-09-03,19,下関,一般,　　　　　　　　４４２,2026-08-22,2026-08-27,22,福岡,一般,２２３　１１４６５１[５],2026-08-10,2026-08-15,21,芦屋,一般,５３１　６　２３５４２１,2026-07-30,2026-08-04,08,常滑,一般,４　１６４　４４３２１,2026-07-17,2026-07-22,16,児島,ＧⅢ,５　エ５２　５３落　２６,4551,三川 昂暁,2026-08-28,2026-08-31,23,からつ,一般,６３４１１５５４,2026-08-20,2026-08-23,02,戸田,一般,１１４　３３F１,2026-08-10,2026-08-15,21,芦屋,一般,６３５４４　２２５　２３,2026-07-23,2026-07-27,01,桐生,一般,３１１１５３４５１２,2026-07-10,2026-07-15,22,福岡,一般,５５６４１　５４３　４１,3362,間嶋 仁志,2026-08-24,2026-08-29,13,尼崎,一般,２３１　２　３４５６１４,2026-08-07,2026-08-11,15,丸亀,一般,１１６４３　２６１６,2026-07-27,2026-07-31,19,下関,一般,２４４　３５２　４５,2026-07-17,2026-07-20,02,戸田,一般,２４２　１２３３,2026-07-05,2026-07-09,05,多摩川,一般,５６５　４３５　２２,4230,濱崎 直矢,2026-08-27,2026-08-31,04,平和島,一般,１　４３３５１１４６,2026-08-12,2026-08-17,02,戸田,一般,２　１６６　１１４　１６,2026-08-03,2026-08-08,17,宮島,一般,１　F６４　６　６　３,2026-07-24,2026-07-27,06,浜名湖,一般,２　１６４３２３,2026-07-14,2026-07-19,01,桐生,一般,転１１　１１２　３２[３]
202609122011,2026-09-12,20,11R,3999,大瀧 明日香,2026-08-24,2026-08-29,13,尼崎,一般,３６３　１２４　２６４３,2026-08-10,2026-08-15,08,常滑,一般,１２１２４３２　４２[６],2026-07-03,2026-07-08,12,住之江,一般,２２４　４　１落２３１５,2026-06-21,2026-06-26,16,児島,一般,１５１　６５１５４４２６,2026-06-12,2026-06-17,22,福岡,ＧⅢ,１６２４３　２５１４４,4373,若狭 奈美子,2026-08-18,2026-08-23,16,児島,一般,５５３２１　３５５４３１,2026-08-06,2026-08-11,18,徳山,ＧⅠ,４１６　６　３６２　５,2026-07-23,2026-07-28,21,芦屋,一般,２　１３４１１２１２[４],2026-06-12,2026-06-17,22,福岡,ＧⅢ,３４３　１５５３２４３３,2026-06-04,2026-06-08,08,常滑,一般,４２１５１２１　１４,4891,寺島 美里,2026-08-26,2026-08-30,14,鳴門,一般,４４６　２　２４２３,2026-08-12,2026-08-17,24,大村,ＧⅢ,３　３１４　２１４６１５,2026-07-25,2026-07-30,04,平和島,一般,５１４　２６３　５３４１,2026-07-12,2026-07-16,05,多摩川,一般,５５６　１２４　２３,2026-06-21,2026-06-26,16,児島,一般,２２５　６３４　３５１,4014,片岡 恵里,2026-07-31,2026-08-05,01,桐生,ＧⅢ,１４３　２５４６１３３１,2026-07-19,2026-07-24,19,下関,ＧⅢ,１　１２２２１２４１[５],2026-07-07,2026-07-12,11,びわこ,一般,６　５２１４５１３　１４,2026-06-24,2026-06-29,12,住之江,一般,４　１３４　F５３　５,2026-06-15,2026-06-20,21,芦屋,一般,１４２５１　５６５３３５,4484,稲生 夏季,2026-08-30,2026-09-04,06,浜名湖,ＧⅢ,４　３３２４２　１５３５,2026-08-11,2026-08-16,04,平和島,一般,２６６　５　４５３　４３,2026-07-19,2026-07-24,19,下関,ＧⅢ,３３２　３４１６２５２６,2026-07-09,2026-07-13,14,鳴門,一般,２６４　３１１３３４,2026-06-20,2026-06-25,06,浜名湖,一般,１２６　５６３　３４４,5248,本田 愛,2026-08-30,2026-09-04,06,浜名湖,ＧⅢ,３　１１５　１２２２[３],2026-08-11,2026-08-16,06,浜名湖,一般,２　３６２　２２１転６,2026-07-23,2026-07-28,21,芦屋,一般,６　６６４　６２５３３１,2026-07-10,2026-07-15,06,浜名湖,一般,４５３　１４１　１５１２,2026-06-21,2026-06-26,16,児島,一般,３　２５２　６６２　５１
202609122012,2026-09-12,20,12R,3833,中辻 博訓,2026-08-28,2026-08-31,23,からつ,一般,３１２６２５１５,2026-08-03,2026-08-08,04,平和島,ＧⅢ,５５欠,2026-07-24,2026-07-29,17,宮島,一般,２５２４４　１２１４１３,2026-07-14,2026-07-19,21,芦屋,一般,１４４４２　４５１　１２,2026-07-03,2026-07-08,12,住之江,一般,１３１　１２１　４１[５],4424,松尾 昂明,2026-08-26,2026-08-31,11,びわこ,一般,１６２　１３４４４２[６],2026-08-12,2026-08-17,22,福岡,一般,２４６３３１３　２５４４,2026-07-28,2026-08-02,15,丸亀,一般,３　２２４６４　５１４,2026-07-14,2026-07-19,01,桐生,一般,２５１３３　１　５２[６],2026-06-30,2026-07-05,23,からつ,一般,４　６２１４５５５１３,3388,今垣 光太郎,2026-08-29,2026-09-03,16,児島,一般,１２２　２１２６４１[３],2026-06-17,2026-06-22,24,大村,ＧⅡ,３　３　６１２　４　１２,2026-06-05,2026-06-10,01,桐生,一般,１６１　３４３１５３３１,2026-05-26,2026-05-31,06,浜名湖,ＳＧ,４　６３５　４　３４１,2026-05-15,2026-05-20,21,芦屋,ＧⅠ,２　５　２６６　５１６,4296,岡崎 恭裕,2026-08-24,2026-08-28,15,丸亀,一般,３３２２５２１５１３,2026-08-12,2026-08-17,22,福岡,一般,３４１　４１６１２４１３,2026-08-03,2026-08-08,17,宮島,一般,４３２　１５２１２３２３,2026-07-22,2026-07-26,13,尼崎,一般,１３４３１　２４１３,2026-07-13,2026-07-18,07,蒲郡,ＧⅡ,１　６５３　５　４６３,3737,上平 真二,2026-08-25,2026-08-30,17,宮島,一般,６５,2026-08-03,2026-08-08,19,下関,一般,２４１１３　１妨,2026-07-23,2026-07-27,01,桐生,一般,２１１２３４３１[３],2026-07-09,2026-07-13,16,児島,一般,３１１３３６１３２２,2026-06-22,2026-06-27,22,福岡,一般,１１３　１２４３１落４,5316,村松 将平,2026-08-22,2026-08-27,22,福岡,一般,３　１１４６４５５　３２,2026-08-11,2026-08-16,07,蒲郡,一般,３６２　５　６６４　２３,2026-07-27,2026-08-01,10,三国,一般,１６１　転２２　４６２４,2026-07-19,2026-07-23,05,多摩川,一般,１４３３６　２４５２,2026-06-11,2026-06-16,16,児島,一般,６　３２１　３３４６６５
202609122101,2026-09-12,21,01R,5160,藤森 陸斗,2026-08-26,2026-08-31,11,びわこ,一般,１　５５２５１５１５３１,2026-08-20,2026-08-23,24,大村,一般,２　３４１４４１,2026-08-12,2026-08-17,22,福岡,一般,６　３４４４３エ６　３,2026-08-03,2026-08-08,17,宮島,一般,２２５　１５４６４　１５,2026-07-19,2026-07-24,22,福岡,ＧⅢ,６　３２５,5208,屋良 龍紀,2026-08-22,2026-08-26,20,若松,一般,５３５　６５６　４５,2026-08-11,2026-08-16,19,下関,一般,５　２３５　６１６　２３,2026-07-01,2026-07-06,07,蒲郡,一般,３３３　５　２５３　転２,2026-06-11,2026-06-16,03,江戸川,一般,５５６　３５,2026-06-02,2026-06-08,10,三国,一般,５　２６３２５　５F４,4652,酒見 峻介,2026-08-22,2026-08-27,22,福岡,一般,５４５　６４６　２６４,2026-08-09,2026-08-14,23,からつ,一般,４６６　５４６　５３１,2026-07-24,2026-07-29,17,宮島,一般,１　３２２　３３２　４４,2026-07-10,2026-07-13,19,下関,一般,４　１６３６４,2026-06-26,2026-07-02,24,大村,一般,６　５６,5317,長尾 萌加,2026-08-18,2026-08-23,16,児島,一般,１４１　５５２　１２F３,2026-08-08,2026-08-13,16,児島,一般,３　３６３　３６３　６６,2026-07-25,2026-07-30,04,平和島,一般,４４５　３　１３４３４６,2026-07-15,2026-07-19,17,宮島,一般,６２５　１　２２３３,2026-06-21,2026-06-26,16,児島,一般,２５５　３４４　５　６６,3998,冨成 謙児,2026-08-24,2026-08-28,15,丸亀,一般,２６４　６　２６１５,2026-08-09,2026-08-14,23,からつ,一般,３　３６４４６　５　５４,2026-07-31,2026-08-05,06,浜名湖,ＧⅢ,３５１　５６５　５　５５,2026-07-21,2026-07-26,23,からつ,一般,５　５２６　２４６２３,2026-07-03,2026-07-08,13,尼崎,一般,５６５　５６４　２　６,5469,今泉 博人,2026-08-20,2026-08-23,23,からつ,一般,６　５６５６５,2026-07-28,2026-08-02,15,丸亀,一般,６　６６５６６　４　４３,2026-07-10,2026-07-15,23,からつ,一般,５　５６６　６６６６４,2026-06-22,2026-06-27,22,福岡,一般,６　６５６　落６６　４５,2026-05-31,2026-06-05,20,若松,一般,６６５　６　６６６　６
202609122102,2026-09-12,21,02R,4675,井手 良太,2026-08-26,2026-08-30,14,鳴門,一般,５　５３２６１　１２,2026-08-14,2026-08-19,17,宮島,一般,６欠,2026-07-29,2026-08-03,23,からつ,一般,４　２３２　５４２　１４,2026-07-22,2026-07-25,24,大村,一般,１　１４５３５５,2026-06-28,2026-07-02,05,多摩川,一般,１３６　２３１１[３],5143,常盤 海心,2026-08-22,2026-08-27,22,福岡,一般,５　４４１　２５３　６３,2026-08-04,2026-08-09,12,住之江,一般,６　３４６　１６６　４,2026-07-22,2026-07-27,14,鳴門,一般,３　２５５６２３６　２６,2026-07-10,2026-07-15,23,からつ,一般,２４２　３３４　４４６６,2026-06-29,2026-07-03,11,びわこ,一般,２６６　６　３３４,4092,岡部 大輔,2026-08-22,2026-08-26,20,若松,一般,２５１１６　３６３６,2026-08-06,2026-08-10,24,大村,一般,１３２　６４４４１４,2026-07-21,2026-07-26,23,からつ,一般,２１２　２６４　５４４３,2026-07-11,2026-07-14,04,平和島,一般,４６２　４６２,2026-06-26,2026-07-02,24,大村,一般,３２６　４　１５１４３４１６,4137,君島 秀三,2026-08-24,2026-08-29,13,尼崎,一般,５２１４５　２３,2026-08-15,2026-08-20,11,びわこ,一般,１４１　３２３５１５１６,2026-08-04,2026-08-09,12,住之江,一般,３５３１１　１２２２[６],2026-07-28,2026-07-31,24,大村,一般,１３１４３５１５,2026-07-12,2026-07-16,05,多摩川,一般,４５２１３３４３４１,5447,岡本 亜子,2026-08-08,2026-08-13,16,児島,一般,６　６６５　６６６　６６,2026-07-31,2026-08-04,13,尼崎,一般,６　６６６　６６６,2026-07-09,2026-07-13,16,児島,一般,６　６６６　５６６,2026-06-28,2026-07-01,10,三国,一般,６　６６６　６６,2026-06-05,2026-06-10,18,徳山,一般,６　６　６６６　６６６,4966,田川 大貴,2026-08-21,2026-08-26,06,浜名湖,一般,１　４５２６３３４４１５,2026-08-06,2026-08-10,24,大村,一般,３４F５２　３　６,2026-07-19,2026-07-24,22,福岡,ＧⅢ,６　５４２　３６６２２,2026-07-07,2026-07-12,20,若松,ＧⅢ,５４妨　５６２　６　１６,2026-06-27,2026-07-01,02,戸田,一般,３４４４５　１　２３
202609122103,2026-09-12,21,03R,4861,田中 宏樹,2026-08-26,2026-08-30,14,鳴門,一般,２　２４２５１６５,2026-08-07,2026-08-12,20,若松,一般,２　３３６３３４４６６,2026-07-29,2026-08-03,23,からつ,一般,５３２　４５３２１３１３,2026-07-20,2026-07-25,15,丸亀,一般,４４２　４３５６３　４２,2026-07-10,2026-07-15,22,福岡,一般,４６１５４　１５３　２４,4521,小池 公生,2026-08-24,2026-08-28,15,丸亀,一般,６５３　３　６３５３,2026-08-07,2026-08-12,20,若松,一般,３２６　１５３３２３３４,2026-07-28,2026-07-31,24,大村,一般,４　５２４　１３,2026-06-21,2026-06-26,16,児島,一般,１　１６３３２３４６６６,2026-06-11,2026-06-16,10,三国,一般,２　２３６２１４４４２１,4812,西野 雄貴,2026-08-27,2026-09-01,07,蒲郡,一般,４４１３１６２１１３１１,2026-08-20,2026-08-23,23,からつ,一般,１３２１１１[１],2026-08-05,2026-08-10,14,鳴門,一般,２１３１３３２　２１[３],2026-07-28,2026-07-31,24,大村,一般,１５２１２２[３],2026-07-04,2026-07-09,01,桐生,一般,６２４　１４１,4744,伊藤 玲奈,2026-08-26,2026-08-30,14,鳴門,一般,５５６　４　５１４６,2026-08-12,2026-08-17,24,大村,ＧⅢ,４　２６３　６５３　３６,2026-07-27,2026-08-01,10,三国,一般,５　３６４　２４３　１,2026-07-13,2026-07-18,13,尼崎,ＧⅢ,３４２　１　２３４５１５,2026-06-24,2026-06-29,12,住之江,一般,５　欠欠,4437,中田 元泰,2026-08-27,2026-08-31,04,平和島,一般,２５１　３３４３[５],2026-08-17,2026-08-21,15,丸亀,一般,１４３４３２１３１４,2026-08-03,2026-08-08,19,下関,一般,３３２　１５１　１４２２,2026-07-22,2026-07-25,24,大村,一般,１　４１３１[２],2026-07-13,2026-07-18,07,蒲郡,ＧⅡ,５　６　３６２２４　６,3357,福島 陽子,2026-08-30,2026-09-04,06,浜名湖,ＧⅢ,２５６　６４３　４　５３,2026-08-08,2026-08-13,16,児島,一般,１　５５３　６６５　５３,2026-07-19,2026-07-24,19,下関,ＧⅢ,１　６６３６５　６　３６,2026-07-05,2026-07-09,24,大村,一般,６　４５２　４　６５,2026-06-12,2026-06-17,22,福岡,ＧⅢ,５４３　６４３　６　５４
202609122104,2026-09-12,21,04R,4848,仲谷 颯仁,2026-08-25,2026-08-30,01,桐生,ＳＧ,１３６　２　４６６　３,2026-08-17,2026-08-21,13,尼崎,一般,２６２２２１１３１４,2026-08-07,2026-08-12,20,若松,一般,３１３１３１２　３１[２],2026-07-28,2026-08-02,11,びわこ,ＳＧ,４　４１３　３２１　[３],2026-07-18,2026-07-22,10,三国,一般,３２２３１２５１[２],4408,仁科 さやか,2026-08-26,2026-08-30,14,鳴門,一般,３　２６６６６　６,2026-08-12,2026-08-17,24,大村,ＧⅢ,６　４３６　１６１　５６,2026-07-31,2026-08-05,01,桐生,ＧⅢ,５　４４５　５６４　６２,2026-07-13,2026-07-18,13,尼崎,ＧⅢ,６　２６１　４６５　３４,2026-06-25,2026-06-29,18,徳山,一般,２　４４６　２６２６,3837,秋山 広一,2026-08-27,2026-08-31,04,平和島,一般,２５１３４　３１１４,2026-08-17,2026-08-21,15,丸亀,一般,２２５３１４２　３２,2026-07-29,2026-08-03,22,福岡,一般,３５３６２　４,2026-07-16,2026-07-21,11,びわこ,一般,２　４１１５３３４２[６],2026-07-03,2026-07-08,12,住之江,一般,３２３　３１１　２１[３],4443,津田 裕絵,2026-08-17,2026-08-20,20,若松,一般,１３５　４４４１,2026-08-03,2026-08-08,17,宮島,一般,４２３　２６２　３１１,2026-07-25,2026-07-30,04,平和島,一般,５２４　２６２　１１１５,2026-07-10,2026-07-15,06,浜名湖,一般,４　２５３　５５２　４４,2026-06-21,2026-06-26,16,児島,一般,４　５５２４２　２５３１,4991,宗行 治哉,2026-08-25,2026-08-30,17,宮島,一般,２１２６４４１　３３１６,2026-08-17,2026-08-21,13,尼崎,一般,１６４５５,2026-08-04,2026-08-09,10,三国,一般,３５２５４　１４２　１５,2026-07-10,2026-07-14,09,津,一般,３　１１１３１１[４],2026-06-30,2026-07-05,23,からつ,一般,３　３３４４２１２４１５,4834,浜本 裕己,2026-08-27,2026-09-01,07,蒲郡,一般,２４１　３２４　２４２３,2026-08-13,2026-08-18,12,住之江,一般,６４３　３２１　２　F５,2026-07-31,2026-08-05,05,多摩川,一般,３１１　４４５　３３４２,2026-07-24,2026-07-27,12,住之江,一般,１２５　１４３２,2026-07-15,2026-07-21,12,住之江,一般,２１４　１５４　１６２５４５
202609122105,2026-09-12,21,05R,4384,鶴本 崇文,2026-08-29,2026-09-03,16,児島,一般,４　５４３６６４,2026-08-14,2026-08-19,10,三国,一般,２　５４１３４３３４３２,2026-07-31,2026-08-05,05,多摩川,一般,３２２２６　５４５　５,2026-07-22,2026-07-26,13,尼崎,一般,５２２１４３２２[６],2026-06-24,2026-06-29,09,津,一般,４,4652,酒見 峻介,2026-08-22,2026-08-27,22,福岡,一般,５４５　６４６　２６４,2026-08-09,2026-08-14,23,からつ,一般,４６６　５４６　５３１,2026-07-24,2026-07-29,17,宮島,一般,１　３２２　３３２　４４,2026-07-10,2026-07-13,19,下関,一般,４　１６３６４,2026-06-26,2026-07-02,24,大村,一般,６　５６,5383,中村 楓,2026-08-30,2026-09-03,08,常滑,一般,５　６５６　５６５６,2026-08-20,2026-08-23,02,戸田,一般,６　６４４１６３,2026-07-31,2026-08-05,05,多摩川,一般,６　６５３　５５３　４６,2026-07-15,2026-07-21,12,住之江,一般,５６４　６５４　５　６５５,2026-07-01,2026-07-06,22,福岡,一般,６　５６３　５５４　５６,4594,谷川 祐一,2026-08-28,2026-09-02,05,多摩川,ＧⅢ,２　１２５２３６４４１３,2026-08-15,2026-08-20,09,津,一般,２２３　５５５　２　４１,2026-07-31,2026-08-03,20,若松,一般,１１４２１３４３,2026-07-17,2026-07-22,16,児島,ＧⅢ,４２３　４　３２２２[６],2026-07-05,2026-07-09,24,大村,一般,３３４　１３２２[６],3541,三嶌 誠司,2026-08-25,2026-08-30,17,宮島,一般,２３３　２３３２４４１２,2026-08-17,2026-08-20,20,若松,一般,３３４　３２１１,2026-07-31,2026-08-05,06,浜名湖,ＧⅢ,１３６３転　２５５　４１,2026-07-18,2026-07-21,04,平和島,一般,３１４　３３５４,2026-07-07,2026-07-12,08,常滑,一般,３３１３５２４　１５１３,4389,伊藤 喜智,2026-08-25,2026-08-30,17,宮島,一般,３　３５４４４５,2026-08-13,2026-08-18,12,住之江,一般,４２３　４６３　５　６３,2026-07-31,2026-08-05,05,多摩川,一般,２　５３２　１５１２[５],2026-07-24,2026-07-27,06,浜名湖,一般,６６４４３　５,2026-07-14,2026-07-19,01,桐生,一般,３　２２５　３１４３１５
202609122106,2026-09-12,21,06R,3843,上之 晃弘,2026-08-22,2026-08-27,08,常滑,ＧⅢ,２６６　３５１　６３６５,2026-08-06,2026-08-10,24,大村,一般,６５６　６３５　４５,2026-07-16,2026-07-21,11,びわこ,一般,３　５６５４５　転４,2026-07-04,2026-07-09,18,徳山,一般,２４６４６　４１６６１,2026-06-22,2026-06-27,22,福岡,一般,５５６　４２２　４４３,4330,奈須 啓太,2026-08-25,2026-08-30,17,宮島,一般,１６３３１　２５１５１４,2026-08-12,2026-08-17,22,福岡,一般,４　１４６５５６２　５４,2026-07-31,2026-08-04,13,尼崎,一般,５５５　１６３　３２,2026-07-21,2026-07-26,23,からつ,一般,４４１６１　４６１　１５,2026-07-10,2026-07-15,22,福岡,一般,１　３３６５２２１６１４,5317,長尾 萌加,2026-08-18,2026-08-23,16,児島,一般,１４１　５５２　１２F３,2026-08-08,2026-08-13,16,児島,一般,３　３６３　３６３　６６,2026-07-25,2026-07-30,04,平和島,一般,４４５　３　１３４３４６,2026-07-15,2026-07-19,17,宮島,一般,６２５　１　２２３３,2026-06-21,2026-06-26,16,児島,一般,２５５　３４４　５　６６,4638,小林 遼太,2026-08-22,2026-08-27,08,常滑,ＧⅢ,６　４５２　４５３　６５,2026-08-07,2026-08-12,20,若松,一般,１　２６３５６２１　４５,2026-07-24,2026-07-29,17,宮島,一般,５３４　１３１　１６２６,2026-07-14,2026-07-19,01,桐生,一般,３６１　３４２　１４１３,2026-06-30,2026-07-05,06,浜名湖,一般,１　２２５４３２１４３３,5457,山田 陽翔,2026-08-19,2026-08-24,19,下関,一般,６　６６６　５６６　６６,2026-08-06,2026-08-10,24,大村,一般,６　６５５６６　６４,2026-07-24,2026-07-29,17,宮島,一般,６　６６６　６６６　６６,2026-06-26,2026-07-02,24,大村,一般,６　５６欠　６６６　６６６６,2026-06-09,2026-06-14,23,からつ,一般,６　６６６６６　５６６,3473,石川 真二,2026-08-26,2026-08-31,11,びわこ,一般,３５２６１　２３１２[４],2026-08-17,2026-08-20,20,若松,一般,１１１１１２[４],2026-08-06,2026-08-10,24,大村,一般,２　１１２２１４１２,2026-07-22,2026-07-26,13,尼崎,一般,１４１５１１１１[１],2026-07-09,2026-07-13,16,児島,一般,２１２１２４１１[５]
202609122107,2026-09-12,21,07R,3998,冨成 謙児,2026-08-24,2026-08-28,15,丸亀,一般,２６４　６　２６１５,2026-08-09,2026-08-14,23,からつ,一般,３　３６４４６　５　５４,2026-07-31,2026-08-05,06,浜名湖,ＧⅢ,３５１　５６５　５　５５,2026-07-21,2026-07-26,23,からつ,一般,５　５２６　２４６２３,2026-07-03,2026-07-08,13,尼崎,一般,５６５　５６４　２　６,4853,前原 哉,2026-08-30,2026-09-04,06,浜名湖,ＧⅢ,４　５５３　４６５　４３,2026-08-18,2026-08-23,16,児島,一般,６　５４５　６５４　１２,2026-08-08,2026-08-13,16,児島,一般,６５６　６　４６４　１５,2026-07-28,2026-08-02,15,丸亀,一般,　　　　　　　　６　３４,2026-07-25,2026-07-30,04,平和島,一般,３１５　４５４　３４２４,4020,川上 清人,2026-08-17,2026-08-20,20,若松,一般,４４５　６　６４,2026-08-07,2026-08-11,15,丸亀,一般,４６４　６５６　３,2026-07-27,2026-07-31,19,下関,一般,２６１４６　２６３,2026-07-18,2026-07-22,10,三国,一般,４４５　５　４６２,2026-07-05,2026-07-09,24,大村,一般,４５６　２　５５３,5143,常盤 海心,2026-08-22,2026-08-27,22,福岡,一般,５　４４１　２５３　６３,2026-08-04,2026-08-09,12,住之江,一般,６　３４６　１６６　４,2026-07-22,2026-07-27,14,鳴門,一般,３　２５５６２３６　２６,2026-07-10,2026-07-15,23,からつ,一般,２４２　３３４　４４６６,2026-06-29,2026-07-03,11,びわこ,一般,２６６　６　３３４,4744,伊藤 玲奈,2026-08-26,2026-08-30,14,鳴門,一般,５５６　４　５１４６,2026-08-12,2026-08-17,24,大村,ＧⅢ,４　２６３　６５３　３６,2026-07-27,2026-08-01,10,三国,一般,５　３６４　２４３　１,2026-07-13,2026-07-18,13,尼崎,ＧⅢ,３４２　１　２３４５１５,2026-06-24,2026-06-29,12,住之江,一般,５　欠欠,3873,別府 昌樹,2026-08-24,2026-08-28,15,丸亀,一般,３　２３２　２欠,2026-08-16,2026-08-19,14,鳴門,一般,６　３１３３３４,2026-07-31,2026-08-04,13,尼崎,一般,２　５６２　４５２４,2026-07-15,2026-07-21,12,住之江,一般,３　２５２　１３１５３２６４,2026-06-29,2026-07-04,08,常滑,一般,３１４　２５１４４５３４
202609122108,2026-09-12,21,08R,4092,岡部 大輔,2026-08-22,2026-08-26,20,若松,一般,２５１１６　３６３６,2026-08-06,2026-08-10,24,大村,一般,１３２　６４４４１４,2026-07-21,2026-07-26,23,からつ,一般,２１２　２６４　５４４３,2026-07-11,2026-07-14,04,平和島,一般,４６２　４６２,2026-06-26,2026-07-02,24,大村,一般,３２６　４　１５１４３４１６,3509,池 千夏,2026-08-28,2026-08-31,23,からつ,一般,４　５５６　５３,2026-08-16,2026-08-19,14,鳴門,一般,６　５３５　４５,2026-07-31,2026-08-05,01,桐生,ＧⅢ,１６２　５６４　６５３,2026-07-13,2026-07-18,13,尼崎,ＧⅢ,３　６６５５３　５　４,2026-06-21,2026-06-24,19,下関,一般,６６５５４　３,4771,下寺 秀和,2026-08-28,2026-08-31,23,からつ,一般,１４３１５１[４],2026-08-14,2026-08-19,17,宮島,一般,１６３２２１３　３１[３],2026-07-28,2026-08-02,15,丸亀,一般,５２１　１２３１４２[３],2026-07-10,2026-07-14,09,津,一般,６３４２１　１６１５,2026-06-26,2026-07-01,17,宮島,一般,３３２　１３２１２１[２],4521,小池 公生,2026-08-24,2026-08-28,15,丸亀,一般,６５３　３　６３５３,2026-08-07,2026-08-12,20,若松,一般,３２６　１５３３２３３４,2026-07-28,2026-07-31,24,大村,一般,４　５２４　１３,2026-06-21,2026-06-26,16,児島,一般,１　１６３３２３４６６６,2026-06-11,2026-06-16,10,三国,一般,２　２３６２１４４４２１,5469,今泉 博人,2026-08-20,2026-08-23,23,からつ,一般,６　５６５６５,2026-07-28,2026-08-02,15,丸亀,一般,６　６６５６６　４　４３,2026-07-10,2026-07-15,23,からつ,一般,５　５６６　６６６６４,2026-06-22,2026-06-27,22,福岡,一般,６　６５６　落６６　４５,2026-05-31,2026-06-05,20,若松,一般,６６５　６　６６６　６,4261,岡 祐臣,2026-08-26,2026-08-31,11,びわこ,一般,１５４３６　４４１　４４,2026-08-15,2026-08-20,09,津,一般,１２３　６５３２１４２４,2026-08-08,2026-08-11,05,多摩川,一般,１１２　５４４６,2026-07-22,2026-07-27,14,鳴門,一般,４６３４１　６欠,2026-07-13,2026-07-18,07,蒲郡,ＧⅡ,５　１３１　２　６　４５
202609122109,2026-09-12,21,09R,4991,宗行 治哉,2026-08-25,2026-08-30,17,宮島,一般,２１２６４４１　３３１６,2026-08-17,2026-08-21,13,尼崎,一般,１６４５５,2026-08-04,2026-08-09,10,三国,一般,３５２５４　１４２　１５,2026-07-10,2026-07-14,09,津,一般,３　１１１３１１[４],2026-06-30,2026-07-05,23,からつ,一般,３　３３４４２１２４１５,4834,浜本 裕己,2026-08-27,2026-09-01,07,蒲郡,一般,２４１　３２４　２４２３,2026-08-13,2026-08-18,12,住之江,一般,６４３　３２１　２　F５,2026-07-31,2026-08-05,05,多摩川,一般,３１１　４４５　３３４２,2026-07-24,2026-07-27,12,住之江,一般,１２５　１４３２,2026-07-15,2026-07-21,12,住之江,一般,２１４　１５４　１６２５４５,5082,一色 凌雅,2026-08-22,2026-08-27,22,福岡,一般,１５４　１３３３２６１５,2026-08-10,2026-08-15,08,常滑,一般,２２２　３１４１１３３F,2026-07-31,2026-08-05,05,多摩川,一般,５　１６５４４　５３５,2026-07-18,2026-07-23,09,津,ＧⅢ,５　６　６５２　３５３２,2026-07-11,2026-07-16,03,江戸川,一般,１３５　１２３１４３[５],5447,岡本 亜子,2026-08-08,2026-08-13,16,児島,一般,６　６６５　６６６　６６,2026-07-31,2026-08-04,13,尼崎,一般,６　６６６　６６６,2026-07-09,2026-07-13,16,児島,一般,６　６６６　５６６,2026-06-28,2026-07-01,10,三国,一般,６　６６６　６６,2026-06-05,2026-06-10,18,徳山,一般,６　６　６６６　６６６,5160,藤森 陸斗,2026-08-26,2026-08-31,11,びわこ,一般,１　５５２５１５１５３１,2026-08-20,2026-08-23,24,大村,一般,２　３４１４４１,2026-08-12,2026-08-17,22,福岡,一般,６　３４４４３エ６　３,2026-08-03,2026-08-08,17,宮島,一般,２２５　１５４６４　１５,2026-07-19,2026-07-24,22,福岡,ＧⅢ,６　３２５,3541,三嶌 誠司,2026-08-25,2026-08-30,17,宮島,一般,２３３　２３３２４４１２,2026-08-17,2026-08-20,20,若松,一般,３３４　３２１１,2026-07-31,2026-08-05,06,浜名湖,ＧⅢ,１３６３転　２５５　４１,2026-07-18,2026-07-21,04,平和島,一般,３１４　３３５４,2026-07-07,2026-07-12,08,常滑,一般,３３１３５２４　１５１３
202609122110,2026-09-12,21,10R,4793,金子 萌,2026-08-27,2026-09-01,07,蒲郡,一般,１　１５３６２４５５３１,2026-08-11,2026-08-16,06,浜名湖,一般,１　４３３１５２３２[６],2026-07-27,2026-08-01,09,津,一般,５　６３,2026-07-12,2026-07-16,05,多摩川,一般,４６１　２５１　６２,2026-06-30,2026-07-05,16,児島,ＧⅡ,１　１６２　２　４　１６,4812,西野 雄貴,2026-08-27,2026-09-01,07,蒲郡,一般,４４１３１６２１１３１１,2026-08-20,2026-08-23,23,からつ,一般,１３２１１１[１],2026-08-05,2026-08-10,14,鳴門,一般,２１３１３３２　２１[３],2026-07-28,2026-07-31,24,大村,一般,１５２１２２[３],2026-07-04,2026-07-09,01,桐生,一般,６２４　１４１,4408,仁科 さやか,2026-08-26,2026-08-30,14,鳴門,一般,３　２６６６６　６,2026-08-12,2026-08-17,24,大村,ＧⅢ,６　４３６　１６１　５６,2026-07-31,2026-08-05,01,桐生,ＧⅢ,５　４４５　５６４　６２,2026-07-13,2026-07-18,13,尼崎,ＧⅢ,６　２６１　４６５　３４,2026-06-25,2026-06-29,18,徳山,一般,２　４４６　２６２６,4840,鈴木 秀茉,2026-08-22,2026-08-27,22,福岡,一般,６　５２２　６４４　６３,2026-08-11,2026-08-16,06,浜名湖,一般,１　２４６１２　４５５５,2026-07-23,2026-07-28,03,江戸川,ＧⅢ,６４５　４５５６３６４,2026-07-15,2026-07-19,17,宮島,一般,２　６３６３３　２６,2026-06-30,2026-07-05,23,からつ,一般,３１５　２２５３２６６６,4389,伊藤 喜智,2026-08-25,2026-08-30,17,宮島,一般,３　３５４４４５,2026-08-13,2026-08-18,12,住之江,一般,４２３　４６３　５　６３,2026-07-31,2026-08-05,05,多摩川,一般,２　５３２　１５１２[５],2026-07-24,2026-07-27,06,浜名湖,一般,６６４４３　５,2026-07-14,2026-07-19,01,桐生,一般,３　２２５　３１４３１５,4638,小林 遼太,2026-08-22,2026-08-27,08,常滑,ＧⅢ,６　４５２　４５３　６５,2026-08-07,2026-08-12,20,若松,一般,１　２６３５６２１　４５,2026-07-24,2026-07-29,17,宮島,一般,５３４　１３１　１６２６,2026-07-14,2026-07-19,01,桐生,一般,３６１　３４２　１４１３,2026-06-30,2026-07-05,06,浜名湖,一般,１　２２５４３２１４３３
202609122111,2026-09-12,21,11R,4437,中田 元泰,2026-08-27,2026-08-31,04,平和島,一般,２５１　３３４３[５],2026-08-17,2026-08-21,15,丸亀,一般,１４３４３２１３１４,2026-08-03,2026-08-08,19,下関,一般,３３２　１５１　１４２２,2026-07-22,2026-07-25,24,大村,一般,１　４１３１[２],2026-07-13,2026-07-18,07,蒲郡,ＧⅡ,５　６　３６２２４　６,4384,鶴本 崇文,2026-08-29,2026-09-03,16,児島,一般,４　５４３６６４,2026-08-14,2026-08-19,10,三国,一般,２　５４１３４３３４３２,2026-07-31,2026-08-05,05,多摩川,一般,３２２２６　５４５　５,2026-07-22,2026-07-26,13,尼崎,一般,５２２１４３２２[６],2026-06-24,2026-06-29,09,津,一般,４,4675,井手 良太,2026-08-26,2026-08-30,14,鳴門,一般,５　５３２６１　１２,2026-08-14,2026-08-19,17,宮島,一般,６欠,2026-07-29,2026-08-03,23,からつ,一般,４　２３２　５４２　１４,2026-07-22,2026-07-25,24,大村,一般,１　１４５３５５,2026-06-28,2026-07-02,05,多摩川,一般,１３６　２３１１[３],5261,岡 暢祐,2026-08-21,2026-08-26,03,江戸川,一般,２　６５２　４２１　１５,2026-08-07,2026-08-11,15,丸亀,一般,５　１３４　２３５４,2026-07-22,2026-07-25,24,大村,一般,６　６６６　３４,2026-07-10,2026-07-14,09,津,一般,３　４６４４５　４４,2026-06-25,2026-06-30,13,尼崎,一般,５４６　３６５　４　２６,4853,前原 哉,2026-08-30,2026-09-04,06,浜名湖,ＧⅢ,４　５５３　４６５　４３,2026-08-18,2026-08-23,16,児島,一般,６　５４５　６５４　１２,2026-08-08,2026-08-13,16,児島,一般,６５６　６　４６４　１５,2026-07-28,2026-08-02,15,丸亀,一般,　　　　　　　　６　３４,2026-07-25,2026-07-30,04,平和島,一般,３１５　４５４　３４２４,4850,野中 一平,2026-08-29,2026-09-03,19,下関,一般,１　１１６６２４１２[６],2026-08-10,2026-08-15,08,常滑,一般,１１１　４２３２３１[５],2026-07-25,2026-07-29,20,若松,一般,１２１　４４２５１２,2026-07-12,2026-07-16,05,多摩川,一般,２１４１３　５１[２],2026-06-30,2026-07-05,16,児島,ＧⅡ,５１１　６　１６３２６
202609122112,2026-09-12,21,12R,4137,君島 秀三,2026-08-24,2026-08-29,13,尼崎,一般,５２１４５　２３,2026-08-15,2026-08-20,11,びわこ,一般,１４１　３２３５１５１６,2026-08-04,2026-08-09,12,住之江,一般,３５３１１　１２２２[６],2026-07-28,2026-07-31,24,大村,一般,１３１４３５１５,2026-07-12,2026-07-16,05,多摩川,一般,４５２１３３４３４１,4261,岡 祐臣,2026-08-26,2026-08-31,11,びわこ,一般,１５４３６　４４１　４４,2026-08-15,2026-08-20,09,津,一般,１２３　６５３２１４２４,2026-08-08,2026-08-11,05,多摩川,一般,１１２　５４４６,2026-07-22,2026-07-27,14,鳴門,一般,４６３４１　６欠,2026-07-13,2026-07-18,07,蒲郡,ＧⅡ,５　１３１　２　６　４５,3873,別府 昌樹,2026-08-24,2026-08-28,15,丸亀,一般,３　２３２　２欠,2026-08-16,2026-08-19,14,鳴門,一般,６　３１３３３４,2026-07-31,2026-08-04,13,尼崎,一般,２　５６２　４５２４,2026-07-15,2026-07-21,12,住之江,一般,３　２５２　１３１５３２６４,2026-06-29,2026-07-04,08,常滑,一般,３１４　２５１４４５３４,3837,秋山 広一,2026-08-27,2026-08-31,04,平和島,一般,２５１３４　３１１４,2026-08-17,2026-08-21,15,丸亀,一般,２２５３１４２　３２,2026-07-29,2026-08-03,22,福岡,一般,３５３６２　４,2026-07-16,2026-07-21,11,びわこ,一般,２　４１１５３３４２[６],2026-07-03,2026-07-08,12,住之江,一般,３２３　３１１　２１[３],4861,田中 宏樹,2026-08-26,2026-08-30,14,鳴門,一般,２　２４２５１６５,2026-08-07,2026-08-12,20,若松,一般,２　３３６３３４４６６,2026-07-29,2026-08-03,23,からつ,一般,５３２　４５３２１３１３,2026-07-20,2026-07-25,15,丸亀,一般,４４２　４３５６３　４２,2026-07-10,2026-07-15,22,福岡,一般,４６１５４　１５３　２４,4330,奈須 啓太,2026-08-25,2026-08-30,17,宮島,一般,１６３３１　２５１５１４,2026-08-12,2026-08-17,22,福岡,一般,４　１４６５５６２　５４,2026-07-31,2026-08-04,13,尼崎,一般,５５５　１６３　３２,2026-07-21,2026-07-26,23,からつ,一般,４４１６１　４６１　１５,2026-07-10,2026-07-15,22,福岡,一般,１　３３６５２２１６１４
202609122401,2026-09-12,24,01R,4494,河合 佑樹,2026-08-25,2026-08-30,01,桐生,ＳＧ,５　２６６　１　６４４,2026-08-15,2026-08-20,09,津,一般,１１１２２　１２２１[１],2026-07-07,2026-07-12,02,戸田,ＧⅡ,５５２　５　６３５　２４,2026-06-23,2026-06-28,14,鳴門,ＳＧ,５６４　２　２３１　３５,2026-06-08,2026-06-13,13,尼崎,ＧⅠ,３　６５３　２　３２３,4543,重木 輝彦,2026-08-29,2026-09-03,16,児島,一般,４４１２３６１　１３２２,2026-08-20,2026-08-25,21,芦屋,一般,１２３　２２１２３１[４],2026-08-09,2026-08-14,13,尼崎,一般,４３１　４４２　４１２４,2026-07-31,2026-08-04,13,尼崎,一般,６３３１６１２　２１,2026-07-27,2026-08-01,09,津,一般,３６３,4075,中野 次郎,2026-08-30,2026-09-02,21,芦屋,一般,１５４２１３５１,2026-08-20,2026-08-23,04,平和島,一般,４１１１２３[１],2026-08-09,2026-08-15,03,江戸川,一般,３５１　５１２　３　[２],2026-07-28,2026-08-02,11,びわこ,ＳＧ,４４１　５　２６４　５４,2026-07-20,2026-07-25,15,丸亀,一般,１３２１６５１　３２[１],4715,村上 遼,2026-08-28,2026-08-31,23,からつ,一般,３１１６１４３４,2026-08-17,2026-08-21,13,尼崎,一般,４４１１３３２３６１,2026-08-06,2026-08-10,24,大村,一般,２１２６１１３２[４],2026-07-24,2026-07-29,17,宮島,一般,２４１１１１２　２１[３],2026-07-13,2026-07-18,07,蒲郡,ＧⅡ,５４３　５　４６２　５６,5016,宮田 龍馬,2026-08-26,2026-08-31,11,びわこ,一般,１５２１３２１　３１[１],2026-08-17,2026-08-21,13,尼崎,一般,１１１３３４１２[３],2026-08-05,2026-08-10,14,鳴門,一般,１　３５２４４２１４３２,2026-07-19,2026-07-24,22,福岡,ＧⅢ,３４１　４４５　４３３,2026-06-08,2026-06-13,13,尼崎,ＧⅠ,１　３３６　３　１２３６,4571,菅 章哉,2026-08-25,2026-08-30,01,桐生,ＳＧ,１　６　６６２　４４５,2026-08-17,2026-08-21,13,尼崎,一般,１３２３１１１１[２],2026-08-05,2026-08-10,14,鳴門,一般,１５１１１３１　１１[１],2026-06-23,2026-06-28,14,鳴門,ＳＧ,６　F　５４６　６　６,2026-06-08,2026-06-13,13,尼崎,ＧⅠ,５１６　１　４４６　１６
202609122402,2026-09-12,24,02R,4084,杉山 正樹,2026-08-21,2026-08-24,07,蒲郡,一般,１６１５１４１３,2026-08-10,2026-08-15,08,常滑,一般,５４１１２１３２３４１２,2026-07-31,2026-08-05,05,多摩川,一般,４　４１１２２３５４４１,2026-07-18,2026-07-21,20,若松,一般,３２４５１６３５,2026-07-03,2026-07-08,12,住之江,一般,４２２　４　３３２６２２,5028,原田 才一郎,2026-08-30,2026-09-03,08,常滑,一般,５４１１４１３２[６],2026-08-21,2026-08-26,03,江戸川,一般,１６１　２１２１５１[４],2026-08-07,2026-08-12,20,若松,一般,１　２３３４６１２２[４],2026-07-28,2026-07-31,24,大村,一般,１４１２１１[１],2026-07-19,2026-07-24,22,福岡,ＧⅢ,３１２　４４２　２６３１,3779,原田 幸哉,2026-07-28,2026-08-02,11,びわこ,ＳＧ,６２１　４　２６１　２４,2026-07-13,2026-07-18,07,蒲郡,ＧⅡ,３６５　６　５５１　６６,2026-07-04,2026-07-09,18,徳山,一般,１１３３１　４１２１[２],2026-06-23,2026-06-28,14,鳴門,ＳＧ,１　３６４　３　２２６６,2026-06-13,2026-06-18,08,常滑,ＧⅠ,４５１　５６,5051,松本 純平,2026-08-12,2026-08-17,02,戸田,一般,３２２３２１２　４　６２,2026-08-03,2026-08-08,04,平和島,ＧⅢ,２６５５,2026-07-22,2026-07-26,13,尼崎,一般,３３３２２３３３１１,2026-07-09,2026-07-13,14,鳴門,一般,１３３１３２５１[３],2026-06-28,2026-07-01,10,三国,一般,２転１２２　１５,4961,西橋 奈未,2026-08-24,2026-08-29,10,三国,一般,２１２　３３５１４４１５,2026-08-06,2026-08-11,18,徳山,ＧⅠ,３２２　３　５１２　[６],2026-07-25,2026-07-30,04,平和島,一般,２２１１２　１２３１[３],2026-07-18,2026-07-21,20,若松,一般,１６３１２３４２,2026-07-07,2026-07-12,02,戸田,ＧⅡ,４６５　４　５５３　１,3719,辻 栄蔵,2026-08-29,2026-09-03,19,下関,一般,２３４１４　１３２３３１,2026-08-14,2026-08-19,17,宮島,一般,１２１１６　１３３１[５],2026-07-28,2026-08-02,11,びわこ,ＳＧ,１　４５４　４　５６５,2026-07-13,2026-07-18,07,蒲郡,ＧⅡ,４５３　４１４　４３１,2026-06-27,2026-07-01,02,戸田,一般,３２５１２３４４２１
202609122403,2026-09-12,24,03R,4096,石橋 道友,2026-08-30,2026-09-02,21,芦屋,一般,６６,2026-08-19,2026-08-24,19,下関,一般,１４４　４１２２２２[４],2026-08-06,2026-08-10,24,大村,一般,１１１　１１２１[１],2026-07-20,2026-07-25,15,丸亀,一般,１４３５４　２１３３２１,2026-07-05,2026-07-09,24,大村,一般,６２２　３２１３４１,4398,船岡 洋一郎,2026-08-29,2026-09-03,19,下関,一般,３１４３１　２１４６３３,2026-08-14,2026-08-19,17,宮島,一般,１３４　６２５１１２[４],2026-08-05,2026-08-10,09,津,一般,４５１１４　１３２４３,2026-07-23,2026-07-28,03,江戸川,ＧⅢ,１４３　１５,2026-07-10,2026-07-15,23,からつ,一般,１２１　１３２１１１[２],5191,飛田 江己,2026-08-22,2026-08-27,22,福岡,一般,１　２５６１３１３３４１,2026-08-12,2026-08-17,02,戸田,一般,１４２１４　１１１　[４],2026-08-03,2026-08-08,19,下関,一般,１２１F３　４　３　３,2026-07-18,2026-07-23,09,津,ＧⅢ,４３５　２３２　１１１３,2026-07-01,2026-07-06,07,蒲郡,一般,６　１１４　３１４４１１,3783,瓜生 正義,2026-08-25,2026-08-30,01,桐生,ＳＧ,３　３２５　４　１３４６,2026-08-07,2026-08-12,20,若松,一般,１３３１３　１１５２[６],2026-07-28,2026-08-02,11,びわこ,ＳＧ,５４１　２　６６４　２,2026-07-13,2026-07-18,07,蒲郡,ＧⅡ,４　２２１３２　１　[４],2026-07-02,2026-07-07,04,平和島,一般,５１５１３２１　４６１４,4483,北野 輝季,2026-08-26,2026-08-31,11,びわこ,一般,５１２　１１１１３１[５],2026-08-17,2026-08-21,13,尼崎,一般,２５１１１１３１[１],2026-08-03,2026-08-08,04,平和島,ＧⅢ,３２１　３６２２４３１２,2026-07-22,2026-07-27,14,鳴門,一般,５３１２５　１２２３５２,2026-07-07,2026-07-12,20,若松,ＧⅢ,１２２２２　１６２２[６],5058,前原 大道,2026-08-30,2026-09-02,21,芦屋,一般,３２１１２２[５],2026-08-20,2026-08-23,02,戸田,一般,２１６２４１１２,2026-08-08,2026-08-13,16,児島,一般,４２１４６　１３妨２２,2026-07-31,2026-08-04,13,尼崎,一般,２６１１１３１１[５],2026-07-19,2026-07-24,22,福岡,ＧⅢ,３　２１３３６　５　１５
202609122404,2026-09-12,24,04R,3716,石渡 鉄兵,2026-08-25,2026-08-30,01,桐生,ＳＧ,３　２　３５４　１５４３,2026-08-09,2026-08-15,03,江戸川,一般,１　１６２　３１５　４４,2026-07-28,2026-08-02,11,びわこ,ＳＧ,３３４　３　６５４　６,2026-07-18,2026-07-21,04,平和島,一般,２２３１２１[３],2026-07-07,2026-07-12,02,戸田,ＧⅡ,３　４３４　５　５３５,4907,小池 修平,2026-08-28,2026-08-31,23,からつ,一般,２２２１５１[２],2026-08-13,2026-08-18,12,住之江,一般,５　３４４１５３４１４,2026-08-06,2026-08-09,02,戸田,一般,１２１２４　[５],2026-07-23,2026-07-28,03,江戸川,ＧⅢ,１　３１２　２落,2026-07-07,2026-07-12,20,若松,ＧⅢ,３４１３３１１　３２[５],4352,下條 雄太郎,2026-08-25,2026-08-30,01,桐生,ＳＧ,３　５　４３３　２３３３,2026-08-17,2026-08-21,13,尼崎,一般,２１３２５　４３１２,2026-08-06,2026-08-10,24,大村,一般,２　４１２２１１[３],2026-07-23,2026-07-28,21,芦屋,一般,１３１２２２３　１３３２,2026-07-11,2026-07-16,03,江戸川,一般,３２１　１１１　２１[１],3415,松井 繁,2026-08-25,2026-08-30,01,桐生,ＳＧ,５　１　５５４　１６３,2026-08-13,2026-08-18,12,住之江,一般,２３１　２５１　２２[５],2026-07-28,2026-08-02,11,びわこ,ＳＧ,６　６２５１４　３６２,2026-07-13,2026-07-18,07,蒲郡,ＧⅡ,３　５１４３２　５　１３,2026-07-03,2026-07-08,13,尼崎,一般,１１１２１　１６２１[２],4910,中村 泰平,2026-08-28,2026-09-02,05,多摩川,ＧⅢ,４５２１３　５５１　４４,2026-08-20,2026-08-23,23,からつ,一般,１６１２４２[４],2026-08-10,2026-08-15,08,常滑,一般,３１６４５　２１２３６１,2026-07-24,2026-07-27,02,戸田,一般,３３２１３３[５],2026-07-15,2026-07-19,08,常滑,一般,４１２１１１２１[１],4497,桑原 悠,2026-08-25,2026-08-30,01,桐生,ＳＧ,５　１　６５４　５２３,2026-08-17,2026-08-20,20,若松,一般,１２２１６１[１],2026-08-06,2026-08-10,24,大村,一般,１１２１４　４１[２],2026-07-21,2026-07-26,23,からつ,一般,１３３　２１１３３１[２],2026-07-07,2026-07-12,02,戸田,ＧⅡ,１　５３１　１　３　３１
202609122405,2026-09-12,24,05R,4335,若林 将,2026-08-15,2026-08-20,05,多摩川,一般,３２５４６　４３４　４,2026-08-04,2026-08-09,12,住之江,一般,３４２　３２４２１３５１,2026-07-23,2026-07-28,03,江戸川,ＧⅢ,２　２２２　２２１　[F],2026-07-10,2026-07-15,06,浜名湖,一般,１４１６１１３　３１[２],2026-07-01,2026-07-06,22,福岡,一般,１５１１５３１　３１[３],3952,中澤 和志,2026-08-30,2026-09-03,08,常滑,一般,１６１１２３１４１５,2026-08-21,2026-08-24,07,蒲郡,一般,３３１４４３３１,2026-08-12,2026-08-17,02,戸田,一般,３１１　４３５　１　１,2026-07-27,2026-08-01,09,津,一般,２２１,2026-07-18,2026-07-21,04,平和島,一般,４６２６１５３１,4688,永井 彪也,2026-08-27,2026-08-31,04,平和島,一般,１１１２５４１２[１],2026-08-15,2026-08-20,05,多摩川,一般,３３４６１　５１１４２２,2026-08-04,2026-08-09,10,三国,一般,３２３１２５２　３４１２,2026-07-23,2026-07-28,03,江戸川,ＧⅢ,２６２　１１４　５　３３,2026-07-10,2026-07-15,06,浜名湖,一般,３１３２１　２１４１[１],4174,赤坂 俊輔,2026-08-29,2026-09-03,16,児島,一般,１５４転,2026-08-20,2026-08-23,24,大村,一般,４２１５２５２５,2026-08-07,2026-08-11,15,丸亀,一般,２６４３１２２６４,2026-07-28,2026-07-31,24,大村,一般,２２１２４１[４],2026-07-18,2026-07-21,04,平和島,一般,１３１２１３[１],4571,菅 章哉,2026-08-25,2026-08-30,01,桐生,ＳＧ,１　６　６６２　４４５,2026-08-17,2026-08-21,13,尼崎,一般,１３２３１１１１[２],2026-08-05,2026-08-10,14,鳴門,一般,１５１１１３１　１１[１],2026-06-23,2026-06-28,14,鳴門,ＳＧ,６　F　５４６　６　６,2026-06-08,2026-06-13,13,尼崎,ＧⅠ,５１６　１　４４６　１６,4908,上田 龍星,2026-08-26,2026-08-30,14,鳴門,一般,１５３６１３６２[６],2026-08-15,2026-08-20,18,徳山,一般,１　２６２１４１３１[３],2026-08-07,2026-08-11,15,丸亀,一般,２２１２２３３１[４],2026-07-27,2026-08-01,09,津,一般,４３５,2026-07-18,2026-07-21,20,若松,一般,２５１１１２[６]
202609122406,2026-09-12,24,06R,4503,上野 真之介,2026-08-27,2026-09-01,07,蒲郡,一般,１１２３１２３２３１[２],2026-08-20,2026-08-23,04,平和島,一般,２３３２１１[５],2026-08-09,2026-08-14,23,からつ,一般,２１１１１　２４２３２１,2026-07-28,2026-08-02,11,びわこ,ＳＧ,１３５　４　１５１　６２,2026-07-10,2026-07-15,23,からつ,一般,２１１１１　２１１１[１],3983,須藤 博倫,2026-08-26,2026-08-30,14,鳴門,一般,１４２１４１１２[２],2026-08-12,2026-08-17,02,戸田,一般,１３３２３６１　５　１２,2026-07-31,2026-08-05,06,浜名湖,ＧⅢ,３１４３２５４　３６１３,2026-07-24,2026-07-27,02,戸田,一般,４２１６４１２６,2026-07-13,2026-07-18,07,蒲郡,ＧⅡ,５４２　１　２３１　[６],4524,深谷 知博,2026-08-29,2026-09-03,19,下関,一般,３１５　２１１２４１[３],2026-06-23,2026-06-28,14,鳴門,ＳＧ,３　１５５　５　３５５,2026-06-08,2026-06-13,13,尼崎,ＧⅠ,４　６４５３１　３　１,2026-05-26,2026-05-31,06,浜名湖,ＳＧ,５４３　２　５１３　５５,2026-05-15,2026-05-20,21,芦屋,ＧⅠ,５１３　４　６１４　３５,4543,重木 輝彦,2026-08-29,2026-09-03,16,児島,一般,４４１２３６１　１３２２,2026-08-20,2026-08-25,21,芦屋,一般,１２３　２２１２３１[４],2026-08-09,2026-08-14,13,尼崎,一般,４３１　４４２　４１２４,2026-07-31,2026-08-04,13,尼崎,一般,６３３１６１２　２１,2026-07-27,2026-08-01,09,津,一般,３６３,5051,松本 純平,2026-08-12,2026-08-17,02,戸田,一般,３２２３２１２　４　６２,2026-08-03,2026-08-08,04,平和島,ＧⅢ,２６５５,2026-07-22,2026-07-26,13,尼崎,一般,３３３２２３３３１１,2026-07-09,2026-07-13,14,鳴門,一般,１３３１３２５１[３],2026-06-28,2026-07-01,10,三国,一般,２転１２２　１５,4188,久田 敏之,2026-08-25,2026-08-30,01,桐生,ＳＧ,６　４１４　１２６　１４,2026-08-11,2026-08-16,01,桐生,一般,１２１１１　２２１　[２],2026-08-03,2026-08-08,04,平和島,ＧⅢ,３１１　４１１１３１[５],2026-07-25,2026-07-29,20,若松,一般,２２２４１　２２[３],2026-07-09,2026-07-14,15,丸亀,一般,１１２　１１１１２１[１]
202609122407,2026-09-12,24,07R,4686,丸野 一樹,2026-08-25,2026-08-30,01,桐生,ＳＧ,２１１　６　６５１２２,2026-08-15,2026-08-20,11,びわこ,一般,３１３２６１３　３１[３],2026-07-28,2026-08-02,11,びわこ,ＳＧ,５１３　２　４１２　[５],2026-07-07,2026-07-12,02,戸田,ＧⅡ,２２１　１　１５４　１３,2026-06-23,2026-06-28,14,鳴門,ＳＧ,１　４５５　１　５１３１,4704,河野 大,2026-08-30,2026-09-03,08,常滑,一般,４６６２２　１３１３,2026-08-20,2026-08-23,23,からつ,一般,５１１３１２[３],2026-08-05,2026-08-10,14,鳴門,一般,１４１５２　３４１６６５,2026-07-24,2026-07-27,02,戸田,一般,２４１２１２[６],2026-07-14,2026-07-19,21,芦屋,一般,４４２　１１２２１５３３,5016,宮田 龍馬,2026-08-26,2026-08-31,11,びわこ,一般,１５２１３２１　３１[１],2026-08-17,2026-08-21,13,尼崎,一般,１１１３３４１２[３],2026-08-05,2026-08-10,14,鳴門,一般,１　３５２４４２１４３２,2026-07-19,2026-07-24,22,福岡,ＧⅢ,３４１　４４５　４３３,2026-06-08,2026-06-13,13,尼崎,ＧⅠ,１　３３６　３　１２３６,3779,原田 幸哉,2026-07-28,2026-08-02,11,びわこ,ＳＧ,６２１　４　２６１　２４,2026-07-13,2026-07-18,07,蒲郡,ＧⅡ,３６５　６　５５１　６６,2026-07-04,2026-07-09,18,徳山,一般,１１３３１　４１２１[２],2026-06-23,2026-06-28,14,鳴門,ＳＧ,１　３６４　３　２２６６,2026-06-13,2026-06-18,08,常滑,ＧⅠ,４５１　５６,5026,安河内 健,2026-08-21,2026-08-26,06,浜名湖,一般,落３３　１４１５５１５１,2026-08-09,2026-08-14,23,からつ,一般,３１２２１　１１５１[１],2026-07-31,2026-08-03,20,若松,一般,１３２３１３１１,2026-07-22,2026-07-26,13,尼崎,一般,４２１　４２１２[２],2026-07-11,2026-07-16,03,江戸川,一般,１　６２２３３　１２[４],5224,西岡 顕心,2026-08-25,2026-08-30,01,桐生,ＳＧ,３２３　４　６６２　２,2026-08-17,2026-08-21,15,丸亀,一般,３５３１２５２５１１,2026-08-06,2026-08-09,02,戸田,一般,１５１１３１[４],2026-07-28,2026-08-02,11,びわこ,ＳＧ,２　１６３　２３２　[４],2026-07-19,2026-07-24,22,福岡,ＧⅢ,４　５３
202609122408,2026-09-12,24,08R,4719,上條 暢嵩,2026-08-25,2026-08-30,01,桐生,ＳＧ,５　４２１　２３５　１３,2026-08-13,2026-08-18,12,住之江,一般,１　４１２３１２１１[２],2026-07-28,2026-08-02,11,びわこ,ＳＧ,１５３　５　４１６１４,2026-07-07,2026-07-12,02,戸田,ＧⅡ,３４５　３３２　４　３６,2026-06-23,2026-06-28,14,鳴門,ＳＧ,３４１　４　３６１５１,3783,瓜生 正義,2026-08-25,2026-08-30,01,桐生,ＳＧ,３　３２５　４　１３４６,2026-08-07,2026-08-12,20,若松,一般,１３３１３　１１５２[６],2026-07-28,2026-08-02,11,びわこ,ＳＧ,５４１　２　６６４　２,2026-07-13,2026-07-18,07,蒲郡,ＧⅡ,４　２２１３２　１　[４],2026-07-02,2026-07-07,04,平和島,一般,５１５１３２１　４６１４,4482,守屋 美穂,2026-08-27,2026-08-31,04,平和島,一般,１４３３１１４１[３],2026-08-18,2026-08-23,16,児島,一般,１２２　１２３１３１[１],2026-08-06,2026-08-11,18,徳山,ＧⅠ,６２１　１　６１２　[４],2026-06-30,2026-07-05,16,児島,ＧⅡ,５　３３３２４　３　１４,2026-06-21,2026-06-24,10,三国,一般,５５２１３６５５,4961,西橋 奈未,2026-08-24,2026-08-29,10,三国,一般,２１２　３３５１４４１５,2026-08-06,2026-08-11,18,徳山,ＧⅠ,３２２　３　５１２　[６],2026-07-25,2026-07-30,04,平和島,一般,２２１１２　１２３１[３],2026-07-18,2026-07-21,20,若松,一般,１６３１２３４２,2026-07-07,2026-07-12,02,戸田,ＧⅡ,４６５　４　５５３　１,5088,高憧 四季,2026-08-24,2026-08-29,10,三国,一般,６３４１１　１４３３５６,2026-08-06,2026-08-11,18,徳山,ＧⅠ,５　４３３４５　３　４１,2026-07-28,2026-08-02,15,丸亀,一般,３３２　１４３２３４F１,2026-07-18,2026-07-23,09,津,ＧⅢ,６　５６６６５　３,2026-07-07,2026-07-12,11,びわこ,一般,４１１２２４１３２１[５],4352,下條 雄太郎,2026-08-25,2026-08-30,01,桐生,ＳＧ,３　５　４３３　２３３３,2026-08-17,2026-08-21,13,尼崎,一般,２１３２５　４３１２,2026-08-06,2026-08-10,24,大村,一般,２　４１２２１１[３],2026-07-23,2026-07-28,21,芦屋,一般,１３１２２２３　１３３２,2026-07-11,2026-07-16,03,江戸川,一般,３２１　１１１　２１[１]
202609122409,2026-09-12,24,09R,3415,松井 繁,2026-08-25,2026-08-30,01,桐生,ＳＧ,５　１　５５４　１６３,2026-08-13,2026-08-18,12,住之江,一般,２３１　２５１　２２[５],2026-07-28,2026-08-02,11,びわこ,ＳＧ,６　６２５１４　３６２,2026-07-13,2026-07-18,07,蒲郡,ＧⅡ,３　５１４３２　５　１３,2026-07-03,2026-07-08,13,尼崎,一般,１１１２１　１６２１[２],4483,北野 輝季,2026-08-26,2026-08-31,11,びわこ,一般,５１２　１１１１３１[５],2026-08-17,2026-08-21,13,尼崎,一般,２５１１１１３１[１],2026-08-03,2026-08-08,04,平和島,ＧⅢ,３２１　３６２２４３１２,2026-07-22,2026-07-27,14,鳴門,一般,５３１２５　１２２３５２,2026-07-07,2026-07-12,20,若松,ＧⅢ,１２２２２　１６２２[６],4715,村上 遼,2026-08-28,2026-08-31,23,からつ,一般,３１１６１４３４,2026-08-17,2026-08-21,13,尼崎,一般,４４１１３３２３６１,2026-08-06,2026-08-10,24,大村,一般,２１２６１１３２[４],2026-07-24,2026-07-29,17,宮島,一般,２４１１１１２　２１[３],2026-07-13,2026-07-18,07,蒲郡,ＧⅡ,５４３　５　４６２　５６,4075,中野 次郎,2026-08-30,2026-09-02,21,芦屋,一般,１５４２１３５１,2026-08-20,2026-08-23,04,平和島,一般,４１１１２３[１],2026-08-09,2026-08-15,03,江戸川,一般,３５１　５１２　３　[２],2026-07-28,2026-08-02,11,びわこ,ＳＧ,４４１　５　２６４　５４,2026-07-20,2026-07-25,15,丸亀,一般,１３２１６５１　３２[１],5191,飛田 江己,2026-08-22,2026-08-27,22,福岡,一般,１　２５６１３１３３４１,2026-08-12,2026-08-17,02,戸田,一般,１４２１４　１１１　[４],2026-08-03,2026-08-08,19,下関,一般,１２１F３　４　３　３,2026-07-18,2026-07-23,09,津,ＧⅢ,４３５　２３２　１１１３,2026-07-01,2026-07-06,07,蒲郡,一般,６　１１４　３１４４１１,4688,永井 彪也,2026-08-27,2026-08-31,04,平和島,一般,１１１２５４１２[１],2026-08-15,2026-08-20,05,多摩川,一般,３３４６１　５１１４２２,2026-08-04,2026-08-09,10,三国,一般,３２３１２５２　３４１２,2026-07-23,2026-07-28,03,江戸川,ＧⅢ,２６２　１１４　５　３３,2026-07-10,2026-07-15,06,浜名湖,一般,３１３２１　２１４１[１]
202609122410,2026-09-12,24,10R,4174,赤坂 俊輔,2026-08-29,2026-09-03,16,児島,一般,１５４転,2026-08-20,2026-08-23,24,大村,一般,４２１５２５２５,2026-08-07,2026-08-11,15,丸亀,一般,２６４３１２２６４,2026-07-28,2026-07-31,24,大村,一般,２２１２４１[４],2026-07-18,2026-07-21,04,平和島,一般,１３１２１３[１],4084,杉山 正樹,2026-08-21,2026-08-24,07,蒲郡,一般,１６１５１４１３,2026-08-10,2026-08-15,08,常滑,一般,５４１１２１３２３４１２,2026-07-31,2026-08-05,05,多摩川,一般,４　４１１２２３５４４１,2026-07-18,2026-07-21,20,若松,一般,３２４５１６３５,2026-07-03,2026-07-08,12,住之江,一般,４２２　４　３３２６２２,4096,石橋 道友,2026-08-30,2026-09-02,21,芦屋,一般,６６,2026-08-19,2026-08-24,19,下関,一般,１４４　４１２２２２[４],2026-08-06,2026-08-10,24,大村,一般,１１１　１１２１[１],2026-07-20,2026-07-25,15,丸亀,一般,１４３５４　２１３３２１,2026-07-05,2026-07-09,24,大村,一般,６２２　３２１３４１,3716,石渡 鉄兵,2026-08-25,2026-08-30,01,桐生,ＳＧ,３　２　３５４　１５４３,2026-08-09,2026-08-15,03,江戸川,一般,１　１６２　３１５　４４,2026-07-28,2026-08-02,11,びわこ,ＳＧ,３３４　３　６５４　６,2026-07-18,2026-07-21,04,平和島,一般,２２３１２１[３],2026-07-07,2026-07-12,02,戸田,ＧⅡ,３　４３４　５　５３５,4503,上野 真之介,2026-08-27,2026-09-01,07,蒲郡,一般,１１２３１２３２３１[２],2026-08-20,2026-08-23,04,平和島,一般,２３３２１１[５],2026-08-09,2026-08-14,23,からつ,一般,２１１１１　２４２３２１,2026-07-28,2026-08-02,11,びわこ,ＳＧ,１３５　４　１５１　６２,2026-07-10,2026-07-15,23,からつ,一般,２１１１１　２１１１[１],4494,河合 佑樹,2026-08-25,2026-08-30,01,桐生,ＳＧ,５　２６６　１　６４４,2026-08-15,2026-08-20,09,津,一般,１１１２２　１２２１[１],2026-07-07,2026-07-12,02,戸田,ＧⅡ,５５２　５　６３５　２４,2026-06-23,2026-06-28,14,鳴門,ＳＧ,５６４　２　２３１　３５,2026-06-08,2026-06-13,13,尼崎,ＧⅠ,３　６５３　２　３２３
202609122411,2026-09-12,24,11R,4188,久田 敏之,2026-08-25,2026-08-30,01,桐生,ＳＧ,６　４１４　１２６　１４,2026-08-11,2026-08-16,01,桐生,一般,１２１１１　２２１　[２],2026-08-03,2026-08-08,04,平和島,ＧⅢ,３１１　４１１１３１[５],2026-07-25,2026-07-29,20,若松,一般,２２２４１　２２[３],2026-07-09,2026-07-14,15,丸亀,一般,１１２　１１１１２１[１],4719,上條 暢嵩,2026-08-25,2026-08-30,01,桐生,ＳＧ,５　４２１　２３５　１３,2026-08-13,2026-08-18,12,住之江,一般,１　４１２３１２１１[２],2026-07-28,2026-08-02,11,びわこ,ＳＧ,１５３　５　４１６１４,2026-07-07,2026-07-12,02,戸田,ＧⅡ,３４５　３３２　４　３６,2026-06-23,2026-06-28,14,鳴門,ＳＧ,３４１　４　３６１５１,4907,小池 修平,2026-08-28,2026-08-31,23,からつ,一般,２２２１５１[２],2026-08-13,2026-08-18,12,住之江,一般,５　３４４１５３４１４,2026-08-06,2026-08-09,02,戸田,一般,１２１２４　[５],2026-07-23,2026-07-28,03,江戸川,ＧⅢ,１　３１２　２落,2026-07-07,2026-07-12,20,若松,ＧⅢ,３４１３３１１　３２[５],4686,丸野 一樹,2026-08-25,2026-08-30,01,桐生,ＳＧ,２１１　６　６５１２２,2026-08-15,2026-08-20,11,びわこ,一般,３１３２６１３　３１[３],2026-07-28,2026-08-02,11,びわこ,ＳＧ,５１３　２　４１２　[５],2026-07-07,2026-07-12,02,戸田,ＧⅡ,２２１　１　１５４　１３,2026-06-23,2026-06-28,14,鳴門,ＳＧ,１　４５５　１　５１３１,5028,原田 才一郎,2026-08-30,2026-09-03,08,常滑,一般,５４１１４１３２[６],2026-08-21,2026-08-26,03,江戸川,一般,１６１　２１２１５１[４],2026-08-07,2026-08-12,20,若松,一般,１　２３３４６１２２[４],2026-07-28,2026-07-31,24,大村,一般,１４１２１１[１],2026-07-19,2026-07-24,22,福岡,ＧⅢ,３１２　４４２　２６３１,4335,若林 将,2026-08-15,2026-08-20,05,多摩川,一般,３２５４６　４３４　４,2026-08-04,2026-08-09,12,住之江,一般,３４２　３２４２１３５１,2026-07-23,2026-07-28,03,江戸川,ＧⅢ,２　２２２　２２１　[F],2026-07-10,2026-07-15,06,浜名湖,一般,１４１６１１３　３１[２],2026-07-01,2026-07-06,22,福岡,一般,１５１１５３１　３１[３]
202609122412,2026-09-12,24,12R,4262,馬場 貴也,2026-08-25,2026-08-30,01,桐生,ＳＧ,２４２　５２１　３　３１,2026-08-15,2026-08-20,11,びわこ,一般,２１３２２　２１３１[４],2026-08-08,2026-08-11,05,多摩川,一般,２１６２２１[５],2026-07-28,2026-08-02,11,びわこ,ＳＧ,５３１　１　６３５　１４,2026-07-07,2026-07-12,02,戸田,ＧⅡ,２６１　２６２　１　４３,4371,西山 貴浩,2026-08-25,2026-08-30,01,桐生,ＳＧ,４　３６２　４　４５２,2026-08-12,2026-08-17,22,福岡,一般,２１６,2026-07-28,2026-08-02,11,びわこ,ＳＧ,１　２４６　５２１　６３,2026-07-07,2026-07-12,20,若松,ＧⅢ,２１２　１１３３３１[２],2026-06-23,2026-06-28,14,鳴門,ＳＧ,４　４３３　４５６　２,4238,毒島 誠,2026-08-25,2026-08-30,01,桐生,ＳＧ,１　３２２２２　１　[２],2026-08-11,2026-08-16,01,桐生,一般,１５２　２２１１１　[１],2026-07-27,2026-07-31,19,下関,一般,４１１２３１１３３１,2026-07-19,2026-07-23,05,多摩川,一般,３１１２２２５２[４],2026-07-07,2026-07-12,02,戸田,ＧⅡ,１　４４４３２　４　５４,4544,松田 大志郎,2026-08-30,2026-09-03,08,常滑,一般,１１４２１２５１[１],2026-08-21,2026-08-24,07,蒲郡,一般,２１２４３１[１],2026-08-10,2026-08-15,21,芦屋,一般,１３４２２１５　１１[３],2026-06-30,2026-07-05,16,児島,ＧⅡ,４　２１４１５　５　１１,2026-06-19,2026-06-24,11,びわこ,一般,２１１２１２２２３３[４],4960,黒野 元基,2026-08-22,2026-08-27,08,常滑,ＧⅢ,３１４１１６１４４１[４],2026-08-11,2026-08-16,07,蒲郡,一般,２５３２１２１１１１[３],2026-07-29,2026-08-03,22,福岡,一般,２２３４５５１　１４１３,2026-07-15,2026-07-21,12,住之江,一般,１５２１１　３２３４１６２３,2026-07-05,2026-07-09,24,大村,一般,３３２　１１１１[３],4500,山田 康二,2026-08-09,2026-08-14,23,からつ,一般,１２２　１２１２１１[３],2026-07-27,2026-08-01,09,津,一般,１１３１,2026-07-17,2026-07-22,16,児島,ＧⅢ,３５５１１２２　１４１１,2026-07-07,2026-07-12,02,戸田,ＧⅡ,２　２４２４１　５　１２,2026-06-23,2026-06-28,14,鳴門,ＳＧ,６２５　１５５　５３２
