レースコード,レース日,レース場コード,レース回,艇1_登録番号,艇1_選手名,艇1_前1節_開始日,艇1_前1節_終了日,艇1_前1節_場コード,艇1_前1節_場名,艇1_前1節_グレード,艇1_前1節_着順列,艇1_前2節_開始日,艇1_前2節_終了日,艇1_前2節_場コード,艇1_前2節_場名,艇1_前2節_グレード,艇1_前2節_着順列,艇1_前3節_開始日,艇1_前3節_終了日,艇1_前3節_場コード,艇1_前3節_場名,艇1_前3節_グレード,艇1_前3節_着順列,艇1_前4節_開始日,艇1_前4節_終了日,艇1_前4節_場コード,艇1_前4節_場名,艇1_前4節_グレード,艇1_前4節_着順列,艇1_前5節_開始日,艇1_前5節_終了日,艇1_前5節_場コード,艇1_前5節_場名,艇1_前5節_グレード,艇1_前5節_着順列,艇2_登録番号,艇2_選手名,艇2_前1節_開始日,艇2_前1節_終了日,艇2_前1節_場コード,艇2_前1節_場名,艇2_前1節_グレード,艇2_前1節_着順列,艇2_前2節_開始日,艇2_前2節_終了日,艇2_前2節_場コード,艇2_前2節_場名,艇2_前2節_グレード,艇2_前2節_着順列,艇2_前3節_開始日,艇2_前3節_終了日,艇2_前3節_場コード,艇2_前3節_場名,艇2_前3節_グレード,艇2_前3節_着順列,艇2_前4節_開始日,艇2_前4節_終了日,艇2_前4節_場コード,艇2_前4節_場名,艇2_前4節_グレード,艇2_前4節_着順列,艇2_前5節_開始日,艇2_前5節_終了日,艇2_前5節_場コード,艇2_前5節_場名,艇2_前5節_グレード,艇2_前5節_着順列,艇3_登録番号,艇3_選手名,艇3_前1節_開始日,艇3_前1節_終了日,艇3_前1節_場コード,艇3_前1節_場名,艇3_前1節_グレード,艇3_前1節_着順列,艇3_前2節_開始日,艇3_前2節_終了日,艇3_前2節_場コード,艇3_前2節_場名,艇3_前2節_グレード,艇3_前2節_着順列,艇3_前3節_開始日,艇3_前3節_終了日,艇3_前3節_場コード,艇3_前3節_場名,艇3_前3節_グレード,艇3_前3節_着順列,艇3_前4節_開始日,艇3_前4節_終了日,艇3_前4節_場コード,艇3_前4節_場名,艇3_前4節_グレード,艇3_前4節_着順列,艇3_前5節_開始日,艇3_前5節_終了日,艇3_前5節_場コード,艇3_前5節_場名,艇3_前5節_グレード,艇3_前5節_着順列,艇4_登録番号,艇4_選手名,艇4_前1節_開始日,艇4_前1節_終了日,艇4_前1節_場コード,艇4_前1節_場名,艇4_前1節_グレード,艇4_前1節_着順列,艇4_前2節_開始日,艇4_前2節_終了日,艇4_前2節_場コード,艇4_前2節_場名,艇4_前2節_グレード,艇4_前2節_着順列,艇4_前3節_開始日,艇4_前3節_終了日,艇4_前3節_場コード,艇4_前3節_場名,艇4_前3節_グレード,艇4_前3節_着順列,艇4_前4節_開始日,艇4_前4節_終了日,艇4_前4節_場コード,艇4_前4節_場名,艇4_前4節_グレード,艇4_前4節_着順列,艇4_前5節_開始日,艇4_前5節_終了日,艇4_前5節_場コード,艇4_前5節_場名,艇4_前5節_グレード,艇4_前5節_着順列,艇5_登録番号,艇5_選手名,艇5_前1節_開始日,艇5_前1節_終了日,艇5_前1節_場コード,艇5_前1節_場名,艇5_前1節_グレード,艇5_前1節_着順列,艇5_前2節_開始日,艇5_前2節_終了日,艇5_前2節_場コード,艇5_前2節_場名,艇5_前2節_グレード,艇5_前2節_着順列,艇5_前3節_開始日,艇5_前3節_終了日,艇5_前3節_場コード,艇5_前3節_場名,艇5_前3節_グレード,艇5_前3節_着順列,艇5_前4節_開始日,艇5_前4節_終了日,艇5_前4節_場コード,艇5_前4節_場名,艇5_前4節_グレード,艇5_前4節_着順列,艇5_前5節_開始日,艇5_前5節_終了日,艇5_前5節_場コード,艇5_前5節_場名,艇5_前5節_グレード,艇5_前5節_着順列,艇6_登録番号,艇6_選手名,艇6_前1節_開始日,艇6_前1節_終了日,艇6_前1節_場コード,艇6_前1節_場名,艇6_前1節_グレード,艇6_前1節_着順列,艇6_前2節_開始日,艇6_前2節_終了日,艇6_前2節_場コード,艇6_前2節_場名,艇6_前2節_グレード,艇6_前2節_着順列,艇6_前3節_開始日,艇6_前3節_終了日,艇6_前3節_場コード,艇6_前3節_場名,艇6_前3節_グレード,艇6_前3節_着順列,艇6_前4節_開始日,艇6_前4節_終了日,艇6_前4節_場コード,艇6_前4節_場名,艇6_前4節_グレード,艇6_前4節_着順列,艇6_前5節_開始日,艇6_前5節_終了日,艇6_前5節_場コード,艇6_前5節_場名,艇6_前5節_グレード,艇6_前5節_着順列
202609130201,2026-09-13,02,01R,3589,西村 勝,2026-08-27,2026-08-31,04,平和島,一般,４　６５４　１４６６,2026-08-16,2026-08-19,14,鳴門,一般,５３５　３２５２,2026-07-07,2026-07-12,08,常滑,一般,１　６６２４４　４６６６,2026-06-27,2026-07-01,02,戸田,一般,４　６３６　６６６,2026-06-14,2026-06-17,12,住之江,一般,２　４６F　６,3814,金子 貴志,2026-08-25,2026-08-30,17,宮島,一般,５　３５４　３５２４５５,2026-08-14,2026-08-19,10,三国,一般,１　２１２５３３３６５５,2026-08-05,2026-08-10,09,津,一般,３６３　４２５　２５２４,2026-07-22,2026-07-26,13,尼崎,一般,４３６　５４４　３,2026-07-10,2026-07-15,06,浜名湖,一般,６５５　４２１　３　２５,4866,橋本 英一,2026-08-26,2026-08-31,11,びわこ,一般,３２５　５２５　６５２,2026-08-12,2026-08-17,22,福岡,一般,４　４４６　１５６　３４,2026-07-24,2026-07-29,17,宮島,一般,１５３　６６１　４　５５,2026-07-14,2026-07-17,24,大村,一般,６　３３４　１６,2026-06-30,2026-07-05,06,浜名湖,一般,２１２　４６３１１６２落,3834,細川 明人,2026-08-28,2026-08-31,23,からつ,一般,６５５　４　４２,2026-08-17,2026-08-20,20,若松,一般,６４４　３４６２,2026-08-04,2026-08-09,10,三国,一般,５６３　６　６２３　５１,2026-07-23,2026-07-28,21,芦屋,一般,２４５　６６２　２６,2026-07-09,2026-07-14,15,丸亀,一般,６　５５４　５３４　３１,5259,野田 昇吾,2026-08-21,2026-08-26,03,江戸川,一般,５　５５３　３４２　３不,2026-08-05,2026-08-10,09,津,一般,３　２　３５１　５　４,2026-07-05,2026-07-09,05,多摩川,一般,６　３　５６６３４５,2026-06-21,2026-06-26,16,児島,一般,５　５６６　６３５　５６,2026-06-05,2026-06-10,01,桐生,一般,６　３４４　６５６　３５,4692,酒井 俊弘,2026-08-28,2026-09-02,05,多摩川,ＧⅢ,６　２６３１落,2026-08-15,2026-08-20,11,びわこ,一般,５　６３５　６４６　５６,2026-07-28,2026-08-02,16,児島,一般,５４１３６　４　３２６４,2026-07-18,2026-07-21,04,平和島,一般,４２２　１１２４,2026-06-13,2026-06-16,06,浜名湖,一般,５６５６２　５４
202609130202,2026-09-13,02,02R,5313,鈴木 唯央,2026-08-26,2026-08-31,11,びわこ,一般,５２４　６　４４２　３４,2026-07-22,2026-07-25,24,大村,一般,６　５５３　３３,2026-07-09,2026-07-13,16,児島,一般,５　３３４３２　４４,2026-06-24,2026-06-29,09,津,一般,１　４F３３３　６　５,2026-05-13,2026-05-18,19,下関,一般,５５６　４　５５３　５２,3161,古場 輝義,2026-08-29,2026-09-03,16,児島,一般,３３３　４６３,2026-08-17,2026-08-20,20,若松,一般,２５２６５５３３,2026-08-03,2026-08-08,04,平和島,ＧⅢ,４１６　４４４　４６６,2026-07-15,2026-07-21,12,住之江,一般,５　５４,2026-07-05,2026-07-09,05,多摩川,一般,２　２３３５２４３５,4325,新出 浩司,2026-08-30,2026-09-02,21,芦屋,一般,６５３　５４５３,2026-08-15,2026-08-20,11,びわこ,一般,４　２３３５３　２４４６,2026-07-25,2026-07-29,20,若松,一般,３６３　４５３　４３,2026-07-10,2026-07-14,09,津,一般,３４１　４３１４２６,2026-06-28,2026-07-01,10,三国,一般,３３４　４５３,4706,三浦 洋次朗,2026-08-31,2026-09-05,18,徳山,一般,１　３５２２３３２４１３,2026-07-24,2026-07-29,17,宮島,一般,４　６６４６２６２　１２,2026-07-14,2026-07-19,01,桐生,一般,２５２　２６５　６６４,2026-06-30,2026-07-05,16,児島,ＧⅡ,４　F　２５６　転,2026-06-21,2026-06-24,10,三国,一般,１５５２２５３６,4615,板倉 敦史,2026-08-20,2026-08-23,24,大村,一般,４　４２５　５４,2026-08-09,2026-08-15,03,江戸川,一般,５６４　３１３　４３１６,2026-07-25,2026-07-29,20,若松,一般,４　４２１３４５２４,2026-07-14,2026-07-19,21,芦屋,一般,５　５３６　５２２　６４,2026-07-02,2026-07-07,04,平和島,一般,４　４５３　２６４　１４,4762,藤原 啓史朗,2026-08-29,2026-09-03,19,下関,一般,１５４２２　１３４３４１,2026-08-20,2026-08-23,23,からつ,一般,１１３１４１[転],2026-08-08,2026-08-13,16,児島,一般,３４１１３３１　２３[３],2026-07-25,2026-07-29,20,若松,一般,１４１２２　１２[６],2026-07-14,2026-07-19,21,芦屋,一般,２３２３２　１２４１[１]
202609130203,2026-09-13,02,03R,4631,新井 英孝,2026-08-28,2026-09-02,05,多摩川,ＧⅢ,５６６　転　６５３　３５,2026-08-13,2026-08-18,12,住之江,一般,４６F６２　３　５　４,2026-08-03,2026-08-08,04,平和島,ＧⅢ,５３６　６　６６,2026-07-20,2026-07-25,15,丸亀,一般,１３２　２６３　１６３５,2026-07-09,2026-07-13,16,児島,一般,１３３　４４３　１２,5220,青木 蓮,2026-09-01,2026-09-04,24,大村,一般,１　３落３１４３,2026-08-22,2026-08-27,08,常滑,ＧⅢ,４６４　１６,2026-08-12,2026-08-17,02,戸田,一般,３１５　１１３　３　３１,2026-07-29,2026-08-01,18,徳山,一般,２　３１２１[４],2026-07-18,2026-07-23,09,津,ＧⅢ,１２４　５　転２１１１６,4674,池田 剛規,2026-08-25,2026-08-30,09,津,一般,４３２　３５５　４２[３],2026-08-12,2026-08-17,22,福岡,一般,３３６　２３２２１４３５,2026-07-24,2026-07-29,17,宮島,一般,２　１２５　２５３４４４,2026-07-14,2026-07-17,24,大村,一般,５３４　５　１２,2026-06-30,2026-07-04,19,下関,一般,１　５２１５３２[３],4467,渡邉 俊介,2026-08-30,2026-09-03,08,常滑,一般,４５３　１６４落５,2026-08-11,2026-08-16,07,蒲郡,一般,３３３　４４１　２６１６,2026-07-28,2026-08-02,15,丸亀,一般,５　３５５　１３３５２３,2026-07-16,2026-07-21,11,びわこ,一般,３５５３２,2026-07-07,2026-07-12,02,戸田,ＧⅡ,２　４５２　４　２４４,4887,富澤 祐作,2026-08-23,2026-08-27,18,徳山,一般,３１３　２６２６エ欠,2026-07-18,2026-07-21,04,平和島,一般,１５３５３　１５,2026-07-03,2026-07-08,12,住之江,一般,２４１　６４６　３５２,2026-06-22,2026-06-27,22,福岡,一般,３　５６F５５　６　６,2026-06-07,2026-06-12,09,津,一般,２４５　１１２　３４１２,5455,澁澤 周羽,2026-08-27,2026-09-01,07,蒲郡,一般,６６６　６　６　６４５６,2026-08-11,2026-08-16,01,桐生,一般,６　４　６６６　６３５,2026-07-24,2026-07-27,06,浜名湖,一般,６　５６６　６６,2026-07-10,2026-07-14,09,津,一般,６６６　６　６５５６,2026-06-27,2026-07-01,02,戸田,一般,６　６６５　６６５
202609130204,2026-09-13,02,04R,4555,富永 大一,2026-08-26,2026-08-31,11,びわこ,一般,２　３３２５４６４　１６,2026-08-12,2026-08-17,22,福岡,一般,２６３　４６３　５３４５,2026-07-24,2026-07-29,17,宮島,一般,５３４　６３４　４　３３,2026-07-14,2026-07-19,21,芦屋,一般,１３２　４２５　５１[２],2026-06-25,2026-06-30,13,尼崎,一般,２　３４３１６　３６６４,3072,西田 靖,2026-08-30,2026-09-03,08,常滑,一般,３　１６３６６２３,2026-08-15,2026-08-20,05,多摩川,一般,３５２　２　４３３６５３,2026-08-02,2026-08-05,21,芦屋,一般,６６６　５６６,2026-07-19,2026-07-23,05,多摩川,一般,１　６　１１２４２５,2026-07-07,2026-07-12,10,三国,ＧⅢ,６１６　６５４　６　５６,4295,小坂 尚哉,2026-08-29,2026-09-03,19,下関,一般,２２２１１　１１２１[１],2026-08-20,2026-08-23,04,平和島,一般,５５２３２１３１,2026-08-09,2026-08-14,13,尼崎,一般,１２２　２４２２３　３１,2026-07-29,2026-08-03,23,からつ,一般,１２２２２　１３４１[１],2026-07-15,2026-07-21,12,住之江,一般,５　１１２２３　１１２３[３],5038,金田 智博,2026-08-28,2026-09-02,05,多摩川,ＧⅢ,３３２　１５５４２　１２,2026-08-14,2026-08-19,10,三国,一般,２５４　１５１４２３２１,2026-08-05,2026-08-10,09,津,一般,１４２４１　１２１２[３],2026-07-23,2026-07-28,03,江戸川,ＧⅢ,１　２５１　１２２　[５],2026-07-10,2026-07-15,23,からつ,一般,３５２５３４１　１　１６,4886,入海 馨,2026-08-29,2026-09-03,16,児島,一般,６３２　１３１３１２[４],2026-08-20,2026-08-23,04,平和島,一般,３２１１４　[２],2026-08-07,2026-08-11,15,丸亀,一般,４１６５１１４２[３],2026-07-28,2026-08-02,11,びわこ,ＳＧ,６　５４１　３　転２３,2026-07-12,2026-07-16,05,多摩川,一般,１２４２４　２２[３],4572,渡部 悟,2026-08-28,2026-09-02,05,多摩川,ＧⅢ,４　１５４５６　５３４６,2026-08-13,2026-08-18,12,住之江,一般,２　２２３　５３５５２４,2026-08-03,2026-08-08,17,宮島,一般,３　３３２　１４１４２３,2026-07-22,2026-07-26,13,尼崎,一般,２４３　４５３　１６,2026-07-02,2026-07-07,04,平和島,一般,４２２　１１６　３６５３
202609130205,2026-09-13,02,05R,4578,藤山 雅弘,2026-08-31,2026-09-05,18,徳山,一般,２５４６３１１　１６４６,2026-08-20,2026-08-25,21,芦屋,一般,３　５１４２３６２　６１,2026-07-29,2026-08-03,22,福岡,一般,４３６３２　３３１５１５,2026-07-18,2026-07-22,10,三国,一般,６　１３５６２　４１,2026-07-10,2026-07-14,09,津,一般,１２２５２　２３４１,5008,羽野 諒,2026-08-26,2026-08-30,14,鳴門,一般,４　３４５　３１１１,2026-08-12,2026-08-17,22,福岡,一般,２　１３５４５５３　４５,2026-08-02,2026-08-05,21,芦屋,一般,６４２　３４６,2026-07-17,2026-07-22,16,児島,ＧⅢ,３　３５１４６　６６３,2026-07-02,2026-07-07,04,平和島,一般,１　６４４４１　２４４,4708,半田 尚也,2026-08-25,2026-08-30,17,宮島,一般,３　４４１　４２１６２３,2026-08-05,2026-08-10,14,鳴門,一般,３　２１５５４　転４３,2026-07-24,2026-07-29,17,宮島,一般,転３４　２　４５３５３１,2026-07-09,2026-07-13,16,児島,一般,３　１２３５２６１５,2026-05-29,2026-06-03,11,びわこ,一般,４５３　６４６　４３５,4370,山口 達也,2026-08-19,2026-08-24,19,下関,一般,５１２　１２２１２１[６],2026-08-08,2026-08-13,16,児島,一般,３５３　２１１１２１[２],2026-07-07,2026-07-12,20,若松,ＧⅢ,４２１　１１４１１１[１],2026-06-30,2026-07-05,16,児島,ＧⅡ,１３６　２　３４６　２６,2026-06-17,2026-06-22,24,大村,ＧⅡ,６２４　５６２　３６６,3075,中村 裕将,2026-08-12,2026-08-17,02,戸田,一般,２　２転４　２３３５２５,2026-08-02,2026-08-05,21,芦屋,一般,３４４　６６２,2026-07-19,2026-07-23,05,多摩川,一般,２　５５５　２５５４,2026-07-03,2026-07-08,12,住之江,一般,６５６　５４３　１　４,2026-06-24,2026-06-29,09,津,一般,２１６　２１３　４３１４,3814,金子 貴志,2026-08-25,2026-08-30,17,宮島,一般,５　３５４　３５２４５５,2026-08-14,2026-08-19,10,三国,一般,１　２１２５３３３６５５,2026-08-05,2026-08-10,09,津,一般,３６３　４２５　２５２４,2026-07-22,2026-07-26,13,尼崎,一般,４３６　５４４　３,2026-07-10,2026-07-15,06,浜名湖,一般,６５５　４２１　３　２５
202609130206,2026-09-13,02,06R,4649,和田 操拓,2026-08-28,2026-09-02,05,多摩川,ＧⅢ,１４１　１　２５２３転３,2026-08-15,2026-08-20,11,びわこ,一般,３３１　３５３３４５１６,2026-08-05,2026-08-10,09,津,一般,３２１　３５３４２５１３,2026-07-23,2026-07-27,01,桐生,一般,１４４　２５３４１４,2026-07-10,2026-07-15,06,浜名湖,一般,５１６　６６５　６　５,4866,橋本 英一,2026-08-26,2026-08-31,11,びわこ,一般,３２５　５２５　６５２,2026-08-12,2026-08-17,22,福岡,一般,４　４４６　１５６　３４,2026-07-24,2026-07-29,17,宮島,一般,１５３　６６１　４　５５,2026-07-14,2026-07-17,24,大村,一般,６　３３４　１６,2026-06-30,2026-07-05,06,浜名湖,一般,２１２　４６３１１６２落,4351,里岡 右貴,2026-08-31,2026-09-05,18,徳山,一般,１４４　３１１２４１[２],2026-07-24,2026-07-29,17,宮島,一般,４２２３２　１３２２[２],2026-07-10,2026-07-15,22,福岡,一般,１５１　３２２１５１[３],2026-06-24,2026-06-29,09,津,一般,３２４F３１４　３　４,2026-06-15,2026-06-20,21,芦屋,一般,１２１４２　２４３１[１],4539,金子 賢志,2026-08-29,2026-09-03,19,下関,一般,４４３３１　２６３２[５],2026-08-11,2026-08-16,01,桐生,一般,１　５２２　２３２　[６],2026-08-03,2026-08-08,04,平和島,ＧⅢ,４　３２１３５５１　４１,2026-07-24,2026-07-27,12,住之江,一般,１６３　３４１３,2026-07-13,2026-07-18,07,蒲郡,ＧⅡ,４６３　３　１５４３６,3161,古場 輝義,2026-08-29,2026-09-03,16,児島,一般,３３３　４６３,2026-08-17,2026-08-20,20,若松,一般,２５２６５５３３,2026-08-03,2026-08-08,04,平和島,ＧⅢ,４１６　４４４　４６６,2026-07-15,2026-07-21,12,住之江,一般,５　５４,2026-07-05,2026-07-09,05,多摩川,一般,２　２３３５２４３５,4163,山崎 裕司,2026-08-29,2026-09-03,19,下関,一般,１　４２３３３　２４１３,2026-08-14,2026-08-19,17,宮島,一般,５　４３６４５１２　５１,2026-08-05,2026-08-10,09,津,一般,６　６２１　６５１　４１,2026-07-20,2026-07-25,15,丸亀,一般,４　５２２４３２２６３,2026-07-11,2026-07-14,04,平和島,一般,３２３５２　１４
202609130207,2026-09-13,02,07R,5126,山下 大輝,2026-08-29,2026-09-03,16,児島,一般,４６,2026-08-20,2026-08-23,24,大村,一般,１４２５２２[３],2026-08-09,2026-08-14,13,尼崎,一般,１　１４３２１　５　１３,2026-07-23,2026-07-27,01,桐生,一般,２３２３１　５１[６],2026-07-12,2026-07-16,05,多摩川,一般,１３３１１２３１[１],4615,板倉 敦史,2026-08-20,2026-08-23,24,大村,一般,４　４２５　５４,2026-08-09,2026-08-15,03,江戸川,一般,５６４　３１３　４３１６,2026-07-25,2026-07-29,20,若松,一般,４　４２１３４５２４,2026-07-14,2026-07-19,21,芦屋,一般,５　５３６　５２２　６４,2026-07-02,2026-07-07,04,平和島,一般,４　４５３　２６４　１４,3692,竹腰 正樹,2026-09-03,2026-09-08,10,三国,一般,６　５１１　５２２２[６],2026-08-25,2026-08-30,17,宮島,一般,３６１　６３１　３１４３,2026-08-14,2026-08-19,10,三国,一般,４　３４２　４４５５２,2026-08-05,2026-08-10,09,津,一般,２　２３２２３４２６１５,2026-07-22,2026-07-27,14,鳴門,一般,５　６５４１５　１４５１,5259,野田 昇吾,2026-08-21,2026-08-26,03,江戸川,一般,５　５５３　３４２　３不,2026-08-05,2026-08-10,09,津,一般,３　２　３５１　５　４,2026-07-05,2026-07-09,05,多摩川,一般,６　３　５６６３４５,2026-06-21,2026-06-26,16,児島,一般,５　５６６　６３５　５６,2026-06-05,2026-06-10,01,桐生,一般,６　３４４　６５６　３５,4674,池田 剛規,2026-08-25,2026-08-30,09,津,一般,４３２　３５５　４２[３],2026-08-12,2026-08-17,22,福岡,一般,３３６　２３２２１４３５,2026-07-24,2026-07-29,17,宮島,一般,２　１２５　２５３４４４,2026-07-14,2026-07-17,24,大村,一般,５３４　５　１２,2026-06-30,2026-07-04,19,下関,一般,１　５２１５３２[３],4973,栗原 直也,2026-08-28,2026-09-02,05,多摩川,ＧⅢ,１２４　２４２３５転,2026-08-19,2026-08-24,19,下関,一般,４６１６３　５　３６２１,2026-06-14,2026-06-18,01,桐生,一般,２　４３３５５２２,2026-05-29,2026-06-03,11,びわこ,一般,１　４１６２３３３エ１３,2026-05-16,2026-05-21,14,鳴門,一般,２　５６４６６３５　４１
202609130208,2026-09-13,02,08R,4883,岡部 大輝,2026-08-30,2026-09-03,08,常滑,一般,２１２５１２２５１１,2026-08-15,2026-08-20,05,多摩川,一般,６　３６６　４２５　１５,2026-08-04,2026-08-09,12,住之江,一般,４１１　２２１　１１[４],2026-07-27,2026-07-31,19,下関,一般,１　１６５１３１[３],2026-07-18,2026-07-22,10,三国,一般,３　２５１１１３２２,4572,渡部 悟,2026-08-28,2026-09-02,05,多摩川,ＧⅢ,４　１５４５６　５３４６,2026-08-13,2026-08-18,12,住之江,一般,２　２２３　５３５５２４,2026-08-03,2026-08-08,17,宮島,一般,３　３３２　１４１４２３,2026-07-22,2026-07-26,13,尼崎,一般,２４３　４５３　１６,2026-07-02,2026-07-07,04,平和島,一般,４２２　１１６　３６５３,3589,西村 勝,2026-08-27,2026-08-31,04,平和島,一般,４　６５４　１４６６,2026-08-16,2026-08-19,14,鳴門,一般,５３５　３２５２,2026-07-07,2026-07-12,08,常滑,一般,１　６６２４４　４６６６,2026-06-27,2026-07-01,02,戸田,一般,４　６３６　６６６,2026-06-14,2026-06-17,12,住之江,一般,２　４６F　６,4325,新出 浩司,2026-08-30,2026-09-02,21,芦屋,一般,６５３　５４５３,2026-08-15,2026-08-20,11,びわこ,一般,４　２３３５３　２４４６,2026-07-25,2026-07-29,20,若松,一般,３６３　４５３　４３,2026-07-10,2026-07-14,09,津,一般,３４１　４３１４２６,2026-06-28,2026-07-01,10,三国,一般,３３４　４５３,3711,江本 真治,2026-08-31,2026-09-05,18,徳山,一般,４３５　４３３２３１５３,2026-08-19,2026-08-24,19,下関,一般,１　３３２６３３１６１６,2026-07-13,2026-07-18,07,蒲郡,ＧⅡ,２　２４５　６　２５３４,2026-07-04,2026-07-09,18,徳山,一般,１４３４３　４３２３１３,2026-06-21,2026-06-24,19,下関,一般,３　３４２２３２,4467,渡邉 俊介,2026-08-30,2026-09-03,08,常滑,一般,４５３　１６４落５,2026-08-11,2026-08-16,07,蒲郡,一般,３３３　４４１　２６１６,2026-07-28,2026-08-02,15,丸亀,一般,５　３５５　１３３５２３,2026-07-16,2026-07-21,11,びわこ,一般,３５５３２,2026-07-07,2026-07-12,02,戸田,ＧⅡ,２　４５２　４　２４４
202609130209,2026-09-13,02,09R,4451,松崎 祐太郎,2026-08-27,2026-09-01,07,蒲郡,一般,１４２　２３２２１１[３],2026-08-12,2026-08-17,22,福岡,一般,３　妨６,2026-08-03,2026-08-08,19,下関,一般,４　３２５２２３２４１２,2026-07-22,2026-07-27,14,鳴門,一般,妨１,2026-07-10,2026-07-15,22,福岡,一般,３５１　６欠,4886,入海 馨,2026-08-29,2026-09-03,16,児島,一般,６３２　１３１３１２[４],2026-08-20,2026-08-23,04,平和島,一般,３２１１４　[２],2026-08-07,2026-08-11,15,丸亀,一般,４１６５１１４２[３],2026-07-28,2026-08-02,11,びわこ,ＳＧ,６　５４１　３　転２３,2026-07-12,2026-07-16,05,多摩川,一般,１２４２４　２２[３],4762,藤原 啓史朗,2026-08-29,2026-09-03,19,下関,一般,１５４２２　１３４３４１,2026-08-20,2026-08-23,23,からつ,一般,１１３１４１[転],2026-08-08,2026-08-13,16,児島,一般,３４１１３３１　２３[３],2026-07-25,2026-07-29,20,若松,一般,１４１２２　１２[６],2026-07-14,2026-07-19,21,芦屋,一般,２３２３２　１２４１[１],4708,半田 尚也,2026-08-25,2026-08-30,17,宮島,一般,３　４４１　４２１６２３,2026-08-05,2026-08-10,14,鳴門,一般,３　２１５５４　転４３,2026-07-24,2026-07-29,17,宮島,一般,転３４　２　４５３５３１,2026-07-09,2026-07-13,16,児島,一般,３　１２３５２６１５,2026-05-29,2026-06-03,11,びわこ,一般,４５３　６４６　４３５,4692,酒井 俊弘,2026-08-28,2026-09-02,05,多摩川,ＧⅢ,６　２６３１落,2026-08-15,2026-08-20,11,びわこ,一般,５　６３５　６４６　５６,2026-07-28,2026-08-02,16,児島,一般,５４１３６　４　３２６４,2026-07-18,2026-07-21,04,平和島,一般,４２２　１１２４,2026-06-13,2026-06-16,06,浜名湖,一般,５６５６２　５４,5220,青木 蓮,2026-09-01,2026-09-04,24,大村,一般,１　３落３１４３,2026-08-22,2026-08-27,08,常滑,ＧⅢ,４６４　１６,2026-08-12,2026-08-17,02,戸田,一般,３１５　１１３　３　３１,2026-07-29,2026-08-01,18,徳山,一般,２　３１２１[４],2026-07-18,2026-07-23,09,津,ＧⅢ,１２４　５　転２１１１６
202609130210,2026-09-13,02,10R,4706,三浦 洋次朗,2026-08-31,2026-09-05,18,徳山,一般,１　３５２２３３２４１３,2026-07-24,2026-07-29,17,宮島,一般,４　６６４６２６２　１２,2026-07-14,2026-07-19,01,桐生,一般,２５２　２６５　６６４,2026-06-30,2026-07-05,16,児島,ＧⅡ,４　F　２５６　転,2026-06-21,2026-06-24,10,三国,一般,１５５２２５３６,4363,大野 芳顕,2026-08-29,2026-09-03,19,下関,一般,４　４５３１３４１　２４,2026-08-20,2026-08-23,24,大村,一般,２４５　３転１,2026-08-10,2026-08-15,21,芦屋,一般,５　２５１６２　５１３３,2026-07-22,2026-07-26,13,尼崎,一般,３５３　１１４５妨４,2026-07-07,2026-07-12,20,若松,ＧⅢ,５　４２５５５４３　４３,4163,山崎 裕司,2026-08-29,2026-09-03,19,下関,一般,１　４２３３３　２４１３,2026-08-14,2026-08-19,17,宮島,一般,５　４３６４５１２　５１,2026-08-05,2026-08-10,09,津,一般,６　６２１　６５１　４１,2026-07-20,2026-07-25,15,丸亀,一般,４　５２２４３２２６３,2026-07-11,2026-07-14,04,平和島,一般,３２３５２　１４,4846,佐藤 駿介,2026-08-26,2026-08-31,11,びわこ,一般,５６３　５　５５４　６５,2026-08-11,2026-08-16,19,下関,一般,３５５　６　２５２　３２,2026-07-28,2026-07-31,24,大村,一般,６４６　２　６２,2026-07-14,2026-07-19,01,桐生,一般,１３２４３　６　１５６６,2026-06-30,2026-07-04,19,下関,一般,１３５６４　５　５３,4295,小坂 尚哉,2026-08-29,2026-09-03,19,下関,一般,２２２１１　１１２１[１],2026-08-20,2026-08-23,04,平和島,一般,５５２３２１３１,2026-08-09,2026-08-14,13,尼崎,一般,１２２　２４２２３　３１,2026-07-29,2026-08-03,23,からつ,一般,１２２２２　１３４１[１],2026-07-15,2026-07-21,12,住之江,一般,５　１１２２３　１１２３[３],5008,羽野 諒,2026-08-26,2026-08-30,14,鳴門,一般,４　３４５　３１１１,2026-08-12,2026-08-17,22,福岡,一般,２　１３５４５５３　４５,2026-08-02,2026-08-05,21,芦屋,一般,６４２　３４６,2026-07-17,2026-07-22,16,児島,ＧⅢ,３　３５１４６　６６３,2026-07-02,2026-07-07,04,平和島,一般,１　６４４４１　２４４
202609130211,2026-09-13,02,11R,4539,金子 賢志,2026-08-29,2026-09-03,19,下関,一般,４４３３１　２６３２[５],2026-08-11,2026-08-16,01,桐生,一般,１　５２２　２３２　[６],2026-08-03,2026-08-08,04,平和島,ＧⅢ,４　３２１３５５１　４１,2026-07-24,2026-07-27,12,住之江,一般,１６３　３４１３,2026-07-13,2026-07-18,07,蒲郡,ＧⅡ,４６３　３　１５４３６,5126,山下 大輝,2026-08-29,2026-09-03,16,児島,一般,４６,2026-08-20,2026-08-23,24,大村,一般,１４２５２２[３],2026-08-09,2026-08-14,13,尼崎,一般,１　１４３２１　５　１３,2026-07-23,2026-07-27,01,桐生,一般,２３２３１　５１[６],2026-07-12,2026-07-16,05,多摩川,一般,１３３１１２３１[１],3072,西田 靖,2026-08-30,2026-09-03,08,常滑,一般,３　１６３６６２３,2026-08-15,2026-08-20,05,多摩川,一般,３５２　２　４３３６５３,2026-08-02,2026-08-05,21,芦屋,一般,６６６　５６６,2026-07-19,2026-07-23,05,多摩川,一般,１　６　１１２４２５,2026-07-07,2026-07-12,10,三国,ＧⅢ,６１６　６５４　６　５６,5313,鈴木 唯央,2026-08-26,2026-08-31,11,びわこ,一般,５２４　６　４４２　３４,2026-07-22,2026-07-25,24,大村,一般,６　５５３　３３,2026-07-09,2026-07-13,16,児島,一般,５　３３４３２　４４,2026-06-24,2026-06-29,09,津,一般,１　４F３３３　６　５,2026-05-13,2026-05-18,19,下関,一般,５５６　４　５５３　５２,4578,藤山 雅弘,2026-08-31,2026-09-05,18,徳山,一般,２５４６３１１　１６４６,2026-08-20,2026-08-25,21,芦屋,一般,３　５１４２３６２　６１,2026-07-29,2026-08-03,22,福岡,一般,４３６３２　３３１５１５,2026-07-18,2026-07-22,10,三国,一般,６　１３５６２　４１,2026-07-10,2026-07-14,09,津,一般,１２２５２　２３４１,4388,是澤 孝宏,2026-08-29,2026-09-03,16,児島,一般,２４２１５　４１４４１５,2026-08-15,2026-08-20,11,びわこ,一般,２１２２４　１２２２[１],2026-08-03,2026-08-08,17,宮島,一般,１　４２３２３３４２[５],2026-07-18,2026-07-22,10,三国,一般,６３１４３　５５１２,2026-07-10,2026-07-13,19,下関,一般,２　４２２２[２]
202609130212,2026-09-13,02,12R,4370,山口 達也,2026-08-19,2026-08-24,19,下関,一般,５１２　１２２１２１[６],2026-08-08,2026-08-13,16,児島,一般,３５３　２１１１２１[２],2026-07-07,2026-07-12,20,若松,ＧⅢ,４２１　１１４１１１[１],2026-06-30,2026-07-05,16,児島,ＧⅡ,１３６　２　３４６　２６,2026-06-17,2026-06-22,24,大村,ＧⅡ,６２４　５６２　３６６,3711,江本 真治,2026-08-31,2026-09-05,18,徳山,一般,４３５　４３３２３１５３,2026-08-19,2026-08-24,19,下関,一般,１　３３２６３３１６１６,2026-07-13,2026-07-18,07,蒲郡,ＧⅡ,２　２４５　６　２５３４,2026-07-04,2026-07-09,18,徳山,一般,１４３４３　４３２３１３,2026-06-21,2026-06-24,19,下関,一般,３　３４２２３２,3834,細川 明人,2026-08-28,2026-08-31,23,からつ,一般,６５５　４　４２,2026-08-17,2026-08-20,20,若松,一般,６４４　３４６２,2026-08-04,2026-08-09,10,三国,一般,５６３　６　６２３　５１,2026-07-23,2026-07-28,21,芦屋,一般,２４５　６６２　２６,2026-07-09,2026-07-14,15,丸亀,一般,６　５５４　５３４　３１,4973,栗原 直也,2026-08-28,2026-09-02,05,多摩川,ＧⅢ,１２４　２４２３５転,2026-08-19,2026-08-24,19,下関,一般,４６１６３　５　３６２１,2026-06-14,2026-06-18,01,桐生,一般,２　４３３５５２２,2026-05-29,2026-06-03,11,びわこ,一般,１　４１６２３３３エ１３,2026-05-16,2026-05-21,14,鳴門,一般,２　５６４６６３５　４１,5038,金田 智博,2026-08-28,2026-09-02,05,多摩川,ＧⅢ,３３２　１５５４２　１２,2026-08-14,2026-08-19,10,三国,一般,２５４　１５１４２３２１,2026-08-05,2026-08-10,09,津,一般,１４２４１　１２１２[３],2026-07-23,2026-07-28,03,江戸川,ＧⅢ,１　２５１　１２２　[５],2026-07-10,2026-07-15,23,からつ,一般,３５２５３４１　１　１６,4351,里岡 右貴,2026-08-31,2026-09-05,18,徳山,一般,１４４　３１１２４１[２],2026-07-24,2026-07-29,17,宮島,一般,４２２３２　１３２２[２],2026-07-10,2026-07-15,22,福岡,一般,１５１　３２２１５１[３],2026-06-24,2026-06-29,09,津,一般,３２４F３１４　３　４,2026-06-15,2026-06-20,21,芦屋,一般,１２１４２　２４３１[１]
202609130501,2026-09-13,05,01R,4035,杉江 浩明,2026-08-24,2026-08-29,13,尼崎,一般,６　５６２　５５３　５５,2026-08-11,2026-08-16,07,蒲郡,一般,４　６６５５６　６　１６,2026-07-29,2026-08-03,22,福岡,一般,６４４　５３３６３　５６,2026-07-14,2026-07-19,01,桐生,一般,６１６　３２４　２　５２,2026-06-30,2026-07-05,06,浜名湖,一般,６３６　５５２　５　５１,2538,高橋 二朗,2026-08-28,2026-08-31,23,からつ,一般,４６４　６　４２,2026-08-15,2026-08-20,05,多摩川,一般,４　４４５　５５３　６,2026-07-28,2026-08-02,16,児島,一般,４　４６５　５５４　４４,2026-07-15,2026-07-21,12,住之江,一般,１　３３４　５６４６３５５,2026-07-04,2026-07-09,18,徳山,一般,４６４　６６５　４４３,3848,川上 聡介,2026-08-26,2026-08-30,14,鳴門,一般,３　４５５　６　４２,2026-08-11,2026-08-16,07,蒲郡,一般,２　４５５　４４３　５２,2026-07-22,2026-07-26,08,常滑,一般,２１６　５５５６６,2026-07-09,2026-07-14,15,丸亀,一般,３　２５２３５２１６５６,2026-05-25,2026-05-31,03,江戸川,一般,６　６４５　３４　　３,3641,一瀬 明,2026-08-28,2026-08-31,23,からつ,一般,１３３５１３５１,2026-08-15,2026-08-20,05,多摩川,一般,４５３２１　１４６６５６,2026-08-03,2026-08-08,17,宮島,一般,３　４６６５６,2026-07-24,2026-07-27,06,浜名湖,一般,５２１　１６１５,2026-07-14,2026-07-19,01,桐生,一般,２２４　５３２　１転１４,4146,柳橋 宏紀,2026-08-28,2026-08-31,23,からつ,一般,６２１４転欠,2026-08-15,2026-08-20,11,びわこ,一般,５　４６２４５５５　４２,2026-08-05,2026-08-10,09,津,一般,１　４５２６６　６５１,2026-07-29,2026-08-01,18,徳山,一般,１　３５２２[６],2026-07-10,2026-07-15,06,浜名湖,一般,４　４４４　４４５　３２,3507,藤井 徹,2026-08-25,2026-08-30,17,宮島,一般,３３２２５　３　４　５,2026-08-13,2026-08-18,12,住之江,一般,１　５４５　４　６　５,2026-07-28,2026-08-02,16,児島,一般,４２３　３５４２６　４,2026-07-18,2026-07-21,04,平和島,一般,６２６　４５１,2026-06-29,2026-07-03,11,びわこ,一般,６　４４５　５　５
202609130502,2026-09-13,05,02R,4645,上村 純一,2026-08-26,2026-08-30,14,鳴門,一般,３３１１３１２１[３],2026-08-11,2026-08-16,01,桐生,一般,５５２　２５３　３２４,2026-08-02,2026-08-05,21,芦屋,一般,２３１３１１[４],2026-07-23,2026-07-28,03,江戸川,ＧⅢ,３２３　２６５　３２６,2026-07-13,2026-07-18,07,蒲郡,ＧⅡ,２３１　６　２５１　３５,4031,飯島 誠,2026-08-23,2026-08-27,18,徳山,一般,６　４１６５４５６,2026-08-12,2026-08-17,02,戸田,一般,６５３　１６４　３４４４,2026-07-27,2026-07-31,19,下関,一般,３２１　６３１５２４,2026-07-16,2026-07-21,11,びわこ,一般,４１６　５２２　４５２６,2026-07-02,2026-07-06,21,芦屋,一般,２３６　６２３　２３,3934,鋤柄 貴俊,2026-08-24,2026-08-29,13,尼崎,一般,２　２５４５２　４２４２,2026-08-11,2026-08-16,07,蒲郡,一般,２　１５４３３　３４４４,2026-07-31,2026-08-05,06,浜名湖,ＧⅢ,６　４３５　４４４　３５,2026-07-15,2026-07-19,17,宮島,一般,１４４３１　３３４５,2026-07-04,2026-07-09,01,桐生,一般,３２２５５　３　２２５３,4420,津久井 拓也,2026-08-25,2026-08-30,09,津,一般,６　２４２３４　２６３３,2026-08-11,2026-08-16,01,桐生,一般,３　１４１２１４３　２１,2026-07-23,2026-07-28,21,芦屋,一般,２６１２５　１１１４２５,2026-07-11,2026-07-16,03,江戸川,一般,２３４　４２２１２６２１,2026-06-30,2026-07-05,16,児島,ＧⅡ,４　６　６６６　４５５,4465,大西 賢,2026-08-21,2026-08-26,06,浜名湖,一般,２３５　４３６　３５４２,2026-08-09,2026-08-15,03,江戸川,一般,１　６４３　２４４　３２,2026-07-24,2026-07-27,12,住之江,一般,４　５３１　１５,2026-07-04,2026-07-09,01,桐生,一般,６５４　５５５,2026-06-24,2026-06-29,03,江戸川,一般,３４２　４３３　１６２,5449,堀井 涼平,2026-08-11,2026-08-16,04,平和島,一般,６　６F６　６　６　６,2026-07-10,2026-07-14,09,津,一般,６　落６６　６６６６,2026-06-27,2026-07-01,02,戸田,一般,６　６６６　６５６,2026-06-13,2026-06-16,06,浜名湖,一般,２　５５１６６６,2026-05-20,2026-05-25,05,多摩川,一般,６　６６６　６６６　６６
202609130503,2026-09-13,05,03R,4376,藤田 靖弘,2026-08-27,2026-08-31,04,平和島,一般,３　４４６３１５４６,2026-08-17,2026-08-21,13,尼崎,一般,４２１　４４１５２３,2026-08-03,2026-08-08,17,宮島,一般,６　１３１５２３１６２５,2026-07-23,2026-07-28,21,芦屋,一般,６　１３５５１５５５３,2026-07-10,2026-07-14,09,津,一般,４２２　１２１２[２],4619,伏田 裕隆,2026-08-24,2026-08-29,13,尼崎,一般,３６６　１　不５１　５,2026-08-11,2026-08-16,04,平和島,一般,６１５　５　１４６１３,2026-07-29,2026-08-03,23,からつ,一般,３５１　１４２　２５３２,2026-07-15,2026-07-21,12,住之江,一般,１１１　２２５　１３２２[２],2026-07-04,2026-07-09,18,徳山,一般,２　６２２４３４６１５１,4491,田中 堅,2026-08-23,2026-08-27,18,徳山,一般,２　２６５５３４３１,2026-08-11,2026-08-16,01,桐生,一般,１　２５６　２　６　２５,2026-07-27,2026-08-01,09,津,一般,４５３,2026-07-10,2026-07-15,06,浜名湖,一般,５　６５５　５６４　１,2026-07-02,2026-07-07,04,平和島,一般,２４２　４５２　６３３６,4210,松村 康太,2026-08-26,2026-08-30,14,鳴門,一般,３３５　１５４　１１,2026-08-14,2026-08-19,10,三国,一般,１４１２５４１　５４５４,2026-08-06,2026-08-09,02,戸田,一般,３４４　５４３３,2026-07-27,2026-08-01,10,三国,一般,２６３４６　３　不３２,2026-07-16,2026-07-21,11,びわこ,一般,１５５５２　４　１２２２,3519,冨田 秀幸,2026-08-25,2026-08-30,17,宮島,一般,６　５４５　６４２２５４,2026-08-11,2026-08-16,07,蒲郡,一般,４　２６３４５　５４３,2026-07-25,2026-07-29,20,若松,一般,１５３５６　５　２１,2026-06-14,2026-06-18,01,桐生,一般,６５５　６　５５２,2026-05-22,2026-05-26,23,からつ,一般,５４５　３３６４６,3647,伊藤 雄二,2026-08-30,2026-09-02,21,芦屋,一般,４　６１６　３４,2026-08-12,2026-08-17,02,戸田,一般,４　４５３　５５６５５,2026-08-03,2026-08-08,19,下関,一般,４４５　１５５　６４３６,2026-07-24,2026-07-27,02,戸田,一般,６　２５６６４,2026-07-11,2026-07-16,03,江戸川,一般,２　２４４　４６１　２３
202609130504,2026-09-13,05,04R,5262,鈴木 章司,2026-07-29,2026-08-03,23,からつ,一般,３　２５４４３　３　５４,2026-07-15,2026-07-21,12,住之江,一般,転６５　４６４　４　４６６２,2026-06-30,2026-07-04,19,下関,一般,５　６３６５１　２,2026-06-20,2026-06-25,15,丸亀,一般,２　４４３　５６６　F３,2026-06-09,2026-06-14,11,びわこ,一般,４　６２６　４２１　４５,4281,大澤 大夢,2026-08-24,2026-08-29,13,尼崎,一般,６　３２２４５　２４４４,2026-08-11,2026-08-16,01,桐生,一般,５６１　３　５１３２６,2026-07-27,2026-07-31,19,下関,一般,５３２　５　１５４２,2026-07-15,2026-07-20,18,徳山,一般,４１２　４３１　３３３１,2026-07-05,2026-07-09,05,多摩川,一般,４４１３４　４　５２,4430,永田 秀二,2026-08-27,2026-08-31,04,平和島,一般,１５１　２１４４６５,2026-08-20,2026-08-23,23,からつ,一般,２５２５１６１６,2026-08-09,2026-08-15,03,江戸川,一般,１　３１２　１３２　[５],2026-07-23,2026-07-28,03,江戸川,ＧⅢ,４　３２６　２６２６４３,2026-07-13,2026-07-18,07,蒲郡,ＧⅡ,６　３　３４６　２５３,3489,大場 敏,2026-08-31,2026-09-05,20,若松,ＧⅢ,１６５２５　２４２　３１,2026-08-22,2026-08-27,08,常滑,ＧⅢ,４　１２５　６３１６１４,2026-08-11,2026-08-16,06,浜名湖,一般,２　２４１５３１４３２２,2026-07-25,2026-07-29,20,若松,一般,５２３　４５１１４５,2026-07-15,2026-07-20,18,徳山,一般,４　３１１４３４１５１４,3772,一柳 和孝,2026-08-22,2026-08-27,08,常滑,ＧⅢ,１６２　６４３　３３２３,2026-08-06,2026-08-09,02,戸田,一般,２　１６４３２３,2026-07-20,2026-07-25,15,丸亀,一般,１４３　６１４　２２１４,2026-07-07,2026-07-12,10,三国,ＧⅢ,４１５　５４６　３　４４,2026-06-26,2026-07-02,24,大村,一般,２３４　３３４　５５２３３,3792,田中 豪,2026-08-27,2026-08-31,04,平和島,一般,４６２４,2026-08-15,2026-08-20,05,多摩川,一般,５１３３２３２　１３３１,2026-07-22,2026-07-27,14,鳴門,一般,３　１６２６２３１４１３,2026-06-30,2026-07-04,19,下関,一般,４１１３３　５２[６],2026-06-09,2026-06-14,23,からつ,一般,５　２５３４５２６　６
202609130505,2026-09-13,05,05R,5103,芝田 京介,2026-08-21,2026-08-26,03,江戸川,一般,１５４　６１２　２４１６,2026-08-11,2026-08-16,01,桐生,一般,５　５　６５６　２２４２,2026-07-29,2026-08-03,22,福岡,一般,２　１５３４４５６　６３,2026-07-15,2026-07-19,08,常滑,一般,５　４６６　６６３,2026-05-09,2026-05-14,11,びわこ,一般,６５２　４　４４４　２２,4656,大崎 翔,2026-08-24,2026-08-29,13,尼崎,一般,５　２４６２３　５５５６,2026-08-16,2026-08-19,14,鳴門,一般,４６１５３　１１,2026-08-05,2026-08-10,09,津,一般,５　２６４　２４２　３２,2026-07-23,2026-07-28,03,江戸川,ＧⅢ,５　６２３　５６,2026-07-10,2026-07-15,23,からつ,一般,３　不２２５４５,4565,西村 豪洋,2026-08-24,2026-08-29,13,尼崎,一般,４　１５５６４　３　６４,2026-08-11,2026-08-16,07,蒲郡,一般,３　２６６　２４５５５,2026-07-24,2026-07-29,17,宮島,一般,６５５　３４４　５　２６,2026-07-15,2026-07-19,08,常滑,一般,　　　　　　　　３１,2026-07-09,2026-07-13,16,児島,一般,５５６　３　３３４６,3977,山本 兼士,2026-08-26,2026-08-30,14,鳴門,一般,４　３４４　６４４３,2026-08-13,2026-08-18,12,住之江,一般,５３５　５３３　３　３６,2026-07-23,2026-07-27,01,桐生,一般,２３３　５６４　６６,2026-07-07,2026-07-12,10,三国,ＧⅢ,４６３　３１２４１６２５,2026-06-26,2026-07-01,17,宮島,一般,２　１４５４５３４　６１,5433,米本 圭佑,2026-08-09,2026-08-15,03,江戸川,一般,６２転　６６５　４５４,2026-07-24,2026-07-27,02,戸田,一般,５　３４６５６,2026-07-11,2026-07-16,03,江戸川,一般,転　６５６　５４５　２６,2026-07-04,2026-07-09,01,桐生,一般,５　６６５　６６４　６６,2026-06-24,2026-06-29,09,津,一般,６　４６４　５４５　４４,4470,平田 健之佑,2026-08-25,2026-08-30,09,津,一般,１　１３６　１５２５４４,2026-08-11,2026-08-16,07,蒲郡,一般,１６４４２　４３２　１５,2026-08-03,2026-08-08,17,宮島,一般,２　３１６欠,2026-07-27,2026-08-01,09,津,一般,４　２,2026-07-15,2026-07-21,12,住之江,一般,２３１　５１１１１２４４２４
202609130506,2026-09-13,05,06R,3713,伊藤 誠二,2026-08-27,2026-09-01,07,蒲郡,一般,１　２６４５５５５　２１,2026-08-14,2026-08-19,10,三国,一般,６　３１２４４３２５３３,2026-07-31,2026-08-05,06,浜名湖,ＧⅢ,４　２３６４６４５　１１,2026-07-22,2026-07-26,08,常滑,一般,１　５２４３６　１５,2026-06-09,2026-06-14,23,からつ,一般,４　４５転　６２６３４２,3813,佐藤 大介,2026-08-27,2026-09-01,07,蒲郡,一般,１１４　３２２　１４３３,2026-08-16,2026-08-19,14,鳴門,一般,３５３４４　１２,2026-07-23,2026-07-28,03,江戸川,ＧⅢ,５　１２４　３２３　[４],2026-07-14,2026-07-19,01,桐生,一般,１５３　３５１　３４５３,2026-07-03,2026-07-06,09,津,一般,２３１５５　１１,3990,芹澤 克彦,2026-08-22,2026-08-27,22,福岡,一般,５２１　２４４４５　２,2026-08-11,2026-08-16,06,浜名湖,一般,１　５１４６F　５　５,2026-07-31,2026-08-05,06,浜名湖,ＧⅢ,３　５４３　２３５５６,2026-07-14,2026-07-19,21,芦屋,一般,３　４５３　２５４　６４,2026-06-30,2026-07-05,06,浜名湖,一般,４３２　３４３　１４５２,2538,高橋 二朗,2026-08-28,2026-08-31,23,からつ,一般,４６４　６　４２,2026-08-15,2026-08-20,05,多摩川,一般,４　４４５　５５３　６,2026-07-28,2026-08-02,16,児島,一般,４　４６５　５５４　４４,2026-07-15,2026-07-21,12,住之江,一般,１　３３４　５６４６３５５,2026-07-04,2026-07-09,18,徳山,一般,４６４　６６５　４４３,4031,飯島 誠,2026-08-23,2026-08-27,18,徳山,一般,６　４１６５４５６,2026-08-12,2026-08-17,02,戸田,一般,６５３　１６４　３４４４,2026-07-27,2026-07-31,19,下関,一般,３２１　６３１５２４,2026-07-16,2026-07-21,11,びわこ,一般,４１６　５２２　４５２６,2026-07-02,2026-07-06,21,芦屋,一般,２３６　６２３　２３,3740,大澤 普司,2026-08-26,2026-08-31,11,びわこ,一般,４３５２２　１３６４４３,2026-08-11,2026-08-16,01,桐生,一般,３３２３１　２　２　[３],2026-08-02,2026-08-05,21,芦屋,一般,４５１５３　１４,2026-07-23,2026-07-28,03,江戸川,ＧⅢ,５　６３２　２５,2026-07-14,2026-07-17,24,大村,一般,４１５３２４１６
202609130507,2026-09-13,05,07R,3463,乙津 康志,2026-08-23,2026-08-27,18,徳山,一般,５２５　６６１３３６,2026-08-11,2026-08-16,04,平和島,一般,２　３３１２２　６６１６,2026-07-29,2026-08-03,22,福岡,一般,４　５５３　１２４３３１,2026-07-10,2026-07-14,09,津,一般,５３４　２６６５５,2026-06-27,2026-07-01,02,戸田,一般,２６５　５　１２３６,4146,柳橋 宏紀,2026-08-28,2026-08-31,23,からつ,一般,６２１４転欠,2026-08-15,2026-08-20,11,びわこ,一般,５　４６２４５５５　４２,2026-08-05,2026-08-10,09,津,一般,１　４５２６６　６５１,2026-07-29,2026-08-01,18,徳山,一般,１　３５２２[６],2026-07-10,2026-07-15,06,浜名湖,一般,４　４４４　４４５　３２,3647,伊藤 雄二,2026-08-30,2026-09-02,21,芦屋,一般,４　６１６　３４,2026-08-12,2026-08-17,02,戸田,一般,４　４５３　５５６５５,2026-08-03,2026-08-08,19,下関,一般,４４５　１５５　６４３６,2026-07-24,2026-07-27,02,戸田,一般,６　２５６６４,2026-07-11,2026-07-16,03,江戸川,一般,２　２４４　４６１　２３,3848,川上 聡介,2026-08-26,2026-08-30,14,鳴門,一般,３　４５５　６　４２,2026-08-11,2026-08-16,07,蒲郡,一般,２　４５５　４４３　５２,2026-07-22,2026-07-26,08,常滑,一般,２１６　５５５６６,2026-07-09,2026-07-14,15,丸亀,一般,３　２５２３５２１６５６,2026-05-25,2026-05-31,03,江戸川,一般,６　６４５　３４　　３,5042,畑田 汰一,2026-08-27,2026-09-01,07,蒲郡,一般,１　３３１３F４１　２,2026-07-18,2026-07-23,09,津,ＧⅢ,２２３　５６６　１３２１,2026-07-09,2026-07-13,16,児島,一般,４１４３１２２２[１],2026-06-27,2026-07-01,02,戸田,一般,１３２１３２１６,2026-06-17,2026-06-22,24,大村,ＧⅡ,１　４１５　４２６　５F,5449,堀井 涼平,2026-08-11,2026-08-16,04,平和島,一般,６　６F６　６　６　６,2026-07-10,2026-07-14,09,津,一般,６　落６６　６６６６,2026-06-27,2026-07-01,02,戸田,一般,６　６６６　６５６,2026-06-13,2026-06-16,06,浜名湖,一般,２　５５１６６６,2026-05-20,2026-05-25,05,多摩川,一般,６　６６６　６６６　６６
202609130508,2026-09-13,05,08R,3772,一柳 和孝,2026-08-22,2026-08-27,08,常滑,ＧⅢ,１６２　６４３　３３２３,2026-08-06,2026-08-09,02,戸田,一般,２　１６４３２３,2026-07-20,2026-07-25,15,丸亀,一般,１４３　６１４　２２１４,2026-07-07,2026-07-12,10,三国,ＧⅢ,４１５　５４６　３　４４,2026-06-26,2026-07-02,24,大村,一般,２３４　３３４　５５２３３,4465,大西 賢,2026-08-21,2026-08-26,06,浜名湖,一般,２３５　４３６　３５４２,2026-08-09,2026-08-15,03,江戸川,一般,１　６４３　２４４　３２,2026-07-24,2026-07-27,12,住之江,一般,４　５３１　１５,2026-07-04,2026-07-09,01,桐生,一般,６５４　５５５,2026-06-24,2026-06-29,03,江戸川,一般,３４２　４３３　１６２,3519,冨田 秀幸,2026-08-25,2026-08-30,17,宮島,一般,６　５４５　６４２２５４,2026-08-11,2026-08-16,07,蒲郡,一般,４　２６３４５　５４３,2026-07-25,2026-07-29,20,若松,一般,１５３５６　５　２１,2026-06-14,2026-06-18,01,桐生,一般,６５５　６　５５２,2026-05-22,2026-05-26,23,からつ,一般,５４５　３３６４６,4035,杉江 浩明,2026-08-24,2026-08-29,13,尼崎,一般,６　５６２　５５３　５５,2026-08-11,2026-08-16,07,蒲郡,一般,４　６６５５６　６　１６,2026-07-29,2026-08-03,22,福岡,一般,６４４　５３３６３　５６,2026-07-14,2026-07-19,01,桐生,一般,６１６　３２４　２　５２,2026-06-30,2026-07-05,06,浜名湖,一般,６３６　５５２　５　５１,4281,大澤 大夢,2026-08-24,2026-08-29,13,尼崎,一般,６　３２２４５　２４４４,2026-08-11,2026-08-16,01,桐生,一般,５６１　３　５１３２６,2026-07-27,2026-07-31,19,下関,一般,５３２　５　１５４２,2026-07-15,2026-07-20,18,徳山,一般,４１２　４３１　３３３１,2026-07-05,2026-07-09,05,多摩川,一般,４４１３４　４　５２,3965,北中 元樹,2026-08-27,2026-08-31,04,平和島,一般,４４４１１１１６３１,2026-08-15,2026-08-20,11,びわこ,一般,１３転１５３５　１１４,2026-08-04,2026-08-09,12,住之江,一般,１　５３１　１３２１[５],2026-07-24,2026-07-27,06,浜名湖,一般,５　３６５３３２,2026-07-14,2026-07-19,21,芦屋,一般,２　５１４５３２１２[３]
202609130509,2026-09-13,05,09R,4470,平田 健之佑,2026-08-25,2026-08-30,09,津,一般,１　１３６　１５２５４４,2026-08-11,2026-08-16,07,蒲郡,一般,１６４４２　４３２　１５,2026-08-03,2026-08-08,17,宮島,一般,２　３１６欠,2026-07-27,2026-08-01,09,津,一般,４　２,2026-07-15,2026-07-21,12,住之江,一般,２３１　５１１１１２４４２４,4430,永田 秀二,2026-08-27,2026-08-31,04,平和島,一般,１５１　２１４４６５,2026-08-20,2026-08-23,23,からつ,一般,２５２５１６１６,2026-08-09,2026-08-15,03,江戸川,一般,１　３１２　１３２　[５],2026-07-23,2026-07-28,03,江戸川,ＧⅢ,４　３２６　２６２６４３,2026-07-13,2026-07-18,07,蒲郡,ＧⅡ,６　３　３４６　２５３,4420,津久井 拓也,2026-08-25,2026-08-30,09,津,一般,６　２４２３４　２６３３,2026-08-11,2026-08-16,01,桐生,一般,３　１４１２１４３　２１,2026-07-23,2026-07-28,21,芦屋,一般,２６１２５　１１１４２５,2026-07-11,2026-07-16,03,江戸川,一般,２３４　４２２１２６２１,2026-06-30,2026-07-05,16,児島,ＧⅡ,４　６　６６６　４５５,4565,西村 豪洋,2026-08-24,2026-08-29,13,尼崎,一般,４　１５５６４　３　６４,2026-08-11,2026-08-16,07,蒲郡,一般,３　２６６　２４５５５,2026-07-24,2026-07-29,17,宮島,一般,６５５　３４４　５　２６,2026-07-15,2026-07-19,08,常滑,一般,　　　　　　　　３１,2026-07-09,2026-07-13,16,児島,一般,５５６　３　３３４６,4491,田中 堅,2026-08-23,2026-08-27,18,徳山,一般,２　２６５５３４３１,2026-08-11,2026-08-16,01,桐生,一般,１　２５６　２　６　２５,2026-07-27,2026-08-01,09,津,一般,４５３,2026-07-10,2026-07-15,06,浜名湖,一般,５　６５５　５６４　１,2026-07-02,2026-07-07,04,平和島,一般,２４２　４５２　６３３６,5262,鈴木 章司,2026-07-29,2026-08-03,23,からつ,一般,３　２５４４３　３　５４,2026-07-15,2026-07-21,12,住之江,一般,転６５　４６４　４　４６６２,2026-06-30,2026-07-04,19,下関,一般,５　６３６５１　２,2026-06-20,2026-06-25,15,丸亀,一般,２　４４３　５６６　F３,2026-06-09,2026-06-14,11,びわこ,一般,４　６２６　４２１　４５
202609130510,2026-09-13,05,10R,3740,大澤 普司,2026-08-26,2026-08-31,11,びわこ,一般,４３５２２　１３６４４３,2026-08-11,2026-08-16,01,桐生,一般,３３２３１　２　２　[３],2026-08-02,2026-08-05,21,芦屋,一般,４５１５３　１４,2026-07-23,2026-07-28,03,江戸川,ＧⅢ,５　６３２　２５,2026-07-14,2026-07-17,24,大村,一般,４１５３２４１６,3641,一瀬 明,2026-08-28,2026-08-31,23,からつ,一般,１３３５１３５１,2026-08-15,2026-08-20,05,多摩川,一般,４５３２１　１４６６５６,2026-08-03,2026-08-08,17,宮島,一般,３　４６６５６,2026-07-24,2026-07-27,06,浜名湖,一般,５２１　１６１５,2026-07-14,2026-07-19,01,桐生,一般,２２４　５３２　１転１４,3489,大場 敏,2026-08-31,2026-09-05,20,若松,ＧⅢ,１６５２５　２４２　３１,2026-08-22,2026-08-27,08,常滑,ＧⅢ,４　１２５　６３１６１４,2026-08-11,2026-08-16,06,浜名湖,一般,２　２４１５３１４３２２,2026-07-25,2026-07-29,20,若松,一般,５２３　４５１１４５,2026-07-15,2026-07-20,18,徳山,一般,４　３１１４３４１５１４,4619,伏田 裕隆,2026-08-24,2026-08-29,13,尼崎,一般,３６６　１　不５１　５,2026-08-11,2026-08-16,04,平和島,一般,６１５　５　１４６１３,2026-07-29,2026-08-03,23,からつ,一般,３５１　１４２　２５３２,2026-07-15,2026-07-21,12,住之江,一般,１１１　２２５　１３２２[２],2026-07-04,2026-07-09,18,徳山,一般,２　６２２４３４６１５１,4656,大崎 翔,2026-08-24,2026-08-29,13,尼崎,一般,５　２４６２３　５５５６,2026-08-16,2026-08-19,14,鳴門,一般,４６１５３　１１,2026-08-05,2026-08-10,09,津,一般,５　２６４　２４２　３２,2026-07-23,2026-07-28,03,江戸川,ＧⅢ,５　６２３　５６,2026-07-10,2026-07-15,23,からつ,一般,３　不２２５４５,4376,藤田 靖弘,2026-08-27,2026-08-31,04,平和島,一般,３　４４６３１５４６,2026-08-17,2026-08-21,13,尼崎,一般,４２１　４４１５２３,2026-08-03,2026-08-08,17,宮島,一般,６　１３１５２３１６２５,2026-07-23,2026-07-28,21,芦屋,一般,６　１３５５１５５５３,2026-07-10,2026-07-14,09,津,一般,４２２　１２１２[２]
202609130511,2026-09-13,05,11R,3792,田中 豪,2026-08-27,2026-08-31,04,平和島,一般,４６２４,2026-08-15,2026-08-20,05,多摩川,一般,５１３３２３２　１３３１,2026-07-22,2026-07-27,14,鳴門,一般,３　１６２６２３１４１３,2026-06-30,2026-07-04,19,下関,一般,４１１３３　５２[６],2026-06-09,2026-06-14,23,からつ,一般,５　２５３４５２６　６,5042,畑田 汰一,2026-08-27,2026-09-01,07,蒲郡,一般,１　３３１３F４１　２,2026-07-18,2026-07-23,09,津,ＧⅢ,２２３　５６６　１３２１,2026-07-09,2026-07-13,16,児島,一般,４１４３１２２２[１],2026-06-27,2026-07-01,02,戸田,一般,１３２１３２１６,2026-06-17,2026-06-22,24,大村,ＧⅡ,１　４１５　４２６　５F,4210,松村 康太,2026-08-26,2026-08-30,14,鳴門,一般,３３５　１５４　１１,2026-08-14,2026-08-19,10,三国,一般,１４１２５４１　５４５４,2026-08-06,2026-08-09,02,戸田,一般,３４４　５４３３,2026-07-27,2026-08-01,10,三国,一般,２６３４６　３　不３２,2026-07-16,2026-07-21,11,びわこ,一般,１５５５２　４　１２２２,3934,鋤柄 貴俊,2026-08-24,2026-08-29,13,尼崎,一般,２　２５４５２　４２４２,2026-08-11,2026-08-16,07,蒲郡,一般,２　１５４３３　３４４４,2026-07-31,2026-08-05,06,浜名湖,ＧⅢ,６　４３５　４４４　３５,2026-07-15,2026-07-19,17,宮島,一般,１４４３１　３３４５,2026-07-04,2026-07-09,01,桐生,一般,３２２５５　３　２２５３,3813,佐藤 大介,2026-08-27,2026-09-01,07,蒲郡,一般,１１４　３２２　１４３３,2026-08-16,2026-08-19,14,鳴門,一般,３５３４４　１２,2026-07-23,2026-07-28,03,江戸川,ＧⅢ,５　１２４　３２３　[４],2026-07-14,2026-07-19,01,桐生,一般,１５３　３５１　３４５３,2026-07-03,2026-07-06,09,津,一般,２３１５５　１１,4645,上村 純一,2026-08-26,2026-08-30,14,鳴門,一般,３３１１３１２１[３],2026-08-11,2026-08-16,01,桐生,一般,５５２　２５３　３２４,2026-08-02,2026-08-05,21,芦屋,一般,２３１３１１[４],2026-07-23,2026-07-28,03,江戸川,ＧⅢ,３２３　２６５　３２６,2026-07-13,2026-07-18,07,蒲郡,ＧⅡ,２３１　６　２５１　３５
202609130512,2026-09-13,05,12R,4140,梶野 学志,2026-07-15,2026-07-19,17,宮島,一般,２　５６５５,2026-07-04,2026-07-09,18,徳山,一般,１,2026-06-24,2026-06-29,09,津,一般,６２２　３２３６１　４,2026-06-09,2026-06-13,07,蒲郡,一般,４１４　２６３F３,2026-05-28,2026-06-02,01,桐生,一般,６　２４２２１４１２,3997,北村 征嗣,2026-08-27,2026-09-01,07,蒲郡,一般,２２４１３　２３２３２５,2026-08-13,2026-08-18,12,住之江,一般,１４３　４４５　３５５,2026-07-31,2026-08-05,06,浜名湖,ＧⅢ,３１１４２　２２１２[４],2026-07-15,2026-07-21,12,住之江,一般,４　４３１　５３２５３４４３,2026-07-05,2026-07-09,24,大村,一般,１　５４２５３４２４,4587,木田 峰由季,2026-08-26,2026-08-31,11,びわこ,一般,４４５４１　３２５　４１,2026-08-14,2026-08-19,10,三国,一般,６６１２６２転　２　F４,2026-07-29,2026-08-03,22,福岡,一般,２　６６,2026-07-18,2026-07-22,10,三国,一般,１３２５５１１６２６,2026-07-09,2026-07-13,14,鳴門,一般,５６１３２１１６４５,4227,安達 裕樹,2026-08-30,2026-09-02,21,芦屋,一般,１５１２４５４５,2026-07-23,2026-07-28,03,江戸川,ＧⅢ,４３６　４２１　２５２３,2026-07-13,2026-07-18,07,蒲郡,ＧⅡ,６　３４４　２３３　１５,2026-06-30,2026-07-05,16,児島,ＧⅡ,１　F４６　３６６　４,2026-06-17,2026-06-22,24,大村,ＧⅡ,４　５４３　２３６　４４,3582,吉川 昭男,2026-08-26,2026-08-31,11,びわこ,一般,３　１１１１１２４１[２],2026-08-15,2026-08-20,09,津,一般,４　４５２　４５６　５１,2026-08-03,2026-08-08,19,下関,一般,２　５３３６５２１　１３,2026-07-23,2026-07-28,21,芦屋,一般,４１１４１１３　１５１１,2026-07-07,2026-07-12,08,常滑,一般,５４４１２　２２１４１１,3947,寺本 昇平,2026-08-23,2026-08-27,18,徳山,一般,２　６５４５２４５,2026-08-11,2026-08-16,01,桐生,一般,５　５５１　５　２２５３,2026-07-25,2026-07-29,20,若松,一般,１５５３４　２　５６,2026-07-09,2026-07-14,15,丸亀,一般,１２４　２４６５１６４６,2026-06-25,2026-06-30,01,桐生,ＧⅢ,６　６３３　６６１　５
202609130601,2026-09-13,06,01R,3286,坂東 満,2026-08-20,2026-08-23,02,戸田,一般,１５１２５　２５,2026-08-03,2026-08-08,19,下関,一般,５　６５２　６６５２５,2026-07-16,2026-07-21,11,びわこ,一般,６　６５６　６４６　６,2026-06-26,2026-07-01,17,宮島,一般,２５５　６５２３１　３６,2026-05-20,2026-05-25,09,津,一般,４　５５５　６５６　３,3906,飯山 晃三,2026-08-28,2026-08-31,23,からつ,一般,５　２６２２３６,2026-07-22,2026-07-27,14,鳴門,一般,４　２６６　５５４６５,2026-07-07,2026-07-12,10,三国,ＧⅢ,５６１　６６４　１　６２,2026-06-25,2026-06-30,13,尼崎,一般,６　４５転　６６６　６,2026-06-16,2026-06-21,09,津,一般,５　３６６　５４３　F６,3939,渡辺 真至,2026-09-01,2026-09-05,13,尼崎,一般,５　４４６　４５２,2026-08-22,2026-08-26,20,若松,一般,５　４２５　４６１４,2026-08-06,2026-08-09,02,戸田,一般,３　４５F４６,2026-07-24,2026-07-27,06,浜名湖,一般,２４３　１２３１,2026-07-14,2026-07-17,24,大村,一般,３３２　５５４４,3777,樋口 亮,2026-08-27,2026-09-01,07,蒲郡,一般,２３５　１６F４５　５,2026-08-17,2026-08-20,20,若松,一般,３　３５３３５,2026-08-06,2026-08-10,24,大村,一般,４　４３３１２２[６],2026-07-24,2026-07-29,17,宮島,一般,５６２　４４６欠,2026-06-17,2026-06-22,24,大村,ＧⅡ,６６５　４　４５３　３,4811,向井田 佑紀,2026-08-26,2026-08-30,14,鳴門,一般,１６３　３５５　３１,2026-08-14,2026-08-19,17,宮島,一般,２　６３６　６４５　４４,2026-08-06,2026-08-09,02,戸田,一般,１３２３２　５６,2026-07-27,2026-08-01,09,津,一般,４１６,2026-07-15,2026-07-19,17,宮島,一般,１　２３５３２４５６,5463,出口 飛龍,2026-08-24,2026-08-29,13,尼崎,一般,５　６６６　５６６　６,2026-08-13,2026-08-18,12,住之江,一般,６　４６６　６　６　５５,2026-07-15,2026-07-20,18,徳山,一般,６　６　６５６６６６６,2026-06-28,2026-07-01,10,三国,一般,６　６６６６６,2026-06-11,2026-06-16,16,児島,一般,６　６６転６６　６　６
202609130602,2026-09-13,06,02R,4684,楠原 翔太,2026-08-28,2026-08-31,23,からつ,一般,４５３　２１２２,2026-08-12,2026-08-17,22,福岡,一般,２２４　１３４４１３１１,2026-08-03,2026-08-08,04,平和島,ＧⅢ,４２５　２４１　２５５４,2026-07-22,2026-07-25,24,大村,一般,２　４６６２６,2026-07-10,2026-07-15,22,福岡,一般,３５４　５４３　４２２,4269,杉山 裕也,2026-08-22,2026-08-27,08,常滑,ＧⅢ,１３２３２　２２３１[２],2026-08-11,2026-08-16,07,蒲郡,一般,２２２３３　２２１３２１,2026-08-03,2026-08-08,04,平和島,ＧⅢ,３１２　３２５４２３３３,2026-07-23,2026-07-28,03,江戸川,ＧⅢ,１　２４２　２５５１１３,2026-07-13,2026-07-18,07,蒲郡,ＧⅡ,２　５　１１２　４　１４,3627,井上 恵一,2026-08-27,2026-09-01,07,蒲郡,一般,５　６５５　４１４２５,2026-08-12,2026-08-17,22,福岡,一般,３５５５４　４６５　６１,2026-08-02,2026-08-05,21,芦屋,一般,２　６６６　１４,2026-06-27,2026-07-01,02,戸田,一般,２２３　１６５３[６],2026-06-16,2026-06-21,18,徳山,ＧⅢ,エ２６５２　６５６６６５,5091,為本 智也,2026-08-28,2026-09-02,05,多摩川,ＧⅢ,２　６４２３５　３６１１,2026-08-17,2026-08-20,20,若松,一般,２　１４４６３５,2026-08-04,2026-08-09,10,三国,一般,２　１１５３２５２１[３],2026-07-22,2026-07-26,13,尼崎,一般,２４１　３５２３２２,2026-05-16,2026-05-19,06,浜名湖,一般,２　２２１３[３],5369,岡崎 凪汰,2026-08-24,2026-08-28,15,丸亀,一般,５　４　６５６　１４,2026-08-17,2026-08-20,20,若松,一般,５５１　２５４６,2026-08-04,2026-08-09,10,三国,一般,５６２　６　４２３６４５,2026-07-23,2026-07-28,21,芦屋,一般,６６５　３５６２２　５４,2026-07-11,2026-07-16,03,江戸川,一般,５　２６４６６　６５５,4358,松本 庸平,2026-08-30,2026-09-02,21,芦屋,一般,２５３　６６５６,2026-08-15,2026-08-20,09,津,一般,３４６　１５２　３５３,2026-08-03,2026-08-08,17,宮島,一般,３　６６５　３４６１５５,2026-07-22,2026-07-26,08,常滑,一般,６６３　６　４４５３,2026-06-30,2026-07-05,23,からつ,一般,１３５　３５２　１６４６
202609130603,2026-09-13,06,03R,4899,占部 一真,2026-08-27,2026-08-31,04,平和島,一般,５５２　６　５４６,2026-08-16,2026-08-19,14,鳴門,一般,６　６１６６５,2026-07-29,2026-08-03,23,からつ,一般,６５５　２５４　５６３,2026-07-17,2026-07-20,02,戸田,一般,６４５　４　１５,2026-07-03,2026-07-08,12,住之江,一般,４　６１４　６６４　１５,4345,西舘 健,2026-08-28,2026-09-02,05,多摩川,ＧⅢ,６　５４転欠,2026-08-20,2026-08-23,04,平和島,一般,６２４５４　３１,2026-08-09,2026-08-15,03,江戸川,一般,６　６６F　６２２　６３,2026-07-23,2026-07-28,03,江戸川,ＧⅢ,１１４　２３３　４　２１,2026-07-14,2026-07-19,01,桐生,一般,６　４４１　２５５　２３,4431,石塚 裕介,2026-08-30,2026-09-02,21,芦屋,一般,４　３６２３６６,2026-08-15,2026-08-20,09,津,一般,５　２５５　１２６５１,2026-07-31,2026-08-04,13,尼崎,一般,１５１　３４３　１５,2026-07-07,2026-07-12,20,若松,ＧⅢ,３　１６２　６５６　５４,2026-06-28,2026-07-02,05,多摩川,一般,５　１４１５１５２４,3516,吉原 聖人,2026-08-26,2026-08-31,11,びわこ,一般,２１５　５３５　２１３,2026-08-14,2026-08-19,17,宮島,一般,４　５５２　６４４６６,2026-08-05,2026-08-10,09,津,一般,５１４　３６５　４４１,2026-07-20,2026-07-25,15,丸亀,一般,３５６　３５５　２　２６,2026-07-07,2026-07-12,10,三国,ＧⅢ,６３６　２４４　３４１,3721,守田 俊介,2026-08-29,2026-09-03,19,下関,一般,１２１　２１４２６１[２],2026-08-15,2026-08-20,11,びわこ,一般,２３４１１　１１１２[２],2026-08-04,2026-08-09,10,三国,一般,１１３４６　１１２４１５,2026-07-22,2026-07-26,08,常滑,一般,３６３１１６１４４１,2026-07-13,2026-07-18,07,蒲郡,ＧⅡ,３１２　２　５　４　１６,4336,松田 竜馬,2026-08-25,2026-08-30,17,宮島,一般,５１４　３３３　５６３２,2026-08-12,2026-08-17,22,福岡,一般,１１２　６６４５２　２２,2026-07-23,2026-07-28,21,芦屋,一般,１　４１５２２４４２[６],2026-07-07,2026-07-12,02,戸田,ＧⅡ,転　６　５２５　３２５,2026-06-30,2026-07-04,19,下関,一般,４　３６１４４６６
202609130604,2026-09-13,06,04R,4798,浜先 真範,2026-08-29,2026-09-03,19,下関,一般,５　１３４３１２１　２２,2026-08-16,2026-08-19,14,鳴門,一般,１４１３３１[２],2026-08-03,2026-08-08,17,宮島,一般,３５３　４４３１２５１４,2026-07-23,2026-07-28,21,芦屋,一般,１４１３１３１　４１[１],2026-07-10,2026-07-15,23,からつ,一般,１１３　１５２２１５１２,4639,雑賀 勇貴,2026-08-28,2026-09-02,05,多摩川,ＧⅢ,６５６　２　６６１　５４,2026-08-13,2026-08-18,12,住之江,一般,５４４　４４６　２　４１,2026-08-03,2026-08-08,04,平和島,ＧⅢ,１　３６６３５　６４６,2026-07-17,2026-07-22,16,児島,ＧⅢ,６　５６６　６５,2026-07-03,2026-07-08,12,住之江,一般,５１５　２３６　１６５,4666,日笠 勝弘,2026-08-29,2026-09-03,16,児島,一般,５　２３１　１２２４６６,2026-08-14,2026-08-19,10,三国,一般,５　４３６　３６６　６３,2026-07-27,2026-07-31,19,下関,一般,３　５４３　１４３,2026-07-15,2026-07-19,17,宮島,一般,５　４１５４４　１６,2026-07-01,2026-07-06,22,福岡,一般,５　２５６　６４５　２５,3796,長野 道臣,2026-08-24,2026-08-29,13,尼崎,一般,６５４　１　６６４　２４,2026-08-11,2026-08-16,06,浜名湖,一般,４　４５６　６５５　１３,2026-07-23,2026-07-28,03,江戸川,ＧⅢ,６　１２５　６４２４５,2026-07-07,2026-07-12,10,三国,ＧⅢ,３４２　４１４６２６６４,2026-06-28,2026-07-02,05,多摩川,一般,６５５　１２６　３４,3392,小森 信雄,2026-08-27,2026-09-01,07,蒲郡,一般,３６５　２４５　４　４４,2026-08-15,2026-08-20,09,津,一般,３　１３５６２　４６２５,2026-08-04,2026-08-09,12,住之江,一般,６５５　２５３　６　１,2026-07-21,2026-07-26,23,からつ,一般,３　３４３３６　１３３３,2026-07-07,2026-07-12,08,常滑,一般,３５２　６５４　４５３１,5353,草川 壮良,2026-08-29,2026-09-03,16,児島,一般,１２３　６６５　６３１６,2026-08-17,2026-08-20,20,若松,一般,６　４４５　５６,2026-08-07,2026-08-11,15,丸亀,一般,６　５６４　３　５６,2026-05-27,2026-06-01,08,常滑,一般,４６４　４４６　F　２,2026-05-09,2026-05-14,11,びわこ,一般,５６６　２　６５１　６５
202609130605,2026-09-13,06,05R,4876,梅木 敬太,2026-08-28,2026-09-02,05,多摩川,ＧⅢ,１　６３３　４２６３２２,2026-08-17,2026-08-20,20,若松,一般,４　６６５６５,2026-08-04,2026-08-09,10,三国,一般,２２５　４５１　６１２５,2026-07-27,2026-07-31,19,下関,一般,２３６　５６１　３２,2026-07-14,2026-07-19,01,桐生,一般,４　４１４　３３５　１３,3939,渡辺 真至,2026-09-01,2026-09-05,13,尼崎,一般,５　４４６　４５２,2026-08-22,2026-08-26,20,若松,一般,５　４２５　４６１４,2026-08-06,2026-08-09,02,戸田,一般,３　４５F４６,2026-07-24,2026-07-27,06,浜名湖,一般,２４３　１２３１,2026-07-14,2026-07-17,24,大村,一般,３３２　５５４４,5066,鈴木 孝明,2026-08-28,2026-09-02,05,多摩川,ＧⅢ,３４４３１　１３１４２１,2026-08-12,2026-08-17,02,戸田,一般,２４１　３４４　６　１３,2026-07-30,2026-08-04,08,常滑,一般,４５３１２２２６３３２３,2026-07-18,2026-07-23,09,津,ＧⅢ,１４１　３　２４３　２１,2026-07-09,2026-07-13,14,鳴門,一般,１４２４２６４６５６,4434,田中 辰彦,2026-08-29,2026-09-03,16,児島,一般,３　４６３４４５５　３,2026-08-14,2026-08-19,17,宮島,一般,３３６　１４１５１５１１,2026-07-27,2026-08-01,09,津,一般,３　１,2026-07-15,2026-07-19,08,常滑,一般,１４４　２６２５１６,2026-06-30,2026-07-05,23,からつ,一般,１　３４２２３５１２[４],4369,丹下 将,2026-08-29,2026-09-03,16,児島,一般,１　１３６５４５２　４４,2026-08-14,2026-08-19,10,三国,一般,６２１２５　２６２５３６,2026-08-03,2026-08-08,19,下関,一般,３４１２２　２４２２[５],2026-07-22,2026-07-26,08,常滑,一般,１　１４３３４２[６],2026-07-07,2026-07-12,20,若松,ＧⅢ,６６２　１４１６３５１４,3842,星野 太郎,2026-08-30,2026-09-03,08,常滑,一般,２５２２１　６３２６,2026-08-15,2026-08-20,09,津,一般,３　１５１　４５５４３２,2026-08-06,2026-08-09,02,戸田,一般,６　５３６　３１,2026-07-23,2026-07-28,21,芦屋,一般,４　６２２２６６６　３２,2026-07-03,2026-07-06,09,津,一般,３５６　２３２２
202609130606,2026-09-13,06,06R,4022,待鳥 雄紀,2026-08-27,2026-08-31,04,平和島,一般,４　４５４　５５５,2026-08-16,2026-08-19,14,鳴門,一般,２　１４２５４４,2026-07-29,2026-08-03,22,福岡,一般,６　４４１４２　５２５２,2026-07-15,2026-07-19,08,常滑,一般,５２１３４　１５１６,2026-07-03,2026-07-06,09,津,一般,６　４３３５３６,4654,篠田 優也,2026-08-29,2026-09-03,16,児島,一般,３３,2026-08-09,2026-08-14,13,尼崎,一般,４　１２１６２　４　１４,2026-07-29,2026-08-03,23,からつ,一般,３　５５,2026-07-20,2026-07-25,15,丸亀,一般,２５３３２　１２１　２２,2026-07-10,2026-07-13,19,下関,一般,３４１３１５２３,4381,田路 朋史,2026-08-29,2026-09-03,19,下関,一般,５　１２１４５　３５１６,2026-08-20,2026-08-23,24,大村,一般,３　４３２　４６,2026-08-09,2026-08-14,13,尼崎,一般,２　２４５　２５４２４２,2026-07-22,2026-07-26,08,常滑,一般,１３５　４１２　２２,2026-07-10,2026-07-15,23,からつ,一般,５　４４５　３４２２１１,5369,岡崎 凪汰,2026-08-24,2026-08-28,15,丸亀,一般,５　４　６５６　１４,2026-08-17,2026-08-20,20,若松,一般,５５１　２５４６,2026-08-04,2026-08-09,10,三国,一般,５６２　６　４２３６４５,2026-07-23,2026-07-28,21,芦屋,一般,６６５　３５６２２　５４,2026-07-11,2026-07-16,03,江戸川,一般,５　２６４６６　６５５,5463,出口 飛龍,2026-08-24,2026-08-29,13,尼崎,一般,５　６６６　５６６　６,2026-08-13,2026-08-18,12,住之江,一般,６　４６６　６　６　５５,2026-07-15,2026-07-20,18,徳山,一般,６　６　６５６６６６６,2026-06-28,2026-07-01,10,三国,一般,６　６６６６６,2026-06-11,2026-06-16,16,児島,一般,６　６６転６６　６　６,4150,山田 雄太,2026-08-28,2026-09-02,05,多摩川,ＧⅢ,２１１５３　４１２１[４],2026-08-11,2026-08-16,06,浜名湖,一般,１３３２５　１　３　３２,2026-07-28,2026-08-02,15,丸亀,一般,４　３４２　４４１６１４,2026-07-15,2026-07-19,17,宮島,一般,１　１４４５１４１５,2026-07-05,2026-07-09,24,大村,一般,６６２　２１２６１６
202609130607,2026-09-13,06,07R,3516,吉原 聖人,2026-08-26,2026-08-31,11,びわこ,一般,２１５　５３５　２１３,2026-08-14,2026-08-19,17,宮島,一般,４　５５２　６４４６６,2026-08-05,2026-08-10,09,津,一般,５１４　３６５　４４１,2026-07-20,2026-07-25,15,丸亀,一般,３５６　３５５　２　２６,2026-07-07,2026-07-12,10,三国,ＧⅢ,６３６　２４４　３４１,4677,片橋 幸貴,2026-08-30,2026-09-03,08,常滑,一般,１３１５２２３３３１,2026-08-15,2026-08-20,11,びわこ,一般,転　１３４６２４６　２１,2026-08-08,2026-08-11,05,多摩川,一般,４６２１４４４１,2026-07-28,2026-08-02,16,児島,一般,５２１２１　２２５１[３],2026-07-15,2026-07-21,12,住之江,一般,３４２　２１１３５２６３[５],3306,武田 正紀,2026-08-27,2026-08-31,04,平和島,一般,６４１　１５２　４６,2026-08-12,2026-08-17,02,戸田,一般,４　５２４　２５４３４６,2026-07-31,2026-08-05,05,多摩川,一般,４６２　１６６　４５３,2026-07-16,2026-07-21,11,びわこ,一般,５　２４１４５１２　５４,2026-07-01,2026-07-06,22,福岡,一般,６　５３５　３４３　２５,3286,坂東 満,2026-08-20,2026-08-23,02,戸田,一般,１５１２５　２５,2026-08-03,2026-08-08,19,下関,一般,５　６５２　６６５２５,2026-07-16,2026-07-21,11,びわこ,一般,６　６５６　６４６　６,2026-06-26,2026-07-01,17,宮島,一般,２５５　６５２３１　３６,2026-05-20,2026-05-25,09,津,一般,４　５５５　６５６　３,4588,田中 京介,2026-08-29,2026-09-03,19,下関,一般,３４２　３５１　６６１４,2026-08-17,2026-08-21,13,尼崎,一般,３　６１２４３６１５,2026-08-06,2026-08-10,24,大村,一般,２１３６５　２４１４,2026-07-23,2026-07-27,01,桐生,一般,６　１６６１４　１２,2026-07-10,2026-07-15,22,福岡,一般,２２５５６３１　５　２１,3811,石田 章央,2026-08-30,2026-09-03,08,常滑,一般,２　５３５１２５２６,2026-08-17,2026-08-20,20,若松,一般,３６１３１５１４,2026-08-03,2026-08-08,17,宮島,一般,５　１１３３１５１３５２,2026-07-24,2026-07-27,06,浜名湖,一般,１５４２６　６１,2026-07-14,2026-07-19,01,桐生,一般,４　４５１１１　６６１５
202609130608,2026-09-13,06,08R,3777,樋口 亮,2026-08-27,2026-09-01,07,蒲郡,一般,２３５　１６F４５　５,2026-08-17,2026-08-20,20,若松,一般,３　３５３３５,2026-08-06,2026-08-10,24,大村,一般,４　４３３１２２[６],2026-07-24,2026-07-29,17,宮島,一般,５６２　４４６欠,2026-06-17,2026-06-22,24,大村,ＧⅡ,６６５　４　４５３　３,3796,長野 道臣,2026-08-24,2026-08-29,13,尼崎,一般,６５４　１　６６４　２４,2026-08-11,2026-08-16,06,浜名湖,一般,４　４５６　６５５　１３,2026-07-23,2026-07-28,03,江戸川,ＧⅢ,６　１２５　６４２４５,2026-07-07,2026-07-12,10,三国,ＧⅢ,３４２　４１４６２６６４,2026-06-28,2026-07-02,05,多摩川,一般,６５５　１２６　３４,5091,為本 智也,2026-08-28,2026-09-02,05,多摩川,ＧⅢ,２　６４２３５　３６１１,2026-08-17,2026-08-20,20,若松,一般,２　１４４６３５,2026-08-04,2026-08-09,10,三国,一般,２　１１５３２５２１[３],2026-07-22,2026-07-26,13,尼崎,一般,２４１　３５２３２２,2026-05-16,2026-05-19,06,浜名湖,一般,２　２２１３[３],4967,中村 魁生,2026-08-28,2026-09-02,05,多摩川,ＧⅢ,３５２６４４４　４,2026-08-13,2026-08-18,12,住之江,一般,３　３５６　２３４４１,2026-08-04,2026-08-09,10,三国,一般,６　２２１３６３１６１４,2026-07-28,2026-07-31,24,大村,一般,４１３３３　２２,2026-07-18,2026-07-23,09,津,ＧⅢ,３F６　３３４　３　３,3714,梶原 正,2026-08-27,2026-09-01,07,蒲郡,一般,４６４　５　２５５　２４,2026-08-16,2026-08-19,14,鳴門,一般,２４６　４４６,2026-07-29,2026-08-03,23,からつ,一般,３４４　６　２６６３３,2026-07-18,2026-07-21,04,平和島,一般,１４２６５　２３,2026-07-04,2026-07-09,18,徳山,一般,６　２５１６６６２　６６,4431,石塚 裕介,2026-08-30,2026-09-02,21,芦屋,一般,４　３６２３６６,2026-08-15,2026-08-20,09,津,一般,５　２５５　１２６５１,2026-07-31,2026-08-04,13,尼崎,一般,１５１　３４３　１５,2026-07-07,2026-07-12,20,若松,ＧⅢ,３　１６２　６５６　５４,2026-06-28,2026-07-02,05,多摩川,一般,５　１４１５１５２４
202609130609,2026-09-13,06,09R,4666,日笠 勝弘,2026-08-29,2026-09-03,16,児島,一般,５　２３１　１２２４６６,2026-08-14,2026-08-19,10,三国,一般,５　４３６　３６６　６３,2026-07-27,2026-07-31,19,下関,一般,３　５４３　１４３,2026-07-15,2026-07-19,17,宮島,一般,５　４１５４４　１６,2026-07-01,2026-07-06,22,福岡,一般,５　２５６　６４５　２５,3721,守田 俊介,2026-08-29,2026-09-03,19,下関,一般,１２１　２１４２６１[２],2026-08-15,2026-08-20,11,びわこ,一般,２３４１１　１１１２[２],2026-08-04,2026-08-09,10,三国,一般,１１３４６　１１２４１５,2026-07-22,2026-07-26,08,常滑,一般,３６３１１６１４４１,2026-07-13,2026-07-18,07,蒲郡,ＧⅡ,３１２　２　５　４　１６,4684,楠原 翔太,2026-08-28,2026-08-31,23,からつ,一般,４５３　２１２２,2026-08-12,2026-08-17,22,福岡,一般,２２４　１３４４１３１１,2026-08-03,2026-08-08,04,平和島,ＧⅢ,４２５　２４１　２５５４,2026-07-22,2026-07-25,24,大村,一般,２　４６６２６,2026-07-10,2026-07-15,22,福岡,一般,３５４　５４３　４２２,4068,幸田 智裕,2026-08-31,2026-09-05,18,徳山,一般,３　５３４　５４５　６２,2026-08-24,2026-08-28,15,丸亀,一般,６６４　６　２３３,2026-08-11,2026-08-16,06,浜名湖,一般,１　５４４　５６４　２４,2026-07-27,2026-08-01,09,津,一般,４　２５,2026-07-15,2026-07-19,17,宮島,一般,４５６　２４６　４４,3906,飯山 晃三,2026-08-28,2026-08-31,23,からつ,一般,５　２６２２３６,2026-07-22,2026-07-27,14,鳴門,一般,４　２６６　５５４６５,2026-07-07,2026-07-12,10,三国,ＧⅢ,５６１　６６４　１　６２,2026-06-25,2026-06-30,13,尼崎,一般,６　４５転　６６６　６,2026-06-16,2026-06-21,09,津,一般,５　３６６　５４３　F６,4066,東本 勝利,2026-08-30,2026-09-03,08,常滑,一般,２２４　２３１３２４,2026-08-20,2026-08-23,02,戸田,一般,２１４　１３[１],2026-08-11,2026-08-16,07,蒲郡,一般,２６３　３５４　５４４,2026-07-24,2026-07-29,17,宮島,一般,１　４６２１３４１５１落,2026-07-15,2026-07-20,18,徳山,一般,３２５２１　１５４２[２]
202609130610,2026-09-13,06,10R,4269,杉山 裕也,2026-08-22,2026-08-27,08,常滑,ＧⅢ,１３２３２　２２３１[２],2026-08-11,2026-08-16,07,蒲郡,一般,２２２３３　２２１３２１,2026-08-03,2026-08-08,04,平和島,ＧⅢ,３１２　３２５４２３３３,2026-07-23,2026-07-28,03,江戸川,ＧⅢ,１　２４２　２５５１１３,2026-07-13,2026-07-18,07,蒲郡,ＧⅡ,２　５　１１２　４　１４,4811,向井田 佑紀,2026-08-26,2026-08-30,14,鳴門,一般,１６３　３５５　３１,2026-08-14,2026-08-19,17,宮島,一般,２　６３６　６４５　４４,2026-08-06,2026-08-09,02,戸田,一般,１３２３２　５６,2026-07-27,2026-08-01,09,津,一般,４１６,2026-07-15,2026-07-19,17,宮島,一般,１　２３５３２４５６,3392,小森 信雄,2026-08-27,2026-09-01,07,蒲郡,一般,３６５　２４５　４　４４,2026-08-15,2026-08-20,09,津,一般,３　１３５６２　４６２５,2026-08-04,2026-08-09,12,住之江,一般,６５５　２５３　６　１,2026-07-21,2026-07-26,23,からつ,一般,３　３４３３６　１３３３,2026-07-07,2026-07-12,08,常滑,一般,３５２　６５４　４５３１,4022,待鳥 雄紀,2026-08-27,2026-08-31,04,平和島,一般,４　４５４　５５５,2026-08-16,2026-08-19,14,鳴門,一般,２　１４２５４４,2026-07-29,2026-08-03,22,福岡,一般,６　４４１４２　５２５２,2026-07-15,2026-07-19,08,常滑,一般,５２１３４　１５１６,2026-07-03,2026-07-06,09,津,一般,６　４３３５３６,5066,鈴木 孝明,2026-08-28,2026-09-02,05,多摩川,ＧⅢ,３４４３１　１３１４２１,2026-08-12,2026-08-17,02,戸田,一般,２４１　３４４　６　１３,2026-07-30,2026-08-04,08,常滑,一般,４５３１２２２６３３２３,2026-07-18,2026-07-23,09,津,ＧⅢ,１４１　３　２４３　２１,2026-07-09,2026-07-13,14,鳴門,一般,１４２４２６４６５６,4345,西舘 健,2026-08-28,2026-09-02,05,多摩川,ＧⅢ,６　５４転欠,2026-08-20,2026-08-23,04,平和島,一般,６２４５４　３１,2026-08-09,2026-08-15,03,江戸川,一般,６　６６F　６２２　６３,2026-07-23,2026-07-28,03,江戸川,ＧⅢ,１１４　２３３　４　２１,2026-07-14,2026-07-19,01,桐生,一般,６　４４１　２５５　２３
202609130611,2026-09-13,06,11R,4588,田中 京介,2026-08-29,2026-09-03,19,下関,一般,３４２　３５１　６６１４,2026-08-17,2026-08-21,13,尼崎,一般,３　６１２４３６１５,2026-08-06,2026-08-10,24,大村,一般,２１３６５　２４１４,2026-07-23,2026-07-27,01,桐生,一般,６　１６６１４　１２,2026-07-10,2026-07-15,22,福岡,一般,２２５５６３１　５　２１,3842,星野 太郎,2026-08-30,2026-09-03,08,常滑,一般,２５２２１　６３２６,2026-08-15,2026-08-20,09,津,一般,３　１５１　４５５４３２,2026-08-06,2026-08-09,02,戸田,一般,６　５３６　３１,2026-07-23,2026-07-28,21,芦屋,一般,４　６２２２６６６　３２,2026-07-03,2026-07-06,09,津,一般,３５６　２３２２,4654,篠田 優也,2026-08-29,2026-09-03,16,児島,一般,３３,2026-08-09,2026-08-14,13,尼崎,一般,４　１２１６２　４　１４,2026-07-29,2026-08-03,23,からつ,一般,３　５５,2026-07-20,2026-07-25,15,丸亀,一般,２５３３２　１２１　２２,2026-07-10,2026-07-13,19,下関,一般,３４１３１５２３,4798,浜先 真範,2026-08-29,2026-09-03,19,下関,一般,５　１３４３１２１　２２,2026-08-16,2026-08-19,14,鳴門,一般,１４１３３１[２],2026-08-03,2026-08-08,17,宮島,一般,３５３　４４３１２５１４,2026-07-23,2026-07-28,21,芦屋,一般,１４１３１３１　４１[１],2026-07-10,2026-07-15,23,からつ,一般,１１３　１５２２１５１２,4899,占部 一真,2026-08-27,2026-08-31,04,平和島,一般,５５２　６　５４６,2026-08-16,2026-08-19,14,鳴門,一般,６　６１６６５,2026-07-29,2026-08-03,23,からつ,一般,６５５　２５４　５６３,2026-07-17,2026-07-20,02,戸田,一般,６４５　４　１５,2026-07-03,2026-07-08,12,住之江,一般,４　６１４　６６４　１５,3627,井上 恵一,2026-08-27,2026-09-01,07,蒲郡,一般,５　６５５　４１４２５,2026-08-12,2026-08-17,22,福岡,一般,３５５５４　４６５　６１,2026-08-02,2026-08-05,21,芦屋,一般,２　６６６　１４,2026-06-27,2026-07-01,02,戸田,一般,２２３　１６５３[６],2026-06-16,2026-06-21,18,徳山,ＧⅢ,エ２６５２　６５６６６５
202609130612,2026-09-13,06,12R,4967,中村 魁生,2026-08-28,2026-09-02,05,多摩川,ＧⅢ,３５２６４４４　４,2026-08-13,2026-08-18,12,住之江,一般,３　３５６　２３４４１,2026-08-04,2026-08-09,10,三国,一般,６　２２１３６３１６１４,2026-07-28,2026-07-31,24,大村,一般,４１３３３　２２,2026-07-18,2026-07-23,09,津,ＧⅢ,３F６　３３４　３　３,4150,山田 雄太,2026-08-28,2026-09-02,05,多摩川,ＧⅢ,２１１５３　４１２１[４],2026-08-11,2026-08-16,06,浜名湖,一般,１３３２５　１　３　３２,2026-07-28,2026-08-02,15,丸亀,一般,４　３４２　４４１６１４,2026-07-15,2026-07-19,17,宮島,一般,１　１４４５１４１５,2026-07-05,2026-07-09,24,大村,一般,６６２　２１２６１６,4336,松田 竜馬,2026-08-25,2026-08-30,17,宮島,一般,５１４　３３３　５６３２,2026-08-12,2026-08-17,22,福岡,一般,１１２　６６４５２　２２,2026-07-23,2026-07-28,21,芦屋,一般,１　４１５２２４４２[６],2026-07-07,2026-07-12,02,戸田,ＧⅡ,転　６　５２５　３２５,2026-06-30,2026-07-04,19,下関,一般,４　３６１４４６６,4358,松本 庸平,2026-08-30,2026-09-02,21,芦屋,一般,２５３　６６５６,2026-08-15,2026-08-20,09,津,一般,３４６　１５２　３５３,2026-08-03,2026-08-08,17,宮島,一般,３　６６５　３４６１５５,2026-07-22,2026-07-26,08,常滑,一般,６６３　６　４４５３,2026-06-30,2026-07-05,23,からつ,一般,１３５　３５２　１６４６,4677,片橋 幸貴,2026-08-30,2026-09-03,08,常滑,一般,１３１５２２３３３１,2026-08-15,2026-08-20,11,びわこ,一般,転　１３４６２４６　２１,2026-08-08,2026-08-11,05,多摩川,一般,４６２１４４４１,2026-07-28,2026-08-02,16,児島,一般,５２１２１　２２５１[３],2026-07-15,2026-07-21,12,住之江,一般,３４２　２１１３５２６３[５],4369,丹下 将,2026-08-29,2026-09-03,16,児島,一般,１　１３６５４５２　４４,2026-08-14,2026-08-19,10,三国,一般,６２１２５　２６２５３６,2026-08-03,2026-08-08,19,下関,一般,３４１２２　２４２２[５],2026-07-22,2026-07-26,08,常滑,一般,１　１４３３４２[６],2026-07-07,2026-07-12,20,若松,ＧⅢ,６６２　１４１６３５１４
202609130701,2026-09-13,07,01R,5169,堀本 翔太,2026-08-20,2026-08-23,24,大村,一般,５４４　５　３４,2026-08-04,2026-08-09,10,三国,一般,６　３　５４５４６　６５,2026-07-24,2026-07-27,12,住之江,一般,６６５　４　５,2026-07-11,2026-07-16,03,江戸川,一般,５１３４２　４４５　５５,2026-06-28,2026-07-03,20,若松,一般,４　４４３４４　２　６５,5240,高橋 龍治,2026-08-26,2026-08-31,11,びわこ,一般,６　２６６　６６２　６５,2026-08-12,2026-08-17,22,福岡,一般,４　６３３　４１１４落５,2026-07-23,2026-07-28,03,江戸川,ＧⅢ,６６６　５４６,2026-07-10,2026-07-15,22,福岡,一般,５６５　４５３　４６６,2026-06-24,2026-06-29,09,津,一般,１４３　２５２６１６２６,5128,坪井 爽佑,2026-08-30,2026-09-02,21,芦屋,一般,４　４５６　１６,2026-08-11,2026-08-16,07,蒲郡,一般,５　４４６　５６１　６２,2026-07-28,2026-08-02,16,児島,一般,２２５　６４３４６　５３,2026-07-09,2026-07-14,15,丸亀,一般,６６３　１５３　４５３,2026-06-13,2026-06-16,06,浜名湖,一般,２　３５４６１３,5197,中野 仁照,2026-08-28,2026-09-02,05,多摩川,ＧⅢ,　　　　　　　　　　１２,2026-08-11,2026-08-16,07,蒲郡,一般,３３５　４２３　３６１５,2026-07-30,2026-08-04,08,常滑,一般,４４１　５６４　３　４１,2026-07-19,2026-07-23,05,多摩川,一般,５６５１５　６　２１,2026-06-11,2026-06-16,03,江戸川,一般,６６６　３６,5175,島崎 丈一朗,2026-08-24,2026-08-29,13,尼崎,一般,５　４５５　３４６　５,2026-08-11,2026-08-16,04,平和島,一般,３４４　６６６　４　３６,2026-07-30,2026-08-04,08,常滑,一般,３５６,2026-07-20,2026-07-25,15,丸亀,一般,５　３３３　５５６　２４,2026-07-10,2026-07-13,19,下関,一般,６３３　３５１,5434,藤田 康生,2026-08-25,2026-08-30,17,宮島,一般,３　妨６３　２２５　６３,2026-08-11,2026-08-16,06,浜名湖,一般,５　４３５　５５２５３,2026-07-31,2026-08-05,05,多摩川,一般,２４３　１転５　６６F,2026-07-24,2026-07-27,06,浜名湖,一般,４　２５４３５４,2026-07-15,2026-07-20,18,徳山,一般,６　４４６３３　５３２
202609130702,2026-09-13,07,02R,5279,石渡 翔一郎,2026-09-05,2026-09-11,03,江戸川,一般,１　２２４　５５１　４転,2026-08-26,2026-08-31,11,びわこ,一般,４　３４２　２４１３１３,2026-08-09,2026-08-15,03,江戸川,一般,２　２３４　２１転　３,2026-07-30,2026-08-04,08,常滑,一般,１　１４１４落５２　３４,2026-07-18,2026-07-23,09,津,ＧⅢ,５　２３６　欠　２５２３,5308,藤森 拓海,2026-08-31,2026-09-05,18,徳山,一般,６　５４５　６５１　２６,2026-08-22,2026-08-27,22,福岡,一般,６６５　２５４　３４５,2026-08-10,2026-08-15,21,芦屋,一般,４　２５２　３５５　６４,2026-07-30,2026-08-04,08,常滑,一般,２３４　３６６　２　転５,2026-07-14,2026-07-19,01,桐生,一般,５　５１２　１３４５２,5332,村松 遥輝,2026-08-24,2026-08-29,13,尼崎,一般,５　４６６　２６２　６２,2026-08-11,2026-08-16,06,浜名湖,一般,５４６　６６５　３　４６,2026-07-24,2026-07-27,06,浜名湖,一般,１１１４４　[５],2026-07-17,2026-07-22,16,児島,ＧⅢ,３２４　６　４３５　５５,2026-07-09,2026-07-13,14,鳴門,一般,３　６５５　４３６３,5275,松田 淳平,2026-09-04,2026-09-09,11,びわこ,一般,４５４　４３３　２　４１,2026-08-25,2026-08-30,09,津,一般,５４２　６１２　４４４１,2026-07-18,2026-07-23,09,津,ＧⅢ,１１５　１　３６１　[４],2026-07-09,2026-07-14,15,丸亀,一般,４４１　１２４３３２[４],2026-06-28,2026-07-03,20,若松,一般,１１２　１５３　２２[３],5232,樅山 拓馬,2026-09-01,2026-09-05,13,尼崎,一般,４　３５４F６　４,2026-08-20,2026-08-23,24,大村,一般,３５５　１６２,2026-08-10,2026-08-15,08,常滑,一般,４２２　２１４６１　４４,2026-07-31,2026-08-05,05,多摩川,一般,１　４１３５４　１１５１,2026-07-17,2026-07-22,16,児島,ＧⅢ,３　２２２３４　３６２４,5337,出畑 孝成,2026-08-25,2026-08-30,17,宮島,一般,６　２３５５５　３３５,2026-08-12,2026-08-17,22,福岡,一般,４　２５３　４エ５　２３,2026-07-22,2026-07-27,14,鳴門,一般,１　５６４２５　３５４４,2026-07-10,2026-07-15,22,福岡,一般,６　３４６　４５５　４４,2026-06-30,2026-07-04,19,下関,一般,　　　　　　３６４１
202609130703,2026-09-13,07,03R,5239,上野 俊樹,2026-08-25,2026-08-30,17,宮島,一般,６　２１３　３５３２４,2026-08-12,2026-08-17,22,福岡,一般,５１４　３２１２３２[６],2026-07-23,2026-07-28,21,芦屋,一般,６５２　１３３３１４１２,2026-07-10,2026-07-15,22,福岡,一般,３２１　５３１　２４５２,2026-06-25,2026-06-30,01,桐生,ＧⅢ,１　１３２３２３５２[６],5234,塚越 海斗,2026-09-04,2026-09-09,11,びわこ,一般,２６４　４２６２１６２５,2026-08-23,2026-08-27,18,徳山,一般,３１３１１２４１[１],2026-08-11,2026-08-16,01,桐生,一般,４３３　３４１６３　１４,2026-07-30,2026-08-04,08,常滑,一般,１２５３３４１２５２[２],2026-07-18,2026-07-23,09,津,ＧⅢ,４４６　６４１　２６５,5134,大原 祥昌,2026-09-04,2026-09-09,11,びわこ,一般,４　６２１４１４３３１４,2026-08-28,2026-08-31,23,からつ,一般,１１４　４２[３],2026-08-14,2026-08-19,17,宮島,一般,１　５６４３３３１　２３,2026-07-30,2026-08-04,08,常滑,一般,１６２　５１４３１３６２,2026-07-15,2026-07-21,12,住之江,一般,転　６３３　５２２　５５１３,5301,岩下 巧斗,2026-08-28,2026-09-02,05,多摩川,ＧⅢ,５４４　６　２１５４３１,2026-08-20,2026-08-23,04,平和島,一般,５　４６１５１,2026-08-11,2026-08-16,01,桐生,一般,５　３４６　１　３４２４,2026-08-04,2026-08-09,12,住之江,一般,３４２　２６３６２　１６,2026-07-23,2026-07-27,01,桐生,一般,４４４　２　３６１５,5411,木下 虎之輔,2026-08-20,2026-08-23,02,戸田,一般,　　　　　　３６,2026-08-09,2026-08-15,03,江戸川,一般,２６４　６５６　５１５５,2026-07-23,2026-07-27,01,桐生,一般,６　３　５６６６３,2026-07-11,2026-07-16,03,江戸川,一般,６６６　５６５　５６６６,2026-07-02,2026-07-07,04,平和島,一般,４　２６６４６　５　５６,5214,田中 宏典,2026-08-22,2026-08-27,08,常滑,ＧⅢ,５６６　６　６６５　４６,2026-08-09,2026-08-14,23,からつ,一般,２５４　２５３　１６２６,2026-07-29,2026-08-03,23,からつ,一般,２１５　２６５　１３５３,2026-07-19,2026-07-24,22,福岡,ＧⅢ,６　１　２１１　１　[４],2026-07-10,2026-07-15,06,浜名湖,一般,６　６２５　４６
202609130704,2026-09-13,07,04R,5325,澁川 夏,2026-08-25,2026-08-30,09,津,一般,１　４６４６２　２５１F,2026-08-13,2026-08-18,12,住之江,一般,２５１　５　２６２　２６,2026-07-24,2026-07-27,02,戸田,一般,１２２　１４[１],2026-07-14,2026-07-17,24,大村,一般,６２４　３　３４,2026-07-01,2026-07-06,07,蒲郡,一般,２　４６２　１４５　１１,5222,津田 陸翔,2026-09-04,2026-09-09,11,びわこ,一般,１　１５１３５１２２[３],2026-08-25,2026-08-30,17,宮島,一般,２　２２２５２１５５１５,2026-08-14,2026-08-19,17,宮島,一般,５６１５３１３　２６１２,2026-07-30,2026-08-04,08,常滑,一般,１　５２６１２３１２[６],2026-07-19,2026-07-24,22,福岡,ＧⅢ,６不２　１　３５５５６,5258,仲本 舜,2026-08-21,2026-08-26,06,浜名湖,一般,６　５４５,2026-08-07,2026-08-12,20,若松,一般,５　６６５５１５６　５,2026-07-27,2026-07-31,19,下関,一般,１６５　３４６　１,2026-07-14,2026-07-19,21,芦屋,一般,５２６　３　２１２３４５,2026-07-02,2026-07-07,04,平和島,一般,６　５３４　４３４　４４,5269,山口 晃朋,2026-08-31,2026-09-05,18,徳山,一般,１１２　３１１４１２[３],2026-08-21,2026-08-26,06,浜名湖,一般,２１１落１　１２１２[４],2026-08-11,2026-08-16,06,浜名湖,一般,２１２　１５４２６６１３,2026-07-28,2026-08-02,16,児島,一般,４６６１５５４　４　６４,2026-07-15,2026-07-21,12,住之江,一般,１　２２４　１１１１１１[６],5178,成貞 琳平,2026-09-01,2026-09-05,13,尼崎,一般,３　２６５　２４３,2026-08-20,2026-08-23,04,平和島,一般,４　６２４　５１,2026-08-04,2026-08-09,10,三国,一般,６６３　４　２５６４５２,2026-07-24,2026-07-27,02,戸田,一般,６３６　５　６４,2026-07-12,2026-07-16,05,多摩川,一般,３　３　６５２６１３,5417,小柳 勝希,2026-08-28,2026-08-31,23,からつ,一般,５５２　４４６４,2026-08-20,2026-08-23,23,からつ,一般,　　　　　　１２,2026-08-16,2026-08-19,14,鳴門,一般,２２５　３４５１,2026-07-04,2026-07-09,01,桐生,一般,５　４６４　４３６　４２,2026-06-22,2026-06-27,23,からつ,一般,４　３５３　６４３５３３
202609130705,2026-09-13,07,05R,5243,三馬 崇史,2026-08-25,2026-08-30,17,宮島,一般,２５１　３２１　１２[転],2026-08-14,2026-08-19,17,宮島,一般,２　５６３　２１１３６４,2026-07-30,2026-08-04,08,常滑,一般,２　２３４　２６６３２,2026-07-19,2026-07-24,22,福岡,ＧⅢ,５　１　３１３　６　６４,2026-07-03,2026-07-06,09,津,一般,６　６２１　１２,5330,安河内鈴之介,2026-09-03,2026-09-06,02,戸田,一般,１２３１１　[５],2026-08-24,2026-08-29,13,尼崎,一般,１５６　３１２　６１[４],2026-08-10,2026-08-15,21,芦屋,一般,１　５６４１３３１２[２],2026-07-19,2026-07-24,22,福岡,ＧⅢ,３５３　１　３３５　２２,2026-07-10,2026-07-14,09,津,一般,３１３２３　２５２２,5288,尾道 佳諭,2026-09-03,2026-09-06,02,戸田,一般,６　F３６　５４,2026-08-24,2026-08-29,13,尼崎,一般,１　３３５　４６３６１３,2026-08-12,2026-08-17,02,戸田,一般,５　１６５　３３５６２６,2026-07-30,2026-08-04,08,常滑,一般,６６転　４６４　６　１２,2026-07-14,2026-07-19,01,桐生,一般,４３５　５３４　４　５１,5280,廣瀬 凜,2026-09-04,2026-09-09,11,びわこ,一般,１１１２２１３　３１[４],2026-08-28,2026-09-02,05,多摩川,ＧⅢ,４１３３１２３　３２[２],2026-08-15,2026-08-20,11,びわこ,一般,３６１　１２１３２６１２,2026-07-30,2026-08-04,08,常滑,一般,１３４１３２２１４２[３],2026-07-18,2026-07-23,09,津,ＧⅢ,４１２　５１４　３　５不,5266,石田 勇斗,2026-08-30,2026-09-03,08,常滑,一般,　　　　　　　　５４,2026-08-22,2026-08-27,08,常滑,ＧⅢ,６　２４６　４６２　２２,2026-08-08,2026-08-11,05,多摩川,一般,５　５４６２４,2026-06-26,2026-07-02,24,大村,一般,１　４６６５３　５３４　３５,2026-06-11,2026-06-16,16,児島,一般,５　４３６　３２５　２５,5432,安藤 瑠希,2026-08-24,2026-08-28,15,丸亀,一般,６　４４２　５　４６,2026-08-11,2026-08-16,06,浜名湖,一般,６４３　４４３　６　６６,2026-07-30,2026-08-04,08,常滑,一般,２　６６５　５５４　５６,2026-07-24,2026-07-27,02,戸田,一般,５　４６６　１４,2026-07-14,2026-07-19,01,桐生,一般,２　６３４　５６６　５
202609130706,2026-09-13,07,06R,5145,島川 海輝,2026-09-03,2026-09-06,02,戸田,一般,３１２　５３６２,2026-08-23,2026-08-27,18,徳山,一般,２５２　１１６１[４],2026-08-11,2026-08-16,19,下関,一般,４　６１４３１　２６５６,2026-07-30,2026-08-04,08,常滑,一般,６　２２４３１　３４１３,2026-07-19,2026-07-24,22,福岡,ＧⅢ,５５２　６　２１３６５６,5169,堀本 翔太,2026-08-20,2026-08-23,24,大村,一般,５４４　５　３４,2026-08-04,2026-08-09,10,三国,一般,６　３　５４５４６　６５,2026-07-24,2026-07-27,12,住之江,一般,６６５　４　５,2026-07-11,2026-07-16,03,江戸川,一般,５１３４２　４４５　５５,2026-06-28,2026-07-03,20,若松,一般,４　４４３４４　２　６５,5255,藤原 仙二,2026-09-04,2026-09-09,11,びわこ,一般,２　２３３１４１２１[５],2026-08-26,2026-08-31,11,びわこ,一般,１　４１５２３２４　２３,2026-07-18,2026-07-23,09,津,ＧⅢ,４１３　１２６　５　１６,2026-07-04,2026-07-09,01,桐生,一般,６　３１４３５２４６１２,2026-06-20,2026-06-25,15,丸亀,一般,３４２３１　３３１５３５,5207,高山 敬悟,2026-08-30,2026-09-02,21,芦屋,一般,５３６　５　４３,2026-07-23,2026-07-28,03,江戸川,ＧⅢ,５６４　６５１　４４３５,2026-07-14,2026-07-17,24,大村,一般,４２６　４３２,2026-06-30,2026-07-05,23,からつ,一般,４　１F４　４　６　５,2026-06-20,2026-06-25,15,丸亀,一般,１１１　３５１５２６２１,5256,中山 翔太,2026-09-03,2026-09-08,09,津,ＧⅠ,６６F　４　６４６　６,2026-08-24,2026-08-29,13,尼崎,一般,４５１　４１３２１２[５],2026-07-18,2026-07-23,09,津,ＧⅢ,５　１２１　１１１　[１],2026-07-07,2026-07-12,08,常滑,一般,１２６１１２１３４１[１],2026-06-29,2026-07-03,11,びわこ,一般,２４３４沈２４　６６,5364,金子 怜央,2026-09-03,2026-09-06,02,戸田,一般,６　６F４　転５,2026-08-25,2026-08-30,09,津,一般,４　６６６　６　５　６６,2026-08-11,2026-08-16,01,桐生,一般,６　３　４６６　５６６,2026-07-30,2026-08-04,08,常滑,一般,６　５３５　６６５　６６,2026-07-15,2026-07-20,18,徳山,一般,６　６６５　６４６６５
202609130707,2026-09-13,07,07R,5221,竹間 隆晟,2026-09-04,2026-09-09,11,びわこ,一般,１３５２４１１　２３４１,2026-08-27,2026-08-31,04,平和島,一般,４２１２２６５４１５,2026-07-18,2026-07-23,09,津,ＧⅢ,４転５　３２３　６３１,2026-07-01,2026-07-06,07,蒲郡,一般,４　１４２１２　２５３５,2026-06-20,2026-06-25,15,丸亀,一般,１５１４２　１６３２[２],5175,島崎 丈一朗,2026-08-24,2026-08-29,13,尼崎,一般,５　４５５　３４６　５,2026-08-11,2026-08-16,04,平和島,一般,３４４　６６６　４　３６,2026-07-30,2026-08-04,08,常滑,一般,３５６,2026-07-20,2026-07-25,15,丸亀,一般,５　３３３　５５６　２４,2026-07-10,2026-07-13,19,下関,一般,６３３　３５１,5238,笹木 香吾,2026-09-04,2026-09-09,11,びわこ,一般,１２２３２　２６３　３１,2026-08-15,2026-08-20,18,徳山,一般,５３１６１５１　F４４,2026-07-28,2026-08-02,16,児島,一般,１転,2026-07-19,2026-07-24,22,福岡,ＧⅢ,３　１５３　５４５４１,2026-07-09,2026-07-13,14,鳴門,一般,２５４２１　１１[５],5303,土井 歩夢,2026-09-04,2026-09-09,11,びわこ,一般,３４６４１　５　２５３,2026-08-23,2026-08-27,18,徳山,一般,１４５　３３４１４３,2026-08-07,2026-08-12,20,若松,一般,２５１２２　１５４　４５,2026-07-28,2026-07-31,24,大村,一般,２３２　１２[５],2026-07-19,2026-07-24,22,福岡,ＧⅢ,２　６２１　４６１５２５,5332,村松 遥輝,2026-08-24,2026-08-29,13,尼崎,一般,５　４６６　２６２　６２,2026-08-11,2026-08-16,06,浜名湖,一般,５４６　６６５　３　４６,2026-07-24,2026-07-27,06,浜名湖,一般,１１１４４　[５],2026-07-17,2026-07-22,16,児島,ＧⅢ,３２４　６　４３５　５５,2026-07-09,2026-07-13,14,鳴門,一般,３　６５５　４３６３,5411,木下 虎之輔,2026-08-20,2026-08-23,02,戸田,一般,　　　　　　３６,2026-08-09,2026-08-15,03,江戸川,一般,２６４　６５６　５１５５,2026-07-23,2026-07-27,01,桐生,一般,６　３　５６６６３,2026-07-11,2026-07-16,03,江戸川,一般,６６６　５６５　５６６６,2026-07-02,2026-07-07,04,平和島,一般,４　２６６４６　５　５６
202609130708,2026-09-13,07,08R,5246,楠 将太郎,2026-09-04,2026-09-09,11,びわこ,一般,５　１５転６６　６　４６,2026-08-12,2026-08-17,02,戸田,一般,２　４５２　３２５　４５,2026-08-06,2026-08-09,02,戸田,一般,２６３６５　５５,2026-07-29,2026-08-01,18,徳山,一般,４１１　５５２４,2026-07-18,2026-07-23,09,津,ＧⅢ,２　３６２　３　６　１１,5068,前田 滉,2026-09-02,2026-09-06,17,宮島,一般,１３１３１１２１[１],2026-08-24,2026-08-29,13,尼崎,一般,２６５１１　５１１３３１,2026-08-11,2026-08-16,07,蒲郡,一般,１６３１１１２１２２[４],2026-07-29,2026-08-01,18,徳山,一般,１４１２３１[１],2026-07-18,2026-07-23,09,津,ＧⅢ,１　４４４３１　４　２２,5331,佐藤 永梧,2026-08-24,2026-08-28,15,丸亀,一般,５１１　３　１６４６,2026-08-15,2026-08-20,05,多摩川,一般,４４６　２５３　６　３４,2026-08-08,2026-08-11,05,多摩川,一般,１　１４３２[３],2026-07-22,2026-07-25,24,大村,一般,５５３　１　３６,2026-07-10,2026-07-14,09,津,一般,４　５６１４６　１３,5417,小柳 勝希,2026-08-28,2026-08-31,23,からつ,一般,５５２　４４６４,2026-08-20,2026-08-23,23,からつ,一般,　　　　　　１２,2026-08-16,2026-08-19,14,鳴門,一般,２２５　３４５１,2026-07-04,2026-07-09,01,桐生,一般,５　４６４　４３６　４２,2026-06-22,2026-06-27,23,からつ,一般,４　３５３　６４３５３３,5134,大原 祥昌,2026-09-04,2026-09-09,11,びわこ,一般,４　６２１４１４３３１４,2026-08-28,2026-08-31,23,からつ,一般,１１４　４２[３],2026-08-14,2026-08-19,17,宮島,一般,１　５６４３３３１　２３,2026-07-30,2026-08-04,08,常滑,一般,１６２　５１４３１３６２,2026-07-15,2026-07-21,12,住之江,一般,転　６３３　５２２　５５１３,5240,高橋 龍治,2026-08-26,2026-08-31,11,びわこ,一般,６　２６６　６６２　６５,2026-08-12,2026-08-17,22,福岡,一般,４　６３３　４１１４落５,2026-07-23,2026-07-28,03,江戸川,ＧⅢ,６６６　５４６,2026-07-10,2026-07-15,22,福岡,一般,５６５　４５３　４６６,2026-06-24,2026-06-29,09,津,一般,１４３　２５２６１６２６
202609130709,2026-09-13,07,09R,5330,安河内鈴之介,2026-09-03,2026-09-06,02,戸田,一般,１２３１１　[５],2026-08-24,2026-08-29,13,尼崎,一般,１５６　３１２　６１[４],2026-08-10,2026-08-15,21,芦屋,一般,１　５６４１３３１２[２],2026-07-19,2026-07-24,22,福岡,ＧⅢ,３５３　１　３３５　２２,2026-07-10,2026-07-14,09,津,一般,３１３２３　２５２２,5128,坪井 爽佑,2026-08-30,2026-09-02,21,芦屋,一般,４　４５６　１６,2026-08-11,2026-08-16,07,蒲郡,一般,５　４４６　５６１　６２,2026-07-28,2026-08-02,16,児島,一般,２２５　６４３４６　５３,2026-07-09,2026-07-14,15,丸亀,一般,６６３　１５３　４５３,2026-06-13,2026-06-16,06,浜名湖,一般,２　３５４６１３,5385,鈴木 柊介,2026-08-24,2026-08-28,15,丸亀,一般,２　６　６３３　６６,2026-08-11,2026-08-16,06,浜名湖,一般,６６６　６　３１２　５３,2026-07-24,2026-07-27,02,戸田,一般,５　５６５　３６,2026-07-14,2026-07-17,24,大村,一般,６　５６５５３,2026-07-02,2026-07-06,21,芦屋,一般,５４５　６　５４４,5166,仲道 大輔,2026-08-28,2026-09-02,05,多摩川,ＧⅢ,２　２４５５１２１２[６],2026-08-16,2026-08-19,14,鳴門,一般,１３２６１５１３,2026-08-04,2026-08-09,10,三国,一般,１４４１５　３２１５２６,2026-07-18,2026-07-23,09,津,ＧⅢ,５４４　４　１３６２４,2026-07-10,2026-07-13,19,下関,一般,１　４４３４５１,5196,鰐部 太空海,2026-09-04,2026-09-08,07,蒲郡,一般,１　５１２４１５６３,2026-08-26,2026-08-31,11,びわこ,一般,３　４５６６４　５　５４,2026-07-18,2026-07-23,09,津,ＧⅢ,５F２　３３５　５　４,2026-07-05,2026-07-09,05,多摩川,一般,３５３５落欠,2026-06-13,2026-06-18,08,常滑,ＧⅠ,２　１４１　３４３　６４,5308,藤森 拓海,2026-08-31,2026-09-05,18,徳山,一般,６　５４５　６５１　２６,2026-08-22,2026-08-27,22,福岡,一般,６６５　２５４　３４５,2026-08-10,2026-08-15,21,芦屋,一般,４　２５２　３５５　６４,2026-07-30,2026-08-04,08,常滑,一般,２３４　３６６　２　転５,2026-07-14,2026-07-19,01,桐生,一般,５　５１２　１３４５２
202609130710,2026-09-13,07,10R,5275,松田 淳平,2026-09-04,2026-09-09,11,びわこ,一般,４５４　４３３　２　４１,2026-08-25,2026-08-30,09,津,一般,５４２　６１２　４４４１,2026-07-18,2026-07-23,09,津,ＧⅢ,１１５　１　３６１　[４],2026-07-09,2026-07-14,15,丸亀,一般,４４１　１２４３３２[４],2026-06-28,2026-07-03,20,若松,一般,１１２　１５３　２２[３],5258,仲本 舜,2026-08-21,2026-08-26,06,浜名湖,一般,６　５４５,2026-08-07,2026-08-12,20,若松,一般,５　６６５５１５６　５,2026-07-27,2026-07-31,19,下関,一般,１６５　３４６　１,2026-07-14,2026-07-19,21,芦屋,一般,５２６　３　２１２３４５,2026-07-02,2026-07-07,04,平和島,一般,６　５３４　４３４　４４,5252,荒木 颯斗,2026-09-01,2026-09-04,24,大村,一般,３　２３１３１４,2026-08-21,2026-08-26,03,江戸川,一般,６　２５１　４４欠,2026-08-10,2026-08-15,08,常滑,一般,１　２４３３１３４２[４],2026-07-30,2026-08-04,08,常滑,一般,３　４２２３１４５１[５],2026-07-18,2026-07-23,09,津,ＧⅢ,３　３５２　１５５１５５,5432,安藤 瑠希,2026-08-24,2026-08-28,15,丸亀,一般,６　４４２　５　４６,2026-08-11,2026-08-16,06,浜名湖,一般,６４３　４４３　６　６６,2026-07-30,2026-08-04,08,常滑,一般,２　６６５　５５４　５６,2026-07-24,2026-07-27,02,戸田,一般,５　４６６　１４,2026-07-14,2026-07-19,01,桐生,一般,２　６３４　５６６　５,5145,島川 海輝,2026-09-03,2026-09-06,02,戸田,一般,３１２　５３６２,2026-08-23,2026-08-27,18,徳山,一般,２５２　１１６１[４],2026-08-11,2026-08-16,19,下関,一般,４　６１４３１　２６５６,2026-07-30,2026-08-04,08,常滑,一般,６　２２４３１　３４１３,2026-07-19,2026-07-24,22,福岡,ＧⅢ,５５２　６　２１３６５６,5301,岩下 巧斗,2026-08-28,2026-09-02,05,多摩川,ＧⅢ,５４４　６　２１５４３１,2026-08-20,2026-08-23,04,平和島,一般,５　４６１５１,2026-08-11,2026-08-16,01,桐生,一般,５　３４６　１　３４２４,2026-08-04,2026-08-09,12,住之江,一般,３４２　２６３６２　１６,2026-07-23,2026-07-27,01,桐生,一般,４４４　２　３６１５
202609130711,2026-09-13,07,11R,5255,藤原 仙二,2026-09-04,2026-09-09,11,びわこ,一般,２　２３３１４１２１[５],2026-08-26,2026-08-31,11,びわこ,一般,１　４１５２３２４　２３,2026-07-18,2026-07-23,09,津,ＧⅢ,４１３　１２６　５　１６,2026-07-04,2026-07-09,01,桐生,一般,６　３１４３５２４６１２,2026-06-20,2026-06-25,15,丸亀,一般,３４２３１　３３１５３５,5214,田中 宏典,2026-08-22,2026-08-27,08,常滑,ＧⅢ,５６６　６　６６５　４６,2026-08-09,2026-08-14,23,からつ,一般,２５４　２５３　１６２６,2026-07-29,2026-08-03,23,からつ,一般,２１５　２６５　１３５３,2026-07-19,2026-07-24,22,福岡,ＧⅢ,６　１　２１１　１　[４],2026-07-10,2026-07-15,06,浜名湖,一般,６　６２５　４６,5269,山口 晃朋,2026-08-31,2026-09-05,18,徳山,一般,１１２　３１１４１２[３],2026-08-21,2026-08-26,06,浜名湖,一般,２１１落１　１２１２[４],2026-08-11,2026-08-16,06,浜名湖,一般,２１２　１５４２６６１３,2026-07-28,2026-08-02,16,児島,一般,４６６１５５４　４　６４,2026-07-15,2026-07-21,12,住之江,一般,１　２２４　１１１１１１[６],5337,出畑 孝成,2026-08-25,2026-08-30,17,宮島,一般,６　２３５５５　３３５,2026-08-12,2026-08-17,22,福岡,一般,４　２５３　４エ５　２３,2026-07-22,2026-07-27,14,鳴門,一般,１　５６４２５　３５４４,2026-07-10,2026-07-15,22,福岡,一般,６　３４６　４５５　４４,2026-06-30,2026-07-04,19,下関,一般,　　　　　　３６４１,5288,尾道 佳諭,2026-09-03,2026-09-06,02,戸田,一般,６　F３６　５４,2026-08-24,2026-08-29,13,尼崎,一般,１　３３５　４６３６１３,2026-08-12,2026-08-17,02,戸田,一般,５　１６５　３３５６２６,2026-07-30,2026-08-04,08,常滑,一般,６６転　４６４　６　１２,2026-07-14,2026-07-19,01,桐生,一般,４３５　５３４　４　５１,5238,笹木 香吾,2026-09-04,2026-09-09,11,びわこ,一般,１２２３２　２６３　３１,2026-08-15,2026-08-20,18,徳山,一般,５３１６１５１　F４４,2026-07-28,2026-08-02,16,児島,一般,１転,2026-07-19,2026-07-24,22,福岡,ＧⅢ,３　１５３　５４５４１,2026-07-09,2026-07-13,14,鳴門,一般,２５４２１　１１[５]
202609130712,2026-09-13,07,12R,5068,前田 滉,2026-09-02,2026-09-06,17,宮島,一般,１３１３１１２１[１],2026-08-24,2026-08-29,13,尼崎,一般,２６５１１　５１１３３１,2026-08-11,2026-08-16,07,蒲郡,一般,１６３１１１２１２２[４],2026-07-29,2026-08-01,18,徳山,一般,１４１２３１[１],2026-07-18,2026-07-23,09,津,ＧⅢ,１　４４４３１　４　２２,5280,廣瀬 凜,2026-09-04,2026-09-09,11,びわこ,一般,１１１２２１３　３１[４],2026-08-28,2026-09-02,05,多摩川,ＧⅢ,４１３３１２３　３２[２],2026-08-15,2026-08-20,11,びわこ,一般,３６１　１２１３２６１２,2026-07-30,2026-08-04,08,常滑,一般,１３４１３２２１４２[３],2026-07-18,2026-07-23,09,津,ＧⅢ,４１２　５１４　３　５不,5256,中山 翔太,2026-09-03,2026-09-08,09,津,ＧⅠ,６６F　４　６４６　６,2026-08-24,2026-08-29,13,尼崎,一般,４５１　４１３２１２[５],2026-07-18,2026-07-23,09,津,ＧⅢ,５　１２１　１１１　[１],2026-07-07,2026-07-12,08,常滑,一般,１２６１１２１３４１[１],2026-06-29,2026-07-03,11,びわこ,一般,２４３４沈２４　６６,5234,塚越 海斗,2026-09-04,2026-09-09,11,びわこ,一般,２６４　４２６２１６２５,2026-08-23,2026-08-27,18,徳山,一般,３１３１１２４１[１],2026-08-11,2026-08-16,01,桐生,一般,４３３　３４１６３　１４,2026-07-30,2026-08-04,08,常滑,一般,１２５３３４１２５２[２],2026-07-18,2026-07-23,09,津,ＧⅢ,４４６　６４１　２６５,5221,竹間 隆晟,2026-09-04,2026-09-09,11,びわこ,一般,１３５２４１１　２３４１,2026-08-27,2026-08-31,04,平和島,一般,４２１２２６５４１５,2026-07-18,2026-07-23,09,津,ＧⅢ,４転５　３２３　６３１,2026-07-01,2026-07-06,07,蒲郡,一般,４　１４２１２　２５３５,2026-06-20,2026-06-25,15,丸亀,一般,１５１４２　１６３２[２],5222,津田 陸翔,2026-09-04,2026-09-09,11,びわこ,一般,１　１５１３５１２２[３],2026-08-25,2026-08-30,17,宮島,一般,２　２２２５２１５５１５,2026-08-14,2026-08-19,17,宮島,一般,５６１５３１３　２６１２,2026-07-30,2026-08-04,08,常滑,一般,１　５２６１２３１２[６],2026-07-19,2026-07-24,22,福岡,ＧⅢ,６不２　１　３５５５６
202609130801,2026-09-13,08,01R,5129,山口 真喜子,2026-08-25,2026-08-30,17,宮島,一般,３５３　３２２４３６２４,2026-08-12,2026-08-17,24,大村,ＧⅢ,１２５６４５１　２３１２,2026-07-31,2026-08-05,01,桐生,ＧⅢ,１　５１２５１２５　１５,2026-07-19,2026-07-24,19,下関,ＧⅢ,５　３４１２６　１２６４,2026-07-07,2026-07-12,11,びわこ,一般,５２３　２４４３１４４１,5203,神里 琴音,2026-08-24,2026-08-29,10,三国,一般,５１６　４　４６２　４２,2026-08-10,2026-08-15,21,芦屋,一般,６５４　３４５　２　４４,2026-07-25,2026-07-30,04,平和島,一般,４２３　妨４３　６　２５,2026-07-07,2026-07-12,11,びわこ,一般,６４,2026-06-12,2026-06-17,22,福岡,ＧⅢ,４４１　２５落,4941,孫崎 百世,2026-09-05,2026-09-10,04,平和島,一般,３６２　４　４６２　４５,2026-08-24,2026-08-29,10,三国,一般,５　４４３　６　６３転,2026-08-15,2026-08-20,11,びわこ,一般,６２６　５　２５４　５２,2026-07-19,2026-07-24,19,下関,ＧⅢ,５　５４３５４　４　３５,2026-07-07,2026-07-12,11,びわこ,一般,　　　　　　　　　　５３,5052,赤井 星璃菜,2026-08-30,2026-09-04,06,浜名湖,ＧⅢ,５６１　３　５６５６４,2026-08-16,2026-08-19,14,鳴門,一般,５　２５４６３,2026-07-07,2026-07-12,11,びわこ,一般,６　５６４　６５,2026-06-24,2026-06-29,12,住之江,一般,３５６　２４１　５　１５,2026-06-06,2026-06-11,15,丸亀,一般,４　３３２　２１２５５４,5436,市川 瑚幸,2026-08-30,2026-09-04,06,浜名湖,ＧⅢ,６６４　６６６　６　６６,2026-08-11,2026-08-16,04,平和島,一般,転６６　６　３５５６６,2026-07-25,2026-07-30,04,平和島,一般,６　３６６　５５６　５６,2026-06-29,2026-07-04,08,常滑,一般,６　６５６　６６５６６,2026-06-24,2026-06-28,04,平和島,一般,６６６　４６,5078,山川 波乙,2026-08-25,2026-08-30,09,津,一般,１５４　６５５　５　６５,2026-08-07,2026-08-11,15,丸亀,一般,６５３　４　６５２５,2026-07-13,2026-07-18,13,尼崎,ＧⅢ,１　３２３６４　１４４６,2026-07-01,2026-07-06,07,蒲郡,一般,３　４６３３４　２５１,2026-06-18,2026-06-21,20,若松,一般,６３５４４　３
202609130802,2026-09-13,08,02R,5194,大久保 佑香,2026-08-24,2026-08-29,10,三国,一般,１　２１３５４２３５１２,2026-08-12,2026-08-17,02,戸田,一般,６２４　４５６　６６３,2026-07-25,2026-07-30,04,平和島,一般,１　４３５４１　６３１４,2026-07-03,2026-07-08,12,住之江,一般,５　４６６　２２６　６６,2026-05-27,2026-06-01,08,常滑,一般,４　６３５　６２４　４４,5340,樋江井 舞,2026-08-30,2026-09-04,06,浜名湖,ＧⅢ,１　５６６　５６６　４３,2026-08-11,2026-08-16,07,蒲郡,一般,６　３３６５５　５　３４,2026-07-31,2026-08-05,01,桐生,ＧⅢ,３３３　２４２　３２[２],2026-07-13,2026-07-18,13,尼崎,ＧⅢ,２４４　３　５６１　２,2026-06-29,2026-07-04,08,常滑,一般,６　５２４　５５５　６５,5155,内山 七海,2026-09-02,2026-09-06,17,宮島,一般,２１１６４　４６４４,2026-08-24,2026-08-29,10,三国,一般,１エ１　１２５２１４１６,2026-08-06,2026-08-11,18,徳山,ＧⅠ,６　１　４落３　４３１,2026-07-19,2026-07-24,22,福岡,ＧⅢ,４　３４２　１６,2026-07-10,2026-07-15,06,浜名湖,一般,６４２１６１４　３　３３,5297,南 彩寧,2026-08-18,2026-08-23,16,児島,一般,５１６　２４４　１３５６,2026-08-09,2026-08-14,13,尼崎,一般,５　４４６　５４５　５,2026-07-25,2026-07-30,04,平和島,一般,６６６　６,2026-07-07,2026-07-12,11,びわこ,一般,５　６１５３４　６６４,2026-06-18,2026-06-23,02,戸田,一般,５　２４６　３４５　落６,5324,畑田 希咲,2026-08-30,2026-09-04,06,浜名湖,ＧⅢ,６４２　３３５　４４４,2026-08-09,2026-08-14,13,尼崎,一般,６　５６４　３４５　３,2026-07-25,2026-07-30,04,平和島,一般,５　５５４　４３２　５５,2026-07-13,2026-07-18,13,尼崎,ＧⅢ,５　５５５　４６４　６,2026-06-18,2026-06-23,02,戸田,一般,４　５５落　６３５　４６,4726,島田 なぎさ,2026-04-15,2026-04-20,09,津,一般,４１３　６５４　５４５６,2026-02-12,2026-02-17,04,平和島,ＧⅢ,５　１４３６２　４６６,2026-01-10,2026-01-15,05,多摩川,一般,３２　　５６２３５　５４,2025-11-21,2025-11-24,12,住之江,一般,６５６３５　６２,2025-10-24,2025-10-27,02,戸田,一般,２　４６５５４
202609130803,2026-09-13,08,03R,4764,小池 礼乃,2026-08-28,2026-08-31,23,からつ,一般,４　５２２５１４,2026-08-10,2026-08-15,21,芦屋,一般,３　６２１　５５２　３５,2026-07-18,2026-07-21,20,若松,一般,１５６３５　３２,2026-07-03,2026-07-08,13,尼崎,一般,６　１２２　５３２６３６,2026-05-27,2026-06-01,08,常滑,一般,４　５６３　１５４３３,5346,中村 紋夕梨,2026-08-30,2026-09-04,06,浜名湖,ＧⅢ,４６５　６４１　４　２６,2026-08-12,2026-08-17,24,大村,ＧⅢ,６４２３５　５１４　４,2026-07-31,2026-08-04,13,尼崎,一般,５　６６５　４６６,2026-07-17,2026-07-20,02,戸田,一般,４　６６４　５４,2026-06-23,2026-06-28,07,蒲郡,一般,４　６５４　３６４　２５,4045,佐々木 裕美,2026-08-25,2026-08-30,09,津,一般,転６５　６　２６,2026-08-15,2026-08-20,18,徳山,一般,４２４　４　６２４５４,2026-07-31,2026-08-05,01,桐生,ＧⅢ,１　２３４６１６４１６,2026-07-19,2026-07-24,19,下関,ＧⅢ,１２３５１　３　１６１５,2026-07-07,2026-07-12,11,びわこ,一般,６６２　６　６３６　３４,5439,志賀 美優,2026-08-30,2026-09-04,06,浜名湖,ＧⅢ,６　６５５　６６６　５６,2026-08-11,2026-08-16,07,蒲郡,一般,６６６　６６５　５　６６,2026-07-14,2026-07-19,01,桐生,一般,６　３６６　５６６　６,2026-07-07,2026-07-12,08,常滑,一般,　　　　　　　　　　６５,2026-06-24,2026-06-29,12,住之江,一般,４６６　５６５　６　６,4909,薮内 瑞希,2026-08-27,2026-08-31,04,平和島,一般,エ　４６４　５３３,2026-08-08,2026-08-13,16,児島,一般,５４５　２　５５２　５６,2026-07-31,2026-08-04,13,尼崎,一般,５　２６４６５　３,2026-07-21,2026-07-26,23,からつ,一般,４　２６３　５２６　５２,2026-06-12,2026-06-17,22,福岡,ＧⅢ,３３１　４５１　５６１６,5182,宮崎 安奈,2026-08-12,2026-08-17,02,戸田,一般,６３６　５６６　６１１,2026-07-31,2026-08-05,01,桐生,ＧⅢ,２１６６３　４４１６２４,2026-07-18,2026-07-23,09,津,ＧⅢ,６　５３６　６　２２６３,2026-07-07,2026-07-12,11,びわこ,一般,５　５４２　５２３５４,2026-06-20,2026-06-25,06,浜名湖,一般,６　５６６　６４１　５４
202609130804,2026-09-13,08,04R,5254,羽田 妃希,2026-08-12,2026-08-17,24,大村,ＧⅢ,４３６　１５落　６　４３,2026-07-19,2026-07-24,19,下関,ＧⅢ,４６６　４　６６５　２,2026-07-07,2026-07-12,11,びわこ,一般,　　　　　　　　　　５３,2026-07-01,2026-07-06,07,蒲郡,一般,５４転　５　１３２　５３,2026-06-20,2026-06-25,06,浜名湖,一般,５５５　６６３　３　５５,5146,野田 彩加,2026-08-30,2026-09-04,06,浜名湖,ＧⅢ,４　３６５１転,2026-08-15,2026-08-20,18,徳山,一般,２３５５３　４４４　６１,2026-07-28,2026-08-02,15,丸亀,一般,５　２５２　２５４３１,2026-07-19,2026-07-24,22,福岡,ＧⅢ,６　５３２　３２５５３,2026-07-10,2026-07-15,06,浜名湖,一般,６　１３２６４２６６２４,4190,長嶋 万記,2026-08-30,2026-09-04,06,浜名湖,ＧⅢ,２４２　１１２３２４３３,2026-08-18,2026-08-23,16,児島,一般,３２３５３２５　F３４,2026-08-06,2026-08-11,18,徳山,ＧⅠ,２６３　５　５３２　３５,2026-07-25,2026-07-30,04,平和島,一般,２３２　３２１１１５１１,2026-07-10,2026-07-15,06,浜名湖,一般,１５１１３　３１２１[４],5272,松田 真実,2026-08-25,2026-08-30,09,津,一般,４　２４３　４４２４６１,2026-08-12,2026-08-17,24,大村,ＧⅢ,１　１６４　２３１２[６],2026-07-19,2026-07-24,19,下関,ＧⅢ,１　３６３４４　５６４６,2026-07-01,2026-07-06,07,蒲郡,一般,１５２　６４３　６４１,2026-06-21,2026-06-24,10,三国,一般,６６６　６,5079,大石 真央,2026-08-30,2026-09-04,06,浜名湖,ＧⅢ,５　４５４　３１１　３６,2026-07-07,2026-07-12,11,びわこ,一般,２５５　２　２５５１６３,2026-06-18,2026-06-23,02,戸田,一般,２３３　５６５　５　３３,2026-06-06,2026-06-10,06,浜名湖,一般,３３５　２４２　３F,2026-05-22,2026-05-26,23,からつ,一般,５２５４２　４　２４,5438,星田 夢結,2026-08-18,2026-08-23,16,児島,一般,４　６６６　６６６　６５,2026-07-27,2026-07-31,19,下関,一般,５　６６６　６　５５,2026-07-05,2026-07-09,24,大村,一般,５　５５６６４　６,2026-06-15,2026-06-20,21,芦屋,一般,６６６　６６６　６　６６,2026-05-25,2026-05-30,17,宮島,一般,６６６　６３６　６　６５
202609130805,2026-09-13,08,05R,3232,山川 美由紀,2026-08-30,2026-09-04,06,浜名湖,ＧⅢ,４１１　２５３４１６１４,2026-08-06,2026-08-11,18,徳山,ＧⅠ,６　４５６　４　３１２,2026-06-30,2026-07-05,23,からつ,一般,５５３５２　６　５　３,2026-06-21,2026-06-24,19,下関,一般,６３１４３　５１,2026-06-06,2026-06-11,15,丸亀,一般,３４４６３　２５４１５２,4938,小芦 るり華,2026-08-30,2026-09-04,06,浜名湖,ＧⅢ,５５１　１２２１３３３１,2026-08-18,2026-08-23,16,児島,一般,２６５３４４１,2026-08-06,2026-08-11,18,徳山,ＧⅠ,３５３　３　６３４　３４,2026-07-28,2026-08-02,15,丸亀,一般,２６４１２　１１１２[２],2026-07-19,2026-07-24,22,福岡,ＧⅢ,２４５　５５１　５１４,5347,井澤 聖奈,2026-08-10,2026-08-15,08,常滑,一般,３　４６５　６６６　６６,2026-07-25,2026-07-30,04,平和島,一般,６　６５４　６６５　６６,2026-07-14,2026-07-19,01,桐生,一般,６６６　６　６６５　６,2026-07-01,2026-07-06,07,蒲郡,一般,５　６６５６６　５　４,2026-06-21,2026-06-24,10,三国,一般,４　６６６　６６,5436,市川 瑚幸,2026-08-30,2026-09-04,06,浜名湖,ＧⅢ,６６４　６６６　６　６６,2026-08-11,2026-08-16,04,平和島,一般,転６６　６　３５５６６,2026-07-25,2026-07-30,04,平和島,一般,６　３６６　５５６　５６,2026-06-29,2026-07-04,08,常滑,一般,６　６５６　６６５６６,2026-06-24,2026-06-28,04,平和島,一般,６６６　４６,4964,土屋 南,2026-08-18,2026-08-23,16,児島,一般,２４３　４６２２５１４３,2026-08-06,2026-08-11,18,徳山,ＧⅠ,３　２６２　１　３　２４,2026-07-19,2026-07-24,19,下関,ＧⅢ,５　３３２１４　３５１４,2026-07-07,2026-07-12,11,びわこ,一般,１４３２４１１　３２[３],2026-06-24,2026-06-29,12,住之江,一般,３　４４４　２４４２２,4897,深見 亜由美,2026-08-24,2026-08-29,10,三国,一般,３　２３４５５　２　５６,2026-08-11,2026-08-16,07,蒲郡,一般,１５５　５６３　３　２４,2026-07-19,2026-07-24,19,下関,ＧⅢ,６２３　１６５　５４３,2026-07-09,2026-07-13,14,鳴門,一般,４　４６５４４　５３,2026-06-24,2026-06-28,04,平和島,一般,５　６６５６６５
202609130806,2026-09-13,08,06R,4825,倉持 莉々,2026-08-30,2026-09-04,06,浜名湖,ＧⅢ,１６２１２　１１２１[１],2026-08-18,2026-08-23,16,児島,一般,２３１３３１２　３３２１,2026-08-06,2026-08-11,18,徳山,ＧⅠ,１５２　１　６５１　５４,2026-07-25,2026-07-30,04,平和島,一般,１１３４１２１　２１[１],2026-07-07,2026-07-12,11,びわこ,一般,２４４５１３２２１２[４],5230,石原 凪紗,2026-08-24,2026-08-29,10,三国,一般,２４５　４　６６５　３,2026-08-11,2026-08-16,07,蒲郡,一般,４５４　５　１５５　２６,2026-07-31,2026-08-05,05,多摩川,一般,６５１　４５４　４４１,2026-07-19,2026-07-24,19,下関,ＧⅢ,６３２　２３２　１４１２,2026-07-01,2026-07-06,07,蒲郡,一般,６５２　６５５　４　６２,5251,沼田 七華,2026-07-25,2026-07-30,04,平和島,一般,６３１　５５４　４転４,2026-06-12,2026-06-17,22,福岡,ＧⅢ,５６５　４６３　５　６５,2026-05-16,2026-05-21,17,宮島,一般,６　３６４　５６落６５,2026-05-02,2026-05-07,10,三国,一般,６　３５５　６６５　５５,2026-02-02,2026-02-07,15,丸亀,一般,４　５　６５５　６　５,4479,矢野 真梨菜,2026-08-25,2026-08-30,09,津,一般,６　３６１　１３５５４４,2026-08-07,2026-08-11,15,丸亀,一般,１　６４１　４３５４,2026-07-19,2026-07-24,19,下関,ＧⅢ,４　２４３４４６６　５,2026-06-18,2026-06-23,02,戸田,一般,６　５４２４４　転,2026-05-24,2026-05-29,24,大村,一般,５４４　２４２　５３６,5203,神里 琴音,2026-08-24,2026-08-29,10,三国,一般,５１６　４　４６２　４２,2026-08-10,2026-08-15,21,芦屋,一般,６５４　３４５　２　４４,2026-07-25,2026-07-30,04,平和島,一般,４２３　妨４３　６　２５,2026-07-07,2026-07-12,11,びわこ,一般,６４,2026-06-12,2026-06-17,22,福岡,ＧⅢ,４４１　２５落,5155,内山 七海,2026-09-02,2026-09-06,17,宮島,一般,２１１６４　４６４４,2026-08-24,2026-08-29,10,三国,一般,１エ１　１２５２１４１６,2026-08-06,2026-08-11,18,徳山,ＧⅠ,６　１　４落３　４３１,2026-07-19,2026-07-24,22,福岡,ＧⅢ,４　３４２　１６,2026-07-10,2026-07-15,06,浜名湖,一般,６４２１６１４　３　３３
202609130807,2026-09-13,08,07R,4765,野田部 宏子,2026-08-18,2026-08-23,16,児島,一般,４　５６６　６６,2026-08-07,2026-08-11,15,丸亀,一般,１　１６１５６２[６],2026-07-25,2026-07-30,04,平和島,一般,４　３１２　４５３４１５,2026-07-18,2026-07-21,20,若松,一般,５５５２５　１,2026-06-09,2026-06-13,07,蒲郡,一般,６　４３４３４３２,5078,山川 波乙,2026-08-25,2026-08-30,09,津,一般,１５４　６５５　５　６５,2026-08-07,2026-08-11,15,丸亀,一般,６５３　４　６５２５,2026-07-13,2026-07-18,13,尼崎,ＧⅢ,１　３２３６４　１４４６,2026-07-01,2026-07-06,07,蒲郡,一般,３　４６３３４　２５１,2026-06-18,2026-06-21,20,若松,一般,６３５４４　３,5182,宮崎 安奈,2026-08-12,2026-08-17,02,戸田,一般,６３６　５６６　６１１,2026-07-31,2026-08-05,01,桐生,ＧⅢ,２１６６３　４４１６２４,2026-07-18,2026-07-23,09,津,ＧⅢ,６　５３６　６　２２６３,2026-07-07,2026-07-12,11,びわこ,一般,５　５４２　５２３５４,2026-06-20,2026-06-25,06,浜名湖,一般,６　５６６　６４１　５４,5340,樋江井 舞,2026-08-30,2026-09-04,06,浜名湖,ＧⅢ,１　５６６　５６６　４３,2026-08-11,2026-08-16,07,蒲郡,一般,６　３３６５５　５　３４,2026-07-31,2026-08-05,01,桐生,ＧⅢ,３３３　２４２　３２[２],2026-07-13,2026-07-18,13,尼崎,ＧⅢ,２４４　３　５６１　２,2026-06-29,2026-07-04,08,常滑,一般,６　５２４　５５５　６５,4502,遠藤 エミ,2026-09-03,2026-09-08,09,津,ＧⅠ,４２６　１　４１５　１６,2026-08-25,2026-08-30,17,宮島,一般,１３１　２２３１５１[１],2026-08-15,2026-08-20,11,びわこ,一般,１２２６４４２　２３５３,2026-08-06,2026-08-11,18,徳山,ＧⅠ,１　５３３６２　５　１４,2026-07-28,2026-08-02,11,びわこ,ＳＧ,５６１　１１６　３１１,5357,田中 瀬里奈,2026-09-05,2026-09-10,04,平和島,一般,６５６　４　６６６　３,2026-08-12,2026-08-17,02,戸田,一般,６　４６４　６６５６６,2026-07-22,2026-07-26,08,常滑,一般,６　６６５　６６６６,2026-07-11,2026-07-14,04,平和島,一般,６　５　６４５６,2026-06-20,2026-06-25,06,浜名湖,一般,６　６５６　６５６　４
202609130808,2026-09-13,08,08R,5365,石村 日奈那,2026-08-25,2026-08-30,09,津,一般,５　５１４　６５４　３２,2026-08-11,2026-08-16,04,平和島,一般,５６５　１　２６２５２,2026-07-31,2026-08-04,13,尼崎,一般,５　１５４　５６２６,2026-06-24,2026-06-29,12,住之江,一般,５４６　５５２　４　２５,2026-06-07,2026-06-11,05,多摩川,一般,４６５　５　５F６,4556,竹井 奈美,2026-08-24,2026-08-29,10,三国,一般,２４２　４１１３５５１１,2026-08-06,2026-08-11,18,徳山,ＧⅠ,１５２　２　１６５　１５,2026-07-19,2026-07-24,19,下関,ＧⅢ,４４１　５３２４３４２３,2026-06-30,2026-07-05,23,からつ,一般,２３１　６２２４１３２１,2026-06-12,2026-06-17,22,福岡,ＧⅢ,１　２２３１１３３２[１],4534,坂 咲友理,2026-08-12,2026-08-17,24,大村,ＧⅢ,２　１５３　２２４６１６,2026-07-13,2026-07-18,13,尼崎,ＧⅢ,４６５　５　１６２　５６,2026-06-24,2026-06-29,12,住之江,一般,３　４５４　５５６　３３,2026-05-30,2026-06-04,05,多摩川,ＧⅢ,６　１３５５５　３　３２,2026-04-29,2026-05-04,14,鳴門,ＧⅢ,２　５　６５４４３　６６,5324,畑田 希咲,2026-08-30,2026-09-04,06,浜名湖,ＧⅢ,６４２　３３５　４４４,2026-08-09,2026-08-14,13,尼崎,一般,６　５６４　３４５　３,2026-07-25,2026-07-30,04,平和島,一般,５　５５４　４３２　５５,2026-07-13,2026-07-18,13,尼崎,ＧⅢ,５　５５５　４６４　６,2026-06-18,2026-06-23,02,戸田,一般,４　５５落　６３５　４６,5439,志賀 美優,2026-08-30,2026-09-04,06,浜名湖,ＧⅢ,６　６５５　６６６　５６,2026-08-11,2026-08-16,07,蒲郡,一般,６６６　６６５　５　６６,2026-07-14,2026-07-19,01,桐生,一般,６　３６６　５６６　６,2026-07-07,2026-07-12,08,常滑,一般,　　　　　　　　　　６５,2026-06-24,2026-06-29,12,住之江,一般,４６６　５６５　６　６,5272,松田 真実,2026-08-25,2026-08-30,09,津,一般,４　２４３　４４２４６１,2026-08-12,2026-08-17,24,大村,ＧⅢ,１　１６４　２３１２[６],2026-07-19,2026-07-24,19,下関,ＧⅢ,１　３６３４４　５６４６,2026-07-01,2026-07-06,07,蒲郡,一般,１５２　６４３　６４１,2026-06-21,2026-06-24,10,三国,一般,６６６　６
202609130809,2026-09-13,08,09R,4909,薮内 瑞希,2026-08-27,2026-08-31,04,平和島,一般,エ　４６４　５３３,2026-08-08,2026-08-13,16,児島,一般,５４５　２　５５２　５６,2026-07-31,2026-08-04,13,尼崎,一般,５　２６４６５　３,2026-07-21,2026-07-26,23,からつ,一般,４　２６３　５２６　５２,2026-06-12,2026-06-17,22,福岡,ＧⅢ,３３１　４５１　５６１６,5129,山口 真喜子,2026-08-25,2026-08-30,17,宮島,一般,３５３　３２２４３６２４,2026-08-12,2026-08-17,24,大村,ＧⅢ,１２５６４５１　２３１２,2026-07-31,2026-08-05,01,桐生,ＧⅢ,１　５１２５１２５　１５,2026-07-19,2026-07-24,19,下関,ＧⅢ,５　３４１２６　１２６４,2026-07-07,2026-07-12,11,びわこ,一般,５２３　２４４３１４４１,5194,大久保 佑香,2026-08-24,2026-08-29,10,三国,一般,１　２１３５４２３５１２,2026-08-12,2026-08-17,02,戸田,一般,６２４　４５６　６６３,2026-07-25,2026-07-30,04,平和島,一般,１　４３５４１　６３１４,2026-07-03,2026-07-08,12,住之江,一般,５　４６６　２２６　６６,2026-05-27,2026-06-01,08,常滑,一般,４　６３５　６２４　４４,5347,井澤 聖奈,2026-08-10,2026-08-15,08,常滑,一般,３　４６５　６６６　６６,2026-07-25,2026-07-30,04,平和島,一般,６　６５４　６６５　６６,2026-07-14,2026-07-19,01,桐生,一般,６６６　６　６６５　６,2026-07-01,2026-07-06,07,蒲郡,一般,５　６６５６６　５　４,2026-06-21,2026-06-24,10,三国,一般,４　６６６　６６,4190,長嶋 万記,2026-08-30,2026-09-04,06,浜名湖,ＧⅢ,２４２　１１２３２４３３,2026-08-18,2026-08-23,16,児島,一般,３２３５３２５　F３４,2026-08-06,2026-08-11,18,徳山,ＧⅠ,２６３　５　５３２　３５,2026-07-25,2026-07-30,04,平和島,一般,２３２　３２１１１５１１,2026-07-10,2026-07-15,06,浜名湖,一般,１５１１３　３１２１[４],5296,永田 楽,2026-08-29,2026-09-03,19,下関,一般,６３６　４６５　６　６５,2026-07-07,2026-07-12,11,びわこ,一般,４３６　３　２５５４５,2026-06-06,2026-06-11,15,丸亀,一般,３　４６２　６４３　１２,2026-05-27,2026-06-01,08,常滑,一般,６６１　６６４　５　３５,2026-05-12,2026-05-17,07,蒲郡,一般,１　５６５　２４４４５
202609130810,2026-09-13,08,10R,4938,小芦 るり華,2026-08-30,2026-09-04,06,浜名湖,ＧⅢ,５５１　１２２１３３３１,2026-08-18,2026-08-23,16,児島,一般,２６５３４４１,2026-08-06,2026-08-11,18,徳山,ＧⅠ,３５３　３　６３４　３４,2026-07-28,2026-08-02,15,丸亀,一般,２６４１２　１１１２[２],2026-07-19,2026-07-24,22,福岡,ＧⅢ,２４５　５５１　５１４,5079,大石 真央,2026-08-30,2026-09-04,06,浜名湖,ＧⅢ,５　４５４　３１１　３６,2026-07-07,2026-07-12,11,びわこ,一般,２５５　２　２５５１６３,2026-06-18,2026-06-23,02,戸田,一般,２３３　５６５　５　３３,2026-06-06,2026-06-10,06,浜名湖,一般,３３５　２４２　３F,2026-05-22,2026-05-26,23,からつ,一般,５２５４２　４　２４,4726,島田 なぎさ,2026-04-15,2026-04-20,09,津,一般,４１３　６５４　５４５６,2026-02-12,2026-02-17,04,平和島,ＧⅢ,５　１４３６２　４６６,2026-01-10,2026-01-15,05,多摩川,一般,３２　　５６２３５　５４,2025-11-21,2025-11-24,12,住之江,一般,６５６３５　６２,2025-10-24,2025-10-27,02,戸田,一般,２　４６５５４,5346,中村 紋夕梨,2026-08-30,2026-09-04,06,浜名湖,ＧⅢ,４６５　６４１　４　２６,2026-08-12,2026-08-17,24,大村,ＧⅢ,６４２３５　５１４　４,2026-07-31,2026-08-04,13,尼崎,一般,５　６６５　４６６,2026-07-17,2026-07-20,02,戸田,一般,４　６６４　５４,2026-06-23,2026-06-28,07,蒲郡,一般,４　６５４　３６４　２５,4825,倉持 莉々,2026-08-30,2026-09-04,06,浜名湖,ＧⅢ,１６２１２　１１２１[１],2026-08-18,2026-08-23,16,児島,一般,２３１３３１２　３３２１,2026-08-06,2026-08-11,18,徳山,ＧⅠ,１５２　１　６５１　５４,2026-07-25,2026-07-30,04,平和島,一般,１１３４１２１　２１[１],2026-07-07,2026-07-12,11,びわこ,一般,２４４５１３２２１２[４],4941,孫崎 百世,2026-09-05,2026-09-10,04,平和島,一般,３６２　４　４６２　４５,2026-08-24,2026-08-29,10,三国,一般,５　４４３　６　６３転,2026-08-15,2026-08-20,11,びわこ,一般,６２６　５　２５４　５２,2026-07-19,2026-07-24,19,下関,ＧⅢ,５　５４３５４　４　３５,2026-07-07,2026-07-12,11,びわこ,一般,　　　　　　　　　　５３
202609130811,2026-09-13,08,11R,4964,土屋 南,2026-08-18,2026-08-23,16,児島,一般,２４３　４６２２５１４３,2026-08-06,2026-08-11,18,徳山,ＧⅠ,３　２６２　１　３　２４,2026-07-19,2026-07-24,19,下関,ＧⅢ,５　３３２１４　３５１４,2026-07-07,2026-07-12,11,びわこ,一般,１４３２４１１　３２[３],2026-06-24,2026-06-29,12,住之江,一般,３　４４４　２４４２２,5052,赤井 星璃菜,2026-08-30,2026-09-04,06,浜名湖,ＧⅢ,５６１　３　５６５６４,2026-08-16,2026-08-19,14,鳴門,一般,５　２５４６３,2026-07-07,2026-07-12,11,びわこ,一般,６　５６４　６５,2026-06-24,2026-06-29,12,住之江,一般,３５６　２４１　５　１５,2026-06-06,2026-06-11,15,丸亀,一般,４　３３２　２１２５５４,5254,羽田 妃希,2026-08-12,2026-08-17,24,大村,ＧⅢ,４３６　１５落　６　４３,2026-07-19,2026-07-24,19,下関,ＧⅢ,４６６　４　６６５　２,2026-07-07,2026-07-12,11,びわこ,一般,　　　　　　　　　　５３,2026-07-01,2026-07-06,07,蒲郡,一般,５４転　５　１３２　５３,2026-06-20,2026-06-25,06,浜名湖,一般,５５５　６６３　３　５５,4502,遠藤 エミ,2026-09-03,2026-09-08,09,津,ＧⅠ,４２６　１　４１５　１６,2026-08-25,2026-08-30,17,宮島,一般,１３１　２２３１５１[１],2026-08-15,2026-08-20,11,びわこ,一般,１２２６４４２　２３５３,2026-08-06,2026-08-11,18,徳山,ＧⅠ,１　５３３６２　５　１４,2026-07-28,2026-08-02,11,びわこ,ＳＧ,５６１　１１６　３１１,5230,石原 凪紗,2026-08-24,2026-08-29,10,三国,一般,２４５　４　６６５　３,2026-08-11,2026-08-16,07,蒲郡,一般,４５４　５　１５５　２６,2026-07-31,2026-08-05,05,多摩川,一般,６５１　４５４　４４１,2026-07-19,2026-07-24,19,下関,ＧⅢ,６３２　２３２　１４１２,2026-07-01,2026-07-06,07,蒲郡,一般,６５２　６５５　４　６２,5297,南 彩寧,2026-08-18,2026-08-23,16,児島,一般,５１６　２４４　１３５６,2026-08-09,2026-08-14,13,尼崎,一般,５　４４６　５４５　５,2026-07-25,2026-07-30,04,平和島,一般,６６６　６,2026-07-07,2026-07-12,11,びわこ,一般,５　６１５３４　６６４,2026-06-18,2026-06-23,02,戸田,一般,５　２４６　３４５　落６
202609130812,2026-09-13,08,12R,4433,川野 芽唯,2026-08-30,2026-09-04,06,浜名湖,ＧⅢ,１３４２１　５１３３２１,2026-08-17,2026-08-20,20,若松,一般,３３３１４２[５],2026-08-06,2026-08-11,18,徳山,ＧⅠ,３　１１２２２　１　[１],2026-07-28,2026-08-02,15,丸亀,一般,４１１　３１３１３１[４],2026-07-10,2026-07-15,06,浜名湖,一般,４３１　５１１３１２[２],3232,山川 美由紀,2026-08-30,2026-09-04,06,浜名湖,ＧⅢ,４１１　２５３４１６１４,2026-08-06,2026-08-11,18,徳山,ＧⅠ,６　４５６　４　３１２,2026-06-30,2026-07-05,23,からつ,一般,５５３５２　６　５　３,2026-06-21,2026-06-24,19,下関,一般,６３１４３　５１,2026-06-06,2026-06-11,15,丸亀,一般,３４４６３　２５４１５２,4556,竹井 奈美,2026-08-24,2026-08-29,10,三国,一般,２４２　４１１３５５１１,2026-08-06,2026-08-11,18,徳山,ＧⅠ,１５２　２　１６５　１５,2026-07-19,2026-07-24,19,下関,ＧⅢ,４４１　５３２４３４２３,2026-06-30,2026-07-05,23,からつ,一般,２３１　６２２４１３２１,2026-06-12,2026-06-17,22,福岡,ＧⅢ,１　２２３１１３３２[１],4208,三浦 永理,2026-08-30,2026-09-04,06,浜名湖,ＧⅢ,２２１１２１４　５１[６],2026-08-18,2026-08-23,16,児島,一般,１　１３３１１３２１[２],2026-08-06,2026-08-11,18,徳山,ＧⅠ,１１６　６　３３１　２５,2026-07-25,2026-07-30,04,平和島,一般,２　３２３１２１２２[２],2026-07-13,2026-07-18,13,尼崎,ＧⅢ,１５３　４２２２１６１３,5146,野田 彩加,2026-08-30,2026-09-04,06,浜名湖,ＧⅢ,４　３６５１転,2026-08-15,2026-08-20,18,徳山,一般,２３５５３　４４４　６１,2026-07-28,2026-08-02,15,丸亀,一般,５　２５２　２５４３１,2026-07-19,2026-07-24,22,福岡,ＧⅢ,６　５３２　３２５５３,2026-07-10,2026-07-15,06,浜名湖,一般,６　１３２６４２６６２４,5188,武井 莉里佳,2026-08-30,2026-09-04,06,浜名湖,ＧⅢ,１１２４１２３　４１[２],2026-08-18,2026-08-23,16,児島,一般,３５１　１３３４４５１１,2026-08-06,2026-08-11,18,徳山,ＧⅠ,３　３　３５５　２３３,2026-07-19,2026-07-24,22,福岡,ＧⅢ,４　５５６　１６４２５,2026-07-11,2026-07-14,04,平和島,一般,１　１６１１[２]
202609130901,2026-09-13,09,01R,4156,浜野 孝志,2026-08-29,2026-09-03,19,下関,一般,４１５　４５６　３５２１,2026-08-15,2026-08-20,09,津,一般,３　４２４　１３３５５１,2026-08-03,2026-08-08,04,平和島,ＧⅢ,１３５　１５６２１６３５,2026-07-24,2026-07-27,12,住之江,一般,２２３　２３３３,2026-07-14,2026-07-19,21,芦屋,一般,３４５　２１１１１４５２,3211,北川 敏弘,2026-09-01,2026-09-05,13,尼崎,一般,２６５　２　２５３３,2026-08-22,2026-08-26,20,若松,一般,４　６５４　５６６５,2026-08-09,2026-08-14,23,からつ,一般,６　４２２２５　２　４１,2026-07-24,2026-07-29,17,宮島,一般,４６４　５６４　５５５３,2026-07-14,2026-07-17,24,大村,一般,３５６　４　３５,5327,西田 和加,2026-08-12,2026-08-17,24,大村,ＧⅢ,５　５５６　３４５　５６,2026-07-22,2026-07-26,08,常滑,一般,５５６　２　４４５６,2026-07-11,2026-07-14,04,平和島,一般,６　６　６５６６,2026-05-28,2026-06-02,01,桐生,一般,６　６４６　６６６,2026-05-01,2026-05-06,02,戸田,一般,５　６６５　F　６　６,4423,坂口 貴彦,2026-08-26,2026-08-30,14,鳴門,一般,５３４　１　６４３４,2026-08-14,2026-08-19,17,宮島,一般,２２２　３３１　５４３６,2026-07-31,2026-08-03,20,若松,一般,４　６５,2026-07-15,2026-07-20,18,徳山,一般,６１４　３５４　４２２,2026-06-30,2026-07-05,06,浜名湖,一般,３　２２１　４４３２[４],4349,犬童 千秋,2026-08-25,2026-08-30,17,宮島,一般,５５４　５５６　２５３６,2026-07-14,2026-07-19,21,芦屋,一般,４　２６２４５　６２３,2026-06-28,2026-07-03,20,若松,一般,１　２　２２３５４６２５,2026-06-12,2026-06-17,22,福岡,ＧⅢ,２　４４２　２６F６４,2026-05-18,2026-05-23,18,徳山,ＧⅢ,４１５６３　２　５３４３,4390,松本 弓雄,2026-08-26,2026-08-30,14,鳴門,一般,３６５　転　３５６５,2026-08-15,2026-08-20,18,徳山,一般,５２３　２２５　４５１６,2026-08-04,2026-08-09,12,住之江,一般,６　４６６,2026-07-22,2026-07-27,14,鳴門,一般,４６５　５４５　２５４５,2026-07-10,2026-07-15,23,からつ,一般,２　３３５　３２４６５４
202609130902,2026-09-13,09,02R,5204,宇恵 有香,2026-08-26,2026-08-30,14,鳴門,一般,６５４　６　２３６５,2026-08-15,2026-08-20,09,津,一般,５３６　２５４　４　４２,2026-08-08,2026-08-11,05,多摩川,一般,４　１６１　１４,2026-07-31,2026-08-05,01,桐生,ＧⅢ,３　６１６　３１５２[５],2026-07-10,2026-07-15,06,浜名湖,一般,３　５４４　４５５　５,4106,坂井 康嗣,2026-08-21,2026-08-26,06,浜名湖,一般,４　４６２　２２６６６６,2026-08-03,2026-08-08,17,宮島,一般,３　４４３　６２３６４,2026-07-23,2026-07-27,01,桐生,一般,４　４２４４３　４５,2026-07-04,2026-07-09,18,徳山,一般,６　５６,2026-06-24,2026-06-29,09,津,一般,２　２５６　６１３４６６,3567,吉岡 誠,2026-08-27,2026-09-01,07,蒲郡,一般,６　６５６　１　６６６,2026-08-16,2026-08-19,14,鳴門,一般,３６,2026-07-29,2026-08-03,22,福岡,一般,６　落欠,2026-07-22,2026-07-25,24,大村,一般,６３６　６　６４,2026-07-07,2026-07-12,08,常滑,一般,２　６２２　２５５４２２,4119,泥谷 一毅,2026-08-30,2026-09-02,21,芦屋,一般,２１２　２４１２,2026-08-15,2026-08-20,11,びわこ,一般,６欠,2026-07-31,2026-08-05,05,多摩川,一般,１３２　１　３４３４３５,2026-07-18,2026-07-22,10,三国,一般,４　４１４３６５２５,2026-07-05,2026-07-09,24,大村,一般,１５３　４５１　２４,3901,松田 憲幸,2026-08-26,2026-08-30,14,鳴門,一般,６　４５６　４　５５,2026-08-11,2026-08-16,19,下関,一般,１　２３６　３３１６６５,2026-07-29,2026-08-03,23,からつ,一般,６　３６５　４１５　６１,2026-07-18,2026-07-22,10,三国,一般,６　３６２　６　６２,2026-07-04,2026-07-09,18,徳山,一般,５１１　５１６３１５３３,5356,長谷川 暖,2026-08-29,2026-09-03,19,下関,一般,２　１４２５４５１３１３,2026-08-15,2026-08-20,18,徳山,一般,４　６４１　４６５　４４,2026-07-29,2026-08-03,23,からつ,一般,４　５６４６４　１５２,2026-06-21,2026-06-24,10,三国,一般,６　３５５　４１,2026-06-07,2026-06-11,05,多摩川,一般,５１６　３６２　３１
202609130903,2026-09-13,09,03R,3973,崎 利仁,2026-08-27,2026-09-01,07,蒲郡,一般,５３６　６　４５３　５６,2026-08-11,2026-08-16,01,桐生,一般,６　３３４　２　１４１１,2026-07-31,2026-08-03,20,若松,一般,２　６６５５２,2026-07-15,2026-07-20,18,徳山,一般,２４３　２４４　５　５５,2026-07-05,2026-07-09,24,大村,一般,２　４５３　５２２３,4318,桑原 将光,2026-08-30,2026-09-02,21,芦屋,一般,２２１３３３２１,2026-07-23,2026-07-27,01,桐生,一般,５５２　エ３５３３,2026-07-15,2026-07-19,08,常滑,一般,４　４４３２６　１４,2026-07-05,2026-07-09,05,多摩川,一般,５　３３５３３　４１,2026-06-24,2026-06-29,03,江戸川,一般,３　４F３　４転５　４４,3580,水口 由紀,2026-08-30,2026-09-04,06,浜名湖,ＧⅢ,２　４３３　２５３５３６,2026-08-15,2026-08-20,11,びわこ,一般,３　３４４４４　１３６,2026-07-19,2026-07-24,19,下関,ＧⅢ,３　３４４　５２３５３,2026-07-07,2026-07-12,11,びわこ,一般,２　１５６３５　５１４５,2026-06-17,2026-06-22,13,尼崎,一般,３４５　４３２６２５３２,5005,石田 貴洋,2026-09-01,2026-09-04,24,大村,一般,１５４２２６１２,2026-08-22,2026-08-26,20,若松,一般,２５４２３４２３３３,2026-08-11,2026-08-16,04,平和島,一般,３３５１４１５　１　５１,2026-07-29,2026-08-03,23,からつ,一般,１２３　２４３３３５５２,2026-07-17,2026-07-20,02,戸田,一般,１１３　３１[２],4757,山田 祐也,2026-08-29,2026-09-03,16,児島,一般,１１６　２１４２３１[２],2026-08-16,2026-08-19,14,鳴門,一般,４２５３２　１２,2026-08-07,2026-08-11,15,丸亀,一般,４４１１３４１１[５],2026-07-28,2026-08-02,11,びわこ,ＳＧ,３　６　１６２　５３４３,2026-07-13,2026-07-18,07,蒲郡,ＧⅡ,３５６　６１１１５　２,3827,今泉 徹,2026-08-27,2026-09-01,07,蒲郡,一般,５　１５５５４　６　４５,2026-08-11,2026-08-16,01,桐生,一般,３　６４３　５　１６４４,2026-07-31,2026-08-03,20,若松,一般,６　４５５　１６,2026-07-17,2026-07-20,02,戸田,一般,５　３３４３４１,2026-07-04,2026-07-09,01,桐生,一般,４２３　６６２　３４１２
202609130904,2026-09-13,09,04R,3448,高山 秀雄,2026-08-30,2026-09-03,08,常滑,一般,４　４３４４２　３２,2026-05-19,2026-05-24,08,常滑,一般,６　３５５　３５４　４５,2026-05-01,2026-05-06,01,桐生,一般,６,2026-04-18,2026-04-23,05,多摩川,一般,５　１２３　５５２F５,2026-04-05,2026-04-10,02,戸田,一般,４５４　１５５　３２６２,5049,松井 友汰,2026-08-30,2026-09-03,08,常滑,一般,４５４　２４３　２１,2026-08-17,2026-08-21,13,尼崎,一般,１　３２１２１１[５],2026-07-11,2026-07-16,03,江戸川,一般,２　１３６　３５２２２５,2026-06-30,2026-07-04,19,下関,一般,４６２　１３１４６５,2026-06-17,2026-06-22,05,多摩川,一般,２３２　６３１　３３１４,4695,尾崎 雄二,2026-08-30,2026-09-03,08,常滑,一般,３　６２４３５２３５,2026-08-17,2026-08-21,13,尼崎,一般,１　２５４１３４１６,2026-08-06,2026-08-10,24,大村,一般,３　５３１６３５５２,2026-07-27,2026-08-01,10,三国,一般,５５６５１　３　２６５１,2026-07-16,2026-07-21,11,びわこ,一般,５１４転,5277,井上 未都,2026-09-05,2026-09-10,04,平和島,一般,３２４　２６,2026-08-24,2026-08-29,10,三国,一般,３１１　５６５　４　４４,2026-08-10,2026-08-15,21,芦屋,一般,４　５５３　３４４　５６,2026-07-19,2026-07-24,22,福岡,ＧⅢ,３　２　５２４　５　４５,2026-07-07,2026-07-12,08,常滑,一般,５３５　４６１　６２４３,5073,上原 健次郎,2026-08-30,2026-09-03,08,常滑,一般,４６３１２　４６４３,2026-08-20,2026-08-23,04,平和島,一般,５１２　５６２６,2026-08-10,2026-08-15,21,芦屋,一般,４　４５２　１５６６４４,2026-07-29,2026-08-03,22,福岡,一般,３　２５１５５４１４５２,2026-07-07,2026-07-12,02,戸田,ＧⅡ,３　５　５４５　４４６,4644,山田 亮太,2026-08-30,2026-09-02,21,芦屋,一般,４６１５４　１１,2026-08-15,2026-08-20,05,多摩川,一般,６１２　４１３３４５１５,2026-08-04,2026-08-09,12,住之江,一般,４　１６３５５　２２３１,2026-07-22,2026-07-26,08,常滑,一般,２２２　３３１転３,2026-07-14,2026-07-17,24,大村,一般,２２３２３２[３]
202609130905,2026-09-13,09,05R,4058,野末 智一,2026-09-01,2026-09-04,24,大村,一般,２１１３４３３１,2026-08-22,2026-08-26,20,若松,一般,４６５２４,2026-08-11,2026-08-16,06,浜名湖,一般,１６４１２　２転２５５３,2026-07-24,2026-07-27,02,戸田,一般,４４２　３１１１,2026-07-15,2026-07-19,17,宮島,一般,４１３５３　２５６２,3619,長谷川 充,2026-08-26,2026-08-31,11,びわこ,一般,６　２３３３６　２６３,2026-08-02,2026-08-05,21,芦屋,一般,２　２４１５５３,2026-07-19,2026-07-23,05,多摩川,一般,１６５４３　４　３１,2026-07-07,2026-07-12,10,三国,ＧⅢ,３　２２３３６６３　２５,2026-06-25,2026-06-30,01,桐生,ＧⅢ,５４４　４２６　６　５４,3629,浅見 昌克,2026-08-31,2026-09-05,20,若松,ＧⅢ,５３６２１　１５３４２６,2026-08-20,2026-08-25,21,芦屋,一般,４２３６６　２６６　５４,2026-05-14,2026-05-18,10,三国,一般,１３５５３　４　３２,2026-05-01,2026-05-06,02,戸田,一般,４　３３１　１２３２３４,2026-04-21,2026-04-26,17,宮島,ＧⅠ,２　F　６５６　６　４,4458,抹香 雄三,2026-08-29,2026-09-03,16,児島,一般,３５３　４３５　２３３１,2026-08-14,2026-08-19,17,宮島,一般,６　３１２　３４３６１３,2026-08-04,2026-08-09,12,住之江,一般,５２３　２４２　２５３３,2026-07-23,2026-07-27,01,桐生,一般,３３１　４６４４３５,2026-07-10,2026-07-15,23,からつ,一般,３２２　３２６５３　２５,5354,渡邊 雄斗,2026-09-04,2026-09-09,11,びわこ,一般,２３２　２５３６３６２３,2026-08-15,2026-08-20,09,津,一般,２５１　５４１　３３１６,2026-08-04,2026-08-09,12,住之江,一般,５　３５６　４６６　５,2026-07-28,2026-07-31,24,大村,一般,６５４　５　６２,2026-07-19,2026-07-23,05,多摩川,一般,１　２　４３５１[２],5327,西田 和加,2026-08-12,2026-08-17,24,大村,ＧⅢ,５　５５６　３４５　５６,2026-07-22,2026-07-26,08,常滑,一般,５５６　２　４４５６,2026-07-11,2026-07-14,04,平和島,一般,６　６　６５６６,2026-05-28,2026-06-02,01,桐生,一般,６　６４６　６６６,2026-05-01,2026-05-06,02,戸田,一般,５　６６５　F　６　６
202609130906,2026-09-13,09,06R,5172,田村 慶,2026-08-27,2026-08-31,04,平和島,一般,１　２６５６６　１１,2026-08-16,2026-08-19,14,鳴門,一般,２　４２５２[５],2026-07-22,2026-07-27,14,鳴門,一般,２３１　５２４２２転,2026-07-15,2026-07-20,18,徳山,一般,４５２　１　４２１４３３,2026-06-29,2026-07-04,08,常滑,一般,２６５　５４１　２３２３,5359,佐藤 世那,2026-07-31,2026-08-03,20,若松,一般,５６５　６　５３,2026-07-17,2026-07-20,02,戸田,一般,４２２　１１２５,2026-07-01,2026-07-06,22,福岡,一般,５　６５６　５５２　４３,2026-06-20,2026-06-25,15,丸亀,一般,４　２５２　４５３　F６,2026-06-03,2026-06-08,21,芦屋,一般,６　２３１　４６６３１,4191,赤羽 克也,2026-08-30,2026-09-02,21,芦屋,一般,２３２３１３１３,2026-08-20,2026-08-23,02,戸田,一般,３２１３１１[２],2026-08-11,2026-08-16,04,平和島,一般,５　５１５５３４２　２１,2026-07-24,2026-07-29,17,宮島,一般,４１２　３４６３エ,2026-07-12,2026-07-16,05,多摩川,一般,４４３１２３１３２５,3900,香川 素子,2026-08-06,2026-08-11,18,徳山,ＧⅠ,落５３　１　６４４　６,2026-07-28,2026-08-02,15,丸亀,一般,３３４２４　５６６５２４,2026-07-19,2026-07-24,19,下関,ＧⅢ,２１４　４３３１３２[２],2026-07-07,2026-07-12,11,びわこ,一般,２２２４１５３　６６２４,2026-06-17,2026-06-22,13,尼崎,一般,１６１　１１１F２　５,3211,北川 敏弘,2026-09-01,2026-09-05,13,尼崎,一般,２６５　２　２５３３,2026-08-22,2026-08-26,20,若松,一般,４　６５４　５６６５,2026-08-09,2026-08-14,23,からつ,一般,６　４２２２５　２　４１,2026-07-24,2026-07-29,17,宮島,一般,４６４　５６４　５５５３,2026-07-14,2026-07-17,24,大村,一般,３５６　４　３５,4532,秋元 哲,2026-08-28,2026-09-02,05,多摩川,ＧⅢ,２２２　２１２２４３３１,2026-08-12,2026-08-17,02,戸田,一般,３１１　妨２３４２２１,2026-08-03,2026-08-08,04,平和島,ＧⅢ,４　５２４６４６２　２１,2026-06-13,2026-06-18,08,常滑,ＧⅠ,５６,2026-06-04,2026-06-09,17,宮島,ＧⅠ,３４６　４　３５３　３５
202609130907,2026-09-13,09,07R,4349,犬童 千秋,2026-08-25,2026-08-30,17,宮島,一般,５５４　５５６　２５３６,2026-07-14,2026-07-19,21,芦屋,一般,４　２６２４５　６２３,2026-06-28,2026-07-03,20,若松,一般,１　２　２２３５４６２５,2026-06-12,2026-06-17,22,福岡,ＧⅢ,２　４４２　２６F６４,2026-05-18,2026-05-23,18,徳山,ＧⅢ,４１５６３　２　５３４３,4703,森永 隆,2026-08-28,2026-08-31,23,からつ,一般,３２１３転４２２,2026-08-15,2026-08-20,18,徳山,一般,１　２５４２４４２４４５,2026-08-07,2026-08-11,15,丸亀,一般,１５２３３４１２[２],2026-07-24,2026-07-29,17,宮島,一般,３６１４２１４　３６４５,2026-07-09,2026-07-13,14,鳴門,一般,２２１２１６２２[２],3268,森 竜也,2026-08-27,2026-09-01,07,蒲郡,一般,３　４２４　１３１６３６,2026-08-15,2026-08-20,09,津,一般,２３５　４２４　１６３,2026-08-03,2026-08-08,04,平和島,ＧⅢ,６　４４２　３３２３４４,2026-07-23,2026-07-28,21,芦屋,一般,５６５　３　５６５　６５,2026-07-10,2026-07-15,23,からつ,一般,３５１　４　５１５４４１,4933,板橋 侑我,2026-09-03,2026-09-08,10,三国,一般,４１１２２２１　４１[３],2026-08-21,2026-08-26,03,江戸川,一般,３　５４２　１２１　２４,2026-08-11,2026-08-16,06,浜名湖,一般,２　４５４６１５４　２１,2026-07-28,2026-08-02,11,びわこ,ＳＧ,５　２６６　４　６６４,2026-07-18,2026-07-21,20,若松,一般,２１２４３５１５,3349,吉田 一郎,2026-08-29,2026-09-03,16,児島,一般,２　１４４４３１１２[５],2026-08-17,2026-08-20,20,若松,一般,４２１４１１[２],2026-08-06,2026-08-10,24,大村,一般,２２４　１４３６３５,2026-07-27,2026-07-31,19,下関,一般,５３５５１　３　４３,2026-07-15,2026-07-19,08,常滑,一般,６　１２１４１３４５,4119,泥谷 一毅,2026-08-30,2026-09-02,21,芦屋,一般,２１２　２４１２,2026-08-15,2026-08-20,11,びわこ,一般,６欠,2026-07-31,2026-08-05,05,多摩川,一般,１３２　１　３４３４３５,2026-07-18,2026-07-22,10,三国,一般,４　４１４３６５２５,2026-07-05,2026-07-09,24,大村,一般,１５３　４５１　２４
202609130908,2026-09-13,09,08R,3430,角浜 修,2026-08-26,2026-08-31,11,びわこ,一般,４　５１５５１　２６５,2026-08-14,2026-08-19,17,宮島,一般,４３４　３１６　６６６,2026-08-03,2026-08-08,19,下関,一般,６　５５３　５２６　３４,2026-07-21,2026-07-26,23,からつ,一般,５　６４２　２５１　５１,2026-07-09,2026-07-13,16,児島,一般,３４６６２　４　６５,4259,真庭 明志,2026-08-30,2026-09-02,21,芦屋,一般,２　３２４５２２,2026-08-17,2026-08-21,13,尼崎,一般,４４４　１３３　５１,2026-08-06,2026-08-10,24,大村,一般,２　１４４４１５１３,2026-07-25,2026-07-29,20,若松,一般,１　２３５３４３１３,2026-07-14,2026-07-17,24,大村,一般,１４１１６３５２,4581,吉村 誠,2026-08-31,2026-09-05,18,徳山,一般,１６３　１１６４３３１３,2026-08-20,2026-08-23,02,戸田,一般,２　２１２１[３],2026-08-11,2026-08-16,06,浜名湖,一般,２５１４１２５　１４２１,2026-07-31,2026-08-05,05,多摩川,一般,４　１３４３２３１６４３,2026-07-24,2026-07-27,12,住之江,一般,４２３３２２３,3580,水口 由紀,2026-08-30,2026-09-04,06,浜名湖,ＧⅢ,２　４３３　２５３５３６,2026-08-15,2026-08-20,11,びわこ,一般,３　３４４４４　１３６,2026-07-19,2026-07-24,19,下関,ＧⅢ,３　３４４　５２３５３,2026-07-07,2026-07-12,11,びわこ,一般,２　１５６３５　５１４５,2026-06-17,2026-06-22,13,尼崎,一般,３４５　４３２６２５３２,4702,三浦 敬太,2026-08-28,2026-09-02,05,多摩川,ＧⅢ,４　４１３５欠欠,2026-08-17,2026-08-21,13,尼崎,一般,４２３２２６１５１１,2026-08-03,2026-08-08,19,下関,一般,１２１　１１４１妨３１,2026-07-24,2026-07-27,02,戸田,一般,４６６６４６３,2026-07-14,2026-07-19,21,芦屋,一般,２２２　３５５５２５１１,4106,坂井 康嗣,2026-08-21,2026-08-26,06,浜名湖,一般,４　４６２　２２６６６６,2026-08-03,2026-08-08,17,宮島,一般,３　４４３　６２３６４,2026-07-23,2026-07-27,01,桐生,一般,４　４２４４３　４５,2026-07-04,2026-07-09,18,徳山,一般,６　５６,2026-06-24,2026-06-29,09,津,一般,２　２５６　６１３４６６
202609130909,2026-09-13,09,09R,4695,尾崎 雄二,2026-08-30,2026-09-03,08,常滑,一般,３　６２４３５２３５,2026-08-17,2026-08-21,13,尼崎,一般,１　２５４１３４１６,2026-08-06,2026-08-10,24,大村,一般,３　５３１６３５５２,2026-07-27,2026-08-01,10,三国,一般,５５６５１　３　２６５１,2026-07-16,2026-07-21,11,びわこ,一般,５１４転,4017,向井 美鈴,2026-08-29,2026-09-03,19,下関,一般,６１５３４　５　３５２,2026-08-15,2026-08-20,18,徳山,一般,５　１１５５３　１３１３,2026-07-10,2026-07-15,06,浜名湖,一般,３１２　４３６　２２[３],2026-06-24,2026-06-28,04,平和島,一般,６３６５３　１２,2026-06-14,2026-06-18,01,桐生,一般,５２６　６６６　５,4136,江夏 満,2026-08-31,2026-09-05,20,若松,ＧⅢ,１３４　１１２３３２[５],2026-08-22,2026-08-27,22,福岡,一般,１６４４３１３　３３２２,2026-05-11,2026-05-15,08,常滑,一般,４２２１２３３４１３,2026-05-01,2026-05-06,20,若松,一般,３　４２２　４４５６１５,2026-04-21,2026-04-26,17,宮島,ＧⅠ,２４４　１　６５３　５１,5204,宇恵 有香,2026-08-26,2026-08-30,14,鳴門,一般,６５４　６　２３６５,2026-08-15,2026-08-20,09,津,一般,５３６　２５４　４　４２,2026-08-08,2026-08-11,05,多摩川,一般,４　１６１　１４,2026-07-31,2026-08-05,01,桐生,ＧⅢ,３　６１６　３１５２[５],2026-07-10,2026-07-15,06,浜名湖,一般,３　５４４　４５５　５,4977,馬野 耀,2026-08-30,2026-09-02,21,芦屋,一般,３３３５,2026-08-22,2026-08-27,08,常滑,ＧⅢ,４　４４２　１１６３３１,2026-08-13,2026-08-18,12,住之江,一般,２　４４２　４３４５１,2026-08-04,2026-08-09,10,三国,一般,４　２２１６４１２３２１,2026-07-22,2026-07-25,24,大村,一般,１　２２１２[４],5005,石田 貴洋,2026-09-01,2026-09-04,24,大村,一般,１５４２２６１２,2026-08-22,2026-08-26,20,若松,一般,２５４２３４２３３３,2026-08-11,2026-08-16,04,平和島,一般,３３５１４１５　１　５１,2026-07-29,2026-08-03,23,からつ,一般,１２３　２４３３３５５２,2026-07-17,2026-07-20,02,戸田,一般,１１３　３１[２]
202609130910,2026-09-13,09,10R,4949,横田 貴満,2026-08-29,2026-09-03,16,児島,一般,３　２５５５３４,2026-08-20,2026-08-23,23,からつ,一般,４２４２４３４１,2026-08-06,2026-08-10,24,大村,一般,４１３３３　５３５３,2026-07-23,2026-07-27,01,桐生,一般,５２１３１２３５２４,2026-07-11,2026-07-16,03,江戸川,一般,４５１　４５５,4644,山田 亮太,2026-08-30,2026-09-02,21,芦屋,一般,４６１５４　１１,2026-08-15,2026-08-20,05,多摩川,一般,６１２　４１３３４５１５,2026-08-04,2026-08-09,12,住之江,一般,４　１６３５５　２２３１,2026-07-22,2026-07-26,08,常滑,一般,２２２　３３１転３,2026-07-14,2026-07-17,24,大村,一般,２２３２３２[３],3901,松田 憲幸,2026-08-26,2026-08-30,14,鳴門,一般,６　４５６　４　５５,2026-08-11,2026-08-16,19,下関,一般,１　２３６　３３１６６５,2026-07-29,2026-08-03,23,からつ,一般,６　３６５　４１５　６１,2026-07-18,2026-07-22,10,三国,一般,６　３６２　６　６２,2026-07-04,2026-07-09,18,徳山,一般,５１１　５１６３１５３３,4824,松井 洪弥,2026-08-30,2026-09-02,21,芦屋,一般,５２１１１１[６],2026-08-14,2026-08-19,10,三国,一般,２４３５６　１５２　１５,2026-08-03,2026-08-08,17,宮島,一般,５２１５１　１２５４１２,2026-07-24,2026-07-27,02,戸田,一般,６６１１３　１３,2026-07-15,2026-07-19,08,常滑,一般,４３５５４,3619,長谷川 充,2026-08-26,2026-08-31,11,びわこ,一般,６　２３３３６　２６３,2026-08-02,2026-08-05,21,芦屋,一般,２　２４１５５３,2026-07-19,2026-07-23,05,多摩川,一般,１６５４３　４　３１,2026-07-07,2026-07-12,10,三国,ＧⅢ,３　２２３３６６３　２５,2026-06-25,2026-06-30,01,桐生,ＧⅢ,５４４　４２６　６　５４,4191,赤羽 克也,2026-08-30,2026-09-02,21,芦屋,一般,２３２３１３１３,2026-08-20,2026-08-23,02,戸田,一般,３２１３１１[２],2026-08-11,2026-08-16,04,平和島,一般,５　５１５５３４２　２１,2026-07-24,2026-07-29,17,宮島,一般,４１２　３４６３エ,2026-07-12,2026-07-16,05,多摩川,一般,４４３１２３１３２５
202609130911,2026-09-13,09,11R,3349,吉田 一郎,2026-08-29,2026-09-03,16,児島,一般,２　１４４４３１１２[５],2026-08-17,2026-08-20,20,若松,一般,４２１４１１[２],2026-08-06,2026-08-10,24,大村,一般,２２４　１４３６３５,2026-07-27,2026-07-31,19,下関,一般,５３５５１　３　４３,2026-07-15,2026-07-19,08,常滑,一般,６　１２１４１３４５,4532,秋元 哲,2026-08-28,2026-09-02,05,多摩川,ＧⅢ,２２２　２１２２４３３１,2026-08-12,2026-08-17,02,戸田,一般,３１１　妨２３４２２１,2026-08-03,2026-08-08,04,平和島,ＧⅢ,４　５２４６４６２　２１,2026-06-13,2026-06-18,08,常滑,ＧⅠ,５６,2026-06-04,2026-06-09,17,宮島,ＧⅠ,３４６　４　３５３　３５,4423,坂口 貴彦,2026-08-26,2026-08-30,14,鳴門,一般,５３４　１　６４３４,2026-08-14,2026-08-19,17,宮島,一般,２２２　３３１　５４３６,2026-07-31,2026-08-03,20,若松,一般,４　６５,2026-07-15,2026-07-20,18,徳山,一般,６１４　３５４　４２２,2026-06-30,2026-07-05,06,浜名湖,一般,３　２２１　４４３２[４],5073,上原 健次郎,2026-08-30,2026-09-03,08,常滑,一般,４６３１２　４６４３,2026-08-20,2026-08-23,04,平和島,一般,５１２　５６２６,2026-08-10,2026-08-15,21,芦屋,一般,４　４５２　１５６６４４,2026-07-29,2026-08-03,22,福岡,一般,３　２５１５５４１４５２,2026-07-07,2026-07-12,02,戸田,ＧⅡ,３　５　５４５　４４６,3973,崎 利仁,2026-08-27,2026-09-01,07,蒲郡,一般,５３６　６　４５３　５６,2026-08-11,2026-08-16,01,桐生,一般,６　３３４　２　１４１１,2026-07-31,2026-08-03,20,若松,一般,２　６６５５２,2026-07-15,2026-07-20,18,徳山,一般,２４３　２４４　５　５５,2026-07-05,2026-07-09,24,大村,一般,２　４５３　５２２３,3629,浅見 昌克,2026-08-31,2026-09-05,20,若松,ＧⅢ,５３６２１　１５３４２６,2026-08-20,2026-08-25,21,芦屋,一般,４２３６６　２６６　５４,2026-05-14,2026-05-18,10,三国,一般,１３５５３　４　３２,2026-05-01,2026-05-06,02,戸田,一般,４　３３１　１２３２３４,2026-04-21,2026-04-26,17,宮島,ＧⅠ,２　F　６５６　６　４
202609130912,2026-09-13,09,12R,4757,山田 祐也,2026-08-29,2026-09-03,16,児島,一般,１１６　２１４２３１[２],2026-08-16,2026-08-19,14,鳴門,一般,４２５３２　１２,2026-08-07,2026-08-11,15,丸亀,一般,４４１１３４１１[５],2026-07-28,2026-08-02,11,びわこ,ＳＧ,３　６　１６２　５３４３,2026-07-13,2026-07-18,07,蒲郡,ＧⅡ,３５６　６１１１５　２,4156,浜野 孝志,2026-08-29,2026-09-03,19,下関,一般,４１５　４５６　３５２１,2026-08-15,2026-08-20,09,津,一般,３　４２４　１３３５５１,2026-08-03,2026-08-08,04,平和島,ＧⅢ,１３５　１５６２１６３５,2026-07-24,2026-07-27,12,住之江,一般,２２３　２３３３,2026-07-14,2026-07-19,21,芦屋,一般,３４５　２１１１１４５２,4259,真庭 明志,2026-08-30,2026-09-02,21,芦屋,一般,２　３２４５２２,2026-08-17,2026-08-21,13,尼崎,一般,４４４　１３３　５１,2026-08-06,2026-08-10,24,大村,一般,２　１４４４１５１３,2026-07-25,2026-07-29,20,若松,一般,１　２３５３４３１３,2026-07-14,2026-07-17,24,大村,一般,１４１１６３５２,4058,野末 智一,2026-09-01,2026-09-04,24,大村,一般,２１１３４３３１,2026-08-22,2026-08-26,20,若松,一般,４６５２４,2026-08-11,2026-08-16,06,浜名湖,一般,１６４１２　２転２５５３,2026-07-24,2026-07-27,02,戸田,一般,４４２　３１１１,2026-07-15,2026-07-19,17,宮島,一般,４１３５３　２５６２,5359,佐藤 世那,2026-07-31,2026-08-03,20,若松,一般,５６５　６　５３,2026-07-17,2026-07-20,02,戸田,一般,４２２　１１２５,2026-07-01,2026-07-06,22,福岡,一般,５　６５６　５５２　４３,2026-06-20,2026-06-25,15,丸亀,一般,４　２５２　４５３　F６,2026-06-03,2026-06-08,21,芦屋,一般,６　２３１　４６６３１,5049,松井 友汰,2026-08-30,2026-09-03,08,常滑,一般,４５４　２４３　２１,2026-08-17,2026-08-21,13,尼崎,一般,１　３２１２１１[５],2026-07-11,2026-07-16,03,江戸川,一般,２　１３６　３５２２２５,2026-06-30,2026-07-04,19,下関,一般,４６２　１３１４６５,2026-06-17,2026-06-22,05,多摩川,一般,２３２　６３１　３３１４
202609131001,2026-09-13,10,01R,5045,平川 香織,2026-08-06,2026-08-11,18,徳山,ＧⅠ,４　３２１　３　３　２３,2026-07-27,2026-07-31,19,下関,一般,３　５３１２１２４,2026-07-18,2026-07-23,09,津,ＧⅢ,４　２１４　転３１４３,2026-07-07,2026-07-12,11,びわこ,一般,１３３３２　１４４３２２,2026-06-18,2026-06-23,02,戸田,一般,１　１２１３３２５５１２,3474,松瀬 弘美,2026-08-30,2026-09-04,06,浜名湖,ＧⅢ,２６３　１５３　４３２１,2026-08-12,2026-08-17,24,大村,ＧⅢ,２３４　４２５　３３４,2026-07-31,2026-08-05,01,桐生,ＧⅢ,３５３　１２２　２６１２,2026-07-10,2026-07-15,06,浜名湖,一般,５　６５４　６５４　１,2026-06-24,2026-06-29,12,住之江,一般,５４４　２５２　６　５４,3645,淺田 千亜希,2026-07-14,2026-07-19,21,芦屋,一般,１　５６４５６　２５２,2026-06-06,2026-06-11,15,丸亀,一般,６,2026-05-29,2026-06-02,23,からつ,一般,４６４３１　１　６４,2026-04-29,2026-05-04,14,鳴門,ＧⅢ,１　４１２F６,2026-04-14,2026-04-19,20,若松,一般,２　６２４６６１６　４,4694,高田 綾,2026-08-18,2026-08-23,16,児島,一般,６３６　３５３　３５６１,2026-08-07,2026-08-12,20,若松,一般,５　６３４４５３３　２３,2026-07-23,2026-07-28,21,芦屋,一般,１２２　４４４４１５６４,2026-07-07,2026-07-12,11,びわこ,一般,４　２６１３３３１５４３,2026-06-18,2026-06-23,02,戸田,一般,１３３　４５２　４６４３,4317,木村 紗友希,2026-08-30,2026-09-04,06,浜名湖,ＧⅢ,６３２　４６４　１４１４,2026-08-11,2026-08-16,06,浜名湖,一般,６４５　５６１　３　３１,2026-07-22,2026-07-26,08,常滑,一般,４６３　２１２３４４,2026-07-10,2026-07-15,06,浜名湖,一般,５　５４１　３４４４５６,2026-06-18,2026-06-23,02,戸田,一般,４１２　３６４　６５４,4589,塩崎 桐加,2026-08-25,2026-08-30,09,津,一般,１１２　５３２　２３[３],2026-08-12,2026-08-17,24,大村,ＧⅢ,２１１　４１５　５５６４,2026-07-31,2026-08-05,01,桐生,ＧⅢ,５３３　５２２　３４１３,2026-07-10,2026-07-15,06,浜名湖,一般,１　３５１　１３１３[５],2026-06-21,2026-06-24,10,三国,一般,３４１３５５４１
202609131002,2026-09-13,10,02R,4233,亀山 雅幸,2026-09-02,2026-09-06,17,宮島,一般,６３１　３３１５１５,2026-08-17,2026-08-21,13,尼崎,一般,５５１　５３１　２４,2026-08-04,2026-08-09,12,住之江,一般,２６６　１１２　１４１５,2026-07-27,2026-07-31,19,下関,一般,３２１　４６４６１６,2026-07-18,2026-07-21,04,平和島,一般,４３２１４　４６,5029,中 亮太,2026-09-01,2026-09-05,13,尼崎,一般,２１１２１３２１[５],2026-08-22,2026-08-27,08,常滑,ＧⅢ,２　４５３３４２４６１５,2026-08-10,2026-08-15,21,芦屋,一般,１４１　４１３１５５５６,2026-07-29,2026-08-01,18,徳山,一般,２１２４１１[２],2026-07-19,2026-07-24,22,福岡,ＧⅢ,１４１　１４１　１　[１],3156,金子 良昭,2026-08-26,2026-08-31,11,びわこ,一般,５　F６６　５　５　３,2026-08-11,2026-08-16,06,浜名湖,一般,４　５５６　６４５　５,2026-07-22,2026-07-27,14,鳴門,一般,５６４　５３６　５２４５,2026-07-10,2026-07-15,06,浜名湖,一般,２６５　５４１　２　５６,2026-06-29,2026-07-04,08,常滑,一般,４　６６６　４６,5323,香川 陽太,2026-08-15,2026-08-20,11,びわこ,一般,５６６　転　４４５　６５,2026-07-28,2026-08-02,16,児島,一般,５３１　４３４２１２[５],2026-07-18,2026-07-21,20,若松,一般,５５３　３６３３,2026-06-26,2026-07-02,24,大村,一般,３　３５２　４１５　１１[５],2026-06-19,2026-06-24,11,びわこ,一般,２６５　６　１５４　１３,3482,金子 猛志,2026-08-28,2026-09-02,05,多摩川,ＧⅢ,６　３３４　５３３６５３,2026-08-11,2026-08-16,01,桐生,一般,６　１２１　３６５　１４,2026-08-02,2026-08-05,21,芦屋,一般,２１６　５４６６,2026-07-17,2026-07-22,16,児島,ＧⅢ,６４６　６３４　４　６５,2026-07-03,2026-07-06,09,津,一般,５１５　６４３６,4003,表 憲一,2026-08-27,2026-08-31,04,平和島,一般,２　３４５２５　２２,2026-08-14,2026-08-19,10,三国,一般,３４２　３５５　２４３３,2026-07-31,2026-08-04,13,尼崎,一般,５　４３３５２　１２,2026-07-18,2026-07-22,10,三国,一般,３　４６４３４　５１,2026-07-04,2026-07-09,18,徳山,一般,４３２２２　６４４３１２
202609131003,2026-09-13,10,03R,4953,尾上 雅也,2026-09-03,2026-09-08,09,津,ＧⅠ,３　６６５　６６５　３,2026-08-23,2026-08-27,18,徳山,一般,５６５４３１１　２２,2026-08-12,2026-08-17,02,戸田,一般,２２４　１１５　エ　１３,2026-08-05,2026-08-10,09,津,一般,１　１２１３２２１１[４],2026-07-27,2026-08-01,09,津,一般,１１４,3967,鈴木 茂高,2026-08-29,2026-09-03,19,下関,一般,２５６　５２４６５　６,2026-07-24,2026-07-27,12,住之江,一般,４３２　４２３,2026-07-14,2026-07-17,24,大村,一般,１６６　６　５２,2026-06-30,2026-07-05,06,浜名湖,一般,４　３４５５２　２６４,2026-06-21,2026-06-25,08,常滑,一般,６２５５６　F　５,4155,長野 壮志郎,2026-09-02,2026-09-07,22,福岡,一般,２　３６１　２５１２[６],2026-08-21,2026-08-24,07,蒲郡,一般,２１１６４３３１,2026-08-07,2026-08-12,20,若松,一般,５２４２１　４２１３４１,2026-07-27,2026-08-01,09,津,一般,２５２,2026-07-15,2026-07-21,12,住之江,一般,３　１２１　４６２６,5294,豊田 祥生,2026-08-26,2026-08-31,11,びわこ,一般,１３５　５１１　６６４６,2026-08-11,2026-08-16,06,浜名湖,一般,４４５　５５５　５　５５,2026-07-21,2026-07-26,23,からつ,一般,５　４５５　５２６　４６,2026-07-11,2026-07-14,04,平和島,一般,３　４６３　１６,2026-06-29,2026-07-04,08,常滑,一般,４６５　１５５　６　２５,4203,小倉 康典,2026-08-30,2026-09-03,08,常滑,一般,２５５　２６５　１２,2026-08-15,2026-08-20,05,多摩川,一般,２６３　１５３　２３６６,2026-08-04,2026-08-09,12,住之江,一般,６３２　６５５　３　６４,2026-07-23,2026-07-27,01,桐生,一般,１２５　６５３　１６,2026-07-09,2026-07-14,15,丸亀,一般,４　４２４　１５２　５,3620,信濃 由行,2026-08-14,2026-08-19,10,三国,一般,５　５３４　４３６４５,2026-08-05,2026-08-10,09,津,一般,４５６　４６６　４　３６,2026-07-22,2026-07-26,13,尼崎,一般,４　３　５４３５４６,2026-07-07,2026-07-12,10,三国,ＧⅢ,６６６　６　５６５　４６,2026-06-27,2026-07-01,02,戸田,一般,６５５　６　４６４
202609131004,2026-09-13,10,04R,5141,大澤 風葵,2026-09-01,2026-09-05,13,尼崎,一般,６６２１３２１５２１,2026-08-22,2026-08-27,22,福岡,一般,２４１２６　１３２２[６],2026-08-11,2026-08-16,01,桐生,一般,５４２　２１６　１５２,2026-07-31,2026-08-03,20,若松,一般,４２２１２２[６],2026-07-18,2026-07-23,09,津,ＧⅢ,６３１　１　２４F　４,4081,樋口 範政,2026-08-29,2026-09-03,16,児島,一般,２４２　２１２３３５１４,2026-08-15,2026-08-20,05,多摩川,一般,１５３　５３２　１４４３,2026-08-04,2026-08-09,12,住之江,一般,３２１　５６３５５　３,2026-07-22,2026-07-27,14,鳴門,一般,１４４２５　５２４　５１,2026-07-07,2026-07-12,10,三国,ＧⅢ,１　５４６１１２２３３３,3613,角谷 健吾,2026-08-29,2026-09-03,19,下関,一般,５２５　５４２　２１２４,2026-08-15,2026-08-20,05,多摩川,一般,２５３　１３２５２６１５,2026-07-29,2026-08-03,23,からつ,一般,２６１５２　６２２４５５,2026-07-19,2026-07-23,05,多摩川,一般,２４２２２１３２[６],2026-07-09,2026-07-14,15,丸亀,一般,２１５３１４２　１３２１,3699,富永 正人,2026-08-30,2026-09-03,08,常滑,一般,４　５２３５１６２,2026-08-17,2026-08-20,20,若松,一般,４　４６５５２,2026-08-04,2026-08-09,12,住之江,一般,２　５４３　１３４６１３,2026-07-22,2026-07-26,13,尼崎,一般,６　５６２　４６４,2026-07-07,2026-07-12,10,三国,ＧⅢ,３　５２４　６５５　６,3746,岡瀬 正人,2026-09-03,2026-09-06,02,戸田,一般,４４３１６　３１,2026-08-22,2026-08-26,20,若松,一般,１３４３２　２１[３],2026-08-08,2026-08-13,16,児島,一般,２　６５５４２　３４１,2026-07-23,2026-07-28,21,芦屋,一般,２３６４２１４　２３２４,2026-07-12,2026-07-16,05,多摩川,一般,３　１３１３５１[６],3442,宮武 英司,2026-08-31,2026-09-05,20,若松,ＧⅢ,１５１　６４１　１５２１,2026-08-22,2026-08-27,08,常滑,ＧⅢ,２　６５４　５５５　３５,2026-08-11,2026-08-16,19,下関,一般,１１６　６４３　６５３,2026-07-28,2026-08-02,16,児島,一般,５６５　６２６,2026-07-15,2026-07-21,12,住之江,一般,３５３　５６６　４　６４４
202609131005,2026-09-13,10,05R,4931,木谷 賢太,2026-09-01,2026-09-06,12,住之江,一般,３５１１１　３１５５１４,2026-08-24,2026-08-28,15,丸亀,一般,１３１１２１２１[１],2026-08-11,2026-08-16,19,下関,一般,２　２３５３１２４５１６,2026-07-29,2026-08-03,23,からつ,一般,１１４　６３１６２５４３,2026-07-17,2026-07-22,16,児島,ＧⅢ,１４２１１　２５６１[４],3645,淺田 千亜希,2026-07-14,2026-07-19,21,芦屋,一般,１　５６４５６　２５２,2026-06-06,2026-06-11,15,丸亀,一般,６,2026-05-29,2026-06-02,23,からつ,一般,４６４３１　１　６４,2026-04-29,2026-05-04,14,鳴門,ＧⅢ,１　４１２F６,2026-04-14,2026-04-19,20,若松,一般,２　６２４６６１６　４,3940,飯山 泰,2026-08-31,2026-09-05,20,若松,ＧⅢ,６１６４５６４　２１３,2026-08-20,2026-08-23,04,平和島,一般,２４２２１３[３],2026-08-09,2026-08-15,03,江戸川,一般,５２５　１３１　３　[３],2026-07-31,2026-08-05,06,浜名湖,ＧⅢ,６６２　１１３４１１[３],2026-07-16,2026-07-21,11,びわこ,一般,４２５４２６２　５３１,3788,一宮 稔弘,2026-08-30,2026-09-02,21,芦屋,一般,２　２５１４３５,2026-08-16,2026-08-19,14,鳴門,一般,３２２５２４４５,2026-07-31,2026-08-03,20,若松,一般,１４４２１５３６,2026-03-16,2026-03-19,10,三国,一般,F５５　F,2026-03-06,2026-03-09,23,からつ,一般,１１２６４４１３,4890,石川 諒,2026-08-30,2026-09-02,21,芦屋,一般,３　５６１F６,2026-08-15,2026-08-20,18,徳山,一般,６５３５１５２　２　３３,2026-08-04,2026-08-09,12,住之江,一般,１２３　１２４　３４５２,2026-07-25,2026-07-29,20,若松,一般,６２４　３１３４不４,2026-07-15,2026-07-20,18,徳山,一般,３１転４５　２１１１２３,4930,佐藤 悠,2026-08-28,2026-09-02,05,多摩川,ＧⅢ,３　４３４３５１１５１５,2026-08-14,2026-08-19,10,三国,一般,３　１３３２２５４２[４],2026-08-03,2026-08-08,04,平和島,ＧⅢ,５　３２２　２４１５３１,2026-07-24,2026-07-29,17,宮島,一般,２　１３２３１４２２[５],2026-07-17,2026-07-20,02,戸田,一般,２１３５３　５２
202609131006,2026-09-13,10,06R,5323,香川 陽太,2026-08-15,2026-08-20,11,びわこ,一般,５６６　転　４４５　６５,2026-07-28,2026-08-02,16,児島,一般,５３１　４３４２１２[５],2026-07-18,2026-07-21,20,若松,一般,５５３　３６３３,2026-06-26,2026-07-02,24,大村,一般,３　３５２　４１５　１１[５],2026-06-19,2026-06-24,11,びわこ,一般,２６５　６　１５４　１３,3659,藤生 雄人,2026-09-03,2026-09-06,02,戸田,一般,６５３,2026-08-21,2026-08-24,07,蒲郡,一般,２１２　２４４３,2026-08-11,2026-08-16,01,桐生,一般,転　２３２　２４３３４,2026-07-31,2026-08-05,05,多摩川,一般,３　１２４　３３６４４４,2026-07-23,2026-07-27,01,桐生,一般,４　２１５３２５１３,3563,堤 昇,2026-08-26,2026-08-31,11,びわこ,一般,３２３　２３２３５５１２,2026-08-11,2026-08-16,06,浜名湖,一般,３３２　５１４　２１１４,2026-07-31,2026-08-05,06,浜名湖,ＧⅢ,２　５２３５４　２２２,2026-07-22,2026-07-27,14,鳴門,一般,３　２１１３５５６２[４],2026-07-07,2026-07-12,20,若松,ＧⅢ,５　２３４　１２５３２２,4564,山本 景士郎,2026-09-02,2026-09-06,17,宮島,一般,４　２４６２５３１４,2026-08-20,2026-08-23,23,からつ,一般,１　３５２６１６,2026-08-05,2026-08-10,14,鳴門,一般,２３４４２　３３２６３４,2026-07-23,2026-07-28,03,江戸川,ＧⅢ,５　６５１　３５５６４２,2026-07-11,2026-07-14,04,平和島,一般,４６２　５６３,4842,山下 昂大,2026-08-29,2026-09-03,16,児島,一般,２５５６１３１　１６１３,2026-08-20,2026-08-23,23,からつ,一般,４３１３４３５１,2026-08-11,2026-08-16,19,下関,一般,２　２４１５１　４２[４],2026-07-29,2026-08-03,22,福岡,一般,５　５１２４転３４１２４,2026-06-21,2026-06-25,08,常滑,一般,３　５１４５３１４５,5034,若林 義人,2026-09-03,2026-09-08,09,津,ＧⅠ,２　６　６３４　３１４３,2026-08-20,2026-08-23,02,戸田,一般,２６３３２１１１,2026-08-11,2026-08-16,06,浜名湖,一般,１５３２３　２３１２[３],2026-07-30,2026-08-04,08,常滑,一般,１６１４５２２１５５１４,2026-07-18,2026-07-23,09,津,ＧⅢ,３３１　５６５　６２４
202609131007,2026-09-13,10,07R,3805,高橋 英之,2026-08-28,2026-09-02,05,多摩川,ＧⅢ,３２５　３３３　４エ４６,2026-08-11,2026-08-16,01,桐生,一般,３１２　２　４５４　３３,2026-07-29,2026-08-03,23,からつ,一般,３　４２２４５　２５４１,2026-07-14,2026-07-19,21,芦屋,一般,２３５　４２１　４６２５,2026-07-03,2026-07-08,12,住之江,一般,２４４　３４２　３　５１,4203,小倉 康典,2026-08-30,2026-09-03,08,常滑,一般,２５５　２６５　１２,2026-08-15,2026-08-20,05,多摩川,一般,２６３　１５３　２３６６,2026-08-04,2026-08-09,12,住之江,一般,６３２　６５５　３　６４,2026-07-23,2026-07-27,01,桐生,一般,１２５　６５３　１６,2026-07-09,2026-07-14,15,丸亀,一般,４　４２４　１５２　５,3968,茶谷 信次,2026-09-01,2026-09-05,13,尼崎,一般,２５２　２４１６３５,2026-08-19,2026-08-24,19,下関,一般,３　２４５５３　２３５,2026-08-07,2026-08-11,15,丸亀,一般,３６１　２３１５２５,2026-07-29,2026-08-03,22,福岡,一般,２２３１３４６,2026-07-18,2026-07-21,20,若松,一般,６６,4589,塩崎 桐加,2026-08-25,2026-08-30,09,津,一般,１１２　５３２　２３[３],2026-08-12,2026-08-17,24,大村,ＧⅢ,２１１　４１５　５５６４,2026-07-31,2026-08-05,01,桐生,ＧⅢ,５３３　５２２　３４１３,2026-07-10,2026-07-15,06,浜名湖,一般,１　３５１　１３１３[５],2026-06-21,2026-06-24,10,三国,一般,３４１３５５４１,4199,北川 潤二,2026-09-02,2026-09-06,17,宮島,一般,３５１１５１１４２６,2026-08-21,2026-08-26,06,浜名湖,一般,６６２３３　５１４エ２,2026-08-11,2026-08-16,07,蒲郡,一般,１　３４４５４３４１１,2026-07-29,2026-08-03,22,福岡,一般,４　１４１３１１３２[６],2026-07-19,2026-07-23,05,多摩川,一般,４５２５３１３４１４,3251,平石 和男,2026-08-31,2026-09-05,20,若松,ＧⅢ,３　１３２３４３１３５４,2026-08-20,2026-08-25,21,芦屋,一般,５２３　５５２１２１２１,2026-08-08,2026-08-11,05,多摩川,一般,６２４３３　１３,2026-07-27,2026-08-01,09,津,一般,５　４３,2026-07-16,2026-07-21,11,びわこ,一般,４４２１４３１　２５１４
202609131008,2026-09-13,10,08R,4139,丹下 健,2026-08-29,2026-09-03,19,下関,一般,１　３２６５５　３　６３,2026-08-11,2026-08-16,07,蒲郡,一般,５２３　６　５２３　５６,2026-08-02,2026-08-05,21,芦屋,一般,５　２１６６１４,2026-07-15,2026-07-20,18,徳山,一般,１　５３３　２２５６６５,2026-07-01,2026-07-06,22,福岡,一般,１４６　２２６　３５４,4950,高岡 竜也,2026-08-29,2026-09-03,16,児島,一般,５１４４４３妨　１　５５,2026-08-15,2026-08-20,18,徳山,一般,１　４４２１４１１２[５],2026-08-04,2026-08-09,12,住之江,一般,４　２６３２２３５６６６,2026-07-21,2026-07-26,23,からつ,一般,１３１１３　１３４２[３],2026-07-10,2026-07-13,19,下関,一般,５６３１１　５５,4233,亀山 雅幸,2026-09-02,2026-09-06,17,宮島,一般,６３１　３３１５１５,2026-08-17,2026-08-21,13,尼崎,一般,５５１　５３１　２４,2026-08-04,2026-08-09,12,住之江,一般,２６６　１１２　１４１５,2026-07-27,2026-07-31,19,下関,一般,３２１　４６４６１６,2026-07-18,2026-07-21,04,平和島,一般,４３２１４　４６,3967,鈴木 茂高,2026-08-29,2026-09-03,19,下関,一般,２５６　５２４６５　６,2026-07-24,2026-07-27,12,住之江,一般,４３２　４２３,2026-07-14,2026-07-17,24,大村,一般,１６６　６　５２,2026-06-30,2026-07-05,06,浜名湖,一般,４　３４５５２　２６４,2026-06-21,2026-06-25,08,常滑,一般,６２５５６　F　５,5141,大澤 風葵,2026-09-01,2026-09-05,13,尼崎,一般,６６２１３２１５２１,2026-08-22,2026-08-27,22,福岡,一般,２４１２６　１３２２[６],2026-08-11,2026-08-16,01,桐生,一般,５４２　２１６　１５２,2026-07-31,2026-08-03,20,若松,一般,４２２１２２[６],2026-07-18,2026-07-23,09,津,ＧⅢ,６３１　１　２４F　４,4432,黄金井 力良,2026-08-30,2026-09-03,08,常滑,一般,２　２３５２４４１２,2026-08-20,2026-08-23,02,戸田,一般,５１５　３４６３,2026-08-12,2026-08-17,02,戸田,一般,１３５　３３４　３２１５,2026-07-23,2026-07-28,03,江戸川,ＧⅢ,６３４　３４１　６５４４,2026-07-11,2026-07-14,04,平和島,一般,２　６３５５４
202609131009,2026-09-13,10,09R,4429,豊田 泰洋,2026-08-29,2026-09-03,16,児島,一般,６　４３５　６５２　５６,2026-08-14,2026-08-19,17,宮島,一般,６　４４６　４６６５５,2026-08-05,2026-08-10,09,津,一般,６６５　２　２４３　６４,2026-07-21,2026-07-26,23,からつ,一般,５５６　３５転　５６６,2026-07-09,2026-07-14,15,丸亀,一般,６　１６６　４５５　３５,4694,高田 綾,2026-08-18,2026-08-23,16,児島,一般,６３６　３５３　３５６１,2026-08-07,2026-08-12,20,若松,一般,５　６３４４５３３　２３,2026-07-23,2026-07-28,21,芦屋,一般,１２２　４４４４１５６４,2026-07-07,2026-07-12,11,びわこ,一般,４　２６１３３３１５４３,2026-06-18,2026-06-23,02,戸田,一般,１３３　４５２　４６４３,3746,岡瀬 正人,2026-09-03,2026-09-06,02,戸田,一般,４４３１６　３１,2026-08-22,2026-08-26,20,若松,一般,１３４３２　２１[３],2026-08-08,2026-08-13,16,児島,一般,２　６５５４２　３４１,2026-07-23,2026-07-28,21,芦屋,一般,２３６４２１４　２３２４,2026-07-12,2026-07-16,05,多摩川,一般,３　１３１３５１[６],4953,尾上 雅也,2026-09-03,2026-09-08,09,津,ＧⅠ,３　６６５　６６５　３,2026-08-23,2026-08-27,18,徳山,一般,５６５４３１１　２２,2026-08-12,2026-08-17,02,戸田,一般,２２４　１１５　エ　１３,2026-08-05,2026-08-10,09,津,一般,１　１２１３２２１１[４],2026-07-27,2026-08-01,09,津,一般,１１４,4931,木谷 賢太,2026-09-01,2026-09-06,12,住之江,一般,３５１１１　３１５５１４,2026-08-24,2026-08-28,15,丸亀,一般,１３１１２１２１[１],2026-08-11,2026-08-16,19,下関,一般,２　２３５３１２４５１６,2026-07-29,2026-08-03,23,からつ,一般,１１４　６３１６２５４３,2026-07-17,2026-07-22,16,児島,ＧⅢ,１４２１１　２５６１[４],3156,金子 良昭,2026-08-26,2026-08-31,11,びわこ,一般,５　F６６　５　５　３,2026-08-11,2026-08-16,06,浜名湖,一般,４　５５６　６４５　５,2026-07-22,2026-07-27,14,鳴門,一般,５６４　５３６　５２４５,2026-07-10,2026-07-15,06,浜名湖,一般,２６５　５４１　２　５６,2026-06-29,2026-07-04,08,常滑,一般,４　６６６　４６
202609131010,2026-09-13,10,10R,5294,豊田 祥生,2026-08-26,2026-08-31,11,びわこ,一般,１３５　５１１　６６４６,2026-08-11,2026-08-16,06,浜名湖,一般,４４５　５５５　５　５５,2026-07-21,2026-07-26,23,からつ,一般,５　４５５　５２６　４６,2026-07-11,2026-07-14,04,平和島,一般,３　４６３　１６,2026-06-29,2026-07-04,08,常滑,一般,４６５　１５５　６　２５,3613,角谷 健吾,2026-08-29,2026-09-03,19,下関,一般,５２５　５４２　２１２４,2026-08-15,2026-08-20,05,多摩川,一般,２５３　１３２５２６１５,2026-07-29,2026-08-03,23,からつ,一般,２６１５２　６２２４５５,2026-07-19,2026-07-23,05,多摩川,一般,２４２２２１３２[６],2026-07-09,2026-07-14,15,丸亀,一般,２１５３１４２　１３２１,3788,一宮 稔弘,2026-08-30,2026-09-02,21,芦屋,一般,２　２５１４３５,2026-08-16,2026-08-19,14,鳴門,一般,３２２５２４４５,2026-07-31,2026-08-03,20,若松,一般,１４４２１５３６,2026-03-16,2026-03-19,10,三国,一般,F５５　F,2026-03-06,2026-03-09,23,からつ,一般,１１２６４４１３,3659,藤生 雄人,2026-09-03,2026-09-06,02,戸田,一般,６５３,2026-08-21,2026-08-24,07,蒲郡,一般,２１２　２４４３,2026-08-11,2026-08-16,01,桐生,一般,転　２３２　２４３３４,2026-07-31,2026-08-05,05,多摩川,一般,３　１２４　３３６４４４,2026-07-23,2026-07-27,01,桐生,一般,４　２１５３２５１３,3474,松瀬 弘美,2026-08-30,2026-09-04,06,浜名湖,ＧⅢ,２６３　１５３　４３２１,2026-08-12,2026-08-17,24,大村,ＧⅢ,２３４　４２５　３３４,2026-07-31,2026-08-05,01,桐生,ＧⅢ,３５３　１２２　２６１２,2026-07-10,2026-07-15,06,浜名湖,一般,５　６５４　６５４　１,2026-06-24,2026-06-29,12,住之江,一般,５４４　２５２　６　５４,5029,中 亮太,2026-09-01,2026-09-05,13,尼崎,一般,２１１２１３２１[５],2026-08-22,2026-08-27,08,常滑,ＧⅢ,２　４５３３４２４６１５,2026-08-10,2026-08-15,21,芦屋,一般,１４１　４１３１５５５６,2026-07-29,2026-08-01,18,徳山,一般,２１２４１１[２],2026-07-19,2026-07-24,22,福岡,ＧⅢ,１４１　１４１　１　[１]
202609131011,2026-09-13,10,11R,3587,武田 信一,2026-08-30,2026-09-03,08,常滑,一般,６６５,2026-08-22,2026-08-26,20,若松,一般,６　２５６６２　６,2026-07-17,2026-07-20,02,戸田,一般,５４５　６　５４,2026-07-03,2026-07-08,12,住之江,一般,３　１４１　２３６３５６,2026-06-18,2026-06-21,04,平和島,一般,６　１３F４４,5034,若林 義人,2026-09-03,2026-09-08,09,津,ＧⅠ,２　６　６３４　３１４３,2026-08-20,2026-08-23,02,戸田,一般,２６３３２１１１,2026-08-11,2026-08-16,06,浜名湖,一般,１５３２３　２３１２[３],2026-07-30,2026-08-04,08,常滑,一般,１６１４５２２１５５１４,2026-07-18,2026-07-23,09,津,ＧⅢ,３３１　５６５　６２４,3482,金子 猛志,2026-08-28,2026-09-02,05,多摩川,ＧⅢ,６　３３４　５３３６５３,2026-08-11,2026-08-16,01,桐生,一般,６　１２１　３６５　１４,2026-08-02,2026-08-05,21,芦屋,一般,２１６　５４６６,2026-07-17,2026-07-22,16,児島,ＧⅢ,６４６　６３４　４　６５,2026-07-03,2026-07-06,09,津,一般,５１５　６４３６,3251,平石 和男,2026-08-31,2026-09-05,20,若松,ＧⅢ,３　１３２３４３１３５４,2026-08-20,2026-08-25,21,芦屋,一般,５２３　５５２１２１２１,2026-08-08,2026-08-11,05,多摩川,一般,６２４３３　１３,2026-07-27,2026-08-01,09,津,一般,５　４３,2026-07-16,2026-07-21,11,びわこ,一般,４４２１４３１　２５１４,5045,平川 香織,2026-08-06,2026-08-11,18,徳山,ＧⅠ,４　３２１　３　３　２３,2026-07-27,2026-07-31,19,下関,一般,３　５３１２１２４,2026-07-18,2026-07-23,09,津,ＧⅢ,４　２１４　転３１４３,2026-07-07,2026-07-12,11,びわこ,一般,１３３３２　１４４３２２,2026-06-18,2026-06-23,02,戸田,一般,１　１２１３３２５５１２,3940,飯山 泰,2026-08-31,2026-09-05,20,若松,ＧⅢ,６１６４５６４　２１３,2026-08-20,2026-08-23,04,平和島,一般,２４２２１３[３],2026-08-09,2026-08-15,03,江戸川,一般,５２５　１３１　３　[３],2026-07-31,2026-08-05,06,浜名湖,ＧⅢ,６６２　１１３４１１[３],2026-07-16,2026-07-21,11,びわこ,一般,４２５４２６２　５３１
202609131012,2026-09-13,10,12R,4199,北川 潤二,2026-09-02,2026-09-06,17,宮島,一般,３５１１５１１４２６,2026-08-21,2026-08-26,06,浜名湖,一般,６６２３３　５１４エ２,2026-08-11,2026-08-16,07,蒲郡,一般,１　３４４５４３４１１,2026-07-29,2026-08-03,22,福岡,一般,４　１４１３１１３２[６],2026-07-19,2026-07-23,05,多摩川,一般,４５２５３１３４１４,4155,長野 壮志郎,2026-09-02,2026-09-07,22,福岡,一般,２　３６１　２５１２[６],2026-08-21,2026-08-24,07,蒲郡,一般,２１１６４３３１,2026-08-07,2026-08-12,20,若松,一般,５２４２１　４２１３４１,2026-07-27,2026-08-01,09,津,一般,２５２,2026-07-15,2026-07-21,12,住之江,一般,３　１２１　４６２６,4842,山下 昂大,2026-08-29,2026-09-03,16,児島,一般,２５５６１３１　１６１３,2026-08-20,2026-08-23,23,からつ,一般,４３１３４３５１,2026-08-11,2026-08-16,19,下関,一般,２　２４１５１　４２[４],2026-07-29,2026-08-03,22,福岡,一般,５　５１２４転３４１２４,2026-06-21,2026-06-25,08,常滑,一般,３　５１４５３１４５,4930,佐藤 悠,2026-08-28,2026-09-02,05,多摩川,ＧⅢ,３　４３４３５１１５１５,2026-08-14,2026-08-19,10,三国,一般,３　１３３２２５４２[４],2026-08-03,2026-08-08,04,平和島,ＧⅢ,５　３２２　２４１５３１,2026-07-24,2026-07-29,17,宮島,一般,２　１３２３１４２２[５],2026-07-17,2026-07-20,02,戸田,一般,２１３５３　５２,3699,富永 正人,2026-08-30,2026-09-03,08,常滑,一般,４　５２３５１６２,2026-08-17,2026-08-20,20,若松,一般,４　４６５５２,2026-08-04,2026-08-09,12,住之江,一般,２　５４３　１３４６１３,2026-07-22,2026-07-26,13,尼崎,一般,６　５６２　４６４,2026-07-07,2026-07-12,10,三国,ＧⅢ,３　５２４　６５５　６,4950,高岡 竜也,2026-08-29,2026-09-03,16,児島,一般,５１４４４３妨　１　５５,2026-08-15,2026-08-20,18,徳山,一般,１　４４２１４１１２[５],2026-08-04,2026-08-09,12,住之江,一般,４　２６３２２３５６６６,2026-07-21,2026-07-26,23,からつ,一般,１３１１３　１３４２[３],2026-07-10,2026-07-13,19,下関,一般,５６３１１　５５
202609131101,2026-09-13,11,01R,4246,喜多 那由夏,2026-08-30,2026-09-04,06,浜名湖,ＧⅢ,４６１　２６３　３６６５,2026-08-12,2026-08-17,24,大村,ＧⅢ,４　５４６　１６５５３,2026-07-28,2026-08-02,16,児島,一般,６４６　４３５　５２４５,2026-07-14,2026-07-19,01,桐生,一般,６　６６５　５６４　２,2026-06-28,2026-07-03,20,若松,一般,５　３６２　４２５　３,4766,石井 孝之,2026-08-27,2026-09-01,07,蒲郡,一般,６５３　４　６６３　６１,2026-08-11,2026-08-16,01,桐生,一般,１　３６２　４６４F５,2026-07-27,2026-08-01,10,三国,一般,６　４３１　４１５３６２,2026-07-07,2026-07-12,20,若松,ＧⅢ,５４６　３　６４３　３２,2026-06-25,2026-06-29,21,芦屋,一般,６　３５５　５４４,4747,山戸 信二,2026-08-27,2026-08-31,04,平和島,一般,６　６　６６４６５,2026-08-11,2026-08-16,19,下関,一般,６６５　４３４６５　４,2026-06-06,2026-06-10,06,浜名湖,一般,５６６　５　５３２５,2026-05-22,2026-05-26,23,からつ,一般,３３６　６６４　５６,2026-05-07,2026-05-11,24,大村,一般,１３４３５　４３１６,3797,岩井 繁,2026-08-27,2026-08-31,04,平和島,一般,６　５６６　５２４,2026-08-14,2026-08-19,17,宮島,一般,４　４２２　４５５２転,2026-08-04,2026-08-09,12,住之江,一般,４２１　５５４　５　６２,2026-07-23,2026-07-27,01,桐生,一般,５　４５４　４　２３,2026-07-10,2026-07-13,19,下関,一般,３６６　４　４５,3708,岡部 貴司,2026-08-30,2026-09-03,08,常滑,一般,１４５　３４２６３４,2026-08-23,2026-08-27,18,徳山,一般,５５１　１３１５１６,2026-08-14,2026-08-19,17,宮島,一般,５４６　５３２　４　４２,2026-07-27,2026-08-01,09,津,一般,３　６,2026-07-14,2026-07-19,21,芦屋,一般,転　４４４　４２６　２６,4660,宇田川 信一,2026-08-11,2026-08-16,04,平和島,一般,６,2026-07-23,2026-07-28,21,芦屋,一般,４　６５６　３３５１２１,2026-07-12,2026-07-16,05,多摩川,一般,４　４　５６５６１,2026-06-24,2026-06-29,03,江戸川,一般,５　４５６,2026-06-05,2026-06-10,01,桐生,一般,２　２６３　１５６６５３
202609131102,2026-09-13,11,02R,4779,伊倉 光,2026-08-27,2026-09-01,07,蒲郡,一般,１　５６４４３　４２３,2026-08-20,2026-08-23,04,平和島,一般,５　５５３４４,2026-08-11,2026-08-16,04,平和島,一般,４４３　１４２　２４５３,2026-07-25,2026-07-29,20,若松,一般,３　２５３３３２３３,2026-07-11,2026-07-14,04,平和島,一般,２３３　１６５５,5132,中野 希一,2026-09-01,2026-09-05,13,尼崎,一般,２１４１２１１１[３],2026-08-21,2026-08-26,03,江戸川,一般,１５１　３５２３１５２４,2026-08-12,2026-08-17,02,戸田,一般,４　３２４　４３１１２６,2026-07-30,2026-08-04,08,常滑,一般,５１４１２２２１３１[４],2026-07-18,2026-07-23,09,津,ＧⅢ,４　１１５　４３５　１５,4607,鶴田 勇雄,2026-08-29,2026-09-03,16,児島,一般,６２４　６２５１１　４４,2026-08-19,2026-08-24,19,下関,一般,４　４１１６６　４２５３,2026-08-07,2026-08-12,20,若松,一般,３６６５２　４４１２３,2026-07-22,2026-07-26,08,常滑,一般,４　１３１２１５５３,2026-07-04,2026-07-09,01,桐生,一般,１　１６２３５６転５１３,4116,川田 正人,2026-08-22,2026-08-26,20,若松,一般,６３３　２５３　６５,2026-07-15,2026-07-19,08,常滑,一般,５５４　２３４　４２,2026-07-04,2026-07-09,18,徳山,一般,３５１　３６５３６　５３,2026-06-22,2026-06-27,23,からつ,一般,６　５５６６４５１４３,2026-06-14,2026-06-17,12,住之江,一般,F３６　３　５,5170,佐藤 太亮,2026-09-01,2026-09-05,13,尼崎,一般,５　３３１３１４５５,2026-08-22,2026-08-27,08,常滑,ＧⅢ,６　６２１　５１５６２６,2026-08-07,2026-08-11,15,丸亀,一般,６　３３４　１　１３,2026-07-24,2026-07-27,02,戸田,一般,４６４　１　４１,2026-07-11,2026-07-16,03,江戸川,一般,３１５　５２４　１３１５,5410,今泉 澪,2026-08-24,2026-08-29,10,三国,一般,６６５　６　６６６　６,2026-08-10,2026-08-15,08,常滑,一般,５６５　６６６　６　５６,2026-04-01,2026-04-06,22,福岡,一般,６　６　５６５　４　４４,2026-03-19,2026-03-23,19,下関,一般,６　６６２　６６６６,2026-02-21,2026-02-26,04,平和島,一般,６６６　４　６６６６４
202609131103,2026-09-13,11,03R,4835,橋本 明,2026-08-27,2026-08-31,04,平和島,一般,４　１５２３４　１３,2026-08-14,2026-08-19,17,宮島,一般,４２２　５１２　３５５５,2026-07-31,2026-08-03,20,若松,一般,６４３　２４４５,2026-07-24,2026-07-29,17,宮島,一般,１　４３３３５　４２５２,2026-07-14,2026-07-19,21,芦屋,一般,５　３６６　３６３　５６,4540,相原 利章,2026-09-01,2026-09-04,24,大村,一般,６　１４６２３５,2026-08-20,2026-08-23,02,戸田,一般,１６４４６　４５,2026-08-11,2026-08-16,01,桐生,一般,３４６　３５５　６３４,2026-07-31,2026-08-05,05,多摩川,一般,２　５５５　２６３３５４,2026-07-18,2026-07-22,10,三国,一般,５４６　２　３２１１,4486,野村 誠,2026-09-03,2026-09-06,02,戸田,一般,６　４５６４３４,2026-08-22,2026-08-27,22,福岡,一般,３　F２６　３　６　６,2026-08-11,2026-08-16,01,桐生,一般,５　５１３　２４２５２,2026-07-27,2026-08-01,10,三国,一般,５１１　３４１５５５１３,2026-07-15,2026-07-20,18,徳山,一般,３２４４４３４　２　１２,3454,井川 大作,2026-08-28,2026-09-02,05,多摩川,ＧⅢ,５　４５２４６　６５２,2026-08-14,2026-08-19,17,宮島,一般,５　６５,2026-07-31,2026-08-04,13,尼崎,一般,２３３　１３３５４５,2026-07-17,2026-07-22,16,児島,ＧⅢ,１　４６１　３５２６３６,2026-06-30,2026-07-05,06,浜名湖,一般,５６１,3918,深井 利寿,2026-08-31,2026-09-05,20,若松,ＧⅢ,１　３１３２３１１２[２],2026-08-15,2026-08-20,09,津,一般,転３２　４３３　２３３,2026-08-04,2026-08-09,10,三国,一般,３　２２１４３３２２[６],2026-07-23,2026-07-28,21,芦屋,一般,５１３２３５１　２４１１,2026-07-14,2026-07-17,24,大村,一般,３３２１２２[４],5011,高木 圭大,2026-08-27,2026-09-01,07,蒲郡,一般,４６４　６　３５５　６,2026-08-17,2026-08-21,13,尼崎,一般,５　４３４　５２転６,2026-08-06,2026-08-10,24,大村,一般,１６２６１５１６１６,2026-07-29,2026-08-01,18,徳山,一般,３５２　３　５３,2026-07-18,2026-07-21,04,平和島,一般,４　３５４　１５
202609131104,2026-09-13,11,04R,4894,原村 拓也,2026-09-02,2026-09-06,17,宮島,一般,６　３１４４３　１３,2026-08-17,2026-08-21,15,丸亀,一般,２６５　６３１　２,2026-07-31,2026-08-03,20,若松,一般,４３６　６５３,2026-07-17,2026-07-22,16,児島,ＧⅢ,２３１　５３１　５２[５],2026-07-10,2026-07-15,23,からつ,一般,５　４５４４４　５,4111,奥田 誠,2026-08-29,2026-09-03,19,下関,一般,１　４４１　６４１３２５,2026-08-14,2026-08-19,17,宮島,一般,６　１６１４２５４　６１,2026-08-06,2026-08-09,02,戸田,一般,４２６３２　４１,2026-07-28,2026-08-02,16,児島,一般,３　２３５６５５３　２２,2026-07-18,2026-07-21,20,若松,一般,３４５　３１５３,5278,田中 駿兵,2026-08-25,2026-08-30,09,津,一般,１２１　２１３３５３[６],2026-07-19,2026-07-24,22,福岡,ＧⅢ,６　１５３　６１４　６６,2026-07-04,2026-07-09,01,桐生,一般,１４５１３　１６１６３１,2026-06-20,2026-06-25,15,丸亀,一般,１F３１１　３　４　２,2026-06-08,2026-06-13,13,尼崎,ＧⅠ,６　１　６４６　６３５,4380,鈴木 峻佑,2026-09-05,2026-09-10,01,桐生,一般,４　３６６　１６１　６６,2026-08-28,2026-08-31,23,からつ,一般,３　３２１６５６,2026-08-11,2026-08-16,07,蒲郡,一般,５３５　２６４　６　４４,2026-07-27,2026-08-01,10,三国,一般,５３５　４　３６１　５２,2026-07-12,2026-07-16,05,多摩川,一般,３２１　６　３４１５,4786,佐藤 博亮,2026-09-01,2026-09-05,13,尼崎,一般,５５２１１１２２[４],2026-08-22,2026-08-27,22,福岡,一般,１２F　２　５　２　５,2026-08-11,2026-08-16,07,蒲郡,一般,２３２　３２３４２４１２,2026-07-24,2026-07-29,17,宮島,一般,４５３５２　１２１３２１,2026-07-14,2026-07-17,24,大村,一般,１５２３１３４２,4186,小川 時光,2026-09-05,2026-09-10,04,平和島,一般,２　６５４　１５３　４６,2026-08-30,2026-09-03,08,常滑,一般,３　３３６　１４６,2026-08-20,2026-08-23,02,戸田,一般,　　　　　　１５,2026-08-12,2026-08-17,02,戸田,一般,５　６２１　５６４６６５,2026-08-03,2026-08-08,19,下関,一般,５３６　６６２　６　５
202609131105,2026-09-13,11,05R,3961,谷村 一哉,2026-09-02,2026-09-06,17,宮島,一般,２１５３６１１２[２],2026-08-22,2026-08-27,08,常滑,ＧⅢ,４　２３５２４３１５１５,2026-08-11,2026-08-16,19,下関,一般,１６２　１１３４３１[３],2026-07-31,2026-08-04,13,尼崎,一般,６欠,2026-07-24,2026-07-27,12,住之江,一般,６２１　２３６１,5055,眞鳥 章太,2026-08-20,2026-08-25,21,芦屋,一般,２５３２６３１　５２[３],2026-08-06,2026-08-10,24,大村,一般,３３１２２２６５３１,2026-07-27,2026-07-31,19,下関,一般,４４３　１　２５６４,2026-06-29,2026-07-04,08,常滑,一般,５　４５１　１５２１３６,2026-06-17,2026-06-22,24,大村,ＧⅡ,１４６　６　３６４　２５,3793,高橋 真吾,2026-08-27,2026-09-01,07,蒲郡,一般,２　４６２３２　６５３,2026-08-12,2026-08-17,02,戸田,一般,２　５４１　３６２２２２,2026-07-22,2026-07-26,08,常滑,一般,５　５２２６４　５５,2026-07-09,2026-07-14,15,丸亀,一般,４６２　２６６　１６６,2026-06-25,2026-06-30,01,桐生,ＧⅢ,５４１　３６４　６　５６,3441,土屋 太朗,2026-08-28,2026-09-02,05,多摩川,ＧⅢ,１４５　３　２５３６６,2026-08-11,2026-08-16,01,桐生,一般,１　１６５　１６５　３６,2026-07-24,2026-07-27,06,浜名湖,一般,３５１５４　４４,2026-07-14,2026-07-17,24,大村,一般,４　５５３　５３,2026-07-03,2026-07-08,12,住之江,一般,３６４　３２１　４　２４,4012,中村 有裕,2026-08-29,2026-09-03,19,下関,一般,４３１　１２３６４４１２,2026-08-15,2026-08-20,11,びわこ,一般,１２２　２３３２２２[６],2026-08-08,2026-08-11,05,多摩川,一般,６　５１２２４６,2026-07-22,2026-07-26,13,尼崎,一般,１１２　１１１１[３],2026-07-13,2026-07-18,07,蒲郡,ＧⅡ,１　６６４　１　６６２,5472,中川 海虹,2026-08-10,2026-08-15,08,常滑,一般,６６６　６６６　６　６６,2026-07-31,2026-08-04,13,尼崎,一般,６　６　６６６　６６,2026-06-23,2026-06-28,07,蒲郡,一般,６　６６５　６　６　６６,2026-06-06,2026-06-10,06,浜名湖,一般,６　６６６　F６６,2026-05-19,2026-05-24,08,常滑,一般,６６６　６６６　６６６
202609131106,2026-09-13,11,06R,3435,寺田 千恵,2026-08-18,2026-08-23,16,児島,一般,３２４４２　４１１２[４],2026-08-06,2026-08-11,18,徳山,ＧⅠ,４３６　４　２５２　５,2026-07-23,2026-07-28,21,芦屋,一般,２４４　１４５３４５３,2026-07-13,2026-07-18,13,尼崎,ＧⅢ,３１４　３３２５１５２６,2026-07-03,2026-07-08,12,住之江,一般,４　２１５　１５２４１４,3518,倉田 郁美,2026-08-30,2026-09-04,06,浜名湖,ＧⅢ,５４５　５　４１３　３５,2026-08-16,2026-08-19,14,鳴門,一般,４６５　３　３３,2026-07-31,2026-08-05,01,桐生,ＧⅢ,２３５　４６３　２５６,2026-07-10,2026-07-15,06,浜名湖,一般,５２４　２３３　５６２５,2026-05-30,2026-06-04,05,多摩川,ＧⅢ,３４５　１　３５６５２,4183,宇野 弥生,2026-06-07,2026-06-12,09,津,一般,２　２６６６１　５　５１,2026-05-18,2026-05-23,18,徳山,ＧⅢ,２３３F４　６　４　６,2026-05-05,2026-05-10,15,丸亀,ＧⅡ,６　３６１　F　６　６,2026-04-24,2026-04-29,04,平和島,一般,２　５５１　５５１１１６,2026-04-08,2026-04-13,23,からつ,ＧⅢ,２１　　１５１４３２[１],4974,安井 瑞紀,2026-09-06,2026-09-11,14,鳴門,一般,１４４２１１４　３３１１,2026-08-28,2026-08-31,23,からつ,一般,１３４　１６５５,2026-08-18,2026-08-23,16,児島,一般,４１６　１３５１１６６４,2026-08-06,2026-08-11,18,徳山,ＧⅠ,６　６　６１３　１２５,2026-07-27,2026-08-01,10,三国,一般,４６４１妨５２　１　２１,4246,喜多 那由夏,2026-08-30,2026-09-04,06,浜名湖,ＧⅢ,４６１　２６３　３６６５,2026-08-12,2026-08-17,24,大村,ＧⅢ,４　５４６　１６５５３,2026-07-28,2026-08-02,16,児島,一般,６４６　４３５　５２４５,2026-07-14,2026-07-19,01,桐生,一般,６　６６５　５６４　２,2026-06-28,2026-07-03,20,若松,一般,５　３６２　４２５　３,4947,間庭 菜摘,2026-09-01,2026-09-06,12,住之江,一般,２　４３２　４２３２６５,2026-08-12,2026-08-17,24,大村,ＧⅢ,１　４５３　３４２　２３,2026-07-31,2026-08-05,01,桐生,ＧⅢ,４　２４３４３　３６６,2026-05-01,2026-05-06,23,からつ,一般,６　４１５　４２３　転５,2026-04-22,2026-04-27,20,若松,ＧⅢ,３　４５４２３　６３２３
202609131107,2026-09-13,11,07R,4957,竹之内 極,2026-08-27,2026-08-31,04,平和島,一般,５３６　１３５　２６,2026-08-19,2026-08-24,19,下関,一般,３２４　４３５　５５２,2026-08-12,2026-08-17,22,福岡,一般,１３１　５４３落２６５６,2026-07-23,2026-07-28,03,江戸川,ＧⅢ,４３１　１２６５１２２４,2026-07-04,2026-07-09,18,徳山,一般,３３５１４　２４１６１２,4821,妻鳥 晋也,2026-08-31,2026-09-05,18,徳山,一般,３４５　２４２　４　２４,2026-08-17,2026-08-21,15,丸亀,一般,５５６　４３１　４,2026-08-03,2026-08-08,04,平和島,ＧⅢ,４６６　４　３３３　１４,2026-07-22,2026-07-25,24,大村,一般,６３３　３３１,2026-07-10,2026-07-14,09,津,一般,２３３３,4660,宇田川 信一,2026-08-11,2026-08-16,04,平和島,一般,６,2026-07-23,2026-07-28,21,芦屋,一般,４　６５６　３３５１２１,2026-07-12,2026-07-16,05,多摩川,一般,４　４　５６５６１,2026-06-24,2026-06-29,03,江戸川,一般,５　４５６,2026-06-05,2026-06-10,01,桐生,一般,２　２６３　１５６６５３,4983,前田 篤哉,2026-09-01,2026-09-04,24,大村,一般,４３２１１１[２],2026-08-23,2026-08-27,18,徳山,一般,４１３１４１５１[６],2026-08-11,2026-08-16,07,蒲郡,一般,４１６５３　５,2026-07-30,2026-08-04,08,常滑,一般,５４２５２１４５４４４１,2026-07-18,2026-07-23,09,津,ＧⅢ,２１４　２４４　F　２,3896,上田 洋平,2026-08-19,2026-08-24,19,下関,一般,３２３　３４５５５　４２,2026-08-08,2026-08-11,05,多摩川,一般,６　２３４５３,2026-07-29,2026-08-01,18,徳山,一般,５２２　４４４２,2026-07-15,2026-07-19,08,常滑,一般,３　３３４３５３３,2026-07-03,2026-07-06,09,津,一般,５３６,4124,池田 雄一,2026-09-01,2026-09-05,13,尼崎,一般,３５２　１４５３１４,2026-08-21,2026-08-26,03,江戸川,一般,３１５　４４１　３４４,2026-08-11,2026-08-16,06,浜名湖,一般,４F３　６　６　６　３,2026-07-24,2026-07-27,12,住之江,一般,１　５６２　２２,2026-07-14,2026-07-19,01,桐生,一般,３５２　１２４　１６３６
202609131108,2026-09-13,11,08R,4380,鈴木 峻佑,2026-09-05,2026-09-10,01,桐生,一般,４　３６６　１６１　６６,2026-08-28,2026-08-31,23,からつ,一般,３　３２１６５６,2026-08-11,2026-08-16,07,蒲郡,一般,５３５　２６４　６　４４,2026-07-27,2026-08-01,10,三国,一般,５３５　４　３６１　５２,2026-07-12,2026-07-16,05,多摩川,一般,３２１　６　３４１５,3454,井川 大作,2026-08-28,2026-09-02,05,多摩川,ＧⅢ,５　４５２４６　６５２,2026-08-14,2026-08-19,17,宮島,一般,５　６５,2026-07-31,2026-08-04,13,尼崎,一般,２３３　１３３５４５,2026-07-17,2026-07-22,16,児島,ＧⅢ,１　４６１　３５２６３６,2026-06-30,2026-07-05,06,浜名湖,一般,５６１,3905,天野 友和,2026-09-01,2026-09-05,13,尼崎,一般,４　２４４３２　３１,2026-08-19,2026-08-24,19,下関,一般,５４１　２５３３１３３３,2026-08-08,2026-08-11,05,多摩川,一般,４３３４１　５４,2026-07-27,2026-08-01,09,津,一般,４２４,2026-07-17,2026-07-20,02,戸田,一般,４２２　３５３６,4766,石井 孝之,2026-08-27,2026-09-01,07,蒲郡,一般,６５３　４　６６３　６１,2026-08-11,2026-08-16,01,桐生,一般,１　３６２　４６４F５,2026-07-27,2026-08-01,10,三国,一般,６　４３１　４１５３６２,2026-07-07,2026-07-12,20,若松,ＧⅢ,５４６　３　６４３　３２,2026-06-25,2026-06-29,21,芦屋,一般,６　３５５　５４４,5032,谷口 知優,2026-09-02,2026-09-06,17,宮島,一般,６６５　２４５　２３,2026-08-17,2026-08-21,15,丸亀,一般,２６２　６６５３６３,2026-08-06,2026-08-09,02,戸田,一般,３　１１４６２４,2026-07-28,2026-08-02,15,丸亀,一般,１　５６１　６５６　６４,2026-07-19,2026-07-24,22,福岡,ＧⅢ,５　４６２　６５６５４,5410,今泉 澪,2026-08-24,2026-08-29,10,三国,一般,６６５　６　６６６　６,2026-08-10,2026-08-15,08,常滑,一般,５６５　６６６　６　５６,2026-04-01,2026-04-06,22,福岡,一般,６　６　５６５　４　４４,2026-03-19,2026-03-23,19,下関,一般,６　６６２　６６６６,2026-02-21,2026-02-26,04,平和島,一般,６６６　４　６６６６４
202609131109,2026-09-13,11,09R,4607,鶴田 勇雄,2026-08-29,2026-09-03,16,児島,一般,６２４　６２５１１　４４,2026-08-19,2026-08-24,19,下関,一般,４　４１１６６　４２５３,2026-08-07,2026-08-12,20,若松,一般,３６６５２　４４１２３,2026-07-22,2026-07-26,08,常滑,一般,４　１３１２１５５３,2026-07-04,2026-07-09,01,桐生,一般,１　１６２３５６転５１３,3708,岡部 貴司,2026-08-30,2026-09-03,08,常滑,一般,１４５　３４２６３４,2026-08-23,2026-08-27,18,徳山,一般,５５１　１３１５１６,2026-08-14,2026-08-19,17,宮島,一般,５４６　５３２　４　４２,2026-07-27,2026-08-01,09,津,一般,３　６,2026-07-14,2026-07-19,21,芦屋,一般,転　４４４　４２６　２６,5011,高木 圭大,2026-08-27,2026-09-01,07,蒲郡,一般,４６４　６　３５５　６,2026-08-17,2026-08-21,13,尼崎,一般,５　４３４　５２転６,2026-08-06,2026-08-10,24,大村,一般,１６２６１５１６１６,2026-07-29,2026-08-01,18,徳山,一般,３５２　３　５３,2026-07-18,2026-07-21,04,平和島,一般,４　３５４　１５,4216,星 栄爾,2026-08-27,2026-09-01,07,蒲郡,一般,１　２３６１６６５６３４,2026-08-11,2026-08-16,06,浜名湖,一般,３　６６４　１６３　１４,2026-08-03,2026-08-08,04,平和島,ＧⅢ,４　１２２３３　４６１６,2026-07-21,2026-07-26,23,からつ,一般,３１４　１５３　３４１３,2026-07-09,2026-07-14,15,丸亀,一般,３６２　５３６６６　３４,4254,川島 圭司,2026-08-30,2026-09-03,08,常滑,一般,５３６　３６２　２６,2026-08-14,2026-08-19,10,三国,一般,６　１３４１２６１５１２,2026-07-31,2026-08-05,05,多摩川,一般,２　２５４　３４１４１３,2026-07-21,2026-07-26,23,からつ,一般,５　１４３　４４１　４２,2026-07-14,2026-07-17,24,大村,一般,３　５２２　３１,4111,奥田 誠,2026-08-29,2026-09-03,19,下関,一般,１　４４１　６４１３２５,2026-08-14,2026-08-19,17,宮島,一般,６　１６１４２５４　６１,2026-08-06,2026-08-09,02,戸田,一般,４２６３２　４１,2026-07-28,2026-08-02,16,児島,一般,３　２３５６５５３　２２,2026-07-18,2026-07-21,20,若松,一般,３４５　３１５３
202609131110,2026-09-13,11,10R,4486,野村 誠,2026-09-03,2026-09-06,02,戸田,一般,６　４５６４３４,2026-08-22,2026-08-27,22,福岡,一般,３　F２６　３　６　６,2026-08-11,2026-08-16,01,桐生,一般,５　５１３　２４２５２,2026-07-27,2026-08-01,10,三国,一般,５１１　３４１５５５１３,2026-07-15,2026-07-20,18,徳山,一般,３２４４４３４　２　１２,4012,中村 有裕,2026-08-29,2026-09-03,19,下関,一般,４３１　１２３６４４１２,2026-08-15,2026-08-20,11,びわこ,一般,１２２　２３３２２２[６],2026-08-08,2026-08-11,05,多摩川,一般,６　５１２２４６,2026-07-22,2026-07-26,13,尼崎,一般,１１２　１１１１[３],2026-07-13,2026-07-18,07,蒲郡,ＧⅡ,１　６６４　１　６６２,5170,佐藤 太亮,2026-09-01,2026-09-05,13,尼崎,一般,５　３３１３１４５５,2026-08-22,2026-08-27,08,常滑,ＧⅢ,６　６２１　５１５６２６,2026-08-07,2026-08-11,15,丸亀,一般,６　３３４　１　１３,2026-07-24,2026-07-27,02,戸田,一般,４６４　１　４１,2026-07-11,2026-07-16,03,江戸川,一般,３１５　５２４　１３１５,4108,吉村 正明,2026-08-29,2026-09-03,19,下関,一般,１４３　２２１３２２[４],2026-08-15,2026-08-20,18,徳山,一般,２５４　６６１１３６５５,2026-07-31,2026-08-03,20,若松,一般,６１２４４６１４,2026-07-24,2026-07-27,12,住之江,一般,５　１３６１１,2026-07-14,2026-07-19,01,桐生,一般,６　２５１５１　２４２１,3518,倉田 郁美,2026-08-30,2026-09-04,06,浜名湖,ＧⅢ,５４５　５　４１３　３５,2026-08-16,2026-08-19,14,鳴門,一般,４６５　３　３３,2026-07-31,2026-08-05,01,桐生,ＧⅢ,２３５　４６３　２５６,2026-07-10,2026-07-15,06,浜名湖,一般,５２４　２３３　５６２５,2026-05-30,2026-06-04,05,多摩川,ＧⅢ,３４５　１　３５６５２,4747,山戸 信二,2026-08-27,2026-08-31,04,平和島,一般,６　６　６６４６５,2026-08-11,2026-08-16,19,下関,一般,６６５　４３４６５　４,2026-06-06,2026-06-10,06,浜名湖,一般,５６６　５　５３２５,2026-05-22,2026-05-26,23,からつ,一般,３３６　６６４　５６,2026-05-07,2026-05-11,24,大村,一般,１３４３５　４３１６
202609131111,2026-09-13,11,11R,4786,佐藤 博亮,2026-09-01,2026-09-05,13,尼崎,一般,５５２１１１２２[４],2026-08-22,2026-08-27,22,福岡,一般,１２F　２　５　２　５,2026-08-11,2026-08-16,07,蒲郡,一般,２３２　３２３４２４１２,2026-07-24,2026-07-29,17,宮島,一般,４５３５２　１２１３２１,2026-07-14,2026-07-17,24,大村,一般,１５２３１３４２,4974,安井 瑞紀,2026-09-06,2026-09-11,14,鳴門,一般,１４４２１１４　３３１１,2026-08-28,2026-08-31,23,からつ,一般,１３４　１６５５,2026-08-18,2026-08-23,16,児島,一般,４１６　１３５１１６６４,2026-08-06,2026-08-11,18,徳山,ＧⅠ,６　６　６１３　１２５,2026-07-27,2026-08-01,10,三国,一般,４６４１妨５２　１　２１,4116,川田 正人,2026-08-22,2026-08-26,20,若松,一般,６３３　２５３　６５,2026-07-15,2026-07-19,08,常滑,一般,５５４　２３４　４２,2026-07-04,2026-07-09,18,徳山,一般,３５１　３６５３６　５３,2026-06-22,2026-06-27,23,からつ,一般,６　５５６６４５１４３,2026-06-14,2026-06-17,12,住之江,一般,F３６　３　５,5055,眞鳥 章太,2026-08-20,2026-08-25,21,芦屋,一般,２５３２６３１　５２[３],2026-08-06,2026-08-10,24,大村,一般,３３１２２２６５３１,2026-07-27,2026-07-31,19,下関,一般,４４３　１　２５６４,2026-06-29,2026-07-04,08,常滑,一般,５　４５１　１５２１３６,2026-06-17,2026-06-22,24,大村,ＧⅡ,１４６　６　３６４　２５,4821,妻鳥 晋也,2026-08-31,2026-09-05,18,徳山,一般,３４５　２４２　４　２４,2026-08-17,2026-08-21,15,丸亀,一般,５５６　４３１　４,2026-08-03,2026-08-08,04,平和島,ＧⅢ,４６６　４　３３３　１４,2026-07-22,2026-07-25,24,大村,一般,６３３　３３１,2026-07-10,2026-07-14,09,津,一般,２３３３,4540,相原 利章,2026-09-01,2026-09-04,24,大村,一般,６　１４６２３５,2026-08-20,2026-08-23,02,戸田,一般,１６４４６　４５,2026-08-11,2026-08-16,01,桐生,一般,３４６　３５５　６３４,2026-07-31,2026-08-05,05,多摩川,一般,２　５５５　２６３３５４,2026-07-18,2026-07-22,10,三国,一般,５４６　２　３２１１
202609131112,2026-09-13,11,12R,4983,前田 篤哉,2026-09-01,2026-09-04,24,大村,一般,４３２１１１[２],2026-08-23,2026-08-27,18,徳山,一般,４１３１４１５１[６],2026-08-11,2026-08-16,07,蒲郡,一般,４１６５３　５,2026-07-30,2026-08-04,08,常滑,一般,５４２５２１４５４４４１,2026-07-18,2026-07-23,09,津,ＧⅢ,２１４　２４４　F　２,3918,深井 利寿,2026-08-31,2026-09-05,20,若松,ＧⅢ,１　３１３２３１１２[２],2026-08-15,2026-08-20,09,津,一般,転３２　４３３　２３３,2026-08-04,2026-08-09,10,三国,一般,３　２２１４３３２２[６],2026-07-23,2026-07-28,21,芦屋,一般,５１３２３５１　２４１１,2026-07-14,2026-07-17,24,大村,一般,３３２１２２[４],3435,寺田 千恵,2026-08-18,2026-08-23,16,児島,一般,３２４４２　４１１２[４],2026-08-06,2026-08-11,18,徳山,ＧⅠ,４３６　４　２５２　５,2026-07-23,2026-07-28,21,芦屋,一般,２４４　１４５３４５３,2026-07-13,2026-07-18,13,尼崎,ＧⅢ,３１４　３３２５１５２６,2026-07-03,2026-07-08,12,住之江,一般,４　２１５　１５２４１４,3961,谷村 一哉,2026-09-02,2026-09-06,17,宮島,一般,２１５３６１１２[２],2026-08-22,2026-08-27,08,常滑,ＧⅢ,４　２３５２４３１５１５,2026-08-11,2026-08-16,19,下関,一般,１６２　１１３４３１[３],2026-07-31,2026-08-04,13,尼崎,一般,６欠,2026-07-24,2026-07-27,12,住之江,一般,６２１　２３６１,5132,中野 希一,2026-09-01,2026-09-05,13,尼崎,一般,２１４１２１１１[３],2026-08-21,2026-08-26,03,江戸川,一般,１５１　３５２３１５２４,2026-08-12,2026-08-17,02,戸田,一般,４　３２４　４３１１２６,2026-07-30,2026-08-04,08,常滑,一般,５１４１２２２１３１[４],2026-07-18,2026-07-23,09,津,ＧⅢ,４　１１５　４３５　１５,5278,田中 駿兵,2026-08-25,2026-08-30,09,津,一般,１２１　２１３３５３[６],2026-07-19,2026-07-24,22,福岡,ＧⅢ,６　１５３　６１４　６６,2026-07-04,2026-07-09,01,桐生,一般,１４５１３　１６１６３１,2026-06-20,2026-06-25,15,丸亀,一般,１F３１１　３　４　２,2026-06-08,2026-06-13,13,尼崎,ＧⅠ,６　１　６４６　６３５
202609131201,2026-09-13,12,01R,3477,近藤 稔也,2026-08-30,2026-09-02,21,芦屋,一般,１６４　４２６４,2026-08-19,2026-08-24,19,下関,一般,６　２３１３６　３４６５,2026-08-05,2026-08-10,14,鳴門,一般,１　６４４　５６５　４１,2026-07-18,2026-07-21,04,平和島,一般,６　５２５　３４,2026-07-04,2026-07-09,18,徳山,一般,４　５５４４４　３５５,3757,畑 和宏,2026-08-29,2026-09-03,16,児島,一般,５５５　５１２６２　２３,2026-08-17,2026-08-20,20,若松,一般,１　５４３２２５,2026-08-05,2026-08-10,14,鳴門,一般,５６３　３１４２１　１６,2026-07-24,2026-07-29,17,宮島,一般,５５２２２１２　１５１２,2026-07-17,2026-07-20,02,戸田,一般,６　５２１４３４,5187,小坂 風太,2026-08-29,2026-09-03,16,児島,一般,６６５　５３３　５５３,2026-07-16,2026-07-21,11,びわこ,一般,４１６　３転６６６　６６,2026-06-27,2026-07-01,02,戸田,一般,６　５６６　４４３,2026-06-11,2026-06-16,03,江戸川,一般,３３３　３３４３５　F６,2026-06-02,2026-06-08,10,三国,一般,５　２５４６６　６　３６,4375,照屋 厚仁,2026-08-30,2026-09-03,08,常滑,一般,１　１２１３５１[２],2026-08-20,2026-08-23,23,からつ,一般,２４３４６　１２,2026-08-09,2026-08-14,13,尼崎,一般,４　４１１　６４１４２３,2026-07-17,2026-07-22,16,児島,ＧⅢ,５４４　２５３３１　６１,2026-07-10,2026-07-13,19,下関,一般,２　３５１５１４,3775,泉 啓文,2026-08-29,2026-09-03,16,児島,一般,２５５　２２１　６５２２,2026-08-14,2026-08-19,17,宮島,一般,４　５２５　５４５　６４,2026-07-29,2026-08-03,23,からつ,一般,４４４　６　３４３３２,2026-07-16,2026-07-21,11,びわこ,一般,４５５　６　５２４６６,2026-07-05,2026-07-09,05,多摩川,一般,１　１２５　６６６４,4229,市川 美宏,2026-08-30,2026-09-02,21,芦屋,一般,６　６４６　３３,2026-08-15,2026-08-20,09,津,一般,４４５　６　２６６　２４,2026-07-31,2026-08-04,13,尼崎,一般,６　５４４　１３４４,2026-07-17,2026-07-20,02,戸田,一般,３　３３６５２２,2026-06-28,2026-07-02,05,多摩川,一般,５　６１３　２２３６
202609131202,2026-09-13,12,02R,4875,大塚 康雅,2026-08-29,2026-09-03,16,児島,一般,２６６　２４１　３４４３,2026-08-15,2026-08-20,05,多摩川,一般,３６４　４　６５４　２,2026-07-29,2026-08-03,22,福岡,一般,１５２　６３２５３　５４,2026-07-18,2026-07-21,04,平和島,一般,１　１５妨３２,2026-07-05,2026-07-09,24,大村,一般,１　１　４４１５５３,4060,島田 一生,2026-08-29,2026-09-03,16,児島,一般,５　３５５　２３５３３６,2026-08-16,2026-08-19,14,鳴門,一般,４１６　２１２６,2026-07-29,2026-08-03,23,からつ,一般,３　６１５２６　４　２２,2026-07-18,2026-07-22,10,三国,一般,２　２２６１３１[６],2026-07-03,2026-07-08,13,尼崎,一般,６　４６４　５２６　２,4898,菊地 敬介,2026-08-28,2026-09-02,05,多摩川,ＧⅢ,６　１３４　３４５５４,2026-08-12,2026-08-17,02,戸田,一般,４　６４５　６３５４４,2026-08-03,2026-08-08,04,平和島,ＧⅢ,６　F４６　５　５　２,2026-07-22,2026-07-25,24,大村,一般,４２５　２４４１,2026-07-10,2026-07-15,06,浜名湖,一般,転４３　２６２　２　２４,3955,眞田 英二,2026-08-17,2026-08-21,13,尼崎,一般,１　２４４　５４３２,2026-07-31,2026-08-03,20,若松,一般,３６４　６５５４,2026-07-14,2026-07-19,21,芦屋,一般,６２４　２５５　６　４６,2026-06-28,2026-07-01,10,三国,一般,２２妨　２　３６,2026-06-09,2026-06-14,11,びわこ,一般,５２４　６　４４４５５３,4710,福田 宗平,2026-08-29,2026-09-03,19,下関,一般,２　３６２５３５１６１５,2026-08-16,2026-08-19,14,鳴門,一般,１３２２４２[４],2026-08-03,2026-08-08,04,平和島,ＧⅢ,２３３　３２３４５４１３,2026-07-22,2026-07-26,13,尼崎,一般,５　２２３３５　３１,2026-07-10,2026-07-15,23,からつ,一般,３　１３２１３６６４１５,4404,岸蔭 亮,2026-08-29,2026-09-03,19,下関,一般,５５６　５６５欠,2026-07-22,2026-07-27,14,鳴門,一般,６２６　２４６　４６３６,2026-07-09,2026-07-14,15,丸亀,一般,５　６６４　６２３　６４,2026-06-27,2026-07-01,02,戸田,一般,４　３６５４４　１F,2026-06-11,2026-06-16,10,三国,一般,１　６６４４４　５６２
202609131203,2026-09-13,12,03R,3558,山本 浩次,2026-08-29,2026-09-03,19,下関,一般,４　２３１５４　３２３,2026-08-15,2026-08-20,18,徳山,一般,３　６３４　２F６　３,2026-07-28,2026-08-02,16,児島,一般,２　４４６５４　５１２４,2026-07-19,2026-07-23,05,多摩川,一般,５　４６５６３　４,2026-07-07,2026-07-12,20,若松,ＧⅢ,１４６　４　３３３６４,5093,浦野 海,2026-08-24,2026-08-28,15,丸亀,一般,４４転　４　１６６４,2026-08-10,2026-08-15,21,芦屋,一般,６６４　６５６　６６５,2026-07-25,2026-07-29,20,若松,一般,３３４４５　６　３６,2026-05-19,2026-05-24,08,常滑,一般,５１６　３５１　２６２６,2026-05-08,2026-05-13,22,福岡,一般,４６６５３６３　６　５１,3957,大谷 直弘,2026-09-04,2026-09-08,07,蒲郡,一般,５４１　４４５　４３,2026-08-27,2026-08-31,04,平和島,一般,５４６　３５６　５２,2026-08-14,2026-08-19,10,三国,一般,６５３　３３１　１５１６,2026-08-03,2026-08-08,19,下関,一般,１６５　２６５　５５３,2026-07-19,2026-07-23,05,多摩川,一般,４２４　２３２６６６,4794,和田 拓也,2026-08-31,2026-09-05,18,徳山,一般,４１１６４２１　４３４１,2026-08-19,2026-08-24,19,下関,一般,１３５　２１２２４４１２,2026-08-05,2026-08-10,09,津,一般,１　６２１４２２２４１１,2026-07-22,2026-07-27,14,鳴門,一般,３６３　１６５１１６１３,2026-05-12,2026-05-16,01,桐生,一般,４６６　１１２３１１,5009,大賀 龍之介,2026-08-27,2026-09-01,07,蒲郡,一般,６４２６３　２　２６３,2026-07-19,2026-07-24,22,福岡,ＧⅢ,６　１　６６４　１４５６,2026-06-30,2026-07-05,23,からつ,一般,１６３　６３４２２４５２,2026-06-21,2026-06-25,08,常滑,一般,４　２４４３１４２４,2026-05-19,2026-05-24,01,桐生,一般,５　F６４　５３３　４,4962,畑 竜生,2026-08-28,2026-09-02,05,多摩川,ＧⅢ,２１１５５　４５１　２１,2026-08-15,2026-08-20,09,津,一般,転　５４２　６１３　１３,2026-08-03,2026-08-08,17,宮島,一般,１６４１５　４５２　６１,2026-07-21,2026-07-26,23,からつ,一般,１３５　１５３４２３４１,2026-07-14,2026-07-17,24,大村,一般,１２５　１６３５
202609131204,2026-09-13,12,04R,4626,伊藤 紘章,2026-08-30,2026-09-03,08,常滑,一般,３６５　１５５　４４,2026-08-15,2026-08-20,05,多摩川,一般,１　６６３　６２３２２５,2026-07-31,2026-08-03,20,若松,一般,６６６,2026-07-14,2026-07-17,24,大村,一般,２　１６３４６１,2026-06-30,2026-07-05,06,浜名湖,一般,４　５６６　５４２　１４,4416,三宅 健太,2026-08-24,2026-08-28,15,丸亀,一般,４４１　３４２４２４,2026-08-14,2026-08-19,17,宮島,一般,３５４　５１２　２１５,2026-08-06,2026-08-09,02,戸田,一般,４４４　１３３５,2026-07-23,2026-07-28,21,芦屋,一般,２５４　４５エ５,2026-07-15,2026-07-19,17,宮島,一般,　　　　　　　　１２,5043,中村 日向,2026-08-29,2026-09-03,16,児島,一般,２６２１４　１２１５１１,2026-08-17,2026-08-21,15,丸亀,一般,３１１１２１４１[３],2026-08-03,2026-08-08,17,宮島,一般,５６５４２１１　２６１６,2026-07-19,2026-07-24,22,福岡,ＧⅢ,２３３　５２１　２　[６],2026-07-07,2026-07-12,02,戸田,ＧⅡ,１　４５２　２　６　１６,3718,伊達 正利,2026-08-30,2026-09-03,08,常滑,一般,３　３６４６６　５５,2026-08-16,2026-08-19,14,鳴門,一般,５　６１１５３３,2026-07-31,2026-08-05,06,浜名湖,ＧⅢ,４３２　４５５　２６６,2026-07-17,2026-07-20,02,戸田,一般,２６５　１４２４,2026-06-30,2026-07-05,06,浜名湖,一般,２　１４６　２５１４２５,3630,黒田 誠司,2026-08-28,2026-08-31,23,からつ,一般,５　４４５　３６,2026-08-17,2026-08-20,20,若松,一般,３５４　５６２,2026-07-31,2026-08-05,06,浜名湖,ＧⅢ,２　２５６　６５６　３６,2026-07-24,2026-07-27,02,戸田,一般,５　６５５　４,2026-07-15,2026-07-19,08,常滑,一般,５　５１２　３６５６,3654,武田 光史,2026-08-28,2026-09-02,05,多摩川,ＧⅢ,６２２　６４３２３　３,2026-08-14,2026-08-19,10,三国,一般,３３５　１２１２３１[２],2026-07-27,2026-08-01,09,津,一般,２　２,2026-07-18,2026-07-21,20,若松,一般,欠,2026-07-07,2026-07-12,10,三国,ＧⅢ,３５６　１３６３４６１１
202609131205,2026-09-13,12,05R,4579,中嶋 健一郎,2026-08-26,2026-08-30,14,鳴門,一般,１１４５２　６３２１,2026-08-15,2026-08-20,09,津,一般,１６１　２３１３４３４１,2026-08-08,2026-08-11,05,多摩川,一般,３１２６３　６２,2026-07-27,2026-07-31,19,下関,一般,２　１４１６４２[６],2026-07-10,2026-07-14,09,津,一般,３１２　２２３１[３],4836,大谷 健太,2026-08-29,2026-09-03,19,下関,一般,５６２４３　１４５　５,2026-08-12,2026-08-17,02,戸田,一般,１５２　４５１　１F３,2026-07-31,2026-08-05,05,多摩川,一般,４　１６３　１２５６６５,2026-07-18,2026-07-22,10,三国,一般,２　５１３３２４３４,2026-07-12,2026-07-16,05,多摩川,一般,５　３１４２２５１６,4047,吉永 浩則,2026-08-25,2026-08-30,09,津,一般,２　３６４　５５５,2026-08-16,2026-08-19,14,鳴門,一般,６３４　６１６,2026-07-31,2026-08-03,20,若松,一般,６５６　４　４６,2026-07-15,2026-07-20,18,徳山,一般,４　４６５　３６５　２５,2026-07-05,2026-07-09,05,多摩川,一般,５　６　１２５２６６,5321,一色 颯輝,2026-08-30,2026-09-03,08,常滑,一般,　　　　　　　　５３,2026-08-23,2026-08-27,18,徳山,一般,６　２３１４２３５１,2026-08-11,2026-08-16,07,蒲郡,一般,６４６　４　６転転　２２,2026-07-27,2026-08-01,09,津,一般,４　２,2026-06-21,2026-06-24,10,三国,一般,２１３　２４５３,5187,小坂 風太,2026-08-29,2026-09-03,16,児島,一般,６６５　５３３　５５３,2026-07-16,2026-07-21,11,びわこ,一般,４１６　３転６６６　６６,2026-06-27,2026-07-01,02,戸田,一般,６　５６６　４４３,2026-06-11,2026-06-16,03,江戸川,一般,３３３　３３４３５　F６,2026-06-02,2026-06-08,10,三国,一般,５　２５４６６　６　３６,3502,渡邉 英児,2026-09-01,2026-09-05,13,尼崎,一般,６１４　２３４４１２,2026-08-22,2026-08-26,20,若松,一般,５５６　３６２５２１,2026-08-11,2026-08-16,06,浜名湖,一般,１　１３６２２４３５４２,2026-07-24,2026-07-27,02,戸田,一般,２４３　４２５３,2026-07-14,2026-07-19,01,桐生,一般,３　１３５６３　５２１
202609131206,2026-09-13,12,06R,3293,宮内 由紀英,2026-08-28,2026-08-31,23,からつ,一般,４４６　３　１４,2026-08-15,2026-08-20,05,多摩川,一般,３　４４６　２６２　５６,2026-07-29,2026-08-03,22,福岡,一般,３４５　４５４　６　２,2026-07-14,2026-07-19,01,桐生,一般,５　２５６　４４２　４６,2026-07-04,2026-07-09,18,徳山,一般,４５５　６５５　４　５,4287,今井 貴士,2026-08-29,2026-09-03,16,児島,一般,２　４３１２４３４３５４,2026-08-20,2026-08-23,02,戸田,一般,６３５２３　２１,2026-08-06,2026-08-10,24,大村,一般,１６４３２　３６２２,2026-07-25,2026-07-29,20,若松,一般,１５１　２１３１[４],2026-07-15,2026-07-20,18,徳山,一般,４６４　１４４１４　６５,3775,泉 啓文,2026-08-29,2026-09-03,16,児島,一般,２５５　２２１　６５２２,2026-08-14,2026-08-19,17,宮島,一般,４　５２５　５４５　６４,2026-07-29,2026-08-03,23,からつ,一般,４４４　６　３４３３２,2026-07-16,2026-07-21,11,びわこ,一般,４５５　６　５２４６６,2026-07-05,2026-07-09,05,多摩川,一般,１　１２５　６６６４,4253,西川 真人,2026-09-01,2026-09-05,13,尼崎,一般,６６６　４　１６５,2026-08-15,2026-08-20,11,びわこ,一般,１４５　３５４　５３４,2026-08-02,2026-08-05,21,芦屋,一般,５５５　３　３３,2026-07-22,2026-07-26,08,常滑,一般,３３４　２　１４４４,2026-07-10,2026-07-14,09,津,一般,１６６　２５２４３,4218,吉川 喜継,2026-08-27,2026-09-01,07,蒲郡,一般,５２２１２４１１２２[５],2026-08-15,2026-08-20,11,びわこ,一般,１２６F４　５　３　２,2026-08-03,2026-08-08,17,宮島,一般,１３４　１２３３２６１１,2026-07-21,2026-07-26,23,からつ,一般,３４１３２　１３５２[５],2026-07-10,2026-07-15,06,浜名湖,一般,５　２１１３５４４３[４],4724,吉田 祐貴,2026-08-27,2026-09-01,07,蒲郡,一般,３５４　妨欠,2026-08-11,2026-08-16,19,下関,一般,６　３３４　５５５　４６,2026-07-23,2026-07-27,01,桐生,一般,４　４６３２２　６４,2026-07-10,2026-07-15,23,からつ,一般,４　６３５４６　転　６４,2026-06-26,2026-07-02,24,大村,一般,５　１３４４５　６６５　１２
202609131207,2026-09-13,12,07R,3955,眞田 英二,2026-08-17,2026-08-21,13,尼崎,一般,１　２４４　５４３２,2026-07-31,2026-08-03,20,若松,一般,３６４　６５５４,2026-07-14,2026-07-19,21,芦屋,一般,６２４　２５５　６　４６,2026-06-28,2026-07-01,10,三国,一般,２２妨　２　３６,2026-06-09,2026-06-14,11,びわこ,一般,５２４　６　４４４５５３,4229,市川 美宏,2026-08-30,2026-09-02,21,芦屋,一般,６　６４６　３３,2026-08-15,2026-08-20,09,津,一般,４４５　６　２６６　２４,2026-07-31,2026-08-04,13,尼崎,一般,６　５４４　１３４４,2026-07-17,2026-07-20,02,戸田,一般,３　３３６５２２,2026-06-28,2026-07-02,05,多摩川,一般,５　６１３　２２３６,4260,中越 博紀,2026-09-01,2026-09-04,24,大村,一般,１１２　６２[４],2026-08-17,2026-08-20,20,若松,一般,２　２２１２[６],2026-08-07,2026-08-11,15,丸亀,一般,２３４　１４１４４６,2026-07-27,2026-07-31,19,下関,一般,６５２　１４２６１５,2026-07-18,2026-07-21,04,平和島,一般,２１１　１２[２],3558,山本 浩次,2026-08-29,2026-09-03,19,下関,一般,４　２３１５４　３２３,2026-08-15,2026-08-20,18,徳山,一般,３　６３４　２F６　３,2026-07-28,2026-08-02,16,児島,一般,２　４４６５４　５１２４,2026-07-19,2026-07-23,05,多摩川,一般,５　４６５６３　４,2026-07-07,2026-07-12,20,若松,ＧⅢ,１４６　４　３３３６４,5158,宮脇 遼太,2026-08-30,2026-09-03,08,常滑,一般,４１３６４２１５４２,2026-08-20,2026-08-25,21,芦屋,一般,１５１　２６１５２６１２,2026-08-07,2026-08-12,20,若松,一般,２１１５２６３　５６２３,2026-07-19,2026-07-24,22,福岡,ＧⅢ,４２５　４２６　１１１３,2026-07-10,2026-07-14,09,津,一般,６　５５,4679,植田 太一,2026-08-30,2026-09-02,21,芦屋,一般,６１２　２１[２],2026-08-19,2026-08-24,19,下関,一般,２　３欠,2026-08-07,2026-08-12,20,若松,一般,３２１１１１４　１２[５],2026-07-31,2026-08-03,20,若松,一般,２１２　５５１６,2026-07-22,2026-07-25,24,大村,一般,６　１３１２２２
202609131208,2026-09-13,12,08R,3300,川崎 智幸,2026-08-29,2026-09-03,16,児島,一般,４　４１３２２４２３１６,2026-08-14,2026-08-19,17,宮島,一般,４　４２４６３５３　５３,2026-07-05,2026-07-09,05,多摩川,一般,３５３　４２１　２１,2026-06-25,2026-06-29,18,徳山,一般,１２３２４４１６１５,2026-06-11,2026-06-16,16,児島,一般,１１６　５３５２１　６５,4794,和田 拓也,2026-08-31,2026-09-05,18,徳山,一般,４１１６４２１　４３４１,2026-08-19,2026-08-24,19,下関,一般,１３５　２１２２４４１２,2026-08-05,2026-08-10,09,津,一般,１　６２１４２２２４１１,2026-07-22,2026-07-27,14,鳴門,一般,３６３　１６５１１６１３,2026-05-12,2026-05-16,01,桐生,一般,４６６　１１２３１１,4875,大塚 康雅,2026-08-29,2026-09-03,16,児島,一般,２６６　２４１　３４４３,2026-08-15,2026-08-20,05,多摩川,一般,３６４　４　６５４　２,2026-07-29,2026-08-03,22,福岡,一般,１５２　６３２５３　５４,2026-07-18,2026-07-21,04,平和島,一般,１　１５妨３２,2026-07-05,2026-07-09,24,大村,一般,１　１　４４１５５３,3757,畑 和宏,2026-08-29,2026-09-03,16,児島,一般,５５５　５１２６２　２３,2026-08-17,2026-08-20,20,若松,一般,１　５４３２２５,2026-08-05,2026-08-10,14,鳴門,一般,５６３　３１４２１　１６,2026-07-24,2026-07-29,17,宮島,一般,５５２２２１２　１５１２,2026-07-17,2026-07-20,02,戸田,一般,６　５２１４３４,3471,赤峰 和也,2026-08-28,2026-08-31,23,からつ,一般,５　３５５　３６,2026-08-16,2026-08-19,14,鳴門,一般,６　３４４５５,2026-07-31,2026-08-04,13,尼崎,一般,３　２６５　３５５,2026-07-18,2026-07-22,10,三国,一般,３５６　６　６４３,2026-07-02,2026-07-06,21,芦屋,一般,２４５　４４６　１５,4727,安部 慎一,2026-08-27,2026-09-01,07,蒲郡,一般,５　４４１　４５６　６４,2026-08-12,2026-08-17,22,福岡,一般,４６５　１３２　４３２,2026-07-29,2026-08-01,18,徳山,一般,５　２３４　６１,2026-07-14,2026-07-19,21,芦屋,一般,５　３１４　５３３４２,2026-06-30,2026-07-05,06,浜名湖,一般,２　４５２　３３６６６
202609131209,2026-09-13,12,09R,5009,大賀 龍之介,2026-08-27,2026-09-01,07,蒲郡,一般,６４２６３　２　２６３,2026-07-19,2026-07-24,22,福岡,ＧⅢ,６　１　６６４　１４５６,2026-06-30,2026-07-05,23,からつ,一般,１６３　６３４２２４５２,2026-06-21,2026-06-25,08,常滑,一般,４　２４４３１４２４,2026-05-19,2026-05-24,01,桐生,一般,５　F６４　５３３　４,3630,黒田 誠司,2026-08-28,2026-08-31,23,からつ,一般,５　４４５　３６,2026-08-17,2026-08-20,20,若松,一般,３５４　５６２,2026-07-31,2026-08-05,06,浜名湖,ＧⅢ,２　２５６　６５６　３６,2026-07-24,2026-07-27,02,戸田,一般,５　６５５　４,2026-07-15,2026-07-19,08,常滑,一般,５　５１２　３６５６,3502,渡邉 英児,2026-09-01,2026-09-05,13,尼崎,一般,６１４　２３４４１２,2026-08-22,2026-08-26,20,若松,一般,５５６　３６２５２１,2026-08-11,2026-08-16,06,浜名湖,一般,１　１３６２２４３５４２,2026-07-24,2026-07-27,02,戸田,一般,２４３　４２５３,2026-07-14,2026-07-19,01,桐生,一般,３　１３５６３　５２１,4404,岸蔭 亮,2026-08-29,2026-09-03,19,下関,一般,５５６　５６５欠,2026-07-22,2026-07-27,14,鳴門,一般,６２６　２４６　４６３６,2026-07-09,2026-07-14,15,丸亀,一般,５　６６４　６２３　６４,2026-06-27,2026-07-01,02,戸田,一般,４　３６５４４　１F,2026-06-11,2026-06-16,10,三国,一般,１　６６４４４　５６２,5285,若林 麗,2026-08-29,2026-09-03,16,児島,一般,６　３６５　４２６６５,2026-08-15,2026-08-20,05,多摩川,一般,５　１６５　３５５　４４,2026-07-28,2026-08-02,15,丸亀,一般,４５４,2026-07-14,2026-07-19,01,桐生,一般,４６６　６５３　６　６６,2026-06-30,2026-07-05,23,からつ,一般,６　３１６　５５３４３３,4063,市橋 卓士,2026-09-01,2026-09-04,24,大村,一般,２４１１４１[１],2026-08-19,2026-08-24,19,下関,一般,３１３　２３１３１２[３],2026-08-05,2026-08-10,14,鳴門,一般,２３４　１１２１４１[４],2026-07-29,2026-08-01,18,徳山,一般,２３３４１５３５,2026-07-18,2026-07-22,10,三国,一般,２６２５４５５　３３
202609131210,2026-09-13,12,10R,4311,岡村 仁,2026-08-26,2026-08-31,11,びわこ,一般,４２４　４２１２１６２５,2026-08-13,2026-08-18,12,住之江,一般,４５２　２４５　４２２,2026-08-06,2026-08-09,02,戸田,一般,４３２　１１[６],2026-07-27,2026-08-01,09,津,一般,２４４,2026-06-21,2026-06-24,19,下関,一般,２４２２３３２１,4624,高田 明,2026-08-29,2026-09-03,16,児島,一般,４　１５１２エ３１４６３,2026-08-20,2026-08-23,23,からつ,一般,１４１１３１[２],2026-08-06,2026-08-10,24,大村,一般,５５２２３１２４２４,2026-07-31,2026-08-03,20,若松,一般,４　２２４４５２,2026-07-27,2026-08-01,09,津,一般,６　２４,4626,伊藤 紘章,2026-08-30,2026-09-03,08,常滑,一般,３６５　１５５　４４,2026-08-15,2026-08-20,05,多摩川,一般,１　６６３　６２３２２５,2026-07-31,2026-08-03,20,若松,一般,６６６,2026-07-14,2026-07-17,24,大村,一般,２　１６３４６１,2026-06-30,2026-07-05,06,浜名湖,一般,４　５６６　５４２　１４,3293,宮内 由紀英,2026-08-28,2026-08-31,23,からつ,一般,４４６　３　１４,2026-08-15,2026-08-20,05,多摩川,一般,３　４４６　２６２　５６,2026-07-29,2026-08-03,22,福岡,一般,３４５　４５４　６　２,2026-07-14,2026-07-19,01,桐生,一般,５　２５６　４４２　４６,2026-07-04,2026-07-09,18,徳山,一般,４５５　６５５　４　５,4375,照屋 厚仁,2026-08-30,2026-09-03,08,常滑,一般,１　１２１３５１[２],2026-08-20,2026-08-23,23,からつ,一般,２４３４６　１２,2026-08-09,2026-08-14,13,尼崎,一般,４　４１１　６４１４２３,2026-07-17,2026-07-22,16,児島,ＧⅢ,５４４　２５３３１　６１,2026-07-10,2026-07-13,19,下関,一般,２　３５１５１４,3957,大谷 直弘,2026-09-04,2026-09-08,07,蒲郡,一般,５４１　４４５　４３,2026-08-27,2026-08-31,04,平和島,一般,５４６　３５６　５２,2026-08-14,2026-08-19,10,三国,一般,６５３　３３１　１５１６,2026-08-03,2026-08-08,19,下関,一般,１６５　２６５　５５３,2026-07-19,2026-07-23,05,多摩川,一般,４２４　２３２６６６
202609131211,2026-09-13,12,11R,5139,大場 恒季,2026-08-27,2026-09-01,07,蒲郡,一般,３５２１５４１３３３４３,2026-07-18,2026-07-23,09,津,ＧⅢ,３５１　１　妨５,2026-07-10,2026-07-13,19,下関,一般,１１２２５１[１],2026-06-30,2026-07-05,23,からつ,一般,２　２４１３１５１２[２],2026-06-19,2026-06-24,11,びわこ,一般,１３２　３３５２１４１２,4401,小林 泰,2026-08-30,2026-09-03,08,常滑,一般,３　２１３４３２[５],2026-08-05,2026-08-10,09,津,一般,２３２　１３３１３３２４,2026-07-23,2026-07-28,03,江戸川,ＧⅢ,５６１　１５３　１２１６,2026-07-07,2026-07-12,02,戸田,ＧⅡ,６　１　６５６　５６３,2026-06-17,2026-06-22,05,多摩川,一般,４１２　１３２　３４４３,4959,井上 忠政,2026-09-03,2026-09-06,02,戸田,一般,１１５１２２[１],2026-08-25,2026-08-30,09,津,一般,３　６４３３１　３１[５],2026-08-13,2026-08-18,12,住之江,一般,３　１１１１４　４１[６],2026-07-28,2026-08-02,11,びわこ,ＳＧ,２　３　４２４　６　５６,2026-07-19,2026-07-23,05,多摩川,一般,２２１１１２１１[１],4218,吉川 喜継,2026-08-27,2026-09-01,07,蒲郡,一般,５２２１２４１１２２[５],2026-08-15,2026-08-20,11,びわこ,一般,１２６F４　５　３　２,2026-08-03,2026-08-08,17,宮島,一般,１３４　１２３３２６１１,2026-07-21,2026-07-26,23,からつ,一般,３４１３２　１３５２[５],2026-07-10,2026-07-15,06,浜名湖,一般,５　２１１３５４４３[４],5110,杉山 喜一,2026-08-30,2026-09-03,08,常滑,一般,５４６３１　５６６,2026-07-18,2026-07-23,09,津,ＧⅢ,５　６　６５５　４６３５,2026-07-02,2026-07-07,04,平和島,一般,５４５　１　４５３　２５,2026-06-21,2026-06-24,19,下関,一般,２　３４１４２３,2026-06-06,2026-06-10,06,浜名湖,一般,３　１３２６５　１１,4898,菊地 敬介,2026-08-28,2026-09-02,05,多摩川,ＧⅢ,６　１３４　３４５５４,2026-08-12,2026-08-17,02,戸田,一般,４　６４５　６３５４４,2026-08-03,2026-08-08,04,平和島,ＧⅢ,６　F４６　５　５　２,2026-07-22,2026-07-25,24,大村,一般,４２５　２４４１,2026-07-10,2026-07-15,06,浜名湖,一般,転４３　２６２　２　２４
202609131212,2026-09-13,12,12R,5043,中村 日向,2026-08-29,2026-09-03,16,児島,一般,２６２１４　１２１５１１,2026-08-17,2026-08-21,15,丸亀,一般,３１１１２１４１[３],2026-08-03,2026-08-08,17,宮島,一般,５６５４２１１　２６１６,2026-07-19,2026-07-24,22,福岡,ＧⅢ,２３３　５２１　２　[６],2026-07-07,2026-07-12,02,戸田,ＧⅡ,１　４５２　２　６　１６,3471,赤峰 和也,2026-08-28,2026-08-31,23,からつ,一般,５　３５５　３６,2026-08-16,2026-08-19,14,鳴門,一般,６　３４４５５,2026-07-31,2026-08-04,13,尼崎,一般,３　２６５　３５５,2026-07-18,2026-07-22,10,三国,一般,３５６　６　６４３,2026-07-02,2026-07-06,21,芦屋,一般,２４５　４４６　１５,4962,畑 竜生,2026-08-28,2026-09-02,05,多摩川,ＧⅢ,２１１５５　４５１　２１,2026-08-15,2026-08-20,09,津,一般,転　５４２　６１３　１３,2026-08-03,2026-08-08,17,宮島,一般,１６４１５　４５２　６１,2026-07-21,2026-07-26,23,からつ,一般,１３５　１５３４２３４１,2026-07-14,2026-07-17,24,大村,一般,１２５　１６３５,5158,宮脇 遼太,2026-08-30,2026-09-03,08,常滑,一般,４１３６４２１５４２,2026-08-20,2026-08-25,21,芦屋,一般,１５１　２６１５２６１２,2026-08-07,2026-08-12,20,若松,一般,２１１５２６３　５６２３,2026-07-19,2026-07-24,22,福岡,ＧⅢ,４２５　４２６　１１１３,2026-07-10,2026-07-14,09,津,一般,６　５５,5321,一色 颯輝,2026-08-30,2026-09-03,08,常滑,一般,　　　　　　　　５３,2026-08-23,2026-08-27,18,徳山,一般,６　２３１４２３５１,2026-08-11,2026-08-16,07,蒲郡,一般,６４６　４　６転転　２２,2026-07-27,2026-08-01,09,津,一般,４　２,2026-06-21,2026-06-24,10,三国,一般,２１３　２４５３,4287,今井 貴士,2026-08-29,2026-09-03,16,児島,一般,２　４３１２４３４３５４,2026-08-20,2026-08-23,02,戸田,一般,６３５２３　２１,2026-08-06,2026-08-10,24,大村,一般,１６４３２　３６２２,2026-07-25,2026-07-29,20,若松,一般,１５１　２１３１[４],2026-07-15,2026-07-20,18,徳山,一般,４６４　１４４１４　６５
202609131701,2026-09-13,17,01R,3662,大庭 元明,2026-08-23,2026-08-27,18,徳山,一般,３１１３２　４６５４,2026-08-12,2026-08-17,22,福岡,一般,６　３４１　２３６６１６,2026-07-31,2026-08-03,20,若松,一般,３６５　２２１３,2026-07-17,2026-07-22,16,児島,ＧⅢ,４２６　５　５３６　２５,2026-06-30,2026-07-05,06,浜名湖,一般,３　４４１５２６１　５５,5236,小宮 涼雅,2026-08-28,2026-08-31,23,からつ,一般,２３６　４３４１,2026-08-14,2026-08-19,17,宮島,一般,６３６　６５６　２　３６,2026-07-24,2026-07-27,12,住之江,一般,６　３３２　１５,2026-07-17,2026-07-22,16,児島,ＧⅢ,１４４４５　４　２３２,2026-07-07,2026-07-12,08,常滑,一般,１２２　４３３６１４３４,4158,木場 雄二郎,2026-08-30,2026-09-02,21,芦屋,一般,１　３４１６１４,2026-08-15,2026-08-20,18,徳山,一般,２３３　３６５　５５４,2026-08-04,2026-08-09,12,住之江,一般,１３２　３６５　４３１４,2026-07-22,2026-07-26,08,常滑,一般,４６６６６,2026-07-09,2026-07-13,16,児島,一般,５２６　５４６　５４,4461,安田 吉宏,2026-08-25,2026-08-30,09,津,一般,６５５　５　４２６　６,2026-08-11,2026-08-16,07,蒲郡,一般,４６２　３　２２１５５４,2026-07-27,2026-08-01,10,三国,一般,３２６　３１５　３２６,2026-07-18,2026-07-21,20,若松,一般,２５４　４５１３,2026-07-10,2026-07-14,09,津,一般,　　　　　　　　３５,4023,柴田 友和,2026-08-22,2026-08-27,22,福岡,一般,６　５６４　３５６　６６,2026-08-11,2026-08-16,19,下関,一般,１５５　２６４　２　４４,2026-07-27,2026-08-01,09,津,一般,５６２,2026-07-14,2026-07-19,01,桐生,一般,５２４　４２５　４　３４,2026-06-30,2026-07-05,23,からつ,一般,４　６２６４３６４　６５,5249,三木 晴斗,2026-08-21,2026-08-26,03,江戸川,一般,５３３　１２６６１　５２,2026-08-05,2026-08-10,14,鳴門,一般,５　２６４３２　６６２,2026-07-22,2026-07-27,14,鳴門,一般,　　　　　　　　　　５２,2026-07-17,2026-07-22,16,児島,ＧⅢ,６５２　３２４　１　３３,2026-07-09,2026-07-13,14,鳴門,一般,３２３６１　３３１１
202609131702,2026-09-13,17,02R,3920,正木 聖賢,2026-08-23,2026-08-27,18,徳山,一般,４　６５６　６６６４,2026-05-26,2026-05-31,15,丸亀,ＧⅢ,２　６６２５５転,2026-05-11,2026-05-15,08,常滑,一般,５５５１４　４　４１,2026-04-30,2026-05-05,17,宮島,一般,３　４４１１５４４６４３,2026-04-20,2026-04-24,18,徳山,一般,２　６５１５４　２４,3637,齋藤 和政,2026-08-11,2026-08-16,07,蒲郡,一般,４５４　５　２４５　５５,2026-07-27,2026-08-01,09,津,一般,５　６５,2026-07-15,2026-07-19,08,常滑,一般,１　６４５６４　６２,2026-06-30,2026-07-05,06,浜名湖,一般,４４６　５４６　５,2026-06-17,2026-06-22,17,宮島,ＧⅢ,６　５６２　５６５　６,4570,前田 聖文,2026-08-24,2026-08-28,15,丸亀,一般,３３２３５６３２１,2026-08-10,2026-08-15,08,常滑,一般,４　５６１４３５,2026-08-02,2026-08-05,21,芦屋,一般,１２２３１５５３,2026-07-22,2026-07-26,13,尼崎,一般,２５３６３１４　３４,2026-07-09,2026-07-13,14,鳴門,一般,３２４３１２３３５１,3503,堂原 洋史,2026-08-30,2026-09-02,21,芦屋,一般,２６５６２　２５,2026-08-20,2026-08-23,02,戸田,一般,３５４　４６５５,2026-08-12,2026-08-17,02,戸田,一般,４　５３６６２　２４５２,2026-07-24,2026-07-27,06,浜名湖,一般,４４５　２２転５,2026-07-07,2026-07-12,10,三国,ＧⅢ,２５３　５６６　６　６２,3868,尾形 栄治,2026-08-26,2026-08-30,14,鳴門,一般,４５６　６　４３３,2026-08-15,2026-08-20,05,多摩川,一般,４６６　３　２５４　５１,2026-08-04,2026-08-09,10,三国,一般,５　６欠,2026-07-19,2026-07-23,05,多摩川,一般,３　２６５４３　１５,2026-07-04,2026-07-09,18,徳山,一般,４　４１３５３４２　２５,5450,藤本 遼磨,2026-08-13,2026-08-18,12,住之江,一般,５　６　６６６　６６４,2026-07-31,2026-08-04,13,尼崎,一般,１　５　５６３５３６,2026-07-03,2026-07-08,12,住之江,一般,５　妨　５４５５５　５,2026-06-21,2026-06-26,16,児島,一般,５　６６５　６５４　４６,2026-05-29,2026-06-02,14,鳴門,一般,５５６　５　４６６
202609131703,2026-09-13,17,03R,5036,福田 翔吾,2026-08-28,2026-09-02,05,多摩川,ＧⅢ,１　６３３２４　１２２６,2026-08-20,2026-08-23,23,からつ,一般,３２３　３５３３,2026-08-13,2026-08-18,12,住之江,一般,６　２３２３１　１５１１,2026-08-06,2026-08-09,02,戸田,一般,２２２　６１３２,2026-07-23,2026-07-28,03,江戸川,ＧⅢ,２３５　３６３　５３５転,4637,中田 友也,2026-08-26,2026-08-30,14,鳴門,一般,２４５５４　１　２４,2026-08-12,2026-08-17,02,戸田,一般,１　６　１１１５５　１１,2026-08-03,2026-08-08,19,下関,一般,６　３３４２５　４１５１,2026-05-24,2026-05-28,21,芦屋,一般,３４１　３３１５５３,2026-05-10,2026-05-15,16,児島,一般,４２３５１　１４２６２４,4332,村上 彰一,2026-08-21,2026-08-26,06,浜名湖,一般,６５３　４４３　３　１５,2026-07-17,2026-07-20,02,戸田,一般,３５５　３６６,2026-07-04,2026-07-09,01,桐生,一般,５４５　１３５　６　６５,2026-06-25,2026-06-30,13,尼崎,一般,４　１３４６５　５３５２,2026-06-16,2026-06-21,09,津,一般,６４１　３４４　４２F,4134,杉山 貴博,2026-08-24,2026-08-28,15,丸亀,一般,５　３４５２２　５２,2026-08-15,2026-08-20,05,多摩川,一般,２　５４６２２　４１６１,2026-08-04,2026-08-09,10,三国,一般,３２１２５　１５１　２,2026-07-27,2026-07-31,19,下関,一般,２１６　２　２３２１,2026-07-10,2026-07-15,06,浜名湖,一般,２６３　３３１　１４１４,3748,小黒 竜吾,2026-08-27,2026-09-01,07,蒲郡,一般,２　１５４５６　４４４,2026-07-19,2026-07-23,05,多摩川,一般,６６６４４　４　３,2026-07-04,2026-07-09,01,桐生,一般,１４４　５６２　６５３,2026-06-17,2026-06-22,13,尼崎,一般,４　４５３　３４３５６F,2026-05-29,2026-06-04,09,津,ＧⅢ,４４５　５　３５６　３３,5452,上馬場 風依,2026-07-29,2026-08-03,22,福岡,一般,６　６６６　６６６６６４,2026-07-20,2026-07-25,15,丸亀,一般,６　６６６　６６６　６６,2026-06-26,2026-07-01,17,宮島,一般,６　４５F６６　６　６,2026-06-05,2026-06-10,18,徳山,一般,６　６　６６６　６　６５,2026-05-16,2026-05-21,17,宮島,一般,６　６６６　６６６　６６
202609131704,2026-09-13,17,04R,4650,中山 雄太,2026-09-03,2026-09-06,02,戸田,一般,５　４６６　５,2026-08-22,2026-08-27,22,福岡,一般,５６６　５　１４４６６３,2026-08-14,2026-08-19,10,三国,一般,４　４６２　５５５６４,2025-12-22,2025-12-25,16,児島,一般,２４１４３落,2025-12-10,2025-12-14,05,多摩川,一般,３４３１１１２１[３],4241,大串 重幸,2026-08-27,2026-08-31,04,平和島,一般,２３１３２　３２[６],2026-08-17,2026-08-20,20,若松,一般,５３２　２５３１,2026-08-06,2026-08-10,24,大村,一般,４５２　４６４１２１,2026-07-23,2026-07-27,01,桐生,一般,４１２４６５２　１,2026-07-11,2026-07-16,03,江戸川,一般,６５３,4406,幸野 史明,2026-08-23,2026-08-27,18,徳山,一般,３　４４１１４４５４,2026-08-11,2026-08-16,19,下関,一般,４　１４６　１５４５５,2026-07-29,2026-08-03,22,福岡,一般,３　５４１　３６６４６６,2026-07-18,2026-07-21,04,平和島,一般,３　５１５４６４,2026-07-04,2026-07-09,01,桐生,一般,１１６　３５２４３２[６],3684,清水 攻二,2026-08-24,2026-08-28,15,丸亀,一般,５　妨２４４６　２２,2026-07-24,2026-07-27,06,浜名湖,一般,２　４３３６３３,2026-07-17,2026-07-20,02,戸田,一般,２３,2026-07-07,2026-07-12,08,常滑,一般,４１４　２１３３２６３６,2026-06-25,2026-06-29,18,徳山,一般,１５５４２１３６１３,4231,鈴木 裕隆,2026-08-22,2026-08-27,08,常滑,ＧⅢ,２３１　４２２　５４５４,2026-08-04,2026-08-09,12,住之江,一般,２１２　５４４　４５３２,2026-07-24,2026-07-27,02,戸田,一般,５１５　３６１,2026-07-17,2026-07-22,16,児島,ＧⅢ,５３５　６　１５４１４,2026-07-10,2026-07-13,19,下関,一般,３３２５４４５４,5311,小林 京平,2026-08-29,2026-09-03,19,下関,一般,３３１１５　３５１５４６,2026-08-23,2026-08-27,18,徳山,一般,　　　　　　　　１２,2026-08-15,2026-08-20,18,徳山,一般,４　５６４３１　４１２,2026-07-23,2026-07-28,03,江戸川,ＧⅢ,４　２３１　６５６１５４,2026-07-14,2026-07-17,24,大村,一般,１　４３１１[１]
202609131705,2026-09-13,17,05R,3333,丸尾 義孝,2026-08-27,2026-08-31,04,平和島,一般,３２２１１６６５４２,2026-08-17,2026-08-20,20,若松,一般,６３１２１　１４,2026-08-05,2026-08-10,14,鳴門,一般,１　６１２２３１３２[２],2026-07-22,2026-07-26,13,尼崎,一般,５２４４３　３　転１,2026-07-09,2026-07-13,14,鳴門,一般,２５１３３４２４３２,4201,佐竹 友樹,2026-08-27,2026-09-01,07,蒲郡,一般,２３５　３１３　２５５４,2026-08-20,2026-08-23,02,戸田,一般,４　５４２２２５,2026-08-12,2026-08-17,02,戸田,一般,４　３４５　４４５４３６,2026-07-29,2026-08-03,23,からつ,一般,３　３４６３５　２　２５,2026-07-18,2026-07-21,04,平和島,一般,１６５　６６６６,5035,櫻井 優,2026-08-29,2026-09-03,19,下関,一般,４６５　３　３１６２４１,2026-08-12,2026-08-17,02,戸田,一般,６　５　２４２４１１３３,2026-07-29,2026-08-03,23,からつ,一般,１１１　３６３　６６４５,2026-07-18,2026-07-23,09,津,ＧⅢ,２　６５２　３６３１１４,2026-07-09,2026-07-14,15,丸亀,一般,２１１４３　２４２６２４,5041,荒牧 凪沙,2026-08-22,2026-08-27,22,福岡,一般,４６６　６　６５１　２５,2026-08-11,2026-08-16,19,下関,一般,５１３　３　２６１４１１,2026-06-30,2026-07-05,06,浜名湖,一般,３１１　３３４２６２[６],2026-06-21,2026-06-25,08,常滑,一般,１４３　２５６６１５,2026-06-05,2026-06-10,01,桐生,一般,１３F　２５５　４　４,4158,木場 雄二郎,2026-08-30,2026-09-02,21,芦屋,一般,１　３４１６１４,2026-08-15,2026-08-20,18,徳山,一般,２３３　３６５　５５４,2026-08-04,2026-08-09,12,住之江,一般,１３２　３６５　４３１４,2026-07-22,2026-07-26,08,常滑,一般,４６６６６,2026-07-09,2026-07-13,16,児島,一般,５２６　５４６　５４,4952,吉武 真也,2026-08-20,2026-08-23,23,からつ,一般,５　４２３５６転,2026-08-05,2026-08-10,09,津,一般,６５６　５３６　５　６,2026-07-23,2026-07-27,01,桐生,一般,３　５エ５　１６６４,2026-07-10,2026-07-15,22,福岡,一般,４６１　５４６　５転４,2026-06-24,2026-06-29,03,江戸川,一般,２　２３４　５６１　２５
202609131706,2026-09-13,17,06R,4428,有賀 達也,2026-08-27,2026-08-31,04,平和島,一般,１　３３１２３３[４],2026-08-12,2026-08-17,02,戸田,一般,５４２　１２４　２　[５],2026-08-02,2026-08-05,21,芦屋,一般,３４５２４　２６,2026-07-22,2026-07-27,14,鳴門,一般,４４３　３５４４３　２２,2026-07-12,2026-07-16,05,多摩川,一般,３１４３２　１５２３,4839,四宮 与寛,2026-08-27,2026-09-01,07,蒲郡,一般,４　３４２　３１３５２２,2026-08-17,2026-08-21,13,尼崎,一般,１５４　２１２５１４,2026-08-05,2026-08-10,14,鳴門,一般,１　１３２３２５１３２２,2026-07-22,2026-07-26,08,常滑,一般,２４４　５１５３３１,2026-07-09,2026-07-13,16,児島,一般,３４４　妨５６　３３,4023,柴田 友和,2026-08-22,2026-08-27,22,福岡,一般,６　５６４　３５６　６６,2026-08-11,2026-08-16,19,下関,一般,１５５　２６４　２　４４,2026-07-27,2026-08-01,09,津,一般,５６２,2026-07-14,2026-07-19,01,桐生,一般,５２４　４２５　４　３４,2026-06-30,2026-07-05,23,からつ,一般,４　６２６４３６４　６５,5236,小宮 涼雅,2026-08-28,2026-08-31,23,からつ,一般,２３６　４３４１,2026-08-14,2026-08-19,17,宮島,一般,６３６　６５６　２　３６,2026-07-24,2026-07-27,12,住之江,一般,６　３３２　１５,2026-07-17,2026-07-22,16,児島,ＧⅢ,１４４４５　４　２３２,2026-07-07,2026-07-12,08,常滑,一般,１２２　４３３６１４３４,3637,齋藤 和政,2026-08-11,2026-08-16,07,蒲郡,一般,４５４　５　２４５　５５,2026-07-27,2026-08-01,09,津,一般,５　６５,2026-07-15,2026-07-19,08,常滑,一般,１　６４５６４　６２,2026-06-30,2026-07-05,06,浜名湖,一般,４４６　５４６　５,2026-06-17,2026-06-22,17,宮島,ＧⅢ,６　５６２　５６５　６,4732,堀本 和也,2026-08-25,2026-08-30,09,津,一般,３２１　２　１１２２[１],2026-08-17,2026-08-20,20,若松,一般,２４３１２３４６,2026-08-05,2026-08-10,14,鳴門,一般,３２２　４１３５１４２１,2026-07-22,2026-07-26,13,尼崎,一般,２２３１３　１４１２,2026-07-11,2026-07-14,04,平和島,一般,５　３１５４１１
202609131707,2026-09-13,17,07R,4832,権藤 俊光,2026-08-28,2026-09-02,05,多摩川,ＧⅢ,５　３３１３１４１２[５],2026-08-13,2026-08-18,12,住之江,一般,６　１３２　２２１２[３],2026-07-28,2026-08-02,11,びわこ,ＳＧ,６　５　１５２　３３６,2026-07-18,2026-07-22,10,三国,一般,１１１３２１３３１１,2026-07-01,2026-07-06,22,福岡,一般,３４１　１２３２２５１２,4134,杉山 貴博,2026-08-24,2026-08-28,15,丸亀,一般,５　３４５２２　５２,2026-08-15,2026-08-20,05,多摩川,一般,２　５４６２２　４１６１,2026-08-04,2026-08-09,10,三国,一般,３２１２５　１５１　２,2026-07-27,2026-07-31,19,下関,一般,２１６　２　２３２１,2026-07-10,2026-07-15,06,浜名湖,一般,２６３　３３１　１４１４,3868,尾形 栄治,2026-08-26,2026-08-30,14,鳴門,一般,４５６　６　４３３,2026-08-15,2026-08-20,05,多摩川,一般,４６６　３　２５４　５１,2026-08-04,2026-08-09,10,三国,一般,５　６欠,2026-07-19,2026-07-23,05,多摩川,一般,３　２６５４３　１５,2026-07-04,2026-07-09,18,徳山,一般,４　４１３５３４２　２５,4570,前田 聖文,2026-08-24,2026-08-28,15,丸亀,一般,３３２３５６３２１,2026-08-10,2026-08-15,08,常滑,一般,４　５６１４３５,2026-08-02,2026-08-05,21,芦屋,一般,１２２３１５５３,2026-07-22,2026-07-26,13,尼崎,一般,２５３６３１４　３４,2026-07-09,2026-07-13,14,鳴門,一般,３２４３１２３３５１,4332,村上 彰一,2026-08-21,2026-08-26,06,浜名湖,一般,６５３　４４３　３　１５,2026-07-17,2026-07-20,02,戸田,一般,３５５　３６６,2026-07-04,2026-07-09,01,桐生,一般,５４５　１３５　６　６５,2026-06-25,2026-06-30,13,尼崎,一般,４　１３４６５　５３５２,2026-06-16,2026-06-21,09,津,一般,６４１　３４４　４２F,4969,町田 洸希,2026-08-22,2026-08-27,08,常滑,ＧⅢ,３１３　６６３　５４２４,2026-08-06,2026-08-10,24,大村,一般,４　４５６１６２５４,2026-07-23,2026-07-28,21,芦屋,一般,２　５２４　１６３６３６,2026-07-10,2026-07-15,23,からつ,一般,５３５　５　４１３５５２,2026-06-28,2026-07-01,10,三国,一般,５５５　５　４３
202609131708,2026-09-13,17,08R,4808,松尾 拓,2026-08-28,2026-09-02,05,多摩川,ＧⅢ,４３１　１４４４２４２４,2026-08-15,2026-08-20,09,津,一般,４　５４３　３１３１３,2026-07-31,2026-08-04,13,尼崎,一般,３　３２３１２６２３,2026-07-22,2026-07-25,24,大村,一般,２　２４１２[３],2026-07-10,2026-07-15,23,からつ,一般,１１５　１５４２１２[４],3748,小黒 竜吾,2026-08-27,2026-09-01,07,蒲郡,一般,２　１５４５６　４４４,2026-07-19,2026-07-23,05,多摩川,一般,６６６４４　４　３,2026-07-04,2026-07-09,01,桐生,一般,１４４　５６２　６５３,2026-06-17,2026-06-22,13,尼崎,一般,４　４５３　３４３５６F,2026-05-29,2026-06-04,09,津,ＧⅢ,４４５　５　３５６　３３,4461,安田 吉宏,2026-08-25,2026-08-30,09,津,一般,６５５　５　４２６　６,2026-08-11,2026-08-16,07,蒲郡,一般,４６２　３　２２１５５４,2026-07-27,2026-08-01,10,三国,一般,３２６　３１５　３２６,2026-07-18,2026-07-21,20,若松,一般,２５４　４５１３,2026-07-10,2026-07-14,09,津,一般,　　　　　　　　３５,4241,大串 重幸,2026-08-27,2026-08-31,04,平和島,一般,２３１３２　３２[６],2026-08-17,2026-08-20,20,若松,一般,５３２　２５３１,2026-08-06,2026-08-10,24,大村,一般,４５２　４６４１２１,2026-07-23,2026-07-27,01,桐生,一般,４１２４６５２　１,2026-07-11,2026-07-16,03,江戸川,一般,６５３,4637,中田 友也,2026-08-26,2026-08-30,14,鳴門,一般,２４５５４　１　２４,2026-08-12,2026-08-17,02,戸田,一般,１　６　１１１５５　１１,2026-08-03,2026-08-08,19,下関,一般,６　３３４２５　４１５１,2026-05-24,2026-05-28,21,芦屋,一般,３４１　３３１５５３,2026-05-10,2026-05-15,16,児島,一般,４２３５１　１４２６２４,5384,八戸 琉楓,2026-08-20,2026-08-25,21,芦屋,一般,５６６　５落４　６　６５,2026-08-06,2026-08-10,24,大村,一般,５　６４５６４　６５,2026-07-22,2026-07-25,24,大村,一般,５　６６５　５６,2026-07-10,2026-07-13,19,下関,一般,６　６６５　５５,2026-06-22,2026-06-27,23,からつ,一般,５　６６４６４　６６６６
202609131709,2026-09-13,17,09R,5249,三木 晴斗,2026-08-21,2026-08-26,03,江戸川,一般,５３３　１２６６１　５２,2026-08-05,2026-08-10,14,鳴門,一般,５　２６４３２　６６２,2026-07-22,2026-07-27,14,鳴門,一般,　　　　　　　　　　５２,2026-07-17,2026-07-22,16,児島,ＧⅢ,６５２　３２４　１　３３,2026-07-09,2026-07-13,14,鳴門,一般,３２３６１　３３１１,3503,堂原 洋史,2026-08-30,2026-09-02,21,芦屋,一般,２６５６２　２５,2026-08-20,2026-08-23,02,戸田,一般,３５４　４６５５,2026-08-12,2026-08-17,02,戸田,一般,４　５３６６２　２４５２,2026-07-24,2026-07-27,06,浜名湖,一般,４４５　２２転５,2026-07-07,2026-07-12,10,三国,ＧⅢ,２５３　５６６　６　６２,3684,清水 攻二,2026-08-24,2026-08-28,15,丸亀,一般,５　妨２４４６　２２,2026-07-24,2026-07-27,06,浜名湖,一般,２　４３３６３３,2026-07-17,2026-07-20,02,戸田,一般,２３,2026-07-07,2026-07-12,08,常滑,一般,４１４　２１３３２６３６,2026-06-25,2026-06-29,18,徳山,一般,１５５４２１３６１３,4406,幸野 史明,2026-08-23,2026-08-27,18,徳山,一般,３　４４１１４４５４,2026-08-11,2026-08-16,19,下関,一般,４　１４６　１５４５５,2026-07-29,2026-08-03,22,福岡,一般,３　５４１　３６６４６６,2026-07-18,2026-07-21,04,平和島,一般,３　５１５４６４,2026-07-04,2026-07-09,01,桐生,一般,１１６　３５２４３２[６],5035,櫻井 優,2026-08-29,2026-09-03,19,下関,一般,４６５　３　３１６２４１,2026-08-12,2026-08-17,02,戸田,一般,６　５　２４２４１１３３,2026-07-29,2026-08-03,23,からつ,一般,１１１　３６３　６６４５,2026-07-18,2026-07-23,09,津,ＧⅢ,２　６５２　３６３１１４,2026-07-09,2026-07-14,15,丸亀,一般,２１１４３　２４２６２４,5036,福田 翔吾,2026-08-28,2026-09-02,05,多摩川,ＧⅢ,１　６３３２４　１２２６,2026-08-20,2026-08-23,23,からつ,一般,３２３　３５３３,2026-08-13,2026-08-18,12,住之江,一般,６　２３２３１　１５１１,2026-08-06,2026-08-09,02,戸田,一般,２２２　６１３２,2026-07-23,2026-07-28,03,江戸川,ＧⅢ,２３５　３６３　５３５転
202609131710,2026-09-13,17,10R,5311,小林 京平,2026-08-29,2026-09-03,19,下関,一般,３３１１５　３５１５４６,2026-08-23,2026-08-27,18,徳山,一般,　　　　　　　　１２,2026-08-15,2026-08-20,18,徳山,一般,４　５６４３１　４１２,2026-07-23,2026-07-28,03,江戸川,ＧⅢ,４　２３１　６５６１５４,2026-07-14,2026-07-17,24,大村,一般,１　４３１１[１],4428,有賀 達也,2026-08-27,2026-08-31,04,平和島,一般,１　３３１２３３[４],2026-08-12,2026-08-17,02,戸田,一般,５４２　１２４　２　[５],2026-08-02,2026-08-05,21,芦屋,一般,３４５２４　２６,2026-07-22,2026-07-27,14,鳴門,一般,４４３　３５４４３　２２,2026-07-12,2026-07-16,05,多摩川,一般,３１４３２　１５２３,5041,荒牧 凪沙,2026-08-22,2026-08-27,22,福岡,一般,４６６　６　６５１　２５,2026-08-11,2026-08-16,19,下関,一般,５１３　３　２６１４１１,2026-06-30,2026-07-05,06,浜名湖,一般,３１１　３３４２６２[６],2026-06-21,2026-06-25,08,常滑,一般,１４３　２５６６１５,2026-06-05,2026-06-10,01,桐生,一般,１３F　２５５　４　４,3333,丸尾 義孝,2026-08-27,2026-08-31,04,平和島,一般,３２２１１６６５４２,2026-08-17,2026-08-20,20,若松,一般,６３１２１　１４,2026-08-05,2026-08-10,14,鳴門,一般,１　６１２２３１３２[２],2026-07-22,2026-07-26,13,尼崎,一般,５２４４３　３　転１,2026-07-09,2026-07-13,14,鳴門,一般,２５１３３４２４３２,3920,正木 聖賢,2026-08-23,2026-08-27,18,徳山,一般,４　６５６　６６６４,2026-05-26,2026-05-31,15,丸亀,ＧⅢ,２　６６２５５転,2026-05-11,2026-05-15,08,常滑,一般,５５５１４　４　４１,2026-04-30,2026-05-05,17,宮島,一般,３　４４１１５４４６４３,2026-04-20,2026-04-24,18,徳山,一般,２　６５１５４　２４,4839,四宮 与寛,2026-08-27,2026-09-01,07,蒲郡,一般,４　３４２　３１３５２２,2026-08-17,2026-08-21,13,尼崎,一般,１５４　２１２５１４,2026-08-05,2026-08-10,14,鳴門,一般,１　１３２３２５１３２２,2026-07-22,2026-07-26,08,常滑,一般,２４４　５１５３３１,2026-07-09,2026-07-13,16,児島,一般,３４４　妨５６　３３
202609131711,2026-09-13,17,11R,4732,堀本 和也,2026-08-25,2026-08-30,09,津,一般,３２１　２　１１２２[１],2026-08-17,2026-08-20,20,若松,一般,２４３１２３４６,2026-08-05,2026-08-10,14,鳴門,一般,３２２　４１３５１４２１,2026-07-22,2026-07-26,13,尼崎,一般,２２３１３　１４１２,2026-07-11,2026-07-14,04,平和島,一般,５　３１５４１１,4808,松尾 拓,2026-08-28,2026-09-02,05,多摩川,ＧⅢ,４３１　１４４４２４２４,2026-08-15,2026-08-20,09,津,一般,４　５４３　３１３１３,2026-07-31,2026-08-04,13,尼崎,一般,３　３２３１２６２３,2026-07-22,2026-07-25,24,大村,一般,２　２４１２[３],2026-07-10,2026-07-15,23,からつ,一般,１１５　１５４２１２[４],4650,中山 雄太,2026-09-03,2026-09-06,02,戸田,一般,５　４６６　５,2026-08-22,2026-08-27,22,福岡,一般,５６６　５　１４４６６３,2026-08-14,2026-08-19,10,三国,一般,４　４６２　５５５６４,2025-12-22,2025-12-25,16,児島,一般,２４１４３落,2025-12-10,2025-12-14,05,多摩川,一般,３４３１１１２１[３],4832,権藤 俊光,2026-08-28,2026-09-02,05,多摩川,ＧⅢ,５　３３１３１４１２[５],2026-08-13,2026-08-18,12,住之江,一般,６　１３２　２２１２[３],2026-07-28,2026-08-02,11,びわこ,ＳＧ,６　５　１５２　３３６,2026-07-18,2026-07-22,10,三国,一般,１１１３２１３３１１,2026-07-01,2026-07-06,22,福岡,一般,３４１　１２３２２５１２,3662,大庭 元明,2026-08-23,2026-08-27,18,徳山,一般,３１１３２　４６５４,2026-08-12,2026-08-17,22,福岡,一般,６　３４１　２３６６１６,2026-07-31,2026-08-03,20,若松,一般,３６５　２２１３,2026-07-17,2026-07-22,16,児島,ＧⅢ,４２６　５　５３６　２５,2026-06-30,2026-07-05,06,浜名湖,一般,３　４４１５２６１　５５,4201,佐竹 友樹,2026-08-27,2026-09-01,07,蒲郡,一般,２３５　３１３　２５５４,2026-08-20,2026-08-23,02,戸田,一般,４　５４２２２５,2026-08-12,2026-08-17,02,戸田,一般,４　３４５　４４５４３６,2026-07-29,2026-08-03,23,からつ,一般,３　３４６３５　２　２５,2026-07-18,2026-07-21,04,平和島,一般,１６５　６６６６
202609131712,2026-09-13,17,12R,3556,田中 信一郎,2026-08-28,2026-09-02,05,多摩川,ＧⅢ,３１６６５　２１４６３２,2026-08-14,2026-08-19,10,三国,一般,２１２　４２２３３２[６],2026-07-24,2026-07-27,06,浜名湖,一般,６１２　１５１６,2026-07-14,2026-07-19,21,芦屋,一般,４１２２１３１　１１[４],2026-07-01,2026-07-06,22,福岡,一般,２１３１１　１２３１[１],4601,森野 正弘,2026-08-28,2026-08-31,23,からつ,一般,２３１３２４１３,2026-08-15,2026-08-20,18,徳山,一般,１２４　１４３１１１[２],2026-08-03,2026-08-08,19,下関,一般,１３２　３１１３４１[２],2026-07-23,2026-07-27,01,桐生,一般,４３５１１２１２[２],2026-07-07,2026-07-12,20,若松,ＧⅢ,１　５３５５２５５　６５,4302,西野 翔太,2026-08-23,2026-08-27,18,徳山,一般,１３３２転１２６,2026-08-14,2026-08-19,17,宮島,一般,５２１　１６３２妨４２,2026-07-31,2026-08-04,13,尼崎,一般,２５５３１２４２[６],2026-07-20,2026-07-25,15,丸亀,一般,１　５５１６４４２４１,2026-07-09,2026-07-13,16,児島,一般,１４１２１１３１[２],4574,東 潤樹,2026-08-28,2026-08-31,23,からつ,一般,５　５５６,2026-08-21,2026-08-24,07,蒲郡,一般,２　３４１５４４,2026-08-14,2026-08-19,17,宮島,一般,２　２４４４４６３　４２,2026-08-04,2026-08-09,10,三国,一般,４６４　２３,2026-07-24,2026-07-27,12,住之江,一般,４２１５６２[６],4593,小坂 宗司,2026-08-27,2026-08-31,04,平和島,一般,４６４　３５６　３２,2026-08-15,2026-08-20,18,徳山,一般,４　１２４３２１３３３１,2026-07-29,2026-08-03,23,からつ,一般,１４２　１２４５３２[４],2026-07-16,2026-07-21,11,びわこ,一般,５２６２１　３３１２[４],2026-07-05,2026-07-09,05,多摩川,一般,４２４２４　１１[２],3265,今村 暢孝,2026-08-30,2026-09-02,21,芦屋,一般,４６５６５　３２,2026-08-17,2026-08-21,15,丸亀,一般,４　４４３１４４４２,2026-07-28,2026-08-02,16,児島,一般,１　２５４２１３２５１妨,2026-07-15,2026-07-19,17,宮島,一般,２　２２１１２２[６],2026-07-02,2026-07-06,21,芦屋,一般,５４６　５１１　３３
202609131801,2026-09-13,18,01R,4713,白神 優,2026-09-03,2026-09-08,09,津,ＧⅠ,３　４６６　１　２５５４,2026-08-24,2026-08-29,13,尼崎,一般,３１４３３　１４３５１６,2026-08-17,2026-08-20,20,若松,一般,１５３２４３１２,2026-08-08,2026-08-13,16,児島,一般,４　５２１５３３１　１３,2026-07-22,2026-07-27,14,鳴門,一般,転５２　１５２１１２[３],5267,石本 裕武,2026-09-03,2026-09-08,09,津,ＧⅠ,２　１５３　１　２　[２],2026-08-25,2026-08-30,17,宮島,一般,１２１１６１１　５１[２],2026-08-13,2026-08-18,12,住之江,一般,１１６　１２１１６４３２,2026-08-04,2026-08-09,10,三国,一般,１６４　１１１５３２[２],2026-07-21,2026-07-26,23,からつ,一般,１２１６１　５５２１[４],4344,新田 雄史,2026-09-03,2026-09-08,09,津,ＧⅠ,６２１　２２F,2026-08-25,2026-08-30,01,桐生,ＳＧ,６６３　１４５　４　１４,2026-08-15,2026-08-20,09,津,一般,１１４４１　６F２　３,2026-07-28,2026-08-02,11,びわこ,ＳＧ,２２３　２　１５４　２２,2026-07-18,2026-07-21,20,若松,一般,１１３１２１[４],4362,土屋 智則,2026-09-04,2026-09-08,07,蒲郡,一般,３４２３４１２２[５],2026-08-25,2026-08-30,01,桐生,ＳＧ,２　２　３３３　３　６１,2026-08-11,2026-08-16,01,桐生,一般,４　２２１１２　３　転２,2026-07-31,2026-08-05,05,多摩川,一般,３　３２２３４１３３１１,2026-07-21,2026-07-26,23,からつ,一般,４６１１３　４１２３６１,4239,竹田 辰也,2026-08-30,2026-09-03,08,常滑,一般,２２２１３１４１[４],2026-08-15,2026-08-20,18,徳山,一般,３３１６３４２　１５１３,2026-08-04,2026-08-09,10,三国,一般,５３１　１６３１４１[４],2026-07-22,2026-07-27,14,鳴門,一般,２４１６３　２６,2026-07-09,2026-07-13,16,児島,一般,４２３１３３１２[６],4448,青木 玄太,2026-09-03,2026-09-08,09,津,ＧⅠ,４　３１３　３　６　１３,2026-08-26,2026-08-30,14,鳴門,一般,２２１３６１３５３,2026-08-15,2026-08-20,11,びわこ,一般,５　１４２１４２２　５３,2026-08-02,2026-08-05,21,芦屋,一般,２６３３２３１１,2026-07-22,2026-07-26,08,常滑,一般,１２１１６１３１[２]
202609131802,2026-09-13,18,02R,4528,黒井 達矢,2026-09-03,2026-09-08,09,津,ＧⅠ,３　２５４　５　４４４５,2026-08-24,2026-08-28,15,丸亀,一般,２４１１１２４１[６],2026-08-15,2026-08-20,05,多摩川,一般,６　１１１４１４２２[５],2026-06-08,2026-06-13,13,尼崎,ＧⅠ,５２１　２　１４２　[３],2026-05-29,2026-06-02,14,鳴門,一般,１１３３１４１６１４,4586,磯部 誠,2026-09-03,2026-09-08,09,津,ＧⅠ,３４１　１　３２２　[６],2026-08-25,2026-08-30,01,桐生,ＳＧ,２２１　５　３２２　[６],2026-08-11,2026-08-16,07,蒲郡,一般,１２１１１３１２２１[２],2026-07-28,2026-08-02,11,びわこ,ＳＧ,３　３２１　１　３　３１,2026-07-18,2026-07-21,20,若松,一般,２２１２２１[１],4759,今泉 友吾,2026-09-02,2026-09-07,22,福岡,一般,３３１　３５１３１４２２,2026-08-22,2026-08-27,08,常滑,ＧⅢ,３３３２３１１５４３３１,2026-08-11,2026-08-16,04,平和島,一般,２４３　２２３１４３１５,2026-07-31,2026-08-05,05,多摩川,一般,４６３１１　１２２１[２],2026-07-13,2026-07-18,07,蒲郡,ＧⅡ,４１６　６　４３２４２,4760,山崎 郡,2026-09-03,2026-09-08,09,津,ＧⅠ,４４５　２５６　２　４２,2026-08-24,2026-08-29,13,尼崎,一般,４１１２３　１１４１[１],2026-08-13,2026-08-18,12,住之江,一般,１２２　１１１　３１[１],2026-07-28,2026-08-02,11,びわこ,ＳＧ,３　１　６５５　２１２,2026-07-14,2026-07-19,01,桐生,一般,２１２１１　２　３１[１],4985,井本 昌也,2026-08-25,2026-08-30,09,津,一般,５　５１６　１３,2026-08-15,2026-08-20,18,徳山,一般,２４１１３　３２３２[４],2026-08-03,2026-08-08,19,下関,一般,２５６１４　１１３５１３,2026-07-19,2026-07-24,22,福岡,ＧⅢ,５３１　５４２　２２４２,2026-07-02,2026-07-07,04,平和島,一般,６　１２２１６２２４２２,4739,中村 晃朋,2026-09-03,2026-09-08,09,津,ＧⅠ,５　４F２　５　３　５,2026-08-25,2026-08-30,17,宮島,一般,４６５１５　５３６　３３,2026-08-17,2026-08-21,15,丸亀,一般,１６２１２５３１[１],2026-08-06,2026-08-09,02,戸田,一般,１　２２１２[２],2026-07-28,2026-08-02,16,児島,一般,１５２３１２１　３１[２]
202609131803,2026-09-13,18,03R,3942,寺田 祥,2026-08-25,2026-08-30,01,桐生,ＳＧ,６　５　１６４　６５４,2026-08-11,2026-08-16,19,下関,一般,３２１　５１５３３５５３,2026-07-25,2026-07-29,20,若松,一般,１３１　２２３１[５],2026-07-14,2026-07-19,21,芦屋,一般,３５３６１２１　２２[６],2026-06-17,2026-06-22,24,大村,ＧⅡ,２　１　５２２　２　[６],4547,中田 竜太,2026-09-03,2026-09-08,09,津,ＧⅠ,１　６２６　４　１２５５,2026-08-25,2026-08-30,01,桐生,ＳＧ,５　６　１１４　１３６１,2026-08-12,2026-08-17,02,戸田,一般,１転４　２２３１３　２４,2026-07-28,2026-08-02,11,びわこ,ＳＧ,６　５　６５４　５欠,2026-07-19,2026-07-23,05,多摩川,一般,２３１１２１３２[５],5015,高橋 竜矢,2026-09-03,2026-09-08,09,津,ＧⅠ,５　２２４　１　６　１５,2026-08-26,2026-08-30,14,鳴門,一般,２３１４１３３１[４],2026-08-14,2026-08-19,17,宮島,一般,２５３５２１１　１２[２],2026-08-04,2026-08-09,10,三国,一般,３３５５１１２　１５３２,2026-07-21,2026-07-26,23,からつ,一般,２５４　１６６２,4305,金子 拓矢,2026-09-03,2026-09-08,09,津,ＧⅠ,１５２　１３４　４　２２,2026-08-26,2026-08-30,14,鳴門,一般,１４１２１２２１[１],2026-08-15,2026-08-20,05,多摩川,一般,１４５５１１２　２３１１,2026-08-04,2026-08-09,12,住之江,一般,２２２　２１３１４２[３],2026-07-22,2026-07-25,24,大村,一般,１２１３４２[６],4928,栗城 匠,2026-08-27,2026-09-01,07,蒲郡,一般,３６６１２５１２２１[１],2026-08-15,2026-08-20,05,多摩川,一般,２３１１６　５６１２[２],2026-07-29,2026-08-01,18,徳山,一般,１３２３１６１落,2026-07-17,2026-07-20,02,戸田,一般,４４１２２１[１],2026-07-04,2026-07-09,01,桐生,一般,５　１３２２１４１１[２],3960,菊地 孝平,2026-09-03,2026-09-08,09,津,ＧⅠ,１３２　１　３１１　[１],2026-08-20,2026-08-23,04,平和島,一般,２２１１２１[４],2026-08-11,2026-08-16,06,浜名湖,一般,３１２　３３３１１１[２],2026-07-28,2026-08-02,11,びわこ,ＳＧ,６　６　６４３　６３３,2026-07-07,2026-07-12,02,戸田,ＧⅡ,４４１　５　３６３　１２
202609131804,2026-09-13,18,04R,4566,塩田 北斗,2026-09-03,2026-09-08,09,津,ＧⅠ,３　１　３６２　６　５３,2026-08-24,2026-08-29,13,尼崎,一般,４２２　４３４２２１３１,2026-08-12,2026-08-17,22,福岡,一般,５５エ欠,2026-07-31,2026-08-03,20,若松,一般,３１３１３１[３],2026-06-23,2026-06-28,14,鳴門,ＳＧ,３　２　１２５　２　[５],4939,宮之原 輝紀,2026-09-03,2026-09-08,09,津,ＧⅠ,２　５１６,2026-08-25,2026-08-30,01,桐生,ＳＧ,１４５　１　３６５　２５,2026-08-15,2026-08-20,05,多摩川,一般,１　１１１１１１５１[１],2026-08-03,2026-08-08,04,平和島,ＧⅢ,１５２１１１１　６２[転],2026-07-22,2026-07-27,14,鳴門,一般,１１５　１１１３１１[１],4397,西村 拓也,2026-09-03,2026-09-08,09,津,ＧⅠ,４　１６２　２　３　１１,2026-08-26,2026-08-30,14,鳴門,一般,５１２２１４１４３２,2026-08-13,2026-08-18,12,住之江,一般,１２３　１　２４２２[４],2026-08-03,2026-08-08,04,平和島,ＧⅢ,１２２３４１２　５３１１,2026-07-23,2026-07-27,01,桐生,一般,２２１１１１２１[１],4415,下出 卓矢,2026-09-03,2026-09-08,09,津,ＧⅠ,６　１　５６１　１６３３,2026-08-24,2026-08-29,13,尼崎,一般,５３４　２２３６５１２３,2026-08-14,2026-08-19,10,三国,一般,１４F５４　５　６　２,2026-08-06,2026-08-09,02,戸田,一般,４６５３１３１１,2026-07-27,2026-08-01,10,三国,一般,１３４５１　１１６２[２],4444,桐生 順平,2026-09-03,2026-09-08,09,津,ＧⅠ,１　３２３　２２１　[５],2026-08-25,2026-08-30,01,桐生,ＳＧ,２３５　６　４１２　１３,2026-08-12,2026-08-17,02,戸田,一般,欠欠,2026-07-31,2026-08-05,05,多摩川,一般,１１２　３３１１４１[３],2026-06-23,2026-06-28,14,鳴門,ＳＧ,５　２３３　４１２　[４],4361,柳生 泰二,2026-09-03,2026-09-08,09,津,ＧⅠ,４１１　４　F６３　３,2026-08-25,2026-08-30,01,桐生,ＳＧ,６１３　６　６５１　５,2026-08-11,2026-08-16,19,下関,一般,１１３１１　２１３１[１],2026-07-31,2026-08-03,20,若松,一般,２６１１１１[２],2026-07-20,2026-07-25,15,丸亀,一般,３１３１２　１３２１[２]
202609131805,2026-09-13,18,05R,4826,井上 一輝,2026-09-03,2026-09-08,09,津,ＧⅠ,３１１　２　６５３　１６,2026-08-24,2026-08-28,15,丸亀,一般,２６１２２１４１[３],2026-08-13,2026-08-18,12,住之江,一般,３１４　５５２　１落５,2026-08-04,2026-08-09,10,三国,一般,１４５１５２１　４２[５],2026-07-24,2026-07-27,06,浜名湖,一般,５６２２１　６１,4796,春園 功太,2026-09-03,2026-09-08,09,津,ＧⅠ,１　５　６６３　６２２２,2026-08-25,2026-08-30,17,宮島,一般,６３２　１２５４,2026-08-15,2026-08-20,09,津,一般,４６１４２　４２１５３４,2026-08-04,2026-08-09,12,住之江,一般,２　６３４　２１１６４４,2026-07-22,2026-07-26,08,常滑,一般,１４６２２１１２[５],4831,羽野 直也,2026-09-03,2026-09-08,09,津,ＧⅠ,２３２　落,2026-08-25,2026-08-30,01,桐生,ＳＧ,４　１５２　１　４　５２,2026-08-10,2026-08-15,21,芦屋,一般,２６１３５４２　２６１３,2026-07-31,2026-08-04,13,尼崎,一般,１２４１３１１１[２],2026-07-24,2026-07-27,12,住之江,一般,１１２６１１[１],4851,関 浩哉,2026-09-03,2026-09-08,09,津,ＧⅠ,１１６　１２２　１　[４],2026-08-25,2026-08-30,01,桐生,ＳＧ,４１落　１２６　４　２６,2026-08-11,2026-08-16,01,桐生,一般,１６３１３　１１１　[４],2026-07-28,2026-08-02,11,びわこ,ＳＧ,５１４　３４６　２３１,2026-07-18,2026-07-21,04,平和島,一般,１４２１３１[６],4537,渡邉 和将,2026-09-03,2026-09-08,09,津,ＧⅠ,４　５３６　５１２５６,2026-08-22,2026-08-27,08,常滑,ＧⅢ,３６３１３１３３１２[３],2026-08-08,2026-08-13,16,児島,一般,２１３１３２３　３１４,2026-07-29,2026-08-03,22,福岡,一般,１３２　３１２６４１[５],2026-07-20,2026-07-25,15,丸亀,一般,１６２　３２１１５１[４],4980,佐々木 完太,2026-09-03,2026-09-08,09,津,ＧⅠ,３４３　６　２５６４６,2026-08-21,2026-08-26,06,浜名湖,一般,１２１１３　１１１１[１],2026-08-11,2026-08-16,19,下関,一般,２４１２２２１　４１[２],2026-07-28,2026-08-02,11,びわこ,ＳＧ,１１１　６　１６５　１６,2026-06-30,2026-07-05,16,児島,ＧⅡ,３１２　２　６５
202609131806,2026-09-13,18,06R,4682,大上 卓人,2026-09-04,2026-09-08,07,蒲郡,一般,１５１１２転３１[６],2026-08-25,2026-08-30,01,桐生,ＳＧ,１　２５３　５　４　１５,2026-08-14,2026-08-19,17,宮島,一般,２４１１２　１３１４１５,2026-07-28,2026-08-02,11,びわこ,ＳＧ,１　４３５　１　２　[６],2026-07-18,2026-07-21,20,若松,一般,２４２２１２[５],5142,常住 蓮,2026-08-28,2026-08-31,23,からつ,一般,１１２１２１[１],2026-08-20,2026-08-23,02,戸田,一般,２３３１１２１２,2026-08-09,2026-08-14,23,からつ,一般,１５２１F　２　２　２,2026-07-28,2026-08-02,15,丸亀,一般,６　２２２３１　１２[４],2026-07-19,2026-07-24,22,福岡,ＧⅢ,１　６１１５５　３　５１,4024,井口 佳典,2026-09-03,2026-09-08,09,津,ＧⅠ,３　３４１　４３４　２２,2026-08-25,2026-08-30,01,桐生,ＳＧ,４　６　５４３　２２４,2026-08-15,2026-08-20,09,津,一般,１３１　５４２１１２[５],2026-08-08,2026-08-11,05,多摩川,一般,４４１１１３[４],2026-07-28,2026-08-02,11,びわこ,ＳＧ,６　３３６　３　５４６,5112,砂長 知輝,2026-09-03,2026-09-08,09,津,ＧⅠ,６５５　２　６２５　２,2026-08-24,2026-08-29,13,尼崎,一般,２２３　３１２１４１[２],2026-08-12,2026-08-17,02,戸田,一般,４　１１１　１１４　３５,2026-07-28,2026-08-02,16,児島,一般,５６３２２１１　２６１２,2026-07-18,2026-07-23,09,津,ＧⅢ,１１２　３１２　F　５,4448,青木 玄太,2026-09-03,2026-09-08,09,津,ＧⅠ,４　３１３　３　６　１３,2026-08-26,2026-08-30,14,鳴門,一般,２２１３６１３５３,2026-08-15,2026-08-20,11,びわこ,一般,５　１４２１４２２　５３,2026-08-02,2026-08-05,21,芦屋,一般,２６３３２３１１,2026-07-22,2026-07-26,08,常滑,一般,１２１１６１３１[２],3897,白井 英治,2026-09-03,2026-09-08,09,津,ＧⅠ,４２３　５　２１３　５１,2026-08-25,2026-08-30,01,桐生,ＳＧ,４２４　３　転３,2026-08-15,2026-08-20,18,徳山,一般,１１２４１　２１１１[１],2026-07-28,2026-08-02,11,びわこ,ＳＧ,４　５１２３３　３　２１,2026-07-18,2026-07-22,10,三国,一般,１４３４２２
202609131807,2026-09-13,18,07R,4344,新田 雄史,2026-09-03,2026-09-08,09,津,ＧⅠ,６２１　２２F,2026-08-25,2026-08-30,01,桐生,ＳＧ,６６３　１４５　４　１４,2026-08-15,2026-08-20,09,津,一般,１１４４１　６F２　３,2026-07-28,2026-08-02,11,びわこ,ＳＧ,２２３　２　１５４　２２,2026-07-18,2026-07-21,20,若松,一般,１１３１２１[４],4928,栗城 匠,2026-08-27,2026-09-01,07,蒲郡,一般,３６６１２５１２２１[１],2026-08-15,2026-08-20,05,多摩川,一般,２３１１６　５６１２[２],2026-07-29,2026-08-01,18,徳山,一般,１３２３１６１落,2026-07-17,2026-07-20,02,戸田,一般,４４１２２１[１],2026-07-04,2026-07-09,01,桐生,一般,５　１３２２１４１１[２],4324,海野 康志郎,2026-09-03,2026-09-06,02,戸田,一般,２２２６１１[３],2026-08-25,2026-08-30,09,津,一般,５１２　３４６３３６１２,2026-08-15,2026-08-20,18,徳山,一般,２６６　４１３２１６１２,2026-07-28,2026-08-02,16,児島,一般,３１１　３４１３１３２１,2026-07-13,2026-07-18,07,蒲郡,ＧⅡ,１２５　２２３　６　３,4256,渡辺 浩司,2026-09-03,2026-09-08,09,津,ＧⅠ,３３１　２　２４４　３４,2026-08-22,2026-08-27,08,常滑,ＧⅢ,１５５５３１３１３２[６],2026-08-07,2026-08-12,20,若松,一般,４　４３３４２２２１１,2026-07-29,2026-08-01,18,徳山,一般,３１１３３２[３],2026-07-22,2026-07-25,24,大村,一般,F３５,5017,澤田 尚也,2026-09-03,2026-09-08,09,津,ＧⅠ,５　２　５１２　４１５２,2026-08-24,2026-08-28,15,丸亀,一般,４２３１３３３２[５],2026-08-15,2026-08-20,11,びわこ,一般,１　１５２６３１６６１５,2026-08-08,2026-08-11,05,多摩川,一般,１１１３２３[２],2026-07-31,2026-08-04,13,尼崎,一般,３１２　５４１３４６,4586,磯部 誠,2026-09-03,2026-09-08,09,津,ＧⅠ,３４１　１　３２２　[６],2026-08-25,2026-08-30,01,桐生,ＳＧ,２２１　５　３２２　[６],2026-08-11,2026-08-16,07,蒲郡,一般,１２１１１３１２２１[２],2026-07-28,2026-08-02,11,びわこ,ＳＧ,３　３２１　１　３　３１,2026-07-18,2026-07-21,20,若松,一般,２２１２２１[１]
202609131808,2026-09-13,18,08R,4985,井本 昌也,2026-08-25,2026-08-30,09,津,一般,５　５１６　１３,2026-08-15,2026-08-20,18,徳山,一般,２４１１３　３２３２[４],2026-08-03,2026-08-08,19,下関,一般,２５６１４　１１３５１３,2026-07-19,2026-07-24,22,福岡,ＧⅢ,５３１　５４２　２２４２,2026-07-02,2026-07-07,04,平和島,一般,６　１２２１６２２４２２,5084,末永 和也,2026-09-03,2026-09-08,09,津,ＧⅠ,４　５４１　２３２　[３],2026-08-25,2026-08-30,17,宮島,一般,１４１２１３２　５１[３],2026-05-15,2026-05-20,21,芦屋,ＧⅠ,２６６　５　５３１３２,2026-05-01,2026-05-06,23,からつ,一般,１５２２１　１２２２[６],2026-04-20,2026-04-23,11,びわこ,一般,３２４１L欠,3960,菊地 孝平,2026-09-03,2026-09-08,09,津,ＧⅠ,１３２　１　３１１　[１],2026-08-20,2026-08-23,04,平和島,一般,２２１１２１[４],2026-08-11,2026-08-16,06,浜名湖,一般,３１２　３３３１１１[２],2026-07-28,2026-08-02,11,びわこ,ＳＧ,６　６　６４３　６３３,2026-07-07,2026-07-12,02,戸田,ＧⅡ,４４１　５　３６３　１２,4852,川原 祐明,2026-09-03,2026-09-08,09,津,ＧⅠ,６６３　５　１６４　４,2026-08-22,2026-08-27,08,常滑,ＧⅢ,４２３１６５４F４　６,2026-08-11,2026-08-16,19,下関,一般,３２１　２４３１１２[６],2026-07-28,2026-08-02,15,丸亀,一般,２１４　１１２２２１[１],2026-07-15,2026-07-20,18,徳山,一般,２５１　４１５１２３２１,5267,石本 裕武,2026-09-03,2026-09-08,09,津,ＧⅠ,２　１５３　１　２　[２],2026-08-25,2026-08-30,17,宮島,一般,１２１１６１１　５１[２],2026-08-13,2026-08-18,12,住之江,一般,１１６　１２１１６４３２,2026-08-04,2026-08-09,10,三国,一般,１６４　１１１５３２[２],2026-07-21,2026-07-26,23,からつ,一般,１２１６１　５５２１[４],4074,柳沢 一,2026-09-01,2026-09-05,13,尼崎,一般,１３４２５１２３３３,2026-08-21,2026-08-26,06,浜名湖,一般,３４１１１１１　４１[２],2026-08-10,2026-08-15,08,常滑,一般,３２３５１５３１１５１３,2026-07-27,2026-08-01,09,津,一般,３４１,2026-07-15,2026-07-21,12,住之江,一般,１１１　２１４１３３２２[４]
202609131809,2026-09-13,18,09R,4239,竹田 辰也,2026-08-30,2026-09-03,08,常滑,一般,２２２１３１４１[４],2026-08-15,2026-08-20,18,徳山,一般,３３１６３４２　１５１３,2026-08-04,2026-08-09,10,三国,一般,５３１　１６３１４１[４],2026-07-22,2026-07-27,14,鳴門,一般,２４１６３　２６,2026-07-09,2026-07-13,16,児島,一般,４２３１３３１２[６],4444,桐生 順平,2026-09-03,2026-09-08,09,津,ＧⅠ,１　３２３　２２１　[５],2026-08-25,2026-08-30,01,桐生,ＳＧ,２３５　６　４１２　１３,2026-08-12,2026-08-17,02,戸田,一般,欠欠,2026-07-31,2026-08-05,05,多摩川,一般,１１２　３３１１４１[３],2026-06-23,2026-06-28,14,鳴門,ＳＧ,５　２３３　４１２　[４],4391,松田 祐季,2026-09-03,2026-09-08,09,津,ＧⅠ,６　４　３５１　５６４,2026-08-24,2026-08-28,15,丸亀,一般,５１３３１１１２[２],2026-08-14,2026-08-19,10,三国,一般,１２２３２１１　３２[５],2026-08-05,2026-08-10,09,津,一般,５１１　１１１１１１[１],2026-07-22,2026-07-27,14,鳴門,一般,２５１３１４１　２１[２],3744,徳増 秀樹,2026-09-01,2026-09-06,12,住之江,一般,５１１２４　１５４３２１,2026-08-22,2026-08-27,08,常滑,ＧⅢ,２２１　３３１５３４１３,2026-08-11,2026-08-16,06,浜名湖,一般,５２２２３　６５,2026-07-31,2026-08-05,06,浜名湖,ＧⅢ,２１６６２　５６２　４４,2026-07-19,2026-07-23,05,多摩川,一般,１６４１２１５３５１,4759,今泉 友吾,2026-09-02,2026-09-07,22,福岡,一般,３３１　３５１３１４２２,2026-08-22,2026-08-27,08,常滑,ＧⅢ,３３３２３１１５４３３１,2026-08-11,2026-08-16,04,平和島,一般,２４３　２２３１４３１５,2026-07-31,2026-08-05,05,多摩川,一般,４６３１１　１２２１[２],2026-07-13,2026-07-18,07,蒲郡,ＧⅡ,４１６　６　４３２４２,5015,高橋 竜矢,2026-09-03,2026-09-08,09,津,ＧⅠ,５　２２４　１　６　１５,2026-08-26,2026-08-30,14,鳴門,一般,２３１４１３３１[４],2026-08-14,2026-08-19,17,宮島,一般,２５３５２１１　１２[２],2026-08-04,2026-08-09,10,三国,一般,３３５５１１２　１５３２,2026-07-21,2026-07-26,23,からつ,一般,２５４　１６６２
202609131810,2026-09-13,18,10R,4851,関 浩哉,2026-09-03,2026-09-08,09,津,ＧⅠ,１１６　１２２　１　[４],2026-08-25,2026-08-30,01,桐生,ＳＧ,４１落　１２６　４　２６,2026-08-11,2026-08-16,01,桐生,一般,１６３１３　１１１　[４],2026-07-28,2026-08-02,11,びわこ,ＳＧ,５１４　３４６　２３１,2026-07-18,2026-07-21,04,平和島,一般,１４２１３１[６],4528,黒井 達矢,2026-09-03,2026-09-08,09,津,ＧⅠ,３　２５４　５　４４４５,2026-08-24,2026-08-28,15,丸亀,一般,２４１１１２４１[６],2026-08-15,2026-08-20,05,多摩川,一般,６　１１１４１４２２[５],2026-06-08,2026-06-13,13,尼崎,ＧⅠ,５２１　２　１４２　[３],2026-05-29,2026-06-02,14,鳴門,一般,１１３３１４１６１４,3942,寺田 祥,2026-08-25,2026-08-30,01,桐生,ＳＧ,６　５　１６４　６５４,2026-08-11,2026-08-16,19,下関,一般,３２１　５１５３３５５３,2026-07-25,2026-07-29,20,若松,一般,１３１　２２３１[５],2026-07-14,2026-07-19,21,芦屋,一般,３５３６１２１　２２[６],2026-06-17,2026-06-22,24,大村,ＧⅡ,２　１　５２２　２　[６],4713,白神 優,2026-09-03,2026-09-08,09,津,ＧⅠ,３　４６６　１　２５５４,2026-08-24,2026-08-29,13,尼崎,一般,３１４３３　１４３５１６,2026-08-17,2026-08-20,20,若松,一般,１５３２４３１２,2026-08-08,2026-08-13,16,児島,一般,４　５２１５３３１　１３,2026-07-22,2026-07-27,14,鳴門,一般,転５２　１５２１１２[３],3959,坪井 康晴,2026-09-03,2026-09-08,10,三国,一般,２３失　３１１２転１[２],2026-08-25,2026-08-30,01,桐生,ＳＧ,４　１２４　３　６　１４,2026-08-11,2026-08-16,06,浜名湖,一般,１　６１３１２１３１[５],2026-07-28,2026-08-02,11,びわこ,ＳＧ,２４５　５　１４２　３４,2026-07-11,2026-07-16,03,江戸川,一般,３１３　１１５,4397,西村 拓也,2026-09-03,2026-09-08,09,津,ＧⅠ,４　１６２　２　３　１１,2026-08-26,2026-08-30,14,鳴門,一般,５１２２１４１４３２,2026-08-13,2026-08-18,12,住之江,一般,１２３　１　２４２２[４],2026-08-03,2026-08-08,04,平和島,ＧⅢ,１２２３４１２　５３１１,2026-07-23,2026-07-27,01,桐生,一般,２２１１１１２１[１]
202609131811,2026-09-13,18,11R,4939,宮之原 輝紀,2026-09-03,2026-09-08,09,津,ＧⅠ,２　５１６,2026-08-25,2026-08-30,01,桐生,ＳＧ,１４５　１　３６５　２５,2026-08-15,2026-08-20,05,多摩川,一般,１　１１１１１１５１[１],2026-08-03,2026-08-08,04,平和島,ＧⅢ,１５２１１１１　６２[転],2026-07-22,2026-07-27,14,鳴門,一般,１１５　１１１３１１[１],3897,白井 英治,2026-09-03,2026-09-08,09,津,ＧⅠ,４２３　５　２１３　５１,2026-08-25,2026-08-30,01,桐生,ＳＧ,４２４　３　転３,2026-08-15,2026-08-20,18,徳山,一般,１１２４１　２１１１[１],2026-07-28,2026-08-02,11,びわこ,ＳＧ,４　５１２３３　３　２１,2026-07-18,2026-07-22,10,三国,一般,１４３４２２,4739,中村 晃朋,2026-09-03,2026-09-08,09,津,ＧⅠ,５　４F２　５　３　５,2026-08-25,2026-08-30,17,宮島,一般,４６５１５　５３６　３３,2026-08-17,2026-08-21,15,丸亀,一般,１６２１２５３１[１],2026-08-06,2026-08-09,02,戸田,一般,１　２２１２[２],2026-07-28,2026-08-02,16,児島,一般,１５２３１２１　３１[２],4537,渡邉 和将,2026-09-03,2026-09-08,09,津,ＧⅠ,４　５３６　５１２５６,2026-08-22,2026-08-27,08,常滑,ＧⅢ,３６３１３１３３１２[３],2026-08-08,2026-08-13,16,児島,一般,２１３１３２３　３１４,2026-07-29,2026-08-03,22,福岡,一般,１３２　３１２６４１[５],2026-07-20,2026-07-25,15,丸亀,一般,１６２　３２１１５１[４],4547,中田 竜太,2026-09-03,2026-09-08,09,津,ＧⅠ,１　６２６　４　１２５５,2026-08-25,2026-08-30,01,桐生,ＳＧ,５　６　１１４　１３６１,2026-08-12,2026-08-17,02,戸田,一般,１転４　２２３１３　２４,2026-07-28,2026-08-02,11,びわこ,ＳＧ,６　５　６５４　５欠,2026-07-19,2026-07-23,05,多摩川,一般,２３１１２１３２[５],4362,土屋 智則,2026-09-04,2026-09-08,07,蒲郡,一般,３４２３４１２２[５],2026-08-25,2026-08-30,01,桐生,ＳＧ,２　２　３３３　３　６１,2026-08-11,2026-08-16,01,桐生,一般,４　２２１１２　３　転２,2026-07-31,2026-08-05,05,多摩川,一般,３　３２２３４１３３１１,2026-07-21,2026-07-26,23,からつ,一般,４６１１３　４１２３６１
202609131812,2026-09-13,18,12R,3941,池田 浩二,2026-09-03,2026-09-08,09,津,ＧⅠ,６　４４３２３　３１４,2026-08-25,2026-08-30,01,桐生,ＳＧ,３　４６１１２　１　[３],2026-08-10,2026-08-15,08,常滑,一般,２１４１２３３１１１[１],2026-07-28,2026-08-02,11,びわこ,ＳＧ,２　４４５１３　６　１３,2026-07-13,2026-07-18,07,蒲郡,ＧⅡ,１　５２５３２　６　１３,4237,大峯 豊,2026-09-04,2026-09-08,07,蒲郡,一般,１２１１３２２１[１],2026-08-25,2026-08-30,01,桐生,ＳＧ,４５３　３　６３３　５,2026-08-15,2026-08-20,18,徳山,一般,３１２１２１１　１２６,2026-08-07,2026-08-11,15,丸亀,一般,２３１１５３３３２１,2026-07-07,2026-07-12,02,戸田,ＧⅡ,３１２　１　２３１　[１],4168,石野 貴之,2026-09-03,2026-09-08,10,三国,一般,１４３　１１１２３１[１],2026-08-25,2026-08-30,17,宮島,一般,１１２５３　１６２４２１,2026-08-13,2026-08-18,12,住之江,一般,４　１６１　２１２６２４,2026-07-25,2026-07-29,20,若松,一般,１６２１５　２６１５,2026-07-13,2026-07-18,07,蒲郡,ＧⅡ,４２１　６　３６１２４,4205,山口 剛,2026-09-03,2026-09-08,09,津,ＧⅠ,２　４６６４４　５　４,2026-08-25,2026-08-30,01,桐生,ＳＧ,３６６　３２１　４　２５,2026-08-14,2026-08-19,17,宮島,一般,１１１　２２１１２１[１],2026-07-28,2026-08-02,11,びわこ,ＳＧ,転４２　５　１６エ　５,2026-07-07,2026-07-12,02,戸田,ＧⅡ,５３１　２エ４　３　５１,4013,中島 孝平,2026-09-03,2026-09-08,09,津,ＧⅠ,５　６　４３４３５１４,2026-08-25,2026-08-30,01,桐生,ＳＧ,２４４　３　１５５　３６,2026-08-14,2026-08-19,10,三国,一般,４１２４１　２１３１[１],2026-07-31,2026-08-04,13,尼崎,一般,２１２１３１２１[１],2026-06-23,2026-06-28,14,鳴門,ＳＧ,２５６　３　５２５　５,4445,宮地 元輝,2026-09-03,2026-09-08,09,津,ＧⅠ,１　４　４４３４１５１,2026-08-25,2026-08-30,01,桐生,ＳＧ,６　４１２　１　６　２６,2026-08-09,2026-08-14,23,からつ,一般,１６３１３　１転３４２２,2026-07-31,2026-08-03,20,若松,一般,１４１４２１[１],2026-06-23,2026-06-28,14,鳴門,ＳＧ,６　２２３　１２３　４１
202609131901,2026-09-13,19,01R,4226,村田 浩司,2026-08-30,2026-09-02,21,芦屋,一般,５　５３３１２５,2026-08-15,2026-08-20,18,徳山,一般,６　６１３　６６６　２６,2026-08-04,2026-08-09,10,三国,一般,４１５　４５６　５６４６,2026-07-22,2026-07-27,14,鳴門,一般,５　４６６,2026-07-10,2026-07-13,19,下関,一般,１６１　６６４５,3912,川原 正明,2026-08-28,2026-09-02,05,多摩川,ＧⅢ,３　３２５４４　６２１３,2026-08-17,2026-08-20,20,若松,一般,１　１３２６６１,2026-08-03,2026-08-08,04,平和島,ＧⅢ,２４１　２５６　１６５,2026-07-22,2026-07-26,13,尼崎,一般,２５１　６４１　１５,2026-07-09,2026-07-13,16,児島,一般,５１５１２　１３１４,4548,篠木 亜衣花,2026-08-25,2026-08-30,09,津,一般,５　４５５　５３６　２３,2026-07-31,2026-08-05,05,多摩川,一般,４３５　６６６　２　２３,2026-06-18,2026-06-23,02,戸田,一般,６　５６５　５６,2026-05-30,2026-06-03,12,住之江,一般,４　５F５　６　６,2026-04-01,2026-04-06,22,福岡,一般,５５４　６　４　４５２,4978,山田 和佐,2026-08-25,2026-08-30,09,津,一般,４１１　４　４F３　２,2026-08-14,2026-08-19,17,宮島,一般,１　３３４　１４４３[６],2026-08-03,2026-08-08,04,平和島,ＧⅢ,３　３６３　３欠,2026-07-21,2026-07-26,23,からつ,一般,２４４　４　１１４６１６,2026-07-07,2026-07-12,20,若松,ＧⅢ,４　１５５５３　４　４２,3742,宮地 秀祈,2026-08-30,2026-09-02,21,芦屋,一般,３　１４３５３３,2026-08-17,2026-08-20,20,若松,一般,２６４　６４２２,2026-07-31,2026-08-05,06,浜名湖,ＧⅢ,５３２　１３２３２４４３,2026-07-15,2026-07-20,18,徳山,一般,５　１１２　２５４４２２,2026-07-03,2026-07-06,09,津,一般,１４４６５　４,4054,福嶋 智之,2026-08-21,2026-08-24,07,蒲郡,一般,５６３　２転３５,2026-08-08,2026-08-13,16,児島,一般,４転６　４　１４３　２５,2026-07-24,2026-07-27,02,戸田,一般,６４５　１　３４,2026-07-11,2026-07-16,03,江戸川,一般,４６３　３３１３５　４,2026-06-30,2026-07-04,19,下関,一般,１　６２４６２６５４
202609131902,2026-09-13,19,02R,3606,川北 浩貴,2026-08-28,2026-08-31,23,からつ,一般,５　４３３３４２,2026-08-15,2026-08-20,11,びわこ,一般,４４４　２５２　６２１,2026-08-03,2026-08-08,17,宮島,一般,５　６４２　５４３４４,2026-07-24,2026-07-27,06,浜名湖,一般,３１４　２１[４],2026-07-07,2026-07-12,08,常滑,一般,４　１４２３４５５　５４,3572,安田 政彦,2026-08-27,2026-09-01,07,蒲郡,一般,３　３６１５６　４　１２,2026-08-17,2026-08-21,13,尼崎,一般,４F４　２　２　５,2026-08-05,2026-08-10,14,鳴門,一般,６６４　１４１　５２２,2026-07-22,2026-07-26,13,尼崎,一般,１　６１２　４４エ欠,2026-07-07,2026-07-12,20,若松,ＧⅢ,２　２３４２３　２６５６,3455,谷本 幸司,2026-08-27,2026-08-31,04,平和島,一般,２　４２１５２６２１,2026-08-14,2026-08-19,10,三国,一般,６４３　５３３　４４F,2026-08-03,2026-08-08,17,宮島,一般,３６５　４５５　１３転５,2026-07-24,2026-07-27,02,戸田,一般,２６１５３　４６,2026-07-12,2026-07-16,05,多摩川,一般,５　２２５５５　３５,4339,平瀬 城啓,2026-08-27,2026-08-31,04,平和島,一般,６６６　３　４２６６,2026-08-14,2026-08-19,10,三国,一般,５５３　３１３　５１５４,2026-08-05,2026-08-10,09,津,一般,１　４４３２５　３６１４,2026-07-22,2026-07-26,13,尼崎,一般,４　４　５４３３４４,2026-07-09,2026-07-13,14,鳴門,一般,４　５６６　６４５,4300,加藤 綾,2026-08-25,2026-08-30,09,津,一般,１２５　５３２　４５１５,2026-08-12,2026-08-17,24,大村,ＧⅢ,２２３　３２３　２４１３,2026-07-31,2026-08-05,01,桐生,ＧⅢ,１５３６５　３　３２５,2026-07-10,2026-07-15,06,浜名湖,一般,１４２　５５６　１６５,2026-06-18,2026-06-23,02,戸田,一般,６３２　３４５　２　１４,4159,向後 龍一,2026-09-02,2026-09-06,17,宮島,一般,２　１４１６２４１３,2026-08-22,2026-08-26,20,若松,一般,２１２　２３３２[５],2026-08-12,2026-08-17,02,戸田,一般,３　３３３　３２２　[１],2026-07-27,2026-08-01,10,三国,一般,１４４　５４２５１　３３,2026-07-17,2026-07-22,16,児島,ＧⅢ,１５５　１４３　２６４５
202609131903,2026-09-13,19,03R,3882,新田 智彰,2026-08-26,2026-08-31,11,びわこ,一般,５６１　３６５　１２３,2026-08-13,2026-08-18,12,住之江,一般,６６５　５３３　３　３,2026-07-31,2026-08-05,06,浜名湖,ＧⅢ,５５４　６１３　４　４６,2026-07-18,2026-07-21,20,若松,一般,３　６３３５５４,2026-07-02,2026-07-07,04,平和島,一般,４　６６５　３５３　５２,5212,西川 拓利,2026-09-04,2026-09-09,11,びわこ,一般,２　１２４６２３１２[２],2026-08-21,2026-08-24,07,蒲郡,一般,２５５１１１２,2026-08-10,2026-08-15,21,芦屋,一般,３４１１１５６　２２[１],2026-07-30,2026-08-04,08,常滑,一般,３１２４３５３　１４２５,2026-07-19,2026-07-24,22,福岡,ＧⅢ,６　３６６　３３２４３,4761,山田 晃大,2026-08-27,2026-09-01,07,蒲郡,一般,６４３　３　３１１４１５,2026-08-15,2026-08-20,11,びわこ,一般,５１２５２　５６１　６３,2026-08-04,2026-08-09,12,住之江,一般,１　３１１　１３６２[１],2026-07-28,2026-07-31,24,大村,一般,５１３　１　３４,2026-07-12,2026-07-16,05,多摩川,一般,５５５　１２５　６４,3212,亀本 勇樹,2026-08-26,2026-08-31,11,びわこ,一般,４　F２４　６　３　５,2026-08-14,2026-08-19,17,宮島,一般,５　１５４　４２２４３,2026-08-05,2026-08-10,09,津,一般,４　５４４　４４,2026-07-20,2026-07-25,15,丸亀,一般,６　５６５　４欠,2026-07-10,2026-07-13,19,下関,一般,６　４４６５１,5217,藤原 碧生,2026-09-03,2026-09-06,02,戸田,一般,６４１４４２１３,2026-08-26,2026-08-30,14,鳴門,一般,３５１３３１２２[５],2026-07-19,2026-07-24,22,福岡,ＧⅢ,５　２４４　４５２１６５,2026-07-10,2026-07-14,09,津,一般,２５３　２５５４３２,2026-06-30,2026-07-05,16,児島,ＧⅡ,２５F　６　６５２　６,5409,宮本 琉正,2026-08-12,2026-08-17,22,福岡,一般,６　４６５　６６６４５,2026-08-02,2026-08-05,21,芦屋,一般,５　１３２６２１,2026-07-18,2026-07-21,20,若松,一般,　　　　　　６５,2026-07-10,2026-07-15,22,福岡,一般,５　３６４　６５６　６６,2026-06-25,2026-06-29,21,芦屋,一般,５　４６６　６４５
202609131904,2026-09-13,19,04R,3741,松尾 基成,2026-08-30,2026-09-02,21,芦屋,一般,１　６５３６６６,2026-08-15,2026-08-20,18,徳山,一般,６　６５２　５２５　５５,2026-07-29,2026-08-03,22,福岡,一般,３６６　５６,2026-07-15,2026-07-21,12,住之江,一般,６　６６４,2026-07-04,2026-07-09,01,桐生,一般,４　３２４５４　５５２４,5013,山下 夏鈴,2026-08-24,2026-08-29,13,尼崎,一般,２　１４２４３　５５１５,2026-07-18,2026-07-23,09,津,ＧⅢ,５　６４５　２　６４４４,2026-07-07,2026-07-12,11,びわこ,一般,４　１１１６２２１３３１,2026-06-18,2026-06-23,02,戸田,一般,４４６　１４３　６１２,2026-06-06,2026-06-10,24,大村,一般,１　１４６３１４１F,4276,鈴木 勝博,2026-08-22,2026-08-27,22,福岡,一般,１２２１１２２　４１[１],2026-08-10,2026-08-15,08,常滑,一般,５６６,2026-07-24,2026-07-29,17,宮島,一般,１４３６１　４１４６１１,2026-07-13,2026-07-18,07,蒲郡,ＧⅡ,４　５　５６４５１　２,2026-07-05,2026-07-09,24,大村,一般,３　５５３２,3361,岡部 浩,2026-08-29,2026-09-03,16,児島,一般,４　１５６　３５５６４,2026-08-17,2026-08-20,20,若松,一般,５４２５４　２欠,2026-08-05,2026-08-10,14,鳴門,一般,２１４　５１３　１５５５,2026-07-18,2026-07-21,04,平和島,一般,４　６６５５１,2026-07-04,2026-07-09,18,徳山,一般,５６４　５６６　３　５６,3717,立間 充宏,2026-08-20,2026-08-23,04,平和島,一般,６２４　４４５,2026-08-08,2026-08-13,16,児島,一般,２３１　２４２５２２[５],2026-07-23,2026-07-27,01,桐生,一般,２　３３１１３６３６,2026-07-13,2026-07-18,07,蒲郡,ＧⅡ,４　５　４６４　１２２２,2026-07-03,2026-07-06,09,津,一般,４４２　２６４４,3898,平田 忠則,2026-09-01,2026-09-05,13,尼崎,一般,１２２１１２２１[１],2026-08-22,2026-08-26,20,若松,一般,２２１　３１１１[２],2026-08-12,2026-08-17,22,福岡,一般,１３２６１１２　２２[３],2026-08-03,2026-08-08,04,平和島,ＧⅢ,１１１３１　２１４１[１],2026-07-23,2026-07-28,21,芦屋,一般,１２１１６　１２３１[２]
202609131905,2026-09-13,19,05R,4857,加藤 翔馬,2026-09-03,2026-09-08,09,津,ＧⅠ,６５３　４　１５３３２,2026-08-21,2026-08-26,03,江戸川,一般,１３４　３１２　１１２３,2026-08-09,2026-08-14,13,尼崎,一般,６３４１２　２３６　落不,2026-07-29,2026-08-03,23,からつ,一般,２４１　１３１１５１[５],2026-07-19,2026-07-24,22,福岡,ＧⅢ,４１６　１５２　３　１２,4113,木村 浩士,2026-08-28,2026-09-02,05,多摩川,ＧⅢ,　　　　　　　　５３５エ,2026-08-22,2026-08-26,20,若松,一般,６　４４４　３１５２,2026-08-11,2026-08-16,01,桐生,一般,４４４　３　５４６　３６,2026-08-03,2026-08-08,04,平和島,ＧⅢ,１１４　６４１　４４２５,2026-07-27,2026-08-01,09,津,一般,２３６,3616,中村 真,2026-08-05,2026-08-10,14,鳴門,一般,５４６　４６５　４　１３,2026-07-23,2026-07-28,21,芦屋,一般,３３１　２２２３３３４６,2026-07-07,2026-07-12,10,三国,ＧⅢ,３　３６５５６　５　３,2026-06-25,2026-06-30,01,桐生,ＧⅢ,２４５　６５３　４　３１,2026-06-09,2026-06-13,07,蒲郡,一般,４３６　６２２　２２,4015,前野 竜一,2026-08-30,2026-09-02,21,芦屋,一般,３１２２F４４,2026-08-15,2026-08-20,18,徳山,一般,１２３５３　３４２５１４,2026-08-07,2026-08-11,15,丸亀,一般,５５４５２５４　３２,2026-07-24,2026-07-27,12,住之江,一般,３　１４３６２４,2026-07-15,2026-07-19,17,宮島,一般,３　３３１２２２[５],4900,中田 夕貴,2026-09-06,2026-09-11,14,鳴門,一般,４　２５２５１　５３２,2026-08-30,2026-09-04,06,浜名湖,ＧⅢ,３　１２２４１２５６１６,2026-08-12,2026-08-17,02,戸田,一般,６１６　２５６　４６５４,2026-07-31,2026-08-04,13,尼崎,一般,１６３　４４２　３２,2026-06-18,2026-06-23,02,戸田,一般,３２３６１　１５１５１１,5451,知念 伶奈,2026-08-09,2026-08-14,23,からつ,一般,６６６　６６６　６６６,2026-07-18,2026-07-21,20,若松,一般,６　５６６　６６,2026-06-03,2026-06-08,21,芦屋,一般,６　６６６　６　６６２,2026-05-01,2026-05-06,23,からつ,一般,６　F６６　６　５　５,,,,,,
202609131906,2026-09-13,19,06R,3742,宮地 秀祈,2026-08-30,2026-09-02,21,芦屋,一般,３　１４３５３３,2026-08-17,2026-08-20,20,若松,一般,２６４　６４２２,2026-07-31,2026-08-05,06,浜名湖,ＧⅢ,５３２　１３２３２４４３,2026-07-15,2026-07-20,18,徳山,一般,５　１１２　２５４４２２,2026-07-03,2026-07-06,09,津,一般,１４４６５　４,3070,山室 展弘,2026-06-15,2026-06-20,21,芦屋,一般,６６６　５,2026-05-27,2026-06-01,08,常滑,一般,５６３　２１１　２４１６,2026-04-27,2026-05-02,18,徳山,一般,５,2026-04-10,2026-04-15,17,宮島,一般,４６１３１１３　１５２２,2026-03-26,2026-03-31,19,下関,一般,３　４５１　２１３　１６,5064,品川 二千翔,2026-09-04,2026-09-08,07,蒲郡,一般,３１２　４１１２[３],2026-08-26,2026-08-31,11,びわこ,一般,３４１　２１３１３２[３],2026-08-11,2026-08-16,19,下関,一般,４２１５４　３２５３３４,2026-07-19,2026-07-24,22,福岡,ＧⅢ,５１６　４　２５３１３５,2026-07-11,2026-07-14,04,平和島,一般,３１１１１　[１],4383,竹田 吉行,2026-08-30,2026-09-02,21,芦屋,一般,３　４６３２１４,2026-08-17,2026-08-21,13,尼崎,一般,３６６　３５４　２,2026-08-05,2026-08-10,14,鳴門,一般,５　４２３３４１５４３,2026-07-29,2026-08-01,18,徳山,一般,４４４　２　２４,2026-06-22,2026-06-27,22,福岡,一般,５４２２１　１４４３２１,4339,平瀬 城啓,2026-08-27,2026-08-31,04,平和島,一般,６６６　３　４２６６,2026-08-14,2026-08-19,10,三国,一般,５５３　３１３　５１５４,2026-08-05,2026-08-10,09,津,一般,１　４４３２５　３６１４,2026-07-22,2026-07-26,13,尼崎,一般,４　４　５４３３４４,2026-07-09,2026-07-13,14,鳴門,一般,４　５６６　６４５,4700,金子 和之,2026-09-01,2026-09-06,12,住之江,一般,３　４２４　１３２４１３,2026-08-21,2026-08-26,06,浜名湖,一般,１４３　３３３２５４３２,2026-08-08,2026-08-11,05,多摩川,一般,４１１　４４２１,2026-07-27,2026-08-01,09,津,一般,４２２,2026-07-18,2026-07-21,20,若松,一般,４５２　１４２１
202609131907,2026-09-13,19,07R,4099,吉永 則雄,2026-08-29,2026-09-03,16,児島,一般,４１３６５　２５１　５５,2026-08-17,2026-08-20,20,若松,一般,１　３５１６１５,2026-08-05,2026-08-10,09,津,一般,２２２３５　３　４２[５],2026-07-22,2026-07-27,14,鳴門,一般,２３３３４　１４２　３２,2026-07-10,2026-07-15,23,からつ,一般,６６３　５６,5355,萩原 丈太朗,2026-08-24,2026-08-29,13,尼崎,一般,６　５１１５３　６５１６,2026-08-14,2026-08-19,10,三国,一般,５５５　６６５　５　３５,2026-08-02,2026-08-05,21,芦屋,一般,４　６６４　６２,2026-07-18,2026-07-22,10,三国,一般,４５６　６　６６５,2026-07-03,2026-07-08,12,住之江,一般,６６５　４６５　５　６,5210,藤井 公人,2026-09-04,2026-09-09,11,びわこ,一般,５F３　３　４　３　５,2026-08-21,2026-08-26,03,江戸川,一般,１　５４３３４　１２３５,2026-08-10,2026-08-15,21,芦屋,一般,６６１　３　２１落欠,2026-07-22,2026-07-26,08,常滑,一般,２５１　４５２４１２,2026-07-10,2026-07-15,22,福岡,一般,６４３　１３１１１３３５,4226,村田 浩司,2026-08-30,2026-09-02,21,芦屋,一般,５　５３３１２５,2026-08-15,2026-08-20,18,徳山,一般,６　６１３　６６６　２６,2026-08-04,2026-08-09,10,三国,一般,４１５　４５６　５６４６,2026-07-22,2026-07-27,14,鳴門,一般,５　４６６,2026-07-10,2026-07-13,19,下関,一般,１６１　６６４５,4292,麻生 慎介,2026-08-30,2026-09-02,21,芦屋,一般,３４４３４　１１,2026-08-14,2026-08-19,17,宮島,一般,２　１３４６２２１３２１,2026-08-06,2026-08-09,02,戸田,一般,１２３５２F３,2026-07-29,2026-08-01,18,徳山,一般,１２３５２４２１,2026-07-16,2026-07-21,11,びわこ,一般,３３１２４　３６４３２３,3455,谷本 幸司,2026-08-27,2026-08-31,04,平和島,一般,２　４２１５２６２１,2026-08-14,2026-08-19,10,三国,一般,６４３　５３３　４４F,2026-08-03,2026-08-08,17,宮島,一般,３６５　４５５　１３転５,2026-07-24,2026-07-27,02,戸田,一般,２６１５３　４６,2026-07-12,2026-07-16,05,多摩川,一般,５　２２５５５　３５
202609131908,2026-09-13,19,08R,5111,三村 岳人,2026-09-03,2026-09-06,02,戸田,一般,１　１１４３[６],2026-08-22,2026-08-26,20,若松,一般,５２６　４１４　３４,2026-08-08,2026-08-13,16,児島,一般,６　２６２　２２１５１１,2026-07-29,2026-08-03,23,からつ,一般,５６５　４１５　１　１１,2026-07-22,2026-07-25,24,大村,一般,３　３１２３５１,5216,長谷川 晴哉,2026-09-04,2026-09-09,11,びわこ,一般,３１１　１４１４２３４４,2026-08-21,2026-08-24,07,蒲郡,一般,２２２１４６１２,2026-08-11,2026-08-16,01,桐生,一般,３　１３１４３　２　[５],2026-07-31,2026-08-05,05,多摩川,一般,６５４４１４２　５　６５,2026-07-18,2026-07-23,09,津,ＧⅢ,２２４　４　１６６　６３,4978,山田 和佐,2026-08-25,2026-08-30,09,津,一般,４１１　４　４F３　２,2026-08-14,2026-08-19,17,宮島,一般,１　３３４　１４４３[６],2026-08-03,2026-08-08,04,平和島,ＧⅢ,３　３６３　３欠,2026-07-21,2026-07-26,23,からつ,一般,２４４　４　１１４６１６,2026-07-07,2026-07-12,20,若松,ＧⅢ,４　１５５５３　４　４２,3882,新田 智彰,2026-08-26,2026-08-31,11,びわこ,一般,５６１　３６５　１２３,2026-08-13,2026-08-18,12,住之江,一般,６６５　５３３　３　３,2026-07-31,2026-08-05,06,浜名湖,ＧⅢ,５５４　６１３　４　４６,2026-07-18,2026-07-21,20,若松,一般,３　６３３５５４,2026-07-02,2026-07-07,04,平和島,一般,４　６６５　３５３　５２,5412,久保田 凪紗,2026-08-09,2026-08-14,23,からつ,一般,６２６　５５６　６４６,2026-07-25,2026-07-29,20,若松,一般,４　５５５６５　転６,2026-07-18,2026-07-21,20,若松,一般,４６５６６　６,2026-06-26,2026-07-01,17,宮島,一般,６５６　６５５　４６６,2026-06-21,2026-06-24,19,下関,一般,６　５６６　６５,3572,安田 政彦,2026-08-27,2026-09-01,07,蒲郡,一般,３　３６１５６　４　１２,2026-08-17,2026-08-21,13,尼崎,一般,４F４　２　２　５,2026-08-05,2026-08-10,14,鳴門,一般,６６４　１４１　５２２,2026-07-22,2026-07-26,13,尼崎,一般,１　６１２　４４エ欠,2026-07-07,2026-07-12,20,若松,ＧⅢ,２　２３４２３　２６５６
202609131909,2026-09-13,19,09R,5281,井上 遥妃,2026-08-06,2026-08-11,18,徳山,ＧⅠ,２　２４４　４　１４６,2026-07-19,2026-07-24,22,福岡,ＧⅢ,１５４　１２３　４　１４,2026-07-07,2026-07-12,11,びわこ,一般,５２１１５１３５２５１２,2026-06-24,2026-06-29,12,住之江,一般,２６４　１１１　２３２１,2026-06-15,2026-06-20,21,芦屋,一般,４６１１２　２６２６１５,4300,加藤 綾,2026-08-25,2026-08-30,09,津,一般,１２５　５３２　４５１５,2026-08-12,2026-08-17,24,大村,ＧⅢ,２２３　３２３　２４１３,2026-07-31,2026-08-05,01,桐生,ＧⅢ,１５３６５　３　３２５,2026-07-10,2026-07-15,06,浜名湖,一般,１４２　５５６　１６５,2026-06-18,2026-06-23,02,戸田,一般,６３２　３４５　２　１４,4900,中田 夕貴,2026-09-06,2026-09-11,14,鳴門,一般,４　２５２５１　５３２,2026-08-30,2026-09-04,06,浜名湖,ＧⅢ,３　１２２４１２５６１６,2026-08-12,2026-08-17,02,戸田,一般,６１６　２５６　４６５４,2026-07-31,2026-08-04,13,尼崎,一般,１６３　４４２　３２,2026-06-18,2026-06-23,02,戸田,一般,３２３６１　１５１５１１,5013,山下 夏鈴,2026-08-24,2026-08-29,13,尼崎,一般,２　１４２４３　５５１５,2026-07-18,2026-07-23,09,津,ＧⅢ,５　６４５　２　６４４４,2026-07-07,2026-07-12,11,びわこ,一般,４　１１１６２２１３３１,2026-06-18,2026-06-23,02,戸田,一般,４４６　１４３　６１２,2026-06-06,2026-06-10,24,大村,一般,１　１４６３１４１F,5227,川原 愛未,2026-08-24,2026-08-29,10,三国,一般,５　４５２　３　４３２３,2026-07-23,2026-07-28,21,芦屋,一般,６５３　６　５５５　６１,2026-07-05,2026-07-09,24,大村,一般,６４５　６１５　６５,2026-06-18,2026-06-21,20,若松,一般,６６６１６　６,2025-09-20,2025-09-24,19,下関,一般,転　５５６　６　２４,4994,山本 梨菜,2026-08-30,2026-09-04,06,浜名湖,ＧⅢ,３２転４４　１３２　５４,2026-08-18,2026-08-23,16,児島,一般,２１２１３　５４３F２,2026-08-06,2026-08-11,18,徳山,ＧⅠ,５　３１５　エ　６２４,2026-07-28,2026-08-02,15,丸亀,一般,４２５３４５４　１　５,2026-07-19,2026-07-24,22,福岡,ＧⅢ,３５転　２　４２３３４５
202609131910,2026-09-13,19,10R,3717,立間 充宏,2026-08-20,2026-08-23,04,平和島,一般,６２４　４４５,2026-08-08,2026-08-13,16,児島,一般,２３１　２４２５２２[５],2026-07-23,2026-07-27,01,桐生,一般,２　３３１１３６３６,2026-07-13,2026-07-18,07,蒲郡,ＧⅡ,４　５　４６４　１２２２,2026-07-03,2026-07-06,09,津,一般,４４２　２６４４,4159,向後 龍一,2026-09-02,2026-09-06,17,宮島,一般,２　１４１６２４１３,2026-08-22,2026-08-26,20,若松,一般,２１２　２３３２[５],2026-08-12,2026-08-17,02,戸田,一般,３　３３３　３２２　[１],2026-07-27,2026-08-01,10,三国,一般,１４４　５４２５１　３３,2026-07-17,2026-07-22,16,児島,ＧⅢ,１５５　１４３　２６４５,4383,竹田 吉行,2026-08-30,2026-09-02,21,芦屋,一般,３　４６３２１４,2026-08-17,2026-08-21,13,尼崎,一般,３６６　３５４　２,2026-08-05,2026-08-10,14,鳴門,一般,５　４２３３４１５４３,2026-07-29,2026-08-01,18,徳山,一般,４４４　２　２４,2026-06-22,2026-06-27,22,福岡,一般,５４２２１　１４４３２１,4054,福嶋 智之,2026-08-21,2026-08-24,07,蒲郡,一般,５６３　２転３５,2026-08-08,2026-08-13,16,児島,一般,４転６　４　１４３　２５,2026-07-24,2026-07-27,02,戸田,一般,６４５　１　３４,2026-07-11,2026-07-16,03,江戸川,一般,４６３　３３１３５　４,2026-06-30,2026-07-04,19,下関,一般,１　６２４６２６５４,4113,木村 浩士,2026-08-28,2026-09-02,05,多摩川,ＧⅢ,　　　　　　　　５３５エ,2026-08-22,2026-08-26,20,若松,一般,６　４４４　３１５２,2026-08-11,2026-08-16,01,桐生,一般,４４４　３　５４６　３６,2026-08-03,2026-08-08,04,平和島,ＧⅢ,１１４　６４１　４４２５,2026-07-27,2026-08-01,09,津,一般,２３６,4761,山田 晃大,2026-08-27,2026-09-01,07,蒲郡,一般,６４３　３　３１１４１５,2026-08-15,2026-08-20,11,びわこ,一般,５１２５２　５６１　６３,2026-08-04,2026-08-09,12,住之江,一般,１　３１１　１３６２[１],2026-07-28,2026-07-31,24,大村,一般,５１３　１　３４,2026-07-12,2026-07-16,05,多摩川,一般,５５５　１２５　６４
202609131911,2026-09-13,19,11R,4015,前野 竜一,2026-08-30,2026-09-02,21,芦屋,一般,３１２２F４４,2026-08-15,2026-08-20,18,徳山,一般,１２３５３　３４２５１４,2026-08-07,2026-08-11,15,丸亀,一般,５５４５２５４　３２,2026-07-24,2026-07-27,12,住之江,一般,３　１４３６２４,2026-07-15,2026-07-19,17,宮島,一般,３　３３１２２２[５],4700,金子 和之,2026-09-01,2026-09-06,12,住之江,一般,３　４２４　１３２４１３,2026-08-21,2026-08-26,06,浜名湖,一般,１４３　３３３２５４３２,2026-08-08,2026-08-11,05,多摩川,一般,４１１　４４２１,2026-07-27,2026-08-01,09,津,一般,４２２,2026-07-18,2026-07-21,20,若松,一般,４５２　１４２１,3606,川北 浩貴,2026-08-28,2026-08-31,23,からつ,一般,５　４３３３４２,2026-08-15,2026-08-20,11,びわこ,一般,４４４　２５２　６２１,2026-08-03,2026-08-08,17,宮島,一般,５　６４２　５４３４４,2026-07-24,2026-07-27,06,浜名湖,一般,３１４　２１[４],2026-07-07,2026-07-12,08,常滑,一般,４　１４２３４５５　５４,4099,吉永 則雄,2026-08-29,2026-09-03,16,児島,一般,４１３６５　２５１　５５,2026-08-17,2026-08-20,20,若松,一般,１　３５１６１５,2026-08-05,2026-08-10,09,津,一般,２２２３５　３　４２[５],2026-07-22,2026-07-27,14,鳴門,一般,２３３３４　１４２　３２,2026-07-10,2026-07-15,23,からつ,一般,６６３　５６,3912,川原 正明,2026-08-28,2026-09-02,05,多摩川,ＧⅢ,３　３２５４４　６２１３,2026-08-17,2026-08-20,20,若松,一般,１　１３２６６１,2026-08-03,2026-08-08,04,平和島,ＧⅢ,２４１　２５６　１６５,2026-07-22,2026-07-26,13,尼崎,一般,２５１　６４１　１５,2026-07-09,2026-07-13,16,児島,一般,５１５１２　１３１４,5212,西川 拓利,2026-09-04,2026-09-09,11,びわこ,一般,２　１２４６２３１２[２],2026-08-21,2026-08-24,07,蒲郡,一般,２５５１１１２,2026-08-10,2026-08-15,21,芦屋,一般,３４１１１５６　２２[１],2026-07-30,2026-08-04,08,常滑,一般,３１２４３５３　１４２５,2026-07-19,2026-07-24,22,福岡,ＧⅢ,６　３６６　３３２４３
202609131912,2026-09-13,19,12R,5217,藤原 碧生,2026-09-03,2026-09-06,02,戸田,一般,６４１４４２１３,2026-08-26,2026-08-30,14,鳴門,一般,３５１３３１２２[５],2026-07-19,2026-07-24,22,福岡,ＧⅢ,５　２４４　４５２１６５,2026-07-10,2026-07-14,09,津,一般,２５３　２５５４３２,2026-06-30,2026-07-05,16,児島,ＧⅡ,２５F　６　６５２　６,3898,平田 忠則,2026-09-01,2026-09-05,13,尼崎,一般,１２２１１２２１[１],2026-08-22,2026-08-26,20,若松,一般,２２１　３１１１[２],2026-08-12,2026-08-17,22,福岡,一般,１３２６１１２　２２[３],2026-08-03,2026-08-08,04,平和島,ＧⅢ,１１１３１　２１４１[１],2026-07-23,2026-07-28,21,芦屋,一般,１２１１６　１２３１[２],4292,麻生 慎介,2026-08-30,2026-09-02,21,芦屋,一般,３４４３４　１１,2026-08-14,2026-08-19,17,宮島,一般,２　１３４６２２１３２１,2026-08-06,2026-08-09,02,戸田,一般,１２３５２F３,2026-07-29,2026-08-01,18,徳山,一般,１２３５２４２１,2026-07-16,2026-07-21,11,びわこ,一般,３３１２４　３６４３２３,5064,品川 二千翔,2026-09-04,2026-09-08,07,蒲郡,一般,３１２　４１１２[３],2026-08-26,2026-08-31,11,びわこ,一般,３４１　２１３１３２[３],2026-08-11,2026-08-16,19,下関,一般,４２１５４　３２５３３４,2026-07-19,2026-07-24,22,福岡,ＧⅢ,５１６　４　２５３１３５,2026-07-11,2026-07-14,04,平和島,一般,３１１１１　[１],4857,加藤 翔馬,2026-09-03,2026-09-08,09,津,ＧⅠ,６５３　４　１５３３２,2026-08-21,2026-08-26,03,江戸川,一般,１３４　３１２　１１２３,2026-08-09,2026-08-14,13,尼崎,一般,６３４１２　２３６　落不,2026-07-29,2026-08-03,23,からつ,一般,２４１　１３１１５１[５],2026-07-19,2026-07-24,22,福岡,ＧⅢ,４１６　１５２　３　１２,5216,長谷川 晴哉,2026-09-04,2026-09-09,11,びわこ,一般,３１１　１４１４２３４４,2026-08-21,2026-08-24,07,蒲郡,一般,２２２１４６１２,2026-08-11,2026-08-16,01,桐生,一般,３　１３１４３　２　[５],2026-07-31,2026-08-05,05,多摩川,一般,６５４４１４２　５　６５,2026-07-18,2026-07-23,09,津,ＧⅢ,２２４　４　１６６　６３
202609132001,2026-09-13,20,01R,5014,梶山 涼斗,2026-08-03,2026-08-08,17,宮島,一般,６　２４４　４６５２３,2026-07-22,2026-07-26,13,尼崎,一般,６５６　６６６　２,2026-06-30,2026-07-05,23,からつ,一般,１２５　F６５　５　５,2026-06-17,2026-06-20,07,蒲郡,一般,３５２　１１４４,2026-05-30,2026-06-03,12,住之江,一般,転６４　３　２　３６,4085,荻野 裕介,2026-08-28,2026-09-02,05,多摩川,ＧⅢ,５　２４,2026-08-16,2026-08-19,14,鳴門,一般,１　３５１１[３],2026-08-03,2026-08-08,04,平和島,ＧⅢ,２　４　５５５６５　５,2026-07-21,2026-07-26,23,からつ,一般,４５２　２　５５３　２,2026-07-07,2026-07-12,08,常滑,一般,６６２　４　１１４３４１,4462,夏山 亮平,2026-08-26,2026-08-30,14,鳴門,一般,５　２２５５５　６３,2026-07-16,2026-07-21,11,びわこ,一般,３１１　５６６６４　２３,2026-07-05,2026-07-09,05,多摩川,一般,２　１２２３５１[３],2026-06-24,2026-06-28,04,平和島,一般,２５３　６４２６,2026-05-26,2026-05-31,15,丸亀,ＧⅢ,６５３　１６６　５６５,4204,柴田 大輔,2026-08-22,2026-08-27,08,常滑,ＧⅢ,５　５５６,2026-08-07,2026-08-12,20,若松,一般,１　５３４３１１３６３５,2026-07-23,2026-07-28,03,江戸川,ＧⅢ,２　５５６　２４５５３１,2026-07-10,2026-07-15,22,福岡,一般,２３４　５６４　６６１,2026-06-29,2026-07-03,11,びわこ,一般,２１１　１４２３３１,4396,大田 直弥,2026-08-30,2026-09-02,21,芦屋,一般,４　５４４４５４,2026-08-15,2026-08-20,18,徳山,一般,５３４　６　６４３　２６,2026-08-03,2026-08-08,17,宮島,一般,６　３５１　６２４４５,2026-07-22,2026-07-26,13,尼崎,一般,３６４　３４６　２,2026-07-10,2026-07-13,19,下関,一般,４４２６２　４３,5429,吉川 颯汰,2026-08-20,2026-08-23,23,からつ,一般,６６６　６６６,2026-07-28,2026-08-02,15,丸亀,一般,６６５　６　６５６　６,2026-07-02,2026-07-06,21,芦屋,一般,６　６３６　転　転６,2026-06-22,2026-06-27,22,福岡,一般,６　６６６　６６６６６,2026-05-10,2026-05-14,23,からつ,一般,６５６　６　６６６６
202609132002,2026-09-13,20,02R,5248,本田 愛,2026-08-30,2026-09-04,06,浜名湖,ＧⅢ,３　１１５　１２２２[３],2026-08-11,2026-08-16,06,浜名湖,一般,２　３６２　２２１転６,2026-07-23,2026-07-28,21,芦屋,一般,６　６６４　６２５３３１,2026-07-10,2026-07-15,06,浜名湖,一般,４５３　１４１　１５１２,2026-06-21,2026-06-26,16,児島,一般,３　２５２　６６２　５１,4034,西原 明生,2026-08-24,2026-08-28,15,丸亀,一般,２　４６６　６　２６,2026-08-11,2026-08-16,19,下関,一般,３４５　２４２４４　２,2026-07-29,2026-08-01,18,徳山,一般,４５５　２２５,2026-07-14,2026-07-19,21,芦屋,一般,２　４５５６４　５　３１,2026-06-29,2026-07-04,08,常滑,一般,６　４５２　１３４５４,4873,蒲原 健太,2026-08-31,2026-09-05,18,徳山,一般,４　４４２　２６１　１６,2026-08-24,2026-08-28,15,丸亀,一般,６　３１６　５６５３,2026-08-14,2026-08-19,17,宮島,一般,転　２６５　５６３　１４,2026-07-29,2026-08-03,23,からつ,一般,２１４　２１５　３４２６,2026-07-18,2026-07-21,04,平和島,一般,６　１２２６６３,4551,三川 昂暁,2026-08-28,2026-08-31,23,からつ,一般,６３４１１５５４,2026-08-20,2026-08-23,02,戸田,一般,１１４　３３F１,2026-08-10,2026-08-15,21,芦屋,一般,６３５４４　２２５　２３,2026-07-23,2026-07-27,01,桐生,一般,３１１１５３４５１２,2026-07-10,2026-07-15,22,福岡,一般,５５６４１　５４３　４１,3999,大瀧 明日香,2026-08-24,2026-08-29,13,尼崎,一般,３６３　１２４　２６４３,2026-08-10,2026-08-15,08,常滑,一般,１２１２４３２　４２[６],2026-07-03,2026-07-08,12,住之江,一般,２２４　４　１落２３１５,2026-06-21,2026-06-26,16,児島,一般,１５１　６５１５４４２６,2026-06-12,2026-06-17,22,福岡,ＧⅢ,１６２４３　２５１４４,4600,井内 将太郎,2026-08-30,2026-09-02,21,芦屋,一般,５６２６１　２４,2026-07-24,2026-07-29,17,宮島,一般,３１１　２６１１３１[４],2026-06-17,2026-06-22,24,大村,ＧⅡ,１４６　２　F４６　５,2026-06-05,2026-06-10,18,徳山,一般,１３４２５　１２１２[５],2026-05-19,2026-05-23,16,児島,一般,１６６３１２１１[６]
202609132003,2026-09-13,20,03R,4484,稲生 夏季,2026-08-30,2026-09-04,06,浜名湖,ＧⅢ,４　３３２４２　１５３５,2026-08-11,2026-08-16,04,平和島,一般,２６６　５　４５３　４３,2026-07-19,2026-07-24,19,下関,ＧⅢ,３３２　３４１６２５２６,2026-07-09,2026-07-13,14,鳴門,一般,２６４　３１１３３４,2026-06-20,2026-06-25,06,浜名湖,一般,１２６　５６３　３４４,5219,森口 和紀,2026-08-29,2026-09-03,19,下関,一般,　　　　　　　　４４２,2026-08-22,2026-08-27,22,福岡,一般,２２３　１１４６５１[５],2026-08-10,2026-08-15,21,芦屋,一般,５３１　６　２３５４２１,2026-07-30,2026-08-04,08,常滑,一般,４　１６４　４４３２１,2026-07-17,2026-07-22,16,児島,ＧⅢ,５　エ５２　５３落　２６,4009,小林 一樹,2026-08-27,2026-09-01,07,蒲郡,一般,４３１　２６２　１４１６,2026-08-11,2026-08-16,19,下関,一般,１　２２３　６F４　４,2026-07-29,2026-08-01,18,徳山,一般,６２２　５１３４,2026-07-20,2026-07-25,15,丸亀,一般,２５４　６１３　３４２３,2026-07-04,2026-07-09,01,桐生,一般,２　４６４２１　４５,5033,藤原 孝斗,2026-08-22,2026-08-27,08,常滑,ＧⅢ,３　２６１　２６２６２６,2026-08-05,2026-08-10,09,津,一般,２４５　４５１　５４３,2026-07-24,2026-07-27,02,戸田,一般,５１５　４４３,2026-07-14,2026-07-17,24,大村,一般,４４３　４　２５,2026-07-01,2026-07-06,22,福岡,一般,５　５４６　２３２　１２,3388,今垣 光太郎,2026-08-29,2026-09-03,16,児島,一般,１２２　２１２６４１[３],2026-06-17,2026-06-22,24,大村,ＧⅡ,３　３　６１２　４　１２,2026-06-05,2026-06-10,01,桐生,一般,１６１　３４３１５３３１,2026-05-26,2026-05-31,06,浜名湖,ＳＧ,４　６３５　４　３４１,2026-05-15,2026-05-20,21,芦屋,ＧⅠ,２　５　２６６　５１６,3737,上平 真二,2026-08-25,2026-08-30,17,宮島,一般,６５,2026-08-03,2026-08-08,19,下関,一般,２４１１３　１妨,2026-07-23,2026-07-27,01,桐生,一般,２１１２３４３１[３],2026-07-09,2026-07-13,16,児島,一般,３１１３３６１３２２,2026-06-22,2026-06-27,22,福岡,一般,１１３　１２４３１落４
202609132004,2026-09-13,20,04R,4014,片岡 恵里,2026-07-31,2026-08-05,01,桐生,ＧⅢ,１４３　２５４６１３３１,2026-07-19,2026-07-24,19,下関,ＧⅢ,１　１２２２１２４１[５],2026-07-07,2026-07-12,11,びわこ,一般,６　５２１４５１３　１４,2026-06-24,2026-06-29,12,住之江,一般,４　１３４　F５３　５,2026-06-15,2026-06-20,21,芦屋,一般,１４２５１　５６５３３５,4891,寺島 美里,2026-08-26,2026-08-30,14,鳴門,一般,４４６　２　２４２３,2026-08-12,2026-08-17,24,大村,ＧⅢ,３　３１４　２１４６１５,2026-07-25,2026-07-30,04,平和島,一般,５１４　２６３　５３４１,2026-07-12,2026-07-16,05,多摩川,一般,５５６　１２４　２３,2026-06-21,2026-06-26,16,児島,一般,２２５　６３４　３５１,3539,金子 順一,2026-08-23,2026-08-27,18,徳山,一般,６６５　不　２　４５,2026-08-11,2026-08-16,19,下関,一般,４３５　３６５　３　３３,2026-07-28,2026-08-02,16,児島,一般,１　４４１４１５６５３６,2026-07-14,2026-07-19,21,芦屋,一般,６　４２４　３３６　５２,2026-06-30,2026-07-05,06,浜名湖,一般,３　６２１　５５３６４,4518,大須賀 友,2026-07-31,2026-08-05,05,多摩川,一般,５１３５２　２３１２[６],2026-07-22,2026-07-25,24,大村,一般,１５２１６１[１],2026-06-30,2026-07-05,23,からつ,一般,F３２　４　１　５　３,2026-06-21,2026-06-26,16,児島,一般,１１２　３１３４６１[３],2026-05-16,2026-05-19,06,浜名湖,一般,１３２５２　１２,5382,山下 心一,2026-08-23,2026-08-27,18,徳山,一般,５　６６６６５　５５,2026-08-10,2026-08-15,21,芦屋,一般,６　４６６　６６５　６６,2026-07-29,2026-08-03,22,福岡,一般,　　　　　　　　　　４５,2026-07-24,2026-07-27,06,浜名湖,一般,５　６６５　３６,2026-07-17,2026-07-22,16,児島,ＧⅢ,６　６６３　５５６　６５,4296,岡崎 恭裕,2026-08-24,2026-08-28,15,丸亀,一般,３３２２５２１５１３,2026-08-12,2026-08-17,22,福岡,一般,３４１　４１６１２４１３,2026-08-03,2026-08-08,17,宮島,一般,４３２　１５２１２３２３,2026-07-22,2026-07-26,13,尼崎,一般,１３４３１　２４１３,2026-07-13,2026-07-18,07,蒲郡,ＧⅡ,１　６５３　５　４６３
202609132005,2026-09-13,20,05R,4373,若狭 奈美子,2026-08-18,2026-08-23,16,児島,一般,５５３２１　３５５４３１,2026-08-06,2026-08-11,18,徳山,ＧⅠ,４１６　６　３６２　５,2026-07-23,2026-07-28,21,芦屋,一般,２　１３４１１２１２[４],2026-06-12,2026-06-17,22,福岡,ＧⅢ,３４３　１５５３２４３３,2026-06-04,2026-06-08,08,常滑,一般,４２１５１２１　１４,3833,中辻 博訓,2026-08-28,2026-08-31,23,からつ,一般,３１２６２５１５,2026-08-03,2026-08-08,04,平和島,ＧⅢ,５５欠,2026-07-24,2026-07-29,17,宮島,一般,２５２４４　１２１４１３,2026-07-14,2026-07-19,21,芦屋,一般,１４４４２　４５１　１２,2026-07-03,2026-07-08,12,住之江,一般,１３１　１２１　４１[５],3175,渡辺 千草,2026-08-27,2026-08-31,04,平和島,一般,２３２　４５６　２５,2026-08-12,2026-08-17,24,大村,ＧⅢ,５　３４３　３４１　４２,2026-07-31,2026-08-05,01,桐生,ＧⅢ,５３２　２４３　３６２６,2026-07-19,2026-07-24,19,下関,ＧⅢ,５　４２５　３６５　２６,2026-06-29,2026-07-04,08,常滑,一般,４５３　５６４　４　２３,4529,嶋 義信,2026-08-28,2026-08-31,23,からつ,一般,１４１落,2026-08-17,2026-08-21,15,丸亀,一般,６１１６２５４２３,2026-08-04,2026-08-09,10,三国,一般,１２３　１３１１２１[１],2026-07-22,2026-07-26,13,尼崎,一般,５１４３２　２５４４,2026-07-11,2026-07-14,04,平和島,一般,２１５　４３２５,5263,花田 凱成,2026-08-21,2026-08-26,06,浜名湖,一般,３　４４６５１　３妨,2026-08-09,2026-08-14,23,からつ,一般,５　４４３５２　３５５,2026-07-23,2026-07-28,21,芦屋,一般,４　４６６　４１６６４５,2026-07-10,2026-07-15,22,福岡,一般,６４６　５３３　２４５,2026-06-28,2026-07-01,10,三国,一般,３１５　４６３６,5373,諏訪 玲奈,2026-08-25,2026-08-30,17,宮島,一般,５５６　６　６落６　４５,2026-07-27,2026-08-01,10,三国,一般,３４６　３　６６２　４,2026-07-09,2026-07-13,16,児島,一般,４　３４２３６　２５,2026-06-18,2026-06-23,02,戸田,一般,６　４６１　５４４　４４,2026-05-22,2026-05-26,23,からつ,一般,４６６　３　５５３４
202609132006,2026-09-13,20,06R,4424,松尾 昂明,2026-08-26,2026-08-31,11,びわこ,一般,１６２　１３４４４２[６],2026-08-12,2026-08-17,22,福岡,一般,２４６３３１３　２５４４,2026-07-28,2026-08-02,15,丸亀,一般,３　２２４６４　５１４,2026-07-14,2026-07-19,01,桐生,一般,２５１３３　１　５２[６],2026-06-30,2026-07-05,23,からつ,一般,４　６２１４５５５１３,3362,間嶋 仁志,2026-08-24,2026-08-29,13,尼崎,一般,２３１　２　３４５６１４,2026-08-07,2026-08-11,15,丸亀,一般,１１６４３　２６１６,2026-07-27,2026-07-31,19,下関,一般,２４４　３５２　４５,2026-07-17,2026-07-20,02,戸田,一般,２４２　１２３３,2026-07-05,2026-07-09,05,多摩川,一般,５６５　４３５　２２,4043,桐本 康臣,2026-08-25,2026-08-30,17,宮島,一般,４　１４２６３５４　２６,2026-08-17,2026-08-21,13,尼崎,一般,２　２３１１４２[６],2026-08-07,2026-08-11,15,丸亀,一般,３１３４２３２３３１,2026-07-24,2026-07-27,02,戸田,一般,２　２３２４３４,2026-07-14,2026-07-19,21,芦屋,一般,１６６　５　１５,4094,中島 真二,2026-08-24,2026-08-28,15,丸亀,一般,６　６３２　１　２３,2026-08-12,2026-08-17,22,福岡,一般,５　４４４　６２６４３,2026-07-24,2026-07-29,17,宮島,一般,５　３３４　３４６２４４,2026-07-15,2026-07-19,08,常滑,一般,３　３６５２４　１６,2026-07-02,2026-07-06,21,芦屋,一般,６６４　５６,5085,中村 栄治,2026-08-26,2026-08-31,11,びわこ,一般,４３２　４４５６３　４１,2026-08-14,2026-08-19,10,三国,一般,４６５６４５１　２　６４,2026-07-30,2026-08-04,08,常滑,一般,４　１６４　５３２　３６,2026-07-19,2026-07-23,05,多摩川,一般,１　３４４３６５４１,2026-07-09,2026-07-13,16,児島,一般,３４３４６　４１３１,4357,田中 和也,2026-08-15,2026-08-20,09,津,一般,１１２３４３５　１３１２,2026-08-08,2026-08-11,05,多摩川,一般,４３１５５１６３,2026-07-31,2026-08-04,13,尼崎,一般,１４４５５２２　４１,2026-07-22,2026-07-25,24,大村,一般,２１転４１１４,2026-07-07,2026-07-12,08,常滑,一般,２６４３２２２１２２[４]
202609132007,2026-09-13,20,07R,4816,村松 修二,2026-08-27,2026-08-31,04,平和島,一般,１　２４６４２１１３,2026-08-14,2026-08-19,17,宮島,一般,１１２６１５５　４２３,2026-07-28,2026-08-02,16,児島,一般,５３２２１２１　３３３４,2026-07-18,2026-07-22,10,三国,一般,６５１　１１１２[３],2026-07-09,2026-07-13,14,鳴門,一般,１６１　６３,3880,浅見 宗孝,2026-08-28,2026-09-02,05,多摩川,ＧⅢ,５６５　５　４６２　６５,2026-08-12,2026-08-17,02,戸田,一般,３６３　４６６　３４３,2026-07-23,2026-07-28,03,江戸川,ＧⅢ,２　４４５　６５４５６,2026-07-11,2026-07-14,04,平和島,一般,６６３　１３３,2026-06-04,2026-06-08,08,常滑,一般,３　３２３４２５１３,4273,佐藤 旭,2026-08-30,2026-09-02,21,芦屋,一般,６４２　５３３２,2026-08-15,2026-08-20,09,津,一般,２　４３３　３４４６５６,2026-07-28,2026-08-02,16,児島,一般,３　３４４６３　４２２３,2026-07-15,2026-07-19,08,常滑,一般,３１１２５　４３３１,2026-07-05,2026-07-09,05,多摩川,一般,５３５５６　１　４６,4209,藤田 竜弘,2026-08-26,2026-08-31,11,びわこ,一般,４２１　１３３３５６１６,2026-08-11,2026-08-16,07,蒲郡,一般,４　１２３４２　４５３３,2026-07-29,2026-08-01,18,徳山,一般,３　１１３２[５],2026-07-19,2026-07-23,05,多摩川,一般,２１２２２　４１[３],2026-07-10,2026-07-15,06,浜名湖,一般,３　５４５　４５１　４３,4230,濱崎 直矢,2026-08-27,2026-08-31,04,平和島,一般,１　４３３５１１４６,2026-08-12,2026-08-17,02,戸田,一般,２　１６６　１１４　１６,2026-08-03,2026-08-08,17,宮島,一般,１　F６４　６　６　３,2026-07-24,2026-07-27,06,浜名湖,一般,２　１６４３２３,2026-07-14,2026-07-19,01,桐生,一般,転１１　１１２　３２[３],5468,山口 隼人,2026-08-12,2026-08-17,22,福岡,一般,６　６　６６６６６　転６,2026-08-02,2026-08-05,21,芦屋,一般,６　６６６　６６,2026-07-04,2026-07-09,18,徳山,一般,６　４５５　６６６６６,2026-06-22,2026-06-27,22,福岡,一般,６　６６６　６６４　６６,2026-06-09,2026-06-14,23,からつ,一般,６　５６６　６６６　６
202609132008,2026-09-13,20,08R,4600,井内 将太郎,2026-08-30,2026-09-02,21,芦屋,一般,５６２６１　２４,2026-07-24,2026-07-29,17,宮島,一般,３１１　２６１１３１[４],2026-06-17,2026-06-22,24,大村,ＧⅡ,１４６　２　F４６　５,2026-06-05,2026-06-10,18,徳山,一般,１３４２５　１２１２[５],2026-05-19,2026-05-23,16,児島,一般,１６６３１２１１[６],4518,大須賀 友,2026-07-31,2026-08-05,05,多摩川,一般,５１３５２　２３１２[６],2026-07-22,2026-07-25,24,大村,一般,１５２１６１[１],2026-06-30,2026-07-05,23,からつ,一般,F３２　４　１　５　３,2026-06-21,2026-06-26,16,児島,一般,１１２　３１３４６１[３],2026-05-16,2026-05-19,06,浜名湖,一般,１３２５２　１２,3388,今垣 光太郎,2026-08-29,2026-09-03,16,児島,一般,１２２　２１２６４１[３],2026-06-17,2026-06-22,24,大村,ＧⅡ,３　３　６１２　４　１２,2026-06-05,2026-06-10,01,桐生,一般,１６１　３４３１５３３１,2026-05-26,2026-05-31,06,浜名湖,ＳＧ,４　６３５　４　３４１,2026-05-15,2026-05-20,21,芦屋,ＧⅠ,２　５　２６６　５１６,4873,蒲原 健太,2026-08-31,2026-09-05,18,徳山,一般,４　４４２　２６１　１６,2026-08-24,2026-08-28,15,丸亀,一般,６　３１６　５６５３,2026-08-14,2026-08-19,17,宮島,一般,転　２６５　５６３　１４,2026-07-29,2026-08-03,23,からつ,一般,２１４　２１５　３４２６,2026-07-18,2026-07-21,04,平和島,一般,６　１２２６６３,4009,小林 一樹,2026-08-27,2026-09-01,07,蒲郡,一般,４３１　２６２　１４１６,2026-08-11,2026-08-16,19,下関,一般,１　２２３　６F４　４,2026-07-29,2026-08-01,18,徳山,一般,６２２　５１３４,2026-07-20,2026-07-25,15,丸亀,一般,２５４　６１３　３４２３,2026-07-04,2026-07-09,01,桐生,一般,２　４６４２１　４５,5316,村松 将平,2026-08-22,2026-08-27,22,福岡,一般,３　１１４６４５５　３２,2026-08-11,2026-08-16,07,蒲郡,一般,３６２　５　６６４　２３,2026-07-27,2026-08-01,10,三国,一般,１６１　転２２　４６２４,2026-07-19,2026-07-23,05,多摩川,一般,１４３３６　２４５２,2026-06-11,2026-06-16,16,児島,一般,６　３２１　３３４６６５
202609132009,2026-09-13,20,09R,3737,上平 真二,2026-08-25,2026-08-30,17,宮島,一般,６５,2026-08-03,2026-08-08,19,下関,一般,２４１１３　１妨,2026-07-23,2026-07-27,01,桐生,一般,２１１２３４３１[３],2026-07-09,2026-07-13,16,児島,一般,３１１３３６１３２２,2026-06-22,2026-06-27,22,福岡,一般,１１３　１２４３１落４,4551,三川 昂暁,2026-08-28,2026-08-31,23,からつ,一般,６３４１１５５４,2026-08-20,2026-08-23,02,戸田,一般,１１４　３３F１,2026-08-10,2026-08-15,21,芦屋,一般,６３５４４　２２５　２３,2026-07-23,2026-07-27,01,桐生,一般,３１１１５３４５１２,2026-07-10,2026-07-15,22,福岡,一般,５５６４１　５４３　４１,3833,中辻 博訓,2026-08-28,2026-08-31,23,からつ,一般,３１２６２５１５,2026-08-03,2026-08-08,04,平和島,ＧⅢ,５５欠,2026-07-24,2026-07-29,17,宮島,一般,２５２４４　１２１４１３,2026-07-14,2026-07-19,21,芦屋,一般,１４４４２　４５１　１２,2026-07-03,2026-07-08,12,住之江,一般,１３１　１２１　４１[５],4014,片岡 恵里,2026-07-31,2026-08-05,01,桐生,ＧⅢ,１４３　２５４６１３３１,2026-07-19,2026-07-24,19,下関,ＧⅢ,１　１２２２１２４１[５],2026-07-07,2026-07-12,11,びわこ,一般,６　５２１４５１３　１４,2026-06-24,2026-06-29,12,住之江,一般,４　１３４　F５３　５,2026-06-15,2026-06-20,21,芦屋,一般,１４２５１　５６５３３５,5219,森口 和紀,2026-08-29,2026-09-03,19,下関,一般,　　　　　　　　４４２,2026-08-22,2026-08-27,22,福岡,一般,２２３　１１４６５１[５],2026-08-10,2026-08-15,21,芦屋,一般,５３１　６　２３５４２１,2026-07-30,2026-08-04,08,常滑,一般,４　１６４　４４３２１,2026-07-17,2026-07-22,16,児島,ＧⅢ,５　エ５２　５３落　２６,4076,杉田 篤光,2026-08-22,2026-08-27,22,福岡,一般,５４３　３４１　４１３５,2026-08-11,2026-08-16,06,浜名湖,一般,２５１　３４３　３１４４,2026-07-31,2026-08-05,05,多摩川,一般,２４３　３２３　２５３６,2026-07-17,2026-07-22,16,児島,ＧⅢ,４４５　４５２　４５６,2026-07-03,2026-07-06,09,津,一般,５４３　２６４１
202609132010,2026-09-13,20,10R,4296,岡崎 恭裕,2026-08-24,2026-08-28,15,丸亀,一般,３３２２５２１５１３,2026-08-12,2026-08-17,22,福岡,一般,３４１　４１６１２４１３,2026-08-03,2026-08-08,17,宮島,一般,４３２　１５２１２３２３,2026-07-22,2026-07-26,13,尼崎,一般,１３４３１　２４１３,2026-07-13,2026-07-18,07,蒲郡,ＧⅡ,１　６５３　５　４６３,4529,嶋 義信,2026-08-28,2026-08-31,23,からつ,一般,１４１落,2026-08-17,2026-08-21,15,丸亀,一般,６１１６２５４２３,2026-08-04,2026-08-09,10,三国,一般,１２３　１３１１２１[１],2026-07-22,2026-07-26,13,尼崎,一般,５１４３２　２５４４,2026-07-11,2026-07-14,04,平和島,一般,２１５　４３２５,4373,若狭 奈美子,2026-08-18,2026-08-23,16,児島,一般,５５３２１　３５５４３１,2026-08-06,2026-08-11,18,徳山,ＧⅠ,４１６　６　３６２　５,2026-07-23,2026-07-28,21,芦屋,一般,２　１３４１１２１２[４],2026-06-12,2026-06-17,22,福岡,ＧⅢ,３４３　１５５３２４３３,2026-06-04,2026-06-08,08,常滑,一般,４２１５１２１　１４,4424,松尾 昂明,2026-08-26,2026-08-31,11,びわこ,一般,１６２　１３４４４２[６],2026-08-12,2026-08-17,22,福岡,一般,２４６３３１３　２５４４,2026-07-28,2026-08-02,15,丸亀,一般,３　２２４６４　５１４,2026-07-14,2026-07-19,01,桐生,一般,２５１３３　１　５２[６],2026-06-30,2026-07-05,23,からつ,一般,４　６２１４５５５１３,4891,寺島 美里,2026-08-26,2026-08-30,14,鳴門,一般,４４６　２　２４２３,2026-08-12,2026-08-17,24,大村,ＧⅢ,３　３１４　２１４６１５,2026-07-25,2026-07-30,04,平和島,一般,５１４　２６３　５３４１,2026-07-12,2026-07-16,05,多摩川,一般,５５６　１２４　２３,2026-06-21,2026-06-26,16,児島,一般,２２５　６３４　３５１,4462,夏山 亮平,2026-08-26,2026-08-30,14,鳴門,一般,５　２２５５５　６３,2026-07-16,2026-07-21,11,びわこ,一般,３１１　５６６６４　２３,2026-07-05,2026-07-09,05,多摩川,一般,２　１２２３５１[３],2026-06-24,2026-06-28,04,平和島,一般,２５３　６４２６,2026-05-26,2026-05-31,15,丸亀,ＧⅢ,６５３　１６６　５６５
202609132011,2026-09-13,20,11R,4357,田中 和也,2026-08-15,2026-08-20,09,津,一般,１１２３４３５　１３１２,2026-08-08,2026-08-11,05,多摩川,一般,４３１５５１６３,2026-07-31,2026-08-04,13,尼崎,一般,１４４５５２２　４１,2026-07-22,2026-07-25,24,大村,一般,２１転４１１４,2026-07-07,2026-07-12,08,常滑,一般,２６４３２２２１２２[４],4209,藤田 竜弘,2026-08-26,2026-08-31,11,びわこ,一般,４２１　１３３３５６１６,2026-08-11,2026-08-16,07,蒲郡,一般,４　１２３４２　４５３３,2026-07-29,2026-08-01,18,徳山,一般,３　１１３２[５],2026-07-19,2026-07-23,05,多摩川,一般,２１２２２　４１[３],2026-07-10,2026-07-15,06,浜名湖,一般,３　５４５　４５１　４３,3999,大瀧 明日香,2026-08-24,2026-08-29,13,尼崎,一般,３６３　１２４　２６４３,2026-08-10,2026-08-15,08,常滑,一般,１２１２４３２　４２[６],2026-07-03,2026-07-08,12,住之江,一般,２２４　４　１落２３１５,2026-06-21,2026-06-26,16,児島,一般,１５１　６５１５４４２６,2026-06-12,2026-06-17,22,福岡,ＧⅢ,１６２４３　２５１４４,4085,荻野 裕介,2026-08-28,2026-09-02,05,多摩川,ＧⅢ,５　２４,2026-08-16,2026-08-19,14,鳴門,一般,１　３５１１[３],2026-08-03,2026-08-08,04,平和島,ＧⅢ,２　４　５５５６５　５,2026-07-21,2026-07-26,23,からつ,一般,４５２　２　５５３　２,2026-07-07,2026-07-12,08,常滑,一般,６６２　４　１１４３４１,4816,村松 修二,2026-08-27,2026-08-31,04,平和島,一般,１　２４６４２１１３,2026-08-14,2026-08-19,17,宮島,一般,１１２６１５５　４２３,2026-07-28,2026-08-02,16,児島,一般,５３２２１２１　３３３４,2026-07-18,2026-07-22,10,三国,一般,６５１　１１１２[３],2026-07-09,2026-07-13,14,鳴門,一般,１６１　６３,4484,稲生 夏季,2026-08-30,2026-09-04,06,浜名湖,ＧⅢ,４　３３２４２　１５３５,2026-08-11,2026-08-16,04,平和島,一般,２６６　５　４５３　４３,2026-07-19,2026-07-24,19,下関,ＧⅢ,３３２　３４１６２５２６,2026-07-09,2026-07-13,14,鳴門,一般,２６４　３１１３３４,2026-06-20,2026-06-25,06,浜名湖,一般,１２６　５６３　３４４
202609132012,2026-09-13,20,12R,4043,桐本 康臣,2026-08-25,2026-08-30,17,宮島,一般,４　１４２６３５４　２６,2026-08-17,2026-08-21,13,尼崎,一般,２　２３１１４２[６],2026-08-07,2026-08-11,15,丸亀,一般,３１３４２３２３３１,2026-07-24,2026-07-27,02,戸田,一般,２　２３２４３４,2026-07-14,2026-07-19,21,芦屋,一般,１６６　５　１５,4273,佐藤 旭,2026-08-30,2026-09-02,21,芦屋,一般,６４２　５３３２,2026-08-15,2026-08-20,09,津,一般,２　４３３　３４４６５６,2026-07-28,2026-08-02,16,児島,一般,３　３４４６３　４２２３,2026-07-15,2026-07-19,08,常滑,一般,３１１２５　４３３１,2026-07-05,2026-07-09,05,多摩川,一般,５３５５６　１　４６,4230,濱崎 直矢,2026-08-27,2026-08-31,04,平和島,一般,１　４３３５１１４６,2026-08-12,2026-08-17,02,戸田,一般,２　１６６　１１４　１６,2026-08-03,2026-08-08,17,宮島,一般,１　F６４　６　６　３,2026-07-24,2026-07-27,06,浜名湖,一般,２　１６４３２３,2026-07-14,2026-07-19,01,桐生,一般,転１１　１１２　３２[３],5085,中村 栄治,2026-08-26,2026-08-31,11,びわこ,一般,４３２　４４５６３　４１,2026-08-14,2026-08-19,10,三国,一般,４６５６４５１　２　６４,2026-07-30,2026-08-04,08,常滑,一般,４　１６４　５３２　３６,2026-07-19,2026-07-23,05,多摩川,一般,１　３４４３６５４１,2026-07-09,2026-07-13,16,児島,一般,３４３４６　４１３１,5014,梶山 涼斗,2026-08-03,2026-08-08,17,宮島,一般,６　２４４　４６５２３,2026-07-22,2026-07-26,13,尼崎,一般,６５６　６６６　２,2026-06-30,2026-07-05,23,からつ,一般,１２５　F６５　５　５,2026-06-17,2026-06-20,07,蒲郡,一般,３５２　１１４４,2026-05-30,2026-06-03,12,住之江,一般,転６４　３　２　３６,5033,藤原 孝斗,2026-08-22,2026-08-27,08,常滑,ＧⅢ,３　２６１　２６２６２６,2026-08-05,2026-08-10,09,津,一般,２４５　４５１　５４３,2026-07-24,2026-07-27,02,戸田,一般,５１５　４４３,2026-07-14,2026-07-17,24,大村,一般,４４３　４　２５,2026-07-01,2026-07-06,22,福岡,一般,５　５４６　２３２　１２
202609132101,2026-09-13,21,01R,4389,伊藤 喜智,2026-08-25,2026-08-30,17,宮島,一般,３　３５４４４５,2026-08-13,2026-08-18,12,住之江,一般,４２３　４６３　５　６３,2026-07-31,2026-08-05,05,多摩川,一般,２　５３２　１５１２[５],2026-07-24,2026-07-27,06,浜名湖,一般,６６４４３　５,2026-07-14,2026-07-19,01,桐生,一般,３　２２５　３１４３１５,4638,小林 遼太,2026-08-22,2026-08-27,08,常滑,ＧⅢ,６　４５２　４５３　６５,2026-08-07,2026-08-12,20,若松,一般,１　２６３５６２１　４５,2026-07-24,2026-07-29,17,宮島,一般,５３４　１３１　１６２６,2026-07-14,2026-07-19,01,桐生,一般,３６１　３４２　１４１３,2026-06-30,2026-07-05,06,浜名湖,一般,１　２２５４３２１４３３,4443,津田 裕絵,2026-08-17,2026-08-20,20,若松,一般,１３５　４４４１,2026-08-03,2026-08-08,17,宮島,一般,４２３　２６２　３１１,2026-07-25,2026-07-30,04,平和島,一般,５２４　２６２　１１１５,2026-07-10,2026-07-15,06,浜名湖,一般,４　２５３　５５２　４４,2026-06-21,2026-06-26,16,児島,一般,４　５５２４２　２５３１,3357,福島 陽子,2026-08-30,2026-09-04,06,浜名湖,ＧⅢ,２５６　６４３　４　５３,2026-08-08,2026-08-13,16,児島,一般,１　５５３　６６５　５３,2026-07-19,2026-07-24,19,下関,ＧⅢ,１　６６３６５　６　３６,2026-07-05,2026-07-09,24,大村,一般,６　４５２　４　６５,2026-06-12,2026-06-17,22,福岡,ＧⅢ,５４３　６４３　６　５４,5469,今泉 博人,2026-08-20,2026-08-23,23,からつ,一般,６　５６５６５,2026-07-28,2026-08-02,15,丸亀,一般,６　６６５６６　４　４３,2026-07-10,2026-07-15,23,からつ,一般,５　５６６　６６６６４,2026-06-22,2026-06-27,22,福岡,一般,６　６５６　落６６　４５,2026-05-31,2026-06-05,20,若松,一般,６６５　６　６６６　６,5082,一色 凌雅,2026-08-22,2026-08-27,22,福岡,一般,１５４　１３３３２６１５,2026-08-10,2026-08-15,08,常滑,一般,２２２　３１４１１３３F,2026-07-31,2026-08-05,05,多摩川,一般,５　１６５４４　５３５,2026-07-18,2026-07-23,09,津,ＧⅢ,５　６　６５２　３５３２,2026-07-11,2026-07-16,03,江戸川,一般,１３５　１２３１４３[５]
202609132102,2026-09-13,21,02R,4261,岡 祐臣,2026-08-26,2026-08-31,11,びわこ,一般,１５４３６　４４１　４４,2026-08-15,2026-08-20,09,津,一般,１２３　６５３２１４２４,2026-08-08,2026-08-11,05,多摩川,一般,１１２　５４４６,2026-07-22,2026-07-27,14,鳴門,一般,４６３４１　６欠,2026-07-13,2026-07-18,07,蒲郡,ＧⅡ,５　１３１　２　６　４５,5317,長尾 萌加,2026-08-18,2026-08-23,16,児島,一般,１４１　５５２　１２F３,2026-08-08,2026-08-13,16,児島,一般,３　３６３　３６３　６６,2026-07-25,2026-07-30,04,平和島,一般,４４５　３　１３４３４６,2026-07-15,2026-07-19,17,宮島,一般,６２５　１　２２３３,2026-06-21,2026-06-26,16,児島,一般,２５５　３４４　５　６６,4966,田川 大貴,2026-08-21,2026-08-26,06,浜名湖,一般,１　４５２６３３４４１５,2026-08-06,2026-08-10,24,大村,一般,３４F５２　３　６,2026-07-19,2026-07-24,22,福岡,ＧⅢ,６　５４２　３６６２２,2026-07-07,2026-07-12,20,若松,ＧⅢ,５４妨　５６２　６　１６,2026-06-27,2026-07-01,02,戸田,一般,３４４４５　１　２３,3473,石川 真二,2026-08-26,2026-08-31,11,びわこ,一般,３５２６１　２３１２[４],2026-08-17,2026-08-20,20,若松,一般,１１１１１２[４],2026-08-06,2026-08-10,24,大村,一般,２　１１２２１４１２,2026-07-22,2026-07-26,13,尼崎,一般,１４１５１１１１[１],2026-07-09,2026-07-13,16,児島,一般,２１２１２４１１[５],4408,仁科 さやか,2026-08-26,2026-08-30,14,鳴門,一般,３　２６６６６　６,2026-08-12,2026-08-17,24,大村,ＧⅢ,６　４３６　１６１　５６,2026-07-31,2026-08-05,01,桐生,ＧⅢ,５　４４５　５６４　６２,2026-07-13,2026-07-18,13,尼崎,ＧⅢ,６　２６１　４６５　３４,2026-06-25,2026-06-29,18,徳山,一般,２　４４６　２６２６,4840,鈴木 秀茉,2026-08-22,2026-08-27,22,福岡,一般,６　５２２　６４４　６３,2026-08-11,2026-08-16,06,浜名湖,一般,１　２４６１２　４５５５,2026-07-23,2026-07-28,03,江戸川,ＧⅢ,６４５　４５５６３６４,2026-07-15,2026-07-19,17,宮島,一般,２　６３６３３　２６,2026-06-30,2026-07-05,23,からつ,一般,３１５　２２５３２６６６
202609132103,2026-09-13,21,03R,4861,田中 宏樹,2026-08-26,2026-08-30,14,鳴門,一般,２　２４２５１６５,2026-08-07,2026-08-12,20,若松,一般,２　３３６３３４４６６,2026-07-29,2026-08-03,23,からつ,一般,５３２　４５３２１３１３,2026-07-20,2026-07-25,15,丸亀,一般,４４２　４３５６３　４２,2026-07-10,2026-07-15,22,福岡,一般,４６１５４　１５３　２４,4594,谷川 祐一,2026-08-28,2026-09-02,05,多摩川,ＧⅢ,２　１２５２３６４４１３,2026-08-15,2026-08-20,09,津,一般,２２３　５５５　２　４１,2026-07-31,2026-08-03,20,若松,一般,１１４２１３４３,2026-07-17,2026-07-22,16,児島,ＧⅢ,４２３　４　３２２２[６],2026-07-05,2026-07-09,24,大村,一般,３３４　１３２２[６],4848,仲谷 颯仁,2026-08-25,2026-08-30,01,桐生,ＳＧ,１３６　２　４６６　３,2026-08-17,2026-08-21,13,尼崎,一般,２６２２２１１３１４,2026-08-07,2026-08-12,20,若松,一般,３１３１３１２　３１[２],2026-07-28,2026-08-02,11,びわこ,ＳＧ,４　４１３　３２１　[３],2026-07-18,2026-07-22,10,三国,一般,３２２３１２５１[２],3998,冨成 謙児,2026-08-24,2026-08-28,15,丸亀,一般,２６４　６　２６１５,2026-08-09,2026-08-14,23,からつ,一般,３　３６４４６　５　５４,2026-07-31,2026-08-05,06,浜名湖,ＧⅢ,３５１　５６５　５　５５,2026-07-21,2026-07-26,23,からつ,一般,５　５２６　２４６２３,2026-07-03,2026-07-08,13,尼崎,一般,５６５　５６４　２　６,4330,奈須 啓太,2026-08-25,2026-08-30,17,宮島,一般,１６３３１　２５１５１４,2026-08-12,2026-08-17,22,福岡,一般,４　１４６５５６２　５４,2026-07-31,2026-08-04,13,尼崎,一般,５５５　１６３　３２,2026-07-21,2026-07-26,23,からつ,一般,４４１６１　４６１　１５,2026-07-10,2026-07-15,22,福岡,一般,１　３３６５２２１６１４,5457,山田 陽翔,2026-08-19,2026-08-24,19,下関,一般,６　６６６　５６６　６６,2026-08-06,2026-08-10,24,大村,一般,６　６５５６６　６４,2026-07-24,2026-07-29,17,宮島,一般,６　６６６　６６６　６６,2026-06-26,2026-07-02,24,大村,一般,６　５６欠　６６６　６６６６,2026-06-09,2026-06-14,23,からつ,一般,６　６６６６６　５６６
202609132104,2026-09-13,21,04R,4137,君島 秀三,2026-08-24,2026-08-29,13,尼崎,一般,５２１４５　２３,2026-08-15,2026-08-20,11,びわこ,一般,１４１　３２３５１５１６,2026-08-04,2026-08-09,12,住之江,一般,３５３１１　１２２２[６],2026-07-28,2026-07-31,24,大村,一般,１３１４３５１５,2026-07-12,2026-07-16,05,多摩川,一般,４５２１３３４３４１,4092,岡部 大輔,2026-08-22,2026-08-26,20,若松,一般,２５１１６　３６３６,2026-08-06,2026-08-10,24,大村,一般,１３２　６４４４１４,2026-07-21,2026-07-26,23,からつ,一般,２１２　２６４　５４４３,2026-07-11,2026-07-14,04,平和島,一般,４６２　４６２,2026-06-26,2026-07-02,24,大村,一般,３２６　４　１５１４３４１６,4437,中田 元泰,2026-08-27,2026-08-31,04,平和島,一般,２５１　３３４３[５],2026-08-17,2026-08-21,15,丸亀,一般,１４３４３２１３１４,2026-08-03,2026-08-08,19,下関,一般,３３２　１５１　１４２２,2026-07-22,2026-07-25,24,大村,一般,１　４１３１[２],2026-07-13,2026-07-18,07,蒲郡,ＧⅡ,５　６　３６２２４　６,5208,屋良 龍紀,2026-08-22,2026-08-26,20,若松,一般,５３５　６５６　４５,2026-08-11,2026-08-16,19,下関,一般,５　２３５　６１６　２３,2026-07-01,2026-07-06,07,蒲郡,一般,３３３　５　２５３　転２,2026-06-11,2026-06-16,03,江戸川,一般,５５６　３５,2026-06-02,2026-06-08,10,三国,一般,５　２６３２５　５F４,4793,金子 萌,2026-08-27,2026-09-01,07,蒲郡,一般,１　１５３６２４５５３１,2026-08-11,2026-08-16,06,浜名湖,一般,１　４３３１５２３２[６],2026-07-27,2026-08-01,09,津,一般,５　６３,2026-07-12,2026-07-16,05,多摩川,一般,４６１　２５１　６２,2026-06-30,2026-07-05,16,児島,ＧⅡ,１　１６２　２　４　１６,4384,鶴本 崇文,2026-08-29,2026-09-03,16,児島,一般,４　５４３６６４,2026-08-14,2026-08-19,10,三国,一般,２　５４１３４３３４３２,2026-07-31,2026-08-05,05,多摩川,一般,３２２２６　５４５　５,2026-07-22,2026-07-26,13,尼崎,一般,５２２１４３２２[６],2026-06-24,2026-06-29,09,津,一般,４
202609132105,2026-09-13,21,05R,4771,下寺 秀和,2026-08-28,2026-08-31,23,からつ,一般,１４３１５１[４],2026-08-14,2026-08-19,17,宮島,一般,１６３２２１３　３１[３],2026-07-28,2026-08-02,15,丸亀,一般,５２１　１２３１４２[３],2026-07-10,2026-07-14,09,津,一般,６３４２１　１６１５,2026-06-26,2026-07-01,17,宮島,一般,３３２　１３２１２１[２],4675,井手 良太,2026-08-26,2026-08-30,14,鳴門,一般,５　５３２６１　１２,2026-08-14,2026-08-19,17,宮島,一般,６欠,2026-07-29,2026-08-03,23,からつ,一般,４　２３２　５４２　１４,2026-07-22,2026-07-25,24,大村,一般,１　１４５３５５,2026-06-28,2026-07-02,05,多摩川,一般,１３６　２３１１[３],3873,別府 昌樹,2026-08-24,2026-08-28,15,丸亀,一般,３　２３２　２欠,2026-08-16,2026-08-19,14,鳴門,一般,６　３１３３３４,2026-07-31,2026-08-04,13,尼崎,一般,２　５６２　４５２４,2026-07-15,2026-07-21,12,住之江,一般,３　２５２　１３１５３２６４,2026-06-29,2026-07-04,08,常滑,一般,３１４　２５１４４５３４,4850,野中 一平,2026-08-29,2026-09-03,19,下関,一般,１　１１６６２４１２[６],2026-08-10,2026-08-15,08,常滑,一般,１１１　４２３２３１[５],2026-07-25,2026-07-29,20,若松,一般,１２１　４４２５１２,2026-07-12,2026-07-16,05,多摩川,一般,２１４１３　５１[２],2026-06-30,2026-07-05,16,児島,ＧⅡ,５１１　６　１６３２６,5383,中村 楓,2026-08-30,2026-09-03,08,常滑,一般,５　６５６　５６５６,2026-08-20,2026-08-23,02,戸田,一般,６　６４４１６３,2026-07-31,2026-08-05,05,多摩川,一般,６　６５３　５５３　４６,2026-07-15,2026-07-21,12,住之江,一般,５６４　６５４　５　６５５,2026-07-01,2026-07-06,22,福岡,一般,６　５６３　５５４　５６,4812,西野 雄貴,2026-08-27,2026-09-01,07,蒲郡,一般,４４１３１６２１１３１１,2026-08-20,2026-08-23,23,からつ,一般,１３２１１１[１],2026-08-05,2026-08-10,14,鳴門,一般,２１３１３３２　２１[３],2026-07-28,2026-07-31,24,大村,一般,１５２１２２[３],2026-07-04,2026-07-09,01,桐生,一般,６２４　１４１
202609132106,2026-09-13,21,06R,4408,仁科 さやか,2026-08-26,2026-08-30,14,鳴門,一般,３　２６６６６　６,2026-08-12,2026-08-17,24,大村,ＧⅢ,６　４３６　１６１　５６,2026-07-31,2026-08-05,01,桐生,ＧⅢ,５　４４５　５６４　６２,2026-07-13,2026-07-18,13,尼崎,ＧⅢ,６　２６１　４６５　３４,2026-06-25,2026-06-29,18,徳山,一般,２　４４６　２６２６,3509,池 千夏,2026-08-28,2026-08-31,23,からつ,一般,４　５５６　５３,2026-08-16,2026-08-19,14,鳴門,一般,６　５３５　４５,2026-07-31,2026-08-05,01,桐生,ＧⅢ,１６２　５６４　６５３,2026-07-13,2026-07-18,13,尼崎,ＧⅢ,３　６６５５３　５　４,2026-06-21,2026-06-24,19,下関,一般,６６５５４　３,4744,伊藤 玲奈,2026-08-26,2026-08-30,14,鳴門,一般,５５６　４　５１４６,2026-08-12,2026-08-17,24,大村,ＧⅢ,４　２６３　６５３　３６,2026-07-27,2026-08-01,10,三国,一般,５　３６４　２４３　１,2026-07-13,2026-07-18,13,尼崎,ＧⅢ,３４２　１　２３４５１５,2026-06-24,2026-06-29,12,住之江,一般,５　欠欠,4443,津田 裕絵,2026-08-17,2026-08-20,20,若松,一般,１３５　４４４１,2026-08-03,2026-08-08,17,宮島,一般,４２３　２６２　３１１,2026-07-25,2026-07-30,04,平和島,一般,５２４　２６２　１１１５,2026-07-10,2026-07-15,06,浜名湖,一般,４　２５３　５５２　４４,2026-06-21,2026-06-26,16,児島,一般,４　５５２４２　２５３１,5317,長尾 萌加,2026-08-18,2026-08-23,16,児島,一般,１４１　５５２　１２F３,2026-08-08,2026-08-13,16,児島,一般,３　３６３　３６３　６６,2026-07-25,2026-07-30,04,平和島,一般,４４５　３　１３４３４６,2026-07-15,2026-07-19,17,宮島,一般,６２５　１　２２３３,2026-06-21,2026-06-26,16,児島,一般,２５５　３４４　５　６６,5447,岡本 亜子,2026-08-08,2026-08-13,16,児島,一般,６　６６５　６６６　６６,2026-07-31,2026-08-04,13,尼崎,一般,６　６６６　６６６,2026-07-09,2026-07-13,16,児島,一般,６　６６６　５６６,2026-06-28,2026-07-01,10,三国,一般,６　６６６　６６,2026-06-05,2026-06-10,18,徳山,一般,６　６　６６６　６６６
202609132107,2026-09-13,21,07R,4853,前原 哉,2026-08-30,2026-09-04,06,浜名湖,ＧⅢ,４　５５３　４６５　４３,2026-08-18,2026-08-23,16,児島,一般,６　５４５　６５４　１２,2026-08-08,2026-08-13,16,児島,一般,６５６　６　４６４　１５,2026-07-28,2026-08-02,15,丸亀,一般,　　　　　　　　６　３４,2026-07-25,2026-07-30,04,平和島,一般,３１５　４５４　３４２４,3357,福島 陽子,2026-08-30,2026-09-04,06,浜名湖,ＧⅢ,２５６　６４３　４　５３,2026-08-08,2026-08-13,16,児島,一般,１　５５３　６６５　５３,2026-07-19,2026-07-24,19,下関,ＧⅢ,１　６６３６５　６　３６,2026-07-05,2026-07-09,24,大村,一般,６　４５２　４　６５,2026-06-12,2026-06-17,22,福岡,ＧⅢ,５４３　６４３　６　５４,4521,小池 公生,2026-08-24,2026-08-28,15,丸亀,一般,６５３　３　６３５３,2026-08-07,2026-08-12,20,若松,一般,３２６　１５３３２３３４,2026-07-28,2026-07-31,24,大村,一般,４　５２４　１３,2026-06-21,2026-06-26,16,児島,一般,１　１６３３２３４６６６,2026-06-11,2026-06-16,10,三国,一般,２　２３６２１４４４２１,3843,上之 晃弘,2026-08-22,2026-08-27,08,常滑,ＧⅢ,２６６　３５１　６３６５,2026-08-06,2026-08-10,24,大村,一般,６５６　６３５　４５,2026-07-16,2026-07-21,11,びわこ,一般,３　５６５４５　転４,2026-07-04,2026-07-09,18,徳山,一般,２４６４６　４１６６１,2026-06-22,2026-06-27,22,福岡,一般,５５６　４２２　４４３,4594,谷川 祐一,2026-08-28,2026-09-02,05,多摩川,ＧⅢ,２　１２５２３６４４１３,2026-08-15,2026-08-20,09,津,一般,２２３　５５５　２　４１,2026-07-31,2026-08-03,20,若松,一般,１１４２１３４３,2026-07-17,2026-07-22,16,児島,ＧⅢ,４２３　４　３２２２[６],2026-07-05,2026-07-09,24,大村,一般,３３４　１３２２[６],4652,酒見 峻介,2026-08-22,2026-08-27,22,福岡,一般,５４５　６４６　２６４,2026-08-09,2026-08-14,23,からつ,一般,４６６　５４６　５３１,2026-07-24,2026-07-29,17,宮島,一般,１　３２２　３３２　４４,2026-07-10,2026-07-13,19,下関,一般,４　１６３６４,2026-06-26,2026-07-02,24,大村,一般,６　５６
202609132108,2026-09-13,21,08R,4020,川上 清人,2026-08-17,2026-08-20,20,若松,一般,４４５　６　６４,2026-08-07,2026-08-11,15,丸亀,一般,４６４　６５６　３,2026-07-27,2026-07-31,19,下関,一般,２６１４６　２６３,2026-07-18,2026-07-22,10,三国,一般,４４５　５　４６２,2026-07-05,2026-07-09,24,大村,一般,４５６　２　５５３,3541,三嶌 誠司,2026-08-25,2026-08-30,17,宮島,一般,２３３　２３３２４４１２,2026-08-17,2026-08-20,20,若松,一般,３３４　３２１１,2026-07-31,2026-08-05,06,浜名湖,ＧⅢ,１３６３転　２５５　４１,2026-07-18,2026-07-21,04,平和島,一般,３１４　３３５４,2026-07-07,2026-07-12,08,常滑,一般,３３１３５２４　１５１３,5143,常盤 海心,2026-08-22,2026-08-27,22,福岡,一般,５　４４１　２５３　６３,2026-08-04,2026-08-09,12,住之江,一般,６　３４６　１６６　４,2026-07-22,2026-07-27,14,鳴門,一般,３　２５５６２３６　２６,2026-07-10,2026-07-15,23,からつ,一般,２４２　３３４　４４６６,2026-06-29,2026-07-03,11,びわこ,一般,２６６　６　３３４,4384,鶴本 崇文,2026-08-29,2026-09-03,16,児島,一般,４　５４３６６４,2026-08-14,2026-08-19,10,三国,一般,２　５４１３４３３４３２,2026-07-31,2026-08-05,05,多摩川,一般,３２２２６　５４５　５,2026-07-22,2026-07-26,13,尼崎,一般,５２２１４３２２[６],2026-06-24,2026-06-29,09,津,一般,４,4840,鈴木 秀茉,2026-08-22,2026-08-27,22,福岡,一般,６　５２２　６４４　６３,2026-08-11,2026-08-16,06,浜名湖,一般,１　２４６１２　４５５５,2026-07-23,2026-07-28,03,江戸川,ＧⅢ,６４５　４５５６３６４,2026-07-15,2026-07-19,17,宮島,一般,２　６３６３３　２６,2026-06-30,2026-07-05,23,からつ,一般,３１５　２２５３２６６６,3837,秋山 広一,2026-08-27,2026-08-31,04,平和島,一般,２５１３４　３１１４,2026-08-17,2026-08-21,15,丸亀,一般,２２５３１４２　３２,2026-07-29,2026-08-03,22,福岡,一般,３５３６２　４,2026-07-16,2026-07-21,11,びわこ,一般,２　４１１５３３４２[６],2026-07-03,2026-07-08,12,住之江,一般,３２３　３１１　２１[３]
202609132109,2026-09-13,21,09R,5160,藤森 陸斗,2026-08-26,2026-08-31,11,びわこ,一般,１　５５２５１５１５３１,2026-08-20,2026-08-23,24,大村,一般,２　３４１４４１,2026-08-12,2026-08-17,22,福岡,一般,６　３４４４３エ６　３,2026-08-03,2026-08-08,17,宮島,一般,２２５　１５４６４　１５,2026-07-19,2026-07-24,22,福岡,ＧⅢ,６　３２５,5261,岡 暢祐,2026-08-21,2026-08-26,03,江戸川,一般,２　６５２　４２１　１５,2026-08-07,2026-08-11,15,丸亀,一般,５　１３４　２３５４,2026-07-22,2026-07-25,24,大村,一般,６　６６６　３４,2026-07-10,2026-07-14,09,津,一般,３　４６４４５　４４,2026-06-25,2026-06-30,13,尼崎,一般,５４６　３６５　４　２６,5208,屋良 龍紀,2026-08-22,2026-08-26,20,若松,一般,５３５　６５６　４５,2026-08-11,2026-08-16,19,下関,一般,５　２３５　６１６　２３,2026-07-01,2026-07-06,07,蒲郡,一般,３３３　５　２５３　転２,2026-06-11,2026-06-16,03,江戸川,一般,５５６　３５,2026-06-02,2026-06-08,10,三国,一般,５　２６３２５　５F４,4834,浜本 裕己,2026-08-27,2026-09-01,07,蒲郡,一般,２４１　３２４　２４２３,2026-08-13,2026-08-18,12,住之江,一般,６４３　３２１　２　F５,2026-07-31,2026-08-05,05,多摩川,一般,３１１　４４５　３３４２,2026-07-24,2026-07-27,12,住之江,一般,１２５　１４３２,2026-07-15,2026-07-21,12,住之江,一般,２１４　１５４　１６２５４５,4966,田川 大貴,2026-08-21,2026-08-26,06,浜名湖,一般,１　４５２６３３４４１５,2026-08-06,2026-08-10,24,大村,一般,３４F５２　３　６,2026-07-19,2026-07-24,22,福岡,ＧⅢ,６　５４２　３６６２２,2026-07-07,2026-07-12,20,若松,ＧⅢ,５４妨　５６２　６　１６,2026-06-27,2026-07-01,02,戸田,一般,３４４４５　１　２３,3473,石川 真二,2026-08-26,2026-08-31,11,びわこ,一般,３５２６１　２３１２[４],2026-08-17,2026-08-20,20,若松,一般,１１１１１２[４],2026-08-06,2026-08-10,24,大村,一般,２　１１２２１４１２,2026-07-22,2026-07-26,13,尼崎,一般,１４１５１１１１[１],2026-07-09,2026-07-13,16,児島,一般,２１２１２４１１[５]
202609132110,2026-09-13,21,10R,4330,奈須 啓太,2026-08-25,2026-08-30,17,宮島,一般,１６３３１　２５１５１４,2026-08-12,2026-08-17,22,福岡,一般,４　１４６５５６２　５４,2026-07-31,2026-08-04,13,尼崎,一般,５５５　１６３　３２,2026-07-21,2026-07-26,23,からつ,一般,４４１６１　４６１　１５,2026-07-10,2026-07-15,22,福岡,一般,１　３３６５２２１６１４,3873,別府 昌樹,2026-08-24,2026-08-28,15,丸亀,一般,３　２３２　２欠,2026-08-16,2026-08-19,14,鳴門,一般,６　３１３３３４,2026-07-31,2026-08-04,13,尼崎,一般,２　５６２　４５２４,2026-07-15,2026-07-21,12,住之江,一般,３　２５２　１３１５３２６４,2026-06-29,2026-07-04,08,常滑,一般,３１４　２５１４４５３４,4675,井手 良太,2026-08-26,2026-08-30,14,鳴門,一般,５　５３２６１　１２,2026-08-14,2026-08-19,17,宮島,一般,６欠,2026-07-29,2026-08-03,23,からつ,一般,４　２３２　５４２　１４,2026-07-22,2026-07-25,24,大村,一般,１　１４５３５５,2026-06-28,2026-07-02,05,多摩川,一般,１３６　２３１１[３],4261,岡 祐臣,2026-08-26,2026-08-31,11,びわこ,一般,１５４３６　４４１　４４,2026-08-15,2026-08-20,09,津,一般,１２３　６５３２１４２４,2026-08-08,2026-08-11,05,多摩川,一般,１１２　５４４６,2026-07-22,2026-07-27,14,鳴門,一般,４６３４１　６欠,2026-07-13,2026-07-18,07,蒲郡,ＧⅡ,５　１３１　２　６　４５,4638,小林 遼太,2026-08-22,2026-08-27,08,常滑,ＧⅢ,６　４５２　４５３　６５,2026-08-07,2026-08-12,20,若松,一般,１　２６３５６２１　４５,2026-07-24,2026-07-29,17,宮島,一般,５３４　１３１　１６２６,2026-07-14,2026-07-19,01,桐生,一般,３６１　３４２　１４１３,2026-06-30,2026-07-05,06,浜名湖,一般,１　２２５４３２１４３３,4092,岡部 大輔,2026-08-22,2026-08-26,20,若松,一般,２５１１６　３６３６,2026-08-06,2026-08-10,24,大村,一般,１３２　６４４４１４,2026-07-21,2026-07-26,23,からつ,一般,２１２　２６４　５４４３,2026-07-11,2026-07-14,04,平和島,一般,４６２　４６２,2026-06-26,2026-07-02,24,大村,一般,３２６　４　１５１４３４１６
202609132111,2026-09-13,21,11R,4848,仲谷 颯仁,2026-08-25,2026-08-30,01,桐生,ＳＧ,１３６　２　４６６　３,2026-08-17,2026-08-21,13,尼崎,一般,２６２２２１１３１４,2026-08-07,2026-08-12,20,若松,一般,３１３１３１２　３１[２],2026-07-28,2026-08-02,11,びわこ,ＳＧ,４　４１３　３２１　[３],2026-07-18,2026-07-22,10,三国,一般,３２２３１２５１[２],4771,下寺 秀和,2026-08-28,2026-08-31,23,からつ,一般,１４３１５１[４],2026-08-14,2026-08-19,17,宮島,一般,１６３２２１３　３１[３],2026-07-28,2026-08-02,15,丸亀,一般,５２１　１２３１４２[３],2026-07-10,2026-07-14,09,津,一般,６３４２１　１６１５,2026-06-26,2026-07-01,17,宮島,一般,３３２　１３２１２１[２],4850,野中 一平,2026-08-29,2026-09-03,19,下関,一般,１　１１６６２４１２[６],2026-08-10,2026-08-15,08,常滑,一般,１１１　４２３２３１[５],2026-07-25,2026-07-29,20,若松,一般,１２１　４４２５１２,2026-07-12,2026-07-16,05,多摩川,一般,２１４１３　５１[２],2026-06-30,2026-07-05,16,児島,ＧⅡ,５１１　６　１６３２６,4793,金子 萌,2026-08-27,2026-09-01,07,蒲郡,一般,１　１５３６２４５５３１,2026-08-11,2026-08-16,06,浜名湖,一般,１　４３３１５２３２[６],2026-07-27,2026-08-01,09,津,一般,５　６３,2026-07-12,2026-07-16,05,多摩川,一般,４６１　２５１　６２,2026-06-30,2026-07-05,16,児島,ＧⅡ,１　１６２　２　４　１６,4861,田中 宏樹,2026-08-26,2026-08-30,14,鳴門,一般,２　２４２５１６５,2026-08-07,2026-08-12,20,若松,一般,２　３３６３３４４６６,2026-07-29,2026-08-03,23,からつ,一般,５３２　４５３２１３１３,2026-07-20,2026-07-25,15,丸亀,一般,４４２　４３５６３　４２,2026-07-10,2026-07-15,22,福岡,一般,４６１５４　１５３　２４,4521,小池 公生,2026-08-24,2026-08-28,15,丸亀,一般,６５３　３　６３５３,2026-08-07,2026-08-12,20,若松,一般,３２６　１５３３２３３４,2026-07-28,2026-07-31,24,大村,一般,４　５２４　１３,2026-06-21,2026-06-26,16,児島,一般,１　１６３３２３４６６６,2026-06-11,2026-06-16,10,三国,一般,２　２３６２１４４４２１
202609132112,2026-09-13,21,12R,4812,西野 雄貴,2026-08-27,2026-09-01,07,蒲郡,一般,４４１３１６２１１３１１,2026-08-20,2026-08-23,23,からつ,一般,１３２１１１[１],2026-08-05,2026-08-10,14,鳴門,一般,２１３１３３２　２１[３],2026-07-28,2026-07-31,24,大村,一般,１５２１２２[３],2026-07-04,2026-07-09,01,桐生,一般,６２４　１４１,4137,君島 秀三,2026-08-24,2026-08-29,13,尼崎,一般,５２１４５　２３,2026-08-15,2026-08-20,11,びわこ,一般,１４１　３２３５１５１６,2026-08-04,2026-08-09,12,住之江,一般,３５３１１　１２２２[６],2026-07-28,2026-07-31,24,大村,一般,１３１４３５１５,2026-07-12,2026-07-16,05,多摩川,一般,４５２１３３４３４１,3837,秋山 広一,2026-08-27,2026-08-31,04,平和島,一般,２５１３４　３１１４,2026-08-17,2026-08-21,15,丸亀,一般,２２５３１４２　３２,2026-07-29,2026-08-03,22,福岡,一般,３５３６２　４,2026-07-16,2026-07-21,11,びわこ,一般,２　４１１５３３４２[６],2026-07-03,2026-07-08,12,住之江,一般,３２３　３１１　２１[３],3541,三嶌 誠司,2026-08-25,2026-08-30,17,宮島,一般,２３３　２３３２４４１２,2026-08-17,2026-08-20,20,若松,一般,３３４　３２１１,2026-07-31,2026-08-05,06,浜名湖,ＧⅢ,１３６３転　２５５　４１,2026-07-18,2026-07-21,04,平和島,一般,３１４　３３５４,2026-07-07,2026-07-12,08,常滑,一般,３３１３５２４　１５１３,4437,中田 元泰,2026-08-27,2026-08-31,04,平和島,一般,２５１　３３４３[５],2026-08-17,2026-08-21,15,丸亀,一般,１４３４３２１３１４,2026-08-03,2026-08-08,19,下関,一般,３３２　１５１　１４２２,2026-07-22,2026-07-25,24,大村,一般,１　４１３１[２],2026-07-13,2026-07-18,07,蒲郡,ＧⅡ,５　６　３６２２４　６,4389,伊藤 喜智,2026-08-25,2026-08-30,17,宮島,一般,３　３５４４４５,2026-08-13,2026-08-18,12,住之江,一般,４２３　４６３　５　６３,2026-07-31,2026-08-05,05,多摩川,一般,２　５３２　１５１２[５],2026-07-24,2026-07-27,06,浜名湖,一般,６６４４３　５,2026-07-14,2026-07-19,01,桐生,一般,３　２２５　３１４３１５
202609132201,2026-09-13,22,01R,5018,竹下 大樹,2026-09-04,2026-09-09,11,びわこ,一般,１４１１１　１１１１[１],2026-08-23,2026-08-27,18,徳山,一般,２３１６４２３　３２,2026-08-12,2026-08-17,22,福岡,一般,３２１３２　４１１４１２,2026-07-28,2026-07-31,24,大村,一般,３１４１２５１２,2026-07-19,2026-07-24,22,福岡,ＧⅢ,２３転　５３３　１３２３,4248,岡本 大,2026-08-30,2026-09-03,08,常滑,一般,３２４　４６３４３,2026-08-17,2026-08-20,20,若松,一般,６２５　２　３５,2026-08-06,2026-08-10,24,大村,一般,６６５４４　２　５６,2026-07-21,2026-07-26,23,からつ,一般,５２５　５４４　５４６,2026-07-09,2026-07-14,15,丸亀,一般,１　１６１４２６４２[６],5386,米玉利 大悟,2026-08-25,2026-08-30,17,宮島,一般,５６１　１４１　６６６６,2026-08-16,2026-08-19,14,鳴門,一般,６５６　５　５６,2026-08-09,2026-08-14,13,尼崎,一般,６　６４４　５５４　３,2026-07-31,2026-08-04,13,尼崎,一般,６　３６１　４落転５,2026-07-15,2026-07-19,08,常滑,一般,３　４６５　５２１４,3696,白井 友晴,2026-08-27,2026-08-31,04,平和島,一般,３５１　４４２　５４,2026-08-12,2026-08-17,02,戸田,一般,５５３　２５２　３２５４,2026-08-03,2026-08-08,19,下関,一般,４３４　２６３　１３１２,2026-07-22,2026-07-26,08,常滑,一般,４４２４２　６５３６,2026-07-03,2026-07-06,09,津,一般,６６６　４　２４,5404,内田 壮,2026-08-27,2026-09-01,07,蒲郡,一般,６　５６F　５６６　６,2026-08-19,2026-08-24,19,下関,一般,４５５　６５６５５　６,2026-08-11,2026-08-16,19,下関,一般,２　５５４　４３６　６３,2026-07-30,2026-08-04,08,常滑,一般,５４３　５３５　４５５,2026-07-18,2026-07-22,10,三国,一般,３　５転６　６　５５,4813,宮内 直哉,2026-08-25,2026-08-30,17,宮島,一般,４４５　３６４　６４４,2026-08-11,2026-08-16,04,平和島,一般,３　２５５３６　３４１,2026-07-19,2026-07-23,05,多摩川,一般,５　６　３６３１２４,2026-06-11,2026-06-15,20,若松,一般,２　５５３４４　４３,2026-05-25,2026-05-31,03,江戸川,一般,４　４６５　３４４　４　１３
202609132202,2026-09-13,22,02R,4693,松下 誉士,2026-09-04,2026-09-08,07,蒲郡,一般,１２１６５　４５２３,2026-08-21,2026-08-26,03,江戸川,一般,２　２６２　４２５　４２,2026-08-05,2026-08-10,09,津,一般,５　３６３　６５６　６５,2026-07-15,2026-07-20,18,徳山,一般,４４１　６６５　３　５４,2026-06-29,2026-07-04,08,常滑,一般,５４３　５４５　６　４４,4592,小林 孝弘,2026-08-30,2026-09-03,08,常滑,一般,４６３　５４４　６２,2026-08-15,2026-08-20,18,徳山,一般,５　５３５　１６３　３４,2026-07-29,2026-08-03,23,からつ,一般,６　５３５　６５６１３,2026-07-18,2026-07-22,10,三国,一般,２　３４３５２　５２,2026-07-05,2026-07-09,24,大村,一般,４　２６６　３　３４,4925,森 悠稀,2026-08-30,2026-09-03,08,常滑,一般,２３１４１　２６１５,2026-08-20,2026-08-23,23,からつ,一般,６　５５,2026-08-09,2026-08-14,13,尼崎,一般,４　５２３１２　５　１３,2026-07-31,2026-08-04,13,尼崎,一般,２３４　１４３３２２,2026-07-27,2026-08-01,09,津,一般,３　２,3712,淺香 文武,2026-08-29,2026-09-03,19,下関,一般,３４２　１２２５２４１２,2026-07-31,2026-08-05,06,浜名湖,ＧⅢ,２４６　２６２　６６６,2026-07-19,2026-07-23,05,多摩川,一般,４２３５５　４　５３,2026-07-04,2026-07-09,01,桐生,一般,１５２　６５６　６　６,2026-06-21,2026-06-26,16,児島,一般,２３２　５６６　２２１２,4630,岩永 雅人,2026-08-28,2026-09-02,05,多摩川,ＧⅢ,４５５　１２２５５　４６,2026-08-20,2026-08-23,24,大村,一般,５　４６２　４５,2026-08-10,2026-08-15,08,常滑,一般,４　５２エ　６４４　５４,2026-08-02,2026-08-05,21,芦屋,一般,５５４　２３２,2026-05-25,2026-05-31,07,蒲郡,一般,４　３３２２３　転４４２３４,5418,堀内 亜海,2026-08-24,2026-08-29,10,三国,一般,６　６　６６６　６　６６,2026-07-27,2026-07-31,19,下関,一般,６　６６６　６　６６,2026-07-03,2026-07-08,13,尼崎,一般,６　６６６　６５６　６,2026-05-19,2026-05-24,08,常滑,一般,５　６６６　６６６６６,2026-05-11,2026-05-14,12,住之江,一般,６　６F６　５
202609132203,2026-09-13,22,03R,5151,山下 奈緒,2026-08-30,2026-09-04,06,浜名湖,ＧⅢ,５　４３２　４５６５５,2026-08-15,2026-08-20,11,びわこ,一般,２５４　５１６　５５５,2026-07-19,2026-07-24,19,下関,ＧⅢ,４４６　５５２４１　４,2026-07-09,2026-07-13,16,児島,一般,５６５　６　５　５,2026-06-24,2026-06-29,12,住之江,一般,３２２　５４１　３１[６],3863,海老澤 泰行,2026-08-26,2026-08-30,14,鳴門,一般,４　６３５　５　２４,2026-08-15,2026-08-20,05,多摩川,一般,４　２５２　３４４１４２,2026-08-03,2026-08-08,19,下関,一般,４４５　４５２　２２３２,2026-07-24,2026-07-27,12,住之江,一般,３４６　４５４,2026-07-07,2026-07-12,20,若松,ＧⅢ,２　４５４　１６５　２４,4914,吉田 裕平,2026-09-04,2026-09-08,07,蒲郡,一般,２１２２２１４３１１,2026-07-28,2026-08-02,11,びわこ,ＳＧ,１４５　１　４２６　１５,2026-07-18,2026-07-23,09,津,ＧⅢ,３　２３１１１　１　[２],2026-07-07,2026-07-12,20,若松,ＧⅢ,１５５　４２１１１５４１,2026-06-23,2026-06-28,14,鳴門,ＳＧ,２５６　４　１６５１６,3297,藤丸 光一,2026-08-27,2026-09-01,07,蒲郡,一般,４６４　エ　５４５　４６,2026-08-15,2026-08-20,18,徳山,一般,２６２　１４３　２６３６,2026-07-29,2026-08-03,22,福岡,一般,２５１　４１６３２２[４],2026-07-15,2026-07-21,12,住之江,一般,１　５６５　６２４　２　２４,2026-06-30,2026-07-04,19,下関,一般,２５３　４４１　５３,4951,新田 洋一,2026-08-31,2026-09-05,18,徳山,一般,転５１　２５６　５３６,2026-08-17,2026-08-21,13,尼崎,一般,３５６　５３４　２,2026-08-03,2026-08-08,17,宮島,一般,４３２　５４５　５３２３,2026-06-25,2026-06-29,21,芦屋,一般,３４６　６５３　６６,2026-06-16,2026-06-21,09,津,一般,４３４　１１５　１３２１,5462,山浦 槙,2026-08-09,2026-08-14,23,からつ,一般,４　６６５　５５５　６,2026-07-09,2026-07-13,14,鳴門,一般,４５６　３　６６６４,2026-06-26,2026-07-01,17,宮島,一般,６　６６６　６５５６５,2026-06-01,2026-06-05,19,下関,一般,５　６６６　６　６６,2026-05-01,2026-05-06,23,からつ,一般,６　５　６６４６５５５
202609132204,2026-09-13,22,04R,3807,岡部 哲,2026-08-26,2026-08-31,11,びわこ,一般,３　４６１４３　３５５,2026-08-12,2026-08-17,02,戸田,一般,３　２５４　５６２１３５,2026-08-02,2026-08-05,21,芦屋,一般,２　４３２３４２,2026-07-19,2026-07-23,05,多摩川,一般,６５３　３１４５３,2026-07-07,2026-07-12,10,三国,ＧⅢ,５　３６１　３５３５１,4823,中村 桃佳,2026-08-06,2026-08-11,18,徳山,ＧⅠ,５２５　２　５４１　１,2026-07-28,2026-08-02,15,丸亀,一般,５　１４３５１４３５２３,2026-07-14,2026-07-19,21,芦屋,一般,３　１６５４６４４　２５,2026-07-01,2026-07-06,07,蒲郡,一般,２　３２１　F２３　３,2026-06-19,2026-06-24,11,びわこ,一般,１５３３５１４１３４１３,5050,木下 雄介,2026-08-28,2026-09-02,05,多摩川,ＧⅢ,６６１　２６１６４　５５,2026-08-15,2026-08-20,11,びわこ,一般,６　１２１６６３１４３１,2026-08-03,2026-08-08,19,下関,一般,５１１　３３６　５１[４],2026-07-25,2026-07-29,20,若松,一般,２３４４１　５３２１,2026-07-15,2026-07-19,08,常滑,一般,１２３　１６１２[６],4948,木場 悠介,2026-08-22,2026-08-27,08,常滑,ＧⅢ,１　５４２４４　２５６２,2026-08-06,2026-08-10,24,大村,一般,１４５５４　３５４４,2026-07-23,2026-07-27,01,桐生,一般,１４５　１５１２[５],2026-07-11,2026-07-14,04,平和島,一般,４　３５２５３２,2026-06-26,2026-07-02,24,大村,一般,１６２　２４４２４　２５２６,4059,入澤 友治,2026-06-09,2026-06-13,07,蒲郡,一般,４６４F６　６　５,2026-05-28,2026-06-02,01,桐生,一般,４５６　４３５　２３,2026-05-14,2026-05-19,02,戸田,一般,２３４　１４３３５６２５,2026-05-03,2026-05-08,04,平和島,一般,６　５２３　６３４F２,2026-04-09,2026-04-15,15,丸亀,一般,６　２６５２５　５６６　６２,4856,豊田 健士郎,2026-09-03,2026-09-08,09,津,ＧⅠ,２　２３２　３６２３２,2026-08-26,2026-08-30,14,鳴門,一般,１６２１２３２６２２,2026-08-15,2026-08-20,09,津,一般,１２３　１１１２１１[２],2026-08-08,2026-08-11,05,多摩川,一般,２２５２６５１,2026-07-27,2026-07-31,19,下関,一般,２２３１２　３１[４]
202609132205,2026-09-13,22,05R,5386,米玉利 大悟,2026-08-25,2026-08-30,17,宮島,一般,５６１　１４１　６６６６,2026-08-16,2026-08-19,14,鳴門,一般,６５６　５　５６,2026-08-09,2026-08-14,13,尼崎,一般,６　６４４　５５４　３,2026-07-31,2026-08-04,13,尼崎,一般,６　３６１　４落転５,2026-07-15,2026-07-19,08,常滑,一般,３　４６５　５２１４,4553,坪口 竜也,2026-09-01,2026-09-04,24,大村,一般,２５４欠,2026-08-21,2026-08-26,06,浜名湖,一般,３４１３３　１１１２[６],2026-08-06,2026-08-10,24,大村,一般,３３２　２５２３２１,2026-07-27,2026-07-31,19,下関,一般,２　２３１３３３３４,2026-07-18,2026-07-21,04,平和島,一般,５５２　６２２,3614,谷 勝幸,2026-08-26,2026-08-31,11,びわこ,一般,５　３３５　４５５　６４,2026-08-14,2026-08-19,17,宮島,一般,１３２　５３４　５６４４,2026-08-03,2026-08-08,19,下関,一般,２　２５３５３　５５６４,2026-07-20,2026-07-25,15,丸亀,一般,２１１　４６３　４６４６,2026-07-07,2026-07-12,10,三国,ＧⅢ,５６４　２４２　６２５,4505,島田 賢人,2026-09-03,2026-09-06,02,戸田,一般,２６２２３２２１,2026-08-16,2026-08-19,14,鳴門,一般,４５１転２　１３,2026-08-05,2026-08-10,09,津,一般,１４１　６３４２１３１３,2026-07-27,2026-08-01,10,三国,一般,２　４２４６１２１３３１,2026-07-13,2026-07-18,07,蒲郡,ＧⅡ,１３３　２　６６３３２,5395,日高 龍之介,2026-08-21,2026-08-24,07,蒲郡,一般,４５４　５２１２,2026-08-06,2026-08-10,24,大村,一般,２　６１４３４　３１,2026-07-21,2026-07-26,23,からつ,一般,６　５６４６４　６５５,2026-07-09,2026-07-14,15,丸亀,一般,５　３５６　４６６　６３,2026-06-01,2026-06-04,24,大村,一般,５５　　６　３５,4475,末永 祐輝,2026-09-01,2026-09-06,12,住之江,一般,１６３　２２１３１１[５],2026-08-21,2026-08-26,03,江戸川,一般,３５４　５４２　５３F,2026-08-11,2026-08-16,19,下関,一般,２６４３３１３　２３１２,2026-07-29,2026-08-03,23,からつ,一般,６１３３３　４４１４４４,2026-07-22,2026-07-25,24,大村,一般,４１５３２３２５
202609132206,2026-09-13,22,06R,4685,島村 隆幸,2026-09-03,2026-09-08,10,三国,一般,１１４４２２１　３５２５,2026-08-25,2026-08-30,01,桐生,ＳＧ,３６１　３　５４３　４,2026-07-07,2026-07-12,02,戸田,ＧⅡ,５５３　１２３　３　４２,2026-06-26,2026-07-01,17,宮島,一般,２２３１１１３　５１[１],2026-06-17,2026-06-22,24,大村,ＧⅡ,２３３　４　５１１３３,3505,山田 竜一,2026-08-31,2026-09-05,20,若松,ＧⅢ,６４２４１　４　１５３１,2026-08-15,2026-08-20,05,多摩川,一般,５２１　２６１　３６１４,2026-08-05,2026-08-10,09,津,一般,４４５　２５１　５６２６,2026-07-24,2026-07-27,12,住之江,一般,４６５　５　１６,2026-07-14,2026-07-19,01,桐生,一般,２　５５５　５４３　４２,3605,中村 守成,2026-08-30,2026-09-03,08,常滑,一般,４　４４５５４　３,2026-08-15,2026-08-20,09,津,一般,６　４５５　２５５　６,2026-08-06,2026-08-09,02,戸田,一般,４　３４１３２５,2026-07-22,2026-07-26,13,尼崎,一般,３　５５４　５１６,2026-07-10,2026-07-14,09,津,一般,４　２５５４４　５５,3615,横田 茂,2026-08-27,2026-08-31,04,平和島,一般,５　５５６　３　６,2026-08-14,2026-08-19,17,宮島,一般,３　４４５　６１６３３,2026-08-03,2026-08-08,19,下関,一般,１５２　１４４　５２[６],2026-07-21,2026-07-26,23,からつ,一般,２３４　６５５　２　５３,2026-07-09,2026-07-13,14,鳴門,一般,５６３　１４５　２４,4089,妹尾 忠幸,2026-09-01,2026-09-04,24,大村,一般,３　２１４２[３],2026-08-20,2026-08-23,02,戸田,一般,３３３５４　４,2026-08-08,2026-08-13,16,児島,一般,１２４３３　２４２４５１,2026-07-31,2026-08-03,20,若松,一般,３３１５４４３２,2026-07-22,2026-07-26,13,尼崎,一般,４３２　１４３２[４],5404,内田 壮,2026-08-27,2026-09-01,07,蒲郡,一般,６　５６F　５６６　６,2026-08-19,2026-08-24,19,下関,一般,４５５　６５６５５　６,2026-08-11,2026-08-16,19,下関,一般,２　５５４　４３６　６３,2026-07-30,2026-08-04,08,常滑,一般,５４３　５３５　４５５,2026-07-18,2026-07-22,10,三国,一般,３　５転６　６　５５
202609132207,2026-09-13,22,07R,3769,佐竹 恒彦,2026-08-31,2026-09-05,20,若松,ＧⅢ,３６５３５　２５２　２３,2026-08-15,2026-08-20,11,びわこ,一般,４　３４１４５　１４５,2026-08-08,2026-08-11,05,多摩川,一般,２　４３４４３６,2026-07-24,2026-07-27,12,住之江,一般,４　４４６４３,2026-07-15,2026-07-19,08,常滑,一般,４　３５１４４６１,3712,淺香 文武,2026-08-29,2026-09-03,19,下関,一般,３４２　１２２５２４１２,2026-07-31,2026-08-05,06,浜名湖,ＧⅢ,２４６　２６２　６６６,2026-07-19,2026-07-23,05,多摩川,一般,４２３５５　４　５３,2026-07-04,2026-07-09,01,桐生,一般,１５２　６５６　６　６,2026-06-21,2026-06-26,16,児島,一般,２３２　５６６　２２１２,3696,白井 友晴,2026-08-27,2026-08-31,04,平和島,一般,３５１　４４２　５４,2026-08-12,2026-08-17,02,戸田,一般,５５３　２５２　３２５４,2026-08-03,2026-08-08,19,下関,一般,４３４　２６３　１３１２,2026-07-22,2026-07-26,08,常滑,一般,４４２４２　６５３６,2026-07-03,2026-07-06,09,津,一般,６６６　４　２４,3863,海老澤 泰行,2026-08-26,2026-08-30,14,鳴門,一般,４　６３５　５　２４,2026-08-15,2026-08-20,05,多摩川,一般,４　２５２　３４４１４２,2026-08-03,2026-08-08,19,下関,一般,４４５　４５２　２２３２,2026-07-24,2026-07-27,12,住之江,一般,３４６　４５４,2026-07-07,2026-07-12,20,若松,ＧⅢ,２　４５４　１６５　２４,5392,安武 一也,2026-08-24,2026-08-28,15,丸亀,一般,６　６　５５６　５６,2026-08-10,2026-08-15,21,芦屋,一般,４　６６６　６４６　５,2026-07-29,2026-08-03,23,からつ,一般,６　６５５　５６４６４,2026-07-18,2026-07-21,20,若松,一般,　　　　　　４６,2026-07-10,2026-07-15,22,福岡,一般,６　６５６　４６５　３３,3554,仲口 博崇,2026-08-31,2026-09-05,20,若松,ＧⅢ,６４３３２　６１２３２５,2026-08-21,2026-08-24,07,蒲郡,一般,２５１３２１[５],2026-08-10,2026-08-15,08,常滑,一般,３５１１１２１５４２[２],2026-07-27,2026-07-31,19,下関,一般,３５２２２２５２[５],2026-07-17,2026-07-20,02,戸田,一般,１６１４２２２１
202609132208,2026-09-13,22,08R,4590,渡邉 優美,2026-08-06,2026-08-11,18,徳山,ＧⅠ,３４２　２５４　６　転４,2026-07-28,2026-08-02,11,びわこ,ＳＧ,６　２　６５５　２５４,2026-07-13,2026-07-18,13,尼崎,ＧⅢ,２３１　２３６２１３４２,2026-07-03,2026-07-08,12,住之江,一般,１４５　２１３１４F３,2026-06-17,2026-06-22,24,大村,ＧⅡ,４　２１４　５　２１３５,4313,西村 美智子,2026-08-30,2026-09-04,06,浜名湖,ＧⅢ,６５３２F６４　３　２,2026-08-17,2026-08-21,15,丸亀,一般,２　４６１１３４２５,2026-08-06,2026-08-11,18,徳山,ＧⅠ,２　転　４６６　５５２,2026-07-27,2026-07-31,19,下関,一般,５　４６１４６６１,2026-07-15,2026-07-19,17,宮島,一般,２３４　３４１３１１,3801,五反田 忍,2026-08-30,2026-09-04,06,浜名湖,ＧⅢ,５　６６４　５６３　転６,2026-07-19,2026-07-24,19,下関,ＧⅢ,２　１３１６２４３３６６,2026-07-03,2026-07-08,12,住之江,一般,２　１６６　６４５　１６,2026-06-12,2026-06-17,22,福岡,ＧⅢ,６　３６４　６５６　１５,2026-05-16,2026-05-21,17,宮島,一般,４　４１５　４５３５３,4823,中村 桃佳,2026-08-06,2026-08-11,18,徳山,ＧⅠ,５２５　２　５４１　１,2026-07-28,2026-08-02,15,丸亀,一般,５　１４３５１４３５２３,2026-07-14,2026-07-19,21,芦屋,一般,３　１６５４６４４　２５,2026-07-01,2026-07-06,07,蒲郡,一般,２　３２１　F２３　３,2026-06-19,2026-06-24,11,びわこ,一般,１５３３５１４１３４１３,5151,山下 奈緒,2026-08-30,2026-09-04,06,浜名湖,ＧⅢ,５　４３２　４５６５５,2026-08-15,2026-08-20,11,びわこ,一般,２５４　５１６　５５５,2026-07-19,2026-07-24,19,下関,ＧⅢ,４４６　５５２４１　４,2026-07-09,2026-07-13,16,児島,一般,５６５　６　５　５,2026-06-24,2026-06-29,12,住之江,一般,３２２　５４１　３１[６],5428,古園井 綾南,2026-08-09,2026-08-14,23,からつ,一般,６　６６６　６６６　６,2026-07-09,2026-07-13,14,鳴門,一般,６　６６６　６６６,2026-06-01,2026-06-05,19,下関,一般,６　６６６　６　６６,2026-05-01,2026-05-06,23,からつ,一般,６　６６６　エ６F　６,2026-04-20,2026-04-25,22,福岡,一般,転　６　６６６　６６５
202609132209,2026-09-13,22,09R,3436,柏野 幸二,2026-09-01,2026-09-06,12,住之江,一般,４　３転３　２５３５１,2026-08-15,2026-08-20,18,徳山,一般,６２４３６２４　５　１２,2026-07-31,2026-08-05,05,多摩川,一般,１６２　２４２　２３５３,2026-06-19,2026-06-24,11,びわこ,一般,１３４　１４３３２５３２,2026-06-03,2026-06-07,07,蒲郡,一般,２　２２３１[５],4475,末永 祐輝,2026-09-01,2026-09-06,12,住之江,一般,１６３　２２１３１１[５],2026-08-21,2026-08-26,03,江戸川,一般,３５４　５４２　５３F,2026-08-11,2026-08-16,19,下関,一般,２６４３３１３　２３１２,2026-07-29,2026-08-03,23,からつ,一般,６１３３３　４４１４４４,2026-07-22,2026-07-25,24,大村,一般,４１５３２３２５,3297,藤丸 光一,2026-08-27,2026-09-01,07,蒲郡,一般,４６４　エ　５４５　４６,2026-08-15,2026-08-20,18,徳山,一般,２６２　１４３　２６３６,2026-07-29,2026-08-03,22,福岡,一般,２５１　４１６３２２[４],2026-07-15,2026-07-21,12,住之江,一般,１　５６５　６２４　２　２４,2026-06-30,2026-07-04,19,下関,一般,２５３　４４１　５３,4925,森 悠稀,2026-08-30,2026-09-03,08,常滑,一般,２３１４１　２６１５,2026-08-20,2026-08-23,23,からつ,一般,６　５５,2026-08-09,2026-08-14,13,尼崎,一般,４　５２３１２　５　１３,2026-07-31,2026-08-04,13,尼崎,一般,２３４　１４３３２２,2026-07-27,2026-08-01,09,津,一般,３　２,5050,木下 雄介,2026-08-28,2026-09-02,05,多摩川,ＧⅢ,６６１　２６１６４　５５,2026-08-15,2026-08-20,11,びわこ,一般,６　１２１６６３１４３１,2026-08-03,2026-08-08,19,下関,一般,５１１　３３６　５１[４],2026-07-25,2026-07-29,20,若松,一般,２３４４１　５３２１,2026-07-15,2026-07-19,08,常滑,一般,１２３　１６１２[６],4248,岡本 大,2026-08-30,2026-09-03,08,常滑,一般,３２４　４６３４３,2026-08-17,2026-08-20,20,若松,一般,６２５　２　３５,2026-08-06,2026-08-10,24,大村,一般,６６５４４　２　５６,2026-07-21,2026-07-26,23,からつ,一般,５２５　５４４　５４６,2026-07-09,2026-07-14,15,丸亀,一般,１　１６１４２６４２[６]
202609132210,2026-09-13,22,10R,3841,佐々木 和伸,2026-09-01,2026-09-04,24,大村,一般,４２１６２５１３,2026-08-20,2026-08-25,21,芦屋,一般,１　５６３２４４１　５２,2026-08-05,2026-08-10,14,鳴門,一般,１１３４３　５２１３４１,2026-07-25,2026-07-29,20,若松,一般,３１１２４　１４３２,2026-07-15,2026-07-20,18,徳山,一般,５２３５１　２５２１３２,4089,妹尾 忠幸,2026-09-01,2026-09-04,24,大村,一般,３　２１４２[３],2026-08-20,2026-08-23,02,戸田,一般,３３３５４　４,2026-08-08,2026-08-13,16,児島,一般,１２４３３　２４２４５１,2026-07-31,2026-08-03,20,若松,一般,３３１５４４３２,2026-07-22,2026-07-26,13,尼崎,一般,４３２　１４３２[４],5125,高井 雄基,2026-09-01,2026-09-05,13,尼崎,一般,２６４　１５３　６６,2026-08-20,2026-08-23,04,平和島,一般,３４４５２　５５,2026-08-10,2026-08-15,08,常滑,一般,１　１５３４４６３６５３,2026-07-31,2026-08-03,20,若松,一般,１３１６５２[５],2026-07-19,2026-07-23,05,多摩川,一般,５　６５５１３　６３,4951,新田 洋一,2026-08-31,2026-09-05,18,徳山,一般,転５１　２５６　５３６,2026-08-17,2026-08-21,13,尼崎,一般,３５６　５３４　２,2026-08-03,2026-08-08,17,宮島,一般,４３２　５４５　５３２３,2026-06-25,2026-06-29,21,芦屋,一般,３４６　６５３　６６,2026-06-16,2026-06-21,09,津,一般,４３４　１１５　１３２１,5018,竹下 大樹,2026-09-04,2026-09-09,11,びわこ,一般,１４１１１　１１１１[１],2026-08-23,2026-08-27,18,徳山,一般,２３１６４２３　３２,2026-08-12,2026-08-17,22,福岡,一般,３２１３２　４１１４１２,2026-07-28,2026-07-31,24,大村,一般,３１４１２５１２,2026-07-19,2026-07-24,22,福岡,ＧⅢ,２３転　５３３　１３２３,4948,木場 悠介,2026-08-22,2026-08-27,08,常滑,ＧⅢ,１　５４２４４　２５６２,2026-08-06,2026-08-10,24,大村,一般,１４５５４　３５４４,2026-07-23,2026-07-27,01,桐生,一般,１４５　１５１２[５],2026-07-11,2026-07-14,04,平和島,一般,４　３５２５３２,2026-06-26,2026-07-02,24,大村,一般,１６２　２４４２４　２５２６
202609132211,2026-09-13,22,11R,4614,石倉 洋行,2026-08-29,2026-09-03,16,児島,一般,１３１２３１２　５１[１],2026-07-23,2026-07-28,03,江戸川,ＧⅢ,２２１　４３１　２　[１],2026-07-14,2026-07-19,01,桐生,一般,４　１５１２３　１３３２,2026-07-02,2026-07-06,21,芦屋,一般,１　４４３４２３４１,2026-06-21,2026-06-25,08,常滑,一般,２５１１３１F１５,4630,岩永 雅人,2026-08-28,2026-09-02,05,多摩川,ＧⅢ,４５５　１２２５５　４６,2026-08-20,2026-08-23,24,大村,一般,５　４６２　４５,2026-08-10,2026-08-15,08,常滑,一般,４　５２エ　６４４　５４,2026-08-02,2026-08-05,21,芦屋,一般,５５４　２３２,2026-05-25,2026-05-31,07,蒲郡,一般,４　３３２２３　転４４２３４,3807,岡部 哲,2026-08-26,2026-08-31,11,びわこ,一般,３　４６１４３　３５５,2026-08-12,2026-08-17,02,戸田,一般,３　２５４　５６２１３５,2026-08-02,2026-08-05,21,芦屋,一般,２　４３２３４２,2026-07-19,2026-07-23,05,多摩川,一般,６５３　３１４５３,2026-07-07,2026-07-12,10,三国,ＧⅢ,５　３６１　３５３５１,3769,佐竹 恒彦,2026-08-31,2026-09-05,20,若松,ＧⅢ,３６５３５　２５２　２３,2026-08-15,2026-08-20,11,びわこ,一般,４　３４１４５　１４５,2026-08-08,2026-08-11,05,多摩川,一般,２　４３４４３６,2026-07-24,2026-07-27,12,住之江,一般,４　４４６４３,2026-07-15,2026-07-19,08,常滑,一般,４　３５１４４６１,3505,山田 竜一,2026-08-31,2026-09-05,20,若松,ＧⅢ,６４２４１　４　１５３１,2026-08-15,2026-08-20,05,多摩川,一般,５２１　２６１　３６１４,2026-08-05,2026-08-10,09,津,一般,４４５　２５１　５６２６,2026-07-24,2026-07-27,12,住之江,一般,４６５　５　１６,2026-07-14,2026-07-19,01,桐生,一般,２　５５５　５４３　４２,4553,坪口 竜也,2026-09-01,2026-09-04,24,大村,一般,２５４欠,2026-08-21,2026-08-26,06,浜名湖,一般,３４１３３　１１１２[６],2026-08-06,2026-08-10,24,大村,一般,３３２　２５２３２１,2026-07-27,2026-07-31,19,下関,一般,２　２３１３３３３４,2026-07-18,2026-07-21,04,平和島,一般,５５２　６２２
202609132212,2026-09-13,22,12R,4914,吉田 裕平,2026-09-04,2026-09-08,07,蒲郡,一般,２１２２２１４３１１,2026-07-28,2026-08-02,11,びわこ,ＳＧ,１４５　１　４２６　１５,2026-07-18,2026-07-23,09,津,ＧⅢ,３　２３１１１　１　[２],2026-07-07,2026-07-12,20,若松,ＧⅢ,１５５　４２１１１５４１,2026-06-23,2026-06-28,14,鳴門,ＳＧ,２５６　４　１６５１６,4590,渡邉 優美,2026-08-06,2026-08-11,18,徳山,ＧⅠ,３４２　２５４　６　転４,2026-07-28,2026-08-02,11,びわこ,ＳＧ,６　２　６５５　２５４,2026-07-13,2026-07-18,13,尼崎,ＧⅢ,２３１　２３６２１３４２,2026-07-03,2026-07-08,12,住之江,一般,１４５　２１３１４F３,2026-06-17,2026-06-22,24,大村,ＧⅡ,４　２１４　５　２１３５,4685,島村 隆幸,2026-09-03,2026-09-08,10,三国,一般,１１４４２２１　３５２５,2026-08-25,2026-08-30,01,桐生,ＳＧ,３６１　３　５４３　４,2026-07-07,2026-07-12,02,戸田,ＧⅡ,５５３　１２３　３　４２,2026-06-26,2026-07-01,17,宮島,一般,２２３１１１３　５１[１],2026-06-17,2026-06-22,24,大村,ＧⅡ,２３３　４　５１１３３,4856,豊田 健士郎,2026-09-03,2026-09-08,09,津,ＧⅠ,２　２３２　３６２３２,2026-08-26,2026-08-30,14,鳴門,一般,１６２１２３２６２２,2026-08-15,2026-08-20,09,津,一般,１２３　１１１２１１[２],2026-08-08,2026-08-11,05,多摩川,一般,２２５２６５１,2026-07-27,2026-07-31,19,下関,一般,２２３１２　３１[４],3554,仲口 博崇,2026-08-31,2026-09-05,20,若松,ＧⅢ,６４３３２　６１２３２５,2026-08-21,2026-08-24,07,蒲郡,一般,２５１３２１[５],2026-08-10,2026-08-15,08,常滑,一般,３５１１１２１５４２[２],2026-07-27,2026-07-31,19,下関,一般,３５２２２２５２[５],2026-07-17,2026-07-20,02,戸田,一般,１６１４２２２１,4505,島田 賢人,2026-09-03,2026-09-06,02,戸田,一般,２６２２３２２１,2026-08-16,2026-08-19,14,鳴門,一般,４５１転２　１３,2026-08-05,2026-08-10,09,津,一般,１４１　６３４２１３１３,2026-07-27,2026-08-01,10,三国,一般,２　４２４６１２１３３１,2026-07-13,2026-07-18,07,蒲郡,ＧⅡ,１３３　２　６６３３２
