レースコード,レース日,レース場コード,レース回,艇1_登録番号,艇1_選手名,艇1_前1節_開始日,艇1_前1節_終了日,艇1_前1節_場コード,艇1_前1節_場名,艇1_前1節_グレード,艇1_前1節_着順列,艇1_前2節_開始日,艇1_前2節_終了日,艇1_前2節_場コード,艇1_前2節_場名,艇1_前2節_グレード,艇1_前2節_着順列,艇1_前3節_開始日,艇1_前3節_終了日,艇1_前3節_場コード,艇1_前3節_場名,艇1_前3節_グレード,艇1_前3節_着順列,艇1_前4節_開始日,艇1_前4節_終了日,艇1_前4節_場コード,艇1_前4節_場名,艇1_前4節_グレード,艇1_前4節_着順列,艇1_前5節_開始日,艇1_前5節_終了日,艇1_前5節_場コード,艇1_前5節_場名,艇1_前5節_グレード,艇1_前5節_着順列,艇2_登録番号,艇2_選手名,艇2_前1節_開始日,艇2_前1節_終了日,艇2_前1節_場コード,艇2_前1節_場名,艇2_前1節_グレード,艇2_前1節_着順列,艇2_前2節_開始日,艇2_前2節_終了日,艇2_前2節_場コード,艇2_前2節_場名,艇2_前2節_グレード,艇2_前2節_着順列,艇2_前3節_開始日,艇2_前3節_終了日,艇2_前3節_場コード,艇2_前3節_場名,艇2_前3節_グレード,艇2_前3節_着順列,艇2_前4節_開始日,艇2_前4節_終了日,艇2_前4節_場コード,艇2_前4節_場名,艇2_前4節_グレード,艇2_前4節_着順列,艇2_前5節_開始日,艇2_前5節_終了日,艇2_前5節_場コード,艇2_前5節_場名,艇2_前5節_グレード,艇2_前5節_着順列,艇3_登録番号,艇3_選手名,艇3_前1節_開始日,艇3_前1節_終了日,艇3_前1節_場コード,艇3_前1節_場名,艇3_前1節_グレード,艇3_前1節_着順列,艇3_前2節_開始日,艇3_前2節_終了日,艇3_前2節_場コード,艇3_前2節_場名,艇3_前2節_グレード,艇3_前2節_着順列,艇3_前3節_開始日,艇3_前3節_終了日,艇3_前3節_場コード,艇3_前3節_場名,艇3_前3節_グレード,艇3_前3節_着順列,艇3_前4節_開始日,艇3_前4節_終了日,艇3_前4節_場コード,艇3_前4節_場名,艇3_前4節_グレード,艇3_前4節_着順列,艇3_前5節_開始日,艇3_前5節_終了日,艇3_前5節_場コード,艇3_前5節_場名,艇3_前5節_グレード,艇3_前5節_着順列,艇4_登録番号,艇4_選手名,艇4_前1節_開始日,艇4_前1節_終了日,艇4_前1節_場コード,艇4_前1節_場名,艇4_前1節_グレード,艇4_前1節_着順列,艇4_前2節_開始日,艇4_前2節_終了日,艇4_前2節_場コード,艇4_前2節_場名,艇4_前2節_グレード,艇4_前2節_着順列,艇4_前3節_開始日,艇4_前3節_終了日,艇4_前3節_場コード,艇4_前3節_場名,艇4_前3節_グレード,艇4_前3節_着順列,艇4_前4節_開始日,艇4_前4節_終了日,艇4_前4節_場コード,艇4_前4節_場名,艇4_前4節_グレード,艇4_前4節_着順列,艇4_前5節_開始日,艇4_前5節_終了日,艇4_前5節_場コード,艇4_前5節_場名,艇4_前5節_グレード,艇4_前5節_着順列,艇5_登録番号,艇5_選手名,艇5_前1節_開始日,艇5_前1節_終了日,艇5_前1節_場コード,艇5_前1節_場名,艇5_前1節_グレード,艇5_前1節_着順列,艇5_前2節_開始日,艇5_前2節_終了日,艇5_前2節_場コード,艇5_前2節_場名,艇5_前2節_グレード,艇5_前2節_着順列,艇5_前3節_開始日,艇5_前3節_終了日,艇5_前3節_場コード,艇5_前3節_場名,艇5_前3節_グレード,艇5_前3節_着順列,艇5_前4節_開始日,艇5_前4節_終了日,艇5_前4節_場コード,艇5_前4節_場名,艇5_前4節_グレード,艇5_前4節_着順列,艇5_前5節_開始日,艇5_前5節_終了日,艇5_前5節_場コード,艇5_前5節_場名,艇5_前5節_グレード,艇5_前5節_着順列,艇6_登録番号,艇6_選手名,艇6_前1節_開始日,艇6_前1節_終了日,艇6_前1節_場コード,艇6_前1節_場名,艇6_前1節_グレード,艇6_前1節_着順列,艇6_前2節_開始日,艇6_前2節_終了日,艇6_前2節_場コード,艇6_前2節_場名,艇6_前2節_グレード,艇6_前2節_着順列,艇6_前3節_開始日,艇6_前3節_終了日,艇6_前3節_場コード,艇6_前3節_場名,艇6_前3節_グレード,艇6_前3節_着順列,艇6_前4節_開始日,艇6_前4節_終了日,艇6_前4節_場コード,艇6_前4節_場名,艇6_前4節_グレード,艇6_前4節_着順列,艇6_前5節_開始日,艇6_前5節_終了日,艇6_前5節_場コード,艇6_前5節_場名,艇6_前5節_グレード,艇6_前5節_着順列
202609070101,2026-09-07,01,01R,5070,中島 航,2025-08-11,2025-08-16,01,桐生,一般,６５５　１　６４２２５,2025-03-13,2025-03-17,01,桐生,一般,４　５　６５３　４３,2024-12-02,2024-12-07,01,桐生,一般,１１２　４４５２４５２５,2024-04-05,2024-04-10,01,桐生,一般,５　６６４　１６６　４４,2024-01-27,2024-01-31,01,桐生,一般,２　３４４６３　３５,4557,松尾 光広,2025-11-21,2025-11-25,01,桐生,一般,１６６　４１２６６,2024-07-25,2024-07-30,01,桐生,一般,６　６　１５６２４　５２,2024-02-07,2024-02-12,01,桐生,一般,６４２　４４５　３　３４,2019-10-11,2019-10-16,01,桐生,一般,３　４　６６３　１２,2019-03-12,2019-03-15,01,桐生,一般,３１転　５５４,4562,阪本 勇介,2025-10-30,2025-11-04,01,桐生,一般,４　４５４５４５４　４,2025-02-22,2025-02-27,01,桐生,一般,５３２　５６４　５　４３,2023-11-01,2023-11-06,01,桐生,一般,１　６４２　５３５６３５,2019-12-03,2019-12-08,01,桐生,一般,１１３　４２１　１４５６,2019-01-13,2019-01-18,01,桐生,一般,４５２　１　１５６４２５,4195,前川 守嗣,2026-02-05,2026-02-10,01,桐生,一般,１６６　３２４　１　５３,2023-06-05,2023-06-10,01,桐生,一般,６６５　３５６,2020-09-27,2020-10-01,01,桐生,一般,４　６３３３３　１２,2019-12-13,2019-12-16,01,桐生,一般,２６５　４　２４,2019-01-25,2019-01-30,01,桐生,一般,２６３　１　５６３　４４,3653,品川 賢次,2026-04-21,2026-04-25,01,桐生,一般,５　１１３３６５３,2026-03-06,2026-03-12,01,桐生,一般,５　６　５　５　５５４３６,2025-08-11,2025-08-16,01,桐生,一般,２３６　１３５　４４４,2025-05-01,2025-05-06,01,桐生,一般,６　５４２　５４３５６,2024-12-31,2025-01-05,01,桐生,一般,２３６　３３６　５２５,4025,山本 隆幸,2026-02-14,2026-02-18,01,桐生,一般,１２１５３２３３５１,2025-10-07,2025-10-13,01,桐生,一般,２　１１１２５　５３３１[１],2025-04-22,2025-04-27,01,桐生,ＧⅠ,２　６　２４４　１６４,2024-11-07,2024-11-12,01,桐生,一般,６１３５２３４　３２２,2024-03-17,2024-03-23,01,桐生,一般,１１１２５　１３４１[１]
202609070102,2026-09-07,01,02R,5012,加倉 侑征,2025-10-21,2025-10-26,01,桐生,ＧⅢ,F５２　３　４　落,2025-07-15,2025-07-20,01,桐生,一般,４　６５２１１４５２[５],2024-10-24,2024-10-29,01,桐生,ＧⅢ,５　３　５３６５５　５５,2024-02-07,2024-02-12,01,桐生,一般,５５２　５４３　３１１,2023-07-14,2023-07-17,01,桐生,一般,３　４４３　６３,4380,鈴木 峻佑,2025-06-26,2025-06-30,01,桐生,一般,２５６　５　１５６５,2024-07-25,2024-07-30,01,桐生,一般,６　２４１　６４２６６６,2023-01-19,2023-01-23,01,桐生,一般,４５１　５６６　２５,2022-10-29,2022-11-02,01,桐生,一般,１１６　３４３６３４,2022-01-13,2022-01-19,01,桐生,一般,５４２　３６３　５３２,5122,相馬 翔,2026-05-19,2026-05-24,01,桐生,一般,４３６　１４２　５６５４,2025-12-13,2025-12-17,01,桐生,一般,１４エ　３　５６４１,2024-06-15,2024-06-20,01,桐生,一般,４３１　１４３　５６１４,2023-06-14,2023-06-19,01,桐生,一般,６　６４１　６５６　２３,2022-12-27,2022-12-31,01,桐生,一般,４　４６６　６　１５,4943,八木 治樹,2026-03-06,2026-03-12,01,桐生,一般,１　５　４　４４３３６３転,2025-07-24,2025-07-29,01,桐生,一般,３　１４２３３３６５１４,2024-02-07,2024-02-12,01,桐生,一般,３５４　４２２　３２５,2022-10-01,2022-10-05,01,桐生,一般,４　３５４　３　３４,2022-05-28,2022-06-01,01,桐生,一般,６　５　５エ５　３３,3874,山本 寛久,2025-05-25,2025-05-30,01,桐生,一般,２４３　３２３１６２[４],2023-07-29,2023-08-03,01,桐生,ＧⅢ,６　４１２１１１５２[３],2021-09-11,2021-09-16,01,桐生,ＧⅠ,２　５　転４,2020-10-29,2020-11-03,01,桐生,ＧⅠ,４１５　２　２転６４５,2019-09-24,2019-09-29,01,桐生,一般,２　１４１４１４４３２２,4019,笠原 亮,2026-03-06,2026-03-12,01,桐生,一般,３１２　　　４２１４２２[３],2025-08-24,2025-08-29,01,桐生,一般,２１２２１　２１３１[１],2025-04-22,2025-04-27,01,桐生,ＧⅠ,３１４　５３４　４３４,2024-11-07,2024-11-12,01,桐生,一般,２１１２１１２１２１[２],2023-05-17,2023-05-22,01,桐生,ＧⅡ,３１５　２３３　２　[４]
202609070103,2026-09-07,01,03R,5107,松本 真広,2025-07-15,2025-07-20,01,桐生,一般,４６４　３４４　４　６６,2024-12-02,2024-12-07,01,桐生,一般,５　３３４　４３６　１４,2022-10-01,2022-10-05,01,桐生,一般,５　４　５３転　６６,,,,,,,,,,,,,3852,澤 大介,2025-08-24,2025-08-29,01,桐生,一般,１２２　４４５　１６６５,2024-02-16,2024-02-19,01,桐生,一般,２　４４６５６,2023-09-28,2023-10-02,01,桐生,一般,５　１３３１６３３１,2021-11-03,2021-11-07,01,桐生,一般,３３３　５５３　１,2021-10-07,2021-10-11,01,桐生,一般,４３６　２　６１５２,5181,森 智哉,2026-02-05,2026-02-10,01,桐生,一般,６４６　３　３２３４３３,2023-05-08,2023-05-13,01,桐生,一般,５　６　エ３４　５４６,,,,,,,,,,,,,,,,,,,3686,鳥居塚 孝博,2026-05-01,2026-05-06,01,桐生,一般,３１４　３４４　１３１,2026-01-02,2026-01-07,01,桐生,一般,５１４　３３３　１２１１,2025-08-11,2025-08-16,01,桐生,一般,４４１　４２３　１１２３,2025-05-01,2025-05-06,01,桐生,一般,３　３２２２３　５　３３,2025-03-03,2025-03-08,01,桐生,一般,３４　　５３３３,5048,眞鳥 康太,2025-05-25,2025-05-30,01,桐生,一般,４　４６５　５６４　６４,2024-10-15,2024-10-20,01,桐生,一般,５不,2021-07-14,2021-07-19,01,桐生,一般,４　１３３２３４４５２５,,,,,,,,,,,,,3743,林 美憲,2025-04-22,2025-04-27,01,桐生,ＧⅠ,４３３　４　４３５　１３,2023-10-18,2023-10-23,01,桐生,一般,３　２２３２２３２１[２],2019-03-18,2019-03-23,01,桐生,一般,４　１４２２１２１６２３,2018-03-10,2018-03-14,01,桐生,一般,２２２１１１４１[１],2017-09-25,2017-09-28,01,桐生,一般,３４１３１２３６
202609070104,2026-09-07,01,04R,4919,吉田 翔悟,2019-01-13,2019-01-18,01,桐生,一般,５２４　６　５６４　５２,2018-07-23,2018-07-27,01,桐生,一般,６　５　６６４　４５,,,,,,,,,,,,,,,,,,,4161,黒柳 浩孝,2026-07-04,2026-07-09,01,桐生,一般,６３２　１２３　２３６５,2026-04-01,2026-04-06,01,桐生,一般,３　３６４４５　２３３２,2025-12-13,2025-12-17,01,桐生,一般,４４,2025-03-21,2025-03-27,01,桐生,一般,４４５,2024-05-11,2024-05-16,01,桐生,一般,３　１３１５１４３３２１,3202,三品 隆浩,2026-03-06,2026-03-12,01,桐生,一般,４　５　　　４６６５６２３５,2025-09-06,2025-09-11,01,桐生,一般,４　２５５　５６５　５５,2024-11-16,2024-11-20,01,桐生,一般,５　３５６　３　６,2023-02-15,2023-02-19,01,桐生,一般,６２２　５　５５６,2021-12-16,2021-12-21,01,桐生,一般,１２５　６３４　２５４５,3946,赤岩 善生,2026-01-12,2026-01-17,01,桐生,一般,３１３２２　２１１６１２,2025-04-22,2025-04-27,01,桐生,ＧⅠ,３５６　２　６５２　２５,2024-06-15,2024-06-20,01,桐生,一般,１１２　１１２F３　２,2020-12-17,2020-12-22,01,桐生,一般,３３１３５　３２,2019-11-19,2019-11-24,01,桐生,ＳＧ,５　６４６　３５６　４,4232,笠 雅雄,2026-01-21,2026-01-25,01,桐生,一般,６　１３４　６５４５,2025-08-02,2025-08-07,01,桐生,一般,転５６　６　６６５　５２,2024-12-14,2024-12-18,01,桐生,一般,３　１６５１４５２４,2024-05-23,2024-05-28,01,桐生,一般,２　６６５　F３６　６,2022-08-23,2022-08-28,01,桐生,一般,６　２３４５１　２２３５,4513,河野 真也,2026-06-14,2026-06-18,01,桐生,一般,２　４６５２２　３１,2025-11-11,2025-11-16,01,桐生,一般,６４２　４６１３１　１１,2024-04-05,2024-04-10,01,桐生,一般,２２１３５５３　５転,2023-05-17,2023-05-22,01,桐生,ＧⅡ,２　４　２３４　５　１２,2022-11-22,2022-11-27,01,桐生,ＧⅢ,１１２　６５１　６２[４]
202609070105,2026-09-07,01,05R,5344,,,,,,,,,,,,,,,,,,,,,,,,,,,,,,,,3681,山谷 央,2025-12-27,2025-12-31,01,桐生,一般,５　１３３３４４５１,2024-08-29,2024-09-03,01,桐生,一般,５　３３１３４６F５５,2023-05-17,2023-05-22,01,桐生,ＧⅡ,５　２　２５５　５４４３,2023-04-16,2023-04-21,01,桐生,一般,１　３４１４３　１６４４,2022-03-22,2022-03-25,01,桐生,一般,４２２４２２１３,3305,小野 信樹,2026-06-05,2026-06-10,01,桐生,一般,３４２　２６６　５３６６,2026-01-21,2026-01-25,01,桐生,一般,５５６　２　６５６,2025-10-30,2025-11-04,01,桐生,一般,６５４　５　１６５　２,2024-08-22,2024-08-25,01,桐生,一般,２　１５４３６１,2019-09-15,2019-09-18,01,桐生,一般,２　５２５　３４,4044,湯川 浩司,2026-04-12,2026-04-17,01,桐生,ＧⅠ,１１３　４　４３４　２６,2025-06-07,2025-06-12,01,桐生,ＧⅠ,６　４４１　３　５４１５,2025-04-22,2025-04-27,01,桐生,ＧⅠ,４２２　４　１２２　[６],2025-03-03,2025-03-08,01,桐生,一般,６　２　１４４１２２[２],2023-09-13,2023-09-18,01,桐生,ＧⅠ,４　６２６　４１３　６５,4118,宇佐見 淳,2026-01-12,2026-01-17,01,桐生,一般,４　２１２３１　２５１４,2025-10-21,2025-10-26,01,桐生,ＧⅢ,２　２６１２１５３１[３],2025-05-17,2025-05-21,01,桐生,一般,４５２　４１５６１４,2022-12-15,2022-12-20,01,桐生,一般,２３１３６　２４４５１３,2022-11-22,2022-11-27,01,桐生,ＧⅢ,４５５　５５４２１　４３,4562,阪本 勇介,2025-10-30,2025-11-04,01,桐生,一般,４　４５４５４５４　４,2025-02-22,2025-02-27,01,桐生,一般,５３２　５６４　５　４３,2023-11-01,2023-11-06,01,桐生,一般,１　６４２　５３５６３５,2019-12-03,2019-12-08,01,桐生,一般,１１３　４２１　１４５６,2019-01-13,2019-01-18,01,桐生,一般,４５２　１　１５６４２５
202609070106,2026-09-07,01,06R,4538,笠置 博之,2026-04-01,2026-04-06,01,桐生,一般,２　１５１２２５６２[６],2025-12-27,2025-12-31,01,桐生,一般,１６１１５１１１[６],2024-08-03,2024-08-07,01,桐生,一般,４　３５６２２２１,2023-12-21,2023-12-25,01,桐生,一般,１３６　２５４　６４,2023-07-14,2023-07-17,01,桐生,一般,５　５３１　１３,4992,廣瀬 篤哉,2024-10-15,2024-10-20,01,桐生,一般,６５４　５　６５４　６３,2023-04-04,2023-04-09,01,桐生,一般,４　４４３　４６　　４６,,,,,,,,,,,,,,,,,,,3867,松浦 勝,2025-11-29,2025-12-04,01,桐生,一般,２　６５５４６　６　５６,2023-12-09,2023-12-13,01,桐生,一般,６,2023-07-29,2023-08-03,01,桐生,ＧⅢ,３　２５１６５５５　６３,2021-12-02,2021-12-07,01,桐生,一般,３５３　６４３　１５６３,2021-10-15,2021-10-19,01,桐生,一般,３　６６６　２　５３,5122,相馬 翔,2026-05-19,2026-05-24,01,桐生,一般,４３６　１４２　５６５４,2025-12-13,2025-12-17,01,桐生,一般,１４エ　３　５６４１,2024-06-15,2024-06-20,01,桐生,一般,４３１　１４３　５６１４,2023-06-14,2023-06-19,01,桐生,一般,６　６４１　６５６　２３,2022-12-27,2022-12-31,01,桐生,一般,４　４６６　６　１５,3475,橋本 久和,2026-08-11,2026-08-16,01,桐生,一般,５２４　５　４５１　５５,2026-05-01,2026-05-06,01,桐生,一般,１２２　２４　　５　３１,2026-04-01,2026-04-06,01,桐生,一般,２　４２１　転４１４４１,2026-01-21,2026-01-25,01,桐生,一般,５　２４１　２６２５,2025-11-11,2025-11-16,01,桐生,一般,欠欠,5430,鳥本 智史,2026-02-14,2026-02-18,01,桐生,一般,５　６　転６６　５６,,,,,,,,,,,,,,,,,,,,,,,,
202609070107,2026-09-07,01,07R,3319,山崎 義明,2026-01-29,2026-02-01,01,桐生,一般,２６５　４　５２,2025-07-24,2025-07-29,01,桐生,一般,３４２　２４５　４２３３,2025-03-21,2025-03-27,01,桐生,一般,１４５３　　６　１１５６１５,2024-08-22,2024-08-25,01,桐生,一般,２２２　１５[５],2024-01-18,2024-01-22,01,桐生,一般,５１５　５４４,3653,品川 賢次,2026-04-21,2026-04-25,01,桐生,一般,５　１１３３６５３,2026-03-06,2026-03-12,01,桐生,一般,５　６　５　５　５５４３６,2025-08-11,2025-08-16,01,桐生,一般,２３６　１３５　４４４,2025-05-01,2025-05-06,01,桐生,一般,６　５４２　５４３５６,2024-12-31,2025-01-05,01,桐生,一般,２３６　３３６　５２５,4877,鈴谷 一平,2026-05-28,2026-06-02,01,桐生,一般,３５３２１　２４４３,2024-09-18,2024-09-23,01,桐生,ＧⅠ,３　２６１　１　６　４２,2023-05-17,2023-05-22,01,桐生,ＧⅡ,６　２６２　４４６１２,2021-11-23,2021-11-28,01,桐生,ＧⅢ,１　１４３６１５４４５２,2020-09-19,2020-09-23,01,桐生,一般,３　１２３２１１[６],3277,齋藤 勇,2025-11-21,2025-11-25,01,桐生,一般,５　４　２６３　５３,2025-07-24,2025-07-29,01,桐生,一般,３　４４３　４３１３４４,2024-02-07,2024-02-12,01,桐生,一般,５　６２４　６５３　６,2023-09-05,2023-09-09,01,桐生,一般,３３３　４５５５５５,2023-03-04,2023-03-07,01,桐生,一般,５　２５５　４,5181,森 智哉,2026-02-05,2026-02-10,01,桐生,一般,６４６　３　３２３４３３,2023-05-08,2023-05-13,01,桐生,一般,５　６　エ３４　５４６,,,,,,,,,,,,,,,,,,,4181,花本 夏樹,2026-03-06,2026-03-12,01,桐生,一般,６　２　１　３６４５３　６３,2025-03-13,2025-03-17,01,桐生,一般,４４３　４　６５４,2024-11-16,2024-11-20,01,桐生,一般,４４１　３　３６３６,2024-03-17,2024-03-23,01,桐生,一般,５４３　２５５　１３６,2022-12-07,2022-12-11,01,桐生,一般,６転４　２　３転２
202609070108,2026-09-07,01,08R,4027,松江 秀徳,2024-07-25,2024-07-30,01,桐生,一般,６５２　１１５　３３４１,2024-02-07,2024-02-12,01,桐生,一般,１１２２５　３５６２[６],2023-02-02,2023-02-07,01,桐生,一般,５４５　２　６５２　５４,2021-08-19,2021-08-23,01,桐生,一般,１３３３３３２５４４,2016-07-19,2016-07-24,01,桐生,一般,１４３　２１１３４２[２],4440,萩原 知哉,2025-11-29,2025-12-04,01,桐生,一般,５　５６６　２３５　３５,2025-06-26,2025-06-30,01,桐生,一般,５　３５４　３５２２,2024-11-07,2024-11-12,01,桐生,一般,５　３　２５６５転　４４,2024-07-25,2024-07-30,01,桐生,一般,４　３１６　２３４３４１,2024-02-23,2024-02-27,01,桐生,一般,５　２５１５６４３,5107,松本 真広,2025-07-15,2025-07-20,01,桐生,一般,４６４　３４４　４　６６,2024-12-02,2024-12-07,01,桐生,一般,５　３３４　４３６　１４,2022-10-01,2022-10-05,01,桐生,一般,５　４　５３転　６６,,,,,,,,,,,,,4161,黒柳 浩孝,2026-07-04,2026-07-09,01,桐生,一般,６３２　１２３　２３６５,2026-04-01,2026-04-06,01,桐生,一般,３　３６４４５　２３３２,2025-12-13,2025-12-17,01,桐生,一般,４４,2025-03-21,2025-03-27,01,桐生,一般,４４５,2024-05-11,2024-05-16,01,桐生,一般,３　１３１５１４３３２１,4019,笠原 亮,2026-03-06,2026-03-12,01,桐生,一般,３１２　　　４２１４２２[３],2025-08-24,2025-08-29,01,桐生,一般,２１２２１　２１３１[１],2025-04-22,2025-04-27,01,桐生,ＧⅠ,３１４　５３４　４３４,2024-11-07,2024-11-12,01,桐生,一般,２１１２１１２１２１[２],2023-05-17,2023-05-22,01,桐生,ＧⅡ,３１５　２３３　２　[４],4195,前川 守嗣,2026-02-05,2026-02-10,01,桐生,一般,１６６　３２４　１　５３,2023-06-05,2023-06-10,01,桐生,一般,６６５　３５６,2020-09-27,2020-10-01,01,桐生,一般,４　６３３３３　１２,2019-12-13,2019-12-16,01,桐生,一般,２６５　４　２４,2019-01-25,2019-01-30,01,桐生,一般,２６３　１　５６３　４４
202609070109,2026-09-07,01,09R,4232,笠 雅雄,2026-01-21,2026-01-25,01,桐生,一般,６　１３４　６５４５,2025-08-02,2025-08-07,01,桐生,一般,転５６　６　６６５　５２,2024-12-14,2024-12-18,01,桐生,一般,３　１６５１４５２４,2024-05-23,2024-05-28,01,桐生,一般,２　６６５　F３６　６,2022-08-23,2022-08-28,01,桐生,一般,６　２３４５１　２２３５,3686,鳥居塚 孝博,2026-05-01,2026-05-06,01,桐生,一般,３１４　３４４　１３１,2026-01-02,2026-01-07,01,桐生,一般,５１４　３３３　１２１１,2025-08-11,2025-08-16,01,桐生,一般,４４１　４２３　１１２３,2025-05-01,2025-05-06,01,桐生,一般,３　３２２２３　５　３３,2025-03-03,2025-03-08,01,桐生,一般,３４　　５３３３,4025,山本 隆幸,2026-02-14,2026-02-18,01,桐生,一般,１２１５３２３３５１,2025-10-07,2025-10-13,01,桐生,一般,２　１１１２５　５３３１[１],2025-04-22,2025-04-27,01,桐生,ＧⅠ,２　６　２４４　１６４,2024-11-07,2024-11-12,01,桐生,一般,６１３５２３４　３２２,2024-03-17,2024-03-23,01,桐生,一般,１１１２５　１３４１[１],5012,加倉 侑征,2025-10-21,2025-10-26,01,桐生,ＧⅢ,F５２　３　４　落,2025-07-15,2025-07-20,01,桐生,一般,４　６５２１１４５２[５],2024-10-24,2024-10-29,01,桐生,ＧⅢ,５　３　５３６５５　５５,2024-02-07,2024-02-12,01,桐生,一般,５５２　５４３　３１１,2023-07-14,2023-07-17,01,桐生,一般,３　４４３　６３,4033,伊藤 将吉,2025-10-30,2025-11-04,01,桐生,一般,１４１　２１２　４１[２],2025-02-13,2025-02-19,01,桐生,一般,１　２２４１　　２１[２],2024-08-22,2024-08-25,01,桐生,一般,３６５２４５６２,2024-05-23,2024-05-28,01,桐生,一般,５　４１１１４２４４,2023-12-21,2023-12-25,01,桐生,一般,２２２１４　１３[５],3681,山谷 央,2025-12-27,2025-12-31,01,桐生,一般,５　１３３３４４５１,2024-08-29,2024-09-03,01,桐生,一般,５　３３１３４６F５５,2023-05-17,2023-05-22,01,桐生,ＧⅡ,５　２　２５５　５４４３,2023-04-16,2023-04-21,01,桐生,一般,１　３４１４３　１６４４,2022-03-22,2022-03-25,01,桐生,一般,４２２４２２１３
202609070110,2026-09-07,01,10R,5228,若林 樹蘭,2026-06-14,2026-06-18,01,桐生,一般,３　２５４　３　１５,2026-01-12,2026-01-17,01,桐生,一般,４　５５１１１４４３５１,2023-03-04,2023-03-07,01,桐生,一般,１　６４５　５３,2022-11-09,2022-11-13,01,桐生,一般,３　３　３２５５１６,2022-04-16,2022-04-21,01,桐生,一般,６　５５５　６３５　６２,3946,赤岩 善生,2026-01-12,2026-01-17,01,桐生,一般,３１３２２　２１１６１２,2025-04-22,2025-04-27,01,桐生,ＧⅠ,３５６　２　６５２　２５,2024-06-15,2024-06-20,01,桐生,一般,１１２　１１２F３　２,2020-12-17,2020-12-22,01,桐生,一般,３３１３５　３２,2019-11-19,2019-11-24,01,桐生,ＳＧ,５　６４６　３５６　４,4040,廣瀬 将亨,2026-02-05,2026-02-10,01,桐生,一般,１６１２２　１１２　[６],2025-07-04,2025-07-09,01,桐生,一般,４３１４４　２６４５１２,2025-03-03,2025-03-08,01,桐生,一般,１　５　５６２５６　１３,2024-09-07,2024-09-12,01,桐生,一般,１３１　４４４　１４４２,2024-04-05,2024-04-10,01,桐生,一般,５３６５６　３６６　２１,3852,澤 大介,2025-08-24,2025-08-29,01,桐生,一般,１２２　４４５　１６６５,2024-02-16,2024-02-19,01,桐生,一般,２　４４６５６,2023-09-28,2023-10-02,01,桐生,一般,５　１３３１６３３１,2021-11-03,2021-11-07,01,桐生,一般,３３３　５５３　１,2021-10-07,2021-10-11,01,桐生,一般,４３６　２　６１５２,4943,八木 治樹,2026-03-06,2026-03-12,01,桐生,一般,１　５　４　４４３３６３転,2025-07-24,2025-07-29,01,桐生,一般,３　１４２３３３６５１４,2024-02-07,2024-02-12,01,桐生,一般,３５４　４２２　３２５,2022-10-01,2022-10-05,01,桐生,一般,４　３５４　３　３４,2022-05-28,2022-06-01,01,桐生,一般,６　５　５エ５　３３,4531,武富 智亮,2022-01-13,2022-01-19,01,桐生,一般,２３５４１　２４１１[３],2021-08-19,2021-08-23,01,桐生,一般,３２４２２　２３４１,2019-09-24,2019-09-29,01,桐生,一般,２　５４２　３２３３１５,2018-03-10,2018-03-14,01,桐生,一般,６４,2015-03-05,2015-03-09,01,桐生,一般,３３３　３６５　２１
202609070111,2026-09-07,01,11R,4028,田村 隆信,2023-09-13,2023-09-18,01,桐生,ＧⅠ,２　４６５　１５３１６,2019-11-19,2019-11-24,01,桐生,ＳＧ,５２５　５１１　２　[６],2018-09-06,2018-09-11,01,桐生,ＧⅠ,６　１２１　２５５　３１,2018-04-19,2018-04-23,01,桐生,一般,１５６１３１５４４３,2017-10-14,2017-10-19,01,桐生,ＧⅠ,６　６１２１５　３　４,3874,山本 寛久,2025-05-25,2025-05-30,01,桐生,一般,２４３　３２３１６２[４],2023-07-29,2023-08-03,01,桐生,ＧⅢ,６　４１２１１１５２[３],2021-09-11,2021-09-16,01,桐生,ＧⅠ,２　５　転４,2020-10-29,2020-11-03,01,桐生,ＧⅠ,４１５　２　２転６４５,2019-09-24,2019-09-29,01,桐生,一般,２　１４１４１４４３２２,4342,谷野 錬志,2026-04-12,2026-04-17,01,桐生,ＧⅠ,５４６　５２１　５５１,2024-10-24,2024-10-29,01,桐生,ＧⅢ,２３１１２　２２１２[３],2023-06-23,2023-06-28,01,桐生,一般,４４２　１１２２１１[４],2022-07-02,2022-07-07,01,桐生,一般,６４２１３　１４２４５５,2020-10-29,2020-11-03,01,桐生,ＧⅠ,４　５４１　３２５２３,4118,宇佐見 淳,2026-01-12,2026-01-17,01,桐生,一般,４　２１２３１　２５１４,2025-10-21,2025-10-26,01,桐生,ＧⅢ,２　２６１２１５３１[３],2025-05-17,2025-05-21,01,桐生,一般,４５２　４１５６１４,2022-12-15,2022-12-20,01,桐生,一般,２３１３６　２４４５１３,2022-11-22,2022-11-27,01,桐生,ＧⅢ,４５５　５５４２１　４３,3277,齋藤 勇,2025-11-21,2025-11-25,01,桐生,一般,５　４　２６３　５３,2025-07-24,2025-07-29,01,桐生,一般,３　４４３　４３１３４４,2024-02-07,2024-02-12,01,桐生,一般,５　６２４　６５３　６,2023-09-05,2023-09-09,01,桐生,一般,３３３　４５５５５５,2023-03-04,2023-03-07,01,桐生,一般,５　２５５　４,5048,眞鳥 康太,2025-05-25,2025-05-30,01,桐生,一般,４　４６５　５６４　６４,2024-10-15,2024-10-20,01,桐生,一般,５不,2021-07-14,2021-07-19,01,桐生,一般,４　１３３２３４４５２５,,,,,,,,,,,,
202609070112,2026-09-07,01,12R,4044,湯川 浩司,2026-04-12,2026-04-17,01,桐生,ＧⅠ,１１３　４　４３４　２６,2025-06-07,2025-06-12,01,桐生,ＧⅠ,６　４４１　３　５４１５,2025-04-22,2025-04-27,01,桐生,ＧⅠ,４２２　４　１２２　[６],2025-03-03,2025-03-08,01,桐生,一般,６　２　１４４１２２[２],2023-09-13,2023-09-18,01,桐生,ＧⅠ,４　６２６　４１３　６５,3743,林 美憲,2025-04-22,2025-04-27,01,桐生,ＧⅠ,４３３　４　４３５　１３,2023-10-18,2023-10-23,01,桐生,一般,３　２２３２２３２１[２],2019-03-18,2019-03-23,01,桐生,一般,４　１４２２１２１６２３,2018-03-10,2018-03-14,01,桐生,一般,２２２１１１４１[１],2017-09-25,2017-09-28,01,桐生,一般,３４１３１２３６,4513,河野 真也,2026-06-14,2026-06-18,01,桐生,一般,２　４６５２２　３１,2025-11-11,2025-11-16,01,桐生,一般,６４２　４６１３１　１１,2024-04-05,2024-04-10,01,桐生,一般,２２１３５５３　５転,2023-05-17,2023-05-22,01,桐生,ＧⅡ,２　４　２３４　５　１２,2022-11-22,2022-11-27,01,桐生,ＧⅢ,１１２　６５１　６２[４],3319,山崎 義明,2026-01-29,2026-02-01,01,桐生,一般,２６５　４　５２,2025-07-24,2025-07-29,01,桐生,一般,３４２　２４５　４２３３,2025-03-21,2025-03-27,01,桐生,一般,１４５３　　６　１１５６１５,2024-08-22,2024-08-25,01,桐生,一般,２２２　１５[５],2024-01-18,2024-01-22,01,桐生,一般,５１５　５４４,4992,廣瀬 篤哉,2024-10-15,2024-10-20,01,桐生,一般,６５４　５　６５４　６３,2023-04-04,2023-04-09,01,桐生,一般,４　４４３　４６　　４６,,,,,,,,,,,,,,,,,,,4440,萩原 知哉,2025-11-29,2025-12-04,01,桐生,一般,５　５６６　２３５　３５,2025-06-26,2025-06-30,01,桐生,一般,５　３５４　３５２２,2024-11-07,2024-11-12,01,桐生,一般,５　３　２５６５転　４４,2024-07-25,2024-07-30,01,桐生,一般,４　３１６　２３４３４１,2024-02-23,2024-02-27,01,桐生,一般,５　２５１５６４３
202609070301,2026-09-07,03,01R,3303,渡辺 豊,2026-08-09,2026-08-15,03,江戸川,一般,４４５　４６１　６５１,2026-04-26,2026-05-01,03,江戸川,一般,４３３　１　４　２２１５,2026-02-01,2026-02-04,03,江戸川,一般,２　１３１１[１],2025-12-17,2025-12-21,03,江戸川,一般,４　１２４　２１１４,2025-11-23,2025-11-28,03,江戸川,一般,３６２　４４３　５３３２,5120,山本 稔太朗,2026-02-28,2026-03-03,03,江戸川,一般,５４２　６２５２,2024-02-11,2024-02-18,03,江戸川,一般,５　２２　　２　６F３６１２,2023-07-12,2023-07-17,03,江戸川,ＧⅢ,３　３６転,2022-11-26,2022-12-02,03,江戸川,一般,５６１　２２５　４２３２,2022-10-13,2022-10-17,03,江戸川,一般,３　３５４　１３１５,4257,古川 健,2026-06-03,2026-06-07,03,江戸川,一般,４　２６１２５３,2026-02-08,2026-02-12,03,江戸川,一般,５３６　６４１３５６,2025-10-25,2025-10-30,03,江戸川,一般,２　２６５　２６１２４４,2025-01-23,2025-01-28,03,江戸川,一般,４　３５６　５３４１４２,2024-02-11,2024-02-18,03,江戸川,一般,４５２　４　１６１１４　２６,5315,浅井 翼,2026-07-11,2026-07-16,03,江戸川,一般,１６５　１６転　６６６２,2026-04-26,2026-05-01,03,江戸川,一般,６６６　６４６　６６６６,2026-01-10,2026-01-15,03,江戸川,一般,５６５　６４,2025-09-21,2025-09-24,03,江戸川,一般,　　　　　　５５,2025-05-07,2025-05-12,03,江戸川,一般,４３６５６　３６落,3839,川合 理司,2026-04-13,2026-04-18,03,江戸川,一般,３　３４３２５　５　４２,2026-02-08,2026-02-12,03,江戸川,一般,３５３　２３３　２３,2025-10-14,2025-10-19,03,江戸川,ＧⅡ,　　　　　　　　５　６５,2025-10-05,2025-10-11,03,江戸川,ＧⅢ,２５４　５６１　３３２６,2025-06-14,2025-06-17,03,江戸川,一般,３　３６１４２,4623,中北 将史,2026-06-03,2026-06-07,03,江戸川,一般,２　５２１　６１,2025-12-17,2025-12-21,03,江戸川,一般,３　４５４　３５３６,2025-09-14,2025-09-18,03,江戸川,一般,４２６　６６３　１４,2025-02-13,2025-02-19,03,江戸川,一般,５５５５１　４６５　３５,2024-03-07,2024-03-11,03,江戸川,一般,欠
202609070302,2026-09-07,03,02R,3859,多羅尾 達之,2020-12-24,2020-12-28,03,江戸川,一般,４６５　２６６　４１,2020-08-13,2020-08-18,03,江戸川,一般,２　F４５　６３６６６,2020-02-18,2020-02-22,03,江戸川,一般,１　５４１３２　３５,2019-08-09,2019-08-14,03,江戸川,一般,５４５　２６４　３６６３,2019-07-11,2019-07-16,03,江戸川,一般,４　５５１　６６２　F２,4661,中島 昂章,2024-02-20,2024-02-23,03,江戸川,一般,３１３　４３２４,2023-12-24,2023-12-28,03,江戸川,一般,３　２３３　１２３２,2023-07-27,2023-08-01,03,江戸川,一般,１　１２４２６　４６F２,2023-02-24,2023-03-01,03,江戸川,一般,２　１４２転３　１　４３,2023-01-10,2023-01-15,03,江戸川,一般,１２５１３　４２３４３１,4179,広次 修,2025-12-17,2025-12-21,03,江戸川,一般,５　６３２２５　３,2025-09-21,2025-09-24,03,江戸川,一般,２　６４４６１,2025-05-07,2025-05-12,03,江戸川,一般,２６１　１２２　３４５２,2021-11-02,2021-11-07,03,江戸川,一般,２　５３２　３２５４３５,2021-09-02,2021-09-07,03,江戸川,一般,４１５　４４５６,4173,岡谷 健吾,2021-10-01,2021-10-07,03,江戸川,一般,４４２　５４４５４　５,2019-03-26,2019-03-30,03,江戸川,一般,４１１　２　５２[２],2018-03-22,2018-03-26,03,江戸川,一般,３５１　３５１　２３,2017-10-18,2017-10-22,03,江戸川,一般,６　１５１　１５４６,2017-04-05,2017-04-11,03,江戸川,一般,６　　　１　４２５　３２,4004,山本 浩輔,2025-11-16,2025-11-19,03,江戸川,一般,５１２　１４２５,2023-09-02,2023-09-07,03,江戸川,一般,５３３　２５　　４３,2023-05-15,2023-05-20,03,江戸川,一般,４　５２１　４５６　５３,2018-11-12,2018-11-15,03,江戸川,一般,１６６４２　３３,2016-07-16,2016-07-21,03,江戸川,一般,４１４　３４１１４３[３],4583,古田 祐貴,2026-02-28,2026-03-03,03,江戸川,一般,２　４１２３６５,2025-10-14,2025-10-19,03,江戸川,ＧⅡ,４　６３４　１５２２２,2025-08-03,2025-08-08,03,江戸川,ＧⅢ,４　１　４６３　転３４３,2025-05-23,2025-05-28,03,江戸川,一般,６２２　５３２　２３１５,2025-03-11,2025-03-16,03,江戸川,一般,４２５　１４３１３５４
202609070303,2026-09-07,03,03R,4258,関根 彰人,2026-04-26,2026-05-01,03,江戸川,一般,５２５　３　６　１５６,2025-12-25,2025-12-29,03,江戸川,一般,３３エ　６４３　４１,2025-08-03,2025-08-08,03,江戸川,ＧⅢ,３５５　４６３　２２２１,2025-04-24,2025-04-29,03,江戸川,一般,１５３　１２５　５　４３,2025-03-01,2025-03-06,03,江戸川,一般,４　２５２３５　２２２５,5071,野見山 拓己,2025-11-07,2025-11-12,03,江戸川,一般,４６６　４５４　４４３２,2025-01-23,2025-01-28,03,江戸川,一般,L１１　６５５１１　５４,2023-12-24,2023-12-28,03,江戸川,一般,１４６　３２４　２３,2023-11-01,2023-11-06,03,江戸川,一般,４　２３３　２４１　３６,2023-09-09,2023-09-15,03,江戸川,一般,２　２４１　１３３４１３,4888,金児 隆太,2025-12-25,2025-12-29,03,江戸川,一般,１５４　５３５　２３,2024-01-15,2024-01-20,03,江戸川,ＧⅡ,６　２エ３　５２３３２,2023-12-16,2023-12-20,03,江戸川,一般,６　５５５　５１５１,2023-10-21,2023-10-25,03,江戸川,一般,１　３２６　３６３２,2023-03-19,2023-03-24,03,江戸川,一般,５１２　５４１　２２１２,3944,山口 裕二,2025-10-05,2025-10-11,03,江戸川,ＧⅢ,４２　　２５２　１３３６,2021-12-08,2021-12-13,03,江戸川,ＧⅡ,３　１３５　３４４　１４,2021-10-15,2021-10-20,03,江戸川,ＧⅠ,３　４　５１３　２２２５,2018-05-11,2018-05-16,03,江戸川,一般,３　３　３３３４２　５５,2017-10-26,2017-10-31,03,江戸川,一般,２　２３４　４２　　３１,4604,岩瀬 裕亮,2026-02-18,2026-02-24,03,江戸川,ＧⅠ,４３２　４　３１４　１６,2025-11-23,2025-11-28,03,江戸川,一般,１５３　１４１　３３[３],2025-07-05,2025-07-10,03,江戸川,一般,３　４３３　１１３４３１,2025-01-14,2025-01-19,03,江戸川,ＧⅠ,１　２３５　２　２　[３],2023-10-07,2023-10-09,03,江戸川,一般,２　１４１１,5098,大江 純,2024-05-18,2024-05-23,03,江戸川,一般,５６１　３４４６欠,2023-06-29,2023-07-04,03,江戸川,一般,２　４６４１１　５２１２,2022-11-16,2022-11-20,03,江戸川,一般,６　３６４　４６５５,2022-10-13,2022-10-17,03,江戸川,一般,５　２６２　３６３６,2021-06-15,2021-06-18,03,江戸川,一般,５　５５４４１
202609070304,2026-09-07,03,04R,5138,村本 大成,2026-03-07,2026-03-10,03,江戸川,一般,５５３　６４１,2025-12-08,2025-12-14,03,江戸川,一般,３５３　５４５３３　４３,2024-12-24,2024-12-29,03,江戸川,一般,６　１３３５６　４６５５,2023-02-03,2023-02-06,03,江戸川,一般,５６６　３６４６,2022-09-17,2022-09-22,03,江戸川,一般,５５３　５　５　１５６,3857,阿波 勝哉,2026-02-01,2026-02-04,03,江戸川,一般,５　４５４２１６,2021-10-01,2021-10-07,03,江戸川,一般,F　２１３５３　２３３,2017-02-12,2017-02-18,03,江戸川,一般,１　１４１１５　５　不１,2015-11-14,2015-11-19,03,江戸川,一般,４　４５F　２２１３転２,2013-08-15,2013-08-20,03,江戸川,一般,５　１３４　２５１５２２,5378,鈴木 結平太,2026-01-10,2026-01-15,03,江戸川,一般,６６５６６,2025-09-21,2025-09-24,03,江戸川,一般,４５６　６５６６,2025-07-05,2025-07-10,03,江戸川,一般,５　６５６　６５６　６６,,,,,,,,,,,,,3850,小川 知行,2026-06-24,2026-06-29,03,江戸川,一般,５４６　１２３　２６３,2025-11-23,2025-11-28,03,江戸川,一般,１　１３５　１２５３[５],2025-10-05,2025-10-11,03,江戸川,ＧⅢ,２６３　４６４　４５３３,2025-05-23,2025-05-28,03,江戸川,一般,４　１５５　５６５４３,2025-02-13,2025-02-19,03,江戸川,一般,５　３６５５１　２５６６,4427,秦 英悟,2025-04-08,2025-04-13,03,江戸川,一般,１１１１４　３１１１[１],2024-12-24,2024-12-29,03,江戸川,一般,１６５３欠,2022-11-26,2022-12-02,03,江戸川,一般,４５３　２１１　３２[３],2019-12-24,2019-12-29,03,江戸川,一般,４　３２５　２４１　２３,2017-12-24,2017-12-29,03,江戸川,一般,５　３１５　３１１２３F,3685,荒井 輝年,2026-06-24,2026-06-29,03,江戸川,一般,２５１　２５４　１１１１,2026-02-08,2026-02-12,03,江戸川,一般,４５５　２５４２２,2025-10-05,2025-10-11,03,江戸川,ＧⅢ,３２５　３２２　４,2025-01-23,2025-01-28,03,江戸川,一般,３　３６５４６,2024-09-12,2024-09-18,03,江戸川,ＧⅢ,４　１　２　　　４１５　３３
202609070305,2026-09-07,03,05R,5053,山口 広樹,2025-11-16,2025-11-19,03,江戸川,一般,６　６６１　２６,2025-08-03,2025-08-08,03,江戸川,ＧⅢ,２２４　６　４３５F３,2025-01-23,2025-01-28,03,江戸川,一般,１６６　３２１３１３[４],2024-02-04,2024-02-07,03,江戸川,一般,１　５　１５５,2023-05-15,2023-05-20,03,江戸川,一般,４６４　３５２　５５３６,3655,本橋 克洋,2026-06-03,2026-06-07,03,江戸川,一般,３２２　３３２５,2026-03-07,2026-03-10,03,江戸川,一般,３　４６１　２４,2025-09-14,2025-09-18,03,江戸川,一般,２　４２１　３３転６,2025-06-14,2025-06-17,03,江戸川,一般,２　３３３　２５,2024-11-18,2024-11-22,03,江戸川,一般,３２４　１２２　３１,4880,澤崎 雄哉,2026-04-26,2026-05-01,03,江戸川,一般,２　１３２　４３５　４５,2026-01-10,2026-01-15,03,江戸川,一般,４４４　３エ,2025-08-17,2025-08-22,03,江戸川,一般,３２２４１　３６２　５６,2025-08-03,2025-08-08,03,江戸川,ＧⅢ,５　２４３　３２３３２３,2025-05-07,2025-05-12,03,江戸川,一般,２３４４４　F２４　６２,4189,川上 剛,2026-02-28,2026-03-03,03,江戸川,一般,１５３　１１[６],2025-06-05,2025-06-10,03,江戸川,一般,　　４３３　５１４４[５],2024-04-19,2024-04-25,03,江戸川,一般,２　４１４　２１４５５２,2023-08-25,2023-08-29,03,江戸川,一般,３　６２２　２３３,2022-12-06,2022-12-09,03,江戸川,一般,３　４２１４４５,5427,港 理樹,2026-07-11,2026-07-16,03,江戸川,一般,５　３５５５４　５３６,2026-04-26,2026-05-01,03,江戸川,一般,６　５２４　３４転　６５,,,,,,,,,,,,,,,,,,,4418,茅原 悠紀,2026-02-18,2026-02-24,03,江戸川,ＧⅠ,１２１　４　１４F　２,2024-02-27,2024-03-04,03,江戸川,ＧⅠ,１　６３２　２４　　１３,2023-04-16,2023-04-21,03,江戸川,一般,４２１　２１１　１１[４],2023-02-24,2023-03-01,03,江戸川,一般,３　３３６１１　１　１１,2019-09-24,2019-09-29,03,江戸川,ＧⅠ,６６１　５４２　３３４
202609070306,2026-09-07,03,06R,4407,鹿島 敏弘,2026-06-24,2026-06-29,03,江戸川,一般,６　１６２　５４２　３２,2026-03-07,2026-03-10,03,江戸川,一般,２　３６２　１３,2025-11-16,2025-11-19,03,江戸川,一般,１３１３３　[４],2025-10-14,2025-10-19,03,江戸川,ＧⅡ,　　　　　　　　６　６６,2025-09-28,2025-10-02,03,江戸川,一般,２４５　１２４２４２,4438,森作 雄大,2026-08-09,2026-08-15,03,江戸川,一般,１４３　６１６　１２６５,2026-06-24,2026-06-29,03,江戸川,一般,１　５４４　４４４　６２,2026-05-11,2026-05-16,03,江戸川,ＧⅡ,３　１　６　６６６６２,2026-04-26,2026-05-01,03,江戸川,一般,５３２　６　５　５１１,2026-03-07,2026-03-10,03,江戸川,一般,４６１　３２５６,3256,三角 哲男,2026-03-15,2026-03-20,03,江戸川,一般,３２欠　１２５　５５４,2026-01-02,2026-01-07,03,江戸川,一般,３５３　２２６　２４３,2025-02-21,2025-02-26,03,江戸川,一般,６１３　５３１　３２１４,2024-11-18,2024-11-22,03,江戸川,一般,４２１１１　２１[３],2024-08-27,2024-09-01,03,江戸川,一般,　　４４１　３６１　１３,4000,松本 博昭,2026-02-08,2026-02-12,03,江戸川,一般,２４４１４　１４２５,2025-09-28,2025-10-02,03,江戸川,一般,エ　６５,2025-02-21,2025-02-26,03,江戸川,一般,１　２３２　２５３　１５,2024-04-19,2024-04-25,03,江戸川,一般,５４３　２１６　１３４,2024-01-15,2024-01-20,03,江戸川,ＧⅡ,３４５　５５６　４６４,4173,岡谷 健吾,2021-10-01,2021-10-07,03,江戸川,一般,４４２　５４４５４　５,2019-03-26,2019-03-30,03,江戸川,一般,４１１　２　５２[２],2018-03-22,2018-03-26,03,江戸川,一般,３５１　３５１　２３,2017-10-18,2017-10-22,03,江戸川,一般,６　１５１　１５４６,2017-04-05,2017-04-11,03,江戸川,一般,６　　　１　４２５　３２,3839,川合 理司,2026-04-13,2026-04-18,03,江戸川,一般,３　３４３２５　５　４２,2026-02-08,2026-02-12,03,江戸川,一般,３５３　２３３　２３,2025-10-14,2025-10-19,03,江戸川,ＧⅡ,　　　　　　　　５　６５,2025-10-05,2025-10-11,03,江戸川,ＧⅢ,２５４　５６１　３３２６,2025-06-14,2025-06-17,03,江戸川,一般,３　３６１４２
202609070307,2026-09-07,03,07R,5071,野見山 拓己,2025-11-07,2025-11-12,03,江戸川,一般,４６６　４５４　４４３２,2025-01-23,2025-01-28,03,江戸川,一般,L１１　６５５１１　５４,2023-12-24,2023-12-28,03,江戸川,一般,１４６　３２４　２３,2023-11-01,2023-11-06,03,江戸川,一般,４　２３３　２４１　３６,2023-09-09,2023-09-15,03,江戸川,一般,２　２４１　１３３４１３,3859,多羅尾 達之,2020-12-24,2020-12-28,03,江戸川,一般,４６５　２６６　４１,2020-08-13,2020-08-18,03,江戸川,一般,２　F４５　６３６６６,2020-02-18,2020-02-22,03,江戸川,一般,１　５４１３２　３５,2019-08-09,2019-08-14,03,江戸川,一般,５４５　２６４　３６６３,2019-07-11,2019-07-16,03,江戸川,一般,４　５５１　６６２　F２,5087,佐藤 航,2026-02-08,2026-02-12,03,江戸川,一般,４　３１１　３２[１],2024-06-16,2024-06-21,03,江戸川,一般,６４５　３５４　６２１３,2023-04-16,2023-04-21,03,江戸川,一般,６　１６２　１５５　１２,2022-02-20,2022-02-25,03,江戸川,一般,１　１６５６５　２５２３,2020-11-17,2020-11-24,03,江戸川,一般,４　６４６　落５４　６４,4471,新田 泰章,2025-11-07,2025-11-12,03,江戸川,一般,１　３３３　１１２５２１,2025-07-05,2025-07-10,03,江戸川,一般,４　１３２　２１エ３[２],2024-11-26,2024-11-30,03,江戸川,一般,２２５　１３[３],2024-08-27,2024-09-01,03,江戸川,一般,２　３　５４２　３４６２,2023-08-25,2023-08-29,03,江戸川,一般,２１６　２２４　２２,5315,浅井 翼,2026-07-11,2026-07-16,03,江戸川,一般,１６５　１６転　６６６２,2026-04-26,2026-05-01,03,江戸川,一般,６６６　６４６　６６６６,2026-01-10,2026-01-15,03,江戸川,一般,５６５　６４,2025-09-21,2025-09-24,03,江戸川,一般,　　　　　　５５,2025-05-07,2025-05-12,03,江戸川,一般,４３６５６　３６落,4896,花本 剛,2026-03-15,2026-03-20,03,江戸川,一般,３　３５３　１６５　４６,2025-09-21,2025-09-24,03,江戸川,一般,４　４６５６３,2025-06-14,2025-06-17,03,江戸川,一般,３５６　３６５２,2024-07-30,2024-08-04,03,江戸川,ＧⅢ,２　３４６６５　４４４５,2017-02-12,2017-02-18,03,江戸川,一般,４４６５１　４４F６６４
202609070308,2026-09-07,03,08R,3956,横澤 剛治,2024-12-15,2024-12-20,03,江戸川,一般,１　３５２　５１３４３１,2024-07-16,2024-07-21,03,江戸川,ＧⅡ,３　１　１４４　５　１５,2023-09-02,2023-09-07,03,江戸川,一般,１　１１３３[]　[１],2022-12-06,2022-12-09,03,江戸川,一般,３４２　３５２２,2022-07-26,2022-07-31,03,江戸川,ＧⅡ,F５６　４６５落,3664,鈴木 賢一,2013-01-29,2013-02-04,03,江戸川,ＧⅠ,６　４２５　４５６　４,2012-10-12,2012-10-17,03,江戸川,一般,３　１１１４２　２１[４],2011-12-01,2011-12-06,03,江戸川,ＧⅠ,４　５５６　１３３　４５,2011-05-13,2011-05-18,03,江戸川,一般,２２１　２４２　１１[２],2009-12-26,2009-12-31,03,江戸川,一般,１　３１２　１１４　２１,3857,阿波 勝哉,2026-02-01,2026-02-04,03,江戸川,一般,５　４５４２１６,2021-10-01,2021-10-07,03,江戸川,一般,F　２１３５３　２３３,2017-02-12,2017-02-18,03,江戸川,一般,１　１４１１５　５　不１,2015-11-14,2015-11-19,03,江戸川,一般,４　４５F　２２１３転２,2013-08-15,2013-08-20,03,江戸川,一般,５　１３４　２５１５２２,4598,加藤 政彦,2026-08-09,2026-08-15,03,江戸川,一般,１　４４１　２５４　６１,2026-06-24,2026-06-29,03,江戸川,一般,４４５　１１２　１１[３],2026-04-26,2026-05-01,03,江戸川,一般,１　２２　　１２２　[３],2026-02-18,2026-02-24,03,江戸川,ＧⅠ,４　４５６　５４３　５５,2026-01-02,2026-01-07,03,江戸川,一般,５　２１６　落F５　６４,4583,古田 祐貴,2026-02-28,2026-03-03,03,江戸川,一般,２　４１２３６５,2025-10-14,2025-10-19,03,江戸川,ＧⅡ,４　６３４　１５２２２,2025-08-03,2025-08-08,03,江戸川,ＧⅢ,４　１　４６３　転３４３,2025-05-23,2025-05-28,03,江戸川,一般,６２２　５３２　２３１５,2025-03-11,2025-03-16,03,江戸川,一般,４２５　１４３１３５４,4452,松尾 祭,2026-05-11,2026-05-16,03,江戸川,ＧⅡ,６　４２３　６　２５５,2026-03-07,2026-03-10,03,江戸川,一般,３３３　２１２１,2025-10-14,2025-10-19,03,江戸川,ＧⅡ,５４３　２２１　６　２５,2025-07-05,2025-07-10,03,江戸川,一般,２　４１１　３２２２[６],2025-02-13,2025-02-19,03,江戸川,一般,２４１　F５３
202609070309,2026-09-07,03,09R,4640,山ノ内 雅人,2024-06-25,2024-06-28,03,江戸川,一般,３２４　エ１４１,2022-10-20,2022-10-25,03,江戸川,一般,１１４　１２,2022-02-02,2022-02-06,03,江戸川,一般,６,2020-10-12,2020-10-15,03,江戸川,一般,２　３３３　４１,2019-02-04,2019-02-07,03,江戸川,一般,６６６　１５６３,4880,澤崎 雄哉,2026-04-26,2026-05-01,03,江戸川,一般,２　１３２　４３５　４５,2026-01-10,2026-01-15,03,江戸川,一般,４４４　３エ,2025-08-17,2025-08-22,03,江戸川,一般,３２２４１　３６２　５６,2025-08-03,2025-08-08,03,江戸川,ＧⅢ,５　２４３　３２３３２３,2025-05-07,2025-05-12,03,江戸川,一般,２３４４４　F２４　６２,5279,石渡 翔一郎,2026-08-09,2026-08-15,03,江戸川,一般,２　２３４　２１転　３,2026-06-24,2026-06-29,03,江戸川,一般,４３４　２６３　４５５,2026-06-11,2026-06-16,03,江戸川,一般,１　１３１　１４５４２２,2026-04-26,2026-05-01,03,江戸川,一般,２　５１　　６３１　１３,2026-04-13,2026-04-18,03,江戸川,一般,３　５５６　１３５　２１,4427,秦 英悟,2025-04-08,2025-04-13,03,江戸川,一般,１１１１４　３１１１[１],2024-12-24,2024-12-29,03,江戸川,一般,１６５３欠,2022-11-26,2022-12-02,03,江戸川,一般,４５３　２１１　３２[３],2019-12-24,2019-12-29,03,江戸川,一般,４　３２５　２４１　２３,2017-12-24,2017-12-29,03,江戸川,一般,５　３１５　３１１２３F,4661,中島 昂章,2024-02-20,2024-02-23,03,江戸川,一般,３１３　４３２４,2023-12-24,2023-12-28,03,江戸川,一般,３　２３３　１２３２,2023-07-27,2023-08-01,03,江戸川,一般,１　１２４２６　４６F２,2023-02-24,2023-03-01,03,江戸川,一般,２　１４２転３　１　４３,2023-01-10,2023-01-15,03,江戸川,一般,１２５１３　４２３４３１,4257,古川 健,2026-06-03,2026-06-07,03,江戸川,一般,４　２６１２５３,2026-02-08,2026-02-12,03,江戸川,一般,５３６　６４１３５６,2025-10-25,2025-10-30,03,江戸川,一般,２　２６５　２６１２４４,2025-01-23,2025-01-28,03,江戸川,一般,４　３５６　５３４１４２,2024-02-11,2024-02-18,03,江戸川,一般,４５２　４　１６１１４　２６
202609070310,2026-09-07,03,10R,3931,黒崎 竜也,2026-02-01,2026-02-04,03,江戸川,一般,６２２　欠欠,2025-10-05,2025-10-11,03,江戸川,ＧⅢ,１F５　６４,2025-06-21,2025-06-27,03,江戸川,一般,５３　　２４５　３２６３,2023-11-30,2023-12-05,03,江戸川,一般,３　３４３　２２１５２５,2023-02-03,2023-02-06,03,江戸川,一般,１２２１５　[４],4418,茅原 悠紀,2026-02-18,2026-02-24,03,江戸川,ＧⅠ,１２１　４　１４F　２,2024-02-27,2024-03-04,03,江戸川,ＧⅠ,１　６３２　２４　　１３,2023-04-16,2023-04-21,03,江戸川,一般,４２１　２１１　１１[４],2023-02-24,2023-03-01,03,江戸川,一般,３　３３６１１　１　１１,2019-09-24,2019-09-29,03,江戸川,ＧⅠ,６６１　５４２　３３４,4258,関根 彰人,2026-04-26,2026-05-01,03,江戸川,一般,５２５　３　６　１５６,2025-12-25,2025-12-29,03,江戸川,一般,３３エ　６４３　４１,2025-08-03,2025-08-08,03,江戸川,ＧⅢ,３５５　４６３　２２２１,2025-04-24,2025-04-29,03,江戸川,一般,１５３　１２５　５　４３,2025-03-01,2025-03-06,03,江戸川,一般,４　２５２３５　２２２５,4407,鹿島 敏弘,2026-06-24,2026-06-29,03,江戸川,一般,６　１６２　５４２　３２,2026-03-07,2026-03-10,03,江戸川,一般,２　３６２　１３,2025-11-16,2025-11-19,03,江戸川,一般,１３１３３　[４],2025-10-14,2025-10-19,03,江戸川,ＧⅡ,　　　　　　　　６　６６,2025-09-28,2025-10-02,03,江戸川,一般,２４５　１２４２４２,4623,中北 将史,2026-06-03,2026-06-07,03,江戸川,一般,２　５２１　６１,2025-12-17,2025-12-21,03,江戸川,一般,３　４５４　３５３６,2025-09-14,2025-09-18,03,江戸川,一般,４２６　６６３　１４,2025-02-13,2025-02-19,03,江戸川,一般,５５５５１　４６５　３５,2024-03-07,2024-03-11,03,江戸川,一般,欠,4179,広次 修,2025-12-17,2025-12-21,03,江戸川,一般,５　６３２２５　３,2025-09-21,2025-09-24,03,江戸川,一般,２　６４４６１,2025-05-07,2025-05-12,03,江戸川,一般,２６１　１２２　３４５２,2021-11-02,2021-11-07,03,江戸川,一般,２　５３２　３２５４３５,2021-09-02,2021-09-07,03,江戸川,一般,４１５　４４５６
202609070311,2026-09-07,03,11R,4142,平野 和明,2026-01-10,2026-01-15,03,江戸川,一般,４　３２４不,2025-09-14,2025-09-18,03,江戸川,一般,１　２６１　１２[３],2025-05-16,2025-05-21,03,江戸川,一般,４４　　２４,2025-01-23,2025-01-28,03,江戸川,一般,２３２　４４２　４６３３,2024-04-19,2024-04-25,03,江戸川,一般,３　２３３　１５２　欠欠,3944,山口 裕二,2025-10-05,2025-10-11,03,江戸川,ＧⅢ,４２　　２５２　１３３６,2021-12-08,2021-12-13,03,江戸川,ＧⅡ,３　１３５　３４４　１４,2021-10-15,2021-10-20,03,江戸川,ＧⅠ,３　４　５１３　２２２５,2018-05-11,2018-05-16,03,江戸川,一般,３　３　３３３４２　５５,2017-10-26,2017-10-31,03,江戸川,一般,２　２３４　４２　　３１,4004,山本 浩輔,2025-11-16,2025-11-19,03,江戸川,一般,５１２　１４２５,2023-09-02,2023-09-07,03,江戸川,一般,５３３　２５　　４３,2023-05-15,2023-05-20,03,江戸川,一般,４　５２１　４５６　５３,2018-11-12,2018-11-15,03,江戸川,一般,１６６４２　３３,2016-07-16,2016-07-21,03,江戸川,一般,４１４　３４１１４３[３],3256,三角 哲男,2026-03-15,2026-03-20,03,江戸川,一般,３２欠　１２５　５５４,2026-01-02,2026-01-07,03,江戸川,一般,３５３　２２６　２４３,2025-02-21,2025-02-26,03,江戸川,一般,６１３　５３１　３２１４,2024-11-18,2024-11-22,03,江戸川,一般,４２１１１　２１[３],2024-08-27,2024-09-01,03,江戸川,一般,　　４４１　３６１　１３,5120,山本 稔太朗,2026-02-28,2026-03-03,03,江戸川,一般,５４２　６２５２,2024-02-11,2024-02-18,03,江戸川,一般,５　２２　　２　６F３６１２,2023-07-12,2023-07-17,03,江戸川,ＧⅢ,３　３６転,2022-11-26,2022-12-02,03,江戸川,一般,５６１　２２５　４２３２,2022-10-13,2022-10-17,03,江戸川,一般,３　３５４　１３１５,3850,小川 知行,2026-06-24,2026-06-29,03,江戸川,一般,５４６　１２３　２６３,2025-11-23,2025-11-28,03,江戸川,一般,１　１３５　１２５３[５],2025-10-05,2025-10-11,03,江戸川,ＧⅢ,２６３　４６４　４５３３,2025-05-23,2025-05-28,03,江戸川,一般,４　１５５　５６５４３,2025-02-13,2025-02-19,03,江戸川,一般,５　３６５５１　２５６６
202609070312,2026-09-07,03,12R,4471,新田 泰章,2025-11-07,2025-11-12,03,江戸川,一般,１　３３３　１１２５２１,2025-07-05,2025-07-10,03,江戸川,一般,４　１３２　２１エ３[２],2024-11-26,2024-11-30,03,江戸川,一般,２２５　１３[３],2024-08-27,2024-09-01,03,江戸川,一般,２　３　５４２　３４６２,2023-08-25,2023-08-29,03,江戸川,一般,２１６　２２４　２２,4189,川上 剛,2026-02-28,2026-03-03,03,江戸川,一般,１５３　１１[６],2025-06-05,2025-06-10,03,江戸川,一般,　　４３３　５１４４[５],2024-04-19,2024-04-25,03,江戸川,一般,２　４１４　２１４５５２,2023-08-25,2023-08-29,03,江戸川,一般,３　６２２　２３３,2022-12-06,2022-12-09,03,江戸川,一般,３　４２１４４５,4981,牧山 敦也,2026-02-01,2026-02-04,03,江戸川,一般,２エ５２１５６４,2025-09-14,2025-09-18,03,江戸川,一般,３３６　５２３　３４,2025-02-21,2025-02-26,03,江戸川,一般,５１５　５４１　１２２,2023-12-24,2023-12-28,03,江戸川,一般,４　３３４　１６３,2023-11-01,2023-11-06,03,江戸川,一般,１　３４５　４３３　２２,5098,大江 純,2024-05-18,2024-05-23,03,江戸川,一般,５６１　３４４６欠,2023-06-29,2023-07-04,03,江戸川,一般,２　４６４１１　５２１２,2022-11-16,2022-11-20,03,江戸川,一般,６　３６４　４６５５,2022-10-13,2022-10-17,03,江戸川,一般,５　２６２　３６３６,2021-06-15,2021-06-18,03,江戸川,一般,５　５５４４１,5138,村本 大成,2026-03-07,2026-03-10,03,江戸川,一般,５５３　６４１,2025-12-08,2025-12-14,03,江戸川,一般,３５３　５４５３３　４３,2024-12-24,2024-12-29,03,江戸川,一般,６　１３３５６　４６５５,2023-02-03,2023-02-06,03,江戸川,一般,５６６　３６４６,2022-09-17,2022-09-22,03,江戸川,一般,５５３　５　５　１５６,4000,松本 博昭,2026-02-08,2026-02-12,03,江戸川,一般,２４４１４　１４２５,2025-09-28,2025-10-02,03,江戸川,一般,エ　６５,2025-02-21,2025-02-26,03,江戸川,一般,１　２３２　２５３　１５,2024-04-19,2024-04-25,03,江戸川,一般,５４３　２１６　１３４,2024-01-15,2024-01-20,03,江戸川,ＧⅡ,３４５　５５６　４６４
202609070401,2026-09-07,04,01R,4781,西舘 果里,2025-05-11,2025-05-16,04,平和島,一般,１４６　５６４　２　３５,2023-12-26,2023-12-31,04,平和島,一般,３　２４３５５　６　５６,2022-04-15,2022-04-20,04,平和島,一般,５　４２４１３４１　１３,2021-03-01,2021-03-06,04,平和島,一般,４４５　F５４　４　５,2020-05-18,2020-05-23,04,平和島,ＧⅢ,５５２　３３５　F２３,4893,渡邉 真奈美,2026-07-25,2026-07-30,04,平和島,一般,６５４　３　２２５　２２,2026-05-03,2026-05-08,04,平和島,一般,２２６　１６５　１２１６,2026-03-09,2026-03-14,04,平和島,一般,４　６１５２１４３　４１,2025-01-20,2025-01-25,04,平和島,一般,６　３６６　４欠,2024-10-11,2024-10-16,04,平和島,一般,１４５　３４４　１３３４,5357,田中 瀬里奈,2026-07-11,2026-07-14,04,平和島,一般,６　５　６４５６,2024-11-25,2024-11-30,04,平和島,一般,５６６　６　６５６６５,2024-06-22,2024-06-25,04,平和島,一般,６　６６６　６６,,,,,,,,,,,,,4854,大橋 由珠,2026-05-12,2026-05-16,04,平和島,一般,２５２　６３５　４３,2025-08-16,2025-08-21,04,平和島,一般,４　３６２　４３３　６２,2023-04-15,2023-04-20,04,平和島,一般,２６１　６２３６２　５４,2023-02-09,2023-02-14,04,平和島,ＧⅢ,５６５　６,2022-04-15,2022-04-20,04,平和島,一般,１　転４３１６３１転３,4501,樋口 由加里,2025-03-26,2025-03-30,04,平和島,一般,５２３　６５３　１２,2024-11-25,2024-11-30,04,平和島,一般,１３３６２　４３３６３２,2023-04-15,2023-04-20,04,平和島,一般,３　３４２５５３１６３２,2022-04-15,2022-04-20,04,平和島,一般,３　４４１３１６５４１５,2018-12-26,2018-12-31,04,平和島,ＧⅠ,６３５　４１２　１１３４,4175,川尻 泰輔,2026-05-03,2026-05-08,04,平和島,一般,１　４５２６２　５３４,2025-12-26,2025-12-31,04,平和島,一般,３　１２４　２４５２[３],2025-09-22,2025-09-27,04,平和島,一般,４　１４６　２４５　４５,2025-04-21,2025-04-24,04,平和島,一般,６　２６F６３,2024-07-14,2024-07-19,04,平和島,一般,４５２５２３２　５６１４
202609070402,2026-09-07,04,02R,3551,藤田 美代,2024-08-25,2024-08-30,04,平和島,ＧⅢ,５５４　６４６５５　１１,2019-11-16,2019-11-21,04,平和島,一般,２　４４６　４３４５３４,2014-09-29,2014-10-05,04,平和島,一般,３５５　４５５　５転２　１,2013-04-25,2013-04-29,04,平和島,一般,４４６　５３２　１５,2012-11-10,2012-11-15,04,平和島,一般,５６５５２　５　５２１２,4895,門間 雄大,2026-08-11,2026-08-16,04,平和島,一般,１６３　３４転３１　６５,2026-01-04,2026-01-09,04,平和島,一般,３　３６５１欠,2025-08-16,2025-08-21,04,平和島,一般,エ３３　５３４　６　１５,2025-05-03,2025-05-08,04,平和島,一般,３　４５５６３　１　２４,2025-02-27,2025-03-02,04,平和島,一般,３４１　１３[３],5277,井上 未都,2026-02-12,2026-02-17,04,平和島,ＧⅢ,３　１１３３６　１３[４],2025-04-13,2025-04-18,04,平和島,一般,４　５４２　３４４　１５,2024-09-15,2024-09-19,04,平和島,一般,３　４６４　５６３４,,,,,,,,,,,,,5310,土屋 蘭,2025-03-26,2025-03-30,04,平和島,一般,４　４　５６５５４,2023-11-18,2023-11-23,04,平和島,一般,６　５６６　６　６６６,,,,,,,,,,,,,,,,,,,3993,永井 聖美,2026-06-24,2026-06-28,04,平和島,一般,２２１　３５５１,2026-05-03,2026-05-08,04,平和島,一般,１１３　４３３６１５２２,2026-02-12,2026-02-17,04,平和島,ＧⅢ,２　１４１３５３１転５２,2025-09-13,2025-09-18,04,平和島,一般,５　１５１　５４２４２４,2025-04-13,2025-04-18,04,平和島,一般,５　３４６　１２５１３,5454,,,,,,,,,,,,,,,,,,,,,,,,,,,,,,,
202609070403,2026-09-07,04,03R,5264,登 みひ果,2025-04-21,2025-04-24,04,平和島,一般,１　３２１４４落,,,,,,,,,,,,,,,,,,,,,,,,,4690,高石 梨菜,2026-07-11,2026-07-14,04,平和島,一般,１３５　６２６,2026-05-12,2026-05-16,04,平和島,一般,５　６　１６３１２４,2024-12-26,2024-12-31,04,平和島,一般,６２４　４５２５２４１３,2024-11-25,2024-11-30,04,平和島,一般,２１３２１４３　４２[２],2024-08-25,2024-08-30,04,平和島,ＧⅢ,３１３３１１３　３３４４,4882,瀧川 千依,2025-05-11,2025-05-16,04,平和島,一般,４　３５６１５４３　４１,2017-11-15,2017-11-20,04,平和島,一般,４　４５１６４５２　１２,2017-03-03,2017-03-07,04,平和島,一般,４　５６１　６５５６,,,,,,,,,,,,,4289,落合 直子,2026-02-12,2026-02-17,04,平和島,ＧⅢ,３５３　５５,2024-03-01,2024-03-04,04,平和島,一般,２１３６２　５５,2021-07-01,2021-07-06,04,平和島,ＧⅢ,６５３　１２２５３　３１,2021-03-01,2021-03-06,04,平和島,一般,２６３　２２４１５６６２,2020-05-18,2020-05-23,04,平和島,ＧⅢ,３　１６３１２４５４１６,4536,喜井 つかさ,2024-11-25,2024-11-30,04,平和島,一般,２６３　３１２３３４４３,2016-05-22,2016-05-27,04,平和島,一般,６３４　４５２　５２２,2016-02-11,2016-02-16,04,平和島,ＧⅢ,１４３　３２１４６６４３,2014-04-24,2014-04-29,04,平和島,一般,３２３４２４４　１３５４,2012-01-26,2012-01-30,04,平和島,一般,３　３６エ４２　１５,5201,村上 宗太郎,2026-07-18,2026-07-21,04,平和島,一般,１３３　２３４１,2025-06-17,2025-06-20,04,平和島,一般,３３５２２　５５,2024-12-04,2024-12-09,04,平和島,一般,４　４２４６２５４２１２,2024-05-03,2024-05-08,04,平和島,一般,２６１　１３２４２エ６４,2024-01-03,2024-01-08,04,平和島,一般,５　１１３６４　４３５
202609070404,2026-09-07,04,04R,5003,来田 衣織,2026-04-11,2026-04-14,04,平和島,一般,５２５　６６４,2025-03-06,2025-03-10,04,平和島,一般,４５３　３４２　６４,2024-11-25,2024-11-30,04,平和島,一般,３５５　３６２６１５２２,2022-02-04,2022-02-09,04,平和島,一般,３　５６２６４　２　１２,2018-09-28,2018-10-03,04,平和島,一般,５　３６５　５６６６６,5253,藤井 太雅,2026-08-11,2026-08-16,04,平和島,一般,４　５６３　５４５５４４,2026-05-03,2026-05-08,04,平和島,一般,３　５６F　６　４　３５,2026-01-21,2026-01-26,04,平和島,一般,５　５５６　６３３　１２,2025-07-21,2025-07-26,04,平和島,一般,１　４１１２２　１４５２,2025-02-27,2025-03-02,04,平和島,一般,５　５４５４１,5164,森田 梨湖,2024-11-25,2024-11-30,04,平和島,一般,６　６５４　４４,2023-10-16,2023-10-21,04,平和島,ＧⅢ,６　６４６　４５６　６６,2022-04-15,2022-04-20,04,平和島,一般,６　６６５　６６６　５６,,,,,,,,,,,,,4927,関野 文,2026-01-14,2026-01-18,04,平和島,一般,３４５　６６６２３１,2025-04-13,2025-04-18,04,平和島,一般,１２２３２４転　５２[３],2024-11-25,2024-11-30,04,平和島,一般,４４２５６　１２１６１２,2018-12-26,2018-12-31,04,平和島,ＧⅠ,１　３１１５４　２　[３],2016-07-23,2016-07-27,04,平和島,一般,６　５５６　６　５６,5320,岩崎 麗子,2025-01-29,2025-02-03,04,平和島,一般,４　５６６　５６６　５,2024-09-15,2024-09-19,04,平和島,一般,６　６　６６落６６,2024-08-25,2024-08-30,04,平和島,ＧⅢ,　　　　　　　　　　６６,2024-03-01,2024-03-04,04,平和島,一般,６　６６欠,2023-12-13,2023-12-18,04,平和島,一般,６　６６６　６６６　６,4874,池田 奈津美,2024-08-25,2024-08-30,04,平和島,ＧⅢ,２４２６２,2020-05-18,2020-05-23,04,平和島,ＧⅢ,４５４　転　６,2019-09-04,2019-09-09,04,平和島,一般,２　６４２　４５３６１,2017-11-15,2017-11-20,04,平和島,一般,４　転５３５２　３４１６,,,,,,
202609070405,2026-09-07,04,05R,4730,土屋 実沙希,2025-04-13,2025-04-18,04,平和島,一般,４　６６２　２５２　５６,2023-04-15,2023-04-20,04,平和島,一般,３　３２F２５　３　２,2022-07-26,2022-07-29,04,平和島,一般,５５５　２６１２,2020-02-11,2020-02-16,04,平和島,一般,６５１　６２３５３　４１,2019-09-04,2019-09-09,04,平和島,一般,２　１２１６６１１６２３,4090,中村 尊,2026-07-18,2026-07-21,04,平和島,一般,２２,2025-05-03,2025-05-08,04,平和島,一般,３２１１３３３　３２[６],2023-09-25,2023-09-28,04,平和島,一般,６４２２１　６１,2023-07-05,2023-07-10,04,平和島,一般,３５１　３４１６６　３４,2022-07-26,2022-07-29,04,平和島,一般,２２１２６　３１,3845,中谷 朋子,2024-11-25,2024-11-30,04,平和島,一般,１４４２６　５４,2023-02-09,2023-02-14,04,平和島,ＧⅢ,１２３３１２１２３１[１],2022-02-04,2022-02-09,04,平和島,一般,F２１　３　３　３　３,2021-07-01,2021-07-06,04,平和島,ＧⅢ,４　１５４６３２２　２５,2021-03-01,2021-03-06,04,平和島,一般,１１３　１５１１F６４,4998,中村 かなえ,2026-02-12,2026-02-17,04,平和島,ＧⅢ,５　２６４　４１３　５１,2024-03-01,2024-03-04,04,平和島,一般,３４６,2023-10-16,2023-10-21,04,平和島,ＧⅢ,５１１６５５４　４５３,2023-04-15,2023-04-20,04,平和島,一般,６　３１１３２２６３１１,2022-04-24,2022-04-29,04,平和島,一般,１１３２２４２１２４１５,5213,湯淺 紀香,2024-08-25,2024-08-30,04,平和島,ＧⅢ,３６３１２　４１３２[６],2023-01-12,2023-01-17,04,平和島,一般,５　４６４　６４３　６６,2022-08-02,2022-08-07,04,平和島,一般,６　５５６　６５５６５,2022-05-21,2022-05-26,04,平和島,一般,６　６　３６６６６　６５,,,,,,,4844,村上 奈穂,2025-04-13,2025-04-18,04,平和島,一般,３６５　１５１　２６５,2024-08-25,2024-08-30,04,平和島,ＧⅢ,５１F　３　５　４　３,2022-08-02,2022-08-07,04,平和島,一般,６３欠,2021-07-01,2021-07-06,04,平和島,ＧⅢ,５　４４３　４１２　１５,2021-03-01,2021-03-06,04,平和島,一般,２３５　５６５　４６４１
202609070406,2026-09-07,04,06R,4065,金田 幸子,2023-04-15,2023-04-20,04,平和島,一般,３４２６１　１１６２[６],2022-02-04,2022-02-09,04,平和島,一般,１３２６５２３　１３１６,2021-07-01,2021-07-06,04,平和島,ＧⅢ,３　１３６３１６２４３５,2021-03-01,2021-03-06,04,平和島,一般,１２４　２１４２１５３１,2020-12-02,2020-12-06,04,平和島,一般,４５２２２　１２２６,4266,長田 頼宗,2026-01-04,2026-01-09,04,平和島,一般,２　１４１２３１２２[５],2025-09-04,2025-09-10,04,平和島,ＧⅠ,３　３４１　４　４　１４,2025-06-17,2025-06-20,04,平和島,一般,１１２２１２[１],2025-05-20,2025-05-25,04,平和島,ＧⅡ,４　２１２　３１１　[５],2025-01-04,2025-01-09,04,平和島,一般,４３２１２　３１２２[１],4525,真子 奈津実,2024-08-25,2024-08-30,04,平和島,ＧⅢ,２３３　３２２４２６１５,2018-09-28,2018-10-03,04,平和島,一般,６　６４４６２　４１２５,2017-05-11,2017-05-16,04,平和島,一般,１５３　３５５５１　１４,2016-11-28,2016-12-03,04,平和島,一般,６　２６６５５　５　２,2010-04-01,2010-04-05,04,平和島,一般,４　６６６　５　６６,5314,中曽 瑠華,2026-07-25,2026-07-30,04,平和島,一般,５５５　５　６６６　５５,2026-06-24,2026-06-28,04,平和島,一般,　　　　　　４１,2025-10-01,2025-10-05,04,平和島,一般,６　５　５５６６６,2025-09-13,2025-09-18,04,平和島,一般,　　　　　　　　　　５転,2025-05-11,2025-05-16,04,平和島,一般,６　３F５　６　６　６,5370,,,,,,,,,,,,,,,,,,,,,,,,,,,,,,,,4893,渡邉 真奈美,2026-07-25,2026-07-30,04,平和島,一般,６５４　３　２２５　２２,2026-05-03,2026-05-08,04,平和島,一般,２２６　１６５　１２１６,2026-03-09,2026-03-14,04,平和島,一般,４　６１５２１４３　４１,2025-01-20,2025-01-25,04,平和島,一般,６　３６６　４欠,2024-10-11,2024-10-16,04,平和島,一般,１４５　３４４　１３３４
202609070407,2026-09-07,04,07R,4414,大澤 真菜,2026-05-03,2026-05-08,04,平和島,一般,６１６　５　２６５　６６,2026-02-12,2026-02-17,04,平和島,ＧⅢ,６６１　２２５　６４２,2025-03-26,2025-03-30,04,平和島,一般,１３１　６６５　５５,2023-10-16,2023-10-21,04,平和島,ＧⅢ,５　６６５　６１５　６２,2023-04-15,2023-04-20,04,平和島,一般,３　５５４　２１５６４６,4387,平山 智加,2025-04-13,2025-04-18,04,平和島,一般,３１２　５１２２５４３５,2024-10-11,2024-10-16,04,平和島,一般,６３３　５２４１３５５６,2023-10-16,2023-10-21,04,平和島,ＧⅢ,４１１１１　１１２１[１],2023-02-09,2023-02-14,04,平和島,ＧⅢ,２１２２１６４１３４２６,2020-12-15,2020-12-20,04,平和島,ＳＧ,３　３　４３６　２　３,3551,藤田 美代,2024-08-25,2024-08-30,04,平和島,ＧⅢ,５５４　６４６５５　１１,2019-11-16,2019-11-21,04,平和島,一般,２　４４６　４３４５３４,2014-09-29,2014-10-05,04,平和島,一般,３５５　４５５　５転２　１,2013-04-25,2013-04-29,04,平和島,一般,４４６　５３２　１５,2012-11-10,2012-11-15,04,平和島,一般,５６５５２　５　５２１２,4186,小川 時光,2026-03-09,2026-03-14,04,平和島,一般,４　６４６　６５５　５２,2025-08-25,2025-08-30,04,平和島,一般,３　５５６　５３６　４５,2025-06-09,2025-06-12,04,平和島,一般,２　４６１F５,2024-09-23,2024-09-28,04,平和島,一般,３　５６４　６６６,2023-12-04,2023-12-09,04,平和島,一般,　　　　　　　　　　２４,5361,植竹 玲奈,2026-07-25,2026-07-30,04,平和島,一般,３　６２４　２５５５３５,2026-06-24,2026-06-28,04,平和島,一般,６　５６２４５４,2026-02-21,2026-02-26,04,平和島,一般,４４６　６６５　５６３,2025-04-13,2025-04-18,04,平和島,一般,６６６　６　６６６　６４,2025-03-06,2025-03-10,04,平和島,一般,６　６４６　５６６,4240,今井 裕梨,2025-07-29,2025-08-03,04,平和島,一般,２４３１５　１６６３,2025-04-13,2025-04-18,04,平和島,一般,１１１　３３５６２１[５],2024-09-15,2024-09-19,04,平和島,一般,５４２２３　１１２４,2023-11-27,2023-11-30,04,平和島,一般,２６２３３　１５,2022-04-15,2022-04-20,04,平和島,一般,３４６　２６１　１３２３
202609070408,2026-09-07,04,08R,4275,菅野 はやか,2023-02-09,2023-02-14,04,平和島,ＧⅢ,６４３　５６２　１４４,2022-08-02,2022-08-07,04,平和島,一般,４４３　５３３２欠,2020-05-18,2020-05-23,04,平和島,ＧⅢ,２５６　６４６　１２２６,2019-06-24,2019-06-29,04,平和島,一般,３　６６４　３４３　２６,2016-02-11,2016-02-16,04,平和島,ＧⅢ,４６１　２　３２３５３１,4283,石井 裕美,2026-08-11,2026-08-16,04,平和島,一般,３５４　５　４５４　４５,2026-02-12,2026-02-17,04,平和島,ＧⅢ,４５３　５　５４５　５３,2023-10-16,2023-10-21,04,平和島,ＧⅢ,３　３４５３４　５４１,2022-11-12,2022-11-16,04,平和島,一般,２６６　５３５　４６,2022-04-15,2022-04-20,04,平和島,一般,４　２３６６５　４３５２,5165,小林 愛実,2026-07-25,2026-07-30,04,平和島,一般,３　２５５３１　４４１３,2025-04-13,2025-04-18,04,平和島,一般,４２３　６２５　１６６,2024-08-25,2024-08-30,04,平和島,ＧⅢ,３４５　４１３３３３２３,2022-08-02,2022-08-07,04,平和島,一般,６　３６２４F３５　６,,,,,,,4847,佐藤 隆太郎,2026-07-02,2026-07-07,04,平和島,一般,２６２１３　１２５３２１,2026-04-11,2026-04-14,04,平和島,一般,２１３２６３１１,2026-01-04,2026-01-09,04,平和島,一般,４２１２１　１３４３１１,2025-09-04,2025-09-10,04,平和島,ＧⅠ,２１１　５１５　３　３１,2025-05-20,2025-05-25,04,平和島,ＧⅡ,５５５　１６１　２　６１,5454,,,,,,,,,,,,,,,,,,,,,,,,,,,,,,,,4536,喜井 つかさ,2024-11-25,2024-11-30,04,平和島,一般,２６３　３１２３３４４３,2016-05-22,2016-05-27,04,平和島,一般,６３４　４５２　５２２,2016-02-11,2016-02-16,04,平和島,ＧⅢ,１４３　３２１４６６４３,2014-04-24,2014-04-29,04,平和島,一般,３２３４２４４　１３５４,2012-01-26,2012-01-30,04,平和島,一般,３　３６エ４２　１５
202609070409,2026-09-07,04,09R,4289,落合 直子,2026-02-12,2026-02-17,04,平和島,ＧⅢ,３５３　５５,2024-03-01,2024-03-04,04,平和島,一般,２１３６２　５５,2021-07-01,2021-07-06,04,平和島,ＧⅢ,６５３　１２２５３　３１,2021-03-01,2021-03-06,04,平和島,一般,２６３　２２４１５６６２,2020-05-18,2020-05-23,04,平和島,ＧⅢ,３　１６３１２４５４１６,4854,大橋 由珠,2026-05-12,2026-05-16,04,平和島,一般,２５２　６３５　４３,2025-08-16,2025-08-21,04,平和島,一般,４　３６２　４３３　６２,2023-04-15,2023-04-20,04,平和島,一般,２６１　６２３６２　５４,2023-02-09,2023-02-14,04,平和島,ＧⅢ,５６５　６,2022-04-15,2022-04-20,04,平和島,一般,１　転４３１６３１転３,3993,永井 聖美,2026-06-24,2026-06-28,04,平和島,一般,２２１　３５５１,2026-05-03,2026-05-08,04,平和島,一般,１１３　４３３６１５２２,2026-02-12,2026-02-17,04,平和島,ＧⅢ,２　１４１３５３１転５２,2025-09-13,2025-09-18,04,平和島,一般,５　１５１　５４２４２４,2025-04-13,2025-04-18,04,平和島,一般,５　３４６　１２５１３,5320,岩崎 麗子,2025-01-29,2025-02-03,04,平和島,一般,４　５６６　５６６　５,2024-09-15,2024-09-19,04,平和島,一般,６　６　６６落６６,2024-08-25,2024-08-30,04,平和島,ＧⅢ,　　　　　　　　　　６６,2024-03-01,2024-03-04,04,平和島,一般,６　６６欠,2023-12-13,2023-12-18,04,平和島,一般,６　６６６　６６６　６,4478,櫻本 あゆみ,2026-05-12,2026-05-16,04,平和島,一般,１１５５３　１２[２],2025-04-13,2025-04-18,04,平和島,一般,３２２３５　１２４６１２,2024-03-01,2024-03-04,04,平和島,一般,１６１３１　[２],2024-02-03,2024-02-08,04,平和島,ＧⅠ,６　３　２１６　６３６,2023-12-13,2023-12-18,04,平和島,一般,３６６　１２１　６３３２,4090,中村 尊,2026-07-18,2026-07-21,04,平和島,一般,２２,2025-05-03,2025-05-08,04,平和島,一般,３２１１３３３　３２[６],2023-09-25,2023-09-28,04,平和島,一般,６４２２１　６１,2023-07-05,2023-07-10,04,平和島,一般,３５１　３４１６６　３４,2022-07-26,2022-07-29,04,平和島,一般,２２１２６　３１
202609070410,2026-09-07,04,10R,4927,関野 文,2026-01-14,2026-01-18,04,平和島,一般,３４５　６６６２３１,2025-04-13,2025-04-18,04,平和島,一般,１２２３２４転　５２[３],2024-11-25,2024-11-30,04,平和島,一般,４４２５６　１２１６１２,2018-12-26,2018-12-31,04,平和島,ＧⅠ,１　３１１５４　２　[３],2016-07-23,2016-07-27,04,平和島,一般,６　５５６　６　５６,4730,土屋 実沙希,2025-04-13,2025-04-18,04,平和島,一般,４　６６２　２５２　５６,2023-04-15,2023-04-20,04,平和島,一般,３　３２F２５　３　２,2022-07-26,2022-07-29,04,平和島,一般,５５５　２６１２,2020-02-11,2020-02-16,04,平和島,一般,６５１　６２３５３　４１,2019-09-04,2019-09-09,04,平和島,一般,２　１２１６６１１６２３,4791,黒澤 めぐみ,2025-04-13,2025-04-18,04,平和島,一般,３２５　３５４　４１３１,2024-08-25,2024-08-30,04,平和島,ＧⅢ,２　４１１１５６２２[４],2023-10-16,2023-10-21,04,平和島,ＧⅢ,５５３　４２１　２２５５,2022-04-15,2022-04-20,04,平和島,一般,F　６　２　４２２　４,2022-02-04,2022-02-09,04,平和島,一般,２１１６６　１４３５１４,4175,川尻 泰輔,2026-05-03,2026-05-08,04,平和島,一般,１　４５２６２　５３４,2025-12-26,2025-12-31,04,平和島,一般,３　１２４　２４５２[３],2025-09-22,2025-09-27,04,平和島,一般,４　１４６　２４５　４５,2025-04-21,2025-04-24,04,平和島,一般,６　２６F６３,2024-07-14,2024-07-19,04,平和島,一般,４５２５２３２　５６１４,5264,登 みひ果,2025-04-21,2025-04-24,04,平和島,一般,１　３２１４４落,,,,,,,,,,,,,,,,,,,,,,,,,4525,真子 奈津実,2024-08-25,2024-08-30,04,平和島,ＧⅢ,２３３　３２２４２６１５,2018-09-28,2018-10-03,04,平和島,一般,６　６４４６２　４１２５,2017-05-11,2017-05-16,04,平和島,一般,１５３　３５５５１　１４,2016-11-28,2016-12-03,04,平和島,一般,６　２６６５５　５　２,2010-04-01,2010-04-05,04,平和島,一般,４　６６６　５　６６
202609070411,2026-09-07,04,11R,3845,中谷 朋子,2024-11-25,2024-11-30,04,平和島,一般,１４４２６　５４,2023-02-09,2023-02-14,04,平和島,ＧⅢ,１２３３１２１２３１[１],2022-02-04,2022-02-09,04,平和島,一般,F２１　３　３　３　３,2021-07-01,2021-07-06,04,平和島,ＧⅢ,４　１５４６３２２　２５,2021-03-01,2021-03-06,04,平和島,一般,１１３　１５１１F６４,5164,森田 梨湖,2024-11-25,2024-11-30,04,平和島,一般,６　６５４　４４,2023-10-16,2023-10-21,04,平和島,ＧⅢ,６　６４６　４５６　６６,2022-04-15,2022-04-20,04,平和島,一般,６　６６５　６６６　５６,,,,,,,,,,,,,4690,高石 梨菜,2026-07-11,2026-07-14,04,平和島,一般,１３５　６２６,2026-05-12,2026-05-16,04,平和島,一般,５　６　１６３１２４,2024-12-26,2024-12-31,04,平和島,一般,６２４　４５２５２４１３,2024-11-25,2024-11-30,04,平和島,一般,２１３２１４３　４２[２],2024-08-25,2024-08-30,04,平和島,ＧⅢ,３１３３１１３　３３４４,4895,門間 雄大,2026-08-11,2026-08-16,04,平和島,一般,１６３　３４転３１　６５,2026-01-04,2026-01-09,04,平和島,一般,３　３６５１欠,2025-08-16,2025-08-21,04,平和島,一般,エ３３　５３４　６　１５,2025-05-03,2025-05-08,04,平和島,一般,３　４５５６３　１　２４,2025-02-27,2025-03-02,04,平和島,一般,３４１　１３[３],4941,孫崎 百世,2025-10-01,2025-10-05,04,平和島,一般,１　４５３３沈６６,2025-04-13,2025-04-18,04,平和島,一般,５　３３落　５３５　５１,2023-04-15,2023-04-20,04,平和島,一般,３３５　F４６　２　５,2022-04-24,2022-04-29,04,平和島,一般,１５３４２　４２４４２６,2022-02-04,2022-02-09,04,平和島,一般,４２４　３５３　１５２１,4501,樋口 由加里,2025-03-26,2025-03-30,04,平和島,一般,５２３　６５３　１２,2024-11-25,2024-11-30,04,平和島,一般,１３３６２　４３３６３２,2023-04-15,2023-04-20,04,平和島,一般,３　３４２５５３１６３２,2022-04-15,2022-04-20,04,平和島,一般,３　４４１３１６５４１５,2018-12-26,2018-12-31,04,平和島,ＧⅠ,６３５　４１２　１１３４
202609070412,2026-09-07,04,12R,4266,長田 頼宗,2026-01-04,2026-01-09,04,平和島,一般,２　１４１２３１２２[５],2025-09-04,2025-09-10,04,平和島,ＧⅠ,３　３４１　４　４　１４,2025-06-17,2025-06-20,04,平和島,一般,１１２２１２[１],2025-05-20,2025-05-25,04,平和島,ＧⅡ,４　２１２　３１１　[５],2025-01-04,2025-01-09,04,平和島,一般,４３２１２　３１２２[１],4882,瀧川 千依,2025-05-11,2025-05-16,04,平和島,一般,４　３５６１５４３　４１,2017-11-15,2017-11-20,04,平和島,一般,４　４５１６４５２　１２,2017-03-03,2017-03-07,04,平和島,一般,４　５６１　６５５６,,,,,,,,,,,,,4240,今井 裕梨,2025-07-29,2025-08-03,04,平和島,一般,２４３１５　１６６３,2025-04-13,2025-04-18,04,平和島,一般,１１１　３３５６２１[５],2024-09-15,2024-09-19,04,平和島,一般,５４２２３　１１２４,2023-11-27,2023-11-30,04,平和島,一般,２６２３３　１５,2022-04-15,2022-04-20,04,平和島,一般,３４６　２６１　１３２３,5003,来田 衣織,2026-04-11,2026-04-14,04,平和島,一般,５２５　６６４,2025-03-06,2025-03-10,04,平和島,一般,４５３　３４２　６４,2024-11-25,2024-11-30,04,平和島,一般,３５５　３６２６１５２２,2022-02-04,2022-02-09,04,平和島,一般,３　５６２６４　２　１２,2018-09-28,2018-10-03,04,平和島,一般,５　３６５　５６６６６,5277,井上 未都,2026-02-12,2026-02-17,04,平和島,ＧⅢ,３　１１３３６　１３[４],2025-04-13,2025-04-18,04,平和島,一般,４　５４２　３４４　１５,2024-09-15,2024-09-19,04,平和島,一般,３　４６４　５６３４,,,,,,,,,,,,,4998,中村 かなえ,2026-02-12,2026-02-17,04,平和島,ＧⅢ,５　２６４　４１３　５１,2024-03-01,2024-03-04,04,平和島,一般,３４６,2023-10-16,2023-10-21,04,平和島,ＧⅢ,５１１６５５４　４５３,2023-04-15,2023-04-20,04,平和島,一般,６　３１１３２２６３１１,2022-04-24,2022-04-29,04,平和島,一般,１１３２２４２１２４１５
202609070701,2026-09-07,07,01R,5349,宮崎 奏磨,2026-02-10,2026-02-16,07,蒲郡,一般,６　６６６　４６６　５　６６,2025-01-23,2025-01-28,07,蒲郡,一般,　　　　　　　　　　５６,2024-10-12,2024-10-16,07,蒲郡,一般,６６６　６　６６６６,,,,,,,,,,,,,4469,土山 卓也,2025-11-22,2025-11-27,07,蒲郡,一般,３　３６１　５６２２６１,2025-06-20,2025-06-23,07,蒲郡,一般,１５１４６５３５,2024-05-25,2024-05-30,07,蒲郡,一般,５２１　１４　　１３２１,2023-06-29,2023-07-04,07,蒲郡,一般,２３３転３　３３４４３３,2023-04-07,2023-04-12,07,蒲郡,ＧⅢ,２　２６５４４５６６１１,3401,上田 隆章,2025-04-11,2025-04-15,07,蒲郡,一般,１３６　１５５６１６,2024-02-17,2024-02-22,07,蒲郡,一般,３　３４６　４５４　６２,2022-03-09,2022-03-15,07,蒲郡,一般,４３３　１４４　１４３６４５,2020-01-28,2020-02-01,07,蒲郡,一般,１３２　２５３５１転,2017-03-07,2017-03-12,07,蒲郡,一般,５４５　２１２　４３６３,4016,西川 新太郎,2026-04-24,2026-04-28,07,蒲郡,一般,１　３５１２６５６１,2025-11-22,2025-11-27,07,蒲郡,一般,２５３３６　１　５３３３,2025-06-20,2025-06-23,07,蒲郡,一般,２５５　４　１５,2025-04-29,2025-05-04,07,蒲郡,一般,２　５５２５４　６５,2024-05-01,2024-05-05,07,蒲郡,一般,５　５６２６２　５,3546,中里 昌志,2025-11-14,2025-11-19,07,蒲郡,ＧⅢ,２　２３１５５４６５４３,2025-02-17,2025-02-22,07,蒲郡,一般,６５４　５６３　４　１４,2024-06-21,2024-06-25,07,蒲郡,一般,３４２　２４４４１６,2024-02-17,2024-02-22,07,蒲郡,一般,４　２２２　４３２６６５,2023-07-15,2023-07-20,07,蒲郡,一般,１３３　５６４５５　３６,3773,津留 浩一郎,2025-05-08,2025-05-11,07,蒲郡,一般,４　１４１５４２,2024-12-06,2024-12-11,07,蒲郡,一般,５６６　３６６,2022-08-26,2022-08-31,07,蒲郡,一般,６１６　６５２６５　２３,2020-02-05,2020-02-09,07,蒲郡,一般,２　２６４６６６３,2019-05-24,2019-05-29,07,蒲郡,ＧⅢ,１　６１１５６６５６１６
202609070702,2026-09-07,07,02R,3652,森下 勇,2025-04-02,2025-04-07,07,蒲郡,一般,５　３６６　５　４５５４,2022-09-15,2022-09-21,07,蒲郡,一般,６６４　エ欠,2021-05-13,2021-05-18,07,蒲郡,一般,４５６　５　５,2021-03-10,2021-03-14,07,蒲郡,一般,２５６　５　５５４６,2019-12-13,2019-12-18,07,蒲郡,一般,５　４５５　６,4523,中村 辰也,2026-01-31,2026-02-05,07,蒲郡,一般,１３５　３４３　１５１５,2025-03-14,2025-03-19,07,蒲郡,ＧⅢ,３６２５２　６,2024-11-29,2024-12-02,07,蒲郡,一般,１６３５１　４３,2021-05-21,2021-05-26,07,蒲郡,一般,妨６１欠,2017-12-13,2017-12-18,07,蒲郡,一般,２　６４４２４３１　５５,4214,林 祐介,2026-03-12,2026-03-17,07,蒲郡,一般,２６４　３３２　４２２１,2025-05-14,2025-05-18,07,蒲郡,一般,２４３　３３３５４２,2024-09-24,2024-09-28,07,蒲郡,一般,３２５　４２３１１３,2022-09-07,2022-09-10,07,蒲郡,一般,５５４,2022-07-16,2022-07-21,07,蒲郡,一般,１　１３２２２１３６３６,4197,渥美 卓郎,2025-12-30,2026-01-04,07,蒲郡,一般,４４３　４４３　５　３４,2024-06-21,2024-06-25,07,蒲郡,一般,　　　　　　　　５５,2024-01-13,2024-01-18,07,蒲郡,一般,４６４　２５１　１　４６,2023-07-15,2023-07-20,07,蒲郡,一般,４５１　４５６　６　１５,2022-03-22,2022-03-27,07,蒲郡,一般,５　１４６　２５６４４,4459,片岡 雅裕,2025-10-05,2025-10-10,07,蒲郡,ＧⅠ,２５４　６　５２５２３,2023-10-24,2023-10-29,07,蒲郡,ＳＧ,３　２　２５６　４６４,2023-06-01,2023-06-06,07,蒲郡,ＧⅠ,３３６　３　３６５５３,2020-01-28,2020-02-01,07,蒲郡,一般,３３１１３１５５３３,2019-03-12,2019-03-17,07,蒲郡,一般,４６１２３１１１１５１５,4527,高野 心吾,2026-05-01,2026-05-06,07,蒲郡,一般,３５６　６４５　６　５,2026-01-31,2026-02-05,07,蒲郡,一般,３５１　２５６　３６６,2025-08-09,2025-08-14,07,蒲郡,一般,６　１４３　５５４　６５,2025-04-11,2025-04-15,07,蒲郡,一般,５　４４５　１F６,2024-09-24,2024-09-28,07,蒲郡,一般,５６６　４　１２５４
202609070703,2026-09-07,07,03R,5366,塩嶋 泰空,2026-02-28,2026-03-06,07,蒲郡,一般,５　６６５　６６６　６６５６,,,,,,,,,,,,,,,,,,,,,,,,,3875,廣中 良一,2026-06-17,2026-06-20,07,蒲郡,一般,６４妨　４　１６,2026-01-31,2026-02-05,07,蒲郡,一般,１３４　２５５　２２３１,2025-05-22,2025-05-26,07,蒲郡,一般,１２４　１４１６６５,2025-01-31,2025-02-04,07,蒲郡,一般,３４６　２４５　３５,2023-09-23,2023-09-28,07,蒲郡,一般,６５６　１５６　６　５５,4323,山田 佑樹,2026-01-07,2026-01-11,07,蒲郡,一般,４６１　４３５１６,2025-07-01,2025-07-06,07,蒲郡,一般,１３２　１６６５４６６６,2025-04-18,2025-04-23,07,蒲郡,一般,落６,2021-02-02,2021-02-07,07,蒲郡,一般,１４３４４　１　３１[４],2019-02-28,2019-03-05,07,蒲郡,一般,３　２５３　１２５６４４,4435,服部 達哉,2025-07-09,2025-07-14,07,蒲郡,一般,２２F　５　５　４　５,2025-04-02,2025-04-07,07,蒲郡,一般,６３２　６２３　３　３４,2024-08-23,2024-08-28,07,蒲郡,一般,１　４３４３２６１３１１,2023-12-31,2024-01-04,07,蒲郡,一般,１２１５４　５　４５,2023-11-24,2023-11-29,07,蒲郡,一般,２３４　３２５　６５４４,4914,吉田 裕平,2026-05-01,2026-05-06,07,蒲郡,一般,１３１２１４１３１１[３],2025-10-05,2025-10-10,07,蒲郡,ＧⅠ,１転,2025-08-09,2025-08-14,07,蒲郡,一般,２転４３３１２　１１２,2025-01-04,2025-01-09,07,蒲郡,一般,１３３２３１４１３４１２,2024-10-01,2024-10-05,07,蒲郡,一般,５１２２１１４１[３],4219,本岡 勝利,2025-07-01,2025-07-06,07,蒲郡,一般,４　５４２　６５４　４５,2024-04-13,2024-04-18,07,蒲郡,一般,３３４　４４４６５　５２,2019-04-19,2019-04-22,07,蒲郡,一般,２　４５２４３６,2018-11-17,2018-11-20,07,蒲郡,一般,５４２　１３２４,2015-09-21,2015-09-26,07,蒲郡,ＧⅢ,４６６　４　３６５　４３
202609070704,2026-09-07,07,04R,3981,今坂 晃広,2026-02-10,2026-02-16,07,蒲郡,一般,１　１３３４４　５５４６４６,2025-05-22,2025-05-26,07,蒲郡,一般,５６４　５　１４５６,2024-10-12,2024-10-16,07,蒲郡,一般,４６４　欠,2023-12-14,2023-12-18,07,蒲郡,一般,５　４４３４４　３２,2023-10-15,2023-10-19,07,蒲郡,一般,５　４２６５６　１３,4693,松下 誉士,2025-04-18,2025-04-23,07,蒲郡,一般,３　４６６　１　６　４２,2024-04-13,2024-04-18,07,蒲郡,一般,５３３　３６６　３３４５,2022-02-10,2022-02-13,07,蒲郡,一般,５５５　５　３１,2018-03-08,2018-03-12,07,蒲郡,一般,２５６　４５３　６５,,,,,,,4151,下河 誉史,2025-11-22,2025-11-27,07,蒲郡,一般,４　２６３　３６４　２２,2025-05-31,2025-06-06,07,蒲郡,一般,４　５３４　６４３　５４３,2021-10-02,2021-10-07,07,蒲郡,一般,５　２６２　５５３３４４,2021-09-04,2021-09-10,07,蒲郡,一般,３３３１５　４転,2019-07-04,2019-07-07,07,蒲郡,一般,３　４３１３４５,4362,土屋 智則,2025-10-05,2025-10-10,07,蒲郡,ＧⅠ,F２４　２　３５４　３,2024-06-08,2024-06-13,07,蒲郡,ＧⅠ,６４３　１　４６３３６,2023-03-28,2023-04-02,07,蒲郡,一般,２１２２３２１１２１[１],2022-11-05,2022-11-11,07,蒲郡,一般,２２２３２１１　３２２１[３],2022-04-10,2022-04-15,07,蒲郡,ＧⅠ,１　４６２　２６２１３２,4365,盛本 真輔,2026-06-03,2026-06-07,07,蒲郡,一般,２６１６３　２,2024-10-01,2024-10-05,07,蒲郡,一般,５５１５１　６　５６,2024-06-21,2024-06-25,07,蒲郡,一般,３　６６４６３　１３,2021-03-27,2021-03-31,07,蒲郡,一般,２６４４３　６５１４,2019-04-25,2019-04-30,07,蒲郡,一般,５　３３２　２１５４４５,3660,長谷川 親王,2024-07-16,2024-07-21,07,蒲郡,一般,５　４４４　５３６　２４,2022-12-19,2022-12-22,07,蒲郡,一般,５　６５４　５３,2022-03-22,2022-03-27,07,蒲郡,一般,４　４６５　３４５　５５,2022-01-21,2022-01-26,07,蒲郡,ＧⅢ,６　３５５　６　３４２４,2017-08-03,2017-08-06,07,蒲郡,一般,３３２　２４２５
202609070705,2026-09-07,07,05R,3825,宮嵜 隆太郎,2025-05-08,2025-05-11,07,蒲郡,一般,５５４　１　４１,2023-12-02,2023-12-07,07,蒲郡,一般,１　５５３　５６２　４１,2020-05-02,2020-05-06,07,蒲郡,一般,２　３６４６６　５,2019-07-18,2019-07-23,07,蒲郡,一般,５５５　６　１６６　６,2019-01-09,2019-01-14,07,蒲郡,一般,６６５　２５６　１　６２,3680,森林 太,2022-08-26,2022-08-31,07,蒲郡,一般,５５５　６６３　６５３,2016-07-12,2016-07-18,07,蒲郡,一般,５　２３４６４２４　３　１２,2014-09-05,2014-09-09,07,蒲郡,一般,５３１２２　２４５３,2013-12-03,2013-12-08,07,蒲郡,一般,４　２３３３６５１　２５,2013-03-15,2013-03-20,07,蒲郡,一般,２６６２６　１　１２４４,3679,飯島 昌弘,2025-11-14,2025-11-19,07,蒲郡,ＧⅢ,２１３４３　４３１２[４],2025-07-01,2025-07-06,07,蒲郡,一般,１　３３２２３４１４１３,2025-04-02,2025-04-07,07,蒲郡,一般,２６１２１１２１４１[１],2022-03-22,2022-03-27,07,蒲郡,一般,４　３２２　４２３２１５,2020-08-31,2020-09-06,07,蒲郡,一般,妨５,3773,津留 浩一郎,2025-05-08,2025-05-11,07,蒲郡,一般,４　１４１５４２,2024-12-06,2024-12-11,07,蒲郡,一般,５６６　３６６,2022-08-26,2022-08-31,07,蒲郡,一般,６１６　６５２６５　２３,2020-02-05,2020-02-09,07,蒲郡,一般,２　２６４６６６３,2019-05-24,2019-05-29,07,蒲郡,ＧⅢ,１　６１１５６６５６１６,3957,大谷 直弘,2026-06-03,2026-06-07,07,蒲郡,一般,２５３５２　５３,2026-04-24,2026-04-28,07,蒲郡,一般,２３３　３４３６５４,2025-08-09,2025-08-14,07,蒲郡,一般,１２３　５５３４４　５３,2024-11-21,2024-11-26,07,蒲郡,一般,４１３　３４３５２　２３,2024-08-10,2024-08-15,07,蒲郡,一般,４　５４５　５４１２５,4682,大上 卓人,2026-03-24,2026-03-29,07,蒲郡,ＳＧ,３１１　４　４２２　[６],2025-02-17,2025-02-22,07,蒲郡,一般,２１３２１４５１４２[２],2022-08-26,2022-08-31,07,蒲郡,一般,１２２５１３１１４２[３],2021-08-24,2021-08-29,07,蒲郡,ＳＧ,６　５６６　２　５５６,2018-03-25,2018-03-30,07,蒲郡,ＧⅠ,３　６６６　２　６３６
202609070706,2026-09-07,07,06R,5064,品川 二千翔,2025-03-14,2025-03-19,07,蒲郡,ＧⅢ,１　１５４６５４５　５,2024-03-02,2024-03-07,07,蒲郡,一般,６６２　４４妨　３　４２,,,,,,,,,,,,,,,,,,,3282,池本 輝明,2025-02-17,2025-02-22,07,蒲郡,一般,２５４　３６２　６５５３,2024-06-21,2024-06-25,07,蒲郡,一般,５６１　５５５４２,2023-05-11,2023-05-16,07,蒲郡,ＧⅢ,４４３　２６３　４１４４,2023-02-04,2023-02-08,07,蒲郡,一般,１　６２４３１５２３,2019-05-24,2019-05-29,07,蒲郡,ＧⅢ,６　３２２４１　２６４５,4520,高倉 孝太,2026-02-10,2026-02-16,07,蒲郡,一般,３　５４３　４４１２６　１２,2025-03-23,2025-03-28,07,蒲郡,一般,２　１４４６６５３　１,2025-01-23,2025-01-28,07,蒲郡,一般,　　　　　　　　４３４,2025-01-15,2025-01-20,07,蒲郡,一般,５２２４２　６４４２２４,2024-04-13,2024-04-18,07,蒲郡,一般,２　１６６エ,4603,谷川 将太,2024-02-17,2024-02-22,07,蒲郡,一般,２　２５４６４　４３２１,2023-12-25,2023-12-28,07,蒲郡,一般,４４４６６　２５,2023-06-29,2023-07-04,07,蒲郡,一般,４　５５２５５　４５４３,2019-03-12,2019-03-17,07,蒲郡,一般,２４６　１５５　６　３４,2017-08-28,2017-09-02,07,蒲郡,一般,１６５　２６４　３　６４,4237,大峯 豊,2025-01-31,2025-02-04,07,蒲郡,一般,１４１２１３２１[４],2023-10-24,2023-10-29,07,蒲郡,ＳＧ,２　２　３６５　４２６,2022-04-10,2022-04-15,07,蒲郡,ＧⅠ,５　１４４　１１３　３２,2021-06-03,2021-06-08,07,蒲郡,ＧⅠ,６３１　４３５　１６６６,2019-09-18,2019-09-23,07,蒲郡,一般,１４２１３２３１４１[２],4197,渥美 卓郎,2025-12-30,2026-01-04,07,蒲郡,一般,４４３　４４３　５　３４,2024-06-21,2024-06-25,07,蒲郡,一般,　　　　　　　　５５,2024-01-13,2024-01-18,07,蒲郡,一般,４６４　２５１　１　４６,2023-07-15,2023-07-20,07,蒲郡,一般,４５１　４５６　６　１５,2022-03-22,2022-03-27,07,蒲郡,一般,５　１４６　２５６４４
202609070707,2026-09-07,07,07R,5196,鰐部 太空海,2025-08-09,2025-08-14,07,蒲郡,一般,６　５３４　５１３　３３,2025-02-25,2025-03-02,07,蒲郡,一般,２　３２３４１３２３５１,2024-02-25,2024-02-28,07,蒲郡,一般,２　５３３５３１,2023-08-29,2023-09-02,07,蒲郡,一般,５　６３５３２　１５,2023-07-07,2023-07-12,07,蒲郡,一般,　　　　　　　　　　５５,3945,橋口 真樹,2026-05-01,2026-05-06,07,蒲郡,一般,６　４３４　４５４　６２,2025-11-14,2025-11-19,07,蒲郡,ＧⅢ,２５６　５６６　６２１５,2025-03-23,2025-03-28,07,蒲郡,一般,６２３　４２２６６６５６,2024-08-23,2024-08-28,07,蒲郡,一般,６４５　３２５　５　２６,2023-07-15,2023-07-20,07,蒲郡,一般,１４４　４３３５６６５４,4319,三宅 潤,2025-12-22,2025-12-28,07,蒲郡,一般,２３３　F２４　２　２　３,2025-03-14,2025-03-19,07,蒲郡,ＧⅢ,５　４６３　５１３３３２,2025-01-04,2025-01-09,07,蒲郡,一般,２４３　２４４２２６１１,2024-04-25,2024-04-28,07,蒲郡,一般,３３,2023-12-14,2023-12-18,07,蒲郡,一般,３　３５５４６　５３,3661,柳瀬 興志,2024-11-21,2024-11-26,07,蒲郡,一般,１２４　４４５　５　１５,2019-11-25,2019-11-29,07,蒲郡,一般,４５５　４落３　２２,2018-06-06,2018-06-10,07,蒲郡,一般,３　３４２　４６２５,2017-06-16,2017-06-21,07,蒲郡,一般,５　６５３４６　１３６６,2016-11-21,2016-11-26,07,蒲郡,一般,４３４　６３６　４　１６,4234,野相 弘司,2026-01-23,2026-01-28,07,蒲郡,一般,３６４　４　４１３　５３,2025-03-14,2025-03-19,07,蒲郡,ＧⅢ,６　６５３　２　４１１５,2023-08-05,2023-08-10,07,蒲郡,一般,６　３３５　４６５　３,2022-12-05,2022-12-11,07,蒲郡,一般,５６２　６　２６４６３　不,2019-02-08,2019-02-13,07,蒲郡,一般,５２４　４　２４５６４４,4872,山下 流心,2025-11-22,2025-11-27,07,蒲郡,一般,５２３　１５４６３　５,2024-09-24,2024-09-28,07,蒲郡,一般,５６２　３　３５４６,2024-03-10,2024-03-15,07,蒲郡,一般,６　５５６　４６５　３３,2022-08-26,2022-08-31,07,蒲郡,一般,３　３５５６３５４１２４,2020-02-05,2020-02-09,07,蒲郡,一般,２５４５３　２　４６
202609070708,2026-09-07,07,08R,4469,土山 卓也,2025-11-22,2025-11-27,07,蒲郡,一般,３　３６１　５６２２６１,2025-06-20,2025-06-23,07,蒲郡,一般,１５１４６５３５,2024-05-25,2024-05-30,07,蒲郡,一般,５２１　１４　　１３２１,2023-06-29,2023-07-04,07,蒲郡,一般,２３３転３　３３４４３３,2023-04-07,2023-04-12,07,蒲郡,ＧⅢ,２　２６５４４５６６１１,4917,岩橋 裕馬,2025-12-09,2025-12-15,07,蒲郡,一般,３４６　２２４　４６３　１４,2025-05-14,2025-05-18,07,蒲郡,一般,４４４　５　６６５,2024-03-28,2024-04-03,07,蒲郡,一般,６６５　５　１　３３４　５４,2023-12-14,2023-12-18,07,蒲郡,一般,５　５４４５５　６３,2023-07-15,2023-07-20,07,蒲郡,一般,３２３５３　１６４２[４],4041,小林 基樹,2024-11-29,2024-12-02,07,蒲郡,一般,３　５５４　３４,2023-09-23,2023-09-28,07,蒲郡,一般,６　３５２　２　５２１２,2020-05-02,2020-05-06,07,蒲郡,一般,３６３６１　４　１４,2018-06-15,2018-06-20,07,蒲郡,一般,２２６　５２６　６３２,2017-12-13,2017-12-18,07,蒲郡,一般,６２６　５６４　５３３,3652,森下 勇,2025-04-02,2025-04-07,07,蒲郡,一般,５　３６６　５　４５５４,2022-09-15,2022-09-21,07,蒲郡,一般,６６４　エ欠,2021-05-13,2021-05-18,07,蒲郡,一般,４５６　５　５,2021-03-10,2021-03-14,07,蒲郡,一般,２５６　５　５５４６,2019-12-13,2019-12-18,07,蒲郡,一般,５　４５５　６,3876,中辻 崇人,2026-03-24,2026-03-29,07,蒲郡,ＳＧ,４　６４５　F　４　３,2020-08-31,2020-09-06,07,蒲郡,一般,２４３　１４２３２６５３１１,2020-05-02,2020-05-06,07,蒲郡,一般,３３１１３　２２[３],2017-08-28,2017-09-02,07,蒲郡,一般,１３３３１　４６２２[２],2017-04-19,2017-04-24,07,蒲郡,ＧⅢ,４６５４４,3872,岡田 憲行,2025-11-22,2025-11-27,07,蒲郡,一般,５　２４２　３３１６３６,2025-03-23,2025-03-28,07,蒲郡,一般,４２２１３　６３６３３１,2024-12-06,2024-12-11,07,蒲郡,一般,１　４１３３６５３３２５,2024-07-16,2024-07-21,07,蒲郡,一般,３　３１１３３２１３４１,2023-12-02,2023-12-07,07,蒲郡,一般,３　５１１５３　４５２５
202609070709,2026-09-07,07,09R,4682,大上 卓人,2026-03-24,2026-03-29,07,蒲郡,ＳＧ,３１１　４　４２２　[６],2025-02-17,2025-02-22,07,蒲郡,一般,２１３２１４５１４２[２],2022-08-26,2022-08-31,07,蒲郡,一般,１２２５１３１１４２[３],2021-08-24,2021-08-29,07,蒲郡,ＳＧ,６　５６６　２　５５６,2018-03-25,2018-03-30,07,蒲郡,ＧⅠ,３　６６６　２　６３６,4914,吉田 裕平,2026-05-01,2026-05-06,07,蒲郡,一般,１３１２１４１３１１[３],2025-10-05,2025-10-10,07,蒲郡,ＧⅠ,１転,2025-08-09,2025-08-14,07,蒲郡,一般,２転４３３１２　１１２,2025-01-04,2025-01-09,07,蒲郡,一般,１３３２３１４１３４１２,2024-10-01,2024-10-05,07,蒲郡,一般,５１２２１１４１[３],3680,森林 太,2022-08-26,2022-08-31,07,蒲郡,一般,５５５　６６３　６５３,2016-07-12,2016-07-18,07,蒲郡,一般,５　２３４６４２４　３　１２,2014-09-05,2014-09-09,07,蒲郡,一般,５３１２２　２４５３,2013-12-03,2013-12-08,07,蒲郡,一般,４　２３３３６５１　２５,2013-03-15,2013-03-20,07,蒲郡,一般,２６６２６　１　１２４４,4214,林 祐介,2026-03-12,2026-03-17,07,蒲郡,一般,２６４　３３２　４２２１,2025-05-14,2025-05-18,07,蒲郡,一般,２４３　３３３５４２,2024-09-24,2024-09-28,07,蒲郡,一般,３２５　４２３１１３,2022-09-07,2022-09-10,07,蒲郡,一般,５５４,2022-07-16,2022-07-21,07,蒲郡,一般,１　１３２２２１３６３６,4362,土屋 智則,2025-10-05,2025-10-10,07,蒲郡,ＧⅠ,F２４　２　３５４　３,2024-06-08,2024-06-13,07,蒲郡,ＧⅠ,６４３　１　４６３３６,2023-03-28,2023-04-02,07,蒲郡,一般,２１２２３２１１２１[１],2022-11-05,2022-11-11,07,蒲郡,一般,２２２３２１１　３２２１[３],2022-04-10,2022-04-15,07,蒲郡,ＧⅠ,１　４６２　２６２１３２,4016,西川 新太郎,2026-04-24,2026-04-28,07,蒲郡,一般,１　３５１２６５６１,2025-11-22,2025-11-27,07,蒲郡,一般,２５３３６　１　５３３３,2025-06-20,2025-06-23,07,蒲郡,一般,２５５　４　１５,2025-04-29,2025-05-04,07,蒲郡,一般,２　５５２５４　６５,2024-05-01,2024-05-05,07,蒲郡,一般,５　５６２６２　５
202609070710,2026-09-07,07,10R,4459,片岡 雅裕,2025-10-05,2025-10-10,07,蒲郡,ＧⅠ,２５４　６　５２５２３,2023-10-24,2023-10-29,07,蒲郡,ＳＧ,３　２　２５６　４６４,2023-06-01,2023-06-06,07,蒲郡,ＧⅠ,３３６　３　３６５５３,2020-01-28,2020-02-01,07,蒲郡,一般,３３１１３１５５３３,2019-03-12,2019-03-17,07,蒲郡,一般,４６１２３１１１１５１５,5064,品川 二千翔,2025-03-14,2025-03-19,07,蒲郡,ＧⅢ,１　１５４６５４５　５,2024-03-02,2024-03-07,07,蒲郡,一般,６６２　４４妨　３　４２,,,,,,,,,,,,,,,,,,,3546,中里 昌志,2025-11-14,2025-11-19,07,蒲郡,ＧⅢ,２　２３１５５４６５４３,2025-02-17,2025-02-22,07,蒲郡,一般,６５４　５６３　４　１４,2024-06-21,2024-06-25,07,蒲郡,一般,３４２　２４４４１６,2024-02-17,2024-02-22,07,蒲郡,一般,４　２２２　４３２６６５,2023-07-15,2023-07-20,07,蒲郡,一般,１３３　５６４５５　３６,4323,山田 佑樹,2026-01-07,2026-01-11,07,蒲郡,一般,４６１　４３５１６,2025-07-01,2025-07-06,07,蒲郡,一般,１３２　１６６５４６６６,2025-04-18,2025-04-23,07,蒲郡,一般,落６,2021-02-02,2021-02-07,07,蒲郡,一般,１４３４４　１　３１[４],2019-02-28,2019-03-05,07,蒲郡,一般,３　２５３　１２５６４４,4693,松下 誉士,2025-04-18,2025-04-23,07,蒲郡,一般,３　４６６　１　６　４２,2024-04-13,2024-04-18,07,蒲郡,一般,５３３　３６６　３３４５,2022-02-10,2022-02-13,07,蒲郡,一般,５５５　５　３１,2018-03-08,2018-03-12,07,蒲郡,一般,２５６　４５３　６５,,,,,,,3679,飯島 昌弘,2025-11-14,2025-11-19,07,蒲郡,ＧⅢ,２１３４３　４３１２[４],2025-07-01,2025-07-06,07,蒲郡,一般,１　３３２２３４１４１３,2025-04-02,2025-04-07,07,蒲郡,一般,２６１２１１２１４１[１],2022-03-22,2022-03-27,07,蒲郡,一般,４　３２２　４２３２１５,2020-08-31,2020-09-06,07,蒲郡,一般,妨５
202609070711,2026-09-07,07,11R,4237,大峯 豊,2025-01-31,2025-02-04,07,蒲郡,一般,１４１２１３２１[４],2023-10-24,2023-10-29,07,蒲郡,ＳＧ,２　２　３６５　４２６,2022-04-10,2022-04-15,07,蒲郡,ＧⅠ,５　１４４　１１３　３２,2021-06-03,2021-06-08,07,蒲郡,ＧⅠ,６３１　４３５　１６６６,2019-09-18,2019-09-23,07,蒲郡,一般,１４２１３２３１４１[２],3825,宮嵜 隆太郎,2025-05-08,2025-05-11,07,蒲郡,一般,５５４　１　４１,2023-12-02,2023-12-07,07,蒲郡,一般,１　５５３　５６２　４１,2020-05-02,2020-05-06,07,蒲郡,一般,２　３６４６６　５,2019-07-18,2019-07-23,07,蒲郡,一般,５５５　６　１６６　６,2019-01-09,2019-01-14,07,蒲郡,一般,６６５　２５６　１　６２,5196,鰐部 太空海,2025-08-09,2025-08-14,07,蒲郡,一般,６　５３４　５１３　３３,2025-02-25,2025-03-02,07,蒲郡,一般,２　３２３４１３２３５１,2024-02-25,2024-02-28,07,蒲郡,一般,２　５３３５３１,2023-08-29,2023-09-02,07,蒲郡,一般,５　６３５３２　１５,2023-07-07,2023-07-12,07,蒲郡,一般,　　　　　　　　　　５５,4151,下河 誉史,2025-11-22,2025-11-27,07,蒲郡,一般,４　２６３　３６４　２２,2025-05-31,2025-06-06,07,蒲郡,一般,４　５３４　６４３　５４３,2021-10-02,2021-10-07,07,蒲郡,一般,５　２６２　５５３３４４,2021-09-04,2021-09-10,07,蒲郡,一般,３３３１５　４転,2019-07-04,2019-07-07,07,蒲郡,一般,３　４３１３４５,4523,中村 辰也,2026-01-31,2026-02-05,07,蒲郡,一般,１３５　３４３　１５１５,2025-03-14,2025-03-19,07,蒲郡,ＧⅢ,３６２５２　６,2024-11-29,2024-12-02,07,蒲郡,一般,１６３５１　４３,2021-05-21,2021-05-26,07,蒲郡,一般,妨６１欠,2017-12-13,2017-12-18,07,蒲郡,一般,２　６４４２４３１　５５,4435,服部 達哉,2025-07-09,2025-07-14,07,蒲郡,一般,２２F　５　５　４　５,2025-04-02,2025-04-07,07,蒲郡,一般,６３２　６２３　３　３４,2024-08-23,2024-08-28,07,蒲郡,一般,１　４３４３２６１３１１,2023-12-31,2024-01-04,07,蒲郡,一般,１２１５４　５　４５,2023-11-24,2023-11-29,07,蒲郡,一般,２３４　３２５　６５４４
202609070712,2026-09-07,07,12R,3876,中辻 崇人,2026-03-24,2026-03-29,07,蒲郡,ＳＧ,４　６４５　F　４　３,2020-08-31,2020-09-06,07,蒲郡,一般,２４３　１４２３２６５３１１,2020-05-02,2020-05-06,07,蒲郡,一般,３３１１３　２２[３],2017-08-28,2017-09-02,07,蒲郡,一般,１３３３１　４６２２[２],2017-04-19,2017-04-24,07,蒲郡,ＧⅢ,４６５４４,4527,高野 心吾,2026-05-01,2026-05-06,07,蒲郡,一般,３５６　６４５　６　５,2026-01-31,2026-02-05,07,蒲郡,一般,３５１　２５６　３６６,2025-08-09,2025-08-14,07,蒲郡,一般,６　１４３　５５４　６５,2025-04-11,2025-04-15,07,蒲郡,一般,５　４４５　１F６,2024-09-24,2024-09-28,07,蒲郡,一般,５６６　４　１２５４,3660,長谷川 親王,2024-07-16,2024-07-21,07,蒲郡,一般,５　４４４　５３６　２４,2022-12-19,2022-12-22,07,蒲郡,一般,５　６５４　５３,2022-03-22,2022-03-27,07,蒲郡,一般,４　４６５　３４５　５５,2022-01-21,2022-01-26,07,蒲郡,ＧⅢ,６　３５５　６　３４２４,2017-08-03,2017-08-06,07,蒲郡,一般,３３２　２４２５,4520,高倉 孝太,2026-02-10,2026-02-16,07,蒲郡,一般,３　５４３　４４１２６　１２,2025-03-23,2025-03-28,07,蒲郡,一般,２　１４４６６５３　１,2025-01-23,2025-01-28,07,蒲郡,一般,　　　　　　　　４３４,2025-01-15,2025-01-20,07,蒲郡,一般,５２２４２　６４４２２４,2024-04-13,2024-04-18,07,蒲郡,一般,２　１６６エ,4219,本岡 勝利,2025-07-01,2025-07-06,07,蒲郡,一般,４　５４２　６５４　４５,2024-04-13,2024-04-18,07,蒲郡,一般,３３４　４４４６５　５２,2019-04-19,2019-04-22,07,蒲郡,一般,２　４５２４３６,2018-11-17,2018-11-20,07,蒲郡,一般,５４２　１３２４,2015-09-21,2015-09-26,07,蒲郡,ＧⅢ,４６６　４　３６５　４３,3945,橋口 真樹,2026-05-01,2026-05-06,07,蒲郡,一般,６　４３４　４５４　６２,2025-11-14,2025-11-19,07,蒲郡,ＧⅢ,２５６　５６６　６２１５,2025-03-23,2025-03-28,07,蒲郡,一般,６２３　４２２６６６５６,2024-08-23,2024-08-28,07,蒲郡,一般,６４５　３２５　５　２６,2023-07-15,2023-07-20,07,蒲郡,一般,１４４　４３３５６６５４
202609070901,2026-09-07,09,01R,4547,中田 竜太,2025-10-21,2025-10-26,09,津,ＳＧ,５２４　４　４３６　４,2024-09-06,2024-09-11,09,津,ＧⅠ,６　３６３　５３４２２,2024-07-10,2024-07-15,09,津,ＧⅡ,５　５２２　５１３　３３,2017-08-01,2017-08-06,09,津,一般,３５６２１１５３３３１１,2015-04-01,2015-04-06,09,津,一般,１６５３４５１２２５３４,4713,白神 優,2024-03-16,2024-03-23,09,津,一般,１　５１３４１　１５２１,2023-02-17,2023-02-20,09,津,一般,３　３２６４３３,2020-04-06,2020-04-11,09,津,一般,４４１５２３１１４５５３,2020-01-11,2020-01-16,09,津,一般,１２４１３２３３１転３,2018-09-07,2018-09-12,09,津,一般,５３５　１２６　２２５６,4804,高田 ひかる,2026-08-15,2026-08-20,09,津,一般,１５３１１１３　４１[３],2026-04-02,2026-04-07,09,津,ＧⅠ,６　４　４５４　４５５,2025-12-30,2026-01-04,09,津,一般,１１３１３　１１１１[６],2025-12-15,2025-12-18,09,津,一般,４２１　５２３５,2025-06-07,2025-06-12,09,津,一般,３１４５１５３２２６２,4743,木村 仁紀,2026-01-26,2026-01-29,09,津,一般,１２１　２１[３],2025-07-12,2025-07-15,09,津,一般,１２４４１２[５],2025-04-04,2025-04-09,09,津,ＧⅠ,１　４　３５４　１５３５,2023-07-15,2023-07-20,09,津,一般,２　１２２５２１６１[４],2022-03-29,2022-04-04,09,津,一般,５３落　１１３　１２４３３１,4980,佐々木 完太,2025-04-04,2025-04-09,09,津,ＧⅠ,６　６３２　６　６５６,2022-08-31,2022-09-05,09,津,一般,４６２１１　３１３３１２,2021-04-03,2021-04-09,09,津,一般,１　２１３５２３１３２２,2020-04-06,2020-04-11,09,津,一般,５　１４３　２１２５６３,,,,,,,4468,大池 佑来,2026-06-07,2026-06-12,09,津,一般,４４１１３１３　４２[６],2024-01-24,2024-01-31,09,津,一般,１２１３２１２　２４４１[１],2023-04-09,2023-04-14,09,津,ＧⅠ,F　２６４　１　６　４,2022-11-19,2022-11-23,09,津,一般,１１１１４１２１[１],2022-09-28,2022-10-03,09,津,一般,３４２１１１３５３１[４]
202609070902,2026-09-07,09,02R,4415,下出 卓矢,2026-04-24,2026-04-27,09,津,一般,４１１　３２２１,2026-01-08,2026-01-13,09,津,一般,１　１６１２[１],2025-07-18,2025-07-21,09,津,一般,３３２１１３[６],2024-12-23,2024-12-27,09,津,一般,１２１１４１３F１,2024-09-06,2024-09-11,09,津,ＧⅠ,１　６４６　５５６６３,4472,尾嶋 一広,2026-04-02,2026-04-07,09,津,ＧⅠ,４　２　４６３　２４４６,2025-09-07,2025-09-12,09,津,一般,４　２３１６２妨４　２,2023-07-07,2023-07-12,09,津,一般,１　５２１５１３２１[６],2023-06-02,2023-06-09,09,津,一般,２５１４２５１　１１２１[２],2023-04-09,2023-04-14,09,津,ＧⅠ,５５３　１　４５５　３,4537,渡邉 和将,2026-07-10,2026-07-14,09,津,一般,３１１３３６１３２,2025-11-05,2025-11-10,09,津,一般,３４１　１１１２４１[６],2023-07-23,2023-07-29,09,津,一般,１３１１５　２１２２２１[１],2020-09-17,2020-09-22,09,津,一般,１５２　１２３１１１[２],2016-08-25,2016-08-30,09,津,一般,２　４１２２３５６２[４],5017,澤田 尚也,2026-07-18,2026-07-23,09,津,ＧⅢ,１６２　１１３　２　[５],2026-01-26,2026-01-29,09,津,一般,１４４４,2020-02-04,2020-02-09,09,津,一般,３１３　２２２４３３[６],2019-09-01,2019-09-06,09,津,一般,３４３　４６６　５６５,2018-11-14,2018-11-17,09,津,一般,４２２　５２３２,4013,中島 孝平,2026-05-29,2026-06-04,09,津,ＧⅢ,３２３１２　１３３５１２,2026-04-02,2026-04-07,09,津,ＧⅠ,５４２　６３５　４　３,2026-01-26,2026-01-29,09,津,一般,２１３３４２[２],2025-04-04,2025-04-09,09,津,ＧⅠ,１　１６３　５２２　[６],2024-09-06,2024-09-11,09,津,ＧⅠ,５５６　２　３１２１２６,5034,若林 義人,2026-07-18,2026-07-23,09,津,ＧⅢ,３３１　５６５　６２４,2026-04-02,2026-04-07,09,津,ＧⅠ,２　１３３　４　２　[６],2025-11-18,2025-11-23,09,津,一般,４４１２３５３２６３４１,2025-07-03,2025-07-07,09,津,一般,５２２　５２１３１２,2025-01-09,2025-01-14,09,津,一般,　　３３１６１４１２
202609070903,2026-09-07,09,03R,4772,石丸 海渡,2025-12-22,2025-12-26,09,津,一般,１１２２５２３１[４],2025-08-04,2025-08-09,09,津,一般,１３２　１１１６３２[３],2024-08-04,2024-08-09,09,津,一般,３３２　２６１１２３３１,2023-04-09,2023-04-14,09,津,ＧⅠ,６　２　２１６　２１４２,2021-04-13,2021-04-18,09,津,ＧⅠ,６　４３１　６６３　６,4528,黒井 達矢,2026-04-02,2026-04-07,09,津,ＧⅠ,５３６　１　３５２　２３,2025-12-15,2025-12-18,09,津,一般,２５１１４２[４],2024-09-06,2024-09-11,09,津,ＧⅠ,４　５１２　２６１６２４,2023-04-09,2023-04-14,09,津,ＧⅠ,３　５２５　２　３５５２,2022-08-20,2022-08-25,09,津,一般,１６１３４４５３３３１６,4391,松田 祐季,2026-08-05,2026-08-10,09,津,一般,５１１　１１１１１１[１],2025-11-05,2025-11-10,09,津,一般,４５２２３　１１２５１４,2024-09-06,2024-09-11,09,津,ＧⅠ,３　４１２　６３３　２１,2022-07-16,2022-07-21,09,津,一般,１１３３３１３２４１[１],2022-05-09,2022-05-14,09,津,ＧⅠ,５　５４１　６１５２３５,4337,平本 真之,2025-02-03,2025-02-10,09,津,ＧⅠ,４２１　　　４　５２,2024-05-09,2024-05-14,09,津,一般,１２３６１１１４５２[３],2023-04-09,2023-04-14,09,津,ＧⅠ,６　１　２５転２２５４,2021-04-13,2021-04-18,09,津,ＧⅠ,３　４２３　４１５　３１,2021-02-06,2021-02-11,09,津,ＧⅠ,５　３４６　３１２２２１,4796,春園 功太,2026-08-15,2026-08-20,09,津,一般,４６１４２　４２１５３４,2026-04-30,2026-05-06,09,津,一般,１　２　５３１５１１[１],2026-01-08,2026-01-13,09,津,一般,２４１　２１[６],2025-10-11,2025-10-16,09,津,一般,１　１３４２１　２１[１],2025-08-13,2025-08-18,09,津,一般,１５２　５３１５１４４２,4361,柳生 泰二,2026-04-02,2026-04-07,09,津,ＧⅠ,２５１　３　１３４　１４,2025-08-22,2025-08-27,09,津,一般,１１５１２　３１２２[１],2025-04-04,2025-04-09,09,津,ＧⅠ,４３２　３　３３２　[２],2024-09-06,2024-09-11,09,津,ＧⅠ,６２５　１６４　３６２,2023-06-11,2023-06-17,09,津,一般,３２３１３３１　２１４２[２]
202609070904,2026-09-07,09,04R,4477,篠崎 仁志,2026-04-02,2026-04-07,09,津,ＧⅠ,１２４　５　２３４　２６,2025-08-30,2025-09-04,09,津,一般,４５３４３１,2023-04-09,2023-04-14,09,津,ＧⅠ,３６３　４２１　６　１４,2022-05-09,2022-05-14,09,津,ＧⅠ,４１５　３２４　５　１１,2018-06-12,2018-06-15,09,津,一般,３２２３２３１５,4856,豊田 健士郎,2026-08-15,2026-08-20,09,津,一般,１２３　１１１２１１[２],2026-05-09,2026-05-14,09,津,ＧⅢ,１５１１５１１　５１[１],2026-04-30,2026-05-06,09,津,一般,３　３　１１３２４２[３],2026-04-02,2026-04-07,09,津,ＧⅠ,２　１２４　６　１　[４],2026-01-26,2026-01-29,09,津,一般,２５２２５１１２,4852,川原 祐明,2026-05-20,2026-05-25,09,津,一般,１１１１１　２１２１[１],2025-08-30,2025-09-04,09,津,一般,５　４６３５１４４　１１,2024-01-07,2024-01-12,09,津,一般,１２５　２３３３１４３２,2023-04-09,2023-04-14,09,津,ＧⅠ,４　４３４　１　１４２４,2023-02-24,2023-03-02,09,津,一般,３２５１１　１　１１２１[２],3941,池田 浩二,2025-10-21,2025-10-26,09,津,ＳＧ,２　３５３　１４４　１５,2024-09-06,2024-09-11,09,津,ＧⅠ,４１５　３１３　３　６２,2024-07-10,2024-07-15,09,津,ＧⅡ,５　３５２３１　４　１４,2023-04-18,2023-04-25,09,津,一般,１１３２１　１　５２１１[２],2022-09-28,2022-10-03,09,津,一般,１１２４４４４１１１[３],4456,鎌倉 涼,2024-07-26,2024-07-31,09,津,ＧⅢ,２　３３２　２２１４１５,2023-08-01,2023-08-06,09,津,ＧⅠ,２　３１３　６５３２２,2023-04-18,2023-04-25,09,津,一般,１　１４３２４,2014-07-10,2014-07-15,09,津,一般,４６３２２３４１３３２１,2014-01-30,2014-02-02,09,津,一般,５５５４１　２３,4953,尾上 雅也,2026-08-05,2026-08-10,09,津,一般,１　１２１３２２１１[４],2026-07-27,2026-08-01,09,津,一般,１１４,2026-04-24,2026-04-27,09,津,一般,２５５１３　１２,2025-11-27,2025-12-02,09,津,一般,２　１３１２２１３１[２],2025-06-18,2025-06-22,09,津,一般,１５３　３２１１[６]
202609070905,2026-09-07,09,05R,4445,宮地 元輝,2026-04-02,2026-04-07,09,津,ＧⅠ,５　３１５　１２２　[１],2025-10-21,2025-10-26,09,津,ＳＧ,１　転　５５１　５２２,2025-04-04,2025-04-09,09,津,ＧⅠ,３　４２１　６１３　３２,2024-09-06,2024-09-11,09,津,ＧⅠ,３　１１４　５２２　[５],2021-04-13,2021-04-18,09,津,ＧⅠ,２５１　４　４３２２２,4980,佐々木 完太,2025-04-04,2025-04-09,09,津,ＧⅠ,６　６３２　６　６５６,2022-08-31,2022-09-05,09,津,一般,４６２１１　３１３３１２,2021-04-03,2021-04-09,09,津,一般,１　２１３５２３１３２２,2020-04-06,2020-04-11,09,津,一般,５　１４３　２１２５６３,,,,,,,4760,山崎 郡,2025-10-21,2025-10-26,09,津,ＳＧ,１２１　１　２６６　１４,2024-02-21,2024-02-26,09,津,ＧⅢ,３３２　３１１３２１[],2021-04-13,2021-04-18,09,津,ＧⅠ,１　１　６５１　３　２１,2020-11-15,2020-11-20,09,津,ＧⅠ,１４４　５１６　１２５,2020-08-23,2020-08-28,09,津,一般,１５３１５５１３３３３２,4857,加藤 翔馬,2025-08-22,2025-08-27,09,津,一般,１　１２１１５２３１[２],2023-04-09,2023-04-14,09,津,ＧⅠ,６　６５２　４　５６３,2022-08-31,2022-09-05,09,津,一般,６６１２１３転欠,2018-02-22,2018-02-27,09,津,一般,３　２６１　６２２６１６,2017-06-06,2017-06-11,09,津,一般,６　３３２　２３５３１３,4713,白神 優,2024-03-16,2024-03-23,09,津,一般,１　５１３４１　１５２１,2023-02-17,2023-02-20,09,津,一般,３　３２６４３３,2020-04-06,2020-04-11,09,津,一般,４４１５２３１１４５５３,2020-01-11,2020-01-16,09,津,一般,１２４１３２３３１転３,2018-09-07,2018-09-12,09,津,一般,５３５　１２６　２２５６,5256,中山 翔太,2026-07-18,2026-07-23,09,津,ＧⅢ,５　１２１　１１１　[１],2026-05-20,2026-05-25,09,津,一般,転６３　１３６６,2026-04-30,2026-05-06,09,津,一般,１２　　１３４２１６１２,2026-04-02,2026-04-07,09,津,ＧⅠ,６　５　５３１　３６２,2025-12-30,2026-01-04,09,津,一般,３３１４２　１２１２[１]
202609070906,2026-09-07,09,06R,5017,澤田 尚也,2026-07-18,2026-07-23,09,津,ＧⅢ,１６２　１１３　２　[５],2026-01-26,2026-01-29,09,津,一般,１４４４,2020-02-04,2020-02-09,09,津,一般,３１３　２２２４３３[６],2019-09-01,2019-09-06,09,津,一般,３４３　４６６　５６５,2018-11-14,2018-11-17,09,津,一般,４２２　５２３２,4468,大池 佑来,2026-06-07,2026-06-12,09,津,一般,４４１１３１３　４２[６],2024-01-24,2024-01-31,09,津,一般,１２１３２１２　２４４１[１],2023-04-09,2023-04-14,09,津,ＧⅠ,F　２６４　１　６　４,2022-11-19,2022-11-23,09,津,一般,１１１１４１２１[１],2022-09-28,2022-10-03,09,津,一般,３４２１１１３５３１[４],4205,山口 剛,2024-09-06,2024-09-11,09,津,ＧⅠ,２１２　５５４　５１６２,2024-07-10,2024-07-15,09,津,ＧⅡ,４４妨　１１３　４　２,2021-04-13,2021-04-18,09,津,ＧⅠ,４２４　６１１　６　１３,2018-11-20,2018-11-25,09,津,ＧⅢ,１５１３１２１１３３１１,2017-10-08,2017-10-13,09,津,ＧⅠ,４３６　１２５　２１６,4547,中田 竜太,2025-10-21,2025-10-26,09,津,ＳＧ,５２４　４　４３６　４,2024-09-06,2024-09-11,09,津,ＧⅠ,６　３６３　５３４２２,2024-07-10,2024-07-15,09,津,ＧⅡ,５　５２２　５１３　３３,2017-08-01,2017-08-06,09,津,一般,３５６２１１５３３３１１,2015-04-01,2015-04-06,09,津,一般,１６５３４５１２２５３４,4415,下出 卓矢,2026-04-24,2026-04-27,09,津,一般,４１１　３２２１,2026-01-08,2026-01-13,09,津,一般,１　１６１２[１],2025-07-18,2025-07-21,09,津,一般,３３２１１３[６],2024-12-23,2024-12-27,09,津,一般,１２１１４１３F１,2024-09-06,2024-09-11,09,津,ＧⅠ,１　６４６　５５６６３,4739,中村 晃朋,2026-05-09,2026-05-14,09,津,ＧⅢ,３６６１３　２６１　５,2025-11-27,2025-12-02,09,津,一般,２　１５３２１２５２[５],2025-01-26,2025-01-31,09,津,一般,３６５　４１,2024-09-06,2024-09-11,09,津,ＧⅠ,５　６３６　２６４３３,2024-01-07,2024-01-12,09,津,一般,２２１３３　２１３１[５]
202609070907,2026-09-07,09,07R,4743,木村 仁紀,2026-01-26,2026-01-29,09,津,一般,１２１　２１[３],2025-07-12,2025-07-15,09,津,一般,１２４４１２[５],2025-04-04,2025-04-09,09,津,ＧⅠ,１　４　３５４　１５３５,2023-07-15,2023-07-20,09,津,一般,２　１２２５２１６１[４],2022-03-29,2022-04-04,09,津,一般,５３落　１１３　１２４３３１,5112,砂長 知輝,2026-07-18,2026-07-23,09,津,ＧⅢ,１１２　３１２　F　５,2025-11-18,2025-11-23,09,津,一般,１３２１１２４２５２[３],2025-03-24,2025-03-30,09,津,一般,２３１１３　１５３１３４１５,2024-04-03,2024-04-08,09,津,一般,４２欠欠,2022-06-12,2022-06-17,09,津,ＧⅢ,４　３１１　２５６　１３,4013,中島 孝平,2026-05-29,2026-06-04,09,津,ＧⅢ,３２３１２　１３３５１２,2026-04-02,2026-04-07,09,津,ＧⅠ,５４２　６３５　４　３,2026-01-26,2026-01-29,09,津,一般,２１３３４２[２],2025-04-04,2025-04-09,09,津,ＧⅠ,１　１６３　５２２　[６],2024-09-06,2024-09-11,09,津,ＧⅠ,５５６　２　３１２１２６,4804,高田 ひかる,2026-08-15,2026-08-20,09,津,一般,１５３１１１３　４１[３],2026-04-02,2026-04-07,09,津,ＧⅠ,６　４　４５４　４５５,2025-12-30,2026-01-04,09,津,一般,１１３１３　１１１１[６],2025-12-15,2025-12-18,09,津,一般,４２１　５２３５,2025-06-07,2025-06-12,09,津,一般,３１４５１５３２２６２,4772,石丸 海渡,2025-12-22,2025-12-26,09,津,一般,１１２２５２３１[４],2025-08-04,2025-08-09,09,津,一般,１３２　１１１６３２[３],2024-08-04,2024-08-09,09,津,一般,３３２　２６１１２３３１,2023-04-09,2023-04-14,09,津,ＧⅠ,６　２　２１６　２１４２,2021-04-13,2021-04-18,09,津,ＧⅠ,６　４３１　６６３　６,4472,尾嶋 一広,2026-04-02,2026-04-07,09,津,ＧⅠ,４　２　４６３　２４４６,2025-09-07,2025-09-12,09,津,一般,４　２３１６２妨４　２,2023-07-07,2023-07-12,09,津,一般,１　５２１５１３２１[６],2023-06-02,2023-06-09,09,津,一般,２５１４２５１　１１２１[２],2023-04-09,2023-04-14,09,津,ＧⅠ,５５３　１　４５５　３
202609070908,2026-09-07,09,08R,4337,平本 真之,2025-02-03,2025-02-10,09,津,ＧⅠ,４２１　　　４　５２,2024-05-09,2024-05-14,09,津,一般,１２３６１１１４５２[３],2023-04-09,2023-04-14,09,津,ＧⅠ,６　１　２５転２２５４,2021-04-13,2021-04-18,09,津,ＧⅠ,３　４２３　４１５　３１,2021-02-06,2021-02-11,09,津,ＧⅠ,５　３４６　３１２２２１,4456,鎌倉 涼,2024-07-26,2024-07-31,09,津,ＧⅢ,２　３３２　２２１４１５,2023-08-01,2023-08-06,09,津,ＧⅠ,２　３１３　６５３２２,2023-04-18,2023-04-25,09,津,一般,１　１４３２４,2014-07-10,2014-07-15,09,津,一般,４６３２２３４１３３２１,2014-01-30,2014-02-02,09,津,一般,５５５４１　２３,5034,若林 義人,2026-07-18,2026-07-23,09,津,ＧⅢ,３３１　５６５　６２４,2026-04-02,2026-04-07,09,津,ＧⅠ,２　１３３　４　２　[６],2025-11-18,2025-11-23,09,津,一般,４４１２３５３２６３４１,2025-07-03,2025-07-07,09,津,一般,５２２　５２１３１２,2025-01-09,2025-01-14,09,津,一般,　　３３１６１４１２,4528,黒井 達矢,2026-04-02,2026-04-07,09,津,ＧⅠ,５３６　１　３５２　２３,2025-12-15,2025-12-18,09,津,一般,２５１１４２[４],2024-09-06,2024-09-11,09,津,ＧⅠ,４　５１２　２６１６２４,2023-04-09,2023-04-14,09,津,ＧⅠ,３　５２５　２　３５５２,2022-08-20,2022-08-25,09,津,一般,１６１３４４５３３３１６,4537,渡邉 和将,2026-07-10,2026-07-14,09,津,一般,３１１３３６１３２,2025-11-05,2025-11-10,09,津,一般,３４１　１１１２４１[６],2023-07-23,2023-07-29,09,津,一般,１３１１５　２１２２２１[１],2020-09-17,2020-09-22,09,津,一般,１５２　１２３１１１[２],2016-08-25,2016-08-30,09,津,一般,２　４１２２３５６２[４],4856,豊田 健士郎,2026-08-15,2026-08-20,09,津,一般,１２３　１１１２１１[２],2026-05-09,2026-05-14,09,津,ＧⅢ,１５１１５１１　５１[１],2026-04-30,2026-05-06,09,津,一般,３　３　１１３２４２[３],2026-04-02,2026-04-07,09,津,ＧⅠ,２　１２４　６　１　[４],2026-01-26,2026-01-29,09,津,一般,２５２２５１１２
202609070909,2026-09-07,09,09R,3941,池田 浩二,2025-10-21,2025-10-26,09,津,ＳＧ,２　３５３　１４４　１５,2024-09-06,2024-09-11,09,津,ＧⅠ,４１５　３１３　３　６２,2024-07-10,2024-07-15,09,津,ＧⅡ,５　３５２３１　４　１４,2023-04-18,2023-04-25,09,津,一般,１１３２１　１　５２１１[２],2022-09-28,2022-10-03,09,津,一般,１１２４４４４１１１[３],4857,加藤 翔馬,2025-08-22,2025-08-27,09,津,一般,１　１２１１５２３１[２],2023-04-09,2023-04-14,09,津,ＧⅠ,６　６５２　４　５６３,2022-08-31,2022-09-05,09,津,一般,６６１２１３転欠,2018-02-22,2018-02-27,09,津,一般,３　２６１　６２２６１６,2017-06-06,2017-06-11,09,津,一般,６　３３２　２３５３１３,4796,春園 功太,2026-08-15,2026-08-20,09,津,一般,４６１４２　４２１５３４,2026-04-30,2026-05-06,09,津,一般,１　２　５３１５１１[１],2026-01-08,2026-01-13,09,津,一般,２４１　２１[６],2025-10-11,2025-10-16,09,津,一般,１　１３４２１　２１[１],2025-08-13,2025-08-18,09,津,一般,１５２　５３１５１４４２,4445,宮地 元輝,2026-04-02,2026-04-07,09,津,ＧⅠ,５　３１５　１２２　[１],2025-10-21,2025-10-26,09,津,ＳＧ,１　転　５５１　５２２,2025-04-04,2025-04-09,09,津,ＧⅠ,３　４２１　６１３　３２,2024-09-06,2024-09-11,09,津,ＧⅠ,３　１１４　５２２　[５],2021-04-13,2021-04-18,09,津,ＧⅠ,２５１　４　４３２２２,4477,篠崎 仁志,2026-04-02,2026-04-07,09,津,ＧⅠ,１２４　５　２３４　２６,2025-08-30,2025-09-04,09,津,一般,４５３４３１,2023-04-09,2023-04-14,09,津,ＧⅠ,３６３　４２１　６　１４,2022-05-09,2022-05-14,09,津,ＧⅠ,４１５　３２４　５　１１,2018-06-12,2018-06-15,09,津,一般,３２２３２３１５,4391,松田 祐季,2026-08-05,2026-08-10,09,津,一般,５１１　１１１１１１[１],2025-11-05,2025-11-10,09,津,一般,４５２２３　１１２５１４,2024-09-06,2024-09-11,09,津,ＧⅠ,３　４１２　６３３　２１,2022-07-16,2022-07-21,09,津,一般,１１３３３１３２４１[１],2022-05-09,2022-05-14,09,津,ＧⅠ,５　５４１　６１５２３５
202609070910,2026-09-07,09,10R,4444,桐生 順平,2025-10-21,2025-10-26,09,津,ＳＧ,４　５３４２１　２　[３],2023-04-09,2023-04-14,09,津,ＧⅠ,４　３３１　３１１　[３],2021-12-07,2021-12-11,09,津,一般,１２３２,2021-04-13,2021-04-18,09,津,ＧⅠ,４　４２６　２１４　１３,2021-01-19,2021-01-24,09,津,一般,２１２３２６１１１１[１],4586,磯部 誠,2026-04-02,2026-04-07,09,津,ＧⅠ,６　３１３　６１３　２１,2025-04-04,2025-04-09,09,津,ＧⅠ,５３５　２５１　５１３,2025-02-03,2025-02-10,09,津,ＧⅠ,２　２２　　１　[３],2024-09-06,2024-09-11,09,津,ＧⅠ,２　４２２１４２１　[３],2024-07-10,2024-07-15,09,津,ＧⅡ,３　２１３５３　３　３１,4024,井口 佳典,2026-08-15,2026-08-20,09,津,一般,１３１　５４２１１２[５],2026-05-29,2026-06-04,09,津,ＧⅢ,１１３４１１１　１２[２],2026-04-02,2026-04-07,09,津,ＧⅠ,２妨２　１　６１５　１,2025-08-13,2025-08-18,09,津,一般,２　１１１３２１３１[２],2025-05-17,2025-05-22,09,津,ＧⅢ,２１４　１１５１４５１３,4512,高野 哲史,2025-07-29,2025-08-01,09,津,一般,２１３１６４[２],2024-09-06,2024-09-11,09,津,ＧⅠ,２　３　４３４２６　５４,2024-03-16,2024-03-23,09,津,一般,１４１１３３１　４３５１,2022-03-29,2022-04-04,09,津,一般,５３転２,2021-04-22,2021-04-26,09,津,一般,１３１５１２１２[５],4566,塩田 北斗,2026-04-02,2026-04-07,09,津,ＧⅠ,５　６３２　１　５１３４,2025-10-21,2025-10-26,09,津,ＳＧ,１　３　２４５　３　３１,2025-01-26,2025-01-31,09,津,一般,２１２１[１],2024-11-03,2024-11-08,09,津,一般,４１１２２１３　１１[１],2024-08-24,2024-08-29,09,津,一般,２４４　１２１２１１[],4826,井上 一輝,2025-08-30,2025-09-04,09,津,一般,２２２１５２１　１３４１,2025-04-04,2025-04-09,09,津,ＧⅠ,３　１５１　１１４　４１,2024-04-21,2024-04-26,09,津,一般,１２６１１２５１２１[３],2023-01-25,2023-01-30,09,津,一般,１３２３１　１２３１[１],2022-12-09,2022-12-13,09,津,一般,３６３　１１１２[４]
202609070911,2026-09-07,09,11R,4851,関 浩哉,2025-10-21,2025-10-26,09,津,ＳＧ,３　６６１　５５４３２,2024-09-06,2024-09-11,09,津,ＧⅠ,１３５　２２１　３　４３,2022-06-12,2022-06-17,09,津,ＧⅢ,１　１５１　５１２　[２],2022-05-09,2022-05-14,09,津,ＧⅠ,３２１　１　１３１　[１],2021-12-21,2021-12-25,09,津,一般,１２２　１１３１[１],5267,石本 裕武,2025-11-18,2025-11-23,09,津,一般,１１３２４３１３４２[６],2025-01-09,2025-01-14,09,津,一般,５　５４６　３２１２,2024-04-03,2024-04-08,09,津,一般,１５３３１４転３２　６１,2023-06-02,2023-06-09,09,津,一般,６　３５４　６４４　６２４２,2023-02-24,2023-03-02,09,津,一般,５　転　６　４４４　３　４６,4305,金子 拓矢,2025-10-21,2025-10-26,09,津,ＳＧ,２　３　２５２　６　１３,2025-08-30,2025-09-04,09,津,一般,１３１３２　１１１１[１],2025-01-09,2025-01-14,09,津,一般,２　３４２２１１[２],2024-06-27,2024-07-01,09,津,一般,４１２　２１３１[１],2024-02-12,2024-02-18,09,津,一般,１１１　３２２２５１３４４４,5015,高橋 竜矢,2025-04-13,2025-04-16,09,津,一般,１５３２４不,2024-12-23,2024-12-27,09,津,一般,１　２２３４１２[３],2023-06-20,2023-06-25,09,津,一般,３３１不,,,,,,,,,,,,,4397,西村 拓也,2026-04-02,2026-04-07,09,津,ＧⅠ,６　５３６　６４４　３,2026-01-26,2026-01-29,09,津,一般,２２１１１１[１],2025-09-16,2025-09-21,09,津,一般,６２２　２１３３１５１２,2023-02-17,2023-02-20,09,津,一般,１４１２１３[２],2021-11-07,2021-11-13,09,津,一般,１１６　４３１１２　１４１２,4502,遠藤 エミ,2025-04-04,2025-04-09,09,津,ＧⅠ,４５３　１３５　５　３４,2024-09-30,2024-10-05,09,津,一般,１１３５１１２１２１[３],2024-07-10,2024-07-15,09,津,ＧⅡ,１３３　２　５３５　１４,2023-08-01,2023-08-06,09,津,ＧⅠ,３１１　３３４　１　[１],2023-04-09,2023-04-14,09,津,ＧⅠ,５２４　５　２２２１１
202609070912,2026-09-07,09,12R,3960,菊地 孝平,2026-04-02,2026-04-07,09,津,ＧⅠ,１１６　１　５５６　１５,2025-07-18,2025-07-21,09,津,一般,３５２２２１[３],2025-02-03,2025-02-10,09,津,ＧⅠ,５２１　　　１　[５],2024-07-10,2024-07-15,09,津,ＧⅡ,４４３　２１２　６　１６,2023-04-09,2023-04-14,09,津,ＧⅠ,６５５　５３３　２　４,4256,渡辺 浩司,2025-10-21,2025-10-26,09,津,ＳＧ,６　２　２１３　１　[４],2025-01-17,2025-01-22,09,津,一般,３４１　３１３１３１[５],2023-05-15,2023-05-21,09,津,一般,１４５２３１２　１１３１[２],2020-11-15,2020-11-20,09,津,ＧⅠ,６　２５３　３１１６６,2019-04-21,2019-04-26,09,津,一般,１４２２４３１３４６１６,3897,白井 英治,2025-10-21,2025-10-26,09,津,ＳＧ,４６５　４　３３４　５５,2025-07-12,2025-07-15,09,津,一般,２１３２１２１１,2024-07-10,2024-07-15,09,津,ＧⅡ,５１３　１１１　１　[２],2023-07-23,2023-07-29,09,津,一般,１１１１F３１　２　１　１,2022-05-09,2022-05-14,09,津,ＧⅠ,５３２　６４３,4448,青木 玄太,2025-01-09,2025-01-14,09,津,一般,５　１１６１１４６,2023-08-10,2023-08-14,09,津,一般,２１１２５　４２１,2022-10-22,2022-10-27,09,津,一般,１２３１１３１４２１[２],2021-04-13,2021-04-18,09,津,ＧⅠ,６　６５５　６１１　６,2020-12-10,2020-12-13,09,津,一般,１５１２３　１２,4083,福島 勇樹,2026-05-20,2026-05-25,09,津,一般,１４６６１　２２４３３２,2025-01-17,2025-01-22,09,津,一般,１６５６２　２１２　３２,2024-10-09,2024-10-14,09,津,一般,１６２３３１４　１４２,2021-10-20,2021-10-25,09,津,ＧⅡ,１４１　２　３５６　５２,2020-07-03,2020-07-06,09,津,一般,１３２６１１[４],5084,末永 和也,2026-04-02,2026-04-07,09,津,ＧⅠ,３　３４３５２　６　１５,2025-10-21,2025-10-26,09,津,ＳＧ,３１１　４　３３１　[１],2024-09-06,2024-09-11,09,津,ＧⅠ,４４３　２３６　５３４,2024-04-21,2024-04-26,09,津,一般,２１２１４１１２１１[１],2022-08-31,2022-09-05,09,津,一般,５１１　１２３２３２[６]
202609071001,2026-09-07,10,01R,4394,永嶋 裕一,2025-12-24,2025-12-27,10,三国,一般,２転２,2025-07-22,2025-07-27,10,三国,一般,３１３４１　２１５２[５],2024-10-13,2024-10-18,10,三国,一般,３　１転２３１　４４３２,2021-01-23,2021-01-28,10,三国,一般,３４４　１３２　６１[３],2018-06-03,2018-06-08,10,三国,一般,３　４３４　２６４１２１,4552,杉山 勝匡,2024-07-29,2024-08-02,10,三国,一般,１　５３３　１６６６,2019-03-02,2019-03-06,10,三国,一般,４　４５３３３　１２,2017-10-24,2017-10-29,10,三国,一般,６　転５４　６　６　３,2017-01-11,2017-01-15,10,三国,一般,５　４５２６６　６６,2015-11-21,2015-11-24,10,三国,一般,６　６３１　５６,5115,香川 颯太,2025-08-14,2025-08-19,10,三国,一般,３５３　６３１　４　４６,2025-01-25,2025-01-29,10,三国,一般,５３１　２５３３１２,2025-01-02,2025-01-07,10,三国,一般,　　　　　　　　５　６２,2024-05-01,2024-05-07,10,三国,一般,　　　　　　　　　　５４,2024-04-13,2024-04-18,10,三国,一般,４５１３５１２　３４１２,4879,山崎 鉄平,2026-03-07,2026-03-11,10,三国,一般,４５１　５５５　５,2025-06-18,2025-06-21,10,三国,一般,３６４　４　２５,2021-07-23,2021-07-28,10,三国,一般,２３４　４５５３４　４,2021-04-12,2021-04-16,10,三国,一般,５　２３２６１,2019-05-13,2019-05-18,10,三国,一般,４　３３６　３１４５３５,4128,川口 貴久,2025-11-21,2025-11-26,10,三国,一般,６５６　５　３６４　６５,2024-10-13,2024-10-18,10,三国,一般,１２２　６３１４２３３４,2024-07-17,2024-07-22,10,三国,一般,６４４　３２４　２　３２,2023-06-23,2023-06-28,10,三国,一般,３５５　１　５２転転,2023-02-28,2023-03-04,10,三国,一般,４　３４４４３　１１,4169,多田 有佑,2022-03-05,2022-03-08,10,三国,一般,２２５　１６２６,2021-11-23,2021-11-28,10,三国,一般,６　２５３　４４６３５５,2020-07-07,2020-07-12,10,三国,ＧⅡ,４　４　６６５　１６６,2020-05-24,2020-05-29,10,三国,一般,６６５　６５３　５　５５,2020-03-07,2020-03-10,10,三国,一般,４４４　６１３６
202609071002,2026-09-07,10,02R,4061,萩原 秀人,2026-08-14,2026-08-19,10,三国,一般,３３１１１４１　１３１１,2026-07-07,2026-07-12,10,三国,ＧⅢ,２１１１１１１　３１[３],2026-05-02,2026-05-07,10,三国,一般,１３１　１３２１３１[転],2026-03-07,2026-03-11,10,三国,一般,１１２３１２１２[２],2025-12-30,2026-01-04,10,三国,一般,１３２　１３２１１１[２],4509,平見 真彦,2025-12-05,2025-12-08,10,三国,一般,２５３３１３３１,2023-11-30,2023-12-03,10,三国,一般,４２４６４　１２,2023-06-05,2023-06-10,10,三国,一般,３３３３４　２３１３４１,2023-01-01,2023-01-06,10,三国,一般,４３３４３　４４４　１２,2021-09-30,2021-10-05,10,三国,一般,１６５エ６６６５,4340,土性 雅也,2023-07-24,2023-07-29,10,三国,一般,５　４１４５５５１　２４,2022-06-11,2022-06-16,10,三国,ＧⅢ,３　不５１　３３２５４２,2021-08-11,2021-08-16,10,三国,一般,４５２　４６５４６　６,2020-06-01,2020-06-05,10,三国,一般,３　１３６４１３４２,2018-08-12,2018-08-17,10,三国,一般,４　３５３　５５５　２６,4252,松下 哲也,2024-08-06,2024-08-09,10,三国,一般,２５１　１３１２,2023-10-07,2023-10-12,10,三国,一般,５　６４１　２３４６１４,2023-07-24,2023-07-29,10,三国,一般,３　６６５　５３２　３４,2022-12-18,2022-12-21,10,三国,一般,４４５　６　２５,2021-02-22,2021-02-28,10,三国,一般,５４２６４　６６６　５　５６,4489,岩川 仁士,2026-04-14,2026-04-19,10,三国,一般,５　３１１　６６転,2025-03-31,2025-04-05,10,三国,一般,５３１　５６３　４　４４,2024-03-20,2024-03-25,10,三国,一般,　　２５２３妨欠,2023-09-18,2023-09-23,10,三国,ＧⅢ,２　３６２６２　１５５４,2023-03-16,2023-03-21,10,三国,一般,４６１　４６５　２２４２,4346,前田 健太郎,2026-04-14,2026-04-19,10,三国,一般,６　４４　　２５２５４１,2025-07-04,2025-07-09,10,三国,一般,４　１６２６２１２６１６,2024-07-29,2024-08-02,10,三国,一般,４３６　３６２　６６,2023-10-07,2023-10-12,10,三国,一般,２　４２３１３３４６F６,2023-07-24,2023-07-29,10,三国,一般,５２１　４５２　１３５１
202609071003,2026-09-07,10,03R,4215,吉島 祥之,2025-07-22,2025-07-27,10,三国,一般,２　３１２２４５１３４１,2024-05-10,2024-05-16,10,三国,一般,２３３　１４３３４　２４１５,2023-04-05,2023-04-09,10,三国,一般,５転,2021-10-12,2021-10-17,10,三国,ＧⅢ,５６４　２３３　５５４４,2021-01-10,2021-01-16,10,三国,一般,２４５　４３４１,5027,重冨 勇哉,2025-10-29,2025-11-03,10,三国,ＧⅢ,３１１　３５２３２５３４,2024-09-21,2024-09-25,10,三国,一般,４　５２３　６４６１,2022-09-01,2022-09-05,10,三国,一般,６　４３３３４３４２,2022-08-22,2022-08-27,10,三国,一般,５５５　４６１　４　２２,,,,,,,3959,坪井 康晴,2025-03-10,2025-03-15,10,三国,一般,４１２４３２５３１３１１,2024-08-25,2024-08-30,10,三国,一般,２１２４１３２３２４２１,2023-08-03,2023-08-07,10,三国,一般,転欠,2021-06-29,2021-07-04,10,三国,ＧⅡ,３１３　２１４　２　[６],2021-03-11,2021-03-16,10,三国,ＧⅠ,５５５　１５５　３３５,4580,長谷川 雅和,2025-03-19,2025-03-25,10,三国,一般,２４５　６６１６５　１５,2024-05-10,2024-05-16,10,三国,一般,２　３５４１４　２５２１５４,2023-05-16,2023-05-21,10,三国,一般,４１６　５６４　１５１１,2022-06-11,2022-06-16,10,三国,ＧⅢ,２３６２４　５６３　２２,2021-02-22,2021-02-28,10,三国,一般,３１６　２２１２４６２４６１,5037,田頭 虎親,2025-09-26,2025-09-29,10,三国,一般,５１５　６６３,2024-04-13,2024-04-18,10,三国,一般,５２２５２１３１４３１３,2021-07-23,2021-07-28,10,三国,一般,４　３F,2019-07-28,2019-08-02,10,三国,一般,５　５　６５６　４６６,,,,,,,5470,,,,,,,,,,,,,,,,,,,,,,,,,,,,,,,
202609071004,2026-09-07,10,04R,4822,百武 翔,2026-02-06,2026-02-11,10,三国,一般,２２２３６４１４５５,2025-06-18,2025-06-21,10,三国,一般,３　３５２４１,2024-07-29,2024-08-02,10,三国,一般,４　６４１　４６４５,2021-01-23,2021-01-28,10,三国,一般,５５６　４４１３３　２３,2020-07-26,2020-07-29,10,三国,一般,６　５３３　２２,3730,塩崎 優司,2025-10-04,2025-10-07,10,三国,一般,５４２　５２５３,2024-12-23,2024-12-28,10,三国,一般,２１４　２５４２４５４４,2024-02-09,2024-02-13,10,三国,一般,５　５５５　２６５４,2023-06-23,2023-06-28,10,三国,一般,６６２　５４５　４５４,2022-12-18,2022-12-21,10,三国,一般,２１２　３２[６],4669,井上 茂,2026-03-16,2026-03-19,10,三国,一般,３１２　２５２５,2025-03-19,2025-03-25,10,三国,一般,５　４３３　４１４４４１,2024-07-17,2024-07-22,10,三国,一般,２　１６６　３６５　１５,2022-01-17,2022-01-23,10,三国,一般,２５２　２５３　１　６５６４,2021-11-13,2021-11-16,10,三国,一般,６　５１３５３,4575,戸塚 邦好,2025-09-26,2025-09-29,10,三国,一般,５５２　３　２２,2025-03-31,2025-04-05,10,三国,一般,４２３　３１２６１１[２],2024-07-29,2024-08-02,10,三国,一般,１　１２６２１４１２,2023-06-05,2023-06-10,10,三国,一般,６６３　３２１１１６１６,2021-09-19,2021-09-23,10,三国,一般,２６５　４５１　５１,4166,吉田 拡郎,2025-07-31,2025-08-05,10,三国,ＧⅠ,１　２５５　５２１４２６,2024-05-10,2024-05-16,10,三国,一般,１３３１１　１３１６１２[転],2023-11-21,2023-11-26,10,三国,ＳＧ,４２３　６　５６５　６,2021-03-11,2021-03-16,10,三国,ＧⅠ,２２３　２４２　１　[６],2020-07-07,2020-07-12,10,三国,ＧⅡ,３６６　１　２６２　６,3812,山崎 聖司,2026-02-06,2026-02-11,10,三国,一般,３５３　６６４　３,2024-03-05,2024-03-10,10,三国,一般,４５５２４　６１３　３３,2023-11-12,2023-11-15,10,三国,一般,５５５　３　３５,2020-11-27,2020-12-02,10,三国,一般,５　５６１　４４５　３２,2020-06-16,2020-06-20,10,三国,一般,５６６　６
202609071005,2026-09-07,10,05R,4709,岡村 将也,2026-03-16,2026-03-19,10,三国,一般,１２３４４５２３,2024-02-19,2024-02-24,10,三国,一般,６４６４４１４　４１２３,2022-06-11,2022-06-16,10,三国,ＧⅢ,６　３５６２６,2022-04-04,2022-04-08,10,三国,一般,４２６　３２６２[３],2021-10-12,2021-10-17,10,三国,ＧⅢ,妨　６　６６６,3804,中渡 修作,2024-08-25,2024-08-30,10,三国,一般,５　６２４　６６４６妨５,2024-03-05,2024-03-10,10,三国,一般,６　５２６４３６６　６,2023-10-25,2023-10-30,10,三国,一般,３４６　３６２　５　３４,2023-06-16,2023-06-19,10,三国,一般,５１４　５３４３,2022-11-22,2022-11-27,10,三国,一般,１３２５４５６　３　５１,4731,間野 兼礼,2026-01-07,2026-01-10,10,三国,一般,５２５　５３２３,2019-08-29,2019-09-03,10,三国,一般,４　３２２３２３１６５２,2019-05-13,2019-05-18,10,三国,一般,５　６３４　４４２　２６,2019-03-02,2019-03-06,10,三国,一般,５２２　５２２　４５,2017-05-24,2017-05-28,10,三国,一般,３４２　３４１５４２,5023,久永 祥平,2024-06-26,2024-07-01,10,三国,一般,２　５３１　２６２４２５,2020-11-05,2020-11-10,10,三国,一般,３４３　６５５　転４３,2020-03-26,2020-03-31,10,三国,一般,F　４　６　４５５　３,,,,,,,,,,,,,4073,大橋 純一郎,2025-02-13,2025-02-16,10,三国,一般,１６２４１３１１,2024-02-28,2024-03-02,10,三国,一般,１５２５３　２４,2023-10-16,2023-10-21,10,三国,一般,３１２欠,2023-08-03,2023-08-07,10,三国,一般,２１２３２　２２[５],2023-03-25,2023-03-30,10,三国,ＧⅠ,４　４１４　３　５６６４,4270,岸本 雄貴,2026-01-31,2026-02-03,10,三国,一般,６４４　１　３３,2025-07-22,2025-07-27,10,三国,一般,３４５　６３６　４６６６,2024-10-23,2024-10-26,10,三国,一般,５　６５５　５１,2022-04-12,2022-04-15,10,三国,一般,６　６６３　６５,2021-04-12,2021-04-16,10,三国,一般,３３４　５２４
202609071006,2026-09-07,10,06R,4346,前田 健太郎,2026-04-14,2026-04-19,10,三国,一般,６　４４　　２５２５４１,2025-07-04,2025-07-09,10,三国,一般,４　１６２６２１２６１６,2024-07-29,2024-08-02,10,三国,一般,４３６　３６２　６６,2023-10-07,2023-10-12,10,三国,一般,２　４２３１３３４６F６,2023-07-24,2023-07-29,10,三国,一般,５２１　４５２　１３５１,4169,多田 有佑,2022-03-05,2022-03-08,10,三国,一般,２２５　１６２６,2021-11-23,2021-11-28,10,三国,一般,６　２５３　４４６３５５,2020-07-07,2020-07-12,10,三国,ＧⅡ,４　４　６６５　１６６,2020-05-24,2020-05-29,10,三国,一般,６６５　６５３　５　５５,2020-03-07,2020-03-10,10,三国,一般,４４４　６１３６,4982,中村 将隆,2025-09-26,2025-09-29,10,三国,一般,４　２２１５３３,2025-01-02,2025-01-07,10,三国,一般,５　４５５　６　５４５６,2024-06-26,2024-07-01,10,三国,一般,５　５６５　５　４４４,2022-09-21,2022-09-26,10,三国,一般,６　６　４６６６５　４３,2022-08-14,2022-08-19,10,三国,一般,２　３５３　４６６４４,4933,板橋 侑我,2025-03-10,2025-03-15,10,三国,一般,５　６３１１５３５　１４,2020-11-05,2020-11-10,10,三国,一般,２１４３５２１３１F５,2020-03-26,2020-03-31,10,三国,一般,２５１　４４５１３１１４,2019-09-18,2019-09-23,10,三国,ＧⅠ,１　２沈４　４　６６５,2019-06-18,2019-06-23,10,三国,一般,１４１　１３４１４５１２,4685,島村 隆幸,2026-02-06,2026-02-11,10,三国,一般,１３１１４１３５２１,2025-10-17,2025-10-22,10,三国,一般,２４２　１２１　２２[４],2025-02-13,2025-02-16,10,三国,一般,１１３２１１[２],2023-11-21,2023-11-26,10,三国,ＳＧ,３３４　５　２６４２５,2020-11-05,2020-11-10,10,三国,一般,２２２１６１１１４１[１],3776,横井 健太,2026-01-07,2026-01-10,10,三国,一般,６　４２５４２,2025-08-14,2025-08-19,10,三国,一般,５　６１５　５５５　５５,2025-06-18,2025-06-21,10,三国,一般,５　６４１　６６,2025-03-10,2025-03-15,10,三国,一般,３　２６５　５５６４３,2024-12-07,2024-12-12,10,三国,一般,４　４６３　２５４　４４
202609071007,2026-09-07,10,07R,4633,森 智也,2024-07-09,2024-07-13,10,三国,一般,５　１３３１２５４５,2023-01-01,2023-01-06,10,三国,一般,５４５　３５２　３３２２,2022-06-03,2022-06-07,10,三国,一般,１５４　２４２３４,2022-02-15,2022-02-20,10,三国,一般,２３３　３６４２１４２３,2021-06-05,2021-06-10,10,三国,一般,５　５４４４１　４　２１,4128,川口 貴久,2025-11-21,2025-11-26,10,三国,一般,６５６　５　３６４　６５,2024-10-13,2024-10-18,10,三国,一般,１２２　６３１４２３３４,2024-07-17,2024-07-22,10,三国,一般,６４４　３２４　２　３２,2023-06-23,2023-06-28,10,三国,一般,３５５　１　５２転転,2023-02-28,2023-03-04,10,三国,一般,４　３４４４３　１１,4252,松下 哲也,2024-08-06,2024-08-09,10,三国,一般,２５１　１３１２,2023-10-07,2023-10-12,10,三国,一般,５　６４１　２３４６１４,2023-07-24,2023-07-29,10,三国,一般,３　６６５　５３２　３４,2022-12-18,2022-12-21,10,三国,一般,４４５　６　２５,2021-02-22,2021-02-28,10,三国,一般,５４２６４　６６６　５　５６,3989,熊本 英一,2025-12-05,2025-12-08,10,三国,一般,６　４６４　２６,2025-07-13,2025-07-18,10,三国,一般,４５３　５４４　４４４２,2025-04-21,2025-04-25,10,三国,一般,２　６６４６４　４１,2024-11-11,2024-11-15,10,三国,一般,６　４４６　５２４３,2022-02-15,2022-02-20,10,三国,一般,６５６　２２２　３２３１,4168,石野 貴之,2025-09-26,2025-09-29,10,三国,一般,６２２２２２[２],2021-11-04,2021-11-09,10,三国,ＧⅠ,１１４　４　１１６　６１,2021-02-07,2021-02-12,10,三国,ＧⅠ,６　５３４　２１６１２,2020-07-07,2020-07-12,10,三国,ＧⅡ,６　２６１　４２５　１３,2018-12-04,2018-12-09,10,三国,ＧⅠ,６３３　４,5282,中本 大樹,2026-08-14,2026-08-19,10,三国,一般,２　６１６　２６１６５２,2026-06-02,2026-06-08,10,三国,一般,２１エ　２　１１４４３２,2026-05-02,2026-05-07,10,三国,一般,３１１　６２３　４６妨３,2026-01-20,2026-01-26,10,三国,一般,３３１　６６２３５　３１,2025-12-30,2026-01-04,10,三国,一般,３　５５４　３５３５３
202609071008,2026-09-07,10,08R,3692,竹腰 正樹,2026-08-14,2026-08-19,10,三国,一般,４　３４２　４４５５２,2026-07-07,2026-07-12,10,三国,ＧⅢ,２　６６６　３１４１３２,2026-05-02,2026-05-07,10,三国,一般,４１４６６６６,2026-02-17,2026-02-21,10,三国,一般,３６３　４６５　３６,2025-12-12,2025-12-17,10,三国,一般,２６２　３６４　６５５,4489,岩川 仁士,2026-04-14,2026-04-19,10,三国,一般,５　３１１　６６転,2025-03-31,2025-04-05,10,三国,一般,５３１　５６３　４　４４,2024-03-20,2024-03-25,10,三国,一般,　　２５２３妨欠,2023-09-18,2023-09-23,10,三国,ＧⅢ,２　３６２６２　１５５４,2023-03-16,2023-03-21,10,三国,一般,４６１　４６５　２２４２,4664,東口 晃,2026-07-27,2026-08-01,10,三国,一般,６　２５６　５　５６２,2026-06-11,2026-06-16,10,三国,一般,５１４　６６４　４　５２,2026-05-02,2026-05-07,10,三国,一般,３　２３４６４　１４２３,2026-04-14,2026-04-19,10,三国,一般,６　１５４１３　２４２６,2026-02-06,2026-02-11,10,三国,一般,５６６　１　５６５,4511,中岡 健人,2026-02-06,2026-02-11,10,三国,一般,３３３　３　１３３６,2023-03-16,2023-03-21,10,三国,一般,４　５５３　２４５６４,2021-10-12,2021-10-17,10,三国,ＧⅢ,４５５　３　５５４６１６,2021-09-09,2021-09-14,10,三国,一般,６５６　３　２５２　４４,2020-12-17,2020-12-22,10,三国,一般,２　５２F,5027,重冨 勇哉,2025-10-29,2025-11-03,10,三国,ＧⅢ,３１１　３５２３２５３４,2024-09-21,2024-09-25,10,三国,一般,４　５２３　６４６１,2022-09-01,2022-09-05,10,三国,一般,６　４３３３４３４２,2022-08-22,2022-08-27,10,三国,一般,５５５　４６１　４　２２,,,,,,,4552,杉山 勝匡,2024-07-29,2024-08-02,10,三国,一般,１　５３３　１６６６,2019-03-02,2019-03-06,10,三国,一般,４　４５３３３　１２,2017-10-24,2017-10-29,10,三国,一般,６　転５４　６　６　３,2017-01-11,2017-01-15,10,三国,一般,５　４５２６６　６６,2015-11-21,2015-11-24,10,三国,一般,６　６３１　５６
202609071009,2026-09-07,10,09R,4718,北川 太一,2023-10-16,2023-10-21,10,三国,一般,５２２５６６１３３　２１,2021-10-23,2021-10-28,10,三国,一般,２４２４５２４　５２[５],2018-11-14,2018-11-19,10,三国,一般,４　５１５　３６５　４６,2014-11-08,2014-11-11,10,三国,一般,１５６　６６２,,,,,,,5037,田頭 虎親,2025-09-26,2025-09-29,10,三国,一般,５１５　６６３,2024-04-13,2024-04-18,10,三国,一般,５２２５２１３１４３１３,2021-07-23,2021-07-28,10,三国,一般,４　３F,2019-07-28,2019-08-02,10,三国,一般,５　５　６５６　４６６,,,,,,,4196,田中 太一郎,2025-05-13,2025-05-18,10,三国,一般,４３５　５６,2024-01-26,2024-01-30,10,三国,一般,４　５６４６５　５４,2019-06-30,2019-07-05,10,三国,一般,２３６６６　２４６　２６,2015-08-28,2015-09-02,10,三国,一般,６　１３５　２６６４４４,2012-08-21,2012-08-26,10,三国,一般,５４１　５４６　３３４６,5161,登玉 隼百,2024-04-13,2024-04-18,10,三国,一般,４３６　２３５３１　３１,2021-07-23,2021-07-28,10,三国,一般,５　６６６　３４５　２３,,,,,,,,,,,,,,,,,,,3804,中渡 修作,2024-08-25,2024-08-30,10,三国,一般,５　６２４　６６４６妨５,2024-03-05,2024-03-10,10,三国,一般,６　５２６４３６６　６,2023-10-25,2023-10-30,10,三国,一般,３４６　３６２　５　３４,2023-06-16,2023-06-19,10,三国,一般,５１４　５３４３,2022-11-22,2022-11-27,10,三国,一般,１３２５４５６　３　５１,3730,塩崎 優司,2025-10-04,2025-10-07,10,三国,一般,５４２　５２５３,2024-12-23,2024-12-28,10,三国,一般,２１４　２５４２４５４４,2024-02-09,2024-02-13,10,三国,一般,５　５５５　２６５４,2023-06-23,2023-06-28,10,三国,一般,６６２　５４５　４５４,2022-12-18,2022-12-21,10,三国,一般,２１２　３２[６]
202609071010,2026-09-07,10,10R,4933,板橋 侑我,2025-03-10,2025-03-15,10,三国,一般,５　６３１１５３５　１４,2020-11-05,2020-11-10,10,三国,一般,２１４３５２１３１F５,2020-03-26,2020-03-31,10,三国,一般,２５１　４４５１３１１４,2019-09-18,2019-09-23,10,三国,ＧⅠ,１　２沈４　４　６６５,2019-06-18,2019-06-23,10,三国,一般,１４１　１３４１４５１２,4073,大橋 純一郎,2025-02-13,2025-02-16,10,三国,一般,１６２４１３１１,2024-02-28,2024-03-02,10,三国,一般,１５２５３　２４,2023-10-16,2023-10-21,10,三国,一般,３１２欠,2023-08-03,2023-08-07,10,三国,一般,２１２３２　２２[５],2023-03-25,2023-03-30,10,三国,ＧⅠ,４　４１４　３　５６６４,4575,戸塚 邦好,2025-09-26,2025-09-29,10,三国,一般,５５２　３　２２,2025-03-31,2025-04-05,10,三国,一般,４２３　３１２６１１[２],2024-07-29,2024-08-02,10,三国,一般,１　１２６２１４１２,2023-06-05,2023-06-10,10,三国,一般,６６３　３２１１１６１６,2021-09-19,2021-09-23,10,三国,一般,２６５　４５１　５１,5115,香川 颯太,2025-08-14,2025-08-19,10,三国,一般,３５３　６３１　４　４６,2025-01-25,2025-01-29,10,三国,一般,５３１　２５３３１２,2025-01-02,2025-01-07,10,三国,一般,　　　　　　　　５　６２,2024-05-01,2024-05-07,10,三国,一般,　　　　　　　　　　５４,2024-04-13,2024-04-18,10,三国,一般,４５１３５１２　３４１２,4394,永嶋 裕一,2025-12-24,2025-12-27,10,三国,一般,２転２,2025-07-22,2025-07-27,10,三国,一般,３１３４１　２１５２[５],2024-10-13,2024-10-18,10,三国,一般,３　１転２３１　４４３２,2021-01-23,2021-01-28,10,三国,一般,３４４　１３２　６１[３],2018-06-03,2018-06-08,10,三国,一般,３　４３４　２６４１２１,4215,吉島 祥之,2025-07-22,2025-07-27,10,三国,一般,２　３１２２４５１３４１,2024-05-10,2024-05-16,10,三国,一般,２３３　１４３３４　２４１５,2023-04-05,2023-04-09,10,三国,一般,５転,2021-10-12,2021-10-17,10,三国,ＧⅢ,５６４　２３３　５５４４,2021-01-10,2021-01-16,10,三国,一般,２４５　４３４１
202609071011,2026-09-07,10,11R,4685,島村 隆幸,2026-02-06,2026-02-11,10,三国,一般,１３１１４１３５２１,2025-10-17,2025-10-22,10,三国,一般,２４２　１２１　２２[４],2025-02-13,2025-02-16,10,三国,一般,１１３２１１[２],2023-11-21,2023-11-26,10,三国,ＳＧ,３３４　５　２６４２５,2020-11-05,2020-11-10,10,三国,一般,２２２１６１１１４１[１],4166,吉田 拡郎,2025-07-31,2025-08-05,10,三国,ＧⅠ,１　２５５　５２１４２６,2024-05-10,2024-05-16,10,三国,一般,１３３１１　１３１６１２[転],2023-11-21,2023-11-26,10,三国,ＳＧ,４２３　６　５６５　６,2021-03-11,2021-03-16,10,三国,ＧⅠ,２２３　２４２　１　[６],2020-07-07,2020-07-12,10,三国,ＧⅡ,３６６　１　２６２　６,5023,久永 祥平,2024-06-26,2024-07-01,10,三国,一般,２　５３１　２６２４２５,2020-11-05,2020-11-10,10,三国,一般,３４３　６５５　転４３,2020-03-26,2020-03-31,10,三国,一般,F　４　６　４５５　３,,,,,,,,,,,,,3959,坪井 康晴,2025-03-10,2025-03-15,10,三国,一般,４１２４３２５３１３１１,2024-08-25,2024-08-30,10,三国,一般,２１２４１３２３２４２１,2023-08-03,2023-08-07,10,三国,一般,転欠,2021-06-29,2021-07-04,10,三国,ＧⅡ,３１３　２１４　２　[６],2021-03-11,2021-03-16,10,三国,ＧⅠ,５５５　１５５　３３５,4633,森 智也,2024-07-09,2024-07-13,10,三国,一般,５　１３３１２５４５,2023-01-01,2023-01-06,10,三国,一般,５４５　３５２　３３２２,2022-06-03,2022-06-07,10,三国,一般,１５４　２４２３４,2022-02-15,2022-02-20,10,三国,一般,２３３　３６４２１４２３,2021-06-05,2021-06-10,10,三国,一般,５　５４４４１　４　２１,4061,萩原 秀人,2026-08-14,2026-08-19,10,三国,一般,３３１１１４１　１３１１,2026-07-07,2026-07-12,10,三国,ＧⅢ,２１１１１１１　３１[３],2026-05-02,2026-05-07,10,三国,一般,１３１　１３２１３１[転],2026-03-07,2026-03-11,10,三国,一般,１１２３１２１２[２],2025-12-30,2026-01-04,10,三国,一般,１３２　１３２１１１[２]
202609071012,2026-09-07,10,12R,4168,石野 貴之,2025-09-26,2025-09-29,10,三国,一般,６２２２２２[２],2021-11-04,2021-11-09,10,三国,ＧⅠ,１１４　４　１１６　６１,2021-02-07,2021-02-12,10,三国,ＧⅠ,６　５３４　２１６１２,2020-07-07,2020-07-12,10,三国,ＧⅡ,６　２６１　４２５　１３,2018-12-04,2018-12-09,10,三国,ＧⅠ,６３３　４,4580,長谷川 雅和,2025-03-19,2025-03-25,10,三国,一般,２４５　６６１６５　１５,2024-05-10,2024-05-16,10,三国,一般,２　３５４１４　２５２１５４,2023-05-16,2023-05-21,10,三国,一般,４１６　５６４　１５１１,2022-06-11,2022-06-16,10,三国,ＧⅢ,２３６２４　５６３　２２,2021-02-22,2021-02-28,10,三国,一般,３１６　２２１２４６２４６１,3989,熊本 英一,2025-12-05,2025-12-08,10,三国,一般,６　４６４　２６,2025-07-13,2025-07-18,10,三国,一般,４５３　５４４　４４４２,2025-04-21,2025-04-25,10,三国,一般,２　６６４６４　４１,2024-11-11,2024-11-15,10,三国,一般,６　４４６　５２４３,2022-02-15,2022-02-20,10,三国,一般,６５６　２２２　３２３１,4509,平見 真彦,2025-12-05,2025-12-08,10,三国,一般,２５３３１３３１,2023-11-30,2023-12-03,10,三国,一般,４２４６４　１２,2023-06-05,2023-06-10,10,三国,一般,３３３３４　２３１３４１,2023-01-01,2023-01-06,10,三国,一般,４３３４３　４４４　１２,2021-09-30,2021-10-05,10,三国,一般,１６５エ６６６５,4822,百武 翔,2026-02-06,2026-02-11,10,三国,一般,２２２３６４１４５５,2025-06-18,2025-06-21,10,三国,一般,３　３５２４１,2024-07-29,2024-08-02,10,三国,一般,４　６４１　４６４５,2021-01-23,2021-01-28,10,三国,一般,５５６　４４１３３　２３,2020-07-26,2020-07-29,10,三国,一般,６　５３３　２２,3692,竹腰 正樹,2026-08-14,2026-08-19,10,三国,一般,４　３４２　４４５５２,2026-07-07,2026-07-12,10,三国,ＧⅢ,２　６６６　３１４１３２,2026-05-02,2026-05-07,10,三国,一般,４１４６６６６,2026-02-17,2026-02-21,10,三国,一般,３６３　４６５　３６,2025-12-12,2025-12-17,10,三国,一般,２６２　３６４　６５５
202609071101,2026-09-07,11,01R,5379,廣部 大明,2026-08-15,2026-08-20,11,びわこ,一般,５　４５６　２６６　２５,2026-06-09,2026-06-14,11,びわこ,一般,５６４　３　１４２５５１,2026-04-30,2026-05-06,11,びわこ,一般,５　６４４　５５３　６３,2026-03-12,2026-03-16,11,びわこ,一般,４　５４３４２　６５,2026-01-03,2026-01-08,11,びわこ,一般,４　６５６　６４５６６,5271,杉山 太陽,2026-01-25,2026-01-30,11,びわこ,一般,６　５６６　３　６５３２,,,,,,,,,,,,,,,,,,,,,,,,,5368,宮崎 心之介,2025-09-03,2025-09-07,11,びわこ,一般,６　５６６　５５６４,,,,,,,,,,,,,,,,,,,,,,,,,5298,水谷 理人,2024-07-04,2024-07-09,11,びわこ,一般,４　２　１３３２２４６５,,,,,,,,,,,,,,,,,,,,,,,,,5343,小林 礼央,2025-08-26,2025-08-31,11,びわこ,一般,　　　　　　　　６５６２,2025-06-20,2025-06-25,11,びわこ,一般,６４６　２６４　４６５,2024-12-11,2024-12-16,11,びわこ,一般,　　　　　　　　　　６６,2024-10-06,2024-10-11,11,びわこ,一般,６　５６５　６６５６５５,,,,,,,5273,山下 拓巳,2025-09-03,2025-09-07,11,びわこ,一般,２　５６４１６　５６,2025-06-11,2025-06-16,11,びわこ,一般,５６６　６　１６４　２５,2024-12-26,2024-12-31,11,びわこ,一般,５　６４６　６４６４３５,2024-08-20,2024-08-23,11,びわこ,一般,５５５　５　４５,2024-01-16,2024-01-21,11,びわこ,一般,４４４　５５５　４５５
202609071102,2026-09-07,11,02R,5234,塚越 海斗,2025-01-31,2025-02-05,11,びわこ,一般,６　３１６４４１１　３１,2024-02-13,2024-02-16,11,びわこ,一般,４　５２３５１,,,,,,,,,,,,,,,,,,,5157,市川 健太,2026-08-15,2026-08-20,11,びわこ,一般,３３５　１１４６５６１５,2026-06-29,2026-07-03,11,びわこ,一般,４１４　６１１６５６,2026-02-13,2026-02-18,11,びわこ,一般,４　５６１　３４４５３６,2026-01-03,2026-01-08,11,びわこ,一般,４６４　３３F　４　５,2025-10-31,2025-11-03,11,びわこ,一般,４３１　５３６１,5179,藤本 元輝,2026-04-20,2026-04-23,11,びわこ,一般,５　３１５６１３,2025-08-10,2025-08-16,11,びわこ,一般,２４５　６３２　１４１４５４,2024-01-16,2024-01-21,11,びわこ,一般,６２６　５５６　６３５,2023-07-18,2023-07-21,11,びわこ,一般,６　５５６　６５,2022-12-26,2022-12-29,11,びわこ,一般,５　５３６５６６,5290,坂本 一真,2025-08-19,2025-08-22,11,びわこ,一般,６　６５６　６６,,,,,,,,,,,,,,,,,,,,,,,,,5388,,,,,,,,,,,,,,,,,,,,,,,,,,,,,,,,5216,長谷川 晴哉,2026-01-25,2026-01-30,11,びわこ,一般,２２５　１１４２６３２１,2024-12-11,2024-12-16,11,びわこ,一般,４１６　１５４２２　５３,2024-06-16,2024-06-21,11,びわこ,ＧⅢ,５　４５５　４４６４５,,,,,,,,,,,,
202609071103,2026-09-07,11,03R,5186,遠藤 圭吾,2026-05-09,2026-05-14,11,びわこ,一般,３４３　４４２　１３２,2025-05-29,2025-06-01,11,びわこ,一般,５２５　５５６,2024-07-17,2024-07-20,11,びわこ,一般,２５５　２４３６,2023-02-12,2023-02-17,11,びわこ,一般,４　２２４４２　１４３６,,,,,,,5106,山崎 祥,2025-09-10,2025-09-13,11,びわこ,一般,６　１３１妨２５,2024-07-17,2024-07-20,11,びわこ,一般,４６２　１５２１,2023-10-24,2023-10-29,11,びわこ,ＧⅢ,３５５　３６６　１　２１,2021-10-21,2021-10-26,11,びわこ,一般,３　６３３　６２５２６３,2021-05-18,2021-05-23,11,びわこ,一般,６　５４４　３２６　５５,5135,仲 航太,2025-12-24,2025-12-29,11,びわこ,一般,４４２１４　１６１６３２,2023-09-03,2023-09-08,11,びわこ,一般,３　１４５５３４２　２１,2022-02-21,2022-02-25,11,びわこ,一般,１６４　５６５６４,2021-10-21,2021-10-26,11,びわこ,一般,４　３妨６　６　５　６,,,,,,,5255,藤原 仙二,2026-08-26,2026-08-31,11,びわこ,一般,１　４１５２３２４　２３,2026-05-20,2026-05-25,11,びわこ,ＧⅡ,１　１５５　F４３　６,2026-04-30,2026-05-06,11,びわこ,一般,１１１　３２３　２１[１],2026-01-03,2026-01-08,11,びわこ,一般,落４４　１２２３２３１３,2025-10-02,2025-10-07,11,びわこ,一般,２１５３１３２　６４２２,5268,山本 幸也,2026-04-20,2026-04-23,11,びわこ,一般,４　４４２４４転,,,,,,,,,,,,,,,,,,,,,,,,,5010,宇留田 翔平,2026-04-20,2026-04-23,11,びわこ,一般,４１３５５４１２,2025-09-03,2025-09-07,11,びわこ,一般,３　３３４３４１２２,2025-01-22,2025-01-28,11,びわこ,一般,１　５４５５２２３　１５５６,2024-06-25,2024-06-30,11,びわこ,一般,３　２５２４４　６２２２,2020-12-26,2020-12-31,11,びわこ,一般,６　３５６　５６６　４４
202609071104,2026-09-07,11,04R,5177,松井 貫太,2024-09-05,2024-09-08,11,びわこ,一般,６６６　５　５５,2024-06-25,2024-06-30,11,びわこ,一般,３　４６５　６５５　４,2024-01-16,2024-01-21,11,びわこ,一般,５５１　５４４　５６２,,,,,,,,,,,,,5060,数原 魁,2025-09-26,2025-09-29,11,びわこ,一般,６３１　３５４４,2024-12-11,2024-12-16,11,びわこ,一般,２　５３５　３２２１１３,2023-04-28,2023-05-03,11,びわこ,一般,２１１　２　６６５４１６,2022-10-29,2022-11-03,11,びわこ,一般,６１４　４４５　４　５３,2021-06-18,2021-06-23,11,びわこ,一般,５４６　５　６１５　６２,5222,津田 陸翔,2024-10-06,2024-10-11,11,びわこ,一般,５　５４５３４　５３２３,2022-10-29,2022-11-03,11,びわこ,一般,６　４６６　６６５　５５,,,,,,,,,,,,,,,,,,,5421,原田 朱理,2026-05-29,2026-06-03,11,びわこ,一般,６　６６６　６５５　６６,,,,,,,,,,,,,,,,,,,,,,,,,5376,吉田 一心,2025-03-10,2025-03-16,11,びわこ,一般,６　６６６　６４転　６５５,,,,,,,,,,,,,,,,,,,,,,,,,5154,村松 栄太,2026-04-20,2026-04-23,11,びわこ,一般,３３３　５５１３,2026-01-25,2026-01-30,11,びわこ,一般,５２４　４５１　４１４３,2024-05-30,2024-06-04,11,びわこ,一般,６４５　６４３　５　３４,2023-10-17,2023-10-20,11,びわこ,一般,６　４６５　４５,2021-05-18,2021-05-23,11,びわこ,一般,６６４　６　６　６６６
202609071105,2026-09-07,11,05R,5136,濱野 斗馬,2026-02-13,2026-02-18,11,びわこ,一般,４５５１１　１１１５３３,2025-10-02,2025-10-07,11,びわこ,一般,２６３６４４１１３５２４,2024-12-11,2024-12-16,11,びわこ,一般,１２３２３４１１２１[１],2024-08-27,2024-09-01,11,びわこ,一般,５５４４　　１,2024-01-16,2024-01-21,11,びわこ,一般,３４２　２３３２４３１１,5212,西川 拓利,2024-10-24,2024-10-29,11,びわこ,一般,１４３　５５４　６３６３,2024-08-27,2024-09-01,11,びわこ,一般,４　６５５　５,2024-01-16,2024-01-21,11,びわこ,一般,６　５６６　６６２　４４,2023-07-25,2023-07-28,11,びわこ,一般,５　５３６５１,,,,,,,5354,渡邊 雄斗,2026-05-29,2026-06-03,11,びわこ,一般,２　５２３４５３２　５３,2024-10-06,2024-10-11,11,びわこ,一般,６　６６F　６　６　６６,2024-06-25,2024-06-30,11,びわこ,一般,６　６　６６６　６６６６,,,,,,,,,,,,,5343,小林 礼央,2025-08-26,2025-08-31,11,びわこ,一般,　　　　　　　　６５６２,2025-06-20,2025-06-25,11,びわこ,一般,６４６　２６４　４６５,2024-12-11,2024-12-16,11,びわこ,一般,　　　　　　　　　　６６,2024-10-06,2024-10-11,11,びわこ,一般,６　５６５　６６５６５５,,,,,,,5329,金子 龍斗,2026-02-22,2026-02-27,11,びわこ,一般,５５２　１１転　５５２,2025-10-31,2025-11-03,11,びわこ,一般,６　５３１　２５,2025-08-10,2025-08-16,11,びわこ,一般,６　４　６５５　２４６　４６,,,,,,,,,,,,,5210,藤井 公人,2025-10-23,2025-10-28,11,びわこ,一般,３　４４３６４　５　６６,2024-12-11,2024-12-16,11,びわこ,一般,４　５４６　４３５　２３,2023-07-25,2023-07-28,11,びわこ,一般,５　６６６　５４,,,,,,,,,,,,
202609071106,2026-09-07,11,06R,5134,大原 祥昌,2025-09-26,2025-09-29,11,びわこ,一般,３５５,2022-07-12,2022-07-16,11,びわこ,一般,１６４　５４１　２１,2022-06-26,2022-07-01,11,びわこ,一般,　　　　　　　　　　２６,2021-12-27,2021-12-31,11,びわこ,一般,６　６　１５５　６４,,,,,,,5167,小川 竜太朗,2025-06-29,2025-07-04,11,びわこ,一般,５　２２３４１３５２[６],2024-05-21,2024-05-26,11,びわこ,一般,５　６４１　６４５　１F,2023-07-25,2023-07-28,11,びわこ,一般,落　５３４　３４,,,,,,,,,,,,,5280,廣瀬 凜,2026-08-15,2026-08-20,11,びわこ,一般,３６１　１２１３２６１２,2026-05-20,2026-05-25,11,びわこ,ＧⅡ,３　１２６　２　６　１５,2026-04-30,2026-05-06,11,びわこ,一般,１１５　２　１３１１[４],2026-03-12,2026-03-16,11,びわこ,一般,３１１１２　５２[３],2026-02-22,2026-02-27,11,びわこ,一般,２４１２３３１　１３３１,5271,杉山 太陽,2026-01-25,2026-01-30,11,びわこ,一般,６　５６６　３　６５３２,,,,,,,,,,,,,,,,,,,,,,,,,5460,早川 理稀,2026-08-15,2026-08-20,11,びわこ,一般,６６６　６６５　６４転,2026-05-09,2026-05-14,11,びわこ,一般,６　６　６５６　６　５６,,,,,,,,,,,,,,,,,,,5276,大島 隆乃介,2025-05-18,2025-05-23,11,びわこ,一般,５　４６５　２５５５４３,2024-02-13,2024-02-16,11,びわこ,一般,５　５５３　５４,,,,,,,,,,,,,,,,,,
202609071107,2026-09-07,11,07R,5152,丸山 祐也,2026-04-20,2026-04-23,11,びわこ,一般,４３６　４　５５,2025-05-29,2025-06-01,11,びわこ,一般,４　４４５　４４,2024-06-25,2024-06-30,11,びわこ,一般,３　６５,,,,,,,,,,,,,5298,水谷 理人,2024-07-04,2024-07-09,11,びわこ,一般,４　２　１３３２２４６５,,,,,,,,,,,,,,,,,,,,,,,,,5157,市川 健太,2026-08-15,2026-08-20,11,びわこ,一般,３３５　１１４６５６１５,2026-06-29,2026-07-03,11,びわこ,一般,４１４　６１１６５６,2026-02-13,2026-02-18,11,びわこ,一般,４　５６１　３４４５３６,2026-01-03,2026-01-08,11,びわこ,一般,４６４　３３F　４　５,2025-10-31,2025-11-03,11,びわこ,一般,４３１　５３６１,5018,竹下 大樹,2026-06-29,2026-07-03,11,びわこ,一般,３２１６４１３３３２,2024-08-01,2024-08-06,11,びわこ,一般,４　１１５６２４１　３３,,,,,,,,,,,,,,,,,,,5130,上野 拓馬,2026-04-20,2026-04-23,11,びわこ,一般,４　５５２　３１,2025-10-02,2025-10-07,11,びわこ,一般,６６４　５　４６６,2024-11-25,2024-11-28,11,びわこ,一般,６　４６６　１６,2021-05-08,2021-05-13,11,びわこ,一般,６６６　６　６５６６５６,2020-10-04,2020-10-09,11,びわこ,一般,６　６６６　５　６６６,5377,,,,,,,,,,,,,,,,,,,,,,,,,,,,,,,
202609071108,2026-09-07,11,08R,5268,山本 幸也,2026-04-20,2026-04-23,11,びわこ,一般,４　４４２４４転,,,,,,,,,,,,,,,,,,,,,,,,,5238,笹木 香吾,2026-05-09,2026-05-14,11,びわこ,一般,６４５１６　１　１１５,2025-07-18,2025-07-23,11,びわこ,一般,１４１　４４１２４４２２,2024-01-16,2024-01-21,11,びわこ,一般,４５４　４６５　３　２６,2023-05-29,2023-06-02,11,びわこ,一般,６　６６落　５６３６,2023-04-03,2023-04-08,11,びわこ,一般,６　５６６　６５２６６,5379,廣部 大明,2026-08-15,2026-08-20,11,びわこ,一般,５　４５６　２６６　２５,2026-06-09,2026-06-14,11,びわこ,一般,５６４　３　１４２５５１,2026-04-30,2026-05-06,11,びわこ,一般,５　６４４　５５３　６３,2026-03-12,2026-03-16,11,びわこ,一般,４　５４３４２　６５,2026-01-03,2026-01-08,11,びわこ,一般,４　６５６　６４５６６,5421,原田 朱理,2026-05-29,2026-06-03,11,びわこ,一般,６　６６６　６５５　６６,,,,,,,,,,,,,,,,,,,,,,,,,5275,松田 淳平,2025-08-10,2025-08-16,11,びわこ,一般,４４４　１５５　２　２６３３,2025-06-29,2025-07-04,11,びわこ,一般,５３４　２　１５４５２３,2025-01-13,2025-01-18,11,びわこ,一般,６４エ　１５１　４３５１,2024-07-24,2024-07-28,11,びわこ,一般,６５５　３　６６６,2023-10-17,2023-10-20,11,びわこ,一般,３　５４６　６４,5247,大森 翼,2025-05-09,2025-05-14,11,びわこ,一般,５６５　３　５４４　６６,2024-12-11,2024-12-16,11,びわこ,一般,転　６４５　５５２　５５,2023-09-03,2023-09-08,11,びわこ,一般,５　２６４　４６６　４６,2023-06-18,2023-06-24,11,びわこ,一般,６　６５３　５転,2023-04-28,2023-05-03,11,びわこ,一般,６６５　５５４　転　６５
202609071109,2026-09-07,11,09R,5221,竹間 隆晟,2025-08-26,2025-08-31,11,びわこ,一般,３６１　３１５４１３２１,2024-06-16,2024-06-21,11,びわこ,ＧⅢ,３３５　１　１３６　１５,2023-11-05,2023-11-10,11,びわこ,一般,２３６　６１２３２２[５],2022-12-08,2022-12-13,11,びわこ,一般,６４６　５　２１４６２２,2022-10-29,2022-11-03,11,びわこ,一般,４４２　５　落５３　４４,5246,楠 将太郎,2025-02-25,2025-03-02,11,びわこ,一般,　　　　　　６　１５６４,2025-01-22,2025-01-28,11,びわこ,一般,６,,,,,,,,,,,,,,,,,,,5177,松井 貫太,2024-09-05,2024-09-08,11,びわこ,一般,６６６　５　５５,2024-06-25,2024-06-30,11,びわこ,一般,３　４６５　６５５　４,2024-01-16,2024-01-21,11,びわこ,一般,５５１　５４４　５６２,,,,,,,,,,,,,5186,遠藤 圭吾,2026-05-09,2026-05-14,11,びわこ,一般,３４３　４４２　１３２,2025-05-29,2025-06-01,11,びわこ,一般,５２５　５５６,2024-07-17,2024-07-20,11,びわこ,一般,２５５　２４３６,2023-02-12,2023-02-17,11,びわこ,一般,４　２２４４２　１４３６,,,,,,,5212,西川 拓利,2024-10-24,2024-10-29,11,びわこ,一般,１４３　５５４　６３６３,2024-08-27,2024-09-01,11,びわこ,一般,４　６５５　５,2024-01-16,2024-01-21,11,びわこ,一般,６　５６６　６６２　４４,2023-07-25,2023-07-28,11,びわこ,一般,５　５３６５１,,,,,,,5226,藤田 俊祐,2026-02-04,2026-02-09,11,びわこ,一般,３４２　５５５２１　３１,2025-06-04,2025-06-08,11,びわこ,一般,２２５４３２１４１１,2024-06-16,2024-06-21,11,びわこ,ＧⅢ,２２１　５　４３１　[５],,,,,,,,,,,,
202609071110,2026-09-07,11,10R,5222,津田 陸翔,2024-10-06,2024-10-11,11,びわこ,一般,５　５４５３４　５３２３,2022-10-29,2022-11-03,11,びわこ,一般,６　４６６　６６５　５５,,,,,,,,,,,,,,,,,,,5199,垂水 悠,2025-10-02,2025-10-07,11,びわこ,一般,３４３　３４３６５　２３,2024-01-16,2024-01-21,11,びわこ,一般,５　６４４　欠４５　落欠,,,,,,,,,,,,,,,,,,,5136,濱野 斗馬,2026-02-13,2026-02-18,11,びわこ,一般,４５５１１　１１１５３３,2025-10-02,2025-10-07,11,びわこ,一般,２６３６４４１１３５２４,2024-12-11,2024-12-16,11,びわこ,一般,１２３２３４１１２１[１],2024-08-27,2024-09-01,11,びわこ,一般,５５４４　　１,2024-01-16,2024-01-21,11,びわこ,一般,３４２　２３３２４３１１,5303,土井 歩夢,2025-10-02,2025-10-07,11,びわこ,一般,１　１４１５５３５５１４,2024-12-11,2024-12-16,11,びわこ,一般,３　１４１　３６３３４５,2024-09-05,2024-09-08,11,びわこ,一般,３　４３３１３６,,,,,,,,,,,,,5167,小川 竜太朗,2025-06-29,2025-07-04,11,びわこ,一般,５　２２３４１３５２[６],2024-05-21,2024-05-26,11,びわこ,一般,５　６４１　６４５　１F,2023-07-25,2023-07-28,11,びわこ,一般,落　５３４　３４,,,,,,,,,,,,,5135,仲 航太,2025-12-24,2025-12-29,11,びわこ,一般,４４２１４　１６１６３２,2023-09-03,2023-09-08,11,びわこ,一般,３　１４５５３４２　２１,2022-02-21,2022-02-25,11,びわこ,一般,１６４　５６５６４,2021-10-21,2021-10-26,11,びわこ,一般,４　３妨６　６　５　６,,,,,,
202609071111,2026-09-07,11,11R,5255,藤原 仙二,2026-08-26,2026-08-31,11,びわこ,一般,１　４１５２３２４　２３,2026-05-20,2026-05-25,11,びわこ,ＧⅡ,１　１５５　F４３　６,2026-04-30,2026-05-06,11,びわこ,一般,１１１　３２３　２１[１],2026-01-03,2026-01-08,11,びわこ,一般,落４４　１２２３２３１３,2025-10-02,2025-10-07,11,びわこ,一般,２１５３１３２　６４２２,5134,大原 祥昌,2025-09-26,2025-09-29,11,びわこ,一般,３５５,2022-07-12,2022-07-16,11,びわこ,一般,１６４　５４１　２１,2022-06-26,2022-07-01,11,びわこ,一般,　　　　　　　　　　２６,2021-12-27,2021-12-31,11,びわこ,一般,６　６　１５５　６４,,,,,,,5152,丸山 祐也,2026-04-20,2026-04-23,11,びわこ,一般,４３６　４　５５,2025-05-29,2025-06-01,11,びわこ,一般,４　４４５　４４,2024-06-25,2024-06-30,11,びわこ,一般,３　６５,,,,,,,,,,,,,5234,塚越 海斗,2025-01-31,2025-02-05,11,びわこ,一般,６　３１６４４１１　３１,2024-02-13,2024-02-16,11,びわこ,一般,４　５２３５１,,,,,,,,,,,,,,,,,,,5060,数原 魁,2025-09-26,2025-09-29,11,びわこ,一般,６３１　３５４４,2024-12-11,2024-12-16,11,びわこ,一般,２　５３５　３２２１１３,2023-04-28,2023-05-03,11,びわこ,一般,２１１　２　６６５４１６,2022-10-29,2022-11-03,11,びわこ,一般,６１４　４４５　４　５３,2021-06-18,2021-06-23,11,びわこ,一般,５４６　５　６１５　６２,5354,渡邊 雄斗,2026-05-29,2026-06-03,11,びわこ,一般,２　５２３４５３２　５３,2024-10-06,2024-10-11,11,びわこ,一般,６　６６F　６　６　６６,2024-06-25,2024-06-30,11,びわこ,一般,６　６　６６６　６６６６,,,,,,,,,,,,
202609071112,2026-09-07,11,12R,5018,竹下 大樹,2026-06-29,2026-07-03,11,びわこ,一般,３２１６４１３３３２,2024-08-01,2024-08-06,11,びわこ,一般,４　１１５６２４１　３３,,,,,,,,,,,,,,,,,,,5216,長谷川 晴哉,2026-01-25,2026-01-30,11,びわこ,一般,２２５　１１４２６３２１,2024-12-11,2024-12-16,11,びわこ,一般,４１６　１５４２２　５３,2024-06-16,2024-06-21,11,びわこ,ＧⅢ,５　４５５　４４６４５,,,,,,,,,,,,,5154,村松 栄太,2026-04-20,2026-04-23,11,びわこ,一般,３３３　５５１３,2026-01-25,2026-01-30,11,びわこ,一般,５２４　４５１　４１４３,2024-05-30,2024-06-04,11,びわこ,一般,６４５　６４３　５　３４,2023-10-17,2023-10-20,11,びわこ,一般,６　４６５　４５,2021-05-18,2021-05-23,11,びわこ,一般,６６４　６　６　６６６,5238,笹木 香吾,2026-05-09,2026-05-14,11,びわこ,一般,６４５１６　１　１１５,2025-07-18,2025-07-23,11,びわこ,一般,１４１　４４１２４４２２,2024-01-16,2024-01-21,11,びわこ,一般,４５４　４６５　３　２６,2023-05-29,2023-06-02,11,びわこ,一般,６　６６落　５６３６,2023-04-03,2023-04-08,11,びわこ,一般,６　５６６　６５２６６,5368,宮崎 心之介,2025-09-03,2025-09-07,11,びわこ,一般,６　５６６　５５６４,,,,,,,,,,,,,,,,,,,,,,,,,5106,山崎 祥,2025-09-10,2025-09-13,11,びわこ,一般,６　１３１妨２５,2024-07-17,2024-07-20,11,びわこ,一般,４６２　１５２１,2023-10-24,2023-10-29,11,びわこ,ＧⅢ,３５５　３６６　１　２１,2021-10-21,2021-10-26,11,びわこ,一般,３　６３３　６２５２６３,2021-05-18,2021-05-23,11,びわこ,一般,６　５４４　３２６　５５
202609071301,2026-09-07,13,01R,4750,井上 尚悟,2026-05-15,2026-05-18,13,尼崎,一般,３,2025-12-02,2025-12-05,13,尼崎,一般,２５５５６　３５,2025-01-13,2025-01-16,13,尼崎,一般,５３５　１５４５,2024-11-19,2024-11-24,13,尼崎,一般,３　３４３　２２３５２４,2023-01-21,2023-01-25,13,尼崎,一般,６　３６６　４６３,5307,,,,,,,,,,,,,,,,,,,,,,,,,,,,,,,,4172,森定 晃史,2024-09-17,2024-09-21,13,尼崎,一般,６３４２２２１４１２,2022-06-25,2022-06-30,13,尼崎,一般,４１３４２　３３２３４４,2021-12-05,2021-12-10,13,尼崎,一般,２　４１２３２２４３２１,2021-04-17,2021-04-21,13,尼崎,一般,４１４５３５４　２,2020-06-27,2020-07-01,13,尼崎,一般,２３２２５４３４１４,4902,山川 雄大,2026-08-09,2026-08-14,13,尼崎,一般,５６３　２　１２５５２,2026-07-03,2026-07-08,13,尼崎,一般,４５２　２５３　６６２４,2026-01-29,2026-02-03,13,尼崎,一般,１１５　６４４　４３６１,2026-01-04,2026-01-09,13,尼崎,一般,６６３　１３２　３１３２,2025-07-24,2025-07-29,13,尼崎,一般,５　５６３　６６６,3860,松本 浩貴,2024-04-23,2024-04-28,13,尼崎,一般,２　４６２　５５４　５３,2023-07-30,2023-08-04,13,尼崎,一般,５６４　６６６　５　５,2020-11-07,2020-11-12,13,尼崎,一般,３３３　６１５　５３３,2020-07-05,2020-07-10,13,尼崎,一般,６　４５５３６　５６４５,2018-05-16,2018-05-19,13,尼崎,一般,４５３　６３６,5372,上岡 巧汰,2026-05-22,2026-05-27,13,尼崎,一般,３６６　５５５　４　３,,,,,,,,,,,,,,,,,,,,,,,,
202609071302,2026-09-07,13,02R,4176,樋口 喜彦,2026-05-15,2026-05-18,13,尼崎,一般,２,2025-08-09,2025-08-14,13,尼崎,一般,３　５６４　６４４４１,2025-05-03,2025-05-08,13,尼崎,一般,２　６３４　６１４３５６,2024-12-24,2024-12-29,13,尼崎,一般,２　２３４５４６３６４４,2024-08-17,2024-08-21,13,尼崎,一般,３１４　３５４　４４,4608,荒井 翔伍,2026-01-17,2026-01-20,13,尼崎,一般,１１５４１　２２,2023-05-10,2023-05-14,13,尼崎,一般,３６１　３４３５１４,2023-03-07,2023-03-11,13,尼崎,一般,６５１　１４２３２１,2022-03-20,2022-03-23,13,尼崎,一般,１６４６２　４４,2021-07-27,2021-08-01,13,尼崎,ＧⅡ,５　２４５　４４３１５,2878,富山 弘幸,2025-05-18,2025-05-22,13,尼崎,一般,２　６４３２２　１５,2024-11-26,2024-12-01,13,尼崎,ＧⅢ,５１３　３５５　１１１３,2023-08-17,2023-08-22,13,尼崎,一般,２２２４２４２　１３５３,2023-05-27,2023-06-01,13,尼崎,一般,４　６５３１３４３６３１,2023-01-06,2023-01-10,13,尼崎,一般,６５４　６３４　１４,3548,室田 泰史,2025-07-09,2025-07-14,13,尼崎,ＧⅢ,５３５　６５２６４　２,2024-01-21,2024-01-26,13,尼崎,ＧⅢ,１３４　２１３　４４３４,2023-11-01,2023-11-06,13,尼崎,ＧⅢ,１　５４２　６５４　６２,2022-10-28,2022-11-02,13,尼崎,ＧⅢ,５４１　３６４３６　４３,2021-04-17,2021-04-21,13,尼崎,一般,３６５　１６６　２,4567,上村 慎太郎,2025-04-08,2025-04-11,13,尼崎,一般,６　５６２　１６,2022-06-18,2022-06-22,13,尼崎,一般,５　３５エ,2021-06-18,2021-06-22,13,尼崎,一般,５　４１５　３３４３,2021-01-29,2021-02-03,13,尼崎,一般,４　４５５２４　４４４５,2017-12-09,2017-12-12,13,尼崎,一般,５　４３５　２５,3663,木山 和幸,2026-03-22,2026-03-25,13,尼崎,一般,２　４２２３１３,2025-06-25,2025-06-30,13,尼崎,一般,５　１５５５４４３　６,2025-04-18,2025-04-23,13,尼崎,ＧⅢ,４５５　３２６４５　５６,2024-12-04,2024-12-07,13,尼崎,一般,２３３　４２５６,2024-08-24,2024-08-28,13,尼崎,一般,３３４　１４４６３６
202609071303,2026-09-07,13,03R,3731,高濱 芳久,2025-12-02,2025-12-05,13,尼崎,一般,４４２　１５４６,2025-06-25,2025-06-30,13,尼崎,一般,６　６６,2025-02-23,2025-02-27,13,尼崎,一般,４５５　５２２　５２,2024-06-06,2024-06-10,13,尼崎,一般,１５３　１６１６６４,2024-02-25,2024-02-29,13,尼崎,一般,２６４　４５５　３１,4308,河村 了,2026-05-15,2026-05-18,13,尼崎,一般,２,2025-03-03,2025-03-08,13,尼崎,ＧⅠ,４　２４２　２３５　１５,2024-11-19,2024-11-24,13,尼崎,一般,２５３４２　１５２２[４],2024-02-18,2024-02-22,13,尼崎,一般,１　２２２１３１[２],2023-04-11,2023-04-16,13,尼崎,一般,１４１１３　１２３１[２],4247,齊藤 優,2026-02-25,2026-02-28,13,尼崎,一般,２４４　４３４３,2025-05-03,2025-05-08,13,尼崎,一般,６６６　６４５　１５５,2025-04-02,2025-04-06,13,尼崎,一般,４　３４４５６　４,2024-05-24,2024-05-29,13,尼崎,一般,６２５　４３２　４２４４,2024-02-18,2024-02-22,13,尼崎,一般,４　４３４２４２４４,4042,丸岡 正典,2026-01-29,2026-02-03,13,尼崎,一般,２４３３３１１　５１[４],2024-03-04,2024-03-09,13,尼崎,ＧⅠ,４　２　４５６　５２３１,2024-02-09,2024-02-14,13,尼崎,ＧⅠ,５　５３５　５４６２４,2023-03-20,2023-03-25,13,尼崎,一般,１１１６３１１１２１[１],2022-11-24,2022-11-29,13,尼崎,一般,１２１６２４４１４３３１,5244,黒田 剛,2024-09-04,2024-09-08,13,尼崎,一般,５　３５４　５４１４,,,,,,,,,,,,,,,,,,,,,,,,,5448,,,,,,,,,,,,,,,,,,,,,,,,,,,,,,,
202609071304,2026-09-07,13,04R,3577,向所 浩二,2026-08-09,2026-08-14,13,尼崎,一般,４３２　５　５６１３５,2026-07-03,2026-07-08,13,尼崎,一般,５　２６５　４４２　５６,2026-05-04,2026-05-09,13,尼崎,一般,２５５　１　４５１４３３,2026-02-25,2026-02-28,13,尼崎,一般,６５１　４６１５,2024-01-21,2024-01-26,13,尼崎,ＧⅢ,１　６１３　６４１４１３,4121,富永 修一,2025-02-14,2025-02-18,13,尼崎,一般,３３１３４　５５１５,2024-07-05,2024-07-10,13,尼崎,一般,１　３３２２４５１２[５],2022-10-28,2022-11-02,13,尼崎,ＧⅢ,２４１　３３１３２３２１,2022-08-03,2022-08-06,13,尼崎,一般,２４３　５３１３,2022-06-25,2022-06-30,13,尼崎,一般,４１１　５６２２２６１５,3643,米田 隆弘,2026-03-22,2026-03-25,13,尼崎,一般,１２２　５６４５,2025-06-11,2025-06-15,13,尼崎,一般,４　２５４２２６１５,2024-12-11,2024-12-16,13,尼崎,一般,２３３　６２４２４６１４,2024-07-14,2024-07-18,13,尼崎,一般,２４５　３３２４２２,2024-04-23,2024-04-28,13,尼崎,一般,２　４５１６３１５　４４,3736,岡本 猛,2024-03-13,2024-03-17,13,尼崎,一般,４４２　２１２４３２,2023-11-01,2023-11-06,13,尼崎,ＧⅢ,５５５　５６５　２４２３,2022-07-02,2022-07-06,13,尼崎,一般,３　３３５　１　４５,2022-02-06,2022-02-10,13,尼崎,一般,３　３４３　４４５,2021-11-27,2021-12-02,13,尼崎,ＧⅢ,１２２　３３４６１５１６,3984,坂口 周,2025-02-14,2025-02-18,13,尼崎,一般,１妨,2024-07-05,2024-07-10,13,尼崎,一般,１１３３３１１　４１[６],2024-01-21,2024-01-26,13,尼崎,ＧⅢ,２　３４１２６３１５１２,2023-11-01,2023-11-06,13,尼崎,ＧⅢ,６５２１２１５１２４３３,2023-07-13,2023-07-18,13,尼崎,一般,１６５　２４１１４２４１,5339,石井 伸長,2026-03-22,2026-03-25,13,尼崎,一般,５１２　４１１１,,,,,,,,,,,,,,,,,,,,,,,,
202609071305,2026-09-07,13,05R,3838,伊藤 啓三,2026-02-10,2026-02-15,13,尼崎,一般,６２３　５５５　１６５,2025-04-18,2025-04-23,13,尼崎,ＧⅢ,４１４１６　３３３４２１,2023-01-06,2023-01-10,13,尼崎,一般,３６２　１６３５２６,2022-08-27,2022-08-31,13,尼崎,一般,２５６　３３４　６４,2022-07-02,2022-07-06,13,尼崎,一般,２２６　４４２　５１,5089,前田 翔,2026-02-17,2026-02-22,13,尼崎,一般,１１３２２　２３３３３１,2024-07-20,2024-07-25,13,尼崎,一般,２５１４,2023-09-28,2023-10-03,13,尼崎,一般,４５３３２２１　２３２１,2023-02-27,2023-03-04,13,尼崎,一般,２　３４３２１２１４１３,2021-10-30,2021-11-04,13,尼崎,一般,５５４　１６６３３２２,4515,藤田 浩人,2024-12-11,2024-12-16,13,尼崎,一般,５６３　２２１３５３２５,2023-03-20,2023-03-25,13,尼崎,一般,２５４　５３２　６４４,2019-02-19,2019-02-25,13,尼崎,一般,２１１２５３１　４３２３[６],2018-02-28,2018-03-05,13,尼崎,一般,３２６　５３２　２４１６,2017-07-16,2017-07-20,13,尼崎,一般,１２６５６　３２４,4049,荒川 健太,2026-02-10,2026-02-15,13,尼崎,一般,５　４６１４１４５　４３,2025-04-02,2025-04-06,13,尼崎,一般,４１１　１４６１[６],2024-08-24,2024-08-28,13,尼崎,一般,５５２５６,2024-01-21,2024-01-26,13,尼崎,ＧⅢ,１転４　２５１　２６４,2023-07-30,2023-08-04,13,尼崎,一般,２３１２３　１４１４５３,4729,佐藤 謙史朗,2025-04-02,2025-04-06,13,尼崎,一般,１５６　５　６４４,2023-01-06,2023-01-10,13,尼崎,一般,５　４５４　２　１３,2022-04-21,2022-04-26,13,尼崎,一般,６　１６６　６　５５２転,2022-01-20,2022-01-26,13,尼崎,一般,２２４　２３３３１３３６,2021-05-14,2021-05-17,13,尼崎,一般,４　５６４１３６,4251,川崎 誠志,2026-04-17,2026-04-22,13,尼崎,一般,３　４３４　１６４４２３,2025-02-14,2025-02-18,13,尼崎,一般,１４６　３４５５６３,2024-09-10,2024-09-14,13,尼崎,一般,６６２　４　２３３３,2023-10-06,2023-10-09,13,尼崎,一般,６　３４５　６５,2021-01-21,2021-01-26,13,尼崎,一般,６　５４６　６　６６５
202609071306,2026-09-07,13,06R,4184,渡邊 雄一郎,2026-07-03,2026-07-08,13,尼崎,一般,１４３　４３３１２２１,2026-01-29,2026-02-03,13,尼崎,一般,１２２１１　３１３５２４,2025-07-24,2025-07-29,13,尼崎,一般,２５３　３１３２３５５３,2025-04-18,2025-04-23,13,尼崎,ＧⅢ,１６６　１１２３６３２３,2024-06-06,2024-06-10,13,尼崎,一般,３１３４１１１２[３],3870,寺嶋 雄,2026-07-03,2026-07-08,13,尼崎,一般,４６４　２　５６３　４５,2025-12-02,2025-12-05,13,尼崎,一般,４２５　４１４６,2024-04-23,2024-04-28,13,尼崎,一般,６５３　３３４　５５２,2024-02-25,2024-02-29,13,尼崎,一般,４３４　１４４６６４,2023-12-25,2023-12-30,13,尼崎,一般,４　４３４　６５３２５３,4672,守屋 大地,2026-02-25,2026-02-28,13,尼崎,一般,５　３４４４２６,2024-06-14,2024-06-18,13,尼崎,一般,２　５４５　３　６６,2022-07-02,2022-07-06,13,尼崎,一般,１　５５６６５　２,2022-04-28,2022-05-03,13,尼崎,一般,４　６６３　６　２４３３,2021-12-20,2021-12-23,13,尼崎,一般,F　転,4036,金田 諭,2025-05-10,2025-05-15,13,尼崎,一般,２５１　１５６３２　２２,2024-02-25,2024-02-29,13,尼崎,一般,１３２１４６３３４２,2023-07-22,2023-07-26,13,尼崎,一般,３　２３２４３３３３,2023-03-20,2023-03-25,13,尼崎,一般,２１３５２　５３１２[３],2023-01-14,2023-01-18,13,尼崎,一般,２１６　４５１１３４,5328,,,,,,,,,,,,,,,,,,,,,,,,,,,,,,,,3584,佐々木 英樹,2025-05-10,2025-05-15,13,尼崎,一般,１　３４４　２２２６４６,2024-12-04,2024-12-07,13,尼崎,一般,４４１　２４３５,2024-08-24,2024-08-28,13,尼崎,一般,５６５　３３２　６１,2023-07-30,2023-08-04,13,尼崎,一般,４２５　１３２６４３５４,2021-06-25,2021-06-30,13,尼崎,ＧⅢ,１　４５２　２６３　４５
202609071307,2026-09-07,13,07R,4039,村上 功祐,2025-05-18,2025-05-22,13,尼崎,一般,３４５　３３３　２３,2024-12-04,2024-12-07,13,尼崎,一般,１２４３４　２５,2024-01-13,2024-01-17,13,尼崎,一般,６２２　５４５　２５,2023-05-27,2023-06-01,13,尼崎,一般,１４５６３３３　４５２,2023-01-21,2023-01-25,13,尼崎,一般,１　４６２３３　１４,4297,山田 哲也,2026-06-17,2026-06-22,13,尼崎,一般,２５１　２１５４１５１３,2025-03-03,2025-03-08,13,尼崎,ＧⅠ,５　１２２　３　２　[５],2024-07-05,2024-07-10,13,尼崎,一般,１１４１５４１　５６１３,2023-07-04,2023-07-09,13,尼崎,ＧⅡ,６　６６６　２　５６６,2023-01-14,2023-01-18,13,尼崎,一般,２６３４５２落欠,3663,木山 和幸,2026-03-22,2026-03-25,13,尼崎,一般,２　４２２３１３,2025-06-25,2025-06-30,13,尼崎,一般,５　１５５５４４３　６,2025-04-18,2025-04-23,13,尼崎,ＧⅢ,４５５　３２６４５　５６,2024-12-04,2024-12-07,13,尼崎,一般,２３３　４２５６,2024-08-24,2024-08-28,13,尼崎,一般,３３４　１４４６３６,3574,大神 康司,2024-12-04,2024-12-07,13,尼崎,一般,６１１５３　４６,2024-05-16,2024-05-21,13,尼崎,一般,　　１４２６６６５　４２,2020-04-04,2020-04-08,13,尼崎,一般,５４３６２３６１４４,2019-11-14,2019-11-19,13,尼崎,一般,１１４２３４２１１２[５],2019-07-27,2019-08-02,13,尼崎,一般,２１３　１５１６３３２４１２,3975,小野寺 智洋,2026-05-04,2026-05-09,13,尼崎,一般,４４１　３　４５４３４５,2025-04-25,2025-04-30,13,尼崎,一般,２４３　２２１　３２[３],2024-01-21,2024-01-26,13,尼崎,ＧⅢ,３３５　３４２　３５１４,2023-11-01,2023-11-06,13,尼崎,ＧⅢ,２４１５３１１　１２[４],2022-04-21,2022-04-26,13,尼崎,一般,２　１１３３３１１３４１,5307,,,,,,,,,,,,,,,,,,,,,,,,,,,,,,,
202609071308,2026-09-07,13,08R,3548,室田 泰史,2025-07-09,2025-07-14,13,尼崎,ＧⅢ,５３５　６５２６４　２,2024-01-21,2024-01-26,13,尼崎,ＧⅢ,１３４　２１３　４４３４,2023-11-01,2023-11-06,13,尼崎,ＧⅢ,１　５４２　６５４　６２,2022-10-28,2022-11-02,13,尼崎,ＧⅢ,５４１　３６４３６　４３,2021-04-17,2021-04-21,13,尼崎,一般,３６５　１６６　２,3581,加木 郁,2025-12-24,2025-12-30,13,尼崎,一般,４　１４１４４　３５５４５４,2025-06-02,2025-06-07,13,尼崎,一般,３４４　５４２　３４３,2024-03-20,2024-03-23,13,尼崎,一般,４　３５４　１４,2023-08-17,2023-08-22,13,尼崎,一般,３４４　３６６５４　４３,2023-01-21,2023-01-25,13,尼崎,一般,１５４　４３４　４２,4002,古結 宏,2026-08-09,2026-08-14,13,尼崎,一般,２３２　１６１　２２５１,2026-05-31,2026-06-05,13,尼崎,一般,１１３　１３１１３２[２],2026-05-04,2026-05-09,13,尼崎,一般,１１３　２２３　１　[３],2026-03-14,2026-03-19,13,尼崎,ＧⅠ,４　３２３　５４４６２,2026-01-04,2026-01-09,13,尼崎,一般,１４４６２　１３５６１,3853,岩崎 正哉,2026-05-31,2026-06-05,13,尼崎,一般,５　１１４１１４２３４１,2025-06-25,2025-06-30,13,尼崎,一般,１２６４２　５２１３１４,2025-03-12,2025-03-16,13,尼崎,一般,４４１　４３４３２５,2022-06-11,2022-06-15,13,尼崎,一般,２５４　１４４３[４],2021-11-27,2021-12-02,13,尼崎,ＧⅢ,３　１５１４３２１４４２,4750,井上 尚悟,2026-05-15,2026-05-18,13,尼崎,一般,３,2025-12-02,2025-12-05,13,尼崎,一般,２５５５６　３５,2025-01-13,2025-01-16,13,尼崎,一般,５３５　１５４５,2024-11-19,2024-11-24,13,尼崎,一般,３　３４３　２２３５２４,2023-01-21,2023-01-25,13,尼崎,一般,６　３６６　４６３,4247,齊藤 優,2026-02-25,2026-02-28,13,尼崎,一般,２４４　４３４３,2025-05-03,2025-05-08,13,尼崎,一般,６６６　６４５　１５５,2025-04-02,2025-04-06,13,尼崎,一般,４　３４４５６　４,2024-05-24,2024-05-29,13,尼崎,一般,６２５　４３２　４２４４,2024-02-18,2024-02-22,13,尼崎,一般,４　４３４２４２４４
202609071309,2026-09-07,13,09R,4049,荒川 健太,2026-02-10,2026-02-15,13,尼崎,一般,５　４６１４１４５　４３,2025-04-02,2025-04-06,13,尼崎,一般,４１１　１４６１[６],2024-08-24,2024-08-28,13,尼崎,一般,５５２５６,2024-01-21,2024-01-26,13,尼崎,ＧⅢ,１転４　２５１　２６４,2023-07-30,2023-08-04,13,尼崎,一般,２３１２３　１４１４５３,3860,松本 浩貴,2024-04-23,2024-04-28,13,尼崎,一般,２　４６２　５５４　５３,2023-07-30,2023-08-04,13,尼崎,一般,５６４　６６６　５　５,2020-11-07,2020-11-12,13,尼崎,一般,３３３　６１５　５３３,2020-07-05,2020-07-10,13,尼崎,一般,６　４５５３６　５６４５,2018-05-16,2018-05-19,13,尼崎,一般,４５３　６３６,4079,出畑 孝典,2025-07-16,2025-07-21,13,尼崎,一般,３　３３５１３３４５２３,2021-04-17,2021-04-21,13,尼崎,一般,２５４　６１５,2017-11-25,2017-11-28,13,尼崎,一般,４３２　５５１６,2013-06-08,2013-06-13,13,尼崎,一般,１５３１１５２３４３１１,2012-03-22,2012-03-27,13,尼崎,一般,６　２１３４１４１　[３],3643,米田 隆弘,2026-03-22,2026-03-25,13,尼崎,一般,１２２　５６４５,2025-06-11,2025-06-15,13,尼崎,一般,４　２５４２２６１５,2024-12-11,2024-12-16,13,尼崎,一般,２３３　６２４２４６１４,2024-07-14,2024-07-18,13,尼崎,一般,２４５　３３２４２２,2024-04-23,2024-04-28,13,尼崎,一般,２　４５１６３１５　４４,3731,高濱 芳久,2025-12-02,2025-12-05,13,尼崎,一般,４４２　１５４６,2025-06-25,2025-06-30,13,尼崎,一般,６　６６,2025-02-23,2025-02-27,13,尼崎,一般,４５５　５２２　５２,2024-06-06,2024-06-10,13,尼崎,一般,１５３　１６１６６４,2024-02-25,2024-02-29,13,尼崎,一般,２６４　４５５　３１,4152,深水 慎一郎,2025-04-25,2025-04-30,13,尼崎,一般,３１２　４２３　５１２６,2025-01-13,2025-01-16,13,尼崎,一般,４　１２６５１６,2022-12-15,2022-12-18,13,尼崎,一般,３４１２６５４４,2021-01-04,2021-01-10,13,尼崎,一般,３２４　３２　　６２３５５５,2019-06-21,2019-06-26,13,尼崎,ＧⅢ,６　６６
202609071310,2026-09-07,13,10R,4042,丸岡 正典,2026-01-29,2026-02-03,13,尼崎,一般,２４３３３１１　５１[４],2024-03-04,2024-03-09,13,尼崎,ＧⅠ,４　２　４５６　５２３１,2024-02-09,2024-02-14,13,尼崎,ＧⅠ,５　５３５　５４６２４,2023-03-20,2023-03-25,13,尼崎,一般,１１１６３１１１２１[１],2022-11-24,2022-11-29,13,尼崎,一般,１２１６２４４１４３３１,4902,山川 雄大,2026-08-09,2026-08-14,13,尼崎,一般,５６３　２　１２５５２,2026-07-03,2026-07-08,13,尼崎,一般,４５２　２５３　６６２４,2026-01-29,2026-02-03,13,尼崎,一般,１１５　６４４　４３６１,2026-01-04,2026-01-09,13,尼崎,一般,６６３　１３２　３１３２,2025-07-24,2025-07-29,13,尼崎,一般,５　５６３　６６６,3584,佐々木 英樹,2025-05-10,2025-05-15,13,尼崎,一般,１　３４４　２２２６４６,2024-12-04,2024-12-07,13,尼崎,一般,４４１　２４３５,2024-08-24,2024-08-28,13,尼崎,一般,５６５　３３２　６１,2023-07-30,2023-08-04,13,尼崎,一般,４２５　１３２６４３５４,2021-06-25,2021-06-30,13,尼崎,ＧⅢ,１　４５２　２６３　４５,4608,荒井 翔伍,2026-01-17,2026-01-20,13,尼崎,一般,１１５４１　２２,2023-05-10,2023-05-14,13,尼崎,一般,３６１　３４３５１４,2023-03-07,2023-03-11,13,尼崎,一般,６５１　１４２３２１,2022-03-20,2022-03-23,13,尼崎,一般,１６４６２　４４,2021-07-27,2021-08-01,13,尼崎,ＧⅡ,５　２４５　４４３１５,3838,伊藤 啓三,2026-02-10,2026-02-15,13,尼崎,一般,６２３　５５５　１６５,2025-04-18,2025-04-23,13,尼崎,ＧⅢ,４１４１６　３３３４２１,2023-01-06,2023-01-10,13,尼崎,一般,３６２　１６３５２６,2022-08-27,2022-08-31,13,尼崎,一般,２５６　３３４　６４,2022-07-02,2022-07-06,13,尼崎,一般,２２６　４４２　５１,4121,富永 修一,2025-02-14,2025-02-18,13,尼崎,一般,３３１３４　５５１５,2024-07-05,2024-07-10,13,尼崎,一般,１　３３２２４５１２[５],2022-10-28,2022-11-02,13,尼崎,ＧⅢ,２４１　３３１３２３２１,2022-08-03,2022-08-06,13,尼崎,一般,２４３　５３１３,2022-06-25,2022-06-30,13,尼崎,一般,４１１　５６２２２６１５
202609071311,2026-09-07,13,11R,4036,金田 諭,2025-05-10,2025-05-15,13,尼崎,一般,２５１　１５６３２　２２,2024-02-25,2024-02-29,13,尼崎,一般,１３２１４６３３４２,2023-07-22,2023-07-26,13,尼崎,一般,３　２３２４３３３３,2023-03-20,2023-03-25,13,尼崎,一般,２１３５２　５３１２[３],2023-01-14,2023-01-18,13,尼崎,一般,２１６　４５１１３４,3574,大神 康司,2024-12-04,2024-12-07,13,尼崎,一般,６１１５３　４６,2024-05-16,2024-05-21,13,尼崎,一般,　　１４２６６６５　４２,2020-04-04,2020-04-08,13,尼崎,一般,５４３６２３６１４４,2019-11-14,2019-11-19,13,尼崎,一般,１１４２３４２１１２[５],2019-07-27,2019-08-02,13,尼崎,一般,２１３　１５１６３３２４１２,5339,石井 伸長,2026-03-22,2026-03-25,13,尼崎,一般,５１２　４１１１,,,,,,,,,,,,,,,,,,,,,,,,,4515,藤田 浩人,2024-12-11,2024-12-16,13,尼崎,一般,５６３　２２１３５３２５,2023-03-20,2023-03-25,13,尼崎,一般,２５４　５３２　６４４,2019-02-19,2019-02-25,13,尼崎,一般,２１１２５３１　４３２３[６],2018-02-28,2018-03-05,13,尼崎,一般,３２６　５３２　２４１６,2017-07-16,2017-07-20,13,尼崎,一般,１２６５６　３２４,2878,富山 弘幸,2025-05-18,2025-05-22,13,尼崎,一般,２　６４３２２　１５,2024-11-26,2024-12-01,13,尼崎,ＧⅢ,５１３　３５５　１１１３,2023-08-17,2023-08-22,13,尼崎,一般,２２２４２４２　１３５３,2023-05-27,2023-06-01,13,尼崎,一般,４　６５３１３４３６３１,2023-01-06,2023-01-10,13,尼崎,一般,６５４　６３４　１４,4172,森定 晃史,2024-09-17,2024-09-21,13,尼崎,一般,６３４２２２１４１２,2022-06-25,2022-06-30,13,尼崎,一般,４１３４２　３３２３４４,2021-12-05,2021-12-10,13,尼崎,一般,２　４１２３２２４３２１,2021-04-17,2021-04-21,13,尼崎,一般,４１４５３５４　２,2020-06-27,2020-07-01,13,尼崎,一般,２３２２５４３４１４
202609071312,2026-09-07,13,12R,4002,古結 宏,2026-08-09,2026-08-14,13,尼崎,一般,２３２　１６１　２２５１,2026-05-31,2026-06-05,13,尼崎,一般,１１３　１３１１３２[２],2026-05-04,2026-05-09,13,尼崎,一般,１１３　２２３　１　[３],2026-03-14,2026-03-19,13,尼崎,ＧⅠ,４　３２３　５４４６２,2026-01-04,2026-01-09,13,尼崎,一般,１４４６２　１３５６１,3984,坂口 周,2025-02-14,2025-02-18,13,尼崎,一般,１妨,2024-07-05,2024-07-10,13,尼崎,一般,１１３３３１１　４１[６],2024-01-21,2024-01-26,13,尼崎,ＧⅢ,２　３４１２６３１５１２,2023-11-01,2023-11-06,13,尼崎,ＧⅢ,６５２１２１５１２４３３,2023-07-13,2023-07-18,13,尼崎,一般,１６５　２４１１４２４１,4184,渡邊 雄一郎,2026-07-03,2026-07-08,13,尼崎,一般,１４３　４３３１２２１,2026-01-29,2026-02-03,13,尼崎,一般,１２２１１　３１３５２４,2025-07-24,2025-07-29,13,尼崎,一般,２５３　３１３２３５５３,2025-04-18,2025-04-23,13,尼崎,ＧⅢ,１６６　１１２３６３２３,2024-06-06,2024-06-10,13,尼崎,一般,３１３４１１１２[３],4308,河村 了,2026-05-15,2026-05-18,13,尼崎,一般,２,2025-03-03,2025-03-08,13,尼崎,ＧⅠ,４　２４２　２３５　１５,2024-11-19,2024-11-24,13,尼崎,一般,２５３４２　１５２２[４],2024-02-18,2024-02-22,13,尼崎,一般,１　２２２１３１[２],2023-04-11,2023-04-16,13,尼崎,一般,１４１１３　１２３１[２],4297,山田 哲也,2026-06-17,2026-06-22,13,尼崎,一般,２５１　２１５４１５１３,2025-03-03,2025-03-08,13,尼崎,ＧⅠ,５　１２２　３　２　[５],2024-07-05,2024-07-10,13,尼崎,一般,１１４１５４１　５６１３,2023-07-04,2023-07-09,13,尼崎,ＧⅡ,６　６６６　２　５６６,2023-01-14,2023-01-18,13,尼崎,一般,２６３４５２落欠,5089,前田 翔,2026-02-17,2026-02-22,13,尼崎,一般,１１３２２　２３３３３１,2024-07-20,2024-07-25,13,尼崎,一般,２５１４,2023-09-28,2023-10-03,13,尼崎,一般,４５３３２２１　２３２１,2023-02-27,2023-03-04,13,尼崎,一般,２　３４３２１２１４１３,2021-10-30,2021-11-04,13,尼崎,一般,５５４　１６６３３２２
202609071401,2026-09-07,14,01R,4347,魚谷 香織,2024-06-13,2024-06-18,14,鳴門,ＧⅢ,１２２５２４３　５３１２,2022-12-04,2022-12-09,14,鳴門,一般,欠,2022-01-10,2022-01-13,14,鳴門,一般,４　２４１５５,2020-03-03,2020-03-08,14,鳴門,ＧⅡ,３２妨　４２２　３　３６,2013-08-06,2013-08-11,14,鳴門,ＧⅠ,１５２　４　３１４　１５,5108,柴田 愛梨,2022-08-30,2022-09-04,14,鳴門,一般,３６６　５６４　３　４２,2021-11-03,2021-11-07,14,鳴門,一般,６６６　５　６５６,2021-02-17,2021-02-22,14,鳴門,一般,６６３　６５６　２４６,,,,,,,,,,,,,4900,中田 夕貴,2026-02-24,2026-03-01,14,鳴門,ＧⅠ,４５６　５３５　４　６,2025-07-08,2025-07-13,14,鳴門,一般,６４５　６５６３２　６２,2024-05-13,2024-05-18,14,鳴門,一般,３１３１５　１　３５２６,2023-01-16,2023-01-21,14,鳴門,ＧⅢ,３５１１３　６２１４２転,2022-08-30,2022-09-04,14,鳴門,一般,４５１４６５１　１２１２,4720,西澤 日花里,2023-06-10,2023-06-15,14,鳴門,ＧⅢ,６６３　４４５　１４３,2023-04-22,2023-04-27,14,鳴門,ＧⅢ,４５３２４　５１３　３３,2022-12-15,2022-12-18,14,鳴門,一般,１　６３１６２６,2021-07-23,2021-07-27,14,鳴門,一般,２　５５５６１　５４,2020-11-21,2020-11-26,14,鳴門,一般,３　５６３　４６４　５２,5380,野田 亜湖,2026-04-29,2026-05-04,14,鳴門,ＧⅢ,６　６６６　６６６　６,2026-01-21,2026-01-24,14,鳴門,一般,６　６　６　６６,2025-11-15,2025-11-20,14,鳴門,一般,　　　　　　　　６６６,2025-08-13,2025-08-18,14,鳴門,ＧⅢ,６　６６６　６６６　６６,2025-04-25,2025-04-30,14,鳴門,一般,６　５６６　５６６６６５,5056,西岡 成美,2026-07-09,2026-07-13,14,鳴門,一般,３　１３妨４６　３６,2024-08-10,2024-08-15,14,鳴門,一般,３３５　６１３６３　５１,2024-05-22,2024-05-25,14,鳴門,一般,６２５６２　１４,2024-01-27,2024-02-01,14,鳴門,一般,３４４　３１１　４５１２,2024-01-08,2024-01-12,14,鳴門,一般,１５３　４２１　１４
202609071402,2026-09-07,14,02R,5334,樫葉 新心,2026-04-29,2026-05-04,14,鳴門,ＧⅢ,３　５５５　２３５３５,2025-10-15,2025-10-20,14,鳴門,一般,６　６２５　５６１　６４,2025-09-29,2025-10-03,14,鳴門,一般,２６６　５５５　２６,2025-08-13,2025-08-18,14,鳴門,ＧⅢ,５　５２４　４６４　転５,2025-05-31,2025-06-03,14,鳴門,一般,４６４　落　３２,4845,前田 紗希,2026-02-24,2026-03-01,14,鳴門,ＧⅠ,１　４４１　２１１　[２],2025-04-25,2025-04-30,14,鳴門,一般,３　２３１６１５１２[４],2023-04-22,2023-04-27,14,鳴門,ＧⅢ,１４４５１５３　２６２２,2022-06-15,2022-06-19,14,鳴門,一般,２６４　５２５３４,2021-10-02,2021-10-07,14,鳴門,ＧⅢ,３２３　１１４４３３４１,4689,豊田 結,2026-04-29,2026-05-04,14,鳴門,ＧⅢ,２５６４２１３　１６１４,2025-08-13,2025-08-18,14,鳴門,ＧⅢ,１６２１２２４　６２[４],2025-04-25,2025-04-30,14,鳴門,一般,５６３１２１４　１４５４,2023-01-16,2023-01-21,14,鳴門,ＧⅢ,５６１　１　５６２４４５,2021-05-24,2021-05-29,14,鳴門,一般,５１４　３５５　６１１３,4784,向井田 真紀,2025-09-29,2025-10-03,14,鳴門,一般,５　１６６６３　４４,2025-04-25,2025-04-30,14,鳴門,一般,４２２５６　５６２　４１,2023-08-16,2023-08-21,14,鳴門,一般,２２５３欠欠,2023-02-14,2023-02-18,14,鳴門,一般,５３３　５６４　６２,2016-12-13,2016-12-18,14,鳴門,ＧⅢ,５５２　４６６　５４６,4746,大豆生田 蒼,2026-02-24,2026-03-01,14,鳴門,ＧⅠ,４　５　３５４　４４４,2025-10-26,2025-10-31,14,鳴門,一般,３５４　４４F６４　６,2024-01-27,2024-02-01,14,鳴門,一般,６　１２５　４２３　３２,2023-03-04,2023-03-07,14,鳴門,一般,４２３４５４１３,2023-01-16,2023-01-21,14,鳴門,ＧⅢ,欠欠,4974,安井 瑞紀,2026-04-29,2026-05-04,14,鳴門,ＧⅢ,１４４３２　５２４　２４,2025-11-24,2025-11-28,14,鳴門,一般,６　２６３３１　F４,2025-08-13,2025-08-18,14,鳴門,ＧⅢ,２１５２５　３１１３[２],2025-02-15,2025-02-18,14,鳴門,一般,３　６１６４６１,2024-08-10,2024-08-15,14,鳴門,一般,１４５　４６５　１５３
202609071403,2026-09-07,14,03R,4642,松尾 夏海,2026-01-31,2026-02-05,14,鳴門,ＧⅠ,５６２　６３３　３　６６,2025-04-25,2025-04-30,14,鳴門,一般,１　２４２５１１４１[３],2024-05-13,2024-05-18,14,鳴門,一般,１３２　３１１３４１[２],2024-01-27,2024-02-01,14,鳴門,一般,２　４５５　５３５２１,2023-05-21,2023-05-24,14,鳴門,一般,２１１　６３３２,5153,佐藤 ほのか,2023-01-16,2023-01-21,14,鳴門,ＧⅢ,３５５　２５４　４３６５,,,,,,,,,,,,,,,,,,,,,,,,,4901,出口 舞有子,2021-05-24,2021-05-29,14,鳴門,一般,１　２５３１１５２３１１,2019-01-15,2019-01-20,14,鳴門,ＧⅢ,落　２３１　３３３３３４,2016-12-13,2016-12-18,14,鳴門,ＧⅢ,３６６　５５５　４６５,2016-11-03,2016-11-08,14,鳴門,一般,６６５　６２６　５　３,,,,,,,4678,水野 望美,2026-04-29,2026-05-04,14,鳴門,ＧⅢ,３１２３１　２５４１[３],2024-05-13,2024-05-18,14,鳴門,一般,２１１２５　４　５２[４],2020-10-04,2020-10-09,14,鳴門,ＧⅢ,５１４　６４１４１４１５,2020-03-03,2020-03-08,14,鳴門,ＧⅡ,２　４３６　１４１６３,2019-02-02,2019-02-06,14,鳴門,一般,３　２２６２３４１４,4611,今井 美亜,2026-02-24,2026-03-01,14,鳴門,ＧⅠ,１６５　５　１２４３２,2024-12-16,2024-12-19,14,鳴門,一般,２６５６１　４１,2024-01-27,2024-02-01,14,鳴門,一般,３　４４１　５４５　２１,2023-09-12,2023-09-15,14,鳴門,一般,１５６６２　５５,2023-08-16,2023-08-21,14,鳴門,一般,３１５１４５１　３５３４,4965,福岡 泉水,2025-07-08,2025-07-13,14,鳴門,一般,５６２　５６６　２　６６,2024-05-13,2024-05-18,14,鳴門,一般,４４３　４５２　１５６６,2022-07-15,2022-07-20,14,鳴門,一般,５　１５転６５４,2019-02-02,2019-02-06,14,鳴門,一般,５　３６４　５５４４,2018-06-17,2018-06-21,14,鳴門,一般,F　３　５　６６転
202609071404,2026-09-07,14,04R,5193,米丸 乃絵,2026-02-24,2026-03-01,14,鳴門,ＧⅠ,４　３３１　４１１１３,2025-12-09,2025-12-12,14,鳴門,一般,４２２３５　３３,2024-07-23,2024-07-28,14,鳴門,一般,４　２５転４５２３　１４,2023-12-13,2023-12-18,14,鳴門,一般,２　４１６１２４５４,2022-12-15,2022-12-18,14,鳴門,一般,６　５６６　６４,5069,山崎 小葉音,2026-04-29,2026-05-04,14,鳴門,ＧⅢ,４　１１３１３３３３３２,2025-10-15,2025-10-20,14,鳴門,一般,２６１　５４６　４F６,2025-02-15,2025-02-18,14,鳴門,一般,４３５５１　２２,2024-10-31,2024-11-04,14,鳴門,一般,３４６３４　１　５４,2024-05-13,2024-05-18,14,鳴門,一般,３転欠欠,4372,原田 佑実,2026-04-29,2026-05-04,14,鳴門,ＧⅢ,５６３２２　４１６５５２,2025-04-25,2025-04-30,14,鳴門,一般,３４３　２１４６１エ４５,2024-10-07,2024-10-12,14,鳴門,一般,２　５６６６２　５２５２,2023-01-16,2023-01-21,14,鳴門,ＧⅢ,２２２２３３１　５１[６],2022-02-26,2022-03-03,14,鳴門,一般,３４５　１６２５１　２５,4400,加藤 奈月,2024-11-18,2024-11-22,14,鳴門,一般,４　４６４　６転,2024-05-13,2024-05-18,14,鳴門,一般,６３４　４３４　２４５３,2023-04-22,2023-04-27,14,鳴門,ＧⅢ,４　６５４　６５３　５５,2023-02-14,2023-02-18,14,鳴門,一般,３　５４６４５　６５,2022-09-27,2022-10-02,14,鳴門,一般,５４６　４　４６６,4733,赤井 睦,2026-02-24,2026-03-01,14,鳴門,ＧⅠ,４　５　３５６　３F６,2026-01-31,2026-02-05,14,鳴門,ＧⅠ,５　４　３６６　２２４５,2025-08-13,2025-08-18,14,鳴門,ＧⅢ,３３１　１５１６６４２４,2025-04-25,2025-04-30,14,鳴門,一般,２３２５３４３　３５１２,2024-12-23,2024-12-28,14,鳴門,一般,１６５６３　２３５　４１,4627,藤原 菜希,2026-02-24,2026-03-01,14,鳴門,ＧⅠ,２　６　１２４　４　１１,2024-07-23,2024-07-28,14,鳴門,一般,２１６４６　２５１　１３,2020-03-03,2020-03-08,14,鳴門,ＧⅡ,４　６６２　５　５４１４,2018-06-17,2018-06-21,14,鳴門,一般,３　３２２５１４２６,2017-10-30,2017-11-04,14,鳴門,一般,６　５５４　１６５　３６
202609071405,2026-09-07,14,05R,5342,原村 百那,2025-09-29,2025-10-03,14,鳴門,一般,　　　　　　４６５６,2025-04-06,2025-04-09,14,鳴門,一般,６　６６６　６６,2025-02-15,2025-02-18,14,鳴門,一般,６　６６６　６６,2024-06-22,2024-06-25,14,鳴門,一般,６　６６６　６６,,,,,,,4885,大山 千広,2023-06-10,2023-06-15,14,鳴門,ＧⅢ,４　２１２　３１６　１３,2020-07-21,2020-07-26,14,鳴門,ＳＧ,１　６５５　５６６　６,2020-03-03,2020-03-08,14,鳴門,ＧⅡ,１　５３１２１　４　５,2019-05-04,2019-05-09,14,鳴門,ＧⅢ,１１２２１１３１１１[１],,,,,,,4843,深尾 巴恵,2025-06-26,2025-06-29,14,鳴門,一般,２　６５２　６３,2025-04-25,2025-04-30,14,鳴門,一般,３　４２４１１１４５４,2023-04-22,2023-04-27,14,鳴門,ＧⅢ,６６２　５２４　３４５,2023-01-16,2023-01-21,14,鳴門,ＧⅢ,５　１３４２５４１　３１,2021-05-24,2021-05-29,14,鳴門,一般,６　１６６６６　５　５６,4680,後藤 美翼,2026-07-09,2026-07-13,14,鳴門,一般,６２５５３　２　３１,2026-04-29,2026-05-04,14,鳴門,ＧⅢ,２４３　４３２　６４３４,2024-05-13,2024-05-18,14,鳴門,一般,６　４４３４１２３　２４,2021-11-11,2021-11-15,14,鳴門,一般,４５６　５６４　１４,2021-10-02,2021-10-07,14,鳴門,ＧⅢ,３　３２２５６５５　４１,4714,喜多須 杏奈,2026-05-29,2026-06-02,14,鳴門,一般,４２妨　４　３４５,2026-01-31,2026-02-05,14,鳴門,ＧⅠ,３　３　６３２　２３３４,2025-08-13,2025-08-18,14,鳴門,ＧⅢ,１２２　３５３１２５５４,2025-04-25,2025-04-30,14,鳴門,一般,１　５３２３３１３４６６,2025-04-06,2025-04-09,14,鳴門,一般,２３１　５４５５,4984,森下 愛梨,2026-01-21,2026-01-24,14,鳴門,一般,４１　　３２３４,2025-04-25,2025-04-30,14,鳴門,一般,３４５６１　４３５　３３,2024-05-13,2024-05-18,14,鳴門,一般,６４２　１３１５１３１１,2023-08-16,2023-08-21,14,鳴門,一般,３２３　４４１５１６１３,2022-08-30,2022-09-04,14,鳴門,一般,１６６　２６６
202609071406,2026-09-07,14,06R,5198,奥村 明日香,2026-08-16,2026-08-19,14,鳴門,一般,２３４　２６４１,2025-07-28,2025-07-31,14,鳴門,一般,５４６　　　６３,2025-06-26,2025-06-29,14,鳴門,一般,６　６４５　４６,2024-12-23,2024-12-28,14,鳴門,一般,５５４　２３４２　　５４,2024-10-07,2024-10-12,14,鳴門,一般,６　４３５　２６６５３５,4050,田口 節子,2026-02-24,2026-03-01,14,鳴門,ＧⅠ,６１３　３　４２３　６２,2025-05-17,2025-05-21,14,鳴門,一般,１２２２１１１１[５],2023-05-29,2023-06-03,14,鳴門,一般,１１２１F１３　４　１,2023-04-22,2023-04-27,14,鳴門,ＧⅢ,２２３１２　４１５１[５],2022-11-22,2022-11-27,14,鳴門,ＳＧ,１　２５３　６１３　[６],5195,北村 寧々,2025-08-13,2025-08-18,14,鳴門,ＧⅢ,５３１　３６４２３　１,2023-12-13,2023-12-18,14,鳴門,一般,４　６落４６５　３１,2023-04-22,2023-04-27,14,鳴門,ＧⅢ,５　６６６　４４４　２５,,,,,,,,,,,,,4450,平高 奈菜,2026-02-24,2026-03-01,14,鳴門,ＧⅠ,２　４５６　５６１　６欠,2026-01-31,2026-02-05,14,鳴門,ＧⅠ,６　２２２　５５６　３,2025-04-25,2025-04-30,14,鳴門,一般,２１５　１２２４２５１３,2024-01-27,2024-02-01,14,鳴門,一般,１　６３３　４転１３２,2023-04-22,2023-04-27,14,鳴門,ＧⅢ,２５４　２１２２２３３５,5108,柴田 愛梨,2022-08-30,2022-09-04,14,鳴門,一般,３６６　５６４　３　４２,2021-11-03,2021-11-07,14,鳴門,一般,６６６　５　６５６,2021-02-17,2021-02-22,14,鳴門,一般,６６３　６５６　２４６,,,,,,,,,,,,,5390,高橋 涼夏,2025-11-24,2025-11-28,14,鳴門,一般,６　６６４　６６６,,,,,,,,,,,,,,,,,,,,,,,,
202609071407,2026-09-07,14,07R,4746,大豆生田 蒼,2026-02-24,2026-03-01,14,鳴門,ＧⅠ,４　５　３５４　４４４,2025-10-26,2025-10-31,14,鳴門,一般,３５４　４４F６４　６,2024-01-27,2024-02-01,14,鳴門,一般,６　１２５　４２３　３２,2023-03-04,2023-03-07,14,鳴門,一般,４２３４５４１３,2023-01-16,2023-01-21,14,鳴門,ＧⅢ,欠欠,4775,千葉 真弥,2025-04-25,2025-04-30,14,鳴門,一般,５５４　３３２３５　３１,2021-11-03,2021-11-07,14,鳴門,一般,２６３　４３３６４,2021-02-17,2021-02-22,14,鳴門,一般,２　２１３２３６１２[３],2020-02-13,2020-02-18,14,鳴門,一般,６　６２２６６　６２５,2017-03-21,2017-03-27,14,鳴門,一般,４３４　３４３　４３　　３６,5180,藤本 紗弥香,2022-11-10,2022-11-14,14,鳴門,一般,６転６　６　３１５４,2022-09-18,2022-09-23,14,鳴門,一般,５　５５５　５６２,,,,,,,,,,,,,,,,,,,5189,藤原 早菜,2026-03-12,2026-03-15,14,鳴門,一般,５６３　４５３５,2023-08-16,2023-08-21,14,鳴門,一般,３　５６２２３３２３２４,2023-05-29,2023-06-03,14,鳴門,一般,４　３４５　３６６　５２,2022-11-10,2022-11-14,14,鳴門,一般,２　５６６　６６４５,2021-12-23,2021-12-27,14,鳴門,一般,６５６　６　６４,4530,小野 生奈,2026-02-24,2026-03-01,14,鳴門,ＧⅠ,２５４　２２１　１　[４],2025-10-26,2025-10-31,14,鳴門,一般,４６２３６　１１３３５２,2024-07-23,2024-07-28,14,鳴門,一般,１　１４５４４１５４５３,2021-12-04,2021-12-07,14,鳴門,ＧⅠ,３５１　４６２,2020-03-03,2020-03-08,14,鳴門,ＧⅡ,２３１　１１２　１　[５],5380,野田 亜湖,2026-04-29,2026-05-04,14,鳴門,ＧⅢ,６　６６６　６６６　６,2026-01-21,2026-01-24,14,鳴門,一般,６　６　６　６６,2025-11-15,2025-11-20,14,鳴門,一般,　　　　　　　　６６６,2025-08-13,2025-08-18,14,鳴門,ＧⅢ,６　６６６　６６６　６６,2025-04-25,2025-04-30,14,鳴門,一般,６　５６６　５６６６６５
202609071408,2026-09-07,14,08R,4901,出口 舞有子,2021-05-24,2021-05-29,14,鳴門,一般,１　２５３１１５２３１１,2019-01-15,2019-01-20,14,鳴門,ＧⅢ,落　２３１　３３３３３４,2016-12-13,2016-12-18,14,鳴門,ＧⅢ,３６６　５５５　４６５,2016-11-03,2016-11-08,14,鳴門,一般,６６５　６２６　５　３,,,,,,,4546,浜田 亜理沙,2026-02-24,2026-03-01,14,鳴門,ＧⅠ,１　２６４２３　４　３２,2024-12-16,2024-12-19,14,鳴門,一般,１１３２２３２１,2024-06-13,2024-06-18,14,鳴門,ＧⅢ,１　２２１１２２３４４２,2023-08-16,2023-08-21,14,鳴門,一般,１４１２２　２３４２[３],2022-11-22,2022-11-27,14,鳴門,ＳＧ,６　２　３　４　５２３,4071,古賀 千晶,2026-04-29,2026-05-04,14,鳴門,ＧⅢ,４２２　４４５　２２１１,2023-08-16,2023-08-21,14,鳴門,一般,２６５２２　１３４４４６,2023-04-22,2023-04-27,14,鳴門,ＧⅢ,４４２　３６５　５１３２,2019-07-16,2019-07-21,14,鳴門,一般,２　６６４６５６６　６,2019-02-02,2019-02-06,14,鳴門,一般,６３５３４　６　４３,4878,西岡 育未,2026-04-29,2026-05-04,14,鳴門,ＧⅢ,３３３　３３４６４　３２,2025-08-13,2025-08-18,14,鳴門,ＧⅢ,１　２３２２４１３４２５,2025-04-25,2025-04-30,14,鳴門,一般,４３１　４４２４５２６２,2024-12-23,2024-12-28,14,鳴門,一般,３　２３６３６６　　１６,2024-07-23,2024-07-28,14,鳴門,一般,３１３　５　５６６　５２,4845,前田 紗希,2026-02-24,2026-03-01,14,鳴門,ＧⅠ,１　４４１　２１１　[２],2025-04-25,2025-04-30,14,鳴門,一般,３　２３１６１５１２[４],2023-04-22,2023-04-27,14,鳴門,ＧⅢ,１４４５１５３　２６２２,2022-06-15,2022-06-19,14,鳴門,一般,２６４　５２５３４,2021-10-02,2021-10-07,14,鳴門,ＧⅢ,３２３　１１４４３３４１,5069,山崎 小葉音,2026-04-29,2026-05-04,14,鳴門,ＧⅢ,４　１１３１３３３３３２,2025-10-15,2025-10-20,14,鳴門,一般,２６１　５４６　４F６,2025-02-15,2025-02-18,14,鳴門,一般,４３５５１　２２,2024-10-31,2024-11-04,14,鳴門,一般,３４６３４　１　５４,2024-05-13,2024-05-18,14,鳴門,一般,３転欠欠
202609071409,2026-09-07,14,09R,3470,新田 芳美,2026-04-29,2026-05-04,14,鳴門,ＧⅢ,５５３１５　２　１１３１,2026-01-31,2026-02-05,14,鳴門,ＧⅠ,２　３　５５６　６６１,2025-09-29,2025-10-03,14,鳴門,一般,３６３　５５１　６２,2025-08-13,2025-08-18,14,鳴門,ＧⅢ,４４４　６３４　３４２,2025-04-25,2025-04-30,14,鳴門,一般,３４３２３５５５３５２４,4984,森下 愛梨,2026-01-21,2026-01-24,14,鳴門,一般,４１　　３２３４,2025-04-25,2025-04-30,14,鳴門,一般,３４５６１　４３５　３３,2024-05-13,2024-05-18,14,鳴門,一般,６４２　１３１５１３１１,2023-08-16,2023-08-21,14,鳴門,一般,３２３　４４１５１６１３,2022-08-30,2022-09-04,14,鳴門,一般,１６６　２６６,4627,藤原 菜希,2026-02-24,2026-03-01,14,鳴門,ＧⅠ,２　６　１２４　４　１１,2024-07-23,2024-07-28,14,鳴門,一般,２１６４６　２５１　１３,2020-03-03,2020-03-08,14,鳴門,ＧⅡ,４　６６２　５　５４１４,2018-06-17,2018-06-21,14,鳴門,一般,３　３２２５１４２６,2017-10-30,2017-11-04,14,鳴門,一般,６　５５４　１６５　３６,4642,松尾 夏海,2026-01-31,2026-02-05,14,鳴門,ＧⅠ,５６２　６３３　３　６６,2025-04-25,2025-04-30,14,鳴門,一般,１　２４２５１１４１[３],2024-05-13,2024-05-18,14,鳴門,一般,１３２　３１１３４１[２],2024-01-27,2024-02-01,14,鳴門,一般,２　４５５　５３５２１,2023-05-21,2023-05-24,14,鳴門,一般,２１１　６３３２,4900,中田 夕貴,2026-02-24,2026-03-01,14,鳴門,ＧⅠ,４５６　５３５　４　６,2025-07-08,2025-07-13,14,鳴門,一般,６４５　６５６３２　６２,2024-05-13,2024-05-18,14,鳴門,一般,３１３１５　１　３５２６,2023-01-16,2023-01-21,14,鳴門,ＧⅢ,３５１１３　６２１４２転,2022-08-30,2022-09-04,14,鳴門,一般,４５１４６５１　１２１２,5440,薗頭 心,2026-06-10,2026-06-13,14,鳴門,一般,４６６　６　４６,,,,,,,,,,,,,,,,,,,,,,,,
202609071410,2026-09-07,14,10R,4738,清埜 翔子,2026-02-24,2026-03-01,14,鳴門,ＧⅠ,５　１４６１１　３　４１,2023-08-16,2023-08-21,14,鳴門,一般,６　３５３４１４４３５１,2023-01-16,2023-01-21,14,鳴門,ＧⅢ,３　５６１５２２２　６３,2021-02-17,2021-02-22,14,鳴門,一般,６　２５２３１２２５１３,2019-01-15,2019-01-20,14,鳴門,ＧⅢ,５　欠欠,5056,西岡 成美,2026-07-09,2026-07-13,14,鳴門,一般,３　１３妨４６　３６,2024-08-10,2024-08-15,14,鳴門,一般,３３５　６１３６３　５１,2024-05-22,2024-05-25,14,鳴門,一般,６２５６２　１４,2024-01-27,2024-02-01,14,鳴門,一般,３４４　３１１　４５１２,2024-01-08,2024-01-12,14,鳴門,一般,１５３　４２１　１４,4714,喜多須 杏奈,2026-05-29,2026-06-02,14,鳴門,一般,４２妨　４　３４５,2026-01-31,2026-02-05,14,鳴門,ＧⅠ,３　３　６３２　２３３４,2025-08-13,2025-08-18,14,鳴門,ＧⅢ,１２２　３５３１２５５４,2025-04-25,2025-04-30,14,鳴門,一般,１　５３２３３１３４６６,2025-04-06,2025-04-09,14,鳴門,一般,２３１　５４５５,4050,田口 節子,2026-02-24,2026-03-01,14,鳴門,ＧⅠ,６１３　３　４２３　６２,2025-05-17,2025-05-21,14,鳴門,一般,１２２２１１１１[５],2023-05-29,2023-06-03,14,鳴門,一般,１１２１F１３　４　１,2023-04-22,2023-04-27,14,鳴門,ＧⅢ,２２３１２　４１５１[５],2022-11-22,2022-11-27,14,鳴門,ＳＧ,１　２５３　６１３　[６],5153,佐藤 ほのか,2023-01-16,2023-01-21,14,鳴門,ＧⅢ,３５５　２５４　４３６５,,,,,,,,,,,,,,,,,,,,,,,,,4400,加藤 奈月,2024-11-18,2024-11-22,14,鳴門,一般,４　４６４　６転,2024-05-13,2024-05-18,14,鳴門,一般,６３４　４３４　２４５３,2023-04-22,2023-04-27,14,鳴門,ＧⅢ,４　６５４　６５３　５５,2023-02-14,2023-02-18,14,鳴門,一般,３　５４６４５　６５,2022-09-27,2022-10-02,14,鳴門,一般,５４６　４　４６６
202609071411,2026-09-07,14,11R,4678,水野 望美,2026-04-29,2026-05-04,14,鳴門,ＧⅢ,３１２３１　２５４１[３],2024-05-13,2024-05-18,14,鳴門,一般,２１１２５　４　５２[４],2020-10-04,2020-10-09,14,鳴門,ＧⅢ,５１４　６４１４１４１５,2020-03-03,2020-03-08,14,鳴門,ＧⅡ,２　４３６　１４１６３,2019-02-02,2019-02-06,14,鳴門,一般,３　２２６２３４１４,4733,赤井 睦,2026-02-24,2026-03-01,14,鳴門,ＧⅠ,４　５　３５６　３F６,2026-01-31,2026-02-05,14,鳴門,ＧⅠ,５　４　３６６　２２４５,2025-08-13,2025-08-18,14,鳴門,ＧⅢ,３３１　１５１６６４２４,2025-04-25,2025-04-30,14,鳴門,一般,２３２５３４３　３５１２,2024-12-23,2024-12-28,14,鳴門,一般,１６５６３　２３５　４１,5189,藤原 早菜,2026-03-12,2026-03-15,14,鳴門,一般,５６３　４５３５,2023-08-16,2023-08-21,14,鳴門,一般,３　５６２２３３２３２４,2023-05-29,2023-06-03,14,鳴門,一般,４　３４５　３６６　５２,2022-11-10,2022-11-14,14,鳴門,一般,２　５６６　６６４５,2021-12-23,2021-12-27,14,鳴門,一般,６５６　６　６４,4974,安井 瑞紀,2026-04-29,2026-05-04,14,鳴門,ＧⅢ,１４４３２　５２４　２４,2025-11-24,2025-11-28,14,鳴門,一般,６　２６３３１　F４,2025-08-13,2025-08-18,14,鳴門,ＧⅢ,２１５２５　３１１３[２],2025-02-15,2025-02-18,14,鳴門,一般,３　６１６４６１,2024-08-10,2024-08-15,14,鳴門,一般,１４５　４６５　１５３,5195,北村 寧々,2025-08-13,2025-08-18,14,鳴門,ＧⅢ,５３１　３６４２３　１,2023-12-13,2023-12-18,14,鳴門,一般,４　６落４６５　３１,2023-04-22,2023-04-27,14,鳴門,ＧⅢ,５　６６６　４４４　２５,,,,,,,,,,,,,4885,大山 千広,2023-06-10,2023-06-15,14,鳴門,ＧⅢ,４　２１２　３１６　１３,2020-07-21,2020-07-26,14,鳴門,ＳＧ,１　６５５　５６６　６,2020-03-03,2020-03-08,14,鳴門,ＧⅡ,１　５３１２１　４　５,2019-05-04,2019-05-09,14,鳴門,ＧⅢ,１１２２１１３１１１[１],,,,,,
202609071412,2026-09-07,14,12R,4530,小野 生奈,2026-02-24,2026-03-01,14,鳴門,ＧⅠ,２５４　２２１　１　[４],2025-10-26,2025-10-31,14,鳴門,一般,４６２３６　１１３３５２,2024-07-23,2024-07-28,14,鳴門,一般,１　１４５４４１５４５３,2021-12-04,2021-12-07,14,鳴門,ＧⅠ,３５１　４６２,2020-03-03,2020-03-08,14,鳴門,ＧⅡ,２３１　１１２　１　[５],4611,今井 美亜,2026-02-24,2026-03-01,14,鳴門,ＧⅠ,１６５　５　１２４３２,2024-12-16,2024-12-19,14,鳴門,一般,２６５６１　４１,2024-01-27,2024-02-01,14,鳴門,一般,３　４４１　５４５　２１,2023-09-12,2023-09-15,14,鳴門,一般,１５６６２　５５,2023-08-16,2023-08-21,14,鳴門,一般,３１５１４５１　３５３４,4450,平高 奈菜,2026-02-24,2026-03-01,14,鳴門,ＧⅠ,２　４５６　５６１　６欠,2026-01-31,2026-02-05,14,鳴門,ＧⅠ,６　２２２　５５６　３,2025-04-25,2025-04-30,14,鳴門,一般,２１５　１２２４２５１３,2024-01-27,2024-02-01,14,鳴門,一般,１　６３３　４転１３２,2023-04-22,2023-04-27,14,鳴門,ＧⅢ,２５４　２１２２２３３５,4347,魚谷 香織,2024-06-13,2024-06-18,14,鳴門,ＧⅢ,１２２５２４３　５３１２,2022-12-04,2022-12-09,14,鳴門,一般,欠,2022-01-10,2022-01-13,14,鳴門,一般,４　２４１５５,2020-03-03,2020-03-08,14,鳴門,ＧⅡ,３２妨　４２２　３　３６,2013-08-06,2013-08-11,14,鳴門,ＧⅠ,１５２　４　３１４　１５,4372,原田 佑実,2026-04-29,2026-05-04,14,鳴門,ＧⅢ,５６３２２　４１６５５２,2025-04-25,2025-04-30,14,鳴門,一般,３４３　２１４６１エ４５,2024-10-07,2024-10-12,14,鳴門,一般,２　５６６６２　５２５２,2023-01-16,2023-01-21,14,鳴門,ＧⅢ,２２２２３３１　５１[６],2022-02-26,2022-03-03,14,鳴門,一般,３４５　１６２５１　２５,4546,浜田 亜理沙,2026-02-24,2026-03-01,14,鳴門,ＧⅠ,１　２６４２３　４　３２,2024-12-16,2024-12-19,14,鳴門,一般,１１３２２３２１,2024-06-13,2024-06-18,14,鳴門,ＧⅢ,１　２２１１２２３４４２,2023-08-16,2023-08-21,14,鳴門,一般,１４１２２　２３４２[３],2022-11-22,2022-11-27,14,鳴門,ＳＧ,６　２　３　４　５２３
202609071601,2026-09-07,16,01R,4441,末永 由楽,2026-08-08,2026-08-13,16,児島,一般,３５１　１６５　１２２５,2026-06-30,2026-07-05,16,児島,ＧⅡ,２　３１５　３　２　[６],2026-05-02,2026-05-07,16,児島,一般,４１５　３５３　３１３,2026-03-27,2026-03-31,16,児島,一般,１　４６１４１５１４,2026-01-06,2026-01-11,16,児島,一般,２１３３１１１　２３３１,4924,中北 涼,2026-02-06,2026-02-11,16,児島,一般,１４１　２３２５４３４１,2024-10-23,2024-10-28,16,児島,一般,６　４F６　６　６　５,2023-05-18,2023-05-23,16,児島,一般,５３３　１２４　F５５,2022-10-29,2022-11-03,16,児島,ＧⅢ,５６１　エ４２　５３５３,2021-08-04,2021-08-09,16,児島,一般,３　５５３２６　３５４５,5286,坂井 滉哉,2025-07-10,2025-07-15,16,児島,一般,３５１　５１１　１４５４,2024-04-23,2024-04-28,16,児島,一般,４　５５４　３６３　５５,,,,,,,,,,,,,,,,,,,3284,渡邊 伸太郎,2026-03-11,2026-03-16,16,児島,一般,４３６　２４４　４４５,2024-04-23,2024-04-28,16,児島,一般,２３３　４５４５５　４６,2022-10-07,2022-10-12,16,児島,一般,１５１５３　１４６　２２,2021-04-10,2021-04-14,16,児島,一般,２１３６４６５　２１,2020-03-07,2020-03-12,16,児島,一般,５４欠欠,4343,村岡 賢,2025-12-17,2025-12-20,16,児島,一般,６　２３１　６４,2025-06-07,2025-06-11,16,児島,一般,２　６６６２４　１５,2024-12-07,2024-12-12,16,児島,一般,３２４　４５１　２４２２,2024-01-08,2024-01-13,16,児島,一般,５５３　３１６　２５５,2023-01-19,2023-01-23,16,児島,一般,４２１　６５６５４５,5423,高橋 嗣穏,2026-04-12,2026-04-17,16,児島,一般,６６６　６　６６６　５５,,,,,,,,,,,,,,,,,,,,,,,,
202609071602,2026-09-07,16,02R,4410,井上 大輔,2026-08-08,2026-08-13,16,児島,一般,５　２２１４４　１１５５,2026-04-23,2026-04-28,16,児島,一般,５４３　２５２６３　５１,2025-12-28,2026-01-02,16,児島,一般,６６１　４４２　１３１５,2025-06-14,2025-06-19,16,児島,ＧⅢ,１６４　２５５　６４４５,2024-12-28,2025-01-02,16,児島,一般,４６４　３６２１６　２１,5124,上瀧 絢也,2024-12-07,2024-12-12,16,児島,一般,６　５６３　４５５　５４,2024-02-20,2024-02-25,16,児島,一般,２転,2021-10-19,2021-10-24,16,児島,一般,６　転６６　６５６　５６,,,,,,,,,,,,,5326,三嶌 さらら,2026-05-10,2026-05-15,16,児島,一般,１５４　３２４　１３４,2024-11-01,2024-11-05,16,児島,一般,４６６　３　３６３６,2024-08-08,2024-08-13,16,児島,一般,１　５６５　４６F　６,,,,,,,,,,,,,4374,永田 義紘,2025-02-19,2025-02-24,16,児島,ＧⅢ,５６３　３５１４２　６６,2024-11-01,2024-11-05,16,児島,一般,F１４　４　４　３,2024-03-02,2024-03-07,16,児島,一般,４　１３１　５６５　５６,2023-03-05,2023-03-09,16,児島,一般,４１４５３　３　３２,2022-04-09,2022-04-13,16,児島,一般,５４５　５　２３１２,5047,國分 将太郎,2026-05-19,2026-05-23,16,児島,一般,４２４　３３１６２４,2025-03-08,2025-03-13,16,児島,一般,４　４転落欠,2024-02-20,2024-02-25,16,児島,一般,２３２　３４３２１２[６],2022-01-20,2022-01-25,16,児島,一般,１　２５１２１２４３３１,,,,,,,5338,香月 大輝,2026-06-21,2026-06-26,16,児島,一般,４　３４３　３２６　６３,2025-01-26,2025-01-31,16,児島,一般,４　５６４　６４６　６４,,,,,,,,,,,,,,,,,,
202609071603,2026-09-07,16,03R,5074,大澤 誠也,2025-05-25,2025-05-29,16,児島,一般,３５４　４１,2025-02-10,2025-02-15,16,児島,一般,２　４６３　３６４　２４,2022-06-22,2022-06-27,16,児島,一般,５　３６５　１２６　６３,2021-01-02,2021-01-05,16,児島,一般,４　４４５　６５,,,,,,,4131,原 豊土,2025-08-01,2025-08-06,16,児島,一般,３１１５１　２１３１[４],2025-03-08,2025-03-13,16,児島,一般,２　２５６２４　６２３２,2020-01-19,2020-01-24,16,児島,一般,５１４２２　１２６２[４],2019-08-31,2019-09-04,16,児島,一般,４５１６４　４４４３,2018-11-13,2018-11-18,16,児島,一般,２３４４３　１３２５F６,4314,青木 幸太郎,2025-12-17,2025-12-20,16,児島,一般,４１３　４３５４,2025-05-10,2025-05-15,16,児島,一般,４４５　４１５４５　４５,2023-03-05,2023-03-09,16,児島,一般,４　２６５４４　１２,2021-09-04,2021-09-09,16,児島,一般,３　４４１１４４４３２,2021-07-04,2021-07-09,16,児島,一般,１６２２５　６６２　１４,4460,後藤 翔之,2026-05-10,2026-05-15,16,児島,一般,１　２２２５５２５４３４,2026-01-29,2026-02-03,16,児島,一般,４３３３６　１　２５３３,2024-03-02,2024-03-07,16,児島,一般,６３１　エ２１５落２[６],2023-10-02,2023-10-07,16,児島,一般,２１２５１　２１５１[１],2023-08-03,2023-08-08,16,児島,一般,２３１６１　３１２３１１,4072,森永 淳,2026-01-06,2026-01-11,16,児島,一般,１６,2025-07-01,2025-07-06,16,児島,ＧⅡ,１５１　２　２２２　[６],2025-03-08,2025-03-13,16,児島,一般,４１２　１１１４２２[５],2023-06-20,2023-06-25,16,児島,一般,１１４３１　５１３１[２],2022-12-13,2022-12-18,16,児島,一般,１３３　５１５１１４１６,4499,滝川 真由子,2026-01-14,2026-01-19,16,児島,一般,４６４　４５６　５　５４,2018-10-04,2018-10-08,16,児島,一般,２５５　４１３６６４,2018-07-20,2018-07-25,16,児島,一般,６　４３４　２５６　４,2014-10-09,2014-10-15,16,児島,ＧⅢ,１２３　１５６　１２[６],2012-02-19,2012-02-24,16,児島,ＧⅢ,６　２５２５４　４４１
202609071604,2026-09-07,16,04R,5076,石原 光,2026-07-17,2026-07-22,16,児島,ＧⅢ,４６３　６　４２５　１３,2025-07-10,2025-07-15,16,児島,一般,２３５　４６,2024-02-20,2024-02-25,16,児島,一般,６　６６６　６４６　５,2022-08-04,2022-08-09,16,児島,一般,６　６２２　２６５　１６,,,,,,,5109,川崎 智稔,2026-08-08,2026-08-13,16,児島,一般,６　２３６　１５６　２６,2026-05-19,2026-05-23,16,児島,一般,２６６４４　５２２,2025-12-28,2026-01-02,16,児島,一般,６４５　４３１　５４４,2025-08-16,2025-08-21,16,児島,一般,５６２　６１４　２転３,2025-03-08,2025-03-13,16,児島,一般,３　３５１５３　５５２３,4286,平田 さやか,2021-07-13,2021-07-18,16,児島,ＧⅢ,１４５３３４２　２４３６,2021-03-14,2021-03-19,16,児島,一般,５６４２１　１５２５３４,2020-11-12,2020-11-17,16,児島,ＧⅢ,１３４　５４５１１６３６,2019-07-03,2019-07-08,16,児島,一般,４５１　３　５６４　５２,2019-06-09,2019-06-14,16,児島,一般,４６６４４　２　３５３２,4828,松山 将吾,2025-01-07,2025-01-12,16,児島,一般,２４５４１　５４３落２,2024-01-17,2024-01-22,16,児島,一般,５　３６１２４５２４３１,2023-10-11,2023-10-16,16,児島,一般,１　４３１２１６F５５,2023-01-12,2023-01-16,16,児島,一般,３１１３４４１２[５],2019-02-13,2019-02-17,16,児島,一般,２４２４４１５１[２],4449,中嶋 達也,2026-03-19,2026-03-24,16,児島,一般,１　３６４３５６転,2025-07-18,2025-07-22,16,児島,一般,５　２３５２６　２５,2024-06-14,2024-06-19,16,児島,一般,６　４２５５３　４６１,2021-06-01,2021-06-06,16,児島,一般,２６１　６６６　４５６,2021-04-02,2021-04-07,16,児島,一般,５　４５３　２６３５６,4789,古賀 智之,2025-12-17,2025-12-20,16,児島,一般,１３２　４２[６],2024-06-14,2024-06-19,16,児島,一般,３４６　１６４　２５４３,2023-06-10,2023-06-15,16,児島,一般,４　４６６　１３５６６３,2022-04-09,2022-04-13,16,児島,一般,３５４　１　落４３転,2022-02-17,2022-02-20,16,児島,一般,５　４５６　１６
202609071605,2026-09-07,16,05R,3988,古川 誠之,2024-11-01,2024-11-05,16,児島,一般,３２４　２２４２[５],2024-07-11,2024-07-16,16,児島,一般,５６１,2022-04-09,2022-04-13,16,児島,一般,３　５５１３２１２１,2019-09-29,2019-10-04,16,児島,一般,１２１１１２２　２１[４],2018-07-20,2018-07-25,16,児島,一般,６５５５５,5335,森 陽多,2024-09-24,2024-09-29,16,児島,ＧⅢ,６　６６６　５６５　２６,2023-12-19,2023-12-24,16,児島,一般,６　６６６　落５６　６,,,,,,,,,,,,,,,,,,,5063,大塚 雅治,2025-12-17,2025-12-20,16,児島,一般,５５３　３　２３,2025-05-10,2025-05-15,16,児島,一般,１２５３３　５　４３２１,2023-11-02,2023-11-07,16,児島,一般,２　４３４　５６５　５６,2022-01-20,2022-01-25,16,児島,一般,５　３３４６４　２５４５,,,,,,,5299,西丸 敦基,2026-05-10,2026-05-15,16,児島,一般,４３４　４４３　３１４,2026-01-21,2026-01-26,16,児島,一般,６３１　６６３　２５１１,2025-08-16,2025-08-21,16,児島,一般,２　１５２　５４４　１５,2024-12-07,2024-12-12,16,児島,一般,５５２　１６１　２２５２,2024-08-08,2024-08-13,16,児島,一般,　　　　　　　　　　２５,4350,篠崎 元志,2026-01-21,2026-01-26,16,児島,一般,２１２　１３２１２１[４],2024-05-11,2024-05-16,16,児島,一般,１１２　１３２１２１[１],2023-06-10,2023-06-15,16,児島,一般,１５１１３３１　５２[４],2023-05-09,2023-05-14,16,児島,ＧⅠ,６１４　３　４５４　４２,2022-10-16,2022-10-21,16,児島,ＧⅠ,３３３　３２１　６　３３,4382,高山 智至,2026-01-21,2026-01-26,16,児島,一般,６４３　５５４　３　５３,2024-01-17,2024-01-22,16,児島,一般,５　５妨１　５３４　６３,2022-12-13,2022-12-18,16,児島,一般,２３５　３５３４３４３,2022-09-24,2022-09-29,16,児島,一般,４２３　４４５　３４４,2020-08-05,2020-08-10,16,児島,一般,１３６３３　５３３３４１
202609071606,2026-09-07,16,06R,4728,山口 亮,2025-08-01,2025-08-06,16,児島,一般,４６４　３１６　４　２２,2025-05-25,2025-05-29,16,児島,一般,６２６　５４５　５１,2025-01-07,2025-01-12,16,児島,一般,２３５　１５３　６６６６,2024-06-14,2024-06-19,16,児島,一般,５１５　３３４　５５２２,2024-03-02,2024-03-07,16,児島,一般,６　６４５　３４４　４４,4446,和田 兼輔,2026-06-30,2026-07-05,16,児島,ＧⅡ,５４３　４　４１３１４,2024-06-06,2024-06-11,16,児島,一般,２　３４４１１４３３２１,2022-11-24,2022-11-28,16,児島,一般,２　１５３４１３１２,2022-08-30,2022-09-04,16,児島,ＧⅡ,１３４２１　２　４　２３,2019-05-30,2019-06-04,16,児島,ＧⅠ,４　４４５　６　２５３,4549,小林 文彦,2026-04-23,2026-04-28,16,児島,一般,１５５５２　５２４１５,2024-10-23,2024-10-28,16,児島,一般,１１１４５　４２３２[２],2023-10-11,2023-10-16,16,児島,一般,５　１６５３５４欠,2022-07-20,2022-07-25,16,児島,一般,１４５　４２２４１３１３,2022-05-18,2022-05-23,16,児島,ＧⅢ,３　４２６２２３２２６１,4067,永井 源,2022-12-13,2022-12-18,16,児島,一般,２５１３１　５３５３２２,2020-08-05,2020-08-10,16,児島,一般,５４４　１４５１４２[６],2020-01-31,2020-02-05,16,児島,一般,３３１１３　３１３３４１,2017-09-19,2017-09-22,16,児島,一般,１５３３４２[６],2017-03-02,2017-03-07,16,児島,一般,５３３　２２１４２１[３],5423,高橋 嗣穏,2026-04-12,2026-04-17,16,児島,一般,６６６　６　６６６　５５,,,,,,,,,,,,,,,,,,,,,,,,,3866,木山 誠一,2026-07-17,2026-07-22,16,児島,ＧⅢ,６６３　５　６６２　４,2025-08-16,2025-08-21,16,児島,一般,６　４６６　２４４　６,2025-06-23,2025-06-28,16,児島,一般,３　６６５　６５５　４,2025-05-02,2025-05-07,16,児島,一般,２　６５２　６６２　６６,2025-02-28,2025-03-05,16,児島,一般,５　１５３　６６１　４１
202609071607,2026-09-07,16,07R,5047,國分 将太郎,2026-05-19,2026-05-23,16,児島,一般,４２４　３３１６２４,2025-03-08,2025-03-13,16,児島,一般,４　４転落欠,2024-02-20,2024-02-25,16,児島,一般,２３２　３４３２１２[６],2022-01-20,2022-01-25,16,児島,一般,１　２５１２１２４３３１,,,,,,,4788,小池 哲也,2026-04-04,2026-04-09,16,児島,一般,３３５　５６５４３　６１,2025-08-08,2025-08-13,16,児島,一般,４５３５２１６　１３１２,2025-05-18,2025-05-23,16,児島,一般,２　１４２５２５４６２４,2024-04-13,2024-04-18,16,児島,一般,１３６４３２２　３不１６,2024-01-17,2024-01-22,16,児島,一般,１　４２２３２１１１[２],3284,渡邊 伸太郎,2026-03-11,2026-03-16,16,児島,一般,４３６　２４４　４４５,2024-04-23,2024-04-28,16,児島,一般,２３３　４５４５５　４６,2022-10-07,2022-10-12,16,児島,一般,１５１５３　１４６　２２,2021-04-10,2021-04-14,16,児島,一般,２１３６４６５　２１,2020-03-07,2020-03-12,16,児島,一般,５４欠欠,4359,横川 聖志,2025-06-01,2025-06-05,16,児島,一般,４１１３２　２５２５,2025-01-26,2025-01-31,16,児島,一般,１３３　６３６　３２,2024-10-04,2024-10-09,16,児島,一般,６１５　６６３　４４３２,2024-04-23,2024-04-28,16,児島,一般,２１４５６　２４３　３４,2024-01-25,2024-01-29,16,児島,一般,５１２６５　５５３,4030,森高 一真,2026-03-02,2026-03-07,16,児島,ＧⅠ,５　４　１６２　６３３３,2024-04-04,2024-04-09,16,児島,ＧⅠ,１４１　２３４　３　４２,2023-10-23,2023-10-28,16,児島,一般,２３３２３　２１６３３４,2023-07-18,2023-07-23,16,児島,ＳＧ,１　５　４５２　６３６,2023-01-12,2023-01-16,16,児島,一般,４３４１２２１２[４],5464,,,,,,,,,,,,,,,,,,,,,,,,,,,,,,,
202609071608,2026-09-07,16,08R,4374,永田 義紘,2025-02-19,2025-02-24,16,児島,ＧⅢ,５６３　３５１４２　６６,2024-11-01,2024-11-05,16,児島,一般,F１４　４　４　３,2024-03-02,2024-03-07,16,児島,一般,４　１３１　５６５　５６,2023-03-05,2023-03-09,16,児島,一般,４１４５３　３　３２,2022-04-09,2022-04-13,16,児島,一般,５４５　５　２３１２,4441,末永 由楽,2026-08-08,2026-08-13,16,児島,一般,３５１　１６５　１２２５,2026-06-30,2026-07-05,16,児島,ＧⅡ,２　３１５　３　２　[６],2026-05-02,2026-05-07,16,児島,一般,４１５　３５３　３１３,2026-03-27,2026-03-31,16,児島,一般,１　４６１４１５１４,2026-01-06,2026-01-11,16,児島,一般,２１３３１１１　２３３１,5292,佐藤 右京,2026-05-10,2026-05-15,16,児島,一般,６　６６５　２４４　２２,2025-06-01,2025-06-05,16,児島,一般,５６６　４６１　５５,2025-01-07,2025-01-12,16,児島,一般,６　２６６　３６５　３５,,,,,,,,,,,,,4754,松尾 充,2022-08-30,2022-09-04,16,児島,ＧⅡ,３６２　２５４　６４５,2021-08-26,2021-08-31,16,児島,一般,１１１　２５５４３２[５],2019-10-08,2019-10-13,16,児島,一般,２３４１４１２　２５１６,2019-05-20,2019-05-24,16,児島,一般,１　２６５２１３４１,2016-03-10,2016-03-15,16,児島,一般,６　落６２　３　１３１３,4131,原 豊土,2025-08-01,2025-08-06,16,児島,一般,３１１５１　２１３１[４],2025-03-08,2025-03-13,16,児島,一般,２　２５６２４　６２３２,2020-01-19,2020-01-24,16,児島,一般,５１４２２　１２６２[４],2019-08-31,2019-09-04,16,児島,一般,４５１６４　４４４３,2018-11-13,2018-11-18,16,児島,一般,２３４４３　１３２５F６,4364,池永 太,2025-05-18,2025-05-23,16,児島,一般,１１５２１　４３１３５１,2025-01-26,2025-01-31,16,児島,一般,３２２　１１３２４１[３],2024-10-13,2024-10-18,16,児島,一般,２３２１１　１３３１[２],2024-05-20,2024-05-25,16,児島,一般,１６１５１　２４２２[５],2023-12-19,2023-12-24,16,児島,一般,３１４２１　１１３１[１]
202609071609,2026-09-07,16,09R,4286,平田 さやか,2021-07-13,2021-07-18,16,児島,ＧⅢ,１４５３３４２　２４３６,2021-03-14,2021-03-19,16,児島,一般,５６４２１　１５２５３４,2020-11-12,2020-11-17,16,児島,ＧⅢ,１３４　５４５１１６３６,2019-07-03,2019-07-08,16,児島,一般,４５１　３　５６４　５２,2019-06-09,2019-06-14,16,児島,一般,４６６４４　２　３５３２,5265,大廣 咲季,2026-05-10,2026-05-15,16,児島,一般,５２５　３６３　５　６１,2025-12-17,2025-12-20,16,児島,一般,１　４５６　３１,2024-02-02,2024-02-07,16,児島,ＧⅢ,６　６　６６６　６　３６,,,,,,,,,,,,,4499,滝川 真由子,2026-01-14,2026-01-19,16,児島,一般,４６４　４５６　５　５４,2018-10-04,2018-10-08,16,児島,一般,２５５　４１３６６４,2018-07-20,2018-07-25,16,児島,一般,６　４３４　２５６　４,2014-10-09,2014-10-15,16,児島,ＧⅢ,１２３　１５６　１２[６],2012-02-19,2012-02-24,16,児島,ＧⅢ,６　２５２５４　４４１,5326,三嶌 さらら,2026-05-10,2026-05-15,16,児島,一般,１５４　３２４　１３４,2024-11-01,2024-11-05,16,児島,一般,４６６　３　３６３６,2024-08-08,2024-08-13,16,児島,一般,１　５６５　４６F　６,,,,,,,,,,,,,4924,中北 涼,2026-02-06,2026-02-11,16,児島,一般,１４１　２３２５４３４１,2024-10-23,2024-10-28,16,児島,一般,６　４F６　６　６　５,2023-05-18,2023-05-23,16,児島,一般,５３３　１２４　F５５,2022-10-29,2022-11-03,16,児島,ＧⅢ,５６１　エ４２　５３５３,2021-08-04,2021-08-09,16,児島,一般,３　５５３２６　３５４５,5358,,,,,,,,,,,,,,,,,,,,,,,,,,,,,,,
202609071610,2026-09-07,16,10R,4314,青木 幸太郎,2025-12-17,2025-12-20,16,児島,一般,４１３　４３５４,2025-05-10,2025-05-15,16,児島,一般,４４５　４１５４５　４５,2023-03-05,2023-03-09,16,児島,一般,４　２６５４４　１２,2021-09-04,2021-09-09,16,児島,一般,３　４４１１４４４３２,2021-07-04,2021-07-09,16,児島,一般,１６２２５　６６２　１４,4343,村岡 賢,2025-12-17,2025-12-20,16,児島,一般,６　２３１　６４,2025-06-07,2025-06-11,16,児島,一般,２　６６６２４　１５,2024-12-07,2024-12-12,16,児島,一般,３２４　４５１　２４２２,2024-01-08,2024-01-13,16,児島,一般,５５３　３１６　２５５,2023-01-19,2023-01-23,16,児島,一般,４２１　６５６５４５,5299,西丸 敦基,2026-05-10,2026-05-15,16,児島,一般,４３４　４４３　３１４,2026-01-21,2026-01-26,16,児島,一般,６３１　６６３　２５１１,2025-08-16,2025-08-21,16,児島,一般,２　１５２　５４４　１５,2024-12-07,2024-12-12,16,児島,一般,５５２　１６１　２２５２,2024-08-08,2024-08-13,16,児島,一般,　　　　　　　　　　２５,4797,中山 将,2025-08-01,2025-08-06,16,児島,一般,３　３４２１４４２４１１,2024-01-08,2024-01-13,16,児島,一般,１　２２６５１４３２[６],2023-06-20,2023-06-25,16,児島,一般,６　３２６　２１１６１２,2022-02-10,2022-02-14,16,児島,一般,３　４４１５転３１１,2019-10-08,2019-10-13,16,児島,一般,２　１３１３１１６６１３,5109,川崎 智稔,2026-08-08,2026-08-13,16,児島,一般,６　２３６　１５６　２６,2026-05-19,2026-05-23,16,児島,一般,２６６４４　５２２,2025-12-28,2026-01-02,16,児島,一般,６４５　４３１　５４４,2025-08-16,2025-08-21,16,児島,一般,５６２　６１４　２転３,2025-03-08,2025-03-13,16,児島,一般,３　３５１５３　５５２３,5124,上瀧 絢也,2024-12-07,2024-12-12,16,児島,一般,６　５６３　４５５　５４,2024-02-20,2024-02-25,16,児島,一般,２転,2021-10-19,2021-10-24,16,児島,一般,６　転６６　６５６　５６,,,,,,,,,,,,
202609071611,2026-09-07,16,11R,4436,渋谷 明憲,2026-02-15,2026-02-20,16,児島,一般,２１５２３５５　５５５３,2025-07-24,2025-07-29,16,児島,一般,１２３５１５６　１２[４],2023-01-12,2023-01-16,16,児島,一般,２　３２１３４２[３],2021-10-19,2021-10-24,16,児島,一般,３５１６４　５１６６１３,2021-03-24,2021-03-29,16,児島,一般,５　２４１６４２１　１３,3988,古川 誠之,2024-11-01,2024-11-05,16,児島,一般,３２４　２２４２[５],2024-07-11,2024-07-16,16,児島,一般,５６１,2022-04-09,2022-04-13,16,児島,一般,３　５５１３２１２１,2019-09-29,2019-10-04,16,児島,一般,１２１１１２２　２１[４],2018-07-20,2018-07-25,16,児島,一般,６５５５５,4410,井上 大輔,2026-08-08,2026-08-13,16,児島,一般,５　２２１４４　１１５５,2026-04-23,2026-04-28,16,児島,一般,５４３　２５２６３　５１,2025-12-28,2026-01-02,16,児島,一般,６６１　４４２　１３１５,2025-06-14,2025-06-19,16,児島,ＧⅢ,１６４　２５５　６４４５,2024-12-28,2025-01-02,16,児島,一般,４６４　３６２１６　２１,4549,小林 文彦,2026-04-23,2026-04-28,16,児島,一般,１５５５２　５２４１５,2024-10-23,2024-10-28,16,児島,一般,１１１４５　４２３２[２],2023-10-11,2023-10-16,16,児島,一般,５　１６５３５４欠,2022-07-20,2022-07-25,16,児島,一般,１４５　４２２４１３１３,2022-05-18,2022-05-23,16,児島,ＧⅢ,３　４２６２２３２２６１,5076,石原 光,2026-07-17,2026-07-22,16,児島,ＧⅢ,４６３　６　４２５　１３,2025-07-10,2025-07-15,16,児島,一般,２３５　４６,2024-02-20,2024-02-25,16,児島,一般,６　６６６　６４６　５,2022-08-04,2022-08-09,16,児島,一般,６　６２２　２６５　１６,,,,,,,4460,後藤 翔之,2026-05-10,2026-05-15,16,児島,一般,１　２２２５５２５４３４,2026-01-29,2026-02-03,16,児島,一般,４３３３６　１　２５３３,2024-03-02,2024-03-07,16,児島,一般,６３１　エ２１５落２[６],2023-10-02,2023-10-07,16,児島,一般,２１２５１　２１５１[１],2023-08-03,2023-08-08,16,児島,一般,２３１６１　３１２３１１
202609071612,2026-09-07,16,12R,4350,篠崎 元志,2026-01-21,2026-01-26,16,児島,一般,２１２　１３２１２１[４],2024-05-11,2024-05-16,16,児島,一般,１１２　１３２１２１[１],2023-06-10,2023-06-15,16,児島,一般,１５１１３３１　５２[４],2023-05-09,2023-05-14,16,児島,ＧⅠ,６１４　３　４５４　４２,2022-10-16,2022-10-21,16,児島,ＧⅠ,３３３　３２１　６　３３,4030,森高 一真,2026-03-02,2026-03-07,16,児島,ＧⅠ,５　４　１６２　６３３３,2024-04-04,2024-04-09,16,児島,ＧⅠ,１４１　２３４　３　４２,2023-10-23,2023-10-28,16,児島,一般,２３３２３　２１６３３４,2023-07-18,2023-07-23,16,児島,ＳＧ,１　５　４５２　６３６,2023-01-12,2023-01-16,16,児島,一般,４３４１２２１２[４],4072,森永 淳,2026-01-06,2026-01-11,16,児島,一般,１６,2025-07-01,2025-07-06,16,児島,ＧⅡ,１５１　２　２２２　[６],2025-03-08,2025-03-13,16,児島,一般,４１２　１１１４２２[５],2023-06-20,2023-06-25,16,児島,一般,１１４３１　５１３１[２],2022-12-13,2022-12-18,16,児島,一般,１３３　５１５１１４１６,4364,池永 太,2025-05-18,2025-05-23,16,児島,一般,１１５２１　４３１３５１,2025-01-26,2025-01-31,16,児島,一般,３２２　１１３２４１[３],2024-10-13,2024-10-18,16,児島,一般,２３２１１　１３３１[２],2024-05-20,2024-05-25,16,児島,一般,１６１５１　２４２２[５],2023-12-19,2023-12-24,16,児島,一般,３１４２１　１１３１[１],4446,和田 兼輔,2026-06-30,2026-07-05,16,児島,ＧⅡ,５４３　４　４１３１４,2024-06-06,2024-06-11,16,児島,一般,２　３４４１１４３３２１,2022-11-24,2022-11-28,16,児島,一般,２　１５３４１３１２,2022-08-30,2022-09-04,16,児島,ＧⅡ,１３４２１　２　４　２３,2019-05-30,2019-06-04,16,児島,ＧⅠ,４　４４５　６　２５３,4828,松山 将吾,2025-01-07,2025-01-12,16,児島,一般,２４５４１　５４３落２,2024-01-17,2024-01-22,16,児島,一般,５　３６１２４５２４３１,2023-10-11,2023-10-16,16,児島,一般,１　４３１２１６F５５,2023-01-12,2023-01-16,16,児島,一般,３１１３４４１２[５],2019-02-13,2019-02-17,16,児島,一般,２４２４４１５１[２]
202609072201,2026-09-07,22,01R,3966,作間 章,2026-06-22,2026-06-27,22,福岡,一般,４３３１２５１　１４１１,2024-09-24,2024-09-29,22,福岡,一般,３２１１１６２　１２[２],2024-06-11,2024-06-16,22,福岡,一般,１１２２２１３　１１[２],2023-11-22,2023-11-27,22,福岡,一般,２４１　４２３５４３２４,2022-09-07,2022-09-12,22,福岡,ＧⅠ,５　２３１　４　２２５４,3467,森 弘行,2026-03-22,2026-03-27,22,福岡,一般,５５５　２　５４３　６,2025-10-10,2025-10-15,22,福岡,一般,５　１５３１３　３６４５,2024-10-26,2024-10-31,22,福岡,ＧⅢ,３　４６３　５５３２５３,2018-10-20,2018-10-25,22,福岡,一般,３　４４５　１　１　５１,2018-06-19,2018-06-24,22,福岡,一般,５　５６４　１４３　４３,5133,堀越 雄貴,2025-10-19,2025-10-24,22,福岡,一般,４６３　５１１６２　１４,2022-06-02,2022-06-07,22,福岡,一般,１５４　６２４　１３２６,2021-08-31,2021-09-05,22,福岡,一般,６４５　６４５　６４４,,,,,,,,,,,,,5004,河野 主樹,2025-12-15,2025-12-20,22,福岡,一般,１　４２３６３　３５３３,2024-12-25,2024-12-30,22,福岡,一般,５落５　３２６　４F４,2024-10-03,2024-10-08,22,福岡,一般,５　２２４　１５２４５,2024-01-13,2024-01-18,22,福岡,一般,４５５　１５２６３　２４,2023-09-09,2023-09-14,22,福岡,一般,１５１２F４３　６　６,3928,林 恵祐,2026-05-08,2026-05-13,22,福岡,一般,６　４３４６１　６４３,2026-01-14,2026-01-19,22,福岡,一般,６　５４６　３４６５６,2025-12-05,2025-12-10,22,福岡,一般,５　５３６　４１４　２６,2025-05-03,2025-05-08,22,福岡,一般,５６５　４６２　６　５４,2024-10-26,2024-10-31,22,福岡,ＧⅢ,５２６　１３３６６　５５,5381,,,,,,,,,,,,,,,,,,,,,,,,,,,,,,,
202609072202,2026-09-07,22,02R,5289,佃 來紀,2025-12-25,2025-12-30,22,福岡,一般,４１５　１４２４１６５５,2025-06-19,2025-06-24,22,福岡,一般,３　１　３３１６２２[３],,,,,,,,,,,,,,,,,,,3523,寳田 亮治,2026-01-26,2026-01-31,22,福岡,一般,２　４２２　４１６２[６],2019-06-18,2019-06-22,22,福岡,一般,６３５　２２２　６５,2014-10-11,2014-10-17,22,福岡,一般,３　１５５６６４４　５,2013-10-21,2013-10-26,22,福岡,一般,５　２１１２２３６４落５,2013-05-02,2013-05-07,22,福岡,一般,５２４　２５２５２　５５,5007,近藤 雄一郎,2026-03-10,2026-03-15,22,福岡,一般,４２６　３４６　１２４５,2024-10-03,2024-10-08,22,福岡,一般,５　６４６６３　２６４,,,,,,,,,,,,,,,,,,,4632,長尾 京志郎,2026-07-10,2026-07-15,22,福岡,一般,４２６　３４５　３４２,2025-08-11,2025-08-16,22,福岡,一般,４４４　５３５　２２４,2025-07-02,2025-07-07,22,福岡,一般,３　３２３　１３１２[F],2025-01-03,2025-01-09,22,福岡,一般,２　６２５　４３４１５　３１,2024-09-06,2024-09-11,22,福岡,ＧⅢ,４　３４３　転４３　４４,4114,深澤 達徳,2025-09-11,2025-09-16,22,福岡,一般,３　１１５４F６５　３,2025-03-22,2025-03-27,22,福岡,一般,１　５４１３３３３４１４,2024-07-24,2024-07-29,22,福岡,一般,４　１１３３１３１３４１,2023-04-25,2023-04-29,22,福岡,一般,１５４　３２１４２４,2020-12-09,2020-12-14,22,福岡,ＧⅢ,５　１４４５２転６　３３,4095,福来 剛,2026-04-11,2026-04-16,22,福岡,ＧⅠ,３　４　２５１　５　１５,2025-12-05,2025-12-10,22,福岡,一般,１２３　２１１３２２[４],2023-04-25,2023-04-29,22,福岡,一般,３２３１１１１１[４],2018-07-25,2018-07-29,22,福岡,一般,２３３３２４１３１１,2018-02-23,2018-02-28,22,福岡,一般,３　２６４４６６１　１４
202609072203,2026-09-07,22,03R,3432,宮迫 暢彦,2026-03-22,2026-03-27,22,福岡,一般,６　４１６　１５５　４４,2024-10-26,2024-10-31,22,福岡,ＧⅢ,　　　　　　　　２２１３,2022-05-19,2022-05-22,22,福岡,一般,６　６６３　２５,2022-02-24,2022-03-01,22,福岡,一般,６２１　６５６６４　２４,2021-01-13,2021-01-17,22,福岡,一般,３３４　４４６４４２,4377,濱本 優一,2025-12-15,2025-12-20,22,福岡,一般,１２１６２　２２３４１２,2025-06-19,2025-06-24,22,福岡,一般,３２２　３２１　５３４１,2025-01-14,2025-01-19,22,福岡,一般,２６１　４４４５３２２３,2024-09-24,2024-09-29,22,福岡,一般,６６６　４６１　３４２１,2023-06-14,2023-06-19,22,福岡,一般,６　１４２２４３１４１３,4368,山口 隆史,2025-08-21,2025-08-26,22,福岡,一般,３　２３４　４５２　２３,2025-03-13,2025-03-18,22,福岡,一般,５　３４３　１４２５４４,2024-11-28,2024-12-03,22,福岡,一般,６　１５３　４６２　５,2024-09-06,2024-09-11,22,福岡,ＧⅢ,４　４３６　６転,2023-12-19,2023-12-22,22,福岡,一般,４４３　４３５６,4379,桑島 和宏,2025-10-01,2025-10-06,22,福岡,一般,３４１１４　１５１２[３],2024-06-11,2024-06-16,22,福岡,一般,１　１６１エ６２１６３１,2023-01-14,2023-01-20,22,福岡,一般,６５６　４１３１３転２　２１,2020-12-09,2020-12-14,22,福岡,ＧⅢ,５４６　２２２　３５１,2019-10-31,2019-11-05,22,福岡,一般,３　３５４１妨F５　３,4792,杉村 賢也,2024-10-03,2024-10-08,22,福岡,一般,５２４　１　F６６　６,2023-10-22,2023-10-27,22,福岡,一般,３　５５１　落４,2019-08-29,2019-09-01,22,福岡,一般,３５６　４２,2018-12-15,2018-12-20,22,福岡,一般,５５６　４５３　５６,2017-05-11,2017-05-16,22,福岡,一般,６６１　６　２５３　２６,4904,松本 一毅,2026-06-22,2026-06-27,22,福岡,一般,６１１１４　２５１１[転],2023-05-12,2023-05-17,22,福岡,一般,４３４　６５１２３５１５,2023-01-24,2023-01-30,22,福岡,一般,５　３５４　２１２　５１,2022-11-13,2022-11-18,22,福岡,ＧⅠ,５　１　１５２　３　４６,2022-05-26,2022-05-29,22,福岡,一般,３４１６１　５１
202609072204,2026-09-07,22,04R,4815,伏島 祐介,2026-03-10,2026-03-15,22,福岡,一般,３５２F５　転　５　６,2025-08-01,2025-08-06,22,福岡,一般,６２２,2024-11-19,2024-11-24,22,福岡,一般,１　１２４５１２６３３３,2024-07-24,2024-07-29,22,福岡,一般,４６２　３４２　１６４６,2024-03-26,2024-03-31,22,福岡,一般,５　４６６　５５５,5081,篠原 飛翔,2026-04-29,2026-05-04,22,福岡,一般,１３２　５２転,2026-01-03,2026-01-08,22,福岡,一般,１２４１４　１１１１[６],2025-11-15,2025-11-20,22,福岡,一般,２３２４２　１５１５１４,2025-08-11,2025-08-16,22,福岡,一般,２　６６１４２４６　４,2025-05-03,2025-05-08,22,福岡,一般,２１６　５３２　１５４４,3948,大町 利克,2023-03-26,2023-03-31,22,福岡,一般,６　４６６　６５５　５,2023-01-24,2023-01-30,22,福岡,一般,４　４３５　１３３　２５,2022-03-24,2022-03-29,22,福岡,一般,２６１　３６５４５　６,2021-04-13,2021-04-18,22,福岡,一般,５　２２３　２６３４２２,2019-03-26,2019-03-31,22,福岡,一般,３　５６５　４１５　４２,4958,溝口 海義也,2026-07-10,2026-07-15,22,福岡,一般,２　１５２５１３２２[６],2026-04-29,2026-05-04,22,福岡,一般,３４２１１　３５３３３１,2025-04-13,2025-04-18,22,福岡,ＧⅠ,６　４　２５３　４６６,2025-01-14,2025-01-19,22,福岡,一般,２３２６２２１　６４４２,2024-11-05,2024-11-10,22,福岡,一般,１３２５３６３　４　２６,5371,,,,,,,,,,,,,,,,,,,,,,,,,,,,,,,,5190,大月 遊雅,2025-12-05,2025-12-10,22,福岡,一般,６　２６６　３５５　４４,,,,,,,,,,,,,,,,,,,,,,,,
202609072205,2026-09-07,22,05R,3107,平岡 重典,2025-06-19,2025-06-24,22,福岡,一般,２　３６２　４２３　４４,2024-08-28,2024-09-03,22,福岡,一般,３１４　５６２３１,2023-11-22,2023-11-27,22,福岡,一般,４２４　４４４　３３２３,2023-06-03,2023-06-08,22,福岡,一般,４　５６２　１６１３６,2022-07-02,2022-07-05,22,福岡,一般,５２５　５５４１,3703,鳥飼 眞,2026-05-08,2026-05-13,22,福岡,一般,２２１　１６１６１転,2026-01-03,2026-01-08,22,福岡,一般,２　２３２２転４１５１４,2025-05-03,2025-05-08,22,福岡,一般,４　４２３３２３２２[６],2025-04-04,2025-04-09,22,福岡,一般,１４５　１２２　３４１５,2025-01-03,2025-01-09,22,福岡,一般,２　１２３１４１４　３２[６],5381,,,,,,,,,,,,,,,,,,,,,,,,,,,,,,,,5054,佐々木 大河,2026-01-14,2026-01-19,22,福岡,一般,１２１２４４３　４６１４,2025-01-14,2025-01-19,22,福岡,一般,１１４２１３２　６４転欠,2020-11-26,2020-12-01,22,福岡,一般,５　２２落　F２５　４,,,,,,,,,,,,,4100,松田 隆司,2026-06-22,2026-06-27,22,福岡,一般,転　３３５　１３６　５１,2025-08-11,2025-08-16,22,福岡,一般,３６１　５　３２５　２転,2024-10-03,2024-10-08,22,福岡,一般,２４５　２５２　３　６４,2024-03-09,2024-03-13,22,福岡,一般,５　２１１５３３１１,2023-12-19,2023-12-22,22,福岡,一般,４１３３１５１１,4944,田代 達也,2025-07-23,2025-07-28,22,福岡,一般,３　１４５５６６６　４３,2025-04-23,2025-04-28,22,福岡,一般,５２２　２転６　３　２６,,,,,,,,,,,,,,,,,,
202609072206,2026-09-07,22,06R,3888,山本 英志,2025-09-21,2025-09-26,22,福岡,ＧⅢ,６　４２３　４６２　３３,2025-06-19,2025-06-24,22,福岡,一般,４　５１５　１２４　５３,2024-11-19,2024-11-24,22,福岡,一般,５　２６４６６,2023-01-14,2023-01-20,22,福岡,一般,３６１３３２６３４　１６３３,2022-11-13,2022-11-18,22,福岡,ＧⅠ,５　６５２　４３５　５２,4301,関 裕也,2026-07-10,2026-07-15,22,福岡,一般,５　２６５　６３４,2026-05-08,2026-05-13,22,福岡,一般,４３エ　３　５２３　２６,2023-08-11,2023-08-16,22,福岡,一般,３６２６６　１６５　２欠,2023-01-14,2023-01-20,22,福岡,一般,５　６６６５１　６６,2022-04-25,2022-05-01,22,福岡,一般,５１５　１５２２１５４２,5235,,,,,,,,,,,,,,,,,,,,,,,,,,,,,,,,4759,今泉 友吾,2026-05-08,2026-05-13,22,福岡,一般,１４３１３　１３４３３１,2023-12-26,2023-12-30,22,福岡,一般,２２１２３４３３３１,2023-11-22,2023-11-27,22,福岡,一般,３２２　３６１　４２[５],2021-10-08,2021-10-11,22,福岡,一般,１４２３２１[２],2019-04-04,2019-04-09,22,福岡,一般,２５３　２４１５１４２３,3523,寳田 亮治,2026-01-26,2026-01-31,22,福岡,一般,２　４２２　４１６２[６],2019-06-18,2019-06-22,22,福岡,一般,６３５　２２２　６５,2014-10-11,2014-10-17,22,福岡,一般,３　１５５６６４４　５,2013-10-21,2013-10-26,22,福岡,一般,５　２１１２２３６４落５,2013-05-02,2013-05-07,22,福岡,一般,５２４　２５２５２　５５,5133,堀越 雄貴,2025-10-19,2025-10-24,22,福岡,一般,４６３　５１１６２　１４,2022-06-02,2022-06-07,22,福岡,一般,１５４　６２４　１３２６,2021-08-31,2021-09-05,22,福岡,一般,６４５　６４５　６４４,,,,,,,,,,,,
202609072207,2026-09-07,22,07R,4148,枝尾 賢,2026-01-03,2026-01-08,22,福岡,一般,３２４　３２５　５１２４,2025-10-19,2025-10-24,22,福岡,一般,２２１　４２２３１２[５],2024-09-15,2024-09-20,22,福岡,一般,３５２　２１３１１１[３],2024-07-13,2024-07-18,22,福岡,一般,２２３１２　１５１２[３],2023-06-14,2023-06-19,22,福岡,一般,３３２１１４３１３３２１,4114,深澤 達徳,2025-09-11,2025-09-16,22,福岡,一般,３　１１５４F６５　３,2025-03-22,2025-03-27,22,福岡,一般,１　５４１３３３３４１４,2024-07-24,2024-07-29,22,福岡,一般,４　１１３３１３１３４１,2023-04-25,2023-04-29,22,福岡,一般,１５４　３２１４２４,2020-12-09,2020-12-14,22,福岡,ＧⅢ,５　１４４５２転６　３３,3928,林 恵祐,2026-05-08,2026-05-13,22,福岡,一般,６　４３４６１　６４３,2026-01-14,2026-01-19,22,福岡,一般,６　５４６　３４６５６,2025-12-05,2025-12-10,22,福岡,一般,５　５３６　４１４　２６,2025-05-03,2025-05-08,22,福岡,一般,５６５　４６２　６　５４,2024-10-26,2024-10-31,22,福岡,ＧⅢ,５２６　１３３６６　５５,4792,杉村 賢也,2024-10-03,2024-10-08,22,福岡,一般,５２４　１　F６６　６,2023-10-22,2023-10-27,22,福岡,一般,３　５５１　落４,2019-08-29,2019-09-01,22,福岡,一般,３５６　４２,2018-12-15,2018-12-20,22,福岡,一般,５５６　４５３　５６,2017-05-11,2017-05-16,22,福岡,一般,６６１　６　２５３　２６,4905,土井 祥伍,2024-03-09,2024-03-13,22,福岡,一般,４　５３６　３６５２,2022-12-01,2022-12-06,22,福岡,ＧⅢ,５６５６１　６　５３３,2022-07-02,2022-07-05,22,福岡,一般,３　５５３６５５,2021-10-08,2021-10-11,22,福岡,一般,３５５　６５２２,2021-04-24,2021-04-29,22,福岡,一般,４５５　２５３　６１４３,5426,甲斐 貴大,2026-07-29,2026-08-03,22,福岡,一般,　　　　　　　　　　３３,2026-06-22,2026-06-27,22,福岡,一般,３６４　３６４　３３転６,2026-01-14,2026-01-19,22,福岡,一般,６　６６６６６　６６６,,,,,,,,,,,,
202609072208,2026-09-07,22,08R,4379,桑島 和宏,2025-10-01,2025-10-06,22,福岡,一般,３４１１４　１５１２[３],2024-06-11,2024-06-16,22,福岡,一般,１　１６１エ６２１６３１,2023-01-14,2023-01-20,22,福岡,一般,６５６　４１３１３転２　２１,2020-12-09,2020-12-14,22,福岡,ＧⅢ,５４６　２２２　３５１,2019-10-31,2019-11-05,22,福岡,一般,３　３５４１妨F５　３,4632,長尾 京志郎,2026-07-10,2026-07-15,22,福岡,一般,４２６　３４５　３４２,2025-08-11,2025-08-16,22,福岡,一般,４４４　５３５　２２４,2025-07-02,2025-07-07,22,福岡,一般,３　３２３　１３１２[F],2025-01-03,2025-01-09,22,福岡,一般,２　６２５　４３４１５　３１,2024-09-06,2024-09-11,22,福岡,ＧⅢ,４　３４３　転４３　４４,4393,田中 孝明,2025-08-11,2025-08-16,22,福岡,一般,３３５　５　３４５　２４,2024-07-02,2024-07-07,22,福岡,一般,３２２　２４５３２６２５,2024-04-04,2024-04-09,22,福岡,一般,６　４６５　４５３　２６,2023-11-22,2023-11-27,22,福岡,一般,３　３６３　５６３　５３,2023-01-03,2023-01-08,22,福岡,一般,１　４５５,4651,佐藤 大騎,2024-03-09,2024-03-13,22,福岡,一般,４５２　３５６　３４,,,,,,,,,,,,,,,,,,,,,,,,,5004,河野 主樹,2025-12-15,2025-12-20,22,福岡,一般,１　４２３６３　３５３３,2024-12-25,2024-12-30,22,福岡,一般,５落５　３２６　４F４,2024-10-03,2024-10-08,22,福岡,一般,５　２２４　１５２４５,2024-01-13,2024-01-18,22,福岡,一般,４５５　１５２６３　２４,2023-09-09,2023-09-14,22,福岡,一般,１５１２F４３　６　６,5371,,,,,,,,,,,,,,,,,,,,,,,,,,,,,,,
202609072209,2026-09-07,22,09R,5081,篠原 飛翔,2026-04-29,2026-05-04,22,福岡,一般,１３２　５２転,2026-01-03,2026-01-08,22,福岡,一般,１２４１４　１１１１[６],2025-11-15,2025-11-20,22,福岡,一般,２３２４２　１５１５１４,2025-08-11,2025-08-16,22,福岡,一般,２　６６１４２４６　４,2025-05-03,2025-05-08,22,福岡,一般,２１６　５３２　１５４４,5054,佐々木 大河,2026-01-14,2026-01-19,22,福岡,一般,１２１２４４３　４６１４,2025-01-14,2025-01-19,22,福岡,一般,１１４２１３２　６４転欠,2020-11-26,2020-12-01,22,福岡,一般,５　２２落　F２５　４,,,,,,,,,,,,,4329,小松 卓司,2026-07-10,2026-07-15,22,福岡,一般,２　６１３　３４２５３６,2025-12-25,2025-12-30,22,福岡,一般,５　２３２　３４５６４４,2025-05-03,2025-05-08,22,福岡,一般,６　２５３　４５６　３６,2025-01-03,2025-01-09,22,福岡,一般,２　２２５４４　４５３　３６,2024-07-02,2024-07-07,22,福岡,一般,５３２１２３２　１２[５],4368,山口 隆史,2025-08-21,2025-08-26,22,福岡,一般,３　２３４　４５２　２３,2025-03-13,2025-03-18,22,福岡,一般,５　３４３　１４２５４４,2024-11-28,2024-12-03,22,福岡,一般,６　１５３　４６２　５,2024-09-06,2024-09-11,22,福岡,ＧⅢ,４　４３６　６転,2023-12-19,2023-12-22,22,福岡,一般,４４３　４３５６,3467,森 弘行,2026-03-22,2026-03-27,22,福岡,一般,５５５　２　５４３　６,2025-10-10,2025-10-15,22,福岡,一般,５　１５３１３　３６４５,2024-10-26,2024-10-31,22,福岡,ＧⅢ,３　４６３　５５３２５３,2018-10-20,2018-10-25,22,福岡,一般,３　４４５　１　１　５１,2018-06-19,2018-06-24,22,福岡,一般,５　５６４　１４３　４３,5007,近藤 雄一郎,2026-03-10,2026-03-15,22,福岡,一般,４２６　３４６　１２４５,2024-10-03,2024-10-08,22,福岡,一般,５　６４６６３　２６４,,,,,,,,,,,,,,,,,,
202609072210,2026-09-07,22,10R,4904,松本 一毅,2026-06-22,2026-06-27,22,福岡,一般,６１１１４　２５１１[転],2023-05-12,2023-05-17,22,福岡,一般,４３４　６５１２３５１５,2023-01-24,2023-01-30,22,福岡,一般,５　３５４　２１２　５１,2022-11-13,2022-11-18,22,福岡,ＧⅠ,５　１　１５２　３　４６,2022-05-26,2022-05-29,22,福岡,一般,３４１６１　５１,4958,溝口 海義也,2026-07-10,2026-07-15,22,福岡,一般,２　１５２５１３２２[６],2026-04-29,2026-05-04,22,福岡,一般,３４２１１　３５３３３１,2025-04-13,2025-04-18,22,福岡,ＧⅠ,６　４　２５３　４６６,2025-01-14,2025-01-19,22,福岡,一般,２３２６２２１　６４４２,2024-11-05,2024-11-10,22,福岡,一般,１３２５３６３　４　２６,4759,今泉 友吾,2026-05-08,2026-05-13,22,福岡,一般,１４３１３　１３４３３１,2023-12-26,2023-12-30,22,福岡,一般,２２１２３４３３３１,2023-11-22,2023-11-27,22,福岡,一般,３２２　３６１　４２[５],2021-10-08,2021-10-11,22,福岡,一般,１４２３２１[２],2019-04-04,2019-04-09,22,福岡,一般,２５３　２４１５１４２３,3966,作間 章,2026-06-22,2026-06-27,22,福岡,一般,４３３１２５１　１４１１,2024-09-24,2024-09-29,22,福岡,一般,３２１１１６２　１２[２],2024-06-11,2024-06-16,22,福岡,一般,１１２２２１３　１１[２],2023-11-22,2023-11-27,22,福岡,一般,２４１　４２３５４３２４,2022-09-07,2022-09-12,22,福岡,ＧⅠ,５　２３１　４　２２５４,5289,佃 來紀,2025-12-25,2025-12-30,22,福岡,一般,４１５　１４２４１６５５,2025-06-19,2025-06-24,22,福岡,一般,３　１　３３１６２２[３],,,,,,,,,,,,,,,,,,,3703,鳥飼 眞,2026-05-08,2026-05-13,22,福岡,一般,２２１　１６１６１転,2026-01-03,2026-01-08,22,福岡,一般,２　２３２２転４１５１４,2025-05-03,2025-05-08,22,福岡,一般,４　４２３３２３２２[６],2025-04-04,2025-04-09,22,福岡,一般,１４５　１２２　３４１５,2025-01-03,2025-01-09,22,福岡,一般,２　１２３１４１４　３２[６]
202609072211,2026-09-07,22,11R,4095,福来 剛,2026-04-11,2026-04-16,22,福岡,ＧⅠ,３　４　２５１　５　１５,2025-12-05,2025-12-10,22,福岡,一般,１２３　２１１３２２[４],2023-04-25,2023-04-29,22,福岡,一般,３２３１１１１１[４],2018-07-25,2018-07-29,22,福岡,一般,２３３３２４１３１１,2018-02-23,2018-02-28,22,福岡,一般,３　２６４４６６１　１４,4100,松田 隆司,2026-06-22,2026-06-27,22,福岡,一般,転　３３５　１３６　５１,2025-08-11,2025-08-16,22,福岡,一般,３６１　５　３２５　２転,2024-10-03,2024-10-08,22,福岡,一般,２４５　２５２　３　６４,2024-03-09,2024-03-13,22,福岡,一般,５　２１１５３３１１,2023-12-19,2023-12-22,22,福岡,一般,４１３３１５１１,4377,濱本 優一,2025-12-15,2025-12-20,22,福岡,一般,１２１６２　２２３４１２,2025-06-19,2025-06-24,22,福岡,一般,３２２　３２１　５３４１,2025-01-14,2025-01-19,22,福岡,一般,２６１　４４４５３２２３,2024-09-24,2024-09-29,22,福岡,一般,６６６　４６１　３４２１,2023-06-14,2023-06-19,22,福岡,一般,６　１４２２４３１４１３,4815,伏島 祐介,2026-03-10,2026-03-15,22,福岡,一般,３５２F５　転　５　６,2025-08-01,2025-08-06,22,福岡,一般,６２２,2024-11-19,2024-11-24,22,福岡,一般,１　１２４５１２６３３３,2024-07-24,2024-07-29,22,福岡,一般,４６２　３４２　１６４６,2024-03-26,2024-03-31,22,福岡,一般,５　４６６　５５５,4148,枝尾 賢,2026-01-03,2026-01-08,22,福岡,一般,３２４　３２５　５１２４,2025-10-19,2025-10-24,22,福岡,一般,２２１　４２２３１２[５],2024-09-15,2024-09-20,22,福岡,一般,３５２　２１３１１１[３],2024-07-13,2024-07-18,22,福岡,一般,２２３１２　１５１２[３],2023-06-14,2023-06-19,22,福岡,一般,３３２１１４３１３３２１,4301,関 裕也,2026-07-10,2026-07-15,22,福岡,一般,５　２６５　６３４,2026-05-08,2026-05-13,22,福岡,一般,４３エ　３　５２３　２６,2023-08-11,2023-08-16,22,福岡,一般,３６２６６　１６５　２欠,2023-01-14,2023-01-20,22,福岡,一般,５　６６６５１　６６,2022-04-25,2022-05-01,22,福岡,一般,５１５　１５２２１５４２
202609072212,2026-09-07,22,12R,4932,新開 航,2026-04-29,2026-05-04,22,福岡,一般,４５２１１　３１４１[１],2026-04-11,2026-04-16,22,福岡,ＧⅠ,４　１２５　１　３６６３,2026-02-28,2026-03-05,22,福岡,一般,２３１　１１転欠,2025-10-19,2025-10-24,22,福岡,一般,１１１　４１１　２１[１],2025-08-01,2025-08-06,22,福岡,一般,１２１４１２１　１１[１],4077,品田 直樹,2026-01-14,2026-01-19,22,福岡,一般,２　６３１６４３２　２６,2025-03-03,2025-03-08,22,福岡,一般,６　５６３　３２４３３４,2024-10-26,2024-10-31,22,福岡,ＧⅢ,６５１　５４６４１　３５,2024-10-03,2024-10-08,22,福岡,一般,１　２３３　２５３４２３,2022-08-27,2022-09-01,22,福岡,一般,４　１６４　４６６　５,4535,北山 康介,2026-04-20,2026-04-25,22,福岡,一般,３２１６４　４３３４１３,2025-09-01,2025-09-06,22,福岡,一般,２２３６１　１１５１[２],2025-04-04,2025-04-09,22,福岡,一般,F２４　４,2024-12-08,2024-12-13,22,福岡,ＧⅠ,２　５　２３３　５　１２,2024-09-06,2024-09-11,22,福岡,ＧⅢ,４　１２３４１５２１３５,3915,繁野谷 圭介,2025-03-03,2025-03-08,22,福岡,一般,５４１　２４４欠,2024-10-03,2024-10-08,22,福岡,一般,１３４　３１４　３６１２,2024-03-01,2024-03-05,22,福岡,一般,１５１５２５３４１６,2023-11-22,2023-11-27,22,福岡,一般,５３２　３１３　２３１３,2023-01-14,2023-01-20,22,福岡,一般,１１３１１　３２３１３１[２],4737,竹井 貴史,2026-08-12,2026-08-17,22,福岡,一般,４　５５６４２１２５１,2025-03-13,2025-03-18,22,福岡,一般,２１F　F,2024-12-08,2024-12-13,22,福岡,ＧⅠ,４　１４２　５６３２３６,2024-08-28,2024-09-03,22,福岡,一般,４１１２２　４１[１],2024-07-02,2024-07-07,22,福岡,一般,１４１１５　２１１１[１],4155,長野 壮志郎,2026-05-08,2026-05-13,22,福岡,一般,４２２　６３３２４　５３,2025-07-23,2025-07-28,22,福岡,一般,３　１１２１１４３１[３],2025-05-03,2025-05-08,22,福岡,一般,３６４　３２２４２　２５,2024-07-24,2024-07-29,22,福岡,一般,４１５　２３４欠,2024-01-13,2024-01-18,22,福岡,一般,１１１２１１６１１１[１]
202609072401,2026-09-07,24,01R,4715,村上 遼,2026-08-06,2026-08-10,24,大村,一般,２１２６１１３２[４],2026-03-08,2026-03-13,24,大村,ＧⅠ,３６２　３　１３３　６１,2026-01-03,2026-01-08,24,大村,一般,３３１４４１４　２２[３],2025-12-03,2025-12-06,24,大村,一般,５１２５４２[６],2025-08-05,2025-08-09,24,大村,一般,３５１１４　５３２２,5026,安河内 健,2026-03-28,2026-04-02,24,大村,一般,５６２２４,2025-12-13,2025-12-19,24,大村,一般,５６２１４　１　１２３３１１,2025-04-22,2025-04-25,24,大村,一般,４３２１１４３１,2025-02-10,2025-02-15,24,大村,ＧⅠ,２１２　４　３６３　２１,2024-10-26,2024-10-31,24,大村,一般,２４２　１１３　１１[６],4398,船岡 洋一郎,2024-07-23,2024-07-28,24,大村,ＳＧ,２　５　１５６　３　２３,2023-12-16,2023-12-20,24,大村,一般,１４１　１４２２[４],2022-12-13,2022-12-18,24,大村,ＳＧ,３６６　３　３　１　６,2022-03-16,2022-03-21,24,大村,ＳＧ,１　３F６　５　４　３,2022-01-15,2022-01-20,24,大村,ＧⅠ,４４５　６１３　３４６,5058,前原 大道,2026-06-01,2026-06-04,24,大村,一般,１３　　４１[３],2025-04-14,2025-04-18,24,大村,一般,３　１３３５１　１２,2020-11-09,2020-11-12,24,大村,一般,２　２４１２[３],2020-07-17,2020-07-21,24,大村,一般,転５２　２　４６４,,,,,,,3909,佐々木 康幸,2025-11-25,2025-11-30,24,大村,ＧⅢ,１１１　３２２　５１[５],2019-12-07,2019-12-12,24,大村,ＧⅠ,５　５６１　５３４４５４,2019-03-26,2019-03-31,24,大村,ＧⅠ,２　１転３　６　２５５,2019-01-31,2019-02-05,24,大村,一般,５６４１１　１　１６１２,2018-09-23,2018-09-27,24,大村,一般,２１２２１１３１[４],4960,黒野 元基,2026-07-05,2026-07-09,24,大村,一般,３３２　１１１１[３],2025-12-03,2025-12-06,24,大村,一般,２　２２２１[４],2020-09-07,2020-09-13,24,大村,一般,６１３２３２１４２４１３,2018-03-14,2018-03-17,24,大村,一般,３　５２３　２３,,,,,,
202609072402,2026-09-07,24,02R,5088,高憧 四季,2025-12-26,2025-12-31,24,大村,ＧⅠ,　　　　６　１　６　３,2024-12-13,2024-12-16,24,大村,一般,４１３１３３３２,2023-10-10,2023-10-15,24,大村,一般,３１４　４１２２５２[４],2022-01-03,2022-01-08,24,大村,ＧⅢ,３２５　１４６　５６１４,2021-09-25,2021-09-30,24,大村,一般,５　５５２　５５４　２６,4483,北野 輝季,2021-05-31,2021-06-04,24,大村,一般,１６１５２５２３３６,2020-06-04,2020-06-09,24,大村,ＧⅠ,５　F４６　５６６　５,2019-06-28,2019-07-04,24,大村,一般,１　２５２５１１２　１４３１,2017-01-08,2017-01-12,24,大村,一般,４３１　F１５　１,2015-08-30,2015-09-03,24,大村,一般,５　５２４４４　２２,3822,平尾 崇典,2026-03-28,2026-04-02,24,大村,一般,３５１　２　２１１２[４],2025-10-26,2025-10-31,24,大村,ＧⅢ,１１転　５３１　１３２１,2024-01-11,2024-01-14,24,大村,ＧⅠ,２３４　１　２４,2023-03-26,2023-03-31,24,大村,ＧⅠ,５　２６５　６　６５３,2022-12-13,2022-12-18,24,大村,ＳＧ,３　２　５　４３４１６,4096,石橋 道友,2026-08-06,2026-08-10,24,大村,一般,１１１　１１２１[１],2026-07-05,2026-07-09,24,大村,一般,６２２　３２１３４１,2026-05-07,2026-05-11,24,大村,一般,１３４　２１１２[２],2026-03-18,2026-03-22,24,大村,一般,１２３　１３３１[１],2026-01-03,2026-01-08,24,大村,一般,２　２１４４２１２１[６],4188,久田 敏之,2026-03-08,2026-03-13,24,大村,ＧⅠ,６１３　３２５　２１３,2024-04-07,2024-04-12,24,大村,ＧⅠ,５６,2022-05-18,2022-05-23,24,大村,ＧⅡ,妨,2021-01-26,2021-01-31,24,大村,ＧⅢ,３５２　２１１２５１[１],2020-10-20,2020-10-25,24,大村,ＳＧ,４　５２２　６　６３４,4524,深谷 知博,2024-07-23,2024-07-28,24,大村,ＳＧ,６　１５４　１　５４１,2024-04-07,2024-04-12,24,大村,ＧⅠ,２１４　６　５３２２３,2024-01-11,2024-01-14,24,大村,ＧⅠ,１５３　６　５５,2022-12-13,2022-12-18,24,大村,ＳＧ,　　　　３　１　４　[５],2020-10-20,2020-10-25,24,大村,ＳＧ,１３４　１　１１１　[１]
202609072403,2026-09-07,24,03R,4688,永井 彪也,2026-03-08,2026-03-13,24,大村,ＧⅠ,２５６　６　２６２　５,2025-07-04,2025-07-09,24,大村,一般,４６１１３　３１５２[５],2024-04-07,2024-04-12,24,大村,ＧⅠ,３　２６６　２　４５２６,2023-03-26,2023-03-31,24,大村,ＧⅠ,３　４　４２１１４　１４,2022-03-16,2022-03-21,24,大村,ＳＧ,６４３　３　３６３２５,4482,守屋 美穂,2025-12-26,2025-12-31,24,大村,ＧⅠ,　　　　１　６　６　４,2025-09-27,2025-10-02,24,大村,ＧⅢ,２　３１３　３１３３６１,2025-05-19,2025-05-24,24,大村,一般,３１１　１１５３５１[１],2024-01-11,2024-01-14,24,大村,ＧⅠ,６６３　６　６３,2023-11-11,2023-11-16,24,大村,ＧⅠ,６　２１６　５　１３４３,5224,西岡 顕心,2025-10-20,2025-10-24,24,大村,一般,２２１１２　４１[２],2025-07-15,2025-07-20,24,大村,ＧⅡ,６６５　１４４　２２６,2024-09-22,2024-09-26,24,大村,一般,１４３　２２３１[２],,,,,,,,,,,,,4704,河野 大,2026-06-17,2026-06-22,24,大村,ＧⅡ,２５６　１　３１５　１４,2025-12-03,2025-12-06,24,大村,一般,４４３１３４１４,2025-06-02,2025-06-05,24,大村,一般,３６３１２６１５,2024-11-15,2024-11-18,24,大村,一般,４１３５２３４,2023-12-06,2023-12-09,24,大村,一般,２４３１３４１６,5028,原田 才一郎,2026-07-28,2026-07-31,24,大村,一般,１４１２１１[１],2026-06-01,2026-06-04,24,大村,一般,２２　　３１２１,2026-03-08,2026-03-13,24,大村,ＧⅠ,１　５５２　１　２　[６],2025-02-10,2025-02-15,24,大村,ＧⅠ,２６１　６　３４１３６,2024-06-04,2024-06-09,24,大村,一般,３　３３１　４３１２[５],3415,松井 繁,2024-07-23,2024-07-28,24,大村,ＳＧ,６　５５５　３　２１２,2024-01-11,2024-01-14,24,大村,ＧⅠ,５１１　１　[３],2023-11-11,2023-11-16,24,大村,ＧⅠ,３　５３１　１　５　４１,2023-03-26,2023-03-31,24,大村,ＧⅠ,３　５　２１２　３　３６,2022-12-13,2022-12-18,24,大村,ＳＧ,５１２　４　２　３　２５
202609072404,2026-09-07,24,04R,5191,飛田 江己,2026-04-18,2026-04-23,24,大村,一般,１４１１１　１１１１[１],2026-03-08,2026-03-13,24,大村,ＧⅠ,２　１６５　５　２３２,2025-01-27,2025-02-01,24,大村,ＧⅡ,３　３　１６５　４４５５,2024-10-26,2024-10-31,24,大村,一般,３１５３１　２１１２[１],2022-11-25,2022-11-30,24,大村,一般,４　３３３　２３１　１４,4908,上田 龍星,2026-06-17,2026-06-22,24,大村,ＧⅡ,５２１　４　１５４　１３,2024-04-07,2024-04-12,24,大村,ＧⅠ,１　１１２　５　１　[２],2023-11-19,2023-11-25,24,大村,一般,１１２１１１１　２１６１[１],2019-11-27,2019-12-02,24,大村,一般,１６４２２１２５１１[５],2018-05-06,2018-05-09,24,大村,一般,３５５６３　２３,4776,竹田 和哉,2025-11-19,2025-11-22,24,大村,一般,４６５１,2025-07-04,2025-07-09,24,大村,一般,３　１５２１１３３３３１,2025-03-27,2025-04-01,24,大村,一般,１　４１２３２５３４１２,2024-04-27,2024-04-30,24,大村,一般,２１２３１５１３,2022-11-18,2022-11-21,24,大村,一般,３４４１２６１３,3590,濱野谷 憲吾,2026-06-17,2026-06-22,24,大村,ＧⅡ,１　６　３１１　１　[４],2026-03-08,2026-03-13,24,大村,ＧⅠ,６　６１６,2024-04-07,2024-04-12,24,大村,ＧⅠ,２　２２５１５　４　１６,2024-01-11,2024-01-14,24,大村,ＧⅠ,１２４　３１２１,2022-12-13,2022-12-18,24,大村,ＳＧ,１４３　１　３　２　[５],4494,河合 佑樹,2024-07-23,2024-07-28,24,大村,ＳＧ,３　２　６１４　３６５,2022-12-13,2022-12-18,24,大村,ＳＧ,６５４　５　４　６　２,2022-05-18,2022-05-23,24,大村,ＧⅡ,１４５　３３１　６　１５,2020-07-28,2020-08-02,24,大村,ＧⅡ,２５４　３　１３４　１５,2018-03-09,2018-03-12,24,大村,一般,３１１５１５１３,4544,松田 大志郎,2025-08-20,2025-08-25,24,大村,一般,２１５　１１１　２１[４],2025-02-10,2025-02-15,24,大村,ＧⅠ,２４１　３３４　３　[５],2023-10-03,2023-10-08,24,大村,一般,２１３　３１１３２１[１],2023-02-06,2023-02-09,24,大村,一般,２１２２３１[２],2022-11-07,2022-11-11,24,大村,一般,２４２１４１１５３１
202609072405,2026-09-07,24,05R,4961,西橋 奈未,2026-06-17,2026-06-22,24,大村,ＧⅡ,５　５６F　３　６　３,2025-12-26,2025-12-31,24,大村,ＧⅠ,　　　　６　５　４　２,2025-07-15,2025-07-20,24,大村,ＧⅡ,５　４１４６５　４４５,2025-01-19,2025-01-24,24,大村,一般,２１４　２１４２１２[６],2023-04-24,2023-04-30,24,大村,一般,１５３　４不４３４　４１３１,3952,中澤 和志,2026-04-07,2026-04-13,24,大村,一般,４３２　４３３　１４５６１５,2025-06-07,2025-06-10,24,大村,一般,１３１２３３３１,2024-06-26,2024-07-01,24,大村,ＧⅢ,１２１３４１１　４２[２],2024-04-07,2024-04-12,24,大村,ＧⅠ,４５１　５３４　５４２,2023-03-26,2023-03-31,24,大村,ＧⅠ,２　６　２３２　６　４６,5016,宮田 龍馬,2026-04-18,2026-04-23,24,大村,一般,１３３　３１３　１２[５],2026-01-15,2026-01-20,24,大村,一般,１　４１１２１１４１[２],2025-09-14,2025-09-17,24,大村,一般,５　４１２６２４,2020-09-07,2020-09-13,24,大村,一般,２４５　３４１　２６１６,,,,,,,4571,菅 章哉,2026-04-26,2026-05-01,24,大村,一般,１６１１３４１　５F５,2025-06-22,2025-06-25,24,大村,一般,１５２１２１[４],2024-12-13,2024-12-16,24,大村,一般,１５６１２２[３],2022-11-18,2022-11-21,24,大村,一般,１１５　２１[３],2022-03-16,2022-03-21,24,大村,ＳＧ,５　６　６４６　４１５,4497,桑原 悠,2026-08-06,2026-08-10,24,大村,一般,１１２１４　４１[２],2026-06-26,2026-07-02,24,大村,一般,２１１５１　１１２１５２[６],2026-05-07,2026-05-11,24,大村,一般,２４１１１　２１[１],2026-03-08,2026-03-13,24,大村,ＧⅠ,３　３２１　５　４　１６,2025-11-25,2025-11-30,24,大村,ＧⅢ,３１３　１４２４１６４２,4335,若林 将,2025-02-19,2025-02-25,24,大村,一般,２６３　１１２　１２１２[２],2024-11-15,2024-11-18,24,大村,一般,４５１１１３転２,2024-03-17,2024-03-23,24,大村,一般,１　３２２３３１１１３２[１],2023-11-11,2023-11-16,24,大村,ＧⅠ,６　４　４５４　１４４,2023-08-28,2023-09-02,24,大村,ＧⅢ,６２２　４２４１６３４２
202609072406,2026-09-07,24,06R,5058,前原 大道,2026-06-01,2026-06-04,24,大村,一般,１３　　４１[３],2025-04-14,2025-04-18,24,大村,一般,３　１３３５１　１２,2020-11-09,2020-11-12,24,大村,一般,２　２４１２[３],2020-07-17,2020-07-21,24,大村,一般,転５２　２　４６４,,,,,,,4504,前田 将太,2026-03-08,2026-03-13,24,大村,ＧⅠ,３３２　５　４５３　２２,2025-11-25,2025-11-30,24,大村,ＧⅢ,２転３１２　４４１５４５,2024-04-07,2024-04-12,24,大村,ＧⅠ,２　６　２１２　５　２６,2024-01-11,2024-01-14,24,大村,ＧⅠ,２４４　２２４,2023-04-12,2023-04-17,24,大村,ＧⅡ,１　１　４２３３２　[４],4907,小池 修平,2026-03-08,2026-03-13,24,大村,ＧⅠ,３４２　５　２転５,2024-07-23,2024-07-28,24,大村,ＳＧ,F６５　５　１６３　３,2024-01-11,2024-01-14,24,大村,ＧⅠ,５　４２３　１１,2023-11-11,2023-11-16,24,大村,ＧⅠ,２　２６２　３　３　１２,2023-07-01,2023-07-06,24,大村,一般,１３２　５１１２１４２４,3983,須藤 博倫,2025-10-26,2025-10-31,24,大村,ＧⅢ,５３４１５２４　３４１,2024-09-29,2024-10-04,24,大村,一般,２１２１４　１　２１[１],2023-03-26,2023-03-31,24,大村,ＧⅠ,２　４５５　３４３　４,2022-01-15,2022-01-20,24,大村,ＧⅠ,６５１　３３６　１３３,2020-01-25,2020-01-30,24,大村,一般,４３２１　　４１２１[１],4084,杉山 正樹,2026-01-22,2026-01-28,24,大村,一般,２４５　３１２　１４４１[２],2025-10-26,2025-10-31,24,大村,ＧⅢ,３２２　３５１１６２[５],2025-02-28,2025-03-03,24,大村,一般,４４２１１２[２],2024-05-14,2024-05-19,24,大村,一般,１３６２３１１　２２[４],2024-03-08,2024-03-11,24,大村,一般,４３３１４３１１,4262,馬場 貴也,2026-03-08,2026-03-13,24,大村,ＧⅠ,２　２５５　１　３　５１,2024-07-23,2024-07-28,24,大村,ＳＧ,６２３　４５５　１　２５,2024-04-07,2024-04-12,24,大村,ＧⅠ,３　４１４　５１３　１２,2024-01-11,2024-01-14,24,大村,ＧⅠ,１　６３２　[５],2023-03-26,2023-03-31,24,大村,ＧⅠ,４３１　３３４　６１６
202609072407,2026-09-07,24,07R,4188,久田 敏之,2026-03-08,2026-03-13,24,大村,ＧⅠ,６１３　３２５　２１３,2024-04-07,2024-04-12,24,大村,ＧⅠ,５６,2022-05-18,2022-05-23,24,大村,ＧⅡ,妨,2021-01-26,2021-01-31,24,大村,ＧⅢ,３５２　２１１２５１[１],2020-10-20,2020-10-25,24,大村,ＳＧ,４　５２２　６　６３４,4910,中村 泰平,2026-03-08,2026-03-13,24,大村,ＧⅠ,６　１６５　５　３６５,2023-03-26,2023-03-31,24,大村,ＧⅠ,２５４　５　５６５　１,2021-11-08,2021-11-13,24,大村,一般,１４１１１３２１２５２１,2019-11-27,2019-12-02,24,大村,一般,１　５３３２５６２１４,2018-09-23,2018-09-27,24,大村,一般,４　１５３５２６１５,4503,上野 真之介,2026-03-28,2026-04-02,24,大村,一般,１１１　３１３　２１[２],2025-04-22,2025-04-25,24,大村,一般,２４１１２２[３],2023-10-28,2023-11-02,24,大村,一般,１１３　１１３１３１[６],2023-04-12,2023-04-17,24,大村,ＧⅡ,６１３　２６３１５　４２,2023-03-26,2023-03-31,24,大村,ＧⅠ,３　転３６　４　４３２,5051,松本 純平,2024-10-26,2024-10-31,24,大村,一般,５５転２２　２４転１３,2023-10-19,2023-10-22,24,大村,一般,２３２５１３５１,2023-02-06,2023-02-09,24,大村,一般,３５１　３３５１,,,,,,,,,,,,,4715,村上 遼,2026-08-06,2026-08-10,24,大村,一般,２１２６１１３２[４],2026-03-08,2026-03-13,24,大村,ＧⅠ,３６２　３　１３３　６１,2026-01-03,2026-01-08,24,大村,一般,３３１４４１４　２２[３],2025-12-03,2025-12-06,24,大村,一般,５１２５４２[６],2025-08-05,2025-08-09,24,大村,一般,３５１１４　５３２２,3716,石渡 鉄兵,2026-03-08,2026-03-13,24,大村,ＧⅠ,４　４３６　３２１　２２,2025-01-27,2025-02-01,24,大村,ＧⅡ,５　２２２　５　５１１２,2024-01-11,2024-01-14,24,大村,ＧⅠ,５１５　４５６,2023-03-26,2023-03-31,24,大村,ＧⅠ,５　５３４　５　５５３,2022-05-18,2022-05-23,24,大村,ＧⅡ,４　１２４　３５５　１１
202609072408,2026-09-07,24,08R,3822,平尾 崇典,2026-03-28,2026-04-02,24,大村,一般,３５１　２　２１１２[４],2025-10-26,2025-10-31,24,大村,ＧⅢ,１１転　５３１　１３２１,2024-01-11,2024-01-14,24,大村,ＧⅠ,２３４　１　２４,2023-03-26,2023-03-31,24,大村,ＧⅠ,５　２６５　６　６５３,2022-12-13,2022-12-18,24,大村,ＳＧ,３　２　５　４３４１６,3415,松井 繁,2024-07-23,2024-07-28,24,大村,ＳＧ,６　５５５　３　２１２,2024-01-11,2024-01-14,24,大村,ＧⅠ,５１１　１　[３],2023-11-11,2023-11-16,24,大村,ＧⅠ,３　５３１　１　５　４１,2023-03-26,2023-03-31,24,大村,ＧⅠ,３　５　２１２　３　３６,2022-12-13,2022-12-18,24,大村,ＳＧ,５１２　４　２　３　２５,4174,赤坂 俊輔,2026-08-20,2026-08-23,24,大村,一般,４２１５２５２５,2026-07-28,2026-07-31,24,大村,一般,２２１２４１[４],2026-06-06,2026-06-10,24,大村,一般,５３４　３１１１[３],2026-04-26,2026-05-01,24,大村,一般,１５２　３５２１１３３２,2026-03-08,2026-03-13,24,大村,ＧⅠ,２５４　５６６　４　５,4960,黒野 元基,2026-07-05,2026-07-09,24,大村,一般,３３２　１１１１[３],2025-12-03,2025-12-06,24,大村,一般,２　２２２１[４],2020-09-07,2020-09-13,24,大村,一般,６１３２３２１４２４１３,2018-03-14,2018-03-17,24,大村,一般,３　５２３　２３,,,,,,,4543,重木 輝彦,2025-10-14,2025-10-18,24,大村,一般,５４１　４３４６３５,2025-06-07,2025-06-10,24,大村,一般,４６２１２３５２,2024-09-14,2024-09-19,24,大村,一般,５　３１４　３２５２[５],2021-10-27,2021-11-02,24,大村,一般,３　２４１１１１１１２転２５,2021-03-08,2021-03-12,24,大村,一般,３５３　４６３　１１,4075,中野 次郎,2026-02-19,2026-02-23,24,大村,一般,３３２２６　１６２４,2025-07-15,2025-07-20,24,大村,ＧⅡ,１２２　３５４　５　１５,2025-06-02,2025-06-05,24,大村,一般,１４６２３２[３],2025-01-27,2025-02-01,24,大村,ＧⅡ,１５４　２４１　３　３１,2024-09-14,2024-09-19,24,大村,一般,３５３３１　４１６６１３
202609072409,2026-09-07,24,09R,3590,濱野谷 憲吾,2026-06-17,2026-06-22,24,大村,ＧⅡ,１　６　３１１　１　[４],2026-03-08,2026-03-13,24,大村,ＧⅠ,６　６１６,2024-04-07,2024-04-12,24,大村,ＧⅠ,２　２２５１５　４　１６,2024-01-11,2024-01-14,24,大村,ＧⅠ,１２４　３１２１,2022-12-13,2022-12-18,24,大村,ＳＧ,１４３　１　３　２　[５],3909,佐々木 康幸,2025-11-25,2025-11-30,24,大村,ＧⅢ,１１１　３２２　５１[５],2019-12-07,2019-12-12,24,大村,ＧⅠ,５　５６１　５３４４５４,2019-03-26,2019-03-31,24,大村,ＧⅠ,２　１転３　６　２５５,2019-01-31,2019-02-05,24,大村,一般,５６４１１　１　１６１２,2018-09-23,2018-09-27,24,大村,一般,２１２２１１３１[４],5028,原田 才一郎,2026-07-28,2026-07-31,24,大村,一般,１４１２１１[１],2026-06-01,2026-06-04,24,大村,一般,２２　　３１２１,2026-03-08,2026-03-13,24,大村,ＧⅠ,１　５５２　１　２　[６],2025-02-10,2025-02-15,24,大村,ＧⅠ,２６１　６　３４１３６,2024-06-04,2024-06-09,24,大村,一般,３　３３１　４３１２[５],3719,辻 栄蔵,2026-03-08,2026-03-13,24,大村,ＧⅠ,３３４　３３３　４１５,2025-01-27,2025-02-01,24,大村,ＧⅡ,２　４　２１４　２　[２],2023-03-26,2023-03-31,24,大村,ＧⅠ,４　３１１４３　２　[５],2022-03-16,2022-03-21,24,大村,ＳＧ,４　２３４４６　３２３,2022-01-15,2022-01-20,24,大村,ＧⅠ,４　６３３１２　３　４１,4352,下條 雄太郎,2026-08-06,2026-08-10,24,大村,一般,２　４１２２１１[３],2026-06-17,2026-06-22,24,大村,ＧⅡ,５　４　６１１２４２５,2026-03-08,2026-03-13,24,大村,ＧⅠ,４　２４５　１　２２２６,2026-01-03,2026-01-08,24,大村,一般,４１１２１　１１３１[１],2025-11-25,2025-11-30,24,大村,ＧⅢ,１４１１３　１１４１[１],4483,北野 輝季,2021-05-31,2021-06-04,24,大村,一般,１６１５２５２３３６,2020-06-04,2020-06-09,24,大村,ＧⅠ,５　F４６　５６６　５,2019-06-28,2019-07-04,24,大村,一般,１　２５２５１１２　１４３１,2017-01-08,2017-01-12,24,大村,一般,４３１　F１５　１,2015-08-30,2015-09-03,24,大村,一般,５　５２４４４　２２
202609072410,2026-09-07,24,10R,3783,瓜生 正義,2026-03-08,2026-03-13,24,大村,ＧⅠ,３　４５５　５　１４４,2025-02-10,2025-02-15,24,大村,ＧⅠ,４４１　３　４２６　１２,2025-01-27,2025-02-01,24,大村,ＧⅡ,３　２　６２２　５　１５,2024-07-23,2024-07-28,24,大村,ＳＧ,３１４　１　１５４　６６,2024-04-07,2024-04-12,24,大村,ＧⅠ,５　２　６１３１３５３５,4497,桑原 悠,2026-08-06,2026-08-10,24,大村,一般,１１２１４　４１[２],2026-06-26,2026-07-02,24,大村,一般,２１１５１　１１２１５２[６],2026-05-07,2026-05-11,24,大村,一般,２４１１１　２１[１],2026-03-08,2026-03-13,24,大村,ＧⅠ,３　３２１　５　４　１６,2025-11-25,2025-11-30,24,大村,ＧⅢ,３１３　１４２４１６４２,5088,高憧 四季,2025-12-26,2025-12-31,24,大村,ＧⅠ,　　　　６　１　６　３,2024-12-13,2024-12-16,24,大村,一般,４１３１３３３２,2023-10-10,2023-10-15,24,大村,一般,３１４　４１２２５２[４],2022-01-03,2022-01-08,24,大村,ＧⅢ,３２５　１４６　５６１４,2021-09-25,2021-09-30,24,大村,一般,５　５５２　５５４　２６,5026,安河内 健,2026-03-28,2026-04-02,24,大村,一般,５６２２４,2025-12-13,2025-12-19,24,大村,一般,５６２１４　１　１２３３１１,2025-04-22,2025-04-25,24,大村,一般,４３２１１４３１,2025-02-10,2025-02-15,24,大村,ＧⅠ,２１２　４　３６３　２１,2024-10-26,2024-10-31,24,大村,一般,２４２　１１３　１１[６],5191,飛田 江己,2026-04-18,2026-04-23,24,大村,一般,１４１１１　１１１１[１],2026-03-08,2026-03-13,24,大村,ＧⅠ,２　１６５　５　２３２,2025-01-27,2025-02-01,24,大村,ＧⅡ,３　３　１６５　４４５５,2024-10-26,2024-10-31,24,大村,一般,３１５３１　２１１２[１],2022-11-25,2022-11-30,24,大村,一般,４　３３３　２３１　１４,4704,河野 大,2026-06-17,2026-06-22,24,大村,ＧⅡ,２５６　１　３１５　１４,2025-12-03,2025-12-06,24,大村,一般,４４３１３４１４,2025-06-02,2025-06-05,24,大村,一般,３６３１２６１５,2024-11-15,2024-11-18,24,大村,一般,４１３５２３４,2023-12-06,2023-12-09,24,大村,一般,２４３１３４１６
202609072411,2026-09-07,24,11R,3983,須藤 博倫,2025-10-26,2025-10-31,24,大村,ＧⅢ,５３４１５２４　３４１,2024-09-29,2024-10-04,24,大村,一般,２１２１４　１　２１[１],2023-03-26,2023-03-31,24,大村,ＧⅠ,２　４５５　３４３　４,2022-01-15,2022-01-20,24,大村,ＧⅠ,６５１　３３６　１３３,2020-01-25,2020-01-30,24,大村,一般,４３２１　　４１２１[１],4544,松田 大志郎,2025-08-20,2025-08-25,24,大村,一般,２１５　１１１　２１[４],2025-02-10,2025-02-15,24,大村,ＧⅠ,２４１　３３４　３　[５],2023-10-03,2023-10-08,24,大村,一般,２１３　３１１３２１[１],2023-02-06,2023-02-09,24,大村,一般,２１２２３１[２],2022-11-07,2022-11-11,24,大村,一般,２４２１４１１５３１,4320,峰 竜太,2026-03-08,2026-03-13,24,大村,ＧⅠ,３　３　２１１４１　[５],2025-08-28,2025-09-03,24,大村,一般,１　１４２２１１１１２１[２],2025-02-10,2025-02-15,24,大村,ＧⅠ,３２５　１１３　２　[３],2024-07-23,2024-07-28,24,大村,ＳＧ,１　１５４　３２３　４１,2024-01-11,2024-01-14,24,大村,ＧⅠ,２２４　１１４４,4524,深谷 知博,2024-07-23,2024-07-28,24,大村,ＳＧ,６　１５４　１　５４１,2024-04-07,2024-04-12,24,大村,ＧⅠ,２１４　６　５３２２３,2024-01-11,2024-01-14,24,大村,ＧⅠ,１５３　６　５５,2022-12-13,2022-12-18,24,大村,ＳＧ,　　　　３　１　４　[５],2020-10-20,2020-10-25,24,大村,ＳＧ,１３４　１　１１１　[１],4688,永井 彪也,2026-03-08,2026-03-13,24,大村,ＧⅠ,２５６　６　２６２　５,2025-07-04,2025-07-09,24,大村,一般,４６１１３　３１５２[５],2024-04-07,2024-04-12,24,大村,ＧⅠ,３　２６６　２　４５２６,2023-03-26,2023-03-31,24,大村,ＧⅠ,３　４　４２１１４　１４,2022-03-16,2022-03-21,24,大村,ＳＧ,６４３　３　３６３２５,4398,船岡 洋一郎,2024-07-23,2024-07-28,24,大村,ＳＧ,２　５　１５６　３　２３,2023-12-16,2023-12-20,24,大村,一般,１４１　１４２２[４],2022-12-13,2022-12-18,24,大村,ＳＧ,３６６　３　３　１　６,2022-03-16,2022-03-21,24,大村,ＳＧ,１　３F６　５　４　３,2022-01-15,2022-01-20,24,大村,ＧⅠ,４４５　６１３　３４６
202609072412,2026-09-07,24,12R,4238,毒島 誠,2024-07-23,2024-07-28,24,大村,ＳＧ,４　３　６１１　３　２４,2024-04-07,2024-04-12,24,大村,ＧⅠ,２２６　転　５３６１２,2024-01-11,2024-01-14,24,大村,ＧⅠ,５　４１２　５３,2023-11-11,2023-11-16,24,大村,ＧⅠ,２　４２４　１２４　５３,2023-03-26,2023-03-31,24,大村,ＧⅠ,３　３１２１２　１　[１],4371,西山 貴浩,2025-02-10,2025-02-15,24,大村,ＧⅠ,５　４　２１４６５　１２,2024-07-23,2024-07-28,24,大村,ＳＧ,２３２　６４１　５　１２,2024-04-07,2024-04-12,24,大村,ＧⅠ,４　４　３２１　３　２１,2024-01-11,2024-01-14,24,大村,ＧⅠ,３　１６２５４,2023-01-04,2023-01-07,24,大村,一般,１１２２２１[１],3779,原田 幸哉,2026-05-07,2026-05-11,24,大村,一般,３１１　F２３　２,2026-03-08,2026-03-13,24,大村,ＧⅠ,１　１６２　１５転　１５,2025-08-05,2025-08-09,24,大村,一般,４１１　１１６１[１],2025-07-15,2025-07-20,24,大村,ＧⅡ,１　１２３　２５２　[５],2025-05-10,2025-05-14,24,大村,一般,３５３１１　２１[３],4686,丸野 一樹,2026-03-08,2026-03-13,24,大村,ＧⅠ,１　５　４２３　５　１４,2024-07-23,2024-07-28,24,大村,ＳＧ,６１３　６　３４３　４２,2024-04-07,2024-04-12,24,大村,ＧⅠ,５４１　５５６　６２４,2022-12-13,2022-12-18,24,大村,ＳＧ,３　１　F　４　６　６,2022-03-16,2022-03-21,24,大村,ＳＧ,３５１　３２２　４　１６,4500,山田 康二,2025-05-10,2025-05-14,24,大村,一般,１１２　１１２１[２],2024-08-19,2024-08-25,24,大村,一般,２エ５１１　５　２１１２[４],2024-04-07,2024-04-12,24,大村,ＧⅠ,５　３５３　２４４２５,2024-01-11,2024-01-14,24,大村,ＧⅠ,３　１５１６３２,2023-11-11,2023-11-16,24,大村,ＧⅠ,６　３５６　１　５３３,4719,上條 暢嵩,2026-03-08,2026-03-13,24,大村,ＧⅠ,４　１１３　３２１　[１],2024-07-23,2024-07-28,24,大村,ＳＧ,５１４　２６１　２３４,2024-04-07,2024-04-12,24,大村,ＧⅠ,１　３１５　６　１６５６,2024-01-11,2024-01-14,24,大村,ＧⅠ,２３４　１４３５,2023-07-27,2023-07-31,24,大村,一般,１５３　３２１３３３
