レースコード,レース日,レース場コード,レース回,艇1_登録番号,艇1_選手名,艇1_前1節_開始日,艇1_前1節_終了日,艇1_前1節_場コード,艇1_前1節_場名,艇1_前1節_グレード,艇1_前1節_着順列,艇1_前2節_開始日,艇1_前2節_終了日,艇1_前2節_場コード,艇1_前2節_場名,艇1_前2節_グレード,艇1_前2節_着順列,艇1_前3節_開始日,艇1_前3節_終了日,艇1_前3節_場コード,艇1_前3節_場名,艇1_前3節_グレード,艇1_前3節_着順列,艇1_前4節_開始日,艇1_前4節_終了日,艇1_前4節_場コード,艇1_前4節_場名,艇1_前4節_グレード,艇1_前4節_着順列,艇1_前5節_開始日,艇1_前5節_終了日,艇1_前5節_場コード,艇1_前5節_場名,艇1_前5節_グレード,艇1_前5節_着順列,艇2_登録番号,艇2_選手名,艇2_前1節_開始日,艇2_前1節_終了日,艇2_前1節_場コード,艇2_前1節_場名,艇2_前1節_グレード,艇2_前1節_着順列,艇2_前2節_開始日,艇2_前2節_終了日,艇2_前2節_場コード,艇2_前2節_場名,艇2_前2節_グレード,艇2_前2節_着順列,艇2_前3節_開始日,艇2_前3節_終了日,艇2_前3節_場コード,艇2_前3節_場名,艇2_前3節_グレード,艇2_前3節_着順列,艇2_前4節_開始日,艇2_前4節_終了日,艇2_前4節_場コード,艇2_前4節_場名,艇2_前4節_グレード,艇2_前4節_着順列,艇2_前5節_開始日,艇2_前5節_終了日,艇2_前5節_場コード,艇2_前5節_場名,艇2_前5節_グレード,艇2_前5節_着順列,艇3_登録番号,艇3_選手名,艇3_前1節_開始日,艇3_前1節_終了日,艇3_前1節_場コード,艇3_前1節_場名,艇3_前1節_グレード,艇3_前1節_着順列,艇3_前2節_開始日,艇3_前2節_終了日,艇3_前2節_場コード,艇3_前2節_場名,艇3_前2節_グレード,艇3_前2節_着順列,艇3_前3節_開始日,艇3_前3節_終了日,艇3_前3節_場コード,艇3_前3節_場名,艇3_前3節_グレード,艇3_前3節_着順列,艇3_前4節_開始日,艇3_前4節_終了日,艇3_前4節_場コード,艇3_前4節_場名,艇3_前4節_グレード,艇3_前4節_着順列,艇3_前5節_開始日,艇3_前5節_終了日,艇3_前5節_場コード,艇3_前5節_場名,艇3_前5節_グレード,艇3_前5節_着順列,艇4_登録番号,艇4_選手名,艇4_前1節_開始日,艇4_前1節_終了日,艇4_前1節_場コード,艇4_前1節_場名,艇4_前1節_グレード,艇4_前1節_着順列,艇4_前2節_開始日,艇4_前2節_終了日,艇4_前2節_場コード,艇4_前2節_場名,艇4_前2節_グレード,艇4_前2節_着順列,艇4_前3節_開始日,艇4_前3節_終了日,艇4_前3節_場コード,艇4_前3節_場名,艇4_前3節_グレード,艇4_前3節_着順列,艇4_前4節_開始日,艇4_前4節_終了日,艇4_前4節_場コード,艇4_前4節_場名,艇4_前4節_グレード,艇4_前4節_着順列,艇4_前5節_開始日,艇4_前5節_終了日,艇4_前5節_場コード,艇4_前5節_場名,艇4_前5節_グレード,艇4_前5節_着順列,艇5_登録番号,艇5_選手名,艇5_前1節_開始日,艇5_前1節_終了日,艇5_前1節_場コード,艇5_前1節_場名,艇5_前1節_グレード,艇5_前1節_着順列,艇5_前2節_開始日,艇5_前2節_終了日,艇5_前2節_場コード,艇5_前2節_場名,艇5_前2節_グレード,艇5_前2節_着順列,艇5_前3節_開始日,艇5_前3節_終了日,艇5_前3節_場コード,艇5_前3節_場名,艇5_前3節_グレード,艇5_前3節_着順列,艇5_前4節_開始日,艇5_前4節_終了日,艇5_前4節_場コード,艇5_前4節_場名,艇5_前4節_グレード,艇5_前4節_着順列,艇5_前5節_開始日,艇5_前5節_終了日,艇5_前5節_場コード,艇5_前5節_場名,艇5_前5節_グレード,艇5_前5節_着順列,艇6_登録番号,艇6_選手名,艇6_前1節_開始日,艇6_前1節_終了日,艇6_前1節_場コード,艇6_前1節_場名,艇6_前1節_グレード,艇6_前1節_着順列,艇6_前2節_開始日,艇6_前2節_終了日,艇6_前2節_場コード,艇6_前2節_場名,艇6_前2節_グレード,艇6_前2節_着順列,艇6_前3節_開始日,艇6_前3節_終了日,艇6_前3節_場コード,艇6_前3節_場名,艇6_前3節_グレード,艇6_前3節_着順列,艇6_前4節_開始日,艇6_前4節_終了日,艇6_前4節_場コード,艇6_前4節_場名,艇6_前4節_グレード,艇6_前4節_着順列,艇6_前5節_開始日,艇6_前5節_終了日,艇6_前5節_場コード,艇6_前5節_場名,艇6_前5節_グレード,艇6_前5節_着順列
202609110201,2026-09-11,02,01R,3075,中村 裕将,2026-08-12,2026-08-17,02,戸田,一般,２　２転４　２３３５２５,2026-04-05,2026-04-10,02,戸田,一般,１１３　２６２５１５１４,2026-01-03,2026-01-08,02,戸田,一般,２　６６４　５　６２１,2025-08-14,2025-08-19,02,戸田,一般,４４３　３６５　４　１３,2025-07-05,2025-07-08,02,戸田,一般,２１２　４６３４,4674,池田 剛規,2025-06-13,2025-06-16,02,戸田,一般,１６１４４　１２,2024-11-01,2024-11-04,02,戸田,一般,６　５４２３５３,2024-06-20,2024-06-23,02,戸田,一般,４３２　３５２３,2024-01-31,2024-02-04,02,戸田,一般,３６３　１転３　１５,2023-10-20,2023-10-23,02,戸田,一般,３　２３３５１４,4572,渡部 悟,2025-12-19,2025-12-24,02,戸田,一般,２２５　６４６　６　２３,2025-04-19,2025-04-24,02,戸田,一般,１　５４４　４２４　６６,2024-12-07,2024-12-10,02,戸田,一般,５２５　１１５１,2023-08-05,2023-08-08,02,戸田,一般,３　６１１６１３,2022-10-25,2022-10-30,02,戸田,一般,４　５６５　６２１　２５,3834,細川 明人,2026-05-28,2026-05-31,02,戸田,一般,２４２　６６６１,2024-07-07,2024-07-11,02,戸田,一般,５　１６５　３２５３,2019-06-27,2019-07-01,02,戸田,一般,６　４３１４３３５４,2017-12-08,2017-12-11,02,戸田,一般,２４１４４　６６,2017-06-16,2017-06-19,02,戸田,一般,５１２　３４１５,4555,富永 大一,2026-02-06,2026-02-11,02,戸田,一般,２３５　４３６　６１５３,2025-03-07,2025-03-10,02,戸田,一般,５５２　５６３,2024-07-14,2024-07-17,02,戸田,一般,６　３６２　２２,2024-03-01,2024-03-04,02,戸田,一般,３３４　６４１１,2023-03-02,2023-03-05,02,戸田,一般,１２５６４　２５,4631,新井 英孝,2025-08-28,2025-08-31,02,戸田,一般,６　２２１６２１,2024-11-01,2024-11-04,02,戸田,一般,１２２　３５６５,2024-01-11,2024-01-14,02,戸田,一般,６　２６６２６,2022-12-09,2022-12-12,02,戸田,一般,１６６５３　４５,2021-02-19,2021-02-23,02,戸田,一般,５　２５２４１　３６
202609110202,2026-09-11,02,02R,3692,竹腰 正樹,2026-02-06,2026-02-11,02,戸田,一般,２６２　６３４　３１４１,2025-09-18,2025-09-21,02,戸田,一般,３,2025-06-13,2025-06-16,02,戸田,一般,６　１１５６３２,2024-11-15,2024-11-18,02,戸田,一般,３６３　６６３,2023-02-02,2023-02-05,02,戸田,一般,３　１３１５[５],5038,金田 智博,2025-11-22,2025-11-25,02,戸田,一般,１２３　３３[５],2024-10-08,2024-10-13,02,戸田,一般,４２１　４５４　１３５１,2023-03-12,2023-03-15,02,戸田,一般,３　１５４３３５,2022-01-11,2022-01-16,02,戸田,一般,６　２１１　５１３転４１,2021-06-12,2021-06-17,02,戸田,ＧⅢ,３　６６２　３　４１４,4325,新出 浩司,2025-12-27,2025-12-31,02,戸田,一般,３　１６５４５５３,2025-09-18,2025-09-21,02,戸田,一般,３３２５３　５５,2023-09-29,2023-10-02,02,戸田,一般,４　１３３６２６,2023-08-29,2023-09-03,02,戸田,一般,４５１　３５２　１６１２,2022-09-01,2022-09-04,02,戸田,一般,５　６５,4887,富澤 祐作,2025-12-19,2025-12-24,02,戸田,一般,５４１２１　１６２６１６,2025-07-12,2025-07-15,02,戸田,一般,６　４３６４３４,2025-02-03,2025-02-06,02,戸田,一般,５　１１２５１６,2024-12-01,2024-12-04,02,戸田,一般,５　３４６１１６,2024-07-14,2024-07-17,02,戸田,一般,５　２２４２１３,4706,三浦 洋次朗,2026-03-28,2026-04-02,02,戸田,一般,３１６　３１３３１２[６],2025-12-13,2025-12-16,02,戸田,一般,５６４６５　４４,2025-08-22,2025-08-25,02,戸田,一般,５　１５３５１３,2025-05-09,2025-05-12,02,戸田,一般,６　３５１５２２,2024-04-07,2024-04-12,02,戸田,一般,６　２３１　２１４６１１,4649,和田 操拓,2023-03-29,2023-04-03,02,戸田,一般,４　F１５　６　６　３,2022-02-05,2022-02-08,02,戸田,一般,F５４　６　６,2020-02-23,2020-02-26,02,戸田,一般,１３５２６　３１,2018-09-14,2018-09-18,02,戸田,一般,４１６５４　１２３５,2017-12-16,2017-12-20,02,戸田,一般,６２４　１６５　３２
202609110203,2026-09-11,02,03R,3814,金子 貴志,2026-03-19,2026-03-24,02,戸田,一般,４　３５３６５　６　４２,2024-07-14,2024-07-17,02,戸田,一般,３　２４３２５３,2024-04-07,2024-04-12,02,戸田,一般,６　２５６　３５４　３５,2023-04-21,2023-04-26,02,戸田,一般,５　２３４　４５２　２４,2022-06-02,2022-06-06,02,戸田,一般,２６２１６　１５５３,4708,半田 尚也,2025-06-07,2025-06-10,02,戸田,一般,２４４　２５４３,2024-12-13,2024-12-16,02,戸田,一般,５　５４５　３３,2019-07-10,2019-07-15,02,戸田,一般,６　４　２３４　１４３４,2018-09-28,2018-10-03,02,戸田,一般,４５５　３　３６２６６,2017-06-16,2017-06-19,02,戸田,一般,６　４５１５２５,5220,青木 蓮,2026-08-12,2026-08-17,02,戸田,一般,３１５　１１３　３　３１,2026-05-01,2026-05-06,02,戸田,一般,３　３２１　２３６　３３,2026-03-28,2026-04-02,02,戸田,一般,１１２　５３３４２５１１,2026-03-07,2026-03-12,02,戸田,一般,１３１　１１３１１１[６],2026-01-03,2026-01-08,02,戸田,一般,４３１２２１４　４　１３,5008,羽野 諒,2025-12-13,2025-12-16,02,戸田,一般,５４２　５３２,2025-03-30,2025-04-04,02,戸田,一般,３　６６４　１４５５２,2024-12-07,2024-12-10,02,戸田,一般,１　５５５５２４,2024-06-26,2024-07-01,02,戸田,一般,１３３　２３５妨,2024-03-01,2024-03-04,02,戸田,一般,６３５４４　４,4388,是澤 孝宏,2026-01-30,2026-02-02,02,戸田,一般,２３１　４５２２,2024-01-25,2024-01-28,02,戸田,一般,２２１５４１６１,2023-12-02,2023-12-05,02,戸田,一般,１５１１２２４１,2023-06-04,2023-06-10,02,戸田,ＧⅠ,２　１２１　３６４　４６,2023-03-29,2023-04-03,02,戸田,一般,５３２４４　３２１５２３,4370,山口 達也,2025-11-12,2025-11-17,02,戸田,ＧⅠ,４　４　３２４　１１２３,2025-07-12,2025-07-15,02,戸田,一般,１１１２５１[５],2023-02-15,2023-02-18,02,戸田,一般,１２３２２１[１],2022-08-04,2022-08-08,02,戸田,一般,４２５２３５,2019-10-31,2019-11-05,02,戸田,一般,１　６６２４２５１３[５]
202609110204,2026-09-11,02,04R,4615,板倉 敦史,2026-05-28,2026-05-31,02,戸田,一般,３５１　１エ１５,2026-01-17,2026-01-22,02,戸田,一般,５４６　３２４　２　５２,2025-05-09,2025-05-12,02,戸田,一般,５３３２３　３１,2024-11-21,2024-11-24,02,戸田,一般,４　４５４６５,2024-06-26,2024-07-01,02,戸田,一般,４　１２２４６４３５２５,4467,渡邉 俊介,2026-07-07,2026-07-12,02,戸田,ＧⅡ,２　４５２　４　２４４,2025-08-06,2025-08-11,02,戸田,一般,６　２４６　４３２５３,2024-12-07,2024-12-10,02,戸田,一般,３６２　２２４１,2023-09-14,2023-09-18,02,戸田,一般,１　５６４６３　４２,2022-01-20,2022-01-23,02,戸田,一般,１１２　４４[４],4363,大野 芳顕,2026-04-05,2026-04-10,02,戸田,一般,２　２５２６４１２５２５,2025-08-06,2025-08-11,02,戸田,一般,４５３　３６１　２３５６,2025-04-19,2025-04-24,02,戸田,一般,４６３　６４２　５　４１,2024-12-01,2024-12-04,02,戸田,一般,３４１　３１[５],2023-11-26,2023-11-29,02,戸田,一般,５１４５６　４１,5313,鈴木 唯央,2026-03-07,2026-03-12,02,戸田,一般,３　３４５　５４２　４エ,2025-12-27,2025-12-31,02,戸田,一般,　　　　　　　　６４,2025-08-06,2025-08-11,02,戸田,一般,５　５４４　転４５　３４,2024-12-28,2024-12-31,02,戸田,一般,５　６３４　３転,2024-12-20,2024-12-25,02,戸田,一般,２　５５１　６５４　５３,4883,岡部 大輝,2026-06-27,2026-07-01,02,戸田,一般,５６４　２　３３１３,2025-12-27,2025-12-31,02,戸田,一般,４５５　２２５１１２,2025-06-07,2025-06-10,02,戸田,一般,６５６３４　２５,2024-10-02,2024-10-05,02,戸田,一般,１３５　１３６１,2024-06-08,2024-06-11,02,戸田,一般,２５２　４４３４,3161,古場 輝義,2026-02-25,2026-03-01,02,戸田,一般,１６２　２６３　６３,2025-04-10,2025-04-15,02,戸田,一般,３　５１３１２６２４２４,2024-10-02,2024-10-05,02,戸田,一般,２　４３４６２６,2024-06-14,2024-06-17,02,戸田,一般,１２４　３２[５],2023-10-20,2023-10-23,02,戸田,一般,２　６２３１３２
202609110205,2026-09-11,02,05R,3514,山一 鉄也,2026-02-06,2026-02-11,02,戸田,一般,４４２　２４３　１６１５,2024-05-09,2024-05-14,02,戸田,一般,２２３　６４６４１　５５,2023-05-24,2023-05-29,02,戸田,一般,６　１１３１４６３６３６,2019-09-27,2019-09-30,02,戸田,一般,３１５２１　[６],2018-01-24,2018-01-29,02,戸田,ＧⅢ,２　１６６　１１４　１４,4692,酒井 俊弘,2026-05-14,2026-05-19,02,戸田,一般,５６３　５４２　５　５１,2022-08-04,2022-08-08,02,戸田,一般,欠欠,2021-01-22,2021-01-25,02,戸田,一般,３　４４２２１５,2020-02-16,2020-02-21,02,戸田,一般,２　F３４　４　３　２,2018-04-22,2018-04-27,02,戸田,一般,３　５５４　４６４５５,4846,佐藤 駿介,2026-02-25,2026-03-01,02,戸田,一般,６５５　５　６３２,2025-08-28,2025-08-31,02,戸田,一般,４　５２３６１５,2025-02-03,2025-02-06,02,戸田,一般,６　２１６６６,2024-05-09,2024-05-14,02,戸田,一般,１　２６２５６　２５１６,2024-01-31,2024-02-04,02,戸田,一般,４　３４５６６　１２,4295,小坂 尚哉,2026-02-25,2026-03-01,02,戸田,一般,４３２１２５１転１２,2025-12-27,2025-12-31,02,戸田,一般,１４１５２３３４２１,2025-05-30,2025-06-04,02,戸田,ＧⅢ,５５１４１　２２４３１２,2024-12-13,2024-12-16,02,戸田,一般,２６２１１２[２],2024-05-09,2024-05-14,02,戸田,一般,１４３１３　２１２２[３],3589,西村 勝,2026-06-27,2026-07-01,02,戸田,一般,４　６３６　６６６,2026-01-03,2026-01-08,02,戸田,一般,５　２６５　６　５欠,2025-11-22,2025-11-25,02,戸田,一般,２　３６２２４６,2025-08-14,2025-08-19,02,戸田,一般,３　２１４　４６６２４,2025-01-03,2025-01-08,02,戸田,一般,６　５４３　５２３１５６,4674,池田 剛規,2025-06-13,2025-06-16,02,戸田,一般,１６１４４　１２,2024-11-01,2024-11-04,02,戸田,一般,６　５４２３５３,2024-06-20,2024-06-23,02,戸田,一般,４３２　３５２３,2024-01-31,2024-02-04,02,戸田,一般,３６３　１転３　１５,2023-10-20,2023-10-23,02,戸田,一般,３　２３３５１４
202609110206,2026-09-11,02,06R,4887,富澤 祐作,2025-12-19,2025-12-24,02,戸田,一般,５４１２１　１６２６１６,2025-07-12,2025-07-15,02,戸田,一般,６　４３６４３４,2025-02-03,2025-02-06,02,戸田,一般,５　１１２５１６,2024-12-01,2024-12-04,02,戸田,一般,５　３４６１１６,2024-07-14,2024-07-17,02,戸田,一般,５　２２４２１３,4451,松崎 祐太郎,2025-03-13,2025-03-17,02,戸田,一般,２３１５１１３１[２],2024-05-09,2024-05-14,02,戸田,一般,１４３１３　４４１３１１,2022-10-01,2022-10-04,02,戸田,一般,６５欠欠,2020-04-02,2020-04-07,02,戸田,ＧⅡ,５１４　４６１　２３１,2019-11-27,2019-11-30,02,戸田,一般,１２３　２４[２],4578,藤山 雅弘,2026-04-14,2026-04-19,02,戸田,ＧⅢ,３　５１２５２２１４６４,2025-11-22,2025-11-25,02,戸田,一般,５　１５３５,2024-08-22,2024-08-26,02,戸田,一般,６５３　１　２２２６,2024-06-08,2024-06-11,02,戸田,一般,３　１５６４３５,2023-09-21,2023-09-25,02,戸田,一般,４　３１３３１６２５,5259,野田 昇吾,2026-05-01,2026-05-06,02,戸田,一般,５　３　６４４５４５５,2025-08-14,2025-08-19,02,戸田,一般,３　５　２５６　６２３４,2025-05-01,2025-05-06,02,戸田,一般,６　２　５６１　１３２４,2025-01-26,2025-01-31,02,戸田,一般,４　５６６　６３６　３３,2025-01-03,2025-01-08,02,戸田,一般,　　　　　　　　５４５４,4351,里岡 右貴,2026-02-25,2026-03-01,02,戸田,一般,６１１３５１２４[１],2025-12-19,2025-12-24,02,戸田,一般,１６４３３　４２１３１４,2025-07-12,2025-07-15,02,戸田,一般,１　１２３３[３],2025-02-03,2025-02-06,02,戸田,一般,３３５１１２[３],2024-02-18,2024-02-23,02,戸田,一般,３　５３２３４４３５４,5455,澁澤 周羽,2026-06-27,2026-07-01,02,戸田,一般,６　６６５　６６５,,,,,,,,,,,,,,,,,,,,,,,,
202609110207,2026-09-11,02,07R,4762,藤原 啓史朗,2025-06-24,2025-06-29,02,戸田,ＳＧ,２　５　４３６　１３３,2025-02-18,2025-02-23,02,戸田,一般,１１３転４　１１４２[３],2024-10-22,2024-10-27,02,戸田,ＳＧ,４　３５４　４　６６６４,2024-03-15,2024-03-20,02,戸田,ＳＧ,４　２３４　　　２２２１,2020-01-12,2020-01-16,02,戸田,一般,１５１２１４５２[４],4973,栗原 直也,2026-03-28,2026-04-02,02,戸田,一般,２　５５５２４　４４５１,2026-01-11,2026-01-14,02,戸田,一般,３　６２４１４１,2025-08-22,2025-08-25,02,戸田,一般,５５１　１６４６,2025-06-07,2025-06-10,02,戸田,一般,１６２　４３２３,2024-11-01,2024-11-04,02,戸田,一般,６４６６１　１５,4866,橋本 英一,2025-06-07,2025-06-10,02,戸田,一般,４６１　４４４３,2025-02-03,2025-02-06,02,戸田,一般,６　３５４５５,2023-11-07,2023-11-12,02,戸田,一般,４　１６１　２２２３[６],2022-02-11,2022-02-15,02,戸田,一般,６　１５２　２３４１,,,,,,,3075,中村 裕将,2026-08-12,2026-08-17,02,戸田,一般,２　２転４　２３３５２５,2026-04-05,2026-04-10,02,戸田,一般,１１３　２６２５１５１４,2026-01-03,2026-01-08,02,戸田,一般,２　６６４　５　６２１,2025-08-14,2025-08-19,02,戸田,一般,４４３　３６５　４　１３,2025-07-05,2025-07-08,02,戸田,一般,２１２　４６３４,3814,金子 貴志,2026-03-19,2026-03-24,02,戸田,一般,４　３５３６５　６　４２,2024-07-14,2024-07-17,02,戸田,一般,３　２４３２５３,2024-04-07,2024-04-12,02,戸田,一般,６　２５６　３５４　３５,2023-04-21,2023-04-26,02,戸田,一般,５　２３４　４５２　２４,2022-06-02,2022-06-06,02,戸田,一般,２６２１６　１５５３,4325,新出 浩司,2025-12-27,2025-12-31,02,戸田,一般,３　１６５４５５３,2025-09-18,2025-09-21,02,戸田,一般,３３２５３　５５,2023-09-29,2023-10-02,02,戸田,一般,４　１３３６２６,2023-08-29,2023-09-03,02,戸田,一般,４５１　３５２　１６１２,2022-09-01,2022-09-04,02,戸田,一般,５　６５
202609110208,2026-09-11,02,08R,5008,羽野 諒,2025-12-13,2025-12-16,02,戸田,一般,５４２　５３２,2025-03-30,2025-04-04,02,戸田,一般,３　６６４　１４５５２,2024-12-07,2024-12-10,02,戸田,一般,１　５５５５２４,2024-06-26,2024-07-01,02,戸田,一般,１３３　２３５妨,2024-03-01,2024-03-04,02,戸田,一般,６３５４４　４,4555,富永 大一,2026-02-06,2026-02-11,02,戸田,一般,２３５　４３６　６１５３,2025-03-07,2025-03-10,02,戸田,一般,５５２　５６３,2024-07-14,2024-07-17,02,戸田,一般,６　３６２　２２,2024-03-01,2024-03-04,02,戸田,一般,３３４　６４１１,2023-03-02,2023-03-05,02,戸田,一般,１２５６４　２５,5126,山下 大輝,2024-12-01,2024-12-04,02,戸田,一般,６　３１１５１２,,,,,,,,,,,,,,,,,,,,,,,,,4615,板倉 敦史,2026-05-28,2026-05-31,02,戸田,一般,３５１　１エ１５,2026-01-17,2026-01-22,02,戸田,一般,５４６　３２４　２　５２,2025-05-09,2025-05-12,02,戸田,一般,５３３２３　３１,2024-11-21,2024-11-24,02,戸田,一般,４　４５４６５,2024-06-26,2024-07-01,02,戸田,一般,４　１２２４６４３５２５,3072,西田 靖,2026-04-14,2026-04-19,02,戸田,ＧⅢ,６　３　１６５６６　５３,2025-09-18,2025-09-21,02,戸田,一般,６１２　２５４３,2025-04-19,2025-04-24,02,戸田,一般,２　２５５　３５４　５４,2024-12-28,2024-12-31,02,戸田,一般,２２１２F　２,2024-03-01,2024-03-04,02,戸田,一般,１１３　２５３２,4886,入海 馨,2023-08-05,2023-08-08,02,戸田,一般,５１６３１２２２,2023-02-15,2023-02-18,02,戸田,一般,２４１６６４１,2023-01-27,2023-01-30,02,戸田,一般,５４４１２１２１,2022-07-12,2022-07-17,02,戸田,ＧⅡ,４　４３５　６１２４４,2021-03-16,2021-03-22,02,戸田,一般,１　１２１２２３３１１　[２]
202609110209,2026-09-11,02,09R,4388,是澤 孝宏,2026-01-30,2026-02-02,02,戸田,一般,２３１　４５２２,2024-01-25,2024-01-28,02,戸田,一般,２２１５４１６１,2023-12-02,2023-12-05,02,戸田,一般,１５１１２２４１,2023-06-04,2023-06-10,02,戸田,ＧⅠ,２　１２１　３６４　４６,2023-03-29,2023-04-03,02,戸田,一般,５３２４４　３２１５２３,4163,山崎 裕司,2026-01-30,2026-02-02,02,戸田,一般,５　２６２５２２,2024-05-09,2024-05-14,02,戸田,一般,４５６　５１４６６　４,2017-07-08,2017-07-11,02,戸田,一般,３５２１F４,2017-03-16,2017-03-20,02,戸田,一般,６４３　４４４　４３,2016-01-30,2016-02-03,02,戸田,一般,３６３　２２３１４３,3161,古場 輝義,2026-02-25,2026-03-01,02,戸田,一般,１６２　２６３　６３,2025-04-10,2025-04-15,02,戸田,一般,３　５１３１２６２４２４,2024-10-02,2024-10-05,02,戸田,一般,２　４３４６２６,2024-06-14,2024-06-17,02,戸田,一般,１２４　３２[５],2023-10-20,2023-10-23,02,戸田,一般,２　６２３１３２,3514,山一 鉄也,2026-02-06,2026-02-11,02,戸田,一般,４４２　２４３　１６１５,2024-05-09,2024-05-14,02,戸田,一般,２２３　６４６４１　５５,2023-05-24,2023-05-29,02,戸田,一般,６　１１３１４６３６３６,2019-09-27,2019-09-30,02,戸田,一般,３１５２１　[６],2018-01-24,2018-01-29,02,戸田,ＧⅢ,２　１６６　１１４　１４,4865,立具 敬司,2025-10-24,2025-10-27,02,戸田,一般,３４１　６２６,2024-01-31,2024-02-04,02,戸田,一般,５４４　５３２　５６,2022-07-05,2022-07-08,02,戸田,一般,４　６１１６２３,,,,,,,,,,,,,5038,金田 智博,2025-11-22,2025-11-25,02,戸田,一般,１２３　３３[５],2024-10-08,2024-10-13,02,戸田,一般,４２１　４５４　１３５１,2023-03-12,2023-03-15,02,戸田,一般,３　１５４３３５,2022-01-11,2022-01-16,02,戸田,一般,６　２１１　５１３転４１,2021-06-12,2021-06-17,02,戸田,ＧⅢ,３　６６２　３　４１４
202609110210,2026-09-11,02,10R,4363,大野 芳顕,2026-04-05,2026-04-10,02,戸田,一般,２　２５２６４１２５２５,2025-08-06,2025-08-11,02,戸田,一般,４５３　３６１　２３５６,2025-04-19,2025-04-24,02,戸田,一般,４６３　６４２　５　４１,2024-12-01,2024-12-04,02,戸田,一般,３４１　３１[５],2023-11-26,2023-11-29,02,戸田,一般,５１４５６　４１,4706,三浦 洋次朗,2026-03-28,2026-04-02,02,戸田,一般,３１６　３１３３１２[６],2025-12-13,2025-12-16,02,戸田,一般,５６４６５　４４,2025-08-22,2025-08-25,02,戸田,一般,５　１５３５１３,2025-05-09,2025-05-12,02,戸田,一般,６　３５１５２２,2024-04-07,2024-04-12,02,戸田,一般,６　２３１　２１４６１１,4631,新井 英孝,2025-08-28,2025-08-31,02,戸田,一般,６　２２１６２１,2024-11-01,2024-11-04,02,戸田,一般,１２２　３５６５,2024-01-11,2024-01-14,02,戸田,一般,６　２６６２６,2022-12-09,2022-12-12,02,戸田,一般,１６６５３　４５,2021-02-19,2021-02-23,02,戸田,一般,５　２５２４１　３６,4692,酒井 俊弘,2026-05-14,2026-05-19,02,戸田,一般,５６３　５４２　５　５１,2022-08-04,2022-08-08,02,戸田,一般,欠欠,2021-01-22,2021-01-25,02,戸田,一般,３　４４２２１５,2020-02-16,2020-02-21,02,戸田,一般,２　F３４　４　３　２,2018-04-22,2018-04-27,02,戸田,一般,３　５５４　４６４５５,4451,松崎 祐太郎,2025-03-13,2025-03-17,02,戸田,一般,２３１５１１３１[２],2024-05-09,2024-05-14,02,戸田,一般,１４３１３　４４１３１１,2022-10-01,2022-10-04,02,戸田,一般,６５欠欠,2020-04-02,2020-04-07,02,戸田,ＧⅡ,５１４　４６１　２３１,2019-11-27,2019-11-30,02,戸田,一般,１２３　２４[２],3711,江本 真治,2021-09-30,2021-10-05,02,戸田,ＧⅢ,３　１２３１１３３４４２,2020-05-15,2020-05-18,02,戸田,一般,５３１　３１２１,2020-01-30,2020-02-03,02,戸田,一般,１　３５２４３４３１,2019-01-25,2019-01-28,02,戸田,一般,３４４　１５４４,2018-06-29,2018-07-04,02,戸田,一般,４６２　３４５３２２２
202609110211,2026-09-11,02,11R,5220,青木 蓮,2026-08-12,2026-08-17,02,戸田,一般,３１５　１１３　３　３１,2026-05-01,2026-05-06,02,戸田,一般,３　３２１　２３６　３３,2026-03-28,2026-04-02,02,戸田,一般,１１２　５３３４２５１１,2026-03-07,2026-03-12,02,戸田,一般,１３１　１１３１１１[６],2026-01-03,2026-01-08,02,戸田,一般,４３１２２１４　４　１３,4578,藤山 雅弘,2026-04-14,2026-04-19,02,戸田,ＧⅢ,３　５１２５２２１４６４,2025-11-22,2025-11-25,02,戸田,一般,５　１５３５,2024-08-22,2024-08-26,02,戸田,一般,６５３　１　２２２６,2024-06-08,2024-06-11,02,戸田,一般,３　１５６４３５,2023-09-21,2023-09-25,02,戸田,一般,４　３１３３１６２５,3692,竹腰 正樹,2026-02-06,2026-02-11,02,戸田,一般,２６２　６３４　３１４１,2025-09-18,2025-09-21,02,戸田,一般,３,2025-06-13,2025-06-16,02,戸田,一般,６　１１５６３２,2024-11-15,2024-11-18,02,戸田,一般,３６３　６６３,2023-02-02,2023-02-05,02,戸田,一般,３　１３１５[５],4883,岡部 大輝,2026-06-27,2026-07-01,02,戸田,一般,５６４　２　３３１３,2025-12-27,2025-12-31,02,戸田,一般,４５５　２２５１１２,2025-06-07,2025-06-10,02,戸田,一般,６５６３４　２５,2024-10-02,2024-10-05,02,戸田,一般,１３５　１３６１,2024-06-08,2024-06-11,02,戸田,一般,２５２　４４３４,4572,渡部 悟,2025-12-19,2025-12-24,02,戸田,一般,２２５　６４６　６　２３,2025-04-19,2025-04-24,02,戸田,一般,１　５４４　４２４　６６,2024-12-07,2024-12-10,02,戸田,一般,５２５　１１５１,2023-08-05,2023-08-08,02,戸田,一般,３　６１１６１３,2022-10-25,2022-10-30,02,戸田,一般,４　５６５　６２１　２５,4539,金子 賢志,2025-07-12,2025-07-15,02,戸田,一般,F１５　６　６,2025-02-09,2025-02-15,02,戸田,ＧⅠ,４　２５５　５６４　６６,2023-08-05,2023-08-08,02,戸田,一般,５３５　５１１５,2023-05-11,2023-05-16,02,戸田,一般,６　F１６　３　４　３,2023-02-15,2023-02-18,02,戸田,一般,６６１１４　５１
202609110212,2026-09-11,02,12R,4295,小坂 尚哉,2026-02-25,2026-03-01,02,戸田,一般,４３２１２５１転１２,2025-12-27,2025-12-31,02,戸田,一般,１４１５２３３４２１,2025-05-30,2025-06-04,02,戸田,ＧⅢ,５５１４１　２２４３１２,2024-12-13,2024-12-16,02,戸田,一般,２６２１１２[２],2024-05-09,2024-05-14,02,戸田,一般,１４３１３　２１２２[３],4351,里岡 右貴,2026-02-25,2026-03-01,02,戸田,一般,６１１３５１２４[１],2025-12-19,2025-12-24,02,戸田,一般,１６４３３　４２１３１４,2025-07-12,2025-07-15,02,戸田,一般,１　１２３３[３],2025-02-03,2025-02-06,02,戸田,一般,３３５１１２[３],2024-02-18,2024-02-23,02,戸田,一般,３　５３２３４４３５４,4370,山口 達也,2025-11-12,2025-11-17,02,戸田,ＧⅠ,４　４　３２４　１１２３,2025-07-12,2025-07-15,02,戸田,一般,１１１２５１[５],2023-02-15,2023-02-18,02,戸田,一般,１２３２２１[１],2022-08-04,2022-08-08,02,戸田,一般,４２５２３５,2019-10-31,2019-11-05,02,戸田,一般,１　６６２４２５１３[５],4762,藤原 啓史朗,2025-06-24,2025-06-29,02,戸田,ＳＧ,２　５　４３６　１３３,2025-02-18,2025-02-23,02,戸田,一般,１１３転４　１１４２[３],2024-10-22,2024-10-27,02,戸田,ＳＧ,４　３５４　４　６６６４,2024-03-15,2024-03-20,02,戸田,ＳＧ,４　２３４　　　２２２１,2020-01-12,2020-01-16,02,戸田,一般,１５１２１４５２[４],4467,渡邉 俊介,2026-07-07,2026-07-12,02,戸田,ＧⅡ,２　４５２　４　２４４,2025-08-06,2025-08-11,02,戸田,一般,６　２４６　４３２５３,2024-12-07,2024-12-10,02,戸田,一般,３６２　２２４１,2023-09-14,2023-09-18,02,戸田,一般,１　５６４６３　４２,2022-01-20,2022-01-23,02,戸田,一般,１１２　４４[４],5126,山下 大輝,2024-12-01,2024-12-04,02,戸田,一般,６　３１１５１２,,,,,,,,,,,,,,,,,,,,,,,,
202609110301,2026-09-11,03,01R,3859,多羅尾 達之,2020-12-24,2020-12-28,03,江戸川,一般,４６５　２６６　４１,2020-08-13,2020-08-18,03,江戸川,一般,２　F４５　６３６６６,2020-02-18,2020-02-22,03,江戸川,一般,１　５４１３２　３５,2019-08-09,2019-08-14,03,江戸川,一般,５４５　２６４　３６６３,2019-07-11,2019-07-16,03,江戸川,一般,４　５５１　６６２　F２,3303,渡辺 豊,2026-08-09,2026-08-15,03,江戸川,一般,４４５　４６１　６５１,2026-04-26,2026-05-01,03,江戸川,一般,４３３　１　４　２２１５,2026-02-01,2026-02-04,03,江戸川,一般,２　１３１１[１],2025-12-17,2025-12-21,03,江戸川,一般,４　１２４　２１１４,2025-11-23,2025-11-28,03,江戸川,一般,３６２　４４３　５３３２,3664,鈴木 賢一,2013-01-29,2013-02-04,03,江戸川,ＧⅠ,６　４２５　４５６　４,2012-10-12,2012-10-17,03,江戸川,一般,３　１１１４２　２１[４],2011-12-01,2011-12-06,03,江戸川,ＧⅠ,４　５５６　１３３　４５,2011-05-13,2011-05-18,03,江戸川,一般,２２１　２４２　１１[２],2009-12-26,2009-12-31,03,江戸川,一般,１　３１２　１１４　２１,4981,牧山 敦也,2026-02-01,2026-02-04,03,江戸川,一般,２エ５２１５６４,2025-09-14,2025-09-18,03,江戸川,一般,３３６　５２３　３４,2025-02-21,2025-02-26,03,江戸川,一般,５１５　５４１　１２２,2023-12-24,2023-12-28,03,江戸川,一般,４　３３４　１６３,2023-11-01,2023-11-06,03,江戸川,一般,１　３４５　４３３　２２,3839,川合 理司,2026-04-13,2026-04-18,03,江戸川,一般,３　３４３２５　５　４２,2026-02-08,2026-02-12,03,江戸川,一般,３５３　２３３　２３,2025-10-14,2025-10-19,03,江戸川,ＧⅡ,　　　　　　　　５　６５,2025-10-05,2025-10-11,03,江戸川,ＧⅢ,２５４　５６１　３３２６,2025-06-14,2025-06-17,03,江戸川,一般,３　３６１４２,3956,横澤 剛治,2024-12-15,2024-12-20,03,江戸川,一般,１　３５２　５１３４３１,2024-07-16,2024-07-21,03,江戸川,ＧⅡ,３　１　１４４　５　１５,2023-09-02,2023-09-07,03,江戸川,一般,１　１１３３[]　[１],2022-12-06,2022-12-09,03,江戸川,一般,３４２　３５２２,2022-07-26,2022-07-31,03,江戸川,ＧⅡ,F５６　４６５落
202609110302,2026-09-11,03,02R,4142,平野 和明,2026-01-10,2026-01-15,03,江戸川,一般,４　３２４不,2025-09-14,2025-09-18,03,江戸川,一般,１　２６１　１２[３],2025-05-16,2025-05-21,03,江戸川,一般,４４　　２４,2025-01-23,2025-01-28,03,江戸川,一般,２３２　４４２　４６３３,2024-04-19,2024-04-25,03,江戸川,一般,３　２３３　１５２　欠欠,5053,山口 広樹,2025-11-16,2025-11-19,03,江戸川,一般,６　６６１　２６,2025-08-03,2025-08-08,03,江戸川,ＧⅢ,２２４　６　４３５F３,2025-01-23,2025-01-28,03,江戸川,一般,１６６　３２１３１３[４],2024-02-04,2024-02-07,03,江戸川,一般,１　５　１５５,2023-05-15,2023-05-20,03,江戸川,一般,４６４　３５２　５５３６,4257,古川 健,2026-06-03,2026-06-07,03,江戸川,一般,４　２６１２５３,2026-02-08,2026-02-12,03,江戸川,一般,５３６　６４１３５６,2025-10-25,2025-10-30,03,江戸川,一般,２　２６５　２６１２４４,2025-01-23,2025-01-28,03,江戸川,一般,４　３５６　５３４１４２,2024-02-11,2024-02-18,03,江戸川,一般,４５２　４　１６１１４　２６,4179,広次 修,2025-12-17,2025-12-21,03,江戸川,一般,５　６３２２５　３,2025-09-21,2025-09-24,03,江戸川,一般,２　６４４６１,2025-05-07,2025-05-12,03,江戸川,一般,２６１　１２２　３４５２,2021-11-02,2021-11-07,03,江戸川,一般,２　５３２　３２５４３５,2021-09-02,2021-09-07,03,江戸川,一般,４１５　４４５６,5427,港 理樹,2026-07-11,2026-07-16,03,江戸川,一般,５　３５５５４　５３６,2026-04-26,2026-05-01,03,江戸川,一般,６　５２４　３４転　６５,,,,,,,,,,,,,,,,,,,4598,加藤 政彦,2026-08-09,2026-08-15,03,江戸川,一般,１　４４１　２５４　６１,2026-06-24,2026-06-29,03,江戸川,一般,４４５　１１２　１１[３],2026-04-26,2026-05-01,03,江戸川,一般,１　２２　　１２２　[３],2026-02-18,2026-02-24,03,江戸川,ＧⅠ,４　４５６　５４３　５５,2026-01-02,2026-01-07,03,江戸川,一般,５　２１６　落F５　６４
202609110303,2026-09-11,03,03R,5378,鈴木 結平太,2026-01-10,2026-01-15,03,江戸川,一般,６６５６６,2025-09-21,2025-09-24,03,江戸川,一般,４５６　６５６６,2025-07-05,2025-07-10,03,江戸川,一般,５　６５６　６５６　６６,,,,,,,,,,,,,5138,村本 大成,2026-03-07,2026-03-10,03,江戸川,一般,５５３　６４１,2025-12-08,2025-12-14,03,江戸川,一般,３５３　５４５３３　４３,2024-12-24,2024-12-29,03,江戸川,一般,６　１３３５６　４６５５,2023-02-03,2023-02-06,03,江戸川,一般,５６６　３６４６,2022-09-17,2022-09-22,03,江戸川,一般,５５３　５　５　１５６,4640,山ノ内 雅人,2024-06-25,2024-06-28,03,江戸川,一般,３２４　エ１４１,2022-10-20,2022-10-25,03,江戸川,一般,１１４　１２,2022-02-02,2022-02-06,03,江戸川,一般,６,2020-10-12,2020-10-15,03,江戸川,一般,２　３３３　４１,2019-02-04,2019-02-07,03,江戸川,一般,６６６　１５６３,5315,浅井 翼,2026-07-11,2026-07-16,03,江戸川,一般,１６５　１６転　６６６２,2026-04-26,2026-05-01,03,江戸川,一般,６６６　６４６　６６６６,2026-01-10,2026-01-15,03,江戸川,一般,５６５　６４,2025-09-21,2025-09-24,03,江戸川,一般,　　　　　　５５,2025-05-07,2025-05-12,03,江戸川,一般,４３６５６　３６落,3931,黒崎 竜也,2026-02-01,2026-02-04,03,江戸川,一般,６２２　欠欠,2025-10-05,2025-10-11,03,江戸川,ＧⅢ,１F５　６４,2025-06-21,2025-06-27,03,江戸川,一般,５３　　２４５　３２６３,2023-11-30,2023-12-05,03,江戸川,一般,３　３４３　２２１５２５,2023-02-03,2023-02-06,03,江戸川,一般,１２２１５　[４],4427,秦 英悟,2025-04-08,2025-04-13,03,江戸川,一般,１１１１４　３１１１[１],2024-12-24,2024-12-29,03,江戸川,一般,１６５３欠,2022-11-26,2022-12-02,03,江戸川,一般,４５３　２１１　３２[３],2019-12-24,2019-12-29,03,江戸川,一般,４　３２５　２４１　２３,2017-12-24,2017-12-29,03,江戸川,一般,５　３１５　３１１２３F
202609110304,2026-09-11,03,04R,4173,岡谷 健吾,2021-10-01,2021-10-07,03,江戸川,一般,４４２　５４４５４　５,2019-03-26,2019-03-30,03,江戸川,一般,４１１　２　５２[２],2018-03-22,2018-03-26,03,江戸川,一般,３５１　３５１　２３,2017-10-18,2017-10-22,03,江戸川,一般,６　１５１　１５４６,2017-04-05,2017-04-11,03,江戸川,一般,６　　　１　４２５　３２,4258,関根 彰人,2026-04-26,2026-05-01,03,江戸川,一般,５２５　３　６　１５６,2025-12-25,2025-12-29,03,江戸川,一般,３３エ　６４３　４１,2025-08-03,2025-08-08,03,江戸川,ＧⅢ,３５５　４６３　２２２１,2025-04-24,2025-04-29,03,江戸川,一般,１５３　１２５　５　４３,2025-03-01,2025-03-06,03,江戸川,一般,４　２５２３５　２２２５,4623,中北 将史,2026-06-03,2026-06-07,03,江戸川,一般,２　５２１　６１,2025-12-17,2025-12-21,03,江戸川,一般,３　４５４　３５３６,2025-09-14,2025-09-18,03,江戸川,一般,４２６　６６３　１４,2025-02-13,2025-02-19,03,江戸川,一般,５５５５１　４６５　３５,2024-03-07,2024-03-11,03,江戸川,一般,欠,4000,松本 博昭,2026-02-08,2026-02-12,03,江戸川,一般,２４４１４　１４２５,2025-09-28,2025-10-02,03,江戸川,一般,エ　６５,2025-02-21,2025-02-26,03,江戸川,一般,１　２３２　２５３　１５,2024-04-19,2024-04-25,03,江戸川,一般,５４３　２１６　１３４,2024-01-15,2024-01-20,03,江戸川,ＧⅡ,３４５　５５６　４６４,3655,本橋 克洋,2026-06-03,2026-06-07,03,江戸川,一般,３２２　３３２５,2026-03-07,2026-03-10,03,江戸川,一般,３　４６１　２４,2025-09-14,2025-09-18,03,江戸川,一般,２　４２１　３３転６,2025-06-14,2025-06-17,03,江戸川,一般,２　３３３　２５,2024-11-18,2024-11-22,03,江戸川,一般,３２４　１２２　３１,3685,荒井 輝年,2026-06-24,2026-06-29,03,江戸川,一般,２５１　２５４　１１１１,2026-02-08,2026-02-12,03,江戸川,一般,４５５　２５４２２,2025-10-05,2025-10-11,03,江戸川,ＧⅢ,３２５　３２２　４,2025-01-23,2025-01-28,03,江戸川,一般,３　３６５４６,2024-09-12,2024-09-18,03,江戸川,ＧⅢ,４　１　２　　　４１５　３３
202609110305,2026-09-11,03,05R,4880,澤崎 雄哉,2026-04-26,2026-05-01,03,江戸川,一般,２　１３２　４３５　４５,2026-01-10,2026-01-15,03,江戸川,一般,４４４　３エ,2025-08-17,2025-08-22,03,江戸川,一般,３２２４１　３６２　５６,2025-08-03,2025-08-08,03,江戸川,ＧⅢ,５　２４３　３２３３２３,2025-05-07,2025-05-12,03,江戸川,一般,２３４４４　F２４　６２,5279,石渡 翔一郎,2026-08-09,2026-08-15,03,江戸川,一般,２　２３４　２１転　３,2026-06-24,2026-06-29,03,江戸川,一般,４３４　２６３　４５５,2026-06-11,2026-06-16,03,江戸川,一般,１　１３１　１４５４２２,2026-04-26,2026-05-01,03,江戸川,一般,２　５１　　６３１　１３,2026-04-13,2026-04-18,03,江戸川,一般,３　５５６　１３５　２１,5120,山本 稔太朗,2026-02-28,2026-03-03,03,江戸川,一般,５４２　６２５２,2024-02-11,2024-02-18,03,江戸川,一般,５　２２　　２　６F３６１２,2023-07-12,2023-07-17,03,江戸川,ＧⅢ,３　３６転,2022-11-26,2022-12-02,03,江戸川,一般,５６１　２２５　４２３２,2022-10-13,2022-10-17,03,江戸川,一般,３　３５４　１３１５,5087,佐藤 航,2026-02-08,2026-02-12,03,江戸川,一般,４　３１１　３２[１],2024-06-16,2024-06-21,03,江戸川,一般,６４５　３５４　６２１３,2023-04-16,2023-04-21,03,江戸川,一般,６　１６２　１５５　１２,2022-02-20,2022-02-25,03,江戸川,一般,１　１６５６５　２５２３,2020-11-17,2020-11-24,03,江戸川,一般,４　６４６　落５４　６４,3944,山口 裕二,2025-10-05,2025-10-11,03,江戸川,ＧⅢ,４２　　２５２　１３３６,2021-12-08,2021-12-13,03,江戸川,ＧⅡ,３　１３５　３４４　１４,2021-10-15,2021-10-20,03,江戸川,ＧⅠ,３　４　５１３　２２２５,2018-05-11,2018-05-16,03,江戸川,一般,３　３　３３３４２　５５,2017-10-26,2017-10-31,03,江戸川,一般,２　２３４　４２　　３１,3839,川合 理司,2026-04-13,2026-04-18,03,江戸川,一般,３　３４３２５　５　４２,2026-02-08,2026-02-12,03,江戸川,一般,３５３　２３３　２３,2025-10-14,2025-10-19,03,江戸川,ＧⅡ,　　　　　　　　５　６５,2025-10-05,2025-10-11,03,江戸川,ＧⅢ,２５４　５６１　３３２６,2025-06-14,2025-06-17,03,江戸川,一般,３　３６１４２
202609110306,2026-09-11,03,06R,3850,小川 知行,2026-06-24,2026-06-29,03,江戸川,一般,５４６　１２３　２６３,2025-11-23,2025-11-28,03,江戸川,一般,１　１３５　１２５３[５],2025-10-05,2025-10-11,03,江戸川,ＧⅢ,２６３　４６４　４５３３,2025-05-23,2025-05-28,03,江戸川,一般,４　１５５　５６５４３,2025-02-13,2025-02-19,03,江戸川,一般,５　３６５５１　２５６６,4179,広次 修,2025-12-17,2025-12-21,03,江戸川,一般,５　６３２２５　３,2025-09-21,2025-09-24,03,江戸川,一般,２　６４４６１,2025-05-07,2025-05-12,03,江戸川,一般,２６１　１２２　３４５２,2021-11-02,2021-11-07,03,江戸川,一般,２　５３２　３２５４３５,2021-09-02,2021-09-07,03,江戸川,一般,４１５　４４５６,5071,野見山 拓己,2025-11-07,2025-11-12,03,江戸川,一般,４６６　４５４　４４３２,2025-01-23,2025-01-28,03,江戸川,一般,L１１　６５５１１　５４,2023-12-24,2023-12-28,03,江戸川,一般,１４６　３２４　２３,2023-11-01,2023-11-06,03,江戸川,一般,４　２３３　２４１　３６,2023-09-09,2023-09-15,03,江戸川,一般,２　２４１　１３３４１３,4438,森作 雄大,2026-08-09,2026-08-15,03,江戸川,一般,１４３　６１６　１２６５,2026-06-24,2026-06-29,03,江戸川,一般,１　５４４　４４４　６２,2026-05-11,2026-05-16,03,江戸川,ＧⅡ,３　１　６　６６６６２,2026-04-26,2026-05-01,03,江戸川,一般,５３２　６　５　５１１,2026-03-07,2026-03-10,03,江戸川,一般,４６１　３２５６,3859,多羅尾 達之,2020-12-24,2020-12-28,03,江戸川,一般,４６５　２６６　４１,2020-08-13,2020-08-18,03,江戸川,一般,２　F４５　６３６６６,2020-02-18,2020-02-22,03,江戸川,一般,１　５４１３２　３５,2019-08-09,2019-08-14,03,江戸川,一般,５４５　２６４　３６６３,2019-07-11,2019-07-16,03,江戸川,一般,４　５５１　６６２　F２,4583,古田 祐貴,2026-02-28,2026-03-03,03,江戸川,一般,２　４１２３６５,2025-10-14,2025-10-19,03,江戸川,ＧⅡ,４　６３４　１５２２２,2025-08-03,2025-08-08,03,江戸川,ＧⅢ,４　１　４６３　転３４３,2025-05-23,2025-05-28,03,江戸川,一般,６２２　５３２　２３１５,2025-03-11,2025-03-16,03,江戸川,一般,４２５　１４３１３５４
202609110307,2026-09-11,03,07R,5315,浅井 翼,2026-07-11,2026-07-16,03,江戸川,一般,１６５　１６転　６６６２,2026-04-26,2026-05-01,03,江戸川,一般,６６６　６４６　６６６６,2026-01-10,2026-01-15,03,江戸川,一般,５６５　６４,2025-09-21,2025-09-24,03,江戸川,一般,　　　　　　５５,2025-05-07,2025-05-12,03,江戸川,一般,４３６５６　３６落,4981,牧山 敦也,2026-02-01,2026-02-04,03,江戸川,一般,２エ５２１５６４,2025-09-14,2025-09-18,03,江戸川,一般,３３６　５２３　３４,2025-02-21,2025-02-26,03,江戸川,一般,５１５　５４１　１２２,2023-12-24,2023-12-28,03,江戸川,一般,４　３３４　１６３,2023-11-01,2023-11-06,03,江戸川,一般,１　３４５　４３３　２２,4004,山本 浩輔,2025-11-16,2025-11-19,03,江戸川,一般,５１２　１４２５,2023-09-02,2023-09-07,03,江戸川,一般,５３３　２５　　４３,2023-05-15,2023-05-20,03,江戸川,一般,４　５２１　４５６　５３,2018-11-12,2018-11-15,03,江戸川,一般,１６６４２　３３,2016-07-16,2016-07-21,03,江戸川,一般,４１４　３４１１４３[３],5427,港 理樹,2026-07-11,2026-07-16,03,江戸川,一般,５　３５５５４　５３６,2026-04-26,2026-05-01,03,江戸川,一般,６　５２４　３４転　６５,,,,,,,,,,,,,,,,,,,4888,金児 隆太,2025-12-25,2025-12-29,03,江戸川,一般,１５４　５３５　２３,2024-01-15,2024-01-20,03,江戸川,ＧⅡ,６　２エ３　５２３３２,2023-12-16,2023-12-20,03,江戸川,一般,６　５５５　５１５１,2023-10-21,2023-10-25,03,江戸川,一般,１　３２６　３６３２,2023-03-19,2023-03-24,03,江戸川,一般,５１２　５４１　２２１２,3931,黒崎 竜也,2026-02-01,2026-02-04,03,江戸川,一般,６２２　欠欠,2025-10-05,2025-10-11,03,江戸川,ＧⅢ,１F５　６４,2025-06-21,2025-06-27,03,江戸川,一般,５３　　２４５　３２６３,2023-11-30,2023-12-05,03,江戸川,一般,３　３４３　２２１５２５,2023-02-03,2023-02-06,03,江戸川,一般,１２２１５　[４]
202609110308,2026-09-11,03,08R,3857,阿波 勝哉,2026-02-01,2026-02-04,03,江戸川,一般,５　４５４２１６,2021-10-01,2021-10-07,03,江戸川,一般,F　２１３５３　２３３,2017-02-12,2017-02-18,03,江戸川,一般,１　１４１１５　５　不１,2015-11-14,2015-11-19,03,江戸川,一般,４　４５F　２２１３転２,2013-08-15,2013-08-20,03,江戸川,一般,５　１３４　２５１５２２,4407,鹿島 敏弘,2026-06-24,2026-06-29,03,江戸川,一般,６　１６２　５４２　３２,2026-03-07,2026-03-10,03,江戸川,一般,２　３６２　１３,2025-11-16,2025-11-19,03,江戸川,一般,１３１３３　[４],2025-10-14,2025-10-19,03,江戸川,ＧⅡ,　　　　　　　　６　６６,2025-09-28,2025-10-02,03,江戸川,一般,２４５　１２４２４２,5378,鈴木 結平太,2026-01-10,2026-01-15,03,江戸川,一般,６６５６６,2025-09-21,2025-09-24,03,江戸川,一般,４５６　６５６６,2025-07-05,2025-07-10,03,江戸川,一般,５　６５６　６５６　６６,,,,,,,,,,,,,4173,岡谷 健吾,2021-10-01,2021-10-07,03,江戸川,一般,４４２　５４４５４　５,2019-03-26,2019-03-30,03,江戸川,一般,４１１　２　５２[２],2018-03-22,2018-03-26,03,江戸川,一般,３５１　３５１　２３,2017-10-18,2017-10-22,03,江戸川,一般,６　１５１　１５４６,2017-04-05,2017-04-11,03,江戸川,一般,６　　　１　４２５　３２,3685,荒井 輝年,2026-06-24,2026-06-29,03,江戸川,一般,２５１　２５４　１１１１,2026-02-08,2026-02-12,03,江戸川,一般,４５５　２５４２２,2025-10-05,2025-10-11,03,江戸川,ＧⅢ,３２５　３２２　４,2025-01-23,2025-01-28,03,江戸川,一般,３　３６５４６,2024-09-12,2024-09-18,03,江戸川,ＧⅢ,４　１　２　　　４１５　３３,4189,川上 剛,2026-02-28,2026-03-03,03,江戸川,一般,１５３　１１[６],2025-06-05,2025-06-10,03,江戸川,一般,　　４３３　５１４４[５],2024-04-19,2024-04-25,03,江戸川,一般,２　４１４　２１４５５２,2023-08-25,2023-08-29,03,江戸川,一般,３　６２２　２３３,2022-12-06,2022-12-09,03,江戸川,一般,３　４２１４４５
202609110309,2026-09-11,03,09R,3303,渡辺 豊,2026-08-09,2026-08-15,03,江戸川,一般,４４５　４６１　６５１,2026-04-26,2026-05-01,03,江戸川,一般,４３３　１　４　２２１５,2026-02-01,2026-02-04,03,江戸川,一般,２　１３１１[１],2025-12-17,2025-12-21,03,江戸川,一般,４　１２４　２１１４,2025-11-23,2025-11-28,03,江戸川,一般,３６２　４４３　５３３２,3655,本橋 克洋,2026-06-03,2026-06-07,03,江戸川,一般,３２２　３３２５,2026-03-07,2026-03-10,03,江戸川,一般,３　４６１　２４,2025-09-14,2025-09-18,03,江戸川,一般,２　４２１　３３転６,2025-06-14,2025-06-17,03,江戸川,一般,２　３３３　２５,2024-11-18,2024-11-22,03,江戸川,一般,３２４　１２２　３１,5087,佐藤 航,2026-02-08,2026-02-12,03,江戸川,一般,４　３１１　３２[１],2024-06-16,2024-06-21,03,江戸川,一般,６４５　３５４　６２１３,2023-04-16,2023-04-21,03,江戸川,一般,６　１６２　１５５　１２,2022-02-20,2022-02-25,03,江戸川,一般,１　１６５６５　２５２３,2020-11-17,2020-11-24,03,江戸川,一般,４　６４６　落５４　６４,4640,山ノ内 雅人,2024-06-25,2024-06-28,03,江戸川,一般,３２４　エ１４１,2022-10-20,2022-10-25,03,江戸川,一般,１１４　１２,2022-02-02,2022-02-06,03,江戸川,一般,６,2020-10-12,2020-10-15,03,江戸川,一般,２　３３３　４１,2019-02-04,2019-02-07,03,江戸川,一般,６６６　１５６３,5053,山口 広樹,2025-11-16,2025-11-19,03,江戸川,一般,６　６６１　２６,2025-08-03,2025-08-08,03,江戸川,ＧⅢ,２２４　６　４３５F３,2025-01-23,2025-01-28,03,江戸川,一般,１６６　３２１３１３[４],2024-02-04,2024-02-07,03,江戸川,一般,１　５　１５５,2023-05-15,2023-05-20,03,江戸川,一般,４６４　３５２　５５３６,4880,澤崎 雄哉,2026-04-26,2026-05-01,03,江戸川,一般,２　１３２　４３５　４５,2026-01-10,2026-01-15,03,江戸川,一般,４４４　３エ,2025-08-17,2025-08-22,03,江戸川,一般,３２２４１　３６２　５６,2025-08-03,2025-08-08,03,江戸川,ＧⅢ,５　２４３　３２３３２３,2025-05-07,2025-05-12,03,江戸川,一般,２３４４４　F２４　６２
202609110310,2026-09-11,03,10R,4598,加藤 政彦,2026-08-09,2026-08-15,03,江戸川,一般,１　４４１　２５４　６１,2026-06-24,2026-06-29,03,江戸川,一般,４４５　１１２　１１[３],2026-04-26,2026-05-01,03,江戸川,一般,１　２２　　１２２　[３],2026-02-18,2026-02-24,03,江戸川,ＧⅠ,４　４５６　５４３　５５,2026-01-02,2026-01-07,03,江戸川,一般,５　２１６　落F５　６４,3944,山口 裕二,2025-10-05,2025-10-11,03,江戸川,ＧⅢ,４２　　２５２　１３３６,2021-12-08,2021-12-13,03,江戸川,ＧⅡ,３　１３５　３４４　１４,2021-10-15,2021-10-20,03,江戸川,ＧⅠ,３　４　５１３　２２２５,2018-05-11,2018-05-16,03,江戸川,一般,３　３　３３３４２　５５,2017-10-26,2017-10-31,03,江戸川,一般,２　２３４　４２　　３１,4000,松本 博昭,2026-02-08,2026-02-12,03,江戸川,一般,２４４１４　１４２５,2025-09-28,2025-10-02,03,江戸川,一般,エ　６５,2025-02-21,2025-02-26,03,江戸川,一般,１　２３２　２５３　１５,2024-04-19,2024-04-25,03,江戸川,一般,５４３　２１６　１３４,2024-01-15,2024-01-20,03,江戸川,ＧⅡ,３４５　５５６　４６４,3664,鈴木 賢一,2013-01-29,2013-02-04,03,江戸川,ＧⅠ,６　４２５　４５６　４,2012-10-12,2012-10-17,03,江戸川,一般,３　１１１４２　２１[４],2011-12-01,2011-12-06,03,江戸川,ＧⅠ,４　５５６　１３３　４５,2011-05-13,2011-05-18,03,江戸川,一般,２２１　２４２　１１[２],2009-12-26,2009-12-31,03,江戸川,一般,１　３１２　１１４　２１,5138,村本 大成,2026-03-07,2026-03-10,03,江戸川,一般,５５３　６４１,2025-12-08,2025-12-14,03,江戸川,一般,３５３　５４５３３　４３,2024-12-24,2024-12-29,03,江戸川,一般,６　１３３５６　４６５５,2023-02-03,2023-02-06,03,江戸川,一般,５６６　３６４６,2022-09-17,2022-09-22,03,江戸川,一般,５５３　５　５　１５６,3850,小川 知行,2026-06-24,2026-06-29,03,江戸川,一般,５４６　１２３　２６３,2025-11-23,2025-11-28,03,江戸川,一般,１　１３５　１２５３[５],2025-10-05,2025-10-11,03,江戸川,ＧⅢ,２６３　４６４　４５３３,2025-05-23,2025-05-28,03,江戸川,一般,４　１５５　５６５４３,2025-02-13,2025-02-19,03,江戸川,一般,５　３６５５１　２５６６
202609110311,2026-09-11,03,11R,4427,秦 英悟,2025-04-08,2025-04-13,03,江戸川,一般,１１１１４　３１１１[１],2024-12-24,2024-12-29,03,江戸川,一般,１６５３欠,2022-11-26,2022-12-02,03,江戸川,一般,４５３　２１１　３２[３],2019-12-24,2019-12-29,03,江戸川,一般,４　３２５　２４１　２３,2017-12-24,2017-12-29,03,江戸川,一般,５　３１５　３１１２３F,4888,金児 隆太,2025-12-25,2025-12-29,03,江戸川,一般,１５４　５３５　２３,2024-01-15,2024-01-20,03,江戸川,ＧⅡ,６　２エ３　５２３３２,2023-12-16,2023-12-20,03,江戸川,一般,６　５５５　５１５１,2023-10-21,2023-10-25,03,江戸川,一般,１　３２６　３６３２,2023-03-19,2023-03-24,03,江戸川,一般,５１２　５４１　２２１２,4438,森作 雄大,2026-08-09,2026-08-15,03,江戸川,一般,１４３　６１６　１２６５,2026-06-24,2026-06-29,03,江戸川,一般,１　５４４　４４４　６２,2026-05-11,2026-05-16,03,江戸川,ＧⅡ,３　１　６　６６６６２,2026-04-26,2026-05-01,03,江戸川,一般,５３２　６　５　５１１,2026-03-07,2026-03-10,03,江戸川,一般,４６１　３２５６,4623,中北 将史,2026-06-03,2026-06-07,03,江戸川,一般,２　５２１　６１,2025-12-17,2025-12-21,03,江戸川,一般,３　４５４　３５３６,2025-09-14,2025-09-18,03,江戸川,一般,４２６　６６３　１４,2025-02-13,2025-02-19,03,江戸川,一般,５５５５１　４６５　３５,2024-03-07,2024-03-11,03,江戸川,一般,欠,5279,石渡 翔一郎,2026-08-09,2026-08-15,03,江戸川,一般,２　２３４　２１転　３,2026-06-24,2026-06-29,03,江戸川,一般,４３４　２６３　４５５,2026-06-11,2026-06-16,03,江戸川,一般,１　１３１　１４５４２２,2026-04-26,2026-05-01,03,江戸川,一般,２　５１　　６３１　１３,2026-04-13,2026-04-18,03,江戸川,一般,３　５５６　１３５　２１,4142,平野 和明,2026-01-10,2026-01-15,03,江戸川,一般,４　３２４不,2025-09-14,2025-09-18,03,江戸川,一般,１　２６１　１２[３],2025-05-16,2025-05-21,03,江戸川,一般,４４　　２４,2025-01-23,2025-01-28,03,江戸川,一般,２３２　４４２　４６３３,2024-04-19,2024-04-25,03,江戸川,一般,３　２３３　１５２　欠欠
202609110312,2026-09-11,03,12R,3256,三角 哲男,2026-03-15,2026-03-20,03,江戸川,一般,３２欠　１２５　５５４,2026-01-02,2026-01-07,03,江戸川,一般,３５３　２２６　２４３,2025-02-21,2025-02-26,03,江戸川,一般,６１３　５３１　３２１４,2024-11-18,2024-11-22,03,江戸川,一般,４２１１１　２１[３],2024-08-27,2024-09-01,03,江戸川,一般,　　４４１　３６１　１３,4418,茅原 悠紀,2026-02-18,2026-02-24,03,江戸川,ＧⅠ,１２１　４　１４F　２,2024-02-27,2024-03-04,03,江戸川,ＧⅠ,１　６３２　２４　　１３,2023-04-16,2023-04-21,03,江戸川,一般,４２１　２１１　１１[４],2023-02-24,2023-03-01,03,江戸川,一般,３　３３６１１　１　１１,2019-09-24,2019-09-29,03,江戸川,ＧⅠ,６６１　５４２　３３４,4471,新田 泰章,2025-11-07,2025-11-12,03,江戸川,一般,１　３３３　１１２５２１,2025-07-05,2025-07-10,03,江戸川,一般,４　１３２　２１エ３[２],2024-11-26,2024-11-30,03,江戸川,一般,２２５　１３[３],2024-08-27,2024-09-01,03,江戸川,一般,２　３　５４２　３４６２,2023-08-25,2023-08-29,03,江戸川,一般,２１６　２２４　２２,4604,岩瀬 裕亮,2026-02-18,2026-02-24,03,江戸川,ＧⅠ,４３２　４　３１４　１６,2025-11-23,2025-11-28,03,江戸川,一般,１５３　１４１　３３[３],2025-07-05,2025-07-10,03,江戸川,一般,３　４３３　１１３４３１,2025-01-14,2025-01-19,03,江戸川,ＧⅠ,１　２３５　２　２　[３],2023-10-07,2023-10-09,03,江戸川,一般,２　１４１１,4661,中島 昂章,2024-02-20,2024-02-23,03,江戸川,一般,３１３　４３２４,2023-12-24,2023-12-28,03,江戸川,一般,３　２３３　１２３２,2023-07-27,2023-08-01,03,江戸川,一般,１　１２４２６　４６F２,2023-02-24,2023-03-01,03,江戸川,一般,２　１４２転３　１　４３,2023-01-10,2023-01-15,03,江戸川,一般,１２５１３　４２３４３１,4452,松尾 祭,2026-05-11,2026-05-16,03,江戸川,ＧⅡ,６　４２３　６　２５５,2026-03-07,2026-03-10,03,江戸川,一般,３３３　２１２１,2025-10-14,2025-10-19,03,江戸川,ＧⅡ,５４３　２２１　６　２５,2025-07-05,2025-07-10,03,江戸川,一般,２　４１１　３２２２[６],2025-02-13,2025-02-19,03,江戸川,一般,２４１　F５３
202609110501,2026-09-11,05,01R,3772,一柳 和孝,2026-06-17,2026-06-22,05,多摩川,一般,６　４４２６５　２　５４,2025-09-20,2025-09-25,05,多摩川,一般,２３２　４５２　４３３１,2025-03-27,2025-03-31,05,多摩川,一般,４３１５４　４　２６,2024-03-19,2024-03-24,05,多摩川,一般,２　５３１４４１５２[４],2024-01-03,2024-01-07,05,多摩川,一般,５２３　１６３５４４,3947,寺本 昇平,2026-04-18,2026-04-23,05,多摩川,一般,５　４４３５４　４　１３,2025-09-20,2025-09-25,05,多摩川,一般,３　４４３　２２３３３６,2025-04-09,2025-04-13,05,多摩川,一般,５６４　５６６　３６,2024-09-11,2024-09-15,05,多摩川,一般,１　４６５４１　４４,2023-07-02,2023-07-07,05,多摩川,一般,２４４　５　４４４　３４,3641,一瀬 明,2026-08-15,2026-08-20,05,多摩川,一般,４５３２１　１４６６５６,2026-07-05,2026-07-09,05,多摩川,一般,１３４１１３６３１２,2025-12-10,2025-12-14,05,多摩川,一般,１３２１４　１２[４],2025-08-10,2025-08-15,05,多摩川,一般,２　４５４３２２１５２５,2025-06-28,2025-07-03,05,多摩川,一般,１２１３２１１　４１[１],4210,松村 康太,2025-07-08,2025-07-13,05,多摩川,一般,５　４３５　５３４６１,2024-09-18,2024-09-23,05,多摩川,一般,４１５１２　３５３２[５],2023-09-20,2023-09-24,05,多摩川,一般,転,2023-02-26,2023-03-02,05,多摩川,一般,２　１３２６４６５４,2021-05-20,2021-05-25,05,多摩川,一般,１　５３４１２２３３２１,3463,乙津 康志,2026-06-17,2026-06-22,05,多摩川,一般,４　１５５３６　４　６５,2026-02-22,2026-02-27,05,多摩川,一般,１３４　１１４　２４３２,2025-11-19,2025-11-24,05,多摩川,ＧⅢ,４　３５５３５　６　３,2025-03-27,2025-03-31,05,多摩川,一般,１５２３３　２５４３,2024-07-09,2024-07-14,05,多摩川,一般,４　５４２　６４４　６４,3977,山本 兼士,2026-05-20,2026-05-25,05,多摩川,一般,５４３　３　３６５６４,2025-12-26,2025-12-31,05,多摩川,一般,２　２３４５３　１１２５,2025-04-09,2025-04-13,05,多摩川,一般,４５４　２　４５３３,2024-06-19,2024-06-24,05,多摩川,ＧⅢ,６２４　６５４　６　２１,2023-09-20,2023-09-24,05,多摩川,一般,５３１　１４４４２４
202609110502,2026-09-11,05,02R,4281,大澤 大夢,2026-07-05,2026-07-09,05,多摩川,一般,４４１３４　４　５２,2026-03-11,2026-03-16,05,多摩川,一般,６５５　４　５６６　５,2025-08-10,2025-08-15,05,多摩川,一般,１３５　４　３３１３１５,2025-01-03,2025-01-07,05,多摩川,一般,５　２６４６３　３３,2024-09-02,2024-09-08,05,多摩川,一般,５４６　２６４　２　２５,4031,飯島 誠,2026-04-18,2026-04-23,05,多摩川,一般,６　５１６５６　４　３,2026-01-03,2026-01-07,05,多摩川,一般,５　１６３　６５３,2025-07-08,2025-07-13,05,多摩川,一般,３５６　１　４６５６４,2024-08-21,2024-08-26,05,多摩川,一般,４　４２４　３２４４１６,2024-06-19,2024-06-24,05,多摩川,ＧⅢ,３　５６５　４５２　４４,3740,大澤 普司,2026-06-07,2026-06-11,05,多摩川,一般,４５１１３３４３６１,2026-02-06,2026-02-11,05,多摩川,ＧⅠ,３６２　５　１６３　４６,2025-04-18,2025-04-23,05,多摩川,一般,６６３６,2022-09-11,2022-09-15,05,多摩川,一般,２５４４１３５　１４,2022-04-09,2022-04-14,05,多摩川,一般,１３６　３１３２４２[２],3965,北中 元樹,2026-03-28,2026-03-31,05,多摩川,一般,２　２６２１５２,2025-09-20,2025-09-25,05,多摩川,一般,１　３１１　４５２２[４],2025-06-28,2025-07-03,05,多摩川,一般,３４５　３６３５２　２１,2021-12-28,2021-12-31,05,多摩川,一般,３５２３１３１３,2019-06-03,2019-06-07,05,多摩川,一般,５５２　３２５　４２,3713,伊藤 誠二,2026-04-18,2026-04-23,05,多摩川,一般,２５１　５４３２１４３５,2025-07-08,2025-07-13,05,多摩川,一般,３５４　１２４　１４２５,2025-03-08,2025-03-12,05,多摩川,一般,２転,2024-09-18,2024-09-23,05,多摩川,一般,３５３５４　６２２　３１,2024-01-30,2024-02-03,05,多摩川,一般,１　３４,4465,大西 賢,2025-08-10,2025-08-15,05,多摩川,一般,１　３５６　４５５　６,2025-04-26,2025-05-01,05,多摩川,一般,４　５５５　５６５　５４,2024-09-11,2024-09-15,05,多摩川,一般,５　２３６６４　３１,2024-06-29,2024-07-03,05,多摩川,一般,４４５　３４４　２１,2024-04-27,2024-05-02,05,多摩川,一般,５３３　５６６　４　４
202609110503,2026-09-11,05,03R,3934,鋤柄 貴俊,2025-01-19,2025-01-23,05,多摩川,一般,５　４４４　６２５５,2024-11-22,2024-11-27,05,多摩川,一般,５　４３５　５３５　２２,2023-09-13,2023-09-17,05,多摩川,一般,２５２　５６５　４,2023-04-23,2023-04-26,05,多摩川,一般,F５５　５　３,2023-03-23,2023-03-27,05,多摩川,一般,４３６　２３４　６２,4146,柳橋 宏紀,2024-06-29,2024-07-03,05,多摩川,一般,６６４　３　３３４２,2021-01-19,2021-01-24,05,多摩川,一般,６　４５３　１５４１２,2015-01-28,2015-02-01,05,多摩川,一般,２　３３３２３４５１,2013-02-20,2013-02-24,05,多摩川,一般,５６６　１１２２１４,2012-04-12,2012-04-17,05,多摩川,一般,４４１　１２２１４４３３,5103,芝田 京介,2025-05-17,2025-05-21,05,多摩川,一般,６　５６５　６　３５,2025-01-10,2025-01-15,05,多摩川,一般,３３F　欠,2024-09-28,2024-10-01,05,多摩川,一般,６　６欠,2024-02-15,2024-02-19,05,多摩川,一般,６　６　３５１５６６,2023-08-17,2023-08-20,05,多摩川,一般,F　６　６５６,3997,北村 征嗣,2025-11-09,2025-11-14,05,多摩川,一般,２　４４１３３１３３４５,2024-12-17,2024-12-21,05,多摩川,一般,３２３３４３１４２４,2022-02-26,2022-03-03,05,多摩川,一般,４１１５１　１F３　５,2021-08-26,2021-08-31,05,多摩川,一般,２４２２１　２１４１[３],2019-10-01,2019-10-05,05,多摩川,一般,３２２２１１３３[６],4035,杉江 浩明,2026-04-18,2026-04-23,05,多摩川,一般,５　６６６　６６６　４,2025-03-20,2025-03-24,05,多摩川,一般,３５５　６　２５１,2024-05-05,2024-05-09,05,多摩川,一般,６　６５５　１　５４,2024-01-03,2024-01-07,05,多摩川,一般,６　６６１６５６１１,2022-11-28,2022-12-03,05,多摩川,一般,２　５６３　１１３６２４,4420,津久井 拓也,2026-01-25,2026-01-29,05,多摩川,一般,５２４　１６２　４３,2025-07-08,2025-07-13,05,多摩川,一般,１３５　４　５１３２[４],2024-10-17,2024-10-21,05,多摩川,一般,５１４６６　２　３３,2024-03-19,2024-03-24,05,多摩川,一般,５１６　６３５６４　３１,2023-02-06,2023-02-09,05,多摩川,一般,５５１４６　３４
202609110504,2026-09-11,05,04R,3990,芹澤 克彦,2025-09-09,2025-09-13,05,多摩川,一般,６５５　４６４　１,2024-09-02,2024-09-08,05,多摩川,一般,５　４４６　５６４　５１,2023-02-26,2023-03-02,05,多摩川,一般,６５１　１３１３５２,2022-03-19,2022-03-24,05,多摩川,一般,１２３６２　　　６６１５,2021-09-11,2021-09-15,05,多摩川,一般,６５５　２６６　２４,3792,田中 豪,2026-08-15,2026-08-20,05,多摩川,一般,５１３３２３２　１３３１,2026-04-27,2026-05-02,05,多摩川,一般,４３２１３３３　１６１５,2026-01-03,2026-01-07,05,多摩川,一般,６３３２６　１,2025-11-19,2025-11-24,05,多摩川,ＧⅢ,４　１２２１６２１５１３,2025-07-25,2025-07-29,05,多摩川,一般,３３５２３３６６１４,4565,西村 豪洋,2026-06-07,2026-06-11,05,多摩川,一般,６３１　３５３　１４,2024-03-19,2024-03-24,05,多摩川,一般,６　３２３　６１４１１１,2023-01-03,2023-01-07,05,多摩川,一般,４　３６２F３　６,2022-11-28,2022-12-03,05,多摩川,一般,１６６　１６１　６３６２,2022-01-09,2022-01-12,05,多摩川,一般,３　２３６４３落,3813,佐藤 大介,2026-03-28,2026-03-31,05,多摩川,一般,２１２３２３[６],2025-03-08,2025-03-12,05,多摩川,一般,２５２５１１３２[５],2024-10-17,2024-10-21,05,多摩川,一般,２３４　３１１　３１,2024-04-20,2024-04-24,05,多摩川,一般,５６４２１２１５５２,2021-08-26,2021-08-31,05,多摩川,一般,４６４２４　４３,4656,大崎 翔,2026-02-22,2026-02-27,05,多摩川,一般,２２４　４４１　２５２３,2025-09-20,2025-09-25,05,多摩川,一般,３４１　５５５　３２１５,2025-03-20,2025-03-24,05,多摩川,一般,３　５６６　２　４４,2024-06-29,2024-07-03,05,多摩川,一般,６３５　１　１３４２,2023-06-24,2023-06-28,05,多摩川,一般,４　６４６　１　５４,5433,米本 圭佑,2026-06-07,2026-06-11,05,多摩川,一般,６　５　６６５　転５,2026-04-27,2026-05-02,05,多摩川,一般,６　６６６６６　６　６,2025-11-09,2025-11-14,05,多摩川,一般,６　６６６６５　６　５６,,,,,,,,,,,,
202609110505,2026-09-11,05,05R,3519,冨田 秀幸,2026-01-03,2026-01-07,05,多摩川,一般,３　６５５　５６４,2024-12-10,2024-12-14,05,多摩川,一般,転　２５３　５６２,2024-07-26,2024-07-31,05,多摩川,一般,４　１６４　６３４３４６,2024-05-12,2024-05-16,05,多摩川,一般,５　２２５３４　５２,2024-01-10,2024-01-14,05,多摩川,一般,５　４２３　６４F２,5262,鈴木 章司,2025-01-19,2025-01-23,05,多摩川,一般,２３５　５３４　３５,2024-09-02,2024-09-08,05,多摩川,一般,４４４　５４６　６　６３,2024-01-30,2024-02-03,05,多摩川,一般,５　５４６　４４３２,2023-11-07,2023-11-12,05,多摩川,一般,４　２６３　６５２　５５,2023-07-21,2023-07-26,05,多摩川,一般,６　６６５　６５５　転,4587,木田 峰由季,2025-09-20,2025-09-25,05,多摩川,一般,５　３１２　２３３４１１,2025-04-18,2025-04-23,05,多摩川,一般,３３３　４F３６５　２,2024-12-17,2024-12-21,05,多摩川,一般,４５５　５２３　１４,2023-05-28,2023-06-02,05,多摩川,一般,４３６　５４１　１５３,2021-04-05,2021-04-10,05,多摩川,一般,６　転４１５１５４　４３,4645,上村 純一,2026-02-06,2026-02-11,05,多摩川,ＧⅠ,２４４　４５１　１６５,2025-08-20,2025-08-24,05,多摩川,一般,３３１　１４３３１１,2025-04-18,2025-04-23,05,多摩川,一般,２　３４２６１４１２[４],2024-09-18,2024-09-23,05,多摩川,一般,２　３３１１２２２１[４],2023-08-26,2023-08-30,05,多摩川,一般,３２６　５２６１４,3647,伊藤 雄二,2026-06-28,2026-07-02,05,多摩川,一般,６　４　４４６６５,2025-05-17,2025-05-21,05,多摩川,一般,６　４５６１５　２,2025-02-15,2025-02-19,05,多摩川,一般,５　６４４　３５５１,2024-01-03,2024-01-07,05,多摩川,一般,４　１３４５２６３６,2023-08-08,2023-08-13,05,多摩川,一般,５　４２４　４６３　５５,3463,乙津 康志,2026-06-17,2026-06-22,05,多摩川,一般,４　１５５３６　４　６５,2026-02-22,2026-02-27,05,多摩川,一般,１３４　１１４　２４３２,2025-11-19,2025-11-24,05,多摩川,ＧⅢ,４　３５５３５　６　３,2025-03-27,2025-03-31,05,多摩川,一般,１５２３３　２５４３,2024-07-09,2024-07-14,05,多摩川,一般,４　５４２　６４４　６４
202609110506,2026-09-11,05,06R,3489,大場 敏,2026-03-28,2026-03-31,05,多摩川,一般,４２４４４　３５,2025-12-10,2025-12-14,05,多摩川,一般,４１３　６３１４３３,2025-05-25,2025-05-29,05,多摩川,一般,２３３　２４４４３１,2024-12-10,2024-12-14,05,多摩川,一般,５４２１４　１　２５,2024-08-21,2024-08-26,05,多摩川,一般,５　５４２　４４３　４１,4281,大澤 大夢,2026-07-05,2026-07-09,05,多摩川,一般,４４１３４　４　５２,2026-03-11,2026-03-16,05,多摩川,一般,６５５　４　５６６　５,2025-08-10,2025-08-15,05,多摩川,一般,１３５　４　３３１３１５,2025-01-03,2025-01-07,05,多摩川,一般,５　２６４６３　３３,2024-09-02,2024-09-08,05,多摩川,一般,５４６　２６４　２　２５,2538,高橋 二朗,2026-08-15,2026-08-20,05,多摩川,一般,４　４４５　５５３　６,2026-04-27,2026-05-02,05,多摩川,一般,２５５　３　３６４　４５,2026-03-11,2026-03-16,05,多摩川,一般,６　３４５　５３４　５５,2025-10-19,2025-10-23,05,多摩川,一般,２　２　５６４３５５,2025-04-09,2025-04-13,05,多摩川,一般,５　５　５６２６６５,4376,藤田 靖弘,2026-05-06,2026-05-11,05,多摩川,一般,２　１４１２１２５１[３],2024-12-10,2024-12-14,05,多摩川,一般,１３３　１５４５５４,2024-01-10,2024-01-14,05,多摩川,一般,４１３５,2023-08-17,2023-08-20,05,多摩川,一般,６６２１６１２６,2022-01-31,2022-02-05,05,多摩川,一般,２４５３３１４　６６１２,3641,一瀬 明,2026-08-15,2026-08-20,05,多摩川,一般,４５３２１　１４６６５６,2026-07-05,2026-07-09,05,多摩川,一般,１３４１１３６３１２,2025-12-10,2025-12-14,05,多摩川,一般,１３２１４　１２[４],2025-08-10,2025-08-15,05,多摩川,一般,２　４５４３２２１５２５,2025-06-28,2025-07-03,05,多摩川,一般,１２１３２１１　４１[１],3848,川上 聡介,2026-01-03,2026-01-07,05,多摩川,一般,２６５　１６５　３５,2025-04-18,2025-04-23,05,多摩川,一般,２６６２１４２　６４２４,2024-08-21,2024-08-26,05,多摩川,一般,５２１　２２２　３２[５],2024-01-03,2024-01-07,05,多摩川,一般,５５５F３　６　２,2023-03-23,2023-03-27,05,多摩川,一般,２１１　４４３６４６
202609110507,2026-09-11,05,07R,4227,安達 裕樹,2026-03-11,2026-03-16,05,多摩川,一般,４３５１３５３　１　３１,2025-09-29,2025-10-04,05,多摩川,ＧⅠ,２　５５５１５　５６６,2025-01-19,2025-01-23,05,多摩川,一般,５１３　３２３３５５,2024-10-17,2024-10-21,05,多摩川,一般,２５２３１１１５５３,2024-05-12,2024-05-16,05,多摩川,一般,４５５５２３５　３,3965,北中 元樹,2026-03-28,2026-03-31,05,多摩川,一般,２　２６２１５２,2025-09-20,2025-09-25,05,多摩川,一般,１　３１１　４５２２[４],2025-06-28,2025-07-03,05,多摩川,一般,３４５　３６３５２　２１,2021-12-28,2021-12-31,05,多摩川,一般,３５２３１３１３,2019-06-03,2019-06-07,05,多摩川,一般,５５２　３２５　４２,3977,山本 兼士,2026-05-20,2026-05-25,05,多摩川,一般,５４３　３　３６５６４,2025-12-26,2025-12-31,05,多摩川,一般,２　２３４５３　１１２５,2025-04-09,2025-04-13,05,多摩川,一般,４５４　２　４５３３,2024-06-19,2024-06-24,05,多摩川,ＧⅢ,６２４　６５４　６　２１,2023-09-20,2023-09-24,05,多摩川,一般,５３１　１４４４２４,4035,杉江 浩明,2026-04-18,2026-04-23,05,多摩川,一般,５　６６６　６６６　４,2025-03-20,2025-03-24,05,多摩川,一般,３５５　６　２５１,2024-05-05,2024-05-09,05,多摩川,一般,６　６５５　１　５４,2024-01-03,2024-01-07,05,多摩川,一般,６　６６１６５６１１,2022-11-28,2022-12-03,05,多摩川,一般,２　５６３　１１３６２４,4430,永田 秀二,2026-03-11,2026-03-16,05,多摩川,一般,３　３６４６４２２　１,2025-11-09,2025-11-14,05,多摩川,一般,６５３１４　４６２　３２,2025-08-10,2025-08-15,05,多摩川,一般,５１４　４２５１２３３１,2024-09-28,2024-10-01,05,多摩川,一般,３５３２３２４２,2024-08-11,2024-08-16,05,多摩川,一般,１　３５２５１３５４５５,5103,芝田 京介,2025-05-17,2025-05-21,05,多摩川,一般,６　５６５　６　３５,2025-01-10,2025-01-15,05,多摩川,一般,３３F　欠,2024-09-28,2024-10-01,05,多摩川,一般,６　６欠,2024-02-15,2024-02-19,05,多摩川,一般,６　６　３５１５６６,2023-08-17,2023-08-20,05,多摩川,一般,F　６　６５６
202609110508,2026-09-11,05,08R,3947,寺本 昇平,2026-04-18,2026-04-23,05,多摩川,一般,５　４４３５４　４　１３,2025-09-20,2025-09-25,05,多摩川,一般,３　４４３　２２３３３６,2025-04-09,2025-04-13,05,多摩川,一般,５６４　５６６　３６,2024-09-11,2024-09-15,05,多摩川,一般,１　４６５４１　４４,2023-07-02,2023-07-07,05,多摩川,一般,２４４　５　４４４　３４,4470,平田 健之佑,2025-11-09,2025-11-14,05,多摩川,一般,２１１１４　２３２１[３],2025-04-18,2025-04-23,05,多摩川,一般,２２１　５２１１５１[２],2024-12-17,2024-12-21,05,多摩川,一般,５４３　５１６　６欠,2024-09-28,2024-10-01,05,多摩川,一般,２２３　１１[５],2024-07-26,2024-07-31,05,多摩川,一般,３１１　２３１５１５１５,5042,畑田 汰一,2026-02-06,2026-02-11,05,多摩川,ＧⅠ,４　落　６１６６３　３６,2025-06-14,2025-06-19,05,多摩川,ＧⅢ,６１５　５５３　３５４,2025-04-18,2025-04-23,05,多摩川,一般,５４３２１　１３３２[５],2022-09-20,2022-09-25,05,多摩川,ＧⅠ,１　３６２　２　３　４１,2021-12-28,2021-12-31,05,多摩川,一般,３４２１１１[２],4031,飯島 誠,2026-04-18,2026-04-23,05,多摩川,一般,６　５１６５６　４　３,2026-01-03,2026-01-07,05,多摩川,一般,５　１６３　６５３,2025-07-08,2025-07-13,05,多摩川,一般,３５６　１　４６５６４,2024-08-21,2024-08-26,05,多摩川,一般,４　４２４　３２４４１６,2024-06-19,2024-06-24,05,多摩川,ＧⅢ,３　５６５　４５２　４４,4565,西村 豪洋,2026-06-07,2026-06-11,05,多摩川,一般,６３１　３５３　１４,2024-03-19,2024-03-24,05,多摩川,一般,６　３２３　６１４１１１,2023-01-03,2023-01-07,05,多摩川,一般,４　３６２F３　６,2022-11-28,2022-12-03,05,多摩川,一般,１６６　１６１　６３６２,2022-01-09,2022-01-12,05,多摩川,一般,３　２３６４３落,5449,堀井 涼平,2026-05-20,2026-05-25,05,多摩川,一般,６　６６６　６６６　６６,,,,,,,,,,,,,,,,,,,,,,,,
202609110509,2026-09-11,05,09R,3582,吉川 昭男,2025-09-20,2025-09-25,05,多摩川,一般,５３２　３６１２１６２６,2025-02-23,2025-02-27,05,多摩川,一般,６５１１２５１６１５,2024-11-22,2024-11-27,05,多摩川,一般,２　１２３４１２３２[２],2024-06-29,2024-07-03,05,多摩川,一般,１　３２１１２１[５],2023-06-05,2023-06-10,05,多摩川,ＧⅢ,５１１　１１６１１１[４],4420,津久井 拓也,2026-01-25,2026-01-29,05,多摩川,一般,５２４　１６２　４３,2025-07-08,2025-07-13,05,多摩川,一般,１３５　４　５１３２[４],2024-10-17,2024-10-21,05,多摩川,一般,５１４６６　２　３３,2024-03-19,2024-03-24,05,多摩川,一般,５１６　６３５６４　３１,2023-02-06,2023-02-09,05,多摩川,一般,５５１４６　３４,4619,伏田 裕隆,2026-05-06,2026-05-11,05,多摩川,一般,妨,2026-03-11,2026-03-16,05,多摩川,一般,３　６５２２６　５６,2025-08-10,2025-08-15,05,多摩川,一般,３　４１１４２　２４２２,2024-04-27,2024-05-02,05,多摩川,一般,５　２３５　２４１５６３,2023-12-19,2023-12-23,05,多摩川,一般,５１３　６６エ　２６,3740,大澤 普司,2026-06-07,2026-06-11,05,多摩川,一般,４５１１３３４３６１,2026-02-06,2026-02-11,05,多摩川,ＧⅠ,３６２　５　１６３　４６,2025-04-18,2025-04-23,05,多摩川,一般,６６３６,2022-09-11,2022-09-15,05,多摩川,一般,２５４４１３５　１４,2022-04-09,2022-04-14,05,多摩川,一般,１３６　３１３２４２[２],5433,米本 圭佑,2026-06-07,2026-06-11,05,多摩川,一般,６　５　６６５　転５,2026-04-27,2026-05-02,05,多摩川,一般,６　６６６６６　６　６,2025-11-09,2025-11-14,05,多摩川,一般,６　６６６６５　６　５６,,,,,,,,,,,,,4210,松村 康太,2025-07-08,2025-07-13,05,多摩川,一般,５　４３５　５３４６１,2024-09-18,2024-09-23,05,多摩川,一般,４１５１２　３５３２[５],2023-09-20,2023-09-24,05,多摩川,一般,転,2023-02-26,2023-03-02,05,多摩川,一般,２　１３２６４６５４,2021-05-20,2021-05-25,05,多摩川,一般,１　５３４１２２３３２１
202609110510,2026-09-11,05,10R,3713,伊藤 誠二,2026-04-18,2026-04-23,05,多摩川,一般,２５１　５４３２１４３５,2025-07-08,2025-07-13,05,多摩川,一般,３５４　１２４　１４２５,2025-03-08,2025-03-12,05,多摩川,一般,２転,2024-09-18,2024-09-23,05,多摩川,一般,３５３５４　６２２　３１,2024-01-30,2024-02-03,05,多摩川,一般,１　３４,4376,藤田 靖弘,2026-05-06,2026-05-11,05,多摩川,一般,２　１４１２１２５１[３],2024-12-10,2024-12-14,05,多摩川,一般,１３３　１５４５５４,2024-01-10,2024-01-14,05,多摩川,一般,４１３５,2023-08-17,2023-08-20,05,多摩川,一般,６６２１６１２６,2022-01-31,2022-02-05,05,多摩川,一般,２４５３３１４　６６１２,4491,田中 堅,2026-01-03,2026-01-07,05,多摩川,一般,４　４６５　６４３,2025-07-16,2025-07-20,05,多摩川,一般,５２１　３３３５２４,2025-02-15,2025-02-19,05,多摩川,一般,２４５　４６１　３５,2024-07-26,2024-07-31,05,多摩川,一般,２２３　５５１３１６１６,2023-12-06,2023-12-10,05,多摩川,一般,３３２　５３１　１６,3647,伊藤 雄二,2026-06-28,2026-07-02,05,多摩川,一般,６　４　４４６６５,2025-05-17,2025-05-21,05,多摩川,一般,６　４５６１５　２,2025-02-15,2025-02-19,05,多摩川,一般,５　６４４　３５５１,2024-01-03,2024-01-07,05,多摩川,一般,４　１３４５２６３６,2023-08-08,2023-08-13,05,多摩川,一般,５　４２４　４６３　５５,3997,北村 征嗣,2025-11-09,2025-11-14,05,多摩川,一般,２　４４１３３１３３４５,2024-12-17,2024-12-21,05,多摩川,一般,３２３３４３１４２４,2022-02-26,2022-03-03,05,多摩川,一般,４１１５１　１F３　５,2021-08-26,2021-08-31,05,多摩川,一般,２４２２１　２１４１[３],2019-10-01,2019-10-05,05,多摩川,一般,３２２２１１３３[６],4656,大崎 翔,2026-02-22,2026-02-27,05,多摩川,一般,２２４　４４１　２５２３,2025-09-20,2025-09-25,05,多摩川,一般,３４１　５５５　３２１５,2025-03-20,2025-03-24,05,多摩川,一般,３　５６６　２　４４,2024-06-29,2024-07-03,05,多摩川,一般,６３５　１　１３４２,2023-06-24,2023-06-28,05,多摩川,一般,４　６４６　１　５４
202609110511,2026-09-11,05,11R,4645,上村 純一,2026-02-06,2026-02-11,05,多摩川,ＧⅠ,２４４　４５１　１６５,2025-08-20,2025-08-24,05,多摩川,一般,３３１　１４３３１１,2025-04-18,2025-04-23,05,多摩川,一般,２　３４２６１４１２[４],2024-09-18,2024-09-23,05,多摩川,一般,２　３３１１２２２１[４],2023-08-26,2023-08-30,05,多摩川,一般,３２６　５２６１４,4430,永田 秀二,2026-03-11,2026-03-16,05,多摩川,一般,３　３６４６４２２　１,2025-11-09,2025-11-14,05,多摩川,一般,６５３１４　４６２　３２,2025-08-10,2025-08-15,05,多摩川,一般,５１４　４２５１２３３１,2024-09-28,2024-10-01,05,多摩川,一般,３５３２３２４２,2024-08-11,2024-08-16,05,多摩川,一般,１　３５２５１３５４５５,3848,川上 聡介,2026-01-03,2026-01-07,05,多摩川,一般,２６５　１６５　３５,2025-04-18,2025-04-23,05,多摩川,一般,２６６２１４２　６４２４,2024-08-21,2024-08-26,05,多摩川,一般,５２１　２２２　３２[５],2024-01-03,2024-01-07,05,多摩川,一般,５５５F３　６　２,2023-03-23,2023-03-27,05,多摩川,一般,２１１　４４３６４６,3772,一柳 和孝,2026-06-17,2026-06-22,05,多摩川,一般,６　４４２６５　２　５４,2025-09-20,2025-09-25,05,多摩川,一般,２３２　４５２　４３３１,2025-03-27,2025-03-31,05,多摩川,一般,４３１５４　４　２６,2024-03-19,2024-03-24,05,多摩川,一般,２　５３１４４１５２[４],2024-01-03,2024-01-07,05,多摩川,一般,５２３　１６３５４４,3792,田中 豪,2026-08-15,2026-08-20,05,多摩川,一般,５１３３２３２　１３３１,2026-04-27,2026-05-02,05,多摩川,一般,４３２１３３３　１６１５,2026-01-03,2026-01-07,05,多摩川,一般,６３３２６　１,2025-11-19,2025-11-24,05,多摩川,ＧⅢ,４　１２２１６２１５１３,2025-07-25,2025-07-29,05,多摩川,一般,３３５２３３６６１４,4146,柳橋 宏紀,2024-06-29,2024-07-03,05,多摩川,一般,６６４　３　３３４２,2021-01-19,2021-01-24,05,多摩川,一般,６　４５３　１５４１２,2015-01-28,2015-02-01,05,多摩川,一般,２　３３３２３４５１,2013-02-20,2013-02-24,05,多摩川,一般,５６６　１１２２１４,2012-04-12,2012-04-17,05,多摩川,一般,４４１　１２２１４４３３
202609110512,2026-09-11,05,12R,3813,佐藤 大介,2026-03-28,2026-03-31,05,多摩川,一般,２１２３２３[６],2025-03-08,2025-03-12,05,多摩川,一般,２５２５１１３２[５],2024-10-17,2024-10-21,05,多摩川,一般,２３４　３１１　３１,2024-04-20,2024-04-24,05,多摩川,一般,５６４２１２１５５２,2021-08-26,2021-08-31,05,多摩川,一般,４６４２４　４３,4587,木田 峰由季,2025-09-20,2025-09-25,05,多摩川,一般,５　３１２　２３３４１１,2025-04-18,2025-04-23,05,多摩川,一般,３３３　４F３６５　２,2024-12-17,2024-12-21,05,多摩川,一般,４５５　５２３　１４,2023-05-28,2023-06-02,05,多摩川,一般,４３６　５４１　１５３,2021-04-05,2021-04-10,05,多摩川,一般,６　転４１５１５４　４３,3489,大場 敏,2026-03-28,2026-03-31,05,多摩川,一般,４２４４４　３５,2025-12-10,2025-12-14,05,多摩川,一般,４１３　６３１４３３,2025-05-25,2025-05-29,05,多摩川,一般,２３３　２４４４３１,2024-12-10,2024-12-14,05,多摩川,一般,５４２１４　１　２５,2024-08-21,2024-08-26,05,多摩川,一般,５　５４２　４４３　４１,4140,梶野 学志,2026-02-22,2026-02-27,05,多摩川,一般,２５２１２５１　６４６２,2026-01-03,2026-01-07,05,多摩川,一般,１６５２４５２　１６,2025-08-20,2025-08-24,05,多摩川,一般,３４欠３３２３４１,2025-07-08,2025-07-13,05,多摩川,一般,６４１１３　１６２５２３,2025-04-26,2025-05-01,05,多摩川,一般,６欠,3507,藤井 徹,2026-05-20,2026-05-25,05,多摩川,一般,６　６,2025-12-10,2025-12-14,05,多摩川,一般,４　１４２　３６４５,2023-03-23,2023-03-27,05,多摩川,一般,４　６５５　５　５,2022-06-28,2022-07-03,05,多摩川,一般,５４４３５　１　３６１,2019-11-22,2019-11-27,05,多摩川,一般,４　２４６　６３２　１６,5042,畑田 汰一,2026-02-06,2026-02-11,05,多摩川,ＧⅠ,４　落　６１６６３　３６,2025-06-14,2025-06-19,05,多摩川,ＧⅢ,６１５　５５３　３５４,2025-04-18,2025-04-23,05,多摩川,一般,５４３２１　１３３２[５],2022-09-20,2022-09-25,05,多摩川,ＧⅠ,１　３６２　２　３　４１,2021-12-28,2021-12-31,05,多摩川,一般,３４２１１１[２]
202609110601,2026-09-11,06,01R,4068,幸田 智裕,2026-08-11,2026-08-16,06,浜名湖,一般,１　５４４　５６４　２４,2026-05-03,2026-05-08,06,浜名湖,一般,６５２　１５６　４５４,2026-03-29,2026-04-03,06,浜名湖,一般,４３３　５エ３　３　５,2025-11-26,2025-12-01,06,浜名湖,一般,１６２　３５４３３５３６,2025-08-15,2025-08-20,06,浜名湖,一般,　　　　　　　　５２５,4899,占部 一真,2026-02-10,2026-02-15,06,浜名湖,一般,５　２６２　６５４　２３,2025-08-23,2025-08-26,06,浜名湖,一般,５　２４１４２４,2022-01-27,2022-01-31,06,浜名湖,一般,５５４　４　３５４６,2021-01-09,2021-01-13,06,浜名湖,一般,５　４４３　１６６欠,,,,,,,5369,,,,,,,,,,,,,,,,,,,,,,,,,,,,,,,,4666,日笠 勝弘,2025-03-13,2025-03-16,06,浜名湖,一般,２４２５５　４３,2025-01-08,2025-01-13,06,浜名湖,一般,１　２４３４６５１　３６,2024-03-20,2024-03-25,06,浜名湖,一般,４　５６６　２２５　２４,2023-04-15,2023-04-20,06,浜名湖,一般,４　２６４６F　６　６,2021-03-28,2021-04-03,06,浜名湖,一般,６２６　６　６６欠,3306,武田 正紀,2026-02-10,2026-02-15,06,浜名湖,一般,６　３５４　５３４　５４,2025-08-23,2025-08-26,06,浜名湖,一般,３３４　４６５５,2025-03-04,2025-03-09,06,浜名湖,一般,６　３１１４３６３３６１,2021-12-11,2021-12-15,06,浜名湖,一般,５６５　３　４５３５,2021-07-25,2021-07-29,06,浜名湖,一般,２５３５５　４　５２,3392,小森 信雄,2025-08-30,2025-09-03,06,浜名湖,一般,２４１　５３４５２２,2024-05-03,2024-05-07,06,浜名湖,一般,１６３６５　３６５,2024-02-07,2024-02-12,06,浜名湖,一般,３　５４２　６５５　２４,2023-12-06,2023-12-11,06,浜名湖,一般,１　５４３　１１２６４,2023-04-06,2023-04-11,06,浜名湖,一般,５　６５４　６５
202609110602,2026-09-11,06,02R,4431,石塚 裕介,2025-07-17,2025-07-22,06,浜名湖,一般,２３６　６　４５３　４４,2024-02-07,2024-02-12,06,浜名湖,一般,１２２１３　２２１１[６],2023-12-06,2023-12-11,06,浜名湖,一般,３２３　４３５４２４２,2023-02-01,2023-02-06,06,浜名湖,一般,４３２１５　１２２２[２],2022-11-17,2022-11-20,06,浜名湖,一般,４５２６５　１５,4360,庄司 孝輔,2026-08-11,2026-08-16,06,浜名湖,一般,４３１　３２３　５３６１,2026-06-06,2026-06-10,06,浜名湖,一般,１３２　３１２１[３],2026-05-03,2026-05-08,06,浜名湖,一般,５　４６３　５３３　５３,2025-12-29,2026-01-03,06,浜名湖,一般,３　４３２　３２１２[６],2025-09-28,2025-10-03,06,浜名湖,一般,２　１１４３４３３３１５,4811,向井田 佑紀,2026-06-30,2026-07-05,06,浜名湖,一般,５５３　６６５　２　３３,2025-09-11,2025-09-16,06,浜名湖,一般,１　４３３５４　３６３３,2025-06-28,2025-07-03,06,浜名湖,一般,４　１５２６３５４　４１,2024-12-14,2024-12-17,06,浜名湖,一般,６４２　３６３,2024-04-16,2024-04-20,06,浜名湖,一般,３１４６４　５１６２,3939,渡辺 真至,2026-07-24,2026-07-27,06,浜名湖,一般,２４３　１２３１,2024-10-23,2024-10-27,06,浜名湖,一般,３１５３４　２６３２,2024-07-26,2024-07-29,06,浜名湖,一般,４５１　５５５３,2024-05-03,2024-05-07,06,浜名湖,一般,２２３　２２３４２３,2023-08-04,2023-08-08,06,浜名湖,一般,１２１４１　４１[１],4381,田路 朋史,2025-10-25,2025-10-30,06,浜名湖,一般,３　３１１２６１２５１４,2025-04-24,2025-04-29,06,浜名湖,一般,１２２３２３３６３２[４],2023-07-08,2023-07-11,06,浜名湖,一般,５６５２５　４４,2023-01-07,2023-01-11,06,浜名湖,一般,４１１　３５５５３４,2021-09-26,2021-09-29,06,浜名湖,一般,１１２３２１[２],3714,梶原 正,2025-04-24,2025-04-29,06,浜名湖,一般,３　５３６２５　２５３５,2021-10-22,2021-10-25,06,浜名湖,一般,６　３３４６６,2019-02-06,2019-02-11,06,浜名湖,一般,１　６４５　６５５　４３,2018-04-21,2018-04-25,06,浜名湖,一般,５　５５２　６６４３,2017-03-04,2017-03-07,06,浜名湖,一般,１　３３５６３５
202609110603,2026-09-11,06,03R,4336,松田 竜馬,2025-12-19,2025-12-24,06,浜名湖,一般,２５３　５３２　１５４４,2025-09-20,2025-09-25,06,浜名湖,一般,１４２　３５５３１５２３,2025-01-30,2025-02-04,06,浜名湖,一般,４５５　５４１　３　６１,2024-03-29,2024-04-03,06,浜名湖,一般,６２５,2023-06-04,2023-06-10,06,浜名湖,一般,３　２２２４１５１２[６],5091,為本 智也,2026-05-16,2026-05-19,06,浜名湖,一般,２　２２１３[３],2025-04-15,2025-04-20,06,浜名湖,一般,５　１２６５５　１３３４,2023-05-18,2023-05-22,06,浜名湖,一般,６６１　６１３　４５,2023-03-21,2023-03-25,06,浜名湖,一般,１４４　１５４６２６,2021-03-28,2021-04-03,06,浜名湖,一般,５６４　１　５６６　１４４,3777,樋口 亮,2026-02-19,2026-02-24,06,浜名湖,一般,１１１　４５１２２４１３,2025-08-23,2025-08-26,06,浜名湖,一般,１６１２５　４３,2024-10-12,2024-10-17,06,浜名湖,一般,２２３２１　１２３２[３],2024-07-26,2024-07-29,06,浜名湖,一般,３４２１１　[５],2023-12-22,2023-12-25,06,浜名湖,一般,４　６５５３４,4369,丹下 将,2025-12-10,2025-12-15,06,浜名湖,一般,１４４４４４３　１６５４,2025-03-20,2025-03-25,06,浜名湖,一般,２６５　１２２２６２[２],2024-10-23,2024-10-27,06,浜名湖,一般,２１１　３６３２[４],2022-02-27,2022-03-04,06,浜名湖,一般,５４F　５　４　４　２４,2021-12-11,2021-12-15,06,浜名湖,一般,４２１　１１２１[１],3516,吉原 聖人,2025-03-04,2025-03-09,06,浜名湖,一般,２５４欠,2024-12-07,2024-12-10,06,浜名湖,一般,５　２３５５３,2022-03-09,2022-03-14,06,浜名湖,一般,６４５　４１４　６４２４,2021-09-10,2021-09-14,06,浜名湖,一般,６　２４６３６　４５,2018-06-22,2018-06-27,06,浜名湖,ＧⅢ,２　３２１３２２５１[２],4677,片橋 幸貴,2025-08-23,2025-08-26,06,浜名湖,一般,４６２　５１４１,2025-02-09,2025-02-14,06,浜名湖,一般,２１４３１３３２１　[３],2024-11-16,2024-11-20,06,浜名湖,一般,２１２　３１３１[２],2024-01-16,2024-01-21,06,浜名湖,一般,１２４３１６１　１４３４,2023-06-13,2023-06-16,06,浜名湖,一般,６　１４４１４５
202609110604,2026-09-11,06,04R,3811,石田 章央,2026-07-24,2026-07-27,06,浜名湖,一般,１５４２６　６１,2026-05-03,2026-05-08,06,浜名湖,一般,５５４　３１５　１　６６,2026-01-08,2026-01-12,06,浜名湖,一般,２２６　２４１５１３,2025-08-30,2025-09-03,06,浜名湖,一般,３２５３２　１２２６,2025-07-26,2025-08-01,06,浜名湖,一般,２３２１２　２１５２[３],4876,梅木 敬太,2023-11-23,2023-11-28,06,浜名湖,一般,６　２６５５４　６５３５,2023-08-04,2023-08-08,06,浜名湖,一般,５４５　２　６６２５,2020-02-23,2020-02-28,06,浜名湖,一般,２３６　１５４１２６５４,2019-12-07,2019-12-11,06,浜名湖,一般,６　５６４５５　６３,2016-01-20,2016-01-25,06,浜名湖,一般,５　５１２　５２４４４３,3906,飯山 晃三,2025-08-23,2025-08-26,06,浜名湖,一般,１５１５５　６６,2024-08-30,2024-09-04,06,浜名湖,一般,６５１　４６２　６６６,2023-12-22,2023-12-25,06,浜名湖,一般,５３２　４５６６,2020-04-17,2020-04-21,06,浜名湖,一般,３　４４１５１５,2019-11-30,2019-12-04,06,浜名湖,一般,２１４４１　２６２５,3796,長野 道臣,2026-08-11,2026-08-16,06,浜名湖,一般,４　４５６　６５５　１３,2026-05-03,2026-05-08,06,浜名湖,一般,５５４　２５５　５　４４,2026-01-15,2026-01-20,06,浜名湖,一般,１　２５２４３　１６２２,2025-08-15,2025-08-20,06,浜名湖,一般,４４４　３　３３４　１１,2025-06-28,2025-07-03,06,浜名湖,一般,　　　　　　　　　　４５,4358,松本 庸平,2025-10-17,2025-10-21,06,浜名湖,一般,５５３　６　３３１,2024-12-14,2024-12-17,06,浜名湖,一般,３６６１４　５６,2024-06-29,2024-07-04,06,浜名湖,一般,６　２６３　５６６　１６,2024-02-07,2024-02-12,06,浜名湖,一般,１５３３４　２F５　３,2023-09-30,2023-10-03,06,浜名湖,一般,３４５　６　３６,4639,雑賀 勇貴,2025-11-26,2025-12-01,06,浜名湖,一般,３６２　４２５　４２２２,2024-12-14,2024-12-17,06,浜名湖,一般,５３４５６　５,2024-03-20,2024-03-25,06,浜名湖,一般,６　１　５６５５転　４,2024-01-06,2024-01-11,06,浜名湖,一般,３６２　３６３　２６５６,2021-06-10,2021-06-14,06,浜名湖,一般,５　６３６４３　１３
202609110605,2026-09-11,06,05R,3842,星野 太郎,2026-06-06,2026-06-10,06,浜名湖,一般,１　６４５３４　３５,2025-09-11,2025-09-16,06,浜名湖,一般,４６１　２５４　１２３４,2024-12-14,2024-12-17,06,浜名湖,一般,３　１４３３４５,2024-06-29,2024-07-04,06,浜名湖,一般,３１４２３３２　２３６１,2023-12-22,2023-12-25,06,浜名湖,一般,３１３５１１３１,3715,倉尾 大介,2026-02-19,2026-02-24,06,浜名湖,一般,４　２５５３,2024-05-28,2024-06-03,06,浜名湖,一般,３　２３２　３３５２１５４１,2023-11-23,2023-11-28,06,浜名湖,一般,４２３　１４１４４３２１,2023-01-17,2023-01-22,06,浜名湖,一般,転４４　１１１５５　５,2022-11-28,2022-12-03,06,浜名湖,ＧⅢ,４　４２６　２３４　１３,3286,坂東 満,2026-03-29,2026-04-03,06,浜名湖,一般,２　４３１　４６１　２４,2026-01-08,2026-01-12,06,浜名湖,一般,６　５６２４５　３３,2025-06-28,2025-07-03,06,浜名湖,一般,１　２５３３６３６　１１,2025-03-04,2025-03-09,06,浜名湖,一般,６　欠欠,2024-12-07,2024-12-10,06,浜名湖,一般,３　１２４６１３,3627,井上 恵一,2025-12-19,2025-12-24,06,浜名湖,一般,２３１　５４２１３２[６],2025-03-29,2025-04-03,06,浜名湖,一般,１　１１５３３　２４２３,2024-12-07,2024-12-10,06,浜名湖,一般,２　６１６２５５,2024-02-24,2024-02-29,06,浜名湖,一般,１５５　４　　　３５３５,2023-03-02,2023-03-07,06,浜名湖,一般,１　４６４６１６１　５５,5353,,,,,,,,,,,,,,,,,,,,,,,,,,,,,,,,5066,鈴木 孝明,2026-02-19,2026-02-24,06,浜名湖,一般,５６３　４４４,2025-04-24,2025-04-29,06,浜名湖,一般,２５２　２３４２６５５４,2024-12-20,2024-12-25,06,浜名湖,一般,２３３　L４４５,2024-09-18,2024-09-23,06,浜名湖,ＧⅢ,６５３　４５２　６６３６,2023-12-14,2023-12-17,06,浜名湖,一般,１３３　２４１１
202609110606,2026-09-11,06,06R,3306,武田 正紀,2026-02-10,2026-02-15,06,浜名湖,一般,６　３５４　５３４　５４,2025-08-23,2025-08-26,06,浜名湖,一般,３３４　４６５５,2025-03-04,2025-03-09,06,浜名湖,一般,６　３１１４３６３３６１,2021-12-11,2021-12-15,06,浜名湖,一般,５６５　３　４５３５,2021-07-25,2021-07-29,06,浜名湖,一般,２５３５５　４　５２,4967,中村 魁生,2026-04-09,2026-04-14,06,浜名湖,一般,３３３１２１２４２４２３,2025-08-30,2025-09-03,06,浜名湖,一般,４１１２３　４４１２,2024-09-09,2024-09-14,06,浜名湖,一般,２３５１４　１３３３２６,2022-10-20,2022-10-25,06,浜名湖,一般,２　転３１１１３４１[５],2019-02-06,2019-02-11,06,浜名湖,一般,２３６　１６３　３６４５,4434,田中 辰彦,2025-10-17,2025-10-21,06,浜名湖,一般,２　１３２４５６１５,2022-08-06,2022-08-10,06,浜名湖,一般,４５２４１　２１１６,2022-01-08,2022-01-13,06,浜名湖,一般,３　４１５３２１３　４２,2019-11-20,2019-11-25,06,浜名湖,一般,４４３　２４６１３３[５],2019-06-29,2019-07-02,06,浜名湖,一般,５２５　３３４１,3377,塚田 修二,2026-06-06,2026-06-10,06,浜名湖,一般,５　３４６４３　４２,2026-01-24,2026-01-27,06,浜名湖,一般,５３６５５　６,2025-03-04,2025-03-09,06,浜名湖,一般,４　１６３６５２５５３,2023-08-04,2023-08-08,06,浜名湖,一般,４　２６２４４５５４,2022-10-08,2022-10-13,06,浜名湖,一般,５　６６５,4066,東本 勝利,2026-03-20,2026-03-25,06,浜名湖,ＧⅢ,１　３５３３５６１　３４,2025-12-10,2025-12-15,06,浜名湖,一般,１５２４４１３１５２[６],2024-11-16,2024-11-20,06,浜名湖,一般,２　３４２５１２[４],2024-02-24,2024-02-29,06,浜名湖,一般,２　１１３　　　６２[６],2023-03-21,2023-03-25,06,浜名湖,一般,１３４２１１５３５１,4684,楠原 翔太,2025-01-16,2025-01-21,06,浜名湖,一般,４３５　４２４　２１４６,2024-09-18,2024-09-23,06,浜名湖,ＧⅢ,６６４　６６６　６　４,2023-07-15,2023-07-20,06,浜名湖,一般,６３５５１　２４６　１１,2022-09-24,2022-09-27,06,浜名湖,一般,３４４　５２１２,2022-01-27,2022-01-31,06,浜名湖,一般,６４５　３５１　１４
202609110607,2026-09-11,06,07R,4345,西舘 健,2025-10-08,2025-10-13,06,浜名湖,一般,１　３６４６２　３６２５,2024-09-18,2024-09-23,06,浜名湖,ＧⅢ,　　　　　　　　５４１,2023-12-22,2023-12-25,06,浜名湖,一般,エ欠,2023-07-08,2023-07-11,06,浜名湖,一般,３５１　６３４４,2023-03-11,2023-03-14,06,浜名湖,一般,１　５５３６５４,3714,梶原 正,2025-04-24,2025-04-29,06,浜名湖,一般,３　５３６２５　２５３５,2021-10-22,2021-10-25,06,浜名湖,一般,６　３３４６６,2019-02-06,2019-02-11,06,浜名湖,一般,１　６４５　６５５　４３,2018-04-21,2018-04-25,06,浜名湖,一般,５　５５２　６６４３,2017-03-04,2017-03-07,06,浜名湖,一般,１　３３５６３５,4798,浜先 真範,2026-02-10,2026-02-15,06,浜名湖,一般,１２４４３１転５２　３,2025-10-25,2025-10-30,06,浜名湖,一般,１　２４２６２４２３３１,2022-01-08,2022-01-13,06,浜名湖,一般,３２２　２１１３４　[１],2020-01-17,2020-01-21,06,浜名湖,一般,３　６２１３F３６,2019-01-17,2019-01-20,06,浜名湖,一般,４３３４１　３４,5369,,,,,,,,,,,,,,,,,,,,,,,,,,,,,,,,4269,杉山 裕也,2023-02-11,2023-02-16,06,浜名湖,ＧⅠ,４　５　３１５　２２３６,2022-01-18,2022-01-23,06,浜名湖,一般,F５６　４　６　５２,2021-12-11,2021-12-15,06,浜名湖,一般,２６５　６６,2021-01-09,2021-01-13,06,浜名湖,一般,１３１１２１４１[３],2020-09-26,2020-09-29,06,浜名湖,一般,１１１１２３[１],5463,,,,,,,,,,,,,,,,,,,,,,,,,,,,,,,
202609110608,2026-09-11,06,08R,4381,田路 朋史,2025-10-25,2025-10-30,06,浜名湖,一般,３　３１１２６１２５１４,2025-04-24,2025-04-29,06,浜名湖,一般,１２２３２３３６３２[４],2023-07-08,2023-07-11,06,浜名湖,一般,５６５２５　４４,2023-01-07,2023-01-11,06,浜名湖,一般,４１１　３５５５３４,2021-09-26,2021-09-29,06,浜名湖,一般,１１２３２１[２],4022,待鳥 雄紀,2026-06-13,2026-06-16,06,浜名湖,一般,１２３　４３５５,2026-01-08,2026-01-12,06,浜名湖,一般,５　４４６６５　６５,2025-06-28,2025-07-03,06,浜名湖,一般,４　５４５５５　１　５２,2023-12-06,2023-12-11,06,浜名湖,一般,２３４１１　１２５１[１],2023-03-11,2023-03-14,06,浜名湖,一般,５　５５４２２３,3516,吉原 聖人,2025-03-04,2025-03-09,06,浜名湖,一般,２５４欠,2024-12-07,2024-12-10,06,浜名湖,一般,５　２３５５３,2022-03-09,2022-03-14,06,浜名湖,一般,６４５　４１４　６４２４,2021-09-10,2021-09-14,06,浜名湖,一般,６　２４６３６　４５,2018-06-22,2018-06-27,06,浜名湖,ＧⅢ,２　３２１３２２５１[２],3721,守田 俊介,2026-05-26,2026-05-31,06,浜名湖,ＳＧ,５　２２４　５　４１４,2025-11-03,2025-11-08,06,浜名湖,ＧⅠ,１６２　５　２５,2023-04-06,2023-04-11,06,浜名湖,一般,１２３１２２２２６４１１,2022-11-28,2022-12-03,06,浜名湖,ＧⅢ,５２２１１６１６５２[４],2022-11-04,2022-11-09,06,浜名湖,ＧⅠ,３１３　２　４３６　１３,4068,幸田 智裕,2026-08-11,2026-08-16,06,浜名湖,一般,１　５４４　５６４　２４,2026-05-03,2026-05-08,06,浜名湖,一般,６５２　１５６　４５４,2026-03-29,2026-04-03,06,浜名湖,一般,４３３　５エ３　３　５,2025-11-26,2025-12-01,06,浜名湖,一般,１６２　３５４３３５３６,2025-08-15,2025-08-20,06,浜名湖,一般,　　　　　　　　５２５,4876,梅木 敬太,2023-11-23,2023-11-28,06,浜名湖,一般,６　２６５５４　６５３５,2023-08-04,2023-08-08,06,浜名湖,一般,５４５　２　６６２５,2020-02-23,2020-02-28,06,浜名湖,一般,２３６　１５４１２６５４,2019-12-07,2019-12-11,06,浜名湖,一般,６　５６４５５　６３,2016-01-20,2016-01-25,06,浜名湖,一般,５　５１２　５２４４４３
202609110609,2026-09-11,06,09R,4150,山田 雄太,2026-08-11,2026-08-16,06,浜名湖,一般,１３３２５　１　３　３２,2026-01-24,2026-01-27,06,浜名湖,一般,１４２　５５２６,2025-12-29,2026-01-03,06,浜名湖,一般,１５５　４３５　３２１,2025-08-15,2025-08-20,06,浜名湖,一般,２６３６３　３　３１５,2025-07-17,2025-07-22,06,浜名湖,一般,１　５３５３２１４４２６,4369,丹下 将,2025-12-10,2025-12-15,06,浜名湖,一般,１４４４４４３　１６５４,2025-03-20,2025-03-25,06,浜名湖,一般,２６５　１２２２６２[２],2024-10-23,2024-10-27,06,浜名湖,一般,２１１　３６３２[４],2022-02-27,2022-03-04,06,浜名湖,一般,５４F　５　４　４　２４,2021-12-11,2021-12-15,06,浜名湖,一般,４２１　１１２１[１],4358,松本 庸平,2025-10-17,2025-10-21,06,浜名湖,一般,５５３　６　３３１,2024-12-14,2024-12-17,06,浜名湖,一般,３６６１４　５６,2024-06-29,2024-07-04,06,浜名湖,一般,６　２６３　５６６　１６,2024-02-07,2024-02-12,06,浜名湖,一般,１５３３４　２F５　３,2023-09-30,2023-10-03,06,浜名湖,一般,３４５　６　３６,4899,占部 一真,2026-02-10,2026-02-15,06,浜名湖,一般,５　２６２　６５４　２３,2025-08-23,2025-08-26,06,浜名湖,一般,５　２４１４２４,2022-01-27,2022-01-31,06,浜名湖,一般,５５４　４　３５４６,2021-01-09,2021-01-13,06,浜名湖,一般,５　４４３　１６６欠,,,,,,,4811,向井田 佑紀,2026-06-30,2026-07-05,06,浜名湖,一般,５５３　６６５　２　３３,2025-09-11,2025-09-16,06,浜名湖,一般,１　４３３５４　３６３３,2025-06-28,2025-07-03,06,浜名湖,一般,４　１５２６３５４　４１,2024-12-14,2024-12-17,06,浜名湖,一般,６４２　３６３,2024-04-16,2024-04-20,06,浜名湖,一般,３１４６４　５１６２,3715,倉尾 大介,2026-02-19,2026-02-24,06,浜名湖,一般,４　２５５３,2024-05-28,2024-06-03,06,浜名湖,一般,３　２３２　３３５２１５４１,2023-11-23,2023-11-28,06,浜名湖,一般,４２３　１４１４４３２１,2023-01-17,2023-01-22,06,浜名湖,一般,転４４　１１１５５　５,2022-11-28,2022-12-03,06,浜名湖,ＧⅢ,４　４２６　２３４　１３
202609110610,2026-09-11,06,10R,4066,東本 勝利,2026-03-20,2026-03-25,06,浜名湖,ＧⅢ,１　３５３３５６１　３４,2025-12-10,2025-12-15,06,浜名湖,一般,１５２４４１３１５２[６],2024-11-16,2024-11-20,06,浜名湖,一般,２　３４２５１２[４],2024-02-24,2024-02-29,06,浜名湖,一般,２　１１３　　　６２[６],2023-03-21,2023-03-25,06,浜名湖,一般,１３４２１１５３５１,5353,,,,,,,,,,,,,,,,,,,,,,,,,,,,,,,,4588,田中 京介,2026-03-20,2026-03-25,06,浜名湖,ＧⅢ,６　５５,2025-11-26,2025-12-01,06,浜名湖,一般,２　１４２３６１１２[６],2025-07-26,2025-08-01,06,浜名湖,一般,１　６６１１３４１３１５,2023-10-07,2023-10-11,06,浜名湖,一般,２３５　４１６２[６],2022-09-24,2022-09-27,06,浜名湖,一般,６　１２５３２３,4360,庄司 孝輔,2026-08-11,2026-08-16,06,浜名湖,一般,４３１　３２３　５３６１,2026-06-06,2026-06-10,06,浜名湖,一般,１３２　３１２１[３],2026-05-03,2026-05-08,06,浜名湖,一般,５　４６３　５３３　５３,2025-12-29,2026-01-03,06,浜名湖,一般,３　４３２　３２１２[６],2025-09-28,2025-10-03,06,浜名湖,一般,２　１１４３４３３３１５,3906,飯山 晃三,2025-08-23,2025-08-26,06,浜名湖,一般,１５１５５　６６,2024-08-30,2024-09-04,06,浜名湖,一般,６５１　４６２　６６６,2023-12-22,2023-12-25,06,浜名湖,一般,５３２　４５６６,2020-04-17,2020-04-21,06,浜名湖,一般,３　４４１５１５,2019-11-30,2019-12-04,06,浜名湖,一般,２１４４１　２６２５,5091,為本 智也,2026-05-16,2026-05-19,06,浜名湖,一般,２　２２１３[３],2025-04-15,2025-04-20,06,浜名湖,一般,５　１２６５５　１３３４,2023-05-18,2023-05-22,06,浜名湖,一般,６６１　６１３　４５,2023-03-21,2023-03-25,06,浜名湖,一般,１４４　１５４６２６,2021-03-28,2021-04-03,06,浜名湖,一般,５６４　１　５６６　１４４
202609110611,2026-09-11,06,11R,4654,篠田 優也,2025-09-20,2025-09-25,06,浜名湖,一般,１　１４１１２１１１[２],2025-03-13,2025-03-16,06,浜名湖,一般,３４１３３５１４,2024-06-07,2024-06-12,06,浜名湖,一般,２２６５４　１　１２１６,2022-07-13,2022-07-18,06,浜名湖,一般,１　３３２５F３４　４,2022-01-18,2022-01-23,06,浜名湖,一般,２　４４５４２３１４,3627,井上 恵一,2025-12-19,2025-12-24,06,浜名湖,一般,２３１　５４２１３２[６],2025-03-29,2025-04-03,06,浜名湖,一般,１　１１５３３　２４２３,2024-12-07,2024-12-10,06,浜名湖,一般,２　６１６２５５,2024-02-24,2024-02-29,06,浜名湖,一般,１５５　４　　　３５３５,2023-03-02,2023-03-07,06,浜名湖,一般,１　４６４６１６１　５５,3392,小森 信雄,2025-08-30,2025-09-03,06,浜名湖,一般,２４１　５３４５２２,2024-05-03,2024-05-07,06,浜名湖,一般,１６３６５　３６５,2024-02-07,2024-02-12,06,浜名湖,一般,３　５４２　６５５　２４,2023-12-06,2023-12-11,06,浜名湖,一般,１　５４３　１１２６４,2023-04-06,2023-04-11,06,浜名湖,一般,５　６５４　６５,4639,雑賀 勇貴,2025-11-26,2025-12-01,06,浜名湖,一般,３６２　４２５　４２２２,2024-12-14,2024-12-17,06,浜名湖,一般,５３４５６　５,2024-03-20,2024-03-25,06,浜名湖,一般,６　１　５６５５転　４,2024-01-06,2024-01-11,06,浜名湖,一般,３６２　３６３　２６５６,2021-06-10,2021-06-14,06,浜名湖,一般,５　６３６４３　１３,3777,樋口 亮,2026-02-19,2026-02-24,06,浜名湖,一般,１１１　４５１２２４１３,2025-08-23,2025-08-26,06,浜名湖,一般,１６１２５　４３,2024-10-12,2024-10-17,06,浜名湖,一般,２２３２１　１２３２[３],2024-07-26,2024-07-29,06,浜名湖,一般,３４２１１　[５],2023-12-22,2023-12-25,06,浜名湖,一般,４　６５５３４,4434,田中 辰彦,2025-10-17,2025-10-21,06,浜名湖,一般,２　１３２４５６１５,2022-08-06,2022-08-10,06,浜名湖,一般,４５２４１　２１１６,2022-01-08,2022-01-13,06,浜名湖,一般,３　４１５３２１３　４２,2019-11-20,2019-11-25,06,浜名湖,一般,４４３　２４６１３３[５],2019-06-29,2019-07-02,06,浜名湖,一般,５２５　３３４１
202609110612,2026-09-11,06,12R,3721,守田 俊介,2026-05-26,2026-05-31,06,浜名湖,ＳＧ,５　２２４　５　４１４,2025-11-03,2025-11-08,06,浜名湖,ＧⅠ,１６２　５　２５,2023-04-06,2023-04-11,06,浜名湖,一般,１２３１２２２２６４１１,2022-11-28,2022-12-03,06,浜名湖,ＧⅢ,５２２１１６１６５２[４],2022-11-04,2022-11-09,06,浜名湖,ＧⅠ,３１３　２　４３６　１３,5066,鈴木 孝明,2026-02-19,2026-02-24,06,浜名湖,一般,５６３　４４４,2025-04-24,2025-04-29,06,浜名湖,一般,２５２　２３４２６５５４,2024-12-20,2024-12-25,06,浜名湖,一般,２３３　L４４５,2024-09-18,2024-09-23,06,浜名湖,ＧⅢ,６５３　４５２　６６３６,2023-12-14,2023-12-17,06,浜名湖,一般,１３３　２４１１,3811,石田 章央,2026-07-24,2026-07-27,06,浜名湖,一般,１５４２６　６１,2026-05-03,2026-05-08,06,浜名湖,一般,５５４　３１５　１　６６,2026-01-08,2026-01-12,06,浜名湖,一般,２２６　２４１５１３,2025-08-30,2025-09-03,06,浜名湖,一般,３２５３２　１２２６,2025-07-26,2025-08-01,06,浜名湖,一般,２３２１２　２１５２[３],4677,片橋 幸貴,2025-08-23,2025-08-26,06,浜名湖,一般,４６２　５１４１,2025-02-09,2025-02-14,06,浜名湖,一般,２１４３１３３２１　[３],2024-11-16,2024-11-20,06,浜名湖,一般,２１２　３１３１[２],2024-01-16,2024-01-21,06,浜名湖,一般,１２４３１６１　１４３４,2023-06-13,2023-06-16,06,浜名湖,一般,６　１４４１４５,4798,浜先 真範,2026-02-10,2026-02-15,06,浜名湖,一般,１２４４３１転５２　３,2025-10-25,2025-10-30,06,浜名湖,一般,１　２４２６２４２３３１,2022-01-08,2022-01-13,06,浜名湖,一般,３２２　２１１３４　[１],2020-01-17,2020-01-21,06,浜名湖,一般,３　６２１３F３６,2019-01-17,2019-01-20,06,浜名湖,一般,４３３４１　３４,4967,中村 魁生,2026-04-09,2026-04-14,06,浜名湖,一般,３３３１２１２４２４２３,2025-08-30,2025-09-03,06,浜名湖,一般,４１１２３　４４１２,2024-09-09,2024-09-14,06,浜名湖,一般,２３５１４　１３３３２６,2022-10-20,2022-10-25,06,浜名湖,一般,２　転３１１１３４１[５],2019-02-06,2019-02-11,06,浜名湖,一般,２３６　１６３　３６４５
202609111201,2026-09-11,12,01R,4047,吉永 浩則,2026-05-30,2026-06-03,12,住之江,一般,１　６６５　３　１５,2025-12-25,2025-12-30,12,住之江,一般,１　１６６　６６５　１５,2025-10-09,2025-10-13,12,住之江,一般,２６２　５　４５１６,2025-02-20,2025-02-24,12,住之江,一般,１　６　２５３５１,2024-11-29,2024-12-03,12,住之江,一般,５４３　２３６　１,4626,伊藤 紘章,2026-05-11,2026-05-14,12,住之江,一般,４　６６５　５６,2024-06-10,2024-06-16,12,住之江,一般,１　３３３６１２２　１３４１,2022-12-07,2022-12-12,12,住之江,一般,４４１　３１４　６３３３,2021-12-08,2021-12-11,12,住之江,一般,４　５６６　３４,2020-12-17,2020-12-22,12,住之江,一般,６６３　１４３　６　５,4727,安部 慎一,2025-09-17,2025-09-21,12,住之江,一般,５４２　６６４　３５,2023-09-29,2023-10-03,12,住之江,一般,６　４５６　６　３１,2023-03-19,2023-03-22,12,住之江,一般,５　３６３　４３,2020-10-07,2020-10-12,12,住之江,一般,３　２２６　６　３２１１,2020-01-10,2020-01-15,12,住之江,一般,６　６４３　４転６　４,3630,黒田 誠司,2026-05-23,2026-05-27,12,住之江,一般,３　３２４　３５３５,2024-12-07,2024-12-12,12,住之江,ＧⅢ,６　３６４　２６５４５,2024-04-11,2024-04-16,12,住之江,一般,５　６５３４２　５　２４,2022-09-22,2022-09-25,12,住之江,一般,５２２　１４４６,2019-01-12,2019-01-17,12,住之江,一般,５６４　５２４　４３３,4229,市川 美宏,2026-03-23,2026-03-27,12,住之江,一般,３　６６４　３　３５,2024-07-10,2024-07-15,12,住之江,ＧⅢ,５　３５１　６５４　４５,2024-02-21,2024-02-26,12,住之江,一般,２６３　３４１　１６６４,2023-05-28,2023-06-02,12,住之江,一般,エ２６　６５５　５　４６,2022-09-22,2022-09-25,12,住之江,一般,５　１３２３４１,3558,山本 浩次,2026-05-23,2026-05-27,12,住之江,一般,５　６　４６１２３５,2026-01-27,2026-02-01,12,住之江,一般,４２４　６３,2025-02-20,2025-02-24,12,住之江,一般,５　４　５４６　４５,2024-07-10,2024-07-15,12,住之江,ＧⅢ,５　４　２３５３３　２３,2024-02-03,2024-02-08,12,住之江,一般,４　５６
202609111202,2026-09-11,12,02R,4898,菊地 敬介,2018-11-03,2018-11-08,12,住之江,一般,５　６５５　３　５　６６,,,,,,,,,,,,,,,,,,,,,,,,,4724,吉田 祐貴,2024-03-15,2024-03-20,12,住之江,一般,２４４　６　６６４　６６,2022-04-03,2022-04-09,12,住之江,一般,１６１　４　４６３４６３６５,2021-11-29,2021-12-05,12,住之江,一般,５５２　３６３　６６５　５,2015-11-27,2015-11-30,12,住之江,一般,４６６　２　５,,,,,,,4063,市橋 卓士,2025-09-25,2025-09-28,12,住之江,一般,２２４　１３１２,2025-03-31,2025-04-05,12,住之江,一般,２６５　２３２　２５５１,2024-07-29,2024-08-04,12,住之江,一般,１　１４F４３　６　６　４,2024-02-21,2024-02-26,12,住之江,一般,４　２２６１４４２３２３,2023-04-16,2023-04-19,12,住之江,一般,３１１　４１[１],3775,泉 啓文,2025-05-13,2025-05-18,12,住之江,一般,２　４落４　６１２　５５,2024-10-10,2024-10-15,12,住之江,一般,４　４２３　１５３５６２,2024-07-10,2024-07-15,12,住之江,ＧⅢ,４　６６２６５　６　４６,2024-02-15,2024-02-18,12,住之江,一般,３２３　１６１６,2022-12-07,2022-12-12,12,住之江,一般,６４６　２　５５６　３,3757,畑 和宏,2023-08-01,2023-08-06,12,住之江,一般,３４１　５３２　２６３５,2023-03-09,2023-03-13,12,住之江,一般,１　３５１４４３４１,2022-10-02,2022-10-07,12,住之江,一般,３　５２２　５２４３２４,2022-05-12,2022-05-17,12,住之江,ＧⅢ,３６６　６　５５６,2022-02-04,2022-02-09,12,住之江,一般,２　５３４４２４２５２６,4416,三宅 健太,2023-01-18,2023-01-21,12,住之江,一般,３６３　３１４５,2022-06-30,2022-07-05,12,住之江,ＧⅢ,１　３３５　６５５３２４,2018-02-06,2018-02-11,12,住之江,一般,６　５１６　５５５　４,2016-11-23,2016-11-28,12,住之江,一般,４５５　１３４　２　３,2011-08-03,2011-08-08,12,住之江,一般,１３３　１５４２６２[６]
202609111203,2026-09-11,12,03R,4253,西川 真人,2025-01-21,2025-01-26,12,住之江,一般,６４６　５２５,2024-07-29,2024-08-04,12,住之江,一般,５　６２６　２５２４１　３２,2023-12-28,2023-12-31,12,住之江,一般,４　５４エ　５２,2023-09-13,2023-09-16,12,住之江,一般,６　２５４　６６,2022-11-29,2022-12-04,12,住之江,一般,２５５　５　６５３　４６,4311,岡村 仁,2026-08-13,2026-08-18,12,住之江,一般,４５２　２４５　４２２,2026-05-23,2026-05-27,12,住之江,一般,F１１　２　４　６,2026-05-03,2026-05-08,12,住之江,一般,５　１３２　２２１３３４,2026-02-04,2026-02-09,12,住之江,ＧⅠ,５　５３３　６２５　３１,2026-01-02,2026-01-07,12,住之江,一般,５　３１２　３１１２[２],5321,一色 颯輝,2025-01-21,2025-01-26,12,住之江,一般,６６５　６５４　２　１２,,,,,,,,,,,,,,,,,,,,,,,,,4962,畑 竜生,2025-11-01,2025-11-06,12,住之江,一般,２　４３３　３３３　１１,2025-07-21,2025-07-26,12,住之江,ＧⅢ,４　６６１　２３１　５１,2025-01-10,2025-01-14,12,住之江,一般,２６３　４４１６２５,2024-05-16,2024-05-21,12,住之江,一般,１５１　５２４　５５５１,2023-12-08,2023-12-11,12,住之江,一般,５２５　６　１４,3955,眞田 英二,2025-10-01,2025-10-06,12,住之江,一般,５３６　１３５　１　５６,2025-03-09,2025-03-12,12,住之江,一般,１　３３１４３４,2024-05-16,2024-05-21,12,住之江,一般,４　３４２４１　１４４４,2021-01-09,2021-01-12,12,住之江,一般,６　２１５４１５,2020-01-29,2020-02-03,12,住之江,一般,１２２　２４２１落１[１],3293,宮内 由紀英,2026-01-11,2026-01-16,12,住之江,一般,３６６　５　６欠,2025-07-11,2025-07-16,12,住之江,一般,５　３６４　２５５　４,2024-02-03,2024-02-08,12,住之江,一般,５　２４４６５　５　５,2023-07-25,2023-07-30,12,住之江,一般,５４６　４　３６４　６４,2022-11-18,2022-11-23,12,住之江,一般,３２５　５　４４５　５
202609111204,2026-09-11,12,04R,4060,島田 一生,2026-04-23,2026-04-29,12,住之江,一般,６６３　１３２　２４６　１４,2025-08-22,2025-08-27,12,住之江,一般,１５３　４６３　６５２１,2025-01-10,2025-01-14,12,住之江,一般,２３１５３　２５６４,2024-10-18,2024-10-23,12,住之江,一般,３　１６６４６　３　１６,2024-07-01,2024-07-05,12,住之江,一般,２６２　４　３６６,3477,近藤 稔也,2025-07-03,2025-07-08,12,住之江,一般,１　４６５　６６５　５２,2023-09-13,2023-09-16,12,住之江,一般,３　４４２　３６,2022-02-04,2022-02-09,12,住之江,一般,３６３　４　５４４　６２,2021-12-08,2021-12-11,12,住之江,一般,３６４　４　４,2021-09-17,2021-09-22,12,住之江,一般,６２５　５　３３６　５,3471,赤峰 和也,2026-06-14,2026-06-17,12,住之江,一般,５　６３５　６１,2025-10-24,2025-10-29,12,住之江,一般,３６４　１３６　５　２,2025-02-27,2025-03-02,12,住之江,一般,１　４３４３６４,2020-11-11,2020-11-16,12,住之江,ＧⅢ,６　４２２　３６１４２,2019-03-01,2019-03-06,12,住之江,一般,１４６　４　６転,3502,渡邉 英児,2026-01-27,2026-02-01,12,住之江,一般,４　４２２　１４３３２１,2025-03-31,2025-04-05,12,住之江,一般,３４５　５　５３３　４１,2024-12-26,2024-12-29,12,住之江,一般,５　３２２　３６,2024-07-10,2024-07-15,12,住之江,ＧⅢ,１　２４３２４　４６２１,2024-05-09,2024-05-13,12,住之江,一般,５　６２３１２２[３],4875,大塚 康雅,2025-07-11,2025-07-16,12,住之江,一般,１２３　４６１４２４５２,2022-02-26,2022-03-02,12,住之江,一般,４　２４３２５５１６,2022-01-29,2022-02-01,12,住之江,一般,５２６　３　４１,2020-09-26,2020-10-01,12,住之江,一般,５　３３１６６　４４１３,2019-06-30,2019-07-05,12,住之江,一般,２　１　５４５４６３１５,4218,吉川 喜継,2026-05-23,2026-05-27,12,住之江,一般,１１落　１４３５１,2026-02-04,2026-02-09,12,住之江,ＧⅠ,２　１５３　６４２５２,2025-11-01,2025-11-06,12,住之江,一般,１　１３１４４　１３３１,2025-07-29,2025-08-01,12,住之江,一般,１３３　２３２１,2025-03-09,2025-03-12,12,住之江,一般,２　４１３２[５]
202609111205,2026-09-11,12,05R,4287,今井 貴士,2025-07-11,2025-07-16,12,住之江,一般,１　１１１　１２２３２１,2025-01-21,2025-01-26,12,住之江,一般,２　１４１　３２２５２２,2024-10-25,2024-10-29,12,住之江,一般,４５２１２　１３２５,2020-02-29,2020-03-05,12,住之江,一般,４５２３２　２６１２[６],2019-09-23,2019-09-28,12,住之江,一般,１５３　１１４５１２[４],5110,杉山 喜一,2025-09-25,2025-09-28,12,住之江,一般,１６２　３６４５,,,,,,,,,,,,,,,,,,,,,,,,,4404,岸蔭 亮,2024-12-26,2024-12-29,12,住之江,一般,３２１　５６３６,2024-08-21,2024-08-26,12,住之江,一般,４６５　エ　６６２　５５,2024-01-15,2024-01-18,12,住之江,一般,２６２４４　２,2023-09-29,2023-10-03,12,住之江,一般,６　５３４　２　２３,2021-11-02,2021-11-07,12,住之江,一般,２　３４６　３４６　４３,5187,小坂 風太,2023-10-07,2023-10-10,12,住之江,一般,４　２４４　３３,,,,,,,,,,,,,,,,,,,,,,,,,3718,伊達 正利,2022-09-05,2022-09-11,12,住之江,一般,６　１３５　１６５　４　２４,2022-05-12,2022-05-17,12,住之江,ＧⅢ,６　１５６　１６５　２,2019-07-21,2019-07-26,12,住之江,一般,４６３　２４１　４　３４,2015-02-04,2015-02-08,12,住之江,一般,２　５６５２３　４５,2014-07-31,2014-08-05,12,住之江,一般,１６１　２１４　１５２６,4375,照屋 厚仁,2026-04-23,2026-04-29,12,住之江,一般,３　３２１　５１１４２２[５],2024-11-29,2024-12-03,12,住之江,一般,４６１　４３３　６１,2024-04-11,2024-04-16,12,住之江,一般,５　２３５１２１６３１６,2023-09-21,2023-09-26,12,住之江,一般,５４３　２４６　３　３２,2022-07-13,2022-07-18,12,住之江,一般,１　６５２５６　６　６
202609111206,2026-09-11,12,06R,4260,中越 博紀,2026-05-23,2026-05-27,12,住之江,一般,６　６６２３２　２１,2025-02-27,2025-03-02,12,住之江,一般,２　１６５４６,2024-04-27,2024-04-30,12,住之江,一般,６　１２３５５３,2023-09-13,2023-09-16,12,住之江,一般,１　３３４２[５],2022-04-03,2022-04-09,12,住之江,一般,４５４　落欠,5009,大賀 龍之介,2024-11-29,2024-12-03,12,住之江,一般,５１１　６　６４４２,2023-02-27,2023-03-04,12,住之江,一般,４２１　４　１エ３６３５,2020-01-10,2020-01-15,12,住之江,一般,６　５　５１６　６６１,,,,,,,,,,,,,3300,川崎 智幸,2026-03-04,2026-03-09,12,住之江,一般,５　６５１　４４２　３１,2025-02-06,2025-02-11,12,住之江,一般,６　２３３１２　１３５１,2022-05-12,2022-05-17,12,住之江,ＧⅢ,３　６６５５４１１　F１,2021-09-02,2021-09-07,12,住之江,ＧⅠ,２　４１２　５４１４６５,2021-03-19,2021-03-24,12,住之江,一般,２３３　５５２３５３３１,4626,伊藤 紘章,2026-05-11,2026-05-14,12,住之江,一般,４　６６５　５６,2024-06-10,2024-06-16,12,住之江,一般,１　３３３６１２２　１３４１,2022-12-07,2022-12-12,12,住之江,一般,４４１　３１４　６３３３,2021-12-08,2021-12-11,12,住之江,一般,４　５６６　３４,2020-12-17,2020-12-22,12,住之江,一般,６６３　１４３　６　５,3957,大谷 直弘,2025-02-20,2025-02-24,12,住之江,一般,４　６　４４６　２６,2023-09-21,2023-09-26,12,住之江,一般,２６４　５５２　１　４４,2021-11-10,2021-11-15,12,住之江,一般,６　１１４　４６転,2019-10-01,2019-10-06,12,住之江,一般,４３３５２　２１３３３１,2019-06-23,2019-06-26,12,住之江,一般,２３４　５２４５,5158,宮脇 遼太,2025-09-25,2025-09-28,12,住之江,一般,１　１３５１[３],2025-03-15,2025-03-20,12,住之江,一般,１４２　５２２　５１１２,2023-04-09,2023-04-14,12,住之江,一般,５　５６５　２５３　転,,,,,,,,,,,,
202609111207,2026-09-11,12,07R,3630,黒田 誠司,2026-05-23,2026-05-27,12,住之江,一般,３　３２４　３５３５,2024-12-07,2024-12-12,12,住之江,ＧⅢ,６　３６４　２６５４５,2024-04-11,2024-04-16,12,住之江,一般,５　６５３４２　５　２４,2022-09-22,2022-09-25,12,住之江,一般,５２２　１４４６,2019-01-12,2019-01-17,12,住之江,一般,５６４　５２４　４３３,3293,宮内 由紀英,2026-01-11,2026-01-16,12,住之江,一般,３６６　５　６欠,2025-07-11,2025-07-16,12,住之江,一般,５　３６４　２５５　４,2024-02-03,2024-02-08,12,住之江,一般,５　２４４６５　５　５,2023-07-25,2023-07-30,12,住之江,一般,５４６　４　３６４　６４,2022-11-18,2022-11-23,12,住之江,一般,３２５　５　４４５　５,3654,武田 光史,2025-06-02,2025-06-06,12,住之江,一般,１４１　１５５２[４],2024-12-07,2024-12-12,12,住之江,ＧⅢ,１４３１２　６２４２[５],2024-07-01,2024-07-05,12,住之江,一般,１２２１３　３１[１],2023-12-28,2023-12-31,12,住之江,一般,３　２３１２[３],2023-08-25,2023-08-30,12,住之江,一般,３１４　４１１１４５４２,4959,井上 忠政,2026-08-13,2026-08-18,12,住之江,一般,３　１１１１４　４１[６],2026-05-03,2026-05-08,12,住之江,一般,４　２１４１２１５２[５],2026-04-03,2026-04-08,12,住之江,ＧⅠ,５１１　２　３１１　[２],2026-02-04,2026-02-09,12,住之江,ＧⅠ,４４１　２３２　２　[６],2026-01-02,2026-01-07,12,住之江,一般,２　２４４１４５１４１５,4898,菊地 敬介,2018-11-03,2018-11-08,12,住之江,一般,５　６５５　３　５　６６,,,,,,,,,,,,,,,,,,,,,,,,,5093,浦野 海,2025-09-25,2025-09-28,12,住之江,一般,１２５４２４６６,2025-03-31,2025-04-05,12,住之江,一般,５５６　３５１　３　１３,2024-01-15,2024-01-18,12,住之江,一般,６１２５５３１１,2022-10-19,2022-10-23,12,住之江,一般,２　４５４５５　２６,,,,,,
202609111208,2026-09-11,12,08R,4229,市川 美宏,2026-03-23,2026-03-27,12,住之江,一般,３　６６４　３　３５,2024-07-10,2024-07-15,12,住之江,ＧⅢ,５　３５１　６５４　４５,2024-02-21,2024-02-26,12,住之江,一般,２６３　３４１　１６６４,2023-05-28,2023-06-02,12,住之江,一般,エ２６　６５５　５　４６,2022-09-22,2022-09-25,12,住之江,一般,５　１３２３４１,4679,植田 太一,2025-09-01,2025-09-05,12,住之江,一般,１４３　５１２５３６,2025-06-14,2025-06-19,12,住之江,一般,２　１２３　１１５１[１],2023-10-30,2023-11-04,12,住之江,一般,１２３　３１６　４５１,2023-01-18,2023-01-21,12,住之江,一般,５　２４６５６２,2021-05-17,2021-05-22,12,住之江,一般,６４３　２　１５２６１,3955,眞田 英二,2025-10-01,2025-10-06,12,住之江,一般,５３６　１３５　１　５６,2025-03-09,2025-03-12,12,住之江,一般,１　３３１４３４,2024-05-16,2024-05-21,12,住之江,一般,４　３４２４１　１４４４,2021-01-09,2021-01-12,12,住之江,一般,６　２１５４１５,2020-01-29,2020-02-03,12,住之江,一般,１２２　２４２１落１[１],5285,若林 麗,2025-11-01,2025-11-06,12,住之江,一般,５　３３１　２６５６６,2025-07-11,2025-07-16,12,住之江,一般,４６４　５　５６６　６６,2025-03-15,2025-03-20,12,住之江,一般,５５６　４５６　５　３５,,,,,,,,,,,,,5043,中村 日向,2025-12-16,2025-12-21,12,住之江,ＳＧ,６　６６１　３　６　６,2023-09-03,2023-09-08,12,住之江,ＧⅠ,６４３　４１５　４　２,2022-09-05,2022-09-11,12,住之江,一般,１　１２２　３４６１１２[２],2022-04-12,2022-04-17,12,住之江,一般,１５２３１　３１３５６１,2020-06-18,2020-06-23,12,住之江,一般,２　５　３５５　５５５,3471,赤峰 和也,2026-06-14,2026-06-17,12,住之江,一般,５　６３５　６１,2025-10-24,2025-10-29,12,住之江,一般,３６４　１３６　５　２,2025-02-27,2025-03-02,12,住之江,一般,１　４３４３６４,2020-11-11,2020-11-16,12,住之江,ＧⅢ,６　４２２　３６１４２,2019-03-01,2019-03-06,12,住之江,一般,１４６　４　６転
202609111209,2026-09-11,12,09R,4401,小林 泰,2024-06-10,2024-06-16,12,住之江,一般,６　１３２３１　３２２４１２,2020-06-10,2020-06-15,12,住之江,一般,２５２　２６３　４３２４,2020-03-08,2020-03-13,12,住之江,一般,２１２３３　１２５３２１,2019-09-23,2019-09-28,12,住之江,一般,５　５３１　４６４　５２,2019-06-30,2019-07-05,12,住之江,一般,１　５４５５２　４　５,4710,福田 宗平,2025-06-14,2025-06-19,12,住之江,一般,３２１　２妨,2025-03-09,2025-03-12,12,住之江,一般,４１４　２３２１,2025-01-02,2025-01-07,12,住之江,一般,２　５４３　６６１６６,2024-07-01,2024-07-05,12,住之江,一般,２６２　２２５４２３,2023-12-28,2023-12-31,12,住之江,一般,１５６　１１１４,3558,山本 浩次,2026-05-23,2026-05-27,12,住之江,一般,５　６　４６１２３５,2026-01-27,2026-02-01,12,住之江,一般,４２４　６３,2025-02-20,2025-02-24,12,住之江,一般,５　４　５４６　４５,2024-07-10,2024-07-15,12,住之江,ＧⅢ,５　４　２３５３３　２３,2024-02-03,2024-02-08,12,住之江,一般,４　５６,4579,中嶋 健一郎,2026-03-23,2026-03-27,12,住之江,一般,４１２　３２４４１３,2025-10-01,2025-10-06,12,住之江,一般,１６３　４６１　１２[４],2025-02-27,2025-03-02,12,住之江,一般,２　３１６３１１,2023-09-13,2023-09-16,12,住之江,一般,２４１　６３５１,2022-10-02,2022-10-07,12,住之江,一般,３３４　１４４１２５３３,4404,岸蔭 亮,2024-12-26,2024-12-29,12,住之江,一般,３２１　５６３６,2024-08-21,2024-08-26,12,住之江,一般,４６５　エ　６６２　５５,2024-01-15,2024-01-18,12,住之江,一般,２６２４４　２,2023-09-29,2023-10-03,12,住之江,一般,６　５３４　２　２３,2021-11-02,2021-11-07,12,住之江,一般,２　３４６　３４６　４３,4836,大谷 健太,2026-07-03,2026-07-08,12,住之江,一般,４３２　５６３　５　５４,2025-11-01,2025-11-06,12,住之江,一般,１　２４６　１６６４５,2024-07-19,2024-07-24,12,住之江,一般,２　１６６　４２１５５３,2024-04-11,2024-04-16,12,住之江,一般,２６転　４　４６６　４６,2022-09-14,2022-09-20,12,住之江,一般,４６５　６
202609111210,2026-09-11,12,10R,4624,高田 明,2025-02-14,2025-02-17,12,住之江,一般,１　３２４５２４,2024-04-27,2024-04-30,12,住之江,一般,３４１　１２[６],2022-12-07,2022-12-12,12,住之江,一般,３６３　３６１　６３６１,2021-02-06,2021-02-11,12,住之江,一般,１６F,2020-06-18,2020-06-23,12,住之江,一般,２１１４２　１１１１[１],4875,大塚 康雅,2025-07-11,2025-07-16,12,住之江,一般,１２３　４６１４２４５２,2022-02-26,2022-03-02,12,住之江,一般,４　２４３２５５１６,2022-01-29,2022-02-01,12,住之江,一般,５２６　３　４１,2020-09-26,2020-10-01,12,住之江,一般,５　３３１６６　４４１３,2019-06-30,2019-07-05,12,住之江,一般,２　１　５４５４６３１５,4375,照屋 厚仁,2026-04-23,2026-04-29,12,住之江,一般,３　３２１　５１１４２２[５],2024-11-29,2024-12-03,12,住之江,一般,４６１　４３３　６１,2024-04-11,2024-04-16,12,住之江,一般,５　２３５１２１６３１６,2023-09-21,2023-09-26,12,住之江,一般,５４３　２４６　３　３２,2022-07-13,2022-07-18,12,住之江,一般,１　６５２５６　６　６,3957,大谷 直弘,2025-02-20,2025-02-24,12,住之江,一般,４　６　４４６　２６,2023-09-21,2023-09-26,12,住之江,一般,２６４　５５２　１　４４,2021-11-10,2021-11-15,12,住之江,一般,６　１１４　４６転,2019-10-01,2019-10-06,12,住之江,一般,４３３５２　２１３３３１,2019-06-23,2019-06-26,12,住之江,一般,２３４　５２４５,4962,畑 竜生,2025-11-01,2025-11-06,12,住之江,一般,２　４３３　３３３　１１,2025-07-21,2025-07-26,12,住之江,ＧⅢ,４　６６１　２３１　５１,2025-01-10,2025-01-14,12,住之江,一般,２６３　４４１６２５,2024-05-16,2024-05-21,12,住之江,一般,１５１　５２４　５５５１,2023-12-08,2023-12-11,12,住之江,一般,５２５　６　１４,3775,泉 啓文,2025-05-13,2025-05-18,12,住之江,一般,２　４落４　６１２　５５,2024-10-10,2024-10-15,12,住之江,一般,４　４２３　１５３５６２,2024-07-10,2024-07-15,12,住之江,ＧⅢ,４　６６２６５　６　４６,2024-02-15,2024-02-18,12,住之江,一般,３２３　１６１６,2022-12-07,2022-12-12,12,住之江,一般,６４６　２　５５６　３
202609111211,2026-09-11,12,11R,4794,和田 拓也,2026-04-16,2026-04-20,12,住之江,一般,３３３２１　３１[２],2025-09-25,2025-09-28,12,住之江,一般,３　３１４２[５],2024-11-01,2024-11-06,12,住之江,ＧⅠ,１　６　３３３　６　５５,2024-07-29,2024-08-04,12,住之江,一般,５　１５３４４　１１４２[５],2024-05-31,2024-06-05,12,住之江,ＧⅠ,６　３２１　３　２　[５],3502,渡邉 英児,2026-01-27,2026-02-01,12,住之江,一般,４　４２２　１４３３２１,2025-03-31,2025-04-05,12,住之江,一般,３４５　５　５３３　４１,2024-12-26,2024-12-29,12,住之江,一般,５　３２２　３６,2024-07-10,2024-07-15,12,住之江,ＧⅢ,１　２４３２４　４６２１,2024-05-09,2024-05-13,12,住之江,一般,５　６２３１２２[３],3757,畑 和宏,2023-08-01,2023-08-06,12,住之江,一般,３４１　５３２　２６３５,2023-03-09,2023-03-13,12,住之江,一般,１　３５１４４３４１,2022-10-02,2022-10-07,12,住之江,一般,３　５２２　５２４３２４,2022-05-12,2022-05-17,12,住之江,ＧⅢ,３６６　６　５５６,2022-02-04,2022-02-09,12,住之江,一般,２　５３４４２４２５２６,5139,大場 恒季,2025-09-25,2025-09-28,12,住之江,一般,２　２３１６２５,2025-06-14,2025-06-19,12,住之江,一般,２３２　６４３６２３２１,2025-02-20,2025-02-24,12,住之江,一般,４３３　３１１３F１,2024-07-29,2024-08-04,12,住之江,一般,２　２３１　１１５　２６５４,2024-02-21,2024-02-26,12,住之江,一般,５　２６５　６３１　２１,4287,今井 貴士,2025-07-11,2025-07-16,12,住之江,一般,１　１１１　１２２３２１,2025-01-21,2025-01-26,12,住之江,一般,２　１４１　３２２５２２,2024-10-25,2024-10-29,12,住之江,一般,４５２１２　１３２５,2020-02-29,2020-03-05,12,住之江,一般,４５２３２　２６１２[６],2019-09-23,2019-09-28,12,住之江,一般,１５３　１１４５１２[４],5321,一色 颯輝,2025-01-21,2025-01-26,12,住之江,一般,６６５　６５４　２　１２,,,,,,,,,,,,,,,,,,,,,,,,
202609111212,2026-09-11,12,12R,4959,井上 忠政,2026-08-13,2026-08-18,12,住之江,一般,３　１１１１４　４１[６],2026-05-03,2026-05-08,12,住之江,一般,４　２１４１２１５２[５],2026-04-03,2026-04-08,12,住之江,ＧⅠ,５１１　２　３１１　[２],2026-02-04,2026-02-09,12,住之江,ＧⅠ,４４１　２３２　２　[６],2026-01-02,2026-01-07,12,住之江,一般,２　２４４１４５１４１５,4218,吉川 喜継,2026-05-23,2026-05-27,12,住之江,一般,１１落　１４３５１,2026-02-04,2026-02-09,12,住之江,ＧⅠ,２　１５３　６４２５２,2025-11-01,2025-11-06,12,住之江,一般,１　１３１４４　１３３１,2025-07-29,2025-08-01,12,住之江,一般,１３３　２３２１,2025-03-09,2025-03-12,12,住之江,一般,２　４１３２[５],5158,宮脇 遼太,2025-09-25,2025-09-28,12,住之江,一般,１　１３５１[３],2025-03-15,2025-03-20,12,住之江,一般,１４２　５２２　５１１２,2023-04-09,2023-04-14,12,住之江,一般,５　５６５　２５３　転,,,,,,,,,,,,,5043,中村 日向,2025-12-16,2025-12-21,12,住之江,ＳＧ,６　６６１　３　６　６,2023-09-03,2023-09-08,12,住之江,ＧⅠ,６４３　４１５　４　２,2022-09-05,2022-09-11,12,住之江,一般,１　１２２　３４６１１２[２],2022-04-12,2022-04-17,12,住之江,一般,１５２３１　３１３５６１,2020-06-18,2020-06-23,12,住之江,一般,２　５　３５５　５５５,4063,市橋 卓士,2025-09-25,2025-09-28,12,住之江,一般,２２４　１３１２,2025-03-31,2025-04-05,12,住之江,一般,２６５　２３２　２５５１,2024-07-29,2024-08-04,12,住之江,一般,１　１４F４３　６　６　４,2024-02-21,2024-02-26,12,住之江,一般,４　２２６１４４２３２３,2023-04-16,2023-04-19,12,住之江,一般,３１１　４１[１],4311,岡村 仁,2026-08-13,2026-08-18,12,住之江,一般,４５２　２４５　４２２,2026-05-23,2026-05-27,12,住之江,一般,F１１　２　４　６,2026-05-03,2026-05-08,12,住之江,一般,５　１３２　２２１３３４,2026-02-04,2026-02-09,12,住之江,ＧⅠ,５　５３３　６２５　３１,2026-01-02,2026-01-07,12,住之江,一般,５　３１２　３１１２[２]
202609111301,2026-09-11,13,01R,5307,,,,,,,,,,,,,,,,,,,,,,,,,,,,,,,,4729,佐藤 謙史朗,2025-04-02,2025-04-06,13,尼崎,一般,１５６　５　６４４,2023-01-06,2023-01-10,13,尼崎,一般,５　４５４　２　１３,2022-04-21,2022-04-26,13,尼崎,一般,６　１６６　６　５５２転,2022-01-20,2022-01-26,13,尼崎,一般,２２４　２３３３１３３６,2021-05-14,2021-05-17,13,尼崎,一般,４　５６４１３６,3984,坂口 周,2025-02-14,2025-02-18,13,尼崎,一般,１妨,2024-07-05,2024-07-10,13,尼崎,一般,１１３３３１１　４１[６],2024-01-21,2024-01-26,13,尼崎,ＧⅢ,２　３４１２６３１５１２,2023-11-01,2023-11-06,13,尼崎,ＧⅢ,６５２１２１５１２４３３,2023-07-13,2023-07-18,13,尼崎,一般,１６５　２４１１４２４１,4672,守屋 大地,2026-02-25,2026-02-28,13,尼崎,一般,５　３４４４２６,2024-06-14,2024-06-18,13,尼崎,一般,２　５４５　３　６６,2022-07-02,2022-07-06,13,尼崎,一般,１　５５６６５　２,2022-04-28,2022-05-03,13,尼崎,一般,４　６６３　６　２４３３,2021-12-20,2021-12-23,13,尼崎,一般,F　転,3663,木山 和幸,2026-03-22,2026-03-25,13,尼崎,一般,２　４２２３１３,2025-06-25,2025-06-30,13,尼崎,一般,５　１５５５４４３　６,2025-04-18,2025-04-23,13,尼崎,ＧⅢ,４５５　３２６４５　５６,2024-12-04,2024-12-07,13,尼崎,一般,２３３　４２５６,2024-08-24,2024-08-28,13,尼崎,一般,３３４　１４４６３６,5448,,,,,,,,,,,,,,,,,,,,,,,,,,,,,,,
202609111302,2026-09-11,13,02R,4176,樋口 喜彦,2026-05-15,2026-05-18,13,尼崎,一般,２,2025-08-09,2025-08-14,13,尼崎,一般,３　５６４　６４４４１,2025-05-03,2025-05-08,13,尼崎,一般,２　６３４　６１４３５６,2024-12-24,2024-12-29,13,尼崎,一般,２　２３４５４６３６４４,2024-08-17,2024-08-21,13,尼崎,一般,３１４　３５４　４４,3584,佐々木 英樹,2025-05-10,2025-05-15,13,尼崎,一般,１　３４４　２２２６４６,2024-12-04,2024-12-07,13,尼崎,一般,４４１　２４３５,2024-08-24,2024-08-28,13,尼崎,一般,５６５　３３２　６１,2023-07-30,2023-08-04,13,尼崎,一般,４２５　１３２６４３５４,2021-06-25,2021-06-30,13,尼崎,ＧⅢ,１　４５２　２６３　４５,5244,黒田 剛,2024-09-04,2024-09-08,13,尼崎,一般,５　３５４　５４１４,,,,,,,,,,,,,,,,,,,,,,,,,3581,加木 郁,2025-12-24,2025-12-30,13,尼崎,一般,４　１４１４４　３５５４５４,2025-06-02,2025-06-07,13,尼崎,一般,３４４　５４２　３４３,2024-03-20,2024-03-23,13,尼崎,一般,４　３５４　１４,2023-08-17,2023-08-22,13,尼崎,一般,３４４　３６６５４　４３,2023-01-21,2023-01-25,13,尼崎,一般,１５４　４３４　４２,4750,井上 尚悟,2026-05-15,2026-05-18,13,尼崎,一般,３,2025-12-02,2025-12-05,13,尼崎,一般,２５５５６　３５,2025-01-13,2025-01-16,13,尼崎,一般,５３５　１５４５,2024-11-19,2024-11-24,13,尼崎,一般,３　３４３　２２３５２４,2023-01-21,2023-01-25,13,尼崎,一般,６　３６６　４６３,5372,上岡 巧汰,2026-05-22,2026-05-27,13,尼崎,一般,３６６　５５５　４　３,,,,,,,,,,,,,,,,,,,,,,,,
202609111303,2026-09-11,13,03R,4247,齊藤 優,2026-02-25,2026-02-28,13,尼崎,一般,２４４　４３４３,2025-05-03,2025-05-08,13,尼崎,一般,６６６　６４５　１５５,2025-04-02,2025-04-06,13,尼崎,一般,４　３４４５６　４,2024-05-24,2024-05-29,13,尼崎,一般,６２５　４３２　４２４４,2024-02-18,2024-02-22,13,尼崎,一般,４　４３４２４２４４,4515,藤田 浩人,2024-12-11,2024-12-16,13,尼崎,一般,５６３　２２１３５３２５,2023-03-20,2023-03-25,13,尼崎,一般,２５４　５３２　６４４,2019-02-19,2019-02-25,13,尼崎,一般,２１１２５３１　４３２３[６],2018-02-28,2018-03-05,13,尼崎,一般,３２６　５３２　２４１６,2017-07-16,2017-07-20,13,尼崎,一般,１２６５６　３２４,3577,向所 浩二,2026-08-09,2026-08-14,13,尼崎,一般,４３２　５　５６１３５,2026-07-03,2026-07-08,13,尼崎,一般,５　２６５　４４２　５６,2026-05-04,2026-05-09,13,尼崎,一般,２５５　１　４５１４３３,2026-02-25,2026-02-28,13,尼崎,一般,６５１　４６１５,2024-01-21,2024-01-26,13,尼崎,ＧⅢ,１　６１３　６４１４１３,3838,伊藤 啓三,2026-02-10,2026-02-15,13,尼崎,一般,６２３　５５５　１６５,2025-04-18,2025-04-23,13,尼崎,ＧⅢ,４１４１６　３３３４２１,2023-01-06,2023-01-10,13,尼崎,一般,３６２　１６３５２６,2022-08-27,2022-08-31,13,尼崎,一般,２５６　３３４　６４,2022-07-02,2022-07-06,13,尼崎,一般,２２６　４４２　５１,4172,森定 晃史,2024-09-17,2024-09-21,13,尼崎,一般,６３４２２２１４１２,2022-06-25,2022-06-30,13,尼崎,一般,４１３４２　３３２３４４,2021-12-05,2021-12-10,13,尼崎,一般,２　４１２３２２４３２１,2021-04-17,2021-04-21,13,尼崎,一般,４１４５３５４　２,2020-06-27,2020-07-01,13,尼崎,一般,２３２２５４３４１４,4121,富永 修一,2025-02-14,2025-02-18,13,尼崎,一般,３３１３４　５５１５,2024-07-05,2024-07-10,13,尼崎,一般,１　３３２２４５１２[５],2022-10-28,2022-11-02,13,尼崎,ＧⅢ,２４１　３３１３２３２１,2022-08-03,2022-08-06,13,尼崎,一般,２４３　５３１３,2022-06-25,2022-06-30,13,尼崎,一般,４１１　５６２２２６１５
202609111304,2026-09-11,13,04R,4902,山川 雄大,2026-08-09,2026-08-14,13,尼崎,一般,５６３　２　１２５５２,2026-07-03,2026-07-08,13,尼崎,一般,４５２　２５３　６６２４,2026-01-29,2026-02-03,13,尼崎,一般,１１５　６４４　４３６１,2026-01-04,2026-01-09,13,尼崎,一般,６６３　１３２　３１３２,2025-07-24,2025-07-29,13,尼崎,一般,５　５６３　６６６,3853,岩崎 正哉,2026-05-31,2026-06-05,13,尼崎,一般,５　１１４１１４２３４１,2025-06-25,2025-06-30,13,尼崎,一般,１２６４２　５２１３１４,2025-03-12,2025-03-16,13,尼崎,一般,４４１　４３４３２５,2022-06-11,2022-06-15,13,尼崎,一般,２５４　１４４３[４],2021-11-27,2021-12-02,13,尼崎,ＧⅢ,３　１５１４３２１４４２,4251,川崎 誠志,2026-04-17,2026-04-22,13,尼崎,一般,３　４３４　１６４４２３,2025-02-14,2025-02-18,13,尼崎,一般,１４６　３４５５６３,2024-09-10,2024-09-14,13,尼崎,一般,６６２　４　２３３３,2023-10-06,2023-10-09,13,尼崎,一般,６　３４５　６５,2021-01-21,2021-01-26,13,尼崎,一般,６　５４６　６　６６５,4049,荒川 健太,2026-02-10,2026-02-15,13,尼崎,一般,５　４６１４１４５　４３,2025-04-02,2025-04-06,13,尼崎,一般,４１１　１４６１[６],2024-08-24,2024-08-28,13,尼崎,一般,５５２５６,2024-01-21,2024-01-26,13,尼崎,ＧⅢ,１転４　２５１　２６４,2023-07-30,2023-08-04,13,尼崎,一般,２３１２３　１４１４５３,2878,富山 弘幸,2025-05-18,2025-05-22,13,尼崎,一般,２　６４３２２　１５,2024-11-26,2024-12-01,13,尼崎,ＧⅢ,５１３　３５５　１１１３,2023-08-17,2023-08-22,13,尼崎,一般,２２２４２４２　１３５３,2023-05-27,2023-06-01,13,尼崎,一般,４　６５３１３４３６３１,2023-01-06,2023-01-10,13,尼崎,一般,６５４　６３４　１４,3548,室田 泰史,2025-07-09,2025-07-14,13,尼崎,ＧⅢ,５３５　６５２６４　２,2024-01-21,2024-01-26,13,尼崎,ＧⅢ,１３４　２１３　４４３４,2023-11-01,2023-11-06,13,尼崎,ＧⅢ,１　５４２　６５４　６２,2022-10-28,2022-11-02,13,尼崎,ＧⅢ,５４１　３６４３６　４３,2021-04-17,2021-04-21,13,尼崎,一般,３６５　１６６　２
202609111305,2026-09-11,13,05R,4042,丸岡 正典,2026-01-29,2026-02-03,13,尼崎,一般,２４３３３１１　５１[４],2024-03-04,2024-03-09,13,尼崎,ＧⅠ,４　２　４５６　５２３１,2024-02-09,2024-02-14,13,尼崎,ＧⅠ,５　５３５　５４６２４,2023-03-20,2023-03-25,13,尼崎,一般,１１１６３１１１２１[１],2022-11-24,2022-11-29,13,尼崎,一般,１２１６２４４１４３３１,4039,村上 功祐,2025-05-18,2025-05-22,13,尼崎,一般,３４５　３３３　２３,2024-12-04,2024-12-07,13,尼崎,一般,１２４３４　２５,2024-01-13,2024-01-17,13,尼崎,一般,６２２　５４５　２５,2023-05-27,2023-06-01,13,尼崎,一般,１４５６３３３　４５２,2023-01-21,2023-01-25,13,尼崎,一般,１　４６２３３　１４,3975,小野寺 智洋,2026-05-04,2026-05-09,13,尼崎,一般,４４１　３　４５４３４５,2025-04-25,2025-04-30,13,尼崎,一般,２４３　２２１　３２[３],2024-01-21,2024-01-26,13,尼崎,ＧⅢ,３３５　３４２　３５１４,2023-11-01,2023-11-06,13,尼崎,ＧⅢ,２４１５３１１　１２[４],2022-04-21,2022-04-26,13,尼崎,一般,２　１１３３３１１３４１,4729,佐藤 謙史朗,2025-04-02,2025-04-06,13,尼崎,一般,１５６　５　６４４,2023-01-06,2023-01-10,13,尼崎,一般,５　４５４　２　１３,2022-04-21,2022-04-26,13,尼崎,一般,６　１６６　６　５５２転,2022-01-20,2022-01-26,13,尼崎,一般,２２４　２３３３１３３６,2021-05-14,2021-05-17,13,尼崎,一般,４　５６４１３６,5307,,,,,,,,,,,,,,,,,,,,,,,,,,,,,,,,4308,河村 了,2026-05-15,2026-05-18,13,尼崎,一般,２,2025-03-03,2025-03-08,13,尼崎,ＧⅠ,４　２４２　２３５　１５,2024-11-19,2024-11-24,13,尼崎,一般,２５３４２　１５２２[４],2024-02-18,2024-02-22,13,尼崎,一般,１　２２２１３１[２],2023-04-11,2023-04-16,13,尼崎,一般,１４１１３　１２３１[２]
202609111306,2026-09-11,13,06R,4079,出畑 孝典,2025-07-16,2025-07-21,13,尼崎,一般,３　３３５１３３４５２３,2021-04-17,2021-04-21,13,尼崎,一般,２５４　６１５,2017-11-25,2017-11-28,13,尼崎,一般,４３２　５５１６,2013-06-08,2013-06-13,13,尼崎,一般,１５３１１５２３４３１１,2012-03-22,2012-03-27,13,尼崎,一般,６　２１３４１４１　[３],3870,寺嶋 雄,2026-07-03,2026-07-08,13,尼崎,一般,４６４　２　５６３　４５,2025-12-02,2025-12-05,13,尼崎,一般,４２５　４１４６,2024-04-23,2024-04-28,13,尼崎,一般,６５３　３３４　５５２,2024-02-25,2024-02-29,13,尼崎,一般,４３４　１４４６６４,2023-12-25,2023-12-30,13,尼崎,一般,４　４３４　６５３２５３,4672,守屋 大地,2026-02-25,2026-02-28,13,尼崎,一般,５　３４４４２６,2024-06-14,2024-06-18,13,尼崎,一般,２　５４５　３　６６,2022-07-02,2022-07-06,13,尼崎,一般,１　５５６６５　２,2022-04-28,2022-05-03,13,尼崎,一般,４　６６３　６　２４３３,2021-12-20,2021-12-23,13,尼崎,一般,F　転,4184,渡邊 雄一郎,2026-07-03,2026-07-08,13,尼崎,一般,１４３　４３３１２２１,2026-01-29,2026-02-03,13,尼崎,一般,１２２１１　３１３５２４,2025-07-24,2025-07-29,13,尼崎,一般,２５３　３１３２３５５３,2025-04-18,2025-04-23,13,尼崎,ＧⅢ,１６６　１１２３６３２３,2024-06-06,2024-06-10,13,尼崎,一般,３１３４１１１２[３],3584,佐々木 英樹,2025-05-10,2025-05-15,13,尼崎,一般,１　３４４　２２２６４６,2024-12-04,2024-12-07,13,尼崎,一般,４４１　２４３５,2024-08-24,2024-08-28,13,尼崎,一般,５６５　３３２　６１,2023-07-30,2023-08-04,13,尼崎,一般,４２５　１３２６４３５４,2021-06-25,2021-06-30,13,尼崎,ＧⅢ,１　４５２　２６３　４５,4176,樋口 喜彦,2026-05-15,2026-05-18,13,尼崎,一般,２,2025-08-09,2025-08-14,13,尼崎,一般,３　５６４　６４４４１,2025-05-03,2025-05-08,13,尼崎,一般,２　６３４　６１４３５６,2024-12-24,2024-12-29,13,尼崎,一般,２　２３４５４６３６４４,2024-08-17,2024-08-21,13,尼崎,一般,３１４　３５４　４４
202609111307,2026-09-11,13,07R,4608,荒井 翔伍,2026-01-17,2026-01-20,13,尼崎,一般,１１５４１　２２,2023-05-10,2023-05-14,13,尼崎,一般,３６１　３４３５１４,2023-03-07,2023-03-11,13,尼崎,一般,６５１　１４２３２１,2022-03-20,2022-03-23,13,尼崎,一般,１６４６２　４４,2021-07-27,2021-08-01,13,尼崎,ＧⅡ,５　２４５　４４３１５,3838,伊藤 啓三,2026-02-10,2026-02-15,13,尼崎,一般,６２３　５５５　１６５,2025-04-18,2025-04-23,13,尼崎,ＧⅢ,４１４１６　３３３４２１,2023-01-06,2023-01-10,13,尼崎,一般,３６２　１６３５２６,2022-08-27,2022-08-31,13,尼崎,一般,２５６　３３４　６４,2022-07-02,2022-07-06,13,尼崎,一般,２２６　４４２　５１,3581,加木 郁,2025-12-24,2025-12-30,13,尼崎,一般,４　１４１４４　３５５４５４,2025-06-02,2025-06-07,13,尼崎,一般,３４４　５４２　３４３,2024-03-20,2024-03-23,13,尼崎,一般,４　３５４　１４,2023-08-17,2023-08-22,13,尼崎,一般,３４４　３６６５４　４３,2023-01-21,2023-01-25,13,尼崎,一般,１５４　４３４　４２,5089,前田 翔,2026-02-17,2026-02-22,13,尼崎,一般,１１３２２　２３３３３１,2024-07-20,2024-07-25,13,尼崎,一般,２５１４,2023-09-28,2023-10-03,13,尼崎,一般,４５３３２２１　２３２１,2023-02-27,2023-03-04,13,尼崎,一般,２　３４３２１２１４１３,2021-10-30,2021-11-04,13,尼崎,一般,５５４　１６６３３２２,5372,上岡 巧汰,2026-05-22,2026-05-27,13,尼崎,一般,３６６　５５５　４　３,,,,,,,,,,,,,,,,,,,,,,,,,3860,松本 浩貴,2024-04-23,2024-04-28,13,尼崎,一般,２　４６２　５５４　５３,2023-07-30,2023-08-04,13,尼崎,一般,５６４　６６６　５　５,2020-11-07,2020-11-12,13,尼崎,一般,３３３　６１５　５３３,2020-07-05,2020-07-10,13,尼崎,一般,６　４５５３６　５６４５,2018-05-16,2018-05-19,13,尼崎,一般,４５３　６３６
202609111308,2026-09-11,13,08R,3548,室田 泰史,2025-07-09,2025-07-14,13,尼崎,ＧⅢ,５３５　６５２６４　２,2024-01-21,2024-01-26,13,尼崎,ＧⅢ,１３４　２１３　４４３４,2023-11-01,2023-11-06,13,尼崎,ＧⅢ,１　５４２　６５４　６２,2022-10-28,2022-11-02,13,尼崎,ＧⅢ,５４１　３６４３６　４３,2021-04-17,2021-04-21,13,尼崎,一般,３６５　１６６　２,4049,荒川 健太,2026-02-10,2026-02-15,13,尼崎,一般,５　４６１４１４５　４３,2025-04-02,2025-04-06,13,尼崎,一般,４１１　１４６１[６],2024-08-24,2024-08-28,13,尼崎,一般,５５２５６,2024-01-21,2024-01-26,13,尼崎,ＧⅢ,１転４　２５１　２６４,2023-07-30,2023-08-04,13,尼崎,一般,２３１２３　１４１４５３,4750,井上 尚悟,2026-05-15,2026-05-18,13,尼崎,一般,３,2025-12-02,2025-12-05,13,尼崎,一般,２５５５６　３５,2025-01-13,2025-01-16,13,尼崎,一般,５３５　１５４５,2024-11-19,2024-11-24,13,尼崎,一般,３　３４３　２２３５２４,2023-01-21,2023-01-25,13,尼崎,一般,６　３６６　４６３,5244,黒田 剛,2024-09-04,2024-09-08,13,尼崎,一般,５　３５４　５４１４,,,,,,,,,,,,,,,,,,,,,,,,,3577,向所 浩二,2026-08-09,2026-08-14,13,尼崎,一般,４３２　５　５６１３５,2026-07-03,2026-07-08,13,尼崎,一般,５　２６５　４４２　５６,2026-05-04,2026-05-09,13,尼崎,一般,２５５　１　４５１４３３,2026-02-25,2026-02-28,13,尼崎,一般,６５１　４６１５,2024-01-21,2024-01-26,13,尼崎,ＧⅢ,１　６１３　６４１４１３,4036,金田 諭,2025-05-10,2025-05-15,13,尼崎,一般,２５１　１５６３２　２２,2024-02-25,2024-02-29,13,尼崎,一般,１３２１４６３３４２,2023-07-22,2023-07-26,13,尼崎,一般,３　２３２４３３３３,2023-03-20,2023-03-25,13,尼崎,一般,２１３５２　５３１２[３],2023-01-14,2023-01-18,13,尼崎,一般,２１６　４５１１３４
202609111309,2026-09-11,13,09R,4172,森定 晃史,2024-09-17,2024-09-21,13,尼崎,一般,６３４２２２１４１２,2022-06-25,2022-06-30,13,尼崎,一般,４１３４２　３３２３４４,2021-12-05,2021-12-10,13,尼崎,一般,２　４１２３２２４３２１,2021-04-17,2021-04-21,13,尼崎,一般,４１４５３５４　２,2020-06-27,2020-07-01,13,尼崎,一般,２３２２５４３４１４,2878,富山 弘幸,2025-05-18,2025-05-22,13,尼崎,一般,２　６４３２２　１５,2024-11-26,2024-12-01,13,尼崎,ＧⅢ,５１３　３５５　１１１３,2023-08-17,2023-08-22,13,尼崎,一般,２２２４２４２　１３５３,2023-05-27,2023-06-01,13,尼崎,一般,４　６５３１３４３６３１,2023-01-06,2023-01-10,13,尼崎,一般,６５４　６３４　１４,3663,木山 和幸,2026-03-22,2026-03-25,13,尼崎,一般,２　４２２３１３,2025-06-25,2025-06-30,13,尼崎,一般,５　１５５５４４３　６,2025-04-18,2025-04-23,13,尼崎,ＧⅢ,４５５　３２６４５　５６,2024-12-04,2024-12-07,13,尼崎,一般,２３３　４２５６,2024-08-24,2024-08-28,13,尼崎,一般,３３４　１４４６３６,3853,岩崎 正哉,2026-05-31,2026-06-05,13,尼崎,一般,５　１１４１１４２３４１,2025-06-25,2025-06-30,13,尼崎,一般,１２６４２　５２１３１４,2025-03-12,2025-03-16,13,尼崎,一般,４４１　４３４３２５,2022-06-11,2022-06-15,13,尼崎,一般,２５４　１４４３[４],2021-11-27,2021-12-02,13,尼崎,ＧⅢ,３　１５１４３２１４４２,4039,村上 功祐,2025-05-18,2025-05-22,13,尼崎,一般,３４５　３３３　２３,2024-12-04,2024-12-07,13,尼崎,一般,１２４３４　２５,2024-01-13,2024-01-17,13,尼崎,一般,６２２　５４５　２５,2023-05-27,2023-06-01,13,尼崎,一般,１４５６３３３　４５２,2023-01-21,2023-01-25,13,尼崎,一般,１　４６２３３　１４,3975,小野寺 智洋,2026-05-04,2026-05-09,13,尼崎,一般,４４１　３　４５４３４５,2025-04-25,2025-04-30,13,尼崎,一般,２４３　２２１　３２[３],2024-01-21,2024-01-26,13,尼崎,ＧⅢ,３３５　３４２　３５１４,2023-11-01,2023-11-06,13,尼崎,ＧⅢ,２４１５３１１　１２[４],2022-04-21,2022-04-26,13,尼崎,一般,２　１１３３３１１３４１
202609111310,2026-09-11,13,10R,4121,富永 修一,2025-02-14,2025-02-18,13,尼崎,一般,３３１３４　５５１５,2024-07-05,2024-07-10,13,尼崎,一般,１　３３２２４５１２[５],2022-10-28,2022-11-02,13,尼崎,ＧⅢ,２４１　３３１３２３２１,2022-08-03,2022-08-06,13,尼崎,一般,２４３　５３１３,2022-06-25,2022-06-30,13,尼崎,一般,４１１　５６２２２６１５,4184,渡邊 雄一郎,2026-07-03,2026-07-08,13,尼崎,一般,１４３　４３３１２２１,2026-01-29,2026-02-03,13,尼崎,一般,１２２１１　３１３５２４,2025-07-24,2025-07-29,13,尼崎,一般,２５３　３１３２３５５３,2025-04-18,2025-04-23,13,尼崎,ＧⅢ,１６６　１１２３６３２３,2024-06-06,2024-06-10,13,尼崎,一般,３１３４１１１２[３],4515,藤田 浩人,2024-12-11,2024-12-16,13,尼崎,一般,５６３　２２１３５３２５,2023-03-20,2023-03-25,13,尼崎,一般,２５４　５３２　６４４,2019-02-19,2019-02-25,13,尼崎,一般,２１１２５３１　４３２３[６],2018-02-28,2018-03-05,13,尼崎,一般,３２６　５３２　２４１６,2017-07-16,2017-07-20,13,尼崎,一般,１２６５６　３２４,4042,丸岡 正典,2026-01-29,2026-02-03,13,尼崎,一般,２４３３３１１　５１[４],2024-03-04,2024-03-09,13,尼崎,ＧⅠ,４　２　４５６　５２３１,2024-02-09,2024-02-14,13,尼崎,ＧⅠ,５　５３５　５４６２４,2023-03-20,2023-03-25,13,尼崎,一般,１１１６３１１１２１[１],2022-11-24,2022-11-29,13,尼崎,一般,１２１６２４４１４３３１,4251,川崎 誠志,2026-04-17,2026-04-22,13,尼崎,一般,３　４３４　１６４４２３,2025-02-14,2025-02-18,13,尼崎,一般,１４６　３４５５６３,2024-09-10,2024-09-14,13,尼崎,一般,６６２　４　２３３３,2023-10-06,2023-10-09,13,尼崎,一般,６　３４５　６５,2021-01-21,2021-01-26,13,尼崎,一般,６　５４６　６　６６５,4079,出畑 孝典,2025-07-16,2025-07-21,13,尼崎,一般,３　３３５１３３４５２３,2021-04-17,2021-04-21,13,尼崎,一般,２５４　６１５,2017-11-25,2017-11-28,13,尼崎,一般,４３２　５５１６,2013-06-08,2013-06-13,13,尼崎,一般,１５３１１５２３４３１１,2012-03-22,2012-03-27,13,尼崎,一般,６　２１３４１４１　[３]
202609111311,2026-09-11,13,11R,4308,河村 了,2026-05-15,2026-05-18,13,尼崎,一般,２,2025-03-03,2025-03-08,13,尼崎,ＧⅠ,４　２４２　２３５　１５,2024-11-19,2024-11-24,13,尼崎,一般,２５３４２　１５２２[４],2024-02-18,2024-02-22,13,尼崎,一般,１　２２２１３１[２],2023-04-11,2023-04-16,13,尼崎,一般,１４１１３　１２３１[２],5089,前田 翔,2026-02-17,2026-02-22,13,尼崎,一般,１１３２２　２３３３３１,2024-07-20,2024-07-25,13,尼崎,一般,２５１４,2023-09-28,2023-10-03,13,尼崎,一般,４５３３２２１　２３２１,2023-02-27,2023-03-04,13,尼崎,一般,２　３４３２１２１４１３,2021-10-30,2021-11-04,13,尼崎,一般,５５４　１６６３３２２,4608,荒井 翔伍,2026-01-17,2026-01-20,13,尼崎,一般,１１５４１　２２,2023-05-10,2023-05-14,13,尼崎,一般,３６１　３４３５１４,2023-03-07,2023-03-11,13,尼崎,一般,６５１　１４２３２１,2022-03-20,2022-03-23,13,尼崎,一般,１６４６２　４４,2021-07-27,2021-08-01,13,尼崎,ＧⅡ,５　２４５　４４３１５,3984,坂口 周,2025-02-14,2025-02-18,13,尼崎,一般,１妨,2024-07-05,2024-07-10,13,尼崎,一般,１１３３３１１　４１[６],2024-01-21,2024-01-26,13,尼崎,ＧⅢ,２　３４１２６３１５１２,2023-11-01,2023-11-06,13,尼崎,ＧⅢ,６５２１２１５１２４３３,2023-07-13,2023-07-18,13,尼崎,一般,１６５　２４１１４２４１,4247,齊藤 優,2026-02-25,2026-02-28,13,尼崎,一般,２４４　４３４３,2025-05-03,2025-05-08,13,尼崎,一般,６６６　６４５　１５５,2025-04-02,2025-04-06,13,尼崎,一般,４　３４４５６　４,2024-05-24,2024-05-29,13,尼崎,一般,６２５　４３２　４２４４,2024-02-18,2024-02-22,13,尼崎,一般,４　４３４２４２４４,4902,山川 雄大,2026-08-09,2026-08-14,13,尼崎,一般,５６３　２　１２５５２,2026-07-03,2026-07-08,13,尼崎,一般,４５２　２５３　６６２４,2026-01-29,2026-02-03,13,尼崎,一般,１１５　６４４　４３６１,2026-01-04,2026-01-09,13,尼崎,一般,６６３　１３２　３１３２,2025-07-24,2025-07-29,13,尼崎,一般,５　５６３　６６６
202609111312,2026-09-11,13,12R,4002,古結 宏,2026-08-09,2026-08-14,13,尼崎,一般,２３２　１６１　２２５１,2026-05-31,2026-06-05,13,尼崎,一般,１１３　１３１１３２[２],2026-05-04,2026-05-09,13,尼崎,一般,１１３　２２３　１　[３],2026-03-14,2026-03-19,13,尼崎,ＧⅠ,４　３２３　５４４６２,2026-01-04,2026-01-09,13,尼崎,一般,１４４６２　１３５６１,5339,石井 伸長,2026-03-22,2026-03-25,13,尼崎,一般,５１２　４１１１,,,,,,,,,,,,,,,,,,,,,,,,,4297,山田 哲也,2026-06-17,2026-06-22,13,尼崎,一般,２５１　２１５４１５１３,2025-03-03,2025-03-08,13,尼崎,ＧⅠ,５　１２２　３　２　[５],2024-07-05,2024-07-10,13,尼崎,一般,１１４１５４１　５６１３,2023-07-04,2023-07-09,13,尼崎,ＧⅡ,６　６６６　２　５６６,2023-01-14,2023-01-18,13,尼崎,一般,２６３４５２落欠,4152,深水 慎一郎,2025-04-25,2025-04-30,13,尼崎,一般,３１２　４２３　５１２６,2025-01-13,2025-01-16,13,尼崎,一般,４　１２６５１６,2022-12-15,2022-12-18,13,尼崎,一般,３４１２６５４４,2021-01-04,2021-01-10,13,尼崎,一般,３２４　３２　　６２３５５５,2019-06-21,2019-06-26,13,尼崎,ＧⅢ,６　６６,5328,,,,,,,,,,,,,,,,,,,,,,,,,,,,,,,,3574,大神 康司,2024-12-04,2024-12-07,13,尼崎,一般,６１１５３　４６,2024-05-16,2024-05-21,13,尼崎,一般,　　１４２６６６５　４２,2020-04-04,2020-04-08,13,尼崎,一般,５４３６２３６１４４,2019-11-14,2019-11-19,13,尼崎,一般,１１４２３４２１１２[５],2019-07-27,2019-08-02,13,尼崎,一般,２１３　１５１６３３２４１２
202609111401,2026-09-11,14,01R,4372,原田 佑実,2026-04-29,2026-05-04,14,鳴門,ＧⅢ,５６３２２　４１６５５２,2025-04-25,2025-04-30,14,鳴門,一般,３４３　２１４６１エ４５,2024-10-07,2024-10-12,14,鳴門,一般,２　５６６６２　５２５２,2023-01-16,2023-01-21,14,鳴門,ＧⅢ,２２２２３３１　５１[６],2022-02-26,2022-03-03,14,鳴門,一般,３４５　１６２５１　２５,5153,佐藤 ほのか,2023-01-16,2023-01-21,14,鳴門,ＧⅢ,３５５　２５４　４３６５,,,,,,,,,,,,,,,,,,,,,,,,,5334,樫葉 新心,2026-04-29,2026-05-04,14,鳴門,ＧⅢ,３　５５５　２３５３５,2025-10-15,2025-10-20,14,鳴門,一般,６　６２５　５６１　６４,2025-09-29,2025-10-03,14,鳴門,一般,２６６　５５５　２６,2025-08-13,2025-08-18,14,鳴門,ＧⅢ,５　５２４　４６４　転５,2025-05-31,2025-06-03,14,鳴門,一般,４６４　落　３２,4720,西澤 日花里,2023-06-10,2023-06-15,14,鳴門,ＧⅢ,６６３　４４５　１４３,2023-04-22,2023-04-27,14,鳴門,ＧⅢ,４５３２４　５１３　３３,2022-12-15,2022-12-18,14,鳴門,一般,１　６３１６２６,2021-07-23,2021-07-27,14,鳴門,一般,２　５５５６１　５４,2020-11-21,2020-11-26,14,鳴門,一般,３　５６３　４６４　５２,4843,深尾 巴恵,2025-06-26,2025-06-29,14,鳴門,一般,２　６５２　６３,2025-04-25,2025-04-30,14,鳴門,一般,３　４２４１１１４５４,2023-04-22,2023-04-27,14,鳴門,ＧⅢ,６６２　５２４　３４５,2023-01-16,2023-01-21,14,鳴門,ＧⅢ,５　１３４２５４１　３１,2021-05-24,2021-05-29,14,鳴門,一般,６　１６６６６　５　５６,5440,薗頭 心,2026-06-10,2026-06-13,14,鳴門,一般,４６６　６　４６,,,,,,,,,,,,,,,,,,,,,,,,
202609111402,2026-09-11,14,02R,4733,赤井 睦,2026-02-24,2026-03-01,14,鳴門,ＧⅠ,４　５　３５６　３F６,2026-01-31,2026-02-05,14,鳴門,ＧⅠ,５　４　３６６　２２４５,2025-08-13,2025-08-18,14,鳴門,ＧⅢ,３３１　１５１６６４２４,2025-04-25,2025-04-30,14,鳴門,一般,２３２５３４３　３５１２,2024-12-23,2024-12-28,14,鳴門,一般,１６５６３　２３５　４１,5180,藤本 紗弥香,2022-11-10,2022-11-14,14,鳴門,一般,６転６　６　３１５４,2022-09-18,2022-09-23,14,鳴門,一般,５　５５５　５６２,,,,,,,,,,,,,,,,,,,4689,豊田 結,2026-04-29,2026-05-04,14,鳴門,ＧⅢ,２５６４２１３　１６１４,2025-08-13,2025-08-18,14,鳴門,ＧⅢ,１６２１２２４　６２[４],2025-04-25,2025-04-30,14,鳴門,一般,５６３１２１４　１４５４,2023-01-16,2023-01-21,14,鳴門,ＧⅢ,５６１　１　５６２４４５,2021-05-24,2021-05-29,14,鳴門,一般,５１４　３５５　６１１３,5380,野田 亜湖,2026-04-29,2026-05-04,14,鳴門,ＧⅢ,６　６６６　６６６　６,2026-01-21,2026-01-24,14,鳴門,一般,６　６　６　６６,2025-11-15,2025-11-20,14,鳴門,一般,　　　　　　　　６６６,2025-08-13,2025-08-18,14,鳴門,ＧⅢ,６　６６６　６６６　６６,2025-04-25,2025-04-30,14,鳴門,一般,６　５６６　５６６６６５,4400,加藤 奈月,2024-11-18,2024-11-22,14,鳴門,一般,４　４６４　６転,2024-05-13,2024-05-18,14,鳴門,一般,６３４　４３４　２４５３,2023-04-22,2023-04-27,14,鳴門,ＧⅢ,４　６５４　６５３　５５,2023-02-14,2023-02-18,14,鳴門,一般,３　５４６４５　６５,2022-09-27,2022-10-02,14,鳴門,一般,５４６　４　４６６,4845,前田 紗希,2026-02-24,2026-03-01,14,鳴門,ＧⅠ,１　４４１　２１１　[２],2025-04-25,2025-04-30,14,鳴門,一般,３　２３１６１５１２[４],2023-04-22,2023-04-27,14,鳴門,ＧⅢ,１４４５１５３　２６２２,2022-06-15,2022-06-19,14,鳴門,一般,２６４　５２５３４,2021-10-02,2021-10-07,14,鳴門,ＧⅢ,３２３　１１４４３３４１
202609111403,2026-09-11,14,03R,5189,藤原 早菜,2026-03-12,2026-03-15,14,鳴門,一般,５６３　４５３５,2023-08-16,2023-08-21,14,鳴門,一般,３　５６２２３３２３２４,2023-05-29,2023-06-03,14,鳴門,一般,４　３４５　３６６　５２,2022-11-10,2022-11-14,14,鳴門,一般,２　５６６　６６４５,2021-12-23,2021-12-27,14,鳴門,一般,６５６　６　６４,3470,新田 芳美,2026-04-29,2026-05-04,14,鳴門,ＧⅢ,５５３１５　２　１１３１,2026-01-31,2026-02-05,14,鳴門,ＧⅠ,２　３　５５６　６６１,2025-09-29,2025-10-03,14,鳴門,一般,３６３　５５１　６２,2025-08-13,2025-08-18,14,鳴門,ＧⅢ,４４４　６３４　３４２,2025-04-25,2025-04-30,14,鳴門,一般,３４３２３５５５３５２４,4611,今井 美亜,2026-02-24,2026-03-01,14,鳴門,ＧⅠ,１６５　５　１２４３２,2024-12-16,2024-12-19,14,鳴門,一般,２６５６１　４１,2024-01-27,2024-02-01,14,鳴門,一般,３　４４１　５４５　２１,2023-09-12,2023-09-15,14,鳴門,一般,１５６６２　５５,2023-08-16,2023-08-21,14,鳴門,一般,３１５１４５１　３５３４,4984,森下 愛梨,2026-01-21,2026-01-24,14,鳴門,一般,４１　　３２３４,2025-04-25,2025-04-30,14,鳴門,一般,３４５６１　４３５　３３,2024-05-13,2024-05-18,14,鳴門,一般,６４２　１３１５１３１１,2023-08-16,2023-08-21,14,鳴門,一般,３２３　４４１５１６１３,2022-08-30,2022-09-04,14,鳴門,一般,１６６　２６６,4901,出口 舞有子,2021-05-24,2021-05-29,14,鳴門,一般,１　２５３１１５２３１１,2019-01-15,2019-01-20,14,鳴門,ＧⅢ,落　２３１　３３３３３４,2016-12-13,2016-12-18,14,鳴門,ＧⅢ,３６６　５５５　４６５,2016-11-03,2016-11-08,14,鳴門,一般,６６５　６２６　５　３,,,,,,,4546,浜田 亜理沙,2026-02-24,2026-03-01,14,鳴門,ＧⅠ,１　２６４２３　４　３２,2024-12-16,2024-12-19,14,鳴門,一般,１１３２２３２１,2024-06-13,2024-06-18,14,鳴門,ＧⅢ,１　２２１１２２３４４２,2023-08-16,2023-08-21,14,鳴門,一般,１４１２２　２３４２[３],2022-11-22,2022-11-27,14,鳴門,ＳＧ,６　２　３　４　５２３
202609111404,2026-09-11,14,04R,4627,藤原 菜希,2026-02-24,2026-03-01,14,鳴門,ＧⅠ,２　６　１２４　４　１１,2024-07-23,2024-07-28,14,鳴門,一般,２１６４６　２５１　１３,2020-03-03,2020-03-08,14,鳴門,ＧⅡ,４　６６２　５　５４１４,2018-06-17,2018-06-21,14,鳴門,一般,３　３２２５１４２６,2017-10-30,2017-11-04,14,鳴門,一般,６　５５４　１６５　３６,4680,後藤 美翼,2026-07-09,2026-07-13,14,鳴門,一般,６２５５３　２　３１,2026-04-29,2026-05-04,14,鳴門,ＧⅢ,２４３　４３２　６４３４,2024-05-13,2024-05-18,14,鳴門,一般,６　４４３４１２３　２４,2021-11-11,2021-11-15,14,鳴門,一般,４５６　５６４　１４,2021-10-02,2021-10-07,14,鳴門,ＧⅢ,３　３２２５６５５　４１,5342,原村 百那,2025-09-29,2025-10-03,14,鳴門,一般,　　　　　　４６５６,2025-04-06,2025-04-09,14,鳴門,一般,６　６６６　６６,2025-02-15,2025-02-18,14,鳴門,一般,６　６６６　６６,2024-06-22,2024-06-25,14,鳴門,一般,６　６６６　６６,,,,,,,4642,松尾 夏海,2026-01-31,2026-02-05,14,鳴門,ＧⅠ,５６２　６３３　３　６６,2025-04-25,2025-04-30,14,鳴門,一般,１　２４２５１１４１[３],2024-05-13,2024-05-18,14,鳴門,一般,１３２　３１１３４１[２],2024-01-27,2024-02-01,14,鳴門,一般,２　４５５　５３５２１,2023-05-21,2023-05-24,14,鳴門,一般,２１１　６３３２,4878,西岡 育未,2026-04-29,2026-05-04,14,鳴門,ＧⅢ,３３３　３３４６４　３２,2025-08-13,2025-08-18,14,鳴門,ＧⅢ,１　２３２２４１３４２５,2025-04-25,2025-04-30,14,鳴門,一般,４３１　４４２４５２６２,2024-12-23,2024-12-28,14,鳴門,一般,３　２３６３６６　　１６,2024-07-23,2024-07-28,14,鳴門,一般,３１３　５　５６６　５２,4965,福岡 泉水,2025-07-08,2025-07-13,14,鳴門,一般,５６２　５６６　２　６６,2024-05-13,2024-05-18,14,鳴門,一般,４４３　４５２　１５６６,2022-07-15,2022-07-20,14,鳴門,一般,５　１５転６５４,2019-02-02,2019-02-06,14,鳴門,一般,５　３６４　５５４４,2018-06-17,2018-06-21,14,鳴門,一般,F　３　５　６６転
202609111405,2026-09-11,14,05R,4347,魚谷 香織,2024-06-13,2024-06-18,14,鳴門,ＧⅢ,１２２５２４３　５３１２,2022-12-04,2022-12-09,14,鳴門,一般,欠,2022-01-10,2022-01-13,14,鳴門,一般,４　２４１５５,2020-03-03,2020-03-08,14,鳴門,ＧⅡ,３２妨　４２２　３　３６,2013-08-06,2013-08-11,14,鳴門,ＧⅠ,１５２　４　３１４　１５,4714,喜多須 杏奈,2026-05-29,2026-06-02,14,鳴門,一般,４２妨　４　３４５,2026-01-31,2026-02-05,14,鳴門,ＧⅠ,３　３　６３２　２３３４,2025-08-13,2025-08-18,14,鳴門,ＧⅢ,１２２　３５３１２５５４,2025-04-25,2025-04-30,14,鳴門,一般,１　５３２３３１３４６６,2025-04-06,2025-04-09,14,鳴門,一般,２３１　５４５５,4746,大豆生田 蒼,2026-02-24,2026-03-01,14,鳴門,ＧⅠ,４　５　３５４　４４４,2025-10-26,2025-10-31,14,鳴門,一般,３５４　４４F６４　６,2024-01-27,2024-02-01,14,鳴門,一般,６　１２５　４２３　３２,2023-03-04,2023-03-07,14,鳴門,一般,４２３４５４１３,2023-01-16,2023-01-21,14,鳴門,ＧⅢ,欠欠,5153,佐藤 ほのか,2023-01-16,2023-01-21,14,鳴門,ＧⅢ,３５５　２５４　４３６５,,,,,,,,,,,,,,,,,,,,,,,,,4775,千葉 真弥,2025-04-25,2025-04-30,14,鳴門,一般,５５４　３３２３５　３１,2021-11-03,2021-11-07,14,鳴門,一般,２６３　４３３６４,2021-02-17,2021-02-22,14,鳴門,一般,２　２１３２３６１２[３],2020-02-13,2020-02-18,14,鳴門,一般,６　６２２６６　６２５,2017-03-21,2017-03-27,14,鳴門,一般,４３４　３４３　４３　　３６,5069,山崎 小葉音,2026-04-29,2026-05-04,14,鳴門,ＧⅢ,４　１１３１３３３３３２,2025-10-15,2025-10-20,14,鳴門,一般,２６１　５４６　４F６,2025-02-15,2025-02-18,14,鳴門,一般,４３５５１　２２,2024-10-31,2024-11-04,14,鳴門,一般,３４６３４　１　５４,2024-05-13,2024-05-18,14,鳴門,一般,３転欠欠
202609111406,2026-09-11,14,06R,5198,奥村 明日香,2026-08-16,2026-08-19,14,鳴門,一般,２３４　２６４１,2025-07-28,2025-07-31,14,鳴門,一般,５４６　　　６３,2025-06-26,2025-06-29,14,鳴門,一般,６　６４５　４６,2024-12-23,2024-12-28,14,鳴門,一般,５５４　２３４２　　５４,2024-10-07,2024-10-12,14,鳴門,一般,６　４３５　２６６５３５,5334,樫葉 新心,2026-04-29,2026-05-04,14,鳴門,ＧⅢ,３　５５５　２３５３５,2025-10-15,2025-10-20,14,鳴門,一般,６　６２５　５６１　６４,2025-09-29,2025-10-03,14,鳴門,一般,２６６　５５５　２６,2025-08-13,2025-08-18,14,鳴門,ＧⅢ,５　５２４　４６４　転５,2025-05-31,2025-06-03,14,鳴門,一般,４６４　落　３２,4784,向井田 真紀,2025-09-29,2025-10-03,14,鳴門,一般,５　１６６６３　４４,2025-04-25,2025-04-30,14,鳴門,一般,４２２５６　５６２　４１,2023-08-16,2023-08-21,14,鳴門,一般,２２５３欠欠,2023-02-14,2023-02-18,14,鳴門,一般,５３３　５６４　６２,2016-12-13,2016-12-18,14,鳴門,ＧⅢ,５５２　４６６　５４６,4400,加藤 奈月,2024-11-18,2024-11-22,14,鳴門,一般,４　４６４　６転,2024-05-13,2024-05-18,14,鳴門,一般,６３４　４３４　２４５３,2023-04-22,2023-04-27,14,鳴門,ＧⅢ,４　６５４　６５３　５５,2023-02-14,2023-02-18,14,鳴門,一般,３　５４６４５　６５,2022-09-27,2022-10-02,14,鳴門,一般,５４６　４　４６６,5440,薗頭 心,2026-06-10,2026-06-13,14,鳴門,一般,４６６　６　４６,,,,,,,,,,,,,,,,,,,,,,,,,4974,安井 瑞紀,2026-04-29,2026-05-04,14,鳴門,ＧⅢ,１４４３２　５２４　２４,2025-11-24,2025-11-28,14,鳴門,一般,６　２６３３１　F４,2025-08-13,2025-08-18,14,鳴門,ＧⅢ,２１５２５　３１１３[２],2025-02-15,2025-02-18,14,鳴門,一般,３　６１６４６１,2024-08-10,2024-08-15,14,鳴門,一般,１４５　４６５　１５３
202609111407,2026-09-11,14,07R,5195,北村 寧々,2025-08-13,2025-08-18,14,鳴門,ＧⅢ,５３１　３６４２３　１,2023-12-13,2023-12-18,14,鳴門,一般,４　６落４６５　３１,2023-04-22,2023-04-27,14,鳴門,ＧⅢ,５　６６６　４４４　２５,,,,,,,,,,,,,4984,森下 愛梨,2026-01-21,2026-01-24,14,鳴門,一般,４１　　３２３４,2025-04-25,2025-04-30,14,鳴門,一般,３４５６１　４３５　３３,2024-05-13,2024-05-18,14,鳴門,一般,６４２　１３１５１３１１,2023-08-16,2023-08-21,14,鳴門,一般,３２３　４４１５１６１３,2022-08-30,2022-09-04,14,鳴門,一般,１６６　２６６,4845,前田 紗希,2026-02-24,2026-03-01,14,鳴門,ＧⅠ,１　４４１　２１１　[２],2025-04-25,2025-04-30,14,鳴門,一般,３　２３１６１５１２[４],2023-04-22,2023-04-27,14,鳴門,ＧⅢ,１４４５１５３　２６２２,2022-06-15,2022-06-19,14,鳴門,一般,２６４　５２５３４,2021-10-02,2021-10-07,14,鳴門,ＧⅢ,３２３　１１４４３３４１,4900,中田 夕貴,2026-02-24,2026-03-01,14,鳴門,ＧⅠ,４５６　５３５　４　６,2025-07-08,2025-07-13,14,鳴門,一般,６４５　６５６３２　６２,2024-05-13,2024-05-18,14,鳴門,一般,３１３１５　１　３５２６,2023-01-16,2023-01-21,14,鳴門,ＧⅢ,３５１１３　６２１４２転,2022-08-30,2022-09-04,14,鳴門,一般,４５１４６５１　１２１２,4678,水野 望美,2026-04-29,2026-05-04,14,鳴門,ＧⅢ,３１２３１　２５４１[３],2024-05-13,2024-05-18,14,鳴門,一般,２１１２５　４　５２[４],2020-10-04,2020-10-09,14,鳴門,ＧⅢ,５１４　６４１４１４１５,2020-03-03,2020-03-08,14,鳴門,ＧⅡ,２　４３６　１４１６３,2019-02-02,2019-02-06,14,鳴門,一般,３　２２６２３４１４,5390,高橋 涼夏,2025-11-24,2025-11-28,14,鳴門,一般,６　６６４　６６６,,,,,,,,,,,,,,,,,,,,,,,,
202609111408,2026-09-11,14,08R,5056,西岡 成美,2026-07-09,2026-07-13,14,鳴門,一般,３　１３妨４６　３６,2024-08-10,2024-08-15,14,鳴門,一般,３３５　６１３６３　５１,2024-05-22,2024-05-25,14,鳴門,一般,６２５６２　１４,2024-01-27,2024-02-01,14,鳴門,一般,３４４　３１１　４５１２,2024-01-08,2024-01-12,14,鳴門,一般,１５３　４２１　１４,4546,浜田 亜理沙,2026-02-24,2026-03-01,14,鳴門,ＧⅠ,１　２６４２３　４　３２,2024-12-16,2024-12-19,14,鳴門,一般,１１３２２３２１,2024-06-13,2024-06-18,14,鳴門,ＧⅢ,１　２２１１２２３４４２,2023-08-16,2023-08-21,14,鳴門,一般,１４１２２　２３４２[３],2022-11-22,2022-11-27,14,鳴門,ＳＧ,６　２　３　４　５２３,4843,深尾 巴恵,2025-06-26,2025-06-29,14,鳴門,一般,２　６５２　６３,2025-04-25,2025-04-30,14,鳴門,一般,３　４２４１１１４５４,2023-04-22,2023-04-27,14,鳴門,ＧⅢ,６６２　５２４　３４５,2023-01-16,2023-01-21,14,鳴門,ＧⅢ,５　１３４２５４１　３１,2021-05-24,2021-05-29,14,鳴門,一般,６　１６６６６　５　５６,5342,原村 百那,2025-09-29,2025-10-03,14,鳴門,一般,　　　　　　４６５６,2025-04-06,2025-04-09,14,鳴門,一般,６　６６６　６６,2025-02-15,2025-02-18,14,鳴門,一般,６　６６６　６６,2024-06-22,2024-06-25,14,鳴門,一般,６　６６６　６６,,,,,,,5189,藤原 早菜,2026-03-12,2026-03-15,14,鳴門,一般,５６３　４５３５,2023-08-16,2023-08-21,14,鳴門,一般,３　５６２２３３２３２４,2023-05-29,2023-06-03,14,鳴門,一般,４　３４５　３６６　５２,2022-11-10,2022-11-14,14,鳴門,一般,２　５６６　６６４５,2021-12-23,2021-12-27,14,鳴門,一般,６５６　６　６４,4689,豊田 結,2026-04-29,2026-05-04,14,鳴門,ＧⅢ,２５６４２１３　１６１４,2025-08-13,2025-08-18,14,鳴門,ＧⅢ,１６２１２２４　６２[４],2025-04-25,2025-04-30,14,鳴門,一般,５６３１２１４　１４５４,2023-01-16,2023-01-21,14,鳴門,ＧⅢ,５６１　１　５６２４４５,2021-05-24,2021-05-29,14,鳴門,一般,５１４　３５５　６１１３
202609111409,2026-09-11,14,09R,5069,山崎 小葉音,2026-04-29,2026-05-04,14,鳴門,ＧⅢ,４　１１３１３３３３３２,2025-10-15,2025-10-20,14,鳴門,一般,２６１　５４６　４F６,2025-02-15,2025-02-18,14,鳴門,一般,４３５５１　２２,2024-10-31,2024-11-04,14,鳴門,一般,３４６３４　１　５４,2024-05-13,2024-05-18,14,鳴門,一般,３転欠欠,4720,西澤 日花里,2023-06-10,2023-06-15,14,鳴門,ＧⅢ,６６３　４４５　１４３,2023-04-22,2023-04-27,14,鳴門,ＧⅢ,４５３２４　５１３　３３,2022-12-15,2022-12-18,14,鳴門,一般,１　６３１６２６,2021-07-23,2021-07-27,14,鳴門,一般,２　５５５６１　５４,2020-11-21,2020-11-26,14,鳴門,一般,３　５６３　４６４　５２,4878,西岡 育未,2026-04-29,2026-05-04,14,鳴門,ＧⅢ,３３３　３３４６４　３２,2025-08-13,2025-08-18,14,鳴門,ＧⅢ,１　２３２２４１３４２５,2025-04-25,2025-04-30,14,鳴門,一般,４３１　４４２４５２６２,2024-12-23,2024-12-28,14,鳴門,一般,３　２３６３６６　　１６,2024-07-23,2024-07-28,14,鳴門,一般,３１３　５　５６６　５２,4372,原田 佑実,2026-04-29,2026-05-04,14,鳴門,ＧⅢ,５６３２２　４１６５５２,2025-04-25,2025-04-30,14,鳴門,一般,３４３　２１４６１エ４５,2024-10-07,2024-10-12,14,鳴門,一般,２　５６６６２　５２５２,2023-01-16,2023-01-21,14,鳴門,ＧⅢ,２２２２３３１　５１[６],2022-02-26,2022-03-03,14,鳴門,一般,３４５　１６２５１　２５,4746,大豆生田 蒼,2026-02-24,2026-03-01,14,鳴門,ＧⅠ,４　５　３５４　４４４,2025-10-26,2025-10-31,14,鳴門,一般,３５４　４４F６４　６,2024-01-27,2024-02-01,14,鳴門,一般,６　１２５　４２３　３２,2023-03-04,2023-03-07,14,鳴門,一般,４２３４５４１３,2023-01-16,2023-01-21,14,鳴門,ＧⅢ,欠欠,5380,野田 亜湖,2026-04-29,2026-05-04,14,鳴門,ＧⅢ,６　６６６　６６６　６,2026-01-21,2026-01-24,14,鳴門,一般,６　６　６　６６,2025-11-15,2025-11-20,14,鳴門,一般,　　　　　　　　６６６,2025-08-13,2025-08-18,14,鳴門,ＧⅢ,６　６６６　６６６　６６,2025-04-25,2025-04-30,14,鳴門,一般,６　５６６　５６６６６５
202609111410,2026-09-11,14,10R,4901,出口 舞有子,2021-05-24,2021-05-29,14,鳴門,一般,１　２５３１１５２３１１,2019-01-15,2019-01-20,14,鳴門,ＧⅢ,落　２３１　３３３３３４,2016-12-13,2016-12-18,14,鳴門,ＧⅢ,３６６　５５５　４６５,2016-11-03,2016-11-08,14,鳴門,一般,６６５　６２６　５　３,,,,,,,4611,今井 美亜,2026-02-24,2026-03-01,14,鳴門,ＧⅠ,１６５　５　１２４３２,2024-12-16,2024-12-19,14,鳴門,一般,２６５６１　４１,2024-01-27,2024-02-01,14,鳴門,一般,３　４４１　５４５　２１,2023-09-12,2023-09-15,14,鳴門,一般,１５６６２　５５,2023-08-16,2023-08-21,14,鳴門,一般,３１５１４５１　３５３４,4680,後藤 美翼,2026-07-09,2026-07-13,14,鳴門,一般,６２５５３　２　３１,2026-04-29,2026-05-04,14,鳴門,ＧⅢ,２４３　４３２　６４３４,2024-05-13,2024-05-18,14,鳴門,一般,６　４４３４１２３　２４,2021-11-11,2021-11-15,14,鳴門,一般,４５６　５６４　１４,2021-10-02,2021-10-07,14,鳴門,ＧⅢ,３　３２２５６５５　４１,4733,赤井 睦,2026-02-24,2026-03-01,14,鳴門,ＧⅠ,４　５　３５６　３F６,2026-01-31,2026-02-05,14,鳴門,ＧⅠ,５　４　３６６　２２４５,2025-08-13,2025-08-18,14,鳴門,ＧⅢ,３３１　１５１６６４２４,2025-04-25,2025-04-30,14,鳴門,一般,２３２５３４３　３５１２,2024-12-23,2024-12-28,14,鳴門,一般,１６５６３　２３５　４１,4347,魚谷 香織,2024-06-13,2024-06-18,14,鳴門,ＧⅢ,１２２５２４３　５３１２,2022-12-04,2022-12-09,14,鳴門,一般,欠,2022-01-10,2022-01-13,14,鳴門,一般,４　２４１５５,2020-03-03,2020-03-08,14,鳴門,ＧⅡ,３２妨　４２２　３　３６,2013-08-06,2013-08-11,14,鳴門,ＧⅠ,１５２　４　３１４　１５,5198,奥村 明日香,2026-08-16,2026-08-19,14,鳴門,一般,２３４　２６４１,2025-07-28,2025-07-31,14,鳴門,一般,５４６　　　６３,2025-06-26,2025-06-29,14,鳴門,一般,６　６４５　４６,2024-12-23,2024-12-28,14,鳴門,一般,５５４　２３４２　　５４,2024-10-07,2024-10-12,14,鳴門,一般,６　４３５　２６６５３５
202609111411,2026-09-11,14,11R,4974,安井 瑞紀,2026-04-29,2026-05-04,14,鳴門,ＧⅢ,１４４３２　５２４　２４,2025-11-24,2025-11-28,14,鳴門,一般,６　２６３３１　F４,2025-08-13,2025-08-18,14,鳴門,ＧⅢ,２１５２５　３１１３[２],2025-02-15,2025-02-18,14,鳴門,一般,３　６１６４６１,2024-08-10,2024-08-15,14,鳴門,一般,１４５　４６５　１５３,4642,松尾 夏海,2026-01-31,2026-02-05,14,鳴門,ＧⅠ,５６２　６３３　３　６６,2025-04-25,2025-04-30,14,鳴門,一般,１　２４２５１１４１[３],2024-05-13,2024-05-18,14,鳴門,一般,１３２　３１１３４１[２],2024-01-27,2024-02-01,14,鳴門,一般,２　４５５　５３５２１,2023-05-21,2023-05-24,14,鳴門,一般,２１１　６３３２,3470,新田 芳美,2026-04-29,2026-05-04,14,鳴門,ＧⅢ,５５３１５　２　１１３１,2026-01-31,2026-02-05,14,鳴門,ＧⅠ,２　３　５５６　６６１,2025-09-29,2025-10-03,14,鳴門,一般,３６３　５５１　６２,2025-08-13,2025-08-18,14,鳴門,ＧⅢ,４４４　６３４　３４２,2025-04-25,2025-04-30,14,鳴門,一般,３４３２３５５５３５２４,4775,千葉 真弥,2025-04-25,2025-04-30,14,鳴門,一般,５５４　３３２３５　３１,2021-11-03,2021-11-07,14,鳴門,一般,２６３　４３３６４,2021-02-17,2021-02-22,14,鳴門,一般,２　２１３２３６１２[３],2020-02-13,2020-02-18,14,鳴門,一般,６　６２２６６　６２５,2017-03-21,2017-03-27,14,鳴門,一般,４３４　３４３　４３　　３６,5195,北村 寧々,2025-08-13,2025-08-18,14,鳴門,ＧⅢ,５３１　３６４２３　１,2023-12-13,2023-12-18,14,鳴門,一般,４　６落４６５　３１,2023-04-22,2023-04-27,14,鳴門,ＧⅢ,５　６６６　４４４　２５,,,,,,,,,,,,,4714,喜多須 杏奈,2026-05-29,2026-06-02,14,鳴門,一般,４２妨　４　３４５,2026-01-31,2026-02-05,14,鳴門,ＧⅠ,３　３　６３２　２３３４,2025-08-13,2025-08-18,14,鳴門,ＧⅢ,１２２　３５３１２５５４,2025-04-25,2025-04-30,14,鳴門,一般,１　５３２３３１３４６６,2025-04-06,2025-04-09,14,鳴門,一般,２３１　５４５５
202609111412,2026-09-11,14,12R,4885,大山 千広,2023-06-10,2023-06-15,14,鳴門,ＧⅢ,４　２１２　３１６　１３,2020-07-21,2020-07-26,14,鳴門,ＳＧ,１　６５５　５６６　６,2020-03-03,2020-03-08,14,鳴門,ＧⅡ,１　５３１２１　４　５,2019-05-04,2019-05-09,14,鳴門,ＧⅢ,１１２２１１３１１１[１],,,,,,,4530,小野 生奈,2026-02-24,2026-03-01,14,鳴門,ＧⅠ,２５４　２２１　１　[４],2025-10-26,2025-10-31,14,鳴門,一般,４６２３６　１１３３５２,2024-07-23,2024-07-28,14,鳴門,一般,１　１４５４４１５４５３,2021-12-04,2021-12-07,14,鳴門,ＧⅠ,３５１　４６２,2020-03-03,2020-03-08,14,鳴門,ＧⅡ,２３１　１１２　１　[５],4050,田口 節子,2026-02-24,2026-03-01,14,鳴門,ＧⅠ,６１３　３　４２３　６２,2025-05-17,2025-05-21,14,鳴門,一般,１２２２１１１１[５],2023-05-29,2023-06-03,14,鳴門,一般,１１２１F１３　４　１,2023-04-22,2023-04-27,14,鳴門,ＧⅢ,２２３１２　４１５１[５],2022-11-22,2022-11-27,14,鳴門,ＳＧ,１　２５３　６１３　[６],4450,平高 奈菜,2026-02-24,2026-03-01,14,鳴門,ＧⅠ,２　４５６　５６１　６欠,2026-01-31,2026-02-05,14,鳴門,ＧⅠ,６　２２２　５５６　３,2025-04-25,2025-04-30,14,鳴門,一般,２１５　１２２４２５１３,2024-01-27,2024-02-01,14,鳴門,一般,１　６３３　４転１３２,2023-04-22,2023-04-27,14,鳴門,ＧⅢ,２５４　２１２２２３３５,4738,清埜 翔子,2026-02-24,2026-03-01,14,鳴門,ＧⅠ,５　１４６１１　３　４１,2023-08-16,2023-08-21,14,鳴門,一般,６　３５３４１４４３５１,2023-01-16,2023-01-21,14,鳴門,ＧⅢ,３　５６１５２２２　６３,2021-02-17,2021-02-22,14,鳴門,一般,６　２５２３１２２５１３,2019-01-15,2019-01-20,14,鳴門,ＧⅢ,５　欠欠,5193,米丸 乃絵,2026-02-24,2026-03-01,14,鳴門,ＧⅠ,４　３３１　４１１１３,2025-12-09,2025-12-12,14,鳴門,一般,４２２３５　３３,2024-07-23,2024-07-28,14,鳴門,一般,４　２５転４５２３　１４,2023-12-13,2023-12-18,14,鳴門,一般,２　４１６１２４５４,2022-12-15,2022-12-18,14,鳴門,一般,６　５６６　６４
202609111601,2026-09-11,16,01R,4754,松尾 充,2022-08-30,2022-09-04,16,児島,ＧⅡ,３６２　２５４　６４５,2021-08-26,2021-08-31,16,児島,一般,１１１　２５５４３２[５],2019-10-08,2019-10-13,16,児島,一般,２３４１４１２　２５１６,2019-05-20,2019-05-24,16,児島,一般,１　２６５２１３４１,2016-03-10,2016-03-15,16,児島,一般,６　落６２　３　１３１３,5124,上瀧 絢也,2024-12-07,2024-12-12,16,児島,一般,６　５６３　４５５　５４,2024-02-20,2024-02-25,16,児島,一般,２転,2021-10-19,2021-10-24,16,児島,一般,６　転６６　６５６　５６,,,,,,,,,,,,,4410,井上 大輔,2026-08-08,2026-08-13,16,児島,一般,５　２２１４４　１１５５,2026-04-23,2026-04-28,16,児島,一般,５４３　２５２６３　５１,2025-12-28,2026-01-02,16,児島,一般,６６１　４４２　１３１５,2025-06-14,2025-06-19,16,児島,ＧⅢ,１６４　２５５　６４４５,2024-12-28,2025-01-02,16,児島,一般,４６４　３６２１６　２１,4924,中北 涼,2026-02-06,2026-02-11,16,児島,一般,１４１　２３２５４３４１,2024-10-23,2024-10-28,16,児島,一般,６　４F６　６　６　５,2023-05-18,2023-05-23,16,児島,一般,５３３　１２４　F５５,2022-10-29,2022-11-03,16,児島,ＧⅢ,５６１　エ４２　５３５３,2021-08-04,2021-08-09,16,児島,一般,３　５５３２６　３５４５,4374,永田 義紘,2025-02-19,2025-02-24,16,児島,ＧⅢ,５６３　３５１４２　６６,2024-11-01,2024-11-05,16,児島,一般,F１４　４　４　３,2024-03-02,2024-03-07,16,児島,一般,４　１３１　５６５　５６,2023-03-05,2023-03-09,16,児島,一般,４１４５３　３　３２,2022-04-09,2022-04-13,16,児島,一般,５４５　５　２３１２,5423,高橋 嗣穏,2026-04-12,2026-04-17,16,児島,一般,６６６　６　６６６　５５,,,,,,,,,,,,,,,,,,,,,,,,
202609111602,2026-09-11,16,02R,3866,木山 誠一,2026-07-17,2026-07-22,16,児島,ＧⅢ,６６３　５　６６２　４,2025-08-16,2025-08-21,16,児島,一般,６　４６６　２４４　６,2025-06-23,2025-06-28,16,児島,一般,３　６６５　６５５　４,2025-05-02,2025-05-07,16,児島,一般,２　６５２　６６２　６６,2025-02-28,2025-03-05,16,児島,一般,５　１５３　６６１　４１,5335,森 陽多,2024-09-24,2024-09-29,16,児島,ＧⅢ,６　６６６　５６５　２６,2023-12-19,2023-12-24,16,児島,一般,６　６６６　落５６　６,,,,,,,,,,,,,,,,,,,4343,村岡 賢,2025-12-17,2025-12-20,16,児島,一般,６　２３１　６４,2025-06-07,2025-06-11,16,児島,一般,２　６６６２４　１５,2024-12-07,2024-12-12,16,児島,一般,３２４　４５１　２４２２,2024-01-08,2024-01-13,16,児島,一般,５５３　３１６　２５５,2023-01-19,2023-01-23,16,児島,一般,４２１　６５６５４５,4797,中山 将,2025-08-01,2025-08-06,16,児島,一般,３　３４２１４４２４１１,2024-01-08,2024-01-13,16,児島,一般,１　２２６５１４３２[６],2023-06-20,2023-06-25,16,児島,一般,６　３２６　２１１６１２,2022-02-10,2022-02-14,16,児島,一般,３　４４１５転３１１,2019-10-08,2019-10-13,16,児島,一般,２　１３１３１１６６１３,5326,三嶌 さらら,2026-05-10,2026-05-15,16,児島,一般,１５４　３２４　１３４,2024-11-01,2024-11-05,16,児島,一般,４６６　３　３６３６,2024-08-08,2024-08-13,16,児島,一般,１　５６５　４６F　６,,,,,,,,,,,,,5109,川崎 智稔,2026-08-08,2026-08-13,16,児島,一般,６　２３６　１５６　２６,2026-05-19,2026-05-23,16,児島,一般,２６６４４　５２２,2025-12-28,2026-01-02,16,児島,一般,６４５　４３１　５４４,2025-08-16,2025-08-21,16,児島,一般,５６２　６１４　２転３,2025-03-08,2025-03-13,16,児島,一般,３　３５１５３　５５２３
202609111603,2026-09-11,16,03R,4499,滝川 真由子,2026-01-14,2026-01-19,16,児島,一般,４６４　４５６　５　５４,2018-10-04,2018-10-08,16,児島,一般,２５５　４１３６６４,2018-07-20,2018-07-25,16,児島,一般,６　４３４　２５６　４,2014-10-09,2014-10-15,16,児島,ＧⅢ,１２３　１５６　１２[６],2012-02-19,2012-02-24,16,児島,ＧⅢ,６　２５２５４　４４１,4446,和田 兼輔,2026-06-30,2026-07-05,16,児島,ＧⅡ,５４３　４　４１３１４,2024-06-06,2024-06-11,16,児島,一般,２　３４４１１４３３２１,2022-11-24,2022-11-28,16,児島,一般,２　１５３４１３１２,2022-08-30,2022-09-04,16,児島,ＧⅡ,１３４２１　２　４　２３,2019-05-30,2019-06-04,16,児島,ＧⅠ,４　４４５　６　２５３,4382,高山 智至,2026-01-21,2026-01-26,16,児島,一般,６４３　５５４　３　５３,2024-01-17,2024-01-22,16,児島,一般,５　５妨１　５３４　６３,2022-12-13,2022-12-18,16,児島,一般,２３５　３５３４３４３,2022-09-24,2022-09-29,16,児島,一般,４２３　４４５　３４４,2020-08-05,2020-08-10,16,児島,一般,１３６３３　５３３３４１,4460,後藤 翔之,2026-05-10,2026-05-15,16,児島,一般,１　２２２５５２５４３４,2026-01-29,2026-02-03,16,児島,一般,４３３３６　１　２５３３,2024-03-02,2024-03-07,16,児島,一般,６３１　エ２１５落２[６],2023-10-02,2023-10-07,16,児島,一般,２１２５１　２１５１[１],2023-08-03,2023-08-08,16,児島,一般,２３１６１　３１２３１１,4364,池永 太,2025-05-18,2025-05-23,16,児島,一般,１１５２１　４３１３５１,2025-01-26,2025-01-31,16,児島,一般,３２２　１１３２４１[３],2024-10-13,2024-10-18,16,児島,一般,２３２１１　１３３１[２],2024-05-20,2024-05-25,16,児島,一般,１６１５１　２４２２[５],2023-12-19,2023-12-24,16,児島,一般,３１４２１　１１３１[１],4728,山口 亮,2025-08-01,2025-08-06,16,児島,一般,４６４　３１６　４　２２,2025-05-25,2025-05-29,16,児島,一般,６２６　５４５　５１,2025-01-07,2025-01-12,16,児島,一般,２３５　１５３　６６６６,2024-06-14,2024-06-19,16,児島,一般,５１５　３３４　５５２２,2024-03-02,2024-03-07,16,児島,一般,６　６４５　３４４　４４
202609111604,2026-09-11,16,04R,4788,小池 哲也,2026-04-04,2026-04-09,16,児島,一般,３３５　５６５４３　６１,2025-08-08,2025-08-13,16,児島,一般,４５３５２１６　１３１２,2025-05-18,2025-05-23,16,児島,一般,２　１４２５２５４６２４,2024-04-13,2024-04-18,16,児島,一般,１３６４３２２　３不１６,2024-01-17,2024-01-22,16,児島,一般,１　４２２３２１１１[２],5338,香月 大輝,2026-06-21,2026-06-26,16,児島,一般,４　３４３　３２６　６３,2025-01-26,2025-01-31,16,児島,一般,４　５６４　６４６　６４,,,,,,,,,,,,,,,,,,,5076,石原 光,2026-07-17,2026-07-22,16,児島,ＧⅢ,４６３　６　４２５　１３,2025-07-10,2025-07-15,16,児島,一般,２３５　４６,2024-02-20,2024-02-25,16,児島,一般,６　６６６　６４６　５,2022-08-04,2022-08-09,16,児島,一般,６　６２２　２６５　１６,,,,,,,3988,古川 誠之,2024-11-01,2024-11-05,16,児島,一般,３２４　２２４２[５],2024-07-11,2024-07-16,16,児島,一般,５６１,2022-04-09,2022-04-13,16,児島,一般,３　５５１３２１２１,2019-09-29,2019-10-04,16,児島,一般,１２１１１２２　２１[４],2018-07-20,2018-07-25,16,児島,一般,６５５５５,5047,國分 将太郎,2026-05-19,2026-05-23,16,児島,一般,４２４　３３１６２４,2025-03-08,2025-03-13,16,児島,一般,４　４転落欠,2024-02-20,2024-02-25,16,児島,一般,２３２　３４３２１２[６],2022-01-20,2022-01-25,16,児島,一般,１　２５１２１２４３３１,,,,,,,4828,松山 将吾,2025-01-07,2025-01-12,16,児島,一般,２４５４１　５４３落２,2024-01-17,2024-01-22,16,児島,一般,５　３６１２４５２４３１,2023-10-11,2023-10-16,16,児島,一般,１　４３１２１６F５５,2023-01-12,2023-01-16,16,児島,一般,３１１３４４１２[５],2019-02-13,2019-02-17,16,児島,一般,２４２４４１５１[２]
202609111605,2026-09-11,16,05R,4436,渋谷 明憲,2026-02-15,2026-02-20,16,児島,一般,２１５２３５５　５５５３,2025-07-24,2025-07-29,16,児島,一般,１２３５１５６　１２[４],2023-01-12,2023-01-16,16,児島,一般,２　３２１３４２[３],2021-10-19,2021-10-24,16,児島,一般,３５１６４　５１６６１３,2021-03-24,2021-03-29,16,児島,一般,５　２４１６４２１　１３,4072,森永 淳,2026-01-06,2026-01-11,16,児島,一般,１６,2025-07-01,2025-07-06,16,児島,ＧⅡ,１５１　２　２２２　[６],2025-03-08,2025-03-13,16,児島,一般,４１２　１１１４２２[５],2023-06-20,2023-06-25,16,児島,一般,１１４３１　５１３１[２],2022-12-13,2022-12-18,16,児島,一般,１３３　５１５１１４１６,5286,坂井 滉哉,2025-07-10,2025-07-15,16,児島,一般,３５１　５１１　１４５４,2024-04-23,2024-04-28,16,児島,一般,４　５５４　３６３　５５,,,,,,,,,,,,,,,,,,,4030,森高 一真,2026-03-02,2026-03-07,16,児島,ＧⅠ,５　４　１６２　６３３３,2024-04-04,2024-04-09,16,児島,ＧⅠ,１４１　２３４　３　４２,2023-10-23,2023-10-28,16,児島,一般,２３３２３　２１６３３４,2023-07-18,2023-07-23,16,児島,ＳＧ,１　５　４５２　６３６,2023-01-12,2023-01-16,16,児島,一般,４３４１２２１２[４],4449,中嶋 達也,2026-03-19,2026-03-24,16,児島,一般,１　３６４３５６転,2025-07-18,2025-07-22,16,児島,一般,５　２３５２６　２５,2024-06-14,2024-06-19,16,児島,一般,６　４２５５３　４６１,2021-06-01,2021-06-06,16,児島,一般,２６１　６６６　４５６,2021-04-02,2021-04-07,16,児島,一般,５　４５３　２６３５６,5464,,,,,,,,,,,,,,,,,,,,,,,,,,,,,,,
202609111606,2026-09-11,16,06R,4067,永井 源,2022-12-13,2022-12-18,16,児島,一般,２５１３１　５３５３２２,2020-08-05,2020-08-10,16,児島,一般,５４４　１４５１４２[６],2020-01-31,2020-02-05,16,児島,一般,３３１１３　３１３３４１,2017-09-19,2017-09-22,16,児島,一般,１５３３４２[６],2017-03-02,2017-03-07,16,児島,一般,５３３　２２１４２１[３],5326,三嶌 さらら,2026-05-10,2026-05-15,16,児島,一般,１５４　３２４　１３４,2024-11-01,2024-11-05,16,児島,一般,４６６　３　３６３６,2024-08-08,2024-08-13,16,児島,一般,１　５６５　４６F　６,,,,,,,,,,,,,5299,西丸 敦基,2026-05-10,2026-05-15,16,児島,一般,４３４　４４３　３１４,2026-01-21,2026-01-26,16,児島,一般,６３１　６６３　２５１１,2025-08-16,2025-08-21,16,児島,一般,２　１５２　５４４　１５,2024-12-07,2024-12-12,16,児島,一般,５５２　１６１　２２５２,2024-08-08,2024-08-13,16,児島,一般,　　　　　　　　　　２５,5124,上瀧 絢也,2024-12-07,2024-12-12,16,児島,一般,６　５６３　４５５　５４,2024-02-20,2024-02-25,16,児島,一般,２転,2021-10-19,2021-10-24,16,児島,一般,６　転６６　６５６　５６,,,,,,,,,,,,,5074,大澤 誠也,2025-05-25,2025-05-29,16,児島,一般,３５４　４１,2025-02-10,2025-02-15,16,児島,一般,２　４６３　３６４　２４,2022-06-22,2022-06-27,16,児島,一般,５　３６５　１２６　６３,2021-01-02,2021-01-05,16,児島,一般,４　４４５　６５,,,,,,,4350,篠崎 元志,2026-01-21,2026-01-26,16,児島,一般,２１２　１３２１２１[４],2024-05-11,2024-05-16,16,児島,一般,１１２　１３２１２１[１],2023-06-10,2023-06-15,16,児島,一般,１５１１３３１　５２[４],2023-05-09,2023-05-14,16,児島,ＧⅠ,６１４　３　４５４　４２,2022-10-16,2022-10-21,16,児島,ＧⅠ,３３３　３２１　６　３３
202609111607,2026-09-11,16,07R,4314,青木 幸太郎,2025-12-17,2025-12-20,16,児島,一般,４１３　４３５４,2025-05-10,2025-05-15,16,児島,一般,４４５　４１５４５　４５,2023-03-05,2023-03-09,16,児島,一般,４　２６５４４　１２,2021-09-04,2021-09-09,16,児島,一般,３　４４１１４４４３２,2021-07-04,2021-07-09,16,児島,一般,１６２２５　６６２　１４,4924,中北 涼,2026-02-06,2026-02-11,16,児島,一般,１４１　２３２５４３４１,2024-10-23,2024-10-28,16,児島,一般,６　４F６　６　６　５,2023-05-18,2023-05-23,16,児島,一般,５３３　１２４　F５５,2022-10-29,2022-11-03,16,児島,ＧⅢ,５６１　エ４２　５３５３,2021-08-04,2021-08-09,16,児島,一般,３　５５３２６　３５４５,4728,山口 亮,2025-08-01,2025-08-06,16,児島,一般,４６４　３１６　４　２２,2025-05-25,2025-05-29,16,児島,一般,６２６　５４５　５１,2025-01-07,2025-01-12,16,児島,一般,２３５　１５３　６６６６,2024-06-14,2024-06-19,16,児島,一般,５１５　３３４　５５２２,2024-03-02,2024-03-07,16,児島,一般,６　６４５　３４４　４４,4343,村岡 賢,2025-12-17,2025-12-20,16,児島,一般,６　２３１　６４,2025-06-07,2025-06-11,16,児島,一般,２　６６６２４　１５,2024-12-07,2024-12-12,16,児島,一般,３２４　４５１　２４２２,2024-01-08,2024-01-13,16,児島,一般,５５３　３１６　２５５,2023-01-19,2023-01-23,16,児島,一般,４２１　６５６５４５,5265,大廣 咲季,2026-05-10,2026-05-15,16,児島,一般,５２５　３６３　５　６１,2025-12-17,2025-12-20,16,児島,一般,１　４５６　３１,2024-02-02,2024-02-07,16,児島,ＧⅢ,６　６　６６６　６　３６,,,,,,,,,,,,,4441,末永 由楽,2026-08-08,2026-08-13,16,児島,一般,３５１　１６５　１２２５,2026-06-30,2026-07-05,16,児島,ＧⅡ,２　３１５　３　２　[６],2026-05-02,2026-05-07,16,児島,一般,４１５　３５３　３１３,2026-03-27,2026-03-31,16,児島,一般,１　４６１４１５１４,2026-01-06,2026-01-11,16,児島,一般,２１３３１１１　２３３１
202609111608,2026-09-11,16,08R,3284,渡邊 伸太郎,2026-03-11,2026-03-16,16,児島,一般,４３６　２４４　４４５,2024-04-23,2024-04-28,16,児島,一般,２３３　４５４５５　４６,2022-10-07,2022-10-12,16,児島,一般,１５１５３　１４６　２２,2021-04-10,2021-04-14,16,児島,一般,２１３６４６５　２１,2020-03-07,2020-03-12,16,児島,一般,５４欠欠,5358,,,,,,,,,,,,,,,,,,,,,,,,,,,,,,,,4797,中山 将,2025-08-01,2025-08-06,16,児島,一般,３　３４２１４４２４１１,2024-01-08,2024-01-13,16,児島,一般,１　２２６５１４３２[６],2023-06-20,2023-06-25,16,児島,一般,６　３２６　２１１６１２,2022-02-10,2022-02-14,16,児島,一般,３　４４１５転３１１,2019-10-08,2019-10-13,16,児島,一般,２　１３１３１１６６１３,4382,高山 智至,2026-01-21,2026-01-26,16,児島,一般,６４３　５５４　３　５３,2024-01-17,2024-01-22,16,児島,一般,５　５妨１　５３４　６３,2022-12-13,2022-12-18,16,児島,一般,２３５　３５３４３４３,2022-09-24,2022-09-29,16,児島,一般,４２３　４４５　３４４,2020-08-05,2020-08-10,16,児島,一般,１３６３３　５３３３４１,5292,佐藤 右京,2026-05-10,2026-05-15,16,児島,一般,６　６６５　２４４　２２,2025-06-01,2025-06-05,16,児島,一般,５６６　４６１　５５,2025-01-07,2025-01-12,16,児島,一般,６　２６６　３６５　３５,,,,,,,,,,,,,4410,井上 大輔,2026-08-08,2026-08-13,16,児島,一般,５　２２１４４　１１５５,2026-04-23,2026-04-28,16,児島,一般,５４３　２５２６３　５１,2025-12-28,2026-01-02,16,児島,一般,６６１　４４２　１３１５,2025-06-14,2025-06-19,16,児島,ＧⅢ,１６４　２５５　６４４５,2024-12-28,2025-01-02,16,児島,一般,４６４　３６２１６　２１
202609111609,2026-09-11,16,09R,4286,平田 さやか,2021-07-13,2021-07-18,16,児島,ＧⅢ,１４５３３４２　２４３６,2021-03-14,2021-03-19,16,児島,一般,５６４２１　１５２５３４,2020-11-12,2020-11-17,16,児島,ＧⅢ,１３４　５４５１１６３６,2019-07-03,2019-07-08,16,児島,一般,４５１　３　５６４　５２,2019-06-09,2019-06-14,16,児島,一般,４６６４４　２　３５３２,4374,永田 義紘,2025-02-19,2025-02-24,16,児島,ＧⅢ,５６３　３５１４２　６６,2024-11-01,2024-11-05,16,児島,一般,F１４　４　４　３,2024-03-02,2024-03-07,16,児島,一般,４　１３１　５６５　５６,2023-03-05,2023-03-09,16,児島,一般,４１４５３　３　３２,2022-04-09,2022-04-13,16,児島,一般,５４５　５　２３１２,5109,川崎 智稔,2026-08-08,2026-08-13,16,児島,一般,６　２３６　１５６　２６,2026-05-19,2026-05-23,16,児島,一般,２６６４４　５２２,2025-12-28,2026-01-02,16,児島,一般,６４５　４３１　５４４,2025-08-16,2025-08-21,16,児島,一般,５６２　６１４　２転３,2025-03-08,2025-03-13,16,児島,一般,３　３５１５３　５５２３,4499,滝川 真由子,2026-01-14,2026-01-19,16,児島,一般,４６４　４５６　５　５４,2018-10-04,2018-10-08,16,児島,一般,２５５　４１３６６４,2018-07-20,2018-07-25,16,児島,一般,６　４３４　２５６　４,2014-10-09,2014-10-15,16,児島,ＧⅢ,１２３　１５６　１２[６],2012-02-19,2012-02-24,16,児島,ＧⅢ,６　２５２５４　４４１,5338,香月 大輝,2026-06-21,2026-06-26,16,児島,一般,４　３４３　３２６　６３,2025-01-26,2025-01-31,16,児島,一般,４　５６４　６４６　６４,,,,,,,,,,,,,,,,,,,4789,古賀 智之,2025-12-17,2025-12-20,16,児島,一般,１３２　４２[６],2024-06-14,2024-06-19,16,児島,一般,３４６　１６４　２５４３,2023-06-10,2023-06-15,16,児島,一般,４　４６６　１３５６６３,2022-04-09,2022-04-13,16,児島,一般,３５４　１　落４３転,2022-02-17,2022-02-20,16,児島,一般,５　４５６　１６
202609111610,2026-09-11,16,10R,4828,松山 将吾,2025-01-07,2025-01-12,16,児島,一般,２４５４１　５４３落２,2024-01-17,2024-01-22,16,児島,一般,５　３６１２４５２４３１,2023-10-11,2023-10-16,16,児島,一般,１　４３１２１６F５５,2023-01-12,2023-01-16,16,児島,一般,３１１３４４１２[５],2019-02-13,2019-02-17,16,児島,一般,２４２４４１５１[２],4364,池永 太,2025-05-18,2025-05-23,16,児島,一般,１１５２１　４３１３５１,2025-01-26,2025-01-31,16,児島,一般,３２２　１１３２４１[３],2024-10-13,2024-10-18,16,児島,一般,２３２１１　１３３１[２],2024-05-20,2024-05-25,16,児島,一般,１６１５１　２４２２[５],2023-12-19,2023-12-24,16,児島,一般,３１４２１　１１３１[１],4436,渋谷 明憲,2026-02-15,2026-02-20,16,児島,一般,２１５２３５５　５５５３,2025-07-24,2025-07-29,16,児島,一般,１２３５１５６　１２[４],2023-01-12,2023-01-16,16,児島,一般,２　３２１３４２[３],2021-10-19,2021-10-24,16,児島,一般,３５１６４　５１６６１３,2021-03-24,2021-03-29,16,児島,一般,５　２４１６４２１　１３,4754,松尾 充,2022-08-30,2022-09-04,16,児島,ＧⅡ,３６２　２５４　６４５,2021-08-26,2021-08-31,16,児島,一般,１１１　２５５４３２[５],2019-10-08,2019-10-13,16,児島,一般,２３４１４１２　２５１６,2019-05-20,2019-05-24,16,児島,一般,１　２６５２１３４１,2016-03-10,2016-03-15,16,児島,一般,６　落６２　３　１３１３,4788,小池 哲也,2026-04-04,2026-04-09,16,児島,一般,３３５　５６５４３　６１,2025-08-08,2025-08-13,16,児島,一般,４５３５２１６　１３１２,2025-05-18,2025-05-23,16,児島,一般,２　１４２５２５４６２４,2024-04-13,2024-04-18,16,児島,一般,１３６４３２２　３不１６,2024-01-17,2024-01-22,16,児島,一般,１　４２２３２１１１[２],4067,永井 源,2022-12-13,2022-12-18,16,児島,一般,２５１３１　５３５３２２,2020-08-05,2020-08-10,16,児島,一般,５４４　１４５１４２[６],2020-01-31,2020-02-05,16,児島,一般,３３１１３　３１３３４１,2017-09-19,2017-09-22,16,児島,一般,１５３３４２[６],2017-03-02,2017-03-07,16,児島,一般,５３３　２２１４２１[３]
202609111611,2026-09-11,16,11R,4350,篠崎 元志,2026-01-21,2026-01-26,16,児島,一般,２１２　１３２１２１[４],2024-05-11,2024-05-16,16,児島,一般,１１２　１３２１２１[１],2023-06-10,2023-06-15,16,児島,一般,１５１１３３１　５２[４],2023-05-09,2023-05-14,16,児島,ＧⅠ,６１４　３　４５４　４２,2022-10-16,2022-10-21,16,児島,ＧⅠ,３３３　３２１　６　３３,5047,國分 将太郎,2026-05-19,2026-05-23,16,児島,一般,４２４　３３１６２４,2025-03-08,2025-03-13,16,児島,一般,４　４転落欠,2024-02-20,2024-02-25,16,児島,一般,２３２　３４３２１２[６],2022-01-20,2022-01-25,16,児島,一般,１　２５１２１２４３３１,,,,,,,4460,後藤 翔之,2026-05-10,2026-05-15,16,児島,一般,１　２２２５５２５４３４,2026-01-29,2026-02-03,16,児島,一般,４３３３６　１　２５３３,2024-03-02,2024-03-07,16,児島,一般,６３１　エ２１５落２[６],2023-10-02,2023-10-07,16,児島,一般,２１２５１　２１５１[１],2023-08-03,2023-08-08,16,児島,一般,２３１６１　３１２３１１,5076,石原 光,2026-07-17,2026-07-22,16,児島,ＧⅢ,４６３　６　４２５　１３,2025-07-10,2025-07-15,16,児島,一般,２３５　４６,2024-02-20,2024-02-25,16,児島,一般,６　６６６　６４６　５,2022-08-04,2022-08-09,16,児島,一般,６　６２２　２６５　１６,,,,,,,4072,森永 淳,2026-01-06,2026-01-11,16,児島,一般,１６,2025-07-01,2025-07-06,16,児島,ＧⅡ,１５１　２　２２２　[６],2025-03-08,2025-03-13,16,児島,一般,４１２　１１１４２２[５],2023-06-20,2023-06-25,16,児島,一般,１１４３１　５１３１[２],2022-12-13,2022-12-18,16,児島,一般,１３３　５１５１１４１６,4314,青木 幸太郎,2025-12-17,2025-12-20,16,児島,一般,４１３　４３５４,2025-05-10,2025-05-15,16,児島,一般,４４５　４１５４５　４５,2023-03-05,2023-03-09,16,児島,一般,４　２６５４４　１２,2021-09-04,2021-09-09,16,児島,一般,３　４４１１４４４３２,2021-07-04,2021-07-09,16,児島,一般,１６２２５　６６２　１４
202609111612,2026-09-11,16,12R,4441,末永 由楽,2026-08-08,2026-08-13,16,児島,一般,３５１　１６５　１２２５,2026-06-30,2026-07-05,16,児島,ＧⅡ,２　３１５　３　２　[６],2026-05-02,2026-05-07,16,児島,一般,４１５　３５３　３１３,2026-03-27,2026-03-31,16,児島,一般,１　４６１４１５１４,2026-01-06,2026-01-11,16,児島,一般,２１３３１１１　２３３１,3988,古川 誠之,2024-11-01,2024-11-05,16,児島,一般,３２４　２２４２[５],2024-07-11,2024-07-16,16,児島,一般,５６１,2022-04-09,2022-04-13,16,児島,一般,３　５５１３２１２１,2019-09-29,2019-10-04,16,児島,一般,１２１１１２２　２１[４],2018-07-20,2018-07-25,16,児島,一般,６５５５５,4030,森高 一真,2026-03-02,2026-03-07,16,児島,ＧⅠ,５　４　１６２　６３３３,2024-04-04,2024-04-09,16,児島,ＧⅠ,１４１　２３４　３　４２,2023-10-23,2023-10-28,16,児島,一般,２３３２３　２１６３３４,2023-07-18,2023-07-23,16,児島,ＳＧ,１　５　４５２　６３６,2023-01-12,2023-01-16,16,児島,一般,４３４１２２１２[４],5299,西丸 敦基,2026-05-10,2026-05-15,16,児島,一般,４３４　４４３　３１４,2026-01-21,2026-01-26,16,児島,一般,６３１　６６３　２５１１,2025-08-16,2025-08-21,16,児島,一般,２　１５２　５４４　１５,2024-12-07,2024-12-12,16,児島,一般,５５２　１６１　２２５２,2024-08-08,2024-08-13,16,児島,一般,　　　　　　　　　　２５,4446,和田 兼輔,2026-06-30,2026-07-05,16,児島,ＧⅡ,５４３　４　４１３１４,2024-06-06,2024-06-11,16,児島,一般,２　３４４１１４３３２１,2022-11-24,2022-11-28,16,児島,一般,２　１５３４１３１２,2022-08-30,2022-09-04,16,児島,ＧⅡ,１３４２１　２　４　２３,2019-05-30,2019-06-04,16,児島,ＧⅠ,４　４４５　６　２５３,3284,渡邊 伸太郎,2026-03-11,2026-03-16,16,児島,一般,４３６　２４４　４４５,2024-04-23,2024-04-28,16,児島,一般,２３３　４５４５５　４６,2022-10-07,2022-10-12,16,児島,一般,１５１５３　１４６　２２,2021-04-10,2021-04-14,16,児島,一般,２１３６４６５　２１,2020-03-07,2020-03-12,16,児島,一般,５４欠欠
202609111701,2026-09-11,17,01R,4637,中田 友也,2026-03-06,2026-03-11,17,宮島,一般,６　１５５　１６６１５３,2025-09-05,2025-09-10,17,宮島,一般,４２１　２５４１１２[３],2023-09-11,2023-09-15,17,宮島,一般,６　６　２４３３３３,2023-04-14,2023-04-19,17,宮島,一般,４　２１２　１４５３５１,2023-03-06,2023-03-11,17,宮島,一般,１３１　１２３５４５２３,5236,小宮 涼雅,2026-08-14,2026-08-19,17,宮島,一般,６３６　６５６　２　３６,2026-05-25,2026-05-30,17,宮島,一般,１　２２２　２６１４５２,2026-01-20,2026-01-25,17,宮島,一般,５転５　３５３　５６４１,2025-08-12,2025-08-17,17,宮島,一般,３　２５５　５６２　５３,2024-06-30,2024-07-04,17,宮島,一般,３　４５６　４５６４,3662,大庭 元明,2026-01-20,2026-01-25,17,宮島,一般,３６５　２２２　１４１１,2023-06-16,2023-06-21,17,宮島,ＧⅢ,３５３６５６５　１　３１,2020-09-23,2020-09-27,17,宮島,一般,１　５２３４３５１５,2020-08-03,2020-08-08,17,宮島,一般,,2018-07-11,2018-07-16,17,宮島,一般,５　２２４２２１６２[５],4969,町田 洸希,2025-08-03,2025-08-08,17,宮島,一般,２　４５６　１１３　２３,2025-05-12,2025-05-17,17,宮島,一般,２　４４４５４３１　２５,2023-03-26,2023-03-31,17,宮島,一般,５　４６５　２１２４６３,2022-12-09,2022-12-13,17,宮島,一般,６　３３１　３　３５,2022-08-24,2022-08-29,17,宮島,一般,４１３３６２２　１４３５,3637,齋藤 和政,2026-06-17,2026-06-22,17,宮島,ＧⅢ,６　５６２　５６５　６,2025-01-23,2025-01-28,17,宮島,一般,５　６４５　４３６６４,2019-12-10,2019-12-15,17,宮島,一般,４　３４２　５４４２２,2017-04-13,2017-04-18,17,宮島,一般,２１４　１２３２６　[６],2014-10-17,2014-10-22,17,宮島,一般,４６１　１２６５４４２６,4158,木場 雄二郎,2026-01-20,2026-01-25,17,宮島,一般,３３１　６６２　６２３３,2025-07-25,2025-07-30,17,宮島,一般,５６１　５４２　５６４５,2025-03-26,2025-03-31,17,宮島,一般,３１６　２６６　６６４,2025-01-11,2025-01-16,17,宮島,一般,６　４１３　３６２３６５,2024-08-03,2024-08-08,17,宮島,一般,６　４２４　２４６６２
202609111702,2026-09-11,17,02R,3497,後藤 浩,2026-05-16,2026-05-21,17,宮島,一般,５　２１２　３６３４１４,2025-02-25,2025-03-01,17,宮島,一般,４３３　５５３　１３,2023-06-24,2023-06-28,17,宮島,一般,２　２３５５６　４３,2021-09-14,2021-09-19,17,宮島,一般,６６３５６　１６,2019-07-09,2019-07-13,17,宮島,一般,５３６２１　１２２１,3381,滝沢 芳行,2026-06-17,2026-06-22,17,宮島,ＧⅢ,３　６５５　１４２６２,2026-03-26,2026-03-31,17,宮島,一般,５　１３１　６５３６４６,2025-10-19,2025-10-24,17,宮島,一般,５４２　２５６　３４５２,2024-12-25,2024-12-28,17,宮島,一般,１２５　３６１６,2019-02-22,2019-02-27,17,宮島,一般,５　２５５６F５５　５,4832,権藤 俊光,2025-11-13,2025-11-18,17,宮島,一般,１２１　１３２３５１[４],2023-08-01,2023-08-06,17,宮島,ＧⅢ,３６４３２　転１,2022-04-04,2022-04-09,17,宮島,ＧⅠ,２　３２１　３６失　１５,2021-04-14,2021-04-17,17,宮島,一般,２４１２５１[５],2020-07-22,2020-07-27,17,宮島,一般,２３３１１１５　２２[転],4839,四宮 与寛,2024-10-20,2024-10-25,17,宮島,一般,３２２２３　６４２６４５,2024-01-10,2024-01-15,17,宮島,一般,１３２１３２１　４１[４],2023-10-17,2023-10-22,17,宮島,一般,１　４２２　１４６６１６,2021-08-27,2021-09-01,17,宮島,一般,５　１３４４４３１　３２,2020-06-03,2020-06-08,17,宮島,一般,６６３　２２５　５６６,4023,柴田 友和,2024-12-25,2024-12-28,17,宮島,一般,５２４　転４３５,2024-07-10,2024-07-15,17,宮島,一般,３　４５４　２３５３１１,2023-02-07,2023-02-12,17,宮島,一般,４　５２５　４６５６５３,2022-07-14,2022-07-19,17,宮島,一般,５　３６６　６２４　２３,2021-11-16,2021-11-21,17,宮島,一般,６　３５６　５１６　４３,3265,今村 暢孝,2026-07-15,2026-07-19,17,宮島,一般,２　２２１１２２[６],2026-03-06,2026-03-11,17,宮島,一般,１　３４１５３２１４１３,2025-10-19,2025-10-24,17,宮島,一般,４６３１３F落,2025-07-07,2025-07-10,17,宮島,一般,３１５４２１[５],2025-04-12,2025-04-17,17,宮島,一般,１２４　１２１６２５１２
202609111703,2026-09-11,17,03R,4231,鈴木 裕隆,2026-03-06,2026-03-11,17,宮島,一般,３　３６２　２２３５１３,2025-03-04,2025-03-09,17,宮島,一般,４５１３４　１４６６１６,2024-08-27,2024-09-02,17,宮島,ＧⅢ,４２４　４２３　２４３３,2023-11-29,2023-12-03,17,宮島,一般,５　２１妨　６　５２,2023-06-24,2023-06-28,17,宮島,一般,１　４　４３１６６６,4514,上條 嘉嗣,2026-03-06,2026-03-11,17,宮島,一般,４３４１２３３　１３１１,2025-07-07,2025-07-10,17,宮島,一般,２４１３３２[３],2024-08-03,2024-08-08,17,宮島,一般,１　６５１６４２２　５６,2024-04-10,2024-04-15,17,宮島,一般,１２２５４　４１１４２２,2023-06-24,2023-06-28,17,宮島,一般,６　４２,3920,正木 聖賢,2026-04-30,2026-05-05,17,宮島,一般,３　４４１１５４４６４３,2025-08-26,2025-08-31,17,宮島,ＧⅢ,２　２２４　３２２１[４],2025-08-12,2025-08-17,17,宮島,一般,３４４　２２６　１３２,2025-05-21,2025-05-25,17,宮島,一般,２　２５１　２５１４,2025-02-05,2025-02-09,17,宮島,一般,４　２５３３６　２６,3748,小黒 竜吾,2024-06-30,2024-07-04,17,宮島,一般,４　３３１１１６４６,2019-02-13,2019-02-18,17,宮島,一般,６　２２２　２６４６６２,2018-07-30,2018-08-04,17,宮島,一般,２４３　６５６　４２２３,2017-02-03,2017-02-08,17,宮島,一般,３４２　１５２５１６３６,2015-03-11,2015-03-16,17,宮島,一般,５１５　４４３　４５４,4593,小坂 宗司,2026-02-20,2026-02-25,17,宮島,一般,１２１３３　１３５１[３],2025-08-26,2025-08-31,17,宮島,ＧⅢ,１５４　４５２　１１２４,2025-05-12,2025-05-17,17,宮島,一般,１１３　４５５３１６１４,2024-06-20,2024-06-25,17,宮島,一般,１　４２５　１４２　３３,2024-04-10,2024-04-15,17,宮島,一般,３３６　３５１　５５５４,4428,有賀 達也,2026-03-06,2026-03-11,17,宮島,一般,５,2025-05-12,2025-05-17,17,宮島,一般,３４４１１２２　１５１３,2024-07-25,2024-07-30,17,宮島,一般,２　３３１２１３４１[４],2023-12-07,2023-12-12,17,宮島,一般,２４１２５　２３１２[１],2018-06-12,2018-06-17,17,宮島,ＧⅡ,５　２　６５５　１３５
202609111704,2026-09-11,17,04R,4650,中山 雄太,2025-03-26,2025-03-31,17,宮島,一般,２２６　１５１３５３２２,2024-09-04,2024-09-09,17,宮島,一般,転欠,2023-09-11,2023-09-15,17,宮島,一般,４１１４６　２５１４,2023-06-06,2023-06-11,17,宮島,一般,１１１２２　３５１４１１,2023-04-22,2023-04-25,17,宮島,一般,４２２　１４３５,4574,東 潤樹,2026-08-14,2026-08-19,17,宮島,一般,２　２４４４４６３　４２,2026-07-15,2026-07-19,17,宮島,一般,４２４　３２５２１,2026-04-03,2026-04-07,17,宮島,一般,６５５,2026-01-09,2026-01-13,17,宮島,一般,４１１２６　５５１１,2025-04-30,2025-05-05,17,宮島,一般,３５６　３４４　１　３５,4570,前田 聖文,2026-03-26,2026-03-31,17,宮島,一般,６４４３３４３　１　２５,2025-03-04,2025-03-09,17,宮島,一般,２４３２１１転　４２[４],2024-07-25,2024-07-30,17,宮島,一般,５１２２４１３　１４４２,2024-03-09,2024-03-14,17,宮島,ＧⅡ,３５６　４　３１４　４４,2023-11-29,2023-12-03,17,宮島,一般,４　３３１３１６１４,5384,八戸 琉楓,2025-12-01,2025-12-06,17,宮島,一般,５　６６６　６６６　F６,,,,,,,,,,,,,,,,,,,,,,,,,3333,丸尾 義孝,2024-04-10,2024-04-15,17,宮島,一般,１３１１１　１５５３６１,2022-09-02,2022-09-08,17,宮島,一般,１　２２４５３３４３３１,2022-07-06,2022-07-10,17,宮島,一般,２２５２１　３４１１,2021-05-26,2021-05-31,17,宮島,一般,２３５１１　３６１５１２,2020-09-30,2020-10-03,17,宮島,一般,１４５１４３１２,4461,安田 吉宏,2026-02-12,2026-02-17,17,宮島,一般,４２３　２３４５３　４３,2025-10-28,2025-11-02,17,宮島,一般,３　５５５　３６３　５６,2024-12-10,2024-12-15,17,宮島,一般,５３５　５６６４６　３４,2023-11-15,2023-11-19,17,宮島,一般,３　５　４３４　１６,2022-12-16,2022-12-21,17,宮島,一般,６４６　３５５４５　６４
202609111705,2026-09-11,17,05R,3684,清水 攻二,2025-12-01,2025-12-06,17,宮島,一般,２３３１３６１　１４２２,2025-07-16,2025-07-21,17,宮島,一般,２２４　２１１　４１[６],2024-08-27,2024-09-02,17,宮島,ＧⅢ,５５４　４５,2023-12-24,2023-12-27,17,宮島,一般,１１４２妨３１,2023-06-24,2023-06-28,17,宮島,一般,２５２５１　３４２２,5041,荒牧 凪沙,2026-03-26,2026-03-31,17,宮島,一般,１６６　６１３　３　１４,2025-07-07,2025-07-10,17,宮島,一般,４　３３１　６５,2024-11-14,2024-11-19,17,宮島,一般,２５１　３１１　５１[４],2022-07-14,2022-07-19,17,宮島,一般,４３４　２４５　３５４,2021-10-13,2021-10-18,17,宮島,一般,２　４６３　５４３　３４,4302,西野 翔太,2026-08-14,2026-08-19,17,宮島,一般,５２１　１６３２妨４２,2026-05-25,2026-05-30,17,宮島,一般,４３３　１２３１１４１４,2026-04-30,2026-05-05,17,宮島,一般,１３２　５４２３１２[６],2025-12-30,2026-01-04,17,宮島,一般,３２２　１５１２２１[２],2025-10-28,2025-11-02,17,宮島,一般,１　５１３２１４１４１１,5035,櫻井 優,2023-08-01,2023-08-06,17,宮島,ＧⅢ,１　６６１　１６２　４２,2023-07-12,2023-07-17,17,宮島,一般,１　５４４　４１３１２３,2020-07-22,2020-07-27,17,宮島,一般,５　６６２　２６６３６６,,,,,,,,,,,,,5249,三木 晴斗,2025-08-26,2025-08-31,17,宮島,ＧⅢ,５　５転,2025-01-23,2025-01-28,17,宮島,一般,４　２２６　６５４　４６,2024-05-27,2024-06-01,17,宮島,一般,４　４５３　６３３６４５,2023-04-30,2023-05-05,17,宮島,一般,６　３２６　４６６　６６,,,,,,,3868,尾形 栄治,2023-06-24,2023-06-28,17,宮島,一般,３４６６１　６　２２,2022-09-20,2022-09-25,17,宮島,一般,４２５　１３３２５６１５,2019-07-25,2019-07-28,17,宮島,一般,１３１　３３１２,2019-02-03,2019-02-08,17,宮島,一般,１３３　４１２　３１[４],2017-11-24,2017-11-29,17,宮島,ＧⅢ,１２２　６４１　４３１４
202609111706,2026-09-11,17,06R,3503,堂原 洋史,2025-04-22,2025-04-27,17,宮島,一般,３５２　１４６５３　４２,2023-12-16,2023-12-21,17,宮島,一般,５６４　５６１　４３４,2023-06-16,2023-06-21,17,宮島,ＧⅢ,３　６２４　５６５　６３,2019-12-10,2019-12-15,17,宮島,一般,２６２　２３３　２６５２,2018-09-27,2018-10-01,17,宮島,一般,５６４　２２１５,3556,田中 信一郎,2026-04-21,2026-04-26,17,宮島,ＧⅠ,５　３２２　１４６　１５,2025-12-10,2025-12-15,17,宮島,一般,２１３１転　２１６１[２],2025-06-12,2025-06-15,17,宮島,一般,１２２５１６,2024-08-03,2024-08-08,17,宮島,一般,１２１１３　３１１２[４],2023-04-04,2023-04-10,17,宮島,ＧⅠ,２３１　５　３　３　３　２５,3637,齋藤 和政,2026-06-17,2026-06-22,17,宮島,ＧⅢ,６　５６２　５６５　６,2025-01-23,2025-01-28,17,宮島,一般,５　６４５　４３６６４,2019-12-10,2019-12-15,17,宮島,一般,４　３４２　５４４２２,2017-04-13,2017-04-18,17,宮島,一般,２１４　１２３２６　[６],2014-10-17,2014-10-22,17,宮島,一般,４６１　１２６５４４２６,4808,松尾 拓,2026-01-09,2026-01-13,17,宮島,一般,１６３　５F５　５,2025-02-25,2025-03-01,17,宮島,一般,５３６５４１２　６６,2024-06-09,2024-06-14,17,宮島,ＧⅠ,４５１　５　４１６４５,2024-03-18,2024-03-23,17,宮島,一般,４２２　３４３１１４１１,2022-11-06,2022-11-11,17,宮島,一般,１３,4952,吉武 真也,2026-01-09,2026-01-13,17,宮島,一般,５　２　３５１　４５,2025-09-05,2025-09-10,17,宮島,一般,１６１　６３３　６　３６,2023-01-30,2023-02-03,17,宮島,一般,　　　　　　５４２,2020-07-22,2020-07-27,17,宮島,一般,５５５　６６６５４　５５,2018-08-07,2018-08-12,17,宮島,一般,６　６５５　５６６　６６,4134,杉山 貴博,2026-04-03,2026-04-07,17,宮島,一般,３　６３３　６１６４,2025-02-12,2025-02-16,17,宮島,一般,１３６２１１４４４３,2024-12-01,2024-12-06,17,宮島,一般,２６５１３３２　２５１５,2024-09-04,2024-09-09,17,宮島,一般,１　３６３３５３３４２１,2023-05-29,2023-06-03,17,宮島,一般,５１４　４５１５４１２２
202609111707,2026-09-11,17,07R,4241,大串 重幸,2026-02-03,2026-02-08,17,宮島,一般,４　２５１転５３３　１４,2025-09-05,2025-09-10,17,宮島,一般,３　３６１　４２１３４１,2022-11-06,2022-11-11,17,宮島,一般,２,2022-06-14,2022-06-19,17,宮島,一般,１３２　３４３　５６１６,2022-02-08,2022-02-11,17,宮島,一般,５　３４５　２５,4023,柴田 友和,2024-12-25,2024-12-28,17,宮島,一般,５２４　転４３５,2024-07-10,2024-07-15,17,宮島,一般,３　４５４　２３５３１１,2023-02-07,2023-02-12,17,宮島,一般,４　５２５　４６５６５３,2022-07-14,2022-07-19,17,宮島,一般,５　３６６　６２４　２３,2021-11-16,2021-11-21,17,宮島,一般,６　３５６　５１６　４３,4406,幸野 史明,2026-02-20,2026-02-25,17,宮島,一般,１５３　２３４３１６１６,2025-11-13,2025-11-18,17,宮島,一般,３２３　６４６　５　４５,2024-05-27,2024-06-01,17,宮島,一般,１　３３３　４３５５２６,2024-03-18,2024-03-23,17,宮島,一般,１２２　１６５５６５１５,2024-01-10,2024-01-15,17,宮島,一般,４　５５１　６５６６６,4601,森野 正弘,2025-07-07,2025-07-10,17,宮島,一般,５１４４４４１３,2025-04-03,2025-04-08,17,宮島,ＧⅠ,２　５６３３３　１３２落,2024-07-10,2024-07-15,17,宮島,一般,２３４１１　３２３３[３],2024-02-10,2024-02-15,17,宮島,ＧⅠ,４　５１３　２１５　３１,2023-11-22,2023-11-26,17,宮島,一般,５　４２１５２５２３,5450,,,,,,,,,,,,,,,,,,,,,,,,,,,,,,,,5236,小宮 涼雅,2026-08-14,2026-08-19,17,宮島,一般,６３６　６５６　２　３６,2026-05-25,2026-05-30,17,宮島,一般,１　２２２　２６１４５２,2026-01-20,2026-01-25,17,宮島,一般,５転５　３５３　５６４１,2025-08-12,2025-08-17,17,宮島,一般,３　２５５　５６２　５３,2024-06-30,2024-07-04,17,宮島,一般,３　４５６　４５６４
202609111708,2026-09-11,17,08R,4201,佐竹 友樹,2025-05-28,2025-06-01,17,宮島,一般,６５３　４２４１４,2024-12-25,2024-12-28,17,宮島,一般,２１６　５６３５,2024-06-30,2024-07-04,17,宮島,一般,６５１　２３４　２６,2018-02-20,2018-02-25,17,宮島,一般,４１１２３４２　４６２２,2014-11-13,2014-11-16,17,宮島,一般,２１３３１１[６],4969,町田 洸希,2025-08-03,2025-08-08,17,宮島,一般,２　４５６　１１３　２３,2025-05-12,2025-05-17,17,宮島,一般,２　４４４５４３１　２５,2023-03-26,2023-03-31,17,宮島,一般,５　４６５　２１２４６３,2022-12-09,2022-12-13,17,宮島,一般,６　３３１　３　３５,2022-08-24,2022-08-29,17,宮島,一般,４１３３６２２　１４３５,3497,後藤 浩,2026-05-16,2026-05-21,17,宮島,一般,５　２１２　３６３４１４,2025-02-25,2025-03-01,17,宮島,一般,４３３　５５３　１３,2023-06-24,2023-06-28,17,宮島,一般,２　２３５５６　４３,2021-09-14,2021-09-19,17,宮島,一般,６６３５６　１６,2019-07-09,2019-07-13,17,宮島,一般,５３６２１　１２２１,5036,福田 翔吾,2025-05-21,2025-05-25,17,宮島,一般,３　５６２　３F４,2024-11-14,2024-11-19,17,宮島,一般,２　３２５　３２２３１３,2024-03-26,2024-03-31,17,宮島,一般,３妨５　２３妨,2023-11-07,2023-11-12,17,宮島,一般,３１２　４２６　１５転６,2022-03-03,2022-03-08,17,宮島,一般,２　５６２F６　３　３,5452,上馬場 風依,2026-06-26,2026-07-01,17,宮島,一般,６　４５F６６　６　６,2026-05-16,2026-05-21,17,宮島,一般,６　６６６　６６６　６６,,,,,,,,,,,,,,,,,,,3920,正木 聖賢,2026-04-30,2026-05-05,17,宮島,一般,３　４４１１５４４６４３,2025-08-26,2025-08-31,17,宮島,ＧⅢ,２　２２４　３２２１[４],2025-08-12,2025-08-17,17,宮島,一般,３４４　２２６　１３２,2025-05-21,2025-05-25,17,宮島,一般,２　２５１　２５１４,2025-02-05,2025-02-09,17,宮島,一般,４　２５３３６　２６
202609111709,2026-09-11,17,09R,4593,小坂 宗司,2026-02-20,2026-02-25,17,宮島,一般,１２１３３　１３５１[３],2025-08-26,2025-08-31,17,宮島,ＧⅢ,１５４　４５２　１１２４,2025-05-12,2025-05-17,17,宮島,一般,１１３　４５５３１６１４,2024-06-20,2024-06-25,17,宮島,一般,１　４２５　１４２　３３,2024-04-10,2024-04-15,17,宮島,一般,３３６　３５１　５５５４,4158,木場 雄二郎,2026-01-20,2026-01-25,17,宮島,一般,３３１　６６２　６２３３,2025-07-25,2025-07-30,17,宮島,一般,５６１　５４２　５６４５,2025-03-26,2025-03-31,17,宮島,一般,３１６　２６６　６６４,2025-01-11,2025-01-16,17,宮島,一般,６　４１３　３６２３６５,2024-08-03,2024-08-08,17,宮島,一般,６　４２４　２４６６２,3333,丸尾 義孝,2024-04-10,2024-04-15,17,宮島,一般,１３１１１　１５５３６１,2022-09-02,2022-09-08,17,宮島,一般,１　２２４５３３４３３１,2022-07-06,2022-07-10,17,宮島,一般,２２５２１　３４１１,2021-05-26,2021-05-31,17,宮島,一般,２３５１１　３６１５１２,2020-09-30,2020-10-03,17,宮島,一般,１４５１４３１２,4732,堀本 和也,2024-11-05,2024-11-10,17,宮島,一般,４１４　５１２２３５１５,2024-05-17,2024-05-22,17,宮島,一般,１３５３３　４１１転,2023-11-07,2023-11-12,17,宮島,一般,２　３２２　４３３５１４,2023-08-13,2023-08-18,17,宮島,一般,２１３　２３１４１３１２,2022-02-14,2022-02-18,17,宮島,一般,２５３３１２１２[６],3381,滝沢 芳行,2026-06-17,2026-06-22,17,宮島,ＧⅢ,３　６５５　１４２６２,2026-03-26,2026-03-31,17,宮島,一般,５　１３１　６５３６４６,2025-10-19,2025-10-24,17,宮島,一般,５４２　２５６　３４５２,2024-12-25,2024-12-28,17,宮島,一般,１２５　３６１６,2019-02-22,2019-02-27,17,宮島,一般,５　２５５６F５５　５,4332,村上 彰一,2025-07-07,2025-07-10,17,宮島,一般,２４３５５　５３,2025-02-05,2025-02-09,17,宮島,一般,２　３６３２４３３３,2024-11-05,2024-11-10,17,宮島,一般,３　５６５　４５,2022-08-02,2022-08-07,17,宮島,ＧⅢ,３転,2022-05-06,2022-05-11,17,宮島,一般,６３３６５　１２１　６F
202609111710,2026-09-11,17,10R,3748,小黒 竜吾,2024-06-30,2024-07-04,17,宮島,一般,４　３３１１１６４６,2019-02-13,2019-02-18,17,宮島,一般,６　２２２　２６４６６２,2018-07-30,2018-08-04,17,宮島,一般,２４３　６５６　４２２３,2017-02-03,2017-02-08,17,宮島,一般,３４２　１５２５１６３６,2015-03-11,2015-03-16,17,宮島,一般,５１５　４４３　４５４,4832,権藤 俊光,2025-11-13,2025-11-18,17,宮島,一般,１２１　１３２３５１[４],2023-08-01,2023-08-06,17,宮島,ＧⅢ,３６４３２　転１,2022-04-04,2022-04-09,17,宮島,ＧⅠ,２　３２１　３６失　１５,2021-04-14,2021-04-17,17,宮島,一般,２４１２５１[５],2020-07-22,2020-07-27,17,宮島,一般,２３３１１１５　２２[転],5311,小林 京平,2025-07-16,2025-07-21,17,宮島,一般,６　６２５　３６転　３６,2024-12-31,2025-01-05,17,宮島,一般,　　　　　　　　３　６６,,,,,,,,,,,,,,,,,,,3868,尾形 栄治,2023-06-24,2023-06-28,17,宮島,一般,３４６６１　６　２２,2022-09-20,2022-09-25,17,宮島,一般,４２５　１３３２５６１５,2019-07-25,2019-07-28,17,宮島,一般,１３１　３３１２,2019-02-03,2019-02-08,17,宮島,一般,１３３　４１２　３１[４],2017-11-24,2017-11-29,17,宮島,ＧⅢ,１２２　６４１　４３１４,4574,東 潤樹,2026-08-14,2026-08-19,17,宮島,一般,２　２４４４４６３　４２,2026-07-15,2026-07-19,17,宮島,一般,４２４　３２５２１,2026-04-03,2026-04-07,17,宮島,一般,６５５,2026-01-09,2026-01-13,17,宮島,一般,４１１２６　５５１１,2025-04-30,2025-05-05,17,宮島,一般,３５６　３４４　１　３５,3662,大庭 元明,2026-01-20,2026-01-25,17,宮島,一般,３６５　２２２　１４１１,2023-06-16,2023-06-21,17,宮島,ＧⅢ,３５３６５６５　１　３１,2020-09-23,2020-09-27,17,宮島,一般,１　５２３４３５１５,2020-08-03,2020-08-08,17,宮島,一般,,2018-07-11,2018-07-16,17,宮島,一般,５　２２４２２１６２[５]
202609111711,2026-09-11,17,11R,4302,西野 翔太,2026-08-14,2026-08-19,17,宮島,一般,５２１　１６３２妨４２,2026-05-25,2026-05-30,17,宮島,一般,４３３　１２３１１４１４,2026-04-30,2026-05-05,17,宮島,一般,１３２　５４２３１２[６],2025-12-30,2026-01-04,17,宮島,一般,３２２　１５１２２１[２],2025-10-28,2025-11-02,17,宮島,一般,１　５１３２１４１４１１,4839,四宮 与寛,2024-10-20,2024-10-25,17,宮島,一般,３２２２３　６４２６４５,2024-01-10,2024-01-15,17,宮島,一般,１３２１３２１　４１[４],2023-10-17,2023-10-22,17,宮島,一般,１　４２２　１４６６１６,2021-08-27,2021-09-01,17,宮島,一般,５　１３４４４３１　３２,2020-06-03,2020-06-08,17,宮島,一般,６６３　２２５　５６６,4514,上條 嘉嗣,2026-03-06,2026-03-11,17,宮島,一般,４３４１２３３　１３１１,2025-07-07,2025-07-10,17,宮島,一般,２４１３３２[３],2024-08-03,2024-08-08,17,宮島,一般,１　６５１６４２２　５６,2024-04-10,2024-04-15,17,宮島,一般,１２２５４　４１１４２２,2023-06-24,2023-06-28,17,宮島,一般,６　４２,4650,中山 雄太,2025-03-26,2025-03-31,17,宮島,一般,２２６　１５１３５３２２,2024-09-04,2024-09-09,17,宮島,一般,転欠,2023-09-11,2023-09-15,17,宮島,一般,４１１４６　２５１４,2023-06-06,2023-06-11,17,宮島,一般,１１１２２　３５１４１１,2023-04-22,2023-04-25,17,宮島,一般,４２２　１４３５,4637,中田 友也,2026-03-06,2026-03-11,17,宮島,一般,６　１５５　１６６１５３,2025-09-05,2025-09-10,17,宮島,一般,４２１　２５４１１２[３],2023-09-11,2023-09-15,17,宮島,一般,６　６　２４３３３３,2023-04-14,2023-04-19,17,宮島,一般,４　２１２　１４５３５１,2023-03-06,2023-03-11,17,宮島,一般,１３１　１２３５４５２３,4808,松尾 拓,2026-01-09,2026-01-13,17,宮島,一般,１６３　５F５　５,2025-02-25,2025-03-01,17,宮島,一般,５３６５４１２　６６,2024-06-09,2024-06-14,17,宮島,ＧⅠ,４５１　５　４１６４５,2024-03-18,2024-03-23,17,宮島,一般,４２２　３４３１１４１１,2022-11-06,2022-11-11,17,宮島,一般,１３
202609111712,2026-09-11,17,12R,4601,森野 正弘,2025-07-07,2025-07-10,17,宮島,一般,５１４４４４１３,2025-04-03,2025-04-08,17,宮島,ＧⅠ,２　５６３３３　１３２落,2024-07-10,2024-07-15,17,宮島,一般,２３４１１　３２３３[３],2024-02-10,2024-02-15,17,宮島,ＧⅠ,４　５１３　２１５　３１,2023-11-22,2023-11-26,17,宮島,一般,５　４２１５２５２３,4428,有賀 達也,2026-03-06,2026-03-11,17,宮島,一般,５,2025-05-12,2025-05-17,17,宮島,一般,３４４１１２２　１５１３,2024-07-25,2024-07-30,17,宮島,一般,２　３３１２１３４１[４],2023-12-07,2023-12-12,17,宮島,一般,２４１２５　２３１２[１],2018-06-12,2018-06-17,17,宮島,ＧⅡ,５　２　６５５　１３５,3265,今村 暢孝,2026-07-15,2026-07-19,17,宮島,一般,２　２２１１２２[６],2026-03-06,2026-03-11,17,宮島,一般,１　３４１５３２１４１３,2025-10-19,2025-10-24,17,宮島,一般,４６３１３F落,2025-07-07,2025-07-10,17,宮島,一般,３１５４２１[５],2025-04-12,2025-04-17,17,宮島,一般,１２４　１２１６２５１２,3556,田中 信一郎,2026-04-21,2026-04-26,17,宮島,ＧⅠ,５　３２２　１４６　１５,2025-12-10,2025-12-15,17,宮島,一般,２１３１転　２１６１[２],2025-06-12,2025-06-15,17,宮島,一般,１２２５１６,2024-08-03,2024-08-08,17,宮島,一般,１２１１３　３１１２[４],2023-04-04,2023-04-10,17,宮島,ＧⅠ,２３１　５　３　３　３　２５,3684,清水 攻二,2025-12-01,2025-12-06,17,宮島,一般,２３３１３６１　１４２２,2025-07-16,2025-07-21,17,宮島,一般,２２４　２１１　４１[６],2024-08-27,2024-09-02,17,宮島,ＧⅢ,５５４　４５,2023-12-24,2023-12-27,17,宮島,一般,１１４２妨３１,2023-06-24,2023-06-28,17,宮島,一般,２５２５１　３４２２,4570,前田 聖文,2026-03-26,2026-03-31,17,宮島,一般,６４４３３４３　１　２５,2025-03-04,2025-03-09,17,宮島,一般,２４３２１１転　４２[４],2024-07-25,2024-07-30,17,宮島,一般,５１２２４１３　１４４２,2024-03-09,2024-03-14,17,宮島,ＧⅡ,３５６　４　３１４　４４,2023-11-29,2023-12-03,17,宮島,一般,４　３３１３１６１４
202609112001,2026-09-11,20,01R,4034,西原 明生,2025-08-01,2025-08-04,20,若松,一般,５　２５６　２２,2024-12-31,2025-01-06,20,若松,一般,１　３４６２２　４２４２[２],2024-03-01,2024-03-07,20,若松,一般,３３６　４　５２３　６　１６,2024-01-08,2024-01-12,20,若松,一般,４　２６３６２４５３,2023-06-27,2023-06-30,20,若松,一般,６３４　６　１３,5316,,,,,,,,,,,,,,,,,,,,,,,,,,,,,,,,4076,杉田 篤光,2025-06-13,2025-06-17,20,若松,一般,３４１２２　４４４３,2025-02-01,2025-02-07,20,若松,一般,２　４４F６５　４　５,2022-09-26,2022-10-01,20,若松,一般,４４１　１２４２２３１５,2020-11-08,2020-11-11,20,若松,一般,２６１５３６１５,2019-04-22,2019-04-26,20,若松,一般,１３２５６　２４３４,4873,蒲原 健太,2026-01-08,2026-01-13,20,若松,一般,４　６１４５３１２４,2025-09-29,2025-10-04,20,若松,一般,４３３２２　１３４６落欠,2025-03-17,2025-03-22,20,若松,一般,５２４　５５５,2024-08-26,2024-08-30,20,若松,一般,５４１,2023-10-23,2023-10-27,20,若松,一般,１３４２６　２３４４,4274,長畑 友輔,2026-06-18,2026-06-21,20,若松,一般,１　６６５２３,2025-07-22,2025-07-28,20,若松,一般,６６４　４　６６６　５,2024-11-05,2024-11-10,20,若松,一般,１４４　２３６　４２４３,2024-06-25,2024-07-01,20,若松,一般,１　１３４６４５５５６　３３,2023-10-03,2023-10-06,20,若松,一般,６４４　妨,5373,,,,,,,,,,,,,,,,,,,,,,,,,,,,,,,
202609112002,2026-09-11,20,02R,4484,稲生 夏季,2025-06-19,2025-06-24,20,若松,ＧⅢ,１１４　４　３４３５２２,2023-05-11,2023-05-16,20,若松,一般,５４４　２　３３４３３２,2022-05-23,2022-05-29,20,若松,一般,４　３６４３５　２　５４,2019-06-17,2019-06-22,20,若松,一般,４　４４３６５　１５３,2017-01-26,2017-01-30,20,若松,一般,５６５　６５５　６,5014,梶山 涼斗,2026-03-10,2026-03-15,20,若松,ＧⅢ,３３６　４２１　２４４,2025-05-23,2025-05-26,20,若松,一般,１２５４５５５５,2024-09-02,2024-09-08,20,若松,一般,３　５２４　３４５６１　２２,2024-02-08,2024-02-13,20,若松,一般,３４４　４　１５４６３４,2021-06-23,2021-06-28,20,若松,一般,１　６６４　４３４　４２,3539,金子 順一,2025-05-04,2025-05-09,20,若松,一般,１　１４２６５　１,2024-07-20,2024-07-26,20,若松,一般,５　６４３　６６６　１２５２,2022-12-12,2022-12-16,20,若松,一般,２４４５F　４　６,2022-01-25,2022-01-28,20,若松,一般,１４６　３　４６,2021-10-24,2021-10-29,20,若松,一般,５５４　１４５　２４４２,4014,片岡 恵里,2025-09-14,2025-09-19,20,若松,一般,３２２　２３５３５６１６,2025-06-19,2025-06-24,20,若松,ＧⅢ,３５４５１５５　２　３２,2025-02-26,2025-03-03,20,若松,一般,３４３３２３２５４３３２,2024-08-26,2024-08-30,20,若松,一般,３５２,2024-04-16,2024-04-21,20,若松,一般,４　１４６　６５３　２３,4094,中島 真二,2026-03-10,2026-03-15,20,若松,ＧⅢ,５　６３１　３３６　１２,2025-08-06,2025-08-12,20,若松,一般,１　５６４６６　３　５４,2025-05-04,2025-05-09,20,若松,一般,１　３３１６４４３３１,2024-11-25,2024-11-28,20,若松,一般,３５　　５　５３,2024-04-25,2024-04-30,20,若松,一般,６４２　F　６　５　２６,3880,浅見 宗孝,2025-12-20,2025-12-25,20,若松,一般,５　５５３　５４２　２４,2018-04-22,2018-04-26,20,若松,一般,４　４６５５２　５５,2017-02-15,2017-02-20,20,若松,一般,２４６　６２３　３　１３,2016-09-25,2016-09-28,20,若松,一般,３　４６６２２,2016-04-09,2016-04-14,20,若松,一般,２４３　３４４６４５５
202609112003,2026-09-11,20,03R,4891,寺島 美里,2025-01-26,2025-01-30,20,若松,一般,２３　　２４,2022-07-24,2022-07-29,20,若松,ＧⅢ,５　１F５　５　６　５,2021-07-05,2021-07-09,20,若松,一般,６　５６５５５　３４,2018-01-13,2018-01-17,20,若松,一般,５　６５５　６６５,2017-05-14,2017-05-18,20,若松,一般,６　６６５　６６６,4396,大田 直弥,2026-01-25,2026-01-28,20,若松,一般,３２３３５５１１,2025-07-22,2025-07-28,20,若松,一般,２３５　３３３６　　落,2025-03-17,2025-03-22,20,若松,一般,４４３　２５２,2024-12-12,2024-12-15,20,若松,一般,２２５　６４６６,2024-07-20,2024-07-26,20,若松,一般,５４３　２１４　６５２３５,4373,若狭 奈美子,2026-01-18,2026-01-22,20,若松,一般,５　３４５３３３２２,2025-06-03,2025-06-08,20,若松,一般,４２３２２　１１４２[５],2023-05-31,2023-06-04,20,若松,一般,２４３　４２２４２１,2022-07-24,2022-07-29,20,若松,ＧⅢ,５４１２３４２　１５１４,2022-06-28,2022-07-01,20,若松,一般,５５４４６　５５,4009,小林 一樹,2026-05-15,2026-05-20,20,若松,一般,１　２４５　２２６５２６,2026-01-08,2026-01-13,20,若松,一般,１２２４転　３６３３,2025-05-23,2025-05-26,20,若松,一般,２３１　６１[１],2025-02-01,2025-02-07,20,若松,一般,３４２５１　６３　　３５,2023-08-17,2023-08-20,20,若松,一般,４　１１４３２１,5382,山下 心一,2026-06-28,2026-07-03,20,若松,一般,６６４　６　６欠６　５,2025-10-31,2025-11-05,20,若松,一般,５６６　５６６　欠,2025-04-24,2025-04-29,20,若松,一般,６　３５３　５５６６２３,2025-03-12,2025-03-15,20,若松,一般,６　６６６　６６,,,,,,,3388,今垣 光太郎,2026-02-15,2026-02-20,20,若松,ＧⅠ,３　３６６,2025-08-26,2025-08-31,20,若松,ＳＧ,３５５　４　５６６　５５,2024-10-28,2024-10-31,20,若松,一般,２５２１１６１５,2023-04-18,2023-04-23,20,若松,ＧⅠ,５　４１３　２１２　[６],2022-09-16,2022-09-23,20,若松,一般,３　２５欠欠
202609112004,2026-09-11,20,04R,3175,渡辺 千草,2023-06-17,2023-06-22,20,若松,ＧⅢ,４３３　２５２２６５１６,2022-07-24,2022-07-29,20,若松,ＧⅢ,１３２５２１４　３２[５],2022-02-01,2022-02-06,20,若松,一般,４４２　４　３５２６１５,2020-09-14,2020-09-19,20,若松,ＧⅢ,６　２３１　３４５４１３,2020-04-30,2020-05-05,20,若松,一般,３３２４５　２３３　６３,4043,桐本 康臣,2025-09-29,2025-10-04,20,若松,一般,３１１　１３１１３２[３],2025-06-03,2025-06-08,20,若松,一般,４３１４３５１　１２[４],2024-08-06,2024-08-12,20,若松,一般,４６４１６３１　１３３３１１,2024-02-08,2024-02-13,20,若松,一般,１５２　２４１１１１[５],2023-12-03,2023-12-09,20,若松,一般,５６１１１　３１４１４３３１,4204,柴田 大輔,2026-08-07,2026-08-12,20,若松,一般,１　５３４３１１３６３５,2025-12-05,2025-12-10,20,若松,一般,６　２２２　３２３４１６,2024-12-31,2025-01-06,20,若松,一般,６　４４３６５　４６１　５６,2024-08-15,2024-08-20,20,若松,一般,１４４　３５６２３　１２,2024-06-25,2024-07-01,20,若松,一般,５　２１３４２　３６４６１５,3737,上平 真二,2025-11-07,2025-11-10,20,若松,一般,２１４５４１[３],2024-12-12,2024-12-15,20,若松,一般,１３３３２１[３],2023-04-18,2023-04-23,20,若松,ＧⅠ,３６２　４　３２６　３１,2023-02-28,2023-03-03,20,若松,一般,２１３１３１[２],2022-09-07,2022-09-13,20,若松,一般,１４１F３　１　２　３　１,4462,夏山 亮平,2026-03-10,2026-03-15,20,若松,ＧⅢ,２５１　２５３４１２[５],2025-05-12,2025-05-15,20,若松,一般,３６１５２　３４,2023-09-15,2023-09-20,20,若松,一般,１３２　妨１３２３１３５,2021-08-30,2021-09-05,20,若松,一般,４　１６５　F３６　３　４,2016-06-27,2016-07-02,20,若松,一般,５　２２,4424,松尾 昂明,2026-01-01,2026-01-06,20,若松,一般,３　１５１２３５１６１３,2025-12-05,2025-12-10,20,若松,一般,１１１１５１４　３１[６],2025-09-22,2025-09-25,20,若松,一般,５３１　２１６４,2025-05-12,2025-05-15,20,若松,一般,５３１　２３４４,2024-12-03,2024-12-08,20,若松,ＧⅢ,５２１　３６３３１３６１
202609112005,2026-09-11,20,05R,4600,井内 将太郎,2025-05-23,2025-05-26,20,若松,一般,１３３　３６１４,2024-04-09,2024-04-14,20,若松,一般,３１６２６　１３１４１５,2022-09-07,2022-09-13,20,若松,一般,６　３１１　４３１２４２[５],2022-03-25,2022-03-29,20,若松,一般,５　１４５３４４２３,2021-10-14,2021-10-20,20,若松,一般,４５１　５２３３１２５　６３,3833,中辻 博訓,2026-03-10,2026-03-15,20,若松,ＧⅢ,１５６　１６２３５４５３,2024-12-03,2024-12-08,20,若松,ＧⅢ,３３１３５１１　３１[４],2024-06-25,2024-07-01,20,若松,一般,４５２１２５１６６４１３２１,2023-09-15,2023-09-20,20,若松,一般,３６５６,2022-11-01,2022-11-04,20,若松,一般,６１２６４３５１,4273,佐藤 旭,2025-10-31,2025-11-05,20,若松,一般,４　３１１　２５１６２６,2024-11-05,2024-11-10,20,若松,一般,３５１　３３４２１６３４,2024-05-07,2024-05-13,20,若松,一般,１　５４３５３５１６４　１２,2024-03-11,2024-03-14,20,若松,一般,１１１６３２[４],2021-10-01,2021-10-06,20,若松,ＧⅢ,５１６　４４３　２４１２,5085,中村 栄治,2026-01-08,2026-01-13,20,若松,一般,５　３４２３３４１,2021-01-10,2021-01-15,20,若松,一般,５F６　３　５　６　４,2020-11-21,2020-11-25,20,若松,一般,３５６　３５６　６,,,,,,,,,,,,,4873,蒲原 健太,2026-01-08,2026-01-13,20,若松,一般,４　６１４５３１２４,2025-09-29,2025-10-04,20,若松,一般,４３３２２　１３４６落欠,2025-03-17,2025-03-22,20,若松,一般,５２４　５５５,2024-08-26,2024-08-30,20,若松,一般,５４１,2023-10-23,2023-10-27,20,若松,一般,１３４２６　２３４４,5429,,,,,,,,,,,,,,,,,,,,,,,,,,,,,,,
202609112006,2026-09-11,20,06R,4230,濱崎 直矢,2025-03-12,2025-03-15,20,若松,一般,１６１６１６３６,2024-12-12,2024-12-15,20,若松,一般,１６１　３２[６],2024-04-16,2024-04-21,20,若松,一般,５　１２２　５６１　３,2022-09-07,2022-09-13,20,若松,一般,６１３　６６２　２　３５６５,2019-10-12,2019-10-17,20,若松,ＧⅠ,３　６　４１３６６　４６,5033,藤原 孝斗,2024-07-11,2024-07-16,20,若松,一般,３　３６３４６　３５４４,2023-02-21,2023-02-24,20,若松,一般,６　４５１　３３,,,,,,,,,,,,,,,,,,,5263,花田 凱成,2025-08-15,2025-08-20,20,若松,一般,６６６　６３３　３　６６,2024-11-25,2024-11-28,20,若松,一般,６　３　２３３４,2024-02-23,2024-02-27,20,若松,一般,６　６　５５６　３５,2023-08-08,2023-08-15,20,若松,一般,６　欠６５　６６６　５５,2023-07-18,2023-07-24,20,若松,一般,　　　　　　　　　　６６１６,4518,大須賀 友,2025-09-22,2025-09-25,20,若松,一般,６６３５３　２３,2024-03-11,2024-03-14,20,若松,一般,２１３２４不,2023-07-11,2023-07-16,20,若松,一般,３１３　２４２　６３２３,2022-09-26,2022-10-01,20,若松,一般,２　２４４２３５２４１３,2021-09-08,2021-09-14,20,若松,一般,５３５６２１３　４　１３６１,4551,三川 昂暁,2025-09-22,2025-09-25,20,若松,一般,４　１２３６１４,2025-07-14,2025-07-17,20,若松,一般,５　４４５２４,2024-09-10,2024-09-14,20,若松,一般,４１３４２　６２[欠],2024-04-09,2024-04-14,20,若松,一般,３　４５４４５３６３３,2023-01-08,2023-01-11,20,若松,一般,１５５　４４５１,4085,荻野 裕介,2026-05-15,2026-05-20,20,若松,一般,５６２　４６１　６　４,2025-01-26,2025-01-30,20,若松,一般,３　　　４５,2024-07-20,2024-07-26,20,若松,一般,６６２　６　１６５　４　３,2024-01-30,2024-02-02,20,若松,一般,３　４３６３５,2021-07-23,2021-07-27,20,若松,一般,６　３４１５５４６２
202609112007,2026-09-11,20,07R,4529,嶋 義信,2025-07-14,2025-07-17,20,若松,一般,４　５４６４１５,2025-03-17,2025-03-22,20,若松,一般,２　１５４４２,2024-03-01,2024-03-07,20,若松,一般,５３６　２４１　３３２４４２,2023-10-23,2023-10-27,20,若松,一般,３　１５１５３３４１,2022-10-24,2022-10-29,20,若松,一般,５２３　６　３４４２５６,5373,,,,,,,,,,,,,,,,,,,,,,,,,,,,,,,,4816,村松 修二,2025-02-09,2025-02-12,20,若松,一般,４６５６１　６,2024-09-10,2024-09-14,20,若松,一般,３３１　１４６３４１,2024-01-30,2024-02-02,20,若松,一般,１１２４２１[１],2022-05-14,2022-05-18,20,若松,一般,３６６３１１１　１４,2022-03-25,2022-03-29,20,若松,一般,１６１５５１１２[１],4484,稲生 夏季,2025-06-19,2025-06-24,20,若松,ＧⅢ,１１４　４　３４３５２２,2023-05-11,2023-05-16,20,若松,一般,５４４　２　３３４３３２,2022-05-23,2022-05-29,20,若松,一般,４　３６４３５　２　５４,2019-06-17,2019-06-22,20,若松,一般,４　４４３６５　１５３,2017-01-26,2017-01-30,20,若松,一般,５６５　６５５　６,5219,森口 和紀,2026-06-18,2026-06-21,20,若松,一般,２　６１４５１５,2025-08-06,2025-08-12,20,若松,一般,３４１　５５３１５　３２,2023-06-07,2023-06-13,20,若松,一般,５　６　６２６　６　欠５転,,,,,,,,,,,,,4357,田中 和也,2025-02-09,2025-02-12,20,若松,一般,１２２１１１[１],2024-04-09,2024-04-14,20,若松,一般,１３５　１２１５６１[２],2023-11-03,2023-11-08,20,若松,ＧⅠ,５　６４５　１２３　２３,2021-10-01,2021-10-06,20,若松,ＧⅢ,１２１４１　１３１２[２],2019-10-12,2019-10-17,20,若松,ＧⅠ,３　３　２２３４４　６５
202609112008,2026-09-11,20,08R,3999,大瀧 明日香,2025-11-14,2025-11-18,20,若松,一般,１　２６５２６　２６,2025-05-04,2025-05-09,20,若松,一般,５　１４４５２２２,2024-04-16,2024-04-21,20,若松,一般,２１３４３５１　５５４１,2022-06-28,2022-07-01,20,若松,一般,４６３３５１３１,2019-07-28,2019-08-02,20,若松,一般,１　１１５２３５４５４４,4009,小林 一樹,2026-05-15,2026-05-20,20,若松,一般,１　２４５　２２６５２６,2026-01-08,2026-01-13,20,若松,一般,１２２４転　３６３３,2025-05-23,2025-05-26,20,若松,一般,２３１　６１[１],2025-02-01,2025-02-07,20,若松,一般,３４２５１　６３　　３５,2023-08-17,2023-08-20,20,若松,一般,４　１１４３２１,4209,藤田 竜弘,2026-06-11,2026-06-15,20,若松,一般,４　１６５４４　４３,2025-11-14,2025-11-18,20,若松,一般,５５４　２５４　３,2024-06-02,2024-06-07,20,若松,一般,６　４２２２３４３４３４,2024-04-01,2024-04-06,20,若松,一般,５２１　転６５５４　３,2023-11-17,2023-11-23,20,若松,ＧⅢ,１５１　２４１２２５３１,3539,金子 順一,2025-05-04,2025-05-09,20,若松,一般,１　１４２６５　１,2024-07-20,2024-07-26,20,若松,一般,５　６４３　６６６　１２５２,2022-12-12,2022-12-16,20,若松,一般,２４４５F　４　６,2022-01-25,2022-01-28,20,若松,一般,１４６　３　４６,2021-10-24,2021-10-29,20,若松,一般,５５４　１４５　２４４２,3175,渡辺 千草,2023-06-17,2023-06-22,20,若松,ＧⅢ,４３３　２５２２６５１６,2022-07-24,2022-07-29,20,若松,ＧⅢ,１３２５２１４　３２[５],2022-02-01,2022-02-06,20,若松,一般,４４２　４　３５２６１５,2020-09-14,2020-09-19,20,若松,ＧⅢ,６　２３１　３４５４１３,2020-04-30,2020-05-05,20,若松,一般,３３２４５　２３３　６３,5468,,,,,,,,,,,,,,,,,,,,,,,,,,,,,,,
202609112009,2026-09-11,20,09R,4296,岡崎 恭裕,2025-07-07,2025-07-11,20,若松,一般,２３１　２４４２[３],2025-04-24,2025-04-29,20,若松,一般,１５３　４１２２１３２４,2024-12-31,2025-01-06,20,若松,一般,３エ５１,2024-12-03,2024-12-08,20,若松,ＧⅢ,２１１　２１４２３２[６],2024-08-15,2024-08-20,20,若松,一般,２６４１１１１２２３４４,5248,本田 愛,2026-01-18,2026-01-22,20,若松,一般,３　３５６５３　４２,2025-09-14,2025-09-19,20,若松,一般,６　６５６　５６１　２３,2025-05-12,2025-05-15,20,若松,一般,２４６　６２３,2025-02-01,2025-02-07,20,若松,一般,６　３６２６６　　　６２,,,,,,,4034,西原 明生,2025-08-01,2025-08-04,20,若松,一般,５　２５６　２２,2024-12-31,2025-01-06,20,若松,一般,１　３４６２２　４２４２[２],2024-03-01,2024-03-07,20,若松,一般,３３６　４　５２３　６　１６,2024-01-08,2024-01-12,20,若松,一般,４　２６３６２４５３,2023-06-27,2023-06-30,20,若松,一般,６３４　６　１３,4462,夏山 亮平,2026-03-10,2026-03-15,20,若松,ＧⅢ,２５１　２５３４１２[５],2025-05-12,2025-05-15,20,若松,一般,３６１５２　３４,2023-09-15,2023-09-20,20,若松,一般,１３２　妨１３２３１３５,2021-08-30,2021-09-05,20,若松,一般,４　１６５　F３６　３　４,2016-06-27,2016-07-02,20,若松,一般,５　２２,4891,寺島 美里,2025-01-26,2025-01-30,20,若松,一般,２３　　２４,2022-07-24,2022-07-29,20,若松,ＧⅢ,５　１F５　５　６　５,2021-07-05,2021-07-09,20,若松,一般,６　５６５５５　３４,2018-01-13,2018-01-17,20,若松,一般,５　６５５　６６５,2017-05-14,2017-05-18,20,若松,一般,６　６６５　６６６,3362,間嶋 仁志,2025-07-22,2025-07-28,20,若松,一般,６１４４４　４　３　５４,2024-10-28,2024-10-31,20,若松,一般,２２３３４２[３],2024-02-08,2024-02-13,20,若松,一般,１２４２３　１４２１[２],2019-10-01,2019-10-06,20,若松,一般,２５　　１　６４１５,2019-02-25,2019-03-03,20,若松,一般,１２３５５１４　４５１４３５
202609112010,2026-09-11,20,10R,4014,片岡 恵里,2025-09-14,2025-09-19,20,若松,一般,３２２　２３５３５６１６,2025-06-19,2025-06-24,20,若松,ＧⅢ,３５４５１５５　２　３２,2025-02-26,2025-03-03,20,若松,一般,３４３３２３２５４３３２,2024-08-26,2024-08-30,20,若松,一般,３５２,2024-04-16,2024-04-21,20,若松,一般,４　１４６　６５３　２３,4600,井内 将太郎,2025-05-23,2025-05-26,20,若松,一般,１３３　３６１４,2024-04-09,2024-04-14,20,若松,一般,３１６２６　１３１４１５,2022-09-07,2022-09-13,20,若松,一般,６　３１１　４３１２４２[５],2022-03-25,2022-03-29,20,若松,一般,５　１４５３４４２３,2021-10-14,2021-10-20,20,若松,一般,４５１　５２３３１２５　６３,5033,藤原 孝斗,2024-07-11,2024-07-16,20,若松,一般,３　３６３４６　３５４４,2023-02-21,2023-02-24,20,若松,一般,６　４５１　３３,,,,,,,,,,,,,,,,,,,4373,若狭 奈美子,2026-01-18,2026-01-22,20,若松,一般,５　３４５３３３２２,2025-06-03,2025-06-08,20,若松,一般,４２３２２　１１４２[５],2023-05-31,2023-06-04,20,若松,一般,２４３　４２２４２１,2022-07-24,2022-07-29,20,若松,ＧⅢ,５４１２３４２　１５１４,2022-06-28,2022-07-01,20,若松,一般,５５４４６　５５,5316,,,,,,,,,,,,,,,,,,,,,,,,,,,,,,,,4204,柴田 大輔,2026-08-07,2026-08-12,20,若松,一般,１　５３４３１１３６３５,2025-12-05,2025-12-10,20,若松,一般,６　２２２　３２３４１６,2024-12-31,2025-01-06,20,若松,一般,６　４４３６５　４６１　５６,2024-08-15,2024-08-20,20,若松,一般,１４４　３５６２３　１２,2024-06-25,2024-07-01,20,若松,一般,５　２１３４２　３６４６１５
202609112011,2026-09-11,20,11R,4518,大須賀 友,2025-09-22,2025-09-25,20,若松,一般,６６３５３　２３,2024-03-11,2024-03-14,20,若松,一般,２１３２４不,2023-07-11,2023-07-16,20,若松,一般,３１３　２４２　６３２３,2022-09-26,2022-10-01,20,若松,一般,２　２４４２３５２４１３,2021-09-08,2021-09-14,20,若松,一般,５３５６２１３　４　１３６１,4076,杉田 篤光,2025-06-13,2025-06-17,20,若松,一般,３４１２２　４４４３,2025-02-01,2025-02-07,20,若松,一般,２　４４F６５　４　５,2022-09-26,2022-10-01,20,若松,一般,４４１　１２４２２３１５,2020-11-08,2020-11-11,20,若松,一般,２６１５３６１５,2019-04-22,2019-04-26,20,若松,一般,１３２５６　２４３４,3388,今垣 光太郎,2026-02-15,2026-02-20,20,若松,ＧⅠ,３　３６６,2025-08-26,2025-08-31,20,若松,ＳＧ,３５５　４　５６６　５５,2024-10-28,2024-10-31,20,若松,一般,２５２１１６１５,2023-04-18,2023-04-23,20,若松,ＧⅠ,５　４１３　２１２　[６],2022-09-16,2022-09-23,20,若松,一般,３　２５欠欠,5014,梶山 涼斗,2026-03-10,2026-03-15,20,若松,ＧⅢ,３３６　４２１　２４４,2025-05-23,2025-05-26,20,若松,一般,１２５４５５５５,2024-09-02,2024-09-08,20,若松,一般,３　５２４　３４５６１　２２,2024-02-08,2024-02-13,20,若松,一般,３４４　４　１５４６３４,2021-06-23,2021-06-28,20,若松,一般,１　６６４　４３４　４２,3833,中辻 博訓,2026-03-10,2026-03-15,20,若松,ＧⅢ,１５６　１６２３５４５３,2024-12-03,2024-12-08,20,若松,ＧⅢ,３３１３５１１　３１[４],2024-06-25,2024-07-01,20,若松,一般,４５２１２５１６６４１３２１,2023-09-15,2023-09-20,20,若松,一般,３６５６,2022-11-01,2022-11-04,20,若松,一般,６１２６４３５１,4816,村松 修二,2025-02-09,2025-02-12,20,若松,一般,４６５６１　６,2024-09-10,2024-09-14,20,若松,一般,３３１　１４６３４１,2024-01-30,2024-02-02,20,若松,一般,１１２４２１[１],2022-05-14,2022-05-18,20,若松,一般,３６６３１１１　１４,2022-03-25,2022-03-29,20,若松,一般,１６１５５１１２[１]
202609112012,2026-09-11,20,12R,3737,上平 真二,2025-11-07,2025-11-10,20,若松,一般,２１４５４１[３],2024-12-12,2024-12-15,20,若松,一般,１３３３２１[３],2023-04-18,2023-04-23,20,若松,ＧⅠ,３６２　４　３２６　３１,2023-02-28,2023-03-03,20,若松,一般,２１３１３１[２],2022-09-07,2022-09-13,20,若松,一般,１４１F３　１　２　３　１,4551,三川 昂暁,2025-09-22,2025-09-25,20,若松,一般,４　１２３６１４,2025-07-14,2025-07-17,20,若松,一般,５　４４５２４,2024-09-10,2024-09-14,20,若松,一般,４１３４２　６２[欠],2024-04-09,2024-04-14,20,若松,一般,３　４５４４５３６３３,2023-01-08,2023-01-11,20,若松,一般,１５５　４４５１,4529,嶋 義信,2025-07-14,2025-07-17,20,若松,一般,４　５４６４１５,2025-03-17,2025-03-22,20,若松,一般,２　１５４４２,2024-03-01,2024-03-07,20,若松,一般,５３６　２４１　３３２４４２,2023-10-23,2023-10-27,20,若松,一般,３　１５１５３３４１,2022-10-24,2022-10-29,20,若松,一般,５２３　６　３４４２５６,4274,長畑 友輔,2026-06-18,2026-06-21,20,若松,一般,１　６６５２３,2025-07-22,2025-07-28,20,若松,一般,６６４　４　６６６　５,2024-11-05,2024-11-10,20,若松,一般,１４４　２３６　４２４３,2024-06-25,2024-07-01,20,若松,一般,１　１３４６４５５５６　３３,2023-10-03,2023-10-06,20,若松,一般,６４４　妨,5085,中村 栄治,2026-01-08,2026-01-13,20,若松,一般,５　３４２３３４１,2021-01-10,2021-01-15,20,若松,一般,５F６　３　５　６　４,2020-11-21,2020-11-25,20,若松,一般,３５６　３５６　６,,,,,,,,,,,,,4209,藤田 竜弘,2026-06-11,2026-06-15,20,若松,一般,４　１６５４４　４３,2025-11-14,2025-11-18,20,若松,一般,５５４　２５４　３,2024-06-02,2024-06-07,20,若松,一般,６　４２２２３４３４３４,2024-04-01,2024-04-06,20,若松,一般,５２１　転６５５４　３,2023-11-17,2023-11-23,20,若松,ＧⅢ,１５１　２４１２２５３１
202609112101,2026-09-11,21,01R,4834,浜本 裕己,2026-04-03,2026-04-07,21,芦屋,一般,４　３２４６４　４１,2025-03-14,2025-03-18,21,芦屋,一般,３　５３６５５　５１,2024-11-05,2024-11-10,21,芦屋,一般,２４４　２５６　６３１,2023-05-05,2023-05-09,21,芦屋,一般,１４１　３６２６３５,2021-04-17,2021-04-21,21,芦屋,一般,３３５４６　３５２,4020,川上 清人,2025-11-18,2025-11-24,21,芦屋,一般,５　６２５　６５３　５４３,2022-12-10,2022-12-14,21,芦屋,一般,３５３　４６５　６,2022-10-11,2022-10-16,21,芦屋,一般,４　５４６　６２６　２３,2020-08-05,2020-08-10,21,芦屋,一般,５　４４４３３４１　５４,2020-03-24,2020-03-27,21,芦屋,一般,１　５２５２[L],4853,前原 哉,2026-02-21,2026-02-26,21,芦屋,一般,５３３　６６５　４６６,2025-01-11,2025-01-16,21,芦屋,ＧⅢ,５　３５４　５４６　３１,2023-01-10,2023-01-15,21,芦屋,一般,５４４　２３６　４３６２,2021-08-25,2021-08-30,21,芦屋,一般,５　２５５１４３６４,2020-12-07,2020-12-12,21,芦屋,一般,転４６　５３４　妨６５,5383,,,,,,,,,,,,,,,,,,,,,,,,,,,,,,,,3509,池 千夏,2026-05-06,2026-05-10,21,芦屋,一般,５　４６３６６４６,2025-05-25,2025-05-30,21,芦屋,ＧⅢ,６　５６５　５６６　２２,2025-01-11,2025-01-16,21,芦屋,ＧⅢ,４　５５２　６転,2021-02-06,2021-02-10,21,芦屋,一般,４５５　６６５　４４,2020-06-06,2020-06-09,21,芦屋,一般,４４５　６６４,4594,谷川 祐一,2026-06-25,2026-06-29,21,芦屋,一般,１２２１２　２２[５],2025-11-09,2025-11-14,21,芦屋,一般,４　４５１３４３４　１１,2022-06-17,2022-06-22,21,芦屋,一般,１　２３６　２４４４２２,2021-12-15,2021-12-19,21,芦屋,一般,１２４２１１４４２５,2020-05-19,2020-05-23,21,芦屋,一般,４１４４１　２５１４
202609112102,2026-09-11,21,02R,4850,野中 一平,2024-02-15,2024-02-18,21,芦屋,一般,１４３５１２[６],2020-12-21,2020-12-26,21,芦屋,一般,２２１２１１１１１１[１],2020-02-10,2020-02-15,21,芦屋,一般,１６１４２４３３１４１６,2018-09-06,2018-09-09,21,芦屋,一般,１１１１４１[１],2018-05-17,2018-05-22,21,芦屋,一般,６　５２３　３６３　６１,4443,津田 裕絵,2026-05-06,2026-05-10,21,芦屋,一般,６　２１３５４２４１,2026-03-12,2026-03-17,21,芦屋,一般,５　５４６２３１４　１１,2024-09-05,2024-09-10,21,芦屋,一般,２２３　２３６５３　１２,2024-02-22,2024-02-26,21,芦屋,一般,２６３　６６５　５,2023-11-09,2023-11-14,21,芦屋,ＧⅢ,５　５４３２１４４３２５,3998,冨成 謙児,2026-06-15,2026-06-20,21,芦屋,一般,４　４６３２６２５　５４,2024-11-05,2024-11-10,21,芦屋,一般,３５４　４２６　３　３４,2024-10-12,2024-10-16,21,芦屋,一般,２　６１４３１６５６,2024-08-24,2024-08-29,21,芦屋,一般,２　５５３　５６４,2024-04-19,2024-04-24,21,芦屋,一般,２　５５５　２４１　５２,4812,西野 雄貴,2026-03-12,2026-03-17,21,芦屋,一般,１４１１３３１　４１[２],2025-09-10,2025-09-15,21,芦屋,一般,１３１２１２２　２１[１],2025-02-22,2025-02-27,21,芦屋,一般,３　４３６３２６２　４,2024-07-25,2024-07-28,21,芦屋,一般,２１２　２１[１],2022-06-28,2022-07-03,21,芦屋,ＧⅡ,３１４　６２１　２５５,4408,仁科 さやか,2021-06-29,2021-07-04,21,芦屋,一般,５　５６６　６６４４６,2016-12-25,2016-12-28,21,芦屋,一般,３　５６エ欠,2014-09-11,2014-09-16,21,芦屋,ＧⅢ,４６３　４６６２４　５５,2014-03-27,2014-03-31,21,芦屋,一般,５　４２５　５１１,2013-10-05,2013-10-11,21,芦屋,ＧⅢ,４　３４１　６１５　２３,3843,上之 晃弘,2025-11-18,2025-11-24,21,芦屋,一般,３　３３５　４５３　１１４５,2024-06-04,2024-06-09,21,芦屋,ＧⅢ,６　６１６３３６５　５３,2024-03-01,2024-03-06,21,芦屋,一般,３３１２２６５　６５３６,2023-09-28,2023-10-03,21,芦屋,一般,４５５　３４２５,2022-05-07,2022-05-12,21,芦屋,一般,１　３６３　２２４６２５
202609112103,2026-09-11,21,03R,3541,三嶌 誠司,2026-05-06,2026-05-10,21,芦屋,一般,１４１２１２４２２１,2024-06-21,2024-06-26,21,芦屋,一般,３４１１４３２１１３２１,2023-09-07,2023-09-11,21,芦屋,一般,５１１　３６２４１５,2023-04-18,2023-04-21,21,芦屋,一般,１　５５２５１２,2022-11-08,2022-11-13,21,芦屋,一般,３３１５６２１２１３３１,5082,一色 凌雅,2025-12-09,2025-12-13,21,芦屋,一般,５３転　５４４　４５,2025-03-31,2025-04-03,21,芦屋,一般,５２３　２５４３,,,,,,,,,,,,,,,,,,,4991,宗行 治哉,2025-11-29,2025-12-04,21,芦屋,一般,６３５　２５４２３　５,2025-06-15,2025-06-20,21,芦屋,ＧⅢ,１４４　４４６　６３４,2025-03-31,2025-04-03,21,芦屋,一般,３５１１３３３３,2025-01-23,2025-01-28,21,芦屋,一般,４１１　３３２４５６エ４,2024-04-19,2024-04-24,21,芦屋,一般,４３２　１３４６,5208,屋良 龍紀,2026-02-21,2026-02-26,21,芦屋,一般,５　３２２　４６４４４５,2024-11-16,2024-11-20,21,芦屋,一般,６２２３４　２３４３,2024-08-24,2024-08-29,21,芦屋,一般,６６５　５６３　４,2024-04-28,2024-05-03,21,芦屋,一般,６６６　４４６　６５５,2023-09-28,2023-10-03,21,芦屋,一般,　　　　　　　　　　６６,4384,鶴本 崇文,2025-09-10,2025-09-15,21,芦屋,一般,１　２５１２不３３３１３,2025-04-23,2025-04-27,21,芦屋,一般,１２３３２　３２[２],2023-09-07,2023-09-11,21,芦屋,一般,３　５４１１３５１４,2022-04-01,2022-04-05,21,芦屋,一般,１４３　５２２２[１],2020-05-10,2020-05-15,21,芦屋,ＧⅠ,５　５　４４１　２５３６,4092,岡部 大輔,2025-05-11,2025-05-16,21,芦屋,一般,５　５３５　２１４６４,2024-10-12,2024-10-16,21,芦屋,一般,１３１５６　２６５３,2024-03-01,2024-03-06,21,芦屋,一般,５５１６６２１　４１１,2023-10-31,2023-11-05,21,芦屋,一般,２６３　１６５２２６１４,2023-05-12,2023-05-16,21,芦屋,一般,２３５
202609112104,2026-09-11,21,04R,4771,下寺 秀和,2025-11-01,2025-11-05,21,芦屋,一般,２５４１１　２２[６],2024-11-16,2024-11-20,21,芦屋,一般,４３４３１　１６１２,2024-04-19,2024-04-24,21,芦屋,一般,１４１　５２１４４６６４,2023-12-06,2023-12-11,21,芦屋,ＧⅠ,　　　　　　５５４　５,2023-08-26,2023-08-31,21,芦屋,一般,１３２４３１１　１１[５],3873,別府 昌樹,2025-11-18,2025-11-24,21,芦屋,一般,４　２５４４４６５　３　１２,2025-01-23,2025-01-28,21,芦屋,一般,２１１３１　３３４１[４],2024-10-12,2024-10-16,21,芦屋,一般,２２３　２６３　５,2024-01-20,2024-01-24,21,芦屋,一般,５４１４１　２５４３,2023-10-21,2023-10-25,21,芦屋,一般,５４４６５　４　１,4861,田中 宏樹,2026-06-15,2026-06-20,21,芦屋,一般,３２４１６　３３４６３４,2026-04-25,2026-04-30,21,芦屋,一般,５１３　３６４　５６２,2026-03-26,2026-03-31,21,芦屋,ＧⅢ,４４３　２１５　５３１２,2025-08-30,2025-09-04,21,芦屋,一般,６３５　６６１　２　２２,2024-10-12,2024-10-16,21,芦屋,一般,６　６３５１２　２５,3357,福島 陽子,2025-11-29,2025-12-04,21,芦屋,一般,６　２６３　２４３　５５,2025-05-25,2025-05-30,21,芦屋,ＧⅢ,６　４３５　４３２　５２,2025-01-11,2025-01-16,21,芦屋,ＧⅢ,６５５　６６３　２６５,2024-07-02,2024-07-07,21,芦屋,一般,４　５６６　５６３　６６,2023-11-09,2023-11-14,21,芦屋,ＧⅢ,６３３　４６,4840,鈴木 秀茉,2026-03-26,2026-03-31,21,芦屋,ＧⅢ,２２３　６　６５６５５,2024-10-25,2024-10-30,21,芦屋,一般,６　３５５　５６４　１３,2023-07-26,2023-07-31,21,芦屋,一般,２２３　３６２　５６３５,,,,,,,,,,,,,4793,金子 萌,2025-11-01,2025-11-05,21,芦屋,一般,４６３　１１５２[５],2025-05-11,2025-05-16,21,芦屋,一般,４　４６２４１１１５５２,2023-04-18,2023-04-21,21,芦屋,一般,５６２４３　６２,2022-01-21,2022-01-26,21,芦屋,ＧⅠ,２　２６１　３　６　３４,2019-12-06,2019-12-10,21,芦屋,一般,４　４６４３４　２２
202609112105,2026-09-11,21,05R,4389,伊藤 喜智,2026-03-12,2026-03-17,21,芦屋,一般,５　３５４６４　２　１４,2025-04-23,2025-04-27,21,芦屋,一般,５　５１２２３５３６,2024-11-05,2024-11-10,21,芦屋,一般,３　５５３５５　４　４３,2024-09-05,2024-09-10,21,芦屋,一般,２３５　２２４４６　２２,2024-05-09,2024-05-12,21,芦屋,一般,５３４　２６６,5317,長尾 萌加,2025-04-23,2025-04-27,21,芦屋,一般,６　６４３　４６５４,2024-09-18,2024-09-23,21,芦屋,一般,３５３　６６２　５　４４,,,,,,,,,,,,,,,,,,,4020,川上 清人,2025-11-18,2025-11-24,21,芦屋,一般,５　６２５　６５３　５４３,2022-12-10,2022-12-14,21,芦屋,一般,３５３　４６５　６,2022-10-11,2022-10-16,21,芦屋,一般,４　５４６　６２６　２３,2020-08-05,2020-08-10,21,芦屋,一般,５　４４４３３４１　５４,2020-03-24,2020-03-27,21,芦屋,一般,１　５２５２[L],5457,,,,,,,,,,,,,,,,,,,,,,,,,,,,,,,,4675,井手 良太,2024-03-23,2024-03-27,21,芦屋,一般,２３５　６５４　３３,2022-05-19,2022-05-24,21,芦屋,一般,６６４　５４６　６６２,2020-09-06,2020-09-11,21,芦屋,一般,６　２５５　２５１５,2017-09-23,2017-09-28,21,芦屋,ＧⅢ,４　５５６　３５３　２４,2015-11-13,2015-11-17,21,芦屋,一般,６　４５５　４５４３,4848,仲谷 颯仁,2026-05-15,2026-05-20,21,芦屋,ＧⅠ,１３２　５　５５２　４４,2026-01-12,2026-01-17,21,芦屋,ＧⅠ,５４１　１　５４４４２,2025-12-29,2026-01-03,21,芦屋,一般,４２２１１　１F転,2024-12-29,2025-01-03,21,芦屋,一般,４４１　１２１１６１[２],2024-08-10,2024-08-15,21,芦屋,一般,１２４２４１３　１５５１
202609112106,2026-09-11,21,06R,3509,池 千夏,2026-05-06,2026-05-10,21,芦屋,一般,５　４６３６６４６,2025-05-25,2025-05-30,21,芦屋,ＧⅢ,６　５６５　５６６　２２,2025-01-11,2025-01-16,21,芦屋,ＧⅢ,４　５５２　６転,2021-02-06,2021-02-10,21,芦屋,一般,４５５　６６５　４４,2020-06-06,2020-06-09,21,芦屋,一般,４４５　６６４,5160,藤森 陸斗,2025-08-30,2025-09-04,21,芦屋,一般,５　３６６　５５４　３３,2025-05-01,2025-05-06,21,芦屋,一般,３１２　１２２１４１[５],2025-03-03,2025-03-08,21,芦屋,一般,６　５１２　４１２６５３,2024-11-23,2024-11-28,21,芦屋,一般,６２３５３　１　３３６３,2023-10-21,2023-10-25,21,芦屋,一般,１４５　５５５　４６,4638,小林 遼太,2026-04-25,2026-04-30,21,芦屋,一般,５　６４２２２　６　３６,2025-08-16,2025-08-21,21,芦屋,一般,５　５１３　１６６４４,2025-03-22,2025-03-27,21,芦屋,一般,４　２１２６４　４６６５,2024-02-15,2024-02-18,21,芦屋,一般,３　３４３３２６,2023-10-09,2023-10-14,21,芦屋,一般,２５５　４４１　５　６２,5447,,,,,,,,,,,,,,,,,,,,,,,,,,,,,,,,4521,小池 公生,2025-10-23,2025-10-28,21,芦屋,一般,２　２２２５４,2025-05-01,2025-05-06,21,芦屋,一般,４３１　３４６３２５３,2025-03-22,2025-03-27,21,芦屋,一般,F　３　５６３　４　６６,2024-10-25,2024-10-30,21,芦屋,一般,　　　　　　　　　　２５,2024-08-10,2024-08-15,21,芦屋,一般,２　３２３　４３６５２３,4137,君島 秀三,2026-04-03,2026-04-07,21,芦屋,一般,２　１６１４１３２１,2025-07-01,2025-07-06,21,芦屋,一般,１４２２１１６　１２[３],2024-10-19,2024-10-22,21,芦屋,一般,１６１４１３３１,2024-04-11,2024-04-16,21,芦屋,一般,１６２５１　１４２６１６,2023-07-16,2023-07-21,21,芦屋,一般,２　１１３５１１２１[２]
202609112107,2026-09-11,21,07R,4744,伊藤 玲奈,2024-07-25,2024-07-28,21,芦屋,一般,６　６６,2024-05-09,2024-05-12,21,芦屋,一般,４６４　５３４,2023-11-09,2023-11-14,21,芦屋,ＧⅢ,６６４　５３５３４　４５,2022-04-08,2022-04-13,21,芦屋,一般,４　２５２　５５４　２F,2019-10-01,2019-10-06,21,芦屋,一般,６　４４５　３５６　５６,4966,田川 大貴,2025-09-25,2025-09-30,21,芦屋,一般,１　６６４１６　２１４４,2025-06-15,2025-06-20,21,芦屋,ＧⅢ,２６１　３５４　３５４,2024-05-19,2024-05-23,21,芦屋,一般,４４６　３５６　１２,2023-03-09,2023-03-14,21,芦屋,一般,４　３６５２２　５２４３,2022-04-01,2022-04-05,21,芦屋,一般,４　４４２３３３４２,5383,,,,,,,,,,,,,,,,,,,,,,,,,,,,,,,,5261,岡 暢祐,2025-11-09,2025-11-14,21,芦屋,一般,５６６　５　３５１　６５,2025-03-14,2025-03-18,21,芦屋,一般,６　２４４５４　５４,2023-12-16,2023-12-21,21,芦屋,一般,６　５６５　６６４　６６,2023-02-19,2023-02-24,21,芦屋,一般,F６６　６　５　５５６,,,,,,,5208,屋良 龍紀,2026-02-21,2026-02-26,21,芦屋,一般,５　３２２　４６４４４５,2024-11-16,2024-11-20,21,芦屋,一般,６２２３４　２３４３,2024-08-24,2024-08-29,21,芦屋,一般,６６５　５６３　４,2024-04-28,2024-05-03,21,芦屋,一般,６６６　４４６　６５５,2023-09-28,2023-10-03,21,芦屋,一般,　　　　　　　　　　６６,4443,津田 裕絵,2026-05-06,2026-05-10,21,芦屋,一般,６　２１３５４２４１,2026-03-12,2026-03-17,21,芦屋,一般,５　５４６２３１４　１１,2024-09-05,2024-09-10,21,芦屋,一般,２２３　２３６５３　１２,2024-02-22,2024-02-26,21,芦屋,一般,２６３　６６５　５,2023-11-09,2023-11-14,21,芦屋,ＧⅢ,５　５４３２１４４３２５
202609112108,2026-09-11,21,08R,3357,福島 陽子,2025-11-29,2025-12-04,21,芦屋,一般,６　２６３　２４３　５５,2025-05-25,2025-05-30,21,芦屋,ＧⅢ,６　４３５　４３２　５２,2025-01-11,2025-01-16,21,芦屋,ＧⅢ,６５５　６６３　２６５,2024-07-02,2024-07-07,21,芦屋,一般,４　５６６　５６３　６６,2023-11-09,2023-11-14,21,芦屋,ＧⅢ,６３３　４６,4437,中田 元泰,2025-09-10,2025-09-15,21,芦屋,一般,４２２１１３５　１１[２],2024-01-09,2024-01-14,21,芦屋,ＧⅢ,５２４　５２１１３３４３,2023-06-16,2023-06-21,21,芦屋,一般,４１３３１　３６５６５５,2023-02-19,2023-02-24,21,芦屋,一般,落欠,2022-12-25,2022-12-28,21,芦屋,一般,１２３１１１[５],3843,上之 晃弘,2025-11-18,2025-11-24,21,芦屋,一般,３　３３５　４５３　１１４５,2024-06-04,2024-06-09,21,芦屋,ＧⅢ,６　６１６３３６５　５３,2024-03-01,2024-03-06,21,芦屋,一般,３３１２２６５　６５３６,2023-09-28,2023-10-03,21,芦屋,一般,４５５　３４２５,2022-05-07,2022-05-12,21,芦屋,一般,１　３６３　２２４６２５,4652,酒見 峻介,2025-01-23,2025-01-28,21,芦屋,一般,１６５　１４１３１４１３,2024-11-05,2024-11-10,21,芦屋,一般,３　４２１３２２２３３１,2023-04-01,2023-04-06,21,芦屋,一般,１２５　２６４　５１１１,2022-03-21,2022-03-25,21,芦屋,一般,５　１２４３１４１４,2020-10-09,2020-10-12,21,芦屋,一般,４　４４３　２３,5469,,,,,,,,,,,,,,,,,,,,,,,,,,,,,,,,3473,石川 真二,2025-11-09,2025-11-14,21,芦屋,一般,１２２２２　３６２２[６],2025-03-14,2025-03-18,21,芦屋,一般,２１３２２　２４２２,2024-12-14,2024-12-19,21,芦屋,ＧⅢ,３３５　１５３３３５５１,2024-09-05,2024-09-10,21,芦屋,一般,４　１４２３２２２５２５,2024-06-21,2024-06-26,21,芦屋,一般,５１１２４１３２２２[５]
202609112109,2026-09-11,21,09R,4330,奈須 啓太,2026-02-21,2026-02-26,21,芦屋,一般,３４５　５２１６１　２２,2025-08-30,2025-09-04,21,芦屋,一般,２２１２５　１３６５６２,2025-05-01,2025-05-06,21,芦屋,一般,６　４１５　１３４１３１,2025-02-14,2025-02-17,21,芦屋,一般,４　２１３３３６,2025-02-04,2025-02-09,21,芦屋,一般,５　３１４１３２４１[１],4840,鈴木 秀茉,2026-03-26,2026-03-31,21,芦屋,ＧⅢ,２２３　６　６５６５５,2024-10-25,2024-10-30,21,芦屋,一般,６　３５５　５６４　１３,2023-07-26,2023-07-31,21,芦屋,一般,２２３　３６２　５６３５,,,,,,,,,,,,,4834,浜本 裕己,2026-04-03,2026-04-07,21,芦屋,一般,４　３２４６４　４１,2025-03-14,2025-03-18,21,芦屋,一般,３　５３６５５　５１,2024-11-05,2024-11-10,21,芦屋,一般,２４４　２５６　６３１,2023-05-05,2023-05-09,21,芦屋,一般,１４１　３６２６３５,2021-04-17,2021-04-21,21,芦屋,一般,３３５４６　３５２,5143,常盤 海心,2026-06-03,2026-06-08,21,芦屋,一般,４　２３４　４６４４２,2025-04-23,2025-04-27,21,芦屋,一般,１４４　３４４　５３,2025-03-22,2025-03-27,21,芦屋,一般,６　５６６　４５６　２３,2024-12-04,2024-12-08,21,芦屋,一般,４　５３１　３６６２,,,,,,,5457,,,,,,,,,,,,,,,,,,,,,,,,,,,,,,,,4384,鶴本 崇文,2025-09-10,2025-09-15,21,芦屋,一般,１　２５１２不３３３１３,2025-04-23,2025-04-27,21,芦屋,一般,１２３３２　３２[２],2023-09-07,2023-09-11,21,芦屋,一般,３　５４１１３５１４,2022-04-01,2022-04-05,21,芦屋,一般,１４３　５２２２[１],2020-05-10,2020-05-15,21,芦屋,ＧⅠ,５　５　４４１　２５３６
202609112110,2026-09-11,21,10R,4261,岡 祐臣,2024-07-02,2024-07-07,21,芦屋,一般,１　１１２６１１４２[４],2024-03-11,2024-03-17,21,芦屋,一般,２６６　２６１５４６,2023-06-25,2023-06-30,21,芦屋,一般,３１４４１６４３６１[３],2020-04-22,2020-04-26,21,芦屋,一般,３５２２３１３６１４,2017-03-04,2017-03-08,21,芦屋,一般,２６４１１３２５１２,4389,伊藤 喜智,2026-03-12,2026-03-17,21,芦屋,一般,５　３５４６４　２　１４,2025-04-23,2025-04-27,21,芦屋,一般,５　５１２２３５３６,2024-11-05,2024-11-10,21,芦屋,一般,３　５５３５５　４　４３,2024-09-05,2024-09-10,21,芦屋,一般,２３５　２２４４６　２２,2024-05-09,2024-05-12,21,芦屋,一般,５３４　２６６,4594,谷川 祐一,2026-06-25,2026-06-29,21,芦屋,一般,１２２１２　２２[５],2025-11-09,2025-11-14,21,芦屋,一般,４　４５１３４３４　１１,2022-06-17,2022-06-22,21,芦屋,一般,１　２３６　２４４４２２,2021-12-15,2021-12-19,21,芦屋,一般,１２４２１１４４２５,2020-05-19,2020-05-23,21,芦屋,一般,４１４４１　２５１４,5082,一色 凌雅,2025-12-09,2025-12-13,21,芦屋,一般,５３転　５４４　４５,2025-03-31,2025-04-03,21,芦屋,一般,５２３　２５４３,,,,,,,,,,,,,,,,,,,4771,下寺 秀和,2025-11-01,2025-11-05,21,芦屋,一般,２５４１１　２２[６],2024-11-16,2024-11-20,21,芦屋,一般,４３４３１　１６１２,2024-04-19,2024-04-24,21,芦屋,一般,１４１　５２１４４６６４,2023-12-06,2023-12-11,21,芦屋,ＧⅠ,　　　　　　５５４　５,2023-08-26,2023-08-31,21,芦屋,一般,１３２４３１１　１１[５],5160,藤森 陸斗,2025-08-30,2025-09-04,21,芦屋,一般,５　３６６　５５４　３３,2025-05-01,2025-05-06,21,芦屋,一般,３１２　１２２１４１[５],2025-03-03,2025-03-08,21,芦屋,一般,６　５１２　４１２６５３,2024-11-23,2024-11-28,21,芦屋,一般,６２３５３　１　３３６３,2023-10-21,2023-10-25,21,芦屋,一般,１４５　５５５　４６
202609112111,2026-09-11,21,11R,3837,秋山 広一,2025-11-01,2025-11-05,21,芦屋,一般,３　３４３１１１[３],2024-07-14,2024-07-19,21,芦屋,一般,３５１２２５２　１１[５],2024-01-20,2024-01-24,21,芦屋,一般,１５４２１２１４１１,2023-02-28,2023-03-05,21,芦屋,ＧⅠ,６　２４４１２　転　５２,2022-11-08,2022-11-13,21,芦屋,一般,１　３４３４２６１４１２,4848,仲谷 颯仁,2026-05-15,2026-05-20,21,芦屋,ＧⅠ,１３２　５　５５２　４４,2026-01-12,2026-01-17,21,芦屋,ＧⅠ,５４１　１　５４４４２,2025-12-29,2026-01-03,21,芦屋,一般,４２２１１　１F転,2024-12-29,2025-01-03,21,芦屋,一般,４４１　１２１１６１[２],2024-08-10,2024-08-15,21,芦屋,一般,１２４２４１３　１５５１,5261,岡 暢祐,2025-11-09,2025-11-14,21,芦屋,一般,５６６　５　３５１　６５,2025-03-14,2025-03-18,21,芦屋,一般,６　２４４５４　５４,2023-12-16,2023-12-21,21,芦屋,一般,６　５６５　６６４　６６,2023-02-19,2023-02-24,21,芦屋,一般,F６６　６　５　５５６,,,,,,,4521,小池 公生,2025-10-23,2025-10-28,21,芦屋,一般,２　２２２５４,2025-05-01,2025-05-06,21,芦屋,一般,４３１　３４６３２５３,2025-03-22,2025-03-27,21,芦屋,一般,F　３　５６３　４　６６,2024-10-25,2024-10-30,21,芦屋,一般,　　　　　　　　　　２５,2024-08-10,2024-08-15,21,芦屋,一般,２　３２３　４３６５２３,4850,野中 一平,2024-02-15,2024-02-18,21,芦屋,一般,１４３５１２[６],2020-12-21,2020-12-26,21,芦屋,一般,２２１２１１１１１１[１],2020-02-10,2020-02-15,21,芦屋,一般,１６１４２４３３１４１６,2018-09-06,2018-09-09,21,芦屋,一般,１１１１４１[１],2018-05-17,2018-05-22,21,芦屋,一般,６　５２３　３６３　６１,4861,田中 宏樹,2026-06-15,2026-06-20,21,芦屋,一般,３２４１６　３３４６３４,2026-04-25,2026-04-30,21,芦屋,一般,５１３　３６４　５６２,2026-03-26,2026-03-31,21,芦屋,ＧⅢ,４４３　２１５　５３１２,2025-08-30,2025-09-04,21,芦屋,一般,６３５　６６１　２　２２,2024-10-12,2024-10-16,21,芦屋,一般,６　６３５１２　２５
202609112112,2026-09-11,21,12R,4812,西野 雄貴,2026-03-12,2026-03-17,21,芦屋,一般,１４１１３３１　４１[２],2025-09-10,2025-09-15,21,芦屋,一般,１３１２１２２　２１[１],2025-02-22,2025-02-27,21,芦屋,一般,３　４３６３２６２　４,2024-07-25,2024-07-28,21,芦屋,一般,２１２　２１[１],2022-06-28,2022-07-03,21,芦屋,ＧⅡ,３１４　６２１　２５５,4793,金子 萌,2025-11-01,2025-11-05,21,芦屋,一般,４６３　１１５２[５],2025-05-11,2025-05-16,21,芦屋,一般,４　４６２４１１１５５２,2023-04-18,2023-04-21,21,芦屋,一般,５６２４３　６２,2022-01-21,2022-01-26,21,芦屋,ＧⅠ,２　２６１　３　６　３４,2019-12-06,2019-12-10,21,芦屋,一般,４　４６４３４　２２,3541,三嶌 誠司,2026-05-06,2026-05-10,21,芦屋,一般,１４１２１２４２２１,2024-06-21,2024-06-26,21,芦屋,一般,３４１１４３２１１３２１,2023-09-07,2023-09-11,21,芦屋,一般,５１１　３６２４１５,2023-04-18,2023-04-21,21,芦屋,一般,１　５５２５１２,2022-11-08,2022-11-13,21,芦屋,一般,３３１５６２１２１３３１,4675,井手 良太,2024-03-23,2024-03-27,21,芦屋,一般,２３５　６５４　３３,2022-05-19,2022-05-24,21,芦屋,一般,６６４　５４６　６６２,2020-09-06,2020-09-11,21,芦屋,一般,６　２５５　２５１５,2017-09-23,2017-09-28,21,芦屋,ＧⅢ,４　５５６　３５３　２４,2015-11-13,2015-11-17,21,芦屋,一般,６　４５５　４５４３,4966,田川 大貴,2025-09-25,2025-09-30,21,芦屋,一般,１　６６４１６　２１４４,2025-06-15,2025-06-20,21,芦屋,ＧⅢ,２６１　３５４　３５４,2024-05-19,2024-05-23,21,芦屋,一般,４４６　３５６　１２,2023-03-09,2023-03-14,21,芦屋,一般,４　３６５２２　５２４３,2022-04-01,2022-04-05,21,芦屋,一般,４　４４２３３３４２,4437,中田 元泰,2025-09-10,2025-09-15,21,芦屋,一般,４２２１１３５　１１[２],2024-01-09,2024-01-14,21,芦屋,ＧⅢ,５２４　５２１１３３４３,2023-06-16,2023-06-21,21,芦屋,一般,４１３３１　３６５６５５,2023-02-19,2023-02-24,21,芦屋,一般,落欠,2022-12-25,2022-12-28,21,芦屋,一般,１２３１１１[５]
202609112401,2026-09-11,24,01R,4483,北野 輝季,2021-05-31,2021-06-04,24,大村,一般,１６１５２５２３３６,2020-06-04,2020-06-09,24,大村,ＧⅠ,５　F４６　５６６　５,2019-06-28,2019-07-04,24,大村,一般,１　２５２５１１２　１４３１,2017-01-08,2017-01-12,24,大村,一般,４３１　F１５　１,2015-08-30,2015-09-03,24,大村,一般,５　５２４４４　２２,5051,松本 純平,2024-10-26,2024-10-31,24,大村,一般,５５転２２　２４転１３,2023-10-19,2023-10-22,24,大村,一般,２３２５１３５１,2023-02-06,2023-02-09,24,大村,一般,３５１　３３５１,,,,,,,,,,,,,5058,前原 大道,2026-06-01,2026-06-04,24,大村,一般,１３　　４１[３],2025-04-14,2025-04-18,24,大村,一般,３　１３３５１　１２,2020-11-09,2020-11-12,24,大村,一般,２　２４１２[３],2020-07-17,2020-07-21,24,大村,一般,転５２　２　４６４,,,,,,,5191,飛田 江己,2026-04-18,2026-04-23,24,大村,一般,１４１１１　１１１１[１],2026-03-08,2026-03-13,24,大村,ＧⅠ,２　１６５　５　２３２,2025-01-27,2025-02-01,24,大村,ＧⅡ,３　３　１６５　４４５５,2024-10-26,2024-10-31,24,大村,一般,３１５３１　２１１２[１],2022-11-25,2022-11-30,24,大村,一般,４　３３３　２３１　１４,4482,守屋 美穂,2025-12-26,2025-12-31,24,大村,ＧⅠ,　　　　１　６　６　４,2025-09-27,2025-10-02,24,大村,ＧⅢ,２　３１３　３１３３６１,2025-05-19,2025-05-24,24,大村,一般,３１１　１１５３５１[１],2024-01-11,2024-01-14,24,大村,ＧⅠ,６６３　６　６３,2023-11-11,2023-11-16,24,大村,ＧⅠ,６　２１６　５　１３４３,5224,西岡 顕心,2025-10-20,2025-10-24,24,大村,一般,２２１１２　４１[２],2025-07-15,2025-07-20,24,大村,ＧⅡ,６６５　１４４　２２６,2024-09-22,2024-09-26,24,大村,一般,１４３　２２３１[２],,,,,,,,,,,,
202609112402,2026-09-11,24,02R,5016,宮田 龍馬,2026-04-18,2026-04-23,24,大村,一般,１３３　３１３　１２[５],2026-01-15,2026-01-20,24,大村,一般,１　４１１２１１４１[２],2025-09-14,2025-09-17,24,大村,一般,５　４１２６２４,2020-09-07,2020-09-13,24,大村,一般,２４５　３４１　２６１６,,,,,,,4908,上田 龍星,2026-06-17,2026-06-22,24,大村,ＧⅡ,５２１　４　１５４　１３,2024-04-07,2024-04-12,24,大村,ＧⅠ,１　１１２　５　１　[２],2023-11-19,2023-11-25,24,大村,一般,１１２１１１１　２１６１[１],2019-11-27,2019-12-02,24,大村,一般,１６４２２１２５１１[５],2018-05-06,2018-05-09,24,大村,一般,３５５６３　２３,3983,須藤 博倫,2025-10-26,2025-10-31,24,大村,ＧⅢ,５３４１５２４　３４１,2024-09-29,2024-10-04,24,大村,一般,２１２１４　１　２１[１],2023-03-26,2023-03-31,24,大村,ＧⅠ,２　４５５　３４３　４,2022-01-15,2022-01-20,24,大村,ＧⅠ,６５１　３３６　１３３,2020-01-25,2020-01-30,24,大村,一般,４３２１　　４１２１[１],4398,船岡 洋一郎,2024-07-23,2024-07-28,24,大村,ＳＧ,２　５　１５６　３　２３,2023-12-16,2023-12-20,24,大村,一般,１４１　１４２２[４],2022-12-13,2022-12-18,24,大村,ＳＧ,３６６　３　３　１　６,2022-03-16,2022-03-21,24,大村,ＳＧ,１　３F６　５　４　３,2022-01-15,2022-01-20,24,大村,ＧⅠ,４４５　６１３　３４６,3952,中澤 和志,2026-04-07,2026-04-13,24,大村,一般,４３２　４３３　１４５６１５,2025-06-07,2025-06-10,24,大村,一般,１３１２３３３１,2024-06-26,2024-07-01,24,大村,ＧⅢ,１２１３４１１　４２[２],2024-04-07,2024-04-12,24,大村,ＧⅠ,４５１　５３４　５４２,2023-03-26,2023-03-31,24,大村,ＧⅠ,２　６　２３２　６　４６,3779,原田 幸哉,2026-05-07,2026-05-11,24,大村,一般,３１１　F２３　２,2026-03-08,2026-03-13,24,大村,ＧⅠ,１　１６２　１５転　１５,2025-08-05,2025-08-09,24,大村,一般,４１１　１１６１[１],2025-07-15,2025-07-20,24,大村,ＧⅡ,１　１２３　２５２　[５],2025-05-10,2025-05-14,24,大村,一般,３５３１１　２１[３]
202609112403,2026-09-11,24,03R,4075,中野 次郎,2026-02-19,2026-02-23,24,大村,一般,３３２２６　１６２４,2025-07-15,2025-07-20,24,大村,ＧⅡ,１２２　３５４　５　１５,2025-06-02,2025-06-05,24,大村,一般,１４６２３２[３],2025-01-27,2025-02-01,24,大村,ＧⅡ,１５４　２４１　３　３１,2024-09-14,2024-09-19,24,大村,一般,３５３３１　４１６６１３,5026,安河内 健,2026-03-28,2026-04-02,24,大村,一般,５６２２４,2025-12-13,2025-12-19,24,大村,一般,５６２１４　１　１２３３１１,2025-04-22,2025-04-25,24,大村,一般,４３２１１４３１,2025-02-10,2025-02-15,24,大村,ＧⅠ,２１２　４　３６３　２１,2024-10-26,2024-10-31,24,大村,一般,２４２　１１３　１１[６],3415,松井 繁,2024-07-23,2024-07-28,24,大村,ＳＧ,６　５５５　３　２１２,2024-01-11,2024-01-14,24,大村,ＧⅠ,５１１　１　[３],2023-11-11,2023-11-16,24,大村,ＧⅠ,３　５３１　１　５　４１,2023-03-26,2023-03-31,24,大村,ＧⅠ,３　５　２１２　３　３６,2022-12-13,2022-12-18,24,大村,ＳＧ,５１２　４　２　３　２５,4910,中村 泰平,2026-03-08,2026-03-13,24,大村,ＧⅠ,６　１６５　５　３６５,2023-03-26,2023-03-31,24,大村,ＧⅠ,２５４　５　５６５　１,2021-11-08,2021-11-13,24,大村,一般,１４１１１３２１２５２１,2019-11-27,2019-12-02,24,大村,一般,１　５３３２５６２１４,2018-09-23,2018-09-27,24,大村,一般,４　１５３５２６１５,4571,菅 章哉,2026-04-26,2026-05-01,24,大村,一般,１６１１３４１　５F５,2025-06-22,2025-06-25,24,大村,一般,１５２１２１[４],2024-12-13,2024-12-16,24,大村,一般,１５６１２２[３],2022-11-18,2022-11-21,24,大村,一般,１１５　２１[３],2022-03-16,2022-03-21,24,大村,ＳＧ,５　６　６４６　４１５,3719,辻 栄蔵,2026-03-08,2026-03-13,24,大村,ＧⅠ,３３４　３３３　４１５,2025-01-27,2025-02-01,24,大村,ＧⅡ,２　４　２１４　２　[２],2023-03-26,2023-03-31,24,大村,ＧⅠ,４　３１１４３　２　[５],2022-03-16,2022-03-21,24,大村,ＳＧ,４　２３４４６　３２３,2022-01-15,2022-01-20,24,大村,ＧⅠ,４　６３３１２　３　４１
202609112404,2026-09-11,24,04R,4715,村上 遼,2026-08-06,2026-08-10,24,大村,一般,２１２６１１３２[４],2026-03-08,2026-03-13,24,大村,ＧⅠ,３６２　３　１３３　６１,2026-01-03,2026-01-08,24,大村,一般,３３１４４１４　２２[３],2025-12-03,2025-12-06,24,大村,一般,５１２５４２[６],2025-08-05,2025-08-09,24,大村,一般,３５１１４　５３２２,4524,深谷 知博,2024-07-23,2024-07-28,24,大村,ＳＧ,６　１５４　１　５４１,2024-04-07,2024-04-12,24,大村,ＧⅠ,２１４　６　５３２２３,2024-01-11,2024-01-14,24,大村,ＧⅠ,１５３　６　５５,2022-12-13,2022-12-18,24,大村,ＳＧ,　　　　３　１　４　[５],2020-10-20,2020-10-25,24,大村,ＳＧ,１３４　１　１１１　[１],4543,重木 輝彦,2025-10-14,2025-10-18,24,大村,一般,５４１　４３４６３５,2025-06-07,2025-06-10,24,大村,一般,４６２１２３５２,2024-09-14,2024-09-19,24,大村,一般,５　３１４　３２５２[５],2021-10-27,2021-11-02,24,大村,一般,３　２４１１１１１１２転２５,2021-03-08,2021-03-12,24,大村,一般,３５３　４６３　１１,4961,西橋 奈未,2026-06-17,2026-06-22,24,大村,ＧⅡ,５　５６F　３　６　３,2025-12-26,2025-12-31,24,大村,ＧⅠ,　　　　６　５　４　２,2025-07-15,2025-07-20,24,大村,ＧⅡ,５　４１４６５　４４５,2025-01-19,2025-01-24,24,大村,一般,２１４　２１４２１２[６],2023-04-24,2023-04-30,24,大村,一般,１５３　４不４３４　４１３１,3783,瓜生 正義,2026-03-08,2026-03-13,24,大村,ＧⅠ,３　４５５　５　１４４,2025-02-10,2025-02-15,24,大村,ＧⅠ,４４１　３　４２６　１２,2025-01-27,2025-02-01,24,大村,ＧⅡ,３　２　６２２　５　１５,2024-07-23,2024-07-28,24,大村,ＳＧ,３１４　１　１５４　６６,2024-04-07,2024-04-12,24,大村,ＧⅠ,５　２　６１３１３５３５,4497,桑原 悠,2026-08-06,2026-08-10,24,大村,一般,１１２１４　４１[２],2026-06-26,2026-07-02,24,大村,一般,２１１５１　１１２１５２[６],2026-05-07,2026-05-11,24,大村,一般,２４１１１　２１[１],2026-03-08,2026-03-13,24,大村,ＧⅠ,３　３２１　５　４　１６,2025-11-25,2025-11-30,24,大村,ＧⅢ,３１３　１４２４１６４２
202609112405,2026-09-11,24,05R,4352,下條 雄太郎,2026-08-06,2026-08-10,24,大村,一般,２　４１２２１１[３],2026-06-17,2026-06-22,24,大村,ＧⅡ,５　４　６１１２４２５,2026-03-08,2026-03-13,24,大村,ＧⅠ,４　２４５　１　２２２６,2026-01-03,2026-01-08,24,大村,一般,４１１２１　１１３１[１],2025-11-25,2025-11-30,24,大村,ＧⅢ,１４１１３　１１４１[１],5191,飛田 江己,2026-04-18,2026-04-23,24,大村,一般,１４１１１　１１１１[１],2026-03-08,2026-03-13,24,大村,ＧⅠ,２　１６５　５　２３２,2025-01-27,2025-02-01,24,大村,ＧⅡ,３　３　１６５　４４５５,2024-10-26,2024-10-31,24,大村,一般,３１５３１　２１１２[１],2022-11-25,2022-11-30,24,大村,一般,４　３３３　２３１　１４,4908,上田 龍星,2026-06-17,2026-06-22,24,大村,ＧⅡ,５２１　４　１５４　１３,2024-04-07,2024-04-12,24,大村,ＧⅠ,１　１１２　５　１　[２],2023-11-19,2023-11-25,24,大村,一般,１１２１１１１　２１６１[１],2019-11-27,2019-12-02,24,大村,一般,１６４２２１２５１１[５],2018-05-06,2018-05-09,24,大村,一般,３５５６３　２３,5051,松本 純平,2024-10-26,2024-10-31,24,大村,一般,５５転２２　２４転１３,2023-10-19,2023-10-22,24,大村,一般,２３２５１３５１,2023-02-06,2023-02-09,24,大村,一般,３５１　３３５１,,,,,,,,,,,,,4704,河野 大,2026-06-17,2026-06-22,24,大村,ＧⅡ,２５６　１　３１５　１４,2025-12-03,2025-12-06,24,大村,一般,４４３１３４１４,2025-06-02,2025-06-05,24,大村,一般,３６３１２６１５,2024-11-15,2024-11-18,24,大村,一般,４１３５２３４,2023-12-06,2023-12-09,24,大村,一般,２４３１３４１６,5016,宮田 龍馬,2026-04-18,2026-04-23,24,大村,一般,１３３　３１３　１２[５],2026-01-15,2026-01-20,24,大村,一般,１　４１１２１１４１[２],2025-09-14,2025-09-17,24,大村,一般,５　４１２６２４,2020-09-07,2020-09-13,24,大村,一般,２４５　３４１　２６１６,,,,,,
202609112406,2026-09-11,24,06R,5224,西岡 顕心,2025-10-20,2025-10-24,24,大村,一般,２２１１２　４１[２],2025-07-15,2025-07-20,24,大村,ＧⅡ,６６５　１４４　２２６,2024-09-22,2024-09-26,24,大村,一般,１４３　２２３１[２],,,,,,,,,,,,,4571,菅 章哉,2026-04-26,2026-05-01,24,大村,一般,１６１１３４１　５F５,2025-06-22,2025-06-25,24,大村,一般,１５２１２１[４],2024-12-13,2024-12-16,24,大村,一般,１５６１２２[３],2022-11-18,2022-11-21,24,大村,一般,１１５　２１[３],2022-03-16,2022-03-21,24,大村,ＳＧ,５　６　６４６　４１５,5026,安河内 健,2026-03-28,2026-04-02,24,大村,一般,５６２２４,2025-12-13,2025-12-19,24,大村,一般,５６２１４　１　１２３３１１,2025-04-22,2025-04-25,24,大村,一般,４３２１１４３１,2025-02-10,2025-02-15,24,大村,ＧⅠ,２１２　４　３６３　２１,2024-10-26,2024-10-31,24,大村,一般,２４２　１１３　１１[６],3952,中澤 和志,2026-04-07,2026-04-13,24,大村,一般,４３２　４３３　１４５６１５,2025-06-07,2025-06-10,24,大村,一般,１３１２３３３１,2024-06-26,2024-07-01,24,大村,ＧⅢ,１２１３４１１　４２[２],2024-04-07,2024-04-12,24,大村,ＧⅠ,４５１　５３４　５４２,2023-03-26,2023-03-31,24,大村,ＧⅠ,２　６　２３２　６　４６,4398,船岡 洋一郎,2024-07-23,2024-07-28,24,大村,ＳＧ,２　５　１５６　３　２３,2023-12-16,2023-12-20,24,大村,一般,１４１　１４２２[４],2022-12-13,2022-12-18,24,大村,ＳＧ,３６６　３　３　１　６,2022-03-16,2022-03-21,24,大村,ＳＧ,１　３F６　５　４　３,2022-01-15,2022-01-20,24,大村,ＧⅠ,４４５　６１３　３４６,4483,北野 輝季,2021-05-31,2021-06-04,24,大村,一般,１６１５２５２３３６,2020-06-04,2020-06-09,24,大村,ＧⅠ,５　F４６　５６６　５,2019-06-28,2019-07-04,24,大村,一般,１　２５２５１１２　１４３１,2017-01-08,2017-01-12,24,大村,一般,４３１　F１５　１,2015-08-30,2015-09-03,24,大村,一般,５　５２４４４　２２
202609112407,2026-09-11,24,07R,5088,高憧 四季,2025-12-26,2025-12-31,24,大村,ＧⅠ,　　　　６　１　６　３,2024-12-13,2024-12-16,24,大村,一般,４１３１３３３２,2023-10-10,2023-10-15,24,大村,一般,３１４　４１２２５２[４],2022-01-03,2022-01-08,24,大村,ＧⅢ,３２５　１４６　５６１４,2021-09-25,2021-09-30,24,大村,一般,５　５５２　５５４　２６,4961,西橋 奈未,2026-06-17,2026-06-22,24,大村,ＧⅡ,５　５６F　３　６　３,2025-12-26,2025-12-31,24,大村,ＧⅠ,　　　　６　５　４　２,2025-07-15,2025-07-20,24,大村,ＧⅡ,５　４１４６５　４４５,2025-01-19,2025-01-24,24,大村,一般,２１４　２１４２１２[６],2023-04-24,2023-04-30,24,大村,一般,１５３　４不４３４　４１３１,4482,守屋 美穂,2025-12-26,2025-12-31,24,大村,ＧⅠ,　　　　１　６　６　４,2025-09-27,2025-10-02,24,大村,ＧⅢ,２　３１３　３１３３６１,2025-05-19,2025-05-24,24,大村,一般,３１１　１１５３５１[１],2024-01-11,2024-01-14,24,大村,ＧⅠ,６６３　６　６３,2023-11-11,2023-11-16,24,大村,ＧⅠ,６　２１６　５　１３４３,4688,永井 彪也,2026-03-08,2026-03-13,24,大村,ＧⅠ,２５６　６　２６２　５,2025-07-04,2025-07-09,24,大村,一般,４６１１３　３１５２[５],2024-04-07,2024-04-12,24,大村,ＧⅠ,３　２６６　２　４５２６,2023-03-26,2023-03-31,24,大村,ＧⅠ,３　４　４２１１４　１４,2022-03-16,2022-03-21,24,大村,ＳＧ,６４３　３　３６３２５,3983,須藤 博倫,2025-10-26,2025-10-31,24,大村,ＧⅢ,５３４１５２４　３４１,2024-09-29,2024-10-04,24,大村,一般,２１２１４　１　２１[１],2023-03-26,2023-03-31,24,大村,ＧⅠ,２　４５５　３４３　４,2022-01-15,2022-01-20,24,大村,ＧⅠ,６５１　３３６　１３３,2020-01-25,2020-01-30,24,大村,一般,４３２１　　４１２１[１],4075,中野 次郎,2026-02-19,2026-02-23,24,大村,一般,３３２２６　１６２４,2025-07-15,2025-07-20,24,大村,ＧⅡ,１２２　３５４　５　１５,2025-06-02,2025-06-05,24,大村,一般,１４６２３２[３],2025-01-27,2025-02-01,24,大村,ＧⅡ,１５４　２４１　３　３１,2024-09-14,2024-09-19,24,大村,一般,３５３３１　４１６６１３
202609112408,2026-09-11,24,08R,3779,原田 幸哉,2026-05-07,2026-05-11,24,大村,一般,３１１　F２３　２,2026-03-08,2026-03-13,24,大村,ＧⅠ,１　１６２　１５転　１５,2025-08-05,2025-08-09,24,大村,一般,４１１　１１６１[１],2025-07-15,2025-07-20,24,大村,ＧⅡ,１　１２３　２５２　[５],2025-05-10,2025-05-14,24,大村,一般,３５３１１　２１[３],5058,前原 大道,2026-06-01,2026-06-04,24,大村,一般,１３　　４１[３],2025-04-14,2025-04-18,24,大村,一般,３　１３３５１　１２,2020-11-09,2020-11-12,24,大村,一般,２　２４１２[３],2020-07-17,2020-07-21,24,大村,一般,転５２　２　４６４,,,,,,,4910,中村 泰平,2026-03-08,2026-03-13,24,大村,ＧⅠ,６　１６５　５　３６５,2023-03-26,2023-03-31,24,大村,ＧⅠ,２５４　５　５６５　１,2021-11-08,2021-11-13,24,大村,一般,１４１１１３２１２５２１,2019-11-27,2019-12-02,24,大村,一般,１　５３３２５６２１４,2018-09-23,2018-09-27,24,大村,一般,４　１５３５２６１５,3415,松井 繁,2024-07-23,2024-07-28,24,大村,ＳＧ,６　５５５　３　２１２,2024-01-11,2024-01-14,24,大村,ＧⅠ,５１１　１　[３],2023-11-11,2023-11-16,24,大村,ＧⅠ,３　５３１　１　５　４１,2023-03-26,2023-03-31,24,大村,ＧⅠ,３　５　２１２　３　３６,2022-12-13,2022-12-18,24,大村,ＳＧ,５１２　４　２　３　２５,4543,重木 輝彦,2025-10-14,2025-10-18,24,大村,一般,５４１　４３４６３５,2025-06-07,2025-06-10,24,大村,一般,４６２１２３５２,2024-09-14,2024-09-19,24,大村,一般,５　３１４　３２５２[５],2021-10-27,2021-11-02,24,大村,一般,３　２４１１１１１１２転２５,2021-03-08,2021-03-12,24,大村,一般,３５３　４６３　１１,4715,村上 遼,2026-08-06,2026-08-10,24,大村,一般,２１２６１１３２[４],2026-03-08,2026-03-13,24,大村,ＧⅠ,３６２　３　１３３　６１,2026-01-03,2026-01-08,24,大村,一般,３３１４４１４　２２[３],2025-12-03,2025-12-06,24,大村,一般,５１２５４２[６],2025-08-05,2025-08-09,24,大村,一般,３５１１４　５３２２
202609112409,2026-09-11,24,09R,4371,西山 貴浩,2025-02-10,2025-02-15,24,大村,ＧⅠ,５　４　２１４６５　１２,2024-07-23,2024-07-28,24,大村,ＳＧ,２３２　６４１　５　１２,2024-04-07,2024-04-12,24,大村,ＧⅠ,４　４　３２１　３　２１,2024-01-11,2024-01-14,24,大村,ＧⅠ,３　１６２５４,2023-01-04,2023-01-07,24,大村,一般,１１２２２１[１],4544,松田 大志郎,2025-08-20,2025-08-25,24,大村,一般,２１５　１１１　２１[４],2025-02-10,2025-02-15,24,大村,ＧⅠ,２４１　３３４　３　[５],2023-10-03,2023-10-08,24,大村,一般,２１３　３１１３２１[１],2023-02-06,2023-02-09,24,大村,一般,２１２２３１[２],2022-11-07,2022-11-11,24,大村,一般,２４２１４１１５３１,4084,杉山 正樹,2026-01-22,2026-01-28,24,大村,一般,２４５　３１２　１４４１[２],2025-10-26,2025-10-31,24,大村,ＧⅢ,３２２　３５１１６２[５],2025-02-28,2025-03-03,24,大村,一般,４４２１１２[２],2024-05-14,2024-05-19,24,大村,一般,１３６２３１１　２２[４],2024-03-08,2024-03-11,24,大村,一般,４３３１４３１１,4503,上野 真之介,2026-03-28,2026-04-02,24,大村,一般,１１１　３１３　２１[２],2025-04-22,2025-04-25,24,大村,一般,２４１１２２[３],2023-10-28,2023-11-02,24,大村,一般,１１３　１１３１３１[６],2023-04-12,2023-04-17,24,大村,ＧⅡ,６１３　２６３１５　４２,2023-03-26,2023-03-31,24,大村,ＧⅠ,３　転３６　４　４３２,4096,石橋 道友,2026-08-06,2026-08-10,24,大村,一般,１１１　１１２１[１],2026-07-05,2026-07-09,24,大村,一般,６２２　３２１３４１,2026-05-07,2026-05-11,24,大村,一般,１３４　２１１２[２],2026-03-18,2026-03-22,24,大村,一般,１２３　１３３１[１],2026-01-03,2026-01-08,24,大村,一般,２　２１４４２１２１[６],5028,原田 才一郎,2026-07-28,2026-07-31,24,大村,一般,１４１２１１[１],2026-06-01,2026-06-04,24,大村,一般,２２　　３１２１,2026-03-08,2026-03-13,24,大村,ＧⅠ,１　５５２　１　２　[６],2025-02-10,2025-02-15,24,大村,ＧⅠ,２６１　６　３４１３６,2024-06-04,2024-06-09,24,大村,一般,３　３３１　４３１２[５]
202609112410,2026-09-11,24,10R,4188,久田 敏之,2026-03-08,2026-03-13,24,大村,ＧⅠ,６１３　３２５　２１３,2024-04-07,2024-04-12,24,大村,ＧⅠ,５６,2022-05-18,2022-05-23,24,大村,ＧⅡ,妨,2021-01-26,2021-01-31,24,大村,ＧⅢ,３５２　２１１２５１[１],2020-10-20,2020-10-25,24,大村,ＳＧ,４　５２２　６　６３４,4238,毒島 誠,2024-07-23,2024-07-28,24,大村,ＳＧ,４　３　６１１　３　２４,2024-04-07,2024-04-12,24,大村,ＧⅠ,２２６　転　５３６１２,2024-01-11,2024-01-14,24,大村,ＧⅠ,５　４１２　５３,2023-11-11,2023-11-16,24,大村,ＧⅠ,２　４２４　１２４　５３,2023-03-26,2023-03-31,24,大村,ＧⅠ,３　３１２１２　１　[１],4500,山田 康二,2025-05-10,2025-05-14,24,大村,一般,１１２　１１２１[２],2024-08-19,2024-08-25,24,大村,一般,２エ５１１　５　２１１２[４],2024-04-07,2024-04-12,24,大村,ＧⅠ,５　３５３　２４４２５,2024-01-11,2024-01-14,24,大村,ＧⅠ,３　１５１６３２,2023-11-11,2023-11-16,24,大村,ＧⅠ,６　３５６　１　５３３,3716,石渡 鉄兵,2026-03-08,2026-03-13,24,大村,ＧⅠ,４　４３６　３２１　２２,2025-01-27,2025-02-01,24,大村,ＧⅡ,５　２２２　５　５１１２,2024-01-11,2024-01-14,24,大村,ＧⅠ,５１５　４５６,2023-03-26,2023-03-31,24,大村,ＧⅠ,５　５３４　５　５５３,2022-05-18,2022-05-23,24,大村,ＧⅡ,４　１２４　３５５　１１,4907,小池 修平,2026-03-08,2026-03-13,24,大村,ＧⅠ,３４２　５　２転５,2024-07-23,2024-07-28,24,大村,ＳＧ,F６５　５　１６３　３,2024-01-11,2024-01-14,24,大村,ＧⅠ,５　４２３　１１,2023-11-11,2023-11-16,24,大村,ＧⅠ,２　２６２　３　３　１２,2023-07-01,2023-07-06,24,大村,一般,１３２　５１１２１４２４,4494,河合 佑樹,2024-07-23,2024-07-28,24,大村,ＳＧ,３　２　６１４　３６５,2022-12-13,2022-12-18,24,大村,ＳＧ,６５４　５　４　６　２,2022-05-18,2022-05-23,24,大村,ＧⅡ,１４５　３３１　６　１５,2020-07-28,2020-08-02,24,大村,ＧⅡ,２５４　３　１３４　１５,2018-03-09,2018-03-12,24,大村,一般,３１１５１５１３
202609112411,2026-09-11,24,11R,4262,馬場 貴也,2026-03-08,2026-03-13,24,大村,ＧⅠ,２　２５５　１　３　５１,2024-07-23,2024-07-28,24,大村,ＳＧ,６２３　４５５　１　２５,2024-04-07,2024-04-12,24,大村,ＧⅠ,３　４１４　５１３　１２,2024-01-11,2024-01-14,24,大村,ＧⅠ,１　６３２　[５],2023-03-26,2023-03-31,24,大村,ＧⅠ,４３１　３３４　６１６,4174,赤坂 俊輔,2026-08-20,2026-08-23,24,大村,一般,４２１５２５２５,2026-07-28,2026-07-31,24,大村,一般,２２１２４１[４],2026-06-06,2026-06-10,24,大村,一般,５３４　３１１１[３],2026-04-26,2026-05-01,24,大村,一般,１５２　３５２１１３３２,2026-03-08,2026-03-13,24,大村,ＧⅠ,２５４　５６６　４　５,4960,黒野 元基,2026-07-05,2026-07-09,24,大村,一般,３３２　１１１１[３],2025-12-03,2025-12-06,24,大村,一般,２　２２２１[４],2020-09-07,2020-09-13,24,大村,一般,６１３２３２１４２４１３,2018-03-14,2018-03-17,24,大村,一般,３　５２３　２３,,,,,,,4686,丸野 一樹,2026-03-08,2026-03-13,24,大村,ＧⅠ,１　５　４２３　５　１４,2024-07-23,2024-07-28,24,大村,ＳＧ,６１３　６　３４３　４２,2024-04-07,2024-04-12,24,大村,ＧⅠ,５４１　５５６　６２４,2022-12-13,2022-12-18,24,大村,ＳＧ,３　１　F　４　６　６,2022-03-16,2022-03-21,24,大村,ＳＧ,３５１　３２２　４　１６,4719,上條 暢嵩,2026-03-08,2026-03-13,24,大村,ＧⅠ,４　１１３　３２１　[１],2024-07-23,2024-07-28,24,大村,ＳＧ,５１４　２６１　２３４,2024-04-07,2024-04-12,24,大村,ＧⅠ,１　３１５　６　１６５６,2024-01-11,2024-01-14,24,大村,ＧⅠ,２３４　１４３５,2023-07-27,2023-07-31,24,大村,一般,１５３　３２１３３３,4335,若林 将,2025-02-19,2025-02-25,24,大村,一般,２６３　１１２　１２１２[２],2024-11-15,2024-11-18,24,大村,一般,４５１１１３転２,2024-03-17,2024-03-23,24,大村,一般,１　３２２３３１１１３２[１],2023-11-11,2023-11-16,24,大村,ＧⅠ,６　４　４５４　１４４,2023-08-28,2023-09-02,24,大村,ＧⅢ,６２２　４２４１６３４２
202609112412,2026-09-11,24,12R,3783,瓜生 正義,2026-03-08,2026-03-13,24,大村,ＧⅠ,３　４５５　５　１４４,2025-02-10,2025-02-15,24,大村,ＧⅠ,４４１　３　４２６　１２,2025-01-27,2025-02-01,24,大村,ＧⅡ,３　２　６２２　５　１５,2024-07-23,2024-07-28,24,大村,ＳＧ,３１４　１　１５４　６６,2024-04-07,2024-04-12,24,大村,ＧⅠ,５　２　６１３１３５３５,4688,永井 彪也,2026-03-08,2026-03-13,24,大村,ＧⅠ,２５６　６　２６２　５,2025-07-04,2025-07-09,24,大村,一般,４６１１３　３１５２[５],2024-04-07,2024-04-12,24,大村,ＧⅠ,３　２６６　２　４５２６,2023-03-26,2023-03-31,24,大村,ＧⅠ,３　４　４２１１４　１４,2022-03-16,2022-03-21,24,大村,ＳＧ,６４３　３　３６３２５,4352,下條 雄太郎,2026-08-06,2026-08-10,24,大村,一般,２　４１２２１１[３],2026-06-17,2026-06-22,24,大村,ＧⅡ,５　４　６１１２４２５,2026-03-08,2026-03-13,24,大村,ＧⅠ,４　２４５　１　２２２６,2026-01-03,2026-01-08,24,大村,一般,４１１２１　１１３１[１],2025-11-25,2025-11-30,24,大村,ＧⅢ,１４１１３　１１４１[１],4704,河野 大,2026-06-17,2026-06-22,24,大村,ＧⅡ,２５６　１　３１５　１４,2025-12-03,2025-12-06,24,大村,一般,４４３１３４１４,2025-06-02,2025-06-05,24,大村,一般,３６３１２６１５,2024-11-15,2024-11-18,24,大村,一般,４１３５２３４,2023-12-06,2023-12-09,24,大村,一般,２４３１３４１６,4524,深谷 知博,2024-07-23,2024-07-28,24,大村,ＳＧ,６　１５４　１　５４１,2024-04-07,2024-04-12,24,大村,ＧⅠ,２１４　６　５３２２３,2024-01-11,2024-01-14,24,大村,ＧⅠ,１５３　６　５５,2022-12-13,2022-12-18,24,大村,ＳＧ,　　　　３　１　４　[５],2020-10-20,2020-10-25,24,大村,ＳＧ,１３４　１　１１１　[１],5088,高憧 四季,2025-12-26,2025-12-31,24,大村,ＧⅠ,　　　　６　１　６　３,2024-12-13,2024-12-16,24,大村,一般,４１３１３３３２,2023-10-10,2023-10-15,24,大村,一般,３１４　４１２２５２[４],2022-01-03,2022-01-08,24,大村,ＧⅢ,３２５　１４６　５６１４,2021-09-25,2021-09-30,24,大村,一般,５　５５２　５５４　２６
