レースコード,レース日,レース場コード,レース回,艇1_登録番号,艇1_選手名,艇1_前1節_開始日,艇1_前1節_終了日,艇1_前1節_場コード,艇1_前1節_場名,艇1_前1節_グレード,艇1_前1節_着順列,艇1_前2節_開始日,艇1_前2節_終了日,艇1_前2節_場コード,艇1_前2節_場名,艇1_前2節_グレード,艇1_前2節_着順列,艇1_前3節_開始日,艇1_前3節_終了日,艇1_前3節_場コード,艇1_前3節_場名,艇1_前3節_グレード,艇1_前3節_着順列,艇1_前4節_開始日,艇1_前4節_終了日,艇1_前4節_場コード,艇1_前4節_場名,艇1_前4節_グレード,艇1_前4節_着順列,艇1_前5節_開始日,艇1_前5節_終了日,艇1_前5節_場コード,艇1_前5節_場名,艇1_前5節_グレード,艇1_前5節_着順列,艇2_登録番号,艇2_選手名,艇2_前1節_開始日,艇2_前1節_終了日,艇2_前1節_場コード,艇2_前1節_場名,艇2_前1節_グレード,艇2_前1節_着順列,艇2_前2節_開始日,艇2_前2節_終了日,艇2_前2節_場コード,艇2_前2節_場名,艇2_前2節_グレード,艇2_前2節_着順列,艇2_前3節_開始日,艇2_前3節_終了日,艇2_前3節_場コード,艇2_前3節_場名,艇2_前3節_グレード,艇2_前3節_着順列,艇2_前4節_開始日,艇2_前4節_終了日,艇2_前4節_場コード,艇2_前4節_場名,艇2_前4節_グレード,艇2_前4節_着順列,艇2_前5節_開始日,艇2_前5節_終了日,艇2_前5節_場コード,艇2_前5節_場名,艇2_前5節_グレード,艇2_前5節_着順列,艇3_登録番号,艇3_選手名,艇3_前1節_開始日,艇3_前1節_終了日,艇3_前1節_場コード,艇3_前1節_場名,艇3_前1節_グレード,艇3_前1節_着順列,艇3_前2節_開始日,艇3_前2節_終了日,艇3_前2節_場コード,艇3_前2節_場名,艇3_前2節_グレード,艇3_前2節_着順列,艇3_前3節_開始日,艇3_前3節_終了日,艇3_前3節_場コード,艇3_前3節_場名,艇3_前3節_グレード,艇3_前3節_着順列,艇3_前4節_開始日,艇3_前4節_終了日,艇3_前4節_場コード,艇3_前4節_場名,艇3_前4節_グレード,艇3_前4節_着順列,艇3_前5節_開始日,艇3_前5節_終了日,艇3_前5節_場コード,艇3_前5節_場名,艇3_前5節_グレード,艇3_前5節_着順列,艇4_登録番号,艇4_選手名,艇4_前1節_開始日,艇4_前1節_終了日,艇4_前1節_場コード,艇4_前1節_場名,艇4_前1節_グレード,艇4_前1節_着順列,艇4_前2節_開始日,艇4_前2節_終了日,艇4_前2節_場コード,艇4_前2節_場名,艇4_前2節_グレード,艇4_前2節_着順列,艇4_前3節_開始日,艇4_前3節_終了日,艇4_前3節_場コード,艇4_前3節_場名,艇4_前3節_グレード,艇4_前3節_着順列,艇4_前4節_開始日,艇4_前4節_終了日,艇4_前4節_場コード,艇4_前4節_場名,艇4_前4節_グレード,艇4_前4節_着順列,艇4_前5節_開始日,艇4_前5節_終了日,艇4_前5節_場コード,艇4_前5節_場名,艇4_前5節_グレード,艇4_前5節_着順列,艇5_登録番号,艇5_選手名,艇5_前1節_開始日,艇5_前1節_終了日,艇5_前1節_場コード,艇5_前1節_場名,艇5_前1節_グレード,艇5_前1節_着順列,艇5_前2節_開始日,艇5_前2節_終了日,艇5_前2節_場コード,艇5_前2節_場名,艇5_前2節_グレード,艇5_前2節_着順列,艇5_前3節_開始日,艇5_前3節_終了日,艇5_前3節_場コード,艇5_前3節_場名,艇5_前3節_グレード,艇5_前3節_着順列,艇5_前4節_開始日,艇5_前4節_終了日,艇5_前4節_場コード,艇5_前4節_場名,艇5_前4節_グレード,艇5_前4節_着順列,艇5_前5節_開始日,艇5_前5節_終了日,艇5_前5節_場コード,艇5_前5節_場名,艇5_前5節_グレード,艇5_前5節_着順列,艇6_登録番号,艇6_選手名,艇6_前1節_開始日,艇6_前1節_終了日,艇6_前1節_場コード,艇6_前1節_場名,艇6_前1節_グレード,艇6_前1節_着順列,艇6_前2節_開始日,艇6_前2節_終了日,艇6_前2節_場コード,艇6_前2節_場名,艇6_前2節_グレード,艇6_前2節_着順列,艇6_前3節_開始日,艇6_前3節_終了日,艇6_前3節_場コード,艇6_前3節_場名,艇6_前3節_グレード,艇6_前3節_着順列,艇6_前4節_開始日,艇6_前4節_終了日,艇6_前4節_場コード,艇6_前4節_場名,艇6_前4節_グレード,艇6_前4節_着順列,艇6_前5節_開始日,艇6_前5節_終了日,艇6_前5節_場コード,艇6_前5節_場名,艇6_前5節_グレード,艇6_前5節_着順列
202609130201,2026-09-13,02,01R,3589,西村 勝,2026-06-27,2026-07-01,02,戸田,一般,４　６３６　６６６,2026-01-03,2026-01-08,02,戸田,一般,５　２６５　６　５欠,2025-11-22,2025-11-25,02,戸田,一般,２　３６２２４６,2025-08-14,2025-08-19,02,戸田,一般,３　２１４　４６６２４,2025-01-03,2025-01-08,02,戸田,一般,６　５４３　５２３１５６,3814,金子 貴志,2026-03-19,2026-03-24,02,戸田,一般,４　３５３６５　６　４２,2024-07-14,2024-07-17,02,戸田,一般,３　２４３２５３,2024-04-07,2024-04-12,02,戸田,一般,６　２５６　３５４　３５,2023-04-21,2023-04-26,02,戸田,一般,５　２３４　４５２　２４,2022-06-02,2022-06-06,02,戸田,一般,２６２１６　１５５３,4866,橋本 英一,2025-06-07,2025-06-10,02,戸田,一般,４６１　４４４３,2025-02-03,2025-02-06,02,戸田,一般,６　３５４５５,2023-11-07,2023-11-12,02,戸田,一般,４　１６１　２２２３[６],2022-02-11,2022-02-15,02,戸田,一般,６　１５２　２３４１,,,,,,,3834,細川 明人,2026-05-28,2026-05-31,02,戸田,一般,２４２　６６６１,2024-07-07,2024-07-11,02,戸田,一般,５　１６５　３２５３,2019-06-27,2019-07-01,02,戸田,一般,６　４３１４３３５４,2017-12-08,2017-12-11,02,戸田,一般,２４１４４　６６,2017-06-16,2017-06-19,02,戸田,一般,５１２　３４１５,5259,野田 昇吾,2026-05-01,2026-05-06,02,戸田,一般,５　３　６４４５４５５,2025-08-14,2025-08-19,02,戸田,一般,３　５　２５６　６２３４,2025-05-01,2025-05-06,02,戸田,一般,６　２　５６１　１３２４,2025-01-26,2025-01-31,02,戸田,一般,４　５６６　６３６　３３,2025-01-03,2025-01-08,02,戸田,一般,　　　　　　　　５４５４,4692,酒井 俊弘,2026-05-14,2026-05-19,02,戸田,一般,５６３　５４２　５　５１,2022-08-04,2022-08-08,02,戸田,一般,欠欠,2021-01-22,2021-01-25,02,戸田,一般,３　４４２２１５,2020-02-16,2020-02-21,02,戸田,一般,２　F３４　４　３　２,2018-04-22,2018-04-27,02,戸田,一般,３　５５４　４６４５５
202609130202,2026-09-13,02,02R,5313,鈴木 唯央,2026-03-07,2026-03-12,02,戸田,一般,３　３４５　５４２　４エ,2025-12-27,2025-12-31,02,戸田,一般,　　　　　　　　６４,2025-08-06,2025-08-11,02,戸田,一般,５　５４４　転４５　３４,2024-12-28,2024-12-31,02,戸田,一般,５　６３４　３転,2024-12-20,2024-12-25,02,戸田,一般,２　５５１　６５４　５３,3161,古場 輝義,2026-02-25,2026-03-01,02,戸田,一般,１６２　２６３　６３,2025-04-10,2025-04-15,02,戸田,一般,３　５１３１２６２４２４,2024-10-02,2024-10-05,02,戸田,一般,２　４３４６２６,2024-06-14,2024-06-17,02,戸田,一般,１２４　３２[５],2023-10-20,2023-10-23,02,戸田,一般,２　６２３１３２,4325,新出 浩司,2025-12-27,2025-12-31,02,戸田,一般,３　１６５４５５３,2025-09-18,2025-09-21,02,戸田,一般,３３２５３　５５,2023-09-29,2023-10-02,02,戸田,一般,４　１３３６２６,2023-08-29,2023-09-03,02,戸田,一般,４５１　３５２　１６１２,2022-09-01,2022-09-04,02,戸田,一般,５　６５,4706,三浦 洋次朗,2026-03-28,2026-04-02,02,戸田,一般,３１６　３１３３１２[６],2025-12-13,2025-12-16,02,戸田,一般,５６４６５　４４,2025-08-22,2025-08-25,02,戸田,一般,５　１５３５１３,2025-05-09,2025-05-12,02,戸田,一般,６　３５１５２２,2024-04-07,2024-04-12,02,戸田,一般,６　２３１　２１４６１１,4615,板倉 敦史,2026-05-28,2026-05-31,02,戸田,一般,３５１　１エ１５,2026-01-17,2026-01-22,02,戸田,一般,５４６　３２４　２　５２,2025-05-09,2025-05-12,02,戸田,一般,５３３２３　３１,2024-11-21,2024-11-24,02,戸田,一般,４　４５４６５,2024-06-26,2024-07-01,02,戸田,一般,４　１２２４６４３５２５,4762,藤原 啓史朗,2025-06-24,2025-06-29,02,戸田,ＳＧ,２　５　４３６　１３３,2025-02-18,2025-02-23,02,戸田,一般,１１３転４　１１４２[３],2024-10-22,2024-10-27,02,戸田,ＳＧ,４　３５４　４　６６６４,2024-03-15,2024-03-20,02,戸田,ＳＧ,４　２３４　　　２２２１,2020-01-12,2020-01-16,02,戸田,一般,１５１２１４５２[４]
202609130203,2026-09-13,02,03R,4631,新井 英孝,2025-08-28,2025-08-31,02,戸田,一般,６　２２１６２１,2024-11-01,2024-11-04,02,戸田,一般,１２２　３５６５,2024-01-11,2024-01-14,02,戸田,一般,６　２６６２６,2022-12-09,2022-12-12,02,戸田,一般,１６６５３　４５,2021-02-19,2021-02-23,02,戸田,一般,５　２５２４１　３６,5220,青木 蓮,2026-08-12,2026-08-17,02,戸田,一般,３１５　１１３　３　３１,2026-05-01,2026-05-06,02,戸田,一般,３　３２１　２３６　３３,2026-03-28,2026-04-02,02,戸田,一般,１１２　５３３４２５１１,2026-03-07,2026-03-12,02,戸田,一般,１３１　１１３１１１[６],2026-01-03,2026-01-08,02,戸田,一般,４３１２２１４　４　１３,4674,池田 剛規,2025-06-13,2025-06-16,02,戸田,一般,１６１４４　１２,2024-11-01,2024-11-04,02,戸田,一般,６　５４２３５３,2024-06-20,2024-06-23,02,戸田,一般,４３２　３５２３,2024-01-31,2024-02-04,02,戸田,一般,３６３　１転３　１５,2023-10-20,2023-10-23,02,戸田,一般,３　２３３５１４,4467,渡邉 俊介,2026-07-07,2026-07-12,02,戸田,ＧⅡ,２　４５２　４　２４４,2025-08-06,2025-08-11,02,戸田,一般,６　２４６　４３２５３,2024-12-07,2024-12-10,02,戸田,一般,３６２　２２４１,2023-09-14,2023-09-18,02,戸田,一般,１　５６４６３　４２,2022-01-20,2022-01-23,02,戸田,一般,１１２　４４[４],4887,富澤 祐作,2025-12-19,2025-12-24,02,戸田,一般,５４１２１　１６２６１６,2025-07-12,2025-07-15,02,戸田,一般,６　４３６４３４,2025-02-03,2025-02-06,02,戸田,一般,５　１１２５１６,2024-12-01,2024-12-04,02,戸田,一般,５　３４６１１６,2024-07-14,2024-07-17,02,戸田,一般,５　２２４２１３,5455,澁澤 周羽,2026-06-27,2026-07-01,02,戸田,一般,６　６６５　６６５,,,,,,,,,,,,,,,,,,,,,,,,
202609130204,2026-09-13,02,04R,4555,富永 大一,2026-02-06,2026-02-11,02,戸田,一般,２３５　４３６　６１５３,2025-03-07,2025-03-10,02,戸田,一般,５５２　５６３,2024-07-14,2024-07-17,02,戸田,一般,６　３６２　２２,2024-03-01,2024-03-04,02,戸田,一般,３３４　６４１１,2023-03-02,2023-03-05,02,戸田,一般,１２５６４　２５,3072,西田 靖,2026-04-14,2026-04-19,02,戸田,ＧⅢ,６　３　１６５６６　５３,2025-09-18,2025-09-21,02,戸田,一般,６１２　２５４３,2025-04-19,2025-04-24,02,戸田,一般,２　２５５　３５４　５４,2024-12-28,2024-12-31,02,戸田,一般,２２１２F　２,2024-03-01,2024-03-04,02,戸田,一般,１１３　２５３２,4295,小坂 尚哉,2026-02-25,2026-03-01,02,戸田,一般,４３２１２５１転１２,2025-12-27,2025-12-31,02,戸田,一般,１４１５２３３４２１,2025-05-30,2025-06-04,02,戸田,ＧⅢ,５５１４１　２２４３１２,2024-12-13,2024-12-16,02,戸田,一般,２６２１１２[２],2024-05-09,2024-05-14,02,戸田,一般,１４３１３　２１２２[３],5038,金田 智博,2025-11-22,2025-11-25,02,戸田,一般,１２３　３３[５],2024-10-08,2024-10-13,02,戸田,一般,４２１　４５４　１３５１,2023-03-12,2023-03-15,02,戸田,一般,３　１５４３３５,2022-01-11,2022-01-16,02,戸田,一般,６　２１１　５１３転４１,2021-06-12,2021-06-17,02,戸田,ＧⅢ,３　６６２　３　４１４,4886,入海 馨,2023-08-05,2023-08-08,02,戸田,一般,５１６３１２２２,2023-02-15,2023-02-18,02,戸田,一般,２４１６６４１,2023-01-27,2023-01-30,02,戸田,一般,５４４１２１２１,2022-07-12,2022-07-17,02,戸田,ＧⅡ,４　４３５　６１２４４,2021-03-16,2021-03-22,02,戸田,一般,１　１２１２２３３１１　[２],4572,渡部 悟,2025-12-19,2025-12-24,02,戸田,一般,２２５　６４６　６　２３,2025-04-19,2025-04-24,02,戸田,一般,１　５４４　４２４　６６,2024-12-07,2024-12-10,02,戸田,一般,５２５　１１５１,2023-08-05,2023-08-08,02,戸田,一般,３　６１１６１３,2022-10-25,2022-10-30,02,戸田,一般,４　５６５　６２１　２５
202609130205,2026-09-13,02,05R,4578,藤山 雅弘,2026-04-14,2026-04-19,02,戸田,ＧⅢ,３　５１２５２２１４６４,2025-11-22,2025-11-25,02,戸田,一般,５　１５３５,2024-08-22,2024-08-26,02,戸田,一般,６５３　１　２２２６,2024-06-08,2024-06-11,02,戸田,一般,３　１５６４３５,2023-09-21,2023-09-25,02,戸田,一般,４　３１３３１６２５,5008,羽野 諒,2025-12-13,2025-12-16,02,戸田,一般,５４２　５３２,2025-03-30,2025-04-04,02,戸田,一般,３　６６４　１４５５２,2024-12-07,2024-12-10,02,戸田,一般,１　５５５５２４,2024-06-26,2024-07-01,02,戸田,一般,１３３　２３５妨,2024-03-01,2024-03-04,02,戸田,一般,６３５４４　４,4708,半田 尚也,2025-06-07,2025-06-10,02,戸田,一般,２４４　２５４３,2024-12-13,2024-12-16,02,戸田,一般,５　５４５　３３,2019-07-10,2019-07-15,02,戸田,一般,６　４　２３４　１４３４,2018-09-28,2018-10-03,02,戸田,一般,４５５　３　３６２６６,2017-06-16,2017-06-19,02,戸田,一般,６　４５１５２５,4370,山口 達也,2025-11-12,2025-11-17,02,戸田,ＧⅠ,４　４　３２４　１１２３,2025-07-12,2025-07-15,02,戸田,一般,１１１２５１[５],2023-02-15,2023-02-18,02,戸田,一般,１２３２２１[１],2022-08-04,2022-08-08,02,戸田,一般,４２５２３５,2019-10-31,2019-11-05,02,戸田,一般,１　６６２４２５１３[５],3075,中村 裕将,2026-08-12,2026-08-17,02,戸田,一般,２　２転４　２３３５２５,2026-04-05,2026-04-10,02,戸田,一般,１１３　２６２５１５１４,2026-01-03,2026-01-08,02,戸田,一般,２　６６４　５　６２１,2025-08-14,2025-08-19,02,戸田,一般,４４３　３６５　４　１３,2025-07-05,2025-07-08,02,戸田,一般,２１２　４６３４,3814,金子 貴志,2026-03-19,2026-03-24,02,戸田,一般,４　３５３６５　６　４２,2024-07-14,2024-07-17,02,戸田,一般,３　２４３２５３,2024-04-07,2024-04-12,02,戸田,一般,６　２５６　３５４　３５,2023-04-21,2023-04-26,02,戸田,一般,５　２３４　４５２　２４,2022-06-02,2022-06-06,02,戸田,一般,２６２１６　１５５３
202609130206,2026-09-13,02,06R,4649,和田 操拓,2023-03-29,2023-04-03,02,戸田,一般,４　F１５　６　６　３,2022-02-05,2022-02-08,02,戸田,一般,F５４　６　６,2020-02-23,2020-02-26,02,戸田,一般,１３５２６　３１,2018-09-14,2018-09-18,02,戸田,一般,４１６５４　１２３５,2017-12-16,2017-12-20,02,戸田,一般,６２４　１６５　３２,4866,橋本 英一,2025-06-07,2025-06-10,02,戸田,一般,４６１　４４４３,2025-02-03,2025-02-06,02,戸田,一般,６　３５４５５,2023-11-07,2023-11-12,02,戸田,一般,４　１６１　２２２３[６],2022-02-11,2022-02-15,02,戸田,一般,６　１５２　２３４１,,,,,,,4351,里岡 右貴,2026-02-25,2026-03-01,02,戸田,一般,６１１３５１２４[１],2025-12-19,2025-12-24,02,戸田,一般,１６４３３　４２１３１４,2025-07-12,2025-07-15,02,戸田,一般,１　１２３３[３],2025-02-03,2025-02-06,02,戸田,一般,３３５１１２[３],2024-02-18,2024-02-23,02,戸田,一般,３　５３２３４４３５４,4539,金子 賢志,2025-07-12,2025-07-15,02,戸田,一般,F１５　６　６,2025-02-09,2025-02-15,02,戸田,ＧⅠ,４　２５５　５６４　６６,2023-08-05,2023-08-08,02,戸田,一般,５３５　５１１５,2023-05-11,2023-05-16,02,戸田,一般,６　F１６　３　４　３,2023-02-15,2023-02-18,02,戸田,一般,６６１１４　５１,3161,古場 輝義,2026-02-25,2026-03-01,02,戸田,一般,１６２　２６３　６３,2025-04-10,2025-04-15,02,戸田,一般,３　５１３１２６２４２４,2024-10-02,2024-10-05,02,戸田,一般,２　４３４６２６,2024-06-14,2024-06-17,02,戸田,一般,１２４　３２[５],2023-10-20,2023-10-23,02,戸田,一般,２　６２３１３２,4163,山崎 裕司,2026-01-30,2026-02-02,02,戸田,一般,５　２６２５２２,2024-05-09,2024-05-14,02,戸田,一般,４５６　５１４６６　４,2017-07-08,2017-07-11,02,戸田,一般,３５２１F４,2017-03-16,2017-03-20,02,戸田,一般,６４３　４４４　４３,2016-01-30,2016-02-03,02,戸田,一般,３６３　２２３１４３
202609130207,2026-09-13,02,07R,5126,山下 大輝,2024-12-01,2024-12-04,02,戸田,一般,６　３１１５１２,,,,,,,,,,,,,,,,,,,,,,,,,4615,板倉 敦史,2026-05-28,2026-05-31,02,戸田,一般,３５１　１エ１５,2026-01-17,2026-01-22,02,戸田,一般,５４６　３２４　２　５２,2025-05-09,2025-05-12,02,戸田,一般,５３３２３　３１,2024-11-21,2024-11-24,02,戸田,一般,４　４５４６５,2024-06-26,2024-07-01,02,戸田,一般,４　１２２４６４３５２５,3692,竹腰 正樹,2026-02-06,2026-02-11,02,戸田,一般,２６２　６３４　３１４１,2025-09-18,2025-09-21,02,戸田,一般,３,2025-06-13,2025-06-16,02,戸田,一般,６　１１５６３２,2024-11-15,2024-11-18,02,戸田,一般,３６３　６６３,2023-02-02,2023-02-05,02,戸田,一般,３　１３１５[５],5259,野田 昇吾,2026-05-01,2026-05-06,02,戸田,一般,５　３　６４４５４５５,2025-08-14,2025-08-19,02,戸田,一般,３　５　２５６　６２３４,2025-05-01,2025-05-06,02,戸田,一般,６　２　５６１　１３２４,2025-01-26,2025-01-31,02,戸田,一般,４　５６６　６３６　３３,2025-01-03,2025-01-08,02,戸田,一般,　　　　　　　　５４５４,4674,池田 剛規,2025-06-13,2025-06-16,02,戸田,一般,１６１４４　１２,2024-11-01,2024-11-04,02,戸田,一般,６　５４２３５３,2024-06-20,2024-06-23,02,戸田,一般,４３２　３５２３,2024-01-31,2024-02-04,02,戸田,一般,３６３　１転３　１５,2023-10-20,2023-10-23,02,戸田,一般,３　２３３５１４,4973,栗原 直也,2026-03-28,2026-04-02,02,戸田,一般,２　５５５２４　４４５１,2026-01-11,2026-01-14,02,戸田,一般,３　６２４１４１,2025-08-22,2025-08-25,02,戸田,一般,５５１　１６４６,2025-06-07,2025-06-10,02,戸田,一般,１６２　４３２３,2024-11-01,2024-11-04,02,戸田,一般,６４６６１　１５
202609130208,2026-09-13,02,08R,4883,岡部 大輝,2026-06-27,2026-07-01,02,戸田,一般,５６４　２　３３１３,2025-12-27,2025-12-31,02,戸田,一般,４５５　２２５１１２,2025-06-07,2025-06-10,02,戸田,一般,６５６３４　２５,2024-10-02,2024-10-05,02,戸田,一般,１３５　１３６１,2024-06-08,2024-06-11,02,戸田,一般,２５２　４４３４,4572,渡部 悟,2025-12-19,2025-12-24,02,戸田,一般,２２５　６４６　６　２３,2025-04-19,2025-04-24,02,戸田,一般,１　５４４　４２４　６６,2024-12-07,2024-12-10,02,戸田,一般,５２５　１１５１,2023-08-05,2023-08-08,02,戸田,一般,３　６１１６１３,2022-10-25,2022-10-30,02,戸田,一般,４　５６５　６２１　２５,3589,西村 勝,2026-06-27,2026-07-01,02,戸田,一般,４　６３６　６６６,2026-01-03,2026-01-08,02,戸田,一般,５　２６５　６　５欠,2025-11-22,2025-11-25,02,戸田,一般,２　３６２２４６,2025-08-14,2025-08-19,02,戸田,一般,３　２１４　４６６２４,2025-01-03,2025-01-08,02,戸田,一般,６　５４３　５２３１５６,4325,新出 浩司,2025-12-27,2025-12-31,02,戸田,一般,３　１６５４５５３,2025-09-18,2025-09-21,02,戸田,一般,３３２５３　５５,2023-09-29,2023-10-02,02,戸田,一般,４　１３３６２６,2023-08-29,2023-09-03,02,戸田,一般,４５１　３５２　１６１２,2022-09-01,2022-09-04,02,戸田,一般,５　６５,3711,江本 真治,2021-09-30,2021-10-05,02,戸田,ＧⅢ,３　１２３１１３３４４２,2020-05-15,2020-05-18,02,戸田,一般,５３１　３１２１,2020-01-30,2020-02-03,02,戸田,一般,１　３５２４３４３１,2019-01-25,2019-01-28,02,戸田,一般,３４４　１５４４,2018-06-29,2018-07-04,02,戸田,一般,４６２　３４５３２２２,4467,渡邉 俊介,2026-07-07,2026-07-12,02,戸田,ＧⅡ,２　４５２　４　２４４,2025-08-06,2025-08-11,02,戸田,一般,６　２４６　４３２５３,2024-12-07,2024-12-10,02,戸田,一般,３６２　２２４１,2023-09-14,2023-09-18,02,戸田,一般,１　５６４６３　４２,2022-01-20,2022-01-23,02,戸田,一般,１１２　４４[４]
202609130209,2026-09-13,02,09R,4451,松崎 祐太郎,2025-03-13,2025-03-17,02,戸田,一般,２３１５１１３１[２],2024-05-09,2024-05-14,02,戸田,一般,１４３１３　４４１３１１,2022-10-01,2022-10-04,02,戸田,一般,６５欠欠,2020-04-02,2020-04-07,02,戸田,ＧⅡ,５１４　４６１　２３１,2019-11-27,2019-11-30,02,戸田,一般,１２３　２４[２],4886,入海 馨,2023-08-05,2023-08-08,02,戸田,一般,５１６３１２２２,2023-02-15,2023-02-18,02,戸田,一般,２４１６６４１,2023-01-27,2023-01-30,02,戸田,一般,５４４１２１２１,2022-07-12,2022-07-17,02,戸田,ＧⅡ,４　４３５　６１２４４,2021-03-16,2021-03-22,02,戸田,一般,１　１２１２２３３１１　[２],4762,藤原 啓史朗,2025-06-24,2025-06-29,02,戸田,ＳＧ,２　５　４３６　１３３,2025-02-18,2025-02-23,02,戸田,一般,１１３転４　１１４２[３],2024-10-22,2024-10-27,02,戸田,ＳＧ,４　３５４　４　６６６４,2024-03-15,2024-03-20,02,戸田,ＳＧ,４　２３４　　　２２２１,2020-01-12,2020-01-16,02,戸田,一般,１５１２１４５２[４],4708,半田 尚也,2025-06-07,2025-06-10,02,戸田,一般,２４４　２５４３,2024-12-13,2024-12-16,02,戸田,一般,５　５４５　３３,2019-07-10,2019-07-15,02,戸田,一般,６　４　２３４　１４３４,2018-09-28,2018-10-03,02,戸田,一般,４５５　３　３６２６６,2017-06-16,2017-06-19,02,戸田,一般,６　４５１５２５,4692,酒井 俊弘,2026-05-14,2026-05-19,02,戸田,一般,５６３　５４２　５　５１,2022-08-04,2022-08-08,02,戸田,一般,欠欠,2021-01-22,2021-01-25,02,戸田,一般,３　４４２２１５,2020-02-16,2020-02-21,02,戸田,一般,２　F３４　４　３　２,2018-04-22,2018-04-27,02,戸田,一般,３　５５４　４６４５５,5220,青木 蓮,2026-08-12,2026-08-17,02,戸田,一般,３１５　１１３　３　３１,2026-05-01,2026-05-06,02,戸田,一般,３　３２１　２３６　３３,2026-03-28,2026-04-02,02,戸田,一般,１１２　５３３４２５１１,2026-03-07,2026-03-12,02,戸田,一般,１３１　１１３１１１[６],2026-01-03,2026-01-08,02,戸田,一般,４３１２２１４　４　１３
202609130210,2026-09-13,02,10R,4706,三浦 洋次朗,2026-03-28,2026-04-02,02,戸田,一般,３１６　３１３３１２[６],2025-12-13,2025-12-16,02,戸田,一般,５６４６５　４４,2025-08-22,2025-08-25,02,戸田,一般,５　１５３５１３,2025-05-09,2025-05-12,02,戸田,一般,６　３５１５２２,2024-04-07,2024-04-12,02,戸田,一般,６　２３１　２１４６１１,4363,大野 芳顕,2026-04-05,2026-04-10,02,戸田,一般,２　２５２６４１２５２５,2025-08-06,2025-08-11,02,戸田,一般,４５３　３６１　２３５６,2025-04-19,2025-04-24,02,戸田,一般,４６３　６４２　５　４１,2024-12-01,2024-12-04,02,戸田,一般,３４１　３１[５],2023-11-26,2023-11-29,02,戸田,一般,５１４５６　４１,4163,山崎 裕司,2026-01-30,2026-02-02,02,戸田,一般,５　２６２５２２,2024-05-09,2024-05-14,02,戸田,一般,４５６　５１４６６　４,2017-07-08,2017-07-11,02,戸田,一般,３５２１F４,2017-03-16,2017-03-20,02,戸田,一般,６４３　４４４　４３,2016-01-30,2016-02-03,02,戸田,一般,３６３　２２３１４３,4846,佐藤 駿介,2026-02-25,2026-03-01,02,戸田,一般,６５５　５　６３２,2025-08-28,2025-08-31,02,戸田,一般,４　５２３６１５,2025-02-03,2025-02-06,02,戸田,一般,６　２１６６６,2024-05-09,2024-05-14,02,戸田,一般,１　２６２５６　２５１６,2024-01-31,2024-02-04,02,戸田,一般,４　３４５６６　１２,4295,小坂 尚哉,2026-02-25,2026-03-01,02,戸田,一般,４３２１２５１転１２,2025-12-27,2025-12-31,02,戸田,一般,１４１５２３３４２１,2025-05-30,2025-06-04,02,戸田,ＧⅢ,５５１４１　２２４３１２,2024-12-13,2024-12-16,02,戸田,一般,２６２１１２[２],2024-05-09,2024-05-14,02,戸田,一般,１４３１３　２１２２[３],5008,羽野 諒,2025-12-13,2025-12-16,02,戸田,一般,５４２　５３２,2025-03-30,2025-04-04,02,戸田,一般,３　６６４　１４５５２,2024-12-07,2024-12-10,02,戸田,一般,１　５５５５２４,2024-06-26,2024-07-01,02,戸田,一般,１３３　２３５妨,2024-03-01,2024-03-04,02,戸田,一般,６３５４４　４
202609130211,2026-09-13,02,11R,4539,金子 賢志,2025-07-12,2025-07-15,02,戸田,一般,F１５　６　６,2025-02-09,2025-02-15,02,戸田,ＧⅠ,４　２５５　５６４　６６,2023-08-05,2023-08-08,02,戸田,一般,５３５　５１１５,2023-05-11,2023-05-16,02,戸田,一般,６　F１６　３　４　３,2023-02-15,2023-02-18,02,戸田,一般,６６１１４　５１,5126,山下 大輝,2024-12-01,2024-12-04,02,戸田,一般,６　３１１５１２,,,,,,,,,,,,,,,,,,,,,,,,,3072,西田 靖,2026-04-14,2026-04-19,02,戸田,ＧⅢ,６　３　１６５６６　５３,2025-09-18,2025-09-21,02,戸田,一般,６１２　２５４３,2025-04-19,2025-04-24,02,戸田,一般,２　２５５　３５４　５４,2024-12-28,2024-12-31,02,戸田,一般,２２１２F　２,2024-03-01,2024-03-04,02,戸田,一般,１１３　２５３２,5313,鈴木 唯央,2026-03-07,2026-03-12,02,戸田,一般,３　３４５　５４２　４エ,2025-12-27,2025-12-31,02,戸田,一般,　　　　　　　　６４,2025-08-06,2025-08-11,02,戸田,一般,５　５４４　転４５　３４,2024-12-28,2024-12-31,02,戸田,一般,５　６３４　３転,2024-12-20,2024-12-25,02,戸田,一般,２　５５１　６５４　５３,4578,藤山 雅弘,2026-04-14,2026-04-19,02,戸田,ＧⅢ,３　５１２５２２１４６４,2025-11-22,2025-11-25,02,戸田,一般,５　１５３５,2024-08-22,2024-08-26,02,戸田,一般,６５３　１　２２２６,2024-06-08,2024-06-11,02,戸田,一般,３　１５６４３５,2023-09-21,2023-09-25,02,戸田,一般,４　３１３３１６２５,4388,是澤 孝宏,2026-01-30,2026-02-02,02,戸田,一般,２３１　４５２２,2024-01-25,2024-01-28,02,戸田,一般,２２１５４１６１,2023-12-02,2023-12-05,02,戸田,一般,１５１１２２４１,2023-06-04,2023-06-10,02,戸田,ＧⅠ,２　１２１　３６４　４６,2023-03-29,2023-04-03,02,戸田,一般,５３２４４　３２１５２３
202609130212,2026-09-13,02,12R,4370,山口 達也,2025-11-12,2025-11-17,02,戸田,ＧⅠ,４　４　３２４　１１２３,2025-07-12,2025-07-15,02,戸田,一般,１１１２５１[５],2023-02-15,2023-02-18,02,戸田,一般,１２３２２１[１],2022-08-04,2022-08-08,02,戸田,一般,４２５２３５,2019-10-31,2019-11-05,02,戸田,一般,１　６６２４２５１３[５],3711,江本 真治,2021-09-30,2021-10-05,02,戸田,ＧⅢ,３　１２３１１３３４４２,2020-05-15,2020-05-18,02,戸田,一般,５３１　３１２１,2020-01-30,2020-02-03,02,戸田,一般,１　３５２４３４３１,2019-01-25,2019-01-28,02,戸田,一般,３４４　１５４４,2018-06-29,2018-07-04,02,戸田,一般,４６２　３４５３２２２,3834,細川 明人,2026-05-28,2026-05-31,02,戸田,一般,２４２　６６６１,2024-07-07,2024-07-11,02,戸田,一般,５　１６５　３２５３,2019-06-27,2019-07-01,02,戸田,一般,６　４３１４３３５４,2017-12-08,2017-12-11,02,戸田,一般,２４１４４　６６,2017-06-16,2017-06-19,02,戸田,一般,５１２　３４１５,4973,栗原 直也,2026-03-28,2026-04-02,02,戸田,一般,２　５５５２４　４４５１,2026-01-11,2026-01-14,02,戸田,一般,３　６２４１４１,2025-08-22,2025-08-25,02,戸田,一般,５５１　１６４６,2025-06-07,2025-06-10,02,戸田,一般,１６２　４３２３,2024-11-01,2024-11-04,02,戸田,一般,６４６６１　１５,5038,金田 智博,2025-11-22,2025-11-25,02,戸田,一般,１２３　３３[５],2024-10-08,2024-10-13,02,戸田,一般,４２１　４５４　１３５１,2023-03-12,2023-03-15,02,戸田,一般,３　１５４３３５,2022-01-11,2022-01-16,02,戸田,一般,６　２１１　５１３転４１,2021-06-12,2021-06-17,02,戸田,ＧⅢ,３　６６２　３　４１４,4351,里岡 右貴,2026-02-25,2026-03-01,02,戸田,一般,６１１３５１２４[１],2025-12-19,2025-12-24,02,戸田,一般,１６４３３　４２１３１４,2025-07-12,2025-07-15,02,戸田,一般,１　１２３３[３],2025-02-03,2025-02-06,02,戸田,一般,３３５１１２[３],2024-02-18,2024-02-23,02,戸田,一般,３　５３２３４４３５４
202609130501,2026-09-13,05,01R,4035,杉江 浩明,2026-04-18,2026-04-23,05,多摩川,一般,５　６６６　６６６　４,2025-03-20,2025-03-24,05,多摩川,一般,３５５　６　２５１,2024-05-05,2024-05-09,05,多摩川,一般,６　６５５　１　５４,2024-01-03,2024-01-07,05,多摩川,一般,６　６６１６５６１１,2022-11-28,2022-12-03,05,多摩川,一般,２　５６３　１１３６２４,2538,高橋 二朗,2026-08-15,2026-08-20,05,多摩川,一般,４　４４５　５５３　６,2026-04-27,2026-05-02,05,多摩川,一般,２５５　３　３６４　４５,2026-03-11,2026-03-16,05,多摩川,一般,６　３４５　５３４　５５,2025-10-19,2025-10-23,05,多摩川,一般,２　２　５６４３５５,2025-04-09,2025-04-13,05,多摩川,一般,５　５　５６２６６５,3848,川上 聡介,2026-01-03,2026-01-07,05,多摩川,一般,２６５　１６５　３５,2025-04-18,2025-04-23,05,多摩川,一般,２６６２１４２　６４２４,2024-08-21,2024-08-26,05,多摩川,一般,５２１　２２２　３２[５],2024-01-03,2024-01-07,05,多摩川,一般,５５５F３　６　２,2023-03-23,2023-03-27,05,多摩川,一般,２１１　４４３６４６,3641,一瀬 明,2026-08-15,2026-08-20,05,多摩川,一般,４５３２１　１４６６５６,2026-07-05,2026-07-09,05,多摩川,一般,１３４１１３６３１２,2025-12-10,2025-12-14,05,多摩川,一般,１３２１４　１２[４],2025-08-10,2025-08-15,05,多摩川,一般,２　４５４３２２１５２５,2025-06-28,2025-07-03,05,多摩川,一般,１２１３２１１　４１[１],4146,柳橋 宏紀,2024-06-29,2024-07-03,05,多摩川,一般,６６４　３　３３４２,2021-01-19,2021-01-24,05,多摩川,一般,６　４５３　１５４１２,2015-01-28,2015-02-01,05,多摩川,一般,２　３３３２３４５１,2013-02-20,2013-02-24,05,多摩川,一般,５６６　１１２２１４,2012-04-12,2012-04-17,05,多摩川,一般,４４１　１２２１４４３３,3507,藤井 徹,2026-05-20,2026-05-25,05,多摩川,一般,６　６,2025-12-10,2025-12-14,05,多摩川,一般,４　１４２　３６４５,2023-03-23,2023-03-27,05,多摩川,一般,４　６５５　５　５,2022-06-28,2022-07-03,05,多摩川,一般,５４４３５　１　３６１,2019-11-22,2019-11-27,05,多摩川,一般,４　２４６　６３２　１６
202609130502,2026-09-13,05,02R,4645,上村 純一,2026-02-06,2026-02-11,05,多摩川,ＧⅠ,２４４　４５１　１６５,2025-08-20,2025-08-24,05,多摩川,一般,３３１　１４３３１１,2025-04-18,2025-04-23,05,多摩川,一般,２　３４２６１４１２[４],2024-09-18,2024-09-23,05,多摩川,一般,２　３３１１２２２１[４],2023-08-26,2023-08-30,05,多摩川,一般,３２６　５２６１４,4031,飯島 誠,2026-04-18,2026-04-23,05,多摩川,一般,６　５１６５６　４　３,2026-01-03,2026-01-07,05,多摩川,一般,５　１６３　６５３,2025-07-08,2025-07-13,05,多摩川,一般,３５６　１　４６５６４,2024-08-21,2024-08-26,05,多摩川,一般,４　４２４　３２４４１６,2024-06-19,2024-06-24,05,多摩川,ＧⅢ,３　５６５　４５２　４４,3934,鋤柄 貴俊,2025-01-19,2025-01-23,05,多摩川,一般,５　４４４　６２５５,2024-11-22,2024-11-27,05,多摩川,一般,５　４３５　５３５　２２,2023-09-13,2023-09-17,05,多摩川,一般,２５２　５６５　４,2023-04-23,2023-04-26,05,多摩川,一般,F５５　５　３,2023-03-23,2023-03-27,05,多摩川,一般,４３６　２３４　６２,4420,津久井 拓也,2026-01-25,2026-01-29,05,多摩川,一般,５２４　１６２　４３,2025-07-08,2025-07-13,05,多摩川,一般,１３５　４　５１３２[４],2024-10-17,2024-10-21,05,多摩川,一般,５１４６６　２　３３,2024-03-19,2024-03-24,05,多摩川,一般,５１６　６３５６４　３１,2023-02-06,2023-02-09,05,多摩川,一般,５５１４６　３４,4465,大西 賢,2025-08-10,2025-08-15,05,多摩川,一般,１　３５６　４５５　６,2025-04-26,2025-05-01,05,多摩川,一般,４　５５５　５６５　５４,2024-09-11,2024-09-15,05,多摩川,一般,５　２３６６４　３１,2024-06-29,2024-07-03,05,多摩川,一般,４４５　３４４　２１,2024-04-27,2024-05-02,05,多摩川,一般,５３３　５６６　４　４,5449,堀井 涼平,2026-05-20,2026-05-25,05,多摩川,一般,６　６６６　６６６　６６,,,,,,,,,,,,,,,,,,,,,,,,
202609130503,2026-09-13,05,03R,4376,藤田 靖弘,2026-05-06,2026-05-11,05,多摩川,一般,２　１４１２１２５１[３],2024-12-10,2024-12-14,05,多摩川,一般,１３３　１５４５５４,2024-01-10,2024-01-14,05,多摩川,一般,４１３５,2023-08-17,2023-08-20,05,多摩川,一般,６６２１６１２６,2022-01-31,2022-02-05,05,多摩川,一般,２４５３３１４　６６１２,4619,伏田 裕隆,2026-05-06,2026-05-11,05,多摩川,一般,妨,2026-03-11,2026-03-16,05,多摩川,一般,３　６５２２６　５６,2025-08-10,2025-08-15,05,多摩川,一般,３　４１１４２　２４２２,2024-04-27,2024-05-02,05,多摩川,一般,５　２３５　２４１５６３,2023-12-19,2023-12-23,05,多摩川,一般,５１３　６６エ　２６,4491,田中 堅,2026-01-03,2026-01-07,05,多摩川,一般,４　４６５　６４３,2025-07-16,2025-07-20,05,多摩川,一般,５２１　３３３５２４,2025-02-15,2025-02-19,05,多摩川,一般,２４５　４６１　３５,2024-07-26,2024-07-31,05,多摩川,一般,２２３　５５１３１６１６,2023-12-06,2023-12-10,05,多摩川,一般,３３２　５３１　１６,4210,松村 康太,2025-07-08,2025-07-13,05,多摩川,一般,５　４３５　５３４６１,2024-09-18,2024-09-23,05,多摩川,一般,４１５１２　３５３２[５],2023-09-20,2023-09-24,05,多摩川,一般,転,2023-02-26,2023-03-02,05,多摩川,一般,２　１３２６４６５４,2021-05-20,2021-05-25,05,多摩川,一般,１　５３４１２２３３２１,3519,冨田 秀幸,2026-01-03,2026-01-07,05,多摩川,一般,３　６５５　５６４,2024-12-10,2024-12-14,05,多摩川,一般,転　２５３　５６２,2024-07-26,2024-07-31,05,多摩川,一般,４　１６４　６３４３４６,2024-05-12,2024-05-16,05,多摩川,一般,５　２２５３４　５２,2024-01-10,2024-01-14,05,多摩川,一般,５　４２３　６４F２,3647,伊藤 雄二,2026-06-28,2026-07-02,05,多摩川,一般,６　４　４４６６５,2025-05-17,2025-05-21,05,多摩川,一般,６　４５６１５　２,2025-02-15,2025-02-19,05,多摩川,一般,５　６４４　３５５１,2024-01-03,2024-01-07,05,多摩川,一般,４　１３４５２６３６,2023-08-08,2023-08-13,05,多摩川,一般,５　４２４　４６３　５５
202609130504,2026-09-13,05,04R,5262,鈴木 章司,2025-01-19,2025-01-23,05,多摩川,一般,２３５　５３４　３５,2024-09-02,2024-09-08,05,多摩川,一般,４４４　５４６　６　６３,2024-01-30,2024-02-03,05,多摩川,一般,５　５４６　４４３２,2023-11-07,2023-11-12,05,多摩川,一般,４　２６３　６５２　５５,2023-07-21,2023-07-26,05,多摩川,一般,６　６６５　６５５　転,4281,大澤 大夢,2026-07-05,2026-07-09,05,多摩川,一般,４４１３４　４　５２,2026-03-11,2026-03-16,05,多摩川,一般,６５５　４　５６６　５,2025-08-10,2025-08-15,05,多摩川,一般,１３５　４　３３１３１５,2025-01-03,2025-01-07,05,多摩川,一般,５　２６４６３　３３,2024-09-02,2024-09-08,05,多摩川,一般,５４６　２６４　２　２５,4430,永田 秀二,2026-03-11,2026-03-16,05,多摩川,一般,３　３６４６４２２　１,2025-11-09,2025-11-14,05,多摩川,一般,６５３１４　４６２　３２,2025-08-10,2025-08-15,05,多摩川,一般,５１４　４２５１２３３１,2024-09-28,2024-10-01,05,多摩川,一般,３５３２３２４２,2024-08-11,2024-08-16,05,多摩川,一般,１　３５２５１３５４５５,3489,大場 敏,2026-03-28,2026-03-31,05,多摩川,一般,４２４４４　３５,2025-12-10,2025-12-14,05,多摩川,一般,４１３　６３１４３３,2025-05-25,2025-05-29,05,多摩川,一般,２３３　２４４４３１,2024-12-10,2024-12-14,05,多摩川,一般,５４２１４　１　２５,2024-08-21,2024-08-26,05,多摩川,一般,５　５４２　４４３　４１,3772,一柳 和孝,2026-06-17,2026-06-22,05,多摩川,一般,６　４４２６５　２　５４,2025-09-20,2025-09-25,05,多摩川,一般,２３２　４５２　４３３１,2025-03-27,2025-03-31,05,多摩川,一般,４３１５４　４　２６,2024-03-19,2024-03-24,05,多摩川,一般,２　５３１４４１５２[４],2024-01-03,2024-01-07,05,多摩川,一般,５２３　１６３５４４,3792,田中 豪,2026-08-15,2026-08-20,05,多摩川,一般,５１３３２３２　１３３１,2026-04-27,2026-05-02,05,多摩川,一般,４３２１３３３　１６１５,2026-01-03,2026-01-07,05,多摩川,一般,６３３２６　１,2025-11-19,2025-11-24,05,多摩川,ＧⅢ,４　１２２１６２１５１３,2025-07-25,2025-07-29,05,多摩川,一般,３３５２３３６６１４
202609130505,2026-09-13,05,05R,5103,芝田 京介,2025-05-17,2025-05-21,05,多摩川,一般,６　５６５　６　３５,2025-01-10,2025-01-15,05,多摩川,一般,３３F　欠,2024-09-28,2024-10-01,05,多摩川,一般,６　６欠,2024-02-15,2024-02-19,05,多摩川,一般,６　６　３５１５６６,2023-08-17,2023-08-20,05,多摩川,一般,F　６　６５６,4656,大崎 翔,2026-02-22,2026-02-27,05,多摩川,一般,２２４　４４１　２５２３,2025-09-20,2025-09-25,05,多摩川,一般,３４１　５５５　３２１５,2025-03-20,2025-03-24,05,多摩川,一般,３　５６６　２　４４,2024-06-29,2024-07-03,05,多摩川,一般,６３５　１　１３４２,2023-06-24,2023-06-28,05,多摩川,一般,４　６４６　１　５４,4565,西村 豪洋,2026-06-07,2026-06-11,05,多摩川,一般,６３１　３５３　１４,2024-03-19,2024-03-24,05,多摩川,一般,６　３２３　６１４１１１,2023-01-03,2023-01-07,05,多摩川,一般,４　３６２F３　６,2022-11-28,2022-12-03,05,多摩川,一般,１６６　１６１　６３６２,2022-01-09,2022-01-12,05,多摩川,一般,３　２３６４３落,3977,山本 兼士,2026-05-20,2026-05-25,05,多摩川,一般,５４３　３　３６５６４,2025-12-26,2025-12-31,05,多摩川,一般,２　２３４５３　１１２５,2025-04-09,2025-04-13,05,多摩川,一般,４５４　２　４５３３,2024-06-19,2024-06-24,05,多摩川,ＧⅢ,６２４　６５４　６　２１,2023-09-20,2023-09-24,05,多摩川,一般,５３１　１４４４２４,5433,米本 圭佑,2026-06-07,2026-06-11,05,多摩川,一般,６　５　６６５　転５,2026-04-27,2026-05-02,05,多摩川,一般,６　６６６６６　６　６,2025-11-09,2025-11-14,05,多摩川,一般,６　６６６６５　６　５６,,,,,,,,,,,,,4470,平田 健之佑,2025-11-09,2025-11-14,05,多摩川,一般,２１１１４　２３２１[３],2025-04-18,2025-04-23,05,多摩川,一般,２２１　５２１１５１[２],2024-12-17,2024-12-21,05,多摩川,一般,５４３　５１６　６欠,2024-09-28,2024-10-01,05,多摩川,一般,２２３　１１[５],2024-07-26,2024-07-31,05,多摩川,一般,３１１　２３１５１５１５
202609130506,2026-09-13,05,06R,3713,伊藤 誠二,2026-04-18,2026-04-23,05,多摩川,一般,２５１　５４３２１４３５,2025-07-08,2025-07-13,05,多摩川,一般,３５４　１２４　１４２５,2025-03-08,2025-03-12,05,多摩川,一般,２転,2024-09-18,2024-09-23,05,多摩川,一般,３５３５４　６２２　３１,2024-01-30,2024-02-03,05,多摩川,一般,１　３４,3813,佐藤 大介,2026-03-28,2026-03-31,05,多摩川,一般,２１２３２３[６],2025-03-08,2025-03-12,05,多摩川,一般,２５２５１１３２[５],2024-10-17,2024-10-21,05,多摩川,一般,２３４　３１１　３１,2024-04-20,2024-04-24,05,多摩川,一般,５６４２１２１５５２,2021-08-26,2021-08-31,05,多摩川,一般,４６４２４　４３,3990,芹澤 克彦,2025-09-09,2025-09-13,05,多摩川,一般,６５５　４６４　１,2024-09-02,2024-09-08,05,多摩川,一般,５　４４６　５６４　５１,2023-02-26,2023-03-02,05,多摩川,一般,６５１　１３１３５２,2022-03-19,2022-03-24,05,多摩川,一般,１２３６２　　　６６１５,2021-09-11,2021-09-15,05,多摩川,一般,６５５　２６６　２４,2538,高橋 二朗,2026-08-15,2026-08-20,05,多摩川,一般,４　４４５　５５３　６,2026-04-27,2026-05-02,05,多摩川,一般,２５５　３　３６４　４５,2026-03-11,2026-03-16,05,多摩川,一般,６　３４５　５３４　５５,2025-10-19,2025-10-23,05,多摩川,一般,２　２　５６４３５５,2025-04-09,2025-04-13,05,多摩川,一般,５　５　５６２６６５,4031,飯島 誠,2026-04-18,2026-04-23,05,多摩川,一般,６　５１６５６　４　３,2026-01-03,2026-01-07,05,多摩川,一般,５　１６３　６５３,2025-07-08,2025-07-13,05,多摩川,一般,３５６　１　４６５６４,2024-08-21,2024-08-26,05,多摩川,一般,４　４２４　３２４４１６,2024-06-19,2024-06-24,05,多摩川,ＧⅢ,３　５６５　４５２　４４,3740,大澤 普司,2026-06-07,2026-06-11,05,多摩川,一般,４５１１３３４３６１,2026-02-06,2026-02-11,05,多摩川,ＧⅠ,３６２　５　１６３　４６,2025-04-18,2025-04-23,05,多摩川,一般,６６３６,2022-09-11,2022-09-15,05,多摩川,一般,２５４４１３５　１４,2022-04-09,2022-04-14,05,多摩川,一般,１３６　３１３２４２[２]
202609130507,2026-09-13,05,07R,3463,乙津 康志,2026-06-17,2026-06-22,05,多摩川,一般,４　１５５３６　４　６５,2026-02-22,2026-02-27,05,多摩川,一般,１３４　１１４　２４３２,2025-11-19,2025-11-24,05,多摩川,ＧⅢ,４　３５５３５　６　３,2025-03-27,2025-03-31,05,多摩川,一般,１５２３３　２５４３,2024-07-09,2024-07-14,05,多摩川,一般,４　５４２　６４４　６４,4146,柳橋 宏紀,2024-06-29,2024-07-03,05,多摩川,一般,６６４　３　３３４２,2021-01-19,2021-01-24,05,多摩川,一般,６　４５３　１５４１２,2015-01-28,2015-02-01,05,多摩川,一般,２　３３３２３４５１,2013-02-20,2013-02-24,05,多摩川,一般,５６６　１１２２１４,2012-04-12,2012-04-17,05,多摩川,一般,４４１　１２２１４４３３,3647,伊藤 雄二,2026-06-28,2026-07-02,05,多摩川,一般,６　４　４４６６５,2025-05-17,2025-05-21,05,多摩川,一般,６　４５６１５　２,2025-02-15,2025-02-19,05,多摩川,一般,５　６４４　３５５１,2024-01-03,2024-01-07,05,多摩川,一般,４　１３４５２６３６,2023-08-08,2023-08-13,05,多摩川,一般,５　４２４　４６３　５５,3848,川上 聡介,2026-01-03,2026-01-07,05,多摩川,一般,２６５　１６５　３５,2025-04-18,2025-04-23,05,多摩川,一般,２６６２１４２　６４２４,2024-08-21,2024-08-26,05,多摩川,一般,５２１　２２２　３２[５],2024-01-03,2024-01-07,05,多摩川,一般,５５５F３　６　２,2023-03-23,2023-03-27,05,多摩川,一般,２１１　４４３６４６,5042,畑田 汰一,2026-02-06,2026-02-11,05,多摩川,ＧⅠ,４　落　６１６６３　３６,2025-06-14,2025-06-19,05,多摩川,ＧⅢ,６１５　５５３　３５４,2025-04-18,2025-04-23,05,多摩川,一般,５４３２１　１３３２[５],2022-09-20,2022-09-25,05,多摩川,ＧⅠ,１　３６２　２　３　４１,2021-12-28,2021-12-31,05,多摩川,一般,３４２１１１[２],5449,堀井 涼平,2026-05-20,2026-05-25,05,多摩川,一般,６　６６６　６６６　６６,,,,,,,,,,,,,,,,,,,,,,,,
202609130508,2026-09-13,05,08R,3772,一柳 和孝,2026-06-17,2026-06-22,05,多摩川,一般,６　４４２６５　２　５４,2025-09-20,2025-09-25,05,多摩川,一般,２３２　４５２　４３３１,2025-03-27,2025-03-31,05,多摩川,一般,４３１５４　４　２６,2024-03-19,2024-03-24,05,多摩川,一般,２　５３１４４１５２[４],2024-01-03,2024-01-07,05,多摩川,一般,５２３　１６３５４４,4465,大西 賢,2025-08-10,2025-08-15,05,多摩川,一般,１　３５６　４５５　６,2025-04-26,2025-05-01,05,多摩川,一般,４　５５５　５６５　５４,2024-09-11,2024-09-15,05,多摩川,一般,５　２３６６４　３１,2024-06-29,2024-07-03,05,多摩川,一般,４４５　３４４　２１,2024-04-27,2024-05-02,05,多摩川,一般,５３３　５６６　４　４,3519,冨田 秀幸,2026-01-03,2026-01-07,05,多摩川,一般,３　６５５　５６４,2024-12-10,2024-12-14,05,多摩川,一般,転　２５３　５６２,2024-07-26,2024-07-31,05,多摩川,一般,４　１６４　６３４３４６,2024-05-12,2024-05-16,05,多摩川,一般,５　２２５３４　５２,2024-01-10,2024-01-14,05,多摩川,一般,５　４２３　６４F２,4035,杉江 浩明,2026-04-18,2026-04-23,05,多摩川,一般,５　６６６　６６６　４,2025-03-20,2025-03-24,05,多摩川,一般,３５５　６　２５１,2024-05-05,2024-05-09,05,多摩川,一般,６　６５５　１　５４,2024-01-03,2024-01-07,05,多摩川,一般,６　６６１６５６１１,2022-11-28,2022-12-03,05,多摩川,一般,２　５６３　１１３６２４,4281,大澤 大夢,2026-07-05,2026-07-09,05,多摩川,一般,４４１３４　４　５２,2026-03-11,2026-03-16,05,多摩川,一般,６５５　４　５６６　５,2025-08-10,2025-08-15,05,多摩川,一般,１３５　４　３３１３１５,2025-01-03,2025-01-07,05,多摩川,一般,５　２６４６３　３３,2024-09-02,2024-09-08,05,多摩川,一般,５４６　２６４　２　２５,3965,北中 元樹,2026-03-28,2026-03-31,05,多摩川,一般,２　２６２１５２,2025-09-20,2025-09-25,05,多摩川,一般,１　３１１　４５２２[４],2025-06-28,2025-07-03,05,多摩川,一般,３４５　３６３５２　２１,2021-12-28,2021-12-31,05,多摩川,一般,３５２３１３１３,2019-06-03,2019-06-07,05,多摩川,一般,５５２　３２５　４２
202609130509,2026-09-13,05,09R,4470,平田 健之佑,2025-11-09,2025-11-14,05,多摩川,一般,２１１１４　２３２１[３],2025-04-18,2025-04-23,05,多摩川,一般,２２１　５２１１５１[２],2024-12-17,2024-12-21,05,多摩川,一般,５４３　５１６　６欠,2024-09-28,2024-10-01,05,多摩川,一般,２２３　１１[５],2024-07-26,2024-07-31,05,多摩川,一般,３１１　２３１５１５１５,4430,永田 秀二,2026-03-11,2026-03-16,05,多摩川,一般,３　３６４６４２２　１,2025-11-09,2025-11-14,05,多摩川,一般,６５３１４　４６２　３２,2025-08-10,2025-08-15,05,多摩川,一般,５１４　４２５１２３３１,2024-09-28,2024-10-01,05,多摩川,一般,３５３２３２４２,2024-08-11,2024-08-16,05,多摩川,一般,１　３５２５１３５４５５,4420,津久井 拓也,2026-01-25,2026-01-29,05,多摩川,一般,５２４　１６２　４３,2025-07-08,2025-07-13,05,多摩川,一般,１３５　４　５１３２[４],2024-10-17,2024-10-21,05,多摩川,一般,５１４６６　２　３３,2024-03-19,2024-03-24,05,多摩川,一般,５１６　６３５６４　３１,2023-02-06,2023-02-09,05,多摩川,一般,５５１４６　３４,4565,西村 豪洋,2026-06-07,2026-06-11,05,多摩川,一般,６３１　３５３　１４,2024-03-19,2024-03-24,05,多摩川,一般,６　３２３　６１４１１１,2023-01-03,2023-01-07,05,多摩川,一般,４　３６２F３　６,2022-11-28,2022-12-03,05,多摩川,一般,１６６　１６１　６３６２,2022-01-09,2022-01-12,05,多摩川,一般,３　２３６４３落,4491,田中 堅,2026-01-03,2026-01-07,05,多摩川,一般,４　４６５　６４３,2025-07-16,2025-07-20,05,多摩川,一般,５２１　３３３５２４,2025-02-15,2025-02-19,05,多摩川,一般,２４５　４６１　３５,2024-07-26,2024-07-31,05,多摩川,一般,２２３　５５１３１６１６,2023-12-06,2023-12-10,05,多摩川,一般,３３２　５３１　１６,5262,鈴木 章司,2025-01-19,2025-01-23,05,多摩川,一般,２３５　５３４　３５,2024-09-02,2024-09-08,05,多摩川,一般,４４４　５４６　６　６３,2024-01-30,2024-02-03,05,多摩川,一般,５　５４６　４４３２,2023-11-07,2023-11-12,05,多摩川,一般,４　２６３　６５２　５５,2023-07-21,2023-07-26,05,多摩川,一般,６　６６５　６５５　転
202609130510,2026-09-13,05,10R,3740,大澤 普司,2026-06-07,2026-06-11,05,多摩川,一般,４５１１３３４３６１,2026-02-06,2026-02-11,05,多摩川,ＧⅠ,３６２　５　１６３　４６,2025-04-18,2025-04-23,05,多摩川,一般,６６３６,2022-09-11,2022-09-15,05,多摩川,一般,２５４４１３５　１４,2022-04-09,2022-04-14,05,多摩川,一般,１３６　３１３２４２[２],3641,一瀬 明,2026-08-15,2026-08-20,05,多摩川,一般,４５３２１　１４６６５６,2026-07-05,2026-07-09,05,多摩川,一般,１３４１１３６３１２,2025-12-10,2025-12-14,05,多摩川,一般,１３２１４　１２[４],2025-08-10,2025-08-15,05,多摩川,一般,２　４５４３２２１５２５,2025-06-28,2025-07-03,05,多摩川,一般,１２１３２１１　４１[１],3489,大場 敏,2026-03-28,2026-03-31,05,多摩川,一般,４２４４４　３５,2025-12-10,2025-12-14,05,多摩川,一般,４１３　６３１４３３,2025-05-25,2025-05-29,05,多摩川,一般,２３３　２４４４３１,2024-12-10,2024-12-14,05,多摩川,一般,５４２１４　１　２５,2024-08-21,2024-08-26,05,多摩川,一般,５　５４２　４４３　４１,4619,伏田 裕隆,2026-05-06,2026-05-11,05,多摩川,一般,妨,2026-03-11,2026-03-16,05,多摩川,一般,３　６５２２６　５６,2025-08-10,2025-08-15,05,多摩川,一般,３　４１１４２　２４２２,2024-04-27,2024-05-02,05,多摩川,一般,５　２３５　２４１５６３,2023-12-19,2023-12-23,05,多摩川,一般,５１３　６６エ　２６,4656,大崎 翔,2026-02-22,2026-02-27,05,多摩川,一般,２２４　４４１　２５２３,2025-09-20,2025-09-25,05,多摩川,一般,３４１　５５５　３２１５,2025-03-20,2025-03-24,05,多摩川,一般,３　５６６　２　４４,2024-06-29,2024-07-03,05,多摩川,一般,６３５　１　１３４２,2023-06-24,2023-06-28,05,多摩川,一般,４　６４６　１　５４,4376,藤田 靖弘,2026-05-06,2026-05-11,05,多摩川,一般,２　１４１２１２５１[３],2024-12-10,2024-12-14,05,多摩川,一般,１３３　１５４５５４,2024-01-10,2024-01-14,05,多摩川,一般,４１３５,2023-08-17,2023-08-20,05,多摩川,一般,６６２１６１２６,2022-01-31,2022-02-05,05,多摩川,一般,２４５３３１４　６６１２
202609130511,2026-09-13,05,11R,3792,田中 豪,2026-08-15,2026-08-20,05,多摩川,一般,５１３３２３２　１３３１,2026-04-27,2026-05-02,05,多摩川,一般,４３２１３３３　１６１５,2026-01-03,2026-01-07,05,多摩川,一般,６３３２６　１,2025-11-19,2025-11-24,05,多摩川,ＧⅢ,４　１２２１６２１５１３,2025-07-25,2025-07-29,05,多摩川,一般,３３５２３３６６１４,5042,畑田 汰一,2026-02-06,2026-02-11,05,多摩川,ＧⅠ,４　落　６１６６３　３６,2025-06-14,2025-06-19,05,多摩川,ＧⅢ,６１５　５５３　３５４,2025-04-18,2025-04-23,05,多摩川,一般,５４３２１　１３３２[５],2022-09-20,2022-09-25,05,多摩川,ＧⅠ,１　３６２　２　３　４１,2021-12-28,2021-12-31,05,多摩川,一般,３４２１１１[２],4210,松村 康太,2025-07-08,2025-07-13,05,多摩川,一般,５　４３５　５３４６１,2024-09-18,2024-09-23,05,多摩川,一般,４１５１２　３５３２[５],2023-09-20,2023-09-24,05,多摩川,一般,転,2023-02-26,2023-03-02,05,多摩川,一般,２　１３２６４６５４,2021-05-20,2021-05-25,05,多摩川,一般,１　５３４１２２３３２１,3934,鋤柄 貴俊,2025-01-19,2025-01-23,05,多摩川,一般,５　４４４　６２５５,2024-11-22,2024-11-27,05,多摩川,一般,５　４３５　５３５　２２,2023-09-13,2023-09-17,05,多摩川,一般,２５２　５６５　４,2023-04-23,2023-04-26,05,多摩川,一般,F５５　５　３,2023-03-23,2023-03-27,05,多摩川,一般,４３６　２３４　６２,3813,佐藤 大介,2026-03-28,2026-03-31,05,多摩川,一般,２１２３２３[６],2025-03-08,2025-03-12,05,多摩川,一般,２５２５１１３２[５],2024-10-17,2024-10-21,05,多摩川,一般,２３４　３１１　３１,2024-04-20,2024-04-24,05,多摩川,一般,５６４２１２１５５２,2021-08-26,2021-08-31,05,多摩川,一般,４６４２４　４３,4645,上村 純一,2026-02-06,2026-02-11,05,多摩川,ＧⅠ,２４４　４５１　１６５,2025-08-20,2025-08-24,05,多摩川,一般,３３１　１４３３１１,2025-04-18,2025-04-23,05,多摩川,一般,２　３４２６１４１２[４],2024-09-18,2024-09-23,05,多摩川,一般,２　３３１１２２２１[４],2023-08-26,2023-08-30,05,多摩川,一般,３２６　５２６１４
202609130512,2026-09-13,05,12R,4140,梶野 学志,2026-02-22,2026-02-27,05,多摩川,一般,２５２１２５１　６４６２,2026-01-03,2026-01-07,05,多摩川,一般,１６５２４５２　１６,2025-08-20,2025-08-24,05,多摩川,一般,３４欠３３２３４１,2025-07-08,2025-07-13,05,多摩川,一般,６４１１３　１６２５２３,2025-04-26,2025-05-01,05,多摩川,一般,６欠,3997,北村 征嗣,2025-11-09,2025-11-14,05,多摩川,一般,２　４４１３３１３３４５,2024-12-17,2024-12-21,05,多摩川,一般,３２３３４３１４２４,2022-02-26,2022-03-03,05,多摩川,一般,４１１５１　１F３　５,2021-08-26,2021-08-31,05,多摩川,一般,２４２２１　２１４１[３],2019-10-01,2019-10-05,05,多摩川,一般,３２２２１１３３[６],4587,木田 峰由季,2025-09-20,2025-09-25,05,多摩川,一般,５　３１２　２３３４１１,2025-04-18,2025-04-23,05,多摩川,一般,３３３　４F３６５　２,2024-12-17,2024-12-21,05,多摩川,一般,４５５　５２３　１４,2023-05-28,2023-06-02,05,多摩川,一般,４３６　５４１　１５３,2021-04-05,2021-04-10,05,多摩川,一般,６　転４１５１５４　４３,4227,安達 裕樹,2026-03-11,2026-03-16,05,多摩川,一般,４３５１３５３　１　３１,2025-09-29,2025-10-04,05,多摩川,ＧⅠ,２　５５５１５　５６６,2025-01-19,2025-01-23,05,多摩川,一般,５１３　３２３３５５,2024-10-17,2024-10-21,05,多摩川,一般,２５２３１１１５５３,2024-05-12,2024-05-16,05,多摩川,一般,４５５５２３５　３,3582,吉川 昭男,2025-09-20,2025-09-25,05,多摩川,一般,５３２　３６１２１６２６,2025-02-23,2025-02-27,05,多摩川,一般,６５１１２５１６１５,2024-11-22,2024-11-27,05,多摩川,一般,２　１２３４１２３２[２],2024-06-29,2024-07-03,05,多摩川,一般,１　３２１１２１[５],2023-06-05,2023-06-10,05,多摩川,ＧⅢ,５１１　１１６１１１[４],3947,寺本 昇平,2026-04-18,2026-04-23,05,多摩川,一般,５　４４３５４　４　１３,2025-09-20,2025-09-25,05,多摩川,一般,３　４４３　２２３３３６,2025-04-09,2025-04-13,05,多摩川,一般,５６４　５６６　３６,2024-09-11,2024-09-15,05,多摩川,一般,１　４６５４１　４４,2023-07-02,2023-07-07,05,多摩川,一般,２４４　５　４４４　３４
202609130601,2026-09-13,06,01R,3286,坂東 満,2026-03-29,2026-04-03,06,浜名湖,一般,２　４３１　４６１　２４,2026-01-08,2026-01-12,06,浜名湖,一般,６　５６２４５　３３,2025-06-28,2025-07-03,06,浜名湖,一般,１　２５３３６３６　１１,2025-03-04,2025-03-09,06,浜名湖,一般,６　欠欠,2024-12-07,2024-12-10,06,浜名湖,一般,３　１２４６１３,3906,飯山 晃三,2025-08-23,2025-08-26,06,浜名湖,一般,１５１５５　６６,2024-08-30,2024-09-04,06,浜名湖,一般,６５１　４６２　６６６,2023-12-22,2023-12-25,06,浜名湖,一般,５３２　４５６６,2020-04-17,2020-04-21,06,浜名湖,一般,３　４４１５１５,2019-11-30,2019-12-04,06,浜名湖,一般,２１４４１　２６２５,3939,渡辺 真至,2026-07-24,2026-07-27,06,浜名湖,一般,２４３　１２３１,2024-10-23,2024-10-27,06,浜名湖,一般,３１５３４　２６３２,2024-07-26,2024-07-29,06,浜名湖,一般,４５１　５５５３,2024-05-03,2024-05-07,06,浜名湖,一般,２２３　２２３４２３,2023-08-04,2023-08-08,06,浜名湖,一般,１２１４１　４１[１],3777,樋口 亮,2026-02-19,2026-02-24,06,浜名湖,一般,１１１　４５１２２４１３,2025-08-23,2025-08-26,06,浜名湖,一般,１６１２５　４３,2024-10-12,2024-10-17,06,浜名湖,一般,２２３２１　１２３２[３],2024-07-26,2024-07-29,06,浜名湖,一般,３４２１１　[５],2023-12-22,2023-12-25,06,浜名湖,一般,４　６５５３４,4811,向井田 佑紀,2026-06-30,2026-07-05,06,浜名湖,一般,５５３　６６５　２　３３,2025-09-11,2025-09-16,06,浜名湖,一般,１　４３３５４　３６３３,2025-06-28,2025-07-03,06,浜名湖,一般,４　１５２６３５４　４１,2024-12-14,2024-12-17,06,浜名湖,一般,６４２　３６３,2024-04-16,2024-04-20,06,浜名湖,一般,３１４６４　５１６２,5463,,,,,,,,,,,,,,,,,,,,,,,,,,,,,,,
202609130602,2026-09-13,06,02R,4684,楠原 翔太,2025-01-16,2025-01-21,06,浜名湖,一般,４３５　４２４　２１４６,2024-09-18,2024-09-23,06,浜名湖,ＧⅢ,６６４　６６６　６　４,2023-07-15,2023-07-20,06,浜名湖,一般,６３５５１　２４６　１１,2022-09-24,2022-09-27,06,浜名湖,一般,３４４　５２１２,2022-01-27,2022-01-31,06,浜名湖,一般,６４５　３５１　１４,4269,杉山 裕也,2023-02-11,2023-02-16,06,浜名湖,ＧⅠ,４　５　３１５　２２３６,2022-01-18,2022-01-23,06,浜名湖,一般,F５６　４　６　５２,2021-12-11,2021-12-15,06,浜名湖,一般,２６５　６６,2021-01-09,2021-01-13,06,浜名湖,一般,１３１１２１４１[３],2020-09-26,2020-09-29,06,浜名湖,一般,１１１１２３[１],3627,井上 恵一,2025-12-19,2025-12-24,06,浜名湖,一般,２３１　５４２１３２[６],2025-03-29,2025-04-03,06,浜名湖,一般,１　１１５３３　２４２３,2024-12-07,2024-12-10,06,浜名湖,一般,２　６１６２５５,2024-02-24,2024-02-29,06,浜名湖,一般,１５５　４　　　３５３５,2023-03-02,2023-03-07,06,浜名湖,一般,１　４６４６１６１　５５,5091,為本 智也,2026-05-16,2026-05-19,06,浜名湖,一般,２　２２１３[３],2025-04-15,2025-04-20,06,浜名湖,一般,５　１２６５５　１３３４,2023-05-18,2023-05-22,06,浜名湖,一般,６６１　６１３　４５,2023-03-21,2023-03-25,06,浜名湖,一般,１４４　１５４６２６,2021-03-28,2021-04-03,06,浜名湖,一般,５６４　１　５６６　１４４,5369,,,,,,,,,,,,,,,,,,,,,,,,,,,,,,,,4358,松本 庸平,2025-10-17,2025-10-21,06,浜名湖,一般,５５３　６　３３１,2024-12-14,2024-12-17,06,浜名湖,一般,３６６１４　５６,2024-06-29,2024-07-04,06,浜名湖,一般,６　２６３　５６６　１６,2024-02-07,2024-02-12,06,浜名湖,一般,１５３３４　２F５　３,2023-09-30,2023-10-03,06,浜名湖,一般,３４５　６　３６
202609130603,2026-09-13,06,03R,4899,占部 一真,2026-02-10,2026-02-15,06,浜名湖,一般,５　２６２　６５４　２３,2025-08-23,2025-08-26,06,浜名湖,一般,５　２４１４２４,2022-01-27,2022-01-31,06,浜名湖,一般,５５４　４　３５４６,2021-01-09,2021-01-13,06,浜名湖,一般,５　４４３　１６６欠,,,,,,,4345,西舘 健,2025-10-08,2025-10-13,06,浜名湖,一般,１　３６４６２　３６２５,2024-09-18,2024-09-23,06,浜名湖,ＧⅢ,　　　　　　　　５４１,2023-12-22,2023-12-25,06,浜名湖,一般,エ欠,2023-07-08,2023-07-11,06,浜名湖,一般,３５１　６３４４,2023-03-11,2023-03-14,06,浜名湖,一般,１　５５３６５４,4431,石塚 裕介,2025-07-17,2025-07-22,06,浜名湖,一般,２３６　６　４５３　４４,2024-02-07,2024-02-12,06,浜名湖,一般,１２２１３　２２１１[６],2023-12-06,2023-12-11,06,浜名湖,一般,３２３　４３５４２４２,2023-02-01,2023-02-06,06,浜名湖,一般,４３２１５　１２２２[２],2022-11-17,2022-11-20,06,浜名湖,一般,４５２６５　１５,3516,吉原 聖人,2025-03-04,2025-03-09,06,浜名湖,一般,２５４欠,2024-12-07,2024-12-10,06,浜名湖,一般,５　２３５５３,2022-03-09,2022-03-14,06,浜名湖,一般,６４５　４１４　６４２４,2021-09-10,2021-09-14,06,浜名湖,一般,６　２４６３６　４５,2018-06-22,2018-06-27,06,浜名湖,ＧⅢ,２　３２１３２２５１[２],3721,守田 俊介,2026-05-26,2026-05-31,06,浜名湖,ＳＧ,５　２２４　５　４１４,2025-11-03,2025-11-08,06,浜名湖,ＧⅠ,１６２　５　２５,2023-04-06,2023-04-11,06,浜名湖,一般,１２３１２２２２６４１１,2022-11-28,2022-12-03,06,浜名湖,ＧⅢ,５２２１１６１６５２[４],2022-11-04,2022-11-09,06,浜名湖,ＧⅠ,３１３　２　４３６　１３,4336,松田 竜馬,2025-12-19,2025-12-24,06,浜名湖,一般,２５３　５３２　１５４４,2025-09-20,2025-09-25,06,浜名湖,一般,１４２　３５５３１５２３,2025-01-30,2025-02-04,06,浜名湖,一般,４５５　５４１　３　６１,2024-03-29,2024-04-03,06,浜名湖,一般,６２５,2023-06-04,2023-06-10,06,浜名湖,一般,３　２２２４１５１２[６]
202609130604,2026-09-13,06,04R,4798,浜先 真範,2026-02-10,2026-02-15,06,浜名湖,一般,１２４４３１転５２　３,2025-10-25,2025-10-30,06,浜名湖,一般,１　２４２６２４２３３１,2022-01-08,2022-01-13,06,浜名湖,一般,３２２　２１１３４　[１],2020-01-17,2020-01-21,06,浜名湖,一般,３　６２１３F３６,2019-01-17,2019-01-20,06,浜名湖,一般,４３３４１　３４,4639,雑賀 勇貴,2025-11-26,2025-12-01,06,浜名湖,一般,３６２　４２５　４２２２,2024-12-14,2024-12-17,06,浜名湖,一般,５３４５６　５,2024-03-20,2024-03-25,06,浜名湖,一般,６　１　５６５５転　４,2024-01-06,2024-01-11,06,浜名湖,一般,３６２　３６３　２６５６,2021-06-10,2021-06-14,06,浜名湖,一般,５　６３６４３　１３,4666,日笠 勝弘,2025-03-13,2025-03-16,06,浜名湖,一般,２４２５５　４３,2025-01-08,2025-01-13,06,浜名湖,一般,１　２４３４６５１　３６,2024-03-20,2024-03-25,06,浜名湖,一般,４　５６６　２２５　２４,2023-04-15,2023-04-20,06,浜名湖,一般,４　２６４６F　６　６,2021-03-28,2021-04-03,06,浜名湖,一般,６２６　６　６６欠,3796,長野 道臣,2026-08-11,2026-08-16,06,浜名湖,一般,４　４５６　６５５　１３,2026-05-03,2026-05-08,06,浜名湖,一般,５５４　２５５　５　４４,2026-01-15,2026-01-20,06,浜名湖,一般,１　２５２４３　１６２２,2025-08-15,2025-08-20,06,浜名湖,一般,４４４　３　３３４　１１,2025-06-28,2025-07-03,06,浜名湖,一般,　　　　　　　　　　４５,3392,小森 信雄,2025-08-30,2025-09-03,06,浜名湖,一般,２４１　５３４５２２,2024-05-03,2024-05-07,06,浜名湖,一般,１６３６５　３６５,2024-02-07,2024-02-12,06,浜名湖,一般,３　５４２　６５５　２４,2023-12-06,2023-12-11,06,浜名湖,一般,１　５４３　１１２６４,2023-04-06,2023-04-11,06,浜名湖,一般,５　６５４　６５,5353,,,,,,,,,,,,,,,,,,,,,,,,,,,,,,,
202609130605,2026-09-13,06,05R,4876,梅木 敬太,2023-11-23,2023-11-28,06,浜名湖,一般,６　２６５５４　６５３５,2023-08-04,2023-08-08,06,浜名湖,一般,５４５　２　６６２５,2020-02-23,2020-02-28,06,浜名湖,一般,２３６　１５４１２６５４,2019-12-07,2019-12-11,06,浜名湖,一般,６　５６４５５　６３,2016-01-20,2016-01-25,06,浜名湖,一般,５　５１２　５２４４４３,3939,渡辺 真至,2026-07-24,2026-07-27,06,浜名湖,一般,２４３　１２３１,2024-10-23,2024-10-27,06,浜名湖,一般,３１５３４　２６３２,2024-07-26,2024-07-29,06,浜名湖,一般,４５１　５５５３,2024-05-03,2024-05-07,06,浜名湖,一般,２２３　２２３４２３,2023-08-04,2023-08-08,06,浜名湖,一般,１２１４１　４１[１],5066,鈴木 孝明,2026-02-19,2026-02-24,06,浜名湖,一般,５６３　４４４,2025-04-24,2025-04-29,06,浜名湖,一般,２５２　２３４２６５５４,2024-12-20,2024-12-25,06,浜名湖,一般,２３３　L４４５,2024-09-18,2024-09-23,06,浜名湖,ＧⅢ,６５３　４５２　６６３６,2023-12-14,2023-12-17,06,浜名湖,一般,１３３　２４１１,4434,田中 辰彦,2025-10-17,2025-10-21,06,浜名湖,一般,２　１３２４５６１５,2022-08-06,2022-08-10,06,浜名湖,一般,４５２４１　２１１６,2022-01-08,2022-01-13,06,浜名湖,一般,３　４１５３２１３　４２,2019-11-20,2019-11-25,06,浜名湖,一般,４４３　２４６１３３[５],2019-06-29,2019-07-02,06,浜名湖,一般,５２５　３３４１,4369,丹下 将,2025-12-10,2025-12-15,06,浜名湖,一般,１４４４４４３　１６５４,2025-03-20,2025-03-25,06,浜名湖,一般,２６５　１２２２６２[２],2024-10-23,2024-10-27,06,浜名湖,一般,２１１　３６３２[４],2022-02-27,2022-03-04,06,浜名湖,一般,５４F　５　４　４　２４,2021-12-11,2021-12-15,06,浜名湖,一般,４２１　１１２１[１],3842,星野 太郎,2026-06-06,2026-06-10,06,浜名湖,一般,１　６４５３４　３５,2025-09-11,2025-09-16,06,浜名湖,一般,４６１　２５４　１２３４,2024-12-14,2024-12-17,06,浜名湖,一般,３　１４３３４５,2024-06-29,2024-07-04,06,浜名湖,一般,３１４２３３２　２３６１,2023-12-22,2023-12-25,06,浜名湖,一般,３１３５１１３１
202609130606,2026-09-13,06,06R,4022,待鳥 雄紀,2026-06-13,2026-06-16,06,浜名湖,一般,１２３　４３５５,2026-01-08,2026-01-12,06,浜名湖,一般,５　４４６６５　６５,2025-06-28,2025-07-03,06,浜名湖,一般,４　５４５５５　１　５２,2023-12-06,2023-12-11,06,浜名湖,一般,２３４１１　１２５１[１],2023-03-11,2023-03-14,06,浜名湖,一般,５　５５４２２３,4654,篠田 優也,2025-09-20,2025-09-25,06,浜名湖,一般,１　１４１１２１１１[２],2025-03-13,2025-03-16,06,浜名湖,一般,３４１３３５１４,2024-06-07,2024-06-12,06,浜名湖,一般,２２６５４　１　１２１６,2022-07-13,2022-07-18,06,浜名湖,一般,１　３３２５F３４　４,2022-01-18,2022-01-23,06,浜名湖,一般,２　４４５４２３１４,4381,田路 朋史,2025-10-25,2025-10-30,06,浜名湖,一般,３　３１１２６１２５１４,2025-04-24,2025-04-29,06,浜名湖,一般,１２２３２３３６３２[４],2023-07-08,2023-07-11,06,浜名湖,一般,５６５２５　４４,2023-01-07,2023-01-11,06,浜名湖,一般,４１１　３５５５３４,2021-09-26,2021-09-29,06,浜名湖,一般,１１２３２１[２],5369,,,,,,,,,,,,,,,,,,,,,,,,,,,,,,,,5463,,,,,,,,,,,,,,,,,,,,,,,,,,,,,,,,4150,山田 雄太,2026-08-11,2026-08-16,06,浜名湖,一般,１３３２５　１　３　３２,2026-01-24,2026-01-27,06,浜名湖,一般,１４２　５５２６,2025-12-29,2026-01-03,06,浜名湖,一般,１５５　４３５　３２１,2025-08-15,2025-08-20,06,浜名湖,一般,２６３６３　３　３１５,2025-07-17,2025-07-22,06,浜名湖,一般,１　５３５３２１４４２６
202609130607,2026-09-13,06,07R,3516,吉原 聖人,2025-03-04,2025-03-09,06,浜名湖,一般,２５４欠,2024-12-07,2024-12-10,06,浜名湖,一般,５　２３５５３,2022-03-09,2022-03-14,06,浜名湖,一般,６４５　４１４　６４２４,2021-09-10,2021-09-14,06,浜名湖,一般,６　２４６３６　４５,2018-06-22,2018-06-27,06,浜名湖,ＧⅢ,２　３２１３２２５１[２],4677,片橋 幸貴,2025-08-23,2025-08-26,06,浜名湖,一般,４６２　５１４１,2025-02-09,2025-02-14,06,浜名湖,一般,２１４３１３３２１　[３],2024-11-16,2024-11-20,06,浜名湖,一般,２１２　３１３１[２],2024-01-16,2024-01-21,06,浜名湖,一般,１２４３１６１　１４３４,2023-06-13,2023-06-16,06,浜名湖,一般,６　１４４１４５,3306,武田 正紀,2026-02-10,2026-02-15,06,浜名湖,一般,６　３５４　５３４　５４,2025-08-23,2025-08-26,06,浜名湖,一般,３３４　４６５５,2025-03-04,2025-03-09,06,浜名湖,一般,６　３１１４３６３３６１,2021-12-11,2021-12-15,06,浜名湖,一般,５６５　３　４５３５,2021-07-25,2021-07-29,06,浜名湖,一般,２５３５５　４　５２,3286,坂東 満,2026-03-29,2026-04-03,06,浜名湖,一般,２　４３１　４６１　２４,2026-01-08,2026-01-12,06,浜名湖,一般,６　５６２４５　３３,2025-06-28,2025-07-03,06,浜名湖,一般,１　２５３３６３６　１１,2025-03-04,2025-03-09,06,浜名湖,一般,６　欠欠,2024-12-07,2024-12-10,06,浜名湖,一般,３　１２４６１３,4588,田中 京介,2026-03-20,2026-03-25,06,浜名湖,ＧⅢ,６　５５,2025-11-26,2025-12-01,06,浜名湖,一般,２　１４２３６１１２[６],2025-07-26,2025-08-01,06,浜名湖,一般,１　６６１１３４１３１５,2023-10-07,2023-10-11,06,浜名湖,一般,２３５　４１６２[６],2022-09-24,2022-09-27,06,浜名湖,一般,６　１２５３２３,3811,石田 章央,2026-07-24,2026-07-27,06,浜名湖,一般,１５４２６　６１,2026-05-03,2026-05-08,06,浜名湖,一般,５５４　３１５　１　６６,2026-01-08,2026-01-12,06,浜名湖,一般,２２６　２４１５１３,2025-08-30,2025-09-03,06,浜名湖,一般,３２５３２　１２２６,2025-07-26,2025-08-01,06,浜名湖,一般,２３２１２　２１５２[３]
202609130608,2026-09-13,06,08R,3777,樋口 亮,2026-02-19,2026-02-24,06,浜名湖,一般,１１１　４５１２２４１３,2025-08-23,2025-08-26,06,浜名湖,一般,１６１２５　４３,2024-10-12,2024-10-17,06,浜名湖,一般,２２３２１　１２３２[３],2024-07-26,2024-07-29,06,浜名湖,一般,３４２１１　[５],2023-12-22,2023-12-25,06,浜名湖,一般,４　６５５３４,3796,長野 道臣,2026-08-11,2026-08-16,06,浜名湖,一般,４　４５６　６５５　１３,2026-05-03,2026-05-08,06,浜名湖,一般,５５４　２５５　５　４４,2026-01-15,2026-01-20,06,浜名湖,一般,１　２５２４３　１６２２,2025-08-15,2025-08-20,06,浜名湖,一般,４４４　３　３３４　１１,2025-06-28,2025-07-03,06,浜名湖,一般,　　　　　　　　　　４５,5091,為本 智也,2026-05-16,2026-05-19,06,浜名湖,一般,２　２２１３[３],2025-04-15,2025-04-20,06,浜名湖,一般,５　１２６５５　１３３４,2023-05-18,2023-05-22,06,浜名湖,一般,６６１　６１３　４５,2023-03-21,2023-03-25,06,浜名湖,一般,１４４　１５４６２６,2021-03-28,2021-04-03,06,浜名湖,一般,５６４　１　５６６　１４４,4967,中村 魁生,2026-04-09,2026-04-14,06,浜名湖,一般,３３３１２１２４２４２３,2025-08-30,2025-09-03,06,浜名湖,一般,４１１２３　４４１２,2024-09-09,2024-09-14,06,浜名湖,一般,２３５１４　１３３３２６,2022-10-20,2022-10-25,06,浜名湖,一般,２　転３１１１３４１[５],2019-02-06,2019-02-11,06,浜名湖,一般,２３６　１６３　３６４５,3714,梶原 正,2025-04-24,2025-04-29,06,浜名湖,一般,３　５３６２５　２５３５,2021-10-22,2021-10-25,06,浜名湖,一般,６　３３４６６,2019-02-06,2019-02-11,06,浜名湖,一般,１　６４５　６５５　４３,2018-04-21,2018-04-25,06,浜名湖,一般,５　５５２　６６４３,2017-03-04,2017-03-07,06,浜名湖,一般,１　３３５６３５,4431,石塚 裕介,2025-07-17,2025-07-22,06,浜名湖,一般,２３６　６　４５３　４４,2024-02-07,2024-02-12,06,浜名湖,一般,１２２１３　２２１１[６],2023-12-06,2023-12-11,06,浜名湖,一般,３２３　４３５４２４２,2023-02-01,2023-02-06,06,浜名湖,一般,４３２１５　１２２２[２],2022-11-17,2022-11-20,06,浜名湖,一般,４５２６５　１５
202609130609,2026-09-13,06,09R,4666,日笠 勝弘,2025-03-13,2025-03-16,06,浜名湖,一般,２４２５５　４３,2025-01-08,2025-01-13,06,浜名湖,一般,１　２４３４６５１　３６,2024-03-20,2024-03-25,06,浜名湖,一般,４　５６６　２２５　２４,2023-04-15,2023-04-20,06,浜名湖,一般,４　２６４６F　６　６,2021-03-28,2021-04-03,06,浜名湖,一般,６２６　６　６６欠,3721,守田 俊介,2026-05-26,2026-05-31,06,浜名湖,ＳＧ,５　２２４　５　４１４,2025-11-03,2025-11-08,06,浜名湖,ＧⅠ,１６２　５　２５,2023-04-06,2023-04-11,06,浜名湖,一般,１２３１２２２２６４１１,2022-11-28,2022-12-03,06,浜名湖,ＧⅢ,５２２１１６１６５２[４],2022-11-04,2022-11-09,06,浜名湖,ＧⅠ,３１３　２　４３６　１３,4684,楠原 翔太,2025-01-16,2025-01-21,06,浜名湖,一般,４３５　４２４　２１４６,2024-09-18,2024-09-23,06,浜名湖,ＧⅢ,６６４　６６６　６　４,2023-07-15,2023-07-20,06,浜名湖,一般,６３５５１　２４６　１１,2022-09-24,2022-09-27,06,浜名湖,一般,３４４　５２１２,2022-01-27,2022-01-31,06,浜名湖,一般,６４５　３５１　１４,4068,幸田 智裕,2026-08-11,2026-08-16,06,浜名湖,一般,１　５４４　５６４　２４,2026-05-03,2026-05-08,06,浜名湖,一般,６５２　１５６　４５４,2026-03-29,2026-04-03,06,浜名湖,一般,４３３　５エ３　３　５,2025-11-26,2025-12-01,06,浜名湖,一般,１６２　３５４３３５３６,2025-08-15,2025-08-20,06,浜名湖,一般,　　　　　　　　５２５,3906,飯山 晃三,2025-08-23,2025-08-26,06,浜名湖,一般,１５１５５　６６,2024-08-30,2024-09-04,06,浜名湖,一般,６５１　４６２　６６６,2023-12-22,2023-12-25,06,浜名湖,一般,５３２　４５６６,2020-04-17,2020-04-21,06,浜名湖,一般,３　４４１５１５,2019-11-30,2019-12-04,06,浜名湖,一般,２１４４１　２６２５,4066,東本 勝利,2026-03-20,2026-03-25,06,浜名湖,ＧⅢ,１　３５３３５６１　３４,2025-12-10,2025-12-15,06,浜名湖,一般,１５２４４１３１５２[６],2024-11-16,2024-11-20,06,浜名湖,一般,２　３４２５１２[４],2024-02-24,2024-02-29,06,浜名湖,一般,２　１１３　　　６２[６],2023-03-21,2023-03-25,06,浜名湖,一般,１３４２１１５３５１
202609130610,2026-09-13,06,10R,4269,杉山 裕也,2023-02-11,2023-02-16,06,浜名湖,ＧⅠ,４　５　３１５　２２３６,2022-01-18,2022-01-23,06,浜名湖,一般,F５６　４　６　５２,2021-12-11,2021-12-15,06,浜名湖,一般,２６５　６６,2021-01-09,2021-01-13,06,浜名湖,一般,１３１１２１４１[３],2020-09-26,2020-09-29,06,浜名湖,一般,１１１１２３[１],4811,向井田 佑紀,2026-06-30,2026-07-05,06,浜名湖,一般,５５３　６６５　２　３３,2025-09-11,2025-09-16,06,浜名湖,一般,１　４３３５４　３６３３,2025-06-28,2025-07-03,06,浜名湖,一般,４　１５２６３５４　４１,2024-12-14,2024-12-17,06,浜名湖,一般,６４２　３６３,2024-04-16,2024-04-20,06,浜名湖,一般,３１４６４　５１６２,3392,小森 信雄,2025-08-30,2025-09-03,06,浜名湖,一般,２４１　５３４５２２,2024-05-03,2024-05-07,06,浜名湖,一般,１６３６５　３６５,2024-02-07,2024-02-12,06,浜名湖,一般,３　５４２　６５５　２４,2023-12-06,2023-12-11,06,浜名湖,一般,１　５４３　１１２６４,2023-04-06,2023-04-11,06,浜名湖,一般,５　６５４　６５,4022,待鳥 雄紀,2026-06-13,2026-06-16,06,浜名湖,一般,１２３　４３５５,2026-01-08,2026-01-12,06,浜名湖,一般,５　４４６６５　６５,2025-06-28,2025-07-03,06,浜名湖,一般,４　５４５５５　１　５２,2023-12-06,2023-12-11,06,浜名湖,一般,２３４１１　１２５１[１],2023-03-11,2023-03-14,06,浜名湖,一般,５　５５４２２３,5066,鈴木 孝明,2026-02-19,2026-02-24,06,浜名湖,一般,５６３　４４４,2025-04-24,2025-04-29,06,浜名湖,一般,２５２　２３４２６５５４,2024-12-20,2024-12-25,06,浜名湖,一般,２３３　L４４５,2024-09-18,2024-09-23,06,浜名湖,ＧⅢ,６５３　４５２　６６３６,2023-12-14,2023-12-17,06,浜名湖,一般,１３３　２４１１,4345,西舘 健,2025-10-08,2025-10-13,06,浜名湖,一般,１　３６４６２　３６２５,2024-09-18,2024-09-23,06,浜名湖,ＧⅢ,　　　　　　　　５４１,2023-12-22,2023-12-25,06,浜名湖,一般,エ欠,2023-07-08,2023-07-11,06,浜名湖,一般,３５１　６３４４,2023-03-11,2023-03-14,06,浜名湖,一般,１　５５３６５４
202609130611,2026-09-13,06,11R,4588,田中 京介,2026-03-20,2026-03-25,06,浜名湖,ＧⅢ,６　５５,2025-11-26,2025-12-01,06,浜名湖,一般,２　１４２３６１１２[６],2025-07-26,2025-08-01,06,浜名湖,一般,１　６６１１３４１３１５,2023-10-07,2023-10-11,06,浜名湖,一般,２３５　４１６２[６],2022-09-24,2022-09-27,06,浜名湖,一般,６　１２５３２３,3842,星野 太郎,2026-06-06,2026-06-10,06,浜名湖,一般,１　６４５３４　３５,2025-09-11,2025-09-16,06,浜名湖,一般,４６１　２５４　１２３４,2024-12-14,2024-12-17,06,浜名湖,一般,３　１４３３４５,2024-06-29,2024-07-04,06,浜名湖,一般,３１４２３３２　２３６１,2023-12-22,2023-12-25,06,浜名湖,一般,３１３５１１３１,4654,篠田 優也,2025-09-20,2025-09-25,06,浜名湖,一般,１　１４１１２１１１[２],2025-03-13,2025-03-16,06,浜名湖,一般,３４１３３５１４,2024-06-07,2024-06-12,06,浜名湖,一般,２２６５４　１　１２１６,2022-07-13,2022-07-18,06,浜名湖,一般,１　３３２５F３４　４,2022-01-18,2022-01-23,06,浜名湖,一般,２　４４５４２３１４,4798,浜先 真範,2026-02-10,2026-02-15,06,浜名湖,一般,１２４４３１転５２　３,2025-10-25,2025-10-30,06,浜名湖,一般,１　２４２６２４２３３１,2022-01-08,2022-01-13,06,浜名湖,一般,３２２　２１１３４　[１],2020-01-17,2020-01-21,06,浜名湖,一般,３　６２１３F３６,2019-01-17,2019-01-20,06,浜名湖,一般,４３３４１　３４,4899,占部 一真,2026-02-10,2026-02-15,06,浜名湖,一般,５　２６２　６５４　２３,2025-08-23,2025-08-26,06,浜名湖,一般,５　２４１４２４,2022-01-27,2022-01-31,06,浜名湖,一般,５５４　４　３５４６,2021-01-09,2021-01-13,06,浜名湖,一般,５　４４３　１６６欠,,,,,,,3627,井上 恵一,2025-12-19,2025-12-24,06,浜名湖,一般,２３１　５４２１３２[６],2025-03-29,2025-04-03,06,浜名湖,一般,１　１１５３３　２４２３,2024-12-07,2024-12-10,06,浜名湖,一般,２　６１６２５５,2024-02-24,2024-02-29,06,浜名湖,一般,１５５　４　　　３５３５,2023-03-02,2023-03-07,06,浜名湖,一般,１　４６４６１６１　５５
202609130612,2026-09-13,06,12R,4967,中村 魁生,2026-04-09,2026-04-14,06,浜名湖,一般,３３３１２１２４２４２３,2025-08-30,2025-09-03,06,浜名湖,一般,４１１２３　４４１２,2024-09-09,2024-09-14,06,浜名湖,一般,２３５１４　１３３３２６,2022-10-20,2022-10-25,06,浜名湖,一般,２　転３１１１３４１[５],2019-02-06,2019-02-11,06,浜名湖,一般,２３６　１６３　３６４５,4150,山田 雄太,2026-08-11,2026-08-16,06,浜名湖,一般,１３３２５　１　３　３２,2026-01-24,2026-01-27,06,浜名湖,一般,１４２　５５２６,2025-12-29,2026-01-03,06,浜名湖,一般,１５５　４３５　３２１,2025-08-15,2025-08-20,06,浜名湖,一般,２６３６３　３　３１５,2025-07-17,2025-07-22,06,浜名湖,一般,１　５３５３２１４４２６,4336,松田 竜馬,2025-12-19,2025-12-24,06,浜名湖,一般,２５３　５３２　１５４４,2025-09-20,2025-09-25,06,浜名湖,一般,１４２　３５５３１５２３,2025-01-30,2025-02-04,06,浜名湖,一般,４５５　５４１　３　６１,2024-03-29,2024-04-03,06,浜名湖,一般,６２５,2023-06-04,2023-06-10,06,浜名湖,一般,３　２２２４１５１２[６],4358,松本 庸平,2025-10-17,2025-10-21,06,浜名湖,一般,５５３　６　３３１,2024-12-14,2024-12-17,06,浜名湖,一般,３６６１４　５６,2024-06-29,2024-07-04,06,浜名湖,一般,６　２６３　５６６　１６,2024-02-07,2024-02-12,06,浜名湖,一般,１５３３４　２F５　３,2023-09-30,2023-10-03,06,浜名湖,一般,３４５　６　３６,4677,片橋 幸貴,2025-08-23,2025-08-26,06,浜名湖,一般,４６２　５１４１,2025-02-09,2025-02-14,06,浜名湖,一般,２１４３１３３２１　[３],2024-11-16,2024-11-20,06,浜名湖,一般,２１２　３１３１[２],2024-01-16,2024-01-21,06,浜名湖,一般,１２４３１６１　１４３４,2023-06-13,2023-06-16,06,浜名湖,一般,６　１４４１４５,4369,丹下 将,2025-12-10,2025-12-15,06,浜名湖,一般,１４４４４４３　１６５４,2025-03-20,2025-03-25,06,浜名湖,一般,２６５　１２２２６２[２],2024-10-23,2024-10-27,06,浜名湖,一般,２１１　３６３２[４],2022-02-27,2022-03-04,06,浜名湖,一般,５４F　５　４　４　２４,2021-12-11,2021-12-15,06,浜名湖,一般,４２１　１１２１[１]
202609130701,2026-09-13,07,01R,5169,堀本 翔太,2025-12-30,2026-01-04,07,蒲郡,一般,４　４６４　５　３５３４,2025-08-09,2025-08-14,07,蒲郡,一般,５　３５６　６　６６４,2025-07-01,2025-07-06,07,蒲郡,一般,６　３２６　５５６　２３,2024-03-02,2024-03-07,07,蒲郡,一般,２　２５５３６　４６転２,2023-12-25,2023-12-28,07,蒲郡,一般,６　６３３　６,5240,高橋 龍治,2025-03-23,2025-03-28,07,蒲郡,一般,５　６２５　５２５　２,,,,,,,,,,,,,,,,,,,,,,,,,5128,坪井 爽佑,2026-08-11,2026-08-16,07,蒲郡,一般,５　４４６　５６１　６２,2025-01-31,2025-02-04,07,蒲郡,一般,２２４　３２６５４６,2024-05-01,2024-05-05,07,蒲郡,一般,６４２　４５F３６,2023-12-14,2023-12-18,07,蒲郡,一般,６６６　４６６　６,2023-09-23,2023-09-28,07,蒲郡,一般,６４転　６　６　６６６,5197,中野 仁照,2026-08-11,2026-08-16,07,蒲郡,一般,３３５　４２３　３６１５,2025-10-05,2025-10-10,07,蒲郡,ＧⅠ,F　６　６６６　６　６,2025-07-19,2025-07-24,07,蒲郡,一般,１　３１１１１２３２[３],2025-04-11,2025-04-15,07,蒲郡,一般,２３１１１　３１[６],2024-08-31,2024-09-07,07,蒲郡,一般,１　２２２２１２３１[１],5175,島崎 丈一朗,2025-01-23,2025-01-28,07,蒲郡,一般,３　６３４４５６５３３６,2024-09-24,2024-09-28,07,蒲郡,一般,４　F転５　６　５,2023-06-29,2023-07-04,07,蒲郡,一般,４　３６４　３６２５２４,2023-04-30,2023-05-05,07,蒲郡,一般,　　　　　　　　３　４３,2022-10-04,2022-10-09,07,蒲郡,一般,６　５４５　６　５５F５,5434,藤田 康生,2026-06-03,2026-06-07,07,蒲郡,一般,６６５　６　６６,,,,,,,,,,,,,,,,,,,,,,,,
202609130702,2026-09-13,07,02R,5279,石渡 翔一郎,2023-03-12,2023-03-17,07,蒲郡,一般,４　４３５　６４２　転３,2022-12-24,2022-12-28,07,蒲郡,一般,５　４４１　６６６５,,,,,,,,,,,,,,,,,,,5308,藤森 拓海,2025-05-22,2025-05-26,07,蒲郡,一般,５　転５４　３　４４,,,,,,,,,,,,,,,,,,,,,,,,,5332,村松 遥輝,2026-02-10,2026-02-16,07,蒲郡,一般,４落３　１５５　５　２２２１,2026-01-07,2026-01-11,07,蒲郡,一般,４　４２５２４　５５,2025-07-19,2025-07-24,07,蒲郡,一般,６１２　３３４６１６５F,2025-01-15,2025-01-20,07,蒲郡,一般,　　　　　　　　　　落４,2024-04-13,2024-04-18,07,蒲郡,一般,　　　　　　　　　　６６,5275,松田 淳平,2026-01-23,2026-01-28,07,蒲郡,一般,１　１４２６１　１２[４],2025-04-29,2025-05-04,07,蒲郡,一般,３　４５５転５　３　６３,2025-02-25,2025-03-02,07,蒲郡,一般,４　２５２５３　３４４,2024-05-01,2024-05-05,07,蒲郡,一般,１　３４６１３４４６,2022-12-31,2023-01-05,07,蒲郡,一般,６　６６６　３６６　６６,5232,樅山 拓馬,2026-06-23,2026-06-28,07,蒲郡,一般,２　５２１２１６２２[６],2026-01-14,2026-01-19,07,蒲郡,ＧⅢ,１６６　２４２　１５５６,2025-12-30,2026-01-04,07,蒲郡,一般,４　５４３F３　落　４,2025-08-09,2025-08-14,07,蒲郡,一般,５　４６転　６　２６３,2025-07-19,2025-07-24,07,蒲郡,一般,４３１　１２１３２５４６,5337,出畑 孝成,2026-04-18,2026-04-21,07,蒲郡,一般,５　３２２１転４,2025-07-19,2025-07-24,07,蒲郡,一般,４３５　５２４　２　６４,,,,,,,,,,,,,,,,,,
202609130703,2026-09-13,07,03R,5239,上野 俊樹,2026-04-24,2026-04-28,07,蒲郡,一般,３３１　欠欠,2025-06-11,2025-06-16,07,蒲郡,一般,３　３１５３１３３４１３,2025-01-23,2025-01-28,07,蒲郡,一般,４３３３２　５３３４３２,2024-08-31,2024-09-07,07,蒲郡,一般,５２３　４４６　４　６４,,,,,,,5234,塚越 海斗,2023-10-08,2023-10-12,07,蒲郡,一般,１３３　１２４４４１,2022-07-07,2022-07-12,07,蒲郡,一般,６　５６６　３５５　F,,,,,,,,,,,,,,,,,,,5134,大原 祥昌,2025-03-14,2025-03-19,07,蒲郡,ＧⅢ,５　５５３　６　３　３２,,,,,,,,,,,,,,,,,,,,,,,,,5301,岩下 巧斗,2026-04-24,2026-04-28,07,蒲郡,一般,４３F　４　５　５,2025-07-19,2025-07-24,07,蒲郡,一般,欠　４６１　３５１　２４,2024-03-02,2024-03-07,07,蒲郡,一般,４５５　５６５　５　５４,,,,,,,,,,,,,5411,木下 虎之輔,2026-04-18,2026-04-21,07,蒲郡,一般,６　６５６　６６,2025-06-11,2025-06-16,07,蒲郡,一般,６　６６６　４６６　６６,,,,,,,,,,,,,,,,,,,5214,田中 宏典,2024-03-02,2024-03-07,07,蒲郡,一般,６　６５４　６４５　３５,,,,,,,,,,,,,,,,,,,,,,,,
202609130704,2026-09-13,07,04R,5325,澁川 夏,2026-07-01,2026-07-06,07,蒲郡,一般,２　４６２　１４５　１１,2024-01-25,2024-01-29,07,蒲郡,一般,６６６　６　５６６４,,,,,,,,,,,,,,,,,,,5222,津田 陸翔,2025-05-14,2025-05-18,07,蒲郡,一般,５　２５１５４３３,,,,,,,,,,,,,,,,,,,,,,,,,5258,,,,,,,,,,,,,,,,,,,,,,,,,,,,,,,,5269,山口 晃朋,2026-04-05,2026-04-11,07,蒲郡,一般,１　４４２　３４６　２４２２,2025-05-22,2025-05-26,07,蒲郡,一般,３　５４３　エ５１,2024-08-31,2024-09-07,07,蒲郡,一般,２２４１６　５　１６５２,2024-03-02,2024-03-07,07,蒲郡,一般,３転,2023-06-29,2023-07-04,07,蒲郡,一般,５６６　６　６４６　５５,5178,成貞 琳平,2024-03-02,2024-03-07,07,蒲郡,一般,４５２　３６３　５６,2023-08-29,2023-09-02,07,蒲郡,一般,５６６６６　６　５F,2022-08-17,2022-08-22,07,蒲郡,一般,６　４５６　４５５　６３,2022-04-29,2022-05-05,07,蒲郡,一般,６　６４６　４６４　６６６６,2022-03-09,2022-03-15,07,蒲郡,一般,６　３５５６５　不５３　４６,5417,,,,,,,,,,,,,,,,,,,,,,,,,,,,,,,
202609130705,2026-09-13,07,05R,5243,三馬 崇史,2026-06-23,2026-06-28,07,蒲郡,一般,２　２１５２１　１２[５],2024-03-02,2024-03-07,07,蒲郡,一般,５３５　３５４　３４６３,,,,,,,,,,,,,,,,,,,5330,安河内鈴之介,2026-07-01,2026-07-06,07,蒲郡,一般,１１１　１２３　１１[１],2025-07-01,2025-07-06,07,蒲郡,一般,５４６　４　４２６　１１,,,,,,,,,,,,,,,,,,,5288,尾道 佳諭,2026-04-05,2026-04-11,07,蒲郡,一般,５６５　４６１　２　４６３,2025-05-31,2025-06-06,07,蒲郡,一般,５　５６６　５４２４２　４６,2025-01-15,2025-01-20,07,蒲郡,一般,４　６５４５６　４　２６,2024-09-15,2024-09-21,07,蒲郡,一般,５　５５５　４６６　５　５２,,,,,,,5280,廣瀬 凜,2024-10-28,2024-10-31,07,蒲郡,一般,２４６　３　５４,2023-08-05,2023-08-10,07,蒲郡,一般,６６６　６６６　６　４５,,,,,,,,,,,,,,,,,,,5266,石田 勇斗,2025-12-30,2026-01-04,07,蒲郡,一般,５　３４４　２４５　１６,2025-08-09,2025-08-14,07,蒲郡,一般,５　６６４　１　５５６,2024-10-28,2024-10-31,07,蒲郡,一般,４　５６５　６４,2023-02-04,2023-02-08,07,蒲郡,一般,　　　　　　　　６３,2022-12-24,2022-12-28,07,蒲郡,一般,５　５　６６４　６６,5432,安藤 瑠希,2026-06-03,2026-06-07,07,蒲郡,一般,５　３６３　３５,,,,,,,,,,,,,,,,,,,,,,,,
202609130706,2026-09-13,07,06R,5145,,,,,,,,,,,,,,,,,,,,,,,,,,,,,,,,5169,堀本 翔太,2025-12-30,2026-01-04,07,蒲郡,一般,４　４６４　５　３５３４,2025-08-09,2025-08-14,07,蒲郡,一般,５　３５６　６　６６４,2025-07-01,2025-07-06,07,蒲郡,一般,６　３２６　５５６　２３,2024-03-02,2024-03-07,07,蒲郡,一般,２　２５５３６　４６転２,2023-12-25,2023-12-28,07,蒲郡,一般,６　６３３　６,5255,藤原 仙二,2026-02-10,2026-02-16,07,蒲郡,一般,３２４　１２１４４　２３４１,2024-07-02,2024-07-07,07,蒲郡,一般,　　　　　　　　　　１１,2024-06-21,2024-06-25,07,蒲郡,一般,２１２　１１４１[１],2024-05-17,2024-05-22,07,蒲郡,一般,３４４　３６３　４５４４,2022-10-21,2022-10-26,07,蒲郡,一般,６　３６４　５３６６６６,5207,高山 敬悟,2024-04-13,2024-04-18,07,蒲郡,一般,５　６４６　２６３　５５,2023-10-01,2023-10-05,07,蒲郡,一般,４　５５３　６６１４,,,,,,,,,,,,,,,,,,,5256,中山 翔太,2025-07-19,2025-07-24,07,蒲郡,一般,３２３　１３１６５３１３,2024-05-17,2024-05-22,07,蒲郡,一般,４２３　２４１５１１[４],2023-04-30,2023-05-05,07,蒲郡,一般,５２１　２６２４３５５５,2022-08-17,2022-08-22,07,蒲郡,一般,６　５３４　６５６４４,,,,,,,5364,金子 怜央,2026-07-01,2026-07-06,07,蒲郡,一般,６　５５４３６　６　３４,2025-07-19,2025-07-24,07,蒲郡,一般,５６落　６　６　６６６,2025-02-07,2025-02-10,07,蒲郡,一般,６６５　６　６６,,,,,,,,,,,,
202609130707,2026-09-13,07,07R,5221,竹間 隆晟,2026-07-01,2026-07-06,07,蒲郡,一般,４　１４２１２　２５３５,2025-05-31,2025-06-06,07,蒲郡,一般,欠欠,2025-02-07,2025-02-10,07,蒲郡,一般,３２２３１２[４],2024-08-31,2024-09-07,07,蒲郡,一般,２４２３４　１　４６１５,2022-03-09,2022-03-15,07,蒲郡,一般,６　４５６　５６５　６　５４,5175,島崎 丈一朗,2025-01-23,2025-01-28,07,蒲郡,一般,３　６３４４５６５３３６,2024-09-24,2024-09-28,07,蒲郡,一般,４　F転５　６　５,2023-06-29,2023-07-04,07,蒲郡,一般,４　３６４　３６２５２４,2023-04-30,2023-05-05,07,蒲郡,一般,　　　　　　　　３　４３,2022-10-04,2022-10-09,07,蒲郡,一般,６　５４５　６　５５F５,5238,笹木 香吾,2024-08-31,2024-09-07,07,蒲郡,一般,６　４６４５２　３　５６,,,,,,,,,,,,,,,,,,,,,,,,,5303,土井 歩夢,2025-01-31,2025-02-04,07,蒲郡,一般,５５５５２　４　３３,,,,,,,,,,,,,,,,,,,,,,,,,5332,村松 遥輝,2026-02-10,2026-02-16,07,蒲郡,一般,４落３　１５５　５　２２２１,2026-01-07,2026-01-11,07,蒲郡,一般,４　４２５２４　５５,2025-07-19,2025-07-24,07,蒲郡,一般,６１２　３３４６１６５F,2025-01-15,2025-01-20,07,蒲郡,一般,　　　　　　　　　　落４,2024-04-13,2024-04-18,07,蒲郡,一般,　　　　　　　　　　６６,5411,木下 虎之輔,2026-04-18,2026-04-21,07,蒲郡,一般,６　６５６　６６,2025-06-11,2025-06-16,07,蒲郡,一般,６　６６６　４６６　６６,,,,,,,,,,,,,,,,,,
202609130708,2026-09-13,07,08R,5246,楠 将太郎,2025-12-09,2025-12-15,07,蒲郡,一般,３２２２４　３２１　１１[４],2025-07-19,2025-07-24,07,蒲郡,一般,２６１　３３１６３４１４,,,,,,,,,,,,,,,,,,,5068,前田 滉,2026-08-11,2026-08-16,07,蒲郡,一般,１６３１１１２１２２[４],2026-05-01,2026-05-06,07,蒲郡,一般,２２１１２１３１２２[１],2026-03-24,2026-03-29,07,蒲郡,ＳＧ,１５１　４　２６１６１,2025-12-30,2026-01-04,07,蒲郡,一般,１２３３１１２３２１[１],2025-08-09,2025-08-14,07,蒲郡,一般,１４３３１１１１１１[２],5331,佐藤 永梧,2026-02-10,2026-02-16,07,蒲郡,一般,５　２３４　落５１３３　４６,,,,,,,,,,,,,,,,,,,,,,,,,5417,,,,,,,,,,,,,,,,,,,,,,,,,,,,,,,,5134,大原 祥昌,2025-03-14,2025-03-19,07,蒲郡,ＧⅢ,５　５５３　６　３　３２,,,,,,,,,,,,,,,,,,,,,,,,,5240,高橋 龍治,2025-03-23,2025-03-28,07,蒲郡,一般,５　６２５　５２５　２,,,,,,,,,,,,,,,,,,,,,,,,
202609130709,2026-09-13,07,09R,5330,安河内鈴之介,2026-07-01,2026-07-06,07,蒲郡,一般,１１１　１２３　１１[１],2025-07-01,2025-07-06,07,蒲郡,一般,５４６　４　４２６　１１,,,,,,,,,,,,,,,,,,,5128,坪井 爽佑,2026-08-11,2026-08-16,07,蒲郡,一般,５　４４６　５６１　６２,2025-01-31,2025-02-04,07,蒲郡,一般,２２４　３２６５４６,2024-05-01,2024-05-05,07,蒲郡,一般,６４２　４５F３６,2023-12-14,2023-12-18,07,蒲郡,一般,６６６　４６６　６,2023-09-23,2023-09-28,07,蒲郡,一般,６４転　６　６　６６６,5385,鈴木 柊介,2026-04-18,2026-04-21,07,蒲郡,一般,５６６　６　５６,2025-07-19,2025-07-24,07,蒲郡,一般,５５３　６　３　６６５,2025-02-25,2025-03-02,07,蒲郡,一般,６５６　６　６　５６５,,,,,,,,,,,,,5166,仲道 大輔,2026-07-01,2026-07-06,07,蒲郡,一般,３　２１１　２１３３[５],2025-07-01,2025-07-06,07,蒲郡,一般,２　５５３２３　１６２５,2025-01-04,2025-01-09,07,蒲郡,一般,５　４４１１２６１６２３,2024-11-29,2024-12-02,07,蒲郡,一般,３６６１１６１４,2024-08-31,2024-09-07,07,蒲郡,一般,１３４　３５１５２３５１,5196,鰐部 太空海,2026-09-04,2026-09-08,07,蒲郡,一般,１　５１２４１５６３,2025-08-09,2025-08-14,07,蒲郡,一般,６　５３４　５１３　３３,2025-02-25,2025-03-02,07,蒲郡,一般,２　３２３４１３２３５１,2024-02-25,2024-02-28,07,蒲郡,一般,２　５３３５３１,2023-08-29,2023-09-02,07,蒲郡,一般,５　６３５３２　１５,5308,藤森 拓海,2025-05-22,2025-05-26,07,蒲郡,一般,５　転５４　３　４４,,,,,,,,,,,,,,,,,,,,,,,,
202609130710,2026-09-13,07,10R,5275,松田 淳平,2026-01-23,2026-01-28,07,蒲郡,一般,１　１４２６１　１２[４],2025-04-29,2025-05-04,07,蒲郡,一般,３　４５５転５　３　６３,2025-02-25,2025-03-02,07,蒲郡,一般,４　２５２５３　３４４,2024-05-01,2024-05-05,07,蒲郡,一般,１　３４６１３４４６,2022-12-31,2023-01-05,07,蒲郡,一般,６　６６６　３６６　６６,5258,,,,,,,,,,,,,,,,,,,,,,,,,,,,,,,,5252,荒木 颯斗,2026-06-17,2026-06-20,07,蒲郡,一般,３１４２５５１１,2026-01-31,2026-02-05,07,蒲郡,一般,３　１６２　３転１５２５,2025-01-15,2025-01-20,07,蒲郡,一般,　　　　　　　　　　３５,2024-10-12,2024-10-16,07,蒲郡,一般,　　　　　　　　１１,2024-08-31,2024-09-07,07,蒲郡,一般,３５３　３６５　６　３５,5432,安藤 瑠希,2026-06-03,2026-06-07,07,蒲郡,一般,５　３６３　３５,,,,,,,,,,,,,,,,,,,,,,,,,5145,,,,,,,,,,,,,,,,,,,,,,,,,,,,,,,,5301,岩下 巧斗,2026-04-24,2026-04-28,07,蒲郡,一般,４３F　４　５　５,2025-07-19,2025-07-24,07,蒲郡,一般,欠　４６１　３５１　２４,2024-03-02,2024-03-07,07,蒲郡,一般,４５５　５６５　５　５４,,,,,,,,,,,,
202609130711,2026-09-13,07,11R,5255,藤原 仙二,2026-02-10,2026-02-16,07,蒲郡,一般,３２４　１２１４４　２３４１,2024-07-02,2024-07-07,07,蒲郡,一般,　　　　　　　　　　１１,2024-06-21,2024-06-25,07,蒲郡,一般,２１２　１１４１[１],2024-05-17,2024-05-22,07,蒲郡,一般,３４４　３６３　４５４４,2022-10-21,2022-10-26,07,蒲郡,一般,６　３６４　５３６６６６,5214,田中 宏典,2024-03-02,2024-03-07,07,蒲郡,一般,６　６５４　６４５　３５,,,,,,,,,,,,,,,,,,,,,,,,,5269,山口 晃朋,2026-04-05,2026-04-11,07,蒲郡,一般,１　４４２　３４６　２４２２,2025-05-22,2025-05-26,07,蒲郡,一般,３　５４３　エ５１,2024-08-31,2024-09-07,07,蒲郡,一般,２２４１６　５　１６５２,2024-03-02,2024-03-07,07,蒲郡,一般,３転,2023-06-29,2023-07-04,07,蒲郡,一般,５６６　６　６４６　５５,5337,出畑 孝成,2026-04-18,2026-04-21,07,蒲郡,一般,５　３２２１転４,2025-07-19,2025-07-24,07,蒲郡,一般,４３５　５２４　２　６４,,,,,,,,,,,,,,,,,,,5288,尾道 佳諭,2026-04-05,2026-04-11,07,蒲郡,一般,５６５　４６１　２　４６３,2025-05-31,2025-06-06,07,蒲郡,一般,５　５６６　５４２４２　４６,2025-01-15,2025-01-20,07,蒲郡,一般,４　６５４５６　４　２６,2024-09-15,2024-09-21,07,蒲郡,一般,５　５５５　４６６　５　５２,,,,,,,5238,笹木 香吾,2024-08-31,2024-09-07,07,蒲郡,一般,６　４６４５２　３　５６,,,,,,,,,,,,,,,,,,,,,,,,
202609130712,2026-09-13,07,12R,5068,前田 滉,2026-08-11,2026-08-16,07,蒲郡,一般,１６３１１１２１２２[４],2026-05-01,2026-05-06,07,蒲郡,一般,２２１１２１３１２２[１],2026-03-24,2026-03-29,07,蒲郡,ＳＧ,１５１　４　２６１６１,2025-12-30,2026-01-04,07,蒲郡,一般,１２３３１１２３２１[１],2025-08-09,2025-08-14,07,蒲郡,一般,１４３３１１１１１１[２],5280,廣瀬 凜,2024-10-28,2024-10-31,07,蒲郡,一般,２４６　３　５４,2023-08-05,2023-08-10,07,蒲郡,一般,６６６　６６６　６　４５,,,,,,,,,,,,,,,,,,,5256,中山 翔太,2025-07-19,2025-07-24,07,蒲郡,一般,３２３　１３１６５３１３,2024-05-17,2024-05-22,07,蒲郡,一般,４２３　２４１５１１[４],2023-04-30,2023-05-05,07,蒲郡,一般,５２１　２６２４３５５５,2022-08-17,2022-08-22,07,蒲郡,一般,６　５３４　６５６４４,,,,,,,5234,塚越 海斗,2023-10-08,2023-10-12,07,蒲郡,一般,１３３　１２４４４１,2022-07-07,2022-07-12,07,蒲郡,一般,６　５６６　３５５　F,,,,,,,,,,,,,,,,,,,5221,竹間 隆晟,2026-07-01,2026-07-06,07,蒲郡,一般,４　１４２１２　２５３５,2025-05-31,2025-06-06,07,蒲郡,一般,欠欠,2025-02-07,2025-02-10,07,蒲郡,一般,３２２３１２[４],2024-08-31,2024-09-07,07,蒲郡,一般,２４２３４　１　４６１５,2022-03-09,2022-03-15,07,蒲郡,一般,６　４５６　５６５　６　５４,5222,津田 陸翔,2025-05-14,2025-05-18,07,蒲郡,一般,５　２５１５４３３,,,,,,,,,,,,,,,,,,,,,,,,
202609130801,2026-09-13,08,01R,5129,山口 真喜子,2025-05-13,2025-05-18,08,常滑,ＧⅡ,４　２５３　１　５　１２,2025-04-07,2025-04-12,08,常滑,ＧⅢ,２　２４１　２３１４転１,2024-08-18,2024-08-21,08,常滑,一般,６　６１２５１４,2023-01-10,2023-01-15,08,常滑,一般,６６６　６６６　６　６,2021-11-06,2021-11-10,08,常滑,一般,５　３５５　６６１２,5203,神里 琴音,2025-10-31,2025-11-04,08,常滑,一般,５　３５６２３　３４,2025-05-13,2025-05-18,08,常滑,ＧⅡ,５５６　２　１６６　３,2024-08-31,2024-09-05,08,常滑,一般,３　４６２　１３３６１４,,,,,,,,,,,,,4941,孫崎 百世,2024-11-06,2024-11-09,08,常滑,一般,転　３６６　２５,2024-08-31,2024-09-05,08,常滑,一般,３１５１４６３　１４２６,2023-07-02,2023-07-06,08,常滑,一般,３　２３６５５　２６,2022-09-12,2022-09-17,08,常滑,一般,３２２　２６５５３　２４,2021-02-20,2021-02-23,08,常滑,一般,５　６３５　３５,5052,赤井 星璃菜,2022-11-04,2022-11-07,08,常滑,一般,６　６６欠,2021-04-22,2021-04-27,08,常滑,ＧⅢ,６　５F６　６　４　５,2020-10-24,2020-10-29,08,常滑,一般,４５３　４３５　F　６,2020-06-11,2020-06-16,08,常滑,ＧⅢ,６　６６４３６６６５６,2019-06-01,2019-06-04,08,常滑,一般,６　４６６　６６,5436,市川 瑚幸,2026-06-29,2026-07-04,08,常滑,一般,６　６５６　６６５６６,2026-03-08,2026-03-13,08,常滑,一般,６６６　６　６　６６６,,,,,,,,,,,,,,,,,,,5078,山川 波乙,2025-09-18,2025-09-22,08,常滑,一般,３　２６１４２　５５,2023-03-25,2023-03-28,08,常滑,一般,５３３　６４５,2022-03-11,2022-03-15,08,常滑,一般,６　５５６６６　２４,2022-01-28,2022-01-31,08,常滑,一般,６５６　２　４６,2021-12-30,2022-01-04,08,常滑,一般,６６６　２５６　４６４６
202609130802,2026-09-13,08,02R,5194,大久保 佑香,2026-05-27,2026-06-01,08,常滑,一般,４　６３５　６２４　４４,2024-08-31,2024-09-05,08,常滑,一般,６４３６１　６６５　６５,2024-03-05,2024-03-10,08,常滑,一般,３　４５６　５５４　６３,2022-05-19,2022-05-22,08,常滑,一般,６６６　６　６５,2022-03-11,2022-03-15,08,常滑,一般,６　５６６　５５５５,5340,樋江井 舞,2026-06-29,2026-07-04,08,常滑,一般,６　５２４　５５５　６５,2025-12-13,2025-12-18,08,常滑,一般,３　４落,2025-08-19,2025-08-24,08,常滑,一般,５　５５６　２４２　６５,2025-04-07,2025-04-12,08,常滑,ＧⅢ,６５５　６６４　５６３,2024-12-30,2025-01-04,08,常滑,一般,６４６　５６６　６５４,5155,内山 七海,2024-02-02,2024-02-05,08,常滑,一般,４５４,2023-07-21,2023-07-24,08,常滑,一般,４　５６４６１４,2022-11-10,2022-11-15,08,常滑,ＧⅢ,５　６５５　４４６４５,2022-03-11,2022-03-15,08,常滑,一般,６　２３５５５５５５,2022-01-28,2022-01-31,08,常滑,一般,６５４　４　５６,5297,南 彩寧,2026-02-26,2026-03-02,08,常滑,一般,５６６　６　６６６５,2023-12-22,2023-12-25,08,常滑,一般,６６６　４　６５,,,,,,,,,,,,,,,,,,,5324,畑田 希咲,2026-03-18,2026-03-23,08,常滑,一般,６　６５６　６６６　６,2024-04-07,2024-04-12,08,常滑,ＧⅢ,６６６　６６６　６　６５,,,,,,,,,,,,,,,,,,,4726,島田 なぎさ,2022-09-12,2022-09-17,08,常滑,一般,１６３F２　４　５　３,2022-01-28,2022-01-31,08,常滑,一般,６　１転,2020-12-24,2020-12-27,08,常滑,一般,５３５　１３３３,2020-09-12,2020-09-16,08,常滑,一般,２２６　４６６６２,2019-04-17,2019-04-22,08,常滑,一般,３　５２２　１５２３[４]
202609130803,2026-09-13,08,03R,4764,小池 礼乃,2026-05-27,2026-06-01,08,常滑,一般,４　５６３　１５４３３,2025-12-13,2025-12-18,08,常滑,一般,１　６３１　３２１３[４],2022-09-12,2022-09-17,08,常滑,一般,３　６３１５２４４　２３,2018-12-07,2018-12-11,08,常滑,一般,３３５２４　１５１４,2017-06-01,2017-06-06,08,常滑,一般,５　１５４５１　２４５５,5346,中村 紋夕梨,2026-04-24,2026-04-29,08,常滑,一般,６６６　６　３４６　６３,2025-12-13,2025-12-18,08,常滑,一般,６６５　５　６　４６６,2025-04-07,2025-04-12,08,常滑,ＧⅢ,６　６６６　６６６　５５,2024-12-30,2025-01-04,08,常滑,一般,５　６６６　５６６　６６,2024-08-31,2024-09-05,08,常滑,一般,６　６６６　６６F　６,4045,佐々木 裕美,2025-05-13,2025-05-18,08,常滑,ＧⅡ,４　３　１６５　３６２,2024-01-19,2024-01-23,08,常滑,一般,３６１　４６３　６１,2023-01-21,2023-01-24,08,常滑,一般,６　欠欠,2021-02-03,2021-02-08,08,常滑,一般,３　６６６　５５,2020-10-24,2020-10-29,08,常滑,一般,１６４　２３６６１１３,5439,志賀 美優,2026-07-07,2026-07-12,08,常滑,一般,　　　　　　　　　　６５,2026-04-16,2026-04-21,08,常滑,一般,６　６６６　６６５　６４,,,,,,,,,,,,,,,,,,,4909,薮内 瑞希,2026-03-18,2026-03-23,08,常滑,一般,６４３　３４１　５２５５,2025-06-10,2025-06-14,08,常滑,一般,３　４５１３１　３５,2024-03-05,2024-03-10,08,常滑,一般,４２１　２４５　１３１４,2023-11-30,2023-12-05,08,常滑,ＧⅢ,１４３　３４４妨,2022-11-10,2022-11-15,08,常滑,ＧⅢ,３　２３４１３２２４２６,5182,宮崎 安奈,2025-04-07,2025-04-12,08,常滑,ＧⅢ,エ２２　４　３４６　３４,2024-03-05,2024-03-10,08,常滑,一般,３４４　５６５　３　２５,2022-03-11,2022-03-15,08,常滑,一般,６　６６５６６　６６,2021-12-30,2022-01-04,08,常滑,一般,６６６　５３６　６５５６,2021-09-07,2021-09-12,08,常滑,一般,６６６　５６５５６　６６
202609130804,2026-09-13,08,04R,5254,羽田 妃希,2026-03-28,2026-04-03,08,常滑,一般,５　４６６　３１F５５,2025-08-28,2025-09-02,08,常滑,一般,４２５　５　３４２２６２,2024-12-30,2025-01-04,08,常滑,一般,２３６　５　１５２　２,2024-08-10,2024-08-15,08,常滑,一般,６　２５６　４６３　５６,2024-05-03,2024-05-08,08,常滑,一般,６　６４５　落６４　４６,5146,野田 彩加,2025-05-13,2025-05-18,08,常滑,ＧⅡ,２４４　５　４３４　２,2025-01-08,2025-01-11,08,常滑,一般,４１５４４　５３,2024-04-07,2024-04-12,08,常滑,ＧⅢ,３　転４３　５４３　５２,2022-11-10,2022-11-15,08,常滑,ＧⅢ,４　５５２　５５２４６,2022-05-19,2022-05-22,08,常滑,一般,６　６５５２１,4190,長嶋 万記,2025-05-13,2025-05-18,08,常滑,ＧⅡ,４５６　５４２　３　２,2024-03-05,2024-03-10,08,常滑,一般,２１２２３１３６３４１１,2023-11-12,2023-11-17,08,常滑,ＧⅠ,５３４　６５１　５　４３,2023-01-10,2023-01-15,08,常滑,一般,１　４２１　３１１１[５],2022-12-01,2022-12-04,08,常滑,一般,３４２５６２[６],5272,松田 真実,2025-06-10,2025-06-14,08,常滑,一般,５５６　４　４５６,2025-04-07,2025-04-12,08,常滑,ＧⅢ,４　F３５　２　２　６,2025-02-22,2025-02-25,08,常滑,一般,３６６６３　１５,2024-12-30,2025-01-04,08,常滑,一般,３４５　４６２　６　６,2024-08-31,2024-09-05,08,常滑,一般,６６１　５　６２６６２,5079,大石 真央,2026-02-14,2026-02-18,08,常滑,一般,６　５２１３５６４５,2024-04-27,2024-04-30,08,常滑,一般,６５６　４６１,2024-03-05,2024-03-10,08,常滑,一般,４４２６２　２　１２３６,2024-02-02,2024-02-05,08,常滑,一般,６５５　６　４５,2022-11-10,2022-11-15,08,常滑,ＧⅢ,３　３２５５６５３　１６,5438,,,,,,,,,,,,,,,,,,,,,,,,,,,,,,,
202609130805,2026-09-13,08,05R,3232,山川 美由紀,2025-05-13,2025-05-18,08,常滑,ＧⅡ,４　５　５３５　３４４,2022-11-10,2022-11-15,08,常滑,ＧⅢ,２５４１１　４２３５１２,2021-02-03,2021-02-08,08,常滑,一般,２　２F４３３　５　２,2020-06-11,2020-06-16,08,常滑,ＧⅢ,２　１１４３３１３３２１,2020-01-22,2020-01-27,08,常滑,ＧⅢ,１５２　５２４３１１[６],4938,小芦 るり華,2025-09-18,2025-09-22,08,常滑,一般,５　４５２３３　３３,2025-05-13,2025-05-18,08,常滑,ＧⅡ,５　６３２　１　６　１５,2021-04-22,2021-04-27,08,常滑,ＧⅢ,１１６　転２４４２　２３,2020-03-14,2020-03-17,08,常滑,一般,５３４　３５１４,2019-11-02,2019-11-05,08,常滑,一般,１３２　４４４３,5347,井澤 聖奈,2026-08-10,2026-08-15,08,常滑,一般,３　４６５　６６６　６６,2025-12-13,2025-12-18,08,常滑,一般,　　　　　　　　５　６５,2025-08-19,2025-08-24,08,常滑,一般,６５６　４６６　６６６,2025-04-07,2025-04-12,08,常滑,ＧⅢ,６６６　６５５　６　５６,2024-12-30,2025-01-04,08,常滑,一般,６６６　５　６６６　６６,5436,市川 瑚幸,2026-06-29,2026-07-04,08,常滑,一般,６　６５６　６６５６６,2026-03-08,2026-03-13,08,常滑,一般,６６６　６　６　６６６,,,,,,,,,,,,,,,,,,,4964,土屋 南,2024-04-07,2024-04-12,08,常滑,ＧⅢ,３１６　１　４２３５１１,2024-03-05,2024-03-10,08,常滑,一般,２１６　４３１３２２[エ],2020-03-25,2020-03-30,08,常滑,一般,３１３４３　１４１４２６,2019-02-16,2019-02-19,08,常滑,一般,１　５３４３４５,,,,,,,4897,深見 亜由美,2025-08-19,2025-08-24,08,常滑,一般,６　６５３　４６３　５３,2023-11-30,2023-12-05,08,常滑,ＧⅢ,２　１１６２３３５落,2023-11-03,2023-11-06,08,常滑,一般,F　６　４　３６,2023-09-16,2023-09-19,08,常滑,一般,３　６６,2023-01-21,2023-01-24,08,常滑,一般,　　　　　　６５
202609130806,2026-09-13,08,06R,4825,倉持 莉々,2023-01-10,2023-01-15,08,常滑,一般,３２１　１　１３１１[１],2022-01-08,2022-01-10,08,常滑,一般,４４３　２５,2020-03-25,2020-03-30,08,常滑,一般,２４２５３　２３３６１４,2017-12-23,2017-12-26,08,常滑,一般,４６１５３　１５,2017-08-25,2017-08-28,08,常滑,一般,３２３　４５５３,5230,石原 凪紗,2026-05-19,2026-05-24,08,常滑,一般,１１６　３３５　２６６５,2026-03-18,2026-03-23,08,常滑,一般,２２６　２２４　１６２３,2024-12-30,2025-01-04,08,常滑,一般,１５５　５　６５６　１６,2024-06-29,2024-07-02,08,常滑,一般,６　６５６　６５,2024-05-03,2024-05-08,08,常滑,一般,２６５　４　４５６４６３,5251,沼田 七華,2024-08-31,2024-09-05,08,常滑,一般,６６５　６５６　５５５,2023-12-22,2023-12-25,08,常滑,一般,６　６５５４６３,,,,,,,,,,,,,,,,,,,4479,矢野 真梨菜,2021-04-22,2021-04-27,08,常滑,ＧⅢ,５５５　５５６,2017-01-14,2017-01-19,08,常滑,ＧⅢ,４６６　５３６　１　５４,2015-12-18,2015-12-21,08,常滑,一般,５５５　５　６６,2013-01-05,2013-01-10,08,常滑,ＧⅢ,４　３４３４４　２４５５,2010-11-18,2010-11-23,08,常滑,一般,３４６　５６５　１　６５,5203,神里 琴音,2025-10-31,2025-11-04,08,常滑,一般,５　３５６２３　３４,2025-05-13,2025-05-18,08,常滑,ＧⅡ,５５６　２　１６６　３,2024-08-31,2024-09-05,08,常滑,一般,３　４６２　１３３６１４,,,,,,,,,,,,,5155,内山 七海,2024-02-02,2024-02-05,08,常滑,一般,４５４,2023-07-21,2023-07-24,08,常滑,一般,４　５６４６１４,2022-11-10,2022-11-15,08,常滑,ＧⅢ,５　６５５　４４６４５,2022-03-11,2022-03-15,08,常滑,一般,６　２３５５５５５５,2022-01-28,2022-01-31,08,常滑,一般,６５４　４　５６
202609130807,2026-09-13,08,07R,4765,野田部 宏子,2026-01-18,2026-01-22,08,常滑,一般,５５５　５　５１３４,2020-02-29,2020-03-03,08,常滑,一般,６　３４６４６,2020-01-22,2020-01-27,08,常滑,ＧⅢ,４　F５５　６　４　６,2018-09-12,2018-09-17,08,常滑,ＧⅢ,１６６　５６２　１　５１,,,,,,,5078,山川 波乙,2025-09-18,2025-09-22,08,常滑,一般,３　２６１４２　５５,2023-03-25,2023-03-28,08,常滑,一般,５３３　６４５,2022-03-11,2022-03-15,08,常滑,一般,６　５５６６６　２４,2022-01-28,2022-01-31,08,常滑,一般,６５６　２　４６,2021-12-30,2022-01-04,08,常滑,一般,６６６　２５６　４６４６,5182,宮崎 安奈,2025-04-07,2025-04-12,08,常滑,ＧⅢ,エ２２　４　３４６　３４,2024-03-05,2024-03-10,08,常滑,一般,３４４　５６５　３　２５,2022-03-11,2022-03-15,08,常滑,一般,６　６６５６６　６６,2021-12-30,2022-01-04,08,常滑,一般,６６６　５３６　６５５６,2021-09-07,2021-09-12,08,常滑,一般,６６６　５６５５６　６６,5340,樋江井 舞,2026-06-29,2026-07-04,08,常滑,一般,６　５２４　５５５　６５,2025-12-13,2025-12-18,08,常滑,一般,３　４落,2025-08-19,2025-08-24,08,常滑,一般,５　５５６　２４２　６５,2025-04-07,2025-04-12,08,常滑,ＧⅢ,６５５　６６４　５６３,2024-12-30,2025-01-04,08,常滑,一般,６４６　５６６　６５４,4502,遠藤 エミ,2026-06-13,2026-06-18,08,常滑,ＧⅠ,１２６　６２４　２２１５,2025-05-13,2025-05-18,08,常滑,ＧⅡ,２　１３３１５　２　[２],2025-01-23,2025-01-26,08,常滑,ＧⅠ,４２３５４　３４,2024-08-18,2024-08-21,08,常滑,一般,２１３２２１[１],2024-01-19,2024-01-23,08,常滑,一般,１１４４１１１F２,5357,田中 瀬里奈,2026-07-22,2026-07-26,08,常滑,一般,６　６６５　６６６６,2026-01-18,2026-01-22,08,常滑,一般,６６６　６　６　５４,2025-07-06,2025-07-11,08,常滑,一般,４　６５６６６　６５５,2024-09-15,2024-09-18,08,常滑,一般,６　６６６　６６,,,,,,
202609130808,2026-09-13,08,08R,5365,,,,,,,,,,,,,,,,,,,,,,,,,,,,,,,,4556,竹井 奈美,2025-09-18,2025-09-22,08,常滑,一般,１　６２４２４５１３,2023-11-30,2023-12-05,08,常滑,ＧⅢ,１　１６２　１１５１[２],2020-10-24,2020-10-29,08,常滑,一般,４５６１２　３２５６１４,2020-01-22,2020-01-27,08,常滑,ＧⅢ,４１２５１２５　１３３２,2019-09-14,2019-09-17,08,常滑,一般,２２１１４１[３],4534,坂 咲友理,2025-10-07,2025-10-12,08,常滑,一般,２　２６６４２　５　５,2025-04-07,2025-04-12,08,常滑,ＧⅢ,５　５５４　５５４　２５,2020-03-25,2020-03-30,08,常滑,一般,１　１４５４３３３５１６,2018-09-12,2018-09-17,08,常滑,ＧⅢ,２　４３５　５５５２５,2017-10-27,2017-10-31,08,常滑,一般,６４３　６６４３,5324,畑田 希咲,2026-03-18,2026-03-23,08,常滑,一般,６　６５６　６６６　６,2024-04-07,2024-04-12,08,常滑,ＧⅢ,６６６　６６６　６　６５,,,,,,,,,,,,,,,,,,,5439,志賀 美優,2026-07-07,2026-07-12,08,常滑,一般,　　　　　　　　　　６５,2026-04-16,2026-04-21,08,常滑,一般,６　６６６　６６５　６４,,,,,,,,,,,,,,,,,,,5272,松田 真実,2025-06-10,2025-06-14,08,常滑,一般,５５６　４　４５６,2025-04-07,2025-04-12,08,常滑,ＧⅢ,４　F３５　２　２　６,2025-02-22,2025-02-25,08,常滑,一般,３６６６３　１５,2024-12-30,2025-01-04,08,常滑,一般,３４５　４６２　６　６,2024-08-31,2024-09-05,08,常滑,一般,６６１　５　６２６６２
202609130809,2026-09-13,08,09R,4909,薮内 瑞希,2026-03-18,2026-03-23,08,常滑,一般,６４３　３４１　５２５５,2025-06-10,2025-06-14,08,常滑,一般,３　４５１３１　３５,2024-03-05,2024-03-10,08,常滑,一般,４２１　２４５　１３１４,2023-11-30,2023-12-05,08,常滑,ＧⅢ,１４３　３４４妨,2022-11-10,2022-11-15,08,常滑,ＧⅢ,３　２３４１３２２４２６,5129,山口 真喜子,2025-05-13,2025-05-18,08,常滑,ＧⅡ,４　２５３　１　５　１２,2025-04-07,2025-04-12,08,常滑,ＧⅢ,２　２４１　２３１４転１,2024-08-18,2024-08-21,08,常滑,一般,６　６１２５１４,2023-01-10,2023-01-15,08,常滑,一般,６６６　６６６　６　６,2021-11-06,2021-11-10,08,常滑,一般,５　３５５　６６１２,5194,大久保 佑香,2026-05-27,2026-06-01,08,常滑,一般,４　６３５　６２４　４４,2024-08-31,2024-09-05,08,常滑,一般,６４３６１　６６５　６５,2024-03-05,2024-03-10,08,常滑,一般,３　４５６　５５４　６３,2022-05-19,2022-05-22,08,常滑,一般,６６６　６　６５,2022-03-11,2022-03-15,08,常滑,一般,６　５６６　５５５５,5347,井澤 聖奈,2026-08-10,2026-08-15,08,常滑,一般,３　４６５　６６６　６６,2025-12-13,2025-12-18,08,常滑,一般,　　　　　　　　５　６５,2025-08-19,2025-08-24,08,常滑,一般,６５６　４６６　６６６,2025-04-07,2025-04-12,08,常滑,ＧⅢ,６６６　６５５　６　５６,2024-12-30,2025-01-04,08,常滑,一般,６６６　５　６６６　６６,4190,長嶋 万記,2025-05-13,2025-05-18,08,常滑,ＧⅡ,４５６　５４２　３　２,2024-03-05,2024-03-10,08,常滑,一般,２１２２３１３６３４１１,2023-11-12,2023-11-17,08,常滑,ＧⅠ,５３４　６５１　５　４３,2023-01-10,2023-01-15,08,常滑,一般,１　４２１　３１１１[５],2022-12-01,2022-12-04,08,常滑,一般,３４２５６２[６],5296,永田 楽,2026-05-27,2026-06-01,08,常滑,一般,６６１　６６４　５　３５,2026-04-16,2026-04-21,08,常滑,一般,５１６　１５６　６６５,2026-03-28,2026-04-03,08,常滑,一般,５５５　６６５５２　６５,2025-11-19,2025-11-23,08,常滑,一般,６５６　２２５　６６,2025-04-07,2025-04-12,08,常滑,ＧⅢ,転　転６５　５６２　４６
202609130810,2026-09-13,08,10R,4938,小芦 るり華,2025-09-18,2025-09-22,08,常滑,一般,５　４５２３３　３３,2025-05-13,2025-05-18,08,常滑,ＧⅡ,５　６３２　１　６　１５,2021-04-22,2021-04-27,08,常滑,ＧⅢ,１１６　転２４４２　２３,2020-03-14,2020-03-17,08,常滑,一般,５３４　３５１４,2019-11-02,2019-11-05,08,常滑,一般,１３２　４４４３,5079,大石 真央,2026-02-14,2026-02-18,08,常滑,一般,６　５２１３５６４５,2024-04-27,2024-04-30,08,常滑,一般,６５６　４６１,2024-03-05,2024-03-10,08,常滑,一般,４４２６２　２　１２３６,2024-02-02,2024-02-05,08,常滑,一般,６５５　６　４５,2022-11-10,2022-11-15,08,常滑,ＧⅢ,３　３２５５６５３　１６,4726,島田 なぎさ,2022-09-12,2022-09-17,08,常滑,一般,１６３F２　４　５　３,2022-01-28,2022-01-31,08,常滑,一般,６　１転,2020-12-24,2020-12-27,08,常滑,一般,５３５　１３３３,2020-09-12,2020-09-16,08,常滑,一般,２２６　４６６６２,2019-04-17,2019-04-22,08,常滑,一般,３　５２２　１５２３[４],5346,中村 紋夕梨,2026-04-24,2026-04-29,08,常滑,一般,６６６　６　３４６　６３,2025-12-13,2025-12-18,08,常滑,一般,６６５　５　６　４６６,2025-04-07,2025-04-12,08,常滑,ＧⅢ,６　６６６　６６６　５５,2024-12-30,2025-01-04,08,常滑,一般,５　６６６　５６６　６６,2024-08-31,2024-09-05,08,常滑,一般,６　６６６　６６F　６,4825,倉持 莉々,2023-01-10,2023-01-15,08,常滑,一般,３２１　１　１３１１[１],2022-01-08,2022-01-10,08,常滑,一般,４４３　２５,2020-03-25,2020-03-30,08,常滑,一般,２４２５３　２３３６１４,2017-12-23,2017-12-26,08,常滑,一般,４６１５３　１５,2017-08-25,2017-08-28,08,常滑,一般,３２３　４５５３,4941,孫崎 百世,2024-11-06,2024-11-09,08,常滑,一般,転　３６６　２５,2024-08-31,2024-09-05,08,常滑,一般,３１５１４６３　１４２６,2023-07-02,2023-07-06,08,常滑,一般,３　２３６５５　２６,2022-09-12,2022-09-17,08,常滑,一般,３２２　２６５５３　２４,2021-02-20,2021-02-23,08,常滑,一般,５　６３５　３５
202609130811,2026-09-13,08,11R,4964,土屋 南,2024-04-07,2024-04-12,08,常滑,ＧⅢ,３１６　１　４２３５１１,2024-03-05,2024-03-10,08,常滑,一般,２１６　４３１３２２[エ],2020-03-25,2020-03-30,08,常滑,一般,３１３４３　１４１４２６,2019-02-16,2019-02-19,08,常滑,一般,１　５３４３４５,,,,,,,5052,赤井 星璃菜,2022-11-04,2022-11-07,08,常滑,一般,６　６６欠,2021-04-22,2021-04-27,08,常滑,ＧⅢ,６　５F６　６　４　５,2020-10-24,2020-10-29,08,常滑,一般,４５３　４３５　F　６,2020-06-11,2020-06-16,08,常滑,ＧⅢ,６　６６４３６６６５６,2019-06-01,2019-06-04,08,常滑,一般,６　４６６　６６,5254,羽田 妃希,2026-03-28,2026-04-03,08,常滑,一般,５　４６６　３１F５５,2025-08-28,2025-09-02,08,常滑,一般,４２５　５　３４２２６２,2024-12-30,2025-01-04,08,常滑,一般,２３６　５　１５２　２,2024-08-10,2024-08-15,08,常滑,一般,６　２５６　４６３　５６,2024-05-03,2024-05-08,08,常滑,一般,６　６４５　落６４　４６,4502,遠藤 エミ,2026-06-13,2026-06-18,08,常滑,ＧⅠ,１２６　６２４　２２１５,2025-05-13,2025-05-18,08,常滑,ＧⅡ,２　１３３１５　２　[２],2025-01-23,2025-01-26,08,常滑,ＧⅠ,４２３５４　３４,2024-08-18,2024-08-21,08,常滑,一般,２１３２２１[１],2024-01-19,2024-01-23,08,常滑,一般,１１４４１１１F２,5230,石原 凪紗,2026-05-19,2026-05-24,08,常滑,一般,１１６　３３５　２６６５,2026-03-18,2026-03-23,08,常滑,一般,２２６　２２４　１６２３,2024-12-30,2025-01-04,08,常滑,一般,１５５　５　６５６　１６,2024-06-29,2024-07-02,08,常滑,一般,６　６５６　６５,2024-05-03,2024-05-08,08,常滑,一般,２６５　４　４５６４６３,5297,南 彩寧,2026-02-26,2026-03-02,08,常滑,一般,５６６　６　６６６５,2023-12-22,2023-12-25,08,常滑,一般,６６６　４　６５,,,,,,,,,,,,,,,,,,
202609130812,2026-09-13,08,12R,4433,川野 芽唯,2025-05-13,2025-05-18,08,常滑,ＧⅡ,１　３６５　６　５１３,2022-09-12,2022-09-17,08,常滑,一般,２１２　１１１３２１[３],2022-05-26,2022-05-29,08,常滑,一般,F２３　４　５,2021-12-02,2021-12-06,08,常滑,一般,２６２　３６４　２２,2020-10-24,2020-10-29,08,常滑,一般,３　５５３３１５４２３,3232,山川 美由紀,2025-05-13,2025-05-18,08,常滑,ＧⅡ,４　５　５３５　３４４,2022-11-10,2022-11-15,08,常滑,ＧⅢ,２５４１１　４２３５１２,2021-02-03,2021-02-08,08,常滑,一般,２　２F４３３　５　２,2020-06-11,2020-06-16,08,常滑,ＧⅢ,２　１１４３３１３３２１,2020-01-22,2020-01-27,08,常滑,ＧⅢ,１５２　５２４３１１[６],4556,竹井 奈美,2025-09-18,2025-09-22,08,常滑,一般,１　６２４２４５１３,2023-11-30,2023-12-05,08,常滑,ＧⅢ,１　１６２　１１５１[２],2020-10-24,2020-10-29,08,常滑,一般,４５６１２　３２５６１４,2020-01-22,2020-01-27,08,常滑,ＧⅢ,４１２５１２５　１３３２,2019-09-14,2019-09-17,08,常滑,一般,２２１１４１[３],4208,三浦 永理,2026-02-05,2026-02-10,08,常滑,ＧⅠ,１　３６２　６　６２１,2025-12-13,2025-12-18,08,常滑,一般,欠欠,2025-08-28,2025-09-02,08,常滑,一般,１１４３１１１４２１[１],2025-05-13,2025-05-18,08,常滑,ＧⅡ,５２５　５　２１１１３,2025-04-07,2025-04-12,08,常滑,ＧⅢ,１３１１１２１１３F１,5146,野田 彩加,2025-05-13,2025-05-18,08,常滑,ＧⅡ,２４４　５　４３４　２,2025-01-08,2025-01-11,08,常滑,一般,４１５４４　５３,2024-04-07,2024-04-12,08,常滑,ＧⅢ,３　転４３　５４３　５２,2022-11-10,2022-11-15,08,常滑,ＧⅢ,４　５５２　５５２４６,2022-05-19,2022-05-22,08,常滑,一般,６　６５５２１,5188,武井 莉里佳,2025-08-19,2025-08-24,08,常滑,一般,４１２２１６２　１３３１,2025-05-13,2025-05-18,08,常滑,ＧⅡ,６　２１５　４　３２４２,2024-04-07,2024-04-12,08,常滑,ＧⅢ,５２６　１　１３５５３３,,,,,,,,,,,,
202609130901,2026-09-13,09,01R,4156,浜野 孝志,2026-08-15,2026-08-20,09,津,一般,３　４２４　１３３５５１,2026-04-30,2026-05-06,09,津,一般,１　５　１５３４５　４４,2025-12-30,2026-01-04,09,津,一般,１　２５１４４２２５１５,2025-08-13,2025-08-18,09,津,一般,２　６５６　２４１　５３,2025-06-25,2025-06-30,09,津,一般,３　１１４　６６３,3211,北川 敏弘,2024-04-21,2024-04-26,09,津,一般,２　３６１　２２４３５２,2019-12-01,2019-12-06,09,津,一般,２　１５４　２６２５６３,2018-02-14,2018-02-19,09,津,一般,６　１４１　２５１４４４,2017-11-22,2017-11-26,09,津,一般,２　３３４４１５３,2017-03-19,2017-03-24,09,津,一般,４　２１６６３　３　４３,5327,西田 和加,2026-04-24,2026-04-27,09,津,一般,６　６６６６４,,,,,,,,,,,,,,,,,,,,,,,,,4423,坂口 貴彦,2025-06-01,2025-06-04,09,津,一般,３３１　５５１３,2024-09-15,2024-09-19,09,津,一般,４５３　３１６４２４,2022-07-27,2022-08-01,09,津,ＧⅢ,６　５　３４６１６　２３,2022-02-17,2022-02-23,09,津,一般,２５６２１　４,2020-02-28,2020-03-04,09,津,一般,３６２　６６４　２５５,4349,犬童 千秋,2024-11-03,2024-11-08,09,津,一般,４３６　５５１　１　４５,2024-03-16,2024-03-23,09,津,一般,５　２５４　１２２　３２,2024-01-15,2024-01-20,09,津,ＧⅢ,４２４　５３２　４２６２,2023-08-01,2023-08-06,09,津,ＧⅠ,２　６　２６６　５６５,2021-11-17,2021-11-22,09,津,一般,４２３　１４５３１６１６,4390,松本 弓雄,2026-06-16,2026-06-21,09,津,一般,３　４２１　１６３２[５],2019-10-27,2019-11-01,09,津,一般,６４４　２２１　２５２４,2019-07-14,2019-07-19,09,津,一般,５４６　３２３　６１６,2010-07-14,2010-07-19,09,津,一般,６　６６３　６４５　５１,2010-04-14,2010-04-19,09,津,ＧⅢ,５５６　６６６６５　３
202609130902,2026-09-13,09,02R,5204,宇恵 有香,2026-08-15,2026-08-20,09,津,一般,５３６　２５４　４　４２,2026-05-20,2026-05-25,09,津,一般,３　３３２４６　６３４５,2026-04-15,2026-04-20,09,津,一般,５転４　２５３　３４２３,2026-01-26,2026-01-29,09,津,一般,１　５５４３５３,2024-08-13,2024-08-18,09,津,一般,５　６２４　３１６６１,4106,坂井 康嗣,2026-06-24,2026-06-29,09,津,一般,２　２５６　６１３４６６,2024-10-09,2024-10-14,09,津,一般,３　２２４３４　５６５６,2024-02-03,2024-02-08,09,津,一般,１　３６６６３　５,2022-05-01,2022-05-05,09,津,一般,４　４２５１６４３,2020-09-17,2020-09-22,09,津,一般,１　５４４　６５５　４５,3567,吉岡 誠,2026-05-29,2026-06-04,09,津,ＧⅢ,４　６６６,2025-07-12,2025-07-15,09,津,一般,６６,2024-02-03,2024-02-08,09,津,一般,６　３５２　２５６　６,2022-06-27,2022-07-02,09,津,一般,４　５５４,2020-07-18,2020-07-23,09,津,ＧⅢ,２　２６２　１６２５２３,4119,泥谷 一毅,2026-01-15,2026-01-20,09,津,一般,４５１　３２３　１５３,2025-08-04,2025-08-09,09,津,一般,３　２２１４１３３４１２,2024-07-19,2024-07-22,09,津,一般,３１３６F　２,2024-01-07,2024-01-12,09,津,一般,２３５　２５２　２４６２,2023-04-18,2023-04-25,09,津,一般,５　１　２５３５３２４６５,3901,松田 憲幸,2025-07-12,2025-07-15,09,津,一般,２４４　５５５４,2024-10-17,2024-10-22,09,津,一般,４　２１６６５　２　３５,2018-11-29,2018-12-04,09,津,一般,２　５６６　２６４１４４,2017-11-05,2017-11-08,09,津,一般,２３３２１５１１,2017-06-06,2017-06-11,09,津,一般,２２３２２５４２１転１４,5356,,,,,,,,,,,,,,,,,,,,,,,,,,,,,,,
202609130903,2026-09-13,09,03R,3973,崎 利仁,2026-04-24,2026-04-27,09,津,一般,５２６　６６５,2025-12-15,2025-12-18,09,津,一般,６６５１５　２６,2025-07-18,2025-07-21,09,津,一般,５　５４１４５５,2024-10-25,2024-10-30,09,津,一般,４　３５５　５４６５５４,2024-06-18,2024-06-23,09,津,ＧⅢ,１　６５４　３４６２６４,4318,桑原 将光,2025-11-05,2025-11-10,09,津,一般,３　１５６１２１３４１２,2024-08-24,2024-08-29,09,津,一般,１　５２３２４５２６５,2024-05-27,2024-05-30,09,津,一般,６　４６５４２,2021-05-31,2021-06-05,09,津,一般,エ４４　２４５　３　６５,2020-10-08,2020-10-13,09,津,一般,４　６３６　６６,3580,水口 由紀,2025-04-19,2025-04-24,09,津,ＧⅢ,１　４５３３６　２４５４,2024-03-08,2024-03-13,09,津,一般,４５１　５６４　３　３,2024-01-15,2024-01-20,09,津,ＧⅢ,５６３　２２４　１３５５,2023-02-24,2023-03-02,09,津,一般,４６５　　　５４２　２５３,2019-08-22,2019-08-27,09,津,ＧⅢ,５　５５６　転２４　４３,5005,石田 貴洋,2026-03-24,2026-03-29,09,津,一般,５４４,2025-08-22,2025-08-27,09,津,一般,３５３　２３３４２３５４,2024-04-21,2024-04-26,09,津,一般,３２５　４５６　３　４６,2024-02-12,2024-02-18,09,津,一般,３４３　１　４１４４１　５２,2023-06-02,2023-06-09,09,津,一般,３４１３３　１５４　１５１５,4757,山田 祐也,2026-04-02,2026-04-07,09,津,ＧⅠ,６　６　２６３　４４２,2025-11-05,2025-11-10,09,津,一般,１１４４１３２　３１[５],2025-04-04,2025-04-09,09,津,ＧⅠ,２５３　４　２２６　１６,2024-09-06,2024-09-11,09,津,ＧⅠ,６　２４５　３４２４１,2024-02-21,2024-02-26,09,津,ＧⅢ,６５１６３２１　３４１,3827,今泉 徹,2025-07-03,2025-07-07,09,津,一般,５　４４４２１　１４,2023-01-16,2023-01-21,09,津,一般,４　５６３,2021-12-14,2021-12-17,09,津,一般,３５４　４５４６,2021-10-11,2021-10-16,09,津,一般,３　５４１　６２５５４,2021-01-28,2021-02-03,09,津,一般,５　１３４　５３４　３３
202609130904,2026-09-13,09,04R,3448,高山 秀雄,2025-09-16,2025-09-21,09,津,一般,２５３　３６３　３　２６,2025-05-26,2025-05-29,09,津,一般,２５１３５　３５,2024-06-18,2024-06-23,09,津,ＧⅢ,４　６１エ　４４５　２３,2024-01-24,2024-01-31,09,津,一般,６　５　５４５　２４４　４３,2023-01-16,2023-01-21,09,津,一般,２３２　４５４　３５１２,5049,松井 友汰,2025-12-22,2025-12-26,09,津,一般,３　５４４３４　５４,2025-05-26,2025-05-29,09,津,一般,１　４５２５１２,2023-06-28,2023-07-04,09,津,一般,１１１５１　１５２６１５２F,2023-02-17,2023-02-20,09,津,一般,５　４２１４１５,2022-07-16,2022-07-21,09,津,一般,６　１５１,4695,尾崎 雄二,2025-07-03,2025-07-07,09,津,一般,５　３転,2023-05-24,2023-05-30,09,津,一般,５２６　４３６４２　５１３２,2018-02-22,2018-02-27,09,津,一般,６３２　６５３２３　４６,,,,,,,,,,,,,5277,井上 未都,2025-06-07,2025-06-12,09,津,一般,１　４３２　転５４　３３,2024-03-25,2024-03-30,09,津,一般,６　１６４　６３６　２６,,,,,,,,,,,,,,,,,,,5073,上原 健次郎,2026-04-24,2026-04-27,09,津,一般,１　３５２４５５,2024-08-24,2024-08-29,09,津,一般,６　６４５　３３５　３,2022-12-09,2022-12-13,09,津,一般,４　１６３落２　４５,2022-08-31,2022-09-05,09,津,一般,４４５　４４１　３２４２,,,,,,,4644,山田 亮太,2024-06-27,2024-07-01,09,津,一般,５　５２５１１　４５,2023-06-11,2023-06-17,09,津,一般,４　４１４３２６５　１２１６,2021-12-14,2021-12-17,09,津,一般,４　２３１５２２,2020-12-01,2020-12-06,09,津,一般,転　３４１　６６１　３５,2020-08-05,2020-08-10,09,津,一般,１４４　２６４１１３３１
202609130905,2026-09-13,09,05R,4058,野末 智一,2026-01-08,2026-01-13,09,津,一般,４　１２２５１２,2025-09-07,2025-09-12,09,津,一般,３　４３５　２５６　１３,2025-05-01,2025-05-06,09,津,一般,１　３１６　４３２６３４,2024-12-31,2025-01-05,09,津,一般,４５２　４２６５３　２,2024-10-09,2024-10-14,09,津,一般,６３２　３１５　３６１６,3619,長谷川 充,2026-01-26,2026-01-29,09,津,一般,４１２３４　４３,2025-09-07,2025-09-12,09,津,一般,１１３　５４６　１６３６,2025-05-26,2025-05-29,09,津,一般,１　３４５２３４,2025-03-16,2025-03-21,09,津,一般,５４５　５　４４,2024-12-23,2024-12-27,09,津,一般,１３６　１１１３１１,3629,浅見 昌克,2025-10-30,2025-11-02,09,津,一般,２２１　２４[５],2025-03-24,2025-03-30,09,津,一般,３３２　１５５４１　５４１３,2024-04-21,2024-04-26,09,津,一般,２　４３４　４３４１５,2021-10-11,2021-10-16,09,津,一般,５　３４１　２５１３４２,2021-03-17,2021-03-22,09,津,一般,１４１　１５３５１２[４],4458,抹香 雄三,2026-07-03,2026-07-06,09,津,一般,１３５４４　５３,2025-08-22,2025-08-27,09,津,一般,５　２５４５１　６５３５,2024-06-10,2024-06-15,09,津,一般,４　３３３　３６５　３６,2022-07-16,2022-07-21,09,津,一般,５　５４５　３６５　６４,2019-07-30,2019-08-04,09,津,一般,６　４１５　６４４　３２,5354,渡邊 雄斗,2026-08-15,2026-08-20,09,津,一般,２５１　５４１　３３１６,2026-07-03,2026-07-06,09,津,一般,６　１６３４４４,2026-04-30,2026-05-06,09,津,一般,３　６　３４５　６　２５,2026-03-24,2026-03-29,09,津,一般,５　３４６　５１６　５６,2026-01-08,2026-01-13,09,津,一般,　　　　　　２２,5327,西田 和加,2026-04-24,2026-04-27,09,津,一般,６　６６６６４,,,,,,,,,,,,,,,,,,,,,,,,
202609130906,2026-09-13,09,06R,5172,田村 慶,2025-11-18,2025-11-23,09,津,一般,４　２６６　３１３５１,2025-05-17,2025-05-22,09,津,ＧⅢ,５　２３２２３３３６３６,2021-09-12,2021-09-17,09,津,一般,６　５５６　６５３　５６,,,,,,,,,,,,,5359,佐藤 世那,2025-10-30,2025-11-02,09,津,一般,６５４　５４２,2025-03-16,2025-03-21,09,津,一般,６　５５６　６５,2024-10-17,2024-10-22,09,津,一般,６　４６５　４　６６落,,,,,,,,,,,,,4191,赤羽 克也,2025-09-07,2025-09-12,09,津,一般,１　２３６１３　５５４３,2024-12-23,2024-12-27,09,津,一般,３４１２２　２１[１],2023-07-23,2023-07-29,09,津,一般,１　６３１２１　１１２１[３],2022-12-19,2022-12-27,09,津,一般,　　１５５　３　２３１４２４,2022-03-29,2022-04-04,09,津,一般,２５１１１３３　３　１５１１,3900,香川 素子,2026-04-15,2026-04-20,09,津,一般,１　１２４３１６１３４４,2025-06-07,2025-06-12,09,津,一般,５４３　６１２６１　４１,2024-01-15,2024-01-20,09,津,ＧⅢ,１６３６１４１１２４３１,2023-08-01,2023-08-06,09,津,ＧⅠ,１４３　３　５５２　６５,2022-07-06,2022-07-11,09,津,一般,１４１５２４１４１２[２],3211,北川 敏弘,2024-04-21,2024-04-26,09,津,一般,２　３６１　２２４３５２,2019-12-01,2019-12-06,09,津,一般,２　１５４　２６２５６３,2018-02-14,2018-02-19,09,津,一般,６　１４１　２５１４４４,2017-11-22,2017-11-26,09,津,一般,２　３３４４１５３,2017-03-19,2017-03-24,09,津,一般,４　２１６６３　３　４３,4532,秋元 哲,2026-04-02,2026-04-07,09,津,ＧⅠ,４３３　１　１１５　２３,2025-12-22,2025-12-26,09,津,一般,３１４３３３２５２４,2025-10-21,2025-10-26,09,津,ＳＧ,５　２　６６４　２３４,2025-05-26,2025-05-29,09,津,一般,３３４２１１[３],2024-07-10,2024-07-15,09,津,ＧⅡ,３　５５１　６　４４２５
202609130907,2026-09-13,09,07R,4349,犬童 千秋,2024-11-03,2024-11-08,09,津,一般,４３６　５５１　１　４５,2024-03-16,2024-03-23,09,津,一般,５　２５４　１２２　３２,2024-01-15,2024-01-20,09,津,ＧⅢ,４２４　５３２　４２６２,2023-08-01,2023-08-06,09,津,ＧⅠ,２　６　２６６　５６５,2021-11-17,2021-11-22,09,津,一般,４２３　１４５３１６１６,4703,森永 隆,2024-11-03,2024-11-08,09,津,一般,３１３　５２３　３３２４,2024-05-18,2024-05-23,09,津,ＧⅢ,３５１５６３３　１　４２,2023-01-07,2023-01-11,09,津,一般,１３１２１３２１[１],2020-11-15,2020-11-20,09,津,ＧⅠ,６　６６１　４　２５５４,2020-02-28,2020-03-04,09,津,一般,３２２　４２５　６４３５,3268,森 竜也,2026-08-15,2026-08-20,09,津,一般,２３５　４２４　１６３,2026-05-29,2026-06-04,09,津,ＧⅢ,４５１　２６６　６２４２,2026-04-30,2026-05-06,09,津,一般,１２５　６　５　１６４４,2025-12-30,2026-01-04,09,津,一般,１５５　３６４　６　１５,2025-10-30,2025-11-02,09,津,一般,１３４　６６５２,4933,板橋 侑我,2025-06-18,2025-06-22,09,津,一般,３２１　２２１２[３],2022-07-16,2022-07-21,09,津,一般,３３６４４　５　６３４１,2022-05-09,2022-05-14,09,津,ＧⅠ,３　１　１６２　２　[３],2022-03-29,2022-04-04,09,津,一般,１４４　２６５　４４１　１２,2021-05-31,2021-06-05,09,津,一般,６　１６１　１６６４４３,3349,吉田 一郎,2024-09-23,2024-09-26,09,津,一般,１６２６５　１１,2019-07-14,2019-07-19,09,津,一般,４　１４１　２１５１[２],2017-09-03,2017-09-08,09,津,一般,６６１２４　２３３４１６,2017-04-11,2017-04-16,09,津,ＧⅠ,２３３　２　F５３　６,2015-12-20,2015-12-25,09,津,一般,１３１　２２２　１４２５,4119,泥谷 一毅,2026-01-15,2026-01-20,09,津,一般,４５１　３２３　１５３,2025-08-04,2025-08-09,09,津,一般,３　２２１４１３３４１２,2024-07-19,2024-07-22,09,津,一般,３１３６F　２,2024-01-07,2024-01-12,09,津,一般,２３５　２５２　２４６２,2023-04-18,2023-04-25,09,津,一般,５　１　２５３５３２４６５
202609130908,2026-09-13,09,08R,3430,角浜 修,2026-05-29,2026-06-04,09,津,ＧⅢ,６６１　２２５　３４６２,2025-10-04,2025-10-08,09,津,一般,６　６５２　１４４３,2023-05-06,2023-05-13,09,津,一般,６２５　６４５　５　６６３,2018-11-20,2018-11-25,09,津,ＧⅢ,３　２６３　１４２２[６],2017-12-09,2017-12-14,09,津,一般,４６２　６６,4259,真庭 明志,2024-02-03,2024-02-08,09,津,一般,２　３６５６,2019-05-10,2019-05-15,09,津,ＧⅠ,６　２　６３４　５５６６,2016-06-15,2016-06-20,09,津,一般,１６１５３３３３２２[６],2015-12-20,2015-12-25,09,津,一般,３４５２３５１１２３４３,2015-09-08,2015-09-14,09,津,一般,５４F　６６４,4581,吉村 誠,2025-10-04,2025-10-08,09,津,一般,４　４６１１５　１４,2025-01-09,2025-01-14,09,津,一般,１　３５３４３３２５,2024-06-02,2024-06-07,09,津,一般,３　４３１　３４１４１４,2024-02-03,2024-02-08,09,津,一般,３２４　５４３　１　２３,2023-07-07,2023-07-12,09,津,一般,３　４５４４１　３　１１,3580,水口 由紀,2025-04-19,2025-04-24,09,津,ＧⅢ,１　４５３３６　２４５４,2024-03-08,2024-03-13,09,津,一般,４５１　５６４　３　３,2024-01-15,2024-01-20,09,津,ＧⅢ,５６３　２２４　１３５５,2023-02-24,2023-03-02,09,津,一般,４６５　　　５４２　２５３,2019-08-22,2019-08-27,09,津,ＧⅢ,５　５５６　転２４　４３,4702,三浦 敬太,2024-03-16,2024-03-23,09,津,一般,４４５２１　２　１２[５],2022-01-14,2022-01-19,09,津,一般,１２４　２３[６],2021-05-31,2021-06-05,09,津,一般,４３６　２２４　２４１４,2020-09-17,2020-09-22,09,津,一般,４　５１２　１４２３１３,2018-06-03,2018-06-08,09,津,一般,２２１　１２１３２３１１,4106,坂井 康嗣,2026-06-24,2026-06-29,09,津,一般,２　２５６　６１３４６６,2024-10-09,2024-10-14,09,津,一般,３　２２４３４　５６５６,2024-02-03,2024-02-08,09,津,一般,１　３６６６３　５,2022-05-01,2022-05-05,09,津,一般,４　４２５１６４３,2020-09-17,2020-09-22,09,津,一般,１　５４４　６５５　４５
202609130909,2026-09-13,09,09R,4695,尾崎 雄二,2025-07-03,2025-07-07,09,津,一般,５　３転,2023-05-24,2023-05-30,09,津,一般,５２６　４３６４２　５１３２,2018-02-22,2018-02-27,09,津,一般,６３２　６５３２３　４６,,,,,,,,,,,,,4017,向井 美鈴,2025-01-17,2025-01-22,09,津,一般,３１４１６　３２１５５３,2023-08-01,2023-08-06,09,津,ＧⅠ,２　１５１　３　４　２１,2022-08-20,2022-08-25,09,津,一般,３　２４４３５１１５５１,2020-10-17,2020-10-22,09,津,ＧⅢ,１　５４１　５３１６１５,2018-01-07,2018-01-11,09,津,一般,４　５４４５４４,4136,江夏 満,2025-11-05,2025-11-10,09,津,一般,１２３　１２３４２４F５,2025-07-29,2025-08-01,09,津,一般,３４１　５３２３,2024-10-17,2024-10-22,09,津,一般,３２１３４　５６２５１２,2023-04-09,2023-04-14,09,津,ＧⅠ,３　４４６　６　６６３,2022-05-01,2022-05-05,09,津,一般,１４２３２１１２[３],5204,宇恵 有香,2026-08-15,2026-08-20,09,津,一般,５３６　２５４　４　４２,2026-05-20,2026-05-25,09,津,一般,３　３３２４６　６３４５,2026-04-15,2026-04-20,09,津,一般,５転４　２５３　３４２３,2026-01-26,2026-01-29,09,津,一般,１　５５４３５３,2024-08-13,2024-08-18,09,津,一般,５　６２４　３１６６１,4977,馬野 耀,2025-08-30,2025-09-04,09,津,一般,３６５　４　３３２　２５,2024-02-21,2024-02-26,09,津,ＧⅢ,１　４５１　６２３３３,2021-04-29,2021-05-05,09,津,一般,５　５　４１４３１３４,2020-08-23,2020-08-28,09,津,一般,４　２２１　４４３５１３,2020-05-29,2020-06-01,09,津,一般,２　４１３５１６,5005,石田 貴洋,2026-03-24,2026-03-29,09,津,一般,５４４,2025-08-22,2025-08-27,09,津,一般,３５３　２３３４２３５４,2024-04-21,2024-04-26,09,津,一般,３２５　４５６　３　４６,2024-02-12,2024-02-18,09,津,一般,３４３　１　４１４４１　５２,2023-06-02,2023-06-09,09,津,一般,３４１３３　１５４　１５１５
202609130910,2026-09-13,09,10R,4949,横田 貴満,2022-08-31,2022-09-05,09,津,一般,１２１６３　２１５１[４],2021-04-03,2021-04-09,09,津,一般,５５１　２４３　３６２４,2020-09-04,2020-09-09,09,津,一般,５３５　１１２　１４３２,,,,,,,,,,,,,4644,山田 亮太,2024-06-27,2024-07-01,09,津,一般,５　５２５１１　４５,2023-06-11,2023-06-17,09,津,一般,４　４１４３２６５　１２１６,2021-12-14,2021-12-17,09,津,一般,４　２３１５２２,2020-12-01,2020-12-06,09,津,一般,転　３４１　６６１　３５,2020-08-05,2020-08-10,09,津,一般,１４４　２６４１１３３１,3901,松田 憲幸,2025-07-12,2025-07-15,09,津,一般,２４４　５５５４,2024-10-17,2024-10-22,09,津,一般,４　２１６６５　２　３５,2018-11-29,2018-12-04,09,津,一般,２　５６６　２６４１４４,2017-11-05,2017-11-08,09,津,一般,２３３２１５１１,2017-06-06,2017-06-11,09,津,一般,２２３２２５４２１転１４,4824,松井 洪弥,2026-06-07,2026-06-12,09,津,一般,２６１１２　３２２２[２],2026-04-30,2026-05-06,09,津,一般,１６４　４　６５２,2026-04-02,2026-04-07,09,津,ＧⅠ,４　６　５４６　６６６,2026-01-15,2026-01-20,09,津,一般,１４４２２　２１１１[],2025-12-22,2025-12-26,09,津,一般,２４３４６　１　１２,3619,長谷川 充,2026-01-26,2026-01-29,09,津,一般,４１２３４　４３,2025-09-07,2025-09-12,09,津,一般,１１３　５４６　１６３６,2025-05-26,2025-05-29,09,津,一般,１　３４５２３４,2025-03-16,2025-03-21,09,津,一般,５４５　５　４４,2024-12-23,2024-12-27,09,津,一般,１３６　１１１３１１,4191,赤羽 克也,2025-09-07,2025-09-12,09,津,一般,１　２３６１３　５５４３,2024-12-23,2024-12-27,09,津,一般,３４１２２　２１[１],2023-07-23,2023-07-29,09,津,一般,１　６３１２１　１１２１[３],2022-12-19,2022-12-27,09,津,一般,　　１５５　３　２３１４２４,2022-03-29,2022-04-04,09,津,一般,２５１１１３３　３　１５１１
202609130911,2026-09-13,09,11R,3349,吉田 一郎,2024-09-23,2024-09-26,09,津,一般,１６２６５　１１,2019-07-14,2019-07-19,09,津,一般,４　１４１　２１５１[２],2017-09-03,2017-09-08,09,津,一般,６６１２４　２３３４１６,2017-04-11,2017-04-16,09,津,ＧⅠ,２３３　２　F５３　６,2015-12-20,2015-12-25,09,津,一般,１３１　２２２　１４２５,4532,秋元 哲,2026-04-02,2026-04-07,09,津,ＧⅠ,４３３　１　１１５　２３,2025-12-22,2025-12-26,09,津,一般,３１４３３３２５２４,2025-10-21,2025-10-26,09,津,ＳＧ,５　２　６６４　２３４,2025-05-26,2025-05-29,09,津,一般,３３４２１１[３],2024-07-10,2024-07-15,09,津,ＧⅡ,３　５５１　６　４４２５,4423,坂口 貴彦,2025-06-01,2025-06-04,09,津,一般,３３１　５５１３,2024-09-15,2024-09-19,09,津,一般,４５３　３１６４２４,2022-07-27,2022-08-01,09,津,ＧⅢ,６　５　３４６１６　２３,2022-02-17,2022-02-23,09,津,一般,２５６２１　４,2020-02-28,2020-03-04,09,津,一般,３６２　６６４　２５５,5073,上原 健次郎,2026-04-24,2026-04-27,09,津,一般,１　３５２４５５,2024-08-24,2024-08-29,09,津,一般,６　６４５　３３５　３,2022-12-09,2022-12-13,09,津,一般,４　１６３落２　４５,2022-08-31,2022-09-05,09,津,一般,４４５　４４１　３２４２,,,,,,,3973,崎 利仁,2026-04-24,2026-04-27,09,津,一般,５２６　６６５,2025-12-15,2025-12-18,09,津,一般,６６５１５　２６,2025-07-18,2025-07-21,09,津,一般,５　５４１４５５,2024-10-25,2024-10-30,09,津,一般,４　３５５　５４６５５４,2024-06-18,2024-06-23,09,津,ＧⅢ,１　６５４　３４６２６４,3629,浅見 昌克,2025-10-30,2025-11-02,09,津,一般,２２１　２４[５],2025-03-24,2025-03-30,09,津,一般,３３２　１５５４１　５４１３,2024-04-21,2024-04-26,09,津,一般,２　４３４　４３４１５,2021-10-11,2021-10-16,09,津,一般,５　３４１　２５１３４２,2021-03-17,2021-03-22,09,津,一般,１４１　１５３５１２[４]
202609130912,2026-09-13,09,12R,4757,山田 祐也,2026-04-02,2026-04-07,09,津,ＧⅠ,６　６　２６３　４４２,2025-11-05,2025-11-10,09,津,一般,１１４４１３２　３１[５],2025-04-04,2025-04-09,09,津,ＧⅠ,２５３　４　２２６　１６,2024-09-06,2024-09-11,09,津,ＧⅠ,６　２４５　３４２４１,2024-02-21,2024-02-26,09,津,ＧⅢ,６５１６３２１　３４１,4156,浜野 孝志,2026-08-15,2026-08-20,09,津,一般,３　４２４　１３３５５１,2026-04-30,2026-05-06,09,津,一般,１　５　１５３４５　４４,2025-12-30,2026-01-04,09,津,一般,１　２５１４４２２５１５,2025-08-13,2025-08-18,09,津,一般,２　６５６　２４１　５３,2025-06-25,2025-06-30,09,津,一般,３　１１４　６６３,4259,真庭 明志,2024-02-03,2024-02-08,09,津,一般,２　３６５６,2019-05-10,2019-05-15,09,津,ＧⅠ,６　２　６３４　５５６６,2016-06-15,2016-06-20,09,津,一般,１６１５３３３３２２[６],2015-12-20,2015-12-25,09,津,一般,３４５２３５１１２３４３,2015-09-08,2015-09-14,09,津,一般,５４F　６６４,4058,野末 智一,2026-01-08,2026-01-13,09,津,一般,４　１２２５１２,2025-09-07,2025-09-12,09,津,一般,３　４３５　２５６　１３,2025-05-01,2025-05-06,09,津,一般,１　３１６　４３２６３４,2024-12-31,2025-01-05,09,津,一般,４５２　４２６５３　２,2024-10-09,2024-10-14,09,津,一般,６３２　３１５　３６１６,5359,佐藤 世那,2025-10-30,2025-11-02,09,津,一般,６５４　５４２,2025-03-16,2025-03-21,09,津,一般,６　５５６　６５,2024-10-17,2024-10-22,09,津,一般,６　４６５　４　６６落,,,,,,,,,,,,,5049,松井 友汰,2025-12-22,2025-12-26,09,津,一般,３　５４４３４　５４,2025-05-26,2025-05-29,09,津,一般,１　４５２５１２,2023-06-28,2023-07-04,09,津,一般,１１１５１　１５２６１５２F,2023-02-17,2023-02-20,09,津,一般,５　４２１４１５,2022-07-16,2022-07-21,09,津,一般,６　１５１
202609131001,2026-09-13,10,01R,5045,平川 香織,2026-04-14,2026-04-19,10,三国,一般,３３,2025-07-13,2025-07-18,10,三国,一般,４６４　２　６２５３５２,2025-04-14,2025-04-18,10,三国,一般,５　４５５５４　３４,,,,,,,,,,,,,3474,松瀬 弘美,2026-03-24,2026-03-29,10,三国,ＧⅢ,２　１４５６２　４１２２,2025-10-17,2025-10-22,10,三国,一般,４３５　４６５　２　４２,2025-06-24,2025-06-29,10,三国,一般,３５４４２３３　２３[３],2024-11-01,2024-11-06,10,三国,ＧⅢ,５４５　３１２３１　４５,2023-11-03,2023-11-09,10,三国,一般,３３３　３２５　１４２５,3645,淺田 千亜希,2017-03-28,2017-04-02,10,三国,一般,２２２２５　３４２４１３,2011-03-01,2011-03-06,10,三国,ＧⅠ,４　５１５　２５２１１,2009-08-20,2009-08-25,10,三国,一般,１１１１２２２３６１[１],2008-07-12,2008-07-17,10,三国,ＧⅢ,１１１２１２１２１１[５],2004-07-07,2004-07-11,10,三国,ＧⅢ,１１２４３３４５F５,4694,高田 綾,2022-12-18,2022-12-21,10,三国,一般,６　５F６　２,2021-08-31,2021-09-05,10,三国,ＧⅢ,５１３　６６３　３　４１,2021-08-04,2021-08-07,10,三国,一般,６　２５５　５５,2019-11-10,2019-11-15,10,三国,一般,１　５５５４６　３　５６,2019-04-16,2019-04-21,10,三国,一般,１３６　６４４　１５３６,4317,木村 紗友希,2026-03-24,2026-03-29,10,三国,ＧⅢ,２　５４５　１１４６１転,2024-10-13,2024-10-18,10,三国,一般,４２２　５４６　２６２,2023-11-03,2023-11-09,10,三国,一般,５　６６１　５１２　３５,2022-07-12,2022-07-17,10,三国,ＧⅢ,５４１　３３４　４２２,2022-03-26,2022-04-01,10,三国,一般,４６５　４１,4589,塩崎 桐加,2026-06-21,2026-06-24,10,三国,一般,３４１３５５４１,2024-09-12,2024-09-17,10,三国,一般,１６１　１６２４２２[５],2024-06-07,2024-06-12,10,三国,一般,２２６　１５２　１２[６],2024-03-20,2024-03-25,10,三国,一般,１３１　２　１１３２[４],2023-11-03,2023-11-09,10,三国,一般,２２１３２４１　４２[５]
202609131002,2026-09-13,10,02R,4233,亀山 雅幸,2025-02-13,2025-02-16,10,三国,一般,２２１６２５２５,2022-03-16,2022-03-21,10,三国,一般,３６５１３　６６１　２,2021-11-23,2021-11-28,10,三国,一般,２　４２１５３２４４２６,2020-11-18,2020-11-23,10,三国,一般,５２２２６　３２１５３３,2019-11-03,2019-11-07,10,三国,一般,１１３６１　３４４２,5029,中 亮太,2024-05-24,2024-05-29,10,三国,ＧⅢ,４３６　３５３３１　１１,2023-04-14,2023-04-19,10,三国,一般,２５１４１１２３１２[４],2022-06-11,2022-06-16,10,三国,ＧⅢ,６　１１６４２２１２[６],2021-07-23,2021-07-28,10,三国,一般,１１１６２F４　３　６,2020-09-05,2020-09-10,10,三国,一般,４　５６１　５６,3156,金子 良昭,2026-01-31,2026-02-03,10,三国,一般,４　４２２２４５,2025-04-21,2025-04-25,10,三国,一般,３５４　３２６３２４,2024-07-09,2024-07-13,10,三国,一般,２５４　３４５　５３,2024-04-06,2024-04-10,10,三国,一般,６５１　４　４４,2023-10-25,2023-10-30,10,三国,一般,２３３　３４１１４３F１,5323,香川 陽太,2026-01-31,2026-02-03,10,三国,一般,２６３　４６３,2024-06-16,2024-06-19,10,三国,一般,５　５６４　５５,2024-01-26,2024-01-30,10,三国,一般,５　４５６　３６６５,2023-12-23,2023-12-28,10,三国,一般,５　４５４　５転５４６４,,,,,,,3482,金子 猛志,2026-02-06,2026-02-11,10,三国,一般,６６２６２　４　３６,2025-10-29,2025-11-03,10,三国,ＧⅢ,３１４　３３６５４　６２,2025-07-22,2025-07-27,10,三国,一般,２３６６３　２４２　４１,2025-02-28,2025-03-06,10,三国,一般,４２２　３６６５２　４２,2024-12-07,2024-12-12,10,三国,一般,５１２　６　３２３３１５,4003,表 憲一,2026-08-14,2026-08-19,10,三国,一般,３４２　３５５　２４３３,2026-07-18,2026-07-22,10,三国,一般,３　４６４３４　５１,2026-05-14,2026-05-18,10,三国,一般,５４５２４　２　３５,2026-04-14,2026-04-19,10,三国,一般,１　２３２　３４３２[３],2026-02-06,2026-02-11,10,三国,一般,４　３１３３１５１２
202609131003,2026-09-13,10,03R,4953,尾上 雅也,2026-03-07,2026-03-11,10,三国,一般,１３３４１１１１[１],2024-11-11,2024-11-15,10,三国,一般,３１３　１６２３４２,2024-02-28,2024-03-02,10,三国,一般,５５４　３　１１,2023-04-25,2023-04-28,10,三国,一般,１１２３６１[５],2023-04-05,2023-04-09,10,三国,一般,２３１２２２,3967,鈴木 茂高,2026-04-05,2026-04-10,10,三国,一般,２　４５６５１　４２２,2025-09-26,2025-09-29,10,三国,一般,３　５４４３５,2025-02-13,2025-02-16,10,三国,一般,４２５　５３３２,2024-03-20,2024-03-25,10,三国,一般,４　４６６　４　３５５５,2023-10-07,2023-10-12,10,三国,一般,３　５６１　４５５４１,4155,長野 壮志郎,2025-12-24,2025-12-27,10,三国,一般,６　３２２　２２,2025-03-19,2025-03-25,10,三国,一般,妨１５４６　６６,2024-08-25,2024-08-30,10,三国,一般,１６３F４　６　転,2023-03-25,2023-03-30,10,三国,ＧⅠ,５　３　６６１　５６３,2020-07-26,2020-07-29,10,三国,一般,１６３５１　３６,5294,豊田 祥生,2026-01-20,2026-01-26,10,三国,一般,５６３　３　５１６５４,2025-10-04,2025-10-07,10,三国,一般,２６６　６　４５,2025-03-31,2025-04-05,10,三国,一般,６　４　５６４　３５２,2023-08-21,2023-08-25,10,三国,一般,６　６　６６６　６４,2023-06-05,2023-06-10,10,三国,一般,６　６６４　６　６６６,4203,小倉 康典,2026-04-14,2026-04-19,10,三国,一般,６２３　６　１　３４６６,2023-08-30,2023-09-02,10,三国,一般,６５６　５　２４,2020-10-23,2020-10-28,10,三国,一般,３５２　３１５　１６３６,2017-04-26,2017-04-30,10,三国,一般,６１５　１３５５３５,2015-11-21,2015-11-24,10,三国,一般,５　１６５３４,3620,信濃 由行,2026-08-14,2026-08-19,10,三国,一般,５　５３４　４３６４５,2026-07-07,2026-07-12,10,三国,ＧⅢ,６６６　６　５６５　４６,2026-05-02,2026-05-07,10,三国,一般,４　４１２　３６３２２６,2025-12-24,2025-12-27,10,三国,一般,６３３　５　３６,2025-10-17,2025-10-22,10,三国,一般,４　４４２５５　３６４
202609131004,2026-09-13,10,04R,5141,大澤 風葵,2024-05-10,2024-05-16,10,三国,一般,３６１４１２１１１　５１[２],2023-08-03,2023-08-07,10,三国,一般,１４１４１１２１[１],2023-04-14,2023-04-19,10,三国,一般,１　２２４３６F３　３,2023-01-01,2023-01-06,10,三国,一般,４　４２２１２６２５４１,2022-11-14,2022-11-18,10,三国,一般,３１６　転４３２３２,4081,樋口 範政,2026-07-07,2026-07-12,10,三国,ＧⅢ,１　５４６１１２２３３３,2024-10-01,2024-10-06,10,三国,ＧⅢ,３　６６６　４６５　４６,2024-05-24,2024-05-29,10,三国,ＧⅢ,６　５３５　５　４４６３,2024-02-09,2024-02-13,10,三国,一般,６３６　４２４　転５,2023-10-25,2023-10-30,10,三国,一般,１　４５６　６１４３４１,3613,角谷 健吾,2022-04-19,2022-04-24,10,三国,ＧⅠ,１５２　２　２６５　３３,2022-01-17,2022-01-23,10,三国,一般,１２１２６１１　３　１１[３],2020-10-23,2020-10-28,10,三国,一般,１６２２４２１３３１[４],2019-09-06,2019-09-11,10,三国,一般,６４１３１４１６４４５１,2018-09-15,2018-09-20,10,三国,ＧⅢ,２２１３３１６３２４１４,3699,富永 正人,2026-07-07,2026-07-12,10,三国,ＧⅢ,３　５２４　６５５　６,2026-02-06,2026-02-11,10,三国,一般,２　６６,2025-06-18,2025-06-21,10,三国,一般,５５２　５　４２,2024-07-29,2024-08-02,10,三国,一般,２転４　２１４　３１,2023-12-23,2023-12-28,10,三国,一般,５　３２３３２３１５３６,3746,岡瀬 正人,2024-04-22,2024-04-27,10,三国,一般,１１２３２　２３５４１１,2022-09-12,2022-09-17,10,三国,ＧⅢ,６６４５５５２１２　３６,2022-07-02,2022-07-05,10,三国,一般,２２２２４３３１,2020-08-25,2020-08-30,10,三国,ＧⅢ,３５２２３　２２２５１６,2019-04-16,2019-04-21,10,三国,一般,１４４４１２４　１３２１,3442,宮武 英司,2024-10-13,2024-10-18,10,三国,一般,１　３５４３３４１５２,2022-11-22,2022-11-27,10,三国,一般,３２１　４６４１２５４６,2021-07-11,2021-07-15,10,三国,一般,４２６　１４４　転５,2020-09-05,2020-09-10,10,三国,一般,３不,2020-07-18,2020-07-21,10,三国,一般,３　３４６５１５
202609131005,2026-09-13,10,05R,4931,木谷 賢太,2024-03-13,2024-03-17,10,三国,一般,１４３５４　４２２３,2021-07-23,2021-07-28,10,三国,一般,１３１４３１１１２１[３],2021-05-09,2021-05-14,10,三国,一般,１４１　３１２４２１[４],2019-09-27,2019-09-30,10,三国,一般,２　３３１５５６,2018-01-11,2018-01-17,10,三国,一般,５,3645,淺田 千亜希,2017-03-28,2017-04-02,10,三国,一般,２２２２５　３４２４１３,2011-03-01,2011-03-06,10,三国,ＧⅠ,４　５１５　２５２１１,2009-08-20,2009-08-25,10,三国,一般,１１１１２２２３６１[１],2008-07-12,2008-07-17,10,三国,ＧⅢ,１１１２１２１２１１[５],2004-07-07,2004-07-11,10,三国,ＧⅢ,１１２４３３４５F５,3940,飯山 泰,2025-11-21,2025-11-26,10,三国,一般,３２１２１４１　４１[５],2025-06-18,2025-06-21,10,三国,一般,５２３　１６１,2024-12-23,2024-12-28,10,三国,一般,５２２３１５２１１４１３,2024-08-25,2024-08-30,10,三国,一般,１２１４３１２１５１[２],2024-04-06,2024-04-10,10,三国,一般,１２１　２３[２],3788,一宮 稔弘,2026-03-16,2026-03-19,10,三国,一般,F５５　F,2025-07-04,2025-07-09,10,三国,一般,２１４６６　３４２３１６,2023-09-09,2023-09-14,10,三国,ＧⅠ,２　５　４４２　５６３６,2022-10-26,2022-10-31,10,三国,一般,６１２　１３３　４５１３,2021-05-09,2021-05-14,10,三国,一般,落３４２１５１２３１[５],4890,石川 諒,2025-07-04,2025-07-09,10,三国,一般,５２６,2023-10-25,2023-10-30,10,三国,一般,４１６　６６４　３５２,2020-12-25,2020-12-28,10,三国,一般,４３５　６　６２,2020-11-27,2020-12-02,10,三国,一般,４　６５１　６３３　５３,2020-03-07,2020-03-10,10,三国,一般,６５４　５　５,4930,佐藤 悠,2026-08-14,2026-08-19,10,三国,一般,３　１３３２２５４２[４],2026-05-02,2026-05-07,10,三国,一般,３６１６転　５２２　３１,2026-03-07,2026-03-11,10,三国,一般,１２２６１　５４４４,2025-12-30,2026-01-04,10,三国,一般,３５６１１　１１５４転２,2025-11-21,2025-11-26,10,三国,一般,１６３２４　１３３３４２
202609131006,2026-09-13,10,06R,5323,香川 陽太,2026-01-31,2026-02-03,10,三国,一般,２６３　４６３,2024-06-16,2024-06-19,10,三国,一般,５　５６４　５５,2024-01-26,2024-01-30,10,三国,一般,５　４５６　３６６５,2023-12-23,2023-12-28,10,三国,一般,５　４５４　５転５４６４,,,,,,,3659,藤生 雄人,2026-02-06,2026-02-11,10,三国,一般,１　２５１５３２[３],2024-06-16,2024-06-19,10,三国,一般,２４４落,2023-07-03,2023-07-08,10,三国,一般,２３３６３６２　１４２６,2022-11-22,2022-11-27,10,三国,一般,１４４５３　１３１５１３,2021-01-23,2021-01-28,10,三国,一般,２６２　３５４５,3563,堤 昇,2026-02-06,2026-02-11,10,三国,一般,５１４　５３２　３６,2025-05-13,2025-05-18,10,三国,一般,５２５６５３２　４　４６,2024-06-16,2024-06-19,10,三国,一般,１　４３２４５４,2023-09-18,2023-09-23,10,三国,ＧⅢ,４４１　３不,2023-08-03,2023-08-07,10,三国,一般,３　４１５６２６４２,4564,山本 景士郎,2025-10-04,2025-10-07,10,三国,一般,６３６　４　２３,2025-05-22,2025-05-26,10,三国,一般,６５２　５５５　４４,2024-12-07,2024-12-12,10,三国,一般,２６３　３４F　４　２,2024-01-26,2024-01-30,10,三国,一般,６　２３１２４２[５],2021-09-30,2021-10-05,10,三国,一般,５　６２２５４　３４３１,4842,山下 昂大,2025-12-05,2025-12-08,10,三国,一般,１５２２２４１１,2025-05-22,2025-05-26,10,三国,一般,３２２　３３２５２３,2023-10-07,2023-10-12,10,三国,一般,３６２２１３４４２４２１,2023-08-03,2023-08-07,10,三国,一般,３２２１２　４１[２],2022-10-26,2022-10-31,10,三国,一般,５２２　３３６　２４３６,5034,若林 義人,2026-01-20,2026-01-26,10,三国,一般,４５１１１　２２３６１２,2025-07-31,2025-08-05,10,三国,ＧⅠ,１　３　４１６　３　６１,2024-08-06,2024-08-09,10,三国,一般,１３３４１３３１,2022-08-22,2022-08-27,10,三国,一般,３　４２４　３４５１１,2021-01-10,2021-01-16,10,三国,一般,４５４　３　２５
202609131007,2026-09-13,10,07R,3805,高橋 英之,2026-02-06,2026-02-11,10,三国,一般,３３２　６２２　５５,2025-03-19,2025-03-25,10,三国,一般,２５５　５２１５１　５２,2023-07-03,2023-07-08,10,三国,一般,３　４１３２２４２３６２,2022-12-01,2022-12-06,10,三国,一般,４３６　５１,2021-01-23,2021-01-28,10,三国,一般,３２３３３　５３１４２２,4203,小倉 康典,2026-04-14,2026-04-19,10,三国,一般,６２３　６　１　３４６６,2023-08-30,2023-09-02,10,三国,一般,６５６　５　２４,2020-10-23,2020-10-28,10,三国,一般,３５２　３１５　１６３６,2017-04-26,2017-04-30,10,三国,一般,６１５　１３５５３５,2015-11-21,2015-11-24,10,三国,一般,５　１６５３４,3968,茶谷 信次,2026-03-16,2026-03-19,10,三国,一般,４１１２３２２,2025-09-16,2025-09-20,10,三国,一般,２３５４１　１４１２,2025-06-10,2025-06-14,10,三国,一般,６３４　５１５　３１,2025-01-02,2025-01-07,10,三国,一般,３６４　３３４　３４３３,2024-08-25,2024-08-30,10,三国,一般,２　３　妨５,4589,塩崎 桐加,2026-06-21,2026-06-24,10,三国,一般,３４１３５５４１,2024-09-12,2024-09-17,10,三国,一般,１６１　１６２４２２[５],2024-06-07,2024-06-12,10,三国,一般,２２６　１５２　１２[６],2024-03-20,2024-03-25,10,三国,一般,１３１　２　１１３２[４],2023-11-03,2023-11-09,10,三国,一般,２２１３２４１　４２[５],4199,北川 潤二,2026-05-14,2026-05-18,10,三国,一般,１２３２６　１２[５],2025-09-16,2025-09-20,10,三国,一般,２５１５１　２６１４,2022-10-26,2022-10-31,10,三国,一般,２１３　２１１１１１[１],2022-10-05,2022-10-10,10,三国,一般,２２１４２２１４エ４２４,2022-06-24,2022-06-29,10,三国,一般,３２２　１３２２６３４１,3251,平石 和男,2026-07-07,2026-07-12,10,三国,ＧⅢ,３　２３２２２３１５２２,2026-04-14,2026-04-19,10,三国,一般,２６１５２　６　４６３５,2025-11-21,2025-11-26,10,三国,一般,１４１３３２１　４６２４,2025-08-26,2025-08-29,10,三国,一般,６　２３３３５,2025-06-01,2025-06-06,10,三国,一般,５４２４２　５５１　２６
202609131008,2026-09-13,10,08R,4139,丹下 健,2026-05-02,2026-05-07,10,三国,一般,３５３　３２３　４５１２,2024-08-25,2024-08-30,10,三国,一般,２２５　２６６　４４１,2024-05-24,2024-05-29,10,三国,ＧⅢ,２　３６１　４６６４３,2024-01-26,2024-01-30,10,三国,一般,６６４　１４２　２５,2023-11-12,2023-11-15,10,三国,一般,６　３４５２２,4950,高岡 竜也,2025-07-04,2025-07-09,10,三国,一般,２　５４６２４５２　４３,2024-08-06,2024-08-09,10,三国,一般,２　２５１５１４,2023-06-16,2023-06-19,10,三国,一般,２４３３１５１２,2018-10-20,2018-10-25,10,三国,一般,３４６　５４４　２３５,2017-09-14,2017-09-18,10,三国,一般,４　４６５４６　６４,4233,亀山 雅幸,2025-02-13,2025-02-16,10,三国,一般,２２１６２５２５,2022-03-16,2022-03-21,10,三国,一般,３６５１３　６６１　２,2021-11-23,2021-11-28,10,三国,一般,２　４２１５３２４４２６,2020-11-18,2020-11-23,10,三国,一般,５２２２６　３２１５３３,2019-11-03,2019-11-07,10,三国,一般,１１３６１　３４４２,3967,鈴木 茂高,2026-04-05,2026-04-10,10,三国,一般,２　４５６５１　４２２,2025-09-26,2025-09-29,10,三国,一般,３　５４４３５,2025-02-13,2025-02-16,10,三国,一般,４２５　５３３２,2024-03-20,2024-03-25,10,三国,一般,４　４６６　４　３５５５,2023-10-07,2023-10-12,10,三国,一般,３　５６１　４５５４１,5141,大澤 風葵,2024-05-10,2024-05-16,10,三国,一般,３６１４１２１１１　５１[２],2023-08-03,2023-08-07,10,三国,一般,１４１４１１２１[１],2023-04-14,2023-04-19,10,三国,一般,１　２２４３６F３　３,2023-01-01,2023-01-06,10,三国,一般,４　４２２１２６２５４１,2022-11-14,2022-11-18,10,三国,一般,３１６　転４３２３２,4432,黄金井 力良,2026-05-23,2026-05-28,10,三国,一般,４１３　５４２　４５１３,2025-11-21,2025-11-26,10,三国,一般,３　５１２６４４２　４５,2025-04-21,2025-04-25,10,三国,一般,５　２５１５３６３３,2025-01-14,2025-01-18,10,三国,一般,２　６４２６４　１４,2024-09-12,2024-09-17,10,三国,一般,３　２４１４５５６　１２
202609131009,2026-09-13,10,09R,4429,豊田 泰洋,2026-06-28,2026-07-01,10,三国,一般,５５２　３４５,2025-01-25,2025-01-29,10,三国,一般,３　３３５５６　５３,2019-06-30,2019-07-05,10,三国,一般,６　６　５２３５５６２,2017-02-25,2017-03-01,10,三国,一般,４転４　５５５　３４,2016-02-27,2016-03-03,10,三国,一般,４６１　４　２３６６４,4694,高田 綾,2022-12-18,2022-12-21,10,三国,一般,６　５F６　２,2021-08-31,2021-09-05,10,三国,ＧⅢ,５１３　６６３　３　４１,2021-08-04,2021-08-07,10,三国,一般,６　２５５　５５,2019-11-10,2019-11-15,10,三国,一般,１　５５５４６　３　５６,2019-04-16,2019-04-21,10,三国,一般,１３６　６４４　１５３６,3746,岡瀬 正人,2024-04-22,2024-04-27,10,三国,一般,１１２３２　２３５４１１,2022-09-12,2022-09-17,10,三国,ＧⅢ,６６４５５５２１２　３６,2022-07-02,2022-07-05,10,三国,一般,２２２２４３３１,2020-08-25,2020-08-30,10,三国,ＧⅢ,３５２２３　２２２５１６,2019-04-16,2019-04-21,10,三国,一般,１４４４１２４　１３２１,4953,尾上 雅也,2026-03-07,2026-03-11,10,三国,一般,１３３４１１１１[１],2024-11-11,2024-11-15,10,三国,一般,３１３　１６２３４２,2024-02-28,2024-03-02,10,三国,一般,５５４　３　１１,2023-04-25,2023-04-28,10,三国,一般,１１２３６１[５],2023-04-05,2023-04-09,10,三国,一般,２３１２２２,4931,木谷 賢太,2024-03-13,2024-03-17,10,三国,一般,１４３５４　４２２３,2021-07-23,2021-07-28,10,三国,一般,１３１４３１１１２１[３],2021-05-09,2021-05-14,10,三国,一般,１４１　３１２４２１[４],2019-09-27,2019-09-30,10,三国,一般,２　３３１５５６,2018-01-11,2018-01-17,10,三国,一般,５,3156,金子 良昭,2026-01-31,2026-02-03,10,三国,一般,４　４２２２４５,2025-04-21,2025-04-25,10,三国,一般,３５４　３２６３２４,2024-07-09,2024-07-13,10,三国,一般,２５４　３４５　５３,2024-04-06,2024-04-10,10,三国,一般,６５１　４　４４,2023-10-25,2023-10-30,10,三国,一般,２３３　３４１１４３F１
202609131010,2026-09-13,10,10R,5294,豊田 祥生,2026-01-20,2026-01-26,10,三国,一般,５６３　３　５１６５４,2025-10-04,2025-10-07,10,三国,一般,２６６　６　４５,2025-03-31,2025-04-05,10,三国,一般,６　４　５６４　３５２,2023-08-21,2023-08-25,10,三国,一般,６　６　６６６　６４,2023-06-05,2023-06-10,10,三国,一般,６　６６４　６　６６６,3613,角谷 健吾,2022-04-19,2022-04-24,10,三国,ＧⅠ,１５２　２　２６５　３３,2022-01-17,2022-01-23,10,三国,一般,１２１２６１１　３　１１[３],2020-10-23,2020-10-28,10,三国,一般,１６２２４２１３３１[４],2019-09-06,2019-09-11,10,三国,一般,６４１３１４１６４４５１,2018-09-15,2018-09-20,10,三国,ＧⅢ,２２１３３１６３２４１４,3788,一宮 稔弘,2026-03-16,2026-03-19,10,三国,一般,F５５　F,2025-07-04,2025-07-09,10,三国,一般,２１４６６　３４２３１６,2023-09-09,2023-09-14,10,三国,ＧⅠ,２　５　４４２　５６３６,2022-10-26,2022-10-31,10,三国,一般,６１２　１３３　４５１３,2021-05-09,2021-05-14,10,三国,一般,落３４２１５１２３１[５],3659,藤生 雄人,2026-02-06,2026-02-11,10,三国,一般,１　２５１５３２[３],2024-06-16,2024-06-19,10,三国,一般,２４４落,2023-07-03,2023-07-08,10,三国,一般,２３３６３６２　１４２６,2022-11-22,2022-11-27,10,三国,一般,１４４５３　１３１５１３,2021-01-23,2021-01-28,10,三国,一般,２６２　３５４５,3474,松瀬 弘美,2026-03-24,2026-03-29,10,三国,ＧⅢ,２　１４５６２　４１２２,2025-10-17,2025-10-22,10,三国,一般,４３５　４６５　２　４２,2025-06-24,2025-06-29,10,三国,一般,３５４４２３３　２３[３],2024-11-01,2024-11-06,10,三国,ＧⅢ,５４５　３１２３１　４５,2023-11-03,2023-11-09,10,三国,一般,３３３　３２５　１４２５,5029,中 亮太,2024-05-24,2024-05-29,10,三国,ＧⅢ,４３６　３５３３１　１１,2023-04-14,2023-04-19,10,三国,一般,２５１４１１２３１２[４],2022-06-11,2022-06-16,10,三国,ＧⅢ,６　１１６４２２１２[６],2021-07-23,2021-07-28,10,三国,一般,１１１６２F４　３　６,2020-09-05,2020-09-10,10,三国,一般,４　５６１　５６
202609131011,2026-09-13,10,11R,3587,武田 信一,2025-12-05,2025-12-08,10,三国,一般,５　４３６３６,2025-01-25,2025-01-29,10,三国,一般,２　５１２６４６２５,2023-03-16,2023-03-21,10,三国,一般,４１６　６３５　２６６２,2022-07-27,2022-08-01,10,三国,一般,５３４　５１３　６２２５,2019-12-17,2019-12-22,10,三国,一般,２５５　３１４　４２１５,5034,若林 義人,2026-01-20,2026-01-26,10,三国,一般,４５１１１　２２３６１２,2025-07-31,2025-08-05,10,三国,ＧⅠ,１　３　４１６　３　６１,2024-08-06,2024-08-09,10,三国,一般,１３３４１３３１,2022-08-22,2022-08-27,10,三国,一般,３　４２４　３４５１１,2021-01-10,2021-01-16,10,三国,一般,４５４　３　２５,3482,金子 猛志,2026-02-06,2026-02-11,10,三国,一般,６６２６２　４　３６,2025-10-29,2025-11-03,10,三国,ＧⅢ,３１４　３３６５４　６２,2025-07-22,2025-07-27,10,三国,一般,２３６６３　２４２　４１,2025-02-28,2025-03-06,10,三国,一般,４２２　３６６５２　４２,2024-12-07,2024-12-12,10,三国,一般,５１２　６　３２３３１５,3251,平石 和男,2026-07-07,2026-07-12,10,三国,ＧⅢ,３　２３２２２３１５２２,2026-04-14,2026-04-19,10,三国,一般,２６１５２　６　４６３５,2025-11-21,2025-11-26,10,三国,一般,１４１３３２１　４６２４,2025-08-26,2025-08-29,10,三国,一般,６　２３３３５,2025-06-01,2025-06-06,10,三国,一般,５４２４２　５５１　２６,5045,平川 香織,2026-04-14,2026-04-19,10,三国,一般,３３,2025-07-13,2025-07-18,10,三国,一般,４６４　２　６２５３５２,2025-04-14,2025-04-18,10,三国,一般,５　４５５５４　３４,,,,,,,,,,,,,3940,飯山 泰,2025-11-21,2025-11-26,10,三国,一般,３２１２１４１　４１[５],2025-06-18,2025-06-21,10,三国,一般,５２３　１６１,2024-12-23,2024-12-28,10,三国,一般,５２２３１５２１１４１３,2024-08-25,2024-08-30,10,三国,一般,１２１４３１２１５１[２],2024-04-06,2024-04-10,10,三国,一般,１２１　２３[２]
202609131012,2026-09-13,10,12R,4199,北川 潤二,2026-05-14,2026-05-18,10,三国,一般,１２３２６　１２[５],2025-09-16,2025-09-20,10,三国,一般,２５１５１　２６１４,2022-10-26,2022-10-31,10,三国,一般,２１３　２１１１１１[１],2022-10-05,2022-10-10,10,三国,一般,２２１４２２１４エ４２４,2022-06-24,2022-06-29,10,三国,一般,３２２　１３２２６３４１,4155,長野 壮志郎,2025-12-24,2025-12-27,10,三国,一般,６　３２２　２２,2025-03-19,2025-03-25,10,三国,一般,妨１５４６　６６,2024-08-25,2024-08-30,10,三国,一般,１６３F４　６　転,2023-03-25,2023-03-30,10,三国,ＧⅠ,５　３　６６１　５６３,2020-07-26,2020-07-29,10,三国,一般,１６３５１　３６,4842,山下 昂大,2025-12-05,2025-12-08,10,三国,一般,１５２２２４１１,2025-05-22,2025-05-26,10,三国,一般,３２２　３３２５２３,2023-10-07,2023-10-12,10,三国,一般,３６２２１３４４２４２１,2023-08-03,2023-08-07,10,三国,一般,３２２１２　４１[２],2022-10-26,2022-10-31,10,三国,一般,５２２　３３６　２４３６,4930,佐藤 悠,2026-08-14,2026-08-19,10,三国,一般,３　１３３２２５４２[４],2026-05-02,2026-05-07,10,三国,一般,３６１６転　５２２　３１,2026-03-07,2026-03-11,10,三国,一般,１２２６１　５４４４,2025-12-30,2026-01-04,10,三国,一般,３５６１１　１１５４転２,2025-11-21,2025-11-26,10,三国,一般,１６３２４　１３３３４２,3699,富永 正人,2026-07-07,2026-07-12,10,三国,ＧⅢ,３　５２４　６５５　６,2026-02-06,2026-02-11,10,三国,一般,２　６６,2025-06-18,2025-06-21,10,三国,一般,５５２　５　４２,2024-07-29,2024-08-02,10,三国,一般,２転４　２１４　３１,2023-12-23,2023-12-28,10,三国,一般,５　３２３３２３１５３６,4950,高岡 竜也,2025-07-04,2025-07-09,10,三国,一般,２　５４６２４５２　４３,2024-08-06,2024-08-09,10,三国,一般,２　２５１５１４,2023-06-16,2023-06-19,10,三国,一般,２４３３１５１２,2018-10-20,2018-10-25,10,三国,一般,３４６　５４４　２３５,2017-09-14,2017-09-18,10,三国,一般,４　４６５４６　６４
202609131101,2026-09-13,11,01R,4246,喜多 那由夏,2025-05-01,2025-05-06,11,びわこ,ＧⅢ,１４３３６　３　１５４６,2025-02-25,2025-03-02,11,びわこ,一般,３１４　６２５６２　３６,2023-11-15,2023-11-20,11,びわこ,一般,６３２　５５２　２４６,2023-08-10,2023-08-16,11,びわこ,ＧⅢ,４５４　４５５　５　３３,2023-05-17,2023-05-22,11,びわこ,一般,３　６４２５５　６６３,4766,石井 孝之,2026-01-25,2026-01-30,11,びわこ,一般,１　１４２３３５５１[５],2024-02-03,2024-02-08,11,びわこ,一般,３５６　３６１　３５４５,2021-04-18,2021-04-23,11,びわこ,一般,３６２　６３１　６６２,2020-09-03,2020-09-08,11,びわこ,一般,６１３　１１４５６６３６,2020-06-10,2020-06-15,11,びわこ,一般,３　２３４５５４６　２３,4747,山戸 信二,2025-07-18,2025-07-23,11,びわこ,一般,３６５　４　４２４６３,2024-11-25,2024-11-28,11,びわこ,一般,４５４　１　１３,2021-12-11,2021-12-14,11,びわこ,一般,２　５６６　５転,2018-10-23,2018-10-28,11,びわこ,一般,６　６　６３５　６　４３,2017-11-04,2017-11-09,11,びわこ,一般,１６６　４４３　２６４,3797,岩井 繁,2025-06-11,2025-06-16,11,びわこ,一般,２　４２２３５６２　５２,2025-02-16,2025-02-21,11,びわこ,一般,５　４４６　５５４　４４,2021-09-11,2021-09-16,11,びわこ,一般,３５３　４２２　２６３６,2018-12-16,2018-12-21,11,びわこ,一般,５　５５４　３　５２５６,2018-04-05,2018-04-09,11,びわこ,一般,４６５　３　５６３４,3708,岡部 貴司,2026-06-19,2026-06-24,11,びわこ,一般,４５２　２４１　２３３１,2025-06-20,2025-06-25,11,びわこ,一般,６１４　３４４　３１５３,2025-01-31,2025-02-05,11,びわこ,一般,３３３　２２２３３２[６],2023-09-13,2023-09-18,11,びわこ,ＧⅢ,３４２　１１２３５１[３],2023-02-21,2023-02-26,11,びわこ,一般,２４５　３１６３５　４５,4660,宇田川 信一,2025-12-14,2025-12-19,11,びわこ,一般,６２６　５　５４４　５３,2024-09-21,2024-09-25,11,びわこ,一般,３　５１４６１　４６,2023-02-21,2023-02-26,11,びわこ,一般,５　６６５　４５３　３５,2022-07-22,2022-07-27,11,びわこ,一般,２５３　５５６　３６４２,2019-09-11,2019-09-16,11,びわこ,一般,３６２　２　５６４　１４
202609131102,2026-09-13,11,02R,4779,伊倉 光,2026-02-04,2026-02-09,11,びわこ,一般,５３５　１　３５２３３２,2025-01-31,2025-02-05,11,びわこ,一般,４５３　４１５　４３３,2024-08-27,2024-09-01,11,びわこ,一般,１　４５６　４３,2021-06-27,2021-07-02,11,びわこ,一般,５６５　５　２　５５４４,2021-03-20,2021-03-25,11,びわこ,一般,３　３４４４１　５２５４,5132,中野 希一,2025-07-18,2025-07-23,11,びわこ,一般,２３２２１１２１３１[３],2023-06-09,2023-06-14,11,びわこ,一般,３　１３２２２２４３１６,,,,,,,,,,,,,,,,,,,4607,鶴田 勇雄,2026-02-04,2026-02-09,11,びわこ,一般,３４２６１　４２４６１３,2024-09-21,2024-09-25,11,びわこ,一般,５２２　１４２３４１,2023-07-10,2023-07-14,11,びわこ,一般,３１４　２３２１[３],2023-03-20,2023-03-25,11,びわこ,一般,３　４５２４５３１　３４,2022-12-26,2022-12-29,11,びわこ,一般,４　エ３４２４１,4116,川田 正人,2025-05-29,2025-06-01,11,びわこ,一般,２１６　２６３４,2024-09-05,2024-09-08,11,びわこ,一般,３４５５４　２５,2023-11-05,2023-11-10,11,びわこ,一般,６　４３４　２３２２５５,2022-04-04,2022-04-09,11,びわこ,一般,１１５３１２５２３３４１,2020-05-08,2020-05-13,11,びわこ,一般,４５２　３４４４１　３２,5170,佐藤 太亮,2024-07-04,2024-07-09,11,びわこ,一般,６６２　３５４　６６１５,2022-07-05,2022-07-08,11,びわこ,一般,６　３６３　４３,2021-12-02,2021-12-07,11,びわこ,一般,６６５　５　転　４５５,2021-07-31,2021-08-05,11,びわこ,一般,６６５　５６６　５　５６,2021-05-18,2021-05-23,11,びわこ,一般,６　６６４　４　６６６,5410,今泉 澪,2026-02-04,2026-02-09,11,びわこ,一般,６　６５５　６　３６６６,,,,,,,,,,,,,,,,,,,,,,,,
202609131103,2026-09-13,11,03R,4835,橋本 明,2025-12-24,2025-12-29,11,びわこ,一般,３３６　４３１　１５３３,2025-08-19,2025-08-22,11,びわこ,一般,　　５　４３４３,2023-09-22,2023-09-27,11,びわこ,一般,６　５３６欠,2022-07-12,2022-07-16,11,びわこ,一般,３５３　３６４　５４,2021-08-23,2021-08-28,11,びわこ,一般,４　４１６　２３６２６５,4540,相原 利章,2023-11-05,2023-11-10,11,びわこ,一般,４４１　５２４　１６１５,2023-04-03,2023-04-08,11,びわこ,一般,１　２４３６１３１３３１,2022-02-21,2022-02-25,11,びわこ,一般,３２３　５２３１[６],2021-09-02,2021-09-07,11,びわこ,一般,２３１５５　２４１６１４,2021-06-27,2021-07-02,11,びわこ,一般,１　２５２３２４２５３,4486,野村 誠,2025-09-03,2025-09-07,11,びわこ,一般,４２３１２２５６５４,2024-05-21,2024-05-26,11,びわこ,一般,４　１３５３３３５５３５,2023-06-18,2023-06-24,11,びわこ,一般,３１４３１　２４　　１２[６],2023-04-03,2023-04-08,11,びわこ,一般,２　３１３３２３４２[５],2021-09-21,2021-09-26,11,びわこ,ＧⅢ,１４５１６　２　３６１６,3454,井川 大作,2025-06-20,2025-06-25,11,びわこ,一般,６　３　４５６４５　４,2025-01-31,2025-02-05,11,びわこ,一般,５　５３１　６２２５４５,2024-07-04,2024-07-09,11,びわこ,一般,４４２　５４２　５１６２,2023-02-12,2023-02-17,11,びわこ,一般,５６５　３　３４５　３５,2022-04-13,2022-04-18,11,びわこ,一般,３　３１４２２６４３２４,3918,深井 利寿,2026-05-20,2026-05-25,11,びわこ,ＧⅡ,５　２３５　１３３１４,2026-04-30,2026-05-06,11,びわこ,一般,３３４　２１５　１４３３,2026-01-25,2026-01-30,11,びわこ,一般,４２２１３　３４２３３１,2025-12-04,2025-12-09,11,びわこ,ＧⅢ,２　２４２６３５４４３２,2025-08-10,2025-08-16,11,びわこ,一般,１２２　F３３　２　４　４,5011,高木 圭大,2026-04-08,2026-04-12,11,びわこ,一般,３６３　４　１６５５,2024-11-25,2024-11-28,11,びわこ,一般,４　４５６　３４,2023-08-19,2023-08-24,11,びわこ,一般,６　４３２　６４２　５５,2021-01-18,2021-01-23,11,びわこ,一般,６　４４４　３４３　５２,2020-09-26,2020-09-30,11,びわこ,一般,５　６６６　５３６
202609131104,2026-09-13,11,04R,4894,原村 拓也,2026-03-12,2026-03-16,11,びわこ,一般,３３５　２４１６６,2023-07-10,2023-07-14,11,びわこ,一般,６４２　４　４２３５,2023-06-09,2023-06-14,11,びわこ,一般,４３６　６　５１５　６６,2022-12-17,2022-12-22,11,びわこ,一般,４　４１５４４　６５１,2021-12-18,2021-12-23,11,びわこ,一般,６１４　３６５　１４２５,4111,奥田 誠,2026-04-20,2026-04-23,11,びわこ,一般,６　２２１２,2025-05-18,2025-05-23,11,びわこ,一般,５６４　４　５５４　５,2024-07-24,2024-07-28,11,びわこ,一般,４　４４６５４　３５,2022-03-10,2022-03-15,11,びわこ,ＧⅡ,６　２５６　４F４　６,2021-07-13,2021-07-18,11,びわこ,ＧⅡ,３　６　２１３　２　[６],5278,田中 駿兵,2024-08-01,2024-08-06,11,びわこ,一般,３４３　４６４　４　５２,2023-02-21,2023-02-26,11,びわこ,一般,６６６　６　６６６　５４,2022-12-26,2022-12-29,11,びわこ,一般,６　４５６５５,,,,,,,,,,,,,4380,鈴木 峻佑,2026-05-09,2026-05-14,11,びわこ,一般,２　４６１　１４２５２５,2025-10-23,2025-10-28,11,びわこ,一般,６４６　１　６４５　３,2025-06-04,2025-06-08,11,びわこ,一般,４　３５２６２　５６,2024-02-03,2024-02-08,11,びわこ,一般,３　１６６５５　４５５,2023-09-03,2023-09-08,11,びわこ,一般,２　５６６４２　１５２５,4786,佐藤 博亮,2025-09-10,2025-09-13,11,びわこ,一般,１４１５５４１５,2025-01-22,2025-01-28,11,びわこ,一般,２　３３２１１１２１３１[１],2024-06-25,2024-06-30,11,びわこ,一般,６４４２１　２１５４１１,2023-05-08,2023-05-14,11,びわこ,一般,　　１６１１３６１２２２[３],2022-04-04,2022-04-09,11,びわこ,一般,５３４３１　２５１６１５,4186,小川 時光,2026-05-29,2026-06-03,11,びわこ,一般,４　４４４６,2022-08-28,2022-09-02,11,びわこ,一般,６　５６４　４５５　５,2022-05-21,2022-05-26,11,びわこ,一般,４　６２６　４６５,2021-11-23,2021-11-28,11,びわこ,一般,５　６６６,2020-11-12,2020-11-17,11,びわこ,一般,６　４６
202609131105,2026-09-13,11,05R,3961,谷村 一哉,2025-07-30,2025-08-04,11,びわこ,一般,２４３　６３３　１１２３,2024-10-15,2024-10-20,11,びわこ,ＧⅡ,５６６　４６４　５６５,2022-10-02,2022-10-07,11,びわこ,ＧⅠ,１６４　５４６　３２６,2022-07-05,2022-07-08,11,びわこ,一般,２１３１３１[１],2020-09-03,2020-09-08,11,びわこ,一般,３２１３３４１６２５１３,5055,眞鳥 章太,2026-03-12,2026-03-16,11,びわこ,一般,５　１４３１３　５１,2025-09-10,2025-09-13,11,びわこ,一般,１２４４５１[５],2024-08-20,2024-08-23,11,びわこ,一般,５　５３４３１４,2021-09-21,2021-09-26,11,びわこ,ＧⅢ,６　６６F　６　６　６,,,,,,,3793,高橋 真吾,2025-07-18,2025-07-23,11,びわこ,一般,２４２　５６５６３　５４,2020-09-03,2020-09-08,11,びわこ,一般,６　２１２　５３４６３４,2015-05-25,2015-05-29,11,びわこ,一般,６　４４３　５５６５,2014-11-22,2014-11-27,11,びわこ,一般,６２４　３４５　１　３４,2014-04-15,2014-04-20,11,びわこ,一般,５６３　２４５　３３３,3441,土屋 太朗,2025-01-31,2025-02-05,11,びわこ,一般,６４５　１４３　１３２３,2023-09-22,2023-09-27,11,びわこ,一般,４　６４５　６４,2023-05-08,2023-05-14,11,びわこ,一般,２　２　５５３　１４５　５３,2022-04-13,2022-04-18,11,びわこ,一般,４　３２２１３３５３５１,2021-09-02,2021-09-07,11,びわこ,一般,５　１１５３１６４４１２,4012,中村 有裕,2026-08-15,2026-08-20,11,びわこ,一般,１２２　２３３２２２[６],2026-05-29,2026-06-03,11,びわこ,一般,４　１４２６２３３落,2026-01-03,2026-01-08,11,びわこ,一般,５５２１４　３４１５３５,2025-12-04,2025-12-09,11,びわこ,ＧⅢ,３２３６３５２　１１[５],2025-09-03,2025-09-07,11,びわこ,一般,４３２３２３４６２３,5472,,,,,,,,,,,,,,,,,,,,,,,,,,,,,,,
202609131106,2026-09-13,11,06R,3435,寺田 千恵,2025-05-01,2025-05-06,11,びわこ,ＧⅢ,２２２１４３２３３４１６,2024-10-24,2024-10-29,11,びわこ,一般,４３２１３４１２６２[３],2024-03-14,2024-03-19,11,びわこ,一般,２１６３１５１２３　１３,2024-02-20,2024-02-25,11,びわこ,ＧⅡ,３　５２１　２　３　１５,2023-01-12,2023-01-15,11,びわこ,ＧⅠ,２３５　３　４２,3518,倉田 郁美,2024-05-01,2024-05-06,11,びわこ,一般,２１４２２４２３２５１２,2023-08-10,2023-08-16,11,びわこ,ＧⅢ,５　４５４　落３,2020-07-01,2020-07-06,11,びわこ,ＧⅢ,５　３５２　４２２６１６,2018-04-28,2018-05-03,11,びわこ,ＧⅢ,２１３　３４,2016-07-09,2016-07-14,11,びわこ,一般,５　５３５　４３２　落５,4183,宇野 弥生,2025-05-01,2025-05-06,11,びわこ,ＧⅢ,６１３１４１３　５１[４],2025-01-04,2025-01-09,11,びわこ,ＧⅢ,５２１１５　２２３　１２,2024-02-20,2024-02-25,11,びわこ,ＧⅡ,２　１３５　１　１　[２],2023-02-03,2023-02-08,11,びわこ,一般,４１１２４１１１１１[１],2022-10-17,2022-10-22,11,びわこ,ＧⅢ,２１３３３　２２５６１６,4974,安井 瑞紀,2026-04-08,2026-04-12,11,びわこ,一般,２１２５２５６３１３,2025-07-18,2025-07-23,11,びわこ,一般,３６６　５３３　３　４１,2024-07-17,2024-07-20,11,びわこ,一般,２　６４５６４,2022-08-01,2022-08-06,11,びわこ,一般,５　６２５４５　６４３４,2019-04-28,2019-05-03,11,びわこ,ＧⅢ,６　５１５６４　４５５,4246,喜多 那由夏,2025-05-01,2025-05-06,11,びわこ,ＧⅢ,１４３３６　３　１５４６,2025-02-25,2025-03-02,11,びわこ,一般,３１４　６２５６２　３６,2023-11-15,2023-11-20,11,びわこ,一般,６３２　５５２　２４６,2023-08-10,2023-08-16,11,びわこ,ＧⅢ,４５４　４５５　５　３３,2023-05-17,2023-05-22,11,びわこ,一般,３　６４２５５　６６３,4947,間庭 菜摘,2024-05-01,2024-05-06,11,びわこ,一般,３２２　２３４４２１[４],2024-01-25,2024-01-30,11,びわこ,一般,６５５　６４３　２　５３,2023-02-03,2023-02-08,11,びわこ,一般,５　２１６４２６５　２,2021-09-11,2021-09-16,11,びわこ,一般,５　１３４２５５４　１５,2021-01-27,2021-02-01,11,びわこ,一般,４　３１５１２３５４４５
202609131107,2026-09-13,11,07R,4957,竹之内 極,2021-07-31,2021-08-05,11,びわこ,一般,５４２　６　６２６　４５,2020-10-26,2020-10-31,11,びわこ,一般,４５６　２２５　３１１６,2019-11-07,2019-11-12,11,びわこ,一般,４　２６１５４５４　５４,,,,,,,,,,,,,4821,妻鳥 晋也,2023-10-24,2023-10-29,11,びわこ,ＧⅢ,４３１　３３４３１６２３,2023-05-08,2023-05-14,11,びわこ,一般,　　６４３　５４６　３　６２,2022-06-17,2022-06-22,11,びわこ,一般,５　２５４５１　５３１４,2021-09-11,2021-09-16,11,びわこ,一般,４６１　５欠,2020-10-26,2020-10-31,11,びわこ,一般,１　１３１４６５１３１２,4660,宇田川 信一,2025-12-14,2025-12-19,11,びわこ,一般,６２６　５　５４４　５３,2024-09-21,2024-09-25,11,びわこ,一般,３　５１４６１　４６,2023-02-21,2023-02-26,11,びわこ,一般,５　６６５　４５３　３５,2022-07-22,2022-07-27,11,びわこ,一般,２５３　５５６　３６４２,2019-09-11,2019-09-16,11,びわこ,一般,３６２　２　５６４　１４,4983,前田 篤哉,2026-05-29,2026-06-03,11,びわこ,一般,４１２１１１１２１２[３],2026-01-16,2026-01-21,11,びわこ,ＧⅡ,１４２　２　５４３　１６,2025-10-02,2025-10-07,11,びわこ,一般,１３２１３１１１１１[１],2024-10-15,2024-10-20,11,びわこ,ＧⅡ,１５３　６６１　３１３,2024-06-16,2024-06-21,11,びわこ,ＧⅢ,１５３　３２３　１　[６],3896,上田 洋平,2026-05-29,2026-06-03,11,びわこ,一般,２　１５２　６４１　３４,2026-03-12,2026-03-16,11,びわこ,一般,６　３２５６５　６６,2025-12-04,2025-12-09,11,びわこ,ＧⅢ,４　４４２５５５５　４,2025-06-29,2025-07-04,11,びわこ,一般,３　１３５３２５１５２５,2025-05-09,2025-05-14,11,びわこ,一般,２　６２４２３６１５２４,4124,池田 雄一,2026-03-12,2026-03-16,11,びわこ,一般,１６４F５　５　３,2025-05-18,2025-05-23,11,びわこ,一般,２１２４４２６　１５１５,2025-02-09,2025-02-12,11,びわこ,一般,３３１３６２[２],2023-03-20,2023-03-25,11,びわこ,一般,４３１６１　３１３３２１,2022-03-01,2022-03-06,11,びわこ,一般,５　４４２４４　２４４５
202609131108,2026-09-13,11,08R,4380,鈴木 峻佑,2026-05-09,2026-05-14,11,びわこ,一般,２　４６１　１４２５２５,2025-10-23,2025-10-28,11,びわこ,一般,６４６　１　６４５　３,2025-06-04,2025-06-08,11,びわこ,一般,４　３５２６２　５６,2024-02-03,2024-02-08,11,びわこ,一般,３　１６６５５　４５５,2023-09-03,2023-09-08,11,びわこ,一般,２　５６６４２　１５２５,3454,井川 大作,2025-06-20,2025-06-25,11,びわこ,一般,６　３　４５６４５　４,2025-01-31,2025-02-05,11,びわこ,一般,５　５３１　６２２５４５,2024-07-04,2024-07-09,11,びわこ,一般,４４２　５４２　５１６２,2023-02-12,2023-02-17,11,びわこ,一般,５６５　３　３４５　３５,2022-04-13,2022-04-18,11,びわこ,一般,３　３１４２２６４３２４,3905,天野 友和,2026-04-08,2026-04-12,11,びわこ,一般,２１４３２　２５４４,2025-09-10,2025-09-13,11,びわこ,一般,２１３３３１[１],2025-01-22,2025-01-28,11,びわこ,一般,３６１５,2024-06-25,2024-06-30,11,びわこ,一般,１３３４４　４３１６３５,2023-07-25,2023-07-28,11,びわこ,一般,２３４３２　３２,4766,石井 孝之,2026-01-25,2026-01-30,11,びわこ,一般,１　１４２３３５５１[５],2024-02-03,2024-02-08,11,びわこ,一般,３５６　３６１　３５４５,2021-04-18,2021-04-23,11,びわこ,一般,３６２　６３１　６６２,2020-09-03,2020-09-08,11,びわこ,一般,６１３　１１４５６６３６,2020-06-10,2020-06-15,11,びわこ,一般,３　２３４５５４６　２３,5032,谷口 知優,2020-09-26,2020-09-30,11,びわこ,一般,４２４　６５６　５５,2020-04-09,2020-04-14,11,びわこ,一般,２　４３６６６６６　５２,2019-11-07,2019-11-12,11,びわこ,一般,５６５　６　６４５　５６,2019-01-23,2019-01-27,11,びわこ,一般,６　３６４　６５４,,,,,,,5410,今泉 澪,2026-02-04,2026-02-09,11,びわこ,一般,６　６５５　６　３６６６,,,,,,,,,,,,,,,,,,,,,,,,
202609131109,2026-09-13,11,09R,4607,鶴田 勇雄,2026-02-04,2026-02-09,11,びわこ,一般,３４２６１　４２４６１３,2024-09-21,2024-09-25,11,びわこ,一般,５２２　１４２３４１,2023-07-10,2023-07-14,11,びわこ,一般,３１４　２３２１[３],2023-03-20,2023-03-25,11,びわこ,一般,３　４５２４５３１　３４,2022-12-26,2022-12-29,11,びわこ,一般,４　エ３４２４１,3708,岡部 貴司,2026-06-19,2026-06-24,11,びわこ,一般,４５２　２４１　２３３１,2025-06-20,2025-06-25,11,びわこ,一般,６１４　３４４　３１５３,2025-01-31,2025-02-05,11,びわこ,一般,３３３　２２２３３２[６],2023-09-13,2023-09-18,11,びわこ,ＧⅢ,３４２　１１２３５１[３],2023-02-21,2023-02-26,11,びわこ,一般,２４５　３１６３５　４５,5011,高木 圭大,2026-04-08,2026-04-12,11,びわこ,一般,３６３　４　１６５５,2024-11-25,2024-11-28,11,びわこ,一般,４　４５６　３４,2023-08-19,2023-08-24,11,びわこ,一般,６　４３２　６４２　５５,2021-01-18,2021-01-23,11,びわこ,一般,６　４４４　３４３　５２,2020-09-26,2020-09-30,11,びわこ,一般,５　６６６　５３６,4216,星 栄爾,2025-08-26,2025-08-31,11,びわこ,一般,３５３　４１４４１４２６,2025-02-09,2025-02-12,11,びわこ,一般,１４３４３５１２,2024-08-01,2024-08-06,11,びわこ,一般,３　２３４　６５３　４４,2024-02-03,2024-02-08,11,びわこ,一般,３４４　６４６　４１６４,2023-11-05,2023-11-10,11,びわこ,一般,２　３６５　１６６４３５,4254,川島 圭司,2026-01-16,2026-01-21,11,びわこ,ＧⅡ,６　６　６６４,2026-01-03,2026-01-08,11,びわこ,一般,４３１５３　５６４　３１,2025-10-23,2025-10-28,11,びわこ,一般,１５２４４　５　３６５,2025-08-19,2025-08-22,11,びわこ,一般,１１６４６４１３,2025-06-11,2025-06-16,11,びわこ,一般,２２３４４　２２２４１４,4111,奥田 誠,2026-04-20,2026-04-23,11,びわこ,一般,６　２２１２,2025-05-18,2025-05-23,11,びわこ,一般,５６４　４　５５４　５,2024-07-24,2024-07-28,11,びわこ,一般,４　４４６５４　３５,2022-03-10,2022-03-15,11,びわこ,ＧⅡ,６　２５６　４F４　６,2021-07-13,2021-07-18,11,びわこ,ＧⅡ,３　６　２１３　２　[６]
202609131110,2026-09-13,11,10R,4486,野村 誠,2025-09-03,2025-09-07,11,びわこ,一般,４２３１２２５６５４,2024-05-21,2024-05-26,11,びわこ,一般,４　１３５３３３５５３５,2023-06-18,2023-06-24,11,びわこ,一般,３１４３１　２４　　１２[６],2023-04-03,2023-04-08,11,びわこ,一般,２　３１３３２３４２[５],2021-09-21,2021-09-26,11,びわこ,ＧⅢ,１４５１６　２　３６１６,4012,中村 有裕,2026-08-15,2026-08-20,11,びわこ,一般,１２２　２３３２２２[６],2026-05-29,2026-06-03,11,びわこ,一般,４　１４２６２３３落,2026-01-03,2026-01-08,11,びわこ,一般,５５２１４　３４１５３５,2025-12-04,2025-12-09,11,びわこ,ＧⅢ,３２３６３５２　１１[５],2025-09-03,2025-09-07,11,びわこ,一般,４３２３２３４６２３,5170,佐藤 太亮,2024-07-04,2024-07-09,11,びわこ,一般,６６２　３５４　６６１５,2022-07-05,2022-07-08,11,びわこ,一般,６　３６３　４３,2021-12-02,2021-12-07,11,びわこ,一般,６６５　５　転　４５５,2021-07-31,2021-08-05,11,びわこ,一般,６６５　５６６　５　５６,2021-05-18,2021-05-23,11,びわこ,一般,６　６６４　４　６６６,4108,吉村 正明,2025-10-23,2025-10-28,11,びわこ,一般,３５３　１４１　１２[６],2024-11-16,2024-11-21,11,びわこ,一般,４１１４１　６５３３２４,2020-07-30,2020-08-04,11,びわこ,ＧⅠ,４１２　５１４２６　５２,2019-08-01,2019-08-06,11,びわこ,ＧⅠ,６５５　３　１４２３５,2016-04-21,2016-04-26,11,びわこ,一般,１３２１１３３５１２[３],3518,倉田 郁美,2024-05-01,2024-05-06,11,びわこ,一般,２１４２２４２３２５１２,2023-08-10,2023-08-16,11,びわこ,ＧⅢ,５　４５４　落３,2020-07-01,2020-07-06,11,びわこ,ＧⅢ,５　３５２　４２２６１６,2018-04-28,2018-05-03,11,びわこ,ＧⅢ,２１３　３４,2016-07-09,2016-07-14,11,びわこ,一般,５　５３５　４３２　落５,4747,山戸 信二,2025-07-18,2025-07-23,11,びわこ,一般,３６５　４　４２４６３,2024-11-25,2024-11-28,11,びわこ,一般,４５４　１　１３,2021-12-11,2021-12-14,11,びわこ,一般,２　５６６　５転,2018-10-23,2018-10-28,11,びわこ,一般,６　６　６３５　６　４３,2017-11-04,2017-11-09,11,びわこ,一般,１６６　４４３　２６４
202609131111,2026-09-13,11,11R,4786,佐藤 博亮,2025-09-10,2025-09-13,11,びわこ,一般,１４１５５４１５,2025-01-22,2025-01-28,11,びわこ,一般,２　３３２１１１２１３１[１],2024-06-25,2024-06-30,11,びわこ,一般,６４４２１　２１５４１１,2023-05-08,2023-05-14,11,びわこ,一般,　　１６１１３６１２２２[３],2022-04-04,2022-04-09,11,びわこ,一般,５３４３１　２５１６１５,4974,安井 瑞紀,2026-04-08,2026-04-12,11,びわこ,一般,２１２５２５６３１３,2025-07-18,2025-07-23,11,びわこ,一般,３６６　５３３　３　４１,2024-07-17,2024-07-20,11,びわこ,一般,２　６４５６４,2022-08-01,2022-08-06,11,びわこ,一般,５　６２５４５　６４３４,2019-04-28,2019-05-03,11,びわこ,ＧⅢ,６　５１５６４　４５５,4116,川田 正人,2025-05-29,2025-06-01,11,びわこ,一般,２１６　２６３４,2024-09-05,2024-09-08,11,びわこ,一般,３４５５４　２５,2023-11-05,2023-11-10,11,びわこ,一般,６　４３４　２３２２５５,2022-04-04,2022-04-09,11,びわこ,一般,１１５３１２５２３３４１,2020-05-08,2020-05-13,11,びわこ,一般,４５２　３４４４１　３２,5055,眞鳥 章太,2026-03-12,2026-03-16,11,びわこ,一般,５　１４３１３　５１,2025-09-10,2025-09-13,11,びわこ,一般,１２４４５１[５],2024-08-20,2024-08-23,11,びわこ,一般,５　５３４３１４,2021-09-21,2021-09-26,11,びわこ,ＧⅢ,６　６６F　６　６　６,,,,,,,4821,妻鳥 晋也,2023-10-24,2023-10-29,11,びわこ,ＧⅢ,４３１　３３４３１６２３,2023-05-08,2023-05-14,11,びわこ,一般,　　６４３　５４６　３　６２,2022-06-17,2022-06-22,11,びわこ,一般,５　２５４５１　５３１４,2021-09-11,2021-09-16,11,びわこ,一般,４６１　５欠,2020-10-26,2020-10-31,11,びわこ,一般,１　１３１４６５１３１２,4540,相原 利章,2023-11-05,2023-11-10,11,びわこ,一般,４４１　５２４　１６１５,2023-04-03,2023-04-08,11,びわこ,一般,１　２４３６１３１３３１,2022-02-21,2022-02-25,11,びわこ,一般,３２３　５２３１[６],2021-09-02,2021-09-07,11,びわこ,一般,２３１５５　２４１６１４,2021-06-27,2021-07-02,11,びわこ,一般,１　２５２３２４２５３
202609131112,2026-09-13,11,12R,4983,前田 篤哉,2026-05-29,2026-06-03,11,びわこ,一般,４１２１１１１２１２[３],2026-01-16,2026-01-21,11,びわこ,ＧⅡ,１４２　２　５４３　１６,2025-10-02,2025-10-07,11,びわこ,一般,１３２１３１１１１１[１],2024-10-15,2024-10-20,11,びわこ,ＧⅡ,１５３　６６１　３１３,2024-06-16,2024-06-21,11,びわこ,ＧⅢ,１５３　３２３　１　[６],3918,深井 利寿,2026-05-20,2026-05-25,11,びわこ,ＧⅡ,５　２３５　１３３１４,2026-04-30,2026-05-06,11,びわこ,一般,３３４　２１５　１４３３,2026-01-25,2026-01-30,11,びわこ,一般,４２２１３　３４２３３１,2025-12-04,2025-12-09,11,びわこ,ＧⅢ,２　２４２６３５４４３２,2025-08-10,2025-08-16,11,びわこ,一般,１２２　F３３　２　４　４,3435,寺田 千恵,2025-05-01,2025-05-06,11,びわこ,ＧⅢ,２２２１４３２３３４１６,2024-10-24,2024-10-29,11,びわこ,一般,４３２１３４１２６２[３],2024-03-14,2024-03-19,11,びわこ,一般,２１６３１５１２３　１３,2024-02-20,2024-02-25,11,びわこ,ＧⅡ,３　５２１　２　３　１５,2023-01-12,2023-01-15,11,びわこ,ＧⅠ,２３５　３　４２,3961,谷村 一哉,2025-07-30,2025-08-04,11,びわこ,一般,２４３　６３３　１１２３,2024-10-15,2024-10-20,11,びわこ,ＧⅡ,５６６　４６４　５６５,2022-10-02,2022-10-07,11,びわこ,ＧⅠ,１６４　５４６　３２６,2022-07-05,2022-07-08,11,びわこ,一般,２１３１３１[１],2020-09-03,2020-09-08,11,びわこ,一般,３２１３３４１６２５１３,5132,中野 希一,2025-07-18,2025-07-23,11,びわこ,一般,２３２２１１２１３１[３],2023-06-09,2023-06-14,11,びわこ,一般,３　１３２２２２４３１６,,,,,,,,,,,,,,,,,,,5278,田中 駿兵,2024-08-01,2024-08-06,11,びわこ,一般,３４３　４６４　４　５２,2023-02-21,2023-02-26,11,びわこ,一般,６６６　６　６６６　５４,2022-12-26,2022-12-29,11,びわこ,一般,６　４５６５５,,,,,,,,,,,,
202609131201,2026-09-13,12,01R,3477,近藤 稔也,2025-07-03,2025-07-08,12,住之江,一般,１　４６５　６６５　５２,2023-09-13,2023-09-16,12,住之江,一般,３　４４２　３６,2022-02-04,2022-02-09,12,住之江,一般,３６３　４　５４４　６２,2021-12-08,2021-12-11,12,住之江,一般,３６４　４　４,2021-09-17,2021-09-22,12,住之江,一般,６２５　５　３３６　５,3757,畑 和宏,2023-08-01,2023-08-06,12,住之江,一般,３４１　５３２　２６３５,2023-03-09,2023-03-13,12,住之江,一般,１　３５１４４３４１,2022-10-02,2022-10-07,12,住之江,一般,３　５２２　５２４３２４,2022-05-12,2022-05-17,12,住之江,ＧⅢ,３６６　６　５５６,2022-02-04,2022-02-09,12,住之江,一般,２　５３４４２４２５２６,5187,小坂 風太,2023-10-07,2023-10-10,12,住之江,一般,４　２４４　３３,,,,,,,,,,,,,,,,,,,,,,,,,4375,照屋 厚仁,2026-04-23,2026-04-29,12,住之江,一般,３　３２１　５１１４２２[５],2024-11-29,2024-12-03,12,住之江,一般,４６１　４３３　６１,2024-04-11,2024-04-16,12,住之江,一般,５　２３５１２１６３１６,2023-09-21,2023-09-26,12,住之江,一般,５４３　２４６　３　３２,2022-07-13,2022-07-18,12,住之江,一般,１　６５２５６　６　６,3775,泉 啓文,2025-05-13,2025-05-18,12,住之江,一般,２　４落４　６１２　５５,2024-10-10,2024-10-15,12,住之江,一般,４　４２３　１５３５６２,2024-07-10,2024-07-15,12,住之江,ＧⅢ,４　６６２６５　６　４６,2024-02-15,2024-02-18,12,住之江,一般,３２３　１６１６,2022-12-07,2022-12-12,12,住之江,一般,６４６　２　５５６　３,4229,市川 美宏,2026-03-23,2026-03-27,12,住之江,一般,３　６６４　３　３５,2024-07-10,2024-07-15,12,住之江,ＧⅢ,５　３５１　６５４　４５,2024-02-21,2024-02-26,12,住之江,一般,２６３　３４１　１６６４,2023-05-28,2023-06-02,12,住之江,一般,エ２６　６５５　５　４６,2022-09-22,2022-09-25,12,住之江,一般,５　１３２３４１
202609131202,2026-09-13,12,02R,4875,大塚 康雅,2025-07-11,2025-07-16,12,住之江,一般,１２３　４６１４２４５２,2022-02-26,2022-03-02,12,住之江,一般,４　２４３２５５１６,2022-01-29,2022-02-01,12,住之江,一般,５２６　３　４１,2020-09-26,2020-10-01,12,住之江,一般,５　３３１６６　４４１３,2019-06-30,2019-07-05,12,住之江,一般,２　１　５４５４６３１５,4060,島田 一生,2026-04-23,2026-04-29,12,住之江,一般,６６３　１３２　２４６　１４,2025-08-22,2025-08-27,12,住之江,一般,１５３　４６３　６５２１,2025-01-10,2025-01-14,12,住之江,一般,２３１５３　２５６４,2024-10-18,2024-10-23,12,住之江,一般,３　１６６４６　３　１６,2024-07-01,2024-07-05,12,住之江,一般,２６２　４　３６６,4898,菊地 敬介,2018-11-03,2018-11-08,12,住之江,一般,５　６５５　３　５　６６,,,,,,,,,,,,,,,,,,,,,,,,,3955,眞田 英二,2025-10-01,2025-10-06,12,住之江,一般,５３６　１３５　１　５６,2025-03-09,2025-03-12,12,住之江,一般,１　３３１４３４,2024-05-16,2024-05-21,12,住之江,一般,４　３４２４１　１４４４,2021-01-09,2021-01-12,12,住之江,一般,６　２１５４１５,2020-01-29,2020-02-03,12,住之江,一般,１２２　２４２１落１[１],4710,福田 宗平,2025-06-14,2025-06-19,12,住之江,一般,３２１　２妨,2025-03-09,2025-03-12,12,住之江,一般,４１４　２３２１,2025-01-02,2025-01-07,12,住之江,一般,２　５４３　６６１６６,2024-07-01,2024-07-05,12,住之江,一般,２６２　２２５４２３,2023-12-28,2023-12-31,12,住之江,一般,１５６　１１１４,4404,岸蔭 亮,2024-12-26,2024-12-29,12,住之江,一般,３２１　５６３６,2024-08-21,2024-08-26,12,住之江,一般,４６５　エ　６６２　５５,2024-01-15,2024-01-18,12,住之江,一般,２６２４４　２,2023-09-29,2023-10-03,12,住之江,一般,６　５３４　２　２３,2021-11-02,2021-11-07,12,住之江,一般,２　３４６　３４６　４３
202609131203,2026-09-13,12,03R,3558,山本 浩次,2026-05-23,2026-05-27,12,住之江,一般,５　６　４６１２３５,2026-01-27,2026-02-01,12,住之江,一般,４２４　６３,2025-02-20,2025-02-24,12,住之江,一般,５　４　５４６　４５,2024-07-10,2024-07-15,12,住之江,ＧⅢ,５　４　２３５３３　２３,2024-02-03,2024-02-08,12,住之江,一般,４　５６,5093,浦野 海,2025-09-25,2025-09-28,12,住之江,一般,１２５４２４６６,2025-03-31,2025-04-05,12,住之江,一般,５５６　３５１　３　１３,2024-01-15,2024-01-18,12,住之江,一般,６１２５５３１１,2022-10-19,2022-10-23,12,住之江,一般,２　４５４５５　２６,,,,,,,3957,大谷 直弘,2025-02-20,2025-02-24,12,住之江,一般,４　６　４４６　２６,2023-09-21,2023-09-26,12,住之江,一般,２６４　５５２　１　４４,2021-11-10,2021-11-15,12,住之江,一般,６　１１４　４６転,2019-10-01,2019-10-06,12,住之江,一般,４３３５２　２１３３３１,2019-06-23,2019-06-26,12,住之江,一般,２３４　５２４５,4794,和田 拓也,2026-04-16,2026-04-20,12,住之江,一般,３３３２１　３１[２],2025-09-25,2025-09-28,12,住之江,一般,３　３１４２[５],2024-11-01,2024-11-06,12,住之江,ＧⅠ,１　６　３３３　６　５５,2024-07-29,2024-08-04,12,住之江,一般,５　１５３４４　１１４２[５],2024-05-31,2024-06-05,12,住之江,ＧⅠ,６　３２１　３　２　[５],5009,大賀 龍之介,2024-11-29,2024-12-03,12,住之江,一般,５１１　６　６４４２,2023-02-27,2023-03-04,12,住之江,一般,４２１　４　１エ３６３５,2020-01-10,2020-01-15,12,住之江,一般,６　５　５１６　６６１,,,,,,,,,,,,,4962,畑 竜生,2025-11-01,2025-11-06,12,住之江,一般,２　４３３　３３３　１１,2025-07-21,2025-07-26,12,住之江,ＧⅢ,４　６６１　２３１　５１,2025-01-10,2025-01-14,12,住之江,一般,２６３　４４１６２５,2024-05-16,2024-05-21,12,住之江,一般,１５１　５２４　５５５１,2023-12-08,2023-12-11,12,住之江,一般,５２５　６　１４
202609131204,2026-09-13,12,04R,4626,伊藤 紘章,2026-05-11,2026-05-14,12,住之江,一般,４　６６５　５６,2024-06-10,2024-06-16,12,住之江,一般,１　３３３６１２２　１３４１,2022-12-07,2022-12-12,12,住之江,一般,４４１　３１４　６３３３,2021-12-08,2021-12-11,12,住之江,一般,４　５６６　３４,2020-12-17,2020-12-22,12,住之江,一般,６６３　１４３　６　５,4416,三宅 健太,2023-01-18,2023-01-21,12,住之江,一般,３６３　３１４５,2022-06-30,2022-07-05,12,住之江,ＧⅢ,１　３３５　６５５３２４,2018-02-06,2018-02-11,12,住之江,一般,６　５１６　５５５　４,2016-11-23,2016-11-28,12,住之江,一般,４５５　１３４　２　３,2011-08-03,2011-08-08,12,住之江,一般,１３３　１５４２６２[６],5043,中村 日向,2025-12-16,2025-12-21,12,住之江,ＳＧ,６　６６１　３　６　６,2023-09-03,2023-09-08,12,住之江,ＧⅠ,６４３　４１５　４　２,2022-09-05,2022-09-11,12,住之江,一般,１　１２２　３４６１１２[２],2022-04-12,2022-04-17,12,住之江,一般,１５２３１　３１３５６１,2020-06-18,2020-06-23,12,住之江,一般,２　５　３５５　５５５,3718,伊達 正利,2022-09-05,2022-09-11,12,住之江,一般,６　１３５　１６５　４　２４,2022-05-12,2022-05-17,12,住之江,ＧⅢ,６　１５６　１６５　２,2019-07-21,2019-07-26,12,住之江,一般,４６３　２４１　４　３４,2015-02-04,2015-02-08,12,住之江,一般,２　５６５２３　４５,2014-07-31,2014-08-05,12,住之江,一般,１６１　２１４　１５２６,3630,黒田 誠司,2026-05-23,2026-05-27,12,住之江,一般,３　３２４　３５３５,2024-12-07,2024-12-12,12,住之江,ＧⅢ,６　３６４　２６５４５,2024-04-11,2024-04-16,12,住之江,一般,５　６５３４２　５　２４,2022-09-22,2022-09-25,12,住之江,一般,５２２　１４４６,2019-01-12,2019-01-17,12,住之江,一般,５６４　５２４　４３３,3654,武田 光史,2025-06-02,2025-06-06,12,住之江,一般,１４１　１５５２[４],2024-12-07,2024-12-12,12,住之江,ＧⅢ,１４３１２　６２４２[５],2024-07-01,2024-07-05,12,住之江,一般,１２２１３　３１[１],2023-12-28,2023-12-31,12,住之江,一般,３　２３１２[３],2023-08-25,2023-08-30,12,住之江,一般,３１４　４１１１４５４２
202609131205,2026-09-13,12,05R,4579,中嶋 健一郎,2026-03-23,2026-03-27,12,住之江,一般,４１２　３２４４１３,2025-10-01,2025-10-06,12,住之江,一般,１６３　４６１　１２[４],2025-02-27,2025-03-02,12,住之江,一般,２　３１６３１１,2023-09-13,2023-09-16,12,住之江,一般,２４１　６３５１,2022-10-02,2022-10-07,12,住之江,一般,３３４　１４４１２５３３,4836,大谷 健太,2026-07-03,2026-07-08,12,住之江,一般,４３２　５６３　５　５４,2025-11-01,2025-11-06,12,住之江,一般,１　２４６　１６６４５,2024-07-19,2024-07-24,12,住之江,一般,２　１６６　４２１５５３,2024-04-11,2024-04-16,12,住之江,一般,２６転　４　４６６　４６,2022-09-14,2022-09-20,12,住之江,一般,４６５　６,4047,吉永 浩則,2026-05-30,2026-06-03,12,住之江,一般,１　６６５　３　１５,2025-12-25,2025-12-30,12,住之江,一般,１　１６６　６６５　１５,2025-10-09,2025-10-13,12,住之江,一般,２６２　５　４５１６,2025-02-20,2025-02-24,12,住之江,一般,１　６　２５３５１,2024-11-29,2024-12-03,12,住之江,一般,５４３　２３６　１,5321,一色 颯輝,2025-01-21,2025-01-26,12,住之江,一般,６６５　６５４　２　１２,,,,,,,,,,,,,,,,,,,,,,,,,5187,小坂 風太,2023-10-07,2023-10-10,12,住之江,一般,４　２４４　３３,,,,,,,,,,,,,,,,,,,,,,,,,3502,渡邉 英児,2026-01-27,2026-02-01,12,住之江,一般,４　４２２　１４３３２１,2025-03-31,2025-04-05,12,住之江,一般,３４５　５　５３３　４１,2024-12-26,2024-12-29,12,住之江,一般,５　３２２　３６,2024-07-10,2024-07-15,12,住之江,ＧⅢ,１　２４３２４　４６２１,2024-05-09,2024-05-13,12,住之江,一般,５　６２３１２２[３]
202609131206,2026-09-13,12,06R,3293,宮内 由紀英,2026-01-11,2026-01-16,12,住之江,一般,３６６　５　６欠,2025-07-11,2025-07-16,12,住之江,一般,５　３６４　２５５　４,2024-02-03,2024-02-08,12,住之江,一般,５　２４４６５　５　５,2023-07-25,2023-07-30,12,住之江,一般,５４６　４　３６４　６４,2022-11-18,2022-11-23,12,住之江,一般,３２５　５　４４５　５,4287,今井 貴士,2025-07-11,2025-07-16,12,住之江,一般,１　１１１　１２２３２１,2025-01-21,2025-01-26,12,住之江,一般,２　１４１　３２２５２２,2024-10-25,2024-10-29,12,住之江,一般,４５２１２　１３２５,2020-02-29,2020-03-05,12,住之江,一般,４５２３２　２６１２[６],2019-09-23,2019-09-28,12,住之江,一般,１５３　１１４５１２[４],3775,泉 啓文,2025-05-13,2025-05-18,12,住之江,一般,２　４落４　６１２　５５,2024-10-10,2024-10-15,12,住之江,一般,４　４２３　１５３５６２,2024-07-10,2024-07-15,12,住之江,ＧⅢ,４　６６２６５　６　４６,2024-02-15,2024-02-18,12,住之江,一般,３２３　１６１６,2022-12-07,2022-12-12,12,住之江,一般,６４６　２　５５６　３,4253,西川 真人,2025-01-21,2025-01-26,12,住之江,一般,６４６　５２５,2024-07-29,2024-08-04,12,住之江,一般,５　６２６　２５２４１　３２,2023-12-28,2023-12-31,12,住之江,一般,４　５４エ　５２,2023-09-13,2023-09-16,12,住之江,一般,６　２５４　６６,2022-11-29,2022-12-04,12,住之江,一般,２５５　５　６５３　４６,4218,吉川 喜継,2026-05-23,2026-05-27,12,住之江,一般,１１落　１４３５１,2026-02-04,2026-02-09,12,住之江,ＧⅠ,２　１５３　６４２５２,2025-11-01,2025-11-06,12,住之江,一般,１　１３１４４　１３３１,2025-07-29,2025-08-01,12,住之江,一般,１３３　２３２１,2025-03-09,2025-03-12,12,住之江,一般,２　４１３２[５],4724,吉田 祐貴,2024-03-15,2024-03-20,12,住之江,一般,２４４　６　６６４　６６,2022-04-03,2022-04-09,12,住之江,一般,１６１　４　４６３４６３６５,2021-11-29,2021-12-05,12,住之江,一般,５５２　３６３　６６５　５,2015-11-27,2015-11-30,12,住之江,一般,４６６　２　５,,,,,,
202609131207,2026-09-13,12,07R,3955,眞田 英二,2025-10-01,2025-10-06,12,住之江,一般,５３６　１３５　１　５６,2025-03-09,2025-03-12,12,住之江,一般,１　３３１４３４,2024-05-16,2024-05-21,12,住之江,一般,４　３４２４１　１４４４,2021-01-09,2021-01-12,12,住之江,一般,６　２１５４１５,2020-01-29,2020-02-03,12,住之江,一般,１２２　２４２１落１[１],4229,市川 美宏,2026-03-23,2026-03-27,12,住之江,一般,３　６６４　３　３５,2024-07-10,2024-07-15,12,住之江,ＧⅢ,５　３５１　６５４　４５,2024-02-21,2024-02-26,12,住之江,一般,２６３　３４１　１６６４,2023-05-28,2023-06-02,12,住之江,一般,エ２６　６５５　５　４６,2022-09-22,2022-09-25,12,住之江,一般,５　１３２３４１,4260,中越 博紀,2026-05-23,2026-05-27,12,住之江,一般,６　６６２３２　２１,2025-02-27,2025-03-02,12,住之江,一般,２　１６５４６,2024-04-27,2024-04-30,12,住之江,一般,６　１２３５５３,2023-09-13,2023-09-16,12,住之江,一般,１　３３４２[５],2022-04-03,2022-04-09,12,住之江,一般,４５４　落欠,3558,山本 浩次,2026-05-23,2026-05-27,12,住之江,一般,５　６　４６１２３５,2026-01-27,2026-02-01,12,住之江,一般,４２４　６３,2025-02-20,2025-02-24,12,住之江,一般,５　４　５４６　４５,2024-07-10,2024-07-15,12,住之江,ＧⅢ,５　４　２３５３３　２３,2024-02-03,2024-02-08,12,住之江,一般,４　５６,5158,宮脇 遼太,2025-09-25,2025-09-28,12,住之江,一般,１　１３５１[３],2025-03-15,2025-03-20,12,住之江,一般,１４２　５２２　５１１２,2023-04-09,2023-04-14,12,住之江,一般,５　５６５　２５３　転,,,,,,,,,,,,,4679,植田 太一,2025-09-01,2025-09-05,12,住之江,一般,１４３　５１２５３６,2025-06-14,2025-06-19,12,住之江,一般,２　１２３　１１５１[１],2023-10-30,2023-11-04,12,住之江,一般,１２３　３１６　４５１,2023-01-18,2023-01-21,12,住之江,一般,５　２４６５６２,2021-05-17,2021-05-22,12,住之江,一般,６４３　２　１５２６１
202609131208,2026-09-13,12,08R,3300,川崎 智幸,2026-03-04,2026-03-09,12,住之江,一般,５　６５１　４４２　３１,2025-02-06,2025-02-11,12,住之江,一般,６　２３３１２　１３５１,2022-05-12,2022-05-17,12,住之江,ＧⅢ,３　６６５５４１１　F１,2021-09-02,2021-09-07,12,住之江,ＧⅠ,２　４１２　５４１４６５,2021-03-19,2021-03-24,12,住之江,一般,２３３　５５２３５３３１,4794,和田 拓也,2026-04-16,2026-04-20,12,住之江,一般,３３３２１　３１[２],2025-09-25,2025-09-28,12,住之江,一般,３　３１４２[５],2024-11-01,2024-11-06,12,住之江,ＧⅠ,１　６　３３３　６　５５,2024-07-29,2024-08-04,12,住之江,一般,５　１５３４４　１１４２[５],2024-05-31,2024-06-05,12,住之江,ＧⅠ,６　３２１　３　２　[５],4875,大塚 康雅,2025-07-11,2025-07-16,12,住之江,一般,１２３　４６１４２４５２,2022-02-26,2022-03-02,12,住之江,一般,４　２４３２５５１６,2022-01-29,2022-02-01,12,住之江,一般,５２６　３　４１,2020-09-26,2020-10-01,12,住之江,一般,５　３３１６６　４４１３,2019-06-30,2019-07-05,12,住之江,一般,２　１　５４５４６３１５,3757,畑 和宏,2023-08-01,2023-08-06,12,住之江,一般,３４１　５３２　２６３５,2023-03-09,2023-03-13,12,住之江,一般,１　３５１４４３４１,2022-10-02,2022-10-07,12,住之江,一般,３　５２２　５２４３２４,2022-05-12,2022-05-17,12,住之江,ＧⅢ,３６６　６　５５６,2022-02-04,2022-02-09,12,住之江,一般,２　５３４４２４２５２６,3471,赤峰 和也,2026-06-14,2026-06-17,12,住之江,一般,５　６３５　６１,2025-10-24,2025-10-29,12,住之江,一般,３６４　１３６　５　２,2025-02-27,2025-03-02,12,住之江,一般,１　４３４３６４,2020-11-11,2020-11-16,12,住之江,ＧⅢ,６　４２２　３６１４２,2019-03-01,2019-03-06,12,住之江,一般,１４６　４　６転,4727,安部 慎一,2025-09-17,2025-09-21,12,住之江,一般,５４２　６６４　３５,2023-09-29,2023-10-03,12,住之江,一般,６　４５６　６　３１,2023-03-19,2023-03-22,12,住之江,一般,５　３６３　４３,2020-10-07,2020-10-12,12,住之江,一般,３　２２６　６　３２１１,2020-01-10,2020-01-15,12,住之江,一般,６　６４３　４転６　４
202609131209,2026-09-13,12,09R,5009,大賀 龍之介,2024-11-29,2024-12-03,12,住之江,一般,５１１　６　６４４２,2023-02-27,2023-03-04,12,住之江,一般,４２１　４　１エ３６３５,2020-01-10,2020-01-15,12,住之江,一般,６　５　５１６　６６１,,,,,,,,,,,,,3630,黒田 誠司,2026-05-23,2026-05-27,12,住之江,一般,３　３２４　３５３５,2024-12-07,2024-12-12,12,住之江,ＧⅢ,６　３６４　２６５４５,2024-04-11,2024-04-16,12,住之江,一般,５　６５３４２　５　２４,2022-09-22,2022-09-25,12,住之江,一般,５２２　１４４６,2019-01-12,2019-01-17,12,住之江,一般,５６４　５２４　４３３,3502,渡邉 英児,2026-01-27,2026-02-01,12,住之江,一般,４　４２２　１４３３２１,2025-03-31,2025-04-05,12,住之江,一般,３４５　５　５３３　４１,2024-12-26,2024-12-29,12,住之江,一般,５　３２２　３６,2024-07-10,2024-07-15,12,住之江,ＧⅢ,１　２４３２４　４６２１,2024-05-09,2024-05-13,12,住之江,一般,５　６２３１２２[３],4404,岸蔭 亮,2024-12-26,2024-12-29,12,住之江,一般,３２１　５６３６,2024-08-21,2024-08-26,12,住之江,一般,４６５　エ　６６２　５５,2024-01-15,2024-01-18,12,住之江,一般,２６２４４　２,2023-09-29,2023-10-03,12,住之江,一般,６　５３４　２　２３,2021-11-02,2021-11-07,12,住之江,一般,２　３４６　３４６　４３,5285,若林 麗,2025-11-01,2025-11-06,12,住之江,一般,５　３３１　２６５６６,2025-07-11,2025-07-16,12,住之江,一般,４６４　５　５６６　６６,2025-03-15,2025-03-20,12,住之江,一般,５５６　４５６　５　３５,,,,,,,,,,,,,4063,市橋 卓士,2025-09-25,2025-09-28,12,住之江,一般,２２４　１３１２,2025-03-31,2025-04-05,12,住之江,一般,２６５　２３２　２５５１,2024-07-29,2024-08-04,12,住之江,一般,１　１４F４３　６　６　４,2024-02-21,2024-02-26,12,住之江,一般,４　２２６１４４２３２３,2023-04-16,2023-04-19,12,住之江,一般,３１１　４１[１]
202609131210,2026-09-13,12,10R,4311,岡村 仁,2026-08-13,2026-08-18,12,住之江,一般,４５２　２４５　４２２,2026-05-23,2026-05-27,12,住之江,一般,F１１　２　４　６,2026-05-03,2026-05-08,12,住之江,一般,５　１３２　２２１３３４,2026-02-04,2026-02-09,12,住之江,ＧⅠ,５　５３３　６２５　３１,2026-01-02,2026-01-07,12,住之江,一般,５　３１２　３１１２[２],4624,高田 明,2025-02-14,2025-02-17,12,住之江,一般,１　３２４５２４,2024-04-27,2024-04-30,12,住之江,一般,３４１　１２[６],2022-12-07,2022-12-12,12,住之江,一般,３６３　３６１　６３６１,2021-02-06,2021-02-11,12,住之江,一般,１６F,2020-06-18,2020-06-23,12,住之江,一般,２１１４２　１１１１[１],4626,伊藤 紘章,2026-05-11,2026-05-14,12,住之江,一般,４　６６５　５６,2024-06-10,2024-06-16,12,住之江,一般,１　３３３６１２２　１３４１,2022-12-07,2022-12-12,12,住之江,一般,４４１　３１４　６３３３,2021-12-08,2021-12-11,12,住之江,一般,４　５６６　３４,2020-12-17,2020-12-22,12,住之江,一般,６６３　１４３　６　５,3293,宮内 由紀英,2026-01-11,2026-01-16,12,住之江,一般,３６６　５　６欠,2025-07-11,2025-07-16,12,住之江,一般,５　３６４　２５５　４,2024-02-03,2024-02-08,12,住之江,一般,５　２４４６５　５　５,2023-07-25,2023-07-30,12,住之江,一般,５４６　４　３６４　６４,2022-11-18,2022-11-23,12,住之江,一般,３２５　５　４４５　５,4375,照屋 厚仁,2026-04-23,2026-04-29,12,住之江,一般,３　３２１　５１１４２２[５],2024-11-29,2024-12-03,12,住之江,一般,４６１　４３３　６１,2024-04-11,2024-04-16,12,住之江,一般,５　２３５１２１６３１６,2023-09-21,2023-09-26,12,住之江,一般,５４３　２４６　３　３２,2022-07-13,2022-07-18,12,住之江,一般,１　６５２５６　６　６,3957,大谷 直弘,2025-02-20,2025-02-24,12,住之江,一般,４　６　４４６　２６,2023-09-21,2023-09-26,12,住之江,一般,２６４　５５２　１　４４,2021-11-10,2021-11-15,12,住之江,一般,６　１１４　４６転,2019-10-01,2019-10-06,12,住之江,一般,４３３５２　２１３３３１,2019-06-23,2019-06-26,12,住之江,一般,２３４　５２４５
202609131211,2026-09-13,12,11R,5139,大場 恒季,2025-09-25,2025-09-28,12,住之江,一般,２　２３１６２５,2025-06-14,2025-06-19,12,住之江,一般,２３２　６４３６２３２１,2025-02-20,2025-02-24,12,住之江,一般,４３３　３１１３F１,2024-07-29,2024-08-04,12,住之江,一般,２　２３１　１１５　２６５４,2024-02-21,2024-02-26,12,住之江,一般,５　２６５　６３１　２１,4401,小林 泰,2024-06-10,2024-06-16,12,住之江,一般,６　１３２３１　３２２４１２,2020-06-10,2020-06-15,12,住之江,一般,２５２　２６３　４３２４,2020-03-08,2020-03-13,12,住之江,一般,２１２３３　１２５３２１,2019-09-23,2019-09-28,12,住之江,一般,５　５３１　４６４　５２,2019-06-30,2019-07-05,12,住之江,一般,１　５４５５２　４　５,4959,井上 忠政,2026-08-13,2026-08-18,12,住之江,一般,３　１１１１４　４１[６],2026-05-03,2026-05-08,12,住之江,一般,４　２１４１２１５２[５],2026-04-03,2026-04-08,12,住之江,ＧⅠ,５１１　２　３１１　[２],2026-02-04,2026-02-09,12,住之江,ＧⅠ,４４１　２３２　２　[６],2026-01-02,2026-01-07,12,住之江,一般,２　２４４１４５１４１５,4218,吉川 喜継,2026-05-23,2026-05-27,12,住之江,一般,１１落　１４３５１,2026-02-04,2026-02-09,12,住之江,ＧⅠ,２　１５３　６４２５２,2025-11-01,2025-11-06,12,住之江,一般,１　１３１４４　１３３１,2025-07-29,2025-08-01,12,住之江,一般,１３３　２３２１,2025-03-09,2025-03-12,12,住之江,一般,２　４１３２[５],5110,杉山 喜一,2025-09-25,2025-09-28,12,住之江,一般,１６２　３６４５,,,,,,,,,,,,,,,,,,,,,,,,,4898,菊地 敬介,2018-11-03,2018-11-08,12,住之江,一般,５　６５５　３　５　６６,,,,,,,,,,,,,,,,,,,,,,,,
202609131212,2026-09-13,12,12R,5043,中村 日向,2025-12-16,2025-12-21,12,住之江,ＳＧ,６　６６１　３　６　６,2023-09-03,2023-09-08,12,住之江,ＧⅠ,６４３　４１５　４　２,2022-09-05,2022-09-11,12,住之江,一般,１　１２２　３４６１１２[２],2022-04-12,2022-04-17,12,住之江,一般,１５２３１　３１３５６１,2020-06-18,2020-06-23,12,住之江,一般,２　５　３５５　５５５,3471,赤峰 和也,2026-06-14,2026-06-17,12,住之江,一般,５　６３５　６１,2025-10-24,2025-10-29,12,住之江,一般,３６４　１３６　５　２,2025-02-27,2025-03-02,12,住之江,一般,１　４３４３６４,2020-11-11,2020-11-16,12,住之江,ＧⅢ,６　４２２　３６１４２,2019-03-01,2019-03-06,12,住之江,一般,１４６　４　６転,4962,畑 竜生,2025-11-01,2025-11-06,12,住之江,一般,２　４３３　３３３　１１,2025-07-21,2025-07-26,12,住之江,ＧⅢ,４　６６１　２３１　５１,2025-01-10,2025-01-14,12,住之江,一般,２６３　４４１６２５,2024-05-16,2024-05-21,12,住之江,一般,１５１　５２４　５５５１,2023-12-08,2023-12-11,12,住之江,一般,５２５　６　１４,5158,宮脇 遼太,2025-09-25,2025-09-28,12,住之江,一般,１　１３５１[３],2025-03-15,2025-03-20,12,住之江,一般,１４２　５２２　５１１２,2023-04-09,2023-04-14,12,住之江,一般,５　５６５　２５３　転,,,,,,,,,,,,,5321,一色 颯輝,2025-01-21,2025-01-26,12,住之江,一般,６６５　６５４　２　１２,,,,,,,,,,,,,,,,,,,,,,,,,4287,今井 貴士,2025-07-11,2025-07-16,12,住之江,一般,１　１１１　１２２３２１,2025-01-21,2025-01-26,12,住之江,一般,２　１４１　３２２５２２,2024-10-25,2024-10-29,12,住之江,一般,４５２１２　１３２５,2020-02-29,2020-03-05,12,住之江,一般,４５２３２　２６１２[６],2019-09-23,2019-09-28,12,住之江,一般,１５３　１１４５１２[４]
202609131701,2026-09-13,17,01R,3662,大庭 元明,2026-01-20,2026-01-25,17,宮島,一般,３６５　２２２　１４１１,2023-06-16,2023-06-21,17,宮島,ＧⅢ,３５３６５６５　１　３１,2020-09-23,2020-09-27,17,宮島,一般,１　５２３４３５１５,2020-08-03,2020-08-08,17,宮島,一般,,2018-07-11,2018-07-16,17,宮島,一般,５　２２４２２１６２[５],5236,小宮 涼雅,2026-08-14,2026-08-19,17,宮島,一般,６３６　６５６　２　３６,2026-05-25,2026-05-30,17,宮島,一般,１　２２２　２６１４５２,2026-01-20,2026-01-25,17,宮島,一般,５転５　３５３　５６４１,2025-08-12,2025-08-17,17,宮島,一般,３　２５５　５６２　５３,2024-06-30,2024-07-04,17,宮島,一般,３　４５６　４５６４,4158,木場 雄二郎,2026-01-20,2026-01-25,17,宮島,一般,３３１　６６２　６２３３,2025-07-25,2025-07-30,17,宮島,一般,５６１　５４２　５６４５,2025-03-26,2025-03-31,17,宮島,一般,３１６　２６６　６６４,2025-01-11,2025-01-16,17,宮島,一般,６　４１３　３６２３６５,2024-08-03,2024-08-08,17,宮島,一般,６　４２４　２４６６２,4461,安田 吉宏,2026-02-12,2026-02-17,17,宮島,一般,４２３　２３４５３　４３,2025-10-28,2025-11-02,17,宮島,一般,３　５５５　３６３　５６,2024-12-10,2024-12-15,17,宮島,一般,５３５　５６６４６　３４,2023-11-15,2023-11-19,17,宮島,一般,３　５　４３４　１６,2022-12-16,2022-12-21,17,宮島,一般,６４６　３５５４５　６４,4023,柴田 友和,2024-12-25,2024-12-28,17,宮島,一般,５２４　転４３５,2024-07-10,2024-07-15,17,宮島,一般,３　４５４　２３５３１１,2023-02-07,2023-02-12,17,宮島,一般,４　５２５　４６５６５３,2022-07-14,2022-07-19,17,宮島,一般,５　３６６　６２４　２３,2021-11-16,2021-11-21,17,宮島,一般,６　３５６　５１６　４３,5249,三木 晴斗,2025-08-26,2025-08-31,17,宮島,ＧⅢ,５　５転,2025-01-23,2025-01-28,17,宮島,一般,４　２２６　６５４　４６,2024-05-27,2024-06-01,17,宮島,一般,４　４５３　６３３６４５,2023-04-30,2023-05-05,17,宮島,一般,６　３２６　４６６　６６,,,,,,
202609131702,2026-09-13,17,02R,3920,正木 聖賢,2026-04-30,2026-05-05,17,宮島,一般,３　４４１１５４４６４３,2025-08-26,2025-08-31,17,宮島,ＧⅢ,２　２２４　３２２１[４],2025-08-12,2025-08-17,17,宮島,一般,３４４　２２６　１３２,2025-05-21,2025-05-25,17,宮島,一般,２　２５１　２５１４,2025-02-05,2025-02-09,17,宮島,一般,４　２５３３６　２６,3637,齋藤 和政,2026-06-17,2026-06-22,17,宮島,ＧⅢ,６　５６２　５６５　６,2025-01-23,2025-01-28,17,宮島,一般,５　６４５　４３６６４,2019-12-10,2019-12-15,17,宮島,一般,４　３４２　５４４２２,2017-04-13,2017-04-18,17,宮島,一般,２１４　１２３２６　[６],2014-10-17,2014-10-22,17,宮島,一般,４６１　１２６５４４２６,4570,前田 聖文,2026-03-26,2026-03-31,17,宮島,一般,６４４３３４３　１　２５,2025-03-04,2025-03-09,17,宮島,一般,２４３２１１転　４２[４],2024-07-25,2024-07-30,17,宮島,一般,５１２２４１３　１４４２,2024-03-09,2024-03-14,17,宮島,ＧⅡ,３５６　４　３１４　４４,2023-11-29,2023-12-03,17,宮島,一般,４　３３１３１６１４,3503,堂原 洋史,2025-04-22,2025-04-27,17,宮島,一般,３５２　１４６５３　４２,2023-12-16,2023-12-21,17,宮島,一般,５６４　５６１　４３４,2023-06-16,2023-06-21,17,宮島,ＧⅢ,３　６２４　５６５　６３,2019-12-10,2019-12-15,17,宮島,一般,２６２　２３３　２６５２,2018-09-27,2018-10-01,17,宮島,一般,５６４　２２１５,3868,尾形 栄治,2023-06-24,2023-06-28,17,宮島,一般,３４６６１　６　２２,2022-09-20,2022-09-25,17,宮島,一般,４２５　１３３２５６１５,2019-07-25,2019-07-28,17,宮島,一般,１３１　３３１２,2019-02-03,2019-02-08,17,宮島,一般,１３３　４１２　３１[４],2017-11-24,2017-11-29,17,宮島,ＧⅢ,１２２　６４１　４３１４,5450,,,,,,,,,,,,,,,,,,,,,,,,,,,,,,,
202609131703,2026-09-13,17,03R,5036,福田 翔吾,2025-05-21,2025-05-25,17,宮島,一般,３　５６２　３F４,2024-11-14,2024-11-19,17,宮島,一般,２　３２５　３２２３１３,2024-03-26,2024-03-31,17,宮島,一般,３妨５　２３妨,2023-11-07,2023-11-12,17,宮島,一般,３１２　４２６　１５転６,2022-03-03,2022-03-08,17,宮島,一般,２　５６２F６　３　３,4637,中田 友也,2026-03-06,2026-03-11,17,宮島,一般,６　１５５　１６６１５３,2025-09-05,2025-09-10,17,宮島,一般,４２１　２５４１１２[３],2023-09-11,2023-09-15,17,宮島,一般,６　６　２４３３３３,2023-04-14,2023-04-19,17,宮島,一般,４　２１２　１４５３５１,2023-03-06,2023-03-11,17,宮島,一般,１３１　１２３５４５２３,4332,村上 彰一,2025-07-07,2025-07-10,17,宮島,一般,２４３５５　５３,2025-02-05,2025-02-09,17,宮島,一般,２　３６３２４３３３,2024-11-05,2024-11-10,17,宮島,一般,３　５６５　４５,2022-08-02,2022-08-07,17,宮島,ＧⅢ,３転,2022-05-06,2022-05-11,17,宮島,一般,６３３６５　１２１　６F,4134,杉山 貴博,2026-04-03,2026-04-07,17,宮島,一般,３　６３３　６１６４,2025-02-12,2025-02-16,17,宮島,一般,１３６２１１４４４３,2024-12-01,2024-12-06,17,宮島,一般,２６５１３３２　２５１５,2024-09-04,2024-09-09,17,宮島,一般,１　３６３３５３３４２１,2023-05-29,2023-06-03,17,宮島,一般,５１４　４５１５４１２２,3748,小黒 竜吾,2024-06-30,2024-07-04,17,宮島,一般,４　３３１１１６４６,2019-02-13,2019-02-18,17,宮島,一般,６　２２２　２６４６６２,2018-07-30,2018-08-04,17,宮島,一般,２４３　６５６　４２２３,2017-02-03,2017-02-08,17,宮島,一般,３４２　１５２５１６３６,2015-03-11,2015-03-16,17,宮島,一般,５１５　４４３　４５４,5452,上馬場 風依,2026-06-26,2026-07-01,17,宮島,一般,６　４５F６６　６　６,2026-05-16,2026-05-21,17,宮島,一般,６　６６６　６６６　６６,,,,,,,,,,,,,,,,,,
202609131704,2026-09-13,17,04R,4650,中山 雄太,2025-03-26,2025-03-31,17,宮島,一般,２２６　１５１３５３２２,2024-09-04,2024-09-09,17,宮島,一般,転欠,2023-09-11,2023-09-15,17,宮島,一般,４１１４６　２５１４,2023-06-06,2023-06-11,17,宮島,一般,１１１２２　３５１４１１,2023-04-22,2023-04-25,17,宮島,一般,４２２　１４３５,4241,大串 重幸,2026-02-03,2026-02-08,17,宮島,一般,４　２５１転５３３　１４,2025-09-05,2025-09-10,17,宮島,一般,３　３６１　４２１３４１,2022-11-06,2022-11-11,17,宮島,一般,２,2022-06-14,2022-06-19,17,宮島,一般,１３２　３４３　５６１６,2022-02-08,2022-02-11,17,宮島,一般,５　３４５　２５,4406,幸野 史明,2026-02-20,2026-02-25,17,宮島,一般,１５３　２３４３１６１６,2025-11-13,2025-11-18,17,宮島,一般,３２３　６４６　５　４５,2024-05-27,2024-06-01,17,宮島,一般,１　３３３　４３５５２６,2024-03-18,2024-03-23,17,宮島,一般,１２２　１６５５６５１５,2024-01-10,2024-01-15,17,宮島,一般,４　５５１　６５６６６,3684,清水 攻二,2025-12-01,2025-12-06,17,宮島,一般,２３３１３６１　１４２２,2025-07-16,2025-07-21,17,宮島,一般,２２４　２１１　４１[６],2024-08-27,2024-09-02,17,宮島,ＧⅢ,５５４　４５,2023-12-24,2023-12-27,17,宮島,一般,１１４２妨３１,2023-06-24,2023-06-28,17,宮島,一般,２５２５１　３４２２,4231,鈴木 裕隆,2026-03-06,2026-03-11,17,宮島,一般,３　３６２　２２３５１３,2025-03-04,2025-03-09,17,宮島,一般,４５１３４　１４６６１６,2024-08-27,2024-09-02,17,宮島,ＧⅢ,４２４　４２３　２４３３,2023-11-29,2023-12-03,17,宮島,一般,５　２１妨　６　５２,2023-06-24,2023-06-28,17,宮島,一般,１　４　４３１６６６,5311,小林 京平,2025-07-16,2025-07-21,17,宮島,一般,６　６２５　３６転　３６,2024-12-31,2025-01-05,17,宮島,一般,　　　　　　　　３　６６,,,,,,,,,,,,,,,,,,
202609131705,2026-09-13,17,05R,3333,丸尾 義孝,2024-04-10,2024-04-15,17,宮島,一般,１３１１１　１５５３６１,2022-09-02,2022-09-08,17,宮島,一般,１　２２４５３３４３３１,2022-07-06,2022-07-10,17,宮島,一般,２２５２１　３４１１,2021-05-26,2021-05-31,17,宮島,一般,２３５１１　３６１５１２,2020-09-30,2020-10-03,17,宮島,一般,１４５１４３１２,4201,佐竹 友樹,2025-05-28,2025-06-01,17,宮島,一般,６５３　４２４１４,2024-12-25,2024-12-28,17,宮島,一般,２１６　５６３５,2024-06-30,2024-07-04,17,宮島,一般,６５１　２３４　２６,2018-02-20,2018-02-25,17,宮島,一般,４１１２３４２　４６２２,2014-11-13,2014-11-16,17,宮島,一般,２１３３１１[６],5035,櫻井 優,2023-08-01,2023-08-06,17,宮島,ＧⅢ,１　６６１　１６２　４２,2023-07-12,2023-07-17,17,宮島,一般,１　５４４　４１３１２３,2020-07-22,2020-07-27,17,宮島,一般,５　６６２　２６６３６６,,,,,,,,,,,,,5041,荒牧 凪沙,2026-03-26,2026-03-31,17,宮島,一般,１６６　６１３　３　１４,2025-07-07,2025-07-10,17,宮島,一般,４　３３１　６５,2024-11-14,2024-11-19,17,宮島,一般,２５１　３１１　５１[４],2022-07-14,2022-07-19,17,宮島,一般,４３４　２４５　３５４,2021-10-13,2021-10-18,17,宮島,一般,２　４６３　５４３　３４,4158,木場 雄二郎,2026-01-20,2026-01-25,17,宮島,一般,３３１　６６２　６２３３,2025-07-25,2025-07-30,17,宮島,一般,５６１　５４２　５６４５,2025-03-26,2025-03-31,17,宮島,一般,３１６　２６６　６６４,2025-01-11,2025-01-16,17,宮島,一般,６　４１３　３６２３６５,2024-08-03,2024-08-08,17,宮島,一般,６　４２４　２４６６２,4952,吉武 真也,2026-01-09,2026-01-13,17,宮島,一般,５　２　３５１　４５,2025-09-05,2025-09-10,17,宮島,一般,１６１　６３３　６　３６,2023-01-30,2023-02-03,17,宮島,一般,　　　　　　５４２,2020-07-22,2020-07-27,17,宮島,一般,５５５　６６６５４　５５,2018-08-07,2018-08-12,17,宮島,一般,６　６５５　５６６　６６
202609131706,2026-09-13,17,06R,4428,有賀 達也,2026-03-06,2026-03-11,17,宮島,一般,５,2025-05-12,2025-05-17,17,宮島,一般,３４４１１２２　１５１３,2024-07-25,2024-07-30,17,宮島,一般,２　３３１２１３４１[４],2023-12-07,2023-12-12,17,宮島,一般,２４１２５　２３１２[１],2018-06-12,2018-06-17,17,宮島,ＧⅡ,５　２　６５５　１３５,4839,四宮 与寛,2024-10-20,2024-10-25,17,宮島,一般,３２２２３　６４２６４５,2024-01-10,2024-01-15,17,宮島,一般,１３２１３２１　４１[４],2023-10-17,2023-10-22,17,宮島,一般,１　４２２　１４６６１６,2021-08-27,2021-09-01,17,宮島,一般,５　１３４４４３１　３２,2020-06-03,2020-06-08,17,宮島,一般,６６３　２２５　５６６,4023,柴田 友和,2024-12-25,2024-12-28,17,宮島,一般,５２４　転４３５,2024-07-10,2024-07-15,17,宮島,一般,３　４５４　２３５３１１,2023-02-07,2023-02-12,17,宮島,一般,４　５２５　４６５６５３,2022-07-14,2022-07-19,17,宮島,一般,５　３６６　６２４　２３,2021-11-16,2021-11-21,17,宮島,一般,６　３５６　５１６　４３,5236,小宮 涼雅,2026-08-14,2026-08-19,17,宮島,一般,６３６　６５６　２　３６,2026-05-25,2026-05-30,17,宮島,一般,１　２２２　２６１４５２,2026-01-20,2026-01-25,17,宮島,一般,５転５　３５３　５６４１,2025-08-12,2025-08-17,17,宮島,一般,３　２５５　５６２　５３,2024-06-30,2024-07-04,17,宮島,一般,３　４５６　４５６４,3637,齋藤 和政,2026-06-17,2026-06-22,17,宮島,ＧⅢ,６　５６２　５６５　６,2025-01-23,2025-01-28,17,宮島,一般,５　６４５　４３６６４,2019-12-10,2019-12-15,17,宮島,一般,４　３４２　５４４２２,2017-04-13,2017-04-18,17,宮島,一般,２１４　１２３２６　[６],2014-10-17,2014-10-22,17,宮島,一般,４６１　１２６５４４２６,4732,堀本 和也,2024-11-05,2024-11-10,17,宮島,一般,４１４　５１２２３５１５,2024-05-17,2024-05-22,17,宮島,一般,１３５３３　４１１転,2023-11-07,2023-11-12,17,宮島,一般,２　３２２　４３３５１４,2023-08-13,2023-08-18,17,宮島,一般,２１３　２３１４１３１２,2022-02-14,2022-02-18,17,宮島,一般,２５３３１２１２[６]
202609131707,2026-09-13,17,07R,4832,権藤 俊光,2025-11-13,2025-11-18,17,宮島,一般,１２１　１３２３５１[４],2023-08-01,2023-08-06,17,宮島,ＧⅢ,３６４３２　転１,2022-04-04,2022-04-09,17,宮島,ＧⅠ,２　３２１　３６失　１５,2021-04-14,2021-04-17,17,宮島,一般,２４１２５１[５],2020-07-22,2020-07-27,17,宮島,一般,２３３１１１５　２２[転],4134,杉山 貴博,2026-04-03,2026-04-07,17,宮島,一般,３　６３３　６１６４,2025-02-12,2025-02-16,17,宮島,一般,１３６２１１４４４３,2024-12-01,2024-12-06,17,宮島,一般,２６５１３３２　２５１５,2024-09-04,2024-09-09,17,宮島,一般,１　３６３３５３３４２１,2023-05-29,2023-06-03,17,宮島,一般,５１４　４５１５４１２２,3868,尾形 栄治,2023-06-24,2023-06-28,17,宮島,一般,３４６６１　６　２２,2022-09-20,2022-09-25,17,宮島,一般,４２５　１３３２５６１５,2019-07-25,2019-07-28,17,宮島,一般,１３１　３３１２,2019-02-03,2019-02-08,17,宮島,一般,１３３　４１２　３１[４],2017-11-24,2017-11-29,17,宮島,ＧⅢ,１２２　６４１　４３１４,4570,前田 聖文,2026-03-26,2026-03-31,17,宮島,一般,６４４３３４３　１　２５,2025-03-04,2025-03-09,17,宮島,一般,２４３２１１転　４２[４],2024-07-25,2024-07-30,17,宮島,一般,５１２２４１３　１４４２,2024-03-09,2024-03-14,17,宮島,ＧⅡ,３５６　４　３１４　４４,2023-11-29,2023-12-03,17,宮島,一般,４　３３１３１６１４,4332,村上 彰一,2025-07-07,2025-07-10,17,宮島,一般,２４３５５　５３,2025-02-05,2025-02-09,17,宮島,一般,２　３６３２４３３３,2024-11-05,2024-11-10,17,宮島,一般,３　５６５　４５,2022-08-02,2022-08-07,17,宮島,ＧⅢ,３転,2022-05-06,2022-05-11,17,宮島,一般,６３３６５　１２１　６F,4969,町田 洸希,2025-08-03,2025-08-08,17,宮島,一般,２　４５６　１１３　２３,2025-05-12,2025-05-17,17,宮島,一般,２　４４４５４３１　２５,2023-03-26,2023-03-31,17,宮島,一般,５　４６５　２１２４６３,2022-12-09,2022-12-13,17,宮島,一般,６　３３１　３　３５,2022-08-24,2022-08-29,17,宮島,一般,４１３３６２２　１４３５
202609131708,2026-09-13,17,08R,4808,松尾 拓,2026-01-09,2026-01-13,17,宮島,一般,１６３　５F５　５,2025-02-25,2025-03-01,17,宮島,一般,５３６５４１２　６６,2024-06-09,2024-06-14,17,宮島,ＧⅠ,４５１　５　４１６４５,2024-03-18,2024-03-23,17,宮島,一般,４２２　３４３１１４１１,2022-11-06,2022-11-11,17,宮島,一般,１３,3748,小黒 竜吾,2024-06-30,2024-07-04,17,宮島,一般,４　３３１１１６４６,2019-02-13,2019-02-18,17,宮島,一般,６　２２２　２６４６６２,2018-07-30,2018-08-04,17,宮島,一般,２４３　６５６　４２２３,2017-02-03,2017-02-08,17,宮島,一般,３４２　１５２５１６３６,2015-03-11,2015-03-16,17,宮島,一般,５１５　４４３　４５４,4461,安田 吉宏,2026-02-12,2026-02-17,17,宮島,一般,４２３　２３４５３　４３,2025-10-28,2025-11-02,17,宮島,一般,３　５５５　３６３　５６,2024-12-10,2024-12-15,17,宮島,一般,５３５　５６６４６　３４,2023-11-15,2023-11-19,17,宮島,一般,３　５　４３４　１６,2022-12-16,2022-12-21,17,宮島,一般,６４６　３５５４５　６４,4241,大串 重幸,2026-02-03,2026-02-08,17,宮島,一般,４　２５１転５３３　１４,2025-09-05,2025-09-10,17,宮島,一般,３　３６１　４２１３４１,2022-11-06,2022-11-11,17,宮島,一般,２,2022-06-14,2022-06-19,17,宮島,一般,１３２　３４３　５６１６,2022-02-08,2022-02-11,17,宮島,一般,５　３４５　２５,4637,中田 友也,2026-03-06,2026-03-11,17,宮島,一般,６　１５５　１６６１５３,2025-09-05,2025-09-10,17,宮島,一般,４２１　２５４１１２[３],2023-09-11,2023-09-15,17,宮島,一般,６　６　２４３３３３,2023-04-14,2023-04-19,17,宮島,一般,４　２１２　１４５３５１,2023-03-06,2023-03-11,17,宮島,一般,１３１　１２３５４５２３,5384,八戸 琉楓,2025-12-01,2025-12-06,17,宮島,一般,５　６６６　６６６　F６,,,,,,,,,,,,,,,,,,,,,,,,
202609131709,2026-09-13,17,09R,5249,三木 晴斗,2025-08-26,2025-08-31,17,宮島,ＧⅢ,５　５転,2025-01-23,2025-01-28,17,宮島,一般,４　２２６　６５４　４６,2024-05-27,2024-06-01,17,宮島,一般,４　４５３　６３３６４５,2023-04-30,2023-05-05,17,宮島,一般,６　３２６　４６６　６６,,,,,,,3503,堂原 洋史,2025-04-22,2025-04-27,17,宮島,一般,３５２　１４６５３　４２,2023-12-16,2023-12-21,17,宮島,一般,５６４　５６１　４３４,2023-06-16,2023-06-21,17,宮島,ＧⅢ,３　６２４　５６５　６３,2019-12-10,2019-12-15,17,宮島,一般,２６２　２３３　２６５２,2018-09-27,2018-10-01,17,宮島,一般,５６４　２２１５,3684,清水 攻二,2025-12-01,2025-12-06,17,宮島,一般,２３３１３６１　１４２２,2025-07-16,2025-07-21,17,宮島,一般,２２４　２１１　４１[６],2024-08-27,2024-09-02,17,宮島,ＧⅢ,５５４　４５,2023-12-24,2023-12-27,17,宮島,一般,１１４２妨３１,2023-06-24,2023-06-28,17,宮島,一般,２５２５１　３４２２,4406,幸野 史明,2026-02-20,2026-02-25,17,宮島,一般,１５３　２３４３１６１６,2025-11-13,2025-11-18,17,宮島,一般,３２３　６４６　５　４５,2024-05-27,2024-06-01,17,宮島,一般,１　３３３　４３５５２６,2024-03-18,2024-03-23,17,宮島,一般,１２２　１６５５６５１５,2024-01-10,2024-01-15,17,宮島,一般,４　５５１　６５６６６,5035,櫻井 優,2023-08-01,2023-08-06,17,宮島,ＧⅢ,１　６６１　１６２　４２,2023-07-12,2023-07-17,17,宮島,一般,１　５４４　４１３１２３,2020-07-22,2020-07-27,17,宮島,一般,５　６６２　２６６３６６,,,,,,,,,,,,,5036,福田 翔吾,2025-05-21,2025-05-25,17,宮島,一般,３　５６２　３F４,2024-11-14,2024-11-19,17,宮島,一般,２　３２５　３２２３１３,2024-03-26,2024-03-31,17,宮島,一般,３妨５　２３妨,2023-11-07,2023-11-12,17,宮島,一般,３１２　４２６　１５転６,2022-03-03,2022-03-08,17,宮島,一般,２　５６２F６　３　３
202609131710,2026-09-13,17,10R,5311,小林 京平,2025-07-16,2025-07-21,17,宮島,一般,６　６２５　３６転　３６,2024-12-31,2025-01-05,17,宮島,一般,　　　　　　　　３　６６,,,,,,,,,,,,,,,,,,,4428,有賀 達也,2026-03-06,2026-03-11,17,宮島,一般,５,2025-05-12,2025-05-17,17,宮島,一般,３４４１１２２　１５１３,2024-07-25,2024-07-30,17,宮島,一般,２　３３１２１３４１[４],2023-12-07,2023-12-12,17,宮島,一般,２４１２５　２３１２[１],2018-06-12,2018-06-17,17,宮島,ＧⅡ,５　２　６５５　１３５,5041,荒牧 凪沙,2026-03-26,2026-03-31,17,宮島,一般,１６６　６１３　３　１４,2025-07-07,2025-07-10,17,宮島,一般,４　３３１　６５,2024-11-14,2024-11-19,17,宮島,一般,２５１　３１１　５１[４],2022-07-14,2022-07-19,17,宮島,一般,４３４　２４５　３５４,2021-10-13,2021-10-18,17,宮島,一般,２　４６３　５４３　３４,3333,丸尾 義孝,2024-04-10,2024-04-15,17,宮島,一般,１３１１１　１５５３６１,2022-09-02,2022-09-08,17,宮島,一般,１　２２４５３３４３３１,2022-07-06,2022-07-10,17,宮島,一般,２２５２１　３４１１,2021-05-26,2021-05-31,17,宮島,一般,２３５１１　３６１５１２,2020-09-30,2020-10-03,17,宮島,一般,１４５１４３１２,3920,正木 聖賢,2026-04-30,2026-05-05,17,宮島,一般,３　４４１１５４４６４３,2025-08-26,2025-08-31,17,宮島,ＧⅢ,２　２２４　３２２１[４],2025-08-12,2025-08-17,17,宮島,一般,３４４　２２６　１３２,2025-05-21,2025-05-25,17,宮島,一般,２　２５１　２５１４,2025-02-05,2025-02-09,17,宮島,一般,４　２５３３６　２６,4839,四宮 与寛,2024-10-20,2024-10-25,17,宮島,一般,３２２２３　６４２６４５,2024-01-10,2024-01-15,17,宮島,一般,１３２１３２１　４１[４],2023-10-17,2023-10-22,17,宮島,一般,１　４２２　１４６６１６,2021-08-27,2021-09-01,17,宮島,一般,５　１３４４４３１　３２,2020-06-03,2020-06-08,17,宮島,一般,６６３　２２５　５６６
202609131711,2026-09-13,17,11R,4732,堀本 和也,2024-11-05,2024-11-10,17,宮島,一般,４１４　５１２２３５１５,2024-05-17,2024-05-22,17,宮島,一般,１３５３３　４１１転,2023-11-07,2023-11-12,17,宮島,一般,２　３２２　４３３５１４,2023-08-13,2023-08-18,17,宮島,一般,２１３　２３１４１３１２,2022-02-14,2022-02-18,17,宮島,一般,２５３３１２１２[６],4808,松尾 拓,2026-01-09,2026-01-13,17,宮島,一般,１６３　５F５　５,2025-02-25,2025-03-01,17,宮島,一般,５３６５４１２　６６,2024-06-09,2024-06-14,17,宮島,ＧⅠ,４５１　５　４１６４５,2024-03-18,2024-03-23,17,宮島,一般,４２２　３４３１１４１１,2022-11-06,2022-11-11,17,宮島,一般,１３,4650,中山 雄太,2025-03-26,2025-03-31,17,宮島,一般,２２６　１５１３５３２２,2024-09-04,2024-09-09,17,宮島,一般,転欠,2023-09-11,2023-09-15,17,宮島,一般,４１１４６　２５１４,2023-06-06,2023-06-11,17,宮島,一般,１１１２２　３５１４１１,2023-04-22,2023-04-25,17,宮島,一般,４２２　１４３５,4832,権藤 俊光,2025-11-13,2025-11-18,17,宮島,一般,１２１　１３２３５１[４],2023-08-01,2023-08-06,17,宮島,ＧⅢ,３６４３２　転１,2022-04-04,2022-04-09,17,宮島,ＧⅠ,２　３２１　３６失　１５,2021-04-14,2021-04-17,17,宮島,一般,２４１２５１[５],2020-07-22,2020-07-27,17,宮島,一般,２３３１１１５　２２[転],3662,大庭 元明,2026-01-20,2026-01-25,17,宮島,一般,３６５　２２２　１４１１,2023-06-16,2023-06-21,17,宮島,ＧⅢ,３５３６５６５　１　３１,2020-09-23,2020-09-27,17,宮島,一般,１　５２３４３５１５,2020-08-03,2020-08-08,17,宮島,一般,,2018-07-11,2018-07-16,17,宮島,一般,５　２２４２２１６２[５],4201,佐竹 友樹,2025-05-28,2025-06-01,17,宮島,一般,６５３　４２４１４,2024-12-25,2024-12-28,17,宮島,一般,２１６　５６３５,2024-06-30,2024-07-04,17,宮島,一般,６５１　２３４　２６,2018-02-20,2018-02-25,17,宮島,一般,４１１２３４２　４６２２,2014-11-13,2014-11-16,17,宮島,一般,２１３３１１[６]
202609131712,2026-09-13,17,12R,3556,田中 信一郎,2026-04-21,2026-04-26,17,宮島,ＧⅠ,５　３２２　１４６　１５,2025-12-10,2025-12-15,17,宮島,一般,２１３１転　２１６１[２],2025-06-12,2025-06-15,17,宮島,一般,１２２５１６,2024-08-03,2024-08-08,17,宮島,一般,１２１１３　３１１２[４],2023-04-04,2023-04-10,17,宮島,ＧⅠ,２３１　５　３　３　３　２５,4601,森野 正弘,2025-07-07,2025-07-10,17,宮島,一般,５１４４４４１３,2025-04-03,2025-04-08,17,宮島,ＧⅠ,２　５６３３３　１３２落,2024-07-10,2024-07-15,17,宮島,一般,２３４１１　３２３３[３],2024-02-10,2024-02-15,17,宮島,ＧⅠ,４　５１３　２１５　３１,2023-11-22,2023-11-26,17,宮島,一般,５　４２１５２５２３,4302,西野 翔太,2026-08-14,2026-08-19,17,宮島,一般,５２１　１６３２妨４２,2026-05-25,2026-05-30,17,宮島,一般,４３３　１２３１１４１４,2026-04-30,2026-05-05,17,宮島,一般,１３２　５４２３１２[６],2025-12-30,2026-01-04,17,宮島,一般,３２２　１５１２２１[２],2025-10-28,2025-11-02,17,宮島,一般,１　５１３２１４１４１１,4574,東 潤樹,2026-08-14,2026-08-19,17,宮島,一般,２　２４４４４６３　４２,2026-07-15,2026-07-19,17,宮島,一般,４２４　３２５２１,2026-04-03,2026-04-07,17,宮島,一般,６５５,2026-01-09,2026-01-13,17,宮島,一般,４１１２６　５５１１,2025-04-30,2025-05-05,17,宮島,一般,３５６　３４４　１　３５,4593,小坂 宗司,2026-02-20,2026-02-25,17,宮島,一般,１２１３３　１３５１[３],2025-08-26,2025-08-31,17,宮島,ＧⅢ,１５４　４５２　１１２４,2025-05-12,2025-05-17,17,宮島,一般,１１３　４５５３１６１４,2024-06-20,2024-06-25,17,宮島,一般,１　４２５　１４２　３３,2024-04-10,2024-04-15,17,宮島,一般,３３６　３５１　５５５４,3265,今村 暢孝,2026-07-15,2026-07-19,17,宮島,一般,２　２２１１２２[６],2026-03-06,2026-03-11,17,宮島,一般,１　３４１５３２１４１３,2025-10-19,2025-10-24,17,宮島,一般,４６３１３F落,2025-07-07,2025-07-10,17,宮島,一般,３１５４２１[５],2025-04-12,2025-04-17,17,宮島,一般,１２４　１２１６２５１２
202609131801,2026-09-13,18,01R,4713,白神 優,2026-05-27,2026-05-31,18,徳山,一般,１１３６１２１２[３],2025-07-13,2025-07-17,18,徳山,一般,３５２１１３２１[５],2025-02-08,2025-02-13,18,徳山,ＧⅠ,１１５　３　５６４　２１,2024-07-16,2024-07-20,18,徳山,一般,２４３１３１４２[４],2023-07-09,2023-07-14,18,徳山,一般,２　２６６２２１１５２３,5267,石本 裕武,2025-10-20,2025-10-25,18,徳山,一般,１１２　４２１３５１[１],2025-02-25,2025-03-03,18,徳山,一般,３　５１４２１２１２[２],2023-03-26,2023-03-31,18,徳山,一般,５　６　３５５６２　４６,,,,,,,,,,,,,4344,新田 雄史,2025-07-22,2025-07-27,18,徳山,ＳＧ,１　２　３６４　４１４,2023-11-02,2023-11-07,18,徳山,ＧⅠ,５５６　１１１　４　１４,2023-08-19,2023-08-24,18,徳山,ＧⅢ,４４２１,2023-02-10,2023-02-14,18,徳山,一般,F１３　３　３　２,2021-05-09,2021-05-14,18,徳山,ＧⅠ,５　６１２２２　６　４３,4362,土屋 智則,2025-11-16,2025-11-21,18,徳山,ＧⅠ,２　３１２　６３５　１６,2025-07-22,2025-07-27,18,徳山,ＳＧ,１６２　５,2024-08-22,2024-08-27,18,徳山,一般,３６１　３１２４２２[２],2023-06-20,2023-06-25,18,徳山,ＳＧ,５１４　５　３６３５５,2023-04-20,2023-04-23,18,徳山,一般,２１１２１１[１],4239,竹田 辰也,2026-08-15,2026-08-20,18,徳山,一般,３３１６３４２　１５１３,2026-06-05,2026-06-10,18,徳山,一般,２２４　６１２１２２[６],2026-04-27,2026-05-02,18,徳山,一般,４３１６,2025-11-26,2025-12-01,18,徳山,一般,１５１４５１１　１４３１,2025-06-21,2025-06-25,18,徳山,一般,１５４１２４３４３３,4448,青木 玄太,2026-04-20,2026-04-24,18,徳山,一般,４２１１３２２１[２],2025-11-16,2025-11-21,18,徳山,ＧⅠ,２　５　６４３　１５５,2024-11-29,2024-12-04,18,徳山,一般,１４１　１１２２２１[２],2023-05-07,2023-05-11,18,徳山,一般,３３４２１　１２[３],2023-02-21,2023-02-25,18,徳山,一般,１１６２１　１２[６]
202609131802,2026-09-13,18,02R,4528,黒井 達矢,2025-07-22,2025-07-27,18,徳山,ＳＧ,４　１　３６２　１１６,2024-09-24,2024-09-29,18,徳山,ＧⅠ,５　６３１　５　３２５,2020-03-08,2020-03-13,18,徳山,ＧⅢ,６６６　５　５６６５５５,2019-09-09,2019-09-14,18,徳山,一般,１　１２２１６２１２[６],2018-09-10,2018-09-15,18,徳山,一般,５１１６３３１　１４１２,4586,磯部 誠,2025-11-16,2025-11-21,18,徳山,ＧⅠ,２　５６２　２６５　３４,2025-07-22,2025-07-27,18,徳山,ＳＧ,６６１　５　６１２５３,2025-03-19,2025-03-24,18,徳山,ＧⅡ,３　５２４６１　３４２１,2024-09-24,2024-09-29,18,徳山,ＧⅠ,５１５　３　５３１　５５,2023-06-20,2023-06-25,18,徳山,ＳＧ,２　３２２１１　１　[１],4759,今泉 友吾,2026-01-10,2026-01-13,18,徳山,一般,２３２３１３４１,2025-08-01,2025-08-06,18,徳山,一般,１５４２４　２６１　２２,2023-01-16,2023-01-21,18,徳山,ＧⅡ,２　３６５　６３２２２,2021-02-02,2021-02-08,18,徳山,一般,２５２２１１２３２２３１[２],2016-10-28,2016-11-02,18,徳山,一般,１３２２３１２２１３１６,4760,山崎 郡,2026-02-27,2026-03-05,18,徳山,一般,３１３　１３３１１３２５１３,2025-10-12,2025-10-16,18,徳山,一般,１３２１２３２１[４],2025-03-19,2025-03-24,18,徳山,ＧⅡ,６４３　１２２　３　３１,2023-06-20,2023-06-25,18,徳山,ＳＧ,５　３　２３３　２６２,2021-11-28,2021-12-04,18,徳山,一般,３　２５４１１３２１１１[４],4985,井本 昌也,2026-08-15,2026-08-20,18,徳山,一般,２４１１３　３２３２[４],2026-04-27,2026-05-02,18,徳山,一般,１４２４２１６　６６１２,2026-02-19,2026-02-23,18,徳山,一般,４２１１４４４２[６],2026-01-02,2026-01-07,18,徳山,一般,１６２４１１２　１１[２],2025-10-20,2025-10-25,18,徳山,一般,１５５１５　１１１２[５],4739,中村 晃朋,2025-11-16,2025-11-21,18,徳山,ＧⅠ,２　４　３６２　１２５,2025-07-22,2025-07-27,18,徳山,ＳＧ,５　５　２５転　３６６,2024-09-24,2024-09-29,18,徳山,ＧⅠ,３　３　６１６　４４３,2022-12-16,2022-12-21,18,徳山,一般,２　２２３５１３３３３１,2022-10-23,2022-10-28,18,徳山,一般,３４４２１３１　１５１４
202609131803,2026-09-13,18,03R,3942,寺田 祥,2026-05-05,2026-05-09,18,徳山,一般,２１２１３３４５１６,2025-11-16,2025-11-21,18,徳山,ＧⅠ,４３４　５　３落６６３,2025-10-12,2025-10-16,18,徳山,一般,２１５１４３１４１４,2025-08-10,2025-08-15,18,徳山,一般,１１３　２１２２４１[１],2025-07-22,2025-07-27,18,徳山,ＳＧ,４　転３６　３２６　５２,4547,中田 竜太,2026-05-12,2026-05-15,18,徳山,一般,３１３１３１[３],2024-09-17,2024-09-20,18,徳山,一般,１１３１５１[２],2022-03-28,2022-04-02,18,徳山,一般,１　２５１３４１１３２１,2019-03-07,2019-03-12,18,徳山,一般,２２１１１３４２２５１５,2018-06-19,2018-06-24,18,徳山,ＳＧ,１　１６３　６　１４１,5015,高橋 竜矢,2026-06-25,2026-06-29,18,徳山,一般,１５３３１１１５１５,2025-10-20,2025-10-25,18,徳山,一般,４１３３１　１３転３３１,2025-02-08,2025-02-13,18,徳山,ＧⅠ,４　３１６　１　４２３,2020-03-08,2020-03-13,18,徳山,ＧⅢ,２６３　２３４５３　３１,2019-11-27,2019-11-30,18,徳山,一般,２　５落６　５４,4305,金子 拓矢,2026-02-04,2026-02-09,18,徳山,一般,１３１１１　５２,2025-06-30,2025-07-05,18,徳山,一般,１４５５１４１　２３１１,2024-08-22,2024-08-27,18,徳山,一般,３　２６２３３,2018-09-21,2018-09-25,18,徳山,一般,４３５３３　２１１５,2017-12-03,2017-12-09,18,徳山,一般,１３３１１１２　１３３１[２],4928,栗城 匠,2026-07-29,2026-08-01,18,徳山,一般,１３２３１６１落,2023-10-01,2023-10-06,18,徳山,一般,４２３６３２３　４　３２,2021-09-21,2021-09-26,18,徳山,ＧⅠ,１１３　３　４２不　１４,2021-07-02,2021-07-07,18,徳山,一般,１１５３１３４　１６２３,2018-10-10,2018-10-15,18,徳山,一般,６　６　６　６　６　６,3960,菊地 孝平,2025-08-01,2025-08-06,18,徳山,一般,２１１　４１１４２４１２,2024-09-24,2024-09-29,18,徳山,ＧⅠ,４６６　５　２３３６１,2023-11-02,2023-11-07,18,徳山,ＧⅠ,２１１　３　３１１　[１],2023-07-09,2023-07-14,18,徳山,一般,２１２１１１１　２１[１],2023-06-20,2023-06-25,18,徳山,ＳＧ,４　３１３２５　５　４６
202609131804,2026-09-13,18,04R,4566,塩田 北斗,2025-11-16,2025-11-21,18,徳山,ＧⅠ,５５２　３３１　１４６,2025-07-13,2025-07-17,18,徳山,一般,３２２６２１４５１４,2024-09-24,2024-09-29,18,徳山,ＧⅠ,６６１　４　１４４　３１,2023-01-16,2023-01-21,18,徳山,ＧⅡ,４２３　５４１　４４５,2022-05-05,2022-05-10,18,徳山,一般,１６２　１５４１４２[４],4939,宮之原 輝紀,2025-05-19,2025-05-24,18,徳山,一般,２３１１２２１　６１[１],2025-02-25,2025-03-03,18,徳山,一般,６３４６５１１　２　１１,2021-09-21,2021-09-26,18,徳山,ＧⅠ,４６６　２　４３１２５,2021-07-02,2021-07-07,18,徳山,一般,２１１２６３１　１４３１,2018-01-21,2018-01-26,18,徳山,一般,４　３３１６２　３１５４,4397,西村 拓也,2025-03-19,2025-03-24,18,徳山,ＧⅡ,５　１３１３３　３　４１,2024-11-21,2024-11-24,18,徳山,一般,４３１４２２[５],2024-09-24,2024-09-29,18,徳山,ＧⅠ,２　１　２６３　６　１３,2023-12-10,2023-12-15,18,徳山,一般,３６１２２４１　３３３１,2023-07-30,2023-08-05,18,徳山,一般,３３１６３　３１５３３２[２],4415,下出 卓矢,2026-03-20,2026-03-25,18,徳山,一般,４５５３１４５　欠欠,2025-06-21,2025-06-25,18,徳山,一般,１２３６３２１３１６,2023-04-14,2023-04-17,18,徳山,一般,１２２２４２[１],2022-09-13,2022-09-18,18,徳山,ＧⅠ,４　２３６　２　４４６６,2022-04-09,2022-04-12,18,徳山,一般,１１２５３４４２,4444,桐生 順平,2025-07-22,2025-07-27,18,徳山,ＳＧ,５５５　１　４６４　３５,2023-06-20,2023-06-25,18,徳山,ＳＧ,３４５　３１１　４　１３,2020-05-16,2020-05-21,18,徳山,ＧⅠ,４　４５４３１　２２６,2020-01-14,2020-01-19,18,徳山,ＧⅠ,３４５　２４２　２　[４],2018-11-02,2018-11-07,18,徳山,ＧⅠ,５１２　３２１　落　１４,4361,柳生 泰二,2026-07-04,2026-07-09,18,徳山,一般,４１２１１　２３４１[３],2026-01-10,2026-01-13,18,徳山,一般,４５１３１２[４],2025-11-16,2025-11-21,18,徳山,ＧⅠ,１　６６６　４　２６３,2025-06-30,2025-07-05,18,徳山,一般,１３２４１　２４４１[１],2025-05-07,2025-05-12,18,徳山,一般,５２２１５　１３５４１４
202609131805,2026-09-13,18,05R,4826,井上 一輝,2026-05-27,2026-05-31,18,徳山,一般,２４５３１　１３３３,2025-10-04,2025-10-09,18,徳山,一般,４１５１１　３５１２[６],2025-07-22,2025-07-27,18,徳山,ＳＧ,１　６　２４４　６６５,2023-01-16,2023-01-21,18,徳山,ＧⅡ,１　３５３　１４４　２５,2022-11-28,2022-12-03,18,徳山,一般,１３３２３　１３５５１２,4796,春園 功太,2026-01-17,2026-01-21,18,徳山,一般,２５１４４　１６１４,2025-09-09,2025-09-13,18,徳山,一般,４３３　２４４６３５,2025-02-17,2025-02-22,18,徳山,一般,５　６欠,2024-11-13,2024-11-18,18,徳山,一般,３　１２４１１２２３２１,2024-06-10,2024-06-14,18,徳山,一般,６３２１４２１２[６],4831,羽野 直也,2026-05-05,2026-05-09,18,徳山,一般,１２２１２３４１[３],2026-02-19,2026-02-23,18,徳山,一般,３２１４４３１５１４,2025-07-22,2025-07-27,18,徳山,ＳＧ,３　１５３　１　２　[６],2025-01-17,2025-01-22,18,徳山,一般,３４３　１２４２３２[６],2023-06-20,2023-06-25,18,徳山,ＳＧ,６　３３２５１　３　１２,4851,関 浩哉,2025-11-16,2025-11-21,18,徳山,ＧⅠ,４１３　２１２　１　[１],2025-07-22,2025-07-27,18,徳山,ＳＧ,３５２　４２２　４　１１,2023-12-01,2023-12-06,18,徳山,一般,４１４１４２１　２２[２],2023-06-20,2023-06-25,18,徳山,ＳＧ,５　４１６　６６６　３１,2021-09-21,2021-09-26,18,徳山,ＧⅠ,１１２　３　４１１　[２],4537,渡邉 和将,2026-02-12,2026-02-16,18,徳山,一般,４１３１１４３４１６,2025-11-26,2025-12-01,18,徳山,一般,３２４５２　４３１３１１,2025-07-22,2025-07-27,18,徳山,ＳＧ,１４６　４　２２６　３６,2025-02-08,2025-02-13,18,徳山,ＧⅠ,６１１　１１１　１　[１],2024-11-06,2024-11-10,18,徳山,一般,１５１１３５１６１５,4980,佐々木 完太,2025-11-16,2025-11-21,18,徳山,ＧⅠ,２　３　１３６　６　１５,2025-08-10,2025-08-15,18,徳山,一般,２５１１２　２１４１[２],2025-03-19,2025-03-24,18,徳山,ＧⅡ,３２６　５　４３２３６,2025-02-25,2025-03-03,18,徳山,一般,２１２２１３１４２１[３],2025-02-08,2025-02-13,18,徳山,ＧⅠ,１　２４１　５３４　１３
202609131806,2026-09-13,18,06R,4682,大上 卓人,2025-11-16,2025-11-21,18,徳山,ＧⅠ,４１４　４　６６４　３２,2025-07-22,2025-07-27,18,徳山,ＳＧ,４　１３４　３４６　６２,2025-02-08,2025-02-13,18,徳山,ＧⅠ,３　３６２　５　２１３,2023-06-20,2023-06-25,18,徳山,ＳＧ,３　１５４　２　３１１,2022-07-07,2022-07-12,18,徳山,一般,２１２１３１１　６１[６],5142,常住 蓮,2025-01-28,2025-02-02,18,徳山,一般,１４１　１３３　１１[１],2023-08-19,2023-08-24,18,徳山,ＧⅢ,５４５５１５２　３　３２,2022-07-22,2022-07-27,18,徳山,一般,２１２３３４２１３３２F,2022-05-16,2022-05-21,18,徳山,一般,２　５４２１３　４３２１,2022-03-28,2022-04-02,18,徳山,一般,４６１　５　２１３５６４,4024,井口 佳典,2025-07-22,2025-07-27,18,徳山,ＳＧ,３３５　３　妨１,2023-06-20,2023-06-25,18,徳山,ＳＧ,６　６２６　２　４５５,2022-09-13,2022-09-18,18,徳山,ＧⅠ,５　１１６４３　２　[４],2020-05-16,2020-05-21,18,徳山,ＧⅠ,２　３１３　１４１　[３],2020-01-14,2020-01-19,18,徳山,ＧⅠ,６　２３３転,5112,砂長 知輝,2026-02-19,2026-02-23,18,徳山,一般,４５３４５　３３４１,2025-10-20,2025-10-25,18,徳山,一般,１３４１２２２　１２[３],2025-02-25,2025-03-03,18,徳山,一般,１２３１４　４１２１[４],2023-10-09,2023-10-14,18,徳山,一般,２　５３４１１５２４１４,,,,,,,4448,青木 玄太,2026-04-20,2026-04-24,18,徳山,一般,４２１１３２２１[２],2025-11-16,2025-11-21,18,徳山,ＧⅠ,２　５　６４３　１５５,2024-11-29,2024-12-04,18,徳山,一般,１４１　１１２２２１[２],2023-05-07,2023-05-11,18,徳山,一般,３３４２１　１２[３],2023-02-21,2023-02-25,18,徳山,一般,１１６２１　１２[６],3897,白井 英治,2026-08-15,2026-08-20,18,徳山,一般,１１２４１　２１１１[１],2026-01-02,2026-01-07,18,徳山,一般,２１１　２３４３１２[４],2025-11-16,2025-11-21,18,徳山,ＧⅠ,１　５３４３５,2025-07-22,2025-07-27,18,徳山,ＳＧ,３２３　５　５４２４３,2025-04-26,2025-05-01,18,徳山,一般,１１２１３　１１１１[１]
202609131807,2026-09-13,18,07R,4344,新田 雄史,2025-07-22,2025-07-27,18,徳山,ＳＧ,１　２　３６４　４１４,2023-11-02,2023-11-07,18,徳山,ＧⅠ,５５６　１１１　４　１４,2023-08-19,2023-08-24,18,徳山,ＧⅢ,４４２１,2023-02-10,2023-02-14,18,徳山,一般,F１３　３　３　２,2021-05-09,2021-05-14,18,徳山,ＧⅠ,５　６１２２２　６　４３,4928,栗城 匠,2026-07-29,2026-08-01,18,徳山,一般,１３２３１６１落,2023-10-01,2023-10-06,18,徳山,一般,４２３６３２３　４　３２,2021-09-21,2021-09-26,18,徳山,ＧⅠ,１１３　３　４２不　１４,2021-07-02,2021-07-07,18,徳山,一般,１１５３１３４　１６２３,2018-10-10,2018-10-15,18,徳山,一般,６　６　６　６　６　６,4324,海野 康志郎,2026-08-15,2026-08-20,18,徳山,一般,２６６　４１３２１６１２,2026-04-27,2026-05-02,18,徳山,一般,１　１１１１２１１１[２],2025-11-16,2025-11-21,18,徳山,ＧⅠ,３　１２２　６４５　１６,2025-07-22,2025-07-27,18,徳山,ＳＧ,４　６　６４６　４３６,2025-06-30,2025-07-05,18,徳山,一般,２３２１２５２　２１[２],4256,渡辺 浩司,2026-07-29,2026-08-01,18,徳山,一般,３１１３３２[３],2025-11-16,2025-11-21,18,徳山,ＧⅠ,１　６３６　５　６２３４,2025-05-07,2025-05-12,18,徳山,一般,２　１２３　３１３１[３],2023-11-02,2023-11-07,18,徳山,ＧⅠ,４３３　２４５　４１３,2023-04-14,2023-04-17,18,徳山,一般,１４３５１１[６],5017,澤田 尚也,2025-11-16,2025-11-21,18,徳山,ＧⅠ,４　１４１　６　４１４,2021-09-21,2021-09-26,18,徳山,ＧⅠ,６　３　１６２　４６３,2021-07-02,2021-07-07,18,徳山,一般,３　２４１３３２３５１６,2021-05-28,2021-06-02,18,徳山,一般,２１５　１５３３４６３６,2018-10-10,2018-10-15,18,徳山,一般,６　３　３６２５６５５,4586,磯部 誠,2025-11-16,2025-11-21,18,徳山,ＧⅠ,２　５６２　２６５　３４,2025-07-22,2025-07-27,18,徳山,ＳＧ,６６１　５　６１２５３,2025-03-19,2025-03-24,18,徳山,ＧⅡ,３　５２４６１　３４２１,2024-09-24,2024-09-29,18,徳山,ＧⅠ,５１５　３　５３１　５５,2023-06-20,2023-06-25,18,徳山,ＳＧ,２　３２２１１　１　[１]
202609131808,2026-09-13,18,08R,4985,井本 昌也,2026-08-15,2026-08-20,18,徳山,一般,２４１１３　３２３２[４],2026-04-27,2026-05-02,18,徳山,一般,１４２４２１６　６６１２,2026-02-19,2026-02-23,18,徳山,一般,４２１１４４４２[６],2026-01-02,2026-01-07,18,徳山,一般,１６２４１１２　１１[２],2025-10-20,2025-10-25,18,徳山,一般,１５５１５　１１１２[５],5084,末永 和也,2025-11-16,2025-11-21,18,徳山,ＧⅠ,６３１　２１５　３　３４,2025-07-22,2025-07-27,18,徳山,ＳＧ,４　３２１　５　４　１２,2025-03-19,2025-03-24,18,徳山,ＧⅡ,６　２２２５１　６　１５,2023-04-14,2023-04-17,18,徳山,一般,２１２１３１[２],2022-07-22,2022-07-27,18,徳山,一般,２６１２２１３４２２[３],3960,菊地 孝平,2025-08-01,2025-08-06,18,徳山,一般,２１１　４１１４２４１２,2024-09-24,2024-09-29,18,徳山,ＧⅠ,４６６　５　２３３６１,2023-11-02,2023-11-07,18,徳山,ＧⅠ,２１１　３　３１１　[１],2023-07-09,2023-07-14,18,徳山,一般,２１２１１１１　２１[１],2023-06-20,2023-06-25,18,徳山,ＳＧ,４　３１３２５　５　４６,4852,川原 祐明,2026-07-15,2026-07-20,18,徳山,一般,２５１　４１５１２３２１,2024-12-08,2024-12-14,18,徳山,一般,４３１　１２１４４４３５６５,2024-07-23,2024-07-28,18,徳山,ＧⅢ,６１３　１５３３１３３２,2023-11-02,2023-11-07,18,徳山,ＧⅠ,２　６　１３６　１４２,2023-10-01,2023-10-06,18,徳山,一般,３３４　１６１１３３２１,5267,石本 裕武,2025-10-20,2025-10-25,18,徳山,一般,１１２　４２１３５１[１],2025-02-25,2025-03-03,18,徳山,一般,３　５１４２１２１２[２],2023-03-26,2023-03-31,18,徳山,一般,５　６　３５５６２　４６,,,,,,,,,,,,,4074,柳沢 一,2026-05-12,2026-05-15,18,徳山,一般,３５１３１２[６],2025-03-19,2025-03-24,18,徳山,ＧⅡ,４４１　４４１　６　１６,2023-06-20,2023-06-25,18,徳山,ＳＧ,２２５　５　１３６　１３,2023-01-16,2023-01-21,18,徳山,ＧⅡ,２３２　３２１　１　[６],2021-06-14,2021-06-19,18,徳山,一般,２２１３２　３１３１[２]
202609131809,2026-09-13,18,09R,4239,竹田 辰也,2026-08-15,2026-08-20,18,徳山,一般,３３１６３４２　１５１３,2026-06-05,2026-06-10,18,徳山,一般,２２４　６１２１２２[６],2026-04-27,2026-05-02,18,徳山,一般,４３１６,2025-11-26,2025-12-01,18,徳山,一般,１５１４５１１　１４３１,2025-06-21,2025-06-25,18,徳山,一般,１５４１２４３４３３,4444,桐生 順平,2025-07-22,2025-07-27,18,徳山,ＳＧ,５５５　１　４６４　３５,2023-06-20,2023-06-25,18,徳山,ＳＧ,３４５　３１１　４　１３,2020-05-16,2020-05-21,18,徳山,ＧⅠ,４　４５４３１　２２６,2020-01-14,2020-01-19,18,徳山,ＧⅠ,３４５　２４２　２　[４],2018-11-02,2018-11-07,18,徳山,ＧⅠ,５１２　３２１　落　１４,4391,松田 祐季,2025-11-16,2025-11-21,18,徳山,ＧⅠ,２６６　１　１５６　４２,2025-07-22,2025-07-27,18,徳山,ＳＧ,１５３　３　５欠,2024-11-21,2024-11-24,18,徳山,一般,６６１２１３１３,2023-01-16,2023-01-21,18,徳山,ＧⅡ,転　２４５２３　４１２,2019-01-12,2019-01-17,18,徳山,一般,１２１２１１６３１２[６],3744,徳増 秀樹,2026-07-04,2026-07-09,18,徳山,一般,２４２６４１３　２３４１,2025-05-31,2025-06-04,18,徳山,一般,５１１１３１３１[１],2024-09-24,2024-09-29,18,徳山,ＧⅠ,６　５　１６５　４２６,2024-07-23,2024-07-28,18,徳山,ＧⅢ,３２２１３３２　２５６４,2023-11-12,2023-11-17,18,徳山,一般,３３１　１４１２３１[６],4759,今泉 友吾,2026-01-10,2026-01-13,18,徳山,一般,２３２３１３４１,2025-08-01,2025-08-06,18,徳山,一般,１５４２４　２６１　２２,2023-01-16,2023-01-21,18,徳山,ＧⅡ,２　３６５　６３２２２,2021-02-02,2021-02-08,18,徳山,一般,２５２２１１２３２２３１[２],2016-10-28,2016-11-02,18,徳山,一般,１３２２３１２２１３１６,5015,高橋 竜矢,2026-06-25,2026-06-29,18,徳山,一般,１５３３１１１５１５,2025-10-20,2025-10-25,18,徳山,一般,４１３３１　１３転３３１,2025-02-08,2025-02-13,18,徳山,ＧⅠ,４　３１６　１　４２３,2020-03-08,2020-03-13,18,徳山,ＧⅢ,２６３　２３４５３　３１,2019-11-27,2019-11-30,18,徳山,一般,２　５落６　５４
202609131810,2026-09-13,18,10R,4851,関 浩哉,2025-11-16,2025-11-21,18,徳山,ＧⅠ,４１３　２１２　１　[１],2025-07-22,2025-07-27,18,徳山,ＳＧ,３５２　４２２　４　１１,2023-12-01,2023-12-06,18,徳山,一般,４１４１４２１　２２[２],2023-06-20,2023-06-25,18,徳山,ＳＧ,５　４１６　６６６　３１,2021-09-21,2021-09-26,18,徳山,ＧⅠ,１１２　３　４１１　[２],4528,黒井 達矢,2025-07-22,2025-07-27,18,徳山,ＳＧ,４　１　３６２　１１６,2024-09-24,2024-09-29,18,徳山,ＧⅠ,５　６３１　５　３２５,2020-03-08,2020-03-13,18,徳山,ＧⅢ,６６６　５　５６６５５５,2019-09-09,2019-09-14,18,徳山,一般,１　１２２１６２１２[６],2018-09-10,2018-09-15,18,徳山,一般,５１１６３３１　１４１２,3942,寺田 祥,2026-05-05,2026-05-09,18,徳山,一般,２１２１３３４５１６,2025-11-16,2025-11-21,18,徳山,ＧⅠ,４３４　５　３落６６３,2025-10-12,2025-10-16,18,徳山,一般,２１５１４３１４１４,2025-08-10,2025-08-15,18,徳山,一般,１１３　２１２２４１[１],2025-07-22,2025-07-27,18,徳山,ＳＧ,４　転３６　３２６　５２,4713,白神 優,2026-05-27,2026-05-31,18,徳山,一般,１１３６１２１２[３],2025-07-13,2025-07-17,18,徳山,一般,３５２１１３２１[５],2025-02-08,2025-02-13,18,徳山,ＧⅠ,１１５　３　５６４　２１,2024-07-16,2024-07-20,18,徳山,一般,２４３１３１４２[４],2023-07-09,2023-07-14,18,徳山,一般,２　２６６２２１１５２３,3959,坪井 康晴,2025-08-01,2025-08-06,18,徳山,一般,３３２１１　１２６１[３],2025-03-19,2025-03-24,18,徳山,ＧⅡ,転２１　４４２　２１２６,2024-09-24,2024-09-29,18,徳山,ＧⅠ,２１２　５　３６６　１４,2023-06-20,2023-06-25,18,徳山,ＳＧ,４　２　３３２　２　[３],2023-02-21,2023-02-25,18,徳山,一般,５,4397,西村 拓也,2025-03-19,2025-03-24,18,徳山,ＧⅡ,５　１３１３３　３　４１,2024-11-21,2024-11-24,18,徳山,一般,４３１４２２[５],2024-09-24,2024-09-29,18,徳山,ＧⅠ,２　１　２６３　６　１３,2023-12-10,2023-12-15,18,徳山,一般,３６１２２４１　３３３１,2023-07-30,2023-08-05,18,徳山,一般,３３１６３　３１５３３２[２]
202609131811,2026-09-13,18,11R,4939,宮之原 輝紀,2025-05-19,2025-05-24,18,徳山,一般,２３１１２２１　６１[１],2025-02-25,2025-03-03,18,徳山,一般,６３４６５１１　２　１１,2021-09-21,2021-09-26,18,徳山,ＧⅠ,４６６　２　４３１２５,2021-07-02,2021-07-07,18,徳山,一般,２１１２６３１　１４３１,2018-01-21,2018-01-26,18,徳山,一般,４　３３１６２　３１５４,3897,白井 英治,2026-08-15,2026-08-20,18,徳山,一般,１１２４１　２１１１[１],2026-01-02,2026-01-07,18,徳山,一般,２１１　２３４３１２[４],2025-11-16,2025-11-21,18,徳山,ＧⅠ,１　５３４３５,2025-07-22,2025-07-27,18,徳山,ＳＧ,３２３　５　５４２４３,2025-04-26,2025-05-01,18,徳山,一般,１１２１３　１１１１[１],4739,中村 晃朋,2025-11-16,2025-11-21,18,徳山,ＧⅠ,２　４　３６２　１２５,2025-07-22,2025-07-27,18,徳山,ＳＧ,５　５　２５転　３６６,2024-09-24,2024-09-29,18,徳山,ＧⅠ,３　３　６１６　４４３,2022-12-16,2022-12-21,18,徳山,一般,２　２２３５１３３３３１,2022-10-23,2022-10-28,18,徳山,一般,３４４２１３１　１５１４,4537,渡邉 和将,2026-02-12,2026-02-16,18,徳山,一般,４１３１１４３４１６,2025-11-26,2025-12-01,18,徳山,一般,３２４５２　４３１３１１,2025-07-22,2025-07-27,18,徳山,ＳＧ,１４６　４　２２６　３６,2025-02-08,2025-02-13,18,徳山,ＧⅠ,６１１　１１１　１　[１],2024-11-06,2024-11-10,18,徳山,一般,１５１１３５１６１５,4547,中田 竜太,2026-05-12,2026-05-15,18,徳山,一般,３１３１３１[３],2024-09-17,2024-09-20,18,徳山,一般,１１３１５１[２],2022-03-28,2022-04-02,18,徳山,一般,１　２５１３４１１３２１,2019-03-07,2019-03-12,18,徳山,一般,２２１１１３４２２５１５,2018-06-19,2018-06-24,18,徳山,ＳＧ,１　１６３　６　１４１,4362,土屋 智則,2025-11-16,2025-11-21,18,徳山,ＧⅠ,２　３１２　６３５　１６,2025-07-22,2025-07-27,18,徳山,ＳＧ,１６２　５,2024-08-22,2024-08-27,18,徳山,一般,３６１　３１２４２２[２],2023-06-20,2023-06-25,18,徳山,ＳＧ,５１４　５　３６３５５,2023-04-20,2023-04-23,18,徳山,一般,２１１２１１[１]
202609131812,2026-09-13,18,12R,3941,池田 浩二,2025-07-22,2025-07-27,18,徳山,ＳＧ,２　３２５１５　５　１３,2024-09-24,2024-09-29,18,徳山,ＧⅠ,２　６２２１３　２　[５],2023-06-20,2023-06-25,18,徳山,ＳＧ,１　６３２２５　２　[４],2020-09-23,2020-09-28,18,徳山,ＧⅠ,６２２　３２１　１　[２],2020-05-16,2020-05-21,18,徳山,ＧⅠ,３　４１１２３　３　４１,4237,大峯 豊,2026-08-15,2026-08-20,18,徳山,一般,３１２１２１１　１２６,2026-04-27,2026-05-02,18,徳山,一般,３２２　５６３１１２[６],2025-11-16,2025-11-21,18,徳山,ＧⅠ,１４２　６　２４１５５,2025-08-10,2025-08-15,18,徳山,一般,３　４１２２３６３１[４],2025-06-21,2025-06-25,18,徳山,一般,１１２１４２２１[３],4168,石野 貴之,2023-11-02,2023-11-07,18,徳山,ＧⅠ,５２２　６６６　６５６,2023-06-20,2023-06-25,18,徳山,ＳＧ,１３２　３３１　１　[２],2020-09-23,2020-09-28,18,徳山,ＧⅠ,６　６１５６６　３１６６,2018-06-19,2018-06-24,18,徳山,ＳＧ,５３１　６３３　３１３,2018-04-17,2018-04-22,18,徳山,一般,１１３６２６６　２５１２,4205,山口 剛,2025-07-22,2025-07-27,18,徳山,ＳＧ,１　４４１　３　３　２１,2025-03-19,2025-03-24,18,徳山,ＧⅡ,２　１５６１２　６　１６,2025-02-08,2025-02-13,18,徳山,ＧⅠ,６　２２５１２　１　[４],2022-09-13,2022-09-18,18,徳山,ＧⅠ,３１２　１３６　１　[６],2021-05-09,2021-05-14,18,徳山,ＧⅠ,３２４１３　３　２　[３],4013,中島 孝平,2025-07-22,2025-07-27,18,徳山,ＳＧ,３　２６３　１　２　[５],2025-03-19,2025-03-24,18,徳山,ＧⅡ,４　３５２１４　５　２５,2024-09-24,2024-09-29,18,徳山,ＧⅠ,５　３１２　５５１４４,2023-11-02,2023-11-07,18,徳山,ＧⅠ,５１３　２５３　５　１２,2023-06-20,2023-06-25,18,徳山,ＳＧ,２　６６４　５　６３２,4445,宮地 元輝,2025-11-16,2025-11-21,18,徳山,ＧⅠ,３　２１１　３４３　４１,2025-07-22,2025-07-27,18,徳山,ＳＧ,６５１　２　５３５５４,2023-06-20,2023-06-25,18,徳山,ＳＧ,３２３　４　３３３　３６,2023-01-31,2023-02-05,18,徳山,一般,２１３　２１１２２１[１],2021-09-02,2021-09-07,18,徳山,一般,３６F２５　３　３　４
202609131901,2026-09-13,19,01R,4226,村田 浩司,2026-07-10,2026-07-13,19,下関,一般,１６１　６６４５,2026-02-25,2026-03-02,19,下関,ＧⅢ,５　２１５５６　６５１６,2025-08-30,2025-09-02,19,下関,一般,２６４６５　３５,2025-01-31,2025-02-03,19,下関,一般,１２６６４　３,2024-12-19,2024-12-25,19,下関,一般,１６４２５　５６３６６　２,3912,川原 正明,2025-11-09,2025-11-14,19,下関,一般,１　１４５　６５６５４１,2024-05-31,2024-06-03,19,下関,一般,４　１４１６１６,2023-04-10,2023-04-15,19,下関,一般,１１１２３　２５２１[４],2022-12-19,2022-12-25,19,下関,ＧⅢ,２６３　６３４　３　４１,2022-03-26,2022-03-31,19,下関,ＧⅠ,４　２４５　６　４２６５,4548,篠木 亜衣花,2022-04-22,2022-04-27,19,下関,ＧⅢ,６２４　５６４　２　３５,2021-06-07,2021-06-11,19,下関,一般,４　６５６３３　３６,2018-03-15,2018-03-20,19,下関,ＧⅢ,２４１５３　４５５　１４,2017-04-23,2017-04-26,19,下関,一般,５　５４４６５,2016-02-29,2016-03-05,19,下関,一般,F　６　６　５５６５６,4978,山田 和佐,2026-02-17,2026-02-22,19,下関,一般,５　３３１　６５４　３,2025-10-11,2025-10-14,19,下関,一般,６５３　３　５４,2024-12-02,2024-12-05,19,下関,一般,６　４３６　５３,2024-05-26,2024-05-29,19,下関,一般,１　３３６４１５,2022-10-01,2022-10-06,19,下関,一般,４４３　４３６　３,3742,宮地 秀祈,2025-07-10,2025-07-14,19,下関,一般,３　１６３　３６２２,2025-02-21,2025-02-25,19,下関,一般,３４５　２５５　３１,2024-09-03,2024-09-06,19,下関,一般,２６,2024-02-26,2024-03-01,19,下関,一般,４　５４３４４　５４,2023-02-25,2023-03-01,19,下関,一般,２６３　４２３　５４,4054,福嶋 智之,2026-06-30,2026-07-04,19,下関,一般,１　６２４６２６５４,2025-08-30,2025-09-02,19,下関,一般,２　６２３１５４,2024-09-20,2024-09-25,19,下関,一般,２　２６１５２　３６１６,2024-07-03,2024-07-07,19,下関,一般,６５２　４２５　５５,2024-02-26,2024-03-01,19,下関,一般,６５３５２　５４４
202609131902,2026-09-13,19,02R,3606,川北 浩貴,2023-10-13,2023-10-18,19,下関,一般,１２４　３１３６３３２１,2023-05-09,2023-05-15,19,下関,一般,４　３３５　４３６　４２５３,2022-10-16,2022-10-21,19,下関,ＧⅢ,２　１６３１３４２４６２,2022-02-24,2022-02-28,19,下関,一般,４２４　４２２　４４,2022-01-17,2022-01-23,19,下関,一般,５１２３４　２１２１２３４３,3572,安田 政彦,2025-01-31,2025-02-03,19,下関,一般,２６２　１６３２,2024-12-02,2024-12-05,19,下関,一般,２２５　１５２５,2022-05-29,2022-06-04,19,下関,一般,２２６　４５４２５　１　２２,2021-11-08,2021-11-13,19,下関,一般,１２４　３２３　６２[６],2021-04-20,2021-04-25,19,下関,ＧⅠ,３　１　６４２　６１５,3455,谷本 幸司,2025-10-11,2025-10-14,19,下関,一般,６２１　５５１６,2023-07-07,2023-07-13,19,下関,一般,F２５　４　４４３　３　４４,2023-05-25,2023-05-31,19,下関,一般,１　５２１３３　６６１５４５,2020-04-13,2020-04-17,19,下関,一般,６　４４１５４２４５,2018-11-17,2018-11-22,19,下関,一般,５３１６５　３６３　５１,4339,平瀬 城啓,2024-09-20,2024-09-25,19,下関,一般,５２５　４３３４２　４４,2022-08-04,2022-08-10,19,下関,一般,４　転６６６２　５５１　３,2018-11-17,2018-11-22,19,下関,一般,５　１３６　５３６４１２,2018-04-24,2018-04-28,19,下関,一般,６６６　６６,2017-07-20,2017-07-25,19,下関,一般,３４２　４６２　３　５６,4300,加藤 綾,2026-03-26,2026-03-31,19,下関,一般,２　５６４　４４４　５２,2025-11-19,2025-11-24,19,下関,ＧⅢ,４２１　５６４　４４５５,2024-12-08,2024-12-13,19,下関,ＧⅢ,３６４２３　２　３５２２,2023-06-11,2023-06-16,19,下関,ＧⅢ,１　６２４５５　４４４４,2023-03-13,2023-03-18,19,下関,一般,１３３２４５１　１４３６,4159,向後 龍一,2024-10-16,2024-10-19,19,下関,一般,５６４３１　３２,2023-05-25,2023-05-31,19,下関,一般,４６３　２６５３３　４６１,2019-11-16,2019-11-22,19,下関,一般,３　１２１２４６３３転５１５,2019-06-06,2019-06-12,19,下関,一般,４　５６１　３３３３２３２３,2018-10-26,2018-10-31,19,下関,ＧⅢ,１３４　２５４５２２[３]
202609131903,2026-09-13,19,03R,3882,新田 智彰,2026-01-04,2026-01-07,19,下関,一般,４　４６５　２５,2025-04-26,2025-04-30,19,下関,一般,１　３３２　１２[６],2021-06-14,2021-06-18,19,下関,一般,５　１３１４４３３１,2019-09-14,2019-09-17,19,下関,一般,６２２　４６３５,2016-06-04,2016-06-09,19,下関,一般,３　１２４　２５１３１１,5212,西川 拓利,2026-05-13,2026-05-18,19,下関,一般,２　５３５４２５６　１,2025-05-29,2025-06-03,19,下関,一般,５５４　５３３２３　２３,2024-07-27,2024-08-02,19,下関,一般,３　１４３　１１１６３４５２,2023-03-30,2023-04-03,19,下関,一般,５６６　２５６　４,2022-08-21,2022-08-25,19,下関,一般,　　　　　　６　６６,4761,山田 晃大,2026-03-14,2026-03-17,19,下関,一般,４４１　１２１４,2024-12-02,2024-12-05,19,下関,一般,４　１６４４５,2024-10-16,2024-10-19,19,下関,一般,３１４　５４３３,2024-07-03,2024-07-07,19,下関,一般,３　１３１６１６２１,2021-08-06,2021-08-12,19,下関,一般,４６６　３４３　２４４　１,3212,亀本 勇樹,2026-07-10,2026-07-13,19,下関,一般,６　４４６５１,2026-03-26,2026-03-31,19,下関,一般,４　３５５　１６６　４３,2025-09-04,2025-09-07,19,下関,一般,４　２６４　５５,2024-08-13,2024-08-17,19,下関,一般,F　３　５　４５４,2024-05-14,2024-05-20,19,下関,ＧⅢ,５　５４６　４４５　２,5217,藤原 碧生,2026-01-29,2026-02-03,19,下関,ＧⅠ,１　３５１　５１２　[４],2025-05-29,2025-06-03,19,下関,一般,３６４１１　１２２６１３,2025-01-31,2025-02-03,19,下関,一般,欠欠,2024-09-09,2024-09-14,19,下関,一般,２５６１２　２１１１[１],2023-09-09,2023-09-12,19,下関,一般,３　１２５４２３,5409,宮本 琉正,2025-09-10,2025-09-16,19,下関,一般,５　６６４　６６６　６５６３,2025-05-29,2025-06-03,19,下関,一般,不　５６４　６５６　６６,,,,,,,,,,,,,,,,,,
202609131904,2026-09-13,19,04R,3741,松尾 基成,2026-01-18,2026-01-21,19,下関,一般,６２４　５５４,2025-06-13,2025-06-16,19,下関,一般,５　５６６　６６,2024-08-20,2024-08-26,19,下関,一般,１　６６６　５６４５６　６４,2023-02-25,2023-03-01,19,下関,一般,６５１５１　５　２３,2019-11-25,2019-11-28,19,下関,一般,２　３６３４６５,5013,山下 夏鈴,2026-02-17,2026-02-22,19,下関,一般,４　５５１３１　１４４２,2024-08-05,2024-08-09,19,下関,一般,４　１４６　１６１１,2024-01-04,2024-01-08,19,下関,一般,６４５５４５２　２６,2023-09-09,2023-09-12,19,下関,一般,３　５４６　６６,2022-04-22,2022-04-27,19,下関,ＧⅢ,１３４　６１６　２１３３,4276,鈴木 勝博,2025-10-11,2025-10-14,19,下関,一般,４６１５１６１３,2025-05-29,2025-06-03,19,下関,一般,５６２　４１１　４６２６,2024-01-11,2024-01-16,19,下関,一般,１６２　１１２３４１[２],2022-12-19,2022-12-25,19,下関,ＧⅢ,１４４３２　１F２　３,2022-02-24,2022-02-28,19,下関,一般,２１２　２４１６３６,3361,岡部 浩,2026-06-01,2026-06-05,19,下関,一般,４　１５６　４２３,2026-03-14,2026-03-17,19,下関,一般,６　６２６　２３,2024-12-02,2024-12-05,19,下関,一般,４５５　３　６６,2024-07-27,2024-08-02,19,下関,一般,６４F　５　５６,2022-11-20,2022-11-24,19,下関,一般,５　５６,3717,立間 充宏,2025-09-29,2025-10-04,19,下関,一般,５　１４１６５　３４５６,2024-12-02,2024-12-05,19,下関,一般,１　１２３２[３],2023-01-22,2023-01-29,19,下関,一般,１　２１　　１３５５２１５１[４],2022-12-10,2022-12-14,19,下関,一般,２４２５４４２３３５,2022-10-01,2022-10-06,19,下関,一般,１１４　２６４　６１,3898,平田 忠則,2026-07-10,2026-07-13,19,下関,一般,１１１１４２[５],2025-09-10,2025-09-16,19,下関,一般,３４４　４６５３４２６,2024-11-27,2024-11-30,19,下関,一般,１５３４３３２１,2024-08-20,2024-08-26,19,下関,一般,３４１　３３２２３　１２[３],2022-11-09,2022-11-15,19,下関,一般,３２６３４　１５１２１３２１
202609131905,2026-09-13,19,05R,4857,加藤 翔馬,2025-09-10,2025-09-16,19,下関,一般,４２２２１　２４４２２３４１,2025-01-06,2025-01-09,19,下関,一般,５４６３２１２,2024-10-30,2024-11-02,19,下関,一般,１３５　１５６１,2023-09-19,2023-09-24,19,下関,ＧⅠ,３　５　３５１　４６２,2022-10-01,2022-10-06,19,下関,一般,２３１２３　２５[４],4113,木村 浩士,2026-03-14,2026-03-17,19,下関,一般,５６６　４　３３,2024-12-02,2024-12-05,19,下関,一般,３　５２２６２６,2024-08-20,2024-08-26,19,下関,一般,２４１　５５４６６　１２３,2023-05-09,2023-05-15,19,下関,一般,３　４５３　６６４　６　５,2011-07-02,2011-07-08,19,下関,一般,３２６　５２３５５　欠,3616,中村 真,2026-02-25,2026-03-02,19,下関,ＧⅢ,６　４６６　６４,2025-06-23,2025-06-27,19,下関,一般,５２２　５２４１４,2025-03-02,2025-03-05,19,下関,一般,　　４２４６３５,2024-12-02,2024-12-05,19,下関,一般,４２６　４２１,2024-08-20,2024-08-26,19,下関,一般,２　２２２２３　１３１２[２],4015,前野 竜一,2023-05-25,2023-05-31,19,下関,一般,１　３２４２６　４５２４４２,2023-04-10,2023-04-15,19,下関,一般,２　３３２１２４１３６２,2023-03-22,2023-03-25,19,下関,一般,２３２２２４５３,2023-02-18,2023-02-22,19,下関,一般,２　２５２４６５１２,2023-01-31,2023-02-05,19,下関,一般,１３２　２３２　５２[３],4900,中田 夕貴,2025-11-19,2025-11-24,19,下関,ＧⅢ,転６１６４　１２２１３,2024-12-08,2024-12-13,19,下関,ＧⅢ,２　１４５５１４４５４６,2021-10-09,2021-10-14,19,下関,一般,３　５１４２４１２４１１,2021-07-25,2021-07-30,19,下関,ＧⅢ,４３１　３１２４１２[６],2020-06-24,2020-06-29,19,下関,一般,２６１　２５１５４５F４,5451,,,,,,,,,,,,,,,,,,,,,,,,,,,,,,,
202609131906,2026-09-13,19,06R,3742,宮地 秀祈,2025-07-10,2025-07-14,19,下関,一般,３　１６３　３６２２,2025-02-21,2025-02-25,19,下関,一般,３４５　２５５　３１,2024-09-03,2024-09-06,19,下関,一般,２６,2024-02-26,2024-03-01,19,下関,一般,４　５４３４４　５４,2023-02-25,2023-03-01,19,下関,一般,２６３　４２３　５４,3070,山室 展弘,2026-03-26,2026-03-31,19,下関,一般,３　４５１　２１３　１６,2024-10-30,2024-11-02,19,下関,一般,５１３１１６４５,2024-05-01,2024-05-04,19,下関,一般,４６２６,2024-01-04,2024-01-08,19,下関,一般,１　２３５６４３４１,2023-10-21,2023-10-25,19,下関,一般,３　１６３　２６５６,5064,品川 二千翔,2026-08-11,2026-08-16,19,下関,一般,４２１５４　３２５３３４,2026-05-21,2026-05-24,19,下関,一般,１　３５２２[５],2026-02-10,2026-02-14,19,下関,一般,２４１　２５４１[４],2025-12-28,2026-01-02,19,下関,一般,５３２　２２６２１４１５,2025-10-28,2025-11-02,19,下関,ＧⅡ,５　４　５５２　２６２,4383,竹田 吉行,2026-02-10,2026-02-14,19,下関,一般,２５６４３　４１２,2025-07-10,2025-07-14,19,下関,一般,５　４５２４２　２３,2024-10-30,2024-11-02,19,下関,一般,５　４２エ,2024-08-20,2024-08-26,19,下関,一般,４１６　２２２　４６２５１６,2024-04-04,2024-04-08,19,下関,一般,２４６４４　５　４３,4339,平瀬 城啓,2024-09-20,2024-09-25,19,下関,一般,５２５　４３３４２　４４,2022-08-04,2022-08-10,19,下関,一般,４　転６６６２　５５１　３,2018-11-17,2018-11-22,19,下関,一般,５　１３６　５３６４１２,2018-04-24,2018-04-28,19,下関,一般,６６６　６６,2017-07-20,2017-07-25,19,下関,一般,３４２　４６２　３　５６,4700,金子 和之,2024-02-11,2024-02-14,19,下関,一般,１３１　５３３１,2022-07-05,2022-07-10,19,下関,ＧⅡ,２　２　１６６　５６３,2022-02-06,2022-02-09,19,下関,一般,転,2019-06-19,2019-06-24,19,下関,一般,２３５　１５６　４２５,,,,,,
202609131907,2026-09-13,19,07R,4099,吉永 則雄,2024-01-04,2024-01-08,19,下関,一般,３５１４３　１４１４,2023-12-12,2023-12-18,19,下関,一般,２　１３２５３　３４１６,2022-11-09,2022-11-15,19,下関,一般,２４４５６　２６４５２　２３,2021-09-08,2021-09-12,19,下関,一般,２４１３３３５３３１,2021-06-26,2021-06-30,19,下関,一般,１２１　４３４３[２],5355,萩原 丈太朗,2025-03-02,2025-03-05,19,下関,一般,　　５　４５６６,,,,,,,,,,,,,,,,,,,,,,,,,5210,藤井 公人,2026-06-12,2026-06-17,19,下関,一般,４４３　５　１６３２２,2026-02-25,2026-03-02,19,下関,ＧⅢ,　　５１３３４２５　５２,2024-09-09,2024-09-14,19,下関,一般,２２２　３転４　５６５,2024-01-11,2024-01-16,19,下関,一般,５４３　２６５３１　２６,2023-06-29,2023-07-02,19,下関,一般,６５４　６　６６,4226,村田 浩司,2026-07-10,2026-07-13,19,下関,一般,１６１　６６４５,2026-02-25,2026-03-02,19,下関,ＧⅢ,５　２１５５６　６５１６,2025-08-30,2025-09-02,19,下関,一般,２６４６５　３５,2025-01-31,2025-02-03,19,下関,一般,１２６６４　３,2024-12-19,2024-12-25,19,下関,一般,１６４２５　５６３６６　２,4292,麻生 慎介,2026-01-29,2026-02-03,19,下関,ＧⅠ,３　４４２　５２２　４４,2025-10-28,2025-11-02,19,下関,ＧⅡ,５　３４１　４３５　３５,2025-06-13,2025-06-16,19,下関,一般,５４６２４　４５,2023-08-04,2023-08-09,19,下関,一般,３５３５２　１１１５１３,2022-09-21,2022-09-26,19,下関,一般,３３欠,3455,谷本 幸司,2025-10-11,2025-10-14,19,下関,一般,６２１　５５１６,2023-07-07,2023-07-13,19,下関,一般,F２５　４　４４３　３　４４,2023-05-25,2023-05-31,19,下関,一般,１　５２１３３　６６１５４５,2020-04-13,2020-04-17,19,下関,一般,６　４４１５４２４５,2018-11-17,2018-11-22,19,下関,一般,５３１６５　３６３　５１
202609131908,2026-09-13,19,08R,5111,三村 岳人,2026-01-18,2026-01-21,19,下関,一般,５　３４１　２１,2025-03-29,2025-04-01,19,下関,一般,１　３６２２３６,2024-09-09,2024-09-14,19,下関,一般,５　１２１２４　２２[３],2022-12-28,2023-01-03,19,下関,一般,４　６４５６３５３３６２５,2021-11-08,2021-11-13,19,下関,一般,６４６　６６６　５２４,5216,長谷川 晴哉,2026-07-10,2026-07-13,19,下関,一般,３２１３４２[４],2026-05-13,2026-05-18,19,下関,一般,４２３　２５１　１４３４,2024-09-09,2024-09-14,19,下関,一般,１３５　３６３４１５１１,,,,,,,,,,,,,4978,山田 和佐,2026-02-17,2026-02-22,19,下関,一般,５　３３１　６５４　３,2025-10-11,2025-10-14,19,下関,一般,６５３　３　５４,2024-12-02,2024-12-05,19,下関,一般,６　４３６　５３,2024-05-26,2024-05-29,19,下関,一般,１　３３６４１５,2022-10-01,2022-10-06,19,下関,一般,４４３　４３６　３,3882,新田 智彰,2026-01-04,2026-01-07,19,下関,一般,４　４６５　２５,2025-04-26,2025-04-30,19,下関,一般,１　３３２　１２[６],2021-06-14,2021-06-18,19,下関,一般,５　１３１４４３３１,2019-09-14,2019-09-17,19,下関,一般,６２２　４６３５,2016-06-04,2016-06-09,19,下関,一般,３　１２４　２５１３１１,5412,久保田 凪紗,2026-06-21,2026-06-24,19,下関,一般,６　５６６　６５,2025-09-29,2025-10-04,19,下関,一般,６　６６５　６６６　６６,,,,,,,,,,,,,,,,,,,3572,安田 政彦,2025-01-31,2025-02-03,19,下関,一般,２６２　１６３２,2024-12-02,2024-12-05,19,下関,一般,２２５　１５２５,2022-05-29,2022-06-04,19,下関,一般,２２６　４５４２５　１　２２,2021-11-08,2021-11-13,19,下関,一般,１２４　３２３　６２[６],2021-04-20,2021-04-25,19,下関,ＧⅠ,３　１　６４２　６１５
202609131909,2026-09-13,19,09R,5281,井上 遥妃,2025-02-10,2025-02-15,19,下関,一般,１２４　２２２２３２[５],2023-03-13,2023-03-18,19,下関,一般,３　６６５　５６６　３４,2022-12-28,2023-01-03,19,下関,一般,　　　　　　　　６　６５４６,,,,,,,,,,,,,4300,加藤 綾,2026-03-26,2026-03-31,19,下関,一般,２　５６４　４４４　５２,2025-11-19,2025-11-24,19,下関,ＧⅢ,４２１　５６４　４４５５,2024-12-08,2024-12-13,19,下関,ＧⅢ,３６４２３　２　３５２２,2023-06-11,2023-06-16,19,下関,ＧⅢ,１　６２４５５　４４４４,2023-03-13,2023-03-18,19,下関,一般,１３３２４５１　１４３６,4900,中田 夕貴,2025-11-19,2025-11-24,19,下関,ＧⅢ,転６１６４　１２２１３,2024-12-08,2024-12-13,19,下関,ＧⅢ,２　１４５５１４４５４６,2021-10-09,2021-10-14,19,下関,一般,３　５１４２４１２４１１,2021-07-25,2021-07-30,19,下関,ＧⅢ,４３１　３１２４１２[６],2020-06-24,2020-06-29,19,下関,一般,２６１　２５１５４５F４,5013,山下 夏鈴,2026-02-17,2026-02-22,19,下関,一般,４　５５１３１　１４４２,2024-08-05,2024-08-09,19,下関,一般,４　１４６　１６１１,2024-01-04,2024-01-08,19,下関,一般,６４５５４５２　２６,2023-09-09,2023-09-12,19,下関,一般,３　５４６　６６,2022-04-22,2022-04-27,19,下関,ＧⅢ,１３４　６１６　２１３３,5227,川原 愛未,2025-09-20,2025-09-24,19,下関,一般,転　５５６　６　２４,2024-10-03,2024-10-07,19,下関,一般,６　６４５　５２５５,2024-01-11,2024-01-16,19,下関,一般,転６５　６４６　６　４６,2022-12-28,2023-01-03,19,下関,一般,６　３６６５３６F　５　６,,,,,,,4994,山本 梨菜,2026-01-04,2026-01-07,19,下関,一般,３４２４２２２２,2025-05-21,2025-05-25,19,下関,一般,１　３２１転６２[４],2025-02-10,2025-02-15,19,下関,一般,２６３５３　１　５３２,2024-03-12,2024-03-17,19,下関,一般,４４３６３　１４２　１２,2024-02-11,2024-02-14,19,下関,一般,３４３２４　５１
202609131910,2026-09-13,19,10R,3717,立間 充宏,2025-09-29,2025-10-04,19,下関,一般,５　１４１６５　３４５６,2024-12-02,2024-12-05,19,下関,一般,１　１２３２[３],2023-01-22,2023-01-29,19,下関,一般,１　２１　　１３５５２１５１[４],2022-12-10,2022-12-14,19,下関,一般,２４２５４４２３３５,2022-10-01,2022-10-06,19,下関,一般,１１４　２６４　６１,4159,向後 龍一,2024-10-16,2024-10-19,19,下関,一般,５６４３１　３２,2023-05-25,2023-05-31,19,下関,一般,４６３　２６５３３　４６１,2019-11-16,2019-11-22,19,下関,一般,３　１２１２４６３３転５１５,2019-06-06,2019-06-12,19,下関,一般,４　５６１　３３３３２３２３,2018-10-26,2018-10-31,19,下関,ＧⅢ,１３４　２５４５２２[３],4383,竹田 吉行,2026-02-10,2026-02-14,19,下関,一般,２５６４３　４１２,2025-07-10,2025-07-14,19,下関,一般,５　４５２４２　２３,2024-10-30,2024-11-02,19,下関,一般,５　４２エ,2024-08-20,2024-08-26,19,下関,一般,４１６　２２２　４６２５１６,2024-04-04,2024-04-08,19,下関,一般,２４６４４　５　４３,4054,福嶋 智之,2026-06-30,2026-07-04,19,下関,一般,１　６２４６２６５４,2025-08-30,2025-09-02,19,下関,一般,２　６２３１５４,2024-09-20,2024-09-25,19,下関,一般,２　２６１５２　３６１６,2024-07-03,2024-07-07,19,下関,一般,６５２　４２５　５５,2024-02-26,2024-03-01,19,下関,一般,６５３５２　５４４,4113,木村 浩士,2026-03-14,2026-03-17,19,下関,一般,５６６　４　３３,2024-12-02,2024-12-05,19,下関,一般,３　５２２６２６,2024-08-20,2024-08-26,19,下関,一般,２４１　５５４６６　１２３,2023-05-09,2023-05-15,19,下関,一般,３　４５３　６６４　６　５,2011-07-02,2011-07-08,19,下関,一般,３２６　５２３５５　欠,4761,山田 晃大,2026-03-14,2026-03-17,19,下関,一般,４４１　１２１４,2024-12-02,2024-12-05,19,下関,一般,４　１６４４５,2024-10-16,2024-10-19,19,下関,一般,３１４　５４３３,2024-07-03,2024-07-07,19,下関,一般,３　１３１６１６２１,2021-08-06,2021-08-12,19,下関,一般,４６６　３４３　２４４　１
202609131911,2026-09-13,19,11R,4015,前野 竜一,2023-05-25,2023-05-31,19,下関,一般,１　３２４２６　４５２４４２,2023-04-10,2023-04-15,19,下関,一般,２　３３２１２４１３６２,2023-03-22,2023-03-25,19,下関,一般,２３２２２４５３,2023-02-18,2023-02-22,19,下関,一般,２　２５２４６５１２,2023-01-31,2023-02-05,19,下関,一般,１３２　２３２　５２[３],4700,金子 和之,2024-02-11,2024-02-14,19,下関,一般,１３１　５３３１,2022-07-05,2022-07-10,19,下関,ＧⅡ,２　２　１６６　５６３,2022-02-06,2022-02-09,19,下関,一般,転,2019-06-19,2019-06-24,19,下関,一般,２３５　１５６　４２５,,,,,,,3606,川北 浩貴,2023-10-13,2023-10-18,19,下関,一般,１２４　３１３６３３２１,2023-05-09,2023-05-15,19,下関,一般,４　３３５　４３６　４２５３,2022-10-16,2022-10-21,19,下関,ＧⅢ,２　１６３１３４２４６２,2022-02-24,2022-02-28,19,下関,一般,４２４　４２２　４４,2022-01-17,2022-01-23,19,下関,一般,５１２３４　２１２１２３４３,4099,吉永 則雄,2024-01-04,2024-01-08,19,下関,一般,３５１４３　１４１４,2023-12-12,2023-12-18,19,下関,一般,２　１３２５３　３４１６,2022-11-09,2022-11-15,19,下関,一般,２４４５６　２６４５２　２３,2021-09-08,2021-09-12,19,下関,一般,２４１３３３５３３１,2021-06-26,2021-06-30,19,下関,一般,１２１　４３４３[２],3912,川原 正明,2025-11-09,2025-11-14,19,下関,一般,１　１４５　６５６５４１,2024-05-31,2024-06-03,19,下関,一般,４　１４１６１６,2023-04-10,2023-04-15,19,下関,一般,１１１２３　２５２１[４],2022-12-19,2022-12-25,19,下関,ＧⅢ,２６３　６３４　３　４１,2022-03-26,2022-03-31,19,下関,ＧⅠ,４　２４５　６　４２６５,5212,西川 拓利,2026-05-13,2026-05-18,19,下関,一般,２　５３５４２５６　１,2025-05-29,2025-06-03,19,下関,一般,５５４　５３３２３　２３,2024-07-27,2024-08-02,19,下関,一般,３　１４３　１１１６３４５２,2023-03-30,2023-04-03,19,下関,一般,５６６　２５６　４,2022-08-21,2022-08-25,19,下関,一般,　　　　　　６　６６
202609131912,2026-09-13,19,12R,5217,藤原 碧生,2026-01-29,2026-02-03,19,下関,ＧⅠ,１　３５１　５１２　[４],2025-05-29,2025-06-03,19,下関,一般,３６４１１　１２２６１３,2025-01-31,2025-02-03,19,下関,一般,欠欠,2024-09-09,2024-09-14,19,下関,一般,２５６１２　２１１１[１],2023-09-09,2023-09-12,19,下関,一般,３　１２５４２３,3898,平田 忠則,2026-07-10,2026-07-13,19,下関,一般,１１１１４２[５],2025-09-10,2025-09-16,19,下関,一般,３４４　４６５３４２６,2024-11-27,2024-11-30,19,下関,一般,１５３４３３２１,2024-08-20,2024-08-26,19,下関,一般,３４１　３３２２３　１２[３],2022-11-09,2022-11-15,19,下関,一般,３２６３４　１５１２１３２１,4292,麻生 慎介,2026-01-29,2026-02-03,19,下関,ＧⅠ,３　４４２　５２２　４４,2025-10-28,2025-11-02,19,下関,ＧⅡ,５　３４１　４３５　３５,2025-06-13,2025-06-16,19,下関,一般,５４６２４　４５,2023-08-04,2023-08-09,19,下関,一般,３５３５２　１１１５１３,2022-09-21,2022-09-26,19,下関,一般,３３欠,5064,品川 二千翔,2026-08-11,2026-08-16,19,下関,一般,４２１５４　３２５３３４,2026-05-21,2026-05-24,19,下関,一般,１　３５２２[５],2026-02-10,2026-02-14,19,下関,一般,２４１　２５４１[４],2025-12-28,2026-01-02,19,下関,一般,５３２　２２６２１４１５,2025-10-28,2025-11-02,19,下関,ＧⅡ,５　４　５５２　２６２,4857,加藤 翔馬,2025-09-10,2025-09-16,19,下関,一般,４２２２１　２４４２２３４１,2025-01-06,2025-01-09,19,下関,一般,５４６３２１２,2024-10-30,2024-11-02,19,下関,一般,１３５　１５６１,2023-09-19,2023-09-24,19,下関,ＧⅠ,３　５　３５１　４６２,2022-10-01,2022-10-06,19,下関,一般,２３１２３　２５[４],5216,長谷川 晴哉,2026-07-10,2026-07-13,19,下関,一般,３２１３４２[４],2026-05-13,2026-05-18,19,下関,一般,４２３　２５１　１４３４,2024-09-09,2024-09-14,19,下関,一般,１３５　３６３４１５１１,,,,,,,,,,,,
202609132001,2026-09-13,20,01R,5014,梶山 涼斗,2026-03-10,2026-03-15,20,若松,ＧⅢ,３３６　４２１　２４４,2025-05-23,2025-05-26,20,若松,一般,１２５４５５５５,2024-09-02,2024-09-08,20,若松,一般,３　５２４　３４５６１　２２,2024-02-08,2024-02-13,20,若松,一般,３４４　４　１５４６３４,2021-06-23,2021-06-28,20,若松,一般,１　６６４　４３４　４２,4085,荻野 裕介,2026-05-15,2026-05-20,20,若松,一般,５６２　４６１　６　４,2025-01-26,2025-01-30,20,若松,一般,３　　　４５,2024-07-20,2024-07-26,20,若松,一般,６６２　６　１６５　４　３,2024-01-30,2024-02-02,20,若松,一般,３　４３６３５,2021-07-23,2021-07-27,20,若松,一般,６　３４１５５４６２,4462,夏山 亮平,2026-03-10,2026-03-15,20,若松,ＧⅢ,２５１　２５３４１２[５],2025-05-12,2025-05-15,20,若松,一般,３６１５２　３４,2023-09-15,2023-09-20,20,若松,一般,１３２　妨１３２３１３５,2021-08-30,2021-09-05,20,若松,一般,４　１６５　F３６　３　４,2016-06-27,2016-07-02,20,若松,一般,５　２２,4204,柴田 大輔,2026-08-07,2026-08-12,20,若松,一般,１　５３４３１１３６３５,2025-12-05,2025-12-10,20,若松,一般,６　２２２　３２３４１６,2024-12-31,2025-01-06,20,若松,一般,６　４４３６５　４６１　５６,2024-08-15,2024-08-20,20,若松,一般,１４４　３５６２３　１２,2024-06-25,2024-07-01,20,若松,一般,５　２１３４２　３６４６１５,4396,大田 直弥,2026-01-25,2026-01-28,20,若松,一般,３２３３５５１１,2025-07-22,2025-07-28,20,若松,一般,２３５　３３３６　　落,2025-03-17,2025-03-22,20,若松,一般,４４３　２５２,2024-12-12,2024-12-15,20,若松,一般,２２５　６４６６,2024-07-20,2024-07-26,20,若松,一般,５４３　２１４　６５２３５,5429,,,,,,,,,,,,,,,,,,,,,,,,,,,,,,,
202609132002,2026-09-13,20,02R,5248,本田 愛,2026-01-18,2026-01-22,20,若松,一般,３　３５６５３　４２,2025-09-14,2025-09-19,20,若松,一般,６　６５６　５６１　２３,2025-05-12,2025-05-15,20,若松,一般,２４６　６２３,2025-02-01,2025-02-07,20,若松,一般,６　３６２６６　　　６２,,,,,,,4034,西原 明生,2025-08-01,2025-08-04,20,若松,一般,５　２５６　２２,2024-12-31,2025-01-06,20,若松,一般,１　３４６２２　４２４２[２],2024-03-01,2024-03-07,20,若松,一般,３３６　４　５２３　６　１６,2024-01-08,2024-01-12,20,若松,一般,４　２６３６２４５３,2023-06-27,2023-06-30,20,若松,一般,６３４　６　１３,4873,蒲原 健太,2026-01-08,2026-01-13,20,若松,一般,４　６１４５３１２４,2025-09-29,2025-10-04,20,若松,一般,４３３２２　１３４６落欠,2025-03-17,2025-03-22,20,若松,一般,５２４　５５５,2024-08-26,2024-08-30,20,若松,一般,５４１,2023-10-23,2023-10-27,20,若松,一般,１３４２６　２３４４,4551,三川 昂暁,2025-09-22,2025-09-25,20,若松,一般,４　１２３６１４,2025-07-14,2025-07-17,20,若松,一般,５　４４５２４,2024-09-10,2024-09-14,20,若松,一般,４１３４２　６２[欠],2024-04-09,2024-04-14,20,若松,一般,３　４５４４５３６３３,2023-01-08,2023-01-11,20,若松,一般,１５５　４４５１,3999,大瀧 明日香,2025-11-14,2025-11-18,20,若松,一般,１　２６５２６　２６,2025-05-04,2025-05-09,20,若松,一般,５　１４４５２２２,2024-04-16,2024-04-21,20,若松,一般,２１３４３５１　５５４１,2022-06-28,2022-07-01,20,若松,一般,４６３３５１３１,2019-07-28,2019-08-02,20,若松,一般,１　１１５２３５４５４４,4600,井内 将太郎,2025-05-23,2025-05-26,20,若松,一般,１３３　３６１４,2024-04-09,2024-04-14,20,若松,一般,３１６２６　１３１４１５,2022-09-07,2022-09-13,20,若松,一般,６　３１１　４３１２４２[５],2022-03-25,2022-03-29,20,若松,一般,５　１４５３４４２３,2021-10-14,2021-10-20,20,若松,一般,４５１　５２３３１２５　６３
202609132003,2026-09-13,20,03R,4484,稲生 夏季,2025-06-19,2025-06-24,20,若松,ＧⅢ,１１４　４　３４３５２２,2023-05-11,2023-05-16,20,若松,一般,５４４　２　３３４３３２,2022-05-23,2022-05-29,20,若松,一般,４　３６４３５　２　５４,2019-06-17,2019-06-22,20,若松,一般,４　４４３６５　１５３,2017-01-26,2017-01-30,20,若松,一般,５６５　６５５　６,5219,森口 和紀,2026-06-18,2026-06-21,20,若松,一般,２　６１４５１５,2025-08-06,2025-08-12,20,若松,一般,３４１　５５３１５　３２,2023-06-07,2023-06-13,20,若松,一般,５　６　６２６　６　欠５転,,,,,,,,,,,,,4009,小林 一樹,2026-05-15,2026-05-20,20,若松,一般,１　２４５　２２６５２６,2026-01-08,2026-01-13,20,若松,一般,１２２４転　３６３３,2025-05-23,2025-05-26,20,若松,一般,２３１　６１[１],2025-02-01,2025-02-07,20,若松,一般,３４２５１　６３　　３５,2023-08-17,2023-08-20,20,若松,一般,４　１１４３２１,5033,藤原 孝斗,2024-07-11,2024-07-16,20,若松,一般,３　３６３４６　３５４４,2023-02-21,2023-02-24,20,若松,一般,６　４５１　３３,,,,,,,,,,,,,,,,,,,3388,今垣 光太郎,2026-02-15,2026-02-20,20,若松,ＧⅠ,３　３６６,2025-08-26,2025-08-31,20,若松,ＳＧ,３５５　４　５６６　５５,2024-10-28,2024-10-31,20,若松,一般,２５２１１６１５,2023-04-18,2023-04-23,20,若松,ＧⅠ,５　４１３　２１２　[６],2022-09-16,2022-09-23,20,若松,一般,３　２５欠欠,3737,上平 真二,2025-11-07,2025-11-10,20,若松,一般,２１４５４１[３],2024-12-12,2024-12-15,20,若松,一般,１３３３２１[３],2023-04-18,2023-04-23,20,若松,ＧⅠ,３６２　４　３２６　３１,2023-02-28,2023-03-03,20,若松,一般,２１３１３１[２],2022-09-07,2022-09-13,20,若松,一般,１４１F３　１　２　３　１
202609132004,2026-09-13,20,04R,4014,片岡 恵里,2025-09-14,2025-09-19,20,若松,一般,３２２　２３５３５６１６,2025-06-19,2025-06-24,20,若松,ＧⅢ,３５４５１５５　２　３２,2025-02-26,2025-03-03,20,若松,一般,３４３３２３２５４３３２,2024-08-26,2024-08-30,20,若松,一般,３５２,2024-04-16,2024-04-21,20,若松,一般,４　１４６　６５３　２３,4891,寺島 美里,2025-01-26,2025-01-30,20,若松,一般,２３　　２４,2022-07-24,2022-07-29,20,若松,ＧⅢ,５　１F５　５　６　５,2021-07-05,2021-07-09,20,若松,一般,６　５６５５５　３４,2018-01-13,2018-01-17,20,若松,一般,５　６５５　６６５,2017-05-14,2017-05-18,20,若松,一般,６　６６５　６６６,3539,金子 順一,2025-05-04,2025-05-09,20,若松,一般,１　１４２６５　１,2024-07-20,2024-07-26,20,若松,一般,５　６４３　６６６　１２５２,2022-12-12,2022-12-16,20,若松,一般,２４４５F　４　６,2022-01-25,2022-01-28,20,若松,一般,１４６　３　４６,2021-10-24,2021-10-29,20,若松,一般,５５４　１４５　２４４２,4518,大須賀 友,2025-09-22,2025-09-25,20,若松,一般,６６３５３　２３,2024-03-11,2024-03-14,20,若松,一般,２１３２４不,2023-07-11,2023-07-16,20,若松,一般,３１３　２４２　６３２３,2022-09-26,2022-10-01,20,若松,一般,２　２４４２３５２４１３,2021-09-08,2021-09-14,20,若松,一般,５３５６２１３　４　１３６１,5382,山下 心一,2026-06-28,2026-07-03,20,若松,一般,６６４　６　６欠６　５,2025-10-31,2025-11-05,20,若松,一般,５６６　５６６　欠,2025-04-24,2025-04-29,20,若松,一般,６　３５３　５５６６２３,2025-03-12,2025-03-15,20,若松,一般,６　６６６　６６,,,,,,,4296,岡崎 恭裕,2025-07-07,2025-07-11,20,若松,一般,２３１　２４４２[３],2025-04-24,2025-04-29,20,若松,一般,１５３　４１２２１３２４,2024-12-31,2025-01-06,20,若松,一般,３エ５１,2024-12-03,2024-12-08,20,若松,ＧⅢ,２１１　２１４２３２[６],2024-08-15,2024-08-20,20,若松,一般,２６４１１１１２２３４４
202609132005,2026-09-13,20,05R,4373,若狭 奈美子,2026-01-18,2026-01-22,20,若松,一般,５　３４５３３３２２,2025-06-03,2025-06-08,20,若松,一般,４２３２２　１１４２[５],2023-05-31,2023-06-04,20,若松,一般,２４３　４２２４２１,2022-07-24,2022-07-29,20,若松,ＧⅢ,５４１２３４２　１５１４,2022-06-28,2022-07-01,20,若松,一般,５５４４６　５５,3833,中辻 博訓,2026-03-10,2026-03-15,20,若松,ＧⅢ,１５６　１６２３５４５３,2024-12-03,2024-12-08,20,若松,ＧⅢ,３３１３５１１　３１[４],2024-06-25,2024-07-01,20,若松,一般,４５２１２５１６６４１３２１,2023-09-15,2023-09-20,20,若松,一般,３６５６,2022-11-01,2022-11-04,20,若松,一般,６１２６４３５１,3175,渡辺 千草,2023-06-17,2023-06-22,20,若松,ＧⅢ,４３３　２５２２６５１６,2022-07-24,2022-07-29,20,若松,ＧⅢ,１３２５２１４　３２[５],2022-02-01,2022-02-06,20,若松,一般,４４２　４　３５２６１５,2020-09-14,2020-09-19,20,若松,ＧⅢ,６　２３１　３４５４１３,2020-04-30,2020-05-05,20,若松,一般,３３２４５　２３３　６３,4529,嶋 義信,2025-07-14,2025-07-17,20,若松,一般,４　５４６４１５,2025-03-17,2025-03-22,20,若松,一般,２　１５４４２,2024-03-01,2024-03-07,20,若松,一般,５３６　２４１　３３２４４２,2023-10-23,2023-10-27,20,若松,一般,３　１５１５３３４１,2022-10-24,2022-10-29,20,若松,一般,５２３　６　３４４２５６,5263,花田 凱成,2025-08-15,2025-08-20,20,若松,一般,６６６　６３３　３　６６,2024-11-25,2024-11-28,20,若松,一般,６　３　２３３４,2024-02-23,2024-02-27,20,若松,一般,６　６　５５６　３５,2023-08-08,2023-08-15,20,若松,一般,６　欠６５　６６６　５５,2023-07-18,2023-07-24,20,若松,一般,　　　　　　　　　　６６１６,5373,,,,,,,,,,,,,,,,,,,,,,,,,,,,,,,
202609132006,2026-09-13,20,06R,4424,松尾 昂明,2026-01-01,2026-01-06,20,若松,一般,３　１５１２３５１６１３,2025-12-05,2025-12-10,20,若松,一般,１１１１５１４　３１[６],2025-09-22,2025-09-25,20,若松,一般,５３１　２１６４,2025-05-12,2025-05-15,20,若松,一般,５３１　２３４４,2024-12-03,2024-12-08,20,若松,ＧⅢ,５２１　３６３３１３６１,3362,間嶋 仁志,2025-07-22,2025-07-28,20,若松,一般,６１４４４　４　３　５４,2024-10-28,2024-10-31,20,若松,一般,２２３３４２[３],2024-02-08,2024-02-13,20,若松,一般,１２４２３　１４２１[２],2019-10-01,2019-10-06,20,若松,一般,２５　　１　６４１５,2019-02-25,2019-03-03,20,若松,一般,１２３５５１４　４５１４３５,4043,桐本 康臣,2025-09-29,2025-10-04,20,若松,一般,３１１　１３１１３２[３],2025-06-03,2025-06-08,20,若松,一般,４３１４３５１　１２[４],2024-08-06,2024-08-12,20,若松,一般,４６４１６３１　１３３３１１,2024-02-08,2024-02-13,20,若松,一般,１５２　２４１１１１[５],2023-12-03,2023-12-09,20,若松,一般,５６１１１　３１４１４３３１,4094,中島 真二,2026-03-10,2026-03-15,20,若松,ＧⅢ,５　６３１　３３６　１２,2025-08-06,2025-08-12,20,若松,一般,１　５６４６６　３　５４,2025-05-04,2025-05-09,20,若松,一般,１　３３１６４４３３１,2024-11-25,2024-11-28,20,若松,一般,３５　　５　５３,2024-04-25,2024-04-30,20,若松,一般,６４２　F　６　５　２６,5085,中村 栄治,2026-01-08,2026-01-13,20,若松,一般,５　３４２３３４１,2021-01-10,2021-01-15,20,若松,一般,５F６　３　５　６　４,2020-11-21,2020-11-25,20,若松,一般,３５６　３５６　６,,,,,,,,,,,,,4357,田中 和也,2025-02-09,2025-02-12,20,若松,一般,１２２１１１[１],2024-04-09,2024-04-14,20,若松,一般,１３５　１２１５６１[２],2023-11-03,2023-11-08,20,若松,ＧⅠ,５　６４５　１２３　２３,2021-10-01,2021-10-06,20,若松,ＧⅢ,１２１４１　１３１２[２],2019-10-12,2019-10-17,20,若松,ＧⅠ,３　３　２２３４４　６５
202609132007,2026-09-13,20,07R,4816,村松 修二,2025-02-09,2025-02-12,20,若松,一般,４６５６１　６,2024-09-10,2024-09-14,20,若松,一般,３３１　１４６３４１,2024-01-30,2024-02-02,20,若松,一般,１１２４２１[１],2022-05-14,2022-05-18,20,若松,一般,３６６３１１１　１４,2022-03-25,2022-03-29,20,若松,一般,１６１５５１１２[１],3880,浅見 宗孝,2025-12-20,2025-12-25,20,若松,一般,５　５５３　５４２　２４,2018-04-22,2018-04-26,20,若松,一般,４　４６５５２　５５,2017-02-15,2017-02-20,20,若松,一般,２４６　６２３　３　１３,2016-09-25,2016-09-28,20,若松,一般,３　４６６２２,2016-04-09,2016-04-14,20,若松,一般,２４３　３４４６４５５,4273,佐藤 旭,2025-10-31,2025-11-05,20,若松,一般,４　３１１　２５１６２６,2024-11-05,2024-11-10,20,若松,一般,３５１　３３４２１６３４,2024-05-07,2024-05-13,20,若松,一般,１　５４３５３５１６４　１２,2024-03-11,2024-03-14,20,若松,一般,１１１６３２[４],2021-10-01,2021-10-06,20,若松,ＧⅢ,５１６　４４３　２４１２,4209,藤田 竜弘,2026-06-11,2026-06-15,20,若松,一般,４　１６５４４　４３,2025-11-14,2025-11-18,20,若松,一般,５５４　２５４　３,2024-06-02,2024-06-07,20,若松,一般,６　４２２２３４３４３４,2024-04-01,2024-04-06,20,若松,一般,５２１　転６５５４　３,2023-11-17,2023-11-23,20,若松,ＧⅢ,１５１　２４１２２５３１,4230,濱崎 直矢,2025-03-12,2025-03-15,20,若松,一般,１６１６１６３６,2024-12-12,2024-12-15,20,若松,一般,１６１　３２[６],2024-04-16,2024-04-21,20,若松,一般,５　１２２　５６１　３,2022-09-07,2022-09-13,20,若松,一般,６１３　６６２　２　３５６５,2019-10-12,2019-10-17,20,若松,ＧⅠ,３　６　４１３６６　４６,5468,,,,,,,,,,,,,,,,,,,,,,,,,,,,,,,
202609132008,2026-09-13,20,08R,4600,井内 将太郎,2025-05-23,2025-05-26,20,若松,一般,１３３　３６１４,2024-04-09,2024-04-14,20,若松,一般,３１６２６　１３１４１５,2022-09-07,2022-09-13,20,若松,一般,６　３１１　４３１２４２[５],2022-03-25,2022-03-29,20,若松,一般,５　１４５３４４２３,2021-10-14,2021-10-20,20,若松,一般,４５１　５２３３１２５　６３,4518,大須賀 友,2025-09-22,2025-09-25,20,若松,一般,６６３５３　２３,2024-03-11,2024-03-14,20,若松,一般,２１３２４不,2023-07-11,2023-07-16,20,若松,一般,３１３　２４２　６３２３,2022-09-26,2022-10-01,20,若松,一般,２　２４４２３５２４１３,2021-09-08,2021-09-14,20,若松,一般,５３５６２１３　４　１３６１,3388,今垣 光太郎,2026-02-15,2026-02-20,20,若松,ＧⅠ,３　３６６,2025-08-26,2025-08-31,20,若松,ＳＧ,３５５　４　５６６　５５,2024-10-28,2024-10-31,20,若松,一般,２５２１１６１５,2023-04-18,2023-04-23,20,若松,ＧⅠ,５　４１３　２１２　[６],2022-09-16,2022-09-23,20,若松,一般,３　２５欠欠,4873,蒲原 健太,2026-01-08,2026-01-13,20,若松,一般,４　６１４５３１２４,2025-09-29,2025-10-04,20,若松,一般,４３３２２　１３４６落欠,2025-03-17,2025-03-22,20,若松,一般,５２４　５５５,2024-08-26,2024-08-30,20,若松,一般,５４１,2023-10-23,2023-10-27,20,若松,一般,１３４２６　２３４４,4009,小林 一樹,2026-05-15,2026-05-20,20,若松,一般,１　２４５　２２６５２６,2026-01-08,2026-01-13,20,若松,一般,１２２４転　３６３３,2025-05-23,2025-05-26,20,若松,一般,２３１　６１[１],2025-02-01,2025-02-07,20,若松,一般,３４２５１　６３　　３５,2023-08-17,2023-08-20,20,若松,一般,４　１１４３２１,5316,,,,,,,,,,,,,,,,,,,,,,,,,,,,,,,
202609132009,2026-09-13,20,09R,3737,上平 真二,2025-11-07,2025-11-10,20,若松,一般,２１４５４１[３],2024-12-12,2024-12-15,20,若松,一般,１３３３２１[３],2023-04-18,2023-04-23,20,若松,ＧⅠ,３６２　４　３２６　３１,2023-02-28,2023-03-03,20,若松,一般,２１３１３１[２],2022-09-07,2022-09-13,20,若松,一般,１４１F３　１　２　３　１,4551,三川 昂暁,2025-09-22,2025-09-25,20,若松,一般,４　１２３６１４,2025-07-14,2025-07-17,20,若松,一般,５　４４５２４,2024-09-10,2024-09-14,20,若松,一般,４１３４２　６２[欠],2024-04-09,2024-04-14,20,若松,一般,３　４５４４５３６３３,2023-01-08,2023-01-11,20,若松,一般,１５５　４４５１,3833,中辻 博訓,2026-03-10,2026-03-15,20,若松,ＧⅢ,１５６　１６２３５４５３,2024-12-03,2024-12-08,20,若松,ＧⅢ,３３１３５１１　３１[４],2024-06-25,2024-07-01,20,若松,一般,４５２１２５１６６４１３２１,2023-09-15,2023-09-20,20,若松,一般,３６５６,2022-11-01,2022-11-04,20,若松,一般,６１２６４３５１,4014,片岡 恵里,2025-09-14,2025-09-19,20,若松,一般,３２２　２３５３５６１６,2025-06-19,2025-06-24,20,若松,ＧⅢ,３５４５１５５　２　３２,2025-02-26,2025-03-03,20,若松,一般,３４３３２３２５４３３２,2024-08-26,2024-08-30,20,若松,一般,３５２,2024-04-16,2024-04-21,20,若松,一般,４　１４６　６５３　２３,5219,森口 和紀,2026-06-18,2026-06-21,20,若松,一般,２　６１４５１５,2025-08-06,2025-08-12,20,若松,一般,３４１　５５３１５　３２,2023-06-07,2023-06-13,20,若松,一般,５　６　６２６　６　欠５転,,,,,,,,,,,,,4076,杉田 篤光,2025-06-13,2025-06-17,20,若松,一般,３４１２２　４４４３,2025-02-01,2025-02-07,20,若松,一般,２　４４F６５　４　５,2022-09-26,2022-10-01,20,若松,一般,４４１　１２４２２３１５,2020-11-08,2020-11-11,20,若松,一般,２６１５３６１５,2019-04-22,2019-04-26,20,若松,一般,１３２５６　２４３４
202609132010,2026-09-13,20,10R,4296,岡崎 恭裕,2025-07-07,2025-07-11,20,若松,一般,２３１　２４４２[３],2025-04-24,2025-04-29,20,若松,一般,１５３　４１２２１３２４,2024-12-31,2025-01-06,20,若松,一般,３エ５１,2024-12-03,2024-12-08,20,若松,ＧⅢ,２１１　２１４２３２[６],2024-08-15,2024-08-20,20,若松,一般,２６４１１１１２２３４４,4529,嶋 義信,2025-07-14,2025-07-17,20,若松,一般,４　５４６４１５,2025-03-17,2025-03-22,20,若松,一般,２　１５４４２,2024-03-01,2024-03-07,20,若松,一般,５３６　２４１　３３２４４２,2023-10-23,2023-10-27,20,若松,一般,３　１５１５３３４１,2022-10-24,2022-10-29,20,若松,一般,５２３　６　３４４２５６,4373,若狭 奈美子,2026-01-18,2026-01-22,20,若松,一般,５　３４５３３３２２,2025-06-03,2025-06-08,20,若松,一般,４２３２２　１１４２[５],2023-05-31,2023-06-04,20,若松,一般,２４３　４２２４２１,2022-07-24,2022-07-29,20,若松,ＧⅢ,５４１２３４２　１５１４,2022-06-28,2022-07-01,20,若松,一般,５５４４６　５５,4424,松尾 昂明,2026-01-01,2026-01-06,20,若松,一般,３　１５１２３５１６１３,2025-12-05,2025-12-10,20,若松,一般,１１１１５１４　３１[６],2025-09-22,2025-09-25,20,若松,一般,５３１　２１６４,2025-05-12,2025-05-15,20,若松,一般,５３１　２３４４,2024-12-03,2024-12-08,20,若松,ＧⅢ,５２１　３６３３１３６１,4891,寺島 美里,2025-01-26,2025-01-30,20,若松,一般,２３　　２４,2022-07-24,2022-07-29,20,若松,ＧⅢ,５　１F５　５　６　５,2021-07-05,2021-07-09,20,若松,一般,６　５６５５５　３４,2018-01-13,2018-01-17,20,若松,一般,５　６５５　６６５,2017-05-14,2017-05-18,20,若松,一般,６　６６５　６６６,4462,夏山 亮平,2026-03-10,2026-03-15,20,若松,ＧⅢ,２５１　２５３４１２[５],2025-05-12,2025-05-15,20,若松,一般,３６１５２　３４,2023-09-15,2023-09-20,20,若松,一般,１３２　妨１３２３１３５,2021-08-30,2021-09-05,20,若松,一般,４　１６５　F３６　３　４,2016-06-27,2016-07-02,20,若松,一般,５　２２
202609132011,2026-09-13,20,11R,4357,田中 和也,2025-02-09,2025-02-12,20,若松,一般,１２２１１１[１],2024-04-09,2024-04-14,20,若松,一般,１３５　１２１５６１[２],2023-11-03,2023-11-08,20,若松,ＧⅠ,５　６４５　１２３　２３,2021-10-01,2021-10-06,20,若松,ＧⅢ,１２１４１　１３１２[２],2019-10-12,2019-10-17,20,若松,ＧⅠ,３　３　２２３４４　６５,4209,藤田 竜弘,2026-06-11,2026-06-15,20,若松,一般,４　１６５４４　４３,2025-11-14,2025-11-18,20,若松,一般,５５４　２５４　３,2024-06-02,2024-06-07,20,若松,一般,６　４２２２３４３４３４,2024-04-01,2024-04-06,20,若松,一般,５２１　転６５５４　３,2023-11-17,2023-11-23,20,若松,ＧⅢ,１５１　２４１２２５３１,3999,大瀧 明日香,2025-11-14,2025-11-18,20,若松,一般,１　２６５２６　２６,2025-05-04,2025-05-09,20,若松,一般,５　１４４５２２２,2024-04-16,2024-04-21,20,若松,一般,２１３４３５１　５５４１,2022-06-28,2022-07-01,20,若松,一般,４６３３５１３１,2019-07-28,2019-08-02,20,若松,一般,１　１１５２３５４５４４,4085,荻野 裕介,2026-05-15,2026-05-20,20,若松,一般,５６２　４６１　６　４,2025-01-26,2025-01-30,20,若松,一般,３　　　４５,2024-07-20,2024-07-26,20,若松,一般,６６２　６　１６５　４　３,2024-01-30,2024-02-02,20,若松,一般,３　４３６３５,2021-07-23,2021-07-27,20,若松,一般,６　３４１５５４６２,4816,村松 修二,2025-02-09,2025-02-12,20,若松,一般,４６５６１　６,2024-09-10,2024-09-14,20,若松,一般,３３１　１４６３４１,2024-01-30,2024-02-02,20,若松,一般,１１２４２１[１],2022-05-14,2022-05-18,20,若松,一般,３６６３１１１　１４,2022-03-25,2022-03-29,20,若松,一般,１６１５５１１２[１],4484,稲生 夏季,2025-06-19,2025-06-24,20,若松,ＧⅢ,１１４　４　３４３５２２,2023-05-11,2023-05-16,20,若松,一般,５４４　２　３３４３３２,2022-05-23,2022-05-29,20,若松,一般,４　３６４３５　２　５４,2019-06-17,2019-06-22,20,若松,一般,４　４４３６５　１５３,2017-01-26,2017-01-30,20,若松,一般,５６５　６５５　６
202609132012,2026-09-13,20,12R,4043,桐本 康臣,2025-09-29,2025-10-04,20,若松,一般,３１１　１３１１３２[３],2025-06-03,2025-06-08,20,若松,一般,４３１４３５１　１２[４],2024-08-06,2024-08-12,20,若松,一般,４６４１６３１　１３３３１１,2024-02-08,2024-02-13,20,若松,一般,１５２　２４１１１１[５],2023-12-03,2023-12-09,20,若松,一般,５６１１１　３１４１４３３１,4273,佐藤 旭,2025-10-31,2025-11-05,20,若松,一般,４　３１１　２５１６２６,2024-11-05,2024-11-10,20,若松,一般,３５１　３３４２１６３４,2024-05-07,2024-05-13,20,若松,一般,１　５４３５３５１６４　１２,2024-03-11,2024-03-14,20,若松,一般,１１１６３２[４],2021-10-01,2021-10-06,20,若松,ＧⅢ,５１６　４４３　２４１２,4230,濱崎 直矢,2025-03-12,2025-03-15,20,若松,一般,１６１６１６３６,2024-12-12,2024-12-15,20,若松,一般,１６１　３２[６],2024-04-16,2024-04-21,20,若松,一般,５　１２２　５６１　３,2022-09-07,2022-09-13,20,若松,一般,６１３　６６２　２　３５６５,2019-10-12,2019-10-17,20,若松,ＧⅠ,３　６　４１３６６　４６,5085,中村 栄治,2026-01-08,2026-01-13,20,若松,一般,５　３４２３３４１,2021-01-10,2021-01-15,20,若松,一般,５F６　３　５　６　４,2020-11-21,2020-11-25,20,若松,一般,３５６　３５６　６,,,,,,,,,,,,,5014,梶山 涼斗,2026-03-10,2026-03-15,20,若松,ＧⅢ,３３６　４２１　２４４,2025-05-23,2025-05-26,20,若松,一般,１２５４５５５５,2024-09-02,2024-09-08,20,若松,一般,３　５２４　３４５６１　２２,2024-02-08,2024-02-13,20,若松,一般,３４４　４　１５４６３４,2021-06-23,2021-06-28,20,若松,一般,１　６６４　４３４　４２,5033,藤原 孝斗,2024-07-11,2024-07-16,20,若松,一般,３　３６３４６　３５４４,2023-02-21,2023-02-24,20,若松,一般,６　４５１　３３,,,,,,,,,,,,,,,,,,
202609132101,2026-09-13,21,01R,4389,伊藤 喜智,2026-03-12,2026-03-17,21,芦屋,一般,５　３５４６４　２　１４,2025-04-23,2025-04-27,21,芦屋,一般,５　５１２２３５３６,2024-11-05,2024-11-10,21,芦屋,一般,３　５５３５５　４　４３,2024-09-05,2024-09-10,21,芦屋,一般,２３５　２２４４６　２２,2024-05-09,2024-05-12,21,芦屋,一般,５３４　２６６,4638,小林 遼太,2026-04-25,2026-04-30,21,芦屋,一般,５　６４２２２　６　３６,2025-08-16,2025-08-21,21,芦屋,一般,５　５１３　１６６４４,2025-03-22,2025-03-27,21,芦屋,一般,４　２１２６４　４６６５,2024-02-15,2024-02-18,21,芦屋,一般,３　３４３３２６,2023-10-09,2023-10-14,21,芦屋,一般,２５５　４４１　５　６２,4443,津田 裕絵,2026-05-06,2026-05-10,21,芦屋,一般,６　２１３５４２４１,2026-03-12,2026-03-17,21,芦屋,一般,５　５４６２３１４　１１,2024-09-05,2024-09-10,21,芦屋,一般,２２３　２３６５３　１２,2024-02-22,2024-02-26,21,芦屋,一般,２６３　６６５　５,2023-11-09,2023-11-14,21,芦屋,ＧⅢ,５　５４３２１４４３２５,3357,福島 陽子,2025-11-29,2025-12-04,21,芦屋,一般,６　２６３　２４３　５５,2025-05-25,2025-05-30,21,芦屋,ＧⅢ,６　４３５　４３２　５２,2025-01-11,2025-01-16,21,芦屋,ＧⅢ,６５５　６６３　２６５,2024-07-02,2024-07-07,21,芦屋,一般,４　５６６　５６３　６６,2023-11-09,2023-11-14,21,芦屋,ＧⅢ,６３３　４６,5469,,,,,,,,,,,,,,,,,,,,,,,,,,,,,,,,5082,一色 凌雅,2025-12-09,2025-12-13,21,芦屋,一般,５３転　５４４　４５,2025-03-31,2025-04-03,21,芦屋,一般,５２３　２５４３,,,,,,,,,,,,,,,,,,
202609132102,2026-09-13,21,02R,4261,岡 祐臣,2024-07-02,2024-07-07,21,芦屋,一般,１　１１２６１１４２[４],2024-03-11,2024-03-17,21,芦屋,一般,２６６　２６１５４６,2023-06-25,2023-06-30,21,芦屋,一般,３１４４１６４３６１[３],2020-04-22,2020-04-26,21,芦屋,一般,３５２２３１３６１４,2017-03-04,2017-03-08,21,芦屋,一般,２６４１１３２５１２,5317,長尾 萌加,2025-04-23,2025-04-27,21,芦屋,一般,６　６４３　４６５４,2024-09-18,2024-09-23,21,芦屋,一般,３５３　６６２　５　４４,,,,,,,,,,,,,,,,,,,4966,田川 大貴,2025-09-25,2025-09-30,21,芦屋,一般,１　６６４１６　２１４４,2025-06-15,2025-06-20,21,芦屋,ＧⅢ,２６１　３５４　３５４,2024-05-19,2024-05-23,21,芦屋,一般,４４６　３５６　１２,2023-03-09,2023-03-14,21,芦屋,一般,４　３６５２２　５２４３,2022-04-01,2022-04-05,21,芦屋,一般,４　４４２３３３４２,3473,石川 真二,2025-11-09,2025-11-14,21,芦屋,一般,１２２２２　３６２２[６],2025-03-14,2025-03-18,21,芦屋,一般,２１３２２　２４２２,2024-12-14,2024-12-19,21,芦屋,ＧⅢ,３３５　１５３３３５５１,2024-09-05,2024-09-10,21,芦屋,一般,４　１４２３２２２５２５,2024-06-21,2024-06-26,21,芦屋,一般,５１１２４１３２２２[５],4408,仁科 さやか,2021-06-29,2021-07-04,21,芦屋,一般,５　５６６　６６４４６,2016-12-25,2016-12-28,21,芦屋,一般,３　５６エ欠,2014-09-11,2014-09-16,21,芦屋,ＧⅢ,４６３　４６６２４　５５,2014-03-27,2014-03-31,21,芦屋,一般,５　４２５　５１１,2013-10-05,2013-10-11,21,芦屋,ＧⅢ,４　３４１　６１５　２３,4840,鈴木 秀茉,2026-03-26,2026-03-31,21,芦屋,ＧⅢ,２２３　６　６５６５５,2024-10-25,2024-10-30,21,芦屋,一般,６　３５５　５６４　１３,2023-07-26,2023-07-31,21,芦屋,一般,２２３　３６２　５６３５,,,,,,,,,,,,
202609132103,2026-09-13,21,03R,4861,田中 宏樹,2026-06-15,2026-06-20,21,芦屋,一般,３２４１６　３３４６３４,2026-04-25,2026-04-30,21,芦屋,一般,５１３　３６４　５６２,2026-03-26,2026-03-31,21,芦屋,ＧⅢ,４４３　２１５　５３１２,2025-08-30,2025-09-04,21,芦屋,一般,６３５　６６１　２　２２,2024-10-12,2024-10-16,21,芦屋,一般,６　６３５１２　２５,4594,谷川 祐一,2026-06-25,2026-06-29,21,芦屋,一般,１２２１２　２２[５],2025-11-09,2025-11-14,21,芦屋,一般,４　４５１３４３４　１１,2022-06-17,2022-06-22,21,芦屋,一般,１　２３６　２４４４２２,2021-12-15,2021-12-19,21,芦屋,一般,１２４２１１４４２５,2020-05-19,2020-05-23,21,芦屋,一般,４１４４１　２５１４,4848,仲谷 颯仁,2026-05-15,2026-05-20,21,芦屋,ＧⅠ,１３２　５　５５２　４４,2026-01-12,2026-01-17,21,芦屋,ＧⅠ,５４１　１　５４４４２,2025-12-29,2026-01-03,21,芦屋,一般,４２２１１　１F転,2024-12-29,2025-01-03,21,芦屋,一般,４４１　１２１１６１[２],2024-08-10,2024-08-15,21,芦屋,一般,１２４２４１３　１５５１,3998,冨成 謙児,2026-06-15,2026-06-20,21,芦屋,一般,４　４６３２６２５　５４,2024-11-05,2024-11-10,21,芦屋,一般,３５４　４２６　３　３４,2024-10-12,2024-10-16,21,芦屋,一般,２　６１４３１６５６,2024-08-24,2024-08-29,21,芦屋,一般,２　５５３　５６４,2024-04-19,2024-04-24,21,芦屋,一般,２　５５５　２４１　５２,4330,奈須 啓太,2026-02-21,2026-02-26,21,芦屋,一般,３４５　５２１６１　２２,2025-08-30,2025-09-04,21,芦屋,一般,２２１２５　１３６５６２,2025-05-01,2025-05-06,21,芦屋,一般,６　４１５　１３４１３１,2025-02-14,2025-02-17,21,芦屋,一般,４　２１３３３６,2025-02-04,2025-02-09,21,芦屋,一般,５　３１４１３２４１[１],5457,,,,,,,,,,,,,,,,,,,,,,,,,,,,,,,
202609132104,2026-09-13,21,04R,4137,君島 秀三,2026-04-03,2026-04-07,21,芦屋,一般,２　１６１４１３２１,2025-07-01,2025-07-06,21,芦屋,一般,１４２２１１６　１２[３],2024-10-19,2024-10-22,21,芦屋,一般,１６１４１３３１,2024-04-11,2024-04-16,21,芦屋,一般,１６２５１　１４２６１６,2023-07-16,2023-07-21,21,芦屋,一般,２　１１３５１１２１[２],4092,岡部 大輔,2025-05-11,2025-05-16,21,芦屋,一般,５　５３５　２１４６４,2024-10-12,2024-10-16,21,芦屋,一般,１３１５６　２６５３,2024-03-01,2024-03-06,21,芦屋,一般,５５１６６２１　４１１,2023-10-31,2023-11-05,21,芦屋,一般,２６３　１６５２２６１４,2023-05-12,2023-05-16,21,芦屋,一般,２３５,4437,中田 元泰,2025-09-10,2025-09-15,21,芦屋,一般,４２２１１３５　１１[２],2024-01-09,2024-01-14,21,芦屋,ＧⅢ,５２４　５２１１３３４３,2023-06-16,2023-06-21,21,芦屋,一般,４１３３１　３６５６５５,2023-02-19,2023-02-24,21,芦屋,一般,落欠,2022-12-25,2022-12-28,21,芦屋,一般,１２３１１１[５],5208,屋良 龍紀,2026-02-21,2026-02-26,21,芦屋,一般,５　３２２　４６４４４５,2024-11-16,2024-11-20,21,芦屋,一般,６２２３４　２３４３,2024-08-24,2024-08-29,21,芦屋,一般,６６５　５６３　４,2024-04-28,2024-05-03,21,芦屋,一般,６６６　４４６　６５５,2023-09-28,2023-10-03,21,芦屋,一般,　　　　　　　　　　６６,4793,金子 萌,2025-11-01,2025-11-05,21,芦屋,一般,４６３　１１５２[５],2025-05-11,2025-05-16,21,芦屋,一般,４　４６２４１１１５５２,2023-04-18,2023-04-21,21,芦屋,一般,５６２４３　６２,2022-01-21,2022-01-26,21,芦屋,ＧⅠ,２　２６１　３　６　３４,2019-12-06,2019-12-10,21,芦屋,一般,４　４６４３４　２２,4384,鶴本 崇文,2025-09-10,2025-09-15,21,芦屋,一般,１　２５１２不３３３１３,2025-04-23,2025-04-27,21,芦屋,一般,１２３３２　３２[２],2023-09-07,2023-09-11,21,芦屋,一般,３　５４１１３５１４,2022-04-01,2022-04-05,21,芦屋,一般,１４３　５２２２[１],2020-05-10,2020-05-15,21,芦屋,ＧⅠ,５　５　４４１　２５３６
202609132105,2026-09-13,21,05R,4771,下寺 秀和,2025-11-01,2025-11-05,21,芦屋,一般,２５４１１　２２[６],2024-11-16,2024-11-20,21,芦屋,一般,４３４３１　１６１２,2024-04-19,2024-04-24,21,芦屋,一般,１４１　５２１４４６６４,2023-12-06,2023-12-11,21,芦屋,ＧⅠ,　　　　　　５５４　５,2023-08-26,2023-08-31,21,芦屋,一般,１３２４３１１　１１[５],4675,井手 良太,2024-03-23,2024-03-27,21,芦屋,一般,２３５　６５４　３３,2022-05-19,2022-05-24,21,芦屋,一般,６６４　５４６　６６２,2020-09-06,2020-09-11,21,芦屋,一般,６　２５５　２５１５,2017-09-23,2017-09-28,21,芦屋,ＧⅢ,４　５５６　３５３　２４,2015-11-13,2015-11-17,21,芦屋,一般,６　４５５　４５４３,3873,別府 昌樹,2025-11-18,2025-11-24,21,芦屋,一般,４　２５４４４６５　３　１２,2025-01-23,2025-01-28,21,芦屋,一般,２１１３１　３３４１[４],2024-10-12,2024-10-16,21,芦屋,一般,２２３　２６３　５,2024-01-20,2024-01-24,21,芦屋,一般,５４１４１　２５４３,2023-10-21,2023-10-25,21,芦屋,一般,５４４６５　４　１,4850,野中 一平,2024-02-15,2024-02-18,21,芦屋,一般,１４３５１２[６],2020-12-21,2020-12-26,21,芦屋,一般,２２１２１１１１１１[１],2020-02-10,2020-02-15,21,芦屋,一般,１６１４２４３３１４１６,2018-09-06,2018-09-09,21,芦屋,一般,１１１１４１[１],2018-05-17,2018-05-22,21,芦屋,一般,６　５２３　３６３　６１,5383,,,,,,,,,,,,,,,,,,,,,,,,,,,,,,,,4812,西野 雄貴,2026-03-12,2026-03-17,21,芦屋,一般,１４１１３３１　４１[２],2025-09-10,2025-09-15,21,芦屋,一般,１３１２１２２　２１[１],2025-02-22,2025-02-27,21,芦屋,一般,３　４３６３２６２　４,2024-07-25,2024-07-28,21,芦屋,一般,２１２　２１[１],2022-06-28,2022-07-03,21,芦屋,ＧⅡ,３１４　６２１　２５５
202609132106,2026-09-13,21,06R,4408,仁科 さやか,2021-06-29,2021-07-04,21,芦屋,一般,５　５６６　６６４４６,2016-12-25,2016-12-28,21,芦屋,一般,３　５６エ欠,2014-09-11,2014-09-16,21,芦屋,ＧⅢ,４６３　４６６２４　５５,2014-03-27,2014-03-31,21,芦屋,一般,５　４２５　５１１,2013-10-05,2013-10-11,21,芦屋,ＧⅢ,４　３４１　６１５　２３,3509,池 千夏,2026-05-06,2026-05-10,21,芦屋,一般,５　４６３６６４６,2025-05-25,2025-05-30,21,芦屋,ＧⅢ,６　５６５　５６６　２２,2025-01-11,2025-01-16,21,芦屋,ＧⅢ,４　５５２　６転,2021-02-06,2021-02-10,21,芦屋,一般,４５５　６６５　４４,2020-06-06,2020-06-09,21,芦屋,一般,４４５　６６４,4744,伊藤 玲奈,2024-07-25,2024-07-28,21,芦屋,一般,６　６６,2024-05-09,2024-05-12,21,芦屋,一般,４６４　５３４,2023-11-09,2023-11-14,21,芦屋,ＧⅢ,６６４　５３５３４　４５,2022-04-08,2022-04-13,21,芦屋,一般,４　２５２　５５４　２F,2019-10-01,2019-10-06,21,芦屋,一般,６　４４５　３５６　５６,4443,津田 裕絵,2026-05-06,2026-05-10,21,芦屋,一般,６　２１３５４２４１,2026-03-12,2026-03-17,21,芦屋,一般,５　５４６２３１４　１１,2024-09-05,2024-09-10,21,芦屋,一般,２２３　２３６５３　１２,2024-02-22,2024-02-26,21,芦屋,一般,２６３　６６５　５,2023-11-09,2023-11-14,21,芦屋,ＧⅢ,５　５４３２１４４３２５,5317,長尾 萌加,2025-04-23,2025-04-27,21,芦屋,一般,６　６４３　４６５４,2024-09-18,2024-09-23,21,芦屋,一般,３５３　６６２　５　４４,,,,,,,,,,,,,,,,,,,5447,,,,,,,,,,,,,,,,,,,,,,,,,,,,,,,
202609132107,2026-09-13,21,07R,4853,前原 哉,2026-02-21,2026-02-26,21,芦屋,一般,５３３　６６５　４６６,2025-01-11,2025-01-16,21,芦屋,ＧⅢ,５　３５４　５４６　３１,2023-01-10,2023-01-15,21,芦屋,一般,５４４　２３６　４３６２,2021-08-25,2021-08-30,21,芦屋,一般,５　２５５１４３６４,2020-12-07,2020-12-12,21,芦屋,一般,転４６　５３４　妨６５,3357,福島 陽子,2025-11-29,2025-12-04,21,芦屋,一般,６　２６３　２４３　５５,2025-05-25,2025-05-30,21,芦屋,ＧⅢ,６　４３５　４３２　５２,2025-01-11,2025-01-16,21,芦屋,ＧⅢ,６５５　６６３　２６５,2024-07-02,2024-07-07,21,芦屋,一般,４　５６６　５６３　６６,2023-11-09,2023-11-14,21,芦屋,ＧⅢ,６３３　４６,4521,小池 公生,2025-10-23,2025-10-28,21,芦屋,一般,２　２２２５４,2025-05-01,2025-05-06,21,芦屋,一般,４３１　３４６３２５３,2025-03-22,2025-03-27,21,芦屋,一般,F　３　５６３　４　６６,2024-10-25,2024-10-30,21,芦屋,一般,　　　　　　　　　　２５,2024-08-10,2024-08-15,21,芦屋,一般,２　３２３　４３６５２３,3843,上之 晃弘,2025-11-18,2025-11-24,21,芦屋,一般,３　３３５　４５３　１１４５,2024-06-04,2024-06-09,21,芦屋,ＧⅢ,６　６１６３３６５　５３,2024-03-01,2024-03-06,21,芦屋,一般,３３１２２６５　６５３６,2023-09-28,2023-10-03,21,芦屋,一般,４５５　３４２５,2022-05-07,2022-05-12,21,芦屋,一般,１　３６３　２２４６２５,4594,谷川 祐一,2026-06-25,2026-06-29,21,芦屋,一般,１２２１２　２２[５],2025-11-09,2025-11-14,21,芦屋,一般,４　４５１３４３４　１１,2022-06-17,2022-06-22,21,芦屋,一般,１　２３６　２４４４２２,2021-12-15,2021-12-19,21,芦屋,一般,１２４２１１４４２５,2020-05-19,2020-05-23,21,芦屋,一般,４１４４１　２５１４,4652,酒見 峻介,2025-01-23,2025-01-28,21,芦屋,一般,１６５　１４１３１４１３,2024-11-05,2024-11-10,21,芦屋,一般,３　４２１３２２２３３１,2023-04-01,2023-04-06,21,芦屋,一般,１２５　２６４　５１１１,2022-03-21,2022-03-25,21,芦屋,一般,５　１２４３１４１４,2020-10-09,2020-10-12,21,芦屋,一般,４　４４３　２３
202609132108,2026-09-13,21,08R,4020,川上 清人,2025-11-18,2025-11-24,21,芦屋,一般,５　６２５　６５３　５４３,2022-12-10,2022-12-14,21,芦屋,一般,３５３　４６５　６,2022-10-11,2022-10-16,21,芦屋,一般,４　５４６　６２６　２３,2020-08-05,2020-08-10,21,芦屋,一般,５　４４４３３４１　５４,2020-03-24,2020-03-27,21,芦屋,一般,１　５２５２[L],3541,三嶌 誠司,2026-05-06,2026-05-10,21,芦屋,一般,１４１２１２４２２１,2024-06-21,2024-06-26,21,芦屋,一般,３４１１４３２１１３２１,2023-09-07,2023-09-11,21,芦屋,一般,５１１　３６２４１５,2023-04-18,2023-04-21,21,芦屋,一般,１　５５２５１２,2022-11-08,2022-11-13,21,芦屋,一般,３３１５６２１２１３３１,5143,常盤 海心,2026-06-03,2026-06-08,21,芦屋,一般,４　２３４　４６４４２,2025-04-23,2025-04-27,21,芦屋,一般,１４４　３４４　５３,2025-03-22,2025-03-27,21,芦屋,一般,６　５６６　４５６　２３,2024-12-04,2024-12-08,21,芦屋,一般,４　５３１　３６６２,,,,,,,4384,鶴本 崇文,2025-09-10,2025-09-15,21,芦屋,一般,１　２５１２不３３３１３,2025-04-23,2025-04-27,21,芦屋,一般,１２３３２　３２[２],2023-09-07,2023-09-11,21,芦屋,一般,３　５４１１３５１４,2022-04-01,2022-04-05,21,芦屋,一般,１４３　５２２２[１],2020-05-10,2020-05-15,21,芦屋,ＧⅠ,５　５　４４１　２５３６,4840,鈴木 秀茉,2026-03-26,2026-03-31,21,芦屋,ＧⅢ,２２３　６　６５６５５,2024-10-25,2024-10-30,21,芦屋,一般,６　３５５　５６４　１３,2023-07-26,2023-07-31,21,芦屋,一般,２２３　３６２　５６３５,,,,,,,,,,,,,3837,秋山 広一,2025-11-01,2025-11-05,21,芦屋,一般,３　３４３１１１[３],2024-07-14,2024-07-19,21,芦屋,一般,３５１２２５２　１１[５],2024-01-20,2024-01-24,21,芦屋,一般,１５４２１２１４１１,2023-02-28,2023-03-05,21,芦屋,ＧⅠ,６　２４４１２　転　５２,2022-11-08,2022-11-13,21,芦屋,一般,１　３４３４２６１４１２
202609132109,2026-09-13,21,09R,5160,藤森 陸斗,2025-08-30,2025-09-04,21,芦屋,一般,５　３６６　５５４　３３,2025-05-01,2025-05-06,21,芦屋,一般,３１２　１２２１４１[５],2025-03-03,2025-03-08,21,芦屋,一般,６　５１２　４１２６５３,2024-11-23,2024-11-28,21,芦屋,一般,６２３５３　１　３３６３,2023-10-21,2023-10-25,21,芦屋,一般,１４５　５５５　４６,5261,岡 暢祐,2025-11-09,2025-11-14,21,芦屋,一般,５６６　５　３５１　６５,2025-03-14,2025-03-18,21,芦屋,一般,６　２４４５４　５４,2023-12-16,2023-12-21,21,芦屋,一般,６　５６５　６６４　６６,2023-02-19,2023-02-24,21,芦屋,一般,F６６　６　５　５５６,,,,,,,5208,屋良 龍紀,2026-02-21,2026-02-26,21,芦屋,一般,５　３２２　４６４４４５,2024-11-16,2024-11-20,21,芦屋,一般,６２２３４　２３４３,2024-08-24,2024-08-29,21,芦屋,一般,６６５　５６３　４,2024-04-28,2024-05-03,21,芦屋,一般,６６６　４４６　６５５,2023-09-28,2023-10-03,21,芦屋,一般,　　　　　　　　　　６６,4834,浜本 裕己,2026-04-03,2026-04-07,21,芦屋,一般,４　３２４６４　４１,2025-03-14,2025-03-18,21,芦屋,一般,３　５３６５５　５１,2024-11-05,2024-11-10,21,芦屋,一般,２４４　２５６　６３１,2023-05-05,2023-05-09,21,芦屋,一般,１４１　３６２６３５,2021-04-17,2021-04-21,21,芦屋,一般,３３５４６　３５２,4966,田川 大貴,2025-09-25,2025-09-30,21,芦屋,一般,１　６６４１６　２１４４,2025-06-15,2025-06-20,21,芦屋,ＧⅢ,２６１　３５４　３５４,2024-05-19,2024-05-23,21,芦屋,一般,４４６　３５６　１２,2023-03-09,2023-03-14,21,芦屋,一般,４　３６５２２　５２４３,2022-04-01,2022-04-05,21,芦屋,一般,４　４４２３３３４２,3473,石川 真二,2025-11-09,2025-11-14,21,芦屋,一般,１２２２２　３６２２[６],2025-03-14,2025-03-18,21,芦屋,一般,２１３２２　２４２２,2024-12-14,2024-12-19,21,芦屋,ＧⅢ,３３５　１５３３３５５１,2024-09-05,2024-09-10,21,芦屋,一般,４　１４２３２２２５２５,2024-06-21,2024-06-26,21,芦屋,一般,５１１２４１３２２２[５]
202609132110,2026-09-13,21,10R,4330,奈須 啓太,2026-02-21,2026-02-26,21,芦屋,一般,３４５　５２１６１　２２,2025-08-30,2025-09-04,21,芦屋,一般,２２１２５　１３６５６２,2025-05-01,2025-05-06,21,芦屋,一般,６　４１５　１３４１３１,2025-02-14,2025-02-17,21,芦屋,一般,４　２１３３３６,2025-02-04,2025-02-09,21,芦屋,一般,５　３１４１３２４１[１],3873,別府 昌樹,2025-11-18,2025-11-24,21,芦屋,一般,４　２５４４４６５　３　１２,2025-01-23,2025-01-28,21,芦屋,一般,２１１３１　３３４１[４],2024-10-12,2024-10-16,21,芦屋,一般,２２３　２６３　５,2024-01-20,2024-01-24,21,芦屋,一般,５４１４１　２５４３,2023-10-21,2023-10-25,21,芦屋,一般,５４４６５　４　１,4675,井手 良太,2024-03-23,2024-03-27,21,芦屋,一般,２３５　６５４　３３,2022-05-19,2022-05-24,21,芦屋,一般,６６４　５４６　６６２,2020-09-06,2020-09-11,21,芦屋,一般,６　２５５　２５１５,2017-09-23,2017-09-28,21,芦屋,ＧⅢ,４　５５６　３５３　２４,2015-11-13,2015-11-17,21,芦屋,一般,６　４５５　４５４３,4261,岡 祐臣,2024-07-02,2024-07-07,21,芦屋,一般,１　１１２６１１４２[４],2024-03-11,2024-03-17,21,芦屋,一般,２６６　２６１５４６,2023-06-25,2023-06-30,21,芦屋,一般,３１４４１６４３６１[３],2020-04-22,2020-04-26,21,芦屋,一般,３５２２３１３６１４,2017-03-04,2017-03-08,21,芦屋,一般,２６４１１３２５１２,4638,小林 遼太,2026-04-25,2026-04-30,21,芦屋,一般,５　６４２２２　６　３６,2025-08-16,2025-08-21,21,芦屋,一般,５　５１３　１６６４４,2025-03-22,2025-03-27,21,芦屋,一般,４　２１２６４　４６６５,2024-02-15,2024-02-18,21,芦屋,一般,３　３４３３２６,2023-10-09,2023-10-14,21,芦屋,一般,２５５　４４１　５　６２,4092,岡部 大輔,2025-05-11,2025-05-16,21,芦屋,一般,５　５３５　２１４６４,2024-10-12,2024-10-16,21,芦屋,一般,１３１５６　２６５３,2024-03-01,2024-03-06,21,芦屋,一般,５５１６６２１　４１１,2023-10-31,2023-11-05,21,芦屋,一般,２６３　１６５２２６１４,2023-05-12,2023-05-16,21,芦屋,一般,２３５
202609132111,2026-09-13,21,11R,4848,仲谷 颯仁,2026-05-15,2026-05-20,21,芦屋,ＧⅠ,１３２　５　５５２　４４,2026-01-12,2026-01-17,21,芦屋,ＧⅠ,５４１　１　５４４４２,2025-12-29,2026-01-03,21,芦屋,一般,４２２１１　１F転,2024-12-29,2025-01-03,21,芦屋,一般,４４１　１２１１６１[２],2024-08-10,2024-08-15,21,芦屋,一般,１２４２４１３　１５５１,4771,下寺 秀和,2025-11-01,2025-11-05,21,芦屋,一般,２５４１１　２２[６],2024-11-16,2024-11-20,21,芦屋,一般,４３４３１　１６１２,2024-04-19,2024-04-24,21,芦屋,一般,１４１　５２１４４６６４,2023-12-06,2023-12-11,21,芦屋,ＧⅠ,　　　　　　５５４　５,2023-08-26,2023-08-31,21,芦屋,一般,１３２４３１１　１１[５],4850,野中 一平,2024-02-15,2024-02-18,21,芦屋,一般,１４３５１２[６],2020-12-21,2020-12-26,21,芦屋,一般,２２１２１１１１１１[１],2020-02-10,2020-02-15,21,芦屋,一般,１６１４２４３３１４１６,2018-09-06,2018-09-09,21,芦屋,一般,１１１１４１[１],2018-05-17,2018-05-22,21,芦屋,一般,６　５２３　３６３　６１,4793,金子 萌,2025-11-01,2025-11-05,21,芦屋,一般,４６３　１１５２[５],2025-05-11,2025-05-16,21,芦屋,一般,４　４６２４１１１５５２,2023-04-18,2023-04-21,21,芦屋,一般,５６２４３　６２,2022-01-21,2022-01-26,21,芦屋,ＧⅠ,２　２６１　３　６　３４,2019-12-06,2019-12-10,21,芦屋,一般,４　４６４３４　２２,4861,田中 宏樹,2026-06-15,2026-06-20,21,芦屋,一般,３２４１６　３３４６３４,2026-04-25,2026-04-30,21,芦屋,一般,５１３　３６４　５６２,2026-03-26,2026-03-31,21,芦屋,ＧⅢ,４４３　２１５　５３１２,2025-08-30,2025-09-04,21,芦屋,一般,６３５　６６１　２　２２,2024-10-12,2024-10-16,21,芦屋,一般,６　６３５１２　２５,4521,小池 公生,2025-10-23,2025-10-28,21,芦屋,一般,２　２２２５４,2025-05-01,2025-05-06,21,芦屋,一般,４３１　３４６３２５３,2025-03-22,2025-03-27,21,芦屋,一般,F　３　５６３　４　６６,2024-10-25,2024-10-30,21,芦屋,一般,　　　　　　　　　　２５,2024-08-10,2024-08-15,21,芦屋,一般,２　３２３　４３６５２３
202609132112,2026-09-13,21,12R,4812,西野 雄貴,2026-03-12,2026-03-17,21,芦屋,一般,１４１１３３１　４１[２],2025-09-10,2025-09-15,21,芦屋,一般,１３１２１２２　２１[１],2025-02-22,2025-02-27,21,芦屋,一般,３　４３６３２６２　４,2024-07-25,2024-07-28,21,芦屋,一般,２１２　２１[１],2022-06-28,2022-07-03,21,芦屋,ＧⅡ,３１４　６２１　２５５,4137,君島 秀三,2026-04-03,2026-04-07,21,芦屋,一般,２　１６１４１３２１,2025-07-01,2025-07-06,21,芦屋,一般,１４２２１１６　１２[３],2024-10-19,2024-10-22,21,芦屋,一般,１６１４１３３１,2024-04-11,2024-04-16,21,芦屋,一般,１６２５１　１４２６１６,2023-07-16,2023-07-21,21,芦屋,一般,２　１１３５１１２１[２],3837,秋山 広一,2025-11-01,2025-11-05,21,芦屋,一般,３　３４３１１１[３],2024-07-14,2024-07-19,21,芦屋,一般,３５１２２５２　１１[５],2024-01-20,2024-01-24,21,芦屋,一般,１５４２１２１４１１,2023-02-28,2023-03-05,21,芦屋,ＧⅠ,６　２４４１２　転　５２,2022-11-08,2022-11-13,21,芦屋,一般,１　３４３４２６１４１２,3541,三嶌 誠司,2026-05-06,2026-05-10,21,芦屋,一般,１４１２１２４２２１,2024-06-21,2024-06-26,21,芦屋,一般,３４１１４３２１１３２１,2023-09-07,2023-09-11,21,芦屋,一般,５１１　３６２４１５,2023-04-18,2023-04-21,21,芦屋,一般,１　５５２５１２,2022-11-08,2022-11-13,21,芦屋,一般,３３１５６２１２１３３１,4437,中田 元泰,2025-09-10,2025-09-15,21,芦屋,一般,４２２１１３５　１１[２],2024-01-09,2024-01-14,21,芦屋,ＧⅢ,５２４　５２１１３３４３,2023-06-16,2023-06-21,21,芦屋,一般,４１３３１　３６５６５５,2023-02-19,2023-02-24,21,芦屋,一般,落欠,2022-12-25,2022-12-28,21,芦屋,一般,１２３１１１[５],4389,伊藤 喜智,2026-03-12,2026-03-17,21,芦屋,一般,５　３５４６４　２　１４,2025-04-23,2025-04-27,21,芦屋,一般,５　５１２２３５３６,2024-11-05,2024-11-10,21,芦屋,一般,３　５５３５５　４　４３,2024-09-05,2024-09-10,21,芦屋,一般,２３５　２２４４６　２２,2024-05-09,2024-05-12,21,芦屋,一般,５３４　２６６
202609132201,2026-09-13,22,01R,5018,竹下 大樹,2026-08-12,2026-08-17,22,福岡,一般,３２１３２　４１１４１２,2026-07-19,2026-07-24,22,福岡,ＧⅢ,２３転　５３３　１３２３,2026-04-29,2026-05-04,22,福岡,一般,１５３２２５１　３２[２],2026-04-11,2026-04-16,22,福岡,ＧⅠ,１　３４５　３　１４６１,2026-03-10,2026-03-15,22,福岡,一般,１４３１３　１２１２[６],4248,岡本 大,2026-05-08,2026-05-13,22,福岡,一般,４　３２４５３　２　３６,2025-10-28,2025-11-02,22,福岡,一般,５　５４６　６５４　３５,2024-07-13,2024-07-18,22,福岡,一般,５３６　５５２　３　３４,2023-12-01,2023-12-06,22,福岡,ＧⅢ,５　３３６　５１,2022-12-01,2022-12-06,22,福岡,ＧⅢ,２１６３５　５　６４５６,5386,米玉利 大悟,2026-06-22,2026-06-27,22,福岡,一般,２　５６５５５　５５６４,,,,,,,,,,,,,,,,,,,,,,,,,3696,白井 友晴,2024-05-14,2024-05-19,22,福岡,一般,１２１　６３転６２２１５,2023-10-22,2023-10-27,22,福岡,一般,４４２　４２４　３５４２,2019-11-19,2019-11-24,22,福岡,一般,２　５３１　５４３３５１,2019-05-11,2019-05-16,22,福岡,一般,１４２　３４２４１３４４,2018-07-08,2018-07-11,22,福岡,一般,６３３　２３,5404,,,,,,,,,,,,,,,,,,,,,,,,,,,,,,,,4813,宮内 直哉,2025-06-08,2025-06-13,22,福岡,一般,４５１　４２４　４４５５,2023-12-01,2023-12-06,22,福岡,ＧⅢ,５　２１４　３２１５６６,2022-11-03,2022-11-08,22,福岡,一般,２　４５１　３５２３６５,2018-11-23,2018-11-28,22,福岡,一般,転６６　１４２　３２４,2017-09-23,2017-09-28,22,福岡,一般,６１５　６６１　６　６１
202609132202,2026-09-13,22,02R,4693,松下 誉士,2026-04-20,2026-04-25,22,福岡,一般,６　１２４　２６２　２６,2025-10-28,2025-11-02,22,福岡,一般,５５３　３６５　２　４３,2025-01-03,2025-01-09,22,福岡,一般,５４５　６４２　２　３３４３,2024-09-15,2024-09-20,22,福岡,一般,　　　　　　　　　　６５,2024-07-02,2024-07-07,22,福岡,一般,２落,4592,小林 孝弘,2026-06-22,2026-06-27,22,福岡,一般,６　２２５４３　３２３３,2025-12-25,2025-12-30,22,福岡,一般,１６３　４５２６３６２１,2025-08-21,2025-08-26,22,福岡,一般,３６３　６　６４６　５２,2025-06-08,2025-06-13,22,福岡,一般,２　５５４　４１３　５３,2025-01-14,2025-01-19,22,福岡,一般,３６２　５６５３６　６６,4925,森 悠稀,2024-09-06,2024-09-11,22,福岡,ＧⅢ,５　３１３６３　４５３５,2023-12-01,2023-12-06,22,福岡,ＧⅢ,６５６５６６２　６欠,2023-09-09,2023-09-14,22,福岡,一般,３　１２６４４３１５１１,2023-06-14,2023-06-19,22,福岡,一般,２３１　４５２　１２[４],2022-06-11,2022-06-16,22,福岡,ＧⅢ,１　不６４　４　６６２,3712,淺香 文武,2024-11-28,2024-12-03,22,福岡,一般,２６６　２５４　２２２２,2023-07-27,2023-07-31,22,福岡,一般,１　１５５２２２[５],2023-04-25,2023-04-29,22,福岡,一般,１　１２４１１１[６],2017-03-06,2017-03-11,22,福岡,一般,３　１６４５１３２３６２,2016-12-17,2016-12-22,22,福岡,一般,５　１５１１３６１４２４,4630,岩永 雅人,2025-09-21,2025-09-26,22,福岡,ＧⅢ,３２６　５５４２２　５２,2024-05-23,2024-05-28,22,福岡,一般,５６３１２３２　１５３５,2021-12-09,2021-12-13,22,福岡,一般,４３３　２４１５２６,2018-03-04,2018-03-09,22,福岡,一般,３１２５６　２４４５３２,2017-09-16,2017-09-20,22,福岡,一般,１５３　４４３５,5418,,,,,,,,,,,,,,,,,,,,,,,,,,,,,,,
202609132203,2026-09-13,22,03R,5151,山下 奈緒,2026-04-01,2026-04-06,22,福岡,一般,３５３　４　３６４　妨,2025-12-05,2025-12-10,22,福岡,一般,３４４　４５５　４３５５,2024-06-01,2024-06-06,22,福岡,ＧⅢ,６　３１４５３６５　２４,2023-03-07,2023-03-12,22,福岡,ＧⅢ,６６４　３６５　５５６,2022-06-02,2022-06-07,22,福岡,一般,６　６５６　５５５　５３,3863,海老澤 泰行,2026-04-20,2026-04-25,22,福岡,一般,４３４　３　５３３　４欠,2025-12-15,2025-12-20,22,福岡,一般,２　３２４３５２５４４４,2025-06-08,2025-06-13,22,福岡,一般,４　４４３　１５妨３５,2025-03-13,2025-03-18,22,福岡,一般,２６２　４３４１２５１３,2024-11-28,2024-12-03,22,福岡,一般,４６３４２　３１１６２４,4914,吉田 裕平,2025-11-25,2025-11-30,22,福岡,ＳＧ,４　６　６４４　４４４,2024-12-08,2024-12-13,22,福岡,ＧⅠ,１３３　５５１　４　１３,2024-09-06,2024-09-11,22,福岡,ＧⅢ,１４３１２　３１１１[１],2023-12-10,2023-12-15,22,福岡,一般,２１２３１１２５１１[１],2023-10-10,2023-10-15,22,福岡,ＧⅠ,３３３　５４１　３３３３,3297,藤丸 光一,2026-07-29,2026-08-03,22,福岡,一般,２５１　４１６３２２[４],2026-04-20,2026-04-25,22,福岡,一般,１　２３４３４　６５３６,2025-08-11,2025-08-16,22,福岡,一般,５４４　３５２　４６１,2025-03-13,2025-03-18,22,福岡,一般,１４４　３１２５２１[１],2025-01-03,2025-01-09,22,福岡,一般,３６４　５５６　６　２２１,4951,新田 洋一,2026-04-20,2026-04-25,22,福岡,一般,２４１　５５３　５３３２,2025-08-21,2025-08-26,22,福岡,一般,２２５　２５３　３６１４,2025-03-22,2025-03-27,22,福岡,一般,３５１　５３１　３６F４,2021-11-30,2021-12-05,22,福岡,ＧⅢ,４　５４６　６３１６３１,2021-08-31,2021-09-05,22,福岡,一般,６３２　４４４　２妨,5462,,,,,,,,,,,,,,,,,,,,,,,,,,,,,,,
202609132204,2026-09-13,22,04R,3807,岡部 哲,2026-01-26,2026-01-31,22,福岡,一般,５６３　６　５５６　４５,2024-11-28,2024-12-03,22,福岡,一般,５３１　６４６　６１２３,2023-10-31,2023-11-05,22,福岡,一般,４４２５５　４６６４６,2022-11-03,2022-11-08,22,福岡,一般,４３１　６５４２１４３４,2020-09-11,2020-09-16,22,福岡,一般,４　３４３５５　６４２５,4823,中村 桃佳,2022-06-11,2022-06-16,22,福岡,ＧⅢ,５　１１４　２１１　[４],2021-04-24,2021-04-29,22,福岡,一般,４４２６４６１　３　１３,2020-09-30,2020-10-05,22,福岡,一般,５　５１６　１４１　３４,2018-11-11,2018-11-16,22,福岡,一般,２３６４２２４６２　３６,2018-01-12,2018-01-14,22,福岡,一般,３３６　３３,5050,木下 雄介,2025-12-15,2025-12-20,22,福岡,一般,５３３５５　１４１　１F,2023-08-31,2023-09-05,22,福岡,一般,２２６　２３２４２６５６,2020-12-18,2020-12-22,22,福岡,一般,４　５５１　６５４,,,,,,,,,,,,,4948,木場 悠介,2026-01-14,2026-01-19,22,福岡,一般,５６５　２２１６３　５４,2025-09-21,2025-09-26,22,福岡,ＧⅢ,６１５　２４２　２４５５,2025-03-03,2025-03-08,22,福岡,一般,２６４２３　２２１２[６],2024-12-25,2024-12-30,22,福岡,一般,５１４４１　３５３５５３,2024-07-24,2024-07-29,22,福岡,一般,２　５４５５２１２　５２,4059,入澤 友治,2025-10-28,2025-11-02,22,福岡,一般,１２１　１４５５１１[５],2024-08-28,2024-09-03,22,福岡,一般,１６４５４　４２１２,2023-06-03,2023-06-08,22,福岡,一般,３６１　３６２４１５１６,2022-12-10,2022-12-15,22,福岡,一般,５　６３４　２２３２４５,2020-03-14,2020-03-19,22,福岡,一般,４５エ,4856,豊田 健士郎,2025-04-13,2025-04-18,22,福岡,ＧⅠ,５３６　１　５５５　２,2024-11-05,2024-11-10,22,福岡,一般,３２２２４　１４３２[６],2023-03-17,2023-03-22,22,福岡,一般,１１１２１１１２１１[１],2022-11-13,2022-11-18,22,福岡,ＧⅠ,５　５１２　３３３１４,2019-04-04,2019-04-09,22,福岡,一般,１３２　１３３５２３１５
202609132205,2026-09-13,22,05R,5386,米玉利 大悟,2026-06-22,2026-06-27,22,福岡,一般,２　５６５５５　５５６４,,,,,,,,,,,,,,,,,,,,,,,,,4553,坪口 竜也,2025-12-25,2025-12-30,22,福岡,一般,１３３３１　２２１２[６],2025-09-11,2025-09-16,22,福岡,一般,２５５３４　１１１６６４,2025-03-22,2025-03-27,22,福岡,一般,２５３　３１１１４１[２],2025-01-14,2025-01-19,22,福岡,一般,４　転２,2024-06-11,2024-06-16,22,福岡,一般,１４２４３　欠欠,3614,谷 勝幸,2025-10-01,2025-10-06,22,福岡,一般,１　３５５　２５２２１２,2024-07-13,2024-07-18,22,福岡,一般,６５２　４２６　３６６,2023-12-01,2023-12-06,22,福岡,ＧⅢ,４３６　６５５　２５６,2023-03-26,2023-03-31,22,福岡,一般,４　２６２　４４５６５６,2022-11-22,2022-11-27,22,福岡,一般,４３４　４３２　４３２４,4505,島田 賢人,2024-09-24,2024-09-29,22,福岡,一般,１５２３２４３　エ欠,2023-01-14,2023-01-20,22,福岡,一般,２２３　３２１３４２３２[６],2019-10-24,2019-10-27,22,福岡,一般,２３５４３　２１,2019-08-29,2019-09-01,22,福岡,一般,４２４１３５１３,2018-09-06,2018-09-10,22,福岡,一般,５　５６１４３　１,5395,日高 龍之介,2025-10-01,2025-10-06,22,福岡,一般,６５６５５　５　６落６,,,,,,,,,,,,,,,,,,,,,,,,,4475,末永 祐輝,2026-03-22,2026-03-27,22,福岡,一般,１　４５３２１４２３１３,2025-09-01,2025-09-06,22,福岡,一般,１　５２１２４４１１[１],2025-03-22,2025-03-27,22,福岡,一般,４３５　４５欠欠,2022-03-24,2022-03-29,22,福岡,一般,１　５５３１２４１４３２,2022-02-24,2022-03-01,22,福岡,一般,５２５５５３２　５４３５
202609132206,2026-09-13,22,06R,4685,島村 隆幸,2023-08-22,2023-08-27,22,福岡,ＳＧ,５６５　３　５３５　２２,2022-09-07,2022-09-12,22,福岡,ＧⅠ,６転,2021-06-15,2021-06-19,22,福岡,一般,１４３２４４５２[６],2020-11-26,2020-12-01,22,福岡,一般,５４２１３４２１４５１４,2020-08-22,2020-08-27,22,福岡,一般,３３１１２５３１２５１１,3505,山田 竜一,2025-10-10,2025-10-15,22,福岡,一般,５　２３４５２５２　４５,2025-04-04,2025-04-09,22,福岡,一般,３２２　２６２　６４１３,2024-11-19,2024-11-24,22,福岡,一般,２５４　３３５　３２２６,2023-07-27,2023-07-31,22,福岡,一般,４　５４４１３　１６,2023-01-14,2023-01-20,22,福岡,一般,２　２５１５２１２４１３３５,3605,中村 守成,2025-04-04,2025-04-09,22,福岡,一般,エ　１５６　２４６　１３,2023-10-31,2023-11-05,22,福岡,一般,２２３　１４６４１４１３,2022-05-26,2022-05-29,22,福岡,一般,１４３　３６４５,2019-02-26,2019-03-03,22,福岡,一般,５１３　１４４　４４１１,2017-07-20,2017-07-25,22,福岡,ＧⅢ,３５４　３１３３１３４３,3615,横田 茂,2026-01-26,2026-01-31,22,福岡,一般,５５５　４６４　３　６,2024-03-18,2024-03-22,22,福岡,一般,１　４６５３２　３６,2023-08-04,2023-08-07,22,福岡,一般,４　５３１２４１,2023-02-04,2023-02-09,22,福岡,一般,３　３３２　４２２５３２,2022-12-10,2022-12-15,22,福岡,一般,６２１　６２３　６６５,4089,妹尾 忠幸,2025-10-01,2025-10-06,22,福岡,一般,１　５３１３３４２５３５,2025-06-08,2025-06-13,22,福岡,一般,３５３３３　１５１３４１,2024-05-14,2024-05-19,22,福岡,一般,１１３３３１２　２５１１,2023-12-19,2023-12-22,22,福岡,一般,１３２１３２[３],2022-11-13,2022-11-18,22,福岡,ＧⅠ,４　２３５　５２５　３１,5404,,,,,,,,,,,,,,,,,,,,,,,,,,,,,,,
202609132207,2026-09-13,22,07R,3769,佐竹 恒彦,2025-09-01,2025-09-06,22,福岡,一般,１　４５３６４４１　２１,2024-05-23,2024-05-28,22,福岡,一般,３５２　２３２　３５１４,2018-11-23,2018-11-28,22,福岡,一般,３４６　３４妨４６　５,2018-05-22,2018-05-27,22,福岡,一般,３１１３４２１　１１[３],2017-06-21,2017-06-25,22,福岡,一般,５２４３２　２３３５,3712,淺香 文武,2024-11-28,2024-12-03,22,福岡,一般,２６６　２５４　２２２２,2023-07-27,2023-07-31,22,福岡,一般,１　１５５２２２[５],2023-04-25,2023-04-29,22,福岡,一般,１　１２４１１１[６],2017-03-06,2017-03-11,22,福岡,一般,３　１６４５１３２３６２,2016-12-17,2016-12-22,22,福岡,一般,５　１５１１３６１４２４,3696,白井 友晴,2024-05-14,2024-05-19,22,福岡,一般,１２１　６３転６２２１５,2023-10-22,2023-10-27,22,福岡,一般,４４２　４２４　３５４２,2019-11-19,2019-11-24,22,福岡,一般,２　５３１　５４３３５１,2019-05-11,2019-05-16,22,福岡,一般,１４２　３４２４１３４４,2018-07-08,2018-07-11,22,福岡,一般,６３３　２３,3863,海老澤 泰行,2026-04-20,2026-04-25,22,福岡,一般,４３４　３　５３３　４欠,2025-12-15,2025-12-20,22,福岡,一般,２　３２４３５２５４４４,2025-06-08,2025-06-13,22,福岡,一般,４　４４３　１５妨３５,2025-03-13,2025-03-18,22,福岡,一般,２６２　４３４１２５１３,2024-11-28,2024-12-03,22,福岡,一般,４６３４２　３１１６２４,5392,安武 一也,2026-07-10,2026-07-15,22,福岡,一般,６　６５６　４６５　３３,2026-04-29,2026-05-04,22,福岡,一般,エ　６６５　５　６５４,2026-02-28,2026-03-05,22,福岡,一般,６　６５５　６L５５６５,2025-10-01,2025-10-06,22,福岡,一般,　　　　　　　　　　６５,2025-07-02,2025-07-07,22,福岡,一般,６　６６５　６６６５６６,3554,仲口 博崇,2024-11-28,2024-12-03,22,福岡,一般,１２１　１３２１２３３１,2024-06-21,2024-06-26,22,福岡,一般,３　２６１１１２１２[５],2024-03-09,2024-03-13,22,福岡,一般,６１４　２６３　２５,2022-11-13,2022-11-18,22,福岡,ＧⅠ,５２１　１５３　６　４２,2022-01-12,2022-01-17,22,福岡,一般,４４２１１３２１１２[１]
202609132208,2026-09-13,22,08R,4590,渡邉 優美,2026-04-11,2026-04-16,22,福岡,ＧⅠ,２６４　３　４３４４１,2026-03-10,2026-03-15,22,福岡,一般,２　４１１６３３３６１５,2026-01-03,2026-01-08,22,福岡,一般,４６４　１２３６１３４１,2025-11-25,2025-11-30,22,福岡,ＳＧ,２　２２２　４　４３２,2025-01-14,2025-01-19,22,福岡,一般,１３３　１３２１２１[２],4313,西村 美智子,2026-02-18,2026-02-23,22,福岡,一般,２４２５５　１　１５１４,2021-12-26,2021-12-31,22,福岡,ＧⅠ,　　　　４　F　６　６,2018-11-23,2018-11-28,22,福岡,一般,３　４３１　１１１６３１,2015-09-29,2015-10-04,22,福岡,一般,１３４５５　５６５　１５,2015-05-12,2015-05-17,22,福岡,一般,５　５３５６５　５　６６,3801,五反田 忍,2026-06-12,2026-06-17,22,福岡,ＧⅢ,６　３６４　６５６　１５,2024-11-19,2024-11-24,22,福岡,一般,３４６　６４５　１　６４,2021-12-26,2021-12-31,22,福岡,ＧⅠ,１２１６４　４　５　５３,2020-09-02,2020-09-08,22,福岡,ＧⅢ,４１３３６　６５　　４６,2019-10-08,2019-10-13,22,福岡,ＧⅢ,４２６　４１２２１５１４,4823,中村 桃佳,2022-06-11,2022-06-16,22,福岡,ＧⅢ,５　１１４　２１１　[４],2021-04-24,2021-04-29,22,福岡,一般,４４２６４６１　３　１３,2020-09-30,2020-10-05,22,福岡,一般,５　５１６　１４１　３４,2018-11-11,2018-11-16,22,福岡,一般,２３６４２２４６２　３６,2018-01-12,2018-01-14,22,福岡,一般,３３６　３３,5151,山下 奈緒,2026-04-01,2026-04-06,22,福岡,一般,３５３　４　３６４　妨,2025-12-05,2025-12-10,22,福岡,一般,３４４　４５５　４３５５,2024-06-01,2024-06-06,22,福岡,ＧⅢ,６　３１４５３６５　２４,2023-03-07,2023-03-12,22,福岡,ＧⅢ,６６４　３６５　５５６,2022-06-02,2022-06-07,22,福岡,一般,６　６５６　５５５　５３,5428,古園井 綾南,2026-04-20,2026-04-25,22,福岡,一般,転　６　６６６　６６５,2025-11-15,2025-11-20,22,福岡,一般,６　６６６６６　６　６６,,,,,,,,,,,,,,,,,,
202609132209,2026-09-13,22,09R,3436,柏野 幸二,2025-10-28,2025-11-02,22,福岡,一般,１４１　２　３４２４１２,2025-06-08,2025-06-13,22,福岡,一般,２１４　２３１２２２[２],2024-08-28,2024-09-03,22,福岡,一般,１　３１２５１３５１,2024-03-01,2024-03-05,22,福岡,一般,３１５２５　２６２３,2023-12-19,2023-12-22,22,福岡,一般,３３１２５１[２],4475,末永 祐輝,2026-03-22,2026-03-27,22,福岡,一般,１　４５３２１４２３１３,2025-09-01,2025-09-06,22,福岡,一般,１　５２１２４４１１[１],2025-03-22,2025-03-27,22,福岡,一般,４３５　４５欠欠,2022-03-24,2022-03-29,22,福岡,一般,１　５５３１２４１４３２,2022-02-24,2022-03-01,22,福岡,一般,５２５５５３２　５４３５,3297,藤丸 光一,2026-07-29,2026-08-03,22,福岡,一般,２５１　４１６３２２[４],2026-04-20,2026-04-25,22,福岡,一般,１　２３４３４　６５３６,2025-08-11,2025-08-16,22,福岡,一般,５４４　３５２　４６１,2025-03-13,2025-03-18,22,福岡,一般,１４４　３１２５２１[１],2025-01-03,2025-01-09,22,福岡,一般,３６４　５５６　６　２２１,4925,森 悠稀,2024-09-06,2024-09-11,22,福岡,ＧⅢ,５　３１３６３　４５３５,2023-12-01,2023-12-06,22,福岡,ＧⅢ,６５６５６６２　６欠,2023-09-09,2023-09-14,22,福岡,一般,３　１２６４４３１５１１,2023-06-14,2023-06-19,22,福岡,一般,２３１　４５２　１２[４],2022-06-11,2022-06-16,22,福岡,ＧⅢ,１　不６４　４　６６２,5050,木下 雄介,2025-12-15,2025-12-20,22,福岡,一般,５３３５５　１４１　１F,2023-08-31,2023-09-05,22,福岡,一般,２２６　２３２４２６５６,2020-12-18,2020-12-22,22,福岡,一般,４　５５１　６５４,,,,,,,,,,,,,4248,岡本 大,2026-05-08,2026-05-13,22,福岡,一般,４　３２４５３　２　３６,2025-10-28,2025-11-02,22,福岡,一般,５　５４６　６５４　３５,2024-07-13,2024-07-18,22,福岡,一般,５３６　５５２　３　３４,2023-12-01,2023-12-06,22,福岡,ＧⅢ,５　３３６　５１,2022-12-01,2022-12-06,22,福岡,ＧⅢ,２１６３５　５　６４５６
202609132210,2026-09-13,22,10R,3841,佐々木 和伸,2025-10-01,2025-10-06,22,福岡,一般,１　１３２２１２４１[５],2023-11-09,2023-11-14,22,福岡,一般,５３２４３５２　１６１４,2022-07-02,2022-07-05,22,福岡,一般,４１１５２３２１,2021-11-12,2021-11-17,22,福岡,一般,１３２３４　５５１４４３,2021-03-13,2021-03-18,22,福岡,一般,１４３５２　１５５５２３,4089,妹尾 忠幸,2025-10-01,2025-10-06,22,福岡,一般,１　５３１３３４２５３５,2025-06-08,2025-06-13,22,福岡,一般,３５３３３　１５１３４１,2024-05-14,2024-05-19,22,福岡,一般,１１３３３１２　２５１１,2023-12-19,2023-12-22,22,福岡,一般,１３２１３２[３],2022-11-13,2022-11-18,22,福岡,ＧⅠ,４　２３５　５２５　３１,5125,高井 雄基,2025-11-06,2025-11-11,22,福岡,一般,２６３２４　３１６３１３,2024-11-05,2024-11-10,22,福岡,一般,２５６　２３２２１３４１,2021-08-31,2021-09-05,22,福岡,一般,６６４　５２５　５６５,,,,,,,,,,,,,4951,新田 洋一,2026-04-20,2026-04-25,22,福岡,一般,２４１　５５３　５３３２,2025-08-21,2025-08-26,22,福岡,一般,２２５　２５３　３６１４,2025-03-22,2025-03-27,22,福岡,一般,３５１　５３１　３６F４,2021-11-30,2021-12-05,22,福岡,ＧⅢ,４　５４６　６３１６３１,2021-08-31,2021-09-05,22,福岡,一般,６３２　４４４　２妨,5018,竹下 大樹,2026-08-12,2026-08-17,22,福岡,一般,３２１３２　４１１４１２,2026-07-19,2026-07-24,22,福岡,ＧⅢ,２３転　５３３　１３２３,2026-04-29,2026-05-04,22,福岡,一般,１５３２２５１　３２[２],2026-04-11,2026-04-16,22,福岡,ＧⅠ,１　３４５　３　１４６１,2026-03-10,2026-03-15,22,福岡,一般,１４３１３　１２１２[６],4948,木場 悠介,2026-01-14,2026-01-19,22,福岡,一般,５６５　２２１６３　５４,2025-09-21,2025-09-26,22,福岡,ＧⅢ,６１５　２４２　２４５５,2025-03-03,2025-03-08,22,福岡,一般,２６４２３　２２１２[６],2024-12-25,2024-12-30,22,福岡,一般,５１４４１　３５３５５３,2024-07-24,2024-07-29,22,福岡,一般,２　５４５５２１２　５２
202609132211,2026-09-13,22,11R,4614,石倉 洋行,2025-08-11,2025-08-16,22,福岡,一般,３６２１４２転　３１３,2025-05-03,2025-05-08,22,福岡,一般,１　２４２５１２２３４１,2025-01-03,2025-01-09,22,福岡,一般,２３２１１　４１１　５１[１],2024-08-28,2024-09-03,22,福岡,一般,３６１　３３６２[５],2024-04-25,2024-04-30,22,福岡,一般,２３２６１３F　４　４,4630,岩永 雅人,2025-09-21,2025-09-26,22,福岡,ＧⅢ,３２６　５５４２２　５２,2024-05-23,2024-05-28,22,福岡,一般,５６３１２３２　１５３５,2021-12-09,2021-12-13,22,福岡,一般,４３３　２４１５２６,2018-03-04,2018-03-09,22,福岡,一般,３１２５６　２４４５３２,2017-09-16,2017-09-20,22,福岡,一般,１５３　４４３５,3807,岡部 哲,2026-01-26,2026-01-31,22,福岡,一般,５６３　６　５５６　４５,2024-11-28,2024-12-03,22,福岡,一般,５３１　６４６　６１２３,2023-10-31,2023-11-05,22,福岡,一般,４４２５５　４６６４６,2022-11-03,2022-11-08,22,福岡,一般,４３１　６５４２１４３４,2020-09-11,2020-09-16,22,福岡,一般,４　３４３５５　６４２５,3769,佐竹 恒彦,2025-09-01,2025-09-06,22,福岡,一般,１　４５３６４４１　２１,2024-05-23,2024-05-28,22,福岡,一般,３５２　２３２　３５１４,2018-11-23,2018-11-28,22,福岡,一般,３４６　３４妨４６　５,2018-05-22,2018-05-27,22,福岡,一般,３１１３４２１　１１[３],2017-06-21,2017-06-25,22,福岡,一般,５２４３２　２３３５,3505,山田 竜一,2025-10-10,2025-10-15,22,福岡,一般,５　２３４５２５２　４５,2025-04-04,2025-04-09,22,福岡,一般,３２２　２６２　６４１３,2024-11-19,2024-11-24,22,福岡,一般,２５４　３３５　３２２６,2023-07-27,2023-07-31,22,福岡,一般,４　５４４１３　１６,2023-01-14,2023-01-20,22,福岡,一般,２　２５１５２１２４１３３５,4553,坪口 竜也,2025-12-25,2025-12-30,22,福岡,一般,１３３３１　２２１２[６],2025-09-11,2025-09-16,22,福岡,一般,２５５３４　１１１６６４,2025-03-22,2025-03-27,22,福岡,一般,２５３　３１１１４１[２],2025-01-14,2025-01-19,22,福岡,一般,４　転２,2024-06-11,2024-06-16,22,福岡,一般,１４２４３　欠欠
202609132212,2026-09-13,22,12R,4914,吉田 裕平,2025-11-25,2025-11-30,22,福岡,ＳＧ,４　６　６４４　４４４,2024-12-08,2024-12-13,22,福岡,ＧⅠ,１３３　５５１　４　１３,2024-09-06,2024-09-11,22,福岡,ＧⅢ,１４３１２　３１１１[１],2023-12-10,2023-12-15,22,福岡,一般,２１２３１１２５１１[１],2023-10-10,2023-10-15,22,福岡,ＧⅠ,３３３　５４１　３３３３,4590,渡邉 優美,2026-04-11,2026-04-16,22,福岡,ＧⅠ,２６４　３　４３４４１,2026-03-10,2026-03-15,22,福岡,一般,２　４１１６３３３６１５,2026-01-03,2026-01-08,22,福岡,一般,４６４　１２３６１３４１,2025-11-25,2025-11-30,22,福岡,ＳＧ,２　２２２　４　４３２,2025-01-14,2025-01-19,22,福岡,一般,１３３　１３２１２１[２],4685,島村 隆幸,2023-08-22,2023-08-27,22,福岡,ＳＧ,５６５　３　５３５　２２,2022-09-07,2022-09-12,22,福岡,ＧⅠ,６転,2021-06-15,2021-06-19,22,福岡,一般,１４３２４４５２[６],2020-11-26,2020-12-01,22,福岡,一般,５４２１３４２１４５１４,2020-08-22,2020-08-27,22,福岡,一般,３３１１２５３１２５１１,4856,豊田 健士郎,2025-04-13,2025-04-18,22,福岡,ＧⅠ,５３６　１　５５５　２,2024-11-05,2024-11-10,22,福岡,一般,３２２２４　１４３２[６],2023-03-17,2023-03-22,22,福岡,一般,１１１２１１１２１１[１],2022-11-13,2022-11-18,22,福岡,ＧⅠ,５　５１２　３３３１４,2019-04-04,2019-04-09,22,福岡,一般,１３２　１３３５２３１５,3554,仲口 博崇,2024-11-28,2024-12-03,22,福岡,一般,１２１　１３２１２３３１,2024-06-21,2024-06-26,22,福岡,一般,３　２６１１１２１２[５],2024-03-09,2024-03-13,22,福岡,一般,６１４　２６３　２５,2022-11-13,2022-11-18,22,福岡,ＧⅠ,５２１　１５３　６　４２,2022-01-12,2022-01-17,22,福岡,一般,４４２１１３２１１２[１],4505,島田 賢人,2024-09-24,2024-09-29,22,福岡,一般,１５２３２４３　エ欠,2023-01-14,2023-01-20,22,福岡,一般,２２３　３２１３４２３２[６],2019-10-24,2019-10-27,22,福岡,一般,２３５４３　２１,2019-08-29,2019-09-01,22,福岡,一般,４２４１３５１３,2018-09-06,2018-09-10,22,福岡,一般,５　５６１４３　１
