レースコード,レース日,レース場コード,レース回,艇1_登録番号,艇1_選手名,艇1_前1節_開始日,艇1_前1節_終了日,艇1_前1節_場コード,艇1_前1節_場名,艇1_前1節_グレード,艇1_前1節_着順列,艇1_前2節_開始日,艇1_前2節_終了日,艇1_前2節_場コード,艇1_前2節_場名,艇1_前2節_グレード,艇1_前2節_着順列,艇1_前3節_開始日,艇1_前3節_終了日,艇1_前3節_場コード,艇1_前3節_場名,艇1_前3節_グレード,艇1_前3節_着順列,艇1_前4節_開始日,艇1_前4節_終了日,艇1_前4節_場コード,艇1_前4節_場名,艇1_前4節_グレード,艇1_前4節_着順列,艇1_前5節_開始日,艇1_前5節_終了日,艇1_前5節_場コード,艇1_前5節_場名,艇1_前5節_グレード,艇1_前5節_着順列,艇2_登録番号,艇2_選手名,艇2_前1節_開始日,艇2_前1節_終了日,艇2_前1節_場コード,艇2_前1節_場名,艇2_前1節_グレード,艇2_前1節_着順列,艇2_前2節_開始日,艇2_前2節_終了日,艇2_前2節_場コード,艇2_前2節_場名,艇2_前2節_グレード,艇2_前2節_着順列,艇2_前3節_開始日,艇2_前3節_終了日,艇2_前3節_場コード,艇2_前3節_場名,艇2_前3節_グレード,艇2_前3節_着順列,艇2_前4節_開始日,艇2_前4節_終了日,艇2_前4節_場コード,艇2_前4節_場名,艇2_前4節_グレード,艇2_前4節_着順列,艇2_前5節_開始日,艇2_前5節_終了日,艇2_前5節_場コード,艇2_前5節_場名,艇2_前5節_グレード,艇2_前5節_着順列,艇3_登録番号,艇3_選手名,艇3_前1節_開始日,艇3_前1節_終了日,艇3_前1節_場コード,艇3_前1節_場名,艇3_前1節_グレード,艇3_前1節_着順列,艇3_前2節_開始日,艇3_前2節_終了日,艇3_前2節_場コード,艇3_前2節_場名,艇3_前2節_グレード,艇3_前2節_着順列,艇3_前3節_開始日,艇3_前3節_終了日,艇3_前3節_場コード,艇3_前3節_場名,艇3_前3節_グレード,艇3_前3節_着順列,艇3_前4節_開始日,艇3_前4節_終了日,艇3_前4節_場コード,艇3_前4節_場名,艇3_前4節_グレード,艇3_前4節_着順列,艇3_前5節_開始日,艇3_前5節_終了日,艇3_前5節_場コード,艇3_前5節_場名,艇3_前5節_グレード,艇3_前5節_着順列,艇4_登録番号,艇4_選手名,艇4_前1節_開始日,艇4_前1節_終了日,艇4_前1節_場コード,艇4_前1節_場名,艇4_前1節_グレード,艇4_前1節_着順列,艇4_前2節_開始日,艇4_前2節_終了日,艇4_前2節_場コード,艇4_前2節_場名,艇4_前2節_グレード,艇4_前2節_着順列,艇4_前3節_開始日,艇4_前3節_終了日,艇4_前3節_場コード,艇4_前3節_場名,艇4_前3節_グレード,艇4_前3節_着順列,艇4_前4節_開始日,艇4_前4節_終了日,艇4_前4節_場コード,艇4_前4節_場名,艇4_前4節_グレード,艇4_前4節_着順列,艇4_前5節_開始日,艇4_前5節_終了日,艇4_前5節_場コード,艇4_前5節_場名,艇4_前5節_グレード,艇4_前5節_着順列,艇5_登録番号,艇5_選手名,艇5_前1節_開始日,艇5_前1節_終了日,艇5_前1節_場コード,艇5_前1節_場名,艇5_前1節_グレード,艇5_前1節_着順列,艇5_前2節_開始日,艇5_前2節_終了日,艇5_前2節_場コード,艇5_前2節_場名,艇5_前2節_グレード,艇5_前2節_着順列,艇5_前3節_開始日,艇5_前3節_終了日,艇5_前3節_場コード,艇5_前3節_場名,艇5_前3節_グレード,艇5_前3節_着順列,艇5_前4節_開始日,艇5_前4節_終了日,艇5_前4節_場コード,艇5_前4節_場名,艇5_前4節_グレード,艇5_前4節_着順列,艇5_前5節_開始日,艇5_前5節_終了日,艇5_前5節_場コード,艇5_前5節_場名,艇5_前5節_グレード,艇5_前5節_着順列,艇6_登録番号,艇6_選手名,艇6_前1節_開始日,艇6_前1節_終了日,艇6_前1節_場コード,艇6_前1節_場名,艇6_前1節_グレード,艇6_前1節_着順列,艇6_前2節_開始日,艇6_前2節_終了日,艇6_前2節_場コード,艇6_前2節_場名,艇6_前2節_グレード,艇6_前2節_着順列,艇6_前3節_開始日,艇6_前3節_終了日,艇6_前3節_場コード,艇6_前3節_場名,艇6_前3節_グレード,艇6_前3節_着順列,艇6_前4節_開始日,艇6_前4節_終了日,艇6_前4節_場コード,艇6_前4節_場名,艇6_前4節_グレード,艇6_前4節_着順列,艇6_前5節_開始日,艇6_前5節_終了日,艇6_前5節_場コード,艇6_前5節_場名,艇6_前5節_グレード,艇6_前5節_着順列
202609140201,2026-09-14,02,01R,5259,野田 昇吾,2026-05-01,2026-05-06,02,戸田,一般,５　３　６４４５４５５,2025-08-14,2025-08-19,02,戸田,一般,３　５　２５６　６２３４,2025-05-01,2025-05-06,02,戸田,一般,６　２　５６１　１３２４,2025-01-26,2025-01-31,02,戸田,一般,４　５６６　６３６　３３,2025-01-03,2025-01-08,02,戸田,一般,　　　　　　　　５４５４,4973,栗原 直也,2026-03-28,2026-04-02,02,戸田,一般,２　５５５２４　４４５１,2026-01-11,2026-01-14,02,戸田,一般,３　６２４１４１,2025-08-22,2025-08-25,02,戸田,一般,５５１　１６４６,2025-06-07,2025-06-10,02,戸田,一般,１６２　４３２３,2024-11-01,2024-11-04,02,戸田,一般,６４６６１　１５,3814,金子 貴志,2026-03-19,2026-03-24,02,戸田,一般,４　３５３６５　６　４２,2024-07-14,2024-07-17,02,戸田,一般,３　２４３２５３,2024-04-07,2024-04-12,02,戸田,一般,６　２５６　３５４　３５,2023-04-21,2023-04-26,02,戸田,一般,５　２３４　４５２　２４,2022-06-02,2022-06-06,02,戸田,一般,２６２１６　１５５３,3161,古場 輝義,2026-02-25,2026-03-01,02,戸田,一般,１６２　２６３　６３,2025-04-10,2025-04-15,02,戸田,一般,３　５１３１２６２４２４,2024-10-02,2024-10-05,02,戸田,一般,２　４３４６２６,2024-06-14,2024-06-17,02,戸田,一般,１２４　３２[５],2023-10-20,2023-10-23,02,戸田,一般,２　６２３１３２,5008,羽野 諒,2025-12-13,2025-12-16,02,戸田,一般,５４２　５３２,2025-03-30,2025-04-04,02,戸田,一般,３　６６４　１４５５２,2024-12-07,2024-12-10,02,戸田,一般,１　５５５５２４,2024-06-26,2024-07-01,02,戸田,一般,１３３　２３５妨,2024-03-01,2024-03-04,02,戸田,一般,６３５４４　４,5455,澁澤 周羽,2026-06-27,2026-07-01,02,戸田,一般,６　６６５　６６５,,,,,,,,,,,,,,,,,,,,,,,,
202609140202,2026-09-14,02,02R,4555,富永 大一,2026-02-06,2026-02-11,02,戸田,一般,２３５　４３６　６１５３,2025-03-07,2025-03-10,02,戸田,一般,５５２　５６３,2024-07-14,2024-07-17,02,戸田,一般,６　３６２　２２,2024-03-01,2024-03-04,02,戸田,一般,３３４　６４１１,2023-03-02,2023-03-05,02,戸田,一般,１２５６４　２５,4388,是澤 孝宏,2026-01-30,2026-02-02,02,戸田,一般,２３１　４５２２,2024-01-25,2024-01-28,02,戸田,一般,２２１５４１６１,2023-12-02,2023-12-05,02,戸田,一般,１５１１２２４１,2023-06-04,2023-06-10,02,戸田,ＧⅠ,２　１２１　３６４　４６,2023-03-29,2023-04-03,02,戸田,一般,５３２４４　３２１５２３,5313,鈴木 唯央,2026-03-07,2026-03-12,02,戸田,一般,３　３４５　５４２　４エ,2025-12-27,2025-12-31,02,戸田,一般,　　　　　　　　６４,2025-08-06,2025-08-11,02,戸田,一般,５　５４４　転４５　３４,2024-12-28,2024-12-31,02,戸田,一般,５　６３４　３転,2024-12-20,2024-12-25,02,戸田,一般,２　５５１　６５４　５３,4363,大野 芳顕,2026-04-05,2026-04-10,02,戸田,一般,２　２５２６４１２５２５,2025-08-06,2025-08-11,02,戸田,一般,４５３　３６１　２３５６,2025-04-19,2025-04-24,02,戸田,一般,４６３　６４２　５　４１,2024-12-01,2024-12-04,02,戸田,一般,３４１　３１[５],2023-11-26,2023-11-29,02,戸田,一般,５１４５６　４１,3692,竹腰 正樹,2026-02-06,2026-02-11,02,戸田,一般,２６２　６３４　３１４１,2025-09-18,2025-09-21,02,戸田,一般,３,2025-06-13,2025-06-16,02,戸田,一般,６　１１５６３２,2024-11-15,2024-11-18,02,戸田,一般,３６３　６６３,2023-02-02,2023-02-05,02,戸田,一般,３　１３１５[５],4846,佐藤 駿介,2026-02-25,2026-03-01,02,戸田,一般,６５５　５　６３２,2025-08-28,2025-08-31,02,戸田,一般,４　５２３６１５,2025-02-03,2025-02-06,02,戸田,一般,６　２１６６６,2024-05-09,2024-05-14,02,戸田,一般,１　２６２５６　２５１６,2024-01-31,2024-02-04,02,戸田,一般,４　３４５６６　１２
202609140203,2026-09-14,02,03R,3834,細川 明人,2026-05-28,2026-05-31,02,戸田,一般,２４２　６６６１,2024-07-07,2024-07-11,02,戸田,一般,５　１６５　３２５３,2019-06-27,2019-07-01,02,戸田,一般,６　４３１４３３５４,2017-12-08,2017-12-11,02,戸田,一般,２４１４４　６６,2017-06-16,2017-06-19,02,戸田,一般,５１２　３４１５,4674,池田 剛規,2025-06-13,2025-06-16,02,戸田,一般,１６１４４　１２,2024-11-01,2024-11-04,02,戸田,一般,６　５４２３５３,2024-06-20,2024-06-23,02,戸田,一般,４３２　３５２３,2024-01-31,2024-02-04,02,戸田,一般,３６３　１転３　１５,2023-10-20,2023-10-23,02,戸田,一般,３　２３３５１４,4883,岡部 大輝,2026-06-27,2026-07-01,02,戸田,一般,５６４　２　３３１３,2025-12-27,2025-12-31,02,戸田,一般,４５５　２２５１１２,2025-06-07,2025-06-10,02,戸田,一般,６５６３４　２５,2024-10-02,2024-10-05,02,戸田,一般,１３５　１３６１,2024-06-08,2024-06-11,02,戸田,一般,２５２　４４３４,4615,板倉 敦史,2026-05-28,2026-05-31,02,戸田,一般,３５１　１エ１５,2026-01-17,2026-01-22,02,戸田,一般,５４６　３２４　２　５２,2025-05-09,2025-05-12,02,戸田,一般,５３３２３　３１,2024-11-21,2024-11-24,02,戸田,一般,４　４５４６５,2024-06-26,2024-07-01,02,戸田,一般,４　１２２４６４３５２５,5038,金田 智博,2025-11-22,2025-11-25,02,戸田,一般,１２３　３３[５],2024-10-08,2024-10-13,02,戸田,一般,４２１　４５４　１３５１,2023-03-12,2023-03-15,02,戸田,一般,３　１５４３３５,2022-01-11,2022-01-16,02,戸田,一般,６　２１１　５１３転４１,2021-06-12,2021-06-17,02,戸田,ＧⅢ,３　６６２　３　４１４,4649,和田 操拓,2023-03-29,2023-04-03,02,戸田,一般,４　F１５　６　６　３,2022-02-05,2022-02-08,02,戸田,一般,F５４　６　６,2020-02-23,2020-02-26,02,戸田,一般,１３５２６　３１,2018-09-14,2018-09-18,02,戸田,一般,４１６５４　１２３５,2017-12-16,2017-12-20,02,戸田,一般,６２４　１６５　３２
202609140204,2026-09-14,02,04R,3589,西村 勝,2026-06-27,2026-07-01,02,戸田,一般,４　６３６　６６６,2026-01-03,2026-01-08,02,戸田,一般,５　２６５　６　５欠,2025-11-22,2025-11-25,02,戸田,一般,２　３６２２４６,2025-08-14,2025-08-19,02,戸田,一般,３　２１４　４６６２４,2025-01-03,2025-01-08,02,戸田,一般,６　５４３　５２３１５６,4887,富澤 祐作,2025-12-19,2025-12-24,02,戸田,一般,５４１２１　１６２６１６,2025-07-12,2025-07-15,02,戸田,一般,６　４３６４３４,2025-02-03,2025-02-06,02,戸田,一般,５　１１２５１６,2024-12-01,2024-12-04,02,戸田,一般,５　３４６１１６,2024-07-14,2024-07-17,02,戸田,一般,５　２２４２１３,4539,金子 賢志,2025-07-12,2025-07-15,02,戸田,一般,F１５　６　６,2025-02-09,2025-02-15,02,戸田,ＧⅠ,４　２５５　５６４　６６,2023-08-05,2023-08-08,02,戸田,一般,５３５　５１１５,2023-05-11,2023-05-16,02,戸田,一般,６　F１６　３　４　３,2023-02-15,2023-02-18,02,戸田,一般,６６１１４　５１,4706,三浦 洋次朗,2026-03-28,2026-04-02,02,戸田,一般,３１６　３１３３１２[６],2025-12-13,2025-12-16,02,戸田,一般,５６４６５　４４,2025-08-22,2025-08-25,02,戸田,一般,５　１５３５１３,2025-05-09,2025-05-12,02,戸田,一般,６　３５１５２２,2024-04-07,2024-04-12,02,戸田,一般,６　２３１　２１４６１１,4451,松崎 祐太郎,2025-03-13,2025-03-17,02,戸田,一般,２３１５１１３１[２],2024-05-09,2024-05-14,02,戸田,一般,１４３１３　４４１３１１,2022-10-01,2022-10-04,02,戸田,一般,６５欠欠,2020-04-02,2020-04-07,02,戸田,ＧⅡ,５１４　４６１　２３１,2019-11-27,2019-11-30,02,戸田,一般,１２３　２４[２],4866,橋本 英一,2025-06-07,2025-06-10,02,戸田,一般,４６１　４４４３,2025-02-03,2025-02-06,02,戸田,一般,６　３５４５５,2023-11-07,2023-11-12,02,戸田,一般,４　１６１　２２２３[６],2022-02-11,2022-02-15,02,戸田,一般,６　１５２　２３４１,,,,,,
202609140205,2026-09-14,02,05R,4886,入海 馨,2023-08-05,2023-08-08,02,戸田,一般,５１６３１２２２,2023-02-15,2023-02-18,02,戸田,一般,２４１６６４１,2023-01-27,2023-01-30,02,戸田,一般,５４４１２１２１,2022-07-12,2022-07-17,02,戸田,ＧⅡ,４　４３５　６１２４４,2021-03-16,2021-03-22,02,戸田,一般,１　１２１２２３３１１　[２],4631,新井 英孝,2025-08-28,2025-08-31,02,戸田,一般,６　２２１６２１,2024-11-01,2024-11-04,02,戸田,一般,１２２　３５６５,2024-01-11,2024-01-14,02,戸田,一般,６　２６６２６,2022-12-09,2022-12-12,02,戸田,一般,１６６５３　４５,2021-02-19,2021-02-23,02,戸田,一般,５　２５２４１　３６,5008,羽野 諒,2025-12-13,2025-12-16,02,戸田,一般,５４２　５３２,2025-03-30,2025-04-04,02,戸田,一般,３　６６４　１４５５２,2024-12-07,2024-12-10,02,戸田,一般,１　５５５５２４,2024-06-26,2024-07-01,02,戸田,一般,１３３　２３５妨,2024-03-01,2024-03-04,02,戸田,一般,６３５４４　４,4467,渡邉 俊介,2026-07-07,2026-07-12,02,戸田,ＧⅡ,２　４５２　４　２４４,2025-08-06,2025-08-11,02,戸田,一般,６　２４６　４３２５３,2024-12-07,2024-12-10,02,戸田,一般,３６２　２２４１,2023-09-14,2023-09-18,02,戸田,一般,１　５６４６３　４２,2022-01-20,2022-01-23,02,戸田,一般,１１２　４４[４],4325,新出 浩司,2025-12-27,2025-12-31,02,戸田,一般,３　１６５４５５３,2025-09-18,2025-09-21,02,戸田,一般,３３２５３　５５,2023-09-29,2023-10-02,02,戸田,一般,４　１３３６２６,2023-08-29,2023-09-03,02,戸田,一般,４５１　３５２　１６１２,2022-09-01,2022-09-04,02,戸田,一般,５　６５,4692,酒井 俊弘,2026-05-14,2026-05-19,02,戸田,一般,５６３　５４２　５　５１,2022-08-04,2022-08-08,02,戸田,一般,欠欠,2021-01-22,2021-01-25,02,戸田,一般,３　４４２２１５,2020-02-16,2020-02-21,02,戸田,一般,２　F３４　４　３　２,2018-04-22,2018-04-27,02,戸田,一般,３　５５４　４６４５５
202609140206,2026-09-14,02,06R,4708,半田 尚也,2025-06-07,2025-06-10,02,戸田,一般,２４４　２５４３,2024-12-13,2024-12-16,02,戸田,一般,５　５４５　３３,2019-07-10,2019-07-15,02,戸田,一般,６　４　２３４　１４３４,2018-09-28,2018-10-03,02,戸田,一般,４５５　３　３６２６６,2017-06-16,2017-06-19,02,戸田,一般,６　４５１５２５,4846,佐藤 駿介,2026-02-25,2026-03-01,02,戸田,一般,６５５　５　６３２,2025-08-28,2025-08-31,02,戸田,一般,４　５２３６１５,2025-02-03,2025-02-06,02,戸田,一般,６　２１６６６,2024-05-09,2024-05-14,02,戸田,一般,１　２６２５６　２５１６,2024-01-31,2024-02-04,02,戸田,一般,４　３４５６６　１２,5126,山下 大輝,2024-12-01,2024-12-04,02,戸田,一般,６　３１１５１２,,,,,,,,,,,,,,,,,,,,,,,,,3711,江本 真治,2021-09-30,2021-10-05,02,戸田,ＧⅢ,３　１２３１１３３４４２,2020-05-15,2020-05-18,02,戸田,一般,５３１　３１２１,2020-01-30,2020-02-03,02,戸田,一般,１　３５２４３４３１,2019-01-25,2019-01-28,02,戸田,一般,３４４　１５４４,2018-06-29,2018-07-04,02,戸田,一般,４６２　３４５３２２２,5313,鈴木 唯央,2026-03-07,2026-03-12,02,戸田,一般,３　３４５　５４２　４エ,2025-12-27,2025-12-31,02,戸田,一般,　　　　　　　　６４,2025-08-06,2025-08-11,02,戸田,一般,５　５４４　転４５　３４,2024-12-28,2024-12-31,02,戸田,一般,５　６３４　３転,2024-12-20,2024-12-25,02,戸田,一般,２　５５１　６５４　５３,4572,渡部 悟,2025-12-19,2025-12-24,02,戸田,一般,２２５　６４６　６　２３,2025-04-19,2025-04-24,02,戸田,一般,１　５４４　４２４　６６,2024-12-07,2024-12-10,02,戸田,一般,５２５　１１５１,2023-08-05,2023-08-08,02,戸田,一般,３　６１１６１３,2022-10-25,2022-10-30,02,戸田,一般,４　５６５　６２１　２５
202609140207,2026-09-14,02,07R,4578,藤山 雅弘,2026-04-14,2026-04-19,02,戸田,ＧⅢ,３　５１２５２２１４６４,2025-11-22,2025-11-25,02,戸田,一般,５　１５３５,2024-08-22,2024-08-26,02,戸田,一般,６５３　１　２２２６,2024-06-08,2024-06-11,02,戸田,一般,３　１５６４３５,2023-09-21,2023-09-25,02,戸田,一般,４　３１３３１６２５,3692,竹腰 正樹,2026-02-06,2026-02-11,02,戸田,一般,２６２　６３４　３１４１,2025-09-18,2025-09-21,02,戸田,一般,３,2025-06-13,2025-06-16,02,戸田,一般,６　１１５６３２,2024-11-15,2024-11-18,02,戸田,一般,３６３　６６３,2023-02-02,2023-02-05,02,戸田,一般,３　１３１５[５],4649,和田 操拓,2023-03-29,2023-04-03,02,戸田,一般,４　F１５　６　６　３,2022-02-05,2022-02-08,02,戸田,一般,F５４　６　６,2020-02-23,2020-02-26,02,戸田,一般,１３５２６　３１,2018-09-14,2018-09-18,02,戸田,一般,４１６５４　１２３５,2017-12-16,2017-12-20,02,戸田,一般,６２４　１６５　３２,3075,中村 裕将,2026-08-12,2026-08-17,02,戸田,一般,２　２転４　２３３５２５,2026-04-05,2026-04-10,02,戸田,一般,１１３　２６２５１５１４,2026-01-03,2026-01-08,02,戸田,一般,２　６６４　５　６２１,2025-08-14,2025-08-19,02,戸田,一般,４４３　３６５　４　１３,2025-07-05,2025-07-08,02,戸田,一般,２１２　４６３４,5455,澁澤 周羽,2026-06-27,2026-07-01,02,戸田,一般,６　６６５　６６５,,,,,,,,,,,,,,,,,,,,,,,,,3834,細川 明人,2026-05-28,2026-05-31,02,戸田,一般,２４２　６６６１,2024-07-07,2024-07-11,02,戸田,一般,５　１６５　３２５３,2019-06-27,2019-07-01,02,戸田,一般,６　４３１４３３５４,2017-12-08,2017-12-11,02,戸田,一般,２４１４４　６６,2017-06-16,2017-06-19,02,戸田,一般,５１２　３４１５
202609140208,2026-09-14,02,08R,3072,西田 靖,2026-04-14,2026-04-19,02,戸田,ＧⅢ,６　３　１６５６６　５３,2025-09-18,2025-09-21,02,戸田,一般,６１２　２５４３,2025-04-19,2025-04-24,02,戸田,一般,２　２５５　３５４　５４,2024-12-28,2024-12-31,02,戸田,一般,２２１２F　２,2024-03-01,2024-03-04,02,戸田,一般,１１３　２５３２,4706,三浦 洋次朗,2026-03-28,2026-04-02,02,戸田,一般,３１６　３１３３１２[６],2025-12-13,2025-12-16,02,戸田,一般,５６４６５　４４,2025-08-22,2025-08-25,02,戸田,一般,５　１５３５１３,2025-05-09,2025-05-12,02,戸田,一般,６　３５１５２２,2024-04-07,2024-04-12,02,戸田,一般,６　２３１　２１４６１１,3161,古場 輝義,2026-02-25,2026-03-01,02,戸田,一般,１６２　２６３　６３,2025-04-10,2025-04-15,02,戸田,一般,３　５１３１２６２４２４,2024-10-02,2024-10-05,02,戸田,一般,２　４３４６２６,2024-06-14,2024-06-17,02,戸田,一般,１２４　３２[５],2023-10-20,2023-10-23,02,戸田,一般,２　６２３１３２,3814,金子 貴志,2026-03-19,2026-03-24,02,戸田,一般,４　３５３６５　６　４２,2024-07-14,2024-07-17,02,戸田,一般,３　２４３２５３,2024-04-07,2024-04-12,02,戸田,一般,６　２５６　３５４　３５,2023-04-21,2023-04-26,02,戸田,一般,５　２３４　４５２　２４,2022-06-02,2022-06-06,02,戸田,一般,２６２１６　１５５３,4674,池田 剛規,2025-06-13,2025-06-16,02,戸田,一般,１６１４４　１２,2024-11-01,2024-11-04,02,戸田,一般,６　５４２３５３,2024-06-20,2024-06-23,02,戸田,一般,４３２　３５２３,2024-01-31,2024-02-04,02,戸田,一般,３６３　１転３　１５,2023-10-20,2023-10-23,02,戸田,一般,３　２３３５１４,4887,富澤 祐作,2025-12-19,2025-12-24,02,戸田,一般,５４１２１　１６２６１６,2025-07-12,2025-07-15,02,戸田,一般,６　４３６４３４,2025-02-03,2025-02-06,02,戸田,一般,５　１１２５１６,2024-12-01,2024-12-04,02,戸田,一般,５　３４６１１６,2024-07-14,2024-07-17,02,戸田,一般,５　２２４２１３
202609140209,2026-09-14,02,09R,4866,橋本 英一,2025-06-07,2025-06-10,02,戸田,一般,４６１　４４４３,2025-02-03,2025-02-06,02,戸田,一般,６　３５４５５,2023-11-07,2023-11-12,02,戸田,一般,４　１６１　２２２３[６],2022-02-11,2022-02-15,02,戸田,一般,６　１５２　２３４１,,,,,,,4539,金子 賢志,2025-07-12,2025-07-15,02,戸田,一般,F１５　６　６,2025-02-09,2025-02-15,02,戸田,ＧⅠ,４　２５５　５６４　６６,2023-08-05,2023-08-08,02,戸田,一般,５３５　５１１５,2023-05-11,2023-05-16,02,戸田,一般,６　F１６　３　４　３,2023-02-15,2023-02-18,02,戸田,一般,６６１１４　５１,4615,板倉 敦史,2026-05-28,2026-05-31,02,戸田,一般,３５１　１エ１５,2026-01-17,2026-01-22,02,戸田,一般,５４６　３２４　２　５２,2025-05-09,2025-05-12,02,戸田,一般,５３３２３　３１,2024-11-21,2024-11-24,02,戸田,一般,４　４５４６５,2024-06-26,2024-07-01,02,戸田,一般,４　１２２４６４３５２５,4388,是澤 孝宏,2026-01-30,2026-02-02,02,戸田,一般,２３１　４５２２,2024-01-25,2024-01-28,02,戸田,一般,２２１５４１６１,2023-12-02,2023-12-05,02,戸田,一般,１５１１２２４１,2023-06-04,2023-06-10,02,戸田,ＧⅠ,２　１２１　３６４　４６,2023-03-29,2023-04-03,02,戸田,一般,５３２４４　３２１５２３,4973,栗原 直也,2026-03-28,2026-04-02,02,戸田,一般,２　５５５２４　４４５１,2026-01-11,2026-01-14,02,戸田,一般,３　６２４１４１,2025-08-22,2025-08-25,02,戸田,一般,５５１　１６４６,2025-06-07,2025-06-10,02,戸田,一般,１６２　４３２３,2024-11-01,2024-11-04,02,戸田,一般,６４６６１　１５,4631,新井 英孝,2025-08-28,2025-08-31,02,戸田,一般,６　２２１６２１,2024-11-01,2024-11-04,02,戸田,一般,１２２　３５６５,2024-01-11,2024-01-14,02,戸田,一般,６　２６６２６,2022-12-09,2022-12-12,02,戸田,一般,１６６５３　４５,2021-02-19,2021-02-23,02,戸田,一般,５　２５２４１　３６
202609140210,2026-09-14,02,10R,5038,金田 智博,2025-11-22,2025-11-25,02,戸田,一般,１２３　３３[５],2024-10-08,2024-10-13,02,戸田,一般,４２１　４５４　１３５１,2023-03-12,2023-03-15,02,戸田,一般,３　１５４３３５,2022-01-11,2022-01-16,02,戸田,一般,６　２１１　５１３転４１,2021-06-12,2021-06-17,02,戸田,ＧⅢ,３　６６２　３　４１４,4363,大野 芳顕,2026-04-05,2026-04-10,02,戸田,一般,２　２５２６４１２５２５,2025-08-06,2025-08-11,02,戸田,一般,４５３　３６１　２３５６,2025-04-19,2025-04-24,02,戸田,一般,４６３　６４２　５　４１,2024-12-01,2024-12-04,02,戸田,一般,３４１　３１[５],2023-11-26,2023-11-29,02,戸田,一般,５１４５６　４１,3711,江本 真治,2021-09-30,2021-10-05,02,戸田,ＧⅢ,３　１２３１１３３４４２,2020-05-15,2020-05-18,02,戸田,一般,５３１　３１２１,2020-01-30,2020-02-03,02,戸田,一般,１　３５２４３４３１,2019-01-25,2019-01-28,02,戸田,一般,３４４　１５４４,2018-06-29,2018-07-04,02,戸田,一般,４６２　３４５３２２２,4883,岡部 大輝,2026-06-27,2026-07-01,02,戸田,一般,５６４　２　３３１３,2025-12-27,2025-12-31,02,戸田,一般,４５５　２２５１１２,2025-06-07,2025-06-10,02,戸田,一般,６５６３４　２５,2024-10-02,2024-10-05,02,戸田,一般,１３５　１３６１,2024-06-08,2024-06-11,02,戸田,一般,２５２　４４３４,4886,入海 馨,2023-08-05,2023-08-08,02,戸田,一般,５１６３１２２２,2023-02-15,2023-02-18,02,戸田,一般,２４１６６４１,2023-01-27,2023-01-30,02,戸田,一般,５４４１２１２１,2022-07-12,2022-07-17,02,戸田,ＧⅡ,４　４３５　６１２４４,2021-03-16,2021-03-22,02,戸田,一般,１　１２１２２３３１１　[２],3589,西村 勝,2026-06-27,2026-07-01,02,戸田,一般,４　６３６　６６６,2026-01-03,2026-01-08,02,戸田,一般,５　２６５　６　５欠,2025-11-22,2025-11-25,02,戸田,一般,２　３６２２４６,2025-08-14,2025-08-19,02,戸田,一般,３　２１４　４６６２４,2025-01-03,2025-01-08,02,戸田,一般,６　５４３　５２３１５６
202609140211,2026-09-14,02,11R,4451,松崎 祐太郎,2025-03-13,2025-03-17,02,戸田,一般,２３１５１１３１[２],2024-05-09,2024-05-14,02,戸田,一般,１４３１３　４４１３１１,2022-10-01,2022-10-04,02,戸田,一般,６５欠欠,2020-04-02,2020-04-07,02,戸田,ＧⅡ,５１４　４６１　２３１,2019-11-27,2019-11-30,02,戸田,一般,１２３　２４[２],4467,渡邉 俊介,2026-07-07,2026-07-12,02,戸田,ＧⅡ,２　４５２　４　２４４,2025-08-06,2025-08-11,02,戸田,一般,６　２４６　４３２５３,2024-12-07,2024-12-10,02,戸田,一般,３６２　２２４１,2023-09-14,2023-09-18,02,戸田,一般,１　５６４６３　４２,2022-01-20,2022-01-23,02,戸田,一般,１１２　４４[４],3075,中村 裕将,2026-08-12,2026-08-17,02,戸田,一般,２　２転４　２３３５２５,2026-04-05,2026-04-10,02,戸田,一般,１１３　２６２５１５１４,2026-01-03,2026-01-08,02,戸田,一般,２　６６４　５　６２１,2025-08-14,2025-08-19,02,戸田,一般,４４３　３６５　４　１３,2025-07-05,2025-07-08,02,戸田,一般,２１２　４６３４,5126,山下 大輝,2024-12-01,2024-12-04,02,戸田,一般,６　３１１５１２,,,,,,,,,,,,,,,,,,,,,,,,,4578,藤山 雅弘,2026-04-14,2026-04-19,02,戸田,ＧⅢ,３　５１２５２２１４６４,2025-11-22,2025-11-25,02,戸田,一般,５　１５３５,2024-08-22,2024-08-26,02,戸田,一般,６５３　１　２２２６,2024-06-08,2024-06-11,02,戸田,一般,３　１５６４３５,2023-09-21,2023-09-25,02,戸田,一般,４　３１３３１６２５,4555,富永 大一,2026-02-06,2026-02-11,02,戸田,一般,２３５　４３６　６１５３,2025-03-07,2025-03-10,02,戸田,一般,５５２　５６３,2024-07-14,2024-07-17,02,戸田,一般,６　３６２　２２,2024-03-01,2024-03-04,02,戸田,一般,３３４　６４１１,2023-03-02,2023-03-05,02,戸田,一般,１２５６４　２５
202609140212,2026-09-14,02,12R,4370,山口 達也,2025-11-12,2025-11-17,02,戸田,ＧⅠ,４　４　３２４　１１２３,2025-07-12,2025-07-15,02,戸田,一般,１１１２５１[５],2023-02-15,2023-02-18,02,戸田,一般,１２３２２１[１],2022-08-04,2022-08-08,02,戸田,一般,４２５２３５,2019-10-31,2019-11-05,02,戸田,一般,１　６６２４２５１３[５],4762,藤原 啓史朗,2025-06-24,2025-06-29,02,戸田,ＳＧ,２　５　４３６　１３３,2025-02-18,2025-02-23,02,戸田,一般,１１３転４　１１４２[３],2024-10-22,2024-10-27,02,戸田,ＳＧ,４　３５４　４　６６６４,2024-03-15,2024-03-20,02,戸田,ＳＧ,４　２３４　　　２２２１,2020-01-12,2020-01-16,02,戸田,一般,１５１２１４５２[４],4351,里岡 右貴,2026-02-25,2026-03-01,02,戸田,一般,６１１３５１２４[１],2025-12-19,2025-12-24,02,戸田,一般,１６４３３　４２１３１４,2025-07-12,2025-07-15,02,戸田,一般,１　１２３３[３],2025-02-03,2025-02-06,02,戸田,一般,３３５１１２[３],2024-02-18,2024-02-23,02,戸田,一般,３　５３２３４４３５４,5220,青木 蓮,2026-08-12,2026-08-17,02,戸田,一般,３１５　１１３　３　３１,2026-05-01,2026-05-06,02,戸田,一般,３　３２１　２３６　３３,2026-03-28,2026-04-02,02,戸田,一般,１１２　５３３４２５１１,2026-03-07,2026-03-12,02,戸田,一般,１３１　１１３１１１[６],2026-01-03,2026-01-08,02,戸田,一般,４３１２２１４　４　１３,4163,山崎 裕司,2026-01-30,2026-02-02,02,戸田,一般,５　２６２５２２,2024-05-09,2024-05-14,02,戸田,一般,４５６　５１４６６　４,2017-07-08,2017-07-11,02,戸田,一般,３５２１F４,2017-03-16,2017-03-20,02,戸田,一般,６４３　４４４　４３,2016-01-30,2016-02-03,02,戸田,一般,３６３　２２３１４３,4295,小坂 尚哉,2026-02-25,2026-03-01,02,戸田,一般,４３２１２５１転１２,2025-12-27,2025-12-31,02,戸田,一般,１４１５２３３４２１,2025-05-30,2025-06-04,02,戸田,ＧⅢ,５５１４１　２２４３１２,2024-12-13,2024-12-16,02,戸田,一般,２６２１１２[２],2024-05-09,2024-05-14,02,戸田,一般,１４３１３　２１２２[３]
202609140401,2026-09-14,04,01R,3432,宮迫 暢彦,2025-07-21,2025-07-26,04,平和島,一般,５　５２２　１５３６１４,2024-12-14,2024-12-19,04,平和島,一般,１２３６１　４４２５５３,2023-11-27,2023-11-30,04,平和島,一般,１６４２５　２２,2023-02-18,2023-02-23,04,平和島,一般,２　１６５４６　１１５２,2022-02-14,2022-02-19,04,平和島,一般,５４２　３２１　１６１４,4367,山口 修路,2025-05-11,2025-05-16,04,平和島,一般,３　５４１２４４２４４３,2024-10-27,2024-10-30,04,平和島,一般,４３２　６６３５,2024-03-01,2024-03-04,04,平和島,一般,３３５５５　２３,2023-03-01,2023-03-05,04,平和島,一般,４１１２３　４２[４],2019-07-30,2019-08-04,04,平和島,一般,２１４　４２４　５２[６],5023,久永 祥平,2026-06-18,2026-06-21,04,平和島,一般,１３３４４　３３,2026-03-02,2026-03-06,04,平和島,一般,５３３　１　５２２３,2024-05-03,2024-05-08,04,平和島,一般,４６４　６３５　６　転欠,2024-03-23,2024-03-28,04,平和島,一般,２　１１５　４１３２[６],2024-02-23,2024-02-26,04,平和島,一般,５３３　２５１６,3313,本吉 正樹,2025-08-25,2025-08-30,04,平和島,一般,６　４２５　５４５　２４,2024-09-15,2024-09-19,04,平和島,一般,２６６　２　F５５,2024-02-23,2024-02-26,04,平和島,一般,４　５５５２２５,2024-01-03,2024-01-08,04,平和島,一般,３　３３３３５　１５２,2023-09-15,2023-09-20,04,平和島,一般,６　１５２　２５２１５３,4697,國弘 翔平,2026-07-02,2026-07-07,04,平和島,一般,５　４５３　５３４　落１,2024-09-08,2024-09-11,04,平和島,一般,３３５１４　３３,2024-06-13,2024-06-16,04,平和島,一般,５１６　５４６,2023-02-18,2023-02-23,04,平和島,一般,１　６F６　５　４　５,2020-03-07,2020-03-12,04,平和島,一般,５６６　６４５　５　４４,5393,,,,,,,,,,,,,,,,,,,,,,,,,,,,,,,
202609140402,2026-09-14,04,02R,4880,澤崎 雄哉,2026-02-04,2026-02-07,04,平和島,一般,　　　　　　１１,2024-11-06,2024-11-11,04,平和島,一般,１５４　２２４　２３６４,2024-02-23,2024-02-26,04,平和島,一般,１３６３２　６２,2023-08-22,2023-08-25,04,平和島,一般,２　２３１２[４],2023-07-26,2023-07-31,04,平和島,ＧⅢ,５２５　４６４２１　６４,5105,富田 恕生,2025-02-16,2025-02-21,04,平和島,一般,２２４３５　２３１２[５],2023-02-18,2023-02-23,04,平和島,一般,１６３　５３４　４３４１,2022-03-24,2022-03-29,04,平和島,一般,４　２３１４５４３　４１,,,,,,,,,,,,,4659,木下 翔太,2026-04-24,2026-04-29,04,平和島,一般,１５２２２１１　１１[２],2025-09-04,2025-09-10,04,平和島,ＧⅠ,２　３　４２２　３　４６,2025-03-15,2025-03-20,04,平和島,ＧⅠ,５３３　４　３３５　１３,2023-02-18,2023-02-23,04,平和島,一般,２１５　１１６３１３１１,2022-10-11,2022-10-16,04,平和島,ＧⅠ,４　２３６　１３１　５３,5081,篠原 飛翔,2022-03-24,2022-03-29,04,平和島,一般,３４６　６６落　３　３２,2022-01-15,2022-01-20,04,平和島,一般,６　４６６　５４２　１６,,,,,,,,,,,,,,,,,,,4863,三浦 裕貴,2026-08-03,2026-08-08,04,平和島,ＧⅢ,６　５３６　５５６　６５,2026-06-18,2026-06-21,04,平和島,一般,６１６　１５３４,2026-01-04,2026-01-09,04,平和島,一般,３　５６４　１２転６３,2025-08-16,2025-08-21,04,平和島,一般,２　４３５６１　５２６,2025-01-04,2025-01-09,04,平和島,一般,４３２　４６４４３４３,3951,石川 吉鎬,2025-08-07,2025-08-12,04,平和島,一般,２１３１１５４　３５２２,2024-12-04,2024-12-09,04,平和島,一般,２３２４３６,2023-09-06,2023-09-11,04,平和島,一般,４　３４３５４６４　３５,2019-03-10,2019-03-15,04,平和島,一般,２　４６２４６エ１　５４,2018-08-16,2018-08-21,04,平和島,一般,３４５５２　２１１６１４
202609140403,2026-09-14,04,03R,3107,平岡 重典,2025-12-26,2025-12-31,04,平和島,一般,３　１　３４転５５　４４,2024-10-27,2024-10-30,04,平和島,一般,１４１３５　３６,2024-04-02,2024-04-07,04,平和島,一般,５３６　４５５　５　４４,2023-04-24,2023-04-29,04,平和島,一般,５５６　３３４　２　２１,2021-11-29,2021-12-04,04,平和島,一般,４　１５３　５５１５５,3771,折下 寛法,2026-01-21,2026-01-26,04,平和島,一般,６６４　３　２４４　１５,2025-05-03,2025-05-08,04,平和島,一般,妨３５５４６４　５５４,2024-11-16,2024-11-21,04,平和島,一般,２３３　５５２５３１４１,2023-12-13,2023-12-18,04,平和島,一般,３５１５１　１５５５４２,2023-06-20,2023-06-23,04,平和島,一般,４２転,3747,國崎 良春,2026-06-18,2026-06-21,04,平和島,一般,３２２５１　５６,2025-04-02,2025-04-07,04,平和島,一般,６１３　５１５　２６１５,2024-09-08,2024-09-11,04,平和島,一般,１４５　２１３４,2023-07-05,2023-07-10,04,平和島,一般,５　１２３５４２１６４６,2020-04-10,2020-04-13,04,平和島,一般,１１３１２　[６],4200,早川 尚人,2026-02-21,2026-02-26,04,平和島,一般,６　５５６４２　２５１５,2025-07-29,2025-08-03,04,平和島,一般,５４４　３６２　２４,2023-02-18,2023-02-23,04,平和島,一般,２　４３６５５　３　２転,2021-11-11,2021-11-16,04,平和島,一般,４４３　３６５　３５５,2021-10-04,2021-10-09,04,平和島,一般,２２３　４２３　３６２４,4769,馬場 剛,2025-09-13,2025-09-18,04,平和島,一般,４４４　５２１　５３２６,2025-08-16,2025-08-21,04,平和島,一般,１１１　１６１４３２[４],2025-07-11,2025-07-16,04,平和島,一般,４２５　１４２３５４２２,2025-05-03,2025-05-08,04,平和島,一般,５　３６１２１１６３５２,2024-10-02,2024-10-07,04,平和島,一般,１４３　５２１６２３５２,5031,渡辺 空依,2021-03-25,2021-03-30,04,平和島,一般,１　６６５２１　６６１,,,,,,,,,,,,,,,,,,,,,,,,
202609140404,2026-09-14,04,04R,4421,森作 広大,2026-08-11,2026-08-16,04,平和島,一般,５　４３４　６２６　５２,2026-04-24,2026-04-29,04,平和島,一般,５４３　６　６６５　４４,2025-07-11,2025-07-16,04,平和島,一般,６５５　４　５４５　３５,2025-02-27,2025-03-02,04,平和島,一般,６　２１５１５２,2024-11-06,2024-11-11,04,平和島,一般,３５５　６５２　５　１４,4272,大場 広孝,2025-07-02,2025-07-07,04,平和島,ＧⅢ,３３４　２６F　５　４,2025-01-20,2025-01-25,04,平和島,一般,１４４　２３３１５６２４,2023-08-22,2023-08-25,04,平和島,一般,４　３５３４１６,2020-04-10,2020-04-13,04,平和島,一般,２　１５３１６１,2019-08-23,2019-08-28,04,平和島,一般,３　３３６４２４１　４６,3105,内山 文典,2025-06-17,2025-06-20,04,平和島,一般,６６１　４１３１,2025-01-04,2025-01-09,04,平和島,一般,１　３３１６４３２５１４,2024-10-11,2024-10-16,04,平和島,一般,５　１４６　３５２　２２,2024-07-04,2024-07-09,04,平和島,ＧⅢ,４　３４１　６４４１４,2023-12-26,2023-12-31,04,平和島,一般,３２１　１４４３５３３１,4508,野間 大樹,2024-09-08,2024-09-11,04,平和島,一般,６２２　２５１５,2021-11-11,2021-11-16,04,平和島,一般,１３５　転３,2021-07-13,2021-07-18,04,平和島,ＧⅢ,５　３６２　１６５６３,2017-11-28,2017-12-03,04,平和島,一般,４　２３１　４５１　５３,2016-04-24,2016-04-29,04,平和島,一般,５　５５F　５　６　４,5237,永松 良教,2025-07-29,2025-08-03,04,平和島,一般,６　５４５　２４１,2024-09-23,2024-09-28,04,平和島,一般,３　６６F　６　６　６,,,,,,,,,,,,,,,,,,,3439,大平 誉史明,2026-01-21,2026-01-26,04,平和島,一般,４　１２５　２６１６１３,2025-10-01,2025-10-05,04,平和島,一般,３　３１２４１４１２,2025-07-02,2025-07-07,04,平和島,ＧⅢ,３　４３１１６　２３６４,2024-07-04,2024-07-09,04,平和島,ＧⅢ,５　６２４４４６６１３１,2023-04-06,2023-04-11,04,平和島,一般,２４１　２１２１１１[５]
202609140405,2026-09-14,04,05R,3564,桑原 啓,2024-09-23,2024-09-28,04,平和島,一般,１６４　２２６１６４１２,2022-05-21,2022-05-26,04,平和島,一般,２　１６２６１　２４１１,2021-09-08,2021-09-13,04,平和島,ＧⅢ,５　５１１　１F５　４,2020-09-25,2020-09-30,04,平和島,ＧⅢ,５　１６４６２　５５４５,2019-04-10,2019-04-15,04,平和島,一般,３　５５６　６　６３２,4976,金山 立樹,2026-07-11,2026-07-14,04,平和島,一般,１　３５２２４３,2025-12-26,2025-12-31,04,平和島,一般,　　　　　　　　　　１２,2025-02-27,2025-03-02,04,平和島,一般,２４１２２　[５],2024-07-14,2024-07-19,04,平和島,一般,　　　　　　　　　　４４,2024-06-13,2024-06-16,04,平和島,一般,２４１６５　４２,3857,阿波 勝哉,2026-08-11,2026-08-16,04,平和島,一般,５６２　３　３４２３３,2026-05-03,2026-05-08,04,平和島,一般,３　２３エ１４　３５４５,2026-01-04,2026-01-09,04,平和島,一般,３　３４５４４　３　２５,2025-09-22,2025-09-27,04,平和島,一般,３１４　２６２　５５２１,2025-05-03,2025-05-08,04,平和島,一般,５　４６２　２５６　４６,4377,濱本 優一,2026-02-04,2026-02-07,04,平和島,一般,２５４３２６２６,2025-08-25,2025-08-30,04,平和島,一般,２　１１３３１２１６１５,2024-11-06,2024-11-11,04,平和島,一般,５４３　５６６　３６２２,2023-09-06,2023-09-11,04,平和島,一般,１４６１４２３　１６３４,2023-04-06,2023-04-11,04,平和島,一般,４２５　６２６３１　３５,3915,繁野谷 圭介,2026-01-21,2026-01-26,04,平和島,一般,４４１　３５６　２５３,2025-07-21,2025-07-26,04,平和島,一般,５　１４５　６１５１６,2025-01-29,2025-02-03,04,平和島,一般,１　３３５５５１２１２６,2024-10-27,2024-10-30,04,平和島,一般,１２５５４　６２,2024-07-23,2024-07-26,04,平和島,一般,４６２６１　１１,3876,中辻 崇人,2024-10-02,2024-10-07,04,平和島,一般,F１３　３　３　２　１,2023-10-07,2023-10-12,04,平和島,一般,１１２　１２１１２１[２],2019-10-17,2019-10-21,04,平和島,一般,１４４　１１１３[４],2018-11-27,2018-12-02,04,平和島,一般,１２６　２２４４４　３,2018-09-06,2018-09-11,04,平和島,一般,１１４６１　１３５１[２]
202609140406,2026-09-14,04,06R,4651,佐藤 大騎,2026-04-24,2026-04-29,04,平和島,一般,F　４　６　４３５　５,2025-06-23,2025-06-28,04,平和島,一般,１２４　４２２　６２[６],2024-11-06,2024-11-11,04,平和島,一般,４　５３６　３２５　４４,2023-11-09,2023-11-14,04,平和島,一般,５　５４３　４３２　５３,2023-01-12,2023-01-17,04,平和島,一般,２　３４３４３　２５６３,4053,芦澤 望,2026-08-11,2026-08-16,04,平和島,一般,５　２３１　５３４５３３,2026-05-03,2026-05-08,04,平和島,一般,２１６６４　１２F６４,2026-01-04,2026-01-09,04,平和島,一般,５　１２２２３４２２[２],2025-07-29,2025-08-03,04,平和島,一般,３　４４３４２　欠欠,2024-07-04,2024-07-09,04,平和島,ＧⅢ,１２４　４５３５６２６１,3904,森 貴洋,2026-07-02,2026-07-07,04,平和島,一般,２５５　１５６　５　３５,2025-07-11,2025-07-16,04,平和島,一般,落１５　６５３　２　２３,2024-01-12,2024-01-15,04,平和島,一般,２　５３２２４１,2023-11-09,2023-11-14,04,平和島,一般,３１２　１３４　３６１５,2023-07-05,2023-07-10,04,平和島,一般,６２３　６１３３１　１３,4367,山口 修路,2025-05-11,2025-05-16,04,平和島,一般,３　５４１２４４２４４３,2024-10-27,2024-10-30,04,平和島,一般,４３２　６６３５,2024-03-01,2024-03-04,04,平和島,一般,３３５５５　２３,2023-03-01,2023-03-05,04,平和島,一般,４１１２３　４２[４],2019-07-30,2019-08-04,04,平和島,一般,２１４　４２４　５２[６],4104,木下 陽介,2026-08-11,2026-08-16,04,平和島,一般,１　３４１２２　３２[２],2026-06-24,2026-06-28,04,平和島,一般,３　４３５５５５,2026-01-04,2026-01-09,04,平和島,一般,１３３　１６５　２６２６,2025-08-16,2025-08-21,04,平和島,一般,４１１　２５６　６６１６,2025-05-03,2025-05-08,04,平和島,一般,２　１４２４６　１５１,4932,新開 航,2026-07-18,2026-07-21,04,平和島,一般,２５４４１１１１,2025-09-04,2025-09-10,04,平和島,ＧⅠ,６５４　３　１４４３６,2025-05-20,2025-05-25,04,平和島,ＧⅡ,３　１３１　３２１　[２],2025-03-06,2025-03-10,04,平和島,一般,１２１　３１２１[３],2024-07-04,2024-07-09,04,平和島,ＧⅢ,１４１３１　１１４１[２]
202609140407,2026-09-14,04,07R,4180,上野 秀和,2025-07-21,2025-07-26,04,平和島,一般,３　３４４　４６４　１４,2025-03-06,2025-03-10,04,平和島,一般,４４３　５２６　４３,2024-06-22,2024-06-25,04,平和島,一般,３６５　３４４４,2019-07-30,2019-08-04,04,平和島,一般,２　１５１２４　３４４４,2019-02-28,2019-03-04,04,平和島,一般,６　１２２６６５１１,3432,宮迫 暢彦,2025-07-21,2025-07-26,04,平和島,一般,５　５２２　１５３６１４,2024-12-14,2024-12-19,04,平和島,一般,１２３６１　４４２５５３,2023-11-27,2023-11-30,04,平和島,一般,１６４２５　２２,2023-02-18,2023-02-23,04,平和島,一般,２　１６５４６　１１５２,2022-02-14,2022-02-19,04,平和島,一般,５４２　３２１　１６１４,4610,佐藤 大佑,2026-03-18,2026-03-21,04,平和島,一般,３１１　４５５２,2024-02-03,2024-02-08,04,平和島,ＧⅠ,５６２　４　６５４　３１,2023-05-04,2023-05-09,04,平和島,一般,１４１５４４F　４　５,2023-04-06,2023-04-11,04,平和島,一般,１３１１２２１　１１[３],2022-07-19,2022-07-22,04,平和島,一般,１５２５３１１５,5022,伊藤 尚汰,2026-06-18,2026-06-21,04,平和島,一般,４２５　３６６６,2026-03-09,2026-03-14,04,平和島,一般,５　４３６　４６６　４６,2025-07-21,2025-07-26,04,平和島,一般,３２２　３６３　４６３３,2025-04-27,2025-04-30,04,平和島,一般,５６４　１３４３,2024-04-02,2024-04-07,04,平和島,一般,４　１２３　２６４４４４,4082,濱崎 誠,2025-07-21,2025-07-26,04,平和島,一般,１　２５１３２　１４２５,2020-10-31,2020-11-03,04,平和島,一般,６欠,2020-02-01,2020-02-06,04,平和島,一般,４３１　４５３６１　４２,2019-09-27,2019-09-30,04,平和島,一般,２４５２３　１２,2019-07-20,2019-07-25,04,平和島,一般,４４５　２５２６１　４４,5424,熊倉 幹太,2026-01-04,2026-01-09,04,平和島,一般,６　６　６６６６６　１F,,,,,,,,,,,,,,,,,,,,,,,,
202609140408,2026-09-14,04,08R,5023,久永 祥平,2026-06-18,2026-06-21,04,平和島,一般,１３３４４　３３,2026-03-02,2026-03-06,04,平和島,一般,５３３　１　５２２３,2024-05-03,2024-05-08,04,平和島,一般,４６４　６３５　６　転欠,2024-03-23,2024-03-28,04,平和島,一般,２　１１５　４１３２[６],2024-02-23,2024-02-26,04,平和島,一般,５３３　２５１６,4422,永井 亮次,2026-01-14,2026-01-18,04,平和島,一般,４　４４３５５,2024-04-13,2024-04-18,04,平和島,一般,５　４６６　１６１　４５,2023-12-13,2023-12-18,04,平和島,一般,２　２６４４６　６　６２,2022-09-15,2022-09-19,04,平和島,一般,６　３５２３４　６５,2022-06-14,2022-06-17,04,平和島,一般,１　３３４４１４,3963,原田 秀弥,2026-06-24,2026-06-28,04,平和島,一般,１３３４４　２４,2025-07-02,2025-07-07,04,平和島,ＧⅢ,６１２　６５転,2025-04-27,2025-04-30,04,平和島,一般,３　６１,2023-02-01,2023-02-04,04,平和島,一般,６　４３４　３,2022-11-12,2022-11-16,04,平和島,一般,４４４　４３３３２６,3771,折下 寛法,2026-01-21,2026-01-26,04,平和島,一般,６６４　３　２４４　１５,2025-05-03,2025-05-08,04,平和島,一般,妨３５５４６４　５５４,2024-11-16,2024-11-21,04,平和島,一般,２３３　５５２５３１４１,2023-12-13,2023-12-18,04,平和島,一般,３５１５１　１５５５４２,2023-06-20,2023-06-23,04,平和島,一般,４２転,5081,篠原 飛翔,2022-03-24,2022-03-29,04,平和島,一般,３４６　６６落　３　３２,2022-01-15,2022-01-20,04,平和島,一般,６　４６６　５４２　１６,,,,,,,,,,,,,,,,,,,5209,小野 京平,2025-04-21,2025-04-24,04,平和島,一般,F　６　６６５,2024-03-01,2024-03-04,04,平和島,一般,５　５５３４４３,,,,,,,,,,,,,,,,,,
202609140409,2026-09-14,04,09R,5104,山田 丈,2025-02-16,2025-02-21,04,平和島,一般,１　４１２１２４２３１３,,,,,,,,,,,,,,,,,,,,,,,,,3800,牧 宏次,2025-08-16,2025-08-21,04,平和島,一般,２　４４２　３６５１６,2025-01-29,2025-02-03,04,平和島,一般,３　１１６２３６２３４２,2024-05-03,2024-05-08,04,平和島,一般,１　３２４１５６２３１４,2024-02-23,2024-02-26,04,平和島,一般,３５１　３６４,2024-01-12,2024-01-15,04,平和島,一般,５６３　２２１３,3107,平岡 重典,2025-12-26,2025-12-31,04,平和島,一般,３　１　３４転５５　４４,2024-10-27,2024-10-30,04,平和島,一般,１４１３５　３６,2024-04-02,2024-04-07,04,平和島,一般,５３６　４５５　５　４４,2023-04-24,2023-04-29,04,平和島,一般,５５６　３３４　２　２１,2021-11-29,2021-12-04,04,平和島,一般,４　１５３　５５１５５,4697,國弘 翔平,2026-07-02,2026-07-07,04,平和島,一般,５　４５３　５３４　落１,2024-09-08,2024-09-11,04,平和島,一般,３３５１４　３３,2024-06-13,2024-06-16,04,平和島,一般,５１６　５４６,2023-02-18,2023-02-23,04,平和島,一般,１　６F６　５　４　５,2020-03-07,2020-03-12,04,平和島,一般,５６６　６４５　５　４４,4508,野間 大樹,2024-09-08,2024-09-11,04,平和島,一般,６２２　２５１５,2021-11-11,2021-11-16,04,平和島,一般,１３５　転３,2021-07-13,2021-07-18,04,平和島,ＧⅢ,５　３６２　１６５６３,2017-11-28,2017-12-03,04,平和島,一般,４　２３１　４５１　５３,2016-04-24,2016-04-29,04,平和島,一般,５　５５F　５　６　４,4863,三浦 裕貴,2026-08-03,2026-08-08,04,平和島,ＧⅢ,６　５３６　５５６　６５,2026-06-18,2026-06-21,04,平和島,一般,６１６　１５３４,2026-01-04,2026-01-09,04,平和島,一般,３　５６４　１２転６３,2025-08-16,2025-08-21,04,平和島,一般,２　４３５６１　５２６,2025-01-04,2025-01-09,04,平和島,一般,４３２　４６４４３４３
202609140410,2026-09-14,04,10R,4377,濱本 優一,2026-02-04,2026-02-07,04,平和島,一般,２５４３２６２６,2025-08-25,2025-08-30,04,平和島,一般,２　１１３３１２１６１５,2024-11-06,2024-11-11,04,平和島,一般,５４３　５６６　３６２２,2023-09-06,2023-09-11,04,平和島,一般,１４６１４２３　１６３４,2023-04-06,2023-04-11,04,平和島,一般,４２５　６２６３１　３５,3747,國崎 良春,2026-06-18,2026-06-21,04,平和島,一般,３２２５１　５６,2025-04-02,2025-04-07,04,平和島,一般,６１３　５１５　２６１５,2024-09-08,2024-09-11,04,平和島,一般,１４５　２１３４,2023-07-05,2023-07-10,04,平和島,一般,５　１２３５４２１６４６,2020-04-10,2020-04-13,04,平和島,一般,１１３１２　[６],4272,大場 広孝,2025-07-02,2025-07-07,04,平和島,ＧⅢ,３３４　２６F　５　４,2025-01-20,2025-01-25,04,平和島,一般,１４４　２３３１５６２４,2023-08-22,2023-08-25,04,平和島,一般,４　３５３４１６,2020-04-10,2020-04-13,04,平和島,一般,２　１５３１６１,2019-08-23,2019-08-28,04,平和島,一般,３　３３６４２４１　４６,3385,渡邉 睦広,2026-08-11,2026-08-16,04,平和島,一般,４２１　６５４１１　２４,2026-05-03,2026-05-08,04,平和島,一般,２２４　５１３　５４２５,2026-03-18,2026-03-21,04,平和島,一般,２１４　１３[３],2026-01-04,2026-01-09,04,平和島,一般,２１２　３４４　１４６２,2025-08-16,2025-08-21,04,平和島,一般,３６２　６４２　４　２１,3951,石川 吉鎬,2025-08-07,2025-08-12,04,平和島,一般,２１３１１５４　３５２２,2024-12-04,2024-12-09,04,平和島,一般,２３２４３６,2023-09-06,2023-09-11,04,平和島,一般,４　３４３５４６４　３５,2019-03-10,2019-03-15,04,平和島,一般,２　４６２４６エ１　５４,2018-08-16,2018-08-21,04,平和島,一般,３４５５２　２１１６１４,3313,本吉 正樹,2025-08-25,2025-08-30,04,平和島,一般,６　４２５　５４５　２４,2024-09-15,2024-09-19,04,平和島,一般,２６６　２　F５５,2024-02-23,2024-02-26,04,平和島,一般,４　５５５２２５,2024-01-03,2024-01-08,04,平和島,一般,３　３３３３５　１５２,2023-09-15,2023-09-20,04,平和島,一般,６　１５２　２５２１５３
202609140411,2026-09-14,04,11R,4288,永田 啓二,2026-03-02,2026-03-06,04,平和島,一般,１３３　１　４１[５],2025-09-22,2025-09-27,04,平和島,一般,２２２２４１２　２２[５],2024-10-02,2024-10-07,04,平和島,一般,４３３１２４転,2024-08-07,2024-08-10,04,平和島,一般,３２１２１１[１],2021-09-02,2021-09-05,04,平和島,一般,１　１２１１[１],3915,繁野谷 圭介,2026-01-21,2026-01-26,04,平和島,一般,４４１　３５６　２５３,2025-07-21,2025-07-26,04,平和島,一般,５　１４５　６１５１６,2025-01-29,2025-02-03,04,平和島,一般,１　３３５５５１２１２６,2024-10-27,2024-10-30,04,平和島,一般,１２５５４　６２,2024-07-23,2024-07-26,04,平和島,一般,４６２６１　１１,5031,渡辺 空依,2021-03-25,2021-03-30,04,平和島,一般,１　６６５２１　６６１,,,,,,,,,,,,,,,,,,,,,,,,,5004,河野 主樹,2025-12-26,2025-12-31,04,平和島,一般,５　１２２　２４２４２１,2025-07-21,2025-07-26,04,平和島,一般,落　６　２３５３４　３,2024-11-16,2024-11-21,04,平和島,一般,２４２　１３３　４５３３,2022-11-12,2022-11-16,04,平和島,一般,３　２６５１４　４２,2021-04-24,2021-04-29,04,平和島,一般,２６４　１５６３２　２５,4880,澤崎 雄哉,2026-02-04,2026-02-07,04,平和島,一般,　　　　　　１１,2024-11-06,2024-11-11,04,平和島,一般,１５４　２２４　２３６４,2024-02-23,2024-02-26,04,平和島,一般,１３６３２　６２,2023-08-22,2023-08-25,04,平和島,一般,２　２３１２[４],2023-07-26,2023-07-31,04,平和島,ＧⅢ,５２５　４６４２１　６４,4053,芦澤 望,2026-08-11,2026-08-16,04,平和島,一般,５　２３１　５３４５３３,2026-05-03,2026-05-08,04,平和島,一般,２１６６４　１２F６４,2026-01-04,2026-01-09,04,平和島,一般,５　１２２２３４２２[２],2025-07-29,2025-08-03,04,平和島,一般,３　４４３４２　欠欠,2024-07-04,2024-07-09,04,平和島,ＧⅢ,１２４　４５３５６２６１
202609140412,2026-09-14,04,12R,4610,佐藤 大佑,2026-03-18,2026-03-21,04,平和島,一般,３１１　４５５２,2024-02-03,2024-02-08,04,平和島,ＧⅠ,５６２　４　６５４　３１,2023-05-04,2023-05-09,04,平和島,一般,１４１５４４F　４　５,2023-04-06,2023-04-11,04,平和島,一般,１３１１２２１　１１[３],2022-07-19,2022-07-22,04,平和島,一般,１５２５３１１５,3439,大平 誉史明,2026-01-21,2026-01-26,04,平和島,一般,４　１２５　２６１６１３,2025-10-01,2025-10-05,04,平和島,一般,３　３１２４１４１２,2025-07-02,2025-07-07,04,平和島,ＧⅢ,３　４３１１６　２３６４,2024-07-04,2024-07-09,04,平和島,ＧⅢ,５　６２４４４６６１３１,2023-04-06,2023-04-11,04,平和島,一般,２４１　２１２１１１[５],3876,中辻 崇人,2024-10-02,2024-10-07,04,平和島,一般,F１３　３　３　２　１,2023-10-07,2023-10-12,04,平和島,一般,１１２　１２１１２１[２],2019-10-17,2019-10-21,04,平和島,一般,１４４　１１１３[４],2018-11-27,2018-12-02,04,平和島,一般,１２６　２２４４４　３,2018-09-06,2018-09-11,04,平和島,一般,１１４６１　１３５１[２],4769,馬場 剛,2025-09-13,2025-09-18,04,平和島,一般,４４４　５２１　５３２６,2025-08-16,2025-08-21,04,平和島,一般,１１１　１６１４３２[４],2025-07-11,2025-07-16,04,平和島,一般,４２５　１４２３５４２２,2025-05-03,2025-05-08,04,平和島,一般,５　３６１２１１６３５２,2024-10-02,2024-10-07,04,平和島,一般,１４３　５２１６２３５２,4932,新開 航,2026-07-18,2026-07-21,04,平和島,一般,２５４４１１１１,2025-09-04,2025-09-10,04,平和島,ＧⅠ,６５４　３　１４４３６,2025-05-20,2025-05-25,04,平和島,ＧⅡ,３　１３１　３２１　[２],2025-03-06,2025-03-10,04,平和島,一般,１２１　３１２１[３],2024-07-04,2024-07-09,04,平和島,ＧⅢ,１４１３１　１１４１[２],4659,木下 翔太,2026-04-24,2026-04-29,04,平和島,一般,１５２２２１１　１１[２],2025-09-04,2025-09-10,04,平和島,ＧⅠ,２　３　４２２　３　４６,2025-03-15,2025-03-20,04,平和島,ＧⅠ,５３３　４　３３５　１３,2023-02-18,2023-02-23,04,平和島,一般,２１５　１１６３１３１１,2022-10-11,2022-10-16,04,平和島,ＧⅠ,４　２３６　１３１　５３
202609140601,2026-09-14,06,01R,3392,小森 信雄,2025-08-30,2025-09-03,06,浜名湖,一般,２４１　５３４５２２,2024-05-03,2024-05-07,06,浜名湖,一般,１６３６５　３６５,2024-02-07,2024-02-12,06,浜名湖,一般,３　５４２　６５５　２４,2023-12-06,2023-12-11,06,浜名湖,一般,１　５４３　１１２６４,2023-04-06,2023-04-11,06,浜名湖,一般,５　６５４　６５,5349,宮崎 奏磨,2026-06-30,2026-07-05,06,浜名湖,一般,６　５F６　６　転　６,2026-04-09,2026-04-14,06,浜名湖,一般,６６６　６６５　６　４６,2026-02-19,2026-02-24,06,浜名湖,一般,　　　　　　　　６６５６,2025-12-29,2026-01-03,06,浜名湖,一般,３６６　６　６６１６６,2025-08-15,2025-08-20,06,浜名湖,一般,６　４６４　６６５５６,4876,梅木 敬太,2023-11-23,2023-11-28,06,浜名湖,一般,６　２６５５４　６５３５,2023-08-04,2023-08-08,06,浜名湖,一般,５４５　２　６６２５,2020-02-23,2020-02-28,06,浜名湖,一般,２３６　１５４１２６５４,2019-12-07,2019-12-11,06,浜名湖,一般,６　５６４５５　６３,2016-01-20,2016-01-25,06,浜名湖,一般,５　５１２　５２４４４３,4022,待鳥 雄紀,2026-06-13,2026-06-16,06,浜名湖,一般,１２３　４３５５,2026-01-08,2026-01-12,06,浜名湖,一般,５　４４６６５　６５,2025-06-28,2025-07-03,06,浜名湖,一般,４　５４５５５　１　５２,2023-12-06,2023-12-11,06,浜名湖,一般,２３４１１　１２５１[１],2023-03-11,2023-03-14,06,浜名湖,一般,５　５５４２２３,3516,吉原 聖人,2025-03-04,2025-03-09,06,浜名湖,一般,２５４欠,2024-12-07,2024-12-10,06,浜名湖,一般,５　２３５５３,2022-03-09,2022-03-14,06,浜名湖,一般,６４５　４１４　６４２４,2021-09-10,2021-09-14,06,浜名湖,一般,６　２４６３６　４５,2018-06-22,2018-06-27,06,浜名湖,ＧⅢ,２　３２１３２２５１[２],4068,幸田 智裕,2026-08-11,2026-08-16,06,浜名湖,一般,１　５４４　５６４　２４,2026-05-03,2026-05-08,06,浜名湖,一般,６５２　１５６　４５４,2026-03-29,2026-04-03,06,浜名湖,一般,４３３　５エ３　３　５,2025-11-26,2025-12-01,06,浜名湖,一般,１６２　３５４３３５３６,2025-08-15,2025-08-20,06,浜名湖,一般,　　　　　　　　５２５
202609140602,2026-09-14,06,02R,5369,,,,,,,,,,,,,,,,,,,,,,,,,,,,,,,,3714,梶原 正,2025-04-24,2025-04-29,06,浜名湖,一般,３　５３６２５　２５３５,2021-10-22,2021-10-25,06,浜名湖,一般,６　３３４６６,2019-02-06,2019-02-11,06,浜名湖,一般,１　６４５　６５５　４３,2018-04-21,2018-04-25,06,浜名湖,一般,５　５５２　６６４３,2017-03-04,2017-03-07,06,浜名湖,一般,１　３３５６３５,4066,東本 勝利,2026-03-20,2026-03-25,06,浜名湖,ＧⅢ,１　３５３３５６１　３４,2025-12-10,2025-12-15,06,浜名湖,一般,１５２４４１３１５２[６],2024-11-16,2024-11-20,06,浜名湖,一般,２　３４２５１２[４],2024-02-24,2024-02-29,06,浜名湖,一般,２　１１３　　　６２[６],2023-03-21,2023-03-25,06,浜名湖,一般,１３４２１１５３５１,3939,渡辺 真至,2026-07-24,2026-07-27,06,浜名湖,一般,２４３　１２３１,2024-10-23,2024-10-27,06,浜名湖,一般,３１５３４　２６３２,2024-07-26,2024-07-29,06,浜名湖,一般,４５１　５５５３,2024-05-03,2024-05-07,06,浜名湖,一般,２２３　２２３４２３,2023-08-04,2023-08-08,06,浜名湖,一般,１２１４１　４１[１],4666,日笠 勝弘,2025-03-13,2025-03-16,06,浜名湖,一般,２４２５５　４３,2025-01-08,2025-01-13,06,浜名湖,一般,１　２４３４６５１　３６,2024-03-20,2024-03-25,06,浜名湖,一般,４　５６６　２２５　２４,2023-04-15,2023-04-20,06,浜名湖,一般,４　２６４６F　６　６,2021-03-28,2021-04-03,06,浜名湖,一般,６２６　６　６６欠,4588,田中 京介,2026-03-20,2026-03-25,06,浜名湖,ＧⅢ,６　５５,2025-11-26,2025-12-01,06,浜名湖,一般,２　１４２３６１１２[６],2025-07-26,2025-08-01,06,浜名湖,一般,１　６６１１３４１３１５,2023-10-07,2023-10-11,06,浜名湖,一般,２３５　４１６２[６],2022-09-24,2022-09-27,06,浜名湖,一般,６　１２５３２３
202609140603,2026-09-14,06,03R,3906,飯山 晃三,2025-08-23,2025-08-26,06,浜名湖,一般,１５１５５　６６,2024-08-30,2024-09-04,06,浜名湖,一般,６５１　４６２　６６６,2023-12-22,2023-12-25,06,浜名湖,一般,５３２　４５６６,2020-04-17,2020-04-21,06,浜名湖,一般,３　４４１５１５,2019-11-30,2019-12-04,06,浜名湖,一般,２１４４１　２６２５,4684,楠原 翔太,2025-01-16,2025-01-21,06,浜名湖,一般,４３５　４２４　２１４６,2024-09-18,2024-09-23,06,浜名湖,ＧⅢ,６６４　６６６　６　４,2023-07-15,2023-07-20,06,浜名湖,一般,６３５５１　２４６　１１,2022-09-24,2022-09-27,06,浜名湖,一般,３４４　５２１２,2022-01-27,2022-01-31,06,浜名湖,一般,６４５　３５１　１４,4381,田路 朋史,2025-10-25,2025-10-30,06,浜名湖,一般,３　３１１２６１２５１４,2025-04-24,2025-04-29,06,浜名湖,一般,１２２３２３３６３２[４],2023-07-08,2023-07-11,06,浜名湖,一般,５６５２５　４４,2023-01-07,2023-01-11,06,浜名湖,一般,４１１　３５５５３４,2021-09-26,2021-09-29,06,浜名湖,一般,１１２３２１[２],4677,片橋 幸貴,2025-08-23,2025-08-26,06,浜名湖,一般,４６２　５１４１,2025-02-09,2025-02-14,06,浜名湖,一般,２１４３１３３２１　[３],2024-11-16,2024-11-20,06,浜名湖,一般,２１２　３１３１[２],2024-01-16,2024-01-21,06,浜名湖,一般,１２４３１６１　１４３４,2023-06-13,2023-06-16,06,浜名湖,一般,６　１４４１４５,4150,山田 雄太,2026-08-11,2026-08-16,06,浜名湖,一般,１３３２５　１　３　３２,2026-01-24,2026-01-27,06,浜名湖,一般,１４２　５５２６,2025-12-29,2026-01-03,06,浜名湖,一般,１５５　４３５　３２１,2025-08-15,2025-08-20,06,浜名湖,一般,２６３６３　３　３１５,2025-07-17,2025-07-22,06,浜名湖,一般,１　５３５３２１４４２６,3796,長野 道臣,2026-08-11,2026-08-16,06,浜名湖,一般,４　４５６　６５５　１３,2026-05-03,2026-05-08,06,浜名湖,一般,５５４　２５５　５　４４,2026-01-15,2026-01-20,06,浜名湖,一般,１　２５２４３　１６２２,2025-08-15,2025-08-20,06,浜名湖,一般,４４４　３　３３４　１１,2025-06-28,2025-07-03,06,浜名湖,一般,　　　　　　　　　　４５
202609140604,2026-09-14,06,04R,5066,鈴木 孝明,2026-02-19,2026-02-24,06,浜名湖,一般,５６３　４４４,2025-04-24,2025-04-29,06,浜名湖,一般,２５２　２３４２６５５４,2024-12-20,2024-12-25,06,浜名湖,一般,２３３　L４４５,2024-09-18,2024-09-23,06,浜名湖,ＧⅢ,６５３　４５２　６６３６,2023-12-14,2023-12-17,06,浜名湖,一般,１３３　２４１１,4336,松田 竜馬,2025-12-19,2025-12-24,06,浜名湖,一般,２５３　５３２　１５４４,2025-09-20,2025-09-25,06,浜名湖,一般,１４２　３５５３１５２３,2025-01-30,2025-02-04,06,浜名湖,一般,４５５　５４１　３　６１,2024-03-29,2024-04-03,06,浜名湖,一般,６２５,2023-06-04,2023-06-10,06,浜名湖,一般,３　２２２４１５１２[６],4358,松本 庸平,2025-10-17,2025-10-21,06,浜名湖,一般,５５３　６　３３１,2024-12-14,2024-12-17,06,浜名湖,一般,３６６１４　５６,2024-06-29,2024-07-04,06,浜名湖,一般,６　２６３　５６６　１６,2024-02-07,2024-02-12,06,浜名湖,一般,１５３３４　２F５　３,2023-09-30,2023-10-03,06,浜名湖,一般,３４５　６　３６,3842,星野 太郎,2026-06-06,2026-06-10,06,浜名湖,一般,１　６４５３４　３５,2025-09-11,2025-09-16,06,浜名湖,一般,４６１　２５４　１２３４,2024-12-14,2024-12-17,06,浜名湖,一般,３　１４３３４５,2024-06-29,2024-07-04,06,浜名湖,一般,３１４２３３２　２３６１,2023-12-22,2023-12-25,06,浜名湖,一般,３１３５１１３１,5091,為本 智也,2026-05-16,2026-05-19,06,浜名湖,一般,２　２２１３[３],2025-04-15,2025-04-20,06,浜名湖,一般,５　１２６５５　１３３４,2023-05-18,2023-05-22,06,浜名湖,一般,６６１　６１３　４５,2023-03-21,2023-03-25,06,浜名湖,一般,１４４　１５４６２６,2021-03-28,2021-04-03,06,浜名湖,一般,５６４　１　５６６　１４４,5463,,,,,,,,,,,,,,,,,,,,,,,,,,,,,,,
202609140605,2026-09-14,06,05R,4811,向井田 佑紀,2026-06-30,2026-07-05,06,浜名湖,一般,５５３　６６５　２　３３,2025-09-11,2025-09-16,06,浜名湖,一般,１　４３３５４　３６３３,2025-06-28,2025-07-03,06,浜名湖,一般,４　１５２６３５４　４１,2024-12-14,2024-12-17,06,浜名湖,一般,６４２　３６３,2024-04-16,2024-04-20,06,浜名湖,一般,３１４６４　５１６２,3777,樋口 亮,2026-02-19,2026-02-24,06,浜名湖,一般,１１１　４５１２２４１３,2025-08-23,2025-08-26,06,浜名湖,一般,１６１２５　４３,2024-10-12,2024-10-17,06,浜名湖,一般,２２３２１　１２３２[３],2024-07-26,2024-07-29,06,浜名湖,一般,３４２１１　[５],2023-12-22,2023-12-25,06,浜名湖,一般,４　６５５３４,5353,,,,,,,,,,,,,,,,,,,,,,,,,,,,,,,,4431,石塚 裕介,2025-07-17,2025-07-22,06,浜名湖,一般,２３６　６　４５３　４４,2024-02-07,2024-02-12,06,浜名湖,一般,１２２１３　２２１１[６],2023-12-06,2023-12-11,06,浜名湖,一般,３２３　４３５４２４２,2023-02-01,2023-02-06,06,浜名湖,一般,４３２１５　１２２２[２],2022-11-17,2022-11-20,06,浜名湖,一般,４５２６５　１５,4654,篠田 優也,2025-09-20,2025-09-25,06,浜名湖,一般,１　１４１１２１１１[２],2025-03-13,2025-03-16,06,浜名湖,一般,３４１３３５１４,2024-06-07,2024-06-12,06,浜名湖,一般,２２６５４　１　１２１６,2022-07-13,2022-07-18,06,浜名湖,一般,１　３３２５F３４　４,2022-01-18,2022-01-23,06,浜名湖,一般,２　４４５４２３１４,4269,杉山 裕也,2023-02-11,2023-02-16,06,浜名湖,ＧⅠ,４　５　３１５　２２３６,2022-01-18,2022-01-23,06,浜名湖,一般,F５６　４　６　５２,2021-12-11,2021-12-15,06,浜名湖,一般,２６５　６６,2021-01-09,2021-01-13,06,浜名湖,一般,１３１１２１４１[３],2020-09-26,2020-09-29,06,浜名湖,一般,１１１１２３[１]
202609140606,2026-09-14,06,06R,4369,丹下 将,2025-12-10,2025-12-15,06,浜名湖,一般,１４４４４４３　１６５４,2025-03-20,2025-03-25,06,浜名湖,一般,２６５　１２２２６２[２],2024-10-23,2024-10-27,06,浜名湖,一般,２１１　３６３２[４],2022-02-27,2022-03-04,06,浜名湖,一般,５４F　５　４　４　２４,2021-12-11,2021-12-15,06,浜名湖,一般,４２１　１１２１[１],3516,吉原 聖人,2025-03-04,2025-03-09,06,浜名湖,一般,２５４欠,2024-12-07,2024-12-10,06,浜名湖,一般,５　２３５５３,2022-03-09,2022-03-14,06,浜名湖,一般,６４５　４１４　６４２４,2021-09-10,2021-09-14,06,浜名湖,一般,６　２４６３６　４５,2018-06-22,2018-06-27,06,浜名湖,ＧⅢ,２　３２１３２２５１[２],4639,雑賀 勇貴,2025-11-26,2025-12-01,06,浜名湖,一般,３６２　４２５　４２２２,2024-12-14,2024-12-17,06,浜名湖,一般,５３４５６　５,2024-03-20,2024-03-25,06,浜名湖,一般,６　１　５６５５転　４,2024-01-06,2024-01-11,06,浜名湖,一般,３６２　３６３　２６５６,2021-06-10,2021-06-14,06,浜名湖,一般,５　６３６４３　１３,4899,占部 一真,2026-02-10,2026-02-15,06,浜名湖,一般,５　２６２　６５４　２３,2025-08-23,2025-08-26,06,浜名湖,一般,５　２４１４２４,2022-01-27,2022-01-31,06,浜名湖,一般,５５４　４　３５４６,2021-01-09,2021-01-13,06,浜名湖,一般,５　４４３　１６６欠,,,,,,,4434,田中 辰彦,2025-10-17,2025-10-21,06,浜名湖,一般,２　１３２４５６１５,2022-08-06,2022-08-10,06,浜名湖,一般,４５２４１　２１１６,2022-01-08,2022-01-13,06,浜名湖,一般,３　４１５３２１３　４２,2019-11-20,2019-11-25,06,浜名湖,一般,４４３　２４６１３３[５],2019-06-29,2019-07-02,06,浜名湖,一般,５２５　３３４１,4967,中村 魁生,2026-04-09,2026-04-14,06,浜名湖,一般,３３３１２１２４２４２３,2025-08-30,2025-09-03,06,浜名湖,一般,４１１２３　４４１２,2024-09-09,2024-09-14,06,浜名湖,一般,２３５１４　１３３３２６,2022-10-20,2022-10-25,06,浜名湖,一般,２　転３１１１３４１[５],2019-02-06,2019-02-11,06,浜名湖,一般,２３６　１６３　３６４５
202609140607,2026-09-14,06,07R,3721,守田 俊介,2026-05-26,2026-05-31,06,浜名湖,ＳＧ,５　２２４　５　４１４,2025-11-03,2025-11-08,06,浜名湖,ＧⅠ,１６２　５　２５,2023-04-06,2023-04-11,06,浜名湖,一般,１２３１２２２２６４１１,2022-11-28,2022-12-03,06,浜名湖,ＧⅢ,５２２１１６１６５２[４],2022-11-04,2022-11-09,06,浜名湖,ＧⅠ,３１３　２　４３６　１３,4588,田中 京介,2026-03-20,2026-03-25,06,浜名湖,ＧⅢ,６　５５,2025-11-26,2025-12-01,06,浜名湖,一般,２　１４２３６１１２[６],2025-07-26,2025-08-01,06,浜名湖,一般,１　６６１１３４１３１５,2023-10-07,2023-10-11,06,浜名湖,一般,２３５　４１６２[６],2022-09-24,2022-09-27,06,浜名湖,一般,６　１２５３２３,3796,長野 道臣,2026-08-11,2026-08-16,06,浜名湖,一般,４　４５６　６５５　１３,2026-05-03,2026-05-08,06,浜名湖,一般,５５４　２５５　５　４４,2026-01-15,2026-01-20,06,浜名湖,一般,１　２５２４３　１６２２,2025-08-15,2025-08-20,06,浜名湖,一般,４４４　３　３３４　１１,2025-06-28,2025-07-03,06,浜名湖,一般,　　　　　　　　　　４５,4876,梅木 敬太,2023-11-23,2023-11-28,06,浜名湖,一般,６　２６５５４　６５３５,2023-08-04,2023-08-08,06,浜名湖,一般,５４５　２　６６２５,2020-02-23,2020-02-28,06,浜名湖,一般,２３６　１５４１２６５４,2019-12-07,2019-12-11,06,浜名湖,一般,６　５６４５５　６３,2016-01-20,2016-01-25,06,浜名湖,一般,５　５１２　５２４４４３,3286,坂東 満,2026-03-29,2026-04-03,06,浜名湖,一般,２　４３１　４６１　２４,2026-01-08,2026-01-12,06,浜名湖,一般,６　５６２４５　３３,2025-06-28,2025-07-03,06,浜名湖,一般,１　２５３３６３６　１１,2025-03-04,2025-03-09,06,浜名湖,一般,６　欠欠,2024-12-07,2024-12-10,06,浜名湖,一般,３　１２４６１３,4798,浜先 真範,2026-02-10,2026-02-15,06,浜名湖,一般,１２４４３１転５２　３,2025-10-25,2025-10-30,06,浜名湖,一般,１　２４２６２４２３３１,2022-01-08,2022-01-13,06,浜名湖,一般,３２２　２１１３４　[１],2020-01-17,2020-01-21,06,浜名湖,一般,３　６２１３F３６,2019-01-17,2019-01-20,06,浜名湖,一般,４３３４１　３４
202609140608,2026-09-14,06,08R,3627,井上 恵一,2025-12-19,2025-12-24,06,浜名湖,一般,２３１　５４２１３２[６],2025-03-29,2025-04-03,06,浜名湖,一般,１　１１５３３　２４２３,2024-12-07,2024-12-10,06,浜名湖,一般,２　６１６２５５,2024-02-24,2024-02-29,06,浜名湖,一般,１５５　４　　　３５３５,2023-03-02,2023-03-07,06,浜名湖,一般,１　４６４６１６１　５５,3939,渡辺 真至,2026-07-24,2026-07-27,06,浜名湖,一般,２４３　１２３１,2024-10-23,2024-10-27,06,浜名湖,一般,３１５３４　２６３２,2024-07-26,2024-07-29,06,浜名湖,一般,４５１　５５５３,2024-05-03,2024-05-07,06,浜名湖,一般,２２３　２２３４２３,2023-08-04,2023-08-08,06,浜名湖,一般,１２１４１　４１[１],3842,星野 太郎,2026-06-06,2026-06-10,06,浜名湖,一般,１　６４５３４　３５,2025-09-11,2025-09-16,06,浜名湖,一般,４６１　２５４　１２３４,2024-12-14,2024-12-17,06,浜名湖,一般,３　１４３３４５,2024-06-29,2024-07-04,06,浜名湖,一般,３１４２３３２　２３６１,2023-12-22,2023-12-25,06,浜名湖,一般,３１３５１１３１,4345,西舘 健,2025-10-08,2025-10-13,06,浜名湖,一般,１　３６４６２　３６２５,2024-09-18,2024-09-23,06,浜名湖,ＧⅢ,　　　　　　　　５４１,2023-12-22,2023-12-25,06,浜名湖,一般,エ欠,2023-07-08,2023-07-11,06,浜名湖,一般,３５１　６３４４,2023-03-11,2023-03-14,06,浜名湖,一般,１　５５３６５４,5349,宮崎 奏磨,2026-06-30,2026-07-05,06,浜名湖,一般,６　５F６　６　転　６,2026-04-09,2026-04-14,06,浜名湖,一般,６６６　６６５　６　４６,2026-02-19,2026-02-24,06,浜名湖,一般,　　　　　　　　６６５６,2025-12-29,2026-01-03,06,浜名湖,一般,３６６　６　６６１６６,2025-08-15,2025-08-20,06,浜名湖,一般,６　４６４　６６５５６,3306,武田 正紀,2026-02-10,2026-02-15,06,浜名湖,一般,６　３５４　５３４　５４,2025-08-23,2025-08-26,06,浜名湖,一般,３３４　４６５５,2025-03-04,2025-03-09,06,浜名湖,一般,６　３１１４３６３３６１,2021-12-11,2021-12-15,06,浜名湖,一般,５６５　３　４５３５,2021-07-25,2021-07-29,06,浜名湖,一般,２５３５５　４　５２
202609140609,2026-09-14,06,09R,4381,田路 朋史,2025-10-25,2025-10-30,06,浜名湖,一般,３　３１１２６１２５１４,2025-04-24,2025-04-29,06,浜名湖,一般,１２２３２３３６３２[４],2023-07-08,2023-07-11,06,浜名湖,一般,５６５２５　４４,2023-01-07,2023-01-11,06,浜名湖,一般,４１１　３５５５３４,2021-09-26,2021-09-29,06,浜名湖,一般,１１２３２１[２],4358,松本 庸平,2025-10-17,2025-10-21,06,浜名湖,一般,５５３　６　３３１,2024-12-14,2024-12-17,06,浜名湖,一般,３６６１４　５６,2024-06-29,2024-07-04,06,浜名湖,一般,６　２６３　５６６　１６,2024-02-07,2024-02-12,06,浜名湖,一般,１５３３４　２F５　３,2023-09-30,2023-10-03,06,浜名湖,一般,３４５　６　３６,4022,待鳥 雄紀,2026-06-13,2026-06-16,06,浜名湖,一般,１２３　４３５５,2026-01-08,2026-01-12,06,浜名湖,一般,５　４４６６５　６５,2025-06-28,2025-07-03,06,浜名湖,一般,４　５４５５５　１　５２,2023-12-06,2023-12-11,06,浜名湖,一般,２３４１１　１２５１[１],2023-03-11,2023-03-14,06,浜名湖,一般,５　５５４２２３,5353,,,,,,,,,,,,,,,,,,,,,,,,,,,,,,,,3714,梶原 正,2025-04-24,2025-04-29,06,浜名湖,一般,３　５３６２５　２５３５,2021-10-22,2021-10-25,06,浜名湖,一般,６　３３４６６,2019-02-06,2019-02-11,06,浜名湖,一般,１　６４５　６５５　４３,2018-04-21,2018-04-25,06,浜名湖,一般,５　５５２　６６４３,2017-03-04,2017-03-07,06,浜名湖,一般,１　３３５６３５,3811,石田 章央,2026-07-24,2026-07-27,06,浜名湖,一般,１５４２６　６１,2026-05-03,2026-05-08,06,浜名湖,一般,５５４　３１５　１　６６,2026-01-08,2026-01-12,06,浜名湖,一般,２２６　２４１５１３,2025-08-30,2025-09-03,06,浜名湖,一般,３２５３２　１２２６,2025-07-26,2025-08-01,06,浜名湖,一般,２３２１２　２１５２[３]
202609140610,2026-09-14,06,10R,4269,杉山 裕也,2023-02-11,2023-02-16,06,浜名湖,ＧⅠ,４　５　３１５　２２３６,2022-01-18,2022-01-23,06,浜名湖,一般,F５６　４　６　５２,2021-12-11,2021-12-15,06,浜名湖,一般,２６５　６６,2021-01-09,2021-01-13,06,浜名湖,一般,１３１１２１４１[３],2020-09-26,2020-09-29,06,浜名湖,一般,１１１１２３[１],5066,鈴木 孝明,2026-02-19,2026-02-24,06,浜名湖,一般,５６３　４４４,2025-04-24,2025-04-29,06,浜名湖,一般,２５２　２３４２６５５４,2024-12-20,2024-12-25,06,浜名湖,一般,２３３　L４４５,2024-09-18,2024-09-23,06,浜名湖,ＧⅢ,６５３　４５２　６６３６,2023-12-14,2023-12-17,06,浜名湖,一般,１３３　２４１１,4150,山田 雄太,2026-08-11,2026-08-16,06,浜名湖,一般,１３３２５　１　３　３２,2026-01-24,2026-01-27,06,浜名湖,一般,１４２　５５２６,2025-12-29,2026-01-03,06,浜名湖,一般,１５５　４３５　３２１,2025-08-15,2025-08-20,06,浜名湖,一般,２６３６３　３　３１５,2025-07-17,2025-07-22,06,浜名湖,一般,１　５３５３２１４４２６,4336,松田 竜馬,2025-12-19,2025-12-24,06,浜名湖,一般,２５３　５３２　１５４４,2025-09-20,2025-09-25,06,浜名湖,一般,１４２　３５５３１５２３,2025-01-30,2025-02-04,06,浜名湖,一般,４５５　５４１　３　６１,2024-03-29,2024-04-03,06,浜名湖,一般,６２５,2023-06-04,2023-06-10,06,浜名湖,一般,３　２２２４１５１２[６],4369,丹下 将,2025-12-10,2025-12-15,06,浜名湖,一般,１４４４４４３　１６５４,2025-03-20,2025-03-25,06,浜名湖,一般,２６５　１２２２６２[２],2024-10-23,2024-10-27,06,浜名湖,一般,２１１　３６３２[４],2022-02-27,2022-03-04,06,浜名湖,一般,５４F　５　４　４　２４,2021-12-11,2021-12-15,06,浜名湖,一般,４２１　１１２１[１],4066,東本 勝利,2026-03-20,2026-03-25,06,浜名湖,ＧⅢ,１　３５３３５６１　３４,2025-12-10,2025-12-15,06,浜名湖,一般,１５２４４１３１５２[６],2024-11-16,2024-11-20,06,浜名湖,一般,２　３４２５１２[４],2024-02-24,2024-02-29,06,浜名湖,一般,２　１１３　　　６２[６],2023-03-21,2023-03-25,06,浜名湖,一般,１３４２１１５３５１
202609140611,2026-09-14,06,11R,4967,中村 魁生,2026-04-09,2026-04-14,06,浜名湖,一般,３３３１２１２４２４２３,2025-08-30,2025-09-03,06,浜名湖,一般,４１１２３　４４１２,2024-09-09,2024-09-14,06,浜名湖,一般,２３５１４　１３３３２６,2022-10-20,2022-10-25,06,浜名湖,一般,２　転３１１１３４１[５],2019-02-06,2019-02-11,06,浜名湖,一般,２３６　１６３　３６４５,4666,日笠 勝弘,2025-03-13,2025-03-16,06,浜名湖,一般,２４２５５　４３,2025-01-08,2025-01-13,06,浜名湖,一般,１　２４３４６５１　３６,2024-03-20,2024-03-25,06,浜名湖,一般,４　５６６　２２５　２４,2023-04-15,2023-04-20,06,浜名湖,一般,４　２６４６F　６　６,2021-03-28,2021-04-03,06,浜名湖,一般,６２６　６　６６欠,4654,篠田 優也,2025-09-20,2025-09-25,06,浜名湖,一般,１　１４１１２１１１[２],2025-03-13,2025-03-16,06,浜名湖,一般,３４１３３５１４,2024-06-07,2024-06-12,06,浜名湖,一般,２２６５４　１　１２１６,2022-07-13,2022-07-18,06,浜名湖,一般,１　３３２５F３４　４,2022-01-18,2022-01-23,06,浜名湖,一般,２　４４５４２３１４,3721,守田 俊介,2026-05-26,2026-05-31,06,浜名湖,ＳＧ,５　２２４　５　４１４,2025-11-03,2025-11-08,06,浜名湖,ＧⅠ,１６２　５　２５,2023-04-06,2023-04-11,06,浜名湖,一般,１２３１２２２２６４１１,2022-11-28,2022-12-03,06,浜名湖,ＧⅢ,５２２１１６１６５２[４],2022-11-04,2022-11-09,06,浜名湖,ＧⅠ,３１３　２　４３６　１３,4068,幸田 智裕,2026-08-11,2026-08-16,06,浜名湖,一般,１　５４４　５６４　２４,2026-05-03,2026-05-08,06,浜名湖,一般,６５２　１５６　４５４,2026-03-29,2026-04-03,06,浜名湖,一般,４３３　５エ３　３　５,2025-11-26,2025-12-01,06,浜名湖,一般,１６２　３５４３３５３６,2025-08-15,2025-08-20,06,浜名湖,一般,　　　　　　　　５２５,4677,片橋 幸貴,2025-08-23,2025-08-26,06,浜名湖,一般,４６２　５１４１,2025-02-09,2025-02-14,06,浜名湖,一般,２１４３１３３２１　[３],2024-11-16,2024-11-20,06,浜名湖,一般,２１２　３１３１[２],2024-01-16,2024-01-21,06,浜名湖,一般,１２４３１６１　１４３４,2023-06-13,2023-06-16,06,浜名湖,一般,６　１４４１４５
202609140612,2026-09-14,06,12R,4798,浜先 真範,2026-02-10,2026-02-15,06,浜名湖,一般,１２４４３１転５２　３,2025-10-25,2025-10-30,06,浜名湖,一般,１　２４２６２４２３３１,2022-01-08,2022-01-13,06,浜名湖,一般,３２２　２１１３４　[１],2020-01-17,2020-01-21,06,浜名湖,一般,３　６２１３F３６,2019-01-17,2019-01-20,06,浜名湖,一般,４３３４１　３４,4431,石塚 裕介,2025-07-17,2025-07-22,06,浜名湖,一般,２３６　６　４５３　４４,2024-02-07,2024-02-12,06,浜名湖,一般,１２２１３　２２１１[６],2023-12-06,2023-12-11,06,浜名湖,一般,３２３　４３５４２４２,2023-02-01,2023-02-06,06,浜名湖,一般,４３２１５　１２２２[２],2022-11-17,2022-11-20,06,浜名湖,一般,４５２６５　１５,5091,為本 智也,2026-05-16,2026-05-19,06,浜名湖,一般,２　２２１３[３],2025-04-15,2025-04-20,06,浜名湖,一般,５　１２６５５　１３３４,2023-05-18,2023-05-22,06,浜名湖,一般,６６１　６１３　４５,2023-03-21,2023-03-25,06,浜名湖,一般,１４４　１５４６２６,2021-03-28,2021-04-03,06,浜名湖,一般,５６４　１　５６６　１４４,4434,田中 辰彦,2025-10-17,2025-10-21,06,浜名湖,一般,２　１３２４５６１５,2022-08-06,2022-08-10,06,浜名湖,一般,４５２４１　２１１６,2022-01-08,2022-01-13,06,浜名湖,一般,３　４１５３２１３　４２,2019-11-20,2019-11-25,06,浜名湖,一般,４４３　２４６１３３[５],2019-06-29,2019-07-02,06,浜名湖,一般,５２５　３３４１,4684,楠原 翔太,2025-01-16,2025-01-21,06,浜名湖,一般,４３５　４２４　２１４６,2024-09-18,2024-09-23,06,浜名湖,ＧⅢ,６６４　６６６　６　４,2023-07-15,2023-07-20,06,浜名湖,一般,６３５５１　２４６　１１,2022-09-24,2022-09-27,06,浜名湖,一般,３４４　５２１２,2022-01-27,2022-01-31,06,浜名湖,一般,６４５　３５１　１４,3627,井上 恵一,2025-12-19,2025-12-24,06,浜名湖,一般,２３１　５４２１３２[６],2025-03-29,2025-04-03,06,浜名湖,一般,１　１１５３３　２４２３,2024-12-07,2024-12-10,06,浜名湖,一般,２　６１６２５５,2024-02-24,2024-02-29,06,浜名湖,一般,１５５　４　　　３５３５,2023-03-02,2023-03-07,06,浜名湖,一般,１　４６４６１６１　５５
202609140701,2026-09-14,07,01R,5266,石田 勇斗,2025-12-30,2026-01-04,07,蒲郡,一般,５　３４４　２４５　１６,2025-08-09,2025-08-14,07,蒲郡,一般,５　６６４　１　５５６,2024-10-28,2024-10-31,07,蒲郡,一般,４　５６５　６４,2023-02-04,2023-02-08,07,蒲郡,一般,　　　　　　　　６３,2022-12-24,2022-12-28,07,蒲郡,一般,５　５　６６４　６６,5331,佐藤 永梧,2026-02-10,2026-02-16,07,蒲郡,一般,５　２３４　落５１３３　４６,,,,,,,,,,,,,,,,,,,,,,,,,5207,高山 敬悟,2024-04-13,2024-04-18,07,蒲郡,一般,５　６４６　２６３　５５,2023-10-01,2023-10-05,07,蒲郡,一般,４　５５３　６６１４,,,,,,,,,,,,,,,,,,,5288,尾道 佳諭,2026-04-05,2026-04-11,07,蒲郡,一般,５６５　４６１　２　４６３,2025-05-31,2025-06-06,07,蒲郡,一般,５　５６６　５４２４２　４６,2025-01-15,2025-01-20,07,蒲郡,一般,４　６５４５６　４　２６,2024-09-15,2024-09-21,07,蒲郡,一般,５　５５５　４６６　５　５２,,,,,,,5166,仲道 大輔,2026-07-01,2026-07-06,07,蒲郡,一般,３　２１１　２１３３[５],2025-07-01,2025-07-06,07,蒲郡,一般,２　５５３２３　１６２５,2025-01-04,2025-01-09,07,蒲郡,一般,５　４４１１２６１６２３,2024-11-29,2024-12-02,07,蒲郡,一般,３６６１１６１４,2024-08-31,2024-09-07,07,蒲郡,一般,１３４　３５１５２３５１,5258,,,,,,,,,,,,,,,,,,,,,,,,,,,,,,,
202609140702,2026-09-14,07,02R,5232,樅山 拓馬,2026-06-23,2026-06-28,07,蒲郡,一般,２　５２１２１６２２[６],2026-01-14,2026-01-19,07,蒲郡,ＧⅢ,１６６　２４２　１５５６,2025-12-30,2026-01-04,07,蒲郡,一般,４　５４３F３　落　４,2025-08-09,2025-08-14,07,蒲郡,一般,５　４６転　６　２６３,2025-07-19,2025-07-24,07,蒲郡,一般,４３１　１２１３２５４６,5243,三馬 崇史,2026-06-23,2026-06-28,07,蒲郡,一般,２　２１５２１　１２[５],2024-03-02,2024-03-07,07,蒲郡,一般,５３５　３５４　３４６３,,,,,,,,,,,,,,,,,,,5417,,,,,,,,,,,,,,,,,,,,,,,,,,,,,,,,5221,竹間 隆晟,2026-07-01,2026-07-06,07,蒲郡,一般,４　１４２１２　２５３５,2025-05-31,2025-06-06,07,蒲郡,一般,欠欠,2025-02-07,2025-02-10,07,蒲郡,一般,３２２３１２[４],2024-08-31,2024-09-07,07,蒲郡,一般,２４２３４　１　４６１５,2022-03-09,2022-03-15,07,蒲郡,一般,６　４５６　５６５　６　５４,5337,出畑 孝成,2026-04-18,2026-04-21,07,蒲郡,一般,５　３２２１転４,2025-07-19,2025-07-24,07,蒲郡,一般,４３５　５２４　２　６４,,,,,,,,,,,,,,,,,,,5325,澁川 夏,2026-07-01,2026-07-06,07,蒲郡,一般,２　４６２　１４５　１１,2024-01-25,2024-01-29,07,蒲郡,一般,６６６　６　５６６４,,,,,,,,,,,,,,,,,,
202609140703,2026-09-14,07,03R,5178,成貞 琳平,2024-03-02,2024-03-07,07,蒲郡,一般,４５２　３６３　５６,2023-08-29,2023-09-02,07,蒲郡,一般,５６６６６　６　５F,2022-08-17,2022-08-22,07,蒲郡,一般,６　４５６　４５５　６３,2022-04-29,2022-05-05,07,蒲郡,一般,６　６４６　４６４　６６６６,2022-03-09,2022-03-15,07,蒲郡,一般,６　３５５６５　不５３　４６,5279,石渡 翔一郎,2023-03-12,2023-03-17,07,蒲郡,一般,４　４３５　６４２　転３,2022-12-24,2022-12-28,07,蒲郡,一般,５　４４１　６６６５,,,,,,,,,,,,,,,,,,,5222,津田 陸翔,2025-05-14,2025-05-18,07,蒲郡,一般,５　２５１５４３３,,,,,,,,,,,,,,,,,,,,,,,,,5252,荒木 颯斗,2026-06-17,2026-06-20,07,蒲郡,一般,３１４２５５１１,2026-01-31,2026-02-05,07,蒲郡,一般,３　１６２　３転１５２５,2025-01-15,2025-01-20,07,蒲郡,一般,　　　　　　　　　　３５,2024-10-12,2024-10-16,07,蒲郡,一般,　　　　　　　　１１,2024-08-31,2024-09-07,07,蒲郡,一般,３５３　３６５　６　３５,5434,藤田 康生,2026-06-03,2026-06-07,07,蒲郡,一般,６６５　６　６６,,,,,,,,,,,,,,,,,,,,,,,,,5385,鈴木 柊介,2026-04-18,2026-04-21,07,蒲郡,一般,５６６　６　５６,2025-07-19,2025-07-24,07,蒲郡,一般,５５３　６　３　６６５,2025-02-25,2025-03-02,07,蒲郡,一般,６５６　６　６　５６５,,,,,,,,,,,,
202609140704,2026-09-14,07,04R,5175,島崎 丈一朗,2025-01-23,2025-01-28,07,蒲郡,一般,３　６３４４５６５３３６,2024-09-24,2024-09-28,07,蒲郡,一般,４　F転５　６　５,2023-06-29,2023-07-04,07,蒲郡,一般,４　３６４　３６２５２４,2023-04-30,2023-05-05,07,蒲郡,一般,　　　　　　　　３　４３,2022-10-04,2022-10-09,07,蒲郡,一般,６　５４５　６　５５F５,5301,岩下 巧斗,2026-04-24,2026-04-28,07,蒲郡,一般,４３F　４　５　５,2025-07-19,2025-07-24,07,蒲郡,一般,欠　４６１　３５１　２４,2024-03-02,2024-03-07,07,蒲郡,一般,４５５　５６５　５　５４,,,,,,,,,,,,,5239,上野 俊樹,2026-04-24,2026-04-28,07,蒲郡,一般,３３１　欠欠,2025-06-11,2025-06-16,07,蒲郡,一般,３　３１５３１３３４１３,2025-01-23,2025-01-28,07,蒲郡,一般,４３３３２　５３３４３２,2024-08-31,2024-09-07,07,蒲郡,一般,５２３　４４６　４　６４,,,,,,,5364,金子 怜央,2026-07-01,2026-07-06,07,蒲郡,一般,６　５５４３６　６　３４,2025-07-19,2025-07-24,07,蒲郡,一般,５６落　６　６　６６６,2025-02-07,2025-02-10,07,蒲郡,一般,６６５　６　６６,,,,,,,,,,,,,5068,前田 滉,2026-08-11,2026-08-16,07,蒲郡,一般,１６３１１１２１２２[４],2026-05-01,2026-05-06,07,蒲郡,一般,２２１１２１３１２２[１],2026-03-24,2026-03-29,07,蒲郡,ＳＧ,１５１　４　２６１６１,2025-12-30,2026-01-04,07,蒲郡,一般,１２３３１１２３２１[１],2025-08-09,2025-08-14,07,蒲郡,一般,１４３３１１１１１１[２],5246,楠 将太郎,2025-12-09,2025-12-15,07,蒲郡,一般,３２２２４　３２１　１１[４],2025-07-19,2025-07-24,07,蒲郡,一般,２６１　３３１６３４１４,,,,,,,,,,,,,,,,,,
202609140705,2026-09-14,07,05R,5197,中野 仁照,2026-08-11,2026-08-16,07,蒲郡,一般,３３５　４２３　３６１５,2025-10-05,2025-10-10,07,蒲郡,ＧⅠ,F　６　６６６　６　６,2025-07-19,2025-07-24,07,蒲郡,一般,１　３１１１１２３２[３],2025-04-11,2025-04-15,07,蒲郡,一般,２３１１１　３１[６],2024-08-31,2024-09-07,07,蒲郡,一般,１　２２２２１２３１[１],5145,,,,,,,,,,,,,,,,,,,,,,,,,,,,,,,,5266,石田 勇斗,2025-12-30,2026-01-04,07,蒲郡,一般,５　３４４　２４５　１６,2025-08-09,2025-08-14,07,蒲郡,一般,５　６６４　１　５５６,2024-10-28,2024-10-31,07,蒲郡,一般,４　５６５　６４,2023-02-04,2023-02-08,07,蒲郡,一般,　　　　　　　　６３,2022-12-24,2022-12-28,07,蒲郡,一般,５　５　６６４　６６,5411,木下 虎之輔,2026-04-18,2026-04-21,07,蒲郡,一般,６　６５６　６６,2025-06-11,2025-06-16,07,蒲郡,一般,６　６６６　４６６　６６,,,,,,,,,,,,,,,,,,,5234,塚越 海斗,2023-10-08,2023-10-12,07,蒲郡,一般,１３３　１２４４４１,2022-07-07,2022-07-12,07,蒲郡,一般,６　５６６　３５５　F,,,,,,,,,,,,,,,,,,,5128,坪井 爽佑,2026-08-11,2026-08-16,07,蒲郡,一般,５　４４６　５６１　６２,2025-01-31,2025-02-04,07,蒲郡,一般,２２４　３２６５４６,2024-05-01,2024-05-05,07,蒲郡,一般,６４２　４５F３６,2023-12-14,2023-12-18,07,蒲郡,一般,６６６　４６６　６,2023-09-23,2023-09-28,07,蒲郡,一般,６４転　６　６　６６６
202609140706,2026-09-14,07,06R,5196,鰐部 太空海,2026-09-04,2026-09-08,07,蒲郡,一般,１　５１２４１５６３,2025-08-09,2025-08-14,07,蒲郡,一般,６　５３４　５１３　３３,2025-02-25,2025-03-02,07,蒲郡,一般,２　３２３４１３２３５１,2024-02-25,2024-02-28,07,蒲郡,一般,２　５３３５３１,2023-08-29,2023-09-02,07,蒲郡,一般,５　６３５３２　１５,5303,土井 歩夢,2025-01-31,2025-02-04,07,蒲郡,一般,５５５５２　４　３３,,,,,,,,,,,,,,,,,,,,,,,,,5214,田中 宏典,2024-03-02,2024-03-07,07,蒲郡,一般,６　６５４　６４５　３５,,,,,,,,,,,,,,,,,,,,,,,,,5240,高橋 龍治,2025-03-23,2025-03-28,07,蒲郡,一般,５　６２５　５２５　２,,,,,,,,,,,,,,,,,,,,,,,,,5432,安藤 瑠希,2026-06-03,2026-06-07,07,蒲郡,一般,５　３６３　３５,,,,,,,,,,,,,,,,,,,,,,,,,5255,藤原 仙二,2026-02-10,2026-02-16,07,蒲郡,一般,３２４　１２１４４　２３４１,2024-07-02,2024-07-07,07,蒲郡,一般,　　　　　　　　　　１１,2024-06-21,2024-06-25,07,蒲郡,一般,２１２　１１４１[１],2024-05-17,2024-05-22,07,蒲郡,一般,３４４　３６３　４５４４,2022-10-21,2022-10-26,07,蒲郡,一般,６　３６４　５３６６６６
202609140707,2026-09-14,07,07R,5256,中山 翔太,2025-07-19,2025-07-24,07,蒲郡,一般,３２３　１３１６５３１３,2024-05-17,2024-05-22,07,蒲郡,一般,４２３　２４１５１１[４],2023-04-30,2023-05-05,07,蒲郡,一般,５２１　２６２４３５５５,2022-08-17,2022-08-22,07,蒲郡,一般,６　５３４　６５６４４,,,,,,,5232,樅山 拓馬,2026-06-23,2026-06-28,07,蒲郡,一般,２　５２１２１６２２[６],2026-01-14,2026-01-19,07,蒲郡,ＧⅢ,１６６　２４２　１５５６,2025-12-30,2026-01-04,07,蒲郡,一般,４　５４３F３　落　４,2025-08-09,2025-08-14,07,蒲郡,一般,５　４６転　６　２６３,2025-07-19,2025-07-24,07,蒲郡,一般,４３１　１２１３２５４６,5330,安河内鈴之介,2026-07-01,2026-07-06,07,蒲郡,一般,１１１　１２３　１１[１],2025-07-01,2025-07-06,07,蒲郡,一般,５４６　４　４２６　１１,,,,,,,,,,,,,,,,,,,5134,大原 祥昌,2025-03-14,2025-03-19,07,蒲郡,ＧⅢ,５　５５３　６　３　３２,,,,,,,,,,,,,,,,,,,,,,,,,5331,佐藤 永梧,2026-02-10,2026-02-16,07,蒲郡,一般,５　２３４　落５１３３　４６,,,,,,,,,,,,,,,,,,,,,,,,,5434,藤田 康生,2026-06-03,2026-06-07,07,蒲郡,一般,６６５　６　６６,,,,,,,,,,,,,,,,,,,,,,,,
202609140708,2026-09-14,07,08R,5252,荒木 颯斗,2026-06-17,2026-06-20,07,蒲郡,一般,３１４２５５１１,2026-01-31,2026-02-05,07,蒲郡,一般,３　１６２　３転１５２５,2025-01-15,2025-01-20,07,蒲郡,一般,　　　　　　　　　　３５,2024-10-12,2024-10-16,07,蒲郡,一般,　　　　　　　　１１,2024-08-31,2024-09-07,07,蒲郡,一般,３５３　３６５　６　３５,5325,澁川 夏,2026-07-01,2026-07-06,07,蒲郡,一般,２　４６２　１４５　１１,2024-01-25,2024-01-29,07,蒲郡,一般,６６６　６　５６６４,,,,,,,,,,,,,,,,,,,5280,廣瀬 凜,2024-10-28,2024-10-31,07,蒲郡,一般,２４６　３　５４,2023-08-05,2023-08-10,07,蒲郡,一般,６６６　６６６　６　４５,,,,,,,,,,,,,,,,,,,5169,堀本 翔太,2025-12-30,2026-01-04,07,蒲郡,一般,４　４６４　５　３５３４,2025-08-09,2025-08-14,07,蒲郡,一般,５　３５６　６　６６４,2025-07-01,2025-07-06,07,蒲郡,一般,６　３２６　５５６　２３,2024-03-02,2024-03-07,07,蒲郡,一般,２　２５５３６　４６転２,2023-12-25,2023-12-28,07,蒲郡,一般,６　６３３　６,5238,笹木 香吾,2024-08-31,2024-09-07,07,蒲郡,一般,６　４６４５２　３　５６,,,,,,,,,,,,,,,,,,,,,,,,,5364,金子 怜央,2026-07-01,2026-07-06,07,蒲郡,一般,６　５５４３６　６　３４,2025-07-19,2025-07-24,07,蒲郡,一般,５６落　６　６　６６６,2025-02-07,2025-02-10,07,蒲郡,一般,６６５　６　６６,,,,,,,,,,,,
202609140709,2026-09-14,07,09R,5269,山口 晃朋,2026-04-05,2026-04-11,07,蒲郡,一般,１　４４２　３４６　２４２２,2025-05-22,2025-05-26,07,蒲郡,一般,３　５４３　エ５１,2024-08-31,2024-09-07,07,蒲郡,一般,２２４１６　５　１６５２,2024-03-02,2024-03-07,07,蒲郡,一般,３転,2023-06-29,2023-07-04,07,蒲郡,一般,５６６　６　６４６　５５,5385,鈴木 柊介,2026-04-18,2026-04-21,07,蒲郡,一般,５６６　６　５６,2025-07-19,2025-07-24,07,蒲郡,一般,５５３　６　３　６６５,2025-02-25,2025-03-02,07,蒲郡,一般,６５６　６　６　５６５,,,,,,,,,,,,,5308,藤森 拓海,2025-05-22,2025-05-26,07,蒲郡,一般,５　転５４　３　４４,,,,,,,,,,,,,,,,,,,,,,,,,5068,前田 滉,2026-08-11,2026-08-16,07,蒲郡,一般,１６３１１１２１２２[４],2026-05-01,2026-05-06,07,蒲郡,一般,２２１１２１３１２２[１],2026-03-24,2026-03-29,07,蒲郡,ＳＧ,１５１　４　２６１６１,2025-12-30,2026-01-04,07,蒲郡,一般,１２３３１１２３２１[１],2025-08-09,2025-08-14,07,蒲郡,一般,１４３３１１１１１１[２],5197,中野 仁照,2026-08-11,2026-08-16,07,蒲郡,一般,３３５　４２３　３６１５,2025-10-05,2025-10-10,07,蒲郡,ＧⅠ,F　６　６６６　６　６,2025-07-19,2025-07-24,07,蒲郡,一般,１　３１１１１２３２[３],2025-04-11,2025-04-15,07,蒲郡,一般,２３１１１　３１[６],2024-08-31,2024-09-07,07,蒲郡,一般,１　２２２２１２３１[１],5275,松田 淳平,2026-01-23,2026-01-28,07,蒲郡,一般,１　１４２６１　１２[４],2025-04-29,2025-05-04,07,蒲郡,一般,３　４５５転５　３　６３,2025-02-25,2025-03-02,07,蒲郡,一般,４　２５２５３　３４４,2024-05-01,2024-05-05,07,蒲郡,一般,１　３４６１３４４６,2022-12-31,2023-01-05,07,蒲郡,一般,６　６６６　３６６　６６
202609140710,2026-09-14,07,10R,5222,津田 陸翔,2025-05-14,2025-05-18,07,蒲郡,一般,５　２５１５４３３,,,,,,,,,,,,,,,,,,,,,,,,,5332,村松 遥輝,2026-02-10,2026-02-16,07,蒲郡,一般,４落３　１５５　５　２２２１,2026-01-07,2026-01-11,07,蒲郡,一般,４　４２５２４　５５,2025-07-19,2025-07-24,07,蒲郡,一般,６１２　３３４６１６５F,2025-01-15,2025-01-20,07,蒲郡,一般,　　　　　　　　　　落４,2024-04-13,2024-04-18,07,蒲郡,一般,　　　　　　　　　　６６,5243,三馬 崇史,2026-06-23,2026-06-28,07,蒲郡,一般,２　２１５２１　１２[５],2024-03-02,2024-03-07,07,蒲郡,一般,５３５　３５４　３４６３,,,,,,,,,,,,,,,,,,,5196,鰐部 太空海,2026-09-04,2026-09-08,07,蒲郡,一般,１　５１２４１５６３,2025-08-09,2025-08-14,07,蒲郡,一般,６　５３４　５１３　３３,2025-02-25,2025-03-02,07,蒲郡,一般,２　３２３４１３２３５１,2024-02-25,2024-02-28,07,蒲郡,一般,２　５３３５３１,2023-08-29,2023-09-02,07,蒲郡,一般,５　６３５３２　１５,5246,楠 将太郎,2025-12-09,2025-12-15,07,蒲郡,一般,３２２２４　３２１　１１[４],2025-07-19,2025-07-24,07,蒲郡,一般,２６１　３３１６３４１４,,,,,,,,,,,,,,,,,,,5207,高山 敬悟,2024-04-13,2024-04-18,07,蒲郡,一般,５　６４６　２６３　５５,2023-10-01,2023-10-05,07,蒲郡,一般,４　５５３　６６１４,,,,,,,,,,,,,,,,,,
202609140711,2026-09-14,07,11R,5234,塚越 海斗,2023-10-08,2023-10-12,07,蒲郡,一般,１３３　１２４４４１,2022-07-07,2022-07-12,07,蒲郡,一般,６　５６６　３５５　F,,,,,,,,,,,,,,,,,,,5166,仲道 大輔,2026-07-01,2026-07-06,07,蒲郡,一般,３　２１１　２１３３[５],2025-07-01,2025-07-06,07,蒲郡,一般,２　５５３２３　１６２５,2025-01-04,2025-01-09,07,蒲郡,一般,５　４４１１２６１６２３,2024-11-29,2024-12-02,07,蒲郡,一般,３６６１１６１４,2024-08-31,2024-09-07,07,蒲郡,一般,１３４　３５１５２３５１,5178,成貞 琳平,2024-03-02,2024-03-07,07,蒲郡,一般,４５２　３６３　５６,2023-08-29,2023-09-02,07,蒲郡,一般,５６６６６　６　５F,2022-08-17,2022-08-22,07,蒲郡,一般,６　４５６　４５５　６３,2022-04-29,2022-05-05,07,蒲郡,一般,６　６４６　４６４　６６６６,2022-03-09,2022-03-15,07,蒲郡,一般,６　３５５６５　不５３　４６,5256,中山 翔太,2025-07-19,2025-07-24,07,蒲郡,一般,３２３　１３１６５３１３,2024-05-17,2024-05-22,07,蒲郡,一般,４２３　２４１５１１[４],2023-04-30,2023-05-05,07,蒲郡,一般,５２１　２６２４３５５５,2022-08-17,2022-08-22,07,蒲郡,一般,６　５３４　６５６４４,,,,,,,5303,土井 歩夢,2025-01-31,2025-02-04,07,蒲郡,一般,５５５５２　４　３３,,,,,,,,,,,,,,,,,,,,,,,,,5337,出畑 孝成,2026-04-18,2026-04-21,07,蒲郡,一般,５　３２２１転４,2025-07-19,2025-07-24,07,蒲郡,一般,４３５　５２４　２　６４,,,,,,,,,,,,,,,,,,
202609140712,2026-09-14,07,12R,5280,廣瀬 凜,2024-10-28,2024-10-31,07,蒲郡,一般,２４６　３　５４,2023-08-05,2023-08-10,07,蒲郡,一般,６６６　６６６　６　４５,,,,,,,,,,,,,,,,,,,5239,上野 俊樹,2026-04-24,2026-04-28,07,蒲郡,一般,３３１　欠欠,2025-06-11,2025-06-16,07,蒲郡,一般,３　３１５３１３３４１３,2025-01-23,2025-01-28,07,蒲郡,一般,４３３３２　５３３４３２,2024-08-31,2024-09-07,07,蒲郡,一般,５２３　４４６　４　６４,,,,,,,5221,竹間 隆晟,2026-07-01,2026-07-06,07,蒲郡,一般,４　１４２１２　２５３５,2025-05-31,2025-06-06,07,蒲郡,一般,欠欠,2025-02-07,2025-02-10,07,蒲郡,一般,３２２３１２[４],2024-08-31,2024-09-07,07,蒲郡,一般,２４２３４　１　４６１５,2022-03-09,2022-03-15,07,蒲郡,一般,６　４５６　５６５　６　５４,5255,藤原 仙二,2026-02-10,2026-02-16,07,蒲郡,一般,３２４　１２１４４　２３４１,2024-07-02,2024-07-07,07,蒲郡,一般,　　　　　　　　　　１１,2024-06-21,2024-06-25,07,蒲郡,一般,２１２　１１４１[１],2024-05-17,2024-05-22,07,蒲郡,一般,３４４　３６３　４５４４,2022-10-21,2022-10-26,07,蒲郡,一般,６　３６４　５３６６６６,5279,石渡 翔一郎,2023-03-12,2023-03-17,07,蒲郡,一般,４　４３５　６４２　転３,2022-12-24,2022-12-28,07,蒲郡,一般,５　４４１　６６６５,,,,,,,,,,,,,,,,,,,5330,安河内鈴之介,2026-07-01,2026-07-06,07,蒲郡,一般,１１１　１２３　１１[１],2025-07-01,2025-07-06,07,蒲郡,一般,５４６　４　４２６　１１,,,,,,,,,,,,,,,,,,
202609140801,2026-09-14,08,01R,5146,野田 彩加,2025-05-13,2025-05-18,08,常滑,ＧⅡ,２４４　５　４３４　２,2025-01-08,2025-01-11,08,常滑,一般,４１５４４　５３,2024-04-07,2024-04-12,08,常滑,ＧⅢ,３　転４３　５４３　５２,2022-11-10,2022-11-15,08,常滑,ＧⅢ,４　５５２　５５２４６,2022-05-19,2022-05-22,08,常滑,一般,６　６５５２１,5365,,,,,,,,,,,,,,,,,,,,,,,,,,,,,,,,5230,石原 凪紗,2026-05-19,2026-05-24,08,常滑,一般,１１６　３３５　２６６５,2026-03-18,2026-03-23,08,常滑,一般,２２６　２２４　１６２３,2024-12-30,2025-01-04,08,常滑,一般,１５５　５　６５６　１６,2024-06-29,2024-07-02,08,常滑,一般,６　６５６　６５,2024-05-03,2024-05-08,08,常滑,一般,２６５　４　４５６４６３,5436,市川 瑚幸,2026-06-29,2026-07-04,08,常滑,一般,６　６５６　６６５６６,2026-03-08,2026-03-13,08,常滑,一般,６６６　６　６　６６６,,,,,,,,,,,,,,,,,,,4479,矢野 真梨菜,2021-04-22,2021-04-27,08,常滑,ＧⅢ,５５５　５５６,2017-01-14,2017-01-19,08,常滑,ＧⅢ,４６６　５３６　１　５４,2015-12-18,2015-12-21,08,常滑,一般,５５５　５　６６,2013-01-05,2013-01-10,08,常滑,ＧⅢ,４　３４３４４　２４５５,2010-11-18,2010-11-23,08,常滑,一般,３４６　５６５　１　６５,5254,羽田 妃希,2026-03-28,2026-04-03,08,常滑,一般,５　４６６　３１F５５,2025-08-28,2025-09-02,08,常滑,一般,４２５　５　３４２２６２,2024-12-30,2025-01-04,08,常滑,一般,２３６　５　１５２　２,2024-08-10,2024-08-15,08,常滑,一般,６　２５６　４６３　５６,2024-05-03,2024-05-08,08,常滑,一般,６　６４５　落６４　４６
202609140802,2026-09-14,08,02R,4534,坂 咲友理,2025-10-07,2025-10-12,08,常滑,一般,２　２６６４２　５　５,2025-04-07,2025-04-12,08,常滑,ＧⅢ,５　５５４　５５４　２５,2020-03-25,2020-03-30,08,常滑,一般,１　１４５４３３３５１６,2018-09-12,2018-09-17,08,常滑,ＧⅢ,２　４３５　５５５２５,2017-10-27,2017-10-31,08,常滑,一般,６４３　６６４３,5346,中村 紋夕梨,2026-04-24,2026-04-29,08,常滑,一般,６６６　６　３４６　６３,2025-12-13,2025-12-18,08,常滑,一般,６６５　５　６　４６６,2025-04-07,2025-04-12,08,常滑,ＧⅢ,６　６６６　６６６　５５,2024-12-30,2025-01-04,08,常滑,一般,５　６６６　５６６　６６,2024-08-31,2024-09-05,08,常滑,一般,６　６６６　６６F　６,5188,武井 莉里佳,2025-08-19,2025-08-24,08,常滑,一般,４１２２１６２　１３３１,2025-05-13,2025-05-18,08,常滑,ＧⅡ,６　２１５　４　３２４２,2024-04-07,2024-04-12,08,常滑,ＧⅢ,５２６　１　１３５５３３,,,,,,,,,,,,,4764,小池 礼乃,2026-05-27,2026-06-01,08,常滑,一般,４　５６３　１５４３３,2025-12-13,2025-12-18,08,常滑,一般,１　６３１　３２１３[４],2022-09-12,2022-09-17,08,常滑,一般,３　６３１５２４４　２３,2018-12-07,2018-12-11,08,常滑,一般,３３５２４　１５１４,2017-06-01,2017-06-06,08,常滑,一般,５　１５４５１　２４５５,5251,沼田 七華,2024-08-31,2024-09-05,08,常滑,一般,６６５　６５６　５５５,2023-12-22,2023-12-25,08,常滑,一般,６　６５５４６３,,,,,,,,,,,,,,,,,,,5194,大久保 佑香,2026-05-27,2026-06-01,08,常滑,一般,４　６３５　６２４　４４,2024-08-31,2024-09-05,08,常滑,一般,６４３６１　６６５　６５,2024-03-05,2024-03-10,08,常滑,一般,３　４５６　５５４　６３,2022-05-19,2022-05-22,08,常滑,一般,６６６　６　６５,2022-03-11,2022-03-15,08,常滑,一般,６　５６６　５５５５
202609140803,2026-09-14,08,03R,4897,深見 亜由美,2025-08-19,2025-08-24,08,常滑,一般,６　６５３　４６３　５３,2023-11-30,2023-12-05,08,常滑,ＧⅢ,２　１１６２３３５落,2023-11-03,2023-11-06,08,常滑,一般,F　６　４　３６,2023-09-16,2023-09-19,08,常滑,一般,３　６６,2023-01-21,2023-01-24,08,常滑,一般,　　　　　　６５,4941,孫崎 百世,2024-11-06,2024-11-09,08,常滑,一般,転　３６６　２５,2024-08-31,2024-09-05,08,常滑,一般,３１５１４６３　１４２６,2023-07-02,2023-07-06,08,常滑,一般,３　２３６５５　２６,2022-09-12,2022-09-17,08,常滑,一般,３２２　２６５５３　２４,2021-02-20,2021-02-23,08,常滑,一般,５　６３５　３５,4045,佐々木 裕美,2025-05-13,2025-05-18,08,常滑,ＧⅡ,４　３　１６５　３６２,2024-01-19,2024-01-23,08,常滑,一般,３６１　４６３　６１,2023-01-21,2023-01-24,08,常滑,一般,６　欠欠,2021-02-03,2021-02-08,08,常滑,一般,３　６６６　５５,2020-10-24,2020-10-29,08,常滑,一般,１６４　２３６６１１３,5347,井澤 聖奈,2026-08-10,2026-08-15,08,常滑,一般,３　４６５　６６６　６６,2025-12-13,2025-12-18,08,常滑,一般,　　　　　　　　５　６５,2025-08-19,2025-08-24,08,常滑,一般,６５６　４６６　６６６,2025-04-07,2025-04-12,08,常滑,ＧⅢ,６６６　６５５　６　５６,2024-12-30,2025-01-04,08,常滑,一般,６６６　５　６６６　６６,5297,南 彩寧,2026-02-26,2026-03-02,08,常滑,一般,５６６　６　６６６５,2023-12-22,2023-12-25,08,常滑,一般,６６６　４　６５,,,,,,,,,,,,,,,,,,,4825,倉持 莉々,2023-01-10,2023-01-15,08,常滑,一般,３２１　１　１３１１[１],2022-01-08,2022-01-10,08,常滑,一般,４４３　２５,2020-03-25,2020-03-30,08,常滑,一般,２４２５３　２３３６１４,2017-12-23,2017-12-26,08,常滑,一般,４６１５３　１５,2017-08-25,2017-08-28,08,常滑,一般,３２３　４５５３
202609140804,2026-09-14,08,04R,5052,赤井 星璃菜,2022-11-04,2022-11-07,08,常滑,一般,６　６６欠,2021-04-22,2021-04-27,08,常滑,ＧⅢ,６　５F６　６　４　５,2020-10-24,2020-10-29,08,常滑,一般,４５３　４３５　F　６,2020-06-11,2020-06-16,08,常滑,ＧⅢ,６　６６４３６６６５６,2019-06-01,2019-06-04,08,常滑,一般,６　４６６　６６,4502,遠藤 エミ,2026-06-13,2026-06-18,08,常滑,ＧⅠ,１２６　６２４　２２１５,2025-05-13,2025-05-18,08,常滑,ＧⅡ,２　１３３１５　２　[２],2025-01-23,2025-01-26,08,常滑,ＧⅠ,４２３５４　３４,2024-08-18,2024-08-21,08,常滑,一般,２１３２２１[１],2024-01-19,2024-01-23,08,常滑,一般,１１４４１１１F２,5079,大石 真央,2026-02-14,2026-02-18,08,常滑,一般,６　５２１３５６４５,2024-04-27,2024-04-30,08,常滑,一般,６５６　４６１,2024-03-05,2024-03-10,08,常滑,一般,４４２６２　２　１２３６,2024-02-02,2024-02-05,08,常滑,一般,６５５　６　４５,2022-11-10,2022-11-15,08,常滑,ＧⅢ,３　３２５５６５３　１６,5438,,,,,,,,,,,,,,,,,,,,,,,,,,,,,,,,5129,山口 真喜子,2025-05-13,2025-05-18,08,常滑,ＧⅡ,４　２５３　１　５　１２,2025-04-07,2025-04-12,08,常滑,ＧⅢ,２　２４１　２３１４転１,2024-08-18,2024-08-21,08,常滑,一般,６　６１２５１４,2023-01-10,2023-01-15,08,常滑,一般,６６６　６６６　６　６,2021-11-06,2021-11-10,08,常滑,一般,５　３５５　６６１２,5324,畑田 希咲,2026-03-18,2026-03-23,08,常滑,一般,６　６５６　６６６　６,2024-04-07,2024-04-12,08,常滑,ＧⅢ,６６６　６６６　６　６５,,,,,,,,,,,,,,,,,,
202609140805,2026-09-14,08,05R,4190,長嶋 万記,2025-05-13,2025-05-18,08,常滑,ＧⅡ,４５６　５４２　３　２,2024-03-05,2024-03-10,08,常滑,一般,２１２２３１３６３４１１,2023-11-12,2023-11-17,08,常滑,ＧⅠ,５３４　６５１　５　４３,2023-01-10,2023-01-15,08,常滑,一般,１　４２１　３１１１[５],2022-12-01,2022-12-04,08,常滑,一般,３４２５６２[６],4433,川野 芽唯,2025-05-13,2025-05-18,08,常滑,ＧⅡ,１　３６５　６　５１３,2022-09-12,2022-09-17,08,常滑,一般,２１２　１１１３２１[３],2022-05-26,2022-05-29,08,常滑,一般,F２３　４　５,2021-12-02,2021-12-06,08,常滑,一般,２６２　３６４　２２,2020-10-24,2020-10-29,08,常滑,一般,３　５５３３１５４２３,4909,薮内 瑞希,2026-03-18,2026-03-23,08,常滑,一般,６４３　３４１　５２５５,2025-06-10,2025-06-14,08,常滑,一般,３　４５１３１　３５,2024-03-05,2024-03-10,08,常滑,一般,４２１　２４５　１３１４,2023-11-30,2023-12-05,08,常滑,ＧⅢ,１４３　３４４妨,2022-11-10,2022-11-15,08,常滑,ＧⅢ,３　２３４１３２２４２６,5078,山川 波乙,2025-09-18,2025-09-22,08,常滑,一般,３　２６１４２　５５,2023-03-25,2023-03-28,08,常滑,一般,５３３　６４５,2022-03-11,2022-03-15,08,常滑,一般,６　５５６６６　２４,2022-01-28,2022-01-31,08,常滑,一般,６５６　２　４６,2021-12-30,2022-01-04,08,常滑,一般,６６６　２５６　４６４６,5155,内山 七海,2024-02-02,2024-02-05,08,常滑,一般,４５４,2023-07-21,2023-07-24,08,常滑,一般,４　５６４６１４,2022-11-10,2022-11-15,08,常滑,ＧⅢ,５　６５５　４４６４５,2022-03-11,2022-03-15,08,常滑,一般,６　２３５５５５５５,2022-01-28,2022-01-31,08,常滑,一般,６５４　４　５６,4208,三浦 永理,2026-02-05,2026-02-10,08,常滑,ＧⅠ,１　３６２　６　６２１,2025-12-13,2025-12-18,08,常滑,一般,欠欠,2025-08-28,2025-09-02,08,常滑,一般,１１４３１１１４２１[１],2025-05-13,2025-05-18,08,常滑,ＧⅡ,５２５　５　２１１１３,2025-04-07,2025-04-12,08,常滑,ＧⅢ,１３１１１２１１３F１
202609140806,2026-09-14,08,06R,5188,武井 莉里佳,2025-08-19,2025-08-24,08,常滑,一般,４１２２１６２　１３３１,2025-05-13,2025-05-18,08,常滑,ＧⅡ,６　２１５　４　３２４２,2024-04-07,2024-04-12,08,常滑,ＧⅢ,５２６　１　１３５５３３,,,,,,,,,,,,,4479,矢野 真梨菜,2021-04-22,2021-04-27,08,常滑,ＧⅢ,５５５　５５６,2017-01-14,2017-01-19,08,常滑,ＧⅢ,４６６　５３６　１　５４,2015-12-18,2015-12-21,08,常滑,一般,５５５　５　６６,2013-01-05,2013-01-10,08,常滑,ＧⅢ,４　３４３４４　２４５５,2010-11-18,2010-11-23,08,常滑,一般,３４６　５６５　１　６５,5203,神里 琴音,2025-10-31,2025-11-04,08,常滑,一般,５　３５６２３　３４,2025-05-13,2025-05-18,08,常滑,ＧⅡ,５５６　２　１６６　３,2024-08-31,2024-09-05,08,常滑,一般,３　４６２　１３３６１４,,,,,,,,,,,,,4726,島田 なぎさ,2022-09-12,2022-09-17,08,常滑,一般,１６３F２　４　５　３,2022-01-28,2022-01-31,08,常滑,一般,６　１転,2020-12-24,2020-12-27,08,常滑,一般,５３５　１３３３,2020-09-12,2020-09-16,08,常滑,一般,２２６　４６６６２,2019-04-17,2019-04-22,08,常滑,一般,３　５２２　１５２３[４],3232,山川 美由紀,2025-05-13,2025-05-18,08,常滑,ＧⅡ,４　５　５３５　３４４,2022-11-10,2022-11-15,08,常滑,ＧⅢ,２５４１１　４２３５１２,2021-02-03,2021-02-08,08,常滑,一般,２　２F４３３　５　２,2020-06-11,2020-06-16,08,常滑,ＧⅢ,２　１１４３３１３３２１,2020-01-22,2020-01-27,08,常滑,ＧⅢ,１５２　５２４３１１[６],5439,志賀 美優,2026-07-07,2026-07-12,08,常滑,一般,　　　　　　　　　　６５,2026-04-16,2026-04-21,08,常滑,一般,６　６６６　６６５　６４,,,,,,,,,,,,,,,,,,
202609140807,2026-09-14,08,07R,5182,宮崎 安奈,2025-04-07,2025-04-12,08,常滑,ＧⅢ,エ２２　４　３４６　３４,2024-03-05,2024-03-10,08,常滑,一般,３４４　５６５　３　２５,2022-03-11,2022-03-15,08,常滑,一般,６　６６５６６　６６,2021-12-30,2022-01-04,08,常滑,一般,６６６　５３６　６５５６,2021-09-07,2021-09-12,08,常滑,一般,６６６　５６５５６　６６,5251,沼田 七華,2024-08-31,2024-09-05,08,常滑,一般,６６５　６５６　５５５,2023-12-22,2023-12-25,08,常滑,一般,６　６５５４６３,,,,,,,,,,,,,,,,,,,4964,土屋 南,2024-04-07,2024-04-12,08,常滑,ＧⅢ,３１６　１　４２３５１１,2024-03-05,2024-03-10,08,常滑,一般,２１６　４３１３２２[エ],2020-03-25,2020-03-30,08,常滑,一般,３１３４３　１４１４２６,2019-02-16,2019-02-19,08,常滑,一般,１　５３４３４５,,,,,,,4897,深見 亜由美,2025-08-19,2025-08-24,08,常滑,一般,６　６５３　４６３　５３,2023-11-30,2023-12-05,08,常滑,ＧⅢ,２　１１６２３３５落,2023-11-03,2023-11-06,08,常滑,一般,F　６　４　３６,2023-09-16,2023-09-19,08,常滑,一般,３　６６,2023-01-21,2023-01-24,08,常滑,一般,　　　　　　６５,5254,羽田 妃希,2026-03-28,2026-04-03,08,常滑,一般,５　４６６　３１F５５,2025-08-28,2025-09-02,08,常滑,一般,４２５　５　３４２２６２,2024-12-30,2025-01-04,08,常滑,一般,２３６　５　１５２　２,2024-08-10,2024-08-15,08,常滑,一般,６　２５６　４６３　５６,2024-05-03,2024-05-08,08,常滑,一般,６　６４５　落６４　４６,4765,野田部 宏子,2026-01-18,2026-01-22,08,常滑,一般,５５５　５　５１３４,2020-02-29,2020-03-03,08,常滑,一般,６　３４６４６,2020-01-22,2020-01-27,08,常滑,ＧⅢ,４　F５５　６　４　６,2018-09-12,2018-09-17,08,常滑,ＧⅢ,１６６　５６２　１　５１,,,,,,
202609140808,2026-09-14,08,08R,5079,大石 真央,2026-02-14,2026-02-18,08,常滑,一般,６　５２１３５６４５,2024-04-27,2024-04-30,08,常滑,一般,６５６　４６１,2024-03-05,2024-03-10,08,常滑,一般,４４２６２　２　１２３６,2024-02-02,2024-02-05,08,常滑,一般,６５５　６　４５,2022-11-10,2022-11-15,08,常滑,ＧⅢ,３　３２５５６５３　１６,4825,倉持 莉々,2023-01-10,2023-01-15,08,常滑,一般,３２１　１　１３１１[１],2022-01-08,2022-01-10,08,常滑,一般,４４３　２５,2020-03-25,2020-03-30,08,常滑,一般,２４２５３　２３３６１４,2017-12-23,2017-12-26,08,常滑,一般,４６１５３　１５,2017-08-25,2017-08-28,08,常滑,一般,３２３　４５５３,5340,樋江井 舞,2026-06-29,2026-07-04,08,常滑,一般,６　５２４　５５５　６５,2025-12-13,2025-12-18,08,常滑,一般,３　４落,2025-08-19,2025-08-24,08,常滑,一般,５　５５６　２４２　６５,2025-04-07,2025-04-12,08,常滑,ＧⅢ,６５５　６６４　５６３,2024-12-30,2025-01-04,08,常滑,一般,６４６　５６６　６５４,5230,石原 凪紗,2026-05-19,2026-05-24,08,常滑,一般,１１６　３３５　２６６５,2026-03-18,2026-03-23,08,常滑,一般,２２６　２２４　１６２３,2024-12-30,2025-01-04,08,常滑,一般,１５５　５　６５６　１６,2024-06-29,2024-07-02,08,常滑,一般,６　６５６　６５,2024-05-03,2024-05-08,08,常滑,一般,２６５　４　４５６４６３,4534,坂 咲友理,2025-10-07,2025-10-12,08,常滑,一般,２　２６６４２　５　５,2025-04-07,2025-04-12,08,常滑,ＧⅢ,５　５５４　５５４　２５,2020-03-25,2020-03-30,08,常滑,一般,１　１４５４３３３５１６,2018-09-12,2018-09-17,08,常滑,ＧⅢ,２　４３５　５５５２５,2017-10-27,2017-10-31,08,常滑,一般,６４３　６６４３,5357,田中 瀬里奈,2026-07-22,2026-07-26,08,常滑,一般,６　６６５　６６６６,2026-01-18,2026-01-22,08,常滑,一般,６６６　６　６　５４,2025-07-06,2025-07-11,08,常滑,一般,４　６５６６６　６５５,2024-09-15,2024-09-18,08,常滑,一般,６　６６６　６６,,,,,,
202609140809,2026-09-14,08,09R,5297,南 彩寧,2026-02-26,2026-03-02,08,常滑,一般,５６６　６　６６６５,2023-12-22,2023-12-25,08,常滑,一般,６６６　４　６５,,,,,,,,,,,,,,,,,,,5272,松田 真実,2025-06-10,2025-06-14,08,常滑,一般,５５６　４　４５６,2025-04-07,2025-04-12,08,常滑,ＧⅢ,４　F３５　２　２　６,2025-02-22,2025-02-25,08,常滑,一般,３６６６３　１５,2024-12-30,2025-01-04,08,常滑,一般,３４５　４６２　６　６,2024-08-31,2024-09-05,08,常滑,一般,６６１　５　６２６６２,5346,中村 紋夕梨,2026-04-24,2026-04-29,08,常滑,一般,６６６　６　３４６　６３,2025-12-13,2025-12-18,08,常滑,一般,６６５　５　６　４６６,2025-04-07,2025-04-12,08,常滑,ＧⅢ,６　６６６　６６６　５５,2024-12-30,2025-01-04,08,常滑,一般,５　６６６　５６６　６６,2024-08-31,2024-09-05,08,常滑,一般,６　６６６　６６F　６,5146,野田 彩加,2025-05-13,2025-05-18,08,常滑,ＧⅡ,２４４　５　４３４　２,2025-01-08,2025-01-11,08,常滑,一般,４１５４４　５３,2024-04-07,2024-04-12,08,常滑,ＧⅢ,３　転４３　５４３　５２,2022-11-10,2022-11-15,08,常滑,ＧⅢ,４　５５２　５５２４６,2022-05-19,2022-05-22,08,常滑,一般,６　６５５２１,5438,,,,,,,,,,,,,,,,,,,,,,,,,,,,,,,,4433,川野 芽唯,2025-05-13,2025-05-18,08,常滑,ＧⅡ,１　３６５　６　５１３,2022-09-12,2022-09-17,08,常滑,一般,２１２　１１１３２１[３],2022-05-26,2022-05-29,08,常滑,一般,F２３　４　５,2021-12-02,2021-12-06,08,常滑,一般,２６２　３６４　２２,2020-10-24,2020-10-29,08,常滑,一般,３　５５３３１５４２３
202609140810,2026-09-14,08,10R,3232,山川 美由紀,2025-05-13,2025-05-18,08,常滑,ＧⅡ,４　５　５３５　３４４,2022-11-10,2022-11-15,08,常滑,ＧⅢ,２５４１１　４２３５１２,2021-02-03,2021-02-08,08,常滑,一般,２　２F４３３　５　２,2020-06-11,2020-06-16,08,常滑,ＧⅢ,２　１１４３３１３３２１,2020-01-22,2020-01-27,08,常滑,ＧⅢ,１５２　５２４３１１[６],5347,井澤 聖奈,2026-08-10,2026-08-15,08,常滑,一般,３　４６５　６６６　６６,2025-12-13,2025-12-18,08,常滑,一般,　　　　　　　　５　６５,2025-08-19,2025-08-24,08,常滑,一般,６５６　４６６　６６６,2025-04-07,2025-04-12,08,常滑,ＧⅢ,６６６　６５５　６　５６,2024-12-30,2025-01-04,08,常滑,一般,６６６　５　６６６　６６,4764,小池 礼乃,2026-05-27,2026-06-01,08,常滑,一般,４　５６３　１５４３３,2025-12-13,2025-12-18,08,常滑,一般,１　６３１　３２１３[４],2022-09-12,2022-09-17,08,常滑,一般,３　６３１５２４４　２３,2018-12-07,2018-12-11,08,常滑,一般,３３５２４　１５１４,2017-06-01,2017-06-06,08,常滑,一般,５　１５４５１　２４５５,5365,,,,,,,,,,,,,,,,,,,,,,,,,,,,,,,,5052,赤井 星璃菜,2022-11-04,2022-11-07,08,常滑,一般,６　６６欠,2021-04-22,2021-04-27,08,常滑,ＧⅢ,６　５F６　６　４　５,2020-10-24,2020-10-29,08,常滑,一般,４５３　４３５　F　６,2020-06-11,2020-06-16,08,常滑,ＧⅢ,６　６６４３６６６５６,2019-06-01,2019-06-04,08,常滑,一般,６　４６６　６６,4556,竹井 奈美,2025-09-18,2025-09-22,08,常滑,一般,１　６２４２４５１３,2023-11-30,2023-12-05,08,常滑,ＧⅢ,１　１６２　１１５１[２],2020-10-24,2020-10-29,08,常滑,一般,４５６１２　３２５６１４,2020-01-22,2020-01-27,08,常滑,ＧⅢ,４１２５１２５　１３３２,2019-09-14,2019-09-17,08,常滑,一般,２２１１４１[３]
202609140811,2026-09-14,08,11R,4502,遠藤 エミ,2026-06-13,2026-06-18,08,常滑,ＧⅠ,１２６　６２４　２２１５,2025-05-13,2025-05-18,08,常滑,ＧⅡ,２　１３３１５　２　[２],2025-01-23,2025-01-26,08,常滑,ＧⅠ,４２３５４　３４,2024-08-18,2024-08-21,08,常滑,一般,２１３２２１[１],2024-01-19,2024-01-23,08,常滑,一般,１１４４１１１F２,5194,大久保 佑香,2026-05-27,2026-06-01,08,常滑,一般,４　６３５　６２４　４４,2024-08-31,2024-09-05,08,常滑,一般,６４３６１　６６５　６５,2024-03-05,2024-03-10,08,常滑,一般,３　４５６　５５４　６３,2022-05-19,2022-05-22,08,常滑,一般,６６６　６　６５,2022-03-11,2022-03-15,08,常滑,一般,６　５６６　５５５５,5182,宮崎 安奈,2025-04-07,2025-04-12,08,常滑,ＧⅢ,エ２２　４　３４６　３４,2024-03-05,2024-03-10,08,常滑,一般,３４４　５６５　３　２５,2022-03-11,2022-03-15,08,常滑,一般,６　６６５６６　６６,2021-12-30,2022-01-04,08,常滑,一般,６６６　５３６　６５５６,2021-09-07,2021-09-12,08,常滑,一般,６６６　５６５５６　６６,4208,三浦 永理,2026-02-05,2026-02-10,08,常滑,ＧⅠ,１　３６２　６　６２１,2025-12-13,2025-12-18,08,常滑,一般,欠欠,2025-08-28,2025-09-02,08,常滑,一般,１１４３１１１４２１[１],2025-05-13,2025-05-18,08,常滑,ＧⅡ,５２５　５　２１１１３,2025-04-07,2025-04-12,08,常滑,ＧⅢ,１３１１１２１１３F１,4941,孫崎 百世,2024-11-06,2024-11-09,08,常滑,一般,転　３６６　２５,2024-08-31,2024-09-05,08,常滑,一般,３１５１４６３　１４２６,2023-07-02,2023-07-06,08,常滑,一般,３　２３６５５　２６,2022-09-12,2022-09-17,08,常滑,一般,３２２　２６５５３　２４,2021-02-20,2021-02-23,08,常滑,一般,５　６３５　３５,5203,神里 琴音,2025-10-31,2025-11-04,08,常滑,一般,５　３５６２３　３４,2025-05-13,2025-05-18,08,常滑,ＧⅡ,５５６　２　１６６　３,2024-08-31,2024-09-05,08,常滑,一般,３　４６２　１３３６１４,,,,,,,,,,,,
202609140812,2026-09-14,08,12R,4938,小芦 るり華,2025-09-18,2025-09-22,08,常滑,一般,５　４５２３３　３３,2025-05-13,2025-05-18,08,常滑,ＧⅡ,５　６３２　１　６　１５,2021-04-22,2021-04-27,08,常滑,ＧⅢ,１１６　転２４４２　２３,2020-03-14,2020-03-17,08,常滑,一般,５３４　３５１４,2019-11-02,2019-11-05,08,常滑,一般,１３２　４４４３,4045,佐々木 裕美,2025-05-13,2025-05-18,08,常滑,ＧⅡ,４　３　１６５　３６２,2024-01-19,2024-01-23,08,常滑,一般,３６１　４６３　６１,2023-01-21,2023-01-24,08,常滑,一般,６　欠欠,2021-02-03,2021-02-08,08,常滑,一般,３　６６６　５５,2020-10-24,2020-10-29,08,常滑,一般,１６４　２３６６１１３,4190,長嶋 万記,2025-05-13,2025-05-18,08,常滑,ＧⅡ,４５６　５４２　３　２,2024-03-05,2024-03-10,08,常滑,一般,２１２２３１３６３４１１,2023-11-12,2023-11-17,08,常滑,ＧⅠ,５３４　６５１　５　４３,2023-01-10,2023-01-15,08,常滑,一般,１　４２１　３１１１[５],2022-12-01,2022-12-04,08,常滑,一般,３４２５６２[６],5129,山口 真喜子,2025-05-13,2025-05-18,08,常滑,ＧⅡ,４　２５３　１　５　１２,2025-04-07,2025-04-12,08,常滑,ＧⅢ,２　２４１　２３１４転１,2024-08-18,2024-08-21,08,常滑,一般,６　６１２５１４,2023-01-10,2023-01-15,08,常滑,一般,６６６　６６６　６　６,2021-11-06,2021-11-10,08,常滑,一般,５　３５５　６６１２,4726,島田 なぎさ,2022-09-12,2022-09-17,08,常滑,一般,１６３F２　４　５　３,2022-01-28,2022-01-31,08,常滑,一般,６　１転,2020-12-24,2020-12-27,08,常滑,一般,５３５　１３３３,2020-09-12,2020-09-16,08,常滑,一般,２２６　４６６６２,2019-04-17,2019-04-22,08,常滑,一般,３　５２２　１５２３[４],5340,樋江井 舞,2026-06-29,2026-07-04,08,常滑,一般,６　５２４　５５５　６５,2025-12-13,2025-12-18,08,常滑,一般,３　４落,2025-08-19,2025-08-24,08,常滑,一般,５　５５６　２４２　６５,2025-04-07,2025-04-12,08,常滑,ＧⅢ,６５５　６６４　５６３,2024-12-30,2025-01-04,08,常滑,一般,６４６　５６６　６５４
202609140901,2026-09-14,09,01R,4824,松井 洪弥,2026-06-07,2026-06-12,09,津,一般,２６１１２　３２２２[２],2026-04-30,2026-05-06,09,津,一般,１６４　４　６５２,2026-04-02,2026-04-07,09,津,ＧⅠ,４　６　５４６　６６６,2026-01-15,2026-01-20,09,津,一般,１４４２２　２１１１[],2025-12-22,2025-12-26,09,津,一般,２４３４６　１　１２,5356,,,,,,,,,,,,,,,,,,,,,,,,,,,,,,,,4458,抹香 雄三,2026-07-03,2026-07-06,09,津,一般,１３５４４　５３,2025-08-22,2025-08-27,09,津,一般,５　２５４５１　６５３５,2024-06-10,2024-06-15,09,津,一般,４　３３３　３６５　３６,2022-07-16,2022-07-21,09,津,一般,５　５４５　３６５　６４,2019-07-30,2019-08-04,09,津,一般,６　４１５　６４４　３２,4106,坂井 康嗣,2026-06-24,2026-06-29,09,津,一般,２　２５６　６１３４６６,2024-10-09,2024-10-14,09,津,一般,３　２２４３４　５６５６,2024-02-03,2024-02-08,09,津,一般,１　３６６６３　５,2022-05-01,2022-05-05,09,津,一般,４　４２５１６４３,2020-09-17,2020-09-22,09,津,一般,１　５４４　６５５　４５,3827,今泉 徹,2025-07-03,2025-07-07,09,津,一般,５　４４４２１　１４,2023-01-16,2023-01-21,09,津,一般,４　５６３,2021-12-14,2021-12-17,09,津,一般,３５４　４５４６,2021-10-11,2021-10-16,09,津,一般,３　５４１　６２５５４,2021-01-28,2021-02-03,09,津,一般,５　１３４　５３４　３３,3448,高山 秀雄,2025-09-16,2025-09-21,09,津,一般,２５３　３６３　３　２６,2025-05-26,2025-05-29,09,津,一般,２５１３５　３５,2024-06-18,2024-06-23,09,津,ＧⅢ,４　６１エ　４４５　２３,2024-01-24,2024-01-31,09,津,一般,６　５　５４５　２４４　４３,2023-01-16,2023-01-21,09,津,一般,２３２　４５４　３５１２
202609140902,2026-09-14,09,02R,5354,渡邊 雄斗,2026-08-15,2026-08-20,09,津,一般,２５１　５４１　３３１６,2026-07-03,2026-07-06,09,津,一般,６　１６３４４４,2026-04-30,2026-05-06,09,津,一般,３　６　３４５　６　２５,2026-03-24,2026-03-29,09,津,一般,５　３４６　５１６　５６,2026-01-08,2026-01-13,09,津,一般,　　　　　　２２,3901,松田 憲幸,2025-07-12,2025-07-15,09,津,一般,２４４　５５５４,2024-10-17,2024-10-22,09,津,一般,４　２１６６５　２　３５,2018-11-29,2018-12-04,09,津,一般,２　５６６　２６４１４４,2017-11-05,2017-11-08,09,津,一般,２３３２１５１１,2017-06-06,2017-06-11,09,津,一般,２２３２２５４２１転１４,4390,松本 弓雄,2026-06-16,2026-06-21,09,津,一般,３　４２１　１６３２[５],2019-10-27,2019-11-01,09,津,一般,６４４　２２１　２５２４,2019-07-14,2019-07-19,09,津,一般,５４６　３２３　６１６,2010-07-14,2010-07-19,09,津,一般,６　６６３　６４５　５１,2010-04-14,2010-04-19,09,津,ＧⅢ,５５６　６６６６５　３,3973,崎 利仁,2026-04-24,2026-04-27,09,津,一般,５２６　６６５,2025-12-15,2025-12-18,09,津,一般,６６５１５　２６,2025-07-18,2025-07-21,09,津,一般,５　５４１４５５,2024-10-25,2024-10-30,09,津,一般,４　３５５　５４６５５４,2024-06-18,2024-06-23,09,津,ＧⅢ,１　６５４　３４６２６４,5277,井上 未都,2025-06-07,2025-06-12,09,津,一般,１　４３２　転５４　３３,2024-03-25,2024-03-30,09,津,一般,６　１６４　６３６　２６,,,,,,,,,,,,,,,,,,,3619,長谷川 充,2026-01-26,2026-01-29,09,津,一般,４１２３４　４３,2025-09-07,2025-09-12,09,津,一般,１１３　５４６　１６３６,2025-05-26,2025-05-29,09,津,一般,１　３４５２３４,2025-03-16,2025-03-21,09,津,一般,５４５　５　４４,2024-12-23,2024-12-27,09,津,一般,１３６　１１１３１１
202609140903,2026-09-14,09,03R,4423,坂口 貴彦,2025-06-01,2025-06-04,09,津,一般,３３１　５５１３,2024-09-15,2024-09-19,09,津,一般,４５３　３１６４２４,2022-07-27,2022-08-01,09,津,ＧⅢ,６　５　３４６１６　２３,2022-02-17,2022-02-23,09,津,一般,２５６２１　４,2020-02-28,2020-03-04,09,津,一般,３６２　６６４　２５５,3567,吉岡 誠,2026-05-29,2026-06-04,09,津,ＧⅢ,４　６６６,2025-07-12,2025-07-15,09,津,一般,６６,2024-02-03,2024-02-08,09,津,一般,６　３５２　２５６　６,2022-06-27,2022-07-02,09,津,一般,４　５５４,2020-07-18,2020-07-23,09,津,ＧⅢ,２　２６２　１６２５２３,4757,山田 祐也,2026-04-02,2026-04-07,09,津,ＧⅠ,６　６　２６３　４４２,2025-11-05,2025-11-10,09,津,一般,１１４４１３２　３１[５],2025-04-04,2025-04-09,09,津,ＧⅠ,２５３　４　２２６　１６,2024-09-06,2024-09-11,09,津,ＧⅠ,６　２４５　３４２４１,2024-02-21,2024-02-26,09,津,ＧⅢ,６５１６３２１　３４１,4977,馬野 耀,2025-08-30,2025-09-04,09,津,一般,３６５　４　３３２　２５,2024-02-21,2024-02-26,09,津,ＧⅢ,１　４５１　６２３３３,2021-04-29,2021-05-05,09,津,一般,５　５　４１４３１３４,2020-08-23,2020-08-28,09,津,一般,４　２２１　４４３５１３,2020-05-29,2020-06-01,09,津,一般,２　４１３５１６,4058,野末 智一,2026-01-08,2026-01-13,09,津,一般,４　１２２５１２,2025-09-07,2025-09-12,09,津,一般,３　４３５　２５６　１３,2025-05-01,2025-05-06,09,津,一般,１　３１６　４３２６３４,2024-12-31,2025-01-05,09,津,一般,４５２　４２６５３　２,2024-10-09,2024-10-14,09,津,一般,６３２　３１５　３６１６,5204,宇恵 有香,2026-08-15,2026-08-20,09,津,一般,５３６　２５４　４　４２,2026-05-20,2026-05-25,09,津,一般,３　３３２４６　６３４５,2026-04-15,2026-04-20,09,津,一般,５転４　２５３　３４２３,2026-01-26,2026-01-29,09,津,一般,１　５５４３５３,2024-08-13,2024-08-18,09,津,一般,５　６２４　３１６６１
202609140904,2026-09-14,09,04R,5327,西田 和加,2026-04-24,2026-04-27,09,津,一般,６　６６６６４,,,,,,,,,,,,,,,,,,,,,,,,,4949,横田 貴満,2022-08-31,2022-09-05,09,津,一般,１２１６３　２１５１[４],2021-04-03,2021-04-09,09,津,一般,５５１　２４３　３６２４,2020-09-04,2020-09-09,09,津,一般,５３５　１１２　１４３２,,,,,,,,,,,,,5359,佐藤 世那,2025-10-30,2025-11-02,09,津,一般,６５４　５４２,2025-03-16,2025-03-21,09,津,一般,６　５５６　６５,2024-10-17,2024-10-22,09,津,一般,６　４６５　４　６６落,,,,,,,,,,,,,4703,森永 隆,2024-11-03,2024-11-08,09,津,一般,３１３　５２３　３３２４,2024-05-18,2024-05-23,09,津,ＧⅢ,３５１５６３３　１　４２,2023-01-07,2023-01-11,09,津,一般,１３１２１３２１[１],2020-11-15,2020-11-20,09,津,ＧⅠ,６　６６１　４　２５５４,2020-02-28,2020-03-04,09,津,一般,３２２　４２５　６４３５,4933,板橋 侑我,2025-06-18,2025-06-22,09,津,一般,３２１　２２１２[３],2022-07-16,2022-07-21,09,津,一般,３３６４４　５　６３４１,2022-05-09,2022-05-14,09,津,ＧⅠ,３　１　１６２　２　[３],2022-03-29,2022-04-04,09,津,一般,１４４　２６５　４４１　１２,2021-05-31,2021-06-05,09,津,一般,６　１６１　１６６４４３,4259,真庭 明志,2024-02-03,2024-02-08,09,津,一般,２　３６５６,2019-05-10,2019-05-15,09,津,ＧⅠ,６　２　６３４　５５６６,2016-06-15,2016-06-20,09,津,一般,１６１５３３３３２２[６],2015-12-20,2015-12-25,09,津,一般,３４５２３５１１２３４３,2015-09-08,2015-09-14,09,津,一般,５４F　６６４
202609140905,2026-09-14,09,05R,4581,吉村 誠,2025-10-04,2025-10-08,09,津,一般,４　４６１１５　１４,2025-01-09,2025-01-14,09,津,一般,１　３５３４３３２５,2024-06-02,2024-06-07,09,津,一般,３　４３１　３４１４１４,2024-02-03,2024-02-08,09,津,一般,３２４　５４３　１　２３,2023-07-07,2023-07-12,09,津,一般,３　４５４４１　３　１１,4119,泥谷 一毅,2026-01-15,2026-01-20,09,津,一般,４５１　３２３　１５３,2025-08-04,2025-08-09,09,津,一般,３　２２１４１３３４１２,2024-07-19,2024-07-22,09,津,一般,３１３６F　２,2024-01-07,2024-01-12,09,津,一般,２３５　２５２　２４６２,2023-04-18,2023-04-25,09,津,一般,５　１　２５３５３２４６５,3900,香川 素子,2026-04-15,2026-04-20,09,津,一般,１　１２４３１６１３４４,2025-06-07,2025-06-12,09,津,一般,５４３　６１２６１　４１,2024-01-15,2024-01-20,09,津,ＧⅢ,１６３６１４１１２４３１,2023-08-01,2023-08-06,09,津,ＧⅠ,１４３　３　５５２　６５,2022-07-06,2022-07-11,09,津,一般,１４１５２４１４１２[２],3268,森 竜也,2026-08-15,2026-08-20,09,津,一般,２３５　４２４　１６３,2026-05-29,2026-06-04,09,津,ＧⅢ,４５１　２６６　６２４２,2026-04-30,2026-05-06,09,津,一般,１２５　６　５　１６４４,2025-12-30,2026-01-04,09,津,一般,１５５　３６４　６　１５,2025-10-30,2025-11-02,09,津,一般,１３４　６６５２,3430,角浜 修,2026-05-29,2026-06-04,09,津,ＧⅢ,６６１　２２５　３４６２,2025-10-04,2025-10-08,09,津,一般,６　６５２　１４４３,2023-05-06,2023-05-13,09,津,一般,６２５　６４５　５　６６３,2018-11-20,2018-11-25,09,津,ＧⅢ,３　２６３　１４２２[６],2017-12-09,2017-12-14,09,津,一般,４６２　６６,3211,北川 敏弘,2024-04-21,2024-04-26,09,津,一般,２　３６１　２２４３５２,2019-12-01,2019-12-06,09,津,一般,２　１５４　２６２５６３,2018-02-14,2018-02-19,09,津,一般,６　１４１　２５１４４４,2017-11-22,2017-11-26,09,津,一般,２　３３４４１５３,2017-03-19,2017-03-24,09,津,一般,４　２１６６３　３　４３
202609140906,2026-09-14,09,06R,3580,水口 由紀,2025-04-19,2025-04-24,09,津,ＧⅢ,１　４５３３６　２４５４,2024-03-08,2024-03-13,09,津,一般,４５１　５６４　３　３,2024-01-15,2024-01-20,09,津,ＧⅢ,５６３　２２４　１３５５,2023-02-24,2023-03-02,09,津,一般,４６５　　　５４２　２５３,2019-08-22,2019-08-27,09,津,ＧⅢ,５　５５６　転２４　４３,5172,田村 慶,2025-11-18,2025-11-23,09,津,一般,４　２６６　３１３５１,2025-05-17,2025-05-22,09,津,ＧⅢ,５　２３２２３３３６３６,2021-09-12,2021-09-17,09,津,一般,６　５５６　６５３　５６,,,,,,,,,,,,,5005,石田 貴洋,2026-03-24,2026-03-29,09,津,一般,５４４,2025-08-22,2025-08-27,09,津,一般,３５３　２３３４２３５４,2024-04-21,2024-04-26,09,津,一般,３２５　４５６　３　４６,2024-02-12,2024-02-18,09,津,一般,３４３　１　４１４４１　５２,2023-06-02,2023-06-09,09,津,一般,３４１３３　１５４　１５１５,4390,松本 弓雄,2026-06-16,2026-06-21,09,津,一般,３　４２１　１６３２[５],2019-10-27,2019-11-01,09,津,一般,６４４　２２１　２５２４,2019-07-14,2019-07-19,09,津,一般,５４６　３２３　６１６,2010-07-14,2010-07-19,09,津,一般,６　６６３　６４５　５１,2010-04-14,2010-04-19,09,津,ＧⅢ,５５６　６６６６５　３,4644,山田 亮太,2024-06-27,2024-07-01,09,津,一般,５　５２５１１　４５,2023-06-11,2023-06-17,09,津,一般,４　４１４３２６５　１２１６,2021-12-14,2021-12-17,09,津,一般,４　２３１５２２,2020-12-01,2020-12-06,09,津,一般,転　３４１　６６１　３５,2020-08-05,2020-08-10,09,津,一般,１４４　２６４１１３３１,4156,浜野 孝志,2026-08-15,2026-08-20,09,津,一般,３　４２４　１３３５５１,2026-04-30,2026-05-06,09,津,一般,１　５　１５３４５　４４,2025-12-30,2026-01-04,09,津,一般,１　２５１４４２２５１５,2025-08-13,2025-08-18,09,津,一般,２　６５６　２４１　５３,2025-06-25,2025-06-30,09,津,一般,３　１１４　６６３
202609140907,2026-09-14,09,07R,4017,向井 美鈴,2025-01-17,2025-01-22,09,津,一般,３１４１６　３２１５５３,2023-08-01,2023-08-06,09,津,ＧⅠ,２　１５１　３　４　２１,2022-08-20,2022-08-25,09,津,一般,３　２４４３５１１５５１,2020-10-17,2020-10-22,09,津,ＧⅢ,１　５４１　５３１６１５,2018-01-07,2018-01-11,09,津,一般,４　５４４５４４,3349,吉田 一郎,2024-09-23,2024-09-26,09,津,一般,１６２６５　１１,2019-07-14,2019-07-19,09,津,一般,４　１４１　２１５１[２],2017-09-03,2017-09-08,09,津,一般,６６１２４　２３３４１６,2017-04-11,2017-04-16,09,津,ＧⅠ,２３３　２　F５３　６,2015-12-20,2015-12-25,09,津,一般,１３１　２２２　１４２５,3827,今泉 徹,2025-07-03,2025-07-07,09,津,一般,５　４４４２１　１４,2023-01-16,2023-01-21,09,津,一般,４　５６３,2021-12-14,2021-12-17,09,津,一般,３５４　４５４６,2021-10-11,2021-10-16,09,津,一般,３　５４１　６２５５４,2021-01-28,2021-02-03,09,津,一般,５　１３４　５３４　３３,3629,浅見 昌克,2025-10-30,2025-11-02,09,津,一般,２２１　２４[５],2025-03-24,2025-03-30,09,津,一般,３３２　１５５４１　５４１３,2024-04-21,2024-04-26,09,津,一般,２　４３４　４３４１５,2021-10-11,2021-10-16,09,津,一般,５　３４１　２５１３４２,2021-03-17,2021-03-22,09,津,一般,１４１　１５３５１２[４],3567,吉岡 誠,2026-05-29,2026-06-04,09,津,ＧⅢ,４　６６６,2025-07-12,2025-07-15,09,津,一般,６６,2024-02-03,2024-02-08,09,津,一般,６　３５２　２５６　６,2022-06-27,2022-07-02,09,津,一般,４　５５４,2020-07-18,2020-07-23,09,津,ＧⅢ,２　２６２　１６２５２３,4136,江夏 満,2025-11-05,2025-11-10,09,津,一般,１２３　１２３４２４F５,2025-07-29,2025-08-01,09,津,一般,３４１　５３２３,2024-10-17,2024-10-22,09,津,一般,３２１３４　５６２５１２,2023-04-09,2023-04-14,09,津,ＧⅠ,３　４４６　６　６６３,2022-05-01,2022-05-05,09,津,一般,１４２３２１１２[３]
202609140908,2026-09-14,09,08R,4458,抹香 雄三,2026-07-03,2026-07-06,09,津,一般,１３５４４　５３,2025-08-22,2025-08-27,09,津,一般,５　２５４５１　６５３５,2024-06-10,2024-06-15,09,津,一般,４　３３３　３６５　３６,2022-07-16,2022-07-21,09,津,一般,５　５４５　３６５　６４,2019-07-30,2019-08-04,09,津,一般,６　４１５　６４４　３２,5277,井上 未都,2025-06-07,2025-06-12,09,津,一般,１　４３２　転５４　３３,2024-03-25,2024-03-30,09,津,一般,６　１６４　６３６　２６,,,,,,,,,,,,,,,,,,,4318,桑原 将光,2025-11-05,2025-11-10,09,津,一般,３　１５６１２１３４１２,2024-08-24,2024-08-29,09,津,一般,１　５２３２４５２６５,2024-05-27,2024-05-30,09,津,一般,６　４６５４２,2021-05-31,2021-06-05,09,津,一般,エ４４　２４５　３　６５,2020-10-08,2020-10-13,09,津,一般,４　６３６　６６,4349,犬童 千秋,2024-11-03,2024-11-08,09,津,一般,４３６　５５１　１　４５,2024-03-16,2024-03-23,09,津,一般,５　２５４　１２２　３２,2024-01-15,2024-01-20,09,津,ＧⅢ,４２４　５３２　４２６２,2023-08-01,2023-08-06,09,津,ＧⅠ,２　６　２６６　５６５,2021-11-17,2021-11-22,09,津,一般,４２３　１４５３１６１６,4532,秋元 哲,2026-04-02,2026-04-07,09,津,ＧⅠ,４３３　１　１１５　２３,2025-12-22,2025-12-26,09,津,一般,３１４３３３２５２４,2025-10-21,2025-10-26,09,津,ＳＧ,５　２　６６４　２３４,2025-05-26,2025-05-29,09,津,一般,３３４２１１[３],2024-07-10,2024-07-15,09,津,ＧⅡ,３　５５１　６　４４２５,4058,野末 智一,2026-01-08,2026-01-13,09,津,一般,４　１２２５１２,2025-09-07,2025-09-12,09,津,一般,３　４３５　２５６　１３,2025-05-01,2025-05-06,09,津,一般,１　３１６　４３２６３４,2024-12-31,2025-01-05,09,津,一般,４５２　４２６５３　２,2024-10-09,2024-10-14,09,津,一般,６３２　３１５　３６１６
202609140909,2026-09-14,09,09R,5049,松井 友汰,2025-12-22,2025-12-26,09,津,一般,３　５４４３４　５４,2025-05-26,2025-05-29,09,津,一般,１　４５２５１２,2023-06-28,2023-07-04,09,津,一般,１１１５１　１５２６１５２F,2023-02-17,2023-02-20,09,津,一般,５　４２１４１５,2022-07-16,2022-07-21,09,津,一般,６　１５１,4191,赤羽 克也,2025-09-07,2025-09-12,09,津,一般,１　２３６１３　５５４３,2024-12-23,2024-12-27,09,津,一般,３４１２２　２１[１],2023-07-23,2023-07-29,09,津,一般,１　６３１２１　１１２１[３],2022-12-19,2022-12-27,09,津,一般,　　１５５　３　２３１４２４,2022-03-29,2022-04-04,09,津,一般,２５１１１３３　３　１５１１,5356,,,,,,,,,,,,,,,,,,,,,,,,,,,,,,,,4695,尾崎 雄二,2025-07-03,2025-07-07,09,津,一般,５　３転,2023-05-24,2023-05-30,09,津,一般,５２６　４３６４２　５１３２,2018-02-22,2018-02-27,09,津,一般,６３２　６５３２３　４６,,,,,,,,,,,,,4703,森永 隆,2024-11-03,2024-11-08,09,津,一般,３１３　５２３　３３２４,2024-05-18,2024-05-23,09,津,ＧⅢ,３５１５６３３　１　４２,2023-01-07,2023-01-11,09,津,一般,１３１２１３２１[１],2020-11-15,2020-11-20,09,津,ＧⅠ,６　６６１　４　２５５４,2020-02-28,2020-03-04,09,津,一般,３２２　４２５　６４３５,3268,森 竜也,2026-08-15,2026-08-20,09,津,一般,２３５　４２４　１６３,2026-05-29,2026-06-04,09,津,ＧⅢ,４５１　２６６　６２４２,2026-04-30,2026-05-06,09,津,一般,１２５　６　５　１６４４,2025-12-30,2026-01-04,09,津,一般,１５５　３６４　６　１５,2025-10-30,2025-11-02,09,津,一般,１３４　６６５２
202609140910,2026-09-14,09,10R,4933,板橋 侑我,2025-06-18,2025-06-22,09,津,一般,３２１　２２１２[３],2022-07-16,2022-07-21,09,津,一般,３３６４４　５　６３４１,2022-05-09,2022-05-14,09,津,ＧⅠ,３　１　１６２　２　[３],2022-03-29,2022-04-04,09,津,一般,１４４　２６５　４４１　１２,2021-05-31,2021-06-05,09,津,一般,６　１６１　１６６４４３,5354,渡邊 雄斗,2026-08-15,2026-08-20,09,津,一般,２５１　５４１　３３１６,2026-07-03,2026-07-06,09,津,一般,６　１６３４４４,2026-04-30,2026-05-06,09,津,一般,３　６　３４５　６　２５,2026-03-24,2026-03-29,09,津,一般,５　３４６　５１６　５６,2026-01-08,2026-01-13,09,津,一般,　　　　　　２２,5073,上原 健次郎,2026-04-24,2026-04-27,09,津,一般,１　３５２４５５,2024-08-24,2024-08-29,09,津,一般,６　６４５　３３５　３,2022-12-09,2022-12-13,09,津,一般,４　１６３落２　４５,2022-08-31,2022-09-05,09,津,一般,４４５　４４１　３２４２,,,,,,,4757,山田 祐也,2026-04-02,2026-04-07,09,津,ＧⅠ,６　６　２６３　４４２,2025-11-05,2025-11-10,09,津,一般,１１４４１３２　３１[５],2025-04-04,2025-04-09,09,津,ＧⅠ,２５３　４　２２６　１６,2024-09-06,2024-09-11,09,津,ＧⅠ,６　２４５　３４２４１,2024-02-21,2024-02-26,09,津,ＧⅢ,６５１６３２１　３４１,5005,石田 貴洋,2026-03-24,2026-03-29,09,津,一般,５４４,2025-08-22,2025-08-27,09,津,一般,３５３　２３３４２３５４,2024-04-21,2024-04-26,09,津,一般,３２５　４５６　３　４６,2024-02-12,2024-02-18,09,津,一般,３４３　１　４１４４１　５２,2023-06-02,2023-06-09,09,津,一般,３４１３３　１５４　１５１５,3430,角浜 修,2026-05-29,2026-06-04,09,津,ＧⅢ,６６１　２２５　３４６２,2025-10-04,2025-10-08,09,津,一般,６　６５２　１４４３,2023-05-06,2023-05-13,09,津,一般,６２５　６４５　５　６６３,2018-11-20,2018-11-25,09,津,ＧⅢ,３　２６３　１４２２[６],2017-12-09,2017-12-14,09,津,一般,４６２　６６
202609140911,2026-09-14,09,11R,4702,三浦 敬太,2024-03-16,2024-03-23,09,津,一般,４４５２１　２　１２[５],2022-01-14,2022-01-19,09,津,一般,１２４　２３[６],2021-05-31,2021-06-05,09,津,一般,４３６　２２４　２４１４,2020-09-17,2020-09-22,09,津,一般,４　５１２　１４２３１３,2018-06-03,2018-06-08,09,津,一般,２２１　１２１３２３１１,3900,香川 素子,2026-04-15,2026-04-20,09,津,一般,１　１２４３１６１３４４,2025-06-07,2025-06-12,09,津,一般,５４３　６１２６１　４１,2024-01-15,2024-01-20,09,津,ＧⅢ,１６３６１４１１２４３１,2023-08-01,2023-08-06,09,津,ＧⅠ,１４３　３　５５２　６５,2022-07-06,2022-07-11,09,津,一般,１４１５２４１４１２[２],3448,高山 秀雄,2025-09-16,2025-09-21,09,津,一般,２５３　３６３　３　２６,2025-05-26,2025-05-29,09,津,一般,２５１３５　３５,2024-06-18,2024-06-23,09,津,ＧⅢ,４　６１エ　４４５　２３,2024-01-24,2024-01-31,09,津,一般,６　５　５４５　２４４　４３,2023-01-16,2023-01-21,09,津,一般,２３２　４５４　３５１２,4136,江夏 満,2025-11-05,2025-11-10,09,津,一般,１２３　１２３４２４F５,2025-07-29,2025-08-01,09,津,一般,３４１　５３２３,2024-10-17,2024-10-22,09,津,一般,３２１３４　５６２５１２,2023-04-09,2023-04-14,09,津,ＧⅠ,３　４４６　６　６６３,2022-05-01,2022-05-05,09,津,一般,１４２３２１１２[３],4949,横田 貴満,2022-08-31,2022-09-05,09,津,一般,１２１６３　２１５１[４],2021-04-03,2021-04-09,09,津,一般,５５１　２４３　３６２４,2020-09-04,2020-09-09,09,津,一般,５３５　１１２　１４３２,,,,,,,,,,,,,5172,田村 慶,2025-11-18,2025-11-23,09,津,一般,４　２６６　３１３５１,2025-05-17,2025-05-22,09,津,ＧⅢ,５　２３２２３３３６３６,2021-09-12,2021-09-17,09,津,一般,６　５５６　６５３　５６,,,,,,,,,,,,
202609140912,2026-09-14,09,12R,4644,山田 亮太,2024-06-27,2024-07-01,09,津,一般,５　５２５１１　４５,2023-06-11,2023-06-17,09,津,一般,４　４１４３２６５　１２１６,2021-12-14,2021-12-17,09,津,一般,４　２３１５２２,2020-12-01,2020-12-06,09,津,一般,転　３４１　６６１　３５,2020-08-05,2020-08-10,09,津,一般,１４４　２６４１１３３１,4977,馬野 耀,2025-08-30,2025-09-04,09,津,一般,３６５　４　３３２　２５,2024-02-21,2024-02-26,09,津,ＧⅢ,１　４５１　６２３３３,2021-04-29,2021-05-05,09,津,一般,５　５　４１４３１３４,2020-08-23,2020-08-28,09,津,一般,４　２２１　４４３５１３,2020-05-29,2020-06-01,09,津,一般,２　４１３５１６,4824,松井 洪弥,2026-06-07,2026-06-12,09,津,一般,２６１１２　３２２２[２],2026-04-30,2026-05-06,09,津,一般,１６４　４　６５２,2026-04-02,2026-04-07,09,津,ＧⅠ,４　６　５４６　６６６,2026-01-15,2026-01-20,09,津,一般,１４４２２　２１１１[],2025-12-22,2025-12-26,09,津,一般,２４３４６　１　１２,4581,吉村 誠,2025-10-04,2025-10-08,09,津,一般,４　４６１１５　１４,2025-01-09,2025-01-14,09,津,一般,１　３５３４３３２５,2024-06-02,2024-06-07,09,津,一般,３　４３１　３４１４１４,2024-02-03,2024-02-08,09,津,一般,３２４　５４３　１　２３,2023-07-07,2023-07-12,09,津,一般,３　４５４４１　３　１１,4017,向井 美鈴,2025-01-17,2025-01-22,09,津,一般,３１４１６　３２１５５３,2023-08-01,2023-08-06,09,津,ＧⅠ,２　１５１　３　４　２１,2022-08-20,2022-08-25,09,津,一般,３　２４４３５１１５５１,2020-10-17,2020-10-22,09,津,ＧⅢ,１　５４１　５３１６１５,2018-01-07,2018-01-11,09,津,一般,４　５４４５４４,4318,桑原 将光,2025-11-05,2025-11-10,09,津,一般,３　１５６１２１３４１２,2024-08-24,2024-08-29,09,津,一般,１　５２３２４５２６５,2024-05-27,2024-05-30,09,津,一般,６　４６５４２,2021-05-31,2021-06-05,09,津,一般,エ４４　２４５　３　６５,2020-10-08,2020-10-13,09,津,一般,４　６３６　６６
202609141001,2026-09-14,10,01R,3968,茶谷 信次,2026-03-16,2026-03-19,10,三国,一般,４１１２３２２,2025-09-16,2025-09-20,10,三国,一般,２３５４１　１４１２,2025-06-10,2025-06-14,10,三国,一般,６３４　５１５　３１,2025-01-02,2025-01-07,10,三国,一般,３６４　３３４　３４３３,2024-08-25,2024-08-30,10,三国,一般,２　３　妨５,3620,信濃 由行,2026-08-14,2026-08-19,10,三国,一般,５　５３４　４３６４５,2026-07-07,2026-07-12,10,三国,ＧⅢ,６６６　６　５６５　４６,2026-05-02,2026-05-07,10,三国,一般,４　４１２　３６３２２６,2025-12-24,2025-12-27,10,三国,一般,６３３　５　３６,2025-10-17,2025-10-22,10,三国,一般,４　４４２５５　３６４,4139,丹下 健,2026-05-02,2026-05-07,10,三国,一般,３５３　３２３　４５１２,2024-08-25,2024-08-30,10,三国,一般,２２５　２６６　４４１,2024-05-24,2024-05-29,10,三国,ＧⅢ,２　３６１　４６６４３,2024-01-26,2024-01-30,10,三国,一般,６６４　１４２　２５,2023-11-12,2023-11-15,10,三国,一般,６　３４５２２,3482,金子 猛志,2026-02-06,2026-02-11,10,三国,一般,６６２６２　４　３６,2025-10-29,2025-11-03,10,三国,ＧⅢ,３１４　３３６５４　６２,2025-07-22,2025-07-27,10,三国,一般,２３６６３　２４２　４１,2025-02-28,2025-03-06,10,三国,一般,４２２　３６６５２　４２,2024-12-07,2024-12-12,10,三国,一般,５１２　６　３２３３１５,3587,武田 信一,2025-12-05,2025-12-08,10,三国,一般,５　４３６３６,2025-01-25,2025-01-29,10,三国,一般,２　５１２６４６２５,2023-03-16,2023-03-21,10,三国,一般,４１６　６３５　２６６２,2022-07-27,2022-08-01,10,三国,一般,５３４　５１３　６２２５,2019-12-17,2019-12-22,10,三国,一般,２５５　３１４　４２１５,4081,樋口 範政,2026-07-07,2026-07-12,10,三国,ＧⅢ,１　５４６１１２２３３３,2024-10-01,2024-10-06,10,三国,ＧⅢ,３　６６６　４６５　４６,2024-05-24,2024-05-29,10,三国,ＧⅢ,６　５３５　５　４４６３,2024-02-09,2024-02-13,10,三国,一般,６３６　４２４　転５,2023-10-25,2023-10-30,10,三国,一般,１　４５６　６１４３４１
202609141002,2026-09-14,10,02R,4890,石川 諒,2025-07-04,2025-07-09,10,三国,一般,５２６,2023-10-25,2023-10-30,10,三国,一般,４１６　６６４　３５２,2020-12-25,2020-12-28,10,三国,一般,４３５　６　６２,2020-11-27,2020-12-02,10,三国,一般,４　６５１　６３３　５３,2020-03-07,2020-03-10,10,三国,一般,６５４　５　５,3251,平石 和男,2026-07-07,2026-07-12,10,三国,ＧⅢ,３　２３２２２３１５２２,2026-04-14,2026-04-19,10,三国,一般,２６１５２　６　４６３５,2025-11-21,2025-11-26,10,三国,一般,１４１３３２１　４６２４,2025-08-26,2025-08-29,10,三国,一般,６　２３３３５,2025-06-01,2025-06-06,10,三国,一般,５４２４２　５５１　２６,3967,鈴木 茂高,2026-04-05,2026-04-10,10,三国,一般,２　４５６５１　４２２,2025-09-26,2025-09-29,10,三国,一般,３　５４４３５,2025-02-13,2025-02-16,10,三国,一般,４２５　５３３２,2024-03-20,2024-03-25,10,三国,一般,４　４６６　４　３５５５,2023-10-07,2023-10-12,10,三国,一般,３　５６１　４５５４１,4003,表 憲一,2026-08-14,2026-08-19,10,三国,一般,３４２　３５５　２４３３,2026-07-18,2026-07-22,10,三国,一般,３　４６４３４　５１,2026-05-14,2026-05-18,10,三国,一般,５４５２４　２　３５,2026-04-14,2026-04-19,10,三国,一般,１　２３２　３４３２[３],2026-02-06,2026-02-11,10,三国,一般,４　３１３３１５１２,5294,豊田 祥生,2026-01-20,2026-01-26,10,三国,一般,５６３　３　５１６５４,2025-10-04,2025-10-07,10,三国,一般,２６６　６　４５,2025-03-31,2025-04-05,10,三国,一般,６　４　５６４　３５２,2023-08-21,2023-08-25,10,三国,一般,６　６　６６６　６４,2023-06-05,2023-06-10,10,三国,一般,６　６６４　６　６６６,3645,淺田 千亜希,2017-03-28,2017-04-02,10,三国,一般,２２２２５　３４２４１３,2011-03-01,2011-03-06,10,三国,ＧⅠ,４　５１５　２５２１１,2009-08-20,2009-08-25,10,三国,一般,１１１１２２２３６１[１],2008-07-12,2008-07-17,10,三国,ＧⅢ,１１１２１２１２１１[５],2004-07-07,2004-07-11,10,三国,ＧⅢ,１１２４３３４５F５
202609141003,2026-09-14,10,03R,4155,長野 壮志郎,2025-12-24,2025-12-27,10,三国,一般,６　３２２　２２,2025-03-19,2025-03-25,10,三国,一般,妨１５４６　６６,2024-08-25,2024-08-30,10,三国,一般,１６３F４　６　転,2023-03-25,2023-03-30,10,三国,ＧⅠ,５　３　６６１　５６３,2020-07-26,2020-07-29,10,三国,一般,１６３５１　３６,3442,宮武 英司,2024-10-13,2024-10-18,10,三国,一般,１　３５４３３４１５２,2022-11-22,2022-11-27,10,三国,一般,３２１　４６４１２５４６,2021-07-11,2021-07-15,10,三国,一般,４２６　１４４　転５,2020-09-05,2020-09-10,10,三国,一般,３不,2020-07-18,2020-07-21,10,三国,一般,３　３４６５１５,5029,中 亮太,2024-05-24,2024-05-29,10,三国,ＧⅢ,４３６　３５３３１　１１,2023-04-14,2023-04-19,10,三国,一般,２５１４１１２３１２[４],2022-06-11,2022-06-16,10,三国,ＧⅢ,６　１１６４２２１２[６],2021-07-23,2021-07-28,10,三国,一般,１１１６２F４　３　６,2020-09-05,2020-09-10,10,三国,一般,４　５６１　５６,4429,豊田 泰洋,2026-06-28,2026-07-01,10,三国,一般,５５２　３４５,2025-01-25,2025-01-29,10,三国,一般,３　３３５５６　５３,2019-06-30,2019-07-05,10,三国,一般,６　６　５２３５５６２,2017-02-25,2017-03-01,10,三国,一般,４転４　５５５　３４,2016-02-27,2016-03-03,10,三国,一般,４６１　４　２３６６４,3156,金子 良昭,2026-01-31,2026-02-03,10,三国,一般,４　４２２２４５,2025-04-21,2025-04-25,10,三国,一般,３５４　３２６３２４,2024-07-09,2024-07-13,10,三国,一般,２５４　３４５　５３,2024-04-06,2024-04-10,10,三国,一般,６５１　４　４４,2023-10-25,2023-10-30,10,三国,一般,２３３　３４１１４３F１,4317,木村 紗友希,2026-03-24,2026-03-29,10,三国,ＧⅢ,２　５４５　１１４６１転,2024-10-13,2024-10-18,10,三国,一般,４２２　５４６　２６２,2023-11-03,2023-11-09,10,三国,一般,５　６６１　５１２　３５,2022-07-12,2022-07-17,10,三国,ＧⅢ,５４１　３３４　４２２,2022-03-26,2022-04-01,10,三国,一般,４６５　４１
202609141004,2026-09-14,10,04R,3746,岡瀬 正人,2024-04-22,2024-04-27,10,三国,一般,１１２３２　２３５４１１,2022-09-12,2022-09-17,10,三国,ＧⅢ,６６４５５５２１２　３６,2022-07-02,2022-07-05,10,三国,一般,２２２２４３３１,2020-08-25,2020-08-30,10,三国,ＧⅢ,３５２２３　２２２５１６,2019-04-16,2019-04-21,10,三国,一般,１４４４１２４　１３２１,4432,黄金井 力良,2026-05-23,2026-05-28,10,三国,一般,４１３　５４２　４５１３,2025-11-21,2025-11-26,10,三国,一般,３　５１２６４４２　４５,2025-04-21,2025-04-25,10,三国,一般,５　２５１５３６３３,2025-01-14,2025-01-18,10,三国,一般,２　６４２６４　１４,2024-09-12,2024-09-17,10,三国,一般,３　２４１４５５６　１２,4203,小倉 康典,2026-04-14,2026-04-19,10,三国,一般,６２３　６　１　３４６６,2023-08-30,2023-09-02,10,三国,一般,６５６　５　２４,2020-10-23,2020-10-28,10,三国,一般,３５２　３１５　１６３６,2017-04-26,2017-04-30,10,三国,一般,６１５　１３５５３５,2015-11-21,2015-11-24,10,三国,一般,５　１６５３４,5141,大澤 風葵,2024-05-10,2024-05-16,10,三国,一般,３６１４１２１１１　５１[２],2023-08-03,2023-08-07,10,三国,一般,１４１４１１２１[１],2023-04-14,2023-04-19,10,三国,一般,１　２２４３６F３　３,2023-01-01,2023-01-06,10,三国,一般,４　４２２１２６２５４１,2022-11-14,2022-11-18,10,三国,一般,３１６　転４３２３２,3940,飯山 泰,2025-11-21,2025-11-26,10,三国,一般,３２１２１４１　４１[５],2025-06-18,2025-06-21,10,三国,一般,５２３　１６１,2024-12-23,2024-12-28,10,三国,一般,５２２３１５２１１４１３,2024-08-25,2024-08-30,10,三国,一般,１２１４３１２１５１[２],2024-04-06,2024-04-10,10,三国,一般,１２１　２３[２],4694,高田 綾,2022-12-18,2022-12-21,10,三国,一般,６　５F６　２,2021-08-31,2021-09-05,10,三国,ＧⅢ,５１３　６６３　３　４１,2021-08-04,2021-08-07,10,三国,一般,６　２５５　５５,2019-11-10,2019-11-15,10,三国,一般,１　５５５４６　３　５６,2019-04-16,2019-04-21,10,三国,一般,１３６　６４４　１５３６
202609141005,2026-09-14,10,05R,3474,松瀬 弘美,2026-03-24,2026-03-29,10,三国,ＧⅢ,２　１４５６２　４１２２,2025-10-17,2025-10-22,10,三国,一般,４３５　４６５　２　４２,2025-06-24,2025-06-29,10,三国,一般,３５４４２３３　２３[３],2024-11-01,2024-11-06,10,三国,ＧⅢ,５４５　３１２３１　４５,2023-11-03,2023-11-09,10,三国,一般,３３３　３２５　１４２５,3805,高橋 英之,2026-02-06,2026-02-11,10,三国,一般,３３２　６２２　５５,2025-03-19,2025-03-25,10,三国,一般,２５５　５２１５１　５２,2023-07-03,2023-07-08,10,三国,一般,３　４１３２２４２３６２,2022-12-01,2022-12-06,10,三国,一般,４３６　５１,2021-01-23,2021-01-28,10,三国,一般,３２３３３　５３１４２２,4931,木谷 賢太,2024-03-13,2024-03-17,10,三国,一般,１４３５４　４２２３,2021-07-23,2021-07-28,10,三国,一般,１３１４３１１１２１[３],2021-05-09,2021-05-14,10,三国,一般,１４１　３１２４２１[４],2019-09-27,2019-09-30,10,三国,一般,２　３３１５５６,2018-01-11,2018-01-17,10,三国,一般,５,3968,茶谷 信次,2026-03-16,2026-03-19,10,三国,一般,４１１２３２２,2025-09-16,2025-09-20,10,三国,一般,２３５４１　１４１２,2025-06-10,2025-06-14,10,三国,一般,６３４　５１５　３１,2025-01-02,2025-01-07,10,三国,一般,３６４　３３４　３４３３,2024-08-25,2024-08-30,10,三国,一般,２　３　妨５,4953,尾上 雅也,2026-03-07,2026-03-11,10,三国,一般,１３３４１１１１[１],2024-11-11,2024-11-15,10,三国,一般,３１３　１６２３４２,2024-02-28,2024-03-02,10,三国,一般,５５４　３　１１,2023-04-25,2023-04-28,10,三国,一般,１１２３６１[５],2023-04-05,2023-04-09,10,三国,一般,２３１２２２,3699,富永 正人,2026-07-07,2026-07-12,10,三国,ＧⅢ,３　５２４　６５５　６,2026-02-06,2026-02-11,10,三国,一般,２　６６,2025-06-18,2025-06-21,10,三国,一般,５５２　５　４２,2024-07-29,2024-08-02,10,三国,一般,２転４　２１４　３１,2023-12-23,2023-12-28,10,三国,一般,５　３２３３２３１５３６
202609141006,2026-09-14,10,06R,4081,樋口 範政,2026-07-07,2026-07-12,10,三国,ＧⅢ,１　５４６１１２２３３３,2024-10-01,2024-10-06,10,三国,ＧⅢ,３　６６６　４６５　４６,2024-05-24,2024-05-29,10,三国,ＧⅢ,６　５３５　５　４４６３,2024-02-09,2024-02-13,10,三国,一般,６３６　４２４　転５,2023-10-25,2023-10-30,10,三国,一般,１　４５６　６１４３４１,4233,亀山 雅幸,2025-02-13,2025-02-16,10,三国,一般,２２１６２５２５,2022-03-16,2022-03-21,10,三国,一般,３６５１３　６６１　２,2021-11-23,2021-11-28,10,三国,一般,２　４２１５３２４４２６,2020-11-18,2020-11-23,10,三国,一般,５２２２６　３２１５３３,2019-11-03,2019-11-07,10,三国,一般,１１３６１　３４４２,5323,香川 陽太,2026-01-31,2026-02-03,10,三国,一般,２６３　４６３,2024-06-16,2024-06-19,10,三国,一般,５　５６４　５５,2024-01-26,2024-01-30,10,三国,一般,５　４５６　３６６５,2023-12-23,2023-12-28,10,三国,一般,５　４５４　５転５４６４,,,,,,,5045,平川 香織,2026-04-14,2026-04-19,10,三国,一般,３３,2025-07-13,2025-07-18,10,三国,一般,４６４　２　６２５３５２,2025-04-14,2025-04-18,10,三国,一般,５　４５５５４　３４,,,,,,,,,,,,,3788,一宮 稔弘,2026-03-16,2026-03-19,10,三国,一般,F５５　F,2025-07-04,2025-07-09,10,三国,一般,２１４６６　３４２３１６,2023-09-09,2023-09-14,10,三国,ＧⅠ,２　５　４４２　５６３６,2022-10-26,2022-10-31,10,三国,一般,６１２　１３３　４５１３,2021-05-09,2021-05-14,10,三国,一般,落３４２１５１２３１[５],4199,北川 潤二,2026-05-14,2026-05-18,10,三国,一般,１２３２６　１２[５],2025-09-16,2025-09-20,10,三国,一般,２５１５１　２６１４,2022-10-26,2022-10-31,10,三国,一般,２１３　２１１１１１[１],2022-10-05,2022-10-10,10,三国,一般,２２１４２２１４エ４２４,2022-06-24,2022-06-29,10,三国,一般,３２２　１３２２６３４１
202609141007,2026-09-14,10,07R,3563,堤 昇,2026-02-06,2026-02-11,10,三国,一般,５１４　５３２　３６,2025-05-13,2025-05-18,10,三国,一般,５２５６５３２　４　４６,2024-06-16,2024-06-19,10,三国,一般,１　４３２４５４,2023-09-18,2023-09-23,10,三国,ＧⅢ,４４１　３不,2023-08-03,2023-08-07,10,三国,一般,３　４１５６２６４２,3587,武田 信一,2025-12-05,2025-12-08,10,三国,一般,５　４３６３６,2025-01-25,2025-01-29,10,三国,一般,２　５１２６４６２５,2023-03-16,2023-03-21,10,三国,一般,４１６　６３５　２６６２,2022-07-27,2022-08-01,10,三国,一般,５３４　５１３　６２２５,2019-12-17,2019-12-22,10,三国,一般,２５５　３１４　４２１５,5294,豊田 祥生,2026-01-20,2026-01-26,10,三国,一般,５６３　３　５１６５４,2025-10-04,2025-10-07,10,三国,一般,２６６　６　４５,2025-03-31,2025-04-05,10,三国,一般,６　４　５６４　３５２,2023-08-21,2023-08-25,10,三国,一般,６　６　６６６　６４,2023-06-05,2023-06-10,10,三国,一般,６　６６４　６　６６６,3620,信濃 由行,2026-08-14,2026-08-19,10,三国,一般,５　５３４　４３６４５,2026-07-07,2026-07-12,10,三国,ＧⅢ,６６６　６　５６５　４６,2026-05-02,2026-05-07,10,三国,一般,４　４１２　３６３２２６,2025-12-24,2025-12-27,10,三国,一般,６３３　５　３６,2025-10-17,2025-10-22,10,三国,一般,４　４４２５５　３６４,4589,塩崎 桐加,2026-06-21,2026-06-24,10,三国,一般,３４１３５５４１,2024-09-12,2024-09-17,10,三国,一般,１６１　１６２４２２[５],2024-06-07,2024-06-12,10,三国,一般,２２６　１５２　１２[６],2024-03-20,2024-03-25,10,三国,一般,１３１　２　１１３２[４],2023-11-03,2023-11-09,10,三国,一般,２２１３２４１　４２[５],4564,山本 景士郎,2025-10-04,2025-10-07,10,三国,一般,６３６　４　２３,2025-05-22,2025-05-26,10,三国,一般,６５２　５５５　４４,2024-12-07,2024-12-12,10,三国,一般,２６３　３４F　４　２,2024-01-26,2024-01-30,10,三国,一般,６　２３１２４２[５],2021-09-30,2021-10-05,10,三国,一般,５　６２２５４　３４３１
202609141008,2026-09-14,10,08R,3645,淺田 千亜希,2017-03-28,2017-04-02,10,三国,一般,２２２２５　３４２４１３,2011-03-01,2011-03-06,10,三国,ＧⅠ,４　５１５　２５２１１,2009-08-20,2009-08-25,10,三国,一般,１１１１２２２３６１[１],2008-07-12,2008-07-17,10,三国,ＧⅢ,１１１２１２１２１１[５],2004-07-07,2004-07-11,10,三国,ＧⅢ,１１２４３３４５F５,3156,金子 良昭,2026-01-31,2026-02-03,10,三国,一般,４　４２２２４５,2025-04-21,2025-04-25,10,三国,一般,３５４　３２６３２４,2024-07-09,2024-07-13,10,三国,一般,２５４　３４５　５３,2024-04-06,2024-04-10,10,三国,一般,６５１　４　４４,2023-10-25,2023-10-30,10,三国,一般,２３３　３４１１４３F１,5034,若林 義人,2026-01-20,2026-01-26,10,三国,一般,４５１１１　２２３６１２,2025-07-31,2025-08-05,10,三国,ＧⅠ,１　３　４１６　３　６１,2024-08-06,2024-08-09,10,三国,一般,１３３４１３３１,2022-08-22,2022-08-27,10,三国,一般,３　４２４　３４５１１,2021-01-10,2021-01-16,10,三国,一般,４５４　３　２５,3613,角谷 健吾,2022-04-19,2022-04-24,10,三国,ＧⅠ,１５２　２　２６５　３３,2022-01-17,2022-01-23,10,三国,一般,１２１２６１１　３　１１[３],2020-10-23,2020-10-28,10,三国,一般,１６２２４２１３３１[４],2019-09-06,2019-09-11,10,三国,一般,６４１３１４１６４４５１,2018-09-15,2018-09-20,10,三国,ＧⅢ,２２１３３１６３２４１４,4139,丹下 健,2026-05-02,2026-05-07,10,三国,一般,３５３　３２３　４５１２,2024-08-25,2024-08-30,10,三国,一般,２２５　２６６　４４１,2024-05-24,2024-05-29,10,三国,ＧⅢ,２　３６１　４６６４３,2024-01-26,2024-01-30,10,三国,一般,６６４　１４２　２５,2023-11-12,2023-11-15,10,三国,一般,６　３４５２２,3659,藤生 雄人,2026-02-06,2026-02-11,10,三国,一般,１　２５１５３２[３],2024-06-16,2024-06-19,10,三国,一般,２４４落,2023-07-03,2023-07-08,10,三国,一般,２３３６３６２　１４２６,2022-11-22,2022-11-27,10,三国,一般,１４４５３　１３１５１３,2021-01-23,2021-01-28,10,三国,一般,２６２　３５４５
202609141009,2026-09-14,10,09R,3482,金子 猛志,2026-02-06,2026-02-11,10,三国,一般,６６２６２　４　３６,2025-10-29,2025-11-03,10,三国,ＧⅢ,３１４　３３６５４　６２,2025-07-22,2025-07-27,10,三国,一般,２３６６３　２４２　４１,2025-02-28,2025-03-06,10,三国,一般,４２２　３６６５２　４２,2024-12-07,2024-12-12,10,三国,一般,５１２　６　３２３３１５,4930,佐藤 悠,2026-08-14,2026-08-19,10,三国,一般,３　１３３２２５４２[４],2026-05-02,2026-05-07,10,三国,一般,３６１６転　５２２　３１,2026-03-07,2026-03-11,10,三国,一般,１２２６１　５４４４,2025-12-30,2026-01-04,10,三国,一般,３５６１１　１１５４転２,2025-11-21,2025-11-26,10,三国,一般,１６３２４　１３３３４２,4694,高田 綾,2022-12-18,2022-12-21,10,三国,一般,６　５F６　２,2021-08-31,2021-09-05,10,三国,ＧⅢ,５１３　６６３　３　４１,2021-08-04,2021-08-07,10,三国,一般,６　２５５　５５,2019-11-10,2019-11-15,10,三国,一般,１　５５５４６　３　５６,2019-04-16,2019-04-21,10,三国,一般,１３６　６４４　１５３６,4950,高岡 竜也,2025-07-04,2025-07-09,10,三国,一般,２　５４６２４５２　４３,2024-08-06,2024-08-09,10,三国,一般,２　２５１５１４,2023-06-16,2023-06-19,10,三国,一般,２４３３１５１２,2018-10-20,2018-10-25,10,三国,一般,３４６　５４４　２３５,2017-09-14,2017-09-18,10,三国,一般,４　４６５４６　６４,3442,宮武 英司,2024-10-13,2024-10-18,10,三国,一般,１　３５４３３４１５２,2022-11-22,2022-11-27,10,三国,一般,３２１　４６４１２５４６,2021-07-11,2021-07-15,10,三国,一般,４２６　１４４　転５,2020-09-05,2020-09-10,10,三国,一般,３不,2020-07-18,2020-07-21,10,三国,一般,３　３４６５１５,4890,石川 諒,2025-07-04,2025-07-09,10,三国,一般,５２６,2023-10-25,2023-10-30,10,三国,一般,４１６　６６４　３５２,2020-12-25,2020-12-28,10,三国,一般,４３５　６　６２,2020-11-27,2020-12-02,10,三国,一般,４　６５１　６３３　５３,2020-03-07,2020-03-10,10,三国,一般,６５４　５　５
202609141010,2026-09-14,10,10R,4199,北川 潤二,2026-05-14,2026-05-18,10,三国,一般,１２３２６　１２[５],2025-09-16,2025-09-20,10,三国,一般,２５１５１　２６１４,2022-10-26,2022-10-31,10,三国,一般,２１３　２１１１１１[１],2022-10-05,2022-10-10,10,三国,一般,２２１４２２１４エ４２４,2022-06-24,2022-06-29,10,三国,一般,３２２　１３２２６３４１,4317,木村 紗友希,2026-03-24,2026-03-29,10,三国,ＧⅢ,２　５４５　１１４６１転,2024-10-13,2024-10-18,10,三国,一般,４２２　５４６　２６２,2023-11-03,2023-11-09,10,三国,一般,５　６６１　５１２　３５,2022-07-12,2022-07-17,10,三国,ＧⅢ,５４１　３３４　４２２,2022-03-26,2022-04-01,10,三国,一般,４６５　４１,4003,表 憲一,2026-08-14,2026-08-19,10,三国,一般,３４２　３５５　２４３３,2026-07-18,2026-07-22,10,三国,一般,３　４６４３４　５１,2026-05-14,2026-05-18,10,三国,一般,５４５２４　２　３５,2026-04-14,2026-04-19,10,三国,一般,１　２３２　３４３２[３],2026-02-06,2026-02-11,10,三国,一般,４　３１３３１５１２,3251,平石 和男,2026-07-07,2026-07-12,10,三国,ＧⅢ,３　２３２２２３１５２２,2026-04-14,2026-04-19,10,三国,一般,２６１５２　６　４６３５,2025-11-21,2025-11-26,10,三国,一般,１４１３３２１　４６２４,2025-08-26,2025-08-29,10,三国,一般,６　２３３３５,2025-06-01,2025-06-06,10,三国,一般,５４２４２　５５１　２６,4931,木谷 賢太,2024-03-13,2024-03-17,10,三国,一般,１４３５４　４２２３,2021-07-23,2021-07-28,10,三国,一般,１３１４３１１１２１[３],2021-05-09,2021-05-14,10,三国,一般,１４１　３１２４２１[４],2019-09-27,2019-09-30,10,三国,一般,２　３３１５５６,2018-01-11,2018-01-17,10,三国,一般,５,3746,岡瀬 正人,2024-04-22,2024-04-27,10,三国,一般,１１２３２　２３５４１１,2022-09-12,2022-09-17,10,三国,ＧⅢ,６６４５５５２１２　３６,2022-07-02,2022-07-05,10,三国,一般,２２２２４３３１,2020-08-25,2020-08-30,10,三国,ＧⅢ,３５２２３　２２２５１６,2019-04-16,2019-04-21,10,三国,一般,１４４４１２４　１３２１
202609141011,2026-09-14,10,11R,5045,平川 香織,2026-04-14,2026-04-19,10,三国,一般,３３,2025-07-13,2025-07-18,10,三国,一般,４６４　２　６２５３５２,2025-04-14,2025-04-18,10,三国,一般,５　４５５５４　３４,,,,,,,,,,,,,3699,富永 正人,2026-07-07,2026-07-12,10,三国,ＧⅢ,３　５２４　６５５　６,2026-02-06,2026-02-11,10,三国,一般,２　６６,2025-06-18,2025-06-21,10,三国,一般,５５２　５　４２,2024-07-29,2024-08-02,10,三国,一般,２転４　２１４　３１,2023-12-23,2023-12-28,10,三国,一般,５　３２３３２３１５３６,3940,飯山 泰,2025-11-21,2025-11-26,10,三国,一般,３２１２１４１　４１[５],2025-06-18,2025-06-21,10,三国,一般,５２３　１６１,2024-12-23,2024-12-28,10,三国,一般,５２２３１５２１１４１３,2024-08-25,2024-08-30,10,三国,一般,１２１４３１２１５１[２],2024-04-06,2024-04-10,10,三国,一般,１２１　２３[２],5029,中 亮太,2024-05-24,2024-05-29,10,三国,ＧⅢ,４３６　３５３３１　１１,2023-04-14,2023-04-19,10,三国,一般,２５１４１１２３１２[４],2022-06-11,2022-06-16,10,三国,ＧⅢ,６　１１６４２２１２[６],2021-07-23,2021-07-28,10,三国,一般,１１１６２F４　３　６,2020-09-05,2020-09-10,10,三国,一般,４　５６１　５６,4432,黄金井 力良,2026-05-23,2026-05-28,10,三国,一般,４１３　５４２　４５１３,2025-11-21,2025-11-26,10,三国,一般,３　５１２６４４２　４５,2025-04-21,2025-04-25,10,三国,一般,５　２５１５３６３３,2025-01-14,2025-01-18,10,三国,一般,２　６４２６４　１４,2024-09-12,2024-09-17,10,三国,一般,３　２４１４５５６　１２,3563,堤 昇,2026-02-06,2026-02-11,10,三国,一般,５１４　５３２　３６,2025-05-13,2025-05-18,10,三国,一般,５２５６５３２　４　４６,2024-06-16,2024-06-19,10,三国,一般,１　４３２４５４,2023-09-18,2023-09-23,10,三国,ＧⅢ,４４１　３不,2023-08-03,2023-08-07,10,三国,一般,３　４１５６２６４２
202609141012,2026-09-14,10,12R,4953,尾上 雅也,2026-03-07,2026-03-11,10,三国,一般,１３３４１１１１[１],2024-11-11,2024-11-15,10,三国,一般,３１３　１６２３４２,2024-02-28,2024-03-02,10,三国,一般,５５４　３　１１,2023-04-25,2023-04-28,10,三国,一般,１１２３６１[５],2023-04-05,2023-04-09,10,三国,一般,２３１２２２,5141,大澤 風葵,2024-05-10,2024-05-16,10,三国,一般,３６１４１２１１１　５１[２],2023-08-03,2023-08-07,10,三国,一般,１４１４１１２１[１],2023-04-14,2023-04-19,10,三国,一般,１　２２４３６F３　３,2023-01-01,2023-01-06,10,三国,一般,４　４２２１２６２５４１,2022-11-14,2022-11-18,10,三国,一般,３１６　転４３２３２,4589,塩崎 桐加,2026-06-21,2026-06-24,10,三国,一般,３４１３５５４１,2024-09-12,2024-09-17,10,三国,一般,１６１　１６２４２２[５],2024-06-07,2024-06-12,10,三国,一般,２２６　１５２　１２[６],2024-03-20,2024-03-25,10,三国,一般,１３１　２　１１３２[４],2023-11-03,2023-11-09,10,三国,一般,２２１３２４１　４２[５],4155,長野 壮志郎,2025-12-24,2025-12-27,10,三国,一般,６　３２２　２２,2025-03-19,2025-03-25,10,三国,一般,妨１５４６　６６,2024-08-25,2024-08-30,10,三国,一般,１６３F４　６　転,2023-03-25,2023-03-30,10,三国,ＧⅠ,５　３　６６１　５６３,2020-07-26,2020-07-29,10,三国,一般,１６３５１　３６,3805,高橋 英之,2026-02-06,2026-02-11,10,三国,一般,３３２　６２２　５５,2025-03-19,2025-03-25,10,三国,一般,２５５　５２１５１　５２,2023-07-03,2023-07-08,10,三国,一般,３　４１３２２４２３６２,2022-12-01,2022-12-06,10,三国,一般,４３６　５１,2021-01-23,2021-01-28,10,三国,一般,３２３３３　５３１４２２,5034,若林 義人,2026-01-20,2026-01-26,10,三国,一般,４５１１１　２２３６１２,2025-07-31,2025-08-05,10,三国,ＧⅠ,１　３　４１６　３　６１,2024-08-06,2024-08-09,10,三国,一般,１３３４１３３１,2022-08-22,2022-08-27,10,三国,一般,３　４２４　３４５１１,2021-01-10,2021-01-16,10,三国,一般,４５４　３　２５
202609141101,2026-09-14,11,01R,3896,上田 洋平,2026-05-29,2026-06-03,11,びわこ,一般,２　１５２　６４１　３４,2026-03-12,2026-03-16,11,びわこ,一般,６　３２５６５　６６,2025-12-04,2025-12-09,11,びわこ,ＧⅢ,４　４４２５５５５　４,2025-06-29,2025-07-04,11,びわこ,一般,３　１３５３２５１５２５,2025-05-09,2025-05-14,11,びわこ,一般,２　６２４２３６１５２４,4947,間庭 菜摘,2024-05-01,2024-05-06,11,びわこ,一般,３２２　２３４４２１[４],2024-01-25,2024-01-30,11,びわこ,一般,６５５　６４３　２　５３,2023-02-03,2023-02-08,11,びわこ,一般,５　２１６４２６５　２,2021-09-11,2021-09-16,11,びわこ,一般,５　１３４２５５４　１５,2021-01-27,2021-02-01,11,びわこ,一般,４　３１５１２３５４４５,3441,土屋 太朗,2025-01-31,2025-02-05,11,びわこ,一般,６４５　１４３　１３２３,2023-09-22,2023-09-27,11,びわこ,一般,４　６４５　６４,2023-05-08,2023-05-14,11,びわこ,一般,２　２　５５３　１４５　５３,2022-04-13,2022-04-18,11,びわこ,一般,４　３２２１３３５３５１,2021-09-02,2021-09-07,11,びわこ,一般,５　１１５３１６４４１２,4186,小川 時光,2026-05-29,2026-06-03,11,びわこ,一般,４　４４４６,2022-08-28,2022-09-02,11,びわこ,一般,６　５６４　４５５　５,2022-05-21,2022-05-26,11,びわこ,一般,４　６２６　４６５,2021-11-23,2021-11-28,11,びわこ,一般,５　６６６,2020-11-12,2020-11-17,11,びわこ,一般,６　４６,3797,岩井 繁,2025-06-11,2025-06-16,11,びわこ,一般,２　４２２３５６２　５２,2025-02-16,2025-02-21,11,びわこ,一般,５　４４６　５５４　４４,2021-09-11,2021-09-16,11,びわこ,一般,３５３　４２２　２６３６,2018-12-16,2018-12-21,11,びわこ,一般,５　５５４　３　５２５６,2018-04-05,2018-04-09,11,びわこ,一般,４６５　３　５６３４,5472,,,,,,,,,,,,,,,,,,,,,,,,,,,,,,,
202609141102,2026-09-14,11,02R,4183,宇野 弥生,2025-05-01,2025-05-06,11,びわこ,ＧⅢ,６１３１４１３　５１[４],2025-01-04,2025-01-09,11,びわこ,ＧⅢ,５２１１５　２２３　１２,2024-02-20,2024-02-25,11,びわこ,ＧⅡ,２　１３５　１　１　[２],2023-02-03,2023-02-08,11,びわこ,一般,４１１２４１１１１１[１],2022-10-17,2022-10-22,11,びわこ,ＧⅢ,２１３３３　２２５６１６,4894,原村 拓也,2026-03-12,2026-03-16,11,びわこ,一般,３３５　２４１６６,2023-07-10,2023-07-14,11,びわこ,一般,６４２　４　４２３５,2023-06-09,2023-06-14,11,びわこ,一般,４３６　６　５１５　６６,2022-12-17,2022-12-22,11,びわこ,一般,４　４１５４４　６５１,2021-12-18,2021-12-23,11,びわこ,一般,６１４　３６５　１４２５,4012,中村 有裕,2026-08-15,2026-08-20,11,びわこ,一般,１２２　２３３２２２[６],2026-05-29,2026-06-03,11,びわこ,一般,４　１４２６２３３落,2026-01-03,2026-01-08,11,びわこ,一般,５５２１４　３４１５３５,2025-12-04,2025-12-09,11,びわこ,ＧⅢ,３２３６３５２　１１[５],2025-09-03,2025-09-07,11,びわこ,一般,４３２３２３４６２３,4786,佐藤 博亮,2025-09-10,2025-09-13,11,びわこ,一般,１４１５５４１５,2025-01-22,2025-01-28,11,びわこ,一般,２　３３２１１１２１３１[１],2024-06-25,2024-06-30,11,びわこ,一般,６４４２１　２１５４１１,2023-05-08,2023-05-14,11,びわこ,一般,　　１６１１３６１２２２[３],2022-04-04,2022-04-09,11,びわこ,一般,５３４３１　２５１６１５,4766,石井 孝之,2026-01-25,2026-01-30,11,びわこ,一般,１　１４２３３５５１[５],2024-02-03,2024-02-08,11,びわこ,一般,３５６　３６１　３５４５,2021-04-18,2021-04-23,11,びわこ,一般,３６２　６３１　６６２,2020-09-03,2020-09-08,11,びわこ,一般,６１３　１１４５６６３６,2020-06-10,2020-06-15,11,びわこ,一般,３　２３４５５４６　２３,5055,眞鳥 章太,2026-03-12,2026-03-16,11,びわこ,一般,５　１４３１３　５１,2025-09-10,2025-09-13,11,びわこ,一般,１２４４５１[５],2024-08-20,2024-08-23,11,びわこ,一般,５　５３４３１４,2021-09-21,2021-09-26,11,びわこ,ＧⅢ,６　６６F　６　６　６,,,,,,
202609141103,2026-09-14,11,03R,4216,星 栄爾,2025-08-26,2025-08-31,11,びわこ,一般,３５３　４１４４１４２６,2025-02-09,2025-02-12,11,びわこ,一般,１４３４３５１２,2024-08-01,2024-08-06,11,びわこ,一般,３　２３４　６５３　４４,2024-02-03,2024-02-08,11,びわこ,一般,３４４　６４６　４１６４,2023-11-05,2023-11-10,11,びわこ,一般,２　３６５　１６６４３５,4486,野村 誠,2025-09-03,2025-09-07,11,びわこ,一般,４２３１２２５６５４,2024-05-21,2024-05-26,11,びわこ,一般,４　１３５３３３５５３５,2023-06-18,2023-06-24,11,びわこ,一般,３１４３１　２４　　１２[６],2023-04-03,2023-04-08,11,びわこ,一般,２　３１３３２３４２[５],2021-09-21,2021-09-26,11,びわこ,ＧⅢ,１４５１６　２　３６１６,5132,中野 希一,2025-07-18,2025-07-23,11,びわこ,一般,２３２２１１２１３１[３],2023-06-09,2023-06-14,11,びわこ,一般,３　１３２２２２４３１６,,,,,,,,,,,,,,,,,,,4254,川島 圭司,2026-01-16,2026-01-21,11,びわこ,ＧⅡ,６　６　６６４,2026-01-03,2026-01-08,11,びわこ,一般,４３１５３　５６４　３１,2025-10-23,2025-10-28,11,びわこ,一般,１５２４４　５　３６５,2025-08-19,2025-08-22,11,びわこ,一般,１１６４６４１３,2025-06-11,2025-06-16,11,びわこ,一般,２２３４４　２２２４１４,4660,宇田川 信一,2025-12-14,2025-12-19,11,びわこ,一般,６２６　５　５４４　５３,2024-09-21,2024-09-25,11,びわこ,一般,３　５１４６１　４６,2023-02-21,2023-02-26,11,びわこ,一般,５　６６５　４５３　３５,2022-07-22,2022-07-27,11,びわこ,一般,２５３　５５６　３６４２,2019-09-11,2019-09-16,11,びわこ,一般,３６２　２　５６４　１４,3793,高橋 真吾,2025-07-18,2025-07-23,11,びわこ,一般,２４２　５６５６３　５４,2020-09-03,2020-09-08,11,びわこ,一般,６　２１２　５３４６３４,2015-05-25,2015-05-29,11,びわこ,一般,６　４４３　５５６５,2014-11-22,2014-11-27,11,びわこ,一般,６２４　３４５　１　３４,2014-04-15,2014-04-20,11,びわこ,一般,５６３　２４５　３３３
202609141104,2026-09-14,11,04R,5032,谷口 知優,2020-09-26,2020-09-30,11,びわこ,一般,４２４　６５６　５５,2020-04-09,2020-04-14,11,びわこ,一般,２　４３６６６６６　５２,2019-11-07,2019-11-12,11,びわこ,一般,５６５　６　６４５　５６,2019-01-23,2019-01-27,11,びわこ,一般,６　３６４　６５４,,,,,,,4779,伊倉 光,2026-02-04,2026-02-09,11,びわこ,一般,５３５　１　３５２３３２,2025-01-31,2025-02-05,11,びわこ,一般,４５３　４１５　４３３,2024-08-27,2024-09-01,11,びわこ,一般,１　４５６　４３,2021-06-27,2021-07-02,11,びわこ,一般,５６５　５　２　５５４４,2021-03-20,2021-03-25,11,びわこ,一般,３　３４４４１　５２５４,4111,奥田 誠,2026-04-20,2026-04-23,11,びわこ,一般,６　２２１２,2025-05-18,2025-05-23,11,びわこ,一般,５６４　４　５５４　５,2024-07-24,2024-07-28,11,びわこ,一般,４　４４６５４　３５,2022-03-10,2022-03-15,11,びわこ,ＧⅡ,６　２５６　４F４　６,2021-07-13,2021-07-18,11,びわこ,ＧⅡ,３　６　２１３　２　[６],4957,竹之内 極,2021-07-31,2021-08-05,11,びわこ,一般,５４２　６　６２６　４５,2020-10-26,2020-10-31,11,びわこ,一般,４５６　２２５　３１１６,2019-11-07,2019-11-12,11,びわこ,一般,４　２６１５４５４　５４,,,,,,,,,,,,,4747,山戸 信二,2025-07-18,2025-07-23,11,びわこ,一般,３６５　４　４２４６３,2024-11-25,2024-11-28,11,びわこ,一般,４５４　１　１３,2021-12-11,2021-12-14,11,びわこ,一般,２　５６６　５転,2018-10-23,2018-10-28,11,びわこ,一般,６　６　６３５　６　４３,2017-11-04,2017-11-09,11,びわこ,一般,１６６　４４３　２６４,4974,安井 瑞紀,2026-04-08,2026-04-12,11,びわこ,一般,２１２５２５６３１３,2025-07-18,2025-07-23,11,びわこ,一般,３６６　５３３　３　４１,2024-07-17,2024-07-20,11,びわこ,一般,２　６４５６４,2022-08-01,2022-08-06,11,びわこ,一般,５　６２５４５　６４３４,2019-04-28,2019-05-03,11,びわこ,ＧⅢ,６　５１５６４　４５５
202609141105,2026-09-14,11,05R,3905,天野 友和,2026-04-08,2026-04-12,11,びわこ,一般,２１４３２　２５４４,2025-09-10,2025-09-13,11,びわこ,一般,２１３３３１[１],2025-01-22,2025-01-28,11,びわこ,一般,３６１５,2024-06-25,2024-06-30,11,びわこ,一般,１３３４４　４３１６３５,2023-07-25,2023-07-28,11,びわこ,一般,２３４３２　３２,5170,佐藤 太亮,2024-07-04,2024-07-09,11,びわこ,一般,６６２　３５４　６６１５,2022-07-05,2022-07-08,11,びわこ,一般,６　３６３　４３,2021-12-02,2021-12-07,11,びわこ,一般,６６５　５　転　４５５,2021-07-31,2021-08-05,11,びわこ,一般,６６５　５６６　５　５６,2021-05-18,2021-05-23,11,びわこ,一般,６　６６４　４　６６６,3918,深井 利寿,2026-05-20,2026-05-25,11,びわこ,ＧⅡ,５　２３５　１３３１４,2026-04-30,2026-05-06,11,びわこ,一般,３３４　２１５　１４３３,2026-01-25,2026-01-30,11,びわこ,一般,４２２１３　３４２３３１,2025-12-04,2025-12-09,11,びわこ,ＧⅢ,２　２４２６３５４４３２,2025-08-10,2025-08-16,11,びわこ,一般,１２２　F３３　２　４　４,4821,妻鳥 晋也,2023-10-24,2023-10-29,11,びわこ,ＧⅢ,４３１　３３４３１６２３,2023-05-08,2023-05-14,11,びわこ,一般,　　６４３　５４６　３　６２,2022-06-17,2022-06-22,11,びわこ,一般,５　２５４５１　５３１４,2021-09-11,2021-09-16,11,びわこ,一般,４６１　５欠,2020-10-26,2020-10-31,11,びわこ,一般,１　１３１４６５１３１２,4540,相原 利章,2023-11-05,2023-11-10,11,びわこ,一般,４４１　５２４　１６１５,2023-04-03,2023-04-08,11,びわこ,一般,１　２４３６１３１３３１,2022-02-21,2022-02-25,11,びわこ,一般,３２３　５２３１[６],2021-09-02,2021-09-07,11,びわこ,一般,２３１５５　２４１６１４,2021-06-27,2021-07-02,11,びわこ,一般,１　２５２３２４２５３,5472,,,,,,,,,,,,,,,,,,,,,,,,,,,,,,,
202609141106,2026-09-14,11,06R,3708,岡部 貴司,2026-06-19,2026-06-24,11,びわこ,一般,４５２　２４１　２３３１,2025-06-20,2025-06-25,11,びわこ,一般,６１４　３４４　３１５３,2025-01-31,2025-02-05,11,びわこ,一般,３３３　２２２３３２[６],2023-09-13,2023-09-18,11,びわこ,ＧⅢ,３４２　１１２３５１[３],2023-02-21,2023-02-26,11,びわこ,一般,２４５　３１６３５　４５,5278,田中 駿兵,2024-08-01,2024-08-06,11,びわこ,一般,３４３　４６４　４　５２,2023-02-21,2023-02-26,11,びわこ,一般,６６６　６　６６６　５４,2022-12-26,2022-12-29,11,びわこ,一般,６　４５６５５,,,,,,,,,,,,,3797,岩井 繁,2025-06-11,2025-06-16,11,びわこ,一般,２　４２２３５６２　５２,2025-02-16,2025-02-21,11,びわこ,一般,５　４４６　５５４　４４,2021-09-11,2021-09-16,11,びわこ,一般,３５３　４２２　２６３６,2018-12-16,2018-12-21,11,びわこ,一般,５　５５４　３　５２５６,2018-04-05,2018-04-09,11,びわこ,一般,４６５　３　５６３４,5011,高木 圭大,2026-04-08,2026-04-12,11,びわこ,一般,３６３　４　１６５５,2024-11-25,2024-11-28,11,びわこ,一般,４　４５６　３４,2023-08-19,2023-08-24,11,びわこ,一般,６　４３２　６４２　５５,2021-01-18,2021-01-23,11,びわこ,一般,６　４４４　３４３　５２,2020-09-26,2020-09-30,11,びわこ,一般,５　６６６　５３６,4124,池田 雄一,2026-03-12,2026-03-16,11,びわこ,一般,１６４F５　５　３,2025-05-18,2025-05-23,11,びわこ,一般,２１２４４２６　１５１５,2025-02-09,2025-02-12,11,びわこ,一般,３３１３６２[２],2023-03-20,2023-03-25,11,びわこ,一般,４３１６１　３１３３２１,2022-03-01,2022-03-06,11,びわこ,一般,５　４４２４４　２４４５,4108,吉村 正明,2025-10-23,2025-10-28,11,びわこ,一般,３５３　１４１　１２[６],2024-11-16,2024-11-21,11,びわこ,一般,４１１４１　６５３３２４,2020-07-30,2020-08-04,11,びわこ,ＧⅠ,４１２　５１４２６　５２,2019-08-01,2019-08-06,11,びわこ,ＧⅠ,６５５　３　１４２３５,2016-04-21,2016-04-26,11,びわこ,一般,１３２１１３３５１２[３]
202609141107,2026-09-14,11,07R,3518,倉田 郁美,2024-05-01,2024-05-06,11,びわこ,一般,２１４２２４２３２５１２,2023-08-10,2023-08-16,11,びわこ,ＧⅢ,５　４５４　落３,2020-07-01,2020-07-06,11,びわこ,ＧⅢ,５　３５２　４２２６１６,2018-04-28,2018-05-03,11,びわこ,ＧⅢ,２１３　３４,2016-07-09,2016-07-14,11,びわこ,一般,５　５３５　４３２　落５,4254,川島 圭司,2026-01-16,2026-01-21,11,びわこ,ＧⅡ,６　６　６６４,2026-01-03,2026-01-08,11,びわこ,一般,４３１５３　５６４　３１,2025-10-23,2025-10-28,11,びわこ,一般,１５２４４　５　３６５,2025-08-19,2025-08-22,11,びわこ,一般,１１６４６４１３,2025-06-11,2025-06-16,11,びわこ,一般,２２３４４　２２２４１４,4835,橋本 明,2025-12-24,2025-12-29,11,びわこ,一般,３３６　４３１　１５３３,2025-08-19,2025-08-22,11,びわこ,一般,　　５　４３４３,2023-09-22,2023-09-27,11,びわこ,一般,６　５３６欠,2022-07-12,2022-07-16,11,びわこ,一般,３５３　３６４　５４,2021-08-23,2021-08-28,11,びわこ,一般,４　４１６　２３６２６５,3896,上田 洋平,2026-05-29,2026-06-03,11,びわこ,一般,２　１５２　６４１　３４,2026-03-12,2026-03-16,11,びわこ,一般,６　３２５６５　６６,2025-12-04,2025-12-09,11,びわこ,ＧⅢ,４　４４２５５５５　４,2025-06-29,2025-07-04,11,びわこ,一般,３　１３５３２５１５２５,2025-05-09,2025-05-14,11,びわこ,一般,２　６２４２３６１５２４,3454,井川 大作,2025-06-20,2025-06-25,11,びわこ,一般,６　３　４５６４５　４,2025-01-31,2025-02-05,11,びわこ,一般,５　５３１　６２２５４５,2024-07-04,2024-07-09,11,びわこ,一般,４４２　５４２　５１６２,2023-02-12,2023-02-17,11,びわこ,一般,５６５　３　３４５　３５,2022-04-13,2022-04-18,11,びわこ,一般,３　３１４２２６４３２４,4983,前田 篤哉,2026-05-29,2026-06-03,11,びわこ,一般,４１２１１１１２１２[３],2026-01-16,2026-01-21,11,びわこ,ＧⅡ,１４２　２　５４３　１６,2025-10-02,2025-10-07,11,びわこ,一般,１３２１３１１１１１[１],2024-10-15,2024-10-20,11,びわこ,ＧⅡ,１５３　６６１　３１３,2024-06-16,2024-06-21,11,びわこ,ＧⅢ,１５３　３２３　１　[６]
202609141108,2026-09-14,11,08R,3441,土屋 太朗,2025-01-31,2025-02-05,11,びわこ,一般,６４５　１４３　１３２３,2023-09-22,2023-09-27,11,びわこ,一般,４　６４５　６４,2023-05-08,2023-05-14,11,びわこ,一般,２　２　５５３　１４５　５３,2022-04-13,2022-04-18,11,びわこ,一般,４　３２２１３３５３５１,2021-09-02,2021-09-07,11,びわこ,一般,５　１１５３１６４４１２,4786,佐藤 博亮,2025-09-10,2025-09-13,11,びわこ,一般,１４１５５４１５,2025-01-22,2025-01-28,11,びわこ,一般,２　３３２１１１２１３１[１],2024-06-25,2024-06-30,11,びわこ,一般,６４４２１　２１５４１１,2023-05-08,2023-05-14,11,びわこ,一般,　　１６１１３６１２２２[３],2022-04-04,2022-04-09,11,びわこ,一般,５３４３１　２５１６１５,5032,谷口 知優,2020-09-26,2020-09-30,11,びわこ,一般,４２４　６５６　５５,2020-04-09,2020-04-14,11,びわこ,一般,２　４３６６６６６　５２,2019-11-07,2019-11-12,11,びわこ,一般,５６５　６　６４５　５６,2019-01-23,2019-01-27,11,びわこ,一般,６　３６４　６５４,,,,,,,3435,寺田 千恵,2025-05-01,2025-05-06,11,びわこ,ＧⅢ,２２２１４３２３３４１６,2024-10-24,2024-10-29,11,びわこ,一般,４３２１３４１２６２[３],2024-03-14,2024-03-19,11,びわこ,一般,２１６３１５１２３　１３,2024-02-20,2024-02-25,11,びわこ,ＧⅡ,３　５２１　２　３　１５,2023-01-12,2023-01-15,11,びわこ,ＧⅠ,２３５　３　４２,4216,星 栄爾,2025-08-26,2025-08-31,11,びわこ,一般,３５３　４１４４１４２６,2025-02-09,2025-02-12,11,びわこ,一般,１４３４３５１２,2024-08-01,2024-08-06,11,びわこ,一般,３　２３４　６５３　４４,2024-02-03,2024-02-08,11,びわこ,一般,３４４　６４６　４１６４,2023-11-05,2023-11-10,11,びわこ,一般,２　３６５　１６６４３５,5410,今泉 澪,2026-02-04,2026-02-09,11,びわこ,一般,６　６５５　６　３６６６,,,,,,,,,,,,,,,,,,,,,,,,
202609141109,2026-09-14,11,09R,4111,奥田 誠,2026-04-20,2026-04-23,11,びわこ,一般,６　２２１２,2025-05-18,2025-05-23,11,びわこ,一般,５６４　４　５５４　５,2024-07-24,2024-07-28,11,びわこ,一般,４　４４６５４　３５,2022-03-10,2022-03-15,11,びわこ,ＧⅡ,６　２５６　４F４　６,2021-07-13,2021-07-18,11,びわこ,ＧⅡ,３　６　２１３　２　[６],4186,小川 時光,2026-05-29,2026-06-03,11,びわこ,一般,４　４４４６,2022-08-28,2022-09-02,11,びわこ,一般,６　５６４　４５５　５,2022-05-21,2022-05-26,11,びわこ,一般,４　６２６　４６５,2021-11-23,2021-11-28,11,びわこ,一般,５　６６６,2020-11-12,2020-11-17,11,びわこ,一般,６　４６,3961,谷村 一哉,2025-07-30,2025-08-04,11,びわこ,一般,２４３　６３３　１１２３,2024-10-15,2024-10-20,11,びわこ,ＧⅡ,５６６　４６４　５６５,2022-10-02,2022-10-07,11,びわこ,ＧⅠ,１６４　５４６　３２６,2022-07-05,2022-07-08,11,びわこ,一般,２１３１３１[１],2020-09-03,2020-09-08,11,びわこ,一般,３２１３３４１６２５１３,4607,鶴田 勇雄,2026-02-04,2026-02-09,11,びわこ,一般,３４２６１　４２４６１３,2024-09-21,2024-09-25,11,びわこ,一般,５２２　１４２３４１,2023-07-10,2023-07-14,11,びわこ,一般,３１４　２３２１[３],2023-03-20,2023-03-25,11,びわこ,一般,３　４５２４５３１　３４,2022-12-26,2022-12-29,11,びわこ,一般,４　エ３４２４１,4183,宇野 弥生,2025-05-01,2025-05-06,11,びわこ,ＧⅢ,６１３１４１３　５１[４],2025-01-04,2025-01-09,11,びわこ,ＧⅢ,５２１１５　２２３　１２,2024-02-20,2024-02-25,11,びわこ,ＧⅡ,２　１３５　１　１　[２],2023-02-03,2023-02-08,11,びわこ,一般,４１１２４１１１１１[１],2022-10-17,2022-10-22,11,びわこ,ＧⅢ,２１３３３　２２５６１６,4116,川田 正人,2025-05-29,2025-06-01,11,びわこ,一般,２１６　２６３４,2024-09-05,2024-09-08,11,びわこ,一般,３４５５４　２５,2023-11-05,2023-11-10,11,びわこ,一般,６　４３４　２３２２５５,2022-04-04,2022-04-09,11,びわこ,一般,１１５３１２５２３３４１,2020-05-08,2020-05-13,11,びわこ,一般,４５２　３４４４１　３２
202609141110,2026-09-14,11,10R,4540,相原 利章,2023-11-05,2023-11-10,11,びわこ,一般,４４１　５２４　１６１５,2023-04-03,2023-04-08,11,びわこ,一般,１　２４３６１３１３３１,2022-02-21,2022-02-25,11,びわこ,一般,３２３　５２３１[６],2021-09-02,2021-09-07,11,びわこ,一般,２３１５５　２４１６１４,2021-06-27,2021-07-02,11,びわこ,一般,１　２５２３２４２５３,3793,高橋 真吾,2025-07-18,2025-07-23,11,びわこ,一般,２４２　５６５６３　５４,2020-09-03,2020-09-08,11,びわこ,一般,６　２１２　５３４６３４,2015-05-25,2015-05-29,11,びわこ,一般,６　４４３　５５６５,2014-11-22,2014-11-27,11,びわこ,一般,６２４　３４５　１　３４,2014-04-15,2014-04-20,11,びわこ,一般,５６３　２４５　３３３,5055,眞鳥 章太,2026-03-12,2026-03-16,11,びわこ,一般,５　１４３１３　５１,2025-09-10,2025-09-13,11,びわこ,一般,１２４４５１[５],2024-08-20,2024-08-23,11,びわこ,一般,５　５３４３１４,2021-09-21,2021-09-26,11,びわこ,ＧⅢ,６　６６F　６　６　６,,,,,,,5278,田中 駿兵,2024-08-01,2024-08-06,11,びわこ,一般,３４３　４６４　４　５２,2023-02-21,2023-02-26,11,びわこ,一般,６６６　６　６６６　５４,2022-12-26,2022-12-29,11,びわこ,一般,６　４５６５５,,,,,,,,,,,,,4947,間庭 菜摘,2024-05-01,2024-05-06,11,びわこ,一般,３２２　２３４４２１[４],2024-01-25,2024-01-30,11,びわこ,一般,６５５　６４３　２　５３,2023-02-03,2023-02-08,11,びわこ,一般,５　２１６４２６５　２,2021-09-11,2021-09-16,11,びわこ,一般,５　１３４２５５４　１５,2021-01-27,2021-02-01,11,びわこ,一般,４　３１５１２３５４４５,4380,鈴木 峻佑,2026-05-09,2026-05-14,11,びわこ,一般,２　４６１　１４２５２５,2025-10-23,2025-10-28,11,びわこ,一般,６４６　１　６４５　３,2025-06-04,2025-06-08,11,びわこ,一般,４　３５２６２　５６,2024-02-03,2024-02-08,11,びわこ,一般,３　１６６５５　４５５,2023-09-03,2023-09-08,11,びわこ,一般,２　５６６４２　１５２５
202609141111,2026-09-14,11,11R,5132,中野 希一,2025-07-18,2025-07-23,11,びわこ,一般,２３２２１１２１３１[３],2023-06-09,2023-06-14,11,びわこ,一般,３　１３２２２２４３１６,,,,,,,,,,,,,,,,,,,4108,吉村 正明,2025-10-23,2025-10-28,11,びわこ,一般,３５３　１４１　１２[６],2024-11-16,2024-11-21,11,びわこ,一般,４１１４１　６５３３２４,2020-07-30,2020-08-04,11,びわこ,ＧⅠ,４１２　５１４２６　５２,2019-08-01,2019-08-06,11,びわこ,ＧⅠ,６５５　３　１４２３５,2016-04-21,2016-04-26,11,びわこ,一般,１３２１１３３５１２[３],4957,竹之内 極,2021-07-31,2021-08-05,11,びわこ,一般,５４２　６　６２６　４５,2020-10-26,2020-10-31,11,びわこ,一般,４５６　２２５　３１１６,2019-11-07,2019-11-12,11,びわこ,一般,４　２６１５４５４　５４,,,,,,,,,,,,,4012,中村 有裕,2026-08-15,2026-08-20,11,びわこ,一般,１２２　２３３２２２[６],2026-05-29,2026-06-03,11,びわこ,一般,４　１４２６２３３落,2026-01-03,2026-01-08,11,びわこ,一般,５５２１４　３４１５３５,2025-12-04,2025-12-09,11,びわこ,ＧⅢ,３２３６３５２　１１[５],2025-09-03,2025-09-07,11,びわこ,一般,４３２３２３４６２３,3905,天野 友和,2026-04-08,2026-04-12,11,びわこ,一般,２１４３２　２５４４,2025-09-10,2025-09-13,11,びわこ,一般,２１３３３１[１],2025-01-22,2025-01-28,11,びわこ,一般,３６１５,2024-06-25,2024-06-30,11,びわこ,一般,１３３４４　４３１６３５,2023-07-25,2023-07-28,11,びわこ,一般,２３４３２　３２,4835,橋本 明,2025-12-24,2025-12-29,11,びわこ,一般,３３６　４３１　１５３３,2025-08-19,2025-08-22,11,びわこ,一般,　　５　４３４３,2023-09-22,2023-09-27,11,びわこ,一般,６　５３６欠,2022-07-12,2022-07-16,11,びわこ,一般,３５３　３６４　５４,2021-08-23,2021-08-28,11,びわこ,一般,４　４１６　２３６２６５
202609141112,2026-09-14,11,12R,3918,深井 利寿,2026-05-20,2026-05-25,11,びわこ,ＧⅡ,５　２３５　１３３１４,2026-04-30,2026-05-06,11,びわこ,一般,３３４　２１５　１４３３,2026-01-25,2026-01-30,11,びわこ,一般,４２２１３　３４２３３１,2025-12-04,2025-12-09,11,びわこ,ＧⅢ,２　２４２６３５４４３２,2025-08-10,2025-08-16,11,びわこ,一般,１２２　F３３　２　４　４,4124,池田 雄一,2026-03-12,2026-03-16,11,びわこ,一般,１６４F５　５　３,2025-05-18,2025-05-23,11,びわこ,一般,２１２４４２６　１５１５,2025-02-09,2025-02-12,11,びわこ,一般,３３１３６２[２],2023-03-20,2023-03-25,11,びわこ,一般,４３１６１　３１３３２１,2022-03-01,2022-03-06,11,びわこ,一般,５　４４２４４　２４４５,4983,前田 篤哉,2026-05-29,2026-06-03,11,びわこ,一般,４１２１１１１２１２[３],2026-01-16,2026-01-21,11,びわこ,ＧⅡ,１４２　２　５４３　１６,2025-10-02,2025-10-07,11,びわこ,一般,１３２１３１１１１１[１],2024-10-15,2024-10-20,11,びわこ,ＧⅡ,１５３　６６１　３１３,2024-06-16,2024-06-21,11,びわこ,ＧⅢ,１５３　３２３　１　[６],4779,伊倉 光,2026-02-04,2026-02-09,11,びわこ,一般,５３５　１　３５２３３２,2025-01-31,2025-02-05,11,びわこ,一般,４５３　４１５　４３３,2024-08-27,2024-09-01,11,びわこ,一般,１　４５６　４３,2021-06-27,2021-07-02,11,びわこ,一般,５６５　５　２　５５４４,2021-03-20,2021-03-25,11,びわこ,一般,３　３４４４１　５２５４,4894,原村 拓也,2026-03-12,2026-03-16,11,びわこ,一般,３３５　２４１６６,2023-07-10,2023-07-14,11,びわこ,一般,６４２　４　４２３５,2023-06-09,2023-06-14,11,びわこ,一般,４３６　６　５１５　６６,2022-12-17,2022-12-22,11,びわこ,一般,４　４１５４４　６５１,2021-12-18,2021-12-23,11,びわこ,一般,６１４　３６５　１４２５,4486,野村 誠,2025-09-03,2025-09-07,11,びわこ,一般,４２３１２２５６５４,2024-05-21,2024-05-26,11,びわこ,一般,４　１３５３３３５５３５,2023-06-18,2023-06-24,11,びわこ,一般,３１４３１　２４　　１２[６],2023-04-03,2023-04-08,11,びわこ,一般,２　３１３３２３４２[５],2021-09-21,2021-09-26,11,びわこ,ＧⅢ,１４５１６　２　３６１６
202609141201,2026-09-14,12,01R,5093,浦野 海,2025-09-25,2025-09-28,12,住之江,一般,１２５４２４６６,2025-03-31,2025-04-05,12,住之江,一般,５５６　３５１　３　１３,2024-01-15,2024-01-18,12,住之江,一般,６１２５５３１１,2022-10-19,2022-10-23,12,住之江,一般,２　４５４５５　２６,,,,,,,3718,伊達 正利,2022-09-05,2022-09-11,12,住之江,一般,６　１３５　１６５　４　２４,2022-05-12,2022-05-17,12,住之江,ＧⅢ,６　１５６　１６５　２,2019-07-21,2019-07-26,12,住之江,一般,４６３　２４１　４　３４,2015-02-04,2015-02-08,12,住之江,一般,２　５６５２３　４５,2014-07-31,2014-08-05,12,住之江,一般,１６１　２１４　１５２６,3477,近藤 稔也,2025-07-03,2025-07-08,12,住之江,一般,１　４６５　６６５　５２,2023-09-13,2023-09-16,12,住之江,一般,３　４４２　３６,2022-02-04,2022-02-09,12,住之江,一般,３６３　４　５４４　６２,2021-12-08,2021-12-11,12,住之江,一般,３６４　４　４,2021-09-17,2021-09-22,12,住之江,一般,６２５　５　３３６　５,4679,植田 太一,2025-09-01,2025-09-05,12,住之江,一般,１４３　５１２５３６,2025-06-14,2025-06-19,12,住之江,一般,２　１２３　１１５１[１],2023-10-30,2023-11-04,12,住之江,一般,１２３　３１６　４５１,2023-01-18,2023-01-21,12,住之江,一般,５　２４６５６２,2021-05-17,2021-05-22,12,住之江,一般,６４３　２　１５２６１,3558,山本 浩次,2026-05-23,2026-05-27,12,住之江,一般,５　６　４６１２３５,2026-01-27,2026-02-01,12,住之江,一般,４２４　６３,2025-02-20,2025-02-24,12,住之江,一般,５　４　５４６　４５,2024-07-10,2024-07-15,12,住之江,ＧⅢ,５　４　２３５３３　２３,2024-02-03,2024-02-08,12,住之江,一般,４　５６,4710,福田 宗平,2025-06-14,2025-06-19,12,住之江,一般,３２１　２妨,2025-03-09,2025-03-12,12,住之江,一般,４１４　２３２１,2025-01-02,2025-01-07,12,住之江,一般,２　５４３　６６１６６,2024-07-01,2024-07-05,12,住之江,一般,２６２　２２５４２３,2023-12-28,2023-12-31,12,住之江,一般,１５６　１１１４
202609141202,2026-09-14,12,02R,3775,泉 啓文,2025-05-13,2025-05-18,12,住之江,一般,２　４落４　６１２　５５,2024-10-10,2024-10-15,12,住之江,一般,４　４２３　１５３５６２,2024-07-10,2024-07-15,12,住之江,ＧⅢ,４　６６２６５　６　４６,2024-02-15,2024-02-18,12,住之江,一般,３２３　１６１６,2022-12-07,2022-12-12,12,住之江,一般,６４６　２　５５６　３,4260,中越 博紀,2026-05-23,2026-05-27,12,住之江,一般,６　６６２３２　２１,2025-02-27,2025-03-02,12,住之江,一般,２　１６５４６,2024-04-27,2024-04-30,12,住之江,一般,６　１２３５５３,2023-09-13,2023-09-16,12,住之江,一般,１　３３４２[５],2022-04-03,2022-04-09,12,住之江,一般,４５４　落欠,4836,大谷 健太,2026-07-03,2026-07-08,12,住之江,一般,４３２　５６３　５　５４,2025-11-01,2025-11-06,12,住之江,一般,１　２４６　１６６４５,2024-07-19,2024-07-24,12,住之江,一般,２　１６６　４２１５５３,2024-04-11,2024-04-16,12,住之江,一般,２６転　４　４６６　４６,2022-09-14,2022-09-20,12,住之江,一般,４６５　６,3300,川崎 智幸,2026-03-04,2026-03-09,12,住之江,一般,５　６５１　４４２　３１,2025-02-06,2025-02-11,12,住之江,一般,６　２３３１２　１３５１,2022-05-12,2022-05-17,12,住之江,ＧⅢ,３　６６５５４１１　F１,2021-09-02,2021-09-07,12,住之江,ＧⅠ,２　４１２　５４１４６５,2021-03-19,2021-03-24,12,住之江,一般,２３３　５５２３５３３１,4311,岡村 仁,2026-08-13,2026-08-18,12,住之江,一般,４５２　２４５　４２２,2026-05-23,2026-05-27,12,住之江,一般,F１１　２　４　６,2026-05-03,2026-05-08,12,住之江,一般,５　１３２　２２１３３４,2026-02-04,2026-02-09,12,住之江,ＧⅠ,５　５３３　６２５　３１,2026-01-02,2026-01-07,12,住之江,一般,５　３１２　３１１２[２],5285,若林 麗,2025-11-01,2025-11-06,12,住之江,一般,５　３３１　２６５６６,2025-07-11,2025-07-16,12,住之江,一般,４６４　５　５６６　６６,2025-03-15,2025-03-20,12,住之江,一般,５５６　４５６　５　３５,,,,,,,,,,,,
202609141203,2026-09-14,12,03R,5110,杉山 喜一,2025-09-25,2025-09-28,12,住之江,一般,１６２　３６４５,,,,,,,,,,,,,,,,,,,,,,,,,4253,西川 真人,2025-01-21,2025-01-26,12,住之江,一般,６４６　５２５,2024-07-29,2024-08-04,12,住之江,一般,５　６２６　２５２４１　３２,2023-12-28,2023-12-31,12,住之江,一般,４　５４エ　５２,2023-09-13,2023-09-16,12,住之江,一般,６　２５４　６６,2022-11-29,2022-12-04,12,住之江,一般,２５５　５　６５３　４６,4229,市川 美宏,2026-03-23,2026-03-27,12,住之江,一般,３　６６４　３　３５,2024-07-10,2024-07-15,12,住之江,ＧⅢ,５　３５１　６５４　４５,2024-02-21,2024-02-26,12,住之江,一般,２６３　３４１　１６６４,2023-05-28,2023-06-02,12,住之江,一般,エ２６　６５５　５　４６,2022-09-22,2022-09-25,12,住之江,一般,５　１３２３４１,4047,吉永 浩則,2026-05-30,2026-06-03,12,住之江,一般,１　６６５　３　１５,2025-12-25,2025-12-30,12,住之江,一般,１　１６６　６６５　１５,2025-10-09,2025-10-13,12,住之江,一般,２６２　５　４５１６,2025-02-20,2025-02-24,12,住之江,一般,１　６　２５３５１,2024-11-29,2024-12-03,12,住之江,一般,５４３　２３６　１,4401,小林 泰,2024-06-10,2024-06-16,12,住之江,一般,６　１３２３１　３２２４１２,2020-06-10,2020-06-15,12,住之江,一般,２５２　２６３　４３２４,2020-03-08,2020-03-13,12,住之江,一般,２１２３３　１２５３２１,2019-09-23,2019-09-28,12,住之江,一般,５　５３１　４６４　５２,2019-06-30,2019-07-05,12,住之江,一般,１　５４５５２　４　５,4060,島田 一生,2026-04-23,2026-04-29,12,住之江,一般,６６３　１３２　２４６　１４,2025-08-22,2025-08-27,12,住之江,一般,１５３　４６３　６５２１,2025-01-10,2025-01-14,12,住之江,一般,２３１５３　２５６４,2024-10-18,2024-10-23,12,住之江,一般,３　１６６４６　３　１６,2024-07-01,2024-07-05,12,住之江,一般,２６２　４　３６６
202609141204,2026-09-14,12,04R,4724,吉田 祐貴,2024-03-15,2024-03-20,12,住之江,一般,２４４　６　６６４　６６,2022-04-03,2022-04-09,12,住之江,一般,１６１　４　４６３４６３６５,2021-11-29,2021-12-05,12,住之江,一般,５５２　３６３　６６５　５,2015-11-27,2015-11-30,12,住之江,一般,４６６　２　５,,,,,,,5187,小坂 風太,2023-10-07,2023-10-10,12,住之江,一般,４　２４４　３３,,,,,,,,,,,,,,,,,,,,,,,,,4579,中嶋 健一郎,2026-03-23,2026-03-27,12,住之江,一般,４１２　３２４４１３,2025-10-01,2025-10-06,12,住之江,一般,１６３　４６１　１２[４],2025-02-27,2025-03-02,12,住之江,一般,２　３１６３１１,2023-09-13,2023-09-16,12,住之江,一般,２４１　６３５１,2022-10-02,2022-10-07,12,住之江,一般,３３４　１４４１２５３３,3654,武田 光史,2025-06-02,2025-06-06,12,住之江,一般,１４１　１５５２[４],2024-12-07,2024-12-12,12,住之江,ＧⅢ,１４３１２　６２４２[５],2024-07-01,2024-07-05,12,住之江,一般,１２２１３　３１[１],2023-12-28,2023-12-31,12,住之江,一般,３　２３１２[３],2023-08-25,2023-08-30,12,住之江,一般,３１４　４１１１４５４２,4626,伊藤 紘章,2026-05-11,2026-05-14,12,住之江,一般,４　６６５　５６,2024-06-10,2024-06-16,12,住之江,一般,１　３３３６１２２　１３４１,2022-12-07,2022-12-12,12,住之江,一般,４４１　３１４　６３３３,2021-12-08,2021-12-11,12,住之江,一般,４　５６６　３４,2020-12-17,2020-12-22,12,住之江,一般,６６３　１４３　６　５,5139,大場 恒季,2025-09-25,2025-09-28,12,住之江,一般,２　２３１６２５,2025-06-14,2025-06-19,12,住之江,一般,２３２　６４３６２３２１,2025-02-20,2025-02-24,12,住之江,一般,４３３　３１１３F１,2024-07-29,2024-08-04,12,住之江,一般,２　２３１　１１５　２６５４,2024-02-21,2024-02-26,12,住之江,一般,５　２６５　６３１　２１
202609141205,2026-09-14,12,05R,4375,照屋 厚仁,2026-04-23,2026-04-29,12,住之江,一般,３　３２１　５１１４２２[５],2024-11-29,2024-12-03,12,住之江,一般,４６１　４３３　６１,2024-04-11,2024-04-16,12,住之江,一般,５　２３５１２１６３１６,2023-09-21,2023-09-26,12,住之江,一般,５４３　２４６　３　３２,2022-07-13,2022-07-18,12,住之江,一般,１　６５２５６　６　６,4404,岸蔭 亮,2024-12-26,2024-12-29,12,住之江,一般,３２１　５６３６,2024-08-21,2024-08-26,12,住之江,一般,４６５　エ　６６２　５５,2024-01-15,2024-01-18,12,住之江,一般,２６２４４　２,2023-09-29,2023-10-03,12,住之江,一般,６　５３４　２　２３,2021-11-02,2021-11-07,12,住之江,一般,２　３４６　３４６　４３,3630,黒田 誠司,2026-05-23,2026-05-27,12,住之江,一般,３　３２４　３５３５,2024-12-07,2024-12-12,12,住之江,ＧⅢ,６　３６４　２６５４５,2024-04-11,2024-04-16,12,住之江,一般,５　６５３４２　５　２４,2022-09-22,2022-09-25,12,住之江,一般,５２２　１４４６,2019-01-12,2019-01-17,12,住之江,一般,５６４　５２４　４３３,4416,三宅 健太,2023-01-18,2023-01-21,12,住之江,一般,３６３　３１４５,2022-06-30,2022-07-05,12,住之江,ＧⅢ,１　３３５　６５５３２４,2018-02-06,2018-02-11,12,住之江,一般,６　５１６　５５５　４,2016-11-23,2016-11-28,12,住之江,一般,４５５　１３４　２　３,2011-08-03,2011-08-08,12,住之江,一般,１３３　１５４２６２[６],3477,近藤 稔也,2025-07-03,2025-07-08,12,住之江,一般,１　４６５　６６５　５２,2023-09-13,2023-09-16,12,住之江,一般,３　４４２　３６,2022-02-04,2022-02-09,12,住之江,一般,３６３　４　５４４　６２,2021-12-08,2021-12-11,12,住之江,一般,３６４　４　４,2021-09-17,2021-09-22,12,住之江,一般,６２５　５　３３６　５,4959,井上 忠政,2026-08-13,2026-08-18,12,住之江,一般,３　１１１１４　４１[６],2026-05-03,2026-05-08,12,住之江,一般,４　２１４１２１５２[５],2026-04-03,2026-04-08,12,住之江,ＧⅠ,５１１　２　３１１　[２],2026-02-04,2026-02-09,12,住之江,ＧⅠ,４４１　２３２　２　[６],2026-01-02,2026-01-07,12,住之江,一般,２　２４４１４５１４１５
202609141206,2026-09-14,12,06R,4727,安部 慎一,2025-09-17,2025-09-21,12,住之江,一般,５４２　６６４　３５,2023-09-29,2023-10-03,12,住之江,一般,６　４５６　６　３１,2023-03-19,2023-03-22,12,住之江,一般,５　３６３　４３,2020-10-07,2020-10-12,12,住之江,一般,３　２２６　６　３２１１,2020-01-10,2020-01-15,12,住之江,一般,６　６４３　４転６　４,4898,菊地 敬介,2018-11-03,2018-11-08,12,住之江,一般,５　６５５　３　５　６６,,,,,,,,,,,,,,,,,,,,,,,,,4287,今井 貴士,2025-07-11,2025-07-16,12,住之江,一般,１　１１１　１２２３２１,2025-01-21,2025-01-26,12,住之江,一般,２　１４１　３２２５２２,2024-10-25,2024-10-29,12,住之江,一般,４５２１２　１３２５,2020-02-29,2020-03-05,12,住之江,一般,４５２３２　２６１２[６],2019-09-23,2019-09-28,12,住之江,一般,１５３　１１４５１２[４],4624,高田 明,2025-02-14,2025-02-17,12,住之江,一般,１　３２４５２４,2024-04-27,2024-04-30,12,住之江,一般,３４１　１２[６],2022-12-07,2022-12-12,12,住之江,一般,３６３　３６１　６３６１,2021-02-06,2021-02-11,12,住之江,一般,１６F,2020-06-18,2020-06-23,12,住之江,一般,２１１４２　１１１１[１],4836,大谷 健太,2026-07-03,2026-07-08,12,住之江,一般,４３２　５６３　５　５４,2025-11-01,2025-11-06,12,住之江,一般,１　２４６　１６６４５,2024-07-19,2024-07-24,12,住之江,一般,２　１６６　４２１５５３,2024-04-11,2024-04-16,12,住之江,一般,２６転　４　４６６　４６,2022-09-14,2022-09-20,12,住之江,一般,４６５　６,3718,伊達 正利,2022-09-05,2022-09-11,12,住之江,一般,６　１３５　１６５　４　２４,2022-05-12,2022-05-17,12,住之江,ＧⅢ,６　１５６　１６５　２,2019-07-21,2019-07-26,12,住之江,一般,４６３　２４１　４　３４,2015-02-04,2015-02-08,12,住之江,一般,２　５６５２３　４５,2014-07-31,2014-08-05,12,住之江,一般,１６１　２１４　１５２６
202609141207,2026-09-14,12,07R,5321,一色 颯輝,2025-01-21,2025-01-26,12,住之江,一般,６６５　６５４　２　１２,,,,,,,,,,,,,,,,,,,,,,,,,5043,中村 日向,2025-12-16,2025-12-21,12,住之江,ＳＧ,６　６６１　３　６　６,2023-09-03,2023-09-08,12,住之江,ＧⅠ,６４３　４１５　４　２,2022-09-05,2022-09-11,12,住之江,一般,１　１２２　３４６１１２[２],2022-04-12,2022-04-17,12,住之江,一般,１５２３１　３１３５６１,2020-06-18,2020-06-23,12,住之江,一般,２　５　３５５　５５５,3293,宮内 由紀英,2026-01-11,2026-01-16,12,住之江,一般,３６６　５　６欠,2025-07-11,2025-07-16,12,住之江,一般,５　３６４　２５５　４,2024-02-03,2024-02-08,12,住之江,一般,５　２４４６５　５　５,2023-07-25,2023-07-30,12,住之江,一般,５４６　４　３６４　６４,2022-11-18,2022-11-23,12,住之江,一般,３２５　５　４４５　５,4710,福田 宗平,2025-06-14,2025-06-19,12,住之江,一般,３２１　２妨,2025-03-09,2025-03-12,12,住之江,一般,４１４　２３２１,2025-01-02,2025-01-07,12,住之江,一般,２　５４３　６６１６６,2024-07-01,2024-07-05,12,住之江,一般,２６２　２２５４２３,2023-12-28,2023-12-31,12,住之江,一般,１５６　１１１４,4260,中越 博紀,2026-05-23,2026-05-27,12,住之江,一般,６　６６２３２　２１,2025-02-27,2025-03-02,12,住之江,一般,２　１６５４６,2024-04-27,2024-04-30,12,住之江,一般,６　１２３５５３,2023-09-13,2023-09-16,12,住之江,一般,１　３３４２[５],2022-04-03,2022-04-09,12,住之江,一般,４５４　落欠,4253,西川 真人,2025-01-21,2025-01-26,12,住之江,一般,６４６　５２５,2024-07-29,2024-08-04,12,住之江,一般,５　６２６　２５２４１　３２,2023-12-28,2023-12-31,12,住之江,一般,４　５４エ　５２,2023-09-13,2023-09-16,12,住之江,一般,６　２５４　６６,2022-11-29,2022-12-04,12,住之江,一般,２５５　５　６５３　４６
202609141208,2026-09-14,12,08R,4679,植田 太一,2025-09-01,2025-09-05,12,住之江,一般,１４３　５１２５３６,2025-06-14,2025-06-19,12,住之江,一般,２　１２３　１１５１[１],2023-10-30,2023-11-04,12,住之江,一般,１２３　３１６　４５１,2023-01-18,2023-01-21,12,住之江,一般,５　２４６５６２,2021-05-17,2021-05-22,12,住之江,一般,６４３　２　１５２６１,3957,大谷 直弘,2025-02-20,2025-02-24,12,住之江,一般,４　６　４４６　２６,2023-09-21,2023-09-26,12,住之江,一般,２６４　５５２　１　４４,2021-11-10,2021-11-15,12,住之江,一般,６　１１４　４６転,2019-10-01,2019-10-06,12,住之江,一般,４３３５２　２１３３３１,2019-06-23,2019-06-26,12,住之江,一般,２３４　５２４５,4794,和田 拓也,2026-04-16,2026-04-20,12,住之江,一般,３３３２１　３１[２],2025-09-25,2025-09-28,12,住之江,一般,３　３１４２[５],2024-11-01,2024-11-06,12,住之江,ＧⅠ,１　６　３３３　６　５５,2024-07-29,2024-08-04,12,住之江,一般,５　１５３４４　１１４２[５],2024-05-31,2024-06-05,12,住之江,ＧⅠ,６　３２１　３　２　[５],5110,杉山 喜一,2025-09-25,2025-09-28,12,住之江,一般,１６２　３６４５,,,,,,,,,,,,,,,,,,,,,,,,,4579,中嶋 健一郎,2026-03-23,2026-03-27,12,住之江,一般,４１２　３２４４１３,2025-10-01,2025-10-06,12,住之江,一般,１６３　４６１　１２[４],2025-02-27,2025-03-02,12,住之江,一般,２　３１６３１１,2023-09-13,2023-09-16,12,住之江,一般,２４１　６３５１,2022-10-02,2022-10-07,12,住之江,一般,３３４　１４４１２５３３,4875,大塚 康雅,2025-07-11,2025-07-16,12,住之江,一般,１２３　４６１４２４５２,2022-02-26,2022-03-02,12,住之江,一般,４　２４３２５５１６,2022-01-29,2022-02-01,12,住之江,一般,５２６　３　４１,2020-09-26,2020-10-01,12,住之江,一般,５　３３１６６　４４１３,2019-06-30,2019-07-05,12,住之江,一般,２　１　５４５４６３１５
202609141209,2026-09-14,12,09R,3502,渡邉 英児,2026-01-27,2026-02-01,12,住之江,一般,４　４２２　１４３３２１,2025-03-31,2025-04-05,12,住之江,一般,３４５　５　５３３　４１,2024-12-26,2024-12-29,12,住之江,一般,５　３２２　３６,2024-07-10,2024-07-15,12,住之江,ＧⅢ,１　２４３２４　４６２１,2024-05-09,2024-05-13,12,住之江,一般,５　６２３１２２[３],4962,畑 竜生,2025-11-01,2025-11-06,12,住之江,一般,２　４３３　３３３　１１,2025-07-21,2025-07-26,12,住之江,ＧⅢ,４　６６１　２３１　５１,2025-01-10,2025-01-14,12,住之江,一般,２６３　４４１６２５,2024-05-16,2024-05-21,12,住之江,一般,１５１　５２４　５５５１,2023-12-08,2023-12-11,12,住之江,一般,５２５　６　１４,4218,吉川 喜継,2026-05-23,2026-05-27,12,住之江,一般,１１落　１４３５１,2026-02-04,2026-02-09,12,住之江,ＧⅠ,２　１５３　６４２５２,2025-11-01,2025-11-06,12,住之江,一般,１　１３１４４　１３３１,2025-07-29,2025-08-01,12,住之江,一般,１３３　２３２１,2025-03-09,2025-03-12,12,住之江,一般,２　４１３２[５],4724,吉田 祐貴,2024-03-15,2024-03-20,12,住之江,一般,２４４　６　６６４　６６,2022-04-03,2022-04-09,12,住之江,一般,１６１　４　４６３４６３６５,2021-11-29,2021-12-05,12,住之江,一般,５５２　３６３　６６５　５,2015-11-27,2015-11-30,12,住之江,一般,４６６　２　５,,,,,,,5093,浦野 海,2025-09-25,2025-09-28,12,住之江,一般,１２５４２４６６,2025-03-31,2025-04-05,12,住之江,一般,５５６　３５１　３　１３,2024-01-15,2024-01-18,12,住之江,一般,６１２５５３１１,2022-10-19,2022-10-23,12,住之江,一般,２　４５４５５　２６,,,,,,,4047,吉永 浩則,2026-05-30,2026-06-03,12,住之江,一般,１　６６５　３　１５,2025-12-25,2025-12-30,12,住之江,一般,１　１６６　６６５　１５,2025-10-09,2025-10-13,12,住之江,一般,２６２　５　４５１６,2025-02-20,2025-02-24,12,住之江,一般,１　６　２５３５１,2024-11-29,2024-12-03,12,住之江,一般,５４３　２３６　１
202609141210,2026-09-14,12,10R,3757,畑 和宏,2023-08-01,2023-08-06,12,住之江,一般,３４１　５３２　２６３５,2023-03-09,2023-03-13,12,住之江,一般,１　３５１４４３４１,2022-10-02,2022-10-07,12,住之江,一般,３　５２２　５２４３２４,2022-05-12,2022-05-17,12,住之江,ＧⅢ,３６６　６　５５６,2022-02-04,2022-02-09,12,住之江,一般,２　５３４４２４２５２６,4063,市橋 卓士,2025-09-25,2025-09-28,12,住之江,一般,２２４　１３１２,2025-03-31,2025-04-05,12,住之江,一般,２６５　２３２　２５５１,2024-07-29,2024-08-04,12,住之江,一般,１　１４F４３　６　６　４,2024-02-21,2024-02-26,12,住之江,一般,４　２２６１４４２３２３,2023-04-16,2023-04-19,12,住之江,一般,３１１　４１[１],5139,大場 恒季,2025-09-25,2025-09-28,12,住之江,一般,２　２３１６２５,2025-06-14,2025-06-19,12,住之江,一般,２３２　６４３６２３２１,2025-02-20,2025-02-24,12,住之江,一般,４３３　３１１３F１,2024-07-29,2024-08-04,12,住之江,一般,２　２３１　１１５　２６５４,2024-02-21,2024-02-26,12,住之江,一般,５　２６５　６３１　２１,4060,島田 一生,2026-04-23,2026-04-29,12,住之江,一般,６６３　１３２　２４６　１４,2025-08-22,2025-08-27,12,住之江,一般,１５３　４６３　６５２１,2025-01-10,2025-01-14,12,住之江,一般,２３１５３　２５６４,2024-10-18,2024-10-23,12,住之江,一般,３　１６６４６　３　１６,2024-07-01,2024-07-05,12,住之江,一般,２６２　４　３６６,4416,三宅 健太,2023-01-18,2023-01-21,12,住之江,一般,３６３　３１４５,2022-06-30,2022-07-05,12,住之江,ＧⅢ,１　３３５　６５５３２４,2018-02-06,2018-02-11,12,住之江,一般,６　５１６　５５５　４,2016-11-23,2016-11-28,12,住之江,一般,４５５　１３４　２　３,2011-08-03,2011-08-08,12,住之江,一般,１３３　１５４２６２[６],3300,川崎 智幸,2026-03-04,2026-03-09,12,住之江,一般,５　６５１　４４２　３１,2025-02-06,2025-02-11,12,住之江,一般,６　２３３１２　１３５１,2022-05-12,2022-05-17,12,住之江,ＧⅢ,３　６６５５４１１　F１,2021-09-02,2021-09-07,12,住之江,ＧⅠ,２　４１２　５４１４６５,2021-03-19,2021-03-24,12,住之江,一般,２３３　５５２３５３３１
202609141211,2026-09-14,12,11R,5158,宮脇 遼太,2025-09-25,2025-09-28,12,住之江,一般,１　１３５１[３],2025-03-15,2025-03-20,12,住之江,一般,１４２　５２２　５１１２,2023-04-09,2023-04-14,12,住之江,一般,５　５６５　２５３　転,,,,,,,,,,,,,3654,武田 光史,2025-06-02,2025-06-06,12,住之江,一般,１４１　１５５２[４],2024-12-07,2024-12-12,12,住之江,ＧⅢ,１４３１２　６２４２[５],2024-07-01,2024-07-05,12,住之江,一般,１２２１３　３１[１],2023-12-28,2023-12-31,12,住之江,一般,３　２３１２[３],2023-08-25,2023-08-30,12,住之江,一般,３１４　４１１１４５４２,4311,岡村 仁,2026-08-13,2026-08-18,12,住之江,一般,４５２　２４５　４２２,2026-05-23,2026-05-27,12,住之江,一般,F１１　２　４　６,2026-05-03,2026-05-08,12,住之江,一般,５　１３２　２２１３３４,2026-02-04,2026-02-09,12,住之江,ＧⅠ,５　５３３　６２５　３１,2026-01-02,2026-01-07,12,住之江,一般,５　３１２　３１１２[２],3471,赤峰 和也,2026-06-14,2026-06-17,12,住之江,一般,５　６３５　６１,2025-10-24,2025-10-29,12,住之江,一般,３６４　１３６　５　２,2025-02-27,2025-03-02,12,住之江,一般,１　４３４３６４,2020-11-11,2020-11-16,12,住之江,ＧⅢ,６　４２２　３６１４２,2019-03-01,2019-03-06,12,住之江,一般,１４６　４　６転,4624,高田 明,2025-02-14,2025-02-17,12,住之江,一般,１　３２４５２４,2024-04-27,2024-04-30,12,住之江,一般,３４１　１２[６],2022-12-07,2022-12-12,12,住之江,一般,３６３　３６１　６３６１,2021-02-06,2021-02-11,12,住之江,一般,１６F,2020-06-18,2020-06-23,12,住之江,一般,２１１４２　１１１１[１],5009,大賀 龍之介,2024-11-29,2024-12-03,12,住之江,一般,５１１　６　６４４２,2023-02-27,2023-03-04,12,住之江,一般,４２１　４　１エ３６３５,2020-01-10,2020-01-15,12,住之江,一般,６　５　５１６　６６１,,,,,,,,,,,,
202609141212,2026-09-14,12,12R,4959,井上 忠政,2026-08-13,2026-08-18,12,住之江,一般,３　１１１１４　４１[６],2026-05-03,2026-05-08,12,住之江,一般,４　２１４１２１５２[５],2026-04-03,2026-04-08,12,住之江,ＧⅠ,５１１　２　３１１　[２],2026-02-04,2026-02-09,12,住之江,ＧⅠ,４４１　２３２　２　[６],2026-01-02,2026-01-07,12,住之江,一般,２　２４４１４５１４１５,5285,若林 麗,2025-11-01,2025-11-06,12,住之江,一般,５　３３１　２６５６６,2025-07-11,2025-07-16,12,住之江,一般,４６４　５　５６６　６６,2025-03-15,2025-03-20,12,住之江,一般,５５６　４５６　５　３５,,,,,,,,,,,,,4401,小林 泰,2024-06-10,2024-06-16,12,住之江,一般,６　１３２３１　３２２４１２,2020-06-10,2020-06-15,12,住之江,一般,２５２　２６３　４３２４,2020-03-08,2020-03-13,12,住之江,一般,２１２３３　１２５３２１,2019-09-23,2019-09-28,12,住之江,一般,５　５３１　４６４　５２,2019-06-30,2019-07-05,12,住之江,一般,１　５４５５２　４　５,4727,安部 慎一,2025-09-17,2025-09-21,12,住之江,一般,５４２　６６４　３５,2023-09-29,2023-10-03,12,住之江,一般,６　４５６　６　３１,2023-03-19,2023-03-22,12,住之江,一般,５　３６３　４３,2020-10-07,2020-10-12,12,住之江,一般,３　２２６　６　３２１１,2020-01-10,2020-01-15,12,住之江,一般,６　６４３　４転６　４,4794,和田 拓也,2026-04-16,2026-04-20,12,住之江,一般,３３３２１　３１[２],2025-09-25,2025-09-28,12,住之江,一般,３　３１４２[５],2024-11-01,2024-11-06,12,住之江,ＧⅠ,１　６　３３３　６　５５,2024-07-29,2024-08-04,12,住之江,一般,５　１５３４４　１１４２[５],2024-05-31,2024-06-05,12,住之江,ＧⅠ,６　３２１　３　２　[５],5043,中村 日向,2025-12-16,2025-12-21,12,住之江,ＳＧ,６　６６１　３　６　６,2023-09-03,2023-09-08,12,住之江,ＧⅠ,６４３　４１５　４　２,2022-09-05,2022-09-11,12,住之江,一般,１　１２２　３４６１１２[２],2022-04-12,2022-04-17,12,住之江,一般,１５２３１　３１３５６１,2020-06-18,2020-06-23,12,住之江,一般,２　５　３５５　５５５
202609141801,2026-09-14,18,01R,4256,渡辺 浩司,2026-07-29,2026-08-01,18,徳山,一般,３１１３３２[３],2025-11-16,2025-11-21,18,徳山,ＧⅠ,１　６３６　５　６２３４,2025-05-07,2025-05-12,18,徳山,一般,２　１２３　３１３１[３],2023-11-02,2023-11-07,18,徳山,ＧⅠ,４３３　２４５　４１３,2023-04-14,2023-04-17,18,徳山,一般,１４３５１１[６],4074,柳沢 一,2026-05-12,2026-05-15,18,徳山,一般,３５１３１２[６],2025-03-19,2025-03-24,18,徳山,ＧⅡ,４４１　４４１　６　１６,2023-06-20,2023-06-25,18,徳山,ＳＧ,２２５　５　１３６　１３,2023-01-16,2023-01-21,18,徳山,ＧⅡ,２３２　３２１　１　[６],2021-06-14,2021-06-19,18,徳山,一般,２２１３２　３１３１[２],4851,関 浩哉,2025-11-16,2025-11-21,18,徳山,ＧⅠ,４１３　２１２　１　[１],2025-07-22,2025-07-27,18,徳山,ＳＧ,３５２　４２２　４　１１,2023-12-01,2023-12-06,18,徳山,一般,４１４１４２１　２２[２],2023-06-20,2023-06-25,18,徳山,ＳＧ,５　４１６　６６６　３１,2021-09-21,2021-09-26,18,徳山,ＧⅠ,１１２　３　４１１　[２],5142,常住 蓮,2025-01-28,2025-02-02,18,徳山,一般,１４１　１３３　１１[１],2023-08-19,2023-08-24,18,徳山,ＧⅢ,５４５５１５２　３　３２,2022-07-22,2022-07-27,18,徳山,一般,２１２３３４２１３３２F,2022-05-16,2022-05-21,18,徳山,一般,２　５４２１３　４３２１,2022-03-28,2022-04-02,18,徳山,一般,４６１　５　２１３５６４,4739,中村 晃朋,2025-11-16,2025-11-21,18,徳山,ＧⅠ,２　４　３６２　１２５,2025-07-22,2025-07-27,18,徳山,ＳＧ,５　５　２５転　３６６,2024-09-24,2024-09-29,18,徳山,ＧⅠ,３　３　６１６　４４３,2022-12-16,2022-12-21,18,徳山,一般,２　２２３５１３３３３１,2022-10-23,2022-10-28,18,徳山,一般,３４４２１３１　１５１４,3744,徳増 秀樹,2026-07-04,2026-07-09,18,徳山,一般,２４２６４１３　２３４１,2025-05-31,2025-06-04,18,徳山,一般,５１１１３１３１[１],2024-09-24,2024-09-29,18,徳山,ＧⅠ,６　５　１６５　４２６,2024-07-23,2024-07-28,18,徳山,ＧⅢ,３２２１３３２　２５６４,2023-11-12,2023-11-17,18,徳山,一般,３３１　１４１２３１[６]
202609141802,2026-09-14,18,02R,4391,松田 祐季,2025-11-16,2025-11-21,18,徳山,ＧⅠ,２６６　１　１５６　４２,2025-07-22,2025-07-27,18,徳山,ＳＧ,１５３　３　５欠,2024-11-21,2024-11-24,18,徳山,一般,６６１２１３１３,2023-01-16,2023-01-21,18,徳山,ＧⅡ,転　２４５２３　４１２,2019-01-12,2019-01-17,18,徳山,一般,１２１２１１６３１２[６],4344,新田 雄史,2025-07-22,2025-07-27,18,徳山,ＳＧ,１　２　３６４　４１４,2023-11-02,2023-11-07,18,徳山,ＧⅠ,５５６　１１１　４　１４,2023-08-19,2023-08-24,18,徳山,ＧⅢ,４４２１,2023-02-10,2023-02-14,18,徳山,一般,F１３　３　３　２,2021-05-09,2021-05-14,18,徳山,ＧⅠ,５　６１２２２　６　４３,3959,坪井 康晴,2025-08-01,2025-08-06,18,徳山,一般,３３２１１　１２６１[３],2025-03-19,2025-03-24,18,徳山,ＧⅡ,転２１　４４２　２１２６,2024-09-24,2024-09-29,18,徳山,ＧⅠ,２１２　５　３６６　１４,2023-06-20,2023-06-25,18,徳山,ＳＧ,４　２　３３２　２　[３],2023-02-21,2023-02-25,18,徳山,一般,５,4237,大峯 豊,2026-08-15,2026-08-20,18,徳山,一般,３１２１２１１　１２６,2026-04-27,2026-05-02,18,徳山,一般,３２２　５６３１１２[６],2025-11-16,2025-11-21,18,徳山,ＧⅠ,１４２　６　２４１５５,2025-08-10,2025-08-15,18,徳山,一般,３　４１２２３６３１[４],2025-06-21,2025-06-25,18,徳山,一般,１１２１４２２１[３],4305,金子 拓矢,2026-02-04,2026-02-09,18,徳山,一般,１３１１１　５２,2025-06-30,2025-07-05,18,徳山,一般,１４５５１４１　２３１１,2024-08-22,2024-08-27,18,徳山,一般,３　２６２３３,2018-09-21,2018-09-25,18,徳山,一般,４３５３３　２１１５,2017-12-03,2017-12-09,18,徳山,一般,１３３１１１２　１３３１[２],4537,渡邉 和将,2026-02-12,2026-02-16,18,徳山,一般,４１３１１４３４１６,2025-11-26,2025-12-01,18,徳山,一般,３２４５２　４３１３１１,2025-07-22,2025-07-27,18,徳山,ＳＧ,１４６　４　２２６　３６,2025-02-08,2025-02-13,18,徳山,ＧⅠ,６１１　１１１　１　[１],2024-11-06,2024-11-10,18,徳山,一般,１５１１３５１６１５
202609141803,2026-09-14,18,03R,4415,下出 卓矢,2026-03-20,2026-03-25,18,徳山,一般,４５５３１４５　欠欠,2025-06-21,2025-06-25,18,徳山,一般,１２３６３２１３１６,2023-04-14,2023-04-17,18,徳山,一般,１２２２４２[１],2022-09-13,2022-09-18,18,徳山,ＧⅠ,４　２３６　２　４４６６,2022-04-09,2022-04-12,18,徳山,一般,１１２５３４４２,4831,羽野 直也,2026-05-05,2026-05-09,18,徳山,一般,１２２１２３４１[３],2026-02-19,2026-02-23,18,徳山,一般,３２１４４３１５１４,2025-07-22,2025-07-27,18,徳山,ＳＧ,３　１５３　１　２　[６],2025-01-17,2025-01-22,18,徳山,一般,３４３　１２４２３２[６],2023-06-20,2023-06-25,18,徳山,ＳＧ,６　３３２５１　３　１２,4682,大上 卓人,2025-11-16,2025-11-21,18,徳山,ＧⅠ,４１４　４　６６４　３２,2025-07-22,2025-07-27,18,徳山,ＳＧ,４　１３４　３４６　６２,2025-02-08,2025-02-13,18,徳山,ＧⅠ,３　３６２　５　２１３,2023-06-20,2023-06-25,18,徳山,ＳＧ,３　１５４　２　３１１,2022-07-07,2022-07-12,18,徳山,一般,２１２１３１１　６１[６],4980,佐々木 完太,2025-11-16,2025-11-21,18,徳山,ＧⅠ,２　３　１３６　６　１５,2025-08-10,2025-08-15,18,徳山,一般,２５１１２　２１４１[２],2025-03-19,2025-03-24,18,徳山,ＧⅡ,３２６　５　４３２３６,2025-02-25,2025-03-03,18,徳山,一般,２１２２１３１４２１[３],2025-02-08,2025-02-13,18,徳山,ＧⅠ,１　２４１　５３４　１３,5017,澤田 尚也,2025-11-16,2025-11-21,18,徳山,ＧⅠ,４　１４１　６　４１４,2021-09-21,2021-09-26,18,徳山,ＧⅠ,６　３　１６２　４６３,2021-07-02,2021-07-07,18,徳山,一般,３　２４１３３２３５１６,2021-05-28,2021-06-02,18,徳山,一般,２１５　１５３３４６３６,2018-10-10,2018-10-15,18,徳山,一般,６　３　３６２５６５５,3941,池田 浩二,2025-07-22,2025-07-27,18,徳山,ＳＧ,２　３２５１５　５　１３,2024-09-24,2024-09-29,18,徳山,ＧⅠ,２　６２２１３　２　[５],2023-06-20,2023-06-25,18,徳山,ＳＧ,１　６３２２５　２　[４],2020-09-23,2020-09-28,18,徳山,ＧⅠ,６２２　３２１　１　[２],2020-05-16,2020-05-21,18,徳山,ＧⅠ,３　４１１２３　３　４１
202609141804,2026-09-14,18,04R,5267,石本 裕武,2025-10-20,2025-10-25,18,徳山,一般,１１２　４２１３５１[１],2025-02-25,2025-03-03,18,徳山,一般,３　５１４２１２１２[２],2023-03-26,2023-03-31,18,徳山,一般,５　６　３５５６２　４６,,,,,,,,,,,,,4760,山崎 郡,2026-02-27,2026-03-05,18,徳山,一般,３１３　１３３１１３２５１３,2025-10-12,2025-10-16,18,徳山,一般,１３２１２３２１[４],2025-03-19,2025-03-24,18,徳山,ＧⅡ,６４３　１２２　３　３１,2023-06-20,2023-06-25,18,徳山,ＳＧ,５　３　２３３　２６２,2021-11-28,2021-12-04,18,徳山,一般,３　２５４１１３２１１１[４],4796,春園 功太,2026-01-17,2026-01-21,18,徳山,一般,２５１４４　１６１４,2025-09-09,2025-09-13,18,徳山,一般,４３３　２４４６３５,2025-02-17,2025-02-22,18,徳山,一般,５　６欠,2024-11-13,2024-11-18,18,徳山,一般,３　１２４１１２２３２１,2024-06-10,2024-06-14,18,徳山,一般,６３２１４２１２[６],4566,塩田 北斗,2025-11-16,2025-11-21,18,徳山,ＧⅠ,５５２　３３１　１４６,2025-07-13,2025-07-17,18,徳山,一般,３２２６２１４５１４,2024-09-24,2024-09-29,18,徳山,ＧⅠ,６６１　４　１４４　３１,2023-01-16,2023-01-21,18,徳山,ＧⅡ,４２３　５４１　４４５,2022-05-05,2022-05-10,18,徳山,一般,１６２　１５４１４２[４],3897,白井 英治,2026-08-15,2026-08-20,18,徳山,一般,１１２４１　２１１１[１],2026-01-02,2026-01-07,18,徳山,一般,２１１　２３４３１２[４],2025-11-16,2025-11-21,18,徳山,ＧⅠ,１　５３４３５,2025-07-22,2025-07-27,18,徳山,ＳＧ,３２３　５　５４２４３,2025-04-26,2025-05-01,18,徳山,一般,１１２１３　１１１１[１],4528,黒井 達矢,2025-07-22,2025-07-27,18,徳山,ＳＧ,４　１　３６２　１１６,2024-09-24,2024-09-29,18,徳山,ＧⅠ,５　６３１　５　３２５,2020-03-08,2020-03-13,18,徳山,ＧⅢ,６６６　５　５６６５５５,2019-09-09,2019-09-14,18,徳山,一般,１　１２２１６２１２[６],2018-09-10,2018-09-15,18,徳山,一般,５１１６３３１　１４１２
202609141805,2026-09-14,18,05R,4024,井口 佳典,2025-07-22,2025-07-27,18,徳山,ＳＧ,３３５　３　妨１,2023-06-20,2023-06-25,18,徳山,ＳＧ,６　６２６　２　４５５,2022-09-13,2022-09-18,18,徳山,ＧⅠ,５　１１６４３　２　[４],2020-05-16,2020-05-21,18,徳山,ＧⅠ,２　３１３　１４１　[３],2020-01-14,2020-01-19,18,徳山,ＧⅠ,６　２３３転,4362,土屋 智則,2025-11-16,2025-11-21,18,徳山,ＧⅠ,２　３１２　６３５　１６,2025-07-22,2025-07-27,18,徳山,ＳＧ,１６２　５,2024-08-22,2024-08-27,18,徳山,一般,３６１　３１２４２２[２],2023-06-20,2023-06-25,18,徳山,ＳＧ,５１４　５　３６３５５,2023-04-20,2023-04-23,18,徳山,一般,２１１２１１[１],4205,山口 剛,2025-07-22,2025-07-27,18,徳山,ＳＧ,１　４４１　３　３　２１,2025-03-19,2025-03-24,18,徳山,ＧⅡ,２　１５６１２　６　１６,2025-02-08,2025-02-13,18,徳山,ＧⅠ,６　２２５１２　１　[４],2022-09-13,2022-09-18,18,徳山,ＧⅠ,３１２　１３６　１　[６],2021-05-09,2021-05-14,18,徳山,ＧⅠ,３２４１３　３　２　[３],5084,末永 和也,2025-11-16,2025-11-21,18,徳山,ＧⅠ,６３１　２１５　３　３４,2025-07-22,2025-07-27,18,徳山,ＳＧ,４　３２１　５　４　１２,2025-03-19,2025-03-24,18,徳山,ＧⅡ,６　２２２５１　６　１５,2023-04-14,2023-04-17,18,徳山,一般,２１２１３１[２],2022-07-22,2022-07-27,18,徳山,一般,２６１２２１３４２２[３],4826,井上 一輝,2026-05-27,2026-05-31,18,徳山,一般,２４５３１　１３３３,2025-10-04,2025-10-09,18,徳山,一般,４１５１１　３５１２[６],2025-07-22,2025-07-27,18,徳山,ＳＧ,１　６　２４４　６６５,2023-01-16,2023-01-21,18,徳山,ＧⅡ,１　３５３　１４４　２５,2022-11-28,2022-12-03,18,徳山,一般,１３３２３　１３５５１２,4985,井本 昌也,2026-08-15,2026-08-20,18,徳山,一般,２４１１３　３２３２[４],2026-04-27,2026-05-02,18,徳山,一般,１４２４２１６　６６１２,2026-02-19,2026-02-23,18,徳山,一般,４２１１４４４２[６],2026-01-02,2026-01-07,18,徳山,一般,１６２４１１２　１１[２],2025-10-20,2025-10-25,18,徳山,一般,１５５１５　１１１２[５]
202609141806,2026-09-14,18,06R,4448,青木 玄太,2026-04-20,2026-04-24,18,徳山,一般,４２１１３２２１[２],2025-11-16,2025-11-21,18,徳山,ＧⅠ,２　５　６４３　１５５,2024-11-29,2024-12-04,18,徳山,一般,１４１　１１２２２１[２],2023-05-07,2023-05-11,18,徳山,一般,３３４２１　１２[３],2023-02-21,2023-02-25,18,徳山,一般,１１６２１　１２[６],4713,白神 優,2026-05-27,2026-05-31,18,徳山,一般,１１３６１２１２[３],2025-07-13,2025-07-17,18,徳山,一般,３５２１１３２１[５],2025-02-08,2025-02-13,18,徳山,ＧⅠ,１１５　３　５６４　２１,2024-07-16,2024-07-20,18,徳山,一般,２４３１３１４２[４],2023-07-09,2023-07-14,18,徳山,一般,２　２６６２２１１５２３,4444,桐生 順平,2025-07-22,2025-07-27,18,徳山,ＳＧ,５５５　１　４６４　３５,2023-06-20,2023-06-25,18,徳山,ＳＧ,３４５　３１１　４　１３,2020-05-16,2020-05-21,18,徳山,ＧⅠ,４　４５４３１　２２６,2020-01-14,2020-01-19,18,徳山,ＧⅠ,３４５　２４２　２　[４],2018-11-02,2018-11-07,18,徳山,ＧⅠ,５１２　３２１　落　１４,4361,柳生 泰二,2026-07-04,2026-07-09,18,徳山,一般,４１２１１　２３４１[３],2026-01-10,2026-01-13,18,徳山,一般,４５１３１２[４],2025-11-16,2025-11-21,18,徳山,ＧⅠ,１　６６６　４　２６３,2025-06-30,2025-07-05,18,徳山,一般,１３２４１　２４４１[１],2025-05-07,2025-05-12,18,徳山,一般,５２２１５　１３５４１４,4168,石野 貴之,2023-11-02,2023-11-07,18,徳山,ＧⅠ,５２２　６６６　６５６,2023-06-20,2023-06-25,18,徳山,ＳＧ,１３２　３３１　１　[２],2020-09-23,2020-09-28,18,徳山,ＧⅠ,６　６１５６６　３１６６,2018-06-19,2018-06-24,18,徳山,ＳＧ,５３１　６３３　３１３,2018-04-17,2018-04-22,18,徳山,一般,１１３６２６６　２５１２,4547,中田 竜太,2026-05-12,2026-05-15,18,徳山,一般,３１３１３１[３],2024-09-17,2024-09-20,18,徳山,一般,１１３１５１[２],2022-03-28,2022-04-02,18,徳山,一般,１　２５１３４１１３２１,2019-03-07,2019-03-12,18,徳山,一般,２２１１１３４２２５１５,2018-06-19,2018-06-24,18,徳山,ＳＧ,１　１６３　６　１４１
202609141807,2026-09-14,18,07R,4237,大峯 豊,2026-08-15,2026-08-20,18,徳山,一般,３１２１２１１　１２６,2026-04-27,2026-05-02,18,徳山,一般,３２２　５６３１１２[６],2025-11-16,2025-11-21,18,徳山,ＧⅠ,１４２　６　２４１５５,2025-08-10,2025-08-15,18,徳山,一般,３　４１２２３６３１[４],2025-06-21,2025-06-25,18,徳山,一般,１１２１４２２１[３],5015,高橋 竜矢,2026-06-25,2026-06-29,18,徳山,一般,１５３３１１１５１５,2025-10-20,2025-10-25,18,徳山,一般,４１３３１　１３転３３１,2025-02-08,2025-02-13,18,徳山,ＧⅠ,４　３１６　１　４２３,2020-03-08,2020-03-13,18,徳山,ＧⅢ,２６３　２３４５３　３１,2019-11-27,2019-11-30,18,徳山,一般,２　５落６　５４,4852,川原 祐明,2026-07-15,2026-07-20,18,徳山,一般,２５１　４１５１２３２１,2024-12-08,2024-12-14,18,徳山,一般,４３１　１２１４４４３５６５,2024-07-23,2024-07-28,18,徳山,ＧⅢ,６１３　１５３３１３３２,2023-11-02,2023-11-07,18,徳山,ＧⅠ,２　６　１３６　１４２,2023-10-01,2023-10-06,18,徳山,一般,３３４　１６１１３３２１,4586,磯部 誠,2025-11-16,2025-11-21,18,徳山,ＧⅠ,２　５６２　２６５　３４,2025-07-22,2025-07-27,18,徳山,ＳＧ,６６１　５　６１２５３,2025-03-19,2025-03-24,18,徳山,ＧⅡ,３　５２４６１　３４２１,2024-09-24,2024-09-29,18,徳山,ＧⅠ,５１５　３　５３１　５５,2023-06-20,2023-06-25,18,徳山,ＳＧ,２　３２２１１　１　[１],4397,西村 拓也,2025-03-19,2025-03-24,18,徳山,ＧⅡ,５　１３１３３　３　４１,2024-11-21,2024-11-24,18,徳山,一般,４３１４２２[５],2024-09-24,2024-09-29,18,徳山,ＧⅠ,２　１　２６３　６　１３,2023-12-10,2023-12-15,18,徳山,一般,３６１２２４１　３３３１,2023-07-30,2023-08-05,18,徳山,一般,３３１６３　３１５３３２[２],5142,常住 蓮,2025-01-28,2025-02-02,18,徳山,一般,１４１　１３３　１１[１],2023-08-19,2023-08-24,18,徳山,ＧⅢ,５４５５１５２　３　３２,2022-07-22,2022-07-27,18,徳山,一般,２１２３３４２１３３２F,2022-05-16,2022-05-21,18,徳山,一般,２　５４２１３　４３２１,2022-03-28,2022-04-02,18,徳山,一般,４６１　５　２１３５６４
202609141808,2026-09-14,18,08R,4445,宮地 元輝,2025-11-16,2025-11-21,18,徳山,ＧⅠ,３　２１１　３４３　４１,2025-07-22,2025-07-27,18,徳山,ＳＧ,６５１　２　５３５５４,2023-06-20,2023-06-25,18,徳山,ＳＧ,３２３　４　３３３　３６,2023-01-31,2023-02-05,18,徳山,一般,２１３　２１１２２１[１],2021-09-02,2021-09-07,18,徳山,一般,３６F２５　３　３　４,5112,砂長 知輝,2026-02-19,2026-02-23,18,徳山,一般,４５３４５　３３４１,2025-10-20,2025-10-25,18,徳山,一般,１３４１２２２　１２[３],2025-02-25,2025-03-03,18,徳山,一般,１２３１４　４１２１[４],2023-10-09,2023-10-14,18,徳山,一般,２　５３４１１５２４１４,,,,,,,4239,竹田 辰也,2026-08-15,2026-08-20,18,徳山,一般,３３１６３４２　１５１３,2026-06-05,2026-06-10,18,徳山,一般,２２４　６１２１２２[６],2026-04-27,2026-05-02,18,徳山,一般,４３１６,2025-11-26,2025-12-01,18,徳山,一般,１５１４５１１　１４３１,2025-06-21,2025-06-25,18,徳山,一般,１５４１２４３４３３,5017,澤田 尚也,2025-11-16,2025-11-21,18,徳山,ＧⅠ,４　１４１　６　４１４,2021-09-21,2021-09-26,18,徳山,ＧⅠ,６　３　１６２　４６３,2021-07-02,2021-07-07,18,徳山,一般,３　２４１３３２３５１６,2021-05-28,2021-06-02,18,徳山,一般,２１５　１５３３４６３６,2018-10-10,2018-10-15,18,徳山,一般,６　３　３６２５６５５,4391,松田 祐季,2025-11-16,2025-11-21,18,徳山,ＧⅠ,２６６　１　１５６　４２,2025-07-22,2025-07-27,18,徳山,ＳＧ,１５３　３　５欠,2024-11-21,2024-11-24,18,徳山,一般,６６１２１３１３,2023-01-16,2023-01-21,18,徳山,ＧⅡ,転　２４５２３　４１２,2019-01-12,2019-01-17,18,徳山,一般,１２１２１１６３１２[６],4851,関 浩哉,2025-11-16,2025-11-21,18,徳山,ＧⅠ,４１３　２１２　１　[１],2025-07-22,2025-07-27,18,徳山,ＳＧ,３５２　４２２　４　１１,2023-12-01,2023-12-06,18,徳山,一般,４１４１４２１　２２[２],2023-06-20,2023-06-25,18,徳山,ＳＧ,５　４１６　６６６　３１,2021-09-21,2021-09-26,18,徳山,ＧⅠ,１１２　３　４１１　[２]
202609141809,2026-09-14,18,09R,4928,栗城 匠,2026-07-29,2026-08-01,18,徳山,一般,１３２３１６１落,2023-10-01,2023-10-06,18,徳山,一般,４２３６３２３　４　３２,2021-09-21,2021-09-26,18,徳山,ＧⅠ,１１３　３　４２不　１４,2021-07-02,2021-07-07,18,徳山,一般,１１５３１３４　１６２３,2018-10-10,2018-10-15,18,徳山,一般,６　６　６　６　６　６,3744,徳増 秀樹,2026-07-04,2026-07-09,18,徳山,一般,２４２６４１３　２３４１,2025-05-31,2025-06-04,18,徳山,一般,５１１１３１３１[１],2024-09-24,2024-09-29,18,徳山,ＧⅠ,６　５　１６５　４２６,2024-07-23,2024-07-28,18,徳山,ＧⅢ,３２２１３３２　２５６４,2023-11-12,2023-11-17,18,徳山,一般,３３１　１４１２３１[６],3897,白井 英治,2026-08-15,2026-08-20,18,徳山,一般,１１２４１　２１１１[１],2026-01-02,2026-01-07,18,徳山,一般,２１１　２３４３１２[４],2025-11-16,2025-11-21,18,徳山,ＧⅠ,１　５３４３５,2025-07-22,2025-07-27,18,徳山,ＳＧ,３２３　５　５４２４３,2025-04-26,2025-05-01,18,徳山,一般,１１２１３　１１１１[１],3959,坪井 康晴,2025-08-01,2025-08-06,18,徳山,一般,３３２１１　１２６１[３],2025-03-19,2025-03-24,18,徳山,ＧⅡ,転２１　４４２　２１２６,2024-09-24,2024-09-29,18,徳山,ＧⅠ,２１２　５　３６６　１４,2023-06-20,2023-06-25,18,徳山,ＳＧ,４　２　３３２　２　[３],2023-02-21,2023-02-25,18,徳山,一般,５,4415,下出 卓矢,2026-03-20,2026-03-25,18,徳山,一般,４５５３１４５　欠欠,2025-06-21,2025-06-25,18,徳山,一般,１２３６３２１３１６,2023-04-14,2023-04-17,18,徳山,一般,１２２２４２[１],2022-09-13,2022-09-18,18,徳山,ＧⅠ,４　２３６　２　４４６６,2022-04-09,2022-04-12,18,徳山,一般,１１２５３４４２,5084,末永 和也,2025-11-16,2025-11-21,18,徳山,ＧⅠ,６３１　２１５　３　３４,2025-07-22,2025-07-27,18,徳山,ＳＧ,４　３２１　５　４　１２,2025-03-19,2025-03-24,18,徳山,ＧⅡ,６　２２２５１　６　１５,2023-04-14,2023-04-17,18,徳山,一般,２１２１３１[２],2022-07-22,2022-07-27,18,徳山,一般,２６１２２１３４２２[３]
202609141810,2026-09-14,18,10R,3960,菊地 孝平,2025-08-01,2025-08-06,18,徳山,一般,２１１　４１１４２４１２,2024-09-24,2024-09-29,18,徳山,ＧⅠ,４６６　５　２３３６１,2023-11-02,2023-11-07,18,徳山,ＧⅠ,２１１　３　３１１　[１],2023-07-09,2023-07-14,18,徳山,一般,２１２１１１１　２１[１],2023-06-20,2023-06-25,18,徳山,ＳＧ,４　３１３２５　５　４６,4305,金子 拓矢,2026-02-04,2026-02-09,18,徳山,一般,１３１１１　５２,2025-06-30,2025-07-05,18,徳山,一般,１４５５１４１　２３１１,2024-08-22,2024-08-27,18,徳山,一般,３　２６２３３,2018-09-21,2018-09-25,18,徳山,一般,４３５３３　２１１５,2017-12-03,2017-12-09,18,徳山,一般,１３３１１１２　１３３１[２],4980,佐々木 完太,2025-11-16,2025-11-21,18,徳山,ＧⅠ,２　３　１３６　６　１５,2025-08-10,2025-08-15,18,徳山,一般,２５１１２　２１４１[２],2025-03-19,2025-03-24,18,徳山,ＧⅡ,３２６　５　４３２３６,2025-02-25,2025-03-03,18,徳山,一般,２１２２１３１４２１[３],2025-02-08,2025-02-13,18,徳山,ＧⅠ,１　２４１　５３４　１３,4796,春園 功太,2026-01-17,2026-01-21,18,徳山,一般,２５１４４　１６１４,2025-09-09,2025-09-13,18,徳山,一般,４３３　２４４６３５,2025-02-17,2025-02-22,18,徳山,一般,５　６欠,2024-11-13,2024-11-18,18,徳山,一般,３　１２４１１２２３２１,2024-06-10,2024-06-14,18,徳山,一般,６３２１４２１２[６],4205,山口 剛,2025-07-22,2025-07-27,18,徳山,ＳＧ,１　４４１　３　３　２１,2025-03-19,2025-03-24,18,徳山,ＧⅡ,２　１５６１２　６　１６,2025-02-08,2025-02-13,18,徳山,ＧⅠ,６　２２５１２　１　[４],2022-09-13,2022-09-18,18,徳山,ＧⅠ,３１２　１３６　１　[６],2021-05-09,2021-05-14,18,徳山,ＧⅠ,３２４１３　３　２　[３],4939,宮之原 輝紀,2025-05-19,2025-05-24,18,徳山,一般,２３１１２２１　６１[１],2025-02-25,2025-03-03,18,徳山,一般,６３４６５１１　２　１１,2021-09-21,2021-09-26,18,徳山,ＧⅠ,４６６　２　４３１２５,2021-07-02,2021-07-07,18,徳山,一般,２１１２６３１　１４３１,2018-01-21,2018-01-26,18,徳山,一般,４　３３１６２　３１５４
202609141811,2026-09-14,18,11R,4759,今泉 友吾,2026-01-10,2026-01-13,18,徳山,一般,２３２３１３４１,2025-08-01,2025-08-06,18,徳山,一般,１５４２４　２６１　２２,2023-01-16,2023-01-21,18,徳山,ＧⅡ,２　３６５　６３２２２,2021-02-02,2021-02-08,18,徳山,一般,２５２２１１２３２２３１[２],2016-10-28,2016-11-02,18,徳山,一般,１３２２３１２２１３１６,3941,池田 浩二,2025-07-22,2025-07-27,18,徳山,ＳＧ,２　３２５１５　５　１３,2024-09-24,2024-09-29,18,徳山,ＧⅠ,２　６２２１３　２　[５],2023-06-20,2023-06-25,18,徳山,ＳＧ,１　６３２２５　２　[４],2020-09-23,2020-09-28,18,徳山,ＧⅠ,６２２　３２１　１　[２],2020-05-16,2020-05-21,18,徳山,ＧⅠ,３　４１１２３　３　４１,4361,柳生 泰二,2026-07-04,2026-07-09,18,徳山,一般,４１２１１　２３４１[３],2026-01-10,2026-01-13,18,徳山,一般,４５１３１２[４],2025-11-16,2025-11-21,18,徳山,ＧⅠ,１　６６６　４　２６３,2025-06-30,2025-07-05,18,徳山,一般,１３２４１　２４４１[１],2025-05-07,2025-05-12,18,徳山,一般,５２２１５　１３５４１４,4344,新田 雄史,2025-07-22,2025-07-27,18,徳山,ＳＧ,１　２　３６４　４１４,2023-11-02,2023-11-07,18,徳山,ＧⅠ,５５６　１１１　４　１４,2023-08-19,2023-08-24,18,徳山,ＧⅢ,４４２１,2023-02-10,2023-02-14,18,徳山,一般,F１３　３　３　２,2021-05-09,2021-05-14,18,徳山,ＧⅠ,５　６１２２２　６　４３,4074,柳沢 一,2026-05-12,2026-05-15,18,徳山,一般,３５１３１２[６],2025-03-19,2025-03-24,18,徳山,ＧⅡ,４４１　４４１　６　１６,2023-06-20,2023-06-25,18,徳山,ＳＧ,２２５　５　１３６　１３,2023-01-16,2023-01-21,18,徳山,ＧⅡ,２３２　３２１　１　[６],2021-06-14,2021-06-19,18,徳山,一般,２２１３２　３１３１[２],4566,塩田 北斗,2025-11-16,2025-11-21,18,徳山,ＧⅠ,５５２　３３１　１４６,2025-07-13,2025-07-17,18,徳山,一般,３２２６２１４５１４,2024-09-24,2024-09-29,18,徳山,ＧⅠ,６６１　４　１４４　３１,2023-01-16,2023-01-21,18,徳山,ＧⅡ,４２３　５４１　４４５,2022-05-05,2022-05-10,18,徳山,一般,１６２　１５４１４２[４]
202609141812,2026-09-14,18,12R,4444,桐生 順平,2025-07-22,2025-07-27,18,徳山,ＳＧ,５５５　１　４６４　３５,2023-06-20,2023-06-25,18,徳山,ＳＧ,３４５　３１１　４　１３,2020-05-16,2020-05-21,18,徳山,ＧⅠ,４　４５４３１　２２６,2020-01-14,2020-01-19,18,徳山,ＧⅠ,３４５　２４２　２　[４],2018-11-02,2018-11-07,18,徳山,ＧⅠ,５１２　３２１　落　１４,3942,寺田 祥,2026-05-05,2026-05-09,18,徳山,一般,２１２１３３４５１６,2025-11-16,2025-11-21,18,徳山,ＧⅠ,４３４　５　３落６６３,2025-10-12,2025-10-16,18,徳山,一般,２１５１４３１４１４,2025-08-10,2025-08-15,18,徳山,一般,１１３　２１２２４１[１],2025-07-22,2025-07-27,18,徳山,ＳＧ,４　転３６　３２６　５２,4013,中島 孝平,2025-07-22,2025-07-27,18,徳山,ＳＧ,３　２６３　１　２　[５],2025-03-19,2025-03-24,18,徳山,ＧⅡ,４　３５２１４　５　２５,2024-09-24,2024-09-29,18,徳山,ＧⅠ,５　３１２　５５１４４,2023-11-02,2023-11-07,18,徳山,ＧⅠ,５１３　２５３　５　１２,2023-06-20,2023-06-25,18,徳山,ＳＧ,２　６６４　５　６３２,4024,井口 佳典,2025-07-22,2025-07-27,18,徳山,ＳＧ,３３５　３　妨１,2023-06-20,2023-06-25,18,徳山,ＳＧ,６　６２６　２　４５５,2022-09-13,2022-09-18,18,徳山,ＧⅠ,５　１１６４３　２　[４],2020-05-16,2020-05-21,18,徳山,ＧⅠ,２　３１３　１４１　[３],2020-01-14,2020-01-19,18,徳山,ＧⅠ,６　２３３転,4852,川原 祐明,2026-07-15,2026-07-20,18,徳山,一般,２５１　４１５１２３２１,2024-12-08,2024-12-14,18,徳山,一般,４３１　１２１４４４３５６５,2024-07-23,2024-07-28,18,徳山,ＧⅢ,６１３　１５３３１３３２,2023-11-02,2023-11-07,18,徳山,ＧⅠ,２　６　１３６　１４２,2023-10-01,2023-10-06,18,徳山,一般,３３４　１６１１３３２１,4760,山崎 郡,2026-02-27,2026-03-05,18,徳山,一般,３１３　１３３１１３２５１３,2025-10-12,2025-10-16,18,徳山,一般,１３２１２３２１[４],2025-03-19,2025-03-24,18,徳山,ＧⅡ,６４３　１２２　３　３１,2023-06-20,2023-06-25,18,徳山,ＳＧ,５　３　２３３　２６２,2021-11-28,2021-12-04,18,徳山,一般,３　２５４１１３２１１１[４]
202609141901,2026-09-14,19,01R,3212,亀本 勇樹,2026-07-10,2026-07-13,19,下関,一般,６　４４６５１,2026-03-26,2026-03-31,19,下関,一般,４　３５５　１６６　４３,2025-09-04,2025-09-07,19,下関,一般,４　２６４　５５,2024-08-13,2024-08-17,19,下関,一般,F　３　５　４５４,2024-05-14,2024-05-20,19,下関,ＧⅢ,５　５４６　４４５　２,3616,中村 真,2026-02-25,2026-03-02,19,下関,ＧⅢ,６　４６６　６４,2025-06-23,2025-06-27,19,下関,一般,５２２　５２４１４,2025-03-02,2025-03-05,19,下関,一般,　　４２４６３５,2024-12-02,2024-12-05,19,下関,一般,４２６　４２１,2024-08-20,2024-08-26,19,下関,一般,２　２２２２３　１３１２[２],5013,山下 夏鈴,2026-02-17,2026-02-22,19,下関,一般,４　５５１３１　１４４２,2024-08-05,2024-08-09,19,下関,一般,４　１４６　１６１１,2024-01-04,2024-01-08,19,下関,一般,６４５５４５２　２６,2023-09-09,2023-09-12,19,下関,一般,３　５４６　６６,2022-04-22,2022-04-27,19,下関,ＧⅢ,１３４　６１６　２１３３,5355,萩原 丈太朗,2025-03-02,2025-03-05,19,下関,一般,　　５　４５６６,,,,,,,,,,,,,,,,,,,,,,,,,3070,山室 展弘,2026-03-26,2026-03-31,19,下関,一般,３　４５１　２１３　１６,2024-10-30,2024-11-02,19,下関,一般,５１３１１６４５,2024-05-01,2024-05-04,19,下関,一般,４６２６,2024-01-04,2024-01-08,19,下関,一般,１　２３５６４３４１,2023-10-21,2023-10-25,19,下関,一般,３　１６３　２６５６,3882,新田 智彰,2026-01-04,2026-01-07,19,下関,一般,４　４６５　２５,2025-04-26,2025-04-30,19,下関,一般,１　３３２　１２[６],2021-06-14,2021-06-18,19,下関,一般,５　１３１４４３３１,2019-09-14,2019-09-17,19,下関,一般,６２２　４６３５,2016-06-04,2016-06-09,19,下関,一般,３　１２４　２５１３１１
202609141902,2026-09-14,19,02R,4113,木村 浩士,2026-03-14,2026-03-17,19,下関,一般,５６６　４　３３,2024-12-02,2024-12-05,19,下関,一般,３　５２２６２６,2024-08-20,2024-08-26,19,下関,一般,２４１　５５４６６　１２３,2023-05-09,2023-05-15,19,下関,一般,３　４５３　６６４　６　５,2011-07-02,2011-07-08,19,下関,一般,３２６　５２３５５　欠,3741,松尾 基成,2026-01-18,2026-01-21,19,下関,一般,６２４　５５４,2025-06-13,2025-06-16,19,下関,一般,５　５６６　６６,2024-08-20,2024-08-26,19,下関,一般,１　６６６　５６４５６　６４,2023-02-25,2023-03-01,19,下関,一般,６５１５１　５　２３,2019-11-25,2019-11-28,19,下関,一般,２　３６３４６５,5227,川原 愛未,2025-09-20,2025-09-24,19,下関,一般,転　５５６　６　２４,2024-10-03,2024-10-07,19,下関,一般,６　６４５　５２５５,2024-01-11,2024-01-16,19,下関,一般,転６５　６４６　６　４６,2022-12-28,2023-01-03,19,下関,一般,６　３６６５３６F　５　６,,,,,,,5412,久保田 凪紗,2026-06-21,2026-06-24,19,下関,一般,６　５６６　６５,2025-09-29,2025-10-04,19,下関,一般,６　６６５　６６６　６６,,,,,,,,,,,,,,,,,,,5216,長谷川 晴哉,2026-07-10,2026-07-13,19,下関,一般,３２１３４２[４],2026-05-13,2026-05-18,19,下関,一般,４２３　２５１　１４３４,2024-09-09,2024-09-14,19,下関,一般,１３５　３６３４１５１１,,,,,,,,,,,,,3361,岡部 浩,2026-06-01,2026-06-05,19,下関,一般,４　１５６　４２３,2026-03-14,2026-03-17,19,下関,一般,６　６２６　２３,2024-12-02,2024-12-05,19,下関,一般,４５５　３　６６,2024-07-27,2024-08-02,19,下関,一般,６４F　５　５６,2022-11-20,2022-11-24,19,下関,一般,５　５６
202609141903,2026-09-14,19,03R,3912,川原 正明,2025-11-09,2025-11-14,19,下関,一般,１　１４５　６５６５４１,2024-05-31,2024-06-03,19,下関,一般,４　１４１６１６,2023-04-10,2023-04-15,19,下関,一般,１１１２３　２５２１[４],2022-12-19,2022-12-25,19,下関,ＧⅢ,２６３　６３４　３　４１,2022-03-26,2022-03-31,19,下関,ＧⅠ,４　２４５　６　４２６５,4226,村田 浩司,2026-07-10,2026-07-13,19,下関,一般,１６１　６６４５,2026-02-25,2026-03-02,19,下関,ＧⅢ,５　２１５５６　６５１６,2025-08-30,2025-09-02,19,下関,一般,２６４６５　３５,2025-01-31,2025-02-03,19,下関,一般,１２６６４　３,2024-12-19,2024-12-25,19,下関,一般,１６４２５　５６３６６　２,3898,平田 忠則,2026-07-10,2026-07-13,19,下関,一般,１１１１４２[５],2025-09-10,2025-09-16,19,下関,一般,３４４　４６５３４２６,2024-11-27,2024-11-30,19,下関,一般,１５３４３３２１,2024-08-20,2024-08-26,19,下関,一般,３４１　３３２２３　１２[３],2022-11-09,2022-11-15,19,下関,一般,３２６３４　１５１２１３２１,4700,金子 和之,2024-02-11,2024-02-14,19,下関,一般,１３１　５３３１,2022-07-05,2022-07-10,19,下関,ＧⅡ,２　２　１６６　５６３,2022-02-06,2022-02-09,19,下関,一般,転,2019-06-19,2019-06-24,19,下関,一般,２３５　１５６　４２５,,,,,,,5409,宮本 琉正,2025-09-10,2025-09-16,19,下関,一般,５　６６４　６６６　６５６３,2025-05-29,2025-06-03,19,下関,一般,不　５６４　６５６　６６,,,,,,,,,,,,,,,,,,,5111,三村 岳人,2026-01-18,2026-01-21,19,下関,一般,５　３４１　２１,2025-03-29,2025-04-01,19,下関,一般,１　３６２２３６,2024-09-09,2024-09-14,19,下関,一般,５　１２１２４　２２[３],2022-12-28,2023-01-03,19,下関,一般,４　６４５６３５３３６２５,2021-11-08,2021-11-13,19,下関,一般,６４６　６６６　５２４
202609141904,2026-09-14,19,04R,4300,加藤 綾,2026-03-26,2026-03-31,19,下関,一般,２　５６４　４４４　５２,2025-11-19,2025-11-24,19,下関,ＧⅢ,４２１　５６４　４４５５,2024-12-08,2024-12-13,19,下関,ＧⅢ,３６４２３　２　３５２２,2023-06-11,2023-06-16,19,下関,ＧⅢ,１　６２４５５　４４４４,2023-03-13,2023-03-18,19,下関,一般,１３３２４５１　１４３６,4099,吉永 則雄,2024-01-04,2024-01-08,19,下関,一般,３５１４３　１４１４,2023-12-12,2023-12-18,19,下関,一般,２　１３２５３　３４１６,2022-11-09,2022-11-15,19,下関,一般,２４４５６　２６４５２　２３,2021-09-08,2021-09-12,19,下関,一般,２４１３３３５３３１,2021-06-26,2021-06-30,19,下関,一般,１２１　４３４３[２],4548,篠木 亜衣花,2022-04-22,2022-04-27,19,下関,ＧⅢ,６２４　５６４　２　３５,2021-06-07,2021-06-11,19,下関,一般,４　６５６３３　３６,2018-03-15,2018-03-20,19,下関,ＧⅢ,２４１５３　４５５　１４,2017-04-23,2017-04-26,19,下関,一般,５　５４４６５,2016-02-29,2016-03-05,19,下関,一般,F　６　６　５５６５６,4761,山田 晃大,2026-03-14,2026-03-17,19,下関,一般,４４１　１２１４,2024-12-02,2024-12-05,19,下関,一般,４　１６４４５,2024-10-16,2024-10-19,19,下関,一般,３１４　５４３３,2024-07-03,2024-07-07,19,下関,一般,３　１３１６１６２１,2021-08-06,2021-08-12,19,下関,一般,４６６　３４３　２４４　１,3455,谷本 幸司,2025-10-11,2025-10-14,19,下関,一般,６２１　５５１６,2023-07-07,2023-07-13,19,下関,一般,F２５　４　４４３　３　４４,2023-05-25,2023-05-31,19,下関,一般,１　５２１３３　６６１５４５,2020-04-13,2020-04-17,19,下関,一般,６　４４１５４２４５,2018-11-17,2018-11-22,19,下関,一般,５３１６５　３６３　５１,5217,藤原 碧生,2026-01-29,2026-02-03,19,下関,ＧⅠ,１　３５１　５１２　[４],2025-05-29,2025-06-03,19,下関,一般,３６４１１　１２２６１３,2025-01-31,2025-02-03,19,下関,一般,欠欠,2024-09-09,2024-09-14,19,下関,一般,２５６１２　２１１１[１],2023-09-09,2023-09-12,19,下関,一般,３　１２５４２３
202609141905,2026-09-14,19,05R,4292,麻生 慎介,2026-01-29,2026-02-03,19,下関,ＧⅠ,３　４４２　５２２　４４,2025-10-28,2025-11-02,19,下関,ＧⅡ,５　３４１　４３５　３５,2025-06-13,2025-06-16,19,下関,一般,５４６２４　４５,2023-08-04,2023-08-09,19,下関,一般,３５３５２　１１１５１３,2022-09-21,2022-09-26,19,下関,一般,３３欠,4900,中田 夕貴,2025-11-19,2025-11-24,19,下関,ＧⅢ,転６１６４　１２２１３,2024-12-08,2024-12-13,19,下関,ＧⅢ,２　１４５５１４４５４６,2021-10-09,2021-10-14,19,下関,一般,３　５１４２４１２４１１,2021-07-25,2021-07-30,19,下関,ＧⅢ,４３１　３１２４１２[６],2020-06-24,2020-06-29,19,下関,一般,２６１　２５１５４５F４,4054,福嶋 智之,2026-06-30,2026-07-04,19,下関,一般,１　６２４６２６５４,2025-08-30,2025-09-02,19,下関,一般,２　６２３１５４,2024-09-20,2024-09-25,19,下関,一般,２　２６１５２　３６１６,2024-07-03,2024-07-07,19,下関,一般,６５２　４２５　５５,2024-02-26,2024-03-01,19,下関,一般,６５３５２　５４４,5281,井上 遥妃,2025-02-10,2025-02-15,19,下関,一般,１２４　２２２２３２[５],2023-03-13,2023-03-18,19,下関,一般,３　６６５　５６６　３４,2022-12-28,2023-01-03,19,下関,一般,　　　　　　　　６　６５４６,,,,,,,,,,,,,5451,,,,,,,,,,,,,,,,,,,,,,,,,,,,,,,,3742,宮地 秀祈,2025-07-10,2025-07-14,19,下関,一般,３　１６３　３６２２,2025-02-21,2025-02-25,19,下関,一般,３４５　２５５　３１,2024-09-03,2024-09-06,19,下関,一般,２６,2024-02-26,2024-03-01,19,下関,一般,４　５４３４４　５４,2023-02-25,2023-03-01,19,下関,一般,２６３　４２３　５４
202609141906,2026-09-14,19,06R,3070,山室 展弘,2026-03-26,2026-03-31,19,下関,一般,３　４５１　２１３　１６,2024-10-30,2024-11-02,19,下関,一般,５１３１１６４５,2024-05-01,2024-05-04,19,下関,一般,４６２６,2024-01-04,2024-01-08,19,下関,一般,１　２３５６４３４１,2023-10-21,2023-10-25,19,下関,一般,３　１６３　２６５６,4994,山本 梨菜,2026-01-04,2026-01-07,19,下関,一般,３４２４２２２２,2025-05-21,2025-05-25,19,下関,一般,１　３２１転６２[４],2025-02-10,2025-02-15,19,下関,一般,２６３５３　１　５３２,2024-03-12,2024-03-17,19,下関,一般,４４３６３　１４２　１２,2024-02-11,2024-02-14,19,下関,一般,３４３２４　５１,4339,平瀬 城啓,2024-09-20,2024-09-25,19,下関,一般,５２５　４３３４２　４４,2022-08-04,2022-08-10,19,下関,一般,４　転６６６２　５５１　３,2018-11-17,2018-11-22,19,下関,一般,５　１３６　５３６４１２,2018-04-24,2018-04-28,19,下関,一般,６６６　６６,2017-07-20,2017-07-25,19,下関,一般,３４２　４６２　３　５６,4276,鈴木 勝博,2025-10-11,2025-10-14,19,下関,一般,４６１５１６１３,2025-05-29,2025-06-03,19,下関,一般,５６２　４１１　４６２６,2024-01-11,2024-01-16,19,下関,一般,１６２　１１２３４１[２],2022-12-19,2022-12-25,19,下関,ＧⅢ,１４４３２　１F２　３,2022-02-24,2022-02-28,19,下関,一般,２１２　２４１６３６,5212,西川 拓利,2026-05-13,2026-05-18,19,下関,一般,２　５３５４２５６　１,2025-05-29,2025-06-03,19,下関,一般,５５４　５３３２３　２３,2024-07-27,2024-08-02,19,下関,一般,３　１４３　１１１６３４５２,2023-03-30,2023-04-03,19,下関,一般,５６６　２５６　４,2022-08-21,2022-08-25,19,下関,一般,　　　　　　６　６６,3741,松尾 基成,2026-01-18,2026-01-21,19,下関,一般,６２４　５５４,2025-06-13,2025-06-16,19,下関,一般,５　５６６　６６,2024-08-20,2024-08-26,19,下関,一般,１　６６６　５６４５６　６４,2023-02-25,2023-03-01,19,下関,一般,６５１５１　５　２３,2019-11-25,2019-11-28,19,下関,一般,２　３６３４６５
202609141907,2026-09-14,19,07R,5210,藤井 公人,2026-06-12,2026-06-17,19,下関,一般,４４３　５　１６３２２,2026-02-25,2026-03-02,19,下関,ＧⅢ,　　５１３３４２５　５２,2024-09-09,2024-09-14,19,下関,一般,２２２　３転４　５６５,2024-01-11,2024-01-16,19,下関,一般,５４３　２６５３１　２６,2023-06-29,2023-07-02,19,下関,一般,６５４　６　６６,3606,川北 浩貴,2023-10-13,2023-10-18,19,下関,一般,１２４　３１３６３３２１,2023-05-09,2023-05-15,19,下関,一般,４　３３５　４３６　４２５３,2022-10-16,2022-10-21,19,下関,ＧⅢ,２　１６３１３４２４６２,2022-02-24,2022-02-28,19,下関,一般,４２４　４２２　４４,2022-01-17,2022-01-23,19,下関,一般,５１２３４　２１２１２３４３,5355,萩原 丈太朗,2025-03-02,2025-03-05,19,下関,一般,　　５　４５６６,,,,,,,,,,,,,,,,,,,,,,,,,5409,宮本 琉正,2025-09-10,2025-09-16,19,下関,一般,５　６６４　６６６　６５６３,2025-05-29,2025-06-03,19,下関,一般,不　５６４　６５６　６６,,,,,,,,,,,,,,,,,,,5064,品川 二千翔,2026-08-11,2026-08-16,19,下関,一般,４２１５４　３２５３３４,2026-05-21,2026-05-24,19,下関,一般,１　３５２２[５],2026-02-10,2026-02-14,19,下関,一般,２４１　２５４１[４],2025-12-28,2026-01-02,19,下関,一般,５３２　２２６２１４１５,2025-10-28,2025-11-02,19,下関,ＧⅡ,５　４　５５２　２６２,5412,久保田 凪紗,2026-06-21,2026-06-24,19,下関,一般,６　５６６　６５,2025-09-29,2025-10-04,19,下関,一般,６　６６５　６６６　６６,,,,,,,,,,,,,,,,,,
202609141908,2026-09-14,19,08R,4383,竹田 吉行,2026-02-10,2026-02-14,19,下関,一般,２５６４３　４１２,2025-07-10,2025-07-14,19,下関,一般,５　４５２４２　２３,2024-10-30,2024-11-02,19,下関,一般,５　４２エ,2024-08-20,2024-08-26,19,下関,一般,４１６　２２２　４６２５１６,2024-04-04,2024-04-08,19,下関,一般,２４６４４　５　４３,3455,谷本 幸司,2025-10-11,2025-10-14,19,下関,一般,６２１　５５１６,2023-07-07,2023-07-13,19,下関,一般,F２５　４　４４３　３　４４,2023-05-25,2023-05-31,19,下関,一般,１　５２１３３　６６１５４５,2020-04-13,2020-04-17,19,下関,一般,６　４４１５４２４５,2018-11-17,2018-11-22,19,下関,一般,５３１６５　３６３　５１,4857,加藤 翔馬,2025-09-10,2025-09-16,19,下関,一般,４２２２１　２４４２２３４１,2025-01-06,2025-01-09,19,下関,一般,５４６３２１２,2024-10-30,2024-11-02,19,下関,一般,１３５　１５６１,2023-09-19,2023-09-24,19,下関,ＧⅠ,３　５　３５１　４６２,2022-10-01,2022-10-06,19,下関,一般,２３１２３　２５[４],5227,川原 愛未,2025-09-20,2025-09-24,19,下関,一般,転　５５６　６　２４,2024-10-03,2024-10-07,19,下関,一般,６　６４５　５２５５,2024-01-11,2024-01-16,19,下関,一般,転６５　６４６　６　４６,2022-12-28,2023-01-03,19,下関,一般,６　３６６５３６F　５　６,,,,,,,3212,亀本 勇樹,2026-07-10,2026-07-13,19,下関,一般,６　４４６５１,2026-03-26,2026-03-31,19,下関,一般,４　３５５　１６６　４３,2025-09-04,2025-09-07,19,下関,一般,４　２６４　５５,2024-08-13,2024-08-17,19,下関,一般,F　３　５　４５４,2024-05-14,2024-05-20,19,下関,ＧⅢ,５　５４６　４４５　２,3717,立間 充宏,2025-09-29,2025-10-04,19,下関,一般,５　１４１６５　３４５６,2024-12-02,2024-12-05,19,下関,一般,１　１２３２[３],2023-01-22,2023-01-29,19,下関,一般,１　２１　　１３５５２１５１[４],2022-12-10,2022-12-14,19,下関,一般,２４２５４４２３３５,2022-10-01,2022-10-06,19,下関,一般,１１４　２６４　６１
202609141909,2026-09-14,19,09R,4159,向後 龍一,2024-10-16,2024-10-19,19,下関,一般,５６４３１　３２,2023-05-25,2023-05-31,19,下関,一般,４６３　２６５３３　４６１,2019-11-16,2019-11-22,19,下関,一般,３　１２１２４６３３転５１５,2019-06-06,2019-06-12,19,下関,一般,４　５６１　３３３３２３２３,2018-10-26,2018-10-31,19,下関,ＧⅢ,１３４　２５４５２２[３],4015,前野 竜一,2023-05-25,2023-05-31,19,下関,一般,１　３２４２６　４５２４４２,2023-04-10,2023-04-15,19,下関,一般,２　３３２１２４１３６２,2023-03-22,2023-03-25,19,下関,一般,２３２２２４５３,2023-02-18,2023-02-22,19,下関,一般,２　２５２４６５１２,2023-01-31,2023-02-05,19,下関,一般,１３２　２３２　５２[３],3361,岡部 浩,2026-06-01,2026-06-05,19,下関,一般,４　１５６　４２３,2026-03-14,2026-03-17,19,下関,一般,６　６２６　２３,2024-12-02,2024-12-05,19,下関,一般,４５５　３　６６,2024-07-27,2024-08-02,19,下関,一般,６４F　５　５６,2022-11-20,2022-11-24,19,下関,一般,５　５６,3912,川原 正明,2025-11-09,2025-11-14,19,下関,一般,１　１４５　６５６５４１,2024-05-31,2024-06-03,19,下関,一般,４　１４１６１６,2023-04-10,2023-04-15,19,下関,一般,１１１２３　２５２１[４],2022-12-19,2022-12-25,19,下関,ＧⅢ,２６３　６３４　３　４１,2022-03-26,2022-03-31,19,下関,ＧⅠ,４　２４５　６　４２６５,4978,山田 和佐,2026-02-17,2026-02-22,19,下関,一般,５　３３１　６５４　３,2025-10-11,2025-10-14,19,下関,一般,６５３　３　５４,2024-12-02,2024-12-05,19,下関,一般,６　４３６　５３,2024-05-26,2024-05-29,19,下関,一般,１　３３６４１５,2022-10-01,2022-10-06,19,下関,一般,４４３　４３６　３,5451,,,,,,,,,,,,,,,,,,,,,,,,,,,,,,,
202609141910,2026-09-14,19,10R,4276,鈴木 勝博,2025-10-11,2025-10-14,19,下関,一般,４６１５１６１３,2025-05-29,2025-06-03,19,下関,一般,５６２　４１１　４６２６,2024-01-11,2024-01-16,19,下関,一般,１６２　１１２３４１[２],2022-12-19,2022-12-25,19,下関,ＧⅢ,１４４３２　１F２　３,2022-02-24,2022-02-28,19,下関,一般,２１２　２４１６３６,4292,麻生 慎介,2026-01-29,2026-02-03,19,下関,ＧⅠ,３　４４２　５２２　４４,2025-10-28,2025-11-02,19,下関,ＧⅡ,５　３４１　４３５　３５,2025-06-13,2025-06-16,19,下関,一般,５４６２４　４５,2023-08-04,2023-08-09,19,下関,一般,３５３５２　１１１５１３,2022-09-21,2022-09-26,19,下関,一般,３３欠,5216,長谷川 晴哉,2026-07-10,2026-07-13,19,下関,一般,３２１３４２[４],2026-05-13,2026-05-18,19,下関,一般,４２３　２５１　１４３４,2024-09-09,2024-09-14,19,下関,一般,１３５　３６３４１５１１,,,,,,,,,,,,,4548,篠木 亜衣花,2022-04-22,2022-04-27,19,下関,ＧⅢ,６２４　５６４　２　３５,2021-06-07,2021-06-11,19,下関,一般,４　６５６３３　３６,2018-03-15,2018-03-20,19,下関,ＧⅢ,２４１５３　４５５　１４,2017-04-23,2017-04-26,19,下関,一般,５　５４４６５,2016-02-29,2016-03-05,19,下関,一般,F　６　６　５５６５６,4700,金子 和之,2024-02-11,2024-02-14,19,下関,一般,１３１　５３３１,2022-07-05,2022-07-10,19,下関,ＧⅡ,２　２　１６６　５６３,2022-02-06,2022-02-09,19,下関,一般,転,2019-06-19,2019-06-24,19,下関,一般,２３５　１５６　４２５,,,,,,,3616,中村 真,2026-02-25,2026-03-02,19,下関,ＧⅢ,６　４６６　６４,2025-06-23,2025-06-27,19,下関,一般,５２２　５２４１４,2025-03-02,2025-03-05,19,下関,一般,　　４２４６３５,2024-12-02,2024-12-05,19,下関,一般,４２６　４２１,2024-08-20,2024-08-26,19,下関,一般,２　２２２２３　１３１２[２]
202609141911,2026-09-14,19,11R,3898,平田 忠則,2026-07-10,2026-07-13,19,下関,一般,１１１１４２[５],2025-09-10,2025-09-16,19,下関,一般,３４４　４６５３４２６,2024-11-27,2024-11-30,19,下関,一般,１５３４３３２１,2024-08-20,2024-08-26,19,下関,一般,３４１　３３２２３　１２[３],2022-11-09,2022-11-15,19,下関,一般,３２６３４　１５１２１３２１,3882,新田 智彰,2026-01-04,2026-01-07,19,下関,一般,４　４６５　２５,2025-04-26,2025-04-30,19,下関,一般,１　３３２　１２[６],2021-06-14,2021-06-18,19,下関,一般,５　１３１４４３３１,2019-09-14,2019-09-17,19,下関,一般,６２２　４６３５,2016-06-04,2016-06-09,19,下関,一般,３　１２４　２５１３１１,5217,藤原 碧生,2026-01-29,2026-02-03,19,下関,ＧⅠ,１　３５１　５１２　[４],2025-05-29,2025-06-03,19,下関,一般,３６４１１　１２２６１３,2025-01-31,2025-02-03,19,下関,一般,欠欠,2024-09-09,2024-09-14,19,下関,一般,２５６１２　２１１１[１],2023-09-09,2023-09-12,19,下関,一般,３　１２５４２３,4900,中田 夕貴,2025-11-19,2025-11-24,19,下関,ＧⅢ,転６１６４　１２２１３,2024-12-08,2024-12-13,19,下関,ＧⅢ,２　１４５５１４４５４６,2021-10-09,2021-10-14,19,下関,一般,３　５１４２４１２４１１,2021-07-25,2021-07-30,19,下関,ＧⅢ,４３１　３１２４１２[６],2020-06-24,2020-06-29,19,下関,一般,２６１　２５１５４５F４,4994,山本 梨菜,2026-01-04,2026-01-07,19,下関,一般,３４２４２２２２,2025-05-21,2025-05-25,19,下関,一般,１　３２１転６２[４],2025-02-10,2025-02-15,19,下関,一般,２６３５３　１　５３２,2024-03-12,2024-03-17,19,下関,一般,４４３６３　１４２　１２,2024-02-11,2024-02-14,19,下関,一般,３４３２４　５１,5210,藤井 公人,2026-06-12,2026-06-17,19,下関,一般,４４３　５　１６３２２,2026-02-25,2026-03-02,19,下関,ＧⅢ,　　５１３３４２５　５２,2024-09-09,2024-09-14,19,下関,一般,２２２　３転４　５６５,2024-01-11,2024-01-16,19,下関,一般,５４３　２６５３１　２６,2023-06-29,2023-07-02,19,下関,一般,６５４　６　６６
202609141912,2026-09-14,19,12R,5064,品川 二千翔,2026-08-11,2026-08-16,19,下関,一般,４２１５４　３２５３３４,2026-05-21,2026-05-24,19,下関,一般,１　３５２２[５],2026-02-10,2026-02-14,19,下関,一般,２４１　２５４１[４],2025-12-28,2026-01-02,19,下関,一般,５３２　２２６２１４１５,2025-10-28,2025-11-02,19,下関,ＧⅡ,５　４　５５２　２６２,4857,加藤 翔馬,2025-09-10,2025-09-16,19,下関,一般,４２２２１　２４４２２３４１,2025-01-06,2025-01-09,19,下関,一般,５４６３２１２,2024-10-30,2024-11-02,19,下関,一般,１３５　１５６１,2023-09-19,2023-09-24,19,下関,ＧⅠ,３　５　３５１　４６２,2022-10-01,2022-10-06,19,下関,一般,２３１２３　２５[４],5111,三村 岳人,2026-01-18,2026-01-21,19,下関,一般,５　３４１　２１,2025-03-29,2025-04-01,19,下関,一般,１　３６２２３６,2024-09-09,2024-09-14,19,下関,一般,５　１２１２４　２２[３],2022-12-28,2023-01-03,19,下関,一般,４　６４５６３５３３６２５,2021-11-08,2021-11-13,19,下関,一般,６４６　６６６　５２４,5212,西川 拓利,2026-05-13,2026-05-18,19,下関,一般,２　５３５４２５６　１,2025-05-29,2025-06-03,19,下関,一般,５５４　５３３２３　２３,2024-07-27,2024-08-02,19,下関,一般,３　１４３　１１１６３４５２,2023-03-30,2023-04-03,19,下関,一般,５６６　２５６　４,2022-08-21,2022-08-25,19,下関,一般,　　　　　　６　６６,4099,吉永 則雄,2024-01-04,2024-01-08,19,下関,一般,３５１４３　１４１４,2023-12-12,2023-12-18,19,下関,一般,２　１３２５３　３４１６,2022-11-09,2022-11-15,19,下関,一般,２４４５６　２６４５２　２３,2021-09-08,2021-09-12,19,下関,一般,２４１３３３５３３１,2021-06-26,2021-06-30,19,下関,一般,１２１　４３４３[２],5281,井上 遥妃,2025-02-10,2025-02-15,19,下関,一般,１２４　２２２２３２[５],2023-03-13,2023-03-18,19,下関,一般,３　６６５　５６６　３４,2022-12-28,2023-01-03,19,下関,一般,　　　　　　　　６　６５４６,,,,,,,,,,,,
202609142001,2026-09-14,20,01R,4462,夏山 亮平,2026-03-10,2026-03-15,20,若松,ＧⅢ,２５１　２５３４１２[５],2025-05-12,2025-05-15,20,若松,一般,３６１５２　３４,2023-09-15,2023-09-20,20,若松,一般,１３２　妨１３２３１３５,2021-08-30,2021-09-05,20,若松,一般,４　１６５　F３６　３　４,2016-06-27,2016-07-02,20,若松,一般,５　２２,4873,蒲原 健太,2026-01-08,2026-01-13,20,若松,一般,４　６１４５３１２４,2025-09-29,2025-10-04,20,若松,一般,４３３２２　１３４６落欠,2025-03-17,2025-03-22,20,若松,一般,５２４　５５５,2024-08-26,2024-08-30,20,若松,一般,５４１,2023-10-23,2023-10-27,20,若松,一般,１３４２６　２３４４,3880,浅見 宗孝,2025-12-20,2025-12-25,20,若松,一般,５　５５３　５４２　２４,2018-04-22,2018-04-26,20,若松,一般,４　４６５５２　５５,2017-02-15,2017-02-20,20,若松,一般,２４６　６２３　３　１３,2016-09-25,2016-09-28,20,若松,一般,３　４６６２２,2016-04-09,2016-04-14,20,若松,一般,２４３　３４４６４５５,4273,佐藤 旭,2025-10-31,2025-11-05,20,若松,一般,４　３１１　２５１６２６,2024-11-05,2024-11-10,20,若松,一般,３５１　３３４２１６３４,2024-05-07,2024-05-13,20,若松,一般,１　５４３５３５１６４　１２,2024-03-11,2024-03-14,20,若松,一般,１１１６３２[４],2021-10-01,2021-10-06,20,若松,ＧⅢ,５１６　４４３　２４１２,4034,西原 明生,2025-08-01,2025-08-04,20,若松,一般,５　２５６　２２,2024-12-31,2025-01-06,20,若松,一般,１　３４６２２　４２４２[２],2024-03-01,2024-03-07,20,若松,一般,３３６　４　５２３　６　１６,2024-01-08,2024-01-12,20,若松,一般,４　２６３６２４５３,2023-06-27,2023-06-30,20,若松,一般,６３４　６　１３,5468,,,,,,,,,,,,,,,,,,,,,,,,,,,,,,,
202609142002,2026-09-14,20,02R,5033,藤原 孝斗,2024-07-11,2024-07-16,20,若松,一般,３　３６３４６　３５４４,2023-02-21,2023-02-24,20,若松,一般,６　４５１　３３,,,,,,,,,,,,,,,,,,,4396,大田 直弥,2026-01-25,2026-01-28,20,若松,一般,３２３３５５１１,2025-07-22,2025-07-28,20,若松,一般,２３５　３３３６　　落,2025-03-17,2025-03-22,20,若松,一般,４４３　２５２,2024-12-12,2024-12-15,20,若松,一般,２２５　６４６６,2024-07-20,2024-07-26,20,若松,一般,５４３　２１４　６５２３５,4085,荻野 裕介,2026-05-15,2026-05-20,20,若松,一般,５６２　４６１　６　４,2025-01-26,2025-01-30,20,若松,一般,３　　　４５,2024-07-20,2024-07-26,20,若松,一般,６６２　６　１６５　４　３,2024-01-30,2024-02-02,20,若松,一般,３　４３６３５,2021-07-23,2021-07-27,20,若松,一般,６　３４１５５４６２,4891,寺島 美里,2025-01-26,2025-01-30,20,若松,一般,２３　　２４,2022-07-24,2022-07-29,20,若松,ＧⅢ,５　１F５　５　６　５,2021-07-05,2021-07-09,20,若松,一般,６　５６５５５　３４,2018-01-13,2018-01-17,20,若松,一般,５　６５５　６６５,2017-05-14,2017-05-18,20,若松,一般,６　６６５　６６６,3833,中辻 博訓,2026-03-10,2026-03-15,20,若松,ＧⅢ,１５６　１６２３５４５３,2024-12-03,2024-12-08,20,若松,ＧⅢ,３３１３５１１　３１[４],2024-06-25,2024-07-01,20,若松,一般,４５２１２５１６６４１３２１,2023-09-15,2023-09-20,20,若松,一般,３６５６,2022-11-01,2022-11-04,20,若松,一般,６１２６４３５１,4043,桐本 康臣,2025-09-29,2025-10-04,20,若松,一般,３１１　１３１１３２[３],2025-06-03,2025-06-08,20,若松,一般,４３１４３５１　１２[４],2024-08-06,2024-08-12,20,若松,一般,４６４１６３１　１３３３１１,2024-02-08,2024-02-13,20,若松,一般,１５２　２４１１１１[５],2023-12-03,2023-12-09,20,若松,一般,５６１１１　３１４１４３３１
202609142003,2026-09-14,20,03R,5316,,,,,,,,,,,,,,,,,,,,,,,,,,,,,,,,4484,稲生 夏季,2025-06-19,2025-06-24,20,若松,ＧⅢ,１１４　４　３４３５２２,2023-05-11,2023-05-16,20,若松,一般,５４４　２　３３４３３２,2022-05-23,2022-05-29,20,若松,一般,４　３６４３５　２　５４,2019-06-17,2019-06-22,20,若松,一般,４　４４３６５　１５３,2017-01-26,2017-01-30,20,若松,一般,５６５　６５５　６,4014,片岡 恵里,2025-09-14,2025-09-19,20,若松,一般,３２２　２３５３５６１６,2025-06-19,2025-06-24,20,若松,ＧⅢ,３５４５１５５　２　３２,2025-02-26,2025-03-03,20,若松,一般,３４３３２３２５４３３２,2024-08-26,2024-08-30,20,若松,一般,３５２,2024-04-16,2024-04-21,20,若松,一般,４　１４６　６５３　２３,4518,大須賀 友,2025-09-22,2025-09-25,20,若松,一般,６６３５３　２３,2024-03-11,2024-03-14,20,若松,一般,２１３２４不,2023-07-11,2023-07-16,20,若松,一般,３１３　２４２　６３２３,2022-09-26,2022-10-01,20,若松,一般,２　２４４２３５２４１３,2021-09-08,2021-09-14,20,若松,一般,５３５６２１３　４　１３６１,3362,間嶋 仁志,2025-07-22,2025-07-28,20,若松,一般,６１４４４　４　３　５４,2024-10-28,2024-10-31,20,若松,一般,２２３３４２[３],2024-02-08,2024-02-13,20,若松,一般,１２４２３　１４２１[２],2019-10-01,2019-10-06,20,若松,一般,２５　　１　６４１５,2019-02-25,2019-03-03,20,若松,一般,１２３５５１４　４５１４３５,4373,若狭 奈美子,2026-01-18,2026-01-22,20,若松,一般,５　３４５３３３２２,2025-06-03,2025-06-08,20,若松,一般,４２３２２　１１４２[５],2023-05-31,2023-06-04,20,若松,一般,２４３　４２２４２１,2022-07-24,2022-07-29,20,若松,ＧⅢ,５４１２３４２　１５１４,2022-06-28,2022-07-01,20,若松,一般,５５４４６　５５
202609142004,2026-09-14,20,04R,4076,杉田 篤光,2025-06-13,2025-06-17,20,若松,一般,３４１２２　４４４３,2025-02-01,2025-02-07,20,若松,一般,２　４４F６５　４　５,2022-09-26,2022-10-01,20,若松,一般,４４１　１２４２２３１５,2020-11-08,2020-11-11,20,若松,一般,２６１５３６１５,2019-04-22,2019-04-26,20,若松,一般,１３２５６　２４３４,3539,金子 順一,2025-05-04,2025-05-09,20,若松,一般,１　１４２６５　１,2024-07-20,2024-07-26,20,若松,一般,５　６４３　６６６　１２５２,2022-12-12,2022-12-16,20,若松,一般,２４４５F　４　６,2022-01-25,2022-01-28,20,若松,一般,１４６　３　４６,2021-10-24,2021-10-29,20,若松,一般,５５４　１４５　２４４２,5263,花田 凱成,2025-08-15,2025-08-20,20,若松,一般,６６６　６３３　３　６６,2024-11-25,2024-11-28,20,若松,一般,６　３　２３３４,2024-02-23,2024-02-27,20,若松,一般,６　６　５５６　３５,2023-08-08,2023-08-15,20,若松,一般,６　欠６５　６６６　５５,2023-07-18,2023-07-24,20,若松,一般,　　　　　　　　　　６６１６,3737,上平 真二,2025-11-07,2025-11-10,20,若松,一般,２１４５４１[３],2024-12-12,2024-12-15,20,若松,一般,１３３３２１[３],2023-04-18,2023-04-23,20,若松,ＧⅠ,３６２　４　３２６　３１,2023-02-28,2023-03-03,20,若松,一般,２１３１３１[２],2022-09-07,2022-09-13,20,若松,一般,１４１F３　１　２　３　１,4600,井内 将太郎,2025-05-23,2025-05-26,20,若松,一般,１３３　３６１４,2024-04-09,2024-04-14,20,若松,一般,３１６２６　１３１４１５,2022-09-07,2022-09-13,20,若松,一般,６　３１１　４３１２４２[５],2022-03-25,2022-03-29,20,若松,一般,５　１４５３４４２３,2021-10-14,2021-10-20,20,若松,一般,４５１　５２３３１２５　６３,4424,松尾 昂明,2026-01-01,2026-01-06,20,若松,一般,３　１５１２３５１６１３,2025-12-05,2025-12-10,20,若松,一般,１１１１５１４　３１[６],2025-09-22,2025-09-25,20,若松,一般,５３１　２１６４,2025-05-12,2025-05-15,20,若松,一般,５３１　２３４４,2024-12-03,2024-12-08,20,若松,ＧⅢ,５２１　３６３３１３６１
202609142005,2026-09-14,20,05R,3388,今垣 光太郎,2026-02-15,2026-02-20,20,若松,ＧⅠ,３　３６６,2025-08-26,2025-08-31,20,若松,ＳＧ,３５５　４　５６６　５５,2024-10-28,2024-10-31,20,若松,一般,２５２１１６１５,2023-04-18,2023-04-23,20,若松,ＧⅠ,５　４１３　２１２　[６],2022-09-16,2022-09-23,20,若松,一般,３　２５欠欠,3999,大瀧 明日香,2025-11-14,2025-11-18,20,若松,一般,１　２６５２６　２６,2025-05-04,2025-05-09,20,若松,一般,５　１４４５２２２,2024-04-16,2024-04-21,20,若松,一般,２１３４３５１　５５４１,2022-06-28,2022-07-01,20,若松,一般,４６３３５１３１,2019-07-28,2019-08-02,20,若松,一般,１　１１５２３５４５４４,5014,梶山 涼斗,2026-03-10,2026-03-15,20,若松,ＧⅢ,３３６　４２１　２４４,2025-05-23,2025-05-26,20,若松,一般,１２５４５５５５,2024-09-02,2024-09-08,20,若松,一般,３　５２４　３４５６１　２２,2024-02-08,2024-02-13,20,若松,一般,３４４　４　１５４６３４,2021-06-23,2021-06-28,20,若松,一般,１　６６４　４３４　４２,4816,村松 修二,2025-02-09,2025-02-12,20,若松,一般,４６５６１　６,2024-09-10,2024-09-14,20,若松,一般,３３１　１４６３４１,2024-01-30,2024-02-02,20,若松,一般,１１２４２１[１],2022-05-14,2022-05-18,20,若松,一般,３６６３１１１　１４,2022-03-25,2022-03-29,20,若松,一般,１６１５５１１２[１],3880,浅見 宗孝,2025-12-20,2025-12-25,20,若松,一般,５　５５３　５４２　２４,2018-04-22,2018-04-26,20,若松,一般,４　４６５５２　５５,2017-02-15,2017-02-20,20,若松,一般,２４６　６２３　３　１３,2016-09-25,2016-09-28,20,若松,一般,３　４６６２２,2016-04-09,2016-04-14,20,若松,一般,２４３　３４４６４５５,5429,,,,,,,,,,,,,,,,,,,,,,,,,,,,,,,
202609142006,2026-09-14,20,06R,4209,藤田 竜弘,2026-06-11,2026-06-15,20,若松,一般,４　１６５４４　４３,2025-11-14,2025-11-18,20,若松,一般,５５４　２５４　３,2024-06-02,2024-06-07,20,若松,一般,６　４２２２３４３４３４,2024-04-01,2024-04-06,20,若松,一般,５２１　転６５５４　３,2023-11-17,2023-11-23,20,若松,ＧⅢ,１５１　２４１２２５３１,4204,柴田 大輔,2026-08-07,2026-08-12,20,若松,一般,１　５３４３１１３６３５,2025-12-05,2025-12-10,20,若松,一般,６　２２２　３２３４１６,2024-12-31,2025-01-06,20,若松,一般,６　４４３６５　４６１　５６,2024-08-15,2024-08-20,20,若松,一般,１４４　３５６２３　１２,2024-06-25,2024-07-01,20,若松,一般,５　２１３４２　３６４６１５,4034,西原 明生,2025-08-01,2025-08-04,20,若松,一般,５　２５６　２２,2024-12-31,2025-01-06,20,若松,一般,１　３４６２２　４２４２[２],2024-03-01,2024-03-07,20,若松,一般,３３６　４　５２３　６　１６,2024-01-08,2024-01-12,20,若松,一般,４　２６３６２４５３,2023-06-27,2023-06-30,20,若松,一般,６３４　６　１３,4357,田中 和也,2025-02-09,2025-02-12,20,若松,一般,１２２１１１[１],2024-04-09,2024-04-14,20,若松,一般,１３５　１２１５６１[２],2023-11-03,2023-11-08,20,若松,ＧⅠ,５　６４５　１２３　２３,2021-10-01,2021-10-06,20,若松,ＧⅢ,１２１４１　１３１２[２],2019-10-12,2019-10-17,20,若松,ＧⅠ,３　３　２２３４４　６５,4296,岡崎 恭裕,2025-07-07,2025-07-11,20,若松,一般,２３１　２４４２[３],2025-04-24,2025-04-29,20,若松,一般,１５３　４１２２１３２４,2024-12-31,2025-01-06,20,若松,一般,３エ５１,2024-12-03,2024-12-08,20,若松,ＧⅢ,２１１　２１４２３２[６],2024-08-15,2024-08-20,20,若松,一般,２６４１１１１２２３４４,5373,,,,,,,,,,,,,,,,,,,,,,,,,,,,,,,
202609142007,2026-09-14,20,07R,4529,嶋 義信,2025-07-14,2025-07-17,20,若松,一般,４　５４６４１５,2025-03-17,2025-03-22,20,若松,一般,２　１５４４２,2024-03-01,2024-03-07,20,若松,一般,５３６　２４１　３３２４４２,2023-10-23,2023-10-27,20,若松,一般,３　１５１５３３４１,2022-10-24,2022-10-29,20,若松,一般,５２３　６　３４４２５６,5248,本田 愛,2026-01-18,2026-01-22,20,若松,一般,３　３５６５３　４２,2025-09-14,2025-09-19,20,若松,一般,６　６５６　５６１　２３,2025-05-12,2025-05-15,20,若松,一般,２４６　６２３,2025-02-01,2025-02-07,20,若松,一般,６　３６２６６　　　６２,,,,,,,4396,大田 直弥,2026-01-25,2026-01-28,20,若松,一般,３２３３５５１１,2025-07-22,2025-07-28,20,若松,一般,２３５　３３３６　　落,2025-03-17,2025-03-22,20,若松,一般,４４３　２５２,2024-12-12,2024-12-15,20,若松,一般,２２５　６４６６,2024-07-20,2024-07-26,20,若松,一般,５４３　２１４　６５２３５,3175,渡辺 千草,2023-06-17,2023-06-22,20,若松,ＧⅢ,４３３　２５２２６５１６,2022-07-24,2022-07-29,20,若松,ＧⅢ,１３２５２１４　３２[５],2022-02-01,2022-02-06,20,若松,一般,４４２　４　３５２６１５,2020-09-14,2020-09-19,20,若松,ＧⅢ,６　２３１　３４５４１３,2020-04-30,2020-05-05,20,若松,一般,３３２４５　２３３　６３,5468,,,,,,,,,,,,,,,,,,,,,,,,,,,,,,,,4551,三川 昂暁,2025-09-22,2025-09-25,20,若松,一般,４　１２３６１４,2025-07-14,2025-07-17,20,若松,一般,５　４４５２４,2024-09-10,2024-09-14,20,若松,一般,４１３４２　６２[欠],2024-04-09,2024-04-14,20,若松,一般,３　４５４４５３６３３,2023-01-08,2023-01-11,20,若松,一般,１５５　４４５１
202609142008,2026-09-14,20,08R,5085,中村 栄治,2026-01-08,2026-01-13,20,若松,一般,５　３４２３３４１,2021-01-10,2021-01-15,20,若松,一般,５F６　３　５　６　４,2020-11-21,2020-11-25,20,若松,一般,３５６　３５６　６,,,,,,,,,,,,,4230,濱崎 直矢,2025-03-12,2025-03-15,20,若松,一般,１６１６１６３６,2024-12-12,2024-12-15,20,若松,一般,１６１　３２[６],2024-04-16,2024-04-21,20,若松,一般,５　１２２　５６１　３,2022-09-07,2022-09-13,20,若松,一般,６１３　６６２　２　３５６５,2019-10-12,2019-10-17,20,若松,ＧⅠ,３　６　４１３６６　４６,5219,森口 和紀,2026-06-18,2026-06-21,20,若松,一般,２　６１４５１５,2025-08-06,2025-08-12,20,若松,一般,３４１　５５３１５　３２,2023-06-07,2023-06-13,20,若松,一般,５　６　６２６　６　欠５転,,,,,,,,,,,,,4094,中島 真二,2026-03-10,2026-03-15,20,若松,ＧⅢ,５　６３１　３３６　１２,2025-08-06,2025-08-12,20,若松,一般,１　５６４６６　３　５４,2025-05-04,2025-05-09,20,若松,一般,１　３３１６４４３３１,2024-11-25,2024-11-28,20,若松,一般,３５　　５　５３,2024-04-25,2024-04-30,20,若松,一般,６４２　F　６　５　２６,3539,金子 順一,2025-05-04,2025-05-09,20,若松,一般,１　１４２６５　１,2024-07-20,2024-07-26,20,若松,一般,５　６４３　６６６　１２５２,2022-12-12,2022-12-16,20,若松,一般,２４４５F　４　６,2022-01-25,2022-01-28,20,若松,一般,１４６　３　４６,2021-10-24,2021-10-29,20,若松,一般,５５４　１４５　２４４２,5382,山下 心一,2026-06-28,2026-07-03,20,若松,一般,６６４　６　６欠６　５,2025-10-31,2025-11-05,20,若松,一般,５６６　５６６　欠,2025-04-24,2025-04-29,20,若松,一般,６　３５３　５５６６２３,2025-03-12,2025-03-15,20,若松,一般,６　６６６　６６,,,,,,
202609142009,2026-09-14,20,09R,3737,上平 真二,2025-11-07,2025-11-10,20,若松,一般,２１４５４１[３],2024-12-12,2024-12-15,20,若松,一般,１３３３２１[３],2023-04-18,2023-04-23,20,若松,ＧⅠ,３６２　４　３２６　３１,2023-02-28,2023-03-03,20,若松,一般,２１３１３１[２],2022-09-07,2022-09-13,20,若松,一般,１４１F３　１　２　３　１,4518,大須賀 友,2025-09-22,2025-09-25,20,若松,一般,６６３５３　２３,2024-03-11,2024-03-14,20,若松,一般,２１３２４不,2023-07-11,2023-07-16,20,若松,一般,３１３　２４２　６３２３,2022-09-26,2022-10-01,20,若松,一般,２　２４４２３５２４１３,2021-09-08,2021-09-14,20,若松,一般,５３５６２１３　４　１３６１,3833,中辻 博訓,2026-03-10,2026-03-15,20,若松,ＧⅢ,１５６　１６２３５４５３,2024-12-03,2024-12-08,20,若松,ＧⅢ,３３１３５１１　３１[４],2024-06-25,2024-07-01,20,若松,一般,４５２１２５１６６４１３２１,2023-09-15,2023-09-20,20,若松,一般,３６５６,2022-11-01,2022-11-04,20,若松,一般,６１２６４３５１,3388,今垣 光太郎,2026-02-15,2026-02-20,20,若松,ＧⅠ,３　３６６,2025-08-26,2025-08-31,20,若松,ＳＧ,３５５　４　５６６　５５,2024-10-28,2024-10-31,20,若松,一般,２５２１１６１５,2023-04-18,2023-04-23,20,若松,ＧⅠ,５　４１３　２１２　[６],2022-09-16,2022-09-23,20,若松,一般,３　２５欠欠,4873,蒲原 健太,2026-01-08,2026-01-13,20,若松,一般,４　６１４５３１２４,2025-09-29,2025-10-04,20,若松,一般,４３３２２　１３４６落欠,2025-03-17,2025-03-22,20,若松,一般,５２４　５５５,2024-08-26,2024-08-30,20,若松,一般,５４１,2023-10-23,2023-10-27,20,若松,一般,１３４２６　２３４４,4014,片岡 恵里,2025-09-14,2025-09-19,20,若松,一般,３２２　２３５３５６１６,2025-06-19,2025-06-24,20,若松,ＧⅢ,３５４５１５５　２　３２,2025-02-26,2025-03-03,20,若松,一般,３４３３２３２５４３３２,2024-08-26,2024-08-30,20,若松,一般,３５２,2024-04-16,2024-04-21,20,若松,一般,４　１４６　６５３　２３
202609142010,2026-09-14,20,10R,4296,岡崎 恭裕,2025-07-07,2025-07-11,20,若松,一般,２３１　２４４２[３],2025-04-24,2025-04-29,20,若松,一般,１５３　４１２２１３２４,2024-12-31,2025-01-06,20,若松,一般,３エ５１,2024-12-03,2024-12-08,20,若松,ＧⅢ,２１１　２１４２３２[６],2024-08-15,2024-08-20,20,若松,一般,２６４１１１１２２３４４,4600,井内 将太郎,2025-05-23,2025-05-26,20,若松,一般,１３３　３６１４,2024-04-09,2024-04-14,20,若松,一般,３１６２６　１３１４１５,2022-09-07,2022-09-13,20,若松,一般,６　３１１　４３１２４２[５],2022-03-25,2022-03-29,20,若松,一般,５　１４５３４４２３,2021-10-14,2021-10-20,20,若松,一般,４５１　５２３３１２５　６３,4209,藤田 竜弘,2026-06-11,2026-06-15,20,若松,一般,４　１６５４４　４３,2025-11-14,2025-11-18,20,若松,一般,５５４　２５４　３,2024-06-02,2024-06-07,20,若松,一般,６　４２２２３４３４３４,2024-04-01,2024-04-06,20,若松,一般,５２１　転６５５４　３,2023-11-17,2023-11-23,20,若松,ＧⅢ,１５１　２４１２２５３１,4424,松尾 昂明,2026-01-01,2026-01-06,20,若松,一般,３　１５１２３５１６１３,2025-12-05,2025-12-10,20,若松,一般,１１１１５１４　３１[６],2025-09-22,2025-09-25,20,若松,一般,５３１　２１６４,2025-05-12,2025-05-15,20,若松,一般,５３１　２３４４,2024-12-03,2024-12-08,20,若松,ＧⅢ,５２１　３６３３１３６１,4373,若狭 奈美子,2026-01-18,2026-01-22,20,若松,一般,５　３４５３３３２２,2025-06-03,2025-06-08,20,若松,一般,４２３２２　１１４２[５],2023-05-31,2023-06-04,20,若松,一般,２４３　４２２４２１,2022-07-24,2022-07-29,20,若松,ＧⅢ,５４１２３４２　１５１４,2022-06-28,2022-07-01,20,若松,一般,５５４４６　５５,4085,荻野 裕介,2026-05-15,2026-05-20,20,若松,一般,５６２　４６１　６　４,2025-01-26,2025-01-30,20,若松,一般,３　　　４５,2024-07-20,2024-07-26,20,若松,一般,６６２　６　１６５　４　３,2024-01-30,2024-02-02,20,若松,一般,３　４３６３５,2021-07-23,2021-07-27,20,若松,一般,６　３４１５５４６２
202609142011,2026-09-14,20,11R,4357,田中 和也,2025-02-09,2025-02-12,20,若松,一般,１２２１１１[１],2024-04-09,2024-04-14,20,若松,一般,１３５　１２１５６１[２],2023-11-03,2023-11-08,20,若松,ＧⅠ,５　６４５　１２３　２３,2021-10-01,2021-10-06,20,若松,ＧⅢ,１２１４１　１３１２[２],2019-10-12,2019-10-17,20,若松,ＧⅠ,３　３　２２３４４　６５,4551,三川 昂暁,2025-09-22,2025-09-25,20,若松,一般,４　１２３６１４,2025-07-14,2025-07-17,20,若松,一般,５　４４５２４,2024-09-10,2024-09-14,20,若松,一般,４１３４２　６２[欠],2024-04-09,2024-04-14,20,若松,一般,３　４５４４５３６３３,2023-01-08,2023-01-11,20,若松,一般,１５５　４４５１,4529,嶋 義信,2025-07-14,2025-07-17,20,若松,一般,４　５４６４１５,2025-03-17,2025-03-22,20,若松,一般,２　１５４４２,2024-03-01,2024-03-07,20,若松,一般,５３６　２４１　３３２４４２,2023-10-23,2023-10-27,20,若松,一般,３　１５１５３３４１,2022-10-24,2022-10-29,20,若松,一般,５２３　６　３４４２５６,4484,稲生 夏季,2025-06-19,2025-06-24,20,若松,ＧⅢ,１１４　４　３４３５２２,2023-05-11,2023-05-16,20,若松,一般,５４４　２　３３４３３２,2022-05-23,2022-05-29,20,若松,一般,４　３６４３５　２　５４,2019-06-17,2019-06-22,20,若松,一般,４　４４３６５　１５３,2017-01-26,2017-01-30,20,若松,一般,５６５　６５５　６,3999,大瀧 明日香,2025-11-14,2025-11-18,20,若松,一般,１　２６５２６　２６,2025-05-04,2025-05-09,20,若松,一般,５　１４４５２２２,2024-04-16,2024-04-21,20,若松,一般,２１３４３５１　５５４１,2022-06-28,2022-07-01,20,若松,一般,４６３３５１３１,2019-07-28,2019-08-02,20,若松,一般,１　１１５２３５４５４４,4891,寺島 美里,2025-01-26,2025-01-30,20,若松,一般,２３　　２４,2022-07-24,2022-07-29,20,若松,ＧⅢ,５　１F５　５　６　５,2021-07-05,2021-07-09,20,若松,一般,６　５６５５５　３４,2018-01-13,2018-01-17,20,若松,一般,５　６５５　６６５,2017-05-14,2017-05-18,20,若松,一般,６　６６５　６６６
202609142012,2026-09-14,20,12R,4230,濱崎 直矢,2025-03-12,2025-03-15,20,若松,一般,１６１６１６３６,2024-12-12,2024-12-15,20,若松,一般,１６１　３２[６],2024-04-16,2024-04-21,20,若松,一般,５　１２２　５６１　３,2022-09-07,2022-09-13,20,若松,一般,６１３　６６２　２　３５６５,2019-10-12,2019-10-17,20,若松,ＧⅠ,３　６　４１３６６　４６,3175,渡辺 千草,2023-06-17,2023-06-22,20,若松,ＧⅢ,４３３　２５２２６５１６,2022-07-24,2022-07-29,20,若松,ＧⅢ,１３２５２１４　３２[５],2022-02-01,2022-02-06,20,若松,一般,４４２　４　３５２６１５,2020-09-14,2020-09-19,20,若松,ＧⅢ,６　２３１　３４５４１３,2020-04-30,2020-05-05,20,若松,一般,３３２４５　２３３　６３,5085,中村 栄治,2026-01-08,2026-01-13,20,若松,一般,５　３４２３３４１,2021-01-10,2021-01-15,20,若松,一般,５F６　３　５　６　４,2020-11-21,2020-11-25,20,若松,一般,３５６　３５６　６,,,,,,,,,,,,,4076,杉田 篤光,2025-06-13,2025-06-17,20,若松,一般,３４１２２　４４４３,2025-02-01,2025-02-07,20,若松,一般,２　４４F６５　４　５,2022-09-26,2022-10-01,20,若松,一般,４４１　１２４２２３１５,2020-11-08,2020-11-11,20,若松,一般,２６１５３６１５,2019-04-22,2019-04-26,20,若松,一般,１３２５６　２４３４,4204,柴田 大輔,2026-08-07,2026-08-12,20,若松,一般,１　５３４３１１３６３５,2025-12-05,2025-12-10,20,若松,一般,６　２２２　３２３４１６,2024-12-31,2025-01-06,20,若松,一般,６　４４３６５　４６１　５６,2024-08-15,2024-08-20,20,若松,一般,１４４　３５６２３　１２,2024-06-25,2024-07-01,20,若松,一般,５　２１３４２　３６４６１５,5263,花田 凱成,2025-08-15,2025-08-20,20,若松,一般,６６６　６３３　３　６６,2024-11-25,2024-11-28,20,若松,一般,６　３　２３３４,2024-02-23,2024-02-27,20,若松,一般,６　６　５５６　３５,2023-08-08,2023-08-15,20,若松,一般,６　欠６５　６６６　５５,2023-07-18,2023-07-24,20,若松,一般,　　　　　　　　　　６６１６
202609142101,2026-09-14,21,01R,3837,秋山 広一,2025-11-01,2025-11-05,21,芦屋,一般,３　３４３１１１[３],2024-07-14,2024-07-19,21,芦屋,一般,３５１２２５２　１１[５],2024-01-20,2024-01-24,21,芦屋,一般,１５４２１２１４１１,2023-02-28,2023-03-05,21,芦屋,ＧⅠ,６　２４４１２　転　５２,2022-11-08,2022-11-13,21,芦屋,一般,１　３４３４２６１４１２,5383,,,,,,,,,,,,,,,,,,,,,,,,,,,,,,,,4966,田川 大貴,2025-09-25,2025-09-30,21,芦屋,一般,１　６６４１６　２１４４,2025-06-15,2025-06-20,21,芦屋,ＧⅢ,２６１　３５４　３５４,2024-05-19,2024-05-23,21,芦屋,一般,４４６　３５６　１２,2023-03-09,2023-03-14,21,芦屋,一般,４　３６５２２　５２４３,2022-04-01,2022-04-05,21,芦屋,一般,４　４４２３３３４２,5317,長尾 萌加,2025-04-23,2025-04-27,21,芦屋,一般,６　６４３　４６５４,2024-09-18,2024-09-23,21,芦屋,一般,３５３　６６２　５　４４,,,,,,,,,,,,,,,,,,,5469,,,,,,,,,,,,,,,,,,,,,,,,,,,,,,,,5208,屋良 龍紀,2026-02-21,2026-02-26,21,芦屋,一般,５　３２２　４６４４４５,2024-11-16,2024-11-20,21,芦屋,一般,６２２３４　２３４３,2024-08-24,2024-08-29,21,芦屋,一般,６６５　５６３　４,2024-04-28,2024-05-03,21,芦屋,一般,６６６　４４６　６５５,2023-09-28,2023-10-03,21,芦屋,一般,　　　　　　　　　　６６
202609142102,2026-09-14,21,02R,4834,浜本 裕己,2026-04-03,2026-04-07,21,芦屋,一般,４　３２４６４　４１,2025-03-14,2025-03-18,21,芦屋,一般,３　５３６５５　５１,2024-11-05,2024-11-10,21,芦屋,一般,２４４　２５６　６３１,2023-05-05,2023-05-09,21,芦屋,一般,１４１　３６２６３５,2021-04-17,2021-04-21,21,芦屋,一般,３３５４６　３５２,3843,上之 晃弘,2025-11-18,2025-11-24,21,芦屋,一般,３　３３５　４５３　１１４５,2024-06-04,2024-06-09,21,芦屋,ＧⅢ,６　６１６３３６５　５３,2024-03-01,2024-03-06,21,芦屋,一般,３３１２２６５　６５３６,2023-09-28,2023-10-03,21,芦屋,一般,４５５　３４２５,2022-05-07,2022-05-12,21,芦屋,一般,１　３６３　２２４６２５,4840,鈴木 秀茉,2026-03-26,2026-03-31,21,芦屋,ＧⅢ,２２３　６　６５６５５,2024-10-25,2024-10-30,21,芦屋,一般,６　３５５　５６４　１３,2023-07-26,2023-07-31,21,芦屋,一般,２２３　３６２　５６３５,,,,,,,,,,,,,4437,中田 元泰,2025-09-10,2025-09-15,21,芦屋,一般,４２２１１３５　１１[２],2024-01-09,2024-01-14,21,芦屋,ＧⅢ,５２４　５２１１３３４３,2023-06-16,2023-06-21,21,芦屋,一般,４１３３１　３６５６５５,2023-02-19,2023-02-24,21,芦屋,一般,落欠,2022-12-25,2022-12-28,21,芦屋,一般,１２３１１１[５],3509,池 千夏,2026-05-06,2026-05-10,21,芦屋,一般,５　４６３６６４６,2025-05-25,2025-05-30,21,芦屋,ＧⅢ,６　５６５　５６６　２２,2025-01-11,2025-01-16,21,芦屋,ＧⅢ,４　５５２　６転,2021-02-06,2021-02-10,21,芦屋,一般,４５５　６６５　４４,2020-06-06,2020-06-09,21,芦屋,一般,４４５　６６４,5457,,,,,,,,,,,,,,,,,,,,,,,,,,,,,,,
202609142103,2026-09-14,21,03R,3541,三嶌 誠司,2026-05-06,2026-05-10,21,芦屋,一般,１４１２１２４２２１,2024-06-21,2024-06-26,21,芦屋,一般,３４１１４３２１１３２１,2023-09-07,2023-09-11,21,芦屋,一般,５１１　３６２４１５,2023-04-18,2023-04-21,21,芦屋,一般,１　５５２５１２,2022-11-08,2022-11-13,21,芦屋,一般,３３１５６２１２１３３１,3998,冨成 謙児,2026-06-15,2026-06-20,21,芦屋,一般,４　４６３２６２５　５４,2024-11-05,2024-11-10,21,芦屋,一般,３５４　４２６　３　３４,2024-10-12,2024-10-16,21,芦屋,一般,２　６１４３１６５６,2024-08-24,2024-08-29,21,芦屋,一般,２　５５３　５６４,2024-04-19,2024-04-24,21,芦屋,一般,２　５５５　２４１　５２,4850,野中 一平,2024-02-15,2024-02-18,21,芦屋,一般,１４３５１２[６],2020-12-21,2020-12-26,21,芦屋,一般,２２１２１１１１１１[１],2020-02-10,2020-02-15,21,芦屋,一般,１６１４２４３３１４１６,2018-09-06,2018-09-09,21,芦屋,一般,１１１１４１[１],2018-05-17,2018-05-22,21,芦屋,一般,６　５２３　３６３　６１,5447,,,,,,,,,,,,,,,,,,,,,,,,,,,,,,,,3473,石川 真二,2025-11-09,2025-11-14,21,芦屋,一般,１２２２２　３６２２[６],2025-03-14,2025-03-18,21,芦屋,一般,２１３２２　２４２２,2024-12-14,2024-12-19,21,芦屋,ＧⅢ,３３５　１５３３３５５１,2024-09-05,2024-09-10,21,芦屋,一般,４　１４２３２２２５２５,2024-06-21,2024-06-26,21,芦屋,一般,５１１２４１３２２２[５],5143,常盤 海心,2026-06-03,2026-06-08,21,芦屋,一般,４　２３４　４６４４２,2025-04-23,2025-04-27,21,芦屋,一般,１４４　３４４　５３,2025-03-22,2025-03-27,21,芦屋,一般,６　５６６　４５６　２３,2024-12-04,2024-12-08,21,芦屋,一般,４　５３１　３６６２,,,,,,
202609142104,2026-09-14,21,04R,4384,鶴本 崇文,2025-09-10,2025-09-15,21,芦屋,一般,１　２５１２不３３３１３,2025-04-23,2025-04-27,21,芦屋,一般,１２３３２　３２[２],2023-09-07,2023-09-11,21,芦屋,一般,３　５４１１３５１４,2022-04-01,2022-04-05,21,芦屋,一般,１４３　５２２２[１],2020-05-10,2020-05-15,21,芦屋,ＧⅠ,５　５　４４１　２５３６,4744,伊藤 玲奈,2024-07-25,2024-07-28,21,芦屋,一般,６　６６,2024-05-09,2024-05-12,21,芦屋,一般,４６４　５３４,2023-11-09,2023-11-14,21,芦屋,ＧⅢ,６６４　５３５３４　４５,2022-04-08,2022-04-13,21,芦屋,一般,４　２５２　５５４　２F,2019-10-01,2019-10-06,21,芦屋,一般,６　４４５　３５６　５６,4408,仁科 さやか,2021-06-29,2021-07-04,21,芦屋,一般,５　５６６　６６４４６,2016-12-25,2016-12-28,21,芦屋,一般,３　５６エ欠,2014-09-11,2014-09-16,21,芦屋,ＧⅢ,４６３　４６６２４　５５,2014-03-27,2014-03-31,21,芦屋,一般,５　４２５　５１１,2013-10-05,2013-10-11,21,芦屋,ＧⅢ,４　３４１　６１５　２３,4638,小林 遼太,2026-04-25,2026-04-30,21,芦屋,一般,５　６４２２２　６　３６,2025-08-16,2025-08-21,21,芦屋,一般,５　５１３　１６６４４,2025-03-22,2025-03-27,21,芦屋,一般,４　２１２６４　４６６５,2024-02-15,2024-02-18,21,芦屋,一般,３　３４３３２６,2023-10-09,2023-10-14,21,芦屋,一般,２５５　４４１　５　６２,5261,岡 暢祐,2025-11-09,2025-11-14,21,芦屋,一般,５６６　５　３５１　６５,2025-03-14,2025-03-18,21,芦屋,一般,６　２４４５４　５４,2023-12-16,2023-12-21,21,芦屋,一般,６　５６５　６６４　６６,2023-02-19,2023-02-24,21,芦屋,一般,F６６　６　５　５５６,,,,,,,5160,藤森 陸斗,2025-08-30,2025-09-04,21,芦屋,一般,５　３６６　５５４　３３,2025-05-01,2025-05-06,21,芦屋,一般,３１２　１２２１４１[５],2025-03-03,2025-03-08,21,芦屋,一般,６　５１２　４１２６５３,2024-11-23,2024-11-28,21,芦屋,一般,６２３５３　１　３３６３,2023-10-21,2023-10-25,21,芦屋,一般,１４５　５５５　４６
202609142105,2026-09-14,21,05R,4771,下寺 秀和,2025-11-01,2025-11-05,21,芦屋,一般,２５４１１　２２[６],2024-11-16,2024-11-20,21,芦屋,一般,４３４３１　１６１２,2024-04-19,2024-04-24,21,芦屋,一般,１４１　５２１４４６６４,2023-12-06,2023-12-11,21,芦屋,ＧⅠ,　　　　　　５５４　５,2023-08-26,2023-08-31,21,芦屋,一般,１３２４３１１　１１[５],4092,岡部 大輔,2025-05-11,2025-05-16,21,芦屋,一般,５　５３５　２１４６４,2024-10-12,2024-10-16,21,芦屋,一般,１３１５６　２６５３,2024-03-01,2024-03-06,21,芦屋,一般,５５１６６２１　４１１,2023-10-31,2023-11-05,21,芦屋,一般,２６３　１６５２２６１４,2023-05-12,2023-05-16,21,芦屋,一般,２３５,4389,伊藤 喜智,2026-03-12,2026-03-17,21,芦屋,一般,５　３５４６４　２　１４,2025-04-23,2025-04-27,21,芦屋,一般,５　５１２２３５３６,2024-11-05,2024-11-10,21,芦屋,一般,３　５５３５５　４　４３,2024-09-05,2024-09-10,21,芦屋,一般,２３５　２２４４６　２２,2024-05-09,2024-05-12,21,芦屋,一般,５３４　２６６,4652,酒見 峻介,2025-01-23,2025-01-28,21,芦屋,一般,１６５　１４１３１４１３,2024-11-05,2024-11-10,21,芦屋,一般,３　４２１３２２２３３１,2023-04-01,2023-04-06,21,芦屋,一般,１２５　２６４　５１１１,2022-03-21,2022-03-25,21,芦屋,一般,５　１２４３１４１４,2020-10-09,2020-10-12,21,芦屋,一般,４　４４３　２３,4853,前原 哉,2026-02-21,2026-02-26,21,芦屋,一般,５３３　６６５　４６６,2025-01-11,2025-01-16,21,芦屋,ＧⅢ,５　３５４　５４６　３１,2023-01-10,2023-01-15,21,芦屋,一般,５４４　２３６　４３６２,2021-08-25,2021-08-30,21,芦屋,一般,５　２５５１４３６４,2020-12-07,2020-12-12,21,芦屋,一般,転４６　５３４　妨６５,4020,川上 清人,2025-11-18,2025-11-24,21,芦屋,一般,５　６２５　６５３　５４３,2022-12-10,2022-12-14,21,芦屋,一般,３５３　４６５　６,2022-10-11,2022-10-16,21,芦屋,一般,４　５４６　６２６　２３,2020-08-05,2020-08-10,21,芦屋,一般,５　４４４３３４１　５４,2020-03-24,2020-03-27,21,芦屋,一般,１　５２５２[L]
202609142106,2026-09-14,21,06R,5208,屋良 龍紀,2026-02-21,2026-02-26,21,芦屋,一般,５　３２２　４６４４４５,2024-11-16,2024-11-20,21,芦屋,一般,６２２３４　２３４３,2024-08-24,2024-08-29,21,芦屋,一般,６６５　５６３　４,2024-04-28,2024-05-03,21,芦屋,一般,６６６　４４６　６５５,2023-09-28,2023-10-03,21,芦屋,一般,　　　　　　　　　　６６,4443,津田 裕絵,2026-05-06,2026-05-10,21,芦屋,一般,６　２１３５４２４１,2026-03-12,2026-03-17,21,芦屋,一般,５　５４６２３１４　１１,2024-09-05,2024-09-10,21,芦屋,一般,２２３　２３６５３　１２,2024-02-22,2024-02-26,21,芦屋,一般,２６３　６６５　５,2023-11-09,2023-11-14,21,芦屋,ＧⅢ,５　５４３２１４４３２５,3357,福島 陽子,2025-11-29,2025-12-04,21,芦屋,一般,６　２６３　２４３　５５,2025-05-25,2025-05-30,21,芦屋,ＧⅢ,６　４３５　４３２　５２,2025-01-11,2025-01-16,21,芦屋,ＧⅢ,６５５　６６３　２６５,2024-07-02,2024-07-07,21,芦屋,一般,４　５６６　５６３　６６,2023-11-09,2023-11-14,21,芦屋,ＧⅢ,６３３　４６,4861,田中 宏樹,2026-06-15,2026-06-20,21,芦屋,一般,３２４１６　３３４６３４,2026-04-25,2026-04-30,21,芦屋,一般,５１３　３６４　５６２,2026-03-26,2026-03-31,21,芦屋,ＧⅢ,４４３　２１５　５３１２,2025-08-30,2025-09-04,21,芦屋,一般,６３５　６６１　２　２２,2024-10-12,2024-10-16,21,芦屋,一般,６　６３５１２　２５,3843,上之 晃弘,2025-11-18,2025-11-24,21,芦屋,一般,３　３３５　４５３　１１４５,2024-06-04,2024-06-09,21,芦屋,ＧⅢ,６　６１６３３６５　５３,2024-03-01,2024-03-06,21,芦屋,一般,３３１２２６５　６５３６,2023-09-28,2023-10-03,21,芦屋,一般,４５５　３４２５,2022-05-07,2022-05-12,21,芦屋,一般,１　３６３　２２４６２５,5469,,,,,,,,,,,,,,,,,,,,,,,,,,,,,,,
202609142107,2026-09-14,21,07R,4840,鈴木 秀茉,2026-03-26,2026-03-31,21,芦屋,ＧⅢ,２２３　６　６５６５５,2024-10-25,2024-10-30,21,芦屋,一般,６　３５５　５６４　１３,2023-07-26,2023-07-31,21,芦屋,一般,２２３　３６２　５６３５,,,,,,,,,,,,,4521,小池 公生,2025-10-23,2025-10-28,21,芦屋,一般,２　２２２５４,2025-05-01,2025-05-06,21,芦屋,一般,４３１　３４６３２５３,2025-03-22,2025-03-27,21,芦屋,一般,F　３　５６３　４　６６,2024-10-25,2024-10-30,21,芦屋,一般,　　　　　　　　　　２５,2024-08-10,2024-08-15,21,芦屋,一般,２　３２３　４３６５２３,3509,池 千夏,2026-05-06,2026-05-10,21,芦屋,一般,５　４６３６６４６,2025-05-25,2025-05-30,21,芦屋,ＧⅢ,６　５６５　５６６　２２,2025-01-11,2025-01-16,21,芦屋,ＧⅢ,４　５５２　６転,2021-02-06,2021-02-10,21,芦屋,一般,４５５　６６５　４４,2020-06-06,2020-06-09,21,芦屋,一般,４４５　６６４,5383,,,,,,,,,,,,,,,,,,,,,,,,,,,,,,,,5317,長尾 萌加,2025-04-23,2025-04-27,21,芦屋,一般,６　６４３　４６５４,2024-09-18,2024-09-23,21,芦屋,一般,３５３　６６２　５　４４,,,,,,,,,,,,,,,,,,,5447,,,,,,,,,,,,,,,,,,,,,,,,,,,,,,,
202609142108,2026-09-14,21,08R,5143,常盤 海心,2026-06-03,2026-06-08,21,芦屋,一般,４　２３４　４６４４２,2025-04-23,2025-04-27,21,芦屋,一般,１４４　３４４　５３,2025-03-22,2025-03-27,21,芦屋,一般,６　５６６　４５６　２３,2024-12-04,2024-12-08,21,芦屋,一般,４　５３１　３６６２,,,,,,,5261,岡 暢祐,2025-11-09,2025-11-14,21,芦屋,一般,５６６　５　３５１　６５,2025-03-14,2025-03-18,21,芦屋,一般,６　２４４５４　５４,2023-12-16,2023-12-21,21,芦屋,一般,６　５６５　６６４　６６,2023-02-19,2023-02-24,21,芦屋,一般,F６６　６　５　５５６,,,,,,,4834,浜本 裕己,2026-04-03,2026-04-07,21,芦屋,一般,４　３２４６４　４１,2025-03-14,2025-03-18,21,芦屋,一般,３　５３６５５　５１,2024-11-05,2024-11-10,21,芦屋,一般,２４４　２５６　６３１,2023-05-05,2023-05-09,21,芦屋,一般,１４１　３６２６３５,2021-04-17,2021-04-21,21,芦屋,一般,３３５４６　３５２,4744,伊藤 玲奈,2024-07-25,2024-07-28,21,芦屋,一般,６　６６,2024-05-09,2024-05-12,21,芦屋,一般,４６４　５３４,2023-11-09,2023-11-14,21,芦屋,ＧⅢ,６６４　５３５３４　４５,2022-04-08,2022-04-13,21,芦屋,一般,４　２５２　５５４　２F,2019-10-01,2019-10-06,21,芦屋,一般,６　４４５　３５６　５６,5457,,,,,,,,,,,,,,,,,,,,,,,,,,,,,,,,3473,石川 真二,2025-11-09,2025-11-14,21,芦屋,一般,１２２２２　３６２２[６],2025-03-14,2025-03-18,21,芦屋,一般,２１３２２　２４２２,2024-12-14,2024-12-19,21,芦屋,ＧⅢ,３３５　１５３３３５５１,2024-09-05,2024-09-10,21,芦屋,一般,４　１４２３２２２５２５,2024-06-21,2024-06-26,21,芦屋,一般,５１１２４１３２２２[５]
202609142109,2026-09-14,21,09R,4652,酒見 峻介,2025-01-23,2025-01-28,21,芦屋,一般,１６５　１４１３１４１３,2024-11-05,2024-11-10,21,芦屋,一般,３　４２１３２２２３３１,2023-04-01,2023-04-06,21,芦屋,一般,１２５　２６４　５１１１,2022-03-21,2022-03-25,21,芦屋,一般,５　１２４３１４１４,2020-10-09,2020-10-12,21,芦屋,一般,４　４４３　２３,5160,藤森 陸斗,2025-08-30,2025-09-04,21,芦屋,一般,５　３６６　５５４　３３,2025-05-01,2025-05-06,21,芦屋,一般,３１２　１２２１４１[５],2025-03-03,2025-03-08,21,芦屋,一般,６　５１２　４１２６５３,2024-11-23,2024-11-28,21,芦屋,一般,６２３５３　１　３３６３,2023-10-21,2023-10-25,21,芦屋,一般,１４５　５５５　４６,3998,冨成 謙児,2026-06-15,2026-06-20,21,芦屋,一般,４　４６３２６２５　５４,2024-11-05,2024-11-10,21,芦屋,一般,３５４　４２６　３　３４,2024-10-12,2024-10-16,21,芦屋,一般,２　６１４３１６５６,2024-08-24,2024-08-29,21,芦屋,一般,２　５５３　５６４,2024-04-19,2024-04-24,21,芦屋,一般,２　５５５　２４１　５２,4966,田川 大貴,2025-09-25,2025-09-30,21,芦屋,一般,１　６６４１６　２１４４,2025-06-15,2025-06-20,21,芦屋,ＧⅢ,２６１　３５４　３５４,2024-05-19,2024-05-23,21,芦屋,一般,４４６　３５６　１２,2023-03-09,2023-03-14,21,芦屋,一般,４　３６５２２　５２４３,2022-04-01,2022-04-05,21,芦屋,一般,４　４４２３３３４２,4384,鶴本 崇文,2025-09-10,2025-09-15,21,芦屋,一般,１　２５１２不３３３１３,2025-04-23,2025-04-27,21,芦屋,一般,１２３３２　３２[２],2023-09-07,2023-09-11,21,芦屋,一般,３　５４１１３５１４,2022-04-01,2022-04-05,21,芦屋,一般,１４３　５２２２[１],2020-05-10,2020-05-15,21,芦屋,ＧⅠ,５　５　４４１　２５３６,4853,前原 哉,2026-02-21,2026-02-26,21,芦屋,一般,５３３　６６５　４６６,2025-01-11,2025-01-16,21,芦屋,ＧⅢ,５　３５４　５４６　３１,2023-01-10,2023-01-15,21,芦屋,一般,５４４　２３６　４３６２,2021-08-25,2021-08-30,21,芦屋,一般,５　２５５１４３６４,2020-12-07,2020-12-12,21,芦屋,一般,転４６　５３４　妨６５
202609142110,2026-09-14,21,10R,4437,中田 元泰,2025-09-10,2025-09-15,21,芦屋,一般,４２２１１３５　１１[２],2024-01-09,2024-01-14,21,芦屋,ＧⅢ,５２４　５２１１３３４３,2023-06-16,2023-06-21,21,芦屋,一般,４１３３１　３６５６５５,2023-02-19,2023-02-24,21,芦屋,一般,落欠,2022-12-25,2022-12-28,21,芦屋,一般,１２３１１１[５],4638,小林 遼太,2026-04-25,2026-04-30,21,芦屋,一般,５　６４２２２　６　３６,2025-08-16,2025-08-21,21,芦屋,一般,５　５１３　１６６４４,2025-03-22,2025-03-27,21,芦屋,一般,４　２１２６４　４６６５,2024-02-15,2024-02-18,21,芦屋,一般,３　３４３３２６,2023-10-09,2023-10-14,21,芦屋,一般,２５５　４４１　５　６２,4092,岡部 大輔,2025-05-11,2025-05-16,21,芦屋,一般,５　５３５　２１４６４,2024-10-12,2024-10-16,21,芦屋,一般,１３１５６　２６５３,2024-03-01,2024-03-06,21,芦屋,一般,５５１６６２１　４１１,2023-10-31,2023-11-05,21,芦屋,一般,２６３　１６５２２６１４,2023-05-12,2023-05-16,21,芦屋,一般,２３５,3837,秋山 広一,2025-11-01,2025-11-05,21,芦屋,一般,３　３４３１１１[３],2024-07-14,2024-07-19,21,芦屋,一般,３５１２２５２　１１[５],2024-01-20,2024-01-24,21,芦屋,一般,１５４２１２１４１１,2023-02-28,2023-03-05,21,芦屋,ＧⅠ,６　２４４１２　転　５２,2022-11-08,2022-11-13,21,芦屋,一般,１　３４３４２６１４１２,4389,伊藤 喜智,2026-03-12,2026-03-17,21,芦屋,一般,５　３５４６４　２　１４,2025-04-23,2025-04-27,21,芦屋,一般,５　５１２２３５３６,2024-11-05,2024-11-10,21,芦屋,一般,３　５５３５５　４　４３,2024-09-05,2024-09-10,21,芦屋,一般,２３５　２２４４６　２２,2024-05-09,2024-05-12,21,芦屋,一般,５３４　２６６,4443,津田 裕絵,2026-05-06,2026-05-10,21,芦屋,一般,６　２１３５４２４１,2026-03-12,2026-03-17,21,芦屋,一般,５　５４６２３１４　１１,2024-09-05,2024-09-10,21,芦屋,一般,２２３　２３６５３　１２,2024-02-22,2024-02-26,21,芦屋,一般,２６３　６６５　５,2023-11-09,2023-11-14,21,芦屋,ＧⅢ,５　５４３２１４４３２５
202609142111,2026-09-14,21,11R,4850,野中 一平,2024-02-15,2024-02-18,21,芦屋,一般,１４３５１２[６],2020-12-21,2020-12-26,21,芦屋,一般,２２１２１１１１１１[１],2020-02-10,2020-02-15,21,芦屋,一般,１６１４２４３３１４１６,2018-09-06,2018-09-09,21,芦屋,一般,１１１１４１[１],2018-05-17,2018-05-22,21,芦屋,一般,６　５２３　３６３　６１,3541,三嶌 誠司,2026-05-06,2026-05-10,21,芦屋,一般,１４１２１２４２２１,2024-06-21,2024-06-26,21,芦屋,一般,３４１１４３２１１３２１,2023-09-07,2023-09-11,21,芦屋,一般,５１１　３６２４１５,2023-04-18,2023-04-21,21,芦屋,一般,１　５５２５１２,2022-11-08,2022-11-13,21,芦屋,一般,３３１５６２１２１３３１,4861,田中 宏樹,2026-06-15,2026-06-20,21,芦屋,一般,３２４１６　３３４６３４,2026-04-25,2026-04-30,21,芦屋,一般,５１３　３６４　５６２,2026-03-26,2026-03-31,21,芦屋,ＧⅢ,４４３　２１５　５３１２,2025-08-30,2025-09-04,21,芦屋,一般,６３５　６６１　２　２２,2024-10-12,2024-10-16,21,芦屋,一般,６　６３５１２　２５,4521,小池 公生,2025-10-23,2025-10-28,21,芦屋,一般,２　２２２５４,2025-05-01,2025-05-06,21,芦屋,一般,４３１　３４６３２５３,2025-03-22,2025-03-27,21,芦屋,一般,F　３　５６３　４　６６,2024-10-25,2024-10-30,21,芦屋,一般,　　　　　　　　　　２５,2024-08-10,2024-08-15,21,芦屋,一般,２　３２３　４３６５２３,4771,下寺 秀和,2025-11-01,2025-11-05,21,芦屋,一般,２５４１１　２２[６],2024-11-16,2024-11-20,21,芦屋,一般,４３４３１　１６１２,2024-04-19,2024-04-24,21,芦屋,一般,１４１　５２１４４６６４,2023-12-06,2023-12-11,21,芦屋,ＧⅠ,　　　　　　５５４　５,2023-08-26,2023-08-31,21,芦屋,一般,１３２４３１１　１１[５],4408,仁科 さやか,2021-06-29,2021-07-04,21,芦屋,一般,５　５６６　６６４４６,2016-12-25,2016-12-28,21,芦屋,一般,３　５６エ欠,2014-09-11,2014-09-16,21,芦屋,ＧⅢ,４６３　４６６２４　５５,2014-03-27,2014-03-31,21,芦屋,一般,５　４２５　５１１,2013-10-05,2013-10-11,21,芦屋,ＧⅢ,４　３４１　６１５　２３
202609142112,2026-09-14,21,12R,4812,西野 雄貴,2026-03-12,2026-03-17,21,芦屋,一般,１４１１３３１　４１[２],2025-09-10,2025-09-15,21,芦屋,一般,１３１２１２２　２１[１],2025-02-22,2025-02-27,21,芦屋,一般,３　４３６３２６２　４,2024-07-25,2024-07-28,21,芦屋,一般,２１２　２１[１],2022-06-28,2022-07-03,21,芦屋,ＧⅡ,３１４　６２１　２５５,4848,仲谷 颯仁,2026-05-15,2026-05-20,21,芦屋,ＧⅠ,１３２　５　５５２　４４,2026-01-12,2026-01-17,21,芦屋,ＧⅠ,５４１　１　５４４４２,2025-12-29,2026-01-03,21,芦屋,一般,４２２１１　１F転,2024-12-29,2025-01-03,21,芦屋,一般,４４１　１２１１６１[２],2024-08-10,2024-08-15,21,芦屋,一般,１２４２４１３　１５５１,4261,岡 祐臣,2024-07-02,2024-07-07,21,芦屋,一般,１　１１２６１１４２[４],2024-03-11,2024-03-17,21,芦屋,一般,２６６　２６１５４６,2023-06-25,2023-06-30,21,芦屋,一般,３１４４１６４３６１[３],2020-04-22,2020-04-26,21,芦屋,一般,３５２２３１３６１４,2017-03-04,2017-03-08,21,芦屋,一般,２６４１１３２５１２,4330,奈須 啓太,2026-02-21,2026-02-26,21,芦屋,一般,３４５　５２１６１　２２,2025-08-30,2025-09-04,21,芦屋,一般,２２１２５　１３６５６２,2025-05-01,2025-05-06,21,芦屋,一般,６　４１５　１３４１３１,2025-02-14,2025-02-17,21,芦屋,一般,４　２１３３３６,2025-02-04,2025-02-09,21,芦屋,一般,５　３１４１３２４１[１],4137,君島 秀三,2026-04-03,2026-04-07,21,芦屋,一般,２　１６１４１３２１,2025-07-01,2025-07-06,21,芦屋,一般,１４２２１１６　１２[３],2024-10-19,2024-10-22,21,芦屋,一般,１６１４１３３１,2024-04-11,2024-04-16,21,芦屋,一般,１６２５１　１４２６１６,2023-07-16,2023-07-21,21,芦屋,一般,２　１１３５１１２１[２],4793,金子 萌,2025-11-01,2025-11-05,21,芦屋,一般,４６３　１１５２[５],2025-05-11,2025-05-16,21,芦屋,一般,４　４６２４１１１５５２,2023-04-18,2023-04-21,21,芦屋,一般,５６２４３　６２,2022-01-21,2022-01-26,21,芦屋,ＧⅠ,２　２６１　３　６　３４,2019-12-06,2019-12-10,21,芦屋,一般,４　４６４３４　２２
202609142201,2026-09-14,22,01R,4475,末永 祐輝,2026-03-22,2026-03-27,22,福岡,一般,１　４５３２１４２３１３,2025-09-01,2025-09-06,22,福岡,一般,１　５２１２４４１１[１],2025-03-22,2025-03-27,22,福岡,一般,４３５　４５欠欠,2022-03-24,2022-03-29,22,福岡,一般,１　５５３１２４１４３２,2022-02-24,2022-03-01,22,福岡,一般,５２５５５３２　５４３５,3801,五反田 忍,2026-06-12,2026-06-17,22,福岡,ＧⅢ,６　３６４　６５６　１５,2024-11-19,2024-11-24,22,福岡,一般,３４６　６４５　１　６４,2021-12-26,2021-12-31,22,福岡,ＧⅠ,１２１６４　４　５　５３,2020-09-02,2020-09-08,22,福岡,ＧⅢ,４１３３６　６５　　４６,2019-10-08,2019-10-13,22,福岡,ＧⅢ,４２６　４１２２１５１４,4693,松下 誉士,2026-04-20,2026-04-25,22,福岡,一般,６　１２４　２６２　２６,2025-10-28,2025-11-02,22,福岡,一般,５５３　３６５　２　４３,2025-01-03,2025-01-09,22,福岡,一般,５４５　６４２　２　３３４３,2024-09-15,2024-09-20,22,福岡,一般,　　　　　　　　　　６５,2024-07-02,2024-07-07,22,福岡,一般,２落,4059,入澤 友治,2025-10-28,2025-11-02,22,福岡,一般,１２１　１４５５１１[５],2024-08-28,2024-09-03,22,福岡,一般,１６４５４　４２１２,2023-06-03,2023-06-08,22,福岡,一般,３６１　３６２４１５１６,2022-12-10,2022-12-15,22,福岡,一般,５　６３４　２２３２４５,2020-03-14,2020-03-19,22,福岡,一般,４５エ,5386,米玉利 大悟,2026-06-22,2026-06-27,22,福岡,一般,２　５６５５５　５５６４,,,,,,,,,,,,,,,,,,,,,,,,,5392,安武 一也,2026-07-10,2026-07-15,22,福岡,一般,６　６５６　４６５　３３,2026-04-29,2026-05-04,22,福岡,一般,エ　６６５　５　６５４,2026-02-28,2026-03-05,22,福岡,一般,６　６５５　６L５５６５,2025-10-01,2025-10-06,22,福岡,一般,　　　　　　　　　　６５,2025-07-02,2025-07-07,22,福岡,一般,６　６６５　６６６５６６
202609142202,2026-09-14,22,02R,3696,白井 友晴,2024-05-14,2024-05-19,22,福岡,一般,１２１　６３転６２２１５,2023-10-22,2023-10-27,22,福岡,一般,４４２　４２４　３５４２,2019-11-19,2019-11-24,22,福岡,一般,２　５３１　５４３３５１,2019-05-11,2019-05-16,22,福岡,一般,１４２　３４２４１３４４,2018-07-08,2018-07-11,22,福岡,一般,６３３　２３,4951,新田 洋一,2026-04-20,2026-04-25,22,福岡,一般,２４１　５５３　５３３２,2025-08-21,2025-08-26,22,福岡,一般,２２５　２５３　３６１４,2025-03-22,2025-03-27,22,福岡,一般,３５１　５３１　３６F４,2021-11-30,2021-12-05,22,福岡,ＧⅢ,４　５４６　６３１６３１,2021-08-31,2021-09-05,22,福岡,一般,６３２　４４４　２妨,4630,岩永 雅人,2025-09-21,2025-09-26,22,福岡,ＧⅢ,３２６　５５４２２　５２,2024-05-23,2024-05-28,22,福岡,一般,５６３１２３２　１５３５,2021-12-09,2021-12-13,22,福岡,一般,４３３　２４１５２６,2018-03-04,2018-03-09,22,福岡,一般,３１２５６　２４４５３２,2017-09-16,2017-09-20,22,福岡,一般,１５３　４４３５,4590,渡邉 優美,2026-04-11,2026-04-16,22,福岡,ＧⅠ,２６４　３　４３４４１,2026-03-10,2026-03-15,22,福岡,一般,２　４１１６３３３６１５,2026-01-03,2026-01-08,22,福岡,一般,４６４　１２３６１３４１,2025-11-25,2025-11-30,22,福岡,ＳＧ,２　２２２　４　４３２,2025-01-14,2025-01-19,22,福岡,一般,１３３　１３２１２１[２],3605,中村 守成,2025-04-04,2025-04-09,22,福岡,一般,エ　１５６　２４６　１３,2023-10-31,2023-11-05,22,福岡,一般,２２３　１４６４１４１３,2022-05-26,2022-05-29,22,福岡,一般,１４３　３６４５,2019-02-26,2019-03-03,22,福岡,一般,５１３　１４４　４４１１,2017-07-20,2017-07-25,22,福岡,ＧⅢ,３５４　３１３３１３４３,5428,古園井 綾南,2026-04-20,2026-04-25,22,福岡,一般,転　６　６６６　６６５,2025-11-15,2025-11-20,22,福岡,一般,６　６６６６６　６　６６,,,,,,,,,,,,,,,,,,
202609142203,2026-09-14,22,03R,3614,谷 勝幸,2025-10-01,2025-10-06,22,福岡,一般,１　３５５　２５２２１２,2024-07-13,2024-07-18,22,福岡,一般,６５２　４２６　３６６,2023-12-01,2023-12-06,22,福岡,ＧⅢ,４３６　６５５　２５６,2023-03-26,2023-03-31,22,福岡,一般,４　２６２　４４５６５６,2022-11-22,2022-11-27,22,福岡,一般,４３４　４３２　４３２４,4813,宮内 直哉,2025-06-08,2025-06-13,22,福岡,一般,４５１　４２４　４４５５,2023-12-01,2023-12-06,22,福岡,ＧⅢ,５　２１４　３２１５６６,2022-11-03,2022-11-08,22,福岡,一般,２　４５１　３５２３６５,2018-11-23,2018-11-28,22,福岡,一般,転６６　１４２　３２４,2017-09-23,2017-09-28,22,福岡,一般,６１５　６６１　６　６１,4856,豊田 健士郎,2025-04-13,2025-04-18,22,福岡,ＧⅠ,５３６　１　５５５　２,2024-11-05,2024-11-10,22,福岡,一般,３２２２４　１４３２[６],2023-03-17,2023-03-22,22,福岡,一般,１１１２１１１２１１[１],2022-11-13,2022-11-18,22,福岡,ＧⅠ,５　５１２　３３３１４,2019-04-04,2019-04-09,22,福岡,一般,１３２　１３３５２３１５,4592,小林 孝弘,2026-06-22,2026-06-27,22,福岡,一般,６　２２５４３　３２３３,2025-12-25,2025-12-30,22,福岡,一般,１６３　４５２６３６２１,2025-08-21,2025-08-26,22,福岡,一般,３６３　６　６４６　５２,2025-06-08,2025-06-13,22,福岡,一般,２　５５４　４１３　５３,2025-01-14,2025-01-19,22,福岡,一般,３６２　５６５３６　６６,5462,,,,,,,,,,,,,,,,,,,,,,,,,,,,,,,,3807,岡部 哲,2026-01-26,2026-01-31,22,福岡,一般,５６３　６　５５６　４５,2024-11-28,2024-12-03,22,福岡,一般,５３１　６４６　６１２３,2023-10-31,2023-11-05,22,福岡,一般,４４２５５　４６６４６,2022-11-03,2022-11-08,22,福岡,一般,４３１　６５４２１４３４,2020-09-11,2020-09-16,22,福岡,一般,４　３４３５５　６４２５
202609142204,2026-09-14,22,04R,5395,日高 龍之介,2025-10-01,2025-10-06,22,福岡,一般,６５６５５　５　６落６,,,,,,,,,,,,,,,,,,,,,,,,,5125,高井 雄基,2025-11-06,2025-11-11,22,福岡,一般,２６３２４　３１６３１３,2024-11-05,2024-11-10,22,福岡,一般,２５６　２３２２１３４１,2021-08-31,2021-09-05,22,福岡,一般,６６４　５２５　５６５,,,,,,,,,,,,,4553,坪口 竜也,2025-12-25,2025-12-30,22,福岡,一般,１３３３１　２２１２[６],2025-09-11,2025-09-16,22,福岡,一般,２５５３４　１１１６６４,2025-03-22,2025-03-27,22,福岡,一般,２５３　３１１１４１[２],2025-01-14,2025-01-19,22,福岡,一般,４　転２,2024-06-11,2024-06-16,22,福岡,一般,１４２４３　欠欠,4614,石倉 洋行,2025-08-11,2025-08-16,22,福岡,一般,３６２１４２転　３１３,2025-05-03,2025-05-08,22,福岡,一般,１　２４２５１２２３４１,2025-01-03,2025-01-09,22,福岡,一般,２３２１１　４１１　５１[１],2024-08-28,2024-09-03,22,福岡,一般,３６１　３３６２[５],2024-04-25,2024-04-30,22,福岡,一般,２３２６１３F　４　４,5418,,,,,,,,,,,,,,,,,,,,,,,,,,,,,,,,3863,海老澤 泰行,2026-04-20,2026-04-25,22,福岡,一般,４３４　３　５３３　４欠,2025-12-15,2025-12-20,22,福岡,一般,２　３２４３５２５４４４,2025-06-08,2025-06-13,22,福岡,一般,４　４４３　１５妨３５,2025-03-13,2025-03-18,22,福岡,一般,２６２　４３４１２５１３,2024-11-28,2024-12-03,22,福岡,一般,４６３４２　３１１６２４
202609142205,2026-09-14,22,05R,3615,横田 茂,2026-01-26,2026-01-31,22,福岡,一般,５５５　４６４　３　６,2024-03-18,2024-03-22,22,福岡,一般,１　４６５３２　３６,2023-08-04,2023-08-07,22,福岡,一般,４　５３１２４１,2023-02-04,2023-02-09,22,福岡,一般,３　３３２　４２２５３２,2022-12-10,2022-12-15,22,福岡,一般,６２１　６２３　６６５,3841,佐々木 和伸,2025-10-01,2025-10-06,22,福岡,一般,１　１３２２１２４１[５],2023-11-09,2023-11-14,22,福岡,一般,５３２４３５２　１６１４,2022-07-02,2022-07-05,22,福岡,一般,４１１５２３２１,2021-11-12,2021-11-17,22,福岡,一般,１３２３４　５５１４４３,2021-03-13,2021-03-18,22,福岡,一般,１４３５２　１５５５２３,5151,山下 奈緒,2026-04-01,2026-04-06,22,福岡,一般,３５３　４　３６４　妨,2025-12-05,2025-12-10,22,福岡,一般,３４４　４５５　４３５５,2024-06-01,2024-06-06,22,福岡,ＧⅢ,６　３１４５３６５　２４,2023-03-07,2023-03-12,22,福岡,ＧⅢ,６６４　３６５　５５６,2022-06-02,2022-06-07,22,福岡,一般,６　６５６　５５５　５３,5392,安武 一也,2026-07-10,2026-07-15,22,福岡,一般,６　６５６　４６５　３３,2026-04-29,2026-05-04,22,福岡,一般,エ　６６５　５　６５４,2026-02-28,2026-03-05,22,福岡,一般,６　６５５　６L５５６５,2025-10-01,2025-10-06,22,福岡,一般,　　　　　　　　　　６５,2025-07-02,2025-07-07,22,福岡,一般,６　６６５　６６６５６６,3769,佐竹 恒彦,2025-09-01,2025-09-06,22,福岡,一般,１　４５３６４４１　２１,2024-05-23,2024-05-28,22,福岡,一般,３５２　２３２　３５１４,2018-11-23,2018-11-28,22,福岡,一般,３４６　３４妨４６　５,2018-05-22,2018-05-27,22,福岡,一般,３１１３４２１　１１[３],2017-06-21,2017-06-25,22,福岡,一般,５２４３２　２３３５,4925,森 悠稀,2024-09-06,2024-09-11,22,福岡,ＧⅢ,５　３１３６３　４５３５,2023-12-01,2023-12-06,22,福岡,ＧⅢ,６５６５６６２　６欠,2023-09-09,2023-09-14,22,福岡,一般,３　１２６４４３１５１１,2023-06-14,2023-06-19,22,福岡,一般,２３１　４５２　１２[４],2022-06-11,2022-06-16,22,福岡,ＧⅢ,１　不６４　４　６６２
202609142206,2026-09-14,22,06R,3712,淺香 文武,2024-11-28,2024-12-03,22,福岡,一般,２６６　２５４　２２２２,2023-07-27,2023-07-31,22,福岡,一般,１　１５５２２２[５],2023-04-25,2023-04-29,22,福岡,一般,１　１２４１１１[６],2017-03-06,2017-03-11,22,福岡,一般,３　１６４５１３２３６２,2016-12-17,2016-12-22,22,福岡,一般,５　１５１１３６１４２４,5018,竹下 大樹,2026-08-12,2026-08-17,22,福岡,一般,３２１３２　４１１４１２,2026-07-19,2026-07-24,22,福岡,ＧⅢ,２３転　５３３　１３２３,2026-04-29,2026-05-04,22,福岡,一般,１５３２２５１　３２[２],2026-04-11,2026-04-16,22,福岡,ＧⅠ,１　３４５　３　１４６１,2026-03-10,2026-03-15,22,福岡,一般,１４３１３　１２１２[６],4823,中村 桃佳,2022-06-11,2022-06-16,22,福岡,ＧⅢ,５　１１４　２１１　[４],2021-04-24,2021-04-29,22,福岡,一般,４４２６４６１　３　１３,2020-09-30,2020-10-05,22,福岡,一般,５　５１６　１４１　３４,2018-11-11,2018-11-16,22,福岡,一般,２３６４２２４６２　３６,2018-01-12,2018-01-14,22,福岡,一般,３３６　３３,3436,柏野 幸二,2025-10-28,2025-11-02,22,福岡,一般,１４１　２　３４２４１２,2025-06-08,2025-06-13,22,福岡,一般,２１４　２３１２２２[２],2024-08-28,2024-09-03,22,福岡,一般,１　３１２５１３５１,2024-03-01,2024-03-05,22,福岡,一般,３１５２５　２６２３,2023-12-19,2023-12-22,22,福岡,一般,３３１２５１[２],5428,古園井 綾南,2026-04-20,2026-04-25,22,福岡,一般,転　６　６６６　６６５,2025-11-15,2025-11-20,22,福岡,一般,６　６６６６６　６　６６,,,,,,,,,,,,,,,,,,,4059,入澤 友治,2025-10-28,2025-11-02,22,福岡,一般,１２１　１４５５１１[５],2024-08-28,2024-09-03,22,福岡,一般,１６４５４　４２１２,2023-06-03,2023-06-08,22,福岡,一般,３６１　３６２４１５１６,2022-12-10,2022-12-15,22,福岡,一般,５　６３４　２２３２４５,2020-03-14,2020-03-19,22,福岡,一般,４５エ
202609142207,2026-09-14,22,07R,4313,西村 美智子,2026-02-18,2026-02-23,22,福岡,一般,２４２５５　１　１５１４,2021-12-26,2021-12-31,22,福岡,ＧⅠ,　　　　４　F　６　６,2018-11-23,2018-11-28,22,福岡,一般,３　４３１　１１１６３１,2015-09-29,2015-10-04,22,福岡,一般,１３４５５　５６５　１５,2015-05-12,2015-05-17,22,福岡,一般,５　５３５６５　５　６６,3605,中村 守成,2025-04-04,2025-04-09,22,福岡,一般,エ　１５６　２４６　１３,2023-10-31,2023-11-05,22,福岡,一般,２２３　１４６４１４１３,2022-05-26,2022-05-29,22,福岡,一般,１４３　３６４５,2019-02-26,2019-03-03,22,福岡,一般,５１３　１４４　４４１１,2017-07-20,2017-07-25,22,福岡,ＧⅢ,３５４　３１３３１３４３,4948,木場 悠介,2026-01-14,2026-01-19,22,福岡,一般,５６５　２２１６３　５４,2025-09-21,2025-09-26,22,福岡,ＧⅢ,６１５　２４２　２４５５,2025-03-03,2025-03-08,22,福岡,一般,２６４２３　２２１２[６],2024-12-25,2024-12-30,22,福岡,一般,５１４４１　３５３５５３,2024-07-24,2024-07-29,22,福岡,一般,２　５４５５２１２　５２,5404,,,,,,,,,,,,,,,,,,,,,,,,,,,,,,,,4693,松下 誉士,2026-04-20,2026-04-25,22,福岡,一般,６　１２４　２６２　２６,2025-10-28,2025-11-02,22,福岡,一般,５５３　３６５　２　４３,2025-01-03,2025-01-09,22,福岡,一般,５４５　６４２　２　３３４３,2024-09-15,2024-09-20,22,福岡,一般,　　　　　　　　　　６５,2024-07-02,2024-07-07,22,福岡,一般,２落,4914,吉田 裕平,2025-11-25,2025-11-30,22,福岡,ＳＧ,４　６　６４４　４４４,2024-12-08,2024-12-13,22,福岡,ＧⅠ,１３３　５５１　４　１３,2024-09-06,2024-09-11,22,福岡,ＧⅢ,１４３１２　３１１１[１],2023-12-10,2023-12-15,22,福岡,一般,２１２３１１２５１１[１],2023-10-10,2023-10-15,22,福岡,ＧⅠ,３３３　５４１　３３３３
202609142208,2026-09-14,22,08R,3505,山田 竜一,2025-10-10,2025-10-15,22,福岡,一般,５　２３４５２５２　４５,2025-04-04,2025-04-09,22,福岡,一般,３２２　２６２　６４１３,2024-11-19,2024-11-24,22,福岡,一般,２５４　３３５　３２２６,2023-07-27,2023-07-31,22,福岡,一般,４　５４４１３　１６,2023-01-14,2023-01-20,22,福岡,一般,２　２５１５２１２４１３３５,3297,藤丸 光一,2026-07-29,2026-08-03,22,福岡,一般,２５１　４１６３２２[４],2026-04-20,2026-04-25,22,福岡,一般,１　２３４３４　６５３６,2025-08-11,2025-08-16,22,福岡,一般,５４４　３５２　４６１,2025-03-13,2025-03-18,22,福岡,一般,１４４　３１２５２１[１],2025-01-03,2025-01-09,22,福岡,一般,３６４　５５６　６　２２１,5395,日高 龍之介,2025-10-01,2025-10-06,22,福岡,一般,６５６５５　５　６落６,,,,,,,,,,,,,,,,,,,,,,,,,3801,五反田 忍,2026-06-12,2026-06-17,22,福岡,ＧⅢ,６　３６４　６５６　１５,2024-11-19,2024-11-24,22,福岡,一般,３４６　６４５　１　６４,2021-12-26,2021-12-31,22,福岡,ＧⅠ,１２１６４　４　５　５３,2020-09-02,2020-09-08,22,福岡,ＧⅢ,４１３３６　６５　　４６,2019-10-08,2019-10-13,22,福岡,ＧⅢ,４２６　４１２２１５１４,3614,谷 勝幸,2025-10-01,2025-10-06,22,福岡,一般,１　３５５　２５２２１２,2024-07-13,2024-07-18,22,福岡,一般,６５２　４２６　３６６,2023-12-01,2023-12-06,22,福岡,ＧⅢ,４３６　６５５　２５６,2023-03-26,2023-03-31,22,福岡,一般,４　２６２　４４５６５６,2022-11-22,2022-11-27,22,福岡,一般,４３４　４３２　４３２４,4685,島村 隆幸,2023-08-22,2023-08-27,22,福岡,ＳＧ,５６５　３　５３５　２２,2022-09-07,2022-09-12,22,福岡,ＧⅠ,６転,2021-06-15,2021-06-19,22,福岡,一般,１４３２４４５２[６],2020-11-26,2020-12-01,22,福岡,一般,５４２１３４２１４５１４,2020-08-22,2020-08-27,22,福岡,一般,３３１１２５３１２５１１
202609142209,2026-09-14,22,09R,4089,妹尾 忠幸,2025-10-01,2025-10-06,22,福岡,一般,１　５３１３３４２５３５,2025-06-08,2025-06-13,22,福岡,一般,３５３３３　１５１３４１,2024-05-14,2024-05-19,22,福岡,一般,１１３３３１２　２５１１,2023-12-19,2023-12-22,22,福岡,一般,１３２１３２[３],2022-11-13,2022-11-18,22,福岡,ＧⅠ,４　２３５　５２５　３１,5050,木下 雄介,2025-12-15,2025-12-20,22,福岡,一般,５３３５５　１４１　１F,2023-08-31,2023-09-05,22,福岡,一般,２２６　２３２４２６５６,2020-12-18,2020-12-22,22,福岡,一般,４　５５１　６５４,,,,,,,,,,,,,3615,横田 茂,2026-01-26,2026-01-31,22,福岡,一般,５５５　４６４　３　６,2024-03-18,2024-03-22,22,福岡,一般,１　４６５３２　３６,2023-08-04,2023-08-07,22,福岡,一般,４　５３１２４１,2023-02-04,2023-02-09,22,福岡,一般,３　３３２　４２２５３２,2022-12-10,2022-12-15,22,福岡,一般,６２１　６２３　６６５,4553,坪口 竜也,2025-12-25,2025-12-30,22,福岡,一般,１３３３１　２２１２[６],2025-09-11,2025-09-16,22,福岡,一般,２５５３４　１１１６６４,2025-03-22,2025-03-27,22,福岡,一般,２５３　３１１１４１[２],2025-01-14,2025-01-19,22,福岡,一般,４　転２,2024-06-11,2024-06-16,22,福岡,一般,１４２４３　欠欠,4592,小林 孝弘,2026-06-22,2026-06-27,22,福岡,一般,６　２２５４３　３２３３,2025-12-25,2025-12-30,22,福岡,一般,１６３　４５２６３６２１,2025-08-21,2025-08-26,22,福岡,一般,３６３　６　６４６　５２,2025-06-08,2025-06-13,22,福岡,一般,２　５５４　４１３　５３,2025-01-14,2025-01-19,22,福岡,一般,３６２　５６５３６　６６,4590,渡邉 優美,2026-04-11,2026-04-16,22,福岡,ＧⅠ,２６４　３　４３４４１,2026-03-10,2026-03-15,22,福岡,一般,２　４１１６３３３６１５,2026-01-03,2026-01-08,22,福岡,一般,４６４　１２３６１３４１,2025-11-25,2025-11-30,22,福岡,ＳＧ,２　２２２　４　４３２,2025-01-14,2025-01-19,22,福岡,一般,１３３　１３２１２１[２]
202609142210,2026-09-14,22,10R,3554,仲口 博崇,2024-11-28,2024-12-03,22,福岡,一般,１２１　１３２１２３３１,2024-06-21,2024-06-26,22,福岡,一般,３　２６１１１２１２[５],2024-03-09,2024-03-13,22,福岡,一般,６１４　２６３　２５,2022-11-13,2022-11-18,22,福岡,ＧⅠ,５２１　１５３　６　４２,2022-01-12,2022-01-17,22,福岡,一般,４４２１１３２１１２[１],3769,佐竹 恒彦,2025-09-01,2025-09-06,22,福岡,一般,１　４５３６４４１　２１,2024-05-23,2024-05-28,22,福岡,一般,３５２　２３２　３５１４,2018-11-23,2018-11-28,22,福岡,一般,３４６　３４妨４６　５,2018-05-22,2018-05-27,22,福岡,一般,３１１３４２１　１１[３],2017-06-21,2017-06-25,22,福岡,一般,５２４３２　２３３５,4248,岡本 大,2026-05-08,2026-05-13,22,福岡,一般,４　３２４５３　２　３６,2025-10-28,2025-11-02,22,福岡,一般,５　５４６　６５４　３５,2024-07-13,2024-07-18,22,福岡,一般,５３６　５５２　３　３４,2023-12-01,2023-12-06,22,福岡,ＧⅢ,５　３３６　５１,2022-12-01,2022-12-06,22,福岡,ＧⅢ,２１６３５　５　６４５６,4475,末永 祐輝,2026-03-22,2026-03-27,22,福岡,一般,１　４５３２１４２３１３,2025-09-01,2025-09-06,22,福岡,一般,１　５２１２４４１１[１],2025-03-22,2025-03-27,22,福岡,一般,４３５　４５欠欠,2022-03-24,2022-03-29,22,福岡,一般,１　５５３１２４１４３２,2022-02-24,2022-03-01,22,福岡,一般,５２５５５３２　５４３５,5125,高井 雄基,2025-11-06,2025-11-11,22,福岡,一般,２６３２４　３１６３１３,2024-11-05,2024-11-10,22,福岡,一般,２５６　２３２２１３４１,2021-08-31,2021-09-05,22,福岡,一般,６６４　５２５　５６５,,,,,,,,,,,,,4823,中村 桃佳,2022-06-11,2022-06-16,22,福岡,ＧⅢ,５　１１４　２１１　[４],2021-04-24,2021-04-29,22,福岡,一般,４４２６４６１　３　１３,2020-09-30,2020-10-05,22,福岡,一般,５　５１６　１４１　３４,2018-11-11,2018-11-16,22,福岡,一般,２３６４２２４６２　３６,2018-01-12,2018-01-14,22,福岡,一般,３３６　３３
202609142211,2026-09-14,22,11R,4505,島田 賢人,2024-09-24,2024-09-29,22,福岡,一般,１５２３２４３　エ欠,2023-01-14,2023-01-20,22,福岡,一般,２２３　３２１３４２３２[６],2019-10-24,2019-10-27,22,福岡,一般,２３５４３　２１,2019-08-29,2019-09-01,22,福岡,一般,４２４１３５１３,2018-09-06,2018-09-10,22,福岡,一般,５　５６１４３　１,4925,森 悠稀,2024-09-06,2024-09-11,22,福岡,ＧⅢ,５　３１３６３　４５３５,2023-12-01,2023-12-06,22,福岡,ＧⅢ,６５６５６６２　６欠,2023-09-09,2023-09-14,22,福岡,一般,３　１２６４４３１５１１,2023-06-14,2023-06-19,22,福岡,一般,２３１　４５２　１２[４],2022-06-11,2022-06-16,22,福岡,ＧⅢ,１　不６４　４　６６２,4813,宮内 直哉,2025-06-08,2025-06-13,22,福岡,一般,４５１　４２４　４４５５,2023-12-01,2023-12-06,22,福岡,ＧⅢ,５　２１４　３２１５６６,2022-11-03,2022-11-08,22,福岡,一般,２　４５１　３５２３６５,2018-11-23,2018-11-28,22,福岡,一般,転６６　１４２　３２４,2017-09-23,2017-09-28,22,福岡,一般,６１５　６６１　６　６１,5018,竹下 大樹,2026-08-12,2026-08-17,22,福岡,一般,３２１３２　４１１４１２,2026-07-19,2026-07-24,22,福岡,ＧⅢ,２３転　５３３　１３２３,2026-04-29,2026-05-04,22,福岡,一般,１５３２２５１　３２[２],2026-04-11,2026-04-16,22,福岡,ＧⅠ,１　３４５　３　１４６１,2026-03-10,2026-03-15,22,福岡,一般,１４３１３　１２１２[６],4313,西村 美智子,2026-02-18,2026-02-23,22,福岡,一般,２４２５５　１　１５１４,2021-12-26,2021-12-31,22,福岡,ＧⅠ,　　　　４　F　６　６,2018-11-23,2018-11-28,22,福岡,一般,３　４３１　１１１６３１,2015-09-29,2015-10-04,22,福岡,一般,１３４５５　５６５　１５,2015-05-12,2015-05-17,22,福岡,一般,５　５３５６５　５　６６,4630,岩永 雅人,2025-09-21,2025-09-26,22,福岡,ＧⅢ,３２６　５５４２２　５２,2024-05-23,2024-05-28,22,福岡,一般,５６３１２３２　１５３５,2021-12-09,2021-12-13,22,福岡,一般,４３３　２４１５２６,2018-03-04,2018-03-09,22,福岡,一般,３１２５６　２４４５３２,2017-09-16,2017-09-20,22,福岡,一般,１５３　４４３５
202609142212,2026-09-14,22,12R,4856,豊田 健士郎,2025-04-13,2025-04-18,22,福岡,ＧⅠ,５３６　１　５５５　２,2024-11-05,2024-11-10,22,福岡,一般,３２２２４　１４３２[６],2023-03-17,2023-03-22,22,福岡,一般,１１１２１１１２１１[１],2022-11-13,2022-11-18,22,福岡,ＧⅠ,５　５１２　３３３１４,2019-04-04,2019-04-09,22,福岡,一般,１３２　１３３５２３１５,3436,柏野 幸二,2025-10-28,2025-11-02,22,福岡,一般,１４１　２　３４２４１２,2025-06-08,2025-06-13,22,福岡,一般,２１４　２３１２２２[２],2024-08-28,2024-09-03,22,福岡,一般,１　３１２５１３５１,2024-03-01,2024-03-05,22,福岡,一般,３１５２５　２６２３,2023-12-19,2023-12-22,22,福岡,一般,３３１２５１[２],3505,山田 竜一,2025-10-10,2025-10-15,22,福岡,一般,５　２３４５２５２　４５,2025-04-04,2025-04-09,22,福岡,一般,３２２　２６２　６４１３,2024-11-19,2024-11-24,22,福岡,一般,２５４　３３５　３２２６,2023-07-27,2023-07-31,22,福岡,一般,４　５４４１３　１６,2023-01-14,2023-01-20,22,福岡,一般,２　２５１５２１２４１３３５,4914,吉田 裕平,2025-11-25,2025-11-30,22,福岡,ＳＧ,４　６　６４４　４４４,2024-12-08,2024-12-13,22,福岡,ＧⅠ,１３３　５５１　４　１３,2024-09-06,2024-09-11,22,福岡,ＧⅢ,１４３１２　３１１１[１],2023-12-10,2023-12-15,22,福岡,一般,２１２３１１２５１１[１],2023-10-10,2023-10-15,22,福岡,ＧⅠ,３３３　５４１　３３３３,3841,佐々木 和伸,2025-10-01,2025-10-06,22,福岡,一般,１　１３２２１２４１[５],2023-11-09,2023-11-14,22,福岡,一般,５３２４３５２　１６１４,2022-07-02,2022-07-05,22,福岡,一般,４１１５２３２１,2021-11-12,2021-11-17,22,福岡,一般,１３２３４　５５１４４３,2021-03-13,2021-03-18,22,福岡,一般,１４３５２　１５５５２３,4614,石倉 洋行,2025-08-11,2025-08-16,22,福岡,一般,３６２１４２転　３１３,2025-05-03,2025-05-08,22,福岡,一般,１　２４２５１２２３４１,2025-01-03,2025-01-09,22,福岡,一般,２３２１１　４１１　５１[１],2024-08-28,2024-09-03,22,福岡,一般,３６１　３３６２[５],2024-04-25,2024-04-30,22,福岡,一般,２３２６１３F　４　４
