レースコード,レース日,レース場,レース回,締切時刻,取得日時,3連単_1-2-3,3連単_1-2-4,3連単_1-2-5,3連単_1-2-6,3連単_1-3-2,3連単_1-3-4,3連単_1-3-5,3連単_1-3-6,3連単_1-4-2,3連単_1-4-3,3連単_1-4-5,3連単_1-4-6,3連単_1-5-2,3連単_1-5-3,3連単_1-5-4,3連単_1-5-6,3連単_1-6-2,3連単_1-6-3,3連単_1-6-4,3連単_1-6-5,3連単_2-1-3,3連単_2-1-4,3連単_2-1-5,3連単_2-1-6,3連単_2-3-1,3連単_2-3-4,3連単_2-3-5,3連単_2-3-6,3連単_2-4-1,3連単_2-4-3,3連単_2-4-5,3連単_2-4-6,3連単_2-5-1,3連単_2-5-3,3連単_2-5-4,3連単_2-5-6,3連単_2-6-1,3連単_2-6-3,3連単_2-6-4,3連単_2-6-5,3連単_3-1-2,3連単_3-1-4,3連単_3-1-5,3連単_3-1-6,3連単_3-2-1,3連単_3-2-4,3連単_3-2-5,3連単_3-2-6,3連単_3-4-1,3連単_3-4-2,3連単_3-4-5,3連単_3-4-6,3連単_3-5-1,3連単_3-5-2,3連単_3-5-4,3連単_3-5-6,3連単_3-6-1,3連単_3-6-2,3連単_3-6-4,3連単_3-6-5,3連単_4-1-2,3連単_4-1-3,3連単_4-1-5,3連単_4-1-6,3連単_4-2-1,3連単_4-2-3,3連単_4-2-5,3連単_4-2-6,3連単_4-3-1,3連単_4-3-2,3連単_4-3-5,3連単_4-3-6,3連単_4-5-1,3連単_4-5-2,3連単_4-5-3,3連単_4-5-6,3連単_4-6-1,3連単_4-6-2,3連単_4-6-3,3連単_4-6-5,3連単_5-1-2,3連単_5-1-3,3連単_5-1-4,3連単_5-1-6,3連単_5-2-1,3連単_5-2-3,3連単_5-2-4,3連単_5-2-6,3連単_5-3-1,3連単_5-3-2,3連単_5-3-4,3連単_5-3-6,3連単_5-4-1,3連単_5-4-2,3連単_5-4-3,3連単_5-4-6,3連単_5-6-1,3連単_5-6-2,3連単_5-6-3,3連単_5-6-4,3連単_6-1-2,3連単_6-1-3,3連単_6-1-4,3連単_6-1-5,3連単_6-2-1,3連単_6-2-3,3連単_6-2-4,3連単_6-2-5,3連単_6-3-1,3連単_6-3-2,3連単_6-3-4,3連単_6-3-5,3連単_6-4-1,3連単_6-4-2,3連単_6-4-3,3連単_6-4-5,3連単_6-5-1,3連単_6-5-2,3連単_6-5-3,3連単_6-5-4
202609051001,2026-09-05,10,01R,08:32,2026-09-05T08:22:20.886311+09:00,10.8,4.6,13.9,39.4,33.6,27.5,40.9,113.9,5.4,17.3,9.4,26.6,32.9,67.1,24.2,69.5,106.5,181.8,97.0,130.3,147.5,67.0,140.1,271.5,229.9,574.9,698.1,1861,97.7,685.9,471.0,953.5,403.0,640.9,814.5,1117,868.8,2299,868.8,1861,207.9,209.0,212.4,429.6,231.3,488.7,849.9,831.8,352.2,674.0,930.8,1086,449.3,831.8,909.2,1221,1056,1629,1699,2057,31.3,108.6,33.1,87.8,66.7,507.7,199.4,352.2,328.5,953.5,651.6,1002,64.5,158.2,390.9,198.4,323.1,543.0,1184,507.7,194.5,355.4,128.1,424.9,358.6,1221,592.3,1028,662.6,977.4,1348,1777,153.3,439.2,710.8,601.4,1002,2057,2299,1629,494.8,574.9,558.5,1028,1086,1396,1629,2606,1563,2057,1629,1699,977.4,1448,2057,1954,1303,2443,1629,1861
202609051801,2026-09-05,18,01R,08:44,2026-09-05T08:34:21.640380+09:00,6.5,10.3,9.4,20.1,10.5,15.6,11.5,22.7,27.9,35.7,27.0,51.7,15.6,18.8,24.2,27.3,46.6,51.8,74.9,50.9,94.4,132.6,112.4,211.9,164.6,556.9,606.3,840.3,321.4,704.4,785.2,1113,278.4,760.3,748.4,1019,563.5,1140,1294,1228,118.5,157.5,114.8,177.4,191.6,570.2,570.2,798.3,405.9,725.7,704.4,1088,246.9,614.1,825.8,977.5,465.0,1041,1197,1596,208.2,290.3,153.5,416.5,383.2,638.6,498.9,939.2,493.8,997.9,887.0,1088,317.2,674.6,1260,1041,736.9,1294,2281,958.0,115.4,126.0,193.9,157.5,243.1,352.2,498.9,694.2,276.8,903.7,1064,977.5,313.0,606.3,825.8,1197,249.4,736.9,958.0,1168,267.6,263.1,474.2,224.8,420.1,798.3,1496,1088,465.0,840.3,1019,1019,977.5,1330,1545,1596,303.1,772.5,1113,1330
202609051002,2026-09-05,10,02R,08:58,2026-09-05T08:48:20.406774+09:00,13.9,5.9,16.9,54.9,36.8,49.8,70.5,188.1,19.6,45.0,39.8,115.0,50.6,92.0,89.3,217.8,142.7,230.0,335.6,345.0,21.9,8.6,18.2,78.1,64.0,52.6,113.9,276.0,19.3,49.2,38.8,108.9,54.7,115.0,70.1,264.2,414.0,388.1,443.5,443.5,104.3,108.0,107.0,174.9,124.2,96.2,161.2,172.5,243.5,132.1,828.0,400.6,153.3,191.0,335.6,690.0,540.0,517.5,690.0,1380,43.7,155.2,76.1,243.5,53.0,144.4,95.5,159.2,210.5,185.3,376.3,653.6,124.2,109.9,354.8,335.6,621.0,354.8,1129,828.0,82.2,191.0,159.2,288.8,110.8,225.8,188.1,264.2,282.2,172.5,776.2,1035,214.1,288.8,621.0,376.3,443.5,460.0,955.3,955.3,428.2,376.3,591.4,730.5,540.0,540.0,730.5,690.0,1129,540.0,1035,1035,887.1,955.3,1552,1552,621.0,653.6,955.3,2484
202609051802,2026-09-05,18,02R,09:10,2026-09-05T09:01:11.092763+09:00,24.5,47.2,155.7,54.4,10.7,4.5,16.0,5.6,73.7,15.5,43.4,19.3,177.0,98.1,134.4,161.9,87.0,14.9,28.5,54.5,146.5,231.3,327.2,217.4,253.0,952.7,852.4,376.6,490.8,1295,1079,1295,852.4,1199,1349,2024,588.9,981.6,1542,2159,86.8,31.3,82.6,25.0,255.0,476.3,449.9,330.5,69.2,299.9,255.0,75.1,243.5,647.8,522.4,483.4,62.1,363.9,115.6,289.2,291.8,121.7,197.5,111.3,578.4,1079,830.5,622.9,153.5,925.5,469.4,158.0,302.7,719.8,771.2,462.7,173.2,568.3,189.4,437.7,719.8,314.4,420.6,599.8,1044,875.4,1199,1704,498.3,1044,1012,1079,368.1,1156,1472,899.8,952.7,2024,1619,1245,302.7,66.7,166.9,437.7,599.8,622.9,1349,1905,92.2,531.0,196.3,635.1,276.8,830.5,269.9,1044,771.2,1704,809.8,1472
202609051003,2026-09-05,10,03R,09:24,2026-09-05T09:14:20.584609+09:00,15.0,29.8,81.0,167.1,7.5,10.0,27.2,64.5,44.5,31.6,105.8,235.2,158.8,119.1,272.2,443.1,373.6,276.1,373.6,544.4,42.4,79.7,179.7,302.4,46.4,52.9,160.1,423.4,134.1,89.4,352.8,866.1,322.9,334.3,488.6,1120,1191,762.2,1058,1588,7.9,8.8,26.8,51.2,19.8,24.4,72.1,138.0,21.8,27.6,76.5,130.5,76.2,143.2,121.3,188.6,192.4,352.8,247.4,280.2,154.9,94.8,139.0,312.3,188.6,123.7,352.8,433.0,98.7,110.1,280.2,464.7,250.7,359.5,433.0,705.7,595.5,732.9,762.2,1191,443.1,235.2,405.4,657.1,544.4,614.7,515.0,1002,293.1,414.2,828.5,952.8,453.7,635.2,866.1,1191,1002,1270,1120,1465,866.1,293.1,595.5,1270,1732,657.1,1270,1588,828.5,732.9,705.7,1361,907.4,1465,614.7,1905,952.8,2117,1732,1905
202609051803,2026-09-05,18,03R,09:36,2026-09-05T09:26:25.842033+09:00,13.1,18.8,32.4,18.8,18.2,22.0,24.4,17.1,36.1,38.1,39.7,23.1,41.9,37.8,46.3,21.7,27.4,26.3,27.6,19.7,74.7,97.7,98.8,88.0,177.8,468.0,296.4,296.4,185.2,592.9,404.2,247.0,254.1,296.4,370.5,423.5,167.8,329.3,370.5,555.8,109.7,109.7,93.6,78.0,222.3,206.8,161.7,286.8,164.6,211.7,808.5,296.4,206.8,286.8,370.5,306.6,128.8,317.6,468.0,404.2,127.0,234.0,102.2,95.6,211.7,370.5,261.5,202.1,296.4,404.2,404.2,444.6,228.0,329.3,808.5,277.9,193.3,202.1,423.5,286.8,134.7,107.1,161.7,95.6,286.8,370.5,370.5,317.6,296.4,386.6,468.0,494.0,202.1,386.6,1111,386.6,117.0,247.0,342.0,370.5,76.0,52.3,84.7,55.5,164.6,206.8,216.9,386.6,107.1,211.7,355.7,342.0,202.1,206.8,386.6,286.8,78.7,189.2,202.1,269.5
202609051004,2026-09-05,10,04R,09:50,2026-09-05T09:40:20.849973+09:00,23.3,57.2,51.1,62.2,13.1,20.6,7.1,8.5,88.0,45.5,80.0,86.5,59.4,22.0,115.8,38.5,123.6,35.6,172.3,73.3,104.4,237.1,129.2,190.1,144.0,347.5,320.0,516.9,292.1,448.0,504.0,1185,336.0,438.2,840.0,504.0,530.5,806.4,1008,695.1,30.5,42.4,12.8,16.1,93.7,135.3,188.4,168.0,158.7,237.1,255.1,226.5,36.7,156.2,148.2,54.9,58.2,248.8,248.8,88.0,258.4,184.9,156.2,205.7,330.5,448.0,428.9,395.3,234.4,516.9,403.2,458.1,214.4,448.0,630.0,420.0,420.0,428.9,610.9,840.0,132.6,47.4,183.2,67.4,280.0,305.4,468.8,315.0,67.6,199.6,280.0,104.4,347.5,840.0,630.0,544.8,99.8,258.4,121.4,395.3,272.4,95.5,366.5,219.1,720.0,592.9,1185,650.3,142.9,448.0,530.5,280.0,672.0,1008,840.0,775.4,248.8,504.0,283.9,610.9
202609051804,2026-09-05,18,04R,10:02,2026-09-05T09:52:21.303949+09:00,4.0,9.8,10.0,27.7,12.3,37.3,30.1,71.4,28.0,61.8,72.8,164.8,28.5,52.0,63.4,164.8,104.0,169.5,219.7,329.6,14.2,35.1,20.0,55.9,55.1,141.2,98.0,182.5,113.0,275.9,215.7,515.9,91.9,144.7,237.3,339.0,171.9,329.6,624.5,370.8,57.0,101.4,79.6,150.2,104.0,136.3,136.3,320.7,228.2,223.8,659.2,847.6,188.3,242.1,320.7,593.3,659.2,515.9,988.8,1078,188.3,296.6,152.1,237.3,204.5,339.0,197.7,339.0,409.1,494.4,515.9,791.1,247.2,382.7,912.8,1186,515.9,439.5,847.6,912.8,115.2,121.0,237.3,370.8,156.1,304.2,370.8,593.3,282.5,494.4,474.6,912.8,257.9,494.4,912.8,912.8,1078,847.6,1695,1483,269.6,263.7,439.5,741.6,289.4,515.9,988.8,698.0,474.6,515.9,1078,912.8,539.3,659.2,1186,1695,565.0,988.8,698.0,1977
202609051005,2026-09-05,10,05R,10:18,2026-09-05T10:08:21.569961+09:00,54.7,19.1,134.4,61.9,73.8,65.2,153.8,147.7,16.9,39.9,112.6,36.9,252.8,284.1,324.3,489.1,150.7,292.5,136.8,596.7,76.5,31.4,184.1,72.0,117.4,55.4,292.5,118.8,28.2,35.3,119.3,19.6,342.9,523.5,324.3,563.0,157.0,177.6,52.9,532.8,133.2,93.5,176.5,180.8,162.1,48.6,227.7,132.6,102.5,47.8,192.5,63.4,307.6,377.7,268.8,432.4,368.3,242.5,153.0,962.5,19.4,62.0,74.2,31.3,19.4,26.3,69.2,11.2,89.8,47.4,163.0,50.4,105.0,113.0,227.7,90.4,40.8,15.5,47.5,77.5,585.0,459.0,397.8,852.5,585.0,765.1,563.0,852.5,621.6,648.6,1028,1356,392.6,403.2,608.9,363.8,1147,1065,1864,621.6,246.6,339.0,236.8,710.4,268.8,266.4,69.5,473.6,621.6,317.4,238.7,962.5,190.0,63.3,202.9,426.2,806.4,693.9,1297,745.9
202609051805,2026-09-05,18,05R,10:29,2026-09-05T10:20:25.346338+09:00,8.1,49.8,61.9,20.4,8.1,37.4,41.6,12.2,94.6,97.1,173.4,221.0,107.1,125.5,140.3,233.4,40.6,31.8,217.1,186.3,19.3,113.5,114.0,38.4,25.4,174.6,107.1,25.2,257.4,416.2,555.0,409.4,337.5,308.3,675.0,384.2,71.5,52.8,351.7,268.5,16.2,94.9,81.8,24.3,25.0,124.8,88.8,21.5,260.1,262.9,675.0,242.4,155.1,172.2,446.0,223.0,39.1,31.3,219.0,137.2,337.5,416.2,312.2,346.9,446.0,489.7,756.8,361.9,509.7,567.6,675.0,594.6,594.6,1135,1469,1784,925.0,423.3,780.5,1665,409.4,260.1,499.5,471.2,594.6,542.9,594.6,780.5,499.5,675.0,1135,624.4,542.9,999.0,1665,1314,1135,756.8,925.0,1921,97.9,84.9,624.4,624.4,114.0,77.3,580.8,471.2,85.5,61.9,520.3,221.0,832.5,624.4,999.0,1387,542.9,462.5,640.4,1248
202609051101,2026-09-05,11,01R,10:33,2026-09-05T10:24:20.997949+09:00,18.0,80.9,42.9,121.6,10.6,59.6,9.6,32.3,224.4,186.6,241.7,314.2,43.0,20.0,114.2,70.6,179.5,111.5,459.8,140.7,56.6,224.4,94.2,248.0,74.2,369.7,106.5,314.2,319.5,384.7,419.0,428.5,174.5,161.1,483.4,309.0,438.4,725.1,897.8,438.4,11.2,53.8,9.5,28.2,39.3,130.9,48.9,98.2,168.3,214.2,155.8,251.4,16.0,36.3,108.9,49.1,88.9,159.7,419.0,112.9,336.6,309.0,238.6,342.8,448.9,471.3,496.1,438.4,325.0,349.1,589.2,819.7,483.4,650.1,483.4,509.5,589.2,571.3,1047,857.0,78.5,24.3,155.8,95.2,163.9,114.9,304.1,290.0,25.3,76.0,281.4,96.1,392.8,538.7,483.4,650.1,172.9,319.5,186.6,650.1,384.7,174.5,523.7,258.2,523.7,538.7,897.8,725.1,219.2,698.3,819.7,314.2,785.6,857.0,1178,1257,258.2,650.1,309.0,897.8
202609051301,2026-09-05,13,01R,10:36,2026-09-05T10:26:26.334086+09:00,12.8,19.6,40.1,45.0,12.7,8.4,29.0,33.5,25.4,13.8,61.9,57.2,92.1,62.6,92.9,130.7,88.2,86.1,89.0,203.6,69.6,82.1,132.4,199.8,90.5,110.3,158.0,441.3,155.7,173.6,278.7,423.6,311.5,216.1,423.6,407.3,353.0,623.0,392.3,407.3,25.2,12.9,49.9,68.7,53.4,59.8,94.5,173.6,27.9,52.6,87.5,100.8,85.4,158.0,102.8,235.3,168.1,331.0,139.3,258.3,98.0,41.2,129.1,149.1,139.3,145.0,264.8,286.2,58.5,151.3,179.5,271.5,185.8,353.0,151.3,271.5,170.8,252.1,258.3,623.0,216.1,158.0,294.2,353.0,441.3,341.6,407.3,623.0,207.6,378.2,311.5,623.0,365.2,392.3,407.3,529.6,662.0,504.3,814.7,504.3,311.5,235.3,423.6,882.6,441.3,378.2,557.4,623.0,378.2,814.7,623.0,1059,557.4,706.1,557.4,1324,814.7,662.0,1176,1176
202609050901,2026-09-05,09,01R,10:42,2026-09-05T10:32:17.556655+09:00,11.8,23.2,11.9,25.3,18.6,40.6,19.1,48.2,46.8,63.2,56.0,84.7,21.4,29.4,63.5,32.0,72.2,126.2,157.5,70.3,37.6,54.2,26.8,62.9,69.0,110.5,61.3,136.7,128.7,168.7,130.2,198.4,55.9,69.9,119.0,65.6,173.1,212.9,336.6,139.2,95.9,114.5,67.2,154.4,133.3,171.6,88.7,180.2,197.4,225.1,231.0,375.1,103.2,100.1,217.0,141.7,356.5,329.6,408.2,307.7,184.5,205.1,191.2,342.5,205.1,301.8,259.1,344.0,295.0,440.1,408.2,606.0,223.8,237.3,375.1,318.9,430.5,440.1,812.2,495.5,42.6,62.6,115.5,53.3,59.7,86.6,139.2,65.0,124.0,119.0,237.3,138.2,223.8,269.8,373.4,289.6,86.4,90.4,146.7,223.8,177.0,353.3,437.7,211.7,261.7,380.6,535.9,212.9,583.6,528.7,895.3,452.8,703.4,685.1,972.6,703.4,177.8,169.0,311.4,518.3
202609050201,2026-09-05,02,01R,10:47,2026-09-05T10:38:25.685853+09:00,23.1,36.3,84.8,61.3,19.8,13.8,40.8,19.1,67.4,39.8,106.8,68.7,130.5,85.2,147.3,123.5,83.8,54.2,95.0,173.3,52.8,66.7,133.0,138.4,76.3,63.8,179.3,97.2,95.4,91.6,217.1,146.2,242.6,290.5,290.5,375.0,206.2,167.7,294.6,303.3,27.4,19.4,49.9,19.8,54.8,38.7,117.2,53.3,28.9,39.0,84.8,32.2,109.7,158.6,125.7,124.2,42.4,68.3,46.3,139.3,142.2,68.7,184.1,128.9,155.0,99.6,271.4,219.4,71.6,97.7,187.5,77.8,180.9,254.6,298.9,245.5,140.3,182.5,113.9,234.4,217.1,173.3,267.8,173.3,245.5,257.8,458.3,282.5,226.6,381.9,332.6,307.8,438.8,687.5,396.6,458.3,189.2,303.3,278.7,412.5,130.5,88.5,242.6,355.6,271.4,189.2,389.1,412.5,97.7,136.6,133.0,368.3,375.0,429.7,179.3,793.3,361.8,557.4,458.3,448.4
202609051006,2026-09-05,10,06R,10:50,2026-09-05T10:40:23.624372+09:00,96.6,66.6,132.3,156.4,66.3,20.4,67.2,71.1,36.6,15.3,35.5,23.7,174.4,152.8,99.0,180.8,229.2,184.2,130.5,294.2,199.1,121.6,199.1,197.1,270.0,201.1,402.3,492.8,164.2,224.0,303.2,339.8,458.4,597.3,492.8,821.4,704.0,985.6,597.3,985.6,150.4,33.0,82.4,103.7,211.9,127.1,234.6,266.4,33.0,106.5,55.2,42.7,156.4,252.7,134.1,240.4,229.2,518.7,123.9,428.5,39.5,13.8,21.9,17.9,94.3,127.1,127.1,100.5,18.2,100.5,32.8,21.1,34.3,92.9,41.6,21.9,36.5,72.7,25.3,32.4,379.1,298.6,160.2,308.0,704.0,505.4,505.4,788.5,428.5,386.5,270.0,505.4,146.0,419.4,221.5,120.9,379.1,597.3,458.4,185.9,458.4,249.5,237.5,563.2,730.1,635.9,563.2,1232,518.7,730.1,154.0,657.1,195.1,469.3,123.2,168.4,458.4,1095,492.8,214.2
202609051701,2026-09-05,17,01R,10:54,2026-09-05T10:44:22.641596+09:00,4.7,7.9,22.9,30.5,13.9,13.4,39.5,38.1,10.2,16.8,30.8,26.2,54.9,78.2,63.1,99.6,75.8,78.2,79.6,151.7,95.1,73.2,141.6,265.6,196.1,231.8,472.2,455.3,115.9,296.5,303.5,303.5,296.5,708.3,398.4,796.8,607.1,1159,490.3,980.7,91.0,77.7,109.9,170.0,205.6,184.7,296.5,398.4,121.4,182.1,296.5,236.1,344.5,439.6,411.2,671.0,354.1,607.1,439.6,796.8,46.5,74.5,82.7,79.1,102.8,179.5,209.0,157.4,146.5,240.5,386.3,318.7,172.2,260.2,531.2,209.0,187.5,216.1,277.1,255.0,255.0,310.9,245.1,326.9,472.2,490.3,472.2,910.7,411.2,1062,1275,1159,354.1,607.1,1159,411.2,554.3,579.5,607.1,490.3,265.6,212.5,283.3,708.3,579.5,364.2,510.0,708.3,455.3,980.7,708.3,980.7,411.2,671.0,980.7,510.0,750.0,1416,1593,531.2
202609050401,2026-09-05,04,01R,10:55,2026-09-05T10:46:23.594534+09:00,32.9,38.5,87.7,176.1,24.8,11.6,23.0,124.5,30.3,19.1,46.0,154.2,111.0,66.6,104.1,288.1,297.1,317.0,413.4,385.5,79.2,90.8,175.0,339.6,98.0,100.8,184.0,365.7,115.9,119.3,228.2,438.9,203.7,274.3,343.7,425.8,475.5,607.0,771.0,559.4,31.3,11.1,21.6,113.2,63.8,50.5,81.7,155.0,11.4,30.1,19.7,92.0,39.8,91.4,45.6,190.2,303.5,370.5,291.1,347.9,55.5,28.9,59.3,184.0,98.0,102.6,177.2,297.1,28.9,71.6,50.4,192.7,112.3,224.6,104.5,356.6,467.7,413.4,361.1,559.4,211.3,126.8,154.2,294.1,285.3,269.1,335.6,352.2,125.1,252.4,124.0,413.4,180.5,365.7,141.9,460.1,425.8,413.4,594.3,648.4,407.5,347.9,559.4,620.2,538.3,713.2,839.1,648.4,607.0,951.0,475.5,771.0,750.7,771.0,559.4,1018,475.5,607.0,839.1,891.5
202609051806,2026-09-05,18,06R,10:59,2026-09-05T10:50:22.131618+09:00,6.5,9.6,23.8,6.1,17.1,33.8,42.2,25.1,31.8,54.8,85.4,33.3,57.9,103.4,104.5,87.9,19.3,47.1,61.1,79.9,32.2,34.9,75.9,19.5,128.7,285.2,357.8,162.3,129.5,289.1,422.2,185.1,191.9,390.9,469.1,274.1,57.2,173.0,227.0,363.9,101.4,156.3,159.9,126.4,191.9,285.2,310.4,227.0,257.4,285.2,514.9,376.9,293.2,315.0,319.8,329.8,305.9,293.2,541.3,469.1,148.6,301.5,190.1,173.0,191.9,422.2,527.7,248.3,439.8,603.1,659.7,570.5,398.3,703.7,586.4,639.7,398.3,329.8,490.9,659.7,155.2,173.0,242.6,146.6,248.3,439.8,527.7,340.5,383.8,479.7,703.7,430.8,340.5,527.7,959.5,514.9,267.2,363.9,570.5,620.9,52.6,155.2,277.7,277.7,81.5,297.3,398.3,479.7,514.9,449.1,879.6,811.9,753.9,479.7,811.9,917.8,340.5,541.3,879.6,959.5
202609051102,2026-09-05,11,02R,11:02,2026-09-05T10:52:19.757588+09:00,57.3,23.3,92.4,87.5,66.5,78.4,110.9,128.0,17.4,47.8,61.6,59.4,141.0,166.4,109.4,213.3,208.0,224.8,169.8,396.2,86.6,38.1,115.5,156.9,145.9,95.6,189.1,177.0,24.8,40.3,80.7,40.9,218.9,208.0,218.9,594.3,462.2,594.3,213.3,832.0,148.5,89.4,102.7,180.8,202.9,87.5,138.6,154.0,128.0,99.0,154.0,224.8,169.8,163.1,198.1,346.6,361.7,520.0,554.7,832.0,10.0,25.7,34.6,25.8,11.3,23.8,44.0,23.7,39.4,37.8,112.4,94.5,50.1,52.9,96.7,68.2,60.7,47.0,154.0,100.2,208.0,237.7,148.5,193.5,320.0,224.8,268.4,308.1,320.0,237.7,489.4,320.0,148.5,213.3,396.2,184.9,396.2,143.4,489.4,361.7,297.1,163.1,268.4,396.2,489.4,361.7,237.7,832.0,346.6,594.3,520.0,832.0,252.1,277.3,520.0,832.0,489.4,924.5,489.4,1040
202609051302,2026-09-05,13,02R,11:05,2026-09-05T10:56:19.486701+09:00,53.2,48.8,96.6,77.4,43.4,24.1,50.1,21.6,45.7,31.2,67.9,21.2,106.5,95.6,111.6,121.7,71.5,41.6,47.1,109.0,98.6,114.3,151.2,183.8,183.8,253.3,208.3,191.3,187.5,246.7,260.4,148.8,260.4,213.0,240.3,334.8,284.0,191.3,223.2,312.5,95.6,49.8,84.4,41.1,144.2,133.9,98.6,106.5,53.8,100.8,64.6,27.5,120.1,118.6,104.1,64.2,60.4,128.4,34.7,69.4,130.2,73.2,75.6,49.3,191.3,218.0,218.0,158.8,64.2,208.3,125.0,38.9,109.0,167.4,148.8,63.7,53.8,99.7,39.5,69.4,164.4,176.8,176.8,183.8,146.4,161.6,323.2,240.3,223.2,208.3,240.3,93.7,195.3,334.8,253.3,161.6,213.0,267.8,95.6,176.8,120.1,72.6,86.8,128.4,246.7,191.3,208.3,302.4,96.6,158.8,56.1,69.9,100.8,148.8,54.5,146.4,164.4,199.4,73.8,142.0
202609050902,2026-09-05,09,02R,11:12,2026-09-05T11:02:20.459930+09:00,11.5,12.2,19.4,21.0,11.0,14.1,16.5,21.5,20.0,24.2,36.9,31.4,41.7,38.9,63.2,75.0,63.9,68.1,72.2,106.2,54.3,51.1,78.5,89.7,106.0,154.2,197.5,220.8,129.2,202.9,267.1,211.1,216.5,237.1,312.8,407.0,308.5,305.7,379.6,472.5,55.0,43.5,51.3,66.7,102.3,126.5,159.3,159.3,86.5,119.8,135.1,136.7,110.7,156.4,163.2,187.7,173.2,249.3,191.9,273.5,105.0,101.9,156.0,133.5,167.2,227.5,281.5,255.0,157.5,301.6,300.3,288.7,259.9,308.5,334.5,296.3,255.0,369.2,430.4,489.6,152.2,131.2,219.4,193.6,323.3,314.3,343.0,307.1,205.4,388.3,444.5,643.5,350.1,444.5,453.5,669.0,489.6,795.0,619.9,824.1,245.7,260.9,332.8,496.8,441.6,438.8,523.8,767.9,369.2,549.4,472.5,824.1,469.2,549.4,582.5,938.5,567.8,711.3,776.7,844.7
202609050301,2026-09-05,03,01R,11:14,2026-09-05T11:04:19.357313+09:00,22.7,19.6,38.1,99.7,28.0,15.1,34.6,127.3,20.4,21.7,22.0,161.2,58.5,53.1,37.0,178.3,170.3,222.9,270.6,265.9,50.0,40.5,62.6,159.5,74.6,88.1,86.6,252.6,49.3,90.2,79.3,309.3,100.3,143.0,118.4,265.9,336.8,280.7,505.2,360.9,58.5,37.2,52.8,151.5,94.7,78.9,99.0,207.6,46.9,89.6,84.6,240.6,84.6,107.5,108.2,265.9,261.3,369.7,541.3,561.4,37.4,35.1,27.7,161.2,55.5,94.1,75.0,275.6,46.6,87.6,89.6,329.5,36.8,76.1,91.8,180.4,378.9,322.5,505.2,261.3,111.4,109.0,69.2,194.3,148.6,174.2,134.1,286.0,130.6,191.8,135.3,315.7,73.2,114.8,139.0,219.6,270.6,303.1,541.3,336.8,240.6,256.9,398.9,322.5,459.3,488.9,659.0,459.3,329.5,541.3,561.4,631.5,659.0,561.4,583.0,388.6,344.5,344.5,522.6,459.3
202609050202,2026-09-05,02,02R,11:16,2026-09-05T11:06:22.846922+09:00,29.8,39.2,19.8,15.4,62.7,79.7,108.5,89.1,93.7,156.9,128.8,119.3,69.7,185.0,187.4,86.4,27.0,79.3,81.5,64.7,41.1,42.4,24.3,20.6,53.0,57.0,122.3,54.2,74.0,91.3,151.9,57.2,106.1,158.6,138.8,80.2,29.3,53.6,49.9,69.7,83.4,136.1,118.3,63.8,94.3,80.6,110.1,66.8,165.9,88.5,119.3,123.3,197.7,141.5,173.9,162.2,124.4,95.6,173.9,195.0,103.8,189.9,140.1,110.1,106.9,150.3,156.9,103.1,167.8,173.9,192.4,132.4,144.3,206.2,173.9,160.4,121.3,118.3,197.7,218.7,117.3,307.1,313.8,121.3,127.7,229.1,360.9,112.7,313.8,253.2,370.1,352.0,320.8,283.0,313.8,283.0,89.6,118.3,352.0,262.4,35.2,108.5,126.6,76.3,38.4,108.5,86.9,81.5,187.4,195.0,240.6,307.1,253.2,178.2,335.7,253.2,97.5,120.3,352.0,262.4
202609051007,2026-09-05,10,07R,11:20,2026-09-05T11:10:22.158651+09:00,18.4,10.4,38.3,131.9,33.9,35.3,76.4,269.2,16.8,24.3,53.8,152.9,82.5,105.1,89.1,280.4,162.1,320.5,305.9,480.8,25.2,13.2,45.0,104.3,51.7,42.8,89.1,286.4,15.8,28.2,40.5,170.4,101.9,128.2,65.9,263.9,328.3,538.5,373.9,585.3,90.9,79.6,85.2,162.1,93.4,37.2,57.2,184.4,124.6,53.2,86.2,274.7,121.2,146.3,160.2,373.9,305.9,480.8,480.8,708.5,28.5,75.2,66.3,192.3,23.7,38.2,52.5,119.1,77.8,70.1,263.9,299.1,99.7,99.7,269.2,217.1,434.2,240.4,434.2,791.9,160.2,228.1,134.6,354.2,203.9,274.7,140.2,448.7,320.5,207.1,641.0,641.0,177.1,151.2,498.6,448.7,464.2,673.1,673.1,708.5,305.9,220.6,538.5,708.5,498.6,585.3,708.5,611.9,1121,538.5,560.9,611.9,1035,517.7,841.4,1035,560.9,961.6,1346,1035
202609050402,2026-09-05,04,02R,11:24,2026-09-05T11:14:20.675285+09:00,57.9,62.1,21.9,63.9,75.7,142.7,100.5,171.8,96.2,245.9,105.1,190.2,33.8,98.6,133.2,85.4,126.8,245.9,280.4,173.7,53.6,46.7,14.6,39.8,67.7,113.3,37.4,75.0,69.4,150.7,48.7,90.3,13.1,30.1,32.0,10.6,59.4,127.8,91.3,24.0,125.8,199.8,152.2,249.7,122.9,115.8,55.5,95.1,285.4,202.3,253.7,235.0,156.7,94.0,207.5,199.8,326.2,285.4,399.6,420.6,207.5,228.3,164.7,285.4,199.8,275.5,145.3,179.6,275.5,347.4,363.2,333.0,188.0,145.3,399.6,194.9,639.3,257.8,470.1,371.7,41.4,173.7,173.7,86.8,31.7,53.2,69.4,20.0,222.0,114.1,313.4,242.1,199.8,124.8,456.7,202.3,96.8,31.1,202.3,181.6,188.0,290.6,313.4,326.2,190.2,432.0,399.6,83.2,639.3,592.0,551.1,639.3,761.1,444.0,592.0,614.7,242.1,80.3,592.0,380.5
202609051702,2026-09-05,17,02R,11:23,2026-09-05T11:14:20.675285+09:00,24.9,75.2,34.4,86.7,12.2,43.9,5.0,33.2,142.7,110.4,114.1,220.9,32.0,6.3,61.1,37.8,175.6,145.7,326.1,142.7,95.1,228.3,136.9,570.8,167.0,489.2,207.5,253.6,326.1,489.2,342.4,856.2,214.0,220.9,402.9,978.5,684.9,622.7,570.8,526.9,34.7,136.9,12.9,114.1,118.0,175.6,93.8,195.7,201.4,214.0,214.0,526.9,18.5,76.1,100.7,92.5,456.6,402.9,489.2,456.6,402.9,402.9,180.2,360.5,526.9,428.1,326.1,360.5,380.5,570.8,402.9,570.8,228.3,342.4,456.6,684.9,856.2,622.7,360.5,856.2,76.9,17.1,112.2,85.6,207.5,124.5,220.9,297.8,21.6,114.1,207.5,185.1,220.9,273.9,326.1,489.2,195.7,402.9,402.9,526.9,360.5,285.4,570.8,273.9,570.8,207.5,526.9,622.7,526.9,761.0,761.0,622.7,1141,1141,978.5,1712,311.3,1369,489.2,1369
202609051807,2026-09-05,18,07R,11:31,2026-09-05T11:22:19.442090+09:00,7.7,11.3,13.5,64.5,21.1,25.0,28.8,106.2,21.1,34.7,26.5,95.9,25.9,44.9,30.4,99.9,154.0,275.3,266.5,316.8,30.7,24.5,30.7,56.5,103.6,159.9,148.6,493.9,65.6,143.5,87.9,254.4,89.3,117.4,98.2,479.8,305.3,883.9,479.8,699.7,65.6,69.6,60.6,188.7,115.8,122.5,146.0,342.7,117.4,142.3,125.3,294.6,132.2,209.9,149.9,329.3,493.9,524.8,541.7,799.7,53.6,102.4,45.8,167.9,97.0,155.5,106.9,220.9,190.8,236.5,186.6,275.3,84.3,112.7,169.6,186.6,524.8,289.5,541.7,466.5,88.8,106.9,88.8,233.2,104.9,119.9,101.7,365.1,188.7,299.9,275.3,479.8,105.6,130.1,220.9,357.3,579.1,763.3,645.9,599.8,275.3,373.2,559.8,883.9,399.8,622.0,479.8,1049,763.3,645.9,645.9,1049,579.1,430.6,599.8,559.8,883.9,883.9,987.9,763.3
202609051103,2026-09-05,11,03R,11:34,2026-09-05T11:24:22.243481+09:00,43.8,44.9,121.7,40.2,49.0,57.3,160.3,38.8,78.1,117.2,180.9,71.5,201.0,248.3,238.9,383.8,53.8,92.4,85.5,342.3,50.6,51.4,109.1,45.7,57.5,40.8,147.2,23.8,63.6,51.2,194.8,21.6,469.1,308.9,408.5,269.4,51.2,20.5,18.7,162.3,98.1,106.4,124.1,89.1,95.2,50.4,122.9,35.0,166.6,74.5,186.2,54.1,230.2,214.6,294.5,372.5,136.1,37.0,50.4,207.6,175.9,269.4,194.8,103.8,158.3,92.4,234.5,32.8,269.4,127.9,351.8,81.7,351.8,324.7,333.3,258.4,96.6,29.8,74.5,162.3,316.6,308.9,226.1,269.4,469.1,333.3,506.6,422.2,452.3,408.5,703.6,506.6,422.2,527.7,575.7,316.6,527.7,550.6,408.5,372.5,68.4,89.1,102.1,248.3,68.0,32.7,27.7,173.5,180.9,50.2,89.1,395.8,78.6,26.4,70.3,168.8,422.2,469.1,422.2,308.9
202609051303,2026-09-05,13,03R,11:37,2026-09-05T11:28:20.422835+09:00,24.5,12.0,57.5,29.6,38.5,29.0,62.9,65.6,19.0,39.0,48.0,33.5,141.1,111.8,170.4,245.1,54.5,133.1,79.4,245.1,42.6,17.2,80.7,33.7,92.5,45.6,135.6,62.1,33.9,59.4,77.6,21.4,194.1,254.1,168.3,166.3,111.8,106.6,49.3,215.0,109.1,131.8,263.6,215.0,176.9,106.6,157.0,130.6,191.4,125.9,196.8,101.2,411.0,274.0,211.7,232.9,377.7,221.8,133.1,274.0,33.4,97.0,64.1,40.0,33.7,60.7,57.7,28.4,137.0,142.6,176.9,105.0,145.5,142.6,202.5,81.7,88.4,54.5,118.4,105.0,349.3,698.7,310.5,635.2,436.7,399.3,325.0,517.6,873.4,776.4,873.4,931.7,332.7,377.7,698.7,411.0,698.7,559.0,822.0,607.6,155.2,291.1,205.5,873.4,150.2,215.0,87.3,349.3,465.8,279.5,297.3,698.7,208.5,118.4,303.8,388.2,873.4,436.7,698.7,735.5
202609050302,2026-09-05,03,02R,11:41,2026-09-05T11:32:23.628994+09:00,10.7,9.5,43.1,19.0,29.5,35.1,72.1,60.7,17.2,46.9,113.5,77.7,91.9,113.5,117.6,145.1,89.4,153.6,174.1,210.6,13.4,9.2,53.9,21.4,50.8,65.6,78.6,112.5,49.8,87.0,165.3,171.8,117.6,133.2,256.1,189.2,123.2,171.8,256.1,225.1,52.6,63.4,107.0,119.8,65.3,69.1,78.2,133.2,113.5,130.6,181.4,207.3,171.8,129.3,192.0,277.8,237.4,237.4,343.7,450.3,79.1,94.6,110.6,138.9,87.0,146.7,200.9,178.9,103.6,189.2,207.3,261.2,159.2,283.9,229.1,225.1,310.9,277.8,544.2,296.8,165.3,204.0,176.5,277.8,214.1,176.5,326.5,266.5,272.1,266.5,502.3,816.3,266.5,261.2,483.7,373.1,334.9,246.4,567.8,384.1,183.9,246.4,326.5,567.8,241.8,343.7,567.8,408.1,384.1,466.4,450.3,1088,435.3,567.8,687.4,653.0,593.6,353.0,653.0,593.6
202609050903,2026-09-05,09,03R,11:42,2026-09-05T11:32:23.628994+09:00,10.2,26.1,15.9,42.3,12.6,29.7,16.8,48.6,60.9,62.8,76.0,112.3,33.4,36.1,89.4,91.9,128.7,163.5,194.1,179.5,20.4,52.7,28.4,68.4,32.2,61.2,25.0,60.7,149.9,131.0,169.0,257.5,63.8,50.8,147.7,112.0,212.9,200.8,403.6,235.1,29.3,47.3,30.7,103.7,48.8,68.9,34.2,74.5,155.7,158.7,207.5,297.1,80.5,54.1,147.2,146.1,335.2,297.1,388.2,407.7,233.1,231.1,250.4,319.4,292.9,293.9,310.8,282.7,274.1,362.2,468.9,718.0,343.7,303.8,438.5,409.7,503.9,482.9,1248,803.3,88.4,104.2,209.6,159.7,122.1,95.3,227.2,120.5,153.9,119.4,386.3,279.7,373.8,335.2,450.7,497.7,222.2,216.9,302.7,445.7,332.5,551.9,605.4,491.7,450.7,520.0,628.9,592.2,901.5,819.5,1375,803.3,845.1,705.5,1590,1159,533.7,544.5,836.4,1001
202609050203,2026-09-05,02,03R,11:45,2026-09-05T11:36:25.297252+09:00,86.1,59.1,58.4,268.4,108.9,83.8,75.9,260.8,48.7,91.6,27.5,217.8,56.1,66.8,30.3,199.1,336.7,324.9,246.9,385.8,146.9,89.0,112.9,276.4,205.7,127.7,169.9,308.6,87.3,117.2,44.3,203.5,109.5,119.4,41.7,272.3,974.8,578.7,377.9,514.4,148.1,128.6,101.7,127.7,234.4,96.9,131.3,181.5,151.8,101.2,72.9,257.2,130.4,139.2,75.2,243.7,250.2,402.6,440.9,544.7,44.4,63.8,21.2,140.3,60.3,76.2,27.9,151.8,99.5,106.4,53.9,168.3,13.3,14.7,26.9,40.7,217.8,228.6,308.6,151.8,54.1,62.9,26.4,176.3,71.7,100.1,34.8,215.3,98.5,151.8,73.2,324.9,17.3,21.1,36.6,59.1,231.5,342.9,402.6,190.9,402.6,487.4,385.8,487.4,1157,712.3,514.4,617.3,805.2,771.7,661.4,881.9,500.5,561.2,685.9,313.9,487.4,685.9,661.4,289.3
202609052201,2026-09-05,22,01R,11:48,2026-09-05T11:38:27.691369+09:00,10.0,6.5,9.1,16.0,16.4,10.4,19.9,21.1,17.1,50.3,22.7,77.2,28.5,106.4,29.9,92.7,160.3,264.9,231.8,236.0,110.0,44.1,54.3,177.8,295.1,227.8,244.9,499.4,94.0,223.8,131.1,223.8,113.9,276.2,166.4,350.9,683.4,865.6,721.3,927.4,227.8,77.2,220.0,360.6,332.9,270.5,220.0,519.3,93.4,264.9,393.4,447.7,316.7,350.9,418.8,811.5,865.6,763.8,927.4,1180,72.9,87.7,69.8,209.4,104.7,270.5,164.3,295.1,98.3,393.4,360.6,564.5,83.2,135.2,350.9,231.8,381.9,618.3,927.4,405.7,89.5,309.1,89.5,199.7,168.6,332.9,270.5,463.7,405.7,564.5,564.5,1298,116.9,227.8,564.5,393.4,381.9,480.9,1298,721.3,405.7,590.2,1082,541.0,763.8,1082,811.5,1442,721.3,1082,763.8,1298,1180,721.3,998.8,1298,683.4,865.6,1623,1082
202609051008,2026-09-05,10,08R,11:50,2026-09-05T11:40:22.186007+09:00,65.7,41.2,85.0,65.7,67.2,50.5,84.5,48.8,47.5,35.5,56.2,17.4,170.1,127.6,99.3,81.7,70.8,50.3,28.5,84.1,119.3,88.6,135.7,94.2,155.8,130.9,246.7,231.2,125.4,182.7,192.2,96.7,321.7,321.7,344.2,411.1,172.1,246.7,112.1,290.2,127.6,55.8,90.2,68.5,180.5,86.0,154.1,148.0,88.6,123.3,135.7,52.8,162.6,231.2,127.6,250.8,115.6,220.9,65.4,211.4,102.0,59.9,73.2,34.1,149.5,176.2,154.1,73.6,89.7,194.7,138.3,66.3,98.6,200.0,128.7,52.1,30.9,39.4,31.3,37.8,389.5,205.5,138.3,250.8,477.4,308.3,296.0,379.5,389.5,234.9,389.5,344.2,238.7,435.3,400.0,93.6,321.7,379.5,279.2,94.8,84.5,50.1,39.7,172.1,120.3,152.5,87.0,238.7,123.3,164.4,47.9,217.6,30.5,51.7,32.6,39.1,162.6,227.7,170.1,64.6
202609050403,2026-09-05,04,03R,11:53,2026-09-05T11:44:23.663779+09:00,12.7,10.9,89.0,11.6,18.1,24.4,85.0,24.8,15.3,28.4,122.5,19.4,166.9,226.3,342.4,371.0,20.8,40.5,34.5,261.8,48.9,38.9,100.4,39.7,82.4,157.1,182.9,134.9,66.7,162.8,310.6,140.5,132.2,178.0,261.8,296.8,85.6,190.8,171.2,404.7,53.0,78.5,160.9,59.1,103.5,109.4,99.6,89.0,134.9,101.1,238.5,96.7,208.6,180.4,303.5,290.3,136.2,215.4,242.8,404.7,50.9,87.8,171.2,61.8,67.8,188.1,242.8,122.5,137.6,325.7,351.4,202.3,267.1,417.3,445.2,351.4,84.0,137.6,185.5,342.4,169.0,351.4,333.9,430.8,202.3,252.0,381.6,310.6,460.5,534.2,513.7,742.0,460.5,494.6,890.4,702.9,342.4,325.7,607.1,607.1,71.8,103.5,109.4,477.0,110.3,212.0,256.8,477.0,190.8,430.8,261.8,430.8,153.5,272.5,256.8,513.7,477.0,460.5,834.7,834.7
202609051304,2026-09-05,13,04R,12:00,2026-09-05T11:50:24.704151+09:00,17.9,13.0,35.8,27.5,16.6,11.8,30.1,24.9,24.6,15.0,53.1,12.1,75.9,72.5,82.8,78.7,36.8,55.9,23.4,80.7,61.9,83.9,106.3,104.6,127.6,199.4,111.9,155.6,167.9,177.2,335.9,127.6,199.4,245.4,290.1,182.3,265.9,277.5,277.5,227.9,76.8,67.1,116.0,92.5,148.4,127.6,93.8,85.1,111.9,155.6,531.8,120.4,163.6,193.4,277.5,455.8,177.2,236.3,182.3,638.2,98.1,104.6,92.5,68.6,132.9,227.9,255.3,141.8,113.9,236.3,354.5,220.0,172.5,290.1,319.1,303.9,155.6,182.3,398.9,531.8,199.4,245.4,177.2,199.4,335.9,303.9,425.5,182.3,490.9,490.9,455.8,227.9,335.9,425.5,911.7,425.5,531.8,245.4,1595,709.1,122.7,93.8,79.7,220.0,227.9,167.9,91.1,212.7,205.8,354.5,145.0,335.9,193.4,236.3,220.0,580.2,531.8,303.9,797.8,709.1
202609051104,2026-09-05,11,04R,12:02,2026-09-05T11:52:20.207033+09:00,75.4,57.9,70.2,125.3,114.5,115.9,107.8,189.3,58.7,81.3,26.1,82.1,69.7,86.7,35.5,142.7,299.3,265.1,181.9,210.8,168.7,140.5,99.7,159.9,215.7,244.1,162.7,265.1,201.7,250.7,54.5,201.7,215.7,162.7,64.8,331.3,545.8,545.8,319.9,403.4,152.1,106.6,99.7,181.9,231.9,127.1,114.5,178.4,157.2,193.3,68.2,168.7,138.4,147.2,82.8,178.4,441.8,618.6,662.7,515.5,60.6,111.7,23.3,68.2,99.7,138.4,33.3,107.8,140.5,220.9,74.8,171.8,11.7,13.0,25.8,18.1,134.4,162.7,386.6,67.7,69.2,91.8,26.8,79.3,103.1,115.9,44.1,157.2,136.4,132.5,88.3,193.3,20.5,20.9,45.7,28.9,165.6,250.7,197.4,85.1,386.6,189.3,289.9,386.6,545.8,356.8,403.4,579.9,421.7,618.6,579.9,579.9,403.4,488.3,927.9,193.3,403.4,545.8,386.6,181.9
202609051808,2026-09-05,18,08R,12:06,2026-09-05T11:56:20.768388+09:00,6.7,15.6,18.3,6.3,17.0,29.9,48.8,18.1,62.1,46.0,103.3,45.5,49.5,80.7,82.5,45.8,15.3,32.9,81.3,46.0,37.3,59.5,46.5,18.7,128.0,305.5,319.1,157.2,181.2,396.0,534.6,288.9,218.2,403.5,436.4,243.0,58.9,175.2,237.6,185.9,132.8,198.0,163.2,144.4,203.6,356.4,356.4,207.6,396.0,427.7,763.7,1018,381.8,594.0,577.9,611.0,277.7,237.6,891.0,822.5,292.9,436.4,227.5,245.8,419.3,712.8,464.9,362.4,822.5,712.8,668.2,822.5,396.0,577.9,855.4,822.5,628.9,388.8,712.8,855.4,162.0,205.6,260.7,157.2,232.4,628.9,577.9,339.4,548.3,792.0,1257,792.0,368.7,648.0,1069,891.0,211.7,288.9,594.0,668.2,35.8,95.0,185.9,111.3,56.5,179.7,270.7,218.2,240.2,225.1,648.0,648.0,475.2,350.5,594.0,548.3,194.4,240.2,497.3,562.7
202609050303,2026-09-05,03,03R,12:08,2026-09-05T11:58:20.196177+09:00,39.8,20.0,58.3,27.3,63.3,87.9,109.8,108.1,33.8,103.4,95.6,71.0,124.4,135.2,118.1,206.8,56.2,137.8,122.3,226.8,24.9,13.8,48.3,17.4,69.9,65.7,105.7,77.2,19.6,37.8,32.9,18.4,100.4,115.2,70.3,85.2,40.8,79.9,40.1,94.3,94.3,119.1,169.4,178.0,130.2,103.4,132.6,143.5,190.0,167.4,370.1,223.2,171.5,195.3,360.6,270.4,206.8,178.0,281.3,453.7,62.7,173.6,98.3,101.9,48.0,142.0,91.9,59.3,171.5,223.2,351.6,265.3,126.7,110.7,275.7,159.8,180.3,92.5,401.8,206.8,198.1,246.7,167.4,270.4,230.5,242.5,165.4,209.9,293.0,453.7,562.6,485.0,190.0,132.6,502.3,255.7,334.8,216.3,540.9,319.6,54.7,127.8,104.9,238.3,48.8,105.7,53.6,152.8,171.5,178.0,293.0,485.0,154.5,82.2,327.1,265.3,343.0,275.7,305.7,370.1
202609051703,2026-09-05,17,03R,12:11,2026-09-05T12:02:26.713845+09:00,13.0,16.5,97.2,40.6,8.5,6.8,35.3,11.6,21.7,12.0,60.6,19.9,241.2,72.3,177.6,227.1,62.0,24.6,41.5,189.6,65.1,89.6,342.7,125.2,139.5,325.6,514.1,315.1,235.4,390.7,888.1,558.2,888.1,888.1,888.1,1028,501.0,1149,610.5,1395,29.5,20.5,79.1,29.6,97.6,153.8,235.4,191.5,47.4,133.8,257.0,96.2,203.5,424.7,325.6,434.2,88.4,283.1,177.6,476.5,102.8,63.4,176.0,100.7,207.8,355.2,592.0,310.1,99.1,398.7,610.5,253.7,291.6,574.6,542.7,300.6,157.5,222.0,207.8,224.5,849.5,390.7,434.2,610.5,1221,610.5,930.4,976.9,444.0,723.6,1221,849.5,501.0,781.5,976.9,514.1,976.9,1221,1503,1085,300.6,149.1,264.0,849.5,723.6,501.0,723.6,1085,203.5,781.5,444.0,1085,336.8,528.0,434.2,781.5,976.9,1628,1776,849.5
202609050204,2026-09-05,02,04R,12:14,2026-09-05T12:04:22.185816+09:00,81.0,110.8,134.0,262.6,79.5,49.7,59.4,181.1,150.0,72.5,81.5,279.4,153.6,91.5,100.6,262.6,397.9,364.8,354.9,486.4,134.7,210.1,270.7,430.6,152.7,89.9,82.8,276.4,291.8,170.5,238.7,445.2,146.7,136.8,198.9,430.6,820.8,460.8,596.9,583.7,84.1,40.6,33.8,94.8,107.2,51.7,51.1,106.3,33.3,37.7,8.4,27.2,36.3,40.9,10.5,29.8,268.0,140.4,74.6,84.7,149.2,86.9,88.4,252.5,257.5,135.3,146.7,260.0,70.2,80.5,16.6,48.5,71.1,82.6,23.0,65.9,416.9,312.7,150.9,183.6,268.0,88.7,121.6,276.4,345.6,142.7,245.4,222.6,87.2,93.1,24.4,71.1,108.0,168.3,28.4,95.8,202.0,309.0,198.9,186.2,350.2,515.0,610.8,673.5,656.6,875.5,536.0,729.6,583.7,673.5,243.2,301.9,625.4,820.8,328.3,392.0,397.9,486.4,332.4,298.4
202609050904,2026-09-05,09,04R,12:13,2026-09-05T12:04:22.185816+09:00,15.1,20.7,10.1,9.7,26.0,42.0,25.9,28.8,39.4,62.9,43.2,35.9,18.6,39.5,54.5,17.7,16.9,46.4,46.5,22.3,89.2,75.9,46.0,41.9,188.2,353.8,230.1,316.8,266.1,449.2,290.8,292.8,115.5,258.1,281.1,149.5,100.7,267.0,315.6,157.8,157.5,140.3,123.9,179.1,255.7,333.0,286.8,309.9,237.8,345.1,302.1,408.2,235.2,278.4,315.6,333.0,375.7,469.1,459.0,534.0,183.0,191.6,139.2,155.5,312.1,454.1,280.2,329.1,311.0,713.5,385.9,598.0,166.5,214.4,246.8,176.9,262.9,398.6,653.2,299.0,72.4,138.9,156.0,67.2,138.9,321.6,308.7,137.8,314.5,442.2,464.0,418.3,269.5,338.3,404.3,267.8,110.4,161.7,353.8,284.0,73.6,184.2,177.6,92.6,122.7,412.2,389.5,211.2,402.4,648.2,779.0,569.9,361.3,537.4,793.6,361.3,152.4,241.2,449.2,343.7
202609052202,2026-09-05,22,02R,12:18,2026-09-05T12:08:20.300007+09:00,53.8,70.2,134.6,269.2,63.1,21.3,37.2,175.6,59.8,21.8,19.3,77.6,104.9,53.8,35.4,134.6,425.1,244.7,175.6,336.5,136.9,128.2,132.4,310.7,224.3,168.2,179.5,384.6,201.9,183.5,110.6,260.5,161.5,244.7,171.8,269.2,323.1,673.1,734.3,621.4,110.6,25.1,49.8,158.3,164.8,118.7,87.8,237.5,33.8,54.2,22.1,90.7,95.0,146.8,31.9,122.3,384.6,403.9,164.8,175.6,67.3,29.0,20.7,56.4,130.2,164.8,106.2,183.5,36.8,120.5,28.2,92.8,19.3,44.1,28.0,32.9,102.2,175.6,171.8,84.1,197.0,155.3,42.0,141.7,336.5,192.3,155.3,475.1,146.8,212.5,75.4,252.4,42.2,109.1,73.4,78.4,183.5,310.7,230.8,109.1,734.3,673.1,351.2,1009,673.1,734.3,475.1,351.2,621.4,673.1,504.8,734.3,323.1,538.5,538.5,260.5,475.1,367.1,448.7,269.2
202609050404,2026-09-05,04,04R,12:22,2026-09-05T12:12:24.947148+09:00,12.9,41.4,15.6,89.0,19.4,54.0,16.4,159.4,70.0,102.2,66.7,248.3,18.7,21.3,79.1,333.7,240.0,339.0,496.7,791.1,29.7,58.6,31.0,172.2,36.4,75.7,27.2,209.4,104.7,120.6,111.2,323.6,38.2,39.1,97.9,270.4,220.2,521.0,464.3,427.2,38.0,86.1,30.3,175.1,44.6,73.4,30.0,130.2,169.5,116.7,108.4,309.5,35.4,34.6,92.0,116.7,464.3,427.2,454.5,474.7,100.7,152.5,88.2,267.0,185.7,189.0,182.5,305.1,234.7,232.1,182.5,410.8,99.8,94.5,142.4,284.8,762.9,403.0,496.7,736.6,43.1,50.8,128.6,333.7,68.2,52.2,160.6,381.4,48.9,50.0,163.0,130.2,182.5,149.3,207.4,562.1,496.7,474.7,667.5,593.3,374.7,388.4,610.3,854.4,577.3,928.7,1186,928.7,928.7,1186,821.6,1256,689.1,971.0,791.1,1424,928.7,736.6,1068,854.4
202609051009,2026-09-05,10,09R,12:25,2026-09-05T12:16:23.374189+09:00,14.1,36.5,15.5,129.0,25.3,43.8,28.6,268.0,77.0,58.2,78.4,115.3,34.5,28.6,71.4,300.3,197.9,355.5,355.5,483.9,17.3,47.2,16.1,129.0,33.6,67.7,18.2,328.7,98.9,147.6,92.1,405.1,30.9,21.2,82.9,260.0,483.9,580.7,829.6,414.8,47.0,75.4,33.1,179.6,57.6,71.1,26.7,181.4,141.6,132.9,165.9,387.1,46.2,32.6,107.5,335.0,622.2,483.9,757.5,1024,131.9,189.3,126.2,305.6,154.1,161.3,124.4,281.0,232.3,232.3,248.8,645.2,146.4,162.8,256.2,670.0,580.7,497.7,622.2,1161,51.5,50.0,152.8,527.9,53.7,30.1,123.5,311.1,65.0,41.1,195.7,395.9,181.4,189.3,232.3,414.8,580.7,757.5,791.9,562.0,378.7,348.4,645.2,871.1,645.2,562.0,871.1,1161,1451,600.7,791.9,1024,916.9,871.1,967.9,1583,562.0,967.9,1244,1742
202609051305,2026-09-05,13,05R,12:31,2026-09-05T12:22:25.077236+09:00,33.9,12.5,27.0,85.7,65.5,39.6,76.4,153.8,14.5,31.5,19.0,103.4,47.2,97.5,40.6,190.5,114.3,292.7,226.4,333.3,68.1,25.7,44.1,230.7,150.0,87.6,139.5,461.5,28.9,53.3,26.7,181.8,95.2,169.0,47.6,400.0,1000,857.2,571.5,666.7,137.9,81.0,105.2,352.9,171.4,97.5,148.1,352.9,153.8,100.8,141.1,363.6,210.5,214.3,173.9,400.0,750.0,1000,857.2,1000,15.0,73.6,24.7,133.3,23.1,50.6,21.7,150.0,118.8,83.3,120.0,352.9,28.5,23.2,85.1,113.2,279.1,222.2,857.2,480.0,144.5,193.5,86.9,300.0,157.9,266.7,85.1,413.8,352.9,352.9,342.9,750.0,79.4,72.2,190.5,363.6,444.5,521.8,750.0,600.0,428.6,444.5,342.9,600.0,750.0,923.1,545.5,923.1,1333,1714,923.1,1000,428.6,500.0,1200,923.1,600.0,750.0,1091,923.1
202609051105,2026-09-05,11,05R,12:33,2026-09-05T12:24:22.984742+09:00,24.2,12.9,62.4,72.8,28.5,14.3,79.6,40.0,9.1,7.4,20.4,17.8,117.5,124.9,82.4,252.5,232.7,70.6,56.7,312.3,121.1,44.6,136.4,174.5,223.9,312.3,382.8,215.7,72.3,191.4,282.5,211.9,349.0,329.6,409.2,1318,791.2,593.4,516.0,593.4,90.5,37.3,121.1,86.0,228.2,156.1,182.5,164.8,93.4,188.3,439.5,276.0,197.8,204.6,282.5,382.8,289.4,312.3,565.1,698.1,21.1,17.2,33.4,26.7,59.9,123.6,179.8,139.6,43.4,182.5,228.2,174.5,70.6,144.7,160.3,136.4,141.2,177.1,269.7,276.0,219.7,263.7,139.6,215.7,339.0,395.6,439.5,565.1,516.0,539.4,791.2,439.5,194.5,539.4,791.2,659.3,516.0,791.2,659.3,1078,423.8,223.9,312.3,474.7,1186,382.8,474.7,1318,516.0,539.4,659.3,791.2,409.2,474.7,698.1,1186,659.3,989.0,698.1,1483
202609050304,2026-09-05,03,04R,12:35,2026-09-05T12:26:20.862305+09:00,44.1,76.4,65.1,96.8,60.6,152.9,48.1,148.6,97.7,142.6,113.4,202.9,95.9,67.2,111.0,211.0,152.9,199.1,270.5,251.2,41.2,90.9,59.2,104.4,40.7,35.2,12.8,65.5,100.5,62.8,53.0,115.9,61.0,17.4,52.2,81.8,199.1,112.2,199.1,144.5,70.3,114.7,61.7,206.9,59.6,42.0,15.3,78.1,125.6,78.1,73.2,144.5,54.1,19.5,54.1,61.0,277.7,157.5,245.4,191.8,245.4,188.4,104.4,164.8,173.0,101.4,85.7,162.3,144.5,142.6,112.2,178.8,135.2,88.6,121.3,130.2,390.8,202.9,422.1,164.8,117.2,69.4,108.7,188.4,119.9,26.2,79.9,99.5,89.4,28.6,83.0,98.6,159.8,97.7,122.7,175.8,257.3,148.6,128.6,219.8,285.2,329.7,376.9,555.4,340.4,340.4,439.7,351.7,586.2,439.7,527.6,439.7,586.2,586.2,879.4,390.8,527.6,363.9,329.7,422.1
202609051704,2026-09-05,17,04R,12:38,2026-09-05T12:28:20.896824+09:00,40.0,10.9,,78.7,72.5,69.2,,120.2,13.7,53.1,,53.1,,,,,117.1,212.4,115.6,,51.0,11.3,,101.5,100.4,46.3,,152.2,10.2,18.8,,28.5,,,,,207.6,246.9,77.4,,194.4,111.4,,365.4,154.8,66.6,,190.3,117.1,78.7,,138.4,,,,,397.2,351.4,212.4,,9.1,45.6,,35.0,8.2,19.6,,19.2,85.3,50.7,,85.3,,,,,31.7,21.7,57.8,,,,,,,,,,,,,,,,,,,,,,182.7,276.8,169.2,,207.6,182.7,108.7,,415.3,380.7,253.8,,147.3,78.0,169.2,,,,,
202609051809,2026-09-05,18,09R,12:41,2026-09-05T12:32:24.935382+09:00,4.9,9.8,32.5,21.1,6.8,8.0,20.5,18.7,18.7,15.7,34.0,32.2,87.0,63.4,100.3,167.3,64.9,57.4,83.8,171.8,36.4,70.6,136.8,121.4,112.1,347.2,489.3,354.9,208.3,398.7,609.4,319.7,609.4,849.9,1009,978.7,367.0,566.6,645.9,1076,50.3,77.6,124.7,136.2,149.5,227.4,419.4,430.6,175.5,307.6,672.8,504.6,436.4,659.1,547.4,828.1,408.8,556.8,751.1,1404,141.0,134.5,155.2,181.4,296.3,468.0,367.0,347.2,299.0,520.9,609.4,717.7,301.8,717.7,787.7,717.7,419.4,389.1,751.1,609.4,424.9,329.5,461.4,769.0,659.1,949.9,949.9,949.9,621.1,949.9,1196,1291,461.4,897.1,1196,1404,587.2,1153,1113,1196,215.3,187.7,403.7,609.4,358.8,496.9,787.7,978.7,576.7,672.8,1076,1153,659.1,633.3,1242,1076,1242,1404,1538,1404
202609050205,2026-09-05,02,05R,12:44,2026-09-05T12:34:24.529434+09:00,59.6,29.9,130.6,58.4,75.9,41.3,110.0,63.9,20.1,23.3,63.9,15.1,195.5,170.9,131.9,143.8,85.4,80.8,35.6,172.0,178.8,57.5,323.5,121.8,295.4,186.1,362.4,256.4,74.4,188.7,269.1,79.0,476.8,305.4,289.1,352.9,261.3,331.4,130.0,453.0,177.6,83.6,160.8,94.3,269.1,133.2,192.7,166.7,75.2,97.4,180.0,78.7,236.3,327.4,173.1,217.4,187.4,234.3,108.7,388.2,19.0,22.2,47.1,13.1,38.9,101.4,126.4,41.2,48.4,104.9,150.1,51.1,78.1,164.7,137.9,63.3,16.7,32.5,39.4,56.0,522.7,244.8,199.8,312.4,543.6,344.0,532.9,357.6,240.5,271.8,254.0,319.7,228.4,512.8,254.0,201.3,298.6,522.7,453.0,234.3,162.7,128.2,47.9,289.1,305.4,418.1,183.6,476.8,228.4,339.7,128.8,460.6,42.7,109.1,89.4,182.4,399.7,578.3,503.3,256.4
202609050905,2026-09-05,09,05R,12:44,2026-09-05T12:34:24.529434+09:00,13.6,23.1,13.0,44.0,20.4,36.9,25.5,60.1,47.1,63.4,48.9,96.0,24.9,40.8,56.8,76.5,140.0,191.0,191.9,196.4,24.1,32.7,19.8,63.5,56.8,86.3,41.5,115.7,90.2,117.0,55.9,95.3,39.1,46.9,56.4,61.2,270.4,234.6,228.2,179.1,78.7,106.2,84.9,200.2,108.3,131.4,86.3,181.1,206.7,191.0,227.0,301.8,157.7,113.0,233.3,267.0,338.6,295.4,501.8,501.8,107.4,161.7,90.0,168.3,146.1,184.3,85.7,152.8,261.9,281.4,306.2,433.9,82.5,65.9,151.4,66.0,247.2,219.8,548.0,142.9,53.1,102.4,115.8,133.7,70.3,96.7,102.8,96.7,222.7,158.3,383.9,376.9,137.2,106.1,247.2,109.6,275.8,187.6,350.0,208.2,433.9,586.6,511.1,443.1,631.1,537.4,570.6,416.5,808.8,730.7,1081,850.1,816.7,612.5,1173,394.8,548.0,402.4,724.4,396.7
202609052203,2026-09-05,22,03R,12:49,2026-09-05T12:40:25.441291+09:00,24.7,42.3,14.8,33.7,64.2,39.0,82.4,140.4,94.8,46.2,102.4,133.0,25.8,65.3,63.2,39.9,84.2,116.6,137.9,74.3,30.5,23.6,14.8,27.7,66.5,65.3,105.3,237.0,97.2,120.3,58.7,96.0,16.6,68.9,40.3,22.2,88.1,291.7,133.0,54.1,105.3,42.6,69.5,145.8,172.3,164.8,105.3,229.8,58.3,176.3,223.0,399.1,135.4,199.5,291.7,316.0,689.5,379.2,541.7,689.5,270.8,59.7,184.9,329.7,184.9,329.7,116.6,505.6,61.1,421.3,329.7,632.0,151.6,133.0,316.0,291.7,474.0,541.7,689.5,446.1,59.2,137.9,126.4,85.2,36.1,114.9,128.5,34.0,158.0,223.0,399.1,344.7,204.9,143.1,583.4,204.9,106.8,75.0,399.1,344.7,303.3,399.1,632.0,291.7,316.0,689.5,758.4,154.7,632.0,583.4,948.0,399.1,505.6,583.4,842.7,421.3,154.7,108.3,421.3,541.7
202609050405,2026-09-05,04,05R,12:52,2026-09-05T12:42:21.451233+09:00,32.3,63.1,239.7,251.7,17.1,16.0,74.3,75.6,75.4,48.6,269.0,188.4,291.2,248.1,463.7,749.8,510.7,383.0,510.7,859.6,46.2,85.7,217.5,277.5,36.3,35.1,177.1,145.6,139.8,68.1,607.6,435.1,383.0,451.8,577.7,691.0,496.3,597.3,652.6,749.8,10.1,8.5,48.0,41.8,15.8,14.2,71.6,62.4,9.3,9.7,47.1,26.8,122.3,144.4,153.2,234.9,119.4,179.8,108.7,293.7,125.8,67.1,296.1,311.8,136.0,81.5,489.5,383.0,44.2,48.6,217.5,121.9,396.0,510.7,391.6,482.7,469.9,451.8,323.3,704.8,476.2,367.1,618.3,927.4,534.0,482.7,734.2,819.6,429.8,749.8,482.7,1136,783.2,1068,1355,927.4,1355,1006,2073,1762,766.1,469.9,734.2,1678,1136,859.6,1532,881.1,691.0,1101,518.2,2202,819.6,1215,607.6,2202,1854,1305,1854,1854
202609051010,2026-09-05,10,10R,12:58,2026-09-05T12:48:27.043189+09:00,14.1,13.1,8.1,57.2,41.6,65.6,54.6,174.5,38.6,65.8,48.4,124.5,18.3,55.5,49.9,34.4,154.7,265.2,291.8,234.7,21.6,15.4,9.4,66.1,56.7,98.6,57.8,300.3,46.7,125.3,58.1,185.6,18.5,52.7,53.1,125.3,255.3,658.9,475.0,408.5,105.8,106.9,85.1,158.3,171.6,123.7,117.3,283.6,265.2,237.5,352.1,364.7,158.3,174.5,222.0,567.3,600.7,618.9,600.7,704.3,112.8,208.4,105.8,246.0,133.5,224.4,128.4,268.7,276.0,340.4,340.4,537.5,132.6,187.3,352.1,378.2,510.6,425.5,704.3,756.5,54.4,152.4,109.8,265.2,60.9,101.6,133.5,212.7,237.5,138.9,444.0,392.8,184.0,258.5,583.6,358.3,400.5,340.4,583.6,425.5,291.8,364.7,486.3,680.8,392.8,680.8,756.5,817.0,1201,756.5,1075,817.0,851.0,972.6,1459,1201,756.5,1075,1276,1075
202609050305,2026-09-05,03,05R,13:02,2026-09-05T12:52:19.204689+09:00,85.8,126.8,121.4,162.7,107.1,122.3,29.9,196.0,147.4,130.6,70.1,164.2,82.9,25.0,46.6,110.5,257.4,331.7,338.2,319.4,128.7,193.8,156.8,215.6,193.8,191.6,113.4,345.0,210.3,215.6,207.8,420.7,196.0,101.4,172.5,313.6,492.8,345.0,575.0,383.3,146.1,111.2,44.4,278.2,185.4,128.7,88.9,230.0,152.6,174.2,36.4,242.9,33.1,59.2,21.1,89.8,479.1,359.3,466.2,282.7,202.9,144.9,69.2,169.1,253.6,218.3,143.7,319.4,156.8,212.9,41.8,265.3,46.0,81.3,24.3,54.0,313.6,302.6,492.8,154.0,57.1,20.8,33.0,74.3,88.9,37.5,46.1,108.4,19.3,25.6,12.5,56.0,33.4,36.0,15.9,47.7,109.8,116.5,77.0,75.6,539.0,442.3,479.1,556.4,690.0,958.3,750.0,690.0,638.8,1014,690.0,492.8,594.8,690.0,907.8,261.3,479.1,594.8,375.0,273.8
202609051705,2026-09-05,17,05R,13:03,2026-09-05T12:54:20.121238+09:00,27.0,26.5,29.1,8.7,36.4,39.8,45.3,25.3,59.0,85.5,76.9,36.6,65.2,66.4,83.5,24.0,9.1,37.2,21.3,14.5,155.6,155.6,114.1,65.8,311.2,684.7,402.7,228.2,236.1,489.1,427.9,326.0,171.1,380.4,402.7,190.2,84.5,402.7,175.5,207.5,220.8,190.2,110.4,273.9,244.5,207.5,175.5,236.1,236.1,273.9,570.6,402.7,263.3,236.1,285.3,456.5,427.9,380.4,456.5,855.9,236.1,402.7,201.3,175.5,297.7,489.1,526.7,180.1,360.3,570.6,526.7,402.7,167.0,311.2,311.2,297.7,273.9,152.1,311.2,456.5,175.5,185.0,195.6,142.6,297.7,244.5,342.3,402.7,326.0,380.4,978.2,489.1,326.0,570.6,253.6,402.7,190.2,220.8,489.1,570.6,16.2,65.2,44.4,19.1,25.1,116.0,159.2,97.8,244.5,244.5,326.0,342.3,190.2,201.3,326.0,195.6,102.2,136.9,342.3,207.5
202609051106,2026-09-05,11,06R,13:06,2026-09-05T12:56:18.627411+09:00,12.3,89.4,89.4,45.8,12.1,50.0,50.7,27.9,155.0,100.4,266.8,208.6,180.8,159.5,206.0,325.5,104.3,91.4,275.8,353.8,16.3,150.7,94.6,53.7,16.4,92.4,51.8,34.7,353.8,250.4,397.0,325.5,162.7,115.4,478.7,175.0,153.5,121.4,346.3,452.1,13.1,46.9,44.3,14.4,13.4,45.5,36.0,12.7,142.7,166.1,239.3,26.7,51.6,52.5,242.9,25.3,80.9,82.2,219.9,214.1,353.8,285.5,235.9,254.3,542.6,290.6,378.5,266.8,319.1,525.0,465.0,369.9,339.1,439.9,378.5,417.3,452.1,452.1,775.1,465.0,295.9,285.5,266.8,301.4,406.9,290.6,581.3,439.9,332.2,319.1,626.0,428.3,428.3,904.3,775.1,651.1,465.0,651.1,561.3,678.2,346.3,189.2,439.9,542.6,493.2,180.8,602.8,707.7,232.5,191.5,1017,525.0,856.7,739.9,1162,1162,957.5,739.9,739.9,1252
202609051306,2026-09-05,13,06R,13:10,2026-09-05T13:01:28.942382+09:00,26.7,12.4,70.2,136.8,22.8,8.9,52.4,120.5,7.4,4.1,16.4,37.1,159.2,132.8,70.5,419.0,228.8,336.2,184.0,716.7,167.1,110.7,324.2,648.5,320.4,324.2,363.1,1513,124.3,234.8,453.9,619.0,605.2,756.6,778.2,1433,1702,1433,1134,2269,163.1,55.8,234.8,477.8,289.7,238.9,368.0,680.9,68.9,174.6,289.7,461.6,383.6,453.9,534.0,1238,1361,1815,1008,1815,18.4,13.5,24.7,54.4,51.6,90.1,162.1,269.6,38.2,97.2,172.3,324.2,57.2,153.0,150.4,173.4,172.3,412.6,592.1,302.6,461.6,425.5,189.1,1008,446.5,851.1,972.7,939.2,664.3,736.1,778.2,1602,254.5,878.6,778.2,939.2,1513,1089,1089,1184,972.7,778.2,477.8,1602,1513,2095,1238,1815,1513,1702,1184,1702,523.8,851.1,1008,1184,1702,1297,1815,1008
202609051810,2026-09-05,18,10R,13:12,2026-09-05T13:02:19.570610+09:00,4.5,5.7,18.2,29.1,11.0,15.1,28.1,42.8,15.6,30.3,24.2,51.1,55.6,88.7,77.0,159.2,102.7,167.0,174.2,245.4,20.8,25.7,61.0,104.1,100.2,143.1,247.9,273.3,82.6,143.1,253.1,242.9,282.9,267.2,445.4,462.5,338.7,429.5,429.5,890.8,85.5,107.8,121.4,179.4,162.5,231.2,394.3,429.5,218.6,218.6,632.9,572.6,338.7,421.9,501.0,650.0,501.0,586.6,1002,1045,77.8,165.8,132.1,233.5,131.4,203.8,296.9,267.2,407.6,364.4,687.2,1145,224.7,490.8,829.3,522.8,511.7,320.7,751.6,925.0,273.3,231.2,282.9,358.9,429.5,546.6,668.1,728.8,462.5,616.7,751.6,632.9,300.6,601.3,1093,1093,1045,962.1,1503,1603,273.3,296.9,650.0,962.1,462.5,668.1,421.9,1336,1002,601.3,1336,1145,859.0,394.3,1414,1145,1045,1202,1265,1503
202609050206,2026-09-05,02,06R,13:14,2026-09-05T13:04:21.470260+09:00,39.7,72.1,91.7,186.1,56.6,113.2,133.1,241.1,106.0,130.4,129.9,225.7,144.6,164.0,189.4,365.8,328.1,418.7,297.4,475.0,42.7,58.5,69.9,123.3,35.1,15.5,18.5,28.2,54.4,22.0,21.3,46.0,82.2,34.8,35.1,95.8,210.7,74.3,103.3,151.5,64.5,121.4,99.7,136.5,43.0,24.1,28.3,38.4,113.6,45.5,65.8,137.7,127.3,57.1,75.7,136.0,374.4,118.3,242.9,224.1,104.0,143.3,138.3,256.6,77.4,37.2,32.2,77.0,133.1,61.3,79.3,171.1,102.6,45.8,69.1,99.1,256.6,175.8,276.7,165.7,210.7,227.3,250.6,378.9,156.7,86.4,79.9,197.6,202.7,97.3,118.7,208.0,200.1,82.2,116.5,173.9,442.0,357.6,357.6,345.9,497.3,530.4,600.5,723.3,530.4,144.6,335.0,374.4,548.7,186.1,448.2,475.0,740.1,357.6,435.9,489.6,530.4,397.8,475.0,335.0
202609050906,2026-09-05,09,06R,13:15,2026-09-05T13:06:20.648463+09:00,9.0,15.4,39.1,11.6,14.5,24.7,46.9,22.1,36.2,48.5,69.5,37.1,103.7,119.7,177.0,129.3,25.0,38.7,54.4,114.6,20.4,38.2,85.1,23.2,38.6,66.5,152.5,29.6,102.3,110.1,255.3,87.5,229.3,302.9,417.8,282.6,44.0,41.9,93.9,212.7,62.0,102.1,171.3,92.6,79.7,105.2,231.3,67.3,193.9,146.2,411.3,183.5,374.8,339.9,559.3,533.9,172.4,100.2,227.3,621.8,140.0,191.5,266.9,127.5,187.4,184.4,372.2,150.5,265.6,227.8,700.0,322.2,416.1,469.8,542.1,394.4,173.3,177.0,341.0,508.2,339.9,438.6,531.2,553.4,501.0,644.5,550.5,421.1,677.6,935.5,1174,1174,618.2,673.3,1026,832.3,1187,1258,1372,1136,82.8,135.3,164.9,365.7,84.6,80.8,182.8,800.8,259.1,148.6,333.4,919.2,233.8,221.6,401.9,806.9,574.5,806.9,1057,987.9
202609050406,2026-09-05,04,06R,13:22,2026-09-05T13:12:22.494473+09:00,61.5,54.8,96.2,38.6,68.1,46.0,69.4,37.9,56.3,46.4,55.5,16.7,135.6,115.2,99.5,65.0,38.9,41.8,18.3,44.4,126.3,100.8,163.8,74.7,197.8,211.1,266.6,171.9,186.1,305.4,308.4,114.4,260.0,342.0,331.2,255.8,116.5,243.9,137.4,249.7,153.4,99.5,143.6,77.1,207.0,141.1,141.7,119.6,110.0,146.3,147.0,58.7,201.7,240.1,171.9,136.2,70.5,150.5,58.1,121.9,113.5,124.8,90.6,30.4,152.0,234.8,264.4,102.4,165.6,245.8,171.0,82.3,117.4,229.6,180.8,44.1,27.0,76.9,52.4,39.0,251.7,231.3,187.2,104.5,361.6,342.0,308.4,286.0,327.7,443.1,305.4,220.0,170.0,338.3,321.0,75.4,101.8,217.0,172.8,76.9,62.9,55.1,30.4,73.3,100.8,195.4,121.4,208.3,98.9,191.8,74.0,142.3,33.0,88.1,66.5,48.8,99.5,209.7,163.0,66.8
202609052204,2026-09-05,22,04R,13:25,2026-09-05T13:16:20.863625+09:00,35.8,121.2,106.2,103.3,28.7,21.7,24.2,20.5,121.2,47.5,126.2,105.5,148.1,65.8,194.9,96.8,143.9,44.7,124.2,96.8,90.0,194.9,205.3,185.5,106.9,88.0,116.6,64.1,252.5,290.6,270.2,233.3,248.4,244.5,375.6,233.3,275.0,148.1,453.0,466.7,31.0,23.4,24.4,17.4,60.1,70.6,46.3,27.9,41.8,65.2,51.5,37.5,35.8,54.6,75.1,18.2,27.5,35.6,38.8,22.5,342.3,72.6,366.7,236.9,385.0,366.7,531.1,405.3,77.0,244.5,211.0,130.5,669.7,669.7,481.3,358.2,366.7,405.3,187.8,350.0,481.3,127.3,350.0,211.0,592.4,275.0,770.1,334.8,130.5,256.7,308.0,88.5,733.5,1184,531.1,440.1,233.3,350.0,132.7,416.3,220.0,90.6,285.2,244.5,385.0,194.9,416.3,350.0,96.8,122.2,116.6,90.6,427.8,592.4,183.3,366.7,285.2,440.1,122.2,366.7
202609050306,2026-09-05,03,06R,13:29,2026-09-05T13:20:20.387657+09:00,35.7,91.6,38.5,93.3,32.4,77.8,14.0,71.5,163.3,174.6,168.8,242.3,37.7,17.1,74.7,61.0,208.6,178.8,306.6,153.3,67.6,119.2,65.3,128.4,81.6,108.8,31.6,129.5,214.6,224.2,234.7,455.2,67.3,34.7,128.4,145.8,288.9,214.6,366.4,242.3,47.5,98.8,20.2,102.2,81.2,129.5,40.0,123.1,214.6,217.7,140.4,319.6,17.5,26.7,66.7,40.8,187.8,168.8,313.0,135.3,417.3,313.0,154.8,300.4,300.4,341.4,278.2,333.8,192.6,341.4,231.1,366.4,165.0,178.8,181.0,178.8,455.2,326.6,556.4,278.2,55.4,20.8,102.2,53.8,74.0,40.9,137.8,93.3,20.8,32.3,83.0,46.2,220.9,150.2,163.3,192.6,72.9,114.6,61.3,200.3,341.4,294.5,406.0,217.7,429.2,518.0,518.0,429.2,385.2,469.5,395.3,278.2,790.7,682.9,682.9,556.4,263.5,333.8,246.2,429.2
202609051706,2026-09-05,17,06R,13:31,2026-09-05T13:22:22.136195+09:00,35.6,38.6,72.8,18.5,47.8,83.2,101.6,46.0,58.8,128.7,187.2,72.2,168.1,109.8,130.7,52.1,24.3,73.5,96.9,49.9,63.3,66.4,108.3,18.6,79.2,72.8,112.8,30.8,79.9,95.7,116.0,19.3,147.0,117.6,126.7,61.9,22.4,18.8,14.7,37.4,139.6,130.7,119.3,139.6,128.7,122.9,122.9,51.8,171.6,200.9,433.5,257.4,316.8,205.9,274.5,411.8,274.5,70.4,305.0,633.6,168.1,222.6,216.7,124.8,89.5,164.7,101.6,41.6,284.0,216.7,235.3,171.6,175.2,211.2,249.6,144.5,89.5,55.6,175.2,152.5,242.2,135.0,211.2,191.5,257.4,183.0,316.8,284.0,374.4,284.0,823.7,588.3,329.4,374.4,748.8,216.7,343.2,249.6,549.1,257.4,53.8,171.6,211.2,316.8,56.8,73.5,63.8,179.0,242.2,109.8,294.1,343.2,196.1,92.5,216.7,161.5,358.1,242.2,284.0,183.0
202609051011,2026-09-05,10,11R,13:33,2026-09-05T13:24:23.918488+09:00,42.9,46.3,87.7,165.5,40.5,27.6,56.4,136.6,57.5,34.6,70.4,147.9,138.1,102.8,154.3,265.9,260.3,446.3,301.1,640.9,77.6,71.4,131.5,170.0,82.2,32.2,98.0,201.5,87.7,38.3,91.5,208.3,297.5,173.5,208.3,423.6,480.7,520.7,490.1,675.6,49.8,23.3,39.1,106.8,75.7,24.2,57.4,127.5,24.7,17.3,11.7,31.3,80.1,80.1,39.3,97.6,260.3,210.0,109.6,227.2,83.8,55.3,74.1,192.2,90.9,33.4,56.4,164.4,43.6,23.5,18.1,48.3,69.0,64.5,38.2,78.6,403.1,352.0,189.3,423.6,342.4,233.6,215.5,675.6,694.3,297.5,252.5,862.0,257.7,242.7,112.6,520.7,294.0,290.6,128.1,396.7,892.7,1136,657.8,925.8,499.9,384.5,581.3,1086,833.2,657.8,543.4,1249,1190,657.8,416.6,781.1,892.7,925.8,324.6,1136,1041,1315,806.3,892.7
202609051107,2026-09-05,11,07R,13:36,2026-09-05T13:26:18.231514+09:00,52.5,75.4,140.7,83.2,37.6,14.6,65.6,22.8,28.9,13.0,27.3,9.8,200.8,170.6,103.4,124.1,51.5,22.6,10.4,52.5,168.5,220.2,184.5,187.0,213.3,620.6,440.4,239.5,379.2,525.1,568.9,390.1,505.7,401.6,650.2,568.9,350.1,359.3,379.2,1137,128.8,48.2,92.2,71.1,187.0,235.4,210.0,148.4,96.8,267.7,262.5,114.7,197.8,252.8,333.0,426.7,132.5,257.6,189.6,413.7,132.5,39.3,58.3,17.0,359.3,303.4,317.5,223.8,43.7,505.7,317.5,43.2,187.0,390.1,325.1,235.4,22.3,132.5,102.6,121.9,284.4,220.2,184.5,197.8,470.8,426.7,682.7,682.7,401.6,440.4,758.5,455.1,426.7,853.4,682.7,455.1,341.3,803.2,682.7,568.9,45.5,73.8,25.1,148.4,390.1,278.6,310.3,758.5,166.5,296.8,252.8,359.3,38.0,248.2,53.7,252.8,278.6,758.5,682.7,546.1
202609051307,2026-09-05,13,07R,13:39,2026-09-05T13:30:28.094617+09:00,16.1,39.4,61.9,118.3,8.0,7.6,13.1,31.2,44.8,23.0,58.8,101.6,97.0,45.0,103.5,182.5,111.0,165.7,219.8,359.0,76.9,173.7,158.3,276.1,97.9,256.4,170.9,489.5,219.8,269.2,448.7,316.7,371.4,307.7,316.7,512.8,538.5,430.8,598.3,828.5,13.1,10.0,14.3,37.7,44.5,70.8,97.0,207.1,35.0,82.2,56.9,132.9,61.1,121.0,104.5,283.4,195.8,336.5,336.5,489.5,145.5,143.6,119.6,215.4,203.2,224.3,269.2,283.4,145.5,199.4,176.5,430.8,262.7,291.1,234.1,359.0,299.1,283.4,769.3,359.0,250.4,149.5,256.4,430.8,276.1,347.4,430.8,512.8,219.8,347.4,468.2,1077,371.4,633.5,673.1,468.2,489.5,512.8,1538,598.3,430.8,316.7,414.2,897.5,769.3,897.5,598.3,718.0,828.5,828.5,828.5,769.3,566.8,448.7,718.0,633.5,1077,566.8,828.5,769.3
202609050207,2026-09-05,02,07R,13:45,2026-09-05T13:36:23.373901+09:00,26.2,33.8,72.9,93.2,15.1,5.7,24.8,23.9,20.7,8.7,22.7,32.3,99.9,67.3,59.1,161.1,171.9,94.4,96.7,242.3,102.9,114.0,190.0,258.6,181.0,171.9,248.2,580.7,198.5,260.8,439.7,669.1,504.6,320.6,226.3,641.2,732.9,831.9,879.4,1061,41.6,17.3,57.8,68.1,123.6,107.2,150.8,252.3,29.5,101.5,102.9,114.8,97.4,186.5,156.2,338.2,250.2,496.4,342.0,615.6,83.4,26.6,52.7,80.3,131.5,162.0,158.6,285.0,41.5,99.6,112.7,156.2,74.8,203.8,150.8,224.6,202.5,389.6,317.3,353.8,293.1,192.3,196.0,433.5,380.0,298.8,353.8,473.5,136.8,295.9,223.0,459.4,285.0,446.1,248.2,446.1,521.7,879.4,789.2,769.5,384.7,295.9,327.4,641.2,732.9,992.9,1026,992.9,394.6,879.4,570.0,879.4,421.6,992.9,415.9,961.9,810.0,932.7,810.0,961.9
202609050907,2026-09-05,09,07R,13:46,2026-09-05T13:36:23.373901+09:00,21.9,10.9,39.1,25.3,27.3,16.6,40.0,35.7,11.3,15.0,24.8,13.3,66.3,76.4,58.5,87.3,72.7,93.1,48.5,135.8,81.0,36.6,121.2,85.2,194.0,199.3,310.0,320.0,60.4,150.7,220.6,90.3,311.8,414.6,396.6,432.6,268.9,399.5,202.3,536.5,109.3,68.8,126.5,122.1,211.3,201.2,327.7,308.3,100.2,142.7,171.8,88.4,292.6,350.8,331.7,344.2,266.9,371.0,183.6,446.7,30.6,48.6,50.8,28.7,64.8,158.4,141.6,71.8,125.2,203.0,224.7,109.1,94.1,121.4,221.1,78.8,55.9,79.4,127.7,94.8,326.7,282.8,287.3,337.8,588.5,621.9,469.8,430.9,450.4,848.5,724.9,889.9,320.0,395.1,486.5,291.9,611.5,829.2,848.5,459.9,329.7,399.5,212.9,604.7,541.9,823.0,316.3,1334,651.5,1128,443.1,1023,202.3,239.5,378.7,422.6,810.8,1258,1287,594.9
202609051811,2026-09-05,18,11R,13:50,2026-09-05T13:40:21.248037+09:00,5.3,5.4,15.5,23.6,15.7,20.2,28.0,45.1,10.7,25.8,17.8,33.9,38.3,57.5,50.4,92.1,93.1,129.6,135.5,186.3,45.4,38.5,70.4,100.2,165.6,296.1,366.5,331.2,98.0,261.5,266.1,306.2,283.0,532.3,388.8,798.5,312.7,526.0,491.3,972.0,121.8,168.7,196.1,245.6,228.1,319.4,513.9,346.6,382.1,357.7,770.9,1064,552.0,677.5,698.6,1064,538.7,434.1,1242,1442,57.9,159.1,73.1,153.6,117.3,294.1,202.3,224.7,545.3,508.1,566.0,813.0,106.9,143.7,402.8,229.3,385.4,306.2,709.7,421.8,184.0,214.9,162.0,328.7,290.3,667.4,480.8,621.0,843.7,784.5,1442,1090,194.4,375.7,1039,333.7,698.6,876.7,1090,657.5,300.1,414.0,698.6,798.5,429.9,573.2,566.0,1277,798.5,573.2,1490,1597,859.9,573.2,951.4,1039,1117,931.5,1597,687.9
202609050407,2026-09-05,04,07R,13:53,2026-09-05T13:44:19.421914+09:00,77.3,38.8,249.9,101.5,83.3,38.9,204.1,91.1,19.2,21.6,67.7,15.4,374.9,340.2,308.7,448.1,131.7,142.4,56.6,517.5,194.4,70.3,316.7,212.4,237.0,280.5,399.4,432.3,80.7,237.0,403.8,131.2,356.7,532.5,483.5,644.6,322.3,668.1,264.3,781.8,181.9,78.5,266.2,161.1,287.0,184.6,234.0,208.7,69.2,140.7,363.8,107.7,399.4,442.7,510.3,668.1,249.9,453.6,221.3,993.1,10.4,15.9,46.2,7.7,19.4,64.2,128.0,23.8,34.3,75.7,157.0,47.1,97.2,135.0,214.8,74.0,10.4,18.4,34.7,59.0,465.1,540.3,496.5,896.2,693.3,574.1,532.5,749.9,942.2,749.9,1049,1413,503.3,583.2,1020,483.5,1020,816.5,1360,734.9,262.4,260.6,94.7,734.9,496.5,798.8,316.7,781.8,378.8,896.2,282.6,1413,79.7,174.9,240.1,477.2,1413,1148,1469,765.5
202609050307,2026-09-05,03,07R,13:56,2026-09-05T13:46:21.290374+09:00,9.8,13.8,12.7,45.5,24.2,52.4,34.1,117.7,24.3,61.6,36.8,98.1,30.2,54.9,55.5,133.8,122.7,241.3,288.7,277.8,17.0,24.2,16.3,58.8,39.1,92.0,49.7,181.7,50.4,96.2,65.1,300.5,42.5,58.6,103.6,154.9,223.1,171.2,525.8,193.7,61.0,99.4,82.7,191.2,73.2,102.2,68.8,156.6,165.4,151.8,198.9,334.6,112.4,98.8,204.5,294.4,359.1,267.7,566.3,545.3,76.6,130.3,75.9,137.6,85.6,204.5,115.9,201.7,144.3,267.7,320.1,294.4,102.9,100.8,306.7,151.8,320.1,342.4,736.2,300.5,75.1,126.9,117.7,272.6,84.6,132.6,151.8,262.9,204.5,188.7,588.9,566.3,196.3,140.2,490.8,277.8,490.8,397.9,981.6,588.9,368.1,387.4,460.1,866.1,397.9,774.9,866.1,701.1,613.5,774.9,981.6,1227,507.7,818.0,1472,669.3,701.1,818.0,640.2,736.2
202609052205,2026-09-05,22,05R,13:58,2026-09-05T13:48:24.365746+09:00,5.9,24.4,175.4,52.9,4.4,6.1,86.1,18.1,40.2,19.4,212.7,89.4,226.4,192.3,222.8,259.9,107.9,82.1,171.2,401.1,35.2,103.2,298.7,206.4,47.9,88.8,379.4,182.3,184.7,203.4,438.7,501.4,280.7,561.5,379.4,2807,539.9,701.9,701.9,1002,15.9,17.0,79.7,42.5,35.4,95.5,194.9,165.1,45.2,112.3,412.9,280.7,233.9,467.9,452.8,467.9,116.0,467.9,438.7,1002,197.7,67.1,412.9,319.0,215.9,242.0,701.9,701.9,73.1,255.2,452.8,825.8,539.9,701.9,610.4,1403,369.4,638.1,1169,1276,738.9,350.9,610.4,935.9,452.8,501.4,779.9,1559,467.9,438.7,668.5,1754,668.5,935.9,1002,2339,1169,1754,2807,2339,389.9,379.4,359.9,877.4,610.4,1002,1169,1754,501.4,779.9,1169,2005,539.9,467.9,1079,2005,668.5,1559,2807,1559
202609051707,2026-09-05,17,07R,14:02,2026-09-05T13:52:21.992344+09:00,20.6,50.2,20.4,110.9,19.2,26.3,6.2,77.6,69.1,58.3,41.0,219.5,12.8,8.4,19.6,40.0,126.2,150.7,183.6,77.6,99.9,198.0,84.8,234.8,155.3,171.1,148.5,403.9,171.1,374.0,265.7,594.0,114.7,144.2,210.4,297.0,631.2,721.3,594.0,776.8,90.1,40.8,33.2,142.2,168.3,87.8,65.1,210.4,105.2,210.4,114.7,420.8,61.2,113.4,99.0,219.5,360.6,504.9,561.0,561.0,258.9,206.1,146.3,374.0,561.0,480.9,348.2,210.4,219.5,403.9,214.8,673.3,162.8,306.0,219.5,459.0,561.0,258.9,594.0,673.3,28.4,23.1,42.9,102.0,126.2,109.7,201.9,374.0,66.4,113.4,114.7,388.4,150.7,246.3,214.8,360.6,306.0,631.2,459.0,561.0,388.4,171.1,673.3,348.2,561.0,1442,673.3,1683,721.3,1009,1442,1122,841.6,531.5,1683,1009,420.8,1122,918.1,1009
202609051108,2026-09-05,11,08R,14:07,2026-09-05T13:58:20.372222+09:00,10.4,28.1,99.4,15.6,16.8,37.8,100.1,48.6,96.5,84.2,206.6,106.6,167.3,178.7,140.6,377.8,36.8,73.0,176.3,339.0,9.8,27.4,84.7,15.6,14.0,32.4,128.3,18.8,95.8,48.0,236.1,67.4,264.4,209.9,330.6,287.4,39.5,25.6,77.3,330.6,36.7,91.2,107.5,64.8,37.1,59.3,124.7,43.6,169.5,178.7,388.9,259.2,188.9,209.9,264.4,377.8,123.5,118.0,339.0,330.6,249.5,264.4,269.8,228.0,322.5,209.9,456.0,146.9,300.5,330.6,367.3,357.4,400.7,440.8,456.0,574.9,357.4,167.3,826.5,601.0,269.8,224.1,259.2,293.8,472.2,314.8,601.0,508.6,388.9,330.6,1102,426.5,574.9,826.5,1102,734.6,629.7,734.6,601.0,1102,58.7,122.4,244.8,330.6,153.7,125.9,169.5,734.6,236.1,183.6,440.8,574.9,601.0,240.4,826.5,1469,734.6,826.5,826.5,1017
202609051308,2026-09-05,13,08R,14:09,2026-09-05T14:00:22.116286+09:00,9.5,10.9,15.4,40.2,15.6,11.5,9.9,53.4,18.8,21.7,15.6,48.7,30.3,27.8,32.0,91.0,88.6,159.6,152.5,188.6,63.6,74.6,65.6,175.8,162.1,370.5,148.2,399.0,157.1,296.4,220.7,253.0,175.8,216.1,266.0,691.6,610.2,259.3,370.5,943.1,102.7,96.9,56.3,192.1,178.8,203.4,129.6,230.5,131.3,207.4,195.7,314.3,94.3,167.3,241.2,494.0,471.5,414.9,576.3,518.7,82.3,124.9,65.2,134.7,172.9,216.1,220.7,247.0,170.0,296.4,324.2,471.5,108.0,247.0,241.2,357.7,384.2,334.6,864.5,357.7,122.0,87.1,97.8,220.7,142.1,199.5,305.1,432.2,167.3,253.0,432.2,741.0,150.3,280.3,494.0,494.0,471.5,471.5,1037,691.6,451.0,259.3,384.2,943.1,943.1,610.2,432.2,864.5,1152,610.2,864.5,691.6,494.0,471.5,1152,576.3,1037,494.0,1482,864.5
202609051012,2026-09-05,10,12R,14:11,2026-09-05T14:02:21.306002+09:00,15.0,10.9,34.8,68.0,14.3,6.1,16.3,40.7,11.5,7.3,12.8,28.9,60.7,30.8,28.1,52.0,180.1,179.4,122.7,174.6,127.8,121.4,205.4,262.4,232.8,296.7,574.7,1297,262.4,440.8,436.5,589.6,468.0,698.5,840.8,1297,945.9,1464,1031,1375,103.6,61.5,89.9,202.6,249.4,211.1,336.3,412.7,126.8,257.9,263.9,354.7,235.2,454.0,329.0,720.7,553.7,810.7,648.6,769.5,81.6,66.5,50.5,118.5,168.1,329.0,253.6,394.8,126.1,291.0,262.4,354.7,81.3,270.2,238.9,230.4,315.3,515.9,504.4,454.0,191.5,136.3,106.0,253.6,349.2,574.7,515.9,720.7,308.8,582.1,472.9,890.2,153.9,381.5,357.5,317.5,658.0,1081,890.2,698.5,720.7,477.9,521.8,1107,1297,1297,1297,1621,987.0,1227,987.0,1513,810.7,1107,1008,1297,1008,1974,1565,1261
202609050208,2026-09-05,02,08R,14:16,2026-09-05T14:06:23.207185+09:00,39.5,81.0,51.2,116.4,85.1,153.9,121.2,269.0,149.5,278.3,197.6,291.0,128.5,161.6,206.5,252.0,228.6,280.8,293.6,254.0,25.4,48.4,28.1,69.8,23.2,21.8,9.0,30.5,56.6,31.7,31.3,69.4,27.5,11.8,28.6,32.8,128.5,70.0,132.2,70.8,103.9,165.0,110.3,157.6,79.2,65.6,42.5,90.4,233.6,91.7,153.1,237.1,121.7,62.1,141.6,186.1,410.4,198.8,320.1,264.5,151.0,262.4,148.2,316.9,107.7,76.4,71.7,136.8,248.1,107.4,160.0,244.3,93.8,82.5,123.6,172.1,340.5,222.3,355.7,347.9,164.1,160.8,183.9,256.1,111.1,42.1,99.4,95.2,153.1,78.0,164.1,170.2,206.5,144.8,185.0,233.6,216.3,153.9,225.4,333.4,258.1,432.6,485.0,363.7,372.2,273.6,280.8,179.8,410.4,269.0,390.4,258.1,533.5,330.0,533.5,516.3,333.4,248.1,363.7,438.5
202609050908,2026-09-05,09,08R,14:18,2026-09-05T14:08:21.156771+09:00,25.0,21.5,16.1,60.8,31.1,32.6,23.0,62.9,23.4,52.3,11.1,45.4,18.1,31.4,16.2,39.0,192.6,193.2,175.7,168.6,80.6,59.7,43.6,131.8,163.0,210.9,135.3,383.4,121.9,199.9,56.0,161.0,84.7,121.8,61.5,117.5,353.4,456.7,327.8,219.7,114.5,116.9,87.6,278.4,193.2,256.1,200.2,407.8,226.6,271.5,187.8,401.1,156.7,191.7,213.1,331.3,748.1,812.9,677.4,903.3,83.2,136.5,31.8,109.0,144.1,265.6,66.2,174.4,265.0,378.7,258.9,512.3,32.2,48.4,131.2,50.5,240.9,271.5,628.5,150.1,52.2,82.1,34.7,100.6,114.3,171.0,83.6,140.9,184.7,246.8,302.5,397.2,46.8,69.6,177.5,87.3,256.7,215.0,472.6,178.8,635.1,725.8,762.1,655.6,1024,1183,641.8,659.1,1033,1604,1401,1257,938.0,734.6,1451,403.7,752.7,556.8,1161,369.5
202609050308,2026-09-05,03,08R,14:24,2026-09-05T14:14:19.429005+09:00,41.7,16.5,10.8,60.9,70.0,122.5,72.8,140.0,21.7,92.1,22.0,82.9,14.4,79.2,22.8,77.0,131.5,185.9,179.7,176.7,72.3,41.4,24.1,103.6,168.5,192.5,156.2,215.6,55.0,215.6,58.2,196.0,42.9,143.7,70.4,229.4,203.4,189.1,276.5,263.0,163.3,154.0,129.9,276.5,196.0,151.8,110.0,182.7,185.9,179.7,308.1,371.8,129.9,145.7,220.0,299.5,299.5,182.7,449.3,449.3,32.4,118.5,22.8,73.3,48.5,245.0,40.3,111.1,165.9,371.8,185.9,299.5,29.7,32.7,115.9,53.6,168.5,179.7,567.5,112.3,35.2,168.5,46.4,100.7,41.0,220.0,92.9,203.4,291.4,359.4,513.5,449.3,90.6,99.8,371.8,140.0,192.5,263.0,674.0,283.7,299.5,326.7,299.5,359.4,399.4,674.0,449.3,539.2,567.5,718.9,634.3,980.3,431.3,513.5,898.6,347.8,347.8,599.1,599.1,431.3
202609050408,2026-09-05,04,08R,14:24,2026-09-05T14:14:19.429005+09:00,22.5,22.3,12.5,106.1,39.9,90.1,57.3,177.2,47.1,81.5,64.4,166.2,23.1,49.8,55.4,297.8,271.4,324.9,306.3,630.7,25.9,22.7,14.8,97.0,27.0,76.5,47.0,60.0,53.4,92.8,46.7,271.4,17.6,39.9,37.2,168.8,274.9,523.0,630.7,306.3,63.4,132.3,84.1,223.3,38.9,82.1,63.4,50.3,202.3,99.7,186.4,264.7,94.0,76.5,202.3,357.4,382.9,293.7,456.3,670.1,78.5,181.7,96.6,233.1,94.8,152.1,80.3,246.5,329.9,183.3,238.2,397.1,115.3,76.3,258.3,223.3,382.9,389.9,523.0,476.5,30.5,65.7,89.7,412.4,28.8,54.4,63.6,252.3,104.1,82.4,324.9,549.9,140.1,112.2,340.4,320.0,320.0,389.9,739.5,765.9,446.7,382.9,536.1,932.4,765.9,714.8,1128,649.8,857.8,932.4,649.8,1072,714.8,974.8,974.8,893.5,932.4,691.8,1340,824.8
202609052206,2026-09-05,22,06R,14:27,2026-09-05T14:18:24.414608+09:00,28.9,23.1,139.3,33.8,46.7,31.6,98.1,57.6,27.0,30.3,123.4,21.2,233.5,227.3,233.5,246.8,52.6,50.2,31.7,196.3,52.6,17.7,109.3,24.5,96.0,83.0,261.8,137.1,37.2,88.1,146.4,20.5,183.8,508.2,297.9,720.0,33.7,128.9,20.4,270.0,108.0,66.4,148.9,113.6,127.0,128.9,137.1,172.8,163.0,113.6,345.6,227.3,297.9,332.3,454.7,576.0,151.5,227.3,216.0,411.4,37.8,94.9,120.0,28.8,38.9,130.9,221.5,22.0,120.0,200.9,360.0,135.0,227.3,166.1,332.3,176.3,40.5,26.5,112.2,183.8,320.0,157.1,254.1,221.5,375.6,480.0,480.0,720.0,375.6,360.0,864.0,617.1,411.4,375.6,540.0,454.7,785.5,664.6,1080,508.2,120.0,144.0,80.7,617.1,144.0,227.3,69.6,864.0,320.0,320.0,297.9,864.0,76.4,42.5,221.5,480.0,617.1,617.1,864.0,720.0
202609051812,2026-09-05,18,12R,14:30,2026-09-05T14:20:17.522341+09:00,5.7,6.5,16.2,46.5,11.8,12.8,20.3,65.4,9.8,16.1,20.0,43.2,40.2,45.3,46.2,110.7,153.9,190.3,143.8,222.8,58.0,46.9,93.9,199.0,166.0,305.7,461.4,831.6,115.7,339.7,393.7,540.9,382.3,655.5,655.5,1066,880.9,1259,995.0,1955,105.4,100.8,152.4,341.8,215.9,435.3,671.3,880.9,200.6,382.9,475.2,687.9,476.2,819.4,723.6,1231,1087,1185,1537,1972,35.8,60.9,47.0,77.6,85.7,229.5,183.1,202.9,171.1,301.6,321.6,392.4,90.2,161.6,245.2,152.2,156.0,200.4,314.3,249.8,331.1,382.3,291.3,586.5,659.4,986.2,940.4,1326,659.4,1245,1081,1638,310.0,612.3,804.6,620.8,1375,1688,2083,1485,787.5,1031,822.4,1359,1280,1569,1204,2297,1905,1857,1888,2346,703.1,773.9,1419,1506,2206,2476,2321,1826
202609051309,2026-09-05,13,09R,14:37,2026-09-05T14:28:18.789641+09:00,12.8,13.0,28.3,74.3,11.3,5.2,15.5,60.7,14.0,8.5,13.6,62.7,51.7,35.6,32.5,115.3,130.8,212.6,186.4,283.5,71.2,94.5,137.4,277.7,181.4,272.2,261.7,850.7,200.1,400.3,400.3,439.0,340.2,367.8,453.7,680.5,907.4,523.5,1361,1237,117.3,50.0,72.4,216.0,238.8,181.4,181.4,289.6,99.3,256.8,158.2,324.0,170.1,243.0,200.1,378.1,716.4,680.5,850.7,1047,100.8,67.0,58.9,144.8,181.4,256.8,226.8,309.3,151.2,486.1,256.8,378.1,88.9,243.0,194.4,219.5,378.1,412.4,680.5,367.8,243.0,160.1,143.2,400.3,400.3,523.5,453.7,523.5,425.3,453.7,412.4,486.1,212.6,439.0,349.0,340.2,358.2,591.8,1237,972.2,523.5,261.7,504.1,907.4,1361,850.7,800.6,756.2,1134,591.8,1047,907.4,716.4,618.7,1361,567.1,972.2,716.4,1512,1361
202609051109,2026-09-05,11,09R,14:39,2026-09-05T14:30:26.300489+09:00,15.1,37.1,14.5,59.2,28.5,59.2,42.3,169.7,97.7,147.9,140.2,220.9,32.9,64.5,108.9,255.9,287.9,310.1,350.5,435.8,10.1,31.1,10.5,48.4,14.5,65.5,12.4,70.4,96.5,118.5,107.5,181.2,21.2,18.1,85.3,84.4,126.9,162.9,248.1,164.5,60.1,110.4,65.0,171.5,66.6,152.1,43.1,147.9,255.9,169.7,358.3,435.8,104.7,56.7,251.9,298.6,322.5,217.9,806.3,556.1,133.2,304.2,194.3,264.3,155.0,278.0,293.2,264.3,393.3,503.9,575.9,447.9,287.9,335.9,435.8,556.1,520.2,310.1,1466,767.9,80.2,145.2,194.3,217.9,65.2,65.2,177.2,217.9,175.2,97.1,474.3,358.3,435.8,435.8,645.0,948.6,350.5,413.5,597.3,1075,310.1,260.1,597.3,343.1,350.5,298.6,413.5,460.7,520.2,520.2,895.9,556.1,1007,575.9,1466,1466,671.9,948.6,575.9,1791
202609051708,2026-09-05,17,08R,14:46,2026-09-05T14:36:22.175521+09:00,14.0,35.3,38.1,70.2,9.0,7.5,5.5,17.1,37.2,21.1,35.1,61.0,42.5,18.1,38.7,61.5,158.4,97.0,172.1,128.0,80.4,122.1,109.6,231.9,163.3,285.8,280.8,390.4,302.0,516.3,457.3,889.2,410.4,355.7,470.8,592.8,1231,941.6,1000,1143,33.2,31.0,19.2,71.7,134.5,213.4,139.1,313.8,146.8,222.3,160.0,390.4,54.8,181.9,168.4,231.9,326.6,470.8,695.9,500.2,195.2,163.3,216.3,275.9,326.6,421.2,363.8,285.8,266.7,516.3,296.4,457.3,280.8,372.2,291.0,410.4,727.6,372.2,800.3,842.4,207.8,65.3,242.5,172.1,457.3,210.6,485.0,800.3,116.8,410.4,390.4,470.8,485.0,571.6,500.2,695.9,571.6,615.6,640.2,1067,266.7,266.7,695.9,727.6,727.6,1333,333.4,1143,516.3,1067,1455,1000,1067,889.2,1600,695.9,695.9,1455,889.2,1333
202609050209,2026-09-05,02,09R,14:48,2026-09-05T14:38:21.287041+09:00,20.7,21.9,14.0,60.6,56.0,81.1,88.9,260.4,65.6,144.7,103.3,265.6,42.8,110.4,98.2,144.2,203.5,315.7,358.0,265.6,20.3,15.3,10.6,50.1,40.7,59.1,36.8,102.5,27.4,70.8,26.5,93.0,17.2,29.8,23.2,40.7,109.2,169.2,159.1,95.4,112.0,208.8,105.5,247.5,108.9,128.5,103.9,190.0,297.0,169.9,244.5,389.3,136.8,124.9,220.3,253.8,557.0,334.2,564.8,501.3,118.6,270.9,151.3,342.7,99.0,169.9,82.0,209.9,310.9,215.6,255.4,342.7,97.5,90.7,226.5,206.7,272.8,286.4,460.9,326.0,60.0,147.9,153.0,214.4,49.6,83.9,67.1,101.5,154.2,124.5,237.3,288.5,168.5,122.2,308.5,270.9,231.8,193.7,401.0,393.1,278.5,534.7,703.6,466.3,385.6,483.2,527.7,280.4,549.4,557.0,691.4,572.9,617.0,534.7,786.3,483.2,426.6,313.3,589.7,460.9
202609050909,2026-09-05,09,09R,14:50,2026-09-05T14:40:23.835363+09:00,9.0,7.4,24.8,44.8,13.8,11.6,25.7,48.1,9.4,12.6,23.4,33.0,57.6,57.1,65.5,129.8,132.7,151.0,107.7,196.2,58.5,41.1,93.2,167.5,131.5,189.6,317.5,563.7,86.8,173.9,280.7,247.3,302.3,434.1,438.0,538.6,606.0,643.5,689.3,926.4,74.9,50.4,98.4,163.4,161.4,203.1,304.2,503.2,83.3,186.4,244.8,353.8,289.1,406.2,415.5,667.1,568.1,932.3,720.0,932.3,31.1,39.3,59.9,69.7,73.2,143.5,196.5,239.2,86.8,182.9,268.3,335.9,113.6,167.7,217.0,180.0,164.7,285.7,425.2,284.6,238.8,269.3,235.7,370.0,517.5,643.5,523.1,568.1,515.7,749.7,761.4,1053,320.3,442.0,544.7,512.1,777.7,1310,1310,1110,621.5,738.3,473.7,892.3,1069,1385,1172,1136,1077,1939,1547,1634,491.3,1010,1547,1469,996.2,1795,1773,1598
202609050309,2026-09-05,03,09R,14:52,2026-09-05T14:42:22.079444+09:00,22.4,16.6,23.7,49.5,37.2,38.2,44.5,93.6,14.2,31.1,12.2,31.0,29.3,51.8,21.1,53.6,96.0,155.6,100.4,113.9,63.5,48.2,69.5,117.5,138.1,157.8,155.6,221.0,71.7,167.4,84.3,212.5,115.1,141.6,101.3,251.1,230.2,181.1,381.0,283.3,112.7,89.1,95.2,175.4,147.3,130.0,113.9,190.5,120.1,141.6,204.6,240.2,113.9,130.0,160.1,245.5,283.3,204.6,298.6,409.2,33.7,73.1,25.3,55.8,72.7,178.2,69.0,175.4,108.3,245.5,170.0,269.5,38.7,53.1,138.1,68.6,221.0,193.8,394.6,153.4,116.3,124.1,52.8,160.1,127.0,190.5,170.0,256.9,256.9,442.0,381.0,442.0,67.3,125.5,245.5,138.1,283.3,325.0,526.2,276.2,263.1,290.8,256.9,356.4,409.2,736.7,613.9,613.9,581.6,789.3,850.0,690.6,480.4,460.4,1105,345.3,381.0,690.6,552.5,442.0
202609050409,2026-09-05,04,09R,14:56,2026-09-05T14:46:20.166740+09:00,27.5,32.0,22.8,124.7,44.1,62.0,37.3,148.5,53.2,69.9,51.0,166.7,28.5,46.7,52.0,132.8,289.2,235.1,320.4,317.3,37.0,33.1,27.0,140.8,52.1,69.5,41.7,164.2,64.2,74.2,40.9,169.3,27.3,39.9,36.0,108.2,320.4,502.8,502.8,371.4,68.0,88.3,54.3,217.8,82.9,71.8,58.1,136.1,133.4,90.7,92.0,178.5,63.7,54.6,68.5,120.1,375.6,419.0,447.7,527.1,81.1,183.6,80.5,276.9,86.2,135.6,66.9,236.8,235.1,179.5,173.8,340.4,66.8,49.4,113.8,132.8,453.9,351.4,518.7,367.2,31.3,48.2,56.9,128.6,36.1,42.5,43.3,123.3,73.2,63.2,92.8,168.4,74.4,61.3,109.6,123.3,201.7,196.8,311.2,267.8,460.3,393.7,710.5,594.2,695.3,760.0,860.0,544.7,695.3,1021,667.0,778.1,1054,817.0,933.8,710.5,553.9,535.7,527.1,594.2
202609052207,2026-09-05,22,07R,15:01,2026-09-05T14:52:22.408271+09:00,17.0,88.4,27.8,166.6,30.4,22.8,11.5,63.6,136.4,40.7,43.2,176.9,21.9,7.3,17.8,16.9,311.5,176.9,318.4,100.2,109.3,130.2,164.7,421.4,127.9,204.7,188.5,349.5,409.4,210.7,434.2,227.4,172.6,223.9,260.5,462.2,1102,1023,1102,682.3,139.1,60.4,36.5,172.6,183.7,238.8,137.7,247.0,89.5,199.0,162.8,434.2,41.9,136.4,115.5,103.0,511.7,716.5,895.6,573.2,651.3,100.2,166.6,477.6,387.3,421.4,530.7,477.6,102.3,551.1,280.9,1102,149.2,434.2,270.3,398.0,842.9,796.1,1102,1102,40.8,11.1,30.5,23.1,150.8,168.5,349.5,298.5,31.4,143.3,118.4,69.9,91.8,318.4,164.7,207.6,56.1,298.5,117.4,270.3,511.7,447.8,716.5,298.5,682.3,573.2,1433,895.6,511.7,842.9,1592,434.2,1194,494.1,1433,1023,333.2,842.9,530.7,955.3
202609051310,2026-09-05,13,10R,15:07,2026-09-05T14:58:19.206185+09:00,8.0,13.9,39.6,56.8,12.4,11.4,25.0,33.3,18.5,16.8,39.0,54.3,76.0,66.3,91.8,161.9,84.5,91.8,152.0,246.8,36.2,60.7,109.1,152.0,70.3,97.1,129.8,155.2,114.9,209.1,284.0,295.2,273.7,301.1,367.2,537.7,456.2,264.1,376.4,941.0,41.5,35.0,66.9,111.5,66.9,86.0,124.4,130.9,57.0,90.7,107.5,116.7,136.8,149.0,117.6,250.9,268.8,246.8,264.1,537.7,68.4,55.5,50.1,101.7,109.9,133.2,143.4,195.5,71.7,125.4,103.1,152.0,91.8,142.0,130.9,134.4,235.2,235.2,264.1,221.4,259.6,206.2,203.4,307.2,350.1,278.8,485.7,557.6,327.3,376.4,430.2,579.1,259.6,442.8,396.2,376.4,342.2,717.0,602.2,836.5,430.2,307.2,557.6,836.5,627.3,442.8,627.3,941.0,752.8,470.5,836.5,836.5,239.0,250.9,320.3,242.8,941.0,836.5,836.5,752.8
202609051110,2026-09-05,11,10R,15:09,2026-09-05T15:02:35.453106+09:00,21.9,92.9,60.2,77.6,9.5,27.5,6.6,10.8,145.8,101.3,147.6,158.5,65.4,28.2,115.7,56.5,91.5,48.6,218.7,104.0,83.1,319.1,192.0,214.7,103.5,576.0,306.7,291.6,656.1,715.7,814.4,621.5,352.5,332.6,621.5,656.1,621.5,761.9,843.5,1073,16.4,37.3,9.0,13.7,60.7,181.6,104.0,117.5,126.3,265.3,169.9,149.4,24.7,83.7,111.4,37.4,41.4,119.2,145.8,64.3,407.2,310.7,310.7,332.6,761.9,482.0,694.6,463.1,414.3,843.5,621.5,576.0,429.4,605.6,562.3,843.5,656.1,492.0,1243,944.7,203.6,69.8,236.1,134.9,380.9,363.3,694.6,674.8,92.6,393.6,694.6,168.7,524.8,787.3,944.7,984.1,224.9,715.7,195.2,1124,262.4,107.8,437.4,262.4,621.5,513.4,738.1,908.4,129.0,302.8,536.8,222.8,738.1,814.4,1026,1389,342.3,874.8,277.8,1026
202609051709,2026-09-05,17,09R,15:15,2026-09-05T15:06:18.910808+09:00,,27.7,35.9,15.4,,,,,29.0,,49.4,33.9,59.4,,69.9,69.9,21.1,,34.2,58.5,,39.5,59.4,34.3,,,,,52.3,,56.8,32.4,85.9,,77.5,93.0,16.9,,15.1,58.1,,,,,,,,,,,,,,,,,,,,,59.8,,83.2,62.7,86.8,,74.5,63.2,,,,,104.0,85.9,,76.0,71.8,48.8,,69.9,106.8,,149.1,141.1,131.7,,146.4,143.7,,,,,188.2,143.7,,125.5,179.6,123.5,,136.3,21.3,,37.2,56.4,11.9,,11.4,48.8,,,,,47.6,22.3,,47.6,79.8,68.1,,68.7
202609051201,2026-09-05,12,01R,15:17,2026-09-05T15:08:17.526741+09:00,8.6,4.0,11.8,65.4,22.6,32.7,37.7,160.4,10.8,24.3,28.3,133.3,35.1,60.7,52.9,228.2,153.3,238.8,331.3,331.3,35.6,20.2,37.3,142.6,109.2,153.3,244.5,380.4,61.8,197.5,144.6,570.6,108.1,256.7,190.2,244.5,380.4,855.9,933.7,513.5,84.1,153.3,142.6,244.5,133.3,174.0,270.2,446.5,285.3,177.0,285.3,410.8,263.3,331.3,320.9,1027,540.5,1027,513.5,933.7,32.4,90.0,64.5,380.4,61.1,190.2,125.2,302.0,277.6,183.4,293.4,933.7,128.3,218.5,270.2,489.1,570.6,489.1,790.0,684.7,98.7,165.6,155.6,201.3,165.6,285.3,342.3,395.0,311.2,641.9,410.8,790.0,293.4,570.6,380.4,1141,410.8,540.5,1283,1283,223.2,277.6,604.1,570.6,410.8,733.6,790.0,604.1,513.5,1141,684.7,1467,1141,570.6,1467,1467,513.5,540.5,513.5,1027
202609050101,2026-09-05,01,01R,15:19,2026-09-05T15:10:22.231010+09:00,42.8,50.0,112.6,31.4,67.4,21.6,113.8,47.5,82.0,23.2,131.8,41.1,251.0,165.3,242.3,181.2,30.9,58.0,50.7,119.0,96.0,126.2,219.3,96.9,202.3,127.0,219.3,217.0,148.8,181.2,186.0,64.3,297.6,302.0,315.7,251.0,119.0,186.0,69.9,242.3,117.0,31.7,176.5,146.7,172.2,151.0,189.4,182.7,33.8,186.0,192.9,147.7,226.5,263.7,204.3,228.9,170.8,204.3,124.7,236.8,80.1,31.0,62.0,35.4,112.0,116.4,121.8,56.0,34.3,165.3,159.0,121.1,127.0,172.2,164.0,51.8,41.5,36.8,86.4,45.3,224.0,214.8,248.0,198.4,378.8,330.7,325.6,254.1,341.6,416.7,281.6,325.6,297.6,372.1,263.7,145.7,263.7,297.6,263.7,155.5,31.1,50.8,30.3,73.1,62.7,96.0,47.6,165.3,83.3,86.4,78.6,118.4,41.8,33.6,90.9,86.1,170.8,224.0,285.4,138.9
202609050210,2026-09-05,02,10R,15:21,2026-09-05T15:12:23.626473+09:00,67.0,149.6,125.2,83.5,66.2,71.9,46.7,26.2,247.0,171.5,194.5,120.6,160.9,73.6,182.6,50.0,61.7,23.2,71.3,30.7,116.3,213.9,214.7,135.0,161.3,171.5,165.1,112.6,280.4,277.9,277.9,261.6,283.0,253.1,243.2,237.6,141.5,122.3,206.1,164.7,79.7,104.4,60.3,34.1,138.9,137.1,122.3,87.4,156.4,180.4,123.5,66.3,86.0,139.6,126.5,48.9,29.9,58.7,45.0,29.6,316.0,251.0,228.9,188.6,370.6,311.3,226.4,239.4,234.0,264.9,181.0,109.8,151.8,215.4,205.5,111.9,131.9,176.3,97.9,84.2,285.6,130.2,240.4,100.1,347.8,262.7,357.8,252.1,140.8,253.1,229.7,87.3,336.5,362.0,290.9,147.9,72.6,158.8,67.5,111.5,62.8,24.9,75.0,26.4,110.0,91.8,156.4,116.8,27.0,64.3,49.5,25.3,125.0,178.4,86.4,66.8,32.2,76.4,28.9,59.3
202609050310,2026-09-05,03,10R,15:22,2026-09-05T15:12:23.626473+09:00,14.6,29.0,29.2,19.5,14.0,22.9,21.1,15.1,51.7,39.3,56.8,57.6,50.7,43.4,65.7,51.1,40.1,29.9,89.0,72.3,45.9,87.1,69.5,66.4,60.8,96.8,83.6,77.7,124.4,142.7,99.1,217.8,147.8,135.7,139.1,223.7,135.7,115.7,258.7,217.8,44.0,58.5,53.9,49.5,66.4,88.5,72.6,78.4,112.6,124.4,157.6,178.0,100.9,136.8,199.4,215.0,101.5,141.5,239.9,243.4,197.1,147.8,132.4,143.9,201.9,226.8,154.7,229.9,147.8,247.1,194.7,179.9,160.7,134.6,254.7,146.5,233.1,258.7,376.2,229.9,143.9,139.1,167.2,157.6,172.4,178.0,376.2,215.0,206.9,367.9,501.7,403.8,331.1,413.9,662.2,324.6,186.0,254.7,271.4,376.2,96.8,95.1,204.4,233.1,178.0,262.8,435.7,344.9,143.9,324.6,424.5,413.9,344.9,459.9,613.2,447.4,226.8,394.2,344.9,501.7
202609050910,2026-09-05,09,10R,15:23,2026-09-05T15:14:21.555112+09:00,11.4,23.0,29.5,64.3,9.9,8.7,10.2,32.0,33.9,22.6,32.1,67.6,47.1,24.8,48.2,91.9,135.6,102.8,147.7,169.7,57.3,81.7,121.3,214.5,80.5,95.4,150.2,262.7,206.2,162.0,321.4,397.9,278.8,264.0,383.9,581.3,567.3,468.4,738.5,811.6,31.1,23.4,24.8,72.6,76.7,80.8,103.4,210.4,64.3,90.4,88.6,172.7,73.0,140.4,136.9,223.0,285.6,408.8,376.0,464.4,171.4,113.1,142.4,214.0,298.0,204.9,336.6,383.9,152.6,202.4,216.8,380.4,199.7,280.2,248.0,322.1,414.0,553.8,685.9,650.6,195.4,102.3,205.7,279.3,461.8,329.2,375.1,487.9,147.4,320.2,321.4,563.4,321.4,426.9,362.7,589.7,655.8,1037,728.6,964.4,189.5,154.8,264.8,281.7,299.1,304.1,443.1,534.0,246.5,338.0,362.7,464.4,437.2,563.4,501.3,715.9,445.5,691.7,633.0,762.5
202609050701,2026-09-05,07,01R,15:25,2026-09-05T15:16:18.083466+09:00,16.0,13.4,34.9,32.3,36.5,56.8,74.9,96.7,20.8,58.1,43.9,40.6,61.6,73.3,67.9,83.6,88.0,148.6,89.9,131.0,66.5,39.4,78.8,61.6,138.7,73.3,132.0,205.4,61.4,97.9,72.3,69.6,148.6,151.3,92.4,193.5,136.4,320.0,118.8,256.0,134.2,124.2,157.0,202.9,202.9,133.1,155.5,308.2,166.4,189.1,126.0,210.6,241.2,264.1,175.2,475.5,416.1,640.1,282.1,536.9,24.0,87.1,31.3,35.4,38.7,90.4,47.4,45.2,155.5,138.7,137.5,184.9,33.2,34.8,98.4,33.2,50.7,52.0,143.4,49.0,133.1,202.9,114.7,139.8,198.1,302.6,144.7,252.1,387.0,354.1,297.2,573.9,104.0,101.4,169.8,92.9,252.1,314.0,616.4,151.3,205.4,339.6,244.7,346.7,282.1,426.7,205.4,405.9,536.9,665.7,462.3,924.6,221.9,180.9,489.5,200.5,426.7,504.3,924.6,244.7
202609052001,2026-09-05,20,01R,15:27,2026-09-05T15:18:25.823309+09:00,10.4,27.1,18.7,37.1,13.3,25.0,15.5,48.7,45.6,46.7,23.2,65.6,22.9,25.9,59.8,58.0,78.5,90.0,202.8,122.3,39.2,80.5,48.2,116.1,67.3,136.9,83.4,190.8,132.4,195.4,193.1,258.5,88.5,100.8,197.8,232.2,258.5,421.7,390.9,333.9,32.7,59.8,35.6,99.5,62.3,86.1,65.4,139.3,114.4,132.4,136.9,174.2,82.6,94.2,141.8,170.5,254.4,390.9,372.7,364.2,158.6,128.2,99.5,166.9,174.2,254.4,219.5,152.6,205.4,235.6,267.1,341.0,154.1,276.3,308.2,356.1,341.0,348.4,641.1,572.4,58.2,56.8,133.5,103.4,97.1,112.0,250.4,190.8,89.0,145.7,232.2,271.6,190.8,308.2,333.9,320.5,197.8,258.5,356.1,534.2,178.0,193.1,400.6,242.8,258.5,320.5,471.3,457.9,314.2,400.6,364.2,457.9,667.8,356.1,696.8,942.7,258.5,320.5,616.4,552.6
202609050410,2026-09-05,04,10R,15:29,2026-09-05T15:20:24.554485+09:00,21.1,53.5,36.6,60.6,12.7,15.3,5.9,13.0,61.6,42.4,56.9,73.5,34.5,11.1,44.2,25.3,126.1,44.6,121.1,62.2,98.3,168.0,135.9,193.7,130.8,260.2,153.8,303.6,307.7,364.3,297.6,555.3,246.1,305.6,271.0,437.8,455.4,641.4,785.1,322.9,45.1,46.6,18.9,36.7,114.1,165.6,111.8,157.0,123.4,180.7,146.4,211.8,37.3,105.4,118.9,85.6,125.8,337.3,284.6,207.9,364.3,152.3,272.7,417.8,370.2,311.9,260.2,437.8,247.5,361.4,244.8,517.5,334.8,293.8,347.6,399.4,734.5,679.7,759.0,700.6,158.6,54.6,214.8,130.8,293.8,271.0,316.2,392.5,70.4,254.4,214.8,202.4,382.7,396.0,316.2,442.1,203.3,410.2,274.3,555.3,517.5,200.6,591.4,327.6,859.2,722.8,771.8,843.3,295.7,798.9,542.1,484.4,1084,1059,929.4,1198,367.2,859.2,535.7,990.0
202609052208,2026-09-05,22,08R,15:31,2026-09-05T15:22:22.475187+09:00,3.9,31.2,21.5,65.9,6.4,29.1,28.4,103.9,104.7,61.3,182.9,291.9,72.9,74.3,188.6,255.4,266.5,306.5,383.1,437.8,12.3,37.2,32.7,93.5,16.9,102.1,42.5,126.3,194.6,245.2,331.3,437.8,90.1,136.2,272.4,583.8,613.0,490.4,875.7,645.2,19.9,44.1,60.0,155.1,22.7,94.3,58.1,120.1,72.5,120.1,291.9,454.0,77.5,91.4,170.2,331.3,533.0,306.5,490.4,583.8,285.1,92.8,454.0,299.0,218.9,285.1,331.3,299.0,93.5,395.4,272.4,454.0,510.8,645.2,490.4,766.2,533.0,557.2,875.7,817.3,340.5,207.8,454.0,422.7,322.6,285.1,681.1,533.0,291.9,331.3,645.2,1362,875.7,1226,2043,1362,721.1,1114,1532,2043,422.7,454.0,681.1,1226,681.1,681.1,875.7,1114,583.8,510.8,1362,306.5,817.3,422.7,1751,1751,1021,1532,2043,1532
202609051311,2026-09-05,13,11R,15:36,2026-09-05T15:26:23.636438+09:00,22.1,12.6,45.3,84.2,17.1,7.8,17.0,68.3,10.0,6.2,7.8,42.1,74.0,44.4,40.1,160.1,138.6,232.6,193.5,229.9,146.9,144.7,250.5,342.8,247.3,235.4,305.3,697.9,176.0,264.1,528.2,465.3,325.7,375.8,558.3,558.3,930.6,630.4,977.1,1302,136.6,50.3,91.3,368.7,325.7,217.1,250.5,398.8,142.6,257.1,244.2,424.8,238.3,348.9,320.3,781.7,1221,930.6,673.9,814.3,40.0,36.1,27.7,86.4,90.0,224.6,122.1,291.6,108.5,232.6,157.6,264.1,73.1,210.1,186.1,207.9,247.3,383.2,723.8,368.7,241.2,186.1,145.8,283.2,383.2,325.7,415.8,592.2,361.9,355.3,558.3,781.7,168.4,398.8,375.8,407.1,398.8,814.3,977.1,1085,814.3,488.5,697.9,977.1,1503,977.1,1149,1221,1221,977.1,1395,1028,814.3,751.6,1085,814.3,930.6,977.1,1395,1503
202609051111,2026-09-05,11,11R,15:38,2026-09-05T15:28:16.314184+09:00,11.7,31.2,23.3,54.1,18.2,18.2,13.7,39.1,33.9,29.9,21.2,64.3,34.9,24.5,24.6,50.9,127.2,133.3,160.2,136.5,105.4,157.2,94.6,134.3,135.4,273.1,326.7,320.4,333.2,333.2,504.9,320.4,191.5,347.1,370.3,450.3,416.5,617.1,574.6,793.5,58.2,50.0,33.5,76.7,142.4,143.6,187.2,173.5,121.6,196.0,200.7,347.1,49.5,256.3,219.2,282.4,228.2,347.1,595.1,666.5,24.3,24.3,51.7,134.3,37.1,36.4,297.5,225.1,35.3,37.1,208.2,264.5,82.0,191.5,228.2,252.4,268.7,203.2,396.7,326.7,99.1,89.5,64.5,126.2,205.7,264.5,387.5,450.3,181.1,347.1,370.3,416.5,140.0,427.2,396.7,476.1,287.3,537.5,574.6,617.1,297.5,203.2,416.5,333.2,490.1,462.8,370.3,833.1,362.2,504.9,666.5,574.6,537.5,490.1,694.3,640.9,416.5,1041,724.5,877.0
202609051202,2026-09-05,12,02R,15:42,2026-09-05T15:32:22.314670+09:00,8.3,17.4,87.0,86.1,5.2,6.1,42.8,57.4,24.1,17.8,97.2,114.8,162.1,88.9,116.4,330.7,135.5,147.6,243.2,486.4,37.7,41.7,175.9,175.9,82.6,150.3,344.5,243.2,83.5,168.7,258.4,266.7,318.0,393.7,359.5,306.2,413.4,413.4,393.7,551.3,21.7,22.9,96.1,153.1,55.8,81.8,172.2,217.6,60.3,81.8,459.4,459.4,201.6,266.7,223.5,751.7,375.8,375.8,393.7,1033,57.8,44.4,111.7,119.8,103.3,113.2,118.1,165.3,80.2,150.3,375.8,393.7,201.6,375.8,243.2,330.7,206.7,217.6,275.6,375.8,295.3,147.6,250.5,295.3,590.6,266.7,359.5,689.1,285.1,590.6,413.4,486.4,435.2,318.0,689.1,1033,551.3,551.3,1378,1181,229.7,183.7,375.8,826.9,551.3,413.4,413.4,1033,413.4,435.2,459.4,2067,551.3,413.4,826.9,1653,1033,918.8,435.2,1033
202609050102,2026-09-05,01,02R,15:43,2026-09-05T15:34:20.435128+09:00,39.7,47.7,35.4,44.4,46.9,85.1,26.1,51.6,139.9,172.0,110.1,91.7,34.5,21.7,72.4,25.8,63.5,63.5,87.8,44.6,94.9,161.9,75.0,135.3,192.0,175.7,127.0,144.8,211.7,196.6,165.1,217.3,86.0,125.1,183.5,99.5,196.6,183.5,187.7,187.7,71.8,80.9,42.5,67.6,147.4,108.6,79.4,117.9,165.1,211.7,152.9,179.5,46.1,96.0,101.9,61.6,103.2,187.7,137.6,104.5,172.0,165.1,66.6,86.9,217.3,217.3,111.6,93.8,211.7,330.3,119.6,155.8,63.5,129.0,97.1,71.1,155.8,119.6,196.6,147.4,53.6,36.7,75.7,37.2,78.6,84.2,161.9,75.7,48.5,97.1,127.0,66.0,123.2,223.2,168.5,127.0,46.9,84.2,67.1,111.6,113.1,101.9,125.1,71.8,144.8,165.1,317.6,179.5,183.5,235.9,275.3,201.4,196.6,242.9,275.3,179.5,71.1,139.9,144.8,135.3
202609051710,2026-09-05,17,10R,15:48,2026-09-05T15:38:21.483597+09:00,14.9,13.5,28.2,29.5,22.3,28.9,42.5,38.7,21.8,43.3,43.7,46.7,76.4,80.6,92.8,69.1,54.9,76.4,87.3,81.5,36.7,32.0,63.1,53.4,57.3,46.9,101.7,78.3,53.9,49.6,57.3,72.4,136.0,146.8,130.4,160.7,132.8,178.8,146.8,189.5,60.9,59.9,83.0,96.0,72.7,56.0,102.2,101.2,79.7,62.1,90.5,109.2,178.8,158.4,132.0,199.8,171.9,152.9,194.5,252.0,84.9,131.2,191.2,142.1,121.8,92.8,110.3,105.1,159.5,128.9,155.1,186.3,235.9,135.2,192.8,186.3,241.1,156.2,224.0,291.8,226.3,217.4,260.9,284.3,308.0,241.1,171.9,396.0,452.6,308.0,331.0,492.9,363.6,196.2,321.4,284.3,462.1,541.0,492.9,443.6,96.4,166.7,186.3,219.6,117.9,168.0,139.5,224.0,241.1,205.3,238.5,312.4,277.2,176.0,291.8,295.7,303.8,363.6,382.4,389.1
202609050702,2026-09-05,07,02R,15:50,2026-09-05T15:40:25.749072+09:00,20.8,24.3,46.7,27.1,34.6,72.3,84.5,110.6,50.8,107.5,95.2,104.5,109.0,87.5,104.5,139.3,104.5,209.0,198.0,192.9,27.9,22.0,35.0,46.1,51.1,35.5,70.3,62.7,35.8,49.1,30.3,41.1,79.2,79.2,59.7,75.2,129.7,142.0,96.4,121.3,76.0,63.7,85.5,121.3,150.5,73.0,100.3,103.0,109.0,86.5,91.7,94.0,142.0,132.0,89.5,228.0,268.7,313.5,121.3,313.5,90.6,144.7,77.5,106.0,96.4,101.7,56.1,58.7,167.2,132.0,103.0,89.5,69.6,50.1,92.9,51.1,106.0,71.0,129.7,95.2,167.2,142.0,139.3,132.0,198.0,235.1,107.5,150.5,289.4,278.7,203.4,179.1,171.0,104.5,183.5,125.4,235.1,160.1,278.7,136.8,203.4,250.8,358.3,250.8,301.0,250.8,179.1,235.1,396.1,470.3,442.7,537.5,537.5,198.0,418.1,289.4,235.1,221.3,301.0,175.0
202609050311,2026-09-05,03,11R,15:53,2026-09-05T15:44:22.777858+09:00,27.0,23.6,18.5,29.6,33.4,31.0,22.9,35.2,31.6,59.2,24.8,44.3,28.2,33.2,25.3,22.3,80.2,74.3,70.9,44.4,96.6,83.4,73.4,100.7,199.4,187.5,205.9,305.5,121.4,236.8,107.0,263.1,120.6,222.9,119.1,252.6,187.5,310.5,259.5,274.5,139.3,125.4,95.2,134.3,233.9,177.0,160.5,350.8,197.3,231.0,270.6,403.1,126.3,246.0,203.7,350.8,210.5,440.6,473.6,592.0,58.1,108.2,32.0,64.6,86.5,233.9,83.4,201.5,160.5,300.7,203.7,249.2,33.6,49.5,116.9,41.1,68.8,102.4,228.2,59.2,75.1,90.2,55.2,64.4,130.6,266.8,159.2,263.1,146.8,386.6,274.5,512.0,76.3,129.7,220.3,93.7,77.9,178.7,256.0,119.9,231.0,217.7,205.9,145.7,266.8,440.6,592.0,574.1,296.0,823.7,728.7,701.7,270.6,451.1,789.4,199.4,140.3,462.1,485.8,195.3
202609050211,2026-09-05,02,11R,15:55,2026-09-05T15:46:25.263623+09:00,43.7,36.0,162.4,77.8,113.0,48.1,166.5,96.9,30.8,29.8,78.2,20.6,238.6,214.9,172.6,218.0,88.3,96.0,35.6,164.2,127.5,92.8,247.3,116.7,200.6,104.8,192.4,224.4,93.8,95.2,134.0,61.2,386.0,223.6,172.1,340.4,180.9,274.2,86.3,309.2,166.5,96.2,165.1,130.3,233.1,109.2,197.4,198.7,108.6,109.2,137.7,73.7,234.9,210.4,175.1,211.1,204.0,257.9,94.8,231.3,36.7,44.0,57.7,17.3,77.5,91.5,116.7,45.5,77.6,102.2,116.5,53.7,80.9,104.3,120.4,54.5,15.6,26.7,31.5,38.7,401.3,264.6,212.6,271.7,391.0,287.2,317.3,352.3,256.8,256.8,240.5,376.4,215.6,241.4,240.5,147.4,94.6,398.7,409.5,143.2,83.4,111.8,38.5,148.5,131.7,180.3,73.4,264.6,176.1,231.3,87.0,289.9,32.0,44.9,51.2,66.8,285.8,139.0,334.8,113.4
202609052209,2026-09-05,22,09R,15:56,2026-09-05T15:46:25.263623+09:00,10.3,47.5,98.8,29.0,10.0,21.8,95.8,21.2,89.0,37.6,218.0,97.2,191.6,150.5,162.1,191.6,23.8,18.9,107.1,185.9,29.8,65.8,126.4,41.8,41.6,71.8,101.9,69.4,126.4,101.9,243.2,137.4,103.6,158.0,197.6,225.8,97.2,90.3,117.0,137.4,34.7,28.1,78.0,40.0,63.8,70.2,61.9,53.5,44.2,68.7,243.2,263.4,170.8,158.0,123.9,371.9,60.2,72.6,117.0,702.5,218.0,47.1,332.8,147.0,180.6,166.4,218.0,134.5,50.9,210.7,166.4,197.6,252.9,263.4,287.4,395.2,243.2,197.6,332.8,903.3,395.2,162.1,287.4,371.9,486.4,197.6,351.2,421.5,274.9,274.9,351.2,903.3,451.6,287.4,790.4,903.3,702.5,632.3,1580,1264,63.2,66.5,218.0,526.9,107.1,150.5,180.6,451.6,114.9,154.2,332.8,574.8,263.4,140.5,332.8,1053,526.9,574.8,903.3,1264
202609050911,2026-09-05,09,11R,15:58,2026-09-05T15:48:24.129883+09:00,9.0,25.7,17.2,37.1,7.6,11.2,6.7,16.1,40.8,27.2,32.4,50.1,25.8,15.3,39.0,27.7,99.2,63.0,104.9,62.0,55.7,129.6,93.0,164.7,107.8,338.4,262.7,506.2,453.4,533.8,633.1,631.4,269.9,363.6,633.1,603.8,688.8,876.4,1468,1030,43.6,51.6,36.1,76.0,109.9,329.4,242.6,399.4,187.1,390.8,392.8,584.3,114.4,271.2,386.9,301.5,363.6,796.2,827.1,605.4,340.4,206.4,196.4,304.6,650.6,645.3,729.4,854.1,317.0,827.1,745.7,1053,300.3,611.7,606.9,460.5,621.4,1108,1113,750.4,156.9,103.0,193.1,140.7,393.4,461.4,669.2,482.3,203.5,488.3,711.8,481.3,381.3,928.4,886.4,707.5,319.5,656.1,588.7,755.2,731.7,596.1,995.3,535.0,1204,1406,2060,1515,913.9,2116,1864,1576,1276,1689,2237,1565,537.5,1283,1168,1236
202609052002,2026-09-05,20,02R,16:01,2026-09-05T15:52:21.500963+09:00,30.0,55.6,37.3,108.9,29.7,38.1,10.9,68.2,66.6,87.0,60.7,132.9,21.4,10.0,36.4,34.9,126.1,110.1,258.8,120.0,104.9,85.1,85.5,306.6,182.8,321.5,131.1,390.8,97.7,362.4,390.8,569.5,95.8,132.0,258.8,376.1,687.4,664.5,866.7,569.5,71.9,78.1,21.5,110.1,126.9,135.6,77.8,246.1,167.5,209.8,122.3,280.7,22.8,70.1,74.9,62.1,306.6,643.0,433.3,205.5,115.2,168.9,115.9,237.3,126.1,486.2,293.1,231.8,306.6,586.3,234.5,498.3,134.6,276.8,197.3,231.8,369.1,604.0,643.0,453.0,33.4,13.2,47.4,33.2,68.7,86.6,201.3,151.0,20.3,73.5,92.2,55.9,108.3,311.4,176.4,195.4,85.5,240.1,125.3,276.8,604.0,265.8,486.2,262.3,622.9,643.0,586.3,906.1,586.3,996.7,866.7,337.8,1172,604.0,830.6,738.3,343.7,569.5,337.8,738.3
202609050411,2026-09-05,04,11R,16:03,2026-09-05T15:54:25.515269+09:00,13.2,39.8,18.9,32.6,13.3,38.9,16.5,26.8,69.3,76.2,68.7,83.8,32.0,34.1,78.9,45.5,64.2,67.5,147.2,82.8,31.5,95.7,49.0,72.6,42.0,126.8,65.6,90.7,180.7,199.1,176.9,227.5,87.0,118.8,186.9,122.5,126.1,211.8,307.2,155.2,29.9,79.6,34.6,52.8,49.8,104.1,66.6,76.5,118.8,118.1,117.1,127.2,61.3,79.9,122.8,78.4,103.1,126.8,181.4,115.6,160.4,159.8,154.7,209.8,229.9,257.5,190.3,238.9,192.8,244.3,231.2,316.2,174.8,170.6,236.3,166.7,330.8,290.6,413.5,277.4,75.0,77.7,174.1,109.9,98.1,141.0,281.1,172.7,111.1,172.7,311.6,212.9,296.6,430.0,384.0,294.5,151.4,200.9,252.9,320.9,164.1,176.9,349.6,217.2,250.0,307.2,352.5,323.3,245.7,323.3,494.3,323.3,605.7,512.0,728.9,512.0,267.1,323.3,330.8,457.5
202609050103,2026-09-05,01,03R,16:07,2026-09-05T15:58:18.911454+09:00,102.2,44.2,77.4,116.5,172.0,94.2,94.2,208.4,69.9,115.3,42.3,94.2,103.2,64.5,58.5,109.4,129.0,180.6,180.6,177.6,88.1,84.0,76.8,116.5,116.5,87.4,97.6,124.5,80.2,88.8,64.5,103.2,138.9,174.8,142.6,225.8,270.9,373.7,349.6,328.4,114.0,91.0,95.9,177.6,172.0,95.0,94.2,166.7,89.5,129.0,55.8,129.0,77.9,146.4,63.0,177.6,221.2,240.8,169.3,230.6,38.3,90.3,22.0,42.8,72.7,121.7,37.7,51.8,90.3,177.6,44.0,104.2,20.3,25.3,36.1,16.1,57.9,52.1,129.0,30.3,104.2,83.3,43.8,58.9,166.7,183.7,117.8,166.7,129.0,180.6,88.8,193.5,50.6,70.8,109.4,44.4,130.5,208.4,200.7,82.7,172.0,164.2,230.6,230.6,225.8,349.6,516.1,451.6,338.7,387.1,318.7,492.6,235.6,328.4,318.7,92.6,240.8,361.3,387.1,108.3
202609051312,2026-09-05,13,12R,16:09,2026-09-05T16:00:38.647850+09:00,6.5,10.8,20.1,50.9,9.1,10.8,17.4,44.3,19.1,22.0,32.3,63.6,43.6,39.8,60.9,102.6,172.8,178.4,226.5,234.6,30.4,40.0,73.5,149.5,79.5,112.4,162.1,359.1,110.3,177.2,223.0,337.9,239.1,313.8,414.3,472.3,752.7,1211,1349,1242,35.4,32.2,42.1,153.6,77.9,127.7,159.9,294.2,66.1,112.9,83.5,155.1,112.1,178.5,135.7,244.4,541.3,800.5,533.7,572.5,86.3,98.5,104.4,205.3,142.2,223.0,250.9,348.5,125.8,185.2,146.9,217.9,199.7,347.3,321.3,339.1,603.6,503.8,832.3,617.4,167.1,142.1,313.3,460.8,408.9,412.5,702.3,843.4,264.6,438.3,464.2,647.0,366.8,640.4,538.2,697.1,989.1,1389,1211,1211,1131,1359,1628,1782,1211,2031,1628,2276,1686,2453,1988,2196,1487,1302,2453,1968,1717,2276,2422,2196
202609051203,2026-09-05,12,03R,16:11,2026-09-05T16:02:25.930671+09:00,12.9,10.3,6.5,24.4,20.9,45.9,31.9,81.6,28.8,72.9,38.2,71.1,11.1,38.3,40.0,48.1,81.9,191.0,187.7,115.0,33.3,29.1,13.7,50.5,118.7,236.2,171.6,252.5,77.9,197.9,118.7,199.7,37.0,136.4,106.6,97.2,246.8,686.5,385.4,343.2,97.6,236.2,102.1,261.5,189.4,238.8,215.3,372.3,439.4,338.0,784.6,686.5,215.3,281.6,378.8,535.8,627.7,686.5,784.6,1292,133.1,348.7,135.6,244.1,133.9,360.1,196.1,354.3,757.6,523.1,845.0,878.8,170.3,258.4,422.5,406.8,563.3,448.3,784.6,430.7,39.0,129.2,130.7,104.6,50.1,199.7,196.1,138.1,285.3,439.4,535.8,686.5,252.5,296.8,646.1,360.1,343.2,422.5,1098,732.3,197.9,360.1,378.8,348.7,278.1,627.7,406.8,392.3,610.2,955.2,757.6,1046,646.1,535.8,1098,593.7,422.5,535.8,563.3,448.3
202609051112,2026-09-05,11,12R,16:14,2026-09-05T16:04:19.348816+09:00,10.0,6.0,11.1,39.3,21.7,25.6,37.2,71.7,12.8,30.6,18.7,55.2,34.0,69.9,42.0,107.8,159.6,265.5,258.0,324.8,46.1,22.7,31.2,96.5,111.3,189.1,253.3,418.4,60.8,215.7,92.6,313.8,99.6,303.4,139.4,378.2,468.0,789.0,627.6,708.0,87.6,100.0,90.8,203.0,166.3,203.0,217.4,317.4,178.1,263.0,373.1,502.1,226.3,303.4,383.5,552.3,431.4,541.4,767.1,1022,36.3,130.8,43.7,129.0,71.9,204.5,96.5,214.0,197.2,306.8,273.4,345.1,78.2,101.9,268.1,178.1,287.6,290.6,552.3,251.0,102.2,180.4,122.1,224.5,143.0,293.7,198.6,313.8,300.1,394.5,541.4,531.0,168.3,206.0,445.4,276.1,460.2,394.5,552.3,476.1,468.0,388.9,862.9,552.3,708.0,600.3,600.3,746.3,657.5,690.3,920.5,812.2,746.3,563.5,986.2,812.2,920.5,836.8,952.2,986.2
202609051711,2026-09-05,17,11R,16:17,2026-09-05T16:08:21.621371+09:00,13.4,7.1,18.4,20.5,27.7,32.4,43.2,59.8,10.7,37.8,37.0,26.6,55.9,62.0,60.6,110.0,60.4,96.6,67.6,126.4,35.3,16.6,59.3,52.2,110.0,127.6,237.4,270.7,35.5,138.1,117.6,70.1,218.3,294.2,208.2,356.1,153.8,265.3,161.1,338.3,108.2,82.0,93.9,175.7,165.0,145.5,185.4,265.3,161.1,178.0,208.2,322.2,265.3,322.2,287.9,466.7,422.9,322.2,422.9,520.5,33.5,131.4,85.6,61.8,52.6,214.8,163.0,79.6,270.7,307.6,338.3,398.0,145.5,190.6,356.1,260.2,125.3,109.1,338.3,265.3,250.6,167.1,214.8,260.2,347.0,314.7,330.1,588.4,375.9,501.3,588.4,902.3,287.9,398.0,588.4,541.4,422.9,436.6,615.2,845.9,155.5,225.5,276.2,410.1,178.0,322.2,300.7,410.1,483.4,615.2,563.9,520.5,276.2,265.3,588.4,520.5,588.4,712.3,751.9,644.5
202609050703,2026-09-05,07,03R,16:19,2026-09-05T16:10:26.173966+09:00,16.3,42.5,88.3,77.2,16.0,23.9,42.8,41.3,61.2,54.7,109.1,114.9,149.2,109.1,149.2,270.5,160.3,199.7,212.8,381.9,24.4,45.7,96.1,109.1,29.3,30.2,83.2,66.5,94.0,60.6,182.8,131.1,173.1,223.8,264.9,463.7,231.8,288.5,316.7,519.3,14.6,18.4,40.5,33.4,21.4,21.1,63.0,44.4,28.7,29.7,58.4,57.2,114.9,138.1,99.8,158.3,103.8,119.1,115.9,220.0,72.1,70.1,99.1,135.2,103.8,81.6,152.7,156.4,78.2,66.5,129.8,154.5,126.0,173.1,154.5,216.4,182.8,216.4,236.0,463.7,332.9,199.7,190.9,288.5,405.7,301.9,683.4,618.3,393.4,463.7,381.9,418.8,324.6,998.8,381.9,811.5,447.7,811.5,998.8,1180,519.3,254.6,332.9,519.3,590.2,350.9,463.7,480.9,418.8,519.3,381.9,649.2,332.9,541.0,649.2,590.2,564.5,865.6,721.3,721.3
202609052210,2026-09-05,22,10R,16:23,2026-09-05T16:14:20.615501+09:00,16.6,36.8,93.1,21.4,18.2,15.0,73.9,8.6,52.9,22.1,102.3,32.1,81.0,119.4,133.1,124.2,24.7,9.3,20.6,59.3,113.6,147.8,221.8,94.1,190.1,238.9,251.8,332.7,198.2,245.1,345.0,423.5,202.5,388.2,345.0,1164,207.0,490.3,443.6,621.1,58.9,36.5,141.1,24.9,83.9,124.2,85.4,102.3,56.4,115.0,211.7,157.9,245.1,211.7,175.7,388.2,37.5,258.8,169.4,621.1,372.6,51.1,251.8,112.2,321.2,245.1,345.0,221.8,69.0,358.3,238.9,232.9,321.2,490.3,405.0,465.8,169.4,358.3,321.2,665.5,517.6,232.9,245.1,358.3,517.6,232.9,517.6,423.5,345.0,548.0,716.7,776.4,405.0,388.2,716.7,716.7,517.6,621.1,847.0,847.0,67.0,30.8,96.0,274.0,143.3,358.3,517.6,443.6,36.5,405.0,251.8,665.5,166.3,266.2,282.3,776.4,405.0,776.4,465.8,847.0
202609050312,2026-09-05,03,12R,16:25,2026-09-05T16:16:19.102788+09:00,35.0,22.6,66.2,72.0,31.8,14.2,31.2,46.2,16.8,11.3,26.0,26.1,94.1,68.5,72.5,118.3,160.0,114.7,67.8,155.1,108.4,90.1,160.0,219.5,161.7,186.5,328.7,380.1,96.6,164.3,215.6,305.6,250.2,377.7,305.6,524.2,511.0,584.7,557.9,699.0,76.4,25.0,56.1,87.0,153.9,114.5,218.7,269.1,27.2,68.0,48.8,48.8,104.1,221.9,114.9,200.7,193.6,313.4,126.4,257.7,34.6,22.8,37.2,39.9,72.6,118.5,148.3,158.7,30.8,88.9,63.8,55.4,62.3,107.8,94.4,70.6,69.6,132.5,88.7,96.6,357.7,201.3,225.2,308.7,584.7,475.1,533.4,821.8,244.2,524.2,332.3,602.1,286.8,524.2,272.7,336.0,457.2,724.0,620.5,425.2,392.3,298.1,194.9,405.4,563.1,800.2,732.7,1030,425.2,715.5,298.1,732.7,232.1,568.3,272.7,330.5,502.6,844.6,579.2,364.1
202609052003,2026-09-05,20,03R,16:27,2026-09-05T16:18:21.199205+09:00,39.6,31.0,39.3,41.9,31.4,39.4,23.7,33.9,44.3,65.6,48.7,44.2,32.1,29.9,27.5,10.8,32.7,23.5,29.9,14.3,88.1,68.8,128.7,144.6,144.6,306.5,262.7,292.6,78.5,314.0,443.9,279.8,192.1,279.8,357.6,286.1,286.1,536.4,415.3,338.8,73.5,80.4,55.4,87.5,102.1,119.2,104.6,218.2,144.6,211.0,207.6,252.4,66.7,153.2,173.9,153.2,114.9,273.9,292.6,183.9,81.4,125.0,115.9,135.5,93.9,459.8,257.5,130.0,242.9,515.0,286.1,378.6,122.6,268.2,257.5,207.6,201.1,257.5,378.6,221.9,114.9,78.9,96.0,38.2,225.8,257.5,247.6,229.9,126.2,378.6,252.4,160.9,221.9,515.0,515.0,173.9,56.4,238.4,178.8,189.3,171.6,88.7,147.9,42.3,268.2,286.1,252.4,443.9,120.3,252.4,367.8,80.9,347.9,292.6,643.7,321.8,69.2,247.6,162.9,252.4
202609050212,2026-09-05,02,12R,16:30,2026-09-05T16:20:22.302419+09:00,31.0,55.9,21.5,41.2,35.7,60.5,14.8,29.4,113.8,123.8,61.2,102.4,17.2,11.8,39.9,8.5,62.7,47.0,106.8,19.7,103.2,236.1,99.1,201.7,191.3,349.5,233.0,351.3,365.8,452.6,316.6,422.8,172.6,279.1,281.3,268.4,381.6,578.7,556.0,430.5,104.3,180.5,55.2,102.4,161.2,271.5,186.8,261.5,267.4,363.9,264.4,339.4,65.5,183.4,236.9,103.0,192.4,365.8,387.9,172.6,349.5,276.9,159.7,250.3,363.9,365.8,270.5,342.7,281.3,430.5,319.5,325.4,123.0,292.9,300.4,239.3,316.6,438.5,401.2,318.0,47.2,33.1,79.2,18.9,97.6,140.3,281.3,136.3,60.1,162.7,225.5,91.8,153.5,334.6,268.4,203.4,27.2,92.5,61.5,130.5,186.8,159.7,305.6,59.5,360.2,530.9,574.0,508.0,245.1,547.3,425.3,224.8,420.3,556.0,593.3,360.2,58.0,237.7,158.3,288.2
202609050104,2026-09-05,01,04R,16:33,2026-09-05T16:24:18.673870+09:00,45.9,65.9,62.5,103.9,64.6,119.2,34.4,54.3,163.5,199.7,99.8,120.1,90.9,51.7,102.5,59.1,89.9,96.1,127.0,66.8,94.3,128.1,92.0,126.0,100.5,122.0,73.2,70.5,172.7,167.1,136.0,174.7,113.9,114.7,167.1,93.1,170.8,167.1,219.6,141.0,62.7,94.3,36.1,51.2,130.3,110.6,67.1,105.3,180.9,187.5,110.6,120.1,51.0,69.2,84.9,28.9,64.6,127.0,119.2,33.6,170.8,172.7,70.5,94.3,219.6,197.1,122.0,120.1,236.5,269.7,113.0,146.4,70.8,128.1,101.1,56.7,156.9,123.0,147.8,83.5,136.0,70.8,92.0,53.9,146.4,128.1,222.8,132.5,65.9,99.2,128.1,38.8,150.7,244.0,174.7,96.1,61.5,122.0,37.5,84.0,106.7,71.1,133.7,96.1,122.0,55.3,132.5,112.2,92.0,128.1,124.0,46.4,185.2,185.2,152.2,97.9,71.1,97.9,39.3,72.8
202609050912,2026-09-05,09,12R,16:35,2026-09-05T16:26:20.103112+09:00,6.8,9.3,11.2,15.4,18.4,35.1,37.3,52.7,30.6,61.3,61.8,78.6,38.3,71.4,94.3,87.9,73.9,152.4,182.7,153.6,13.0,18.1,17.8,21.0,38.9,68.4,63.9,71.5,63.0,105.1,90.4,105.7,68.2,112.9,124.9,100.2,97.7,189.8,238.7,166.2,88.9,168.6,162.4,226.6,115.4,172.6,177.1,209.2,414.6,365.0,567.1,633.6,386.6,338.0,597.1,662.0,741.2,646.4,1049,1170,136.9,306.2,218.9,290.0,179.1,332.4,202.7,260.8,564.6,508.5,777.2,851.4,291.1,218.6,572.2,266.4,518.1,435.3,941.1,427.1,137.7,269.0,311.4,271.9,187.4,333.6,320.5,293.7,508.5,492.9,909.9,1007,518.8,415.1,1122,578.2,625.3,566.3,1263,1021,379.8,929.7,1203,860.9,443.9,857.1,909.9,803.3,1432,1153,1864,1910,1460,1084,2031,1499,1069,950.4,2258,1586
202609050412,2026-09-05,04,12R,16:38,2026-09-05T16:28:20.878857+09:00,21.4,35.0,59.4,26.5,17.7,11.5,28.8,8.6,38.0,19.6,49.3,13.2,106.3,81.0,107.6,61.2,27.1,12.2,14.8,44.0,128.6,187.3,307.1,195.1,209.3,354.3,415.2,407.1,311.7,593.2,546.4,447.4,496.7,652.9,603.5,918.7,343.7,678.5,652.9,1092,86.6,55.3,101.1,40.7,192.6,280.5,296.6,244.8,100.2,232.2,263.4,130.0,272.4,445.5,434.3,439.9,77.4,313.6,174.7,365.5,151.3,84.5,145.4,52.2,294.0,459.3,380.2,301.7,130.2,347.2,317.4,178.9,253.8,388.8,471.8,220.4,60.2,191.8,133.4,157.5,593.2,388.8,508.9,344.9,731.1,731.1,757.7,894.9,600.0,910.6,998.2,1038,549.2,926.9,1038,501.5,485.1,1007,952.4,674.1,94.2,41.2,48.5,128.0,273.2,403.9,428.9,669.7,86.0,441.7,205.9,501.5,71.1,268.9,160.7,257.6,362.9,823.9,573.5,459.3
202609051204,2026-09-05,12,04R,16:44,2026-09-05T16:34:21.441764+09:00,10.0,40.4,54.7,9.3,11.6,54.1,37.7,8.6,80.1,137.6,152.7,110.3,121.8,111.4,127.3,110.9,11.5,11.4,73.3,80.1,24.4,101.8,96.9,21.0,64.4,348.3,309.6,77.4,232.2,768.7,495.4,454.9,377.8,437.1,602.5,327.8,50.6,99.0,484.6,464.4,48.3,119.8,130.3,33.0,84.4,232.2,237.1,107.1,218.5,297.2,571.6,359.5,309.6,420.6,530.8,518.4,61.4,110.3,342.9,518.4,297.2,318.4,278.6,309.6,428.7,543.7,309.6,506.6,495.4,675.5,857.4,825.7,420.6,557.3,636.9,857.4,636.9,602.5,636.9,719.1,297.2,232.2,247.7,391.1,655.7,454.9,530.8,857.4,518.4,602.5,796.2,969.3,530.8,428.7,891.7,796.2,719.1,602.5,796.2,1061,29.0,34.1,166.3,216.4,64.2,118.5,377.8,571.6,68.8,118.5,282.2,543.7,636.9,768.7,768.7,1061,557.3,719.1,602.5,825.7
202609050704,2026-09-05,07,04R,16:46,2026-09-05T16:36:23.507997+09:00,88.6,51.1,112.6,48.1,96.3,99.9,115.5,112.6,37.2,97.0,51.3,10.4,130.3,135.6,97.7,101.4,24.7,68.8,9.2,49.5,217.9,151.0,295.3,151.0,302.0,359.2,390.9,369.2,198.3,324.2,282.8,168.2,443.0,402.7,316.4,781.8,168.2,511.2,170.4,664.6,179.6,195.4,189.8,276.9,324.2,214.3,187.2,250.7,340.8,288.9,340.8,282.8,282.8,282.8,237.3,632.9,309.1,664.6,250.7,1107,62.6,154.5,65.1,16.2,111.6,260.6,151.0,89.8,316.4,359.2,229.1,241.6,103.8,164.1,210.9,84.6,13.3,40.7,142.9,37.7,443.0,246.1,134.2,177.2,511.2,379.7,443.0,781.8,458.3,781.8,492.3,577.9,189.8,531.6,443.0,174.8,282.8,830.7,577.9,207.6,28.7,99.1,11.2,57.7,92.9,207.6,75.9,316.4,288.9,428.7,332.3,699.5,13.4,39.0,229.1,38.7,131.6,340.8,443.0,88.6
202609051712,2026-09-05,17,12R,16:49,2026-09-05T16:40:20.412443+09:00,4.8,5.4,27.9,13.7,10.6,11.5,31.1,21.1,11.6,15.9,35.6,20.6,63.9,63.2,81.1,73.9,47.0,65.0,61.1,105.9,60.2,77.5,240.3,149.6,161.6,346.5,915.7,769.2,282.8,493.1,784.9,574.0,565.6,1068,836.1,1165,384.6,1098,836.1,1479,102.2,124.0,146.8,185.8,181.4,337.3,565.6,600.9,217.3,373.4,754.1,392.4,422.6,641.0,630.5,1602,480.7,582.7,610.5,1602,178.0,178.0,315.2,200.3,307.6,534.1,915.7,356.1,284.9,784.9,1165,565.6,349.6,591.7,739.6,739.6,293.6,437.0,836.1,1039,641.0,362.8,506.0,437.0,915.7,801.2,1039,1282,712.2,1165,1831,1831,725.7,854.7,1923,1068,836.1,1748,2403,2136,422.6,506.0,447.2,769.2,600.9,1538,1201,2024,874.1,1538,1424,2024,620.3,1098,1923,2747,818.3,2747,2958,2403
202609052211,2026-09-05,22,11R,16:51,2026-09-05T16:42:21.554414+09:00,5.3,25.0,23.5,145.7,6.0,15.8,11.6,110.7,54.0,30.8,73.6,192.3,33.1,22.4,50.7,226.9,261.2,234.6,337.7,432.7,35.2,81.9,84.9,206.6,51.0,83.9,69.2,238.7,157.3,128.2,223.3,629.3,134.4,152.1,242.9,494.5,1153,553.8,989.0,769.2,30.9,43.8,33.7,189.6,51.2,61.5,55.8,145.7,79.5,99.6,187.1,461.5,82.4,114.4,148.8,602.0,692.3,659.3,865.4,1384,150.5,56.2,113.4,301.0,192.3,166.8,234.6,337.7,94.1,234.6,166.8,477.4,155.5,173.0,288.4,553.8,602.0,553.8,769.2,1153,159.1,80.0,206.6,629.3,301.0,182.1,374.2,769.2,128.2,301.0,659.3,1153,322.0,364.3,692.3,1538,865.4,1384,1065,1978,461.5,494.5,432.7,1384,1065,1153,1384,865.4,989.0,1258,1538,1538,865.4,477.4,1978,1978,989.0,1538,1978,1538
202609052004,2026-09-05,20,04R,16:54,2026-09-05T16:44:22.869464+09:00,23.7,27.2,15.5,33.7,28.1,35.5,17.8,30.7,43.5,61.2,22.1,59.0,16.3,21.0,41.4,14.6,31.3,46.9,77.1,24.6,70.0,75.2,57.7,152.7,154.2,336.0,189.0,265.2,84.4,328.7,378.0,252.0,116.3,198.9,308.5,232.6,280.0,378.0,336.0,328.7,79.1,107.2,62.2,119.0,135.0,159.1,92.1,210.0,216.0,247.8,360.0,302.4,81.2,126.0,225.6,133.8,166.1,191.4,487.7,222.3,85.4,142.6,137.4,207.1,96.3,387.7,236.2,155.8,336.0,472.5,444.7,472.5,162.5,270.0,408.6,378.0,321.7,216.0,560.0,432.0,57.2,66.6,112.0,44.8,86.4,198.9,225.6,186.6,115.4,243.8,270.0,146.8,204.3,343.6,540.0,270.0,77.5,212.9,173.8,360.0,129.2,112.0,260.7,78.3,212.9,285.2,236.2,378.0,171.8,236.2,630.0,256.2,560.0,328.7,889.4,720.0,93.9,280.0,290.7,657.4
202609051206,2026-09-05,12,06R,17:37,2026-09-05T17:28:01.576328+09:00,10.4,55.4,40.2,7.5,12.3,70.8,28.5,9.3,119.6,107.8,203.2,74.8,144.8,57.9,210.9,112.4,8.1,10.2,72.8,41.1,28.5,259.5,83.9,24.2,63.4,571.9,527.2,214.9,397.0,888.0,823.0,462.2,362.8,411.5,1054,624.9,66.3,186.4,503.6,444.0,62.2,191.7,124.0,48.2,140.0,397.0,285.9,159.9,421.8,468.7,964.2,674.9,315.3,482.1,843.6,519.1,83.3,167.0,511.3,401.7,427.1,334.1,315.3,209.6,674.9,784.8,411.5,411.5,703.0,749.9,964.2,1163,449.9,613.5,703.0,613.5,351.5,503.6,888.0,718.0,544.3,298.6,444.0,374.9,912.0,703.0,823.0,688.7,544.3,912.0,1022,888.0,613.5,1163,1985,1607,475.3,703.0,888.0,1205,22.5,32.6,159.9,159.9,49.7,115.1,503.6,340.8,71.6,169.5,449.9,355.2,327.6,823.0,912.0,992.5,359.0,535.6,592.0,1124
202609050706,2026-09-05,07,06R,17:44,2026-09-05T17:38:51.620885+09:00,24.3,18.0,11.7,16.0,69.0,125.0,122.8,178.8,65.9,177.5,98.0,118.5,51.1,164.6,134.1,101.8,72.1,215.9,214.1,140.5,23.6,13.4,8.5,9.6,98.9,147.6,98.0,108.2,52.7,150.7,32.9,39.4,27.6,96.5,36.3,20.8,28.9,173.8,56.6,32.0,208.7,306.1,356.3,494.0,288.4,380.8,271.1,334.8,548.2,560.6,817.9,804.7,466.3,353.8,536.5,941.4,755.9,978.3,817.9,1018,190.4,426.4,200.3,271.1,196.4,514.3,107.5,116.5,665.2,723.1,573.5,587.0,230.9,138.9,426.4,160.9,426.4,213.2,656.5,269.7,96.1,366.8,205.3,159.4,74.4,280.3,121.9,73.8,817.9,509.1,791.9,744.7,295.2,179.4,791.9,259.8,274.1,131.6,817.9,290.0,155.9,536.5,587.0,408.9,164.6,498.9,268.2,146.7,1061,890.9,997.9,1720,1018,386.7,1313,422.8,554.3,198.7,1425,422.8
202609050107,2026-09-05,01,07R,17:57,2026-09-05T17:49:04.903297+09:00,45.7,117.8,124.6,140.1,17.7,10.6,11.3,18.7,128.4,34.0,78.1,75.7,128.1,30.9,85.0,126.2,183.0,59.5,134.0,152.6,92.1,278.6,309.9,370.1,99.3,192.2,272.5,275.5,286.6,259.6,423.9,309.9,228.5,359.4,501.0,740.2,446.8,420.3,533.3,590.4,20.7,11.6,13.3,21.2,64.3,102.6,134.4,154.0,31.8,108.2,58.2,59.1,34.7,111.7,70.9,85.5,67.6,235.0,108.2,160.5,206.6,63.4,102.9,100.6,328.4,271.0,328.4,209.2,69.7,190.7,120.0,106.2,85.8,238.4,127.1,126.5,131.2,235.0,148.9,206.6,233.9,70.2,163.6,159.9,459.2,332.8,442.8,481.5,81.3,255.6,199.1,202.4,228.5,506.1,253.0,295.2,254.3,644.1,337.4,381.5,399.9,129.1,278.6,356.8,652.6,455.0,635.8,953.8,172.8,393.6,271.0,463.5,304.2,476.9,297.0,583.5,244.3,885.6,495.9,627.8
202609052006,2026-09-05,20,06R,17:51,2026-09-05T17:49:04.903297+09:00,11.8,16.6,5.7,29.6,28.5,63.7,20.0,110.3,40.7,83.5,30.2,96.9,6.2,14.5,18.5,21.8,89.8,194.6,214.9,66.9,51.4,48.4,23.6,66.4,258.3,933.9,278.3,823.1,219.7,758.8,377.9,592.2,58.4,192.7,249.7,204.0,460.3,1349,1067,525.0,254.9,433.6,184.6,379.4,355.8,674.5,310.3,961.7,875.0,981.1,1142,1295,270.5,439.5,1103,714.2,971.3,1494,1592,1494,222.2,530.7,157.9,336.1,312.3,816.2,399.7,578.1,1055,1407,1517,1646,190.0,367.9,796.1,418.6,527.9,630.7,1349,665.3,27.6,62.5,73.6,61.7,60.5,189.7,242.2,191.9,201.9,380.9,816.2,618.6,175.3,309.3,844.6,369.3,113.7,284.8,551.9,495.5,280.7,409.8,527.9,159.5,495.5,867.2,837.3,548.7,961.7,1618,1368,1278,933.9,883.0,1904,933.9,172.8,558.2,1079,703.8
202609051207,2026-09-05,12,07R,18:04,2026-09-05T17:58:16.684127+09:00,34.3,9.1,21.9,11.7,74.5,77.2,64.7,54.0,11.5,48.0,21.5,8.4,49.8,62.5,46.4,35.9,16.3,44.5,11.8,31.3,178.3,78.9,143.9,97.5,437.2,784.0,583.0,967.6,153.6,858.0,437.2,215.5,352.5,689.0,575.6,710.5,227.3,1299,327.1,640.5,229.6,264.4,224.0,287.8,554.6,494.3,441.5,797.8,429.0,528.8,874.5,689.0,499.7,631.6,874.5,928.1,499.7,1109,1057,1378,65.8,182.6,79.6,33.4,144.3,631.6,226.2,160.6,425.0,678.7,770.8,967.6,119.0,220.7,441.5,114.5,49.9,135.3,454.7,122.9,218.6,339.3,244.5,236.8,413.4,858.0,535.0,842.1,757.9,1196,1196,988.6,280.7,450.2,1109,299.1,267.5,583.0,1166,459.3,45.4,135.7,32.1,110.6,119.9,547.9,210.5,464.0,363.8,668.7,590.6,947.4,50.1,158.4,369.7,240.6,229.6,606.3,812.1,417.2
202609052007,2026-09-05,20,07R,18:18,2026-09-05T18:13:03.799661+09:00,31.1,49.9,81.9,35.5,18.7,11.0,17.7,7.1,56.9,25.0,65.9,23.8,77.1,48.2,98.0,51.2,37.8,12.2,29.0,54.8,133.1,173.3,212.4,212.4,200.4,462.1,315.9,453.7,208.8,567.2,616.2,531.0,319.9,426.6,648.2,409.1,351.5,587.2,683.7,639.9,65.4,28.4,40.7,20.1,163.6,242.3,193.4,302.5,70.4,219.8,207.1,81.9,102.9,328.4,275.7,156.9,46.4,207.1,120.5,149.0,180.8,99.2,170.3,122.3,242.3,489.3,504.2,322.0,171.5,466.5,351.5,220.8,258.6,573.7,389.9,445.6,196.5,402.5,274.2,437.8,290.2,128.3,286.8,222.8,383.9,419.4,499.1,479.9,170.9,608.7,580.4,349.0,415.9,767.9,504.2,580.4,285.2,639.9,332.7,608.7,92.6,37.6,82.5,139.0,247.1,441.7,423.0,594.2,58.8,253.3,146.3,324.1,215.1,409.1,288.5,639.9,319.9,437.8,389.9,573.7
202609051208,2026-09-05,12,08R,18:32,2026-09-05T18:25:25.647045+09:00,19.9,28.0,23.3,24.3,16.8,13.1,7.9,9.7,52.7,30.3,38.2,32.9,48.1,16.8,41.6,21.4,43.7,19.1,51.8,28.8,106.6,153.3,127.1,114.2,200.6,360.3,317.2,515.5,287.7,674.8,789.7,441.8,482.0,436.6,687.3,463.9,346.8,905.2,824.8,727.7,67.8,69.6,31.4,42.8,196.3,311.8,229.1,337.4,143.3,283.3,265.1,270.9,72.2,227.7,325.5,133.0,114.2,501.5,301.7,171.8,263.2,170.2,172.6,188.4,334.3,537.9,436.6,426.6,265.1,508.4,426.6,412.4,279.0,579.9,515.5,431.5,292.2,458.2,608.4,508.4,219.6,114.2,252.4,124.1,494.8,545.8,727.7,905.2,138.4,629.0,742.3,301.7,386.6,843.5,951.6,598.6,182.8,1031,452.6,757.4,219.6,107.5,237.9,173.4,407.8,806.8,687.3,806.8,171.8,863.1,571.0,463.9,399.0,713.7,1091,843.5,242.5,1003,441.8,824.8
202609050708,2026-09-05,07,08R,18:39,2026-09-05T18:36:21.040803+09:00,47.1,22.3,160.9,53.1,52.6,21.9,174.6,50.3,10.7,13.8,54.6,8.3,324.7,286.9,182.2,297.6,64.9,68.8,31.7,238.1,235.7,98.4,479.4,170.9,435.6,263.6,830.7,427.7,106.1,224.6,537.1,124.0,707.3,992.2,700.4,1400,265.5,615.8,204.7,1457,195.7,82.9,249.7,173.4,457.9,242.9,499.5,427.7,102.9,195.1,376.0,111.4,580.8,655.4,521.4,992.2,314.7,553.8,175.9,752.0,16.3,22.9,60.5,10.0,41.6,101.6,206.4,49.8,60.1,117.5,277.9,61.9,132.2,280.1,320.3,129.6,15.0,31.6,44.1,74.2,295.2,272.6,164.6,300.1,529.1,626.6,415.3,590.4,714.4,965.4,600.3,714.4,200.1,324.7,396.8,273.7,580.8,978.6,768.1,417.7,192.5,190.5,72.3,432.9,368.2,479.4,211.3,1298,415.3,595.3,208.8,965.4,64.2,136.5,146.6,285.7,992.2,1428,1133,510.2
202609052008,2026-09-05,20,08R,18:46,2026-09-05T18:36:21.040803+09:00,11.7,10.8,7.1,9.8,30.6,73.2,62.5,90.8,38.1,84.0,67.6,77.3,22.7,64.7,70.5,42.3,39.8,94.5,107.4,69.2,36.3,25.7,16.2,21.3,123.0,263.2,195.3,325.0,67.2,303.6,123.4,158.1,44.3,198.0,152.3,68.4,58.4,442.5,237.7,106.1,129.1,153.5,148.0,160.6,180.8,235.0,169.1,355.5,396.1,364.9,630.3,467.4,239.0,310.4,467.4,554.6,462.2,705.0,428.8,620.8,106.6,222.4,141.0,183.2,123.8,330.1,240.4,178.5,513.5,594.2,717.2,433.3,177.0,237.7,332.8,256.7,378.1,312.7,400.0,420.2,75.2,167.0,150.1,119.1,96.2,290.9,246.1,146.4,330.1,467.4,693.3,483.7,199.0,232.4,472.7,292.9,220.1,206.9,457.1,411.8,125.6,249.1,325.0,253.6,116.2,602.9,420.2,270.1,577.7,670.9,815.6,1014,547.3,388.7,784.9,770.3,315.1,268.3,630.3,670.9
202609050109,2026-09-05,01,09R,18:54,2026-09-05T18:45:41.359286+09:00,14.8,19.2,64.2,45.1,24.2,43.5,79.1,80.3,38.5,57.9,152.6,104.9,153.6,108.7,193.2,256.3,113.5,151.7,249.7,310.1,11.5,15.8,75.5,40.4,24.0,20.3,42.2,25.9,26.5,26.7,125.5,40.5,194.7,181.0,207.2,270.5,81.1,85.8,108.2,244.7,55.6,85.4,130.2,158.6,33.8,47.3,49.7,45.5,135.2,82.3,233.0,208.1,202.0,201.2,264.6,276.6,244.7,202.0,302.4,352.8,63.5,128.8,113.7,136.7,63.1,62.8,139.9,83.8,162.3,94.9,318.2,220.3,107.5,187.3,263.2,180.3,227.5,146.2,316.2,308.2,233.0,204.6,245.9,227.5,342.9,308.2,363.4,395.9,318.2,377.5,463.7,392.7,318.2,409.2,486.9,352.8,322.5,477.4,405.8,463.7,202.9,186.5,314.1,389.5,236.3,194.7,264.6,459.4,331.2,286.4,368.9,586.7,405.8,279.8,459.4,559.7,450.9,423.4,409.2,455.1
202609051209,2026-09-05,12,09R,19:02,2026-09-05T18:55:17.741442+09:00,8.8,8.4,12.1,36.8,19.9,26.0,29.3,66.6,21.9,36.0,36.8,61.4,43.7,59.7,64.5,106.5,130.0,158.2,131.9,185.0,17.8,16.5,19.6,46.2,53.2,70.5,76.9,154.2,49.5,101.8,59.3,104.7,66.2,149.3,92.0,132.4,220.2,505.9,284.6,266.9,101.3,109.0,120.5,225.8,130.4,142.1,172.4,328.2,211.0,221.9,216.5,366.6,209.1,242.8,243.9,322.7,594.1,804.5,737.9,665.8,81.5,148.9,90.7,152.2,106.2,195.3,119.9,202.9,265.7,317.4,346.8,497.2,130.6,125.5,259.7,168.4,277.1,350.0,742.6,347.9,139.0,240.3,203.2,311.4,185.3,299.3,221.9,338.7,307.3,367.8,406.5,579.3,274.5,275.8,538.8,377.3,519.5,476.7,1062,565.1,497.2,565.1,467.1,767.2,685.5,1219,757.2,643.6,1043,1504,1219,1448,603.4,839.5,1485,821.7,864.6,693.7,1232,839.5
202609050709,2026-09-05,07,09R,19:09,2026-09-05T19:05:29.765980+09:00,8.8,37.9,21.9,12.0,9.8,28.2,16.2,7.9,74.2,64.1,92.0,58.2,38.0,33.8,108.1,28.7,17.6,13.9,65.9,26.6,67.6,220.5,188.3,93.0,112.6,450.1,335.6,204.0,482.5,706.8,1194,678.1,396.7,496.8,802.9,539.6,150.7,281.1,583.5,531.0,70.1,171.8,110.2,54.2,112.5,321.7,289.2,185.5,386.0,517.3,615.7,509.5,237.2,456.2,583.5,322.7,87.2,181.8,304.1,214.0,418.2,369.0,492.0,294.3,539.6,778.0,865.2,664.7,514.7,850.6,974.4,772.0,576.8,946.9,802.9,504.3,423.5,627.3,790.3,754.6,180.2,168.1,357.1,96.4,342.5,492.0,1115,380.1,336.8,567.0,1153,425.3,809.4,1498,1286,984.0,120.4,299.6,293.4,678.1,58.5,48.2,208.6,102.7,141.3,202.3,482.5,409.6,91.2,184.5,256.0,233.9,576.8,706.8,590.4,929.3,157.5,320.6,315.6,639.3
202609052009,2026-09-05,20,09R,19:16,2026-09-05T19:13:01.887772+09:00,4.7,13.9,19.4,8.6,8.9,24.2,32.7,17.5,39.2,48.1,85.4,66.1,63.0,75.0,137.6,100.8,21.3,33.0,91.1,85.3,26.1,62.5,65.8,35.9,79.6,331.8,331.8,200.5,189.2,403.9,511.5,430.6,231.9,440.4,673.2,457.6,98.1,282.9,588.6,550.0,51.9,76.8,157.8,80.6,115.8,321.8,315.7,260.3,115.4,142.1,435.5,335.6,288.5,430.6,488.1,445.4,200.9,319.2,447.1,492.2,107.9,221.4,332.8,281.6,278.9,563.2,654.4,509.3,355.0,658.1,681.1,582.8,461.2,807.9,693.1,741.4,557.8,518.3,791.5,1036,305.8,341.5,406.7,435.5,450.5,547.4,813.5,727.6,522.9,732.1,901.1,807.9,654.4,1036,992.7,1195,669.4,1018,1036,1316,59.2,116.7,275.6,327.2,92.1,260.9,476.2,574.2,221.8,382.8,582.8,908.1,539.8,705.7,887.5,1183,594.6,741.4,915.2,1036
