レースコード,レース日,レース場,レース回,締切時刻,取得日時,3連単_1-2-3,3連単_1-2-4,3連単_1-2-5,3連単_1-2-6,3連単_1-3-2,3連単_1-3-4,3連単_1-3-5,3連単_1-3-6,3連単_1-4-2,3連単_1-4-3,3連単_1-4-5,3連単_1-4-6,3連単_1-5-2,3連単_1-5-3,3連単_1-5-4,3連単_1-5-6,3連単_1-6-2,3連単_1-6-3,3連単_1-6-4,3連単_1-6-5,3連単_2-1-3,3連単_2-1-4,3連単_2-1-5,3連単_2-1-6,3連単_2-3-1,3連単_2-3-4,3連単_2-3-5,3連単_2-3-6,3連単_2-4-1,3連単_2-4-3,3連単_2-4-5,3連単_2-4-6,3連単_2-5-1,3連単_2-5-3,3連単_2-5-4,3連単_2-5-6,3連単_2-6-1,3連単_2-6-3,3連単_2-6-4,3連単_2-6-5,3連単_3-1-2,3連単_3-1-4,3連単_3-1-5,3連単_3-1-6,3連単_3-2-1,3連単_3-2-4,3連単_3-2-5,3連単_3-2-6,3連単_3-4-1,3連単_3-4-2,3連単_3-4-5,3連単_3-4-6,3連単_3-5-1,3連単_3-5-2,3連単_3-5-4,3連単_3-5-6,3連単_3-6-1,3連単_3-6-2,3連単_3-6-4,3連単_3-6-5,3連単_4-1-2,3連単_4-1-3,3連単_4-1-5,3連単_4-1-6,3連単_4-2-1,3連単_4-2-3,3連単_4-2-5,3連単_4-2-6,3連単_4-3-1,3連単_4-3-2,3連単_4-3-5,3連単_4-3-6,3連単_4-5-1,3連単_4-5-2,3連単_4-5-3,3連単_4-5-6,3連単_4-6-1,3連単_4-6-2,3連単_4-6-3,3連単_4-6-5,3連単_5-1-2,3連単_5-1-3,3連単_5-1-4,3連単_5-1-6,3連単_5-2-1,3連単_5-2-3,3連単_5-2-4,3連単_5-2-6,3連単_5-3-1,3連単_5-3-2,3連単_5-3-4,3連単_5-3-6,3連単_5-4-1,3連単_5-4-2,3連単_5-4-3,3連単_5-4-6,3連単_5-6-1,3連単_5-6-2,3連単_5-6-3,3連単_5-6-4,3連単_6-1-2,3連単_6-1-3,3連単_6-1-4,3連単_6-1-5,3連単_6-2-1,3連単_6-2-3,3連単_6-2-4,3連単_6-2-5,3連単_6-3-1,3連単_6-3-2,3連単_6-3-4,3連単_6-3-5,3連単_6-4-1,3連単_6-4-2,3連単_6-4-3,3連単_6-4-5,3連単_6-5-1,3連単_6-5-2,3連単_6-5-3,3連単_6-5-4
202609061001,2026-09-06,10,01R,08:32,2026-09-06T08:22:20.966115+09:00,8.3,14.6,26.1,113.9,9.9,3.8,11.7,85.4,16.1,7.3,15.9,75.5,38.2,24.3,27.6,154.6,282.4,270.7,259.8,541.4,166.5,175.6,249.8,341.9,382.1,185.6,812.1,3248,360.9,1299,928.1,1299,382.1,812.1,1624,6497,2165,3248,1624,0.0,170.9,49.9,110.1,60.7,406.0,341.9,590.6,541.4,95.5,499.7,309.3,2165,240.6,406.0,382.1,928.1,1624,0.0,590.6,2165,175.6,95.5,91.5,541.4,240.6,721.9,499.7,590.6,151.0,721.9,721.9,3248,154.6,812.1,464.0,541.4,649.7,1082,0.0,3248,240.6,203.0,166.5,812.1,259.8,1299,3248,1082,209.5,341.9,433.1,1082,270.7,6497,928.1,928.1,3248,6497,1299,1624,928.1,928.1,928.1,0.0,541.4,2165,928.1,3248,1624,1624,2165,1624,721.9,928.1,0.0,3248,3248,3248,649.7,6497
202609061401,2026-09-06,14,01R,08:44,2026-09-06T08:34:18.965809+09:00,7.6,4.6,24.6,16.8,16.9,15.2,55.2,42.2,7.9,13.5,38.9,21.5,68.9,118.6,93.7,126.3,47.7,91.4,62.0,153.6,52.4,32.4,147.5,93.7,137.4,231.9,444.0,485.5,93.2,227.8,494.7,279.2,348.6,721.5,895.6,1105,267.7,962.0,577.2,1332,132.8,105.8,274.8,358.2,198.2,255.9,432.9,444.0,178.5,379.1,752.8,711.6,432.9,604.0,1129,1855,683.5,880.5,1082,2473,40.3,76.1,95.8,73.2,84.1,243.8,399.6,225.8,180.3,333.0,742.1,546.8,196.7,530.0,721.5,384.8,180.3,330.8,851.6,514.3,249.7,365.8,279.2,509.3,412.2,811.7,625.8,1129,611.1,1038,1484,1998,333.0,1018,1105,775.3,775.3,1404,1998,1129,249.7,463.8,302.0,731.6,330.8,692.6,590.3,1367,674.6,911.3,1404,1998,440.2,837.8,1367,1038,787.1,1574,2077,1236
202609061002,2026-09-06,10,02R,08:58,2026-09-06T08:48:21.320395+09:00,9.2,18.3,11.4,13.3,52.0,86.7,102.9,156.0,75.2,105.1,156.0,203.6,54.8,119.4,184.2,103.4,54.5,208.0,265.0,129.8,16.2,22.8,12.8,10.3,46.7,73.2,51.3,41.0,60.8,105.1,93.9,55.4,36.1,73.5,135.3,37.7,26.6,65.3,69.3,38.2,128.1,168.2,191.5,106.9,152.3,189.6,219.8,177.5,345.5,394.8,569.0,496.1,386.9,333.6,522.9,586.3,716.6,379.3,439.7,604.6,212.6,420.6,217.4,429.9,222.4,439.7,372.1,238.8,460.6,644.9,691.0,806.2,257.9,403.1,586.3,483.7,569.0,284.5,1209,744.2,141.2,345.5,284.5,317.2,117.2,307.1,358.3,124.0,420.6,386.9,841.2,537.4,460.6,586.3,879.5,509.1,365.0,241.8,552.8,841.2,92.1,307.1,420.6,297.6,74.4,203.6,179.1,106.3,569.0,460.6,879.5,744.2,744.2,288.7,449.9,691.0,429.9,241.8,691.0,691.0
202609061402,2026-09-06,14,02R,09:10,2026-09-06T09:00:56.929528+09:00,37.3,69.4,106.9,82.6,29.2,11.8,22.3,14.4,71.9,28.9,63.4,47.5,165.7,74.3,133.1,115.9,148.5,46.5,97.2,124.9,101.8,140.4,165.0,183.8,158.2,185.6,221.9,214.5,281.8,319.1,501.4,429.0,332.8,406.4,536.2,551.6,354.2,438.7,567.8,772.2,42.0,14.2,31.0,16.7,90.8,81.4,121.0,97.0,22.2,73.5,40.8,20.7,55.1,131.7,68.0,51.0,30.5,108.4,29.0,61.4,158.2,59.4,96.2,93.0,281.8,252.3,308.8,266.2,59.9,171.6,118.0,65.6,148.5,311.3,172.3,166.4,146.2,247.5,105.4,200.0,367.7,173.9,242.8,351.0,424.3,470.8,470.8,632.9,231.2,465.2,252.3,266.2,313.9,654.4,324.4,390.0,398.0,632.9,241.3,438.7,341.7,95.3,266.2,338.7,514.8,559.5,643.5,757.1,114.5,386.1,127.0,212.1,382.2,488.7,179.5,415.1,488.7,821.5,299.3,594.0
202609061003,2026-09-06,10,03R,09:24,2026-09-06T09:14:18.079871+09:00,5.2,10.3,31.0,38.1,5.9,7.2,17.4,25.8,15.7,15.7,43.3,60.6,73.0,72.6,150.1,222.1,122.7,116.3,198.3,241.4,45.3,61.2,135.4,167.0,80.7,158.6,233.8,453.3,156.4,267.6,569.6,584.6,321.9,793.4,716.6,1234,444.3,1009,653.4,1234,49.5,45.9,85.7,95.3,85.4,126.2,274.2,304.3,130.6,224.4,453.3,462.8,238.8,383.0,516.6,965.9,584.6,600.4,569.6,673.2,100.5,101.9,118.8,274.2,185.1,284.8,444.3,453.3,170.8,370.2,600.4,600.4,292.3,555.3,716.6,528.9,600.4,634.7,925.6,766.0,296.2,255.3,326.7,653.4,493.6,716.6,1009,673.2,326.7,516.6,1009,1708,617.1,1306,1234,740.5,925.6,1306,965.9,1110,482.9,411.4,822.8,653.4,766.0,888.6,1306,965.9,888.6,1110,1110,1388,1169,1110,555.3,1057,965.9,1169,1169,1306
202609061403,2026-09-06,14,03R,09:36,2026-09-06T09:26:21.837856+09:00,9.2,37.2,5.3,25.9,15.0,68.5,13.8,57.3,97.5,133.0,79.5,165.9,6.7,13.0,47.7,18.5,80.3,141.7,249.6,57.6,69.2,145.6,37.3,141.0,159.1,386.8,180.8,408.4,417.2,602.1,561.6,834.4,67.6,205.6,429.5,235.5,467.2,1007,1168,490.8,102.1,194.0,73.1,218.7,176.4,265.5,157.8,326.3,490.8,463.5,467.2,739.3,111.6,151.3,490.8,274.2,614.8,703.7,942.1,634.9,231.7,408.4,161.8,402.8,423.2,634.9,442.5,748.8,621.4,578.3,778.8,942.1,271.6,482.7,656.3,499.2,942.1,990.0,1460,1123,27.2,56.4,140.0,51.1,53.5,156.6,384.2,131.8,122.9,217.9,822.7,392.0,328.1,649.0,912.6,649.0,109.7,216.3,349.7,614.8,417.2,561.6,1024,272.9,621.4,1043,1168,621.4,1007,1242,1358,1081,1390,1390,1668,1578,282.1,578.3,1102,1298
202609061004,2026-09-06,10,04R,09:50,2026-09-06T09:40:28.733241+09:00,18.3,4.6,19.5,26.2,56.2,52.7,134.4,144.2,7.2,41.5,26.1,27.8,65.4,147.4,72.6,126.7,119.1,406.1,121.3,280.3,62.7,14.0,54.3,80.9,156.7,195.1,315.9,510.3,32.4,154.2,115.7,117.7,223.6,485.4,223.6,432.6,326.2,737.1,301.5,642.0,143.1,122.8,145.2,109.3,189.5,168.6,337.3,276.4,265.3,234.1,663.4,585.3,326.2,390.2,452.3,710.8,765.4,552.8,485.4,663.4,22.2,122.1,37.7,53.3,33.9,151.9,86.9,86.1,221.1,292.6,497.5,452.3,63.1,92.5,297.0,71.8,116.3,153.0,497.5,143.1,180.9,284.3,145.2,337.3,326.2,552.8,297.0,432.6,368.5,382.7,663.4,947.7,165.8,191.3,621.9,184.2,585.3,686.3,904.6,349.1,442.2,537.9,349.1,663.4,603.1,865.3,497.5,865.3,1105,829.2,829.2,1421,382.7,398.0,423.4,442.2,663.4,829.2,1047,423.4
202609061404,2026-09-06,14,04R,10:02,2026-09-06T09:52:22.515840+09:00,48.6,136.3,115.0,52.2,31.6,34.5,17.5,6.2,154.5,95.6,167.9,70.2,123.7,40.4,173.5,34.3,34.4,7.6,50.8,21.6,192.0,293.4,276.3,229.0,276.3,424.6,367.8,345.9,497.4,636.9,803.5,779.5,517.1,483.6,735.6,687.2,290.1,424.6,949.6,756.9,81.4,80.2,41.3,15.5,201.6,216.7,198.5,166.3,221.3,339.1,286.9,163.2,88.5,202.4,339.1,76.5,21.9,125.2,138.1,67.7,324.4,300.1,241.8,267.8,549.8,678.3,532.9,549.8,339.1,687.2,779.5,458.1,417.8,746.1,768.1,607.3,318.4,715.5,488.1,725.4,220.3,97.4,288.5,78.7,435.2,392.7,492.7,470.5,142.7,421.2,705.8,175.2,488.1,829.0,816.1,561.6,91.3,375.7,150.5,555.6,55.6,15.0,96.3,46.5,180.1,234.2,561.6,408.0,23.4,142.3,159.2,80.6,290.1,538.4,350.5,417.8,87.4,336.9,136.0,386.9
202609061005,2026-09-06,10,05R,10:18,2026-09-06T10:08:22.090855+09:00,20.0,7.2,12.8,43.9,30.3,19.2,21.6,60.9,6.8,17.5,5.8,24.7,22.5,31.6,15.3,49.2,150.9,217.7,99.5,134.8,166.0,113.5,133.5,285.6,354.2,402.5,681.2,1328,195.3,664.2,241.5,805.1,237.2,885.6,336.3,1476,857.0,1562,1207,1771,253.0,139.1,157.2,154.4,415.1,288.7,450.3,458.0,320.1,442.8,542.2,1207,301.9,577.5,664.2,1207,1021,1062,759.1,1107,81.2,168.1,42.6,125.3,174.7,510.9,204.3,466.1,268.3,681.2,664.2,984.0,87.9,191.1,374.2,170.3,442.8,617.8,1107,379.5,159.0,239.3,118.0,308.9,250.6,885.6,363.9,699.1,415.1,648.0,1207,1771,162.9,363.9,759.1,282.6,1476,1897,1771,805.1,520.9,738.0,531.3,1155,718.0,1660,948.8,1207,2214,1771,1562,2952,948.8,984.0,681.2,492.0,1207,984.0,1476,664.2
202609061405,2026-09-06,14,05R,10:28,2026-09-06T10:18:18.935940+09:00,40.1,19.4,27.1,155.5,82.7,97.5,104.8,238.8,36.7,112.2,60.8,249.5,58.5,131.6,78.8,380.0,321.5,128.6,566.8,451.9,38.9,12.1,17.2,118.1,66.4,46.1,57.0,224.4,14.0,37.1,10.3,92.1,24.9,50.1,16.8,162.3,184.7,464.5,244.1,380.0,132.1,146.6,147.3,384.4,162.3,80.7,93.9,238.8,283.4,135.4,274.1,566.8,213.0,123.4,327.8,539.4,304.0,412.8,655.7,815.7,46.3,170.6,60.6,315.5,29.8,76.7,21.5,176.0,244.1,147.3,232.2,608.0,73.5,36.3,179.8,312.5,506.7,344.7,815.7,539.4,72.7,175.1,110.3,312.5,65.0,97.5,40.6,245.9,251.4,160.7,352.0,777.7,130.6,55.6,259.2,398.1,464.5,471.0,1013,777.7,418.0,440.0,815.7,477.7,586.7,1045,727.0,655.7,668.8,929.0,777.7,548.2,1194,631.0,727.0,1114,451.9,777.7,1672,1153
202609061101,2026-09-06,11,01R,10:35,2026-09-06T10:26:24.700777+09:00,14.8,25.2,79.8,151.7,14.4,9.3,37.2,104.6,21.5,14.9,45.7,112.9,143.5,114.3,148.1,500.4,385.7,303.5,336.6,712.1,53.9,56.7,155.6,298.6,73.1,58.7,237.3,303.5,64.5,62.1,125.9,231.4,228.6,293.9,313.8,740.6,487.2,617.2,638.5,1028,30.8,16.8,78.1,153.0,52.6,40.3,117.1,223.0,16.6,23.9,53.5,119.4,129.4,168.3,126.8,440.8,324.8,298.6,253.6,712.1,42.8,28.5,66.8,162.4,64.2,55.6,104.6,243.6,25.8,41.5,59.1,201.2,92.1,143.5,123.4,349.3,356.0,385.7,420.8,881.7,201.2,272.3,237.3,402.5,250.2,462.9,385.7,925.8,402.5,661.3,243.6,881.7,336.6,487.2,336.6,841.6,881.7,1322,841.6,1234,280.5,293.9,393.9,487.2,430.6,393.9,474.7,1234,280.5,578.6,377.8,661.3,430.6,487.2,544.6,925.8,685.8,1322,740.6,1089
202609060901,2026-09-06,09,01R,10:42,2026-09-06T10:32:17.838205+09:00,12.7,8.6,22.7,34.3,17.7,12.7,22.6,40.5,10.0,12.9,16.4,24.0,44.1,52.3,38.9,71.4,97.8,96.1,72.2,114.0,67.4,57.2,98.5,146.4,128.3,163.1,221.1,355.6,105.9,200.3,209.9,266.7,251.4,292.4,295.7,354.0,415.5,559.9,499.7,487.3,102.4,60.9,102.0,148.9,169.0,195.9,223.6,370.6,118.5,212.8,191.6,247.5,233.5,291.3,317.0,355.6,409.0,704.9,429.1,589.2,41.8,55.5,51.1,74.3,103.4,181.0,187.5,187.1,134.5,272.2,276.0,291.3,103.8,207.7,252.2,167.9,170.9,323.5,464.4,278.9,198.8,245.9,146.2,299.0,350.9,469.9,313.3,313.3,451.1,540.7,669.1,986.9,184.9,381.4,417.7,398.7,559.9,744.8,1025,669.1,396.7,529.9,441.0,669.1,848.9,1025,839.9,1127,724.3,1361,974.7,1794,612.0,831.1,1196,928.8,724.3,1144,1611,805.6
202609060201,2026-09-06,02,01R,10:47,2026-09-06T10:38:24.490064+09:00,32.0,60.1,133.5,129.4,25.6,16.6,73.9,71.7,56.9,26.1,122.3,134.0,194.4,185.8,182.8,308.6,254.8,232.0,278.0,378.0,69.2,86.4,217.0,221.3,77.3,49.9,137.8,199.0,89.4,60.7,141.3,173.4,326.6,264.9,217.0,534.0,373.8,448.5,487.5,560.7,25.9,13.9,64.5,46.0,45.5,30.3,74.1,103.8,13.6,19.5,38.8,27.6,114.4,120.5,86.2,131.4,124.6,163.3,77.7,182.8,55.6,27.8,99.8,111.4,78.4,46.0,103.5,146.2,22.7,28.4,59.6,41.6,111.0,105.7,85.8,167.3,168.2,152.2,105.4,245.5,303.1,238.6,256.8,317.3,305.8,305.8,346.8,480.6,254.8,326.6,192.2,354.1,269.1,314.4,199.0,395.8,336.4,467.2,517.6,560.7,305.8,258.8,431.3,487.5,405.3,700.9,659.6,801.0,262.8,560.7,219.8,634.7,425.8,600.7,273.5,560.7,534.0,801.0,590.2,647.0
202609061006,2026-09-06,10,06R,10:50,2026-09-06T10:40:20.765354+09:00,42.8,8.6,35.0,108.1,83.4,90.1,115.4,276.6,10.4,51.1,20.9,136.7,59.3,129.2,45.4,304.9,377.6,626.0,396.4,881.0,59.1,15.4,39.1,165.2,135.9,105.2,203.3,553.2,16.3,56.3,21.1,173.6,80.9,206.8,40.0,457.4,440.5,1321,528.6,660.8,153.4,141.6,171.1,349.8,245.2,115.4,304.9,424.8,286.6,139.9,360.4,792.9,273.4,383.6,396.4,1034,1132,820.3,679.6,881.0,16.1,77.9,22.8,203.3,18.2,66.4,20.8,169.9,176.2,130.7,258.5,679.6,25.6,21.5,98.7,114.3,566.4,466.4,1399,594.7,107.6,228.7,81.7,553.2,147.7,344.7,59.0,344.7,389.9,389.9,517.1,1132,74.8,50.5,255.7,255.7,951.5,1132,1252,991.2,720.8,881.0,1189,1982,720.8,1486,1189,1399,1699,914.9,1321,1829,1699,914.9,660.8,1252,1486,1081,2162,1034
202609061701,2026-09-06,17,01R,10:54,2026-09-06T10:44:23.635697+09:00,11.5,10.3,11.5,23.4,29.2,38.6,34.4,74.8,21.3,49.4,28.7,28.3,20.0,30.9,25.3,51.2,73.7,160.7,70.0,102.5,51.5,38.7,34.3,56.9,138.8,198.3,157.4,324.9,92.5,221.3,166.0,159.0,67.2,152.7,116.5,151.2,203.6,305.4,332.0,318.1,98.5,129.4,104.6,177.5,167.8,160.7,154.2,242.4,246.3,181.8,272.7,169.7,162.4,195.8,234.9,282.8,318.1,267.9,218.1,391.6,64.4,167.8,97.9,108.3,114.8,234.9,218.1,203.6,381.8,277.6,258.8,332.0,155.8,250.3,282.8,227.9,152.7,267.9,391.6,339.4,51.9,103.8,66.4,113.9,68.1,128.3,123.1,173.5,171.6,231.4,324.9,282.8,177.5,238.6,311.6,254.5,288.1,305.4,565.6,449.2,186.2,282.8,186.2,272.7,195.8,610.9,477.2,299.4,492.6,1090,526.6,803.8,311.6,545.4,664.0,587.4,412.7,526.6,694.2,727.2
202609060401,2026-09-06,04,01R,10:55,2026-09-06T10:46:22.828124+09:00,22.3,149.3,27.6,76.3,35.0,138.9,48.8,127.8,224.6,235.6,264.1,375.5,44.5,56.4,192.3,116.6,123.9,250.3,480.7,226.7,21.3,97.7,21.1,75.1,20.5,66.9,11.6,35.7,190.7,148.3,145.6,235.6,21.8,15.1,88.0,36.0,161.3,113.3,437.0,93.5,45.3,187.7,55.3,143.0,36.6,83.7,18.1,50.0,270.0,166.9,207.2,343.3,52.9,27.1,163.5,65.4,258.4,125.8,421.7,164.6,348.3,333.8,233.3,381.5,329.2,289.6,343.3,369.8,490.5,375.5,600.9,890.2,364.2,320.5,480.7,445.1,924.5,471.3,1144,858.4,50.2,75.5,182.1,132.0,40.1,29.9,147.4,64.7,88.3,41.7,235.6,120.7,500.7,445.1,534.1,480.7,151.1,111.2,139.7,616.3,240.3,387.7,572.3,387.7,237.9,245.2,649.6,231.1,471.3,286.1,616.3,534.1,801.2,828.8,924.5,1001,400.6,273.1,572.3,1001
202609061406,2026-09-06,14,06R,10:58,2026-09-06T10:48:22.218477+09:00,30.3,145.2,21.8,128.8,36.7,149.6,17.5,109.0,314.7,304.2,245.7,417.6,17.8,14.2,103.5,44.6,287.8,266.2,751.7,164.6,59.1,213.6,38.1,176.9,70.7,224.1,36.1,176.5,384.9,391.9,332.7,586.1,36.1,32.0,192.4,77.7,391.9,384.9,779.2,273.0,58.1,195.9,27.2,148.5,75.9,176.0,38.5,147.2,425.9,347.2,319.4,632.6,25.1,29.5,185.2,55.4,384.9,380.3,769.8,189.5,367.2,425.9,234.9,565.4,487.7,463.0,363.0,597.1,491.4,459.6,555.6,840.7,271.8,339.8,417.6,487.7,998.3,717.9,1228,998.3,16.9,14.4,134.5,39.3,28.0,24.9,184.1,51.9,21.9,26.6,187.3,47.0,262.9,317.8,324.3,363.0,52.9,59.6,61.4,294.4,491.4,511.1,1082,387.2,694.5,717.9,1183,503.1,734.4,819.1,1228,338.0,1359,1140,1277,1228,269.5,334.5,249.5,899.9
202609061102,2026-09-06,11,02R,11:05,2026-09-06T10:56:21.508281+09:00,36.1,77.2,35.0,120.4,45.7,87.2,34.2,105.3,153.3,183.9,194.5,337.2,39.2,37.0,103.2,131.4,210.7,259.4,389.1,235.3,36.7,76.0,32.7,151.0,41.8,69.7,20.0,183.9,72.7,120.4,101.1,374.7,36.6,20.3,72.7,88.7,297.5,632.3,722.7,246.7,59.1,87.2,39.2,171.4,52.9,60.2,23.0,171.4,89.5,77.8,49.8,224.8,37.7,20.0,44.7,85.7,505.9,505.9,421.5,361.3,183.9,215.2,140.5,374.7,229.9,180.6,165.8,306.6,177.5,183.9,96.3,404.7,133.1,126.4,88.7,289.0,481.8,326.3,722.7,481.8,34.2,40.1,87.2,101.1,41.9,24.0,66.5,102.2,42.8,24.1,50.8,120.4,138.6,140.5,90.3,183.9,202.3,187.3,266.2,326.3,273.4,316.1,919.8,289.0,348.9,246.7,595.1,361.3,632.3,722.7,778.3,595.1,1011,562.1,1011,1124,404.7,389.1,674.5,843.1
202609060902,2026-09-06,09,02R,11:12,2026-09-06T11:02:22.091998+09:00,18.8,24.6,73.1,53.4,17.3,13.2,41.8,35.7,25.0,10.7,60.8,37.6,112.7,113.5,118.0,160.5,106.2,90.2,103.6,213.2,58.6,55.2,179.7,137.0,83.8,60.1,233.5,129.0,79.7,69.2,227.9,103.7,354.6,368.4,283.4,477.1,277.4,224.8,227.9,539.1,45.4,27.8,89.2,72.0,92.7,56.4,184.2,117.1,47.5,46.7,123.5,56.2,261.1,268.5,293.4,314.3,199.7,220.3,125.3,390.1,37.2,43.0,62.9,47.4,60.6,61.4,104.2,58.9,56.5,60.9,140.2,60.2,76.6,91.6,135.3,67.7,68.8,63.1,82.0,79.2,399.5,329.9,233.5,414.4,643.8,566.8,442.1,358.4,534.8,656.6,625.6,839.4,275.1,430.6,385.5,321.9,637.6,663.1,789.5,480.5,297.3,300.0,334.9,705.5,514.1,480.5,385.5,1052,442.1,543.6,312.8,1163,296.0,271.8,271.8,427.8,698.1,828.9,989.8,530.5
202609060301,2026-09-06,03,01R,11:14,2026-09-06T11:04:22.791709+09:00,9.2,45.2,17.0,38.9,7.9,37.1,9.6,24.4,102.2,114.8,113.8,157.6,26.5,18.8,71.9,50.3,57.4,59.4,242.3,90.2,42.2,150.4,81.8,93.4,66.7,189.6,123.4,278.4,214.5,251.6,278.4,229.6,115.8,109.9,195.3,261.7,115.8,198.3,344.4,304.3,31.7,105.5,35.0,64.7,62.6,152.1,91.5,184.3,246.9,189.6,233.7,290.8,63.2,88.4,176.8,176.8,96.9,204.5,284.5,436.2,290.8,233.7,130.8,327.2,290.8,256.6,201.3,284.5,311.6,363.5,225.6,396.6,174.5,237.9,184.3,256.6,353.7,353.7,688.8,304.3,66.7,50.9,97.6,87.2,122.3,143.8,195.3,201.3,82.8,176.8,229.6,436.2,184.3,297.4,198.3,290.8,157.6,304.3,319.2,373.9,184.3,139.2,769.8,237.9,207.7,545.3,934.8,569.0,192.4,1006,818.0,934.8,1189,769.8,1090,594.9,284.5,769.8,623.2,523.5
202609060202,2026-09-06,02,02R,11:16,2026-09-06T11:06:22.709965+09:00,13.5,61.5,23.8,44.4,18.6,51.3,32.0,33.8,71.9,121.3,124.0,108.6,39.7,53.1,124.0,90.3,80.3,77.3,147.1,116.2,25.3,70.7,43.4,65.7,36.4,65.9,43.4,80.3,137.3,107.9,149.7,182.6,68.6,73.5,117.0,159.8,131.9,149.7,272.5,202.7,36.2,67.8,48.1,57.7,43.0,49.3,48.3,82.3,110.8,84.8,127.8,128.8,79.1,71.0,110.8,109.3,110.8,151.1,207.8,188.9,105.2,95.5,87.5,110.1,156.8,104.5,126.9,193.3,110.8,113.0,118.7,124.0,91.8,88.9,107.9,101.3,136.2,169.6,191.0,148.4,120.4,121.3,205.2,134.0,136.2,143.3,191.0,188.9,129.8,166.2,296.8,227.7,281.7,255.7,277.0,227.7,127.8,162.9,210.4,339.2,129.8,89.3,237.5,169.6,180.7,215.9,395.8,248.1,156.8,215.9,227.7,277.0,286.6,437.5,437.5,332.5,215.9,240.9,286.6,346.3
202609061007,2026-09-06,10,07R,11:19,2026-09-06T11:10:28.048185+09:00,63.5,87.2,122.9,146.0,55.8,60.2,39.5,60.9,72.6,110.9,120.9,307.3,104.6,60.2,143.2,175.6,216.9,245.8,409.8,409.8,94.5,127.1,147.5,171.5,95.1,91.0,36.1,76.4,162.1,230.5,210.7,301.0,283.7,96.4,204.9,162.1,343.0,175.6,409.8,268.2,60.2,56.0,29.7,53.2,43.3,38.2,22.1,23.4,115.2,60.7,26.8,28.9,40.1,19.2,23.7,10.6,78.0,37.2,36.0,14.5,182.1,223.5,115.2,359.8,268.2,273.2,313.8,351.2,223.5,207.7,140.5,149.0,184.4,226.9,152.0,194.1,867.8,220.1,258.8,320.7,230.5,106.9,245.8,301.0,327.8,123.9,241.8,226.9,78.8,72.3,88.3,53.8,313.8,359.8,156.9,258.8,320.7,207.7,70.9,289.2,351.2,234.1,567.4,590.1,461.0,263.4,475.9,398.7,273.2,147.5,146.0,76.4,983.5,614.7,220.1,737.6,546.4,335.3,114.3,409.8
202609060402,2026-09-06,04,02R,11:24,2026-09-06T11:14:26.295558+09:00,36.1,84.7,25.9,24.4,50.9,144.7,65.2,66.1,144.7,204.6,187.1,176.3,47.6,84.3,163.2,48.1,39.2,107.3,184.8,55.3,36.7,59.7,19.4,19.9,54.0,124.7,50.9,63.4,131.1,153.4,122.7,143.4,27.1,56.4,101.6,16.2,25.7,58.7,124.7,19.0,146.1,207.3,99.6,204.6,102.9,132.2,69.7,109.6,284.1,219.2,269.2,511.5,146.1,132.2,274.0,207.3,264.5,255.7,393.4,251.5,150.4,236.0,142.0,247.5,168.6,295.0,189.4,194.2,279.0,383.6,393.4,511.5,213.1,166.7,313.1,247.5,511.5,199.2,639.3,365.3,75.2,140.7,178.4,63.6,61.8,121.7,189.4,35.0,210.2,229.0,465.0,204.6,319.6,269.2,414.7,374.2,66.1,42.5,142.0,383.6,62.3,147.5,255.7,86.2,50.9,117.1,210.2,42.9,222.3,225.6,189.4,365.3,495.0,426.2,613.8,479.5,79.5,47.5,191.8,319.6
202609061702,2026-09-06,17,02R,11:23,2026-09-06T11:14:26.295558+09:00,14.1,42.3,32.1,14.1,15.6,35.8,37.9,13.6,125.1,88.2,118.1,103.5,47.1,59.0,116.4,66.0,25.5,17.9,55.5,74.2,43.2,111.8,116.4,38.4,85.5,158.2,167.7,72.9,254.1,178.4,186.3,164.4,186.3,239.5,209.6,161.2,95.2,79.8,190.5,239.5,63.0,71.6,87.3,35.0,107.5,119.7,161.2,72.9,209.6,178.4,204.5,158.2,139.7,137.4,167.7,137.4,52.0,65.0,98.6,129.0,123.3,149.7,142.1,142.1,190.5,152.4,178.4,152.4,335.4,199.6,335.4,246.6,182.2,178.4,209.6,215.0,195.0,232.9,270.5,399.3,209.6,209.6,167.7,195.0,246.6,270.5,254.1,310.5,254.1,270.5,399.3,270.5,399.3,349.4,441.3,419.2,226.6,262.0,322.5,645.0,54.8,42.7,182.2,199.6,103.5,97.5,190.5,209.6,60.7,90.1,131.0,161.2,270.5,254.1,310.5,598.9,158.2,164.4,220.6,289.1
202609061407,2026-09-06,14,07R,11:28,2026-09-06T11:18:21.353936+09:00,8.5,37.6,59.8,36.8,12.1,43.3,51.2,43.3,94.7,113.4,197.5,189.4,161.3,176.1,283.1,277.4,119.8,144.5,365.1,320.7,8.6,35.4,51.9,27.3,9.9,30.3,40.1,18.7,96.5,83.4,222.8,144.9,154.5,122.7,298.3,244.4,91.7,67.5,207.0,296.7,19.0,63.5,84.4,64.6,17.1,46.4,62.4,35.3,137.0,103.9,235.1,193.3,169.7,122.5,349.0,218.4,156.3,92.1,344.7,334.3,176.1,221.1,212.6,362.7,213.4,180.1,308.3,299.9,265.5,220.2,596.7,447.5,324.5,495.5,578.1,637.9,645.3,451.2,660.6,956.8,308.3,334.3,436.9,609.8,358.0,290.5,436.9,660.6,417.2,342.5,880.9,1088,676.8,840.8,1088,816.1,867.1,1027,1387,1499,248.8,237.1,760.2,828.3,315.3,172.8,645.3,711.5,340.4,222.8,616.6,1027,1233,781.6,1180,1460,739.9,1047,1353,1585
202609061103,2026-09-06,11,03R,11:36,2026-09-06T11:26:21.666420+09:00,60.8,176.2,140.2,205.1,47.4,85.9,58.2,82.3,214.8,221.7,229.1,371.5,183.3,124.9,221.7,185.7,361.7,218.2,597.7,274.9,69.0,109.1,107.4,127.2,50.7,49.2,19.2,36.3,112.6,93.5,259.3,292.5,147.8,52.0,259.3,128.4,292.5,169.7,392.7,335.3,26.7,48.5,23.8,46.9,27.3,24.1,9.1,19.0,78.1,37.5,37.4,58.2,28.2,12.9,29.0,19.4,75.1,40.0,75.5,41.5,196.3,233.0,218.2,352.5,264.3,127.2,274.9,269.5,196.3,109.1,171.8,188.3,174.0,254.5,180.8,218.2,280.5,429.6,361.7,280.5,202.1,171.8,218.2,245.4,241.1,107.4,312.4,404.3,154.4,79.9,141.7,140.2,404.3,458.2,327.3,474.0,687.3,763.7,292.5,723.5,404.3,292.5,597.7,528.7,859.2,208.2,528.7,763.7,371.5,188.3,404.3,335.3,528.7,490.9,572.8,981.9,1057,859.2,352.5,572.8
202609060302,2026-09-06,03,02R,11:41,2026-09-06T11:32:22.087703+09:00,14.7,30.2,63.1,81.9,20.6,97.5,93.4,139.6,53.5,105.3,126.3,232.8,92.1,130.1,95.4,147.4,154.3,198.0,301.6,195.1,19.4,20.8,24.3,44.6,25.5,29.4,30.0,49.1,24.8,52.6,36.5,57.2,39.4,60.8,54.1,42.6,61.7,84.5,100.5,68.7,71.3,101.3,58.4,174.6,77.1,67.3,50.2,104.4,142.7,98.3,198.0,236.9,78.9,85.0,186.9,121.7,170.1,163.8,301.6,323.6,72.1,126.3,95.4,241.2,69.4,98.3,78.5,131.3,136.8,152.5,204.1,245.7,115.4,122.8,228.8,179.3,358.6,255.2,442.3,288.5,142.7,186.9,126.3,172.3,132.7,141.1,108.7,101.3,176.9,201.0,428.1,255.2,207.3,154.3,491.5,265.4,125.2,131.3,402.1,368.6,174.6,265.4,663.5,301.6,217.5,221.1,323.6,198.0,368.6,457.6,698.4,577.0,737.2,442.3,737.2,510.4,349.2,255.2,698.4,402.1
202609060903,2026-09-06,09,03R,11:42,2026-09-06T11:32:22.087703+09:00,25.9,11.3,43.1,48.7,39.8,34.0,50.8,69.7,17.4,28.6,15.7,17.9,81.1,102.8,35.4,68.6,118.0,137.2,64.5,107.3,91.3,52.1,95.7,108.9,161.7,140.2,200.8,224.7,73.7,120.6,59.8,56.8,239.0,271.7,118.6,159.0,330.5,420.2,141.6,205.5,156.8,107.0,151.5,218.6,240.0,176.1,241.0,324.8,173.4,195.6,193.5,209.7,369.4,384.5,271.1,351.1,646.0,720.1,411.1,753.7,40.2,78.7,29.6,37.2,76.8,130.7,58.7,52.8,186.5,212.9,196.9,203.7,37.9,57.1,123.6,20.9,71.3,69.8,183.8,34.2,220.8,281.9,85.1,147.2,380.6,434.8,163.6,193.2,556.9,631.6,364.7,576.8,97.9,129.8,237.5,55.8,313.1,251.2,479.0,90.3,380.6,576.8,254.0,493.7,646.0,837.4,217.0,356.6,991.7,1142,689.3,1202,266.6,208.5,614.4,110.0,551.5,393.9,983.1,121.9
202609060203,2026-09-06,02,03R,11:45,2026-09-06T11:36:25.145196+09:00,23.0,34.5,73.5,117.1,29.5,15.1,37.1,64.8,31.2,14.7,38.5,50.7,107.5,98.1,71.7,233.0,226.0,99.4,150.1,269.5,71.4,70.3,142.5,186.4,107.0,71.0,129.3,276.2,95.6,85.7,127.1,238.0,251.3,186.4,127.8,379.2,379.2,486.3,392.5,639.2,58.1,27.3,64.2,90.9,91.6,53.0,93.2,158.6,30.1,46.7,41.5,65.8,112.4,116.5,80.4,157.5,228.3,344.2,156.4,315.1,37.9,20.7,42.2,83.1,69.2,52.2,86.0,165.7,26.6,48.4,49.6,73.5,58.8,72.4,52.8,98.1,166.9,228.3,130.8,219.3,203.4,111.8,148.1,226.0,290.5,205.2,181.9,360.8,123.6,186.4,157.5,406.8,126.4,176.1,156.4,245.8,230.6,302.3,422.1,392.5,355.1,263.2,422.1,447.4,658.0,799.0,745.8,545.7,559.3,699.1,266.3,972.7,438.7,721.7,355.1,604.7,508.5,573.6,932.2,497.2
202609062201,2026-09-06,22,01R,11:48,2026-09-06T11:38:20.902029+09:00,26.5,34.2,69.5,140.0,34.7,12.4,22.9,177.2,30.3,14.1,11.5,333.6,57.2,20.7,14.4,263.8,333.6,365.9,343.7,540.1,104.0,78.7,127.4,354.4,177.2,263.8,270.0,515.6,130.3,263.8,145.4,515.6,185.9,306.5,241.3,945.3,810.2,1031,630.2,405.1,85.9,23.8,37.0,391.1,78.7,164.4,131.9,315.1,32.1,127.4,38.9,391.1,43.9,128.9,45.9,405.1,667.2,810.2,540.1,756.2,57.0,35.4,25.6,306.5,136.6,276.6,164.4,391.1,48.8,222.4,82.2,436.2,30.4,76.1,66.7,127.4,597.0,630.2,872.5,365.9,109.0,43.6,25.4,298.5,143.5,241.3,174.5,597.0,102.1,263.8,166.8,540.1,43.9,169.3,124.6,182.9,453.7,756.2,630.2,420.1,515.6,391.1,597.0,708.9,1031,1134,1260,1134,515.6,945.3,1260,872.5,756.2,667.2,1031,324.1,756.2,1031,810.2,453.7
202609061008,2026-09-06,10,08R,11:50,2026-09-06T11:40:24.138680+09:00,61.6,49.2,182.2,200.9,48.5,10.7,71.0,127.1,13.5,6.7,44.1,68.5,203.2,146.1,131.9,411.1,384.3,519.9,384.3,707.1,147.3,105.2,256.2,259.9,200.9,110.4,477.8,803.6,125.3,105.8,339.9,431.2,589.3,477.8,339.9,1178,570.3,982.2,1039,1262,88.3,23.0,83.0,220.9,176.7,75.5,184.1,259.9,23.8,58.3,96.0,162.1,182.2,333.5,210.4,310.1,803.6,883.9,368.3,519.9,15.1,8.1,35.7,74.9,35.2,31.8,178.5,203.2,11.9,26.6,71.8,107.1,60.1,104.6,101.0,62.6,180.4,142.5,299.6,139.2,401.8,315.7,160.7,736.6,736.6,519.9,535.7,631.4,411.1,552.4,519.9,803.6,232.6,535.7,411.1,360.8,982.2,1262,930.5,768.6,552.4,327.4,768.6,982.2,736.6,1359,1359,1473,1178,654.8,570.3,1104,930.5,1178,1104,1104,982.2,883.9,1473,609.6
202609060403,2026-09-06,04,03R,11:53,2026-09-06T11:44:23.053861+09:00,46.4,82.5,124.6,142.4,35.3,29.8,45.3,59.3,84.2,46.3,80.5,112.8,117.2,65.5,91.3,208.0,151.4,142.4,185.4,251.8,55.7,80.2,126.5,213.6,46.8,25.5,53.6,72.0,98.8,42.1,95.7,120.2,135.9,105.8,130.0,230.0,368.1,174.6,225.7,351.8,33.4,31.8,45.1,67.0,33.2,21.5,34.2,57.6,27.1,23.0,32.2,40.1,66.8,66.2,63.8,119.6,109.7,125.2,91.6,149.5,100.9,63.8,88.2,130.7,81.6,45.2,110.2,129.3,45.3,38.9,64.4,69.9,127.9,113.3,102.6,162.7,194.5,139.1,120.8,251.8,167.3,99.2,142.4,295.3,209.8,147.6,170.9,239.2,114.4,140.7,123.9,291.7,217.5,199.3,168.4,314.8,469.1,543.7,443.0,498.4,319.0,208.0,346.7,392.2,543.7,332.3,488.2,419.7,236.8,275.0,179.8,498.4,469.1,385.9,251.8,646.6,498.4,556.4,683.6,825.0
202609061703,2026-09-06,17,03R,12:00,2026-09-06T11:50:23.281634+09:00,8.1,32.4,20.5,27.1,11.0,21.8,12.1,28.4,66.1,45.6,53.6,102.2,32.4,21.3,47.2,62.1,39.9,39.4,101.1,62.9,38.9,80.2,71.6,114.0,50.2,92.6,108.7,187.0,174.8,179.8,212.5,492.3,171.6,201.1,242.9,406.6,168.5,322.5,550.2,550.2,40.9,50.6,35.7,91.7,66.3,81.6,95.4,165.5,67.7,94.4,86.2,287.8,65.1,112.6,98.9,220.0,154.6,296.9,435.0,374.1,263.4,153.3,150.8,340.1,398.0,445.4,456.2,340.1,162.6,366.8,168.5,406.6,154.6,359.7,164.1,267.2,389.7,668.1,603.4,492.3,110.6,89.5,130.8,174.8,199.0,366.8,398.0,603.4,112.0,301.7,230.9,406.6,263.4,425.1,271.1,534.5,415.7,779.5,603.4,850.3,123.8,123.0,340.1,249.4,207.8,328.2,779.5,692.8,230.9,435.0,623.6,603.4,779.5,890.8,984.6,1100,445.4,935.4,692.8,1100
202609061104,2026-09-06,11,04R,12:03,2026-09-06T11:54:17.521850+09:00,69.0,21.5,63.2,29.5,109.5,139.8,79.8,91.6,25.1,67.6,52.8,42.1,145.5,158.5,186.4,295.1,51.5,69.0,100.2,83.0,131.1,25.7,66.0,41.5,200.4,114.2,226.0,287.1,22.8,80.5,55.0,16.3,161.0,221.3,125.0,147.5,71.3,141.6,29.5,92.4,177.1,186.4,125.0,196.7,272.4,107.3,253.0,265.6,204.3,125.0,253.0,241.5,151.8,231.0,303.6,287.1,265.6,236.1,287.1,590.3,21.1,158.5,70.3,26.3,28.3,73.7,55.9,17.1,247.1,120.7,226.0,180.1,120.7,93.2,247.1,104.1,32.8,19.0,151.8,75.9,193.2,189.7,216.8,272.4,200.4,379.5,204.3,354.2,241.5,531.3,303.6,664.1,247.1,241.5,708.4,231.0,559.2,354.2,759.0,354.2,126.5,212.5,134.5,303.6,119.3,200.4,55.9,180.1,379.5,442.7,354.2,664.1,97.4,49.6,247.1,151.8,531.3,287.1,817.3,236.1
202609061408,2026-09-06,14,08R,12:05,2026-09-06T11:56:20.028602+09:00,23.6,215.1,64.3,66.7,21.2,155.1,34.0,38.9,528.2,399.9,489.0,544.3,126.3,88.5,405.1,198.7,161.7,115.4,845.9,274.5,26.9,228.0,57.6,64.0,18.0,99.0,12.9,14.5,519.4,343.9,481.5,526.0,79.2,30.1,270.4,58.2,115.8,43.4,388.8,82.3,19.7,135.7,33.4,36.7,16.3,94.6,12.5,14.2,377.1,264.6,458.6,368.2,45.1,24.5,244.0,35.9,60.0,33.0,295.2,52.4,669.5,834.6,487.1,1026,900.7,638.7,829.1,894.2,887.9,579.6,1304,1192,772.8,1052,1239,1422,1841,1001,1647,1841,200.6,163.6,658.9,351.6,184.9,70.6,440.8,143.9,149.9,80.2,691.7,131.6,894.2,970.5,1170,948.4,377.1,224.7,201.9,782.4,267.5,187.7,1391,619.7,265.2,105.7,662.4,278.8,189.4,105.9,845.9,216.9,1691,1346,1605,1738,625.9,403.8,302.4,1215
202609060303,2026-09-06,03,03R,12:08,2026-09-06T11:58:21.689746+09:00,31.9,51.6,138.8,58.4,39.1,25.6,77.2,34.7,71.6,20.6,112.4,47.0,153.1,130.6,108.3,233.8,90.6,99.8,167.6,246.7,43.5,74.0,148.0,86.2,45.5,31.2,136.6,27.0,75.9,60.8,143.2,40.2,201.9,189.0,185.0,233.8,98.7,34.9,45.5,206.6,38.6,43.3,54.8,78.6,47.7,30.4,73.4,26.3,46.2,44.6,107.0,32.7,83.8,148.0,153.1,153.1,89.7,32.5,38.7,261.3,103.3,92.5,90.6,120.0,115.3,86.2,134.6,87.1,75.9,65.8,185.0,93.5,107.0,170.8,197.4,233.8,201.9,130.6,164.5,253.8,277.6,170.8,128.7,227.8,329.0,341.7,227.8,222.1,253.8,493.5,444.2,467.6,211.5,341.7,592.3,370.1,341.7,329.0,329.0,522.6,150.5,123.3,306.3,329.0,158.6,91.5,233.8,370.1,197.4,95.5,170.8,807.6,423.0,261.3,233.8,555.2,467.6,467.6,683.4,444.2
202609060204,2026-09-06,02,04R,12:14,2026-09-06T12:04:22.245798+09:00,13.9,24.8,19.7,74.7,30.0,70.8,66.9,140.8,47.3,104.9,78.8,151.6,46.5,88.3,95.7,193.2,227.4,389.8,287.2,272.8,21.8,24.7,21.9,83.6,36.7,43.7,30.7,113.7,34.9,47.7,33.2,83.3,47.5,42.7,40.4,126.9,181.9,291.0,214.0,193.2,81.1,151.6,105.4,158.2,73.7,60.6,52.8,109.1,222.7,102.9,150.5,279.8,138.1,71.3,145.5,242.5,464.5,376.4,389.8,682.2,55.6,98.3,76.6,130.7,66.1,86.6,51.4,110.8,194.9,116.7,139.0,185.0,71.3,55.9,110.2,96.6,181.9,165.3,283.5,216.1,82.3,126.9,139.0,204.0,77.6,70.1,84.9,160.5,143.6,92.9,218.3,454.8,139.0,99.6,211.9,209.9,220.5,137.3,404.2,370.0,341.1,316.4,464.5,335.8,507.7,559.7,376.4,330.7,839.6,682.2,227.4,311.8,428.0,428.0,873.2,519.8,363.8,335.8,839.6,411.9
202609060904,2026-09-06,09,04R,12:13,2026-09-06T12:04:22.245798+09:00,9.1,16.0,35.4,13.1,13.3,21.3,27.9,19.3,37.3,45.9,80.4,43.0,75.6,71.7,116.4,92.7,34.9,49.2,82.9,121.5,20.3,36.3,68.6,21.3,41.8,75.5,126.2,44.0,124.2,124.2,208.7,87.3,211.2,241.7,265.7,215.0,54.4,62.5,120.6,221.6,49.4,62.7,79.1,61.8,78.5,115.0,163.9,86.8,128.4,153.0,243.8,152.5,219.9,240.3,305.6,226.3,153.9,141.9,199.4,279.6,122.0,152.5,157.3,133.7,200.8,310.0,352.1,173.9,232.5,434.3,419.4,314.6,306.7,403.6,436.6,284.3,189.7,232.5,415.4,339.5,335.5,318.1,339.5,427.8,419.4,582.1,562.9,375.3,620.1,648.3,838.9,950.8,538.2,737.7,620.1,673.8,744.1,940.3,1006,891.4,112.5,198.0,312.3,552.1,151.7,213.9,316.9,629.2,315.7,273.4,445.7,566.7,445.7,432.2,643.4,815.0,785.0,891.4,864.4,737.7
202609062202,2026-09-06,22,02R,12:18,2026-09-06T12:08:21.650873+09:00,13.6,25.7,20.0,14.3,20.5,16.3,29.6,28.6,48.1,36.3,39.5,48.1,21.6,36.3,29.7,15.6,29.4,38.9,81.4,21.4,55.1,89.9,72.7,78.1,123.7,264.7,297.8,173.3,221.6,307.5,216.6,381.3,125.4,272.3,194.5,190.6,142.2,179.8,317.7,244.4,68.0,40.9,102.5,146.6,88.2,194.5,183.3,232.5,73.8,216.6,381.3,635.5,202.8,238.3,257.6,244.4,257.6,453.9,353.0,397.1,221.6,61.8,148.9,226.9,340.4,595.7,453.9,353.0,70.6,414.4,328.7,560.7,202.8,307.5,381.3,317.7,635.5,635.5,1191,680.8,79.4,102.5,130.5,70.0,179.8,366.6,238.3,307.5,397.1,340.4,476.6,560.7,433.2,680.8,1059,476.6,99.2,366.6,501.7,340.4,83.6,80.7,123.7,94.3,99.2,179.8,170.2,183.3,307.5,733.2,794.3,1059,297.8,560.7,1059,866.5,161.5,433.2,560.7,433.2
202609060404,2026-09-06,04,04R,12:22,2026-09-06T12:12:23.215095+09:00,31.2,36.6,54.7,32.3,41.0,20.9,29.3,19.9,34.6,26.6,15.2,11.4,54.3,36.6,25.2,23.6,33.8,28.9,17.7,27.2,95.3,133.4,147.7,112.4,202.8,217.8,291.4,252.3,240.6,308.8,318.3,232.4,181.5,304.2,304.2,318.3,243.4,376.2,363.0,530.5,126.1,81.1,95.7,76.6,229.9,126.1,137.0,124.6,165.5,213.3,237.8,137.0,143.6,186.4,265.2,232.4,151.0,237.8,202.8,333.7,108.3,101.4,49.3,42.8,189.8,283.4,275.8,171.0,204.8,422.2,363.0,209.0,76.3,193.3,279.6,94.9,80.2,198.9,291.4,137.9,173.8,188.1,89.1,105.5,252.3,517.2,431.0,272.2,258.6,646.6,591.1,390.4,132.6,390.4,667.4,171.0,173.8,517.2,504.6,272.2,94.9,71.3,72.3,148.8,258.6,240.6,431.0,574.7,165.5,318.3,249.2,608.5,119.6,369.4,422.2,283.4,222.4,713.5,559.2,299.8
202609061009,2026-09-06,10,09R,12:25,2026-09-06T12:16:23.792156+09:00,68.4,83.2,45.4,202.3,81.7,109.3,52.7,193.8,80.0,145.9,85.7,274.5,34.7,44.5,58.0,150.7,295.7,435.1,427.1,378.1,83.2,73.4,47.7,180.1,113.6,72.9,35.7,250.7,107.7,96.5,31.6,197.1,40.1,21.3,16.5,81.7,480.5,397.6,512.5,256.2,106.2,117.0,73.4,232.9,120.1,83.8,43.1,202.3,284.7,143.2,85.7,404.6,63.5,35.0,51.5,106.7,562.5,384.4,524.1,339.1,195.4,360.3,118.8,360.3,186.0,162.4,58.3,299.5,461.2,223.9,187.5,744.0,95.3,47.3,103.8,150.7,1213,384.4,1356,591.4,35.6,57.8,63.8,113.0,32.9,13.4,12.7,49.7,69.8,30.2,72.7,120.1,79.5,25.8,70.3,117.0,131.7,70.1,109.8,111.9,623.3,640.6,591.4,606.9,720.7,823.7,887.1,404.6,1537,591.4,1153,698.9,1441,854.2,1774,658.9,623.3,307.5,461.2,452.2
202609061704,2026-09-06,17,04R,12:31,2026-09-06T12:22:20.452447+09:00,20.1,7.9,30.4,46.1,32.6,26.2,68.4,63.3,6.2,24.3,11.5,12.6,49.6,94.7,40.6,87.7,112.7,166.2,68.4,199.4,160.5,58.1,166.2,222.9,357.5,498.6,526.3,653.4,57.9,338.3,263.1,315.8,386.7,701.8,451.1,574.2,574.2,902.3,823.9,1263,225.5,148.0,246.1,259.5,364.4,315.8,631.6,485.9,225.5,364.4,421.1,386.7,451.1,611.2,631.6,758.0,611.2,947.5,653.4,1457,19.0,47.9,25.5,30.4,45.9,195.3,97.6,108.2,121.4,332.4,259.5,287.1,41.5,73.1,161.9,56.3,54.9,102.9,183.9,79.9,259.5,379.0,145.7,274.6,350.9,861.3,321.1,631.6,592.1,1263,823.9,947.5,189.5,344.5,676.7,210.5,611.2,611.2,1114,394.7,440.7,332.4,263.1,557.3,728.8,1263,902.3,1114,592.1,1722,1263,2368,287.1,315.8,947.5,371.5,997.3,1114,1457,541.4
202609061105,2026-09-06,11,05R,12:34,2026-09-06T12:24:23.419575+09:00,12.6,31.3,106.0,52.8,7.5,9.1,29.9,15.7,40.5,26.3,118.8,54.3,190.3,134.0,135.0,335.0,170.9,76.8,125.9,288.8,45.5,80.5,261.7,188.2,54.2,102.7,270.1,148.2,90.0,144.4,335.0,220.4,380.7,418.7,322.1,761.4,577.6,837.5,697.9,1288,15.4,18.5,57.9,28.3,34.8,62.0,150.9,71.2,38.5,71.8,199.4,84.1,152.2,176.3,182.0,253.8,108.7,169.2,144.4,356.4,78.2,50.4,106.0,102.7,109.4,129.8,253.8,174.4,65.4,119.6,197.0,135.0,137.3,182.0,188.2,153.6,119.6,188.2,186.1,190.3,299.1,356.4,293.8,364.1,288.8,478.6,380.7,761.4,389.5,697.9,372.2,797.6,283.9,465.3,558.3,372.2,670.0,1046,1046,598.2,335.0,150.9,372.2,523.4,540.3,429.5,644.2,1395,283.9,761.4,492.6,837.5,348.9,540.3,728.3,881.6,797.6,1046,930.6,507.6
202609060304,2026-09-06,03,04R,12:35,2026-09-06T12:26:21.704634+09:00,25.1,19.0,63.0,52.6,43.8,64.7,78.7,95.0,23.1,49.7,71.0,74.6,96.3,101.6,71.0,152.4,90.3,159.1,159.1,271.0,27.6,19.6,50.4,49.4,64.2,43.0,119.9,114.3,23.3,46.3,73.1,45.4,130.7,159.1,110.8,143.5,95.0,133.0,89.2,155.7,69.7,78.7,44.9,149.3,83.1,50.1,62.5,116.1,85.1,60.9,159.1,121.9,86.1,138.0,178.5,140.7,159.1,221.7,178.5,304.9,30.7,78.7,57.6,73.9,29.5,60.9,67.7,57.1,82.2,75.4,143.5,121.9,73.1,97.5,146.3,88.1,86.1,82.2,162.6,118.0,170.2,138.0,93.8,178.5,236.1,304.9,146.3,178.5,197.8,430.5,563.0,406.6,149.3,166.3,731.9,252.3,252.3,252.3,281.5,406.6,192.6,209.1,252.3,365.9,221.7,406.6,236.1,348.5,365.9,813.2,522.8,914.9,271.0,304.9,609.9,406.6,385.2,348.5,914.9,365.9
202609061409,2026-09-06,14,09R,12:38,2026-09-06T12:28:19.136922+09:00,24.6,16.5,62.6,117.4,25.2,11.1,31.4,66.5,10.7,9.3,16.0,43.6,121.2,85.5,59.3,187.6,329.1,317.0,246.6,411.4,100.3,54.5,192.3,368.9,159.0,136.7,264.9,352.2,63.6,115.1,180.5,322.9,425.8,443.4,373.7,873.3,910.5,1097,792.5,1426,65.8,31.9,86.1,187.2,114.7,97.1,190.2,299.2,34.6,74.4,75.7,154.4,194.0,240.4,221.7,515.6,531.6,611.3,460.1,995.2,15.8,17.5,23.8,73.5,36.1,73.5,96.0,188.1,32.3,71.4,88.2,158.5,51.6,96.2,110.4,131.4,274.3,287.2,347.9,296.1,350.7,293.1,172.2,673.9,538.3,531.6,413.4,1156,432.2,750.7,582.2,1043,188.5,483.5,528.3,563.0,940.5,1337,1358,1097,713.2,624.7,995.2,1528,1258,1337,972.6,1860,930.3,1501,961.6,1821,995.2,910.5,1141,1258,1097,2139,2252,1746
202609060205,2026-09-06,02,05R,12:44,2026-09-06T12:34:19.287083+09:00,24.8,29.1,106.7,153.8,44.7,22.4,100.8,137.0,14.7,10.8,18.7,26.4,113.8,130.5,62.4,193.9,353.0,255.0,152.1,348.6,109.2,82.4,182.3,335.8,166.9,118.7,218.5,353.0,88.5,124.0,188.6,229.5,198.1,283.9,205.5,598.7,529.6,550.8,500.7,888.4,110.1,58.1,128.6,119.2,160.1,96.2,149.6,211.8,54.4,106.7,125.7,164.9,220.3,191.2,170.0,348.6,362.3,625.9,344.2,860.6,18.0,13.2,17.1,26.8,34.3,54.2,82.2,95.2,37.3,85.7,82.2,80.7,25.4,64.0,61.6,47.6,60.3,124.6,91.8,90.8,302.6,264.8,125.7,235.3,405.0,357.6,309.4,466.8,382.5,491.8,312.9,765.0,114.7,281.0,207.0,201.0,292.9,243.7,550.8,335.8,411.0,281.0,225.7,562.0,860.6,1530,888.4,362.3,786.9,1197,241.5,411.0,387.9,744.3,625.9,510.0,573.7,860.6,1377,451.5
202609060905,2026-09-06,09,05R,12:44,2026-09-06T12:34:19.287083+09:00,10.2,8.3,31.3,10.6,19.1,21.3,50.8,45.0,13.9,22.5,50.5,25.5,83.6,115.9,111.6,127.7,50.6,100.7,67.4,145.1,28.1,18.1,64.7,29.2,74.7,71.3,195.4,103.7,45.5,78.1,131.3,59.0,222.2,326.8,227.6,298.7,107.6,174.6,121.3,294.9,91.5,80.7,153.7,179.6,145.1,123.2,255.5,185.0,131.5,142.9,259.1,221.2,498.9,422.5,493.6,561.6,466.6,313.7,440.3,987.3,59.3,88.4,151.7,91.3,101.5,149.3,258.3,126.2,167.7,204.7,402.5,299.6,295.8,346.1,375.1,313.7,198.7,180.0,362.1,400.8,223.3,331.4,275.0,314.7,362.1,478.5,457.5,315.8,605.1,651.3,629.5,868.5,498.9,633.7,496.2,561.6,605.1,775.1,966.9,801.6,197.4,413.2,336.1,694.8,252.8,321.2,276.6,868.5,689.6,464.3,768.8,1421,466.6,362.1,830.0,1202,732.7,1267,1512,868.5
202609062203,2026-09-06,22,03R,12:49,2026-09-06T12:40:20.689826+09:00,10.3,37.8,35.3,55.4,6.3,6.6,8.0,25.2,55.7,27.1,57.4,85.1,40.6,22.6,81.0,72.1,264.0,104.7,338.5,293.4,58.6,145.0,231.6,366.7,78.1,209.5,377.2,660.1,356.8,600.1,338.5,943.1,223.7,356.8,489.0,1467,880.2,1886,733.5,2640,21.1,18.9,17.4,67.7,61.4,167.1,163.0,269.4,56.1,167.1,130.7,330.0,61.6,197.0,153.5,322.0,240.0,943.1,660.1,628.7,212.9,64.4,176.0,300.0,455.3,489.0,694.9,574.0,77.6,455.3,223.7,425.9,388.3,455.3,600.1,1015,1650,733.5,1100,1015,293.4,88.0,253.9,507.8,366.7,550.1,600.1,943.1,113.8,733.5,600.1,733.5,574.0,880.2,776.6,825.2,776.6,1467,943.1,1650,694.9,249.1,880.2,1015,1320,1200,1200,1650,400.1,1467,1650,1320,1650,776.6,1650,1200,1015,1320,1015,1200
202609060405,2026-09-06,04,05R,12:52,2026-09-06T12:42:25.611156+09:00,37.8,93.6,23.1,65.6,42.7,61.1,18.2,45.4,103.8,102.3,49.6,58.6,16.2,13.0,29.3,14.3,97.5,114.1,89.3,45.7,110.0,161.8,56.0,164.7,193.8,218.4,147.9,393.1,366.9,348.3,257.2,352.8,73.9,149.5,233.2,157.2,387.6,655.2,640.0,376.9,105.4,115.6,36.6,89.3,182.2,174.1,103.4,174.1,187.2,197.9,123.9,206.9,39.3,83.6,102.3,60.4,208.4,398.8,283.7,147.1,231.2,227.4,89.3,113.7,320.0,436.8,277.9,309.2,309.2,393.1,259.6,404.7,108.3,213.3,233.2,136.2,152.0,387.6,561.6,211.6,29.3,23.2,46.8,22.4,66.9,119.6,243.5,132.9,38.3,122.3,192.4,71.2,89.0,243.5,257.2,144.0,38.9,106.6,91.4,118.6,339.7,309.2,451.1,92.9,491.4,550.4,887.7,519.2,474.4,539.6,466.4,371.8,458.6,655.2,371.8,362.1,80.9,331.5,252.4,280.8
202609061010,2026-09-06,10,10R,12:56,2026-09-06T12:46:25.125773+09:00,18.4,47.3,101.6,71.4,16.9,31.8,67.7,41.6,70.4,77.3,133.2,208.7,116.6,93.3,146.8,337.4,170.5,149.6,330.4,453.1,26.5,61.0,125.8,54.6,20.9,37.9,101.6,29.3,108.6,91.1,220.3,141.6,283.2,180.2,211.4,337.4,142.8,85.2,211.4,511.6,12.8,28.0,54.1,28.4,11.6,17.3,44.4,13.4,58.1,44.1,188.8,78.5,166.9,146.8,217.2,191.1,69.2,38.6,96.7,161.8,125.8,139.1,126.8,226.5,153.9,155.5,352.4,240.3,115.7,155.5,293.7,251.7,191.1,278.2,293.7,260.0,396.5,198.2,377.6,587.4,273.4,311.0,264.3,360.4,360.4,317.2,360.4,330.4,368.8,251.7,660.9,528.7,396.5,634.4,634.4,360.4,834.8,881.2,1057,991.3,226.5,200.7,528.7,689.6,317.2,131.0,417.4,793.0,268.8,120.1,396.5,1132,546.9,511.6,689.6,1057,546.9,386.8,991.3,511.6
202609060305,2026-09-06,03,05R,13:02,2026-09-06T12:52:24.797631+09:00,13.9,30.5,16.4,67.5,47.0,107.2,55.0,154.6,95.7,174.8,148.9,243.7,26.5,32.9,66.4,146.2,136.3,196.1,287.2,309.3,10.4,26.9,11.3,69.3,20.7,81.2,30.5,196.1,53.6,127.6,82.0,111.7,18.5,30.1,64.3,146.2,141.1,178.7,174.8,251.3,68.7,141.1,49.9,229.8,78.0,121.8,64.3,182.8,211.6,206.2,191.5,259.4,83.7,105.8,157.7,151.7,191.5,335.1,223.4,383.0,143.6,182.8,88.3,146.2,125.6,309.3,113.2,134.0,167.5,268.1,217.3,287.2,105.8,127.6,187.0,206.2,243.7,167.5,335.1,259.4,65.9,96.9,91.4,157.7,68.1,127.6,123.7,148.9,182.8,236.5,349.7,349.7,187.0,191.5,502.7,236.5,217.3,309.3,243.7,365.6,217.3,277.3,536.2,402.1,287.2,574.5,236.5,574.5,446.8,893.7,618.7,1149,618.7,251.3,804.3,446.8,423.3,618.7,1005,402.1
202609061705,2026-09-06,17,05R,13:01,2026-09-06T12:52:24.797631+09:00,35.6,45.4,30.2,26.0,41.3,31.4,24.4,15.0,44.4,40.3,43.1,35.4,40.3,36.6,66.5,29.4,41.4,22.7,47.5,29.5,100.4,141.4,96.5,83.6,137.5,218.3,135.7,182.5,196.9,213.6,251.0,244.9,152.1,147.6,239.1,106.8,116.7,193.1,223.1,164.6,74.9,86.5,52.0,53.9,164.6,132.1,115.4,104.6,122.4,147.6,85.1,119.5,104.6,147.6,100.4,80.3,90.4,156.9,127.1,103.5,182.5,115.4,128.7,114.1,204.9,182.5,161.9,133.9,159.4,295.3,125.5,159.4,173.1,286.9,109.1,154.5,173.1,233.5,159.4,239.1,82.9,98.4,96.5,56.4,137.5,233.5,251.0,170.2,137.5,244.9,139.4,128.7,233.5,358.6,141.4,200.8,93.8,147.6,154.5,251.0,104.6,60.1,228.2,130.4,130.4,209.2,264.2,233.5,104.6,209.2,164.6,170.2,251.0,286.9,286.9,436.6,122.4,213.6,176.1,264.2
202609061106,2026-09-06,11,06R,13:05,2026-09-06T12:56:24.368764+09:00,11.6,10.4,87.3,15.9,14.7,14.4,57.5,18.6,13.6,17.9,75.2,20.0,149.9,111.4,155.2,189.0,38.2,35.7,40.4,209.5,54.1,70.4,189.0,56.8,101.6,144.9,299.8,209.5,91.0,172.1,310.5,142.5,305.0,386.4,511.4,496.8,189.0,285.0,234.9,434.7,58.9,61.8,120.7,60.3,105.3,130.7,225.8,86.0,102.8,123.3,378.0,153.8,199.8,322.0,252.0,276.0,118.2,299.8,280.4,483.0,48.9,56.6,106.0,54.8,123.3,126.0,259.5,134.8,135.8,167.2,108.0,183.0,197.6,285.0,310.5,347.7,105.3,156.6,294.7,543.4,271.7,207.0,328.1,289.8,310.5,457.6,560.9,526.9,386.4,668.8,469.9,526.9,378.0,869.4,915.2,644.0,560.9,915.2,695.5,386.4,110.0,83.2,128.8,299.8,164.0,255.7,299.8,644.0,155.2,280.4,434.7,424.1,189.0,276.0,395.2,1022,724.5,668.8,543.4,915.2
202609061410,2026-09-06,14,10R,13:09,2026-09-06T13:00:41.113698+09:00,28.6,20.6,130.5,181.0,34.1,19.5,105.2,161.3,16.2,16.0,73.7,88.7,279.7,243.9,206.1,555.2,335.1,389.5,297.6,630.5,51.0,33.9,154.0,269.5,67.3,31.0,162.8,252.2,30.8,26.1,100.2,126.7,359.4,349.3,300.0,722.3,539.1,585.8,391.5,1019,72.7,38.8,156.6,270.5,91.9,34.9,166.0,177.1,35.7,30.9,111.2,148.2,346.0,285.0,307.4,523.9,572.3,555.2,465.0,941.8,14.2,14.9,47.2,77.8,19.0,16.9,51.5,70.7,23.6,19.9,75.8,100.1,91.6,84.4,112.0,132.1,167.1,144.7,194.7,191.7,448.2,450.9,383.5,875.3,450.9,513.1,387.5,715.4,604.9,715.4,625.2,1352,417.9,465.0,535.2,641.4,1617,1328,1458,1062,609.8,676.3,670.2,1907,826.7,930.0,630.5,1488,992.0,953.8,635.9,1860,576.7,555.2,590.5,1047,1261,1690,1730,1328
202609060206,2026-09-06,02,06R,13:14,2026-09-06T13:04:20.894447+09:00,36.2,27.0,98.6,223.6,50.5,49.5,135.2,242.7,30.5,44.3,126.7,234.7,152.6,168.0,173.1,405.6,443.7,364.0,516.3,579.5,33.8,21.3,113.5,258.1,36.0,19.9,64.8,147.9,17.6,13.5,68.1,135.8,278.4,147.1,152.6,604.2,676.1,305.3,326.4,835.2,64.6,65.2,132.7,182.0,48.4,27.8,66.9,99.6,58.1,32.4,92.8,240.6,148.6,120.3,118.8,283.9,443.7,436.9,322.7,728.1,20.9,27.4,77.8,166.0,18.2,15.5,61.8,105.9,37.0,19.8,73.9,130.2,85.0,85.2,87.1,182.0,255.8,211.9,230.8,338.0,273.0,220.1,267.9,359.4,330.2,205.7,232.7,383.7,194.5,172.1,177.4,394.4,227.1,267.9,223.6,489.6,334.1,405.6,411.5,660.4,389.0,334.1,399.9,728.1,916.0,525.9,498.2,1092,546.1,498.2,481.3,767.5,373.6,289.7,692.6,835.2,617.3,747.3,709.9,728.1
202609060906,2026-09-06,09,06R,13:15,2026-09-06T13:06:23.601545+09:00,10.2,25.5,21.6,19.2,16.8,40.0,31.1,34.5,65.0,76.0,112.1,105.2,56.4,68.3,134.3,98.9,79.0,98.3,173.1,172.6,15.7,42.4,30.9,28.2,23.7,53.1,23.8,20.4,122.5,135.3,173.6,129.5,80.2,51.9,159.9,58.6,88.7,53.0,179.6,90.8,38.1,80.6,67.4,69.8,45.5,82.9,49.8,39.9,152.8,160.1,210.7,182.7,134.2,84.8,230.4,112.0,155.7,89.9,267.8,175.3,203.8,253.7,299.9,282.3,301.3,336.1,411.0,324.7,347.2,390.5,533.4,487.8,518.0,533.4,569.8,617.5,429.3,499.4,580.4,708.2,213.9,254.2,372.0,349.2,285.5,166.7,474.8,164.0,376.4,189.9,681.3,361.2,696.4,599.8,728.8,942.6,656.3,320.6,509.6,1062,236.0,320.6,629.9,798.5,243.4,154.5,509.6,329.9,415.1,192.8,670.4,639.6,788.4,646.2,942.6,1217,778.6,403.1,696.4,864.6
202609062204,2026-09-06,22,04R,13:18,2026-09-06T13:08:22.285070+09:00,36.6,55.7,68.2,143.1,33.4,11.5,27.5,197.3,25.8,11.7,13.2,173.8,92.4,51.7,27.7,178.0,235.5,260.7,608.3,730.0,105.8,137.7,260.7,260.7,125.8,100.0,280.7,347.6,152.0,235.5,165.9,169.7,187.1,280.7,260.7,429.4,608.3,811.1,135.1,730.0,67.5,20.9,55.3,162.2,76.0,165.9,100.0,51.4,35.4,117.7,58.4,365.0,100.0,146.0,90.1,456.2,521.4,730.0,384.2,730.0,24.8,16.1,18.2,110.6,173.8,243.3,148.9,148.9,34.1,94.8,52.5,105.8,24.2,58.8,43.1,77.6,561.5,173.8,486.7,561.5,178.0,108.9,62.3,208.5,331.8,429.4,304.1,429.4,304.1,405.5,221.2,811.1,90.1,270.3,152.0,251.7,331.8,331.8,608.3,384.2,521.4,208.5,730.0,405.5,811.1,1216,251.7,608.3,730.0,730.0,811.1,1460,1825,214.7,811.1,730.0,521.4,663.6,1460,608.3
202609060406,2026-09-06,04,06R,13:22,2026-09-06T13:12:22.759038+09:00,21.7,42.1,99.2,202.8,40.7,94.4,196.7,315.9,127.3,210.6,335.2,469.3,201.5,157.1,234.6,443.9,342.2,887.9,730.0,887.9,8.6,10.5,23.1,175.6,6.8,6.1,18.5,102.0,16.4,13.7,26.9,172.0,40.5,63.5,41.5,335.2,538.5,432.2,476.1,608.4,61.8,130.3,171.1,395.8,33.8,39.9,77.1,111.7,161.8,86.2,256.6,483.1,256.6,157.9,426.6,619.8,1095,938.6,966.2,864.5,166.7,243.3,210.6,382.0,127.8,95.7,233.0,295.9,315.9,130.3,443.9,714.2,309.9,304.2,547.5,538.5,966.2,521.4,1059,821.3,318.9,513.3,391.1,821.3,386.5,290.7,521.4,521.4,556.8,304.2,764.0,966.2,556.8,699.0,995.5,966.2,1263,995.5,1173,1493,938.6,670.4,966.2,782.2,1263,1059,631.8,1026,1263,1026,586.6,1314,1493,912.6,1642,1263,1059,1263,1564,1132
202609061706,2026-09-06,17,06R,13:28,2026-09-06T13:18:20.966951+09:00,35.1,75.5,50.2,29.4,70.0,95.0,78.6,42.1,135.2,177.7,239.9,145.4,84.2,95.0,137.1,133.3,56.1,82.0,95.9,133.3,36.4,71.1,63.9,30.5,35.9,37.7,43.6,20.1,82.7,58.5,96.9,37.6,109.0,124.6,149.9,64.8,37.0,21.2,38.7,46.1,69.0,165.5,103.2,98.9,68.5,97.9,75.5,29.6,266.6,131.4,184.6,177.7,126.3,117.0,171.4,93.1,103.2,82.0,98.9,126.3,234.1,223.2,223.2,174.5,246.1,168.4,162.6,82.0,479.9,223.2,259.4,259.4,218.1,208.6,162.6,199.9,342.8,118.5,259.4,383.9,174.5,252.6,131.4,143.2,191.9,171.4,184.6,112.9,266.6,252.6,213.3,135.2,309.6,246.1,199.9,218.1,290.8,131.4,143.2,282.3,57.8,109.0,119.9,282.3,46.8,39.8,48.4,65.7,137.1,109.0,252.6,152.3,252.6,129.7,204.2,383.9,117.0,75.5,87.2,114.2
202609060306,2026-09-06,03,06R,13:29,2026-09-06T13:20:18.029074+09:00,19.5,20.8,27.1,87.8,22.4,17.7,23.2,72.3,45.4,29.0,33.0,109.3,62.2,40.1,39.0,140.4,227.4,210.6,247.0,251.3,37.6,67.2,60.7,170.5,47.4,86.8,105.3,207.6,53.2,181.3,115.5,286.5,66.6,188.5,152.4,341.1,227.4,242.8,511.6,311.4,44.2,36.1,30.6,129.0,62.5,93.0,87.8,81.8,59.9,96.1,40.7,125.6,58.2,112.8,55.3,129.0,223.8,421.3,298.4,242.8,85.2,55.5,54.8,141.8,135.1,136.4,144.7,231.0,66.9,70.5,51.1,201.7,64.2,109.3,53.4,106.9,223.8,260.4,260.4,196.2,124.5,80.0,80.4,170.5,166.5,207.6,170.5,304.8,91.8,188.5,83.7,198.9,108.5,166.5,82.8,157.4,223.8,511.6,198.9,265.3,377.0,325.6,754.0,434.1,573.0,682.2,651.2,573.0,682.2,955.1,596.9,387.2,622.9,716.3,682.2,318.3,477.5,955.1,377.0,333.1
202609061107,2026-09-06,11,07R,13:32,2026-09-06T13:22:20.384556+09:00,48.0,12.1,14.9,74.5,94.1,92.3,82.5,98.1,36.0,169.5,50.9,233.1,71.1,119.5,76.4,207.2,252.0,239.0,345.3,444.0,51.2,11.9,15.5,97.1,100.2,108.4,60.9,300.7,11.1,70.1,14.2,111.0,31.5,70.6,21.4,124.3,333.0,548.4,372.9,405.3,152.8,166.5,145.6,182.8,202.6,107.1,137.1,66.1,182.8,113.7,310.8,282.5,179.3,186.4,239.0,266.4,388.5,582.7,345.3,847.6,63.0,186.4,84.0,252.0,23.4,72.8,28.7,80.3,291.3,122.6,282.5,333.0,101.3,54.8,239.0,245.3,300.7,113.7,518.0,490.7,86.3,160.7,111.0,211.9,103.6,121.0,70.6,163.5,310.8,158.0,266.4,405.3,137.1,93.2,490.7,388.5,405.3,198.3,717.2,194.2,388.5,179.3,717.2,518.0,358.6,211.9,345.3,777.0,582.7,621.6,582.7,1332,466.2,405.3,666.0,932.4,932.4,1165,932.4,518.0
202609061011,2026-09-06,10,11R,13:35,2026-09-06T13:26:26.517322+09:00,16.7,50.5,12.4,115.9,17.5,28.9,6.4,85.5,77.7,59.2,36.2,129.8,9.6,5.3,21.0,35.6,301.7,326.2,352.0,194.8,113.3,206.8,99.0,323.6,147.5,501.6,183.2,389.6,331.6,557.3,483.4,891.7,148.0,218.0,477.7,704.0,853.8,1003,1254,1910,99.5,118.3,38.7,280.6,163.7,265.7,167.2,179.1,315.9,413.7,280.6,668.8,52.3,159.8,215.7,276.7,802.5,836.0,836.0,657.8,318.4,280.6,148.0,466.6,501.6,445.8,647.2,786.8,397.3,891.7,514.4,1114,192.9,514.4,426.9,535.0,1294,1003,1433,1114,30.7,18.2,54.2,59.3,75.7,144.3,385.8,355.1,38.8,138.3,233.3,334.4,185.7,557.3,371.5,514.4,185.7,456.0,422.4,501.6,716.5,872.3,1433,608.0,1114,1486,1824,1910,1672,1216,1486,1744,2112,1672,2360,1910,528.0,1028,1180,1056
202609062205,2026-09-06,22,05R,13:44,2026-09-06T13:34:26.276917+09:00,34.9,24.8,51.6,120.4,39.2,11.9,62.2,258.0,9.8,24.4,9.3,95.0,58.2,78.5,20.5,117.7,246.2,285.1,318.7,338.6,169.3,98.5,132.1,186.8,193.5,169.3,193.5,216.7,110.5,216.7,120.4,246.2,138.9,338.6,216.7,492.5,492.5,677.2,361.2,903.0,106.2,28.2,100.3,235.5,72.2,104.1,96.7,40.1,40.1,104.1,123.1,186.8,132.1,174.7,164.1,318.7,416.7,602.0,318.7,774.0,13.1,27.2,14.8,91.8,75.2,200.6,91.8,216.7,42.0,270.9,146.4,208.3,35.1,91.8,174.7,246.2,451.5,301.0,602.0,416.7,270.9,186.8,90.3,387.0,169.3,285.1,129.0,361.2,301.0,677.2,677.2,774.0,104.1,225.7,235.5,193.5,258.0,318.7,301.0,301.0,387.0,246.2,387.0,361.2,774.0,774.0,285.1,903.0,492.5,602.0,774.0,1083,677.2,338.6,677.2,774.0,602.0,541.8,774.0,492.5
202609060207,2026-09-06,02,07R,13:45,2026-09-06T13:36:22.427981+09:00,11.3,13.2,30.3,45.6,14.7,13.1,23.6,60.9,16.4,18.6,34.6,59.8,42.4,34.5,54.1,146.2,144.9,152.6,124.5,206.6,40.8,46.5,100.3,118.9,43.5,76.3,181.6,186.5,49.0,56.9,192.7,227.0,269.5,313.7,259.4,676.6,379.2,431.3,460.1,862.6,41.3,35.6,59.1,97.2,65.3,73.7,146.2,108.1,55.1,69.8,111.3,131.7,115.7,172.5,162.0,319.5,196.0,278.2,197.1,500.1,51.9,55.5,78.2,148.7,91.0,109.2,178.7,199.4,65.8,94.2,144.3,181.6,119.8,189.6,219.7,287.5,276.0,287.5,396.6,472.7,222.6,204.1,187.5,273.8,345.0,460.1,442.4,594.9,287.5,466.3,348.5,862.6,225.5,627.4,431.3,500.1,259.4,530.8,802.5,718.9,282.8,246.4,405.9,371.0,479.2,556.5,507.4,1045,371.0,431.3,371.0,862.6,492.9,605.3,766.8,766.8,392.1,784.2,1014,651.0
202609060907,2026-09-06,09,07R,13:46,2026-09-06T13:36:22.427981+09:00,13.1,44.2,8.9,45.8,18.0,45.0,12.8,57.6,90.5,85.7,78.2,133.4,11.6,13.3,55.3,29.6,121.7,124.9,175.1,85.0,40.3,119.5,28.7,117.0,94.6,332.4,89.1,352.6,249.9,572.2,371.3,598.4,45.6,67.6,207.3,152.0,455.3,667.0,960.8,407.5,57.7,126.6,44.1,179.9,111.1,274.1,102.1,256.6,276.3,390.7,441.8,595.0,67.6,92.8,336.7,171.4,434.5,646.4,758.9,418.9,287.7,305.3,248.7,340.0,465.4,684.5,554.1,480.4,430.9,872.7,844.5,935.0,378.0,630.9,698.2,515.9,387.8,702.8,1150,588.3,21.9,29.0,115.2,37.7,37.4,53.3,226.1,66.7,68.0,84.2,382.2,163.3,288.5,575.4,496.3,455.3,64.0,83.1,122.7,274.1,357.4,469.6,910.6,318.3,598.4,910.6,1309,554.1,935.0,1068,1309,969.7,1232,1434,1976,1775,239.1,295.0,498.7,851.4
202609061411,2026-09-06,14,11R,13:49,2026-09-06T13:40:24.763480+09:00,40.2,46.6,50.3,131.4,39.5,14.7,11.4,66.6,44.6,19.1,13.2,57.6,52.3,19.6,18.5,69.3,329.5,256.1,211.4,230.5,106.8,126.5,125.9,311.6,129.7,121.0,103.8,272.1,178.8,168.7,135.9,312.2,182.4,163.4,174.3,346.5,668.5,615.0,655.0,735.7,84.8,32.3,27.9,128.3,158.2,123.9,120.9,222.8,52.9,115.0,32.1,119.8,44.8,108.8,40.9,112.4,362.9,486.7,404.8,317.8,107.1,58.0,32.8,121.6,220.7,257.8,165.9,366.2,90.6,229.8,59.0,210.9,39.5,109.6,54.4,71.6,343.5,508.2,494.2,203.9,129.1,50.3,48.1,153.0,224.7,240.4,225.3,516.4,78.0,245.6,77.8,256.5,61.8,173.8,80.6,109.0,309.8,608.0,385.4,213.9,749.4,649.7,763.6,778.4,1074,1103,1258,1142,789.8,1159,1039,982.5,976.5,1310,1299,400.8,834.8,1389,1096,408.9
202609060407,2026-09-06,04,07R,13:53,2026-09-06T13:44:22.006838+09:00,13.1,11.9,71.3,23.3,22.4,23.6,79.2,37.8,22.0,34.0,93.1,35.7,177.4,112.2,204.9,269.2,68.3,109.9,81.6,250.1,21.7,16.6,106.6,36.2,45.8,48.1,141.8,82.9,26.4,46.3,107.3,39.1,219.0,314.5,266.9,264.7,84.9,151.9,92.0,296.8,51.4,56.6,138.7,77.2,70.7,66.0,133.4,67.1,78.4,78.6,166.3,93.4,196.0,220.6,258.2,320.8,119.4,164.5,158.0,327.4,45.8,75.4,136.9,80.6,44.9,87.7,156.4,70.4,115.5,128.6,286.1,153.4,213.2,240.6,360.9,283.6,121.2,105.8,231.8,324.1,165.4,435.1,311.4,488.7,412.5,610.9,488.7,423.5,577.5,705.9,756.3,1134,496.3,588.2,882.4,835.9,690.5,835.9,1176,1134,165.4,231.8,192.5,447.4,174.5,283.6,190.2,441.2,317.6,373.7,299.6,721.9,226.9,244.3,447.4,538.4,675.8,835.9,962.6,661.8
202609060307,2026-09-06,03,07R,14:01,2026-09-06T13:52:22.720020+09:00,25.8,57.0,49.1,145.8,17.4,46.9,16.0,107.0,96.0,85.6,95.5,207.2,57.5,36.6,76.0,164.0,266.0,302.9,468.8,339.5,45.0,108.1,79.4,171.2,29.9,76.9,27.5,175.8,141.6,141.6,130.4,285.3,97.4,58.7,127.8,252.4,281.3,345.4,358.0,447.5,17.7,45.6,14.3,106.4,27.0,64.1,20.9,76.6,74.5,89.1,55.7,125.4,16.8,22.9,48.5,67.2,237.2,262.5,243.1,151.4,172.7,111.8,127.8,252.4,207.2,137.7,172.7,281.3,113.1,155.0,106.4,226.3,131.2,135.8,120.8,273.4,428.0,386.1,298.3,437.5,102.5,64.9,146.9,234.4,127.8,82.0,169.7,266.0,59.4,70.3,95.5,140.6,240.1,198.9,133.0,351.6,358.0,518.1,185.7,468.8,364.6,418.9,937.6,579.1,468.8,787.6,895.0,1158,757.3,656.3,937.6,269.7,856.1,937.6,1036,729.3,679.0,856.1,262.5,757.3
202609061707,2026-09-06,17,07R,14:01,2026-09-06T13:52:22.720020+09:00,20.0,52.0,35.2,107.9,13.9,10.0,6.9,35.2,44.6,20.2,24.8,74.2,31.2,12.9,24.9,69.2,204.0,130.7,158.6,187.5,88.8,164.2,218.4,337.5,133.5,273.0,269.0,378.8,269.0,378.8,364.0,476.0,314.6,421.9,562.5,580.1,618.8,546.0,773.5,977.0,31.6,25.5,20.2,62.0,107.3,197.4,152.1,99.8,70.8,199.6,78.9,238.0,47.6,168.7,82.1,135.5,281.2,742.5,403.5,431.7,197.4,82.8,73.0,180.2,325.6,386.7,378.8,277.0,128.9,304.3,158.6,403.5,114.5,337.5,150.9,187.5,431.7,663.0,640.1,403.5,68.0,45.3,51.8,152.1,343.7,357.0,714.0,403.5,90.5,394.9,158.6,337.5,206.2,807.1,223.6,331.5,371.2,807.1,562.5,807.1,714.0,241.1,530.4,598.8,1031,807.1,1092,1160,546.0,1031,884.0,663.0,663.0,807.1,1237,928.2,773.5,1237,663.0,884.0
202609061108,2026-09-06,11,08R,14:08,2026-09-06T13:58:21.269317+09:00,24.4,76.0,134.9,30.4,20.3,22.5,65.7,11.2,93.8,65.3,281.5,62.4,292.4,182.4,285.1,274.7,31.2,17.8,53.6,142.5,58.7,149.0,250.6,93.8,80.5,118.7,259.1,87.7,119.4,225.8,438.6,181.0,373.9,321.2,530.4,633.5,176.8,140.7,274.7,556.2,28.0,28.1,90.1,14.5,45.5,69.9,162.9,37.5,52.4,91.5,142.5,33.7,182.4,235.1,156.2,140.7,21.1,51.7,36.4,123.2,185.4,142.5,330.5,142.5,292.4,274.7,570.2,247.9,156.2,250.6,198.3,97.4,447.2,530.4,253.4,340.4,160.6,232.7,133.3,316.7,245.2,242.6,373.9,422.3,268.3,367.8,691.1,633.5,335.4,456.1,506.8,570.2,495.8,991.6,991.6,844.7,530.4,1140,670.8,447.2,68.0,30.6,79.4,205.4,73.1,54.3,175.4,456.1,31.1,76.7,75.5,274.7,165.2,288.7,146.2,651.6,321.2,430.3,330.5,556.2
202609061012,2026-09-06,10,12R,14:11,2026-09-06T14:02:20.400612+09:00,7.1,7.3,8.6,15.8,13.9,20.8,17.1,31.3,16.7,36.6,26.4,34.9,16.7,27.3,30.7,25.6,43.0,71.3,75.0,54.1,88.9,95.3,102.7,142.3,162.9,545.9,472.5,369.9,225.8,520.6,401.6,515.8,193.2,497.5,419.6,525.4,347.0,865.0,631.7,937.1,76.2,99.5,93.4,152.3,150.3,281.1,291.3,191.9,314.1,493.2,488.9,631.7,229.5,317.6,365.1,419.6,573.7,730.2,711.7,694.1,216.2,374.8,203.7,315.8,308.9,460.8,617.8,669.3,562.2,921.7,851.9,969.4,362.7,638.9,878.5,591.8,598.1,851.9,937.1,865.0,164.8,257.9,270.3,252.1,236.2,540.6,511.1,506.5,382.5,497.5,1171,906.9,497.5,720.8,1124,653.8,515.8,770.2,1004,1004,285.4,591.8,446.2,551.2,410.4,1147,906.9,969.4,1171,1479,1277,1561,865.0,1222,1519,1519,685.7,1041,1653,1124
202609062206,2026-09-06,22,06R,14:14,2026-09-06T14:04:21.711327+09:00,25.1,53.7,9.8,16.6,27.7,37.8,24.9,55.9,100.2,151.0,110.2,146.9,9.3,20.4,65.2,8.3,20.1,67.2,169.5,13.5,69.7,167.0,74.4,102.0,94.2,207.9,380.1,367.4,282.6,306.2,262.4,282.6,109.1,380.1,239.6,180.7,220.4,479.2,334.0,314.9,80.4,159.7,117.2,234.5,69.7,324.2,200.4,71.1,501.0,393.6,423.9,440.9,169.5,314.9,334.0,207.9,290.0,393.6,580.1,367.4,344.4,367.4,367.4,380.1,524.9,440.9,479.2,334.0,501.0,612.4,479.2,688.9,440.9,524.9,551.1,440.9,918.6,440.9,1002,918.6,53.2,77.6,229.6,24.1,94.2,256.3,224.9,86.1,234.5,501.0,408.2,177.7,380.1,440.9,393.6,408.2,40.0,86.7,113.6,334.0,99.3,174.9,324.2,71.5,211.9,393.6,282.6,244.9,367.4,551.1,847.9,551.1,648.4,423.9,734.9,734.9,68.4,250.5,306.2,524.9
202609060208,2026-09-06,02,08R,14:16,2026-09-06T14:06:19.721951+09:00,24.7,37.7,43.9,157.7,20.0,18.8,16.9,112.3,42.4,34.4,29.0,138.6,54.8,39.7,47.2,130.2,321.4,409.4,386.4,256.6,59.4,76.4,84.0,324.4,73.1,72.7,71.0,247.4,92.9,97.7,74.9,258.5,84.5,82.2,75.2,262.5,464.7,648.9,395.3,484.4,30.0,30.7,24.0,113.8,71.2,59.0,58.2,130.2,49.7,77.6,49.0,165.3,40.9,41.2,38.7,105.1,409.4,347.4,354.5,266.6,91.7,77.1,60.7,185.9,121.5,140.9,102.6,243.9,86.8,119.0,84.7,220.4,57.7,69.2,83.4,119.8,321.4,279.6,382.1,270.8,77.9,59.4,82.0,141.5,88.4,115.0,99.1,181.9,66.0,112.3,93.9,214.9,93.7,107.4,129.2,186.9,154.9,197.6,243.9,221.8,661.3,458.5,881.8,701.8,929.5,1074,687.8,799.8,955.3,674.3,701.8,747.6,701.8,648.9,1042,563.8,545.9,592.9,563.8,435.3
202609060908,2026-09-06,09,08R,14:18,2026-09-06T14:08:18.518723+09:00,6.2,16.3,39.4,27.7,11.5,18.2,39.6,40.3,41.6,36.4,100.0,79.2,106.2,105.7,177.1,218.5,108.2,132.6,174.4,289.0,16.5,30.9,76.6,50.4,25.6,25.4,69.2,38.3,88.6,55.0,206.3,99.2,288.3,201.7,322.2,370.4,205.0,114.2,206.3,423.8,32.7,43.2,86.2,79.9,43.0,36.8,91.8,52.5,67.6,49.1,105.7,67.7,241.5,164.4,244.3,223.9,238.7,137.7,165.7,347.0,170.9,144.8,230.9,233.4,227.9,113.0,365.0,214.0,146.8,108.9,249.1,173.0,457.6,532.9,480.2,501.2,346.0,332.3,325.5,551.5,431.0,418.2,446.3,734.3,730.1,515.5,765.5,515.5,730.1,551.5,902.2,1180,709.5,1026,853.4,1070,1468,1468,1372,1754,331.5,429.6,661.2,994.5,406.1,277.6,438.5,756.3,576.7,324.6,432.5,1035,610.1,437.0,568.9,1202,1088,1107,1226,1127
202609060408,2026-09-06,04,08R,14:24,2026-09-06T14:14:23.665506+09:00,68.2,154.2,142.4,49.3,130.9,245.7,235.3,121.2,247.9,351.5,356.0,274.9,213.6,139.5,252.4,257.1,53.0,108.0,231.4,190.2,54.8,151.7,118.1,41.0,69.0,195.5,69.0,27.1,259.5,243.6,229.5,147.7,130.9,79.3,264.4,28.8,24.7,14.3,75.0,16.1,174.6,250.1,129.1,205.7,194.2,153.4,99.1,43.5,414.4,261.9,385.7,305.1,272.2,152.5,356.0,168.3,173.5,54.8,272.2,119.1,315.5,330.6,202.7,305.1,305.1,338.6,334.5,158.6,365.4,408.3,427.2,375.2,245.7,347.1,420.7,334.5,420.7,199.7,356.0,396.7,153.4,495.9,286.2,338.6,274.9,199.7,555.4,64.1,523.9,280.5,617.1,283.3,440.8,677.3,771.4,470.6,199.7,59.3,143.8,402.4,30.4,54.5,154.2,95.4,18.4,10.5,51.5,11.8,68.5,24.5,145.3,54.5,254.7,106.8,241.4,195.5,92.5,21.3,51.4,136.1
202609061412,2026-09-06,14,12R,14:28,2026-09-06T14:18:18.917007+09:00,13.5,6.8,16.4,40.0,31.5,34.3,56.1,110.9,9.6,28.7,17.5,43.2,39.6,75.3,38.7,99.5,147.7,255.4,175.3,236.5,36.1,17.6,39.4,79.1,83.2,82.8,161.1,291.2,28.0,62.8,53.9,109.0,112.5,208.2,123.7,291.8,366.0,660.4,379.3,556.0,133.3,181.4,272.1,508.0,178.9,175.4,393.6,539.3,288.9,210.8,466.3,754.3,581.0,588.3,881.7,1115,1135,1207,1555,1937,25.4,84.7,40.8,89.3,38.4,99.6,68.0,122.3,244.4,183.1,380.7,542.9,64.0,75.5,201.8,111.0,229.3,226.3,557.9,232.9,114.3,253.8,116.3,254.2,173.8,403.0,185.0,459.6,548.5,725.6,789.3,1337,142.0,171.3,420.2,275.4,532.2,766.8,1172,614.0,625.9,1239,951.8,1331,954.6,1881,938.0,1787,1870,2415,2143,2696,1082,949.0,2171,1131,1249,1712,2489,1207
202609060308,2026-09-06,03,08R,14:31,2026-09-06T14:22:19.207590+09:00,78.4,106.7,205.3,112.5,155.6,181.3,159.6,209.9,138.3,219.7,236.4,188.7,154.4,169.8,149.4,200.8,183.1,259.4,239.5,266.8,101.5,104.9,150.6,122.9,116.7,35.5,64.4,32.6,83.7,49.1,39.4,17.4,205.3,79.8,56.4,43.5,122.1,33.5,18.7,38.6,168.3,156.9,107.9,255.9,163.8,61.0,76.2,40.9,212.3,84.9,124.5,77.2,128.8,114.6,116.0,86.8,192.6,109.2,103.2,159.6,119.7,192.6,159.6,125.3,94.8,59.1,66.2,21.4,186.8,83.7,140.4,83.7,141.5,110.5,162.4,57.6,94.8,21.0,49.5,39.4,301.3,306.2,242.6,259.4,366.3,397.5,108.6,79.8,306.2,283.0,381.2,359.2,366.3,169.8,242.6,92.0,311.3,88.1,222.4,95.8,207.5,263.1,227.8,230.6,159.6,66.9,30.4,66.4,352.5,137.3,123.7,339.6,139.4,29.5,61.4,55.1,296.5,117.5,266.8,77.2
202609061708,2026-09-06,17,08R,14:36,2026-09-06T14:26:18.540529+09:00,13.5,25.0,24.1,65.5,10.8,7.8,6.4,25.2,31.2,21.1,20.1,56.1,23.5,12.0,22.2,55.6,126.8,103.7,104.8,129.3,143.2,242.8,203.2,301.7,301.7,375.7,383.0,622.3,463.1,423.7,553.2,524.1,452.6,343.3,553.2,538.2,766.0,553.2,711.2,1106,106.5,72.9,52.5,117.1,284.5,239.9,228.9,117.1,223.7,297.2,102.1,248.9,115.1,209.6,96.2,214.1,331.9,642.4,423.7,569.0,211.8,134.5,108.2,207.4,485.7,390.5,538.2,337.5,187.8,569.0,123.7,603.5,156.8,423.7,109.4,245.8,390.5,485.7,485.7,905.2,191.5,115.7,126.0,170.2,485.7,355.6,663.8,538.2,160.6,297.2,123.7,326.4,239.9,948.3,137.3,406.4,442.5,796.6,603.5,603.5,355.6,214.1,406.4,442.5,766.0,796.6,796.6,829.8,406.4,948.3,569.0,686.7,569.0,569.0,865.9,995.8,622.3,829.8,686.7,622.3
202609061109,2026-09-06,11,09R,14:41,2026-09-06T14:32:23.389211+09:00,11.8,28.4,34.3,11.2,12.3,22.0,28.2,10.3,48.2,43.3,72.0,33.7,92.5,83.3,143.1,85.1,13.7,15.5,30.2,38.7,69.7,128.1,175.1,54.8,117.0,324.5,419.6,215.4,135.2,553.2,657.8,442.5,399.0,553.2,657.8,657.8,94.3,221.2,368.8,405.7,45.6,67.4,76.5,34.5,101.0,223.3,213.5,101.4,142.3,236.3,304.2,178.9,209.8,324.5,363.3,283.0,80.6,183.0,197.9,270.4,161.2,170.2,211.6,122.3,333.4,380.3,517.9,276.6,241.0,459.2,507.1,399.0,304.2,486.8,529.1,308.1,148.4,276.6,399.0,333.4,270.4,187.2,279.7,206.2,392.6,529.1,811.4,737.6,286.3,901.5,593.7,676.1,468.1,1281,785.2,405.7,270.4,869.3,737.6,250.9,47.2,50.2,104.9,161.2,126.7,211.6,368.8,442.5,129.4,241.0,357.9,357.9,191.6,368.8,374.4,434.6,238.6,540.9,357.9,399.0
202609062207,2026-09-06,22,07R,14:44,2026-09-06T14:34:18.974731+09:00,26.4,12.4,112.1,21.2,32.9,18.1,78.9,86.0,19.3,31.7,106.0,11.0,172.0,122.8,107.5,175.9,23.9,66.7,14.5,168.2,91.0,90.0,241.9,77.4,148.8,168.2,241.9,175.9,148.8,209.2,131.2,78.1,221.1,258.0,241.9,266.9,146.0,241.9,103.2,430.0,94.4,44.4,126.9,193.5,82.3,154.8,140.7,52.3,64.5,161.2,297.7,286.7,172.0,227.6,193.5,286.7,258.0,368.6,258.0,645.1,62.9,50.9,175.9,28.0,146.0,249.7,234.5,86.9,60.9,387.0,266.9,309.6,249.7,276.4,322.5,241.9,34.2,69.7,227.6,209.2,455.3,351.8,266.9,309.6,455.3,368.6,249.7,368.6,387.0,455.3,483.8,645.1,483.8,516.1,387.0,336.5,516.1,455.3,595.5,322.5,49.3,78.9,28.2,227.6,97.9,175.9,86.0,297.7,184.3,249.7,164.7,455.3,42.3,104.6,184.3,221.1,407.4,336.5,455.3,276.4
202609060209,2026-09-06,02,09R,14:48,2026-09-06T14:38:22.504663+09:00,14.8,24.2,76.9,63.2,17.0,32.2,57.9,57.1,33.6,57.7,117.1,123.7,119.1,118.6,139.3,195.2,168.8,162.1,263.3,305.3,19.3,33.8,85.1,83.6,20.7,23.1,60.8,49.0,52.5,43.0,140.0,134.7,186.3,101.7,153.4,318.9,220.8,115.2,196.6,382.7,22.1,40.2,65.3,59.1,19.7,23.0,47.8,30.8,64.6,42.0,109.1,103.6,132.2,111.2,180.5,200.7,128.7,89.7,153.4,284.1,79.0,109.9,147.9,156.8,92.0,96.0,146.4,146.4,131.6,93.8,249.6,168.8,162.1,138.0,251.7,220.8,243.2,185.1,251.7,276.0,247.4,222.5,247.4,237.2,268.2,188.8,268.2,273.3,247.4,215.8,393.2,541.5,278.6,337.6,486.5,410.0,268.2,333.7,494.8,434.9,276.0,179.4,512.5,434.9,345.8,245.3,312.0,416.0,270.7,229.6,337.6,755.3,574.0,368.0,512.5,637.8,398.6,416.0,897.0,422.1
202609060909,2026-09-06,09,09R,14:50,2026-09-06T14:40:25.645668+09:00,16.5,10.9,23.4,39.2,22.4,19.1,30.0,57.7,12.8,12.0,14.3,23.3,43.3,56.6,34.9,63.2,130.2,143.8,87.4,115.7,58.5,39.1,72.5,104.8,107.0,118.6,185.1,226.9,68.7,130.3,120.3,133.1,206.4,257.7,181.1,339.5,378.6,447.8,311.3,476.3,83.1,71.4,82.0,178.0,170.1,179.2,197.6,242.0,176.6,238.5,274.5,336.1,253.3,319.4,389.5,464.8,677.3,713.2,680.7,991.1,41.4,78.4,34.5,53.9,81.4,187.4,123.7,128.9,195.9,265.8,324.8,324.8,51.7,97.3,182.8,58.1,108.1,164.1,340.3,97.9,159.3,201.7,107.5,185.1,330.3,412.2,289.8,331.1,453.8,638.8,740.6,826.9,124.1,244.6,396.4,145.0,345.6,612.7,779.1,260.2,514.4,648.0,446.3,807.1,797.6,976.7,732.5,1296,847.7,1123,1214,1172,510.5,705.7,1531,408.4,797.6,1334,1465,412.2
202609060409,2026-09-06,04,09R,14:56,2026-09-06T14:46:23.973146+09:00,36.7,68.8,61.5,46.3,28.4,21.8,28.6,16.5,84.9,43.1,66.4,50.7,102.2,57.4,90.8,52.5,58.8,27.0,58.6,51.8,84.9,125.3,170.7,128.7,84.0,130.2,124.3,83.7,199.7,193.9,226.6,212.3,252.0,238.0,327.3,172.6,184.1,131.6,274.0,157.6,42.4,33.5,41.2,22.5,72.4,92.6,100.2,57.8,50.9,98.2,75.9,39.6,80.8,138.6,121.1,53.3,28.0,67.8,38.5,46.4,165.9,92.6,134.2,99.0,215.2,261.8,246.7,209.5,99.6,210.4,181.2,96.0,184.8,278.9,226.6,177.8,129.8,222.3,119.3,210.4,186.3,185.5,267.8,166.5,362.5,329.6,541.8,285.6,198.0,399.4,344.0,159.7,351.7,485.9,432.4,354.4,151.0,244.2,161.4,383.2,115.5,48.9,136.2,109.1,244.2,157.6,320.6,239.2,61.3,157.6,91.5,118.4,287.4,453.2,201.4,392.8,181.2,258.9,160.3,344.0
202609060309,2026-09-06,03,09R,14:57,2026-09-06T14:48:25.562025+09:00,26.6,61.1,117.7,32.2,21.6,18.4,37.6,10.2,79.8,38.3,115.8,34.7,93.6,67.3,90.6,81.6,38.8,16.1,34.8,89.4,67.6,135.9,183.5,83.1,90.6,150.3,220.8,109.5,147.2,288.4,201.9,176.6,261.7,271.8,261.7,321.2,118.7,107.0,204.8,321.2,54.7,37.4,49.7,22.9,97.4,137.2,123.9,55.4,67.9,147.2,190.9,74.3,88.3,147.2,147.2,114.9,31.9,103.9,72.4,158.8,210.9,103.1,135.9,93.6,235.5,172.3,266.6,170.2,96.8,239.5,196.3,133.3,150.3,282.6,261.7,151.9,113.0,181.2,162.4,181.2,288.4,138.5,170.2,207.8,381.9,504.7,455.9,344.7,201.9,277.1,371.9,307.2,336.5,588.9,543.6,227.9,256.9,428.2,321.2,261.7,75.9,33.1,80.7,220.8,151.9,196.3,185.9,403.8,48.0,164.3,119.7,277.1,153.6,307.2,235.5,235.5,336.5,543.6,415.6,235.5
202609061709,2026-09-06,17,09R,15:04,2026-09-06T14:54:21.277906+09:00,17.6,34.1,56.2,97.4,17.7,19.7,29.3,48.5,60.4,62.4,83.5,142.9,85.4,87.9,99.9,221.7,124.3,128.5,177.8,263.7,27.3,52.7,114.1,126.4,33.2,26.3,53.8,64.5,76.1,52.3,141.6,140.3,182.1,116.7,198.6,239.0,246.7,166.2,278.1,449.9,27.0,32.8,45.5,59.5,32.0,23.6,35.9,33.6,54.2,33.4,41.4,58.8,85.4,70.8,60.9,101.9,125.3,128.5,151.4,162.7,131.8,124.3,152.9,166.2,171.8,73.5,169.9,171.8,115.0,72.5,103.3,156.0,193.6,175.8,106.2,166.2,312.1,283.2,332.5,402.5,212.4,173.8,175.8,188.8,246.7,140.3,339.9,347.6,186.5,193.6,201.2,339.9,318.7,373.1,221.7,355.7,325.4,373.1,339.9,437.0,283.2,144.3,402.5,566.5,347.6,239.0,273.1,437.0,169.9,273.1,449.9,437.0,373.1,392.2,546.3,764.8,588.3,463.5,332.5,546.3
202609061110,2026-09-06,11,10R,15:11,2026-09-06T15:02:23.142095+09:00,8.9,7.1,94.5,6.3,25.3,35.0,139.4,39.5,14.7,33.6,217.2,20.0,119.5,272.2,248.3,370.4,18.8,58.6,26.8,219.4,32.0,24.4,141.2,24.1,93.7,127.6,396.4,140.3,56.2,162.5,551.1,108.6,332.3,443.1,525.5,491.2,44.9,164.9,129.1,461.1,88.2,143.0,251.0,120.2,156.9,215.2,332.3,121.4,248.3,262.7,753.2,301.3,383.0,443.1,480.8,551.1,301.3,358.7,410.8,1189,70.6,154.7,301.3,71.5,118.3,219.4,491.2,150.6,305.3,358.7,728.9,434.5,491.2,491.2,627.7,779.2,105.5,142.1,353.0,836.9,376.6,426.3,434.5,451.9,403.5,684.7,779.2,551.1,836.9,753.2,664.6,869.1,779.2,1412,1412,982.5,627.7,706.1,941.5,443.1,48.8,159.1,80.1,594.6,97.4,232.9,221.5,594.6,358.7,418.4,551.1,1412,159.1,213.1,579.4,1506,982.5,779.2,903.9,1329
202609062208,2026-09-06,22,08R,15:14,2026-09-06T15:04:19.124841+09:00,16.2,12.9,44.2,55.5,14.5,7.4,16.1,39.5,20.4,9.9,25.0,26.2,74.8,49.7,44.1,79.0,108.2,108.2,61.6,134.1,62.5,81.0,192.2,257.6,106.4,195.1,299.5,314.1,138.5,330.2,247.7,252.5,292.7,402.5,338.9,585.4,477.0,444.1,280.0,757.6,62.8,21.4,69.6,141.5,79.0,161.0,165.1,73.1,43.3,148.0,171.7,322.0,122.6,222.0,204.4,268.3,299.5,429.3,415.5,560.0,50.5,36.9,97.5,96.1,138.5,207.7,238.5,184.0,54.3,429.3,280.0,357.7,230.0,252.5,292.7,252.5,252.5,330.2,477.0,368.0,348.1,184.0,186.6,230.0,460.0,585.4,390.3,444.1,247.7,560.0,495.4,715.5,415.5,192.2,585.4,402.5,322.0,613.3,585.4,477.0,677.9,198.1,280.0,560.0,677.9,415.5,402.5,644.0,515.2,805.0,757.6,1073,477.0,585.4,805.0,757.6,644.0,920.0,757.6,585.4
202609061201,2026-09-06,12,01R,15:17,2026-09-06T15:08:27.839704+09:00,8.6,14.0,23.9,102.0,21.6,24.3,26.9,142.2,22.9,34.3,31.9,176.1,36.6,40.6,37.0,120.1,146.2,156.6,267.3,206.7,45.4,45.0,56.5,180.2,76.7,140.9,140.9,212.3,68.3,124.0,108.4,304.0,83.8,163.2,149.0,304.0,242.2,387.6,500.1,408.0,51.8,66.2,67.7,198.7,77.9,139.6,139.6,80.7,118.3,119.2,142.2,574.2,117.4,155.0,125.0,304.0,861.3,516.8,484.5,516.8,55.1,55.9,38.7,170.3,83.3,172.2,114.8,215.3,152.0,201.3,152.0,516.8,55.7,113.1,119.2,140.9,378.1,442.9,775.2,516.8,38.7,51.0,41.6,102.0,60.0,95.1,109.1,196.2,90.6,136.0,142.2,258.4,58.5,116.5,115.7,209.5,164.9,254.1,272.0,281.9,234.9,304.0,596.3,360.5,430.6,360.5,861.3,574.2,674.1,469.8,738.3,534.6,738.3,704.7,912.0,646.0,276.8,500.1,484.5,397.5
202609060101,2026-09-06,01,01R,15:19,2026-09-06T15:10:22.632132+09:00,35.9,37.2,60.2,111.5,85.8,101.4,115.6,213.9,47.7,102.0,80.4,159.3,87.2,145.9,76.1,269.2,162.6,332.2,300.3,363.1,41.4,28.2,59.6,145.9,64.5,28.3,75.4,195.1,21.0,14.8,15.5,60.5,74.3,72.9,37.1,130.1,197.6,294.6,175.4,283.9,90.2,108.4,96.9,226.3,113.9,53.2,99.4,94.6,164.3,59.8,171.6,208.2,133.4,122.9,156.1,229.6,269.2,325.3,354.9,557.7,39.3,82.1,55.1,111.5,23.1,19.8,17.3,65.0,113.9,49.1,117.4,219.9,48.7,33.0,82.1,100.1,236.6,113.1,312.3,247.8,126.9,229.6,108.4,97.5,133.4,173.5,77.6,247.8,205.4,175.4,200.2,255.9,138.1,93.5,219.9,205.4,205.4,354.9,578.3,363.1,195.1,273.9,390.3,339.4,318.6,600.6,400.4,487.9,557.7,520.5,503.7,503.7,578.3,380.8,446.1,422.0,433.7,433.7,678.9,347.0
202609060210,2026-09-06,02,10R,15:21,2026-09-06T15:12:24.208946+09:00,14.3,29.6,31.4,82.0,8.8,11.6,11.2,36.9,24.3,21.4,33.6,70.2,23.6,21.3,37.4,73.7,122.6,122.1,178.7,197.5,48.7,102.3,93.3,272.0,78.8,172.1,150.1,304.3,146.6,249.1,297.9,439.8,126.2,159.5,226.1,385.6,557.4,721.8,625.6,893.7,33.7,45.1,38.5,106.0,67.5,134.3,109.5,170.1,108.4,156.4,210.0,319.9,95.7,108.4,198.9,273.3,341.2,402.1,592.6,750.7,77.0,91.7,97.0,204.7,114.6,174.8,163.6,237.5,136.6,191.5,249.1,331.2,116.3,150.5,250.2,307.6,498.2,312.8,598.9,574.5,62.0,65.6,98.0,135.6,89.3,105.8,173.2,171.1,120.8,125.4,238.5,323.5,169.5,233.6,318.1,375.3,228.8,207.7,291.7,337.1,402.1,345.4,721.8,507.2,526.2,731.2,618.7,670.2,654.7,782.0,793.0,1251,923.0,662.4,1197,1005,580.4,493.9,1005,750.7
202609060910,2026-09-06,09,10R,15:23,2026-09-06T15:14:24.847732+09:00,14.0,27.8,8.5,36.8,17.9,30.7,9.9,35.8,47.8,49.8,33.0,68.6,9.2,8.6,30.4,15.5,107.1,96.5,142.5,55.6,76.4,150.4,50.6,195.3,161.9,491.5,269.3,638.1,401.3,561.4,526.8,831.8,89.3,215.8,405.2,327.1,812.1,909.1,1379,799.5,128.4,161.7,68.9,186.9,238.9,431.6,260.7,455.6,351.2,513.6,464.8,602.5,86.3,224.0,357.9,232.9,669.3,1141,897.2,602.5,331.4,333.5,203.0,376.3,640.1,818.6,701.2,769.5,539.3,917.3,787.2,1048,297.7,646.1,595.5,532.3,648.1,1194,1342,946.9,30.3,32.6,85.4,42.2,82.0,159.4,368.9,198.9,91.9,187.3,387.6,200.6,241.7,595.5,535.0,466.9,101.4,223.8,176.0,342.4,720.9,660.6,1064,344.7,1268,1447,1756,1522,1122,1630,1522,1122,1605,1994,2257,1867,317.5,889.5,749.9,1098
202609060310,2026-09-06,03,10R,15:25,2026-09-06T15:16:24.428645+09:00,20.4,12.8,49.8,13.9,25.7,23.1,56.8,20.2,14.0,16.0,32.6,10.0,60.8,89.2,53.3,56.9,22.5,36.6,19.0,58.2,157.5,94.6,164.1,85.0,297.1,345.1,350.3,558.8,142.2,652.0,372.5,335.3,252.3,479.0,460.2,479.0,144.8,308.8,355.6,434.6,175.1,156.4,120.9,143.1,282.7,345.1,232.3,134.1,202.3,317.1,361.1,260.8,223.5,308.8,378.5,326.0,159.6,411.7,321.5,634.3,56.0,89.9,51.9,29.7,117.3,230.1,252.3,187.7,200.6,326.0,276.1,211.4,67.8,193.9,286.2,77.2,47.2,122.2,177.8,85.6,308.8,300.9,197.2,237.0,366.7,690.3,479.0,434.6,419.1,469.4,757.1,711.2,272.9,617.6,869.3,366.7,289.7,572.4,617.6,479.0,103.4,144.0,96.9,304.8,190.8,733.5,404.6,757.1,286.2,757.1,586.8,1173,128.2,297.1,372.5,426.7,355.6,733.5,1066,572.4
202609060701,2026-09-06,07,01R,15:25,2026-09-06T15:16:24.428645+09:00,13.8,23.0,20.2,32.0,28.1,54.6,45.5,89.9,47.9,85.6,45.7,55.8,36.5,59.4,57.9,64.5,77.9,131.9,102.7,95.1,30.8,43.7,31.2,48.7,43.7,72.3,49.8,82.9,76.2,110.9,82.5,62.9,45.0,64.3,86.9,50.5,91.7,149.4,118.9,96.6,71.7,112.2,59.0,102.7,95.1,110.2,89.0,75.9,223.2,155.8,148.1,278.1,69.2,115.1,179.0,86.5,241.0,228.8,376.6,179.0,78.9,220.4,67.7,104.5,115.8,160.0,98.7,92.2,286.9,226.0,203.1,265.8,109.5,123.8,188.3,115.1,165.8,136.9,306.4,207.8,88.6,127.3,111.6,102.7,107.6,160.0,129.1,108.9,134.9,157.2,328.7,165.8,130.0,165.8,269.8,146.9,119.7,121.3,234.8,161.4,161.4,212.7,196.5,251.1,251.1,311.7,198.6,273.9,475.7,531.7,860.9,311.7,475.7,328.7,602.6,420.4,291.6,317.1,361.6,347.6
202609060410,2026-09-06,04,10R,15:29,2026-09-06T15:20:20.213203+09:00,8.1,23.8,15.4,39.4,13.3,37.3,21.0,56.9,66.9,90.6,107.7,155.9,30.1,30.9,103.2,109.5,124.0,149.4,259.9,219.6,12.1,36.0,21.0,57.7,23.4,80.1,44.6,101.2,94.5,140.4,108.2,199.0,49.2,70.8,120.2,192.5,215.5,229.3,417.7,362.6,30.1,97.6,42.9,110.6,38.6,119.3,73.5,105.6,202.5,207.0,232.7,329.4,72.5,94.5,228.2,235.0,278.4,357.1,537.7,441.3,127.8,208.8,167.6,278.4,183.4,316.1,248.8,331.8,294.2,472.5,497.7,584.8,185.6,247.5,389.8,396.4,668.3,472.5,806.6,850.6,51.1,72.4,181.3,172.6,73.6,107.5,255.6,206.0,102.8,106.3,393.1,349.1,389.8,477.3,820.7,514.1,301.8,349.1,406.8,632.2,492.4,421.4,954.7,850.6,599.7,544.0,835.4,954.7,742.6,599.7,623.7,1509,1039,935.6,1169,866.3,954.7,866.3,1063,850.6
202609061710,2026-09-06,17,10R,15:39,2026-09-06T15:30:28.261179+09:00,14.4,26.3,29.8,93.8,14.9,12.7,15.5,29.6,36.7,19.4,28.3,47.9,55.7,25.8,60.5,91.4,123.3,90.5,75.4,117.8,77.9,115.5,120.2,270.9,103.1,157.5,97.2,252.0,243.6,235.6,245.6,362.3,184.6,144.9,281.4,333.2,546.9,345.1,475.2,483.1,42.5,30.0,29.9,65.7,83.0,102.0,72.1,91.4,57.5,103.5,53.2,98.6,57.4,77.3,62.6,85.7,184.6,263.5,205.6,155.0,114.1,90.0,75.3,109.3,289.9,278.7,268.4,261.1,124.9,213.1,123.3,197.2,118.3,281.4,136.1,121.2,224.7,362.3,341.0,115.0,182.3,112.8,158.4,170.5,265.9,178.9,315.1,337.0,126.0,185.8,135.4,214.7,258.8,420.1,164.7,202.7,182.3,376.5,237.6,199.9,362.3,207.0,276.1,357.9,491.3,483.1,616.8,557.5,295.8,414.1,341.0,276.1,318.5,491.3,483.1,322.1,414.1,579.8,386.5,270.9
202609061202,2026-09-06,12,02R,15:42,2026-09-06T15:32:18.838137+09:00,14.3,31.5,63.3,85.6,13.8,7.3,26.2,55.8,23.1,17.5,41.6,99.2,89.7,60.3,50.6,209.4,100.5,167.5,157.1,269.3,71.1,91.9,77.7,139.6,114.2,132.3,193.3,377.0,121.6,93.1,157.1,153.9,188.5,243.2,243.2,1077,251.3,396.9,243.2,471.3,26.7,15.6,37.3,74.6,79.3,66.1,96.6,55.4,39.9,49.9,72.5,279.3,101.9,132.3,91.9,269.3,269.3,396.9,221.8,377.0,68.5,46.2,44.3,106.2,139.6,119.7,142.2,134.6,63.3,106.2,127.8,377.0,69.8,243.2,163.9,290.0,198.4,221.8,359.1,538.6,228.5,139.6,97.9,203.8,471.3,301.6,327.8,580.0,269.3,279.3,279.3,377.0,116.0,327.8,290.0,754.1,251.3,580.0,580.0,754.1,251.3,160.4,471.3,754.1,471.3,260.0,837.9,1256,327.8,396.9,443.6,754.1,1077,502.7,837.9,942.6,377.0,942.6,685.5,942.6
202609060102,2026-09-06,01,02R,15:43,2026-09-06T15:34:22.057208+09:00,60.1,120.7,49.7,114.6,124.9,111.7,74.9,140.6,176.4,174.7,130.4,179.9,50.5,67.1,93.2,73.4,142.8,129.4,169.7,90.4,98.8,136.3,86.9,108.4,168.1,157.8,92.7,114.6,121.6,191.4,159.2,174.7,84.8,84.4,118.4,59.9,169.7,163.6,183.6,89.0,143.9,116.8,67.4,105.8,202.2,117.6,68.9,70.5,211.7,160.6,108.4,156.4,74.0,78.2,100.5,33.7,181.7,163.6,149.9,47.6,145.1,183.6,87.3,140.6,290.2,181.7,120.7,178.1,171.4,233.7,216.8,246.5,82.1,111.0,132.3,77.9,197.7,162.1,276.8,126.7,62.7,64.7,99.9,38.2,76.5,50.5,113.1,35.9,63.8,39.8,96.2,22.9,116.1,113.1,117.6,60.3,34.6,22.3,17.5,47.7,123.2,115.3,202.2,92.2,179.9,157.8,243.2,93.7,116.1,219.4,264.6,61.8,333.2,285.6,281.2,135.3,79.6,48.7,42.6,87.7
202609061111,2026-09-06,11,11R,15:47,2026-09-06T15:38:24.167497+09:00,7.5,4.3,6.9,15.9,23.2,62.4,52.3,74.3,11.5,46.4,27.3,54.0,16.2,68.2,41.6,86.1,57.1,209.7,153.4,162.3,40.3,27.1,29.2,57.0,96.0,233.6,226.7,317.9,74.4,259.1,204.2,275.3,117.2,390.3,314.6,390.3,190.3,616.8,550.7,514.0,135.8,259.1,215.6,335.2,169.4,305.3,354.4,198.9,411.2,416.7,642.5,571.1,411.2,522.7,604.7,685.3,790.7,1101,734.2,1468,126.9,331.6,180.3,314.6,190.3,434.3,400.5,434.3,581.8,881.1,790.7,1142,321.2,440.5,811.5,734.2,790.7,656.1,1713,1186,137.0,277.8,250.7,328.0,180.3,700.9,489.5,642.5,571.1,833.5,790.7,1101,390.3,752.1,1542,1233,656.1,1028,1401,642.5,268.1,371.5,656.1,1101,342.6,616.8,700.9,1542,1101,1340,1142,2803,771.0,734.2,1814,3084,1101,1713,1713,2803
202609062209,2026-09-06,22,09R,15:50,2026-09-06T15:40:20.310311+09:00,11.4,6.2,20.6,66.6,18.0,14.3,43.0,95.1,9.1,13.1,16.9,33.4,67.5,100.4,59.6,167.4,143.5,202.5,118.4,214.7,40.6,31.5,76.1,151.3,77.5,67.7,119.0,322.0,54.4,78.5,80.5,212.8,187.4,285.4,202.5,661.0,330.5,966.2,380.6,897.1,95.1,56.4,139.5,326.2,111.1,139.5,204.2,147.7,96.2,160.0,243.8,678.9,330.5,425.7,369.4,598.1,717.7,897.1,717.7,1256,27.4,46.0,60.2,82.6,60.6,120.7,180.7,270.1,96.9,248.7,282.2,502.4,137.2,205.9,276.0,310.1,166.3,302.6,584.2,433.1,411.8,502.4,317.9,512.6,661.0,717.7,523.3,1046,697.8,785.0,612.7,1004,433.1,661.0,697.8,697.8,738.8,1674,1256,966.2,398.7,380.6,483.1,1256,392.5,930.4,644.1,1932,1092,1092,1322,1395,717.7,785.0,1932,1477,1674,2093,1932,1092
202609060311,2026-09-06,03,11R,15:54,2026-09-06T15:44:24.435893+09:00,13.9,20.9,37.6,23.2,15.1,15.1,34.8,20.2,22.8,22.1,47.8,21.2,67.9,81.3,86.8,94.4,48.5,45.2,41.2,111.5,57.3,69.6,150.7,119.1,93.6,171.1,291.8,261.6,121.0,255.7,229.9,176.4,350.2,413.9,329.9,421.5,237.1,281.0,250.1,385.8,43.2,39.5,53.6,59.9,90.3,138.8,142.2,96.4,65.2,116.1,119.8,73.9,113.2,185.0,151.7,164.9,124.4,216.8,129.3,229.9,64.3,54.0,74.8,41.2,99.4,166.1,177.8,144.0,74.3,164.9,146.8,104.4,108.9,172.4,180.6,122.3,65.2,134.7,158.0,144.0,385.8,239.6,214.7,320.6,505.9,711.4,455.3,529.4,307.6,413.9,455.3,367.1,361.3,494.9,474.2,307.6,385.8,669.5,373.2,367.1,182.1,183.5,110.5,494.9,361.3,669.5,339.7,910.6,316.1,669.5,267.8,569.1,134.7,288.1,288.1,355.7,632.3,948.5,529.4,413.9
202609060211,2026-09-06,02,11R,15:55,2026-09-06T15:46:25.711835+09:00,12.9,18.7,36.8,64.9,10.4,7.7,15.7,38.2,20.2,12.9,28.6,50.8,52.7,37.5,53.1,103.8,155.0,109.4,138.0,168.9,77.8,96.5,143.3,272.5,104.7,166.8,229.9,409.9,205.7,287.4,426.4,513.4,274.0,320.5,426.4,600.9,539.6,695.8,600.9,944.3,39.4,22.5,39.2,81.3,78.4,102.4,139.1,162.2,35.6,97.7,101.8,134.2,82.5,143.3,148.9,208.1,224.0,372.4,254.2,523.5,66.6,46.8,85.1,133.5,164.2,221.2,222.1,309.2,59.3,167.3,149.3,184.2,124.1,176.8,184.2,225.9,287.4,383.2,375.0,440.6,211.5,113.4,177.4,290.5,347.9,352.5,485.1,476.4,148.5,309.2,357.3,494.2,242.5,574.8,455.8,480.7,357.3,581.1,637.1,652.8,562.5,383.2,622.1,744.8,714.6,1322,881.3,1149,534.1,927.7,574.8,1429,629.5,1016,881.3,1125,705.1,1036,1259,866.9
202609060702,2026-09-06,07,02R,15:57,2026-09-06T15:48:23.810390+09:00,81.8,84.3,164.9,133.1,56.2,26.5,47.2,31.8,51.7,26.6,26.4,14.1,110.4,74.3,54.9,46.2,83.6,40.0,23.3,43.1,188.1,203.2,325.1,288.1,252.9,344.8,446.3,220.9,220.9,188.1,329.8,129.3,446.3,555.1,517.3,446.3,334.7,583.6,182.1,494.8,130.8,53.3,85.8,66.9,234.6,183.5,164.9,96.8,71.3,172.4,79.5,51.1,140.5,234.6,127.8,117.9,119.8,223.1,63.7,129.3,97.2,51.3,31.0,20.0,172.4,270.9,234.6,134.6,70.0,299.5,137.1,74.3,48.5,160.2,158.0,30.7,21.8,81.8,55.6,24.3,291.8,183.5,185.0,137.1,446.3,583.6,541.9,379.3,334.7,421.5,303.5,264.6,182.1,355.6,307.6,68.9,145.9,311.8,320.5,84.3,250.1,101.6,50.1,128.6,334.7,484.3,350.1,632.2,212.7,541.9,164.9,413.8,49.9,203.2,108.9,53.1,130.8,517.3,361.3,83.3
202609060911,2026-09-06,09,11R,15:58,2026-09-06T15:48:23.810390+09:00,10.1,5.8,9.5,42.1,17.5,17.1,24.0,78.2,10.5,18.5,14.9,57.3,21.0,35.2,27.9,77.9,158.9,216.5,170.7,194.7,48.1,31.8,42.2,130.2,144.6,185.9,273.8,597.3,82.7,173.2,147.6,371.9,122.5,293.3,209.9,531.7,634.0,1179,993.9,1161,107.0,97.0,118.5,318.3,216.9,262.2,346.4,544.5,215.7,288.8,356.1,641.1,300.2,430.2,466.4,766.3,1063,1637,1179,1724,69.1,139.9,87.2,239.0,122.9,275.8,200.0,441.9,293.6,397.2,525.6,892.5,142.3,210.7,348.5,301.4,428.6,659.7,858.8,646.6,85.6,157.7,136.0,227.8,160.9,440.2,343.8,463.5,427.8,641.1,743.8,1197,247.1,356.1,611.8,580.6,657.8,1034,1591,1223,718.0,1094,1094,1230,1099,2253,1806,2088,1850,2709,2147,3034,1354,1850,2809,1698,1179,2188,2557,1537
202609060411,2026-09-06,04,11R,16:03,2026-09-06T15:54:24.621928+09:00,18.7,32.8,62.2,47.8,12.6,9.8,16.3,9.6,31.6,15.5,35.8,20.9,98.6,43.9,75.2,76.0,74.7,25.4,39.5,81.5,93.8,176.6,276.9,280.7,125.2,365.9,368.1,363.7,313.6,553.8,508.0,640.3,399.1,389.0,668.2,690.7,487.9,512.3,945.7,830.7,33.1,30.9,32.9,24.4,90.9,177.6,191.5,131.3,70.0,155.2,150.6,114.0,63.3,164.8,165.7,84.4,45.7,143.3,113.2,84.0,142.9,78.6,133.9,95.4,305.8,516.6,529.9,469.2,124.6,389.0,276.9,214.9,247.8,579.9,372.5,508.0,185.1,579.9,334.1,683.0,219.5,190.9,251.9,298.4,455.3,675.5,945.7,668.2,193.9,484.0,499.8,330.5,399.1,1041,740.6,853.8,396.6,758.9,508.0,991.5,251.9,96.2,157.6,302.8,627.3,668.2,917.5,1138,134.2,399.1,307.3,404.4,244.9,890.9,544.0,975.8,529.9,917.5,574.5,931.4
202609060103,2026-09-06,01,03R,16:06,2026-09-06T15:56:22.495900+09:00,66.0,118.3,85.6,134.1,69.9,17.1,24.4,22.0,102.4,29.8,53.5,56.5,71.9,51.4,66.0,102.4,162.7,48.7,100.9,138.4,101.6,158.7,134.1,123.9,197.2,180.7,194.2,333.7,114.1,188.6,200.2,194.2,164.7,188.6,137.0,289.2,236.6,371.8,228.3,394.4,58.3,19.7,23.5,23.7,149.6,125.1,100.9,82.9,33.1,107.5,59.1,42.2,52.4,122.7,83.4,80.3,48.2,185.9,61.3,103.3,86.7,41.3,45.0,51.0,203.3,132.8,102.4,144.6,43.1,132.8,87.3,70.7,51.0,91.0,78.4,97.8,125.1,122.7,109.3,153.1,125.1,93.6,78.4,78.8,194.2,175.8,185.9,206.6,105.8,115.1,175.8,169.0,119.4,216.9,191.4,162.7,169.0,382.8,224.4,216.9,175.8,93.6,206.6,255.2,309.9,464.8,565.9,542.3,137.0,394.4,135.5,232.4,309.9,419.8,158.7,382.8,295.8,500.6,289.2,333.7
202609061711,2026-09-06,17,11R,16:11,2026-09-06T16:02:26.426840+09:00,6.2,19.9,14.9,52.2,10.0,23.9,13.2,40.7,41.4,42.8,54.0,115.7,28.1,25.5,57.2,115.3,145.2,108.8,155.7,169.3,18.4,50.9,40.0,118.5,36.5,145.2,71.1,280.0,136.7,198.4,259.1,307.2,105.8,112.0,289.3,357.9,399.1,462.9,450.9,534.2,33.9,65.6,42.9,92.3,44.6,136.1,84.9,134.5,195.0,204.2,171.9,261.0,113.1,110.2,162.2,196.1,199.5,385.8,403.7,327.5,193.9,191.8,189.7,218.3,369.4,330.7,312.8,423.4,315.6,510.6,289.3,503.2,340.4,361.7,271.2,354.3,423.4,503.2,609.1,620.0,88.3,100.3,161.5,182.7,145.2,138.8,408.5,381.5,140.0,169.3,241.1,324.5,310.0,482.2,277.7,403.7,365.5,418.3,361.7,403.7,434.0,239.4,390.1,708.6,708.6,938.4,846.9,826.7,327.5,913.7,655.1,578.7,526.1,807.5,890.3,789.1,890.3,826.7,569.2,868.1
202609061203,2026-09-06,12,03R,16:13,2026-09-06T16:04:25.602378+09:00,13.3,11.4,45.7,21.0,41.1,43.0,117.4,65.2,23.3,45.8,122.8,65.1,166.0,184.2,125.6,211.7,77.5,118.4,125.6,253.7,13.7,8.0,56.0,22.8,37.3,41.6,116.9,70.0,16.3,36.9,56.9,34.0,152.8,206.8,153.6,210.1,59.4,131.1,69.6,231.8,96.7,149.4,160.0,199.2,110.2,120.5,194.8,99.6,280.1,169.1,363.4,420.2,289.1,292.3,363.4,597.6,498.0,507.4,471.8,960.4,46.8,136.5,108.8,100.3,41.3,97.7,112.9,66.7,298.8,184.2,320.1,455.8,151.9,180.4,263.6,235.9,166.0,128.0,420.2,407.4,222.2,218.6,271.6,455.8,277.2,498.0,373.5,584.6,584.6,527.3,640.3,726.8,363.4,389.7,655.9,867.5,672.3,689.5,960.4,1034,103.4,289.1,389.7,1222,105.4,210.1,206.8,790.9,707.7,480.2,996.0,1581,498.0,249.0,1034,840.4,625.4,814.9,927.3,1344
202609062210,2026-09-06,22,10R,16:17,2026-09-06T16:08:22.563003+09:00,16.7,29.7,46.9,60.8,14.0,10.2,19.9,35.3,25.9,18.7,21.3,33.9,91.3,52.9,51.7,74.8,107.0,86.5,74.8,97.5,51.8,90.4,123.6,146.3,76.5,137.3,223.6,242.7,164.5,156.7,148.5,189.6,209.5,292.7,245.7,510.4,311.0,280.4,226.2,523.9,40.9,30.0,40.2,69.6,59.9,99.0,135.4,98.0,53.5,80.6,50.0,68.4,138.2,153.1,82.2,108.7,158.0,211.7,131.8,176.1,123.6,65.0,78.6,119.2,189.6,170.1,191.4,218.7,92.1,147.4,74.5,102.6,110.6,170.1,95.2,155.5,311.0,189.6,216.3,221.2,272.7,187.8,199.0,311.0,361.9,284.4,280.4,452.4,239.8,170.1,177.7,355.5,223.6,239.8,148.5,265.4,414.7,497.7,306.2,321.1,284.4,179.3,368.6,538.0,326.3,382.8,343.2,485.5,355.5,442.4,311.0,390.3,390.3,337.4,292.7,423.5,497.7,553.0,603.2,442.4
202609061112,2026-09-06,11,12R,16:20,2026-09-06T16:10:20.147074+09:00,10.7,20.2,16.2,42.2,11.2,22.1,10.0,29.6,31.8,43.0,29.5,55.8,19.3,18.6,41.6,26.3,88.4,89.6,138.6,77.9,56.0,81.2,68.8,135.1,116.7,339.2,266.3,453.3,144.6,406.4,374.2,496.3,144.1,339.2,496.3,386.4,346.6,812.9,841.9,628.6,54.3,71.4,34.4,70.6,110.4,243.0,217.2,186.3,173.9,285.7,198.9,209.5,61.8,166.0,193.2,98.8,200.6,466.8,396.2,220.3,117.2,151.6,89.8,147.8,217.2,368.3,312.2,389.6,314.3,410.0,298.4,403.0,123.7,239.3,269.4,148.7,336.7,444.8,561.3,357.2,79.2,59.6,130.9,77.9,126.7,266.3,428.6,279.0,93.7,292.8,322.9,231.1,194.8,386.4,377.2,245.5,150.6,314.3,298.4,285.7,359.9,282.3,589.3,282.3,420.9,507.0,748.4,748.4,486.0,841.9,654.8,403.0,982.3,1047,1209,772.9,304.2,841.9,529.7,568.0
202609060703,2026-09-06,07,03R,16:23,2026-09-06T16:14:19.324118+09:00,83.2,175.4,116.4,149.1,42.8,41.5,10.2,16.6,173.3,108.8,126.3,142.0,127.4,31.3,95.5,51.4,144.7,43.4,142.0,78.4,186.3,324.1,244.4,317.2,179.6,232.9,216.0,298.2,355.0,286.7,451.8,292.3,236.6,271.0,426.0,338.8,298.2,497.0,355.0,451.8,34.2,28.8,10.3,14.9,112.9,93.7,79.7,58.0,60.6,113.8,44.1,48.0,17.3,56.4,40.9,18.6,34.5,116.4,53.4,30.7,232.9,191.1,129.6,179.6,331.3,240.4,310.6,169.4,216.0,276.1,120.2,184.0,162.0,292.3,153.7,331.3,317.2,160.3,236.6,310.6,201.4,66.2,210.0,114.6,229.3,317.2,596.4,281.3,61.3,158.6,143.3,96.8,266.2,382.3,207.0,317.2,173.3,317.2,150.6,355.0,236.6,75.6,451.8,162.0,451.8,621.2,621.2,514.1,96.1,451.8,392.3,134.3,710.0,573.4,552.2,621.2,257.0,573.4,244.4,677.7
202609060312,2026-09-06,03,12R,16:25,2026-09-06T16:16:17.939170+09:00,6.1,5.0,18.6,,8.9,9.8,19.5,,9.5,14.8,24.1,,40.2,47.9,49.8,,,,,,32.7,35.8,78.2,,77.9,168.3,192.8,,86.0,226.8,225.5,,198.7,318.7,303.6,,,,,,37.9,42.9,55.0,,79.3,146.6,164.1,,94.9,150.6,143.3,,176.0,205.1,186.2,,,,,,75.1,116.5,123.6,,122.4,224.2,267.8,,160.0,230.9,221.6,,161.3,279.4,236.5,,,,,,198.7,260.5,205.1,,253.7,428.4,464.6,,353.7,453.6,287.7,,313.5,453.6,321.3,,,,,,,,,,,,,,,,,,,,,,,,,
202609060212,2026-09-06,02,12R,16:30,2026-09-06T16:20:21.487671+09:00,10.8,27.3,20.4,31.2,16.3,31.5,19.1,27.7,45.8,54.3,60.0,63.9,36.2,34.3,76.3,48.3,77.9,77.5,135.8,92.6,30.4,62.7,44.4,61.2,49.7,113.2,49.1,64.7,143.9,196.6,201.4,171.0,102.4,80.3,197.9,98.2,175.0,145.5,295.3,161.2,38.0,82.3,44.1,56.7,58.2,123.1,62.8,69.9,164.2,191.3,175.1,150.0,75.7,75.4,162.2,66.4,123.8,114.7,213.9,104.1,127.7,173.5,173.5,193.0,185.7,266.1,297.4,268.9,256.9,263.2,296.2,272.0,257.7,305.8,363.0,197.3,320.7,330.8,426.5,331.6,94.4,86.5,202.8,115.5,136.5,122.6,304.8,156.7,118.6,121.5,283.7,125.9,322.9,379.1,441.1,272.0,156.4,173.1,148.3,260.0,211.5,247.9,425.8,310.8,288.9,255.1,524.4,271.2,320.3,273.1,520.6,264.4,569.8,576.8,671.1,537.4,342.8,291.3,269.9,453.1
202609060104,2026-09-06,01,04R,16:33,2026-09-06T16:24:24.696280+09:00,26.8,17.1,48.0,109.9,54.3,79.9,113.2,233.4,32.6,82.5,77.8,206.1,87.6,139.4,89.3,423.6,190.6,204.2,213.8,423.6,41.0,15.5,47.1,107.9,55.5,27.9,80.5,217.8,21.1,33.7,28.5,43.5,95.3,105.9,60.2,231.0,326.8,309.1,168.2,289.5,84.4,76.0,85.0,105.4,85.6,45.7,77.2,112.6,94.9,43.6,102.5,226.5,132.2,123.6,133.0,262.9,168.2,309.1,243.3,313.3,29.6,80.8,47.6,101.2,29.0,31.3,34.9,32.4,87.6,58.8,113.8,174.6,62.1,51.5,98.1,101.6,206.1,103.9,248.6,161.1,177.3,259.9,129.2,161.1,162.2,202.4,101.2,211.8,219.9,162.2,233.4,401.3,152.5,118.5,228.7,189.0,313.3,275.6,448.5,233.4,313.3,238.3,394.4,544.6,486.7,466.8,272.3,336.4,557.9,532.0,586.5,544.6,423.6,309.1,586.5,305.0,602.0,351.9,508.3,309.1
202609060912,2026-09-06,09,12R,16:35,2026-09-06T16:26:21.752917+09:00,5.6,7.1,6.4,22.7,13.1,21.8,20.3,54.9,18.9,33.6,31.4,65.2,16.3,30.9,40.6,50.6,82.8,155.9,161.5,114.4,30.4,34.6,25.7,69.8,104.1,232.3,178.2,481.7,147.0,320.3,228.6,375.0,86.2,196.1,235.5,276.9,329.4,993.4,762.9,547.4,114.8,194.5,174.6,359.1,179.9,420.5,355.8,634.6,463.7,658.4,676.8,1084,406.7,534.2,834.1,1031,1088,1866,1721,1998,189.5,416.0,287.1,549.7,321.7,985.7,760.6,1132,705.8,1091,1246,1597,504.6,892.5,1174,987.6,1091,1826,2370,1644,93.7,220.5,268.6,260.1,137.6,467.5,572.6,479.8,523.7,810.2,1381,1617,572.6,993.4,1381,1286,496.2,902.0,1544,1431,412.3,1019,1277,682.2,662.7,2177,2265,2055,1887,2450,2879,2831,2132,2682,3205,2784,842.3,1960,2879,2306
202609060412,2026-09-06,04,12R,16:38,2026-09-06T16:28:21.179319+09:00,18.6,6.7,11.9,43.9,26.4,25.8,31.9,72.0,7.5,19.5,7.6,26.8,13.5,27.2,11.6,26.7,106.4,132.4,68.5,69.9,179.1,97.6,163.2,407.2,371.3,497.7,602.2,853.2,157.8,497.7,289.0,628.7,268.4,504.7,523.1,843.2,617.8,1119,1085,1054,246.2,199.0,265.4,508.3,400.4,346.2,344.5,293.7,344.5,578.0,645.6,754.4,391.6,477.8,695.8,995.4,1023,1156,1023,1009,74.0,162.8,71.3,209.5,154.4,431.7,269.4,450.7,336.4,779.0,895.9,907.2,118.8,306.2,573.3,459.4,429.1,669.8,1156,770.6,105.8,176.0,83.7,150.8,233.4,651.5,501.2,381.2,477.8,762.4,1069,1038,147.4,381.2,645.6,481.0,365.6,657.5,981.8,787.6,796.3,702.6,508.3,651.5,1085,1558,1174,1023,1405,1666,1023,1628,628.7,1279,1235,1303,723.9,1257,1628,1303
202609061204,2026-09-06,12,04R,16:45,2026-09-06T16:36:22.707689+09:00,17.4,54.3,14.7,114.5,35.2,61.4,36.0,148.7,102.7,186.3,123.4,316.4,21.8,46.7,105.7,142.9,299.8,255.6,453.1,352.8,19.2,62.4,19.2,108.3,16.8,57.3,14.4,123.8,120.4,104.6,103.5,204.5,18.5,18.9,82.7,94.2,365.8,297.5,365.8,276.9,49.9,114.9,48.8,178.0,45.4,82.9,24.5,118.6,253.9,166.8,147.6,438.2,61.8,33.8,102.5,187.2,463.6,546.2,517.8,406.9,168.9,249.2,138.9,264.0,181.2,162.7,148.7,262.3,383.4,229.1,235.9,675.8,185.4,196.4,214.3,299.8,675.8,448.0,1077,699.6,30.2,81.8,246.1,212.1,47.6,33.1,133.3,113.2,96.5,42.9,249.2,226.5,276.9,244.6,282.8,398.7,299.8,192.6,365.8,538.8,613.5,376.2,1107,813.8,848.4,664.6,927.3,569.6,687.5,687.5,1424,906.3,1375,1022,1375,1107,712.0,595.1,949.4,1139
202609061712,2026-09-06,17,12R,16:50,2026-09-06T16:40:22.764072+09:00,12.8,6.2,14.6,31.5,21.1,17.9,30.4,44.9,7.4,14.6,11.3,20.7,25.0,39.2,26.3,47.4,80.4,97.7,70.4,100.9,91.4,61.9,105.9,179.7,214.5,449.1,605.1,863.2,138.1,392.8,380.2,459.0,313.1,591.8,580.8,771.3,653.4,1051,918.0,1206,138.6,121.3,150.9,238.2,252.9,450.2,475.2,517.0,246.6,488.8,371.2,517.0,377.9,537.7,481.3,667.3,547.0,1034,896.1,940.9,48.9,99.6,55.5,96.4,113.7,320.0,266.5,350.4,253.6,483.8,384.0,504.5,120.3,242.5,261.7,209.1,291.3,522.7,591.8,461.2,204.3,258.5,161.8,283.8,386.4,712.8,611.0,825.4,485.0,859.3,603.2,960.1,213.8,527.1,448.0,449.1,530.1,784.1,990.5,807.7,518.4,465.8,534.6,811.2,832.7,1316,1168,1297,818.2,1581,1254,1306,694.4,1154,1230,1011,945.7,1436,1214,1126
202609060704,2026-09-06,07,04R,16:52,2026-09-06T16:42:21.169929+09:00,62.2,48.1,150.1,117.7,39.3,20.3,57.1,46.6,22.6,14.0,44.3,21.3,201.4,210.6,128.3,314.5,175.3,116.5,80.8,234.3,125.4,150.1,488.6,314.5,137.5,203.2,417.5,389.2,164.0,205.0,370.4,167.6,574.1,620.6,499.2,717.6,468.6,850.5,306.2,1148,71.5,33.9,100.7,94.1,112.5,132.7,205.0,123.4,30.0,74.3,66.3,42.1,182.2,252.3,170.1,270.1,183.7,267.0,120.2,310.3,22.6,15.5,26.4,16.0,47.8,87.6,135.8,65.4,19.6,56.2,40.8,27.2,57.8,107.8,100.2,55.2,25.4,55.2,41.1,57.8,417.5,364.5,283.5,353.3,425.2,534.0,450.3,510.3,534.0,604.3,441.6,546.8,310.3,620.6,410.1,302.1,546.8,740.8,675.4,468.6,410.1,183.7,173.9,620.6,675.4,883.2,370.4,1275,302.1,820.2,255.1,675.4,173.9,328.0,276.6,468.6,717.6,1350,1148,546.8
202609062211,2026-09-06,22,11R,16:56,2026-09-06T16:46:18.548618+09:00,8.5,32.4,11.9,29.2,14.5,30.6,15.8,42.1,48.0,57.6,52.9,86.1,19.4,26.8,53.6,40.6,46.8,70.2,98.8,63.2,25.6,67.0,32.4,75.8,42.4,85.8,53.3,96.3,138.7,184.1,182.7,169.3,69.0,69.4,196.9,213.3,145.0,308.5,171.7,293.5,54.6,80.3,70.5,135.3,76.4,200.1,114.7,178.0,163.0,243.4,278.3,366.9,119.8,117.8,205.2,240.9,281.6,336.3,400.3,329.5,216.2,175.5,198.5,345.9,288.3,400.3,410.5,244.6,219.1,556.7,403.6,637.3,295.3,366.9,448.5,456.9,470.2,208.7,576.6,461.3,81.5,121.4,200.1,155.7,108.3,161.4,300.8,260.4,173.6,165.8,465.7,366.9,343.5,358.8,515.3,436.3,259.0,257.6,393.8,504.5,104.8,161.4,266.1,245.8,131.9,217.2,151.3,230.6,283.2,474.8,722.9,461.3,361.4,207.8,479.5,499.3,306.5,341.1,465.7,556.7
202609060105,2026-09-06,01,05R,17:01,2026-09-06T16:52:19.363128+09:00,32.9,28.4,86.7,102.4,60.8,39.4,126.9,138.5,20.4,28.8,65.0,59.4,104.6,152.3,94.1,369.4,193.5,183.3,129.6,468.8,57.7,39.4,106.0,89.6,106.9,53.0,150.5,196.6,29.7,34.5,94.5,75.4,219.6,259.3,146.8,427.7,297.3,468.8,189.0,658.9,88.3,50.0,76.1,107.8,106.4,49.4,117.7,118.9,44.4,44.4,91.6,109.3,210.1,193.5,243.8,338.6,206.6,223.6,239.0,594.6,15.2,18.1,43.9,41.6,23.7,21.7,66.6,43.1,24.1,24.7,94.8,62.5,63.8,94.8,113.9,110.8,79.1,74.1,111.3,132.5,198.2,297.3,138.5,169.3,225.7,259.3,243.8,387.0,304.7,297.3,380.9,580.5,179.2,290.2,393.2,369.4,325.0,594.6,580.5,406.3,259.3,227.8,280.2,567.0,478.0,696.6,427.7,870.7,609.5,530.0,387.0,554.1,297.3,283.5,333.9,420.3,738.8,497.5,717.0,580.5
202609061205,2026-09-06,12,05R,17:10,2026-09-06T17:00:41.172372+09:00,15.0,18.5,62.4,11.5,19.8,17.8,80.6,16.9,28.4,49.3,108.4,25.8,122.5,104.9,84.0,113.0,15.3,21.7,26.1,87.2,64.2,57.3,106.3,46.5,129.4,115.5,165.5,170.7,112.2,107.7,184.5,105.6,195.7,219.9,236.0,302.9,113.0,258.9,167.2,291.9,143.3,93.3,97.8,92.8,180.3,122.5,158.9,92.2,297.3,167.2,364.8,297.3,180.3,222.9,203.2,422.4,170.7,411.6,254.8,668.9,52.8,99.7,73.3,35.6,89.1,142.0,160.5,91.7,155.8,162.1,341.5,308.7,131.5,258.9,258.9,349.0,75.7,139.6,302.9,373.3,258.9,174.5,154.3,239.6,205.8,391.5,232.6,553.6,236.0,364.8,553.6,458.7,211.2,373.3,535.1,729.7,243.2,535.1,944.3,698.0,46.2,60.8,80.6,219.9,113.8,180.3,214.0,433.9,157.3,267.5,373.3,668.9,117.1,211.2,349.0,594.6,276.8,617.4,944.3,594.6
202609060705,2026-09-06,07,05R,17:19,2026-09-06T17:10:23.717433+09:00,122.2,108.7,265.0,240.7,99.8,14.6,56.1,44.3,57.1,10.6,24.9,14.0,284.1,144.0,94.9,182.3,233.6,84.7,62.5,180.2,223.6,252.3,432.0,700.8,321.8,300.3,553.3,618.4,289.3,281.6,525.6,358.4,534.5,457.0,750.9,788.4,671.0,901.1,573.4,1261,225.2,37.6,115.5,108.7,339.1,200.8,271.8,180.2,43.5,186.6,68.2,38.3,286.7,438.0,191.1,240.7,230.2,716.8,126.6,309.2,61.3,12.1,17.2,10.6,160.9,147.3,240.7,172.3,21.6,160.1,39.2,26.6,32.1,162.5,58.2,26.8,24.2,126.6,33.8,35.4,500.6,426.2,240.7,350.4,438.0,733.4,618.4,700.8,643.6,671.0,358.4,438.0,233.6,808.7,328.5,177.1,750.9,985.6,432.0,260.6,470.7,193.4,168.6,470.7,927.6,927.6,733.4,1855,457.0,1017,226.9,508.7,153.1,573.4,179.2,225.2,685.6,1051,685.6,286.7
202609062212,2026-09-06,22,12R,17:25,2026-09-06T17:16:20.032231+09:00,7.7,11.8,16.7,24.3,11.0,9.3,14.6,18.9,15.1,14.6,15.0,18.9,30.1,28.9,31.2,33.1,64.4,50.3,51.8,58.7,109.7,173.6,204.7,253.9,213.5,726.4,861.1,942.2,398.8,861.1,802.6,643.7,395.2,1057,1083,855.4,706.6,1057,769.4,1057,106.2,100.1,123.3,145.1,183.1,454.6,695.3,469.4,196.7,376.8,426.3,397.6,305.2,764.8,528.5,628.1,439.2,1040,792.8,1111,160.9,163.5,112.8,141.6,343.9,673.7,637.3,572.8,313.3,684.3,666.8,593.7,197.3,541.7,677.2,366.2,328.3,628.1,788.0,604.7,207.0,262.6,215.9,220.7,469.4,1160,949.1,985.0,483.3,1238,1074,1065,328.3,849.8,1182,855.4,513.9,1023,1192,1000,389.3,374.7,443.7,502.0,807.6,1444,1182,1461,734.6,1645,1413,1940,783.3,1160,1398,1215,677.2,1461,1805,1354
202609060106,2026-09-06,01,06R,17:28,2026-09-06T17:18:22.169281+09:00,7.2,14.1,27.3,57.6,8.0,7.7,15.6,25.0,20.0,17.8,40.5,50.3,46.2,36.1,64.1,104.5,109.6,64.9,84.6,153.0,68.3,128.8,135.6,160.7,131.4,206.7,313.5,597.7,173.8,229.0,326.9,364.3,242.1,311.0,301.2,627.1,524.0,869.4,460.9,1275,40.0,47.5,53.8,77.1,101.7,136.6,165.6,190.3,99.1,166.3,263.8,260.2,125.4,245.2,311.0,287.6,157.4,579.6,394.3,538.8,118.8,121.4,125.8,164.8,262.0,155.5,218.6,239.1,144.9,196.1,306.0,350.9,161.4,256.7,292.0,367.8,338.5,267.5,570.9,429.8,186.6,162.7,185.7,184.8,233.2,371.4,429.8,588.5,194.1,429.8,597.7,750.1,321.4,546.5,617.0,538.8,394.3,1093,780.7,708.4,230.4,121.8,240.6,425.0,546.5,648.4,797.0,1234,292.0,869.4,671.1,780.7,439.7,750.1,484.2,1093,607.2,1093,797.0,889.6
202609061206,2026-09-06,12,06R,17:37,2026-09-06T17:28:17.270445+09:00,27.5,30.2,99.1,93.9,26.4,8.3,47.9,33.3,18.7,8.3,37.1,19.1,161.5,126.5,110.6,296.5,154.3,83.4,79.2,335.9,114.6,109.0,253.0,303.7,182.5,148.2,298.9,566.6,156.8,147.1,368.5,275.0,468.6,365.0,395.4,759.2,654.5,677.9,365.0,925.9,63.2,18.0,83.2,70.1,144.8,118.2,230.0,154.9,22.5,79.2,117.5,69.4,223.3,281.2,222.0,408.2,222.0,417.1,179.9,602.5,37.4,13.2,48.4,25.4,120.1,150.0,195.6,182.5,21.1,97.0,143.2,81.8,106.6,238.7,244.9,179.9,38.6,184.2,136.5,220.7,421.8,254.7,243.3,451.9,408.2,451.9,462.9,612.3,421.8,558.2,612.3,774.7,287.6,417.1,403.8,513.0,602.5,584.0,1084,690.2,462.9,237.2,265.4,903.8,973.4,807.7,654.5,999.0,365.0,730.0,506.1,1309,324.4,499.5,534.6,843.6,622.3,790.9,1309,949.0
202609060706,2026-09-06,07,06R,17:46,2026-09-06T17:36:21.935733+09:00,60.9,19.3,36.0,100.9,112.0,96.1,121.3,242.0,31.5,105.9,63.5,114.8,88.4,197.4,112.9,232.3,214.0,308.0,278.5,423.6,72.3,12.3,22.7,62.7,130.3,77.0,117.5,159.4,13.2,48.2,8.6,22.9,37.0,114.5,17.5,41.9,171.5,284.3,67.4,111.4,216.3,173.0,229.7,369.7,244.9,168.0,207.4,181.5,353.6,216.3,312.8,432.6,406.6,312.8,347.5,446.9,865.2,677.8,666.7,655.9,49.3,151.1,59.5,119.6,29.9,78.8,17.1,39.1,246.4,223.4,173.0,347.5,81.5,32.6,179.9,64.9,254.1,104.5,350.5,120.6,173.7,406.6,195.5,322.7,135.1,239.2,62.4,99.1,580.9,446.9,514.7,655.9,185.7,89.5,446.9,181.5,402.6,180.7,502.0,272.9,484.1,336.1,655.9,767.3,616.1,739.4,206.4,350.5,1016,991.9,1232,753.1,884.1,254.1,1099,484.1,666.7,402.6,1070,508.3
202609060107,2026-09-06,01,07R,17:55,2026-09-06T17:46:22.457169+09:00,17.4,73.7,90.5,110.2,8.9,12.2,15.9,16.5,109.7,57.0,131.9,165.7,87.7,65.2,148.5,201.1,206.0,61.4,231.8,246.2,42.8,159.5,178.3,162.6,46.0,137.5,195.8,167.3,252.2,245.0,407.1,349.3,281.0,285.6,337.9,671.5,388.7,349.3,377.4,771.7,11.7,15.8,17.5,16.4,27.1,75.3,89.9,61.1,38.5,76.7,59.5,63.5,48.9,120.5,90.3,81.4,41.3,121.6,106.3,107.4,232.9,125.5,146.4,251.0,430.8,215.4,284.1,282.5,123.9,239.3,231.8,267.9,163.1,309.6,232.9,340.1,410.3,317.2,403.9,470.0,241.6,147.3,216.3,226.7,337.9,416.9,502.0,646.3,162.0,385.8,319.1,361.5,327.2,630.5,497.1,527.6,377.4,876.3,487.8,594.3,315.2,145.6,461.6,562.0,622.9,474.3,771.7,1360,220.9,427.3,511.9,555.9,833.9,708.3,689.4,876.3,662.9,1520,680.3,760.4
202609061207,2026-09-06,12,07R,18:04,2026-09-06T17:54:23.627725+09:00,38.5,71.5,153.3,121.2,17.8,3.6,16.3,17.6,38.6,6.3,28.4,31.4,143.2,62.6,81.6,163.5,168.0,46.3,61.9,155.2,192.2,281.3,420.0,441.2,369.4,378.5,461.1,776.3,333.3,367.2,766.6,528.6,696.9,573.1,817.7,1022,786.2,989.1,595.4,1202,81.8,13.2,38.7,45.0,222.2,209.3,333.3,283.9,37.3,169.4,120.2,138.7,172.2,350.4,237.7,403.4,99.3,344.5,187.5,673.9,139.3,32.1,62.0,107.9,428.8,354.4,373.9,406.1,65.9,260.9,198.4,251.3,192.8,519.7,278.7,385.7,227.9,471.7,400.8,619.4,524.1,220.6,285.2,519.7,638.8,840.1,943.5,1179,297.7,747.9,607.2,806.9,317.7,696.9,502.6,766.6,817.7,1226,1277,1202,434.9,90.7,191.6,601.2,817.7,796.4,757.1,1135,123.3,766.6,454.2,929.2,342.6,542.7,482.8,1039,786.2,1362,1157,1135
202609060707,2026-09-06,07,07R,18:13,2026-09-06T18:04:23.370075+09:00,14.4,33.4,40.5,242.0,8.6,7.1,9.5,108.8,48.5,20.3,54.3,187.7,59.6,31.1,73.5,299.8,361.9,224.4,372.0,409.9,66.9,159.4,152.1,489.9,84.0,129.6,152.7,521.7,217.1,198.9,280.9,502.2,244.9,236.3,379.0,758.0,758.0,1057,669.6,1255,20.8,13.8,18.2,123.2,49.5,80.0,94.5,184.3,32.7,72.2,54.5,286.9,54.0,113.1,86.7,365.2,496.0,717.4,637.7,535.7,157.5,52.5,75.5,297.6,212.5,135.7,206.0,324.0,57.5,149.3,93.4,214.8,108.8,229.5,107.1,273.3,451.4,382.6,297.6,329.3,237.7,101.9,176.9,508.5,311.4,355.5,456.5,528.6,115.1,313.8,202.9,618.1,217.1,472.6,226.9,608.7,704.8,1057,680.9,837.0,854.8,365.2,892.8,892.8,1255,1116,979.9,1746,730.5,1030,1116,1217,1116,772.6,1057,1607,934.3,2008,1255,1674
202609060108,2026-09-06,01,08R,18:23,2026-09-06T18:14:26.267394+09:00,17.6,70.5,8.0,25.5,33.1,109.2,19.9,62.2,129.4,166.3,106.1,165.7,7.1,14.7,52.3,11.3,41.8,71.4,181.4,29.0,69.2,158.9,38.6,73.5,146.7,309.3,221.5,380.9,196.9,336.4,387.3,411.5,69.7,201.2,293.5,188.8,269.5,649.1,451.8,333.9,104.0,187.3,84.5,152.6,162.8,254.6,177.2,215.3,368.7,293.5,443.1,451.8,127.3,242.5,343.9,326.8,264.8,562.0,562.0,583.4,177.2,257.4,116.0,235.1,351.8,230.4,251.8,267.9,374.7,434.8,438.9,529.7,155.1,299.2,349.1,333.9,470.3,351.8,731.5,443.1,20.6,46.0,91.2,24.9,48.2,161.7,240.0,111.5,123.5,201.2,343.9,288.0,220.5,404.2,555.2,393.9,55.8,109.2,196.9,238.8,211.4,245.1,377.7,113.5,329.2,590.8,755.5,562.0,562.0,823.0,768.1,698.3,677.7,768.1,980.6,709.0,128.0,475.1,622.8,667.9
202609061208,2026-09-06,12,08R,18:33,2026-09-06T18:24:22.343718+09:00,13.4,8.0,125.2,50.2,23.4,16.9,113.1,65.9,7.7,13.8,94.3,26.4,184.5,182.0,184.5,300.5,126.7,162.6,88.9,450.7,53.5,26.8,195.0,142.4,108.2,99.8,359.4,364.1,35.4,66.0,258.1,121.1,413.4,374.0,495.4,1122,426.2,513.9,261.8,1057,88.8,70.0,174.0,212.3,139.5,99.9,303.8,245.4,104.1,105.1,433.0,236.0,325.3,404.3,312.4,743.1,416.6,662.5,319.7,1122,14.3,23.0,60.4,33.0,25.6,36.4,117.2,68.3,56.2,50.4,175.1,175.1,202.1,327.3,287.9,339.4,76.9,87.5,150.2,266.9,450.7,321.5,312.4,597.7,474.0,604.3,486.6,981.9,513.9,646.9,872.8,948.1,364.1,447.0,578.8,670.6,901.5,1341,1170,1078,474.0,323.4,307.2,1341,743.1,820.7,447.0,1527,495.4,733.2,763.7,1666,337.3,317.8,774.5,1170,932.0,1896,1195,1145
202609060708,2026-09-06,07,08R,18:43,2026-09-06T18:34:22.710334+09:00,15.1,17.0,20.1,43.7,44.8,106.1,83.9,234.8,50.5,116.6,112.2,158.4,49.3,97.9,134.4,207.8,149.4,227.8,304.8,328.1,9.8,10.9,11.3,20.9,24.1,31.9,41.6,74.0,21.2,41.6,28.4,30.7,30.2,51.7,52.3,61.1,85.8,155.1,73.2,120.1,131.6,229.3,215.6,423.3,103.6,139.9,195.4,257.8,493.4,282.2,519.6,635.0,420.7,344.6,523.5,788.3,939.5,826.3,1088,1106,83.6,230.1,113.5,173.2,81.7,159.8,97.1,99.9,434.1,291.8,403.4,635.0,145.9,119.9,331.3,144.7,243.2,135.8,451.2,179.0,162.5,336.2,291.8,428.6,123.8,282.2,196.5,300.8,408.2,483.0,857.3,1055,374.8,254.9,653.2,410.7,679.1,557.6,966.0,653.2,389.7,479.6,737.5,788.3,374.8,596.4,265.8,641.0,1143,979.8,902.4,1595,806.9,303.4,1247,729.6,966.0,890.7,1558,939.5
202609060109,2026-09-06,01,09R,18:54,2026-09-06T18:44:23.262644+09:00,85.0,154.4,155.0,135.7,109.3,127.5,160.9,65.9,214.0,190.0,279.5,164.3,180.0,222.4,243.4,277.6,125.8,86.1,148.2,240.0,128.3,194.0,259.8,156.7,129.1,52.7,146.7,37.9,185.1,83.6,239.3,78.1,346.8,289.0,329.3,341.2,206.2,46.5,82.0,233.4,95.7,104.0,119.1,65.8,101.2,35.3,104.0,25.1,94.2,34.7,56.4,19.7,178.1,139.3,105.9,79.4,52.8,18.8,15.7,40.7,204.2,206.2,181.1,160.3,247.0,84.8,231.5,107.8,151.4,64.0,102.8,45.1,192.2,251.4,180.4,151.7,173.0,86.0,44.0,143.5,333.2,306.7,277.6,265.5,414.5,377.6,472.0,477.3,314.7,320.6,267.2,214.0,386.2,505.7,339.8,346.8,334.5,435.7,218.4,319.4,91.0,66.6,129.7,199.0,115.9,27.7,47.0,143.2,51.1,20.6,15.3,50.5,147.2,46.3,29.5,124.4,274.9,284.1,121.7,225.3
202609061209,2026-09-06,12,09R,19:04,2026-09-06T18:54:20.892480+09:00,28.8,9.8,34.5,13.6,53.7,49.1,84.8,69.0,9.4,37.6,24.3,10.2,65.2,115.1,59.5,60.9,20.9,91.0,18.6,65.4,103.5,54.3,137.7,51.4,297.7,363.0,436.6,687.4,83.8,288.4,287.2,122.3,292.4,512.8,408.9,419.6,94.4,694.8,189.5,478.6,207.7,172.3,192.8,263.7,328.0,261.6,403.8,351.1,328.0,288.4,534.0,427.9,353.1,451.8,557.0,576.9,552.3,1009,646.2,885.2,26.1,84.2,40.8,21.5,65.3,194.6,166.5,76.0,265.9,274.9,411.5,442.6,84.4,213.2,357.0,121.6,41.6,83.4,359.0,141.7,252.4,318.3,197.6,231.6,340.1,788.0,504.8,547.6,482.2,817.9,873.2,817.9,223.6,382.3,710.1,293.7,249.5,414.2,673.1,343.7,57.9,226.7,59.7,234.9,85.7,702.3,167.8,673.1,508.8,1009,718.0,950.3,88.1,171.8,543.0,398.8,299.1,666.1,797.7,430.8
202609060709,2026-09-06,07,09R,19:14,2026-09-06T19:04:24.715754+09:00,17.1,10.8,8.9,13.6,48.4,90.2,72.3,108.1,37.6,125.4,72.1,83.2,27.2,81.1,71.5,65.5,55.2,114.6,132.9,105.3,25.5,16.1,12.5,17.4,98.0,140.4,143.1,149.1,39.3,153.0,64.2,63.4,36.3,145.2,81.6,55.4,51.3,162.5,111.8,96.6,141.4,182.9,138.8,220.7,169.9,237.4,251.3,186.9,349.8,293.2,339.9,356.1,270.7,347.8,396.2,373.9,406.9,507.0,463.7,507.0,111.8,311.5,163.4,202.8,113.9,263.5,144.1,139.1,478.6,456.6,349.8,580.8,196.7,200.0,396.2,209.1,358.2,190.5,511.3,326.9,71.9,185.7,169.4,140.1,82.2,262.3,167.1,132.0,343.8,391.0,490.3,650.2,297.6,254.5,569.7,289.0,215.9,207.0,471.0,385.9,136.9,305.2,418.3,318.2,133.8,406.9,249.2,268.2,529.4,548.8,616.7,586.5,695.6,347.8,980.7,695.6,328.7,347.8,720.8,580.8
202609060110,2026-09-06,01,10R,19:25,2026-09-06T19:16:22.291029+09:00,21.0,49.2,32.2,101.8,22.6,33.2,17.1,75.0,76.9,65.1,68.1,121.0,36.9,27.7,69.3,97.9,211.7,197.9,240.1,219.7,49.1,84.1,64.4,159.8,60.5,61.8,43.8,172.0,130.3,116.0,86.9,213.0,95.8,79.0,102.9,213.0,459.6,339.1,276.1,401.5,34.9,45.7,23.7,76.3,50.7,57.1,36.0,88.4,87.1,67.9,51.0,101.1,40.1,48.1,61.7,77.8,195.7,182.4,218.3,188.8,115.8,111.7,72.7,146.4,140.0,106.9,108.4,168.7,162.1,128.9,108.3,238.4,82.4,95.4,84.7,95.8,296.0,232.9,342.5,211.0,65.3,47.9,85.3,107.4,114.7,77.9,137.5,187.3,59.5,75.9,96.9,160.9,134.1,153.9,114.9,158.0,209.1,272.9,226.1,219.0,363.9,253.1,439.4,375.6,475.3,329.5,311.9,383.9,413.4,373.6,379.7,394.7,592.1,447.8,488.6,436.6,418.3,408.6,453.7,431.3
202609061210,2026-09-06,12,10R,19:36,2026-09-06T19:26:21.636217+09:00,7.4,5.8,30.1,38.2,16.6,14.6,39.5,61.5,9.1,14.6,28.3,36.7,97.3,101.9,97.4,165.9,105.1,158.3,98.0,217.0,30.3,25.0,71.9,90.9,104.9,111.9,247.6,311.3,66.7,98.3,215.2,189.2,321.5,430.5,450.1,613.8,296.2,511.1,272.3,768.2,105.6,93.1,169.7,207.2,179.4,154.7,409.8,379.5,174.0,146.1,392.3,463.1,422.0,532.3,605.1,897.1,605.1,890.9,728.9,1257,32.9,53.0,64.3,90.0,71.2,103.2,169.2,160.1,133.5,118.6,304.0,380.6,137.6,208.6,278.2,227.4,203.9,208.2,499.2,388.7,328.9,324.7,287.0,503.1,487.8,763.6,593.9,1034,572.7,657.9,866.8,1257,403.4,530.1,782.2,647.9,728.9,1002,1210,849.6,200.7,319.9,288.9,697.2,285.7,593.9,399.6,866.8,671.7,872.7,964.6,1295,411.2,394.7,855.3,986.8,916.3,1491,1757,1245
202609060710,2026-09-06,07,10R,19:47,2026-09-06T19:38:17.860727+09:00,9.7,17.5,5.0,73.5,15.8,36.3,11.9,95.5,39.0,62.4,31.6,109.8,6.0,11.0,21.7,34.0,212.5,212.9,190.2,149.1,100.6,156.2,56.6,324.1,259.0,604.4,338.3,991.9,388.1,644.7,460.5,778.9,111.9,290.1,341.3,518.1,853.3,1415,943.5,1074,178.2,261.3,117.9,408.6,324.1,623.9,385.5,547.4,586.1,841.0,644.7,1045,184.8,384.3,453.3,655.7,1184,1247,1115,1415,217.7,346.4,149.3,393.4,466.1,674.7,446.3,598.2,834.9,1115,648.3,1334,204.3,385.5,518.1,415.9,899.6,641.2,1349,853.3,28.3,43.2,80.2,85.8,60.9,158.7,229.3,196.7,135.7,192.7,487.6,560.6,183.3,320.6,441.2,413.0,209.1,319.7,423.5,489.7,859.7,743.9,1234,627.3,1018,1365,1289,1304,1732,1813,1902,1568,1568,1634,2001,1934,694.9,1184,1450,1469
202609060111,2026-09-06,01,11R,19:58,2026-09-06T19:48:24.136773+09:00,23.8,10.4,25.3,81.8,44.0,30.1,68.2,119.1,11.7,22.3,26.9,58.2,43.6,91.0,57.6,187.1,188.5,226.5,170.6,344.4,56.1,20.3,39.0,131.6,140.2,118.2,214.7,479.2,33.8,80.4,55.2,119.4,74.6,179.7,85.9,264.2,382.3,748.7,366.7,460.7,114.7,71.4,137.8,164.8,177.9,146.3,217.3,340.1,97.0,133.7,161.1,301.1,265.5,314.3,231.8,539.1,343.3,989.2,626.8,1239,18.9,38.9,27.0,48.3,30.5,77.4,49.1,92.2,89.8,129.7,133.9,216.5,40.1,49.8,98.2,76.6,127.0,141.6,263.6,160.6,79.1,186.8,95.8,183.3,91.4,252.5,141.8,287.5,347.8,451.1,306.3,754.0,116.1,135.6,243.4,250.1,363.0,481.3,829.4,394.9,396.4,361.8,419.5,619.6,570.5,921.5,619.6,906.1,579.7,1184,954.2,1268,399.3,582.8,898.5,748.7,754.0,971.4,1347,764.7
202609061211,2026-09-06,12,11R,20:07,2026-09-06T19:58:24.947955+09:00,4.6,7.3,12.6,53.3,11.7,16.5,20.2,78.8,16.7,26.3,32.7,81.7,30.3,41.1,56.8,125.5,169.1,236.1,219.1,249.9,29.1,35.6,46.9,128.0,67.7,110.1,115.3,271.0,101.1,157.4,179.4,325.9,149.7,231.9,296.7,587.4,578.6,787.2,526.0,890.1,64.6,70.6,81.0,216.7,99.4,158.7,170.1,297.4,153.0,195.1,271.0,540.7,184.8,261.2,351.7,553.7,680.7,948.5,751.4,1024,98.3,117.4,112.3,228.7,178.8,241.5,187.5,287.8,210.4,299.0,445.0,798.1,178.5,228.7,389.6,387.0,538.2,503.1,1081,657.5,153.6,186.3,245.1,464.7,238.6,435.0,470.4,1052,259.4,530.8,787.2,1061,353.8,496.6,751.4,826.6,850.9,1071,1168,972.4,646.5,492.4,820.7,997.6,1006,1134,925.8,1464,1033,1285,1193,1653,1145,756.3,1522,1483,1145,1428,1780,1377
202609060711,2026-09-06,07,11R,20:16,2026-09-06T20:06:22.829389+09:00,14.7,18.9,33.8,22.4,14.5,13.7,16.6,12.3,21.0,19.7,47.2,17.4,54.0,31.3,61.6,35.7,35.9,24.8,34.0,41.9,91.9,103.8,163.9,103.0,198.1,351.2,431.0,414.9,212.0,366.7,522.7,239.6,404.7,461.0,620.4,457.8,237.0,477.5,274.3,684.3,69.5,64.7,64.7,66.4,179.4,276.6,265.5,210.0,147.8,204.8,238.7,181.3,194.1,353.1,385.9,342.1,134.6,428.2,291.1,439.6,129.1,148.1,115.8,98.7,225.8,335.2,314.6,205.5,192.9,263.4,202.3,201.7,218.3,362.7,377.1,255.3,145.9,172.4,296.3,243.1,230.5,192.9,244.9,179.4,314.6,495.4,454.6,448.5,287.3,510.6,572.2,572.2,320.7,502.9,632.2,340.4,246.7,562.5,495.4,526.8,81.4,81.1,140.3,134.1,152.6,305.9,278.9,442.5,144.3,404.7,364.7,338.7,203.6,280.1,353.1,379.3,243.1,567.3,464.2,544.1
